h,W,task,t,driver,shap,동인
3,4,dn,2019-09,①,0.03846835896388447,① 임차수요 압력
3,4,dn,2019-09,②,-0.12114664527955425,② 주택공급·재고 여건
3,4,dn,2019-09,③,-0.01497654669659854,③ 금융여건·상대가격
3,4,dn,2019-09,④,-0.13265673758681207,④ 임대시장 수급·전환 구조
3,4,dn,2019-09,⑤,-0.06370683085611638,⑤ 시장과열·단기 트리거
3,4,dn,2019-09,⑥,-0.05624239833665194,⑥ 거시경기·금융시장 여건
3,4,dn,2019-09,모,0.004706645786177879,타깃 모멘텀(past1·3·6)
3,4,dn,2019-09,지,-0.0016563910214314206,지역 더미
3,4,dn,2019-10,①,0.008011363419320653,① 임차수요 압력
3,4,dn,2019-10,②,-0.14765146849755229,② 주택공급·재고 여건
3,4,dn,2019-10,③,-0.026368516454269655,③ 금융여건·상대가격
3,4,dn,2019-10,④,-0.18465595248648348,④ 임대시장 수급·전환 구조
3,4,dn,2019-10,⑤,-0.18684876655392788,⑤ 시장과열·단기 트리거
3,4,dn,2019-10,⑥,-0.02207534766136521,⑥ 거시경기·금융시장 여건
3,4,dn,2019-10,모,-0.22002553330807417,타깃 모멘텀(past1·3·6)
3,4,dn,2019-10,지,-0.0006374110271155216,지역 더미
3,4,dn,2019-11,①,-0.020124725709833643,① 임차수요 압력
3,4,dn,2019-11,②,-0.19515333689764894,② 주택공급·재고 여건
3,4,dn,2019-11,③,-0.03501547019470859,③ 금융여건·상대가격
3,4,dn,2019-11,④,-0.2631277499775238,④ 임대시장 수급·전환 구조
3,4,dn,2019-11,⑤,-0.23691082154126727,⑤ 시장과열·단기 트리거
3,4,dn,2019-11,⑥,-0.020496479833995863,⑥ 거시경기·금융시장 여건
3,4,dn,2019-11,모,-0.2772409202275323,타깃 모멘텀(past1·3·6)
3,4,dn,2019-11,지,-0.0022321198793018564,지역 더미
3,4,dn,2019-12,①,-0.022949001297918187,① 임차수요 압력
3,4,dn,2019-12,②,-0.17778710363542333,② 주택공급·재고 여건
3,4,dn,2019-12,③,-0.03730082394312598,③ 금융여건·상대가격
3,4,dn,2019-12,④,-0.2246669462388929,④ 임대시장 수급·전환 구조
3,4,dn,2019-12,⑤,-0.260653206749874,⑤ 시장과열·단기 트리거
3,4,dn,2019-12,⑥,-0.03564046037792148,⑥ 거시경기·금융시장 여건
3,4,dn,2019-12,모,-0.37848565990433974,타깃 모멘텀(past1·3·6)
3,4,dn,2019-12,지,-0.0032583832044708687,지역 더미
3,4,dn,2020-01,①,-0.03509529118285272,① 임차수요 압력
3,4,dn,2020-01,②,-0.16666323763607932,② 주택공급·재고 여건
3,4,dn,2020-01,③,-0.03776813691438904,③ 금융여건·상대가격
3,4,dn,2020-01,④,-0.17860160789945545,④ 임대시장 수급·전환 구조
3,4,dn,2020-01,⑤,-0.333107990815359,⑤ 시장과열·단기 트리거
3,4,dn,2020-01,⑥,-0.028003541433475745,⑥ 거시경기·금융시장 여건
3,4,dn,2020-01,모,-0.4926468172274968,타깃 모멘텀(past1·3·6)
3,4,dn,2020-01,지,-0.0026060411332748754,지역 더미
3,4,dn,2020-02,①,-0.023157214076735644,① 임차수요 압력
3,4,dn,2020-02,②,-0.1765001340135306,② 주택공급·재고 여건
3,4,dn,2020-02,③,-0.011013093974809124,③ 금융여건·상대가격
3,4,dn,2020-02,④,-0.21665941136341324,④ 임대시장 수급·전환 구조
3,4,dn,2020-02,⑤,-0.25273381904972825,⑤ 시장과열·단기 트리거
3,4,dn,2020-02,⑥,-0.04672733241612117,⑥ 거시경기·금융시장 여건
3,4,dn,2020-02,모,-0.48308829181626733,타깃 모멘텀(past1·3·6)
3,4,dn,2020-02,지,-0.0018775499487057278,지역 더미
3,4,dn,2020-03,①,-0.03320747236682087,① 임차수요 압력
3,4,dn,2020-03,②,-0.19528381684560234,② 주택공급·재고 여건
3,4,dn,2020-03,③,0.04542530605377739,③ 금융여건·상대가격
3,4,dn,2020-03,④,-0.1577350318787948,④ 임대시장 수급·전환 구조
3,4,dn,2020-03,⑤,-0.28220195038353696,⑤ 시장과열·단기 트리거
3,4,dn,2020-03,⑥,-0.040514315063411965,⑥ 거시경기·금융시장 여건
3,4,dn,2020-03,모,-0.5158157110141188,타깃 모멘텀(past1·3·6)
3,4,dn,2020-03,지,-0.0023808627869534244,지역 더미
3,4,dn,2020-04,①,-0.03161328868204806,① 임차수요 압력
3,4,dn,2020-04,②,-0.20344931739108527,② 주택공급·재고 여건
3,4,dn,2020-04,③,0.04102627087253373,③ 금융여건·상대가격
3,4,dn,2020-04,④,-0.20151255159255335,④ 임대시장 수급·전환 구조
3,4,dn,2020-04,⑤,-0.2284436219248592,⑤ 시장과열·단기 트리거
3,4,dn,2020-04,⑥,-0.05511099047120239,⑥ 거시경기·금융시장 여건
3,4,dn,2020-04,모,-0.5207293227899308,타깃 모멘텀(past1·3·6)
3,4,dn,2020-04,지,-0.0015550950182775828,지역 더미
3,4,dn,2020-05,①,-0.04109959962128216,① 임차수요 압력
3,4,dn,2020-05,②,-0.2071765382312426,② 주택공급·재고 여건
3,4,dn,2020-05,③,0.013532356693636343,③ 금융여건·상대가격
3,4,dn,2020-05,④,-0.21266513052122557,④ 임대시장 수급·전환 구조
3,4,dn,2020-05,⑤,-0.14428181551835118,⑤ 시장과열·단기 트리거
3,4,dn,2020-05,⑥,-0.06185703508437893,⑥ 거시경기·금융시장 여건
3,4,dn,2020-05,모,-0.49358189434689637,타깃 모멘텀(past1·3·6)
3,4,dn,2020-05,지,-0.0038859194602211453,지역 더미
3,4,dn,2020-06,①,-0.04889555333354393,① 임차수요 압력
3,4,dn,2020-06,②,-0.17894682177037252,② 주택공급·재고 여건
3,4,dn,2020-06,③,-0.060436779647838605,③ 금융여건·상대가격
3,4,dn,2020-06,④,-0.10113487188594744,④ 임대시장 수급·전환 구조
3,4,dn,2020-06,⑤,-0.35697439269107933,⑤ 시장과열·단기 트리거
3,4,dn,2020-06,⑥,-0.06424159210225845,⑥ 거시경기·금융시장 여건
3,4,dn,2020-06,모,-0.49858913124612003,타깃 모멘텀(past1·3·6)
3,4,dn,2020-06,지,-0.004834969513517866,지역 더미
3,4,dn,2020-07,①,-0.04133296314090835,① 임차수요 압력
3,4,dn,2020-07,②,-0.18092846427652828,② 주택공급·재고 여건
3,4,dn,2020-07,③,-0.06498825169626248,③ 금융여건·상대가격
3,4,dn,2020-07,④,-0.1096468648791094,④ 임대시장 수급·전환 구조
3,4,dn,2020-07,⑤,-0.2992579998338924,⑤ 시장과열·단기 트리거
3,4,dn,2020-07,⑥,-0.07804814815875227,⑥ 거시경기·금융시장 여건
3,4,dn,2020-07,모,-0.49710529093064515,타깃 모멘텀(past1·3·6)
3,4,dn,2020-07,지,-0.0023208955660539723,지역 더미
3,4,dn,2020-08,①,-0.04604963241771114,① 임차수요 압력
3,4,dn,2020-08,②,-0.19525589231409507,② 주택공급·재고 여건
3,4,dn,2020-08,③,-0.052136292007552196,③ 금융여건·상대가격
3,4,dn,2020-08,④,-0.20442998201093254,④ 임대시장 수급·전환 구조
3,4,dn,2020-08,⑤,-0.3497624506845194,⑤ 시장과열·단기 트리거
3,4,dn,2020-08,⑥,-0.03265122310848426,⑥ 거시경기·금융시장 여건
3,4,dn,2020-08,모,-0.5652663005041141,타깃 모멘텀(past1·3·6)
3,4,dn,2020-08,지,-0.0019121719234233084,지역 더미
3,4,dn,2020-09,①,-0.06551837820966705,① 임차수요 압력
3,4,dn,2020-09,②,-0.20364897225263426,② 주택공급·재고 여건
3,4,dn,2020-09,③,-0.06846710525261347,③ 금융여건·상대가격
3,4,dn,2020-09,④,-0.2892874738694552,④ 임대시장 수급·전환 구조
3,4,dn,2020-09,⑤,-0.32092101652832594,⑤ 시장과열·단기 트리거
3,4,dn,2020-09,⑥,-0.033905748826792946,⑥ 거시경기·금융시장 여건
3,4,dn,2020-09,모,-0.5265250690053126,타깃 모멘텀(past1·3·6)
3,4,dn,2020-09,지,-0.001694869243613989,지역 더미
3,4,dn,2020-10,①,-0.07699978490704436,① 임차수요 압력
3,4,dn,2020-10,②,-0.17916400378429087,② 주택공급·재고 여건
3,4,dn,2020-10,③,-0.07673622044038121,③ 금융여건·상대가격
3,4,dn,2020-10,④,-0.23718167948262656,④ 임대시장 수급·전환 구조
3,4,dn,2020-10,⑤,-0.36455879470004754,⑤ 시장과열·단기 트리거
3,4,dn,2020-10,⑥,-0.028829701299088,⑥ 거시경기·금융시장 여건
3,4,dn,2020-10,모,-0.5449324848093823,타깃 모멘텀(past1·3·6)
3,4,dn,2020-10,지,-0.0029118317775557196,지역 더미
3,4,dn,2020-11,①,-0.08713959827588699,① 임차수요 압력
3,4,dn,2020-11,②,-0.18356558692273722,② 주택공급·재고 여건
3,4,dn,2020-11,③,-0.07000679035275831,③ 금융여건·상대가격
3,4,dn,2020-11,④,-0.23225579953149839,④ 임대시장 수급·전환 구조
3,4,dn,2020-11,⑤,-0.34844918680541653,⑤ 시장과열·단기 트리거
3,4,dn,2020-11,⑥,-0.025649307817178547,⑥ 거시경기·금융시장 여건
3,4,dn,2020-11,모,-0.5954759394859567,타깃 모멘텀(past1·3·6)
3,4,dn,2020-11,지,-0.002906124033420556,지역 더미
3,4,dn,2020-12,①,-0.06178993799042802,① 임차수요 압력
3,4,dn,2020-12,②,-0.13942325959655166,② 주택공급·재고 여건
3,4,dn,2020-12,③,-0.09041270308838296,③ 금융여건·상대가격
3,4,dn,2020-12,④,-0.22864062354132972,④ 임대시장 수급·전환 구조
3,4,dn,2020-12,⑤,-0.283602992839673,⑤ 시장과열·단기 트리거
3,4,dn,2020-12,⑥,-0.03275905227566736,⑥ 거시경기·금융시장 여건
3,4,dn,2020-12,모,-0.573398813240084,타깃 모멘텀(past1·3·6)
3,4,dn,2020-12,지,-0.003114862013028155,지역 더미
3,4,dn,2021-01,①,-0.07669423294582349,① 임차수요 압력
3,4,dn,2021-01,②,-0.1651467746201934,② 주택공급·재고 여건
3,4,dn,2021-01,③,-0.0840126458621983,③ 금융여건·상대가격
3,4,dn,2021-01,④,-0.2436605229809442,④ 임대시장 수급·전환 구조
3,4,dn,2021-01,⑤,-0.29120271433802214,⑤ 시장과열·단기 트리거
3,4,dn,2021-01,⑥,-0.008998667680114777,⑥ 거시경기·금융시장 여건
3,4,dn,2021-01,모,-0.5744711490822774,타깃 모멘텀(past1·3·6)
3,4,dn,2021-01,지,-0.00289436210604275,지역 더미
3,4,dn,2021-02,①,-0.06125604964014018,① 임차수요 압력
3,4,dn,2021-02,②,-0.1786089193842867,② 주택공급·재고 여건
3,4,dn,2021-02,③,-0.06478092479695637,③ 금융여건·상대가격
3,4,dn,2021-02,④,-0.2553797517903149,④ 임대시장 수급·전환 구조
3,4,dn,2021-02,⑤,-0.31155459473238273,⑤ 시장과열·단기 트리거
3,4,dn,2021-02,⑥,0.0011585081276395336,⑥ 거시경기·금융시장 여건
3,4,dn,2021-02,모,-0.5759558278848144,타깃 모멘텀(past1·3·6)
3,4,dn,2021-02,지,-0.0015562183491943668,지역 더미
3,4,dn,2021-03,①,-0.062093918115886694,① 임차수요 압력
3,4,dn,2021-03,②,-0.18981915286609105,② 주택공급·재고 여건
3,4,dn,2021-03,③,-0.06458688428245891,③ 금융여건·상대가격
3,4,dn,2021-03,④,-0.2616907881353708,④ 임대시장 수급·전환 구조
3,4,dn,2021-03,⑤,-0.3023015948779443,⑤ 시장과열·단기 트리거
3,4,dn,2021-03,⑥,0.017895718620314655,⑥ 거시경기·금융시장 여건
3,4,dn,2021-03,모,-0.6154479152139496,타깃 모멘텀(past1·3·6)
3,4,dn,2021-03,지,-0.004038639972469798,지역 더미
3,4,dn,2021-04,①,-0.07080947009243947,① 임차수요 압력
3,4,dn,2021-04,②,-0.17308120604823618,② 주택공급·재고 여건
3,4,dn,2021-04,③,-0.07775898677191283,③ 금융여건·상대가격
3,4,dn,2021-04,④,-0.0854746727820705,④ 임대시장 수급·전환 구조
3,4,dn,2021-04,⑤,-0.2739885418730624,⑤ 시장과열·단기 트리거
3,4,dn,2021-04,⑥,0.026075992233865804,⑥ 거시경기·금융시장 여건
3,4,dn,2021-04,모,-0.6958611699588159,타깃 모멘텀(past1·3·6)
3,4,dn,2021-04,지,-0.0028933115870688614,지역 더미
3,4,dn,2021-05,①,-0.04081322945959616,① 임차수요 압력
3,4,dn,2021-05,②,-0.18630157812975912,② 주택공급·재고 여건
3,4,dn,2021-05,③,-0.07679758480546542,③ 금융여건·상대가격
3,4,dn,2021-05,④,0.04521891561008113,④ 임대시장 수급·전환 구조
3,4,dn,2021-05,⑤,-0.3710373372716062,⑤ 시장과열·단기 트리거
3,4,dn,2021-05,⑥,0.04871391281864829,⑥ 거시경기·금융시장 여건
3,4,dn,2021-05,모,-0.7279764479574036,타깃 모멘텀(past1·3·6)
3,4,dn,2021-05,지,-0.0014951217550603886,지역 더미
3,4,dn,2021-06,①,-0.0494936979845354,① 임차수요 압력
3,4,dn,2021-06,②,-0.1790969606582858,② 주택공급·재고 여건
3,4,dn,2021-06,③,-0.05769269420773167,③ 금융여건·상대가격
3,4,dn,2021-06,④,-0.030456219015725178,④ 임대시장 수급·전환 구조
3,4,dn,2021-06,⑤,-0.29028725010507245,⑤ 시장과열·단기 트리거
3,4,dn,2021-06,⑥,0.03428124944359165,⑥ 거시경기·금융시장 여건
3,4,dn,2021-06,모,-0.7673080658138383,타깃 모멘텀(past1·3·6)
3,4,dn,2021-06,지,-0.0018486169176530672,지역 더미
3,4,dn,2021-07,①,-0.036284577164078964,① 임차수요 압력
3,4,dn,2021-07,②,-0.18884108666361882,② 주택공급·재고 여건
3,4,dn,2021-07,③,-0.04694873058582468,③ 금융여건·상대가격
3,4,dn,2021-07,④,-0.14994551715276697,④ 임대시장 수급·전환 구조
3,4,dn,2021-07,⑤,-0.2764088009648463,⑤ 시장과열·단기 트리거
3,4,dn,2021-07,⑥,0.03850334383994004,⑥ 거시경기·금융시장 여건
3,4,dn,2021-07,모,-0.7552077752702376,타깃 모멘텀(past1·3·6)
3,4,dn,2021-07,지,-0.0025383228674582545,지역 더미
3,4,dn,2021-08,①,-0.04731098797070567,① 임차수요 압력
3,4,dn,2021-08,②,-0.15313653070323108,② 주택공급·재고 여건
3,4,dn,2021-08,③,-0.06354043323071204,③ 금융여건·상대가격
3,4,dn,2021-08,④,-0.19993561176199684,④ 임대시장 수급·전환 구조
3,4,dn,2021-08,⑤,-0.37767017983338413,⑤ 시장과열·단기 트리거
3,4,dn,2021-08,⑥,0.02866686739046464,⑥ 거시경기·금융시장 여건
3,4,dn,2021-08,모,-0.7456048262469909,타깃 모멘텀(past1·3·6)
3,4,dn,2021-08,지,-0.0018326890232705328,지역 더미
3,4,dn,2021-09,①,-0.04945598540733717,① 임차수요 압력
3,4,dn,2021-09,②,-0.17107649845611148,② 주택공급·재고 여건
3,4,dn,2021-09,③,-0.07114344486328891,③ 금융여건·상대가격
3,4,dn,2021-09,④,-0.12902026882340364,④ 임대시장 수급·전환 구조
3,4,dn,2021-09,⑤,-0.412501520532019,⑤ 시장과열·단기 트리거
3,4,dn,2021-09,⑥,0.0400941352048105,⑥ 거시경기·금융시장 여건
3,4,dn,2021-09,모,-0.6649135793102723,타깃 모멘텀(past1·3·6)
3,4,dn,2021-09,지,-0.0025694421170260047,지역 더미
3,4,dn,2021-10,①,-0.05235129813057128,① 임차수요 압력
3,4,dn,2021-10,②,-0.17371262043338864,② 주택공급·재고 여건
3,4,dn,2021-10,③,-0.06289789783514003,③ 금융여건·상대가격
3,4,dn,2021-10,④,-0.12363164383671521,④ 임대시장 수급·전환 구조
3,4,dn,2021-10,⑤,-0.4569246917963028,⑤ 시장과열·단기 트리거
3,4,dn,2021-10,⑥,0.040098730507369965,⑥ 거시경기·금융시장 여건
3,4,dn,2021-10,모,-0.7386867981038842,타깃 모멘텀(past1·3·6)
3,4,dn,2021-10,지,-0.0015770786967141406,지역 더미
3,4,dn,2021-11,①,-0.05665273458047324,① 임차수요 압력
3,4,dn,2021-11,②,-0.1862155223781822,② 주택공급·재고 여건
3,4,dn,2021-11,③,-0.05160687751128894,③ 금융여건·상대가격
3,4,dn,2021-11,④,-0.06598526005194906,④ 임대시장 수급·전환 구조
3,4,dn,2021-11,⑤,-0.5137000723796732,⑤ 시장과열·단기 트리거
3,4,dn,2021-11,⑥,0.03445232101943664,⑥ 거시경기·금융시장 여건
3,4,dn,2021-11,모,-0.7153845094144344,타깃 모멘텀(past1·3·6)
3,4,dn,2021-11,지,-0.0002745594120355626,지역 더미
3,4,dn,2021-12,①,-0.04818376353667939,① 임차수요 압력
3,4,dn,2021-12,②,-0.22154361399344535,② 주택공급·재고 여건
3,4,dn,2021-12,③,-0.04105822290117782,③ 금융여건·상대가격
3,4,dn,2021-12,④,0.01505909110282493,④ 임대시장 수급·전환 구조
3,4,dn,2021-12,⑤,-0.41855694550801725,⑤ 시장과열·단기 트리거
3,4,dn,2021-12,⑥,0.02166252223062603,⑥ 거시경기·금융시장 여건
3,4,dn,2021-12,모,-0.749533395191618,타깃 모멘텀(past1·3·6)
3,4,dn,2021-12,지,-0.0001471948303978336,지역 더미
3,4,dn,2022-01,①,-0.05679123041400013,① 임차수요 압력
3,4,dn,2022-01,②,-0.22832132168427235,② 주택공급·재고 여건
3,4,dn,2022-01,③,-0.04542024060692482,③ 금융여건·상대가격
3,4,dn,2022-01,④,-0.010858752394971602,④ 임대시장 수급·전환 구조
3,4,dn,2022-01,⑤,-0.21821801452075734,⑤ 시장과열·단기 트리거
3,4,dn,2022-01,⑥,0.023474366192356155,⑥ 거시경기·금융시장 여건
3,4,dn,2022-01,모,-0.6163173753256891,타깃 모멘텀(past1·3·6)
3,4,dn,2022-01,지,-0.0003725672624102926,지역 더미
3,4,dn,2022-02,①,-0.028220789552032322,① 임차수요 압력
3,4,dn,2022-02,②,-0.17809184854302337,② 주택공급·재고 여건
3,4,dn,2022-02,③,0.028097263484520196,③ 금융여건·상대가격
3,4,dn,2022-02,④,-0.08163144477807424,④ 임대시장 수급·전환 구조
3,4,dn,2022-02,⑤,-0.18568754765917272,⑤ 시장과열·단기 트리거
3,4,dn,2022-02,⑥,0.05677230482103463,⑥ 거시경기·금융시장 여건
3,4,dn,2022-02,모,-0.5599522177203029,타깃 모멘텀(past1·3·6)
3,4,dn,2022-02,지,-0.000536168135934635,지역 더미
3,4,dn,2022-03,①,-0.03348922508009592,① 임차수요 압력
3,4,dn,2022-03,②,-0.1732403590977818,② 주택공급·재고 여건
3,4,dn,2022-03,③,0.03166441515698528,③ 금융여건·상대가격
3,4,dn,2022-03,④,-0.04448664443813922,④ 임대시장 수급·전환 구조
3,4,dn,2022-03,⑤,-0.38952876534312963,⑤ 시장과열·단기 트리거
3,4,dn,2022-03,⑥,0.023716012979920837,⑥ 거시경기·금융시장 여건
3,4,dn,2022-03,모,-0.48503725440697926,타깃 모멘텀(past1·3·6)
3,4,dn,2022-03,지,-0.0003557255705915211,지역 더미
3,4,dn,2022-04,①,-0.02930896619272207,① 임차수요 압력
3,4,dn,2022-04,②,-0.10797634521233183,② 주택공급·재고 여건
3,4,dn,2022-04,③,0.042138947619070465,③ 금융여건·상대가격
3,4,dn,2022-04,④,-0.09375976112342495,④ 임대시장 수급·전환 구조
3,4,dn,2022-04,⑤,-0.5470030360362109,⑤ 시장과열·단기 트리거
3,4,dn,2022-04,⑥,-0.0234702322294944,⑥ 거시경기·금융시장 여건
3,4,dn,2022-04,모,-0.5498351817037544,타깃 모멘텀(past1·3·6)
3,4,dn,2022-04,지,-0.00019978849011051202,지역 더미
3,4,dn,2022-05,①,-0.07385831596251546,① 임차수요 압력
3,4,dn,2022-05,②,-0.12894473880717233,② 주택공급·재고 여건
3,4,dn,2022-05,③,0.047124479836666906,③ 금융여건·상대가격
3,4,dn,2022-05,④,-0.1276199433418429,④ 임대시장 수급·전환 구조
3,4,dn,2022-05,⑤,-0.5441583699601538,⑤ 시장과열·단기 트리거
3,4,dn,2022-05,⑥,0.014039924908724374,⑥ 거시경기·금융시장 여건
3,4,dn,2022-05,모,-0.49581484029106065,타깃 모멘텀(past1·3·6)
3,4,dn,2022-05,지,-0.0005578818363637042,지역 더미
3,4,dn,2022-06,①,-0.06524122732167109,① 임차수요 압력
3,4,dn,2022-06,②,-0.1387959538583307,② 주택공급·재고 여건
3,4,dn,2022-06,③,0.018951069592975645,③ 금융여건·상대가격
3,4,dn,2022-06,④,-0.1904932751922923,④ 임대시장 수급·전환 구조
3,4,dn,2022-06,⑤,-0.31399990985279574,⑤ 시장과열·단기 트리거
3,4,dn,2022-06,⑥,0.02650864044524628,⑥ 거시경기·금융시장 여건
3,4,dn,2022-06,모,-0.46846508660225894,타깃 모멘텀(past1·3·6)
3,4,dn,2022-06,지,-5.986566645670102e-05,지역 더미
3,4,dn,2022-07,①,-0.09489987138560933,① 임차수요 압력
3,4,dn,2022-07,②,-0.13192606560823297,② 주택공급·재고 여건
3,4,dn,2022-07,③,0.02464980589511546,③ 금융여건·상대가격
3,4,dn,2022-07,④,-0.1766966734738911,④ 임대시장 수급·전환 구조
3,4,dn,2022-07,⑤,-0.2554515545420787,⑤ 시장과열·단기 트리거
3,4,dn,2022-07,⑥,0.016015119245907976,⑥ 거시경기·금융시장 여건
3,4,dn,2022-07,모,-0.44633864268076184,타깃 모멘텀(past1·3·6)
3,4,dn,2022-07,지,0.0,지역 더미
3,4,dn,2022-08,①,-0.09792365259764825,① 임차수요 압력
3,4,dn,2022-08,②,-0.13720370163874968,② 주택공급·재고 여건
3,4,dn,2022-08,③,0.03689194731257793,③ 금융여건·상대가격
3,4,dn,2022-08,④,-0.10100361550062456,④ 임대시장 수급·전환 구조
3,4,dn,2022-08,⑤,-0.08742296487531241,⑤ 시장과열·단기 트리거
3,4,dn,2022-08,⑥,0.0008724758199234893,⑥ 거시경기·금융시장 여건
3,4,dn,2022-08,모,-0.4676584180663614,타깃 모멘텀(past1·3·6)
3,4,dn,2022-08,지,0.0,지역 더미
3,4,dn,2022-09,①,-0.08055053810107701,① 임차수요 압력
3,4,dn,2022-09,②,-0.13438358099176353,② 주택공급·재고 여건
3,4,dn,2022-09,③,0.03798546886439396,③ 금융여건·상대가격
3,4,dn,2022-09,④,-0.06535827678368043,④ 임대시장 수급·전환 구조
3,4,dn,2022-09,⑤,0.07227380113566623,⑤ 시장과열·단기 트리거
3,4,dn,2022-09,⑥,-0.0029433484208175906,⑥ 거시경기·금융시장 여건
3,4,dn,2022-09,모,-0.38389801769060833,타깃 모멘텀(past1·3·6)
3,4,dn,2022-09,지,-6.754530990934548e-05,지역 더미
3,4,dn,2022-10,①,-0.07765753205646486,① 임차수요 압력
3,4,dn,2022-10,②,-0.10637485716851945,② 주택공급·재고 여건
3,4,dn,2022-10,③,0.001278476690787415,③ 금융여건·상대가격
3,4,dn,2022-10,④,-0.06995749616009347,④ 임대시장 수급·전환 구조
3,4,dn,2022-10,⑤,0.1670624409966609,⑤ 시장과열·단기 트리거
3,4,dn,2022-10,⑥,-0.04721630167013784,⑥ 거시경기·금융시장 여건
3,4,dn,2022-10,모,-0.3099491388774386,타깃 모멘텀(past1·3·6)
3,4,dn,2022-10,지,-0.0006602879897224037,지역 더미
3,4,dn,2022-11,①,-0.08499992400126047,① 임차수요 압력
3,4,dn,2022-11,②,-0.12120036515524658,② 주택공급·재고 여건
3,4,dn,2022-11,③,0.02754498488258007,③ 금융여건·상대가격
3,4,dn,2022-11,④,-0.005547419977922212,④ 임대시장 수급·전환 구조
3,4,dn,2022-11,⑤,0.5860036824117688,⑤ 시장과열·단기 트리거
3,4,dn,2022-11,⑥,-0.015220835162284552,⑥ 거시경기·금융시장 여건
3,4,dn,2022-11,모,-0.19317964113810482,타깃 모멘텀(past1·3·6)
3,4,dn,2022-11,지,-0.00029579715345660705,지역 더미
3,4,dn,2022-12,①,-0.02606418153404125,① 임차수요 압력
3,4,dn,2022-12,②,-0.08443498088657356,② 주택공급·재고 여건
3,4,dn,2022-12,③,0.05271554979918321,③ 금융여건·상대가격
3,4,dn,2022-12,④,-0.016101977424970007,④ 임대시장 수급·전환 구조
3,4,dn,2022-12,⑤,0.5385463086559492,⑤ 시장과열·단기 트리거
3,4,dn,2022-12,⑥,-0.04778444785329754,⑥ 거시경기·금융시장 여건
3,4,dn,2022-12,모,-0.17537440155066697,타깃 모멘텀(past1·3·6)
3,4,dn,2022-12,지,0.0,지역 더미
3,4,dn,2023-01,①,-0.00798064938495953,① 임차수요 압력
3,4,dn,2023-01,②,-0.047820545576450206,② 주택공급·재고 여건
3,4,dn,2023-01,③,0.06739102276589941,③ 금융여건·상대가격
3,4,dn,2023-01,④,0.071671203162302,④ 임대시장 수급·전환 구조
3,4,dn,2023-01,⑤,0.8720473825164577,⑤ 시장과열·단기 트리거
3,4,dn,2023-01,⑥,-0.04188375330922021,⑥ 거시경기·금융시장 여건
3,4,dn,2023-01,모,-0.02125219723173216,타깃 모멘텀(past1·3·6)
3,4,dn,2023-01,지,0.0,지역 더미
3,4,dn,2023-02,①,-0.03304898023151425,① 임차수요 압력
3,4,dn,2023-02,②,-0.21760853874387548,② 주택공급·재고 여건
3,4,dn,2023-02,③,0.041993270225102915,③ 금융여건·상대가격
3,4,dn,2023-02,④,0.008652841316207367,④ 임대시장 수급·전환 구조
3,4,dn,2023-02,⑤,0.31090322451885133,⑤ 시장과열·단기 트리거
3,4,dn,2023-02,⑥,-0.03454077474107098,⑥ 거시경기·금융시장 여건
3,4,dn,2023-02,모,-0.0259347082133971,타깃 모멘텀(past1·3·6)
3,4,dn,2023-02,지,0.0,지역 더미
3,4,dn,2023-03,①,-0.031365346159598156,① 임차수요 압력
3,4,dn,2023-03,②,-0.1111759757349158,② 주택공급·재고 여건
3,4,dn,2023-03,③,0.01791443840498809,③ 금융여건·상대가격
3,4,dn,2023-03,④,-0.0967764157719691,④ 임대시장 수급·전환 구조
3,4,dn,2023-03,⑤,-0.47104810198823754,⑤ 시장과열·단기 트리거
3,4,dn,2023-03,⑥,-0.006817390744013889,⑥ 거시경기·금융시장 여건
3,4,dn,2023-03,모,0.013928093344849698,타깃 모멘텀(past1·3·6)
3,4,dn,2023-03,지,0.0,지역 더미
3,4,dn,2023-04,①,-0.05264752968644895,① 임차수요 압력
3,4,dn,2023-04,②,-0.10751085785538458,② 주택공급·재고 여건
3,4,dn,2023-04,③,-0.008204890825950047,③ 금융여건·상대가격
3,4,dn,2023-04,④,-0.20079422798281646,④ 임대시장 수급·전환 구조
3,4,dn,2023-04,⑤,-0.45516411445158367,⑤ 시장과열·단기 트리거
3,4,dn,2023-04,⑥,-0.04926136965975081,⑥ 거시경기·금융시장 여건
3,4,dn,2023-04,모,0.00847515478438022,타깃 모멘텀(past1·3·6)
3,4,dn,2023-04,지,-7.949035315029968e-05,지역 더미
3,4,dn,2023-05,①,-0.049017948759797994,① 임차수요 압력
3,4,dn,2023-05,②,-0.14946394868414192,② 주택공급·재고 여건
3,4,dn,2023-05,③,-0.012910893726937411,③ 금융여건·상대가격
3,4,dn,2023-05,④,-0.2328297426814542,④ 임대시장 수급·전환 구조
3,4,dn,2023-05,⑤,-0.5094058747704634,⑤ 시장과열·단기 트리거
3,4,dn,2023-05,⑥,0.0013612856123411008,⑥ 거시경기·금융시장 여건
3,4,dn,2023-05,모,-0.04626947458760411,타깃 모멘텀(past1·3·6)
3,4,dn,2023-05,지,0.0,지역 더미
3,4,dn,2023-06,①,-0.04318163722377865,① 임차수요 압력
3,4,dn,2023-06,②,-0.1608693370157305,② 주택공급·재고 여건
3,4,dn,2023-06,③,-0.05730288492969605,③ 금융여건·상대가격
3,4,dn,2023-06,④,-0.2019301140030353,④ 임대시장 수급·전환 구조
3,4,dn,2023-06,⑤,-0.618874803185463,⑤ 시장과열·단기 트리거
3,4,dn,2023-06,⑥,0.017389831270146018,⑥ 거시경기·금융시장 여건
3,4,dn,2023-06,모,-0.0737422898265661,타깃 모멘텀(past1·3·6)
3,4,dn,2023-06,지,0.0,지역 더미
3,4,dn,2023-07,①,-0.04464287344491532,① 임차수요 압력
3,4,dn,2023-07,②,-0.11777473856233248,② 주택공급·재고 여건
3,4,dn,2023-07,③,-0.10775864663917352,③ 금융여건·상대가격
3,4,dn,2023-07,④,-0.05764112770146526,④ 임대시장 수급·전환 구조
3,4,dn,2023-07,⑤,-0.7423641428433578,⑤ 시장과열·단기 트리거
3,4,dn,2023-07,⑥,0.005927176103080155,⑥ 거시경기·금융시장 여건
3,4,dn,2023-07,모,-0.1775639818287363,타깃 모멘텀(past1·3·6)
3,4,dn,2023-07,지,0.0,지역 더미
3,4,dn,2023-08,①,-0.04990499542572168,① 임차수요 압력
3,4,dn,2023-08,②,-0.12426324643805123,② 주택공급·재고 여건
3,4,dn,2023-08,③,-0.12049993752803215,③ 금융여건·상대가격
3,4,dn,2023-08,④,-0.04235921101302237,④ 임대시장 수급·전환 구조
3,4,dn,2023-08,⑤,-0.7267574512618867,⑤ 시장과열·단기 트리거
3,4,dn,2023-08,⑥,-0.009060382360499773,⑥ 거시경기·금융시장 여건
3,4,dn,2023-08,모,-0.20371854813842505,타깃 모멘텀(past1·3·6)
3,4,dn,2023-08,지,-0.0003501726475553942,지역 더미
3,4,dn,2023-09,①,-0.046056284140717205,① 임차수요 압력
3,4,dn,2023-09,②,-0.0840381571334325,② 주택공급·재고 여건
3,4,dn,2023-09,③,-0.13002803066340393,③ 금융여건·상대가격
3,4,dn,2023-09,④,-0.033115465988350266,④ 임대시장 수급·전환 구조
3,4,dn,2023-09,⑤,-0.7224278859520221,⑤ 시장과열·단기 트리거
3,4,dn,2023-09,⑥,-0.013997778846414516,⑥ 거시경기·금융시장 여건
3,4,dn,2023-09,모,-0.2488667972422406,타깃 모멘텀(past1·3·6)
3,4,dn,2023-09,지,0.0,지역 더미
3,4,dn,2023-10,①,-0.05773760494971726,① 임차수요 압력
3,4,dn,2023-10,②,-0.0987525798317765,② 주택공급·재고 여건
3,4,dn,2023-10,③,-0.14997241068083575,③ 금융여건·상대가격
3,4,dn,2023-10,④,-0.04351231417454341,④ 임대시장 수급·전환 구조
3,4,dn,2023-10,⑤,-0.717567297109567,⑤ 시장과열·단기 트리거
3,4,dn,2023-10,⑥,-0.02649274960368855,⑥ 거시경기·금융시장 여건
3,4,dn,2023-10,모,-0.18200191103068053,타깃 모멘텀(past1·3·6)
3,4,dn,2023-10,지,3.103725612163544e-05,지역 더미
3,4,dn,2023-11,①,-0.049342331844342856,① 임차수요 압력
3,4,dn,2023-11,②,-0.08460885422703411,② 주택공급·재고 여건
3,4,dn,2023-11,③,-0.136158951038706,③ 금융여건·상대가격
3,4,dn,2023-11,④,-0.039105916532742625,④ 임대시장 수급·전환 구조
3,4,dn,2023-11,⑤,-0.6896451278315747,⑤ 시장과열·단기 트리거
3,4,dn,2023-11,⑥,-0.02860006994390818,⑥ 거시경기·금융시장 여건
3,4,dn,2023-11,모,-0.16664724168824216,타깃 모멘텀(past1·3·6)
3,4,dn,2023-11,지,-0.0003663856845516647,지역 더미
3,4,dn,2023-12,①,-0.08229906562942729,① 임차수요 압력
3,4,dn,2023-12,②,-0.07414215070610287,② 주택공급·재고 여건
3,4,dn,2023-12,③,-0.1419518403748066,③ 금융여건·상대가격
3,4,dn,2023-12,④,-0.012420562236323296,④ 임대시장 수급·전환 구조
3,4,dn,2023-12,⑤,-0.568282532848089,⑤ 시장과열·단기 트리거
3,4,dn,2023-12,⑥,-0.029273631513683437,⑥ 거시경기·금융시장 여건
3,4,dn,2023-12,모,-0.19639187939830272,타깃 모멘텀(past1·3·6)
3,4,dn,2023-12,지,0.0,지역 더미
3,4,dn,2024-01,①,-0.08382478512886192,① 임차수요 압력
3,4,dn,2024-01,②,-0.12005099020272243,② 주택공급·재고 여건
3,4,dn,2024-01,③,-0.15073314836413107,③ 금융여건·상대가격
3,4,dn,2024-01,④,-0.05075784936300753,④ 임대시장 수급·전환 구조
3,4,dn,2024-01,⑤,-0.485539454199812,⑤ 시장과열·단기 트리거
3,4,dn,2024-01,⑥,-0.02894243346400795,⑥ 거시경기·금융시장 여건
3,4,dn,2024-01,모,-0.18824585487006926,타깃 모멘텀(past1·3·6)
3,4,dn,2024-01,지,-0.00027151739347249166,지역 더미
3,4,dn,2024-02,①,-0.07589070652337636,① 임차수요 압력
3,4,dn,2024-02,②,-0.0914119869752341,② 주택공급·재고 여건
3,4,dn,2024-02,③,-0.16295831018135326,③ 금융여건·상대가격
3,4,dn,2024-02,④,-0.04210373562048463,④ 임대시장 수급·전환 구조
3,4,dn,2024-02,⑤,-0.4936905450954595,⑤ 시장과열·단기 트리거
3,4,dn,2024-02,⑥,-0.03268369672529197,⑥ 거시경기·금융시장 여건
3,4,dn,2024-02,모,-0.18494813304905797,타깃 모멘텀(past1·3·6)
3,4,dn,2024-02,지,0.0,지역 더미
3,4,dn,2024-03,①,-0.07286643880975097,① 임차수요 압력
3,4,dn,2024-03,②,-0.11680794694899198,② 주택공급·재고 여건
3,4,dn,2024-03,③,-0.1788160916938282,③ 금융여건·상대가격
3,4,dn,2024-03,④,-0.05050982555429287,④ 임대시장 수급·전환 구조
3,4,dn,2024-03,⑤,-0.5758467504535528,⑤ 시장과열·단기 트리거
3,4,dn,2024-03,⑥,-0.02363577938103433,⑥ 거시경기·금융시장 여건
3,4,dn,2024-03,모,-0.17122191882363574,타깃 모멘텀(past1·3·6)
3,4,dn,2024-03,지,-0.00056290122516015,지역 더미
3,4,dn,2024-04,①,-0.05684074892529419,① 임차수요 압력
3,4,dn,2024-04,②,-0.14111794603346778,② 주택공급·재고 여건
3,4,dn,2024-04,③,-0.1714429235068236,③ 금융여건·상대가격
3,4,dn,2024-04,④,-0.04439228419077528,④ 임대시장 수급·전환 구조
3,4,dn,2024-04,⑤,-0.4501554298981586,⑤ 시장과열·단기 트리거
3,4,dn,2024-04,⑥,-0.020179503690029972,⑥ 거시경기·금융시장 여건
3,4,dn,2024-04,모,-0.20225089722696474,타깃 모멘텀(past1·3·6)
3,4,dn,2024-04,지,-0.00022726258501462045,지역 더미
3,4,dn,2024-05,①,-0.151067846619031,① 임차수요 압력
3,4,dn,2024-05,②,-0.05775150066992941,② 주택공급·재고 여건
3,4,dn,2024-05,③,-0.10940675472766317,③ 금융여건·상대가격
3,4,dn,2024-05,④,-0.01604133307495538,④ 임대시장 수급·전환 구조
3,4,dn,2024-05,⑤,-0.5126777003957507,⑤ 시장과열·단기 트리거
3,4,dn,2024-05,⑥,-0.023754706246487595,⑥ 거시경기·금융시장 여건
3,4,dn,2024-05,모,-0.1685013489286397,타깃 모멘텀(past1·3·6)
3,4,dn,2024-05,지,-0.002434115611970631,지역 더미
3,4,dn,2024-06,①,-0.16311370614258683,① 임차수요 압력
3,4,dn,2024-06,②,-0.0841266774149815,② 주택공급·재고 여건
3,4,dn,2024-06,③,-0.11224461045260972,③ 금융여건·상대가격
3,4,dn,2024-06,④,-0.10408229104188435,④ 임대시장 수급·전환 구조
3,4,dn,2024-06,⑤,-0.6199493025539115,⑤ 시장과열·단기 트리거
3,4,dn,2024-06,⑥,-0.03025300693076643,⑥ 거시경기·금융시장 여건
3,4,dn,2024-06,모,-0.15843581307825505,타깃 모멘텀(past1·3·6)
3,4,dn,2024-06,지,-0.003413992200794414,지역 더미
3,4,dn,2024-07,①,-0.17244419179653295,① 임차수요 압력
3,4,dn,2024-07,②,-0.08729839780438348,② 주택공급·재고 여건
3,4,dn,2024-07,③,-0.10185123257292043,③ 금융여건·상대가격
3,4,dn,2024-07,④,-0.09455525791546439,④ 임대시장 수급·전환 구조
3,4,dn,2024-07,⑤,-0.6228344089296811,⑤ 시장과열·단기 트리거
3,4,dn,2024-07,⑥,-0.029372896889026584,⑥ 거시경기·금융시장 여건
3,4,dn,2024-07,모,-0.12324447313542752,타깃 모멘텀(past1·3·6)
3,4,dn,2024-07,지,-0.0055885419695054835,지역 더미
3,4,dn,2024-08,①,-0.20161835702151812,① 임차수요 압력
3,4,dn,2024-08,②,-0.09523705099200626,② 주택공급·재고 여건
3,4,dn,2024-08,③,-0.100064667057199,③ 금융여건·상대가격
3,4,dn,2024-08,④,-0.0680885867708746,④ 임대시장 수급·전환 구조
3,4,dn,2024-08,⑤,-0.7554055005791324,⑤ 시장과열·단기 트리거
3,4,dn,2024-08,⑥,-0.02031735181955966,⑥ 거시경기·금융시장 여건
3,4,dn,2024-08,모,-0.14448735608682767,타깃 모멘텀(past1·3·6)
3,4,dn,2024-08,지,-0.005415190236842756,지역 더미
3,4,dn,2024-09,①,-0.2116198056620084,① 임차수요 압력
3,4,dn,2024-09,②,-0.13155720732174814,② 주택공급·재고 여건
3,4,dn,2024-09,③,-0.08583908713375758,③ 금융여건·상대가격
3,4,dn,2024-09,④,-0.10320439990883802,④ 임대시장 수급·전환 구조
3,4,dn,2024-09,⑤,-0.6593245181857663,⑤ 시장과열·단기 트리거
3,4,dn,2024-09,⑥,-0.0020848499812244764,⑥ 거시경기·금융시장 여건
3,4,dn,2024-09,모,-0.14824206318121916,타깃 모멘텀(past1·3·6)
3,4,dn,2024-09,지,-0.007160384301418458,지역 더미
3,4,dn,2024-10,①,-0.18489965389506155,① 임차수요 압력
3,4,dn,2024-10,②,-0.15557130005116723,② 주택공급·재고 여건
3,4,dn,2024-10,③,-0.11161719259567277,③ 금융여건·상대가격
3,4,dn,2024-10,④,-0.10852812322349671,④ 임대시장 수급·전환 구조
3,4,dn,2024-10,⑤,-0.7851500837406253,⑤ 시장과열·단기 트리거
3,4,dn,2024-10,⑥,-0.02129220937450345,⑥ 거시경기·금융시장 여건
3,4,dn,2024-10,모,-0.1922249181159571,타깃 모멘텀(past1·3·6)
3,4,dn,2024-10,지,-0.0037875612972104425,지역 더미
3,4,dn,2024-11,①,-0.19489170397248337,① 임차수요 압력
3,4,dn,2024-11,②,-0.14247357070899935,② 주택공급·재고 여건
3,4,dn,2024-11,③,-0.07135041975298849,③ 금융여건·상대가격
3,4,dn,2024-11,④,-0.09988991921658025,④ 임대시장 수급·전환 구조
3,4,dn,2024-11,⑤,-0.6722280237385455,⑤ 시장과열·단기 트리거
3,4,dn,2024-11,⑥,-0.023911878858520166,⑥ 거시경기·금융시장 여건
3,4,dn,2024-11,모,-0.15226972760523066,타깃 모멘텀(past1·3·6)
3,4,dn,2024-11,지,-0.006889624733825869,지역 더미
3,4,dn,2024-12,①,-0.1874277913285529,① 임차수요 압력
3,4,dn,2024-12,②,-0.10979349533205524,② 주택공급·재고 여건
3,4,dn,2024-12,③,-0.023425245901154933,③ 금융여건·상대가격
3,4,dn,2024-12,④,-0.06818100382053457,④ 임대시장 수급·전환 구조
3,4,dn,2024-12,⑤,-0.510358843514148,⑤ 시장과열·단기 트리거
3,4,dn,2024-12,⑥,-0.02030130880315919,⑥ 거시경기·금융시장 여건
3,4,dn,2024-12,모,-0.13349588310309485,타깃 모멘텀(past1·3·6)
3,4,dn,2024-12,지,-0.005718681970965697,지역 더미
3,4,dn,2025-01,①,-0.21614127104491496,① 임차수요 압력
3,4,dn,2025-01,②,-0.12805088610435297,② 주택공급·재고 여건
3,4,dn,2025-01,③,-0.07195880414307618,③ 금융여건·상대가격
3,4,dn,2025-01,④,-0.0786539279985899,④ 임대시장 수급·전환 구조
3,4,dn,2025-01,⑤,-0.3222760036587715,⑤ 시장과열·단기 트리거
3,4,dn,2025-01,⑥,-0.02556159935324828,⑥ 거시경기·금융시장 여건
3,4,dn,2025-01,모,-0.14432110783516192,타깃 모멘텀(past1·3·6)
3,4,dn,2025-01,지,-0.005441967521594341,지역 더미
3,4,dn,2025-02,①,-0.21094002649031518,① 임차수요 압력
3,4,dn,2025-02,②,-0.13073005944396518,② 주택공급·재고 여건
3,4,dn,2025-02,③,-0.11861962548402302,③ 금융여건·상대가격
3,4,dn,2025-02,④,-0.10487408438177012,④ 임대시장 수급·전환 구조
3,4,dn,2025-02,⑤,-0.52930467419655,⑤ 시장과열·단기 트리거
3,4,dn,2025-02,⑥,-0.024468455985146343,⑥ 거시경기·금융시장 여건
3,4,dn,2025-02,모,-0.16378123890243323,타깃 모멘텀(past1·3·6)
3,4,dn,2025-02,지,-0.005014129988462455,지역 더미
3,4,dn,2025-03,①,-0.20516513486807586,① 임차수요 압력
3,4,dn,2025-03,②,-0.1180776826207753,② 주택공급·재고 여건
3,4,dn,2025-03,③,-0.10887491049151085,③ 금융여건·상대가격
3,4,dn,2025-03,④,-0.0877832820337704,④ 임대시장 수급·전환 구조
3,4,dn,2025-03,⑤,-0.5714116254273582,⑤ 시장과열·단기 트리거
3,4,dn,2025-03,⑥,-0.014579560285290847,⑥ 거시경기·금융시장 여건
3,4,dn,2025-03,모,-0.2137110965216861,타깃 모멘텀(past1·3·6)
3,4,dn,2025-03,지,-0.003608643325451749,지역 더미
3,4,dn,2025-04,①,-0.19514958232547305,① 임차수요 압력
3,4,dn,2025-04,②,-0.11563144682930047,② 주택공급·재고 여건
3,4,dn,2025-04,③,-0.11486061429604888,③ 금융여건·상대가격
3,4,dn,2025-04,④,-0.10533075468779049,④ 임대시장 수급·전환 구조
3,4,dn,2025-04,⑤,-0.6026678327471018,⑤ 시장과열·단기 트리거
3,4,dn,2025-04,⑥,-0.02378265431669132,⑥ 거시경기·금융시장 여건
3,4,dn,2025-04,모,-0.18970885368831017,타깃 모멘텀(past1·3·6)
3,4,dn,2025-04,지,-0.0068005931863374365,지역 더미
3,4,dn,2025-05,①,-0.19053275917633242,① 임차수요 압력
3,4,dn,2025-05,②,-0.12529699876904488,② 주택공급·재고 여건
3,4,dn,2025-05,③,-0.1164004228766538,③ 금융여건·상대가격
3,4,dn,2025-05,④,-0.112523989067139,④ 임대시장 수급·전환 구조
3,4,dn,2025-05,⑤,-0.5628005326451624,⑤ 시장과열·단기 트리거
3,4,dn,2025-05,⑥,-0.024096130191167287,⑥ 거시경기·금융시장 여건
3,4,dn,2025-05,모,-0.1803370306962261,타깃 모멘텀(past1·3·6)
3,4,dn,2025-05,지,-0.007480740958863425,지역 더미
3,4,dn,2025-06,①,-0.2031190475417661,① 임차수요 압력
3,4,dn,2025-06,②,-0.13344608075102837,② 주택공급·재고 여건
3,4,dn,2025-06,③,-0.10580266207875293,③ 금융여건·상대가격
3,4,dn,2025-06,④,-0.10597387574928101,④ 임대시장 수급·전환 구조
3,4,dn,2025-06,⑤,-0.5706647018874612,⑤ 시장과열·단기 트리거
3,4,dn,2025-06,⑥,-0.030632062791952047,⑥ 거시경기·금융시장 여건
3,4,dn,2025-06,모,-0.16834774112109752,타깃 모멘텀(past1·3·6)
3,4,dn,2025-06,지,-0.004214228694826674,지역 더미
3,4,dn,2025-07,①,-0.20210080038161338,① 임차수요 압력
3,4,dn,2025-07,②,-0.13106102494820326,② 주택공급·재고 여건
3,4,dn,2025-07,③,-0.10040231707247615,③ 금융여건·상대가격
3,4,dn,2025-07,④,-0.08243482984150485,④ 임대시장 수급·전환 구조
3,4,dn,2025-07,⑤,-0.756387119208846,⑤ 시장과열·단기 트리거
3,4,dn,2025-07,⑥,-0.020059158900179543,⑥ 거시경기·금융시장 여건
3,4,dn,2025-07,모,-0.1727255999987178,타깃 모멘텀(past1·3·6)
3,4,dn,2025-07,지,-0.0061476472491288885,지역 더미
3,4,dn,2025-08,①,-0.16975268067698143,① 임차수요 압력
3,4,dn,2025-08,②,-0.10680722428031829,② 주택공급·재고 여건
3,4,dn,2025-08,③,-0.128207416436048,③ 금융여건·상대가격
3,4,dn,2025-08,④,-0.08858489869710277,④ 임대시장 수급·전환 구조
3,4,dn,2025-08,⑤,-0.641681528841967,⑤ 시장과열·단기 트리거
3,4,dn,2025-08,⑥,-0.03433551843914444,⑥ 거시경기·금융시장 여건
3,4,dn,2025-08,모,-0.17157859719522736,타깃 모멘텀(past1·3·6)
3,4,dn,2025-08,지,-0.007419335594639234,지역 더미
3,4,dn,2025-09,①,-0.22004836353183793,① 임차수요 압력
3,4,dn,2025-09,②,-0.11480398332512304,② 주택공급·재고 여건
3,4,dn,2025-09,③,-0.10477912880797252,③ 금융여건·상대가격
3,4,dn,2025-09,④,-0.12045208483194823,④ 임대시장 수급·전환 구조
3,4,dn,2025-09,⑤,-0.6735988129478168,⑤ 시장과열·단기 트리거
3,4,dn,2025-09,⑥,-0.020056706783677793,⑥ 거시경기·금융시장 여건
3,4,dn,2025-09,모,-0.17248482658874756,타깃 모멘텀(past1·3·6)
3,4,dn,2025-09,지,-0.0036220326987465774,지역 더미
3,4,dn,2025-10,①,-0.19391643980658857,① 임차수요 압력
3,4,dn,2025-10,②,-0.09860484539961614,② 주택공급·재고 여건
3,4,dn,2025-10,③,-0.12473667438627228,③ 금융여건·상대가격
3,4,dn,2025-10,④,-0.09269221440669806,④ 임대시장 수급·전환 구조
3,4,dn,2025-10,⑤,-0.774373115369064,⑤ 시장과열·단기 트리거
3,4,dn,2025-10,⑥,-0.009589435779215658,⑥ 거시경기·금융시장 여건
3,4,dn,2025-10,모,-0.19590449078446803,타깃 모멘텀(past1·3·6)
3,4,dn,2025-10,지,-0.005196593418253334,지역 더미
3,4,dn,2025-11,①,-0.22115813505624524,① 임차수요 압력
3,4,dn,2025-11,②,-0.08911555606339659,② 주택공급·재고 여건
3,4,dn,2025-11,③,-0.12188158296205166,③ 금융여건·상대가격
3,4,dn,2025-11,④,-0.1327245129060055,④ 임대시장 수급·전환 구조
3,4,dn,2025-11,⑤,-0.7202405915047754,⑤ 시장과열·단기 트리거
3,4,dn,2025-11,⑥,-0.01474004405723438,⑥ 거시경기·금융시장 여건
3,4,dn,2025-11,모,-0.16419850743156583,타깃 모멘텀(past1·3·6)
3,4,dn,2025-11,지,-0.0030213131675670716,지역 더미
3,4,dn,2025-12,①,-0.22332036420076834,① 임차수요 압력
3,4,dn,2025-12,②,-0.11049582122848566,② 주택공급·재고 여건
3,4,dn,2025-12,③,-0.12442386601151538,③ 금융여건·상대가격
3,4,dn,2025-12,④,-0.11780112640767851,④ 임대시장 수급·전환 구조
3,4,dn,2025-12,⑤,-0.7103190068292486,⑤ 시장과열·단기 트리거
3,4,dn,2025-12,⑥,0.0035650210046289463,⑥ 거시경기·금융시장 여건
3,4,dn,2025-12,모,-0.14561165944107024,타깃 모멘텀(past1·3·6)
3,4,dn,2025-12,지,-0.005009225298969597,지역 더미
3,4,dn,2026-01,①,-0.23240665260295407,① 임차수요 압력
3,4,dn,2026-01,②,-0.12120891785828256,② 주택공급·재고 여건
3,4,dn,2026-01,③,-0.11111441924248454,③ 금융여건·상대가격
3,4,dn,2026-01,④,-0.12603446561843157,④ 임대시장 수급·전환 구조
3,4,dn,2026-01,⑤,-0.6384760391186265,⑤ 시장과열·단기 트리거
3,4,dn,2026-01,⑥,0.0003634998132369367,⑥ 거시경기·금융시장 여건
3,4,dn,2026-01,모,-0.12699397419597588,타깃 모멘텀(past1·3·6)
3,4,dn,2026-01,지,-0.0035503631180545453,지역 더미
3,4,dn,2026-02,①,-0.179164312310329,① 임차수요 압력
3,4,dn,2026-02,②,-0.09630934974695203,② 주택공급·재고 여건
3,4,dn,2026-02,③,-0.11502223386538818,③ 금융여건·상대가격
3,4,dn,2026-02,④,-0.18314482384662636,④ 임대시장 수급·전환 구조
3,4,dn,2026-02,⑤,-0.7656599481535309,⑤ 시장과열·단기 트리거
3,4,dn,2026-02,⑥,0.005019538052911065,⑥ 거시경기·금융시장 여건
3,4,dn,2026-02,모,-0.16380075405479647,타깃 모멘텀(past1·3·6)
3,4,dn,2026-02,지,-0.003831599432987944,지역 더미
3,4,dn,2026-03,①,-0.15899681468189014,① 임차수요 압력
3,4,dn,2026-03,②,-0.09703926145130408,② 주택공급·재고 여건
3,4,dn,2026-03,③,-0.08877578878798718,③ 금융여건·상대가격
3,4,dn,2026-03,④,-0.2125975731520585,④ 임대시장 수급·전환 구조
3,4,dn,2026-03,⑤,-0.7726512528846369,⑤ 시장과열·단기 트리거
3,4,dn,2026-03,⑥,0.011008300715256734,⑥ 거시경기·금융시장 여건
3,4,dn,2026-03,모,-0.1879239524897261,타깃 모멘텀(past1·3·6)
3,4,dn,2026-03,지,-0.001597631800030342,지역 더미
3,4,dn,2026-04,①,-0.17900509052291638,① 임차수요 압력
3,4,dn,2026-04,②,-0.09984100716454643,② 주택공급·재고 여건
3,4,dn,2026-04,③,-0.12793158094336068,③ 금융여건·상대가격
3,4,dn,2026-04,④,-0.19157583381542387,④ 임대시장 수급·전환 구조
3,4,dn,2026-04,⑤,-0.6817031174021608,⑤ 시장과열·단기 트리거
3,4,dn,2026-04,⑥,0.014360326196897219,⑥ 거시경기·금융시장 여건
3,4,dn,2026-04,모,-0.18534081547941064,타깃 모멘텀(past1·3·6)
3,4,dn,2026-04,지,-0.0014195100736246803,지역 더미
3,4,dn,2026-05,①,-0.13934582575936527,① 임차수요 압력
3,4,dn,2026-05,②,-0.10651100245734849,② 주택공급·재고 여건
3,4,dn,2026-05,③,-0.11474786791754808,③ 금융여건·상대가격
3,4,dn,2026-05,④,-0.17595192432567916,④ 임대시장 수급·전환 구조
3,4,dn,2026-05,⑤,-0.6717820576227763,⑤ 시장과열·단기 트리거
3,4,dn,2026-05,⑥,0.00919739004620667,⑥ 거시경기·금융시장 여건
3,4,dn,2026-05,모,-0.1852599343138875,타깃 모멘텀(past1·3·6)
3,4,dn,2026-05,지,-0.0012892507222903229,지역 더미
3,4,dn,2026-06,①,-0.14736942743428616,① 임차수요 압력
3,4,dn,2026-06,②,-0.13629817360025995,② 주택공급·재고 여건
3,4,dn,2026-06,③,-0.11622029615217867,③ 금융여건·상대가격
3,4,dn,2026-06,④,-0.16023963322753415,④ 임대시장 수급·전환 구조
3,4,dn,2026-06,⑤,-0.7031594196553616,⑤ 시장과열·단기 트리거
3,4,dn,2026-06,⑥,-0.003972852563093589,⑥ 거시경기·금융시장 여건
3,4,dn,2026-06,모,-0.16293987032829546,타깃 모멘텀(past1·3·6)
3,4,dn,2026-06,지,-0.000651422772028042,지역 더미
3,4,reg,2019-09,①,-0.001918614426228617,① 임차수요 압력
3,4,reg,2019-09,②,0.00044238877405917287,② 주택공급·재고 여건
3,4,reg,2019-09,③,-0.004913567162911014,③ 금융여건·상대가격
3,4,reg,2019-09,④,0.013562697279292693,④ 임대시장 수급·전환 구조
3,4,reg,2019-09,⑤,-0.017809142711913035,⑤ 시장과열·단기 트리거
3,4,reg,2019-09,⑥,0.0019013019054374821,⑥ 거시경기·금융시장 여건
3,4,reg,2019-09,모,-0.028873741275210883,타깃 모멘텀(past1·3·6)
3,4,reg,2019-09,지,7.157205676474241e-05,지역 더미
3,4,reg,2019-10,①,0.0003114096911334503,① 임차수요 압력
3,4,reg,2019-10,②,0.0015508993480175034,② 주택공급·재고 여건
3,4,reg,2019-10,③,-0.0034332228787046486,③ 금융여건·상대가격
3,4,reg,2019-10,④,0.025158103912604823,④ 임대시장 수급·전환 구조
3,4,reg,2019-10,⑤,-0.008980000165619832,⑤ 시장과열·단기 트리거
3,4,reg,2019-10,⑥,0.0011484814720263607,⑥ 거시경기·금융시장 여건
3,4,reg,2019-10,모,0.002558737717110632,타깃 모멘텀(past1·3·6)
3,4,reg,2019-10,지,9.318044437907207e-05,지역 더미
3,4,reg,2019-11,①,0.003655169591573732,① 임차수요 압력
3,4,reg,2019-11,②,0.0037938477579081632,② 주택공급·재고 여건
3,4,reg,2019-11,③,-0.002963175634379565,③ 금융여건·상대가격
3,4,reg,2019-11,④,0.010543595809234403,④ 임대시장 수급·전환 구조
3,4,reg,2019-11,⑤,0.010227489394738394,⑤ 시장과열·단기 트리거
3,4,reg,2019-11,⑥,0.0007664143921421816,⑥ 거시경기·금융시장 여건
3,4,reg,2019-11,모,0.005141568723974713,타깃 모멘텀(past1·3·6)
3,4,reg,2019-11,지,-1.723475175998621e-05,지역 더미
3,4,reg,2019-12,①,0.0009244281405821725,① 임차수요 압력
3,4,reg,2019-12,②,0.0009248645815014166,② 주택공급·재고 여건
3,4,reg,2019-12,③,-0.002217724322705914,③ 금융여건·상대가격
3,4,reg,2019-12,④,0.011310331995820674,④ 임대시장 수급·전환 구조
3,4,reg,2019-12,⑤,0.007050406694093801,⑤ 시장과열·단기 트리거
3,4,reg,2019-12,⑥,0.0023044024541649054,⑥ 거시경기·금융시장 여건
3,4,reg,2019-12,모,0.021934418460838132,타깃 모멘텀(past1·3·6)
3,4,reg,2019-12,지,-2.656034878980784e-05,지역 더미
3,4,reg,2020-01,①,0.0005134236680303637,① 임차수요 압력
3,4,reg,2020-01,②,0.001946892693517495,② 주택공급·재고 여건
3,4,reg,2020-01,③,-0.004026075644113374,③ 금융여건·상대가격
3,4,reg,2020-01,④,0.018895184518709463,④ 임대시장 수급·전환 구조
3,4,reg,2020-01,⑤,0.014301769792355652,⑤ 시장과열·단기 트리거
3,4,reg,2020-01,⑥,0.002510418874494483,⑥ 거시경기·금융시장 여건
3,4,reg,2020-01,모,0.051324253400582845,타깃 모멘텀(past1·3·6)
3,4,reg,2020-01,지,9.585531586765031e-05,지역 더미
3,4,reg,2020-02,①,0.006163915653264628,① 임차수요 압력
3,4,reg,2020-02,②,0.0007279608382778868,② 주택공급·재고 여건
3,4,reg,2020-02,③,-0.0012100706957915296,③ 금융여건·상대가격
3,4,reg,2020-02,④,0.027878293857878923,④ 임대시장 수급·전환 구조
3,4,reg,2020-02,⑤,0.02254956469101564,⑤ 시장과열·단기 트리거
3,4,reg,2020-02,⑥,0.002289459523871305,⑥ 거시경기·금융시장 여건
3,4,reg,2020-02,모,0.04521242373248599,타깃 모멘텀(past1·3·6)
3,4,reg,2020-02,지,7.42569016022801e-05,지역 더미
3,4,reg,2020-03,①,0.00996052039421052,① 임차수요 압력
3,4,reg,2020-03,②,0.0010169843865261109,② 주택공급·재고 여건
3,4,reg,2020-03,③,-0.0010270315264385905,③ 금융여건·상대가격
3,4,reg,2020-03,④,0.014267584568562383,④ 임대시장 수급·전환 구조
3,4,reg,2020-03,⑤,0.028399065653074478,⑤ 시장과열·단기 트리거
3,4,reg,2020-03,⑥,-0.004219106968648456,⑥ 거시경기·금융시장 여건
3,4,reg,2020-03,모,0.05086857820267552,타깃 모멘텀(past1·3·6)
3,4,reg,2020-03,지,3.701891569029153e-05,지역 더미
3,4,reg,2020-04,①,0.008083231402795855,① 임차수요 압력
3,4,reg,2020-04,②,0.0020059493562097058,② 주택공급·재고 여건
3,4,reg,2020-04,③,-0.0022563050091882948,③ 금융여건·상대가격
3,4,reg,2020-04,④,0.012980545441892258,④ 임대시장 수급·전환 구조
3,4,reg,2020-04,⑤,0.012482777159996605,⑤ 시장과열·단기 트리거
3,4,reg,2020-04,⑥,0.00131709714055453,⑥ 거시경기·금융시장 여건
3,4,reg,2020-04,모,0.060726701911977106,타깃 모멘텀(past1·3·6)
3,4,reg,2020-04,지,6.152674419121417e-05,지역 더미
3,4,reg,2020-05,①,0.01116876776512133,① 임차수요 압력
3,4,reg,2020-05,②,0.0015158826285217959,② 주택공급·재고 여건
3,4,reg,2020-05,③,0.00011026380944644524,③ 금융여건·상대가격
3,4,reg,2020-05,④,0.006882583763987949,④ 임대시장 수급·전환 구조
3,4,reg,2020-05,⑤,0.005096712599077043,⑤ 시장과열·단기 트리거
3,4,reg,2020-05,⑥,0.0040903107715639965,⑥ 거시경기·금융시장 여건
3,4,reg,2020-05,모,0.04971191178842941,타깃 모멘텀(past1·3·6)
3,4,reg,2020-05,지,1.7549271080912828e-06,지역 더미
3,4,reg,2020-06,①,0.009394679834113354,① 임차수요 압력
3,4,reg,2020-06,②,0.0019978727436291365,② 주택공급·재고 여건
3,4,reg,2020-06,③,0.0006772936522571675,③ 금융여건·상대가격
3,4,reg,2020-06,④,0.00046073523138629217,④ 임대시장 수급·전환 구조
3,4,reg,2020-06,⑤,0.023555663900504654,⑤ 시장과열·단기 트리거
3,4,reg,2020-06,⑥,0.007633883264208132,⑥ 거시경기·금융시장 여건
3,4,reg,2020-06,모,0.05141916882027598,타깃 모멘텀(past1·3·6)
3,4,reg,2020-06,지,0.00011805325003073115,지역 더미
3,4,reg,2020-07,①,0.011110453135647005,① 임차수요 압력
3,4,reg,2020-07,②,0.0008915762695583648,② 주택공급·재고 여건
3,4,reg,2020-07,③,0.0027206561984055326,③ 금융여건·상대가격
3,4,reg,2020-07,④,0.006555864958072026,④ 임대시장 수급·전환 구조
3,4,reg,2020-07,⑤,0.03658892004750669,⑤ 시장과열·단기 트리거
3,4,reg,2020-07,⑥,0.006795976730858645,⑥ 거시경기·금융시장 여건
3,4,reg,2020-07,모,0.07218187349373657,타깃 모멘텀(past1·3·6)
3,4,reg,2020-07,지,2.726277995946862e-05,지역 더미
3,4,reg,2020-08,①,0.010922059553485568,① 임차수요 압력
3,4,reg,2020-08,②,0.0009322419327032212,② 주택공급·재고 여건
3,4,reg,2020-08,③,0.003372051290407857,③ 금융여건·상대가격
3,4,reg,2020-08,④,0.021744212674039934,④ 임대시장 수급·전환 구조
3,4,reg,2020-08,⑤,0.029807524096480954,⑤ 시장과열·단기 트리거
3,4,reg,2020-08,⑥,0.0025756052191231223,⑥ 거시경기·금융시장 여건
3,4,reg,2020-08,모,0.07734740404046926,타깃 모멘텀(past1·3·6)
3,4,reg,2020-08,지,2.6830278109433007e-05,지역 더미
3,4,reg,2020-09,①,0.013336618545126687,① 임차수요 압력
3,4,reg,2020-09,②,0.003700686210131531,② 주택공급·재고 여건
3,4,reg,2020-09,③,0.003766747763781014,③ 금융여건·상대가격
3,4,reg,2020-09,④,0.035882446352148045,④ 임대시장 수급·전환 구조
3,4,reg,2020-09,⑤,0.03483416961000116,⑤ 시장과열·단기 트리거
3,4,reg,2020-09,⑥,0.0005376860008172573,⑥ 거시경기·금융시장 여건
3,4,reg,2020-09,모,0.11837968599124282,타깃 모멘텀(past1·3·6)
3,4,reg,2020-09,지,2.8538128579032177e-05,지역 더미
3,4,reg,2020-10,①,0.01437946502198788,① 임차수요 압력
3,4,reg,2020-10,②,0.006853003964290813,② 주택공급·재고 여건
3,4,reg,2020-10,③,0.00549628264296097,③ 금융여건·상대가격
3,4,reg,2020-10,④,0.02004526246267179,④ 임대시장 수급·전환 구조
3,4,reg,2020-10,⑤,0.0406423128922196,⑤ 시장과열·단기 트리거
3,4,reg,2020-10,⑥,0.0028427599180804257,⑥ 거시경기·금융시장 여건
3,4,reg,2020-10,모,0.13128708778223133,타깃 모멘텀(past1·3·6)
3,4,reg,2020-10,지,5.324436768576838e-05,지역 더미
3,4,reg,2020-11,①,0.02011131269034554,① 임차수요 압력
3,4,reg,2020-11,②,0.006509252816475727,② 주택공급·재고 여건
3,4,reg,2020-11,③,0.0021472315372705474,③ 금융여건·상대가격
3,4,reg,2020-11,④,0.009710070742157233,④ 임대시장 수급·전환 구조
3,4,reg,2020-11,⑤,0.06320850107380573,⑤ 시장과열·단기 트리거
3,4,reg,2020-11,⑥,0.0023870704879555473,⑥ 거시경기·금융시장 여건
3,4,reg,2020-11,모,0.1355236841099766,타깃 모멘텀(past1·3·6)
3,4,reg,2020-11,지,7.33682991204474e-05,지역 더미
3,4,reg,2020-12,①,0.018684659127726613,① 임차수요 압력
3,4,reg,2020-12,②,0.001493963077023602,② 주택공급·재고 여건
3,4,reg,2020-12,③,0.004241425381384461,③ 금융여건·상대가격
3,4,reg,2020-12,④,0.014681575082624262,④ 임대시장 수급·전환 구조
3,4,reg,2020-12,⑤,0.07690898145494215,⑤ 시장과열·단기 트리거
3,4,reg,2020-12,⑥,0.004329019673802754,⑥ 거시경기·금융시장 여건
3,4,reg,2020-12,모,0.18879505568047,타깃 모멘텀(past1·3·6)
3,4,reg,2020-12,지,6.402390767843543e-05,지역 더미
3,4,reg,2021-01,①,0.01995743092938479,① 임차수요 압력
3,4,reg,2021-01,②,0.0028028674890823316,② 주택공급·재고 여건
3,4,reg,2021-01,③,0.004297920035348986,③ 금융여건·상대가격
3,4,reg,2021-01,④,0.06411901982124511,④ 임대시장 수급·전환 구조
3,4,reg,2021-01,⑤,0.09917044471127584,⑤ 시장과열·단기 트리거
3,4,reg,2021-01,⑥,0.003857497937190918,⑥ 거시경기·금융시장 여건
3,4,reg,2021-01,모,0.23773271399070783,타깃 모멘텀(past1·3·6)
3,4,reg,2021-01,지,2.6297884140079873e-05,지역 더미
3,4,reg,2021-02,①,0.02060012232748001,① 임차수요 압력
3,4,reg,2021-02,②,0.0022528813672525916,② 주택공급·재고 여건
3,4,reg,2021-02,③,0.013852954766455795,③ 금융여건·상대가격
3,4,reg,2021-02,④,0.05185859931439422,④ 임대시장 수급·전환 구조
3,4,reg,2021-02,⑤,0.11975722809267395,⑤ 시장과열·단기 트리거
3,4,reg,2021-02,⑥,0.009589432028064433,⑥ 거시경기·금융시장 여건
3,4,reg,2021-02,모,0.26767058516669945,타깃 모멘텀(past1·3·6)
3,4,reg,2021-02,지,6.847249621535074e-05,지역 더미
3,4,reg,2021-03,①,0.014410728923730628,① 임차수요 압력
3,4,reg,2021-03,②,0.0016268053211412636,② 주택공급·재고 여건
3,4,reg,2021-03,③,0.01649817124663449,③ 금융여건·상대가격
3,4,reg,2021-03,④,0.031304016404593474,④ 임대시장 수급·전환 구조
3,4,reg,2021-03,⑤,0.10224880678031374,⑤ 시장과열·단기 트리거
3,4,reg,2021-03,⑥,0.009358984666484844,⑥ 거시경기·금융시장 여건
3,4,reg,2021-03,모,0.23562351817507113,타깃 모멘텀(past1·3·6)
3,4,reg,2021-03,지,1.4259917227507836e-05,지역 더미
3,4,reg,2021-04,①,-0.0014752741824070523,① 임차수요 압력
3,4,reg,2021-04,②,0.003083955868051442,② 주택공급·재고 여건
3,4,reg,2021-04,③,0.00994230965929504,③ 금융여건·상대가격
3,4,reg,2021-04,④,0.005496872496544658,④ 임대시장 수급·전환 구조
3,4,reg,2021-04,⑤,0.071003780590699,⑤ 시장과열·단기 트리거
3,4,reg,2021-04,⑥,0.0018148307045352777,⑥ 거시경기·금융시장 여건
3,4,reg,2021-04,모,0.22105907454091472,타깃 모멘텀(past1·3·6)
3,4,reg,2021-04,지,5.988602151459399e-05,지역 더미
3,4,reg,2021-05,①,0.0020351813828642087,① 임차수요 압력
3,4,reg,2021-05,②,0.00045035584443816213,② 주택공급·재고 여건
3,4,reg,2021-05,③,0.009073343619245923,③ 금융여건·상대가격
3,4,reg,2021-05,④,-0.007822444030727424,④ 임대시장 수급·전환 구조
3,4,reg,2021-05,⑤,0.04505825774086749,⑤ 시장과열·단기 트리거
3,4,reg,2021-05,⑥,0.0011286199852330104,⑥ 거시경기·금융시장 여건
3,4,reg,2021-05,모,0.14917154764920912,타깃 모멘텀(past1·3·6)
3,4,reg,2021-05,지,-3.6908997288793505e-05,지역 더미
3,4,reg,2021-06,①,0.005200898415712784,① 임차수요 압력
3,4,reg,2021-06,②,-0.0023843000393860754,② 주택공급·재고 여건
3,4,reg,2021-06,③,0.0060205593834310265,③ 금융여건·상대가격
3,4,reg,2021-06,④,-0.0025211263743104236,④ 임대시장 수급·전환 구조
3,4,reg,2021-06,⑤,0.04371133506955469,⑤ 시장과열·단기 트리거
3,4,reg,2021-06,⑥,-0.0008330254904278954,⑥ 거시경기·금융시장 여건
3,4,reg,2021-06,모,0.14733571650496885,타깃 모멘텀(past1·3·6)
3,4,reg,2021-06,지,5.4655358798328184e-05,지역 더미
3,4,reg,2021-07,①,0.0019543921445817256,① 임차수요 압력
3,4,reg,2021-07,②,-0.0012000113006748706,② 주택공급·재고 여건
3,4,reg,2021-07,③,0.008002531265156605,③ 금융여건·상대가격
3,4,reg,2021-07,④,0.007021442853917559,④ 임대시장 수급·전환 구조
3,4,reg,2021-07,⑤,0.09608856955652728,⑤ 시장과열·단기 트리거
3,4,reg,2021-07,⑥,0.0034702204758018506,⑥ 거시경기·금융시장 여건
3,4,reg,2021-07,모,0.16398501654233164,타깃 모멘텀(past1·3·6)
3,4,reg,2021-07,지,9.771459010851836e-06,지역 더미
3,4,reg,2021-08,①,0.004197858554137941,① 임차수요 압력
3,4,reg,2021-08,②,-0.0025370576726605316,② 주택공급·재고 여건
3,4,reg,2021-08,③,0.007291761300659361,③ 금융여건·상대가격
3,4,reg,2021-08,④,0.004190639313652783,④ 임대시장 수급·전환 구조
3,4,reg,2021-08,⑤,0.11814721723032348,⑤ 시장과열·단기 트리거
3,4,reg,2021-08,⑥,-0.002969742608985551,⑥ 거시경기·금융시장 여건
3,4,reg,2021-08,모,0.14158431329883123,타깃 모멘텀(past1·3·6)
3,4,reg,2021-08,지,-6.055234011768599e-05,지역 더미
3,4,reg,2021-09,①,-0.00011135757122552727,① 임차수요 압력
3,4,reg,2021-09,②,-0.000865754671883965,② 주택공급·재고 여건
3,4,reg,2021-09,③,0.006265433239391046,③ 금융여건·상대가격
3,4,reg,2021-09,④,0.008062506007263437,④ 임대시장 수급·전환 구조
3,4,reg,2021-09,⑤,0.09315527997472707,⑤ 시장과열·단기 트리거
3,4,reg,2021-09,⑥,0.002903256672200098,⑥ 거시경기·금융시장 여건
3,4,reg,2021-09,모,0.20960048793580532,타깃 모멘텀(past1·3·6)
3,4,reg,2021-09,지,-3.684016650947049e-05,지역 더미
3,4,reg,2021-10,①,0.00894766371576003,① 임차수요 압력
3,4,reg,2021-10,②,0.0002453493090354282,② 주택공급·재고 여건
3,4,reg,2021-10,③,0.0038347538288422476,③ 금융여건·상대가격
3,4,reg,2021-10,④,0.008379496868549134,④ 임대시장 수급·전환 구조
3,4,reg,2021-10,⑤,0.1110068491235485,⑤ 시장과열·단기 트리거
3,4,reg,2021-10,⑥,0.004585310740614198,⑥ 거시경기·금융시장 여건
3,4,reg,2021-10,모,0.19617389282896458,타깃 모멘텀(past1·3·6)
3,4,reg,2021-10,지,1.2441625107429393e-05,지역 더미
3,4,reg,2021-11,①,0.024811044941165195,① 임차수요 압력
3,4,reg,2021-11,②,0.00019375675857045586,② 주택공급·재고 여건
3,4,reg,2021-11,③,0.00029657571649906704,③ 금융여건·상대가격
3,4,reg,2021-11,④,-0.00015270000906585825,④ 임대시장 수급·전환 구조
3,4,reg,2021-11,⑤,0.03453353738415685,⑤ 시장과열·단기 트리거
3,4,reg,2021-11,⑥,0.008013411923901629,⑥ 거시경기·금융시장 여건
3,4,reg,2021-11,모,0.22649916009429624,타깃 모멘텀(past1·3·6)
3,4,reg,2021-11,지,-3.7769593004778566e-05,지역 더미
3,4,reg,2021-12,①,0.027495189528313597,① 임차수요 압력
3,4,reg,2021-12,②,0.0034802127559357488,② 주택공급·재고 여건
3,4,reg,2021-12,③,0.0023068230875498497,③ 금융여건·상대가격
3,4,reg,2021-12,④,-0.009755568839703783,④ 임대시장 수급·전환 구조
3,4,reg,2021-12,⑤,-0.007449592367800719,⑤ 시장과열·단기 트리거
3,4,reg,2021-12,⑥,0.0115022558624892,⑥ 거시경기·금융시장 여건
3,4,reg,2021-12,모,0.21502180396483334,타깃 모멘텀(past1·3·6)
3,4,reg,2021-12,지,2.9070720254910053e-05,지역 더미
3,4,reg,2022-01,①,0.016743300457317735,① 임차수요 압력
3,4,reg,2022-01,②,0.002947456208292489,② 주택공급·재고 여건
3,4,reg,2022-01,③,0.001976927089161399,③ 금융여건·상대가격
3,4,reg,2022-01,④,-0.005031680220032714,④ 임대시장 수급·전환 구조
3,4,reg,2022-01,⑤,-0.05157421711106401,⑤ 시장과열·단기 트리거
3,4,reg,2022-01,⑥,0.0106921855085561,⑥ 거시경기·금융시장 여건
3,4,reg,2022-01,모,0.16086773685974015,타깃 모멘텀(past1·3·6)
3,4,reg,2022-01,지,3.631336672244042e-05,지역 더미
3,4,reg,2022-02,①,0.027128893150038188,① 임차수요 압력
3,4,reg,2022-02,②,0.000629730311996683,② 주택공급·재고 여건
3,4,reg,2022-02,③,-0.001524118352821109,③ 금융여건·상대가격
3,4,reg,2022-02,④,-0.0026965502303723686,④ 임대시장 수급·전환 구조
3,4,reg,2022-02,⑤,-0.051093236522694284,⑤ 시장과열·단기 트리거
3,4,reg,2022-02,⑥,0.0076115886601503535,⑥ 거시경기·금융시장 여건
3,4,reg,2022-02,모,0.10818618093959659,타깃 모멘텀(past1·3·6)
3,4,reg,2022-02,지,1.653752844195787e-05,지역 더미
3,4,reg,2022-03,①,0.0392704287890204,① 임차수요 압력
3,4,reg,2022-03,②,0.003533483987384057,② 주택공급·재고 여건
3,4,reg,2022-03,③,-0.0009006260078108846,③ 금융여건·상대가격
3,4,reg,2022-03,④,-0.0034270402367623963,④ 임대시장 수급·전환 구조
3,4,reg,2022-03,⑤,-0.05546841029461254,⑤ 시장과열·단기 트리거
3,4,reg,2022-03,⑥,-0.004133423999527667,⑥ 거시경기·금융시장 여건
3,4,reg,2022-03,모,0.0928867876178165,타깃 모멘텀(past1·3·6)
3,4,reg,2022-03,지,3.4838745170204405e-05,지역 더미
3,4,reg,2022-04,①,0.03796332532608688,① 임차수요 압력
3,4,reg,2022-04,②,0.004626012098534764,② 주택공급·재고 여건
3,4,reg,2022-04,③,-0.0016977661268486241,③ 금융여건·상대가격
3,4,reg,2022-04,④,-0.001473336436046178,④ 임대시장 수급·전환 구조
3,4,reg,2022-04,⑤,-0.017841135411906767,⑤ 시장과열·단기 트리거
3,4,reg,2022-04,⑥,-9.069641811651498e-05,⑥ 거시경기·금융시장 여건
3,4,reg,2022-04,모,0.0738953104443556,타깃 모멘텀(past1·3·6)
3,4,reg,2022-04,지,-5.139149395249676e-05,지역 더미
3,4,reg,2022-05,①,0.036051447290737386,① 임차수요 압력
3,4,reg,2022-05,②,0.0022389172823261273,② 주택공급·재고 여건
3,4,reg,2022-05,③,-0.0003039744285061494,③ 금융여건·상대가격
3,4,reg,2022-05,④,0.0003454453076033935,④ 임대시장 수급·전환 구조
3,4,reg,2022-05,⑤,-0.011347440482281586,⑤ 시장과열·단기 트리거
3,4,reg,2022-05,⑥,0.0006033612464381302,⑥ 거시경기·금융시장 여건
3,4,reg,2022-05,모,0.0877383412752191,타깃 모멘텀(past1·3·6)
3,4,reg,2022-05,지,2.2694856641615926e-05,지역 더미
3,4,reg,2022-06,①,0.017552238548780547,① 임차수요 압력
3,4,reg,2022-06,②,0.002876940117063032,② 주택공급·재고 여건
3,4,reg,2022-06,③,-0.004018932479695894,③ 금융여건·상대가격
3,4,reg,2022-06,④,-0.0028468803995886395,④ 임대시장 수급·전환 구조
3,4,reg,2022-06,⑤,-0.05260282283416018,⑤ 시장과열·단기 트리거
3,4,reg,2022-06,⑥,0.0011338151622170107,⑥ 거시경기·금융시장 여건
3,4,reg,2022-06,모,0.08753476837905598,타깃 모멘텀(past1·3·6)
3,4,reg,2022-06,지,4.1935254620697515e-06,지역 더미
3,4,reg,2022-07,①,0.022401169579800907,① 임차수요 압력
3,4,reg,2022-07,②,0.002578146538578322,② 주택공급·재고 여건
3,4,reg,2022-07,③,-0.006815903845593869,③ 금융여건·상대가격
3,4,reg,2022-07,④,-0.0020879087417543974,④ 임대시장 수급·전환 구조
3,4,reg,2022-07,⑤,-0.059441654525204175,⑤ 시장과열·단기 트리거
3,4,reg,2022-07,⑥,-0.0022306858048467726,⑥ 거시경기·금융시장 여건
3,4,reg,2022-07,모,0.07230023826088976,타깃 모멘텀(past1·3·6)
3,4,reg,2022-07,지,4.9144945657855566e-05,지역 더미
3,4,reg,2022-08,①,0.009152595871677202,① 임차수요 압력
3,4,reg,2022-08,②,0.0013609069089910032,② 주택공급·재고 여건
3,4,reg,2022-08,③,-0.006546175069390393,③ 금융여건·상대가격
3,4,reg,2022-08,④,-0.0032021277297377203,④ 임대시장 수급·전환 구조
3,4,reg,2022-08,⑤,-0.12743481743039892,⑤ 시장과열·단기 트리거
3,4,reg,2022-08,⑥,0.00033585687541090505,⑥ 거시경기·금융시장 여건
3,4,reg,2022-08,모,0.08896434466427594,타깃 모멘텀(past1·3·6)
3,4,reg,2022-08,지,8.470580755421975e-06,지역 더미
3,4,reg,2022-09,①,0.011985067095208381,① 임차수요 압력
3,4,reg,2022-09,②,0.002075252224459604,② 주택공급·재고 여건
3,4,reg,2022-09,③,-0.007852538227298818,③ 금융여건·상대가격
3,4,reg,2022-09,④,-0.0027330649609211832,④ 임대시장 수급·전환 구조
3,4,reg,2022-09,⑤,-0.1388098258689484,⑤ 시장과열·단기 트리거
3,4,reg,2022-09,⑥,-0.0011955429181892201,⑥ 거시경기·금융시장 여건
3,4,reg,2022-09,모,0.07575768996577929,타깃 모멘텀(past1·3·6)
3,4,reg,2022-09,지,-8.069594181424722e-05,지역 더미
3,4,reg,2022-10,①,0.0061814113152130245,① 임차수요 압력
3,4,reg,2022-10,②,-0.0013142848720464919,② 주택공급·재고 여건
3,4,reg,2022-10,③,-0.010994892772257936,③ 금융여건·상대가격
3,4,reg,2022-10,④,-0.009828194136121859,④ 임대시장 수급·전환 구조
3,4,reg,2022-10,⑤,-0.15837977207539713,⑤ 시장과열·단기 트리거
3,4,reg,2022-10,⑥,0.0013939562112809901,⑥ 거시경기·금융시장 여건
3,4,reg,2022-10,모,0.04435988276407657,타깃 모멘텀(past1·3·6)
3,4,reg,2022-10,지,0.00015218134656883647,지역 더미
3,4,reg,2022-11,①,0.005583427468540505,① 임차수요 압력
3,4,reg,2022-11,②,0.0004344692359903574,② 주택공급·재고 여건
3,4,reg,2022-11,③,-0.009426335169077251,③ 금융여건·상대가격
3,4,reg,2022-11,④,-0.0031898520494852323,④ 임대시장 수급·전환 구조
3,4,reg,2022-11,⑤,-0.21016320490333087,⑤ 시장과열·단기 트리거
3,4,reg,2022-11,⑥,-0.0023724385328805263,⑥ 거시경기·금융시장 여건
3,4,reg,2022-11,모,0.007960820739504462,타깃 모멘텀(past1·3·6)
3,4,reg,2022-11,지,5.733916818401551e-05,지역 더미
3,4,reg,2022-12,①,-0.0032930698607054817,① 임차수요 압력
3,4,reg,2022-12,②,-5.3388730352822726e-05,② 주택공급·재고 여건
3,4,reg,2022-12,③,-0.017102273222428434,③ 금융여건·상대가격
3,4,reg,2022-12,④,-0.002416891516344656,④ 임대시장 수급·전환 구조
3,4,reg,2022-12,⑤,-0.20302737594636924,⑤ 시장과열·단기 트리거
3,4,reg,2022-12,⑥,-0.0006425005342109167,⑥ 거시경기·금융시장 여건
3,4,reg,2022-12,모,-0.0951078123534007,타깃 모멘텀(past1·3·6)
3,4,reg,2022-12,지,-1.4180877354422223e-05,지역 더미
3,4,reg,2023-01,①,-0.0017714741513350227,① 임차수요 압력
3,4,reg,2023-01,②,-0.0001541591775720986,② 주택공급·재고 여건
3,4,reg,2023-01,③,-0.023131278337231602,③ 금융여건·상대가격
3,4,reg,2023-01,④,-0.0019074169283746468,④ 임대시장 수급·전환 구조
3,4,reg,2023-01,⑤,-0.2756064963143538,⑤ 시장과열·단기 트리거
3,4,reg,2023-01,⑥,-0.0005771516550598852,⑥ 거시경기·금융시장 여건
3,4,reg,2023-01,모,-0.16740158273865283,타깃 모멘텀(past1·3·6)
3,4,reg,2023-01,지,-0.00012098307747047017,지역 더미
3,4,reg,2023-02,①,-0.001478164634220263,① 임차수요 압력
3,4,reg,2023-02,②,-0.0005591635945930044,② 주택공급·재고 여건
3,4,reg,2023-02,③,-0.033606024932048645,③ 금융여건·상대가격
3,4,reg,2023-02,④,-0.0018693998737195645,④ 임대시장 수급·전환 구조
3,4,reg,2023-02,⑤,-0.23960026952109353,⑤ 시장과열·단기 트리거
3,4,reg,2023-02,⑥,-0.0038751449975687104,⑥ 거시경기·금융시장 여건
3,4,reg,2023-02,모,-0.1545536540575353,타깃 모멘텀(past1·3·6)
3,4,reg,2023-02,지,-2.4713079690180756e-05,지역 더미
3,4,reg,2023-03,①,0.003357259721858153,① 임차수요 압력
3,4,reg,2023-03,②,-0.0026700225690019733,② 주택공급·재고 여건
3,4,reg,2023-03,③,-0.023294104314790724,③ 금융여건·상대가격
3,4,reg,2023-03,④,0.0004474108149331775,④ 임대시장 수급·전환 구조
3,4,reg,2023-03,⑤,-0.10825865989660516,⑤ 시장과열·단기 트리거
3,4,reg,2023-03,⑥,-0.008782924312487934,⑥ 거시경기·금융시장 여건
3,4,reg,2023-03,모,-0.15419562017732283,타깃 모멘텀(past1·3·6)
3,4,reg,2023-03,지,-8.229818572749457e-05,지역 더미
3,4,reg,2023-04,①,0.004358361514728857,① 임차수요 압력
3,4,reg,2023-04,②,0.0032387784582368555,② 주택공급·재고 여건
3,4,reg,2023-04,③,-0.02109726121369847,③ 금융여건·상대가격
3,4,reg,2023-04,④,0.003010241241688217,④ 임대시장 수급·전환 구조
3,4,reg,2023-04,⑤,-0.07119300986147102,⑤ 시장과열·단기 트리거
3,4,reg,2023-04,⑥,-0.0050817464276546025,⑥ 거시경기·금융시장 여건
3,4,reg,2023-04,모,-0.13586986969412287,타깃 모멘텀(past1·3·6)
3,4,reg,2023-04,지,-0.00021531562224261312,지역 더미
3,4,reg,2023-05,①,0.006716732435396035,① 임차수요 압력
3,4,reg,2023-05,②,0.0016802227087397159,② 주택공급·재고 여건
3,4,reg,2023-05,③,-0.013357046166422777,③ 금융여건·상대가격
3,4,reg,2023-05,④,0.004977198392546544,④ 임대시장 수급·전환 구조
3,4,reg,2023-05,⑤,-0.028321786153623286,⑤ 시장과열·단기 트리거
3,4,reg,2023-05,⑥,-0.0013003569931317042,⑥ 거시경기·금융시장 여건
3,4,reg,2023-05,모,-0.11472603613483622,타깃 모멘텀(past1·3·6)
3,4,reg,2023-05,지,-0.0001239327182979194,지역 더미
3,4,reg,2023-06,①,0.00059364087590576,① 임차수요 압력
3,4,reg,2023-06,②,0.0030083162225822,② 주택공급·재고 여건
3,4,reg,2023-06,③,-0.013040905583066819,③ 금융여건·상대가격
3,4,reg,2023-06,④,0.005154107018343519,④ 임대시장 수급·전환 구조
3,4,reg,2023-06,⑤,-0.024034424904076493,⑤ 시장과열·단기 트리거
3,4,reg,2023-06,⑥,-0.002697089973945651,⑥ 거시경기·금융시장 여건
3,4,reg,2023-06,모,-0.12632000429884477,타깃 모멘텀(past1·3·6)
3,4,reg,2023-06,지,-2.056759738882562e-05,지역 더미
3,4,reg,2023-07,①,0.0026996793391287207,① 임차수요 압력
3,4,reg,2023-07,②,0.0016348243501118557,② 주택공급·재고 여건
3,4,reg,2023-07,③,-0.009781183557660209,③ 금융여건·상대가격
3,4,reg,2023-07,④,0.0036899610520991057,④ 임대시장 수급·전환 구조
3,4,reg,2023-07,⑤,0.003009004655348904,⑤ 시장과열·단기 트리거
3,4,reg,2023-07,⑥,-0.0021137774882232217,⑥ 거시경기·금융시장 여건
3,4,reg,2023-07,모,-0.10760930628406212,타깃 모멘텀(past1·3·6)
3,4,reg,2023-07,지,-2.9991388121123546e-05,지역 더미
3,4,reg,2023-08,①,-0.004734363544834073,① 임차수요 압력
3,4,reg,2023-08,②,0.0010251400581335536,② 주택공급·재고 여건
3,4,reg,2023-08,③,-0.007590368893102668,③ 금융여건·상대가격
3,4,reg,2023-08,④,-0.001077259826589023,④ 임대시장 수급·전환 구조
3,4,reg,2023-08,⑤,0.008903777267893447,⑤ 시장과열·단기 트리거
3,4,reg,2023-08,⑥,-0.003328495325622827,⑥ 거시경기·금융시장 여건
3,4,reg,2023-08,모,-0.09434824508806582,타깃 모멘텀(past1·3·6)
3,4,reg,2023-08,지,-7.177207547048216e-05,지역 더미
3,4,reg,2023-09,①,-0.0030195176136237766,① 임차수요 압력
3,4,reg,2023-09,②,0.002747763425552975,② 주택공급·재고 여건
3,4,reg,2023-09,③,-0.0032012290685088374,③ 금융여건·상대가격
3,4,reg,2023-09,④,-0.0007229964955031927,④ 임대시장 수급·전환 구조
3,4,reg,2023-09,⑤,0.025151208577239337,⑤ 시장과열·단기 트리거
3,4,reg,2023-09,⑥,-0.0023918192985370687,⑥ 거시경기·금융시장 여건
3,4,reg,2023-09,모,-0.07148670058186148,타깃 모멘텀(past1·3·6)
3,4,reg,2023-09,지,-9.136786331925348e-05,지역 더미
3,4,reg,2023-10,①,-0.0013606975675536565,① 임차수요 압력
3,4,reg,2023-10,②,0.0014333404833450913,② 주택공급·재고 여건
3,4,reg,2023-10,③,0.0022366743489191086,③ 금융여건·상대가격
3,4,reg,2023-10,④,2.3636980532661683e-05,④ 임대시장 수급·전환 구조
3,4,reg,2023-10,⑤,0.032581097898347414,⑤ 시장과열·단기 트리거
3,4,reg,2023-10,⑥,-0.0033801911966095583,⑥ 거시경기·금융시장 여건
3,4,reg,2023-10,모,-0.03592412915153831,타깃 모멘텀(past1·3·6)
3,4,reg,2023-10,지,-0.00010215174167088288,지역 더미
3,4,reg,2023-11,①,-0.0024819144553078353,① 임차수요 압력
3,4,reg,2023-11,②,0.00343639609644076,② 주택공급·재고 여건
3,4,reg,2023-11,③,0.0039166595948592975,③ 금융여건·상대가격
3,4,reg,2023-11,④,-0.0013650367679528084,④ 임대시장 수급·전환 구조
3,4,reg,2023-11,⑤,0.0024493827128454168,⑤ 시장과열·단기 트리거
3,4,reg,2023-11,⑥,-0.0035894369605833313,⑥ 거시경기·금융시장 여건
3,4,reg,2023-11,모,-0.006788559331029069,타깃 모멘텀(past1·3·6)
3,4,reg,2023-11,지,-0.00019258772069396962,지역 더미
3,4,reg,2023-12,①,-0.002682303714354624,① 임차수요 압력
3,4,reg,2023-12,②,0.0008904687143635287,② 주택공급·재고 여건
3,4,reg,2023-12,③,0.009788511439565052,③ 금융여건·상대가격
3,4,reg,2023-12,④,-0.0020226469937102485,④ 임대시장 수급·전환 구조
3,4,reg,2023-12,⑤,-0.04917014277238837,⑤ 시장과열·단기 트리거
3,4,reg,2023-12,⑥,-0.0009352546340980298,⑥ 거시경기·금융시장 여건
3,4,reg,2023-12,모,0.000714916133267038,타깃 모멘텀(past1·3·6)
3,4,reg,2023-12,지,9.89650332132857e-05,지역 더미
3,4,reg,2024-01,①,-0.0038036289358288518,① 임차수요 압력
3,4,reg,2024-01,②,0.0013410129092541767,② 주택공급·재고 여건
3,4,reg,2024-01,③,0.006128972379455637,③ 금융여건·상대가격
3,4,reg,2024-01,④,-0.00484415320919224,④ 임대시장 수급·전환 구조
3,4,reg,2024-01,⑤,-0.07243541022762656,⑤ 시장과열·단기 트리거
3,4,reg,2024-01,⑥,-0.00044659106457583305,⑥ 거시경기·금융시장 여건
3,4,reg,2024-01,모,-0.02202071838409585,타깃 모멘텀(past1·3·6)
3,4,reg,2024-01,지,-5.534448735860046e-05,지역 더미
3,4,reg,2024-02,①,-0.0037584581569878057,① 임차수요 압력
3,4,reg,2024-02,②,0.0006630811622475632,② 주택공급·재고 여건
3,4,reg,2024-02,③,0.003815628971257384,③ 금융여건·상대가격
3,4,reg,2024-02,④,-0.005804550411566571,④ 임대시장 수급·전환 구조
3,4,reg,2024-02,⑤,-0.05525851707138559,⑤ 시장과열·단기 트리거
3,4,reg,2024-02,⑥,-0.0021380812821550793,⑥ 거시경기·금융시장 여건
3,4,reg,2024-02,모,-0.05295162155822504,타깃 모멘텀(past1·3·6)
3,4,reg,2024-02,지,4.278407922196065e-05,지역 더미
3,4,reg,2024-03,①,-0.003513091885799761,① 임차수요 압력
3,4,reg,2024-03,②,-0.0010903951845977048,② 주택공급·재고 여건
3,4,reg,2024-03,③,0.0002997467145636803,③ 금융여건·상대가격
3,4,reg,2024-03,④,-0.0030088806901510585,④ 임대시장 수급·전환 구조
3,4,reg,2024-03,⑤,-0.02791810141164152,⑤ 시장과열·단기 트리거
3,4,reg,2024-03,⑥,-0.0063605083458702924,⑥ 거시경기·금융시장 여건
3,4,reg,2024-03,모,-0.02930227782139007,타깃 모멘텀(past1·3·6)
3,4,reg,2024-03,지,3.774944172405145e-05,지역 더미
3,4,reg,2024-04,①,-0.004051940347862375,① 임차수요 압력
3,4,reg,2024-04,②,-0.0014193269465472783,② 주택공급·재고 여건
3,4,reg,2024-04,③,-0.00104490095575119,③ 금융여건·상대가격
3,4,reg,2024-04,④,-0.0034271927684398286,④ 임대시장 수급·전환 구조
3,4,reg,2024-04,⑤,-0.04480515380718691,⑤ 시장과열·단기 트리거
3,4,reg,2024-04,⑥,-0.00030857485772557746,⑥ 거시경기·금융시장 여건
3,4,reg,2024-04,모,-0.026870630064057002,타깃 모멘텀(past1·3·6)
3,4,reg,2024-04,지,4.971607040243697e-05,지역 더미
3,4,reg,2024-05,①,-0.003262100513572531,① 임차수요 압력
3,4,reg,2024-05,②,-0.0033675773184699545,② 주택공급·재고 여건
3,4,reg,2024-05,③,-0.0012134373787490449,③ 금융여건·상대가격
3,4,reg,2024-05,④,-0.0019106343718115514,④ 임대시장 수급·전환 구조
3,4,reg,2024-05,⑤,-0.05008950408356374,⑤ 시장과열·단기 트리거
3,4,reg,2024-05,⑥,0.0014348318910457213,⑥ 거시경기·금융시장 여건
3,4,reg,2024-05,모,-0.03964934428679008,타깃 모멘텀(past1·3·6)
3,4,reg,2024-05,지,-8.314153410695335e-05,지역 더미
3,4,reg,2024-06,①,-0.002515678049433006,① 임차수요 압력
3,4,reg,2024-06,②,-0.002252549218686939,② 주택공급·재고 여건
3,4,reg,2024-06,③,-0.0005408611886952652,③ 금융여건·상대가격
3,4,reg,2024-06,④,-0.0003217228977518971,④ 임대시장 수급·전환 구조
3,4,reg,2024-06,⑤,-0.027212915603098842,⑤ 시장과열·단기 트리거
3,4,reg,2024-06,⑥,-0.00010686848756811915,⑥ 거시경기·금융시장 여건
3,4,reg,2024-06,모,-0.03939653737310722,타깃 모멘텀(past1·3·6)
3,4,reg,2024-06,지,-8.80248720756052e-05,지역 더미
3,4,reg,2024-07,①,-0.002609814513286873,① 임차수요 압력
3,4,reg,2024-07,②,-0.0029733554066839712,② 주택공급·재고 여건
3,4,reg,2024-07,③,-0.00422986634945088,③ 금융여건·상대가격
3,4,reg,2024-07,④,-0.0007334173090331366,④ 임대시장 수급·전환 구조
3,4,reg,2024-07,⑤,-0.020280339905773017,⑤ 시장과열·단기 트리거
3,4,reg,2024-07,⑥,-0.0007115246354503113,⑥ 거시경기·금융시장 여건
3,4,reg,2024-07,모,-0.04399572724622546,타깃 모멘텀(past1·3·6)
3,4,reg,2024-07,지,2.478578979484608e-05,지역 더미
3,4,reg,2024-08,①,-0.003176806612231792,① 임차수요 압력
3,4,reg,2024-08,②,-0.0034656349389555574,② 주택공급·재고 여건
3,4,reg,2024-08,③,-0.0040359325654101075,③ 금융여건·상대가격
3,4,reg,2024-08,④,9.035058439407935e-05,④ 임대시장 수급·전환 구조
3,4,reg,2024-08,⑤,0.014031356816892238,⑤ 시장과열·단기 트리거
3,4,reg,2024-08,⑥,0.002097274118371211,⑥ 거시경기·금융시장 여건
3,4,reg,2024-08,모,-0.05629095508016226,타깃 모멘텀(past1·3·6)
3,4,reg,2024-08,지,-0.00015203888951212646,지역 더미
3,4,reg,2024-09,①,-0.0031827170030493193,① 임차수요 압력
3,4,reg,2024-09,②,-0.0039812785805889775,② 주택공급·재고 여건
3,4,reg,2024-09,③,-0.0061264672737072505,③ 금융여건·상대가격
3,4,reg,2024-09,④,-0.002485326269379584,④ 임대시장 수급·전환 구조
3,4,reg,2024-09,⑤,0.023857216487693435,⑤ 시장과열·단기 트리거
3,4,reg,2024-09,⑥,0.0013964938922705944,⑥ 거시경기·금융시장 여건
3,4,reg,2024-09,모,-0.028647468914962646,타깃 모멘텀(past1·3·6)
3,4,reg,2024-09,지,-0.00014030725724548408,지역 더미
3,4,reg,2024-10,①,-0.001741152529300488,① 임차수요 압력
3,4,reg,2024-10,②,-0.0014484677325098721,② 주택공급·재고 여건
3,4,reg,2024-10,③,-0.00456310439749206,③ 금융여건·상대가격
3,4,reg,2024-10,④,-0.00015695819499395678,④ 임대시장 수급·전환 구조
3,4,reg,2024-10,⑤,0.02179412977591924,⑤ 시장과열·단기 트리거
3,4,reg,2024-10,⑥,0.0008913995284253702,⑥ 거시경기·금융시장 여건
3,4,reg,2024-10,모,-0.029305216997825338,타깃 모멘텀(past1·3·6)
3,4,reg,2024-10,지,-0.00018310047430233027,지역 더미
3,4,reg,2024-11,①,-0.0010940918357487174,① 임차수요 압력
3,4,reg,2024-11,②,-0.0017727414767762662,② 주택공급·재고 여건
3,4,reg,2024-11,③,-0.01278203663859123,③ 금융여건·상대가격
3,4,reg,2024-11,④,0.0006026068880440589,④ 임대시장 수급·전환 구조
3,4,reg,2024-11,⑤,0.000976274001860635,⑤ 시장과열·단기 트리거
3,4,reg,2024-11,⑥,2.8609132485193457e-05,⑥ 거시경기·금융시장 여건
3,4,reg,2024-11,모,-0.02535533892246438,타깃 모멘텀(past1·3·6)
3,4,reg,2024-11,지,2.607382573332367e-05,지역 더미
3,4,reg,2024-12,①,0.00027664083713066896,① 임차수요 압력
3,4,reg,2024-12,②,-0.0025945962247724387,② 주택공급·재고 여건
3,4,reg,2024-12,③,-0.018396316907960338,③ 금융여건·상대가격
3,4,reg,2024-12,④,-0.0012650197520141613,④ 임대시장 수급·전환 구조
3,4,reg,2024-12,⑤,-0.039958873503457976,⑤ 시장과열·단기 트리거
3,4,reg,2024-12,⑥,-5.7529953529118515e-05,⑥ 거시경기·금융시장 여건
3,4,reg,2024-12,모,-0.015809953232711255,타깃 모멘텀(past1·3·6)
3,4,reg,2024-12,지,-9.376558846521964e-05,지역 더미
3,4,reg,2025-01,①,-0.0017544615358562295,① 임차수요 압력
3,4,reg,2025-01,②,-0.004791381352624128,② 주택공급·재고 여건
3,4,reg,2025-01,③,-0.008558312990676276,③ 금융여건·상대가격
3,4,reg,2025-01,④,0.0007090373217258329,④ 임대시장 수급·전환 구조
3,4,reg,2025-01,⑤,-0.04347892205901992,⑤ 시장과열·단기 트리거
3,4,reg,2025-01,⑥,-0.0009806869557531387,⑥ 거시경기·금융시장 여건
3,4,reg,2025-01,모,-0.006829917223619893,타깃 모멘텀(past1·3·6)
3,4,reg,2025-01,지,-7.78326557652709e-05,지역 더미
3,4,reg,2025-02,①,0.001889864176251542,① 임차수요 압력
3,4,reg,2025-02,②,0.0013686840161006163,② 주택공급·재고 여건
3,4,reg,2025-02,③,-0.0015849853837860165,③ 금융여건·상대가격
3,4,reg,2025-02,④,-0.002150609253208934,④ 임대시장 수급·전환 구조
3,4,reg,2025-02,⑤,-0.04016941252185086,⑤ 시장과열·단기 트리거
3,4,reg,2025-02,⑥,-0.0024692878054404354,⑥ 거시경기·금융시장 여건
3,4,reg,2025-02,모,-0.019030759927666036,타깃 모멘텀(past1·3·6)
3,4,reg,2025-02,지,0.00010750057001736749,지역 더미
3,4,reg,2025-03,①,0.0020330672376366534,① 임차수요 압력
3,4,reg,2025-03,②,-0.004794456743749696,② 주택공급·재고 여건
3,4,reg,2025-03,③,-0.00024603508179762767,③ 금융여건·상대가격
3,4,reg,2025-03,④,0.000734064516483854,④ 임대시장 수급·전환 구조
3,4,reg,2025-03,⑤,0.001378144315608284,⑤ 시장과열·단기 트리거
3,4,reg,2025-03,⑥,-0.00161148901073772,⑥ 거시경기·금융시장 여건
3,4,reg,2025-03,모,-0.027308094790022747,타깃 모멘텀(past1·3·6)
3,4,reg,2025-03,지,-8.088465760936107e-05,지역 더미
3,4,reg,2025-04,①,0.002579844511931414,① 임차수요 압력
3,4,reg,2025-04,②,-0.003075475265720014,② 주택공급·재고 여건
3,4,reg,2025-04,③,0.0013899170435481302,③ 금융여건·상대가격
3,4,reg,2025-04,④,0.00011002060797609909,④ 임대시장 수급·전환 구조
3,4,reg,2025-04,⑤,0.005509821170776644,⑤ 시장과열·단기 트리거
3,4,reg,2025-04,⑥,-0.0014252235131817332,⑥ 거시경기·금융시장 여건
3,4,reg,2025-04,모,-0.01836480463252348,타깃 모멘텀(past1·3·6)
3,4,reg,2025-04,지,0.00023681362615921413,지역 더미
3,4,reg,2025-05,①,0.003724571105086405,① 임차수요 압력
3,4,reg,2025-05,②,-0.002114861748453245,② 주택공급·재고 여건
3,4,reg,2025-05,③,-0.00047898947365460683,③ 금융여건·상대가격
3,4,reg,2025-05,④,-0.000780789994785343,④ 임대시장 수급·전환 구조
3,4,reg,2025-05,⑤,0.013279695105773178,⑤ 시장과열·단기 트리거
3,4,reg,2025-05,⑥,-0.001114679601007116,⑥ 거시경기·금융시장 여건
3,4,reg,2025-05,모,-0.042913429802009725,타깃 모멘텀(past1·3·6)
3,4,reg,2025-05,지,-3.864321836844815e-05,지역 더미
3,4,reg,2025-06,①,0.002057684158799708,① 임차수요 압력
3,4,reg,2025-06,②,-0.0027044602467271523,② 주택공급·재고 여건
3,4,reg,2025-06,③,-0.0004042616625813652,③ 금융여건·상대가격
3,4,reg,2025-06,④,0.001887814601051265,④ 임대시장 수급·전환 구조
3,4,reg,2025-06,⑤,0.013851021087783225,⑤ 시장과열·단기 트리거
3,4,reg,2025-06,⑥,-0.0007696794801627652,⑥ 거시경기·금융시장 여건
3,4,reg,2025-06,모,-0.03553770391840325,타깃 모멘텀(past1·3·6)
3,4,reg,2025-06,지,-5.2494126865797384e-05,지역 더미
3,4,reg,2025-07,①,-0.00037255718474503327,① 임차수요 압력
3,4,reg,2025-07,②,-0.002432611261366303,② 주택공급·재고 여건
3,4,reg,2025-07,③,-0.0027581673379505184,③ 금융여건·상대가격
3,4,reg,2025-07,④,0.0006557234887355555,④ 임대시장 수급·전환 구조
3,4,reg,2025-07,⑤,0.05267750028082553,⑤ 시장과열·단기 트리거
3,4,reg,2025-07,⑥,-0.000423843621459897,⑥ 거시경기·금융시장 여건
3,4,reg,2025-07,모,-0.02741347657580513,타깃 모멘텀(past1·3·6)
3,4,reg,2025-07,지,0.00014025475250028968,지역 더미
3,4,reg,2025-08,①,-0.00214565641965405,① 임차수요 압력
3,4,reg,2025-08,②,-0.0015080059224486786,② 주택공급·재고 여건
3,4,reg,2025-08,③,-0.0011426434247361246,③ 금융여건·상대가격
3,4,reg,2025-08,④,0.002213571153868757,④ 임대시장 수급·전환 구조
3,4,reg,2025-08,⑤,0.02857578468426843,⑤ 시장과열·단기 트리거
3,4,reg,2025-08,⑥,-0.000231507284301665,⑥ 거시경기·금융시장 여건
3,4,reg,2025-08,모,-0.02408351765845117,타깃 모멘텀(past1·3·6)
3,4,reg,2025-08,지,6.852845539136267e-05,지역 더미
3,4,reg,2025-09,①,5.50695088449396e-05,① 임차수요 압력
3,4,reg,2025-09,②,-0.0022527550867410913,② 주택공급·재고 여건
3,4,reg,2025-09,③,-0.00010901811305409544,③ 금융여건·상대가격
3,4,reg,2025-09,④,0.0016732471686897472,④ 임대시장 수급·전환 구조
3,4,reg,2025-09,⑤,0.023449158628971095,⑤ 시장과열·단기 트리거
3,4,reg,2025-09,⑥,0.0002654069616732965,⑥ 거시경기·금융시장 여건
3,4,reg,2025-09,모,-0.00047283304636092744,타깃 모멘텀(past1·3·6)
3,4,reg,2025-09,지,-0.00012063660874304596,지역 더미
3,4,reg,2025-10,①,-0.0012779746531360165,① 임차수요 압력
3,4,reg,2025-10,②,-0.002023236061994939,② 주택공급·재고 여건
3,4,reg,2025-10,③,0.0035566066704448823,③ 금융여건·상대가격
3,4,reg,2025-10,④,0.002695042269752936,④ 임대시장 수급·전환 구조
3,4,reg,2025-10,⑤,0.05186976247205166,⑤ 시장과열·단기 트리거
3,4,reg,2025-10,⑥,8.909915415470054e-05,⑥ 거시경기·금융시장 여건
3,4,reg,2025-10,모,0.009115324492621072,타깃 모멘텀(past1·3·6)
3,4,reg,2025-10,지,-0.0004468790254693911,지역 더미
3,4,reg,2025-11,①,0.0008604943095862929,① 임차수요 압력
3,4,reg,2025-11,②,-0.0023327267407380952,② 주택공급·재고 여건
3,4,reg,2025-11,③,0.005796162894787377,③ 금융여건·상대가격
3,4,reg,2025-11,④,0.0040169644963658786,④ 임대시장 수급·전환 구조
3,4,reg,2025-11,⑤,0.06090871958568802,⑤ 시장과열·단기 트리거
3,4,reg,2025-11,⑥,0.00019943705410696566,⑥ 거시경기·금융시장 여건
3,4,reg,2025-11,모,0.03763320377009793,타깃 모멘텀(past1·3·6)
3,4,reg,2025-11,지,-0.0003600065605918342,지역 더미
3,4,reg,2025-12,①,0.0006456007645856746,① 임차수요 압력
3,4,reg,2025-12,②,-0.001449478418906728,② 주택공급·재고 여건
3,4,reg,2025-12,③,0.011671260971502116,③ 금융여건·상대가격
3,4,reg,2025-12,④,0.006062331740395166,④ 임대시장 수급·전환 구조
3,4,reg,2025-12,⑤,0.0520779160399209,⑤ 시장과열·단기 트리거
3,4,reg,2025-12,⑥,0.0041747423139352315,⑥ 거시경기·금융시장 여건
3,4,reg,2025-12,모,0.05471624452769117,타깃 모멘텀(past1·3·6)
3,4,reg,2025-12,지,-0.00022989828516433103,지역 더미
3,4,reg,2026-01,①,0.0012997025830273521,① 임차수요 압력
3,4,reg,2026-01,②,-0.002251943785718866,② 주택공급·재고 여건
3,4,reg,2026-01,③,0.016289315447641707,③ 금융여건·상대가격
3,4,reg,2026-01,④,0.007128865994298608,④ 임대시장 수급·전환 구조
3,4,reg,2026-01,⑤,0.06316201171755571,⑤ 시장과열·단기 트리거
3,4,reg,2026-01,⑥,0.00528912729168128,⑥ 거시경기·금융시장 여건
3,4,reg,2026-01,모,0.08356373631064415,타깃 모멘텀(past1·3·6)
3,4,reg,2026-01,지,1.3198410185512355e-05,지역 더미
3,4,reg,2026-02,①,0.0023110227951850396,① 임차수요 압력
3,4,reg,2026-02,②,0.0016314133904912723,② 주택공급·재고 여건
3,4,reg,2026-02,③,0.018356855642807448,③ 금융여건·상대가격
3,4,reg,2026-02,④,0.008874121045343653,④ 임대시장 수급·전환 구조
3,4,reg,2026-02,⑤,0.08204302378512426,⑤ 시장과열·단기 트리거
3,4,reg,2026-02,⑥,0.006520454374042433,⑥ 거시경기·금융시장 여건
3,4,reg,2026-02,모,0.10086728944831218,타깃 모멘텀(past1·3·6)
3,4,reg,2026-02,지,-6.070431748799461e-05,지역 더미
3,4,reg,2026-03,①,-0.00039008731450963796,① 임차수요 압력
3,4,reg,2026-03,②,0.00017074704213454798,② 주택공급·재고 여건
3,4,reg,2026-03,③,0.009490486050402857,③ 금융여건·상대가격
3,4,reg,2026-03,④,0.005274923317141228,④ 임대시장 수급·전환 구조
3,4,reg,2026-03,⑤,0.04230431159478886,⑤ 시장과열·단기 트리거
3,4,reg,2026-03,⑥,0.00460086371570539,⑥ 거시경기·금융시장 여건
3,4,reg,2026-03,모,0.06961867495499295,타깃 모멘텀(past1·3·6)
3,4,reg,2026-03,지,-4.268157659007116e-05,지역 더미
3,4,reg,2026-04,①,0.0020225381966370417,① 임차수요 압력
3,4,reg,2026-04,②,-0.00162364509994687,② 주택공급·재고 여건
3,4,reg,2026-04,③,0.009705618849785278,③ 금융여건·상대가격
3,4,reg,2026-04,④,0.009971980964217116,④ 임대시장 수급·전환 구조
3,4,reg,2026-04,⑤,0.039966149392592555,⑤ 시장과열·단기 트리거
3,4,reg,2026-04,⑥,0.0035068521615090396,⑥ 거시경기·금융시장 여건
3,4,reg,2026-04,모,0.10453126436700319,타깃 모멘텀(past1·3·6)
3,4,reg,2026-04,지,6.914385935755597e-05,지역 더미
3,4,reg,2026-05,①,0.0026864328847448693,① 임차수요 압력
3,4,reg,2026-05,②,-0.0009785632043049725,② 주택공급·재고 여건
3,4,reg,2026-05,③,0.006410185672141496,③ 금융여건·상대가격
3,4,reg,2026-05,④,0.01092542460986913,④ 임대시장 수급·전환 구조
3,4,reg,2026-05,⑤,0.04791821750319179,⑤ 시장과열·단기 트리거
3,4,reg,2026-05,⑥,0.0059203831860200375,⑥ 거시경기·금융시장 여건
3,4,reg,2026-05,모,0.11483327624634565,타깃 모멘텀(past1·3·6)
3,4,reg,2026-05,지,1.0509695998750704e-05,지역 더미
3,4,reg,2026-06,①,0.0035484528392572896,① 임차수요 압력
3,4,reg,2026-06,②,0.0009555204257495239,② 주택공급·재고 여건
3,4,reg,2026-06,③,0.01015636749015808,③ 금융여건·상대가격
3,4,reg,2026-06,④,0.01115272094231092,④ 임대시장 수급·전환 구조
3,4,reg,2026-06,⑤,0.0487427965957014,⑤ 시장과열·단기 트리거
3,4,reg,2026-06,⑥,0.0062887128219596775,⑥ 거시경기·금융시장 여건
3,4,reg,2026-06,모,0.09869865278083392,타깃 모멘텀(past1·3·6)
3,4,reg,2026-06,지,1.8481351387349463e-05,지역 더미
3,4,up,2019-09,①,-0.2942381493371575,① 임차수요 압력
3,4,up,2019-09,②,-0.03830979174167356,② 주택공급·재고 여건
3,4,up,2019-09,③,0.0056927422014605095,③ 금융여건·상대가격
3,4,up,2019-09,④,-0.09998449317508322,④ 임대시장 수급·전환 구조
3,4,up,2019-09,⑤,-0.05913696887300295,⑤ 시장과열·단기 트리거
3,4,up,2019-09,⑥,-0.0017067350877019076,⑥ 거시경기·금융시장 여건
3,4,up,2019-09,모,-0.22370114820260628,타깃 모멘텀(past1·3·6)
3,4,up,2019-09,지,0.0,지역 더미
3,4,up,2019-10,①,-0.26917032258851187,① 임차수요 압력
3,4,up,2019-10,②,-0.040156815600182326,② 주택공급·재고 여건
3,4,up,2019-10,③,-0.022957815646835675,③ 금융여건·상대가격
3,4,up,2019-10,④,-0.08114187885075808,④ 임대시장 수급·전환 구조
3,4,up,2019-10,⑤,0.014732578440624125,⑤ 시장과열·단기 트리거
3,4,up,2019-10,⑥,-0.007574593707312286,⑥ 거시경기·금융시장 여건
3,4,up,2019-10,모,-0.2361411638557911,타깃 모멘텀(past1·3·6)
3,4,up,2019-10,지,0.0,지역 더미
3,4,up,2019-11,①,-0.2740891643666795,① 임차수요 압력
3,4,up,2019-11,②,-0.04508453092201292,② 주택공급·재고 여건
3,4,up,2019-11,③,-0.017586949582704726,③ 금융여건·상대가격
3,4,up,2019-11,④,-0.044793731779517496,④ 임대시장 수급·전환 구조
3,4,up,2019-11,⑤,0.1551330773269429,⑤ 시장과열·단기 트리거
3,4,up,2019-11,⑥,-0.01575023745190841,⑥ 거시경기·금융시장 여건
3,4,up,2019-11,모,-0.24995748121656625,타깃 모멘텀(past1·3·6)
3,4,up,2019-11,지,0.0,지역 더미
3,4,up,2019-12,①,-0.26102515610576676,① 임차수요 압력
3,4,up,2019-12,②,-0.0399408917717573,② 주택공급·재고 여건
3,4,up,2019-12,③,-0.025761991492746508,③ 금융여건·상대가격
3,4,up,2019-12,④,-0.04169663943021613,④ 임대시장 수급·전환 구조
3,4,up,2019-12,⑤,0.14356574503814473,⑤ 시장과열·단기 트리거
3,4,up,2019-12,⑥,-0.01837948271140827,⑥ 거시경기·금융시장 여건
3,4,up,2019-12,모,-0.21700955343012715,타깃 모멘텀(past1·3·6)
3,4,up,2019-12,지,0.0,지역 더미
3,4,up,2020-01,①,-0.2155974489174971,① 임차수요 압력
3,4,up,2020-01,②,-0.04333450311810529,② 주택공급·재고 여건
3,4,up,2020-01,③,-0.02296644761109678,③ 금융여건·상대가격
3,4,up,2020-01,④,-0.05156639138894046,④ 임대시장 수급·전환 구조
3,4,up,2020-01,⑤,0.029793258756399155,⑤ 시장과열·단기 트리거
3,4,up,2020-01,⑥,-0.028954949579728405,⑥ 거시경기·금융시장 여건
3,4,up,2020-01,모,-0.1373178730444873,타깃 모멘텀(past1·3·6)
3,4,up,2020-01,지,0.0,지역 더미
3,4,up,2020-02,①,-0.1617652745056553,① 임차수요 압력
3,4,up,2020-02,②,-0.10978307378157473,② 주택공급·재고 여건
3,4,up,2020-02,③,-0.014771872342900694,③ 금융여건·상대가격
3,4,up,2020-02,④,0.054853327846264135,④ 임대시장 수급·전환 구조
3,4,up,2020-02,⑤,0.0,⑤ 시장과열·단기 트리거
3,4,up,2020-02,⑥,-0.04343497652847033,⑥ 거시경기·금융시장 여건
3,4,up,2020-02,모,-0.04805879689314786,타깃 모멘텀(past1·3·6)
3,4,up,2020-02,지,0.0,지역 더미
3,4,up,2020-03,①,-0.2041007375829861,① 임차수요 압력
3,4,up,2020-03,②,-0.041498212347261046,② 주택공급·재고 여건
3,4,up,2020-03,③,0.026231614835638583,③ 금융여건·상대가격
3,4,up,2020-03,④,0.029777084970298934,④ 임대시장 수급·전환 구조
3,4,up,2020-03,⑤,0.03214637957075063,⑤ 시장과열·단기 트리거
3,4,up,2020-03,⑥,-0.025077137944385475,⑥ 거시경기·금융시장 여건
3,4,up,2020-03,모,-0.05779293387690011,타깃 모멘텀(past1·3·6)
3,4,up,2020-03,지,0.0,지역 더미
3,4,up,2020-04,①,-0.25456866880237056,① 임차수요 압력
3,4,up,2020-04,②,-0.026771206518306452,② 주택공급·재고 여건
3,4,up,2020-04,③,-0.005453155509063176,③ 금융여건·상대가격
3,4,up,2020-04,④,0.00900796999442665,④ 임대시장 수급·전환 구조
3,4,up,2020-04,⑤,-0.43023956347914305,⑤ 시장과열·단기 트리거
3,4,up,2020-04,⑥,0.0010602030991597683,⑥ 거시경기·금융시장 여건
3,4,up,2020-04,모,-0.10500860477195066,타깃 모멘텀(past1·3·6)
3,4,up,2020-04,지,0.0,지역 더미
3,4,up,2020-05,①,-0.20406476698596687,① 임차수요 압력
3,4,up,2020-05,②,-0.06272383510064677,② 주택공급·재고 여건
3,4,up,2020-05,③,-0.010859239639072609,③ 금융여건·상대가격
3,4,up,2020-05,④,-0.06779303119572647,④ 임대시장 수급·전환 구조
3,4,up,2020-05,⑤,-0.4269939114010948,⑤ 시장과열·단기 트리거
3,4,up,2020-05,⑥,-0.00966721764508618,⑥ 거시경기·금융시장 여건
3,4,up,2020-05,모,-0.13726965962525675,타깃 모멘텀(past1·3·6)
3,4,up,2020-05,지,0.0,지역 더미
3,4,up,2020-06,①,-0.1851269235568387,① 임차수요 압력
3,4,up,2020-06,②,-0.08803716137566987,② 주택공급·재고 여건
3,4,up,2020-06,③,-0.03183995998081039,③ 금융여건·상대가격
3,4,up,2020-06,④,-0.13078655436744585,④ 임대시장 수급·전환 구조
3,4,up,2020-06,⑤,0.025614967241006738,⑤ 시장과열·단기 트리거
3,4,up,2020-06,⑥,-0.006318439818008453,⑥ 거시경기·금융시장 여건
3,4,up,2020-06,모,-0.2474626589785604,타깃 모멘텀(past1·3·6)
3,4,up,2020-06,지,-0.0013366347584860547,지역 더미
3,4,up,2020-07,①,-0.20124709255946407,① 임차수요 압력
3,4,up,2020-07,②,-0.06923124716938042,② 주택공급·재고 여건
3,4,up,2020-07,③,-0.0024112786182022396,③ 금융여건·상대가격
3,4,up,2020-07,④,-0.11214361744521953,④ 임대시장 수급·전환 구조
3,4,up,2020-07,⑤,0.24602285224725218,⑤ 시장과열·단기 트리거
3,4,up,2020-07,⑥,-0.015730706068826206,⑥ 거시경기·금융시장 여건
3,4,up,2020-07,모,-0.08152467680766302,타깃 모멘텀(past1·3·6)
3,4,up,2020-07,지,0.0,지역 더미
3,4,up,2020-08,①,-0.2339377880346875,① 임차수요 압력
3,4,up,2020-08,②,-0.05004411332403161,② 주택공급·재고 여건
3,4,up,2020-08,③,0.01922816942258104,③ 금융여건·상대가격
3,4,up,2020-08,④,0.07695790826726485,④ 임대시장 수급·전환 구조
3,4,up,2020-08,⑤,0.1740071335259606,⑤ 시장과열·단기 트리거
3,4,up,2020-08,⑥,0.014176387348258657,⑥ 거시경기·금융시장 여건
3,4,up,2020-08,모,-0.06637732666351047,타깃 모멘텀(past1·3·6)
3,4,up,2020-08,지,0.0,지역 더미
3,4,up,2020-09,①,-0.1223200338446543,① 임차수요 압력
3,4,up,2020-09,②,-0.06155960248517139,② 주택공급·재고 여건
3,4,up,2020-09,③,-0.021622231961893185,③ 금융여건·상대가격
3,4,up,2020-09,④,0.055545743369935625,④ 임대시장 수급·전환 구조
3,4,up,2020-09,⑤,0.4233900127822862,⑤ 시장과열·단기 트리거
3,4,up,2020-09,⑥,-0.004995237589219576,⑥ 거시경기·금융시장 여건
3,4,up,2020-09,모,0.05665467942462248,타깃 모멘텀(past1·3·6)
3,4,up,2020-09,지,0.0,지역 더미
3,4,up,2020-10,①,-0.1697089502572262,① 임차수요 압력
3,4,up,2020-10,②,-0.08560010364294804,② 주택공급·재고 여건
3,4,up,2020-10,③,-0.00033701727745913656,③ 금융여건·상대가격
3,4,up,2020-10,④,0.008053577806362334,④ 임대시장 수급·전환 구조
3,4,up,2020-10,⑤,0.4951911936787998,⑤ 시장과열·단기 트리거
3,4,up,2020-10,⑥,-0.012935140014234172,⑥ 거시경기·금융시장 여건
3,4,up,2020-10,모,0.18418376496536473,타깃 모멘텀(past1·3·6)
3,4,up,2020-10,지,0.0,지역 더미
3,4,up,2020-11,①,-0.14833545056367373,① 임차수요 압력
3,4,up,2020-11,②,-0.07396292252595216,② 주택공급·재고 여건
3,4,up,2020-11,③,-0.04771555566322841,③ 금융여건·상대가격
3,4,up,2020-11,④,-0.02268292911022025,④ 임대시장 수급·전환 구조
3,4,up,2020-11,⑤,0.5100618346649057,⑤ 시장과열·단기 트리거
3,4,up,2020-11,⑥,-0.05940823432066524,⑥ 거시경기·금융시장 여건
3,4,up,2020-11,모,0.1708909239181701,타깃 모멘텀(past1·3·6)
3,4,up,2020-11,지,-0.0013227038936219002,지역 더미
3,4,up,2020-12,①,-0.16411805832406365,① 임차수요 압력
3,4,up,2020-12,②,-0.05591573995858932,② 주택공급·재고 여건
3,4,up,2020-12,③,-0.040649485770425126,③ 금융여건·상대가격
3,4,up,2020-12,④,-0.02079243289635462,④ 임대시장 수급·전환 구조
3,4,up,2020-12,⑤,0.5519879653173334,⑤ 시장과열·단기 트리거
3,4,up,2020-12,⑥,-0.02045280328526149,⑥ 거시경기·금융시장 여건
3,4,up,2020-12,모,0.2857467218064794,타깃 모멘텀(past1·3·6)
3,4,up,2020-12,지,-0.0011067404041137663,지역 더미
3,4,up,2021-01,①,-0.12398156330396398,① 임차수요 압력
3,4,up,2021-01,②,-0.0772505691353263,② 주택공급·재고 여건
3,4,up,2021-01,③,-0.04533806667338368,③ 금융여건·상대가격
3,4,up,2021-01,④,0.032947255942203546,④ 임대시장 수급·전환 구조
3,4,up,2021-01,⑤,0.5485013451646356,⑤ 시장과열·단기 트리거
3,4,up,2021-01,⑥,-0.044007837342528194,⑥ 거시경기·금융시장 여건
3,4,up,2021-01,모,0.6990815013574034,타깃 모멘텀(past1·3·6)
3,4,up,2021-01,지,-0.0006345423795669549,지역 더미
3,4,up,2021-02,①,-0.0764346388168633,① 임차수요 압력
3,4,up,2021-02,②,-0.06745019443959248,② 주택공급·재고 여건
3,4,up,2021-02,③,0.00948283466522214,③ 금융여건·상대가격
3,4,up,2021-02,④,0.08554293914451538,④ 임대시장 수급·전환 구조
3,4,up,2021-02,⑤,0.7129391718874959,⑤ 시장과열·단기 트리거
3,4,up,2021-02,⑥,-0.02706850762373654,⑥ 거시경기·금융시장 여건
3,4,up,2021-02,모,0.677595850189819,타깃 모멘텀(past1·3·6)
3,4,up,2021-02,지,0.0,지역 더미
3,4,up,2021-03,①,-0.03582550867014572,① 임차수요 압력
3,4,up,2021-03,②,-0.05726211457298051,② 주택공급·재고 여건
3,4,up,2021-03,③,0.010325492253065296,③ 금융여건·상대가격
3,4,up,2021-03,④,0.006959791853339137,④ 임대시장 수급·전환 구조
3,4,up,2021-03,⑤,0.4926023781299591,⑤ 시장과열·단기 트리거
3,4,up,2021-03,⑥,-0.011768261072377577,⑥ 거시경기·금융시장 여건
3,4,up,2021-03,모,0.690046201021794,타깃 모멘텀(past1·3·6)
3,4,up,2021-03,지,0.0,지역 더미
3,4,up,2021-04,①,-0.051069291586353746,① 임차수요 압력
3,4,up,2021-04,②,-0.06561260544225386,② 주택공급·재고 여건
3,4,up,2021-04,③,-0.015557196558680103,③ 금융여건·상대가격
3,4,up,2021-04,④,-0.0897944386336295,④ 임대시장 수급·전환 구조
3,4,up,2021-04,⑤,-0.04857042327742366,⑤ 시장과열·단기 트리거
3,4,up,2021-04,⑥,-0.02117395518575184,⑥ 거시경기·금융시장 여건
3,4,up,2021-04,모,0.5537552775121203,타깃 모멘텀(past1·3·6)
3,4,up,2021-04,지,-1.4023536294183103e-05,지역 더미
3,4,up,2021-05,①,-0.030195362331783947,① 임차수요 압력
3,4,up,2021-05,②,-0.06531549721737118,② 주택공급·재고 여건
3,4,up,2021-05,③,-0.003656597115381175,③ 금융여건·상대가격
3,4,up,2021-05,④,-0.13018158752032938,④ 임대시장 수급·전환 구조
3,4,up,2021-05,⑤,-0.15614552059046485,⑤ 시장과열·단기 트리거
3,4,up,2021-05,⑥,-0.046704439037559525,⑥ 거시경기·금융시장 여건
3,4,up,2021-05,모,0.3872850940964532,타깃 모멘텀(past1·3·6)
3,4,up,2021-05,지,0.0003282898854928343,지역 더미
3,4,up,2021-06,①,-0.06067206999365272,① 임차수요 압력
3,4,up,2021-06,②,-0.0525870340477143,② 주택공급·재고 여건
3,4,up,2021-06,③,-0.03611005172319319,③ 금융여건·상대가격
3,4,up,2021-06,④,-0.0812968826469253,④ 임대시장 수급·전환 구조
3,4,up,2021-06,⑤,-0.05929408507312045,⑤ 시장과열·단기 트리거
3,4,up,2021-06,⑥,-0.03836930558355146,⑥ 거시경기·금융시장 여건
3,4,up,2021-06,모,0.19522655983546786,타깃 모멘텀(past1·3·6)
3,4,up,2021-06,지,0.0002328288277359776,지역 더미
3,4,up,2021-07,①,-0.04129556827188446,① 임차수요 압력
3,4,up,2021-07,②,-0.04369067261386819,② 주택공급·재고 여건
3,4,up,2021-07,③,-0.0445919714715457,③ 금융여건·상대가격
3,4,up,2021-07,④,-0.04020713380647495,④ 임대시장 수급·전환 구조
3,4,up,2021-07,⑤,0.20142953338868477,⑤ 시장과열·단기 트리거
3,4,up,2021-07,⑥,0.01190815091857948,⑥ 거시경기·금융시장 여건
3,4,up,2021-07,모,0.33095150212665986,타깃 모멘텀(past1·3·6)
3,4,up,2021-07,지,-0.000689972656099029,지역 더미
3,4,up,2021-08,①,-0.04900964567273417,① 임차수요 압력
3,4,up,2021-08,②,-0.032286208076011236,② 주택공급·재고 여건
3,4,up,2021-08,③,-0.04222870729041889,③ 금융여건·상대가격
3,4,up,2021-08,④,-0.05606785653884906,④ 임대시장 수급·전환 구조
3,4,up,2021-08,⑤,0.41685189768288505,⑤ 시장과열·단기 트리거
3,4,up,2021-08,⑥,-0.052310106263399055,⑥ 거시경기·금융시장 여건
3,4,up,2021-08,모,0.2289304941819579,타깃 모멘텀(past1·3·6)
3,4,up,2021-08,지,-3.2005283762426936e-05,지역 더미
3,4,up,2021-09,①,-0.05875152787350181,① 임차수요 압력
3,4,up,2021-09,②,-0.027064902938808463,② 주택공급·재고 여건
3,4,up,2021-09,③,-0.024216257519980876,③ 금융여건·상대가격
3,4,up,2021-09,④,-0.03125315924133996,④ 임대시장 수급·전환 구조
3,4,up,2021-09,⑤,0.3193198504364666,⑤ 시장과열·단기 트리거
3,4,up,2021-09,⑥,-0.047785737201449255,⑥ 거시경기·금융시장 여건
3,4,up,2021-09,모,0.4390666488667621,타깃 모멘텀(past1·3·6)
3,4,up,2021-09,지,-0.00032588460073390633,지역 더미
3,4,up,2021-10,①,-0.0718569329102375,① 임차수요 압력
3,4,up,2021-10,②,-0.028255265863502726,② 주택공급·재고 여건
3,4,up,2021-10,③,-0.005179169308002882,③ 금융여건·상대가격
3,4,up,2021-10,④,-0.029381846810471925,④ 임대시장 수급·전환 구조
3,4,up,2021-10,⑤,0.2717104918487808,⑤ 시장과열·단기 트리거
3,4,up,2021-10,⑥,-0.04162991994241783,⑥ 거시경기·금융시장 여건
3,4,up,2021-10,모,0.4585650531830741,타깃 모멘텀(past1·3·6)
3,4,up,2021-10,지,-0.0011746267873510255,지역 더미
3,4,up,2021-11,①,-0.06409022341552778,① 임차수요 압력
3,4,up,2021-11,②,-0.03323096173478901,② 주택공급·재고 여건
3,4,up,2021-11,③,-0.02374820165705922,③ 금융여건·상대가격
3,4,up,2021-11,④,-0.0780129417338792,④ 임대시장 수급·전환 구조
3,4,up,2021-11,⑤,-0.26170700481709314,⑤ 시장과열·단기 트리거
3,4,up,2021-11,⑥,0.029172068553433093,⑥ 거시경기·금융시장 여건
3,4,up,2021-11,모,0.6075564229897424,타깃 모멘텀(past1·3·6)
3,4,up,2021-11,지,-0.0004210506538074193,지역 더미
3,4,up,2021-12,①,-0.011798030627351411,① 임차수요 압력
3,4,up,2021-12,②,0.008584941064297151,② 주택공급·재고 여건
3,4,up,2021-12,③,-0.017921065666591515,③ 금융여건·상대가격
3,4,up,2021-12,④,-0.12522058068391154,④ 임대시장 수급·전환 구조
3,4,up,2021-12,⑤,-0.8570163996123216,⑤ 시장과열·단기 트리거
3,4,up,2021-12,⑥,0.05238798293019055,⑥ 거시경기·금융시장 여건
3,4,up,2021-12,모,0.5594959428497389,타깃 모멘텀(past1·3·6)
3,4,up,2021-12,지,-0.00022314522301803978,지역 더미
3,4,up,2022-01,①,-0.006635814502115259,① 임차수요 압력
3,4,up,2022-01,②,0.02198623339528171,② 주택공급·재고 여건
3,4,up,2022-01,③,0.00908238164241183,③ 금융여건·상대가격
3,4,up,2022-01,④,-0.09253506565137821,④ 임대시장 수급·전환 구조
3,4,up,2022-01,⑤,-1.069763332605362,⑤ 시장과열·단기 트리거
3,4,up,2022-01,⑥,0.05765818594164759,⑥ 거시경기·금융시장 여건
3,4,up,2022-01,모,0.4575568181919117,타깃 모멘텀(past1·3·6)
3,4,up,2022-01,지,-0.0014674328005740542,지역 더미
3,4,up,2022-02,①,-0.004162998306525855,① 임차수요 압력
3,4,up,2022-02,②,0.030567165376117623,② 주택공급·재고 여건
3,4,up,2022-02,③,-0.04155630160645511,③ 금융여건·상대가격
3,4,up,2022-02,④,-0.08032193049952827,④ 임대시장 수급·전환 구조
3,4,up,2022-02,⑤,-1.1364905010251438,⑤ 시장과열·단기 트리거
3,4,up,2022-02,⑥,0.02959613795829431,⑥ 거시경기·금융시장 여건
3,4,up,2022-02,모,0.18570440933656165,타깃 모멘텀(past1·3·6)
3,4,up,2022-02,지,-0.001087931149146136,지역 더미
3,4,up,2022-03,①,0.0027158303233254855,① 임차수요 압력
3,4,up,2022-03,②,0.03927747125760848,② 주택공급·재고 여건
3,4,up,2022-03,③,-0.05625079556156983,③ 금융여건·상대가격
3,4,up,2022-03,④,-0.12135157286641463,④ 임대시장 수급·전환 구조
3,4,up,2022-03,⑤,-1.0475919921608532,⑤ 시장과열·단기 트리거
3,4,up,2022-03,⑥,-0.03755308774972073,⑥ 거시경기·금융시장 여건
3,4,up,2022-03,모,0.07460804192312792,타깃 모멘텀(past1·3·6)
3,4,up,2022-03,지,-0.00023054546808701486,지역 더미
3,4,up,2022-04,①,0.011198793919443959,① 임차수요 압력
3,4,up,2022-04,②,0.020269157490184327,② 주택공급·재고 여건
3,4,up,2022-04,③,-0.07137899396612364,③ 금융여건·상대가격
3,4,up,2022-04,④,-0.12171112172483631,④ 임대시장 수급·전환 구조
3,4,up,2022-04,⑤,-0.9046498282867319,⑤ 시장과열·단기 트리거
3,4,up,2022-04,⑥,0.02141111011920303,⑥ 거시경기·금융시장 여건
3,4,up,2022-04,모,-0.009879314651091894,타깃 모멘텀(past1·3·6)
3,4,up,2022-04,지,-0.0018338309302861613,지역 더미
3,4,up,2022-05,①,0.01016208777564163,① 임차수요 압력
3,4,up,2022-05,②,0.01745770370368572,② 주택공급·재고 여건
3,4,up,2022-05,③,-0.0889018827109175,③ 금융여건·상대가격
3,4,up,2022-05,④,-0.11500857649234068,④ 임대시장 수급·전환 구조
3,4,up,2022-05,⑤,-0.881364593611044,⑤ 시장과열·단기 트리거
3,4,up,2022-05,⑥,0.03965943378746105,⑥ 거시경기·금융시장 여건
3,4,up,2022-05,모,-0.03578567453751377,타깃 모멘텀(past1·3·6)
3,4,up,2022-05,지,-0.0015379787405798127,지역 더미
3,4,up,2022-06,①,0.007741095809297276,① 임차수요 압력
3,4,up,2022-06,②,0.008004434629805199,② 주택공급·재고 여건
3,4,up,2022-06,③,-0.09488243202164284,③ 금융여건·상대가격
3,4,up,2022-06,④,-0.06881649526493515,④ 임대시장 수급·전환 구조
3,4,up,2022-06,⑤,-0.9840783154701486,⑤ 시장과열·단기 트리거
3,4,up,2022-06,⑥,0.03168052953996641,⑥ 거시경기·금융시장 여건
3,4,up,2022-06,모,-0.010494385060726428,타깃 모멘텀(past1·3·6)
3,4,up,2022-06,지,-0.002034574947287699,지역 더미
3,4,up,2022-07,①,0.0012683796015481989,① 임차수요 압력
3,4,up,2022-07,②,0.00534487928619937,② 주택공급·재고 여건
3,4,up,2022-07,③,-0.07265999140374425,③ 금융여건·상대가격
3,4,up,2022-07,④,-0.039496624342385024,④ 임대시장 수급·전환 구조
3,4,up,2022-07,⑤,-0.8958154162939858,⑤ 시장과열·단기 트리거
3,4,up,2022-07,⑥,0.023906447117667796,⑥ 거시경기·금융시장 여건
3,4,up,2022-07,모,-0.16355488228374251,타깃 모멘텀(past1·3·6)
3,4,up,2022-07,지,-0.0006783394503308891,지역 더미
3,4,up,2022-08,①,-0.013827281542310194,① 임차수요 압력
3,4,up,2022-08,②,0.013007054718782609,② 주택공급·재고 여건
3,4,up,2022-08,③,-0.08821135473353475,③ 금융여건·상대가격
3,4,up,2022-08,④,-0.09540200951125692,④ 임대시장 수급·전환 구조
3,4,up,2022-08,⑤,-1.0353503832045723,⑤ 시장과열·단기 트리거
3,4,up,2022-08,⑥,0.02980836225795766,⑥ 거시경기·금융시장 여건
3,4,up,2022-08,모,-0.08360338189146098,타깃 모멘텀(past1·3·6)
3,4,up,2022-08,지,-0.0009267408868852216,지역 더미
3,4,up,2022-09,①,-0.007358714859901356,① 임차수요 압력
3,4,up,2022-09,②,0.020291788557333042,② 주택공급·재고 여건
3,4,up,2022-09,③,-0.07421439358311072,③ 금융여건·상대가격
3,4,up,2022-09,④,-0.13413357768919976,④ 임대시장 수급·전환 구조
3,4,up,2022-09,⑤,-0.9582303753670525,⑤ 시장과열·단기 트리거
3,4,up,2022-09,⑥,0.008724364129419763,⑥ 거시경기·금융시장 여건
3,4,up,2022-09,모,-0.15603063009021914,타깃 모멘텀(past1·3·6)
3,4,up,2022-09,지,-0.0006803707360647696,지역 더미
3,4,up,2022-10,①,-0.042744054120061374,① 임차수요 압력
3,4,up,2022-10,②,0.010079447105683448,② 주택공급·재고 여건
3,4,up,2022-10,③,-0.07341194240877233,③ 금융여건·상대가격
3,4,up,2022-10,④,-0.11854935900705374,④ 임대시장 수급·전환 구조
3,4,up,2022-10,⑤,-0.8667256095830131,⑤ 시장과열·단기 트리거
3,4,up,2022-10,⑥,0.01976176525563069,⑥ 거시경기·금융시장 여건
3,4,up,2022-10,모,-0.25446083688852833,타깃 모멘텀(past1·3·6)
3,4,up,2022-10,지,-0.000714929366345714,지역 더미
3,4,up,2022-11,①,-0.03514918840310278,① 임차수요 압력
3,4,up,2022-11,②,0.0011153941071091393,② 주택공급·재고 여건
3,4,up,2022-11,③,-0.1013748822723977,③ 금융여건·상대가격
3,4,up,2022-11,④,-0.09530159799888839,④ 임대시장 수급·전환 구조
3,4,up,2022-11,⑤,-1.0278057149227928,⑤ 시장과열·단기 트리거
3,4,up,2022-11,⑥,-0.008950308980883786,⑥ 거시경기·금융시장 여건
3,4,up,2022-11,모,-0.4245541821069577,타깃 모멘텀(past1·3·6)
3,4,up,2022-11,지,-0.0001583282963073068,지역 더미
3,4,up,2022-12,①,-0.15039336959099664,① 임차수요 압력
3,4,up,2022-12,②,0.011187044860591659,② 주택공급·재고 여건
3,4,up,2022-12,③,-0.12951910966775426,③ 금융여건·상대가격
3,4,up,2022-12,④,-0.10251873178297982,④ 임대시장 수급·전환 구조
3,4,up,2022-12,⑤,-0.8050822146675166,⑤ 시장과열·단기 트리거
3,4,up,2022-12,⑥,-0.010119258910754688,⑥ 거시경기·금융시장 여건
3,4,up,2022-12,모,-0.5433045984702367,타깃 모멘텀(past1·3·6)
3,4,up,2022-12,지,-0.001183437080578524,지역 더미
3,4,up,2023-01,①,-0.14129302864150778,① 임차수요 압력
3,4,up,2023-01,②,0.021357409184516854,② 주택공급·재고 여건
3,4,up,2023-01,③,-0.13147176652872825,③ 금융여건·상대가격
3,4,up,2023-01,④,-0.059280241586213166,④ 임대시장 수급·전환 구조
3,4,up,2023-01,⑤,-0.7342327671015964,⑤ 시장과열·단기 트리거
3,4,up,2023-01,⑥,-0.017890424214775477,⑥ 거시경기·금융시장 여건
3,4,up,2023-01,모,-0.7235280638332388,타깃 모멘텀(past1·3·6)
3,4,up,2023-01,지,-0.00041150670517944957,지역 더미
3,4,up,2023-02,①,-0.12763852792392885,① 임차수요 압력
3,4,up,2023-02,②,0.018278437917034665,② 주택공급·재고 여건
3,4,up,2023-02,③,-0.1270377990347529,③ 금융여건·상대가격
3,4,up,2023-02,④,-0.036444282104425574,④ 임대시장 수급·전환 구조
3,4,up,2023-02,⑤,-0.7923456636421821,⑤ 시장과열·단기 트리거
3,4,up,2023-02,⑥,-0.026696247769292122,⑥ 거시경기·금융시장 여건
3,4,up,2023-02,모,-0.7920130454186424,타깃 모멘텀(past1·3·6)
3,4,up,2023-02,지,-0.0006736148483922324,지역 더미
3,4,up,2023-03,①,-0.14104977849980488,① 임차수요 압력
3,4,up,2023-03,②,0.00683776761146904,② 주택공급·재고 여건
3,4,up,2023-03,③,-0.1080846773399854,③ 금융여건·상대가격
3,4,up,2023-03,④,-0.05765747050549287,④ 임대시장 수급·전환 구조
3,4,up,2023-03,⑤,-0.8160967454314232,⑤ 시장과열·단기 트리거
3,4,up,2023-03,⑥,-0.03946202459884175,⑥ 거시경기·금융시장 여건
3,4,up,2023-03,모,-0.7312719821929932,타깃 모멘텀(past1·3·6)
3,4,up,2023-03,지,-0.0008022381463265336,지역 더미
3,4,up,2023-04,①,-0.14138476744669826,① 임차수요 압력
3,4,up,2023-04,②,0.004013386680235883,② 주택공급·재고 여건
3,4,up,2023-04,③,-0.11919021871461369,③ 금융여건·상대가격
3,4,up,2023-04,④,0.05747018532608362,④ 임대시장 수급·전환 구조
3,4,up,2023-04,⑤,-0.7485674698563183,⑤ 시장과열·단기 트리거
3,4,up,2023-04,⑥,-0.040742801671965694,⑥ 거시경기·금융시장 여건
3,4,up,2023-04,모,-0.7404903126697914,타깃 모멘텀(past1·3·6)
3,4,up,2023-04,지,-0.0006492235037179142,지역 더미
3,4,up,2023-05,①,-0.1339141394426467,① 임차수요 압력
3,4,up,2023-05,②,0.01555243565430943,② 주택공급·재고 여건
3,4,up,2023-05,③,-0.1321036271670708,③ 금융여건·상대가격
3,4,up,2023-05,④,0.09391419055378612,④ 임대시장 수급·전환 구조
3,4,up,2023-05,⑤,-0.8171488427940536,⑤ 시장과열·단기 트리거
3,4,up,2023-05,⑥,-0.00011035238710817843,⑥ 거시경기·금융시장 여건
3,4,up,2023-05,모,-0.7464017514504638,타깃 모멘텀(past1·3·6)
3,4,up,2023-05,지,-0.0006632023856727,지역 더미
3,4,up,2023-06,①,-0.1638644826627814,① 임차수요 압력
3,4,up,2023-06,②,0.005843407537068138,② 주택공급·재고 여건
3,4,up,2023-06,③,-0.1353482277535622,③ 금융여건·상대가격
3,4,up,2023-06,④,0.11567975348546444,④ 임대시장 수급·전환 구조
3,4,up,2023-06,⑤,-0.6782375201582909,⑤ 시장과열·단기 트리거
3,4,up,2023-06,⑥,-0.0006282631209335075,⑥ 거시경기·금융시장 여건
3,4,up,2023-06,모,-0.8044355125988231,타깃 모멘텀(past1·3·6)
3,4,up,2023-06,지,-0.00021198375801520364,지역 더미
3,4,up,2023-07,①,-0.1819320866885055,① 임차수요 압력
3,4,up,2023-07,②,-0.01396253248559264,② 주택공급·재고 여건
3,4,up,2023-07,③,-0.12619198610254823,③ 금융여건·상대가격
3,4,up,2023-07,④,0.09351191029931857,④ 임대시장 수급·전환 구조
3,4,up,2023-07,⑤,-0.6884182393550873,⑤ 시장과열·단기 트리거
3,4,up,2023-07,⑥,0.013975280229575358,⑥ 거시경기·금융시장 여건
3,4,up,2023-07,모,-0.7333171659824895,타깃 모멘텀(past1·3·6)
3,4,up,2023-07,지,-0.0005443028277462948,지역 더미
3,4,up,2023-08,①,-0.16330618022729745,① 임차수요 압력
3,4,up,2023-08,②,-0.004236064652204044,② 주택공급·재고 여건
3,4,up,2023-08,③,-0.11547134538130256,③ 금융여건·상대가격
3,4,up,2023-08,④,0.04394105058813961,④ 임대시장 수급·전환 구조
3,4,up,2023-08,⑤,-0.6497563417343533,⑤ 시장과열·단기 트리거
3,4,up,2023-08,⑥,0.017374597279127366,⑥ 거시경기·금융시장 여건
3,4,up,2023-08,모,-0.7743457441820818,타깃 모멘텀(past1·3·6)
3,4,up,2023-08,지,-0.0011671484547915343,지역 더미
3,4,up,2023-09,①,-0.1909736063382236,① 임차수요 압력
3,4,up,2023-09,②,-0.00509087712809193,② 주택공급·재고 여건
3,4,up,2023-09,③,-0.10934037038618151,③ 금융여건·상대가격
3,4,up,2023-09,④,0.06567324816441054,④ 임대시장 수급·전환 구조
3,4,up,2023-09,⑤,-0.48973797283628406,⑤ 시장과열·단기 트리거
3,4,up,2023-09,⑥,-0.0013501544417686996,⑥ 거시경기·금융시장 여건
3,4,up,2023-09,모,-0.7924623562424791,타깃 모멘텀(past1·3·6)
3,4,up,2023-09,지,-0.0005027973914847654,지역 더미
3,4,up,2023-10,①,-0.19920568635781147,① 임차수요 압력
3,4,up,2023-10,②,-0.01521811742304253,② 주택공급·재고 여건
3,4,up,2023-10,③,-0.09069268565092768,③ 금융여건·상대가격
3,4,up,2023-10,④,0.054537735126145626,④ 임대시장 수급·전환 구조
3,4,up,2023-10,⑤,-0.48312466635423545,⑤ 시장과열·단기 트리거
3,4,up,2023-10,⑥,0.010649989735191831,⑥ 거시경기·금융시장 여건
3,4,up,2023-10,모,-0.694973184781916,타깃 모멘텀(past1·3·6)
3,4,up,2023-10,지,6.17111216147775e-05,지역 더미
3,4,up,2023-11,①,-0.20175422170148583,① 임차수요 압력
3,4,up,2023-11,②,-0.00752135570955408,② 주택공급·재고 여건
3,4,up,2023-11,③,-0.08079658574698602,③ 금융여건·상대가격
3,4,up,2023-11,④,0.036937153720132565,④ 임대시장 수급·전환 구조
3,4,up,2023-11,⑤,-0.6417455774019746,⑤ 시장과열·단기 트리거
3,4,up,2023-11,⑥,-0.055746265948587836,⑥ 거시경기·금융시장 여건
3,4,up,2023-11,모,-0.4188643249445686,타깃 모멘텀(past1·3·6)
3,4,up,2023-11,지,-0.0006421330376048041,지역 더미
3,4,up,2023-12,①,-0.11345501423484701,① 임차수요 압력
3,4,up,2023-12,②,0.004629697165444118,② 주택공급·재고 여건
3,4,up,2023-12,③,-0.031792492150845585,③ 금융여건·상대가격
3,4,up,2023-12,④,0.009710173019865417,④ 임대시장 수급·전환 구조
3,4,up,2023-12,⑤,-0.7225136614459402,⑤ 시장과열·단기 트리거
3,4,up,2023-12,⑥,-0.010452172393927444,⑥ 거시경기·금융시장 여건
3,4,up,2023-12,모,-0.3803315488804205,타깃 모멘텀(past1·3·6)
3,4,up,2023-12,지,-0.0003021373179866884,지역 더미
3,4,up,2024-01,①,-0.1192273986799752,① 임차수요 압력
3,4,up,2024-01,②,0.006791346119481977,② 주택공급·재고 여건
3,4,up,2024-01,③,-0.03375846694297932,③ 금융여건·상대가격
3,4,up,2024-01,④,-0.02413208006456604,④ 임대시장 수급·전환 구조
3,4,up,2024-01,⑤,-0.6998304562533603,⑤ 시장과열·단기 트리거
3,4,up,2024-01,⑥,-0.0002934927059173146,⑥ 거시경기·금융시장 여건
3,4,up,2024-01,모,-0.5488596619837278,타깃 모멘텀(past1·3·6)
3,4,up,2024-01,지,-0.001328984080897612,지역 더미
3,4,up,2024-02,①,-0.12136868745902506,① 임차수요 압력
3,4,up,2024-02,②,-0.0007811381223321963,② 주택공급·재고 여건
3,4,up,2024-02,③,-0.07511713500956402,③ 금융여건·상대가격
3,4,up,2024-02,④,-0.04932984668651924,④ 임대시장 수급·전환 구조
3,4,up,2024-02,⑤,-0.7197748462066931,⑤ 시장과열·단기 트리거
3,4,up,2024-02,⑥,-0.026903059036466736,⑥ 거시경기·금융시장 여건
3,4,up,2024-02,모,-0.5927926623718995,타깃 모멘텀(past1·3·6)
3,4,up,2024-02,지,-0.00037480375532521686,지역 더미
3,4,up,2024-03,①,-0.1235954881432474,① 임차수요 압력
3,4,up,2024-03,②,0.0012470442887802585,② 주택공급·재고 여건
3,4,up,2024-03,③,-0.09908185037001654,③ 금융여건·상대가격
3,4,up,2024-03,④,-0.06125878797405783,④ 임대시장 수급·전환 구조
3,4,up,2024-03,⑤,-0.6250072912696529,⑤ 시장과열·단기 트리거
3,4,up,2024-03,⑥,-0.05492614609151404,⑥ 거시경기·금융시장 여건
3,4,up,2024-03,모,-0.5133982816820636,타깃 모멘텀(past1·3·6)
3,4,up,2024-03,지,-0.00042934878407026864,지역 더미
3,4,up,2024-04,①,-0.12461382563484191,① 임차수요 압력
3,4,up,2024-04,②,-0.003631244343118507,② 주택공급·재고 여건
3,4,up,2024-04,③,-0.10025260523509454,③ 금융여건·상대가격
3,4,up,2024-04,④,-0.04479614631546771,④ 임대시장 수급·전환 구조
3,4,up,2024-04,⑤,-0.728389643570956,⑤ 시장과열·단기 트리거
3,4,up,2024-04,⑥,-0.01670987281855617,⑥ 거시경기·금융시장 여건
3,4,up,2024-04,모,-0.5025912404936903,타깃 모멘텀(past1·3·6)
3,4,up,2024-04,지,-0.0005506745150480355,지역 더미
3,4,up,2024-05,①,-0.12396031745686,① 임차수요 압력
3,4,up,2024-05,②,-0.031001533043156025,② 주택공급·재고 여건
3,4,up,2024-05,③,-0.10489173138126762,③ 금융여건·상대가격
3,4,up,2024-05,④,-0.03813344066935208,④ 임대시장 수급·전환 구조
3,4,up,2024-05,⑤,-0.7860251568696078,⑤ 시장과열·단기 트리거
3,4,up,2024-05,⑥,-0.0011713683449271308,⑥ 거시경기·금융시장 여건
3,4,up,2024-05,모,-0.5056168141172213,타깃 모멘텀(past1·3·6)
3,4,up,2024-05,지,-0.000338231484086662,지역 더미
3,4,up,2024-06,①,-0.1208345847900863,① 임차수요 압력
3,4,up,2024-06,②,-0.02462227932107048,② 주택공급·재고 여건
3,4,up,2024-06,③,-0.08163849796176333,③ 금융여건·상대가격
3,4,up,2024-06,④,0.0295762422713725,④ 임대시장 수급·전환 구조
3,4,up,2024-06,⑤,-0.7239702159319731,⑤ 시장과열·단기 트리거
3,4,up,2024-06,⑥,-0.020020658307554985,⑥ 거시경기·금융시장 여건
3,4,up,2024-06,모,-0.4823291042417872,타깃 모멘텀(past1·3·6)
3,4,up,2024-06,지,-0.0008854134309195807,지역 더미
3,4,up,2024-07,①,-0.10705899633075885,① 임차수요 압력
3,4,up,2024-07,②,-0.04324072508235313,② 주택공급·재고 여건
3,4,up,2024-07,③,-0.08415549102888889,③ 금융여건·상대가격
3,4,up,2024-07,④,0.007517392582753126,④ 임대시장 수급·전환 구조
3,4,up,2024-07,⑤,-0.5924412055927164,⑤ 시장과열·단기 트리거
3,4,up,2024-07,⑥,-0.018105938695623998,⑥ 거시경기·금융시장 여건
3,4,up,2024-07,모,-0.5741494279720035,타깃 모멘텀(past1·3·6)
3,4,up,2024-07,지,-0.0003970866526596274,지역 더미
3,4,up,2024-08,①,-0.12803855083663673,① 임차수요 압력
3,4,up,2024-08,②,-0.014984601237928542,② 주택공급·재고 여건
3,4,up,2024-08,③,-0.09961396573060545,③ 금융여건·상대가격
3,4,up,2024-08,④,-0.0008259355432956534,④ 임대시장 수급·전환 구조
3,4,up,2024-08,⑤,-0.4722352205940029,⑤ 시장과열·단기 트리거
3,4,up,2024-08,⑥,-0.021875928975462627,⑥ 거시경기·금융시장 여건
3,4,up,2024-08,모,-0.557879575254286,타깃 모멘텀(past1·3·6)
3,4,up,2024-08,지,-0.00033136492854493404,지역 더미
3,4,up,2024-09,①,-0.14991930791982958,① 임차수요 압력
3,4,up,2024-09,②,-0.01673231683593212,② 주택공급·재고 여건
3,4,up,2024-09,③,-0.08729107576391089,③ 금융여건·상대가격
3,4,up,2024-09,④,0.020128494916100276,④ 임대시장 수급·전환 구조
3,4,up,2024-09,⑤,-0.32901940056506324,⑤ 시장과열·단기 트리거
3,4,up,2024-09,⑥,-0.024880966865900078,⑥ 거시경기·금융시장 여건
3,4,up,2024-09,모,-0.5368941599028367,타깃 모멘텀(past1·3·6)
3,4,up,2024-09,지,-0.0005923870779335447,지역 더미
3,4,up,2024-10,①,-0.13097849910092704,① 임차수요 압력
3,4,up,2024-10,②,-0.0023472901774147727,② 주택공급·재고 여건
3,4,up,2024-10,③,-0.10696171926228847,③ 금융여건·상대가격
3,4,up,2024-10,④,0.022137082839275107,④ 임대시장 수급·전환 구조
3,4,up,2024-10,⑤,-0.37016995788058815,⑤ 시장과열·단기 트리거
3,4,up,2024-10,⑥,-0.009822920630622773,⑥ 거시경기·금융시장 여건
3,4,up,2024-10,모,-0.5773500129580498,타깃 모멘텀(past1·3·6)
3,4,up,2024-10,지,-0.0009349843889561878,지역 더미
3,4,up,2024-11,①,-0.15395742710562377,① 임차수요 압력
3,4,up,2024-11,②,-0.010880122382874686,② 주택공급·재고 여건
3,4,up,2024-11,③,-0.12974162048370647,③ 금융여건·상대가격
3,4,up,2024-11,④,-0.01755835988339694,④ 임대시장 수급·전환 구조
3,4,up,2024-11,⑤,-0.47537528329035816,⑤ 시장과열·단기 트리거
3,4,up,2024-11,⑥,-0.013667060801342163,⑥ 거시경기·금융시장 여건
3,4,up,2024-11,모,-0.5150875185488486,타깃 모멘텀(past1·3·6)
3,4,up,2024-11,지,-0.0007223886805087018,지역 더미
3,4,up,2024-12,①,-0.11752352350540146,① 임차수요 압력
3,4,up,2024-12,②,-0.012563537962797309,② 주택공급·재고 여건
3,4,up,2024-12,③,-0.1359969805417379,③ 금융여건·상대가격
3,4,up,2024-12,④,-0.05833610513603643,④ 임대시장 수급·전환 구조
3,4,up,2024-12,⑤,-0.5945465858368313,⑤ 시장과열·단기 트리거
3,4,up,2024-12,⑥,0.005913650884600651,⑥ 거시경기·금융시장 여건
3,4,up,2024-12,모,-0.4949668084143424,타깃 모멘텀(past1·3·6)
3,4,up,2024-12,지,-0.001692371941808044,지역 더미
3,4,up,2025-01,①,-0.16075007437078767,① 임차수요 압력
3,4,up,2025-01,②,-0.027970044857024083,② 주택공급·재고 여건
3,4,up,2025-01,③,-0.11018157163082168,③ 금융여건·상대가격
3,4,up,2025-01,④,-0.06054296148667002,④ 임대시장 수급·전환 구조
3,4,up,2025-01,⑤,-0.6310928358751184,⑤ 시장과열·단기 트리거
3,4,up,2025-01,⑥,-0.04084694368882754,⑥ 거시경기·금융시장 여건
3,4,up,2025-01,모,-0.5811992114975902,타깃 모멘텀(past1·3·6)
3,4,up,2025-01,지,-0.0011798254154609664,지역 더미
3,4,up,2025-02,①,-0.14527044623323224,① 임차수요 압력
3,4,up,2025-02,②,-0.038752922135749594,② 주택공급·재고 여건
3,4,up,2025-02,③,-0.10954363767777671,③ 금융여건·상대가격
3,4,up,2025-02,④,-0.05292997632504386,④ 임대시장 수급·전환 구조
3,4,up,2025-02,⑤,-0.567984143819879,⑤ 시장과열·단기 트리거
3,4,up,2025-02,⑥,-0.0159886618854891,⑥ 거시경기·금융시장 여건
3,4,up,2025-02,모,-0.6293976815307841,타깃 모멘텀(past1·3·6)
3,4,up,2025-02,지,-0.0008009350262453399,지역 더미
3,4,up,2025-03,①,-0.1379269709920182,① 임차수요 압력
3,4,up,2025-03,②,-0.0313773031381718,② 주택공급·재고 여건
3,4,up,2025-03,③,-0.06979345178384208,③ 금융여건·상대가격
3,4,up,2025-03,④,-0.026599479431752115,④ 임대시장 수급·전환 구조
3,4,up,2025-03,⑤,-0.4653916256228352,⑤ 시장과열·단기 트리거
3,4,up,2025-03,⑥,-0.05361488294825632,⑥ 거시경기·금융시장 여건
3,4,up,2025-03,모,-0.6971571014865356,타깃 모멘텀(past1·3·6)
3,4,up,2025-03,지,-0.001982788989968134,지역 더미
3,4,up,2025-04,①,-0.14811080178253727,① 임차수요 압력
3,4,up,2025-04,②,-0.02100857926978722,② 주택공급·재고 여건
3,4,up,2025-04,③,-0.07672299909945421,③ 금융여건·상대가격
3,4,up,2025-04,④,-0.01291649424991406,④ 임대시장 수급·전환 구조
3,4,up,2025-04,⑤,-0.33544804111999627,⑤ 시장과열·단기 트리거
3,4,up,2025-04,⑥,-0.054765615657570335,⑥ 거시경기·금융시장 여건
3,4,up,2025-04,모,-0.6222698788943828,타깃 모멘텀(past1·3·6)
3,4,up,2025-04,지,-0.0022148661112822076,지역 더미
3,4,up,2025-05,①,-0.14575698716515095,① 임차수요 압력
3,4,up,2025-05,②,-0.039322930732507165,② 주택공급·재고 여건
3,4,up,2025-05,③,-0.12976560569387868,③ 금융여건·상대가격
3,4,up,2025-05,④,-0.017121851730146718,④ 임대시장 수급·전환 구조
3,4,up,2025-05,⑤,-0.33124509409946556,⑤ 시장과열·단기 트리거
3,4,up,2025-05,⑥,-0.060007906015288104,⑥ 거시경기·금융시장 여건
3,4,up,2025-05,모,-0.6477315119266802,타깃 모멘텀(past1·3·6)
3,4,up,2025-05,지,-0.00251100239727427,지역 더미
3,4,up,2025-06,①,-0.19057687994546624,① 임차수요 압력
3,4,up,2025-06,②,-0.017677460396036255,② 주택공급·재고 여건
3,4,up,2025-06,③,-0.13512252404417122,③ 금융여건·상대가격
3,4,up,2025-06,④,-0.05082515753148233,④ 임대시장 수급·전환 구조
3,4,up,2025-06,⑤,-0.32774146273732185,⑤ 시장과열·단기 트리거
3,4,up,2025-06,⑥,-0.034016644107536055,⑥ 거시경기·금융시장 여건
3,4,up,2025-06,모,-0.6620739473431718,타깃 모멘텀(past1·3·6)
3,4,up,2025-06,지,-0.001469397382443339,지역 더미
3,4,up,2025-07,①,-0.21548171192720658,① 임차수요 압력
3,4,up,2025-07,②,-0.00684096130049404,② 주택공급·재고 여건
3,4,up,2025-07,③,-0.13085444390670076,③ 금융여건·상대가격
3,4,up,2025-07,④,-0.02027742924196098,④ 임대시장 수급·전환 구조
3,4,up,2025-07,⑤,-0.0990251290906385,⑤ 시장과열·단기 트리거
3,4,up,2025-07,⑥,-0.017511991683890983,⑥ 거시경기·금융시장 여건
3,4,up,2025-07,모,-0.6495901996306345,타깃 모멘텀(past1·3·6)
3,4,up,2025-07,지,-0.0013971558154099797,지역 더미
3,4,up,2025-08,①,-0.19589784910839772,① 임차수요 압력
3,4,up,2025-08,②,-0.021584523495427575,② 주택공급·재고 여건
3,4,up,2025-08,③,-0.12016816342987136,③ 금융여건·상대가격
3,4,up,2025-08,④,0.011319382061414859,④ 임대시장 수급·전환 구조
3,4,up,2025-08,⑤,-0.21832386294708533,⑤ 시장과열·단기 트리거
3,4,up,2025-08,⑥,-0.0024016740325231494,⑥ 거시경기·금융시장 여건
3,4,up,2025-08,모,-0.6054057369337362,타깃 모멘텀(past1·3·6)
3,4,up,2025-08,지,-0.0005359233551977725,지역 더미
3,4,up,2025-09,①,-0.2101818333309488,① 임차수요 압력
3,4,up,2025-09,②,-0.03247815192904042,② 주택공급·재고 여건
3,4,up,2025-09,③,-0.09164366668614582,③ 금융여건·상대가격
3,4,up,2025-09,④,0.006123479116735432,④ 임대시장 수급·전환 구조
3,4,up,2025-09,⑤,-0.1897142400198123,⑤ 시장과열·단기 트리거
3,4,up,2025-09,⑥,-0.0022669189285099236,⑥ 거시경기·금융시장 여건
3,4,up,2025-09,모,-0.6194692118933388,타깃 모멘텀(past1·3·6)
3,4,up,2025-09,지,-0.00034032729422112855,지역 더미
3,4,up,2025-10,①,-0.22405761927992357,① 임차수요 압력
3,4,up,2025-10,②,-0.020035338905021672,② 주택공급·재고 여건
3,4,up,2025-10,③,-0.0815009928363211,③ 금융여건·상대가격
3,4,up,2025-10,④,0.035444248354692454,④ 임대시장 수급·전환 구조
3,4,up,2025-10,⑤,-0.11887620542855824,⑤ 시장과열·단기 트리거
3,4,up,2025-10,⑥,-0.0038670511390567165,⑥ 거시경기·금융시장 여건
3,4,up,2025-10,모,-0.5327253102087507,타깃 모멘텀(past1·3·6)
3,4,up,2025-10,지,-0.0007757813795421362,지역 더미
3,4,up,2025-11,①,-0.20898879164469844,① 임차수요 압력
3,4,up,2025-11,②,-0.053881192622909774,② 주택공급·재고 여건
3,4,up,2025-11,③,-0.06750667442962871,③ 금융여건·상대가격
3,4,up,2025-11,④,0.06762003781862885,④ 임대시장 수급·전환 구조
3,4,up,2025-11,⑤,0.08280741401454982,⑤ 시장과열·단기 트리거
3,4,up,2025-11,⑥,-0.021094848748456636,⑥ 거시경기·금융시장 여건
3,4,up,2025-11,모,-0.4732355892512144,타깃 모멘텀(past1·3·6)
3,4,up,2025-11,지,-0.0003133288433188798,지역 더미
3,4,up,2025-12,①,-0.13109458196603013,① 임차수요 압력
3,4,up,2025-12,②,-0.022815506662703863,② 주택공급·재고 여건
3,4,up,2025-12,③,-0.08036953103806854,③ 금융여건·상대가격
3,4,up,2025-12,④,0.06545368496410768,④ 임대시장 수급·전환 구조
3,4,up,2025-12,⑤,0.027694737867397422,⑤ 시장과열·단기 트리거
3,4,up,2025-12,⑥,-0.026953465165148967,⑥ 거시경기·금융시장 여건
3,4,up,2025-12,모,-0.3517401829800185,타깃 모멘텀(past1·3·6)
3,4,up,2025-12,지,-0.0008627416136606909,지역 더미
3,4,up,2026-01,①,-0.12356922703505564,① 임차수요 압력
3,4,up,2026-01,②,-0.02405871935345295,② 주택공급·재고 여건
3,4,up,2026-01,③,-0.06122099799338822,③ 금융여건·상대가격
3,4,up,2026-01,④,0.06696381578084958,④ 임대시장 수급·전환 구조
3,4,up,2026-01,⑤,-0.010233973207719186,⑤ 시장과열·단기 트리거
3,4,up,2026-01,⑥,-0.0038405936095459023,⑥ 거시경기·금융시장 여건
3,4,up,2026-01,모,-0.1167964258906888,타깃 모멘텀(past1·3·6)
3,4,up,2026-01,지,-0.002118456763316874,지역 더미
3,4,up,2026-02,①,-0.09323567227937844,① 임차수요 압력
3,4,up,2026-02,②,0.004304523574884887,② 주택공급·재고 여건
3,4,up,2026-02,③,-0.0020555716160559605,③ 금융여건·상대가격
3,4,up,2026-02,④,0.11366052784518722,④ 임대시장 수급·전환 구조
3,4,up,2026-02,⑤,0.09923582487082218,⑤ 시장과열·단기 트리거
3,4,up,2026-02,⑥,0.02160254535075631,⑥ 거시경기·금융시장 여건
3,4,up,2026-02,모,-0.07220585819552927,타깃 모멘텀(past1·3·6)
3,4,up,2026-02,지,-0.001655802931507669,지역 더미
3,4,up,2026-03,①,-0.08940974896883264,① 임차수요 압력
3,4,up,2026-03,②,-0.02546035177896128,② 주택공급·재고 여건
3,4,up,2026-03,③,-0.01690927126440963,③ 금융여건·상대가격
3,4,up,2026-03,④,0.0386794517895289,④ 임대시장 수급·전환 구조
3,4,up,2026-03,⑤,-0.04516751110992011,⑤ 시장과열·단기 트리거
3,4,up,2026-03,⑥,0.03242155168062219,⑥ 거시경기·금융시장 여건
3,4,up,2026-03,모,-0.1436330183208281,타깃 모멘텀(past1·3·6)
3,4,up,2026-03,지,-0.0007212867768590941,지역 더미
3,4,up,2026-04,①,-0.07630565719475516,① 임차수요 압력
3,4,up,2026-04,②,-0.022308187903601583,② 주택공급·재고 여건
3,4,up,2026-04,③,0.0009015304009046624,③ 금융여건·상대가격
3,4,up,2026-04,④,0.013018626706017292,④ 임대시장 수급·전환 구조
3,4,up,2026-04,⑤,-0.003097813360749141,⑤ 시장과열·단기 트리거
3,4,up,2026-04,⑥,0.03898572050165638,⑥ 거시경기·금융시장 여건
3,4,up,2026-04,모,0.19401207230254716,타깃 모멘텀(past1·3·6)
3,4,up,2026-04,지,-0.0004432487348255711,지역 더미
3,4,up,2026-05,①,-0.06839776165517313,① 임차수요 압력
3,4,up,2026-05,②,-0.03416296583600342,② 주택공급·재고 여건
3,4,up,2026-05,③,-0.01511893016207932,③ 금융여건·상대가격
3,4,up,2026-05,④,0.009224100682117483,④ 임대시장 수급·전환 구조
3,4,up,2026-05,⑤,0.0019314809537985746,⑤ 시장과열·단기 트리거
3,4,up,2026-05,⑥,0.05667589017826373,⑥ 거시경기·금융시장 여건
3,4,up,2026-05,모,0.15127716618863976,타깃 모멘텀(past1·3·6)
3,4,up,2026-05,지,-0.0005959144327789545,지역 더미
3,4,up,2026-06,①,-0.06009437138715587,① 임차수요 압력
3,4,up,2026-06,②,-0.03612356818821125,② 주택공급·재고 여건
3,4,up,2026-06,③,-0.030052464567868337,③ 금융여건·상대가격
3,4,up,2026-06,④,-0.004407323242904728,④ 임대시장 수급·전환 구조
3,4,up,2026-06,⑤,0.06107156745651189,⑤ 시장과열·단기 트리거
3,4,up,2026-06,⑥,0.05551626479012967,⑥ 거시경기·금융시장 여건
3,4,up,2026-06,모,0.11698841749160897,타깃 모멘텀(past1·3·6)
3,4,up,2026-06,지,-0.0011692805824781991,지역 더미
6,4,dn,2019-12,①,-0.06285546712201684,① 임차수요 압력
6,4,dn,2019-12,②,-0.17222867677567386,② 주택공급·재고 여건
6,4,dn,2019-12,③,-0.0390157778077258,③ 금융여건·상대가격
6,4,dn,2019-12,④,-0.07009914485902033,④ 임대시장 수급·전환 구조
6,4,dn,2019-12,⑤,-0.2679995795752963,⑤ 시장과열·단기 트리거
6,4,dn,2019-12,⑥,-0.03312264691787557,⑥ 거시경기·금융시장 여건
6,4,dn,2019-12,모,-0.08924510283852179,타깃 모멘텀(past1·3·6)
6,4,dn,2019-12,지,-0.00046824455759923093,지역 더미
6,4,dn,2020-01,①,-0.08075301158594109,① 임차수요 압력
6,4,dn,2020-01,②,-0.12210562991901856,② 주택공급·재고 여건
6,4,dn,2020-01,③,-0.012855333392508328,③ 금융여건·상대가격
6,4,dn,2020-01,④,-0.06077240667004576,④ 임대시장 수급·전환 구조
6,4,dn,2020-01,⑤,-0.42291156991439705,⑤ 시장과열·단기 트리거
6,4,dn,2020-01,⑥,-0.03926181128460332,⑥ 거시경기·금융시장 여건
6,4,dn,2020-01,모,-0.1290030948014236,타깃 모멘텀(past1·3·6)
6,4,dn,2020-01,지,0.00031573886283799027,지역 더미
6,4,dn,2020-02,①,-0.09699791736368622,① 임차수요 압력
6,4,dn,2020-02,②,-0.14574378852521172,② 주택공급·재고 여건
6,4,dn,2020-02,③,-0.048197615442664495,③ 금융여건·상대가격
6,4,dn,2020-02,④,-0.07413372627171852,④ 임대시장 수급·전환 구조
6,4,dn,2020-02,⑤,-0.5321794101311004,⑤ 시장과열·단기 트리거
6,4,dn,2020-02,⑥,-0.0444052315209634,⑥ 거시경기·금융시장 여건
6,4,dn,2020-02,모,-0.11976057722908902,타깃 모멘텀(past1·3·6)
6,4,dn,2020-02,지,0.00011538065064401982,지역 더미
6,4,dn,2020-03,①,-0.10307141535664995,① 임차수요 압력
6,4,dn,2020-03,②,-0.14525877355652697,② 주택공급·재고 여건
6,4,dn,2020-03,③,-0.035911667818094004,③ 금융여건·상대가격
6,4,dn,2020-03,④,-0.06089639678761801,④ 임대시장 수급·전환 구조
6,4,dn,2020-03,⑤,-0.4980628041084856,⑤ 시장과열·단기 트리거
6,4,dn,2020-03,⑥,-0.023788179118687715,⑥ 거시경기·금융시장 여건
6,4,dn,2020-03,모,-0.07873858518752397,타깃 모멘텀(past1·3·6)
6,4,dn,2020-03,지,-0.0002891063024724953,지역 더미
6,4,dn,2020-04,①,-0.0734025062836644,① 임차수요 압력
6,4,dn,2020-04,②,-0.15505737318665164,② 주택공급·재고 여건
6,4,dn,2020-04,③,-0.054116671581110845,③ 금융여건·상대가격
6,4,dn,2020-04,④,-0.07380959879339892,④ 임대시장 수급·전환 구조
6,4,dn,2020-04,⑤,-0.5181163644198986,⑤ 시장과열·단기 트리거
6,4,dn,2020-04,⑥,-0.05026128621007067,⑥ 거시경기·금융시장 여건
6,4,dn,2020-04,모,-0.13063261986655347,타깃 모멘텀(past1·3·6)
6,4,dn,2020-04,지,-6.191179423776671e-05,지역 더미
6,4,dn,2020-05,①,-0.0778294486862396,① 임차수요 압력
6,4,dn,2020-05,②,-0.1465557789030884,② 주택공급·재고 여건
6,4,dn,2020-05,③,-0.06499836247604136,③ 금융여건·상대가격
6,4,dn,2020-05,④,-0.09393403595587348,④ 임대시장 수급·전환 구조
6,4,dn,2020-05,⑤,-0.4768348286366638,⑤ 시장과열·단기 트리거
6,4,dn,2020-05,⑥,-0.08180147488664717,⑥ 거시경기·금융시장 여건
6,4,dn,2020-05,모,-0.1094754685593002,타깃 모멘텀(past1·3·6)
6,4,dn,2020-05,지,2.1541124080053197e-05,지역 더미
6,4,dn,2020-06,①,-0.09099390309601396,① 임차수요 압력
6,4,dn,2020-06,②,-0.12974284711771278,② 주택공급·재고 여건
6,4,dn,2020-06,③,-0.07048875613807223,③ 금융여건·상대가격
6,4,dn,2020-06,④,-0.019408060951665154,④ 임대시장 수급·전환 구조
6,4,dn,2020-06,⑤,-0.5874377917703789,⑤ 시장과열·단기 트리거
6,4,dn,2020-06,⑥,-0.08113371749878419,⑥ 거시경기·금융시장 여건
6,4,dn,2020-06,모,-0.07831638204116448,타깃 모멘텀(past1·3·6)
6,4,dn,2020-06,지,4.8566427143052166e-05,지역 더미
6,4,dn,2020-07,①,-0.07885893501787439,① 임차수요 압력
6,4,dn,2020-07,②,-0.14127608707190312,② 주택공급·재고 여건
6,4,dn,2020-07,③,-0.09418755037389195,③ 금융여건·상대가격
6,4,dn,2020-07,④,-0.048673450645497614,④ 임대시장 수급·전환 구조
6,4,dn,2020-07,⑤,-0.7463848189834286,⑤ 시장과열·단기 트리거
6,4,dn,2020-07,⑥,-0.08722602529767311,⑥ 거시경기·금융시장 여건
6,4,dn,2020-07,모,-0.09238879329652763,타깃 모멘텀(past1·3·6)
6,4,dn,2020-07,지,0.0001750000719074482,지역 더미
6,4,dn,2020-08,①,-0.09216295566777659,① 임차수요 압력
6,4,dn,2020-08,②,-0.14278335174342163,② 주택공급·재고 여건
6,4,dn,2020-08,③,-0.08106372652217324,③ 금융여건·상대가격
6,4,dn,2020-08,④,-0.05884435146992259,④ 임대시장 수급·전환 구조
6,4,dn,2020-08,⑤,-0.8480313632856397,⑤ 시장과열·단기 트리거
6,4,dn,2020-08,⑥,-0.05392930215004436,⑥ 거시경기·금융시장 여건
6,4,dn,2020-08,모,-0.06699907706648696,타깃 모멘텀(past1·3·6)
6,4,dn,2020-08,지,4.2533624843149655e-05,지역 더미
6,4,dn,2020-09,①,-0.08626532759282644,① 임차수요 압력
6,4,dn,2020-09,②,-0.15032276346058654,② 주택공급·재고 여건
6,4,dn,2020-09,③,-0.10202033819039862,③ 금융여건·상대가격
6,4,dn,2020-09,④,-0.11649476147859412,④ 임대시장 수급·전환 구조
6,4,dn,2020-09,⑤,-0.8623939145575551,⑤ 시장과열·단기 트리거
6,4,dn,2020-09,⑥,-0.026218511087280526,⑥ 거시경기·금융시장 여건
6,4,dn,2020-09,모,-0.09110700813870803,타깃 모멘텀(past1·3·6)
6,4,dn,2020-09,지,-0.0004252614340645013,지역 더미
6,4,dn,2020-10,①,-0.07248068770135463,① 임차수요 압력
6,4,dn,2020-10,②,-0.13367107858051772,② 주택공급·재고 여건
6,4,dn,2020-10,③,-0.10412393835032781,③ 금융여건·상대가격
6,4,dn,2020-10,④,-0.09453392209594741,④ 임대시장 수급·전환 구조
6,4,dn,2020-10,⑤,-0.8601661646629081,⑤ 시장과열·단기 트리거
6,4,dn,2020-10,⑥,-0.04146130186425547,⑥ 거시경기·금융시장 여건
6,4,dn,2020-10,모,-0.08436096905201089,타깃 모멘텀(past1·3·6)
6,4,dn,2020-10,지,-0.0006922715561864028,지역 더미
6,4,dn,2020-11,①,-0.0797145198091489,① 임차수요 압력
6,4,dn,2020-11,②,-0.13998406542809444,② 주택공급·재고 여건
6,4,dn,2020-11,③,-0.10159426773976565,③ 금융여건·상대가격
6,4,dn,2020-11,④,-0.11783333524705514,④ 임대시장 수급·전환 구조
6,4,dn,2020-11,⑤,-0.8969625234603882,⑤ 시장과열·단기 트리거
6,4,dn,2020-11,⑥,-0.03391329368483697,⑥ 거시경기·금융시장 여건
6,4,dn,2020-11,모,-0.04802815053685039,타깃 모멘텀(past1·3·6)
6,4,dn,2020-11,지,-0.0006897205504617786,지역 더미
6,4,dn,2020-12,①,-0.08587437317542293,① 임차수요 압력
6,4,dn,2020-12,②,-0.13136240534930482,② 주택공급·재고 여건
6,4,dn,2020-12,③,-0.06578690677826457,③ 금융여건·상대가격
6,4,dn,2020-12,④,-0.07170714127748985,④ 임대시장 수급·전환 구조
6,4,dn,2020-12,⑤,-0.8521476992036161,⑤ 시장과열·단기 트리거
6,4,dn,2020-12,⑥,-0.033312294344582105,⑥ 거시경기·금융시장 여건
6,4,dn,2020-12,모,-0.07248569883442685,타깃 모멘텀(past1·3·6)
6,4,dn,2020-12,지,-0.00039460532936012974,지역 더미
6,4,dn,2021-01,①,-0.08524303819921587,① 임차수요 압력
6,4,dn,2021-01,②,-0.17462927994451352,② 주택공급·재고 여건
6,4,dn,2021-01,③,-0.09864716478349532,③ 금융여건·상대가격
6,4,dn,2021-01,④,-0.11458905578097876,④ 임대시장 수급·전환 구조
6,4,dn,2021-01,⑤,-0.7297775149893235,⑤ 시장과열·단기 트리거
6,4,dn,2021-01,⑥,-0.03434331409213854,⑥ 거시경기·금융시장 여건
6,4,dn,2021-01,모,-0.058103262812045274,타깃 모멘텀(past1·3·6)
6,4,dn,2021-01,지,-0.0009686665679569836,지역 더미
6,4,dn,2021-02,①,-0.08578250358202064,① 임차수요 압력
6,4,dn,2021-02,②,-0.17371019974405713,② 주택공급·재고 여건
6,4,dn,2021-02,③,-0.06370153769747033,③ 금융여건·상대가격
6,4,dn,2021-02,④,-0.1330320860382498,④ 임대시장 수급·전환 구조
6,4,dn,2021-02,⑤,-0.934025829877047,⑤ 시장과열·단기 트리거
6,4,dn,2021-02,⑥,-0.0028248573353143232,⑥ 거시경기·금융시장 여건
6,4,dn,2021-02,모,-0.1121634611969485,타깃 모멘텀(past1·3·6)
6,4,dn,2021-02,지,-0.0003891943564806069,지역 더미
6,4,dn,2021-03,①,-0.08103405437706147,① 임차수요 압력
6,4,dn,2021-03,②,-0.1557302128547067,② 주택공급·재고 여건
6,4,dn,2021-03,③,-0.09305413555796062,③ 금융여건·상대가격
6,4,dn,2021-03,④,-0.1331704256042619,④ 임대시장 수급·전환 구조
6,4,dn,2021-03,⑤,-0.809042177765685,⑤ 시장과열·단기 트리거
6,4,dn,2021-03,⑥,0.01617822979684346,⑥ 거시경기·금융시장 여건
6,4,dn,2021-03,모,-0.10707113278262756,타깃 모멘텀(past1·3·6)
6,4,dn,2021-03,지,-0.0005552562289616692,지역 더미
6,4,dn,2021-04,①,-0.14397570648144523,① 임차수요 압력
6,4,dn,2021-04,②,-0.15124231104214653,② 주택공급·재고 여건
6,4,dn,2021-04,③,-0.13058426915257074,③ 금융여건·상대가격
6,4,dn,2021-04,④,-0.016309340498136246,④ 임대시장 수급·전환 구조
6,4,dn,2021-04,⑤,-0.7520433826481595,⑤ 시장과열·단기 트리거
6,4,dn,2021-04,⑥,0.048748374368249525,⑥ 거시경기·금융시장 여건
6,4,dn,2021-04,모,-0.13063694010762608,타깃 모멘텀(past1·3·6)
6,4,dn,2021-04,지,-0.0011011431949168031,지역 더미
6,4,dn,2021-05,①,-0.1203024277322683,① 임차수요 압력
6,4,dn,2021-05,②,-0.1718415598220685,② 주택공급·재고 여건
6,4,dn,2021-05,③,-0.11849931753807928,③ 금융여건·상대가격
6,4,dn,2021-05,④,0.0568911056719063,④ 임대시장 수급·전환 구조
6,4,dn,2021-05,⑤,-0.7274410114075769,⑤ 시장과열·단기 트리거
6,4,dn,2021-05,⑥,0.016355882432497196,⑥ 거시경기·금융시장 여건
6,4,dn,2021-05,모,-0.18693391482035318,타깃 모멘텀(past1·3·6)
6,4,dn,2021-05,지,-0.0004559867631863145,지역 더미
6,4,dn,2021-06,①,-0.13534902573070107,① 임차수요 압력
6,4,dn,2021-06,②,-0.12908156967463613,② 주택공급·재고 여건
6,4,dn,2021-06,③,-0.13884017708273055,③ 금융여건·상대가격
6,4,dn,2021-06,④,0.021241362658603227,④ 임대시장 수급·전환 구조
6,4,dn,2021-06,⑤,-0.7107256968670032,⑤ 시장과열·단기 트리거
6,4,dn,2021-06,⑥,0.0285480121889139,⑥ 거시경기·금융시장 여건
6,4,dn,2021-06,모,-0.22513334423887962,타깃 모멘텀(past1·3·6)
6,4,dn,2021-06,지,-0.0005232106763740621,지역 더미
6,4,dn,2021-07,①,-0.11587099831633489,① 임차수요 압력
6,4,dn,2021-07,②,-0.13331686348083013,② 주택공급·재고 여건
6,4,dn,2021-07,③,-0.12039976809252084,③ 금융여건·상대가격
6,4,dn,2021-07,④,-0.07745525451815304,④ 임대시장 수급·전환 구조
6,4,dn,2021-07,⑤,-0.6039717990685912,⑤ 시장과열·단기 트리거
6,4,dn,2021-07,⑥,0.022080043488291696,⑥ 거시경기·금융시장 여건
6,4,dn,2021-07,모,-0.2399218272344739,타깃 모멘텀(past1·3·6)
6,4,dn,2021-07,지,-0.0005512288787682577,지역 더미
6,4,dn,2021-08,①,-0.1201697903755708,① 임차수요 압력
6,4,dn,2021-08,②,-0.12038995133431143,② 주택공급·재고 여건
6,4,dn,2021-08,③,-0.13562668236892106,③ 금융여건·상대가격
6,4,dn,2021-08,④,-0.14214648400871632,④ 임대시장 수급·전환 구조
6,4,dn,2021-08,⑤,-0.5646736853728619,⑤ 시장과열·단기 트리거
6,4,dn,2021-08,⑥,0.008273564212443518,⑥ 거시경기·금융시장 여건
6,4,dn,2021-08,모,-0.22533506228058947,타깃 모멘텀(past1·3·6)
6,4,dn,2021-08,지,-0.00010969951284797959,지역 더미
6,4,dn,2021-09,①,-0.12826179152651995,① 임차수요 압력
6,4,dn,2021-09,②,-0.12593993251094548,② 주택공급·재고 여건
6,4,dn,2021-09,③,-0.10078348047413058,③ 금융여건·상대가격
6,4,dn,2021-09,④,-0.12819751171285615,④ 임대시장 수급·전환 구조
6,4,dn,2021-09,⑤,-0.5546654749880818,⑤ 시장과열·단기 트리거
6,4,dn,2021-09,⑥,0.04462828581975731,⑥ 거시경기·금융시장 여건
6,4,dn,2021-09,모,-0.2321578709810388,타깃 모멘텀(past1·3·6)
6,4,dn,2021-09,지,-0.00018723512364061595,지역 더미
6,4,dn,2021-10,①,-0.13096648081745796,① 임차수요 압력
6,4,dn,2021-10,②,-0.1263898107880617,② 주택공급·재고 여건
6,4,dn,2021-10,③,-0.11595890009404011,③ 금융여건·상대가격
6,4,dn,2021-10,④,-0.10741312706308878,④ 임대시장 수급·전환 구조
6,4,dn,2021-10,⑤,-0.5788503978401423,⑤ 시장과열·단기 트리거
6,4,dn,2021-10,⑥,0.026632885417292036,⑥ 거시경기·금융시장 여건
6,4,dn,2021-10,모,-0.19526797441729143,타깃 모멘텀(past1·3·6)
6,4,dn,2021-10,지,-0.00012954858020528068,지역 더미
6,4,dn,2021-11,①,-0.14802523186242506,① 임차수요 압력
6,4,dn,2021-11,②,-0.10196668514590554,② 주택공급·재고 여건
6,4,dn,2021-11,③,-0.12858275776047126,③ 금융여건·상대가격
6,4,dn,2021-11,④,-0.09255275790072869,④ 임대시장 수급·전환 구조
6,4,dn,2021-11,⑤,-0.487141867113464,⑤ 시장과열·단기 트리거
6,4,dn,2021-11,⑥,0.06080689523853699,⑥ 거시경기·금융시장 여건
6,4,dn,2021-11,모,-0.19096041719118753,타깃 모멘텀(past1·3·6)
6,4,dn,2021-11,지,-0.00028190230040337286,지역 더미
6,4,dn,2021-12,①,-0.15155957031314174,① 임차수요 압력
6,4,dn,2021-12,②,-0.11259161677806317,② 주택공급·재고 여건
6,4,dn,2021-12,③,-0.09746676793824803,③ 금융여건·상대가격
6,4,dn,2021-12,④,0.031349004236022555,④ 임대시장 수급·전환 구조
6,4,dn,2021-12,⑤,-0.5252500081243103,⑤ 시장과열·단기 트리거
6,4,dn,2021-12,⑥,-0.007912606586137474,⑥ 거시경기·금융시장 여건
6,4,dn,2021-12,모,-0.1624507752119326,타깃 모멘텀(past1·3·6)
6,4,dn,2021-12,지,-0.00016033297076750431,지역 더미
6,4,dn,2022-01,①,-0.1425054178048833,① 임차수요 압력
6,4,dn,2022-01,②,-0.10136176653190695,② 주택공급·재고 여건
6,4,dn,2022-01,③,-0.04090291589739177,③ 금융여건·상대가격
6,4,dn,2022-01,④,0.04718184430727407,④ 임대시장 수급·전환 구조
6,4,dn,2022-01,⑤,-0.40814610568614784,⑤ 시장과열·단기 트리거
6,4,dn,2022-01,⑥,-0.013386108120271254,⑥ 거시경기·금융시장 여건
6,4,dn,2022-01,모,-0.1601900942441003,타깃 모멘텀(past1·3·6)
6,4,dn,2022-01,지,-0.00042355161504239926,지역 더미
6,4,dn,2022-02,①,-0.18130033161146802,① 임차수요 압력
6,4,dn,2022-02,②,-0.06995525789846267,② 주택공급·재고 여건
6,4,dn,2022-02,③,-0.05438027536044555,③ 금융여건·상대가격
6,4,dn,2022-02,④,0.1091537931933999,④ 임대시장 수급·전환 구조
6,4,dn,2022-02,⑤,-0.3520462547757608,⑤ 시장과열·단기 트리거
6,4,dn,2022-02,⑥,0.021414367079616806,⑥ 거시경기·금융시장 여건
6,4,dn,2022-02,모,-0.10180473634425331,타깃 모멘텀(past1·3·6)
6,4,dn,2022-02,지,-0.0005604262833538301,지역 더미
6,4,dn,2022-03,①,-0.18124462721258902,① 임차수요 압력
6,4,dn,2022-03,②,-0.0929742145710116,② 주택공급·재고 여건
6,4,dn,2022-03,③,-0.02862413550439455,③ 금융여건·상대가격
6,4,dn,2022-03,④,0.037212466971729606,④ 임대시장 수급·전환 구조
6,4,dn,2022-03,⑤,-0.43507622915100963,⑤ 시장과열·단기 트리거
6,4,dn,2022-03,⑥,0.010952247066499152,⑥ 거시경기·금융시장 여건
6,4,dn,2022-03,모,-0.15797999209048702,타깃 모멘텀(past1·3·6)
6,4,dn,2022-03,지,-0.0007899409453271788,지역 더미
6,4,dn,2022-04,①,-0.18515997473541804,① 임차수요 압력
6,4,dn,2022-04,②,-0.07222464420449208,② 주택공급·재고 여건
6,4,dn,2022-04,③,-0.040481589969341494,③ 금융여건·상대가격
6,4,dn,2022-04,④,0.019936784263015452,④ 임대시장 수급·전환 구조
6,4,dn,2022-04,⑤,-0.5545058022527134,⑤ 시장과열·단기 트리거
6,4,dn,2022-04,⑥,-0.010898272971500436,⑥ 거시경기·금융시장 여건
6,4,dn,2022-04,모,-0.22830160970197005,타깃 모멘텀(past1·3·6)
6,4,dn,2022-04,지,-9.522471854070066e-05,지역 더미
6,4,dn,2022-05,①,-0.1974776516817197,① 임차수요 압력
6,4,dn,2022-05,②,-0.05506413003054111,② 주택공급·재고 여건
6,4,dn,2022-05,③,-0.08038519820425377,③ 금융여건·상대가격
6,4,dn,2022-05,④,-0.04850679331952158,④ 임대시장 수급·전환 구조
6,4,dn,2022-05,⑤,-0.5971532804781899,⑤ 시장과열·단기 트리거
6,4,dn,2022-05,⑥,-0.034744187417267335,⑥ 거시경기·금융시장 여건
6,4,dn,2022-05,모,-0.22033688937332116,타깃 모멘텀(past1·3·6)
6,4,dn,2022-05,지,3.2252473369962615e-05,지역 더미
6,4,dn,2022-06,①,-0.22497160532394378,① 임차수요 압력
6,4,dn,2022-06,②,-0.07173128804865003,② 주택공급·재고 여건
6,4,dn,2022-06,③,-0.0567949358589102,③ 금융여건·상대가격
6,4,dn,2022-06,④,-0.06322158645728931,④ 임대시장 수급·전환 구조
6,4,dn,2022-06,⑤,-0.38129616421921286,⑤ 시장과열·단기 트리거
6,4,dn,2022-06,⑥,-0.027699048474970445,⑥ 거시경기·금융시장 여건
6,4,dn,2022-06,모,-0.22391510132115847,타깃 모멘텀(past1·3·6)
6,4,dn,2022-06,지,0.0004004816452982259,지역 더미
6,4,dn,2022-07,①,-0.23610572440221028,① 임차수요 압력
6,4,dn,2022-07,②,-0.04217438155613026,② 주택공급·재고 여건
6,4,dn,2022-07,③,-0.01585777323133461,③ 금융여건·상대가격
6,4,dn,2022-07,④,-0.04770259959417779,④ 임대시장 수급·전환 구조
6,4,dn,2022-07,⑤,0.023337436072966632,⑤ 시장과열·단기 트리거
6,4,dn,2022-07,⑥,-0.018070093135884646,⑥ 거시경기·금융시장 여건
6,4,dn,2022-07,모,-0.25163254753330394,타깃 모멘텀(past1·3·6)
6,4,dn,2022-07,지,0.00036334697395614687,지역 더미
6,4,dn,2022-08,①,-0.21476934764518582,① 임차수요 압력
6,4,dn,2022-08,②,-0.05283067614904472,② 주택공급·재고 여건
6,4,dn,2022-08,③,-0.00921765823962026,③ 금융여건·상대가격
6,4,dn,2022-08,④,0.01626373301534092,④ 임대시장 수급·전환 구조
6,4,dn,2022-08,⑤,0.10172789500040166,⑤ 시장과열·단기 트리거
6,4,dn,2022-08,⑥,-0.0352879379648395,⑥ 거시경기·금융시장 여건
6,4,dn,2022-08,모,-0.29553973130589606,타깃 모멘텀(past1·3·6)
6,4,dn,2022-08,지,-4.9053087498618864e-05,지역 더미
6,4,dn,2022-09,①,-0.16939553232597454,① 임차수요 압력
6,4,dn,2022-09,②,-0.0500433814101422,② 주택공급·재고 여건
6,4,dn,2022-09,③,0.007413610478006147,③ 금융여건·상대가격
6,4,dn,2022-09,④,0.09139716374578283,④ 임대시장 수급·전환 구조
6,4,dn,2022-09,⑤,0.48868207896457,⑤ 시장과열·단기 트리거
6,4,dn,2022-09,⑥,-0.015607500700617201,⑥ 거시경기·금융시장 여건
6,4,dn,2022-09,모,-0.400712527407735,타깃 모멘텀(past1·3·6)
6,4,dn,2022-09,지,0.00013799650697714317,지역 더미
6,4,dn,2022-10,①,-0.15258741870076403,① 임차수요 압력
6,4,dn,2022-10,②,-0.03708928676337755,② 주택공급·재고 여건
6,4,dn,2022-10,③,0.04675844925095742,③ 금융여건·상대가격
6,4,dn,2022-10,④,0.10594254208947806,④ 임대시장 수급·전환 구조
6,4,dn,2022-10,⑤,0.7217959402238622,⑤ 시장과열·단기 트리거
6,4,dn,2022-10,⑥,0.016331045548073374,⑥ 거시경기·금융시장 여건
6,4,dn,2022-10,모,-0.29668029430596266,타깃 모멘텀(past1·3·6)
6,4,dn,2022-10,지,0.0002648079313440925,지역 더미
6,4,dn,2022-11,①,-0.11827446682331692,① 임차수요 압력
6,4,dn,2022-11,②,-0.028264793309093525,② 주택공급·재고 여건
6,4,dn,2022-11,③,0.0626840369928503,③ 금융여건·상대가격
6,4,dn,2022-11,④,0.09353995306061252,④ 임대시장 수급·전환 구조
6,4,dn,2022-11,⑤,1.3181106816319859,⑤ 시장과열·단기 트리거
6,4,dn,2022-11,⑥,0.007663149941329132,⑥ 거시경기·금융시장 여건
6,4,dn,2022-11,모,-0.25805469991310553,타깃 모멘텀(past1·3·6)
6,4,dn,2022-11,지,0.0002123941683490796,지역 더미
6,4,dn,2022-12,①,-0.0264687291072572,① 임차수요 압력
6,4,dn,2022-12,②,-0.07634586332162388,② 주택공급·재고 여건
6,4,dn,2022-12,③,0.09814097974772229,③ 금융여건·상대가격
6,4,dn,2022-12,④,0.0472959464908961,④ 임대시장 수급·전환 구조
6,4,dn,2022-12,⑤,1.2226454475346733,⑤ 시장과열·단기 트리거
6,4,dn,2022-12,⑥,-0.04033193523401386,⑥ 거시경기·금융시장 여건
6,4,dn,2022-12,모,-0.18394909181869498,타깃 모멘텀(past1·3·6)
6,4,dn,2022-12,지,5.129697349141626e-05,지역 더미
6,4,dn,2023-01,①,-0.03975962191632315,① 임차수요 압력
6,4,dn,2023-01,②,-0.07894513029761675,② 주택공급·재고 여건
6,4,dn,2023-01,③,0.12062805846427418,③ 금융여건·상대가격
6,4,dn,2023-01,④,0.09076272236073718,④ 임대시장 수급·전환 구조
6,4,dn,2023-01,⑤,1.389941654222853,⑤ 시장과열·단기 트리거
6,4,dn,2023-01,⑥,-0.03747489379889572,⑥ 거시경기·금융시장 여건
6,4,dn,2023-01,모,-0.09795093773772903,타깃 모멘텀(past1·3·6)
6,4,dn,2023-01,지,-2.435720376638135e-05,지역 더미
6,4,dn,2023-02,①,-0.019470740242728164,① 임차수요 압력
6,4,dn,2023-02,②,-0.07696328579424684,② 주택공급·재고 여건
6,4,dn,2023-02,③,0.08887615064432954,③ 금융여건·상대가격
6,4,dn,2023-02,④,0.016762995298075324,④ 임대시장 수급·전환 구조
6,4,dn,2023-02,⑤,1.2954377211520778,⑤ 시장과열·단기 트리거
6,4,dn,2023-02,⑥,-0.0630711210782037,⑥ 거시경기·금융시장 여건
6,4,dn,2023-02,모,-0.02855654411456164,타깃 모멘텀(past1·3·6)
6,4,dn,2023-02,지,0.0,지역 더미
6,4,dn,2023-03,①,-0.03173708401722129,① 임차수요 압력
6,4,dn,2023-03,②,-0.03715293546512473,② 주택공급·재고 여건
6,4,dn,2023-03,③,0.026402908066256333,③ 금융여건·상대가격
6,4,dn,2023-03,④,-0.030654228107510683,④ 임대시장 수급·전환 구조
6,4,dn,2023-03,⑤,0.14163214198368437,⑤ 시장과열·단기 트리거
6,4,dn,2023-03,⑥,-0.01886335616863893,⑥ 거시경기·금융시장 여건
6,4,dn,2023-03,모,0.08866965511412013,타깃 모멘텀(past1·3·6)
6,4,dn,2023-03,지,-0.00022223983185565594,지역 더미
6,4,dn,2023-04,①,0.014967975409177109,① 임차수요 압력
6,4,dn,2023-04,②,-0.03369299840855123,② 주택공급·재고 여건
6,4,dn,2023-04,③,0.0352570487865239,③ 금융여건·상대가격
6,4,dn,2023-04,④,-0.08169609085684094,④ 임대시장 수급·전환 구조
6,4,dn,2023-04,⑤,-0.4239803851472543,⑤ 시장과열·단기 트리거
6,4,dn,2023-04,⑥,-0.035215096676730596,⑥ 거시경기·금융시장 여건
6,4,dn,2023-04,모,0.11230615520959392,타깃 모멘텀(past1·3·6)
6,4,dn,2023-04,지,-8.090728995387013e-05,지역 더미
6,4,dn,2023-05,①,-0.006783989105498841,① 임차수요 압력
6,4,dn,2023-05,②,-0.06263258573481766,② 주택공급·재고 여건
6,4,dn,2023-05,③,0.019412255133286965,③ 금융여건·상대가격
6,4,dn,2023-05,④,-0.037925300725927466,④ 임대시장 수급·전환 구조
6,4,dn,2023-05,⑤,-0.9016998918617473,⑤ 시장과열·단기 트리거
6,4,dn,2023-05,⑥,-0.02507706771381368,⑥ 거시경기·금융시장 여건
6,4,dn,2023-05,모,0.10131385071458769,타깃 모멘텀(past1·3·6)
6,4,dn,2023-05,지,0.0,지역 더미
6,4,dn,2023-06,①,-0.011802402246712135,① 임차수요 압력
6,4,dn,2023-06,②,-0.03992637111061886,② 주택공급·재고 여건
6,4,dn,2023-06,③,-0.0030631325598962666,③ 금융여건·상대가격
6,4,dn,2023-06,④,-0.026458603124517727,④ 임대시장 수급·전환 구조
6,4,dn,2023-06,⑤,-0.9610174850505941,⑤ 시장과열·단기 트리거
6,4,dn,2023-06,⑥,-0.04214604591057379,⑥ 거시경기·금융시장 여건
6,4,dn,2023-06,모,0.14755737270210303,타깃 모멘텀(past1·3·6)
6,4,dn,2023-06,지,-0.000244602015979949,지역 더미
6,4,dn,2023-07,①,0.01654734229277663,① 임차수요 압력
6,4,dn,2023-07,②,-0.06830422129059414,② 주택공급·재고 여건
6,4,dn,2023-07,③,-0.0466583195844853,③ 금융여건·상대가격
6,4,dn,2023-07,④,-0.017736071487888694,④ 임대시장 수급·전환 구조
6,4,dn,2023-07,⑤,-0.9958087179590674,⑤ 시장과열·단기 트리거
6,4,dn,2023-07,⑥,0.00444862849976682,⑥ 거시경기·금융시장 여건
6,4,dn,2023-07,모,0.09101850123089902,타깃 모멘텀(past1·3·6)
6,4,dn,2023-07,지,0.00012147464409992614,지역 더미
6,4,dn,2023-08,①,0.03616274278923994,① 임차수요 압력
6,4,dn,2023-08,②,-0.06888104861743059,② 주택공급·재고 여건
6,4,dn,2023-08,③,-0.07435267018897757,③ 금융여건·상대가격
6,4,dn,2023-08,④,0.002534716564696282,④ 임대시장 수급·전환 구조
6,4,dn,2023-08,⑤,-0.973699074019404,⑤ 시장과열·단기 트리거
6,4,dn,2023-08,⑥,-0.04819400567399144,⑥ 거시경기·금융시장 여건
6,4,dn,2023-08,모,0.05729595297837958,타깃 모멘텀(past1·3·6)
6,4,dn,2023-08,지,0.00010638916019066705,지역 더미
6,4,dn,2023-09,①,0.031428420331188235,① 임차수요 압력
6,4,dn,2023-09,②,-0.05354056594220279,② 주택공급·재고 여건
6,4,dn,2023-09,③,-0.09319618244815868,③ 금융여건·상대가격
6,4,dn,2023-09,④,0.013141527539119124,④ 임대시장 수급·전환 구조
6,4,dn,2023-09,⑤,-1.0774477096274495,⑤ 시장과열·단기 트리거
6,4,dn,2023-09,⑥,-0.0387490482134871,⑥ 거시경기·금융시장 여건
6,4,dn,2023-09,모,-0.10144491586834192,타깃 모멘텀(past1·3·6)
6,4,dn,2023-09,지,-1.1271605377688128e-05,지역 더미
6,4,dn,2023-10,①,0.02518797158302755,① 임차수요 압력
6,4,dn,2023-10,②,-0.05793215387633869,② 주택공급·재고 여건
6,4,dn,2023-10,③,-0.13195361158695118,③ 금융여건·상대가격
6,4,dn,2023-10,④,0.03173965654979624,④ 임대시장 수급·전환 구조
6,4,dn,2023-10,⑤,-1.1622484430451603,⑤ 시장과열·단기 트리거
6,4,dn,2023-10,⑥,-0.003645744221074279,⑥ 거시경기·금융시장 여건
6,4,dn,2023-10,모,-0.13745906151027656,타깃 모멘텀(past1·3·6)
6,4,dn,2023-10,지,0.0003369159667807467,지역 더미
6,4,dn,2023-11,①,-0.001037201568280824,① 임차수요 압력
6,4,dn,2023-11,②,-0.03943008813662689,② 주택공급·재고 여건
6,4,dn,2023-11,③,-0.12239081561790403,③ 금융여건·상대가격
6,4,dn,2023-11,④,0.00647629623691661,④ 임대시장 수급·전환 구조
6,4,dn,2023-11,⑤,-1.0466180226820356,⑤ 시장과열·단기 트리거
6,4,dn,2023-11,⑥,-0.0363839932961539,⑥ 거시경기·금융시장 여건
6,4,dn,2023-11,모,-0.11794392649522599,타깃 모멘텀(past1·3·6)
6,4,dn,2023-11,지,0.00016742476961449768,지역 더미
6,4,dn,2023-12,①,-0.028429947934356055,① 임차수요 압력
6,4,dn,2023-12,②,-0.044131261374832705,② 주택공급·재고 여건
6,4,dn,2023-12,③,-0.14314852473854298,③ 금융여건·상대가격
6,4,dn,2023-12,④,-0.012320808758137418,④ 임대시장 수급·전환 구조
6,4,dn,2023-12,⑤,-0.5525274551473558,⑤ 시장과열·단기 트리거
6,4,dn,2023-12,⑥,-0.0616636490438774,⑥ 거시경기·금융시장 여건
6,4,dn,2023-12,모,-0.19196091564006956,타깃 모멘텀(past1·3·6)
6,4,dn,2023-12,지,-0.0003619546982682081,지역 더미
6,4,dn,2024-01,①,-0.06381929803545736,① 임차수요 압력
6,4,dn,2024-01,②,-0.049529773989269714,② 주택공급·재고 여건
6,4,dn,2024-01,③,-0.1463642585944353,③ 금융여건·상대가격
6,4,dn,2024-01,④,0.009469581233775792,④ 임대시장 수급·전환 구조
6,4,dn,2024-01,⑤,-0.39553191931918263,⑤ 시장과열·단기 트리거
6,4,dn,2024-01,⑥,-0.06162625971899212,⑥ 거시경기·금융시장 여건
6,4,dn,2024-01,모,-0.2246256223423224,타깃 모멘텀(past1·3·6)
6,4,dn,2024-01,지,0.0005032120394974843,지역 더미
6,4,dn,2024-02,①,-0.08907713996395156,① 임차수요 압력
6,4,dn,2024-02,②,-0.03347901144542364,② 주택공급·재고 여건
6,4,dn,2024-02,③,-0.1563224809111229,③ 금융여건·상대가격
6,4,dn,2024-02,④,0.017529031809638527,④ 임대시장 수급·전환 구조
6,4,dn,2024-02,⑤,-0.45710192965891433,⑤ 시장과열·단기 트리거
6,4,dn,2024-02,⑥,-0.07916990753549796,⑥ 거시경기·금융시장 여건
6,4,dn,2024-02,모,-0.14369374320057093,타깃 모멘텀(past1·3·6)
6,4,dn,2024-02,지,-0.00041521785645439553,지역 더미
6,4,dn,2024-03,①,-0.10576238653802571,① 임차수요 압력
6,4,dn,2024-03,②,-0.03914643497354969,② 주택공급·재고 여건
6,4,dn,2024-03,③,-0.13242345560682514,③ 금융여건·상대가격
6,4,dn,2024-03,④,0.009204376670394969,④ 임대시장 수급·전환 구조
6,4,dn,2024-03,⑤,-0.6820354503305519,⑤ 시장과열·단기 트리거
6,4,dn,2024-03,⑥,-0.06190117081675712,⑥ 거시경기·금융시장 여건
6,4,dn,2024-03,모,-0.20778885637364333,타깃 모멘텀(past1·3·6)
6,4,dn,2024-03,지,-0.00043303718803302225,지역 더미
6,4,dn,2024-04,①,-0.12549369275069036,① 임차수요 압력
6,4,dn,2024-04,②,-0.04351304033810288,② 주택공급·재고 여건
6,4,dn,2024-04,③,-0.14204758601145773,③ 금융여건·상대가격
6,4,dn,2024-04,④,-0.007077228870270226,④ 임대시장 수급·전환 구조
6,4,dn,2024-04,⑤,-0.4627342941239476,⑤ 시장과열·단기 트리거
6,4,dn,2024-04,⑥,-0.07745966226772755,⑥ 거시경기·금융시장 여건
6,4,dn,2024-04,모,-0.1680527361767257,타깃 모멘텀(past1·3·6)
6,4,dn,2024-04,지,-0.002349890628346213,지역 더미
6,4,dn,2024-05,①,-0.12776296489144198,① 임차수요 압력
6,4,dn,2024-05,②,-0.03152065440824553,② 주택공급·재고 여건
6,4,dn,2024-05,③,-0.13785628679192805,③ 금융여건·상대가격
6,4,dn,2024-05,④,-0.007650461655644262,④ 임대시장 수급·전환 구조
6,4,dn,2024-05,⑤,-0.3068678667220999,⑤ 시장과열·단기 트리거
6,4,dn,2024-05,⑥,-0.07961261793560184,⑥ 거시경기·금융시장 여건
6,4,dn,2024-05,모,-0.12180053305300866,타깃 모멘텀(past1·3·6)
6,4,dn,2024-05,지,-0.0021753432760885224,지역 더미
6,4,dn,2024-06,①,-0.13544081756258147,① 임차수요 압력
6,4,dn,2024-06,②,-0.04542281246595398,② 주택공급·재고 여건
6,4,dn,2024-06,③,-0.13441960284478588,③ 금융여건·상대가격
6,4,dn,2024-06,④,-0.07921072772211012,④ 임대시장 수급·전환 구조
6,4,dn,2024-06,⑤,-0.49572647362947464,⑤ 시장과열·단기 트리거
6,4,dn,2024-06,⑥,-0.032273965733909636,⑥ 거시경기·금융시장 여건
6,4,dn,2024-06,모,-0.06492532707531662,타깃 모멘텀(past1·3·6)
6,4,dn,2024-06,지,-0.003135867368520131,지역 더미
6,4,dn,2024-07,①,-0.1561394469957298,① 임차수요 압력
6,4,dn,2024-07,②,-0.05082611717232855,② 주택공급·재고 여건
6,4,dn,2024-07,③,-0.12474748098140802,③ 금융여건·상대가격
6,4,dn,2024-07,④,-0.02994757320095018,④ 임대시장 수급·전환 구조
6,4,dn,2024-07,⑤,-0.5735366298159694,⑤ 시장과열·단기 트리거
6,4,dn,2024-07,⑥,-0.04854380610036533,⑥ 거시경기·금융시장 여건
6,4,dn,2024-07,모,-0.04376687339561827,타깃 모멘텀(past1·3·6)
6,4,dn,2024-07,지,-0.003028455386534462,지역 더미
6,4,dn,2024-08,①,-0.19586071019166565,① 임차수요 압력
6,4,dn,2024-08,②,-0.05769636985031935,② 주택공급·재고 여건
6,4,dn,2024-08,③,-0.0958951164727655,③ 금융여건·상대가격
6,4,dn,2024-08,④,-0.05170206169885419,④ 임대시장 수급·전환 구조
6,4,dn,2024-08,⑤,-0.7222303029368905,⑤ 시장과열·단기 트리거
6,4,dn,2024-08,⑥,-0.030785865975307865,⑥ 거시경기·금융시장 여건
6,4,dn,2024-08,모,0.003927338210975423,타깃 모멘텀(past1·3·6)
6,4,dn,2024-08,지,-0.003601572605230198,지역 더미
6,4,dn,2024-09,①,-0.21897406748910786,① 임차수요 압력
6,4,dn,2024-09,②,-0.044420030609774994,② 주택공급·재고 여건
6,4,dn,2024-09,③,-0.07844324196207517,③ 금융여건·상대가격
6,4,dn,2024-09,④,-0.05426145375103635,④ 임대시장 수급·전환 구조
6,4,dn,2024-09,⑤,-0.9073108565062284,⑤ 시장과열·단기 트리거
6,4,dn,2024-09,⑥,-0.013100452068982419,⑥ 거시경기·금융시장 여건
6,4,dn,2024-09,모,-0.07728450732561302,타깃 모멘텀(past1·3·6)
6,4,dn,2024-09,지,-0.002696949767051941,지역 더미
6,4,dn,2024-10,①,-0.23115595137434347,① 임차수요 압력
6,4,dn,2024-10,②,-0.03434171987024425,② 주택공급·재고 여건
6,4,dn,2024-10,③,-0.07415651568962935,③ 금융여건·상대가격
6,4,dn,2024-10,④,-0.0648207271930433,④ 임대시장 수급·전환 구조
6,4,dn,2024-10,⑤,-0.8620244432240725,⑤ 시장과열·단기 트리거
6,4,dn,2024-10,⑥,-0.018550012855921193,⑥ 거시경기·금융시장 여건
6,4,dn,2024-10,모,-0.08206764960606747,타깃 모멘텀(past1·3·6)
6,4,dn,2024-10,지,-0.0031603878753897847,지역 더미
6,4,dn,2024-11,①,-0.24540724306163855,① 임차수요 압력
6,4,dn,2024-11,②,-0.05787197218722656,② 주택공급·재고 여건
6,4,dn,2024-11,③,-0.03956002531819703,③ 금융여건·상대가격
6,4,dn,2024-11,④,-0.05791803269975764,④ 임대시장 수급·전환 구조
6,4,dn,2024-11,⑤,-0.7966032008476117,⑤ 시장과열·단기 트리거
6,4,dn,2024-11,⑥,-0.01226962163909528,⑥ 거시경기·금융시장 여건
6,4,dn,2024-11,모,-0.13778473823970439,타깃 모멘텀(past1·3·6)
6,4,dn,2024-11,지,-0.002513586928597474,지역 더미
6,4,dn,2024-12,①,-0.22008153428362698,① 임차수요 압력
6,4,dn,2024-12,②,-0.043469940866891515,② 주택공급·재고 여건
6,4,dn,2024-12,③,-0.04460985411522018,③ 금융여건·상대가격
6,4,dn,2024-12,④,-0.05713482113445506,④ 임대시장 수급·전환 구조
6,4,dn,2024-12,⑤,-0.46024302612332735,⑤ 시장과열·단기 트리거
6,4,dn,2024-12,⑥,-0.029422373161124428,⑥ 거시경기·금융시장 여건
6,4,dn,2024-12,모,-0.1872992029906634,타깃 모멘텀(past1·3·6)
6,4,dn,2024-12,지,-0.0036412387986419314,지역 더미
6,4,dn,2025-01,①,-0.2277222006237369,① 임차수요 압력
6,4,dn,2025-01,②,-0.037092310583860685,② 주택공급·재고 여건
6,4,dn,2025-01,③,-0.04950789674459135,③ 금융여건·상대가격
6,4,dn,2025-01,④,-0.09092136254869676,④ 임대시장 수급·전환 구조
6,4,dn,2025-01,⑤,-0.31631894322002635,⑤ 시장과열·단기 트리거
6,4,dn,2025-01,⑥,-0.030453828634373944,⑥ 거시경기·금융시장 여건
6,4,dn,2025-01,모,-0.2006526229830057,타깃 모멘텀(past1·3·6)
6,4,dn,2025-01,지,-0.003410324584015977,지역 더미
6,4,dn,2025-02,①,-0.2073468434401326,① 임차수요 압력
6,4,dn,2025-02,②,-0.025091376164419373,② 주택공급·재고 여건
6,4,dn,2025-02,③,-0.04934037896655813,③ 금융여건·상대가격
6,4,dn,2025-02,④,-0.08163369885947117,④ 임대시장 수급·전환 구조
6,4,dn,2025-02,⑤,-0.3918176693841815,⑤ 시장과열·단기 트리거
6,4,dn,2025-02,⑥,-0.044355666104754714,⑥ 거시경기·금융시장 여건
6,4,dn,2025-02,모,-0.21093798525558383,타깃 모멘텀(past1·3·6)
6,4,dn,2025-02,지,-0.0038768672968412404,지역 더미
6,4,dn,2025-03,①,-0.21799434045576216,① 임차수요 압력
6,4,dn,2025-03,②,-0.03377639960415442,② 주택공급·재고 여건
6,4,dn,2025-03,③,-0.09371488720389913,③ 금융여건·상대가격
6,4,dn,2025-03,④,-0.09159755980020717,④ 임대시장 수급·전환 구조
6,4,dn,2025-03,⑤,-0.5253584532834151,⑤ 시장과열·단기 트리거
6,4,dn,2025-03,⑥,-0.04019752185585239,⑥ 거시경기·금융시장 여건
6,4,dn,2025-03,모,-0.1175673665232299,타깃 모멘텀(past1·3·6)
6,4,dn,2025-03,지,-0.004436792781218809,지역 더미
6,4,dn,2025-04,①,-0.21891329062617376,① 임차수요 압력
6,4,dn,2025-04,②,-0.05149917171861069,② 주택공급·재고 여건
6,4,dn,2025-04,③,-0.09774447130743696,③ 금융여건·상대가격
6,4,dn,2025-04,④,-0.09416991587289993,④ 임대시장 수급·전환 구조
6,4,dn,2025-04,⑤,-0.6237726176486296,⑤ 시장과열·단기 트리거
6,4,dn,2025-04,⑥,-0.041038136101723965,⑥ 거시경기·금융시장 여건
6,4,dn,2025-04,모,-0.16978717429161655,타깃 모멘텀(past1·3·6)
6,4,dn,2025-04,지,-0.005002227561889945,지역 더미
6,4,dn,2025-05,①,-0.2123158184797777,① 임차수요 압력
6,4,dn,2025-05,②,-0.05514108864668788,② 주택공급·재고 여건
6,4,dn,2025-05,③,-0.09465792828372546,③ 금융여건·상대가격
6,4,dn,2025-05,④,-0.132114960332675,④ 임대시장 수급·전환 구조
6,4,dn,2025-05,⑤,-0.6260934399769587,⑤ 시장과열·단기 트리거
6,4,dn,2025-05,⑥,-0.05248437831768286,⑥ 거시경기·금융시장 여건
6,4,dn,2025-05,모,-0.08407837194481901,타깃 모멘텀(past1·3·6)
6,4,dn,2025-05,지,-0.004122537804064969,지역 더미
6,4,dn,2025-06,①,-0.22911206804442869,① 임차수요 압력
6,4,dn,2025-06,②,-0.07575422053483605,② 주택공급·재고 여건
6,4,dn,2025-06,③,-0.09198144767648626,③ 금융여건·상대가격
6,4,dn,2025-06,④,-0.10934655539527097,④ 임대시장 수급·전환 구조
6,4,dn,2025-06,⑤,-0.5787831032100845,⑤ 시장과열·단기 트리거
6,4,dn,2025-06,⑥,-0.06978971114575998,⑥ 거시경기·금융시장 여건
6,4,dn,2025-06,모,-0.06611633540459853,타깃 모멘텀(past1·3·6)
6,4,dn,2025-06,지,-0.002406353950274908,지역 더미
6,4,dn,2025-07,①,-0.21837580243923835,① 임차수요 압력
6,4,dn,2025-07,②,-0.07427561318329653,② 주택공급·재고 여건
6,4,dn,2025-07,③,-0.08625641456871692,③ 금융여건·상대가격
6,4,dn,2025-07,④,-0.10830234967494,④ 임대시장 수급·전환 구조
6,4,dn,2025-07,⑤,-0.7731872043188881,⑤ 시장과열·단기 트리거
6,4,dn,2025-07,⑥,-0.07377816625129077,⑥ 거시경기·금융시장 여건
6,4,dn,2025-07,모,-0.07420779677911424,타깃 모멘텀(past1·3·6)
6,4,dn,2025-07,지,-0.0032728010543644635,지역 더미
6,4,dn,2025-08,①,-0.24934248213006668,① 임차수요 압력
6,4,dn,2025-08,②,-0.07210006051845536,② 주택공급·재고 여건
6,4,dn,2025-08,③,-0.07669656098323303,③ 금융여건·상대가격
6,4,dn,2025-08,④,-0.11244915991076543,④ 임대시장 수급·전환 구조
6,4,dn,2025-08,⑤,-0.6995577459387919,⑤ 시장과열·단기 트리거
6,4,dn,2025-08,⑥,-0.0659188912460808,⑥ 거시경기·금융시장 여건
6,4,dn,2025-08,모,-0.0996116639808843,타깃 모멘텀(past1·3·6)
6,4,dn,2025-08,지,-0.0034152849329229457,지역 더미
6,4,dn,2025-09,①,-0.23283600216700123,① 임차수요 압력
6,4,dn,2025-09,②,-0.06659953196399979,② 주택공급·재고 여건
6,4,dn,2025-09,③,-0.08254095277467258,③ 금융여건·상대가격
6,4,dn,2025-09,④,-0.15020194401115397,④ 임대시장 수급·전환 구조
6,4,dn,2025-09,⑤,-0.6462751285118216,⑤ 시장과열·단기 트리거
6,4,dn,2025-09,⑥,-0.04170122609591761,⑥ 거시경기·금융시장 여건
6,4,dn,2025-09,모,-0.14448221366140335,타깃 모멘텀(past1·3·6)
6,4,dn,2025-09,지,-0.002666693645655129,지역 더미
6,4,dn,2025-10,①,-0.21940528385990746,① 임차수요 압력
6,4,dn,2025-10,②,-0.04897606239591514,② 주택공급·재고 여건
6,4,dn,2025-10,③,-0.09981081383537595,③ 금융여건·상대가격
6,4,dn,2025-10,④,-0.1118129326016916,④ 임대시장 수급·전환 구조
6,4,dn,2025-10,⑤,-0.7504417552229237,⑤ 시장과열·단기 트리거
6,4,dn,2025-10,⑥,-0.04161394650234559,⑥ 거시경기·금융시장 여건
6,4,dn,2025-10,모,-0.12517575134851916,타깃 모멘텀(past1·3·6)
6,4,dn,2025-10,지,-0.003322349085833452,지역 더미
6,4,dn,2025-11,①,-0.23129984526308017,① 임차수요 압력
6,4,dn,2025-11,②,-0.049110422660244485,② 주택공급·재고 여건
6,4,dn,2025-11,③,-0.08250857849689514,③ 금융여건·상대가격
6,4,dn,2025-11,④,-0.14738024782512665,④ 임대시장 수급·전환 구조
6,4,dn,2025-11,⑤,-0.7834927647867623,⑤ 시장과열·단기 트리거
6,4,dn,2025-11,⑥,-0.009080607287071612,⑥ 거시경기·금융시장 여건
6,4,dn,2025-11,모,-0.19313743867564434,타깃 모멘텀(past1·3·6)
6,4,dn,2025-11,지,-0.004460176982301381,지역 더미
6,4,dn,2025-12,①,-0.24990744374402868,① 임차수요 압력
6,4,dn,2025-12,②,-0.0871764048777458,② 주택공급·재고 여건
6,4,dn,2025-12,③,-0.0741865752546602,③ 금융여건·상대가격
6,4,dn,2025-12,④,-0.15213787729461567,④ 임대시장 수급·전환 구조
6,4,dn,2025-12,⑤,-0.8045376412132207,⑤ 시장과열·단기 트리거
6,4,dn,2025-12,⑥,0.011634159517133128,⑥ 거시경기·금융시장 여건
6,4,dn,2025-12,모,-0.2597221930182594,타깃 모멘텀(past1·3·6)
6,4,dn,2025-12,지,-0.003540431966225272,지역 더미
6,4,dn,2026-01,①,-0.2546539441212824,① 임차수요 압력
6,4,dn,2026-01,②,-0.0824741705989919,② 주택공급·재고 여건
6,4,dn,2026-01,③,-0.08855739422191419,③ 금융여건·상대가격
6,4,dn,2026-01,④,-0.19746195114053347,④ 임대시장 수급·전환 구조
6,4,dn,2026-01,⑤,-0.6940540737088989,⑤ 시장과열·단기 트리거
6,4,dn,2026-01,⑥,-0.0004392193548162194,⑥ 거시경기·금융시장 여건
6,4,dn,2026-01,모,-0.22547952673744923,타깃 모멘텀(past1·3·6)
6,4,dn,2026-01,지,-0.004393406900348445,지역 더미
6,4,dn,2026-02,①,-0.24557363293759776,① 임차수요 압력
6,4,dn,2026-02,②,-0.0926227681730099,② 주택공급·재고 여건
6,4,dn,2026-02,③,-0.07065540060455747,③ 금융여건·상대가격
6,4,dn,2026-02,④,-0.15125998394454226,④ 임대시장 수급·전환 구조
6,4,dn,2026-02,⑤,-0.7688381641226656,⑤ 시장과열·단기 트리거
6,4,dn,2026-02,⑥,-0.011875246964369762,⑥ 거시경기·금융시장 여건
6,4,dn,2026-02,모,-0.2528898708485797,타깃 모멘텀(past1·3·6)
6,4,dn,2026-02,지,-0.0034104684145418625,지역 더미
6,4,dn,2026-03,①,-0.2720650646859044,① 임차수요 압력
6,4,dn,2026-03,②,-0.10784890279643425,② 주택공급·재고 여건
6,4,dn,2026-03,③,-0.07054188700017183,③ 금융여건·상대가격
6,4,dn,2026-03,④,-0.19494959644233698,④ 임대시장 수급·전환 구조
6,4,dn,2026-03,⑤,-0.6822862539659528,⑤ 시장과열·단기 트리거
6,4,dn,2026-03,⑥,-0.017749158732963902,⑥ 거시경기·금융시장 여건
6,4,dn,2026-03,모,-0.2025646916499325,타깃 모멘텀(past1·3·6)
6,4,dn,2026-03,지,-0.004961095851842816,지역 더미
6,4,reg,2019-12,①,-0.006065923252002094,① 임차수요 압력
6,4,reg,2019-12,②,0.002979608890483109,② 주택공급·재고 여건
6,4,reg,2019-12,③,-0.01918090160728477,③ 금융여건·상대가격
6,4,reg,2019-12,④,0.015898675094243062,④ 임대시장 수급·전환 구조
6,4,reg,2019-12,⑤,0.005715971678642638,⑤ 시장과열·단기 트리거
6,4,reg,2019-12,⑥,0.007418286742822149,⑥ 거시경기·금융시장 여건
6,4,reg,2019-12,모,0.007703605476040941,타깃 모멘텀(past1·3·6)
6,4,reg,2019-12,지,0.0001341502034677568,지역 더미
6,4,reg,2020-01,①,-0.0003782732323195566,① 임차수요 압력
6,4,reg,2020-01,②,0.003597448143164995,② 주택공급·재고 여건
6,4,reg,2020-01,③,-0.02465122415250174,③ 금융여건·상대가격
6,4,reg,2020-01,④,0.02032608223924078,④ 임대시장 수급·전환 구조
6,4,reg,2020-01,⑤,0.03371270666641923,⑤ 시장과열·단기 트리거
6,4,reg,2020-01,⑥,0.004260067332131558,⑥ 거시경기·금융시장 여건
6,4,reg,2020-01,모,0.01872860210977367,타깃 모멘텀(past1·3·6)
6,4,reg,2020-01,지,0.00014270637145735827,지역 더미
6,4,reg,2020-02,①,0.00511149316628712,① 임차수요 압력
6,4,reg,2020-02,②,0.005721513186388223,② 주택공급·재고 여건
6,4,reg,2020-02,③,-0.01467215354356437,③ 금융여건·상대가격
6,4,reg,2020-02,④,0.026917346179181872,④ 임대시장 수급·전환 구조
6,4,reg,2020-02,⑤,0.04346454889010227,⑤ 시장과열·단기 트리거
6,4,reg,2020-02,⑥,0.007154263918887841,⑥ 거시경기·금융시장 여건
6,4,reg,2020-02,모,0.03496419795441861,타깃 모멘텀(past1·3·6)
6,4,reg,2020-02,지,0.00021770750049575777,지역 더미
6,4,reg,2020-03,①,0.004790259786869767,① 임차수요 압력
6,4,reg,2020-03,②,0.005874308245354371,② 주택공급·재고 여건
6,4,reg,2020-03,③,-0.011626810254749232,③ 금융여건·상대가격
6,4,reg,2020-03,④,0.012068411207056831,④ 임대시장 수급·전환 구조
6,4,reg,2020-03,⑤,0.05910652519806343,⑤ 시장과열·단기 트리거
6,4,reg,2020-03,⑥,0.0030461282076759736,⑥ 거시경기·금융시장 여건
6,4,reg,2020-03,모,0.015670353442877896,타깃 모멘텀(past1·3·6)
6,4,reg,2020-03,지,3.645835731039146e-05,지역 더미
6,4,reg,2020-04,①,0.0030787523463906468,① 임차수요 압력
6,4,reg,2020-04,②,0.0021488939719118117,② 주택공급·재고 여건
6,4,reg,2020-04,③,-0.005022841468867953,③ 금융여건·상대가격
6,4,reg,2020-04,④,0.008902377638471936,④ 임대시장 수급·전환 구조
6,4,reg,2020-04,⑤,0.04509827807744253,⑤ 시장과열·단기 트리거
6,4,reg,2020-04,⑥,0.01586562466755777,⑥ 거시경기·금융시장 여건
6,4,reg,2020-04,모,0.011346465133030113,타깃 모멘텀(past1·3·6)
6,4,reg,2020-04,지,1.0396307616908092e-05,지역 더미
6,4,reg,2020-05,①,0.01781742278380836,① 임차수요 압력
6,4,reg,2020-05,②,0.0022758243413751617,② 주택공급·재고 여건
6,4,reg,2020-05,③,-0.00034418896283561115,③ 금융여건·상대가격
6,4,reg,2020-05,④,0.0061590738108968845,④ 임대시장 수급·전환 구조
6,4,reg,2020-05,⑤,0.03313804115853546,⑤ 시장과열·단기 트리거
6,4,reg,2020-05,⑥,0.022905734099034347,⑥ 거시경기·금융시장 여건
6,4,reg,2020-05,모,0.03159875149596665,타깃 모멘텀(past1·3·6)
6,4,reg,2020-05,지,8.261942602859191e-05,지역 더미
6,4,reg,2020-06,①,0.029052050454305298,① 임차수요 압력
6,4,reg,2020-06,②,0.00392057780130422,② 주택공급·재고 여건
6,4,reg,2020-06,③,0.002274206941762691,③ 금융여건·상대가격
6,4,reg,2020-06,④,0.0027506278839770377,④ 임대시장 수급·전환 구조
6,4,reg,2020-06,⑤,0.06908570470456171,⑤ 시장과열·단기 트리거
6,4,reg,2020-06,⑥,0.026454162834951236,⑥ 거시경기·금융시장 여건
6,4,reg,2020-06,모,0.04091392574984781,타깃 모멘텀(past1·3·6)
6,4,reg,2020-06,지,7.193407252677443e-05,지역 더미
6,4,reg,2020-07,①,0.040090480912892544,① 임차수요 압력
6,4,reg,2020-07,②,0.002083846230936401,② 주택공급·재고 여건
6,4,reg,2020-07,③,-0.001229649341875294,③ 금융여건·상대가격
6,4,reg,2020-07,④,0.013062701069108751,④ 임대시장 수급·전환 구조
6,4,reg,2020-07,⑤,0.1238582302333217,⑤ 시장과열·단기 트리거
6,4,reg,2020-07,⑥,0.02644514686104576,⑥ 거시경기·금융시장 여건
6,4,reg,2020-07,모,0.03176244030042903,타깃 모멘텀(past1·3·6)
6,4,reg,2020-07,지,8.212734173615157e-06,지역 더미
6,4,reg,2020-08,①,0.03719514146231471,① 임차수요 압력
6,4,reg,2020-08,②,0.0016753076215689424,② 주택공급·재고 여건
6,4,reg,2020-08,③,0.0030554775014728064,③ 금융여건·상대가격
6,4,reg,2020-08,④,0.03981855188655626,④ 임대시장 수급·전환 구조
6,4,reg,2020-08,⑤,0.11093000054054702,⑤ 시장과열·단기 트리거
6,4,reg,2020-08,⑥,0.017690964123867326,⑥ 거시경기·금융시장 여건
6,4,reg,2020-08,모,0.03827953889798236,타깃 모멘텀(past1·3·6)
6,4,reg,2020-08,지,-8.170453800435523e-05,지역 더미
6,4,reg,2020-09,①,0.033759842083438206,① 임차수요 압력
6,4,reg,2020-09,②,0.004329037763072694,② 주택공급·재고 여건
6,4,reg,2020-09,③,0.006137885531031981,③ 금융여건·상대가격
6,4,reg,2020-09,④,0.0489400135291576,④ 임대시장 수급·전환 구조
6,4,reg,2020-09,⑤,0.12193515950896065,⑤ 시장과열·단기 트리거
6,4,reg,2020-09,⑥,0.01535408483320116,⑥ 거시경기·금융시장 여건
6,4,reg,2020-09,모,0.05292135104651143,타깃 모멘텀(past1·3·6)
6,4,reg,2020-09,지,2.5461732148463518e-05,지역 더미
6,4,reg,2020-10,①,0.04804547374708306,① 임차수요 압력
6,4,reg,2020-10,②,0.007274399942112157,② 주택공급·재고 여건
6,4,reg,2020-10,③,0.007358250119878682,③ 금융여건·상대가격
6,4,reg,2020-10,④,0.017971801324807423,④ 임대시장 수급·전환 구조
6,4,reg,2020-10,⑤,0.12437109800007687,⑤ 시장과열·단기 트리거
6,4,reg,2020-10,⑥,0.014176342908549116,⑥ 거시경기·금융시장 여건
6,4,reg,2020-10,모,0.05283131040735444,타깃 모멘텀(past1·3·6)
6,4,reg,2020-10,지,8.662565580386327e-05,지역 더미
6,4,reg,2020-11,①,0.03505803205878677,① 임차수요 압력
6,4,reg,2020-11,②,0.009361783719764427,② 주택공급·재고 여건
6,4,reg,2020-11,③,0.006357604810897605,③ 금융여건·상대가격
6,4,reg,2020-11,④,-0.0044587410726201005,④ 임대시장 수급·전환 구조
6,4,reg,2020-11,⑤,0.10958218657705242,⑤ 시장과열·단기 트리거
6,4,reg,2020-11,⑥,-0.0041459464963205656,⑥ 거시경기·금융시장 여건
6,4,reg,2020-11,모,0.08711126428462711,타깃 모멘텀(past1·3·6)
6,4,reg,2020-11,지,4.0771925549391834e-05,지역 더미
6,4,reg,2020-12,①,0.03670274862711916,① 임차수요 압력
6,4,reg,2020-12,②,-0.0014215879053750052,② 주택공급·재고 여건
6,4,reg,2020-12,③,0.00700877718108353,③ 금융여건·상대가격
6,4,reg,2020-12,④,-0.013331284678583067,④ 임대시장 수급·전환 구조
6,4,reg,2020-12,⑤,0.14617593898540637,⑤ 시장과열·단기 트리거
6,4,reg,2020-12,⑥,-0.007818580990682495,⑥ 거시경기·금융시장 여건
6,4,reg,2020-12,모,0.10753498137837239,타깃 모멘텀(past1·3·6)
6,4,reg,2020-12,지,0.000150597117161911,지역 더미
6,4,reg,2021-01,①,0.05702050371296575,① 임차수요 압력
6,4,reg,2021-01,②,0.0008065459319865311,② 주택공급·재고 여건
6,4,reg,2021-01,③,0.011953397803918357,③ 금융여건·상대가격
6,4,reg,2021-01,④,0.010526665846555261,④ 임대시장 수급·전환 구조
6,4,reg,2021-01,⑤,0.14058884153457576,⑤ 시장과열·단기 트리거
6,4,reg,2021-01,⑥,-0.004294311498103537,⑥ 거시경기·금융시장 여건
6,4,reg,2021-01,모,0.22144113653270966,타깃 모멘텀(past1·3·6)
6,4,reg,2021-01,지,0.0002474755368214205,지역 더미
6,4,reg,2021-02,①,0.05817564334104057,① 임차수요 압력
6,4,reg,2021-02,②,-0.0014554606892458093,② 주택공급·재고 여건
6,4,reg,2021-02,③,0.01835328695205815,③ 금융여건·상대가격
6,4,reg,2021-02,④,0.02488932707124417,④ 임대시장 수급·전환 구조
6,4,reg,2021-02,⑤,0.12347558407311547,⑤ 시장과열·단기 트리거
6,4,reg,2021-02,⑥,0.01277346995429239,⑥ 거시경기·금융시장 여건
6,4,reg,2021-02,모,0.3494400790362966,타깃 모멘텀(past1·3·6)
6,4,reg,2021-02,지,3.270867691942488e-05,지역 더미
6,4,reg,2021-03,①,0.06960351054239705,① 임차수요 압력
6,4,reg,2021-03,②,-0.0029337035121294445,② 주택공급·재고 여건
6,4,reg,2021-03,③,0.007255153528557985,③ 금융여건·상대가격
6,4,reg,2021-03,④,0.012951742427985129,④ 임대시장 수급·전환 구조
6,4,reg,2021-03,⑤,0.14929178151685527,⑤ 시장과열·단기 트리거
6,4,reg,2021-03,⑥,0.0007521769272087656,⑥ 거시경기·금융시장 여건
6,4,reg,2021-03,모,0.2413446687055779,타깃 모멘텀(past1·3·6)
6,4,reg,2021-03,지,-5.99416735520422e-05,지역 더미
6,4,reg,2021-04,①,0.03703554006471463,① 임차수요 압력
6,4,reg,2021-04,②,0.004731753406197052,② 주택공급·재고 여건
6,4,reg,2021-04,③,0.025162524906827917,③ 금융여건·상대가격
6,4,reg,2021-04,④,-0.0015376215358307544,④ 임대시장 수급·전환 구조
6,4,reg,2021-04,⑤,0.1450433204881847,⑤ 시장과열·단기 트리거
6,4,reg,2021-04,⑥,0.005581809316277957,⑥ 거시경기·금융시장 여건
6,4,reg,2021-04,모,0.26145487305178655,타깃 모멘텀(past1·3·6)
6,4,reg,2021-04,지,0.00014268531611372128,지역 더미
6,4,reg,2021-05,①,0.04916659103948114,① 임차수요 압력
6,4,reg,2021-05,②,0.006371987780591301,② 주택공급·재고 여건
6,4,reg,2021-05,③,0.023887307680761756,③ 금융여건·상대가격
6,4,reg,2021-05,④,-0.011404443946958054,④ 임대시장 수급·전환 구조
6,4,reg,2021-05,⑤,0.17507041519617333,⑤ 시장과열·단기 트리거
6,4,reg,2021-05,⑥,0.01725076829166954,⑥ 거시경기·금융시장 여건
6,4,reg,2021-05,모,0.2551582674678488,타깃 모멘텀(past1·3·6)
6,4,reg,2021-05,지,0.00019411110872270663,지역 더미
6,4,reg,2021-06,①,0.02953346199898965,① 임차수요 압력
6,4,reg,2021-06,②,-0.00033481376873673637,② 주택공급·재고 여건
6,4,reg,2021-06,③,0.02449860923398705,③ 금융여건·상대가격
6,4,reg,2021-06,④,-0.004183468166529029,④ 임대시장 수급·전환 구조
6,4,reg,2021-06,⑤,0.17004114531857126,⑤ 시장과열·단기 트리거
6,4,reg,2021-06,⑥,0.023118520424199793,⑥ 거시경기·금융시장 여건
6,4,reg,2021-06,모,0.26289582666632827,타깃 모멘텀(past1·3·6)
6,4,reg,2021-06,지,6.595805252391231e-05,지역 더미
6,4,reg,2021-07,①,0.008626602380976723,① 임차수요 압력
6,4,reg,2021-07,②,-0.01444009252155724,② 주택공급·재고 여건
6,4,reg,2021-07,③,0.03851081161181875,③ 금융여건·상대가격
6,4,reg,2021-07,④,-0.0028108528101310026,④ 임대시장 수급·전환 구조
6,4,reg,2021-07,⑤,0.1878335066139698,⑤ 시장과열·단기 트리거
6,4,reg,2021-07,⑥,0.01837333643293257,⑥ 거시경기·금융시장 여건
6,4,reg,2021-07,모,0.26699480019948063,타깃 모멘텀(past1·3·6)
6,4,reg,2021-07,지,0.00023884990426371758,지역 더미
6,4,reg,2021-08,①,-0.0026455801926204003,① 임차수요 압력
6,4,reg,2021-08,②,-0.009331110154768694,② 주택공급·재고 여건
6,4,reg,2021-08,③,0.03816529453395545,③ 금융여건·상대가격
6,4,reg,2021-08,④,0.004230670185600449,④ 임대시장 수급·전환 구조
6,4,reg,2021-08,⑤,0.12448159933966749,⑤ 시장과열·단기 트리거
6,4,reg,2021-08,⑥,0.012535978712022201,⑥ 거시경기·금융시장 여건
6,4,reg,2021-08,모,0.27399880561393264,타깃 모멘텀(past1·3·6)
6,4,reg,2021-08,지,-3.580269486334007e-05,지역 더미
6,4,reg,2021-09,①,-0.0010665634780546978,① 임차수요 압력
6,4,reg,2021-09,②,-0.006935981885645492,② 주택공급·재고 여건
6,4,reg,2021-09,③,0.0016784434469207386,③ 금융여건·상대가격
6,4,reg,2021-09,④,0.020919733030228493,④ 임대시장 수급·전환 구조
6,4,reg,2021-09,⑤,0.14987040437100566,⑤ 시장과열·단기 트리거
6,4,reg,2021-09,⑥,0.01680916542336408,⑥ 거시경기·금융시장 여건
6,4,reg,2021-09,모,0.24364577935478998,타깃 모멘텀(past1·3·6)
6,4,reg,2021-09,지,-0.0001898349789361982,지역 더미
6,4,reg,2021-10,①,0.008042367497442424,① 임차수요 압력
6,4,reg,2021-10,②,-0.002155879926241684,② 주택공급·재고 여건
6,4,reg,2021-10,③,0.020156798563870586,③ 금융여건·상대가격
6,4,reg,2021-10,④,0.008811581035201122,④ 임대시장 수급·전환 구조
6,4,reg,2021-10,⑤,0.16606888870763428,⑤ 시장과열·단기 트리거
6,4,reg,2021-10,⑥,0.023869871661186585,⑥ 거시경기·금융시장 여건
6,4,reg,2021-10,모,0.2582604326239294,타깃 모멘텀(past1·3·6)
6,4,reg,2021-10,지,-0.00015674907299524792,지역 더미
6,4,reg,2021-11,①,0.047799127237240786,① 임차수요 압력
6,4,reg,2021-11,②,-0.0036789755074761246,② 주택공급·재고 여건
6,4,reg,2021-11,③,0.006355059392209274,③ 금융여건·상대가격
6,4,reg,2021-11,④,-0.0007485415391035049,④ 임대시장 수급·전환 구조
6,4,reg,2021-11,⑤,0.125681306618978,⑤ 시장과열·단기 트리거
6,4,reg,2021-11,⑥,0.019947731958826525,⑥ 거시경기·금융시장 여건
6,4,reg,2021-11,모,0.28764172657119,타깃 모멘텀(past1·3·6)
6,4,reg,2021-11,지,-3.145694000337105e-05,지역 더미
6,4,reg,2021-12,①,0.05805785648188233,① 임차수요 압력
6,4,reg,2021-12,②,0.008930928354345247,② 주택공급·재고 여건
6,4,reg,2021-12,③,0.007419295772125537,③ 금융여건·상대가격
6,4,reg,2021-12,④,-0.014624988737255883,④ 임대시장 수급·전환 구조
6,4,reg,2021-12,⑤,0.034268443801385516,⑤ 시장과열·단기 트리거
6,4,reg,2021-12,⑥,0.039138162512788115,⑥ 거시경기·금융시장 여건
6,4,reg,2021-12,모,0.2658538076314418,타깃 모멘텀(past1·3·6)
6,4,reg,2021-12,지,-3.552757851919643e-05,지역 더미
6,4,reg,2022-01,①,0.029253675393024536,① 임차수요 압력
6,4,reg,2022-01,②,0.006444460369486111,② 주택공급·재고 여건
6,4,reg,2022-01,③,-0.0011121553970646224,③ 금융여건·상대가격
6,4,reg,2022-01,④,-0.02714412460815819,④ 임대시장 수급·전환 구조
6,4,reg,2022-01,⑤,-0.020377084475887174,⑤ 시장과열·단기 트리거
6,4,reg,2022-01,⑥,0.0308296876020114,⑥ 거시경기·금융시장 여건
6,4,reg,2022-01,모,0.2279114223361545,타깃 모멘텀(past1·3·6)
6,4,reg,2022-01,지,3.433306130734079e-05,지역 더미
6,4,reg,2022-02,①,0.0455161265455609,① 임차수요 압력
6,4,reg,2022-02,②,0.00801917414538985,② 주택공급·재고 여건
6,4,reg,2022-02,③,-0.013633097108515143,③ 금융여건·상대가격
6,4,reg,2022-02,④,-0.026410995893991852,④ 임대시장 수급·전환 구조
6,4,reg,2022-02,⑤,-0.07050910592079163,⑤ 시장과열·단기 트리거
6,4,reg,2022-02,⑥,0.032216776483853224,⑥ 거시경기·금융시장 여건
6,4,reg,2022-02,모,0.17862504418464561,타깃 모멘텀(past1·3·6)
6,4,reg,2022-02,지,-3.6317515780623186e-05,지역 더미
6,4,reg,2022-03,①,0.07767448296473056,① 임차수요 압력
6,4,reg,2022-03,②,0.00427988071205924,② 주택공급·재고 여건
6,4,reg,2022-03,③,0.0065998606670681125,③ 금융여건·상대가격
6,4,reg,2022-03,④,-0.0016217599702084793,④ 임대시장 수급·전환 구조
6,4,reg,2022-03,⑤,-0.03798928481581457,⑤ 시장과열·단기 트리거
6,4,reg,2022-03,⑥,0.035705325023689394,⑥ 거시경기·금융시장 여건
6,4,reg,2022-03,모,0.194509361961893,타깃 모멘텀(past1·3·6)
6,4,reg,2022-03,지,-0.00036444566616422743,지역 더미
6,4,reg,2022-04,①,0.06637052851416045,① 임차수요 압력
6,4,reg,2022-04,②,0.006585534147310713,② 주택공급·재고 여건
6,4,reg,2022-04,③,0.012049722312092533,③ 금융여건·상대가격
6,4,reg,2022-04,④,-0.009639824457575314,④ 임대시장 수급·전환 구조
6,4,reg,2022-04,⑤,-0.0035218544739216346,⑤ 시장과열·단기 트리거
6,4,reg,2022-04,⑥,0.02500029996551607,⑥ 거시경기·금융시장 여건
6,4,reg,2022-04,모,0.17962349561390048,타깃 모멘텀(past1·3·6)
6,4,reg,2022-04,지,-0.0005845735615184192,지역 더미
6,4,reg,2022-05,①,0.0697835900293988,① 임차수요 압력
6,4,reg,2022-05,②,0.004907465708870519,② 주택공급·재고 여건
6,4,reg,2022-05,③,0.011579720224129715,③ 금융여건·상대가격
6,4,reg,2022-05,④,-0.004088892510694945,④ 임대시장 수급·전환 구조
6,4,reg,2022-05,⑤,-0.003161141638616648,⑤ 시장과열·단기 트리거
6,4,reg,2022-05,⑥,0.02578091912476738,⑥ 거시경기·금융시장 여건
6,4,reg,2022-05,모,0.1558784617741099,타깃 모멘텀(past1·3·6)
6,4,reg,2022-05,지,-0.0005696025107990044,지역 더미
6,4,reg,2022-06,①,0.05582114658281775,① 임차수요 압력
6,4,reg,2022-06,②,-0.0030886909634693224,② 주택공급·재고 여건
6,4,reg,2022-06,③,0.00407558075859634,③ 금융여건·상대가격
6,4,reg,2022-06,④,-0.0016577264149793122,④ 임대시장 수급·전환 구조
6,4,reg,2022-06,⑤,-0.0692949327366317,⑤ 시장과열·단기 트리거
6,4,reg,2022-06,⑥,0.012775234658467558,⑥ 거시경기·금융시장 여건
6,4,reg,2022-06,모,0.1664414024437029,타깃 모멘텀(past1·3·6)
6,4,reg,2022-06,지,0.0002323418748315269,지역 더미
6,4,reg,2022-07,①,0.039697782480120736,① 임차수요 압력
6,4,reg,2022-07,②,-0.005124839620362427,② 주택공급·재고 여건
6,4,reg,2022-07,③,-0.009432286416383913,③ 금융여건·상대가격
6,4,reg,2022-07,④,-0.0029214320726596806,④ 임대시장 수급·전환 구조
6,4,reg,2022-07,⑤,-0.10369986027260036,⑤ 시장과열·단기 트리거
6,4,reg,2022-07,⑥,0.002523062928085641,⑥ 거시경기·금융시장 여건
6,4,reg,2022-07,모,0.14654139937905997,타깃 모멘텀(past1·3·6)
6,4,reg,2022-07,지,0.00019239661314808296,지역 더미
6,4,reg,2022-08,①,0.054011866557920556,① 임차수요 압력
6,4,reg,2022-08,②,-0.002051433833499885,② 주택공급·재고 여건
6,4,reg,2022-08,③,-0.00818012235001387,③ 금융여건·상대가격
6,4,reg,2022-08,④,-0.007220327524330916,④ 임대시장 수급·전환 구조
6,4,reg,2022-08,⑤,-0.20283131263054469,⑤ 시장과열·단기 트리거
6,4,reg,2022-08,⑥,-0.0035881756693801666,⑥ 거시경기·금융시장 여건
6,4,reg,2022-08,모,0.1518387444335602,타깃 모멘텀(past1·3·6)
6,4,reg,2022-08,지,2.391129622564596e-06,지역 더미
6,4,reg,2022-09,①,0.0406496521842934,① 임차수요 압력
6,4,reg,2022-09,②,-0.004366288127909813,② 주택공급·재고 여건
6,4,reg,2022-09,③,-0.01676526635694107,③ 금융여건·상대가격
6,4,reg,2022-09,④,-0.002513047648629735,④ 임대시장 수급·전환 구조
6,4,reg,2022-09,⑤,-0.27233533188700676,⑤ 시장과열·단기 트리거
6,4,reg,2022-09,⑥,-0.004625383814120174,⑥ 거시경기·금융시장 여건
6,4,reg,2022-09,모,0.1348380188128966,타깃 모멘텀(past1·3·6)
6,4,reg,2022-09,지,0.00012258467360949112,지역 더미
6,4,reg,2022-10,①,0.010851890505134998,① 임차수요 압력
6,4,reg,2022-10,②,0.002072705770475876,② 주택공급·재고 여건
6,4,reg,2022-10,③,-0.03451556441503256,③ 금융여건·상대가격
6,4,reg,2022-10,④,-0.003602076070177752,④ 임대시장 수급·전환 구조
6,4,reg,2022-10,⑤,-0.3345144501722911,⑤ 시장과열·단기 트리거
6,4,reg,2022-10,⑥,-0.006699893834329857,⑥ 거시경기·금융시장 여건
6,4,reg,2022-10,모,0.1014042199445505,타깃 모멘텀(past1·3·6)
6,4,reg,2022-10,지,0.00013145223526996286,지역 더미
6,4,reg,2022-11,①,0.011389604823269095,① 임차수요 압력
6,4,reg,2022-11,②,-0.00020001787546055565,② 주택공급·재고 여건
6,4,reg,2022-11,③,-0.02916409888479882,③ 금융여건·상대가격
6,4,reg,2022-11,④,0.0009370187480646349,④ 임대시장 수급·전환 구조
6,4,reg,2022-11,⑤,-0.4767596925444463,⑤ 시장과열·단기 트리거
6,4,reg,2022-11,⑥,-0.009464670450994755,⑥ 거시경기·금융시장 여건
6,4,reg,2022-11,모,0.050724994792949916,타깃 모멘텀(past1·3·6)
6,4,reg,2022-11,지,0.00016381101476134905,지역 더미
6,4,reg,2022-12,①,-0.0224849070214956,① 임차수요 압력
6,4,reg,2022-12,②,-0.003424961298915456,② 주택공급·재고 여건
6,4,reg,2022-12,③,-0.03242430823073456,③ 금융여건·상대가격
6,4,reg,2022-12,④,0.0012593814351609634,④ 임대시장 수급·전환 구조
6,4,reg,2022-12,⑤,-0.5407220173408004,⑤ 시장과열·단기 트리거
6,4,reg,2022-12,⑥,-0.008999879372267188,⑥ 거시경기·금융시장 여건
6,4,reg,2022-12,모,-0.10315425189978936,타깃 모멘텀(past1·3·6)
6,4,reg,2022-12,지,-0.00040549909536667157,지역 더미
6,4,reg,2023-01,①,-0.014955167011739373,① 임차수요 압력
6,4,reg,2023-01,②,-0.0015770322516655449,② 주택공급·재고 여건
6,4,reg,2023-01,③,-0.040467601173826126,③ 금융여건·상대가격
6,4,reg,2023-01,④,0.0016191886313797167,④ 임대시장 수급·전환 구조
6,4,reg,2023-01,⑤,-0.6290200771216083,⑤ 시장과열·단기 트리거
6,4,reg,2023-01,⑥,-0.006781635631078104,⑥ 거시경기·금융시장 여건
6,4,reg,2023-01,모,-0.22745222205697907,타깃 모멘텀(past1·3·6)
6,4,reg,2023-01,지,-8.184260972308247e-05,지역 더미
6,4,reg,2023-02,①,-0.00927308333368518,① 임차수요 압력
6,4,reg,2023-02,②,-0.0034608870369045672,② 주택공급·재고 여건
6,4,reg,2023-02,③,-0.049800362588618606,③ 금융여건·상대가격
6,4,reg,2023-02,④,-0.00022486877637942706,④ 임대시장 수급·전환 구조
6,4,reg,2023-02,⑤,-0.5537395536461297,⑤ 시장과열·단기 트리거
6,4,reg,2023-02,⑥,-0.0019053233630474018,⑥ 거시경기·금융시장 여건
6,4,reg,2023-02,모,-0.19349883541044796,타깃 모멘텀(past1·3·6)
6,4,reg,2023-02,지,2.0578264483978977e-05,지역 더미
6,4,reg,2023-03,①,-0.011161761161746034,① 임차수요 압력
6,4,reg,2023-03,②,-0.0026225282281378925,② 주택공급·재고 여건
6,4,reg,2023-03,③,-0.04430820666941542,③ 금융여건·상대가격
6,4,reg,2023-03,④,-0.007090170148277299,④ 임대시장 수급·전환 구조
6,4,reg,2023-03,⑤,-0.24191180125960862,⑤ 시장과열·단기 트리거
6,4,reg,2023-03,⑥,0.005251787049665297,⑥ 거시경기·금융시장 여건
6,4,reg,2023-03,모,-0.1615984655697556,타깃 모멘텀(past1·3·6)
6,4,reg,2023-03,지,-1.8893983066049775e-05,지역 더미
6,4,reg,2023-04,①,-0.011407723590661185,① 임차수요 압력
6,4,reg,2023-04,②,0.006804389306079957,② 주택공급·재고 여건
6,4,reg,2023-04,③,-0.04799959324064279,③ 금융여건·상대가격
6,4,reg,2023-04,④,0.005849195699899129,④ 임대시장 수급·전환 구조
6,4,reg,2023-04,⑤,-0.18382017415441462,⑤ 시장과열·단기 트리거
6,4,reg,2023-04,⑥,-0.006527749161801998,⑥ 거시경기·금융시장 여건
6,4,reg,2023-04,모,-0.12980000049562887,타깃 모멘텀(past1·3·6)
6,4,reg,2023-04,지,-3.236928698123404e-05,지역 더미
6,4,reg,2023-05,①,-0.00595444899679459,① 임차수요 압력
6,4,reg,2023-05,②,0.010092910786135858,② 주택공급·재고 여건
6,4,reg,2023-05,③,-0.042135796949572854,③ 금융여건·상대가격
6,4,reg,2023-05,④,0.003554002248432987,④ 임대시장 수급·전환 구조
6,4,reg,2023-05,⑤,-0.06651804229135022,⑤ 시장과열·단기 트리거
6,4,reg,2023-05,⑥,-0.012412111922557048,⑥ 거시경기·금융시장 여건
6,4,reg,2023-05,모,-0.08956032347701051,타깃 모멘텀(past1·3·6)
6,4,reg,2023-05,지,-7.972764614631122e-05,지역 더미
6,4,reg,2023-06,①,-0.005068023753413116,① 임차수요 압력
6,4,reg,2023-06,②,0.020681259894896175,② 주택공급·재고 여건
6,4,reg,2023-06,③,-0.03547084813599671,③ 금융여건·상대가격
6,4,reg,2023-06,④,0.004483492762494066,④ 임대시장 수급·전환 구조
6,4,reg,2023-06,⑤,-0.02146128417157075,⑤ 시장과열·단기 트리거
6,4,reg,2023-06,⑥,-0.011307518716692942,⑥ 거시경기·금융시장 여건
6,4,reg,2023-06,모,-0.11356778810937505,타깃 모멘텀(past1·3·6)
6,4,reg,2023-06,지,-0.00019025070711391879,지역 더미
6,4,reg,2023-07,①,0.0018891033700847324,① 임차수요 압력
6,4,reg,2023-07,②,0.013196587897377371,② 주택공급·재고 여건
6,4,reg,2023-07,③,-0.026459079841775486,③ 금융여건·상대가격
6,4,reg,2023-07,④,0.004713017177624244,④ 임대시장 수급·전환 구조
6,4,reg,2023-07,⑤,0.04818374411244055,⑤ 시장과열·단기 트리거
6,4,reg,2023-07,⑥,-0.02215416338388904,⑥ 거시경기·금융시장 여건
6,4,reg,2023-07,모,-0.11108689130667378,타깃 모멘텀(past1·3·6)
6,4,reg,2023-07,지,-0.00028717481075209216,지역 더미
6,4,reg,2023-08,①,-0.00521767684630267,① 임차수요 압력
6,4,reg,2023-08,②,0.031103496788144933,② 주택공급·재고 여건
6,4,reg,2023-08,③,-0.03321102086819406,③ 금융여건·상대가격
6,4,reg,2023-08,④,0.0025854821681551743,④ 임대시장 수급·전환 구조
6,4,reg,2023-08,⑤,0.04820821598610457,⑤ 시장과열·단기 트리거
6,4,reg,2023-08,⑥,-0.008501106586330465,⑥ 거시경기·금융시장 여건
6,4,reg,2023-08,모,-0.08561771513332668,타깃 모멘텀(past1·3·6)
6,4,reg,2023-08,지,-7.23953448255324e-05,지역 더미
6,4,reg,2023-09,①,-0.007826830046212286,① 임차수요 압력
6,4,reg,2023-09,②,0.027712515674213765,② 주택공급·재고 여건
6,4,reg,2023-09,③,-0.02577857517942658,③ 금융여건·상대가격
6,4,reg,2023-09,④,-0.001600324544329744,④ 임대시장 수급·전환 구조
6,4,reg,2023-09,⑤,0.10442316600614611,⑤ 시장과열·단기 트리거
6,4,reg,2023-09,⑥,-0.007293411309872195,⑥ 거시경기·금융시장 여건
6,4,reg,2023-09,모,-0.09355053530239008,타깃 모멘텀(past1·3·6)
6,4,reg,2023-09,지,-0.0003106292035264707,지역 더미
6,4,reg,2023-10,①,-0.0101202742236729,① 임차수요 압력
6,4,reg,2023-10,②,0.04094241520325348,② 주택공급·재고 여건
6,4,reg,2023-10,③,-0.006813644313289475,③ 금융여건·상대가격
6,4,reg,2023-10,④,-0.002022966155730982,④ 임대시장 수급·전환 구조
6,4,reg,2023-10,⑤,0.1099745726062204,⑤ 시장과열·단기 트리거
6,4,reg,2023-10,⑥,-0.01617988195295058,⑥ 거시경기·금융시장 여건
6,4,reg,2023-10,모,-0.05348267100806184,타깃 모멘텀(past1·3·6)
6,4,reg,2023-10,지,-0.00038514448118123795,지역 더미
6,4,reg,2023-11,①,-0.01448766966868865,① 임차수요 압력
6,4,reg,2023-11,②,0.026746981699232935,② 주택공급·재고 여건
6,4,reg,2023-11,③,-0.005587781599709107,③ 금융여건·상대가격
6,4,reg,2023-11,④,-0.0011582906954572536,④ 임대시장 수급·전환 구조
6,4,reg,2023-11,⑤,0.028885402415386018,⑤ 시장과열·단기 트리거
6,4,reg,2023-11,⑥,-0.010569509488815701,⑥ 거시경기·금융시장 여건
6,4,reg,2023-11,모,-0.021430758553940582,타깃 모멘텀(past1·3·6)
6,4,reg,2023-11,지,-0.0008035809201753141,지역 더미
6,4,reg,2023-12,①,-0.013673572245390475,① 임차수요 압력
6,4,reg,2023-12,②,0.03356860345902074,② 주택공급·재고 여건
6,4,reg,2023-12,③,0.0031007821407834824,③ 금융여건·상대가격
6,4,reg,2023-12,④,-0.004633566106135464,④ 임대시장 수급·전환 구조
6,4,reg,2023-12,⑤,-0.06397210198509343,⑤ 시장과열·단기 트리거
6,4,reg,2023-12,⑥,-0.007171272141594236,⑥ 거시경기·금융시장 여건
6,4,reg,2023-12,모,-0.018399086643886918,타깃 모멘텀(past1·3·6)
6,4,reg,2023-12,지,-0.0008822362896664855,지역 더미
6,4,reg,2024-01,①,-0.011965681028116041,① 임차수요 압력
6,4,reg,2024-01,②,0.007594979161855436,② 주택공급·재고 여건
6,4,reg,2024-01,③,0.0029793769892054694,③ 금융여건·상대가격
6,4,reg,2024-01,④,-0.0058244329834184,④ 임대시장 수급·전환 구조
6,4,reg,2024-01,⑤,-0.12116720234317814,⑤ 시장과열·단기 트리거
6,4,reg,2024-01,⑥,-0.007258300552549203,⑥ 거시경기·금융시장 여건
6,4,reg,2024-01,모,-0.01673604789025643,타깃 모멘텀(past1·3·6)
6,4,reg,2024-01,지,-0.0006293888851536186,지역 더미
6,4,reg,2024-02,①,-0.015279876318796412,① 임차수요 압력
6,4,reg,2024-02,②,0.0055129099245957965,② 주택공급·재고 여건
6,4,reg,2024-02,③,0.0016122565635562163,③ 금융여건·상대가격
6,4,reg,2024-02,④,-0.004541012412707513,④ 임대시장 수급·전환 구조
6,4,reg,2024-02,⑤,-0.09095586777445586,⑤ 시장과열·단기 트리거
6,4,reg,2024-02,⑥,-0.0013919823986848993,⑥ 거시경기·금융시장 여건
6,4,reg,2024-02,모,-0.04661283591150434,타깃 모멘텀(past1·3·6)
6,4,reg,2024-02,지,-0.00015953214825807738,지역 더미
6,4,reg,2024-03,①,-0.013425241361793811,① 임차수요 압력
6,4,reg,2024-03,②,0.003341966204221963,② 주택공급·재고 여건
6,4,reg,2024-03,③,0.0009893808530265966,③ 금융여건·상대가격
6,4,reg,2024-03,④,-0.00529581140161848,④ 임대시장 수급·전환 구조
6,4,reg,2024-03,⑤,-0.04612106964165886,⑤ 시장과열·단기 트리거
6,4,reg,2024-03,⑥,-0.0065269055461555266,⑥ 거시경기·금융시장 여건
6,4,reg,2024-03,모,-0.013636132193199707,타깃 모멘텀(past1·3·6)
6,4,reg,2024-03,지,-0.0003889990253168542,지역 더미
6,4,reg,2024-04,①,-0.013578305538438511,① 임차수요 압력
6,4,reg,2024-04,②,0.0019392987679956214,② 주택공급·재고 여건
6,4,reg,2024-04,③,-0.005982394930080253,③ 금융여건·상대가격
6,4,reg,2024-04,④,-0.006303809694894452,④ 임대시장 수급·전환 구조
6,4,reg,2024-04,⑤,-0.07879964863497983,⑤ 시장과열·단기 트리거
6,4,reg,2024-04,⑥,-0.0024470920722306877,⑥ 거시경기·금융시장 여건
6,4,reg,2024-04,모,-0.019979637755336715,타깃 모멘텀(past1·3·6)
6,4,reg,2024-04,지,-0.00014510941391846627,지역 더미
6,4,reg,2024-05,①,-0.011767298756499909,① 임차수요 압력
6,4,reg,2024-05,②,-0.0047417701135913865,② 주택공급·재고 여건
6,4,reg,2024-05,③,-0.010606911897518919,③ 금융여건·상대가격
6,4,reg,2024-05,④,-0.006188888906549169,④ 임대시장 수급·전환 구조
6,4,reg,2024-05,⑤,-0.11509986709365073,⑤ 시장과열·단기 트리거
6,4,reg,2024-05,⑥,-0.002875630239027919,⑥ 거시경기·금융시장 여건
6,4,reg,2024-05,모,-0.031019603186423945,타깃 모멘텀(past1·3·6)
6,4,reg,2024-05,지,-0.00020535141071522202,지역 더미
6,4,reg,2024-06,①,-0.009445479262459772,① 임차수요 압력
6,4,reg,2024-06,②,-0.0024383635056682493,② 주택공급·재고 여건
6,4,reg,2024-06,③,-0.01596468457253405,③ 금융여건·상대가격
6,4,reg,2024-06,④,-0.00627315892950933,④ 임대시장 수급·전환 구조
6,4,reg,2024-06,⑤,-0.07710997309700093,⑤ 시장과열·단기 트리거
6,4,reg,2024-06,⑥,-0.002327177935578582,⑥ 거시경기·금융시장 여건
6,4,reg,2024-06,모,-0.03602855531361831,타깃 모멘텀(past1·3·6)
6,4,reg,2024-06,지,-0.00018784436369056985,지역 더미
6,4,reg,2024-07,①,-0.011315115475087982,① 임차수요 압력
6,4,reg,2024-07,②,-0.004692770807784708,② 주택공급·재고 여건
6,4,reg,2024-07,③,-0.018772721099716776,③ 금융여건·상대가격
6,4,reg,2024-07,④,-0.00617345893603188,④ 임대시장 수급·전환 구조
6,4,reg,2024-07,⑤,-0.044455425115302205,⑤ 시장과열·단기 트리거
6,4,reg,2024-07,⑥,0.0057646146286974296,⑥ 거시경기·금융시장 여건
6,4,reg,2024-07,모,-0.04646730748480003,타깃 모멘텀(past1·3·6)
6,4,reg,2024-07,지,0.00018082911695597797,지역 더미
6,4,reg,2024-08,①,-0.006634683420631189,① 임차수요 압력
6,4,reg,2024-08,②,-0.0053224604275515855,② 주택공급·재고 여건
6,4,reg,2024-08,③,-0.015920293288309805,③ 금융여건·상대가격
6,4,reg,2024-08,④,-0.0033488946539685406,④ 임대시장 수급·전환 구조
6,4,reg,2024-08,⑤,0.043314327535507104,⑤ 시장과열·단기 트리거
6,4,reg,2024-08,⑥,0.005846211071006587,⑥ 거시경기·금융시장 여건
6,4,reg,2024-08,모,-0.05896955742226804,타깃 모멘텀(past1·3·6)
6,4,reg,2024-08,지,-0.0003279432058004037,지역 더미
6,4,reg,2024-09,①,-0.00944669995194755,① 임차수요 압력
6,4,reg,2024-09,②,-0.00884035685255697,② 주택공급·재고 여건
6,4,reg,2024-09,③,-0.018381776735959417,③ 금융여건·상대가격
6,4,reg,2024-09,④,-0.00398275551475201,④ 임대시장 수급·전환 구조
6,4,reg,2024-09,⑤,0.0688734899603707,⑤ 시장과열·단기 트리거
6,4,reg,2024-09,⑥,0.0015091914596663983,⑥ 거시경기·금융시장 여건
6,4,reg,2024-09,모,-0.028830411746942747,타깃 모멘텀(past1·3·6)
6,4,reg,2024-09,지,0.00034458206798945745,지역 더미
6,4,reg,2024-10,①,-0.007165409152067322,① 임차수요 압력
6,4,reg,2024-10,②,-0.00778124131875684,② 주택공급·재고 여건
6,4,reg,2024-10,③,-0.02259899562237219,③ 금융여건·상대가격
6,4,reg,2024-10,④,-0.003005470159490976,④ 임대시장 수급·전환 구조
6,4,reg,2024-10,⑤,0.06958922803374555,⑤ 시장과열·단기 트리거
6,4,reg,2024-10,⑥,0.0006927099145134507,⑥ 거시경기·금융시장 여건
6,4,reg,2024-10,모,-0.024395753685430642,타깃 모멘텀(past1·3·6)
6,4,reg,2024-10,지,1.2474498337104104e-05,지역 더미
6,4,reg,2024-11,①,-0.005923881925282483,① 임차수요 압력
6,4,reg,2024-11,②,-0.009306463736751187,② 주택공급·재고 여건
6,4,reg,2024-11,③,-0.02899417865477471,③ 금융여건·상대가격
6,4,reg,2024-11,④,-0.004540556970288676,④ 임대시장 수급·전환 구조
6,4,reg,2024-11,⑤,0.003985677566721707,⑤ 시장과열·단기 트리거
6,4,reg,2024-11,⑥,0.0042894966615894935,⑥ 거시경기·금융시장 여건
6,4,reg,2024-11,모,-0.014859269922097013,타깃 모멘텀(past1·3·6)
6,4,reg,2024-11,지,0.0002471413022516679,지역 더미
6,4,reg,2024-12,①,-0.004139003894896395,① 임차수요 압력
6,4,reg,2024-12,②,-0.013907717035578549,② 주택공급·재고 여건
6,4,reg,2024-12,③,-0.029142786093259685,③ 금융여건·상대가격
6,4,reg,2024-12,④,-0.006346380704438642,④ 임대시장 수급·전환 구조
6,4,reg,2024-12,⑤,-0.11055715431746863,⑤ 시장과열·단기 트리거
6,4,reg,2024-12,⑥,0.0041298070197927075,⑥ 거시경기·금융시장 여건
6,4,reg,2024-12,모,-0.014585282025840498,타깃 모멘텀(past1·3·6)
6,4,reg,2024-12,지,0.000495213798426936,지역 더미
6,4,reg,2025-01,①,-0.0004841041983058285,① 임차수요 압력
6,4,reg,2025-01,②,-0.01365578400867232,② 주택공급·재고 여건
6,4,reg,2025-01,③,-0.02819483877309332,③ 금융여건·상대가격
6,4,reg,2025-01,④,-0.004728734459015815,④ 임대시장 수급·전환 구조
6,4,reg,2025-01,⑤,-0.13001221052485668,⑤ 시장과열·단기 트리거
6,4,reg,2025-01,⑥,0.005339473605127499,⑥ 거시경기·금융시장 여건
6,4,reg,2025-01,모,-0.014725685806707571,타깃 모멘텀(past1·3·6)
6,4,reg,2025-01,지,0.0008378289484863643,지역 더미
6,4,reg,2025-02,①,-0.003907171880215907,① 임차수요 압력
6,4,reg,2025-02,②,-0.013105971719130497,② 주택공급·재고 여건
6,4,reg,2025-02,③,-0.02966606754685132,③ 금융여건·상대가격
6,4,reg,2025-02,④,-0.009795415230602136,④ 임대시장 수급·전환 구조
6,4,reg,2025-02,⑤,-0.09936999191310913,⑤ 시장과열·단기 트리거
6,4,reg,2025-02,⑥,0.005264710046219792,⑥ 거시경기·금융시장 여건
6,4,reg,2025-02,모,-0.0150960900143985,타깃 모멘텀(past1·3·6)
6,4,reg,2025-02,지,0.0004980721024086999,지역 더미
6,4,reg,2025-03,①,-0.003824481233722577,① 임차수요 압력
6,4,reg,2025-03,②,-0.01657243731564709,② 주택공급·재고 여건
6,4,reg,2025-03,③,-0.02114322693817202,③ 금융여건·상대가격
6,4,reg,2025-03,④,-0.00531334235711256,④ 임대시장 수급·전환 구조
6,4,reg,2025-03,⑤,-0.006034778030559263,⑤ 시장과열·단기 트리거
6,4,reg,2025-03,⑥,0.00012754113930282793,⑥ 거시경기·금융시장 여건
6,4,reg,2025-03,모,-0.02488645198115823,타깃 모멘텀(past1·3·6)
6,4,reg,2025-03,지,8.403127819660625e-06,지역 더미
6,4,reg,2025-04,①,-0.006426742359087998,① 임차수요 압력
6,4,reg,2025-04,②,-0.012614225301363417,② 주택공급·재고 여건
6,4,reg,2025-04,③,-0.015005931437991123,③ 금융여건·상대가격
6,4,reg,2025-04,④,-0.006574282165007282,④ 임대시장 수급·전환 구조
6,4,reg,2025-04,⑤,0.029489220859592453,⑤ 시장과열·단기 트리거
6,4,reg,2025-04,⑥,0.001067817442203931,⑥ 거시경기·금융시장 여건
6,4,reg,2025-04,모,-0.021203142427611073,타깃 모멘텀(past1·3·6)
6,4,reg,2025-04,지,0.0002967892226740512,지역 더미
6,4,reg,2025-05,①,-0.00013209209154250428,① 임차수요 압력
6,4,reg,2025-05,②,-0.008080331273469878,② 주택공급·재고 여건
6,4,reg,2025-05,③,-0.016307694701164346,③ 금융여건·상대가격
6,4,reg,2025-05,④,-0.006644834325176335,④ 임대시장 수급·전환 구조
6,4,reg,2025-05,⑤,0.017834255112307695,⑤ 시장과열·단기 트리거
6,4,reg,2025-05,⑥,0.0025819706795995262,⑥ 거시경기·금융시장 여건
6,4,reg,2025-05,모,-0.051487531074706244,타깃 모멘텀(past1·3·6)
6,4,reg,2025-05,지,0.0006354418092779493,지역 더미
6,4,reg,2025-06,①,0.0045539365141963615,① 임차수요 압력
6,4,reg,2025-06,②,-0.011772653726301305,② 주택공급·재고 여건
6,4,reg,2025-06,③,-0.01294361078064202,③ 금융여건·상대가격
6,4,reg,2025-06,④,-0.003309462162125034,④ 임대시장 수급·전환 구조
6,4,reg,2025-06,⑤,0.04890296065851169,⑤ 시장과열·단기 트리거
6,4,reg,2025-06,⑥,-7.953644322960457e-05,⑥ 거시경기·금융시장 여건
6,4,reg,2025-06,모,-0.0583982439072547,타깃 모멘텀(past1·3·6)
6,4,reg,2025-06,지,0.0003068965007140137,지역 더미
6,4,reg,2025-07,①,0.0007965634376428896,① 임차수요 압력
6,4,reg,2025-07,②,-0.006652269488447072,② 주택공급·재고 여건
6,4,reg,2025-07,③,-0.01205840649290163,③ 금융여건·상대가격
6,4,reg,2025-07,④,-0.0021690758812302887,④ 임대시장 수급·전환 구조
6,4,reg,2025-07,⑤,0.13045663814580835,⑤ 시장과열·단기 트리거
6,4,reg,2025-07,⑥,-0.0025988540760840907,⑥ 거시경기·금융시장 여건
6,4,reg,2025-07,모,-0.05278758788207436,타깃 모멘텀(past1·3·6)
6,4,reg,2025-07,지,3.950160807828422e-05,지역 더미
6,4,reg,2025-08,①,-0.0015080287236184226,① 임차수요 압력
6,4,reg,2025-08,②,-0.005400305137636449,② 주택공급·재고 여건
6,4,reg,2025-08,③,-0.012673977240884603,③ 금융여건·상대가격
6,4,reg,2025-08,④,-0.0023438943079621393,④ 임대시장 수급·전환 구조
6,4,reg,2025-08,⑤,0.07633070738109596,⑤ 시장과열·단기 트리거
6,4,reg,2025-08,⑥,0.0015763238486104299,⑥ 거시경기·금융시장 여건
6,4,reg,2025-08,모,-0.0355899495565716,타깃 모멘텀(past1·3·6)
6,4,reg,2025-08,지,-0.0001698122440124733,지역 더미
6,4,reg,2025-09,①,-0.000638990558560609,① 임차수요 압력
6,4,reg,2025-09,②,-0.004425106894791306,② 주택공급·재고 여건
6,4,reg,2025-09,③,-0.009410955260610542,③ 금융여건·상대가격
6,4,reg,2025-09,④,-0.005531079701219877,④ 임대시장 수급·전환 구조
6,4,reg,2025-09,⑤,0.07138489492268384,⑤ 시장과열·단기 트리거
6,4,reg,2025-09,⑥,0.00434694901158192,⑥ 거시경기·금융시장 여건
6,4,reg,2025-09,모,-0.016341816798290786,타깃 모멘텀(past1·3·6)
6,4,reg,2025-09,지,0.0004668690391214384,지역 더미
6,4,reg,2025-10,①,-0.0056067561268994285,① 임차수요 압력
6,4,reg,2025-10,②,-0.003969447577762038,② 주택공급·재고 여건
6,4,reg,2025-10,③,-0.0042332954591770165,③ 금융여건·상대가격
6,4,reg,2025-10,④,0.00019551593012532548,④ 임대시장 수급·전환 구조
6,4,reg,2025-10,⑤,0.14638288405395167,⑤ 시장과열·단기 트리거
6,4,reg,2025-10,⑥,0.002553378048179591,⑥ 거시경기·금융시장 여건
6,4,reg,2025-10,모,-0.009615168096406349,타깃 모멘텀(past1·3·6)
6,4,reg,2025-10,지,-0.0006842839873595659,지역 더미
6,4,reg,2025-11,①,-0.004591506073826595,① 임차수요 압력
6,4,reg,2025-11,②,-0.004678731243419089,② 주택공급·재고 여건
6,4,reg,2025-11,③,0.004853611306836163,③ 금융여건·상대가격
6,4,reg,2025-11,④,0.000497802267465672,④ 임대시장 수급·전환 구조
6,4,reg,2025-11,⑤,0.1808168099309756,⑤ 시장과열·단기 트리거
6,4,reg,2025-11,⑥,0.0023150959250868015,⑥ 거시경기·금융시장 여건
6,4,reg,2025-11,모,0.01386530488597083,타깃 모멘텀(past1·3·6)
6,4,reg,2025-11,지,-8.324257691644993e-05,지역 더미
6,4,reg,2025-12,①,0.003082671762111953,① 임차수요 압력
6,4,reg,2025-12,②,0.0006368833857181505,② 주택공급·재고 여건
6,4,reg,2025-12,③,0.011317923286391184,③ 금융여건·상대가격
6,4,reg,2025-12,④,0.003687831313393818,④ 임대시장 수급·전환 구조
6,4,reg,2025-12,⑤,0.17452320772880578,⑤ 시장과열·단기 트리거
6,4,reg,2025-12,⑥,0.0028013054457808133,⑥ 거시경기·금융시장 여건
6,4,reg,2025-12,모,0.032290573633622886,타깃 모멘텀(past1·3·6)
6,4,reg,2025-12,지,-9.873570031631467e-05,지역 더미
6,4,reg,2026-01,①,0.003465952966293758,① 임차수요 압력
6,4,reg,2026-01,②,-0.0074080765478952764,② 주택공급·재고 여건
6,4,reg,2026-01,③,0.01498944954532091,③ 금융여건·상대가격
6,4,reg,2026-01,④,0.0015740461359896203,④ 임대시장 수급·전환 구조
6,4,reg,2026-01,⑤,0.17105718228199027,⑤ 시장과열·단기 트리거
6,4,reg,2026-01,⑥,0.007456594152714239,⑥ 거시경기·금융시장 여건
6,4,reg,2026-01,모,0.063375457619116,타깃 모멘텀(past1·3·6)
6,4,reg,2026-01,지,-0.00036369391090025524,지역 더미
6,4,reg,2026-02,①,0.006048500319226731,① 임차수요 압력
6,4,reg,2026-02,②,-0.006058753803096019,② 주택공급·재고 여건
6,4,reg,2026-02,③,0.013494115480728801,③ 금융여건·상대가격
6,4,reg,2026-02,④,0.0022567416251738047,④ 임대시장 수급·전환 구조
6,4,reg,2026-02,⑤,0.23251322185730233,⑤ 시장과열·단기 트리거
6,4,reg,2026-02,⑥,0.0066304683902725465,⑥ 거시경기·금융시장 여건
6,4,reg,2026-02,모,0.06504881797431439,타깃 모멘텀(past1·3·6)
6,4,reg,2026-02,지,9.668678199150519e-05,지역 더미
6,4,reg,2026-03,①,0.008712183372161602,① 임차수요 압력
6,4,reg,2026-03,②,-0.0033498256735820637,② 주택공급·재고 여건
6,4,reg,2026-03,③,0.014089221480848393,③ 금융여건·상대가격
6,4,reg,2026-03,④,0.0026610607980247177,④ 임대시장 수급·전환 구조
6,4,reg,2026-03,⑤,0.19050576490254195,⑤ 시장과열·단기 트리거
6,4,reg,2026-03,⑥,0.027790910402382407,⑥ 거시경기·금융시장 여건
6,4,reg,2026-03,모,0.05554466104984064,타깃 모멘텀(past1·3·6)
6,4,reg,2026-03,지,-1.010213592685888e-06,지역 더미
6,4,up,2019-12,①,-0.28916392891331255,① 임차수요 압력
6,4,up,2019-12,②,-0.0240542391166404,② 주택공급·재고 여건
6,4,up,2019-12,③,-0.08004654524456553,③ 금융여건·상대가격
6,4,up,2019-12,④,-0.03097258464378469,④ 임대시장 수급·전환 구조
6,4,up,2019-12,⑤,0.0,⑤ 시장과열·단기 트리거
6,4,up,2019-12,⑥,-0.03773216042473777,⑥ 거시경기·금융시장 여건
6,4,up,2019-12,모,-0.06292363577613644,타깃 모멘텀(past1·3·6)
6,4,up,2019-12,지,0.0,지역 더미
6,4,up,2020-01,①,-0.285334120371512,① 임차수요 압력
6,4,up,2020-01,②,-0.008310316243999395,② 주택공급·재고 여건
6,4,up,2020-01,③,-0.07110110118186899,③ 금융여건·상대가격
6,4,up,2020-01,④,0.03461682521190275,④ 임대시장 수급·전환 구조
6,4,up,2020-01,⑤,0.0,⑤ 시장과열·단기 트리거
6,4,up,2020-01,⑥,-0.0467761264696751,⑥ 거시경기·금융시장 여건
6,4,up,2020-01,모,-0.1689180549161107,타깃 모멘텀(past1·3·6)
6,4,up,2020-01,지,0.0,지역 더미
6,4,up,2020-02,①,-0.2711168275285168,① 임차수요 압력
6,4,up,2020-02,②,-0.0307478452171786,② 주택공급·재고 여건
6,4,up,2020-02,③,-0.08000271077886098,③ 금융여건·상대가격
6,4,up,2020-02,④,-0.031205121099072343,④ 임대시장 수급·전환 구조
6,4,up,2020-02,⑤,0.000725365654729745,⑤ 시장과열·단기 트리거
6,4,up,2020-02,⑥,0.0007227149842585104,⑥ 거시경기·금융시장 여건
6,4,up,2020-02,모,-0.2300342919633669,타깃 모멘텀(past1·3·6)
6,4,up,2020-02,지,0.0,지역 더미
6,4,up,2020-03,①,-0.2654244635614152,① 임차수요 압력
6,4,up,2020-03,②,-0.020819235123506113,② 주택공급·재고 여건
6,4,up,2020-03,③,-0.03601394799937095,③ 금융여건·상대가격
6,4,up,2020-03,④,0.10252839250161368,④ 임대시장 수급·전환 구조
6,4,up,2020-03,⑤,0.0025596752324525047,⑤ 시장과열·단기 트리거
6,4,up,2020-03,⑥,-0.0032785912233982153,⑥ 거시경기·금융시장 여건
6,4,up,2020-03,모,-0.22149639258928158,타깃 모멘텀(past1·3·6)
6,4,up,2020-03,지,0.0,지역 더미
6,4,up,2020-04,①,-0.21493328696883776,① 임차수요 압력
6,4,up,2020-04,②,-0.05268580056413883,② 주택공급·재고 여건
6,4,up,2020-04,③,-0.044606130259080216,③ 금융여건·상대가격
6,4,up,2020-04,④,-0.017028183826957557,④ 임대시장 수급·전환 구조
6,4,up,2020-04,⑤,-0.03874935390537276,⑤ 시장과열·단기 트리거
6,4,up,2020-04,⑥,-0.03145635196711548,⑥ 거시경기·금융시장 여건
6,4,up,2020-04,모,-0.35904109302689047,타깃 모멘텀(past1·3·6)
6,4,up,2020-04,지,0.0,지역 더미
6,4,up,2020-05,①,-0.08740356148165815,① 임차수요 압력
6,4,up,2020-05,②,-0.20809365654395534,② 주택공급·재고 여건
6,4,up,2020-05,③,-0.0288716819403427,③ 금융여건·상대가격
6,4,up,2020-05,④,-0.09153082214213688,④ 임대시장 수급·전환 구조
6,4,up,2020-05,⑤,-0.03166679588749128,⑤ 시장과열·단기 트리거
6,4,up,2020-05,⑥,-0.018824251523511106,⑥ 거시경기·금융시장 여건
6,4,up,2020-05,모,-0.46399864154940873,타깃 모멘텀(past1·3·6)
6,4,up,2020-05,지,0.0,지역 더미
6,4,up,2020-06,①,-0.10948383963095541,① 임차수요 압력
6,4,up,2020-06,②,-0.12732494650643414,② 주택공급·재고 여건
6,4,up,2020-06,③,0.0009562966899022836,③ 금융여건·상대가격
6,4,up,2020-06,④,-0.11419723707470386,④ 임대시장 수급·전환 구조
6,4,up,2020-06,⑤,0.03106669043464696,⑤ 시장과열·단기 트리거
6,4,up,2020-06,⑥,0.007528459387768178,⑥ 거시경기·금융시장 여건
6,4,up,2020-06,모,-0.4764930199576067,타깃 모멘텀(past1·3·6)
6,4,up,2020-06,지,0.0,지역 더미
6,4,up,2020-07,①,-0.10713682423870102,① 임차수요 압력
6,4,up,2020-07,②,-0.13320781161398196,② 주택공급·재고 여건
6,4,up,2020-07,③,0.06514371105884555,③ 금융여건·상대가격
6,4,up,2020-07,④,-0.034695277127492076,④ 임대시장 수급·전환 구조
6,4,up,2020-07,⑤,0.11003098571125199,⑤ 시장과열·단기 트리거
6,4,up,2020-07,⑥,-0.015079265942889776,⑥ 거시경기·금융시장 여건
6,4,up,2020-07,모,-0.2959322510013247,타깃 모멘텀(past1·3·6)
6,4,up,2020-07,지,0.0,지역 더미
6,4,up,2020-08,①,-0.1357617780816655,① 임차수요 압력
6,4,up,2020-08,②,-0.1274535451788737,② 주택공급·재고 여건
6,4,up,2020-08,③,0.0414400382609177,③ 금융여건·상대가격
6,4,up,2020-08,④,0.038076470154063666,④ 임대시장 수급·전환 구조
6,4,up,2020-08,⑤,0.13523090214413755,⑤ 시장과열·단기 트리거
6,4,up,2020-08,⑥,-0.03235558871331528,⑥ 거시경기·금융시장 여건
6,4,up,2020-08,모,-0.19270641700017685,타깃 모멘텀(past1·3·6)
6,4,up,2020-08,지,0.0,지역 더미
6,4,up,2020-09,①,-0.14002262302791746,① 임차수요 압력
6,4,up,2020-09,②,-0.14911125600337982,② 주택공급·재고 여건
6,4,up,2020-09,③,-0.054470796233919615,③ 금융여건·상대가격
6,4,up,2020-09,④,0.07242973988382694,④ 임대시장 수급·전환 구조
6,4,up,2020-09,⑤,0.1379710852771121,⑤ 시장과열·단기 트리거
6,4,up,2020-09,⑥,0.010334632391051065,⑥ 거시경기·금융시장 여건
6,4,up,2020-09,모,-0.11626646806504212,타깃 모멘텀(past1·3·6)
6,4,up,2020-09,지,0.0,지역 더미
6,4,up,2020-10,①,-0.0932962344528935,① 임차수요 압력
6,4,up,2020-10,②,-0.08898134744029586,② 주택공급·재고 여건
6,4,up,2020-10,③,-0.03164651886043491,③ 금융여건·상대가격
6,4,up,2020-10,④,0.0020308851620511096,④ 임대시장 수급·전환 구조
6,4,up,2020-10,⑤,0.013921456685399307,⑤ 시장과열·단기 트리거
6,4,up,2020-10,⑥,-0.03012682248024919,⑥ 거시경기·금융시장 여건
6,4,up,2020-10,모,0.06768658435812183,타깃 모멘텀(past1·3·6)
6,4,up,2020-10,지,0.0,지역 더미
6,4,up,2020-11,①,-0.019996911840035946,① 임차수요 압력
6,4,up,2020-11,②,-0.0658565742010642,② 주택공급·재고 여건
6,4,up,2020-11,③,-0.06511002348563752,③ 금융여건·상대가격
6,4,up,2020-11,④,0.000355215702096329,④ 임대시장 수급·전환 구조
6,4,up,2020-11,⑤,0.016340780784102046,⑤ 시장과열·단기 트리거
6,4,up,2020-11,⑥,0.011771381596668004,⑥ 거시경기·금융시장 여건
6,4,up,2020-11,모,0.1275467920098819,타깃 모멘텀(past1·3·6)
6,4,up,2020-11,지,0.0,지역 더미
6,4,up,2020-12,①,0.018083441274694533,① 임차수요 압력
6,4,up,2020-12,②,-0.058767254949555175,② 주택공급·재고 여건
6,4,up,2020-12,③,-0.07907017905601621,③ 금융여건·상대가격
6,4,up,2020-12,④,-0.008834042011157554,④ 임대시장 수급·전환 구조
6,4,up,2020-12,⑤,0.10972249535295893,⑤ 시장과열·단기 트리거
6,4,up,2020-12,⑥,-0.07780230519302796,⑥ 거시경기·금융시장 여건
6,4,up,2020-12,모,0.24248085141766304,타깃 모멘텀(past1·3·6)
6,4,up,2020-12,지,0.0,지역 더미
6,4,up,2021-01,①,0.021534295576554136,① 임차수요 압력
6,4,up,2021-01,②,-0.09409766712327715,② 주택공급·재고 여건
6,4,up,2021-01,③,-0.07974411819537147,③ 금융여건·상대가격
6,4,up,2021-01,④,0.013118237346027265,④ 임대시장 수급·전환 구조
6,4,up,2021-01,⑤,0.2729009574224405,⑤ 시장과열·단기 트리거
6,4,up,2021-01,⑥,-0.06957993220655896,⑥ 거시경기·금융시장 여건
6,4,up,2021-01,모,0.33441350718631463,타깃 모멘텀(past1·3·6)
6,4,up,2021-01,지,0.0,지역 더미
6,4,up,2021-02,①,0.018001337997427508,① 임차수요 압력
6,4,up,2021-02,②,-0.07020990087987244,② 주택공급·재고 여건
6,4,up,2021-02,③,-0.10704671243643936,③ 금융여건·상대가격
6,4,up,2021-02,④,0.037776196402881074,④ 임대시장 수급·전환 구조
6,4,up,2021-02,⑤,0.26856382410315904,⑤ 시장과열·단기 트리거
6,4,up,2021-02,⑥,-0.057650025122234286,⑥ 거시경기·금융시장 여건
6,4,up,2021-02,모,0.3534966134557537,타깃 모멘텀(past1·3·6)
6,4,up,2021-02,지,-4.161204530448237e-05,지역 더미
6,4,up,2021-03,①,0.03969347009732693,① 임차수요 압력
6,4,up,2021-03,②,-0.06965411132389382,② 주택공급·재고 여건
6,4,up,2021-03,③,-0.07138023681707774,③ 금융여건·상대가격
6,4,up,2021-03,④,-0.007319390691597672,④ 임대시장 수급·전환 구조
6,4,up,2021-03,⑤,0.3065518763957216,⑤ 시장과열·단기 트리거
6,4,up,2021-03,⑥,-0.0024147697753900857,⑥ 거시경기·금융시장 여건
6,4,up,2021-03,모,0.332857577093676,타깃 모멘텀(past1·3·6)
6,4,up,2021-03,지,4.183637762964287e-05,지역 더미
6,4,up,2021-04,①,0.00810769124019171,① 임차수요 압력
6,4,up,2021-04,②,-0.043684211595790036,② 주택공급·재고 여건
6,4,up,2021-04,③,-0.04728151756894438,③ 금융여건·상대가격
6,4,up,2021-04,④,-0.07089383457787335,④ 임대시장 수급·전환 구조
6,4,up,2021-04,⑤,0.24485097866614952,⑤ 시장과열·단기 트리거
6,4,up,2021-04,⑥,0.009683753313218576,⑥ 거시경기·금융시장 여건
6,4,up,2021-04,모,0.3895514933209793,타깃 모멘텀(past1·3·6)
6,4,up,2021-04,지,-3.902603401625239e-05,지역 더미
6,4,up,2021-05,①,0.013726538276112005,① 임차수요 압력
6,4,up,2021-05,②,-0.05085518642547814,② 주택공급·재고 여건
6,4,up,2021-05,③,-0.012462632383313813,③ 금융여건·상대가격
6,4,up,2021-05,④,-0.08911874247988795,④ 임대시장 수급·전환 구조
6,4,up,2021-05,⑤,0.32905033481416895,⑤ 시장과열·단기 트리거
6,4,up,2021-05,⑥,0.0859231918716247,⑥ 거시경기·금융시장 여건
6,4,up,2021-05,모,0.4263194761439866,타깃 모멘텀(past1·3·6)
6,4,up,2021-05,지,-3.488688201202034e-05,지역 더미
6,4,up,2021-06,①,0.008360775004673218,① 임차수요 압력
6,4,up,2021-06,②,-0.018115517377125554,② 주택공급·재고 여건
6,4,up,2021-06,③,-0.03329064719136335,③ 금융여건·상대가격
6,4,up,2021-06,④,-0.054953399504644465,④ 임대시장 수급·전환 구조
6,4,up,2021-06,⑤,0.38544178523999806,⑤ 시장과열·단기 트리거
6,4,up,2021-06,⑥,0.06799740194684376,⑥ 거시경기·금융시장 여건
6,4,up,2021-06,모,0.5203725372751554,타깃 모멘텀(past1·3·6)
6,4,up,2021-06,지,-8.79481953655766e-05,지역 더미
6,4,up,2021-07,①,0.0024280037687887915,① 임차수요 압력
6,4,up,2021-07,②,-0.006236071764890637,② 주택공급·재고 여건
6,4,up,2021-07,③,-0.02713812404300454,③ 금융여건·상대가격
6,4,up,2021-07,④,-0.021381983286975062,④ 임대시장 수급·전환 구조
6,4,up,2021-07,⑤,0.41169498762225404,⑤ 시장과열·단기 트리거
6,4,up,2021-07,⑥,0.07929673332855847,⑥ 거시경기·금융시장 여건
6,4,up,2021-07,모,0.483746952724223,타깃 모멘텀(past1·3·6)
6,4,up,2021-07,지,6.163946899124598e-05,지역 더미
6,4,up,2021-08,①,0.0067204962554974716,① 임차수요 압력
6,4,up,2021-08,②,-0.01912063343192161,② 주택공급·재고 여건
6,4,up,2021-08,③,-0.002988757151805115,③ 금융여건·상대가격
6,4,up,2021-08,④,-0.03621414643438423,④ 임대시장 수급·전환 구조
6,4,up,2021-08,⑤,0.34365268117364717,⑤ 시장과열·단기 트리거
6,4,up,2021-08,⑥,0.049115358871867146,⑥ 거시경기·금융시장 여건
6,4,up,2021-08,모,0.47029602160567746,타깃 모멘텀(past1·3·6)
6,4,up,2021-08,지,-6.831322968244604e-05,지역 더미
6,4,up,2021-09,①,-0.05445953861598959,① 임차수요 압력
6,4,up,2021-09,②,-0.008085464137144574,② 주택공급·재고 여건
6,4,up,2021-09,③,0.010526894677837356,③ 금융여건·상대가격
6,4,up,2021-09,④,-0.038562682053238595,④ 임대시장 수급·전환 구조
6,4,up,2021-09,⑤,0.3938925660708371,⑤ 시장과열·단기 트리거
6,4,up,2021-09,⑥,0.07085988365695285,⑥ 거시경기·금융시장 여건
6,4,up,2021-09,모,0.42251805342076454,타깃 모멘텀(past1·3·6)
6,4,up,2021-09,지,-0.0004733477450849224,지역 더미
6,4,up,2021-10,①,0.006736222441805166,① 임차수요 압력
6,4,up,2021-10,②,-0.02074129891409656,② 주택공급·재고 여건
6,4,up,2021-10,③,0.006253561622290989,③ 금융여건·상대가격
6,4,up,2021-10,④,0.009010432603056817,④ 임대시장 수급·전환 구조
6,4,up,2021-10,⑤,0.36200978606939316,⑤ 시장과열·단기 트리거
6,4,up,2021-10,⑥,0.06663427044578503,⑥ 거시경기·금융시장 여건
6,4,up,2021-10,모,0.49781569860437336,타깃 모멘텀(past1·3·6)
6,4,up,2021-10,지,-0.0004926090484008089,지역 더미
6,4,up,2021-11,①,0.009708906473012782,① 임차수요 압력
6,4,up,2021-11,②,0.007836656416022852,② 주택공급·재고 여건
6,4,up,2021-11,③,0.019526824154822594,③ 금융여건·상대가격
6,4,up,2021-11,④,0.016496385735295275,④ 임대시장 수급·전환 구조
6,4,up,2021-11,⑤,0.16302680009154275,⑤ 시장과열·단기 트리거
6,4,up,2021-11,⑥,0.10204460980197862,⑥ 거시경기·금융시장 여건
6,4,up,2021-11,모,0.5304306354373693,타깃 모멘텀(past1·3·6)
6,4,up,2021-11,지,-0.0007248107947338256,지역 더미
6,4,up,2021-12,①,0.03671981992411325,① 임차수요 압력
6,4,up,2021-12,②,0.0010516105939735885,② 주택공급·재고 여건
6,4,up,2021-12,③,-0.026303341241451686,③ 금융여건·상대가격
6,4,up,2021-12,④,-0.10717848891406045,④ 임대시장 수급·전환 구조
6,4,up,2021-12,⑤,-0.1751671961563475,⑤ 시장과열·단기 트리거
6,4,up,2021-12,⑥,0.11692256457857131,⑥ 거시경기·금융시장 여건
6,4,up,2021-12,모,0.39710086094690306,타깃 모멘텀(past1·3·6)
6,4,up,2021-12,지,-0.0009097659563207451,지역 더미
6,4,up,2022-01,①,0.022929026776564724,① 임차수요 압력
6,4,up,2022-01,②,-0.0025022254176750905,② 주택공급·재고 여건
6,4,up,2022-01,③,-0.023717227755329657,③ 금융여건·상대가격
6,4,up,2022-01,④,-0.1463973148561576,④ 임대시장 수급·전환 구조
6,4,up,2022-01,⑤,-0.5527087671353537,⑤ 시장과열·단기 트리거
6,4,up,2022-01,⑥,0.1012473034017142,⑥ 거시경기·금융시장 여건
6,4,up,2022-01,모,0.374090410951598,타깃 모멘텀(past1·3·6)
6,4,up,2022-01,지,-0.001547635349631954,지역 더미
6,4,up,2022-02,①,0.043670893818953956,① 임차수요 압력
6,4,up,2022-02,②,-0.008264732378840196,② 주택공급·재고 여건
6,4,up,2022-02,③,-0.01860876890689823,③ 금융여건·상대가격
6,4,up,2022-02,④,-0.10146042660070474,④ 임대시장 수급·전환 구조
6,4,up,2022-02,⑤,-0.8059346031616715,⑤ 시장과열·단기 트리거
6,4,up,2022-02,⑥,0.10351809120749658,⑥ 거시경기·금융시장 여건
6,4,up,2022-02,모,0.3297990810345201,타깃 모멘텀(past1·3·6)
6,4,up,2022-02,지,-0.0013517364021712933,지역 더미
6,4,up,2022-03,①,0.0413437239041145,① 임차수요 압력
6,4,up,2022-03,②,-0.01874195401138086,② 주택공급·재고 여건
6,4,up,2022-03,③,-0.00451736435188497,③ 금융여건·상대가격
6,4,up,2022-03,④,-0.07340884596616139,④ 임대시장 수급·전환 구조
6,4,up,2022-03,⑤,-0.7666551865199033,⑤ 시장과열·단기 트리거
6,4,up,2022-03,⑥,0.09003958908569203,⑥ 거시경기·금융시장 여건
6,4,up,2022-03,모,0.3155804679582955,타깃 모멘텀(past1·3·6)
6,4,up,2022-03,지,-0.0012440398779768613,지역 더미
6,4,up,2022-04,①,0.042352250884795765,① 임차수요 압력
6,4,up,2022-04,②,-0.03175802742905852,② 주택공급·재고 여건
6,4,up,2022-04,③,0.00508769773112653,③ 금융여건·상대가격
6,4,up,2022-04,④,-0.01779868223307216,④ 임대시장 수급·전환 구조
6,4,up,2022-04,⑤,-0.5844599075053873,⑤ 시장과열·단기 트리거
6,4,up,2022-04,⑥,0.0887533940956401,⑥ 거시경기·금융시장 여건
6,4,up,2022-04,모,0.28783938632912787,타깃 모멘텀(past1·3·6)
6,4,up,2022-04,지,-0.0008971278642700617,지역 더미
6,4,up,2022-05,①,0.06792734606981966,① 임차수요 압력
6,4,up,2022-05,②,-0.011538362801622818,② 주택공급·재고 여건
6,4,up,2022-05,③,0.04162058200268466,③ 금융여건·상대가격
6,4,up,2022-05,④,-0.004057112160166178,④ 임대시장 수급·전환 구조
6,4,up,2022-05,⑤,-0.5472727610784418,⑤ 시장과열·단기 트리거
6,4,up,2022-05,⑥,0.04281475802944611,⑥ 거시경기·금융시장 여건
6,4,up,2022-05,모,0.2408309701611014,타깃 모멘텀(past1·3·6)
6,4,up,2022-05,지,-0.0008250545697434963,지역 더미
6,4,up,2022-06,①,0.07223829499469335,① 임차수요 압력
6,4,up,2022-06,②,-0.01261912044059454,② 주택공급·재고 여건
6,4,up,2022-06,③,0.055101758613106365,③ 금융여건·상대가격
6,4,up,2022-06,④,0.010319812124019818,④ 임대시장 수급·전환 구조
6,4,up,2022-06,⑤,-0.7349741714184775,⑤ 시장과열·단기 트리거
6,4,up,2022-06,⑥,0.03552402040765229,⑥ 거시경기·금융시장 여건
6,4,up,2022-06,모,0.26264098001753583,타깃 모멘텀(past1·3·6)
6,4,up,2022-06,지,-0.0006829941061979553,지역 더미
6,4,up,2022-07,①,0.09905975989746947,① 임차수요 압력
6,4,up,2022-07,②,-0.002952054060776444,② 주택공급·재고 여건
6,4,up,2022-07,③,0.0036019647049819344,③ 금융여건·상대가격
6,4,up,2022-07,④,-0.006385975698803496,④ 임대시장 수급·전환 구조
6,4,up,2022-07,⑤,-0.8959264621576842,⑤ 시장과열·단기 트리거
6,4,up,2022-07,⑥,0.01172166877232357,⑥ 거시경기·금융시장 여건
6,4,up,2022-07,모,0.2265554806765388,타깃 모멘텀(past1·3·6)
6,4,up,2022-07,지,-0.0005349922565917346,지역 더미
6,4,up,2022-08,①,0.08970699535620187,① 임차수요 압력
6,4,up,2022-08,②,0.01680054994663928,② 주택공급·재고 여건
6,4,up,2022-08,③,0.00027732601381462663,③ 금융여건·상대가격
6,4,up,2022-08,④,-0.037854623898644656,④ 임대시장 수급·전환 구조
6,4,up,2022-08,⑤,-0.9727723829667357,⑤ 시장과열·단기 트리거
6,4,up,2022-08,⑥,0.020346911471311794,⑥ 거시경기·금융시장 여건
6,4,up,2022-08,모,0.2607540499199839,타깃 모멘텀(past1·3·6)
6,4,up,2022-08,지,0.00030529038387650437,지역 더미
6,4,up,2022-09,①,0.08213820798565172,① 임차수요 압력
6,4,up,2022-09,②,0.007363282620002899,② 주택공급·재고 여건
6,4,up,2022-09,③,-0.005287136543080399,③ 금융여건·상대가격
6,4,up,2022-09,④,-0.016790869031169945,④ 임대시장 수급·전환 구조
6,4,up,2022-09,⑤,-1.0846593333956074,⑤ 시장과열·단기 트리거
6,4,up,2022-09,⑥,-0.0025894654465931977,⑥ 거시경기·금융시장 여건
6,4,up,2022-09,모,0.3105963239190625,타깃 모멘텀(past1·3·6)
6,4,up,2022-09,지,0.00031183182123313726,지역 더미
6,4,up,2022-10,①,0.06602660120864,① 임차수요 압력
6,4,up,2022-10,②,0.0070529208384540335,② 주택공급·재고 여건
6,4,up,2022-10,③,-0.007326272204753105,③ 금융여건·상대가격
6,4,up,2022-10,④,-0.02617783594178036,④ 임대시장 수급·전환 구조
6,4,up,2022-10,⑤,-1.0828311406075954,⑤ 시장과열·단기 트리거
6,4,up,2022-10,⑥,0.01789907815368905,⑥ 거시경기·금융시장 여건
6,4,up,2022-10,모,0.24902266362572417,타깃 모멘텀(past1·3·6)
6,4,up,2022-10,지,0.0013127264495823004,지역 더미
6,4,up,2022-11,①,0.07244285455603591,① 임차수요 압력
6,4,up,2022-11,②,0.016906268906411753,② 주택공급·재고 여건
6,4,up,2022-11,③,-0.015393430448309401,③ 금융여건·상대가격
6,4,up,2022-11,④,-0.02404745536349604,④ 임대시장 수급·전환 구조
6,4,up,2022-11,⑤,-1.0668008828206974,⑤ 시장과열·단기 트리거
6,4,up,2022-11,⑥,-0.035682338426875716,⑥ 거시경기·금융시장 여건
6,4,up,2022-11,모,0.09105739627471741,타깃 모멘텀(past1·3·6)
6,4,up,2022-11,지,0.0009535788614818485,지역 더미
6,4,up,2022-12,①,-0.07136745528443207,① 임차수요 압력
6,4,up,2022-12,②,-0.012345993040254763,② 주택공급·재고 여건
6,4,up,2022-12,③,-0.040310481869412135,③ 금융여건·상대가격
6,4,up,2022-12,④,-0.014425860635717125,④ 임대시장 수급·전환 구조
6,4,up,2022-12,⑤,-0.9252660205478177,⑤ 시장과열·단기 트리거
6,4,up,2022-12,⑥,-0.09972328448939934,⑥ 거시경기·금융시장 여건
6,4,up,2022-12,모,-0.2425578918476936,타깃 모멘텀(past1·3·6)
6,4,up,2022-12,지,-0.0003805185889117871,지역 더미
6,4,up,2023-01,①,-0.08561665839867807,① 임차수요 압력
6,4,up,2023-01,②,-0.0415602282752056,② 주택공급·재고 여건
6,4,up,2023-01,③,-0.06996189457014156,③ 금융여건·상대가격
6,4,up,2023-01,④,-0.0018211325719569098,④ 임대시장 수급·전환 구조
6,4,up,2023-01,⑤,-0.9315024881678469,⑤ 시장과열·단기 트리거
6,4,up,2023-01,⑥,-0.08401471849139021,⑥ 거시경기·금융시장 여건
6,4,up,2023-01,모,-0.46056607499828234,타깃 모멘텀(past1·3·6)
6,4,up,2023-01,지,-6.74300657901075e-05,지역 더미
6,4,up,2023-02,①,-0.07506347205411612,① 임차수요 압력
6,4,up,2023-02,②,-0.018593813489316453,② 주택공급·재고 여건
6,4,up,2023-02,③,-0.08833621945691944,③ 금융여건·상대가격
6,4,up,2023-02,④,-0.015800375012023485,④ 임대시장 수급·전환 구조
6,4,up,2023-02,⑤,-0.9820436656694201,⑤ 시장과열·단기 트리거
6,4,up,2023-02,⑥,-0.09190269089114275,⑥ 거시경기·금융시장 여건
6,4,up,2023-02,모,-0.505528637636042,타깃 모멘텀(past1·3·6)
6,4,up,2023-02,지,-0.0012406988547161014,지역 더미
6,4,up,2023-03,①,-0.07748106896032055,① 임차수요 압력
6,4,up,2023-03,②,-0.02989054859827171,② 주택공급·재고 여건
6,4,up,2023-03,③,-0.05359547116261508,③ 금융여건·상대가격
6,4,up,2023-03,④,-0.0062279144356794216,④ 임대시장 수급·전환 구조
6,4,up,2023-03,⑤,-0.9235297380124822,⑤ 시장과열·단기 트리거
6,4,up,2023-03,⑥,-0.0728413489461788,⑥ 거시경기·금융시장 여건
6,4,up,2023-03,모,-0.5340850941800311,타깃 모멘텀(past1·3·6)
6,4,up,2023-03,지,-0.00013082622063819924,지역 더미
6,4,up,2023-04,①,-0.05673793519400999,① 임차수요 압력
6,4,up,2023-04,②,-0.023523467727897672,② 주택공급·재고 여건
6,4,up,2023-04,③,-0.05926736527584305,③ 금융여건·상대가격
6,4,up,2023-04,④,0.0003007755970911068,④ 임대시장 수급·전환 구조
6,4,up,2023-04,⑤,-1.0157255201655275,⑤ 시장과열·단기 트리거
6,4,up,2023-04,⑥,-0.07210284254589536,⑥ 거시경기·금융시장 여건
6,4,up,2023-04,모,-0.5175428615481246,타깃 모멘텀(past1·3·6)
6,4,up,2023-04,지,0.0003535067974783119,지역 더미
6,4,up,2023-05,①,-0.06103036645212907,① 임차수요 압력
6,4,up,2023-05,②,-0.0012453176441187617,② 주택공급·재고 여건
6,4,up,2023-05,③,-0.06099403470690057,③ 금융여건·상대가격
6,4,up,2023-05,④,-0.005517714807544561,④ 임대시장 수급·전환 구조
6,4,up,2023-05,⑤,-0.8496283275239608,⑤ 시장과열·단기 트리거
6,4,up,2023-05,⑥,-0.10404056697510757,⑥ 거시경기·금융시장 여건
6,4,up,2023-05,모,-0.4455112068019077,타깃 모멘텀(past1·3·6)
6,4,up,2023-05,지,-2.950269210870961e-05,지역 더미
6,4,up,2023-06,①,-0.07123616837872927,① 임차수요 압력
6,4,up,2023-06,②,-0.02091131780586135,② 주택공급·재고 여건
6,4,up,2023-06,③,-0.04801036396304521,③ 금융여건·상대가격
6,4,up,2023-06,④,0.03263676339959014,④ 임대시장 수급·전환 구조
6,4,up,2023-06,⑤,-0.5465595583595774,⑤ 시장과열·단기 트리거
6,4,up,2023-06,⑥,-0.11518220612842471,⑥ 거시경기·금융시장 여건
6,4,up,2023-06,모,-0.5026239912372594,타깃 모멘텀(past1·3·6)
6,4,up,2023-06,지,0.0003289864898037333,지역 더미
6,4,up,2023-07,①,-0.09967825658415921,① 임차수요 압력
6,4,up,2023-07,②,-0.0310816179859225,② 주택공급·재고 여건
6,4,up,2023-07,③,-0.028099628681406974,③ 금융여건·상대가격
6,4,up,2023-07,④,0.004400117884335273,④ 임대시장 수급·전환 구조
6,4,up,2023-07,⑤,-0.3659530636470984,⑤ 시장과열·단기 트리거
6,4,up,2023-07,⑥,-0.122940933683727,⑥ 거시경기·금융시장 여건
6,4,up,2023-07,모,-0.4343659142214878,타깃 모멘텀(past1·3·6)
6,4,up,2023-07,지,-0.00035518449433083455,지역 더미
6,4,up,2023-08,①,-0.09419406091935244,① 임차수요 압력
6,4,up,2023-08,②,-0.033036917733701585,② 주택공급·재고 여건
6,4,up,2023-08,③,-0.02039305422114631,③ 금융여건·상대가격
6,4,up,2023-08,④,-0.0008844485958380735,④ 임대시장 수급·전환 구조
6,4,up,2023-08,⑤,-0.2946629678857896,⑤ 시장과열·단기 트리거
6,4,up,2023-08,⑥,-0.12470980551003213,⑥ 거시경기·금융시장 여건
6,4,up,2023-08,모,-0.4708778881559185,타깃 모멘텀(past1·3·6)
6,4,up,2023-08,지,0.0007501185346381887,지역 더미
6,4,up,2023-09,①,-0.11949166957242023,① 임차수요 압력
6,4,up,2023-09,②,-0.03370344853263442,② 주택공급·재고 여건
6,4,up,2023-09,③,-0.02846448852811713,③ 금융여건·상대가격
6,4,up,2023-09,④,-0.010243756398695576,④ 임대시장 수급·전환 구조
6,4,up,2023-09,⑤,-0.09817466331536279,⑤ 시장과열·단기 트리거
6,4,up,2023-09,⑥,-0.11631063240205203,⑥ 거시경기·금융시장 여건
6,4,up,2023-09,모,-0.33090826518395366,타깃 모멘텀(past1·3·6)
6,4,up,2023-09,지,0.0005717174879961669,지역 더미
6,4,up,2023-10,①,-0.12346135018229046,① 임차수요 압력
6,4,up,2023-10,②,-0.03274039819273127,② 주택공급·재고 여건
6,4,up,2023-10,③,-0.02981041420051562,③ 금융여건·상대가격
6,4,up,2023-10,④,-0.006233453346580705,④ 임대시장 수급·전환 구조
6,4,up,2023-10,⑤,-0.07599561673808186,⑤ 시장과열·단기 트리거
6,4,up,2023-10,⑥,-0.1323999829882149,⑥ 거시경기·금융시장 여건
6,4,up,2023-10,모,-0.23417735863111766,타깃 모멘텀(past1·3·6)
6,4,up,2023-10,지,0.0005933370559627777,지역 더미
6,4,up,2023-11,①,-0.06795298087042796,① 임차수요 압력
6,4,up,2023-11,②,-0.006668376452641703,② 주택공급·재고 여건
6,4,up,2023-11,③,-0.005928594961433727,③ 금융여건·상대가격
6,4,up,2023-11,④,-0.0064253146787557535,④ 임대시장 수급·전환 구조
6,4,up,2023-11,⑤,-0.30664887553190484,⑤ 시장과열·단기 트리거
6,4,up,2023-11,⑥,-0.09533027529809203,⑥ 거시경기·금융시장 여건
6,4,up,2023-11,모,-0.07068670413333594,타깃 모멘텀(past1·3·6)
6,4,up,2023-11,지,0.0009445296027447874,지역 더미
6,4,up,2023-12,①,-0.060942722621428615,① 임차수요 압력
6,4,up,2023-12,②,0.00044019986726656683,② 주택공급·재고 여건
6,4,up,2023-12,③,-0.0036119581796933246,③ 금융여건·상대가격
6,4,up,2023-12,④,-0.018758069292423043,④ 임대시장 수급·전환 구조
6,4,up,2023-12,⑤,-0.7937618357622448,⑤ 시장과열·단기 트리거
6,4,up,2023-12,⑥,-0.09097353442376101,⑥ 거시경기·금융시장 여건
6,4,up,2023-12,모,-0.02495730908441485,타깃 모멘텀(past1·3·6)
6,4,up,2023-12,지,0.00021539705041731516,지역 더미
6,4,up,2024-01,①,-0.06338959055788376,① 임차수요 압력
6,4,up,2024-01,②,0.01530605272640388,② 주택공급·재고 여건
6,4,up,2024-01,③,0.009905770853427904,③ 금융여건·상대가격
6,4,up,2024-01,④,-0.026687858040745863,④ 임대시장 수급·전환 구조
6,4,up,2024-01,⑤,-0.911594301188255,⑤ 시장과열·단기 트리거
6,4,up,2024-01,⑥,-0.07978352682129795,⑥ 거시경기·금융시장 여건
6,4,up,2024-01,모,-0.1007891223085679,타깃 모멘텀(past1·3·6)
6,4,up,2024-01,지,-5.002762467937164e-05,지역 더미
6,4,up,2024-02,①,-0.06155383355226837,① 임차수요 압력
6,4,up,2024-02,②,-0.006491792920444693,② 주택공급·재고 여건
6,4,up,2024-02,③,0.023649161990180204,③ 금융여건·상대가격
6,4,up,2024-02,④,-0.03789357258938253,④ 임대시장 수급·전환 구조
6,4,up,2024-02,⑤,-0.8099805411937482,⑤ 시장과열·단기 트리거
6,4,up,2024-02,⑥,-0.07001179551423371,⑥ 거시경기·금융시장 여건
6,4,up,2024-02,모,-0.15935464171400548,타깃 모멘텀(past1·3·6)
6,4,up,2024-02,지,0.00015685881812699061,지역 더미
6,4,up,2024-03,①,-0.045582025171014943,① 임차수요 압력
6,4,up,2024-03,②,-0.002550363393907412,② 주택공급·재고 여건
6,4,up,2024-03,③,0.010071852275252561,③ 금융여건·상대가격
6,4,up,2024-03,④,-0.00569087900015909,④ 임대시장 수급·전환 구조
6,4,up,2024-03,⑤,-0.5727270586785915,⑤ 시장과열·단기 트리거
6,4,up,2024-03,⑥,-0.054194208350437124,⑥ 거시경기·금융시장 여건
6,4,up,2024-03,모,-0.059370335435732176,타깃 모멘텀(past1·3·6)
6,4,up,2024-03,지,0.000286087794567758,지역 더미
6,4,up,2024-04,①,-0.03375625902270319,① 임차수요 압력
6,4,up,2024-04,②,-0.009044679850261627,② 주택공급·재고 여건
6,4,up,2024-04,③,-4.533752935993321e-05,③ 금융여건·상대가격
6,4,up,2024-04,④,-0.00790048246477347,④ 임대시장 수급·전환 구조
6,4,up,2024-04,⑤,-0.6006761965177515,⑤ 시장과열·단기 트리거
6,4,up,2024-04,⑥,-0.04979559148022298,⑥ 거시경기·금융시장 여건
6,4,up,2024-04,모,-0.11519393658119381,타깃 모멘텀(past1·3·6)
6,4,up,2024-04,지,-3.393469249449387e-05,지역 더미
6,4,up,2024-05,①,-0.041520084115527885,① 임차수요 압력
6,4,up,2024-05,②,-0.004634630791999462,② 주택공급·재고 여건
6,4,up,2024-05,③,-0.007867878862507954,③ 금융여건·상대가격
6,4,up,2024-05,④,-0.026317941901438376,④ 임대시장 수급·전환 구조
6,4,up,2024-05,⑤,-0.6876753090593197,⑤ 시장과열·단기 트리거
6,4,up,2024-05,⑥,-0.027121914193514583,⑥ 거시경기·금융시장 여건
6,4,up,2024-05,모,-0.14870862646357103,타깃 모멘텀(past1·3·6)
6,4,up,2024-05,지,-0.001023714274335588,지역 더미
6,4,up,2024-06,①,-0.02383909355301191,① 임차수요 압력
6,4,up,2024-06,②,-0.010039111415898631,② 주택공급·재고 여건
6,4,up,2024-06,③,-0.07042121338343028,③ 금융여건·상대가격
6,4,up,2024-06,④,-0.005990941488348386,④ 임대시장 수급·전환 구조
6,4,up,2024-06,⑤,-0.49782436343786474,⑤ 시장과열·단기 트리거
6,4,up,2024-06,⑥,-0.0548436253182,⑥ 거시경기·금융시장 여건
6,4,up,2024-06,모,-0.21336100659534044,타깃 모멘텀(past1·3·6)
6,4,up,2024-06,지,-0.00028140966500120177,지역 더미
6,4,up,2024-07,①,-0.02821182377906438,① 임차수요 압력
6,4,up,2024-07,②,-0.008381241380761401,② 주택공급·재고 여건
6,4,up,2024-07,③,-0.10094884543179754,③ 금융여건·상대가격
6,4,up,2024-07,④,-0.0035217963467242524,④ 임대시장 수급·전환 구조
6,4,up,2024-07,⑤,-0.4270780910463894,⑤ 시장과열·단기 트리거
6,4,up,2024-07,⑥,-0.03029063489073171,⑥ 거시경기·금융시장 여건
6,4,up,2024-07,모,-0.24769984638574077,타깃 모멘텀(past1·3·6)
6,4,up,2024-07,지,-0.0003138076514811303,지역 더미
6,4,up,2024-08,①,-0.039371792602689325,① 임차수요 압력
6,4,up,2024-08,②,-0.0023623785285764383,② 주택공급·재고 여건
6,4,up,2024-08,③,-0.08717072632911169,③ 금융여건·상대가격
6,4,up,2024-08,④,-0.003994395287008956,④ 임대시장 수급·전환 구조
6,4,up,2024-08,⑤,-0.17037622323807547,⑤ 시장과열·단기 트리거
6,4,up,2024-08,⑥,-0.008779047592227005,⑥ 거시경기·금융시장 여건
6,4,up,2024-08,모,-0.363808427626888,타깃 모멘텀(past1·3·6)
6,4,up,2024-08,지,0.0005017728778407958,지역 더미
6,4,up,2024-09,①,-0.047410602437747064,① 임차수요 압력
6,4,up,2024-09,②,-0.002932453291302844,② 주택공급·재고 여건
6,4,up,2024-09,③,-0.09815302775586278,③ 금융여건·상대가격
6,4,up,2024-09,④,-0.02251501094467719,④ 임대시장 수급·전환 구조
6,4,up,2024-09,⑤,-0.05135486406438491,⑤ 시장과열·단기 트리거
6,4,up,2024-09,⑥,-0.010374446672901544,⑥ 거시경기·금융시장 여건
6,4,up,2024-09,모,-0.1925691139573852,타깃 모멘텀(past1·3·6)
6,4,up,2024-09,지,0.00020743259808828467,지역 더미
6,4,up,2024-10,①,-0.05902903568891793,① 임차수요 압력
6,4,up,2024-10,②,-0.003471908649672292,② 주택공급·재고 여건
6,4,up,2024-10,③,-0.13034505357069723,③ 금융여건·상대가격
6,4,up,2024-10,④,-0.02804701666772256,④ 임대시장 수급·전환 구조
6,4,up,2024-10,⑤,-0.11893373533316395,⑤ 시장과열·단기 트리거
6,4,up,2024-10,⑥,0.005860663156343278,⑥ 거시경기·금융시장 여건
6,4,up,2024-10,모,-0.16206100966562242,타깃 모멘텀(past1·3·6)
6,4,up,2024-10,지,-0.0008364727859188735,지역 더미
6,4,up,2024-11,①,-0.0673117131589591,① 임차수요 압력
6,4,up,2024-11,②,0.0005279512412673911,② 주택공급·재고 여건
6,4,up,2024-11,③,-0.10353088976048372,③ 금융여건·상대가격
6,4,up,2024-11,④,-0.007301499101552455,④ 임대시장 수급·전환 구조
6,4,up,2024-11,⑤,-0.30059197011595484,⑤ 시장과열·단기 트리거
6,4,up,2024-11,⑥,-0.004576148375198751,⑥ 거시경기·금융시장 여건
6,4,up,2024-11,모,-0.13918244132005117,타깃 모멘텀(past1·3·6)
6,4,up,2024-11,지,0.00037590755515483733,지역 더미
6,4,up,2024-12,①,-0.04612108991097878,① 임차수요 압력
6,4,up,2024-12,②,-0.024767169308214754,② 주택공급·재고 여건
6,4,up,2024-12,③,-0.0985837468560472,③ 금융여건·상대가격
6,4,up,2024-12,④,-0.03070839914246736,④ 임대시장 수급·전환 구조
6,4,up,2024-12,⑤,-0.7883907830178299,⑤ 시장과열·단기 트리거
6,4,up,2024-12,⑥,-0.0018395475389507527,⑥ 거시경기·금융시장 여건
6,4,up,2024-12,모,-0.08911434911629733,타깃 모멘텀(past1·3·6)
6,4,up,2024-12,지,-7.563472602993354e-05,지역 더미
6,4,up,2025-01,①,-0.03197895848200101,① 임차수요 압력
6,4,up,2025-01,②,-0.03083621260921369,② 주택공급·재고 여건
6,4,up,2025-01,③,-0.10196568973816368,③ 금융여건·상대가격
6,4,up,2025-01,④,-0.010112431249581277,④ 임대시장 수급·전환 구조
6,4,up,2025-01,⑤,-0.9394105902927763,⑤ 시장과열·단기 트리거
6,4,up,2025-01,⑥,-0.004446499137106727,⑥ 거시경기·금융시장 여건
6,4,up,2025-01,모,-0.05534928204382167,타깃 모멘텀(past1·3·6)
6,4,up,2025-01,지,-0.0006317367622545021,지역 더미
6,4,up,2025-02,①,-0.040816823928421286,① 임차수요 압력
6,4,up,2025-02,②,-0.03164388685283728,② 주택공급·재고 여건
6,4,up,2025-02,③,-0.1156248649603789,③ 금융여건·상대가격
6,4,up,2025-02,④,-0.05342969793812646,④ 임대시장 수급·전환 구조
6,4,up,2025-02,⑤,-0.7780441281057018,⑤ 시장과열·단기 트리거
6,4,up,2025-02,⑥,0.0016439035050233835,⑥ 거시경기·금융시장 여건
6,4,up,2025-02,모,-0.09948404511555518,타깃 모멘텀(past1·3·6)
6,4,up,2025-02,지,-0.000286800182822473,지역 더미
6,4,up,2025-03,①,-0.047115652070639016,① 임차수요 압력
6,4,up,2025-03,②,-0.039085704327498354,② 주택공급·재고 여건
6,4,up,2025-03,③,-0.10300471309323975,③ 금융여건·상대가격
6,4,up,2025-03,④,-0.028880454113652164,④ 임대시장 수급·전환 구조
6,4,up,2025-03,⑤,-0.47112001895028,⑤ 시장과열·단기 트리거
6,4,up,2025-03,⑥,0.006929786545034852,⑥ 거시경기·금융시장 여건
6,4,up,2025-03,모,-0.20637859404087067,타깃 모멘텀(past1·3·6)
6,4,up,2025-03,지,-0.0006727173515179784,지역 더미
6,4,up,2025-04,①,-0.028820071091578036,① 임차수요 압력
6,4,up,2025-04,②,-0.027007819359785558,② 주택공급·재고 여건
6,4,up,2025-04,③,-0.07730830335860461,③ 금융여건·상대가격
6,4,up,2025-04,④,-0.024829975601545918,④ 임대시장 수급·전환 구조
6,4,up,2025-04,⑤,-0.35227936081697836,⑤ 시장과열·단기 트리거
6,4,up,2025-04,⑥,0.00199116996807632,⑥ 거시경기·금융시장 여건
6,4,up,2025-04,모,-0.13460487493441678,타깃 모멘텀(past1·3·6)
6,4,up,2025-04,지,-0.000557986426466889,지역 더미
6,4,up,2025-05,①,-0.042130631566861594,① 임차수요 압력
6,4,up,2025-05,②,-0.023874800439978784,② 주택공급·재고 여건
6,4,up,2025-05,③,-0.10332402326910123,③ 금융여건·상대가격
6,4,up,2025-05,④,-0.02444946823764921,④ 임대시장 수급·전환 구조
6,4,up,2025-05,⑤,-0.4531884929165244,⑤ 시장과열·단기 트리거
6,4,up,2025-05,⑥,-0.010178207693731083,⑥ 거시경기·금융시장 여건
6,4,up,2025-05,모,-0.2958328054085666,타깃 모멘텀(past1·3·6)
6,4,up,2025-05,지,0.000528945741956654,지역 더미
6,4,up,2025-06,①,-0.045247848200447416,① 임차수요 압력
6,4,up,2025-06,②,-0.03451145853859005,② 주택공급·재고 여건
6,4,up,2025-06,③,-0.09744932776964622,③ 금융여건·상대가격
6,4,up,2025-06,④,-0.029665289376519948,④ 임대시장 수급·전환 구조
6,4,up,2025-06,⑤,-0.3202860803918584,⑤ 시장과열·단기 트리거
6,4,up,2025-06,⑥,-0.0010683560318300897,⑥ 거시경기·금융시장 여건
6,4,up,2025-06,모,-0.3411895009305547,타깃 모멘텀(past1·3·6)
6,4,up,2025-06,지,-0.00032217252619280945,지역 더미
6,4,up,2025-07,①,-0.060534809190709485,① 임차수요 압력
6,4,up,2025-07,②,-0.027211722829809583,② 주택공급·재고 여건
6,4,up,2025-07,③,-0.08678904423654518,③ 금융여건·상대가격
6,4,up,2025-07,④,-0.023745060617597225,④ 임대시장 수급·전환 구조
6,4,up,2025-07,⑤,0.10302648683051195,⑤ 시장과열·단기 트리거
6,4,up,2025-07,⑥,0.00413142367607463,⑥ 거시경기·금융시장 여건
6,4,up,2025-07,모,-0.36899699213202386,타깃 모멘텀(past1·3·6)
6,4,up,2025-07,지,-0.0003162157628362979,지역 더미
6,4,up,2025-08,①,-0.06514902560807326,① 임차수요 압력
6,4,up,2025-08,②,-0.03693756018960927,② 주택공급·재고 여건
6,4,up,2025-08,③,-0.10173662938862382,③ 금융여건·상대가격
6,4,up,2025-08,④,-0.028480350913014263,④ 임대시장 수급·전환 구조
6,4,up,2025-08,⑤,-0.2607298041282989,⑤ 시장과열·단기 트리거
6,4,up,2025-08,⑥,0.013574639901811703,⑥ 거시경기·금융시장 여건
6,4,up,2025-08,모,-0.29010971498620863,타깃 모멘텀(past1·3·6)
6,4,up,2025-08,지,-0.0006600103484447336,지역 더미
6,4,up,2025-09,①,-0.08291156636551023,① 임차수요 압력
6,4,up,2025-09,②,-0.042075840243678386,② 주택공급·재고 여건
6,4,up,2025-09,③,-0.10301914600657393,③ 금융여건·상대가격
6,4,up,2025-09,④,-0.030712247495744926,④ 임대시장 수급·전환 구조
6,4,up,2025-09,⑤,-0.19677154250744291,⑤ 시장과열·단기 트리거
6,4,up,2025-09,⑥,0.01864675255239482,⑥ 거시경기·금융시장 여건
6,4,up,2025-09,모,-0.18187030236802848,타깃 모멘텀(past1·3·6)
6,4,up,2025-09,지,-0.00011151491049644907,지역 더미
6,4,up,2025-10,①,-0.06712895947970263,① 임차수요 압력
6,4,up,2025-10,②,-0.045132509174467136,② 주택공급·재고 여건
6,4,up,2025-10,③,-0.033561414373283346,③ 금융여건·상대가격
6,4,up,2025-10,④,-0.017895505121594074,④ 임대시장 수급·전환 구조
6,4,up,2025-10,⑤,0.19093634396353187,⑤ 시장과열·단기 트리거
6,4,up,2025-10,⑥,0.018970382081163518,⑥ 거시경기·금융시장 여건
6,4,up,2025-10,모,-0.1732246648593276,타깃 모멘텀(past1·3·6)
6,4,up,2025-10,지,0.0005421253738144999,지역 더미
6,4,up,2025-11,①,-0.04661331146157214,① 임차수요 압력
6,4,up,2025-11,②,-0.04338849875919458,② 주택공급·재고 여건
6,4,up,2025-11,③,-0.05645229316320458,③ 금융여건·상대가격
6,4,up,2025-11,④,0.02782882726751268,④ 임대시장 수급·전환 구조
6,4,up,2025-11,⑤,0.3407134345821653,⑤ 시장과열·단기 트리거
6,4,up,2025-11,⑥,0.0013087894219686003,⑥ 거시경기·금융시장 여건
6,4,up,2025-11,모,-0.08133574710318855,타깃 모멘텀(past1·3·6)
6,4,up,2025-11,지,0.0005328428776850956,지역 더미
6,4,up,2025-12,①,-0.058018448461285406,① 임차수요 압력
6,4,up,2025-12,②,-0.048300814607470224,② 주택공급·재고 여건
6,4,up,2025-12,③,0.023486139863228596,③ 금융여건·상대가격
6,4,up,2025-12,④,0.03419823458877064,④ 임대시장 수급·전환 구조
6,4,up,2025-12,⑤,0.240589429569595,⑤ 시장과열·단기 트리거
6,4,up,2025-12,⑥,0.015400291894608897,⑥ 거시경기·금융시장 여건
6,4,up,2025-12,모,-0.04014686849333492,타깃 모멘텀(past1·3·6)
6,4,up,2025-12,지,0.00013723028932495048,지역 더미
6,4,up,2026-01,①,-0.0443294637351289,① 임차수요 압력
6,4,up,2026-01,②,-0.04682201090730539,② 주택공급·재고 여건
6,4,up,2026-01,③,0.03193467969496484,③ 금융여건·상대가격
6,4,up,2026-01,④,0.003128401436911458,④ 임대시장 수급·전환 구조
6,4,up,2026-01,⑤,0.2032438401673811,⑤ 시장과열·단기 트리거
6,4,up,2026-01,⑥,0.07453388059948997,⑥ 거시경기·금융시장 여건
6,4,up,2026-01,모,0.05177326770681961,타깃 모멘텀(past1·3·6)
6,4,up,2026-01,지,8.542517664967987e-05,지역 더미
6,4,up,2026-02,①,-0.037908936972033326,① 임차수요 압력
6,4,up,2026-02,②,-0.04725906637325069,② 주택공급·재고 여건
6,4,up,2026-02,③,0.048671903868378025,③ 금융여건·상대가격
6,4,up,2026-02,④,-0.008554344250382307,④ 임대시장 수급·전환 구조
6,4,up,2026-02,⑤,0.5208879997063538,⑤ 시장과열·단기 트리거
6,4,up,2026-02,⑥,0.07339168798728378,⑥ 거시경기·금융시장 여건
6,4,up,2026-02,모,0.06687336603143051,타깃 모멘텀(past1·3·6)
6,4,up,2026-02,지,-0.0007907920621760885,지역 더미
6,4,up,2026-03,①,-0.034786286202314144,① 임차수요 압력
6,4,up,2026-03,②,-0.030752342450628134,② 주택공급·재고 여건
6,4,up,2026-03,③,0.0020613961676018266,③ 금융여건·상대가격
6,4,up,2026-03,④,-0.009167435695417225,④ 임대시장 수급·전환 구조
6,4,up,2026-03,⑤,0.1999485435183434,⑤ 시장과열·단기 트리거
6,4,up,2026-03,⑥,0.11189180407072608,⑥ 거시경기·금융시장 여건
6,4,up,2026-03,모,0.14208163425107212,타깃 모멘텀(past1·3·6)
6,4,up,2026-03,지,-0.0008771967772832688,지역 더미
