광역지자체,자치구,연월,통계명,항목명,값,단위
전국,,2000-02,KOSPI_종가,KOSPI_종가,828.38,1980.01.04=100
전국,,2000-03,KOSPI_종가,KOSPI_종가,860.94,1980.01.04=100
전국,,2000-04,KOSPI_종가,KOSPI_종가,725.39,1980.01.04=100
전국,,2000-05,KOSPI_종가,KOSPI_종가,731.88,1980.01.04=100
전국,,2000-06,KOSPI_종가,KOSPI_종가,821.22,1980.01.04=100
전국,,2000-07,KOSPI_종가,KOSPI_종가,705.97,1980.01.04=100
전국,,2000-08,KOSPI_종가,KOSPI_종가,688.62,1980.01.04=100
전국,,2000-09,KOSPI_종가,KOSPI_종가,613.22,1980.01.04=100
전국,,2000-10,KOSPI_종가,KOSPI_종가,514.48,1980.01.04=100
전국,,2000-11,KOSPI_종가,KOSPI_종가,509.23,1980.01.04=100
전국,,2000-12,KOSPI_종가,KOSPI_종가,504.62,1980.01.04=100
전국,,2001-01,KOSPI_종가,KOSPI_종가,617.91,1980.01.04=100
전국,,2001-02,KOSPI_종가,KOSPI_종가,578.1,1980.01.04=100
전국,,2001-03,KOSPI_종가,KOSPI_종가,523.22,1980.01.04=100
전국,,2001-04,KOSPI_종가,KOSPI_종가,577.36,1980.01.04=100
전국,,2001-05,KOSPI_종가,KOSPI_종가,612.16,1980.01.04=100
전국,,2001-06,KOSPI_종가,KOSPI_종가,595.13,1980.01.04=100
전국,,2001-07,KOSPI_종가,KOSPI_종가,541.55,1980.01.04=100
전국,,2001-08,KOSPI_종가,KOSPI_종가,545.11,1980.01.04=100
전국,,2001-09,KOSPI_종가,KOSPI_종가,479.68,1980.01.04=100
전국,,2001-10,KOSPI_종가,KOSPI_종가,537.81,1980.01.04=100
전국,,2001-11,KOSPI_종가,KOSPI_종가,643.89,1980.01.04=100
전국,,2001-12,KOSPI_종가,KOSPI_종가,693.7,1980.01.04=100
전국,,2002-01,KOSPI_종가,KOSPI_종가,748.07,1980.01.04=100
전국,,2002-02,KOSPI_종가,KOSPI_종가,819.99,1980.01.04=100
전국,,2002-03,KOSPI_종가,KOSPI_종가,895.58,1980.01.04=100
전국,,2002-04,KOSPI_종가,KOSPI_종가,842.34,1980.01.04=100
전국,,2002-05,KOSPI_종가,KOSPI_종가,796.4,1980.01.04=100
전국,,2002-06,KOSPI_종가,KOSPI_종가,742.72,1980.01.04=100
전국,,2002-07,KOSPI_종가,KOSPI_종가,717.99,1980.01.04=100
전국,,2002-08,KOSPI_종가,KOSPI_종가,736.4,1980.01.04=100
전국,,2002-09,KOSPI_종가,KOSPI_종가,646.42,1980.01.04=100
전국,,2002-10,KOSPI_종가,KOSPI_종가,658.92,1980.01.04=100
전국,,2002-11,KOSPI_종가,KOSPI_종가,724.8,1980.01.04=100
전국,,2002-12,KOSPI_종가,KOSPI_종가,627.55,1980.01.04=100
전국,,2003-01,KOSPI_종가,KOSPI_종가,591.86,1980.01.04=100
전국,,2003-02,KOSPI_종가,KOSPI_종가,575.43,1980.01.04=100
전국,,2003-03,KOSPI_종가,KOSPI_종가,535.7,1980.01.04=100
전국,,2003-04,KOSPI_종가,KOSPI_종가,599.35,1980.01.04=100
전국,,2003-05,KOSPI_종가,KOSPI_종가,633.42,1980.01.04=100
전국,,2003-06,KOSPI_종가,KOSPI_종가,669.93,1980.01.04=100
전국,,2003-07,KOSPI_종가,KOSPI_종가,713.52,1980.01.04=100
전국,,2003-08,KOSPI_종가,KOSPI_종가,759.47,1980.01.04=100
전국,,2003-09,KOSPI_종가,KOSPI_종가,697.52,1980.01.04=100
전국,,2003-10,KOSPI_종가,KOSPI_종가,782.36,1980.01.04=100
전국,,2003-11,KOSPI_종가,KOSPI_종가,796.18,1980.01.04=100
전국,,2003-12,KOSPI_종가,KOSPI_종가,810.71,1980.01.04=100
전국,,2004-01,KOSPI_종가,KOSPI_종가,848.5,1980.01.04=100
전국,,2004-02,KOSPI_종가,KOSPI_종가,883.42,1980.01.04=100
전국,,2004-03,KOSPI_종가,KOSPI_종가,880.5,1980.01.04=100
전국,,2004-04,KOSPI_종가,KOSPI_종가,862.84,1980.01.04=100
전국,,2004-05,KOSPI_종가,KOSPI_종가,803.84,1980.01.04=100
전국,,2004-06,KOSPI_종가,KOSPI_종가,785.79,1980.01.04=100
전국,,2004-07,KOSPI_종가,KOSPI_종가,735.34,1980.01.04=100
전국,,2004-08,KOSPI_종가,KOSPI_종가,803.57,1980.01.04=100
전국,,2004-09,KOSPI_종가,KOSPI_종가,835.09,1980.01.04=100
전국,,2004-10,KOSPI_종가,KOSPI_종가,834.84,1980.01.04=100
전국,,2004-11,KOSPI_종가,KOSPI_종가,878.06,1980.01.04=100
전국,,2004-12,KOSPI_종가,KOSPI_종가,895.92,1980.01.04=100
전국,,2005-01,KOSPI_종가,KOSPI_종가,932.7,1980.01.04=100
전국,,2005-02,KOSPI_종가,KOSPI_종가,1011.36,1980.01.04=100
전국,,2005-03,KOSPI_종가,KOSPI_종가,965.68,1980.01.04=100
전국,,2005-04,KOSPI_종가,KOSPI_종가,911.3,1980.01.04=100
전국,,2005-05,KOSPI_종가,KOSPI_종가,970.21,1980.01.04=100
전국,,2005-06,KOSPI_종가,KOSPI_종가,1008.16,1980.01.04=100
전국,,2005-07,KOSPI_종가,KOSPI_종가,1111.29,1980.01.04=100
전국,,2005-08,KOSPI_종가,KOSPI_종가,1083.33,1980.01.04=100
전국,,2005-09,KOSPI_종가,KOSPI_종가,1221.01,1980.01.04=100
전국,,2005-10,KOSPI_종가,KOSPI_종가,1158.11,1980.01.04=100
전국,,2005-11,KOSPI_종가,KOSPI_종가,1297.44,1980.01.04=100
전국,,2005-12,KOSPI_종가,KOSPI_종가,1379.37,1980.01.04=100
전국,,2006-01,KOSPI_종가,KOSPI_종가,1399.83,1980.01.04=100
전국,,2006-02,KOSPI_종가,KOSPI_종가,1371.59,1980.01.04=100
전국,,2006-03,KOSPI_종가,KOSPI_종가,1359.6,1980.01.04=100
전국,,2006-04,KOSPI_종가,KOSPI_종가,1419.73,1980.01.04=100
전국,,2006-05,KOSPI_종가,KOSPI_종가,1317.7,1980.01.04=100
전국,,2006-06,KOSPI_종가,KOSPI_종가,1295.15,1980.01.04=100
전국,,2006-07,KOSPI_종가,KOSPI_종가,1297.82,1980.01.04=100
전국,,2006-08,KOSPI_종가,KOSPI_종가,1352.74,1980.01.04=100
전국,,2006-09,KOSPI_종가,KOSPI_종가,1371.41,1980.01.04=100
전국,,2006-10,KOSPI_종가,KOSPI_종가,1364.55,1980.01.04=100
전국,,2006-11,KOSPI_종가,KOSPI_종가,1432.21,1980.01.04=100
전국,,2006-12,KOSPI_종가,KOSPI_종가,1434.46,1980.01.04=100
전국,,2007-01,KOSPI_종가,KOSPI_종가,1360.23,1980.01.04=100
전국,,2007-02,KOSPI_종가,KOSPI_종가,1417.34,1980.01.04=100
전국,,2007-03,KOSPI_종가,KOSPI_종가,1452.55,1980.01.04=100
전국,,2007-04,KOSPI_종가,KOSPI_종가,1542.24,1980.01.04=100
전국,,2007-05,KOSPI_종가,KOSPI_종가,1700.91,1980.01.04=100
전국,,2007-06,KOSPI_종가,KOSPI_종가,1743.6,1980.01.04=100
전국,,2007-07,KOSPI_종가,KOSPI_종가,1933.27,1980.01.04=100
전국,,2007-08,KOSPI_종가,KOSPI_종가,1873.24,1980.01.04=100
전국,,2007-09,KOSPI_종가,KOSPI_종가,1946.48,1980.01.04=100
전국,,2007-10,KOSPI_종가,KOSPI_종가,2064.85,1980.01.04=100
전국,,2007-11,KOSPI_종가,KOSPI_종가,1906,1980.01.04=100
전국,,2007-12,KOSPI_종가,KOSPI_종가,1897.13,1980.01.04=100
전국,,2008-01,KOSPI_종가,KOSPI_종가,1624.68,1980.01.04=100
전국,,2008-02,KOSPI_종가,KOSPI_종가,1711.62,1980.01.04=100
전국,,2008-03,KOSPI_종가,KOSPI_종가,1703.99,1980.01.04=100
전국,,2008-04,KOSPI_종가,KOSPI_종가,1825.47,1980.01.04=100
전국,,2008-05,KOSPI_종가,KOSPI_종가,1852.02,1980.01.04=100
전국,,2008-06,KOSPI_종가,KOSPI_종가,1674.92,1980.01.04=100
전국,,2008-07,KOSPI_종가,KOSPI_종가,1594.67,1980.01.04=100
전국,,2008-08,KOSPI_종가,KOSPI_종가,1474.24,1980.01.04=100
전국,,2008-09,KOSPI_종가,KOSPI_종가,1448.06,1980.01.04=100
전국,,2008-10,KOSPI_종가,KOSPI_종가,1113.06,1980.01.04=100
전국,,2008-11,KOSPI_종가,KOSPI_종가,1076.07,1980.01.04=100
전국,,2008-12,KOSPI_종가,KOSPI_종가,1124.47,1980.01.04=100
전국,,2009-01,KOSPI_종가,KOSPI_종가,1162.11,1980.01.04=100
전국,,2009-02,KOSPI_종가,KOSPI_종가,1063.03,1980.01.04=100
전국,,2009-03,KOSPI_종가,KOSPI_종가,1206.26,1980.01.04=100
전국,,2009-04,KOSPI_종가,KOSPI_종가,1369.36,1980.01.04=100
전국,,2009-05,KOSPI_종가,KOSPI_종가,1395.89,1980.01.04=100
전국,,2009-06,KOSPI_종가,KOSPI_종가,1390.07,1980.01.04=100
전국,,2009-07,KOSPI_종가,KOSPI_종가,1557.29,1980.01.04=100
전국,,2009-08,KOSPI_종가,KOSPI_종가,1591.85,1980.01.04=100
전국,,2009-09,KOSPI_종가,KOSPI_종가,1673.14,1980.01.04=100
전국,,2009-10,KOSPI_종가,KOSPI_종가,1580.69,1980.01.04=100
전국,,2009-11,KOSPI_종가,KOSPI_종가,1555.6,1980.01.04=100
전국,,2009-12,KOSPI_종가,KOSPI_종가,1682.77,1980.01.04=100
전국,,2010-01,KOSPI_종가,KOSPI_종가,1602.43,1980.01.04=100
전국,,2010-02,KOSPI_종가,KOSPI_종가,1594.58,1980.01.04=100
전국,,2010-03,KOSPI_종가,KOSPI_종가,1692.85,1980.01.04=100
전국,,2010-04,KOSPI_종가,KOSPI_종가,1741.56,1980.01.04=100
전국,,2010-05,KOSPI_종가,KOSPI_종가,1641.25,1980.01.04=100
전국,,2010-06,KOSPI_종가,KOSPI_종가,1698.29,1980.01.04=100
전국,,2010-07,KOSPI_종가,KOSPI_종가,1759.33,1980.01.04=100
전국,,2010-08,KOSPI_종가,KOSPI_종가,1742.75,1980.01.04=100
전국,,2010-09,KOSPI_종가,KOSPI_종가,1872.81,1980.01.04=100
전국,,2010-10,KOSPI_종가,KOSPI_종가,1882.95,1980.01.04=100
전국,,2010-11,KOSPI_종가,KOSPI_종가,1904.63,1980.01.04=100
전국,,2010-12,KOSPI_종가,KOSPI_종가,2051,1980.01.04=100
전국,,2011-01,KOSPI_종가,KOSPI_종가,2069.73,1980.01.04=100
전국,,2011-02,KOSPI_종가,KOSPI_종가,1939.3,1980.01.04=100
전국,,2011-03,KOSPI_종가,KOSPI_종가,2106.7,1980.01.04=100
전국,,2011-04,KOSPI_종가,KOSPI_종가,2192.36,1980.01.04=100
전국,,2011-05,KOSPI_종가,KOSPI_종가,2142.47,1980.01.04=100
전국,,2011-06,KOSPI_종가,KOSPI_종가,2100.69,1980.01.04=100
전국,,2011-07,KOSPI_종가,KOSPI_종가,2133.21,1980.01.04=100
전국,,2011-08,KOSPI_종가,KOSPI_종가,1880.11,1980.01.04=100
전국,,2011-09,KOSPI_종가,KOSPI_종가,1769.65,1980.01.04=100
전국,,2011-10,KOSPI_종가,KOSPI_종가,1909.03,1980.01.04=100
전국,,2011-11,KOSPI_종가,KOSPI_종가,1847.51,1980.01.04=100
전국,,2011-12,KOSPI_종가,KOSPI_종가,1825.74,1980.01.04=100
전국,,2012-01,KOSPI_종가,KOSPI_종가,1955.79,1980.01.04=100
전국,,2012-02,KOSPI_종가,KOSPI_종가,2030.25,1980.01.04=100
전국,,2012-03,KOSPI_종가,KOSPI_종가,2014.04,1980.01.04=100
전국,,2012-04,KOSPI_종가,KOSPI_종가,1981.99,1980.01.04=100
전국,,2012-05,KOSPI_종가,KOSPI_종가,1843.47,1980.01.04=100
전국,,2012-06,KOSPI_종가,KOSPI_종가,1854.01,1980.01.04=100
전국,,2012-07,KOSPI_종가,KOSPI_종가,1881.99,1980.01.04=100
전국,,2012-08,KOSPI_종가,KOSPI_종가,1905.12,1980.01.04=100
전국,,2012-09,KOSPI_종가,KOSPI_종가,1996.21,1980.01.04=100
전국,,2012-10,KOSPI_종가,KOSPI_종가,1912.06,1980.01.04=100
전국,,2012-11,KOSPI_종가,KOSPI_종가,1932.9,1980.01.04=100
전국,,2012-12,KOSPI_종가,KOSPI_종가,1997.05,1980.01.04=100
전국,,2013-01,KOSPI_종가,KOSPI_종가,1961.94,1980.01.04=100
전국,,2013-02,KOSPI_종가,KOSPI_종가,2026.49,1980.01.04=100
전국,,2013-03,KOSPI_종가,KOSPI_종가,2004.89,1980.01.04=100
전국,,2013-04,KOSPI_종가,KOSPI_종가,1963.95,1980.01.04=100
전국,,2013-05,KOSPI_종가,KOSPI_종가,2001.05,1980.01.04=100
전국,,2013-06,KOSPI_종가,KOSPI_종가,1863.32,1980.01.04=100
전국,,2013-07,KOSPI_종가,KOSPI_종가,1914.03,1980.01.04=100
전국,,2013-08,KOSPI_종가,KOSPI_종가,1926.36,1980.01.04=100
전국,,2013-09,KOSPI_종가,KOSPI_종가,1996.96,1980.01.04=100
전국,,2013-10,KOSPI_종가,KOSPI_종가,2030.09,1980.01.04=100
전국,,2013-11,KOSPI_종가,KOSPI_종가,2044.87,1980.01.04=100
전국,,2013-12,KOSPI_종가,KOSPI_종가,2011.34,1980.01.04=100
전국,,2014-01,KOSPI_종가,KOSPI_종가,1941.15,1980.01.04=100
전국,,2014-02,KOSPI_종가,KOSPI_종가,1979.99,1980.01.04=100
전국,,2014-03,KOSPI_종가,KOSPI_종가,1985.61,1980.01.04=100
전국,,2014-04,KOSPI_종가,KOSPI_종가,1961.79,1980.01.04=100
전국,,2014-05,KOSPI_종가,KOSPI_종가,1994.96,1980.01.04=100
전국,,2014-06,KOSPI_종가,KOSPI_종가,2002.21,1980.01.04=100
전국,,2014-07,KOSPI_종가,KOSPI_종가,2076.12,1980.01.04=100
전국,,2014-08,KOSPI_종가,KOSPI_종가,2068.54,1980.01.04=100
전국,,2014-09,KOSPI_종가,KOSPI_종가,2020.09,1980.01.04=100
전국,,2014-10,KOSPI_종가,KOSPI_종가,1964.43,1980.01.04=100
전국,,2014-11,KOSPI_종가,KOSPI_종가,1980.78,1980.01.04=100
전국,,2014-12,KOSPI_종가,KOSPI_종가,1915.59,1980.01.04=100
전국,,2015-01,KOSPI_종가,KOSPI_종가,1949.26,1980.01.04=100
전국,,2015-02,KOSPI_종가,KOSPI_종가,1985.8,1980.01.04=100
전국,,2015-03,KOSPI_종가,KOSPI_종가,2041.03,1980.01.04=100
전국,,2015-04,KOSPI_종가,KOSPI_종가,2127.17,1980.01.04=100
전국,,2015-05,KOSPI_종가,KOSPI_종가,2114.8,1980.01.04=100
전국,,2015-06,KOSPI_종가,KOSPI_종가,2074.2,1980.01.04=100
전국,,2015-07,KOSPI_종가,KOSPI_종가,2030.16,1980.01.04=100
전국,,2015-08,KOSPI_종가,KOSPI_종가,1941.49,1980.01.04=100
전국,,2015-09,KOSPI_종가,KOSPI_종가,1962.81,1980.01.04=100
전국,,2015-10,KOSPI_종가,KOSPI_종가,2029.47,1980.01.04=100
전국,,2015-11,KOSPI_종가,KOSPI_종가,1991.97,1980.01.04=100
전국,,2015-12,KOSPI_종가,KOSPI_종가,1961.31,1980.01.04=100
전국,,2016-01,KOSPI_종가,KOSPI_종가,1912.06,1980.01.04=100
전국,,2016-02,KOSPI_종가,KOSPI_종가,1916.66,1980.01.04=100
전국,,2016-03,KOSPI_종가,KOSPI_종가,1995.85,1980.01.04=100
전국,,2016-04,KOSPI_종가,KOSPI_종가,1994.15,1980.01.04=100
전국,,2016-05,KOSPI_종가,KOSPI_종가,1983.4,1980.01.04=100
전국,,2016-06,KOSPI_종가,KOSPI_종가,1970.35,1980.01.04=100
전국,,2016-07,KOSPI_종가,KOSPI_종가,2016.19,1980.01.04=100
전국,,2016-08,KOSPI_종가,KOSPI_종가,2034.65,1980.01.04=100
전국,,2016-09,KOSPI_종가,KOSPI_종가,2043.63,1980.01.04=100
전국,,2016-10,KOSPI_종가,KOSPI_종가,2008.19,1980.01.04=100
전국,,2016-11,KOSPI_종가,KOSPI_종가,1983.48,1980.01.04=100
전국,,2016-12,KOSPI_종가,KOSPI_종가,2026.46,1980.01.04=100
전국,,2017-01,KOSPI_종가,KOSPI_종가,2067.57,1980.01.04=100
전국,,2017-02,KOSPI_종가,KOSPI_종가,2091.64,1980.01.04=100
전국,,2017-03,KOSPI_종가,KOSPI_종가,2160.23,1980.01.04=100
전국,,2017-04,KOSPI_종가,KOSPI_종가,2205.44,1980.01.04=100
전국,,2017-05,KOSPI_종가,KOSPI_종가,2347.38,1980.01.04=100
전국,,2017-06,KOSPI_종가,KOSPI_종가,2391.79,1980.01.04=100
전국,,2017-07,KOSPI_종가,KOSPI_종가,2402.71,1980.01.04=100
전국,,2017-08,KOSPI_종가,KOSPI_종가,2363.19,1980.01.04=100
전국,,2017-09,KOSPI_종가,KOSPI_종가,2394.47,1980.01.04=100
전국,,2017-10,KOSPI_종가,KOSPI_종가,2523.43,1980.01.04=100
전국,,2017-11,KOSPI_종가,KOSPI_종가,2476.37,1980.01.04=100
전국,,2017-12,KOSPI_종가,KOSPI_종가,2467.49,1980.01.04=100
전국,,2018-01,KOSPI_종가,KOSPI_종가,2566.46,1980.01.04=100
전국,,2018-02,KOSPI_종가,KOSPI_종가,2427.36,1980.01.04=100
전국,,2018-03,KOSPI_종가,KOSPI_종가,2445.85,1980.01.04=100
전국,,2018-04,KOSPI_종가,KOSPI_종가,2515.38,1980.01.04=100
전국,,2018-05,KOSPI_종가,KOSPI_종가,2423.01,1980.01.04=100
전국,,2018-06,KOSPI_종가,KOSPI_종가,2326.13,1980.01.04=100
전국,,2018-07,KOSPI_종가,KOSPI_종가,2295.26,1980.01.04=100
전국,,2018-08,KOSPI_종가,KOSPI_종가,2322.88,1980.01.04=100
전국,,2018-09,KOSPI_종가,KOSPI_종가,2343.07,1980.01.04=100
전국,,2018-10,KOSPI_종가,KOSPI_종가,2029.69,1980.01.04=100
전국,,2018-11,KOSPI_종가,KOSPI_종가,2096.86,1980.01.04=100
전국,,2018-12,KOSPI_종가,KOSPI_종가,2041.04,1980.01.04=100
전국,,2019-01,KOSPI_종가,KOSPI_종가,2204.85,1980.01.04=100
전국,,2019-02,KOSPI_종가,KOSPI_종가,2195.44,1980.01.04=100
전국,,2019-03,KOSPI_종가,KOSPI_종가,2140.67,1980.01.04=100
전국,,2019-04,KOSPI_종가,KOSPI_종가,2203.59,1980.01.04=100
전국,,2019-05,KOSPI_종가,KOSPI_종가,2041.74,1980.01.04=100
전국,,2019-06,KOSPI_종가,KOSPI_종가,2130.62,1980.01.04=100
전국,,2019-07,KOSPI_종가,KOSPI_종가,2024.55,1980.01.04=100
전국,,2019-08,KOSPI_종가,KOSPI_종가,1967.79,1980.01.04=100
전국,,2019-09,KOSPI_종가,KOSPI_종가,2063.05,1980.01.04=100
전국,,2019-10,KOSPI_종가,KOSPI_종가,2083.48,1980.01.04=100
전국,,2019-11,KOSPI_종가,KOSPI_종가,2087.96,1980.01.04=100
전국,,2019-12,KOSPI_종가,KOSPI_종가,2197.67,1980.01.04=100
전국,,2020-01,KOSPI_종가,KOSPI_종가,2119.01,1980.01.04=100
전국,,2020-02,KOSPI_종가,KOSPI_종가,1987.01,1980.01.04=100
전국,,2020-03,KOSPI_종가,KOSPI_종가,1754.64,1980.01.04=100
전국,,2020-04,KOSPI_종가,KOSPI_종가,1947.56,1980.01.04=100
전국,,2020-05,KOSPI_종가,KOSPI_종가,2029.6,1980.01.04=100
전국,,2020-06,KOSPI_종가,KOSPI_종가,2108.33,1980.01.04=100
전국,,2020-07,KOSPI_종가,KOSPI_종가,2249.37,1980.01.04=100
전국,,2020-08,KOSPI_종가,KOSPI_종가,2326.17,1980.01.04=100
전국,,2020-09,KOSPI_종가,KOSPI_종가,2327.89,1980.01.04=100
전국,,2020-10,KOSPI_종가,KOSPI_종가,2267.15,1980.01.04=100
전국,,2020-11,KOSPI_종가,KOSPI_종가,2591.34,1980.01.04=100
전국,,2020-12,KOSPI_종가,KOSPI_종가,2873.47,1980.01.04=100
전국,,2021-01,KOSPI_종가,KOSPI_종가,2976.21,1980.01.04=100
전국,,2021-02,KOSPI_종가,KOSPI_종가,3012.95,1980.01.04=100
전국,,2021-03,KOSPI_종가,KOSPI_종가,3061.42,1980.01.04=100
전국,,2021-04,KOSPI_종가,KOSPI_종가,3147.86,1980.01.04=100
전국,,2021-05,KOSPI_종가,KOSPI_종가,3203.92,1980.01.04=100
전국,,2021-06,KOSPI_종가,KOSPI_종가,3296.68,1980.01.04=100
전국,,2021-07,KOSPI_종가,KOSPI_종가,3202.32,1980.01.04=100
전국,,2021-08,KOSPI_종가,KOSPI_종가,3199.27,1980.01.04=100
전국,,2021-09,KOSPI_종가,KOSPI_종가,3068.82,1980.01.04=100
전국,,2021-10,KOSPI_종가,KOSPI_종가,2970.68,1980.01.04=100
전국,,2021-11,KOSPI_종가,KOSPI_종가,2839.01,1980.01.04=100
전국,,2021-12,KOSPI_종가,KOSPI_종가,2977.65,1980.01.04=100
전국,,2022-01,KOSPI_종가,KOSPI_종가,2663.34,1980.01.04=100
전국,,2022-02,KOSPI_종가,KOSPI_종가,2699.18,1980.01.04=100
전국,,2022-03,KOSPI_종가,KOSPI_종가,2757.65,1980.01.04=100
전국,,2022-04,KOSPI_종가,KOSPI_종가,2695.05,1980.01.04=100
전국,,2022-05,KOSPI_종가,KOSPI_종가,2685.9,1980.01.04=100
전국,,2022-06,KOSPI_종가,KOSPI_종가,2332.64,1980.01.04=100
전국,,2022-07,KOSPI_종가,KOSPI_종가,2451.5,1980.01.04=100
전국,,2022-08,KOSPI_종가,KOSPI_종가,2472.05,1980.01.04=100
전국,,2022-09,KOSPI_종가,KOSPI_종가,2155.49,1980.01.04=100
전국,,2022-10,KOSPI_종가,KOSPI_종가,2293.61,1980.01.04=100
전국,,2022-11,KOSPI_종가,KOSPI_종가,2472.53,1980.01.04=100
전국,,2022-12,KOSPI_종가,KOSPI_종가,2236.4,1980.01.04=100
전국,,2023-01,KOSPI_종가,KOSPI_종가,2425.08,1980.01.04=100
전국,,2023-02,KOSPI_종가,KOSPI_종가,2412.85,1980.01.04=100
전국,,2023-03,KOSPI_종가,KOSPI_종가,2476.86,1980.01.04=100
전국,,2023-04,KOSPI_종가,KOSPI_종가,2501.53,1980.01.04=100
전국,,2023-05,KOSPI_종가,KOSPI_종가,2577.12,1980.01.04=100
전국,,2023-06,KOSPI_종가,KOSPI_종가,2564.28,1980.01.04=100
전국,,2023-07,KOSPI_종가,KOSPI_종가,2632.58,1980.01.04=100
전국,,2023-08,KOSPI_종가,KOSPI_종가,2556.27,1980.01.04=100
전국,,2023-09,KOSPI_종가,KOSPI_종가,2465.07,1980.01.04=100
전국,,2023-10,KOSPI_종가,KOSPI_종가,2277.99,1980.01.04=100
전국,,2023-11,KOSPI_종가,KOSPI_종가,2535.29,1980.01.04=100
전국,,2023-12,KOSPI_종가,KOSPI_종가,2655.28,1980.01.04=100
전국,,2024-01,KOSPI_종가,KOSPI_종가,2497.09,1980.01.04=100
전국,,2024-02,KOSPI_종가,KOSPI_종가,2642.36,1980.01.04=100
전국,,2024-03,KOSPI_종가,KOSPI_종가,2746.63,1980.01.04=100
전국,,2024-04,KOSPI_종가,KOSPI_종가,2692.06,1980.01.04=100
전국,,2024-05,KOSPI_종가,KOSPI_종가,2636.52,1980.01.04=100
전국,,2024-06,KOSPI_종가,KOSPI_종가,2797.82,1980.01.04=100
전국,,2024-07,KOSPI_종가,KOSPI_종가,2770.69,1980.01.04=100
전국,,2024-08,KOSPI_종가,KOSPI_종가,2674.31,1980.01.04=100
전국,,2024-09,KOSPI_종가,KOSPI_종가,2593.27,1980.01.04=100
전국,,2024-10,KOSPI_종가,KOSPI_종가,2556.15,1980.01.04=100
전국,,2024-11,KOSPI_종가,KOSPI_종가,2455.91,1980.01.04=100
전국,,2024-12,KOSPI_종가,KOSPI_종가,2399.49,1980.01.04=100
전국,,2025-01,KOSPI_종가,KOSPI_종가,2517.37,1980.01.04=100
전국,,2025-02,KOSPI_종가,KOSPI_종가,2532.78,1980.01.04=100
전국,,2025-03,KOSPI_종가,KOSPI_종가,2481.12,1980.01.04=100
전국,,2025-04,KOSPI_종가,KOSPI_종가,2556.61,1980.01.04=100
전국,,2025-05,KOSPI_종가,KOSPI_종가,2697.67,1980.01.04=100
전국,,2025-06,KOSPI_종가,KOSPI_종가,3071.7,1980.01.04=100
전국,,2025-07,KOSPI_종가,KOSPI_종가,3245.44,1980.01.04=100
전국,,2025-08,KOSPI_종가,KOSPI_종가,3186.01,1980.01.04=100
전국,,2025-09,KOSPI_종가,KOSPI_종가,3424.6,1980.01.04=100
전국,,2025-10,KOSPI_종가,KOSPI_종가,4107.5,1980.01.04=100
전국,,2025-11,KOSPI_종가,KOSPI_종가,3926.59,1980.01.04=100
전국,,2025-12,KOSPI_종가,KOSPI_종가,4214.17,1980.01.04=100
전국,,2026-01,KOSPI_종가,KOSPI_종가,5224.36,1980.01.04=100
전국,,2026-02,KOSPI_종가,KOSPI_종가,6244.13,1980.01.04=100
전국,,2026-03,KOSPI_종가,KOSPI_종가,5052.46,1980.01.04=100
전국,,2026-04,KOSPI_종가,KOSPI_종가,6598.87,1980.01.04=100
전국,,2026-05,KOSPI_종가,KOSPI_종가,8476.15,1980.01.04=100
전국,,2026-06,KOSPI_종가,KOSPI_종가,8476.48,1980.01.04=100
전국,,2026-07,KOSPI_종가,KOSPI_종가,6595.45,1980.01.04=100
전국,,2026-08,KOSPI_종가,KOSPI_종가,6820.02,1980.01.04=100
전국,,2003-10,M2_통화량,"M2(평잔, 원계열)",829477.3,십억원
전국,,2003-11,M2_통화량,"M2(평잔, 원계열)",841469.1,십억원
전국,,2003-12,M2_통화량,"M2(평잔, 원계열)",848241.9,십억원
전국,,2004-01,M2_통화량,"M2(평잔, 원계열)",852283.5,십억원
전국,,2004-02,M2_통화량,"M2(평잔, 원계열)",860232.8,십억원
전국,,2004-03,M2_통화량,"M2(평잔, 원계열)",870802.2,십억원
전국,,2004-04,M2_통화량,"M2(평잔, 원계열)",872070.8,십억원
전국,,2004-05,M2_통화량,"M2(평잔, 원계열)",873871.1,십억원
전국,,2004-06,M2_통화량,"M2(평잔, 원계열)",882455.9,십억원
전국,,2004-07,M2_통화량,"M2(평잔, 원계열)",883705.3,십억원
전국,,2004-08,M2_통화량,"M2(평잔, 원계열)",884012.4,십억원
전국,,2004-09,M2_통화량,"M2(평잔, 원계열)",890541,십억원
전국,,2004-10,M2_통화량,"M2(평잔, 원계열)",891458,십억원
전국,,2004-11,M2_통화량,"M2(평잔, 원계열)",895480.3,십억원
전국,,2004-12,M2_통화량,"M2(평잔, 원계열)",897073.9,십억원
전국,,2005-01,M2_통화량,"M2(평잔, 원계열)",899589.3,십억원
전국,,2005-02,M2_통화량,"M2(평잔, 원계열)",910726.5,십억원
전국,,2005-03,M2_통화량,"M2(평잔, 원계열)",926334,십억원
전국,,2005-04,M2_통화량,"M2(평잔, 원계열)",932098.6,십억원
전국,,2005-05,M2_통화량,"M2(평잔, 원계열)",934622.4,십억원
전국,,2005-06,M2_통화량,"M2(평잔, 원계열)",943169.1,십억원
전국,,2005-07,M2_통화량,"M2(평잔, 원계열)",953348.6,십억원
전국,,2005-08,M2_통화량,"M2(평잔, 원계열)",959700.2,십억원
전국,,2005-09,M2_통화량,"M2(평잔, 원계열)",953812.2,십억원
전국,,2005-10,M2_통화량,"M2(평잔, 원계열)",955318.1,십억원
전국,,2005-11,M2_통화량,"M2(평잔, 원계열)",953461,십억원
전국,,2005-12,M2_통화량,"M2(평잔, 원계열)",957776.3,십억원
전국,,2006-01,M2_통화량,"M2(평잔, 원계열)",954686.6,십억원
전국,,2006-02,M2_통화량,"M2(평잔, 원계열)",961254.6,십억원
전국,,2006-03,M2_통화량,"M2(평잔, 원계열)",968589.7,십억원
전국,,2006-04,M2_통화량,"M2(평잔, 원계열)",971817,십억원
전국,,2006-05,M2_통화량,"M2(평잔, 원계열)",978529.1,십억원
전국,,2006-06,M2_통화량,"M2(평잔, 원계열)",991544,십억원
전국,,2006-07,M2_통화량,"M2(평잔, 원계열)",995026.6,십억원
전국,,2006-08,M2_통화량,"M2(평잔, 원계열)",996232.2,십억원
전국,,2006-09,M2_통화량,"M2(평잔, 원계열)",1010145.2,십억원
전국,,2006-10,M2_통화량,"M2(평잔, 원계열)",1020465.8,십억원
전국,,2006-11,M2_통화량,"M2(평잔, 원계열)",1029237.4,십억원
전국,,2006-12,M2_통화량,"M2(평잔, 원계열)",1039526,십억원
전국,,2007-01,M2_통화량,"M2(평잔, 원계열)",1045854.3,십억원
전국,,2007-02,M2_통화량,"M2(평잔, 원계열)",1057712.2,십억원
전국,,2007-03,M2_통화량,"M2(평잔, 원계열)",1061228.7,십억원
전국,,2007-04,M2_통화량,"M2(평잔, 원계열)",1062451.9,십억원
전국,,2007-05,M2_통화량,"M2(평잔, 원계열)",1065927.2,십억원
전국,,2007-06,M2_통화량,"M2(평잔, 원계열)",1078822.2,십억원
전국,,2007-07,M2_통화량,"M2(평잔, 원계열)",1081551,십억원
전국,,2007-08,M2_통화량,"M2(평잔, 원계열)",1081202.5,십억원
전국,,2007-09,M2_통화량,"M2(평잔, 원계열)",1085025,십억원
전국,,2007-10,M2_통화량,"M2(평잔, 원계열)",1087318.9,십억원
전국,,2007-11,M2_통화량,"M2(평잔, 원계열)",1090258.4,십억원
전국,,2007-12,M2_통화량,"M2(평잔, 원계열)",1096054.5,십억원
전국,,2008-01,M2_통화량,"M2(평잔, 원계열)",1101904.3,십억원
전국,,2008-02,M2_통화량,"M2(평잔, 원계열)",1117895.4,십억원
전국,,2008-03,M2_통화량,"M2(평잔, 원계열)",1129845.4,십억원
전국,,2008-04,M2_통화량,"M2(평잔, 원계열)",1143443.8,십억원
전국,,2008-05,M2_통화량,"M2(평잔, 원계열)",1161716.2,십억원
전국,,2008-06,M2_통화량,"M2(평잔, 원계열)",1179236.3,십억원
전국,,2008-07,M2_통화량,"M2(평잔, 원계열)",1194790.2,십억원
전국,,2008-08,M2_통화량,"M2(평잔, 원계열)",1196348.6,십억원
전국,,2008-09,M2_통화량,"M2(평잔, 원계열)",1204878.2,십억원
전국,,2008-10,M2_통화량,"M2(평잔, 원계열)",1236261.1,십억원
전국,,2008-11,M2_통화량,"M2(평잔, 원계열)",1265992.1,십억원
전국,,2008-12,M2_통화량,"M2(평잔, 원계열)",1283658,십억원
전국,,2009-01,M2_통화량,"M2(평잔, 원계열)",1288178.8,십억원
전국,,2009-02,M2_통화량,"M2(평잔, 원계열)",1304510.2,십억원
전국,,2009-03,M2_통화량,"M2(평잔, 원계열)",1316686.7,십억원
전국,,2009-04,M2_통화량,"M2(평잔, 원계열)",1330069.7,십억원
전국,,2009-05,M2_통화량,"M2(평잔, 원계열)",1340341.1,십억원
전국,,2009-06,M2_통화량,"M2(평잔, 원계열)",1341285.4,십억원
전국,,2009-07,M2_통화량,"M2(평잔, 원계열)",1353392,십억원
전국,,2009-08,M2_통화량,"M2(평잔, 원계열)",1377552.3,십억원
전국,,2009-09,M2_통화량,"M2(평잔, 원계열)",1380854,십억원
전국,,2009-10,M2_통화량,"M2(평잔, 원계열)",1391513.1,십억원
전국,,2009-11,M2_통화량,"M2(평잔, 원계열)",1403686.5,십억원
전국,,2009-12,M2_통화량,"M2(평잔, 원계열)",1398449.1,십억원
전국,,2010-01,M2_통화량,"M2(평잔, 원계열)",1402555.5,십억원
전국,,2010-02,M2_통화량,"M2(평잔, 원계열)",1426953,십억원
전국,,2010-03,M2_통화량,"M2(평잔, 원계열)",1435041.9,십억원
전국,,2010-04,M2_통화량,"M2(평잔, 원계열)",1449250.7,십억원
전국,,2010-05,M2_통화량,"M2(평잔, 원계열)",1459344.5,십억원
전국,,2010-06,M2_통화량,"M2(평잔, 원계열)",1468650.6,십억원
전국,,2010-07,M2_통화량,"M2(평잔, 원계열)",1484229.9,십억원
전국,,2010-08,M2_통화량,"M2(평잔, 원계열)",1485791.7,십억원
전국,,2010-09,M2_통화량,"M2(평잔, 원계열)",1491062.7,십억원
전국,,2010-10,M2_통화량,"M2(평잔, 원계열)",1496933.9,십억원
전국,,2010-11,M2_통화량,"M2(평잔, 원계열)",1510264.6,십억원
전국,,2010-12,M2_통화량,"M2(평잔, 원계열)",1516163.6,십억원
전국,,2011-01,M2_통화량,"M2(평잔, 원계열)",1519652.1,십억원
전국,,2011-02,M2_통화량,"M2(평잔, 원계열)",1525201.5,십억원
전국,,2011-03,M2_통화량,"M2(평잔, 원계열)",1530185.1,십억원
전국,,2011-04,M2_통화량,"M2(평잔, 원계열)",1538282.3,십억원
전국,,2011-05,M2_통화량,"M2(평잔, 원계열)",1547876,십억원
전국,,2011-06,M2_통화량,"M2(평잔, 원계열)",1550782.3,십억원
전국,,2011-07,M2_통화량,"M2(평잔, 원계열)",1556276.9,십억원
전국,,2011-08,M2_통화량,"M2(평잔, 원계열)",1569287.2,십억원
전국,,2011-09,M2_통화량,"M2(평잔, 원계열)",1576181.7,십억원
전국,,2011-10,M2_통화량,"M2(평잔, 원계열)",1596934.7,십억원
전국,,2011-11,M2_통화량,"M2(평잔, 원계열)",1606159,십억원
전국,,2011-12,M2_통화량,"M2(평잔, 원계열)",1599192,십억원
전국,,2012-01,M2_통화량,"M2(평잔, 원계열)",1604021,십억원
전국,,2012-02,M2_통화량,"M2(평잔, 원계열)",1614107.3,십억원
전국,,2012-03,M2_통화량,"M2(평잔, 원계열)",1617218.3,십억원
전국,,2012-04,M2_통화량,"M2(평잔, 원계열)",1627924.4,십억원
전국,,2012-05,M2_통화량,"M2(평잔, 원계열)",1632740.2,십억원
전국,,2012-06,M2_통화량,"M2(평잔, 원계열)",1647680.9,십억원
전국,,2012-07,M2_통화량,"M2(평잔, 원계열)",1655335.6,십억원
전국,,2012-08,M2_통화량,"M2(평잔, 원계열)",1664812.3,십억원
전국,,2012-09,M2_통화량,"M2(평잔, 원계열)",1665438.6,십억원
전국,,2012-10,M2_통화량,"M2(평잔, 원계열)",1674508.2,십억원
전국,,2012-11,M2_통화량,"M2(평잔, 원계열)",1679360,십억원
전국,,2012-12,M2_통화량,"M2(평잔, 원계열)",1686205.2,십억원
전국,,2013-01,M2_통화량,"M2(평잔, 원계열)",1697513,십억원
전국,,2013-02,M2_통화량,"M2(평잔, 원계열)",1715144.7,십억원
전국,,2013-03,M2_통화량,"M2(평잔, 원계열)",1716563.4,십억원
전국,,2013-04,M2_통화량,"M2(평잔, 원계열)",1715120.9,십억원
전국,,2013-05,M2_통화량,"M2(평잔, 원계열)",1721704.9,십억원
전국,,2013-06,M2_통화량,"M2(평잔, 원계열)",1734971.5,십억원
전국,,2013-07,M2_통화량,"M2(평잔, 원계열)",1733257,십억원
전국,,2013-08,M2_통화량,"M2(평잔, 원계열)",1740581.1,십억원
전국,,2013-09,M2_통화량,"M2(평잔, 원계열)",1760373.2,십억원
전국,,2013-10,M2_통화량,"M2(평잔, 원계열)",1767029.8,십억원
전국,,2013-11,M2_통화량,"M2(평잔, 원계열)",1785757.8,십억원
전국,,2013-12,M2_통화량,"M2(평잔, 원계열)",1795723.8,십억원
전국,,2014-01,M2_통화량,"M2(평잔, 원계열)",1801014.8,십억원
전국,,2014-02,M2_통화량,"M2(평잔, 원계열)",1817451.3,십억원
전국,,2014-03,M2_통화량,"M2(평잔, 원계열)",1823642.5,십억원
전국,,2014-04,M2_통화량,"M2(평잔, 원계열)",1828499.8,십억원
전국,,2014-05,M2_통화량,"M2(평잔, 원계열)",1844740.2,십억원
전국,,2014-06,M2_통화량,"M2(평잔, 원계열)",1857971.9,십억원
전국,,2014-07,M2_통화량,"M2(평잔, 원계열)",1870462.5,십억원
전국,,2014-08,M2_통화량,"M2(평잔, 원계열)",1893510.4,십억원
전국,,2014-09,M2_통화량,"M2(평잔, 원계열)",1901684.4,십억원
전국,,2014-10,M2_통화량,"M2(평잔, 원계열)",1911864.4,십억원
전국,,2014-11,M2_통화량,"M2(평잔, 원계열)",1938971.7,십억원
전국,,2014-12,M2_통화량,"M2(평잔, 원계열)",1945050.1,십억원
전국,,2015-01,M2_통화량,"M2(평잔, 원계열)",1947913.1,십억원
전국,,2015-02,M2_통화량,"M2(평잔, 원계열)",1972706.1,십억원
전국,,2015-03,M2_통화량,"M2(평잔, 원계열)",1979709.1,십억원
전국,,2015-04,M2_통화량,"M2(평잔, 원계열)",2004896.6,십억원
전국,,2015-05,M2_통화량,"M2(평잔, 원계열)",2016539.9,십억원
전국,,2015-06,M2_통화량,"M2(평잔, 원계열)",2026835.7,십억원
전국,,2015-07,M2_통화량,"M2(평잔, 원계열)",2049268.7,십억원
전국,,2015-08,M2_통화량,"M2(평잔, 원계열)",2061340,십억원
전국,,2015-09,M2_통화량,"M2(평잔, 원계열)",2069855.7,십억원
전국,,2015-10,M2_통화량,"M2(평잔, 원계열)",2074987.5,십억원
전국,,2015-11,M2_통화량,"M2(평잔, 원계열)",2087249.4,십억원
전국,,2015-12,M2_통화량,"M2(평잔, 원계열)",2091637.2,십억원
전국,,2016-01,M2_통화량,"M2(평잔, 원계열)",2108840.8,십억원
전국,,2016-02,M2_통화량,"M2(평잔, 원계열)",2135969.9,십억원
전국,,2016-03,M2_통화량,"M2(평잔, 원계열)",2132190.5,십억원
전국,,2016-04,M2_통화량,"M2(평잔, 원계열)",2145161.1,십억원
전국,,2016-05,M2_통화량,"M2(평잔, 원계열)",2161918.8,십억원
전국,,2016-06,M2_통화량,"M2(평잔, 원계열)",2177447.8,십억원
전국,,2016-07,M2_통화량,"M2(평잔, 원계열)",2198323.4,십억원
전국,,2016-08,M2_통화량,"M2(평잔, 원계열)",2215622.4,십억원
전국,,2016-09,M2_통화량,"M2(평잔, 원계열)",2214263.1,십억원
전국,,2016-10,M2_통화량,"M2(평잔, 원계열)",2231772.2,십억원
전국,,2016-11,M2_통화량,"M2(평잔, 원계열)",2258938.8,십억원
전국,,2016-12,M2_통화량,"M2(평잔, 원계열)",2260321.7,십억원
전국,,2017-01,M2_통화량,"M2(평잔, 원계열)",2272490.1,십억원
전국,,2017-02,M2_통화량,"M2(평잔, 원계열)",2284498.5,십억원
전국,,2017-03,M2_통화량,"M2(평잔, 원계열)",2289944.4,십억원
전국,,2017-04,M2_통화량,"M2(평잔, 원계열)",2313073.2,십억원
전국,,2017-05,M2_통화량,"M2(평잔, 원계열)",2321319.8,십억원
전국,,2017-06,M2_통화량,"M2(평잔, 원계열)",2325707.9,십억원
전국,,2017-07,M2_통화량,"M2(평잔, 원계열)",2345077.5,십억원
전국,,2017-08,M2_통화량,"M2(평잔, 원계열)",2356541.3,십억원
전국,,2017-09,M2_통화량,"M2(평잔, 원계열)",2357175.9,십억원
전국,,2017-10,M2_통화량,"M2(평잔, 원계열)",2377101.6,십억원
전국,,2017-11,M2_통화량,"M2(평잔, 원계열)",2396513.7,십억원
전국,,2017-12,M2_통화량,"M2(평잔, 원계열)",2397310.3,십억원
전국,,2018-01,M2_통화량,"M2(평잔, 원계열)",2409680.6,십억원
전국,,2018-02,M2_통화량,"M2(평잔, 원계열)",2435665,십억원
전국,,2018-03,M2_통화량,"M2(평잔, 원계열)",2432805.4,십억원
전국,,2018-04,M2_통화량,"M2(평잔, 원계열)",2448397.7,십억원
전국,,2018-05,M2_통화량,"M2(평잔, 원계열)",2456570.7,십억원
전국,,2018-06,M2_통화량,"M2(평잔, 원계열)",2462035.2,십억원
전국,,2018-07,M2_통화량,"M2(평잔, 원계열)",2479242.3,십억원
전국,,2018-08,M2_통화량,"M2(평잔, 원계열)",2489936.9,십억원
전국,,2018-09,M2_통화량,"M2(평잔, 원계열)",2482947.8,십억원
전국,,2018-10,M2_통화량,"M2(평잔, 원계열)",2510524,십억원
전국,,2018-11,M2_통화량,"M2(평잔, 원계열)",2521497,십억원
전국,,2018-12,M2_통화량,"M2(평잔, 원계열)",2516938,십억원
전국,,2019-01,M2_통화량,"M2(평잔, 원계열)",2541916.3,십억원
전국,,2019-02,M2_통화량,"M2(평잔, 원계열)",2552142.8,십억원
전국,,2019-03,M2_통화량,"M2(평잔, 원계열)",2567458.8,십억원
전국,,2019-04,M2_통화량,"M2(평잔, 원계열)",2586645.8,십억원
전국,,2019-05,M2_통화량,"M2(평잔, 원계열)",2588405.6,십억원
전국,,2019-06,M2_통화량,"M2(평잔, 원계열)",2610924,십억원
전국,,2019-07,M2_통화량,"M2(평잔, 원계열)",2626313.4,십억원
전국,,2019-08,M2_통화량,"M2(평잔, 원계열)",2644620.3,십억원
전국,,2019-09,M2_통화량,"M2(평잔, 원계열)",2657896.1,십억원
전국,,2019-10,M2_통화량,"M2(평잔, 원계열)",2684616.6,십억원
전국,,2019-11,M2_통화량,"M2(평잔, 원계열)",2714224.7,십억원
전국,,2019-12,M2_통화량,"M2(평잔, 원계열)",2709976.7,십억원
전국,,2020-01,M2_통화량,"M2(평잔, 원계열)",2738719.5,십억원
전국,,2020-02,M2_통화량,"M2(평잔, 원계열)",2772876.6,십억원
전국,,2020-03,M2_통화량,"M2(평잔, 원계열)",2797940.6,십억원
전국,,2020-04,M2_통화량,"M2(평잔, 원계열)",2862592.4,십억원
전국,,2020-05,M2_통화량,"M2(평잔, 원계열)",2903430.1,십억원
전국,,2020-06,M2_통화량,"M2(평잔, 원계열)",2924178.4,십억원
전국,,2020-07,M2_통화량,"M2(평잔, 원계열)",2948195.4,십억원
전국,,2020-08,M2_통화량,"M2(평잔, 원계열)",2957258.4,십억원
전국,,2020-09,M2_통화량,"M2(평잔, 원계열)",2975068.2,십억원
전국,,2020-10,M2_통화량,"M2(평잔, 원계열)",3013099.3,십억원
전국,,2020-11,M2_통화량,"M2(평잔, 원계열)",3040116.3,십억원
전국,,2020-12,M2_통화량,"M2(평잔, 원계열)",3042608.9,십억원
전국,,2021-01,M2_통화량,"M2(평잔, 원계열)",3068301.1,십억원
전국,,2021-02,M2_통화량,"M2(평잔, 원계열)",3109468.9,십억원
전국,,2021-03,M2_통화량,"M2(평잔, 원계열)",3139905.3,십억원
전국,,2021-04,M2_통화량,"M2(평잔, 원계열)",3187670.1,십억원
전국,,2021-05,M2_통화량,"M2(평잔, 원계열)",3215002.7,십억원
전국,,2021-06,M2_통화량,"M2(평잔, 원계열)",3226311.9,십억원
전국,,2021-07,M2_통화량,"M2(평잔, 원계열)",3267778.3,십억원
전국,,2021-08,M2_통화량,"M2(평잔, 원계열)",3292680.5,십억원
전국,,2021-09,M2_통화량,"M2(평잔, 원계열)",3308123.4,십억원
전국,,2021-10,M2_통화량,"M2(평잔, 원계열)",3350628.5,십억원
전국,,2021-11,M2_통화량,"M2(평잔, 원계열)",3391820.7,십억원
전국,,2021-12,M2_통화량,"M2(평잔, 원계열)",3403332.6,십억원
전국,,2022-01,M2_통화량,"M2(평잔, 원계열)",3440654.1,십억원
전국,,2022-02,M2_통화량,"M2(평잔, 원계열)",3471671,십억원
전국,,2022-03,M2_통화량,"M2(평잔, 원계열)",3492163,십억원
전국,,2022-04,M2_통화량,"M2(평잔, 원계열)",3512106.3,십억원
전국,,2022-05,M2_통화량,"M2(평잔, 원계열)",3536839,십억원
전국,,2022-06,M2_통화량,"M2(평잔, 원계열)",3557150.9,십억원
전국,,2022-07,M2_통화량,"M2(평잔, 원계열)",3577276.8,십억원
전국,,2022-08,M2_통화량,"M2(평잔, 원계열)",3598797.9,십억원
전국,,2022-09,M2_통화량,"M2(평잔, 원계열)",3603613.7,십억원
전국,,2022-10,M2_통화량,"M2(평잔, 원계열)",3633484.1,십억원
전국,,2022-11,M2_통화량,"M2(평잔, 원계열)",3681908.2,십억원
전국,,2022-12,M2_통화량,"M2(평잔, 원계열)",3679694.2,십억원
전국,,2023-01,M2_통화량,"M2(평잔, 원계열)",3682287.7,십억원
전국,,2023-02,M2_통화량,"M2(평잔, 원계열)",3685209.3,십억원
전국,,2023-03,M2_통화량,"M2(평잔, 원계열)",3686478.4,십억원
전국,,2023-04,M2_통화량,"M2(평잔, 원계열)",3676695.1,십억원
전국,,2023-05,M2_통화량,"M2(평잔, 원계열)",3663874.9,십억원
전국,,2023-06,M2_통화량,"M2(평잔, 원계열)",3677915.5,십억원
전국,,2023-07,M2_통화량,"M2(평잔, 원계열)",3711566.1,십억원
전국,,2023-08,M2_통화량,"M2(평잔, 원계열)",3702522,십억원
전국,,2023-09,M2_통화량,"M2(평잔, 원계열)",3707489.5,십억원
전국,,2023-10,M2_통화량,"M2(평잔, 원계열)",3724082.9,십억원
전국,,2023-11,M2_통화량,"M2(평잔, 원계열)",3756518.2,십억원
전국,,2023-12,M2_통화량,"M2(평잔, 원계열)",3747579.6,십억원
전국,,2024-01,M2_통화량,"M2(평잔, 원계열)",3725946.1,십억원
전국,,2024-02,M2_통화량,"M2(평잔, 원계열)",3758300.3,십억원
전국,,2024-03,M2_통화량,"M2(평잔, 원계열)",3811740.1,십억원
전국,,2024-04,M2_통화량,"M2(평잔, 원계열)",3814826.3,십억원
전국,,2024-05,M2_통화량,"M2(평잔, 원계열)",3811701.4,십억원
전국,,2024-06,M2_통화량,"M2(평잔, 원계열)",3809685.7,십억원
전국,,2024-07,M2_통화량,"M2(평잔, 원계열)",3825246.7,십억원
전국,,2024-08,M2_통화량,"M2(평잔, 원계열)",3828979.7,십억원
전국,,2024-09,M2_통화량,"M2(평잔, 원계열)",3845751.5,십억원
전국,,2024-10,M2_통화량,"M2(평잔, 원계열)",3856940.4,십억원
전국,,2024-11,M2_통화량,"M2(평잔, 원계열)",3881925.7,십억원
전국,,2024-12,M2_통화량,"M2(평잔, 원계열)",3906282.9,십억원
전국,,2025-01,M2_통화량,"M2(평잔, 원계열)",3921714.4,십억원
전국,,2025-02,M2_통화량,"M2(평잔, 원계열)",3920448.5,십억원
전국,,2025-03,M2_통화량,"M2(평잔, 원계열)",3924087,십억원
전국,,2025-04,M2_통화량,"M2(평잔, 원계열)",3935845,십억원
전국,,2025-05,M2_통화량,"M2(평잔, 원계열)",3955366.9,십억원
전국,,2025-06,M2_통화량,"M2(평잔, 원계열)",3972892.3,십억원
전국,,2025-07,M2_통화량,"M2(평잔, 원계열)",3993116.2,십억원
전국,,2025-08,M2_통화량,"M2(평잔, 원계열)",4031011.4,십억원
전국,,2025-09,M2_통화량,"M2(평잔, 원계열)",4055458.9,십억원
전국,,2025-10,M2_통화량,"M2(평잔, 원계열)",4056854.5,십억원
전국,,2025-11,M2_통화량,"M2(평잔, 원계열)",4067509.7,십억원
전국,,2025-12,M2_통화량,"M2(평잔, 원계열)",4089671.2,십억원
전국,,2026-01,M2_통화량,"M2(평잔, 원계열)",4105513.1,십억원
전국,,2026-02,M2_통화량,"M2(평잔, 원계열)",4111822.7,십억원
전국,,2026-03,M2_통화량,"M2(평잔, 원계열)",4139870.6,십억원
전국,,2026-04,M2_통화량,"M2(평잔, 원계열)",4159166.3,십억원
전국,,2026-05,M2_통화량,"M2(평잔, 원계열)",4183219.5,십억원
전국,,2026-06,M2_통화량,"M2(평잔, 원계열)",4209875.1,십억원
전국,,2026-07,M2_통화량,"M2(평잔, 원계열)",4223410,십억원
전국,,2014-01,비은행대출금리_주택담보,주택담보대출,8.24,연리%
전국,,2014-02,비은행대출금리_주택담보,주택담보대출,8.03,연리%
전국,,2014-03,비은행대출금리_주택담보,주택담보대출,7.84,연리%
전국,,2014-04,비은행대출금리_주택담보,주택담보대출,8.3,연리%
전국,,2014-05,비은행대출금리_주택담보,주택담보대출,7.63,연리%
전국,,2014-06,비은행대출금리_주택담보,주택담보대출,7.61,연리%
전국,,2014-07,비은행대출금리_주택담보,주택담보대출,7.56,연리%
전국,,2014-08,비은행대출금리_주택담보,주택담보대출,7.6,연리%
전국,,2014-09,비은행대출금리_주택담보,주택담보대출,7.43,연리%
전국,,2014-10,비은행대출금리_주택담보,주택담보대출,7.52,연리%
전국,,2014-11,비은행대출금리_주택담보,주택담보대출,7.48,연리%
전국,,2014-12,비은행대출금리_주택담보,주택담보대출,7.43,연리%
전국,,2015-01,비은행대출금리_주택담보,주택담보대출,7.09,연리%
전국,,2015-02,비은행대출금리_주택담보,주택담보대출,6.93,연리%
전국,,2015-03,비은행대출금리_주택담보,주택담보대출,7.58,연리%
전국,,2015-04,비은행대출금리_주택담보,주택담보대출,7.07,연리%
전국,,2015-05,비은행대출금리_주택담보,주택담보대출,6.83,연리%
전국,,2015-06,비은행대출금리_주택담보,주택담보대출,6.96,연리%
전국,,2015-07,비은행대출금리_주택담보,주택담보대출,6.84,연리%
전국,,2015-08,비은행대출금리_주택담보,주택담보대출,6.78,연리%
전국,,2015-09,비은행대출금리_주택담보,주택담보대출,6.7,연리%
전국,,2015-10,비은행대출금리_주택담보,주택담보대출,6.63,연리%
전국,,2015-11,비은행대출금리_주택담보,주택담보대출,6.5,연리%
전국,,2015-12,비은행대출금리_주택담보,주택담보대출,6.31,연리%
전국,,2016-01,비은행대출금리_주택담보,주택담보대출,6.55,연리%
전국,,2016-02,비은행대출금리_주택담보,주택담보대출,6.43,연리%
전국,,2016-03,비은행대출금리_주택담보,주택담보대출,6.11,연리%
전국,,2016-04,비은행대출금리_주택담보,주택담보대출,5.96,연리%
전국,,2016-05,비은행대출금리_주택담보,주택담보대출,6.07,연리%
전국,,2016-06,비은행대출금리_주택담보,주택담보대출,5.96,연리%
전국,,2016-07,비은행대출금리_주택담보,주택담보대출,5.72,연리%
전국,,2016-08,비은행대출금리_주택담보,주택담보대출,5.92,연리%
전국,,2016-09,비은행대출금리_주택담보,주택담보대출,5.81,연리%
전국,,2016-10,비은행대출금리_주택담보,주택담보대출,5.99,연리%
전국,,2016-11,비은행대출금리_주택담보,주택담보대출,5.85,연리%
전국,,2016-12,비은행대출금리_주택담보,주택담보대출,5.74,연리%
전국,,2017-01,비은행대출금리_주택담보,주택담보대출,6.09,연리%
전국,,2017-02,비은행대출금리_주택담보,주택담보대출,6,연리%
전국,,2017-03,비은행대출금리_주택담보,주택담보대출,5.99,연리%
전국,,2017-04,비은행대출금리_주택담보,주택담보대출,5.7,연리%
전국,,2017-05,비은행대출금리_주택담보,주택담보대출,5.78,연리%
전국,,2017-06,비은행대출금리_주택담보,주택담보대출,5.92,연리%
전국,,2017-07,비은행대출금리_주택담보,주택담보대출,5.72,연리%
전국,,2017-08,비은행대출금리_주택담보,주택담보대출,6.08,연리%
전국,,2017-09,비은행대출금리_주택담보,주택담보대출,6.15,연리%
전국,,2017-10,비은행대출금리_주택담보,주택담보대출,6.06,연리%
전국,,2017-11,비은행대출금리_주택담보,주택담보대출,5.87,연리%
전국,,2017-12,비은행대출금리_주택담보,주택담보대출,6.23,연리%
전국,,2018-01,비은행대출금리_주택담보,주택담보대출,6.17,연리%
전국,,2018-02,비은행대출금리_주택담보,주택담보대출,6.33,연리%
전국,,2018-03,비은행대출금리_주택담보,주택담보대출,6.23,연리%
전국,,2018-04,비은행대출금리_주택담보,주택담보대출,6.23,연리%
전국,,2018-05,비은행대출금리_주택담보,주택담보대출,5.93,연리%
전국,,2018-06,비은행대출금리_주택담보,주택담보대출,6.38,연리%
전국,,2018-07,비은행대출금리_주택담보,주택담보대출,6.28,연리%
전국,,2018-08,비은행대출금리_주택담보,주택담보대출,6.47,연리%
전국,,2018-09,비은행대출금리_주택담보,주택담보대출,6.85,연리%
전국,,2018-10,비은행대출금리_주택담보,주택담보대출,6.51,연리%
전국,,2018-11,비은행대출금리_주택담보,주택담보대출,6.56,연리%
전국,,2018-12,비은행대출금리_주택담보,주택담보대출,6.1,연리%
전국,,2019-01,비은행대출금리_주택담보,주택담보대출,6.55,연리%
전국,,2019-02,비은행대출금리_주택담보,주택담보대출,6.46,연리%
전국,,2019-03,비은행대출금리_주택담보,주택담보대출,6.24,연리%
전국,,2019-04,비은행대출금리_주택담보,주택담보대출,5.78,연리%
전국,,2019-05,비은행대출금리_주택담보,주택담보대출,5.98,연리%
전국,,2019-06,비은행대출금리_주택담보,주택담보대출,6.28,연리%
전국,,2019-07,비은행대출금리_주택담보,주택담보대출,6.06,연리%
전국,,2019-08,비은행대출금리_주택담보,주택담보대출,6.04,연리%
전국,,2019-09,비은행대출금리_주택담보,주택담보대출,5.88,연리%
전국,,2019-10,비은행대출금리_주택담보,주택담보대출,6.2,연리%
전국,,2019-11,비은행대출금리_주택담보,주택담보대출,5.45,연리%
전국,,2019-12,비은행대출금리_주택담보,주택담보대출,5.84,연리%
전국,,2020-01,비은행대출금리_주택담보,주택담보대출,5.85,연리%
전국,,2020-02,비은행대출금리_주택담보,주택담보대출,5.49,연리%
전국,,2020-03,비은행대출금리_주택담보,주택담보대출,5.38,연리%
전국,,2020-04,비은행대출금리_주택담보,주택담보대출,5.06,연리%
전국,,2020-05,비은행대출금리_주택담보,주택담보대출,5.47,연리%
전국,,2020-06,비은행대출금리_주택담보,주택담보대출,5.12,연리%
전국,,2020-07,비은행대출금리_주택담보,주택담보대출,5.11,연리%
전국,,2020-08,비은행대출금리_주택담보,주택담보대출,5.32,연리%
전국,,2020-09,비은행대출금리_주택담보,주택담보대출,5.41,연리%
전국,,2020-10,비은행대출금리_주택담보,주택담보대출,4.84,연리%
전국,,2020-11,비은행대출금리_주택담보,주택담보대출,5.24,연리%
전국,,2020-12,비은행대출금리_주택담보,주택담보대출,5.21,연리%
전국,,2021-01,비은행대출금리_주택담보,주택담보대출,4.9,연리%
전국,,2021-02,비은행대출금리_주택담보,주택담보대출,5.08,연리%
전국,,2021-03,비은행대출금리_주택담보,주택담보대출,4.84,연리%
전국,,2021-04,비은행대출금리_주택담보,주택담보대출,5.34,연리%
전국,,2021-05,비은행대출금리_주택담보,주택담보대출,4.92,연리%
전국,,2021-06,비은행대출금리_주택담보,주택담보대출,4.91,연리%
전국,,2021-07,비은행대출금리_주택담보,주택담보대출,4.91,연리%
전국,,2021-08,비은행대출금리_주택담보,주택담보대출,5.13,연리%
전국,,2021-09,비은행대출금리_주택담보,주택담보대출,4.75,연리%
전국,,2021-10,비은행대출금리_주택담보,주택담보대출,4.97,연리%
전국,,2021-11,비은행대출금리_주택담보,주택담보대출,4.79,연리%
전국,,2021-12,비은행대출금리_주택담보,주택담보대출,5,연리%
전국,,2022-01,비은행대출금리_주택담보,주택담보대출,5.09,연리%
전국,,2022-02,비은행대출금리_주택담보,주택담보대출,4.74,연리%
전국,,2022-03,비은행대출금리_주택담보,주택담보대출,4.79,연리%
전국,,2022-04,비은행대출금리_주택담보,주택담보대출,4.85,연리%
전국,,2022-05,비은행대출금리_주택담보,주택담보대출,5.02,연리%
전국,,2022-06,비은행대출금리_주택담보,주택담보대출,5.32,연리%
전국,,2022-07,비은행대출금리_주택담보,주택담보대출,5.19,연리%
전국,,2022-08,비은행대출금리_주택담보,주택담보대출,5.37,연리%
전국,,2022-09,비은행대출금리_주택담보,주택담보대출,5.74,연리%
전국,,2022-10,비은행대출금리_주택담보,주택담보대출,6.2,연리%
전국,,2022-11,비은행대출금리_주택담보,주택담보대출,6.16,연리%
전국,,2022-12,비은행대출금리_주택담보,주택담보대출,6.66,연리%
전국,,2023-01,비은행대출금리_주택담보,주택담보대출,7.13,연리%
전국,,2023-02,비은행대출금리_주택담보,주택담보대출,7.99,연리%
전국,,2023-03,비은행대출금리_주택담보,주택담보대출,7.18,연리%
전국,,2023-04,비은행대출금리_주택담보,주택담보대출,7.06,연리%
전국,,2023-05,비은행대출금리_주택담보,주택담보대출,7.39,연리%
전국,,2023-06,비은행대출금리_주택담보,주택담보대출,6.9,연리%
전국,,2023-07,비은행대출금리_주택담보,주택담보대출,6.7,연리%
전국,,2023-08,비은행대출금리_주택담보,주택담보대출,7.05,연리%
전국,,2023-09,비은행대출금리_주택담보,주택담보대출,6.88,연리%
전국,,2023-10,비은행대출금리_주택담보,주택담보대출,6.76,연리%
전국,,2023-11,비은행대출금리_주택담보,주택담보대출,6.74,연리%
전국,,2023-12,비은행대출금리_주택담보,주택담보대출,6.95,연리%
전국,,2024-01,비은행대출금리_주택담보,주택담보대출,6.76,연리%
전국,,2024-02,비은행대출금리_주택담보,주택담보대출,6.69,연리%
전국,,2024-03,비은행대출금리_주택담보,주택담보대출,6.37,연리%
전국,,2024-04,비은행대출금리_주택담보,주택담보대출,6.21,연리%
전국,,2024-05,비은행대출금리_주택담보,주택담보대출,7.13,연리%
전국,,2024-06,비은행대출금리_주택담보,주택담보대출,6.29,연리%
전국,,2024-07,비은행대출금리_주택담보,주택담보대출,6.5,연리%
전국,,2024-08,비은행대출금리_주택담보,주택담보대출,6.26,연리%
전국,,2024-09,비은행대출금리_주택담보,주택담보대출,6.08,연리%
전국,,2024-10,비은행대출금리_주택담보,주택담보대출,6.03,연리%
전국,,2024-11,비은행대출금리_주택담보,주택담보대출,5.87,연리%
전국,,2024-12,비은행대출금리_주택담보,주택담보대출,5.97,연리%
전국,,2025-01,비은행대출금리_주택담보,주택담보대출,5.96,연리%
전국,,2025-02,비은행대출금리_주택담보,주택담보대출,6.01,연리%
전국,,2025-03,비은행대출금리_주택담보,주택담보대출,5.66,연리%
전국,,2025-04,비은행대출금리_주택담보,주택담보대출,6.03,연리%
전국,,2025-05,비은행대출금리_주택담보,주택담보대출,6.1,연리%
전국,,2025-06,비은행대출금리_주택담보,주택담보대출,5.75,연리%
전국,,2025-07,비은행대출금리_주택담보,주택담보대출,5.53,연리%
전국,,2025-08,비은행대출금리_주택담보,주택담보대출,4.99,연리%
전국,,2025-09,비은행대출금리_주택담보,주택담보대출,5.02,연리%
전국,,2025-10,비은행대출금리_주택담보,주택담보대출,5.2,연리%
전국,,2025-11,비은행대출금리_주택담보,주택담보대출,5.15,연리%
전국,,2025-12,비은행대출금리_주택담보,주택담보대출,4.91,연리%
전국,,2026-01,비은행대출금리_주택담보,주택담보대출,4.85,연리%
전국,,2026-02,비은행대출금리_주택담보,주택담보대출,4.91,연리%
전국,,2026-03,비은행대출금리_주택담보,주택담보대출,5.13,연리%
전국,,2026-04,비은행대출금리_주택담보,주택담보대출,5.18,연리%
전국,,2026-05,비은행대출금리_주택담보,주택담보대출,5.55,연리%
전국,,2026-06,비은행대출금리_주택담보,주택담보대출,4.76,연리%
전국,,2026-07,비은행대출금리_주택담보,주택담보대출,5.2,연리%
전국,,1990-01,선행지수순환변동치,선행지수순환변동치,100.5,2020=100
전국,,1990-02,선행지수순환변동치,선행지수순환변동치,100.4,2020=100
전국,,1990-03,선행지수순환변동치,선행지수순환변동치,100.3,2020=100
전국,,1990-04,선행지수순환변동치,선행지수순환변동치,100.2,2020=100
전국,,1990-05,선행지수순환변동치,선행지수순환변동치,100.1,2020=100
전국,,1990-06,선행지수순환변동치,선행지수순환변동치,100,2020=100
전국,,1990-07,선행지수순환변동치,선행지수순환변동치,100.3,2020=100
전국,,1990-08,선행지수순환변동치,선행지수순환변동치,100.6,2020=100
전국,,1990-09,선행지수순환변동치,선행지수순환변동치,101.1,2020=100
전국,,1990-10,선행지수순환변동치,선행지수순환변동치,101.5,2020=100
전국,,1990-11,선행지수순환변동치,선행지수순환변동치,101.6,2020=100
전국,,1990-12,선행지수순환변동치,선행지수순환변동치,101.5,2020=100
전국,,1991-01,선행지수순환변동치,선행지수순환변동치,101.3,2020=100
전국,,1991-02,선행지수순환변동치,선행지수순환변동치,101.1,2020=100
전국,,1991-03,선행지수순환변동치,선행지수순환변동치,100.9,2020=100
전국,,1991-04,선행지수순환변동치,선행지수순환변동치,100.7,2020=100
전국,,1991-05,선행지수순환변동치,선행지수순환변동치,100.8,2020=100
전국,,1991-06,선행지수순환변동치,선행지수순환변동치,100.8,2020=100
전국,,1991-07,선행지수순환변동치,선행지수순환변동치,100.9,2020=100
전국,,1991-08,선행지수순환변동치,선행지수순환변동치,100.6,2020=100
전국,,1991-09,선행지수순환변동치,선행지수순환변동치,100.4,2020=100
전국,,1991-10,선행지수순환변동치,선행지수순환변동치,100.4,2020=100
전국,,1991-11,선행지수순환변동치,선행지수순환변동치,100.1,2020=100
전국,,1991-12,선행지수순환변동치,선행지수순환변동치,99.9,2020=100
전국,,1992-01,선행지수순환변동치,선행지수순환변동치,99.5,2020=100
전국,,1992-02,선행지수순환변동치,선행지수순환변동치,99.3,2020=100
전국,,1992-03,선행지수순환변동치,선행지수순환변동치,99.3,2020=100
전국,,1992-04,선행지수순환변동치,선행지수순환변동치,99,2020=100
전국,,1992-05,선행지수순환변동치,선행지수순환변동치,99.1,2020=100
전국,,1992-06,선행지수순환변동치,선행지수순환변동치,98.8,2020=100
전국,,1992-07,선행지수순환변동치,선행지수순환변동치,98.7,2020=100
전국,,1992-08,선행지수순환변동치,선행지수순환변동치,98.1,2020=100
전국,,1992-09,선행지수순환변동치,선행지수순환변동치,97.8,2020=100
전국,,1992-10,선행지수순환변동치,선행지수순환변동치,97.6,2020=100
전국,,1992-11,선행지수순환변동치,선행지수순환변동치,98,2020=100
전국,,1992-12,선행지수순환변동치,선행지수순환변동치,98.4,2020=100
전국,,1993-01,선행지수순환변동치,선행지수순환변동치,98.7,2020=100
전국,,1993-02,선행지수순환변동치,선행지수순환변동치,98.5,2020=100
전국,,1993-03,선행지수순환변동치,선행지수순환변동치,98.4,2020=100
전국,,1993-04,선행지수순환변동치,선행지수순환변동치,98.5,2020=100
전국,,1993-05,선행지수순환변동치,선행지수순환변동치,98.5,2020=100
전국,,1993-06,선행지수순환변동치,선행지수순환변동치,98.8,2020=100
전국,,1993-07,선행지수순환변동치,선행지수순환변동치,98.7,2020=100
전국,,1993-08,선행지수순환변동치,선행지수순환변동치,98.6,2020=100
전국,,1993-09,선행지수순환변동치,선행지수순환변동치,98.3,2020=100
전국,,1993-10,선행지수순환변동치,선행지수순환변동치,98.6,2020=100
전국,,1993-11,선행지수순환변동치,선행지수순환변동치,99.2,2020=100
전국,,1993-12,선행지수순환변동치,선행지수순환변동치,99.9,2020=100
전국,,1994-01,선행지수순환변동치,선행지수순환변동치,100.5,2020=100
전국,,1994-02,선행지수순환변동치,선행지수순환변동치,101,2020=100
전국,,1994-03,선행지수순환변동치,선행지수순환변동치,101.5,2020=100
전국,,1994-04,선행지수순환변동치,선행지수순환변동치,101.6,2020=100
전국,,1994-05,선행지수순환변동치,선행지수순환변동치,101.6,2020=100
전국,,1994-06,선행지수순환변동치,선행지수순환변동치,101.7,2020=100
전국,,1994-07,선행지수순환변동치,선행지수순환변동치,101.7,2020=100
전국,,1994-08,선행지수순환변동치,선행지수순환변동치,101.8,2020=100
전국,,1994-09,선행지수순환변동치,선행지수순환변동치,102.3,2020=100
전국,,1994-10,선행지수순환변동치,선행지수순환변동치,102.8,2020=100
전국,,1994-11,선행지수순환변동치,선행지수순환변동치,103.3,2020=100
전국,,1994-12,선행지수순환변동치,선행지수순환변동치,104.1,2020=100
전국,,1995-01,선행지수순환변동치,선행지수순환변동치,104.4,2020=100
전국,,1995-02,선행지수순환변동치,선행지수순환변동치,105,2020=100
전국,,1995-03,선행지수순환변동치,선행지수순환변동치,104.5,2020=100
전국,,1995-04,선행지수순환변동치,선행지수순환변동치,104.8,2020=100
전국,,1995-05,선행지수순환변동치,선행지수순환변동치,104.5,2020=100
전국,,1995-06,선행지수순환변동치,선행지수순환변동치,104.5,2020=100
전국,,1995-07,선행지수순환변동치,선행지수순환변동치,105.1,2020=100
전국,,1995-08,선행지수순환변동치,선행지수순환변동치,105.3,2020=100
전국,,1995-09,선행지수순환변동치,선행지수순환변동치,105.2,2020=100
전국,,1995-10,선행지수순환변동치,선행지수순환변동치,105,2020=100
전국,,1995-11,선행지수순환변동치,선행지수순환변동치,105,2020=100
전국,,1995-12,선행지수순환변동치,선행지수순환변동치,104.7,2020=100
전국,,1996-01,선행지수순환변동치,선행지수순환변동치,104.3,2020=100
전국,,1996-02,선행지수순환변동치,선행지수순환변동치,103.9,2020=100
전국,,1996-03,선행지수순환변동치,선행지수순환변동치,104,2020=100
전국,,1996-04,선행지수순환변동치,선행지수순환변동치,103.6,2020=100
전국,,1996-05,선행지수순환변동치,선행지수순환변동치,103.2,2020=100
전국,,1996-06,선행지수순환변동치,선행지수순환변동치,102.2,2020=100
전국,,1996-07,선행지수순환변동치,선행지수순환변동치,102,2020=100
전국,,1996-08,선행지수순환변동치,선행지수순환변동치,101.7,2020=100
전국,,1996-09,선행지수순환변동치,선행지수순환변동치,100.8,2020=100
전국,,1996-10,선행지수순환변동치,선행지수순환변동치,99.9,2020=100
전국,,1996-11,선행지수순환변동치,선행지수순환변동치,99.4,2020=100
전국,,1996-12,선행지수순환변동치,선행지수순환변동치,99.8,2020=100
전국,,1997-01,선행지수순환변동치,선행지수순환변동치,99.6,2020=100
전국,,1997-02,선행지수순환변동치,선행지수순환변동치,99.8,2020=100
전국,,1997-03,선행지수순환변동치,선행지수순환변동치,100,2020=100
전국,,1997-04,선행지수순환변동치,선행지수순환변동치,100.7,2020=100
전국,,1997-05,선행지수순환변동치,선행지수순환변동치,100.6,2020=100
전국,,1997-06,선행지수순환변동치,선행지수순환변동치,100.8,2020=100
전국,,1997-07,선행지수순환변동치,선행지수순환변동치,100.7,2020=100
전국,,1997-08,선행지수순환변동치,선행지수순환변동치,100.9,2020=100
전국,,1997-09,선행지수순환변동치,선행지수순환변동치,100.5,2020=100
전국,,1997-10,선행지수순환변동치,선행지수순환변동치,100,2020=100
전국,,1997-11,선행지수순환변동치,선행지수순환변동치,98.8,2020=100
전국,,1997-12,선행지수순환변동치,선행지수순환변동치,96.1,2020=100
전국,,1998-01,선행지수순환변동치,선행지수순환변동치,93.3,2020=100
전국,,1998-02,선행지수순환변동치,선행지수순환변동치,91.7,2020=100
전국,,1998-03,선행지수순환변동치,선행지수순환변동치,91.8,2020=100
전국,,1998-04,선행지수순환변동치,선행지수순환변동치,92.6,2020=100
전국,,1998-05,선행지수순환변동치,선행지수순환변동치,92.8,2020=100
전국,,1998-06,선행지수순환변동치,선행지수순환변동치,92.6,2020=100
전국,,1998-07,선행지수순환변동치,선행지수순환변동치,92.9,2020=100
전국,,1998-08,선행지수순환변동치,선행지수순환변동치,93.5,2020=100
전국,,1998-09,선행지수순환변동치,선행지수순환변동치,93.9,2020=100
전국,,1998-10,선행지수순환변동치,선행지수순환변동치,94.5,2020=100
전국,,1998-11,선행지수순환변동치,선행지수순환변동치,95,2020=100
전국,,1998-12,선행지수순환변동치,선행지수순환변동치,95.8,2020=100
전국,,1999-01,선행지수순환변동치,선행지수순환변동치,96.9,2020=100
전국,,1999-02,선행지수순환변동치,선행지수순환변동치,98.2,2020=100
전국,,1999-03,선행지수순환변동치,선행지수순환변동치,99.2,2020=100
전국,,1999-04,선행지수순환변동치,선행지수순환변동치,100.1,2020=100
전국,,1999-05,선행지수순환변동치,선행지수순환변동치,101,2020=100
전국,,1999-06,선행지수순환변동치,선행지수순환변동치,102.4,2020=100
전국,,1999-07,선행지수순환변동치,선행지수순환변동치,103.6,2020=100
전국,,1999-08,선행지수순환변동치,선행지수순환변동치,104.2,2020=100
전국,,1999-09,선행지수순환변동치,선행지수순환변동치,104.2,2020=100
전국,,1999-10,선행지수순환변동치,선행지수순환변동치,103.9,2020=100
전국,,1999-11,선행지수순환변동치,선행지수순환변동치,104.2,2020=100
전국,,1999-12,선행지수순환변동치,선행지수순환변동치,104.1,2020=100
전국,,2000-01,선행지수순환변동치,선행지수순환변동치,105.1,2020=100
전국,,2000-02,선행지수순환변동치,선행지수순환변동치,105.1,2020=100
전국,,2000-03,선행지수순환변동치,선행지수순환변동치,105.2,2020=100
전국,,2000-04,선행지수순환변동치,선행지수순환변동치,104.5,2020=100
전국,,2000-05,선행지수순환변동치,선행지수순환변동치,104.2,2020=100
전국,,2000-06,선행지수순환변동치,선행지수순환변동치,104.3,2020=100
전국,,2000-07,선행지수순환변동치,선행지수순환변동치,104.1,2020=100
전국,,2000-08,선행지수순환변동치,선행지수순환변동치,104.6,2020=100
전국,,2000-09,선행지수순환변동치,선행지수순환변동치,103.8,2020=100
전국,,2000-10,선행지수순환변동치,선행지수순환변동치,102.3,2020=100
전국,,2000-11,선행지수순환변동치,선행지수순환변동치,99.7,2020=100
전국,,2000-12,선행지수순환변동치,선행지수순환변동치,98.4,2020=100
전국,,2001-01,선행지수순환변동치,선행지수순환변동치,96.9,2020=100
전국,,2001-02,선행지수순환변동치,선행지수순환변동치,96.7,2020=100
전국,,2001-03,선행지수순환변동치,선행지수순환변동치,96.7,2020=100
전국,,2001-04,선행지수순환변동치,선행지수순환변동치,96.8,2020=100
전국,,2001-05,선행지수순환변동치,선행지수순환변동치,97.2,2020=100
전국,,2001-06,선행지수순환변동치,선행지수순환변동치,97.3,2020=100
전국,,2001-07,선행지수순환변동치,선행지수순환변동치,97,2020=100
전국,,2001-08,선행지수순환변동치,선행지수순환변동치,96.7,2020=100
전국,,2001-09,선행지수순환변동치,선행지수순환변동치,96.7,2020=100
전국,,2001-10,선행지수순환변동치,선행지수순환변동치,97,2020=100
전국,,2001-11,선행지수순환변동치,선행지수순환변동치,98.1,2020=100
전국,,2001-12,선행지수순환변동치,선행지수순환변동치,99.4,2020=100
전국,,2002-01,선행지수순환변동치,선행지수순환변동치,101.1,2020=100
전국,,2002-02,선행지수순환변동치,선행지수순환변동치,102.4,2020=100
전국,,2002-03,선행지수순환변동치,선행지수순환변동치,103.7,2020=100
전국,,2002-04,선행지수순환변동치,선행지수순환변동치,104,2020=100
전국,,2002-05,선행지수순환변동치,선행지수순환변동치,103.7,2020=100
전국,,2002-06,선행지수순환변동치,선행지수순환변동치,102.7,2020=100
전국,,2002-07,선행지수순환변동치,선행지수순환변동치,102.1,2020=100
전국,,2002-08,선행지수순환변동치,선행지수순환변동치,101.6,2020=100
전국,,2002-09,선행지수순환변동치,선행지수순환변동치,101.1,2020=100
전국,,2002-10,선행지수순환변동치,선행지수순환변동치,100.3,2020=100
전국,,2002-11,선행지수순환변동치,선행지수순환변동치,100.2,2020=100
전국,,2002-12,선행지수순환변동치,선행지수순환변동치,100.2,2020=100
전국,,2003-01,선행지수순환변동치,선행지수순환변동치,100.1,2020=100
전국,,2003-02,선행지수순환변동치,선행지수순환변동치,99.8,2020=100
전국,,2003-03,선행지수순환변동치,선행지수순환변동치,99.6,2020=100
전국,,2003-04,선행지수순환변동치,선행지수순환변동치,99.2,2020=100
전국,,2003-05,선행지수순환변동치,선행지수순환변동치,99,2020=100
전국,,2003-06,선행지수순환변동치,선행지수순환변동치,99.3,2020=100
전국,,2003-07,선행지수순환변동치,선행지수순환변동치,99.3,2020=100
전국,,2003-08,선행지수순환변동치,선행지수순환변동치,99.8,2020=100
전국,,2003-09,선행지수순환변동치,선행지수순환변동치,100,2020=100
전국,,2003-10,선행지수순환변동치,선행지수순환변동치,100.4,2020=100
전국,,2003-11,선행지수순환변동치,선행지수순환변동치,100.4,2020=100
전국,,2003-12,선행지수순환변동치,선행지수순환변동치,100.4,2020=100
전국,,2004-01,선행지수순환변동치,선행지수순환변동치,100.7,2020=100
전국,,2004-02,선행지수순환변동치,선행지수순환변동치,101,2020=100
전국,,2004-03,선행지수순환변동치,선행지수순환변동치,101.1,2020=100
전국,,2004-04,선행지수순환변동치,선행지수순환변동치,101.1,2020=100
전국,,2004-05,선행지수순환변동치,선행지수순환변동치,100.8,2020=100
전국,,2004-06,선행지수순환변동치,선행지수순환변동치,100.5,2020=100
전국,,2004-07,선행지수순환변동치,선행지수순환변동치,100.1,2020=100
전국,,2004-08,선행지수순환변동치,선행지수순환변동치,99.8,2020=100
전국,,2004-09,선행지수순환변동치,선행지수순환변동치,99.7,2020=100
전국,,2004-10,선행지수순환변동치,선행지수순환변동치,99.7,2020=100
전국,,2004-11,선행지수순환변동치,선행지수순환변동치,99.6,2020=100
전국,,2004-12,선행지수순환변동치,선행지수순환변동치,99.5,2020=100
전국,,2005-01,선행지수순환변동치,선행지수순환변동치,99.4,2020=100
전국,,2005-02,선행지수순환변동치,선행지수순환변동치,99.7,2020=100
전국,,2005-03,선행지수순환변동치,선행지수순환변동치,100.2,2020=100
전국,,2005-04,선행지수순환변동치,선행지수순환변동치,100.2,2020=100
전국,,2005-05,선행지수순환변동치,선행지수순환변동치,99.8,2020=100
전국,,2005-06,선행지수순환변동치,선행지수순환변동치,99.4,2020=100
전국,,2005-07,선행지수순환변동치,선행지수순환변동치,99.5,2020=100
전국,,2005-08,선행지수순환변동치,선행지수순환변동치,99.8,2020=100
전국,,2005-09,선행지수순환변동치,선행지수순환변동치,99.9,2020=100
전국,,2005-10,선행지수순환변동치,선행지수순환변동치,100,2020=100
전국,,2005-11,선행지수순환변동치,선행지수순환변동치,100.1,2020=100
전국,,2005-12,선행지수순환변동치,선행지수순환변동치,100.4,2020=100
전국,,2006-01,선행지수순환변동치,선행지수순환변동치,100.9,2020=100
전국,,2006-02,선행지수순환변동치,선행지수순환변동치,100.9,2020=100
전국,,2006-03,선행지수순환변동치,선행지수순환변동치,100.8,2020=100
전국,,2006-04,선행지수순환변동치,선행지수순환변동치,100.5,2020=100
전국,,2006-05,선행지수순환변동치,선행지수순환변동치,100.4,2020=100
전국,,2006-06,선행지수순환변동치,선행지수순환변동치,100,2020=100
전국,,2006-07,선행지수순환변동치,선행지수순환변동치,99.4,2020=100
전국,,2006-08,선행지수순환변동치,선행지수순환변동치,99,2020=100
전국,,2006-09,선행지수순환변동치,선행지수순환변동치,99.3,2020=100
전국,,2006-10,선행지수순환변동치,선행지수순환변동치,99.7,2020=100
전국,,2006-11,선행지수순환변동치,선행지수순환변동치,100,2020=100
전국,,2006-12,선행지수순환변동치,선행지수순환변동치,100,2020=100
전국,,2007-01,선행지수순환변동치,선행지수순환변동치,100,2020=100
전국,,2007-02,선행지수순환변동치,선행지수순환변동치,100.2,2020=100
전국,,2007-03,선행지수순환변동치,선행지수순환변동치,100.3,2020=100
전국,,2007-04,선행지수순환변동치,선행지수순환변동치,100.5,2020=100
전국,,2007-05,선행지수순환변동치,선행지수순환변동치,100.5,2020=100
전국,,2007-06,선행지수순환변동치,선행지수순환변동치,100.9,2020=100
전국,,2007-07,선행지수순환변동치,선행지수순환변동치,101.4,2020=100
전국,,2007-08,선행지수순환변동치,선행지수순환변동치,101.6,2020=100
전국,,2007-09,선행지수순환변동치,선행지수순환변동치,101.6,2020=100
전국,,2007-10,선행지수순환변동치,선행지수순환변동치,101.5,2020=100
전국,,2007-11,선행지수순환변동치,선행지수순환변동치,101.6,2020=100
전국,,2007-12,선행지수순환변동치,선행지수순환변동치,101.5,2020=100
전국,,2008-01,선행지수순환변동치,선행지수순환변동치,101.2,2020=100
전국,,2008-02,선행지수순환변동치,선행지수순환변동치,100.7,2020=100
전국,,2008-03,선행지수순환변동치,선행지수순환변동치,100.2,2020=100
전국,,2008-04,선행지수순환변동치,선행지수순환변동치,100,2020=100
전국,,2008-05,선행지수순환변동치,선행지수순환변동치,99.7,2020=100
전국,,2008-06,선행지수순환변동치,선행지수순환변동치,99.2,2020=100
전국,,2008-07,선행지수순환변동치,선행지수순환변동치,98.8,2020=100
전국,,2008-08,선행지수순환변동치,선행지수순환변동치,98.6,2020=100
전국,,2008-09,선행지수순환변동치,선행지수순환변동치,98.4,2020=100
전국,,2008-10,선행지수순환변동치,선행지수순환변동치,98,2020=100
전국,,2008-11,선행지수순환변동치,선행지수순환변동치,97.5,2020=100
전국,,2008-12,선행지수순환변동치,선행지수순환변동치,97.2,2020=100
전국,,2009-01,선행지수순환변동치,선행지수순환변동치,97.1,2020=100
전국,,2009-02,선행지수순환변동치,선행지수순환변동치,97.4,2020=100
전국,,2009-03,선행지수순환변동치,선행지수순환변동치,97.9,2020=100
전국,,2009-04,선행지수순환변동치,선행지수순환변동치,99,2020=100
전국,,2009-05,선행지수순환변동치,선행지수순환변동치,99.6,2020=100
전국,,2009-06,선행지수순환변동치,선행지수순환변동치,100.4,2020=100
전국,,2009-07,선행지수순환변동치,선행지수순환변동치,100.6,2020=100
전국,,2009-08,선행지수순환변동치,선행지수순환변동치,100.8,2020=100
전국,,2009-09,선행지수순환변동치,선행지수순환변동치,101,2020=100
전국,,2009-10,선행지수순환변동치,선행지수순환변동치,101.5,2020=100
전국,,2009-11,선행지수순환변동치,선행지수순환변동치,102.1,2020=100
전국,,2009-12,선행지수순환변동치,선행지수순환변동치,102.5,2020=100
전국,,2010-01,선행지수순환변동치,선행지수순환변동치,102.6,2020=100
전국,,2010-02,선행지수순환변동치,선행지수순환변동치,102.5,2020=100
전국,,2010-03,선행지수순환변동치,선행지수순환변동치,102.2,2020=100
전국,,2010-04,선행지수순환변동치,선행지수순환변동치,102,2020=100
전국,,2010-05,선행지수순환변동치,선행지수순환변동치,102,2020=100
전국,,2010-06,선행지수순환변동치,선행지수순환변동치,102,2020=100
전국,,2010-07,선행지수순환변동치,선행지수순환변동치,101.9,2020=100
전국,,2010-08,선행지수순환변동치,선행지수순환변동치,101.7,2020=100
전국,,2010-09,선행지수순환변동치,선행지수순환변동치,101.5,2020=100
전국,,2010-10,선행지수순환변동치,선행지수순환변동치,101,2020=100
전국,,2010-11,선행지수순환변동치,선행지수순환변동치,100.8,2020=100
전국,,2010-12,선행지수순환변동치,선행지수순환변동치,100.7,2020=100
전국,,2011-01,선행지수순환변동치,선행지수순환변동치,101,2020=100
전국,,2011-02,선행지수순환변동치,선행지수순환변동치,101.1,2020=100
전국,,2011-03,선행지수순환변동치,선행지수순환변동치,101.1,2020=100
전국,,2011-04,선행지수순환변동치,선행지수순환변동치,100.9,2020=100
전국,,2011-05,선행지수순환변동치,선행지수순환변동치,100.8,2020=100
전국,,2011-06,선행지수순환변동치,선행지수순환변동치,100.7,2020=100
전국,,2011-07,선행지수순환변동치,선행지수순환변동치,100.5,2020=100
전국,,2011-08,선행지수순환변동치,선행지수순환변동치,100.4,2020=100
전국,,2011-09,선행지수순환변동치,선행지수순환변동치,100.2,2020=100
전국,,2011-10,선행지수순환변동치,선행지수순환변동치,100,2020=100
전국,,2011-11,선행지수순환변동치,선행지수순환변동치,99.8,2020=100
전국,,2011-12,선행지수순환변동치,선행지수순환변동치,99.7,2020=100
전국,,2012-01,선행지수순환변동치,선행지수순환변동치,99.7,2020=100
전국,,2012-02,선행지수순환변동치,선행지수순환변동치,100.1,2020=100
전국,,2012-03,선행지수순환변동치,선행지수순환변동치,100.4,2020=100
전국,,2012-04,선행지수순환변동치,선행지수순환변동치,100.5,2020=100
전국,,2012-05,선행지수순환변동치,선행지수순환변동치,100.2,2020=100
전국,,2012-06,선행지수순환변동치,선행지수순환변동치,100.3,2020=100
전국,,2012-07,선행지수순환변동치,선행지수순환변동치,100,2020=100
전국,,2012-08,선행지수순환변동치,선행지수순환변동치,99.7,2020=100
전국,,2012-09,선행지수순환변동치,선행지수순환변동치,99.3,2020=100
전국,,2012-10,선행지수순환변동치,선행지수순환변동치,99.3,2020=100
전국,,2012-11,선행지수순환변동치,선행지수순환변동치,99.3,2020=100
전국,,2012-12,선행지수순환변동치,선행지수순환변동치,99.4,2020=100
전국,,2013-01,선행지수순환변동치,선행지수순환변동치,99.3,2020=100
전국,,2013-02,선행지수순환변동치,선행지수순환변동치,99.4,2020=100
전국,,2013-03,선행지수순환변동치,선행지수순환변동치,99.4,2020=100
전국,,2013-04,선행지수순환변동치,선행지수순환변동치,99.5,2020=100
전국,,2013-05,선행지수순환변동치,선행지수순환변동치,99.5,2020=100
전국,,2013-06,선행지수순환변동치,선행지수순환변동치,99.6,2020=100
전국,,2013-07,선행지수순환변동치,선행지수순환변동치,99.7,2020=100
전국,,2013-08,선행지수순환변동치,선행지수순환변동치,99.8,2020=100
전국,,2013-09,선행지수순환변동치,선행지수순환변동치,99.7,2020=100
전국,,2013-10,선행지수순환변동치,선행지수순환변동치,99.7,2020=100
전국,,2013-11,선행지수순환변동치,선행지수순환변동치,99.8,2020=100
전국,,2013-12,선행지수순환변동치,선행지수순환변동치,99.9,2020=100
전국,,2014-01,선행지수순환변동치,선행지수순환변동치,99.8,2020=100
전국,,2014-02,선행지수순환변동치,선행지수순환변동치,99.8,2020=100
전국,,2014-03,선행지수순환변동치,선행지수순환변동치,99.7,2020=100
전국,,2014-04,선행지수순환변동치,선행지수순환변동치,99.6,2020=100
전국,,2014-05,선행지수순환변동치,선행지수순환변동치,99.5,2020=100
전국,,2014-06,선행지수순환변동치,선행지수순환변동치,99.5,2020=100
전국,,2014-07,선행지수순환변동치,선행지수순환변동치,99.4,2020=100
전국,,2014-08,선행지수순환변동치,선행지수순환변동치,99.5,2020=100
전국,,2014-09,선행지수순환변동치,선행지수순환변동치,99.6,2020=100
전국,,2014-10,선행지수순환변동치,선행지수순환변동치,99.7,2020=100
전국,,2014-11,선행지수순환변동치,선행지수순환변동치,99.7,2020=100
전국,,2014-12,선행지수순환변동치,선행지수순환변동치,99.8,2020=100
전국,,2015-01,선행지수순환변동치,선행지수순환변동치,100.1,2020=100
전국,,2015-02,선행지수순환변동치,선행지수순환변동치,100.2,2020=100
전국,,2015-03,선행지수순환변동치,선행지수순환변동치,100.4,2020=100
전국,,2015-04,선행지수순환변동치,선행지수순환변동치,100.5,2020=100
전국,,2015-05,선행지수순환변동치,선행지수순환변동치,100.6,2020=100
전국,,2015-06,선행지수순환변동치,선행지수순환변동치,100.5,2020=100
전국,,2015-07,선행지수순환변동치,선행지수순환변동치,100.3,2020=100
전국,,2015-08,선행지수순환변동치,선행지수순환변동치,100.2,2020=100
전국,,2015-09,선행지수순환변동치,선행지수순환변동치,100.4,2020=100
전국,,2015-10,선행지수순환변동치,선행지수순환변동치,100.4,2020=100
전국,,2015-11,선행지수순환변동치,선행지수순환변동치,100.2,2020=100
전국,,2015-12,선행지수순환변동치,선행지수순환변동치,99.8,2020=100
전국,,2016-01,선행지수순환변동치,선행지수순환변동치,99.5,2020=100
전국,,2016-02,선행지수순환변동치,선행지수순환변동치,99.1,2020=100
전국,,2016-03,선행지수순환변동치,선행지수순환변동치,99.2,2020=100
전국,,2016-04,선행지수순환변동치,선행지수순환변동치,99.3,2020=100
전국,,2016-05,선행지수순환변동치,선행지수순환변동치,99.3,2020=100
전국,,2016-06,선행지수순환변동치,선행지수순환변동치,99.3,2020=100
전국,,2016-07,선행지수순환변동치,선행지수순환변동치,99.4,2020=100
전국,,2016-08,선행지수순환변동치,선행지수순환변동치,99.5,2020=100
전국,,2016-09,선행지수순환변동치,선행지수순환변동치,99.7,2020=100
전국,,2016-10,선행지수순환변동치,선행지수순환변동치,99.9,2020=100
전국,,2016-11,선행지수순환변동치,선행지수순환변동치,100,2020=100
전국,,2016-12,선행지수순환변동치,선행지수순환변동치,100.2,2020=100
전국,,2017-01,선행지수순환변동치,선행지수순환변동치,100.5,2020=100
전국,,2017-02,선행지수순환변동치,선행지수순환변동치,100.7,2020=100
전국,,2017-03,선행지수순환변동치,선행지수순환변동치,100.9,2020=100
전국,,2017-04,선행지수순환변동치,선행지수순환변동치,101.1,2020=100
전국,,2017-05,선행지수순환변동치,선행지수순환변동치,101.3,2020=100
전국,,2017-06,선행지수순환변동치,선행지수순환변동치,101.5,2020=100
전국,,2017-07,선행지수순환변동치,선행지수순환변동치,101.6,2020=100
전국,,2017-08,선행지수순환변동치,선행지수순환변동치,101.8,2020=100
전국,,2017-09,선행지수순환변동치,선행지수순환변동치,101.7,2020=100
전국,,2017-10,선행지수순환변동치,선행지수순환변동치,101.7,2020=100
전국,,2017-11,선행지수순환변동치,선행지수순환변동치,101.6,2020=100
전국,,2017-12,선행지수순환변동치,선행지수순환변동치,101.4,2020=100
전국,,2018-01,선행지수순환변동치,선행지수순환변동치,101.4,2020=100
전국,,2018-02,선행지수순환변동치,선행지수순환변동치,101.4,2020=100
전국,,2018-03,선행지수순환변동치,선행지수순환변동치,101.4,2020=100
전국,,2018-04,선행지수순환변동치,선행지수순환변동치,101.1,2020=100
전국,,2018-05,선행지수순환변동치,선행지수순환변동치,101.1,2020=100
전국,,2018-06,선행지수순환변동치,선행지수순환변동치,101,2020=100
전국,,2018-07,선행지수순환변동치,선행지수순환변동치,100.9,2020=100
전국,,2018-08,선행지수순환변동치,선행지수순환변동치,100.5,2020=100
전국,,2018-09,선행지수순환변동치,선행지수순환변동치,100.3,2020=100
전국,,2018-10,선행지수순환변동치,선행지수순환변동치,100,2020=100
전국,,2018-11,선행지수순환변동치,선행지수순환변동치,99.7,2020=100
전국,,2018-12,선행지수순환변동치,선행지수순환변동치,99.4,2020=100
전국,,2019-01,선행지수순환변동치,선행지수순환변동치,99.3,2020=100
전국,,2019-02,선행지수순환변동치,선행지수순환변동치,99.1,2020=100
전국,,2019-03,선행지수순환변동치,선행지수순환변동치,99.2,2020=100
전국,,2019-04,선행지수순환변동치,선행지수순환변동치,99.2,2020=100
전국,,2019-05,선행지수순환변동치,선행지수순환변동치,99,2020=100
전국,,2019-06,선행지수순환변동치,선행지수순환변동치,98.7,2020=100
전국,,2019-07,선행지수순환변동치,선행지수순환변동치,98.4,2020=100
전국,,2019-08,선행지수순환변동치,선행지수순환변동치,98.3,2020=100
전국,,2019-09,선행지수순환변동치,선행지수순환변동치,98.4,2020=100
전국,,2019-10,선행지수순환변동치,선행지수순환변동치,98.7,2020=100
전국,,2019-11,선행지수순환변동치,선행지수순환변동치,98.9,2020=100
전국,,2019-12,선행지수순환변동치,선행지수순환변동치,99.2,2020=100
전국,,2020-01,선행지수순환변동치,선행지수순환변동치,99.3,2020=100
전국,,2020-02,선행지수순환변동치,선행지수순환변동치,99.3,2020=100
전국,,2020-03,선행지수순환변동치,선행지수순환변동치,98.8,2020=100
전국,,2020-04,선행지수순환변동치,선행지수순환변동치,98.4,2020=100
전국,,2020-05,선행지수순환변동치,선행지수순환변동치,98.1,2020=100
전국,,2020-06,선행지수순환변동치,선행지수순환변동치,98.3,2020=100
전국,,2020-07,선행지수순환변동치,선행지수순환변동치,98.5,2020=100
전국,,2020-08,선행지수순환변동치,선행지수순환변동치,99,2020=100
전국,,2020-09,선행지수순환변동치,선행지수순환변동치,99.3,2020=100
전국,,2020-10,선행지수순환변동치,선행지수순환변동치,99.6,2020=100
전국,,2020-11,선행지수순환변동치,선행지수순환변동치,99.9,2020=100
전국,,2020-12,선행지수순환변동치,선행지수순환변동치,100.2,2020=100
전국,,2021-01,선행지수순환변동치,선행지수순환변동치,100.6,2020=100
전국,,2021-02,선행지수순환변동치,선행지수순환변동치,100.9,2020=100
전국,,2021-03,선행지수순환변동치,선행지수순환변동치,101.3,2020=100
전국,,2021-04,선행지수순환변동치,선행지수순환변동치,101.7,2020=100
전국,,2021-05,선행지수순환변동치,선행지수순환변동치,102.1,2020=100
전국,,2021-06,선행지수순환변동치,선행지수순환변동치,102.4,2020=100
전국,,2021-07,선행지수순환변동치,선행지수순환변동치,102.2,2020=100
전국,,2021-08,선행지수순환변동치,선행지수순환변동치,102,2020=100
전국,,2021-09,선행지수순환변동치,선행지수순환변동치,101.6,2020=100
전국,,2021-10,선행지수순환변동치,선행지수순환변동치,101.2,2020=100
전국,,2021-11,선행지수순환변동치,선행지수순환변동치,100.9,2020=100
전국,,2021-12,선행지수순환변동치,선행지수순환변동치,100.7,2020=100
전국,,2022-01,선행지수순환변동치,선행지수순환변동치,100.9,2020=100
전국,,2022-02,선행지수순환변동치,선행지수순환변동치,100.7,2020=100
전국,,2022-03,선행지수순환변동치,선행지수순환변동치,100.5,2020=100
전국,,2022-04,선행지수순환변동치,선행지수순환변동치,100.3,2020=100
전국,,2022-05,선행지수순환변동치,선행지수순환변동치,100.5,2020=100
전국,,2022-06,선행지수순환변동치,선행지수순환변동치,100.6,2020=100
전국,,2022-07,선행지수순환변동치,선행지수순환변동치,100.3,2020=100
전국,,2022-08,선행지수순환변동치,선행지수순환변동치,100.1,2020=100
전국,,2022-09,선행지수순환변동치,선행지수순환변동치,100.1,2020=100
전국,,2022-10,선행지수순환변동치,선행지수순환변동치,100,2020=100
전국,,2022-11,선행지수순환변동치,선행지수순환변동치,99.7,2020=100
전국,,2022-12,선행지수순환변동치,선행지수순환변동치,99.1,2020=100
전국,,2023-01,선행지수순환변동치,선행지수순환변동치,98.9,2020=100
전국,,2023-02,선행지수순환변동치,선행지수순환변동치,98.5,2020=100
전국,,2023-03,선행지수순환변동치,선행지수순환변동치,98.4,2020=100
전국,,2023-04,선행지수순환변동치,선행지수순환변동치,98.1,2020=100
전국,,2023-05,선행지수순환변동치,선행지수순환변동치,98.3,2020=100
전국,,2023-06,선행지수순환변동치,선행지수순환변동치,98.6,2020=100
전국,,2023-07,선행지수순환변동치,선행지수순환변동치,98.9,2020=100
전국,,2023-08,선행지수순환변동치,선행지수순환변동치,98.8,2020=100
전국,,2023-09,선행지수순환변동치,선행지수순환변동치,98.8,2020=100
전국,,2023-10,선행지수순환변동치,선행지수순환변동치,99,2020=100
전국,,2023-11,선행지수순환변동치,선행지수순환변동치,99.1,2020=100
전국,,2023-12,선행지수순환변동치,선행지수순환변동치,99.3,2020=100
전국,,2024-01,선행지수순환변동치,선행지수순환변동치,99.3,2020=100
전국,,2024-02,선행지수순환변동치,선행지수순환변동치,99.4,2020=100
전국,,2024-03,선행지수순환변동치,선행지수순환변동치,99.4,2020=100
전국,,2024-04,선행지수순환변동치,선행지수순환변동치,99.6,2020=100
전국,,2024-05,선행지수순환변동치,선행지수순환변동치,99.6,2020=100
전국,,2024-06,선행지수순환변동치,선행지수순환변동치,99.7,2020=100
전국,,2024-07,선행지수순환변동치,선행지수순환변동치,99.5,2020=100
전국,,2024-08,선행지수순환변동치,선행지수순환변동치,99.4,2020=100
전국,,2024-09,선행지수순환변동치,선행지수순환변동치,99.3,2020=100
전국,,2024-10,선행지수순환변동치,선행지수순환변동치,99.2,2020=100
전국,,2024-11,선행지수순환변동치,선행지수순환변동치,99.2,2020=100
전국,,2024-12,선행지수순환변동치,선행지수순환변동치,98.9,2020=100
전국,,2025-01,선행지수순환변동치,선행지수순환변동치,98.5,2020=100
전국,,2025-02,선행지수순환변동치,선행지수순환변동치,98.5,2020=100
전국,,2025-03,선행지수순환변동치,선행지수순환변동치,98.7,2020=100
전국,,2025-04,선행지수순환변동치,선행지수순환변동치,98.8,2020=100
전국,,2025-05,선행지수순환변동치,선행지수순환변동치,98.9,2020=100
전국,,2025-06,선행지수순환변동치,선행지수순환변동치,99,2020=100
전국,,2025-07,선행지수순환변동치,선행지수순환변동치,99.4,2020=100
전국,,2025-08,선행지수순환변동치,선행지수순환변동치,99.8,2020=100
전국,,2025-09,선행지수순환변동치,선행지수순환변동치,99.7,2020=100
전국,,2025-10,선행지수순환변동치,선행지수순환변동치,99.6,2020=100
전국,,2025-11,선행지수순환변동치,선행지수순환변동치,99.8,2020=100
전국,,2025-12,선행지수순환변동치,선행지수순환변동치,100.2,2020=100
전국,,2026-01,선행지수순환변동치,선행지수순환변동치,100.7,2020=100
전국,,2026-02,선행지수순환변동치,선행지수순환변동치,101.2,2020=100
전국,,2026-03,선행지수순환변동치,선행지수순환변동치,101.8,2020=100
전국,,2026-04,선행지수순환변동치,선행지수순환변동치,102.3,2020=100
전국,,2026-05,선행지수순환변동치,선행지수순환변동치,102.9,2020=100
전국,,2026-06,선행지수순환변동치,선행지수순환변동치,103.8,2020=100
전국,,2026-07,선행지수순환변동치,선행지수순환변동치,104.2,2020=100
전국,,1990-01,소비자물가지수,총지수,36.982,2020=100
전국,,1990-02,소비자물가지수,총지수,37.213,2020=100
전국,,1990-03,소비자물가지수,총지수,37.598,2020=100
전국,,1990-04,소비자물가지수,총지수,38.022,2020=100
전국,,1990-05,소비자물가지수,총지수,38.445,2020=100
전국,,1990-06,소비자물가지수,총지수,38.636,2020=100
전국,,1990-07,소비자물가지수,총지수,38.752,2020=100
전국,,1990-08,소비자물가지수,총지수,38.907,2020=100
전국,,1990-09,소비자물가지수,총지수,39.138,2020=100
전국,,1990-10,소비자물가지수,총지수,39.253,2020=100
전국,,1990-11,소비자물가지수,총지수,39.292,2020=100
전국,,1990-12,소비자물가지수,총지수,39.521,2020=100
전국,,1991-01,소비자물가지수,총지수,40.368,2020=100
전국,,1991-02,소비자물가지수,총지수,40.907,2020=100
전국,,1991-03,소비자물가지수,총지수,41.408,2020=100
전국,,1991-04,소비자물가지수,총지수,41.6,2020=100
전국,,1991-05,소비자물가지수,총지수,41.715,2020=100
전국,,1991-06,소비자물가지수,총지수,41.984,2020=100
전국,,1991-07,소비자물가지수,총지수,42.254,2020=100
전국,,1991-08,소비자물가지수,총지수,42.6,2020=100
전국,,1991-09,소비자물가지수,총지수,42.832,2020=100
전국,,1991-10,소비자물가지수,총지수,42.909,2020=100
전국,,1991-11,소비자물가지수,총지수,43.1,2020=100
전국,,1991-12,소비자물가지수,총지수,43.177,2020=100
전국,,1992-01,소비자물가지수,총지수,43.486,2020=100
전국,,1992-02,소비자물가지수,총지수,43.755,2020=100
전국,,1992-03,소비자물가지수,총지수,44.217,2020=100
전국,,1992-04,소비자물가지수,총지수,44.486,2020=100
전국,,1992-05,소비자물가지수,총지수,44.756,2020=100
전국,,1992-06,소비자물가지수,총지수,44.834,2020=100
전국,,1992-07,소비자물가지수,총지수,45.025,2020=100
전국,,1992-08,소비자물가지수,총지수,45.102,2020=100
전국,,1992-09,소비자물가지수,총지수,45.256,2020=100
전국,,1992-10,소비자물가지수,총지수,45.217,2020=100
전국,,1992-11,소비자물가지수,총지수,44.986,2020=100
전국,,1992-12,소비자물가지수,총지수,45.102,2020=100
전국,,1993-01,소비자물가지수,총지수,45.448,2020=100
전국,,1993-02,소비자물가지수,총지수,45.756,2020=100
전국,,1993-03,소비자물가지수,총지수,46.333,2020=100
전국,,1993-04,소비자물가지수,총지수,46.603,2020=100
전국,,1993-05,소비자물가지수,총지수,46.757,2020=100
전국,,1993-06,소비자물가지수,총지수,46.988,2020=100
전국,,1993-07,소비자물가지수,총지수,46.95,2020=100
전국,,1993-08,소비자물가지수,총지수,47.104,2020=100
전국,,1993-09,소비자물가지수,총지수,47.334,2020=100
전국,,1993-10,소비자물가지수,총지수,47.526,2020=100
전국,,1993-11,소비자물가지수,총지수,47.449,2020=100
전국,,1993-12,소비자물가지수,총지수,47.718,2020=100
전국,,1994-01,소비자물가지수,총지수,48.335,2020=100
전국,,1994-02,소비자물가지수,총지수,48.873,2020=100
전국,,1994-03,소비자물가지수,총지수,49.296,2020=100
전국,,1994-04,소비자물가지수,총지수,49.373,2020=100
전국,,1994-05,소비자물가지수,총지수,49.412,2020=100
전국,,1994-06,소비자물가지수,총지수,49.758,2020=100
전국,,1994-07,소비자물가지수,총지수,50.182,2020=100
전국,,1994-08,소비자물가지수,총지수,50.567,2020=100
전국,,1994-09,소비자물가지수,총지수,50.412,2020=100
전국,,1994-10,소비자물가지수,총지수,50.259,2020=100
전국,,1994-11,소비자물가지수,총지수,50.336,2020=100
전국,,1994-12,소비자물가지수,총지수,50.375,2020=100
전국,,1995-01,소비자물가지수,총지수,50.847,2020=100
전국,,1995-02,소비자물가지수,총지수,51.055,2020=100
전국,,1995-03,소비자물가지수,총지수,51.574,2020=100
전국,,1995-04,소비자물가지수,총지수,51.886,2020=100
전국,,1995-05,소비자물가지수,총지수,51.99,2020=100
전국,,1995-06,소비자물가지수,총지수,51.835,2020=100
전국,,1995-07,소비자물가지수,총지수,51.99,2020=100
전국,,1995-08,소비자물가지수,총지수,52.302,2020=100
전국,,1995-09,소비자물가지수,총지수,52.77,2020=100
전국,,1995-10,소비자물가지수,총지수,52.511,2020=100
전국,,1995-11,소비자물가지수,총지수,52.406,2020=100
전국,,1995-12,소비자물가지수,총지수,52.77,2020=100
전국,,1996-01,소비자물가지수,총지수,53.289,2020=100
전국,,1996-02,소비자물가지수,총지수,53.499,2020=100
전국,,1996-03,소비자물가지수,총지수,53.862,2020=100
전국,,1996-04,소비자물가지수,총지수,54.226,2020=100
전국,,1996-05,소비자물가지수,총지수,54.538,2020=100
전국,,1996-06,소비자물가지수,총지수,54.538,2020=100
전국,,1996-07,소비자물가지수,총지수,54.798,2020=100
전국,,1996-08,소비자물가지수,총지수,55.057,2020=100
전국,,1996-09,소비자물가지수,총지수,55.162,2020=100
전국,,1996-10,소비자물가지수,총지수,55.162,2020=100
전국,,1996-11,소비자물가지수,총지수,55.162,2020=100
전국,,1996-12,소비자물가지수,총지수,55.369,2020=100
전국,,1997-01,소비자물가지수,총지수,55.786,2020=100
전국,,1997-02,소비자물가지수,총지수,56.097,2020=100
전국,,1997-03,소비자물가지수,총지수,56.305,2020=100
전국,,1997-04,소비자물가지수,총지수,56.565,2020=100
전국,,1997-05,소비자물가지수,총지수,56.617,2020=100
전국,,1997-06,소비자물가지수,총지수,56.721,2020=100
전국,,1997-07,소비자물가지수,총지수,56.825,2020=100
전국,,1997-08,소비자물가지수,총지수,57.24,2020=100
전국,,1997-09,소비자물가지수,총지수,57.502,2020=100
전국,,1997-10,소비자물가지수,총지수,57.502,2020=100
전국,,1997-11,소비자물가지수,총지수,57.553,2020=100
전국,,1997-12,소비자물가지수,총지수,59.009,2020=100
전국,,1998-01,소비자물가지수,총지수,60.413,2020=100
전국,,1998-02,소비자물가지수,총지수,61.453,2020=100
전국,,1998-03,소비자물가지수,총지수,61.349,2020=100
전국,,1998-04,소비자물가지수,총지수,61.557,2020=100
전국,,1998-05,소비자물가지수,총지수,61.245,2020=100
전국,,1998-06,소비자물가지수,총지수,60.985,2020=100
전국,,1998-07,소비자물가지수,총지수,60.985,2020=100
전국,,1998-08,소비자물가지수,총지수,61.192,2020=100
전국,,1998-09,소비자물가지수,총지수,61.453,2020=100
전국,,1998-10,소비자물가지수,총지수,61.66,2020=100
전국,,1998-11,소비자물가지수,총지수,61.453,2020=100
전국,,1998-12,소비자물가지수,총지수,61.349,2020=100
전국,,1999-01,소비자물가지수,총지수,61.297,2020=100
전국,,1999-02,소비자물가지수,총지수,61.557,2020=100
전국,,1999-03,소비자물가지수,총지수,61.66,2020=100
전국,,1999-04,소비자물가지수,총지수,61.816,2020=100
전국,,1999-05,소비자물가지수,총지수,61.712,2020=100
전국,,1999-06,소비자물가지수,총지수,61.349,2020=100
전국,,1999-07,소비자물가지수,총지수,61.14,2020=100
전국,,1999-08,소비자물가지수,총지수,61.765,2020=100
전국,,1999-09,소비자물가지수,총지수,61.921,2020=100
전국,,1999-10,소비자물가지수,총지수,62.389,2020=100
전국,,1999-11,소비자물가지수,총지수,62.284,2020=100
전국,,1999-12,소비자물가지수,총지수,62.18,2020=100
전국,,2000-01,소비자물가지수,총지수,62.456,2020=100
전국,,2000-02,소비자물가지수,총지수,62.647,2020=100
전국,,2000-03,소비자물가지수,총지수,62.962,2020=100
전국,,2000-04,소비자물가지수,총지수,62.709,2020=100
전국,,2000-05,소비자물가지수,총지수,62.393,2020=100
전국,,2000-06,소비자물가지수,총지수,62.709,2020=100
전국,,2000-07,소비자물가지수,총지수,62.962,2020=100
전국,,2000-08,소비자물가지수,총지수,63.277,2020=100
전국,,2000-09,소비자물가지수,총지수,64.098,2020=100
전국,,2000-10,소비자물가지수,총지수,64.035,2020=100
전국,,2000-11,소비자물가지수,총지수,63.656,2020=100
전국,,2000-12,소비자물가지수,총지수,63.908,2020=100
전국,,2001-01,소비자물가지수,총지수,64.604,2020=100
전국,,2001-02,소비자물가지수,총지수,64.919,2020=100
전국,,2001-03,소비자물가지수,총지수,65.488,2020=100
전국,,2001-04,소비자물가지수,총지수,65.74,2020=100
전국,,2001-05,소비자물가지수,총지수,65.677,2020=100
전국,,2001-06,소비자물가지수,총지수,65.866,2020=100
전국,,2001-07,소비자물가지수,총지수,65.992,2020=100
전국,,2001-08,소비자물가지수,총지수,66.245,2020=100
전국,,2001-09,소비자물가지수,총지수,66.182,2020=100
전국,,2001-10,소비자물가지수,총지수,66.182,2020=100
전국,,2001-11,소비자물가지수,총지수,65.804,2020=100
전국,,2001-12,소비자물가지수,총지수,65.93,2020=100
전국,,2002-01,소비자물가지수,총지수,66.308,2020=100
전국,,2002-02,소비자물가지수,총지수,66.624,2020=100
전국,,2002-03,소비자물가지수,총지수,67.003,2020=100
전국,,2002-04,소비자물가지수,총지수,67.382,2020=100
전국,,2002-05,소비자물가지수,총지수,67.634,2020=100
전국,,2002-06,소비자물가지수,총지수,67.571,2020=100
전국,,2002-07,소비자물가지수,총지수,67.382,2020=100
전국,,2002-08,소비자물가지수,총지수,67.824,2020=100
전국,,2002-09,소비자물가지수,총지수,68.204,2020=100
전국,,2002-10,소비자물가지수,총지수,68.013,2020=100
전국,,2002-11,소비자물가지수,총지수,68.077,2020=100
전국,,2002-12,소비자물가지수,총지수,68.391,2020=100
전국,,2003-01,소비자물가지수,총지수,68.835,2020=100
전국,,2003-02,소비자물가지수,총지수,69.213,2020=100
전국,,2003-03,소비자물가지수,총지수,70.034,2020=100
전국,,2003-04,소비자물가지수,총지수,69.908,2020=100
전국,,2003-05,소비자물가지수,총지수,69.782,2020=100
전국,,2003-06,소비자물가지수,총지수,69.592,2020=100
전국,,2003-07,소비자물가지수,총지수,69.53,2020=100
전국,,2003-08,소비자물가지수,총지수,69.845,2020=100
전국,,2003-09,소비자물가지수,총지수,70.477,2020=100
전국,,2003-10,소비자물가지수,총지수,70.539,2020=100
전국,,2003-11,소비자물가지수,총지수,70.413,2020=100
전국,,2003-12,소비자물가지수,총지수,70.73,2020=100
전국,,2004-01,소비자물가지수,총지수,71.172,2020=100
전국,,2004-02,소비자물가지수,총지수,71.487,2020=100
전국,,2004-03,소비자물가지수,총지수,72.181,2020=100
전국,,2004-04,소비자물가지수,총지수,72.181,2020=100
전국,,2004-05,소비자물가지수,총지수,72.119,2020=100
전국,,2004-06,소비자물가지수,총지수,72.119,2020=100
전국,,2004-07,소비자물가지수,총지수,72.561,2020=100
전국,,2004-08,소비자물가지수,총지수,73.191,2020=100
전국,,2004-09,소비자물가지수,총지수,73.191,2020=100
전국,,2004-10,소비자물가지수,총지수,73.191,2020=100
전국,,2004-11,소비자물가지수,총지수,72.75,2020=100
전국,,2004-12,소비자물가지수,총지수,72.877,2020=100
전국,,2005-01,소비자물가지수,총지수,73.594,2020=100
전국,,2005-02,소비자물가지수,총지수,73.892,2020=100
전국,,2005-03,소비자물가지수,총지수,74.338,2020=100
전국,,2005-04,소비자물가지수,총지수,74.413,2020=100
전국,,2005-05,소비자물가지수,총지수,74.338,2020=100
전국,,2005-06,소비자물가지수,총지수,74.114,2020=100
전국,,2005-07,소비자물가지수,총지수,74.413,2020=100
전국,,2005-08,소비자물가지수,총지수,74.636,2020=100
전국,,2005-09,소비자물가지수,총지수,75.008,2020=100
전국,,2005-10,소비자물가지수,총지수,74.859,2020=100
전국,,2005-11,소비자물가지수,총지수,74.561,2020=100
전국,,2005-12,소비자물가지수,총지수,74.785,2020=100
전국,,2006-01,소비자물가지수,총지수,75.231,2020=100
전국,,2006-02,소비자물가지수,총지수,75.381,2020=100
전국,,2006-03,소비자물가지수,총지수,75.827,2020=100
전국,,2006-04,소비자물가지수,총지수,75.902,2020=100
전국,,2006-05,소비자물가지수,총지수,76.05,2020=100
전국,,2006-06,소비자물가지수,총지수,75.902,2020=100
전국,,2006-07,소비자물가지수,총지수,76.199,2020=100
전국,,2006-08,소비자물가지수,총지수,76.645,2020=100
전국,,2006-09,소비자물가지수,총지수,76.868,2020=100
전국,,2006-10,소비자물가지수,총지수,76.496,2020=100
전국,,2006-11,소비자물가지수,총지수,76.125,2020=100
전국,,2006-12,소비자물가지수,총지수,76.348,2020=100
전국,,2007-01,소비자물가지수,총지수,76.496,2020=100
전국,,2007-02,소비자물가지수,총지수,77.017,2020=100
전국,,2007-03,소비자물가지수,총지수,77.464,2020=100
전국,,2007-04,소비자물가지수,총지수,77.761,2020=100
전국,,2007-05,소비자물가지수,총지수,77.836,2020=100
전국,,2007-06,소비자물가지수,총지수,77.836,2020=100
전국,,2007-07,소비자물가지수,총지수,78.134,2020=100
전국,,2007-08,소비자물가지수,총지수,78.208,2020=100
전국,,2007-09,소비자물가지수,총지수,78.655,2020=100
전국,,2007-10,소비자물가지수,총지수,78.803,2020=100
전국,,2007-11,소비자물가지수,총지수,78.803,2020=100
전국,,2007-12,소비자물가지수,총지수,79.101,2020=100
전국,,2008-01,소비자물가지수,총지수,79.472,2020=100
전국,,2008-02,소비자물가지수,총지수,79.771,2020=100
전국,,2008-03,소비자물가지수,총지수,80.515,2020=100
전국,,2008-04,소비자물가지수,총지수,80.962,2020=100
전국,,2008-05,소비자물가지수,총지수,81.63,2020=100
전국,,2008-06,소비자물가지수,총지수,82.151,2020=100
전국,,2008-07,소비자물가지수,총지수,82.747,2020=100
전국,,2008-08,소비자물가지수,총지수,82.598,2020=100
전국,,2008-09,소비자물가지수,총지수,82.673,2020=100
전국,,2008-10,소비자물가지수,총지수,82.598,2020=100
전국,,2008-11,소비자물가지수,총지수,82.375,2020=100
전국,,2008-12,소비자물가지수,총지수,82.375,2020=100
전국,,2009-01,소비자물가지수,총지수,82.45,2020=100
전국,,2009-02,소비자물가지수,총지수,83.045,2020=100
전국,,2009-03,소비자물가지수,총지수,83.64,2020=100
전국,,2009-04,소비자물가지수,총지수,83.862,2020=100
전국,,2009-05,소비자물가지수,총지수,83.862,2020=100
전국,,2009-06,소비자물가지수,총지수,83.788,2020=100
전국,,2009-07,소비자물가지수,총지수,84.086,2020=100
전국,,2009-08,소비자물가지수,총지수,84.384,2020=100
전국,,2009-09,소비자물가지수,총지수,84.459,2020=100
전국,,2009-10,소비자물가지수,총지수,84.235,2020=100
전국,,2009-11,소비자물가지수,총지수,84.384,2020=100
전국,,2009-12,소비자물가지수,총지수,84.682,2020=100
전국,,2010-01,소비자물가지수,총지수,85.351,2020=100
전국,,2010-02,소비자물가지수,총지수,85.523,2020=100
전국,,2010-03,소비자물가지수,총지수,85.696,2020=100
전국,,2010-04,소비자물가지수,총지수,86.041,2020=100
전국,,2010-05,소비자물가지수,총지수,86.128,2020=100
전국,,2010-06,소비자물가지수,총지수,86.041,2020=100
전국,,2010-07,소비자물가지수,총지수,86.214,2020=100
전국,,2010-08,소비자물가지수,총지수,86.647,2020=100
전국,,2010-09,소비자물가지수,총지수,87.337,2020=100
전국,,2010-10,소비자물가지수,총지수,87.337,2020=100
전국,,2010-11,소비자물가지수,총지수,86.906,2020=100
전국,,2010-12,소비자물가지수,총지수,87.251,2020=100
전국,,2011-01,소비자물가지수,총지수,88.288,2020=100
전국,,2011-02,소비자물가지수,총지수,88.892,2020=100
전국,,2011-03,소비자물가지수,총지수,89.238,2020=100
전국,,2011-04,소비자물가지수,총지수,89.325,2020=100
전국,,2011-05,소비자물가지수,총지수,89.497,2020=100
전국,,2011-06,소비자물가지수,총지수,89.67,2020=100
전국,,2011-07,소비자물가지수,총지수,90.102,2020=100
전국,,2011-08,소비자물가지수,총지수,90.707,2020=100
전국,,2011-09,소비자물가지수,총지수,90.62,2020=100
전국,,2011-10,소비자물가지수,총지수,90.448,2020=100
전국,,2011-11,소비자물가지수,총지수,90.534,2020=100
전국,,2011-12,소비자물가지수,총지수,90.879,2020=100
전국,,2012-01,소비자물가지수,총지수,91.242,2020=100
전국,,2012-02,소비자물가지수,총지수,91.588,2020=100
전국,,2012-03,소비자물가지수,총지수,91.614,2020=100
전국,,2012-04,소비자물가지수,총지수,91.605,2020=100
전국,,2012-05,소비자물가지수,총지수,91.769,2020=100
전국,,2012-06,소비자물가지수,총지수,91.639,2020=100
전국,,2012-07,소비자물가지수,총지수,91.432,2020=100
전국,,2012-08,소비자물가지수,총지수,91.855,2020=100
전국,,2012-09,소비자물가지수,총지수,92.512,2020=100
전국,,2012-10,소비자물가지수,총지수,92.339,2020=100
전국,,2012-11,소비자물가지수,총지수,92.011,2020=100
전국,,2012-12,소비자물가지수,총지수,92.175,2020=100
전국,,2013-01,소비자물가지수,총지수,92.728,2020=100
전국,,2013-02,소비자물가지수,총지수,93.038,2020=100
전국,,2013-03,소비자물가지수,총지수,92.952,2020=100
전국,,2013-04,소비자물가지수,총지수,92.823,2020=100
전국,,2013-05,소비자물가지수,총지수,92.823,2020=100
전국,,2013-06,소비자물가지수,총지수,92.71,2020=100
전국,,2013-07,소비자물가지수,총지수,92.909,2020=100
전국,,2013-08,소비자물가지수,총지수,93.238,2020=100
전국,,2013-09,소비자물가지수,총지수,93.419,2020=100
전국,,2013-10,소비자물가지수,총지수,93.134,2020=100
전국,,2013-11,소비자물가지수,총지수,93.116,2020=100
전국,,2013-12,소비자물가지수,총지수,93.229,2020=100
전국,,2014-01,소비자물가지수,총지수,93.73,2020=100
전국,,2014-02,소비자물가지수,총지수,93.98,2020=100
전국,,2014-03,소비자물가지수,총지수,94.153,2020=100
전국,,2014-04,소비자물가지수,총지수,94.214,2020=100
전국,,2014-05,소비자물가지수,총지수,94.369,2020=100
전국,,2014-06,소비자물가지수,총지수,94.248,2020=100
전국,,2014-07,소비자물가지수,총지수,94.386,2020=100
전국,,2014-08,소비자물가지수,총지수,94.551,2020=100
전국,,2014-09,소비자물가지수,총지수,94.49,2020=100
전국,,2014-10,소비자물가지수,총지수,94.205,2020=100
전국,,2014-11,소비자물가지수,총지수,94.015,2020=100
전국,,2014-12,소비자물가지수,총지수,94.006,2020=100
전국,,2015-01,소비자물가지수,총지수,94.643,2020=100
전국,,2015-02,소비자물가지수,총지수,94.587,2020=100
전국,,2015-03,소비자물가지수,총지수,94.596,2020=100
전국,,2015-04,소비자물가지수,총지수,94.625,2020=100
전국,,2015-05,소비자물가지수,총지수,94.89,2020=100
전국,,2015-06,소비자물가지수,총지수,94.909,2020=100
전국,,2015-07,소비자물가지수,총지수,95.08,2020=100
전국,,2015-08,소비자물가지수,총지수,95.213,2020=100
전국,,2015-09,소비자물가지수,총지수,94.966,2020=100
전국,,2015-10,소비자물가지수,총지수,94.966,2020=100
전국,,2015-11,소비자물가지수,총지수,94.786,2020=100
전국,,2015-12,소비자물가지수,총지수,95.07,2020=100
전국,,2016-01,소비자물가지수,총지수,95.232,2020=100
전국,,2016-02,소비자물가지수,총지수,95.64,2020=100
전국,,2016-03,소비자물가지수,총지수,95.393,2020=100
전국,,2016-04,소비자물가지수,총지수,95.573,2020=100
전국,,2016-05,소비자물가지수,총지수,95.63,2020=100
전국,,2016-06,소비자물가지수,총지수,95.611,2020=100
전국,,2016-07,소비자물가지수,총지수,95.431,2020=100
전국,,2016-08,소비자물가지수,총지수,95.677,2020=100
전국,,2016-09,소비자물가지수,총지수,96.247,2020=100
전국,,2016-10,소비자물가지수,총지수,96.379,2020=100
전국,,2016-11,소비자물가지수,총지수,96.237,2020=100
전국,,2016-12,소비자물가지수,총지수,96.342,2020=100
전국,,2017-01,소비자물가지수,총지수,97.366,2020=100
전국,,2017-02,소비자물가지수,총지수,97.632,2020=100
전국,,2017-03,소비자물가지수,총지수,97.565,2020=100
전국,,2017-04,소비자물가지수,총지수,97.442,2020=100
전국,,2017-05,소비자물가지수,총지수,97.546,2020=100
전국,,2017-06,소비자물가지수,총지수,97.338,2020=100
전국,,2017-07,소비자물가지수,총지수,97.499,2020=100
전국,,2017-08,소비자물가지수,총지수,98.058,2020=100
전국,,2017-09,소비자물가지수,총지수,98.172,2020=100
전국,,2017-10,소비자물가지수,총지수,98.077,2020=100
전국,,2017-11,소비자물가지수,총지수,97.347,2020=100
전국,,2017-12,소비자물가지수,총지수,97.698,2020=100
전국,,2018-01,소비자물가지수,총지수,98.106,2020=100
전국,,2018-02,소비자물가지수,총지수,98.855,2020=100
전국,,2018-03,소비자물가지수,총지수,98.751,2020=100
전국,,2018-04,소비자물가지수,총지수,98.931,2020=100
전국,,2018-05,소비자물가지수,총지수,98.979,2020=100
전국,,2018-06,소비자물가지수,총지수,98.779,2020=100
전국,,2018-07,소비자물가지수,총지수,98.59,2020=100
전국,,2018-08,소비자물가지수,총지수,99.462,2020=100
전국,,2018-09,소비자물가지수,총지수,100.221,2020=100
전국,,2018-10,소비자물가지수,총지수,100.041,2020=100
전국,,2018-11,소비자물가지수,총지수,99.33,2020=100
전국,,2018-12,소비자물가지수,총지수,98.988,2020=100
전국,,2019-01,소비자물가지수,총지수,98.884,2020=100
전국,,2019-02,소비자물가지수,총지수,99.311,2020=100
전국,,2019-03,소비자물가지수,총지수,99.121,2020=100
전국,,2019-04,소비자물가지수,총지수,99.481,2020=100
전국,,2019-05,소비자물가지수,총지수,99.652,2020=100
전국,,2019-06,소비자물가지수,총지수,99.491,2020=100
전국,,2019-07,소비자물가지수,총지수,99.187,2020=100
전국,,2019-08,소비자물가지수,총지수,99.425,2020=100
전국,,2019-09,소비자물가지수,총지수,99.794,2020=100
전국,,2019-10,소비자물가지수,총지수,100.041,2020=100
전국,,2019-11,소비자물가지수,총지수,99.481,2020=100
전국,,2019-12,소비자물가지수,총지수,99.719,2020=100
전국,,2020-01,소비자물가지수,총지수,100.09,2020=100
전국,,2020-02,소비자물가지수,총지수,100.16,2020=100
전국,,2020-03,소비자물가지수,총지수,99.94,2020=100
전국,,2020-04,소비자물가지수,총지수,99.5,2020=100
전국,,2020-05,소비자물가지수,총지수,99.44,2020=100
전국,,2020-06,소비자물가지수,총지수,99.71,2020=100
전국,,2020-07,소비자물가지수,총지수,99.63,2020=100
전국,,2020-08,소비자물가지수,총지수,100.19,2020=100
전국,,2020-09,소비자물가지수,총지수,100.74,2020=100
전국,,2020-10,소비자물가지수,총지수,100.18,2020=100
전국,,2020-11,소비자물가지수,총지수,100.09,2020=100
전국,,2020-12,소비자물가지수,총지수,100.33,2020=100
전국,,2021-01,소비자물가지수,총지수,101.04,2020=100
전국,,2021-02,소비자물가지수,총지수,101.58,2020=100
전국,,2021-03,소비자물가지수,총지수,101.84,2020=100
전국,,2021-04,소비자물가지수,총지수,101.98,2020=100
전국,,2021-05,소비자물가지수,총지수,102.05,2020=100
전국,,2021-06,소비자물가지수,총지수,102.05,2020=100
전국,,2021-07,소비자물가지수,총지수,102.26,2020=100
전국,,2021-08,소비자물가지수,총지수,102.75,2020=100
전국,,2021-09,소비자물가지수,총지수,103.17,2020=100
전국,,2021-10,소비자물가지수,총지수,103.35,2020=100
전국,,2021-11,소비자물가지수,총지수,103.87,2020=100
전국,,2021-12,소비자물가지수,총지수,104.04,2020=100
전국,,2022-01,소비자물가지수,총지수,104.85,2020=100
전국,,2022-02,소비자물가지수,총지수,105.42,2020=100
전국,,2022-03,소비자물가지수,총지수,106.1,2020=100
전국,,2022-04,소비자물가지수,총지수,106.83,2020=100
전국,,2022-05,소비자물가지수,총지수,107.5,2020=100
전국,,2022-06,소비자물가지수,총지수,108.21,2020=100
전국,,2022-07,소비자물가지수,총지수,108.73,2020=100
전국,,2022-08,소비자물가지수,총지수,108.63,2020=100
전국,,2022-09,소비자물가지수,총지수,108.82,2020=100
전국,,2022-10,소비자물가지수,총지수,109.16,2020=100
전국,,2022-11,소비자물가지수,총지수,109.07,2020=100
전국,,2022-12,소비자물가지수,총지수,109.26,2020=100
전국,,2023-01,소비자물가지수,총지수,110.07,2020=100
전국,,2023-02,소비자물가지수,총지수,110.33,2020=100
전국,,2023-03,소비자물가지수,총지수,110.52,2020=100
전국,,2023-04,소비자물가지수,총지수,110.77,2020=100
전국,,2023-05,소비자물가지수,총지수,111.13,2020=100
전국,,2023-06,소비자물가지수,총지수,111.16,2020=100
전국,,2023-07,소비자물가지수,총지수,111.29,2020=100
전국,,2023-08,소비자물가지수,총지수,112.28,2020=100
전국,,2023-09,소비자물가지수,총지수,112.85,2020=100
전국,,2023-10,소비자물가지수,총지수,113.27,2020=100
전국,,2023-11,소비자물가지수,총지수,112.68,2020=100
전국,,2023-12,소비자물가지수,총지수,112.73,2020=100
전국,,2024-01,소비자물가지수,총지수,113.17,2020=100
전국,,2024-02,소비자물가지수,총지수,113.78,2020=100
전국,,2024-03,소비자물가지수,총지수,113.95,2020=100
전국,,2024-04,소비자물가지수,총지수,114.01,2020=100
전국,,2024-05,소비자물가지수,총지수,114.1,2020=100
전국,,2024-06,소비자물가지수,총지수,113.84,2020=100
전국,,2024-07,소비자물가지수,총지수,114.13,2020=100
전국,,2024-08,소비자물가지수,총지수,114.54,2020=100
전국,,2024-09,소비자물가지수,총지수,114.65,2020=100
전국,,2024-10,소비자물가지수,총지수,114.69,2020=100
전국,,2024-11,소비자물가지수,총지수,114.4,2020=100
전국,,2024-12,소비자물가지수,총지수,114.91,2020=100
전국,,2025-01,소비자물가지수,총지수,115.71,2020=100
전국,,2025-02,소비자물가지수,총지수,116.08,2020=100
전국,,2025-03,소비자물가지수,총지수,116.29,2020=100
전국,,2025-04,소비자물가지수,총지수,116.38,2020=100
전국,,2025-05,소비자물가지수,총지수,116.27,2020=100
전국,,2025-06,소비자물가지수,총지수,116.31,2020=100
전국,,2025-07,소비자물가지수,총지수,116.52,2020=100
전국,,2025-08,소비자물가지수,총지수,116.45,2020=100
전국,,2025-09,소비자물가지수,총지수,117.06,2020=100
전국,,2025-10,소비자물가지수,총지수,117.42,2020=100
전국,,2025-11,소비자물가지수,총지수,117.2,2020=100
전국,,2025-12,소비자물가지수,총지수,117.57,2020=100
전국,,2026-01,소비자물가지수,총지수,118.03,2020=100
전국,,2026-02,소비자물가지수,총지수,118.4,2020=100
전국,,2026-03,소비자물가지수,총지수,118.8,2020=100
전국,,2026-04,소비자물가지수,총지수,119.37,2020=100
전국,,2026-05,소비자물가지수,총지수,119.92,2020=100
전국,,2026-06,소비자물가지수,총지수,119.99,2020=100
전국,,2026-07,소비자물가지수,총지수,119.77,2020=100
전국,,2026-08,소비자물가지수,총지수,120.05,2020=100
전국,,2000-01,수출금액,수출금액,12162425,천불
전국,,2000-02,수출금액,수출금액,12676042,천불
전국,,2000-03,수출금액,수출금액,14429703,천불
전국,,2000-04,수출금액,수출금액,13522040,천불
전국,,2000-05,수출금액,수출금액,14636755,천불
전국,,2000-06,수출금액,수출금액,15250940,천불
전국,,2000-07,수출금액,수출금액,14455656,천불
전국,,2000-08,수출금액,수출금액,14786880,천불
전국,,2000-09,수출금액,수출금액,15133379,천불
전국,,2000-10,수출금액,수출금액,15248068,천불
전국,,2000-11,수출금액,수출금액,14989068,천불
전국,,2000-12,수출금액,수출금액,14976555,천불
전국,,2001-01,수출금액,수출금액,12644929,천불
전국,,2001-02,수출금액,수출금액,13354074,천불
전국,,2001-03,수출금액,수출금액,14124891,천불
전국,,2001-04,수출금액,수출금액,12121110,천불
전국,,2001-05,수출금액,수출금액,13306959,천불
전국,,2001-06,수출금액,수출금액,12931941,천불
전국,,2001-07,수출금액,수출금액,11392257,천불
전국,,2001-08,수출금액,수출금액,11766192,천불
전국,,2001-09,수출금액,수출금액,12447324,천불
전국,,2001-10,수출금액,수출금액,12086028,천불
전국,,2001-11,수출금액,수출금액,12348967,천불
전국,,2001-12,수출금액,수출금액,11914472,천불
전국,,2002-01,수출금액,수출금액,11381879,천불
전국,,2002-02,수출금액,수출금액,11023037,천불
전국,,2002-03,수출금액,수출금액,13251323,천불
전국,,2002-04,수출금액,수출금액,13184534,천불
전국,,2002-05,수출금액,수출금액,14173177,천불
전국,,2002-06,수출금액,수출금액,12894088,천불
전국,,2002-07,수출금액,수출금액,13395179,천불
전국,,2002-08,수출금액,수출금액,13959110,천불
전국,,2002-09,수출금액,수출금액,13900763,천불
전국,,2002-10,수출금액,수출금액,15084659,천불
전국,,2002-11,수출금액,수출금액,15196561,천불
전국,,2002-12,수출금액,수출금액,15026217,천불
전국,,2003-01,수출금액,수출금액,14319931,천불
전국,,2003-02,수출금액,수출금액,13337145,천불
전국,,2003-03,수출금액,수출금액,15378850,천불
전국,,2003-04,수출금액,수출금액,15720592,천불
전국,,2003-05,수출금액,수출금액,14676092,천불
전국,,2003-06,수출금액,수출금액,15656327,천불
전국,,2003-07,수출금액,수출금액,15431714,천불
전국,,2003-08,수출금액,수출금액,15375268,천불
전국,,2003-09,수출금액,수출금액,17021082,천불
전국,,2003-10,수출금액,수출금액,18929665,천불
전국,,2003-11,수출금액,수출금액,18242088,천불
전국,,2003-12,수출금액,수출금액,19728688,천불
전국,,2004-01,수출금액,수출금액,18987120,천불
전국,,2004-02,수출금액,수출금액,19136968,천불
전국,,2004-03,수출금액,수출금액,21174855,천불
전국,,2004-04,수출금액,수출금액,21483357,천불
전국,,2004-05,수출금액,수출금액,20834259,천불
전국,,2004-06,수출금액,수출금액,21657111,천불
전국,,2004-07,수출금액,수출금액,21003794,천불
전국,,2004-08,수출금액,수출금액,19798969,천불
전국,,2004-09,수출금액,수출금액,20831133,천불
전국,,2004-10,수출금액,수출금액,22663289,천불
전국,,2004-11,수출금액,수출금액,23076612,천불
전국,,2004-12,수출금액,수출금액,23197206,천불
전국,,2005-01,수출금액,수출금액,22454025,천불
전국,,2005-02,수출금액,수출금액,20401096,천불
전국,,2005-03,수출금액,수출금액,23952500,천불
전국,,2005-04,수출금액,수출금액,22872505,천불
전국,,2005-05,수출금액,수출금액,23122703,천불
전국,,2005-06,수출금액,수출금액,23707576,천불
전국,,2005-07,수출금액,수출금액,23235522,천불
전국,,2005-08,수출금액,수출금액,23342967,천불
전국,,2005-09,수출금액,수출금액,24519191,천불
전국,,2005-10,수출금액,수출금액,25352748,천불
전국,,2005-11,수출금액,수출금액,25826192,천불
전국,,2005-12,수출금액,수출금액,25631716,천불
전국,,2006-01,수출금액,수출금액,23257866,천불
전국,,2006-02,수출금액,수출금액,23786956,천불
전국,,2006-03,수출금액,수출금액,26840145,천불
전국,,2006-04,수출금액,수출금액,25590123,천불
전국,,2006-05,수출금액,수출금액,27934507,천불
전국,,2006-06,수출금액,수출금액,27948805,천불
전국,,2006-07,수출금액,수출금액,25774350,천불
전국,,2006-08,수출금액,수출금액,27287195,천불
전국,,2006-09,수출금액,수출금액,29651247,천불
전국,,2006-10,수출금액,수출금액,28015959,천불
전국,,2006-11,수출금액,수출금액,30602313,천불
전국,,2006-12,수출금액,수출금액,28775383,천불
전국,,2007-01,수출금액,수출금액,28092561,천불
전국,,2007-02,수출금액,수출금액,26225125,천불
전국,,2007-03,수출금액,수출금액,30385840,천불
전국,,2007-04,수출금액,수출금액,29944456,천불
전국,,2007-05,수출금액,수출금액,31039901,천불
전국,,2007-06,수출금액,수출금액,32000109,천불
전국,,2007-07,수출금액,수출금액,30207444,천불
전국,,2007-08,수출금액,수출금액,30998134,천불
전국,,2007-09,수출금액,수출금액,29323535,천불
전국,,2007-10,수출금액,수출금액,34433813,천불
전국,,2007-11,수출금액,수출금액,35807893,천불
전국,,2007-12,수출금액,수출금액,33030276,천불
전국,,2008-01,수출금액,수출금액,32274575,천불
전국,,2008-02,수출금액,수출금액,31178190,천불
전국,,2008-03,수출금액,수출금액,35991776,천불
전국,,2008-04,수출금액,수출금액,37850247,천불
전국,,2008-05,수출금액,수출금액,39383158,천불
전국,,2008-06,수출금액,수출금액,37258608,천불
전국,,2008-07,수출금액,수출금액,40961223,천불
전국,,2008-08,수출금액,수출금액,36610603,천불
전국,,2008-09,수출금액,수출금액,37428303,천불
전국,,2008-10,수출금액,수출금액,37111140,천불
전국,,2008-11,수출금액,수출금액,28841617,천불
전국,,2008-12,수출금액,수출금액,27117889,천불
전국,,2009-01,수출금액,수출금액,21133405,천불
전국,,2009-02,수출금액,수출금액,25397150,천불
전국,,2009-03,수출금액,수출금액,27890831,천불
전국,,2009-04,수출금액,수출금액,30326509,천불
전국,,2009-05,수출금액,수출금액,27823839,천불
전국,,2009-06,수출금액,수출금액,32210048,천불
전국,,2009-07,수출금액,수출금액,31908462,천불
전국,,2009-08,수출금액,수출금액,28949627,천불
전국,,2009-09,수출금액,수출금액,33922429,천불
전국,,2009-10,수출금액,수출금액,33970032,천불
전국,,2009-11,수출금액,수출금액,33991607,천불
전국,,2009-12,수출금액,수출금액,36009623,천불
전국,,2010-01,수출금액,수출금액,30735415,천불
전국,,2010-02,수출금액,수출금액,33039402,천불
전국,,2010-03,수출금액,수출금액,37308940,천불
전국,,2010-04,수출금액,수출금액,39301014,천불
전국,,2010-05,수출금액,수출금액,38887930,천불
전국,,2010-06,수출금액,수출금액,42049045,천불
전국,,2010-07,수출금액,수출금액,40423611,천불
전국,,2010-08,수출금액,수출금액,36480955,천불
전국,,2010-09,수출금액,수출금액,39410882,천불
전국,,2010-10,수출금액,수출금액,43340335,천불
전국,,2010-11,수출금액,수출금액,41260912,천불
전국,,2010-12,수출금액,수출금액,44145320,천불
전국,,2011-01,수출금액,수출금액,44465366,천불
전국,,2011-02,수출금액,수출금액,38467412,천불
전국,,2011-03,수출금액,수출금액,48052991,천불
전국,,2011-04,수출금액,수출금액,48536725,천불
전국,,2011-05,수출금액,수출금액,47331329,천불
전국,,2011-06,수출금액,수출금액,46736893,천불
전국,,2011-07,수출금액,수출금액,48950113,천불
전국,,2011-08,수출금액,수출금액,45792061,천불
전국,,2011-09,수출금액,수출금액,46510965,천불
전국,,2011-10,수출금액,수출금액,46613480,천불
전국,,2011-11,수출금액,수출금액,46012595,천불
전국,,2011-12,수출금액,수출금액,47743725,천불
전국,,2012-01,수출금액,수출금액,41200358,천불
전국,,2012-02,수출금액,수출금액,46316184,천불
전국,,2012-03,수출금액,수출금액,47329817,천불
전국,,2012-04,수출금액,수출금액,46094754,천불
전국,,2012-05,수출금액,수출금액,46872357,천불
전국,,2012-06,수출금액,수출금액,47162605,천불
전국,,2012-07,수출금액,수출금액,44667681,천불
전국,,2012-08,수출금액,수출금액,43045181,천불
전국,,2012-09,수출금액,수출금액,45412538,천불
전국,,2012-10,수출금액,수출금액,47087760,천불
전국,,2012-11,수출금액,수출금액,47805246,천불
전국,,2012-12,수출금액,수출금액,44875311,천불
전국,,2013-01,수출금액,수출금액,45673109,천불
전국,,2013-02,수출금액,수출금액,42331837,천불
전국,,2013-03,수출금액,수출금액,47312704,천불
전국,,2013-04,수출금액,수출금액,46157925,천불
전국,,2013-05,수출금액,수출금액,48307560,천불
전국,,2013-06,수출금액,수출금액,46690983,천불
전국,,2013-07,수출금액,수출금액,45829521,천불
전국,,2013-08,수출금액,수출금액,46311341,천불
전국,,2013-09,수출금액,수출금액,44650486,천불
전국,,2013-10,수출금액,수출금액,50480484,천불
전국,,2013-11,수출금액,수출금액,47905028,천불
전국,,2013-12,수출금액,수출금액,47981456,천불
전국,,2014-01,수출금액,수출금액,45559632,천불
전국,,2014-02,수출금액,수출금액,42911735,천불
전국,,2014-03,수출금액,수출금액,49064392,천불
전국,,2014-04,수출금액,수출금액,50267448,천불
전국,,2014-05,수출금액,수출금액,47577183,천불
전국,,2014-06,수출금액,수출금액,47827709,천불
전국,,2014-07,수출금액,수출금액,48204545,천불
전국,,2014-08,수출금액,수출금액,46108370,천불
전국,,2014-09,수출금액,수출금액,47446217,천불
전국,,2014-10,수출금액,수출금액,51630657,천불
전국,,2014-11,수출금액,수출금액,46605342,천불
전국,,2014-12,수출금액,수출금액,49461377,천불
전국,,2015-01,수출금액,수출금액,45105389,천불
전국,,2015-02,수출금액,수출금액,41472191,천불
전국,,2015-03,수출금액,수출금액,46822771,천불
전국,,2015-04,수출금액,수출금액,46221931,천불
전국,,2015-05,수출금액,수출금액,42327311,천불
전국,,2015-06,수출금액,수출금액,46554512,천불
전국,,2015-07,수출금액,수출금액,45695747,천불
전국,,2015-08,수출금액,수출금액,39107399,천불
전국,,2015-09,수출금액,수출금액,43432312,천불
전국,,2015-10,수출금액,수출금액,43352046,천불
전국,,2015-11,수출금액,수출금액,44285052,천불
전국,,2015-12,수출금액,수출금액,42379843,천불
전국,,2016-01,수출금액,수출금액,36260420,천불
전국,,2016-02,수출금액,수출금액,35924541,천불
전국,,2016-03,수출금액,수출금액,43002468,천불
전국,,2016-04,수출금액,수출금액,41081553,천불
전국,,2016-05,수출금액,수출금액,39733794,천불
전국,,2016-06,수출금액,수출금액,45209071,천불
전국,,2016-07,수출금액,수출금액,40881700,천불
전국,,2016-08,수출금액,수출금액,40124791,천불
전국,,2016-09,수출금액,수출금액,40846252,천불
전국,,2016-10,수출금액,수출금액,41983329,천불
전국,,2016-11,수출금액,수출금액,45309141,천불
전국,,2016-12,수출금액,수출금액,45068880,천불
전국,,2017-01,수출금액,수출금액,40257000,천불
전국,,2017-02,수출금액,수출금액,43166536,천불
전국,,2017-03,수출금액,수출금액,48637832,천불
전국,,2017-04,수출금액,수출금액,50843799,천불
전국,,2017-05,수출금액,수출금액,44926979,천불
전국,,2017-06,수출금액,수출금액,51272452,천불
전국,,2017-07,수출금액,수출금액,48830440,천불
전국,,2017-08,수출금액,수출금액,47105569,천불
전국,,2017-09,수출금액,수출금액,55115240,천불
전국,,2017-10,수출금액,수출금액,44791239,천불
전국,,2017-11,수출금액,수출금액,49707197,천불
전국,,2017-12,수출금액,수출금액,49040139,천불
전국,,2018-01,수출금액,수출금액,49221291,천불
전국,,2018-02,수출금액,수출금액,44523530,천불
전국,,2018-03,수출금액,수출금액,51309932,천불
전국,,2018-04,수출금액,수출금액,49850235,천불
전국,,2018-05,수출금액,수출금액,50687750,천불
전국,,2018-06,수출금액,수출금액,51079375,천불
전국,,2018-07,수출금액,수출금액,51810255,천불
전국,,2018-08,수출금액,수출금액,51180449,천불
전국,,2018-09,수출금액,수출금액,50650208,천불
전국,,2018-10,수출금액,수출금액,54860310,천불
전국,,2018-11,수출금액,수출금액,51479530,천불
전국,,2018-12,수출금액,수출금액,48206793,천불
전국,,2019-01,수출금액,수출금액,46168934,천불
전국,,2019-02,수출금액,수출금액,39481803,천불
전국,,2019-03,수출금액,수출금액,47003206,천불
전국,,2019-04,수출금액,수출금액,48781156,천불
전국,,2019-05,수출금액,수출금액,45703948,천불
전국,,2019-06,수출금액,수출금액,44008404,천불
전국,,2019-07,수출금액,수출금액,46078221,천불
전국,,2019-08,수출금액,수출금액,44020065,천불
전국,,2019-09,수출금액,수출금액,44629053,천불
전국,,2019-10,수출금액,수출금액,46648756,천불
전국,,2019-11,수출금액,수출금액,44040722,천불
전국,,2019-12,수출금액,수출금액,45668341,천불
전국,,2020-01,수출금액,수출금액,43103061,천불
전국,,2020-02,수출금액,수출금액,40911819,천불
전국,,2020-03,수출금액,수출금액,46167204,천불
전국,,2020-04,수출금액,수출금액,36270183,천불
전국,,2020-05,수출금액,수출금액,34854511,천불
전국,,2020-06,수출금액,수출금액,39214071,천불
전국,,2020-07,수출금액,수출금액,42785144,천불
전국,,2020-08,수출금액,수출금액,39469231,천불
전국,,2020-09,수출금액,수출금액,47819948,천불
전국,,2020-10,수출금액,수출금액,44818534,천불
전국,,2020-11,수출금액,수출금액,45751883,천불
전국,,2020-12,수출금액,수출금액,51332449,천불
전국,,2021-01,수출금액,수출금액,48006974,천불
전국,,2021-02,수출금액,수출금액,44706907,천불
전국,,2021-03,수출금액,수출금액,53690914,천불
전국,,2021-04,수출금액,수출금액,51225991,천불
전국,,2021-05,수출금액,수출금액,50725161,천불
전국,,2021-06,수출금액,수출금액,54778905,천불
전국,,2021-07,수출금액,수출금액,55461518,천불
전국,,2021-08,수출금액,수출금액,53165104,천불
전국,,2021-09,수출금액,수출금액,55913862,천불
전국,,2021-10,수출금액,수출금액,55660373,천불
전국,,2021-11,수출금액,수출금액,60330542,천불
전국,,2021-12,수출금액,수출금액,60734117,천불
전국,,2022-01,수출금액,수출금액,55455376,천불
전국,,2022-02,수출금액,수출금액,54155835,천불
전국,,2022-03,수출금액,수출금액,63786835,천불
전국,,2022-04,수출금액,수출금액,57842816,천불
전국,,2022-05,수출금액,수출금액,61591326,천불
전국,,2022-06,수출금액,수출금액,57679934,천불
전국,,2022-07,수출금액,수출금액,60241774,천불
전국,,2022-08,수출금액,수출금액,56605950,천불
전국,,2022-09,수출금액,수출금액,57176300,천불
전국,,2022-10,수출금액,수출금액,52428092,천불
전국,,2022-11,수출금액,수출금액,51771855,천불
전국,,2022-12,수출금액,수출금액,54848666,천불
전국,,2023-01,수출금액,수출금액,46339145,천불
전국,,2023-02,수출금액,수출금액,49994593,천불
전국,,2023-03,수출금액,수출금액,54882484,천불
전국,,2023-04,수출금액,수출금액,49430879,천불
전국,,2023-05,수출금액,수출금액,52054195,천불
전국,,2023-06,수출금액,수출금액,54297754,천불
전국,,2023-07,수출금액,수출금액,50457776,천불
전국,,2023-08,수출금액,수출금액,51994074,천불
전국,,2023-09,수출금액,수출금액,54650691,천불
전국,,2023-10,수출금액,수출금액,54989950,천불
전국,,2023-11,수출금액,수출금액,55561090,천불
전국,,2023-12,수출금액,수출금액,57573193,천불
전국,,2024-01,수출금액,수출금액,54709823,천불
전국,,2024-02,수출금액,수출금액,52076390,천불
전국,,2024-03,수출금액,수출금액,56518309,천불
전국,,2024-04,수출금액,수출금액,56148299,천불
전국,,2024-05,수출금액,수출금액,58020557,천불
전국,,2024-06,수출금액,수출금액,57341634,천불
전국,,2024-07,수출금액,수출금액,57458788,천불
전국,,2024-08,수출금액,수출금액,57642924,천불
전국,,2024-09,수출금액,수출금액,58544693,천불
전국,,2024-10,수출금액,수출금액,57500192,천불
전국,,2024-11,수출금액,수출금액,56288629,천불
전국,,2024-12,수출금액,수출금액,61359250,천불
전국,,2025-01,수출금액,수출금액,49176984,천불
전국,,2025-02,수출금액,수출금액,52292301,천불
전국,,2025-03,수출금액,수출금액,58064562,천불
전국,,2025-04,수출금액,수출금액,58035745,천불
전국,,2025-05,수출금액,수출금액,57261063,천불
전국,,2025-06,수출금액,수출금액,59833797,천불
전국,,2025-07,수출금액,수출금액,60724322,천불
전국,,2025-08,수출금액,수출금액,58259332,천불
전국,,2025-09,수출금액,수출금액,65904118,천불
전국,,2025-10,수출금액,수출금액,59511578,천불
전국,,2025-11,수출금액,수출금액,60752618,천불
전국,,2025-12,수출금액,수출금액,69513624,천불
전국,,2026-01,수출금액,수출금액,65843937,천불
전국,,2026-02,수출금액,수출금액,67642547,천불
전국,,2026-03,수출금액,수출금액,87333128,천불
전국,,2026-04,수출금액,수출금액,85751883,천불
전국,,2026-05,수출금액,수출금액,87576083,천불
전국,,2026-06,수출금액,수출금액,101956159,천불
전국,,2026-07,수출금액,수출금액,98959099,천불
전국,,1991-03,시장금리_CD91일,CD(91일),17.6,연%
전국,,1991-04,시장금리_CD91일,CD(91일),18.65,연%
전국,,1991-05,시장금리_CD91일,CD(91일),19.01,연%
전국,,1991-06,시장금리_CD91일,CD(91일),19.02,연%
전국,,1991-07,시장금리_CD91일,CD(91일),18.3,연%
전국,,1991-08,시장금리_CD91일,CD(91일),18.54,연%
전국,,1991-09,시장금리_CD91일,CD(91일),19.01,연%
전국,,1991-10,시장금리_CD91일,CD(91일),18.89,연%
전국,,1991-11,시장금리_CD91일,CD(91일),18.01,연%
전국,,1991-12,시장금리_CD91일,CD(91일),18.38,연%
전국,,1992-01,시장금리_CD91일,CD(91일),17.19,연%
전국,,1992-02,시장금리_CD91일,CD(91일),16.42,연%
전국,,1992-03,시장금리_CD91일,CD(91일),16.9,연%
전국,,1992-04,시장금리_CD91일,CD(91일),17.28,연%
전국,,1992-05,시장금리_CD91일,CD(91일),17.54,연%
전국,,1992-06,시장금리_CD91일,CD(91일),17.31,연%
전국,,1992-07,시장금리_CD91일,CD(91일),16.73,연%
전국,,1992-08,시장금리_CD91일,CD(91일),17.16,연%
전국,,1992-09,시장금리_CD91일,CD(91일),17.21,연%
전국,,1992-10,시장금리_CD91일,CD(91일),14.25,연%
전국,,1992-11,시장금리_CD91일,CD(91일),13.77,연%
전국,,1992-12,시장금리_CD91일,CD(91일),15.19,연%
전국,,1993-01,시장금리_CD91일,CD(91일),13.86,연%
전국,,1993-02,시장금리_CD91일,CD(91일),12.51,연%
전국,,1993-03,시장금리_CD91일,CD(91일),11.74,연%
전국,,1993-04,시장금리_CD91일,CD(91일),11.46,연%
전국,,1993-05,시장금리_CD91일,CD(91일),11.53,연%
전국,,1993-06,시장금리_CD91일,CD(91일),12.55,연%
전국,,1993-07,시장금리_CD91일,CD(91일),13.25,연%
전국,,1993-08,시장금리_CD91일,CD(91일),14.87,연%
전국,,1993-09,시장금리_CD91일,CD(91일),14.71,연%
전국,,1993-10,시장금리_CD91일,CD(91일),13.89,연%
전국,,1993-11,시장금리_CD91일,CD(91일),12.9,연%
전국,,1993-12,시장금리_CD91일,CD(91일),12.27,연%
전국,,1994-01,시장금리_CD91일,CD(91일),11.68,연%
전국,,1994-02,시장금리_CD91일,CD(91일),11.6,연%
전국,,1994-03,시장금리_CD91일,CD(91일),12.72,연%
전국,,1994-04,시장금리_CD91일,CD(91일),12.47,연%
전국,,1994-05,시장금리_CD91일,CD(91일),12.38,연%
전국,,1994-06,시장금리_CD91일,CD(91일),12.49,연%
전국,,1994-07,시장금리_CD91일,CD(91일),12.83,연%
전국,,1994-08,시장금리_CD91일,CD(91일),15,연%
전국,,1994-09,시장금리_CD91일,CD(91일),15.04,연%
전국,,1994-10,시장금리_CD91일,CD(91일),14.39,연%
전국,,1994-11,시장금리_CD91일,CD(91일),14,연%
전국,,1994-12,시장금리_CD91일,CD(91일),14.85,연%
전국,,1995-01,시장금리_CD91일,CD(91일),15.72,연%
전국,,1995-02,시장금리_CD91일,CD(91일),16.65,연%
전국,,1995-03,시장금리_CD91일,CD(91일),15.33,연%
전국,,1995-04,시장금리_CD91일,CD(91일),14.56,연%
전국,,1995-05,시장금리_CD91일,CD(91일),14.87,연%
전국,,1995-06,시장금리_CD91일,CD(91일),14.73,연%
전국,,1995-07,시장금리_CD91일,CD(91일),14.24,연%
전국,,1995-08,시장금리_CD91일,CD(91일),13.45,연%
전국,,1995-09,시장금리_CD91일,CD(91일),13.1,연%
전국,,1995-10,시장금리_CD91일,CD(91일),12.32,연%
전국,,1995-11,시장금리_CD91일,CD(91일),11.95,연%
전국,,1995-12,시장금리_CD91일,CD(91일),11.73,연%
전국,,1996-01,시장금리_CD91일,CD(91일),11.65,연%
전국,,1996-02,시장금리_CD91일,CD(91일),11.67,연%
전국,,1996-03,시장금리_CD91일,CD(91일),11.55,연%
전국,,1996-04,시장금리_CD91일,CD(91일),10.46,연%
전국,,1996-05,시장금리_CD91일,CD(91일),10.87,연%
전국,,1996-06,시장금리_CD91일,CD(91일),12.18,연%
전국,,1996-07,시장금리_CD91일,CD(91일),12.84,연%
전국,,1996-08,시장금리_CD91일,CD(91일),14.79,연%
전국,,1996-09,시장금리_CD91일,CD(91일),14.3,연%
전국,,1996-10,시장금리_CD91일,CD(91일),14.11,연%
전국,,1996-11,시장금리_CD91일,CD(91일),13.66,연%
전국,,1996-12,시장금리_CD91일,CD(91일),13.53,연%
전국,,1997-01,시장금리_CD91일,CD(91일),12.66,연%
전국,,1997-02,시장금리_CD91일,CD(91일),12.28,연%
전국,,1997-03,시장금리_CD91일,CD(91일),13.23,연%
전국,,1997-04,시장금리_CD91일,CD(91일),13.11,연%
전국,,1997-05,시장금리_CD91일,CD(91일),12.75,연%
전국,,1997-06,시장금리_CD91일,CD(91일),11.79,연%
전국,,1997-07,시장금리_CD91일,CD(91일),11.91,연%
전국,,1997-08,시장금리_CD91일,CD(91일),12.65,연%
전국,,1997-09,시장금리_CD91일,CD(91일),13.39,연%
전국,,1997-10,시장금리_CD91일,CD(91일),13.79,연%
전국,,1997-11,시장금리_CD91일,CD(91일),14.47,연%
전국,,1997-12,시장금리_CD91일,CD(91일),18.55,연%
전국,,1998-01,시장금리_CD91일,CD(91일),23.1,연%
전국,,1998-02,시장금리_CD91일,CD(91일),22.46,연%
전국,,1998-03,시장금리_CD91일,CD(91일),22.61,연%
전국,,1998-04,시장금리_CD91일,CD(91일),20.26,연%
전국,,1998-05,시장금리_CD91일,CD(91일),18.28,연%
전국,,1998-06,시장금리_CD91일,CD(91일),16.93,연%
전국,,1998-07,시장금리_CD91일,CD(91일),13.95,연%
전국,,1998-08,시장금리_CD91일,CD(91일),11.19,연%
전국,,1998-09,시장금리_CD91일,CD(91일),10.38,연%
전국,,1998-10,시장금리_CD91일,CD(91일),8.08,연%
전국,,1998-11,시장금리_CD91일,CD(91일),7.7,연%
전국,,1998-12,시장금리_CD91일,CD(91일),7.7,연%
전국,,1999-01,시장금리_CD91일,CD(91일),7,연%
전국,,1999-02,시장금리_CD91일,CD(91일),6.7,연%
전국,,1999-03,시장금리_CD91일,CD(91일),6.56,연%
전국,,1999-04,시장금리_CD91일,CD(91일),6.16,연%
전국,,1999-05,시장금리_CD91일,CD(91일),6.17,연%
전국,,1999-06,시장금리_CD91일,CD(91일),6.28,연%
전국,,1999-07,시장금리_CD91일,CD(91일),6.75,연%
전국,,1999-08,시장금리_CD91일,CD(91일),7.19,연%
전국,,1999-09,시장금리_CD91일,CD(91일),7.54,연%
전국,,1999-10,시장금리_CD91일,CD(91일),7.29,연%
전국,,1999-11,시장금리_CD91일,CD(91일),6.91,연%
전국,,1999-12,시장금리_CD91일,CD(91일),7.16,연%
전국,,2000-01,시장금리_CD91일,CD(91일),7.28,연%
전국,,2000-02,시장금리_CD91일,CD(91일),7.13,연%
전국,,2000-03,시장금리_CD91일,CD(91일),7,연%
전국,,2000-04,시장금리_CD91일,CD(91일),7.06,연%
전국,,2000-05,시장금리_CD91일,CD(91일),7.14,연%
전국,,2000-06,시장금리_CD91일,CD(91일),7.17,연%
전국,,2000-07,시장금리_CD91일,CD(91일),7.15,연%
전국,,2000-08,시장금리_CD91일,CD(91일),7.04,연%
전국,,2000-09,시장금리_CD91일,CD(91일),7.05,연%
전국,,2000-10,시장금리_CD91일,CD(91일),7.04,연%
전국,,2000-11,시장금리_CD91일,CD(91일),6.99,연%
전국,,2000-12,시장금리_CD91일,CD(91일),6.89,연%
전국,,2001-01,시장금리_CD91일,CD(91일),6.43,연%
전국,,2001-02,시장금리_CD91일,CD(91일),5.73,연%
전국,,2001-03,시장금리_CD91일,CD(91일),5.68,연%
전국,,2001-04,시장금리_CD91일,CD(91일),5.84,연%
전국,,2001-05,시장금리_CD91일,CD(91일),5.85,연%
전국,,2001-06,시장금리_CD91일,CD(91일),5.65,연%
전국,,2001-07,시장금리_CD91일,CD(91일),5.32,연%
전국,,2001-08,시장금리_CD91일,CD(91일),4.92,연%
전국,,2001-09,시장금리_CD91일,CD(91일),4.66,연%
전국,,2001-10,시장금리_CD91일,CD(91일),4.36,연%
전국,,2001-11,시장금리_CD91일,CD(91일),4.53,연%
전국,,2001-12,시장금리_CD91일,CD(91일),4.84,연%
전국,,2002-01,시장금리_CD91일,CD(91일),4.79,연%
전국,,2002-02,시장금리_CD91일,CD(91일),4.54,연%
전국,,2002-03,시장금리_CD91일,CD(91일),4.64,연%
전국,,2002-04,시장금리_CD91일,CD(91일),4.79,연%
전국,,2002-05,시장금리_CD91일,CD(91일),4.81,연%
전국,,2002-06,시장금리_CD91일,CD(91일),4.85,연%
전국,,2002-07,시장금리_CD91일,CD(91일),4.91,연%
전국,,2002-08,시장금리_CD91일,CD(91일),4.8,연%
전국,,2002-09,시장금리_CD91일,CD(91일),4.81,연%
전국,,2002-10,시장금리_CD91일,CD(91일),4.91,연%
전국,,2002-11,시장금리_CD91일,CD(91일),4.91,연%
전국,,2002-12,시장금리_CD91일,CD(91일),4.9,연%
전국,,2003-01,시장금리_CD91일,CD(91일),4.7,연%
전국,,2003-02,시장금리_CD91일,CD(91일),4.54,연%
전국,,2003-03,시장금리_CD91일,CD(91일),4.76,연%
전국,,2003-04,시장금리_CD91일,CD(91일),4.62,연%
전국,,2003-05,시장금리_CD91일,CD(91일),4.39,연%
전국,,2003-06,시장금리_CD91일,CD(91일),4.28,연%
전국,,2003-07,시장금리_CD91일,CD(91일),4.15,연%
전국,,2003-08,시장금리_CD91일,CD(91일),3.9,연%
전국,,2003-09,시장금리_CD91일,CD(91일),3.83,연%
전국,,2003-10,시장금리_CD91일,CD(91일),3.93,연%
전국,,2003-11,시장금리_CD91일,CD(91일),4.23,연%
전국,,2003-12,시장금리_CD91일,CD(91일),4.34,연%
전국,,2004-01,시장금리_CD91일,CD(91일),4.26,연%
전국,,2004-02,시장금리_CD91일,CD(91일),4.08,연%
전국,,2004-03,시장금리_CD91일,CD(91일),3.93,연%
전국,,2004-04,시장금리_CD91일,CD(91일),3.91,연%
전국,,2004-05,시장금리_CD91일,CD(91일),3.9,연%
전국,,2004-06,시장금리_CD91일,CD(91일),3.91,연%
전국,,2004-07,시장금리_CD91일,CD(91일),3.91,연%
전국,,2004-08,시장금리_CD91일,CD(91일),3.7,연%
전국,,2004-09,시장금리_CD91일,CD(91일),3.52,연%
전국,,2004-10,시장금리_CD91일,CD(91일),3.52,연%
전국,,2004-11,시장금리_CD91일,CD(91일),3.42,연%
전국,,2004-12,시장금리_CD91일,CD(91일),3.39,연%
전국,,2005-01,시장금리_CD91일,CD(91일),3.47,연%
전국,,2005-02,시장금리_CD91일,CD(91일),3.59,연%
전국,,2005-03,시장금리_CD91일,CD(91일),3.55,연%
전국,,2005-04,시장금리_CD91일,CD(91일),3.52,연%
전국,,2005-05,시장금리_CD91일,CD(91일),3.51,연%
전국,,2005-06,시장금리_CD91일,CD(91일),3.51,연%
전국,,2005-07,시장금리_CD91일,CD(91일),3.51,연%
전국,,2005-08,시장금리_CD91일,CD(91일),3.5,연%
전국,,2005-09,시장금리_CD91일,CD(91일),3.7,연%
전국,,2005-10,시장금리_CD91일,CD(91일),3.93,연%
전국,,2005-11,시장금리_CD91일,CD(91일),3.96,연%
전국,,2005-12,시장금리_CD91일,CD(91일),4.04,연%
전국,,2006-01,시장금리_CD91일,CD(91일),4.15,연%
전국,,2006-02,시장금리_CD91일,CD(91일),4.25,연%
전국,,2006-03,시장금리_CD91일,CD(91일),4.27,연%
전국,,2006-04,시장금리_CD91일,CD(91일),4.33,연%
전국,,2006-05,시장금리_CD91일,CD(91일),4.36,연%
전국,,2006-06,시장금리_CD91일,CD(91일),4.47,연%
전국,,2006-07,시장금리_CD91일,CD(91일),4.63,연%
전국,,2006-08,시장금리_CD91일,CD(91일),4.68,연%
전국,,2006-09,시장금리_CD91일,CD(91일),4.64,연%
전국,,2006-10,시장금리_CD91일,CD(91일),4.57,연%
전국,,2006-11,시장금리_CD91일,CD(91일),4.6,연%
전국,,2006-12,시장금리_CD91일,CD(91일),4.76,연%
전국,,2007-01,시장금리_CD91일,CD(91일),4.92,연%
전국,,2007-02,시장금리_CD91일,CD(91일),4.95,연%
전국,,2007-03,시장금리_CD91일,CD(91일),4.94,연%
전국,,2007-04,시장금리_CD91일,CD(91일),4.95,연%
전국,,2007-05,시장금리_CD91일,CD(91일),5.04,연%
전국,,2007-06,시장금리_CD91일,CD(91일),5.03,연%
전국,,2007-07,시장금리_CD91일,CD(91일),5.05,연%
전국,,2007-08,시장금리_CD91일,CD(91일),5.21,연%
전국,,2007-09,시장금리_CD91일,CD(91일),5.34,연%
전국,,2007-10,시장금리_CD91일,CD(91일),5.34,연%
전국,,2007-11,시장금리_CD91일,CD(91일),5.43,연%
전국,,2007-12,시장금리_CD91일,CD(91일),5.73,연%
전국,,2008-01,시장금리_CD91일,CD(91일),5.81,연%
전국,,2008-02,시장금리_CD91일,CD(91일),5.28,연%
전국,,2008-03,시장금리_CD91일,CD(91일),5.25,연%
전국,,2008-04,시장금리_CD91일,CD(91일),5.38,연%
전국,,2008-05,시장금리_CD91일,CD(91일),5.36,연%
전국,,2008-06,시장금리_CD91일,CD(91일),5.36,연%
전국,,2008-07,시장금리_CD91일,CD(91일),5.52,연%
전국,,2008-08,시장금리_CD91일,CD(91일),5.77,연%
전국,,2008-09,시장금리_CD91일,CD(91일),5.79,연%
전국,,2008-10,시장금리_CD91일,CD(91일),6.03,연%
전국,,2008-11,시장금리_CD91일,CD(91일),5.62,연%
전국,,2008-12,시장금리_CD91일,CD(91일),4.68,연%
전국,,2009-01,시장금리_CD91일,CD(91일),3.22,연%
전국,,2009-02,시장금리_CD91일,CD(91일),2.7,연%
전국,,2009-03,시장금리_CD91일,CD(91일),2.45,연%
전국,,2009-04,시장금리_CD91일,CD(91일),2.42,연%
전국,,2009-05,시장금리_CD91일,CD(91일),2.41,연%
전국,,2009-06,시장금리_CD91일,CD(91일),2.41,연%
전국,,2009-07,시장금리_CD91일,CD(91일),2.41,연%
전국,,2009-08,시장금리_CD91일,CD(91일),2.48,연%
전국,,2009-09,시장금리_CD91일,CD(91일),2.64,연%
전국,,2009-10,시장금리_CD91일,CD(91일),2.79,연%
전국,,2009-11,시장금리_CD91일,CD(91일),2.79,연%
전국,,2009-12,시장금리_CD91일,CD(91일),2.82,연%
전국,,2010-01,시장금리_CD91일,CD(91일),2.88,연%
전국,,2010-02,시장금리_CD91일,CD(91일),2.88,연%
전국,,2010-03,시장금리_CD91일,CD(91일),2.83,연%
전국,,2010-04,시장금리_CD91일,CD(91일),2.51,연%
전국,,2010-05,시장금리_CD91일,CD(91일),2.45,연%
전국,,2010-06,시장금리_CD91일,CD(91일),2.45,연%
전국,,2010-07,시장금리_CD91일,CD(91일),2.58,연%
전국,,2010-08,시장금리_CD91일,CD(91일),2.63,연%
전국,,2010-09,시장금리_CD91일,CD(91일),2.66,연%
전국,,2010-10,시장금리_CD91일,CD(91일),2.66,연%
전국,,2010-11,시장금리_CD91일,CD(91일),2.73,연%
전국,,2010-12,시장금리_CD91일,CD(91일),2.8,연%
전국,,2011-01,시장금리_CD91일,CD(91일),2.93,연%
전국,,2011-02,시장금리_CD91일,CD(91일),3.13,연%
전국,,2011-03,시장금리_CD91일,CD(91일),3.35,연%
전국,,2011-04,시장금리_CD91일,CD(91일),3.4,연%
전국,,2011-05,시장금리_CD91일,CD(91일),3.46,연%
전국,,2011-06,시장금리_CD91일,CD(91일),3.53,연%
전국,,2011-07,시장금리_CD91일,CD(91일),3.59,연%
전국,,2011-08,시장금리_CD91일,CD(91일),3.59,연%
전국,,2011-09,시장금리_CD91일,CD(91일),3.58,연%
전국,,2011-10,시장금리_CD91일,CD(91일),3.58,연%
전국,,2011-11,시장금리_CD91일,CD(91일),3.56,연%
전국,,2011-12,시장금리_CD91일,CD(91일),3.55,연%
전국,,2012-01,시장금리_CD91일,CD(91일),3.55,연%
전국,,2012-02,시장금리_CD91일,CD(91일),3.53,연%
전국,,2012-03,시장금리_CD91일,CD(91일),3.54,연%
전국,,2012-04,시장금리_CD91일,CD(91일),3.54,연%
전국,,2012-05,시장금리_CD91일,CD(91일),3.54,연%
전국,,2012-06,시장금리_CD91일,CD(91일),3.54,연%
전국,,2012-07,시장금리_CD91일,CD(91일),3.34,연%
전국,,2012-08,시장금리_CD91일,CD(91일),3.19,연%
전국,,2012-09,시장금리_CD91일,CD(91일),3.14,연%
전국,,2012-10,시장금리_CD91일,CD(91일),2.93,연%
전국,,2012-11,시장금리_CD91일,CD(91일),2.85,연%
전국,,2012-12,시장금리_CD91일,CD(91일),2.88,연%
전국,,2013-01,시장금리_CD91일,CD(91일),2.86,연%
전국,,2013-02,시장금리_CD91일,CD(91일),2.83,연%
전국,,2013-03,시장금리_CD91일,CD(91일),2.81,연%
전국,,2013-04,시장금리_CD91일,CD(91일),2.8,연%
전국,,2013-05,시장금리_CD91일,CD(91일),2.72,연%
전국,,2013-06,시장금리_CD91일,CD(91일),2.69,연%
전국,,2013-07,시장금리_CD91일,CD(91일),2.68,연%
전국,,2013-08,시장금리_CD91일,CD(91일),2.66,연%
전국,,2013-09,시장금리_CD91일,CD(91일),2.66,연%
전국,,2013-10,시장금리_CD91일,CD(91일),2.66,연%
전국,,2013-11,시장금리_CD91일,CD(91일),2.65,연%
전국,,2013-12,시장금리_CD91일,CD(91일),2.65,연%
전국,,2014-01,시장금리_CD91일,CD(91일),2.65,연%
전국,,2014-02,시장금리_CD91일,CD(91일),2.65,연%
전국,,2014-03,시장금리_CD91일,CD(91일),2.65,연%
전국,,2014-04,시장금리_CD91일,CD(91일),2.65,연%
전국,,2014-05,시장금리_CD91일,CD(91일),2.65,연%
전국,,2014-06,시장금리_CD91일,CD(91일),2.65,연%
전국,,2014-07,시장금리_CD91일,CD(91일),2.65,연%
전국,,2014-08,시장금리_CD91일,CD(91일),2.52,연%
전국,,2014-09,시장금리_CD91일,CD(91일),2.35,연%
전국,,2014-10,시장금리_CD91일,CD(91일),2.21,연%
전국,,2014-11,시장금리_CD91일,CD(91일),2.14,연%
전국,,2014-12,시장금리_CD91일,CD(91일),2.13,연%
전국,,2015-01,시장금리_CD91일,CD(91일),2.13,연%
전국,,2015-02,시장금리_CD91일,CD(91일),2.12,연%
전국,,2015-03,시장금리_CD91일,CD(91일),1.95,연%
전국,,2015-04,시장금리_CD91일,CD(91일),1.81,연%
전국,,2015-05,시장금리_CD91일,CD(91일),1.8,연%
전국,,2015-06,시장금리_CD91일,CD(91일),1.7,연%
전국,,2015-07,시장금리_CD91일,CD(91일),1.65,연%
전국,,2015-08,시장금리_CD91일,CD(91일),1.64,연%
전국,,2015-09,시장금리_CD91일,CD(91일),1.6,연%
전국,,2015-10,시장금리_CD91일,CD(91일),1.58,연%
전국,,2015-11,시장금리_CD91일,CD(91일),1.59,연%
전국,,2015-12,시장금리_CD91일,CD(91일),1.67,연%
전국,,2016-01,시장금리_CD91일,CD(91일),1.67,연%
전국,,2016-02,시장금리_CD91일,CD(91일),1.64,연%
전국,,2016-03,시장금리_CD91일,CD(91일),1.63,연%
전국,,2016-04,시장금리_CD91일,CD(91일),1.61,연%
전국,,2016-05,시장금리_CD91일,CD(91일),1.58,연%
전국,,2016-06,시장금리_CD91일,CD(91일),1.43,연%
전국,,2016-07,시장금리_CD91일,CD(91일),1.36,연%
전국,,2016-08,시장금리_CD91일,CD(91일),1.35,연%
전국,,2016-09,시장금리_CD91일,CD(91일),1.34,연%
전국,,2016-10,시장금리_CD91일,CD(91일),1.35,연%
전국,,2016-11,시장금리_CD91일,CD(91일),1.42,연%
전국,,2016-12,시장금리_CD91일,CD(91일),1.54,연%
전국,,2017-01,시장금리_CD91일,CD(91일),1.5,연%
전국,,2017-02,시장금리_CD91일,CD(91일),1.49,연%
전국,,2017-03,시장금리_CD91일,CD(91일),1.48,연%
전국,,2017-04,시장금리_CD91일,CD(91일),1.43,연%
전국,,2017-05,시장금리_CD91일,CD(91일),1.39,연%
전국,,2017-06,시장금리_CD91일,CD(91일),1.38,연%
전국,,2017-07,시장금리_CD91일,CD(91일),1.39,연%
전국,,2017-08,시장금리_CD91일,CD(91일),1.39,연%
전국,,2017-09,시장금리_CD91일,CD(91일),1.38,연%
전국,,2017-10,시장금리_CD91일,CD(91일),1.38,연%
전국,,2017-11,시장금리_CD91일,CD(91일),1.45,연%
전국,,2017-12,시장금리_CD91일,CD(91일),1.66,연%
전국,,2018-01,시장금리_CD91일,CD(91일),1.66,연%
전국,,2018-02,시장금리_CD91일,CD(91일),1.65,연%
전국,,2018-03,시장금리_CD91일,CD(91일),1.65,연%
전국,,2018-04,시장금리_CD91일,CD(91일),1.65,연%
전국,,2018-05,시장금리_CD91일,CD(91일),1.65,연%
전국,,2018-06,시장금리_CD91일,CD(91일),1.65,연%
전국,,2018-07,시장금리_CD91일,CD(91일),1.65,연%
전국,,2018-08,시장금리_CD91일,CD(91일),1.65,연%
전국,,2018-09,시장금리_CD91일,CD(91일),1.65,연%
전국,,2018-10,시장금리_CD91일,CD(91일),1.68,연%
전국,,2018-11,시장금리_CD91일,CD(91일),1.71,연%
전국,,2018-12,시장금리_CD91일,CD(91일),1.91,연%
전국,,2019-01,시장금리_CD91일,CD(91일),1.87,연%
전국,,2019-02,시장금리_CD91일,CD(91일),1.87,연%
전국,,2019-03,시장금리_CD91일,CD(91일),1.9,연%
전국,,2019-04,시장금리_CD91일,CD(91일),1.86,연%
전국,,2019-05,시장금리_CD91일,CD(91일),1.84,연%
전국,,2019-06,시장금리_CD91일,CD(91일),1.8,연%
전국,,2019-07,시장금리_CD91일,CD(91일),1.68,연%
전국,,2019-08,시장금리_CD91일,CD(91일),1.49,연%
전국,,2019-09,시장금리_CD91일,CD(91일),1.54,연%
전국,,2019-10,시장금리_CD91일,CD(91일),1.46,연%
전국,,2019-11,시장금리_CD91일,CD(91일),1.52,연%
전국,,2019-12,시장금리_CD91일,CD(91일),1.53,연%
전국,,2020-01,시장금리_CD91일,CD(91일),1.47,연%
전국,,2020-02,시장금리_CD91일,CD(91일),1.42,연%
전국,,2020-03,시장금리_CD91일,CD(91일),1.23,연%
전국,,2020-04,시장금리_CD91일,CD(91일),1.1,연%
전국,,2020-05,시장금리_CD91일,CD(91일),1.02,연%
전국,,2020-06,시장금리_CD91일,CD(91일),0.79,연%
전국,,2020-07,시장금리_CD91일,CD(91일),0.79,연%
전국,,2020-08,시장금리_CD91일,CD(91일),0.68,연%
전국,,2020-09,시장금리_CD91일,CD(91일),0.63,연%
전국,,2020-10,시장금리_CD91일,CD(91일),0.63,연%
전국,,2020-11,시장금리_CD91일,CD(91일),0.66,연%
전국,,2020-12,시장금리_CD91일,CD(91일),0.66,연%
전국,,2021-01,시장금리_CD91일,CD(91일),0.68,연%
전국,,2021-02,시장금리_CD91일,CD(91일),0.73,연%
전국,,2021-03,시장금리_CD91일,CD(91일),0.75,연%
전국,,2021-04,시장금리_CD91일,CD(91일),0.74,연%
전국,,2021-05,시장금리_CD91일,CD(91일),0.68,연%
전국,,2021-06,시장금리_CD91일,CD(91일),0.66,연%
전국,,2021-07,시장금리_CD91일,CD(91일),0.69,연%
전국,,2021-08,시장금리_CD91일,CD(91일),0.77,연%
전국,,2021-09,시장금리_CD91일,CD(91일),0.98,연%
전국,,2021-10,시장금리_CD91일,CD(91일),1.08,연%
전국,,2021-11,시장금리_CD91일,CD(91일),1.17,연%
전국,,2021-12,시장금리_CD91일,CD(91일),1.27,연%
전국,,2022-01,시장금리_CD91일,CD(91일),1.39,연%
전국,,2022-02,시장금리_CD91일,CD(91일),1.5,연%
전국,,2022-03,시장금리_CD91일,CD(91일),1.5,연%
전국,,2022-04,시장금리_CD91일,CD(91일),1.64,연%
전국,,2022-05,시장금리_CD91일,CD(91일),1.77,연%
전국,,2022-06,시장금리_CD91일,CD(91일),1.99,연%
전국,,2022-07,시장금리_CD91일,CD(91일),2.41,연%
전국,,2022-08,시장금리_CD91일,CD(91일),2.79,연%
전국,,2022-09,시장금리_CD91일,CD(91일),3.01,연%
전국,,2022-10,시장금리_CD91일,CD(91일),3.69,연%
전국,,2022-11,시장금리_CD91일,CD(91일),3.99,연%
전국,,2022-12,시장금리_CD91일,CD(91일),4.02,연%
전국,,2023-01,시장금리_CD91일,CD(91일),3.8,연%
전국,,2023-02,시장금리_CD91일,CD(91일),3.52,연%
전국,,2023-03,시장금리_CD91일,CD(91일),3.61,연%
전국,,2023-04,시장금리_CD91일,CD(91일),3.5,연%
전국,,2023-05,시장금리_CD91일,CD(91일),3.64,연%
전국,,2023-06,시장금리_CD91일,CD(91일),3.75,연%
전국,,2023-07,시장금리_CD91일,CD(91일),3.75,연%
전국,,2023-08,시장금리_CD91일,CD(91일),3.7,연%
전국,,2023-09,시장금리_CD91일,CD(91일),3.76,연%
전국,,2023-10,시장금리_CD91일,CD(91일),3.82,연%
전국,,2023-11,시장금리_CD91일,CD(91일),3.83,연%
전국,,2023-12,시장금리_CD91일,CD(91일),3.83,연%
전국,,2024-01,시장금리_CD91일,CD(91일),3.74,연%
전국,,2024-02,시장금리_CD91일,CD(91일),3.69,연%
전국,,2024-03,시장금리_CD91일,CD(91일),3.65,연%
전국,,2024-04,시장금리_CD91일,CD(91일),3.57,연%
전국,,2024-05,시장금리_CD91일,CD(91일),3.6,연%
전국,,2024-06,시장금리_CD91일,CD(91일),3.6,연%
전국,,2024-07,시장금리_CD91일,CD(91일),3.54,연%
전국,,2024-08,시장금리_CD91일,CD(91일),3.5,연%
전국,,2024-09,시장금리_CD91일,CD(91일),3.52,연%
전국,,2024-10,시장금리_CD91일,CD(91일),3.43,연%
전국,,2024-11,시장금리_CD91일,CD(91일),3.42,연%
전국,,2024-12,시장금리_CD91일,CD(91일),3.35,연%
전국,,2025-01,시장금리_CD91일,CD(91일),3.04,연%
전국,,2025-02,시장금리_CD91일,CD(91일),2.95,연%
전국,,2025-03,시장금리_CD91일,CD(91일),2.84,연%
전국,,2025-04,시장금리_CD91일,CD(91일),2.74,연%
전국,,2025-05,시장금리_CD91일,CD(91일),2.67,연%
전국,,2025-06,시장금리_CD91일,CD(91일),2.57,연%
전국,,2025-07,시장금리_CD91일,CD(91일),2.51,연%
전국,,2025-08,시장금리_CD91일,CD(91일),2.51,연%
전국,,2025-09,시장금리_CD91일,CD(91일),2.56,연%
전국,,2025-10,시장금리_CD91일,CD(91일),2.55,연%
전국,,2025-11,시장금리_CD91일,CD(91일),2.69,연%
전국,,2025-12,시장금리_CD91일,CD(91일),2.84,연%
전국,,2026-01,시장금리_CD91일,CD(91일),2.7,연%
전국,,2026-02,시장금리_CD91일,CD(91일),2.78,연%
전국,,2026-03,시장금리_CD91일,CD(91일),2.82,연%
전국,,2026-04,시장금리_CD91일,CD(91일),2.82,연%
전국,,2026-05,시장금리_CD91일,CD(91일),2.82,연%
전국,,2026-06,시장금리_CD91일,CD(91일),2.91,연%
전국,,2026-07,시장금리_CD91일,CD(91일),2.91,연%
전국,,2026-08,시장금리_CD91일,CD(91일),2.97,연%
전국,,1995-05,시장금리_국고채3년,국고채(3년),14.81,연%
전국,,1995-06,시장금리_국고채3년,국고채(3년),14.58,연%
전국,,1995-07,시장금리_국고채3년,국고채(3년),14.09,연%
전국,,1995-08,시장금리_국고채3년,국고채(3년),13.13,연%
전국,,1995-09,시장금리_국고채3년,국고채(3년),12.82,연%
전국,,1995-10,시장금리_국고채3년,국고채(3년),12.1,연%
전국,,1995-11,시장금리_국고채3년,국고채(3년),11.92,연%
전국,,1995-12,시장금리_국고채3년,국고채(3년),11.63,연%
전국,,1996-01,시장금리_국고채3년,국고채(3년),11.94,연%
전국,,1996-02,시장금리_국고채3년,국고채(3년),12.01,연%
전국,,1996-03,시장금리_국고채3년,국고채(3년),11.92,연%
전국,,1996-04,시장금리_국고채3년,국고채(3년),11.04,연%
전국,,1996-05,시장금리_국고채3년,국고채(3년),11.01,연%
전국,,1996-06,시장금리_국고채3년,국고채(3년),11.51,연%
전국,,1996-07,시장금리_국고채3년,국고채(3년),11.85,연%
전국,,1996-08,시장금리_국고채3년,국고채(3년),12.27,연%
전국,,1996-09,시장금리_국고채3년,국고채(3년),12.19,연%
전국,,1996-10,시장금리_국고채3년,국고채(3년),12.08,연%
전국,,1996-11,시장금리_국고채3년,국고채(3년),12.12,연%
전국,,1996-12,시장금리_국고채3년,국고채(3년),12.19,연%
전국,,1997-01,시장금리_국고채3년,국고채(3년),12.17,연%
전국,,1997-02,시장금리_국고채3년,국고채(3년),12.1,연%
전국,,1997-03,시장금리_국고채3년,국고채(3년),12.32,연%
전국,,1997-04,시장금리_국고채3년,국고채(3년),12.4,연%
전국,,1997-05,시장금리_국고채3년,국고채(3년),12.4,연%
전국,,1997-06,시장금리_국고채3년,국고채(3년),11.72,연%
전국,,1997-07,시장금리_국고채3년,국고채(3년),11.65,연%
전국,,1997-08,시장금리_국고채3년,국고채(3년),11.65,연%
전국,,1997-09,시장금리_국고채3년,국고채(3년),11.65,연%
전국,,1997-10,시장금리_국고채3년,국고채(3년),11.65,연%
전국,,1997-11,시장금리_국고채3년,국고채(3년),12.4,연%
전국,,1997-12,시장금리_국고채3년,국고채(3년),14.96,연%
전국,,1998-01,시장금리_국고채3년,국고채(3년),15,연%
전국,,1998-02,시장금리_국고채3년,국고채(3년),15,연%
전국,,1998-03,시장금리_국고채3년,국고채(3년),15.09,연%
전국,,1998-04,시장금리_국고채3년,국고채(3년),17.13,연%
전국,,1998-05,시장금리_국고채3년,국고채(3년),16.86,연%
전국,,1998-06,시장금리_국고채3년,국고채(3년),15.04,연%
전국,,1998-07,시장금리_국고채3년,국고채(3년),12.57,연%
전국,,1998-08,시장금리_국고채3년,국고채(3년),11.72,연%
전국,,1998-09,시장금리_국고채3년,국고채(3년),11.84,연%
전국,,1998-10,시장금리_국고채3년,국고채(3년),9.4,연%
전국,,1998-11,시장금리_국고채3년,국고채(3년),8.34,연%
전국,,1998-12,시장금리_국고채3년,국고채(3년),7.23,연%
전국,,1999-01,시장금리_국고채3년,국고채(3년),6.67,연%
전국,,1999-02,시장금리_국고채3년,국고채(3년),7.08,연%
전국,,1999-03,시장금리_국고채3년,국고채(3년),6.81,연%
전국,,1999-04,시장금리_국고채3년,국고채(3년),6.37,연%
전국,,1999-05,시장금리_국고채3년,국고채(3년),6.75,연%
전국,,1999-06,시장금리_국고채3년,국고채(3년),6.88,연%
전국,,1999-07,시장금리_국고채3년,국고채(3년),7.89,연%
전국,,1999-08,시장금리_국고채3년,국고채(3년),8.91,연%
전국,,1999-09,시장금리_국고채3년,국고채(3년),9.33,연%
전국,,1999-10,시장금리_국고채3년,국고채(3년),8.28,연%
전국,,1999-11,시장금리_국고채3년,국고채(3년),8.46,연%
전국,,1999-12,시장금리_국고채3년,국고채(3년),8.85,연%
전국,,2000-01,시장금리_국고채3년,국고채(3년),9.28,연%
전국,,2000-02,시장금리_국고채3년,국고채(3년),8.99,연%
전국,,2000-03,시장금리_국고채3년,국고채(3년),9.06,연%
전국,,2000-04,시장금리_국고채3년,국고채(3년),8.95,연%
전국,,2000-05,시장금리_국고채3년,국고채(3년),8.96,연%
전국,,2000-06,시장금리_국고채3년,국고채(3년),8.66,연%
전국,,2000-07,시장금리_국고채3년,국고채(3년),8,연%
전국,,2000-08,시장금리_국고채3년,국고채(3년),7.85,연%
전국,,2000-09,시장금리_국고채3년,국고채(3년),7.96,연%
전국,,2000-10,시장금리_국고채3년,국고채(3년),7.84,연%
전국,,2000-11,시장금리_국고채3년,국고채(3년),7.31,연%
전국,,2000-12,시장금리_국고채3년,국고채(3년),6.79,연%
전국,,2001-01,시장금리_국고채3년,국고채(3년),5.99,연%
전국,,2001-02,시장금리_국고채3년,국고채(3년),5.43,연%
전국,,2001-03,시장금리_국고채3년,국고채(3년),5.84,연%
전국,,2001-04,시장금리_국고채3년,국고채(3년),6.59,연%
전국,,2001-05,시장금리_국고채3년,국고채(3년),6.46,연%
전국,,2001-06,시장금리_국고채3년,국고채(3년),6.04,연%
전국,,2001-07,시장금리_국고채3년,국고채(3년),5.75,연%
전국,,2001-08,시장금리_국고채3년,국고채(3년),5.15,연%
전국,,2001-09,시장금리_국고채3년,국고채(3년),4.89,연%
전국,,2001-10,시장금리_국고채3년,국고채(3년),4.74,연%
전국,,2001-11,시장금리_국고채3년,국고채(3년),5.34,연%
전국,,2001-12,시장금리_국고채3년,국고채(3년),5.93,연%
전국,,2002-01,시장금리_국고채3년,국고채(3년),6.08,연%
전국,,2002-02,시장금리_국고채3년,국고채(3년),5.92,연%
전국,,2002-03,시장금리_국고채3년,국고채(3년),6.3,연%
전국,,2002-04,시장금리_국고채3년,국고채(3년),6.47,연%
전국,,2002-05,시장금리_국고채3년,국고채(3년),6.3,연%
전국,,2002-06,시장금리_국고채3년,국고채(3년),5.93,연%
전국,,2002-07,시장금리_국고채3년,국고채(3년),5.7,연%
전국,,2002-08,시장금리_국고채3년,국고채(3년),5.37,연%
전국,,2002-09,시장금리_국고채3년,국고채(3년),5.37,연%
전국,,2002-10,시장금리_국고채3년,국고채(3년),5.39,연%
전국,,2002-11,시장금리_국고채3년,국고채(3년),5.29,연%
전국,,2002-12,시장금리_국고채3년,국고채(3년),5.28,연%
전국,,2003-01,시장금리_국고채3년,국고채(3년),4.96,연%
전국,,2003-02,시장금리_국고채3년,국고채(3년),4.73,연%
전국,,2003-03,시장금리_국고채3년,국고채(3년),4.78,연%
전국,,2003-04,시장금리_국고채3년,국고채(3년),4.6,연%
전국,,2003-05,시장금리_국고채3년,국고채(3년),4.27,연%
전국,,2003-06,시장금리_국고채3년,국고채(3년),4.07,연%
전국,,2003-07,시장금리_국고채3년,국고채(3년),4.37,연%
전국,,2003-08,시장금리_국고채3년,국고채(3년),4.62,연%
전국,,2003-09,시장금리_국고채3년,국고채(3년),4.25,연%
전국,,2003-10,시장금리_국고채3년,국고채(3년),4.28,연%
전국,,2003-11,시장금리_국고채3년,국고채(3년),4.77,연%
전국,,2003-12,시장금리_국고채3년,국고채(3년),4.87,연%
전국,,2004-01,시장금리_국고채3년,국고채(3년),4.88,연%
전국,,2004-02,시장금리_국고채3년,국고채(3년),4.83,연%
전국,,2004-03,시장금리_국고채3년,국고채(3년),4.58,연%
전국,,2004-04,시장금리_국고채3년,국고채(3년),4.54,연%
전국,,2004-05,시장금리_국고채3년,국고채(3년),4.39,연%
전국,,2004-06,시장금리_국고채3년,국고채(3년),4.28,연%
전국,,2004-07,시장금리_국고채3년,국고채(3년),4.19,연%
전국,,2004-08,시장금리_국고채3년,국고채(3년),3.82,연%
전국,,2004-09,시장금리_국고채3년,국고채(3년),3.59,연%
전국,,2004-10,시장금리_국고채3년,국고채(3년),3.54,연%
전국,,2004-11,시장금리_국고채3년,국고채(3년),3.42,연%
전국,,2004-12,시장금리_국고채3년,국고채(3년),3.28,연%
전국,,2005-01,시장금리_국고채3년,국고채(3년),3.65,연%
전국,,2005-02,시장금리_국고채3년,국고채(3년),4.19,연%
전국,,2005-03,시장금리_국고채3년,국고채(3년),4.04,연%
전국,,2005-04,시장금리_국고채3년,국고채(3년),3.86,연%
전국,,2005-05,시장금리_국고채3년,국고채(3년),3.71,연%
전국,,2005-06,시장금리_국고채3년,국고채(3년),3.79,연%
전국,,2005-07,시장금리_국고채3년,국고채(3년),4.12,연%
전국,,2005-08,시장금리_국고채3년,국고채(3년),4.33,연%
전국,,2005-09,시장금리_국고채3년,국고채(3년),4.52,연%
전국,,2005-10,시장금리_국고채3년,국고채(3년),4.81,연%
전국,,2005-11,시장금리_국고채3년,국고채(3년),5.1,연%
전국,,2005-12,시장금리_국고채3년,국고채(3년),5.06,연%
전국,,2006-01,시장금리_국고채3년,국고채(3년),5.02,연%
전국,,2006-02,시장금리_국고채3년,국고채(3년),4.87,연%
전국,,2006-03,시장금리_국고채3년,국고채(3년),4.93,연%
전국,,2006-04,시장금리_국고채3년,국고채(3년),4.95,연%
전국,,2006-05,시장금리_국고채3년,국고채(3년),4.78,연%
전국,,2006-06,시장금리_국고채3년,국고채(3년),4.89,연%
전국,,2006-07,시장금리_국고채3년,국고채(3년),4.89,연%
전국,,2006-08,시장금리_국고채3년,국고채(3년),4.77,연%
전국,,2006-09,시장금리_국고채3년,국고채(3년),4.69,연%
전국,,2006-10,시장금리_국고채3년,국고채(3년),4.62,연%
전국,,2006-11,시장금리_국고채3년,국고채(3년),4.72,연%
전국,,2006-12,시장금리_국고채3년,국고채(3년),4.82,연%
전국,,2007-01,시장금리_국고채3년,국고채(3년),4.97,연%
전국,,2007-02,시장금리_국고채3년,국고채(3년),4.91,연%
전국,,2007-03,시장금리_국고채3년,국고채(3년),4.79,연%
전국,,2007-04,시장금리_국고채3년,국고채(3년),4.94,연%
전국,,2007-05,시장금리_국고채3년,국고채(3년),5.1,연%
전국,,2007-06,시장금리_국고채3년,국고채(3년),5.24,연%
전국,,2007-07,시장금리_국고채3년,국고채(3년),5.35,연%
전국,,2007-08,시장금리_국고채3년,국고채(3년),5.28,연%
전국,,2007-09,시장금리_국고채3년,국고채(3년),5.39,연%
전국,,2007-10,시장금리_국고채3년,국고채(3년),5.42,연%
전국,,2007-11,시장금리_국고채3년,국고채(3년),5.54,연%
전국,,2007-12,시장금리_국고채3년,국고채(3년),5.89,연%
전국,,2008-01,시장금리_국고채3년,국고채(3년),5.44,연%
전국,,2008-02,시장금리_국고채3년,국고채(3년),5.06,연%
전국,,2008-03,시장금리_국고채3년,국고채(3년),5.15,연%
전국,,2008-04,시장금리_국고채3년,국고채(3년),4.98,연%
전국,,2008-05,시장금리_국고채3년,국고채(3년),5.28,연%
전국,,2008-06,시장금리_국고채3년,국고채(3년),5.7,연%
전국,,2008-07,시장금리_국고채3년,국고채(3년),5.96,연%
전국,,2008-08,시장금리_국고채3년,국고채(3년),5.77,연%
전국,,2008-09,시장금리_국고채3년,국고채(3년),5.81,연%
전국,,2008-10,시장금리_국고채3년,국고채(3년),5.09,연%
전국,,2008-11,시장금리_국고채3년,국고채(3년),4.97,연%
전국,,2008-12,시장금리_국고채3년,국고채(3년),3.97,연%
전국,,2009-01,시장금리_국고채3년,국고채(3년),3.44,연%
전국,,2009-02,시장금리_국고채3년,국고채(3년),3.78,연%
전국,,2009-03,시장금리_국고채3년,국고채(3년),3.69,연%
전국,,2009-04,시장금리_국고채3년,국고채(3년),3.76,연%
전국,,2009-05,시장금리_국고채3년,국고채(3년),3.83,연%
전국,,2009-06,시장금리_국고채3년,국고채(3년),4.09,연%
전국,,2009-07,시장금리_국고채3년,국고채(3년),4.09,연%
전국,,2009-08,시장금리_국고채3년,국고채(3년),4.42,연%
전국,,2009-09,시장금리_국고채3년,국고채(3년),4.4,연%
전국,,2009-10,시장금리_국고채3년,국고채(3년),4.47,연%
전국,,2009-11,시장금리_국고채3년,국고채(3년),4.32,연%
전국,,2009-12,시장금리_국고채3년,국고채(3년),4.24,연%
전국,,2010-01,시장금리_국고채3년,국고채(3년),4.29,연%
전국,,2010-02,시장금리_국고채3년,국고채(3년),4.19,연%
전국,,2010-03,시장금리_국고채3년,국고채(3년),3.94,연%
전국,,2010-04,시장금리_국고채3년,국고채(3년),3.77,연%
전국,,2010-05,시장금리_국고채3년,국고채(3년),3.7,연%
전국,,2010-06,시장금리_국고채3년,국고채(3년),3.75,연%
전국,,2010-07,시장금리_국고채3년,국고채(3년),3.88,연%
전국,,2010-08,시장금리_국고채3년,국고채(3년),3.73,연%
전국,,2010-09,시장금리_국고채3년,국고채(3년),3.48,연%
전국,,2010-10,시장금리_국고채3년,국고채(3년),3.24,연%
전국,,2010-11,시장금리_국고채3년,국고채(3년),3.4,연%
전국,,2010-12,시장금리_국고채3년,국고채(3년),3.25,연%
전국,,2011-01,시장금리_국고채3년,국고채(3년),3.71,연%
전국,,2011-02,시장금리_국고채3년,국고채(3년),3.94,연%
전국,,2011-03,시장금리_국고채3년,국고채(3년),3.74,연%
전국,,2011-04,시장금리_국고채3년,국고채(3년),3.74,연%
전국,,2011-05,시장금리_국고채3년,국고채(3년),3.66,연%
전국,,2011-06,시장금리_국고채3년,국고채(3년),3.65,연%
전국,,2011-07,시장금리_국고채3년,국고채(3년),3.77,연%
전국,,2011-08,시장금리_국고채3년,국고채(3년),3.57,연%
전국,,2011-09,시장금리_국고채3년,국고채(3년),3.45,연%
전국,,2011-10,시장금리_국고채3년,국고채(3년),3.47,연%
전국,,2011-11,시장금리_국고채3년,국고채(3년),3.39,연%
전국,,2011-12,시장금리_국고채3년,국고채(3년),3.36,연%
전국,,2012-01,시장금리_국고채3년,국고채(3년),3.37,연%
전국,,2012-02,시장금리_국고채3년,국고채(3년),3.43,연%
전국,,2012-03,시장금리_국고채3년,국고채(3년),3.55,연%
전국,,2012-04,시장금리_국고채3년,국고채(3년),3.5,연%
전국,,2012-05,시장금리_국고채3년,국고채(3년),3.38,연%
전국,,2012-06,시장금리_국고채3년,국고채(3년),3.29,연%
전국,,2012-07,시장금리_국고채3년,국고채(3년),3.01,연%
전국,,2012-08,시장금리_국고채3년,국고채(3년),2.83,연%
전국,,2012-09,시장금리_국고채3년,국고채(3년),2.81,연%
전국,,2012-10,시장금리_국고채3년,국고채(3년),2.78,연%
전국,,2012-11,시장금리_국고채3년,국고채(3년),2.8,연%
전국,,2012-12,시장금리_국고채3년,국고채(3년),2.85,연%
전국,,2013-01,시장금리_국고채3년,국고채(3년),2.75,연%
전국,,2013-02,시장금리_국고채3년,국고채(3년),2.7,연%
전국,,2013-03,시장금리_국고채3년,국고채(3년),2.6,연%
전국,,2013-04,시장금리_국고채3년,국고채(3년),2.55,연%
전국,,2013-05,시장금리_국고채3년,국고채(3년),2.59,연%
전국,,2013-06,시장금리_국고채3년,국고채(3년),2.87,연%
전국,,2013-07,시장금리_국고채3년,국고채(3년),2.91,연%
전국,,2013-08,시장금리_국고채3년,국고채(3년),2.94,연%
전국,,2013-09,시장금리_국고채3년,국고채(3년),2.9,연%
전국,,2013-10,시장금리_국고채3년,국고채(3년),2.83,연%
전국,,2013-11,시장금리_국고채3년,국고채(3년),2.936,연%
전국,,2013-12,시장금리_국고채3년,국고채(3년),2.941,연%
전국,,2014-01,시장금리_국고채3년,국고채(3년),2.892,연%
전국,,2014-02,시장금리_국고채3년,국고채(3년),2.854,연%
전국,,2014-03,시장금리_국고채3년,국고채(3년),2.874,연%
전국,,2014-04,시장금리_국고채3년,국고채(3년),2.875,연%
전국,,2014-05,시장금리_국고채3년,국고채(3년),2.838,연%
전국,,2014-06,시장금리_국고채3년,국고채(3년),2.746,연%
전국,,2014-07,시장금리_국고채3년,국고채(3년),2.558,연%
전국,,2014-08,시장금리_국고채3년,국고채(3년),2.54,연%
전국,,2014-09,시장금리_국고채3년,국고채(3년),2.405,연%
전국,,2014-10,시장금리_국고채3년,국고채(3년),2.239,연%
전국,,2014-11,시장금리_국고채3년,국고채(3년),2.138,연%
전국,,2014-12,시장금리_국고채3년,국고채(3년),2.143,연%
전국,,2015-01,시장금리_국고채3년,국고채(3년),2.039,연%
전국,,2015-02,시장금리_국고채3년,국고채(3년),2.024,연%
전국,,2015-03,시장금리_국고채3년,국고채(3년),1.865,연%
전국,,2015-04,시장금리_국고채3년,국고채(3년),1.739,연%
전국,,2015-05,시장금리_국고채3년,국고채(3년),1.875,연%
전국,,2015-06,시장금리_국고채3년,국고채(3년),1.773,연%
전국,,2015-07,시장금리_국고채3년,국고채(3년),1.777,연%
전국,,2015-08,시장금리_국고채3년,국고채(3년),1.735,연%
전국,,2015-09,시장금리_국고채3년,국고채(3년),1.651,연%
전국,,2015-10,시장금리_국고채3년,국고채(3년),1.627,연%
전국,,2015-11,시장금리_국고채3년,국고채(3년),1.752,연%
전국,,2015-12,시장금리_국고채3년,국고채(3년),1.719,연%
전국,,2016-01,시장금리_국고채3년,국고채(3년),1.628,연%
전국,,2016-02,시장금리_국고채3년,국고채(3년),1.474,연%
전국,,2016-03,시장금리_국고채3년,국고채(3년),1.498,연%
전국,,2016-04,시장금리_국고채3년,국고채(3년),1.468,연%
전국,,2016-05,시장금리_국고채3년,국고채(3년),1.455,연%
전국,,2016-06,시장금리_국고채3년,국고채(3년),1.334,연%
전국,,2016-07,시장금리_국고채3년,국고채(3년),1.218,연%
전국,,2016-08,시장금리_국고채3년,국고채(3년),1.238,연%
전국,,2016-09,시장금리_국고채3년,국고채(3년),1.312,연%
전국,,2016-10,시장금리_국고채3년,국고채(3년),1.361,연%
전국,,2016-11,시장금리_국고채3년,국고채(3년),1.609,연%
전국,,2016-12,시장금리_국고채3년,국고채(3년),1.692,연%
전국,,2017-01,시장금리_국고채3년,국고채(3년),1.643,연%
전국,,2017-02,시장금리_국고채3년,국고채(3년),1.665,연%
전국,,2017-03,시장금리_국고채3년,국고채(3년),1.709,연%
전국,,2017-04,시장금리_국고채3년,국고채(3년),1.678,연%
전국,,2017-05,시장금리_국고채3년,국고채(3년),1.69,연%
전국,,2017-06,시장금리_국고채3년,국고채(3년),1.673,연%
전국,,2017-07,시장금리_국고채3년,국고채(3년),1.74,연%
전국,,2017-08,시장금리_국고채3년,국고채(3년),1.78,연%
전국,,2017-09,시장금리_국고채3년,국고채(3년),1.785,연%
전국,,2017-10,시장금리_국고채3년,국고채(3년),2.026,연%
전국,,2017-11,시장금리_국고채3년,국고채(3년),2.15,연%
전국,,2017-12,시장금리_국고채3년,국고채(3년),2.1,연%
전국,,2018-01,시장금리_국고채3년,국고채(3년),2.19,연%
전국,,2018-02,시장금리_국고채3년,국고채(3년),2.277,연%
전국,,2018-03,시장금리_국고채3년,국고채(3년),2.271,연%
전국,,2018-04,시장금리_국고채3년,국고채(3년),2.192,연%
전국,,2018-05,시장금리_국고채3년,국고채(3년),2.25,연%
전국,,2018-06,시장금리_국고채3년,국고채(3년),2.175,연%
전국,,2018-07,시장금리_국고채3년,국고채(3년),2.097,연%
전국,,2018-08,시장금리_국고채3년,국고채(3년),2.019,연%
전국,,2018-09,시장금리_국고채3년,국고채(3년),1.953,연%
전국,,2018-10,시장금리_국고채3년,국고채(3년),2.01,연%
전국,,2018-11,시장금리_국고채3년,국고채(3년),1.94,연%
전국,,2018-12,시장금리_국고채3년,국고채(3년),1.825,연%
전국,,2019-01,시장금리_국고채3년,국고채(3년),1.807,연%
전국,,2019-02,시장금리_국고채3년,국고채(3년),1.802,연%
전국,,2019-03,시장금리_국고채3년,국고채(3년),1.789,연%
전국,,2019-04,시장금리_국고채3년,국고채(3년),1.736,연%
전국,,2019-05,시장금리_국고채3년,국고채(3년),1.679,연%
전국,,2019-06,시장금리_국고채3년,국고채(3년),1.496,연%
전국,,2019-07,시장금리_국고채3년,국고채(3년),1.382,연%
전국,,2019-08,시장금리_국고채3년,국고채(3년),1.164,연%
전국,,2019-09,시장금리_국고채3년,국고채(3년),1.287,연%
전국,,2019-10,시장금리_국고채3년,국고채(3년),1.357,연%
전국,,2019-11,시장금리_국고채3년,국고채(3년),1.492,연%
전국,,2019-12,시장금리_국고채3년,국고채(3년),1.39,연%
전국,,2020-01,시장금리_국고채3년,국고채(3년),1.373,연%
전국,,2020-02,시장금리_국고채3년,국고채(3년),1.253,연%
전국,,2020-03,시장금리_국고채3년,국고채(3년),1.091,연%
전국,,2020-04,시장금리_국고채3년,국고채(3년),1.024,연%
전국,,2020-05,시장금리_국고채3년,국고채(3년),0.878,연%
전국,,2020-06,시장금리_국고채3년,국고채(3년),0.85,연%
전국,,2020-07,시장금리_국고채3년,국고채(3년),0.826,연%
전국,,2020-08,시장금리_국고채3년,국고채(3년),0.829,연%
전국,,2020-09,시장금리_국고채3년,국고채(3년),0.908,연%
전국,,2020-10,시장금리_국고채3년,국고채(3년),0.91,연%
전국,,2020-11,시장금리_국고채3년,국고채(3년),0.965,연%
전국,,2020-12,시장금리_국고채3년,국고채(3년),0.97,연%
전국,,2021-01,시장금리_국고채3년,국고채(3년),0.975,연%
전국,,2021-02,시장금리_국고채3년,국고채(3년),0.995,연%
전국,,2021-03,시장금리_국고채3년,국고채(3년),1.133,연%
전국,,2021-04,시장금리_국고채3년,국고채(3년),1.138,연%
전국,,2021-05,시장금리_국고채3년,국고채(3년),1.134,연%
전국,,2021-06,시장금리_국고채3년,국고채(3년),1.302,연%
전국,,2021-07,시장금리_국고채3년,국고채(3년),1.419,연%
전국,,2021-08,시장금리_국고채3년,국고채(3년),1.411,연%
전국,,2021-09,시장금리_국고채3년,국고채(3년),1.515,연%
전국,,2021-10,시장금리_국고채3년,국고채(3년),1.842,연%
전국,,2021-11,시장금리_국고채3년,국고채(3년),1.953,연%
전국,,2021-12,시장금리_국고채3년,국고채(3년),1.8,연%
전국,,2022-01,시장금리_국고채3년,국고채(3년),2.06,연%
전국,,2022-02,시장금리_국고채3년,국고채(3년),2.285,연%
전국,,2022-03,시장금리_국고채3년,국고채(3년),2.369,연%
전국,,2022-04,시장금리_국고채3년,국고채(3년),2.941,연%
전국,,2022-05,시장금리_국고채3년,국고채(3년),3.019,연%
전국,,2022-06,시장금리_국고채3년,국고채(3년),3.477,연%
전국,,2022-07,시장금리_국고채3년,국고채(3년),3.238,연%
전국,,2022-08,시장금리_국고채3년,국고채(3년),3.247,연%
전국,,2022-09,시장금리_국고채3년,국고채(3년),3.903,연%
전국,,2022-10,시장금리_국고채3년,국고채(3년),4.235,연%
전국,,2022-11,시장금리_국고채3년,국고채(3년),3.895,연%
전국,,2022-12,시장금리_국고채3년,국고채(3년),3.63,연%
전국,,2023-01,시장금리_국고채3년,국고채(3년),3.46,연%
전국,,2023-02,시장금리_국고채3년,국고채(3년),3.47,연%
전국,,2023-03,시장금리_국고채3년,국고채(3년),3.461,연%
전국,,2023-04,시장금리_국고채3년,국고채(3년),3.263,연%
전국,,2023-05,시장금리_국고채3년,국고채(3년),3.33,연%
전국,,2023-06,시장금리_국고채3년,국고채(3년),3.548,연%
전국,,2023-07,시장금리_국고채3년,국고채(3년),3.638,연%
전국,,2023-08,시장금리_국고채3년,국고채(3년),3.727,연%
전국,,2023-09,시장금리_국고채3년,국고채(3년),3.842,연%
전국,,2023-10,시장금리_국고채3년,국고채(3년),4.031,연%
전국,,2023-11,시장금리_국고채3년,국고채(3년),3.771,연%
전국,,2023-12,시장금리_국고채3년,국고채(3년),3.35,연%
전국,,2024-01,시장금리_국고채3년,국고채(3년),3.266,연%
전국,,2024-02,시장금리_국고채3년,국고채(3년),3.351,연%
전국,,2024-03,시장금리_국고채3년,국고채(3년),3.31,연%
전국,,2024-04,시장금리_국고채3년,국고채(3년),3.439,연%
전국,,2024-05,시장금리_국고채3년,국고채(3년),3.432,연%
전국,,2024-06,시장금리_국고채3년,국고채(3년),3.262,연%
전국,,2024-07,시장금리_국고채3년,국고채(3년),3.083,연%
전국,,2024-08,시장금리_국고채3년,국고채(3년),2.924,연%
전국,,2024-09,시장금리_국고채3년,국고채(3년),2.868,연%
전국,,2024-10,시장금리_국고채3년,국고채(3년),2.911,연%
전국,,2024-11,시장금리_국고채3년,국고채(3년),2.858,연%
전국,,2024-12,시장금리_국고채3년,국고채(3년),2.59,연%
전국,,2025-01,시장금리_국고채3년,국고채(3년),2.571,연%
전국,,2025-02,시장금리_국고채3년,국고채(3년),2.611,연%
전국,,2025-03,시장금리_국고채3년,국고채(3년),2.59,연%
전국,,2025-04,시장금리_국고채3년,국고채(3년),2.395,연%
전국,,2025-05,시장금리_국고채3년,국고채(3년),2.331,연%
전국,,2025-06,시장금리_국고채3년,국고채(3년),2.441,연%
전국,,2025-07,시장금리_국고채3년,국고채(3년),2.465,연%
전국,,2025-08,시장금리_국고채3년,국고채(3년),2.427,연%
전국,,2025-09,시장금리_국고채3년,국고채(3년),2.464,연%
전국,,2025-10,시장금리_국고채3년,국고채(3년),2.601,연%
전국,,2025-11,시장금리_국고채3년,국고채(3년),2.88,연%
전국,,2025-12,시장금리_국고채3년,국고채(3년),3.01,연%
전국,,2026-01,시장금리_국고채3년,국고채(3년),3.044,연%
전국,,2026-02,시장금리_국고채3년,국고채(3년),3.167,연%
전국,,2026-03,시장금리_국고채3년,국고채(3년),3.378,연%
전국,,2026-04,시장금리_국고채3년,국고채(3년),3.413,연%
전국,,2026-05,시장금리_국고채3년,국고채(3년),3.682,연%
전국,,2026-06,시장금리_국고채3년,국고채(3년),3.794,연%
전국,,2026-07,시장금리_국고채3년,국고채(3년),3.828,연%
전국,,2026-08,시장금리_국고채3년,국고채(3년),3.788,연%
전국,,2015-01,예금은행대출금리_전세자금,전세자금대출,3.5,연리%
전국,,2015-02,예금은행대출금리_전세자금,전세자금대출,3.47,연리%
전국,,2015-03,예금은행대출금리_전세자금,전세자금대출,3.39,연리%
전국,,2015-04,예금은행대출금리_전세자금,전세자금대출,3.29,연리%
전국,,2015-05,예금은행대출금리_전세자금,전세자금대출,3.2,연리%
전국,,2015-06,예금은행대출금리_전세자금,전세자금대출,3.11,연리%
전국,,2015-07,예금은행대출금리_전세자금,전세자금대출,3,연리%
전국,,2015-08,예금은행대출금리_전세자금,전세자금대출,2.98,연리%
전국,,2015-09,예금은행대출금리_전세자금,전세자금대출,2.94,연리%
전국,,2015-10,예금은행대출금리_전세자금,전세자금대출,2.92,연리%
전국,,2015-11,예금은행대출금리_전세자금,전세자금대출,2.95,연리%
전국,,2015-12,예금은행대출금리_전세자금,전세자금대출,3.1,연리%
전국,,2016-01,예금은행대출금리_전세자금,전세자금대출,3.16,연리%
전국,,2016-02,예금은행대출금리_전세자금,전세자금대출,3.12,연리%
전국,,2016-03,예금은행대출금리_전세자금,전세자금대출,3.03,연리%
전국,,2016-04,예금은행대출금리_전세자금,전세자금대출,2.96,연리%
전국,,2016-05,예금은행대출금리_전세자금,전세자금대출,2.95,연리%
전국,,2016-06,예금은행대출금리_전세자금,전세자금대출,2.95,연리%
전국,,2016-07,예금은행대출금리_전세자금,전세자금대출,2.93,연리%
전국,,2016-08,예금은행대출금리_전세자금,전세자금대출,2.85,연리%
전국,,2016-09,예금은행대출금리_전세자금,전세자금대출,2.87,연리%
전국,,2016-10,예금은행대출금리_전세자금,전세자금대출,2.97,연리%
전국,,2016-11,예금은행대출금리_전세자금,전세자금대출,3.1,연리%
전국,,2016-12,예금은행대출금리_전세자금,전세자금대출,3.16,연리%
전국,,2017-01,예금은행대출금리_전세자금,전세자금대출,3.36,연리%
전국,,2017-02,예금은행대출금리_전세자금,전세자금대출,3.33,연리%
전국,,2017-03,예금은행대출금리_전세자금,전세자금대출,3.26,연리%
전국,,2017-04,예금은행대출금리_전세자금,전세자금대출,3.21,연리%
전국,,2017-05,예금은행대출금리_전세자금,전세자금대출,3.18,연리%
전국,,2017-06,예금은행대출금리_전세자금,전세자금대출,3.15,연리%
전국,,2017-07,예금은행대출금리_전세자금,전세자금대출,3.11,연리%
전국,,2017-08,예금은행대출금리_전세자금,전세자금대출,3.09,연리%
전국,,2017-09,예금은행대출금리_전세자금,전세자금대출,3.03,연리%
전국,,2017-10,예금은행대출금리_전세자금,전세자금대출,3.06,연리%
전국,,2017-11,예금은행대출금리_전세자금,전세자금대출,3.13,연리%
전국,,2017-12,예금은행대출금리_전세자금,전세자금대출,3.2,연리%
전국,,2018-01,예금은행대출금리_전세자금,전세자금대출,3.25,연리%
전국,,2018-02,예금은행대출금리_전세자금,전세자금대출,3.21,연리%
전국,,2018-03,예금은행대출금리_전세자금,전세자금대출,3.23,연리%
전국,,2018-04,예금은행대출금리_전세자금,전세자금대출,3.25,연리%
전국,,2018-05,예금은행대출금리_전세자금,전세자금대출,3.24,연리%
전국,,2018-06,예금은행대출금리_전세자금,전세자금대출,3.21,연리%
전국,,2018-07,예금은행대출금리_전세자금,전세자금대출,3.22,연리%
전국,,2018-08,예금은행대출금리_전세자금,전세자금대출,3.21,연리%
전국,,2018-09,예금은행대출금리_전세자금,전세자금대출,3.23,연리%
전국,,2018-10,예금은행대출금리_전세자금,전세자금대출,3.25,연리%
전국,,2018-11,예금은행대출금리_전세자금,전세자금대출,3.29,연리%
전국,,2018-12,예금은행대출금리_전세자금,전세자금대출,3.33,연리%
전국,,2019-01,예금은행대출금리_전세자금,전세자금대출,3.36,연리%
전국,,2019-02,예금은행대출금리_전세자금,전세자금대출,3.35,연리%
전국,,2019-03,예금은행대출금리_전세자금,전세자금대출,3.29,연리%
전국,,2019-04,예금은행대출금리_전세자금,전세자금대출,3.23,연리%
전국,,2019-05,예금은행대출금리_전세자금,전세자금대출,3.15,연리%
전국,,2019-06,예금은행대출금리_전세자금,전세자금대출,3.04,연리%
전국,,2019-07,예금은행대출금리_전세자금,전세자금대출,2.93,연리%
전국,,2019-08,예금은행대출금리_전세자금,전세자금대출,2.77,연리%
전국,,2019-09,예금은행대출금리_전세자금,전세자금대출,2.87,연리%
전국,,2019-10,예금은행대출금리_전세자금,전세자금대출,2.91,연리%
전국,,2019-11,예금은행대출금리_전세자금,전세자금대출,2.95,연리%
전국,,2019-12,예금은행대출금리_전세자금,전세자금대출,2.99,연리%
전국,,2020-01,예금은행대출금리_전세자금,전세자금대출,2.92,연리%
전국,,2020-02,예금은행대출금리_전세자금,전세자금대출,2.83,연리%
전국,,2020-03,예금은행대출금리_전세자금,전세자금대출,2.72,연리%
전국,,2020-04,예금은행대출금리_전세자금,전세자금대출,2.64,연리%
전국,,2020-05,예금은행대출금리_전세자금,전세자금대출,2.57,연리%
전국,,2020-06,예금은행대출금리_전세자금,전세자금대출,2.41,연리%
전국,,2020-07,예금은행대출금리_전세자금,전세자금대출,2.35,연리%
전국,,2020-08,예금은행대출금리_전세자금,전세자금대출,2.32,연리%
전국,,2020-09,예금은행대출금리_전세자금,전세자금대출,2.34,연리%
전국,,2020-10,예금은행대출금리_전세자금,전세자금대출,2.39,연리%
전국,,2020-11,예금은행대출금리_전세자금,전세자금대출,2.54,연리%
전국,,2020-12,예금은행대출금리_전세자금,전세자금대출,2.58,연리%
전국,,2021-01,예금은행대출금리_전세자금,전세자금대출,2.59,연리%
전국,,2021-02,예금은행대출금리_전세자금,전세자금대출,2.57,연리%
전국,,2021-03,예금은행대출금리_전세자금,전세자금대출,2.57,연리%
전국,,2021-04,예금은행대출금리_전세자금,전세자금대출,2.57,연리%
전국,,2021-05,예금은행대출금리_전세자금,전세자금대출,2.52,연리%
전국,,2021-06,예금은행대출금리_전세자금,전세자금대출,2.52,연리%
전국,,2021-07,예금은행대출금리_전세자금,전세자금대출,2.64,연리%
전국,,2021-08,예금은행대출금리_전세자금,전세자금대출,2.72,연리%
전국,,2021-09,예금은행대출금리_전세자금,전세자금대출,2.86,연리%
전국,,2021-10,예금은행대출금리_전세자금,전세자금대출,3.13,연리%
전국,,2021-11,예금은행대출금리_전세자금,전세자금대출,3.3,연리%
전국,,2021-12,예금은행대출금리_전세자금,전세자금대출,3.4,연리%
전국,,2022-01,예금은행대출금리_전세자금,전세자금대출,3.55,연리%
전국,,2022-02,예금은행대출금리_전세자금,전세자금대출,3.57,연리%
전국,,2022-03,예금은행대출금리_전세자금,전세자금대출,3.52,연리%
전국,,2022-04,예금은행대출금리_전세자금,전세자금대출,3.49,연리%
전국,,2022-05,예금은행대출금리_전세자금,전세자금대출,3.51,연리%
전국,,2022-06,예금은행대출금리_전세자금,전세자금대출,3.63,연리%
전국,,2022-07,예금은행대출금리_전세자금,전세자금대출,3.86,연리%
전국,,2022-08,예금은행대출금리_전세자금,전세자금대출,4.05,연리%
전국,,2022-09,예금은행대출금리_전세자금,전세자금대출,4.26,연리%
전국,,2022-10,예금은행대출금리_전세자금,전세자금대출,4.65,연리%
전국,,2022-11,예금은행대출금리_전세자금,전세자금대출,5.02,연리%
전국,,2022-12,예금은행대출금리_전세자금,전세자금대출,5.16,연리%
전국,,2023-01,예금은행대출금리_전세자금,전세자금대출,4.96,연리%
전국,,2023-02,예금은행대출금리_전세자금,전세자금대출,4.57,연리%
전국,,2023-03,예금은행대출금리_전세자금,전세자금대출,4.42,연리%
전국,,2023-04,예금은행대출금리_전세자금,전세자금대출,4.11,연리%
전국,,2023-05,예금은행대출금리_전세자금,전세자금대출,4.09,연리%
전국,,2023-06,예금은행대출금리_전세자금,전세자금대출,4.14,연리%
전국,,2023-07,예금은행대출금리_전세자금,전세자금대출,4.14,연리%
전국,,2023-08,예금은행대출금리_전세자금,전세자금대출,4.13,연리%
전국,,2023-09,예금은행대출금리_전세자금,전세자금대출,4.18,연리%
전국,,2023-10,예금은행대출금리_전세자금,전세자금대출,4.28,연리%
전국,,2023-11,예금은행대출금리_전세자금,전세자금대출,4.4,연리%
전국,,2023-12,예금은행대출금리_전세자금,전세자금대출,4.26,연리%
전국,,2024-01,예금은행대출금리_전세자금,전세자금대출,4.09,연리%
전국,,2024-02,예금은행대출금리_전세자금,전세자금대출,4.02,연리%
전국,,2024-03,예금은행대출금리_전세자금,전세자금대출,3.94,연리%
전국,,2024-04,예금은행대출금리_전세자금,전세자금대출,3.91,연리%
전국,,2024-05,예금은행대출금리_전세자금,전세자금대출,3.9,연리%
전국,,2024-06,예금은행대출금리_전세자금,전세자금대출,3.84,연리%
전국,,2024-07,예금은행대출금리_전세자금,전세자금대출,3.78,연리%
전국,,2024-08,예금은행대출금리_전세자금,전세자금대출,3.82,연리%
전국,,2024-09,예금은행대출금리_전세자금,전세자금대출,4.05,연리%
전국,,2024-10,예금은행대출금리_전세자금,전세자금대출,4.26,연리%
전국,,2024-11,예금은행대출금리_전세자금,전세자금대출,4.43,연리%
전국,,2024-12,예금은행대출금리_전세자금,전세자금대출,4.34,연리%
전국,,2025-01,예금은행대출금리_전세자금,전세자금대출,4.16,연리%
전국,,2025-02,예금은행대출금리_전세자금,전세자금대출,4.09,연리%
전국,,2025-03,예금은행대출금리_전세자금,전세자금대출,3.99,연리%
전국,,2025-04,예금은행대출금리_전세자금,전세자금대출,3.81,연리%
전국,,2025-05,예금은행대출금리_전세자금,전세자금대출,3.7,연리%
전국,,2025-06,예금은행대출금리_전세자금,전세자금대출,3.71,연리%
전국,,2025-07,예금은행대출금리_전세자금,전세자금대출,3.75,연리%
전국,,2025-08,예금은행대출금리_전세자금,전세자금대출,3.78,연리%
전국,,2025-09,예금은행대출금리_전세자금,전세자금대출,3.76,연리%
전국,,2025-10,예금은행대출금리_전세자금,전세자금대출,3.78,연리%
전국,,2025-11,예금은행대출금리_전세자금,전세자금대출,3.9,연리%
전국,,2025-12,예금은행대출금리_전세자금,전세자금대출,3.99,연리%
전국,,2026-01,예금은행대출금리_전세자금,전세자금대출,4.06,연리%
전국,,2026-02,예금은행대출금리_전세자금,전세자금대출,4.06,연리%
전국,,2026-03,예금은행대출금리_전세자금,전세자금대출,4.07,연리%
전국,,2026-04,예금은행대출금리_전세자금,전세자금대출,4.01,연리%
전국,,2026-05,예금은행대출금리_전세자금,전세자금대출,3.97,연리%
전국,,2026-06,예금은행대출금리_전세자금,전세자금대출,4.07,연리%
전국,,2026-07,예금은행대출금리_전세자금,전세자금대출,4.19,연리%
전국,,2001-09,예금은행대출금리_주택담보,주택담보대출,6.26,연리%
전국,,2001-10,예금은행대출금리_주택담보,주택담보대출,6.79,연리%
전국,,2001-11,예금은행대출금리_주택담보,주택담보대출,6.03,연리%
전국,,2001-12,예금은행대출금리_주택담보,주택담보대출,6.15,연리%
전국,,2002-01,예금은행대출금리_주택담보,주택담보대출,6,연리%
전국,,2002-02,예금은행대출금리_주택담보,주택담보대출,6.49,연리%
전국,,2002-03,예금은행대출금리_주택담보,주택담보대출,6.54,연리%
전국,,2002-04,예금은행대출금리_주택담보,주택담보대출,6.69,연리%
전국,,2002-05,예금은행대출금리_주택담보,주택담보대출,6.79,연리%
전국,,2002-06,예금은행대출금리_주택담보,주택담보대출,6.85,연리%
전국,,2002-07,예금은행대출금리_주택담보,주택담보대출,6.86,연리%
전국,,2002-08,예금은행대출금리_주택담보,주택담보대출,6.73,연리%
전국,,2002-09,예금은행대출금리_주택담보,주택담보대출,6.7,연리%
전국,,2002-10,예금은행대출금리_주택담보,주택담보대출,6.78,연리%
전국,,2002-11,예금은행대출금리_주택담보,주택담보대출,6.79,연리%
전국,,2002-12,예금은행대출금리_주택담보,주택담보대출,6.79,연리%
전국,,2003-01,예금은행대출금리_주택담보,주택담보대출,6.69,연리%
전국,,2003-02,예금은행대출금리_주택담보,주택담보대출,6.56,연리%
전국,,2003-03,예금은행대출금리_주택담보,주택담보대출,6.6,연리%
전국,,2003-04,예금은행대출금리_주택담보,주택담보대출,6.49,연리%
전국,,2003-05,예금은행대출금리_주택담보,주택담보대출,6.3,연리%
전국,,2003-06,예금은행대출금리_주택담보,주택담보대출,6.15,연리%
전국,,2003-07,예금은행대출금리_주택담보,주택담보대출,6.07,연리%
전국,,2003-08,예금은행대출금리_주택담보,주택담보대출,5.81,연리%
전국,,2003-09,예금은행대출금리_주택담보,주택담보대출,5.74,연리%
전국,,2003-10,예금은행대출금리_주택담보,주택담보대출,5.75,연리%
전국,,2003-11,예금은행대출금리_주택담보,주택담보대출,6.04,연리%
전국,,2003-12,예금은행대출금리_주택담보,주택담보대출,6.28,연리%
전국,,2004-01,예금은행대출금리_주택담보,주택담보대출,6.29,연리%
전국,,2004-02,예금은행대출금리_주택담보,주택담보대출,6.15,연리%
전국,,2004-03,예금은행대출금리_주택담보,주택담보대출,5.98,연리%
전국,,2004-04,예금은행대출금리_주택담보,주택담보대출,6.03,연리%
전국,,2004-05,예금은행대출금리_주택담보,주택담보대출,6.01,연리%
전국,,2004-06,예금은행대출금리_주택담보,주택담보대출,5.99,연리%
전국,,2004-07,예금은행대출금리_주택담보,주택담보대출,5.93,연리%
전국,,2004-08,예금은행대출금리_주택담보,주택담보대출,5.8,연리%
전국,,2004-09,예금은행대출금리_주택담보,주택담보대출,5.63,연리%
전국,,2004-10,예금은행대출금리_주택담보,주택담보대출,5.57,연리%
전국,,2004-11,예금은행대출금리_주택담보,주택담보대출,5.47,연리%
전국,,2004-12,예금은행대출금리_주택담보,주택담보대출,5.41,연리%
전국,,2005-01,예금은행대출금리_주택담보,주택담보대출,5.45,연리%
전국,,2005-02,예금은행대출금리_주택담보,주택담보대출,5.53,연리%
전국,,2005-03,예금은행대출금리_주택담보,주택담보대출,5.48,연리%
전국,,2005-04,예금은행대출금리_주택담보,주택담보대출,5.32,연리%
전국,,2005-05,예금은행대출금리_주택담보,주택담보대출,5.15,연리%
전국,,2005-06,예금은행대출금리_주택담보,주택담보대출,5.13,연리%
전국,,2005-07,예금은행대출금리_주택담보,주택담보대출,5.18,연리%
전국,,2005-08,예금은행대출금리_주택담보,주택담보대출,5.26,연리%
전국,,2005-09,예금은행대출금리_주택담보,주택담보대출,5.36,연리%
전국,,2005-10,예금은행대출금리_주택담보,주택담보대출,5.61,연리%
전국,,2005-11,예금은행대출금리_주택담보,주택담보대출,5.59,연리%
전국,,2005-12,예금은행대출금리_주택담보,주택담보대출,5.6,연리%
전국,,2006-01,예금은행대출금리_주택담보,주택담보대출,5.64,연리%
전국,,2006-02,예금은행대출금리_주택담보,주택담보대출,5.58,연리%
전국,,2006-03,예금은행대출금리_주택담보,주택담보대출,5.46,연리%
전국,,2006-04,예금은행대출금리_주택담보,주택담보대출,5.42,연리%
전국,,2006-05,예금은행대출금리_주택담보,주택담보대출,5.41,연리%
전국,,2006-06,예금은행대출금리_주택담보,주택담보대출,5.48,연리%
전국,,2006-07,예금은행대출금리_주택담보,주택담보대출,5.79,연리%
전국,,2006-08,예금은행대출금리_주택담보,주택담보대출,5.86,연리%
전국,,2006-09,예금은행대출금리_주택담보,주택담보대출,5.77,연리%
전국,,2006-10,예금은행대출금리_주택담보,주택담보대출,5.69,연리%
전국,,2006-11,예금은행대출금리_주택담보,주택담보대출,5.69,연리%
전국,,2006-12,예금은행대출금리_주택담보,주택담보대출,5.88,연리%
전국,,2007-01,예금은행대출금리_주택담보,주택담보대출,6.11,연리%
전국,,2007-02,예금은행대출금리_주택담보,주택담보대출,6.18,연리%
전국,,2007-03,예금은행대출금리_주택담보,주택담보대출,6.2,연리%
전국,,2007-04,예금은행대출금리_주택담보,주택담보대출,6.13,연리%
전국,,2007-05,예금은행대출금리_주택담보,주택담보대출,6.17,연리%
전국,,2007-06,예금은행대출금리_주택담보,주택담보대출,6.13,연리%
전국,,2007-07,예금은행대출금리_주택담보,주택담보대출,6.24,연리%
전국,,2007-08,예금은행대출금리_주택담보,주택담보대출,6.38,연리%
전국,,2007-09,예금은행대출금리_주택담보,주택담보대출,6.52,연리%
전국,,2007-10,예금은행대출금리_주택담보,주택담보대출,6.55,연리%
전국,,2007-11,예금은행대출금리_주택담보,주택담보대출,6.59,연리%
전국,,2007-12,예금은행대출금리_주택담보,주택담보대출,6.85,연리%
전국,,2008-01,예금은행대출금리_주택담보,주택담보대출,7.08,연리%
전국,,2008-02,예금은행대출금리_주택담보,주택담보대출,6.72,연리%
전국,,2008-03,예금은행대출금리_주택담보,주택담보대출,6.7,연리%
전국,,2008-04,예금은행대출금리_주택담보,주택담보대출,6.8,연리%
전국,,2008-05,예금은행대출금리_주택담보,주택담보대출,6.79,연리%
전국,,2008-06,예금은행대출금리_주택담보,주택담보대출,6.77,연리%
전국,,2008-07,예금은행대출금리_주택담보,주택담보대출,6.92,연리%
전국,,2008-08,예금은행대출금리_주택담보,주택담보대출,7.16,연리%
전국,,2008-09,예금은행대출금리_주택담보,주택담보대출,7.25,연리%
전국,,2008-10,예금은행대출금리_주택담보,주택담보대출,7.58,연리%
전국,,2008-11,예금은행대출금리_주택담보,주택담보대출,7.42,연리%
전국,,2008-12,예금은행대출금리_주택담보,주택담보대출,6.81,연리%
전국,,2009-01,예금은행대출금리_주택담보,주택담보대출,5.63,연리%
전국,,2009-02,예금은행대출금리_주택담보,주택담보대출,5.38,연리%
전국,,2009-03,예금은행대출금리_주택담보,주택담보대출,5.43,연리%
전국,,2009-04,예금은행대출금리_주택담보,주택담보대출,5.3,연리%
전국,,2009-05,예금은행대출금리_주택담보,주택담보대출,5.25,연리%
전국,,2009-06,예금은행대출금리_주택담보,주택담보대출,5.25,연리%
전국,,2009-07,예금은행대출금리_주택담보,주택담보대출,5.29,연리%
전국,,2009-08,예금은행대출금리_주택담보,주택담보대출,5.45,연리%
전국,,2009-09,예금은행대출금리_주택담보,주택담보대출,5.77,연리%
전국,,2009-10,예금은행대출금리_주택담보,주택담보대출,5.9,연리%
전국,,2009-11,예금은행대출금리_주택담보,주택담보대출,5.87,연리%
전국,,2009-12,예금은행대출금리_주택담보,주택담보대출,5.9,연리%
전국,,2010-01,예금은행대출금리_주택담보,주택담보대출,5.88,연리%
전국,,2010-02,예금은행대출금리_주택담보,주택담보대출,5.75,연리%
전국,,2010-03,예금은행대출금리_주택담보,주택담보대출,5.47,연리%
전국,,2010-04,예금은행대출금리_주택담보,주택담보대출,5.07,연리%
전국,,2010-05,예금은행대출금리_주택담보,주택담보대출,4.78,연리%
전국,,2010-06,예금은행대출금리_주택담보,주택담보대출,4.62,연리%
전국,,2010-07,예금은행대출금리_주택담보,주택담보대출,4.7,연리%
전국,,2010-08,예금은행대출금리_주택담보,주택담보대출,4.81,연리%
전국,,2010-09,예금은행대출금리_주택담보,주택담보대출,4.8,연리%
전국,,2010-10,예금은행대출금리_주택담보,주택담보대출,4.74,연리%
전국,,2010-11,예금은행대출금리_주택담보,주택담보대출,4.65,연리%
전국,,2010-12,예금은행대출금리_주택담보,주택담보대출,4.67,연리%
전국,,2011-01,예금은행대출금리_주택담보,주택담보대출,4.8,연리%
전국,,2011-02,예금은행대출금리_주택담보,주택담보대출,4.86,연리%
전국,,2011-03,예금은행대출금리_주택담보,주택담보대출,4.89,연리%
전국,,2011-04,예금은행대출금리_주택담보,주택담보대출,4.88,연리%
전국,,2011-05,예금은행대출금리_주택담보,주택담보대출,4.9,연리%
전국,,2011-06,예금은행대출금리_주택담보,주택담보대출,4.87,연리%
전국,,2011-07,예금은행대출금리_주택담보,주택담보대출,4.9,연리%
전국,,2011-08,예금은행대출금리_주택담보,주택담보대출,4.97,연리%
전국,,2011-09,예금은행대출금리_주택담보,주택담보대출,5,연리%
전국,,2011-10,예금은행대출금리_주택담보,주택담보대출,5.01,연리%
전국,,2011-11,예금은행대출금리_주택담보,주택담보대출,5.01,연리%
전국,,2011-12,예금은행대출금리_주택담보,주택담보대출,4.95,연리%
전국,,2012-01,예금은행대출금리_주택담보,주택담보대출,5.06,연리%
전국,,2012-02,예금은행대출금리_주택담보,주택담보대출,5.02,연리%
전국,,2012-03,예금은행대출금리_주택담보,주택담보대출,5,연리%
전국,,2012-04,예금은행대출금리_주택담보,주택담보대출,4.94,연리%
전국,,2012-05,예금은행대출금리_주택담보,주택담보대출,4.85,연리%
전국,,2012-06,예금은행대출금리_주택담보,주택담보대출,4.76,연리%
전국,,2012-07,예금은행대출금리_주택담보,주택담보대출,4.64,연리%
전국,,2012-08,예금은행대출금리_주택담보,주택담보대출,4.41,연리%
전국,,2012-09,예금은행대출금리_주택담보,주택담보대출,4.29,연리%
전국,,2012-10,예금은행대출금리_주택담보,주택담보대출,4.23,연리%
전국,,2012-11,예금은행대출금리_주택담보,주택담보대출,4.19,연리%
전국,,2012-12,예금은행대출금리_주택담보,주택담보대출,4.16,연리%
전국,,2013-01,예금은행대출금리_주택담보,주택담보대출,4.17,연리%
전국,,2013-02,예금은행대출금리_주택담보,주택담보대출,4.06,연리%
전국,,2013-03,예금은행대출금리_주택담보,주택담보대출,3.97,연리%
전국,,2013-04,예금은행대출금리_주택담보,주택담보대출,3.86,연리%
전국,,2013-05,예금은행대출금리_주택담보,주택담보대출,3.77,연리%
전국,,2013-06,예금은행대출금리_주택담보,주택담보대출,3.73,연리%
전국,,2013-07,예금은행대출금리_주택담보,주택담보대출,3.77,연리%
전국,,2013-08,예금은행대출금리_주택담보,주택담보대출,3.8,연리%
전국,,2013-09,예금은행대출금리_주택담보,주택담보대출,3.82,연리%
전국,,2013-10,예금은행대출금리_주택담보,주택담보대출,3.81,연리%
전국,,2013-11,예금은행대출금리_주택담보,주택담보대출,3.77,연리%
전국,,2013-12,예금은행대출금리_주택담보,주택담보대출,3.74,연리%
전국,,2014-01,예금은행대출금리_주택담보,주택담보대출,3.75,연리%
전국,,2014-02,예금은행대출금리_주택담보,주택담보대출,3.71,연리%
전국,,2014-03,예금은행대출금리_주택담보,주택담보대출,3.69,연리%
전국,,2014-04,예금은행대출금리_주택담보,주택담보대출,3.69,연리%
전국,,2014-05,예금은행대출금리_주택담보,주택담보대출,3.63,연리%
전국,,2014-06,예금은행대출금리_주택담보,주택담보대출,3.58,연리%
전국,,2014-07,예금은행대출금리_주택담보,주택담보대출,3.53,연리%
전국,,2014-08,예금은행대출금리_주택담보,주택담보대출,3.5,연리%
전국,,2014-09,예금은행대출금리_주택담보,주택담보대출,3.5,연리%
전국,,2014-10,예금은행대출금리_주택담보,주택담보대출,3.38,연리%
전국,,2014-11,예금은행대출금리_주택담보,주택담보대출,3.3,연리%
전국,,2014-12,예금은행대출금리_주택담보,주택담보대출,3.33,연리%
전국,,2015-01,예금은행대출금리_주택담보,주택담보대출,3.34,연리%
전국,,2015-02,예금은행대출금리_주택담보,주택담보대출,3.24,연리%
전국,,2015-03,예금은행대출금리_주택담보,주택담보대출,2.97,연리%
전국,,2015-04,예금은행대출금리_주택담보,주택담보대출,2.81,연리%
전국,,2015-05,예금은행대출금리_주택담보,주택담보대출,3.06,연리%
전국,,2015-06,예금은행대출금리_주택담보,주택담보대출,3.01,연리%
전국,,2015-07,예금은행대출금리_주택담보,주택담보대출,2.96,연리%
전국,,2015-08,예금은행대출금리_주택담보,주택담보대출,2.94,연리%
전국,,2015-09,예금은행대출금리_주택담보,주택담보대출,2.92,연리%
전국,,2015-10,예금은행대출금리_주택담보,주택담보대출,2.9,연리%
전국,,2015-11,예금은행대출금리_주택담보,주택담보대출,3.04,연리%
전국,,2015-12,예금은행대출금리_주택담보,주택담보대출,3.12,연리%
전국,,2016-01,예금은행대출금리_주택담보,주택담보대출,3.1,연리%
전국,,2016-02,예금은행대출금리_주택담보,주택담보대출,2.99,연리%
전국,,2016-03,예금은행대출금리_주택담보,주택담보대출,2.97,연리%
전국,,2016-04,예금은행대출금리_주택담보,주택담보대출,2.93,연리%
전국,,2016-05,예금은행대출금리_주택담보,주택담보대출,2.89,연리%
전국,,2016-06,예금은행대출금리_주택담보,주택담보대출,2.77,연리%
전국,,2016-07,예금은행대출금리_주택담보,주택담보대출,2.66,연리%
전국,,2016-08,예금은행대출금리_주택담보,주택담보대출,2.7,연리%
전국,,2016-09,예금은행대출금리_주택담보,주택담보대출,2.8,연리%
전국,,2016-10,예금은행대출금리_주택담보,주택담보대출,2.89,연리%
전국,,2016-11,예금은행대출금리_주택담보,주택담보대출,3.04,연리%
전국,,2016-12,예금은행대출금리_주택담보,주택담보대출,3.13,연리%
전국,,2017-01,예금은행대출금리_주택담보,주택담보대출,3.16,연리%
전국,,2017-02,예금은행대출금리_주택담보,주택담보대출,3.19,연리%
전국,,2017-03,예금은행대출금리_주택담보,주택담보대출,3.21,연리%
전국,,2017-04,예금은행대출금리_주택담보,주택담보대출,3.21,연리%
전국,,2017-05,예금은행대출금리_주택담보,주택담보대출,3.26,연리%
전국,,2017-06,예금은행대출금리_주택담보,주택담보대출,3.22,연리%
전국,,2017-07,예금은행대출금리_주택담보,주택담보대출,3.28,연리%
전국,,2017-08,예금은행대출금리_주택담보,주택담보대출,3.28,연리%
전국,,2017-09,예금은행대출금리_주택담보,주택담보대출,3.24,연리%
전국,,2017-10,예금은행대출금리_주택담보,주택담보대출,3.33,연리%
전국,,2017-11,예금은행대출금리_주택담보,주택담보대출,3.39,연리%
전국,,2017-12,예금은행대출금리_주택담보,주택담보대출,3.42,연리%
전국,,2018-01,예금은행대출금리_주택담보,주택담보대출,3.47,연리%
전국,,2018-02,예금은행대출금리_주택담보,주택담보대출,3.46,연리%
전국,,2018-03,예금은행대출금리_주택담보,주택담보대출,3.45,연리%
전국,,2018-04,예금은행대출금리_주택담보,주택담보대출,3.47,연리%
전국,,2018-05,예금은행대출금리_주택담보,주택담보대출,3.49,연리%
전국,,2018-06,예금은행대출금리_주택담보,주택담보대출,3.46,연리%
전국,,2018-07,예금은행대출금리_주택담보,주택담보대출,3.44,연리%
전국,,2018-08,예금은행대출금리_주택담보,주택담보대출,3.36,연리%
전국,,2018-09,예금은행대출금리_주택담보,주택담보대출,3.29,연리%
전국,,2018-10,예금은행대출금리_주택담보,주택담보대출,3.31,연리%
전국,,2018-11,예금은행대출금리_주택담보,주택담보대출,3.28,연리%
전국,,2018-12,예금은행대출금리_주택담보,주택담보대출,3.19,연리%
전국,,2019-01,예금은행대출금리_주택담보,주택담보대출,3.12,연리%
전국,,2019-02,예금은행대출금리_주택담보,주택담보대출,3.08,연리%
전국,,2019-03,예금은행대출금리_주택담보,주택담보대출,3.04,연리%
전국,,2019-04,예금은행대출금리_주택담보,주택담보대출,2.98,연리%
전국,,2019-05,예금은행대출금리_주택담보,주택담보대출,2.93,연리%
전국,,2019-06,예금은행대출금리_주택담보,주택담보대출,2.74,연리%
전국,,2019-07,예금은행대출금리_주택담보,주택담보대출,2.64,연리%
전국,,2019-08,예금은행대출금리_주택담보,주택담보대출,2.47,연리%
전국,,2019-09,예금은행대출금리_주택담보,주택담보대출,2.51,연리%
전국,,2019-10,예금은행대출금리_주택담보,주택담보대출,2.5,연리%
전국,,2019-11,예금은행대출금리_주택담보,주택담보대출,2.45,연리%
전국,,2019-12,예금은행대출금리_주택담보,주택담보대출,2.45,연리%
전국,,2020-01,예금은행대출금리_주택담보,주택담보대출,2.51,연리%
전국,,2020-02,예금은행대출금리_주택담보,주택담보대출,2.52,연리%
전국,,2020-03,예금은행대출금리_주택담보,주택담보대출,2.48,연리%
전국,,2020-04,예금은행대출금리_주택담보,주택담보대출,2.58,연리%
전국,,2020-05,예금은행대출금리_주택담보,주택담보대출,2.52,연리%
전국,,2020-06,예금은행대출금리_주택담보,주택담보대출,2.49,연리%
전국,,2020-07,예금은행대출금리_주택담보,주택담보대출,2.45,연리%
전국,,2020-08,예금은행대출금리_주택담보,주택담보대출,2.39,연리%
전국,,2020-09,예금은행대출금리_주택담보,주택담보대출,2.44,연리%
전국,,2020-10,예금은행대출금리_주택담보,주택담보대출,2.47,연리%
전국,,2020-11,예금은행대출금리_주택담보,주택담보대출,2.56,연리%
전국,,2020-12,예금은행대출금리_주택담보,주택담보대출,2.59,연리%
전국,,2021-01,예금은행대출금리_주택담보,주택담보대출,2.63,연리%
전국,,2021-02,예금은행대출금리_주택담보,주택담보대출,2.66,연리%
전국,,2021-03,예금은행대출금리_주택담보,주택담보대출,2.73,연리%
전국,,2021-04,예금은행대출금리_주택담보,주택담보대출,2.73,연리%
전국,,2021-05,예금은행대출금리_주택담보,주택담보대출,2.69,연리%
전국,,2021-06,예금은행대출금리_주택담보,주택담보대출,2.74,연리%
전국,,2021-07,예금은행대출금리_주택담보,주택담보대출,2.81,연리%
전국,,2021-08,예금은행대출금리_주택담보,주택담보대출,2.88,연리%
전국,,2021-09,예금은행대출금리_주택담보,주택담보대출,3.01,연리%
전국,,2021-10,예금은행대출금리_주택담보,주택담보대출,3.26,연리%
전국,,2021-11,예금은행대출금리_주택담보,주택담보대출,3.51,연리%
전국,,2021-12,예금은행대출금리_주택담보,주택담보대출,3.63,연리%
전국,,2022-01,예금은행대출금리_주택담보,주택담보대출,3.85,연리%
전국,,2022-02,예금은행대출금리_주택담보,주택담보대출,3.88,연리%
전국,,2022-03,예금은행대출금리_주택담보,주택담보대출,3.84,연리%
전국,,2022-04,예금은행대출금리_주택담보,주택담보대출,3.9,연리%
전국,,2022-05,예금은행대출금리_주택담보,주택담보대출,3.9,연리%
전국,,2022-06,예금은행대출금리_주택담보,주택담보대출,4.04,연리%
전국,,2022-07,예금은행대출금리_주택담보,주택담보대출,4.16,연리%
전국,,2022-08,예금은행대출금리_주택담보,주택담보대출,4.35,연리%
전국,,2022-09,예금은행대출금리_주택담보,주택담보대출,4.79,연리%
전국,,2022-10,예금은행대출금리_주택담보,주택담보대출,4.82,연리%
전국,,2022-11,예금은행대출금리_주택담보,주택담보대출,4.74,연리%
전국,,2022-12,예금은행대출금리_주택담보,주택담보대출,4.63,연리%
전국,,2023-01,예금은행대출금리_주택담보,주택담보대출,4.58,연리%
전국,,2023-02,예금은행대출금리_주택담보,주택담보대출,4.56,연리%
전국,,2023-03,예금은행대출금리_주택담보,주택담보대출,4.4,연리%
전국,,2023-04,예금은행대출금리_주택담보,주택담보대출,4.24,연리%
전국,,2023-05,예금은행대출금리_주택담보,주택담보대출,4.21,연리%
전국,,2023-06,예금은행대출금리_주택담보,주택담보대출,4.26,연리%
전국,,2023-07,예금은행대출금리_주택담보,주택담보대출,4.28,연리%
전국,,2023-08,예금은행대출금리_주택담보,주택담보대출,4.31,연리%
전국,,2023-09,예금은행대출금리_주택담보,주택담보대출,4.35,연리%
전국,,2023-10,예금은행대출금리_주택담보,주택담보대출,4.56,연리%
전국,,2023-11,예금은행대출금리_주택담보,주택담보대출,4.48,연리%
전국,,2023-12,예금은행대출금리_주택담보,주택담보대출,4.16,연리%
전국,,2024-01,예금은행대출금리_주택담보,주택담보대출,3.99,연리%
전국,,2024-02,예금은행대출금리_주택담보,주택담보대출,3.96,연리%
전국,,2024-03,예금은행대출금리_주택담보,주택담보대출,3.94,연리%
전국,,2024-04,예금은행대출금리_주택담보,주택담보대출,3.93,연리%
전국,,2024-05,예금은행대출금리_주택담보,주택담보대출,3.91,연리%
전국,,2024-06,예금은행대출금리_주택담보,주택담보대출,3.71,연리%
전국,,2024-07,예금은행대출금리_주택담보,주택담보대출,3.5,연리%
전국,,2024-08,예금은행대출금리_주택담보,주택담보대출,3.51,연리%
전국,,2024-09,예금은행대출금리_주택담보,주택담보대출,3.74,연리%
전국,,2024-10,예금은행대출금리_주택담보,주택담보대출,4.05,연리%
전국,,2024-11,예금은행대출금리_주택담보,주택담보대출,4.3,연리%
전국,,2024-12,예금은행대출금리_주택담보,주택담보대출,4.25,연리%
전국,,2025-01,예금은행대출금리_주택담보,주택담보대출,4.27,연리%
전국,,2025-02,예금은행대출금리_주택담보,주택담보대출,4.23,연리%
전국,,2025-03,예금은행대출금리_주택담보,주택담보대출,4.17,연리%
전국,,2025-04,예금은행대출금리_주택담보,주택담보대출,3.98,연리%
전국,,2025-05,예금은행대출금리_주택담보,주택담보대출,3.87,연리%
전국,,2025-06,예금은행대출금리_주택담보,주택담보대출,3.93,연리%
전국,,2025-07,예금은행대출금리_주택담보,주택담보대출,3.96,연리%
전국,,2025-08,예금은행대출금리_주택담보,주택담보대출,3.96,연리%
전국,,2025-09,예금은행대출금리_주택담보,주택담보대출,3.96,연리%
전국,,2025-10,예금은행대출금리_주택담보,주택담보대출,3.98,연리%
전국,,2025-11,예금은행대출금리_주택담보,주택담보대출,4.17,연리%
전국,,2025-12,예금은행대출금리_주택담보,주택담보대출,4.23,연리%
전국,,2026-01,예금은행대출금리_주택담보,주택담보대출,4.29,연리%
전국,,2026-02,예금은행대출금리_주택담보,주택담보대출,4.32,연리%
전국,,2026-03,예금은행대출금리_주택담보,주택담보대출,4.34,연리%
전국,,2026-04,예금은행대출금리_주택담보,주택담보대출,4.31,연리%
전국,,2026-05,예금은행대출금리_주택담보,주택담보대출,4.32,연리%
전국,,2026-06,예금은행대출금리_주택담보,주택담보대출,4.36,연리%
전국,,2026-07,예금은행대출금리_주택담보,주택담보대출,4.48,연리%
전국,,2003-10,예금취급기관_가계대출,예금취급기관,317095.4,십억원
전국,,2003-11,예금취급기관_가계대출,예금취급기관,319263.9,십억원
전국,,2003-12,예금취급기관_가계대출,예금취급기관,322013,십억원
전국,,2004-01,예금취급기관_가계대출,예금취급기관,320769.8,십억원
전국,,2004-02,예금취급기관_가계대출,예금취급기관,324479.4,십억원
전국,,2004-03,예금취급기관_가계대출,예금취급기관,328557.2,십억원
전국,,2004-04,예금취급기관_가계대출,예금취급기관,331650.8,십억원
전국,,2004-05,예금취급기관_가계대출,예금취급기관,334895.4,십억원
전국,,2004-06,예금취급기관_가계대출,예금취급기관,338134.5,십억원
전국,,2004-07,예금취급기관_가계대출,예금취급기관,339962.8,십억원
전국,,2004-08,예금취급기관_가계대출,예금취급기관,343899,십억원
전국,,2004-09,예금취급기관_가계대출,예금취급기관,345963.3,십억원
전국,,2004-10,예금취급기관_가계대출,예금취급기관,348431.8,십억원
전국,,2004-11,예금취급기관_가계대출,예금취급기관,352118.1,십억원
전국,,2004-12,예금취급기관_가계대출,예금취급기관,355540,십억원
전국,,2005-01,예금취급기관_가계대출,예금취급기관,354802.3,십억원
전국,,2005-02,예금취급기관_가계대출,예금취급기관,356815.9,십억원
전국,,2005-03,예금취급기관_가계대출,예금취급기관,358717.9,십억원
전국,,2005-04,예금취급기관_가계대출,예금취급기관,362732,십억원
전국,,2005-05,예금취급기관_가계대출,예금취급기관,368418.8,십억원
전국,,2005-06,예금취급기관_가계대출,예금취급기관,374072.8,십억원
전국,,2005-07,예금취급기관_가계대출,예금취급기관,376870.5,십억원
전국,,2005-08,예금취급기관_가계대출,예금취급기관,382373.2,십억원
전국,,2005-09,예금취급기관_가계대출,예금취급기관,384365.5,십억원
전국,,2005-10,예금취급기관_가계대출,예금취급기관,386813.6,십억원
전국,,2005-11,예금취급기관_가계대출,예금취급기관,389765.8,십억원
전국,,2005-12,예금취급기관_가계대출,예금취급기관,393239.5,십억원
전국,,2006-01,예금취급기관_가계대출,예금취급기관,391955.4,십억원
전국,,2006-02,예금취급기관_가계대출,예금취급기관,394899.3,십억원
전국,,2006-03,예금취급기관_가계대출,예금취급기관,398058.2,십억원
전국,,2006-04,예금취급기관_가계대출,예금취급기관,402414.5,십억원
전국,,2006-05,예금취급기관_가계대출,예금취급기관,407842,십억원
전국,,2006-06,예금취급기관_가계대출,예금취급기관,412583.5,십억원
전국,,2006-07,예금취급기관_가계대출,예금취급기관,416151,십억원
전국,,2006-08,예금취급기관_가계대출,예금취급기관,419683.2,십억원
전국,,2006-09,예금취급기관_가계대출,예금취급기관,424584.6,십억원
전국,,2006-10,예금취급기관_가계대출,예금취급기관,429295,십억원
전국,,2006-11,예금취급기관_가계대출,예금취급기관,436398.1,십억원
전국,,2006-12,예금취급기관_가계대출,예금취급기관,443348.2,십억원
전국,,2007-01,예금취급기관_가계대출,예금취급기관,442116.3,십억원
전국,,2007-02,예금취급기관_가계대출,예금취급기관,445113.7,십억원
전국,,2007-03,예금취급기관_가계대출,예금취급기관,446559.6,십억원
전국,,2007-04,예금취급기관_가계대출,예금취급기관,448897.8,십억원
전국,,2007-05,예금취급기관_가계대출,예금취급기관,450369,십억원
전국,,2007-06,예금취급기관_가계대출,예금취급기관,453063.8,십억원
전국,,2007-07,예금취급기관_가계대출,예금취급기관,455971.5,십억원
전국,,2007-08,예금취급기관_가계대출,예금취급기관,460929.6,십억원
전국,,2007-09,예금취급기관_가계대출,예금취급기관,462807,십억원
전국,,2007-10,예금취급기관_가계대출,예금취급기관,467870.9,십억원
전국,,2007-11,예금취급기관_가계대출,예금취급기관,472698.3,십억원
전국,,2007-12,예금취급기관_가계대출,예금취급기관,474094.4,십억원
전국,,2008-01,예금취급기관_가계대출,예금취급기관,473606.9,십억원
전국,,2008-02,예금취급기관_가계대출,예금취급기관,476919.4,십억원
전국,,2008-03,예금취급기관_가계대출,예금취급기관,480414.6,십억원
전국,,2008-04,예금취급기관_가계대출,예금취급기관,485302.9,십억원
전국,,2008-05,예금취급기관_가계대출,예금취급기관,489620.6,십억원
전국,,2008-06,예금취급기관_가계대출,예금취급기관,494953.7,십억원
전국,,2008-07,예금취급기관_가계대출,예금취급기관,498816.4,십억원
전국,,2008-08,예금취급기관_가계대출,예금취급기관,502479.5,십억원
전국,,2008-09,예금취급기관_가계대출,예금취급기관,506379.7,십억원
전국,,2008-10,예금취급기관_가계대출,예금취급기관,509177.8,십억원
전국,,2008-11,예금취급기관_가계대출,예금취급기관,511993.9,십억원
전국,,2008-12,예금취급기관_가계대출,예금취급기관,515264,십억원
전국,,2009-01,예금취급기관_가계대출,예금취급기관,511998.3,십억원
전국,,2009-02,예금취급기관_가계대출,예금취급기관,514789.4,십억원
전국,,2009-03,예금취급기관_가계대출,예금취급기관,516625.8,십억원
전국,,2009-04,예금취급기관_가계대출,예금취급기관,518871.1,십억원
전국,,2009-05,예금취급기관_가계대출,예금취급기관,522217.3,십억원
전국,,2009-06,예금취급기관_가계대출,예금취급기관,527686.8,십억원
전국,,2009-07,예금취급기관_가계대출,예금취급기관,532047.6,십억원
전국,,2009-08,예금취급기관_가계대출,예금취급기관,536675.5,십억원
전국,,2009-09,예금취급기관_가계대출,예금취급기관,537787.6,십억원
전국,,2009-10,예금취급기관_가계대출,예금취급기관,541111.7,십억원
전국,,2009-11,예금취급기관_가계대출,예금취급기관,545793.5,십억원
전국,,2009-12,예금취급기관_가계대출,예금취급기관,549760,십억원
전국,,2010-01,예금취급기관_가계대출,예금취급기관,548723.3,십억원
전국,,2010-02,예금취급기관_가계대출,예금취급기관,549462.9,십억원
전국,,2010-03,예금취급기관_가계대출,예금취급기관,553139.7,십억원
전국,,2010-04,예금취급기관_가계대출,예금취급기관,556580.2,십억원
전국,,2010-05,예금취급기관_가계대출,예금취급기관,562771.4,십억원
전국,,2010-06,예금취급기관_가계대출,예금취급기관,566741.3,십억원
전국,,2010-07,예금취급기관_가계대출,예금취급기관,569875.5,십억원
전국,,2010-08,예금취급기관_가계대출,예금취급기관,573315.8,십억원
전국,,2010-09,예금취급기관_가계대출,예금취급기관,576424.7,십억원
전국,,2010-10,예금취급기관_가계대출,예금취급기관,581735.1,십억원
전국,,2010-11,예금취급기관_가계대출,예금취급기관,588076.5,십억원
전국,,2010-12,예금취급기관_가계대출,예금취급기관,593540.4,십억원
전국,,2011-01,예금취급기관_가계대출,예금취급기관,593505.9,십억원
전국,,2011-02,예금취급기관_가계대출,예금취급기관,596531.9,십억원
전국,,2011-03,예금취급기관_가계대출,예금취급기관,599373.8,십억원
전국,,2011-04,예금취급기관_가계대출,예금취급기관,603754.6,십억원
전국,,2011-05,예금취급기관_가계대출,예금취급기관,609153.2,십억원
전국,,2011-06,예금취급기관_가계대출,예금취급기관,614639.1,십억원
전국,,2011-07,예금취급기관_가계대출,예금취급기관,618984.7,십억원
전국,,2011-08,예금취급기관_가계대출,예금취급기관,624049.2,십억원
전국,,2011-09,예금취급기관_가계대출,예금취급기관,625419.4,십억원
전국,,2011-10,예금취급기관_가계대출,예금취급기관,631117.1,십억원
전국,,2011-11,예금취급기관_가계대출,예금취급기관,634860,십억원
전국,,2011-12,예금취급기관_가계대출,예금취급기관,639605.6,십억원
전국,,2012-01,예금취급기관_가계대출,예금취급기관,636200.9,십억원
전국,,2012-02,예금취급기관_가계대출,예금취급기관,637211.6,십억원
전국,,2012-03,예금취급기관_가계대출,예금취급기관,637123.8,십억원
전국,,2012-04,예금취급기관_가계대출,예금취급기관,639583.9,십억원
전국,,2012-05,예금취급기관_가계대출,예금취급기관,642741.1,십억원
전국,,2012-06,예금취급기관_가계대출,예금취급기관,645854.9,십억원
전국,,2012-07,예금취급기관_가계대출,예금취급기관,647552.4,십억원
전국,,2012-08,예금취급기관_가계대출,예금취급기관,649818.9,십억원
전국,,2012-09,예금취급기관_가계대출,예금취급기관,648512.3,십억원
전국,,2012-10,예금취급기관_가계대출,예금취급기관,651132.8,십억원
전국,,2012-11,예금취급기관_가계대출,예금취급기관,653102.3,십억원
전국,,2012-12,예금취급기관_가계대출,예금취급기관,659858.3,십억원
전국,,2013-01,예금취급기관_가계대출,예금취급기관,656243.3,십억원
전국,,2013-02,예금취급기관_가계대출,예금취급기관,654445.9,십억원
전국,,2013-03,예금취급기관_가계대출,예금취급기관,655063.9,십억원
전국,,2013-04,예금취급기관_가계대출,예금취급기관,656479.2,십억원
전국,,2013-05,예금취급기관_가계대출,예금취급기관,659877.1,십억원
전국,,2013-06,예금취급기관_가계대출,예금취급기관,666423.4,십억원
전국,,2013-07,예금취급기관_가계대출,예금취급기관,667545.9,십억원
전국,,2013-08,예금취급기관_가계대출,예금취급기관,670827.5,십억원
전국,,2013-09,예금취급기관_가계대출,예금취급기관,672072.2,십억원
전국,,2013-10,예금취급기관_가계대출,예금취급기관,676077.7,십억원
전국,,2013-11,예금취급기관_가계대출,예금취급기관,681121.3,십억원
전국,,2013-12,예금취급기관_가계대출,예금취급기관,687186.4,십억원
전국,,2014-01,예금취급기관_가계대출,예금취급기관,685180.7,십억원
전국,,2014-02,예금취급기관_가계대출,예금취급기관,688137.3,십억원
전국,,2014-03,예금취급기관_가계대출,예금취급기관,690570.9,십억원
전국,,2014-04,예금취급기관_가계대출,예금취급기관,695539.1,십억원
전국,,2014-05,예금취급기관_가계대출,예금취급기관,699317.6,십억원
전국,,2014-06,예금취급기관_가계대출,예금취급기관,705225.9,십억원
전국,,2014-07,예금취급기관_가계대출,예금취급기관,710954.9,십억원
전국,,2014-08,예금취급기관_가계대출,예금취급기관,717236,십억원
전국,,2014-09,예금취급기관_가계대출,예금취급기관,722884.9,십억원
전국,,2014-10,예금취급기관_가계대출,예금취급기관,730645.4,십억원
전국,,2014-11,예금취급기관_가계대출,예금취급기관,738162.3,십억원
전국,,2014-12,예금취급기관_가계대출,예금취급기관,745823.2,십억원
전국,,2015-01,예금취급기관_가계대출,예금취급기관,746493.7,십억원
전국,,2015-02,예금취급기관_가계대출,예금취급기관,750272.9,십억원
전국,,2015-03,예금취급기관_가계대출,예금취급기관,755124.9,십억원
전국,,2015-04,예금취급기관_가계대출,예금취급기관,765240.8,십억원
전국,,2015-05,예금취급기관_가계대출,예금취급기관,768150.8,십억원
전국,,2015-06,예금취급기관_가계대출,예금취급기관,759947.8,십억원
전국,,2015-07,예금취급기관_가계대출,예금취급기관,763268.2,십억원
전국,,2015-08,예금취급기관_가계대출,예금취급기관,773068.4,십억원
전국,,2015-09,예금취급기관_가계대출,예금취급기관,780590.2,십억원
전국,,2015-10,예금취급기관_가계대출,예금취급기관,792401.9,십억원
전국,,2015-11,예금취급기관_가계대출,예금취급기관,801296.2,십억원
전국,,2015-12,예금취급기관_가계대출,예금취급기관,812360,십억원
전국,,2016-01,예금취급기관_가계대출,예금취급기관,815207.3,십억원
전국,,2016-02,예금취급기관_가계대출,예금취급기관,818680.7,십억원
전국,,2016-03,예금취급기관_가계대출,예금취급기관,825506,십억원
전국,,2016-04,예금취급기관_가계대출,예금취급기관,833242.2,십억원
전국,,2016-05,예금취급기관_가계대출,예금취급기관,843348.3,십억원
전국,,2016-06,예금취급기관_가계대출,예금취급기관,853309.9,십억원
전국,,2016-07,예금취급기관_가계대출,예금취급기관,861646.9,십억원
전국,,2016-08,예금취급기관_가계대출,예금취급기관,873305.7,십억원
전국,,2016-09,예금취급기관_가계대출,예금취급기관,881665.9,십억원
전국,,2016-10,예금취급기관_가계대출,예금취급기관,891837.3,십억원
전국,,2016-11,예금취급기관_가계대출,예금취급기관,903488.8,십억원
전국,,2016-12,예금취급기관_가계대출,예금취급기관,908675.7,십억원
전국,,2017-01,예금취급기관_가계대출,예금취급기관,908985,십억원
전국,,2017-02,예금취급기관_가계대출,예금취급기관,912946.4,십억원
전국,,2017-03,예금취급기관_가계대출,예금취급기관,917092.7,십억원
전국,,2017-04,예금취급기관_가계대출,예금취급기관,922033.7,십억원
전국,,2017-05,예금취급기관_가계대출,예금취급기관,929148.3,십억원
전국,,2017-06,예금취급기관_가계대출,예금취급기관,935349.8,십억원
전국,,2017-07,예금취급기관_가계대출,예금취급기관,941743.1,십억원
전국,,2017-08,예금취급기관_가계대출,예금취급기관,949144.2,십억원
전국,,2017-09,예금취급기관_가계대출,예금취급기관,954593.1,십억원
전국,,2017-10,예금취급기관_가계대출,예금취급기관,962261.4,십억원
전국,,2017-11,예금취급기관_가계대출,예금취급기관,970075.9,십억원
전국,,2017-12,예금취급기관_가계대출,예금취급기관,974569.5,십억원
전국,,2018-01,예금취급기관_가계대출,예금취급기관,977531.6,십억원
전국,,2018-02,예금취급기관_가계대출,예금취급기관,979557.1,십억원
전국,,2018-03,예금취급기관_가계대출,예금취급기관,983419,십억원
전국,,2018-04,예금취급기관_가계대출,예금취급기관,988831.2,십억원
전국,,2018-05,예금취급기관_가계대출,예금취급기관,993709.2,십억원
전국,,2018-06,예금취급기관_가계대출,예금취급기관,998756.3,십억원
전국,,2018-07,예금취급기관_가계대출,예금취급기관,1002688.6,십억원
전국,,2018-08,예금취급기관_가계대출,예금취급기관,1008529.4,십억원
전국,,2018-09,예금취급기관_가계대출,예금취급기관,1012933,십억원
전국,,2018-10,예금취급기관_가계대출,예금취급기관,1020875,십억원
전국,,2018-11,예금취급기관_가계대출,예금취급기관,1028154.8,십억원
전국,,2018-12,예금취급기관_가계대출,예금취급기관,1033565.4,십억원
전국,,2019-01,예금취급기관_가계대출,예금취급기관,1032937.2,십억원
전국,,2019-02,예금취급기관_가계대출,예금취급기관,1034256.7,십억원
전국,,2019-03,예금취급기관_가계대출,예금취급기관,1035640.4,십억원
전국,,2019-04,예금취급기관_가계대출,예금취급기관,1039879.2,십억원
전국,,2019-05,예금취급기관_가계대출,예금취급기관,1044681.9,십억원
전국,,2019-06,예금취급기관_가계대출,예금취급기관,1049349.9,십억원
전국,,2019-07,예금취급기관_가계대출,예금취급기관,1055135.2,십억원
전국,,2019-08,예금취급기관_가계대출,예금취급기관,1061985.3,십억원
전국,,2019-09,예금취급기관_가계대출,예금취급기관,1066028.2,십억원
전국,,2019-10,예금취급기관_가계대출,예금취급기관,1074036.7,십억원
전국,,2019-11,예금취급기관_가계대출,예금취급기관,1079899.6,십억원
전국,,2019-12,예금취급기관_가계대출,예금취급기관,1083506.5,십억원
전국,,2020-01,예금취급기관_가계대출,예금취급기관,1083000.6,십억원
전국,,2020-02,예금취급기관_가계대출,예금취급기관,1085914.4,십억원
전국,,2020-03,예금취급기관_가계대출,예금취급기관,1093996.5,십억원
전국,,2020-04,예금취급기관_가계대출,예금취급기관,1098979.3,십억원
전국,,2020-05,예금취급기관_가계대출,예금취급기관,1102488.7,십억원
전국,,2020-06,예금취급기관_가계대출,예금취급기관,1108498,십억원
전국,,2020-07,예금취급기관_가계대출,예금취급기관,1115389.8,십억원
전국,,2020-08,예금취급기관_가계대출,예금취급기관,1127381.2,십억원
전국,,2020-09,예금취급기관_가계대출,예금취급기관,1137429.5,십억원
전국,,2020-10,예금취급기관_가계대출,예금취급기관,1148905.9,십억원
전국,,2020-11,예금취급기관_가계대출,예금취급기관,1165134,십억원
전국,,2020-12,예금취급기관_가계대출,예금취급기관,1172737.3,십억원
전국,,2021-01,예금취급기관_가계대출,예금취급기관,1180818.4,십억원
전국,,2021-02,예금취급기관_가계대출,예금취급기관,1189039.8,십억원
전국,,2021-03,예금취급기관_가계대출,예금취급기관,1196829.2,십억원
전국,,2021-04,예금취급기관_가계대출,예금취급기관,1215584.8,십억원
전국,,2021-05,예금취급기관_가계대출,예금취급기관,1211393.3,십억원
전국,,2021-06,예금취급기관_가계대출,예금취급기관,1218040.2,십억원
전국,,2021-07,예금취급기관_가계대출,예금취급기관,1230863.7,십억원
전국,,2021-08,예금취급기관_가계대출,예금취급기관,1238684.5,십억원
전국,,2021-09,예금취급기관_가계대출,예금취급기관,1247144.7,십억원
전국,,2021-10,예금취급기관_가계대출,예금취급기관,1253287.8,십억원
전국,,2021-11,예금취급기관_가계대출,예금취급기관,1259077.6,십억원
전국,,2021-12,예금취급기관_가계대출,예금취급기관,1259892.6,십억원
전국,,2022-01,예금취급기관_가계대출,예금취급기관,1258229.5,십억원
전국,,2022-02,예금취급기관_가계대출,예금취급기관,1256849.7,십억원
전국,,2022-03,예금취급기관_가계대출,예금취급기관,1252757.2,십억원
전국,,2022-04,예금취급기관_가계대출,예금취급기관,1252865.3,십억원
전국,,2022-05,예금취급기관_가계대출,예금취급기관,1252781.8,십억원
전국,,2022-06,예금취급기관_가계대출,예금취급기관,1253388.1,십억원
전국,,2022-07,예금취급기관_가계대출,예금취급기관,1251270.6,십억원
전국,,2022-08,예금취급기관_가계대출,예금취급기관,1251157,십억원
전국,,2022-09,예금취급기관_가계대출,예금취급기관,1250132.7,십억원
전국,,2022-10,예금취급기관_가계대출,예금취급기관,1249767.3,십억원
전국,,2022-11,예금취급기관_가계대출,예금취급기관,1247773.6,십억원
전국,,2022-12,예금취급기관_가계대출,예금취급기관,1245852.7,십억원
전국,,2023-01,예금취급기관_가계대출,예금취급기관,1238515.9,십억원
전국,,2023-02,예금취급기관_가계대출,예금취급기관,1232945.2,십억원
전국,,2023-03,예금취급기관_가계대출,예금취급기관,1223744.6,십억원
전국,,2023-04,예금취급기관_가계대출,예금취급기관,1219183.3,십억원
전국,,2023-05,예금취급기관_가계대출,예금취급기관,1219224.4,십억원
전국,,2023-06,예금취급기관_가계대출,예금취급기관,1220612.2,십억원
전국,,2023-07,예금취급기관_가계대출,예금취급기관,1222814,십억원
전국,,2023-08,예금취급기관_가계대출,예금취급기관,1224789.3,십억원
전국,,2023-09,예금취급기관_가계대출,예금취급기관,1225664.6,십억원
전국,,2023-10,예금취급기관_가계대출,예금취급기관,1229314.5,십억원
전국,,2023-11,예금취급기관_가계대출,예금취급기관,1231597.1,십억원
전국,,2023-12,예금취급기관_가계대출,예금취급기관,1231037.7,십억원
전국,,2024-01,예금취급기관_가계대출,예금취급기관,1232244,십억원
전국,,2024-02,예금취급기관_가계대출,예금취급기관,1230997.8,십억원
전국,,2024-03,예금취급기관_가계대출,예금취급기관,1226098,십억원
전국,,2024-04,예금취급기관_가계대출,예금취급기관,1230031,십억원
전국,,2024-05,예금취급기관_가계대출,예금취급기관,1234936.3,십억원
전국,,2024-06,예금취급기관_가계대출,예금취급기관,1239381.3,십억원
전국,,2024-07,예금취급기관_가계대출,예금취급기관,1244664.1,십억원
전국,,2024-08,예금취급기관_가계대출,예금취급기관,1254330.5,십억원
전국,,2024-09,예금취급기관_가계대출,예금취급기관,1260275.1,십억원
전국,,2024-10,예금취급기관_가계대출,예금취급기관,1264622,십억원
전국,,2024-11,예금취급기관_가계대출,예금취급기관,1269810.4,십억원
전국,,2024-12,예금취급기관_가계대출,예금취급기관,1273139.2,십억원
전국,,2025-01,예금취급기관_가계대출,예금취급기관,1273775.9,십억원
전국,,2025-02,예금취급기관_가계대출,예금취급기관,1279352.1,십억원
전국,,2025-03,예금취급기관_가계대출,예금취급기관,1282455.9,십억원
전국,,2025-04,예금취급기관_가계대출,예금취급기관,1289279.4,십억원
전국,,2025-05,예금취급기관_가계대출,예금취급기관,1296049.4,십억원
전국,,2025-06,예금취급기관_가계대출,예금취급기관,1304610.7,십억원
전국,,2025-07,예금취급기관_가계대출,예금취급기관,1308782.4,십억원
전국,,2025-08,예금취급기관_가계대출,예금취급기관,1314357,십억원
전국,,2025-09,예금취급기관_가계대출,예금취급기관,1316613.6,십억원
전국,,2025-10,예금취급기관_가계대출,예금취급기관,1321670.2,십억원
전국,,2025-11,예금취급기관_가계대출,예금취급기관,1325872.6,십억원
전국,,2025-12,예금취급기관_가계대출,예금취급기관,1326681.3,십억원
전국,,2026-01,예금취급기관_가계대출,예금취급기관,1327867.4,십억원
전국,,2026-02,예금취급기관_가계대출,예금취급기관,1331582.9,십억원
전국,,2026-03,예금취급기관_가계대출,예금취급기관,1334607.5,십억원
전국,,2026-04,예금취급기관_가계대출,예금취급기관,1338626.4,십억원
전국,,2026-05,예금취급기관_가계대출,예금취급기관,1345183.5,십억원
전국,,2026-06,예금취급기관_가계대출,예금취급기관,1350997,십억원
전국,,2026-07,예금취급기관_가계대출,예금취급기관,1356649.2,십억원
전국,,2007-12,예금취급기관_주택관련대출,주택관련대출-예금취급기관,291082.9,십억원
전국,,2008-01,예금취급기관_주택관련대출,주택관련대출-예금취급기관,291623.3,십억원
전국,,2008-02,예금취급기관_주택관련대출,주택관련대출-예금취급기관,290639,십억원
전국,,2008-03,예금취급기관_주택관련대출,주택관련대출-예금취급기관,291617.7,십억원
전국,,2008-04,예금취급기관_주택관련대출,주택관련대출-예금취급기관,294082.5,십억원
전국,,2008-05,예금취급기관_주택관련대출,주택관련대출-예금취급기관,296070.9,십억원
전국,,2008-06,예금취급기관_주택관련대출,주택관련대출-예금취급기관,297787.5,십억원
전국,,2008-07,예금취급기관_주택관련대출,주택관련대출-예금취급기관,300567.5,십억원
전국,,2008-08,예금취급기관_주택관련대출,주택관련대출-예금취급기관,302169,십억원
전국,,2008-09,예금취급기관_주택관련대출,주택관련대출-예금취급기관,303947.1,십억원
전국,,2008-10,예금취급기관_주택관련대출,주택관련대출-예금취급기관,305064.7,십억원
전국,,2008-11,예금취급기관_주택관련대출,주택관련대출-예금취급기관,306854.2,십억원
전국,,2008-12,예금취급기관_주택관련대출,주택관련대출-예금취급기관,308879.2,십억원
전국,,2009-01,예금취급기관_주택관련대출,주택관련대출-예금취급기관,309604.6,십억원
전국,,2009-02,예금취급기관_주택관련대출,주택관련대출-예금취급기관,312117.3,십억원
전국,,2009-03,예금취급기관_주택관련대출,주택관련대출-예금취급기관,314239.2,십억원
전국,,2009-04,예금취급기관_주택관련대출,주택관련대출-예금취급기관,315504.9,십억원
전국,,2009-05,예금취급기관_주택관련대출,주택관련대출-예금취급기관,318258.4,십억원
전국,,2009-06,예금취급기관_주택관련대출,주택관련대출-예금취급기관,322190.1,십억원
전국,,2009-07,예금취급기관_주택관련대출,주택관련대출-예금취급기관,326140.4,십억원
전국,,2009-08,예금취급기관_주택관련대출,주택관련대출-예금취급기관,329474.6,십억원
전국,,2009-09,예금취급기관_주택관련대출,주택관련대출-예금취급기관,328843,십억원
전국,,2009-10,예금취급기관_주택관련대출,주택관련대출-예금취급기관,331159.4,십억원
전국,,2009-11,예금취급기관_주택관련대출,주택관련대출-예금취급기관,333097.8,십억원
전국,,2009-12,예금취급기관_주택관련대출,주택관련대출-예금취급기관,335906.3,십억원
전국,,2010-01,예금취급기관_주택관련대출,주택관련대출-예금취급기관,336072.7,십억원
전국,,2010-02,예금취급기관_주택관련대출,주택관련대출-예금취급기관,337116.9,십억원
전국,,2010-03,예금취급기관_주택관련대출,주택관련대출-예금취급기관,339197.8,십억원
전국,,2010-04,예금취급기관_주택관련대출,주택관련대출-예금취급기관,341352.9,십억원
전국,,2010-05,예금취급기관_주택관련대출,주택관련대출-예금취급기관,343616.7,십억원
전국,,2010-06,예금취급기관_주택관련대출,주택관련대출-예금취급기관,346343.4,십억원
전국,,2010-07,예금취급기관_주택관련대출,주택관련대출-예금취급기관,348923.3,십억원
전국,,2010-08,예금취급기관_주택관련대출,주택관련대출-예금취급기관,348915.4,십억원
전국,,2010-09,예금취급기관_주택관련대출,주택관련대출-예금취급기관,350814.9,십억원
전국,,2010-10,예금취급기관_주택관련대출,주택관련대출-예금취급기관,353400.6,십억원
전국,,2010-11,예금취급기관_주택관련대출,주택관련대출-예금취급기관,356505.9,십억원
전국,,2010-12,예금취급기관_주택관련대출,주택관련대출-예금취급기관,359825.8,십억원
전국,,2011-01,예금취급기관_주택관련대출,주택관련대출-예금취급기관,361370.6,십억원
전국,,2011-02,예금취급기관_주택관련대출,주택관련대출-예금취급기관,363460.7,십억원
전국,,2011-03,예금취급기관_주택관련대출,주택관련대출-예금취급기관,366083.7,십억원
전국,,2011-04,예금취급기관_주택관련대출,주택관련대출-예금취급기관,369210.2,십억원
전국,,2011-05,예금취급기관_주택관련대출,주택관련대출-예금취급기관,371112.4,십억원
전국,,2011-06,예금취급기관_주택관련대출,주택관련대출-예금취급기관,373466.3,십억원
전국,,2011-07,예금취급기관_주택관련대출,주택관련대출-예금취급기관,376063.1,십억원
전국,,2011-08,예금취급기관_주택관련대출,주택관련대출-예금취급기관,378014.7,십억원
전국,,2011-09,예금취급기관_주택관련대출,주택관련대출-예금취급기관,379947.1,십억원
전국,,2011-10,예금취급기관_주택관련대출,주택관련대출-예금취급기관,382936.1,십억원
전국,,2011-11,예금취급기관_주택관련대출,주택관련대출-예금취급기관,384750.5,십억원
전국,,2011-12,예금취급기관_주택관련대출,주택관련대출-예금취급기관,388415.9,십억원
전국,,2012-01,예금취급기관_주택관련대출,주택관련대출-예금취급기관,387634.7,십억원
전국,,2012-02,예금취급기관_주택관련대출,주택관련대출-예금취급기관,388301.6,십억원
전국,,2012-03,예금취급기관_주택관련대출,주택관련대출-예금취급기관,389347.6,십억원
전국,,2012-04,예금취급기관_주택관련대출,주택관련대출-예금취급기관,390543.3,십억원
전국,,2012-05,예금취급기관_주택관련대출,주택관련대출-예금취급기관,391537.5,십억원
전국,,2012-06,예금취급기관_주택관련대출,주택관련대출-예금취급기관,392841.2,십억원
전국,,2012-07,예금취급기관_주택관련대출,주택관련대출-예금취급기관,393148.1,십억원
전국,,2012-08,예금취급기관_주택관련대출,주택관련대출-예금취급기관,393717.8,십억원
전국,,2012-09,예금취급기관_주택관련대출,주택관련대출-예금취급기관,393380.9,십억원
전국,,2012-10,예금취급기관_주택관련대출,주택관련대출-예금취급기관,393368.7,십억원
전국,,2012-11,예금취급기관_주택관련대출,주택관련대출-예금취급기관,392903.8,십억원
전국,,2012-12,예금취급기관_주택관련대출,주택관련대출-예금취급기관,397812.4,십억원
전국,,2013-01,예금취급기관_주택관련대출,주택관련대출-예금취급기관,395255.1,십억원
전국,,2013-02,예금취급기관_주택관련대출,주택관련대출-예금취급기관,394072.4,십억원
전국,,2013-03,예금취급기관_주택관련대출,주택관련대출-예금취급기관,394484.8,십억원
전국,,2013-04,예금취급기관_주택관련대출,주택관련대출-예금취급기관,394136.7,십억원
전국,,2013-05,예금취급기관_주택관련대출,주택관련대출-예금취급기관,395960.3,십억원
전국,,2013-06,예금취급기관_주택관련대출,주택관련대출-예금취급기관,399763.6,십억원
전국,,2013-07,예금취급기관_주택관련대출,주택관련대출-예금취급기관,399803.1,십억원
전국,,2013-08,예금취급기관_주택관련대출,주택관련대출-예금취급기관,400943.6,십억원
전국,,2013-09,예금취급기관_주택관련대출,주택관련대출-예금취급기관,401572.2,십억원
전국,,2013-10,예금취급기관_주택관련대출,주택관련대출-예금취급기관,403757.6,십억원
전국,,2013-11,예금취급기관_주택관련대출,주택관련대출-예금취급기관,406464,십억원
전국,,2013-12,예금취급기관_주택관련대출,주택관련대출-예금취급기관,410177.2,십억원
전국,,2014-01,예금취급기관_주택관련대출,주택관련대출-예금취급기관,409978.8,십억원
전국,,2014-02,예금취급기관_주택관련대출,주택관련대출-예금취급기관,411749.8,십억원
전국,,2014-03,예금취급기관_주택관련대출,주택관련대출-예금취급기관,413961,십억원
전국,,2014-04,예금취급기관_주택관련대출,주택관련대출-예금취급기관,417289.4,십억원
전국,,2014-05,예금취급기관_주택관련대출,주택관련대출-예금취급기관,419764.5,십억원
전국,,2014-06,예금취급기관_주택관련대출,주택관련대출-예금취급기관,423608.4,십억원
전국,,2014-07,예금취급기관_주택관련대출,주택관련대출-예금취급기관,427356.9,십억원
전국,,2014-08,예금취급기관_주택관련대출,주택관련대출-예금취급기관,432501.5,십억원
전국,,2014-09,예금취급기관_주택관련대출,주택관련대출-예금취급기관,436656.4,십억원
전국,,2014-10,예금취급기관_주택관련대출,주택관련대출-예금취급기관,442106.6,십억원
전국,,2014-11,예금취급기관_주택관련대출,주택관련대출-예금취급기관,447030.3,십억원
전국,,2014-12,예금취급기관_주택관련대출,주택관련대출-예금취급기관,452031.3,십억원
전국,,2015-01,예금취급기관_주택관련대출,주택관련대출-예금취급기관,453264,십억원
전국,,2015-02,예금취급기관_주택관련대출,주택관련대출-예금취급기관,457004.1,십억원
전국,,2015-03,예금취급기관_주택관련대출,주택관련대출-예금취급기관,460982.4,십억원
전국,,2015-04,예금취급기관_주택관련대출,주택관련대출-예금취급기관,468824,십억원
전국,,2015-05,예금취급기관_주택관련대출,주택관련대출-예금취급기관,469218,십억원
전국,,2015-06,예금취급기관_주택관련대출,주택관련대출-예금취급기관,457614.5,십억원
전국,,2015-07,예금취급기관_주택관련대출,주택관련대출-예금취급기관,458250,십억원
전국,,2015-08,예금취급기관_주택관련대출,주택관련대출-예금취급기관,464677.1,십억원
전국,,2015-09,예금취급기관_주택관련대출,주택관련대출-예금취급기관,470243,십억원
전국,,2015-10,예금취급기관_주택관련대출,주택관련대출-예금취급기관,477560.6,십억원
전국,,2015-11,예금취급기관_주택관련대출,주택관련대출-예금취급기관,482916.4,십억원
전국,,2015-12,예금취급기관_주택관련대출,주택관련대출-예금취급기관,490826.1,십억원
전국,,2016-01,예금취급기관_주택관련대출,주택관련대출-예금취급기관,492905.1,십억원
전국,,2016-02,예금취급기관_주택관련대출,주택관련대출-예금취급기관,494445.9,십억원
전국,,2016-03,예금취급기관_주택관련대출,주택관련대출-예금취급기관,498294.2,십억원
전국,,2016-04,예금취급기관_주택관련대출,주택관련대출-예금취급기관,503768.8,십억원
전국,,2016-05,예금취급기관_주택관련대출,주택관련대출-예금취급기관,509365.1,십억원
전국,,2016-06,예금취급기관_주택관련대출,주택관련대출-예금취급기관,515249.6,십억원
전국,,2016-07,예금취급기관_주택관련대출,주택관련대출-예금취급기관,521200.5,십억원
전국,,2016-08,예금취급기관_주택관련대출,주택관련대출-예금취급기관,527287.5,십억원
전국,,2016-09,예금취급기관_주택관련대출,주택관련대출-예금취급기관,530809,십억원
전국,,2016-10,예금취급기관_주택관련대출,주택관련대출-예금취급기관,536140.4,십억원
전국,,2016-11,예금취급기관_주택관련대출,주택관련대출-예금취급기관,542494,십억원
전국,,2016-12,예금취급기관_주택관련대출,주택관련대출-예금취급기관,545839.6,십억원
전국,,2017-01,예금취급기관_주택관련대출,주택관련대출-예금취급기관,545880.7,십억원
전국,,2017-02,예금취급기관_주택관련대출,주택관련대출-예금취급기관,547746,십억원
전국,,2017-03,예금취급기관_주택관련대출,주택관련대출-예금취급기관,550692.5,십억원
전국,,2017-04,예금취급기관_주택관련대출,주택관련대출-예금취급기관,553204.1,십억원
전국,,2017-05,예금취급기관_주택관련대출,주택관련대출-예금취급기관,556528.9,십억원
전국,,2017-06,예금취급기관_주택관련대출,주택관련대출-예금취급기관,560141.5,십억원
전국,,2017-07,예금취급기관_주택관련대출,주택관련대출-예금취급기관,563446.4,십억원
전국,,2017-08,예금취급기관_주택관련대출,주택관련대출-예금취급기관,566589.7,십억원
전국,,2017-09,예금취급기관_주택관련대출,주택관련대출-예금취급기관,570079.2,십억원
전국,,2017-10,예금취급기관_주택관련대출,주택관련대출-예금취급기관,572997.6,십억원
전국,,2017-11,예금취급기관_주택관련대출,주택관련대출-예금취급기관,575798.6,십억원
전국,,2017-12,예금취급기관_주택관련대출,주택관련대출-예금취급기관,578312.9,십억원
전국,,2018-01,예금취급기관_주택관련대출,주택관련대출-예금취급기관,579043.8,십억원
전국,,2018-02,예금취급기관_주택관련대출,주택관련대출-예금취급기관,580343.8,십억원
전국,,2018-03,예금취급기관_주택관련대출,주택관련대출-예금취급기관,582425.3,십억원
전국,,2018-04,예금취급기관_주택관련대출,주택관련대출-예금취급기관,583927.5,십억원
전국,,2018-05,예금취급기관_주택관련대출,주택관련대출-예금취급기관,585568.5,십억원
전국,,2018-06,예금취급기관_주택관련대출,주택관련대출-예금취급기관,587738,십억원
전국,,2018-07,예금취급기관_주택관련대출,주택관련대출-예금취급기관,589513.1,십억원
전국,,2018-08,예금취급기관_주택관련대출,주택관련대출-예금취급기관,592252.2,십억원
전국,,2018-09,예금취급기관_주택관련대출,주택관련대출-예금취급기관,594937.4,십억원
전국,,2018-10,예금취급기관_주택관련대출,주택관련대출-예금취급기관,597212.9,십억원
전국,,2018-11,예금취급기관_주택관련대출,주택관련대출-예금취급기관,601257.3,십억원
전국,,2018-12,예금취급기관_주택관련대출,주택관련대출-예금취급기관,604649.7,십억원
전국,,2019-01,예금취급기관_주택관련대출,주택관련대출-예금취급기관,605419.6,십억원
전국,,2019-02,예금취급기관_주택관련대출,주택관련대출-예금취급기관,606576.5,십억원
전국,,2019-03,예금취급기관_주택관련대출,주택관련대출-예금취급기관,608213.2,십억원
전국,,2019-04,예금취급기관_주택관련대출,주택관련대출-예금취급기관,610586.6,십억원
전국,,2019-05,예금취급기관_주택관련대출,주택관련대출-예금취급기관,612562.8,십억원
전국,,2019-06,예금취급기관_주택관련대출,주택관련대출-예금취급기관,615111.6,십억원
전국,,2019-07,예금취급기관_주택관련대출,주택관련대출-예금취급기관,618493.9,십억원
전국,,2019-08,예금취급기관_주택관련대출,주택관련대출-예금취급기관,622539.1,십억원
전국,,2019-09,예금취급기관_주택관련대출,주택관련대출-예금취급기관,625799.4,십억원
전국,,2019-10,예금취급기관_주택관련대출,주택관련대출-예금취급기관,630051.4,십억원
전국,,2019-11,예금취급기관_주택관련대출,주택관련대출-예금취급기관,633516.6,십억원
전국,,2019-12,예금취급기관_주택관련대출,주택관련대출-예금취급기관,634188.1,십억원
전국,,2020-01,예금취급기관_주택관련대출,주택관련대출-예금취급기관,634741.5,십억원
전국,,2020-02,예금취급기관_주택관련대출,주택관련대출-예금취급기관,635840.3,십억원
전국,,2020-03,예금취급기관_주택관련대출,주택관련대출-예금취급기관,640263.3,십억원
전국,,2020-04,예금취급기관_주택관련대출,주택관련대출-예금취급기관,645106.4,십억원
전국,,2020-05,예금취급기관_주택관련대출,주택관련대출-예금취급기관,647294.6,십억원
전국,,2020-06,예금취급기관_주택관련대출,주택관련대출-예금취급기관,649313.4,십억원
전국,,2020-07,예금취급기관_주택관련대출,주택관련대출-예금취급기관,651190.3,십억원
전국,,2020-08,예금취급기관_주택관련대출,주택관련대출-예금취급기관,656254.2,십억원
전국,,2020-09,예금취급기관_주택관련대출,주택관련대출-예금취급기관,662160.8,십억원
전국,,2020-10,예금취급기관_주택관련대출,주택관련대출-예금취급기관,668361.3,십억원
전국,,2020-11,예금취급기관_주택관련대출,주택관련대출-예금취급기관,674400.5,십억원
전국,,2020-12,예금취급기관_주택관련대출,주택관련대출-예금취급기관,680375.9,십억원
전국,,2021-01,예금취급기관_주택관련대출,주택관련대출-예금취급기관,684708.7,십억원
전국,,2021-02,예금취급기관_주택관련대출,주택관련대출-예금취급기관,691756.9,십억원
전국,,2021-03,예금취급기관_주택관련대출,주택관련대출-예금취급기관,697022.5,십억원
전국,,2021-04,예금취급기관_주택관련대출,주택관련대출-예금취급기관,698630.1,십억원
전국,,2021-05,예금취급기관_주택관련대출,주택관련대출-예금취급기관,700420.4,십억원
전국,,2021-06,예금취급기관_주택관련대출,주택관련대출-예금취급기관,703426.2,십억원
전국,,2021-07,예금취급기관_주택관련대출,주택관련대출-예금취급기관,709946.7,십억원
전국,,2021-08,예금취급기관_주택관련대출,주택관련대출-예금취급기관,716326.9,십억원
전국,,2021-09,예금취급기관_주택관련대출,주택관련대출-예금취급기관,722742.2,십억원
전국,,2021-10,예금취급기관_주택관련대출,주택관련대출-예금취급기관,728201.2,십억원
전국,,2021-11,예금취급기관_주택관련대출,주택관련대출-예금취급기관,732455.5,십억원
전국,,2021-12,예금취급기관_주택관련대출,주택관련대출-예금취급기관,735334.6,십억원
전국,,2022-01,예금취급기관_주택관련대출,주택관련대출-예금취급기관,737494.1,십억원
전국,,2022-02,예금취급기관_주택관련대출,주택관련대출-예금취급기관,738614,십억원
전국,,2022-03,예금취급기관_주택관련대출,주택관련대출-예금취급기관,739697.1,십억원
전국,,2022-04,예금취급기관_주택관련대출,주택관련대출-예금취급기관,742131.8,십억원
전국,,2022-05,예금취급기관_주택관련대출,주택관련대출-예금취급기관,742300.8,십억원
전국,,2022-06,예금취급기관_주택관련대출,주택관련대출-예금취급기관,744837.9,십억원
전국,,2022-07,예금취급기관_주택관련대출,주택관련대출-예금취급기관,746172.4,십억원
전국,,2022-08,예금취급기관_주택관련대출,주택관련대출-예금취급기관,748182.6,십억원
전국,,2022-09,예금취급기관_주택관련대출,주택관련대출-예금취급기관,750225.6,십억원
전국,,2022-10,예금취급기관_주택관련대출,주택관련대출-예금취급기관,752461.1,십억원
전국,,2022-11,예금취급기관_주택관련대출,주택관련대출-예금취급기관,753739.7,십억원
전국,,2022-12,예금취급기관_주택관련대출,주택관련대출-예금취급기관,756324.3,십억원
전국,,2023-01,예금취급기관_주택관련대출,주택관련대출-예금취급기관,755844.4,십억원
전국,,2023-02,예금취급기관_주택관련대출,주택관련대출-예금취급기관,754817.1,십억원
전국,,2023-03,예금취급기관_주택관련대출,주택관련대출-예금취급기관,751736.1,십억원
전국,,2023-04,예금취급기관_주택관련대출,주택관련대출-예금취급기관,749500.5,십억원
전국,,2023-05,예금취급기관_주택관련대출,주택관련대출-예금취급기관,751482.8,십억원
전국,,2023-06,예금취급기관_주택관련대출,주택관련대출-예금취급기관,755624.7,십억원
전국,,2023-07,예금취급기관_주택관련대출,주택관련대출-예금취급기관,759125.9,십억원
전국,,2023-08,예금취급기관_주택관련대출,주택관련대출-예금취급기관,762739.1,십억원
전국,,2023-09,예금취급기관_주택관련대출,주택관련대출-예금취급기관,766679.9,십억원
전국,,2023-10,예금취급기관_주택관련대출,주택관련대출-예금취급기관,770534.4,십억원
전국,,2023-11,예금취급기관_주택관련대출,주택관련대출-예금취급기관,775585.7,십억원
전국,,2023-12,예금취급기관_주택관련대출,주택관련대출-예금취급기관,779612,십억원
전국,,2024-01,예금취급기관_주택관련대출,주택관련대출-예금취급기관,784794.3,십억원
전국,,2024-02,예금취급기관_주택관련대출,주택관련대출-예금취급기관,788624.2,십억원
전국,,2024-03,예금취급기관_주택관련대출,주택관련대출-예금취급기관,787987.6,십억원
전국,,2024-04,예금취급기관_주택관련대출,주택관련대출-예금취급기관,792429.9,십억원
전국,,2024-05,예금취급기관_주택관련대출,주택관련대출-예금취급기관,798380.1,십억원
전국,,2024-06,예금취급기관_주택관련대출,주택관련대출-예금취급기관,804343.1,십억원
전국,,2024-07,예금취급기관_주택관련대출,주택관련대출-예금취급기관,810784.8,십억원
전국,,2024-08,예금취급기관_주택관련대출,주택관련대출-예금취급기관,820126.3,십억원
전국,,2024-09,예금취급기관_주택관련대출,주택관련대출-예금취급기관,827323.4,십억원
전국,,2024-10,예금취급기관_주택관련대출,주택관련대출-예금취급기관,831805.1,십억원
전국,,2024-11,예금취급기관_주택관련대출,주택관련대출-예금취급기관,836970.5,십억원
전국,,2024-12,예금취급기관_주택관련대출,주택관련대출-예금취급기관,841799.8,십억원
전국,,2025-01,예금취급기관_주택관련대출,주택관련대출-예금취급기관,846188.5,십억원
전국,,2025-02,예금취급기관_주택관련대출,주택관련대출-예금취급기관,852752.8,십억원
전국,,2025-03,예금취급기관_주택관련대출,주택관련대출-예금취급기관,857843.5,십억원
전국,,2025-04,예금취급기관_주택관련대출,주택관련대출-예금취급기관,864071.6,십억원
전국,,2025-05,예금취급기관_주택관련대출,주택관련대출-예금취급기관,870220.3,십억원
전국,,2025-06,예금취급기관_주택관련대출,주택관련대출-예금취급기관,878107,십억원
전국,,2025-07,예금취급기관_주택관련대출,주택관련대출-예금취급기관,883773.7,십억원
전국,,2025-08,예금취급기관_주택관련대출,주택관련대출-예금취급기관,889851.1,십억원
전국,,2025-09,예금취급기관_주택관련대출,주택관련대출-예금취급기관,893712.1,십억원
전국,,2025-10,예금취급기관_주택관련대출,주택관련대출-예금취급기관,897737.4,십억원
전국,,2025-11,예금취급기관_주택관련대출,주택관련대출-예금취급기관,901394.6,십억원
전국,,2025-12,예금취급기관_주택관련대출,주택관련대출-예금취급기관,904996.2,십억원
전국,,2026-01,예금취급기관_주택관련대출,주택관련대출-예금취급기관,907402.2,십억원
전국,,2026-02,예금취급기관_주택관련대출,주택관련대출-예금취급기관,912634.1,십억원
전국,,2026-03,예금취급기관_주택관련대출,주택관련대출-예금취급기관,915977.6,십억원
전국,,2026-04,예금취급기관_주택관련대출,주택관련대출-예금취급기관,921126.3,십억원
전국,,2026-05,예금취급기관_주택관련대출,주택관련대출-예금취급기관,923614.2,십억원
전국,,2026-06,예금취급기관_주택관련대출,주택관련대출-예금취급기관,926350.9,십억원
전국,,2026-07,예금취급기관_주택관련대출,주택관련대출-예금취급기관,929846.3,십억원
전국,,2020-01,임금총액_사업체노동력,전체임금총액,4091969,원
전국,,2020-02,임금총액_사업체노동력,전체임금총액,3403361,원
전국,,2020-03,임금총액_사업체노동력,전체임금총액,3473131,원
전국,,2020-04,임금총액_사업체노동력,전체임금총액,3358565,원
전국,,2020-05,임금총액_사업체노동력,전체임금총액,3287099,원
전국,,2020-06,임금총액_사업체노동력,전체임금총액,3351376,원
전국,,2020-07,임금총액_사업체노동력,전체임금총액,3526470,원
전국,,2020-08,임금총액_사업체노동력,전체임금총액,3378692,원
전국,,2020-09,임금총액_사업체노동력,전체임금총액,3815583,원
전국,,2020-10,임금총액_사업체노동력,전체임금총액,3333568,원
전국,,2020-11,임금총액_사업체노동력,전체임금총액,3297755,원
전국,,2020-12,임금총액_사업체노동력,전체임금총액,4003680,원
전국,,2021-01,임금총액_사업체노동력,전체임금총액,3877199,원
전국,,2021-02,임금총액_사업체노동력,전체임금총액,3950181,원
전국,,2021-03,임금총액_사업체노동력,전체임금총액,3605594,원
전국,,2021-04,임금총액_사업체노동력,전체임금총액,3485974,원
전국,,2021-05,임금총액_사업체노동력,전체임금총액,3418087,원
전국,,2021-06,임금총액_사업체노동력,전체임금총액,3492441,원
전국,,2021-07,임금총액_사업체노동력,전체임금총액,3769134,원
전국,,2021-08,임금총액_사업체노동력,전체임금총액,3521416,원
전국,,2021-09,임금총액_사업체노동력,전체임금총액,3961463,원
전국,,2021-10,임금총액_사업체노동력,전체임금총액,3455238,원
전국,,2021-11,임금총액_사업체노동력,전체임금총액,3429543,원
전국,,2021-12,임금총액_사업체노동력,전체임금총액,4304510,원
전국,,2022-01,임금총액_사업체노동력,전체임금총액,4721940,원
전국,,2022-02,임금총액_사업체노동력,전체임금총액,3694897,원
전국,,2022-03,임금총액_사업체노동력,전체임금총액,3836748,원
전국,,2022-04,임금총액_사업체노동력,전체임금총액,3579506,원
전국,,2022-05,임금총액_사업체노동력,전체임금총액,3591704,원
전국,,2022-06,임금총액_사업체노동력,전체임금총액,3662766,원
전국,,2022-07,임금총액_사업체노동력,전체임금총액,3919370,원
전국,,2022-08,임금총액_사업체노동력,전체임금총액,3701953,원
전국,,2022-09,임금총액_사업체노동력,전체임금총액,4084630,원
전국,,2022-10,임금총액_사업체노동력,전체임금총액,3631459,원
전국,,2022-11,임금총액_사업체노동력,전체임금총액,3584826,원
전국,,2022-12,임금총액_사업체노동력,전체임금총액,4433753,원
전국,,2023-01,임금총액_사업체노동력,전체임금총액,4694110,원
전국,,2023-02,임금총액_사업체노동력,전체임금총액,3900997,원
전국,,2023-03,임금총액_사업체노동력,전체임금총액,3897187,원
전국,,2023-04,임금총액_사업체노동력,전체임금총액,3705514,원
전국,,2023-05,임금총액_사업체노동력,전체임금총액,3703213,원
전국,,2023-06,임금총액_사업체노동력,전체임금총액,3736876,원
전국,,2023-07,임금총액_사업체노동력,전체임금총액,3962662,원
전국,,2023-08,임금총액_사업체노동력,전체임금총액,3742315,원
전국,,2023-09,임금총액_사업체노동력,전체임금총액,4315697,원
전국,,2023-10,임금총액_사업체노동력,전체임금총액,3792170,원
전국,,2023-11,임금총액_사업체노동력,전체임금총액,3714378,원
전국,,2023-12,임금총액_사업체노동력,전체임금총액,4433074,원
전국,,2024-01,임금총액_사업체노동력,전체임금총액,4289054,원
전국,,2024-02,임금총액_사업체노동력,전체임금총액,4351268,원
전국,,2024-03,임금총액_사업체노동력,전체임금총액,4010308,원
전국,,2024-04,임금총액_사업체노동력,전체임금총액,3865957,원
전국,,2024-05,임금총액_사업체노동력,전체임금총액,3822581,원
전국,,2024-06,임금총액_사업체노동력,전체임금총액,3861035,원
전국,,2024-07,임금총액_사업체노동력,전체임금총액,4257103,원
전국,,2024-08,임금총액_사업체노동력,전체임금총액,3870153,원
전국,,2024-09,임금총액_사업체노동력,전체임금총액,4301017,원
전국,,2024-10,임금총액_사업체노동력,전체임금총액,3922038,원
전국,,2024-11,임금총액_사업체노동력,전체임금총액,3799813,원
전국,,2024-12,임금총액_사업체노동력,전체임금총액,4608246,원
전국,,2025-01,임금총액_사업체노동력,전체임금총액,4966556,원
전국,,2025-02,임금총액_사업체노동력,전체임금총액,4117239,원
전국,,2025-03,임금총액_사업체노동력,전체임금총액,4136416,원
전국,,2025-04,임금총액_사업체노동력,전체임금총액,3970758,원
전국,,2025-05,임금총액_사업체노동력,전체임금총액,3916394,원
전국,,2025-06,임금총액_사업체노동력,전체임금총액,3971067,원
전국,,2025-07,임금총액_사업체노동력,전체임금총액,4212520,원
전국,,2025-08,임금총액_사업체노동력,전체임금총액,3937367,원
전국,,2025-09,임금총액_사업체노동력,전체임금총액,4332116,원
전국,,2025-10,임금총액_사업체노동력,전체임금총액,4202717,원
전국,,2025-11,임금총액_사업체노동력,전체임금총액,3954629,원
전국,,2025-12,임금총액_사업체노동력,전체임금총액,4749979,원
전국,,2026-01,임금총액_사업체노동력,전체임금총액,4588273,원
전국,,2026-02,임금총액_사업체노동력,전체임금총액,4848826,원
전국,,2026-03,임금총액_사업체노동력,전체임금총액,4229500,원
전국,,2026-04,임금총액_사업체노동력,전체임금총액,4031380,원
전국,,2026-05,임금총액_사업체노동력,전체임금총액,3982175,원
전국,,2026-06,임금총액_사업체노동력,전체임금총액,4094263,원
전국,,2015-06,정책대출_주금공_주택도시기금,[참고] 주택금융공사 및 주택도시기금의 정책대출,122832.8,십억원
전국,,2015-07,정책대출_주금공_주택도시기금,[참고] 주택금융공사 및 주택도시기금의 정책대출,125600.5,십억원
전국,,2015-08,정책대출_주금공_주택도시기금,[참고] 주택금융공사 및 주택도시기금의 정책대출,124630.9,십억원
전국,,2015-09,정책대출_주금공_주택도시기금,[참고] 주택금융공사 및 주택도시기금의 정책대출,123821.3,십억원
전국,,2015-10,정책대출_주금공_주택도시기금,[참고] 주택금융공사 및 주택도시기금의 정책대출,122675.1,십억원
전국,,2015-11,정책대출_주금공_주택도시기금,[참고] 주택금융공사 및 주택도시기금의 정책대출,122092.8,십억원
전국,,2015-12,정책대출_주금공_주택도시기금,[참고] 주택금융공사 및 주택도시기금의 정책대출,121331.4,십억원
전국,,2016-01,정책대출_주금공_주택도시기금,[참고] 주택금융공사 및 주택도시기금의 정책대출,121464.7,십억원
전국,,2016-02,정책대출_주금공_주택도시기금,[참고] 주택금융공사 및 주택도시기금의 정책대출,121393.7,십억원
전국,,2016-03,정책대출_주금공_주택도시기금,[참고] 주택금융공사 및 주택도시기금의 정책대출,122045.9,십억원
전국,,2016-04,정책대출_주금공_주택도시기금,[참고] 주택금융공사 및 주택도시기금의 정책대출,123319.6,십억원
전국,,2016-05,정책대출_주금공_주택도시기금,[참고] 주택금융공사 및 주택도시기금의 정책대출,124435.7,십억원
전국,,2016-06,정책대출_주금공_주택도시기금,[참고] 주택금융공사 및 주택도시기금의 정책대출,126739.9,십억원
전국,,2016-07,정책대출_주금공_주택도시기금,[참고] 주택금융공사 및 주택도시기금의 정책대출,129101.4,십억원
전국,,2016-08,정책대출_주금공_주택도시기금,[참고] 주택금융공사 및 주택도시기금의 정책대출,131271.5,십억원
전국,,2016-09,정책대출_주금공_주택도시기금,[참고] 주택금융공사 및 주택도시기금의 정책대출,132517.8,십억원
전국,,2016-10,정책대출_주금공_주택도시기금,[참고] 주택금융공사 및 주택도시기금의 정책대출,133767.3,십억원
전국,,2016-11,정책대출_주금공_주택도시기금,[참고] 주택금융공사 및 주택도시기금의 정책대출,135327.6,십억원
전국,,2016-12,정책대출_주금공_주택도시기금,[참고] 주택금융공사 및 주택도시기금의 정책대출,136602,십억원
전국,,2017-01,정책대출_주금공_주택도시기금,[참고] 주택금융공사 및 주택도시기금의 정책대출,137781.8,십억원
전국,,2017-02,정책대출_주금공_주택도시기금,[참고] 주택금융공사 및 주택도시기금의 정책대출,139720.9,십억원
전국,,2017-03,정책대출_주금공_주택도시기금,[참고] 주택금융공사 및 주택도시기금의 정책대출,142137.5,십억원
전국,,2017-04,정책대출_주금공_주택도시기금,[참고] 주택금융공사 및 주택도시기금의 정책대출,143944.2,십억원
전국,,2017-05,정책대출_주금공_주택도시기금,[참고] 주택금융공사 및 주택도시기금의 정책대출,144928.5,십억원
전국,,2017-06,정책대출_주금공_주택도시기금,[참고] 주택금융공사 및 주택도시기금의 정책대출,145973.5,십억원
전국,,2017-07,정책대출_주금공_주택도시기금,[참고] 주택금융공사 및 주택도시기금의 정책대출,146902,십억원
전국,,2017-08,정책대출_주금공_주택도시기금,[참고] 주택금융공사 및 주택도시기금의 정책대출,147965.1,십억원
전국,,2017-09,정책대출_주금공_주택도시기금,[참고] 주택금융공사 및 주택도시기금의 정책대출,149196.2,십억원
전국,,2017-10,정책대출_주금공_주택도시기금,[참고] 주택금융공사 및 주택도시기금의 정책대출,149821.7,십억원
전국,,2017-11,정책대출_주금공_주택도시기금,[참고] 주택금융공사 및 주택도시기금의 정책대출,151241.5,십억원
전국,,2017-12,정책대출_주금공_주택도시기금,[참고] 주택금융공사 및 주택도시기금의 정책대출,152678,십억원
전국,,2018-01,정책대출_주금공_주택도시기금,[참고] 주택금융공사 및 주택도시기금의 정책대출,153694,십억원
전국,,2018-02,정책대출_주금공_주택도시기금,[참고] 주택금융공사 및 주택도시기금의 정책대출,155075.6,십억원
전국,,2018-03,정책대출_주금공_주택도시기금,[참고] 주택금융공사 및 주택도시기금의 정책대출,156678.2,십억원
전국,,2018-04,정책대출_주금공_주택도시기금,[참고] 주택금융공사 및 주택도시기금의 정책대출,157570.1,십억원
전국,,2018-05,정책대출_주금공_주택도시기금,[참고] 주택금융공사 및 주택도시기금의 정책대출,158280.6,십억원
전국,,2018-06,정책대출_주금공_주택도시기금,[참고] 주택금융공사 및 주택도시기금의 정책대출,159172,십억원
전국,,2018-07,정책대출_주금공_주택도시기금,[참고] 주택금융공사 및 주택도시기금의 정책대출,159787.5,십억원
전국,,2018-08,정책대출_주금공_주택도시기금,[참고] 주택금융공사 및 주택도시기금의 정책대출,160545.8,십억원
전국,,2018-09,정책대출_주금공_주택도시기금,[참고] 주택금융공사 및 주택도시기금의 정책대출,160999.4,십억원
전국,,2018-10,정책대출_주금공_주택도시기금,[참고] 주택금융공사 및 주택도시기금의 정책대출,162470.2,십억원
전국,,2018-11,정책대출_주금공_주택도시기금,[참고] 주택금융공사 및 주택도시기금의 정책대출,164027,십억원
전국,,2018-12,정책대출_주금공_주택도시기금,[참고] 주택금융공사 및 주택도시기금의 정책대출,164954.9,십억원
전국,,2019-01,정책대출_주금공_주택도시기금,[참고] 주택금융공사 및 주택도시기금의 정책대출,166248,십억원
전국,,2019-02,정책대출_주금공_주택도시기금,[참고] 주택금융공사 및 주택도시기금의 정책대출,167385.3,십억원
전국,,2019-03,정책대출_주금공_주택도시기금,[참고] 주택금융공사 및 주택도시기금의 정책대출,169005.5,십억원
전국,,2019-04,정책대출_주금공_주택도시기금,[참고] 주택금융공사 및 주택도시기금의 정책대출,169935.7,십억원
전국,,2019-05,정책대출_주금공_주택도시기금,[참고] 주택금융공사 및 주택도시기금의 정책대출,170535.6,십억원
전국,,2019-06,정책대출_주금공_주택도시기금,[참고] 주택금융공사 및 주택도시기금의 정책대출,171348.2,십억원
전국,,2019-07,정책대출_주금공_주택도시기금,[참고] 주택금융공사 및 주택도시기금의 정책대출,172356.8,십억원
전국,,2019-08,정책대출_주금공_주택도시기금,[참고] 주택금융공사 및 주택도시기금의 정책대출,173776.6,십억원
전국,,2019-09,정책대출_주금공_주택도시기금,[참고] 주택금융공사 및 주택도시기금의 정책대출,175298.7,십억원
전국,,2019-10,정책대출_주금공_주택도시기금,[참고] 주택금융공사 및 주택도시기금의 정책대출,178906,십억원
전국,,2019-11,정책대출_주금공_주택도시기금,[참고] 주택금융공사 및 주택도시기금의 정책대출,184845.4,십억원
전국,,2019-12,정책대출_주금공_주택도시기금,[참고] 주택금융공사 및 주택도시기금의 정책대출,190749.9,십억원
전국,,2020-01,정책대출_주금공_주택도시기금,[참고] 주택금융공사 및 주택도시기금의 정책대출,196263.4,십억원
전국,,2020-02,정책대출_주금공_주택도시기금,[참고] 주택금융공사 및 주택도시기금의 정책대출,201151.5,십억원
전국,,2020-03,정책대출_주금공_주택도시기금,[참고] 주택금융공사 및 주택도시기금의 정책대출,204932.7,십억원
전국,,2020-04,정책대출_주금공_주택도시기금,[참고] 주택금융공사 및 주택도시기금의 정책대출,205930.6,십억원
전국,,2020-05,정책대출_주금공_주택도시기금,[참고] 주택금융공사 및 주택도시기금의 정책대출,206188.8,십억원
전국,,2020-06,정책대출_주금공_주택도시기금,[참고] 주택금융공사 및 주택도시기금의 정책대출,206274.8,십억원
전국,,2020-07,정책대출_주금공_주택도시기금,[참고] 주택금융공사 및 주택도시기금의 정책대출,206150.3,십억원
전국,,2020-08,정책대출_주금공_주택도시기금,[참고] 주택금융공사 및 주택도시기금의 정책대출,206370.6,십억원
전국,,2020-09,정책대출_주금공_주택도시기금,[참고] 주택금융공사 및 주택도시기금의 정책대출,206911.8,십억원
전국,,2020-10,정책대출_주금공_주택도시기금,[참고] 주택금융공사 및 주택도시기금의 정책대출,207913.6,십억원
전국,,2020-11,정책대출_주금공_주택도시기금,[참고] 주택금융공사 및 주택도시기금의 정책대출,209265.6,십억원
전국,,2020-12,정책대출_주금공_주택도시기금,[참고] 주택금융공사 및 주택도시기금의 정책대출,210779.6,십억원
전국,,2021-01,정책대출_주금공_주택도시기금,[참고] 주택금융공사 및 주택도시기금의 정책대출,212205.8,십억원
전국,,2021-02,정책대출_주금공_주택도시기금,[참고] 주택금융공사 및 주택도시기금의 정책대출,214279.3,십억원
전국,,2021-03,정책대출_주금공_주택도시기금,[참고] 주택금융공사 및 주택도시기금의 정책대출,216214.2,십억원
전국,,2021-04,정책대출_주금공_주택도시기금,[참고] 주택금융공사 및 주택도시기금의 정책대출,217610.7,십억원
전국,,2021-05,정책대출_주금공_주택도시기금,[참고] 주택금융공사 및 주택도시기금의 정책대출,218723.6,십억원
전국,,2021-06,정책대출_주금공_주택도시기금,[참고] 주택금융공사 및 주택도시기금의 정책대출,219434.1,십억원
전국,,2021-07,정책대출_주금공_주택도시기금,[참고] 주택금융공사 및 주택도시기금의 정책대출,220194.9,십억원
전국,,2021-08,정책대출_주금공_주택도시기금,[참고] 주택금융공사 및 주택도시기금의 정책대출,221180.6,십억원
전국,,2021-09,정책대출_주금공_주택도시기금,[참고] 주택금융공사 및 주택도시기금의 정책대출,221895.4,십억원
전국,,2021-10,정책대출_주금공_주택도시기금,[참고] 주택금융공사 및 주택도시기금의 정책대출,223067.4,십억원
전국,,2021-11,정책대출_주금공_주택도시기금,[참고] 주택금융공사 및 주택도시기금의 정책대출,223798.2,십억원
전국,,2021-12,정책대출_주금공_주택도시기금,[참고] 주택금융공사 및 주택도시기금의 정책대출,224807.7,십억원
전국,,2022-01,정책대출_주금공_주택도시기금,[참고] 주택금융공사 및 주택도시기금의 정책대출,224879,십억원
전국,,2022-02,정책대출_주금공_주택도시기금,[참고] 주택금융공사 및 주택도시기금의 정책대출,225248,십억원
전국,,2022-03,정책대출_주금공_주택도시기금,[참고] 주택금융공사 및 주택도시기금의 정책대출,225610.3,십억원
전국,,2022-04,정책대출_주금공_주택도시기금,[참고] 주택금융공사 및 주택도시기금의 정책대출,226265.1,십억원
전국,,2022-05,정책대출_주금공_주택도시기금,[참고] 주택금융공사 및 주택도시기금의 정책대출,226660.3,십억원
전국,,2022-06,정책대출_주금공_주택도시기금,[참고] 주택금융공사 및 주택도시기금의 정책대출,227402.4,십억원
전국,,2022-07,정책대출_주금공_주택도시기금,[참고] 주택금융공사 및 주택도시기금의 정책대출,227704.9,십억원
전국,,2022-08,정책대출_주금공_주택도시기금,[참고] 주택금융공사 및 주택도시기금의 정책대출,227926.1,십억원
전국,,2022-09,정책대출_주금공_주택도시기금,[참고] 주택금융공사 및 주택도시기금의 정책대출,228460.3,십억원
전국,,2022-10,정책대출_주금공_주택도시기금,[참고] 주택금융공사 및 주택도시기금의 정책대출,233476.9,십억원
전국,,2022-11,정책대출_주금공_주택도시기금,[참고] 주택금융공사 및 주택도시기금의 정책대출,237112.5,십억원
전국,,2022-12,정책대출_주금공_주택도시기금,[참고] 주택금융공사 및 주택도시기금의 정책대출,242809,십억원
전국,,2023-01,정책대출_주금공_주택도시기금,[참고] 주택금융공사 및 주택도시기금의 정책대출,246556,십억원
전국,,2023-02,정책대출_주금공_주택도시기금,[참고] 주택금융공사 및 주택도시기금의 정책대출,249746.9,십억원
전국,,2023-03,정책대출_주금공_주택도시기금,[참고] 주택금융공사 및 주택도시기금의 정책대출,258618.5,십억원
전국,,2023-04,정책대출_주금공_주택도시기금,[참고] 주택금융공사 및 주택도시기금의 정책대출,265279.2,십억원
전국,,2023-05,정책대출_주금공_주택도시기금,[참고] 주택금융공사 및 주택도시기금의 정책대출,269921.5,십억원
전국,,2023-06,정책대출_주금공_주택도시기금,[참고] 주택금융공사 및 주택도시기금의 정책대출,275301.8,십억원
전국,,2023-07,정책대출_주금공_주택도시기금,[참고] 주택금융공사 및 주택도시기금의 정책대출,280464.4,십억원
전국,,2023-08,정책대출_주금공_주택도시기금,[참고] 주택금융공사 및 주택도시기금의 정책대출,285824.6,십억원
전국,,2023-09,정책대출_주금공_주택도시기금,[참고] 주택금융공사 및 주택도시기금의 정책대출,290313.9,십억원
전국,,2023-10,정책대출_주금공_주택도시기금,[참고] 주택금융공사 및 주택도시기금의 정책대출,295119.1,십억원
전국,,2023-11,정책대출_주금공_주택도시기금,[참고] 주택금융공사 및 주택도시기금의 정책대출,299526,십억원
전국,,2023-12,정책대출_주금공_주택도시기금,[참고] 주택금융공사 및 주택도시기금의 정책대출,302855.8,십억원
전국,,2024-01,정책대출_주금공_주택도시기금,[참고] 주택금융공사 및 주택도시기금의 정책대출,304769.9,십억원
전국,,2024-02,정책대출_주금공_주택도시기금,[참고] 주택금융공사 및 주택도시기금의 정책대출,307146.5,십억원
전국,,2024-03,정책대출_주금공_주택도시기금,[참고] 주택금융공사 및 주택도시기금의 정책대출,309409.9,십억원
전국,,2024-04,정책대출_주금공_주택도시기금,[참고] 주택금융공사 및 주택도시기금의 정책대출,311695,십억원
전국,,2024-05,정책대출_주금공_주택도시기금,[참고] 주택금융공사 및 주택도시기금의 정책대출,313288.3,십억원
전국,,2024-06,정책대출_주금공_주택도시기금,[참고] 주택금융공사 및 주택도시기금의 정책대출,314946.5,십억원
전국,,2024-07,정책대출_주금공_주택도시기금,[참고] 주택금융공사 및 주택도시기금의 정책대출,316250.8,십억원
전국,,2024-08,정책대출_주금공_주택도시기금,[참고] 주택금융공사 및 주택도시기금의 정책대출,317538.4,십억원
전국,,2024-09,정책대출_주금공_주택도시기금,[참고] 주택금융공사 및 주택도시기금의 정책대출,318906.8,십억원
전국,,2024-10,정책대출_주금공_주택도시기금,[참고] 주택금융공사 및 주택도시기금의 정책대출,320437.4,십억원
전국,,2024-11,정책대출_주금공_주택도시기금,[참고] 주택금융공사 및 주택도시기금의 정책대출,322160.3,십억원
전국,,2024-12,정책대출_주금공_주택도시기금,[참고] 주택금융공사 및 주택도시기금의 정책대출,324247,십억원
전국,,2025-01,정책대출_주금공_주택도시기금,[참고] 주택금융공사 및 주택도시기금의 정책대출,325830.2,십억원
전국,,2025-02,정책대출_주금공_주택도시기금,[참고] 주택금융공사 및 주택도시기금의 정책대출,327671.8,십억원
전국,,2025-03,정책대출_주금공_주택도시기금,[참고] 주택금융공사 및 주택도시기금의 정책대출,328575.3,십억원
전국,,2025-04,정책대출_주금공_주택도시기금,[참고] 주택금융공사 및 주택도시기금의 정책대출,329547.1,십억원
전국,,2025-05,정책대출_주금공_주택도시기금,[참고] 주택금융공사 및 주택도시기금의 정책대출,330498.6,십억원
전국,,2025-06,정책대출_주금공_주택도시기금,[참고] 주택금융공사 및 주택도시기금의 정책대출,331195.1,십억원
전국,,2025-07,정책대출_주금공_주택도시기금,[참고] 주택금융공사 및 주택도시기금의 정책대출,331816.5,십억원
전국,,2025-08,정책대출_주금공_주택도시기금,[참고] 주택금융공사 및 주택도시기금의 정책대출,332117.1,십억원
전국,,2025-09,정책대출_주금공_주택도시기금,[참고] 주택금융공사 및 주택도시기금의 정책대출,333037.9,십억원
전국,,2025-10,정책대출_주금공_주택도시기금,[참고] 주택금융공사 및 주택도시기금의 정책대출,333564.9,십억원
전국,,2025-11,정책대출_주금공_주택도시기금,[참고] 주택금융공사 및 주택도시기금의 정책대출,333964.9,십억원
전국,,2025-12,정책대출_주금공_주택도시기금,[참고] 주택금융공사 및 주택도시기금의 정책대출,334435.9,십억원
전국,,2026-01,정책대출_주금공_주택도시기금,[참고] 주택금융공사 및 주택도시기금의 정책대출,335006.7,십억원
전국,,2026-02,정책대출_주금공_주택도시기금,[참고] 주택금융공사 및 주택도시기금의 정책대출,335783.9,십억원
전국,,2026-03,정책대출_주금공_주택도시기금,[참고] 주택금융공사 및 주택도시기금의 정책대출,336296.7,십억원
전국,,2026-04,정책대출_주금공_주택도시기금,[참고] 주택금융공사 및 주택도시기금의 정책대출,336956,십억원
전국,,2026-05,정책대출_주금공_주택도시기금,[참고] 주택금융공사 및 주택도시기금의 정책대출,337486.9,십억원
전국,,2026-06,정책대출_주금공_주택도시기금,[참고] 주택금융공사 및 주택도시기금의 정책대출,338465.1,십억원
전국,,2026-07,정책대출_주금공_주택도시기금,[참고] 주택금융공사 및 주택도시기금의 정책대출,339050.2,십억원
전국,,2013-01,주택가격전망CSI_6대광역시,6대광역시,95,
전국,,2013-02,주택가격전망CSI_6대광역시,6대광역시,95,
전국,,2013-03,주택가격전망CSI_6대광역시,6대광역시,103,
전국,,2013-04,주택가격전망CSI_6대광역시,6대광역시,106,
전국,,2013-05,주택가격전망CSI_6대광역시,6대광역시,113,
전국,,2013-06,주택가격전망CSI_6대광역시,6대광역시,111,
전국,,2013-07,주택가격전망CSI_6대광역시,6대광역시,106,
전국,,2013-08,주택가격전망CSI_6대광역시,6대광역시,106,
전국,,2013-09,주택가격전망CSI_6대광역시,6대광역시,111,
전국,,2013-10,주택가격전망CSI_6대광역시,6대광역시,115,
전국,,2013-11,주택가격전망CSI_6대광역시,6대광역시,117,
전국,,2013-12,주택가격전망CSI_6대광역시,6대광역시,116,
전국,,2014-01,주택가격전망CSI_6대광역시,6대광역시,120,
전국,,2014-02,주택가격전망CSI_6대광역시,6대광역시,123,
전국,,2014-03,주택가격전망CSI_6대광역시,6대광역시,124,
전국,,2014-04,주택가격전망CSI_6대광역시,6대광역시,121,
전국,,2014-05,주택가격전망CSI_6대광역시,6대광역시,116,
전국,,2014-06,주택가격전망CSI_6대광역시,6대광역시,116,
전국,,2014-07,주택가격전망CSI_6대광역시,6대광역시,115,
전국,,2014-08,주택가격전망CSI_6대광역시,6대광역시,120,
전국,,2014-09,주택가격전망CSI_6대광역시,6대광역시,126,
전국,,2014-10,주택가격전망CSI_6대광역시,6대광역시,124,
전국,,2014-11,주택가격전망CSI_6대광역시,6대광역시,122,
전국,,2014-12,주택가격전망CSI_6대광역시,6대광역시,117,
전국,,2015-01,주택가격전망CSI_6대광역시,6대광역시,116,
전국,,2015-02,주택가격전망CSI_6대광역시,6대광역시,119,
전국,,2015-03,주택가격전망CSI_6대광역시,6대광역시,123,
전국,,2015-04,주택가격전망CSI_6대광역시,6대광역시,124,
전국,,2015-05,주택가격전망CSI_6대광역시,6대광역시,120,
전국,,2015-06,주택가격전망CSI_6대광역시,6대광역시,120,
전국,,2015-07,주택가격전망CSI_6대광역시,6대광역시,118,
전국,,2015-08,주택가격전망CSI_6대광역시,6대광역시,113,
전국,,2015-09,주택가격전망CSI_6대광역시,6대광역시,116,
전국,,2015-10,주택가격전망CSI_6대광역시,6대광역시,119,
전국,,2015-11,주택가격전망CSI_6대광역시,6대광역시,112,
전국,,2015-12,주택가격전망CSI_6대광역시,6대광역시,98,
전국,,2016-01,주택가격전망CSI_6대광역시,6대광역시,98,
전국,,2016-02,주택가격전망CSI_6대광역시,6대광역시,98,
전국,,2016-03,주택가격전망CSI_6대광역시,6대광역시,96,
전국,,2016-04,주택가격전망CSI_6대광역시,6대광역시,102,
전국,,2016-05,주택가격전망CSI_6대광역시,6대광역시,102,
전국,,2016-06,주택가격전망CSI_6대광역시,6대광역시,105,
전국,,2016-07,주택가격전망CSI_6대광역시,6대광역시,106,
전국,,2016-08,주택가격전망CSI_6대광역시,6대광역시,104,
전국,,2016-09,주택가격전망CSI_6대광역시,6대광역시,109,
전국,,2016-10,주택가격전망CSI_6대광역시,6대광역시,109,
전국,,2016-11,주택가격전망CSI_6대광역시,6대광역시,105,
전국,,2016-12,주택가격전망CSI_6대광역시,6대광역시,99,
전국,,2017-01,주택가격전망CSI_6대광역시,6대광역시,91,
전국,,2017-02,주택가격전망CSI_6대광역시,6대광역시,92,
전국,,2017-03,주택가격전망CSI_6대광역시,6대광역시,97,
전국,,2017-04,주택가격전망CSI_6대광역시,6대광역시,101,
전국,,2017-05,주택가격전망CSI_6대광역시,6대광역시,108,
전국,,2017-06,주택가격전망CSI_6대광역시,6대광역시,115,
전국,,2017-07,주택가격전망CSI_6대광역시,6대광역시,113,
전국,,2017-08,주택가격전망CSI_6대광역시,6대광역시,100,
전국,,2017-09,주택가격전망CSI_6대광역시,6대광역시,103,
전국,,2017-10,주택가격전망CSI_6대광역시,6대광역시,107,
전국,,2017-11,주택가격전망CSI_6대광역시,6대광역시,105,
전국,,2017-12,주택가격전망CSI_6대광역시,6대광역시,104,
전국,,2018-01,주택가격전망CSI_6대광역시,6대광역시,107,
전국,,2018-02,주택가격전망CSI_6대광역시,6대광역시,108,
전국,,2018-03,주택가격전망CSI_6대광역시,6대광역시,105,
전국,,2018-04,주택가격전망CSI_6대광역시,6대광역시,99,
전국,,2018-05,주택가격전망CSI_6대광역시,6대광역시,103,
전국,,2018-06,주택가격전망CSI_6대광역시,6대광역시,98,
전국,,2018-07,주택가격전망CSI_6대광역시,6대광역시,96,
전국,,2018-08,주택가격전망CSI_6대광역시,6대광역시,104,
전국,,2018-09,주택가격전망CSI_6대광역시,6대광역시,124,
전국,,2018-10,주택가격전망CSI_6대광역시,6대광역시,115,
전국,,2018-11,주택가격전망CSI_6대광역시,6대광역시,104,
전국,,2018-12,주택가격전망CSI_6대광역시,6대광역시,98,
전국,,2019-01,주택가격전망CSI_6대광역시,6대광역시,93,
전국,,2019-02,주택가격전망CSI_6대광역시,6대광역시,86,
전국,,2019-03,주택가격전망CSI_6대광역시,6대광역시,85,
전국,,2019-04,주택가격전망CSI_6대광역시,6대광역시,88,
전국,,2019-05,주택가격전망CSI_6대광역시,6대광역시,94,
전국,,2019-06,주택가격전망CSI_6대광역시,6대광역시,97,
전국,,2019-07,주택가격전망CSI_6대광역시,6대광역시,108,
전국,,2019-08,주택가격전망CSI_6대광역시,6대광역시,106,
전국,,2019-09,주택가격전망CSI_6대광역시,6대광역시,110,
전국,,2019-10,주택가격전망CSI_6대광역시,6대광역시,116,
전국,,2019-11,주택가격전망CSI_6대광역시,6대광역시,122,
전국,,2019-12,주택가격전망CSI_6대광역시,6대광역시,128,
전국,,2020-01,주택가격전망CSI_6대광역시,6대광역시,119,
전국,,2020-02,주택가격전망CSI_6대광역시,6대광역시,114,
전국,,2020-03,주택가격전망CSI_6대광역시,6대광역시,115,
전국,,2020-04,주택가격전망CSI_6대광역시,6대광역시,100,
전국,,2020-05,주택가격전망CSI_6대광역시,6대광역시,100,
전국,,2020-06,주택가격전망CSI_6대광역시,6대광역시,116,
전국,,2020-07,주택가격전망CSI_6대광역시,6대광역시,125,
전국,,2020-08,주택가격전망CSI_6대광역시,6대광역시,127,
전국,,2020-09,주택가격전망CSI_6대광역시,6대광역시,119,
전국,,2020-10,주택가격전망CSI_6대광역시,6대광역시,125,
전국,,2020-11,주택가격전망CSI_6대광역시,6대광역시,136,
전국,,2020-12,주택가격전망CSI_6대광역시,6대광역시,137,
전국,,2021-01,주택가격전망CSI_6대광역시,6대광역시,132,
전국,,2021-02,주택가격전망CSI_6대광역시,6대광역시,131,
전국,,2021-03,주택가격전망CSI_6대광역시,6대광역시,126,
전국,,2021-04,주택가격전망CSI_6대광역시,6대광역시,125,
전국,,2021-05,주택가격전망CSI_6대광역시,6대광역시,127,
전국,,2021-06,주택가격전망CSI_6대광역시,6대광역시,129,
전국,,2021-07,주택가격전망CSI_6대광역시,6대광역시,129,
전국,,2021-08,주택가격전망CSI_6대광역시,6대광역시,128,
전국,,2021-09,주택가격전망CSI_6대광역시,6대광역시,128,
전국,,2021-10,주택가격전망CSI_6대광역시,6대광역시,124,
전국,,2021-11,주택가격전망CSI_6대광역시,6대광역시,117,
전국,,2021-12,주택가격전망CSI_6대광역시,6대광역시,110,
전국,,2022-01,주택가격전망CSI_6대광역시,6대광역시,101,
전국,,2022-02,주택가격전망CSI_6대광역시,6대광역시,99,
전국,,2022-03,주택가격전망CSI_6대광역시,6대광역시,105,
전국,,2022-04,주택가격전망CSI_6대광역시,6대광역시,114,
전국,,2022-05,주택가격전망CSI_6대광역시,6대광역시,109,
전국,,2022-06,주택가격전망CSI_6대광역시,6대광역시,99,
전국,,2022-07,주택가격전망CSI_6대광역시,6대광역시,84,
전국,,2022-08,주택가격전망CSI_6대광역시,6대광역시,74,
전국,,2022-09,주택가격전망CSI_6대광역시,6대광역시,69,
전국,,2022-10,주택가격전망CSI_6대광역시,6대광역시,64,
전국,,2022-11,주택가격전망CSI_6대광역시,6대광역시,62,
전국,,2022-12,주택가격전망CSI_6대광역시,6대광역시,61,
전국,,2023-01,주택가격전망CSI_6대광역시,6대광역시,66,
전국,,2023-02,주택가격전망CSI_6대광역시,6대광역시,68,
전국,,2023-03,주택가격전망CSI_6대광역시,6대광역시,79,
전국,,2023-04,주택가격전망CSI_6대광역시,6대광역시,88,
전국,,2023-05,주택가격전망CSI_6대광역시,6대광역시,91,
전국,,2023-06,주택가격전망CSI_6대광역시,6대광역시,97,
전국,,2023-07,주택가격전망CSI_6대광역시,6대광역시,100,
전국,,2023-08,주택가격전망CSI_6대광역시,6대광역시,107,
전국,,2023-09,주택가격전망CSI_6대광역시,6대광역시,111,
전국,,2023-10,주택가격전망CSI_6대광역시,6대광역시,109,
전국,,2023-11,주택가격전망CSI_6대광역시,6대광역시,102,
전국,,2023-12,주택가격전망CSI_6대광역시,6대광역시,92,
전국,,2024-01,주택가격전망CSI_6대광역시,6대광역시,93,
전국,,2024-02,주택가격전망CSI_6대광역시,6대광역시,93,
전국,,2024-03,주택가격전망CSI_6대광역시,6대광역시,96,
전국,,2024-04,주택가격전망CSI_6대광역시,6대광역시,101,
전국,,2024-05,주택가격전망CSI_6대광역시,6대광역시,101,
전국,,2024-06,주택가격전망CSI_6대광역시,6대광역시,107,
전국,,2024-07,주택가격전망CSI_6대광역시,6대광역시,114,
전국,,2024-08,주택가격전망CSI_6대광역시,6대광역시,117,
전국,,2024-09,주택가격전망CSI_6대광역시,6대광역시,119,
전국,,2024-10,주택가격전망CSI_6대광역시,6대광역시,115,
전국,,2024-11,주택가격전망CSI_6대광역시,6대광역시,108,
전국,,2024-12,주택가격전망CSI_6대광역시,6대광역시,100,
전국,,2025-01,주택가격전망CSI_6대광역시,6대광역시,100,
전국,,2025-02,주택가격전망CSI_6대광역시,6대광역시,98,
전국,,2025-03,주택가격전망CSI_6대광역시,6대광역시,101,
전국,,2025-04,주택가격전망CSI_6대광역시,6대광역시,104,
전국,,2025-05,주택가격전망CSI_6대광역시,6대광역시,108,
전국,,2025-06,주택가격전망CSI_6대광역시,6대광역시,116,
전국,,2025-07,주택가격전망CSI_6대광역시,6대광역시,110,
전국,,2025-08,주택가격전망CSI_6대광역시,6대광역시,112,
전국,,2025-09,주택가격전망CSI_6대광역시,6대광역시,110,
전국,,2025-10,주택가격전망CSI_6대광역시,6대광역시,120,
전국,,2025-11,주택가격전망CSI_6대광역시,6대광역시,117,
전국,,2025-12,주택가격전망CSI_6대광역시,6대광역시,120,
전국,,2026-01,주택가격전망CSI_6대광역시,6대광역시,122,
전국,,2026-02,주택가격전망CSI_6대광역시,6대광역시,107,
전국,,2026-03,주택가격전망CSI_6대광역시,6대광역시,96,
전국,,2026-04,주택가격전망CSI_6대광역시,6대광역시,104,
전국,,2026-05,주택가격전망CSI_6대광역시,6대광역시,112,
전국,,2026-06,주택가격전망CSI_6대광역시,6대광역시,117,
전국,,2026-07,주택가격전망CSI_6대광역시,6대광역시,122,
전국,,2026-08,주택가격전망CSI_6대광역시,6대광역시,120,
전국,,2026-09,주택가격전망CSI_6대광역시,6대광역시,121,
전국,,2013-01,주택가격전망CSI_기타도시,기타도시,93,
전국,,2013-02,주택가격전망CSI_기타도시,기타도시,95,
전국,,2013-03,주택가격전망CSI_기타도시,기타도시,100,
전국,,2013-04,주택가격전망CSI_기타도시,기타도시,105,
전국,,2013-05,주택가격전망CSI_기타도시,기타도시,110,
전국,,2013-06,주택가격전망CSI_기타도시,기타도시,109,
전국,,2013-07,주택가격전망CSI_기타도시,기타도시,102,
전국,,2013-08,주택가격전망CSI_기타도시,기타도시,101,
전국,,2013-09,주택가격전망CSI_기타도시,기타도시,110,
전국,,2013-10,주택가격전망CSI_기타도시,기타도시,114,
전국,,2013-11,주택가격전망CSI_기타도시,기타도시,113,
전국,,2013-12,주택가격전망CSI_기타도시,기타도시,111,
전국,,2014-01,주택가격전망CSI_기타도시,기타도시,118,
전국,,2014-02,주택가격전망CSI_기타도시,기타도시,121,
전국,,2014-03,주택가격전망CSI_기타도시,기타도시,121,
전국,,2014-04,주택가격전망CSI_기타도시,기타도시,116,
전국,,2014-05,주택가격전망CSI_기타도시,기타도시,113,
전국,,2014-06,주택가격전망CSI_기타도시,기타도시,113,
전국,,2014-07,주택가격전망CSI_기타도시,기타도시,114,
전국,,2014-08,주택가격전망CSI_기타도시,기타도시,121,
전국,,2014-09,주택가격전망CSI_기타도시,기타도시,124,
전국,,2014-10,주택가격전망CSI_기타도시,기타도시,124,
전국,,2014-11,주택가격전망CSI_기타도시,기타도시,119,
전국,,2014-12,주택가격전망CSI_기타도시,기타도시,117,
전국,,2015-01,주택가격전망CSI_기타도시,기타도시,118,
전국,,2015-02,주택가격전망CSI_기타도시,기타도시,119,
전국,,2015-03,주택가격전망CSI_기타도시,기타도시,123,
전국,,2015-04,주택가격전망CSI_기타도시,기타도시,121,
전국,,2015-05,주택가격전망CSI_기타도시,기타도시,123,
전국,,2015-06,주택가격전망CSI_기타도시,기타도시,120,
전국,,2015-07,주택가격전망CSI_기타도시,기타도시,121,
전국,,2015-08,주택가격전망CSI_기타도시,기타도시,117,
전국,,2015-09,주택가격전망CSI_기타도시,기타도시,117,
전국,,2015-10,주택가격전망CSI_기타도시,기타도시,120,
전국,,2015-11,주택가격전망CSI_기타도시,기타도시,115,
전국,,2015-12,주택가격전망CSI_기타도시,기타도시,106,
전국,,2016-01,주택가격전망CSI_기타도시,기타도시,103,
전국,,2016-02,주택가격전망CSI_기타도시,기타도시,104,
전국,,2016-03,주택가격전망CSI_기타도시,기타도시,103,
전국,,2016-04,주택가격전망CSI_기타도시,기타도시,107,
전국,,2016-05,주택가격전망CSI_기타도시,기타도시,108,
전국,,2016-06,주택가격전망CSI_기타도시,기타도시,111,
전국,,2016-07,주택가격전망CSI_기타도시,기타도시,112,
전국,,2016-08,주택가격전망CSI_기타도시,기타도시,109,
전국,,2016-09,주택가격전망CSI_기타도시,기타도시,111,
전국,,2016-10,주택가격전망CSI_기타도시,기타도시,113,
전국,,2016-11,주택가격전망CSI_기타도시,기타도시,108,
전국,,2016-12,주택가격전망CSI_기타도시,기타도시,96,
전국,,2017-01,주택가격전망CSI_기타도시,기타도시,94,
전국,,2017-02,주택가격전망CSI_기타도시,기타도시,92,
전국,,2017-03,주택가격전망CSI_기타도시,기타도시,98,
전국,,2017-04,주택가격전망CSI_기타도시,기타도시,103,
전국,,2017-05,주택가격전망CSI_기타도시,기타도시,109,
전국,,2017-06,주택가격전망CSI_기타도시,기타도시,115,
전국,,2017-07,주택가격전망CSI_기타도시,기타도시,115,
전국,,2017-08,주택가격전망CSI_기타도시,기타도시,100,
전국,,2017-09,주택가격전망CSI_기타도시,기타도시,103,
전국,,2017-10,주택가격전망CSI_기타도시,기타도시,111,
전국,,2017-11,주택가격전망CSI_기타도시,기타도시,106,
전국,,2017-12,주택가격전망CSI_기타도시,기타도시,104,
전국,,2018-01,주택가격전망CSI_기타도시,기타도시,109,
전국,,2018-02,주택가격전망CSI_기타도시,기타도시,110,
전국,,2018-03,주택가격전망CSI_기타도시,기타도시,105,
전국,,2018-04,주택가격전망CSI_기타도시,기타도시,101,
전국,,2018-05,주택가격전망CSI_기타도시,기타도시,100,
전국,,2018-06,주택가격전망CSI_기타도시,기타도시,97,
전국,,2018-07,주택가격전망CSI_기타도시,기타도시,97,
전국,,2018-08,주택가격전망CSI_기타도시,기타도시,108,
전국,,2018-09,주택가격전망CSI_기타도시,기타도시,126,
전국,,2018-10,주택가격전망CSI_기타도시,기타도시,112,
전국,,2018-11,주택가격전망CSI_기타도시,기타도시,98,
전국,,2018-12,주택가격전망CSI_기타도시,기타도시,94,
전국,,2019-01,주택가격전망CSI_기타도시,기타도시,89,
전국,,2019-02,주택가격전망CSI_기타도시,기타도시,82,
전국,,2019-03,주택가격전망CSI_기타도시,기타도시,80,
전국,,2019-04,주택가격전망CSI_기타도시,기타도시,85,
전국,,2019-05,주택가격전망CSI_기타도시,기타도시,91,
전국,,2019-06,주택가격전망CSI_기타도시,기타도시,95,
전국,,2019-07,주택가격전망CSI_기타도시,기타도시,103,
전국,,2019-08,주택가격전망CSI_기타도시,기타도시,104,
전국,,2019-09,주택가격전망CSI_기타도시,기타도시,104,
전국,,2019-10,주택가격전망CSI_기타도시,기타도시,111,
전국,,2019-11,주택가격전망CSI_기타도시,기타도시,117,
전국,,2019-12,주택가격전망CSI_기타도시,기타도시,122,
전국,,2020-01,주택가격전망CSI_기타도시,기타도시,115,
전국,,2020-02,주택가격전망CSI_기타도시,기타도시,111,
전국,,2020-03,주택가격전망CSI_기타도시,기타도시,110,
전국,,2020-04,주택가격전망CSI_기타도시,기타도시,95,
전국,,2020-05,주택가격전망CSI_기타도시,기타도시,96,
전국,,2020-06,주택가격전망CSI_기타도시,기타도시,111,
전국,,2020-07,주택가격전망CSI_기타도시,기타도시,123,
전국,,2020-08,주택가격전망CSI_기타도시,기타도시,123,
전국,,2020-09,주택가격전망CSI_기타도시,기타도시,116,
전국,,2020-10,주택가격전망CSI_기타도시,기타도시,122,
전국,,2020-11,주택가격전망CSI_기타도시,기타도시,128,
전국,,2020-12,주택가격전망CSI_기타도시,기타도시,132,
전국,,2021-01,주택가격전망CSI_기타도시,기타도시,130,
전국,,2021-02,주택가격전망CSI_기타도시,기타도시,129,
전국,,2021-03,주택가격전망CSI_기타도시,기타도시,126,
전국,,2021-04,주택가격전망CSI_기타도시,기타도시,123,
전국,,2021-05,주택가격전망CSI_기타도시,기타도시,126,
전국,,2021-06,주택가격전망CSI_기타도시,기타도시,128,
전국,,2021-07,주택가격전망CSI_기타도시,기타도시,129,
전국,,2021-08,주택가격전망CSI_기타도시,기타도시,131,
전국,,2021-09,주택가격전망CSI_기타도시,기타도시,129,
전국,,2021-10,주택가격전망CSI_기타도시,기타도시,126,
전국,,2021-11,주택가격전망CSI_기타도시,기타도시,117,
전국,,2021-12,주택가격전망CSI_기타도시,기타도시,108,
전국,,2022-01,주택가격전망CSI_기타도시,기타도시,101,
전국,,2022-02,주택가격전망CSI_기타도시,기타도시,98,
전국,,2022-03,주택가격전망CSI_기타도시,기타도시,107,
전국,,2022-04,주택가격전망CSI_기타도시,기타도시,115,
전국,,2022-05,주택가격전망CSI_기타도시,기타도시,113,
전국,,2022-06,주택가격전망CSI_기타도시,기타도시,99,
전국,,2022-07,주택가격전망CSI_기타도시,기타도시,80,
전국,,2022-08,주택가격전망CSI_기타도시,기타도시,76,
전국,,2022-09,주택가격전망CSI_기타도시,기타도시,67,
전국,,2022-10,주택가격전망CSI_기타도시,기타도시,64,
전국,,2022-11,주택가격전망CSI_기타도시,기타도시,60,
전국,,2022-12,주택가격전망CSI_기타도시,기타도시,62,
전국,,2023-01,주택가격전망CSI_기타도시,기타도시,68,
전국,,2023-02,주택가격전망CSI_기타도시,기타도시,72,
전국,,2023-03,주택가격전망CSI_기타도시,기타도시,81,
전국,,2023-04,주택가격전망CSI_기타도시,기타도시,88,
전국,,2023-05,주택가격전망CSI_기타도시,기타도시,94,
전국,,2023-06,주택가격전망CSI_기타도시,기타도시,100,
전국,,2023-07,주택가격전망CSI_기타도시,기타도시,103,
전국,,2023-08,주택가격전망CSI_기타도시,기타도시,108,
전국,,2023-09,주택가격전망CSI_기타도시,기타도시,109,
전국,,2023-10,주택가격전망CSI_기타도시,기타도시,108,
전국,,2023-11,주택가격전망CSI_기타도시,기타도시,102,
전국,,2023-12,주택가격전망CSI_기타도시,기타도시,94,
전국,,2024-01,주택가격전망CSI_기타도시,기타도시,91,
전국,,2024-02,주택가격전망CSI_기타도시,기타도시,91,
전국,,2024-03,주택가격전망CSI_기타도시,기타도시,95,
전국,,2024-04,주택가격전망CSI_기타도시,기타도시,101,
전국,,2024-05,주택가격전망CSI_기타도시,기타도시,100,
전국,,2024-06,주택가격전망CSI_기타도시,기타도시,107,
전국,,2024-07,주택가격전망CSI_기타도시,기타도시,114,
전국,,2024-08,주택가격전망CSI_기타도시,기타도시,116,
전국,,2024-09,주택가격전망CSI_기타도시,기타도시,118,
전국,,2024-10,주택가격전망CSI_기타도시,기타도시,115,
전국,,2024-11,주택가격전망CSI_기타도시,기타도시,108,
전국,,2024-12,주택가격전망CSI_기타도시,기타도시,103,
전국,,2025-01,주택가격전망CSI_기타도시,기타도시,101,
전국,,2025-02,주택가격전망CSI_기타도시,기타도시,99,
전국,,2025-03,주택가격전망CSI_기타도시,기타도시,104,
전국,,2025-04,주택가격전망CSI_기타도시,기타도시,107,
전국,,2025-05,주택가격전망CSI_기타도시,기타도시,110,
전국,,2025-06,주택가격전망CSI_기타도시,기타도시,119,
전국,,2025-07,주택가격전망CSI_기타도시,기타도시,109,
전국,,2025-08,주택가격전망CSI_기타도시,기타도시,110,
전국,,2025-09,주택가격전망CSI_기타도시,기타도시,112,
전국,,2025-10,주택가격전망CSI_기타도시,기타도시,122,
전국,,2025-11,주택가격전망CSI_기타도시,기타도시,119,
전국,,2025-12,주택가격전망CSI_기타도시,기타도시,120,
전국,,2026-01,주택가격전망CSI_기타도시,기타도시,123,
전국,,2026-02,주택가격전망CSI_기타도시,기타도시,106,
전국,,2026-03,주택가격전망CSI_기타도시,기타도시,95,
전국,,2026-04,주택가격전망CSI_기타도시,기타도시,103,
전국,,2026-05,주택가격전망CSI_기타도시,기타도시,110,
전국,,2026-06,주택가격전망CSI_기타도시,기타도시,119,
전국,,2026-07,주택가격전망CSI_기타도시,기타도시,126,
전국,,2026-08,주택가격전망CSI_기타도시,기타도시,125,
전국,,2026-09,주택가격전망CSI_기타도시,기타도시,124,
전국,,2013-01,주택가격전망CSI_서울,서울,95,
전국,,2013-02,주택가격전망CSI_서울,서울,94,
전국,,2013-03,주택가격전망CSI_서울,서울,101,
전국,,2013-04,주택가격전망CSI_서울,서울,105,
전국,,2013-05,주택가격전망CSI_서울,서울,112,
전국,,2013-06,주택가격전망CSI_서울,서울,109,
전국,,2013-07,주택가격전망CSI_서울,서울,98,
전국,,2013-08,주택가격전망CSI_서울,서울,98,
전국,,2013-09,주택가격전망CSI_서울,서울,105,
전국,,2013-10,주택가격전망CSI_서울,서울,110,
전국,,2013-11,주택가격전망CSI_서울,서울,107,
전국,,2013-12,주택가격전망CSI_서울,서울,106,
전국,,2014-01,주택가격전망CSI_서울,서울,112,
전국,,2014-02,주택가격전망CSI_서울,서울,119,
전국,,2014-03,주택가격전망CSI_서울,서울,119,
전국,,2014-04,주택가격전망CSI_서울,서울,112,
전국,,2014-05,주택가격전망CSI_서울,서울,108,
전국,,2014-06,주택가격전망CSI_서울,서울,109,
전국,,2014-07,주택가격전망CSI_서울,서울,108,
전국,,2014-08,주택가격전망CSI_서울,서울,116,
전국,,2014-09,주택가격전망CSI_서울,서울,122,
전국,,2014-10,주택가격전망CSI_서울,서울,125,
전국,,2014-11,주택가격전망CSI_서울,서울,115,
전국,,2014-12,주택가격전망CSI_서울,서울,113,
전국,,2015-01,주택가격전망CSI_서울,서울,112,
전국,,2015-02,주택가격전망CSI_서울,서울,114,
전국,,2015-03,주택가격전망CSI_서울,서울,124,
전국,,2015-04,주택가격전망CSI_서울,서울,122,
전국,,2015-05,주택가격전망CSI_서울,서울,123,
전국,,2015-06,주택가격전망CSI_서울,서울,122,
전국,,2015-07,주택가격전망CSI_서울,서울,116,
전국,,2015-08,주택가격전망CSI_서울,서울,115,
전국,,2015-09,주택가격전망CSI_서울,서울,119,
전국,,2015-10,주택가격전망CSI_서울,서울,120,
전국,,2015-11,주택가격전망CSI_서울,서울,111,
전국,,2015-12,주택가격전망CSI_서울,서울,100,
전국,,2016-01,주택가격전망CSI_서울,서울,103,
전국,,2016-02,주택가격전망CSI_서울,서울,102,
전국,,2016-03,주택가격전망CSI_서울,서울,104,
전국,,2016-04,주택가격전망CSI_서울,서울,106,
전국,,2016-05,주택가격전망CSI_서울,서울,109,
전국,,2016-06,주택가격전망CSI_서울,서울,116,
전국,,2016-07,주택가격전망CSI_서울,서울,115,
전국,,2016-08,주택가격전망CSI_서울,서울,110,
전국,,2016-09,주택가격전망CSI_서울,서울,115,
전국,,2016-10,주택가격전망CSI_서울,서울,121,
전국,,2016-11,주택가격전망CSI_서울,서울,107,
전국,,2016-12,주택가격전망CSI_서울,서울,97,
전국,,2017-01,주택가격전망CSI_서울,서울,92,
전국,,2017-02,주택가격전망CSI_서울,서울,91,
전국,,2017-03,주택가격전망CSI_서울,서울,104,
전국,,2017-04,주택가격전망CSI_서울,서울,107,
전국,,2017-05,주택가격전망CSI_서울,서울,111,
전국,,2017-06,주택가격전망CSI_서울,서울,118,
전국,,2017-07,주택가격전망CSI_서울,서울,118,
전국,,2017-08,주택가격전망CSI_서울,서울,97,
전국,,2017-09,주택가격전망CSI_서울,서울,103,
전국,,2017-10,주택가격전망CSI_서울,서울,111,
전국,,2017-11,주택가격전망CSI_서울,서울,109,
전국,,2017-12,주택가격전망CSI_서울,서울,110,
전국,,2018-01,주택가격전망CSI_서울,서울,118,
전국,,2018-02,주택가격전망CSI_서울,서울,119,
전국,,2018-03,주택가격전망CSI_서울,서울,113,
전국,,2018-04,주택가격전망CSI_서울,서울,103,
전국,,2018-05,주택가격전망CSI_서울,서울,104,
전국,,2018-06,주택가격전망CSI_서울,서울,103,
전국,,2018-07,주택가격전망CSI_서울,서울,102,
전국,,2018-08,주택가격전망CSI_서울,서울,117,
전국,,2018-09,주택가격전망CSI_서울,서울,137,
전국,,2018-10,주택가격전망CSI_서울,서울,119,
전국,,2018-11,주택가격전망CSI_서울,서울,102,
전국,,2018-12,주택가격전망CSI_서울,서울,95,
전국,,2019-01,주택가격전망CSI_서울,서울,92,
전국,,2019-02,주택가격전망CSI_서울,서울,85,
전국,,2019-03,주택가격전망CSI_서울,서울,88,
전국,,2019-04,주택가격전망CSI_서울,서울,91,
전국,,2019-05,주택가격전망CSI_서울,서울,94,
전국,,2019-06,주택가격전망CSI_서울,서울,101,
전국,,2019-07,주택가격전망CSI_서울,서울,112,
전국,,2019-08,주택가격전망CSI_서울,서울,113,
전국,,2019-09,주택가격전망CSI_서울,서울,117,
전국,,2019-10,주택가격전망CSI_서울,서울,122,
전국,,2019-11,주택가격전망CSI_서울,서울,125,
전국,,2019-12,주택가격전망CSI_서울,서울,130,
전국,,2020-01,주택가격전망CSI_서울,서울,117,
전국,,2020-02,주택가격전망CSI_서울,서울,110,
전국,,2020-03,주택가격전망CSI_서울,서울,110,
전국,,2020-04,주택가격전망CSI_서울,서울,91,
전국,,2020-05,주택가격전망CSI_서울,서울,92,
전국,,2020-06,주택가격전망CSI_서울,서울,111,
전국,,2020-07,주택가격전망CSI_서울,서울,127,
전국,,2020-08,주택가격전망CSI_서울,서울,127,
전국,,2020-09,주택가격전망CSI_서울,서울,115,
전국,,2020-10,주택가격전망CSI_서울,서울,120,
전국,,2020-11,주택가격전망CSI_서울,서울,126,
전국,,2020-12,주택가격전망CSI_서울,서울,128,
전국,,2021-01,주택가격전망CSI_서울,서울,127,
전국,,2021-02,주택가격전망CSI_서울,서울,125,
전국,,2021-03,주택가격전망CSI_서울,서울,118,
전국,,2021-04,주택가격전망CSI_서울,서울,117,
전국,,2021-05,주택가격전망CSI_서울,서울,119,
전국,,2021-06,주택가격전망CSI_서울,서울,124,
전국,,2021-07,주택가격전망CSI_서울,서울,127,
전국,,2021-08,주택가격전망CSI_서울,서울,125,
전국,,2021-09,주택가격전망CSI_서울,서울,125,
전국,,2021-10,주택가격전망CSI_서울,서울,122,
전국,,2021-11,주택가격전망CSI_서울,서울,113,
전국,,2021-12,주택가격전망CSI_서울,서울,101,
전국,,2022-01,주택가격전망CSI_서울,서울,95,
전국,,2022-02,주택가격전망CSI_서울,서울,92,
전국,,2022-03,주택가격전망CSI_서울,서울,96,
전국,,2022-04,주택가격전망CSI_서울,서울,112,
전국,,2022-05,주택가격전망CSI_서울,서울,108,
전국,,2022-06,주택가격전망CSI_서울,서울,94,
전국,,2022-07,주택가격전망CSI_서울,서울,85,
전국,,2022-08,주택가격전망CSI_서울,서울,76,
전국,,2022-09,주택가격전망CSI_서울,서울,65,
전국,,2022-10,주택가격전망CSI_서울,서울,62,
전국,,2022-11,주택가격전망CSI_서울,서울,61,
전국,,2022-12,주택가격전망CSI_서울,서울,62,
전국,,2023-01,주택가격전망CSI_서울,서울,70,
전국,,2023-02,주택가격전망CSI_서울,서울,70,
전국,,2023-03,주택가격전망CSI_서울,서울,78,
전국,,2023-04,주택가격전망CSI_서울,서울,85,
전국,,2023-05,주택가격전망CSI_서울,서울,92,
전국,,2023-06,주택가격전망CSI_서울,서울,102,
전국,,2023-07,주택가격전망CSI_서울,서울,103,
전국,,2023-08,주택가격전망CSI_서울,서울,108,
전국,,2023-09,주택가격전망CSI_서울,서울,112,
전국,,2023-10,주택가격전망CSI_서울,서울,109,
전국,,2023-11,주택가격전망CSI_서울,서울,101,
전국,,2023-12,주택가격전망CSI_서울,서울,91,
전국,,2024-01,주택가격전망CSI_서울,서울,92,
전국,,2024-02,주택가격전망CSI_서울,서울,93,
전국,,2024-03,주택가격전망CSI_서울,서울,96,
전국,,2024-04,주택가격전망CSI_서울,서울,104,
전국,,2024-05,주택가격전망CSI_서울,서울,105,
전국,,2024-06,주택가격전망CSI_서울,서울,112,
전국,,2024-07,주택가격전망CSI_서울,서울,119,
전국,,2024-08,주택가격전망CSI_서울,서울,122,
전국,,2024-09,주택가격전망CSI_서울,서울,122,
전국,,2024-10,주택가격전망CSI_서울,서울,121,
전국,,2024-11,주택가격전망CSI_서울,서울,114,
전국,,2024-12,주택가격전망CSI_서울,서울,107,
전국,,2025-01,주택가격전망CSI_서울,서울,103,
전국,,2025-02,주택가격전망CSI_서울,서울,103,
전국,,2025-03,주택가격전망CSI_서울,서울,112,
전국,,2025-04,주택가격전망CSI_서울,서울,113,
전국,,2025-05,주택가격전망CSI_서울,서울,116,
전국,,2025-06,주택가격전망CSI_서울,서울,124,
전국,,2025-07,주택가격전망CSI_서울,서울,110,
전국,,2025-08,주택가격전망CSI_서울,서울,113,
전국,,2025-09,주택가격전망CSI_서울,서울,115,
전국,,2025-10,주택가격전망CSI_서울,서울,127,
전국,,2025-11,주택가격전망CSI_서울,서울,124,
전국,,2025-12,주택가격전망CSI_서울,서울,127,
전국,,2026-01,주택가격전망CSI_서울,서울,130,
전국,,2026-02,주택가격전망CSI_서울,서울,113,
전국,,2026-03,주택가격전망CSI_서울,서울,97,
전국,,2026-04,주택가격전망CSI_서울,서울,106,
전국,,2026-05,주택가격전망CSI_서울,서울,118,
전국,,2026-06,주택가격전망CSI_서울,서울,128,
전국,,2026-07,주택가격전망CSI_서울,서울,134,
전국,,2026-08,주택가격전망CSI_서울,서울,134,
전국,,2026-09,주택가격전망CSI_서울,서울,133,
전국,,1999-05,한국은행_기준금리,한국은행 기준금리,4.75,연%
전국,,1999-06,한국은행_기준금리,한국은행 기준금리,4.75,연%
전국,,1999-07,한국은행_기준금리,한국은행 기준금리,4.75,연%
전국,,1999-08,한국은행_기준금리,한국은행 기준금리,4.75,연%
전국,,1999-09,한국은행_기준금리,한국은행 기준금리,4.75,연%
전국,,1999-10,한국은행_기준금리,한국은행 기준금리,4.75,연%
전국,,1999-11,한국은행_기준금리,한국은행 기준금리,4.75,연%
전국,,1999-12,한국은행_기준금리,한국은행 기준금리,4.75,연%
전국,,2000-01,한국은행_기준금리,한국은행 기준금리,4.75,연%
전국,,2000-02,한국은행_기준금리,한국은행 기준금리,5,연%
전국,,2000-03,한국은행_기준금리,한국은행 기준금리,5,연%
전국,,2000-04,한국은행_기준금리,한국은행 기준금리,5,연%
전국,,2000-05,한국은행_기준금리,한국은행 기준금리,5,연%
전국,,2000-06,한국은행_기준금리,한국은행 기준금리,5,연%
전국,,2000-07,한국은행_기준금리,한국은행 기준금리,5,연%
전국,,2000-08,한국은행_기준금리,한국은행 기준금리,5,연%
전국,,2000-09,한국은행_기준금리,한국은행 기준금리,5,연%
전국,,2000-10,한국은행_기준금리,한국은행 기준금리,5.25,연%
전국,,2000-11,한국은행_기준금리,한국은행 기준금리,5.25,연%
전국,,2000-12,한국은행_기준금리,한국은행 기준금리,5.25,연%
전국,,2001-01,한국은행_기준금리,한국은행 기준금리,5.25,연%
전국,,2001-02,한국은행_기준금리,한국은행 기준금리,5,연%
전국,,2001-03,한국은행_기준금리,한국은행 기준금리,5,연%
전국,,2001-04,한국은행_기준금리,한국은행 기준금리,5,연%
전국,,2001-05,한국은행_기준금리,한국은행 기준금리,5,연%
전국,,2001-06,한국은행_기준금리,한국은행 기준금리,5,연%
전국,,2001-07,한국은행_기준금리,한국은행 기준금리,4.75,연%
전국,,2001-08,한국은행_기준금리,한국은행 기준금리,4.5,연%
전국,,2001-09,한국은행_기준금리,한국은행 기준금리,4,연%
전국,,2001-10,한국은행_기준금리,한국은행 기준금리,4,연%
전국,,2001-11,한국은행_기준금리,한국은행 기준금리,4,연%
전국,,2001-12,한국은행_기준금리,한국은행 기준금리,4,연%
전국,,2002-01,한국은행_기준금리,한국은행 기준금리,4,연%
전국,,2002-02,한국은행_기준금리,한국은행 기준금리,4,연%
전국,,2002-03,한국은행_기준금리,한국은행 기준금리,4,연%
전국,,2002-04,한국은행_기준금리,한국은행 기준금리,4,연%
전국,,2002-05,한국은행_기준금리,한국은행 기준금리,4.25,연%
전국,,2002-06,한국은행_기준금리,한국은행 기준금리,4.25,연%
전국,,2002-07,한국은행_기준금리,한국은행 기준금리,4.25,연%
전국,,2002-08,한국은행_기준금리,한국은행 기준금리,4.25,연%
전국,,2002-09,한국은행_기준금리,한국은행 기준금리,4.25,연%
전국,,2002-10,한국은행_기준금리,한국은행 기준금리,4.25,연%
전국,,2002-11,한국은행_기준금리,한국은행 기준금리,4.25,연%
전국,,2002-12,한국은행_기준금리,한국은행 기준금리,4.25,연%
전국,,2003-01,한국은행_기준금리,한국은행 기준금리,4.25,연%
전국,,2003-02,한국은행_기준금리,한국은행 기준금리,4.25,연%
전국,,2003-03,한국은행_기준금리,한국은행 기준금리,4.25,연%
전국,,2003-04,한국은행_기준금리,한국은행 기준금리,4.25,연%
전국,,2003-05,한국은행_기준금리,한국은행 기준금리,4,연%
전국,,2003-06,한국은행_기준금리,한국은행 기준금리,4,연%
전국,,2003-07,한국은행_기준금리,한국은행 기준금리,3.75,연%
전국,,2003-08,한국은행_기준금리,한국은행 기준금리,3.75,연%
전국,,2003-09,한국은행_기준금리,한국은행 기준금리,3.75,연%
전국,,2003-10,한국은행_기준금리,한국은행 기준금리,3.75,연%
전국,,2003-11,한국은행_기준금리,한국은행 기준금리,3.75,연%
전국,,2003-12,한국은행_기준금리,한국은행 기준금리,3.75,연%
전국,,2004-01,한국은행_기준금리,한국은행 기준금리,3.75,연%
전국,,2004-02,한국은행_기준금리,한국은행 기준금리,3.75,연%
전국,,2004-03,한국은행_기준금리,한국은행 기준금리,3.75,연%
전국,,2004-04,한국은행_기준금리,한국은행 기준금리,3.75,연%
전국,,2004-05,한국은행_기준금리,한국은행 기준금리,3.75,연%
전국,,2004-06,한국은행_기준금리,한국은행 기준금리,3.75,연%
전국,,2004-07,한국은행_기준금리,한국은행 기준금리,3.75,연%
전국,,2004-08,한국은행_기준금리,한국은행 기준금리,3.5,연%
전국,,2004-09,한국은행_기준금리,한국은행 기준금리,3.5,연%
전국,,2004-10,한국은행_기준금리,한국은행 기준금리,3.5,연%
전국,,2004-11,한국은행_기준금리,한국은행 기준금리,3.25,연%
전국,,2004-12,한국은행_기준금리,한국은행 기준금리,3.25,연%
전국,,2005-01,한국은행_기준금리,한국은행 기준금리,3.25,연%
전국,,2005-02,한국은행_기준금리,한국은행 기준금리,3.25,연%
전국,,2005-03,한국은행_기준금리,한국은행 기준금리,3.25,연%
전국,,2005-04,한국은행_기준금리,한국은행 기준금리,3.25,연%
전국,,2005-05,한국은행_기준금리,한국은행 기준금리,3.25,연%
전국,,2005-06,한국은행_기준금리,한국은행 기준금리,3.25,연%
전국,,2005-07,한국은행_기준금리,한국은행 기준금리,3.25,연%
전국,,2005-08,한국은행_기준금리,한국은행 기준금리,3.25,연%
전국,,2005-09,한국은행_기준금리,한국은행 기준금리,3.25,연%
전국,,2005-10,한국은행_기준금리,한국은행 기준금리,3.5,연%
전국,,2005-11,한국은행_기준금리,한국은행 기준금리,3.5,연%
전국,,2005-12,한국은행_기준금리,한국은행 기준금리,3.75,연%
전국,,2006-01,한국은행_기준금리,한국은행 기준금리,3.75,연%
전국,,2006-02,한국은행_기준금리,한국은행 기준금리,4,연%
전국,,2006-03,한국은행_기준금리,한국은행 기준금리,4,연%
전국,,2006-04,한국은행_기준금리,한국은행 기준금리,4,연%
전국,,2006-05,한국은행_기준금리,한국은행 기준금리,4,연%
전국,,2006-06,한국은행_기준금리,한국은행 기준금리,4.25,연%
전국,,2006-07,한국은행_기준금리,한국은행 기준금리,4.25,연%
전국,,2006-08,한국은행_기준금리,한국은행 기준금리,4.5,연%
전국,,2006-09,한국은행_기준금리,한국은행 기준금리,4.5,연%
전국,,2006-10,한국은행_기준금리,한국은행 기준금리,4.5,연%
전국,,2006-11,한국은행_기준금리,한국은행 기준금리,4.5,연%
전국,,2006-12,한국은행_기준금리,한국은행 기준금리,4.5,연%
전국,,2007-01,한국은행_기준금리,한국은행 기준금리,4.5,연%
전국,,2007-02,한국은행_기준금리,한국은행 기준금리,4.5,연%
전국,,2007-03,한국은행_기준금리,한국은행 기준금리,4.5,연%
전국,,2007-04,한국은행_기준금리,한국은행 기준금리,4.5,연%
전국,,2007-05,한국은행_기준금리,한국은행 기준금리,4.5,연%
전국,,2007-06,한국은행_기준금리,한국은행 기준금리,4.5,연%
전국,,2007-07,한국은행_기준금리,한국은행 기준금리,4.75,연%
전국,,2007-08,한국은행_기준금리,한국은행 기준금리,5,연%
전국,,2007-09,한국은행_기준금리,한국은행 기준금리,5,연%
전국,,2007-10,한국은행_기준금리,한국은행 기준금리,5,연%
전국,,2007-11,한국은행_기준금리,한국은행 기준금리,5,연%
전국,,2007-12,한국은행_기준금리,한국은행 기준금리,5,연%
전국,,2008-01,한국은행_기준금리,한국은행 기준금리,5,연%
전국,,2008-02,한국은행_기준금리,한국은행 기준금리,5,연%
전국,,2008-03,한국은행_기준금리,한국은행 기준금리,5,연%
전국,,2008-04,한국은행_기준금리,한국은행 기준금리,5,연%
전국,,2008-05,한국은행_기준금리,한국은행 기준금리,5,연%
전국,,2008-06,한국은행_기준금리,한국은행 기준금리,5,연%
전국,,2008-07,한국은행_기준금리,한국은행 기준금리,5,연%
전국,,2008-08,한국은행_기준금리,한국은행 기준금리,5.25,연%
전국,,2008-09,한국은행_기준금리,한국은행 기준금리,5.25,연%
전국,,2008-10,한국은행_기준금리,한국은행 기준금리,4.25,연%
전국,,2008-11,한국은행_기준금리,한국은행 기준금리,4,연%
전국,,2008-12,한국은행_기준금리,한국은행 기준금리,3,연%
전국,,2009-01,한국은행_기준금리,한국은행 기준금리,2.5,연%
전국,,2009-02,한국은행_기준금리,한국은행 기준금리,2,연%
전국,,2009-03,한국은행_기준금리,한국은행 기준금리,2,연%
전국,,2009-04,한국은행_기준금리,한국은행 기준금리,2,연%
전국,,2009-05,한국은행_기준금리,한국은행 기준금리,2,연%
전국,,2009-06,한국은행_기준금리,한국은행 기준금리,2,연%
전국,,2009-07,한국은행_기준금리,한국은행 기준금리,2,연%
전국,,2009-08,한국은행_기준금리,한국은행 기준금리,2,연%
전국,,2009-09,한국은행_기준금리,한국은행 기준금리,2,연%
전국,,2009-10,한국은행_기준금리,한국은행 기준금리,2,연%
전국,,2009-11,한국은행_기준금리,한국은행 기준금리,2,연%
전국,,2009-12,한국은행_기준금리,한국은행 기준금리,2,연%
전국,,2010-01,한국은행_기준금리,한국은행 기준금리,2,연%
전국,,2010-02,한국은행_기준금리,한국은행 기준금리,2,연%
전국,,2010-03,한국은행_기준금리,한국은행 기준금리,2,연%
전국,,2010-04,한국은행_기준금리,한국은행 기준금리,2,연%
전국,,2010-05,한국은행_기준금리,한국은행 기준금리,2,연%
전국,,2010-06,한국은행_기준금리,한국은행 기준금리,2,연%
전국,,2010-07,한국은행_기준금리,한국은행 기준금리,2.25,연%
전국,,2010-08,한국은행_기준금리,한국은행 기준금리,2.25,연%
전국,,2010-09,한국은행_기준금리,한국은행 기준금리,2.25,연%
전국,,2010-10,한국은행_기준금리,한국은행 기준금리,2.25,연%
전국,,2010-11,한국은행_기준금리,한국은행 기준금리,2.5,연%
전국,,2010-12,한국은행_기준금리,한국은행 기준금리,2.5,연%
전국,,2011-01,한국은행_기준금리,한국은행 기준금리,2.75,연%
전국,,2011-02,한국은행_기준금리,한국은행 기준금리,2.75,연%
전국,,2011-03,한국은행_기준금리,한국은행 기준금리,3,연%
전국,,2011-04,한국은행_기준금리,한국은행 기준금리,3,연%
전국,,2011-05,한국은행_기준금리,한국은행 기준금리,3,연%
전국,,2011-06,한국은행_기준금리,한국은행 기준금리,3.25,연%
전국,,2011-07,한국은행_기준금리,한국은행 기준금리,3.25,연%
전국,,2011-08,한국은행_기준금리,한국은행 기준금리,3.25,연%
전국,,2011-09,한국은행_기준금리,한국은행 기준금리,3.25,연%
전국,,2011-10,한국은행_기준금리,한국은행 기준금리,3.25,연%
전국,,2011-11,한국은행_기준금리,한국은행 기준금리,3.25,연%
전국,,2011-12,한국은행_기준금리,한국은행 기준금리,3.25,연%
전국,,2012-01,한국은행_기준금리,한국은행 기준금리,3.25,연%
전국,,2012-02,한국은행_기준금리,한국은행 기준금리,3.25,연%
전국,,2012-03,한국은행_기준금리,한국은행 기준금리,3.25,연%
전국,,2012-04,한국은행_기준금리,한국은행 기준금리,3.25,연%
전국,,2012-05,한국은행_기준금리,한국은행 기준금리,3.25,연%
전국,,2012-06,한국은행_기준금리,한국은행 기준금리,3.25,연%
전국,,2012-07,한국은행_기준금리,한국은행 기준금리,3,연%
전국,,2012-08,한국은행_기준금리,한국은행 기준금리,3,연%
전국,,2012-09,한국은행_기준금리,한국은행 기준금리,3,연%
전국,,2012-10,한국은행_기준금리,한국은행 기준금리,2.75,연%
전국,,2012-11,한국은행_기준금리,한국은행 기준금리,2.75,연%
전국,,2012-12,한국은행_기준금리,한국은행 기준금리,2.75,연%
전국,,2013-01,한국은행_기준금리,한국은행 기준금리,2.75,연%
전국,,2013-02,한국은행_기준금리,한국은행 기준금리,2.75,연%
전국,,2013-03,한국은행_기준금리,한국은행 기준금리,2.75,연%
전국,,2013-04,한국은행_기준금리,한국은행 기준금리,2.75,연%
전국,,2013-05,한국은행_기준금리,한국은행 기준금리,2.5,연%
전국,,2013-06,한국은행_기준금리,한국은행 기준금리,2.5,연%
전국,,2013-07,한국은행_기준금리,한국은행 기준금리,2.5,연%
전국,,2013-08,한국은행_기준금리,한국은행 기준금리,2.5,연%
전국,,2013-09,한국은행_기준금리,한국은행 기준금리,2.5,연%
전국,,2013-10,한국은행_기준금리,한국은행 기준금리,2.5,연%
전국,,2013-11,한국은행_기준금리,한국은행 기준금리,2.5,연%
전국,,2013-12,한국은행_기준금리,한국은행 기준금리,2.5,연%
전국,,2014-01,한국은행_기준금리,한국은행 기준금리,2.5,연%
전국,,2014-02,한국은행_기준금리,한국은행 기준금리,2.5,연%
전국,,2014-03,한국은행_기준금리,한국은행 기준금리,2.5,연%
전국,,2014-04,한국은행_기준금리,한국은행 기준금리,2.5,연%
전국,,2014-05,한국은행_기준금리,한국은행 기준금리,2.5,연%
전국,,2014-06,한국은행_기준금리,한국은행 기준금리,2.5,연%
전국,,2014-07,한국은행_기준금리,한국은행 기준금리,2.5,연%
전국,,2014-08,한국은행_기준금리,한국은행 기준금리,2.25,연%
전국,,2014-09,한국은행_기준금리,한국은행 기준금리,2.25,연%
전국,,2014-10,한국은행_기준금리,한국은행 기준금리,2,연%
전국,,2014-11,한국은행_기준금리,한국은행 기준금리,2,연%
전국,,2014-12,한국은행_기준금리,한국은행 기준금리,2,연%
전국,,2015-01,한국은행_기준금리,한국은행 기준금리,2,연%
전국,,2015-02,한국은행_기준금리,한국은행 기준금리,2,연%
전국,,2015-03,한국은행_기준금리,한국은행 기준금리,1.75,연%
전국,,2015-04,한국은행_기준금리,한국은행 기준금리,1.75,연%
전국,,2015-05,한국은행_기준금리,한국은행 기준금리,1.75,연%
전국,,2015-06,한국은행_기준금리,한국은행 기준금리,1.5,연%
전국,,2015-07,한국은행_기준금리,한국은행 기준금리,1.5,연%
전국,,2015-08,한국은행_기준금리,한국은행 기준금리,1.5,연%
전국,,2015-09,한국은행_기준금리,한국은행 기준금리,1.5,연%
전국,,2015-10,한국은행_기준금리,한국은행 기준금리,1.5,연%
전국,,2015-11,한국은행_기준금리,한국은행 기준금리,1.5,연%
전국,,2015-12,한국은행_기준금리,한국은행 기준금리,1.5,연%
전국,,2016-01,한국은행_기준금리,한국은행 기준금리,1.5,연%
전국,,2016-02,한국은행_기준금리,한국은행 기준금리,1.5,연%
전국,,2016-03,한국은행_기준금리,한국은행 기준금리,1.5,연%
전국,,2016-04,한국은행_기준금리,한국은행 기준금리,1.5,연%
전국,,2016-05,한국은행_기준금리,한국은행 기준금리,1.5,연%
전국,,2016-06,한국은행_기준금리,한국은행 기준금리,1.25,연%
전국,,2016-07,한국은행_기준금리,한국은행 기준금리,1.25,연%
전국,,2016-08,한국은행_기준금리,한국은행 기준금리,1.25,연%
전국,,2016-09,한국은행_기준금리,한국은행 기준금리,1.25,연%
전국,,2016-10,한국은행_기준금리,한국은행 기준금리,1.25,연%
전국,,2016-11,한국은행_기준금리,한국은행 기준금리,1.25,연%
전국,,2016-12,한국은행_기준금리,한국은행 기준금리,1.25,연%
전국,,2017-01,한국은행_기준금리,한국은행 기준금리,1.25,연%
전국,,2017-02,한국은행_기준금리,한국은행 기준금리,1.25,연%
전국,,2017-03,한국은행_기준금리,한국은행 기준금리,1.25,연%
전국,,2017-04,한국은행_기준금리,한국은행 기준금리,1.25,연%
전국,,2017-05,한국은행_기준금리,한국은행 기준금리,1.25,연%
전국,,2017-06,한국은행_기준금리,한국은행 기준금리,1.25,연%
전국,,2017-07,한국은행_기준금리,한국은행 기준금리,1.25,연%
전국,,2017-08,한국은행_기준금리,한국은행 기준금리,1.25,연%
전국,,2017-09,한국은행_기준금리,한국은행 기준금리,1.25,연%
전국,,2017-10,한국은행_기준금리,한국은행 기준금리,1.25,연%
전국,,2017-11,한국은행_기준금리,한국은행 기준금리,1.5,연%
전국,,2017-12,한국은행_기준금리,한국은행 기준금리,1.5,연%
전국,,2018-01,한국은행_기준금리,한국은행 기준금리,1.5,연%
전국,,2018-02,한국은행_기준금리,한국은행 기준금리,1.5,연%
전국,,2018-03,한국은행_기준금리,한국은행 기준금리,1.5,연%
전국,,2018-04,한국은행_기준금리,한국은행 기준금리,1.5,연%
전국,,2018-05,한국은행_기준금리,한국은행 기준금리,1.5,연%
전국,,2018-06,한국은행_기준금리,한국은행 기준금리,1.5,연%
전국,,2018-07,한국은행_기준금리,한국은행 기준금리,1.5,연%
전국,,2018-08,한국은행_기준금리,한국은행 기준금리,1.5,연%
전국,,2018-09,한국은행_기준금리,한국은행 기준금리,1.5,연%
전국,,2018-10,한국은행_기준금리,한국은행 기준금리,1.5,연%
전국,,2018-11,한국은행_기준금리,한국은행 기준금리,1.75,연%
전국,,2018-12,한국은행_기준금리,한국은행 기준금리,1.75,연%
전국,,2019-01,한국은행_기준금리,한국은행 기준금리,1.75,연%
전국,,2019-02,한국은행_기준금리,한국은행 기준금리,1.75,연%
전국,,2019-03,한국은행_기준금리,한국은행 기준금리,1.75,연%
전국,,2019-04,한국은행_기준금리,한국은행 기준금리,1.75,연%
전국,,2019-05,한국은행_기준금리,한국은행 기준금리,1.75,연%
전국,,2019-06,한국은행_기준금리,한국은행 기준금리,1.75,연%
전국,,2019-07,한국은행_기준금리,한국은행 기준금리,1.5,연%
전국,,2019-08,한국은행_기준금리,한국은행 기준금리,1.5,연%
전국,,2019-09,한국은행_기준금리,한국은행 기준금리,1.5,연%
전국,,2019-10,한국은행_기준금리,한국은행 기준금리,1.25,연%
전국,,2019-11,한국은행_기준금리,한국은행 기준금리,1.25,연%
전국,,2019-12,한국은행_기준금리,한국은행 기준금리,1.25,연%
전국,,2020-01,한국은행_기준금리,한국은행 기준금리,1.25,연%
전국,,2020-02,한국은행_기준금리,한국은행 기준금리,1.25,연%
전국,,2020-03,한국은행_기준금리,한국은행 기준금리,0.75,연%
전국,,2020-04,한국은행_기준금리,한국은행 기준금리,0.75,연%
전국,,2020-05,한국은행_기준금리,한국은행 기준금리,0.5,연%
전국,,2020-06,한국은행_기준금리,한국은행 기준금리,0.5,연%
전국,,2020-07,한국은행_기준금리,한국은행 기준금리,0.5,연%
전국,,2020-08,한국은행_기준금리,한국은행 기준금리,0.5,연%
전국,,2020-09,한국은행_기준금리,한국은행 기준금리,0.5,연%
전국,,2020-10,한국은행_기준금리,한국은행 기준금리,0.5,연%
전국,,2020-11,한국은행_기준금리,한국은행 기준금리,0.5,연%
전국,,2020-12,한국은행_기준금리,한국은행 기준금리,0.5,연%
전국,,2021-01,한국은행_기준금리,한국은행 기준금리,0.5,연%
전국,,2021-02,한국은행_기준금리,한국은행 기준금리,0.5,연%
전국,,2021-03,한국은행_기준금리,한국은행 기준금리,0.5,연%
전국,,2021-04,한국은행_기준금리,한국은행 기준금리,0.5,연%
전국,,2021-05,한국은행_기준금리,한국은행 기준금리,0.5,연%
전국,,2021-06,한국은행_기준금리,한국은행 기준금리,0.5,연%
전국,,2021-07,한국은행_기준금리,한국은행 기준금리,0.5,연%
전국,,2021-08,한국은행_기준금리,한국은행 기준금리,0.75,연%
전국,,2021-09,한국은행_기준금리,한국은행 기준금리,0.75,연%
전국,,2021-10,한국은행_기준금리,한국은행 기준금리,0.75,연%
전국,,2021-11,한국은행_기준금리,한국은행 기준금리,1,연%
전국,,2021-12,한국은행_기준금리,한국은행 기준금리,1,연%
전국,,2022-01,한국은행_기준금리,한국은행 기준금리,1.25,연%
전국,,2022-02,한국은행_기준금리,한국은행 기준금리,1.25,연%
전국,,2022-03,한국은행_기준금리,한국은행 기준금리,1.25,연%
전국,,2022-04,한국은행_기준금리,한국은행 기준금리,1.5,연%
전국,,2022-05,한국은행_기준금리,한국은행 기준금리,1.75,연%
전국,,2022-06,한국은행_기준금리,한국은행 기준금리,1.75,연%
전국,,2022-07,한국은행_기준금리,한국은행 기준금리,2.25,연%
전국,,2022-08,한국은행_기준금리,한국은행 기준금리,2.5,연%
전국,,2022-09,한국은행_기준금리,한국은행 기준금리,2.5,연%
전국,,2022-10,한국은행_기준금리,한국은행 기준금리,3,연%
전국,,2022-11,한국은행_기준금리,한국은행 기준금리,3.25,연%
전국,,2022-12,한국은행_기준금리,한국은행 기준금리,3.25,연%
전국,,2023-01,한국은행_기준금리,한국은행 기준금리,3.5,연%
전국,,2023-02,한국은행_기준금리,한국은행 기준금리,3.5,연%
전국,,2023-03,한국은행_기준금리,한국은행 기준금리,3.5,연%
전국,,2023-04,한국은행_기준금리,한국은행 기준금리,3.5,연%
전국,,2023-05,한국은행_기준금리,한국은행 기준금리,3.5,연%
전국,,2023-06,한국은행_기준금리,한국은행 기준금리,3.5,연%
전국,,2023-07,한국은행_기준금리,한국은행 기준금리,3.5,연%
전국,,2023-08,한국은행_기준금리,한국은행 기준금리,3.5,연%
전국,,2023-09,한국은행_기준금리,한국은행 기준금리,3.5,연%
전국,,2023-10,한국은행_기준금리,한국은행 기준금리,3.5,연%
전국,,2023-11,한국은행_기준금리,한국은행 기준금리,3.5,연%
전국,,2023-12,한국은행_기준금리,한국은행 기준금리,3.5,연%
전국,,2024-01,한국은행_기준금리,한국은행 기준금리,3.5,연%
전국,,2024-02,한국은행_기준금리,한국은행 기준금리,3.5,연%
전국,,2024-03,한국은행_기준금리,한국은행 기준금리,3.5,연%
전국,,2024-04,한국은행_기준금리,한국은행 기준금리,3.5,연%
전국,,2024-05,한국은행_기준금리,한국은행 기준금리,3.5,연%
전국,,2024-06,한국은행_기준금리,한국은행 기준금리,3.5,연%
전국,,2024-07,한국은행_기준금리,한국은행 기준금리,3.5,연%
전국,,2024-08,한국은행_기준금리,한국은행 기준금리,3.5,연%
전국,,2024-09,한국은행_기준금리,한국은행 기준금리,3.5,연%
전국,,2024-10,한국은행_기준금리,한국은행 기준금리,3.25,연%
전국,,2024-11,한국은행_기준금리,한국은행 기준금리,3,연%
전국,,2024-12,한국은행_기준금리,한국은행 기준금리,3,연%
전국,,2025-01,한국은행_기준금리,한국은행 기준금리,3,연%
전국,,2025-02,한국은행_기준금리,한국은행 기준금리,2.75,연%
전국,,2025-03,한국은행_기준금리,한국은행 기준금리,2.75,연%
전국,,2025-04,한국은행_기준금리,한국은행 기준금리,2.75,연%
전국,,2025-05,한국은행_기준금리,한국은행 기준금리,2.5,연%
전국,,2025-06,한국은행_기준금리,한국은행 기준금리,2.5,연%
전국,,2025-07,한국은행_기준금리,한국은행 기준금리,2.5,연%
전국,,2025-08,한국은행_기준금리,한국은행 기준금리,2.5,연%
전국,,2025-09,한국은행_기준금리,한국은행 기준금리,2.5,연%
전국,,2025-10,한국은행_기준금리,한국은행 기준금리,2.5,연%
전국,,2025-11,한국은행_기준금리,한국은행 기준금리,2.5,연%
전국,,2025-12,한국은행_기준금리,한국은행 기준금리,2.5,연%
전국,,2026-01,한국은행_기준금리,한국은행 기준금리,2.5,연%
전국,,2026-02,한국은행_기준금리,한국은행 기준금리,2.5,연%
전국,,2026-03,한국은행_기준금리,한국은행 기준금리,2.5,연%
전국,,2026-04,한국은행_기준금리,한국은행 기준금리,2.5,연%
전국,,2026-05,한국은행_기준금리,한국은행 기준금리,2.5,연%
전국,,2026-06,한국은행_기준금리,한국은행 기준금리,2.5,연%
전국,,2026-07,한국은행_기준금리,한국은행 기준금리,2.75,연%
전국,,2026-08,한국은행_기준금리,한국은행 기준금리,3,연%
