광역지자체,자치구,연월,통계명,항목명,값,단위
강원,,2011-01,지역별전월세전환율_아파트,전월세 전환율,11.9021739130435,%
강원,,2011-02,지역별전월세전환율_아파트,전월세 전환율,11.9021739130435,%
강원,,2011-03,지역별전월세전환율_아파트,전월세 전환율,11.9021739130435,%
강원,,2011-04,지역별전월세전환율_아파트,전월세 전환율,11.9021739130435,%
강원,,2011-05,지역별전월세전환율_아파트,전월세 전환율,11.9021739130435,%
강원,,2011-06,지역별전월세전환율_아파트,전월세 전환율,11.9021739130435,%
강원,,2011-07,지역별전월세전환율_아파트,전월세 전환율,11.7600212089077,%
강원,,2011-08,지역별전월세전환율_아파트,전월세 전환율,11.5305623471883,%
강원,,2011-09,지역별전월세전환율_아파트,전월세 전환율,11.5305623471883,%
강원,,2011-10,지역별전월세전환율_아파트,전월세 전환율,11.3837837837838,%
강원,,2011-11,지역별전월세전환율_아파트,전월세 전환율,11.3513513513514,%
강원,,2011-12,지역별전월세전환율_아파트,전월세 전환율,10.9665326040885,%
강원,,2012-01,지역별전월세전환율_아파트,전월세 전환율,10.42704221409,%
강원,,2012-02,지역별전월세전환율_아파트,전월세 전환율,10.0209500609013,%
강원,,2012-03,지역별전월세전환율_아파트,전월세 전환율,9.89976475859751,%
강원,,2012-04,지역별전월세전환율_아파트,전월세 전환율,9.73108774541732,%
강원,,2012-05,지역별전월세전환율_아파트,전월세 전환율,9.85553470919325,%
강원,,2012-06,지역별전월세전환율_아파트,전월세 전환율,9.91304347826087,%
강원,,2012-07,지역별전월세전환율_아파트,전월세 전환율,9.91304347826087,%
강원,,2012-08,지역별전월세전환율_아파트,전월세 전환율,10,%
강원,,2012-09,지역별전월세전환율_아파트,전월세 전환율,10,%
강원,,2012-10,지역별전월세전환율_아파트,전월세 전환율,10,%
강원,,2012-11,지역별전월세전환율_아파트,전월세 전환율,10,%
강원,,2012-12,지역별전월세전환율_아파트,전월세 전환율,9.88226630882047,%
강원,,2013-01,지역별전월세전환율_아파트,전월세 전환율,9.85408802635884,%
강원,,2013-02,지역별전월세전환율_아파트,전월세 전환율,9.79591836734694,%
강원,,2013-03,지역별전월세전환율_아파트,전월세 전환율,9.83356840620592,%
강원,,2013-04,지역별전월세전환율_아파트,전월세 전환율,10,%
강원,,2013-05,지역별전월세전환율_아파트,전월세 전환율,9.6,%
강원,,2013-06,지역별전월세전환율_아파트,전월세 전환율,9.6,%
강원,,2013-07,지역별전월세전환율_아파트,전월세 전환율,9.53451894314451,%
강원,,2013-08,지역별전월세전환율_아파트,전월세 전환율,9.375,%
강원,,2013-09,지역별전월세전환율_아파트,전월세 전환율,9.37377961468368,%
강원,,2013-10,지역별전월세전환율_아파트,전월세 전환율,9.23076923076923,%
강원,,2013-11,지역별전월세전환율_아파트,전월세 전환율,9.23076923076923,%
강원,,2013-12,지역별전월세전환율_아파트,전월세 전환율,9.33333333333334,%
강원,,2014-01,지역별전월세전환율_아파트,전월세 전환율,9.29078014184397,%
강원,,2014-02,지역별전월세전환율_아파트,전월세 전환율,9.00196961170512,%
강원,,2014-03,지역별전월세전환율_아파트,전월세 전환율,9.20876023411357,%
강원,,2014-04,지역별전월세전환율_아파트,전월세 전환율,9.18069706210663,%
강원,,2014-05,지역별전월세전환율_아파트,전월세 전환율,9.2696011336928,%
강원,,2014-06,지역별전월세전환율_아파트,전월세 전환율,9.26891579978592,%
강원,,2014-07,지역별전월세전환율_아파트,전월세 전환율,9,%
강원,,2014-08,지역별전월세전환율_아파트,전월세 전환율,9,%
강원,,2014-09,지역별전월세전환율_아파트,전월세 전환율,8.8295964564972,%
강원,,2014-10,지역별전월세전환율_아파트,전월세 전환율,8.72727272727273,%
강원,,2014-11,지역별전월세전환율_아파트,전월세 전환율,8.72727272727273,%
강원,,2014-12,지역별전월세전환율_아파트,전월세 전환율,8.69685604680568,%
강원,,2015-01,지역별전월세전환율_아파트,전월세 전환율,8.72727272727273,%
강원,,2015-02,지역별전월세전환율_아파트,전월세 전환율,8.27586206896552,%
강원,,2015-03,지역별전월세전환율_아파트,전월세 전환율,8.4,%
강원,,2015-04,지역별전월세전환율_아파트,전월세 전환율,8.37209302325581,%
강원,,2015-05,지역별전월세전환율_아파트,전월세 전환율,8.34782608695652,%
강원,,2015-06,지역별전월세전환율_아파트,전월세 전환율,8.2408330199323,%
강원,,2015-07,지역별전월세전환율_아파트,전월세 전환율,8.07010811611489,%
강원,,2015-08,지역별전월세전환율_아파트,전월세 전환율,8,%
강원,,2015-09,지역별전월세전환율_아파트,전월세 전환율,7.90543089780453,%
강원,,2015-10,지역별전월세전환율_아파트,전월세 전환율,7.90243902439024,%
강원,,2015-11,지역별전월세전환율_아파트,전월세 전환율,7.89473684210526,%
강원,,2015-12,지역별전월세전환율_아파트,전월세 전환율,7.90243902439024,%
강원,,2016-01,지역별전월세전환율_아파트,전월세 전환율,7.8604102805942,%
강원,,2016-02,지역별전월세전환율_아파트,전월세 전환율,7.61892139638207,%
강원,,2016-03,지역별전월세전환율_아파트,전월세 전환율,7.38461538461539,%
강원,,2016-04,지역별전월세전환율_아파트,전월세 전환율,7.37900927480536,%
강원,,2016-05,지역별전월세전환율_아파트,전월세 전환율,7.32520325203252,%
강원,,2016-06,지역별전월세전환율_아파트,전월세 전환율,7.37238253915362,%
강원,,2016-07,지역별전월세전환율_아파트,전월세 전환율,7.30931677018634,%
강원,,2016-08,지역별전월세전환율_아파트,전월세 전환율,7.31484527406954,%
강원,,2016-09,지역별전월세전환율_아파트,전월세 전환율,7.38461538461539,%
강원,,2016-10,지역별전월세전환율_아파트,전월세 전환율,7.56848859801616,%
강원,,2016-11,지역별전월세전환율_아파트,전월세 전환율,7.42268041237113,%
강원,,2016-12,지역별전월세전환율_아파트,전월세 전환율,7.2,%
강원,,2017-01,지역별전월세전환율_아파트,전월세 전환율,6.97674418604651,%
강원,,2017-02,지역별전월세전환율_아파트,전월세 전환율,6.75,%
강원,,2017-03,지역별전월세전환율_아파트,전월세 전환율,6.54545454545454,%
강원,,2017-04,지역별전월세전환율_아파트,전월세 전환율,6.48690994706313,%
강원,,2017-05,지역별전월세전환율_아파트,전월세 전환율,6.48767941322039,%
강원,,2017-06,지역별전월세전환율_아파트,전월세 전환율,6.75,%
강원,,2017-07,지역별전월세전환율_아파트,전월세 전환율,6.83502634062554,%
강원,,2017-08,지역별전월세전환율_아파트,전월세 전환율,6.85714285714286,%
강원,,2017-09,지역별전월세전환율_아파트,전월세 전환율,6.85714285714286,%
강원,,2017-10,지역별전월세전환율_아파트,전월세 전환율,6.90857510070375,%
강원,,2017-11,지역별전월세전환율_아파트,전월세 전환율,6.85714285714286,%
강원,,2017-12,지역별전월세전환율_아파트,전월세 전환율,6.66666666666667,%
강원,,2018-01,지역별전월세전환율_아파트,전월세 전환율,6.98181818181818,%
강원,,2018-02,지역별전월세전환율_아파트,전월세 전환율,6.75,%
강원,,2018-03,지역별전월세전환율_아파트,전월세 전환율,6.63952467228228,%
강원,,2018-04,지역별전월세전환율_아파트,전월세 전환율,6.54545454545454,%
강원,,2018-05,지역별전월세전환율_아파트,전월세 전환율,6.54545454545454,%
강원,,2018-06,지역별전월세전환율_아파트,전월세 전환율,6.4,%
강원,,2018-07,지역별전월세전환율_아파트,전월세 전환율,6.4,%
강원,,2018-08,지역별전월세전환율_아파트,전월세 전환율,6.4,%
강원,,2018-09,지역별전월세전환율_아파트,전월세 전환율,6.4214870827581,%
강원,,2018-10,지역별전월세전환율_아파트,전월세 전환율,6.44295302013423,%
강원,,2018-11,지역별전월세전환율_아파트,전월세 전환율,6.3747691044674,%
강원,,2018-12,지역별전월세전환율_아파트,전월세 전환율,6.07232454261763,%
강원,,2019-01,지역별전월세전환율_아파트,전월세 전환율,6.03439143396921,%
강원,,2019-02,지역별전월세전환율_아파트,전월세 전환율,6.00000000000001,%
강원,,2019-03,지역별전월세전환율_아파트,전월세 전환율,6,%
강원,,2019-04,지역별전월세전환율_아파트,전월세 전환율,6,%
강원,,2019-05,지역별전월세전환율_아파트,전월세 전환율,6,%
강원,,2019-06,지역별전월세전환율_아파트,전월세 전환율,6,%
강원,,2019-07,지역별전월세전환율_아파트,전월세 전환율,6,%
강원,,2019-08,지역별전월세전환율_아파트,전월세 전환율,6.54545454545454,%
강원,,2019-09,지역별전월세전환율_아파트,전월세 전환율,6.46153846153846,%
강원,,2019-10,지역별전월세전환율_아파트,전월세 전환율,6.31654489206803,%
강원,,2019-11,지역별전월세전환율_아파트,전월세 전환율,6.23884299687934,%
강원,,2019-12,지역별전월세전환율_아파트,전월세 전환율,6,%
강원,,2020-01,지역별전월세전환율_아파트,전월세 전환율,6,%
강원,,2020-02,지역별전월세전환율_아파트,전월세 전환율,6,%
강원,,2020-03,지역별전월세전환율_아파트,전월세 전환율,5.53846153846154,%
강원,,2020-04,지역별전월세전환율_아파트,전월세 전환율,5.76,%
강원,,2020-05,지역별전월세전환율_아파트,전월세 전환율,5.6,%
강원,,2020-06,지역별전월세전환율_아파트,전월세 전환율,5.78947298268651,%
강원,,2020-07,지역별전월세전환율_아파트,전월세 전환율,5.73333333333333,%
강원,,2020-08,지역별전월세전환율_아파트,전월세 전환율,5.8252427184466,%
강원,,2020-09,지역별전월세전환율_아파트,전월세 전환율,6,%
강원,,2020-10,지역별전월세전환율_아파트,전월세 전환율,6,%
강원,,2020-11,지역별전월세전환율_아파트,전월세 전환율,5.90769230769231,%
강원,,2020-12,지역별전월세전환율_아파트,전월세 전환율,5.85507246376812,%
강원,,2021-01,지역별전월세전환율_아파트,전월세 전환율,5.74602495924748,%
강원,,2021-02,지역별전월세전환율_아파트,전월세 전환율,5.7549111726196,%
강원,,2021-03,지역별전월세전환율_아파트,전월세 전환율,5.92553962342745,%
강원,,2021-04,지역별전월세전환율_아파트,전월세 전환율,5.99855588122898,%
강원,,2021-05,지역별전월세전환율_아파트,전월세 전환율,6,%
강원,,2021-06,지역별전월세전환율_아파트,전월세 전환율,5.85365853658537,%
강원,,2021-07,지역별전월세전환율_아파트,전월세 전환율,5.89026548672566,%
강원,,2021-08,지역별전월세전환율_아파트,전월세 전환율,5.83783783783784,%
강원,,2021-09,지역별전월세전환율_아파트,전월세 전환율,5.68570715889249,%
강원,,2021-10,지역별전월세전환율_아파트,전월세 전환율,5.56575875486381,%
강원,,2021-11,지역별전월세전환율_아파트,전월세 전환율,5.33333333333333,%
강원,,2021-12,지역별전월세전환율_아파트,전월세 전환율,5.5,%
강원,,2022-01,지역별전월세전환율_아파트,전월세 전환율,5.29422424566367,%
강원,,2022-02,지역별전월세전환율_아파트,전월세 전환율,5.25,%
강원,,2022-03,지역별전월세전환율_아파트,전월세 전환율,5.26315789473684,%
강원,,2022-04,지역별전월세전환율_아파트,전월세 전환율,5.33023005997672,%
강원,,2022-05,지역별전월세전환율_아파트,전월세 전환율,5.36474325039704,%
강원,,2022-06,지역별전월세전환율_아파트,전월세 전환율,5.34883423315119,%
강원,,2022-07,지역별전월세전환율_아파트,전월세 전환율,5.36837395121185,%
강원,,2022-08,지역별전월세전환율_아파트,전월세 전환율,5.33333333333333,%
강원,,2022-09,지역별전월세전환율_아파트,전월세 전환율,5.42209884815417,%
강원,,2022-10,지역별전월세전환율_아파트,전월세 전환율,5.45454545454545,%
강원,,2022-11,지역별전월세전환율_아파트,전월세 전환율,5.54857537286699,%
강원,,2022-12,지역별전월세전환율_아파트,전월세 전환율,5.55004948704066,%
강원,,2023-01,지역별전월세전환율_아파트,전월세 전환율,5.64579810899094,%
강원,,2023-02,지역별전월세전환율_아파트,전월세 전환율,5.79310344827586,%
강원,,2023-03,지역별전월세전환율_아파트,전월세 전환율,6,%
강원,,2023-04,지역별전월세전환율_아파트,전월세 전환율,6,%
강원,,2023-05,지역별전월세전환율_아파트,전월세 전환율,6.00560582189048,%
강원,,2023-06,지역별전월세전환율_아파트,전월세 전환율,6,%
강원,,2023-07,지역별전월세전환율_아파트,전월세 전환율,6.08416714124491,%
강원,,2023-08,지역별전월세전환율_아파트,전월세 전환율,6.06927408800648,%
강원,,2023-09,지역별전월세전환율_아파트,전월세 전환율,6.12244897959184,%
강원,,2023-10,지역별전월세전환율_아파트,전월세 전환율,6,%
강원,,2023-11,지역별전월세전환율_아파트,전월세 전환율,6.00177787328693,%
강원,,2023-12,지역별전월세전환율_아파트,전월세 전환율,6,%
강원,,2024-01,지역별전월세전환율_아파트,전월세 전환율,6,%
강원,,2024-02,지역별전월세전환율_아파트,전월세 전환율,6,%
강원,,2024-03,지역별전월세전환율_아파트,전월세 전환율,6,%
강원,,2024-04,지역별전월세전환율_아파트,전월세 전환율,6,%
강원,,2024-05,지역별전월세전환율_아파트,전월세 전환율,6,%
강원,,2024-06,지역별전월세전환율_아파트,전월세 전환율,6.13953488372093,%
강원,,2024-07,지역별전월세전환율_아파트,전월세 전환율,6.24,%
강원,,2024-08,지역별전월세전환율_아파트,전월세 전환율,6.26086956521739,%
강원,,2024-09,지역별전월세전환율_아파트,전월세 전환율,6.1899779325594,%
강원,,2024-10,지역별전월세전환율_아파트,전월세 전환율,6.218646191419,%
강원,,2024-11,지역별전월세전환율_아파트,전월세 전환율,6,%
강원,,2024-12,지역별전월세전환율_아파트,전월세 전환율,6.0007702429475,%
강원,,2025-01,지역별전월세전환율_아파트,전월세 전환율,6,%
강원,,2025-02,지역별전월세전환율_아파트,전월세 전환율,6.0261509549438,%
강원,,2025-03,지역별전월세전환율_아파트,전월세 전환율,6.0318351534207,%
강원,,2025-04,지역별전월세전환율_아파트,전월세 전환율,6.1333420979249,%
강원,,2025-05,지역별전월세전환율_아파트,전월세 전환율,6.1779354766229,%
강원,,2025-06,지역별전월세전환율_아파트,전월세 전환율,6.2798396933264,%
강원,,2025-07,지역별전월세전환율_아파트,전월세 전환율,6.2798396933264,%
강원,,2025-08,지역별전월세전환율_아파트,전월세 전환율,6.2686567164179,%
강원,,2025-09,지역별전월세전환율_아파트,전월세 전환율,6.1711665827795,%
강원,,2025-10,지역별전월세전환율_아파트,전월세 전환율,6.0631578947368,%
강원,,2025-11,지역별전월세전환율_아파트,전월세 전환율,6.0705508154193,%
강원,,2025-12,지역별전월세전환율_아파트,전월세 전환율,6.1062920111928,%
강원,,2026-01,지역별전월세전환율_아파트,전월세 전환율,6.0431654676259,%
강원,,2026-02,지역별전월세전환율_아파트,전월세 전환율,6,%
강원,,2026-03,지역별전월세전환율_아파트,전월세 전환율,6,%
강원,,2026-04,지역별전월세전환율_아파트,전월세 전환율,6.1303853163627,%
강원,,2026-05,지역별전월세전환율_아파트,전월세 전환율,6.2541754517772,%
강원,,2026-06,지역별전월세전환율_아파트,전월세 전환율,6.3157894736842,%
강원,,2026-07,지역별전월세전환율_아파트,전월세 전환율,6.2283346818308,%
경기,,2011-01,지역별전월세전환율_아파트,전월세 전환율,8.69029275808937,%
경기,,2011-02,지역별전월세전환율_아파트,전월세 전환율,8.69029275808937,%
경기,,2011-03,지역별전월세전환율_아파트,전월세 전환율,8.69029275808937,%
경기,,2011-04,지역별전월세전환율_아파트,전월세 전환율,8.69029275808937,%
경기,,2011-05,지역별전월세전환율_아파트,전월세 전환율,8.69029275808937,%
경기,,2011-06,지역별전월세전환율_아파트,전월세 전환율,8.69029275808937,%
경기,,2011-07,지역별전월세전환율_아파트,전월세 전환율,8.57272543877345,%
경기,,2011-08,지역별전월세전환율_아파트,전월세 전환율,8.51612903225806,%
경기,,2011-09,지역별전월세전환율_아파트,전월세 전환율,8.4,%
경기,,2011-10,지역별전월세전환율_아파트,전월세 전환율,8.4,%
경기,,2011-11,지역별전월세전환율_아파트,전월세 전환율,8.31307791140974,%
경기,,2011-12,지역별전월세전환율_아파트,전월세 전환율,8.25,%
경기,,2012-01,지역별전월세전환율_아파트,전월세 전환율,8.18397845364871,%
경기,,2012-02,지역별전월세전환율_아파트,전월세 전환율,8.00079413127571,%
경기,,2012-03,지역별전월세전환율_아파트,전월세 전환율,8,%
경기,,2012-04,지역별전월세전환율_아파트,전월세 전환율,8,%
경기,,2012-05,지역별전월세전환율_아파트,전월세 전환율,8,%
경기,,2012-06,지역별전월세전환율_아파트,전월세 전환율,8,%
경기,,2012-07,지역별전월세전환율_아파트,전월세 전환율,8,%
경기,,2012-08,지역별전월세전환율_아파트,전월세 전환율,8,%
경기,,2012-09,지역별전월세전환율_아파트,전월세 전환율,8,%
경기,,2012-10,지역별전월세전환율_아파트,전월세 전환율,8,%
경기,,2012-11,지역별전월세전환율_아파트,전월세 전환율,7.98871597577933,%
경기,,2012-12,지역별전월세전환율_아파트,전월세 전환율,7.82608695652174,%
경기,,2013-01,지역별전월세전환율_아파트,전월세 전환율,7.72218932760533,%
경기,,2013-02,지역별전월세전환율_아파트,전월세 전환율,7.61904761904762,%
경기,,2013-03,지역별전월세전환율_아파트,전월세 전환율,7.5,%
경기,,2013-04,지역별전월세전환율_아파트,전월세 전환율,7.44827586206897,%
경기,,2013-05,지역별전월세전환율_아파트,전월세 전환율,7.36363636363636,%
경기,,2013-06,지역별전월세전환율_아파트,전월세 전환율,7.31824295241879,%
경기,,2013-07,지역별전월세전환율_아파트,전월세 전환율,7.27272727272727,%
경기,,2013-08,지역별전월세전환율_아파트,전월세 전환율,7.2,%
경기,,2013-09,지역별전월세전환율_아파트,전월세 전환율,7.2,%
경기,,2013-10,지역별전월세전환율_아파트,전월세 전환율,7.09426621812301,%
경기,,2013-11,지역별전월세전환율_아파트,전월세 전환율,7.03096016644532,%
경기,,2013-12,지역별전월세전환율_아파트,전월세 전환율,6.88235294117647,%
경기,,2014-01,지역별전월세전환율_아파트,전월세 전환율,6.78260869565217,%
경기,,2014-02,지역별전월세전환율_아파트,전월세 전환율,6.57823774059387,%
경기,,2014-03,지역별전월세전환율_아파트,전월세 전환율,6.48984170704664,%
경기,,2014-04,지역별전월세전환율_아파트,전월세 전환율,6.40309202749854,%
경기,,2014-05,지역별전월세전환율_아파트,전월세 전환율,6.35969483102474,%
경기,,2014-06,지역별전월세전환율_아파트,전월세 전환율,6.32175600698802,%
경기,,2014-07,지역별전월세전환율_아파트,전월세 전환율,6.31578947368421,%
경기,,2014-08,지역별전월세전환율_아파트,전월세 전환율,6.31586894885995,%
경기,,2014-09,지역별전월세전환율_아파트,전월세 전환율,6.31578947368421,%
경기,,2014-10,지역별전월세전환율_아파트,전월세 전환율,6.24,%
경기,,2014-11,지역별전월세전환율_아파트,전월세 전환율,6.13953488372093,%
경기,,2014-12,지역별전월세전환율_아파트,전월세 전환율,6,%
경기,,2015-01,지역별전월세전환율_아파트,전월세 전환율,6,%
경기,,2015-02,지역별전월세전환율_아파트,전월세 전환율,5.90283400809717,%
경기,,2015-03,지역별전월세전환율_아파트,전월세 전환율,5.73913043478261,%
경기,,2015-04,지역별전월세전환율_아파트,전월세 전환율,5.68421052631579,%
경기,,2015-05,지역별전월세전환율_아파트,전월세 전환율,5.625,%
경기,,2015-06,지역별전월세전환율_아파트,전월세 전환율,5.54899269983116,%
경기,,2015-07,지역별전월세전환율_아파트,전월세 전환율,5.5,%
경기,,2015-08,지역별전월세전환율_아파트,전월세 전환율,5.44113216067075,%
경기,,2015-09,지역별전월세전환율_아파트,전월세 전환율,5.33333333333333,%
경기,,2015-10,지역별전월세전환율_아파트,전월세 전환율,5.20231213872832,%
경기,,2015-11,지역별전월세전환율_아파트,전월세 전환율,5.1063829787234,%
경기,,2015-12,지역별전월세전환율_아파트,전월세 전환율,5,%
경기,,2016-01,지역별전월세전환율_아파트,전월세 전환율,4.94117647058824,%
경기,,2016-02,지역별전월세전환율_아파트,전월세 전환율,4.81144403462202,%
경기,,2016-03,지역별전월세전환율_아파트,전월세 전환율,4.8,%
경기,,2016-04,지역별전월세전환율_아파트,전월세 전환율,4.8,%
경기,,2016-05,지역별전월세전환율_아파트,전월세 전환율,4.8,%
경기,,2016-06,지역별전월세전환율_아파트,전월세 전환율,4.8,%
경기,,2016-07,지역별전월세전환율_아파트,전월세 전환율,4.8,%
경기,,2016-08,지역별전월세전환율_아파트,전월세 전환율,4.8,%
경기,,2016-09,지역별전월세전환율_아파트,전월세 전환율,4.77272727272727,%
경기,,2016-10,지역별전월세전환율_아파트,전월세 전환율,4.72749703216102,%
경기,,2016-11,지역별전월세전환율_아파트,전월세 전환율,4.68226738731587,%
경기,,2016-12,지역별전월세전환율_아파트,전월세 전환율,4.64557106296634,%
경기,,2017-01,지역별전월세전환율_아파트,전월세 전환율,4.61538461538462,%
경기,,2017-02,지역별전월세전환율_아파트,전월세 전환율,4.57142857142857,%
경기,,2017-03,지역별전월세전환율_아파트,전월세 전환율,4.5681349271328,%
경기,,2017-04,지역별전월세전환율_아파트,전월세 전환율,4.55566045427151,%
경기,,2017-05,지역별전월세전환율_아파트,전월세 전환율,4.56,%
경기,,2017-06,지역별전월세전환율_아파트,전월세 전환율,4.57142857142857,%
경기,,2017-07,지역별전월세전환율_아파트,전월세 전환율,4.61538461538461,%
경기,,2017-08,지역별전월세전환율_아파트,전월세 전환율,4.61598868591286,%
경기,,2017-09,지역별전월세전환율_아파트,전월세 전환율,4.61538461538462,%
경기,,2017-10,지역별전월세전환율_아파트,전월세 전환율,4.61538461538462,%
경기,,2017-11,지역별전월세전환율_아파트,전월세 전환율,4.61538461538462,%
경기,,2017-12,지역별전월세전환율_아파트,전월세 전환율,4.63157894736842,%
경기,,2018-01,지역별전월세전환율_아파트,전월세 전환율,4.62602922807255,%
경기,,2018-02,지역별전월세전환율_아파트,전월세 전환율,4.61538461538462,%
경기,,2018-03,지역별전월세전환율_아파트,전월세 전환율,4.62857142857143,%
경기,,2018-04,지역별전월세전환율_아파트,전월세 전환율,4.66666666666667,%
경기,,2018-05,지역별전월세전환율_아파트,전월세 전환율,4.69565217391304,%
경기,,2018-06,지역별전월세전환율_아파트,전월세 전환율,4.69565217391304,%
경기,,2018-07,지역별전월세전환율_아파트,전월세 전환율,4.69565217391304,%
경기,,2018-08,지역별전월세전환율_아파트,전월세 전환율,4.71428571428571,%
경기,,2018-09,지역별전월세전환율_아파트,전월세 전환율,4.72131147540984,%
경기,,2018-10,지역별전월세전환율_아파트,전월세 전환율,4.69565217391304,%
경기,,2018-11,지역별전월세전환율_아파트,전월세 전환율,4.66870286367822,%
경기,,2018-12,지역별전월세전환율_아파트,전월세 전환율,4.66666666666667,%
경기,,2019-01,지역별전월세전환율_아파트,전월세 전환율,4.66666666666667,%
경기,,2019-02,지역별전월세전환율_아파트,전월세 전환율,4.66010253373064,%
경기,,2019-03,지역별전월세전환율_아파트,전월세 전환율,4.68292682926829,%
경기,,2019-04,지역별전월세전환율_아파트,전월세 전환율,4.71428571428571,%
경기,,2019-05,지역별전월세전환율_아파트,전월세 전환율,4.72131147540984,%
경기,,2019-06,지역별전월세전환율_아파트,전월세 전환율,4.7244094488189,%
경기,,2019-07,지역별전월세전환율_아파트,전월세 전환율,4.74418604651163,%
경기,,2019-08,지역별전월세전환율_아파트,전월세 전환율,4.75067278251587,%
경기,,2019-09,지역별전월세전환율_아파트,전월세 전환율,4.72727272727273,%
경기,,2019-10,지역별전월세전환율_아파트,전월세 전환율,4.6950786054991,%
경기,,2019-11,지역별전월세전환율_아파트,전월세 전환율,4.64516129032258,%
경기,,2019-12,지역별전월세전환율_아파트,전월세 전환율,4.58874571227123,%
경기,,2020-01,지역별전월세전환율_아파트,전월세 전환율,4.53503225281394,%
경기,,2020-02,지역별전월세전환율_아파트,전월세 전환율,4.5,%
경기,,2020-03,지역별전월세전환율_아파트,전월세 전환율,4.5,%
경기,,2020-04,지역별전월세전환율_아파트,전월세 전환율,4.5,%
경기,,2020-05,지역별전월세전환율_아파트,전월세 전환율,4.5,%
경기,,2020-06,지역별전월세전환율_아파트,전월세 전환율,4.5,%
경기,,2020-07,지역별전월세전환율_아파트,전월세 전환율,4.5,%
경기,,2020-08,지역별전월세전환율_아파트,전월세 전환율,4.5,%
경기,,2020-09,지역별전월세전환율_아파트,전월세 전환율,4.49084745762712,%
경기,,2020-10,지역별전월세전환율_아파트,전월세 전환율,4.44444444444444,%
경기,,2020-11,지역별전월세전환율_아파트,전월세 전환율,4.42857331241016,%
경기,,2020-12,지역별전월세전환율_아파트,전월세 전환율,4.44444444444444,%
경기,,2021-01,지역별전월세전환율_아파트,전월세 전환율,4.45241431430104,%
경기,,2021-02,지역별전월세전환율_아파트,전월세 전환율,4.49438202247191,%
경기,,2021-03,지역별전월세전환율_아파트,전월세 전환율,4.49867741265414,%
경기,,2021-04,지역별전월세전환율_아파트,전월세 전환율,4.46511627906977,%
경기,,2021-05,지역별전월세전환율_아파트,전월세 전환율,4.45714285714286,%
경기,,2021-06,지역별전월세전환율_아파트,전월세 전환율,4.44444444444444,%
경기,,2021-07,지역별전월세전환율_아파트,전월세 전환율,4.42229146387396,%
경기,,2021-08,지역별전월세전환율_아파트,전월세 전환율,4.39918533604888,%
경기,,2021-09,지역별전월세전환율_아파트,전월세 전환율,4.36363636363636,%
경기,,2021-10,지역별전월세전환율_아파트,전월세 전환율,4.38246351111717,%
경기,,2021-11,지역별전월세전환율_아파트,전월세 전환율,4.36417615042058,%
경기,,2021-12,지역별전월세전환율_아파트,전월세 전환율,4.4,%
경기,,2022-01,지역별전월세전환율_아파트,전월세 전환율,4.45280244097453,%
경기,,2022-02,지역별전월세전환율_아파트,전월세 전환율,4.5,%
경기,,2022-03,지역별전월세전환율_아파트,전월세 전환율,4.54054054054054,%
경기,,2022-04,지역별전월세전환율_아파트,전월세 전환율,4.57433290978399,%
경기,,2022-05,지역별전월세전환율_아파트,전월세 전환율,4.61538461538462,%
경기,,2022-06,지역별전월세전환율_아파트,전월세 전환율,4.66325264431747,%
경기,,2022-07,지역별전월세전환율_아파트,전월세 전환율,4.71388834551516,%
경기,,2022-08,지역별전월세전환율_아파트,전월세 전환율,4.77794793261868,%
경기,,2022-09,지역별전월세전환율_아파트,전월세 전환율,4.8,%
경기,,2022-10,지역별전월세전환율_아파트,전월세 전환율,4.87576122378048,%
경기,,2022-11,지역별전월세전환율_아파트,전월세 전환율,5,%
경기,,2022-12,지역별전월세전환율_아파트,전월세 전환율,5.08833922261484,%
경기,,2023-01,지역별전월세전환율_아파트,전월세 전환율,5.19504327519583,%
경기,,2023-02,지역별전월세전환율_아파트,전월세 전환율,5.33333333333333,%
경기,,2023-03,지역별전월세전환율_아파트,전월세 전환율,5.45454545454545,%
경기,,2023-04,지역별전월세전환율_아파트,전월세 전환율,5.53846153846154,%
경기,,2023-05,지역별전월세전환율_아파트,전월세 전환율,5.54256959355949,%
경기,,2023-06,지역별전월세전환율_아파트,전월세 전환율,5.53846153846154,%
경기,,2023-07,지역별전월세전환율_아파트,전월세 전환율,5.53537994014463,%
경기,,2023-08,지역별전월세전환율_아파트,전월세 전환율,5.45454730225372,%
경기,,2023-09,지역별전월세전환율_아파트,전월세 전환율,5.41837314298053,%
경기,,2023-10,지역별전월세전환율_아파트,전월세 전환율,5.36494695989651,%
경기,,2023-11,지역별전월세전환율_아파트,전월세 전환율,5.32338655193258,%
경기,,2023-12,지역별전월세전환율_아파트,전월세 전환율,5.25,%
경기,,2024-01,지역별전월세전환율_아파트,전월세 전환율,5.21739130434783,%
경기,,2024-02,지역별전월세전환율_아파트,전월세 전환율,5.21559114571501,%
경기,,2024-03,지역별전월세전환율_아파트,전월세 전환율,5.20381613183001,%
경기,,2024-04,지역별전월세전환율_아파트,전월세 전환율,5.21739130434783,%
경기,,2024-05,지역별전월세전환율_아파트,전월세 전환율,5.21954111839303,%
경기,,2024-06,지역별전월세전환율_아파트,전월세 전환율,5.242111283001057,%
경기,,2024-07,지역별전월세전환율_아파트,전월세 전환율,5.21739130434783,%
경기,,2024-08,지역별전월세전환율_아파트,전월세 전환율,5.2,%
경기,,2024-09,지역별전월세전환율_아파트,전월세 전환율,5.187075994706,%
경기,,2024-10,지역별전월세전환율_아파트,전월세 전환율,5.2,%
경기,,2024-11,지역별전월세전환율_아파트,전월세 전환율,5.2173913043478,%
경기,,2024-12,지역별전월세전환율_아파트,전월세 전환율,5.2,%
경기,,2025-01,지역별전월세전환율_아파트,전월세 전환율,5.2150335322105,%
경기,,2025-02,지역별전월세전환율_아파트,전월세 전환율,5.25,%
경기,,2025-03,지역별전월세전환율_아파트,전월세 전환율,5.2695228113072,%
경기,,2025-04,지역별전월세전환율_아파트,전월세 전환율,5.3092886350666,%
경기,,2025-05,지역별전월세전환율_아파트,전월세 전환율,5.3333333333333,%
경기,,2025-06,지역별전월세전환율_아파트,전월세 전환율,5.3333333333333,%
경기,,2025-07,지역별전월세전환율_아파트,전월세 전환율,5.3333333333333,%
경기,,2025-08,지역별전월세전환율_아파트,전월세 전환율,5.3333333333333,%
경기,,2025-09,지역별전월세전환율_아파트,전월세 전환율,5.3333333333333,%
경기,,2025-10,지역별전월세전환율_아파트,전월세 전환율,5.3142857142857,%
경기,,2025-11,지역별전월세전환율_아파트,전월세 전환율,5.3023255813954,%
경기,,2025-12,지역별전월세전환율_아파트,전월세 전환율,5.3305119184939,%
경기,,2026-01,지역별전월세전환율_아파트,전월세 전환율,5.3106625784978,%
경기,,2026-02,지역별전월세전환율_아파트,전월세 전환율,5.2941176470588,%
경기,,2026-03,지역별전월세전환율_아파트,전월세 전환율,5.2924682875924,%
경기,,2026-04,지역별전월세전환율_아파트,전월세 전환율,5.2912934588405,%
경기,,2026-05,지역별전월세전환율_아파트,전월세 전환율,5.3851072857646,%
경기,,2026-06,지역별전월세전환율_아파트,전월세 전환율,5.4285714285714,%
경기,,2026-07,지역별전월세전환율_아파트,전월세 전환율,5.4718176060798,%
경남,,2011-01,지역별전월세전환율_아파트,전월세 전환율,8.49998155389951,%
경남,,2011-02,지역별전월세전환율_아파트,전월세 전환율,8.49998155389951,%
경남,,2011-03,지역별전월세전환율_아파트,전월세 전환율,8.49998155389951,%
경남,,2011-04,지역별전월세전환율_아파트,전월세 전환율,8.49998155389951,%
경남,,2011-05,지역별전월세전환율_아파트,전월세 전환율,8.49998155389951,%
경남,,2011-06,지역별전월세전환율_아파트,전월세 전환율,8.49998155389951,%
경남,,2011-07,지역별전월세전환율_아파트,전월세 전환율,8.44916127201716,%
경남,,2011-08,지역별전월세전환율_아파트,전월세 전환율,8.4,%
경남,,2011-09,지역별전월세전환율_아파트,전월세 전환율,8.29689692811477,%
경남,,2011-10,지역별전월세전환율_아파트,전월세 전환율,8.31478104816404,%
경남,,2011-11,지역별전월세전환율_아파트,전월세 전환율,8.4,%
경남,,2011-12,지역별전월세전환율_아파트,전월세 전환율,8.25864240727782,%
경남,,2012-01,지역별전월세전환율_아파트,전월세 전환율,8.103059077894,%
경남,,2012-02,지역별전월세전환율_아파트,전월세 전환율,8,%
경남,,2012-03,지역별전월세전환율_아파트,전월세 전환율,8,%
경남,,2012-04,지역별전월세전환율_아파트,전월세 전환율,7.90650564861706,%
경남,,2012-05,지역별전월세전환율_아파트,전월세 전환율,7.96439313285059,%
경남,,2012-06,지역별전월세전환율_아파트,전월세 전환율,8,%
경남,,2012-07,지역별전월세전환율_아파트,전월세 전환율,8,%
경남,,2012-08,지역별전월세전환율_아파트,전월세 전환율,8,%
경남,,2012-09,지역별전월세전환율_아파트,전월세 전환율,8,%
경남,,2012-10,지역별전월세전환율_아파트,전월세 전환율,8,%
경남,,2012-11,지역별전월세전환율_아파트,전월세 전환율,7.90026453409288,%
경남,,2012-12,지역별전월세전환율_아파트,전월세 전환율,7.77553704515563,%
경남,,2013-01,지역별전월세전환율_아파트,전월세 전환율,7.5,%
경남,,2013-02,지역별전월세전환율_아파트,전월세 전환율,7.46699700726409,%
경남,,2013-03,지역별전월세전환율_아파트,전월세 전환율,7.33108818800743,%
경남,,2013-04,지역별전월세전환율_아파트,전월세 전환율,7.32996823689232,%
경남,,2013-05,지역별전월세전환율_아파트,전월세 전환율,7.34965714285714,%
경남,,2013-06,지역별전월세전환율_아파트,전월세 전환율,7.24556867369757,%
경남,,2013-07,지역별전월세전환율_아파트,전월세 전환율,7.29249492900609,%
경남,,2013-08,지역별전월세전환율_아파트,전월세 전환율,7.28670520231214,%
경남,,2013-09,지역별전월세전환율_아파트,전월세 전환율,7.2,%
경남,,2013-10,지역별전월세전환율_아파트,전월세 전환율,7.18793665990602,%
경남,,2013-11,지역별전월세전환율_아파트,전월세 전환율,7.18941576288927,%
경남,,2013-12,지역별전월세전환율_아파트,전월세 전환율,7.05882352941176,%
경남,,2014-01,지역별전월세전환율_아파트,전월세 전환율,7,%
경남,,2014-02,지역별전월세전환율_아파트,전월세 전환율,7.04342220232076,%
경남,,2014-03,지역별전월세전환율_아파트,전월세 전환율,7,%
경남,,2014-04,지역별전월세전환율_아파트,전월세 전환율,6.97013100436681,%
경남,,2014-05,지역별전월세전환율_아파트,전월세 전환율,6.85714285714286,%
경남,,2014-06,지역별전월세전환율_아파트,전월세 전환율,6.85714285714286,%
경남,,2014-07,지역별전월세전환율_아파트,전월세 전환율,6.85714285714286,%
경남,,2014-08,지역별전월세전환율_아파트,전월세 전환율,6.81409214092141,%
경남,,2014-09,지역별전월세전환율_아파트,전월세 전환율,6.72,%
경남,,2014-10,지역별전월세전환율_아파트,전월세 전환율,6.66666666666667,%
경남,,2014-11,지역별전월세전환율_아파트,전월세 전환율,6.59925280199253,%
경남,,2014-12,지역별전월세전환율_아파트,전월세 전환율,6.54545454545455,%
경남,,2015-01,지역별전월세전환율_아파트,전월세 전환율,6.42785382490471,%
경남,,2015-02,지역별전월세전환율_아파트,전월세 전환율,6.26766169154229,%
경남,,2015-03,지역별전월세전환율_아파트,전월세 전환율,6.15384615384615,%
경남,,2015-04,지역별전월세전환율_아파트,전월세 전환율,6,%
경남,,2015-05,지역별전월세전환율_아파트,전월세 전환율,6.06498143892523,%
경남,,2015-06,지역별전월세전환율_아파트,전월세 전환율,6.06250939911635,%
경남,,2015-07,지역별전월세전환율_아파트,전월세 전환율,6.02053829116048,%
경남,,2015-08,지역별전월세전환율_아파트,전월세 전환율,6,%
경남,,2015-09,지역별전월세전환율_아파트,전월세 전환율,6,%
경남,,2015-10,지역별전월세전환율_아파트,전월세 전환율,6,%
경남,,2015-11,지역별전월세전환율_아파트,전월세 전환율,6,%
경남,,2015-12,지역별전월세전환율_아파트,전월세 전환율,6,%
경남,,2016-01,지역별전월세전환율_아파트,전월세 전환율,6,%
경남,,2016-02,지역별전월세전환율_아파트,전월세 전환율,6,%
경남,,2016-03,지역별전월세전환율_아파트,전월세 전환율,5.97952218430034,%
경남,,2016-04,지역별전월세전환율_아파트,전월세 전환율,5.99069220825009,%
경남,,2016-05,지역별전월세전환율_아파트,전월세 전환율,5.80645161290323,%
경남,,2016-06,지역별전월세전환율_아파트,전월세 전환율,5.76,%
경남,,2016-07,지역별전월세전환율_아파트,전월세 전환율,5.68421052631579,%
경남,,2016-08,지역별전월세전환율_아파트,전월세 전환율,5.53846153846154,%
경남,,2016-09,지역별전월세전환율_아파트,전월세 전환율,5.54173155077013,%
경남,,2016-10,지역별전월세전환율_아파트,전월세 전환율,5.6,%
경남,,2016-11,지역별전월세전환율_아파트,전월세 전환율,5.46969020496009,%
경남,,2016-12,지역별전월세전환율_아파트,전월세 전환율,5.33333333333333,%
경남,,2017-01,지역별전월세전환율_아파트,전월세 전환율,5.33333333333333,%
경남,,2017-02,지역별전월세전환율_아파트,전월세 전환율,5.25,%
경남,,2017-03,지역별전월세전환율_아파트,전월세 전환율,5.25,%
경남,,2017-04,지역별전월세전환율_아파트,전월세 전환율,5.19932892185558,%
경남,,2017-05,지역별전월세전환율_아파트,전월세 전환율,5.15776492064383,%
경남,,2017-06,지역별전월세전환율_아파트,전월세 전환율,5.21739130434783,%
경남,,2017-07,지역별전월세전환율_아파트,전월세 전환율,5.25,%
경남,,2017-08,지역별전월세전환율_아파트,전월세 전환율,5.33333333333333,%
경남,,2017-09,지역별전월세전환율_아파트,전월세 전환율,5.24797775413201,%
경남,,2017-10,지역별전월세전환율_아파트,전월세 전환율,5.24921558024244,%
경남,,2017-11,지역별전월세전환율_아파트,전월세 전환율,5.18428017394301,%
경남,,2017-12,지역별전월세전환율_아파트,전월세 전환율,5.14285714285714,%
경남,,2018-01,지역별전월세전환율_아파트,전월세 전환율,5.15378844711178,%
경남,,2018-02,지역별전월세전환율_아파트,전월세 전환율,5.1408784031527,%
경남,,2018-03,지역별전월세전환율_아파트,전월세 전환율,5.12,%
경남,,2018-04,지역별전월세전환율_아파트,전월세 전환율,5.05403557423032,%
경남,,2018-05,지역별전월세전환율_아파트,전월세 전환율,5.07009476588428,%
경남,,2018-06,지역별전월세전환율_아파트,전월세 전환율,5.07692307692308,%
경남,,2018-07,지역별전월세전환율_아파트,전월세 전환율,5.05263157894737,%
경남,,2018-08,지역별전월세전환율_아파트,전월세 전환율,5.03441513067885,%
경남,,2018-09,지역별전월세전환율_아파트,전월세 전환율,5.04,%
경남,,2018-10,지역별전월세전환율_아파트,전월세 전환율,5.04263921259049,%
경남,,2018-11,지역별전월세전환율_아파트,전월세 전환율,5.03359359750146,%
경남,,2018-12,지역별전월세전환율_아파트,전월세 전환율,5.00118142521578,%
경남,,2019-01,지역별전월세전환율_아파트,전월세 전환율,5,%
경남,,2019-02,지역별전월세전환율_아파트,전월세 전환율,5,%
경남,,2019-03,지역별전월세전환율_아파트,전월세 전환율,5,%
경남,,2019-04,지역별전월세전환율_아파트,전월세 전환율,5,%
경남,,2019-05,지역별전월세전환율_아파트,전월세 전환율,5,%
경남,,2019-06,지역별전월세전환율_아파트,전월세 전환율,5.00139762901744,%
경남,,2019-07,지역별전월세전환율_아파트,전월세 전환율,5,%
경남,,2019-08,지역별전월세전환율_아파트,전월세 전환율,5,%
경남,,2019-09,지역별전월세전환율_아파트,전월세 전환율,5,%
경남,,2019-10,지역별전월세전환율_아파트,전월세 전환율,5,%
경남,,2019-11,지역별전월세전환율_아파트,전월세 전환율,5,%
경남,,2019-12,지역별전월세전환율_아파트,전월세 전환율,4.9875,%
경남,,2020-01,지역별전월세전환율_아파트,전월세 전환율,4.97647058823529,%
경남,,2020-02,지역별전월세전환율_아파트,전월세 전환율,4.90909090909091,%
경남,,2020-03,지역별전월세전환율_아파트,전월세 전환율,4.94025240001662,%
경남,,2020-04,지역별전월세전환율_아파트,전월세 전환율,4.90909090909091,%
경남,,2020-05,지역별전월세전환율_아파트,전월세 전환율,4.90909090909091,%
경남,,2020-06,지역별전월세전환율_아파트,전월세 전환율,4.90679630785017,%
경남,,2020-07,지역별전월세전환율_아파트,전월세 전환율,4.90909090909091,%
경남,,2020-08,지역별전월세전환율_아파트,전월세 전환율,4.9895289356226,%
경남,,2020-09,지역별전월세전환율_아파트,전월세 전환율,4.92972972972973,%
경남,,2020-10,지역별전월세전환율_아파트,전월세 전환율,4.96,%
경남,,2020-11,지역별전월세전환율_아파트,전월세 전환율,4.95,%
경남,,2020-12,지역별전월세전환율_아파트,전월세 전환율,4.80613509913544,%
경남,,2021-01,지역별전월세전환율_아파트,전월세 전환율,4.8,%
경남,,2021-02,지역별전월세전환율_아파트,전월세 전환율,4.8,%
경남,,2021-03,지역별전월세전환율_아파트,전월세 전환율,4.8,%
경남,,2021-04,지역별전월세전환율_아파트,전월세 전환율,4.8,%
경남,,2021-05,지역별전월세전환율_아파트,전월세 전환율,4.8,%
경남,,2021-06,지역별전월세전환율_아파트,전월세 전환율,4.8,%
경남,,2021-07,지역별전월세전환율_아파트,전월세 전환율,4.70236516163713,%
경남,,2021-08,지역별전월세전환율_아파트,전월세 전환율,4.65562424025405,%
경남,,2021-09,지역별전월세전환율_아파트,전월세 전환율,4.59874890778531,%
경남,,2021-10,지역별전월세전환율_아파트,전월세 전환율,4.5,%
경남,,2021-11,지역별전월세전환율_아파트,전월세 전환율,4.5,%
경남,,2021-12,지역별전월세전환율_아파트,전월세 전환율,4.5344081572399,%
경남,,2022-01,지역별전월세전환율_아파트,전월세 전환율,4.53917783329548,%
경남,,2022-02,지역별전월세전환율_아파트,전월세 전환율,4.57142857142857,%
경남,,2022-03,지역별전월세전환율_아파트,전월세 전환율,4.58823529411765,%
경남,,2022-04,지역별전월세전환율_아파트,전월세 전환율,4.61538461538462,%
경남,,2022-05,지역별전월세전환율_아파트,전월세 전환율,4.61538461538462,%
경남,,2022-06,지역별전월세전환율_아파트,전월세 전환율,4.67920074192732,%
경남,,2022-07,지역별전월세전환율_아파트,전월세 전환율,4.73239436619718,%
경남,,2022-08,지역별전월세전환율_아파트,전월세 전환율,4.7949491406524,%
경남,,2022-09,지역별전월세전환율_아파트,전월세 전환율,4.73606304378282,%
경남,,2022-10,지역별전월세전환율_아파트,전월세 전환율,4.8,%
경남,,2022-11,지역별전월세전환율_아파트,전월세 전환율,4.87464869722002,%
경남,,2022-12,지역별전월세전환율_아파트,전월세 전환율,4.84147537000298,%
경남,,2023-01,지역별전월세전환율_아파트,전월세 전환율,4.89288661495296,%
경남,,2023-02,지역별전월세전환율_아파트,전월세 전환율,5.05256950691962,%
경남,,2023-03,지역별전월세전환율_아파트,전월세 전환율,5.14421690722005,%
경남,,2023-04,지역별전월세전환율_아파트,전월세 전환율,5.23632263723883,%
경남,,2023-05,지역별전월세전환율_아파트,전월세 전환율,5.30973451327434,%
경남,,2023-06,지역별전월세전환율_아파트,전월세 전환율,5.33333333333333,%
경남,,2023-07,지역별전월세전환율_아파트,전월세 전환율,5.33333333333333,%
경남,,2023-08,지역별전월세전환율_아파트,전월세 전환율,5.33333333333333,%
경남,,2023-09,지역별전월세전환율_아파트,전월세 전환율,5.33333333333333,%
경남,,2023-10,지역별전월세전환율_아파트,전월세 전환율,5.33293660046611,%
경남,,2023-11,지역별전월세전환율_아파트,전월세 전환율,5.33333333333333,%
경남,,2023-12,지역별전월세전환율_아파트,전월세 전환율,5.33333333333333,%
경남,,2024-01,지역별전월세전환율_아파트,전월세 전환율,5.33333333333333,%
경남,,2024-02,지역별전월세전환율_아파트,전월세 전환율,5.33333333333333,%
경남,,2024-03,지역별전월세전환율_아파트,전월세 전환율,5.38106651978551,%
경남,,2024-04,지역별전월세전환율_아파트,전월세 전환율,5.37651700321644,%
경남,,2024-05,지역별전월세전환율_아파트,전월세 전환율,5.4,%
경남,,2024-06,지역별전월세전환율_아파트,전월세 전환율,5.433962264150943,%
경남,,2024-07,지역별전월세전환율_아파트,전월세 전환율,5.45454545454545,%
경남,,2024-08,지역별전월세전환율_아파트,전월세 전환율,5.39140313273743,%
경남,,2024-09,지역별전월세전환율_아파트,전월세 전환율,5.2918738784014,%
경남,,2024-10,지역별전월세전환율_아파트,전월세 전환율,5.25,%
경남,,2024-11,지역별전월세전환율_아파트,전월세 전환율,5.2427184466019,%
경남,,2024-12,지역별전월세전환율_아파트,전월세 전환율,5.2,%
경남,,2025-01,지역별전월세전환율_아파트,전월세 전환율,5.1998816357702,%
경남,,2025-02,지역별전월세전환율_아파트,전월세 전환율,5.25,%
경남,,2025-03,지역별전월세전환율_아파트,전월세 전환율,5.3333333333333,%
경남,,2025-04,지역별전월세전환율_아파트,전월세 전환율,5.3701488506959,%
경남,,2025-05,지역별전월세전환율_아파트,전월세 전환율,5.4193548387097,%
경남,,2025-06,지역별전월세전환율_아파트,전월세 전환율,5.4375,%
경남,,2025-07,지역별전월세전환율_아파트,전월세 전환율,5.4666666666667,%
경남,,2025-08,지역별전월세전환율_아파트,전월세 전환율,5.4782608695652,%
경남,,2025-09,지역별전월세전환율_아파트,전월세 전환율,5.4545454545455,%
경남,,2025-10,지역별전월세전환율_아파트,전월세 전환율,5.4545454545455,%
경남,,2025-11,지역별전월세전환율_아파트,전월세 전환율,5.4507140623397,%
경남,,2025-12,지역별전월세전환율_아파트,전월세 전환율,5.4545454545455,%
경남,,2026-01,지역별전월세전환율_아파트,전월세 전환율,5.4545454545455,%
경남,,2026-02,지역별전월세전환율_아파트,전월세 전환율,5.4484181080809,%
경남,,2026-03,지역별전월세전환율_아파트,전월세 전환율,5.4321993375533,%
경남,,2026-04,지역별전월세전환율_아파트,전월세 전환율,5.4545454545455,%
경남,,2026-05,지역별전월세전환율_아파트,전월세 전환율,5.5890410958904,%
경남,,2026-06,지역별전월세전환율_아파트,전월세 전환율,5.636292956281,%
경남,,2026-07,지역별전월세전환율_아파트,전월세 전환율,5.6842105263158,%
경북,,2011-01,지역별전월세전환율_아파트,전월세 전환율,10.2857142857143,%
경북,,2011-02,지역별전월세전환율_아파트,전월세 전환율,10.2857142857143,%
경북,,2011-03,지역별전월세전환율_아파트,전월세 전환율,10.2857142857143,%
경북,,2011-04,지역별전월세전환율_아파트,전월세 전환율,10.2857142857143,%
경북,,2011-05,지역별전월세전환율_아파트,전월세 전환율,10.2857142857143,%
경북,,2011-06,지역별전월세전환율_아파트,전월세 전환율,10.2857142857143,%
경북,,2011-07,지역별전월세전환율_아파트,전월세 전환율,10.6958680842936,%
경북,,2011-08,지역별전월세전환율_아파트,전월세 전환율,10.9090909090909,%
경북,,2011-09,지역별전월세전환율_아파트,전월세 전환율,10.5,%
경북,,2011-10,지역별전월세전환율_아파트,전월세 전환율,10.6666666666667,%
경북,,2011-11,지역별전월세전환율_아파트,전월세 전환율,10.2874336403184,%
경북,,2011-12,지역별전월세전환율_아파트,전월세 전환율,10.2439024390244,%
경북,,2012-01,지역별전월세전환율_아파트,전월세 전환율,10.2422535211268,%
경북,,2012-02,지역별전월세전환율_아파트,전월세 전환율,9.68042501021659,%
경북,,2012-03,지역별전월세전환율_아파트,전월세 전환율,9.98933522929257,%
경북,,2012-04,지역별전월세전환율_아파트,전월세 전환율,10.0531519736061,%
경북,,2012-05,지역별전월세전환율_아파트,전월세 전환율,10.3740209965006,%
경북,,2012-06,지역별전월세전환율_아파트,전월세 전환율,10.8,%
경북,,2012-07,지역별전월세전환율_아파트,전월세 전환율,10.8741648106904,%
경북,,2012-08,지역별전월세전환율_아파트,전월세 전환율,10.5741176470588,%
경북,,2012-09,지역별전월세전환율_아파트,전월세 전환율,9.16710389469272,%
경북,,2012-10,지역별전월세전환율_아파트,전월세 전환율,9.33333333333333,%
경북,,2012-11,지역별전월세전환율_아파트,전월세 전환율,9.57161629434954,%
경북,,2012-12,지역별전월세전환율_아파트,전월세 전환율,9.88235294117647,%
경북,,2013-01,지역별전월세전환율_아파트,전월세 전환율,10,%
경북,,2013-02,지역별전월세전환율_아파트,전월세 전환율,10.3802612481858,%
경북,,2013-03,지역별전월세전환율_아파트,전월세 전환율,10.2857142857143,%
경북,,2013-04,지역별전월세전환율_아파트,전월세 전환율,10.2857142857143,%
경북,,2013-05,지역별전월세전환율_아파트,전월세 전환율,10.2857142857143,%
경북,,2013-06,지역별전월세전환율_아파트,전월세 전환율,10.2777666666667,%
경북,,2013-07,지역별전월세전환율_아파트,전월세 전환율,10,%
경북,,2013-08,지역별전월세전환율_아파트,전월세 전환율,9.65050888390547,%
경북,,2013-09,지역별전월세전환율_아파트,전월세 전환율,9.80544747081712,%
경북,,2013-10,지역별전월세전환율_아파트,전월세 전환율,9.33333333333333,%
경북,,2013-11,지역별전월세전환율_아파트,전월세 전환율,9.33333333333333,%
경북,,2013-12,지역별전월세전환율_아파트,전월세 전환율,9.65063991698374,%
경북,,2014-01,지역별전월세전환율_아파트,전월세 전환율,9.90541702493551,%
경북,,2014-02,지역별전월세전환율_아파트,전월세 전환율,9.23076923076923,%
경북,,2014-03,지역별전월세전환율_아파트,전월세 전환율,8.83868915049316,%
경북,,2014-04,지역별전월세전환율_아파트,전월세 전환율,8.57528089887641,%
경북,,2014-05,지역별전월세전환율_아파트,전월세 전환율,8.57142857142857,%
경북,,2014-06,지역별전월세전환율_아파트,전월세 전환율,8.54918464790578,%
경북,,2014-07,지역별전월세전환율_아파트,전월세 전환율,8.55335127383356,%
경북,,2014-08,지역별전월세전환율_아파트,전월세 전환율,8.72801037314508,%
경북,,2014-09,지역별전월세전환율_아파트,전월세 전환율,8.7064935064935,%
경북,,2014-10,지역별전월세전환율_아파트,전월세 전환율,8.47058823529412,%
경북,,2014-11,지역별전월세전환율_아파트,전월세 전환율,8.41922599186536,%
경북,,2014-12,지역별전월세전환율_아파트,전월세 전환율,8.37316237418119,%
경북,,2015-01,지역별전월세전환율_아파트,전월세 전환율,8,%
경북,,2015-02,지역별전월세전환율_아파트,전월세 전환율,7.99309153713299,%
경북,,2015-03,지역별전월세전환율_아파트,전월세 전환율,7.5,%
경북,,2015-04,지역별전월세전환율_아파트,전월세 전환율,7.38461538461538,%
경북,,2015-05,지역별전월세전환율_아파트,전월세 전환율,7.2,%
경북,,2015-06,지역별전월세전환율_아파트,전월세 전환율,7.27690235347938,%
경북,,2015-07,지역별전월세전환율_아파트,전월세 전환율,7.05882352941176,%
경북,,2015-08,지역별전월세전환율_아파트,전월세 전환율,7.05882352941177,%
경북,,2015-09,지역별전월세전환율_아파트,전월세 전환율,6.97095435684647,%
경북,,2015-10,지역별전월세전환율_아파트,전월세 전환율,6.85714285714286,%
경북,,2015-11,지역별전월세전환율_아파트,전월세 전환율,6.48648648648649,%
경북,,2015-12,지역별전월세전환율_아파트,전월세 전환율,6.26828727863544,%
경북,,2016-01,지역별전월세전환율_아파트,전월세 전환율,6.31334928229665,%
경북,,2016-02,지역별전월세전환율_아파트,전월세 전환율,6.14730600673916,%
경북,,2016-03,지역별전월세전환율_아파트,전월세 전환율,6.14835164835165,%
경북,,2016-04,지역별전월세전환율_아파트,전월세 전환율,6,%
경북,,2016-05,지역별전월세전환율_아파트,전월세 전환율,6.30649350649351,%
경북,,2016-06,지역별전월세전환율_아파트,전월세 전환율,6.24124918672739,%
경북,,2016-07,지역별전월세전환율_아파트,전월세 전환율,6.35294117647059,%
경북,,2016-08,지역별전월세전환율_아파트,전월세 전환율,6,%
경북,,2016-09,지역별전월세전환율_아파트,전월세 전환율,5.95719807597476,%
경북,,2016-10,지역별전월세전환율_아파트,전월세 전환율,5.88235294117647,%
경북,,2016-11,지역별전월세전환율_아파트,전월세 전환율,5.71428571428572,%
경북,,2016-12,지역별전월세전환율_아파트,전월세 전환율,5.65634879788251,%
경북,,2017-01,지역별전월세전환율_아파트,전월세 전환율,5.99147896407341,%
경북,,2017-02,지역별전월세전환율_아파트,전월세 전환율,5.60980589564691,%
경북,,2017-03,지역별전월세전환율_아파트,전월세 전환율,5.7776173926403,%
경북,,2017-04,지역별전월세전환율_아파트,전월세 전환율,5.75347504497902,%
경북,,2017-05,지역별전월세전환율_아파트,전월세 전환율,6,%
경북,,2017-06,지역별전월세전환율_아파트,전월세 전환율,6,%
경북,,2017-07,지역별전월세전환율_아파트,전월세 전환율,6,%
경북,,2017-08,지역별전월세전환율_아파트,전월세 전환율,6,%
경북,,2017-09,지역별전월세전환율_아파트,전월세 전환율,6,%
경북,,2017-10,지역별전월세전환율_아파트,전월세 전환율,5.91626725762027,%
경북,,2017-11,지역별전월세전환율_아파트,전월세 전환율,5.76,%
경북,,2017-12,지역별전월세전환율_아파트,전월세 전환율,5.53846153846154,%
경북,,2018-01,지역별전월세전환율_아파트,전월세 전환율,5.56946919236488,%
경북,,2018-02,지역별전월세전환율_아파트,전월세 전환율,5.53846153846154,%
경북,,2018-03,지역별전월세전환율_아파트,전월세 전환율,5.70250029666975,%
경북,,2018-04,지역별전월세전환율_아파트,전월세 전환율,5.71505805738158,%
경북,,2018-05,지역별전월세전환율_아파트,전월세 전환율,5.79310344827586,%
경북,,2018-06,지역별전월세전환율_아파트,전월세 전환율,5.96977360044457,%
경북,,2018-07,지역별전월세전환율_아파트,전월세 전환율,5.8252427184466,%
경북,,2018-08,지역별전월세전환율_아파트,전월세 전환율,5.96273291925466,%
경북,,2018-09,지역별전월세전환율_아파트,전월세 전환율,5.8252427184466,%
경북,,2018-10,지역별전월세전환율_아파트,전월세 전환율,5.90856615100439,%
경북,,2018-11,지역별전월세전환율_아파트,전월세 전환율,5.79693360270696,%
경북,,2018-12,지역별전월세전환율_아파트,전월세 전환율,5.65876010781671,%
경북,,2019-01,지역별전월세전환율_아파트,전월세 전환율,5.65217391304348,%
경북,,2019-02,지역별전월세전환율_아파트,전월세 전환율,5.58460705259357,%
경북,,2019-03,지역별전월세전환율_아파트,전월세 전환율,5.55370685146443,%
경북,,2019-04,지역별전월세전환율_아파트,전월세 전환율,5.53846153846154,%
경북,,2019-05,지역별전월세전환율_아파트,전월세 전환율,5.53846153846154,%
경북,,2019-06,지역별전월세전환율_아파트,전월세 전환율,5.56927365386701,%
경북,,2019-07,지역별전월세전환율_아파트,전월세 전환율,5.51687732342007,%
경북,,2019-08,지역별전월세전환율_아파트,전월세 전환율,5.27693535514765,%
경북,,2019-09,지역별전월세전환율_아파트,전월세 전환율,5.25,%
경북,,2019-10,지역별전월세전환율_아파트,전월세 전환율,5.21111945905335,%
경북,,2019-11,지역별전월세전환율_아파트,전월세 전환율,5.26014319809069,%
경북,,2019-12,지역별전월세전환율_아파트,전월세 전환율,5.14285714285714,%
경북,,2020-01,지역별전월세전환율_아파트,전월세 전환율,5.20481927710843,%
경북,,2020-02,지역별전월세전환율_아파트,전월세 전환율,5.21111945905334,%
경북,,2020-03,지역별전월세전환율_아파트,전월세 전환율,5.26014319809069,%
경북,,2020-04,지역별전월세전환율_아파트,전월세 전환율,5.24546362588244,%
경북,,2020-05,지역별전월세전환율_아파트,전월세 전환율,5.16923076923077,%
경북,,2020-06,지역별전월세전환율_아파트,전월세 전환율,5.16923076923077,%
경북,,2020-07,지역별전월세전환율_아파트,전월세 전환율,5.14285714285714,%
경북,,2020-08,지역별전월세전환율_아파트,전월세 전환율,5.14285714285714,%
경북,,2020-09,지역별전월세전환율_아파트,전월세 전환율,5.14285714285714,%
경북,,2020-10,지역별전월세전환율_아파트,전월세 전환율,5.21342064424057,%
경북,,2020-11,지역별전월세전환율_아파트,전월세 전환율,5.05263157894737,%
경북,,2020-12,지역별전월세전환율_아파트,전월세 전환율,5.17512539196659,%
경북,,2021-01,지역별전월세전환율_아파트,전월세 전환율,5.26014319809069,%
경북,,2021-02,지역별전월세전환율_아파트,전월세 전환율,5.23636363636364,%
경북,,2021-03,지역별전월세전환율_아파트,전월세 전환율,5.25,%
경북,,2021-04,지역별전월세전환율_아파트,전월세 전환율,5.26014319809069,%
경북,,2021-05,지역별전월세전환율_아파트,전월세 전환율,5.21739130434783,%
경북,,2021-06,지역별전월세전환율_아파트,전월세 전환율,5.25507159904535,%
경북,,2021-07,지역별전월세전환율_아파트,전월세 전환율,5.16444939045981,%
경북,,2021-08,지역별전월세전환율_아파트,전월세 전환율,5.14285714285714,%
경북,,2021-09,지역별전월세전환율_아파트,전월세 전환율,5.16923076923077,%
경북,,2021-10,지역별전월세전환율_아파트,전월세 전환율,5.07692307692308,%
경북,,2021-11,지역별전월세전환율_아파트,전월세 전환율,5.14285714285714,%
경북,,2021-12,지역별전월세전환율_아파트,전월세 전환율,5.19270786131939,%
경북,,2022-01,지역별전월세전환율_아파트,전월세 전환율,5.15744680851064,%
경북,,2022-02,지역별전월세전환율_아파트,전월세 전환율,5.26014319809069,%
경북,,2022-03,지역별전월세전환율_아파트,전월세 전환율,5.26314947368421,%
경북,,2022-04,지역별전월세전환율_아파트,전월세 전환율,5.26014319809069,%
경북,,2022-05,지역별전월세전환율_아파트,전월세 전환율,5.1492397882509,%
경북,,2022-06,지역별전월세전환율_아파트,전월세 전환율,5.21739130434783,%
경북,,2022-07,지역별전월세전환율_아파트,전월세 전환율,5.2043956043956,%
경북,,2022-08,지역별전월세전환율_아파트,전월세 전환율,5.2,%
경북,,2022-09,지역별전월세전환율_아파트,전월세 전환율,5.25465838509316,%
경북,,2022-10,지역별전월세전환율_아파트,전월세 전환율,5.30128254931149,%
경북,,2022-11,지역별전월세전환율_아파트,전월세 전환율,5.51313846961633,%
경북,,2022-12,지역별전월세전환율_아파트,전월세 전환율,5.57142857142857,%
경북,,2023-01,지역별전월세전환율_아파트,전월세 전환율,5.60747663551402,%
경북,,2023-02,지역별전월세전환율_아파트,전월세 전환율,5.71561481583444,%
경북,,2023-03,지역별전월세전환율_아파트,전월세 전환율,5.79310344827586,%
경북,,2023-04,지역별전월세전환율_아파트,전월세 전환율,5.78862048028613,%
경북,,2023-05,지역별전월세전환율_아파트,전월세 전환율,5.79414203682243,%
경북,,2023-06,지역별전월세전환율_아파트,전월세 전환율,5.90769230769231,%
경북,,2023-07,지역별전월세전환율_아파트,전월세 전환율,5.99886612684895,%
경북,,2023-08,지역별전월세전환율_아파트,전월세 전환율,6,%
경북,,2023-09,지역별전월세전환율_아파트,전월세 전환율,6,%
경북,,2023-10,지역별전월세전환율_아파트,전월세 전환율,6,%
경북,,2023-11,지역별전월세전환율_아파트,전월세 전환율,6,%
경북,,2023-12,지역별전월세전환율_아파트,전월세 전환율,6,%
경북,,2024-01,지역별전월세전환율_아파트,전월세 전환율,6,%
경북,,2024-02,지역별전월세전환율_아파트,전월세 전환율,6,%
경북,,2024-03,지역별전월세전환율_아파트,전월세 전환율,6,%
경북,,2024-04,지역별전월세전환율_아파트,전월세 전환율,6,%
경북,,2024-05,지역별전월세전환율_아파트,전월세 전환율,6,%
경북,,2024-06,지역별전월세전환율_아파트,전월세 전환율,5.999999999999999,%
경북,,2024-07,지역별전월세전환율_아파트,전월세 전환율,6,%
경북,,2024-08,지역별전월세전환율_아파트,전월세 전환율,6,%
경북,,2024-09,지역별전월세전환율_아파트,전월세 전환율,6,%
경북,,2024-10,지역별전월세전환율_아파트,전월세 전환율,6,%
경북,,2024-11,지역별전월세전환율_아파트,전월세 전환율,6,%
경북,,2024-12,지역별전월세전환율_아파트,전월세 전환율,5.9961823966066,%
경북,,2025-01,지역별전월세전환율_아파트,전월세 전환율,5.8789625360231,%
경북,,2025-02,지역별전월세전환율_아파트,전월세 전환율,5.8064516129032,%
경북,,2025-03,지역별전월세전환율_아파트,전월세 전환율,5.8536585365854,%
경북,,2025-04,지역별전월세전환율_아파트,전월세 전환율,5.8285714285714,%
경북,,2025-05,지역별전월세전환율_아파트,전월세 전환율,5.8536585365854,%
경북,,2025-06,지역별전월세전환율_아파트,전월세 전환율,5.8561465242393,%
경북,,2025-07,지역별전월세전환율_아파트,전월세 전환율,5.9550194394796,%
경북,,2025-08,지역별전월세전환율_아파트,전월세 전환율,5.9076923076923,%
경북,,2025-09,지역별전월세전환율_아파트,전월세 전환율,5.9961298096802,%
경북,,2025-10,지역별전월세전환율_아파트,전월세 전환율,5.9658521463235,%
경북,,2025-11,지역별전월세전환율_아파트,전월세 전환율,6,%
경북,,2025-12,지역별전월세전환율_아파트,전월세 전환율,6,%
경북,,2026-01,지역별전월세전환율_아파트,전월세 전환율,6,%
경북,,2026-02,지역별전월세전환율_아파트,전월세 전환율,6,%
경북,,2026-03,지역별전월세전환율_아파트,전월세 전환율,5.9844846160851,%
경북,,2026-04,지역별전월세전환율_아파트,전월세 전환율,5.9178082191781,%
경북,,2026-05,지역별전월세전환율_아파트,전월세 전환율,6.1866666666667,%
경북,,2026-06,지역별전월세전환율_아파트,전월세 전환율,6.1569745510927,%
경북,,2026-07,지역별전월세전환율_아파트,전월세 전환율,6.0862674843244,%
광주,,2011-01,지역별전월세전환율_아파트,전월세 전환율,9,%
광주,,2011-02,지역별전월세전환율_아파트,전월세 전환율,9,%
광주,,2011-03,지역별전월세전환율_아파트,전월세 전환율,9,%
광주,,2011-04,지역별전월세전환율_아파트,전월세 전환율,9,%
광주,,2011-05,지역별전월세전환율_아파트,전월세 전환율,9,%
광주,,2011-06,지역별전월세전환율_아파트,전월세 전환율,9,%
광주,,2011-07,지역별전월세전환율_아파트,전월세 전환율,8.88888888888889,%
광주,,2011-08,지역별전월세전환율_아파트,전월세 전환율,8.57142857142857,%
광주,,2011-09,지역별전월세전환율_아파트,전월세 전환율,8.36959106845835,%
광주,,2011-10,지역별전월세전환율_아파트,전월세 전환율,8.13559322033898,%
광주,,2011-11,지역별전월세전환율_아파트,전월세 전환율,8,%
광주,,2011-12,지역별전월세전환율_아파트,전월세 전환율,8,%
광주,,2012-01,지역별전월세전환율_아파트,전월세 전환율,7.91724040554228,%
광주,,2012-02,지역별전월세전환율_아파트,전월세 전환율,7.89169786757187,%
광주,,2012-03,지역별전월세전환율_아파트,전월세 전환율,7.92535821392869,%
광주,,2012-04,지역별전월세전환율_아파트,전월세 전환율,8,%
광주,,2012-05,지역별전월세전환율_아파트,전월세 전환율,7.97786163522013,%
광주,,2012-06,지역별전월세전환율_아파트,전월세 전환율,7.78378378378378,%
광주,,2012-07,지역별전월세전환율_아파트,전월세 전환율,7.86356140578233,%
광주,,2012-08,지역별전월세전환율_아파트,전월세 전환율,8,%
광주,,2012-09,지역별전월세전환율_아파트,전월세 전환율,7.98217234296761,%
광주,,2012-10,지역별전월세전환율_아파트,전월세 전환율,7.71428571428571,%
광주,,2012-11,지역별전월세전환율_아파트,전월세 전환율,7.65957446808511,%
광주,,2012-12,지역별전월세전환율_아파트,전월세 전환율,7.59737739332359,%
광주,,2013-01,지역별전월세전환율_아파트,전월세 전환율,7.52941176470588,%
광주,,2013-02,지역별전월세전환율_아파트,전월세 전환율,7.63636363636364,%
광주,,2013-03,지역별전월세전환율_아파트,전월세 전환율,7.62344717807345,%
광주,,2013-04,지역별전월세전환율_아파트,전월세 전환율,7.5,%
광주,,2013-05,지역별전월세전환율_아파트,전월세 전환율,7.5,%
광주,,2013-06,지역별전월세전환율_아파트,전월세 전환율,7.46303552486307,%
광주,,2013-07,지역별전월세전환율_아파트,전월세 전환율,7.38461538461538,%
광주,,2013-08,지역별전월세전환율_아파트,전월세 전환율,7.28571428571429,%
광주,,2013-09,지역별전월세전환율_아파트,전월세 전환율,7.2,%
광주,,2013-10,지역별전월세전환율_아파트,전월세 전환율,7.11864406779661,%
광주,,2013-11,지역별전월세전환율_아파트,전월세 전환율,7.11688509233113,%
광주,,2013-12,지역별전월세전환율_아파트,전월세 전환율,7.05882352941177,%
광주,,2014-01,지역별전월세전환율_아파트,전월세 전환율,7.05882352941177,%
광주,,2014-02,지역별전월세전환율_아파트,전월세 전환율,7.05882352941177,%
광주,,2014-03,지역별전월세전환율_아파트,전월세 전환율,7.00494041603061,%
광주,,2014-04,지역별전월세전환율_아파트,전월세 전환율,6.85714285714286,%
광주,,2014-05,지역별전월세전환율_아파트,전월세 전환율,6.76056338028169,%
광주,,2014-06,지역별전월세전환율_아파트,전월세 전환율,6.72,%
광주,,2014-07,지역별전월세전환율_아파트,전월세 전환율,6.5625,%
광주,,2014-08,지역별전월세전환율_아파트,전월세 전환율,6.5,%
광주,,2014-09,지역별전월세전환율_아파트,전월세 전환율,6.48648648648649,%
광주,,2014-10,지역별전월세전환율_아파트,전월세 전환율,6.51200467904664,%
광주,,2014-11,지역별전월세전환율_아파트,전월세 전환율,6.5309655604258,%
광주,,2014-12,지역별전월세전환율_아파트,전월세 전환율,6.47026819752823,%
광주,,2015-01,지역별전월세전환율_아파트,전월세 전환율,6.44051598434634,%
광주,,2015-02,지역별전월세전환율_아파트,전월세 전환율,6.375,%
광주,,2015-03,지역별전월세전환율_아파트,전월세 전환율,6.35294117647059,%
광주,,2015-04,지역별전월세전환율_아파트,전월세 전환율,6.35294117647059,%
광주,,2015-05,지역별전월세전환율_아파트,전월세 전환율,6.27117156647653,%
광주,,2015-06,지역별전월세전환율_아파트,전월세 전환율,6.19354838709677,%
광주,,2015-07,지역별전월세전환율_아파트,전월세 전환율,6.20689655172414,%
광주,,2015-08,지역별전월세전환율_아파트,전월세 전환율,6.10474462017112,%
광주,,2015-09,지역별전월세전환율_아파트,전월세 전환율,6,%
광주,,2015-10,지역별전월세전환율_아파트,전월세 전환율,6,%
광주,,2015-11,지역별전월세전환율_아파트,전월세 전환율,6,%
광주,,2015-12,지역별전월세전환율_아파트,전월세 전환율,6,%
광주,,2016-01,지역별전월세전환율_아파트,전월세 전환율,5.99409081955787,%
광주,,2016-02,지역별전월세전환율_아파트,전월세 전환율,5.83894326462799,%
광주,,2016-03,지역별전월세전환율_아파트,전월세 전환율,5.64705882352941,%
광주,,2016-04,지역별전월세전환율_아파트,전월세 전환율,5.55,%
광주,,2016-05,지역별전월세전환율_아파트,전월세 전환율,5.57526102812609,%
광주,,2016-06,지역별전월세전환율_아파트,전월세 전환율,5.64705882352941,%
광주,,2016-07,지역별전월세전환율_아파트,전월세 전환율,5.6605993903001,%
광주,,2016-08,지역별전월세전환율_아파트,전월세 전환율,5.70899302581671,%
광주,,2016-09,지역별전월세전환율_아파트,전월세 전환율,5.6,%
광주,,2016-10,지역별전월세전환율_아파트,전월세 전환율,5.58152521970498,%
광주,,2016-11,지역별전월세전환율_아파트,전월세 전환율,5.45454545454546,%
광주,,2016-12,지역별전월세전환율_아파트,전월세 전환율,5.4,%
광주,,2017-01,지역별전월세전환율_아파트,전월세 전환율,5.33333333333333,%
광주,,2017-02,지역별전월세전환율_아파트,전월세 전환율,5.33333333333333,%
광주,,2017-03,지역별전월세전환율_아파트,전월세 전환율,5.22952020057228,%
광주,,2017-04,지역별전월세전환율_아파트,전월세 전환율,5.22728828334602,%
광주,,2017-05,지역별전월세전환율_아파트,전월세 전환율,5.26593563921518,%
광주,,2017-06,지역별전월세전환율_아파트,전월세 전환율,5.25586494189871,%
광주,,2017-07,지역별전월세전환율_아파트,전월세 전환율,5.33333333333333,%
광주,,2017-08,지역별전월세전환율_아파트,전월세 전환율,5.4,%
광주,,2017-09,지역별전월세전환율_아파트,전월세 전환율,5.45454545454545,%
광주,,2017-10,지역별전월세전환율_아파트,전월세 전환율,5.4,%
광주,,2017-11,지역별전월세전환율_아파트,전월세 전환율,5.4,%
광주,,2017-12,지역별전월세전환율_아파트,전월세 전환율,5.32257086167055,%
광주,,2018-01,지역별전월세전환율_아파트,전월세 전환율,5.22865554465162,%
광주,,2018-02,지역별전월세전환율_아파트,전월세 전환율,5.1791506479963,%
광주,,2018-03,지역별전월세전환율_아파트,전월세 전환율,5.21739130434783,%
광주,,2018-04,지역별전월세전환율_아파트,전월세 전환율,5.22238589679017,%
광주,,2018-05,지역별전월세전환율_아파트,전월세 전환율,5.18920088245153,%
광주,,2018-06,지역별전월세전환율_아파트,전월세 전환율,5.31645569620253,%
광주,,2018-07,지역별전월세전환율_아파트,전월세 전환율,5.33333333333333,%
광주,,2018-08,지역별전월세전환율_아파트,전월세 전환율,5.34041434296986,%
광주,,2018-09,지역별전월세전환율_아파트,전월세 전환율,5.34473481278382,%
광주,,2018-10,지역별전월세전환율_아파트,전월세 전환율,5.33333333333333,%
광주,,2018-11,지역별전월세전환율_아파트,전월세 전환율,5.31265116202244,%
광주,,2018-12,지역별전월세전환율_아파트,전월세 전환율,5.26056661418251,%
광주,,2019-01,지역별전월세전환율_아파트,전월세 전환율,5.17366506664909,%
광주,,2019-02,지역별전월세전환율_아파트,전월세 전환율,5.07692307692308,%
광주,,2019-03,지역별전월세전환율_아파트,전월세 전환율,5.07125288171221,%
광주,,2019-04,지역별전월세전환율_아파트,전월세 전환율,5.14285714285714,%
광주,,2019-05,지역별전월세전환율_아파트,전월세 전환율,5.16206896551724,%
광주,,2019-06,지역별전월세전환율_아파트,전월세 전환율,5.25,%
광주,,2019-07,지역별전월세전환율_아파트,전월세 전환율,5.26829268292683,%
광주,,2019-08,지역별전월세전환율_아파트,전월세 전환율,5.25,%
광주,,2019-09,지역별전월세전환율_아파트,전월세 전환율,5.21739130434783,%
광주,,2019-10,지역별전월세전환율_아파트,전월세 전환율,5.14285714285714,%
광주,,2019-11,지역별전월세전환율_아파트,전월세 전환율,5.14285714285714,%
광주,,2019-12,지역별전월세전환율_아파트,전월세 전환율,4.94117647058823,%
광주,,2020-01,지역별전월세전환율_아파트,전월세 전환율,4.90909090909091,%
광주,,2020-02,지역별전월세전환율_아파트,전월세 전환율,4.90909090909091,%
광주,,2020-03,지역별전월세전환율_아파트,전월세 전환율,4.91428571428571,%
광주,,2020-04,지역별전월세전환율_아파트,전월세 전환율,4.99998,%
광주,,2020-05,지역별전월세전환율_아파트,전월세 전환율,5.00182322729773,%
광주,,2020-06,지역별전월세전환율_아파트,전월세 전환율,5.02594589363983,%
광주,,2020-07,지역별전월세전환율_아파트,전월세 전환율,5.07367280606717,%
광주,,2020-08,지역별전월세전환율_아파트,전월세 전환율,5.10857142857143,%
광주,,2020-09,지역별전월세전환율_아파트,전월세 전환율,5.175427492864,%
광주,,2020-10,지역별전월세전환율_아파트,전월세 전환율,5.14285714285714,%
광주,,2020-11,지역별전월세전환율_아파트,전월세 전환율,4.89067484370911,%
광주,,2020-12,지역별전월세전환율_아파트,전월세 전환율,4.87361080510537,%
광주,,2021-01,지역별전월세전환율_아파트,전월세 전환율,4.80088016136292,%
광주,,2021-02,지역별전월세전환율_아파트,전월세 전환율,4.8,%
광주,,2021-03,지역별전월세전환율_아파트,전월세 전환율,4.9022024714811,%
광주,,2021-04,지역별전월세전환율_아파트,전월세 전환율,4.90909090909091,%
광주,,2021-05,지역별전월세전환율_아파트,전월세 전환율,4.90909090909091,%
광주,,2021-06,지역별전월세전환율_아파트,전월세 전환율,4.90909090909091,%
광주,,2021-07,지역별전월세전환율_아파트,전월세 전환율,4.94117647058823,%
광주,,2021-08,지역별전월세전환율_아파트,전월세 전환율,5,%
광주,,2021-09,지역별전월세전환율_아파트,전월세 전환율,4.93167660146083,%
광주,,2021-10,지역별전월세전환율_아파트,전월세 전환율,4.91534993852739,%
광주,,2021-11,지역별전월세전환율_아파트,전월세 전환율,4.89131497238751,%
광주,,2021-12,지역별전월세전환율_아파트,전월세 전환율,4.90909090909091,%
광주,,2022-01,지역별전월세전환율_아파트,전월세 전환율,4.81784351490674,%
광주,,2022-02,지역별전월세전환율_아파트,전월세 전환율,4.87434415079673,%
광주,,2022-03,지역별전월세전환율_아파트,전월세 전환율,4.90566037735849,%
광주,,2022-04,지역별전월세전환율_아파트,전월세 전환율,4.88571428571429,%
광주,,2022-05,지역별전월세전환율_아파트,전월세 전환율,4.9679590939788,%
광주,,2022-06,지역별전월세전환율_아파트,전월세 전환율,5,%
광주,,2022-07,지역별전월세전환율_아파트,전월세 전환율,5,%
광주,,2022-08,지역별전월세전환율_아파트,전월세 전환율,5.03496503496504,%
광주,,2022-09,지역별전월세전환율_아파트,전월세 전환율,5.05263157894737,%
광주,,2022-10,지역별전월세전환율_아파트,전월세 전환율,5.07464371384225,%
광주,,2022-11,지역별전월세전환율_아파트,전월세 전환율,5.04,%
광주,,2022-12,지역별전월세전환율_아파트,전월세 전환율,5.07697304527489,%
광주,,2023-01,지역별전월세전환율_아파트,전월세 전환율,5.13659114998507,%
광주,,2023-02,지역별전월세전환율_아파트,전월세 전환율,5.20002358708575,%
광주,,2023-03,지역별전월세전환율_아파트,전월세 전환율,5.21739130434783,%
광주,,2023-04,지역별전월세전환율_아파트,전월세 전환율,5.2,%
광주,,2023-05,지역별전월세전환율_아파트,전월세 전환율,5.30784282724209,%
광주,,2023-06,지역별전월세전환율_아파트,전월세 전환율,5.32398057598898,%
광주,,2023-07,지역별전월세전환율_아파트,전월세 전환율,5.31374967591901,%
광주,,2023-08,지역별전월세전환율_아파트,전월세 전환율,5.32443538147093,%
광주,,2023-09,지역별전월세전환율_아파트,전월세 전환율,5.32528658982616,%
광주,,2023-10,지역별전월세전환율_아파트,전월세 전환율,5.33333333333333,%
광주,,2023-11,지역별전월세전환율_아파트,전월세 전환율,5.33333333333333,%
광주,,2023-12,지역별전월세전환율_아파트,전월세 전환율,5.30749883558454,%
광주,,2024-01,지역별전월세전환율_아파트,전월세 전환율,5.25,%
광주,,2024-02,지역별전월세전환율_아파트,전월세 전환율,5.14349782522764,%
광주,,2024-03,지역별전월세전환율_아파트,전월세 전환율,5.25065772989226,%
광주,,2024-04,지역별전월세전환율_아파트,전월세 전환율,5.33333333333333,%
광주,,2024-05,지역별전월세전환율_아파트,전월세 전환율,5.37931034482759,%
광주,,2024-06,지역별전월세전환율_아파트,전월세 전환율,5.4,%
광주,,2024-07,지역별전월세전환율_아파트,전월세 전환율,5.3873650451214,%
광주,,2024-08,지역별전월세전환율_아파트,전월세 전환율,5.34053779938976,%
광주,,2024-09,지역별전월세전환율_아파트,전월세 전환율,5.3557446012598,%
광주,,2024-10,지역별전월세전환율_아파트,전월세 전환율,5.4,%
광주,,2024-11,지역별전월세전환율_아파트,전월세 전환율,5.4,%
광주,,2024-12,지역별전월세전환율_아파트,전월세 전환율,5.4,%
광주,,2025-01,지역별전월세전환율_아파트,전월세 전환율,5.3426040148032,%
광주,,2025-02,지역별전월세전환율_아파트,전월세 전환율,5.4,%
광주,,2025-03,지역별전월세전환율_아파트,전월세 전환율,5.6,%
광주,,2025-04,지역별전월세전환율_아파트,전월세 전환율,5.6470588235294,%
광주,,2025-05,지역별전월세전환율_아파트,전월세 전환율,5.6150558325604,%
광주,,2025-06,지역별전월세전환율_아파트,전월세 전환율,5.6470588235294,%
광주,,2025-07,지역별전월세전환율_아파트,전월세 전환율,5.6679935239217,%
광주,,2025-08,지역별전월세전환율_아파트,전월세 전환율,5.6842105263158,%
광주,,2025-09,지역별전월세전환율_아파트,전월세 전환율,5.6,%
광주,,2025-10,지역별전월세전환율_아파트,전월세 전환율,5.6,%
광주,,2025-11,지역별전월세전환율_아파트,전월세 전환율,5.5602975453458,%
광주,,2025-12,지역별전월세전환율_아파트,전월세 전환율,5.5813953488372,%
광주,,2026-01,지역별전월세전환율_아파트,전월세 전환율,5.6064605497052,%
광주,,2026-02,지역별전월세전환율_아파트,전월세 전환율,5.5384615384615,%
광주,,2026-03,지역별전월세전환율_아파트,전월세 전환율,5.5658006587336,%
광주,,2026-04,지역별전월세전환율_아파트,전월세 전환율,5.5190271631215,%
광주,,2026-05,지역별전월세전환율_아파트,전월세 전환율,5.7140248149316,%
광주,,2026-06,지역별전월세전환율_아파트,전월세 전환율,5.6381609730761,%
광주,,2026-07,지역별전월세전환율_아파트,전월세 전환율,5.6842105263158,%
대구,,2011-01,지역별전월세전환율_아파트,전월세 전환율,7.62770562770563,%
대구,,2011-02,지역별전월세전환율_아파트,전월세 전환율,7.62770562770563,%
대구,,2011-03,지역별전월세전환율_아파트,전월세 전환율,7.62770562770563,%
대구,,2011-04,지역별전월세전환율_아파트,전월세 전환율,7.62770562770563,%
대구,,2011-05,지역별전월세전환율_아파트,전월세 전환율,7.62770562770563,%
대구,,2011-06,지역별전월세전환율_아파트,전월세 전환율,7.62770562770563,%
대구,,2011-07,지역별전월세전환율_아파트,전월세 전환율,7.5,%
대구,,2011-08,지역별전월세전환율_아파트,전월세 전환율,7.39811638076017,%
대구,,2011-09,지역별전월세전환율_아파트,전월세 전환율,7.37142857142857,%
대구,,2011-10,지역별전월세전환율_아파트,전월세 전환율,7.333328,%
대구,,2011-11,지역별전월세전환율_아파트,전월세 전환율,7.2,%
대구,,2011-12,지역별전월세전환율_아파트,전월세 전환율,7.10825096726024,%
대구,,2012-01,지역별전월세전환율_아파트,전월세 전환율,7.05882352941176,%
대구,,2012-02,지역별전월세전환율_아파트,전월세 전환율,6.999996,%
대구,,2012-03,지역별전월세전환율_아파트,전월세 전환율,6.85714285714286,%
대구,,2012-04,지역별전월세전환율_아파트,전월세 전환율,6.7559959766047,%
대구,,2012-05,지역별전월세전환율_아파트,전월세 전환율,6.76923076923077,%
대구,,2012-06,지역별전월세전환율_아파트,전월세 전환율,6.78947290581971,%
대구,,2012-07,지역별전월세전환율_아파트,전월세 전환율,6.70009224017885,%
대구,,2012-08,지역별전월세전환율_아파트,전월세 전환율,6.66666666666667,%
대구,,2012-09,지역별전월세전환율_아파트,전월세 전환율,6.66666666666667,%
대구,,2012-10,지역별전월세전환율_아파트,전월세 전환율,6.66248717849099,%
대구,,2012-11,지역별전월세전환율_아파트,전월세 전환율,6.60325802834199,%
대구,,2012-12,지역별전월세전환율_아파트,전월세 전환율,6.57894315789474,%
대구,,2013-01,지역별전월세전환율_아파트,전월세 전환율,6.59350633585149,%
대구,,2013-02,지역별전월세전환율_아파트,전월세 전환율,6.47822914132815,%
대구,,2013-03,지역별전월세전환율_아파트,전월세 전환율,6.42857142857143,%
대구,,2013-04,지역별전월세전환율_아파트,전월세 전환율,6.4,%
대구,,2013-05,지역별전월세전환율_아파트,전월세 전환율,6.36363272727273,%
대구,,2013-06,지역별전월세전환율_아파트,전월세 전환율,6.34150243902439,%
대구,,2013-07,지역별전월세전환율_아파트,전월세 전환율,6.27692307692308,%
대구,,2013-08,지역별전월세전환율_아파트,전월세 전환율,6.24,%
대구,,2013-09,지역별전월세전환율_아파트,전월세 전환율,6.11425378795066,%
대구,,2013-10,지역별전월세전환율_아파트,전월세 전환율,6,%
대구,,2013-11,지역별전월세전환율_아파트,전월세 전환율,6,%
대구,,2013-12,지역별전월세전환율_아파트,전월세 전환율,6,%
대구,,2014-01,지역별전월세전환율_아파트,전월세 전환율,5.99903991641625,%
대구,,2014-02,지역별전월세전환율_아파트,전월세 전환율,5.8313713949382,%
대구,,2014-03,지역별전월세전환율_아파트,전월세 전환율,5.80645161290323,%
대구,,2014-04,지역별전월세전환율_아파트,전월세 전환율,5.76,%
대구,,2014-05,지역별전월세전환율_아파트,전월세 전환율,5.71466823802906,%
대구,,2014-06,지역별전월세전환율_아파트,전월세 전환율,5.68421052631579,%
대구,,2014-07,지역별전월세전환율_아파트,전월세 전환율,5.64705882352941,%
대구,,2014-08,지역별전월세전환율_아파트,전월세 전환율,5.6,%
대구,,2014-09,지역별전월세전환율_아파트,전월세 전환율,5.53893302010303,%
대구,,2014-10,지역별전월세전환율_아파트,전월세 전환율,5.52995391705069,%
대구,,2014-11,지역별전월세전환율_아파트,전월세 전환율,5.51576651900406,%
대구,,2014-12,지역별전월세전환율_아파트,전월세 전환율,5.45550986647902,%
대구,,2015-01,지역별전월세전환율_아파트,전월세 전환율,5.36784883911321,%
대구,,2015-02,지역별전월세전환율_아파트,전월세 전환율,5.28759244042728,%
대구,,2015-03,지역별전월세전환율_아파트,전월세 전환율,5.24481170756324,%
대구,,2015-04,지역별전월세전환율_아파트,전월세 전환율,5.17945897294865,%
대구,,2015-05,지역별전월세전환율_아파트,전월세 전환율,5.08980924578646,%
대구,,2015-06,지역별전월세전환율_아파트,전월세 전환율,5.04862584325138,%
대구,,2015-07,지역별전월세전환율_아파트,전월세 전환율,5,%
대구,,2015-08,지역별전월세전환율_아파트,전월세 전환율,4.91633870377318,%
대구,,2015-09,지역별전월세전환율_아파트,전월세 전환율,4.83633041279692,%
대구,,2015-10,지역별전월세전환율_아파트,전월세 전환율,4.79179180071844,%
대구,,2015-11,지역별전월세전환율_아파트,전월세 전환율,4.73178686051795,%
대구,,2015-12,지역별전월세전환율_아파트,전월세 전환율,4.6560920292364,%
대구,,2016-01,지역별전월세전환율_아파트,전월세 전환율,4.61538461538461,%
대구,,2016-02,지역별전월세전환율_아파트,전월세 전환율,4.58823529411765,%
대구,,2016-03,지역별전월세전환율_아파트,전월세 전환율,4.57838739573679,%
대구,,2016-04,지역별전월세전환율_아파트,전월세 전환율,4.58823529411765,%
대구,,2016-05,지역별전월세전환율_아파트,전월세 전환율,4.62650602409639,%
대구,,2016-06,지역별전월세전환율_아파트,전월세 전환율,4.66239738669293,%
대구,,2016-07,지역별전월세전환율_아파트,전월세 전환율,4.67089265293013,%
대구,,2016-08,지역별전월세전환율_아파트,전월세 전환율,4.66263112511936,%
대구,,2016-09,지역별전월세전환율_아파트,전월세 전환율,4.60829640373873,%
대구,,2016-10,지역별전월세전환율_아파트,전월세 전환율,4.59459243243243,%
대구,,2016-11,지역별전월세전환율_아파트,전월세 전환율,4.56284435681005,%
대구,,2016-12,지역별전월세전환율_아파트,전월세 전환율,4.5,%
대구,,2017-01,지역별전월세전환율_아파트,전월세 전환율,4.44485742904449,%
대구,,2017-02,지역별전월세전환율_아파트,전월세 전환율,4.36363636363636,%
대구,,2017-03,지역별전월세전환율_아파트,전월세 전환율,4.36260030121648,%
대구,,2017-04,지역별전월세전환율_아파트,전월세 전환율,4.36363636363636,%
대구,,2017-05,지역별전월세전환율_아파트,전월세 전환율,4.36363636363636,%
대구,,2017-06,지역별전월세전환율_아파트,전월세 전환율,4.36363636363636,%
대구,,2017-07,지역별전월세전환율_아파트,전월세 전환율,4.42905678819275,%
대구,,2017-08,지역별전월세전환율_아파트,전월세 전환율,4.5,%
대구,,2017-09,지역별전월세전환율_아파트,전월세 전환율,4.50041037981461,%
대구,,2017-10,지역별전월세전환율_아파트,전월세 전환율,4.50216356021102,%
대구,,2017-11,지역별전월세전환율_아파트,전월세 전환율,4.5,%
대구,,2017-12,지역별전월세전환율_아파트,전월세 전환율,4.5,%
대구,,2018-01,지역별전월세전환율_아파트,전월세 전환율,4.44444444444444,%
대구,,2018-02,지역별전월세전환율_아파트,전월세 전환율,4.40989875665161,%
대구,,2018-03,지역별전월세전환율_아파트,전월세 전환율,4.41557504387059,%
대구,,2018-04,지역별전월세전환율_아파트,전월세 전환율,4.44444,%
대구,,2018-05,지역별전월세전환율_아파트,전월세 전환율,4.4,%
대구,,2018-06,지역별전월세전환율_아파트,전월세 전환율,4.4,%
대구,,2018-07,지역별전월세전환율_아파트,전월세 전환율,4.3859058954201,%
대구,,2018-08,지역별전월세전환율_아파트,전월세 전환율,4.40816326530612,%
대구,,2018-09,지역별전월세전환율_아파트,전월세 전환율,4.5,%
대구,,2018-10,지역별전월세전환율_아파트,전월세 전환율,4.57142857142857,%
대구,,2018-11,지역별전월세전환율_아파트,전월세 전환율,4.5622793420456,%
대구,,2018-12,지역별전월세전환율_아파트,전월세 전환율,4.51132977924993,%
대구,,2019-01,지역별전월세전환율_아파트,전월세 전환율,4.44444444444444,%
대구,,2019-02,지역별전월세전환율_아파트,전월세 전환율,4.375,%
대구,,2019-03,지역별전월세전환율_아파트,전월세 전환율,4.38013680691309,%
대구,,2019-04,지역별전월세전환율_아파트,전월세 전환율,4.4,%
대구,,2019-05,지역별전월세전환율_아파트,전월세 전환율,4.51318444995864,%
대구,,2019-06,지역별전월세전환율_아파트,전월세 전환율,4.57142857142857,%
대구,,2019-07,지역별전월세전환율_아파트,전월세 전환율,4.5549390513523,%
대구,,2019-08,지역별전월세전환율_아파트,전월세 전환율,4.60992865641899,%
대구,,2019-09,지역별전월세전환율_아파트,전월세 전환율,4.63818181818182,%
대구,,2019-10,지역별전월세전환율_아파트,전월세 전환율,4.57142857142857,%
대구,,2019-11,지역별전월세전환율_아파트,전월세 전환율,4.40816326530612,%
대구,,2019-12,지역별전월세전환율_아파트,전월세 전환율,4.41290322580645,%
대구,,2020-01,지역별전월세전환율_아파트,전월세 전환율,4.36363636363636,%
대구,,2020-02,지역별전월세전환율_아파트,전월세 전환율,4.32,%
대구,,2020-03,지역별전월세전환율_아파트,전월세 전환율,4.29489657726235,%
대구,,2020-04,지역별전월세전환율_아파트,전월세 전환율,4.37573404411765,%
대구,,2020-05,지역별전월세전환율_아파트,전월세 전환율,4.44444444444444,%
대구,,2020-06,지역별전월세전환율_아파트,전월세 전환율,4.44654553592731,%
대구,,2020-07,지역별전월세전환율_아파트,전월세 전환율,4.44444444444444,%
대구,,2020-08,지역별전월세전환율_아파트,전월세 전환율,4.5,%
대구,,2020-09,지역별전월세전환율_아파트,전월세 전환율,4.41121495327103,%
대구,,2020-10,지역별전월세전환율_아파트,전월세 전환율,4.41121495327103,%
대구,,2020-11,지역별전월세전환율_아파트,전월세 전환율,4.40221212521745,%
대구,,2020-12,지역별전월세전환율_아파트,전월세 전환율,4.40221212521745,%
대구,,2021-01,지역별전월세전환율_아파트,전월세 전환율,4.40221212521745,%
대구,,2021-02,지역별전월세전환율_아파트,전월세 전환율,4.40221212521745,%
대구,,2021-03,지역별전월세전환율_아파트,전월세 전환율,4.33333333333333,%
대구,,2021-04,지역별전월세전환율_아파트,전월세 전환율,4.28571428571429,%
대구,,2021-05,지역별전월세전환율_아파트,전월세 전환율,4.23473637834177,%
대구,,2021-06,지역별전월세전환율_아파트,전월세 전환율,4.17063512504188,%
대구,,2021-07,지역별전월세전환율_아파트,전월세 전환율,4.15903579617114,%
대구,,2021-08,지역별전월세전환율_아파트,전월세 전환율,4.17391304347826,%
대구,,2021-09,지역별전월세전환율_아파트,전월세 전환율,4.18032621255494,%
대구,,2021-10,지역별전월세전환율_아파트,전월세 전환율,4.21378425952519,%
대구,,2021-11,지역별전월세전환율_아파트,전월세 전환율,4.17391304347826,%
대구,,2021-12,지역별전월세전환율_아파트,전월세 전환율,4.23856742486582,%
대구,,2022-01,지역별전월세전환율_아파트,전월세 전환율,4.29850746268657,%
대구,,2022-02,지역별전월세전환율_아파트,전월세 전환율,4.36363636363636,%
대구,,2022-03,지역별전월세전환율_아파트,전월세 전환율,4.41176470588235,%
대구,,2022-04,지역별전월세전환율_아파트,전월세 전환율,4.46726572528883,%
대구,,2022-05,지역별전월세전환율_아파트,전월세 전환율,4.5,%
대구,,2022-06,지역별전월세전환율_아파트,전월세 전환율,4.55282585907437,%
대구,,2022-07,지역별전월세전환율_아파트,전월세 전환율,4.61538461538462,%
대구,,2022-08,지역별전월세전환율_아파트,전월세 전환율,4.65705946394392,%
대구,,2022-09,지역별전월세전환율_아파트,전월세 전환율,4.71144860542981,%
대구,,2022-10,지역별전월세전환율_아파트,전월세 전환율,4.74418604651163,%
대구,,2022-11,지역별전월세전환율_아파트,전월세 전환율,4.81996685508808,%
대구,,2022-12,지역별전월세전환율_아파트,전월세 전환율,4.90567141960295,%
대구,,2023-01,지역별전월세전환율_아파트,전월세 전환율,4.96551724137931,%
대구,,2023-02,지역별전월세전환율_아파트,전월세 전환율,5.05263157894737,%
대구,,2023-03,지역별전월세전환율_아파트,전월세 전환율,5.199996,%
대구,,2023-04,지역별전월세전환율_아파트,전월세 전환율,5.31428571428571,%
대구,,2023-05,지역별전월세전환율_아파트,전월세 전환율,5.3688,%
대구,,2023-06,지역별전월세전환율_아파트,전월세 전환율,5.42072113979096,%
대구,,2023-07,지역별전월세전환율_아파트,전월세 전환율,5.42072113979096,%
대구,,2023-08,지역별전월세전환율_아파트,전월세 전환율,5.41365519183095,%
대구,,2023-09,지역별전월세전환율_아파트,전월세 전환율,5.43588637961266,%
대구,,2023-10,지역별전월세전환율_아파트,전월세 전환율,5.4,%
대구,,2023-11,지역별전월세전환율_아파트,전월세 전환율,5.333336,%
대구,,2023-12,지역별전월세전환율_아파트,전월세 전환율,5.33333333333333,%
대구,,2024-01,지역별전월세전환율_아파트,전월세 전환율,5.33333333333333,%
대구,,2024-02,지역별전월세전환율_아파트,전월세 전환율,5.33298471810275,%
대구,,2024-03,지역별전월세전환율_아파트,전월세 전환율,5.33333333333333,%
대구,,2024-04,지역별전월세전환율_아파트,전월세 전환율,5.34570765661253,%
대구,,2024-05,지역별전월세전환율_아파트,전월세 전환율,5.35714285714286,%
대구,,2024-06,지역별전월세전환율_아파트,전월세 전환율,5.358570093033926,%
대구,,2024-07,지역별전월세전환율_아파트,전월세 전환율,5.33333333333333,%
대구,,2024-08,지역별전월세전환율_아파트,전월세 전환율,5.31749380562258,%
대구,,2024-09,지역별전월세전환율_아파트,전월세 전환율,5.2682926829268,%
대구,,2024-10,지역별전월세전환율_아파트,전월세 전환율,5.25,%
대구,,2024-11,지역별전월세전환율_아파트,전월세 전환율,5.2383946647612,%
대구,,2024-12,지역별전월세전환율_아파트,전월세 전환율,5.2173913043478,%
대구,,2025-01,지역별전월세전환율_아파트,전월세 전환율,5.2252109181141,%
대구,,2025-02,지역별전월세전환율_아파트,전월세 전환율,5.2450778173636,%
대구,,2025-03,지역별전월세전환율_아파트,전월세 전환율,5.2173913043478,%
대구,,2025-04,지역별전월세전환율_아파트,전월세 전환율,5.218656259253,%
대구,,2025-05,지역별전월세전환율_아파트,전월세 전환율,5.2173913043478,%
대구,,2025-06,지역별전월세전환율_아파트,전월세 전환율,5.2319620108453,%
대구,,2025-07,지역별전월세전환율_아파트,전월세 전환율,5.2311539478559,%
대구,,2025-08,지역별전월세전환율_아파트,전월세 전환율,5.2173913043478,%
대구,,2025-09,지역별전월세전환율_아파트,전월세 전환율,5.2173913043478,%
대구,,2025-10,지역별전월세전환율_아파트,전월세 전환율,5.2100288286734,%
대구,,2025-11,지역별전월세전환율_아파트,전월세 전환율,5.1937168942932,%
대구,,2025-12,지역별전월세전환율_아파트,전월세 전환율,5.1818447848662,%
대구,,2026-01,지역별전월세전환율_아파트,전월세 전환율,5.1561329786886,%
대구,,2026-02,지역별전월세전환율_아파트,전월세 전환율,5.1428571428571,%
대구,,2026-03,지역별전월세전환율_아파트,전월세 전환율,5.1428571428571,%
대구,,2026-04,지역별전월세전환율_아파트,전월세 전환율,5.1428571428571,%
대구,,2026-05,지역별전월세전환율_아파트,전월세 전환율,5.2363636363636,%
대구,,2026-06,지역별전월세전환율_아파트,전월세 전환율,5.3430736757936,%
대구,,2026-07,지역별전월세전환율_아파트,전월세 전환율,5.3333166666667,%
대전,,2011-01,지역별전월세전환율_아파트,전월세 전환율,7.63636363636363,%
대전,,2011-02,지역별전월세전환율_아파트,전월세 전환율,7.63636363636363,%
대전,,2011-03,지역별전월세전환율_아파트,전월세 전환율,7.63636363636363,%
대전,,2011-04,지역별전월세전환율_아파트,전월세 전환율,7.63636363636363,%
대전,,2011-05,지역별전월세전환율_아파트,전월세 전환율,7.63636363636363,%
대전,,2011-06,지역별전월세전환율_아파트,전월세 전환율,7.63636363636363,%
대전,,2011-07,지역별전월세전환율_아파트,전월세 전환율,7.44827586206896,%
대전,,2011-08,지역별전월세전환율_아파트,전월세 전환율,7.49397851144686,%
대전,,2011-09,지역별전월세전환율_아파트,전월세 전환율,7.5,%
대전,,2011-10,지역별전월세전환율_아파트,전월세 전환율,7.44010143543666,%
대전,,2011-11,지역별전월세전환율_아파트,전월세 전환율,7.38433089774376,%
대전,,2011-12,지역별전월세전환율_아파트,전월세 전환율,7.38301780219886,%
대전,,2012-01,지역별전월세전환율_아파트,전월세 전환율,7.3312121693151,%
대전,,2012-02,지역별전월세전환율_아파트,전월세 전환율,7.33333333333333,%
대전,,2012-03,지역별전월세전환율_아파트,전월세 전환율,7.38461538461539,%
대전,,2012-04,지역별전월세전환율_아파트,전월세 전환율,7.33333333333333,%
대전,,2012-05,지역별전월세전환율_아파트,전월세 전환율,7.30569421650346,%
대전,,2012-06,지역별전월세전환율_아파트,전월세 전환율,7.41082236792132,%
대전,,2012-07,지역별전월세전환율_아파트,전월세 전환율,7.38461538461539,%
대전,,2012-08,지역별전월세전환율_아파트,전월세 전환율,7.33493147966438,%
대전,,2012-09,지역별전월세전환율_아파트,전월세 전환율,7.38461538461538,%
대전,,2012-10,지역별전월세전환율_아파트,전월세 전환율,7.24137931034483,%
대전,,2012-11,지역별전월세전환율_아파트,전월세 전환율,7.2,%
대전,,2012-12,지역별전월세전환율_아파트,전월세 전환율,7.05882352941177,%
대전,,2013-01,지역별전월세전환율_아파트,전월세 전환율,7.05955695939487,%
대전,,2013-02,지역별전월세전환율_아파트,전월세 전환율,6.99212620258319,%
대전,,2013-03,지역별전월세전환율_아파트,전월세 전환율,6.96,%
대전,,2013-04,지역별전월세전환율_아파트,전월세 전환율,6.85714285714286,%
대전,,2013-05,지역별전월세전환율_아파트,전월세 전환율,6.85744840908783,%
대전,,2013-06,지역별전월세전환율_아파트,전월세 전환율,6.85714285714286,%
대전,,2013-07,지역별전월세전환율_아파트,전월세 전환율,6.85714285714286,%
대전,,2013-08,지역별전월세전환율_아파트,전월세 전환율,6.73300356608766,%
대전,,2013-09,지역별전월세전환율_아파트,전월세 전환율,6.65967539142044,%
대전,,2013-10,지역별전월세전환율_아파트,전월세 전환율,6.66666666666667,%
대전,,2013-11,지역별전월세전환율_아파트,전월세 전환율,6.60866390674576,%
대전,,2013-12,지역별전월세전환율_아파트,전월세 전환율,6.53210303729335,%
대전,,2014-01,지역별전월세전환율_아파트,전월세 전환율,6.46153846153846,%
대전,,2014-02,지역별전월세전환율_아파트,전월세 전환율,6.31578947368421,%
대전,,2014-03,지역별전월세전환율_아파트,전월세 전환율,6.22307271844433,%
대전,,2014-04,지역별전월세전환율_아파트,전월세 전환율,6.22222222222222,%
대전,,2014-05,지역별전월세전환율_아파트,전월세 전환율,6.24,%
대전,,2014-06,지역별전월세전환율_아파트,전월세 전환율,6.26772894918858,%
대전,,2014-07,지역별전월세전환율_아파트,전월세 전환율,6.26086956521739,%
대전,,2014-08,지역별전월세전환율_아파트,전월세 전환율,6.37598685978483,%
대전,,2014-09,지역별전월세전환율_아파트,전월세 전환율,6.4,%
대전,,2014-10,지역별전월세전환율_아파트,전월세 전환율,6.46153846153846,%
대전,,2014-11,지역별전월세전환율_아파트,전월세 전환율,6.4,%
대전,,2014-12,지역별전월세전환율_아파트,전월세 전환율,6.31578947368421,%
대전,,2015-01,지역별전월세전환율_아파트,전월세 전환율,6.27479797120136,%
대전,,2015-02,지역별전월세전환율_아파트,전월세 전환율,6.02929427430093,%
대전,,2015-03,지역별전월세전환율_아파트,전월세 전환율,6.04444444444445,%
대전,,2015-04,지역별전월세전환율_아파트,전월세 전환율,6,%
대전,,2015-05,지역별전월세전환율_아파트,전월세 전환율,6,%
대전,,2015-06,지역별전월세전환율_아파트,전월세 전환율,6,%
대전,,2015-07,지역별전월세전환율_아파트,전월세 전환율,6,%
대전,,2015-08,지역별전월세전환율_아파트,전월세 전환율,6,%
대전,,2015-09,지역별전월세전환율_아파트,전월세 전환율,5.74678899082569,%
대전,,2015-10,지역별전월세전환율_아파트,전월세 전환율,5.70075461151481,%
대전,,2015-11,지역별전월세전환율_아파트,전월세 전환율,5.6,%
대전,,2015-12,지역별전월세전환율_아파트,전월세 전환율,5.56789742957529,%
대전,,2016-01,지역별전월세전환율_아파트,전월세 전환율,5.53351880519374,%
대전,,2016-02,지역별전월세전환율_아파트,전월세 전환율,5.4,%
대전,,2016-03,지역별전월세전환율_아파트,전월세 전환율,5.33333333333333,%
대전,,2016-04,지역별전월세전환율_아파트,전월세 전환율,5.33333333333333,%
대전,,2016-05,지역별전월세전환율_아파트,전월세 전환율,5.33333333333333,%
대전,,2016-06,지역별전월세전환율_아파트,전월세 전환율,5.31476435545101,%
대전,,2016-07,지역별전월세전환율_아파트,전월세 전환율,5.21201334708087,%
대전,,2016-08,지역별전월세전환율_아파트,전월세 전환율,5.14380910712483,%
대전,,2016-09,지역별전월세전환율_아파트,전월세 전환율,5.14285714285714,%
대전,,2016-10,지역별전월세전환율_아파트,전월세 전환율,5.16923076923077,%
대전,,2016-11,지역별전월세전환율_아파트,전월세 전환율,5.14285714285714,%
대전,,2016-12,지역별전월세전환율_아파트,전월세 전환율,5.14285714285714,%
대전,,2017-01,지역별전월세전환율_아파트,전월세 전환율,5.14089674560442,%
대전,,2017-02,지역별전월세전환율_아파트,전월세 전환율,5.15337423312883,%
대전,,2017-03,지역별전월세전환율_아파트,전월세 전환율,5.14285714285715,%
대전,,2017-04,지역별전월세전환율_아파트,전월세 전환율,5.1458022292668,%
대전,,2017-05,지역별전월세전환율_아파트,전월세 전환율,5.14285714285714,%
대전,,2017-06,지역별전월세전환율_아파트,전월세 전환율,5.17636708366463,%
대전,,2017-07,지역별전월세전환율_아파트,전월세 전환율,5.18181818181818,%
대전,,2017-08,지역별전월세전환율_아파트,전월세 전환율,5.14285714285714,%
대전,,2017-09,지역별전월세전환율_아파트,전월세 전환율,5.14285714285714,%
대전,,2017-10,지역별전월세전환율_아파트,전월세 전환율,5.13450215250936,%
대전,,2017-11,지역별전월세전환율_아파트,전월세 전환율,5.14285714285714,%
대전,,2017-12,지역별전월세전환율_아파트,전월세 전환율,5.14285714285714,%
대전,,2018-01,지역별전월세전환율_아파트,전월세 전환율,5.07692307692308,%
대전,,2018-02,지역별전월세전환율_아파트,전월세 전환율,5,%
대전,,2018-03,지역별전월세전환율_아파트,전월세 전환율,5.14285714285714,%
대전,,2018-04,지역별전월세전환율_아파트,전월세 전환율,5.14285714285714,%
대전,,2018-05,지역별전월세전환율_아파트,전월세 전환율,5.15170485770949,%
대전,,2018-06,지역별전월세전환율_아파트,전월세 전환율,5.2,%
대전,,2018-07,지역별전월세전환율_아파트,전월세 전환율,5.17241379310345,%
대전,,2018-08,지역별전월세전환율_아파트,전월세 전환율,5.16,%
대전,,2018-09,지역별전월세전환율_아파트,전월세 전환율,5,%
대전,,2018-10,지역별전월세전환율_아파트,전월세 전환율,4.91993326055163,%
대전,,2018-11,지역별전월세전환율_아파트,전월세 전환율,4.86486486486486,%
대전,,2018-12,지역별전월세전환율_아파트,전월세 전환율,4.8,%
대전,,2019-01,지역별전월세전환율_아파트,전월세 전환율,4.8,%
대전,,2019-02,지역별전월세전환율_아파트,전월세 전환율,4.71428571428571,%
대전,,2019-03,지역별전월세전환율_아파트,전월세 전환율,4.71724137931034,%
대전,,2019-04,지역별전월세전환율_아파트,전월세 전환율,4.8,%
대전,,2019-05,지역별전월세전환율_아파트,전월세 전환율,4.8,%
대전,,2019-06,지역별전월세전환율_아파트,전월세 전환율,4.83790456431535,%
대전,,2019-07,지역별전월세전환율_아파트,전월세 전환율,4.89795918367347,%
대전,,2019-08,지역별전월세전환율_아파트,전월세 전환율,5,%
대전,,2019-09,지역별전월세전환율_아파트,전월세 전환율,5.05064196704977,%
대전,,2019-10,지역별전월세전환율_아파트,전월세 전환율,5.03153358240501,%
대전,,2019-11,지역별전월세전환율_아파트,전월세 전환율,5.04537664739634,%
대전,,2019-12,지역별전월세전환율_아파트,전월세 전환율,4.94117647058823,%
대전,,2020-01,지역별전월세전환율_아파트,전월세 전환율,5.02740788894248,%
대전,,2020-02,지역별전월세전환율_아파트,전월세 전환율,4.94117647058823,%
대전,,2020-03,지역별전월세전환율_아파트,전월세 전환율,4.8,%
대전,,2020-04,지역별전월세전환율_아파트,전월세 전환율,4.8,%
대전,,2020-05,지역별전월세전환율_아파트,전월세 전환율,4.8,%
대전,,2020-06,지역별전월세전환율_아파트,전월세 전환율,4.8,%
대전,,2020-07,지역별전월세전환율_아파트,전월세 전환율,4.78437883395294,%
대전,,2020-08,지역별전월세전환율_아파트,전월세 전환율,4.61538461538462,%
대전,,2020-09,지역별전월세전환율_아파트,전월세 전환율,4.61538461538462,%
대전,,2020-10,지역별전월세전환율_아파트,전월세 전환율,4.55746420882462,%
대전,,2020-11,지역별전월세전환율_아파트,전월세 전환율,4.5,%
대전,,2020-12,지역별전월세전환율_아파트,전월세 전환율,4.44444444444444,%
대전,,2021-01,지역별전월세전환율_아파트,전월세 전환율,4.33333333333333,%
대전,,2021-02,지역별전월세전환율_아파트,전월세 전환율,4.40753339941578,%
대전,,2021-03,지역별전월세전환율_아파트,전월세 전환율,4.43159944415508,%
대전,,2021-04,지역별전월세전환율_아파트,전월세 전환율,4.4,%
대전,,2021-05,지역별전월세전환율_아파트,전월세 전환율,4.4474698468726,%
대전,,2021-06,지역별전월세전환율_아파트,전월세 전환율,4.5,%
대전,,2021-07,지역별전월세전환율_아파트,전월세 전환율,4.46396309821257,%
대전,,2021-08,지역별전월세전환율_아파트,전월세 전환율,4.40816326530612,%
대전,,2021-09,지역별전월세전환율_아파트,전월세 전환율,4.43478260869565,%
대전,,2021-10,지역별전월세전환율_아파트,전월세 전환율,4.33333333333333,%
대전,,2021-11,지역별전월세전환율_아파트,전월세 전환율,4.32850940665702,%
대전,,2021-12,지역별전월세전환율_아파트,전월세 전환율,4.28571428571429,%
대전,,2022-01,지역별전월세전환율_아파트,전월세 전환율,4.33333333333333,%
대전,,2022-02,지역별전월세전환율_아파트,전월세 전환율,4.28860332841795,%
대전,,2022-03,지역별전월세전환율_아파트,전월세 전환율,4.29423459244533,%
대전,,2022-04,지역별전월세전환율_아파트,전월세 전환율,4.37923938752618,%
대전,,2022-05,지역별전월세전환율_아파트,전월세 전환율,4.46023103149967,%
대전,,2022-06,지역별전월세전환율_아파트,전월세 전환율,4.5,%
대전,,2022-07,지역별전월세전환율_아파트,전월세 전환율,4.48383944183092,%
대전,,2022-08,지역별전월세전환율_아파트,전월세 전환율,4.49946838746979,%
대전,,2022-09,지역별전월세전환율_아파트,전월세 전환율,4.53178899104903,%
대전,,2022-10,지역별전월세전환율_아파트,전월세 전환율,4.56169014084507,%
대전,,2022-11,지역별전월세전환율_아파트,전월세 전환율,4.66666666666667,%
대전,,2022-12,지역별전월세전환율_아파트,전월세 전환율,4.70362064874243,%
대전,,2023-01,지역별전월세전환율_아파트,전월세 전환율,4.80758184951178,%
대전,,2023-02,지역별전월세전환율_아파트,전월세 전환율,4.95652727065781,%
대전,,2023-03,지역별전월세전환율_아파트,전월세 전환율,5.03945141107012,%
대전,,2023-04,지역별전월세전환율_아파트,전월세 전환율,5.14285714285714,%
대전,,2023-05,지역별전월세전환율_아파트,전월세 전환율,5.18918918918919,%
대전,,2023-06,지역별전월세전환율_아파트,전월세 전환율,5.20170854725126,%
대전,,2023-07,지역별전월세전환율_아파트,전월세 전환율,5.2,%
대전,,2023-08,지역별전월세전환율_아파트,전월세 전환율,5.14285714285714,%
대전,,2023-09,지역별전월세전환율_아파트,전월세 전환율,5.14285714285714,%
대전,,2023-10,지역별전월세전환율_아파트,전월세 전환율,5.04888696651459,%
대전,,2023-11,지역별전월세전환율_아파트,전월세 전환율,5.0000048530705,%
대전,,2023-12,지역별전월세전환율_아파트,전월세 전환율,5.0065080292203,%
대전,,2024-01,지역별전월세전환율_아파트,전월세 전환율,4.95578119829009,%
대전,,2024-02,지역별전월세전환율_아파트,전월세 전환율,4.92307692307692,%
대전,,2024-03,지역별전월세전환율_아파트,전월세 전환율,4.90593878760833,%
대전,,2024-04,지역별전월세전환율_아파트,전월세 전환율,4.93869591020146,%
대전,,2024-05,지역별전월세전환율_아파트,전월세 전환율,4.97777777777778,%
대전,,2024-06,지역별전월세전환율_아파트,전월세 전환율,4.984219917198055,%
대전,,2024-07,지역별전월세전환율_아파트,전월세 전환율,5.04639684106614,%
대전,,2024-08,지역별전월세전환율_아파트,전월세 전환율,5.05263157894737,%
대전,,2024-09,지역별전월세전환율_아파트,전월세 전환율,5.0526315789474,%
대전,,2024-10,지역별전월세전환율_아파트,전월세 전환율,5.0599871856268,%
대전,,2024-11,지역별전월세전환율_아파트,전월세 전환율,5.0526315789474,%
대전,,2024-12,지역별전월세전환율_아파트,전월세 전환율,5.0526315789474,%
대전,,2025-01,지역별전월세전환율_아파트,전월세 전환율,5.065963060686,%
대전,,2025-02,지역별전월세전환율_아파트,전월세 전환율,5.1061084548382,%
대전,,2025-03,지역별전월세전환율_아파트,전월세 전환율,5.1428571428571,%
대전,,2025-04,지역별전월세전환율_아파트,전월세 전환율,5.1428571428571,%
대전,,2025-05,지역별전월세전환율_아파트,전월세 전환율,5.1440197742194,%
대전,,2025-06,지역별전월세전환율_아파트,전월세 전환율,5.1575780191783,%
대전,,2025-07,지역별전월세전환율_아파트,전월세 전환율,5.1428571428571,%
대전,,2025-08,지역별전월세전환율_아파트,전월세 전환율,5.174025974026,%
대전,,2025-09,지역별전월세전환율_아파트,전월세 전환율,5.1389480085132,%
대전,,2025-10,지역별전월세전환율_아파트,전월세 전환율,5.1580214070345,%
대전,,2025-11,지역별전월세전환율_아파트,전월세 전환율,5.1428571428571,%
대전,,2025-12,지역별전월세전환율_아파트,전월세 전환율,5.1111111111111,%
대전,,2026-01,지역별전월세전환율_아파트,전월세 전환율,5.0526315789474,%
대전,,2026-02,지역별전월세전환율_아파트,전월세 전환율,5.0116626069273,%
대전,,2026-03,지역별전월세전환율_아파트,전월세 전환율,4.9901069494733,%
대전,,2026-04,지역별전월세전환율_아파트,전월세 전환율,4.9988139916198,%
대전,,2026-05,지역별전월세전환율_아파트,전월세 전환율,5.0526315789474,%
대전,,2026-06,지역별전월세전환율_아파트,전월세 전환율,5.1428571428571,%
대전,,2026-07,지역별전월세전환율_아파트,전월세 전환율,5.1856552315782,%
부산,,2011-01,지역별전월세전환율_아파트,전월세 전환율,7.46666666666667,%
부산,,2011-02,지역별전월세전환율_아파트,전월세 전환율,7.46666666666667,%
부산,,2011-03,지역별전월세전환율_아파트,전월세 전환율,7.46666666666667,%
부산,,2011-04,지역별전월세전환율_아파트,전월세 전환율,7.46666666666667,%
부산,,2011-05,지역별전월세전환율_아파트,전월세 전환율,7.46666666666667,%
부산,,2011-06,지역별전월세전환율_아파트,전월세 전환율,7.46666666666667,%
부산,,2011-07,지역별전월세전환율_아파트,전월세 전환율,7.38461538461539,%
부산,,2011-08,지역별전월세전환율_아파트,전월세 전환율,7.33333333333333,%
부산,,2011-09,지역별전월세전환율_아파트,전월세 전환율,7.2,%
부산,,2011-10,지역별전월세전환율_아파트,전월세 전환율,7.2,%
부산,,2011-11,지역별전월세전환율_아파트,전월세 전환율,7.19874351809983,%
부산,,2011-12,지역별전월세전환율_아파트,전월세 전환율,7.15027962894746,%
부산,,2012-01,지역별전월세전환율_아파트,전월세 전환율,7.09090909090909,%
부산,,2012-02,지역별전월세전환율_아파트,전월세 전환율,7,%
부산,,2012-03,지역별전월세전환율_아파트,전월세 전환율,6.92778457772338,%
부산,,2012-04,지역별전월세전환율_아파트,전월세 전환율,6.85714285714286,%
부산,,2012-05,지역별전월세전환율_아파트,전월세 전환율,6.84410646387833,%
부산,,2012-06,지역별전월세전환율_아파트,전월세 전환율,6.8,%
부산,,2012-07,지역별전월세전환율_아파트,전월세 전환율,6.75,%
부산,,2012-08,지역별전월세전환율_아파트,전월세 전환율,6.72931299476111,%
부산,,2012-09,지역별전월세전환율_아파트,전월세 전환율,6.73170731707317,%
부산,,2012-10,지역별전월세전환율_아파트,전월세 전환율,6.75,%
부산,,2012-11,지역별전월세전환율_아파트,전월세 전환율,6.66666666666667,%
부산,,2012-12,지역별전월세전환율_아파트,전월세 전환율,6.66666666666667,%
부산,,2013-01,지역별전월세전환율_아파트,전월세 전환율,6.66666666666667,%
부산,,2013-02,지역별전월세전환율_아파트,전월세 전환율,6.65682773034062,%
부산,,2013-03,지역별전월세전환율_아파트,전월세 전환율,6.54545454545455,%
부산,,2013-04,지역별전월세전환율_아파트,전월세 전환율,6.50940403984197,%
부산,,2013-05,지역별전월세전환율_아파트,전월세 전환율,6.48042823686852,%
부산,,2013-06,지역별전월세전환율_아파트,전월세 전환율,6.4,%
부산,,2013-07,지역별전월세전환율_아파트,전월세 전환율,6.30702130130896,%
부산,,2013-08,지역별전월세전환율_아파트,전월세 전환율,6.24,%
부산,,2013-09,지역별전월세전환율_아파트,전월세 전환율,6.16866789094505,%
부산,,2013-10,지역별전월세전환율_아파트,전월세 전환율,6.12771394396317,%
부산,,2013-11,지역별전월세전환율_아파트,전월세 전환율,6,%
부산,,2013-12,지역별전월세전환율_아파트,전월세 전환율,6,%
부산,,2014-01,지역별전월세전환율_아파트,전월세 전환율,6,%
부산,,2014-02,지역별전월세전환율_아파트,전월세 전환율,6,%
부산,,2014-03,지역별전월세전환율_아파트,전월세 전환율,6,%
부산,,2014-04,지역별전월세전환율_아파트,전월세 전환율,6,%
부산,,2014-05,지역별전월세전환율_아파트,전월세 전환율,6,%
부산,,2014-06,지역별전월세전환율_아파트,전월세 전환율,6,%
부산,,2014-07,지역별전월세전환율_아파트,전월세 전환율,6,%
부산,,2014-08,지역별전월세전환율_아파트,전월세 전환율,6,%
부산,,2014-09,지역별전월세전환율_아파트,전월세 전환율,6,%
부산,,2014-10,지역별전월세전환율_아파트,전월세 전환율,6,%
부산,,2014-11,지역별전월세전환율_아파트,전월세 전환율,6,%
부산,,2014-12,지역별전월세전환율_아파트,전월세 전환율,5.99783208196287,%
부산,,2015-01,지역별전월세전환율_아파트,전월세 전환율,6,%
부산,,2015-02,지역별전월세전환율_아파트,전월세 전환율,5.99310290107719,%
부산,,2015-03,지역별전월세전환율_아파트,전월세 전환율,5.9717868338558,%
부산,,2015-04,지역별전월세전환율_아파트,전월세 전환율,5.80401872387055,%
부산,,2015-05,지역별전월세전환율_아파트,전월세 전환율,5.73913043478261,%
부산,,2015-06,지역별전월세전환율_아파트,전월세 전환율,5.625,%
부산,,2015-07,지역별전월세전환율_아파트,전월세 전환율,5.54627569939495,%
부산,,2015-08,지역별전월세전환율_아파트,전월세 전환율,5.53777687656621,%
부산,,2015-09,지역별전월세전환율_아파트,전월세 전환율,5.45199622951318,%
부산,,2015-10,지역별전월세전환율_아파트,전월세 전환율,5.33333333333333,%
부산,,2015-11,지역별전월세전환율_아파트,전월세 전환율,5.33333333333333,%
부산,,2015-12,지역별전월세전환율_아파트,전월세 전환율,5.25696430150635,%
부산,,2016-01,지역별전월세전환율_아파트,전월세 전환율,5.25,%
부산,,2016-02,지역별전월세전환율_아파트,전월세 전환율,5.23636363636364,%
부산,,2016-03,지역별전월세전환율_아파트,전월세 전환율,5.14552507539416,%
부산,,2016-04,지역별전월세전환율_아파트,전월세 전환율,5.14285714285714,%
부산,,2016-05,지역별전월세전환율_아파트,전월세 전환율,5.10320327312644,%
부산,,2016-06,지역별전월세전환율_아파트,전월세 전환율,5.13409168001021,%
부산,,2016-07,지역별전월세전환율_아파트,전월세 전환율,5.05843431684602,%
부산,,2016-08,지역별전월세전환율_아파트,전월세 전환율,5.00348788522404,%
부산,,2016-09,지역별전월세전환율_아파트,전월세 전환율,5,%
부산,,2016-10,지역별전월세전환율_아파트,전월세 전환율,4.88184575577672,%
부산,,2016-11,지역별전월세전환율_아파트,전월세 전환율,4.8,%
부산,,2016-12,지역별전월세전환율_아파트,전월세 전환율,4.78716325166162,%
부산,,2017-01,지역별전월세전환율_아파트,전월세 전환율,4.75843461107675,%
부산,,2017-02,지역별전월세전환율_아파트,전월세 전환율,4.68704186817446,%
부산,,2017-03,지역별전월세전환율_아파트,전월세 전환율,4.66731096059282,%
부산,,2017-04,지역별전월세전환율_아파트,전월세 전환율,4.70280082644768,%
부산,,2017-05,지역별전월세전환율_아파트,전월세 전환율,4.71903361362057,%
부산,,2017-06,지역별전월세전환율_아파트,전월세 전환율,4.71428571428571,%
부산,,2017-07,지역별전월세전환율_아파트,전월세 전환율,4.7651080518861,%
부산,,2017-08,지역별전월세전환율_아파트,전월세 전환율,4.79628282567912,%
부산,,2017-09,지역별전월세전환율_아파트,전월세 전환율,4.71428571428571,%
부산,,2017-10,지역별전월세전환율_아파트,전월세 전환율,4.66666666666667,%
부산,,2017-11,지역별전월세전환율_아파트,전월세 전환율,4.66666666666667,%
부산,,2017-12,지역별전월세전환율_아파트,전월세 전환율,4.66666666666667,%
부산,,2018-01,지역별전월세전환율_아파트,전월세 전환율,4.66666666666667,%
부산,,2018-02,지역별전월세전환율_아파트,전월세 전환율,4.66666666666667,%
부산,,2018-03,지역별전월세전환율_아파트,전월세 전환율,4.68552100285972,%
부산,,2018-04,지역별전월세전환율_아파트,전월세 전환율,4.73080065601368,%
부산,,2018-05,지역별전월세전환율_아파트,전월세 전환율,4.73684210526316,%
부산,,2018-06,지역별전월세전환율_아파트,전월세 전환율,4.7912208602587,%
부산,,2018-07,지역별전월세전환율_아파트,전월세 전환율,4.73635971020049,%
부산,,2018-08,지역별전월세전환율_아파트,전월세 전환율,4.73396600491924,%
부산,,2018-09,지역별전월세전환율_아파트,전월세 전환율,4.66666666666667,%
부산,,2018-10,지역별전월세전환율_아파트,전월세 전환율,4.65161047842311,%
부산,,2018-11,지역별전월세전환율_아파트,전월세 전환율,4.66362821027779,%
부산,,2018-12,지역별전월세전환율_아파트,전월세 전환율,4.66019417475728,%
부산,,2019-01,지역별전월세전환율_아파트,전월세 전환율,4.6608658871896,%
부산,,2019-02,지역별전월세전환율_아파트,전월세 전환율,4.65394261147119,%
부산,,2019-03,지역별전월세전환율_아파트,전월세 전환율,4.66666666666667,%
부산,,2019-04,지역별전월세전환율_아파트,전월세 전환율,4.71428571428571,%
부산,,2019-05,지역별전월세전환율_아파트,전월세 전환율,4.72727272727273,%
부산,,2019-06,지역별전월세전환율_아파트,전월세 전환율,4.71428571428571,%
부산,,2019-07,지역별전월세전환율_아파트,전월세 전환율,4.68292682926829,%
부산,,2019-08,지역별전월세전환율_아파트,전월세 전환율,4.69565217391304,%
부산,,2019-09,지역별전월세전환율_아파트,전월세 전환율,4.66666666666667,%
부산,,2019-10,지역별전월세전환율_아파트,전월세 전환율,4.61538461538462,%
부산,,2019-11,지역별전월세전환율_아파트,전월세 전환율,4.61538461538461,%
부산,,2019-12,지역별전월세전환율_아파트,전월세 전환율,4.58823529411765,%
부산,,2020-01,지역별전월세전환율_아파트,전월세 전환율,4.58823529411765,%
부산,,2020-02,지역별전월세전환율_아파트,전월세 전환율,4.57411257858135,%
부산,,2020-03,지역별전월세전환율_아파트,전월세 전환율,4.59792784602601,%
부산,,2020-04,지역별전월세전환율_아파트,전월세 전환율,4.59568982531603,%
부산,,2020-05,지역별전월세전환율_아파트,전월세 전환율,4.5890675081775,%
부산,,2020-06,지역별전월세전환율_아파트,전월세 전환율,4.57377695099974,%
부산,,2020-07,지역별전월세전환율_아파트,전월세 전환율,4.55407969639469,%
부산,,2020-08,지역별전월세전환율_아파트,전월세 전환율,4.53372925837112,%
부산,,2020-09,지역별전월세전환율_아파트,전월세 전환율,4.5,%
부산,,2020-10,지역별전월세전환율_아파트,전월세 전환율,4.47570671037563,%
부산,,2020-11,지역별전월세전환율_아파트,전월세 전환율,4.41212119649734,%
부산,,2020-12,지역별전월세전환율_아파트,전월세 전환율,4.36647475642161,%
부산,,2021-01,지역별전월세전환율_아파트,전월세 전환율,4.33961751602738,%
부산,,2021-02,지역별전월세전환율_아파트,전월세 전환율,4.36363636363636,%
부산,,2021-03,지역별전월세전환율_아파트,전월세 전환율,4.36363636363636,%
부산,,2021-04,지역별전월세전환율_아파트,전월세 전환율,4.3909768416798,%
부산,,2021-05,지역별전월세전환율_아파트,전월세 전환율,4.43076923076923,%
부산,,2021-06,지역별전월세전환율_아파트,전월세 전환율,4.45756894535037,%
부산,,2021-07,지역별전월세전환율_아파트,전월세 전환율,4.46511627906977,%
부산,,2021-08,지역별전월세전환율_아파트,전월세 전환율,4.44040197730039,%
부산,,2021-09,지역별전월세전환율_아파트,전월세 전환율,4.44444444444444,%
부산,,2021-10,지역별전월세전환율_아파트,전월세 전환율,4.42105263157895,%
부산,,2021-11,지역별전월세전환율_아파트,전월세 전환율,4.46511627906977,%
부산,,2021-12,지역별전월세전환율_아파트,전월세 전환율,4.45420349056759,%
부산,,2022-01,지역별전월세전환율_아파트,전월세 전환율,4.5,%
부산,,2022-02,지역별전월세전환율_아파트,전월세 전환율,4.6288257736329,%
부산,,2022-03,지역별전월세전환율_아파트,전월세 전환율,4.64516129032258,%
부산,,2022-04,지역별전월세전환율_아파트,전월세 전환율,4.66566925809324,%
부산,,2022-05,지역별전월세전환율_아파트,전월세 전환율,4.64778827041702,%
부산,,2022-06,지역별전월세전환율_아파트,전월세 전환율,4.66666666666667,%
부산,,2022-07,지역별전월세전환율_아파트,전월세 전환율,4.70645783781358,%
부산,,2022-08,지역별전월세전환율_아파트,전월세 전환율,4.7719298245614,%
부산,,2022-09,지역별전월세전환율_아파트,전월세 전환율,4.8,%
부산,,2022-10,지역별전월세전환율_아파트,전월세 전환율,4.84677109623615,%
부산,,2022-11,지역별전월세전환율_아파트,전월세 전환율,4.88888888888889,%
부산,,2022-12,지역별전월세전환율_아파트,전월세 전환율,4.95633016147855,%
부산,,2023-01,지역별전월세전환율_아파트,전월세 전환율,5.00774394912828,%
부산,,2023-02,지역별전월세전환율_아파트,전월세 전환율,5.09121183429845,%
부산,,2023-03,지역별전월세전환율_아파트,전월세 전환율,5.15289312784194,%
부산,,2023-04,지역별전월세전환율_아파트,전월세 전환율,5.22118776950216,%
부산,,2023-05,지역별전월세전환율_아파트,전월세 전환율,5.25,%
부산,,2023-06,지역별전월세전환율_아파트,전월세 전환율,5.25,%
부산,,2023-07,지역별전월세전환율_아파트,전월세 전환율,5.25,%
부산,,2023-08,지역별전월세전환율_아파트,전월세 전환율,5.20466465825586,%
부산,,2023-09,지역별전월세전환율_아파트,전월세 전환율,5.2,%
부산,,2023-10,지역별전월세전환율_아파트,전월세 전환율,5.20285747929505,%
부산,,2023-11,지역별전월세전환율_아파트,전월세 전환율,5.20025802225265,%
부산,,2023-12,지역별전월세전환율_아파트,전월세 전환율,5.23511097737492,%
부산,,2024-01,지역별전월세전환율_아파트,전월세 전환율,5.22011336534755,%
부산,,2024-02,지역별전월세전환율_아파트,전월세 전환율,5.22218100320694,%
부산,,2024-03,지역별전월세전환율_아파트,전월세 전환율,5.24124881740776,%
부산,,2024-04,지역별전월세전환율_아파트,전월세 전환율,5.25233754778006,%
부산,,2024-05,지역별전월세전환율_아파트,전월세 전환율,5.24346311106939,%
부산,,2024-06,지역별전월세전환율_아파트,전월세 전환율,5.217391304347826,%
부산,,2024-07,지역별전월세전환율_아파트,전월세 전환율,5.23076923076923,%
부산,,2024-08,지역별전월세전환율_아파트,전월세 전환율,5.21739130434783,%
부산,,2024-09,지역별전월세전환율_아파트,전월세 전환율,5.2150413241123,%
부산,,2024-10,지역별전월세전환율_아파트,전월세 전환율,5.2026653475718,%
부산,,2024-11,지역별전월세전환율_아파트,전월세 전환율,5.25,%
부산,,2024-12,지역별전월세전환율_아파트,전월세 전환율,5.217959160241,%
부산,,2025-01,지역별전월세전환율_아파트,전월세 전환율,5.2186382657543,%
부산,,2025-02,지역별전월세전환율_아파트,전월세 전환율,5.2670987469007,%
부산,,2025-03,지역별전월세전환율_아파트,전월세 전환율,5.2704946815417,%
부산,,2025-04,지역별전월세전환율_아파트,전월세 전환율,5.2767584074812,%
부산,,2025-05,지역별전월세전환율_아파트,전월세 전환율,5.25,%
부산,,2025-06,지역별전월세전환율_아파트,전월세 전환율,5.2537277455266,%
부산,,2025-07,지역별전월세전환율_아파트,전월세 전환율,5.25,%
부산,,2025-08,지역별전월세전환율_아파트,전월세 전환율,5.268238558115,%
부산,,2025-09,지역별전월세전환율_아파트,전월세 전환율,5.25,%
부산,,2025-10,지역별전월세전환율_아파트,전월세 전환율,5.25,%
부산,,2025-11,지역별전월세전환율_아파트,전월세 전환율,5.2504753706257,%
부산,,2025-12,지역별전월세전환율_아파트,전월세 전환율,5.2706735224323,%
부산,,2026-01,지역별전월세전환율_아파트,전월세 전환율,5.285823289603,%
부산,,2026-02,지역별전월세전환율_아파트,전월세 전환율,5.2547187552758,%
부산,,2026-03,지역별전월세전환율_아파트,전월세 전환율,5.2421052631579,%
부산,,2026-04,지역별전월세전환율_아파트,전월세 전환율,5.2294803459531,%
부산,,2026-05,지역별전월세전환율_아파트,전월세 전환율,5.3202951143131,%
부산,,2026-06,지역별전월세전환율_아파트,전월세 전환율,5.3705067958165,%
부산,,2026-07,지역별전월세전환율_아파트,전월세 전환율,5.3647058823529,%
서울,,2011-01,지역별전월세전환율_아파트,전월세 전환율,7.38159616223288,%
서울,,2011-02,지역별전월세전환율_아파트,전월세 전환율,7.38159616223288,%
서울,,2011-03,지역별전월세전환율_아파트,전월세 전환율,7.38159616223288,%
서울,,2011-04,지역별전월세전환율_아파트,전월세 전환율,7.38159616223288,%
서울,,2011-05,지역별전월세전환율_아파트,전월세 전환율,7.38159616223288,%
서울,,2011-06,지역별전월세전환율_아파트,전월세 전환율,7.38159616223288,%
서울,,2011-07,지역별전월세전환율_아파트,전월세 전환율,7.33333333333333,%
서울,,2011-08,지역별전월세전환율_아파트,전월세 전환율,7.27371440205453,%
서울,,2011-09,지역별전월세전환율_아파트,전월세 전환율,7.23287671232877,%
서울,,2011-10,지역별전월세전환율_아파트,전월세 전환율,7.2,%
서울,,2011-11,지역별전월세전환율_아파트,전월세 전환율,7.2,%
서울,,2011-12,지역별전월세전환율_아파트,전월세 전환율,7.14228226451471,%
서울,,2012-01,지역별전월세전환율_아파트,전월세 전환율,7.09090909090909,%
서울,,2012-02,지역별전월세전환율_아파트,전월세 전환율,7.05882352941176,%
서울,,2012-03,지역별전월세전환율_아파트,전월세 전환율,7.02439024390244,%
서울,,2012-04,지역별전월세전환율_아파트,전월세 전환율,6.9878675730389,%
서울,,2012-05,지역별전월세전환율_아파트,전월세 전환율,6.96496527066535,%
서울,,2012-06,지역별전월세전환율_아파트,전월세 전환율,6.94736842105263,%
서울,,2012-07,지역별전월세전환율_아파트,전월세 전환율,6.90909090909091,%
서울,,2012-08,지역별전월세전환율_아파트,전월세 전환율,6.85714285714286,%
서울,,2012-09,지역별전월세전환율_아파트,전월세 전환율,6.85714285714286,%
서울,,2012-10,지역별전월세전환율_아파트,전월세 전환율,6.85714285714286,%
서울,,2012-11,지역별전월세전환율_아파트,전월세 전환율,6.78260869565217,%
서울,,2012-12,지역별전월세전환율_아파트,전월세 전환율,6.72,%
서울,,2013-01,지역별전월세전환율_아파트,전월세 전환율,6.69767441860465,%
서울,,2013-02,지역별전월세전환율_아파트,전월세 전환율,6.66666666666667,%
서울,,2013-03,지역별전월세전환율_아파트,전월세 전환율,6.62068965517241,%
서울,,2013-04,지역별전월세전환율_아파트,전월세 전환율,6.60280122104507,%
서울,,2013-05,지역별전월세전환율_아파트,전월세 전환율,6.55578708088653,%
서울,,2013-06,지역별전월세전환율_아파트,전월세 전환율,6.51884997743586,%
서울,,2013-07,지역별전월세전환율_아파트,전월세 전환율,6.46259792915692,%
서울,,2013-08,지역별전월세전환율_아파트,전월세 전환율,6.4,%
서울,,2013-09,지역별전월세전환율_아파트,전월세 전환율,6.35294117647059,%
서울,,2013-10,지역별전월세전환율_아파트,전월세 전환율,6.29450422474182,%
서울,,2013-11,지역별전월세전환율_아파트,전월세 전환율,6.22562172636502,%
서울,,2013-12,지역별전월세전환율_아파트,전월세 전환율,6.11829767350809,%
서울,,2014-01,지역별전월세전환율_아파트,전월세 전환율,6,%
서울,,2014-02,지역별전월세전환율_아파트,전월세 전환율,6,%
서울,,2014-03,지역별전월세전환율_아파트,전월세 전환율,5.93433867725741,%
서울,,2014-04,지역별전월세전환율_아파트,전월세 전환율,5.86786644565475,%
서울,,2014-05,지역별전월세전환율_아파트,전월세 전환율,5.82164205899038,%
서울,,2014-06,지역별전월세전환율_아파트,전월세 전환율,5.81818181818182,%
서울,,2014-07,지역별전월세전환율_아파트,전월세 전환율,5.79338817172469,%
서울,,2014-08,지역별전월세전환율_아파트,전월세 전환율,5.80189912013242,%
서울,,2014-09,지역별전월세전환율_아파트,전월세 전환율,5.76,%
서울,,2014-10,지역별전월세전환율_아파트,전월세 전환율,5.66419847758498,%
서울,,2014-11,지역별전월세전환율_아파트,전월세 전환율,5.58139534883721,%
서울,,2014-12,지역별전월세전환율_아파트,전월세 전환율,5.52,%
서울,,2015-01,지역별전월세전환율_아파트,전월세 전환율,5.45454545454545,%
서울,,2015-02,지역별전월세전환율_아파트,전월세 전환율,5.37555187637969,%
서울,,2015-03,지역별전월세전환율_아파트,전월세 전환율,5.33333333333333,%
서울,,2015-04,지역별전월세전환율_아파트,전월세 전환율,5.26315789473684,%
서울,,2015-05,지역별전월세전환율_아파트,전월세 전환율,5.21739130434783,%
서울,,2015-06,지역별전월세전환율_아파트,전월세 전환율,5.14285714285715,%
서울,,2015-07,지역별전월세전환율_아파트,전월세 전환율,5.1,%
서울,,2015-08,지역별전월세전환율_아파트,전월세 전환율,5,%
서울,,2015-09,지역별전월세전환율_아파트,전월세 전환율,4.94117647058824,%
서울,,2015-10,지역별전월세전환율_아파트,전월세 전환율,4.80626322082222,%
서울,,2015-11,지역별전월세전환율_아파트,전월세 전환율,4.8,%
서울,,2015-12,지역별전월세전환율_아파트,전월세 전환율,4.69565217391304,%
서울,,2016-01,지역별전월세전환율_아파트,전월세 전환율,4.61538461538461,%
서울,,2016-02,지역별전월세전환율_아파트,전월세 전환율,4.55172413793103,%
서울,,2016-03,지역별전월세전환율_아파트,전월세 전환율,4.5,%
서울,,2016-04,지역별전월세전환율_아파트,전월세 전환율,4.5,%
서울,,2016-05,지역별전월세전환율_아파트,전월세 전환율,4.49550132314025,%
서울,,2016-06,지역별전월세전환율_아파트,전월세 전환율,4.45714285714286,%
서울,,2016-07,지역별전월세전환율_아파트,전월세 전환율,4.43478260869565,%
서울,,2016-08,지역별전월세전환율_아파트,전월세 전환율,4.39024390243902,%
서울,,2016-09,지역별전월세전환율_아파트,전월세 전환율,4.36259373077404,%
서울,,2016-10,지역별전월세전환율_아파트,전월세 전환율,4.28571428571429,%
서울,,2016-11,지역별전월세전환율_아파트,전월세 전환율,4.24615384615385,%
서울,,2016-12,지역별전월세전환율_아파트,전월세 전환율,4.2,%
서울,,2017-01,지역별전월세전환율_아파트,전월세 전환율,4.17391304347826,%
서울,,2017-02,지역별전월세전환율_아파트,전월세 전환율,4.15,%
서울,,2017-03,지역별전월세전환율_아파트,전월세 전환율,4.1330013462157,%
서울,,2017-04,지역별전월세전환율_아파트,전월세 전환율,4.125,%
서울,,2017-05,지역별전월세전환율_아파트,전월세 전환율,4.125,%
서울,,2017-06,지역별전월세전환율_아파트,전월세 전환율,4.12903225806452,%
서울,,2017-07,지역별전월세전환율_아파트,전월세 전환율,4.10965327545626,%
서울,,2017-08,지역별전월세전환율_아파트,전월세 전환율,4.09756097560976,%
서울,,2017-09,지역별전월세전환율_아파트,전월세 전환율,4.08510638297872,%
서울,,2017-10,지역별전월세전환율_아파트,전월세 전환율,4.07142857142857,%
서울,,2017-11,지역별전월세전환율_아파트,전월세 전환율,4.06429329530927,%
서울,,2017-12,지역별전월세전환율_아파트,전월세 전환율,4.05194805194805,%
서울,,2018-01,지역별전월세전환율_아파트,전월세 전환율,4.00840589417281,%
서울,,2018-02,지역별전월세전환율_아파트,전월세 전환율,4.00083520384194,%
서울,,2018-03,지역별전월세전환율_아파트,전월세 전환율,4.00419853553073,%
서울,,2018-04,지역별전월세전환율_아파트,전월세 전환율,4.01759457081815,%
서울,,2018-05,지역별전월세전환율_아파트,전월세 전환율,4.05194805194805,%
서울,,2018-06,지역별전월세전환율_아파트,전월세 전환율,4.05405405405405,%
서울,,2018-07,지역별전월세전환율_아파트,전월세 전환율,4.06817914658517,%
서울,,2018-08,지역별전월세전환율_아파트,전월세 전환율,4.06779661016949,%
서울,,2018-09,지역별전월세전환율_아파트,전월세 전환율,4.04345500410297,%
서울,,2018-10,지역별전월세전환율_아파트,전월세 전환율,4.0006560227663,%
서울,,2018-11,지역별전월세전환율_아파트,전월세 전환율,4,%
서울,,2018-12,지역별전월세전환율_아파트,전월세 전환율,4,%
서울,,2019-01,지역별전월세전환율_아파트,전월세 전환율,4,%
서울,,2019-02,지역별전월세전환율_아파트,전월세 전환율,4,%
서울,,2019-03,지역별전월세전환율_아파트,전월세 전환율,4,%
서울,,2019-04,지역별전월세전환율_아파트,전월세 전환율,4.05936124590904,%
서울,,2019-05,지역별전월세전환율_아파트,전월세 전환율,4.07481072359342,%
서울,,2019-06,지역별전월세전환율_아파트,전월세 전환율,4.08510638297872,%
서울,,2019-07,지역별전월세전환율_아파트,전월세 전환율,4.08,%
서울,,2019-08,지역별전월세전환율_아파트,전월세 전환율,4.05389791002095,%
서울,,2019-09,지역별전월세전환율_아파트,전월세 전환율,4.0262058410095,%
서울,,2019-10,지역별전월세전환율_아파트,전월세 전환율,4,%
서울,,2019-11,지역별전월세전환율_아파트,전월세 전환율,4,%
서울,,2019-12,지역별전월세전환율_아파트,전월세 전환율,3.96470325540264,%
서울,,2020-01,지역별전월세전환율_아파트,전월세 전환율,3.98818316100443,%
서울,,2020-02,지역별전월세전환율_아파트,전월세 전환율,3.97990769997767,%
서울,,2020-03,지역별전월세전환율_아파트,전월세 전환율,3.99741513506442,%
서울,,2020-04,지역별전월세전환율_아파트,전월세 전환율,3.99436327226878,%
서울,,2020-05,지역별전월세전환율_아파트,전월세 전환율,3.99104975929974,%
서울,,2020-06,지역별전월세전환율_아파트,전월세 전환율,3.98533882894366,%
서울,,2020-07,지역별전월세전환율_아파트,전월세 전환율,3.96,%
서울,,2020-08,지역별전월세전환율_아파트,전월세 전환율,3.96925098770137,%
서울,,2020-09,지역별전월세전환율_아파트,전월세 전환율,3.96259109585567,%
서울,,2020-10,지역별전월세전환율_아파트,전월세 전환율,3.98009950248756,%
서울,,2020-11,지역별전월세전환율_아파트,전월세 전환율,3.9463654289976,%
서울,,2020-12,지역별전월세전환율_아파트,전월세 전환율,3.96148359052654,%
서울,,2021-01,지역별전월세전환율_아파트,전월세 전환율,3.98503928951213,%
서울,,2021-02,지역별전월세전환율_아파트,전월세 전환율,4.02231639429878,%
서울,,2021-03,지역별전월세전환율_아파트,전월세 전환율,4.07468099395567,%
서울,,2021-04,지역별전월세전환율_아파트,전월세 전환율,4.07561674839603,%
서울,,2021-05,지역별전월세전환율_아파트,전월세 전환율,4.06120635578232,%
서울,,2021-06,지역별전월세전환율_아파트,전월세 전환율,4.04329473522293,%
서울,,2021-07,지역별전월세전환율_아파트,전월세 전환율,4.0192666835152,%
서울,,2021-08,지역별전월세전환율_아파트,전월세 전환율,4.03960396039604,%
서울,,2021-09,지역별전월세전환율_아파트,전월세 전환율,4.02684563758389,%
서울,,2021-10,지역별전월세전환율_아파트,전월세 전환율,4.10064618528639,%
서울,,2021-11,지역별전월세전환율_아파트,전월세 전환율,4.14771048744461,%
서울,,2021-12,지역별전월세전환율_아파트,전월세 전환율,4.125,%
서울,,2022-01,지역별전월세전환율_아파트,전월세 전환율,4.15802441957476,%
서울,,2022-02,지역별전월세전환율_아파트,전월세 전환율,4.1812489701763,%
서울,,2022-03,지역별전월세전환율_아파트,전월세 전환율,4.2,%
서울,,2022-04,지역별전월세전환율_아파트,전월세 전환율,4.2,%
서울,,2022-05,지역별전월세전환율_아파트,전월세 전환율,4.19113583612718,%
서울,,2022-06,지역별전월세전환율_아파트,전월세 전환율,4.23529411764706,%
서울,,2022-07,지역별전월세전환율_아파트,전월세 전환율,4.25759268664297,%
서울,,2022-08,지역별전월세전환율_아파트,전월세 전환율,4.27175841652006,%
서울,,2022-09,지역별전월세전환율_아파트,전월세 전환율,4.26726607256525,%
서울,,2022-10,지역별전월세전환율_아파트,전월세 전환율,4.31084427641106,%
서울,,2022-11,지역별전월세전환율_아파트,전월세 전환율,4.38170635162292,%
서울,,2022-12,지역별전월세전환율_아파트,전월세 전환율,4.44,%
서울,,2023-01,지역별전월세전환율_아파트,전월세 전환율,4.50803281683086,%
서울,,2023-02,지역별전월세전환율_아파트,전월세 전환율,4.61538461538462,%
서울,,2023-03,지역별전월세전환율_아파트,전월세 전환율,4.76923076923077,%
서울,,2023-04,지역별전월세전환율_아파트,전월세 전환율,4.8,%
서울,,2023-05,지역별전월세전환율_아파트,전월세 전환율,4.8,%
서울,,2023-06,지역별전월세전환율_아파트,전월세 전환율,4.8,%
서울,,2023-07,지역별전월세전환율_아파트,전월세 전환율,4.8,%
서울,,2023-08,지역별전월세전환율_아파트,전월세 전환율,4.8,%
서울,,2023-09,지역별전월세전환율_아파트,전월세 전환율,4.74074074074074,%
서울,,2023-10,지역별전월세전환율_아파트,전월세 전환율,4.66666666666667,%
서울,,2023-11,지역별전월세전환율_아파트,전월세 전환율,4.68292682926829,%
서울,,2023-12,지역별전월세전환율_아파트,전월세 전환율,4.65882352941176,%
서울,,2024-01,지역별전월세전환율_아파트,전월세 전환율,4.64516129032258,%
서울,,2024-02,지역별전월세전환율_아파트,전월세 전환율,4.64496959661075,%
서울,,2024-03,지역별전월세전환율_아파트,전월세 전환율,4.63159853895726,%
서울,,2024-04,지역별전월세전환율_아파트,전월세 전환율,4.65,%
서울,,2024-05,지역별전월세전환율_아파트,전월세 전환율,4.62463343108504,%
서울,,2024-06,지역별전월세전환율_아파트,전월세 전환율,4.628571428571428,%
서울,,2024-07,지역별전월세전환율_아파트,전월세 전환율,4.61538461538462,%
서울,,2024-08,지역별전월세전환율_아파트,전월세 전환율,4.59512195121951,%
서울,,2024-09,지역별전월세전환율_아파트,전월세 전환율,4.5860970788491,%
서울,,2024-10,지역별전월세전환율_아파트,전월세 전환율,4.5677419354839,%
서울,,2024-11,지역별전월세전환율_아파트,전월세 전환율,4.575,%
서울,,2024-12,지역별전월세전환율_아파트,전월세 전환율,4.5882352941177,%
서울,,2025-01,지역별전월세전환율_아파트,전월세 전환율,4.6153846153846,%
서울,,2025-02,지역별전월세전환율_아파트,전월세 전환율,4.6451612903226,%
서울,,2025-03,지역별전월세전환율_아파트,전월세 전환율,4.6840909090909,%
서울,,2025-04,지역별전월세전환율_아파트,전월세 전환율,4.7146487512779,%
서울,,2025-05,지역별전월세전환율_아파트,전월세 전환율,4.7166532357037,%
서울,,2025-06,지역별전월세전환율_아파트,전월세 전환율,4.7010309278351,%
서울,,2025-07,지역별전월세전환율_아파트,전월세 전환율,4.695652173913,%
서울,,2025-08,지역별전월세전환율_아파트,전월세 전환율,4.695652173913,%
서울,,2025-09,지역별전월세전환율_아파트,전월세 전환율,4.695652173913,%
서울,,2025-10,지역별전월세전환율_아파트,전월세 전환율,4.6834722672407,%
서울,,2025-11,지역별전월세전환율_아파트,전월세 전환율,4.7223232099313,%
서울,,2025-12,지역별전월세전환율_아파트,전월세 전환율,4.7272727272727,%
서울,,2026-01,지역별전월세전환율_아파트,전월세 전환율,4.7272727272727,%
서울,,2026-02,지역별전월세전환율_아파트,전월세 전환율,4.7179023816474,%
서울,,2026-03,지역별전월세전환율_아파트,전월세 전환율,4.7090137400187,%
서울,,2026-04,지역별전월세전환율_아파트,전월세 전환율,4.6991539819196,%
서울,,2026-05,지역별전월세전환율_아파트,전월세 전환율,4.7272727272727,%
서울,,2026-06,지역별전월세전환율_아파트,전월세 전환율,4.7439353099731,%
서울,,2026-07,지역별전월세전환율_아파트,전월세 전환율,4.7376623376623,%
서울,강남구,2011-01,지역별전월세전환율_아파트,전월세 전환율,7.5,%
서울,강남구,2011-02,지역별전월세전환율_아파트,전월세 전환율,7.5,%
서울,강남구,2011-03,지역별전월세전환율_아파트,전월세 전환율,7.5,%
서울,강남구,2011-04,지역별전월세전환율_아파트,전월세 전환율,7.5,%
서울,강남구,2011-05,지역별전월세전환율_아파트,전월세 전환율,7.5,%
서울,강남구,2011-06,지역별전월세전환율_아파트,전월세 전환율,7.5,%
서울,강남구,2011-07,지역별전월세전환율_아파트,전월세 전환율,7.5,%
서울,강남구,2011-08,지역별전월세전환율_아파트,전월세 전환율,7.48051948051948,%
서울,강남구,2011-09,지역별전월세전환율_아파트,전월세 전환율,7.5,%
서울,강남구,2011-10,지역별전월세전환율_아파트,전월세 전환율,7.49453348745095,%
서울,강남구,2011-11,지역별전월세전환율_아파트,전월세 전환율,7.4,%
서울,강남구,2011-12,지역별전월세전환율_아파트,전월세 전환율,7.2328511434462,%
서울,강남구,2012-01,지역별전월세전환율_아파트,전월세 전환율,7.18831957172212,%
서울,강남구,2012-02,지역별전월세전환율_아파트,전월세 전환율,7.13629855600162,%
서울,강남구,2012-03,지역별전월세전환율_아파트,전월세 전환율,7.1870283499898,%
서울,강남구,2012-04,지역별전월세전환율_아파트,전월세 전환율,7.1916251469518,%
서울,강남구,2012-05,지역별전월세전환율_아파트,전월세 전환율,7.1387777381338,%
서울,강남구,2012-06,지역별전월세전환율_아파트,전월세 전환율,7.17241379310345,%
서울,강남구,2012-07,지역별전월세전환율_아파트,전월세 전환율,7.125,%
서울,강남구,2012-08,지역별전월세전환율_아파트,전월세 전환율,7.07571428571429,%
서울,강남구,2012-09,지역별전월세전환율_아파트,전월세 전환율,7.09970379361605,%
서울,강남구,2012-10,지역별전월세전환율_아파트,전월세 전환율,7.16320876685342,%
서울,강남구,2012-11,지역별전월세전환율_아파트,전월세 전환율,7.087625156617,%
서울,강남구,2012-12,지역별전월세전환율_아파트,전월세 전환율,6.97674418604651,%
서울,강남구,2013-01,지역별전월세전환율_아파트,전월세 전환율,6.91608391608392,%
서울,강남구,2013-02,지역별전월세전환율_아파트,전월세 전환율,6.79770298381351,%
서울,강남구,2013-03,지역별전월세전환율_아파트,전월세 전환율,6.6483781278962,%
서울,강남구,2013-04,지역별전월세전환율_아파트,전월세 전환율,6.60523861674925,%
서울,강남구,2013-05,지역별전월세전환율_아파트,전월세 전환율,6.58064516129032,%
서울,강남구,2013-06,지역별전월세전환율_아파트,전월세 전환율,6.54545454545455,%
서울,강남구,2013-07,지역별전월세전환율_아파트,전월세 전환율,6.47585479491,%
서울,강남구,2013-08,지역별전월세전환율_아파트,전월세 전환율,6.38653225761494,%
서울,강남구,2013-09,지역별전월세전환율_아파트,전월세 전환율,6.375,%
서울,강남구,2013-10,지역별전월세전환율_아파트,전월세 전환율,6.36737739682652,%
서울,강남구,2013-11,지역별전월세전환율_아파트,전월세 전환율,6.23080716751603,%
서울,강남구,2013-12,지역별전월세전환율_아파트,전월세 전환율,6.07808218779687,%
서울,강남구,2014-01,지역별전월세전환율_아파트,전월세 전환율,6,%
서울,강남구,2014-02,지역별전월세전환율_아파트,전월세 전환율,5.91965608124017,%
서울,강남구,2014-03,지역별전월세전환율_아파트,전월세 전환율,5.8252427184466,%
서울,강남구,2014-04,지역별전월세전환율_아파트,전월세 전환율,5.82690707350901,%
서울,강남구,2014-05,지역별전월세전환율_아파트,전월세 전환율,5.82513077251195,%
서울,강남구,2014-06,지역별전월세전환율_아파트,전월세 전환율,5.83068898404048,%
서울,강남구,2014-07,지역별전월세전환율_아파트,전월세 전환율,5.83783783783784,%
서울,강남구,2014-08,지역별전월세전환율_아파트,전월세 전환율,5.86569808447769,%
서울,강남구,2014-09,지역별전월세전환율_아파트,전월세 전환율,5.83783783783784,%
서울,강남구,2014-10,지역별전월세전환율_아파트,전월세 전환율,5.82857142857143,%
서울,강남구,2014-11,지역별전월세전환율_아파트,전월세 전환율,5.69695143265188,%
서울,강남구,2014-12,지역별전월세전환율_아파트,전월세 전환율,5.65058966120933,%
서울,강남구,2015-01,지역별전월세전환율_아파트,전월세 전환율,5.61702127659574,%
서울,강남구,2015-02,지역별전월세전환율_아파트,전월세 전환율,5.5,%
서울,강남구,2015-03,지역별전월세전환율_아파트,전월세 전환율,5.45454545454546,%
서울,강남구,2015-04,지역별전월세전환율_아파트,전월세 전환율,5.35502070704039,%
서울,강남구,2015-05,지역별전월세전환율_아파트,전월세 전환율,5.2746636541754,%
서울,강남구,2015-06,지역별전월세전환율_아파트,전월세 전환율,5.1944806839286,%
서울,강남구,2015-07,지역별전월세전환율_아파트,전월세 전환율,5.12690004194193,%
서울,강남구,2015-08,지역별전월세전환율_아파트,전월세 전환율,5,%
서울,강남구,2015-09,지역별전월세전환율_아파트,전월세 전환율,4.89909031670934,%
서울,강남구,2015-10,지역별전월세전환율_아파트,전월세 전환율,4.8,%
서울,강남구,2015-11,지역별전월세전환율_아파트,전월세 전환율,4.76509998674322,%
서울,강남구,2015-12,지역별전월세전환율_아파트,전월세 전환율,4.61538461538461,%
서울,강남구,2016-01,지역별전월세전환율_아파트,전월세 전환율,4.5,%
서울,강남구,2016-02,지역별전월세전환율_아파트,전월세 전환율,4.44523836105839,%
서울,강남구,2016-03,지역별전월세전환율_아파트,전월세 전환율,4.425,%
서울,강남구,2016-04,지역별전월세전환율_아파트,전월세 전환율,4.38321868989574,%
서울,강남구,2016-05,지역별전월세전환율_아파트,전월세 전환율,4.4,%
서울,강남구,2016-06,지역별전월세전환율_아파트,전월세 전환율,4.37800581184163,%
서울,강남구,2016-07,지역별전월세전환율_아파트,전월세 전환율,4.4,%
서울,강남구,2016-08,지역별전월세전환율_아파트,전월세 전환율,4.4,%
서울,강남구,2016-09,지역별전월세전환율_아파트,전월세 전환율,4.38461538461539,%
서울,강남구,2016-10,지역별전월세전환율_아파트,전월세 전환율,4.32672512390393,%
서울,강남구,2016-11,지역별전월세전환율_아파트,전월세 전환율,4.26666666666666,%
서울,강남구,2016-12,지역별전월세전환율_아파트,전월세 전환율,4.24294399895894,%
서울,강남구,2017-01,지역별전월세전환율_아파트,전월세 전환율,4.23529411764706,%
서울,강남구,2017-02,지역별전월세전환율_아파트,전월세 전환율,4.19120273324099,%
서울,강남구,2017-03,지역별전월세전환율_아파트,전월세 전환율,4.17391304347826,%
서울,강남구,2017-04,지역별전월세전환율_아파트,전월세 전환율,4.14734482574585,%
서울,강남구,2017-05,지역별전월세전환율_아파트,전월세 전환율,4.15239096163952,%
서울,강남구,2017-06,지역별전월세전환율_아파트,전월세 전환율,4.15384615384615,%
서울,강남구,2017-07,지역별전월세전환율_아파트,전월세 전환율,4.11428571428571,%
서울,강남구,2017-08,지역별전월세전환율_아파트,전월세 전환율,4.09993330535184,%
서울,강남구,2017-09,지역별전월세전환율_아파트,전월세 전환율,4.08,%
서울,강남구,2017-10,지역별전월세전환율_아파트,전월세 전환율,4.05194805194805,%
서울,강남구,2017-11,지역별전월세전환율_아파트,전월세 전환율,4,%
서울,강남구,2017-12,지역별전월세전환율_아파트,전월세 전환율,4.03656489953561,%
서울,강남구,2018-01,지역별전월세전환율_아파트,전월세 전환율,4,%
서울,강남구,2018-02,지역별전월세전환율_아파트,전월세 전환율,3.99400439765074,%
서울,강남구,2018-03,지역별전월세전환율_아파트,전월세 전환율,4,%
서울,강남구,2018-04,지역별전월세전환율_아파트,전월세 전환율,3.99582717621031,%
서울,강남구,2018-05,지역별전월세전환율_아파트,전월세 전환율,4,%
서울,강남구,2018-06,지역별전월세전환율_아파트,전월세 전환율,4,%
서울,강남구,2018-07,지역별전월세전환율_아파트,전월세 전환율,4,%
서울,강남구,2018-08,지역별전월세전환율_아파트,전월세 전환율,4.03860305041279,%
서울,강남구,2018-09,지역별전월세전환율_아파트,전월세 전환율,4.04320798940181,%
서울,강남구,2018-10,지역별전월세전환율_아파트,전월세 전환율,4.03361344537815,%
서울,강남구,2018-11,지역별전월세전환율_아파트,전월세 전환율,4,%
서울,강남구,2018-12,지역별전월세전환율_아파트,전월세 전환율,4,%
서울,강남구,2019-01,지역별전월세전환율_아파트,전월세 전환율,4,%
서울,강남구,2019-02,지역별전월세전환율_아파트,전월세 전환율,4,%
서울,강남구,2019-03,지역별전월세전환율_아파트,전월세 전환율,4,%
서울,강남구,2019-04,지역별전월세전환율_아파트,전월세 전환율,4.05991858947415,%
서울,강남구,2019-05,지역별전월세전환율_아파트,전월세 전환율,4.06153846153846,%
서울,강남구,2019-06,지역별전월세전환율_아파트,전월세 전환율,4.10526315789474,%
서울,강남구,2019-07,지역별전월세전환율_아파트,전월세 전환율,4.08041812602859,%
서울,강남구,2019-08,지역별전월세전환율_아파트,전월세 전환율,4,%
서울,강남구,2019-09,지역별전월세전환율_아파트,전월세 전환율,4,%
서울,강남구,2019-10,지역별전월세전환율_아파트,전월세 전환율,3.9743258072072,%
서울,강남구,2019-11,지역별전월세전환율_아파트,전월세 전환율,4,%
서울,강남구,2019-12,지역별전월세전환율_아파트,전월세 전환율,3.99804401770844,%
서울,강남구,2020-01,지역별전월세전환율_아파트,전월세 전환율,3.94772501421532,%
서울,강남구,2020-02,지역별전월세전환율_아파트,전월세 전환율,4,%
서울,강남구,2020-03,지역별전월세전환율_아파트,전월세 전환율,4,%
서울,강남구,2020-04,지역별전월세전환율_아파트,전월세 전환율,4,%
서울,강남구,2020-05,지역별전월세전환율_아파트,전월세 전환율,4,%
서울,강남구,2020-06,지역별전월세전환율_아파트,전월세 전환율,3.9527205882353,%
서울,강남구,2020-07,지역별전월세전환율_아파트,전월세 전환율,3.94137507027757,%
서울,강남구,2020-08,지역별전월세전환율_아파트,전월세 전환율,3.90717909119262,%
서울,강남구,2020-09,지역별전월세전환율_아파트,전월세 전환율,3.90845640935994,%
서울,강남구,2020-10,지역별전월세전환율_아파트,전월세 전환율,3.9631420744456,%
서울,강남구,2020-11,지역별전월세전환율_아파트,전월세 전환율,3.96116504854369,%
서울,강남구,2020-12,지역별전월세전환율_아파트,전월세 전환율,3.98119985036547,%
서울,강남구,2021-01,지역별전월세전환율_아파트,전월세 전환율,3.96521739130435,%
서울,강남구,2021-02,지역별전월세전환율_아파트,전월세 전환율,4.00371084705608,%
서울,강남구,2021-03,지역별전월세전환율_아파트,전월세 전환율,4.07382584899473,%
서울,강남구,2021-04,지역별전월세전환율_아파트,전월세 전환율,4.16282192905877,%
서울,강남구,2021-05,지역별전월세전환율_아파트,전월세 전환율,4.23529411764706,%
서울,강남구,2021-06,지역별전월세전환율_아파트,전월세 전환율,4.15856876220714,%
서울,강남구,2021-07,지역별전월세전환율_아파트,전월세 전환율,4.15384615384615,%
서울,강남구,2021-08,지역별전월세전환율_아파트,전월세 전환율,4.08298755186722,%
서울,강남구,2021-09,지역별전월세전환율_아파트,전월세 전환율,4.07666307711748,%
서울,강남구,2021-10,지역별전월세전환율_아파트,전월세 전환율,4.05082829796868,%
서울,강남구,2021-11,지역별전월세전환율_아파트,전월세 전환율,4.14028159843476,%
서울,강남구,2021-12,지역별전월세전환율_아파트,전월세 전환율,4,%
서울,강남구,2022-01,지역별전월세전환율_아파트,전월세 전환율,4.07205431713033,%
서울,강남구,2022-02,지역별전월세전환율_아파트,전월세 전환율,4.21559516526847,%
서울,강남구,2022-03,지역별전월세전환율_아파트,전월세 전환율,4.21052631578947,%
서울,강남구,2022-04,지역별전월세전환율_아파트,전월세 전환율,4.2,%
서울,강남구,2022-05,지역별전월세전환율_아파트,전월세 전환율,4.25316455696203,%
서울,강남구,2022-06,지역별전월세전환율_아파트,전월세 전환율,4.27170673638538,%
서울,강남구,2022-07,지역별전월세전환율_아파트,전월세 전환율,4.26666666666667,%
서울,강남구,2022-08,지역별전월세전환율_아파트,전월세 전환율,4.23893981100485,%
서울,강남구,2022-09,지역별전월세전환율_아파트,전월세 전환율,4.25531914893617,%
서울,강남구,2022-10,지역별전월세전환율_아파트,전월세 전환율,4.31084427641106,%
서울,강남구,2022-11,지역별전월세전환율_아파트,전월세 전환율,4.29437010855844,%
서울,강남구,2022-12,지역별전월세전환율_아파트,전월세 전환율,4.30151712944995,%
서울,강남구,2023-01,지역별전월세전환율_아파트,전월세 전환율,4.35,%
서울,강남구,2023-02,지역별전월세전환율_아파트,전월세 전환율,4.44444444444444,%
서울,강남구,2023-03,지역별전월세전환율_아파트,전월세 전환율,4.73684210526316,%
서울,강남구,2023-04,지역별전월세전환율_아파트,전월세 전환율,4.8,%
서울,강남구,2023-05,지역별전월세전환율_아파트,전월세 전환율,4.8,%
서울,강남구,2023-06,지역별전월세전환율_아파트,전월세 전환율,4.8,%
서울,강남구,2023-07,지역별전월세전환율_아파트,전월세 전환율,4.8,%
서울,강남구,2023-08,지역별전월세전환율_아파트,전월세 전환율,4.76847271463637,%
서울,강남구,2023-09,지역별전월세전환율_아파트,전월세 전환율,4.65,%
서울,강남구,2023-10,지역별전월세전환율_아파트,전월세 전환율,4.59438050777237,%
서울,강남구,2023-11,지역별전월세전환율_아파트,전월세 전환율,4.57120973036477,%
서울,강남구,2023-12,지역별전월세전환율_아파트,전월세 전환율,4.57142857142857,%
서울,강남구,2024-01,지역별전월세전환율_아파트,전월세 전환율,4.61538461538462,%
서울,강남구,2024-02,지역별전월세전환율_아파트,전월세 전환율,4.64889029063139,%
서울,강남구,2024-03,지역별전월세전환율_아파트,전월세 전환율,4.61538461538462,%
서울,강남구,2024-04,지역별전월세전환율_아파트,전월세 전환율,4.65267343873538,%
서울,강남구,2024-05,지역별전월세전환율_아파트,전월세 전환율,4.68332483426823,%
서울,강남구,2024-06,지역별전월세전환율_아파트,전월세 전환율,4.681534978907755,%
서울,강남구,2024-07,지역별전월세전환율_아파트,전월세 전환율,4.66666666666667,%
서울,강남구,2024-08,지역별전월세전환율_아파트,전월세 전환율,4.65776997366111,%
서울,강남구,2024-09,지역별전월세전환율_아파트,전월세 전환율,4.6787950383934,%
서울,강남구,2024-10,지역별전월세전환율_아파트,전월세 전환율,4.6666666666667,%
서울,강남구,2024-11,지역별전월세전환율_아파트,전월세 전환율,4.6,%
서울,강남구,2024-12,지역별전월세전환율_아파트,전월세 전환율,4.6,%
서울,강남구,2025-01,지역별전월세전환율_아파트,전월세 전환율,4.6298227320125,%
서울,강남구,2025-02,지역별전월세전환율_아파트,전월세 전환율,4.6285714285714,%
서울,강남구,2025-03,지역별전월세전환율_아파트,전월세 전환율,4.6827457970925,%
서울,강남구,2025-04,지역별전월세전환율_아파트,전월세 전환율,4.7142857142857,%
서울,강남구,2025-05,지역별전월세전환율_아파트,전월세 전환율,4.7536338409797,%
서울,강남구,2025-06,지역별전월세전환율_아파트,전월세 전환율,4.7822374039283,%
서울,강남구,2025-07,지역별전월세전환율_아파트,전월세 전환율,4.8,%
서울,강남구,2025-08,지역별전월세전환율_아파트,전월세 전환율,4.7829861444485,%
서울,강남구,2025-09,지역별전월세전환율_아파트,전월세 전환율,4.7599164926931,%
서울,강남구,2025-10,지역별전월세전환율_아파트,전월세 전환율,4.7294256466521,%
서울,강남구,2025-11,지역별전월세전환율_아파트,전월세 전환율,4.7647058823529,%
서울,강남구,2025-12,지역별전월세전환율_아파트,전월세 전환율,4.7888884216793,%
서울,강남구,2026-01,지역별전월세전환율_아파트,전월세 전환율,4.7524513127259,%
서울,강남구,2026-02,지역별전월세전환율_아파트,전월세 전환율,4.7625760975982,%
서울,강남구,2026-03,지역별전월세전환율_아파트,전월세 전환율,4.766963103122,%
서울,강남구,2026-04,지역별전월세전환율_아파트,전월세 전환율,4.8,%
서울,강남구,2026-05,지역별전월세전환율_아파트,전월세 전환율,4.7636758983749,%
서울,강남구,2026-06,지역별전월세전환율_아파트,전월세 전환율,4.7489266738267,%
서울,강남구,2026-07,지역별전월세전환율_아파트,전월세 전환율,4.7675675675676,%
서울,강동구,2011-01,지역별전월세전환율_아파트,전월세 전환율,8,%
서울,강동구,2011-02,지역별전월세전환율_아파트,전월세 전환율,8,%
서울,강동구,2011-03,지역별전월세전환율_아파트,전월세 전환율,8,%
서울,강동구,2011-04,지역별전월세전환율_아파트,전월세 전환율,8,%
서울,강동구,2011-05,지역별전월세전환율_아파트,전월세 전환율,8,%
서울,강동구,2011-06,지역별전월세전환율_아파트,전월세 전환율,8,%
서울,강동구,2011-07,지역별전월세전환율_아파트,전월세 전환율,7.87839077447255,%
서울,강동구,2011-08,지역별전월세전환율_아파트,전월세 전환율,7.76470588235294,%
서울,강동구,2011-09,지역별전월세전환율_아파트,전월세 전환율,7.71428571428571,%
서울,강동구,2011-10,지역별전월세전환율_아파트,전월세 전환율,7.5,%
서울,강동구,2011-11,지역별전월세전환율_아파트,전월세 전환율,7.5,%
서울,강동구,2011-12,지역별전월세전환율_아파트,전월세 전환율,7.38461538461539,%
서울,강동구,2012-01,지역별전월세전환율_아파트,전월세 전환율,7.2,%
서울,강동구,2012-02,지역별전월세전환율_아파트,전월세 전환율,7.11611177718343,%
서울,강동구,2012-03,지역별전월세전환율_아파트,전월세 전환율,7.05882352941176,%
서울,강동구,2012-04,지역별전월세전환율_아파트,전월세 전환율,7.06395721925134,%
서울,강동구,2012-05,지역별전월세전환율_아파트,전월세 전환율,7.09677419354839,%
서울,강동구,2012-06,지역별전월세전환율_아파트,전월세 전환율,7.08671498985213,%
서울,강동구,2012-07,지역별전월세전환율_아파트,전월세 전환율,7.09923664122137,%
서울,강동구,2012-08,지역별전월세전환율_아파트,전월세 전환율,7.12989434431324,%
서울,강동구,2012-09,지역별전월세전환율_아파트,전월세 전환율,7.14297319252641,%
서울,강동구,2012-10,지역별전월세전환율_아파트,전월세 전환율,7.09090909090909,%
서울,강동구,2012-11,지역별전월세전환율_아파트,전월세 전환율,6.98097601323408,%
서울,강동구,2012-12,지역별전월세전환율_아파트,전월세 전환율,6.86292100661446,%
서울,강동구,2013-01,지역별전월세전환율_아파트,전월세 전환율,6.87149318217855,%
서울,강동구,2013-02,지역별전월세전환율_아파트,전월세 전환율,6.77118096700086,%
서울,강동구,2013-03,지역별전월세전환율_아파트,전월세 전환율,6.8763079634321,%
서울,강동구,2013-04,지역별전월세전환율_아파트,전월세 전환율,6.83024713581589,%
서울,강동구,2013-05,지역별전월세전환율_아파트,전월세 전환율,6.85714285714286,%
서울,강동구,2013-06,지역별전월세전환율_아파트,전월세 전환율,6.70267445622191,%
서울,강동구,2013-07,지역별전월세전환율_아파트,전월세 전환율,6.70267445622191,%
서울,강동구,2013-08,지역별전월세전환율_아파트,전월세 전환율,6.69154698602708,%
서울,강동구,2013-09,지역별전월세전환율_아파트,전월세 전환율,6.54545454545454,%
서울,강동구,2013-10,지역별전월세전환율_아파트,전월세 전환율,6.49066438795129,%
서울,강동구,2013-11,지역별전월세전환율_아파트,전월세 전환율,6.48887349039794,%
서울,강동구,2013-12,지역별전월세전환율_아파트,전월세 전환율,6.39453091605586,%
서울,강동구,2014-01,지역별전월세전환율_아파트,전월세 전환율,6.39453091605586,%
서울,강동구,2014-02,지역별전월세전환율_아파트,전월세 전환율,6.41711229946524,%
서울,강동구,2014-03,지역별전월세전환율_아파트,전월세 전환율,6.31911773248838,%
서울,강동구,2014-04,지역별전월세전환율_아파트,전월세 전환율,6.08499619212289,%
서울,강동구,2014-05,지역별전월세전환율_아파트,전월세 전환율,6.1600908487748,%
서울,강동구,2014-06,지역별전월세전환율_아파트,전월세 전환율,6.0555143350938,%
서울,강동구,2014-07,지역별전월세전환율_아파트,전월세 전환율,6.09442412009587,%
서울,강동구,2014-08,지역별전월세전환율_아파트,전월세 전환율,6.11675991243007,%
서울,강동구,2014-09,지역별전월세전환율_아파트,전월세 전환율,6.00197875197286,%
서울,강동구,2014-10,지역별전월세전환율_아파트,전월세 전환율,6,%
서울,강동구,2014-11,지역별전월세전환율_아파트,전월세 전환율,5.71428571428571,%
서울,강동구,2014-12,지역별전월세전환율_아파트,전월세 전환율,5.73913043478261,%
서울,강동구,2015-01,지역별전월세전환율_아파트,전월세 전환율,5.64705882352941,%
서울,강동구,2015-02,지역별전월세전환율_아파트,전월세 전환율,5.64705882352941,%
서울,강동구,2015-03,지역별전월세전환율_아파트,전월세 전환율,5.76047444783074,%
서울,강동구,2015-04,지역별전월세전환율_아파트,전월세 전환율,5.72269889986234,%
서울,강동구,2015-05,지역별전월세전환율_아파트,전월세 전환율,5.8,%
서울,강동구,2015-06,지역별전월세전환율_아파트,전월세 전환율,5.76,%
서울,강동구,2015-07,지역별전월세전환율_아파트,전월세 전환율,5.48571428571429,%
서울,강동구,2015-08,지역별전월세전환율_아파트,전월세 전환율,5.3876939091901,%
서울,강동구,2015-09,지역별전월세전환율_아파트,전월세 전환율,5.18918918918919,%
서울,강동구,2015-10,지역별전월세전환율_아파트,전월세 전환율,5.13505006494446,%
서울,강동구,2015-11,지역별전월세전환율_아파트,전월세 전환율,5.03087366772048,%
서울,강동구,2015-12,지역별전월세전환율_아파트,전월세 전환율,4.85031861538666,%
서울,강동구,2016-01,지역별전월세전환율_아파트,전월세 전환율,4.91832587612389,%
서울,강동구,2016-02,지역별전월세전환율_아파트,전월세 전환율,4.87683053430618,%
서울,강동구,2016-03,지역별전월세전환율_아파트,전월세 전환율,4.8,%
서울,강동구,2016-04,지역별전월세전환율_아파트,전월세 전환율,4.8,%
서울,강동구,2016-05,지역별전월세전환율_아파트,전월세 전환율,4.8,%
서울,강동구,2016-06,지역별전월세전환율_아파트,전월세 전환율,4.84023738544692,%
서울,강동구,2016-07,지역별전월세전환율_아파트,전월세 전환율,4.7542356005201,%
서울,강동구,2016-08,지역별전월세전환율_아파트,전월세 전환율,4.72264832500371,%
서울,강동구,2016-09,지역별전월세전환율_아파트,전월세 전환율,4.7,%
서울,강동구,2016-10,지역별전월세전환율_아파트,전월세 전환율,4.61862670757172,%
서울,강동구,2016-11,지역별전월세전환율_아파트,전월세 전환율,4.46511627906977,%
서울,강동구,2016-12,지역별전월세전환율_아파트,전월세 전환율,4.30769230769231,%
서울,강동구,2017-01,지역별전월세전환율_아파트,전월세 전환율,4.3285093217473,%
서울,강동구,2017-02,지역별전월세전환율_아파트,전월세 전환율,4.29862459369912,%
서울,강동구,2017-03,지역별전월세전환율_아파트,전월세 전환율,4.34047393364929,%
서울,강동구,2017-04,지역별전월세전환율_아파트,전월세 전환율,4.36363636363636,%
서울,강동구,2017-05,지역별전월세전환율_아파트,전월세 전환율,4.32,%
서울,강동구,2017-06,지역별전월세전환율_아파트,전월세 전환율,4.28571428571429,%
서울,강동구,2017-07,지역별전월세전환율_아파트,전월세 전환율,4.28571428571429,%
서울,강동구,2017-08,지역별전월세전환율_아파트,전월세 전환율,4.23746876831488,%
서울,강동구,2017-09,지역별전월세전환율_아파트,전월세 전환율,4.2160949909151,%
서울,강동구,2017-10,지역별전월세전환율_아파트,전월세 전환율,4.16890686115409,%
서울,강동구,2017-11,지역별전월세전환율_아파트,전월세 전환율,4.17394646472805,%
서울,강동구,2017-12,지역별전월세전환율_아파트,전월세 전환율,4.15384615384615,%
서울,강동구,2018-01,지역별전월세전환율_아파트,전월세 전환율,4.13333333333333,%
서울,강동구,2018-02,지역별전월세전환율_아파트,전월세 전환율,4.06841568141609,%
서울,강동구,2018-03,지역별전월세전환율_아파트,전월세 전환율,4.08510638297872,%
서울,강동구,2018-04,지역별전월세전환율_아파트,전월세 전환율,4.15384615384616,%
서울,강동구,2018-05,지역별전월세전환율_아파트,전월세 전환율,4.2193659820535,%
서울,강동구,2018-06,지역별전월세전환율_아파트,전월세 전환율,4.11940298507463,%
서울,강동구,2018-07,지역별전월세전환율_아파트,전월세 전환율,4.15384615384615,%
서울,강동구,2018-08,지역별전월세전환율_아파트,전월세 전환율,4.10263738856401,%
서울,강동구,2018-09,지역별전월세전환율_아파트,전월세 전환율,4.15344095756153,%
서울,강동구,2018-10,지역별전월세전환율_아파트,전월세 전환율,4,%
서울,강동구,2018-11,지역별전월세전환율_아파트,전월세 전환율,4,%
서울,강동구,2018-12,지역별전월세전환율_아파트,전월세 전환율,4,%
서울,강동구,2019-01,지역별전월세전환율_아파트,전월세 전환율,4,%
서울,강동구,2019-02,지역별전월세전환율_아파트,전월세 전환율,4.05184021758909,%
서울,강동구,2019-03,지역별전월세전환율_아파트,전월세 전환율,4.11182807311212,%
서울,강동구,2019-04,지역별전월세전환율_아파트,전월세 전환율,4.2056589953258,%
서울,강동구,2019-05,지역별전월세전환율_아파트,전월세 전환율,4.28571428571429,%
서울,강동구,2019-06,지역별전월세전환율_아파트,전월세 전환율,4.40133612165142,%
서울,강동구,2019-07,지역별전월세전환율_아파트,전월세 전환율,4.25121359223301,%
서울,강동구,2019-08,지역별전월세전환율_아파트,전월세 전환율,4.2250925747264,%
서울,강동구,2019-09,지역별전월세전환율_아파트,전월세 전환율,4.23529411764706,%
서울,강동구,2019-10,지역별전월세전환율_아파트,전월세 전환율,4.09090909090909,%
서울,강동구,2019-11,지역별전월세전환율_아파트,전월세 전환율,4,%
서울,강동구,2019-12,지역별전월세전환율_아파트,전월세 전환율,3.87096774193548,%
서울,강동구,2020-01,지역별전월세전환율_아파트,전월세 전환율,3.84,%
서울,강동구,2020-02,지역별전월세전환율_아파트,전월세 전환율,3.75,%
서울,강동구,2020-03,지역별전월세전환율_아파트,전월세 전환율,3.79243597379393,%
서울,강동구,2020-04,지역별전월세전환율_아파트,전월세 전환율,3.7914388684693,%
서울,강동구,2020-05,지역별전월세전환율_아파트,전월세 전환율,3.82978723404255,%
서울,강동구,2020-06,지역별전월세전환율_아파트,전월세 전환율,3.84,%
서울,강동구,2020-07,지역별전월세전환율_아파트,전월세 전환율,3.84,%
서울,강동구,2020-08,지역별전월세전환율_아파트,전월세 전환율,4,%
서울,강동구,2020-09,지역별전월세전환율_아파트,전월세 전환율,4,%
서울,강동구,2020-10,지역별전월세전환율_아파트,전월세 전환율,4,%
서울,강동구,2020-11,지역별전월세전환율_아파트,전월세 전환율,3.7752808988764,%
서울,강동구,2020-12,지역별전월세전환율_아파트,전월세 전환율,3.66666666666667,%
서울,강동구,2021-01,지역별전월세전환율_아파트,전월세 전환율,3.5834540725966,%
서울,강동구,2021-02,지역별전월세전환율_아파트,전월세 전환율,3.59133126934984,%
서울,강동구,2021-03,지역별전월세전환율_아파트,전월세 전환율,3.79487868496859,%
서울,강동구,2021-04,지역별전월세전환율_아파트,전월세 전환율,3.76450873570581,%
서울,강동구,2021-05,지역별전월세전환율_아파트,전월세 전환율,4.18343992480213,%
서울,강동구,2021-06,지역별전월세전환율_아파트,전월세 전환율,4.23394123198206,%
서울,강동구,2021-07,지역별전월세전환율_아파트,전월세 전환율,4.35048949912662,%
서울,강동구,2021-08,지역별전월세전환율_아파트,전월세 전환율,4.684821745169,%
서울,강동구,2021-09,지역별전월세전환율_아파트,전월세 전환율,4.6360641654169,%
서울,강동구,2021-10,지역별전월세전환율_아파트,전월세 전환율,4.74192516849395,%
서울,강동구,2021-11,지역별전월세전환율_아파트,전월세 전환율,4.6015625,%
서울,강동구,2021-12,지역별전월세전환율_아파트,전월세 전환율,4.42119961787018,%
서울,강동구,2022-01,지역별전월세전환율_아파트,전월세 전환율,4.38482755022384,%
서울,강동구,2022-02,지역별전월세전환율_아파트,전월세 전환율,4.07564961242246,%
서울,강동구,2022-03,지역별전월세전환율_아파트,전월세 전환율,4.06172224987556,%
서울,강동구,2022-04,지역별전월세전환율_아파트,전월세 전환율,4.31183329429195,%
서울,강동구,2022-05,지역별전월세전환율_아파트,전월세 전환율,4.08607578026251,%
서울,강동구,2022-06,지역별전월세전환율_아파트,전월세 전환율,4.05285194614085,%
서울,강동구,2022-07,지역별전월세전환율_아파트,전월세 전환율,4.17878307057796,%
서울,강동구,2022-08,지역별전월세전환율_아파트,전월세 전환율,4.23529411764706,%
서울,강동구,2022-09,지역별전월세전환율_아파트,전월세 전환율,4.03803530579766,%
서울,강동구,2022-10,지역별전월세전환율_아파트,전월세 전환율,4.06374501992032,%
서울,강동구,2022-11,지역별전월세전환율_아파트,전월세 전환율,4.28517337417015,%
서울,강동구,2022-12,지역별전월세전환율_아파트,전월세 전환율,4.3593767805244,%
서울,강동구,2023-01,지역별전월세전환율_아파트,전월세 전환율,4.5,%
서울,강동구,2023-02,지역별전월세전환율_아파트,전월세 전환율,4.08,%
서울,강동구,2023-03,지역별전월세전환율_아파트,전월세 전환율,4.44124508130444,%
서울,강동구,2023-04,지역별전월세전환율_아파트,전월세 전환율,4.44444444444444,%
서울,강동구,2023-05,지역별전월세전환율_아파트,전월세 전환율,4.52696206620724,%
서울,강동구,2023-06,지역별전월세전환율_아파트,전월세 전환율,4.45126337384834,%
서울,강동구,2023-07,지역별전월세전환율_아파트,전월세 전환율,4.42478007773996,%
서울,강동구,2023-08,지역별전월세전환율_아파트,전월세 전환율,4.8,%
서울,강동구,2023-09,지역별전월세전환율_아파트,전월세 전환율,4.7884818970993,%
서울,강동구,2023-10,지역별전월세전환율_아파트,전월세 전환율,4.7944217888309,%
서울,강동구,2023-11,지역별전월세전환율_아파트,전월세 전환율,4.76772101250895,%
서울,강동구,2023-12,지역별전월세전환율_아파트,전월세 전환율,4.73239436619718,%
서울,강동구,2024-01,지역별전월세전환율_아파트,전월세 전환율,4.71686595000519,%
서울,강동구,2024-02,지역별전월세전환율_아파트,전월세 전환율,4.72955168892538,%
서울,강동구,2024-03,지역별전월세전환율_아파트,전월세 전환율,4.68372385075515,%
서울,강동구,2024-04,지역별전월세전환율_아파트,전월세 전환율,4.73684210526316,%
서울,강동구,2024-05,지역별전월세전환율_아파트,전월세 전환율,4.60297508789875,%
서울,강동구,2024-06,지역별전월세전환율_아파트,전월세 전환율,4.6054918484047,%
서울,강동구,2024-07,지역별전월세전환율_아파트,전월세 전환율,4.74276642683693,%
서울,강동구,2024-08,지역별전월세전환율_아파트,전월세 전환율,4.66090589313338,%
서울,강동구,2024-09,지역별전월세전환율_아파트,전월세 전환율,4.6218796886618,%
서울,강동구,2024-10,지역별전월세전환율_아파트,전월세 전환율,4.5883760506675,%
서울,강동구,2024-11,지역별전월세전환율_아파트,전월세 전환율,4.7249408549219,%
서울,강동구,2024-12,지역별전월세전환율_아파트,전월세 전환율,4.8,%
서울,강동구,2025-01,지역별전월세전환율_아파트,전월세 전환율,4.8,%
서울,강동구,2025-02,지역별전월세전환율_아파트,전월세 전환율,4.5818181818182,%
서울,강동구,2025-03,지역별전월세전환율_아파트,전월세 전환율,4.6015125559366,%
서울,강동구,2025-04,지역별전월세전환율_아파트,전월세 전환율,4.6215488050509,%
서울,강동구,2025-05,지역별전월세전환율_아파트,전월세 전환율,4.6803222918532,%
서울,강동구,2025-06,지역별전월세전환율_아파트,전월세 전환율,4.6014440999882,%
서울,강동구,2025-07,지역별전월세전환율_아파트,전월세 전환율,4.6153846153846,%
서울,강동구,2025-08,지역별전월세전환율_아파트,전월세 전환율,4.7928265010956,%
서울,강동구,2025-09,지역별전월세전환율_아파트,전월세 전환율,4.6834708495784,%
서울,강동구,2025-10,지역별전월세전환율_아파트,전월세 전환율,4.6511627906977,%
서울,강동구,2025-11,지역별전월세전환율_아파트,전월세 전환율,4.7055189955917,%
서울,강동구,2025-12,지역별전월세전환율_아파트,전월세 전환율,4.6922587850433,%
서울,강동구,2026-01,지역별전월세전환율_아파트,전월세 전환율,4.6922587850433,%
서울,강동구,2026-02,지역별전월세전환율_아파트,전월세 전환율,4.6766719024088,%
서울,강동구,2026-03,지역별전월세전환율_아파트,전월세 전환율,4.7116564417178,%
서울,강동구,2026-04,지역별전월세전환율_아파트,전월세 전환율,4.7551225346226,%
서울,강동구,2026-05,지역별전월세전환율_아파트,전월세 전환율,4.67067495423,%
서울,강동구,2026-06,지역별전월세전환율_아파트,전월세 전환율,4.5761543313196,%
서울,강동구,2026-07,지역별전월세전환율_아파트,전월세 전환율,4.7125647079209,%
서울,강북구,2011-01,지역별전월세전환율_아파트,전월세 전환율,7.51471232851339,%
서울,강북구,2011-02,지역별전월세전환율_아파트,전월세 전환율,7.51471232851339,%
서울,강북구,2011-03,지역별전월세전환율_아파트,전월세 전환율,7.51471232851339,%
서울,강북구,2011-04,지역별전월세전환율_아파트,전월세 전환율,7.51471232851339,%
서울,강북구,2011-05,지역별전월세전환율_아파트,전월세 전환율,7.51471232851339,%
서울,강북구,2011-06,지역별전월세전환율_아파트,전월세 전환율,7.51471232851339,%
서울,강북구,2011-07,지역별전월세전환율_아파트,전월세 전환율,7.50525496732701,%
서울,강북구,2011-08,지역별전월세전환율_아파트,전월세 전환율,7.57894736842105,%
서울,강북구,2011-09,지역별전월세전환율_아파트,전월세 전환율,7.66854530380782,%
서울,강북구,2011-10,지역별전월세전환율_아파트,전월세 전환율,7.69457333064353,%
서울,강북구,2011-11,지역별전월세전환율_아파트,전월세 전환율,7.5,%
서울,강북구,2011-12,지역별전월세전환율_아파트,전월세 전환율,7.33333333333333,%
서울,강북구,2012-01,지역별전월세전환율_아파트,전월세 전환율,7.38461538461538,%
서울,강북구,2012-02,지역별전월세전환율_아파트,전월세 전환율,7.44837449344891,%
서울,강북구,2012-03,지역별전월세전환율_아파트,전월세 전환율,7.38461538461539,%
서울,강북구,2012-04,지역별전월세전환율_아파트,전월세 전환율,7.32576627917411,%
서울,강북구,2012-05,지역별전월세전환율_아파트,전월세 전환율,7.2,%
서울,강북구,2012-06,지역별전월세전환율_아파트,전월세 전환율,7.2,%
서울,강북구,2012-07,지역별전월세전환율_아파트,전월세 전환율,7.05372341076917,%
서울,강북구,2012-08,지역별전월세전환율_아파트,전월세 전환율,6.91327204205574,%
서울,강북구,2012-09,지역별전월세전환율_아파트,전월세 전환율,6.84,%
서울,강북구,2012-10,지역별전월세전환율_아파트,전월세 전환율,6.85714285714286,%
서울,강북구,2012-11,지역별전월세전환율_아파트,전월세 전환율,7.09090909090909,%
서울,강북구,2012-12,지역별전월세전환율_아파트,전월세 전환율,7.2,%
서울,강북구,2013-01,지역별전월세전환율_아파트,전월세 전환율,7.2,%
서울,강북구,2013-02,지역별전월세전환율_아파트,전월세 전환율,7.05882352941177,%
서울,강북구,2013-03,지역별전월세전환율_아파트,전월세 전환율,7.24528301886792,%
서울,강북구,2013-04,지역별전월세전환율_아파트,전월세 전환율,7,%
서울,강북구,2013-05,지역별전월세전환율_아파트,전월세 전환율,6.85714285714286,%
서울,강북구,2013-06,지역별전월세전환율_아파트,전월세 전환율,6.82862351868733,%
서울,강북구,2013-07,지역별전월세전환율_아파트,전월세 전환율,6.72156437635935,%
서울,강북구,2013-08,지역별전월세전환율_아파트,전월세 전환율,6.70494228133894,%
서울,강북구,2013-09,지역별전월세전환율_아파트,전월세 전환율,6.54545454545454,%
서울,강북구,2013-10,지역별전월세전환율_아파트,전월세 전환율,6.49414824447334,%
서울,강북구,2013-11,지역별전월세전환율_아파트,전월세 전환율,6.46153846153846,%
서울,강북구,2013-12,지역별전월세전환율_아파트,전월세 전환율,6.20022246941046,%
서울,강북구,2014-01,지역별전월세전환율_아파트,전월세 전환율,6,%
서울,강북구,2014-02,지역별전월세전환율_아파트,전월세 전환율,5.76,%
서울,강북구,2014-03,지역별전월세전환율_아파트,전월세 전환율,5.72898856207402,%
서울,강북구,2014-04,지역별전월세전환율_아파트,전월세 전환율,5.69491525423729,%
서울,강북구,2014-05,지역별전월세전환율_아파트,전월세 전환율,5.6,%
서울,강북구,2014-06,지역별전월세전환율_아파트,전월세 전환율,5.55003270111184,%
서울,강북구,2014-07,지역별전월세전환율_아파트,전월세 전환율,5.475,%
서울,강북구,2014-08,지역별전월세전환율_아파트,전월세 전환율,5.45454545454545,%
서울,강북구,2014-09,지역별전월세전환율_아파트,전월세 전환율,5.28072084625995,%
서울,강북구,2014-10,지역별전월세전환율_아파트,전월세 전환율,5.33333333333333,%
서울,강북구,2014-11,지역별전월세전환율_아파트,전월세 전환율,5.43694119768198,%
서울,강북구,2014-12,지역별전월세전환율_아파트,전월세 전환율,5.48170514532217,%
서울,강북구,2015-01,지역별전월세전환율_아파트,전월세 전환율,5.66867788322554,%
서울,강북구,2015-02,지역별전월세전환율_아파트,전월세 전환율,5.70007795720807,%
서울,강북구,2015-03,지역별전월세전환율_아파트,전월세 전환율,5.5,%
서울,강북구,2015-04,지역별전월세전환율_아파트,전월세 전환율,5.33333333333333,%
서울,강북구,2015-05,지역별전월세전환율_아파트,전월세 전환율,5.2,%
서울,강북구,2015-06,지역별전월세전환율_아파트,전월세 전환율,5.03955583575685,%
서울,강북구,2015-07,지역별전월세전환율_아파트,전월세 전환율,4.89795918367347,%
서울,강북구,2015-08,지역별전월세전환율_아파트,전월세 전환율,4.8023619257568,%
서울,강북구,2015-09,지역별전월세전환율_아파트,전월세 전환율,4.8,%
서울,강북구,2015-10,지역별전월세전환율_아파트,전월세 전환율,4.6571133488252,%
서울,강북구,2015-11,지역별전월세전환율_아파트,전월세 전환율,4.64756003098373,%
서울,강북구,2015-12,지역별전월세전환율_아파트,전월세 전환율,4.5,%
서울,강북구,2016-01,지역별전월세전환율_아파트,전월세 전환율,4.37210094397459,%
서울,강북구,2016-02,지역별전월세전환율_아파트,전월세 전환율,4.64455417889761,%
서울,강북구,2016-03,지역별전월세전환율_아파트,전월세 전환율,4.36363636363636,%
서울,강북구,2016-04,지역별전월세전환율_아파트,전월세 전환율,4.34042553191489,%
서울,강북구,2016-05,지역별전월세전환율_아파트,전월세 전환율,4.31023636877295,%
서울,강북구,2016-06,지역별전월세전환율_아파트,전월세 전환율,4.28571428571429,%
서울,강북구,2016-07,지역별전월세전환율_아파트,전월세 전환율,4.23529411764706,%
서울,강북구,2016-08,지역별전월세전환율_아파트,전월세 전환율,4.13582968879893,%
서울,강북구,2016-09,지역별전월세전환율_아파트,전월세 전환율,4.06779661016949,%
서울,강북구,2016-10,지역별전월세전환율_아파트,전월세 전환율,4,%
서울,강북구,2016-11,지역별전월세전환율_아파트,전월세 전환율,4,%
서울,강북구,2016-12,지역별전월세전환율_아파트,전월세 전환율,3.99121993744889,%
서울,강북구,2017-01,지역별전월세전환율_아파트,전월세 전환율,4,%
서울,강북구,2017-02,지역별전월세전환율_아파트,전월세 전환율,4.09266099996434,%
서울,강북구,2017-03,지역별전월세전환율_아파트,전월세 전환율,4.13793103448276,%
서울,강북구,2017-04,지역별전월세전환율_아파트,전월세 전환율,4.2332361516035,%
서울,강북구,2017-05,지역별전월세전환율_아파트,전월세 전환율,4.23529411764706,%
서울,강북구,2017-06,지역별전월세전환율_아파트,전월세 전환율,4.2,%
서울,강북구,2017-07,지역별전월세전환율_아파트,전월세 전환율,4.09090909090909,%
서울,강북구,2017-08,지역별전월세전환율_아파트,전월세 전환율,4.11402289399149,%
서울,강북구,2017-09,지역별전월세전환율_아파트,전월세 전환율,4.10924886264897,%
서울,강북구,2017-10,지역별전월세전환율_아파트,전월세 전환율,4.07486631016043,%
서울,강북구,2017-11,지역별전월세전환율_아파트,전월세 전환율,4.03898383371824,%
서울,강북구,2017-12,지역별전월세전환율_아파트,전월세 전환율,4,%
서울,강북구,2018-01,지역별전월세전환율_아파트,전월세 전환율,4,%
서울,강북구,2018-02,지역별전월세전환율_아파트,전월세 전환율,4,%
서울,강북구,2018-03,지역별전월세전환율_아파트,전월세 전환율,4.03590793037166,%
서울,강북구,2018-04,지역별전월세전환율_아파트,전월세 전환율,4,%
서울,강북구,2018-05,지역별전월세전환율_아파트,전월세 전환율,4.09954814843719,%
서울,강북구,2018-06,지역별전월세전환율_아파트,전월세 전환율,4.13658393661568,%
서울,강북구,2018-07,지역별전월세전환율_아파트,전월세 전환율,4.10526315789474,%
서울,강북구,2018-08,지역별전월세전환율_아파트,전월세 전환율,4.12294638795146,%
서울,강북구,2018-09,지역별전월세전환율_아파트,전월세 전환율,4.00259587020649,%
서울,강북구,2018-10,지역별전월세전환율_아파트,전월세 전환율,4.23529411764706,%
서울,강북구,2018-11,지역별전월세전환율_아파트,전월세 전환율,4.07001291774578,%
서울,강북구,2018-12,지역별전월세전환율_아파트,전월세 전환율,4.05633802816901,%
서울,강북구,2019-01,지역별전월세전환율_아파트,전월세 전환율,4.1,%
서울,강북구,2019-02,지역별전월세전환율_아파트,전월세 전환율,4.1350548183863,%
서울,강북구,2019-03,지역별전월세전환율_아파트,전월세 전환율,4.12961183367296,%
서울,강북구,2019-04,지역별전월세전환율_아파트,전월세 전환율,4.20297805066363,%
서울,강북구,2019-05,지역별전월세전환율_아파트,전월세 전환율,4.29718693196637,%
서울,강북구,2019-06,지역별전월세전환율_아파트,전월세 전환율,4.32790335438769,%
서울,강북구,2019-07,지역별전월세전환율_아파트,전월세 전환율,4.28901098901099,%
서울,강북구,2019-08,지역별전월세전환율_아파트,전월세 전환율,4.28571428571429,%
서울,강북구,2019-09,지역별전월세전환율_아파트,전월세 전환율,4.2967032967033,%
서울,강북구,2019-10,지역별전월세전환율_아파트,전월세 전환율,4.11256043686493,%
서울,강북구,2019-11,지역별전월세전환율_아파트,전월세 전환율,4.06779661016949,%
서울,강북구,2019-12,지역별전월세전환율_아파트,전월세 전환율,4.125,%
서울,강북구,2020-01,지역별전월세전환율_아파트,전월세 전환율,4.01706852119886,%
서울,강북구,2020-02,지역별전월세전환율_아파트,전월세 전환율,4,%
서울,강북구,2020-03,지역별전월세전환율_아파트,전월세 전환율,4,%
서울,강북구,2020-04,지역별전월세전환율_아파트,전월세 전환율,4,%
서울,강북구,2020-05,지역별전월세전환율_아파트,전월세 전환율,4,%
서울,강북구,2020-06,지역별전월세전환율_아파트,전월세 전환율,4,%
서울,강북구,2020-07,지역별전월세전환율_아파트,전월세 전환율,4,%
서울,강북구,2020-08,지역별전월세전환율_아파트,전월세 전환율,4,%
서울,강북구,2020-09,지역별전월세전환율_아파트,전월세 전환율,3.96947368421053,%
서울,강북구,2020-10,지역별전월세전환율_아파트,전월세 전환율,3.89487426663755,%
서울,강북구,2020-11,지역별전월세전환율_아파트,전월세 전환율,3.90384068278805,%
서울,강북구,2020-12,지역별전월세전환율_아파트,전월세 전환율,3.89189189189189,%
서울,강북구,2021-01,지역별전월세전환율_아파트,전월세 전환율,3.86667172629438,%
서울,강북구,2021-02,지역별전월세전환율_아파트,전월세 전환율,3.72751842751843,%
서울,강북구,2021-03,지역별전월세전환율_아파트,전월세 전환율,3.92470588235294,%
서울,강북구,2021-04,지역별전월세전환율_아파트,전월세 전환율,3.99165924413351,%
서울,강북구,2021-05,지역별전월세전환율_아파트,전월세 전환율,4.09756097560976,%
서울,강북구,2021-06,지역별전월세전환율_아파트,전월세 전환율,4,%
서울,강북구,2021-07,지역별전월세전환율_아파트,전월세 전환율,4.20135942327497,%
서울,강북구,2021-08,지역별전월세전환율_아파트,전월세 전환율,4.38315218861512,%
서울,강북구,2021-09,지역별전월세전환율_아파트,전월세 전환율,4.50616959042341,%
서울,강북구,2021-10,지역별전월세전환율_아파트,전월세 전환율,4.61538461538462,%
서울,강북구,2021-11,지역별전월세전환율_아파트,전월세 전환율,4.73766956371714,%
서울,강북구,2021-12,지역별전월세전환율_아파트,전월세 전환율,4.19841442885318,%
서울,강북구,2022-01,지역별전월세전환율_아파트,전월세 전환율,4.24102674450082,%
서울,강북구,2022-02,지역별전월세전환율_아파트,전월세 전환율,4.19531055125967,%
서울,강북구,2022-03,지역별전월세전환율_아파트,전월세 전환율,4.05882352941176,%
서울,강북구,2022-04,지역별전월세전환율_아파트,전월세 전환율,4.2918028695771,%
서울,강북구,2022-05,지역별전월세전환율_아파트,전월세 전환율,4.23280423280423,%
서울,강북구,2022-06,지역별전월세전환율_아파트,전월세 전환율,4.45177593672162,%
서울,강북구,2022-07,지역별전월세전환율_아파트,전월세 전환율,4.97175141242938,%
서울,강북구,2022-08,지역별전월세전환율_아파트,전월세 전환율,4.99672131147541,%
서울,강북구,2022-09,지역별전월세전환율_아파트,전월세 전환율,5.05643340857788,%
서울,강북구,2022-10,지역별전월세전환율_아파트,전월세 전환율,5.01154039136979,%
서울,강북구,2022-11,지역별전월세전환율_아파트,전월세 전환율,5.0204252455707,%
서울,강북구,2022-12,지역별전월세전환율_아파트,전월세 전환율,5.01330861507136,%
서울,강북구,2023-01,지역별전월세전환율_아파트,전월세 전환율,4.99642754698545,%
서울,강북구,2023-02,지역별전월세전환율_아파트,전월세 전환율,5.14285714285714,%
서울,강북구,2023-03,지역별전월세전환율_아파트,전월세 전환율,5.32429317259608,%
서울,강북구,2023-04,지역별전월세전환율_아파트,전월세 전환율,5.43310123608903,%
서울,강북구,2023-05,지역별전월세전환율_아파트,전월세 전환율,5.33333333333333,%
서울,강북구,2023-06,지역별전월세전환율_아파트,전월세 전환율,5.48571428571429,%
서울,강북구,2023-07,지역별전월세전환율_아파트,전월세 전환율,5.21739130434783,%
서울,강북구,2023-08,지역별전월세전환율_아파트,전월세 전환율,5.14285714285714,%
서울,강북구,2023-09,지역별전월세전환율_아파트,전월세 전환율,5.03118813730251,%
서울,강북구,2023-10,지역별전월세전환율_아파트,전월세 전환율,4.92307692307692,%
서울,강북구,2023-11,지역별전월세전환율_아파트,전월세 전환율,5.04930895584955,%
서울,강북구,2023-12,지역별전월세전환율_아파트,전월세 전환율,4.82267167687171,%
서울,강북구,2024-01,지역별전월세전환율_아파트,전월세 전환율,4.86486486486486,%
서울,강북구,2024-02,지역별전월세전환율_아파트,전월세 전환율,4.92403490737298,%
서울,강북구,2024-03,지역별전월세전환율_아파트,전월세 전환율,5.05263157894737,%
서울,강북구,2024-04,지역별전월세전환율_아파트,전월세 전환율,5.0437983069562,%
서울,강북구,2024-05,지역별전월세전환율_아파트,전월세 전환율,5.06971153846154,%
서울,강북구,2024-06,지역별전월세전환율_아파트,전월세 전환율,5.1411273757270415,%
서울,강북구,2024-07,지역별전월세전환율_아파트,전월세 전환율,5.09237288135593,%
서울,강북구,2024-08,지역별전월세전환율_아파트,전월세 전환율,5.00825738814132,%
서울,강북구,2024-09,지역별전월세전환율_아파트,전월세 전환율,4.8648648648649,%
서울,강북구,2024-10,지역별전월세전환율_아파트,전월세 전환율,4.9180327868853,%
서울,강북구,2024-11,지역별전월세전환율_아파트,전월세 전환율,4.9740446067562,%
서울,강북구,2024-12,지역별전월세전환율_아파트,전월세 전환율,5.0997401236624,%
서울,강북구,2025-01,지역별전월세전환율_아파트,전월세 전환율,5.058029287275,%
서울,강북구,2025-02,지역별전월세전환율_아파트,전월세 전환율,5.1314031180401,%
서울,강북구,2025-03,지역별전월세전환율_아파트,전월세 전환율,5.0828123715537,%
서울,강북구,2025-04,지역별전월세전환율_아파트,전월세 전환율,5.0909090909091,%
서울,강북구,2025-05,지역별전월세전환율_아파트,전월세 전환율,5.0766768438352,%
서울,강북구,2025-06,지역별전월세전환율_아파트,전월세 전환율,5.1129219042944,%
서울,강북구,2025-07,지역별전월세전환율_아파트,전월세 전환율,5.106031857784,%
서울,강북구,2025-08,지역별전월세전환율_아파트,전월세 전환율,5.1428571428571,%
서울,강북구,2025-09,지역별전월세전환율_아파트,전월세 전환율,5.4104828214322,%
서울,강북구,2025-10,지역별전월세전환율_아파트,전월세 전환율,5.1764705882353,%
서울,강북구,2025-11,지역별전월세전환율_아파트,전월세 전환율,5.0041650889815,%
서울,강북구,2025-12,지역별전월세전환율_아파트,전월세 전환율,4.954128440367,%
서울,강북구,2026-01,지역별전월세전환율_아파트,전월세 전환율,4.8538769166006,%
서울,강북구,2026-02,지역별전월세전환율_아파트,전월세 전환율,4.8,%
서울,강북구,2026-03,지역별전월세전환율_아파트,전월세 전환율,4.7225806451613,%
서울,강북구,2026-04,지역별전월세전환율_아파트,전월세 전환율,4.7636981977176,%
서울,강북구,2026-05,지역별전월세전환율_아파트,전월세 전환율,4.8065519461804,%
서울,강북구,2026-06,지역별전월세전환율_아파트,전월세 전환율,4.9133858267717,%
서울,강북구,2026-07,지역별전월세전환율_아파트,전월세 전환율,4.9637788991159,%
서울,강서구,2011-01,지역별전월세전환율_아파트,전월세 전환율,7.56725146198831,%
서울,강서구,2011-02,지역별전월세전환율_아파트,전월세 전환율,7.56725146198831,%
서울,강서구,2011-03,지역별전월세전환율_아파트,전월세 전환율,7.56725146198831,%
서울,강서구,2011-04,지역별전월세전환율_아파트,전월세 전환율,7.56725146198831,%
서울,강서구,2011-05,지역별전월세전환율_아파트,전월세 전환율,7.56725146198831,%
서울,강서구,2011-06,지역별전월세전환율_아파트,전월세 전환율,7.56725146198831,%
서울,강서구,2011-07,지역별전월세전환율_아파트,전월세 전환율,7.5,%
서울,강서구,2011-08,지역별전월세전환율_아파트,전월세 전환율,7.42981915917493,%
서울,강서구,2011-09,지역별전월세전환율_아파트,전월세 전환율,7.38461538461538,%
서울,강서구,2011-10,지역별전월세전환율_아파트,전월세 전환율,7.330171624023,%
서울,강서구,2011-11,지역별전월세전환율_아파트,전월세 전환율,7.24176926195404,%
서울,강서구,2011-12,지역별전월세전환율_아파트,전월세 전환율,7.2,%
서울,강서구,2012-01,지역별전월세전환율_아파트,전월세 전환율,7.25096278644227,%
서울,강서구,2012-02,지역별전월세전환율_아파트,전월세 전환율,7.22766570605187,%
서울,강서구,2012-03,지역별전월세전환율_아파트,전월세 전환율,7.2055962691539,%
서울,강서구,2012-04,지역별전월세전환율_아파트,전월세 전환율,7.2,%
서울,강서구,2012-05,지역별전월세전환율_아파트,전월세 전환율,7.1942520508299,%
서울,강서구,2012-06,지역별전월세전환율_아파트,전월세 전환율,7.1546060128732,%
서울,강서구,2012-07,지역별전월세전환율_아파트,전월세 전환율,7.03376623376623,%
서울,강서구,2012-08,지역별전월세전환율_아파트,전월세 전환율,6.96774193548387,%
서울,강서구,2012-09,지역별전월세전환율_아파트,전월세 전환율,6.98258415364494,%
서울,강서구,2012-10,지역별전월세전환율_아파트,전월세 전환율,6.97994490649318,%
서울,강서구,2012-11,지역별전월세전환율_아파트,전월세 전환율,6.78708281632253,%
서울,강서구,2012-12,지역별전월세전환율_아파트,전월세 전환율,6.77464835435836,%
서울,강서구,2013-01,지역별전월세전환율_아파트,전월세 전환율,6.8,%
서울,강서구,2013-02,지역별전월세전환율_아파트,전월세 전환율,6.73500970824686,%
서울,강서구,2013-03,지역별전월세전환율_아파트,전월세 전환율,6.71582394696477,%
서울,강서구,2013-04,지역별전월세전환율_아파트,전월세 전환율,6.70996688305617,%
서울,강서구,2013-05,지역별전월세전환율_아파트,전월세 전환율,6.8,%
서울,강서구,2013-06,지역별전월세전환율_아파트,전월세 전환율,6.66666666666667,%
서울,강서구,2013-07,지역별전월세전환율_아파트,전월세 전환율,6.57021502521901,%
서울,강서구,2013-08,지역별전월세전환율_아파트,전월세 전환율,6.46153846153846,%
서울,강서구,2013-09,지역별전월세전환율_아파트,전월세 전환율,6.5,%
서울,강서구,2013-10,지역별전월세전환율_아파트,전월세 전환율,6.3875,%
서울,강서구,2013-11,지역별전월세전환율_아파트,전월세 전환율,6.4,%
서울,강서구,2013-12,지역별전월세전환율_아파트,전월세 전환율,6.33346661335466,%
서울,강서구,2014-01,지역별전월세전환율_아파트,전월세 전환율,6.25410226731123,%
서울,강서구,2014-02,지역별전월세전환율_아파트,전월세 전환율,6,%
서울,강서구,2014-03,지역별전월세전환율_아파트,전월세 전환율,6,%
서울,강서구,2014-04,지역별전월세전환율_아파트,전월세 전환율,6,%
서울,강서구,2014-05,지역별전월세전환율_아파트,전월세 전환율,6,%
서울,강서구,2014-06,지역별전월세전환율_아파트,전월세 전환율,5.84505677517033,%
서울,강서구,2014-07,지역별전월세전환율_아파트,전월세 전환율,5.80645161290323,%
서울,강서구,2014-08,지역별전월세전환율_아파트,전월세 전환율,5.8129900372538,%
서울,강서구,2014-09,지역별전월세전환율_아파트,전월세 전환율,5.75385555444007,%
서울,강서구,2014-10,지역별전월세전환율_아파트,전월세 전환율,5.77777777777778,%
서울,강서구,2014-11,지역별전월세전환율_아파트,전월세 전환율,5.72727272727273,%
서울,강서구,2014-12,지역별전월세전환율_아파트,전월세 전환율,5.89978872857693,%
서울,강서구,2015-01,지역별전월세전환율_아파트,전월세 전환율,5.77586536622681,%
서울,강서구,2015-02,지역별전월세전환율_아파트,전월세 전환율,5.77562725259791,%
서울,강서구,2015-03,지역별전월세전환율_아파트,전월세 전환율,5.65015786408362,%
서울,강서구,2015-04,지역별전월세전환율_아파트,전월세 전환율,5.48571428571429,%
서울,강서구,2015-05,지역별전월세전환율_아파트,전월세 전환율,5.44806137320081,%
서울,강서구,2015-06,지역별전월세전환율_아파트,전월세 전환율,5.14285714285714,%
서울,강서구,2015-07,지역별전월세전환율_아파트,전월세 전환율,5.10089820359281,%
서울,강서구,2015-08,지역별전월세전환율_아파트,전월세 전환율,4.96551724137931,%
서울,강서구,2015-09,지역별전월세전환율_아파트,전월세 전환율,4.86553323029366,%
서울,강서구,2015-10,지역별전월세전환율_아파트,전월세 전환율,4.61538461538461,%
서울,강서구,2015-11,지역별전월세전환율_아파트,전월세 전환율,4.5,%
서울,강서구,2015-12,지역별전월세전환율_아파트,전월세 전환율,4.47272468972593,%
서울,강서구,2016-01,지역별전월세전환율_아파트,전월세 전환율,4.45871166676943,%
서울,강서구,2016-02,지역별전월세전환율_아파트,전월세 전환율,4.47616404736224,%
서울,강서구,2016-03,지역별전월세전환율_아파트,전월세 전환율,4.44444444444444,%
서울,강서구,2016-04,지역별전월세전환율_아파트,전월세 전환율,4.43076923076923,%
서울,강서구,2016-05,지역별전월세전환율_아파트,전월세 전환율,4.44444444444444,%
서울,강서구,2016-06,지역별전월세전환율_아파트,전월세 전환율,4.4,%
서울,강서구,2016-07,지역별전월세전환율_아파트,전월세 전환율,4.33473389355742,%
서울,강서구,2016-08,지역별전월세전환율_아파트,전월세 전환율,4.28571428571429,%
서울,강서구,2016-09,지역별전월세전환율_아파트,전월세 전환율,4.23529411764706,%
서울,강서구,2016-10,지역별전월세전환율_아파트,전월세 전환율,4.21151479300157,%
서울,강서구,2016-11,지역별전월세전환율_아파트,전월세 전환율,4.22390508838837,%
서울,강서구,2016-12,지역별전월세전환율_아파트,전월세 전환율,4.17391304347826,%
서울,강서구,2017-01,지역별전월세전환율_아파트,전월세 전환율,4.22435858183822,%
서울,강서구,2017-02,지역별전월세전환율_아파트,전월세 전환율,4.17391304347826,%
서울,강서구,2017-03,지역별전월세전환율_아파트,전월세 전환율,4.17391304347826,%
서울,강서구,2017-04,지역별전월세전환율_아파트,전월세 전환율,4.16842105263158,%
서울,강서구,2017-05,지역별전월세전환율_아파트,전월세 전환율,4.17391304347826,%
서울,강서구,2017-06,지역별전월세전환율_아파트,전월세 전환율,4.18308217736845,%
서울,강서구,2017-07,지역별전월세전환율_아파트,전월세 전환율,4.13793103448276,%
서울,강서구,2017-08,지역별전월세전환율_아파트,전월세 전환율,4.15384615384615,%
서울,강서구,2017-09,지역별전월세전환율_아파트,전월세 전환율,4.16326530612245,%
서울,강서구,2017-10,지역별전월세전환율_아파트,전월세 전환율,4.04430844553244,%
서울,강서구,2017-11,지역별전월세전환율_아파트,전월세 전환율,4.03494862362045,%
서울,강서구,2017-12,지역별전월세전환율_아파트,전월세 전환율,4.09090909090909,%
서울,강서구,2018-01,지역별전월세전환율_아파트,전월세 전환율,4.12276490066225,%
서울,강서구,2018-02,지역별전월세전환율_아파트,전월세 전환율,4.09339910148037,%
서울,강서구,2018-03,지역별전월세전환율_아파트,전월세 전환율,4.0065481758653,%
서울,강서구,2018-04,지역별전월세전환율_아파트,전월세 전환율,4.02621041135784,%
서울,강서구,2018-05,지역별전월세전환율_아파트,전월세 전환율,4.02232989685052,%
서울,강서구,2018-06,지역별전월세전환율_아파트,전월세 전환율,4,%
서울,강서구,2018-07,지역별전월세전환율_아파트,전월세 전환율,4,%
서울,강서구,2018-08,지역별전월세전환율_아파트,전월세 전환율,4,%
서울,강서구,2018-09,지역별전월세전환율_아파트,전월세 전환율,4,%
서울,강서구,2018-10,지역별전월세전환율_아파트,전월세 전환율,4,%
서울,강서구,2018-11,지역별전월세전환율_아파트,전월세 전환율,4,%
서울,강서구,2018-12,지역별전월세전환율_아파트,전월세 전환율,4.01306240928882,%
서울,강서구,2019-01,지역별전월세전환율_아파트,전월세 전환율,4.03557711579128,%
서울,강서구,2019-02,지역별전월세전환율_아파트,전월세 전환율,4.04954729968232,%
서울,강서구,2019-03,지역별전월세전환율_아파트,전월세 전환율,4.13793103448276,%
서울,강서구,2019-04,지역별전월세전환율_아파트,전월세 전환율,4.16,%
서울,강서구,2019-05,지역별전월세전환율_아파트,전월세 전환율,4.15384615384615,%
서울,강서구,2019-06,지역별전월세전환율_아파트,전월세 전환율,4.17391304347826,%
서울,강서구,2019-07,지역별전월세전환율_아파트,전월세 전환율,4.21052631578947,%
서울,강서구,2019-08,지역별전월세전환율_아파트,전월세 전환율,4.16788137723046,%
서울,강서구,2019-09,지역별전월세전환율_아파트,전월세 전환율,4.15384615384615,%
서울,강서구,2019-10,지역별전월세전환율_아파트,전월세 전환율,4.06779661016949,%
서울,강서구,2019-11,지역별전월세전환율_아파트,전월세 전환율,4.12269938650307,%
서울,강서구,2019-12,지역별전월세전환율_아파트,전월세 전환율,4.21621621621622,%
서울,강서구,2020-01,지역별전월세전환율_아파트,전월세 전환율,4.0768494285013,%
서울,강서구,2020-02,지역별전월세전환율_아파트,전월세 전환율,4,%
서울,강서구,2020-03,지역별전월세전환율_아파트,전월세 전환율,4,%
서울,강서구,2020-04,지역별전월세전환율_아파트,전월세 전환율,4,%
서울,강서구,2020-05,지역별전월세전환율_아파트,전월세 전환율,3.94113901482349,%
서울,강서구,2020-06,지역별전월세전환율_아파트,전월세 전환율,3.8635492525872,%
서울,강서구,2020-07,지역별전월세전환율_아파트,전월세 전환율,3.87617765814266,%
서울,강서구,2020-08,지역별전월세전환율_아파트,전월세 전환율,4,%
서울,강서구,2020-09,지역별전월세전환율_아파트,전월세 전환율,4,%
서울,강서구,2020-10,지역별전월세전환율_아파트,전월세 전환율,4,%
서울,강서구,2020-11,지역별전월세전환율_아파트,전월세 전환율,4,%
서울,강서구,2020-12,지역별전월세전환율_아파트,전월세 전환율,4.03101781309948,%
서울,강서구,2021-01,지역별전월세전환율_아파트,전월세 전환율,4.15384615384615,%
서울,강서구,2021-02,지역별전월세전환율_아파트,전월세 전환율,4.21066491112574,%
서울,강서구,2021-03,지역별전월세전환율_아파트,전월세 전환율,4.22027857886533,%
서울,강서구,2021-04,지역별전월세전환율_아파트,전월세 전환율,3.83974666749875,%
서울,강서구,2021-05,지역별전월세전환율_아파트,전월세 전환율,3.15789473684211,%
서울,강서구,2021-06,지역별전월세전환율_아파트,전월세 전환율,2.94339622641509,%
서울,강서구,2021-07,지역별전월세전환율_아파트,전월세 전환율,2.86567164179104,%
서울,강서구,2021-08,지역별전월세전환율_아파트,전월세 전환율,2.61707569996543,%
서울,강서구,2021-09,지역별전월세전환율_아파트,전월세 전환율,2.4,%
서울,강서구,2021-10,지역별전월세전환율_아파트,전월세 전환율,3.31746920492721,%
서울,강서구,2021-11,지역별전월세전환율_아파트,전월세 전환율,3.61083230347644,%
서울,강서구,2021-12,지역별전월세전환율_아파트,전월세 전환율,3.81818181818182,%
서울,강서구,2022-01,지역별전월세전환율_아파트,전월세 전환율,3.8740666774379,%
서울,강서구,2022-02,지역별전월세전환율_아파트,전월세 전환율,3.99049881235154,%
서울,강서구,2022-03,지역별전월세전환율_아파트,전월세 전환율,3.94736842105263,%
서울,강서구,2022-04,지역별전월세전환율_아파트,전월세 전환율,4.01337792642141,%
서울,강서구,2022-05,지역별전월세전환율_아파트,전월세 전환율,4.0681570174297,%
서울,강서구,2022-06,지역별전월세전환율_아파트,전월세 전환율,4.09090909090909,%
서울,강서구,2022-07,지역별전월세전환율_아파트,전월세 전환율,3.92399469730446,%
서울,강서구,2022-08,지역별전월세전환율_아파트,전월세 전환율,4.07583378895571,%
서울,강서구,2022-09,지역별전월세전환율_아파트,전월세 전환율,4.11524125997274,%
서울,강서구,2022-10,지역별전월세전환율_아파트,전월세 전환율,4.17391304347826,%
서울,강서구,2022-11,지역별전월세전환율_아파트,전월세 전환율,4.31924882629108,%
서울,강서구,2022-12,지역별전월세전환율_아파트,전월세 전환율,4.33440371717186,%
서울,강서구,2023-01,지역별전월세전환율_아파트,전월세 전환율,4.62064824998762,%
서울,강서구,2023-02,지역별전월세전환율_아파트,전월세 전환율,4.66409173465988,%
서울,강서구,2023-03,지역별전월세전환율_아파트,전월세 전환율,4.8,%
서울,강서구,2023-04,지역별전월세전환율_아파트,전월세 전환율,4.83642831732479,%
서울,강서구,2023-05,지역별전월세전환율_아파트,전월세 전환율,4.82495329380229,%
서울,강서구,2023-06,지역별전월세전환율_아파트,전월세 전환율,4.64431977559607,%
서울,강서구,2023-07,지역별전월세전환율_아파트,전월세 전환율,4.64516129032258,%
서울,강서구,2023-08,지역별전월세전환율_아파트,전월세 전환율,4.61538461538462,%
서울,강서구,2023-09,지역별전월세전환율_아파트,전월세 전환율,4.52941973030345,%
서울,강서구,2023-10,지역별전월세전환율_아파트,전월세 전환율,4.46511627906977,%
서울,강서구,2023-11,지역별전월세전환율_아파트,전월세 전환율,4.4,%
서울,강서구,2023-12,지역별전월세전환율_아파트,전월세 전환율,4.58038871460847,%
서울,강서구,2024-01,지역별전월세전환율_아파트,전월세 전환율,4.5,%
서울,강서구,2024-02,지역별전월세전환율_아파트,전월세 전환율,4.61538461538462,%
서울,강서구,2024-03,지역별전월세전환율_아파트,전월세 전환율,4.48090541632983,%
서울,강서구,2024-04,지역별전월세전환율_아파트,전월세 전환율,4.52197208854306,%
서울,강서구,2024-05,지역별전월세전환율_아파트,전월세 전환율,4.3956043956044,%
서울,강서구,2024-06,지역별전월세전환율_아파트,전월세 전환율,4.333333333333333,%
서울,강서구,2024-07,지역별전월세전환율_아파트,전월세 전환율,4.23529411764706,%
서울,강서구,2024-08,지역별전월세전환율_아파트,전월세 전환율,4.2,%
서울,강서구,2024-09,지역별전월세전환율_아파트,전월세 전환율,4.19035657535,%
서울,강서구,2024-10,지역별전월세전환율_아파트,전월세 전환율,4.1183431952663,%
서울,강서구,2024-11,지역별전월세전환율_아파트,전월세 전환율,4.1284403669725,%
서울,강서구,2024-12,지역별전월세전환율_아파트,전월세 전환율,4.1189189189189,%
서울,강서구,2025-01,지역별전월세전환율_아파트,전월세 전환율,4.3846153846154,%
서울,강서구,2025-02,지역별전월세전환율_아파트,전월세 전환율,4.5,%
서울,강서구,2025-03,지역별전월세전환율_아파트,전월세 전환율,4.5833333333333,%
서울,강서구,2025-04,지역별전월세전환율_아파트,전월세 전환율,4.5933014354067,%
서울,강서구,2025-05,지역별전월세전환율_아파트,전월세 전환율,4.5882352941177,%
서울,강서구,2025-06,지역별전월세전환율_아파트,전월세 전환율,4.4151515151515,%
서울,강서구,2025-07,지역별전월세전환율_아파트,전월세 전환율,4.421052631579,%
서울,강서구,2025-08,지역별전월세전환율_아파트,전월세 전환율,4.4219847589344,%
서울,강서구,2025-09,지역별전월세전환율_아파트,전월세 전환율,4.390243902439,%
서울,강서구,2025-10,지역별전월세전환율_아파트,전월세 전환율,4.3688181818182,%
서울,강서구,2025-11,지역별전월세전환율_아파트,전월세 전환율,4.3809523809524,%
서울,강서구,2025-12,지역별전월세전환율_아파트,전월세 전환율,4.551724137931,%
서울,강서구,2026-01,지역별전월세전환율_아파트,전월세 전환율,4.5942595404009,%
서울,강서구,2026-02,지역별전월세전환율_아파트,전월세 전환율,4.574542623589,%
서울,강서구,2026-03,지역별전월세전환율_아파트,전월세 전환율,4.5480662983425,%
서울,강서구,2026-04,지역별전월세전환율_아파트,전월세 전환율,4.606330806955,%
서울,강서구,2026-05,지역별전월세전환율_아파트,전월세 전환율,4.4771293210413,%
서울,강서구,2026-06,지역별전월세전환율_아파트,전월세 전환율,4.3309029725182,%
서울,강서구,2026-07,지역별전월세전환율_아파트,전월세 전환율,4.25,%
서울,관악구,2011-01,지역별전월세전환율_아파트,전월세 전환율,7.35483870967742,%
서울,관악구,2011-02,지역별전월세전환율_아파트,전월세 전환율,7.35483870967742,%
서울,관악구,2011-03,지역별전월세전환율_아파트,전월세 전환율,7.35483870967742,%
서울,관악구,2011-04,지역별전월세전환율_아파트,전월세 전환율,7.35483870967742,%
서울,관악구,2011-05,지역별전월세전환율_아파트,전월세 전환율,7.35483870967742,%
서울,관악구,2011-06,지역별전월세전환율_아파트,전월세 전환율,7.35483870967742,%
서울,관악구,2011-07,지역별전월세전환율_아파트,전월세 전환율,7.20511424174263,%
서울,관악구,2011-08,지역별전월세전환율_아파트,전월세 전환율,7.13513513513514,%
서울,관악구,2011-09,지역별전월세전환율_아파트,전월세 전환율,7.05882352941177,%
서울,관악구,2011-10,지역별전월세전환율_아파트,전월세 전환율,7.14624114512708,%
서울,관악구,2011-11,지역별전월세전환율_아파트,전월세 전환율,7.17282566465005,%
서울,관악구,2011-12,지역별전월세전환율_아파트,전월세 전환율,7.2,%
서울,관악구,2012-01,지역별전월세전환율_아파트,전월세 전환율,7.2,%
서울,관악구,2012-02,지역별전월세전환율_아파트,전월세 전환율,7.2,%
서울,관악구,2012-03,지역별전월세전환율_아파트,전월세 전환율,7.2,%
서울,관악구,2012-04,지역별전월세전환율_아파트,전월세 전환율,7.05882352941176,%
서울,관악구,2012-05,지역별전월세전환율_아파트,전월세 전환율,6.99708454810496,%
서울,관악구,2012-06,지역별전월세전환율_아파트,전월세 전환율,7,%
서울,관악구,2012-07,지역별전월세전환율_아파트,전월세 전환율,6.95652173913043,%
서울,관악구,2012-08,지역별전월세전환율_아파트,전월세 전환율,6.85714285714286,%
서울,관악구,2012-09,지역별전월세전환율_아파트,전월세 전환율,6.85714285714286,%
서울,관악구,2012-10,지역별전월세전환율_아파트,전월세 전환율,6.70883720930233,%
서울,관악구,2012-11,지역별전월세전환율_아파트,전월세 전환율,6.72,%
서울,관악구,2012-12,지역별전월세전환율_아파트,전월세 전환율,6.65984591500398,%
서울,관악구,2013-01,지역별전월세전환율_아파트,전월세 전환율,6.58747628083491,%
서울,관악구,2013-02,지역별전월세전환율_아파트,전월세 전환율,6.54545454545455,%
서울,관악구,2013-03,지역별전월세전환율_아파트,전월세 전환율,6.64421039671261,%
서울,관악구,2013-04,지역별전월세전환율_아파트,전월세 전환율,6.54545454545455,%
서울,관악구,2013-05,지역별전월세전환율_아파트,전월세 전환율,6.54545454545455,%
서울,관악구,2013-06,지역별전월세전환율_아파트,전월세 전환율,6.52744431502127,%
서울,관악구,2013-07,지역별전월세전환율_아파트,전월세 전환율,6.46153846153846,%
서울,관악구,2013-08,지역별전월세전환율_아파트,전월세 전환율,6.4,%
서울,관악구,2013-09,지역별전월세전환율_아파트,전월세 전환율,6.31578947368421,%
서울,관악구,2013-10,지역별전월세전환율_아파트,전월세 전환율,6.26086956521739,%
서울,관악구,2013-11,지역별전월세전환율_아파트,전월세 전환율,6.35294117647059,%
서울,관악구,2013-12,지역별전월세전환율_아파트,전월세 전환율,6.24,%
서울,관악구,2014-01,지역별전월세전환율_아파트,전월세 전환율,6,%
서울,관악구,2014-02,지역별전월세전환율_아파트,전월세 전환율,6,%
서울,관악구,2014-03,지역별전월세전환율_아파트,전월세 전환율,6,%
서울,관악구,2014-04,지역별전월세전환율_아파트,전월세 전환율,6,%
서울,관악구,2014-05,지역별전월세전환율_아파트,전월세 전환율,5.82337662337662,%
서울,관악구,2014-06,지역별전월세전환율_아파트,전월세 전환율,5.71428571428571,%
서울,관악구,2014-07,지역별전월세전환율_아파트,전월세 전환율,5.68421052631579,%
서울,관악구,2014-08,지역별전월세전환율_아파트,전월세 전환율,5.55064280719823,%
서울,관악구,2014-09,지역별전월세전환율_아파트,전월세 전환율,6,%
서울,관악구,2014-10,지역별전월세전환율_아파트,전월세 전환율,5.45650200502358,%
서울,관악구,2014-11,지역별전월세전환율_아파트,전월세 전환율,5.45454545454546,%
서울,관악구,2014-12,지역별전월세전환율_아파트,전월세 전환율,5.45454545454546,%
서울,관악구,2015-01,지역별전월세전환율_아파트,전월세 전환율,5.45378773847009,%
서울,관악구,2015-02,지역별전월세전환율_아파트,전월세 전환율,5.5,%
서울,관악구,2015-03,지역별전월세전환율_아파트,전월세 전환율,5.33333333333333,%
서울,관악구,2015-04,지역별전월세전환율_아파트,전월세 전환율,5.33333333333333,%
서울,관악구,2015-05,지역별전월세전환율_아파트,전월세 전환율,5.4,%
서울,관악구,2015-06,지역별전월세전환율_아파트,전월세 전환율,5.33333333333333,%
서울,관악구,2015-07,지역별전월세전환율_아파트,전월세 전환율,5.20869565217391,%
서울,관악구,2015-08,지역별전월세전환율_아파트,전월세 전환율,5.14285714285714,%
서울,관악구,2015-09,지역별전월세전환율_아파트,전월세 전환율,5.14285714285714,%
서울,관악구,2015-10,지역별전월세전환율_아파트,전월세 전환율,5.14285714285714,%
서울,관악구,2015-11,지역별전월세전환율_아파트,전월세 전환율,4.96551724137931,%
서울,관악구,2015-12,지역별전월세전환율_아파트,전월세 전환율,4.92478193945613,%
서울,관악구,2016-01,지역별전월세전환율_아파트,전월세 전환율,4.88647959183674,%
서울,관악구,2016-02,지역별전월세전환율_아파트,전월세 전환율,4.72429210134128,%
서울,관악구,2016-03,지역별전월세전환율_아파트,전월세 전환율,4.72561924135455,%
서울,관악구,2016-04,지역별전월세전환율_아파트,전월세 전환율,4.71611721611722,%
서울,관악구,2016-05,지역별전월세전환율_아파트,전월세 전환율,4.66169154228856,%
서울,관악구,2016-06,지역별전월세전환율_아파트,전월세 전환율,4.62857142857143,%
서울,관악구,2016-07,지역별전월세전환율_아파트,전월세 전환율,4.57142857142857,%
서울,관악구,2016-08,지역별전월세전환율_아파트,전월세 전환율,4.53333333333333,%
서울,관악구,2016-09,지역별전월세전환율_아파트,전월세 전환율,4.42105263157895,%
서울,관악구,2016-10,지역별전월세전환율_아파트,전월세 전환율,4.4,%
서울,관악구,2016-11,지역별전월세전환율_아파트,전월세 전환율,4.36363636363636,%
서울,관악구,2016-12,지역별전월세전환율_아파트,전월세 전환율,4.36363636363636,%
서울,관악구,2017-01,지역별전월세전환율_아파트,전월세 전환율,4.28571428571429,%
서울,관악구,2017-02,지역별전월세전환율_아파트,전월세 전환율,4.36363636363636,%
서울,관악구,2017-03,지역별전월세전환율_아파트,전월세 전환율,4.33333333333333,%
서울,관악구,2017-04,지역별전월세전환율_아파트,전월세 전환율,4.36363636363636,%
서울,관악구,2017-05,지역별전월세전환율_아파트,전월세 전환율,4.32796366102901,%
서울,관악구,2017-06,지역별전월세전환율_아파트,전월세 전환율,4.31844656039371,%
서울,관악구,2017-07,지역별전월세전환율_아파트,전월세 전환율,4.2845658685309,%
서울,관악구,2017-08,지역별전월세전환율_아파트,전월세 전환율,4.1585557299843,%
서울,관악구,2017-09,지역별전월세전환율_아파트,전월세 전환율,4.13793103448276,%
서울,관악구,2017-10,지역별전월세전환율_아파트,전월세 전환율,4.2,%
서울,관악구,2017-11,지역별전월세전환율_아파트,전월세 전환율,4.2,%
서울,관악구,2017-12,지역별전월세전환율_아파트,전월세 전환율,4.23529411764706,%
서울,관악구,2018-01,지역별전월세전환율_아파트,전월세 전환율,4.32,%
서울,관악구,2018-02,지역별전월세전환율_아파트,전월세 전환율,4.36363636363636,%
서울,관악구,2018-03,지역별전월세전환율_아파트,전월세 전환율,4.33698349495991,%
서울,관악구,2018-04,지역별전월세전환율_아파트,전월세 전환율,4.28571428571429,%
서울,관악구,2018-05,지역별전월세전환율_아파트,전월세 전환율,4.26666666666667,%
서울,관악구,2018-06,지역별전월세전환율_아파트,전월세 전환율,4.25806451612903,%
서울,관악구,2018-07,지역별전월세전환율_아파트,전월세 전환율,4.23529411764706,%
서울,관악구,2018-08,지역별전월세전환율_아파트,전월세 전환율,4.21719901719902,%
서울,관악구,2018-09,지역별전월세전환율_아파트,전월세 전환율,4.22222222222222,%
서울,관악구,2018-10,지역별전월세전환율_아파트,전월세 전환율,4.25806451612903,%
서울,관악구,2018-11,지역별전월세전환율_아파트,전월세 전환율,4.2,%
서울,관악구,2018-12,지역별전월세전환율_아파트,전월세 전환율,4.13793103448276,%
서울,관악구,2019-01,지역별전월세전환율_아파트,전월세 전환율,4.31351351351351,%
서울,관악구,2019-02,지역별전월세전환율_아파트,전월세 전환율,4.32393442622951,%
서울,관악구,2019-03,지역별전월세전환율_아파트,전월세 전환율,4.28571428571429,%
서울,관악구,2019-04,지역별전월세전환율_아파트,전월세 전환율,4.28571428571429,%
서울,관악구,2019-05,지역별전월세전환율_아파트,전월세 전환율,4.28571428571429,%
서울,관악구,2019-06,지역별전월세전환율_아파트,전월세 전환율,4.21621621621622,%
서울,관악구,2019-07,지역별전월세전환율_아파트,전월세 전환율,4.13793103448276,%
서울,관악구,2019-08,지역별전월세전환율_아파트,전월세 전환율,4.07879093414556,%
서울,관악구,2019-09,지역별전월세전환율_아파트,전월세 전환율,4,%
서울,관악구,2019-10,지역별전월세전환율_아파트,전월세 전환율,4,%
서울,관악구,2019-11,지역별전월세전환율_아파트,전월세 전환율,3.93867349344831,%
서울,관악구,2019-12,지역별전월세전환율_아파트,전월세 전환율,4.08510638297872,%
서울,관악구,2020-01,지역별전월세전환율_아파트,전월세 전환율,4,%
서울,관악구,2020-02,지역별전월세전환율_아파트,전월세 전환율,4,%
서울,관악구,2020-03,지역별전월세전환율_아파트,전월세 전환율,4.08,%
서울,관악구,2020-04,지역별전월세전환율_아파트,전월세 전환율,4.15384615384615,%
서울,관악구,2020-05,지역별전월세전환율_아파트,전월세 전환율,4.23529411764706,%
서울,관악구,2020-06,지역별전월세전환율_아파트,전월세 전환율,4.28571428571429,%
서울,관악구,2020-07,지역별전월세전환율_아파트,전월세 전환율,4.44444444444444,%
서울,관악구,2020-08,지역별전월세전환율_아파트,전월세 전환율,4.4,%
서울,관악구,2020-09,지역별전월세전환율_아파트,전월세 전환율,4.30769230769231,%
서울,관악구,2020-10,지역별전월세전환율_아파트,전월세 전환율,4.05805664620897,%
서울,관악구,2020-11,지역별전월세전환율_아파트,전월세 전환율,4.2,%
서울,관악구,2020-12,지역별전월세전환율_아파트,전월세 전환율,4.25024485798237,%
서울,관악구,2021-01,지역별전월세전환율_아파트,전월세 전환율,4.11428571428571,%
서울,관악구,2021-02,지역별전월세전환율_아파트,전월세 전환율,4.20969444695804,%
서울,관악구,2021-03,지역별전월세전환율_아파트,전월세 전환율,4.16666666666667,%
서울,관악구,2021-04,지역별전월세전환율_아파트,전월세 전환율,4.27619047619048,%
서울,관악구,2021-05,지역별전월세전환율_아파트,전월세 전환율,4.12337913239378,%
서울,관악구,2021-06,지역별전월세전환율_아파트,전월세 전환율,4.10526315789474,%
서울,관악구,2021-07,지역별전월세전환율_아파트,전월세 전환율,4.09181711024257,%
서울,관악구,2021-08,지역별전월세전환율_아파트,전월세 전환율,4.06779661016949,%
서울,관악구,2021-09,지역별전월세전환율_아파트,전월세 전환율,4.11428571428571,%
서울,관악구,2021-10,지역별전월세전환율_아파트,전월세 전환율,4.11242486874827,%
서울,관악구,2021-11,지역별전월세전환율_아파트,전월세 전환율,4.23071471405986,%
서울,관악구,2021-12,지역별전월세전환율_아파트,전월세 전환율,4.05435998721116,%
서울,관악구,2022-01,지역별전월세전환율_아파트,전월세 전환율,4.04175875760362,%
서울,관악구,2022-02,지역별전월세전환율_아파트,전월세 전환율,4.10526315789474,%
서울,관악구,2022-03,지역별전월세전환율_아파트,전월세 전환율,4.28571428571428,%
서울,관악구,2022-04,지역별전월세전환율_아파트,전월세 전환율,4.3,%
서울,관악구,2022-05,지역별전월세전환율_아파트,전월세 전환율,4.27501467173214,%
서울,관악구,2022-06,지역별전월세전환율_아파트,전월세 전환율,4.35440080320003,%
서울,관악구,2022-07,지역별전월세전환율_아파트,전월세 전환율,4.4,%
서울,관악구,2022-08,지역별전월세전환율_아파트,전월세 전환율,4.44894110577025,%
서울,관악구,2022-09,지역별전월세전환율_아파트,전월세 전환율,4.55941725063724,%
서울,관악구,2022-10,지역별전월세전환율_아파트,전월세 전환율,4.68292682926829,%
서울,관악구,2022-11,지역별전월세전환율_아파트,전월세 전환율,4.71428571428571,%
서울,관악구,2022-12,지역별전월세전환율_아파트,전월세 전환율,4.8,%
서울,관악구,2023-01,지역별전월세전환율_아파트,전월세 전환율,4.8,%
서울,관악구,2023-02,지역별전월세전환율_아파트,전월세 전환율,4.80133370380661,%
서울,관악구,2023-03,지역별전월세전환율_아파트,전월세 전환율,4.9079754601227,%
서울,관악구,2023-04,지역별전월세전환율_아파트,전월세 전환율,5.04213639798473,%
서울,관악구,2023-05,지역별전월세전환율_아파트,전월세 전환율,4.97777777777778,%
서울,관악구,2023-06,지역별전월세전환율_아파트,전월세 전환율,4.89695878697662,%
서울,관악구,2023-07,지역별전월세전환율_아파트,전월세 전환율,4.92307692307692,%
서울,관악구,2023-08,지역별전월세전환율_아파트,전월세 전환율,4.8,%
서울,관악구,2023-09,지역별전월세전환율_아파트,전월세 전환율,4.7976510888182,%
서울,관악구,2023-10,지역별전월세전환율_아파트,전월세 전환율,4.8,%
서울,관악구,2023-11,지역별전월세전환율_아파트,전월세 전환율,4.75,%
서울,관악구,2023-12,지역별전월세전환율_아파트,전월세 전환율,4.72131147540984,%
서울,관악구,2024-01,지역별전월세전환율_아파트,전월세 전환율,4.71428571428571,%
서울,관악구,2024-02,지역별전월세전환율_아파트,전월세 전환율,4.76970546984572,%
서울,관악구,2024-03,지역별전월세전환율_아파트,전월세 전환율,4.6624071835607,%
서울,관악구,2024-04,지역별전월세전환율_아파트,전월세 전환율,4.608,%
서울,관악구,2024-05,지역별전월세전환율_아파트,전월세 전환율,4.6,%
서울,관악구,2024-06,지역별전월세전환율_아파트,전월세 전환율,4.615384615384616,%
서울,관악구,2024-07,지역별전월세전환율_아파트,전월세 전환율,4.67532467532468,%
서울,관악구,2024-08,지역별전월세전환율_아파트,전월세 전환율,4.56080551139375,%
서울,관악구,2024-09,지역별전월세전환율_아파트,전월세 전환율,4.6153846153846,%
서울,관악구,2024-10,지역별전월세전환율_아파트,전월세 전환율,4.4419531639263,%
서울,관악구,2024-11,지역별전월세전환율_아파트,전월세 전환율,4.463768115942,%
서울,관악구,2024-12,지역별전월세전환율_아파트,전월세 전환율,4.5444650274419,%
서울,관악구,2025-01,지역별전월세전환율_아파트,전월세 전환율,4.4507593560465,%
서울,관악구,2025-02,지역별전월세전환율_아파트,전월세 전환율,4.5086705202312,%
서울,관악구,2025-03,지역별전월세전환율_아파트,전월세 전환율,4.5061224489796,%
서울,관악구,2025-04,지역별전월세전환율_아파트,전월세 전환율,4.6,%
서울,관악구,2025-05,지역별전월세전환율_아파트,전월세 전환율,4.5714285714286,%
서울,관악구,2025-06,지역별전월세전환율_아파트,전월세 전환율,4.5454545454546,%
서울,관악구,2025-07,지역별전월세전환율_아파트,전월세 전환율,4.5454545454546,%
서울,관악구,2025-08,지역별전월세전환율_아파트,전월세 전환율,4.528370551061,%
서울,관악구,2025-09,지역별전월세전환율_아파트,전월세 전환율,4.5245596660944,%
서울,관악구,2025-10,지역별전월세전환율_아파트,전월세 전환율,4.5,%
서울,관악구,2025-11,지역별전월세전환율_아파트,전월세 전환율,4.6011645242047,%
서울,관악구,2025-12,지역별전월세전환율_아파트,전월세 전환율,4.580879610985,%
서울,관악구,2026-01,지역별전월세전환율_아파트,전월세 전환율,4.570667681187,%
서울,관악구,2026-02,지역별전월세전환율_아파트,전월세 전환율,4.616283123339,%
서울,관악구,2026-03,지역별전월세전환율_아파트,전월세 전환율,4.56,%
서울,관악구,2026-04,지역별전월세전환율_아파트,전월세 전환율,4.5957446808511,%
서울,관악구,2026-05,지역별전월세전환율_아파트,전월세 전환율,4.6915760869565,%
서울,관악구,2026-06,지역별전월세전환율_아파트,전월세 전환율,4.7647563574634,%
서울,관악구,2026-07,지역별전월세전환율_아파트,전월세 전환율,4.7058823529412,%
서울,광진구,2011-01,지역별전월세전환율_아파트,전월세 전환율,7.05882352941176,%
서울,광진구,2011-02,지역별전월세전환율_아파트,전월세 전환율,7.05882352941176,%
서울,광진구,2011-03,지역별전월세전환율_아파트,전월세 전환율,7.05882352941176,%
서울,광진구,2011-04,지역별전월세전환율_아파트,전월세 전환율,7.05882352941176,%
서울,광진구,2011-05,지역별전월세전환율_아파트,전월세 전환율,7.05882352941176,%
서울,광진구,2011-06,지역별전월세전환율_아파트,전월세 전환율,7.05882352941176,%
서울,광진구,2011-07,지역별전월세전환율_아파트,전월세 전환율,7.01123595505618,%
서울,광진구,2011-08,지역별전월세전환율_아파트,전월세 전환율,6.95527719401826,%
서울,광진구,2011-09,지역별전월세전환율_아파트,전월세 전환율,6.85714285714286,%
서울,광진구,2011-10,지역별전월세전환율_아파트,전월세 전환율,6.71975423174608,%
서울,광진구,2011-11,지역별전월세전환율_아파트,전월세 전환율,6.73522982128945,%
서울,광진구,2011-12,지역별전월세전환율_아파트,전월세 전환율,6.72237595757219,%
서울,광진구,2012-01,지역별전월세전환율_아파트,전월세 전환율,6.66666666666667,%
서울,광진구,2012-02,지역별전월세전환율_아파트,전월세 전환율,6.94031816538402,%
서울,광진구,2012-03,지역별전월세전환율_아파트,전월세 전환율,6.85714285714286,%
서울,광진구,2012-04,지역별전월세전환율_아파트,전월세 전환율,6.75192329723204,%
서울,광진구,2012-05,지역별전월세전환율_아파트,전월세 전환율,6.73391580619539,%
서울,광진구,2012-06,지역별전월세전환율_아파트,전월세 전환율,6.75961538461539,%
서울,광진구,2012-07,지역별전월세전환율_아파트,전월세 전환율,6.72,%
서울,광진구,2012-08,지역별전월세전환율_아파트,전월세 전환율,6.54545454545455,%
서울,광진구,2012-09,지역별전월세전환율_아파트,전월세 전환율,6.52430103216756,%
서울,광진구,2012-10,지역별전월세전환율_아파트,전월세 전환율,6.42386603083065,%
서울,광진구,2012-11,지역별전월세전환율_아파트,전월세 전환율,6.48648648648649,%
서울,광진구,2012-12,지역별전월세전환율_아파트,전월세 전환율,6.52008434457804,%
서울,광진구,2013-01,지역별전월세전환율_아파트,전월세 전환율,6.48648648648649,%
서울,광진구,2013-02,지역별전월세전환율_아파트,전월세 전환율,6.33696031356307,%
서울,광진구,2013-03,지역별전월세전환율_아파트,전월세 전환율,6.28851815505397,%
서울,광진구,2013-04,지역별전월세전환율_아파트,전월세 전환율,6.25882388199595,%
서울,광진구,2013-05,지역별전월세전환율_아파트,전월세 전환율,6.11764705882353,%
서울,광진구,2013-06,지역별전월세전환율_아파트,전월세 전환율,6,%
서울,광진구,2013-07,지역별전월세전환율_아파트,전월세 전환율,6,%
서울,광진구,2013-08,지역별전월세전환율_아파트,전월세 전환율,6,%
서울,광진구,2013-09,지역별전월세전환율_아파트,전월세 전환율,5.95676415642964,%
서울,광진구,2013-10,지역별전월세전환율_아파트,전월세 전환율,5.9842386067087,%
서울,광진구,2013-11,지역별전월세전환율_아파트,전월세 전환율,5.82857142857143,%
서울,광진구,2013-12,지역별전월세전환율_아파트,전월세 전환율,5.75861594787763,%
서울,광진구,2014-01,지역별전월세전환율_아파트,전월세 전환율,5.70819959485464,%
서울,광진구,2014-02,지역별전월세전환율_아파트,전월세 전환율,5.625,%
서울,광진구,2014-03,지역별전월세전환율_아파트,전월세 전환율,5.51534204117777,%
서울,광진구,2014-04,지역별전월세전환율_아파트,전월세 전환율,5.48571428571428,%
서울,광진구,2014-05,지역별전월세전환율_아파트,전월세 전환율,5.40090655796611,%
서울,광진구,2014-06,지역별전월세전환율_아파트,전월세 전환율,5.4,%
서울,광진구,2014-07,지역별전월세전환율_아파트,전월세 전환율,5.4,%
서울,광진구,2014-08,지역별전월세전환율_아파트,전월세 전환율,5.4,%
서울,광진구,2014-09,지역별전월세전환율_아파트,전월세 전환율,5.34654649270405,%
서울,광진구,2014-10,지역별전월세전환율_아파트,전월세 전환율,5.18895458075144,%
서울,광진구,2014-11,지역별전월세전환율_아파트,전월세 전환율,5.17985611510791,%
서울,광진구,2014-12,지역별전월세전환율_아파트,전월세 전환율,5.30526315789474,%
서울,광진구,2015-01,지역별전월세전환율_아파트,전월세 전환율,5.21739130434783,%
서울,광진구,2015-02,지역별전월세전환율_아파트,전월세 전환율,5.12111861137898,%
서울,광진구,2015-03,지역별전월세전환율_아파트,전월세 전환율,5,%
서울,광진구,2015-04,지역별전월세전환율_아파트,전월세 전환율,5.07915184567407,%
서울,광진구,2015-05,지역별전월세전환율_아파트,전월세 전환율,5,%
서울,광진구,2015-06,지역별전월세전환율_아파트,전월세 전환율,4.84501245557942,%
서울,광진구,2015-07,지역별전월세전환율_아파트,전월세 전환율,4.8,%
서울,광진구,2015-08,지역별전월세전환율_아파트,전월세 전환율,4.8,%
서울,광진구,2015-09,지역별전월세전환율_아파트,전월세 전환율,4.71285973554576,%
서울,광진구,2015-10,지역별전월세전환율_아파트,전월세 전환율,4.67529962871058,%
서울,광진구,2015-11,지역별전월세전환율_아파트,전월세 전환율,4.67735111784979,%
서울,광진구,2015-12,지역별전월세전환율_아파트,전월세 전환율,4.79684862974694,%
서울,광진구,2016-01,지역별전월세전환율_아파트,전월세 전환율,4.64516129032258,%
서울,광진구,2016-02,지역별전월세전환율_아파트,전월세 전환율,4.61538461538462,%
서울,광진구,2016-03,지역별전월세전환율_아파트,전월세 전환율,4.4777943134644,%
서울,광진구,2016-04,지역별전월세전환율_아파트,전월세 전환율,4.39426500878905,%
서울,광진구,2016-05,지역별전월세전환율_아파트,전월세 전환율,4.32,%
서울,광진구,2016-06,지역별전월세전환율_아파트,전월세 전환율,4.36363636363636,%
서울,광진구,2016-07,지역별전월세전환율_아파트,전월세 전환율,4.42518195127881,%
서울,광진구,2016-08,지역별전월세전환율_아파트,전월세 전환율,4.23529411764706,%
서울,광진구,2016-09,지역별전월세전환율_아파트,전월세 전환율,4.20360679842581,%
서울,광진구,2016-10,지역별전월세전환율_아파트,전월세 전환율,4.2,%
서울,광진구,2016-11,지역별전월세전환율_아파트,전월세 전환율,4.09756097560976,%
서울,광진구,2016-12,지역별전월세전환율_아파트,전월세 전환율,4,%
서울,광진구,2017-01,지역별전월세전환율_아파트,전월세 전환율,3.89189189189189,%
서울,광진구,2017-02,지역별전월세전환율_아파트,전월세 전환율,4,%
서울,광진구,2017-03,지역별전월세전환율_아파트,전월세 전환율,4,%
서울,광진구,2017-04,지역별전월세전환율_아파트,전월세 전환율,4,%
서울,광진구,2017-05,지역별전월세전환율_아파트,전월세 전환율,4,%
서울,광진구,2017-06,지역별전월세전환율_아파트,전월세 전환율,4,%
서울,광진구,2017-07,지역별전월세전환율_아파트,전월세 전환율,4,%
서울,광진구,2017-08,지역별전월세전환율_아파트,전월세 전환율,3.97895264344776,%
서울,광진구,2017-09,지역별전월세전환율_아파트,전월세 전환율,3.9201581027668,%
서울,광진구,2017-10,지역별전월세전환율_아파트,전월세 전환율,3.88235294117647,%
서울,광진구,2017-11,지역별전월세전환율_아파트,전월세 전환율,3.92008231291164,%
서울,광진구,2017-12,지역별전월세전환율_아파트,전월세 전환율,4,%
서울,광진구,2018-01,지역별전월세전환율_아파트,전월세 전환율,4.00327002892718,%
서울,광진구,2018-02,지역별전월세전환율_아파트,전월세 전환율,4,%
서울,광진구,2018-03,지역별전월세전환율_아파트,전월세 전환율,3.90103827722889,%
서울,광진구,2018-04,지역별전월세전환율_아파트,전월세 전환율,3.83542286442839,%
서울,광진구,2018-05,지역별전월세전환율_아파트,전월세 전환율,3.82609210370546,%
서울,광진구,2018-06,지역별전월세전환율_아파트,전월세 전환율,3.83632937691505,%
서울,광진구,2018-07,지역별전월세전환율_아파트,전월세 전환율,3.78947368421053,%
서울,광진구,2018-08,지역별전월세전환율_아파트,전월세 전환율,3.7511435290666,%
서울,광진구,2018-09,지역별전월세전환율_아파트,전월세 전환율,3.71428571428571,%
서울,광진구,2018-10,지역별전월세전환율_아파트,전월세 전환율,3.7208928652942,%
서울,광진구,2018-11,지역별전월세전환율_아파트,전월세 전환율,3.73372743364325,%
서울,광진구,2018-12,지역별전월세전환율_아파트,전월세 전환율,3.75093389178175,%
서울,광진구,2019-01,지역별전월세전환율_아파트,전월세 전환율,3.78947368421053,%
서울,광진구,2019-02,지역별전월세전환율_아파트,전월세 전환율,3.82909090909091,%
서울,광진구,2019-03,지역별전월세전환율_아파트,전월세 전환율,3.84857142857143,%
서울,광진구,2019-04,지역별전월세전환율_아파트,전월세 전환율,3.88235294117647,%
서울,광진구,2019-05,지역별전월세전환율_아파트,전월세 전환율,3.84,%
서울,광진구,2019-06,지역별전월세전환율_아파트,전월세 전환율,3.84,%
서울,광진구,2019-07,지역별전월세전환율_아파트,전월세 전환율,3.84,%
서울,광진구,2019-08,지역별전월세전환율_아파트,전월세 전환율,3.83783142736129,%
서울,광진구,2019-09,지역별전월세전환율_아파트,전월세 전환율,3.78947368421053,%
서울,광진구,2019-10,지역별전월세전환율_아파트,전월세 전환율,3.78947368421053,%
서울,광진구,2019-11,지역별전월세전환율_아파트,전월세 전환율,3.73839351510685,%
서울,광진구,2019-12,지역별전월세전환율_아파트,전월세 전환율,3.69122326978556,%
서울,광진구,2020-01,지역별전월세전환율_아파트,전월세 전환율,3.81818181818182,%
서울,광진구,2020-02,지역별전월세전환율_아파트,전월세 전환율,3.76607387140903,%
서울,광진구,2020-03,지역별전월세전환율_아파트,전월세 전환율,3.78362573099415,%
서울,광진구,2020-04,지역별전월세전환율_아파트,전월세 전환율,3.75,%
서울,광진구,2020-05,지역별전월세전환율_아파트,전월세 전환율,3.84,%
서울,광진구,2020-06,지역별전월세전환율_아파트,전월세 전환율,3.90243902439024,%
서울,광진구,2020-07,지역별전월세전환율_아파트,전월세 전환율,3.78947368421053,%
서울,광진구,2020-08,지역별전월세전환율_아파트,전월세 전환율,3.82246249327768,%
서울,광진구,2020-09,지역별전월세전환율_아파트,전월세 전환율,3.77777777777778,%
서울,광진구,2020-10,지역별전월세전환율_아파트,전월세 전환율,3.7032967032967,%
서울,광진구,2020-11,지역별전월세전환율_아파트,전월세 전환율,3.75,%
서울,광진구,2020-12,지역별전월세전환율_아파트,전월세 전환율,3.72459892847213,%
서울,광진구,2021-01,지역별전월세전환율_아파트,전월세 전환율,3.77460317460317,%
서울,광진구,2021-02,지역별전월세전환율_아파트,전월세 전환율,3.86268907563025,%
서울,광진구,2021-03,지역별전월세전환율_아파트,전월세 전환율,4.13538618144802,%
서울,광진구,2021-04,지역별전월세전환율_아파트,전월세 전환율,4.13047711781889,%
서울,광진구,2021-05,지역별전월세전환율_아파트,전월세 전환율,4.2,%
서울,광진구,2021-06,지역별전월세전환율_아파트,전월세 전환율,4.32113744075829,%
서울,광진구,2021-07,지역별전월세전환율_아파트,전월세 전환율,4.14545454545455,%
서울,광진구,2021-08,지역별전월세전환율_아파트,전월세 전환율,4.07067137809187,%
서울,광진구,2021-09,지역별전월세전환율_아파트,전월세 전환율,4,%
서울,광진구,2021-10,지역별전월세전환율_아파트,전월세 전환율,4,%
서울,광진구,2021-11,지역별전월세전환율_아파트,전월세 전환율,4.0164742839169,%
서울,광진구,2021-12,지역별전월세전환율_아파트,전월세 전환율,4.10242639971014,%
서울,광진구,2022-01,지역별전월세전환율_아파트,전월세 전환율,4.05405405405405,%
서울,광진구,2022-02,지역별전월세전환율_아파트,전월세 전환율,4.27299703264095,%
서울,광진구,2022-03,지역별전월세전환율_아파트,전월세 전환율,4.3495145631068,%
서울,광진구,2022-04,지역별전월세전환율_아파트,전월세 전환율,4.34080183617411,%
서울,광진구,2022-05,지역별전월세전환율_아파트,전월세 전환율,4.33898305084746,%
서울,광진구,2022-06,지역별전월세전환율_아파트,전월세 전환율,4.36363636363636,%
서울,광진구,2022-07,지역별전월세전환율_아파트,전월세 전환율,4.32114404135293,%
서울,광진구,2022-08,지역별전월세전환율_아파트,전월세 전환율,4.23529411764706,%
서울,광진구,2022-09,지역별전월세전환율_아파트,전월세 전환율,4.21978021978022,%
서울,광진구,2022-10,지역별전월세전환율_아파트,전월세 전환율,4.43640002695234,%
서울,광진구,2022-11,지역별전월세전환율_아파트,전월세 전환율,4.34375251752195,%
서울,광진구,2022-12,지역별전월세전환율_아파트,전월세 전환율,4.41471571906354,%
서울,광진구,2023-01,지역별전월세전환율_아파트,전월세 전환율,4.52830188679245,%
서울,광진구,2023-02,지역별전월세전환율_아파트,전월세 전환율,4.75524475524475,%
서울,광진구,2023-03,지역별전월세전환율_아파트,전월세 전환율,4.8,%
서울,광진구,2023-04,지역별전월세전환율_아파트,전월세 전환율,4.80603251904799,%
서울,광진구,2023-05,지역별전월세전환율_아파트,전월세 전환율,4.88888888888889,%
서울,광진구,2023-06,지역별전월세전환율_아파트,전월세 전환율,4.81233015811736,%
서울,광진구,2023-07,지역별전월세전환율_아파트,전월세 전환율,4.8,%
서울,광진구,2023-08,지역별전월세전환율_아파트,전월세 전환율,4.79212572316451,%
서울,광진구,2023-09,지역별전월세전환율_아파트,전월세 전환율,4.74418604651163,%
서울,광진구,2023-10,지역별전월세전환율_아파트,전월세 전환율,4.6258631973446,%
서울,광진구,2023-11,지역별전월세전환율_아파트,전월세 전환율,4.70103092783505,%
서울,광진구,2023-12,지역별전월세전환율_아파트,전월세 전환율,4.70588235294118,%
서울,광진구,2024-01,지역별전월세전환율_아파트,전월세 전환율,4.69565217391304,%
서울,광진구,2024-02,지역별전월세전환율_아파트,전월세 전환율,4.75471698113208,%
서울,광진구,2024-03,지역별전월세전환율_아파트,전월세 전환율,4.8,%
서울,광진구,2024-04,지역별전월세전환율_아파트,전월세 전환율,4.8,%
서울,광진구,2024-05,지역별전월세전환율_아파트,전월세 전환율,4.76190476190476,%
서울,광진구,2024-06,지역별전월세전환율_아파트,전월세 전환율,4.8,%
서울,광진구,2024-07,지역별전월세전환율_아파트,전월세 전환율,4.83005015235343,%
서울,광진구,2024-08,지역별전월세전환율_아파트,전월세 전환율,4.8,%
서울,광진구,2024-09,지역별전월세전환율_아파트,전월세 전환율,4.6733333333333,%
서울,광진구,2024-10,지역별전월세전환율_아파트,전월세 전환율,4.5410144199367,%
서울,광진구,2024-11,지역별전월세전환율_아파트,전월세 전환율,4.5808701208861,%
서울,광진구,2024-12,지역별전월세전환율_아파트,전월세 전환율,4.0909090909091,%
서울,광진구,2025-01,지역별전월세전환율_아파트,전월세 전환율,3.9678543939024,%
서울,광진구,2025-02,지역별전월세전환율_아파트,전월세 전환율,3.8774355573888,%
서울,광진구,2025-03,지역별전월세전환율_아파트,전월세 전환율,3.6847492323439,%
서울,광진구,2025-04,지역별전월세전환율_아파트,전월세 전환율,3.4698996655518,%
서울,광진구,2025-05,지역별전월세전환율_아파트,전월세 전환율,3.6295385675063,%
서울,광진구,2025-06,지역별전월세전환율_아파트,전월세 전환율,4.2657809270741,%
서울,광진구,2025-07,지역별전월세전환율_아파트,전월세 전환율,4.2857142857143,%
서울,광진구,2025-08,지역별전월세전환율_아파트,전월세 전환율,4.429933922766,%
서울,광진구,2025-09,지역별전월세전환율_아파트,전월세 전환율,4.6666666666667,%
서울,광진구,2025-10,지역별전월세전환율_아파트,전월세 전환율,4.8,%
서울,광진구,2025-11,지역별전월세전환율_아파트,전월세 전환율,4.7936464982204,%
서울,광진구,2025-12,지역별전월세전환율_아파트,전월세 전환율,4.8,%
서울,광진구,2026-01,지역별전월세전환율_아파트,전월세 전환율,4.8771570701394,%
서울,광진구,2026-02,지역별전월세전환율_아파트,전월세 전환율,4.9245283018868,%
서울,광진구,2026-03,지역별전월세전환율_아파트,전월세 전환율,4.8084945729118,%
서울,광진구,2026-04,지역별전월세전환율_아파트,전월세 전환율,4.92,%
서울,광진구,2026-05,지역별전월세전환율_아파트,전월세 전환율,5.1147540983607,%
서울,광진구,2026-06,지역별전월세전환율_아파트,전월세 전환율,5.0256858389794,%
서울,광진구,2026-07,지역별전월세전환율_아파트,전월세 전환율,5.0041271373563,%
서울,구로구,2011-01,지역별전월세전환율_아파트,전월세 전환율,7.08888218493616,%
서울,구로구,2011-02,지역별전월세전환율_아파트,전월세 전환율,7.08888218493616,%
서울,구로구,2011-03,지역별전월세전환율_아파트,전월세 전환율,7.08888218493616,%
서울,구로구,2011-04,지역별전월세전환율_아파트,전월세 전환율,7.08888218493616,%
서울,구로구,2011-05,지역별전월세전환율_아파트,전월세 전환율,7.08888218493616,%
서울,구로구,2011-06,지역별전월세전환율_아파트,전월세 전환율,7.08888218493616,%
서울,구로구,2011-07,지역별전월세전환율_아파트,전월세 전환율,7.10940170940171,%
서울,구로구,2011-08,지역별전월세전환율_아파트,전월세 전환율,7.10940170940171,%
서울,구로구,2011-09,지역별전월세전환율_아파트,전월세 전환율,7.18544722233263,%
서울,구로구,2011-10,지역별전월세전환율_아파트,전월세 전환율,7.14718152844233,%
서울,구로구,2011-11,지역별전월세전환율_아파트,전월세 전환율,7.14718152844233,%
서울,구로구,2011-12,지역별전월세전환율_아파트,전월세 전환율,7.14718152844233,%
서울,구로구,2012-01,지역별전월세전환율_아파트,전월세 전환율,7.14718152844233,%
서울,구로구,2012-02,지역별전월세전환율_아파트,전월세 전환율,7.14718152844233,%
서울,구로구,2012-03,지역별전월세전환율_아파트,전월세 전환율,7.0344857017914,%
서울,구로구,2012-04,지역별전월세전환율_아파트,전월세 전환율,6.85714285714286,%
서울,구로구,2012-05,지역별전월세전환율_아파트,전월세 전환율,6.85714285714286,%
서울,구로구,2012-06,지역별전월세전환율_아파트,전월세 전환율,6.78598382749326,%
서울,구로구,2012-07,지역별전월세전환율_아파트,전월세 전환율,6.70102733762842,%
서울,구로구,2012-08,지역별전월세전환율_아파트,전월세 전환율,6.70102733762842,%
서울,구로구,2012-09,지역별전월세전환율_아파트,전월세 전환율,6.66666666666667,%
서울,구로구,2012-10,지역별전월세전환율_아파트,전월세 전환율,6.6,%
서울,구로구,2012-11,지역별전월세전환율_아파트,전월세 전환율,6.44196555538,%
서울,구로구,2012-12,지역별전월세전환율_아파트,전월세 전환율,6.43090752699383,%
서울,구로구,2013-01,지역별전월세전환율_아파트,전월세 전환율,6.46153846153846,%
서울,구로구,2013-02,지역별전월세전환율_아파트,전월세 전환율,6.55590077026802,%
서울,구로구,2013-03,지역별전월세전환율_아파트,전월세 전환율,6.64407048094458,%
서울,구로구,2013-04,지역별전월세전환율_아파트,전월세 전환율,6.66666666666667,%
서울,구로구,2013-05,지역별전월세전환율_아파트,전월세 전환율,6.6,%
서울,구로구,2013-06,지역별전월세전환율_아파트,전월세 전환율,6.49911709524335,%
서울,구로구,2013-07,지역별전월세전환율_아파트,전월세 전환율,6.46153846153846,%
서울,구로구,2013-08,지역별전월세전환율_아파트,전월세 전환율,6.06934170876872,%
서울,구로구,2013-09,지역별전월세전환율_아파트,전월세 전환율,6,%
서울,구로구,2013-10,지역별전월세전환율_아파트,전월세 전환율,6,%
서울,구로구,2013-11,지역별전월세전환율_아파트,전월세 전환율,6,%
서울,구로구,2013-12,지역별전월세전환율_아파트,전월세 전환율,6,%
서울,구로구,2014-01,지역별전월세전환율_아파트,전월세 전환율,5.99073869900772,%
서울,구로구,2014-02,지역별전월세전환율_아파트,전월세 전환율,5.91132451513391,%
서울,구로구,2014-03,지역별전월세전환율_아파트,전월세 전환율,5.9746782463116,%
서울,구로구,2014-04,지역별전월세전환율_아파트,전월세 전환율,5.78544061302682,%
서울,구로구,2014-05,지역별전월세전환율_아파트,전월세 전환율,5.79310344827586,%
서울,구로구,2014-06,지역별전월세전환율_아파트,전월세 전환율,5.82857142857143,%
서울,구로구,2014-07,지역별전월세전환율_아파트,전월세 전환율,5.7495652173913,%
서울,구로구,2014-08,지역별전월세전환율_아파트,전월세 전환율,5.85227575801449,%
서울,구로구,2014-09,지역별전월세전환율_아파트,전월세 전환율,5.69510756177914,%
서울,구로구,2014-10,지역별전월세전환율_아파트,전월세 전환율,5.64485918323447,%
서울,구로구,2014-11,지역별전월세전환율_아파트,전월세 전환율,5.59721720274666,%
서울,구로구,2014-12,지역별전월세전환율_아파트,전월세 전환율,5.48121246229504,%
서울,구로구,2015-01,지역별전월세전환율_아파트,전월세 전환율,5.49990633625666,%
서울,구로구,2015-02,지역별전월세전환율_아파트,전월세 전환율,5.34842488523033,%
서울,구로구,2015-03,지역별전월세전환율_아파트,전월세 전환율,5.34842488523033,%
서울,구로구,2015-04,지역별전월세전환율_아파트,전월세 전환율,5.34842488523033,%
서울,구로구,2015-05,지역별전월세전환율_아파트,전월세 전환율,5.34842488523033,%
서울,구로구,2015-06,지역별전월세전환율_아파트,전월세 전환율,5.34641056559346,%
서울,구로구,2015-07,지역별전월세전환율_아파트,전월세 전환율,5.2705931183081,%
서울,구로구,2015-08,지역별전월세전환율_아파트,전월세 전환율,5.1063829787234,%
서울,구로구,2015-09,지역별전월세전환율_아파트,전월세 전환율,5.03662182996148,%
서울,구로구,2015-10,지역별전월세전환율_아파트,전월세 전환율,4.90909090909091,%
서울,구로구,2015-11,지역별전월세전환율_아파트,전월세 전환율,4.8,%
서울,구로구,2015-12,지역별전월세전환율_아파트,전월세 전환율,4.71008403361344,%
서울,구로구,2016-01,지역별전월세전환율_아파트,전월세 전환율,4.55619596541787,%
서울,구로구,2016-02,지역별전월세전환율_아파트,전월세 전환율,4.61538461538461,%
서울,구로구,2016-03,지역별전월세전환율_아파트,전월세 전환율,4.55474452554745,%
서울,구로구,2016-04,지역별전월세전환율_아파트,전월세 전환율,4.5,%
서울,구로구,2016-05,지역별전월세전환율_아파트,전월세 전환율,4.51764705882353,%
서울,구로구,2016-06,지역별전월세전환율_아파트,전월세 전환율,4.52457608928955,%
서울,구로구,2016-07,지역별전월세전환율_아파트,전월세 전환율,4.50117028200633,%
서울,구로구,2016-08,지역별전월세전환율_아파트,전월세 전환율,4.33333333333333,%
서울,구로구,2016-09,지역별전월세전환율_아파트,전월세 전환율,4.36363636363636,%
서울,구로구,2016-10,지역별전월세전환율_아파트,전월세 전환율,4.36363636363636,%
서울,구로구,2016-11,지역별전월세전환율_아파트,전월세 전환율,4.36363636363636,%
서울,구로구,2016-12,지역별전월세전환율_아파트,전월세 전환율,4.3943661971831,%
서울,구로구,2017-01,지역별전월세전환율_아파트,전월세 전환율,4.36363636363636,%
서울,구로구,2017-02,지역별전월세전환율_아파트,전월세 전환율,4.30038922804941,%
서울,구로구,2017-03,지역별전월세전환율_아파트,전월세 전환율,4.2,%
서울,구로구,2017-04,지역별전월세전환율_아파트,전월세 전환율,4.13793103448276,%
서울,구로구,2017-05,지역별전월세전환율_아파트,전월세 전환율,4.2,%
서울,구로구,2017-06,지역별전월세전환율_아파트,전월세 전환율,4.23027718550107,%
서울,구로구,2017-07,지역별전월세전환율_아파트,전월세 전환율,4.20526315789474,%
서울,구로구,2017-08,지역별전월세전환율_아파트,전월세 전환율,4.28571428571429,%
서울,구로구,2017-09,지역별전월세전환율_아파트,전월세 전환율,4.2203605425839,%
서울,구로구,2017-10,지역별전월세전환율_아파트,전월세 전환율,4.25590891956066,%
서울,구로구,2017-11,지역별전월세전환율_아파트,전월세 전환율,4.23766853072581,%
서울,구로구,2017-12,지역별전월세전환율_아파트,전월세 전환율,4.26711084646095,%
서울,구로구,2018-01,지역별전월세전환율_아파트,전월세 전환율,4.23529411764706,%
서울,구로구,2018-02,지역별전월세전환율_아파트,전월세 전환율,4.22674538344394,%
서울,구로구,2018-03,지역별전월세전환율_아파트,전월세 전환율,4.28571428571428,%
서울,구로구,2018-04,지역별전월세전환율_아파트,전월세 전환율,4.28571428571429,%
서울,구로구,2018-05,지역별전월세전환율_아파트,전월세 전환율,4.26150449201309,%
서울,구로구,2018-06,지역별전월세전환율_아파트,전월세 전환율,4.19029696639647,%
서울,구로구,2018-07,지역별전월세전환율_아파트,전월세 전환율,4.17391304347826,%
서울,구로구,2018-08,지역별전월세전환율_아파트,전월세 전환율,4.10220232707207,%
서울,구로구,2018-09,지역별전월세전환율_아파트,전월세 전환율,4.09090909090909,%
서울,구로구,2018-10,지역별전월세전환율_아파트,전월세 전환율,4.08497263934518,%
서울,구로구,2018-11,지역별전월세전환율_아파트,전월세 전환율,4.02927981109799,%
서울,구로구,2018-12,지역별전월세전환율_아파트,전월세 전환율,4,%
서울,구로구,2019-01,지역별전월세전환율_아파트,전월세 전환율,4.00039239383785,%
서울,구로구,2019-02,지역별전월세전환율_아파트,전월세 전환율,4,%
서울,구로구,2019-03,지역별전월세전환율_아파트,전월세 전환율,4,%
서울,구로구,2019-04,지역별전월세전환율_아파트,전월세 전환율,4.08510638297872,%
서울,구로구,2019-05,지역별전월세전환율_아파트,전월세 전환율,4.08800773694391,%
서울,구로구,2019-06,지역별전월세전환율_아파트,전월세 전환율,4.13793103448276,%
서울,구로구,2019-07,지역별전월세전환율_아파트,전월세 전환율,4.10526315789474,%
서울,구로구,2019-08,지역별전월세전환율_아파트,전월세 전환율,4.13306874636596,%
서울,구로구,2019-09,지역별전월세전환율_아파트,전월세 전환율,4.15384615384615,%
서울,구로구,2019-10,지역별전월세전환율_아파트,전월세 전환율,4.11428571428571,%
서울,구로구,2019-11,지역별전월세전환율_아파트,전월세 전환율,4.09090909090909,%
서울,구로구,2019-12,지역별전월세전환율_아파트,전월세 전환율,4.31281773339969,%
서울,구로구,2020-01,지역별전월세전환율_아파트,전월세 전환율,4.2,%
서울,구로구,2020-02,지역별전월세전환율_아파트,전월세 전환율,4.21052631578947,%
서울,구로구,2020-03,지역별전월세전환율_아파트,전월세 전환율,4.18291089626339,%
서울,구로구,2020-04,지역별전월세전환율_아파트,전월세 전환율,4.17391304347826,%
서울,구로구,2020-05,지역별전월세전환율_아파트,전월세 전환율,4.21621621621622,%
서울,구로구,2020-06,지역별전월세전환율_아파트,전월세 전환율,4.11428571428571,%
서울,구로구,2020-07,지역별전월세전환율_아파트,전월세 전환율,4.00412157878109,%
서울,구로구,2020-08,지역별전월세전환율_아파트,전월세 전환율,4,%
서울,구로구,2020-09,지역별전월세전환율_아파트,전월세 전환율,4,%
서울,구로구,2020-10,지역별전월세전환율_아파트,전월세 전환율,3.99875015623047,%
서울,구로구,2020-11,지역별전월세전환율_아파트,전월세 전환율,3.90132849757544,%
서울,구로구,2020-12,지역별전월세전환율_아파트,전월세 전환율,3.99539881431988,%
서울,구로구,2021-01,지역별전월세전환율_아파트,전월세 전환율,4.06797235023041,%
서울,구로구,2021-02,지역별전월세전환율_아파트,전월세 전환율,4.09789413773477,%
서울,구로구,2021-03,지역별전월세전환율_아파트,전월세 전환율,4.09212042251246,%
서울,구로구,2021-04,지역별전월세전환율_아파트,전월세 전환율,4.06779661016949,%
서울,구로구,2021-05,지역별전월세전환율_아파트,전월세 전환율,4.06092533211177,%
서울,구로구,2021-06,지역별전월세전환율_아파트,전월세 전환율,3.93174061433447,%
서울,구로구,2021-07,지역별전월세전환율_아파트,전월세 전환율,3.82725261580222,%
서울,구로구,2021-08,지역별전월세전환율_아파트,전월세 전환율,4,%
서울,구로구,2021-09,지역별전월세전환율_아파트,전월세 전환율,4.11935743303157,%
서울,구로구,2021-10,지역별전월세전환율_아파트,전월세 전환율,4.17015841448361,%
서울,구로구,2021-11,지역별전월세전환율_아파트,전월세 전환율,4.05405405405405,%
서울,구로구,2021-12,지역별전월세전환율_아파트,전월세 전환율,4.15848132685497,%
서울,구로구,2022-01,지역별전월세전환율_아파트,전월세 전환율,4.21487603305785,%
서울,구로구,2022-02,지역별전월세전환율_아파트,전월세 전환율,4.17391304347826,%
서울,구로구,2022-03,지역별전월세전환율_아파트,전월세 전환율,4.17391304347826,%
서울,구로구,2022-04,지역별전월세전환율_아파트,전월세 전환율,4.18768028709656,%
서울,구로구,2022-05,지역별전월세전환율_아파트,전월세 전환율,4.39024390243903,%
서울,구로구,2022-06,지역별전월세전환율_아파트,전월세 전환율,4.42553191489362,%
서울,구로구,2022-07,지역별전월세전환율_아파트,전월세 전환율,4.25436128306134,%
서울,구로구,2022-08,지역별전월세전환율_아파트,전월세 전환율,4.26456071076012,%
서울,구로구,2022-09,지역별전월세전환율_아파트,전월세 전환율,4.4280442804428,%
서울,구로구,2022-10,지역별전월세전환율_아파트,전월세 전환율,4.32,%
서울,구로구,2022-11,지역별전월세전환율_아파트,전월세 전환율,4.36363636363636,%
서울,구로구,2022-12,지역별전월세전환율_아파트,전월세 전환율,4.39655172413793,%
서울,구로구,2023-01,지역별전월세전환율_아파트,전월세 전환율,4.49567723342939,%
서울,구로구,2023-02,지역별전월세전환율_아파트,전월세 전환율,4.59695218411839,%
서울,구로구,2023-03,지역별전월세전환율_아파트,전월세 전환율,4.63448275862069,%
서울,구로구,2023-04,지역별전월세전환율_아파트,전월세 전환율,4.90096218808581,%
서울,구로구,2023-05,지역별전월세전환율_아파트,전월세 전환율,4.8,%
서울,구로구,2023-06,지역별전월세전환율_아파트,전월세 전환율,4.8,%
서울,구로구,2023-07,지역별전월세전환율_아파트,전월세 전환율,4.76774232390126,%
서울,구로구,2023-08,지역별전월세전환율_아파트,전월세 전환율,4.66666666666667,%
서울,구로구,2023-09,지역별전월세전환율_아파트,전월세 전환율,4.54547800138129,%
서울,구로구,2023-10,지역별전월세전환율_아파트,전월세 전환율,4.30011198208287,%
서울,구로구,2023-11,지역별전월세전환율_아파트,전월세 전환율,4.2698064258631,%
서울,구로구,2023-12,지역별전월세전환율_아파트,전월세 전환율,4.30278884462151,%
서울,구로구,2024-01,지역별전월세전환율_아파트,전월세 전환율,4.23605995404982,%
서울,구로구,2024-02,지역별전월세전환율_아파트,전월세 전환율,4.26450661116715,%
서울,구로구,2024-03,지역별전월세전환율_아파트,전월세 전환율,4.45168067226891,%
서울,구로구,2024-04,지역별전월세전환율_아파트,전월세 전환율,4.52855006412989,%
서울,구로구,2024-05,지역별전월세전환율_아파트,전월세 전환율,4.52879824146733,%
서울,구로구,2024-06,지역별전월세전환율_아파트,전월세 전환율,4.5600000000000005,%
서울,구로구,2024-07,지역별전월세전환율_아파트,전월세 전환율,4.59651544515804,%
서울,구로구,2024-08,지역별전월세전환율_아파트,전월세 전환율,4.50414364640884,%
서울,구로구,2024-09,지역별전월세전환율_아파트,전월세 전환율,4.4763576375517,%
서울,구로구,2024-10,지역별전월세전환율_아파트,전월세 전환율,4.4859813084112,%
서울,구로구,2024-11,지역별전월세전환율_아파트,전월세 전환율,4.4444444444444,%
서울,구로구,2024-12,지역별전월세전환율_아파트,전월세 전환율,4.5,%
서울,구로구,2025-01,지역별전월세전환율_아파트,전월세 전환율,4.5226417903621,%
서울,구로구,2025-02,지역별전월세전환율_아파트,전월세 전환율,4.8,%
서울,구로구,2025-03,지역별전월세전환율_아파트,전월세 전환율,4.8,%
서울,구로구,2025-04,지역별전월세전환율_아파트,전월세 전환율,4.7411494508197,%
서울,구로구,2025-05,지역별전월세전환율_아파트,전월세 전환율,4.7404751232631,%
서울,구로구,2025-06,지역별전월세전환율_아파트,전월세 전환율,4.684875491481,%
서울,구로구,2025-07,지역별전월세전환율_아파트,전월세 전환율,4.6666666666667,%
서울,구로구,2025-08,지역별전월세전환율_아파트,전월세 전환율,4.5,%
서울,구로구,2025-09,지역별전월세전환율_아파트,전월세 전환율,4.3865934065934,%
서울,구로구,2025-10,지역별전월세전환율_아파트,전월세 전환율,4.3945293485182,%
서울,구로구,2025-11,지역별전월세전환율_아파트,전월세 전환율,4.3943661971831,%
서울,구로구,2025-12,지역별전월세전환율_아파트,전월세 전환율,4.4615526247276,%
서울,구로구,2026-01,지역별전월세전환율_아파트,전월세 전환율,4.4175698802054,%
서울,구로구,2026-02,지역별전월세전환율_아파트,전월세 전환율,4.342931769267,%
서울,구로구,2026-03,지역별전월세전환율_아파트,전월세 전환율,4.4048202447597,%
서울,구로구,2026-04,지역별전월세전환율_아파트,전월세 전환율,4.4705882352941,%
서울,구로구,2026-05,지역별전월세전환율_아파트,전월세 전환율,4.5569620253165,%
서울,구로구,2026-06,지역별전월세전환율_아파트,전월세 전환율,4.4781995182816,%
서울,구로구,2026-07,지역별전월세전환율_아파트,전월세 전환율,4.6153846153846,%
서울,금천구,2011-01,지역별전월세전환율_아파트,전월세 전환율,7.68905660377358,%
서울,금천구,2011-02,지역별전월세전환율_아파트,전월세 전환율,7.68905660377358,%
서울,금천구,2011-03,지역별전월세전환율_아파트,전월세 전환율,7.68905660377358,%
서울,금천구,2011-04,지역별전월세전환율_아파트,전월세 전환율,7.68905660377358,%
서울,금천구,2011-05,지역별전월세전환율_아파트,전월세 전환율,7.68905660377358,%
서울,금천구,2011-06,지역별전월세전환율_아파트,전월세 전환율,7.68905660377358,%
서울,금천구,2011-07,지역별전월세전환율_아파트,전월세 전환율,7.5333633298165,%
서울,금천구,2011-08,지역별전월세전환율_아파트,전월세 전환율,7.5,%
서울,금천구,2011-09,지역별전월세전환율_아파트,전월세 전환율,7.64704838171338,%
서울,금천구,2011-10,지역별전월세전환율_아파트,전월세 전환율,7.64170600903851,%
서울,금천구,2011-11,지역별전월세전환율_아파트,전월세 전환율,7.5,%
서울,금천구,2011-12,지역별전월세전환율_아파트,전월세 전환율,7.68,%
서울,금천구,2012-01,지역별전월세전환율_아파트,전월세 전환율,7.51207180174779,%
서울,금천구,2012-02,지역별전월세전환율_아파트,전월세 전환율,7.28429581986028,%
서울,금천구,2012-03,지역별전월세전환율_아파트,전월세 전환율,7.2,%
서울,금천구,2012-04,지역별전월세전환율_아파트,전월세 전환율,7.2,%
서울,금천구,2012-05,지역별전월세전환율_아파트,전월세 전환율,7.09090909090909,%
서울,금천구,2012-06,지역별전월세전환율_아파트,전월세 전환율,6.85714285714286,%
서울,금천구,2012-07,지역별전월세전환율_아파트,전월세 전환율,6.85714285714286,%
서울,금천구,2012-08,지역별전월세전환율_아파트,전월세 전환율,6.85714285714286,%
서울,금천구,2012-09,지역별전월세전환율_아파트,전월세 전환율,6.93747851168381,%
서울,금천구,2012-10,지역별전월세전환율_아파트,전월세 전환율,7.02098118786067,%
서울,금천구,2012-11,지역별전월세전환율_아파트,전월세 전환율,6.85714285714286,%
서울,금천구,2012-12,지역별전월세전환율_아파트,전월세 전환율,6.86141906873614,%
서울,금천구,2013-01,지역별전월세전환율_아파트,전월세 전환율,6.85714285714286,%
서울,금천구,2013-02,지역별전월세전환율_아파트,전월세 전환율,7,%
서울,금천구,2013-03,지역별전월세전환율_아파트,전월세 전환율,7.06897197255096,%
서울,금천구,2013-04,지역별전월세전환율_아파트,전월세 전환율,7.02941176470588,%
서울,금천구,2013-05,지역별전월세전환율_아파트,전월세 전환율,6.74864376130199,%
서울,금천구,2013-06,지역별전월세전환율_아파트,전월세 전환율,6.66666666666667,%
서울,금천구,2013-07,지역별전월세전환율_아파트,전월세 전환율,6.7303842687669,%
서울,금천구,2013-08,지역별전월세전환율_아파트,전월세 전환율,6.63529411764706,%
서울,금천구,2013-09,지역별전월세전환율_아파트,전월세 전환율,6.46153846153846,%
서울,금천구,2013-10,지역별전월세전환율_아파트,전월세 전환율,6.65315863583208,%
서울,금천구,2013-11,지역별전월세전환율_아파트,전월세 전환율,6.72,%
서울,금천구,2013-12,지역별전월세전환율_아파트,전월세 전환율,6.82857142857143,%
서울,금천구,2014-01,지역별전월세전환율_아파트,전월세 전환율,6.79008184882041,%
서울,금천구,2014-02,지역별전월세전환율_아파트,전월세 전환율,6.74394589484401,%
서울,금천구,2014-03,지역별전월세전환율_아파트,전월세 전환율,6.66666666666667,%
서울,금천구,2014-04,지역별전월세전환율_아파트,전월세 전환율,6.49225036063807,%
서울,금천구,2014-05,지역별전월세전환율_아파트,전월세 전환율,6.27450980392157,%
서울,금천구,2014-06,지역별전월세전환율_아파트,전월세 전환율,6,%
서울,금천구,2014-07,지역별전월세전환율_아파트,전월세 전환율,6,%
서울,금천구,2014-08,지역별전월세전환율_아파트,전월세 전환율,6,%
서울,금천구,2014-09,지역별전월세전환율_아파트,전월세 전환율,5.95358540933999,%
서울,금천구,2014-10,지역별전월세전환율_아파트,전월세 전환율,6,%
서울,금천구,2014-11,지역별전월세전환율_아파트,전월세 전환율,6,%
서울,금천구,2014-12,지역별전월세전환율_아파트,전월세 전환율,6,%
서울,금천구,2015-01,지역별전월세전환율_아파트,전월세 전환율,6,%
서울,금천구,2015-02,지역별전월세전환율_아파트,전월세 전환율,6,%
서울,금천구,2015-03,지역별전월세전환율_아파트,전월세 전환율,5.66371681415929,%
서울,금천구,2015-04,지역별전월세전환율_아파트,전월세 전환율,5.56521739130435,%
서울,금천구,2015-05,지역별전월세전환율_아파트,전월세 전환율,5.57142857142857,%
서울,금천구,2015-06,지역별전월세전환율_아파트,전월세 전환율,5.53846153846154,%
서울,금천구,2015-07,지역별전월세전환율_아파트,전월세 전환율,5.32343663017257,%
서울,금천구,2015-08,지역별전월세전환율_아파트,전월세 전환율,5.14285714285714,%
서울,금천구,2015-09,지역별전월세전환율_아파트,전월세 전환율,5.12368185548214,%
서울,금천구,2015-10,지역별전월세전환율_아파트,전월세 전환율,4.94685039370079,%
서울,금천구,2015-11,지역별전월세전환율_아파트,전월세 전환율,4.8,%
서울,금천구,2015-12,지역별전월세전환율_아파트,전월세 전환율,4.84059851306077,%
서울,금천구,2016-01,지역별전월세전환율_아파트,전월세 전환율,4.8,%
서울,금천구,2016-02,지역별전월세전환율_아파트,전월세 전환율,4.88564074029231,%
서울,금천구,2016-03,지역별전월세전환율_아파트,전월세 전환율,4.93524106597952,%
서울,금천구,2016-04,지역별전월세전환율_아파트,전월세 전환율,4.94117647058823,%
서울,금천구,2016-05,지역별전월세전환율_아파트,전월세 전환율,4.89795918367347,%
서울,금천구,2016-06,지역별전월세전환율_아파트,전월세 전환율,4.70588235294118,%
서울,금천구,2016-07,지역별전월세전환율_아파트,전월세 전환율,4.73684210526316,%
서울,금천구,2016-08,지역별전월세전환율_아파트,전월세 전환율,4.80107130900569,%
서울,금천구,2016-09,지역별전월세전환율_아파트,전월세 전환율,4.93725490196078,%
서울,금천구,2016-10,지역별전월세전환율_아파트,전월세 전환율,4.8,%
서울,금천구,2016-11,지역별전월세전환율_아파트,전월세 전환율,4.94971511181591,%
서울,금천구,2016-12,지역별전월세전환율_아파트,전월세 전환율,4.88888888888889,%
서울,금천구,2017-01,지역별전월세전환율_아파트,전월세 전환율,4.8,%
서울,금천구,2017-02,지역별전월세전환율_아파트,전월세 전환율,4.64516129032258,%
서울,금천구,2017-03,지역별전월세전환율_아파트,전월세 전환율,4.56185151237397,%
서울,금천구,2017-04,지역별전월세전환율_아파트,전월세 전환율,4.5,%
서울,금천구,2017-05,지역별전월세전환율_아파트,전월세 전환율,4.5,%
서울,금천구,2017-06,지역별전월세전환율_아파트,전월세 전환율,4.56370302474794,%
서울,금천구,2017-07,지역별전월세전환율_아파트,전월세 전환율,4.42105263157895,%
서울,금천구,2017-08,지역별전월세전환율_아파트,전월세 전환율,4.60936409485047,%
서울,금천구,2017-09,지역별전월세전환율_아파트,전월세 전환율,4.63464071673354,%
서울,금천구,2017-10,지역별전월세전환율_아파트,전월세 전환율,4.71428571428571,%
서울,금천구,2017-11,지역별전월세전환율_아파트,전월세 전환율,4.78267954836457,%
서울,금천구,2017-12,지역별전월세전환율_아파트,전월세 전환율,4.71428571428571,%
서울,금천구,2018-01,지역별전월세전환율_아파트,전월세 전환율,4.74772727272727,%
서울,금천구,2018-02,지역별전월세전환율_아파트,전월세 전환율,4.66274509803922,%
서울,금천구,2018-03,지역별전월세전환율_아파트,전월세 전환율,4.61538461538462,%
서울,금천구,2018-04,지역별전월세전환율_아파트,전월세 전환율,4.5,%
서울,금천구,2018-05,지역별전월세전환율_아파트,전월세 전환율,4.5,%
서울,금천구,2018-06,지역별전월세전환율_아파트,전월세 전환율,4.5,%
서울,금천구,2018-07,지역별전월세전환율_아파트,전월세 전환율,4.44444444444444,%
서울,금천구,2018-08,지역별전월세전환율_아파트,전월세 전환율,4.44728679398559,%
서울,금천구,2018-09,지역별전월세전환율_아파트,전월세 전환율,4.5,%
서울,금천구,2018-10,지역별전월세전환율_아파트,전월세 전환율,4.61295546558704,%
서울,금천구,2018-11,지역별전월세전환율_아파트,전월세 전환율,4.63157894736842,%
서울,금천구,2018-12,지역별전월세전환율_아파트,전월세 전환율,4.61538461538462,%
서울,금천구,2019-01,지역별전월세전환율_아파트,전월세 전환율,4.61538461538462,%
서울,금천구,2019-02,지역별전월세전환율_아파트,전월세 전환율,4.66355710124728,%
서울,금천구,2019-03,지역별전월세전환율_아파트,전월세 전환율,4.64981558987808,%
서울,금천구,2019-04,지역별전월세전환율_아파트,전월세 전환율,4.61538461538462,%
서울,금천구,2019-05,지역별전월세전환율_아파트,전월세 전환율,4.61538461538462,%
서울,금천구,2019-06,지역별전월세전환율_아파트,전월세 전환율,4.70593220757568,%
서울,금천구,2019-07,지역별전월세전환율_아파트,전월세 전환율,4.53385390143156,%
서울,금천구,2019-08,지역별전월세전환율_아파트,전월세 전환율,4.5,%
서울,금천구,2019-09,지역별전월세전환율_아파트,전월세 전환율,4.42105263157895,%
서울,금천구,2019-10,지역별전월세전환율_아파트,전월세 전환율,4.43076923076923,%
서울,금천구,2019-11,지역별전월세전환율_아파트,전월세 전환율,4.46748498999333,%
서울,금천구,2019-12,지역별전월세전환율_아파트,전월세 전환율,4.50882352941176,%
서울,금천구,2020-01,지역별전월세전환율_아파트,전월세 전환율,4.58532389130401,%
서울,금천구,2020-02,지역별전월세전환율_아파트,전월세 전환율,4.54976303317535,%
서울,금천구,2020-03,지역별전월세전환율_아파트,전월세 전환율,4.5,%
서울,금천구,2020-04,지역별전월세전환율_아파트,전월세 전환율,4.5,%
서울,금천구,2020-05,지역별전월세전환율_아파트,전월세 전환율,4.5,%
서울,금천구,2020-06,지역별전월세전환율_아파트,전월세 전환율,4.4695541076517,%
서울,금천구,2020-07,지역별전월세전환율_아파트,전월세 전환율,4.36363636363636,%
서울,금천구,2020-08,지역별전월세전환율_아파트,전월세 전환율,4.30285714285714,%
서울,금천구,2020-09,지역별전월세전환율_아파트,전월세 전환율,4.30661337820782,%
서울,금천구,2020-10,지역별전월세전환율_아파트,전월세 전환율,4.48050020030006,%
서울,금천구,2020-11,지역별전월세전환율_아파트,전월세 전환율,4.48479845386606,%
서울,금천구,2020-12,지역별전월세전환율_아파트,전월세 전환율,4.5,%
서울,금천구,2021-01,지역별전월세전환율_아파트,전월세 전환율,4.5,%
서울,금천구,2021-02,지역별전월세전환율_아파트,전월세 전환율,4.45567802391125,%
서울,금천구,2021-03,지역별전월세전환율_아파트,전월세 전환율,4.35502958579882,%
서울,금천구,2021-04,지역별전월세전환율_아파트,전월세 전환율,4.31654676258993,%
서울,금천구,2021-05,지역별전월세전환율_아파트,전월세 전환율,4.18369445193129,%
서울,금천구,2021-06,지역별전월세전환율_아파트,전월세 전환율,3.9344262295082,%
서울,금천구,2021-07,지역별전월세전환율_아파트,전월세 전환율,3.84,%
서울,금천구,2021-08,지역별전월세전환율_아파트,전월세 전환율,3.88235294117647,%
서울,금천구,2021-09,지역별전월세전환율_아파트,전월세 전환율,3.85714285714286,%
서울,금천구,2021-10,지역별전월세전환율_아파트,전월세 전환율,3.89117647058824,%
서울,금천구,2021-11,지역별전월세전환율_아파트,전월세 전환율,4,%
서울,금천구,2021-12,지역별전월세전환율_아파트,전월세 전환율,4.25196850393701,%
서울,금천구,2022-01,지역별전월세전환율_아파트,전월세 전환율,4.28571428571429,%
서울,금천구,2022-02,지역별전월세전환율_아파트,전월세 전환율,4.34485592151081,%
서울,금천구,2022-03,지역별전월세전환율_아파트,전월세 전환율,4.29735352771008,%
서울,금천구,2022-04,지역별전월세전환율_아파트,전월세 전환율,4.28571428571429,%
서울,금천구,2022-05,지역별전월세전환율_아파트,전월세 전환율,4.29539857401975,%
서울,금천구,2022-06,지역별전월세전환율_아파트,전월세 전환율,4.32534689574379,%
서울,금천구,2022-07,지역별전월세전환율_아파트,전월세 전환율,4.38410149027113,%
서울,금천구,2022-08,지역별전월세전환율_아파트,전월세 전환율,4.42191813850068,%
서울,금천구,2022-09,지역별전월세전환율_아파트,전월세 전환율,4.60104211637679,%
서울,금천구,2022-10,지역별전월세전환율_아파트,전월세 전환율,4.69565217391304,%
서울,금천구,2022-11,지역별전월세전환율_아파트,전월세 전환율,4.6959820821785,%
서울,금천구,2022-12,지역별전월세전환율_아파트,전월세 전환율,4.75516558165865,%
서울,금천구,2023-01,지역별전월세전환율_아파트,전월세 전환율,4.78336221837088,%
서울,금천구,2023-02,지역별전월세전환율_아파트,전월세 전환율,5,%
서울,금천구,2023-03,지역별전월세전환율_아파트,전월세 전환율,5.18448538753283,%
서울,금천구,2023-04,지역별전월세전환율_아파트,전월세 전환율,5.18918918918919,%
서울,금천구,2023-05,지역별전월세전환율_아파트,전월세 전환율,5.14285714285714,%
서울,금천구,2023-06,지역별전월세전환율_아파트,전월세 전환율,5.09090909090909,%
서울,금천구,2023-07,지역별전월세전환율_아파트,전월세 전환율,4.9611189981372,%
서울,금천구,2023-08,지역별전월세전환율_아파트,전월세 전환율,4.92055250717289,%
서울,금천구,2023-09,지역별전월세전환율_아파트,전월세 전환율,4.8,%
서울,금천구,2023-10,지역별전월세전환율_아파트,전월세 전환율,4.92967503594581,%
서울,금천구,2023-11,지역별전월세전환율_아파트,전월세 전환율,4.93631414912181,%
서울,금천구,2023-12,지역별전월세전환율_아파트,전월세 전환율,4.88663626983768,%
서울,금천구,2024-01,지역별전월세전환율_아파트,전월세 전환율,4.90909090909091,%
서울,금천구,2024-02,지역별전월세전환율_아파트,전월세 전환율,4.92307692307692,%
서울,금천구,2024-03,지역별전월세전환율_아파트,전월세 전환율,4.93196905404143,%
서울,금천구,2024-04,지역별전월세전환율_아파트,전월세 전환율,4.94117647058823,%
서울,금천구,2024-05,지역별전월세전환율_아파트,전월세 전환율,4.80348873682492,%
서울,금천구,2024-06,지역별전월세전환율_아파트,전월세 전환율,4.844886753603294,%
서울,금천구,2024-07,지역별전월세전환율_아파트,전월세 전환율,4.8,%
서울,금천구,2024-08,지역별전월세전환율_아파트,전월세 전환율,4.87386363636364,%
서울,금천구,2024-09,지역별전월세전환율_아파트,전월세 전환율,4.8923076923077,%
서울,금천구,2024-10,지역별전월세전환율_아파트,전월세 전환율,4.9787234042553,%
서울,금천구,2024-11,지역별전월세전환율_아파트,전월세 전환율,5.0084337349398,%
서울,금천구,2024-12,지역별전월세전환율_아파트,전월세 전환율,5.0831665747053,%
서울,금천구,2025-01,지역별전월세전환율_아파트,전월세 전환율,5.1428571428571,%
서울,금천구,2025-02,지역별전월세전환율_아파트,전월세 전환율,5.1426849363654,%
서울,금천구,2025-03,지역별전월세전환율_아파트,전월세 전환율,5.1087470449173,%
서울,금천구,2025-04,지역별전월세전환율_아파트,전월세 전환율,5.1147540983607,%
서울,금천구,2025-05,지역별전월세전환율_아파트,전월세 전환율,5.2173913043478,%
서울,금천구,2025-06,지역별전월세전환율_아파트,전월세 전환율,5.104716146671,%
서울,금천구,2025-07,지역별전월세전환율_아파트,전월세 전환율,5.0909090909091,%
서울,금천구,2025-08,지역별전월세전환율_아파트,전월세 전환율,5.1154479794726,%
서울,금천구,2025-09,지역별전월세전환율_아파트,전월세 전환율,4.9492268041237,%
서울,금천구,2025-10,지역별전월세전환율_아파트,전월세 전환율,5.0769230769231,%
서울,금천구,2025-11,지역별전월세전환율_아파트,전월세 전환율,5.0950672826679,%
서울,금천구,2025-12,지역별전월세전환율_아파트,전월세 전환율,5.2047242098325,%
서울,금천구,2026-01,지역별전월세전환율_아파트,전월세 전환율,5.3333333333333,%
서울,금천구,2026-02,지역별전월세전환율_아파트,전월세 전환율,5.1633145795477,%
서울,금천구,2026-03,지역별전월세전환율_아파트,전월세 전환율,5.2173913043478,%
서울,금천구,2026-04,지역별전월세전환율_아파트,전월세 전환율,5.0093331593318,%
서울,금천구,2026-05,지역별전월세전환율_아파트,전월세 전환율,5.0920199635076,%
서울,금천구,2026-06,지역별전월세전환율_아파트,전월세 전환율,5.1822938993438,%
서울,금천구,2026-07,지역별전월세전환율_아파트,전월세 전환율,5.1072101331601,%
서울,노원구,2011-01,지역별전월세전환율_아파트,전월세 전환율,7.64424379232506,%
서울,노원구,2011-02,지역별전월세전환율_아파트,전월세 전환율,7.64424379232506,%
서울,노원구,2011-03,지역별전월세전환율_아파트,전월세 전환율,7.64424379232506,%
서울,노원구,2011-04,지역별전월세전환율_아파트,전월세 전환율,7.64424379232506,%
서울,노원구,2011-05,지역별전월세전환율_아파트,전월세 전환율,7.64424379232506,%
서울,노원구,2011-06,지역별전월세전환율_아파트,전월세 전환율,7.64424379232506,%
서울,노원구,2011-07,지역별전월세전환율_아파트,전월세 전환율,7.57894736842105,%
서울,노원구,2011-08,지역별전월세전환율_아파트,전월세 전환율,7.5,%
서울,노원구,2011-09,지역별전월세전환율_아파트,전월세 전환율,7.5,%
서울,노원구,2011-10,지역별전월세전환율_아파트,전월세 전환율,7.4116601991678,%
서울,노원구,2011-11,지역별전월세전환율_아파트,전월세 전환율,7.37963581828278,%
서울,노원구,2011-12,지역별전월세전환율_아파트,전월세 전환율,7.33333333333333,%
서울,노원구,2012-01,지역별전월세전환율_아파트,전월세 전환율,7.28897654485081,%
서울,노원구,2012-02,지역별전월세전환율_아파트,전월세 전환율,7.32731549547526,%
서울,노원구,2012-03,지역별전월세전환율_아파트,전월세 전환율,7.33333333333333,%
서울,노원구,2012-04,지역별전월세전환율_아파트,전월세 전환율,7.29643887273744,%
서울,노원구,2012-05,지역별전월세전환율_아파트,전월세 전환율,7.27022072303293,%
서울,노원구,2012-06,지역별전월세전환율_아파트,전월세 전환율,7.24747527329516,%
서울,노원구,2012-07,지역별전월세전환율_아파트,전월세 전환율,7.2,%
서울,노원구,2012-08,지역별전월세전환율_아파트,전월세 전환율,7.2,%
서울,노원구,2012-09,지역별전월세전환율_아파트,전월세 전환율,7.2,%
서울,노원구,2012-10,지역별전월세전환율_아파트,전월세 전환율,7.2,%
서울,노원구,2012-11,지역별전월세전환율_아파트,전월세 전환율,7.2,%
서울,노원구,2012-12,지역별전월세전환율_아파트,전월세 전환율,7.18514123414022,%
서울,노원구,2013-01,지역별전월세전환율_아파트,전월세 전환율,7.19500546943785,%
서울,노원구,2013-02,지역별전월세전환율_아파트,전월세 전환율,7.08734128510966,%
서울,노원구,2013-03,지역별전월세전환율_아파트,전월세 전환율,7.05882352941176,%
서울,노원구,2013-04,지역별전월세전환율_아파트,전월세 전환율,7.02249372290007,%
서울,노원구,2013-05,지역별전월세전환율_아파트,전월세 전환율,6.94736842105263,%
서울,노원구,2013-06,지역별전월세전환율_아파트,전월세 전환율,6.92307692307692,%
서울,노원구,2013-07,지역별전월세전환율_아파트,전월세 전환율,6.8,%
서울,노원구,2013-08,지역별전월세전환율_아파트,전월세 전환율,6.75,%
서울,노원구,2013-09,지역별전월세전환율_아파트,전월세 전환율,6.69308100656181,%
서울,노원구,2013-10,지역별전월세전환율_아파트,전월세 전환율,6.57701495178271,%
서울,노원구,2013-11,지역별전월세전환율_아파트,전월세 전환율,6.4994980415539,%
서울,노원구,2013-12,지역별전월세전환율_아파트,전월세 전환율,6.42857142857143,%
서울,노원구,2014-01,지역별전월세전환율_아파트,전월세 전환율,6.3907225691347,%
서울,노원구,2014-02,지역별전월세전환율_아파트,전월세 전환율,6.27285468047747,%
서울,노원구,2014-03,지역별전월세전환율_아파트,전월세 전환율,6.23942755461326,%
서울,노원구,2014-04,지역별전월세전환율_아파트,전월세 전환율,6.2647168688326,%
서울,노원구,2014-05,지역별전월세전환율_아파트,전월세 전환율,6.26086956521739,%
서울,노원구,2014-06,지역별전월세전환율_아파트,전월세 전환율,6.18862140233009,%
서울,노원구,2014-07,지역별전월세전환율_아파트,전월세 전환율,6.1590748353057,%
서울,노원구,2014-08,지역별전월세전환율_아파트,전월세 전환율,6.10123637925173,%
서울,노원구,2014-09,지역별전월세전환율_아파트,전월세 전환율,6.00642914938144,%
서울,노원구,2014-10,지역별전월세전환율_아파트,전월세 전환율,6,%
서울,노원구,2014-11,지역별전월세전환율_아파트,전월세 전환율,6,%
서울,노원구,2014-12,지역별전월세전환율_아파트,전월세 전환율,5.92326721465999,%
서울,노원구,2015-01,지역별전월세전환율_아파트,전월세 전환율,5.86144814090019,%
서울,노원구,2015-02,지역별전월세전환율_아파트,전월세 전환율,5.76,%
서울,노원구,2015-03,지역별전월세전환율_아파트,전월세 전환율,5.71368476159574,%
서울,노원구,2015-04,지역별전월세전환율_아파트,전월세 전환율,5.60316560624875,%
서울,노원구,2015-05,지역별전월세전환율_아파트,전월세 전환율,5.54783384870414,%
서울,노원구,2015-06,지역별전월세전환율_아파트,전월세 전환율,5.5,%
서울,노원구,2015-07,지역별전월세전환율_아파트,전월세 전환율,5.45454545454546,%
서울,노원구,2015-08,지역별전월세전환율_아파트,전월세 전환율,5.36842105263158,%
서울,노원구,2015-09,지역별전월세전환율_아파트,전월세 전환율,5.28,%
서울,노원구,2015-10,지역별전월세전환율_아파트,전월세 전환율,5.2,%
서울,노원구,2015-11,지역별전월세전환율_아파트,전월세 전환율,5.1196095687655,%
서울,노원구,2015-12,지역별전월세전환율_아파트,전월세 전환율,4.97688374496552,%
서울,노원구,2016-01,지역별전월세전환율_아파트,전월세 전환율,4.89891163591932,%
서울,노원구,2016-02,지역별전월세전환율_아파트,전월세 전환율,4.81751824817518,%
서울,노원구,2016-03,지역별전월세전환율_아파트,전월세 전환율,4.8,%
서울,노원구,2016-04,지역별전월세전환율_아파트,전월세 전환율,4.8,%
서울,노원구,2016-05,지역별전월세전환율_아파트,전월세 전환율,4.8,%
서울,노원구,2016-06,지역별전월세전환율_아파트,전월세 전환율,4.8,%
서울,노원구,2016-07,지역별전월세전환율_아파트,전월세 전환율,4.8,%
서울,노원구,2016-08,지역별전월세전환율_아파트,전월세 전환율,4.76496350364963,%
서울,노원구,2016-09,지역별전월세전환율_아파트,전월세 전환율,4.77979949948025,%
서울,노원구,2016-10,지역별전월세전환율_아파트,전월세 전환율,4.69725884816952,%
서울,노원구,2016-11,지역별전월세전환율_아파트,전월세 전환율,4.64516129032258,%
서울,노원구,2016-12,지역별전월세전환율_아파트,전월세 전환율,4.61538461538461,%
서울,노원구,2017-01,지역별전월세전환율_아파트,전월세 전환율,4.61538461538462,%
서울,노원구,2017-02,지역별전월세전환율_아파트,전월세 전환율,4.58823529411765,%
서울,노원구,2017-03,지역별전월세전환율_아파트,전월세 전환율,4.57335821091635,%
서울,노원구,2017-04,지역별전월세전환율_아파트,전월세 전환율,4.55708908406524,%
서울,노원구,2017-05,지역별전월세전환율_아파트,전월세 전환율,4.56,%
서울,노원구,2017-06,지역별전월세전환율_아파트,전월세 전환율,4.54433345891953,%
서울,노원구,2017-07,지역별전월세전환율_아파트,전월세 전환율,4.52682995918946,%
서울,노원구,2017-08,지역별전월세전환율_아파트,전월세 전환율,4.5,%
서울,노원구,2017-09,지역별전월세전환율_아파트,전월세 전환율,4.5,%
서울,노원구,2017-10,지역별전월세전환율_아파트,전월세 전환율,4.49181873980419,%
서울,노원구,2017-11,지역별전월세전환율_아파트,전월세 전환율,4.5,%
서울,노원구,2017-12,지역별전월세전환율_아파트,전월세 전환율,4.5,%
서울,노원구,2018-01,지역별전월세전환율_아파트,전월세 전환율,4.5,%
서울,노원구,2018-02,지역별전월세전환율_아파트,전월세 전환율,4.52903225806452,%
서울,노원구,2018-03,지역별전월세전환율_아파트,전월세 전환율,4.54388720027018,%
서울,노원구,2018-04,지역별전월세전환율_아파트,전월세 전환율,4.57142857142857,%
서울,노원구,2018-05,지역별전월세전환율_아파트,전월세 전환율,4.55351708121982,%
서울,노원구,2018-06,지역별전월세전환율_아파트,전월세 전환율,4.56029232643118,%
서울,노원구,2018-07,지역별전월세전환율_아파트,전월세 전환율,4.56592685158933,%
서울,노원구,2018-08,지역별전월세전환율_아파트,전월세 전환율,4.57587548638132,%
서울,노원구,2018-09,지역별전월세전환율_아파트,전월세 전환율,4.57142857142857,%
서울,노원구,2018-10,지역별전월세전환율_아파트,전월세 전환율,4.52207882804325,%
서울,노원구,2018-11,지역별전월세전환율_아파트,전월세 전환율,4.5,%
서울,노원구,2018-12,지역별전월세전환율_아파트,전월세 전환율,4.5,%
서울,노원구,2019-01,지역별전월세전환율_아파트,전월세 전환율,4.45198199979069,%
서울,노원구,2019-02,지역별전월세전환율_아파트,전월세 전환율,4.44581850016621,%
서울,노원구,2019-03,지역별전월세전환율_아파트,전월세 전환율,4.5,%
서울,노원구,2019-04,지역별전월세전환율_아파트,전월세 전환율,4.52198692318319,%
서울,노원구,2019-05,지역별전월세전환율_아파트,전월세 전환율,4.57017725564466,%
서울,노원구,2019-06,지역별전월세전환율_아파트,전월세 전환율,4.57587548638132,%
서울,노원구,2019-07,지역별전월세전환율_아파트,전월세 전환율,4.57322469207691,%
서울,노원구,2019-08,지역별전월세전환율_아파트,전월세 전환율,4.57142857142857,%
서울,노원구,2019-09,지역별전월세전환율_아파트,전월세 전환율,4.55373437009725,%
서울,노원구,2019-10,지역별전월세전환율_아파트,전월세 전환율,4.5011815328184,%
서울,노원구,2019-11,지역별전월세전환율_아파트,전월세 전환율,4.5,%
서울,노원구,2019-12,지역별전월세전환율_아파트,전월세 전환율,4.44790739091718,%
서울,노원구,2020-01,지역별전월세전환율_아파트,전월세 전환율,4.5,%
서울,노원구,2020-02,지역별전월세전환율_아파트,전월세 전환율,4.5,%
서울,노원구,2020-03,지역별전월세전환율_아파트,전월세 전환율,4.4714413572854,%
서울,노원구,2020-04,지역별전월세전환율_아파트,전월세 전환율,4.44444444444444,%
서울,노원구,2020-05,지역별전월세전환율_아파트,전월세 전환율,4.44444444444444,%
서울,노원구,2020-06,지역별전월세전환율_아파트,전월세 전환율,4.45983613480868,%
서울,노원구,2020-07,지역별전월세전환율_아파트,전월세 전환율,4.44,%
서울,노원구,2020-08,지역별전월세전환율_아파트,전월세 전환율,4.44467394261463,%
서울,노원구,2020-09,지역별전월세전환율_아파트,전월세 전환율,4.41175214910545,%
서울,노원구,2020-10,지역별전월세전환율_아파트,전월세 전환율,4.4050525721544,%
서울,노원구,2020-11,지역별전월세전환율_아파트,전월세 전환율,4.39024390243902,%
서울,노원구,2020-12,지역별전월세전환율_아파트,전월세 전환율,4.35116580310881,%
서울,노원구,2021-01,지역별전월세전환율_아파트,전월세 전환율,4.31524594800392,%
서울,노원구,2021-02,지역별전월세전환율_아파트,전월세 전환율,4.30892496301755,%
서울,노원구,2021-03,지역별전월세전환율_아파트,전월세 전환율,4.28571428571429,%
서울,노원구,2021-04,지역별전월세전환율_아파트,전월세 전환율,4.28571428571429,%
서울,노원구,2021-05,지역별전월세전환율_아파트,전월세 전환율,4.23529411764706,%
서울,노원구,2021-06,지역별전월세전환율_아파트,전월세 전환율,4.2770177390849,%
서울,노원구,2021-07,지역별전월세전환율_아파트,전월세 전환율,4.22346368715084,%
서울,노원구,2021-08,지역별전월세전환율_아파트,전월세 전환율,4.24698164270288,%
서울,노원구,2021-09,지역별전월세전환율_아파트,전월세 전환율,4.2603550295858,%
서울,노원구,2021-10,지역별전월세전환율_아파트,전월세 전환율,4.25813597037736,%
서울,노원구,2021-11,지역별전월세전환율_아파트,전월세 전환율,4.28571428571429,%
서울,노원구,2021-12,지역별전월세전환율_아파트,전월세 전환율,4.32321253336508,%
서울,노원구,2022-01,지역별전월세전환율_아파트,전월세 전환율,4.37345528850832,%
서울,노원구,2022-02,지역별전월세전환율_아파트,전월세 전환율,4.40119760479042,%
서울,노원구,2022-03,지역별전월세전환율_아파트,전월세 전환율,4.4342581445743,%
서울,노원구,2022-04,지역별전월세전환율_아파트,전월세 전환율,4.45714285714286,%
서울,노원구,2022-05,지역별전월세전환율_아파트,전월세 전환율,4.40560480330794,%
서울,노원구,2022-06,지역별전월세전환율_아파트,전월세 전환율,4.4352903941002,%
서울,노원구,2022-07,지역별전월세전환율_아파트,전월세 전환율,4.5,%
서울,노원구,2022-08,지역별전월세전환율_아파트,전월세 전환율,4.51518679619608,%
서울,노원구,2022-09,지역별전월세전환율_아파트,전월세 전환율,4.5,%
서울,노원구,2022-10,지역별전월세전환율_아파트,전월세 전환율,4.54654036000056,%
서울,노원구,2022-11,지역별전월세전환율_아파트,전월세 전환율,4.63422066415322,%
서울,노원구,2022-12,지역별전월세전환율_아파트,전월세 전환율,4.65883773253581,%
서울,노원구,2023-01,지역별전월세전환율_아파트,전월세 전환율,4.66192489121009,%
서울,노원구,2023-02,지역별전월세전환율_아파트,전월세 전환율,4.70231022153322,%
서울,노원구,2023-03,지역별전월세전환율_아파트,전월세 전환율,4.75692916114238,%
서울,노원구,2023-04,지역별전월세전환율_아파트,전월세 전환율,4.8,%
서울,노원구,2023-05,지역별전월세전환율_아파트,전월세 전환율,4.78882493835778,%
서울,노원구,2023-06,지역별전월세전환율_아파트,전월세 전환율,4.82950898724123,%
서울,노원구,2023-07,지역별전월세전환율_아파트,전월세 전환율,4.85968051491253,%
서울,노원구,2023-08,지역별전월세전환율_아파트,전월세 전환율,4.90541292916796,%
서울,노원구,2023-09,지역별전월세전환율_아파트,전월세 전환율,4.92,%
서울,노원구,2023-10,지역별전월세전환율_아파트,전월세 전환율,4.89805838665731,%
서울,노원구,2023-11,지역별전월세전환율_아파트,전월세 전환율,4.86987654941795,%
서울,노원구,2023-12,지역별전월세전환율_아파트,전월세 전환율,4.86486486486486,%
서울,노원구,2024-01,지역별전월세전환율_아파트,전월세 전환율,4.81679071171144,%
서울,노원구,2024-02,지역별전월세전환율_아파트,전월세 전환율,4.8,%
서울,노원구,2024-03,지역별전월세전환율_아파트,전월세 전환율,4.74857142857143,%
서울,노원구,2024-04,지역별전월세전환율_아파트,전월세 전환율,4.8,%
서울,노원구,2024-05,지역별전월세전환율_아파트,전월세 전환율,4.77216161769884,%
서울,노원구,2024-06,지역별전월세전환율_아파트,전월세 전환율,4.761904761904763,%
서울,노원구,2024-07,지역별전월세전환율_아파트,전월세 전환율,4.70318971965747,%
서울,노원구,2024-08,지역별전월세전환율_아파트,전월세 전환율,4.69565217391304,%
서울,노원구,2024-09,지역별전월세전환율_아파트,전월세 전환율,4.6666666666667,%
서울,노원구,2024-10,지역별전월세전환율_아파트,전월세 전환율,4.6498093119339,%
서울,노원구,2024-11,지역별전월세전환율_아파트,전월세 전환율,4.6490775355411,%
서울,노원구,2024-12,지역별전월세전환율_아파트,전월세 전환율,4.6924900360621,%
서울,노원구,2025-01,지역별전월세전환율_아파트,전월세 전환율,4.7143143893268,%
서울,노원구,2025-02,지역별전월세전환율_아파트,전월세 전환율,4.7335294760123,%
서울,노원구,2025-03,지역별전월세전환율_아파트,전월세 전환율,4.7368421052632,%
서울,노원구,2025-04,지역별전월세전환율_아파트,전월세 전환율,4.7272727272727,%
서울,노원구,2025-05,지역별전월세전환율_아파트,전월세 전환율,4.7063149626359,%
서울,노원구,2025-06,지역별전월세전환율_아파트,전월세 전환율,4.6952198336915,%
서울,노원구,2025-07,지역별전월세전환율_아파트,전월세 전환율,4.693126289006,%
서울,노원구,2025-08,지역별전월세전환율_아파트,전월세 전환율,4.6753246753247,%
서울,노원구,2025-09,지역별전월세전환율_아파트,전월세 전환율,4.695652173913,%
서울,노원구,2025-10,지역별전월세전환율_아파트,전월세 전환율,4.7272727272727,%
서울,노원구,2025-11,지역별전월세전환율_아파트,전월세 전환율,4.7524752475248,%
서울,노원구,2025-12,지역별전월세전환율_아파트,전월세 전환율,4.771898068275,%
서울,노원구,2026-01,지역별전월세전환율_아파트,전월세 전환율,4.74,%
서울,노원구,2026-02,지역별전월세전환율_아파트,전월세 전환율,4.7428571428571,%
서울,노원구,2026-03,지역별전월세전환율_아파트,전월세 전환율,4.7492307692308,%
서울,노원구,2026-04,지역별전월세전환율_아파트,전월세 전환율,4.7633053221289,%
서울,노원구,2026-05,지역별전월세전환율_아파트,전월세 전환율,4.7675675675676,%
서울,노원구,2026-06,지역별전월세전환율_아파트,전월세 전환율,4.695652173913,%
서울,노원구,2026-07,지역별전월세전환율_아파트,전월세 전환율,4.6937913954962,%
서울,도봉구,2011-01,지역별전월세전환율_아파트,전월세 전환율,7.99999999999999,%
서울,도봉구,2011-02,지역별전월세전환율_아파트,전월세 전환율,7.99999999999999,%
서울,도봉구,2011-03,지역별전월세전환율_아파트,전월세 전환율,7.99999999999999,%
서울,도봉구,2011-04,지역별전월세전환율_아파트,전월세 전환율,7.99999999999999,%
서울,도봉구,2011-05,지역별전월세전환율_아파트,전월세 전환율,7.99999999999999,%
서울,도봉구,2011-06,지역별전월세전환율_아파트,전월세 전환율,7.99999999999999,%
서울,도봉구,2011-07,지역별전월세전환율_아파트,전월세 전환율,7.94117647058823,%
서울,도봉구,2011-08,지역별전월세전환율_아파트,전월세 전환율,7.75820352652803,%
서울,도봉구,2011-09,지역별전월세전환율_아파트,전월세 전환율,7.71428571428571,%
서울,도봉구,2011-10,지역별전월세전환율_아파트,전월세 전환율,7.5,%
서울,도봉구,2011-11,지역별전월세전환율_아파트,전월세 전환율,7.41818181818182,%
서울,도봉구,2011-12,지역별전월세전환율_아파트,전월세 전환율,7.5,%
서울,도봉구,2012-01,지역별전월세전환율_아파트,전월세 전환율,7.52941176470588,%
서울,도봉구,2012-02,지역별전월세전환율_아파트,전월세 전환율,7.49391590855928,%
서울,도봉구,2012-03,지역별전월세전환율_아파트,전월세 전환율,7.42457993187931,%
서울,도봉구,2012-04,지역별전월세전환율_아파트,전월세 전환율,7.3972602739726,%
서울,도봉구,2012-05,지역별전월세전환율_아파트,전월세 전환율,7.3972602739726,%
서울,도봉구,2012-06,지역별전월세전환율_아파트,전월세 전환율,7.39214806505889,%
서울,도봉구,2012-07,지역별전월세전환율_아파트,전월세 전환율,7.38153503893215,%
서울,도봉구,2012-08,지역별전월세전환율_아파트,전월세 전환율,7.33085646396807,%
서울,도봉구,2012-09,지역별전월세전환율_아파트,전월세 전환율,7.3484693877551,%
서울,도봉구,2012-10,지역별전월세전환율_아파트,전월세 전환율,7.30434782608696,%
서울,도봉구,2012-11,지역별전월세전환율_아파트,전월세 전환율,7.30558200976929,%
서울,도봉구,2012-12,지역별전월세전환율_아파트,전월세 전환율,7.2,%
서울,도봉구,2013-01,지역별전월세전환율_아파트,전월세 전환율,7.2,%
서울,도봉구,2013-02,지역별전월세전환율_아파트,전월세 전환율,7.08550764300487,%
서울,도봉구,2013-03,지역별전월세전환율_아파트,전월세 전환율,7.06784140969163,%
서울,도봉구,2013-04,지역별전월세전환율_아파트,전월세 전환율,6.95096591770831,%
서울,도봉구,2013-05,지역별전월세전환율_아파트,전월세 전환율,6.85291255975295,%
서울,도봉구,2013-06,지역별전월세전환율_아파트,전월세 전환율,6.85714285714285,%
서울,도봉구,2013-07,지역별전월세전환율_아파트,전월세 전환율,6.84,%
서울,도봉구,2013-08,지역별전월세전환율_아파트,전월세 전환율,6.85714285714286,%
서울,도봉구,2013-09,지역별전월세전환율_아파트,전월세 전환율,6.83076923076923,%
서울,도봉구,2013-10,지역별전월세전환율_아파트,전월세 전환율,6.75,%
서울,도봉구,2013-11,지역별전월세전환율_아파트,전월세 전환율,6.66666666666667,%
서울,도봉구,2013-12,지역별전월세전환율_아파트,전월세 전환율,6.54545454545455,%
서울,도봉구,2014-01,지역별전월세전환율_아파트,전월세 전환율,6.4977421286363,%
서울,도봉구,2014-02,지역별전월세전환율_아파트,전월세 전환율,6.4,%
서울,도봉구,2014-03,지역별전월세전환율_아파트,전월세 전환율,6.34442555258684,%
서울,도봉구,2014-04,지역별전월세전환율_아파트,전월세 전환율,6.27906976744186,%
서울,도봉구,2014-05,지역별전월세전환율_아파트,전월세 전환율,6.27631866064955,%
서울,도봉구,2014-06,지역별전월세전환율_아파트,전월세 전환율,6.17454306765105,%
서울,도봉구,2014-07,지역별전월세전환율_아파트,전월세 전환율,6.13727197012439,%
서울,도봉구,2014-08,지역별전월세전환율_아파트,전월세 전환율,6.18287277701778,%
서울,도봉구,2014-09,지역별전월세전환율_아파트,전월세 전환율,6.19354838709677,%
서울,도봉구,2014-10,지역별전월세전환율_아파트,전월세 전환율,6.20102257931341,%
서울,도봉구,2014-11,지역별전월세전환율_아파트,전월세 전환율,6.14955937912444,%
서울,도봉구,2014-12,지역별전월세전환율_아파트,전월세 전환율,6.07569170609469,%
서울,도봉구,2015-01,지역별전월세전환율_아파트,전월세 전환율,6,%
서울,도봉구,2015-02,지역별전월세전환율_아파트,전월세 전환율,6,%
서울,도봉구,2015-03,지역별전월세전환율_아파트,전월세 전환율,5.82247707752469,%
서울,도봉구,2015-04,지역별전월세전환율_아파트,전월세 전환율,5.71428571428571,%
서울,도봉구,2015-05,지역별전월세전환율_아파트,전월세 전환율,5.675118679038,%
서울,도봉구,2015-06,지역별전월세전환율_아파트,전월세 전환율,5.66502352437981,%
서울,도봉구,2015-07,지역별전월세전환율_아파트,전월세 전환율,5.64705882352941,%
서울,도봉구,2015-08,지역별전월세전환율_아파트,전월세 전환율,5.5,%
서울,도봉구,2015-09,지역별전월세전환율_아파트,전월세 전환율,5.4,%
서울,도봉구,2015-10,지역별전월세전환율_아파트,전월세 전환율,5.27145420639668,%
서울,도봉구,2015-11,지역별전월세전환율_아파트,전월세 전환율,5.12304974977922,%
서울,도봉구,2015-12,지역별전월세전환율_아파트,전월세 전환율,5.00869565217391,%
서울,도봉구,2016-01,지역별전월세전환율_아파트,전월세 전환율,4.94117647058824,%
서울,도봉구,2016-02,지역별전월세전환율_아파트,전월세 전환율,4.92468199608611,%
서울,도봉구,2016-03,지역별전월세전환율_아파트,전월세 전환율,4.95381089730926,%
서울,도봉구,2016-04,지역별전월세전환율_아파트,전월세 전환율,4.88888888888889,%
서울,도봉구,2016-05,지역별전월세전환율_아파트,전월세 전환율,4.8,%
서울,도봉구,2016-06,지역별전월세전환율_아파트,전월세 전환율,4.8,%
서울,도봉구,2016-07,지역별전월세전환율_아파트,전월세 전환율,4.68208351001802,%
서울,도봉구,2016-08,지역별전월세전환율_아파트,전월세 전환율,4.66737504137703,%
서울,도봉구,2016-09,지역별전월세전환율_아파트,전월세 전환율,4.61530805096105,%
서울,도봉구,2016-10,지역별전월세전환율_아파트,전월세 전환율,4.54641148325359,%
서울,도봉구,2016-11,지역별전월세전환율_아파트,전월세 전환율,4.5,%
서울,도봉구,2016-12,지역별전월세전환율_아파트,전월세 전환율,4.5,%
서울,도봉구,2017-01,지역별전월세전환율_아파트,전월세 전환율,4.5,%
서울,도봉구,2017-02,지역별전월세전환율_아파트,전월세 전환율,4.53752380973949,%
서울,도봉구,2017-03,지역별전월세전환율_아파트,전월세 전환율,4.5,%
서울,도봉구,2017-04,지역별전월세전환율_아파트,전월세 전환율,4.5,%
서울,도봉구,2017-05,지역별전월세전환율_아파트,전월세 전환율,4.5,%
서울,도봉구,2017-06,지역별전월세전환율_아파트,전월세 전환율,4.53333333333333,%
서울,도봉구,2017-07,지역별전월세전환율_아파트,전월세 전환율,4.52349362189893,%
서울,도봉구,2017-08,지역별전월세전환율_아파트,전월세 전환율,4.55459488651259,%
서울,도봉구,2017-09,지역별전월세전환율_아파트,전월세 전환율,4.57142857142857,%
서울,도봉구,2017-10,지역별전월세전환율_아파트,전월세 전환율,4.55172413793103,%
서울,도봉구,2017-11,지역별전월세전환율_아파트,전월세 전환율,4.57142857142857,%
서울,도봉구,2017-12,지역별전월세전환율_아파트,전월세 전환율,4.55083314009342,%
서울,도봉구,2018-01,지역별전월세전환율_아파트,전월세 전환율,4.61538461538461,%
서울,도봉구,2018-02,지역별전월세전환율_아파트,전월세 전환율,4.61120272547705,%
서울,도봉구,2018-03,지역별전월세전환율_아파트,전월세 전환율,4.56,%
서울,도봉구,2018-04,지역별전월세전환율_아파트,전월세 전환율,4.52888334596285,%
서울,도봉구,2018-05,지역별전월세전환율_아파트,전월세 전환율,4.62873159229435,%
서울,도봉구,2018-06,지역별전월세전환율_아파트,전월세 전환율,4.61538461538461,%
서울,도봉구,2018-07,지역별전월세전환율_아파트,전월세 전환율,4.57142857142857,%
서울,도봉구,2018-08,지역별전월세전환율_아파트,전월세 전환율,4.55474452554744,%
서울,도봉구,2018-09,지역별전월세전환율_아파트,전월세 전환율,4.5,%
서울,도봉구,2018-10,지역별전월세전환율_아파트,전월세 전환율,4.51660558572293,%
서울,도봉구,2018-11,지역별전월세전환율_아파트,전월세 전환율,4.5,%
서울,도봉구,2018-12,지역별전월세전환율_아파트,전월세 전환율,4.5,%
서울,도봉구,2019-01,지역별전월세전환율_아파트,전월세 전환율,4.55948331114727,%
서울,도봉구,2019-02,지역별전월세전환율_아파트,전월세 전환율,4.59540517459762,%
서울,도봉구,2019-03,지역별전월세전환율_아파트,전월세 전환율,4.61538461538462,%
서울,도봉구,2019-04,지역별전월세전환율_아파트,전월세 전환율,4.57142857142857,%
서울,도봉구,2019-05,지역별전월세전환율_아파트,전월세 전환율,4.64286473649648,%
서울,도봉구,2019-06,지역별전월세전환율_아파트,전월세 전환율,4.63962698899048,%
서울,도봉구,2019-07,지역별전월세전환율_아파트,전월세 전환율,4.61538461538462,%
서울,도봉구,2019-08,지역별전월세전환율_아파트,전월세 전환율,4.57583502362755,%
서울,도봉구,2019-09,지역별전월세전환율_아파트,전월세 전환율,4.57142857142857,%
서울,도봉구,2019-10,지역별전월세전환율_아파트,전월세 전환율,4.55249745158002,%
서울,도봉구,2019-11,지역별전월세전환율_아파트,전월세 전환율,4.47502074688797,%
서울,도봉구,2019-12,지역별전월세전환율_아파트,전월세 전환율,4.5,%
서울,도봉구,2020-01,지역별전월세전환율_아파트,전월세 전환율,4.43243601765661,%
서울,도봉구,2020-02,지역별전월세전환율_아파트,전월세 전환율,4.43478260869565,%
서울,도봉구,2020-03,지역별전월세전환율_아파트,전월세 전환율,4.38734342773781,%
서울,도봉구,2020-04,지역별전월세전환율_아파트,전월세 전환율,4.43478260869565,%
서울,도봉구,2020-05,지역별전월세전환율_아파트,전월세 전환율,4.45457110440172,%
서울,도봉구,2020-06,지역별전월세전환율_아파트,전월세 전환율,4.43478260869565,%
서울,도봉구,2020-07,지역별전월세전환율_아파트,전월세 전환율,4.42997689006273,%
서울,도봉구,2020-08,지역별전월세전환율_아파트,전월세 전환율,4.36363636363636,%
서울,도봉구,2020-09,지역별전월세전환율_아파트,전월세 전환율,4.4,%
서울,도봉구,2020-10,지역별전월세전환율_아파트,전월세 전환율,4.36954634396298,%
서울,도봉구,2020-11,지역별전월세전환율_아파트,전월세 전환율,4.36363636363636,%
서울,도봉구,2020-12,지역별전월세전환율_아파트,전월세 전환율,4.321599114677,%
서울,도봉구,2021-01,지역별전월세전환율_아파트,전월세 전환율,4.43771840360968,%
서울,도봉구,2021-02,지역별전월세전환율_아파트,전월세 전환율,4.32,%
서울,도봉구,2021-03,지역별전월세전환율_아파트,전월세 전환율,4.25196850393701,%
서울,도봉구,2021-04,지역별전월세전환율_아파트,전월세 전환율,4.20178424938474,%
서울,도봉구,2021-05,지역별전월세전환율_아파트,전월세 전환율,4.2,%
서울,도봉구,2021-06,지역별전월세전환율_아파트,전월세 전환율,4.16970725498515,%
서울,도봉구,2021-07,지역별전월세전환율_아파트,전월세 전환율,4.08510638297872,%
서울,도봉구,2021-08,지역별전월세전환율_아파트,전월세 전환율,4.10958904109589,%
서울,도봉구,2021-09,지역별전월세전환율_아파트,전월세 전환율,4.10701914622039,%
서울,도봉구,2021-10,지역별전월세전환율_아파트,전월세 전환율,4.32,%
서울,도봉구,2021-11,지역별전월세전환율_아파트,전월세 전환율,4.33822784810127,%
서울,도봉구,2021-12,지역별전월세전환율_아파트,전월세 전환율,4.30103541900276,%
서울,도봉구,2022-01,지역별전월세전환율_아파트,전월세 전환율,4.33125,%
서울,도봉구,2022-02,지역별전월세전환율_아파트,전월세 전환율,4.31461199490374,%
서울,도봉구,2022-03,지역별전월세전환율_아파트,전월세 전환율,4.44575163398693,%
서울,도봉구,2022-04,지역별전월세전환율_아파트,전월세 전환율,4.33333333333333,%
서울,도봉구,2022-05,지역별전월세전환율_아파트,전월세 전환율,4.3103836942861,%
서울,도봉구,2022-06,지역별전월세전환율_아파트,전월세 전환율,4.36657681940701,%
서울,도봉구,2022-07,지역별전월세전환율_아파트,전월세 전환율,4.41703268071168,%
서울,도봉구,2022-08,지역별전월세전환율_아파트,전월세 전환율,4.44820340943274,%
서울,도봉구,2022-09,지역별전월세전환율_아파트,전월세 전환율,4.4606778292547,%
서울,도봉구,2022-10,지역별전월세전환율_아파트,전월세 전환율,4.49620253164557,%
서울,도봉구,2022-11,지역별전월세전환율_아파트,전월세 전환율,4.52848889629473,%
서울,도봉구,2022-12,지역별전월세전환율_아파트,전월세 전환율,4.57142857142857,%
서울,도봉구,2023-01,지역별전월세전환율_아파트,전월세 전환율,4.62306601738273,%
서울,도봉구,2023-02,지역별전월세전환율_아파트,전월세 전환율,4.72476717384989,%
서울,도봉구,2023-03,지역별전월세전환율_아파트,전월세 전환율,4.8,%
서울,도봉구,2023-04,지역별전월세전환율_아파트,전월세 전환율,4.80358995391927,%
서울,도봉구,2023-05,지역별전월세전환율_아파트,전월세 전환율,4.86530688317588,%
서울,도봉구,2023-06,지역별전월세전환율_아파트,전월세 전환율,4.90410569929794,%
서울,도봉구,2023-07,지역별전월세전환율_아파트,전월세 전환율,4.99887726786714,%
서울,도봉구,2023-08,지역별전월세전환율_아파트,전월세 전환율,4.93712901536313,%
서울,도봉구,2023-09,지역별전월세전환율_아파트,전월세 전환율,4.98651559881912,%
서울,도봉구,2023-10,지역별전월세전환율_아파트,전월세 전환율,4.94117647058823,%
서울,도봉구,2023-11,지역별전월세전환율_아파트,전월세 전환율,4.91581099316206,%
서울,도봉구,2023-12,지역별전월세전환율_아파트,전월세 전환율,4.91833507556119,%
서울,도봉구,2024-01,지역별전월세전환율_아파트,전월세 전환율,4.83028616306527,%
서울,도봉구,2024-02,지역별전월세전환율_아파트,전월세 전환율,4.84431986663017,%
서울,도봉구,2024-03,지역별전월세전환율_아파트,전월세 전환율,4.81722452567743,%
서울,도봉구,2024-04,지역별전월세전환율_아파트,전월세 전환율,4.8,%
서울,도봉구,2024-05,지역별전월세전환율_아파트,전월세 전환율,4.8,%
서울,도봉구,2024-06,지역별전월세전환율_아파트,전월세 전환율,4.748780759971609,%
서울,도봉구,2024-07,지역별전월세전환율_아파트,전월세 전환율,4.71428571428571,%
서울,도봉구,2024-08,지역별전월세전환율_아파트,전월세 전환율,4.65436756431372,%
서울,도봉구,2024-09,지역별전월세전환율_아파트,전월세 전환율,4.6538095075927,%
서울,도봉구,2024-10,지역별전월세전환율_아파트,전월세 전환율,4.6666666666667,%
서울,도봉구,2024-11,지역별전월세전환율_아파트,전월세 전환율,4.6740891724964,%
서울,도봉구,2024-12,지역별전월세전환율_아파트,전월세 전환율,4.6657304466699,%
서울,도봉구,2025-01,지역별전월세전환율_아파트,전월세 전환율,4.7432092731745,%
서울,도봉구,2025-02,지역별전월세전환율_아파트,전월세 전환율,4.8,%
서울,도봉구,2025-03,지역별전월세전환율_아파트,전월세 전환율,4.8,%
서울,도봉구,2025-04,지역별전월세전환율_아파트,전월세 전환율,4.875,%
서울,도봉구,2025-05,지역별전월세전환율_아파트,전월세 전환율,4.8602689795383,%
서울,도봉구,2025-06,지역별전월세전환율_아파트,전월세 전환율,4.875,%
서울,도봉구,2025-07,지역별전월세전환율_아파트,전월세 전환율,4.8615222544114,%
서울,도봉구,2025-08,지역별전월세전환율_아파트,전월세 전환율,4.8301886792453,%
서울,도봉구,2025-09,지역별전월세전환율_아파트,전월세 전환율,4.8711810325221,%
서울,도봉구,2025-10,지역별전월세전환율_아파트,전월세 전환율,4.9244833068363,%
서울,도봉구,2025-11,지역별전월세전환율_아파트,전월세 전환율,4.9729070680434,%
서울,도봉구,2025-12,지역별전월세전환율_아파트,전월세 전환율,4.8888888888889,%
서울,도봉구,2026-01,지역별전월세전환율_아파트,전월세 전환율,4.9231688950016,%
서울,도봉구,2026-02,지역별전월세전환율_아파트,전월세 전환율,4.9690806651093,%
서울,도봉구,2026-03,지역별전월세전환율_아파트,전월세 전환율,4.9180327868853,%
서울,도봉구,2026-04,지역별전월세전환율_아파트,전월세 전환율,4.875,%
서울,도봉구,2026-05,지역별전월세전환율_아파트,전월세 전환율,4.8066884848229,%
서울,도봉구,2026-06,지역별전월세전환율_아파트,전월세 전환율,4.8997128302884,%
서울,도봉구,2026-07,지역별전월세전환율_아파트,전월세 전환율,4.9230769230769,%
서울,동대문구,2011-01,지역별전월세전환율_아파트,전월세 전환율,7.50353324537391,%
서울,동대문구,2011-02,지역별전월세전환율_아파트,전월세 전환율,7.50353324537391,%
서울,동대문구,2011-03,지역별전월세전환율_아파트,전월세 전환율,7.50353324537391,%
서울,동대문구,2011-04,지역별전월세전환율_아파트,전월세 전환율,7.50353324537391,%
서울,동대문구,2011-05,지역별전월세전환율_아파트,전월세 전환율,7.50353324537391,%
서울,동대문구,2011-06,지역별전월세전환율_아파트,전월세 전환율,7.50353324537391,%
서울,동대문구,2011-07,지역별전월세전환율_아파트,전월세 전환율,7.42857142857143,%
서울,동대문구,2011-08,지역별전월세전환율_아파트,전월세 전환율,7.39607023546914,%
서울,동대문구,2011-09,지역별전월세전환율_아파트,전월세 전환율,7.24487651859215,%
서울,동대문구,2011-10,지역별전월세전환율_아파트,전월세 전환율,7.2,%
서울,동대문구,2011-11,지역별전월세전환율_아파트,전월세 전환율,7.1801841854557,%
서울,동대문구,2011-12,지역별전월세전환율_아파트,전월세 전환율,7.09090909090909,%
서울,동대문구,2012-01,지역별전월세전환율_아파트,전월세 전환율,7.05882352941176,%
서울,동대문구,2012-02,지역별전월세전환율_아파트,전월세 전환율,7.08007904394467,%
서울,동대문구,2012-03,지역별전월세전환율_아파트,전월세 전환율,7.04792277734168,%
서울,동대문구,2012-04,지역별전월세전환율_아파트,전월세 전환율,7.05882352941176,%
서울,동대문구,2012-05,지역별전월세전환율_아파트,전월세 전환율,6.96774193548387,%
서울,동대문구,2012-06,지역별전월세전환율_아파트,전월세 전환율,6.85714285714286,%
서울,동대문구,2012-07,지역별전월세전환율_아파트,전월세 전환율,6.92307692307692,%
서울,동대문구,2012-08,지역별전월세전환율_아파트,전월세 전환율,6.86834025698685,%
서울,동대문구,2012-09,지역별전월세전환율_아파트,전월세 전환율,7,%
서울,동대문구,2012-10,지역별전월세전환율_아파트,전월세 전환율,6.97478005865103,%
서울,동대문구,2012-11,지역별전월세전환율_아파트,전월세 전환율,6.99539861527643,%
서울,동대문구,2012-12,지역별전월세전환율_아파트,전월세 전환율,6.94399861932576,%
서울,동대문구,2013-01,지역별전월세전환율_아파트,전월세 전환율,6.87443528919936,%
서울,동대문구,2013-02,지역별전월세전환율_아파트,전월세 전환율,6.85714285714286,%
서울,동대문구,2013-03,지역별전월세전환율_아파트,전월세 전환율,6.82773404724547,%
서울,동대문구,2013-04,지역별전월세전환율_아파트,전월세 전환율,6.76056338028169,%
서울,동대문구,2013-05,지역별전월세전환율_아파트,전월세 전환율,6.66666666666667,%
서울,동대문구,2013-06,지역별전월세전환율_아파트,전월세 전환율,6.60044342038772,%
서울,동대문구,2013-07,지역별전월세전환율_아파트,전월세 전환율,6.46153846153846,%
서울,동대문구,2013-08,지역별전월세전환율_아파트,전월세 전환율,6.4,%
서울,동대문구,2013-09,지역별전월세전환율_아파트,전월세 전환율,6.35294117647059,%
서울,동대문구,2013-10,지역별전월세전환율_아파트,전월세 전환율,6.49352667322598,%
서울,동대문구,2013-11,지역별전월세전환율_아파트,전월세 전환율,6.5,%
서울,동대문구,2013-12,지역별전월세전환율_아파트,전월세 전환율,6.4,%
서울,동대문구,2014-01,지역별전월세전환율_아파트,전월세 전환율,6.34429754000058,%
서울,동대문구,2014-02,지역별전월세전환율_아파트,전월세 전환율,6.07697052592056,%
서울,동대문구,2014-03,지역별전월세전환율_아파트,전월세 전환율,6.06695213786993,%
서울,동대문구,2014-04,지역별전월세전환율_아파트,전월세 전환율,6,%
서울,동대문구,2014-05,지역별전월세전환율_아파트,전월세 전환율,5.99731684168328,%
서울,동대문구,2014-06,지역별전월세전환율_아파트,전월세 전환율,5.99730975370691,%
서울,동대문구,2014-07,지역별전월세전환율_아파트,전월세 전환율,5.79310344827586,%
서울,동대문구,2014-08,지역별전월세전환율_아파트,전월세 전환율,5.78317521066504,%
서울,동대문구,2014-09,지역별전월세전환율_아파트,전월세 전환율,5.76,%
서울,동대문구,2014-10,지역별전월세전환율_아파트,전월세 전환율,5.5992312218082,%
서울,동대문구,2014-11,지역별전월세전환율_아파트,전월세 전환율,5.38414581567392,%
서울,동대문구,2014-12,지역별전월세전환율_아파트,전월세 전환율,5.22352258081343,%
서울,동대문구,2015-01,지역별전월세전환율_아파트,전월세 전환율,5.14424300492537,%
서울,동대문구,2015-02,지역별전월세전환율_아파트,전월세 전환율,5.18374237071709,%
서울,동대문구,2015-03,지역별전월세전환율_아파트,전월세 전환율,5.2045892122836,%
서울,동대문구,2015-04,지역별전월세전환율_아파트,전월세 전환율,5.20435914745877,%
서울,동대문구,2015-05,지역별전월세전환율_아파트,전월세 전환율,5.22195274264054,%
서울,동대문구,2015-06,지역별전월세전환율_아파트,전월세 전환율,5.16,%
서울,동대문구,2015-07,지역별전월세전환율_아파트,전월세 전환율,5.14285714285714,%
서울,동대문구,2015-08,지역별전월세전환율_아파트,전월세 전환율,5.14285714285714,%
서울,동대문구,2015-09,지역별전월세전환율_아파트,전월세 전환율,5.05263157894737,%
서울,동대문구,2015-10,지역별전월세전환율_아파트,전월세 전환율,5.00068977749749,%
서울,동대문구,2015-11,지역별전월세전환율_아파트,전월세 전환율,4.94117647058824,%
서울,동대문구,2015-12,지역별전월세전환율_아파트,전월세 전환율,4.9454396194326,%
서울,동대문구,2016-01,지역별전월세전환율_아파트,전월세 전환율,4.8,%
서울,동대문구,2016-02,지역별전월세전환율_아파트,전월세 전환율,4.70588235294118,%
서울,동대문구,2016-03,지역별전월세전환율_아파트,전월세 전환율,4.64516129032258,%
서울,동대문구,2016-04,지역별전월세전환율_아파트,전월세 전환율,4.68115942028986,%
서울,동대문구,2016-05,지역별전월세전환율_아파트,전월세 전환율,4.61538461538461,%
서울,동대문구,2016-06,지역별전월세전환율_아파트,전월세 전환율,4.59395611416739,%
서울,동대문구,2016-07,지역별전월세전환율_아파트,전월세 전환율,4.57142813571751,%
서울,동대문구,2016-08,지역별전월세전환율_아파트,전월세 전환율,4.43823688757227,%
서울,동대문구,2016-09,지역별전월세전환율_아파트,전월세 전환율,4.36430603191372,%
서울,동대문구,2016-10,지역별전월세전환율_아파트,전월세 전환율,4.36363636363636,%
서울,동대문구,2016-11,지역별전월세전환율_아파트,전월세 전환율,4.28571428571429,%
서울,동대문구,2016-12,지역별전월세전환율_아파트,전월세 전환율,4.21492955958942,%
서울,동대문구,2017-01,지역별전월세전환율_아파트,전월세 전환율,4.33745162897781,%
서울,동대문구,2017-02,지역별전월세전환율_아파트,전월세 전환율,4.41177720921079,%
서울,동대문구,2017-03,지역별전월세전환율_아파트,전월세 전환율,4.42105263157895,%
서울,동대문구,2017-04,지역별전월세전환율_아파트,전월세 전환율,4.46511627906977,%
서울,동대문구,2017-05,지역별전월세전환율_아파트,전월세 전환율,4.45714285714286,%
서울,동대문구,2017-06,지역별전월세전환율_아파트,전월세 전환율,4.42146675434227,%
서울,동대문구,2017-07,지역별전월세전환율_아파트,전월세 전환율,4.21018593371059,%
서울,동대문구,2017-08,지역별전월세전환율_아파트,전월세 전환율,4.10924529497497,%
서울,동대문구,2017-09,지역별전월세전환율_아파트,전월세 전환율,4.05547134027525,%
서울,동대문구,2017-10,지역별전월세전환율_아파트,전월세 전환율,4.06935440381707,%
서울,동대문구,2017-11,지역별전월세전환율_아파트,전월세 전환율,4.00307526716384,%
서울,동대문구,2017-12,지역별전월세전환율_아파트,전월세 전환율,4.10972029773475,%
서울,동대문구,2018-01,지역별전월세전환율_아파트,전월세 전환율,4.10526315789474,%
서울,동대문구,2018-02,지역별전월세전환율_아파트,전월세 전환율,4.17391304347826,%
서울,동대문구,2018-03,지역별전월세전환율_아파트,전월세 전환율,4.18420826230344,%
서울,동대문구,2018-04,지역별전월세전환율_아파트,전월세 전환율,4.2,%
서울,동대문구,2018-05,지역별전월세전환율_아파트,전월세 전환율,4.23529411764706,%
서울,동대문구,2018-06,지역별전월세전환율_아파트,전월세 전환율,4.19047619047619,%
서울,동대문구,2018-07,지역별전월세전환율_아파트,전월세 전환율,4.2,%
서울,동대문구,2018-08,지역별전월세전환율_아파트,전월세 전환율,4.13793103448276,%
서울,동대문구,2018-09,지역별전월세전환율_아파트,전월세 전환율,4.09756097560976,%
서울,동대문구,2018-10,지역별전월세전환율_아파트,전월세 전환율,4.09359388184241,%
서울,동대문구,2018-11,지역별전월세전환율_아파트,전월세 전환율,4.09090909090909,%
서울,동대문구,2018-12,지역별전월세전환율_아파트,전월세 전환율,4.09090909090909,%
서울,동대문구,2019-01,지역별전월세전환율_아파트,전월세 전환율,4.06741785815737,%
서울,동대문구,2019-02,지역별전월세전환율_아파트,전월세 전환율,4.02146512410218,%
서울,동대문구,2019-03,지역별전월세전환율_아파트,전월세 전환율,4.09090909090909,%
서울,동대문구,2019-04,지역별전월세전환율_아파트,전월세 전환율,4.0777358490566,%
서울,동대문구,2019-05,지역별전월세전환율_아파트,전월세 전환율,4.00028222955874,%
서울,동대문구,2019-06,지역별전월세전환율_아파트,전월세 전환율,4,%
서울,동대문구,2019-07,지역별전월세전환율_아파트,전월세 전환율,4,%
서울,동대문구,2019-08,지역별전월세전환율_아파트,전월세 전환율,4.06779661016949,%
서울,동대문구,2019-09,지역별전월세전환율_아파트,전월세 전환율,4.00063788076177,%
서울,동대문구,2019-10,지역별전월세전환율_아파트,전월세 전환율,4,%
서울,동대문구,2019-11,지역별전월세전환율_아파트,전월세 전환율,3.98752936251366,%
서울,동대문구,2019-12,지역별전월세전환율_아파트,전월세 전환율,3.94520547945206,%
서울,동대문구,2020-01,지역별전월세전환율_아파트,전월세 전환율,4,%
서울,동대문구,2020-02,지역별전월세전환율_아파트,전월세 전환율,4,%
서울,동대문구,2020-03,지역별전월세전환율_아파트,전월세 전환율,4.10126582278481,%
서울,동대문구,2020-04,지역별전월세전환율_아파트,전월세 전환율,4.11871877754922,%
서울,동대문구,2020-05,지역별전월세전환율_아파트,전월세 전환율,4.12269165670209,%
서울,동대문구,2020-06,지역별전월세전환율_아파트,전월세 전환율,4.15106523378582,%
서울,동대문구,2020-07,지역별전월세전환율_아파트,전월세 전환율,4.10526315789474,%
서울,동대문구,2020-08,지역별전월세전환율_아파트,전월세 전환율,4,%
서울,동대문구,2020-09,지역별전월세전환율_아파트,전월세 전환율,4,%
서울,동대문구,2020-10,지역별전월세전환율_아파트,전월세 전환율,4.07221869040051,%
서울,동대문구,2020-11,지역별전월세전환율_아파트,전월세 전환율,4,%
서울,동대문구,2020-12,지역별전월세전환율_아파트,전월세 전환율,3.94285714285714,%
서울,동대문구,2021-01,지역별전월세전환율_아파트,전월세 전환율,3.92538576406172,%
서울,동대문구,2021-02,지역별전월세전환율_아파트,전월세 전환율,3.92521154216919,%
서울,동대문구,2021-03,지역별전월세전환율_아파트,전월세 전환율,3.8654340161182,%
서울,동대문구,2021-04,지역별전월세전환율_아파트,전월세 전환율,3.8403874846899,%
서울,동대문구,2021-05,지역별전월세전환율_아파트,전월세 전환율,4.05520934819327,%
서울,동대문구,2021-06,지역별전월세전환율_아파트,전월세 전환율,4.10507025045816,%
서울,동대문구,2021-07,지역별전월세전환율_아파트,전월세 전환율,4.18867924528302,%
서울,동대문구,2021-08,지역별전월세전환율_아파트,전월세 전환율,4.18730281503949,%
서울,동대문구,2021-09,지역별전월세전환율_아파트,전월세 전환율,4.35767571730809,%
서울,동대문구,2021-10,지역별전월세전환율_아파트,전월세 전환율,4.28571428571429,%
서울,동대문구,2021-11,지역별전월세전환율_아파트,전월세 전환율,4.19981467862921,%
서울,동대문구,2021-12,지역별전월세전환율_아파트,전월세 전환율,4.10594594594595,%
서울,동대문구,2022-01,지역별전월세전환율_아파트,전월세 전환율,4.14411166336175,%
서울,동대문구,2022-02,지역별전월세전환율_아파트,전월세 전환율,4.33300637567435,%
서울,동대문구,2022-03,지역별전월세전환율_아파트,전월세 전환율,4.3492586490939,%
서울,동대문구,2022-04,지역별전월세전환율_아파트,전월세 전환율,4.37971067412714,%
서울,동대문구,2022-05,지역별전월세전환율_아파트,전월세 전환율,4.27619047619048,%
서울,동대문구,2022-06,지역별전월세전환율_아파트,전월세 전환율,4.38916970525223,%
서울,동대문구,2022-07,지역별전월세전환율_아파트,전월세 전환율,4.57942486391378,%
서울,동대문구,2022-08,지역별전월세전환율_아파트,전월세 전환율,4.54054054054054,%
서울,동대문구,2022-09,지역별전월세전환율_아파트,전월세 전환율,4.54664372520178,%
서울,동대문구,2022-10,지역별전월세전환율_아파트,전월세 전환율,4.61639160839161,%
서울,동대문구,2022-11,지역별전월세전환율_아파트,전월세 전환율,4.62857142857143,%
서울,동대문구,2022-12,지역별전월세전환율_아파트,전월세 전환율,4.622899137259,%
서울,동대문구,2023-01,지역별전월세전환율_아파트,전월세 전환율,4.61628811359731,%
서울,동대문구,2023-02,지역별전월세전환율_아파트,전월세 전환율,4.72215340088824,%
서울,동대문구,2023-03,지역별전월세전환율_아파트,전월세 전환율,4.80986785609316,%
서울,동대문구,2023-04,지역별전월세전환율_아파트,전월세 전환율,4.98461538461538,%
서울,동대문구,2023-05,지역별전월세전환율_아파트,전월세 전환율,5.06343084898289,%
서울,동대문구,2023-06,지역별전월세전환율_아파트,전월세 전환율,5.07218742309602,%
서울,동대문구,2023-07,지역별전월세전환율_아파트,전월세 전환율,5.04926075534011,%
서울,동대문구,2023-08,지역별전월세전환율_아파트,전월세 전환율,4.97142857142857,%
서울,동대문구,2023-09,지역별전월세전환율_아파트,전월세 전환율,4.97557532153275,%
서울,동대문구,2023-10,지역별전월세전환율_아파트,전월세 전환율,4.97429338204172,%
서울,동대문구,2023-11,지역별전월세전환율_아파트,전월세 전환율,4.94845360824742,%
서울,동대문구,2023-12,지역별전월세전환율_아파트,전월세 전환율,4.89286281536058,%
서울,동대문구,2024-01,지역별전월세전환율_아파트,전월세 전환율,4.80084750750397,%
서울,동대문구,2024-02,지역별전월세전환율_아파트,전월세 전환율,4.8,%
서울,동대문구,2024-03,지역별전월세전환율_아파트,전월세 전환율,4.8,%
서울,동대문구,2024-04,지역별전월세전환율_아파트,전월세 전환율,4.7710843373494,%
서울,동대문구,2024-05,지역별전월세전환율_아파트,전월세 전환율,4.7603305785124,%
서울,동대문구,2024-06,지역별전월세전환율_아파트,전월세 전환율,4.8,%
서울,동대문구,2024-07,지역별전월세전환율_아파트,전월세 전환율,4.8,%
서울,동대문구,2024-08,지역별전월세전환율_아파트,전월세 전환율,4.74571939688219,%
서울,동대문구,2024-09,지역별전월세전환율_아파트,전월세 전환율,4.738791423002,%
서울,동대문구,2024-10,지역별전월세전환율_아파트,전월세 전환율,4.7862654394583,%
서울,동대문구,2024-11,지역별전월세전환율_아파트,전월세 전환율,4.7428571428571,%
서울,동대문구,2024-12,지역별전월세전환율_아파트,전월세 전환율,4.7941128916333,%
서울,동대문구,2025-01,지역별전월세전환율_아파트,전월세 전환율,4.7171135215166,%
서울,동대문구,2025-02,지역별전월세전환율_아파트,전월세 전환율,4.7323943661972,%
서울,동대문구,2025-03,지역별전월세전환율_아파트,전월세 전환율,4.8,%
서울,동대문구,2025-04,지역별전월세전환율_아파트,전월세 전환율,4.8809766925638,%
서울,동대문구,2025-05,지역별전월세전환율_아파트,전월세 전환율,4.8648648648649,%
서울,동대문구,2025-06,지역별전월세전환율_아파트,전월세 전환율,4.8,%
서울,동대문구,2025-07,지역별전월세전환율_아파트,전월세 전환율,4.8,%
서울,동대문구,2025-08,지역별전월세전환율_아파트,전월세 전환율,4.701103668032,%
서울,동대문구,2025-09,지역별전월세전환율_아파트,전월세 전환율,4.6382039548307,%
서울,동대문구,2025-10,지역별전월세전환율_아파트,전월세 전환율,4.639405204461,%
서울,동대문구,2025-11,지역별전월세전환율_아파트,전월세 전환율,4.6603114264117,%
서울,동대문구,2025-12,지역별전월세전환율_아파트,전월세 전환율,4.7285406351622,%
서울,동대문구,2026-01,지역별전월세전환율_아파트,전월세 전환율,4.8229828107004,%
서울,동대문구,2026-02,지역별전월세전환율_아파트,전월세 전환율,4.9284399918217,%
서울,동대문구,2026-03,지역별전월세전환율_아파트,전월세 전환율,4.8615614361202,%
서울,동대문구,2026-04,지역별전월세전환율_아파트,전월세 전환율,4.8656480464747,%
서울,동대문구,2026-05,지역별전월세전환율_아파트,전월세 전환율,4.9093010045676,%
서울,동대문구,2026-06,지역별전월세전환율_아파트,전월세 전환율,4.6943233326139,%
서울,동대문구,2026-07,지역별전월세전환율_아파트,전월세 전환율,4.6729916789797,%
서울,동작구,2011-01,지역별전월세전환율_아파트,전월세 전환율,7.14893617021277,%
서울,동작구,2011-02,지역별전월세전환율_아파트,전월세 전환율,7.14893617021277,%
서울,동작구,2011-03,지역별전월세전환율_아파트,전월세 전환율,7.14893617021277,%
서울,동작구,2011-04,지역별전월세전환율_아파트,전월세 전환율,7.14893617021277,%
서울,동작구,2011-05,지역별전월세전환율_아파트,전월세 전환율,7.14893617021277,%
서울,동작구,2011-06,지역별전월세전환율_아파트,전월세 전환율,7.14893617021277,%
서울,동작구,2011-07,지역별전월세전환율_아파트,전월세 전환율,7.10615168012832,%
서울,동작구,2011-08,지역별전월세전환율_아파트,전월세 전환율,7,%
서울,동작구,2011-09,지역별전월세전환율_아파트,전월세 전환율,7,%
서울,동작구,2011-10,지역별전월세전환율_아파트,전월세 전환율,7,%
서울,동작구,2011-11,지역별전월세전환율_아파트,전월세 전환율,6.85714285714286,%
서울,동작구,2011-12,지역별전월세전환율_아파트,전월세 전환율,6.85714285714285,%
서울,동작구,2012-01,지역별전월세전환율_아파트,전월세 전환율,6.82356614666763,%
서울,동작구,2012-02,지역별전월세전환율_아파트,전월세 전환율,6.8,%
서울,동작구,2012-03,지역별전월세전환율_아파트,전월세 전환율,6.71684131474173,%
서울,동작구,2012-04,지역별전월세전환율_아파트,전월세 전환율,6.66666666666667,%
서울,동작구,2012-05,지역별전월세전환율_아파트,전월세 전환율,6.66666666666667,%
서울,동작구,2012-06,지역별전월세전환율_아파트,전월세 전환율,6.57827602655042,%
서울,동작구,2012-07,지역별전월세전환율_아파트,전월세 전환율,6.54545454545454,%
서울,동작구,2012-08,지역별전월세전환율_아파트,전월세 전환율,6.55312609167082,%
서울,동작구,2012-09,지역별전월세전환율_아파트,전월세 전환율,6.54545454545454,%
서울,동작구,2012-10,지역별전월세전환율_아파트,전월세 전환율,6.43650793650794,%
서울,동작구,2012-11,지역별전월세전환율_아파트,전월세 전환율,6.445884236863,%
서울,동작구,2012-12,지역별전월세전환율_아파트,전월세 전환율,6.52173913043478,%
서울,동작구,2013-01,지역별전월세전환율_아파트,전월세 전환율,6.57433902420186,%
서울,동작구,2013-02,지역별전월세전환율_아파트,전월세 전환율,6.70188679245283,%
서울,동작구,2013-03,지역별전월세전환율_아파트,전월세 전환율,6.75,%
서울,동작구,2013-04,지역별전월세전환율_아파트,전월세 전환율,6.72528351086594,%
서울,동작구,2013-05,지역별전월세전환율_아파트,전월세 전환율,6.62070799887696,%
서울,동작구,2013-06,지역별전월세전환율_아파트,전월세 전환율,6.66666666666667,%
서울,동작구,2013-07,지역별전월세전환율_아파트,전월세 전환율,6.46153846153846,%
서울,동작구,2013-08,지역별전월세전환율_아파트,전월세 전환율,6.20689655172414,%
서울,동작구,2013-09,지역별전월세전환율_아파트,전월세 전환율,6,%
서울,동작구,2013-10,지역별전월세전환율_아파트,전월세 전환율,6,%
서울,동작구,2013-11,지역별전월세전환율_아파트,전월세 전환율,5.78200913364554,%
서울,동작구,2013-12,지역별전월세전환율_아파트,전월세 전환율,5.71428571428571,%
서울,동작구,2014-01,지역별전월세전환율_아파트,전월세 전환율,5.58139534883721,%
서울,동작구,2014-02,지역별전월세전환율_아파트,전월세 전환율,5.49173361385686,%
서울,동작구,2014-03,지역별전월세전환율_아파트,전월세 전환율,5.45454545454545,%
서울,동작구,2014-04,지역별전월세전환율_아파트,전월세 전환율,5.51191428241082,%
서울,동작구,2014-05,지역별전월세전환율_아파트,전월세 전환율,5.51768279195935,%
서울,동작구,2014-06,지역별전월세전환율_아파트,전월세 전환율,5.51351351351351,%
서울,동작구,2014-07,지역별전월세전환율_아파트,전월세 전환율,5.50409836065574,%
서울,동작구,2014-08,지역별전월세전환율_아파트,전월세 전환율,5.45454545454545,%
서울,동작구,2014-09,지역별전월세전환율_아파트,전월세 전환율,5.375,%
서울,동작구,2014-10,지역별전월세전환율_아파트,전월세 전환율,5.20481927710843,%
서울,동작구,2014-11,지역별전월세전환율_아파트,전월세 전환율,5.14285714285714,%
서울,동작구,2014-12,지역별전월세전환율_아파트,전월세 전환율,5.07339810895315,%
서울,동작구,2015-01,지역별전월세전환율_아파트,전월세 전환율,5.06666666666667,%
서울,동작구,2015-02,지역별전월세전환율_아파트,전월세 전환율,5.07179487179487,%
서울,동작구,2015-03,지역별전월세전환율_아파트,전월세 전환율,5.01826539673695,%
서울,동작구,2015-04,지역별전월세전환율_아파트,전월세 전환율,4.99299292409391,%
서울,동작구,2015-05,지역별전월세전환율_아파트,전월세 전환율,4.86135386580259,%
서울,동작구,2015-06,지역별전월세전환율_아파트,전월세 전환율,4.85106382978723,%
서울,동작구,2015-07,지역별전월세전환율_아파트,전월세 전환율,4.8,%
서울,동작구,2015-08,지역별전월세전환율_아파트,전월세 전환율,4.78675593704123,%
서울,동작구,2015-09,지역별전월세전환율_아파트,전월세 전환율,4.66666666666667,%
서울,동작구,2015-10,지역별전월세전환율_아파트,전월세 전환율,4.54075440677732,%
서울,동작구,2015-11,지역별전월세전환율_아파트,전월세 전환율,4.57250953427577,%
서울,동작구,2015-12,지역별전월세전환율_아파트,전월세 전환율,4.5,%
서울,동작구,2016-01,지역별전월세전환율_아파트,전월세 전환율,4.53693693693694,%
서울,동작구,2016-02,지역별전월세전환율_아파트,전월세 전환율,4.5,%
서울,동작구,2016-03,지역별전월세전환율_아파트,전월세 전환율,4.5,%
서울,동작구,2016-04,지역별전월세전환율_아파트,전월세 전환율,4.5,%
서울,동작구,2016-05,지역별전월세전환율_아파트,전월세 전환율,4.42105263157895,%
서울,동작구,2016-06,지역별전월세전환율_아파트,전월세 전환율,4.3025283869809,%
서울,동작구,2016-07,지역별전월세전환율_아파트,전월세 전환율,4.29797634655433,%
서울,동작구,2016-08,지역별전월세전환율_아파트,전월세 전환율,4.16285260233158,%
서울,동작구,2016-09,지역별전월세전환율_아파트,전월세 전환율,4.11428571428571,%
서울,동작구,2016-10,지역별전월세전환율_아파트,전월세 전환율,3.97418373542429,%
서울,동작구,2016-11,지역별전월세전환율_아파트,전월세 전환율,3.90149487434342,%
서울,동작구,2016-12,지역별전월세전환율_아파트,전월세 전환율,3.89189189189189,%
서울,동작구,2017-01,지역별전월세전환율_아파트,전월세 전환율,3.91304347826087,%
서울,동작구,2017-02,지역별전월세전환율_아파트,전월세 전환율,3.99889809922115,%
서울,동작구,2017-03,지역별전월세전환율_아파트,전월세 전환율,4,%
서울,동작구,2017-04,지역별전월세전환율_아파트,전월세 전환율,4,%
서울,동작구,2017-05,지역별전월세전환율_아파트,전월세 전환율,4,%
서울,동작구,2017-06,지역별전월세전환율_아파트,전월세 전환율,4,%
서울,동작구,2017-07,지역별전월세전환율_아파트,전월세 전환율,3.95121951219512,%
서울,동작구,2017-08,지역별전월세전환율_아파트,전월세 전환율,3.90442662494296,%
서울,동작구,2017-09,지역별전월세전환율_아파트,전월세 전환율,3.84,%
서울,동작구,2017-10,지역별전월세전환율_아파트,전월세 전환율,3.81818181818182,%
서울,동작구,2017-11,지역별전월세전환율_아파트,전월세 전환율,3.81818181818182,%
서울,동작구,2017-12,지역별전월세전환율_아파트,전월세 전환율,3.81818181818182,%
서울,동작구,2018-01,지역별전월세전환율_아파트,전월세 전환율,3.84,%
서울,동작구,2018-02,지역별전월세전환율_아파트,전월세 전환율,3.86077481840194,%
서울,동작구,2018-03,지역별전월세전환율_아파트,전월세 전환율,3.87096774193548,%
서울,동작구,2018-04,지역별전월세전환율_아파트,전월세 전환율,3.87813663791296,%
서울,동작구,2018-05,지역별전월세전환율_아파트,전월세 전환율,3.92662139092332,%
서울,동작구,2018-06,지역별전월세전환율_아파트,전월세 전환율,3.85321100917431,%
서울,동작구,2018-07,지역별전월세전환율_아파트,전월세 전환율,3.84709590973768,%
서울,동작구,2018-08,지역별전월세전환율_아파트,전월세 전환율,3.85714285714286,%
서울,동작구,2018-09,지역별전월세전환율_아파트,전월세 전환율,3.7465868263473,%
서울,동작구,2018-10,지역별전월세전환율_아파트,전월세 전환율,3.68181818181818,%
서울,동작구,2018-11,지역별전월세전환율_아파트,전월세 전환율,3.62762605042017,%
서울,동작구,2018-12,지역별전월세전환율_아파트,전월세 전환율,3.63636363636364,%
서울,동작구,2019-01,지역별전월세전환율_아파트,전월세 전환율,3.64285714285714,%
서울,동작구,2019-02,지역별전월세전환율_아파트,전월세 전환율,3.70144188061777,%
서울,동작구,2019-03,지역별전월세전환율_아파트,전월세 전환율,3.77142857142857,%
서울,동작구,2019-04,지역별전월세전환율_아파트,전월세 전환율,3.852933225196,%
서울,동작구,2019-05,지역별전월세전환율_아파트,전월세 전환율,3.85279995319718,%
서울,동작구,2019-06,지역별전월세전환율_아파트,전월세 전환율,3.90620086882567,%
서울,동작구,2019-07,지역별전월세전환율_아파트,전월세 전환율,3.85265568793462,%
서울,동작구,2019-08,지역별전월세전환율_아파트,전월세 전환율,3.78947368421053,%
서울,동작구,2019-09,지역별전월세전환율_아파트,전월세 전환율,3.72815533980583,%
서울,동작구,2019-10,지역별전월세전환율_아파트,전월세 전환율,3.69230769230769,%
서울,동작구,2019-11,지역별전월세전환율_아파트,전월세 전환율,3.73112834483033,%
서울,동작구,2019-12,지역별전월세전환율_아파트,전월세 전환율,3.66728513709646,%
서울,동작구,2020-01,지역별전월세전환율_아파트,전월세 전환율,3.69230769230769,%
서울,동작구,2020-02,지역별전월세전환율_아파트,전월세 전환율,3.68181818181818,%
서울,동작구,2020-03,지역별전월세전환율_아파트,전월세 전환율,3.70321670361739,%
서울,동작구,2020-04,지역별전월세전환율_아파트,전월세 전환율,3.66666666666667,%
서울,동작구,2020-05,지역별전월세전환율_아파트,전월세 전환율,3.66666666666667,%
서울,동작구,2020-06,지역별전월세전환율_아파트,전월세 전환율,3.66101694915254,%
서울,동작구,2020-07,지역별전월세전환율_아파트,전월세 전환율,3.65663834547818,%
서울,동작구,2020-08,지역별전월세전환율_아파트,전월세 전환율,3.6144578313253,%
서울,동작구,2020-09,지역별전월세전환율_아파트,전월세 전환율,3.6,%
서울,동작구,2020-10,지역별전월세전환율_아파트,전월세 전환율,3.64037446245808,%
서울,동작구,2020-11,지역별전월세전환율_아파트,전월세 전환율,3.6,%
서울,동작구,2020-12,지역별전월세전환율_아파트,전월세 전환율,3.5820895522388,%
서울,동작구,2021-01,지역별전월세전환율_아파트,전월세 전환율,3.55390789222244,%
서울,동작구,2021-02,지역별전월세전환율_아파트,전월세 전환율,3.62264150943396,%
서울,동작구,2021-03,지역별전월세전환율_아파트,전월세 전환율,3.62790697674419,%
서울,동작구,2021-04,지역별전월세전환율_아파트,전월세 전환율,3.6,%
서울,동작구,2021-05,지역별전월세전환율_아파트,전월세 전환율,3.6429721677179,%
서울,동작구,2021-06,지역별전월세전환율_아파트,전월세 전환율,3.72413793103448,%
서울,동작구,2021-07,지역별전월세전환율_아파트,전월세 전환율,3.60541082164329,%
서울,동작구,2021-08,지역별전월세전환율_아파트,전월세 전환율,3.60450788880541,%
서울,동작구,2021-09,지역별전월세전환율_아파트,전월세 전환율,3.60541082164329,%
서울,동작구,2021-10,지역별전월세전환율_아파트,전월세 전환율,3.6,%
서울,동작구,2021-11,지역별전월세전환율_아파트,전월세 전환율,3.70909090909091,%
서울,동작구,2021-12,지역별전월세전환율_아파트,전월세 전환율,3.617742987606,%
서울,동작구,2022-01,지역별전월세전환율_아파트,전월세 전환율,3.6923076923077,%
서울,동작구,2022-02,지역별전월세전환율_아파트,전월세 전환율,3.61948955916473,%
서울,동작구,2022-03,지역별전월세전환율_아파트,전월세 전환율,3.69228132024837,%
서울,동작구,2022-04,지역별전월세전환율_아파트,전월세 전환율,3.67464114832536,%
서울,동작구,2022-05,지역별전월세전환율_아파트,전월세 전환율,3.76068376068376,%
서울,동작구,2022-06,지역별전월세전환율_아파트,전월세 전환율,3.88349514563106,%
서울,동작구,2022-07,지역별전월세전환율_아파트,전월세 전환율,3.89468724765463,%
서울,동작구,2022-08,지역별전월세전환율_아파트,전월세 전환율,4,%
서울,동작구,2022-09,지역별전월세전환율_아파트,전월세 전환율,4.05574912891986,%
서울,동작구,2022-10,지역별전월세전환율_아파트,전월세 전환율,4.11428571428571,%
서울,동작구,2022-11,지역별전월세전환율_아파트,전월세 전환율,4.09556313993174,%
서울,동작구,2022-12,지역별전월세전환율_아파트,전월세 전환율,4.13793103448276,%
서울,동작구,2023-01,지역별전월세전환율_아파트,전월세 전환율,4.31941028587029,%
서울,동작구,2023-02,지역별전월세전환율_아파트,전월세 전환율,4.46511627906977,%
서울,동작구,2023-03,지역별전월세전환율_아파트,전월세 전환율,4.64026512844167,%
서울,동작구,2023-04,지역별전월세전환율_아파트,전월세 전환율,4.7487390125688,%
서울,동작구,2023-05,지역별전월세전환율_아파트,전월세 전환율,4.8,%
서울,동작구,2023-06,지역별전월세전환율_아파트,전월세 전환율,4.73578751561418,%
서울,동작구,2023-07,지역별전월세전환율_아파트,전월세 전환율,4.71428571428571,%
서울,동작구,2023-08,지역별전월세전환율_아파트,전월세 전환율,4.69818165927049,%
서울,동작구,2023-09,지역별전월세전환율_아파트,전월세 전환율,4.58823529411765,%
서울,동작구,2023-10,지역별전월세전환율_아파트,전월세 전환율,4.48512562693213,%
서울,동작구,2023-11,지역별전월세전환율_아파트,전월세 전환율,4.40408163265306,%
서울,동작구,2023-12,지역별전월세전환율_아파트,전월세 전환율,4.43606723547262,%
서울,동작구,2024-01,지역별전월세전환율_아파트,전월세 전환율,4.43478260869565,%
서울,동작구,2024-02,지역별전월세전환율_아파트,전월세 전환율,4.39079229054568,%
서울,동작구,2024-03,지역별전월세전환율_아파트,전월세 전환율,4.36459533191876,%
서울,동작구,2024-04,지역별전월세전환율_아파트,전월세 전환율,4.36363636363636,%
서울,동작구,2024-05,지역별전월세전환율_아파트,전월세 전환율,4.33014457935945,%
서울,동작구,2024-06,지역별전월세전환율_아파트,전월세 전환율,4.371367542595996,%
서울,동작구,2024-07,지역별전월세전환율_아파트,전월세 전환율,4.4,%
서울,동작구,2024-08,지역별전월세전환율_아파트,전월세 전환율,4.36363636363636,%
서울,동작구,2024-09,지역별전월세전환율_아파트,전월세 전환율,4.3636363636364,%
서울,동작구,2024-10,지역별전월세전환율_아파트,전월세 전환율,4.431953318592,%
서울,동작구,2024-11,지역별전월세전환율_아파트,전월세 전환율,4.3799329709916,%
서울,동작구,2024-12,지역별전월세전환율_아파트,전월세 전환율,4.4572160930832,%
서울,동작구,2025-01,지역별전월세전환율_아파트,전월세 전환율,4.3672486453943,%
서울,동작구,2025-02,지역별전월세전환율_아파트,전월세 전환율,4.4705882352941,%
서울,동작구,2025-03,지역별전월세전환율_아파트,전월세 전환율,4.55260379431,%
서울,동작구,2025-04,지역별전월세전환율_아파트,전월세 전환율,4.5401445788226,%
서울,동작구,2025-05,지역별전월세전환율_아파트,전월세 전환율,4.6344827586207,%
서울,동작구,2025-06,지역별전월세전환율_아파트,전월세 전환율,4.5304829269745,%
서울,동작구,2025-07,지역별전월세전환율_아파트,전월세 전환율,4.5454545454546,%
서울,동작구,2025-08,지역별전월세전환율_아파트,전월세 전환율,4.4775647154874,%
서울,동작구,2025-09,지역별전월세전환율_아파트,전월세 전환율,4.4893761719759,%
서울,동작구,2025-10,지역별전월세전환율_아파트,전월세 전환율,4.5,%
서울,동작구,2025-11,지역별전월세전환율_아파트,전월세 전환율,4.5447606281706,%
서울,동작구,2025-12,지역별전월세전환율_아파트,전월세 전환율,4.5567857142857,%
서울,동작구,2026-01,지역별전월세전환율_아파트,전월세 전환율,4.5714285714286,%
서울,동작구,2026-02,지역별전월세전환율_아파트,전월세 전환율,4.5,%
서울,동작구,2026-03,지역별전월세전환율_아파트,전월세 전환율,4.5310539994058,%
서울,동작구,2026-04,지역별전월세전환율_아파트,전월세 전환율,4.5275442363473,%
서울,동작구,2026-05,지역별전월세전환율_아파트,전월세 전환율,4.6332046332046,%
서울,동작구,2026-06,지역별전월세전환율_아파트,전월세 전환율,4.6516892785514,%
서울,동작구,2026-07,지역별전월세전환율_아파트,전월세 전환율,4.6666666666667,%
서울,마포구,2011-01,지역별전월세전환율_아파트,전월세 전환율,7.35658490789818,%
서울,마포구,2011-02,지역별전월세전환율_아파트,전월세 전환율,7.35658490789818,%
서울,마포구,2011-03,지역별전월세전환율_아파트,전월세 전환율,7.35658490789818,%
서울,마포구,2011-04,지역별전월세전환율_아파트,전월세 전환율,7.35658490789818,%
서울,마포구,2011-05,지역별전월세전환율_아파트,전월세 전환율,7.35658490789818,%
서울,마포구,2011-06,지역별전월세전환율_아파트,전월세 전환율,7.35658490789818,%
서울,마포구,2011-07,지역별전월세전환율_아파트,전월세 전환율,7.28571428571428,%
서울,마포구,2011-08,지역별전월세전환율_아파트,전월세 전환율,7.2,%
서울,마포구,2011-09,지역별전월세전환율_아파트,전월세 전환율,7.11111111111111,%
서울,마포구,2011-10,지역별전월세전환율_아파트,전월세 전환율,7.0868304593316,%
서울,마포구,2011-11,지역별전월세전환율_아파트,전월세 전환율,7,%
서울,마포구,2011-12,지역별전월세전환율_아파트,전월세 전환율,7,%
서울,마포구,2012-01,지역별전월세전환율_아파트,전월세 전환율,6.98367649518103,%
서울,마포구,2012-02,지역별전월세전환율_아파트,전월세 전환율,6.90909090909091,%
서울,마포구,2012-03,지역별전월세전환율_아파트,전월세 전환율,6.90431623437022,%
서울,마포구,2012-04,지역별전월세전환율_아파트,전월세 전환율,6.85714285714286,%
서울,마포구,2012-05,지역별전월세전환율_아파트,전월세 전환율,6.85714285714286,%
서울,마포구,2012-06,지역별전월세전환율_아파트,전월세 전환율,6.78555893866899,%
서울,마포구,2012-07,지역별전월세전환율_아파트,전월세 전환율,6.78555893866899,%
서울,마포구,2012-08,지역별전월세전환율_아파트,전월세 전환율,6.70588235294118,%
서울,마포구,2012-09,지역별전월세전환율_아파트,전월세 전환율,6.66666666666667,%
서울,마포구,2012-10,지역별전월세전환율_아파트,전월세 전환율,6.57541127654381,%
서울,마포구,2012-11,지역별전월세전환율_아파트,전월세 전환율,6.54545454545454,%
서울,마포구,2012-12,지역별전월세전환율_아파트,전월세 전환율,6.57142857142857,%
서울,마포구,2013-01,지역별전월세전환율_아파트,전월세 전환율,6.51428571428571,%
서울,마포구,2013-02,지역별전월세전환율_아파트,전월세 전환율,6.49224003246693,%
서울,마포구,2013-03,지역별전월세전환율_아파트,전월세 전환율,6.42857142857143,%
서울,마포구,2013-04,지역별전월세전환율_아파트,전월세 전환율,6.35294117647059,%
서울,마포구,2013-05,지역별전월세전환율_아파트,전월세 전환율,6.37578833392432,%
서울,마포구,2013-06,지역별전월세전환율_아파트,전월세 전환율,6.26086956521739,%
서울,마포구,2013-07,지역별전월세전환율_아파트,전월세 전환율,6.24113614717714,%
서울,마포구,2013-08,지역별전월세전환율_아파트,전월세 전환율,6.09961568286593,%
서울,마포구,2013-09,지역별전월세전환율_아파트,전월세 전환율,6.00064205635921,%
서울,마포구,2013-10,지역별전월세전환율_아파트,전월세 전환율,6,%
서울,마포구,2013-11,지역별전월세전환율_아파트,전월세 전환율,6,%
서울,마포구,2013-12,지역별전월세전환율_아파트,전월세 전환율,6,%
서울,마포구,2014-01,지역별전월세전환율_아파트,전월세 전환율,6,%
서울,마포구,2014-02,지역별전월세전환율_아파트,전월세 전환율,6,%
서울,마포구,2014-03,지역별전월세전환율_아파트,전월세 전환율,6,%
서울,마포구,2014-04,지역별전월세전환율_아파트,전월세 전환율,6,%
서울,마포구,2014-05,지역별전월세전환율_아파트,전월세 전환율,6,%
서울,마포구,2014-06,지역별전월세전환율_아파트,전월세 전환율,5.98761714917083,%
서울,마포구,2014-07,지역별전월세전환율_아파트,전월세 전환율,5.86973922270644,%
서울,마포구,2014-08,지역별전월세전환율_아파트,전월세 전환율,5.73523685918235,%
서울,마포구,2014-09,지역별전월세전환율_아파트,전월세 전환율,5.71457157150004,%
서울,마포구,2014-10,지역별전월세전환율_아파트,전월세 전환율,5.68956289027654,%
서울,마포구,2014-11,지역별전월세전환율_아파트,전월세 전환율,5.58139534883721,%
서울,마포구,2014-12,지역별전월세전환율_아파트,전월세 전환율,5.53846153846154,%
서울,마포구,2015-01,지역별전월세전환율_아파트,전월세 전환율,5.5,%
서울,마포구,2015-02,지역별전월세전환율_아파트,전월세 전환율,5.45086075381765,%
서울,마포구,2015-03,지역별전월세전환율_아파트,전월세 전환율,5.22604724409449,%
서울,마포구,2015-04,지역별전월세전환율_아파트,전월세 전환율,5.14285714285714,%
서울,마포구,2015-05,지역별전월세전환율_아파트,전월세 전환율,5.14285714285714,%
서울,마포구,2015-06,지역별전월세전환율_아파트,전월세 전환율,5.14285714285714,%
서울,마포구,2015-07,지역별전월세전환율_아파트,전월세 전환율,5.14285714285714,%
서울,마포구,2015-08,지역별전월세전환율_아파트,전월세 전환율,5.13368983957219,%
서울,마포구,2015-09,지역별전월세전환율_아파트,전월세 전환율,5.05306597534522,%
서울,마포구,2015-10,지역별전월세전환율_아파트,전월세 전환율,4.96275862068965,%
서울,마포구,2015-11,지역별전월세전환율_아파트,전월세 전환율,4.8,%
서울,마포구,2015-12,지역별전월세전환율_아파트,전월세 전환율,4.8,%
서울,마포구,2016-01,지역별전월세전환율_아파트,전월세 전환율,4.66169154228856,%
서울,마포구,2016-02,지역별전월세전환율_아파트,전월세 전환율,4.56888028375773,%
서울,마포구,2016-03,지역별전월세전환율_아파트,전월세 전환율,4.5,%
서울,마포구,2016-04,지역별전월세전환율_아파트,전월세 전환율,4.4753731265529,%
서울,마포구,2016-05,지역별전월세전환율_아파트,전월세 전환율,4.43076923076923,%
서울,마포구,2016-06,지역별전월세전환율_아파트,전월세 전환율,4.36363636363637,%
서울,마포구,2016-07,지역별전월세전환율_아파트,전월세 전환율,4.36363636363636,%
서울,마포구,2016-08,지역별전월세전환율_아파트,전월세 전환율,4.28571428571429,%
서울,마포구,2016-09,지역별전월세전환율_아파트,전월세 전환율,4.23529411764706,%
서울,마포구,2016-10,지역별전월세전환율_아파트,전월세 전환율,4.2166151517063,%
서울,마포구,2016-11,지역별전월세전환율_아파트,전월세 전환율,4.13776467327885,%
서울,마포구,2016-12,지역별전월세전환율_아파트,전월세 전환율,4.11428571428571,%
서울,마포구,2017-01,지역별전월세전환율_아파트,전월세 전환율,4,%
서울,마포구,2017-02,지역별전월세전환율_아파트,전월세 전환율,4,%
서울,마포구,2017-03,지역별전월세전환율_아파트,전월세 전환율,4,%
서울,마포구,2017-04,지역별전월세전환율_아파트,전월세 전환율,3.95703445702202,%
서울,마포구,2017-05,지역별전월세전환율_아파트,전월세 전환율,3.91836734693878,%
서울,마포구,2017-06,지역별전월세전환율_아파트,전월세 전환율,3.92307692307692,%
서울,마포구,2017-07,지역별전월세전환율_아파트,전월세 전환율,3.91836734693878,%
서울,마포구,2017-08,지역별전월세전환율_아파트,전월세 전환율,3.87424143724072,%
서울,마포구,2017-09,지역별전월세전환율_아파트,전월세 전환율,3.87096774193548,%
서울,마포구,2017-10,지역별전월세전환율_아파트,전월세 전환율,3.89926864334382,%
서울,마포구,2017-11,지역별전월세전환율_아파트,전월세 전환율,3.88571428571429,%
서울,마포구,2017-12,지역별전월세전환율_아파트,전월세 전환율,3.85714285714286,%
서울,마포구,2018-01,지역별전월세전환율_아파트,전월세 전환율,3.87929818833989,%
서울,마포구,2018-02,지역별전월세전환율_아파트,전월세 전환율,3.88250623702709,%
서울,마포구,2018-03,지역별전월세전환율_아파트,전월세 전환율,3.94736842105263,%
서울,마포구,2018-04,지역별전월세전환율_아파트,전월세 전환율,3.92072213500785,%
서울,마포구,2018-05,지역별전월세전환율_아파트,전월세 전환율,3.92727272727273,%
서울,마포구,2018-06,지역별전월세전환율_아파트,전월세 전환율,3.94919224447201,%
서울,마포구,2018-07,지역별전월세전환율_아파트,전월세 전환율,3.96528885811482,%
서울,마포구,2018-08,지역별전월세전환율_아파트,전월세 전환율,3.89189189189189,%
서울,마포구,2018-09,지역별전월세전환율_아파트,전월세 전환율,3.81818181818182,%
서울,마포구,2018-10,지역별전월세전환율_아파트,전월세 전환율,3.852933225196,%
서울,마포구,2018-11,지역별전월세전환율_아파트,전월세 전환율,3.89667034228391,%
서울,마포구,2018-12,지역별전월세전환율_아파트,전월세 전환율,3.87867647058824,%
서울,마포구,2019-01,지역별전월세전환율_아파트,전월세 전환율,3.9,%
서울,마포구,2019-02,지역별전월세전환율_아파트,전월세 전환율,3.92727272727273,%
서울,마포구,2019-03,지역별전월세전환율_아파트,전월세 전환율,3.91836734693878,%
서울,마포구,2019-04,지역별전월세전환율_아파트,전월세 전환율,3.99868088221438,%
서울,마포구,2019-05,지역별전월세전환율_아파트,전월세 전환율,3.98831091158234,%
서울,마포구,2019-06,지역별전월세전환율_아파트,전월세 전환율,4,%
서울,마포구,2019-07,지역별전월세전환율_아파트,전월세 전환율,3.97631545500763,%
서울,마포구,2019-08,지역별전월세전환율_아파트,전월세 전환율,3.93805888301559,%
서울,마포구,2019-09,지역별전월세전환율_아파트,전월세 전환율,3.99949792501824,%
서울,마포구,2019-10,지역별전월세전환율_아파트,전월세 전환율,3.91836734693878,%
서울,마포구,2019-11,지역별전월세전환율_아파트,전월세 전환율,3.84,%
서울,마포구,2019-12,지역별전월세전환율_아파트,전월세 전환율,3.82978723404255,%
서울,마포구,2020-01,지역별전월세전환율_아파트,전월세 전환율,3.80952380952381,%
서울,마포구,2020-02,지역별전월세전환율_아파트,전월세 전환율,3.81818181818182,%
서울,마포구,2020-03,지역별전월세전환율_아파트,전월세 전환율,3.81818181818182,%
서울,마포구,2020-04,지역별전월세전환율_아파트,전월세 전환율,3.89189189189189,%
서울,마포구,2020-05,지역별전월세전환율_아파트,전월세 전환율,3.87394540942928,%
서울,마포구,2020-06,지역별전월세전환율_아파트,전월세 전환율,3.85780735182947,%
서울,마포구,2020-07,지역별전월세전환율_아파트,전월세 전환율,3.81818181818182,%
서울,마포구,2020-08,지역별전월세전환율_아파트,전월세 전환율,3.84,%
서울,마포구,2020-09,지역별전월세전환율_아파트,전월세 전환율,3.83456086103646,%
서울,마포구,2020-10,지역별전월세전환율_아파트,전월세 전환율,3.78660948128878,%
서울,마포구,2020-11,지역별전월세전환율_아파트,전월세 전환율,3.73770491803279,%
서울,마포구,2020-12,지역별전월세전환율_아파트,전월세 전환율,3.82539407587043,%
서울,마포구,2021-01,지역별전월세전환율_아파트,전월세 전환율,3.85443935795742,%
서울,마포구,2021-02,지역별전월세전환율_아파트,전월세 전환율,3.90768258272739,%
서울,마포구,2021-03,지역별전월세전환율_아파트,전월세 전환율,4.00909090909091,%
서울,마포구,2021-04,지역별전월세전환율_아파트,전월세 전환율,4.0896008800746,%
서울,마포구,2021-05,지역별전월세전환율_아파트,전월세 전환율,4,%
서울,마포구,2021-06,지역별전월세전환율_아파트,전월세 전환율,3.89349783261087,%
서울,마포구,2021-07,지역별전월세전환율_아파트,전월세 전환율,3.95604395604396,%
서울,마포구,2021-08,지역별전월세전환율_아파트,전월세 전환율,4.03960396039604,%
서울,마포구,2021-09,지역별전월세전환율_아파트,전월세 전환율,4.07651490394005,%
서울,마포구,2021-10,지역별전월세전환율_아파트,전월세 전환율,4.23529411764706,%
서울,마포구,2021-11,지역별전월세전환율_아파트,전월세 전환율,4.35620875573885,%
서울,마포구,2021-12,지역별전월세전환율_아파트,전월세 전환율,4.36363636363636,%
서울,마포구,2022-01,지역별전월세전환율_아파트,전월세 전환율,4.32,%
서울,마포구,2022-02,지역별전월세전환율_아파트,전월세 전환율,4.32,%
서울,마포구,2022-03,지역별전월세전환율_아파트,전월세 전환율,4.36363636363636,%
서울,마포구,2022-04,지역별전월세전환율_아파트,전월세 전환율,4.32,%
서울,마포구,2022-05,지역별전월세전환율_아파트,전월세 전환율,4.21010380984755,%
서울,마포구,2022-06,지역별전월세전환율_아파트,전월세 전환율,4.23212788900772,%
서울,마포구,2022-07,지역별전월세전환율_아파트,전월세 전환율,4.23529411764706,%
서울,마포구,2022-08,지역별전월세전환율_아파트,전월세 전환율,4.20980577343987,%
서울,마포구,2022-09,지역별전월세전환율_아파트,전월세 전환율,4.20284623616413,%
서울,마포구,2022-10,지역별전월세전환율_아파트,전월세 전환율,4.18604651162791,%
서울,마포구,2022-11,지역별전월세전환율_아파트,전월세 전환율,4.2579169535126,%
서울,마포구,2022-12,지역별전월세전환율_아파트,전월세 전환율,4.36666877250616,%
서울,마포구,2023-01,지역별전월세전환율_아파트,전월세 전환율,4.5,%
서울,마포구,2023-02,지역별전월세전환율_아파트,전월세 전환율,4.68,%
서울,마포구,2023-03,지역별전월세전환율_아파트,전월세 전환율,4.8,%
서울,마포구,2023-04,지역별전월세전환율_아파트,전월세 전환율,4.89718633866409,%
서울,마포구,2023-05,지역별전월세전환율_아파트,전월세 전환율,4.81086516238176,%
서울,마포구,2023-06,지역별전월세전환율_아파트,전월세 전환율,4.8,%
서울,마포구,2023-07,지역별전월세전환율_아파트,전월세 전환율,4.8,%
서울,마포구,2023-08,지역별전월세전환율_아파트,전월세 전환율,4.8,%
서울,마포구,2023-09,지역별전월세전환율_아파트,전월세 전환율,4.75,%
서울,마포구,2023-10,지역별전월세전환율_아파트,전월세 전환율,4.63284789105889,%
서울,마포구,2023-11,지역별전월세전환율_아파트,전월세 전환율,4.62857142857143,%
서울,마포구,2023-12,지역별전월세전환율_아파트,전월세 전환율,4.61812318606901,%
서울,마포구,2024-01,지역별전월세전환율_아파트,전월세 전환율,4.60536468084061,%
서울,마포구,2024-02,지역별전월세전환율_아파트,전월세 전환율,4.6,%
서울,마포구,2024-03,지역별전월세전환율_아파트,전월세 전환율,4.67796610169492,%
서울,마포구,2024-04,지역별전월세전환율_아파트,전월세 전환율,4.70542108237139,%
서울,마포구,2024-05,지역별전월세전환율_아파트,전월세 전환율,4.73684210526316,%
서울,마포구,2024-06,지역별전월세전환율_아파트,전월세 전환율,4.675324675324674,%
서울,마포구,2024-07,지역별전월세전환율_아파트,전월세 전환율,4.66666666666667,%
서울,마포구,2024-08,지역별전월세전환율_아파트,전월세 전환율,4.65320511283244,%
서울,마포구,2024-09,지역별전월세전환율_아파트,전월세 전환율,4.6157233777037,%
서울,마포구,2024-10,지역별전월세전환율_아파트,전월세 전환율,4.6,%
서울,마포구,2024-11,지역별전월세전환율_아파트,전월세 전환율,4.5957446808511,%
서울,마포구,2024-12,지역별전월세전환율_아파트,전월세 전환율,4.6060606060606,%
서울,마포구,2025-01,지역별전월세전환율_아파트,전월세 전환율,4.6113367094712,%
서울,마포구,2025-02,지역별전월세전환율_아파트,전월세 전환율,4.6789830508475,%
서울,마포구,2025-03,지역별전월세전환율_아파트,전월세 전환율,4.7598919978787,%
서울,마포구,2025-04,지역별전월세전환율_아파트,전월세 전환율,4.8,%
서울,마포구,2025-05,지역별전월세전환율_아파트,전월세 전환율,4.7505942310197,%
서울,마포구,2025-06,지역별전월세전환율_아파트,전월세 전환율,4.7307103309943,%
서울,마포구,2025-07,지역별전월세전환율_아파트,전월세 전환율,4.6875,%
서울,마포구,2025-08,지역별전월세전환율_아파트,전월세 전환율,4.6732970075683,%
서울,마포구,2025-09,지역별전월세전환율_아파트,전월세 전환율,4.7142857142857,%
서울,마포구,2025-10,지역별전월세전환율_아파트,전월세 전환율,4.7142857142857,%
서울,마포구,2025-11,지역별전월세전환율_아파트,전월세 전환율,4.7272727272727,%
서울,마포구,2025-12,지역별전월세전환율_아파트,전월세 전환율,4.7649121002727,%
서울,마포구,2026-01,지역별전월세전환율_아파트,전월세 전환율,4.7803115703891,%
서울,마포구,2026-02,지역별전월세전환율_아파트,전월세 전환율,4.8,%
서울,마포구,2026-03,지역별전월세전환율_아파트,전월세 전환율,4.8,%
서울,마포구,2026-04,지역별전월세전환율_아파트,전월세 전환율,4.7727272727273,%
서울,마포구,2026-05,지역별전월세전환율_아파트,전월세 전환율,4.8,%
서울,마포구,2026-06,지역별전월세전환율_아파트,전월세 전환율,4.7851821354534,%
서울,마포구,2026-07,지역별전월세전환율_아파트,전월세 전환율,4.8,%
서울,서대문구,2011-01,지역별전월세전환율_아파트,전월세 전환율,7.2,%
서울,서대문구,2011-02,지역별전월세전환율_아파트,전월세 전환율,7.2,%
서울,서대문구,2011-03,지역별전월세전환율_아파트,전월세 전환율,7.2,%
서울,서대문구,2011-04,지역별전월세전환율_아파트,전월세 전환율,7.2,%
서울,서대문구,2011-05,지역별전월세전환율_아파트,전월세 전환율,7.2,%
서울,서대문구,2011-06,지역별전월세전환율_아파트,전월세 전환율,7.2,%
서울,서대문구,2011-07,지역별전월세전환율_아파트,전월세 전환율,7.24147948242994,%
서울,서대문구,2011-08,지역별전월세전환율_아파트,전월세 전환율,7.2,%
서울,서대문구,2011-09,지역별전월세전환율_아파트,전월세 전환율,7.32872948251718,%
서울,서대문구,2011-10,지역별전월세전환율_아파트,전월세 전환율,7.2,%
서울,서대문구,2011-11,지역별전월세전환율_아파트,전월세 전환율,7.11111111111111,%
서울,서대문구,2011-12,지역별전월세전환율_아파트,전월세 전환율,7,%
서울,서대문구,2012-01,지역별전월세전환율_아파트,전월세 전환율,6.91074781009563,%
서울,서대문구,2012-02,지역별전월세전환율_아파트,전월세 전환율,7.01724137931035,%
서울,서대문구,2012-03,지역별전월세전환율_아파트,전월세 전환율,6.85714285714286,%
서울,서대문구,2012-04,지역별전월세전환율_아파트,전월세 전환율,6.94035087719298,%
서울,서대문구,2012-05,지역별전월세전환율_아파트,전월세 전환율,6.92969783294333,%
서울,서대문구,2012-06,지역별전월세전환율_아파트,전월세 전환율,6.85714285714286,%
서울,서대문구,2012-07,지역별전월세전환율_아파트,전월세 전환율,6.85714285714286,%
서울,서대문구,2012-08,지역별전월세전환율_아파트,전월세 전환율,6.88138625870368,%
서울,서대문구,2012-09,지역별전월세전환율_아파트,전월세 전환율,7.03989682829206,%
서울,서대문구,2012-10,지역별전월세전환율_아파트,전월세 전환율,6.89523809523809,%
서울,서대문구,2012-11,지역별전월세전환율_아파트,전월세 전환율,6.82123016584147,%
서울,서대문구,2012-12,지역별전월세전환율_아파트,전월세 전환율,6.85981661782777,%
서울,서대문구,2013-01,지역별전월세전환율_아파트,전월세 전환율,6.71137420704857,%
서울,서대문구,2013-02,지역별전월세전환율_아파트,전월세 전환율,6.75,%
서울,서대문구,2013-03,지역별전월세전환율_아파트,전월세 전환율,6.75,%
서울,서대문구,2013-04,지역별전월세전환율_아파트,전월세 전환율,6.75,%
서울,서대문구,2013-05,지역별전월세전환율_아파트,전월세 전환율,6.66666666666667,%
서울,서대문구,2013-06,지역별전월세전환율_아파트,전월세 전환율,6.54025285972306,%
서울,서대문구,2013-07,지역별전월세전환율_아파트,전월세 전환율,6.47277836318932,%
서울,서대문구,2013-08,지역별전월세전환율_아파트,전월세 전환율,6.33962264150943,%
서울,서대문구,2013-09,지역별전월세전환율_아파트,전월세 전환율,6.3230411329603,%
서울,서대문구,2013-10,지역별전월세전환율_아파트,전월세 전환율,6.25994657420348,%
서울,서대문구,2013-11,지역별전월세전환율_아파트,전월세 전환율,6.4,%
서울,서대문구,2013-12,지역별전월세전환율_아파트,전월세 전환율,6.31578947368421,%
서울,서대문구,2014-01,지역별전월세전환율_아파트,전월세 전환율,6.22252391237272,%
서울,서대문구,2014-02,지역별전월세전환율_아파트,전월세 전환율,6,%
서울,서대문구,2014-03,지역별전월세전환율_아파트,전월세 전환율,6,%
서울,서대문구,2014-04,지역별전월세전환율_아파트,전월세 전환율,6,%
서울,서대문구,2014-05,지역별전월세전환율_아파트,전월세 전환율,6,%
서울,서대문구,2014-06,지역별전월세전환율_아파트,전월세 전환율,5.94849785407725,%
서울,서대문구,2014-07,지역별전월세전환율_아파트,전월세 전환율,6,%
서울,서대문구,2014-08,지역별전월세전환율_아파트,전월세 전환율,6,%
서울,서대문구,2014-09,지역별전월세전환율_아파트,전월세 전환율,5.88679245283019,%
서울,서대문구,2014-10,지역별전월세전환율_아파트,전월세 전환율,5.85814171412096,%
서울,서대문구,2014-11,지역별전월세전환율_아파트,전월세 전환율,5.68439368259347,%
서울,서대문구,2014-12,지역별전월세전환율_아파트,전월세 전환율,5.40271689198057,%
서울,서대문구,2015-01,지역별전월세전환율_아파트,전월세 전환율,5.41584158415842,%
서울,서대문구,2015-02,지역별전월세전환율_아파트,전월세 전환율,5.33333333333333,%
서울,서대문구,2015-03,지역별전월세전환율_아파트,전월세 전환율,5.33333333333333,%
서울,서대문구,2015-04,지역별전월세전환율_아파트,전월세 전환율,5.26829268292683,%
서울,서대문구,2015-05,지역별전월세전환율_아파트,전월세 전환율,5.29622513391847,%
서울,서대문구,2015-06,지역별전월세전환율_아파트,전월세 전환율,5.25,%
서울,서대문구,2015-07,지역별전월세전환율_아파트,전월세 전환율,5.17647058823529,%
서울,서대문구,2015-08,지역별전월세전환율_아파트,전월세 전환율,5.10104529616725,%
서울,서대문구,2015-09,지역별전월세전환율_아파트,전월세 전환율,4.94313161578785,%
서울,서대문구,2015-10,지역별전월세전환율_아파트,전월세 전환율,4.80941792020929,%
서울,서대문구,2015-11,지역별전월세전환율_아파트,전월세 전환율,4.8,%
서울,서대문구,2015-12,지역별전월세전환율_아파트,전월세 전환율,4.70588235294118,%
서울,서대문구,2016-01,지역별전월세전환율_아파트,전월세 전환율,4.54858934169279,%
서울,서대문구,2016-02,지역별전월세전환율_아파트,전월세 전환율,4.55586206896552,%
서울,서대문구,2016-03,지역별전월세전환율_아파트,전월세 전환율,4.38335724533716,%
서울,서대문구,2016-04,지역별전월세전환율_아파트,전월세 전환율,4.41550008865444,%
서울,서대문구,2016-05,지역별전월세전환율_아파트,전월세 전환율,4.37647058823529,%
서울,서대문구,2016-06,지역별전월세전환율_아파트,전월세 전환율,4.43076923076923,%
서울,서대문구,2016-07,지역별전월세전환율_아파트,전월세 전환율,4.41383940775802,%
서울,서대문구,2016-08,지역별전월세전환율_아파트,전월세 전환율,4.36363636363636,%
서울,서대문구,2016-09,지역별전월세전환율_아파트,전월세 전환율,4.43076923076923,%
서울,서대문구,2016-10,지역별전월세전환율_아파트,전월세 전환율,4.26744762954796,%
서울,서대문구,2016-11,지역별전월세전환율_아파트,전월세 전환율,4.11272283534976,%
서울,서대문구,2016-12,지역별전월세전환율_아파트,전월세 전환율,4.08,%
서울,서대문구,2017-01,지역별전월세전환율_아파트,전월세 전환율,4.13793103448276,%
서울,서대문구,2017-02,지역별전월세전환율_아파트,전월세 전환율,4.15384615384615,%
서울,서대문구,2017-03,지역별전월세전환율_아파트,전월세 전환율,4.00356830269979,%
서울,서대문구,2017-04,지역별전월세전환율_아파트,전월세 전환율,4.00650774563203,%
서울,서대문구,2017-05,지역별전월세전환율_아파트,전월세 전환율,4.08913619218319,%
서울,서대문구,2017-06,지역별전월세전환율_아파트,전월세 전환율,4.11428571428571,%
서울,서대문구,2017-07,지역별전월세전환율_아파트,전월세 전환율,4.10526315789474,%
서울,서대문구,2017-08,지역별전월세전환율_아파트,전월세 전환율,4.03413393330701,%
서울,서대문구,2017-09,지역별전월세전환율_아파트,전월세 전환율,4.07547169811321,%
서울,서대문구,2017-10,지역별전월세전환율_아파트,전월세 전환율,4,%
서울,서대문구,2017-11,지역별전월세전환율_아파트,전월세 전환율,4,%
서울,서대문구,2017-12,지역별전월세전환율_아파트,전월세 전환율,4,%
서울,서대문구,2018-01,지역별전월세전환율_아파트,전월세 전환율,3.9548119715793,%
서울,서대문구,2018-02,지역별전월세전환율_아파트,전월세 전환율,3.89397362079921,%
서울,서대문구,2018-03,지역별전월세전환율_아파트,전월세 전환율,3.84832486635455,%
서울,서대문구,2018-04,지역별전월세전환율_아파트,전월세 전환율,3.87926034831671,%
서울,서대문구,2018-05,지역별전월세전환율_아파트,전월세 전환율,3.86855327750505,%
서울,서대문구,2018-06,지역별전월세전환율_아파트,전월세 전환율,3.87157159867905,%
서울,서대문구,2018-07,지역별전월세전환율_아파트,전월세 전환율,3.88235294117647,%
서울,서대문구,2018-08,지역별전월세전환율_아파트,전월세 전환율,3.92284920909362,%
서울,서대문구,2018-09,지역별전월세전환율_아파트,전월세 전환율,3.9,%
서울,서대문구,2018-10,지역별전월세전환율_아파트,전월세 전환율,3.83801139306059,%
서울,서대문구,2018-11,지역별전월세전환율_아파트,전월세 전환율,3.88571428571429,%
서울,서대문구,2018-12,지역별전월세전환율_아파트,전월세 전환율,3.85714285714286,%
서울,서대문구,2019-01,지역별전월세전환율_아파트,전월세 전환율,3.84,%
서울,서대문구,2019-02,지역별전월세전환율_아파트,전월세 전환율,3.88235294117647,%
서울,서대문구,2019-03,지역별전월세전환율_아파트,전월세 전환율,3.92705570291777,%
서울,서대문구,2019-04,지역별전월세전환율_아파트,전월세 전환율,4.06779661016949,%
서울,서대문구,2019-05,지역별전월세전환율_아파트,전월세 전환율,4.11578553775091,%
서울,서대문구,2019-06,지역별전월세전환율_아파트,전월세 전환율,4.09014491880329,%
서울,서대문구,2019-07,지역별전월세전환율_아파트,전월세 전환율,4.09052700485619,%
서울,서대문구,2019-08,지역별전월세전환율_아파트,전월세 전환율,4.05770698845926,%
서울,서대문구,2019-09,지역별전월세전환율_아파트,전월세 전환율,4,%
서울,서대문구,2019-10,지역별전월세전환율_아파트,전월세 전환율,3.88689568571172,%
서울,서대문구,2019-11,지역별전월세전환율_아파트,전월세 전환율,3.85714285714286,%
서울,서대문구,2019-12,지역별전월세전환율_아파트,전월세 전환율,3.71593954446642,%
서울,서대문구,2020-01,지역별전월세전환율_아파트,전월세 전환율,3.83711705173023,%
서울,서대문구,2020-02,지역별전월세전환율_아파트,전월세 전환율,3.76222578495231,%
서울,서대문구,2020-03,지역별전월세전환율_아파트,전월세 전환율,3.81818181818182,%
서울,서대문구,2020-04,지역별전월세전환율_아파트,전월세 전환율,3.88235294117647,%
서울,서대문구,2020-05,지역별전월세전환율_아파트,전월세 전환율,3.85714285714286,%
서울,서대문구,2020-06,지역별전월세전환율_아파트,전월세 전환율,3.87847822923572,%
서울,서대문구,2020-07,지역별전월세전환율_아파트,전월세 전환율,3.85714285714286,%
서울,서대문구,2020-08,지역별전월세전환율_아파트,전월세 전환율,3.81315599202282,%
서울,서대문구,2020-09,지역별전월세전환율_아파트,전월세 전환율,3.77265671567235,%
서울,서대문구,2020-10,지역별전월세전환율_아파트,전월세 전환율,3.84,%
서울,서대문구,2020-11,지역별전월세전환율_아파트,전월세 전환율,3.82873233697629,%
서울,서대문구,2020-12,지역별전월세전환율_아파트,전월세 전환율,3.83928285577077,%
서울,서대문구,2021-01,지역별전월세전환율_아파트,전월세 전환율,3.95152792413066,%
서울,서대문구,2021-02,지역별전월세전환율_아파트,전월세 전환율,4,%
서울,서대문구,2021-03,지역별전월세전환율_아파트,전월세 전환율,4.04883378283888,%
서울,서대문구,2021-04,지역별전월세전환율_아파트,전월세 전환율,4.09090909090909,%
서울,서대문구,2021-05,지역별전월세전환율_아파트,전월세 전환율,4.04210526315789,%
서울,서대문구,2021-06,지역별전월세전환율_아파트,전월세 전환율,3.87629604543323,%
서울,서대문구,2021-07,지역별전월세전환율_아파트,전월세 전환율,3.86279519336319,%
서울,서대문구,2021-08,지역별전월세전환율_아파트,전월세 전환율,3.82219121774609,%
서울,서대문구,2021-09,지역별전월세전환율_아파트,전월세 전환율,3.69230769230769,%
서울,서대문구,2021-10,지역별전월세전환율_아파트,전월세 전환율,3.74631344486157,%
서울,서대문구,2021-11,지역별전월세전환율_아파트,전월세 전환율,3.83780821917808,%
서울,서대문구,2021-12,지역별전월세전환율_아파트,전월세 전환율,3.89189189189189,%
서울,서대문구,2022-01,지역별전월세전환율_아파트,전월세 전환율,3.96987885462555,%
서울,서대문구,2022-02,지역별전월세전환율_아파트,전월세 전환율,4,%
서울,서대문구,2022-03,지역별전월세전환율_아파트,전월세 전환율,4.09091734511667,%
서울,서대문구,2022-04,지역별전월세전환율_아파트,전월세 전환율,4.11428571428571,%
서울,서대문구,2022-05,지역별전월세전환율_아파트,전월세 전환율,4.15384615384615,%
서울,서대문구,2022-06,지역별전월세전환율_아파트,전월세 전환율,4.37757529812438,%
서울,서대문구,2022-07,지역별전월세전환율_아파트,전월세 전환율,4.40366972477064,%
서울,서대문구,2022-08,지역별전월세전환율_아파트,전월세 전환율,4.40366972477064,%
서울,서대문구,2022-09,지역별전월세전환율_아파트,전월세 전환율,4.43899636209888,%
서울,서대문구,2022-10,지역별전월세전환율_아파트,전월세 전환율,4.5,%
서울,서대문구,2022-11,지역별전월세전환율_아파트,전월세 전환율,4.54969495284153,%
서울,서대문구,2022-12,지역별전월세전환율_아파트,전월세 전환율,4.66120682918967,%
서울,서대문구,2023-01,지역별전월세전환율_아파트,전월세 전환율,4.8,%
서울,서대문구,2023-02,지역별전월세전환율_아파트,전월세 전환율,4.91068580542265,%
서울,서대문구,2023-03,지역별전월세전환율_아파트,전월세 전환율,5,%
서울,서대문구,2023-04,지역별전월세전환율_아파트,전월세 전환율,5.12621359223301,%
서울,서대문구,2023-05,지역별전월세전환율_아파트,전월세 전환율,5.03110925612188,%
서울,서대문구,2023-06,지역별전월세전환율_아파트,전월세 전환율,4.93738819320215,%
서울,서대문구,2023-07,지역별전월세전환율_아파트,전월세 전환율,4.87404912176794,%
서울,서대문구,2023-08,지역별전월세전환율_아파트,전월세 전환율,4.81248915593292,%
서울,서대문구,2023-09,지역별전월세전환율_아파트,전월세 전환율,4.8,%
서울,서대문구,2023-10,지역별전월세전환율_아파트,전월세 전환율,4.76779295470884,%
서울,서대문구,2023-11,지역별전월세전환율_아파트,전월세 전환율,4.74074074074074,%
서울,서대문구,2023-12,지역별전월세전환율_아파트,전월세 전환율,4.6530612244898,%
서울,서대문구,2024-01,지역별전월세전환율_아파트,전월세 전환율,4.64826338481291,%
서울,서대문구,2024-02,지역별전월세전환율_아파트,전월세 전환율,4.62255301955486,%
서울,서대문구,2024-03,지역별전월세전환율_아파트,전월세 전환율,4.57598590967884,%
서울,서대문구,2024-04,지역별전월세전환율_아파트,전월세 전환율,4.6,%
서울,서대문구,2024-05,지역별전월세전환율_아파트,전월세 전환율,4.584,%
서울,서대문구,2024-06,지역별전월세전환율_아파트,전월세 전환율,4.597905578402063,%
서울,서대문구,2024-07,지역별전월세전환율_아파트,전월세 전환율,4.64816204051013,%
서울,서대문구,2024-08,지역별전월세전환율_아파트,전월세 전환율,4.65671641791045,%
서울,서대문구,2024-09,지역별전월세전환율_아파트,전월세 전환율,4.6332046332046,%
서울,서대문구,2024-10,지역별전월세전환율_아파트,전월세 전환율,4.5882352941177,%
서울,서대문구,2024-11,지역별전월세전환율_아파트,전월세 전환율,4.5333333333333,%
서울,서대문구,2024-12,지역별전월세전환율_아파트,전월세 전환율,4.5521489652931,%
서울,서대문구,2025-01,지역별전월세전환율_아파트,전월세 전환율,4.5451241364802,%
서울,서대문구,2025-02,지역별전월세전환율_아파트,전월세 전환율,4.6571223034068,%
서울,서대문구,2025-03,지역별전월세전환율_아파트,전월세 전환율,4.702880636304,%
서울,서대문구,2025-04,지역별전월세전환율_아파트,전월세 전환율,4.7426442454324,%
서울,서대문구,2025-05,지역별전월세전환율_아파트,전월세 전환율,4.8,%
서울,서대문구,2025-06,지역별전월세전환율_아파트,전월세 전환율,4.7739602169982,%
서울,서대문구,2025-07,지역별전월세전환율_아파트,전월세 전환율,4.7966879840085,%
서울,서대문구,2025-08,지역별전월세전환율_아파트,전월세 전환율,4.6188034188034,%
서울,서대문구,2025-09,지역별전월세전환율_아파트,전월세 전환율,4.6153846153846,%
서울,서대문구,2025-10,지역별전월세전환율_아파트,전월세 전환율,4.6758620689655,%
서울,서대문구,2025-11,지역별전월세전환율_아파트,전월세 전환율,4.7392417213246,%
서울,서대문구,2025-12,지역별전월세전환율_아파트,전월세 전환율,4.6769140853302,%
서울,서대문구,2026-01,지역별전월세전환율_아파트,전월세 전환율,4.6386554621849,%
서울,서대문구,2026-02,지역별전월세전환율_아파트,전월세 전환율,4.6881433196382,%
서울,서대문구,2026-03,지역별전월세전환율_아파트,전월세 전환율,4.6909090909091,%
서울,서대문구,2026-04,지역별전월세전환율_아파트,전월세 전환율,4.6366025485303,%
서울,서대문구,2026-05,지역별전월세전환율_아파트,전월세 전환율,4.5945027486257,%
서울,서대문구,2026-06,지역별전월세전환율_아파트,전월세 전환율,4.8,%
서울,서대문구,2026-07,지역별전월세전환율_아파트,전월세 전환율,4.8,%
서울,서초구,2011-01,지역별전월세전환율_아파트,전월세 전환율,6.9,%
서울,서초구,2011-02,지역별전월세전환율_아파트,전월세 전환율,6.9,%
서울,서초구,2011-03,지역별전월세전환율_아파트,전월세 전환율,6.9,%
서울,서초구,2011-04,지역별전월세전환율_아파트,전월세 전환율,6.9,%
서울,서초구,2011-05,지역별전월세전환율_아파트,전월세 전환율,6.9,%
서울,서초구,2011-06,지역별전월세전환율_아파트,전월세 전환율,6.9,%
서울,서초구,2011-07,지역별전월세전환율_아파트,전월세 전환율,6.91608391608392,%
서울,서초구,2011-08,지역별전월세전환율_아파트,전월세 전환율,6.86281185903411,%
서울,서초구,2011-09,지역별전월세전환율_아파트,전월세 전환율,6.84828263002944,%
서울,서초구,2011-10,지역별전월세전환율_아파트,전월세 전환율,6.79064434762669,%
서울,서초구,2011-11,지역별전월세전환율_아파트,전월세 전환율,6.83076923076923,%
서울,서초구,2011-12,지역별전월세전환율_아파트,전월세 전환율,6.7286886971164,%
서울,서초구,2012-01,지역별전월세전환율_아파트,전월세 전환율,6.66666666666667,%
서울,서초구,2012-02,지역별전월세전환율_아파트,전월세 전환율,6.66666666666667,%
서울,서초구,2012-03,지역별전월세전환율_아파트,전월세 전환율,6.66666666666667,%
서울,서초구,2012-04,지역별전월세전환율_아파트,전월세 전환율,6.66666666666667,%
서울,서초구,2012-05,지역별전월세전환율_아파트,전월세 전환율,6.66666666666667,%
서울,서초구,2012-06,지역별전월세전환율_아파트,전월세 전환율,6.75,%
서울,서초구,2012-07,지역별전월세전환율_아파트,전월세 전환율,6.69866899131143,%
서울,서초구,2012-08,지역별전월세전환율_아파트,전월세 전환율,6.60079553222358,%
서울,서초구,2012-09,지역별전월세전환율_아파트,전월세 전환율,6.55679748382435,%
서울,서초구,2012-10,지역별전월세전환율_아파트,전월세 전환율,6.51851851851852,%
서울,서초구,2012-11,지역별전월세전환율_아파트,전월세 전환율,6.48381102805482,%
서울,서초구,2012-12,지역별전월세전환율_아파트,전월세 전환율,6.36363636363636,%
서울,서초구,2013-01,지역별전월세전환율_아파트,전월세 전환율,6.33647798742138,%
서울,서초구,2013-02,지역별전월세전환율_아파트,전월세 전환율,6.20689655172414,%
서울,서초구,2013-03,지역별전월세전환율_아파트,전월세 전환율,6.17336340600897,%
서울,서초구,2013-04,지역별전월세전환율_아파트,전월세 전환율,6.17662337662338,%
서울,서초구,2013-05,지역별전월세전환율_아파트,전월세 전환율,6.12505427702996,%
서울,서초구,2013-06,지역별전월세전환율_아파트,전월세 전환율,6.02800986711228,%
서울,서초구,2013-07,지역별전월세전환율_아파트,전월세 전환율,6,%
서울,서초구,2013-08,지역별전월세전환율_아파트,전월세 전환율,6,%
서울,서초구,2013-09,지역별전월세전환율_아파트,전월세 전환율,6,%
서울,서초구,2013-10,지역별전월세전환율_아파트,전월세 전환율,6,%
서울,서초구,2013-11,지역별전월세전환율_아파트,전월세 전환율,5.93529193008553,%
서울,서초구,2013-12,지역별전월세전환율_아파트,전월세 전환율,5.79023746701847,%
서울,서초구,2014-01,지역별전월세전환율_아파트,전월세 전환율,5.68421052631579,%
서울,서초구,2014-02,지역별전월세전환율_아파트,전월세 전환율,5.59647937131631,%
서울,서초구,2014-03,지역별전월세전환율_아파트,전월세 전환율,5.50814751636666,%
서울,서초구,2014-04,지역별전월세전환율_아파트,전월세 전환율,5.45454545454546,%
서울,서초구,2014-05,지역별전월세전환율_아파트,전월세 전환율,5.46980032360631,%
서울,서초구,2014-06,지역별전월세전환율_아파트,전월세 전환율,5.45454545454546,%
서울,서초구,2014-07,지역별전월세전환율_아파트,전월세 전환율,5.45320562506032,%
서울,서초구,2014-08,지역별전월세전환율_아파트,전월세 전환율,5.43295295932114,%
서울,서초구,2014-09,지역별전월세전환율_아파트,전월세 전환율,5.44330826099552,%
서울,서초구,2014-10,지역별전월세전환율_아파트,전월세 전환율,5.27118062853287,%
서울,서초구,2014-11,지역별전월세전환율_아파트,전월세 전환율,5.21739130434783,%
서울,서초구,2014-12,지역별전월세전환율_아파트,전월세 전환율,5.14285714285714,%
서울,서초구,2015-01,지역별전월세전환율_아파트,전월세 전환율,5.14285714285714,%
서울,서초구,2015-02,지역별전월세전환율_아파트,전월세 전환율,5.07030990753996,%
서울,서초구,2015-03,지역별전월세전환율_아파트,전월세 전환율,5.09245277970999,%
서울,서초구,2015-04,지역별전월세전환율_아파트,전월세 전환율,5,%
서울,서초구,2015-05,지역별전월세전환율_아파트,전월세 전환율,4.92307692307692,%
서울,서초구,2015-06,지역별전월세전환율_아파트,전월세 전환율,4.86615733015662,%
서울,서초구,2015-07,지역별전월세전환율_아파트,전월세 전환율,4.8,%
서울,서초구,2015-08,지역별전월세전환율_아파트,전월세 전환율,4.74385519143446,%
서울,서초구,2015-09,지역별전월세전환율_아파트,전월세 전환율,4.70253369753164,%
서울,서초구,2015-10,지역별전월세전환율_아파트,전월세 전환율,4.71789790741915,%
서울,서초구,2015-11,지역별전월세전환율_아파트,전월세 전환율,4.59437249482703,%
서울,서초구,2015-12,지역별전월세전환율_아파트,전월세 전환율,4.5,%
서울,서초구,2016-01,지역별전월세전환율_아파트,전월세 전환율,4.5,%
서울,서초구,2016-02,지역별전월세전환율_아파트,전월세 전환율,4.44444444444444,%
서울,서초구,2016-03,지역별전월세전환율_아파트,전월세 전환율,4.36363636363636,%
서울,서초구,2016-04,지역별전월세전환율_아파트,전월세 전환율,4.34466601908292,%
서울,서초구,2016-05,지역별전월세전환율_아파트,전월세 전환율,4.31598308495365,%
서울,서초구,2016-06,지역별전월세전환율_아파트,전월세 전환율,4.31294580056186,%
서울,서초구,2016-07,지역별전월세전환율_아파트,전월세 전환율,4.26666666666667,%
서울,서초구,2016-08,지역별전월세전환율_아파트,전월세 전환율,4.25429999543361,%
서울,서초구,2016-09,지역별전월세전환율_아파트,전월세 전환율,4.26666666666667,%
서울,서초구,2016-10,지역별전월세전환율_아파트,전월세 전환율,4.18227463521887,%
서울,서초구,2016-11,지역별전월세전환율_아파트,전월세 전환율,4.16326530612245,%
서울,서초구,2016-12,지역별전월세전환율_아파트,전월세 전환율,4.11428571428571,%
서울,서초구,2017-01,지역별전월세전환율_아파트,전월세 전환율,4.02527312523994,%
서울,서초구,2017-02,지역별전월세전환율_아파트,전월세 전환율,4,%
서울,서초구,2017-03,지역별전월세전환율_아파트,전월세 전환율,4,%
서울,서초구,2017-04,지역별전월세전환율_아파트,전월세 전환율,4,%
서울,서초구,2017-05,지역별전월세전환율_아파트,전월세 전환율,3.96,%
서울,서초구,2017-06,지역별전월세전환율_아파트,전월세 전환율,3.96111882843218,%
서울,서초구,2017-07,지역별전월세전환율_아파트,전월세 전환율,3.90361445783133,%
서울,서초구,2017-08,지역별전월세전환율_아파트,전월세 전환율,3.92307692307692,%
서울,서초구,2017-09,지역별전월세전환율_아파트,전월세 전환율,3.93705601899425,%
서울,서초구,2017-10,지역별전월세전환율_아파트,전월세 전환율,3.92030587087983,%
서울,서초구,2017-11,지역별전월세전환율_아파트,전월세 전환율,4,%
서울,서초구,2017-12,지역별전월세전환율_아파트,전월세 전환율,3.94553930620011,%
서울,서초구,2018-01,지역별전월세전환율_아파트,전월세 전환율,3.95294117647059,%
서울,서초구,2018-02,지역별전월세전환율_아파트,전월세 전환율,3.92894926391713,%
서울,서초구,2018-03,지역별전월세전환율_아파트,전월세 전환율,3.9,%
서울,서초구,2018-04,지역별전월세전환율_아파트,전월세 전환율,3.89056922674126,%
서울,서초구,2018-05,지역별전월세전환율_아파트,전월세 전환율,3.96944286950554,%
서울,서초구,2018-06,지역별전월세전환율_아파트,전월세 전환율,3.92727272727273,%
서울,서초구,2018-07,지역별전월세전환율_아파트,전월세 전환율,3.91994971597135,%
서울,서초구,2018-08,지역별전월세전환율_아파트,전월세 전환율,3.96010191701043,%
서울,서초구,2018-09,지역별전월세전환율_아파트,전월세 전환율,3.93103448275862,%
서울,서초구,2018-10,지역별전월세전환율_아파트,전월세 전환율,3.87295055142638,%
서울,서초구,2018-11,지역별전월세전환율_아파트,전월세 전환율,3.89039039039039,%
서울,서초구,2018-12,지역별전월세전환율_아파트,전월세 전환율,3.89856963134424,%
서울,서초구,2019-01,지역별전월세전환율_아파트,전월세 전환율,3.87203507488336,%
서울,서초구,2019-02,지역별전월세전환율_아파트,전월세 전환율,3.92727272727273,%
서울,서초구,2019-03,지역별전월세전환율_아파트,전월세 전환율,3.91666666666667,%
서울,서초구,2019-04,지역별전월세전환율_아파트,전월세 전환율,3.96521739130435,%
서울,서초구,2019-05,지역별전월세전환율_아파트,전월세 전환율,4,%
서울,서초구,2019-06,지역별전월세전환율_아파트,전월세 전환율,4,%
서울,서초구,2019-07,지역별전월세전환율_아파트,전월세 전환율,4,%
서울,서초구,2019-08,지역별전월세전환율_아파트,전월세 전환율,4,%
서울,서초구,2019-09,지역별전월세전환율_아파트,전월세 전환율,3.96246774727092,%
서울,서초구,2019-10,지역별전월세전환율_아파트,전월세 전환율,3.92727272727273,%
서울,서초구,2019-11,지역별전월세전환율_아파트,전월세 전환율,3.9210745603775,%
서울,서초구,2019-12,지역별전월세전환율_아파트,전월세 전환율,3.91165597669892,%
서울,서초구,2020-01,지역별전월세전환율_아파트,전월세 전환율,3.85714285714286,%
서울,서초구,2020-02,지역별전월세전환율_아파트,전월세 전환율,3.94285714285714,%
서울,서초구,2020-03,지역별전월세전환율_아파트,전월세 전환율,3.94017675050986,%
서울,서초구,2020-04,지역별전월세전환율_아파트,전월세 전환율,3.9,%
서울,서초구,2020-05,지역별전월세전환율_아파트,전월세 전환율,3.86670068301242,%
서울,서초구,2020-06,지역별전월세전환율_아파트,전월세 전환율,3.84757313004892,%
서울,서초구,2020-07,지역별전월세전환율_아파트,전월세 전환율,3.82556879739978,%
서울,서초구,2020-08,지역별전월세전환율_아파트,전월세 전환율,3.78980677533838,%
서울,서초구,2020-09,지역별전월세전환율_아파트,전월세 전환율,3.76470588235294,%
서울,서초구,2020-10,지역별전월세전환율_아파트,전월세 전환율,3.80952380952381,%
서울,서초구,2020-11,지역별전월세전환율_아파트,전월세 전환율,3.744,%
서울,서초구,2020-12,지역별전월세전환율_아파트,전월세 전환율,3.65,%
서울,서초구,2021-01,지역별전월세전환율_아파트,전월세 전환율,3.69969736312839,%
서울,서초구,2021-02,지역별전월세전환율_아파트,전월세 전환율,3.74586318656162,%
서울,서초구,2021-03,지역별전월세전환율_아파트,전월세 전환율,3.75822942283984,%
서울,서초구,2021-04,지역별전월세전환율_아파트,전월세 전환율,3.81097218436248,%
서울,서초구,2021-05,지역별전월세전환율_아파트,전월세 전환율,3.90798560672992,%
서울,서초구,2021-06,지역별전월세전환율_아파트,전월세 전환율,4.01524635321896,%
서울,서초구,2021-07,지역별전월세전환율_아파트,전월세 전환율,4,%
서울,서초구,2021-08,지역별전월세전환율_아파트,전월세 전환율,4.13793103448276,%
서울,서초구,2021-09,지역별전월세전환율_아파트,전월세 전환율,4.07225124803392,%
서울,서초구,2021-10,지역별전월세전환율_아파트,전월세 전환율,4.03237225140987,%
서울,서초구,2021-11,지역별전월세전환율_아파트,전월세 전환율,4.06153846153846,%
서울,서초구,2021-12,지역별전월세전환율_아파트,전월세 전환율,4.05901285038713,%
서울,서초구,2022-01,지역별전월세전환율_아파트,전월세 전환율,4.13793103448276,%
서울,서초구,2022-02,지역별전월세전환율_아파트,전월세 전환율,4.13793103448276,%
서울,서초구,2022-03,지역별전월세전환율_아파트,전월세 전환율,4.11907513065058,%
서울,서초구,2022-04,지역별전월세전환율_아파트,전월세 전환율,4.06144776963845,%
서울,서초구,2022-05,지역별전월세전환율_아파트,전월세 전환율,4.07268866960732,%
서울,서초구,2022-06,지역별전월세전환율_아파트,전월세 전환율,4.09773602249489,%
서울,서초구,2022-07,지역별전월세전환율_아파트,전월세 전환율,4.06779661016949,%
서울,서초구,2022-08,지역별전월세전환율_아파트,전월세 전환율,4.01369820172009,%
서울,서초구,2022-09,지역별전월세전환율_아파트,전월세 전환율,3.99038106235566,%
서울,서초구,2022-10,지역별전월세전환율_아파트,전월세 전환율,3.99243856332703,%
서울,서초구,2022-11,지역별전월세전환율_아파트,전월세 전환율,4.07982578893572,%
서울,서초구,2022-12,지역별전월세전환율_아파트,전월세 전환율,4.11033201472572,%
서울,서초구,2023-01,지역별전월세전환율_아파트,전월세 전환율,4.18438437343456,%
서울,서초구,2023-02,지역별전월세전환율_아파트,전월세 전환율,4.2269119848583,%
서울,서초구,2023-03,지역별전월세전환율_아파트,전월세 전환율,4.32010852780087,%
서울,서초구,2023-04,지역별전월세전환율_아파트,전월세 전환율,4.5,%
서울,서초구,2023-05,지역별전월세전환율_아파트,전월세 전환율,4.5,%
서울,서초구,2023-06,지역별전월세전환율_아파트,전월세 전환율,4.5859872611465,%
서울,서초구,2023-07,지역별전월세전환율_아파트,전월세 전환율,4.56035974746632,%
서울,서초구,2023-08,지역별전월세전환율_아파트,전월세 전환율,4.72919034752632,%
서울,서초구,2023-09,지역별전월세전환율_아파트,전월세 전환율,4.65439068273714,%
서울,서초구,2023-10,지역별전월세전환율_아파트,전월세 전환율,4.49551854291352,%
서울,서초구,2023-11,지역별전월세전환율_아파트,전월세 전환율,4.53333333333333,%
서울,서초구,2023-12,지역별전월세전환율_아파트,전월세 전환율,4.53333333333333,%
서울,서초구,2024-01,지역별전월세전환율_아파트,전월세 전환율,4.55696202531646,%
서울,서초구,2024-02,지역별전월세전환율_아파트,전월세 전환율,4.58823529411765,%
서울,서초구,2024-03,지역별전월세전환율_아파트,전월세 전환율,4.608,%
서울,서초구,2024-04,지역별전월세전환율_아파트,전월세 전환율,4.61538461538462,%
서울,서초구,2024-05,지역별전월세전환율_아파트,전월세 전환율,4.60073890205439,%
서울,서초구,2024-06,지역별전월세전환율_아파트,전월세 전환율,4.588190722131831,%
서울,서초구,2024-07,지역별전월세전환율_아파트,전월세 전환율,4.61538461538462,%
서울,서초구,2024-08,지역별전월세전환율_아파트,전월세 전환율,4.6,%
서울,서초구,2024-09,지역별전월세전환율_아파트,전월세 전환율,4.5823663773413,%
서울,서초구,2024-10,지역별전월세전환율_아파트,전월세 전환율,4.6057394244868,%
서울,서초구,2024-11,지역별전월세전환율_아파트,전월세 전환율,4.5829145728643,%
서울,서초구,2024-12,지역별전월세전환율_아파트,전월세 전환율,4.5569620253165,%
서울,서초구,2025-01,지역별전월세전환율_아파트,전월세 전환율,4.56,%
서울,서초구,2025-02,지역별전월세전환율_아파트,전월세 전환율,4.4861254802107,%
서울,서초구,2025-03,지역별전월세전환율_아파트,전월세 전환율,4.5149463248736,%
서울,서초구,2025-04,지역별전월세전환율_아파트,전월세 전환율,4.5571453599715,%
서울,서초구,2025-05,지역별전월세전환율_아파트,전월세 전환율,4.5521016092701,%
서울,서초구,2025-06,지역별전월세전환율_아파트,전월세 전환율,4.5930651918126,%
서울,서초구,2025-07,지역별전월세전환율_아파트,전월세 전환율,4.6386554621849,%
서울,서초구,2025-08,지역별전월세전환율_아파트,전월세 전환율,4.6980988889105,%
서울,서초구,2025-09,지역별전월세전환율_아파트,전월세 전환율,4.7580831020112,%
서울,서초구,2025-10,지역별전월세전환율_아파트,전월세 전환율,4.6633762767836,%
서울,서초구,2025-11,지역별전월세전환율_아파트,전월세 전환율,4.6666666666667,%
서울,서초구,2025-12,지역별전월세전환율_아파트,전월세 전환율,4.6411299056943,%
서울,서초구,2026-01,지역별전월세전환율_아파트,전월세 전환율,4.5989437203144,%
서울,서초구,2026-02,지역별전월세전환율_아파트,전월세 전환율,4.5860024715843,%
서울,서초구,2026-03,지역별전월세전환율_아파트,전월세 전환율,4.56,%
서울,서초구,2026-04,지역별전월세전환율_아파트,전월세 전환율,4.6208911651729,%
서울,서초구,2026-05,지역별전월세전환율_아파트,전월세 전환율,4.7780061233905,%
서울,서초구,2026-06,지역별전월세전환율_아파트,전월세 전환율,4.8206599713056,%
서울,서초구,2026-07,지역별전월세전환율_아파트,전월세 전환율,4.8,%
서울,성동구,2011-01,지역별전월세전환율_아파트,전월세 전환율,7.2,%
서울,성동구,2011-02,지역별전월세전환율_아파트,전월세 전환율,7.2,%
서울,성동구,2011-03,지역별전월세전환율_아파트,전월세 전환율,7.2,%
서울,성동구,2011-04,지역별전월세전환율_아파트,전월세 전환율,7.2,%
서울,성동구,2011-05,지역별전월세전환율_아파트,전월세 전환율,7.2,%
서울,성동구,2011-06,지역별전월세전환율_아파트,전월세 전환율,7.2,%
서울,성동구,2011-07,지역별전월세전환율_아파트,전월세 전환율,7.2,%
서울,성동구,2011-08,지역별전월세전환율_아파트,전월세 전환율,7.2,%
서울,성동구,2011-09,지역별전월세전환율_아파트,전월세 전환율,7.2,%
서울,성동구,2011-10,지역별전월세전환율_아파트,전월세 전환율,7.28571428571429,%
서울,성동구,2011-11,지역별전월세전환율_아파트,전월세 전환율,7.20284757828721,%
서울,성동구,2011-12,지역별전월세전환율_아파트,전월세 전환율,7.2,%
서울,성동구,2012-01,지역별전월세전환율_아파트,전월세 전환율,7.2,%
서울,성동구,2012-02,지역별전월세전환율_아파트,전월세 전환율,7.05882352941176,%
서울,성동구,2012-03,지역별전월세전환율_아파트,전월세 전환율,7.05882352941176,%
서울,성동구,2012-04,지역별전월세전환율_아파트,전월세 전환율,7,%
서울,성동구,2012-05,지역별전월세전환율_아파트,전월세 전환율,6.92307692307692,%
서울,성동구,2012-06,지역별전월세전환율_아파트,전월세 전환율,6.98181818181818,%
서울,성동구,2012-07,지역별전월세전환율_아파트,전월세 전환율,6.91608391608392,%
서울,성동구,2012-08,지역별전월세전환율_아파트,전월세 전환율,6.96680425657604,%
서울,성동구,2012-09,지역별전월세전환율_아파트,전월세 전환율,6.86262769476945,%
서울,성동구,2012-10,지역별전월세전환율_아파트,전월세 전환율,6.88113495650239,%
서울,성동구,2012-11,지역별전월세전환율_아파트,전월세 전환율,6.85714285714286,%
서울,성동구,2012-12,지역별전월세전환율_아파트,전월세 전환율,6.85714285714286,%
서울,성동구,2013-01,지역별전월세전환율_아파트,전월세 전환율,6.92180979530416,%
서울,성동구,2013-02,지역별전월세전환율_아파트,전월세 전환율,6.8,%
서울,성동구,2013-03,지역별전월세전환율_아파트,전월세 전환율,6.72,%
서울,성동구,2013-04,지역별전월세전환율_아파트,전월세 전환율,6.72,%
서울,성동구,2013-05,지역별전월세전환율_아파트,전월세 전환율,6.6,%
서울,성동구,2013-06,지역별전월세전환율_아파트,전월세 전환율,6.48648648648649,%
서울,성동구,2013-07,지역별전월세전환율_아파트,전월세 전환율,6.47595505617978,%
서울,성동구,2013-08,지역별전월세전환율_아파트,전월세 전환율,6.33333333333333,%
서울,성동구,2013-09,지역별전월세전환율_아파트,전월세 전환율,6.31578947368421,%
서울,성동구,2013-10,지역별전월세전환율_아파트,전월세 전환율,6.16034635174649,%
서울,성동구,2013-11,지역별전월세전환율_아파트,전월세 전환율,6.14073111112227,%
서울,성동구,2013-12,지역별전월세전환율_아파트,전월세 전환율,6.10169491525424,%
서울,성동구,2014-01,지역별전월세전환율_아파트,전월세 전환율,6,%
서울,성동구,2014-02,지역별전월세전환율_아파트,전월세 전환율,5.88351274787535,%
서울,성동구,2014-03,지역별전월세전환율_아파트,전월세 전환율,5.71428571428571,%
서울,성동구,2014-04,지역별전월세전환율_아파트,전월세 전환율,5.71428571428571,%
서울,성동구,2014-05,지역별전월세전환율_아파트,전월세 전환율,5.5609756097561,%
서울,성동구,2014-06,지역별전월세전환율_아파트,전월세 전환율,5.56904761904762,%
서울,성동구,2014-07,지역별전월세전환율_아파트,전월세 전환율,5.53846153846154,%
서울,성동구,2014-08,지역별전월세전환율_아파트,전월세 전환율,5.51351351351351,%
서울,성동구,2014-09,지역별전월세전환율_아파트,전월세 전환율,5.46731142720544,%
서울,성동구,2014-10,지역별전월세전환율_아파트,전월세 전환율,5.45454545454546,%
서울,성동구,2014-11,지역별전월세전환율_아파트,전월세 전환율,5.48571428571429,%
서울,성동구,2014-12,지역별전월세전환율_아파트,전월세 전환율,5.44164948453608,%
서울,성동구,2015-01,지역별전월세전환율_아파트,전월세 전환율,5.35714285714286,%
서울,성동구,2015-02,지역별전월세전환율_아파트,전월세 전환율,5.17179782560018,%
서울,성동구,2015-03,지역별전월세전환율_아파트,전월세 전환율,5.14285714285714,%
서울,성동구,2015-04,지역별전월세전환율_아파트,전월세 전환율,5.14285714285714,%
서울,성동구,2015-05,지역별전월세전환율_아파트,전월세 전환율,5.07157490396927,%
서울,성동구,2015-06,지역별전월세전환율_아파트,전월세 전환율,5,%
서울,성동구,2015-07,지역별전월세전환율_아파트,전월세 전환율,4.99469032086609,%
서울,성동구,2015-08,지역별전월세전환율_아파트,전월세 전환율,4.90909090909091,%
서울,성동구,2015-09,지역별전월세전환율_아파트,전월세 전환율,4.85714285714286,%
서울,성동구,2015-10,지역별전월세전환율_아파트,전월세 전환율,4.71983169260083,%
서울,성동구,2015-11,지역별전월세전환율_아파트,전월세 전환율,4.68292682926829,%
서울,성동구,2015-12,지역별전월세전환율_아파트,전월세 전환율,4.57142857142857,%
서울,성동구,2016-01,지역별전월세전환율_아파트,전월세 전환율,4.5,%
서울,성동구,2016-02,지역별전월세전환율_아파트,전월세 전환율,4.46511627906977,%
서울,성동구,2016-03,지역별전월세전환율_아파트,전월세 전환율,4.39206561004979,%
서울,성동구,2016-04,지역별전월세전환율_아파트,전월세 전환율,4.33333333333333,%
서울,성동구,2016-05,지역별전월세전환율_아파트,전월세 전환율,4.31860243120658,%
서울,성동구,2016-06,지역별전월세전환율_아파트,전월세 전환율,4.28571428571429,%
서울,성동구,2016-07,지역별전월세전환율_아파트,전월세 전환율,4.25806451612903,%
서울,성동구,2016-08,지역별전월세전환율_아파트,전월세 전환율,4.28571428571429,%
서울,성동구,2016-09,지역별전월세전환율_아파트,전월세 전환율,4.25316455696202,%
서울,성동구,2016-10,지역별전월세전환율_아파트,전월세 전환율,4.22222222222222,%
서울,성동구,2016-11,지역별전월세전환율_아파트,전월세 전환율,4.23529411764706,%
서울,성동구,2016-12,지역별전월세전환율_아파트,전월세 전환율,4.21465587390608,%
서울,성동구,2017-01,지역별전월세전환율_아파트,전월세 전환율,4.2,%
서울,성동구,2017-02,지역별전월세전환율_아파트,전월세 전환율,4.1361613572069,%
서울,성동구,2017-03,지역별전월세전환율_아파트,전월세 전환율,4.125,%
서울,성동구,2017-04,지역별전월세전환율_아파트,전월세 전환율,4.08663459220677,%
서울,성동구,2017-05,지역별전월세전환율_아파트,전월세 전환율,4.09776299231065,%
서울,성동구,2017-06,지역별전월세전환율_아파트,전월세 전환율,4.07142857142857,%
서울,성동구,2017-07,지역별전월세전환율_아파트,전월세 전환율,4.13793103448276,%
서울,성동구,2017-08,지역별전월세전환율_아파트,전월세 전환율,4.08279976562084,%
서울,성동구,2017-09,지역별전월세전환율_아파트,전월세 전환율,4.08410737732025,%
서울,성동구,2017-10,지역별전월세전환율_아파트,전월세 전환율,4.12701612903226,%
서울,성동구,2017-11,지역별전월세전환율_아파트,전월세 전환율,4.13793103448276,%
서울,성동구,2017-12,지역별전월세전환율_아파트,전월세 전환율,4.11428571428571,%
서울,성동구,2018-01,지역별전월세전환율_아파트,전월세 전환율,4.08,%
서울,성동구,2018-02,지역별전월세전환율_아파트,전월세 전환율,4.07547169811321,%
서울,성동구,2018-03,지역별전월세전환율_아파트,전월세 전환율,4.04699964053872,%
서울,성동구,2018-04,지역별전월세전환율_아파트,전월세 전환율,4.00231321871038,%
서울,성동구,2018-05,지역별전월세전환율_아파트,전월세 전환율,4.02684563758389,%
서울,성동구,2018-06,지역별전월세전환율_아파트,전월세 전환율,4.00247855100095,%
서울,성동구,2018-07,지역별전월세전환율_아파트,전월세 전환율,4.00239588485567,%
서울,성동구,2018-08,지역별전월세전환율_아파트,전월세 전환율,4.01263764308353,%
서울,성동구,2018-09,지역별전월세전환율_아파트,전월세 전환율,4.07052451974907,%
서울,성동구,2018-10,지역별전월세전환율_아파트,전월세 전환율,4.04354555336526,%
서울,성동구,2018-11,지역별전월세전환율_아파트,전월세 전환율,4.07769768067262,%
서울,성동구,2018-12,지역별전월세전환율_아파트,전월세 전환율,4.06056678048675,%
서울,성동구,2019-01,지역별전월세전환율_아파트,전월세 전환율,4.04494382022472,%
서울,성동구,2019-02,지역별전월세전환율_아파트,전월세 전환율,4.02696058996115,%
서울,성동구,2019-03,지역별전월세전환율_아파트,전월세 전환율,4.08017639201086,%
서울,성동구,2019-04,지역별전월세전환율_아파트,전월세 전환율,4.11739626469364,%
서울,성동구,2019-05,지역별전월세전환율_아파트,전월세 전환율,4.10526315789474,%
서울,성동구,2019-06,지역별전월세전환율_아파트,전월세 전환율,4.09756097560976,%
서울,성동구,2019-07,지역별전월세전환율_아파트,전월세 전환율,4.09756097560976,%
서울,성동구,2019-08,지역별전월세전환율_아파트,전월세 전환율,4.08,%
서울,성동구,2019-09,지역별전월세전환율_아파트,전월세 전환율,4.04802976105308,%
서울,성동구,2019-10,지역별전월세전환율_아파트,전월세 전환율,4.00975294404029,%
서울,성동구,2019-11,지역별전월세전환율_아파트,전월세 전환율,4.08046368905558,%
서울,성동구,2019-12,지역별전월세전환율_아파트,전월세 전환율,4,%
서울,성동구,2020-01,지역별전월세전환율_아파트,전월세 전환율,4,%
서울,성동구,2020-02,지역별전월세전환율_아파트,전월세 전환율,3.99772727658259,%
서울,성동구,2020-03,지역별전월세전환율_아파트,전월세 전환율,4,%
서울,성동구,2020-04,지역별전월세전환율_아파트,전월세 전환율,4,%
서울,성동구,2020-05,지역별전월세전환율_아파트,전월세 전환율,3.99276431135725,%
서울,성동구,2020-06,지역별전월세전환율_아파트,전월세 전환율,3.9905987066268,%
서울,성동구,2020-07,지역별전월세전환율_아파트,전월세 전환율,3.99821994949365,%
서울,성동구,2020-08,지역별전월세전환율_아파트,전월세 전환율,3.95731003102954,%
서울,성동구,2020-09,지역별전월세전환율_아파트,전월세 전환율,3.92593088898203,%
서울,성동구,2020-10,지역별전월세전환율_아파트,전월세 전환율,3.92572994129531,%
서울,성동구,2020-11,지역별전월세전환율_아파트,전월세 전환율,3.91304347826087,%
서울,성동구,2020-12,지역별전월세전환율_아파트,전월세 전환율,4,%
서울,성동구,2021-01,지역별전월세전환율_아파트,전월세 전환율,4,%
서울,성동구,2021-02,지역별전월세전환율_아파트,전월세 전환율,4.14914067116104,%
서울,성동구,2021-03,지역별전월세전환율_아파트,전월세 전환율,4.17560497553882,%
서울,성동구,2021-04,지역별전월세전환율_아파트,전월세 전환율,4.31772176827456,%
서울,성동구,2021-05,지역별전월세전환율_아파트,전월세 전환율,4.25,%
서울,성동구,2021-06,지역별전월세전환율_아파트,전월세 전환율,4.17663694127056,%
서울,성동구,2021-07,지역별전월세전환율_아파트,전월세 전환율,4.26593408939673,%
서울,성동구,2021-08,지역별전월세전환율_아파트,전월세 전환율,4.27077122939696,%
서울,성동구,2021-09,지역별전월세전환율_아파트,전월세 전환율,4.33534136546185,%
서울,성동구,2021-10,지역별전월세전환율_아파트,전월세 전환율,4.27426536064114,%
서울,성동구,2021-11,지역별전월세전환율_아파트,전월세 전환율,4.24809905872417,%
서울,성동구,2021-12,지역별전월세전환율_아파트,전월세 전환율,4.18229884787204,%
서울,성동구,2022-01,지역별전월세전환율_아파트,전월세 전환율,4.21134578193459,%
서울,성동구,2022-02,지역별전월세전환율_아파트,전월세 전환율,4.23529411764706,%
서울,성동구,2022-03,지역별전월세전환율_아파트,전월세 전환율,4.34134902059693,%
서울,성동구,2022-04,지역별전월세전환율_아파트,전월세 전환율,4.41979315043042,%
서울,성동구,2022-05,지역별전월세전환율_아파트,전월세 전환율,4.42241820768137,%
서울,성동구,2022-06,지역별전월세전환율_아파트,전월세 전환율,4.45057463554381,%
서울,성동구,2022-07,지역별전월세전환율_아파트,전월세 전환율,4.48725372200684,%
서울,성동구,2022-08,지역별전월세전환율_아파트,전월세 전환율,4.47013211431393,%
서울,성동구,2022-09,지역별전월세전환율_아파트,전월세 전환율,4.44444444444444,%
서울,성동구,2022-10,지역별전월세전환율_아파트,전월세 전환율,4.42565405960926,%
서울,성동구,2022-11,지역별전월세전환율_아파트,전월세 전환율,4.57310370098937,%
서울,성동구,2022-12,지역별전월세전환율_아파트,전월세 전환율,4.65538539323232,%
서울,성동구,2023-01,지역별전월세전환율_아파트,전월세 전환율,4.8,%
서울,성동구,2023-02,지역별전월세전환율_아파트,전월세 전환율,5.03011912373675,%
서울,성동구,2023-03,지역별전월세전환율_아파트,전월세 전환율,5.18918918918919,%
서울,성동구,2023-04,지역별전월세전환율_아파트,전월세 전환율,5.27346797260986,%
서울,성동구,2023-05,지역별전월세전환율_아파트,전월세 전환율,5.28,%
서울,성동구,2023-06,지역별전월세전환율_아파트,전월세 전환율,5.27165552286708,%
서울,성동구,2023-07,지역별전월세전환율_아파트,전월세 전환율,5.25285818150416,%
서울,성동구,2023-08,지역별전월세전환율_아파트,전월세 전환율,5.19270641600487,%
서울,성동구,2023-09,지역별전월세전환율_아파트,전월세 전환율,5.13387053927211,%
서울,성동구,2023-10,지역별전월세전환율_아파트,전월세 전환율,5.08587275557261,%
서울,성동구,2023-11,지역별전월세전환율_아파트,전월세 전환율,5.05405089006281,%
서울,성동구,2023-12,지역별전월세전환율_아파트,전월세 전환율,4.94787727078993,%
서울,성동구,2024-01,지역별전월세전환율_아파트,전월세 전환율,4.93150684931507,%
서울,성동구,2024-02,지역별전월세전환율_아파트,전월세 전환율,4.89634801288937,%
서울,성동구,2024-03,지역별전월세전환율_아파트,전월세 전환율,4.87292435424354,%
서울,성동구,2024-04,지역별전월세전환율_아파트,전월세 전환율,4.84788774443947,%
서울,성동구,2024-05,지역별전월세전환율_아파트,전월세 전환율,4.87559877538052,%
서울,성동구,2024-06,지역별전월세전환율_아파트,전월세 전환율,4.870961794530369,%
서울,성동구,2024-07,지역별전월세전환율_아파트,전월세 전환율,4.81605351170569,%
서울,성동구,2024-08,지역별전월세전환율_아파트,전월세 전환율,4.8,%
서울,성동구,2024-09,지역별전월세전환율_아파트,전월세 전환율,4.8421052631579,%
서울,성동구,2024-10,지역별전월세전환율_아파트,전월세 전환율,4.8,%
서울,성동구,2024-11,지역별전월세전환율_아파트,전월세 전환율,4.7993687270714,%
서울,성동구,2024-12,지역별전월세전환율_아파트,전월세 전환율,4.8,%
서울,성동구,2025-01,지역별전월세전환율_아파트,전월세 전환율,4.8,%
서울,성동구,2025-02,지역별전월세전환율_아파트,전월세 전환율,4.8017155913532,%
서울,성동구,2025-03,지역별전월세전환율_아파트,전월세 전환율,4.9480344142952,%
서울,성동구,2025-04,지역별전월세전환율_아파트,전월세 전환율,5,%
서울,성동구,2025-05,지역별전월세전환율_아파트,전월세 전환율,5.0388989845167,%
서울,성동구,2025-06,지역별전월세전환율_아파트,전월세 전환율,5,%
서울,성동구,2025-07,지역별전월세전환율_아파트,전월세 전환율,5.0009942733422,%
서울,성동구,2025-08,지역별전월세전환율_아파트,전월세 전환율,5.0377274388433,%
서울,성동구,2025-09,지역별전월세전환율_아파트,전월세 전환율,5.0543108904983,%
서울,성동구,2025-10,지역별전월세전환율_아파트,전월세 전환율,5.0285714285714,%
서울,성동구,2025-11,지역별전월세전환율_아파트,전월세 전환율,5,%
서울,성동구,2025-12,지역별전월세전환율_아파트,전월세 전환율,4.9930603629138,%
서울,성동구,2026-01,지역별전월세전환율_아파트,전월세 전환율,5,%
서울,성동구,2026-02,지역별전월세전환율_아파트,전월세 전환율,4.9411764705882,%
서울,성동구,2026-03,지역별전월세전환율_아파트,전월세 전환율,4.9343452170844,%
서울,성동구,2026-04,지역별전월세전환율_아파트,전월세 전환율,4.9567312473941,%
서울,성동구,2026-05,지역별전월세전환율_아파트,전월세 전환율,5.0160500187558,%
서울,성동구,2026-06,지역별전월세전환율_아파트,전월세 전환율,5.0780856423174,%
서울,성동구,2026-07,지역별전월세전환율_아파트,전월세 전환율,5,%
서울,성북구,2011-01,지역별전월세전환율_아파트,전월세 전환율,7.38461538461538,%
서울,성북구,2011-02,지역별전월세전환율_아파트,전월세 전환율,7.38461538461538,%
서울,성북구,2011-03,지역별전월세전환율_아파트,전월세 전환율,7.38461538461538,%
서울,성북구,2011-04,지역별전월세전환율_아파트,전월세 전환율,7.38461538461538,%
서울,성북구,2011-05,지역별전월세전환율_아파트,전월세 전환율,7.38461538461538,%
서울,성북구,2011-06,지역별전월세전환율_아파트,전월세 전환율,7.38461538461538,%
서울,성북구,2011-07,지역별전월세전환율_아파트,전월세 전환율,7.28571428571429,%
서울,성북구,2011-08,지역별전월세전환율_아파트,전월세 전환율,7.2,%
서울,성북구,2011-09,지역별전월세전환율_아파트,전월세 전환율,7.15538323889055,%
서울,성북구,2011-10,지역별전월세전환율_아파트,전월세 전환율,7.2,%
서울,성북구,2011-11,지역별전월세전환율_아파트,전월세 전환율,7.13513513513513,%
서울,성북구,2011-12,지역별전월세전환율_아파트,전월세 전환율,7.09090909090909,%
서울,성북구,2012-01,지역별전월세전환율_아파트,전월세 전환율,7.09090909090909,%
서울,성북구,2012-02,지역별전월세전환율_아파트,전월세 전환율,7,%
서울,성북구,2012-03,지역별전월세전환율_아파트,전월세 전환율,6.88758224369118,%
서울,성북구,2012-04,지역별전월세전환율_아파트,전월세 전환율,6.85714285714286,%
서울,성북구,2012-05,지역별전월세전환율_아파트,전월세 전환율,6.85714285714286,%
서울,성북구,2012-06,지역별전월세전환율_아파트,전월세 전환율,6.80208973792631,%
서울,성북구,2012-07,지역별전월세전환율_아파트,전월세 전환율,6.85714285714286,%
서울,성북구,2012-08,지역별전월세전환율_아파트,전월세 전환율,6.75,%
서울,성북구,2012-09,지역별전월세전환율_아파트,전월세 전환율,6.72,%
서울,성북구,2012-10,지역별전월세전환율_아파트,전월세 전환율,6.6403162055336,%
서울,성북구,2012-11,지역별전월세전환율_아파트,전월세 전환율,6.63157894736842,%
서울,성북구,2012-12,지역별전월세전환율_아파트,전월세 전환율,6.66666666666667,%
서울,성북구,2013-01,지역별전월세전환율_아파트,전월세 전환율,6.63157894736842,%
서울,성북구,2013-02,지역별전월세전환율_아파트,전월세 전환율,6.54545454545454,%
서울,성북구,2013-03,지역별전월세전환율_아파트,전월세 전환율,6.51428571428571,%
서울,성북구,2013-04,지역별전월세전환율_아파트,전월세 전환율,6.58064516129032,%
서울,성북구,2013-05,지역별전월세전환율_아파트,전월세 전환율,6.44776119402985,%
서울,성북구,2013-06,지역별전월세전환율_아파트,전월세 전환율,6.46153846153846,%
서울,성북구,2013-07,지역별전월세전환율_아파트,전월세 전환율,6.46153846153846,%
서울,성북구,2013-08,지역별전월세전환율_아파트,전월세 전환율,6.46153846153846,%
서울,성북구,2013-09,지역별전월세전환율_아파트,전월세 전환율,6.31578947368421,%
서울,성북구,2013-10,지역별전월세전환율_아파트,전월세 전환율,6.25,%
서울,성북구,2013-11,지역별전월세전환율_아파트,전월세 전환율,6.26086956521739,%
서울,성북구,2013-12,지역별전월세전환율_아파트,전월세 전환율,6.00000000000001,%
서울,성북구,2014-01,지역별전월세전환율_아파트,전월세 전환율,6,%
서울,성북구,2014-02,지역별전월세전환율_아파트,전월세 전환율,5.73913043478261,%
서울,성북구,2014-03,지역별전월세전환율_아파트,전월세 전환율,5.64705882352941,%
서울,성북구,2014-04,지역별전월세전환율_아파트,전월세 전환율,5.6,%
서울,성북구,2014-05,지역별전월세전환율_아파트,전월세 전환율,5.57033570808907,%
서울,성북구,2014-06,지역별전월세전환율_아파트,전월세 전환율,5.64705882352941,%
서울,성북구,2014-07,지역별전월세전환율_아파트,전월세 전환율,5.625,%
서울,성북구,2014-08,지역별전월세전환율_아파트,전월세 전환율,5.53846153846154,%
서울,성북구,2014-09,지역별전월세전환율_아파트,전월세 전환율,5.46753636870789,%
서울,성북구,2014-10,지역별전월세전환율_아파트,전월세 전환율,5.4,%
서울,성북구,2014-11,지역별전월세전환율_아파트,전월세 전환율,5.21739130434783,%
서울,성북구,2014-12,지역별전월세전환율_아파트,전월세 전환율,5.14285714285714,%
서울,성북구,2015-01,지역별전월세전환율_아파트,전월세 전환율,5.06666666666667,%
서울,성북구,2015-02,지역별전월세전환율_아파트,전월세 전환율,5,%
서울,성북구,2015-03,지역별전월세전환율_아파트,전월세 전환율,5,%
서울,성북구,2015-04,지역별전월세전환율_아파트,전월세 전환율,4.99956465092631,%
서울,성북구,2015-05,지역별전월세전환율_아파트,전월세 전환율,4.92976596497456,%
서울,성북구,2015-06,지역별전월세전환율_아파트,전월세 전환율,4.8023295669978,%
서울,성북구,2015-07,지역별전월세전환율_아파트,전월세 전환율,4.8,%
서울,성북구,2015-08,지역별전월세전환율_아파트,전월세 전환율,4.70588235294118,%
서울,성북구,2015-09,지역별전월세전환율_아파트,전월세 전환율,4.61885539660137,%
서울,성북구,2015-10,지역별전월세전환율_아파트,전월세 전환율,4.54736842105263,%
서울,성북구,2015-11,지역별전월세전환율_아파트,전월세 전환율,4.49621382516119,%
서울,성북구,2015-12,지역별전월세전환율_아파트,전월세 전환율,4.46655439001771,%
서울,성북구,2016-01,지역별전월세전환율_아파트,전월세 전환율,4.42105263157895,%
서울,성북구,2016-02,지역별전월세전환율_아파트,전월세 전환율,4.44444444444444,%
서울,성북구,2016-03,지역별전월세전환율_아파트,전월세 전환율,4.36363636363636,%
서울,성북구,2016-04,지역별전월세전환율_아파트,전월세 전환율,4.36363636363636,%
서울,성북구,2016-05,지역별전월세전환율_아파트,전월세 전환율,4.36363636363636,%
서울,성북구,2016-06,지역별전월세전환율_아파트,전월세 전환율,4.27118644067797,%
서울,성북구,2016-07,지역별전월세전환율_아파트,전월세 전환율,4.26315789473684,%
서울,성북구,2016-08,지역별전월세전환율_아파트,전월세 전환율,4.21697642216381,%
서울,성북구,2016-09,지역별전월세전환율_아파트,전월세 전환율,4.16666666666667,%
서울,성북구,2016-10,지역별전월세전환율_아파트,전월세 전환율,4.1,%
서울,성북구,2016-11,지역별전월세전환율_아파트,전월세 전환율,4.06615636960087,%
서울,성북구,2016-12,지역별전월세전환율_아파트,전월세 전환율,4,%
서울,성북구,2017-01,지역별전월세전환율_아파트,전월세 전환율,4,%
서울,성북구,2017-02,지역별전월세전환율_아파트,전월세 전환율,4,%
서울,성북구,2017-03,지역별전월세전환율_아파트,전월세 전환율,4,%
서울,성북구,2017-04,지역별전월세전환율_아파트,전월세 전환율,4,%
서울,성북구,2017-05,지역별전월세전환율_아파트,전월세 전환율,4,%
서울,성북구,2017-06,지역별전월세전환율_아파트,전월세 전환율,4,%
서울,성북구,2017-07,지역별전월세전환율_아파트,전월세 전환율,3.99946828276481,%
서울,성북구,2017-08,지역별전월세전환율_아파트,전월세 전환율,3.95313182016586,%
서울,성북구,2017-09,지역별전월세전환율_아파트,전월세 전환율,3.92727272727273,%
서울,성북구,2017-10,지역별전월세전환율_아파트,전월세 전환율,3.95294117647059,%
서울,성북구,2017-11,지역별전월세전환율_아파트,전월세 전환율,3.95294117647059,%
서울,성북구,2017-12,지역별전월세전환율_아파트,전월세 전환율,3.96808645899555,%
서울,성북구,2018-01,지역별전월세전환율_아파트,전월세 전환율,4,%
서울,성북구,2018-02,지역별전월세전환율_아파트,전월세 전환율,4,%
서울,성북구,2018-03,지역별전월세전환율_아파트,전월세 전환율,4,%
서울,성북구,2018-04,지역별전월세전환율_아파트,전월세 전환율,3.98338313210188,%
서울,성북구,2018-05,지역별전월세전환율_아파트,전월세 전환율,3.94520547945206,%
서울,성북구,2018-06,지역별전월세전환율_아파트,전월세 전환율,3.97236430439131,%
서울,성북구,2018-07,지역별전월세전환율_아파트,전월세 전환율,4,%
서울,성북구,2018-08,지역별전월세전환율_아파트,전월세 전환율,3.99933297366227,%
서울,성북구,2018-09,지역별전월세전환율_아파트,전월세 전환율,3.93415668919907,%
서울,성북구,2018-10,지역별전월세전환율_아파트,전월세 전환율,3.90470788428815,%
서울,성북구,2018-11,지역별전월세전환율_아파트,전월세 전환율,3.90348837209302,%
서울,성북구,2018-12,지역별전월세전환율_아파트,전월세 전환율,3.91001011122346,%
서울,성북구,2019-01,지역별전월세전환율_아파트,전월세 전환율,3.94808749825681,%
서울,성북구,2019-02,지역별전월세전환율_아파트,전월세 전환율,3.96,%
서울,성북구,2019-03,지역별전월세전환율_아파트,전월세 전환율,4,%
서울,성북구,2019-04,지역별전월세전환율_아파트,전월세 전환율,4,%
서울,성북구,2019-05,지역별전월세전환율_아파트,전월세 전환율,4,%
서울,성북구,2019-06,지역별전월세전환율_아파트,전월세 전환율,4,%
서울,성북구,2019-07,지역별전월세전환율_아파트,전월세 전환율,4,%
서울,성북구,2019-08,지역별전월세전환율_아파트,전월세 전환율,4,%
서울,성북구,2019-09,지역별전월세전환율_아파트,전월세 전환율,3.97125567322239,%
서울,성북구,2019-10,지역별전월세전환율_아파트,전월세 전환율,3.96425196850394,%
서울,성북구,2019-11,지역별전월세전환율_아파트,전월세 전환율,3.92725926489167,%
서울,성북구,2019-12,지역별전월세전환율_아파트,전월세 전환율,3.85714285714286,%
서울,성북구,2020-01,지역별전월세전환율_아파트,전월세 전환율,3.88235294117647,%
서울,성북구,2020-02,지역별전월세전환율_아파트,전월세 전환율,3.88786516264025,%
서울,성북구,2020-03,지역별전월세전환율_아파트,전월세 전환율,3.87394540942928,%
서울,성북구,2020-04,지역별전월세전환율_아파트,전월세 전환율,3.84,%
서울,성북구,2020-05,지역별전월세전환율_아파트,전월세 전환율,3.82039941609467,%
서울,성북구,2020-06,지역별전월세전환율_아파트,전월세 전환율,3.81818181818182,%
서울,성북구,2020-07,지역별전월세전환율_아파트,전월세 전환율,3.78947368421053,%
서울,성북구,2020-08,지역별전월세전환율_아파트,전월세 전환율,3.76335475645107,%
서울,성북구,2020-09,지역별전월세전환율_아파트,전월세 전환율,3.74363284698063,%
서울,성북구,2020-10,지역별전월세전환율_아파트,전월세 전환율,3.73056994818653,%
서울,성북구,2020-11,지역별전월세전환율_아파트,전월세 전환율,3.70656370656371,%
서울,성북구,2020-12,지역별전월세전환율_아파트,전월세 전환율,3.75,%
서울,성북구,2021-01,지역별전월세전환율_아파트,전월세 전환율,3.85714285714286,%
서울,성북구,2021-02,지역별전월세전환율_아파트,전월세 전환율,3.95786418811118,%
서울,성북구,2021-03,지역별전월세전환율_아파트,전월세 전환율,3.95802197802198,%
서울,성북구,2021-04,지역별전월세전환율_아파트,전월세 전환율,3.84,%
서울,성북구,2021-05,지역별전월세전환율_아파트,전월세 전환율,3.76195882402779,%
서울,성북구,2021-06,지역별전월세전환율_아파트,전월세 전환율,3.75,%
서울,성북구,2021-07,지역별전월세전환율_아파트,전월세 전환율,3.75,%
서울,성북구,2021-08,지역별전월세전환율_아파트,전월세 전환율,3.77093167701863,%
서울,성북구,2021-09,지역별전월세전환율_아파트,전월세 전환율,3.75550122249389,%
서울,성북구,2021-10,지역별전월세전환율_아파트,전월세 전환율,3.87096774193548,%
서울,성북구,2021-11,지역별전월세전환율_아파트,전월세 전환율,3.93013134091907,%
서울,성북구,2021-12,지역별전월세전환율_아파트,전월세 전환율,3.78,%
서울,성북구,2022-01,지역별전월세전환율_아파트,전월세 전환율,3.94029850746269,%
서울,성북구,2022-02,지역별전월세전환율_아파트,전월세 전환율,3.94736842105263,%
서울,성북구,2022-03,지역별전월세전환율_아파트,전월세 전환율,3.92307692307692,%
서울,성북구,2022-04,지역별전월세전환율_아파트,전월세 전환율,3.96521739130435,%
서울,성북구,2022-05,지역별전월세전환율_아파트,전월세 전환율,3.92803169819744,%
서울,성북구,2022-06,지역별전월세전환율_아파트,전월세 전환율,4.08,%
서울,성북구,2022-07,지역별전월세전환율_아파트,전월세 전환율,4.07547169811321,%
서울,성북구,2022-08,지역별전월세전환율_아파트,전월세 전환율,4.20321723838951,%
서울,성북구,2022-09,지역별전월세전환율_아파트,전월세 전환율,4.27207544249296,%
서울,성북구,2022-10,지역별전월세전환율_아파트,전월세 전환율,4.27722772277228,%
서울,성북구,2022-11,지역별전월세전환율_아파트,전월세 전환율,4.37527614571093,%
서울,성북구,2022-12,지역별전월세전환율_아파트,전월세 전환율,4.43870756476043,%
서울,성북구,2023-01,지역별전월세전환율_아파트,전월세 전환율,4.53162697996433,%
서울,성북구,2023-02,지역별전월세전환율_아파트,전월세 전환율,4.72505667331331,%
서울,성북구,2023-03,지역별전월세전환율_아파트,전월세 전환율,4.8,%
서울,성북구,2023-04,지역별전월세전환율_아파트,전월세 전환율,4.82251180383787,%
서울,성북구,2023-05,지역별전월세전환율_아파트,전월세 전환율,4.8,%
서울,성북구,2023-06,지역별전월세전환율_아파트,전월세 전환율,4.8,%
서울,성북구,2023-07,지역별전월세전환율_아파트,전월세 전환율,4.77453580901857,%
서울,성북구,2023-08,지역별전월세전환율_아파트,전월세 전환율,4.74725274725275,%
서울,성북구,2023-09,지역별전월세전환율_아파트,전월세 전환율,4.67962264150943,%
서울,성북구,2023-10,지역별전월세전환율_아파트,전월세 전환율,4.65135175806863,%
서울,성북구,2023-11,지역별전월세전환율_아파트,전월세 전환율,4.62,%
서울,성북구,2023-12,지역별전월세전환율_아파트,전월세 전환율,4.5,%
서울,성북구,2024-01,지역별전월세전환율_아파트,전월세 전환율,4.49638750169417,%
서울,성북구,2024-02,지역별전월세전환율_아파트,전월세 전환율,4.47116610513807,%
서울,성북구,2024-03,지역별전월세전환율_아파트,전월세 전환율,4.46544011494646,%
서울,성북구,2024-04,지역별전월세전환율_아파트,전월세 전환율,4.5,%
서울,성북구,2024-05,지역별전월세전환율_아파트,전월세 전환율,4.49011500770481,%
서울,성북구,2024-06,지역별전월세전환율_아파트,전월세 전환율,4.5,%
서울,성북구,2024-07,지역별전월세전환율_아파트,전월세 전환율,4.51282051282051,%
서울,성북구,2024-08,지역별전월세전환율_아파트,전월세 전환율,4.52816684796879,%
서울,성북구,2024-09,지역별전월세전환율_아파트,전월세 전환율,4.5672909822824,%
서울,성북구,2024-10,지역별전월세전환율_아파트,전월세 전환율,4.5892625994397,%
서울,성북구,2024-11,지역별전월세전환율_아파트,전월세 전환율,4.6829268292683,%
서울,성북구,2024-12,지역별전월세전환율_아파트,전월세 전환율,4.6900559268858,%
서울,성북구,2025-01,지역별전월세전환율_아파트,전월세 전환율,4.6675167573876,%
서울,성북구,2025-02,지역별전월세전환율_아파트,전월세 전환율,4.7323943661972,%
서울,성북구,2025-03,지역별전월세전환율_아파트,전월세 전환율,4.7441860465116,%
서울,성북구,2025-04,지역별전월세전환율_아파트,전월세 전환율,4.7874398192727,%
서울,성북구,2025-05,지역별전월세전환율_아파트,전월세 전환율,4.7337278106509,%
서울,성북구,2025-06,지역별전월세전환율_아파트,전월세 전환율,4.6981127892886,%
서울,성북구,2025-07,지역별전월세전환율_아파트,전월세 전환율,4.7368421052632,%
서울,성북구,2025-08,지역별전월세전환율_아파트,전월세 전환율,4.6612716763006,%
서울,성북구,2025-09,지역별전월세전환율_아파트,전월세 전환율,4.65,%
서울,성북구,2025-10,지역별전월세전환율_아파트,전월세 전환율,4.6829268292683,%
서울,성북구,2025-11,지역별전월세전환율_아파트,전월세 전환율,4.7254242142192,%
서울,성북구,2025-12,지역별전월세전환율_아파트,전월세 전환율,4.6909090909091,%
서울,성북구,2026-01,지역별전월세전환율_아파트,전월세 전환율,4.68,%
서울,성북구,2026-02,지역별전월세전환율_아파트,전월세 전환율,4.6511627906977,%
서울,성북구,2026-03,지역별전월세전환율_아파트,전월세 전환율,4.6451612903226,%
서울,성북구,2026-04,지역별전월세전환율_아파트,전월세 전환율,4.4904130922192,%
서울,성북구,2026-05,지역별전월세전환율_아파트,전월세 전환율,4.6426106870229,%
서울,성북구,2026-06,지역별전월세전환율_아파트,전월세 전환율,4.7368421052632,%
서울,성북구,2026-07,지역별전월세전환율_아파트,전월세 전환율,4.8,%
서울,송파구,2011-01,지역별전월세전환율_아파트,전월세 전환율,6.66666666666667,%
서울,송파구,2011-02,지역별전월세전환율_아파트,전월세 전환율,6.66666666666667,%
서울,송파구,2011-03,지역별전월세전환율_아파트,전월세 전환율,6.66666666666667,%
서울,송파구,2011-04,지역별전월세전환율_아파트,전월세 전환율,6.66666666666667,%
서울,송파구,2011-05,지역별전월세전환율_아파트,전월세 전환율,6.66666666666667,%
서울,송파구,2011-06,지역별전월세전환율_아파트,전월세 전환율,6.66666666666667,%
서울,송파구,2011-07,지역별전월세전환율_아파트,전월세 전환율,6.62068965517241,%
서울,송파구,2011-08,지역별전월세전환율_아파트,전월세 전환율,6.65293581170608,%
서울,송파구,2011-09,지역별전월세전환율_아파트,전월세 전환율,6.6,%
서울,송파구,2011-10,지역별전월세전환율_아파트,전월세 전환율,6.63157894736842,%
서울,송파구,2011-11,지역별전월세전환율_아파트,전월세 전환율,6.4432553706827,%
서울,송파구,2011-12,지역별전월세전환율_아파트,전월세 전환율,6.38957637221485,%
서울,송파구,2012-01,지역별전월세전환율_아파트,전월세 전환율,6.375,%
서울,송파구,2012-02,지역별전월세전환율_아파트,전월세 전환율,6.33333333333333,%
서울,송파구,2012-03,지역별전월세전환율_아파트,전월세 전환율,6.30714685037554,%
서울,송파구,2012-04,지역별전월세전환율_아파트,전월세 전환율,6.25772811688652,%
서울,송파구,2012-05,지역별전월세전환율_아파트,전월세 전환율,6.32858651761011,%
서울,송파구,2012-06,지역별전월세전환율_아파트,전월세 전환율,6.31578947368421,%
서울,송파구,2012-07,지역별전월세전환율_아파트,전월세 전환율,6.31578947368421,%
서울,송파구,2012-08,지역별전월세전환율_아파트,전월세 전환율,6.26086956521739,%
서울,송파구,2012-09,지역별전월세전환율_아파트,전월세 전환율,6.1948703796333,%
서울,송파구,2012-10,지역별전월세전환율_아파트,전월세 전환율,6.18181818181818,%
서울,송파구,2012-11,지역별전월세전환율_아파트,전월세 전환율,6,%
서울,송파구,2012-12,지역별전월세전환율_아파트,전월세 전환율,6,%
서울,송파구,2013-01,지역별전월세전환율_아파트,전월세 전환율,5.79310344827586,%
서울,송파구,2013-02,지역별전월세전환율_아파트,전월세 전환율,5.73913043478261,%
서울,송파구,2013-03,지역별전월세전환율_아파트,전월세 전환율,5.67606363106045,%
서울,송파구,2013-04,지역별전월세전환율_아파트,전월세 전환율,5.58139534883721,%
서울,송파구,2013-05,지역별전월세전환율_아파트,전월세 전환율,5.52260269822998,%
서울,송파구,2013-06,지역별전월세전환율_아파트,전월세 전환율,5.45454545454546,%
서울,송파구,2013-07,지역별전월세전환율_아파트,전월세 전환율,5.5,%
서울,송파구,2013-08,지역별전월세전환율_아파트,전월세 전환율,5.46934661024321,%
서울,송파구,2013-09,지역별전월세전환율_아파트,전월세 전환율,5.4,%
서울,송파구,2013-10,지역별전월세전환율_아파트,전월세 전환율,5.44744844377849,%
서울,송파구,2013-11,지역별전월세전환율_아파트,전월세 전환율,5.33333333333333,%
서울,송파구,2013-12,지역별전월세전환율_아파트,전월세 전환율,5.28,%
서울,송파구,2014-01,지역별전월세전환율_아파트,전월세 전환율,5.15452471996196,%
서울,송파구,2014-02,지역별전월세전환율_아파트,전월세 전환율,5.05935587912981,%
서울,송파구,2014-03,지역별전월세전환율_아파트,전월세 전환율,5.05935587912981,%
서울,송파구,2014-04,지역별전월세전환율_아파트,전월세 전환율,5.04350282927701,%
서울,송파구,2014-05,지역별전월세전환율_아파트,전월세 전환율,5.04700565855402,%
서울,송파구,2014-06,지역별전월세전환율_아파트,전월세 전환율,5.05935587912981,%
서울,송파구,2014-07,지역별전월세전환율_아파트,전월세 전환율,5.0396282046917,%
서울,송파구,2014-08,지역별전월세전환율_아파트,전월세 전환율,5,%
서울,송파구,2014-09,지역별전월세전환율_아파트,전월세 전환율,4.90029306905449,%
서울,송파구,2014-10,지역별전월세전환율_아파트,전월세 전환율,4.8,%
서울,송파구,2014-11,지역별전월세전환율_아파트,전월세 전환율,4.69473944756851,%
서울,송파구,2014-12,지역별전월세전환율_아파트,전월세 전환율,4.62548535121779,%
서울,송파구,2015-01,지역별전월세전환율_아파트,전월세 전환율,4.58823529411765,%
서울,송파구,2015-02,지역별전월세전환율_아파트,전월세 전환율,4.57142857142857,%
서울,송파구,2015-03,지역별전월세전환율_아파트,전월세 전환율,4.52602438408573,%
서울,송파구,2015-04,지역별전월세전환율_아파트,전월세 전환율,4.45714285714286,%
서울,송파구,2015-05,지역별전월세전환율_아파트,전월세 전환율,4.44444444444444,%
서울,송파구,2015-06,지역별전월세전환율_아파트,전월세 전환율,4.44779679013354,%
서울,송파구,2015-07,지역별전월세전환율_아파트,전월세 전환율,4.39957645854181,%
서울,송파구,2015-08,지역별전월세전환율_아파트,전월세 전환율,4.32,%
서울,송파구,2015-09,지역별전월세전환율_아파트,전월세 전환율,4.28571428571429,%
서울,송파구,2015-10,지역별전월세전환율_아파트,전월세 전환율,4.2,%
서울,송파구,2015-11,지역별전월세전환율_아파트,전월세 전환율,4.11428571428571,%
서울,송파구,2015-12,지역별전월세전환율_아파트,전월세 전환율,4,%
서울,송파구,2016-01,지역별전월세전환율_아파트,전월세 전환율,3.9968211412699,%
서울,송파구,2016-02,지역별전월세전환율_아파트,전월세 전환율,3.98346980474091,%
서울,송파구,2016-03,지역별전월세전환율_아파트,전월세 전환율,3.9634024959804,%
서울,송파구,2016-04,지역별전월세전환율_아파트,전월세 전환율,4,%
서울,송파구,2016-05,지역별전월세전환율_아파트,전월세 전환율,4,%
서울,송파구,2016-06,지역별전월세전환율_아파트,전월세 전환율,3.94285714285714,%
서울,송파구,2016-07,지역별전월세전환율_아파트,전월세 전환율,3.92309299819721,%
서울,송파구,2016-08,지역별전월세전환율_아파트,전월세 전환율,3.85714285714286,%
서울,송파구,2016-09,지역별전월세전환율_아파트,전월세 전환율,3.78947368421053,%
서울,송파구,2016-10,지역별전월세전환율_아파트,전월세 전환율,3.75,%
서울,송파구,2016-11,지역별전월세전환율_아파트,전월세 전환율,3.73122613232908,%
서울,송파구,2016-12,지역별전월세전환율_아파트,전월세 전환율,3.63557334227775,%
서울,송파구,2017-01,지역별전월세전환율_아파트,전월세 전환율,3.6,%
서울,송파구,2017-02,지역별전월세전환율_아파트,전월세 전환율,3.6,%
서울,송파구,2017-03,지역별전월세전환율_아파트,전월세 전환율,3.6,%
서울,송파구,2017-04,지역별전월세전환율_아파트,전월세 전환율,3.6,%
서울,송파구,2017-05,지역별전월세전환율_아파트,전월세 전환율,3.6,%
서울,송파구,2017-06,지역별전월세전환율_아파트,전월세 전환율,3.6,%
서울,송파구,2017-07,지역별전월세전환율_아파트,전월세 전환율,3.6,%
서울,송파구,2017-08,지역별전월세전환율_아파트,전월세 전환율,3.63320411069469,%
서울,송파구,2017-09,지역별전월세전환율_아파트,전월세 전환율,3.63872281839956,%
서울,송파구,2017-10,지역별전월세전환율_아파트,전월세 전환율,3.56417910447761,%
서울,송파구,2017-11,지역별전월세전환율_아파트,전월세 전환율,3.52,%
서울,송파구,2017-12,지역별전월세전환율_아파트,전월세 전환율,3.52941176470588,%
서울,송파구,2018-01,지역별전월세전환율_아파트,전월세 전환율,3.5,%
서울,송파구,2018-02,지역별전월세전환율_아파트,전월세 전환율,3.5037727794961,%
서울,송파구,2018-03,지역별전월세전환율_아파트,전월세 전환율,3.5028083418585,%
서울,송파구,2018-04,지역별전월세전환율_아파트,전월세 전환율,3.59783951707802,%
서울,송파구,2018-05,지역별전월세전환율_아파트,전월세 전환율,3.6,%
서울,송파구,2018-06,지역별전월세전환율_아파트,전월세 전환율,3.6,%
서울,송파구,2018-07,지역별전월세전환율_아파트,전월세 전환율,3.63479312611197,%
서울,송파구,2018-08,지역별전월세전환율_아파트,전월세 전환율,3.63746046499096,%
서울,송파구,2018-09,지역별전월세전환율_아파트,전월세 전환율,3.63636363636364,%
서울,송파구,2018-10,지역별전월세전환율_아파트,전월세 전환율,3.6,%
서울,송파구,2018-11,지역별전월세전환율_아파트,전월세 전환율,3.6,%
서울,송파구,2018-12,지역별전월세전환율_아파트,전월세 전환율,3.6,%
서울,송파구,2019-01,지역별전월세전환율_아파트,전월세 전환율,3.6,%
서울,송파구,2019-02,지역별전월세전환율_아파트,전월세 전환율,3.6,%
서울,송파구,2019-03,지역별전월세전환율_아파트,전월세 전환율,3.5951190756897,%
서울,송파구,2019-04,지역별전월세전환율_아파트,전월세 전환율,3.6,%
서울,송파구,2019-05,지역별전월세전환율_아파트,전월세 전환율,3.61056061158881,%
서울,송파구,2019-06,지역별전월세전환율_아파트,전월세 전환율,3.60055073725832,%
서울,송파구,2019-07,지역별전월세전환율_아파트,전월세 전환율,3.6,%
서울,송파구,2019-08,지역별전월세전환율_아파트,전월세 전환율,3.6,%
서울,송파구,2019-09,지역별전월세전환율_아파트,전월세 전환율,3.60574900086639,%
서울,송파구,2019-10,지역별전월세전환율_아파트,전월세 전환율,3.6,%
서울,송파구,2019-11,지역별전월세전환율_아파트,전월세 전환율,3.56756756756757,%
서울,송파구,2019-12,지역별전월세전환율_아파트,전월세 전환율,3.36,%
서울,송파구,2020-01,지역별전월세전환율_아파트,전월세 전환율,3.44413565275376,%
서울,송파구,2020-02,지역별전월세전환율_아파트,전월세 전환율,3.47368421052632,%
서울,송파구,2020-03,지역별전월세전환율_아파트,전월세 전환율,3.49435389074852,%
서울,송파구,2020-04,지역별전월세전환율_아파트,전월세 전환율,3.49090909090909,%
서울,송파구,2020-05,지역별전월세전환율_아파트,전월세 전환율,3.43559853967847,%
서울,송파구,2020-06,지역별전월세전환율_아파트,전월세 전환율,3.51155140362849,%
서울,송파구,2020-07,지역별전월세전환율_아파트,전월세 전환율,3.51163969847238,%
서울,송파구,2020-08,지역별전월세전환율_아파트,전월세 전환율,3.45491256212679,%
서울,송파구,2020-09,지역별전월세전환율_아파트,전월세 전환율,3.46666666666667,%
서울,송파구,2020-10,지역별전월세전환율_아파트,전월세 전환율,3.49253731343283,%
서울,송파구,2020-11,지역별전월세전환율_아파트,전월세 전환율,3.55501260272914,%
서울,송파구,2020-12,지역별전월세전환율_아파트,전월세 전환율,3.6,%
서울,송파구,2021-01,지역별전월세전환율_아파트,전월세 전환율,3.6734693877551,%
서울,송파구,2021-02,지역별전월세전환율_아파트,전월세 전환율,3.87146223546857,%
서울,송파구,2021-03,지역별전월세전환율_아파트,전월세 전환율,3.9898119122257,%
서울,송파구,2021-04,지역별전월세전환율_아파트,전월세 전환율,4.01946732645855,%
서울,송파구,2021-05,지역별전월세전환율_아파트,전월세 전환율,3.99151000606428,%
서울,송파구,2021-06,지역별전월세전환율_아파트,전월세 전환율,4,%
서울,송파구,2021-07,지역별전월세전환율_아파트,전월세 전환율,4.02119755594792,%
서울,송파구,2021-08,지역별전월세전환율_아파트,전월세 전환율,3.93329476455294,%
서울,송파구,2021-09,지역별전월세전환율_아파트,전월세 전환율,3.9,%
서울,송파구,2021-10,지역별전월세전환율_아파트,전월세 전환율,3.86240271402914,%
서울,송파구,2021-11,지역별전월세전환율_아파트,전월세 전환율,3.87524634301972,%
서울,송파구,2021-12,지역별전월세전환율_아파트,전월세 전환율,3.83075706821914,%
서울,송파구,2022-01,지역별전월세전환율_아파트,전월세 전환율,3.84181102505856,%
서울,송파구,2022-02,지역별전월세전환율_아파트,전월세 전환율,3.81415752741775,%
서울,송파구,2022-03,지역별전월세전환율_아파트,전월세 전환율,3.8549057041872,%
서울,송파구,2022-04,지역별전월세전환율_아파트,전월세 전환율,3.87141260581539,%
서울,송파구,2022-05,지역별전월세전환율_아파트,전월세 전환율,3.76574277168494,%
서울,송파구,2022-06,지역별전월세전환율_아파트,전월세 전환율,3.8652384672461,%
서울,송파구,2022-07,지역별전월세전환율_아파트,전월세 전환율,3.88105963455821,%
서울,송파구,2022-08,지역별전월세전환율_아파트,전월세 전환율,3.84,%
서울,송파구,2022-09,지역별전월세전환율_아파트,전월세 전환율,3.87096774193548,%
서울,송파구,2022-10,지역별전월세전환율_아파트,전월세 전환율,3.93611334354659,%
서울,송파구,2022-11,지역별전월세전환율_아파트,전월세 전환율,4.08,%
서울,송파구,2022-12,지역별전월세전환율_아파트,전월세 전환율,4.20059307044012,%
서울,송파구,2023-01,지역별전월세전환율_아파트,전월세 전환율,4.31097057160784,%
서울,송파구,2023-02,지역별전월세전환율_아파트,전월세 전환율,4.50743910787169,%
서울,송파구,2023-03,지역별전월세전환율_아파트,전월세 전환율,4.66666666666667,%
서울,송파구,2023-04,지역별전월세전환율_아파트,전월세 전환율,4.71428571428572,%
서울,송파구,2023-05,지역별전월세전환율_아파트,전월세 전환율,4.45914158711652,%
서울,송파구,2023-06,지역별전월세전환율_아파트,전월세 전환율,4.44444444444444,%
서울,송파구,2023-07,지역별전월세전환율_아파트,전월세 전환율,4.36363636363636,%
서울,송파구,2023-08,지역별전월세전환율_아파트,전월세 전환율,4.27792624156959,%
서울,송파구,2023-09,지역별전월세전환율_아파트,전월세 전환율,4.12605641738347,%
서울,송파구,2023-10,지역별전월세전환율_아파트,전월세 전환율,4.01123542463296,%
서울,송파구,2023-11,지역별전월세전환율_아파트,전월세 전환율,4.37218096350231,%
서울,송파구,2023-12,지역별전월세전환율_아파트,전월세 전환율,4.33734939759036,%
서울,송파구,2024-01,지역별전월세전환율_아파트,전월세 전환율,4.36363636363637,%
서울,송파구,2024-02,지역별전월세전환율_아파트,전월세 전환율,4.38461538461539,%
서울,송파구,2024-03,지역별전월세전환율_아파트,전월세 전환율,4.39024390243902,%
서울,송파구,2024-04,지역별전월세전환율_아파트,전월세 전환율,4.38461538461538,%
서울,송파구,2024-05,지역별전월세전환율_아파트,전월세 전환율,4.32900432900433,%
서울,송파구,2024-06,지역별전월세전환율_아파트,전월세 전환율,4.32,%
서울,송파구,2024-07,지역별전월세전환율_아파트,전월세 전환율,4.32,%
서울,송파구,2024-08,지역별전월세전환율_아파트,전월세 전환율,4.25,%
서울,송파구,2024-09,지역별전월세전환율_아파트,전월세 전환율,4.2049802371542,%
서울,송파구,2024-10,지역별전월세전환율_아파트,전월세 전환율,4.2352941176471,%
서울,송파구,2024-11,지역별전월세전환율_아파트,전월세 전환율,4.2985074626866,%
서울,송파구,2024-12,지역별전월세전환율_아파트,전월세 전환율,4.34844694508,%
서울,송파구,2025-01,지역별전월세전환율_아파트,전월세 전환율,4.4081632653061,%
서울,송파구,2025-02,지역별전월세전환율_아파트,전월세 전환율,4.5,%
서울,송파구,2025-03,지역별전월세전환율_아파트,전월세 전환율,4.5414553339004,%
서울,송파구,2025-04,지역별전월세전환율_아파트,전월세 전환율,4.6228805169831,%
서울,송파구,2025-05,지역별전월세전환율_아파트,전월세 전환율,4.4987775061125,%
서울,송파구,2025-06,지역별전월세전환율_아파트,전월세 전환율,4.4838076716433,%
서울,송파구,2025-07,지역별전월세전환율_아파트,전월세 전환율,4.3809523809524,%
서울,송파구,2025-08,지역별전월세전환율_아파트,전월세 전환율,4.3943661971831,%
서울,송파구,2025-09,지역별전월세전환율_아파트,전월세 전환율,4.343842364532,%
서울,송파구,2025-10,지역별전월세전환율_아파트,전월세 전환율,4.2666666666667,%
서울,송파구,2025-11,지역별전월세전환율_아파트,전월세 전환율,4.5051194539249,%
서울,송파구,2025-12,지역별전월세전환율_아파트,전월세 전환율,4.401415351116,%
서울,송파구,2026-01,지역별전월세전환율_아파트,전월세 전환율,4.4473065852083,%
서울,송파구,2026-02,지역별전월세전환율_아파트,전월세 전환율,4.4362292051756,%
서울,송파구,2026-03,지역별전월세전환율_아파트,전월세 전환율,4.4144054706047,%
서울,송파구,2026-04,지역별전월세전환율_아파트,전월세 전환율,4.3826086956522,%
서울,송파구,2026-05,지역별전월세전환율_아파트,전월세 전환율,4.3608831776542,%
서울,송파구,2026-06,지역별전월세전환율_아파트,전월세 전환율,4.4876947011118,%
서울,송파구,2026-07,지역별전월세전환율_아파트,전월세 전환율,4.44,%
서울,양천구,2011-01,지역별전월세전환율_아파트,전월세 전환율,7.27935262144441,%
서울,양천구,2011-02,지역별전월세전환율_아파트,전월세 전환율,7.27935262144441,%
서울,양천구,2011-03,지역별전월세전환율_아파트,전월세 전환율,7.27935262144441,%
서울,양천구,2011-04,지역별전월세전환율_아파트,전월세 전환율,7.27935262144441,%
서울,양천구,2011-05,지역별전월세전환율_아파트,전월세 전환율,7.27935262144441,%
서울,양천구,2011-06,지역별전월세전환율_아파트,전월세 전환율,7.27935262144441,%
서울,양천구,2011-07,지역별전월세전환율_아파트,전월세 전환율,7.47072156174828,%
서울,양천구,2011-08,지역별전월세전환율_아파트,전월세 전환율,7.47848701640476,%
서울,양천구,2011-09,지역별전월세전환율_아파트,전월세 전환율,7.47515857595897,%
서울,양천구,2011-10,지역별전월세전환율_아파트,전월세 전환율,7.47515857595897,%
서울,양천구,2011-11,지역별전월세전환율_아파트,전월세 전환율,7.47848701640476,%
서울,양천구,2011-12,지역별전월세전환율_아파트,전월세 전환율,7.47848701640476,%
서울,양천구,2012-01,지역별전월세전환율_아파트,전월세 전환율,7.33333333333333,%
서울,양천구,2012-02,지역별전월세전환율_아파트,전월세 전환율,7.15316574950251,%
서울,양천구,2012-03,지역별전월세전환율_아파트,전월세 전환율,7.16683617627504,%
서울,양천구,2012-04,지역별전월세전환율_아파트,전월세 전환율,6.95187852208585,%
서울,양천구,2012-05,지역별전월세전환율_아파트,전월세 전환율,6.91898042785617,%
서울,양천구,2012-06,지역별전월세전환율_아파트,전월세 전환율,6.89475826435754,%
서울,양천구,2012-07,지역별전월세전환율_아파트,전월세 전환율,6.85714285714286,%
서울,양천구,2012-08,지역별전월세전환율_아파트,전월세 전환율,6.95410460930331,%
서울,양천구,2012-09,지역별전월세전환율_아파트,전월세 전환율,6.99280325655776,%
서울,양천구,2012-10,지역별전월세전환율_아파트,전월세 전환율,6.96842180263627,%
서울,양천구,2012-11,지역별전월세전환율_아파트,전월세 전환율,6.93137177357695,%
서울,양천구,2012-12,지역별전월세전환율_아파트,전월세 전환율,6.81641911172898,%
서울,양천구,2013-01,지역별전월세전환율_아파트,전월세 전환율,6.70093457943925,%
서울,양천구,2013-02,지역별전월세전환율_아파트,전월세 전환율,6.54545454545454,%
서울,양천구,2013-03,지역별전월세전환율_아파트,전월세 전환율,6.46153846153846,%
서울,양천구,2013-04,지역별전월세전환율_아파트,전월세 전환율,6.51597993203204,%
서울,양천구,2013-05,지역별전월세전환율_아파트,전월세 전환율,6.50036640500795,%
서울,양천구,2013-06,지역별전월세전환율_아파트,전월세 전환율,6.54545454545455,%
서울,양천구,2013-07,지역별전월세전환율_아파트,전월세 전환율,6.56512340546832,%
서울,양천구,2013-08,지역별전월세전환율_아파트,전월세 전환율,6.61478063227501,%
서울,양천구,2013-09,지역별전월세전환율_아파트,전월세 전환율,6.66874180136514,%
서울,양천구,2013-10,지역별전월세전환율_아파트,전월세 전환율,6.60998454775788,%
서울,양천구,2013-11,지역별전월세전환율_아파트,전월세 전환율,6.66666666666667,%
서울,양천구,2013-12,지역별전월세전환율_아파트,전월세 전환율,6.60519541305875,%
서울,양천구,2014-01,지역별전월세전환율_아파트,전월세 전환율,6.31675394991819,%
서울,양천구,2014-02,지역별전월세전환율_아파트,전월세 전환율,6,%
서울,양천구,2014-03,지역별전월세전환율_아파트,전월세 전환율,5.94146965847604,%
서울,양천구,2014-04,지역별전월세전환율_아파트,전월세 전환율,5.80978499341817,%
서울,양천구,2014-05,지역별전월세전환율_아파트,전월세 전환율,5.80978499341817,%
서울,양천구,2014-06,지역별전월세전환율_아파트,전월세 전환율,5.99924990748779,%
서울,양천구,2014-07,지역별전월세전환율_아파트,전월세 전환율,6,%
서울,양천구,2014-08,지역별전월세전환율_아파트,전월세 전환율,6.37021717686791,%
서울,양천구,2014-09,지역별전월세전환율_아파트,전월세 전환율,6.30075187969925,%
서울,양천구,2014-10,지역별전월세전환율_아파트,전월세 전환율,6,%
서울,양천구,2014-11,지역별전월세전환율_아파트,전월세 전환율,5.81847133757962,%
서울,양천구,2014-12,지역별전월세전환율_아파트,전월세 전환율,5.6068029810816,%
서울,양천구,2015-01,지역별전월세전환율_아파트,전월세 전환율,5.42857142857143,%
서울,양천구,2015-02,지역별전월세전환율_아파트,전월세 전환율,5.28927865612648,%
서울,양천구,2015-03,지역별전월세전환율_아파트,전월세 전환율,5.22985074626866,%
서울,양천구,2015-04,지역별전월세전환율_아파트,전월세 전환율,5.19296309408475,%
서울,양천구,2015-05,지역별전월세전환율_아파트,전월세 전환율,5.1,%
서울,양천구,2015-06,지역별전월세전환율_아파트,전월세 전환율,5.02325581395349,%
서울,양천구,2015-07,지역별전월세전환율_아파트,전월세 전환율,5.06477732793522,%
서울,양천구,2015-08,지역별전월세전환율_아파트,전월세 전환율,5,%
서울,양천구,2015-09,지역별전월세전환율_아파트,전월세 전환율,4.91608391608392,%
서울,양천구,2015-10,지역별전월세전환율_아파트,전월세 전환율,4.8,%
서울,양천구,2015-11,지역별전월세전환율_아파트,전월세 전환율,4.77707006369427,%
서울,양천구,2015-12,지역별전월세전환율_아파트,전월세 전환율,4.7741637743621,%
서울,양천구,2016-01,지역별전월세전환율_아파트,전월세 전환율,4.61535500336397,%
서울,양천구,2016-02,지역별전월세전환율_아파트,전월세 전환율,4.36363636363636,%
서울,양천구,2016-03,지역별전월세전환율_아파트,전월세 전환율,4.36363636363636,%
서울,양천구,2016-04,지역별전월세전환율_아파트,전월세 전환율,4.33952608778008,%
서울,양천구,2016-05,지역별전월세전환율_아파트,전월세 전환율,4.32,%
서울,양천구,2016-06,지역별전월세전환율_아파트,전월세 전환율,4.33562662157829,%
서울,양천구,2016-07,지역별전월세전환율_아파트,전월세 전환율,4.30188679245283,%
서울,양천구,2016-08,지역별전월세전환율_아파트,전월세 전환율,4.2,%
서울,양천구,2016-09,지역별전월세전환율_아파트,전월세 전환율,4.08412607449857,%
서울,양천구,2016-10,지역별전월세전환율_아파트,전월세 전환율,4,%
서울,양천구,2016-11,지역별전월세전환율_아파트,전월세 전환율,4,%
서울,양천구,2016-12,지역별전월세전환율_아파트,전월세 전환율,3.98000435568042,%
서울,양천구,2017-01,지역별전월세전환율_아파트,전월세 전환율,3.85079539221064,%
서울,양천구,2017-02,지역별전월세전환율_아파트,전월세 전환율,3.81818181818182,%
서울,양천구,2017-03,지역별전월세전환율_아파트,전월세 전환율,3.84,%
서울,양천구,2017-04,지역별전월세전환율_아파트,전월세 전환율,3.83487989933038,%
서울,양천구,2017-05,지역별전월세전환율_아파트,전월세 전환율,3.84,%
서울,양천구,2017-06,지역별전월세전환율_아파트,전월세 전환율,3.85588858613382,%
서울,양천구,2017-07,지역별전월세전환율_아파트,전월세 전환율,3.89219247050572,%
서울,양천구,2017-08,지역별전월세전환율_아파트,전월세 전환율,3.8974358974359,%
서울,양천구,2017-09,지역별전월세전환율_아파트,전월세 전환율,3.88235294117647,%
서울,양천구,2017-10,지역별전월세전환율_아파트,전월세 전환율,3.89189189189189,%
서울,양천구,2017-11,지역별전월세전환율_아파트,전월세 전환율,3.88235294117647,%
서울,양천구,2017-12,지역별전월세전환율_아파트,전월세 전환율,3.81385281385281,%
서울,양천구,2018-01,지역별전월세전환율_아파트,전월세 전환율,3.83399209486166,%
서울,양천구,2018-02,지역별전월세전환율_아파트,전월세 전환율,3.84,%
서울,양천구,2018-03,지역별전월세전환율_아파트,전월세 전환율,3.79349290985505,%
서울,양천구,2018-04,지역별전월세전환율_아파트,전월세 전환율,3.80228136882129,%
서울,양천구,2018-05,지역별전월세전환율_아파트,전월세 전환율,3.84,%
서울,양천구,2018-06,지역별전월세전환율_아파트,전월세 전환율,3.82676546338033,%
서울,양천구,2018-07,지역별전월세전환율_아파트,전월세 전환율,3.81818181818182,%
서울,양천구,2018-08,지역별전월세전환율_아파트,전월세 전환율,3.84,%
서울,양천구,2018-09,지역별전월세전환율_아파트,전월세 전환율,3.82854741031756,%
서울,양천구,2018-10,지역별전월세전환율_아파트,전월세 전환율,3.80487804878049,%
서울,양천구,2018-11,지역별전월세전환율_아파트,전월세 전환율,3.69230769230769,%
서울,양천구,2018-12,지역별전월세전환율_아파트,전월세 전환율,3.69230769230769,%
서울,양천구,2019-01,지역별전월세전환율_아파트,전월세 전환율,3.668213645986,%
서울,양천구,2019-02,지역별전월세전환율_아파트,전월세 전환율,3.69230769230769,%
서울,양천구,2019-03,지역별전월세전환율_아파트,전월세 전환율,3.69230769230769,%
서울,양천구,2019-04,지역별전월세전환율_아파트,전월세 전환율,3.76711798839458,%
서울,양천구,2019-05,지역별전월세전환율_아파트,전월세 전환율,3.80489162486499,%
서울,양천구,2019-06,지역별전월세전환율_아파트,전월세 전환율,3.84,%
서울,양천구,2019-07,지역별전월세전환율_아파트,전월세 전환율,3.859340392609,%
서울,양천구,2019-08,지역별전월세전환율_아파트,전월세 전환율,3.89189189189189,%
서울,양천구,2019-09,지역별전월세전환율_아파트,전월세 전환율,3.81818181818182,%
서울,양천구,2019-10,지역별전월세전환율_아파트,전월세 전환율,3.80218450386202,%
서울,양천구,2019-11,지역별전월세전환율_아파트,전월세 전환율,3.79894928268337,%
서울,양천구,2019-12,지역별전월세전환율_아파트,전월세 전환율,3.75789473684211,%
서울,양천구,2020-01,지역별전월세전환율_아파트,전월세 전환율,3.75,%
서울,양천구,2020-02,지역별전월세전환율_아파트,전월세 전환율,3.73054993989133,%
서울,양천구,2020-03,지역별전월세전환율_아파트,전월세 전환율,3.71428571428571,%
서울,양천구,2020-04,지역별전월세전환율_아파트,전월세 전환율,3.69230769230769,%
서울,양천구,2020-05,지역별전월세전환율_아파트,전월세 전환율,3.63789473684211,%
서울,양천구,2020-06,지역별전월세전환율_아파트,전월세 전환율,3.69230769230769,%
서울,양천구,2020-07,지역별전월세전환율_아파트,전월세 전환율,3.68912809472551,%
서울,양천구,2020-08,지역별전월세전환율_아파트,전월세 전환율,3.81380754114857,%
서울,양천구,2020-09,지역별전월세전환율_아파트,전월세 전환율,3.87933051345643,%
서울,양천구,2020-10,지역별전월세전환율_아파트,전월세 전환율,3.9,%
서울,양천구,2020-11,지역별전월세전환율_아파트,전월세 전환율,3.92307692307692,%
서울,양천구,2020-12,지역별전월세전환율_아파트,전월세 전환율,3.97163120567376,%
서울,양천구,2021-01,지역별전월세전환율_아파트,전월세 전환율,3.87319200025276,%
서울,양천구,2021-02,지역별전월세전환율_아파트,전월세 전환율,3.97084670428148,%
서울,양천구,2021-03,지역별전월세전환율_아파트,전월세 전환율,4.06091370558376,%
서울,양천구,2021-04,지역별전월세전환율_아파트,전월세 전환율,4.08053665275336,%
서울,양천구,2021-05,지역별전월세전환율_아파트,전월세 전환율,3.94736842105263,%
서울,양천구,2021-06,지역별전월세전환율_아파트,전월세 전환율,4.06779661016949,%
서울,양천구,2021-07,지역별전월세전환율_아파트,전월세 전환율,4.21052631578948,%
서울,양천구,2021-08,지역별전월세전환율_아파트,전월세 전환율,4.36363636363637,%
서울,양천구,2021-09,지역별전월세전환율_아파트,전월세 전환율,4.4,%
서울,양천구,2021-10,지역별전월세전환율_아파트,전월세 전환율,4.53269461077844,%
서울,양천구,2021-11,지역별전월세전환율_아파트,전월세 전환율,4.53269461077844,%
서울,양천구,2021-12,지역별전월세전환율_아파트,전월세 전환율,4.53269461077844,%
서울,양천구,2022-01,지역별전월세전환율_아파트,전월세 전환율,4.45787604560003,%
서울,양천구,2022-02,지역별전월세전환율_아파트,전월세 전환율,4.25842857420889,%
서울,양천구,2022-03,지역별전월세전환율_아파트,전월세 전환율,4.31271347248577,%
서울,양천구,2022-04,지역별전월세전환율_아파트,전월세 전환율,4.04747191011236,%
서울,양천구,2022-05,지역별전월세전환율_아파트,전월세 전환율,4.01243982815438,%
서울,양천구,2022-06,지역별전월세전환율_아파트,전월세 전환율,3.96750444896675,%
서울,양천구,2022-07,지역별전월세전환율_아파트,전월세 전환율,4.22860875244938,%
서울,양천구,2022-08,지역별전월세전환율_아파트,전월세 전환율,4.2771135133312,%
서울,양천구,2022-09,지역별전월세전환율_아파트,전월세 전환율,4.32203389830508,%
서울,양천구,2022-10,지역별전월세전환율_아파트,전월세 전환율,4.58283611774065,%
서울,양천구,2022-11,지역별전월세전환율_아파트,전월세 전환율,4.7006155567991,%
서울,양천구,2022-12,지역별전월세전환율_아파트,전월세 전환율,4.68720420205547,%
서울,양천구,2023-01,지역별전월세전환율_아파트,전월세 전환율,4.58172715306506,%
서울,양천구,2023-02,지역별전월세전환율_아파트,전월세 전환율,4.5135857635152,%
서울,양천구,2023-03,지역별전월세전환율_아파트,전월세 전환율,4.58346052704169,%
서울,양천구,2023-04,지역별전월세전환율_아파트,전월세 전환율,4.71487169639508,%
서울,양천구,2023-05,지역별전월세전환율_아파트,전월세 전환율,4.67958303685004,%
서울,양천구,2023-06,지역별전월세전환율_아파트,전월세 전환율,4.72727272727273,%
서울,양천구,2023-07,지역별전월세전환율_아파트,전월세 전환율,4.69565217391304,%
서울,양천구,2023-08,지역별전월세전환율_아파트,전월세 전환율,4.61538461538462,%
서울,양천구,2023-09,지역별전월세전환율_아파트,전월세 전환율,4.61169617645492,%
서울,양천구,2023-10,지역별전월세전환율_아파트,전월세 전환율,4.55233912889462,%
서울,양천구,2023-11,지역별전월세전환율_아파트,전월세 전환율,4.54769630110318,%
서울,양천구,2023-12,지역별전월세전환율_아파트,전월세 전환율,4.54769630110318,%
서울,양천구,2024-01,지역별전월세전환율_아파트,전월세 전환율,4.55696202531646,%
서울,양천구,2024-02,지역별전월세전환율_아파트,전월세 전환율,4.54588797542173,%
서울,양천구,2024-03,지역별전월세전환율_아파트,전월세 전환율,4.62415431679823,%
서울,양천구,2024-04,지역별전월세전환율_아파트,전월세 전환율,4.58823529411765,%
서울,양천구,2024-05,지역별전월세전환율_아파트,전월세 전환율,4.61538461538462,%
서울,양천구,2024-06,지역별전월세전환율_아파트,전월세 전환율,4.591558441558442,%
서울,양천구,2024-07,지역별전월세전환율_아파트,전월세 전환율,4.54054054054054,%
서울,양천구,2024-08,지역별전월세전환율_아파트,전월세 전환율,4.52830188679245,%
서울,양천구,2024-09,지역별전월세전환율_아파트,전월세 전환율,4.5,%
서울,양천구,2024-10,지역별전월세전환율_아파트,전월세 전환율,4.48,%
서울,양천구,2024-11,지역별전월세전환율_아파트,전월세 전환율,4.5016517547114,%
서울,양천구,2024-12,지역별전월세전환율_아파트,전월세 전환율,4.5091312302489,%
서울,양천구,2025-01,지역별전월세전환율_아파트,전월세 전환율,4.6268858846995,%
서울,양천구,2025-02,지역별전월세전환율_아파트,전월세 전환율,4.6783216783217,%
서울,양천구,2025-03,지역별전월세전환율_아파트,전월세 전환율,4.7150537028145,%
서울,양천구,2025-04,지역별전월세전환율_아파트,전월세 전환율,4.7129100284802,%
서울,양천구,2025-05,지역별전월세전환율_아파트,전월세 전환율,4.7724154025671,%
서울,양천구,2025-06,지역별전월세전환율_아파트,전월세 전환율,4.7430830039526,%
서울,양천구,2025-07,지역별전월세전환율_아파트,전월세 전환율,4.6669633145456,%
서울,양천구,2025-08,지역별전월세전환율_아파트,전월세 전환율,4.7234042553192,%
서울,양천구,2025-09,지역별전월세전환율_아파트,전월세 전환율,4.8211817547892,%
서울,양천구,2025-10,지역별전월세전환율_아파트,전월세 전환율,4.8003209111359,%
서울,양천구,2025-11,지역별전월세전환율_아파트,전월세 전환율,4.8,%
서울,양천구,2025-12,지역별전월세전환율_아파트,전월세 전환율,4.7602112068514,%
서울,양천구,2026-01,지역별전월세전환율_아파트,전월세 전환율,4.7530205540019,%
서울,양천구,2026-02,지역별전월세전환율_아파트,전월세 전환율,4.7299862333492,%
서울,양천구,2026-03,지역별전월세전환율_아파트,전월세 전환율,4.7907692307692,%
서울,양천구,2026-04,지역별전월세전환율_아파트,전월세 전환율,4.56,%
서울,양천구,2026-05,지역별전월세전환율_아파트,전월세 전환율,4.7180360933968,%
서울,양천구,2026-06,지역별전월세전환율_아파트,전월세 전환율,4.5797214810565,%
서울,양천구,2026-07,지역별전월세전환율_아파트,전월세 전환율,4.5565217391304,%
서울,영등포구,2011-01,지역별전월세전환율_아파트,전월세 전환율,7.2,%
서울,영등포구,2011-02,지역별전월세전환율_아파트,전월세 전환율,7.2,%
서울,영등포구,2011-03,지역별전월세전환율_아파트,전월세 전환율,7.2,%
서울,영등포구,2011-04,지역별전월세전환율_아파트,전월세 전환율,7.2,%
서울,영등포구,2011-05,지역별전월세전환율_아파트,전월세 전환율,7.2,%
서울,영등포구,2011-06,지역별전월세전환율_아파트,전월세 전환율,7.2,%
서울,영등포구,2011-07,지역별전월세전환율_아파트,전월세 전환율,7.14419848842374,%
서울,영등포구,2011-08,지역별전월세전환율_아파트,전월세 전환율,7.2,%
서울,영등포구,2011-09,지역별전월세전환율_아파트,전월세 전환율,7.15789473684211,%
서울,영등포구,2011-10,지역별전월세전환율_아파트,전월세 전환율,7.00672461866492,%
서울,영등포구,2011-11,지역별전월세전환율_아파트,전월세 전환율,7.14049586776859,%
서울,영등포구,2011-12,지역별전월세전환율_아파트,전월세 전환율,6.67383512544803,%
서울,영등포구,2012-01,지역별전월세전환율_아파트,전월세 전환율,6.71883732874335,%
서울,영등포구,2012-02,지역별전월세전환율_아파트,전월세 전환율,6.66666666666667,%
서울,영등포구,2012-03,지역별전월세전환율_아파트,전월세 전환율,6.66666666666667,%
서울,영등포구,2012-04,지역별전월세전환율_아파트,전월세 전환율,6.66594262336584,%
서울,영등포구,2012-05,지역별전월세전환율_아파트,전월세 전환율,6.66666666666667,%
서울,영등포구,2012-06,지역별전월세전환율_아파트,전월세 전환율,6.66987145747804,%
서울,영등포구,2012-07,지역별전월세전환율_아파트,전월세 전환율,6.66666666666667,%
서울,영등포구,2012-08,지역별전월세전환율_아파트,전월세 전환율,6.77549446518758,%
서울,영등포구,2012-09,지역별전월세전환율_아파트,전월세 전환율,6.76700782661048,%
서울,영등포구,2012-10,지역별전월세전환율_아파트,전월세 전환율,6.85463378936028,%
서울,영등포구,2012-11,지역별전월세전환율_아파트,전월세 전환율,6.91611858747344,%
서울,영등포구,2012-12,지역별전월세전환율_아파트,전월세 전환율,7.00412369998844,%
서울,영등포구,2013-01,지역별전월세전환율_아파트,전월세 전환율,7.09090909090909,%
서울,영등포구,2013-02,지역별전월세전환율_아파트,전월세 전환율,7.03799699549324,%
서울,영등포구,2013-03,지역별전월세전환율_아파트,전월세 전환율,6.94685494223363,%
서울,영등포구,2013-04,지역별전월세전환율_아파트,전월세 전환율,6.86644650948468,%
서울,영등포구,2013-05,지역별전월세전환율_아파트,전월세 전환율,6.85714285714286,%
서울,영등포구,2013-06,지역별전월세전환율_아파트,전월세 전환율,6.77171215880893,%
서울,영등포구,2013-07,지역별전월세전환율_아파트,전월세 전환율,6.6,%
서울,영등포구,2013-08,지역별전월세전환율_아파트,전월세 전환율,6.58248905868414,%
서울,영등포구,2013-09,지역별전월세전환율_아파트,전월세 전환율,6.54545454545454,%
서울,영등포구,2013-10,지역별전월세전환율_아파트,전월세 전환율,6.54413596781889,%
서울,영등포구,2013-11,지역별전월세전환율_아파트,전월세 전환율,6.46153846153846,%
서울,영등포구,2013-12,지역별전월세전환율_아파트,전월세 전환율,6.54545454545454,%
서울,영등포구,2014-01,지역별전월세전환율_아파트,전월세 전환율,6.46153846153846,%
서울,영등포구,2014-02,지역별전월세전환율_아파트,전월세 전환율,6.46153846153846,%
서울,영등포구,2014-03,지역별전월세전환율_아파트,전월세 전환율,6.26086956521739,%
서울,영등포구,2014-04,지역별전월세전환율_아파트,전월세 전환율,6.14660424358454,%
서울,영등포구,2014-05,지역별전월세전환율_아파트,전월세 전환율,6.21842777994866,%
서울,영등포구,2014-06,지역별전월세전환율_아파트,전월세 전환율,6,%
서울,영등포구,2014-07,지역별전월세전환율_아파트,전월세 전환율,6,%
서울,영등포구,2014-08,지역별전월세전환율_아파트,전월세 전환율,6,%
서울,영등포구,2014-09,지역별전월세전환율_아파트,전월세 전환율,5.90706663711026,%
서울,영등포구,2014-10,지역별전월세전환율_아파트,전월세 전환율,5.79310344827586,%
서울,영등포구,2014-11,지역별전월세전환율_아파트,전월세 전환율,5.81091811414392,%
서울,영등포구,2014-12,지역별전월세전환율_아파트,전월세 전환율,5.78174603174603,%
서울,영등포구,2015-01,지역별전월세전환율_아파트,전월세 전환율,5.64705882352941,%
서울,영등포구,2015-02,지역별전월세전환율_아파트,전월세 전환율,5.52547909727044,%
서울,영등포구,2015-03,지역별전월세전환율_아파트,전월세 전환율,5.45454545454546,%
서울,영등포구,2015-04,지역별전월세전환율_아파트,전월세 전환율,5.5347098665012,%
서울,영등포구,2015-05,지역별전월세전환율_아파트,전월세 전환율,5.45454545454546,%
서울,영등포구,2015-06,지역별전월세전환율_아파트,전월세 전환율,5.25,%
서울,영등포구,2015-07,지역별전월세전환율_아파트,전월세 전환율,5.21739130434783,%
서울,영등포구,2015-08,지역별전월세전환율_아파트,전월세 전환율,5.16985599647639,%
서울,영등포구,2015-09,지역별전월세전환율_아파트,전월세 전환율,5.14285714285714,%
서울,영등포구,2015-10,지역별전월세전환율_아파트,전월세 전환율,5,%
서울,영등포구,2015-11,지역별전월세전환율_아파트,전월세 전환율,5,%
서울,영등포구,2015-12,지역별전월세전환율_아파트,전월세 전환율,4.88598376807943,%
서울,영등포구,2016-01,지역별전월세전환율_아파트,전월세 전환율,4.82667287162353,%
서울,영등포구,2016-02,지역별전월세전환율_아파트,전월세 전환율,4.8,%
서울,영등포구,2016-03,지역별전월세전환율_아파트,전월세 전환율,4.74593938953272,%
서울,영등포구,2016-04,지역별전월세전환율_아파트,전월세 전환율,4.67040397257921,%
서울,영등포구,2016-05,지역별전월세전환율_아파트,전월세 전환율,4.57142857142857,%
서울,영등포구,2016-06,지역별전월세전환율_아파트,전월세 전환율,4.46511627906977,%
서울,영등포구,2016-07,지역별전월세전환율_아파트,전월세 전환율,4.44695839782374,%
서울,영등포구,2016-08,지역별전월세전환율_아파트,전월세 전환율,4.42105263157895,%
서울,영등포구,2016-09,지역별전월세전환율_아파트,전월세 전환율,4.30344827586207,%
서울,영등포구,2016-10,지역별전월세전환율_아파트,전월세 전환율,4.25806451612903,%
서울,영등포구,2016-11,지역별전월세전환율_아파트,전월세 전환율,4.25710379458247,%
서울,영등포구,2016-12,지역별전월세전환율_아파트,전월세 전환율,4.26150184960927,%
서울,영등포구,2017-01,지역별전월세전환율_아파트,전월세 전환율,4.23529411764706,%
서울,영등포구,2017-02,지역별전월세전환율_아파트,전월세 전환율,4.19409712831168,%
서울,영등포구,2017-03,지역별전월세전환율_아파트,전월세 전환율,4.22193559567972,%
서울,영등포구,2017-04,지역별전월세전환율_아파트,전월세 전환율,4.2,%
서울,영등포구,2017-05,지역별전월세전환율_아파트,전월세 전환율,4.212505427703,%
서울,영등포구,2017-06,지역별전월세전환율_아파트,전월세 전환율,4.13793103448276,%
서울,영등포구,2017-07,지역별전월세전환율_아파트,전월세 전환율,4.13842140158575,%
서울,영등포구,2017-08,지역별전월세전환율_아파트,전월세 전환율,4.2,%
서울,영등포구,2017-09,지역별전월세전환율_아파트,전월세 전환율,4.13793103448276,%
서울,영등포구,2017-10,지역별전월세전환율_아파트,전월세 전환율,4.11960132890365,%
서울,영등포구,2017-11,지역별전월세전환율_아파트,전월세 전환율,4.11003236245955,%
서울,영등포구,2017-12,지역별전월세전환율_아파트,전월세 전환율,4.125,%
서울,영등포구,2018-01,지역별전월세전환율_아파트,전월세 전환율,4.00507085472855,%
서울,영등포구,2018-02,지역별전월세전환율_아파트,전월세 전환율,4,%
서울,영등포구,2018-03,지역별전월세전환율_아파트,전월세 전환율,4.0003143665514,%
서울,영등포구,2018-04,지역별전월세전환율_아파트,전월세 전환율,4.08,%
서울,영등포구,2018-05,지역별전월세전환율_아파트,전월세 전환율,4.09090909090909,%
서울,영등포구,2018-06,지역별전월세전환율_아파트,전월세 전환율,4.08989898989899,%
서울,영등포구,2018-07,지역별전월세전환율_아파트,전월세 전환율,4.05633802816901,%
서울,영등포구,2018-08,지역별전월세전환율_아파트,전월세 전환율,4.01657052962769,%
서울,영등포구,2018-09,지역별전월세전환율_아파트,전월세 전환율,4.10141206675225,%
서울,영등포구,2018-10,지역별전월세전환율_아파트,전월세 전환율,4,%
서울,영등포구,2018-11,지역별전월세전환율_아파트,전월세 전환율,3.95950989156334,%
서울,영등포구,2018-12,지역별전월세전환율_아파트,전월세 전환율,4,%
서울,영등포구,2019-01,지역별전월세전환율_아파트,전월세 전환율,4.09090909090909,%
서울,영등포구,2019-02,지역별전월세전환율_아파트,전월세 전환율,4.17391304347826,%
서울,영등포구,2019-03,지역별전월세전환율_아파트,전월세 전환율,4.125,%
서울,영등포구,2019-04,지역별전월세전환율_아파트,전월세 전환율,4.18695652173913,%
서울,영등포구,2019-05,지역별전월세전환율_아파트,전월세 전환율,4.11342948457417,%
서울,영등포구,2019-06,지역별전월세전환율_아파트,전월세 전환율,4.03960396039604,%
서울,영등포구,2019-07,지역별전월세전환율_아파트,전월세 전환율,4.0147747768099,%
서울,영등포구,2019-08,지역별전월세전환율_아파트,전월세 전환율,4.03532749135763,%
서울,영등포구,2019-09,지역별전월세전환율_아파트,전월세 전환율,4.0109577354709,%
서울,영등포구,2019-10,지역별전월세전환율_아파트,전월세 전환율,4.02606036217304,%
서울,영등포구,2019-11,지역별전월세전환율_아파트,전월세 전환율,4,%
서울,영등포구,2019-12,지역별전월세전환율_아파트,전월세 전환율,4.0010479983232,%
서울,영등포구,2020-01,지역별전월세전환율_아파트,전월세 전환율,4,%
서울,영등포구,2020-02,지역별전월세전환율_아파트,전월세 전환율,3.9,%
서울,영등포구,2020-03,지역별전월세전환율_아파트,전월세 전환율,3.85714285714286,%
서울,영등포구,2020-04,지역별전월세전환율_아파트,전월세 전환율,3.85484278535535,%
서울,영등포구,2020-05,지역별전월세전환율_아파트,전월세 전환율,3.82309067221095,%
서울,영등포구,2020-06,지역별전월세전환율_아파트,전월세 전환율,3.82859836578149,%
서울,영등포구,2020-07,지역별전월세전환율_아파트,전월세 전환율,3.8,%
서울,영등포구,2020-08,지역별전월세전환율_아파트,전월세 전환율,3.79591836734694,%
서울,영등포구,2020-09,지역별전월세전환율_아파트,전월세 전환율,3.8,%
서울,영등포구,2020-10,지역별전월세전환율_아파트,전월세 전환율,3.80867475115089,%
서울,영등포구,2020-11,지역별전월세전환율_아파트,전월세 전환율,3.72668636555509,%
서울,영등포구,2020-12,지역별전월세전환율_아파트,전월세 전환율,3.7325990900628,%
서울,영등포구,2021-01,지역별전월세전환율_아파트,전월세 전환율,3.75,%
서울,영등포구,2021-02,지역별전월세전환율_아파트,전월세 전환율,3.7790175548515,%
서울,영등포구,2021-03,지역별전월세전환율_아파트,전월세 전환율,3.80243902439024,%
서울,영등포구,2021-04,지역별전월세전환율_아파트,전월세 전환율,3.74164810690423,%
서울,영등포구,2021-05,지역별전월세전환율_아파트,전월세 전환율,3.84615384615385,%
서울,영등포구,2021-06,지역별전월세전환율_아파트,전월세 전환율,3.9,%
서울,영등포구,2021-07,지역별전월세전환율_아파트,전월세 전환율,3.84923817161187,%
서울,영등포구,2021-08,지역별전월세전환율_아파트,전월세 전환율,3.81818181818182,%
서울,영등포구,2021-09,지역별전월세전환율_아파트,전월세 전환율,3.86737913619634,%
서울,영등포구,2021-10,지역별전월세전환율_아파트,전월세 전환율,3.89189189189189,%
서울,영등포구,2021-11,지역별전월세전환율_아파트,전월세 전환율,3.9344262295082,%
서울,영등포구,2021-12,지역별전월세전환율_아파트,전월세 전환율,3.8789333701772,%
서울,영등포구,2022-01,지역별전월세전환율_아파트,전월세 전환율,3.98881486535088,%
서울,영등포구,2022-02,지역별전월세전환율_아파트,전월세 전환율,4.05202702702703,%
서울,영등포구,2022-03,지역별전월세전환율_아파트,전월세 전환율,4.06666666666667,%
서울,영등포구,2022-04,지역별전월세전환율_아파트,전월세 전환율,4.05210119971626,%
서울,영등포구,2022-05,지역별전월세전환율_아파트,전월세 전환율,4.09090909090909,%
서울,영등포구,2022-06,지역별전월세전환율_아파트,전월세 전환율,4.09507078259578,%
서울,영등포구,2022-07,지역별전월세전환율_아파트,전월세 전환율,4.07806478339282,%
서울,영등포구,2022-08,지역별전월세전환율_아파트,전월세 전환율,4.1175270176687,%
서울,영등포구,2022-09,지역별전월세전환율_아파트,전월세 전환율,4.09214629997165,%
서울,영등포구,2022-10,지역별전월세전환율_아파트,전월세 전환율,4.11940298507463,%
서울,영등포구,2022-11,지역별전월세전환율_아파트,전월세 전환율,4.23529411764706,%
서울,영등포구,2022-12,지역별전월세전환율_아파트,전월세 전환율,4.33265458916685,%
서울,영등포구,2023-01,지역별전월세전환율_아파트,전월세 전환율,4.41992619926199,%
서울,영등포구,2023-02,지역별전월세전환율_아파트,전월세 전환율,4.61538461538462,%
서울,영등포구,2023-03,지역별전월세전환율_아파트,전월세 전환율,4.79765812530728,%
서울,영등포구,2023-04,지역별전월세전환율_아파트,전월세 전환율,4.85714285714286,%
서울,영등포구,2023-05,지역별전월세전환율_아파트,전월세 전환율,4.8,%
서울,영등포구,2023-06,지역별전월세전환율_아파트,전월세 전환율,4.80255718479981,%
서울,영등포구,2023-07,지역별전월세전환율_아파트,전월세 전환율,4.8,%
서울,영등포구,2023-08,지역별전월세전환율_아파트,전월세 전환율,4.8,%
서울,영등포구,2023-09,지역별전월세전환율_아파트,전월세 전환율,4.79048626057772,%
서울,영등포구,2023-10,지역별전월세전환율_아파트,전월세 전환율,4.8,%
서울,영등포구,2023-11,지역별전월세전환율_아파트,전월세 전환율,4.8,%
서울,영등포구,2023-12,지역별전월세전환율_아파트,전월세 전환율,4.71543985435162,%
서울,영등포구,2024-01,지역별전월세전환율_아파트,전월세 전환율,4.77770404777704,%
서울,영등포구,2024-02,지역별전월세전환율_아파트,전월세 전환율,4.71428571428571,%
서울,영등포구,2024-03,지역별전월세전환율_아파트,전월세 전환율,4.6530612244898,%
서울,영등포구,2024-04,지역별전월세전환율_아파트,전월세 전환율,4.65373606802861,%
서울,영등포구,2024-05,지역별전월세전환율_아파트,전월세 전환율,4.56,%
서울,영등포구,2024-06,지역별전월세전환율_아파트,전월세 전환율,4.583946907927785,%
서울,영등포구,2024-07,지역별전월세전환율_아파트,전월세 전환율,4.51727982162765,%
서울,영등포구,2024-08,지역별전월세전환율_아파트,전월세 전환율,4.46994186229104,%
서울,영등포구,2024-09,지역별전월세전환율_아파트,전월세 전환율,4.5045571804086,%
서울,영등포구,2024-10,지역별전월세전환율_아파트,전월세 전환율,4.5,%
서울,영등포구,2024-11,지역별전월세전환율_아파트,전월세 전환율,4.5,%
서울,영등포구,2024-12,지역별전월세전환율_아파트,전월세 전환율,4.5002460764478,%
서울,영등포구,2025-01,지역별전월세전환율_아파트,전월세 전환율,4.5644171779141,%
서울,영등포구,2025-02,지역별전월세전환율_아파트,전월세 전환율,4.6153846153846,%
서울,영등포구,2025-03,지역별전월세전환율_아파트,전월세 전환율,4.7736530942124,%
서울,영등포구,2025-04,지역별전월세전환율_아파트,전월세 전환율,4.7851129818343,%
서울,영등포구,2025-05,지역별전월세전환율_아파트,전월세 전환율,4.8276776246023,%
서울,영등포구,2025-06,지역별전월세전환율_아파트,전월세 전환율,4.8,%
서울,영등포구,2025-07,지역별전월세전환율_아파트,전월세 전환율,4.8,%
서울,영등포구,2025-08,지역별전월세전환율_아파트,전월세 전환율,4.8,%
서울,영등포구,2025-09,지역별전월세전환율_아파트,전월세 전환율,4.8,%
서울,영등포구,2025-10,지역별전월세전환율_아파트,전월세 전환율,4.7981478728446,%
서울,영등포구,2025-11,지역별전월세전환율_아파트,전월세 전환율,4.8,%
서울,영등포구,2025-12,지역별전월세전환율_아파트,전월세 전환율,4.8589511754069,%
서울,영등포구,2026-01,지역별전월세전환율_아파트,전월세 전환율,4.8,%
서울,영등포구,2026-02,지역별전월세전환율_아파트,전월세 전환율,4.7680082783525,%
서울,영등포구,2026-03,지역별전월세전환율_아파트,전월세 전환율,4.8,%
서울,영등포구,2026-04,지역별전월세전환율_아파트,전월세 전환율,4.7426294820717,%
서울,영등포구,2026-05,지역별전월세전환율_아파트,전월세 전환율,4.8,%
서울,영등포구,2026-06,지역별전월세전환율_아파트,전월세 전환율,4.7232,%
서울,영등포구,2026-07,지역별전월세전환율_아파트,전월세 전환율,4.6530612244898,%
서울,용산구,2011-01,지역별전월세전환율_아파트,전월세 전환율,7.2,%
서울,용산구,2011-02,지역별전월세전환율_아파트,전월세 전환율,7.2,%
서울,용산구,2011-03,지역별전월세전환율_아파트,전월세 전환율,7.2,%
서울,용산구,2011-04,지역별전월세전환율_아파트,전월세 전환율,7.2,%
서울,용산구,2011-05,지역별전월세전환율_아파트,전월세 전환율,7.2,%
서울,용산구,2011-06,지역별전월세전환율_아파트,전월세 전환율,7.2,%
서울,용산구,2011-07,지역별전월세전환율_아파트,전월세 전환율,7.24205144591788,%
서울,용산구,2011-08,지역별전월세전환율_아파트,전월세 전환율,7.42885912090867,%
서울,용산구,2011-09,지역별전월세전환율_아파트,전월세 전환율,7.32183070976416,%
서울,용산구,2011-10,지역별전월세전환율_아파트,전월세 전환율,7.41573033707865,%
서울,용산구,2011-11,지역별전월세전환율_아파트,전월세 전환율,7.38461538461539,%
서울,용산구,2011-12,지역별전월세전환율_아파트,전월세 전환율,7.2,%
서울,용산구,2012-01,지역별전월세전환율_아파트,전월세 전환율,7.11111111111111,%
서울,용산구,2012-02,지역별전월세전환율_아파트,전월세 전환율,6.91933730131295,%
서울,용산구,2012-03,지역별전월세전환율_아파트,전월세 전환율,6.8936170212766,%
서울,용산구,2012-04,지역별전월세전환율_아파트,전월세 전환율,6.83766233766234,%
서울,용산구,2012-05,지역별전월세전환율_아파트,전월세 전환율,6.85714285714286,%
서울,용산구,2012-06,지역별전월세전환율_아파트,전월세 전환율,6.85714285714286,%
서울,용산구,2012-07,지역별전월세전환율_아파트,전월세 전환율,6.85714285714286,%
서울,용산구,2012-08,지역별전월세전환율_아파트,전월세 전환율,7,%
서울,용산구,2012-09,지역별전월세전환율_아파트,전월세 전환율,7.02439024390244,%
서울,용산구,2012-10,지역별전월세전환율_아파트,전월세 전환율,6.85714285714286,%
서울,용산구,2012-11,지역별전월세전환율_아파트,전월세 전환율,6.78260869565217,%
서울,용산구,2012-12,지역별전월세전환율_아파트,전월세 전환율,6.78260869565217,%
서울,용산구,2013-01,지역별전월세전환율_아파트,전월세 전환율,6.67656246724113,%
서울,용산구,2013-02,지역별전월세전환율_아파트,전월세 전환율,6.54511202450032,%
서울,용산구,2013-03,지역별전월세전환율_아파트,전월세 전환율,6.46153846153846,%
서울,용산구,2013-04,지역별전월세전환율_아파트,전월세 전환율,6.54545454545454,%
서울,용산구,2013-05,지역별전월세전환율_아파트,전월세 전환율,6.58064516129032,%
서울,용산구,2013-06,지역별전월세전환율_아파트,전월세 전환율,6.42857142857143,%
서울,용산구,2013-07,지역별전월세전환율_아파트,전월세 전환율,6.46153846153846,%
서울,용산구,2013-08,지역별전월세전환율_아파트,전월세 전환율,6.46153846153846,%
서울,용산구,2013-09,지역별전월세전환율_아파트,전월세 전환율,6.4,%
서울,용산구,2013-10,지역별전월세전환율_아파트,전월세 전환율,6.31578947368421,%
서울,용산구,2013-11,지역별전월세전환율_아파트,전월세 전환율,6.23376623376623,%
서울,용산구,2013-12,지역별전월세전환율_아파트,전월세 전환율,6.17142857142857,%
서울,용산구,2014-01,지역별전월세전환율_아파트,전월세 전환율,6,%
서울,용산구,2014-02,지역별전월세전환율_아파트,전월세 전환율,6,%
서울,용산구,2014-03,지역별전월세전환율_아파트,전월세 전환율,5.85796618430673,%
서울,용산구,2014-04,지역별전월세전환율_아파트,전월세 전환율,5.88679245283019,%
서울,용산구,2014-05,지역별전월세전환율_아파트,전월세 전환율,5.77777777777778,%
서울,용산구,2014-06,지역별전월세전환율_아파트,전월세 전환율,5.70714285714286,%
서울,용산구,2014-07,지역별전월세전환율_아파트,전월세 전환율,5.625,%
서울,용산구,2014-08,지역별전월세전환율_아파트,전월세 전환율,5.64705882352941,%
서울,용산구,2014-09,지역별전월세전환율_아파트,전월세 전환율,5.66120451903572,%
서울,용산구,2014-10,지역별전월세전환율_아파트,전월세 전환율,5.62495928132099,%
서울,용산구,2014-11,지역별전월세전환율_아파트,전월세 전환율,5.57142857142857,%
서울,용산구,2014-12,지역별전월세전환율_아파트,전월세 전환율,5.5594351732991,%
서울,용산구,2015-01,지역별전월세전환율_아파트,전월세 전환율,5.57142857142857,%
서울,용산구,2015-02,지역별전월세전환율_아파트,전월세 전환율,5.54971857410882,%
서울,용산구,2015-03,지역별전월세전환율_아파트,전월세 전환율,5.39387755102041,%
서울,용산구,2015-04,지역별전월세전환율_아파트,전월세 전환율,5.39325842696629,%
서울,용산구,2015-05,지역별전월세전환율_아파트,전월세 전환율,5.3086032109466,%
서울,용산구,2015-06,지역별전월세전환율_아파트,전월세 전환율,5.28278210469118,%
서울,용산구,2015-07,지역별전월세전환율_아파트,전월세 전환율,5.21052631578947,%
서울,용산구,2015-08,지역별전월세전환율_아파트,전월세 전환율,5.14285714285714,%
서울,용산구,2015-09,지역별전월세전환율_아파트,전월세 전환율,5.07692307692308,%
서울,용산구,2015-10,지역별전월세전환율_아파트,전월세 전환율,5.01358068979654,%
서울,용산구,2015-11,지역별전월세전환율_아파트,전월세 전환율,4.94543663380376,%
서울,용산구,2015-12,지역별전월세전환율_아파트,전월세 전환율,4.97444927151131,%
서울,용산구,2016-01,지역별전월세전환율_아파트,전월세 전환율,5.00401465015398,%
서울,용산구,2016-02,지역별전월세전환율_아파트,전월세 전환율,4.8,%
서울,용산구,2016-03,지역별전월세전환율_아파트,전월세 전환율,4.70824271034635,%
서울,용산구,2016-04,지역별전월세전환율_아파트,전월세 전환율,4.63351282863478,%
서울,용산구,2016-05,지역별전월세전환율_아파트,전월세 전환율,4.59533198634432,%
서울,용산구,2016-06,지역별전월세전환율_아파트,전월세 전환율,4.54643773363109,%
서울,용산구,2016-07,지역별전월세전환율_아파트,전월세 전환율,4.57142857142857,%
서울,용산구,2016-08,지역별전월세전환율_아파트,전월세 전환율,4.48295204480536,%
서울,용산구,2016-09,지역별전월세전환율_아파트,전월세 전환율,4.45714285714286,%
서울,용산구,2016-10,지역별전월세전환율_아파트,전월세 전환율,4.44444444444444,%
서울,용산구,2016-11,지역별전월세전환율_아파트,전월세 전환율,4.38331352203405,%
서울,용산구,2016-12,지역별전월세전환율_아파트,전월세 전환율,4.33440860215054,%
서울,용산구,2017-01,지역별전월세전환율_아파트,전월세 전환율,4.28571428571428,%
서울,용산구,2017-02,지역별전월세전환율_아파트,전월세 전환율,4.26236559139785,%
서울,용산구,2017-03,지역별전월세전환율_아파트,전월세 전환율,4.21571342938052,%
서울,용산구,2017-04,지역별전월세전환율_아파트,전월세 전환율,4.28571428571429,%
서울,용산구,2017-05,지역별전월세전환율_아파트,전월세 전환율,4.28571428571429,%
서울,용산구,2017-06,지역별전월세전환율_아파트,전월세 전환율,4.33734939759036,%
서울,용산구,2017-07,지역별전월세전환율_아파트,전월세 전환율,4.3800086171398,%
서울,용산구,2017-08,지역별전월세전환율_아파트,전월세 전환율,4.36363636363636,%
서울,용산구,2017-09,지역별전월세전환율_아파트,전월세 전환율,4.33888746475263,%
서울,용산구,2017-10,지역별전월세전환율_아파트,전월세 전환율,4.28571428571429,%
서울,용산구,2017-11,지역별전월세전환율_아파트,전월세 전환율,4.26509770428539,%
서울,용산구,2017-12,지역별전월세전환율_아파트,전월세 전환율,4.21978021978022,%
서울,용산구,2018-01,지역별전월세전환율_아파트,전월세 전환율,4.13793103448276,%
서울,용산구,2018-02,지역별전월세전환율_아파트,전월세 전환율,4.17760069323263,%
서울,용산구,2018-03,지역별전월세전환율_아파트,전월세 전환율,4.17760069323263,%
서울,용산구,2018-04,지역별전월세전환율_아파트,전월세 전환율,4.16880010982315,%
서울,용산구,2018-05,지역별전월세전환율_아파트,전월세 전환율,4.17391304347826,%
서울,용산구,2018-06,지역별전월세전환율_아파트,전월세 전환율,4.18182089517172,%
서울,용산구,2018-07,지역별전월세전환율_아파트,전월세 전환율,4.23529411764706,%
서울,용산구,2018-08,지역별전월세전환율_아파트,전월세 전환율,4.19511947969768,%
서울,용산구,2018-09,지역별전월세전환율_아파트,전월세 전환율,4.21497853519438,%
서울,용산구,2018-10,지역별전월세전환율_아파트,전월세 전환율,4.17420584435117,%
서울,용산구,2018-11,지역별전월세전환율_아파트,전월세 전환율,4.21270820634664,%
서울,용산구,2018-12,지역별전월세전환율_아파트,전월세 전환율,4.29434871457553,%
서울,용산구,2019-01,지역별전월세전환율_아파트,전월세 전환율,4.28571428571429,%
서울,용산구,2019-02,지역별전월세전환율_아파트,전월세 전환율,4.272,%
서울,용산구,2019-03,지역별전월세전환율_아파트,전월세 전환율,4.21621621621622,%
서울,용산구,2019-04,지역별전월세전환율_아파트,전월세 전환율,4.24002441064123,%
서울,용산구,2019-05,지역별전월세전환율_아파트,전월세 전환율,4.28571428571428,%
서울,용산구,2019-06,지역별전월세전환율_아파트,전월세 전환율,4.27118644067797,%
서울,용산구,2019-07,지역별전월세전환율_아파트,전월세 전환율,4.28571428571429,%
서울,용산구,2019-08,지역별전월세전환율_아파트,전월세 전환율,4.31777188328912,%
서울,용산구,2019-09,지역별전월세전환율_아파트,전월세 전환율,4.28919860627178,%
서울,용산구,2019-10,지역별전월세전환율_아파트,전월세 전환율,4.23529411764706,%
서울,용산구,2019-11,지역별전월세전환율_아파트,전월세 전환율,4.20966495706328,%
서울,용산구,2019-12,지역별전월세전환율_아파트,전월세 전환율,4.13453928773318,%
서울,용산구,2020-01,지역별전월세전환율_아파트,전월세 전환율,4.18038120144055,%
서울,용산구,2020-02,지역별전월세전환율_아파트,전월세 전환율,4.15384615384615,%
서울,용산구,2020-03,지역별전월세전환율_아파트,전월세 전환율,4.13793103448276,%
서울,용산구,2020-04,지역별전월세전환율_아파트,전월세 전환율,4.14723443805292,%
서울,용산구,2020-05,지역별전월세전환율_아파트,전월세 전환율,4.14412403165219,%
서울,용산구,2020-06,지역별전월세전환율_아파트,전월세 전환율,4.13793103448276,%
서울,용산구,2020-07,지역별전월세전환율_아파트,전월세 전환율,4.09756097560976,%
서울,용산구,2020-08,지역별전월세전환율_아파트,전월세 전환율,4.04548982553235,%
서울,용산구,2020-09,지역별전월세전환율_아파트,전월세 전환율,4,%
서울,용산구,2020-10,지역별전월세전환율_아파트,전월세 전환율,4.00895765465994,%
서울,용산구,2020-11,지역별전월세전환율_아파트,전월세 전환율,4.13830858293481,%
서울,용산구,2020-12,지역별전월세전환율_아파트,전월세 전환율,4.18604651162791,%
서울,용산구,2021-01,지역별전월세전환율_아파트,전월세 전환율,4.21052631578947,%
서울,용산구,2021-02,지역별전월세전환율_아파트,전월세 전환율,4.24949252629636,%
서울,용산구,2021-03,지역별전월세전환율_아파트,전월세 전환율,4.24615384615385,%
서울,용산구,2021-04,지역별전월세전환율_아파트,전월세 전환율,4.24949252629636,%
서울,용산구,2021-05,지역별전월세전환율_아파트,전월세 전환율,4.29857857523567,%
서울,용산구,2021-06,지역별전월세전환율_아파트,전월세 전환율,4.42259850715904,%
서울,용산구,2021-07,지역별전월세전환율_아파트,전월세 전환율,4.29268292682927,%
서울,용산구,2021-08,지역별전월세전환율_아파트,전월세 전환율,4.22514182533587,%
서울,용산구,2021-09,지역별전월세전환율_아파트,전월세 전환율,4.22628754664802,%
서울,용산구,2021-10,지역별전월세전환율_아파트,전월세 전환율,4.20001453800303,%
서울,용산구,2021-11,지역별전월세전환율_아파트,전월세 전환율,4.37768240343348,%
서울,용산구,2021-12,지역별전월세전환율_아파트,전월세 전환율,4.44564191134139,%
서울,용산구,2022-01,지역별전월세전환율_아파트,전월세 전환율,4.44137035325579,%
서울,용산구,2022-02,지역별전월세전환율_아파트,전월세 전환율,4.6875,%
서울,용산구,2022-03,지역별전월세전환율_아파트,전월세 전환율,4.68855730653274,%
서울,용산구,2022-04,지역별전월세전환율_아파트,전월세 전환율,4.57842240402681,%
서울,용산구,2022-05,지역별전월세전환율_아파트,전월세 전환율,4.62650602409639,%
서울,용산구,2022-06,지역별전월세전환율_아파트,전월세 전환율,4.61769230769231,%
서울,용산구,2022-07,지역별전월세전환율_아파트,전월세 전환율,4.61769230769231,%
서울,용산구,2022-08,지역별전월세전환율_아파트,전월세 전환율,4.54186501738454,%
서울,용산구,2022-09,지역별전월세전환율_아파트,전월세 전환율,4.5214092262129,%
서울,용산구,2022-10,지역별전월세전환율_아파트,전월세 전환율,4.67893454239435,%
서울,용산구,2022-11,지역별전월세전환율_아파트,전월세 전환율,4.75247524752475,%
서울,용산구,2022-12,지역별전월세전환율_아파트,전월세 전환율,4.71929703905441,%
서울,용산구,2023-01,지역별전월세전환율_아파트,전월세 전환율,4.72035728017509,%
서울,용산구,2023-02,지역별전월세전환율_아파트,전월세 전환율,4.8,%
서울,용산구,2023-03,지역별전월세전환율_아파트,전월세 전환율,4.96551724137931,%
서울,용산구,2023-04,지역별전월세전환율_아파트,전월세 전환율,5.07758817601612,%
서울,용산구,2023-05,지역별전월세전환율_아파트,전월세 전환율,5.16331623555268,%
서울,용산구,2023-06,지역별전월세전환율_아파트,전월세 전환율,5.23636363636364,%
서울,용산구,2023-07,지역별전월세전환율_아파트,전월세 전환율,5.27736263736264,%
서울,용산구,2023-08,지역별전월세전환율_아파트,전월세 전환율,5.30232558139535,%
서울,용산구,2023-09,지역별전월세전환율_아파트,전월세 전환율,5.20915068302796,%
서울,용산구,2023-10,지역별전월세전환율_아파트,전월세 전환율,5.16813962651477,%
서울,용산구,2023-11,지역별전월세전환율_아파트,전월세 전환율,5.17485792385422,%
서울,용산구,2023-12,지역별전월세전환율_아파트,전월세 전환율,5.15496217792351,%
서울,용산구,2024-01,지역별전월세전환율_아파트,전월세 전환율,5.08304866650641,%
서울,용산구,2024-02,지역별전월세전환율_아파트,전월세 전환율,5.04777737292767,%
서울,용산구,2024-03,지역별전월세전환율_아파트,전월세 전환율,5.09090909090909,%
서울,용산구,2024-04,지역별전월세전환율_아파트,전월세 전환율,4.96839561106336,%
서울,용산구,2024-05,지역별전월세전환율_아파트,전월세 전환율,4.94047413716072,%
서울,용산구,2024-06,지역별전월세전환율_아파트,전월세 전환율,4.888047371531253,%
서울,용산구,2024-07,지역별전월세전환율_아파트,전월세 전환율,4.94556035280299,%
서울,용산구,2024-08,지역별전월세전환율_아파트,전월세 전환율,4.94117647058824,%
서울,용산구,2024-09,지역별전월세전환율_아파트,전월세 전환율,4.9411764705882,%
서울,용산구,2024-10,지역별전월세전환율_아파트,전월세 전환율,5.0190634423679,%
서울,용산구,2024-11,지역별전월세전환율_아파트,전월세 전환율,5.1428571428572,%
서울,용산구,2024-12,지역별전월세전환율_아파트,전월세 전환율,5.1119910564093,%
서울,용산구,2025-01,지역별전월세전환율_아파트,전월세 전환율,5.1428571428571,%
서울,용산구,2025-02,지역별전월세전환율_아파트,전월세 전환율,5.0769230769231,%
서울,용산구,2025-03,지역별전월세전환율_아파트,전월세 전환율,5.0258838681979,%
서울,용산구,2025-04,지역별전월세전환율_아파트,전월세 전환율,5.0319514055319,%
서울,용산구,2025-05,지역별전월세전환율_아파트,전월세 전환율,4.9801371627279,%
서울,용산구,2025-06,지역별전월세전환율_아파트,전월세 전환율,5.04,%
서울,용산구,2025-07,지역별전월세전환율_아파트,전월세 전환율,5.0438529599562,%
서울,용산구,2025-08,지역별전월세전환율_아파트,전월세 전환율,5.0532575941843,%
서울,용산구,2025-09,지역별전월세전환율_아파트,전월세 전환율,5.0642201834862,%
서울,용산구,2025-10,지역별전월세전환율_아파트,전월세 전환율,5.085307946705,%
서울,용산구,2025-11,지역별전월세전환율_아파트,전월세 전환율,5.1079580806618,%
서울,용산구,2025-12,지역별전월세전환율_아파트,전월세 전환율,5.0821450117393,%
서울,용산구,2026-01,지역별전월세전환율_아파트,전월세 전환율,5.0526315789474,%
서울,용산구,2026-02,지역별전월세전환율_아파트,전월세 전환율,5.1099117078182,%
서울,용산구,2026-03,지역별전월세전환율_아파트,전월세 전환율,5.0704225352113,%
서울,용산구,2026-04,지역별전월세전환율_아파트,전월세 전환율,5.0704225352113,%
서울,용산구,2026-05,지역별전월세전환율_아파트,전월세 전환율,5.0204222723062,%
서울,용산구,2026-06,지역별전월세전환율_아파트,전월세 전환율,5.2235649774702,%
서울,용산구,2026-07,지역별전월세전환율_아파트,전월세 전환율,5.2002367259536,%
서울,은평구,2011-01,지역별전월세전환율_아파트,전월세 전환율,7.48746487611202,%
서울,은평구,2011-02,지역별전월세전환율_아파트,전월세 전환율,7.48746487611202,%
서울,은평구,2011-03,지역별전월세전환율_아파트,전월세 전환율,7.48746487611202,%
서울,은평구,2011-04,지역별전월세전환율_아파트,전월세 전환율,7.48746487611202,%
서울,은평구,2011-05,지역별전월세전환율_아파트,전월세 전환율,7.48746487611202,%
서울,은평구,2011-06,지역별전월세전환율_아파트,전월세 전환율,7.48746487611202,%
서울,은평구,2011-07,지역별전월세전환율_아파트,전월세 전환율,7.48746487611202,%
서울,은평구,2011-08,지역별전월세전환율_아파트,전월세 전환율,7.23018747891993,%
서울,은평구,2011-09,지역별전월세전환율_아파트,전월세 전환율,7.2,%
서울,은평구,2011-10,지역별전월세전환율_아파트,전월세 전환율,7.23020411793481,%
서울,은평구,2011-11,지역별전월세전환율_아파트,전월세 전환율,7.10585141354372,%
서울,은평구,2011-12,지역별전월세전환율_아파트,전월세 전환율,7.07593766593051,%
서울,은평구,2012-01,지역별전월세전환율_아파트,전월세 전환율,7.2,%
서울,은평구,2012-02,지역별전월세전환율_아파트,전월세 전환율,7.3469387755102,%
서울,은평구,2012-03,지역별전월세전환율_아파트,전월세 전환율,7.36879016381305,%
서울,은평구,2012-04,지역별전월세전환율_아파트,전월세 전환율,7,%
서울,은평구,2012-05,지역별전월세전환율_아파트,전월세 전환율,7.01538461538462,%
서울,은평구,2012-06,지역별전월세전환율_아파트,전월세 전환율,6.88613936708364,%
서울,은평구,2012-07,지역별전월세전환율_아파트,전월세 전환율,6.70037654653039,%
서울,은평구,2012-08,지역별전월세전환율_아파트,전월세 전환율,6.75,%
서울,은평구,2012-09,지역별전월세전환율_아파트,전월세 전환율,6.70037654653039,%
서울,은평구,2012-10,지역별전월세전환율_아파트,전월세 전환율,6.67265306122449,%
서울,은평구,2012-11,지역별전월세전환율_아파트,전월세 전환율,6.66666666666667,%
서울,은평구,2012-12,지역별전월세전환율_아파트,전월세 전환율,6.70047539385584,%
서울,은평구,2013-01,지역별전월세전환율_아파트,전월세 전환율,6.7005742411813,%
서울,은평구,2013-02,지역별전월세전환율_아파트,전월세 전환율,6.66835050428973,%
서울,은평구,2013-03,지역별전월세전환율_아파트,전월세 전환율,6.66835050428973,%
서울,은평구,2013-04,지역별전월세전환율_아파트,전월세 전환율,6.68305157212033,%
서울,은평구,2013-05,지역별전월세전환율_아파트,전월세 전환율,6.6989273331642,%
서울,은평구,2013-06,지역별전월세전환율_아파트,전월세 전환율,6.66666666666667,%
서울,은평구,2013-07,지역별전월세전환율_아파트,전월세 전환율,6.51131148885251,%
서울,은평구,2013-08,지역별전월세전환율_아파트,전월세 전환율,6.52076929878274,%
서울,은평구,2013-09,지역별전월세전환율_아파트,전월세 전환율,6.50303061700254,%
서울,은평구,2013-10,지역별전월세전환율_아파트,전월세 전환율,6.46153846153846,%
서울,은평구,2013-11,지역별전월세전환율_아파트,전월세 전환율,6.3757592285687,%
서울,은평구,2013-12,지역별전월세전환율_아파트,전월세 전환율,6.15098303023869,%
서울,은평구,2014-01,지역별전월세전환율_아파트,전월세 전환율,6.16103586142973,%
서울,은평구,2014-02,지역별전월세전환율_아파트,전월세 전환율,6,%
서울,은평구,2014-03,지역별전월세전환율_아파트,전월세 전환율,6,%
서울,은평구,2014-04,지역별전월세전환율_아파트,전월세 전환율,6,%
서울,은평구,2014-05,지역별전월세전환율_아파트,전월세 전환율,6,%
서울,은평구,2014-06,지역별전월세전환율_아파트,전월세 전환율,6,%
서울,은평구,2014-07,지역별전월세전환율_아파트,전월세 전환율,6,%
서울,은평구,2014-08,지역별전월세전환율_아파트,전월세 전환율,6.08748781943787,%
서울,은평구,2014-09,지역별전월세전환율_아파트,전월세 전환율,6.06560291302424,%
서울,은평구,2014-10,지역별전월세전환율_아파트,전월세 전환율,6.1160873117507,%
서울,은평구,2014-11,지역별전월세전환율_아파트,전월세 전환율,6,%
서울,은평구,2014-12,지역별전월세전환율_아파트,전월세 전환율,6,%
서울,은평구,2015-01,지역별전월세전환율_아파트,전월세 전환율,6,%
서울,은평구,2015-02,지역별전월세전환율_아파트,전월세 전환율,6,%
서울,은평구,2015-03,지역별전월세전환율_아파트,전월세 전환율,6,%
서울,은평구,2015-04,지역별전월세전환율_아파트,전월세 전환율,5.8781406880949,%
서울,은평구,2015-05,지역별전월세전환율_아파트,전월세 전환율,5.84377398187509,%
서울,은평구,2015-06,지역별전월세전환율_아파트,전월세 전환율,5.85364029607828,%
서울,은평구,2015-07,지역별전월세전환율_아파트,전월세 전환율,5.71428571428571,%
서울,은평구,2015-08,지역별전월세전환율_아파트,전월세 전환율,5.5,%
서울,은평구,2015-09,지역별전월세전환율_아파트,전월세 전환율,5.49305460046761,%
서울,은평구,2015-10,지역별전월세전환율_아파트,전월세 전환율,5.41936679168477,%
서울,은평구,2015-11,지역별전월세전환율_아파트,전월세 전환율,5.4,%
서울,은평구,2015-12,지역별전월세전환율_아파트,전월세 전환율,5.38263022904099,%
서울,은평구,2016-01,지역별전월세전환율_아파트,전월세 전환율,5.31314464400064,%
서울,은평구,2016-02,지역별전월세전환율_아파트,전월세 전환율,5.06809192382699,%
서울,은평구,2016-03,지역별전월세전환율_아파트,전월세 전환율,5,%
서울,은평구,2016-04,지역별전월세전환율_아파트,전월세 전환율,4.8881704002416,%
서울,은평구,2016-05,지역별전월세전환율_아파트,전월세 전환율,4.70058796590389,%
서울,은평구,2016-06,지역별전월세전환율_아파트,전월세 전환율,4.71053285578539,%
서울,은평구,2016-07,지역별전월세전환율_아파트,전월세 전환율,4.61538461538462,%
서울,은평구,2016-08,지역별전월세전환율_아파트,전월세 전환율,4.61538461538462,%
서울,은평구,2016-09,지역별전월세전환율_아파트,전월세 전환율,4.65503535307159,%
서울,은평구,2016-10,지역별전월세전환율_아파트,전월세 전환율,4.68292682926829,%
서울,은평구,2016-11,지역별전월세전환율_아파트,전월세 전환율,4.61538461538461,%
서울,은평구,2016-12,지역별전월세전환율_아파트,전월세 전환율,4.5,%
서울,은평구,2017-01,지역별전월세전환율_아파트,전월세 전환율,4.24918032786885,%
서울,은평구,2017-02,지역별전월세전환율_아파트,전월세 전환율,4.35714467010271,%
서울,은평구,2017-03,지역별전월세전환율_아파트,전월세 전환율,4.28770486390206,%
서울,은평구,2017-04,지역별전월세전환율_아파트,전월세 전환율,4.36196187620475,%
서울,은평구,2017-05,지역별전월세전환율_아파트,전월세 전환율,4.24272005250789,%
서울,은평구,2017-06,지역별전월세전환율_아파트,전월세 전환율,4.24723585407675,%
서울,은평구,2017-07,지역별전월세전환율_아파트,전월세 전환율,4.34802566114272,%
서울,은평구,2017-08,지역별전월세전환율_아파트,전월세 전환율,4.18597480671942,%
서울,은평구,2017-09,지역별전월세전환율_아파트,전월세 전환율,4.28730929382224,%
서울,은평구,2017-10,지역별전월세전환율_아파트,전월세 전환율,4.25806451612903,%
서울,은평구,2017-11,지역별전월세전환율_아파트,전월세 전환율,4.33333333333333,%
서울,은평구,2017-12,지역별전월세전환율_아파트,전월세 전환율,4.43612864442441,%
서울,은평구,2018-01,지역별전월세전환율_아파트,전월세 전환율,4.45437788018433,%
서울,은평구,2018-02,지역별전월세전환율_아파트,전월세 전환율,4.42660236228576,%
서울,은평구,2018-03,지역별전월세전환율_아파트,전월세 전환율,4.4,%
서울,은평구,2018-04,지역별전월세전환율_아파트,전월세 전환율,4.36363636363636,%
서울,은평구,2018-05,지역별전월세전환율_아파트,전월세 전환율,4.40700311445739,%
서울,은평구,2018-06,지역별전월세전환율_아파트,전월세 전환율,4.23529411764706,%
서울,은평구,2018-07,지역별전월세전환율_아파트,전월세 전환율,4.25806451612903,%
서울,은평구,2018-08,지역별전월세전환율_아파트,전월세 전환율,4.21621621621622,%
서울,은평구,2018-09,지역별전월세전환율_아파트,전월세 전환율,4.18613395521813,%
서울,은평구,2018-10,지역별전월세전환율_아파트,전월세 전환율,4.22067992000941,%
서울,은평구,2018-11,지역별전월세전환율_아파트,전월세 전환율,4.23529411764706,%
서울,은평구,2018-12,지역별전월세전환율_아파트,전월세 전환율,4.36363636363637,%
서울,은평구,2019-01,지역별전월세전환율_아파트,전월세 전환율,4.28571428571429,%
서울,은평구,2019-02,지역별전월세전환율_아파트,전월세 전환율,4.41379310344828,%
서울,은평구,2019-03,지역별전월세전환율_아파트,전월세 전환율,4.38045904300395,%
서울,은평구,2019-04,지역별전월세전환율_아파트,전월세 전환율,4.4327485380117,%
서울,은평구,2019-05,지역별전월세전환율_아파트,전월세 전환율,4.39995868287777,%
서울,은평구,2019-06,지역별전월세전환율_아파트,전월세 전환율,4.35829065979607,%
서울,은평구,2019-07,지역별전월세전환율_아파트,전월세 전환율,4.24264705882353,%
서울,은평구,2019-08,지역별전월세전환율_아파트,전월세 전환율,4.15384615384615,%
서울,은평구,2019-09,지역별전월세전환율_아파트,전월세 전환율,4.13465211348878,%
서울,은평구,2019-10,지역별전월세전환율_아파트,전월세 전환율,4.17536045563627,%
서울,은평구,2019-11,지역별전월세전환율_아파트,전월세 전환율,4.20387108300606,%
서울,은평구,2019-12,지역별전월세전환율_아파트,전월세 전환율,4.47372187100743,%
서울,은평구,2020-01,지역별전월세전환율_아파트,전월세 전환율,4.37352382256707,%
서울,은평구,2020-02,지역별전월세전환율_아파트,전월세 전환율,4.52514554068706,%
서울,은평구,2020-03,지역별전월세전환율_아파트,전월세 전환율,4.62273161413562,%
서울,은평구,2020-04,지역별전월세전환율_아파트,전월세 전환율,4.66532389908317,%
서울,은평구,2020-05,지역별전월세전환율_아파트,전월세 전환율,4.79008844953174,%
서울,은평구,2020-06,지역별전월세전환율_아파트,전월세 전환율,4.50352112676056,%
서울,은평구,2020-07,지역별전월세전환율_아파트,전월세 전환율,4.66105302217047,%
서울,은평구,2020-08,지역별전월세전환율_아파트,전월세 전환율,4.63084236917085,%
서울,은평구,2020-09,지역별전월세전환율_아파트,전월세 전환율,4.71715498116447,%
서울,은평구,2020-10,지역별전월세전환율_아파트,전월세 전환율,4.61538461538462,%
서울,은평구,2020-11,지역별전월세전환율_아파트,전월세 전환율,4.69565217391304,%
서울,은평구,2020-12,지역별전월세전환율_아파트,전월세 전환율,4.78374947101143,%
서울,은평구,2021-01,지역별전월세전환율_아파트,전월세 전환율,4.46691797672098,%
서울,은평구,2021-02,지역별전월세전환율_아파트,전월세 전환율,4.94977009063582,%
서울,은평구,2021-03,지역별전월세전환율_아파트,전월세 전환율,4.70588235294118,%
서울,은평구,2021-04,지역별전월세전환율_아파트,전월세 전환율,4.84848484848485,%
서울,은평구,2021-05,지역별전월세전환율_아파트,전월세 전환율,4.8,%
서울,은평구,2021-06,지역별전월세전환율_아파트,전월세 전환율,4.61538461538462,%
서울,은평구,2021-07,지역별전월세전환율_아파트,전월세 전환율,4.6086057956185,%
서울,은평구,2021-08,지역별전월세전환율_아파트,전월세 전환율,4.35409629044988,%
서울,은평구,2021-09,지역별전월세전환율_아파트,전월세 전환율,4.43284982433444,%
서울,은평구,2021-10,지역별전월세전환율_아파트,전월세 전환율,4.42702966719019,%
서울,은평구,2021-11,지역별전월세전환율_아파트,전월세 전환율,4.54545454545455,%
서울,은평구,2021-12,지역별전월세전환율_아파트,전월세 전환율,4.79967421768327,%
서울,은평구,2022-01,지역별전월세전환율_아파트,전월세 전환율,4.70285646556833,%
서울,은평구,2022-02,지역별전월세전환율_아파트,전월세 전환율,4.53333333333333,%
서울,은평구,2022-03,지역별전월세전환율_아파트,전월세 전환율,4.35756918281638,%
서울,은평구,2022-04,지역별전월세전환율_아파트,전월세 전환율,4.44507042253521,%
서울,은평구,2022-05,지역별전월세전환율_아파트,전월세 전환율,4.42105263157895,%
서울,은평구,2022-06,지역별전월세전환율_아파트,전월세 전환율,4.3206648199446,%
서울,은평구,2022-07,지역별전월세전환율_아파트,전월세 전환율,4.62874318156518,%
서울,은평구,2022-08,지역별전월세전환율_아파트,전월세 전환율,4.67896239342094,%
서울,은평구,2022-09,지역별전월세전환율_아파트,전월세 전환율,4.64734700525083,%
서울,은평구,2022-10,지역별전월세전환율_아파트,전월세 전환율,4.71428571428571,%
서울,은평구,2022-11,지역별전월세전환율_아파트,전월세 전환율,4.68809073724008,%
서울,은평구,2022-12,지역별전월세전환율_아파트,전월세 전환율,4.71335238497799,%
서울,은평구,2023-01,지역별전월세전환율_아파트,전월세 전환율,4.66875294027165,%
서울,은평구,2023-02,지역별전월세전환율_아파트,전월세 전환율,4.82346438831732,%
서울,은평구,2023-03,지역별전월세전환율_아파트,전월세 전환율,5.00653991690377,%
서울,은평구,2023-04,지역별전월세전환율_아파트,전월세 전환율,5.01672500651681,%
서울,은평구,2023-05,지역별전월세전환율_아파트,전월세 전환율,4.96551724137931,%
서울,은평구,2023-06,지역별전월세전환율_아파트,전월세 전환율,5.05263157894737,%
서울,은평구,2023-07,지역별전월세전환율_아파트,전월세 전환율,4.99928627024585,%
서울,은평구,2023-08,지역별전월세전환율_아파트,전월세 전환율,4.89342403628118,%
서울,은평구,2023-09,지역별전월세전환율_아파트,전월세 전환율,4.94365806098625,%
서울,은평구,2023-10,지역별전월세전환율_아파트,전월세 전환율,4.8,%
서울,은평구,2023-11,지역별전월세전환율_아파트,전월세 전환율,4.73684210526316,%
서울,은평구,2023-12,지역별전월세전환율_아파트,전월세 전환율,4.5152462793759,%
서울,은평구,2024-01,지역별전월세전환율_아파트,전월세 전환율,4.53333333333333,%
서울,은평구,2024-02,지역별전월세전환율_아파트,전월세 전환율,4.53617021276596,%
서울,은평구,2024-03,지역별전월세전환율_아파트,전월세 전환율,4.5,%
서울,은평구,2024-04,지역별전월세전환율_아파트,전월세 전환율,4.5734089766305,%
서울,은평구,2024-05,지역별전월세전환율_아파트,전월세 전환율,4.5,%
서울,은평구,2024-06,지역별전월세전환율_아파트,전월세 전환율,4.592675032906422,%
서울,은평구,2024-07,지역별전월세전환율_아파트,전월세 전환율,4.57142857142857,%
서울,은평구,2024-08,지역별전월세전환율_아파트,전월세 전환율,4.51866844666466,%
서울,은평구,2024-09,지역별전월세전환율_아파트,전월세 전환율,4.6036954444091,%
서울,은평구,2024-10,지역별전월세전환율_아파트,전월세 전환율,4.6073702271993,%
서울,은평구,2024-11,지역별전월세전환율_아파트,전월세 전환율,4.6856769839701,%
서울,은평구,2024-12,지역별전월세전환율_아파트,전월세 전환율,4.6027397260274,%
서울,은평구,2025-01,지역별전월세전환율_아파트,전월세 전환율,4.5851765536536,%
서울,은평구,2025-02,지역별전월세전환율_아파트,전월세 전환율,4.7179874460885,%
서울,은평구,2025-03,지역별전월세전환율_아파트,전월세 전환율,4.7636371128358,%
서울,은평구,2025-04,지역별전월세전환율_아파트,전월세 전환율,4.8774193548387,%
서울,은평구,2025-05,지역별전월세전환율_아파트,전월세 전환율,4.828013879737,%
서울,은평구,2025-06,지역별전월세전환율_아파트,전월세 전환율,4.8749717100958,%
서울,은평구,2025-07,지역별전월세전환율_아파트,전월세 전환율,4.8522787035507,%
서울,은평구,2025-08,지역별전월세전환율_아파트,전월세 전환율,4.8,%
서울,은평구,2025-09,지역별전월세전환율_아파트,전월세 전환율,4.8593429801785,%
서울,은평구,2025-10,지역별전월세전환율_아파트,전월세 전환율,4.8,%
서울,은평구,2025-11,지역별전월세전환율_아파트,전월세 전환율,4.7909433962264,%
서울,은평구,2025-12,지역별전월세전환율_아파트,전월세 전환율,4.7384007897335,%
서울,은평구,2026-01,지역별전월세전환율_아파트,전월세 전환율,4.6598333137977,%
서울,은평구,2026-02,지역별전월세전환율_아파트,전월세 전환율,4.6571982054184,%
서울,은평구,2026-03,지역별전월세전환율_아파트,전월세 전환율,4.5854533803268,%
서울,은평구,2026-04,지역별전월세전환율_아파트,전월세 전환율,4.6,%
서울,은평구,2026-05,지역별전월세전환율_아파트,전월세 전환율,4.660801467041,%
서울,은평구,2026-06,지역별전월세전환율_아파트,전월세 전환율,4.8,%
서울,은평구,2026-07,지역별전월세전환율_아파트,전월세 전환율,4.8543689320388,%
서울,종로구,2011-01,지역별전월세전환율_아파트,전월세 전환율,7.60807618485162,%
서울,종로구,2011-02,지역별전월세전환율_아파트,전월세 전환율,7.60807618485162,%
서울,종로구,2011-03,지역별전월세전환율_아파트,전월세 전환율,7.60807618485162,%
서울,종로구,2011-04,지역별전월세전환율_아파트,전월세 전환율,7.60807618485162,%
서울,종로구,2011-05,지역별전월세전환율_아파트,전월세 전환율,7.60807618485162,%
서울,종로구,2011-06,지역별전월세전환율_아파트,전월세 전환율,7.60807618485162,%
서울,종로구,2011-07,지역별전월세전환율_아파트,전월세 전환율,7.63636363636364,%
서울,종로구,2011-08,지역별전월세전환율_아파트,전월세 전환율,7.38461538461539,%
서울,종로구,2011-09,지역별전월세전환율_아파트,전월세 전환율,7.49142857142857,%
서울,종로구,2011-10,지역별전월세전환율_아파트,전월세 전환율,7.63636363636364,%
서울,종로구,2011-11,지역별전월세전환율_아파트,전월세 전환율,7.51830892143808,%
서울,종로구,2011-12,지역별전월세전환율_아파트,전월세 전환율,7.2,%
서울,종로구,2012-01,지역별전월세전환율_아파트,전월세 전환율,6.79245283018868,%
서울,종로구,2012-02,지역별전월세전환율_아파트,전월세 전환율,6.75,%
서울,종로구,2012-03,지역별전월세전환율_아파트,전월세 전환율,6.94096558701978,%
서울,종로구,2012-04,지역별전월세전환율_아파트,전월세 전환율,6.79245283018868,%
서울,종로구,2012-05,지역별전월세전환율_아파트,전월세 전환율,6.94096558701978,%
서울,종로구,2012-06,지역별전월세전환율_아파트,전월세 전환율,7.05882352941177,%
서울,종로구,2012-07,지역별전월세전환율_아파트,전월세 전환율,6.9511523442354,%
서울,종로구,2012-08,지역별전월세전환율_아파트,전월세 전환율,6.89010989010989,%
서울,종로구,2012-09,지역별전월세전환율_아파트,전월세 전환율,6.92307692307692,%
서울,종로구,2012-10,지역별전월세전환율_아파트,전월세 전환율,6.75857660345195,%
서울,종로구,2012-11,지역별전월세전환율_아파트,전월세 전환율,6.65254571659383,%
서울,종로구,2012-12,지역별전월세전환율_아파트,전월세 전환율,6.85714285714286,%
서울,종로구,2013-01,지역별전월세전환율_아파트,전월세 전환율,6.99385487148125,%
서울,종로구,2013-02,지역별전월세전환율_아파트,전월세 전환율,6.77647058823529,%
서울,종로구,2013-03,지역별전월세전환율_아파트,전월세 전환율,6.85714285714286,%
서울,종로구,2013-04,지역별전월세전환율_아파트,전월세 전환율,6.9337231162408,%
서울,종로구,2013-05,지역별전월세전환율_아파트,전월세 전환율,6.66771201736597,%
서울,종로구,2013-06,지역별전월세전환율_아파트,전월세 전환율,6.48076923076923,%
서울,종로구,2013-07,지역별전월세전환율_아파트,전월세 전환율,6.68116115884432,%
서울,종로구,2013-08,지역별전월세전환율_아파트,전월세 전환율,6.46153846153846,%
서울,종로구,2013-09,지역별전월세전환율_아파트,전월세 전환율,6.46153846153846,%
서울,종로구,2013-10,지역별전월세전환율_아파트,전월세 전환율,6.40093941999203,%
서울,종로구,2013-11,지역별전월세전환율_아파트,전월세 전환율,6.31816028671785,%
서울,종로구,2013-12,지역별전월세전환율_아파트,전월세 전환율,6.21821112711125,%
서울,종로구,2014-01,지역별전월세전환율_아파트,전월세 전환율,6,%
서울,종로구,2014-02,지역별전월세전환율_아파트,전월세 전환율,6.30574432487142,%
서울,종로구,2014-03,지역별전월세전환율_아파트,전월세 전환율,6.24154589371981,%
서울,종로구,2014-04,지역별전월세전환율_아파트,전월세 전환율,6.13829430254072,%
서울,종로구,2014-05,지역별전월세전환율_아파트,전월세 전환율,6.36162508359641,%
서울,종로구,2014-06,지역별전월세전환율_아파트,전월세 전환율,6.5,%
서울,종로구,2014-07,지역별전월세전환율_아파트,전월세 전환율,6.56729032846854,%
서울,종로구,2014-08,지역별전월세전환율_아파트,전월세 전환율,6.24,%
서울,종로구,2014-09,지역별전월세전환율_아파트,전월세 전환율,6.30320645383611,%
서울,종로구,2014-10,지역별전월세전환율_아파트,전월세 전환율,6.03017716336192,%
서울,종로구,2014-11,지역별전월세전환율_아파트,전월세 전환율,6,%
서울,종로구,2014-12,지역별전월세전환율_아파트,전월세 전환율,6.31578947368421,%
서울,종로구,2015-01,지역별전월세전환율_아파트,전월세 전환율,6,%
서울,종로구,2015-02,지역별전월세전환율_아파트,전월세 전환율,6.04821469408686,%
서울,종로구,2015-03,지역별전월세전환율_아파트,전월세 전환율,6,%
서울,종로구,2015-04,지역별전월세전환율_아파트,전월세 전환율,6,%
서울,종로구,2015-05,지역별전월세전환율_아파트,전월세 전환율,6,%
서울,종로구,2015-06,지역별전월세전환율_아파트,전월세 전환율,6,%
서울,종로구,2015-07,지역별전월세전환율_아파트,전월세 전환율,6.13333333333333,%
서울,종로구,2015-08,지역별전월세전환율_아파트,전월세 전환율,6,%
서울,종로구,2015-09,지역별전월세전환율_아파트,전월세 전환율,6.02934227128324,%
서울,종로구,2015-10,지역별전월세전환율_아파트,전월세 전환율,5.63943505350202,%
서울,종로구,2015-11,지역별전월세전환율_아파트,전월세 전환율,5.76935718126674,%
서울,종로구,2015-12,지역별전월세전환율_아파트,전월세 전환율,5.4153227203758,%
서울,종로구,2016-01,지역별전월세전환율_아파트,전월세 전환율,5.47102195715233,%
서울,종로구,2016-02,지역별전월세전환율_아파트,전월세 전환율,5.21739130434783,%
서울,종로구,2016-03,지역별전월세전환율_아파트,전월세 전환율,5.16923076923077,%
서울,종로구,2016-04,지역별전월세전환율_아파트,전월세 전환율,5.40967741935484,%
서울,종로구,2016-05,지역별전월세전환율_아파트,전월세 전환율,5.38461538461539,%
서울,종로구,2016-06,지역별전월세전환율_아파트,전월세 전환율,5.45454545454546,%
서울,종로구,2016-07,지역별전월세전환율_아파트,전월세 전환율,5.41944965191096,%
서울,종로구,2016-08,지역별전월세전환율_아파트,전월세 전환율,5.33333333333333,%
서울,종로구,2016-09,지역별전월세전환율_아파트,전월세 전환율,5.31716227684765,%
서울,종로구,2016-10,지역별전월세전환율_아파트,전월세 전환율,5.09104842170649,%
서울,종로구,2016-11,지역별전월세전환율_아파트,전월세 전환율,5.20778064316164,%
서울,종로구,2016-12,지역별전월세전환율_아파트,전월세 전환율,5.16103747759812,%
서울,종로구,2017-01,지역별전월세전환율_아파트,전월세 전환율,5.26829268292683,%
서울,종로구,2017-02,지역별전월세전환율_아파트,전월세 전환율,5.23987387269638,%
서울,종로구,2017-03,지역별전월세전환율_아파트,전월세 전환율,4.9229389808767,%
서울,종로구,2017-04,지역별전월세전환율_아파트,전월세 전환율,4.69338456288109,%
서울,종로구,2017-05,지역별전월세전환율_아파트,전월세 전환율,4.430289339986,%
서울,종로구,2017-06,지역별전월세전환율_아파트,전월세 전환율,4.34848484848485,%
서울,종로구,2017-07,지역별전월세전환율_아파트,전월세 전환율,4.15384615384615,%
서울,종로구,2017-08,지역별전월세전환율_아파트,전월세 전환율,3.99042589477894,%
서울,종로구,2017-09,지역별전월세전환율_아파트,전월세 전환율,4,%
서울,종로구,2017-10,지역별전월세전환율_아파트,전월세 전환율,4.08510638297872,%
서울,종로구,2017-11,지역별전월세전환율_아파트,전월세 전환율,4.00251827516476,%
서울,종로구,2017-12,지역별전월세전환율_아파트,전월세 전환율,4.08800773694391,%
서울,종로구,2018-01,지역별전월세전환율_아파트,전월세 전환율,4.13146551724138,%
서울,종로구,2018-02,지역별전월세전환율_아파트,전월세 전환율,4.35681818181818,%
서울,종로구,2018-03,지역별전월세전환율_아파트,전월세 전환율,4.46511627906977,%
서울,종로구,2018-04,지역별전월세전환율_아파트,전월세 전환율,4.52320228919304,%
서울,종로구,2018-05,지역별전월세전환율_아파트,전월세 전환율,4.51990260107531,%
서울,종로구,2018-06,지역별전월세전환율_아파트,전월세 전환율,4.81025030286852,%
서울,종로구,2018-07,지역별전월세전환율_아파트,전월세 전환율,4.57893408990626,%
서울,종로구,2018-08,지역별전월세전환율_아파트,전월세 전환율,4.47857142857143,%
서울,종로구,2018-09,지역별전월세전환율_아파트,전월세 전환율,4.60387188797009,%
서울,종로구,2018-10,지역별전월세전환율_아파트,전월세 전환율,4.37882816798093,%
서울,종로구,2018-11,지역별전월세전환율_아파트,전월세 전환율,4.26675094816688,%
서울,종로구,2018-12,지역별전월세전환율_아파트,전월세 전환율,4.23812266836848,%
서울,종로구,2019-01,지역별전월세전환율_아파트,전월세 전환율,4.24073066592852,%
서울,종로구,2019-02,지역별전월세전환율_아파트,전월세 전환율,4.19967146631245,%
서울,종로구,2019-03,지역별전월세전환율_아파트,전월세 전환율,4.18399395850089,%
서울,종로구,2019-04,지역별전월세전환율_아파트,전월세 전환율,4.13793103448276,%
서울,종로구,2019-05,지역별전월세전환율_아파트,전월세 전환율,4.10732837715289,%
서울,종로구,2019-06,지역별전월세전환율_아파트,전월세 전환율,4.18604651162791,%
서울,종로구,2019-07,지역별전월세전환율_아파트,전월세 전환율,4.18125934009485,%
서울,종로구,2019-08,지역별전월세전환율_아파트,전월세 전환율,4.2,%
서울,종로구,2019-09,지역별전월세전환율_아파트,전월세 전환율,4.22946694891735,%
서울,종로구,2019-10,지역별전월세전환율_아파트,전월세 전환율,4.20173717592781,%
서울,종로구,2019-11,지역별전월세전환율_아파트,전월세 전환율,4.23117644067788,%
서울,종로구,2019-12,지역별전월세전환율_아파트,전월세 전환율,4,%
서울,종로구,2020-01,지역별전월세전환율_아파트,전월세 전환율,4.133159147331,%
서울,종로구,2020-02,지역별전월세전환율_아파트,전월세 전환율,4.15425342841039,%
서울,종로구,2020-03,지역별전월세전환율_아파트,전월세 전환율,4.2,%
서울,종로구,2020-04,지역별전월세전환율_아파트,전월세 전환율,4.11790498566021,%
서울,종로구,2020-05,지역별전월세전환율_아파트,전월세 전환율,4.13793103448276,%
서울,종로구,2020-06,지역별전월세전환율_아파트,전월세 전환율,4.10332182466269,%
서울,종로구,2020-07,지역별전월세전환율_아파트,전월세 전환율,4.125,%
서울,종로구,2020-08,지역별전월세전환율_아파트,전월세 전환율,4.47678377672409,%
서울,종로구,2020-09,지역별전월세전환율_아파트,전월세 전환율,4.17391304347826,%
서울,종로구,2020-10,지역별전월세전환율_아파트,전월세 전환율,4.06167732230162,%
서울,종로구,2020-11,지역별전월세전환율_아파트,전월세 전환율,4.06167732230162,%
서울,종로구,2020-12,지역별전월세전환율_아파트,전월세 전환율,4.06167732230162,%
서울,종로구,2021-01,지역별전월세전환율_아파트,전월세 전환율,4.1803235296597,%
서울,종로구,2021-02,지역별전월세전환율_아파트,전월세 전환율,4.204478793378,%
서울,종로구,2021-03,지역별전월세전환율_아파트,전월세 전환율,4.23578659370725,%
서울,종로구,2021-04,지역별전월세전환율_아파트,전월세 전환율,4.53449445236113,%
서울,종로구,2021-05,지역별전월세전환율_아파트,전월세 전환율,4.58434436601071,%
서울,종로구,2021-06,지역별전월세전환율_아파트,전월세 전환율,4.43513699511175,%
서울,종로구,2021-07,지역별전월세전환율_아파트,전월세 전환율,4.42857142857143,%
서울,종로구,2021-08,지역별전월세전환율_아파트,전월세 전환율,4.39158279963404,%
서울,종로구,2021-09,지역별전월세전환율_아파트,전월세 전환율,4.20332159033719,%
서울,종로구,2021-10,지역별전월세전환율_아파트,전월세 전환율,4.18909090909091,%
서울,종로구,2021-11,지역별전월세전환율_아파트,전월세 전환율,4.24474620985889,%
서울,종로구,2021-12,지역별전월세전환율_아파트,전월세 전환율,4.41768775289577,%
서울,종로구,2022-01,지역별전월세전환율_아파트,전월세 전환율,4.43946188340807,%
서울,종로구,2022-02,지역별전월세전환율_아파트,전월세 전환율,4.39985932335153,%
서울,종로구,2022-03,지역별전월세전환율_아파트,전월세 전환율,4.25849862889273,%
서울,종로구,2022-04,지역별전월세전환율_아파트,전월세 전환율,4.36363636363636,%
서울,종로구,2022-05,지역별전월세전환율_아파트,전월세 전환율,4.32,%
서울,종로구,2022-06,지역별전월세전환율_아파트,전월세 전환율,4.11233307148468,%
서울,종로구,2022-07,지역별전월세전환율_아파트,전월세 전환율,4.10526315789474,%
서울,종로구,2022-08,지역별전월세전환율_아파트,전월세 전환율,3.99434134975451,%
서울,종로구,2022-09,지역별전월세전환율_아파트,전월세 전환율,4.1003861003861,%
서울,종로구,2022-10,지역별전월세전환율_아파트,전월세 전환율,4.12607449856733,%
서울,종로구,2022-11,지역별전월세전환율_아파트,전월세 전환율,4.23529411764706,%
서울,종로구,2022-12,지역별전월세전환율_아파트,전월세 전환율,4.40985396460266,%
서울,종로구,2023-01,지역별전월세전환율_아파트,전월세 전환율,4.4154532980908,%
서울,종로구,2023-02,지역별전월세전환율_아파트,전월세 전환율,4.61183421028339,%
서울,종로구,2023-03,지역별전월세전환율_아파트,전월세 전환율,4.74457332228666,%
서울,종로구,2023-04,지역별전월세전환율_아파트,전월세 전환율,4.81060365362951,%
서울,종로구,2023-05,지역별전월세전환율_아파트,전월세 전환율,4.94387703789581,%
서울,종로구,2023-06,지역별전월세전환율_아파트,전월세 전환율,4.91166244841153,%
서울,종로구,2023-07,지역별전월세전환율_아파트,전월세 전환율,4.84403669724771,%
서울,종로구,2023-08,지역별전월세전환율_아파트,전월세 전환율,4.99017999786985,%
서울,종로구,2023-09,지역별전월세전환율_아파트,전월세 전환율,4.92696142678942,%
서울,종로구,2023-10,지역별전월세전환율_아파트,전월세 전환율,4.78157542494251,%
서울,종로구,2023-11,지역별전월세전환율_아파트,전월세 전환율,4.84073840086516,%
서울,종로구,2023-12,지역별전월세전환율_아파트,전월세 전환율,4.79356344542299,%
서울,종로구,2024-01,지역별전월세전환율_아파트,전월세 전환율,4.84700636942675,%
서울,종로구,2024-02,지역별전월세전환율_아파트,전월세 전환율,4.88686293449085,%
서울,종로구,2024-03,지역별전월세전환율_아파트,전월세 전환율,4.84706021781803,%
서울,종로구,2024-04,지역별전월세전환율_아파트,전월세 전환율,4.82211385602778,%
서울,종로구,2024-05,지역별전월세전환율_아파트,전월세 전환율,4.82072306239806,%
서울,종로구,2024-06,지역별전월세전환율_아파트,전월세 전환율,4.924209136602429,%
서울,종로구,2024-07,지역별전월세전환율_아파트,전월세 전환율,4.6530612244898,%
서울,종로구,2024-08,지역별전월세전환율_아파트,전월세 전환율,4.77931034482759,%
서울,종로구,2024-09,지역별전월세전환율_아파트,전월세 전환율,4.6702497808179,%
서울,종로구,2024-10,지역별전월세전환율_아파트,전월세 전환율,4.596685285525,%
서울,종로구,2024-11,지역별전월세전환율_아파트,전월세 전환율,4.7477313974592,%
서울,종로구,2024-12,지역별전월세전환율_아파트,전월세 전환율,4.7274327622744,%
서울,종로구,2025-01,지역별전월세전환율_아파트,전월세 전환율,4.8436265827884,%
서울,종로구,2025-02,지역별전월세전환율_아파트,전월세 전환율,4.8667895896578,%
서울,종로구,2025-03,지역별전월세전환율_아파트,전월세 전환율,4.9105240454373,%
서울,종로구,2025-04,지역별전월세전환율_아파트,전월세 전환율,4.9059304332032,%
서울,종로구,2025-05,지역별전월세전환율_아파트,전월세 전환율,4.9018080774411,%
서울,종로구,2025-06,지역별전월세전환율_아파트,전월세 전환율,5,%
서울,종로구,2025-07,지역별전월세전환율_아파트,전월세 전환율,4.9861495844875,%
서울,종로구,2025-08,지역별전월세전환율_아파트,전월세 전환율,4.9759147028192,%
서울,종로구,2025-09,지역별전월세전환율_아파트,전월세 전환율,5.04,%
서울,종로구,2025-10,지역별전월세전환율_아파트,전월세 전환율,5.0325452096727,%
서울,종로구,2025-11,지역별전월세전환율_아파트,전월세 전환율,4.8695652173913,%
서울,종로구,2025-12,지역별전월세전환율_아파트,전월세 전환율,4.9429961290323,%
서울,종로구,2026-01,지역별전월세전환율_아파트,전월세 전환율,4.875,%
서울,종로구,2026-02,지역별전월세전환율_아파트,전월세 전환율,4.8888888888889,%
서울,종로구,2026-03,지역별전월세전환율_아파트,전월세 전환율,4.9127477367262,%
서울,종로구,2026-04,지역별전월세전환율_아파트,전월세 전환율,4.7792808907039,%
서울,종로구,2026-05,지역별전월세전환율_아파트,전월세 전환율,4.6356802607827,%
서울,종로구,2026-06,지역별전월세전환율_아파트,전월세 전환율,4.7659015997014,%
서울,종로구,2026-07,지역별전월세전환율_아파트,전월세 전환율,4.8140266274431,%
서울,중구,2011-01,지역별전월세전환율_아파트,전월세 전환율,7.36730380153618,%
서울,중구,2011-02,지역별전월세전환율_아파트,전월세 전환율,7.36730380153618,%
서울,중구,2011-03,지역별전월세전환율_아파트,전월세 전환율,7.36730380153618,%
서울,중구,2011-04,지역별전월세전환율_아파트,전월세 전환율,7.36730380153618,%
서울,중구,2011-05,지역별전월세전환율_아파트,전월세 전환율,7.36730380153618,%
서울,중구,2011-06,지역별전월세전환율_아파트,전월세 전환율,7.36730380153618,%
서울,중구,2011-07,지역별전월세전환율_아파트,전월세 전환율,7.27272727272727,%
서울,중구,2011-08,지역별전월세전환율_아파트,전월세 전환율,7.2,%
서울,중구,2011-09,지역별전월세전환율_아파트,전월세 전환율,7.0206385605927,%
서울,중구,2011-10,지역별전월세전환율_아파트,전월세 전환율,7.05882352941177,%
서울,중구,2011-11,지역별전월세전환율_아파트,전월세 전환율,6.86191467647113,%
서울,중구,2011-12,지역별전월세전환율_아파트,전월세 전환율,6.91915392257593,%
서울,중구,2012-01,지역별전월세전환율_아파트,전월세 전환율,7.09090909090909,%
서울,중구,2012-02,지역별전월세전환율_아파트,전월세 전환율,7.20225366220108,%
서울,중구,2012-03,지역별전월세전환율_아파트,전월세 전환율,7.2,%
서울,중구,2012-04,지역별전월세전환율_아파트,전월세 전환율,7.13029868738371,%
서울,중구,2012-05,지역별전월세전환율_아파트,전월세 전환율,7.11302211302211,%
서울,중구,2012-06,지역별전월세전환율_아파트,전월세 전환율,7.05882352941177,%
서울,중구,2012-07,지역별전월세전환율_아파트,전월세 전환율,6.93541207880169,%
서울,중구,2012-08,지역별전월세전환율_아파트,전월세 전환율,6.92599422743193,%
서울,중구,2012-09,지역별전월세전환율_아파트,전월세 전환율,6.91600869298369,%
서울,중구,2012-10,지역별전월세전환율_아파트,전월세 전환율,6.92696710288271,%
서울,중구,2012-11,지역별전월세전환율_아파트,전월세 전환율,6.92307692307692,%
서울,중구,2012-12,지역별전월세전환율_아파트,전월세 전환율,6.89026610405317,%
서울,중구,2013-01,지역별전월세전환율_아파트,전월세 전환율,6.7941428851445,%
서울,중구,2013-02,지역별전월세전환율_아파트,전월세 전환율,6.76323529411765,%
서울,중구,2013-03,지역별전월세전환율_아파트,전월세 전환율,6.735,%
서울,중구,2013-04,지역별전월세전환율_아파트,전월세 전환율,6.72,%
서울,중구,2013-05,지역별전월세전환율_아파트,전월세 전환율,6.57412846393441,%
서울,중구,2013-06,지역별전월세전환율_아파트,전월세 전환율,6.61125766301319,%
서울,중구,2013-07,지역별전월세전환율_아파트,전월세 전환율,6.5247155837066,%
서울,중구,2013-08,지역별전월세전환율_아파트,전월세 전환율,6.42857142857143,%
서울,중구,2013-09,지역별전월세전환율_아파트,전월세 전환율,6.31578947368421,%
서울,중구,2013-10,지역별전월세전환율_아파트,전월세 전환율,6.10321104547788,%
서울,중구,2013-11,지역별전월세전환율_아파트,전월세 전환율,6,%
서울,중구,2013-12,지역별전월세전환율_아파트,전월세 전환율,6,%
서울,중구,2014-01,지역별전월세전환율_아파트,전월세 전환율,5.99694165621079,%
서울,중구,2014-02,지역별전월세전환율_아파트,전월세 전환율,5.82015435770642,%
서울,중구,2014-03,지역별전월세전환율_아파트,전월세 전환율,5.71090238716796,%
서울,중구,2014-04,지역별전월세전환율_아파트,전월세 전환율,5.78174603174603,%
서울,중구,2014-05,지역별전월세전환율_아파트,전월세 전환율,5.76837032294779,%
서울,중구,2014-06,지역별전월세전환율_아파트,전월세 전환율,5.69337849406335,%
서울,중구,2014-07,지역별전월세전환율_아파트,전월세 전환율,5.78884136459447,%
서울,중구,2014-08,지역별전월세전환율_아파트,전월세 전환율,5.73720500550196,%
서울,중구,2014-09,지역별전월세전환율_아파트,전월세 전환율,5.625,%
서울,중구,2014-10,지역별전월세전환율_아파트,전월세 전환율,5.57641196013289,%
서울,중구,2014-11,지역별전월세전환율_아파트,전월세 전환율,5.48109378059127,%
서울,중구,2014-12,지역별전월세전환율_아파트,전월세 전환율,5.51675675675676,%
서울,중구,2015-01,지역별전월세전환율_아파트,전월세 전환율,5.45824396615408,%
서울,중구,2015-02,지역별전월세전환율_아파트,전월세 전환율,5.47368421052632,%
서울,중구,2015-03,지역별전월세전환율_아파트,전월세 전환율,5.42136155360897,%
서울,중구,2015-04,지역별전월세전환율_아파트,전월세 전환율,5.32704659140711,%
서울,중구,2015-05,지역별전월세전환율_아파트,전월세 전환율,5.24916987501241,%
서울,중구,2015-06,지역별전월세전환율_아파트,전월세 전환율,5.14285714285714,%
서울,중구,2015-07,지역별전월세전환율_아파트,전월세 전환율,5.1007232013993,%
서울,중구,2015-08,지역별전월세전환율_아파트,전월세 전환율,5,%
서울,중구,2015-09,지역별전월세전환율_아파트,전월세 전환율,4.95238095238095,%
서울,중구,2015-10,지역별전월세전환율_아파트,전월세 전환율,4.96551724137931,%
서울,중구,2015-11,지역별전월세전환율_아파트,전월세 전환율,4.80217119863546,%
서울,중구,2015-12,지역별전월세전환율_아파트,전월세 전환율,4.66620562186505,%
서울,중구,2016-01,지역별전월세전환율_아파트,전월세 전환율,4.58823529411765,%
서울,중구,2016-02,지역별전월세전환율_아파트,전월세 전환율,4.64141883519207,%
서울,중구,2016-03,지역별전월세전환율_아파트,전월세 전환율,4.58823529411765,%
서울,중구,2016-04,지역별전월세전환율_아파트,전월세 전환율,4.57518796992481,%
서울,중구,2016-05,지역별전월세전환율_아파트,전월세 전환율,4.69421064749674,%
서울,중구,2016-06,지역별전월세전환율_아파트,전월세 전환율,4.70429252782194,%
서울,중구,2016-07,지역별전월세전환율_아파트,전월세 전환율,4.63636363636364,%
서울,중구,2016-08,지역별전월세전환율_아파트,전월세 전환율,4.634844108885,%
서울,중구,2016-09,지역별전월세전환율_아파트,전월세 전환율,4.5,%
서울,중구,2016-10,지역별전월세전환율_아파트,전월세 전환율,4.4776287169023,%
서울,중구,2016-11,지역별전월세전환율_아파트,전월세 전환율,4.27397260273973,%
서울,중구,2016-12,지역별전월세전환율_아파트,전월세 전환율,4.23529411764706,%
서울,중구,2017-01,지역별전월세전환율_아파트,전월세 전환율,4.2703196347032,%
서울,중구,2017-02,지역별전월세전환율_아파트,전월세 전환율,4.28571428571429,%
서울,중구,2017-03,지역별전월세전환율_아파트,전월세 전환율,4.23529411764706,%
서울,중구,2017-04,지역별전월세전환율_아파트,전월세 전환율,4.17391304347826,%
서울,중구,2017-05,지역별전월세전환율_아파트,전월세 전환율,4.28571428571429,%
서울,중구,2017-06,지역별전월세전환율_아파트,전월세 전환율,4.28345578215318,%
서울,중구,2017-07,지역별전월세전환율_아파트,전월세 전환율,4.15872681549538,%
서울,중구,2017-08,지역별전월세전환율_아파트,전월세 전환율,4.1025641025641,%
서울,중구,2017-09,지역별전월세전환율_아파트,전월세 전환율,4.08073990896781,%
서울,중구,2017-10,지역별전월세전환율_아파트,전월세 전환율,4.09365929300793,%
서울,중구,2017-11,지역별전월세전환율_아파트,전월세 전환율,4.10129693913676,%
서울,중구,2017-12,지역별전월세전환율_아파트,전월세 전환율,4,%
서울,중구,2018-01,지역별전월세전환율_아파트,전월세 전환율,4,%
서울,중구,2018-02,지역별전월세전환율_아파트,전월세 전환율,4.08,%
서울,중구,2018-03,지역별전월세전환율_아파트,전월세 전환율,4.13793103448276,%
서울,중구,2018-04,지역별전월세전환율_아파트,전월세 전환율,4.12578893940063,%
서울,중구,2018-05,지역별전월세전환율_아파트,전월세 전환율,4.08255319148936,%
서울,중구,2018-06,지역별전월세전환율_아파트,전월세 전환율,4.11022420579948,%
서울,중구,2018-07,지역별전월세전환율_아파트,전월세 전환율,4.20205124532525,%
서울,중구,2018-08,지역별전월세전환율_아파트,전월세 전환율,4.25524633563634,%
서울,중구,2018-09,지역별전월세전환율_아파트,전월세 전환율,4.20526315789474,%
서울,중구,2018-10,지역별전월세전환율_아파트,전월세 전환율,4.2,%
서울,중구,2018-11,지역별전월세전환율_아파트,전월세 전환율,4.2,%
서울,중구,2018-12,지역별전월세전환율_아파트,전월세 전환율,4.2,%
서울,중구,2019-01,지역별전월세전환율_아파트,전월세 전환율,4.0689249189324,%
서울,중구,2019-02,지역별전월세전환율_아파트,전월세 전환율,4.12737191900482,%
서울,중구,2019-03,지역별전월세전환율_아파트,전월세 전환율,4.12974383800964,%
서울,중구,2019-04,지역별전월세전환율_아파트,전월세 전환율,4.10526315789474,%
서울,중구,2019-05,지역별전월세전환율_아파트,전월세 전환율,4.10642633652832,%
서울,중구,2019-06,지역별전월세전환율_아파트,전월세 전환율,4.08180782231432,%
서울,중구,2019-07,지역별전월세전환율_아파트,전월세 전환율,4.17391304347826,%
서울,중구,2019-08,지역별전월세전환율_아파트,전월세 전환율,4.06779661016949,%
서울,중구,2019-09,지역별전월세전환율_아파트,전월세 전환율,4,%
서울,중구,2019-10,지역별전월세전환율_아파트,전월세 전환율,4.05405405405405,%
서울,중구,2019-11,지역별전월세전환율_아파트,전월세 전환율,4,%
서울,중구,2019-12,지역별전월세전환율_아파트,전월세 전환율,4,%
서울,중구,2020-01,지역별전월세전환율_아파트,전월세 전환율,4.07547169811321,%
서울,중구,2020-02,지역별전월세전환율_아파트,전월세 전환율,4,%
서울,중구,2020-03,지역별전월세전환율_아파트,전월세 전환율,4.06147718434266,%
서울,중구,2020-04,지역별전월세전환율_아파트,전월세 전환율,4,%
서울,중구,2020-05,지역별전월세전환율_아파트,전월세 전환율,4.07547169811321,%
서울,중구,2020-06,지역별전월세전환율_아파트,전월세 전환율,4.07547169811321,%
서울,중구,2020-07,지역별전월세전환율_아파트,전월세 전환율,4.04348703848798,%
서울,중구,2020-08,지역별전월세전환율_아파트,전월세 전환율,4.05,%
서울,중구,2020-09,지역별전월세전환율_아파트,전월세 전환율,4.0763029996352,%
서울,중구,2020-10,지역별전월세전환율_아파트,전월세 전환율,4.07577490644637,%
서울,중구,2020-11,지역별전월세전환율_아파트,전월세 전환율,4.01056089147299,%
서울,중구,2020-12,지역별전월세전환율_아파트,전월세 전환율,4.14274124830329,%
서울,중구,2021-01,지역별전월세전환율_아파트,전월세 전환율,4.18879605236843,%
서울,중구,2021-02,지역별전월세전환율_아파트,전월세 전환율,4.21621621621622,%
서울,중구,2021-03,지역별전월세전환율_아파트,전월세 전환율,4.2,%
서울,중구,2021-04,지역별전월세전환율_아파트,전월세 전환율,4.16288737853818,%
서울,중구,2021-05,지역별전월세전환율_아파트,전월세 전환율,4.18155055415796,%
서울,중구,2021-06,지역별전월세전환율_아파트,전월세 전환율,4.10236177514224,%
서울,중구,2021-07,지역별전월세전환율_아파트,전월세 전환율,4.10093275848471,%
서울,중구,2021-08,지역별전월세전환율_아파트,전월세 전환율,4.03712110500034,%
서울,중구,2021-09,지역별전월세전환율_아파트,전월세 전환율,4.11428571428571,%
서울,중구,2021-10,지역별전월세전환율_아파트,전월세 전환율,4.08983926355076,%
서울,중구,2021-11,지역별전월세전환율_아파트,전월세 전환율,4.36363636363636,%
서울,중구,2021-12,지역별전월세전환율_아파트,전월세 전환율,4.36363636363637,%
서울,중구,2022-01,지역별전월세전환율_아파트,전월세 전환율,4.45475638051044,%
서울,중구,2022-02,지역별전월세전환율_아파트,전월세 전환율,4.44047244094488,%
서울,중구,2022-03,지역별전월세전환율_아파트,전월세 전환율,4.34042553191489,%
서울,중구,2022-04,지역별전월세전환율_아파트,전월세 전환율,4.34842402615372,%
서울,중구,2022-05,지역별전월세전환율_아파트,전월세 전환율,4.31299199354101,%
서울,중구,2022-06,지역별전월세전환율_아파트,전월세 전환율,4.3462868555211,%
서울,중구,2022-07,지역별전월세전환율_아파트,전월세 전환율,4.4120170212719,%
서울,중구,2022-08,지역별전월세전환율_아파트,전월세 전환율,4.51677559561606,%
서울,중구,2022-09,지역별전월세전환율_아파트,전월세 전환율,4.63546322643228,%
서울,중구,2022-10,지역별전월세전환율_아파트,전월세 전환율,4.7697931745136,%
서울,중구,2022-11,지역별전월세전환율_아파트,전월세 전환율,4.8,%
서울,중구,2022-12,지역별전월세전환율_아파트,전월세 전환율,4.75212627206258,%
서울,중구,2023-01,지역별전월세전환율_아파트,전월세 전환율,4.79779577995479,%
서울,중구,2023-02,지역별전월세전환율_아파트,전월세 전환율,4.83235459685753,%
서울,중구,2023-03,지역별전월세전환율_아파트,전월세 전환율,5.07042253521127,%
서울,중구,2023-04,지역별전월세전환율_아파트,전월세 전환율,5.0769540477546,%
서울,중구,2023-05,지역별전월세전환율_아파트,전월세 전환율,5.1006388308977,%
서울,중구,2023-06,지역별전월세전환율_아파트,전월세 전환율,5.10155880963628,%
서울,중구,2023-07,지역별전월세전환율_아파트,전월세 전환율,5.08112712371656,%
서울,중구,2023-08,지역별전월세전환율_아파트,전월세 전환율,5.1,%
서울,중구,2023-09,지역별전월세전환율_아파트,전월세 전환율,5.0814442593795,%
서울,중구,2023-10,지역별전월세전환율_아파트,전월세 전환율,5.07725858595755,%
서울,중구,2023-11,지역별전월세전환율_아파트,전월세 전환율,5,%
서울,중구,2023-12,지역별전월세전환율_아파트,전월세 전환율,4.89440855144019,%
서울,중구,2024-01,지역별전월세전환율_아파트,전월세 전환율,4.90770817963026,%
서울,중구,2024-02,지역별전월세전환율_아파트,전월세 전환율,4.8436196624237,%
서울,중구,2024-03,지역별전월세전환율_아파트,전월세 전환율,4.84997005169487,%
서울,중구,2024-04,지역별전월세전환율_아파트,전월세 전환율,4.99588869173843,%
서울,중구,2024-05,지역별전월세전환율_아파트,전월세 전환율,5.07327704498819,%
서울,중구,2024-06,지역별전월세전환율_아파트,전월세 전환율,4.956826366592741,%
서울,중구,2024-07,지역별전월세전환율_아파트,전월세 전환율,4.97400138240135,%
서울,중구,2024-08,지역별전월세전환율_아파트,전월세 전환율,4.98537476879995,%
서울,중구,2024-09,지역별전월세전환율_아파트,전월세 전환율,4.8505592493135,%
서울,중구,2024-10,지역별전월세전환율_아파트,전월세 전환율,4.8582995951417,%
서울,중구,2024-11,지역별전월세전환율_아파트,전월세 전환율,4.8251718982759,%
서울,중구,2024-12,지역별전월세전환율_아파트,전월세 전환율,5,%
서울,중구,2025-01,지역별전월세전환율_아파트,전월세 전환율,5.0491951379764,%
서울,중구,2025-02,지역별전월세전환율_아파트,전월세 전환율,4.9684729064039,%
서울,중구,2025-03,지역별전월세전환율_아파트,전월세 전환율,5.0181818181818,%
서울,중구,2025-04,지역별전월세전환율_아파트,전월세 전환율,4.9822784810127,%
서울,중구,2025-05,지역별전월세전환율_아파트,전월세 전환율,5.0508370580876,%
서울,중구,2025-06,지역별전월세전환율_아파트,전월세 전환율,5.0261780104712,%
서울,중구,2025-07,지역별전월세전환율_아파트,전월세 전환율,5.0361290322581,%
서울,중구,2025-08,지역별전월세전환율_아파트,전월세 전환율,5.0526315789474,%
서울,중구,2025-09,지역별전월세전환율_아파트,전월세 전환율,5.055596783431,%
서울,중구,2025-10,지역별전월세전환율_아파트,전월세 전환율,5.159657990757,%
서울,중구,2025-11,지역별전월세전환율_아파트,전월세 전환율,5.1724969759567,%
서울,중구,2025-12,지역별전월세전환율_아파트,전월세 전환율,5.1967143008045,%
서울,중구,2026-01,지역별전월세전환율_아파트,전월세 전환율,5.206779661017,%
서울,중구,2026-02,지역별전월세전환율_아파트,전월세 전환율,5.2173913043478,%
서울,중구,2026-03,지역별전월세전환율_아파트,전월세 전환율,5.1583029119287,%
서울,중구,2026-04,지역별전월세전환율_아파트,전월세 전환율,5.1718819003201,%
서울,중구,2026-05,지역별전월세전환율_아파트,전월세 전환율,5.25113914992,%
서울,중구,2026-06,지역별전월세전환율_아파트,전월세 전환율,5.2631578947368,%
서울,중구,2026-07,지역별전월세전환율_아파트,전월세 전환율,5.243168559241,%
서울,중랑구,2011-01,지역별전월세전환율_아파트,전월세 전환율,7.70551537471713,%
서울,중랑구,2011-02,지역별전월세전환율_아파트,전월세 전환율,7.70551537471713,%
서울,중랑구,2011-03,지역별전월세전환율_아파트,전월세 전환율,7.70551537471713,%
서울,중랑구,2011-04,지역별전월세전환율_아파트,전월세 전환율,7.70551537471713,%
서울,중랑구,2011-05,지역별전월세전환율_아파트,전월세 전환율,7.70551537471713,%
서울,중랑구,2011-06,지역별전월세전환율_아파트,전월세 전환율,7.70551537471713,%
서울,중랑구,2011-07,지역별전월세전환율_아파트,전월세 전환율,7.69481028828798,%
서울,중랑구,2011-08,지역별전월세전환율_아파트,전월세 전환율,7.58947368421053,%
서울,중랑구,2011-09,지역별전월세전환율_아파트,전월세 전환율,7.63636363636364,%
서울,중랑구,2011-10,지역별전월세전환율_아파트,전월세 전환율,7.63636363636363,%
서울,중랑구,2011-11,지역별전월세전환율_아파트,전월세 전환율,7.59281497299335,%
서울,중랑구,2011-12,지역별전월세전환율_아파트,전월세 전환율,7.53016287954957,%
서울,중랑구,2012-01,지역별전월세전환율_아파트,전월세 전환율,7.50565184626978,%
서울,중랑구,2012-02,지역별전월세전환율_아파트,전월세 전환율,7.4395783661689,%
서울,중랑구,2012-03,지역별전월세전환율_아파트,전월세 전환율,7.34947025108762,%
서울,중랑구,2012-04,지역별전월세전환율_아파트,전월세 전환율,7.2,%
서울,중랑구,2012-05,지역별전월세전환율_아파트,전월세 전환율,7.2,%
서울,중랑구,2012-06,지역별전월세전환율_아파트,전월세 전환율,7.19479580773401,%
서울,중랑구,2012-07,지역별전월세전환율_아파트,전월세 전환율,7.19479580773401,%
서울,중랑구,2012-08,지역별전월세전환율_아파트,전월세 전환율,7.16865261228231,%
서울,중랑구,2012-09,지역별전월세전환율_아파트,전월세 전환율,7.2,%
서울,중랑구,2012-10,지역별전월세전환율_아파트,전월세 전환율,7.04605128064724,%
서울,중랑구,2012-11,지역별전월세전환율_아파트,전월세 전환율,7.2,%
서울,중랑구,2012-12,지역별전월세전환율_아파트,전월세 전환율,7.0944852811396,%
서울,중랑구,2013-01,지역별전월세전환율_아파트,전월세 전환율,7.14764776146184,%
서울,중랑구,2013-02,지역별전월세전환율_아파트,전월세 전환율,7.1411136947084,%
서울,중랑구,2013-03,지역별전월세전환율_아파트,전월세 전환율,7.2,%
서울,중랑구,2013-04,지역별전월세전환율_아파트,전월세 전환율,7.20771141955129,%
서울,중랑구,2013-05,지역별전월세전환율_아파트,전월세 전환율,7.21242698878892,%
서울,중랑구,2013-06,지역별전월세전환율_아파트,전월세 전환율,7.33333333333333,%
서울,중랑구,2013-07,지역별전월세전환율_아파트,전월세 전환율,7.19479580773401,%
서울,중랑구,2013-08,지역별전월세전환율_아파트,전월세 전환율,7.0831944960601,%
서울,중랑구,2013-09,지역별전월세전환율_아파트,전월세 전환율,6.93983633996652,%
서울,중랑구,2013-10,지역별전월세전환율_아파트,전월세 전환율,6.67054976335349,%
서울,중랑구,2013-11,지역별전월세전환율_아파트,전월세 전환율,6.70254110612855,%
서울,중랑구,2013-12,지역별전월세전환율_아파트,전월세 전환율,6.54545454545455,%
서울,중랑구,2014-01,지역별전월세전환율_아파트,전월세 전환율,6.6769845108325,%
서울,중랑구,2014-02,지역별전월세전환율_아파트,전월세 전환율,6.69659235396975,%
서울,중랑구,2014-03,지역별전월세전환율_아파트,전월세 전환율,6.66336507936508,%
서울,중랑구,2014-04,지역별전월세전환율_아파트,전월세 전환율,6.68730235499832,%
서울,중랑구,2014-05,지역별전월세전환율_아파트,전월세 전환율,6.69473684210528,%
서울,중랑구,2014-06,지역별전월세전환율_아파트,전월세 전환율,6.66666666666667,%
서울,중랑구,2014-07,지역별전월세전환율_아파트,전월세 전환율,6.46430819533956,%
서울,중랑구,2014-08,지역별전월세전환율_아파트,전월세 전환율,6.46430819533956,%
서울,중랑구,2014-09,지역별전월세전환율_아파트,전월세 전환율,6.46430819533956,%
서울,중랑구,2014-10,지역별전월세전환율_아파트,전월세 전환율,6.46430819533956,%
서울,중랑구,2014-11,지역별전월세전환율_아파트,전월세 전환율,6.46430819533956,%
서울,중랑구,2014-12,지역별전월세전환율_아파트,전월세 전환율,6.46430819533956,%
서울,중랑구,2015-01,지역별전월세전환율_아파트,전월세 전환율,6.11191566939173,%
서울,중랑구,2015-02,지역별전월세전환율_아파트,전월세 전환율,6,%
서울,중랑구,2015-03,지역별전월세전환율_아파트,전월세 전환율,5.8808948429415,%
서울,중랑구,2015-04,지역별전월세전환율_아파트,전월세 전환율,5.86666666666667,%
서울,중랑구,2015-05,지역별전월세전환율_아파트,전월세 전환율,5.81818181818182,%
서울,중랑구,2015-06,지역별전월세전환율_아파트,전월세 전환율,5.77777777777778,%
서울,중랑구,2015-07,지역별전월세전환율_아파트,전월세 전환율,5.64705882352941,%
서울,중랑구,2015-08,지역별전월세전환율_아파트,전월세 전환율,5.57764236184072,%
서울,중랑구,2015-09,지역별전월세전환율_아파트,전월세 전환율,5.45454545454546,%
서울,중랑구,2015-10,지역별전월세전환율_아파트,전월세 전환율,5.32453277923771,%
서울,중랑구,2015-11,지역별전월세전환율_아파트,전월세 전환율,5.33710976493438,%
서울,중랑구,2015-12,지역별전월세전환율_아파트,전월세 전환율,5.14285714285714,%
서울,중랑구,2016-01,지역별전월세전환율_아파트,전월세 전환율,5.00337672401992,%
서울,중랑구,2016-02,지역별전월세전환율_아파트,전월세 전환율,5.05263157894737,%
서울,중랑구,2016-03,지역별전월세전환율_아파트,전월세 전환율,4.8561563794752,%
서울,중랑구,2016-04,지역별전월세전환율_아파트,전월세 전환율,4.8,%
서울,중랑구,2016-05,지역별전월세전환율_아파트,전월세 전환율,4.95759608207025,%
서울,중랑구,2016-06,지역별전월세전환율_아파트,전월세 전환율,4.88194444444444,%
서울,중랑구,2016-07,지역별전월세전환율_아파트,전월세 전환율,5.01590935103583,%
서울,중랑구,2016-08,지역별전월세전환율_아파트,전월세 전환율,5,%
서울,중랑구,2016-09,지역별전월세전환율_아파트,전월세 전환율,4.93496841322928,%
서울,중랑구,2016-10,지역별전월세전환율_아파트,전월세 전환율,4.83951950330679,%
서울,중랑구,2016-11,지역별전월세전환율_아파트,전월세 전환율,4.8,%
서울,중랑구,2016-12,지역별전월세전환율_아파트,전월세 전환율,4.71803289934682,%
서울,중랑구,2017-01,지역별전월세전환율_아파트,전월세 전환율,4.71428571428571,%
서울,중랑구,2017-02,지역별전월세전환율_아파트,전월세 전환율,4.65591397849462,%
서울,중랑구,2017-03,지역별전월세전환율_아파트,전월세 전환율,4.65591397849462,%
서울,중랑구,2017-04,지역별전월세전환율_아파트,전월세 전환율,4.750049980008,%
서울,중랑구,2017-05,지역별전월세전환율_아파트,전월세 전환율,4.62389491590837,%
서울,중랑구,2017-06,지역별전월세전환율_아파트,전월세 전환율,4.58696667648034,%
서울,중랑구,2017-07,지역별전월세전환율_아파트,전월세 전환율,4.64516129032258,%
서울,중랑구,2017-08,지역별전월세전환율_아파트,전월세 전환율,4.61538461538461,%
서울,중랑구,2017-09,지역별전월세전환율_아파트,전월세 전환율,4.5,%
서울,중랑구,2017-10,지역별전월세전환율_아파트,전월세 전환율,4.5,%
서울,중랑구,2017-11,지역별전월세전환율_아파트,전월세 전환율,4.46511627906977,%
서울,중랑구,2017-12,지역별전월세전환율_아파트,전월세 전환율,4.44444444444444,%
서울,중랑구,2018-01,지역별전월세전환율_아파트,전월세 전환율,4.28571428571429,%
서울,중랑구,2018-02,지역별전월세전환율_아파트,전월세 전환율,4.36363636363636,%
서울,중랑구,2018-03,지역별전월세전환율_아파트,전월세 전환율,4.44705882352941,%
서울,중랑구,2018-04,지역별전월세전환율_아파트,전월세 전환율,4.44444444444444,%
서울,중랑구,2018-05,지역별전월세전환율_아파트,전월세 전환율,4.55991759185075,%
서울,중랑구,2018-06,지역별전월세전환율_아파트,전월세 전환율,4.58823529411765,%
서울,중랑구,2018-07,지역별전월세전환율_아파트,전월세 전환율,4.5,%
서울,중랑구,2018-08,지역별전월세전환율_아파트,전월세 전환율,4.46100989068194,%
서울,중랑구,2018-09,지역별전월세전환율_아파트,전월세 전환율,4.28571428571429,%
서울,중랑구,2018-10,지역별전월세전환율_아파트,전월세 전환율,4.28571428571429,%
서울,중랑구,2018-11,지역별전월세전환율_아파트,전월세 전환율,4.31949482317835,%
서울,중랑구,2018-12,지역별전월세전환율_아파트,전월세 전환율,4.28571428571429,%
서울,중랑구,2019-01,지역별전월세전환율_아파트,전월세 전환율,4.36363636363636,%
서울,중랑구,2019-02,지역별전월세전환율_아파트,전월세 전환율,4.28143026486901,%
서울,중랑구,2019-03,지역별전월세전환율_아파트,전월세 전환율,4.43076923076923,%
서울,중랑구,2019-04,지역별전월세전환율_아파트,전월세 전환율,4.48855486137712,%
서울,중랑구,2019-05,지역별전월세전환율_아파트,전월세 전환율,4.4,%
서울,중랑구,2019-06,지역별전월세전환율_아파트,전월세 전환율,4.36363636363636,%
서울,중랑구,2019-07,지역별전월세전환율_아파트,전월세 전환율,4.36041067761807,%
서울,중랑구,2019-08,지역별전월세전환율_아파트,전월세 전환율,4.2870978155601,%
서울,중랑구,2019-09,지역별전월세전환율_아파트,전월세 전환율,4.34210526315789,%
서울,중랑구,2019-10,지역별전월세전환율_아파트,전월세 전환율,4.28848223896663,%
서울,중랑구,2019-11,지역별전월세전환율_아파트,전월세 전환율,4.35845106623919,%
서울,중랑구,2019-12,지역별전월세전환율_아파트,전월세 전환율,4.28571428571429,%
서울,중랑구,2020-01,지역별전월세전환율_아파트,전월세 전환율,4.22010810810811,%
서울,중랑구,2020-02,지역별전월세전환율_아파트,전월세 전환율,4.33333333333333,%
서울,중랑구,2020-03,지역별전월세전환율_아파트,전월세 전환율,4.37700160209536,%
서울,중랑구,2020-04,지역별전월세전환율_아파트,전월세 전환율,4.3502602591967,%
서울,중랑구,2020-05,지역별전월세전환율_아파트,전월세 전환율,4.36363636363637,%
서울,중랑구,2020-06,지역별전월세전환율_아파트,전월세 전환율,4.38681660585188,%
서울,중랑구,2020-07,지역별전월세전환율_아파트,전월세 전환율,4.31750701737227,%
서울,중랑구,2020-08,지역별전월세전환율_아파트,전월세 전환율,4.27619047619048,%
서울,중랑구,2020-09,지역별전월세전환율_아파트,전월세 전환율,4.24183137910052,%
서울,중랑구,2020-10,지역별전월세전환율_아파트,전월세 전환율,4.28571428571429,%
서울,중랑구,2020-11,지역별전월세전환율_아파트,전월세 전환율,4.25920977285742,%
서울,중랑구,2020-12,지역별전월세전환율_아파트,전월세 전환율,4.29281718465957,%
서울,중랑구,2021-01,지역별전월세전환율_아파트,전월세 전환율,4.32,%
서울,중랑구,2021-02,지역별전월세전환율_아파트,전월세 전환율,4.24466298872631,%
서울,중랑구,2021-03,지역별전월세전환율_아파트,전월세 전환율,4.16095890410959,%
서울,중랑구,2021-04,지역별전월세전환율_아파트,전월세 전환율,4.11687102281546,%
서울,중랑구,2021-05,지역별전월세전환율_아파트,전월세 전환율,4.14355006877701,%
서울,중랑구,2021-06,지역별전월세전환율_아파트,전월세 전환율,4.125,%
서울,중랑구,2021-07,지역별전월세전환율_아파트,전월세 전환율,4.02212000130327,%
서울,중랑구,2021-08,지역별전월세전환율_아파트,전월세 전환율,3.95604395604396,%
서울,중랑구,2021-09,지역별전월세전환율_아파트,전월세 전환율,3.78947368421053,%
서울,중랑구,2021-10,지역별전월세전환율_아파트,전월세 전환율,3.75652173913043,%
서울,중랑구,2021-11,지역별전월세전환율_아파트,전월세 전환율,4,%
서울,중랑구,2021-12,지역별전월세전환율_아파트,전월세 전환율,3.9344262295082,%
서울,중랑구,2022-01,지역별전월세전환율_아파트,전월세 전환율,3.97271691078717,%
서울,중랑구,2022-02,지역별전월세전환율_아파트,전월세 전환율,4.00280898876404,%
서울,중랑구,2022-03,지역별전월세전환율_아파트,전월세 전환율,4.32432432432432,%
서울,중랑구,2022-04,지역별전월세전환율_아파트,전월세 전환율,4.2,%
서울,중랑구,2022-05,지역별전월세전환율_아파트,전월세 전환율,4.20596849626719,%
서울,중랑구,2022-06,지역별전월세전환율_아파트,전월세 전환율,4.28590425531915,%
서울,중랑구,2022-07,지역별전월세전환율_아파트,전월세 전환율,4.33333333333333,%
서울,중랑구,2022-08,지역별전월세전환율_아파트,전월세 전환율,4.52830188679245,%
서울,중랑구,2022-09,지역별전월세전환율_아파트,전월세 전환율,4.20063135741845,%
서울,중랑구,2022-10,지역별전월세전환율_아파트,전월세 전환율,4.19655240737071,%
서울,중랑구,2022-11,지역별전월세전환율_아파트,전월세 전환율,4.25920977285742,%
서울,중랑구,2022-12,지역별전월세전환율_아파트,전월세 전환율,4.46302131538476,%
서울,중랑구,2023-01,지역별전월세전환율_아파트,전월세 전환율,4.56793017381508,%
서울,중랑구,2023-02,지역별전월세전환율_아파트,전월세 전환율,4.57142857142857,%
서울,중랑구,2023-03,지역별전월세전환율_아파트,전월세 전환율,4.69970322377329,%
서울,중랑구,2023-04,지역별전월세전환율_아파트,전월세 전환율,4.60683843425549,%
서울,중랑구,2023-05,지역별전월세전환율_아파트,전월세 전환율,4.5,%
서울,중랑구,2023-06,지역별전월세전환율_아파트,전월세 전환율,4.65953520880657,%
서울,중랑구,2023-07,지역별전월세전환율_아파트,전월세 전환율,4.69156021247766,%
서울,중랑구,2023-08,지역별전월세전환율_아파트,전월세 전환율,4.72288230935982,%
서울,중랑구,2023-09,지역별전월세전환율_아파트,전월세 전환율,4.73684210526316,%
서울,중랑구,2023-10,지역별전월세전환율_아파트,전월세 전환율,4.64339763766075,%
서울,중랑구,2023-11,지역별전월세전환율_아파트,전월세 전환율,4.63317438700011,%
서울,중랑구,2023-12,지역별전월세전환율_아파트,전월세 전환율,4.71578947368421,%
서울,중랑구,2024-01,지역별전월세전환율_아파트,전월세 전환율,4.66666666666667,%
서울,중랑구,2024-02,지역별전월세전환율_아파트,전월세 전환율,4.59574468085106,%
서울,중랑구,2024-03,지역별전월세전환율_아파트,전월세 전환율,4.56768267523124,%
서울,중랑구,2024-04,지역별전월세전환율_아파트,전월세 전환율,4.61620764810779,%
서울,중랑구,2024-05,지역별전월세전환율_아파트,전월세 전환율,4.61538461538462,%
서울,중랑구,2024-06,지역별전월세전환율_아파트,전월세 전환율,4.615384615384617,%
서울,중랑구,2024-07,지역별전월세전환율_아파트,전월세 전환율,4.66666666666667,%
서울,중랑구,2024-08,지역별전월세전환율_아파트,전월세 전환율,4.83468580990182,%
서울,중랑구,2024-09,지역별전월세전환율_아파트,전월세 전환율,4.6499532855808,%
서울,중랑구,2024-10,지역별전월세전환율_아파트,전월세 전환율,4.4760959420165,%
서울,중랑구,2024-11,지역별전월세전환율_아파트,전월세 전환율,4.5475836457674,%
서울,중랑구,2024-12,지역별전월세전환율_아파트,전월세 전환율,4.4879059491056,%
서울,중랑구,2025-01,지역별전월세전환율_아파트,전월세 전환율,4.5,%
서울,중랑구,2025-02,지역별전월세전환율_아파트,전월세 전환율,4.44,%
서울,중랑구,2025-03,지역별전월세전환율_아파트,전월세 전환율,4.4627954962841,%
서울,중랑구,2025-04,지역별전월세전환율_아파트,전월세 전환율,4.346127821543,%
서울,중랑구,2025-05,지역별전월세전환율_아파트,전월세 전환율,4.2881000752631,%
서울,중랑구,2025-06,지역별전월세전환율_아파트,전월세 전환율,4.3493498486812,%
서울,중랑구,2025-07,지역별전월세전환율_아파트,전월세 전환율,4.2857142857143,%
서울,중랑구,2025-08,지역별전월세전환율_아파트,전월세 전환율,4.3286573146293,%
서울,중랑구,2025-09,지역별전월세전환율_아파트,전월세 전환율,4.299902028492,%
서울,중랑구,2025-10,지역별전월세전환율_아파트,전월세 전환율,4.271186440678,%
서울,중랑구,2025-11,지역별전월세전환율_아파트,전월세 전환율,4.2857142857143,%
서울,중랑구,2025-12,지역별전월세전환율_아파트,전월세 전환율,4.3624633431085,%
서울,중랑구,2026-01,지역별전월세전환율_아파트,전월세 전환율,4.5,%
서울,중랑구,2026-02,지역별전월세전환율_아파트,전월세 전환율,4.6153846153846,%
서울,중랑구,2026-03,지역별전월세전환율_아파트,전월세 전환율,4.4651162790698,%
서울,중랑구,2026-04,지역별전월세전환율_아파트,전월세 전환율,4.6173658785902,%
서울,중랑구,2026-05,지역별전월세전환율_아파트,전월세 전환율,4.4909339637066,%
서울,중랑구,2026-06,지역별전월세전환율_아파트,전월세 전환율,4.4377358490566,%
서울,중랑구,2026-07,지역별전월세전환율_아파트,전월세 전환율,4.4438629180175,%
세종,,2012-07,지역별전월세전환율_아파트,전월세 전환율,8.08606191816411,%
세종,,2012-08,지역별전월세전환율_아파트,전월세 전환율,7.69484349009527,%
세종,,2012-09,지역별전월세전환율_아파트,전월세 전환율,7.99187077702703,%
세종,,2012-10,지역별전월세전환율_아파트,전월세 전환율,8,%
세종,,2012-11,지역별전월세전환율_아파트,전월세 전환율,7.99187077702703,%
세종,,2012-12,지역별전월세전환율_아파트,전월세 전환율,8,%
세종,,2013-01,지역별전월세전환율_아파트,전월세 전환율,8,%
세종,,2013-02,지역별전월세전환율_아파트,전월세 전환율,8,%
세종,,2013-03,지역별전월세전환율_아파트,전월세 전환율,7.84615384615385,%
세종,,2013-04,지역별전월세전환율_아파트,전월세 전환율,7.57390843086597,%
세종,,2013-05,지역별전월세전환율_아파트,전월세 전환율,7.2,%
세종,,2013-06,지역별전월세전환율_아파트,전월세 전환율,7,%
세종,,2013-07,지역별전월세전환율_아파트,전월세 전환율,7.2,%
세종,,2013-08,지역별전월세전환율_아파트,전월세 전환율,7.11111111111111,%
세종,,2013-09,지역별전월세전환율_아파트,전월세 전환율,7.01219512195122,%
세종,,2013-10,지역별전월세전환율_아파트,전월세 전환율,7.2,%
세종,,2013-11,지역별전월세전환율_아파트,전월세 전환율,7,%
세종,,2013-12,지역별전월세전환율_아파트,전월세 전환율,6.75,%
세종,,2014-01,지역별전월세전환율_아파트,전월세 전환율,6.41624086561694,%
세종,,2014-02,지역별전월세전환율_아파트,전월세 전환율,6,%
세종,,2014-03,지역별전월세전환율_아파트,전월세 전환율,6,%
세종,,2014-04,지역별전월세전환율_아파트,전월세 전환율,6,%
세종,,2014-05,지역별전월세전환율_아파트,전월세 전환율,6.07983500188521,%
세종,,2014-06,지역별전월세전환율_아파트,전월세 전환율,6.46153846153846,%
세종,,2014-07,지역별전월세전환율_아파트,전월세 전환율,6.43940944260814,%
세종,,2014-08,지역별전월세전환율_아파트,전월세 전환율,6.37805961551604,%
세종,,2014-09,지역별전월세전환율_아파트,전월세 전환율,6.35294117647059,%
세종,,2014-10,지역별전월세전환율_아파트,전월세 전환율,6.32514934681284,%
세종,,2014-11,지역별전월세전환율_아파트,전월세 전환율,6.24285854191415,%
세종,,2014-12,지역별전월세전환율_아파트,전월세 전환율,6.29670266772871,%
세종,,2015-01,지역별전월세전환율_아파트,전월세 전환율,6.07594936708861,%
세종,,2015-02,지역별전월세전환율_아파트,전월세 전환율,6.19328149786024,%
세종,,2015-03,지역별전월세전환율_아파트,전월세 전환율,6,%
세종,,2015-04,지역별전월세전환율_아파트,전월세 전환율,6,%
세종,,2015-05,지역별전월세전환율_아파트,전월세 전환율,5.83687027449254,%
세종,,2015-06,지역별전월세전환율_아파트,전월세 전환율,5.34540554180904,%
세종,,2015-07,지역별전월세전환율_아파트,전월세 전환율,5.33333333333333,%
세종,,2015-08,지역별전월세전환율_아파트,전월세 전환율,5.2461440011956,%
세종,,2015-09,지역별전월세전환율_아파트,전월세 전환율,5.113770640812,%
세종,,2015-10,지역별전월세전환율_아파트,전월세 전환율,5.05263157894737,%
세종,,2015-11,지역별전월세전환율_아파트,전월세 전환율,5,%
세종,,2015-12,지역별전월세전환율_아파트,전월세 전환율,4.90909090909091,%
세종,,2016-01,지역별전월세전환율_아파트,전월세 전환율,4.80019832773658,%
세종,,2016-02,지역별전월세전환율_아파트,전월세 전환율,4.8,%
세종,,2016-03,지역별전월세전환율_아파트,전월세 전환율,4.90909090909091,%
세종,,2016-04,지역별전월세전환율_아파트,전월세 전환율,5,%
세종,,2016-05,지역별전월세전환율_아파트,전월세 전환율,5.99779791246542,%
세종,,2016-06,지역별전월세전환율_아파트,전월세 전환율,5.81818181818182,%
세종,,2016-07,지역별전월세전환율_아파트,전월세 전환율,5.33333333333333,%
세종,,2016-08,지역별전월세전환율_아파트,전월세 전환율,5.6,%
세종,,2016-09,지역별전월세전환율_아파트,전월세 전환율,5,%
세종,,2016-10,지역별전월세전환율_아파트,전월세 전환율,4.71428571428572,%
세종,,2016-11,지역별전월세전환율_아파트,전월세 전환율,4.11862327729273,%
세종,,2016-12,지역별전월세전환율_아파트,전월세 전환율,4.125,%
세종,,2017-01,지역별전월세전환율_아파트,전월세 전환율,4.11428571428571,%
세종,,2017-02,지역별전월세전환율_아파트,전월세 전환율,4.17391304347826,%
세종,,2017-03,지역별전월세전환율_아파트,전월세 전환율,4.2,%
세종,,2017-04,지역별전월세전환율_아파트,전월세 전환율,4.20792484035792,%
세종,,2017-05,지역별전월세전환율_아파트,전월세 전환율,4.28571428571429,%
세종,,2017-06,지역별전월세전환율_아파트,전월세 전환율,4.42622950819672,%
세종,,2017-07,지역별전월세전환율_아파트,전월세 전환율,4.71428571428571,%
세종,,2017-08,지역별전월세전환율_아파트,전월세 전환율,4.79386045180105,%
세종,,2017-09,지역별전월세전환율_아파트,전월세 전환율,4.77803380821085,%
세종,,2017-10,지역별전월세전환율_아파트,전월세 전환율,4.66559123301593,%
세종,,2017-11,지역별전월세전환율_아파트,전월세 전환율,4.61570044498343,%
세종,,2017-12,지역별전월세전환율_아파트,전월세 전환율,4.61851972611673,%
세종,,2018-01,지역별전월세전환율_아파트,전월세 전환율,4.61789598508282,%
세종,,2018-02,지역별전월세전환율_아파트,전월세 전환율,4.66161401008922,%
세종,,2018-03,지역별전월세전환율_아파트,전월세 전환율,4.7166641440896,%
세종,,2018-04,지역별전월세전환율_아파트,전월세 전환율,4.8,%
세종,,2018-05,지역별전월세전환율_아파트,전월세 전환율,4.78678568449153,%
세종,,2018-06,지역별전월세전환율_아파트,전월세 전환율,4.8,%
세종,,2018-07,지역별전월세전환율_아파트,전월세 전환율,4.90909090909091,%
세종,,2018-08,지역별전월세전환율_아파트,전월세 전환율,5.0284973828052,%
세종,,2018-09,지역별전월세전환율_아파트,전월세 전환율,5.14285714285714,%
세종,,2018-10,지역별전월세전환율_아파트,전월세 전환율,5.07771252406565,%
세종,,2018-11,지역별전월세전환율_아파트,전월세 전환율,5,%
세종,,2018-12,지역별전월세전환율_아파트,전월세 전환율,4.97640137462064,%
세종,,2019-01,지역별전월세전환율_아파트,전월세 전환율,4.90909090909091,%
세종,,2019-02,지역별전월세전환율_아파트,전월세 전환율,4.8,%
세종,,2019-03,지역별전월세전환율_아파트,전월세 전환율,4.70558503339127,%
세종,,2019-04,지역별전월세전환율_아파트,전월세 전환율,4.6615389517559,%
세종,,2019-05,지역별전월세전환율_아파트,전월세 전환율,4.71035137701805,%
세종,,2019-06,지역별전월세전환율_아파트,전월세 전환율,4.79986677295208,%
세종,,2019-07,지역별전월세전환율_아파트,전월세 전환율,4.8,%
세종,,2019-08,지역별전월세전환율_아파트,전월세 전환율,4.89795918367347,%
세종,,2019-09,지역별전월세전환율_아파트,전월세 전환율,4.84540744625066,%
세종,,2019-10,지역별전월세전환율_아파트,전월세 전환율,4.82786395432336,%
세종,,2019-11,지역별전월세전환율_아파트,전월세 전환율,4.8,%
세종,,2019-12,지역별전월세전환율_아파트,전월세 전환율,4.61538461538462,%
세종,,2020-01,지역별전월세전환율_아파트,전월세 전환율,4.63867584235088,%
세종,,2020-02,지역별전월세전환율_아파트,전월세 전환율,4.5006022339412,%
세종,,2020-03,지역별전월세전환율_아파트,전월세 전환율,4.5,%
세종,,2020-04,지역별전월세전환율_아파트,전월세 전환율,4.45091177407622,%
세종,,2020-05,지역별전월세전환율_아파트,전월세 전환율,4.44444444444444,%
세종,,2020-06,지역별전월세전환율_아파트,전월세 전환율,4.5,%
세종,,2020-07,지역별전월세전환율_아파트,전월세 전환율,4.57093350544051,%
세종,,2020-08,지역별전월세전환율_아파트,전월세 전환율,4.61592361232671,%
세종,,2020-09,지역별전월세전환율_아파트,전월세 전환율,4.51428520828998,%
세종,,2020-10,지역별전월세전환율_아파트,전월세 전환율,4.56854741977485,%
세종,,2020-11,지역별전월세전환율_아파트,전월세 전환율,4.46444731983358,%
세종,,2020-12,지역별전월세전환율_아파트,전월세 전환율,4.49644274251503,%
세종,,2021-01,지역별전월세전환율_아파트,전월세 전환율,4.36430655257574,%
세종,,2021-02,지역별전월세전환율_아파트,전월세 전환율,4.27758885362197,%
세종,,2021-03,지역별전월세전환율_아파트,전월세 전환율,4.17391304347826,%
세종,,2021-04,지역별전월세전환율_아파트,전월세 전환율,4.07142857142857,%
세종,,2021-05,지역별전월세전환율_아파트,전월세 전환율,4,%
세종,,2021-06,지역별전월세전환율_아파트,전월세 전환율,4,%
세종,,2021-07,지역별전월세전환율_아파트,전월세 전환율,4.05184731723665,%
세종,,2021-08,지역별전월세전환율_아파트,전월세 전환율,4.06978772440739,%
세종,,2021-09,지역별전월세전환율_아파트,전월세 전환율,4.09756097560976,%
세종,,2021-10,지역별전월세전환율_아파트,전월세 전환율,4.13793103448276,%
세종,,2021-11,지역별전월세전환율_아파트,전월세 전환율,4.13793103448276,%
세종,,2021-12,지역별전월세전환율_아파트,전월세 전환율,4.24277143932256,%
세종,,2022-01,지역별전월세전환율_아파트,전월세 전환율,4.43478260869565,%
세종,,2022-02,지역별전월세전환율_아파트,전월세 전환율,4.64233143689435,%
세종,,2022-03,지역별전월세전환율_아파트,전월세 전환율,4.8,%
세종,,2022-04,지역별전월세전환율_아파트,전월세 전환율,4.86099175880997,%
세종,,2022-05,지역별전월세전환율_아파트,전월세 전환율,4.94117647058823,%
세종,,2022-06,지역별전월세전환율_아파트,전월세 전환율,4.91132332878581,%
세종,,2022-07,지역별전월세전환율_아파트,전월세 전환율,4.92354976758848,%
세종,,2022-08,지역별전월세전환율_아파트,전월세 전환율,4.92307692307692,%
세종,,2022-09,지역별전월세전환율_아파트,전월세 전환율,4.88888888888889,%
세종,,2022-10,지역별전월세전환율_아파트,전월세 전환율,4.92307692307692,%
세종,,2022-11,지역별전월세전환율_아파트,전월세 전환율,4.94117647058823,%
세종,,2022-12,지역별전월세전환율_아파트,전월세 전환율,5.03225806451613,%
세종,,2023-01,지역별전월세전환율_아파트,전월세 전환율,5.2,%
세종,,2023-02,지역별전월세전환율_아파트,전월세 전환율,5.36842105263158,%
세종,,2023-03,지역별전월세전환율_아파트,전월세 전환율,5.5,%
세종,,2023-04,지역별전월세전환율_아파트,전월세 전환율,5.64606196122275,%
세종,,2023-05,지역별전월세전환율_아파트,전월세 전환율,5.67635853218368,%
세종,,2023-06,지역별전월세전환율_아파트,전월세 전환율,5.68421052631579,%
세종,,2023-07,지역별전월세전환율_아파트,전월세 전환율,5.66687666726579,%
세종,,2023-08,지역별전월세전환율_아파트,전월세 전환율,5.62277320554224,%
세종,,2023-09,지역별전월세전환율_아파트,전월세 전환율,5.56034528348549,%
세종,,2023-10,지역별전월세전환율_아파트,전월세 전환율,5.4,%
세종,,2023-11,지역별전월세전환율_아파트,전월세 전환율,5.33333333333333,%
세종,,2023-12,지역별전월세전환율_아파트,전월세 전환율,5.33333333333333,%
세종,,2024-01,지역별전월세전환율_아파트,전월세 전환율,5.36388639599156,%
세종,,2024-02,지역별전월세전환율_아파트,전월세 전환율,5.4,%
세종,,2024-03,지역별전월세전환율_아파트,전월세 전환율,5.45454545454545,%
세종,,2024-04,지역별전월세전환율_아파트,전월세 전환율,5.5327961595645,%
세종,,2024-05,지역별전월세전환율_아파트,전월세 전환율,5.58063815932277,%
세종,,2024-06,지역별전월세전환율_아파트,전월세 전환율,5.625,%
세종,,2024-07,지역별전월세전환율_아파트,전월세 전환율,5.61296714488597,%
세종,,2024-08,지역별전월세전환율_아파트,전월세 전환율,5.57920349151644,%
세종,,2024-09,지역별전월세전환율_아파트,전월세 전환율,5.5,%
세종,,2024-10,지역별전월세전환율_아파트,전월세 전환율,5.455275047495,%
세종,,2024-11,지역별전월세전환율_아파트,전월세 전환율,5.4,%
세종,,2024-12,지역별전월세전환율_아파트,전월세 전환율,5.3999475837645,%
세종,,2025-01,지역별전월세전환율_아파트,전월세 전환율,5.4,%
세종,,2025-02,지역별전월세전환율_아파트,전월세 전환율,5.4086056287941,%
세종,,2025-03,지역별전월세전환율_아파트,전월세 전환율,5.4285714285714,%
세종,,2025-04,지역별전월세전환율_아파트,전월세 전환율,5.4559508043021,%
세종,,2025-05,지역별전월세전환율_아파트,전월세 전환율,5.5090571177691,%
세종,,2025-06,지역별전월세전환율_아파트,전월세 전환율,5.5241740612357,%
세종,,2025-07,지역별전월세전환율_아파트,전월세 전환율,5.4545454545455,%
세종,,2025-08,지역별전월세전환율_아파트,전월세 전환율,5.4545454545455,%
세종,,2025-09,지역별전월세전환율_아파트,전월세 전환율,5.4492694264797,%
세종,,2025-10,지역별전월세전환율_아파트,전월세 전환율,5.3881945882893,%
세종,,2025-11,지역별전월세전환율_아파트,전월세 전환율,5.3412462908012,%
세종,,2025-12,지역별전월세전환율_아파트,전월세 전환율,5.2941176470588,%
세종,,2026-01,지역별전월세전환율_아파트,전월세 전환율,5.2682926829268,%
세종,,2026-02,지역별전월세전환율_아파트,전월세 전환율,5.2173913043478,%
세종,,2026-03,지역별전월세전환율_아파트,전월세 전환율,5.1599223299467,%
세종,,2026-04,지역별전월세전환율_아파트,전월세 전환율,5.1818181818182,%
세종,,2026-05,지역별전월세전환율_아파트,전월세 전환율,5.3684210526316,%
세종,,2026-06,지역별전월세전환율_아파트,전월세 전환율,5.4401406674498,%
세종,,2026-07,지역별전월세전환율_아파트,전월세 전환율,5.4996028163929,%
울산,,2011-01,지역별전월세전환율_아파트,전월세 전환율,8.72727272727273,%
울산,,2011-02,지역별전월세전환율_아파트,전월세 전환율,8.72727272727273,%
울산,,2011-03,지역별전월세전환율_아파트,전월세 전환율,8.72727272727273,%
울산,,2011-04,지역별전월세전환율_아파트,전월세 전환율,8.72727272727273,%
울산,,2011-05,지역별전월세전환율_아파트,전월세 전환율,8.72727272727273,%
울산,,2011-06,지역별전월세전환율_아파트,전월세 전환율,8.72727272727273,%
울산,,2011-07,지역별전월세전환율_아파트,전월세 전환율,8.57142857142857,%
울산,,2011-08,지역별전월세전환율_아파트,전월세 전환율,8.4,%
울산,,2011-09,지역별전월세전환율_아파트,전월세 전환율,8.39160839160839,%
울산,,2011-10,지역별전월세전환율_아파트,전월세 전환율,8.18181818181818,%
울산,,2011-11,지역별전월세전환율_아파트,전월세 전환율,8.25818823849474,%
울산,,2011-12,지역별전월세전환율_아파트,전월세 전환율,8,%
울산,,2012-01,지역별전월세전환율_아파트,전월세 전환율,8,%
울산,,2012-02,지역별전월세전환율_아파트,전월세 전환율,8,%
울산,,2012-03,지역별전월세전환율_아파트,전월세 전환율,7.79804177883349,%
울산,,2012-04,지역별전월세전환율_아파트,전월세 전환율,7.6178834783764,%
울산,,2012-05,지역별전월세전환율_아파트,전월세 전환율,7.38461538461539,%
울산,,2012-06,지역별전월세전환율_아파트,전월세 전환율,7.5,%
울산,,2012-07,지역별전월세전환율_아파트,전월세 전환율,7.38461538461538,%
울산,,2012-08,지역별전월세전환율_아파트,전월세 전환율,7.38461538461538,%
울산,,2012-09,지역별전월세전환율_아파트,전월세 전환율,7.49391619802544,%
울산,,2012-10,지역별전월세전환율_아파트,전월세 전환율,7.5,%
울산,,2012-11,지역별전월세전환율_아파트,전월세 전환율,7.5,%
울산,,2012-12,지역별전월세전환율_아파트,전월세 전환율,7.38461538461538,%
울산,,2013-01,지역별전월세전환율_아파트,전월세 전환율,7.2,%
울산,,2013-02,지역별전월세전환율_아파트,전월세 전환율,7.37142857142857,%
울산,,2013-03,지역별전월세전환율_아파트,전월세 전환율,7.27178000768089,%
울산,,2013-04,지역별전월세전환율_아파트,전월세 전환율,7.09310896478624,%
울산,,2013-05,지역별전월세전환율_아파트,전월세 전환율,6.99514563106796,%
울산,,2013-06,지역별전월세전환율_아파트,전월세 전환율,7.05882352941176,%
울산,,2013-07,지역별전월세전환율_아파트,전월세 전환율,7.2,%
울산,,2013-08,지역별전월세전환율_아파트,전월세 전환율,7.2,%
울산,,2013-09,지역별전월세전환율_아파트,전월세 전환율,7.2,%
울산,,2013-10,지역별전월세전환율_아파트,전월세 전환율,7.2,%
울산,,2013-11,지역별전월세전환율_아파트,전월세 전환율,7.2,%
울산,,2013-12,지역별전월세전환율_아파트,전월세 전환율,7.05882352941177,%
울산,,2014-01,지역별전월세전환율_아파트,전월세 전환율,6.85714285714286,%
울산,,2014-02,지역별전월세전환율_아파트,전월세 전환율,6.79198740458392,%
울산,,2014-03,지역별전월세전환율_아파트,전월세 전환율,6.54545454545455,%
울산,,2014-04,지역별전월세전환율_아파트,전월세 전환율,6.46153846153846,%
울산,,2014-05,지역별전월세전환율_아파트,전월세 전환율,6.51358501448148,%
울산,,2014-06,지역별전월세전환율_아파트,전월세 전환율,6.46153846153846,%
울산,,2014-07,지역별전월세전환율_아파트,전월세 전환율,6.4,%
울산,,2014-08,지역별전월세전환율_아파트,전월세 전환율,6.4,%
울산,,2014-09,지역별전월세전환율_아파트,전월세 전환율,6.46153846153846,%
울산,,2014-10,지역별전월세전환율_아파트,전월세 전환율,6.39272422658241,%
울산,,2014-11,지역별전월세전환율_아파트,전월세 전환율,6.4,%
울산,,2014-12,지역별전월세전환율_아파트,전월세 전환율,6.4,%
울산,,2015-01,지역별전월세전환율_아파트,전월세 전환율,6.31578947368421,%
울산,,2015-02,지역별전월세전환율_아파트,전월세 전환율,6.29044896798689,%
울산,,2015-03,지역별전월세전환율_아파트,전월세 전환율,6.3030303030303,%
울산,,2015-04,지역별전월세전환율_아파트,전월세 전환율,6,%
울산,,2015-05,지역별전월세전환율_아파트,전월세 전환율,6,%
울산,,2015-06,지역별전월세전환율_아파트,전월세 전환율,6,%
울산,,2015-07,지역별전월세전환율_아파트,전월세 전환율,6,%
울산,,2015-08,지역별전월세전환율_아파트,전월세 전환율,6,%
울산,,2015-09,지역별전월세전환율_아파트,전월세 전환율,6,%
울산,,2015-10,지역별전월세전환율_아파트,전월세 전환율,6,%
울산,,2015-11,지역별전월세전환율_아파트,전월세 전환율,5.82857142857143,%
울산,,2015-12,지역별전월세전환율_아파트,전월세 전환율,5.66666666666667,%
울산,,2016-01,지역별전월세전환율_아파트,전월세 전환율,5.64705882352941,%
울산,,2016-02,지역별전월세전환율_아파트,전월세 전환율,5.45520397402495,%
울산,,2016-03,지역별전월세전환율_아파트,전월세 전환율,5.45454545454545,%
울산,,2016-04,지역별전월세전환율_아파트,전월세 전환율,5.33333333333333,%
울산,,2016-05,지역별전월세전환율_아파트,전월세 전환율,5.15038419319429,%
울산,,2016-06,지역별전월세전환율_아파트,전월세 전환율,5.14285714285714,%
울산,,2016-07,지역별전월세전환율_아파트,전월세 전환율,5.02325581395349,%
울산,,2016-08,지역별전월세전환율_아파트,전월세 전환율,4.98125164659296,%
울산,,2016-09,지역별전월세전환율_아파트,전월세 전환율,4.90952460957189,%
울산,,2016-10,지역별전월세전환율_아파트,전월세 전환율,4.90909090909091,%
울산,,2016-11,지역별전월세전환율_아파트,전월세 전환율,4.80960008372166,%
울산,,2016-12,지역별전월세전환율_아파트,전월세 전환율,4.8,%
울산,,2017-01,지역별전월세전환율_아파트,전월세 전환율,4.79975085238977,%
울산,,2017-02,지역별전월세전환율_아파트,전월세 전환율,4.72033703690027,%
울산,,2017-03,지역별전월세전환율_아파트,전월세 전환율,4.8,%
울산,,2017-04,지역별전월세전환율_아파트,전월세 전환율,4.8,%
울산,,2017-05,지역별전월세전환율_아파트,전월세 전환율,4.8,%
울산,,2017-06,지역별전월세전환율_아파트,전월세 전환율,4.86792645382954,%
울산,,2017-07,지역별전월세전환율_아파트,전월세 전환율,4.96240734185942,%
울산,,2017-08,지역별전월세전환율_아파트,전월세 전환율,4.94117647058824,%
울산,,2017-09,지역별전월세전환율_아파트,전월세 전환율,4.863958288073,%
울산,,2017-10,지역별전월세전환율_아파트,전월세 전환율,5,%
울산,,2017-11,지역별전월세전환율_아파트,전월세 전환율,4.99778874679197,%
울산,,2017-12,지역별전월세전환율_아파트,전월세 전환율,4.90909090909091,%
울산,,2018-01,지역별전월세전환율_아파트,전월세 전환율,4.96551724137931,%
울산,,2018-02,지역별전월세전환율_아파트,전월세 전환율,4.8,%
울산,,2018-03,지역별전월세전환율_아파트,전월세 전환율,4.8,%
울산,,2018-04,지역별전월세전환율_아파트,전월세 전환율,4.8,%
울산,,2018-05,지역별전월세전환율_아파트,전월세 전환율,4.8,%
울산,,2018-06,지역별전월세전환율_아파트,전월세 전환율,4.8,%
울산,,2018-07,지역별전월세전환율_아파트,전월세 전환율,4.8,%
울산,,2018-08,지역별전월세전환율_아파트,전월세 전환율,4.81143338506826,%
울산,,2018-09,지역별전월세전환율_아파트,전월세 전환율,4.8,%
울산,,2018-10,지역별전월세전환율_아파트,전월세 전환율,4.87225953967412,%
울산,,2018-11,지역별전월세전환율_아파트,전월세 전환율,4.88372093023256,%
울산,,2018-12,지역별전월세전환율_아파트,전월세 전환율,4.8,%
울산,,2019-01,지역별전월세전환율_아파트,전월세 전환율,4.8,%
울산,,2019-02,지역별전월세전환율_아파트,전월세 전환율,4.86486486486486,%
울산,,2019-03,지역별전월세전환율_아파트,전월세 전환율,4.90109891376781,%
울산,,2019-04,지역별전월세전환율_아파트,전월세 전환율,4.875,%
울산,,2019-05,지역별전월세전환율_아파트,전월세 전환율,4.81416356579089,%
울산,,2019-06,지역별전월세전환율_아파트,전월세 전환율,4.81426893186511,%
울산,,2019-07,지역별전월세전환율_아파트,전월세 전환율,4.80135415262184,%
울산,,2019-08,지역별전월세전환율_아파트,전월세 전환율,4.8,%
울산,,2019-09,지역별전월세전환율_아파트,전월세 전환율,4.8,%
울산,,2019-10,지역별전월세전환율_아파트,전월세 전환율,4.8,%
울산,,2019-11,지역별전월세전환율_아파트,전월세 전환율,4.8,%
울산,,2019-12,지역별전월세전환율_아파트,전월세 전환율,4.68426379241342,%
울산,,2020-01,지역별전월세전환율_아파트,전월세 전환율,4.69565217391304,%
울산,,2020-02,지역별전월세전환율_아파트,전월세 전환율,4.61538461538461,%
울산,,2020-03,지역별전월세전환율_아파트,전월세 전환율,4.62857142857143,%
울산,,2020-04,지역별전월세전환율_아파트,전월세 전환율,4.61538461538462,%
울산,,2020-05,지역별전월세전환율_아파트,전월세 전환율,4.65882352941177,%
울산,,2020-06,지역별전월세전환율_아파트,전월세 전환율,4.61538461538462,%
울산,,2020-07,지역별전월세전환율_아파트,전월세 전환율,4.65540231274818,%
울산,,2020-08,지역별전월세전환율_아파트,전월세 전환율,4.68651694993784,%
울산,,2020-09,지역별전월세전환율_아파트,전월세 전환율,4.64806154942603,%
울산,,2020-10,지역별전월세전환율_아파트,전월세 전환율,4.61538461538461,%
울산,,2020-11,지역별전월세전환율_아파트,전월세 전환율,4.56307757069843,%
울산,,2020-12,지역별전월세전환율_아파트,전월세 전환율,4.5,%
울산,,2021-01,지역별전월세전환율_아파트,전월세 전환율,4.40050036531096,%
울산,,2021-02,지역별전월세전환율_아파트,전월세 전환율,4.40100073062191,%
울산,,2021-03,지역별전월세전환율_아파트,전월세 전환율,4.44222222222222,%
울산,,2021-04,지역별전월세전환율_아파트,전월세 전환율,4.36815149544008,%
울산,,2021-05,지역별전월세전환율_아파트,전월세 전환율,4.5,%
울산,,2021-06,지역별전월세전환율_아파트,전월세 전환율,4.42105263157895,%
울산,,2021-07,지역별전월세전환율_아파트,전월세 전환율,4.28571428571429,%
울산,,2021-08,지역별전월세전환율_아파트,전월세 전환율,4.28571428571429,%
울산,,2021-09,지역별전월세전환율_아파트,전월세 전환율,4.18398200651823,%
울산,,2021-10,지역별전월세전환율_아파트,전월세 전환율,4.05200376914246,%
울산,,2021-11,지역별전월세전환율_아파트,전월세 전환율,4.11135649361403,%
울산,,2021-12,지역별전월세전환율_아파트,전월세 전환율,4.15151869498922,%
울산,,2022-01,지역별전월세전환율_아파트,전월세 전환율,4.17456058221641,%
울산,,2022-02,지역별전월세전환율_아파트,전월세 전환율,4.17391304347826,%
울산,,2022-03,지역별전월세전환율_아파트,전월세 전환율,4.23487865649095,%
울산,,2022-04,지역별전월세전환율_아파트,전월세 전환율,4.28571428571429,%
울산,,2022-05,지역별전월세전환율_아파트,전월세 전환율,4.2,%
울산,,2022-06,지역별전월세전환율_아파트,전월세 전환율,4.2,%
울산,,2022-07,지역별전월세전환율_아파트,전월세 전환율,4.28192905093954,%
울산,,2022-08,지역별전월세전환율_아파트,전월세 전환율,4.36363636363636,%
울산,,2022-09,지역별전월세전환율_아파트,전월세 전환율,4.41545169497788,%
울산,,2022-10,지역별전월세전환율_아파트,전월세 전환율,4.46511627906977,%
울산,,2022-11,지역별전월세전환율_아파트,전월세 전환율,4.66666666666667,%
울산,,2022-12,지역별전월세전환율_아파트,전월세 전환율,4.79904767748908,%
울산,,2023-01,지역별전월세전환율_아파트,전월세 전환율,4.8,%
울산,,2023-02,지역별전월세전환율_아파트,전월세 전환율,5.04,%
울산,,2023-03,지역별전월세전환율_아파트,전월세 전환율,5.14285714285714,%
울산,,2023-04,지역별전월세전환율_아파트,전월세 전환율,5.25,%
울산,,2023-05,지역별전월세전환율_아파트,전월세 전환율,5.33382737091724,%
울산,,2023-06,지역별전월세전환율_아파트,전월세 전환율,5.4,%
울산,,2023-07,지역별전월세전환율_아파트,전월세 전환율,5.45454545454545,%
울산,,2023-08,지역별전월세전환율_아파트,전월세 전환율,5.43529411764706,%
울산,,2023-09,지역별전월세전환율_아파트,전월세 전환율,5.41935483870968,%
울산,,2023-10,지역별전월세전환율_아파트,전월세 전환율,5.4,%
울산,,2023-11,지역별전월세전환율_아파트,전월세 전환율,5.3586008025375,%
울산,,2023-12,지역별전월세전환율_아파트,전월세 전환율,5.33333333333333,%
울산,,2024-01,지역별전월세전환율_아파트,전월세 전환율,5.33333333333333,%
울산,,2024-02,지역별전월세전환율_아파트,전월세 전환율,5.33333333333333,%
울산,,2024-03,지역별전월세전환율_아파트,전월세 전환율,5.33332329256074,%
울산,,2024-04,지역별전월세전환율_아파트,전월세 전환율,5.33333333333333,%
울산,,2024-05,지역별전월세전환율_아파트,전월세 전환율,5.33333333333333,%
울산,,2024-06,지역별전월세전환율_아파트,전월세 전환율,5.333333333333334,%
울산,,2024-07,지역별전월세전환율_아파트,전월세 전환율,5.38505433934158,%
울산,,2024-08,지역별전월세전환율_아파트,전월세 전환율,5.4,%
울산,,2024-09,지역별전월세전환율_아파트,전월세 전환율,5.4,%
울산,,2024-10,지역별전월세전환율_아파트,전월세 전환율,5.4373626373626,%
울산,,2024-11,지역별전월세전환율_아파트,전월세 전환율,5.4193548387097,%
울산,,2024-12,지역별전월세전환율_아파트,전월세 전환율,5.4,%
울산,,2025-01,지역별전월세전환율_아파트,전월세 전환율,5.3932584269663,%
울산,,2025-02,지역별전월세전환율_아파트,전월세 전환율,5.6,%
울산,,2025-03,지역별전월세전환율_아파트,전월세 전환율,5.5714285714286,%
울산,,2025-04,지역별전월세전환율_아파트,전월세 전환율,5.7142857142857,%
울산,,2025-05,지역별전월세전환율_아파트,전월세 전환율,5.6953677688062,%
울산,,2025-06,지역별전월세전환율_아파트,전월세 전환율,5.8181818181818,%
울산,,2025-07,지역별전월세전환율_아파트,전월세 전환율,5.8292703312624,%
울산,,2025-08,지역별전월세전환율_아파트,전월세 전환율,5.8181818181818,%
울산,,2025-09,지역별전월세전환율_아파트,전월세 전환율,5.8840470655653,%
울산,,2025-10,지역별전월세전환율_아파트,전월세 전환율,5.8562410329986,%
울산,,2025-11,지역별전월세전환율_아파트,전월세 전환율,5.9135509523669,%
울산,,2025-12,지역별전월세전환율_아파트,전월세 전환율,5.8105263157895,%
울산,,2026-01,지역별전월세전환율_아파트,전월세 전환율,5.8922615481183,%
울산,,2026-02,지역별전월세전환율_아파트,전월세 전환율,5.8419958419958,%
울산,,2026-03,지역별전월세전환율_아파트,전월세 전환율,5.8407079646018,%
울산,,2026-04,지역별전월세전환율_아파트,전월세 전환율,5.6470588235294,%
울산,,2026-05,지역별전월세전환율_아파트,전월세 전환율,5.8397930558088,%
울산,,2026-06,지역별전월세전환율_아파트,전월세 전환율,6,%
울산,,2026-07,지역별전월세전환율_아파트,전월세 전환율,5.9997183884352,%
인천,,2011-01,지역별전월세전환율_아파트,전월세 전환율,8.8421052631579,%
인천,,2011-02,지역별전월세전환율_아파트,전월세 전환율,8.8421052631579,%
인천,,2011-03,지역별전월세전환율_아파트,전월세 전환율,8.8421052631579,%
인천,,2011-04,지역별전월세전환율_아파트,전월세 전환율,8.8421052631579,%
인천,,2011-05,지역별전월세전환율_아파트,전월세 전환율,8.8421052631579,%
인천,,2011-06,지역별전월세전환율_아파트,전월세 전환율,8.8421052631579,%
인천,,2011-07,지역별전월세전환율_아파트,전월세 전환율,8.84210526315789,%
인천,,2011-08,지역별전월세전환율_아파트,전월세 전환율,8.81104590897744,%
인천,,2011-09,지역별전월세전환율_아파트,전월세 전환율,8.76920147687838,%
인천,,2011-10,지역별전월세전환율_아파트,전월세 전환율,8.74687951405608,%
인천,,2011-11,지역별전월세전환율_아파트,전월세 전환율,8.72727272727273,%
인천,,2011-12,지역별전월세전환율_아파트,전월세 전환율,8.72727272727273,%
인천,,2012-01,지역별전월세전환율_아파트,전월세 전환율,8.66666666666667,%
인천,,2012-02,지역별전월세전환율_아파트,전월세 전환율,8.63667820069204,%
인천,,2012-03,지역별전월세전환율_아파트,전월세 전환율,8.57142857142857,%
인천,,2012-04,지역별전월세전환율_아파트,전월세 전환율,8.54545454545454,%
인천,,2012-05,지역별전월세전환율_아파트,전월세 전환율,8.47058823529412,%
인천,,2012-06,지역별전월세전환율_아파트,전월세 전환율,8.4446837592677,%
인천,,2012-07,지역별전월세전환율_아파트,전월세 전환율,8.4,%
인천,,2012-08,지역별전월세전환율_아파트,전월세 전환율,8.4,%
인천,,2012-09,지역별전월세전환율_아파트,전월세 전환율,8.30769230769231,%
인천,,2012-10,지역별전월세전환율_아파트,전월세 전환율,8.3027401211422,%
인천,,2012-11,지역별전월세전환율_아파트,전월세 전환율,8.29090909090909,%
인천,,2012-12,지역별전월세전환율_아파트,전월세 전환율,8.28032531102612,%
인천,,2013-01,지역별전월세전환율_아파트,전월세 전환율,8.2615775418485,%
인천,,2013-02,지역별전월세전환율_아파트,전월세 전환율,8.25,%
인천,,2013-03,지역별전월세전환율_아파트,전월세 전환율,8.27456231383034,%
인천,,2013-04,지역별전월세전환율_아파트,전월세 전환율,8.18181818181818,%
인천,,2013-05,지역별전월세전환율_아파트,전월세 전환율,8,%
인천,,2013-06,지역별전월세전환율_아파트,전월세 전환율,8,%
인천,,2013-07,지역별전월세전환율_아파트,전월세 전환율,7.98251869286929,%
인천,,2013-08,지역별전월세전환율_아파트,전월세 전환율,7.80041240262716,%
인천,,2013-09,지역별전월세전환율_아파트,전월세 전환율,7.78378378378378,%
인천,,2013-10,지역별전월세전환율_아파트,전월세 전환율,7.66335418679709,%
인천,,2013-11,지역별전월세전환율_아파트,전월세 전환율,7.53198838923201,%
인천,,2013-12,지역별전월세전환율_아파트,전월세 전환율,7.50131251968779,%
인천,,2014-01,지역별전월세전환율_아파트,전월세 전환율,7.42857142857143,%
인천,,2014-02,지역별전월세전환율_아파트,전월세 전환율,7.22164418403771,%
인천,,2014-03,지역별전월세전환율_아파트,전월세 전환율,7.2,%
인천,,2014-04,지역별전월세전환율_아파트,전월세 전환율,7.09090909090909,%
인천,,2014-05,지역별전월세전환율_아파트,전월세 전환율,7.01788513639044,%
인천,,2014-06,지역별전월세전환율_아파트,전월세 전환율,7.03389531067096,%
인천,,2014-07,지역별전월세전환율_아파트,전월세 전환율,6.93670854218961,%
인천,,2014-08,지역별전월세전환율_아파트,전월세 전환율,6.92234062918767,%
인천,,2014-09,지역별전월세전환율_아파트,전월세 전환율,6.85714285714286,%
인천,,2014-10,지역별전월세전환율_아파트,전월세 전환율,6.74052689286109,%
인천,,2014-11,지역별전월세전환율_아파트,전월세 전환율,6.62068965517241,%
인천,,2014-12,지역별전월세전환율_아파트,전월세 전환율,6.54545454545455,%
인천,,2015-01,지역별전월세전환율_아파트,전월세 전환율,6.46153846153846,%
인천,,2015-02,지역별전월세전환율_아파트,전월세 전환율,6.2648380868547,%
인천,,2015-03,지역별전월세전환율_아파트,전월세 전환율,6.17142857142857,%
인천,,2015-04,지역별전월세전환율_아파트,전월세 전환율,6,%
인천,,2015-05,지역별전월세전환율_아파트,전월세 전환율,6,%
인천,,2015-06,지역별전월세전환율_아파트,전월세 전환율,6,%
인천,,2015-07,지역별전월세전환율_아파트,전월세 전환율,5.99063962558502,%
인천,,2015-08,지역별전월세전환율_아파트,전월세 전환율,5.79366865185332,%
인천,,2015-09,지역별전월세전환율_아파트,전월세 전환율,5.63758389261745,%
인천,,2015-10,지역별전월세전환율_아파트,전월세 전환율,5.55868544600939,%
인천,,2015-11,지역별전월세전환율_아파트,전월세 전환율,5.44637171934853,%
인천,,2015-12,지역별전월세전환율_아파트,전월세 전환율,5.33333333333333,%
인천,,2016-01,지역별전월세전환율_아파트,전월세 전환율,5.18711717371635,%
인천,,2016-02,지역별전월세전환율_아파트,전월세 전환율,5.07692307692308,%
인천,,2016-03,지역별전월세전환율_아파트,전월세 전환율,5.00745832183923,%
인천,,2016-04,지역별전월세전환율_아파트,전월세 전환율,4.9527002534807,%
인천,,2016-05,지역별전월세전환율_아파트,전월세 전환율,4.94117647058824,%
인천,,2016-06,지역별전월세전환율_아파트,전월세 전환율,4.93875775283533,%
인천,,2016-07,지역별전월세전환율_아파트,전월세 전환율,4.94117647058824,%
인천,,2016-08,지역별전월세전환율_아파트,전월세 전환율,4.94117647058824,%
인천,,2016-09,지역별전월세전환율_아파트,전월세 전환율,4.90909090909091,%
인천,,2016-10,지역별전월세전환율_아파트,전월세 전환율,4.85714285714286,%
인천,,2016-11,지역별전월세전환율_아파트,전월세 전환율,4.8,%
인천,,2016-12,지역별전월세전환율_아파트,전월세 전환율,4.8,%
인천,,2017-01,지역별전월세전환율_아파트,전월세 전환율,4.78260869565217,%
인천,,2017-02,지역별전월세전환율_아파트,전월세 전환율,4.72131147540984,%
인천,,2017-03,지역별전월세전환율_아파트,전월세 전환율,4.71428571428571,%
인천,,2017-04,지역별전월세전환율_아파트,전월세 전환율,4.72727272727273,%
인천,,2017-05,지역별전월세전환율_아파트,전월세 전환율,4.73775367595045,%
인천,,2017-06,지역별전월세전환율_아파트,전월세 전환율,4.78536091038189,%
인천,,2017-07,지역별전월세전환율_아파트,전월세 전환율,4.8,%
인천,,2017-08,지역별전월세전환율_아파트,전월세 전환율,4.8,%
인천,,2017-09,지역별전월세전환율_아파트,전월세 전환율,4.8,%
인천,,2017-10,지역별전월세전환율_아파트,전월세 전환율,4.8,%
인천,,2017-11,지역별전월세전환율_아파트,전월세 전환율,4.8,%
인천,,2017-12,지역별전월세전환율_아파트,전월세 전환율,4.8,%
인천,,2018-01,지역별전월세전환율_아파트,전월세 전환율,4.8,%
인천,,2018-02,지역별전월세전환율_아파트,전월세 전환율,4.80335185106654,%
인천,,2018-03,지역별전월세전환율_아파트,전월세 전환율,4.88888888888889,%
인천,,2018-04,지역별전월세전환율_아파트,전월세 전환율,4.89795918367347,%
인천,,2018-05,지역별전월세전환율_아파트,전월세 전환율,4.88888888888889,%
인천,,2018-06,지역별전월세전환율_아파트,전월세 전환율,4.88888888888889,%
인천,,2018-07,지역별전월세전환율_아파트,전월세 전환율,4.88571428571429,%
인천,,2018-08,지역별전월세전환율_아파트,전월세 전환율,4.875,%
인천,,2018-09,지역별전월세전환율_아파트,전월세 전환율,4.86486486486487,%
인천,,2018-10,지역별전월세전환율_아파트,전월세 전환율,4.8674974899456,%
인천,,2018-11,지역별전월세전환율_아파트,전월세 전환율,4.86474751935847,%
인천,,2018-12,지역별전월세전환율_아파트,전월세 전환율,4.86576576576577,%
인천,,2019-01,지역별전월세전환율_아파트,전월세 전환율,4.89632247658383,%
인천,,2019-02,지역별전월세전환율_아파트,전월세 전환율,4.89363976483164,%
인천,,2019-03,지역별전월세전환율_아파트,전월세 전환율,4.90027732575462,%
인천,,2019-04,지역별전월세전환율_아파트,전월세 전환율,4.94117647058823,%
인천,,2019-05,지역별전월세전환율_아파트,전월세 전환율,4.96551724137931,%
인천,,2019-06,지역별전월세전환율_아파트,전월세 전환율,4.98461538461539,%
인천,,2019-07,지역별전월세전환율_아파트,전월세 전환율,4.94019893189393,%
인천,,2019-08,지역별전월세전환율_아파트,전월세 전환율,4.94117647058824,%
인천,,2019-09,지역별전월세전환율_아파트,전월세 전환율,4.90994424786748,%
인천,,2019-10,지역별전월세전환율_아파트,전월세 전환율,4.87083616645971,%
인천,,2019-11,지역별전월세전환율_아파트,전월세 전환율,4.8,%
인천,,2019-12,지역별전월세전환율_아파트,전월세 전환율,4.76440355776677,%
인천,,2020-01,지역별전월세전환율_아파트,전월세 전환율,4.77777777777778,%
인천,,2020-02,지역별전월세전환율_아파트,전월세 전환율,4.75389408099689,%
인천,,2020-03,지역별전월세전환율_아파트,전월세 전환율,4.71428571428571,%
인천,,2020-04,지역별전월세전환율_아파트,전월세 전환율,4.72606142878915,%
인천,,2020-05,지역별전월세전환율_아파트,전월세 전환율,4.73684210526316,%
인천,,2020-06,지역별전월세전환율_아파트,전월세 전환율,4.78164386089656,%
인천,,2020-07,지역별전월세전환율_아파트,전월세 전환율,4.71428571428571,%
인천,,2020-08,지역별전월세전환율_아파트,전월세 전환율,4.72512938470385,%
인천,,2020-09,지역별전월세전환율_아파트,전월세 전환율,4.74944371412998,%
인천,,2020-10,지역별전월세전환율_아파트,전월세 전환율,4.73684210526316,%
인천,,2020-11,지역별전월세전환율_아파트,전월세 전환율,4.7555868515538,%
인천,,2020-12,지역별전월세전환율_아파트,전월세 전환율,4.73684210526316,%
인천,,2021-01,지역별전월세전환율_아파트,전월세 전환율,4.71428571428571,%
인천,,2021-02,지역별전월세전환율_아파트,전월세 전환율,4.65164122119068,%
인천,,2021-03,지역별전월세전환율_아파트,전월세 전환율,4.62095730918499,%
인천,,2021-04,지역별전월세전환율_아파트,전월세 전환율,4.608,%
인천,,2021-05,지역별전월세전환율_아파트,전월세 전환율,4.61538461538461,%
인천,,2021-06,지역별전월세전환율_아파트,전월세 전환율,4.62068965517241,%
인천,,2021-07,지역별전월세전환율_아파트,전월세 전환율,4.62624594514892,%
인천,,2021-08,지역별전월세전환율_아파트,전월세 전환율,4.64516129032258,%
인천,,2021-09,지역별전월세전환율_아파트,전월세 전환율,4.65741176470588,%
인천,,2021-10,지역별전월세전환율_아파트,전월세 전환율,4.63323415289928,%
인천,,2021-11,지역별전월세전환율_아파트,전월세 전환율,4.60749572901821,%
인천,,2021-12,지역별전월세전환율_아파트,전월세 전환율,4.66666666666667,%
인천,,2022-01,지역별전월세전환율_아파트,전월세 전환율,4.67090768167972,%
인천,,2022-02,지역별전월세전환율_아파트,전월세 전환율,4.71428571428572,%
인천,,2022-03,지역별전월세전환율_아파트,전월세 전환율,4.75270280087441,%
인천,,2022-04,지역별전월세전환율_아파트,전월세 전환율,4.8,%
인천,,2022-05,지역별전월세전환율_아파트,전월세 전환율,4.86642134901795,%
인천,,2022-06,지역별전월세전환율_아파트,전월세 전환율,4.8,%
인천,,2022-07,지역별전월세전환율_아파트,전월세 전환율,4.61538461538462,%
인천,,2022-08,지역별전월세전환율_아파트,전월세 전환율,4.57142857142857,%
인천,,2022-09,지역별전월세전환율_아파트,전월세 전환율,4.61538461538462,%
인천,,2022-10,지역별전월세전환율_아파트,전월세 전환율,4.69817218093665,%
인천,,2022-11,지역별전월세전환율_아파트,전월세 전환율,4.8,%
인천,,2022-12,지역별전월세전환율_아파트,전월세 전환율,5.14285714285714,%
인천,,2023-01,지역별전월세전환율_아파트,전월세 전환율,5.38023813205505,%
인천,,2023-02,지역별전월세전환율_아파트,전월세 전환율,5.66666666666667,%
인천,,2023-03,지역별전월세전환율_아파트,전월세 전환율,5.84093769838067,%
인천,,2023-04,지역별전월세전환율_아파트,전월세 전환율,5.99957698191402,%
인천,,2023-05,지역별전월세전환율_아파트,전월세 전환율,6,%
인천,,2023-06,지역별전월세전환율_아파트,전월세 전환율,5.99652043084288,%
인천,,2023-07,지역별전월세전환율_아파트,전월세 전환율,5.90769230769231,%
인천,,2023-08,지역별전월세전환율_아파트,전월세 전환율,5.79310344827586,%
인천,,2023-09,지역별전월세전환율_아파트,전월세 전환율,5.73517559045135,%
인천,,2023-10,지역별전월세전환율_아파트,전월세 전환율,5.66685430633028,%
인천,,2023-11,지역별전월세전환율_아파트,전월세 전환율,5.62293591548273,%
인천,,2023-12,지역별전월세전환율_아파트,전월세 전환율,5.59894189303339,%
인천,,2024-01,지역별전월세전환율_아파트,전월세 전환율,5.54470572246281,%
인천,,2024-02,지역별전월세전환율_아파트,전월세 전환율,5.5,%
인천,,2024-03,지역별전월세전환율_아파트,전월세 전환율,5.4,%
인천,,2024-04,지역별전월세전환율_아파트,전월세 전환율,5.31883977594143,%
인천,,2024-05,지역별전월세전환율_아파트,전월세 전환율,5.26103167856659,%
인천,,2024-06,지역별전월세전환율_아파트,전월세 전환율,5.150633450015135,%
인천,,2024-07,지역별전월세전환율_아파트,전월세 전환율,5.14348726378071,%
인천,,2024-08,지역별전월세전환율_아파트,전월세 전환율,5.25,%
인천,,2024-09,지역별전월세전환율_아파트,전월세 전환율,5.3333333333333,%
인천,,2024-10,지역별전월세전환율_아파트,전월세 전환율,5.4,%
인천,,2024-11,지역별전월세전환율_아파트,전월세 전환율,5.48314661951,%
인천,,2024-12,지역별전월세전환율_아파트,전월세 전환율,5.5384615384615,%
인천,,2025-01,지역별전월세전환율_아파트,전월세 전환율,5.5676281391482,%
인천,,2025-02,지역별전월세전환율_아파트,전월세 전환율,5.6,%
인천,,2025-03,지역별전월세전환율_아파트,전월세 전환율,5.6409367491124,%
인천,,2025-04,지역별전월세전환율_아파트,전월세 전환율,5.6842105263158,%
인천,,2025-05,지역별전월세전환율_아파트,전월세 전환율,5.676450933018,%
인천,,2025-06,지역별전월세전환율_아파트,전월세 전환율,5.7122881696144,%
인천,,2025-07,지역별전월세전환율_아파트,전월세 전환율,5.7391304347826,%
인천,,2025-08,지역별전월세전환율_아파트,전월세 전환율,5.7274256826122,%
인천,,2025-09,지역별전월세전환율_아파트,전월세 전환율,5.7,%
인천,,2025-10,지역별전월세전환율_아파트,전월세 전환율,5.6934306569343,%
인천,,2025-11,지역별전월세전환율_아파트,전월세 전환율,5.6842105263158,%
인천,,2025-12,지역별전월세전환율_아파트,전월세 전환율,5.6571428571429,%
인천,,2026-01,지역별전월세전환율_아파트,전월세 전환율,5.6252895471813,%
인천,,2026-02,지역별전월세전환율_아파트,전월세 전환율,5.625,%
인천,,2026-03,지역별전월세전환율_아파트,전월세 전환율,5.600741954943,%
인천,,2026-04,지역별전월세전환율_아파트,전월세 전환율,5.6035605290486,%
인천,,2026-05,지역별전월세전환율_아파트,전월세 전환율,5.4545454545455,%
인천,,2026-06,지역별전월세전환율_아파트,전월세 전환율,5.3549103858872,%
인천,,2026-07,지역별전월세전환율_아파트,전월세 전환율,5.4,%
전남,,2011-01,지역별전월세전환율_아파트,전월세 전환율,12.1193534585131,%
전남,,2011-02,지역별전월세전환율_아파트,전월세 전환율,12.1193534585131,%
전남,,2011-03,지역별전월세전환율_아파트,전월세 전환율,12.1193534585131,%
전남,,2011-04,지역별전월세전환율_아파트,전월세 전환율,12.1193534585131,%
전남,,2011-05,지역별전월세전환율_아파트,전월세 전환율,12.1193534585131,%
전남,,2011-06,지역별전월세전환율_아파트,전월세 전환율,12.1193534585131,%
전남,,2011-07,지역별전월세전환율_아파트,전월세 전환율,12,%
전남,,2011-08,지역별전월세전환율_아파트,전월세 전환율,11.9596172514214,%
전남,,2011-09,지역별전월세전환율_아파트,전월세 전환율,11.9938806588043,%
전남,,2011-10,지역별전월세전환율_아파트,전월세 전환율,11.8882517765592,%
전남,,2011-11,지역별전월세전환율_아파트,전월세 전환율,12,%
전남,,2011-12,지역별전월세전환율_아파트,전월세 전환율,11.9740036586594,%
전남,,2012-01,지역별전월세전환율_아파트,전월세 전환율,12,%
전남,,2012-02,지역별전월세전환율_아파트,전월세 전환율,12,%
전남,,2012-03,지역별전월세전환율_아파트,전월세 전환율,12,%
전남,,2012-04,지역별전월세전환율_아파트,전월세 전환율,12,%
전남,,2012-05,지역별전월세전환율_아파트,전월세 전환율,11.9447078522924,%
전남,,2012-06,지역별전월세전환율_아파트,전월세 전환율,11.9645756457565,%
전남,,2012-07,지역별전월세전환율_아파트,전월세 전환율,11.9447275819955,%
전남,,2012-08,지역별전월세전환율_아파트,전월세 전환율,11.1111111111111,%
전남,,2012-09,지역별전월세전환율_아파트,전월세 전환율,11.1627906976744,%
전남,,2012-10,지역별전월세전환율_아파트,전월세 전환율,11.7377415585503,%
전남,,2012-11,지역별전월세전환율_아파트,전월세 전환율,10.8269042047256,%
전남,,2012-12,지역별전월세전환율_아파트,전월세 전환율,10.5197204437711,%
전남,,2013-01,지역별전월세전환율_아파트,전월세 전환율,10.4153990824776,%
전남,,2013-02,지역별전월세전환율_아파트,전월세 전환율,10.4685569768007,%
전남,,2013-03,지역별전월세전환율_아파트,전월세 전환율,10.0024482528377,%
전남,,2013-04,지역별전월세전환율_아파트,전월세 전환율,10.4481605351171,%
전남,,2013-05,지역별전월세전환율_아파트,전월세 전환율,10.8,%
전남,,2013-06,지역별전월세전환율_아파트,전월세 전환율,11.1520223152022,%
전남,,2013-07,지역별전월세전환율_아파트,전월세 전환율,11.1106993978694,%
전남,,2013-08,지역별전월세전환율_아파트,전월세 전환율,10.2093468366105,%
전남,,2013-09,지역별전월세전환율_아파트,전월세 전환율,10.0651992183928,%
전남,,2013-10,지역별전월세전환율_아파트,전월세 전환율,9.6,%
전남,,2013-11,지역별전월세전환율_아파트,전월세 전환율,9.6,%
전남,,2013-12,지역별전월세전환율_아파트,전월세 전환율,9.60845661874594,%
전남,,2014-01,지역별전월세전환율_아파트,전월세 전환율,9.71654168213681,%
전남,,2014-02,지역별전월세전환율_아파트,전월세 전환율,9.87096774193548,%
전남,,2014-03,지역별전월세전환율_아파트,전월세 전환율,9.99059620086515,%
전남,,2014-04,지역별전월세전환율_아파트,전월세 전환율,10.2437857182224,%
전남,,2014-05,지역별전월세전환율_아파트,전월세 전환율,10.0682609775747,%
전남,,2014-06,지역별전월세전환율_아파트,전월세 전환율,9.53642384105961,%
전남,,2014-07,지역별전월세전환율_아파트,전월세 전환율,9.23076923076923,%
전남,,2014-08,지역별전월세전환율_아파트,전월세 전환율,8.48552663585502,%
전남,,2014-09,지역별전월세전환율_아파트,전월세 전환율,7.953317743977,%
전남,,2014-10,지역별전월세전환율_아파트,전월세 전환율,7.70855600436565,%
전남,,2014-11,지역별전월세전환율_아파트,전월세 전환율,7.63636363636364,%
전남,,2014-12,지역별전월세전환율_아파트,전월세 전환율,7.62570694087404,%
전남,,2015-01,지역별전월세전환율_아파트,전월세 전환율,7.79220779220779,%
전남,,2015-02,지역별전월세전환율_아파트,전월세 전환율,7.80697674418605,%
전남,,2015-03,지역별전월세전환율_아파트,전월세 전환율,8.25361155698235,%
전남,,2015-04,지역별전월세전환율_아파트,전월세 전환율,8.14318354912414,%
전남,,2015-05,지역별전월세전환율_아파트,전월세 전환율,8,%
전남,,2015-06,지역별전월세전환율_아파트,전월세 전환율,7.92857142857143,%
전남,,2015-07,지역별전월세전환율_아파트,전월세 전환율,7.92857142857143,%
전남,,2015-08,지역별전월세전환율_아파트,전월세 전환율,7.75384615384615,%
전남,,2015-09,지역별전월세전환율_아파트,전월세 전환율,7.63636363636363,%
전남,,2015-10,지역별전월세전환율_아파트,전월세 전환율,7.51674326986211,%
전남,,2015-11,지역별전월세전환율_아파트,전월세 전환율,7.38461538461539,%
전남,,2015-12,지역별전월세전환율_아파트,전월세 전환율,7.22383892931717,%
전남,,2016-01,지역별전월세전환율_아파트,전월세 전환율,7.38461538461539,%
전남,,2016-02,지역별전월세전환율_아파트,전월세 전환율,7.2,%
전남,,2016-03,지역별전월세전환율_아파트,전월세 전환율,7.25054462840782,%
전남,,2016-04,지역별전월세전환율_아파트,전월세 전환율,7.5,%
전남,,2016-05,지역별전월세전환율_아파트,전월세 전환율,6.95169989329558,%
전남,,2016-06,지역별전월세전환율_아파트,전월세 전환율,7,%
전남,,2016-07,지역별전월세전환율_아파트,전월세 전환율,7.45188620127836,%
전남,,2016-08,지역별전월세전환율_아파트,전월세 전환율,7.62209302325582,%
전남,,2016-09,지역별전월세전환율_아파트,전월세 전환율,7.63636363636363,%
전남,,2016-10,지역별전월세전환율_아파트,전월세 전환율,7.87375415282392,%
전남,,2016-11,지역별전월세전환율_아파트,전월세 전환율,7.63636363636363,%
전남,,2016-12,지역별전월세전환율_아파트,전월세 전환율,7.5,%
전남,,2017-01,지역별전월세전환율_아파트,전월세 전환율,7.2,%
전남,,2017-02,지역별전월세전환율_아파트,전월세 전환율,6.92307692307692,%
전남,,2017-03,지역별전월세전환율_아파트,전월세 전환율,7.0735813760133,%
전남,,2017-04,지역별전월세전환율_아파트,전월세 전환율,7,%
전남,,2017-05,지역별전월세전환율_아파트,전월세 전환율,7.14285714285714,%
전남,,2017-06,지역별전월세전환율_아파트,전월세 전환율,7.38461538461538,%
전남,,2017-07,지역별전월세전환율_아파트,전월세 전환율,7.25981308411215,%
전남,,2017-08,지역별전월세전환율_아파트,전월세 전환율,7.50742574257426,%
전남,,2017-09,지역별전월세전환율_아파트,전월세 전환율,7.58947368421053,%
전남,,2017-10,지역별전월세전환율_아파트,전월세 전환율,7.5,%
전남,,2017-11,지역별전월세전환율_아파트,전월세 전환율,7.50742574257426,%
전남,,2017-12,지역별전월세전환율_아파트,전월세 전환율,7.43114164027272,%
전남,,2018-01,지역별전월세전환율_아파트,전월세 전환율,7.29438202247191,%
전남,,2018-02,지역별전월세전환율_아파트,전월세 전환율,7.05882352941176,%
전남,,2018-03,지역별전월세전환율_아파트,전월세 전환율,7.15709582686458,%
전남,,2018-04,지역별전월세전환율_아파트,전월세 전환율,7.36066532965858,%
전남,,2018-05,지역별전월세전환율_아파트,전월세 전환율,7.2,%
전남,,2018-06,지역별전월세전환율_아파트,전월세 전환율,7.27272727272727,%
전남,,2018-07,지역별전월세전환율_아파트,전월세 전환율,7.50742574257426,%
전남,,2018-08,지역별전월세전환율_아파트,전월세 전환율,7.50728155339806,%
전남,,2018-09,지역별전월세전환율_아파트,전월세 전환율,7.40425531914894,%
전남,,2018-10,지역별전월세전환율_아파트,전월세 전환율,7.37944743483796,%
전남,,2018-11,지역별전월세전환율_아파트,전월세 전환율,7.18167293178069,%
전남,,2018-12,지역별전월세전환율_아파트,전월세 전환율,6.22649572649573,%
전남,,2019-01,지역별전월세전환율_아파트,전월세 전환율,6,%
전남,,2019-02,지역별전월세전환율_아파트,전월세 전환율,6,%
전남,,2019-03,지역별전월세전환율_아파트,전월세 전환율,6,%
전남,,2019-04,지역별전월세전환율_아파트,전월세 전환율,6.25043478260869,%
전남,,2019-05,지역별전월세전환율_아파트,전월세 전환율,6.31578947368421,%
전남,,2019-06,지역별전월세전환율_아파트,전월세 전환율,6.4,%
전남,,2019-07,지역별전월세전환율_아파트,전월세 전환율,6.46153846153846,%
전남,,2019-08,지역별전월세전환율_아파트,전월세 전환율,6.46153846153846,%
전남,,2019-09,지역별전월세전환율_아파트,전월세 전환율,6.32820409821321,%
전남,,2019-10,지역별전월세전환율_아파트,전월세 전환율,6.12765957446809,%
전남,,2019-11,지역별전월세전환율_아파트,전월세 전환율,6.0761329305136,%
전남,,2019-12,지역별전월세전환율_아파트,전월세 전환율,6.85714285714286,%
전남,,2020-01,지역별전월세전환율_아파트,전월세 전환율,6.76056338028169,%
전남,,2020-02,지역별전월세전환율_아파트,전월세 전환율,6.65465416848494,%
전남,,2020-03,지역별전월세전환율_아파트,전월세 전환율,6.85714285714286,%
전남,,2020-04,지역별전월세전환율_아파트,전월세 전환율,6.91848906560636,%
전남,,2020-05,지역별전월세전환율_아파트,전월세 전환율,6.9375,%
전남,,2020-06,지역별전월세전환율_아파트,전월세 전환율,6.35294117647059,%
전남,,2020-07,지역별전월세전환율_아파트,전월세 전환율,6.35294117647059,%
전남,,2020-08,지역별전월세전환율_아파트,전월세 전환율,6.35294117647059,%
전남,,2020-09,지역별전월세전환율_아파트,전월세 전환율,6,%
전남,,2020-10,지역별전월세전환율_아파트,전월세 전환율,6,%
전남,,2020-11,지역별전월세전환율_아파트,전월세 전환율,6.0761329305136,%
전남,,2020-12,지역별전월세전환율_아파트,전월세 전환율,6.74403140784277,%
전남,,2021-01,지역별전월세전환율_아파트,전월세 전환율,6.57882860378922,%
전남,,2021-02,지역별전월세전환율_아파트,전월세 전환율,6.46808352288034,%
전남,,2021-03,지역별전월세전환율_아파트,전월세 전환율,6.33962264150943,%
전남,,2021-04,지역별전월세전환율_아파트,전월세 전환율,6.3584244585479,%
전남,,2021-05,지역별전월세전환율_아파트,전월세 전환율,6.35294117647059,%
전남,,2021-06,지역별전월세전환율_아파트,전월세 전환율,6.1131836653121,%
전남,,2021-07,지역별전월세전환율_아파트,전월세 전환율,6.35187771214405,%
전남,,2021-08,지역별전월세전환율_아파트,전월세 전환율,6.26375795802704,%
전남,,2021-09,지역별전월세전환율_아파트,전월세 전환율,6.58536585365854,%
전남,,2021-10,지역별전월세전환율_아파트,전월세 전환율,6.43661785023454,%
전남,,2021-11,지역별전월세전환율_아파트,전월세 전환율,6.66666666666667,%
전남,,2021-12,지역별전월세전환율_아파트,전월세 전환율,6.54545454545455,%
전남,,2022-01,지역별전월세전환율_아파트,전월세 전환율,6.49625529143601,%
전남,,2022-02,지역별전월세전환율_아파트,전월세 전환율,6.46153846153846,%
전남,,2022-03,지역별전월세전환율_아파트,전월세 전환율,6.27951696494677,%
전남,,2022-04,지역별전월세전환율_아파트,전월세 전환율,6.30909303139956,%
전남,,2022-05,지역별전월세전환율_아파트,전월세 전환율,6.06741573033708,%
전남,,2022-06,지역별전월세전환율_아파트,전월세 전환율,6,%
전남,,2022-07,지역별전월세전환율_아파트,전월세 전환율,5.98863636363636,%
전남,,2022-08,지역별전월세전환율_아파트,전월세 전환율,5.71428571428571,%
전남,,2022-09,지역별전월세전환율_아파트,전월세 전환율,5.28285274047986,%
전남,,2022-10,지역별전월세전환율_아파트,전월세 전환율,5.2,%
전남,,2022-11,지역별전월세전환율_아파트,전월세 전환율,5.09100220159716,%
전남,,2022-12,지역별전월세전환율_아파트,전월세 전환율,5.08234582065615,%
전남,,2023-01,지역별전월세전환율_아파트,전월세 전환율,5.33333333333333,%
전남,,2023-02,지역별전월세전환율_아파트,전월세 전환율,5.69589702333065,%
전남,,2023-03,지역별전월세전환율_아파트,전월세 전환율,6,%
전남,,2023-04,지역별전월세전환율_아파트,전월세 전환율,6,%
전남,,2023-05,지역별전월세전환율_아파트,전월세 전환율,6.03412067033609,%
전남,,2023-06,지역별전월세전환율_아파트,전월세 전환율,6,%
전남,,2023-07,지역별전월세전환율_아파트,전월세 전환율,6.00193907583248,%
전남,,2023-08,지역별전월세전환율_아파트,전월세 전환율,6.08745214157317,%
전남,,2023-09,지역별전월세전환율_아파트,전월세 전환율,6.18047403241312,%
전남,,2023-10,지역별전월세전환율_아파트,전월세 전환율,6.26865671641791,%
전남,,2023-11,지역별전월세전환율_아파트,전월세 전환율,6.0653547133139,%
전남,,2023-12,지역별전월세전환율_아파트,전월세 전환율,6.41313195869353,%
전남,,2024-01,지역별전월세전환율_아파트,전월세 전환율,6.41711229946524,%
전남,,2024-02,지역별전월세전환율_아파트,전월세 전환율,6.34637866726048,%
전남,,2024-03,지역별전월세전환율_아파트,전월세 전환율,6.31642909901407,%
전남,,2024-04,지역별전월세전환율_아파트,전월세 전환율,6.31578947368421,%
전남,,2024-05,지역별전월세전환율_아파트,전월세 전환율,6.29508196721311,%
전남,,2024-06,지역별전월세전환율_아파트,전월세 전환율,6.354219317741827,%
전남,,2024-07,지역별전월세전환율_아파트,전월세 전환율,6.42871492667247,%
전남,,2024-08,지역별전월세전환율_아파트,전월세 전환율,6.62603028448687,%
전남,,2024-09,지역별전월세전환율_아파트,전월세 전환율,6.6,%
전남,,2024-10,지역별전월세전환율_아파트,전월세 전환율,6.6666666666667,%
전남,,2024-11,지역별전월세전환율_아파트,전월세 전환율,6.6666666666667,%
전남,,2024-12,지역별전월세전환율_아파트,전월세 전환율,6.5454545454546,%
전남,,2025-01,지역별전월세전환율_아파트,전월세 전환율,6.4864864864865,%
전남,,2025-02,지역별전월세전환율_아파트,전월세 전환율,6.5,%
전남,,2025-03,지역별전월세전환율_아파트,전월세 전환율,6.3157894736842,%
전남,,2025-04,지역별전월세전환율_아파트,전월세 전환율,6.2664340358089,%
전남,,2025-05,지역별전월세전환율_아파트,전월세 전환율,6.4098777371569,%
전남,,2025-06,지역별전월세전환율_아파트,전월세 전환율,6.4615384615385,%
전남,,2025-07,지역별전월세전환율_아파트,전월세 전환율,6.5454545454546,%
전남,,2025-08,지역별전월세전환율_아파트,전월세 전환율,6.6206896551724,%
전남,,2025-09,지역별전월세전환율_아파트,전월세 전환율,6.7340702032964,%
전남,,2025-10,지역별전월세전환율_아파트,전월세 전환율,6.75,%
전남,,2025-11,지역별전월세전환율_아파트,전월세 전환율,6.6666666666667,%
전남,,2025-12,지역별전월세전환율_아파트,전월세 전환율,6.6814151867136,%
전남,,2026-01,지역별전월세전환율_아파트,전월세 전환율,6.6716674530317,%
전남,,2026-02,지역별전월세전환율_아파트,전월세 전환율,6.75,%
전남,,2026-03,지역별전월세전환율_아파트,전월세 전환율,6.6666666666667,%
전남,,2026-04,지역별전월세전환율_아파트,전월세 전환율,6.6283723688112,%
전남,,2026-05,지역별전월세전환율_아파트,전월세 전환율,6.8571428571429,%
전남,,2026-06,지역별전월세전환율_아파트,전월세 전환율,7,%
전남,,2026-07,지역별전월세전환율_아파트,전월세 전환율,7.3846153846154,%
전북,,2011-01,지역별전월세전환율_아파트,전월세 전환율,9.66640958103053,%
전북,,2011-02,지역별전월세전환율_아파트,전월세 전환율,9.66640958103053,%
전북,,2011-03,지역별전월세전환율_아파트,전월세 전환율,9.66640958103053,%
전북,,2011-04,지역별전월세전환율_아파트,전월세 전환율,9.66640958103053,%
전북,,2011-05,지역별전월세전환율_아파트,전월세 전환율,9.66640958103053,%
전북,,2011-06,지역별전월세전환율_아파트,전월세 전환율,9.66640958103053,%
전북,,2011-07,지역별전월세전환율_아파트,전월세 전환율,9.6,%
전북,,2011-08,지역별전월세전환율_아파트,전월세 전환율,9.85959150575237,%
전북,,2011-09,지역별전월세전환율_아파트,전월세 전환율,9.54545454545454,%
전북,,2011-10,지역별전월세전환율_아파트,전월세 전환율,9.6,%
전북,,2011-11,지역별전월세전환율_아파트,전월세 전환율,9.33333333333333,%
전북,,2011-12,지역별전월세전환율_아파트,전월세 전환율,9.23076923076923,%
전북,,2012-01,지역별전월세전환율_아파트,전월세 전환율,9.33333333333333,%
전북,,2012-02,지역별전월세전환율_아파트,전월세 전환율,9.40906038801409,%
전북,,2012-03,지역별전월세전환율_아파트,전월세 전환율,9.2307681656806,%
전북,,2012-04,지역별전월세전환율_아파트,전월세 전환율,9,%
전북,,2012-05,지역별전월세전환율_아파트,전월세 전환율,9.01354556483277,%
전북,,2012-06,지역별전월세전환율_아파트,전월세 전환율,9.33333333333333,%
전북,,2012-07,지역별전월세전환율_아파트,전월세 전환율,9.41263940520446,%
전북,,2012-08,지역별전월세전환율_아파트,전월세 전환율,9.3968253968254,%
전북,,2012-09,지역별전월세전환율_아파트,전월세 전환율,9.23076923076923,%
전북,,2012-10,지역별전월세전환율_아파트,전월세 전환율,9.23076923076923,%
전북,,2012-11,지역별전월세전환율_아파트,전월세 전환율,9.16557383009926,%
전북,,2012-12,지역별전월세전환율_아파트,전월세 전환율,8,%
전북,,2013-01,지역별전월세전환율_아파트,전월세 전환율,7.91316259340137,%
전북,,2013-02,지역별전월세전환율_아파트,전월세 전환율,8,%
전북,,2013-03,지역별전월세전환율_아파트,전월세 전환율,7.71428571428572,%
전북,,2013-04,지역별전월세전환율_아파트,전월세 전환율,7.75937646813413,%
전북,,2013-05,지역별전월세전환율_아파트,전월세 전환율,7.63636363636363,%
전북,,2013-06,지역별전월세전환율_아파트,전월세 전환율,8.03245436105477,%
전북,,2013-07,지역별전월세전환율_아파트,전월세 전환율,8,%
전북,,2013-08,지역별전월세전환율_아파트,전월세 전환율,7.38461538461538,%
전북,,2013-09,지역별전월세전환율_아파트,전월세 전환율,7.4,%
전북,,2013-10,지역별전월세전환율_아파트,전월세 전환율,7.2,%
전북,,2013-11,지역별전월세전환율_아파트,전월세 전환율,7.2,%
전북,,2013-12,지역별전월세전환율_아파트,전월세 전환율,7.0561797752809,%
전북,,2014-01,지역별전월세전환율_아파트,전월세 전환율,7.29480777499994,%
전북,,2014-02,지역별전월세전환율_아파트,전월세 전환율,7.74441920040249,%
전북,,2014-03,지역별전월세전환율_아파트,전월세 전환율,7.63582465884117,%
전북,,2014-04,지역별전월세전환율_아파트,전월세 전환율,7.56785232439166,%
전북,,2014-05,지역별전월세전환율_아파트,전월세 전환율,7.5,%
전북,,2014-06,지역별전월세전환율_아파트,전월세 전환율,7.57894736842105,%
전북,,2014-07,지역별전월세전환율_아파트,전월세 전환율,7.64864880934685,%
전북,,2014-08,지역별전월세전환율_아파트,전월세 전환율,7.63289182553875,%
전북,,2014-09,지역별전월세전환율_아파트,전월세 전환율,7.61658417062935,%
전북,,2014-10,지역별전월세전환율_아파트,전월세 전환율,7.61658417062935,%
전북,,2014-11,지역별전월세전환율_아파트,전월세 전환율,7.44710113865731,%
전북,,2014-12,지역별전월세전환율_아파트,전월세 전환율,7.44710113865731,%
전북,,2015-01,지역별전월세전환율_아파트,전월세 전환율,7.4396352448908,%
전북,,2015-02,지역별전월세전환율_아파트,전월세 전환율,6.85714285714286,%
전북,,2015-03,지역별전월세전환율_아파트,전월세 전환율,6.66666666666667,%
전북,,2015-04,지역별전월세전환율_아파트,전월세 전환율,6.62068965517241,%
전북,,2015-05,지역별전월세전환율_아파트,전월세 전환율,6.85013678925946,%
전북,,2015-06,지역별전월세전환율_아파트,전월세 전환율,6.97674418604651,%
전북,,2015-07,지역별전월세전환율_아파트,전월세 전환율,7.05882352941176,%
전북,,2015-08,지역별전월세전환율_아파트,전월세 전환율,7.44339801019789,%
전북,,2015-09,지역별전월세전환율_아파트,전월세 전환율,7.44692167198148,%
전북,,2015-10,지역별전월세전환율_아파트,전월세 전환율,7.44692167198148,%
전북,,2015-11,지역별전월세전환율_아파트,전월세 전환율,7.44692167198148,%
전북,,2015-12,지역별전월세전환율_아파트,전월세 전환율,7.43945595835397,%
전북,,2016-01,지역별전월세전환율_아파트,전월세 전환율,7.35499794323324,%
전북,,2016-02,지역별전월세전환율_아파트,전월세 전환율,6.66666666666667,%
전북,,2016-03,지역별전월세전환율_아파트,전월세 전환율,6.54545454545454,%
전북,,2016-04,지역별전월세전환율_아파트,전월세 전환율,6.46153846153846,%
전북,,2016-05,지역별전월세전환율_아파트,전월세 전환율,6.39877892752127,%
전북,,2016-06,지역별전월세전환율_아파트,전월세 전환율,6.42857142857143,%
전북,,2016-07,지역별전월세전환율_아파트,전월세 전환율,6.40651541327239,%
전북,,2016-08,지역별전월세전환율_아파트,전월세 전환율,6.54545454545455,%
전북,,2016-09,지역별전월세전환율_아파트,전월세 전환율,6.24807014064957,%
전북,,2016-10,지역별전월세전환율_아파트,전월세 전환율,6.24807014064957,%
전북,,2016-11,지역별전월세전환율_아파트,전월세 전환율,6.24807014064957,%
전북,,2016-12,지역별전월세전환율_아파트,전월세 전환율,6.06861206659866,%
전북,,2017-01,지역별전월세전환율_아파트,전월세 전환율,6,%
전북,,2017-02,지역별전월세전환율_아파트,전월세 전환율,6,%
전북,,2017-03,지역별전월세전환율_아파트,전월세 전환율,6,%
전북,,2017-04,지역별전월세전환율_아파트,전월세 전환율,6,%
전북,,2017-05,지역별전월세전환율_아파트,전월세 전환율,6,%
전북,,2017-06,지역별전월세전환율_아파트,전월세 전환율,6,%
전북,,2017-07,지역별전월세전환율_아파트,전월세 전환율,6.15384615384616,%
전북,,2017-08,지역별전월세전환율_아파트,전월세 전환율,6.27338544561532,%
전북,,2017-09,지역별전월세전환율_아파트,전월세 전환율,6.30299192654741,%
전북,,2017-10,지역별전월세전환율_아파트,전월세 전환율,6.12873563218391,%
전북,,2017-11,지역별전월세전환율_아파트,전월세 전환율,6.19354838709677,%
전북,,2017-12,지역별전월세전환율_아파트,전월세 전환율,6.07499170445747,%
전북,,2018-01,지역별전월세전환율_아파트,전월세 전환율,6,%
전북,,2018-02,지역별전월세전환율_아파트,전월세 전환율,6,%
전북,,2018-03,지역별전월세전환율_아파트,전월세 전환율,6,%
전북,,2018-04,지역별전월세전환율_아파트,전월세 전환율,6,%
전북,,2018-05,지역별전월세전환율_아파트,전월세 전환율,6,%
전북,,2018-06,지역별전월세전환율_아파트,전월세 전환율,5.97067806963958,%
전북,,2018-07,지역별전월세전환율_아파트,전월세 전환율,6.4,%
전북,,2018-08,지역별전월세전환율_아파트,전월세 전환율,6.46153846153846,%
전북,,2018-09,지역별전월세전환율_아파트,전월세 전환율,6.54545454545454,%
전북,,2018-10,지역별전월세전환율_아파트,전월세 전환율,6.46153846153846,%
전북,,2018-11,지역별전월세전환율_아파트,전월세 전환율,6.66666666666667,%
전북,,2018-12,지역별전월세전환율_아파트,전월세 전환율,6.66666666666667,%
전북,,2019-01,지역별전월세전환율_아파트,전월세 전환율,6,%
전북,,2019-02,지역별전월세전환율_아파트,전월세 전환율,6,%
전북,,2019-03,지역별전월세전환율_아파트,전월세 전환율,6,%
전북,,2019-04,지역별전월세전환율_아파트,전월세 전환율,6,%
전북,,2019-05,지역별전월세전환율_아파트,전월세 전환율,6,%
전북,,2019-06,지역별전월세전환율_아파트,전월세 전환율,6,%
전북,,2019-07,지역별전월세전환율_아파트,전월세 전환율,6,%
전북,,2019-08,지역별전월세전환율_아파트,전월세 전환율,6,%
전북,,2019-09,지역별전월세전환율_아파트,전월세 전환율,6,%
전북,,2019-10,지역별전월세전환율_아파트,전월세 전환율,5.99728014505893,%
전북,,2019-11,지역별전월세전환율_아파트,전월세 전환율,5.99931995919755,%
전북,,2019-12,지역별전월세전환율_아파트,전월세 전환율,6.10909090909091,%
전북,,2020-01,지역별전월세전환율_아파트,전월세 전환율,6,%
전북,,2020-02,지역별전월세전환율_아파트,전월세 전환율,6.2026325247548,%
전북,,2020-03,지역별전월세전환율_아파트,전월세 전환율,6.21403671856844,%
전북,,2020-04,지역별전월세전환율_아파트,전월세 전환율,6.10666836992588,%
전북,,2020-05,지역별전월세전환율_아파트,전월세 전환율,6.12491405530821,%
전북,,2020-06,지역별전월세전환율_아파트,전월세 전환율,6.00883893237305,%
전북,,2020-07,지역별전월세전환율_아파트,전월세 전환율,6.05783236980473,%
전북,,2020-08,지역별전월세전환율_아파트,전월세 전환율,6,%
전북,,2020-09,지역별전월세전환율_아파트,전월세 전환율,6,%
전북,,2020-10,지역별전월세전환율_아파트,전월세 전환율,5.53846153846154,%
전북,,2020-11,지역별전월세전환율_아파트,전월세 전환율,5.60060882800609,%
전북,,2020-12,지역별전월세전환율_아파트,전월세 전환율,5.90864534305699,%
전북,,2021-01,지역별전월세전환율_아파트,전월세 전환율,6,%
전북,,2021-02,지역별전월세전환율_아파트,전월세 전환율,6,%
전북,,2021-03,지역별전월세전환율_아파트,전월세 전환율,6.07529411764706,%
전북,,2021-04,지역별전월세전환율_아파트,전월세 전환율,6.02994766397748,%
전북,,2021-05,지역별전월세전환율_아파트,전월세 전환율,6.23376623376623,%
전북,,2021-06,지역별전월세전환율_아파트,전월세 전환율,6.22564437970092,%
전북,,2021-07,지역별전월세전환율_아파트,전월세 전환율,6.21600621600622,%
전북,,2021-08,지역별전월세전환율_아파트,전월세 전환율,6,%
전북,,2021-09,지역별전월세전환율_아파트,전월세 전환율,5.81952357619224,%
전북,,2021-10,지역별전월세전환율_아파트,전월세 전환율,5.74468085106383,%
전북,,2021-11,지역별전월세전환율_아파트,전월세 전환율,5.71428571428571,%
전북,,2021-12,지역별전월세전환율_아파트,전월세 전환율,5.68421052631579,%
전북,,2022-01,지역별전월세전환율_아파트,전월세 전환율,5.76481513173042,%
전북,,2022-02,지역별전월세전환율_아파트,전월세 전환율,5.867513144079,%
전북,,2022-03,지역별전월세전환율_아파트,전월세 전환율,5.79088471849866,%
전북,,2022-04,지역별전월세전환율_아파트,전월세 전환율,5.85365853658537,%
전북,,2022-05,지역별전월세전환율_아파트,전월세 전환율,5.83090379008746,%
전북,,2022-06,지역별전월세전환율_아파트,전월세 전환율,5.88241282769152,%
전북,,2022-07,지역별전월세전환율_아파트,전월세 전환율,5.6912190689875,%
전북,,2022-08,지역별전월세전환율_아파트,전월세 전환율,5.66929133858268,%
전북,,2022-09,지역별전월세전환율_아파트,전월세 전환율,5.65714285714286,%
전북,,2022-10,지역별전월세전환율_아파트,전월세 전환율,5.65714285714286,%
전북,,2022-11,지역별전월세전환율_아파트,전월세 전환율,5.68421052631579,%
전북,,2022-12,지역별전월세전환율_아파트,전월세 전환율,5.75657448716853,%
전북,,2023-01,지역별전월세전환율_아파트,전월세 전환율,5.97655893676836,%
전북,,2023-02,지역별전월세전환율_아파트,전월세 전환율,6,%
전북,,2023-03,지역별전월세전환율_아파트,전월세 전환율,6.03406374739057,%
전북,,2023-04,지역별전월세전환율_아파트,전월세 전환율,6.0303565600264,%
전북,,2023-05,지역별전월세전환율_아파트,전월세 전환율,6.19354838709677,%
전북,,2023-06,지역별전월세전환율_아파트,전월세 전환율,6.18369453044376,%
전북,,2023-07,지역별전월세전환율_아파트,전월세 전환율,6.21213792402172,%
전북,,2023-08,지역별전월세전환율_아파트,전월세 전환율,6.13058455654672,%
전북,,2023-09,지역별전월세전환율_아파트,전월세 전환율,6.03677639046538,%
전북,,2023-10,지역별전월세전환율_아파트,전월세 전환율,6.074279424346,%
전북,,2023-11,지역별전월세전환율_아파트,전월세 전환율,6.09794108350418,%
전북,,2023-12,지역별전월세전환율_아파트,전월세 전환율,6.09523809523809,%
전북,,2024-01,지역별전월세전환율_아파트,전월세 전환율,6.158357771261,%
전북,,2024-02,지역별전월세전환율_아파트,전월세 전환율,6.12765957446809,%
전북,,2024-03,지역별전월세전환율_아파트,전월세 전환율,6.19624664879357,%
전북,,2024-04,지역별전월세전환율_아파트,전월세 전환율,6.33564786274865,%
전북,,2024-05,지역별전월세전환율_아파트,전월세 전환율,6.4,%
전북,,2024-06,지역별전월세전환율_아파트,전월세 전환율,6.4,%
전북,,2024-07,지역별전월세전환율_아파트,전월세 전환율,6.42857142857143,%
전북,,2024-08,지역별전월세전환율_아파트,전월세 전환율,6.46153846153848,%
전북,,2024-09,지역별전월세전환율_아파트,전월세 전환율,6.4615384615385,%
전북,,2024-10,지역별전월세전환율_아파트,전월세 전환율,6.5454545454545,%
전북,,2024-11,지역별전월세전환율_아파트,전월세 전환율,6.5948034060075,%
전북,,2024-12,지역별전월세전환율_아파트,전월세 전환율,6.6666666666667,%
전북,,2025-01,지역별전월세전환율_아파트,전월세 전환율,6.6154295733489,%
전북,,2025-02,지역별전월세전환율_아파트,전월세 전환율,6.6045687975916,%
전북,,2025-03,지역별전월세전환율_아파트,전월세 전환율,6.4949746992759,%
전북,,2025-04,지역별전월세전환율_아파트,전월세 전환율,6.5454545454545,%
전북,,2025-05,지역별전월세전환율_아파트,전월세 전환율,6.4864864864865,%
전북,,2025-06,지역별전월세전환율_아파트,전월세 전환율,6.4615384615385,%
전북,,2025-07,지역별전월세전환율_아파트,전월세 전환율,6.5454545454546,%
전북,,2025-08,지역별전월세전환율_아파트,전월세 전환율,6.6666666666667,%
전북,,2025-09,지역별전월세전환율_아파트,전월세 전환율,6.7735629359798,%
전북,,2025-10,지역별전월세전환율_아파트,전월세 전환율,6.7241379310345,%
전북,,2025-11,지역별전월세전환율_아파트,전월세 전환율,6.6995589240108,%
전북,,2025-12,지역별전월세전환율_아파트,전월세 전환율,6.7094609937902,%
전북,,2026-01,지역별전월세전환율_아파트,전월세 전환율,6.5719216228973,%
전북,,2026-02,지역별전월세전환율_아파트,전월세 전환율,6.551730666973,%
전북,,2026-03,지역별전월세전환율_아파트,전월세 전환율,6.6463012913953,%
전북,,2026-04,지역별전월세전환율_아파트,전월세 전환율,6.5719216228973,%
전북,,2026-05,지역별전월세전환율_아파트,전월세 전환율,6.8810183662925,%
전북,,2026-06,지역별전월세전환율_아파트,전월세 전환율,7.1753803912596,%
전북,,2026-07,지역별전월세전환율_아파트,전월세 전환율,7.3684210526316,%
제주,,2011-01,지역별전월세전환율_아파트,전월세 전환율,9.11960933388303,%
제주,,2011-02,지역별전월세전환율_아파트,전월세 전환율,9.11960933388303,%
제주,,2011-03,지역별전월세전환율_아파트,전월세 전환율,9.11960933388303,%
제주,,2011-04,지역별전월세전환율_아파트,전월세 전환율,9.11960933388303,%
제주,,2011-05,지역별전월세전환율_아파트,전월세 전환율,9.11960933388303,%
제주,,2011-06,지역별전월세전환율_아파트,전월세 전환율,9.11960933388303,%
제주,,2011-07,지역별전월세전환율_아파트,전월세 전환율,7.94732842105263,%
제주,,2011-08,지역별전월세전환율_아파트,전월세 전환율,8.21919423131711,%
제주,,2011-09,지역별전월세전환율_아파트,전월세 전환율,8.69483016231109,%
제주,,2011-10,지역별전월세전환율_아파트,전월세 전환율,7.8112476078933,%
제주,,2011-11,지역별전월세전환율_아파트,전월세 전환율,7.30272727272727,%
제주,,2011-12,지역별전월세전환율_아파트,전월세 전환율,7.51542366890524,%
제주,,2012-01,지역별전월세전환율_아파트,전월세 전환율,7.87611308941013,%
제주,,2012-02,지역별전월세전환율_아파트,전월세 전환율,7.93638095238095,%
제주,,2012-03,지역별전월세전환율_아파트,전월세 전환율,8.3333,%
제주,,2012-04,지역별전월세전환율_아파트,전월세 전환율,8.13640672171297,%
제주,,2012-05,지역별전월세전환율_아파트,전월세 전환율,8.13640672171297,%
제주,,2012-06,지역별전월세전환율_아파트,전월세 전환율,7.9352969767891,%
제주,,2012-07,지역별전월세전환율_아파트,전월세 전환율,8,%
제주,,2012-08,지역별전월세전환율_아파트,전월세 전환율,8.22843847313541,%
제주,,2012-09,지역별전월세전환율_아파트,전월세 전환율,7.78568571428571,%
제주,,2012-10,지역별전월세전환율_아파트,전월세 전환율,7.54999443235995,%
제주,,2012-11,지역별전월세전환율_아파트,전월세 전환율,7.85708571428571,%
제주,,2012-12,지역별전월세전환율_아파트,전월세 전환율,7.80354285714286,%
제주,,2013-01,지역별전월세전환율_아파트,전월세 전환율,8.04348026086956,%
제주,,2013-02,지역별전월세전환율_아파트,전월세 전환율,7.80354285714286,%
제주,,2013-03,지역별전월세전환율_아파트,전월세 전환율,7.75,%
제주,,2013-04,지역별전월세전환율_아파트,전월세 전환율,7.68443804310519,%
제주,,2013-05,지역별전월세전환율_아파트,전월세 전환율,7.92855257142857,%
제주,,2013-06,지역별전월세전환율_아파트,전월세 전환율,7.80041461582201,%
제주,,2013-07,지역별전월세전환율_아파트,전월세 전환율,8.09861461730434,%
제주,,2013-08,지역별전월세전환율_아파트,전월세 전환율,8.08962988929733,%
제주,,2013-09,지역별전월세전환율_아파트,전월세 전환율,7.59497623428319,%
제주,,2013-10,지역별전월세전환율_아파트,전월세 전환율,7.49456840362211,%
제주,,2013-11,지역별전월세전환율_아파트,전월세 전환율,7.50470594314482,%
제주,,2013-12,지역별전월세전환율_아파트,전월세 전환율,7.47565346293134,%
제주,,2014-01,지역별전월세전환율_아파트,전월세 전환율,7.2109334966864,%
제주,,2014-02,지역별전월세전환율_아파트,전월세 전환율,7.12812325661285,%
제주,,2014-03,지역별전월세전환율_아파트,전월세 전환율,6.85017744231431,%
제주,,2014-04,지역별전월세전환율_아파트,전월세 전환율,6.66666,%
제주,,2014-05,지역별전월세전환율_아파트,전월세 전환율,6.75,%
제주,,2014-06,지역별전월세전환율_아파트,전월세 전환율,6.64029145116965,%
제주,,2014-07,지역별전월세전환율_아파트,전월세 전환율,6.70833176470588,%
제주,,2014-08,지역별전월세전환율_아파트,전월세 전환율,8.21358919961427,%
제주,,2014-09,지역별전월세전환율_아파트,전월세 전환율,7.14718545144188,%
제주,,2014-10,지역별전월세전환율_아파트,전월세 전환율,7.23809523809524,%
제주,,2014-11,지역별전월세전환율_아파트,전월세 전환율,7.23809523809524,%
제주,,2014-12,지역별전월세전환율_아파트,전월세 전환율,7.125,%
제주,,2015-01,지역별전월세전환율_아파트,전월세 전환율,7.23809523809524,%
제주,,2015-02,지역별전월세전환율_아파트,전월세 전환율,7.23809523809524,%
제주,,2015-03,지역별전월세전환율_아파트,전월세 전환율,7.23809523809524,%
제주,,2015-04,지역별전월세전환율_아파트,전월세 전환율,7.23809523809524,%
제주,,2015-05,지역별전월세전환율_아파트,전월세 전환율,7.23809523809524,%
제주,,2015-06,지역별전월세전환율_아파트,전월세 전환율,7.23809523809524,%
제주,,2015-07,지역별전월세전환율_아파트,전월세 전환율,7.23809523809524,%
제주,,2015-08,지역별전월세전환율_아파트,전월세 전환율,7.13013112246962,%
제주,,2015-09,지역별전월세전환율_아파트,전월세 전환율,7.125,%
제주,,2015-10,지역별전월세전환율_아파트,전월세 전환율,7.125,%
제주,,2015-11,지역별전월세전환율_아파트,전월세 전환율,7.23809523809524,%
제주,,2015-12,지역별전월세전환율_아파트,전월세 전환율,7.23809523809524,%
제주,,2016-01,지역별전월세전환율_아파트,전월세 전환율,6.65602690166684,%
제주,,2016-02,지역별전월세전환율_아파트,전월세 전환율,6.13774140561394,%
제주,,2016-03,지역별전월세전환율_아파트,전월세 전환율,5.78946947368421,%
제주,,2016-04,지역별전월세전환율_아파트,전월세 전환율,5.58599673648063,%
제주,,2016-05,지역별전월세전환율_아파트,전월세 전환율,5.54463204057048,%
제주,,2016-06,지역별전월세전환율_아파트,전월세 전환율,5.28915248508446,%
제주,,2016-07,지역별전월세전환율_아파트,전월세 전환율,5.17241379310345,%
제주,,2016-08,지역별전월세전환율_아파트,전월세 전환율,5.18518222222222,%
제주,,2016-09,지역별전월세전환율_아파트,전월세 전환율,5.17241379310345,%
제주,,2016-10,지역별전월세전환율_아파트,전월세 전환율,5.24571428571429,%
제주,,2016-11,지역별전월세전환율_아파트,전월세 전환율,5.33333333333333,%
제주,,2016-12,지역별전월세전환율_아파트,전월세 전환율,5.0270152465092,%
제주,,2017-01,지역별전월세전환율_아파트,전월세 전환율,5.29395,%
제주,,2017-02,지역별전월세전환율_아파트,전월세 전환율,5.000004,%
제주,,2017-03,지역별전월세전환율_아파트,전월세 전환율,4.86486486486487,%
제주,,2017-04,지역별전월세전환율_아파트,전월세 전환율,4.7826052173913,%
제주,,2017-05,지역별전월세전환율_아파트,전월세 전환율,4.8629740990991,%
제주,,2017-06,지역별전월세전환율_아파트,전월세 전환율,4.75804207983373,%
제주,,2017-07,지역별전월세전환율_아파트,전월세 전환율,4.74545454545453,%
제주,,2017-08,지역별전월세전환율_아파트,전월세 전환율,4.74016511930628,%
제주,,2017-09,지역별전월세전환율_아파트,전월세 전환율,4.74545454545453,%
제주,,2017-10,지역별전월세전환율_아파트,전월세 전환율,4.70591347395139,%
제주,,2017-11,지역별전월세전환율_아파트,전월세 전환율,4.74947368421052,%
제주,,2017-12,지역별전월세전환율_아파트,전월세 전환율,4.99513980216136,%
제주,,2018-01,지역별전월세전환율_아파트,전월세 전환율,4.73684210526316,%
제주,,2018-02,지역별전월세전환율_아파트,전월세 전환율,4.79712561485788,%
제주,,2018-03,지역별전월세전환율_아파트,전월세 전환율,4.72727563636364,%
제주,,2018-04,지역별전월세전환율_아파트,전월세 전환율,4.76228571428571,%
제주,,2018-05,지역별전월세전환율_아파트,전월세 전환율,4.74545454545453,%
제주,,2018-06,지역별전월세전환율_아파트,전월세 전환율,4.74545454545453,%
제주,,2018-07,지역별전월세전환율_아파트,전월세 전환율,4.74545454545453,%
제주,,2018-08,지역별전월세전환율_아파트,전월세 전환율,4.74545454545453,%
제주,,2018-09,지역별전월세전환율_아파트,전월세 전환율,4.74545454545453,%
제주,,2018-10,지역별전월세전환율_아파트,전월세 전환율,4.74172185430463,%
제주,,2018-11,지역별전월세전환율_아파트,전월세 전환율,4.74172185430463,%
제주,,2018-12,지역별전월세전환율_아파트,전월세 전환율,4.84210105263158,%
제주,,2019-01,지역별전월세전환율_아파트,전월세 전환율,4.76654764820256,%
제주,,2019-02,지역별전월세전환율_아파트,전월세 전환율,4.78555068522789,%
제주,,2019-03,지역별전월세전환율_아파트,전월세 전환율,4.81301936090746,%
제주,,2019-04,지역별전월세전환율_아파트,전월세 전환율,4.7774841126684,%
제주,,2019-05,지역별전월세전환율_아파트,전월세 전환율,4.76114176033934,%
제주,,2019-06,지역별전월세전환율_아파트,전월세 전환율,4.7826052173913,%
제주,,2019-07,지역별전월세전환율_아파트,전월세 전환율,4.74545454545453,%
제주,,2019-08,지역별전월세전환율_아파트,전월세 전환율,4.74545454545453,%
제주,,2019-09,지역별전월세전환율_아파트,전월세 전환율,4.74545454545453,%
제주,,2019-10,지역별전월세전환율_아파트,전월세 전환율,4.74386046860355,%
제주,,2019-11,지역별전월세전환율_아파트,전월세 전환율,4.74172185430463,%
제주,,2019-12,지역별전월세전환율_아파트,전월세 전환율,4.81151068017371,%
제주,,2020-01,지역별전월세전환율_아파트,전월세 전환율,4.90565433962264,%
제주,,2020-02,지역별전월세전환율_아파트,전월세 전환율,4.88167000016905,%
제주,,2020-03,지역별전월세전환율_아파트,전월세 전환율,4.86486486486486,%
제주,,2020-04,지역별전월세전환율_아파트,전월세 전환율,4.74756598240468,%
제주,,2020-05,지역별전월세전환율_아파트,전월세 전환율,4.82758344827586,%
제주,,2020-06,지역별전월세전환율_아파트,전월세 전환율,4.74545454545453,%
제주,,2020-07,지역별전월세전환율_아파트,전월세 전환율,4.74172185430464,%
제주,,2020-08,지역별전월세전환율_아파트,전월세 전환율,4.74172185430464,%
제주,,2020-09,지역별전월세전환율_아파트,전월세 전환율,4.74172185430464,%
제주,,2020-10,지역별전월세전환율_아파트,전월세 전환율,4.74172185430464,%
제주,,2020-11,지역별전월세전환율_아파트,전월세 전환율,4.74172185430464,%
제주,,2020-12,지역별전월세전환율_아파트,전월세 전환율,4.82758344827586,%
제주,,2021-01,지역별전월세전환율_아파트,전월세 전환율,4.96265597623195,%
제주,,2021-02,지역별전월세전환율_아파트,전월세 전환율,4.96265597623195,%
제주,,2021-03,지역별전월세전환율_아파트,전월세 전환율,4.82635784145675,%
제주,,2021-04,지역별전월세전환율_아파트,전월세 전환율,4.83909677419355,%
제주,,2021-05,지역별전월세전환율_아파트,전월세 전환율,4.83909677419355,%
제주,,2021-06,지역별전월세전환율_아파트,전월세 전환율,4.75173607382749,%
제주,,2021-07,지역별전월세전환율_아파트,전월세 전환율,4.72696426677977,%
제주,,2021-08,지역별전월세전환율_아파트,전월세 전환율,4.72459213338988,%
제주,,2021-09,지역별전월세전환율_아파트,전월세 전환율,4.70588117647059,%
제주,,2021-10,지역별전월세전환율_아파트,전월세 전환율,4.65315829991981,%
제주,,2021-11,지역별전월세전환율_아파트,전월세 전환율,4.6875,%
제주,,2021-12,지역별전월세전환율_아파트,전월세 전환율,4.74172185430464,%
제주,,2022-01,지역별전월세전환율_아파트,전월세 전환율,4.8,%
제주,,2022-02,지역별전월세전환율_아파트,전월세 전환율,4.7913052173913,%
제주,,2022-03,지역별전월세전환율_아파트,전월세 전환율,4.76719335918209,%
제주,,2022-04,지역별전월세전환율_아파트,전월세 전환율,4.73684210526316,%
제주,,2022-05,지역별전월세전환율_아파트,전월세 전환율,4.71910112359551,%
제주,,2022-06,지역별전월세전환율_아파트,전월세 전환율,4.69976818271765,%
제주,,2022-07,지역별전월세전환율_아파트,전월세 전환율,4.73684210526316,%
제주,,2022-08,지역별전월세전환율_아파트,전월세 전환율,4.8,%
제주,,2022-09,지역별전월세전환율_아파트,전월세 전환율,4.82758344827586,%
제주,,2022-10,지역별전월세전환율_아파트,전월세 전환율,4.999992,%
제주,,2022-11,지역별전월세전환율_아파트,전월세 전환율,5.26315705263158,%
제주,,2022-12,지역별전월세전환율_아파트,전월세 전환율,5.35098384236453,%
제주,,2023-01,지역별전월세전환율_아파트,전월세 전환율,5.51723586206896,%
제주,,2023-02,지역별전월세전환율_아파트,전월세 전환율,5.58827629641244,%
제주,,2023-03,지역별전월세전환율_아파트,전월세 전환율,5.67080867745045,%
제주,,2023-04,지역별전월세전환율_아파트,전월세 전환율,5.666664,%
제주,,2023-05,지역별전월세전환율_아파트,전월세 전환율,5.69010886991391,%
제주,,2023-06,지역별전월세전환율_아파트,전월세 전환율,5.63714991974971,%
제주,,2023-07,지역별전월세전환율_아파트,전월세 전환율,5.666664,%
제주,,2023-08,지역별전월세전환율_아파트,전월세 전환율,5.625,%
제주,,2023-09,지역별전월세전환율_아파트,전월세 전환율,5.51724,%
제주,,2023-10,지역별전월세전환율_아파트,전월세 전환율,5.57376786885246,%
제주,,2023-11,지역별전월세전환율_아파트,전월세 전환율,5.53846153846154,%
제주,,2023-12,지역별전월세전환율_아파트,전월세 전환율,5.5999968,%
제주,,2024-01,지역별전월세전환율_아파트,전월세 전환율,5.55555555555556,%
제주,,2024-02,지역별전월세전환율_아파트,전월세 전환율,5.55555333333333,%
제주,,2024-03,지역별전월세전환율_아파트,전월세 전환율,5.55284247979001,%
제주,,2024-04,지역별전월세전환율_아파트,전월세 전환율,5.58976390348132,%
제주,,2024-05,지역별전월세전환율_아파트,전월세 전환율,5.55555555555555,%
제주,,2024-06,지역별전월세전환율_아파트,전월세 전환율,5.5062739489114705,%
제주,,2024-07,지역별전월세전환율_아파트,전월세 전환율,5.40540231660232,%
제주,,2024-08,지역별전월세전환율_아파트,전월세 전환율,5.31645569620253,%
제주,,2024-09,지역별전월세전환율_아파트,전월세 전환율,5.3164556962025,%
제주,,2024-10,지역별전월세전환율_아파트,전월세 전환율,5.3571428571429,%
제주,,2024-11,지역별전월세전환율_아파트,전월세 전환율,5.3846153846154,%
제주,,2024-12,지역별전월세전환율_아파트,전월세 전환율,5.4166625,%
제주,,2025-01,지역별전월세전환율_아파트,전월세 전환율,5.5555533333333,%
제주,,2025-02,지역별전월세전환율_아파트,전월세 전환율,5.625,%
제주,,2025-03,지역별전월세전환율_아파트,전월세 전환율,5.5400412179232,%
제주,,2025-04,지역별전월세전환율_아파트,전월세 전환율,5.4838683870968,%
제주,,2025-05,지역별전월세전환율_아파트,전월세 전환율,5.4771900339751,%
제주,,2025-06,지역별전월세전환율_아파트,전월세 전환율,5.4807033569308,%
제주,,2025-07,지역별전월세전환율_아파트,전월세 전환율,5.5045871559633,%
제주,,2025-08,지역별전월세전환율_아파트,전월세 전환율,5.3120387369059,%
제주,,2025-09,지역별전월세전환율_아파트,전월세 전환율,5.3248358695346,%
제주,,2025-10,지역별전월세전환율_아파트,전월세 전환율,5.3103393103448,%
제주,,2025-11,지역별전월세전환율_아파트,전월세 전환율,5.2631564210526,%
제주,,2025-12,지역별전월세전환율_아파트,전월세 전환율,5.267638932888,%
제주,,2026-01,지역별전월세전환율_아파트,전월세 전환율,5.2631557894737,%
제주,,2026-02,지역별전월세전환율_아파트,전월세 전환율,5.3061257142857,%
제주,,2026-03,지역별전월세전환율_아파트,전월세 전환율,5.3356596854519,%
제주,,2026-04,지역별전월세전환율_아파트,전월세 전환율,5.3299492385787,%
제주,,2026-05,지역별전월세전환율_아파트,전월세 전환율,5.3827730191072,%
제주,,2026-06,지역별전월세전환율_아파트,전월세 전환율,5.3711032466533,%
제주,,2026-07,지역별전월세전환율_아파트,전월세 전환율,5.3684821372071,%
충남,,2011-01,지역별전월세전환율_아파트,전월세 전환율,10.9214220601641,%
충남,,2011-02,지역별전월세전환율_아파트,전월세 전환율,10.9214220601641,%
충남,,2011-03,지역별전월세전환율_아파트,전월세 전환율,10.9214220601641,%
충남,,2011-04,지역별전월세전환율_아파트,전월세 전환율,10.9214220601641,%
충남,,2011-05,지역별전월세전환율_아파트,전월세 전환율,10.9214220601641,%
충남,,2011-06,지역별전월세전환율_아파트,전월세 전환율,10.9214220601641,%
충남,,2011-07,지역별전월세전환율_아파트,전월세 전환율,11.0769230769231,%
충남,,2011-08,지역별전월세전환율_아파트,전월세 전환율,11.3513513513514,%
충남,,2011-09,지역별전월세전환율_아파트,전월세 전환율,10.8,%
충남,,2011-10,지역별전월세전환율_아파트,전월세 전환율,10.6666666666667,%
충남,,2011-11,지역별전월세전환율_아파트,전월세 전환율,10.5016338047496,%
충남,,2011-12,지역별전월세전환율_아파트,전월세 전환율,10.3304959907178,%
충남,,2012-01,지역별전월세전환율_아파트,전월세 전환율,10.1352725912242,%
충남,,2012-02,지역별전월세전환율_아파트,전월세 전환율,10.1269076305221,%
충남,,2012-03,지역별전월세전환율_아파트,전월세 전환율,10,%
충남,,2012-04,지역별전월세전환율_아파트,전월세 전환율,9.72972972972973,%
충남,,2012-05,지역별전월세전환율_아파트,전월세 전환율,9.64856925252965,%
충남,,2012-06,지역별전월세전환율_아파트,전월세 전환율,9.58419487529945,%
충남,,2012-07,지역별전월세전환율_아파트,전월세 전환율,9.43057910468633,%
충남,,2012-08,지역별전월세전환율_아파트,전월세 전환율,9.47368421052632,%
충남,,2012-09,지역별전월세전환율_아파트,전월세 전환율,9.33333333333333,%
충남,,2012-10,지역별전월세전환율_아파트,전월세 전환율,9.4135701598579,%
충남,,2012-11,지역별전월세전환율_아파트,전월세 전환율,9.33305357392642,%
충남,,2012-12,지역별전월세전환율_아파트,전월세 전환율,9.40670335167584,%
충남,,2013-01,지역별전월세전환율_아파트,전월세 전환율,9.40227816661319,%
충남,,2013-02,지역별전월세전환율_아파트,전월세 전환율,9.23076923076923,%
충남,,2013-03,지역별전월세전환율_아파트,전월세 전환율,9,%
충남,,2013-04,지역별전월세전환율_아파트,전월세 전환율,8.90331405832245,%
충남,,2013-05,지역별전월세전환율_아파트,전월세 전환율,8.57142857142857,%
충남,,2013-06,지역별전월세전환율_아파트,전월세 전환율,8.58862876254181,%
충남,,2013-07,지역별전월세전환율_아파트,전월세 전환율,8.57142857142857,%
충남,,2013-08,지역별전월세전환율_아파트,전월세 전환율,8.59166011014949,%
충남,,2013-09,지역별전월세전환율_아파트,전월세 전환율,8.57142857142857,%
충남,,2013-10,지역별전월세전환율_아파트,전월세 전환율,8.57142857142857,%
충남,,2013-11,지역별전월세전환율_아파트,전월세 전환율,8.6105604124689,%
충남,,2013-12,지역별전월세전환율_아파트,전월세 전환율,8.42105263157895,%
충남,,2014-01,지역별전월세전환율_아파트,전월세 전환율,8.56382847547456,%
충남,,2014-02,지역별전월세전환율_아파트,전월세 전환율,8,%
충남,,2014-03,지역별전월세전환율_아파트,전월세 전환율,8,%
충남,,2014-04,지역별전월세전환율_아파트,전월세 전환율,7.70253339996682,%
충남,,2014-05,지역별전월세전환율_아파트,전월세 전환율,7.57648611832774,%
충남,,2014-06,지역별전월세전환율_아파트,전월세 전환율,7.63636363636364,%
충남,,2014-07,지역별전월세전환율_아파트,전월세 전환율,7.5,%
충남,,2014-08,지역별전월세전환율_아파트,전월세 전환율,7.5,%
충남,,2014-09,지역별전월세전환율_아파트,전월세 전환율,7.5,%
충남,,2014-10,지역별전월세전환율_아파트,전월세 전환율,7.5,%
충남,,2014-11,지역별전월세전환율_아파트,전월세 전환율,7.47813930852493,%
충남,,2014-12,지역별전월세전환율_아파트,전월세 전환율,7.38461538461538,%
충남,,2015-01,지역별전월세전환율_아파트,전월세 전환율,7.38461538461538,%
충남,,2015-02,지역별전월세전환율_아파트,전월세 전환율,7.2,%
충남,,2015-03,지역별전월세전환율_아파트,전월세 전환율,7.2,%
충남,,2015-04,지역별전월세전환율_아파트,전월세 전환율,7.2,%
충남,,2015-05,지역별전월세전환율_아파트,전월세 전환율,7.2,%
충남,,2015-06,지역별전월세전환율_아파트,전월세 전환율,7.07834101382488,%
충남,,2015-07,지역별전월세전환율_아파트,전월세 전환율,7,%
충남,,2015-08,지역별전월세전환율_아파트,전월세 전환율,7,%
충남,,2015-09,지역별전월세전환율_아파트,전월세 전환율,6.85714285714286,%
충남,,2015-10,지역별전월세전환율_아파트,전월세 전환율,7,%
충남,,2015-11,지역별전월세전환율_아파트,전월세 전환율,7,%
충남,,2015-12,지역별전월세전환율_아파트,전월세 전환율,6.75,%
충남,,2016-01,지역별전월세전환율_아파트,전월세 전환율,6.66666666666666,%
충남,,2016-02,지역별전월세전환율_아파트,전월세 전환율,6.62068965517241,%
충남,,2016-03,지역별전월세전환율_아파트,전월세 전환율,6.54545454545455,%
충남,,2016-04,지역별전월세전환율_아파트,전월세 전환율,6.4,%
충남,,2016-05,지역별전월세전환율_아파트,전월세 전환율,6.34389828867616,%
충남,,2016-06,지역별전월세전환율_아파트,전월세 전환율,6.26086956521739,%
충남,,2016-07,지역별전월세전환율_아파트,전월세 전환율,6.31578947368421,%
충남,,2016-08,지역별전월세전환율_아파트,전월세 전환율,6.31578947368421,%
충남,,2016-09,지역별전월세전환율_아파트,전월세 전환율,6.24,%
충남,,2016-10,지역별전월세전환율_아파트,전월세 전환율,6.26865671641791,%
충남,,2016-11,지역별전월세전환율_아파트,전월세 전환율,6.10909090909091,%
충남,,2016-12,지역별전월세전환율_아파트,전월세 전환율,6.16657738699965,%
충남,,2017-01,지역별전월세전환율_아파트,전월세 전환율,6.19354838709677,%
충남,,2017-02,지역별전월세전환율_아파트,전월세 전환율,6.27906976744186,%
충남,,2017-03,지역별전월세전환율_아파트,전월세 전환율,6.22702702702703,%
충남,,2017-04,지역별전월세전환율_아파트,전월세 전환율,6.07594936708861,%
충남,,2017-05,지역별전월세전환율_아파트,전월세 전환율,6.10347903657449,%
충남,,2017-06,지역별전월세전환율_아파트,전월세 전환율,6,%
충남,,2017-07,지역별전월세전환율_아파트,전월세 전환율,6,%
충남,,2017-08,지역별전월세전환율_아파트,전월세 전환율,6,%
충남,,2017-09,지역별전월세전환율_아파트,전월세 전환율,6,%
충남,,2017-10,지역별전월세전환율_아파트,전월세 전환율,6,%
충남,,2017-11,지역별전월세전환율_아파트,전월세 전환율,6,%
충남,,2017-12,지역별전월세전환율_아파트,전월세 전환율,6,%
충남,,2018-01,지역별전월세전환율_아파트,전월세 전환율,6,%
충남,,2018-02,지역별전월세전환율_아파트,전월세 전환율,6,%
충남,,2018-03,지역별전월세전환율_아파트,전월세 전환율,6,%
충남,,2018-04,지역별전월세전환율_아파트,전월세 전환율,6,%
충남,,2018-05,지역별전월세전환율_아파트,전월세 전환율,6,%
충남,,2018-06,지역별전월세전환율_아파트,전월세 전환율,6,%
충남,,2018-07,지역별전월세전환율_아파트,전월세 전환율,6,%
충남,,2018-08,지역별전월세전환율_아파트,전월세 전환율,6,%
충남,,2018-09,지역별전월세전환율_아파트,전월세 전환율,6,%
충남,,2018-10,지역별전월세전환율_아파트,전월세 전환율,6,%
충남,,2018-11,지역별전월세전환율_아파트,전월세 전환율,6,%
충남,,2018-12,지역별전월세전환율_아파트,전월세 전환율,6,%
충남,,2019-01,지역별전월세전환율_아파트,전월세 전환율,6,%
충남,,2019-02,지역별전월세전환율_아파트,전월세 전환율,5.80645161290323,%
충남,,2019-03,지역별전월세전환율_아파트,전월세 전환율,5.76923076923077,%
충남,,2019-04,지역별전월세전환율_아파트,전월세 전환율,5.80645161290323,%
충남,,2019-05,지역별전월세전환율_아파트,전월세 전환율,5.97037599696164,%
충남,,2019-06,지역별전월세전환율_아파트,전월세 전환율,6,%
충남,,2019-07,지역별전월세전환율_아파트,전월세 전환율,6,%
충남,,2019-08,지역별전월세전환율_아파트,전월세 전환율,6,%
충남,,2019-09,지역별전월세전환율_아파트,전월세 전환율,6,%
충남,,2019-10,지역별전월세전환율_아파트,전월세 전환율,6,%
충남,,2019-11,지역별전월세전환율_아파트,전월세 전환율,6,%
충남,,2019-12,지역별전월세전환율_아파트,전월세 전환율,6,%
충남,,2020-01,지역별전월세전환율_아파트,전월세 전환율,5.90769230769231,%
충남,,2020-02,지역별전월세전환율_아파트,전월세 전환율,6,%
충남,,2020-03,지역별전월세전환율_아파트,전월세 전환율,6,%
충남,,2020-04,지역별전월세전환율_아파트,전월세 전환율,6,%
충남,,2020-05,지역별전월세전환율_아파트,전월세 전환율,6,%
충남,,2020-06,지역별전월세전환율_아파트,전월세 전환율,6,%
충남,,2020-07,지역별전월세전환율_아파트,전월세 전환율,6.33962264150943,%
충남,,2020-08,지역별전월세전환율_아파트,전월세 전환율,6.24,%
충남,,2020-09,지역별전월세전환율_아파트,전월세 전환율,6.20694151215626,%
충남,,2020-10,지역별전월세전환율_아파트,전월세 전환율,6,%
충남,,2020-11,지역별전월세전환율_아파트,전월세 전환율,5.77777777777778,%
충남,,2020-12,지역별전월세전환율_아파트,전월세 전환율,5.75704749503118,%
충남,,2021-01,지역별전월세전환율_아파트,전월세 전환율,5.90769230769231,%
충남,,2021-02,지역별전월세전환율_아파트,전월세 전환율,6,%
충남,,2021-03,지역별전월세전환율_아파트,전월세 전환율,6,%
충남,,2021-04,지역별전월세전환율_아파트,전월세 전환율,6,%
충남,,2021-05,지역별전월세전환율_아파트,전월세 전환율,6,%
충남,,2021-06,지역별전월세전환율_아파트,전월세 전환율,6,%
충남,,2021-07,지역별전월세전환율_아파트,전월세 전환율,6,%
충남,,2021-08,지역별전월세전환율_아파트,전월세 전환율,6,%
충남,,2021-09,지역별전월세전환율_아파트,전월세 전환율,5.99159677093068,%
충남,,2021-10,지역별전월세전환율_아파트,전월세 전환율,5.86666666666667,%
충남,,2021-11,지역별전월세전환율_아파트,전월세 전환율,5.90769230769231,%
충남,,2021-12,지역별전월세전환율_아파트,전월세 전환율,5.76,%
충남,,2022-01,지역별전월세전환율_아파트,전월세 전환율,5.71428571428571,%
충남,,2022-02,지역별전월세전환율_아파트,전월세 전환율,5.70281531093026,%
충남,,2022-03,지역별전월세전환율_아파트,전월세 전환율,5.71428571428571,%
충남,,2022-04,지역별전월세전환율_아파트,전월세 전환율,5.81818181818182,%
충남,,2022-05,지역별전월세전환율_아파트,전월세 전환율,5.95337034099921,%
충남,,2022-06,지역별전월세전환율_아파트,전월세 전환율,6,%
충남,,2022-07,지역별전월세전환율_아파트,전월세 전환율,6,%
충남,,2022-08,지역별전월세전환율_아파트,전월세 전환율,6,%
충남,,2022-09,지역별전월세전환율_아파트,전월세 전환율,6.00707033738231,%
충남,,2022-10,지역별전월세전환율_아파트,전월세 전환율,6.12765957446809,%
충남,,2022-11,지역별전월세전환율_아파트,전월세 전환율,6.25592417061611,%
충남,,2022-12,지역별전월세전환율_아파트,전월세 전환율,6.35294117647059,%
충남,,2023-01,지역별전월세전환율_아파트,전월세 전환율,6.26086956521739,%
충남,,2023-02,지역별전월세전환율_아파트,전월세 전환율,6.35294117647059,%
충남,,2023-03,지역별전월세전환율_아파트,전월세 전환율,6.64803324003627,%
충남,,2023-04,지역별전월세전환율_아파트,전월세 전환율,6.70410101120155,%
충남,,2023-05,지역별전월세전환율_아파트,전월세 전환율,6.75,%
충남,,2023-06,지역별전월세전환율_아파트,전월세 전환율,6.78821843690701,%
충남,,2023-07,지역별전월세전환율_아파트,전월세 전환율,6.85714285714286,%
충남,,2023-08,지역별전월세전환율_아파트,전월세 전환율,6.85714285714286,%
충남,,2023-09,지역별전월세전환율_아파트,전월세 전환율,6.79315064221762,%
충남,,2023-10,지역별전월세전환율_아파트,전월세 전환율,6.76923076923077,%
충남,,2023-11,지역별전월세전환율_아파트,전월세 전환율,6.78260869565217,%
충남,,2023-12,지역별전월세전환율_아파트,전월세 전환율,6.72,%
충남,,2024-01,지역별전월세전환율_아파트,전월세 전환율,6.62068965517241,%
충남,,2024-02,지역별전월세전환율_아파트,전월세 전환율,6.58285714285714,%
충남,,2024-03,지역별전월세전환율_아파트,전월세 전환율,6.5830158723071,%
충남,,2024-04,지역별전월세전환율_아파트,전월세 전환율,6.62962648612299,%
충남,,2024-05,지역별전월세전환율_아파트,전월세 전환율,6.67054289521878,%
충남,,2024-06,지역별전월세전환율_아파트,전월세 전환율,6.713286713286713,%
충남,,2024-07,지역별전월세전환율_아파트,전월세 전환율,6.75,%
충남,,2024-08,지역별전월세전환율_아파트,전월세 전환율,6.72,%
충남,,2024-09,지역별전월세전환율_아파트,전월세 전환율,6.6666666666667,%
충남,,2024-10,지역별전월세전환율_아파트,전월세 전환율,6.5924596050269,%
충남,,2024-11,지역별전월세전환율_아파트,전월세 전환율,6.5681319343408,%
충남,,2024-12,지역별전월세전환율_아파트,전월세 전환율,6.5454545454546,%
충남,,2025-01,지역별전월세전환율_아파트,전월세 전환율,6.5454545454545,%
충남,,2025-02,지역별전월세전환율_아파트,전월세 전환율,6.545068062321,%
충남,,2025-03,지역별전월세전환율_아파트,전월세 전환율,6.6162876369985,%
충남,,2025-04,지역별전월세전환율_아파트,전월세 전환율,6.7039106145251,%
충남,,2025-05,지역별전월세전환율_아파트,전월세 전환율,6.84,%
충남,,2025-06,지역별전월세전환율_아파트,전월세 전환율,6.8571428571429,%
충남,,2025-07,지역별전월세전환율_아파트,전월세 전환율,6.8965517241379,%
충남,,2025-08,지역별전월세전환율_아파트,전월세 전환율,6.9473684210526,%
충남,,2025-09,지역별전월세전환율_아파트,전월세 전환율,6.9473684210526,%
충남,,2025-10,지역별전월세전환율_아파트,전월세 전환율,6.9230769230769,%
충남,,2025-11,지역별전월세전환율_아파트,전월세 전환율,6.75,%
충남,,2025-12,지역별전월세전환율_아파트,전월세 전환율,6.6828101069609,%
충남,,2026-01,지역별전월세전환율_아파트,전월세 전환율,6.72,%
충남,,2026-02,지역별전월세전환율_아파트,전월세 전환율,6.6221943011868,%
충남,,2026-03,지역별전월세전환율_아파트,전월세 전환율,6.5625,%
충남,,2026-04,지역별전월세전환율_아파트,전월세 전환율,6.5,%
충남,,2026-05,지역별전월세전환율_아파트,전월세 전환율,6.672,%
충남,,2026-06,지역별전월세전환율_아파트,전월세 전환율,6.7549668874172,%
충남,,2026-07,지역별전월세전환율_아파트,전월세 전환율,6.7549668874172,%
충북,,2011-01,지역별전월세전환율_아파트,전월세 전환율,11,%
충북,,2011-02,지역별전월세전환율_아파트,전월세 전환율,11,%
충북,,2011-03,지역별전월세전환율_아파트,전월세 전환율,11,%
충북,,2011-04,지역별전월세전환율_아파트,전월세 전환율,11,%
충북,,2011-05,지역별전월세전환율_아파트,전월세 전환율,11,%
충북,,2011-06,지역별전월세전환율_아파트,전월세 전환율,11,%
충북,,2011-07,지역별전월세전환율_아파트,전월세 전환율,10.8,%
충북,,2011-08,지역별전월세전환율_아파트,전월세 전환율,10.8,%
충북,,2011-09,지역별전월세전환율_아파트,전월세 전환율,10.9090909090909,%
충북,,2011-10,지역별전월세전환율_아파트,전월세 전환율,10.6686676373546,%
충북,,2011-11,지역별전월세전환율_아파트,전월세 전환율,9.90941574118783,%
충북,,2011-12,지역별전월세전환율_아파트,전월세 전환율,9.6,%
충북,,2012-01,지역별전월세전환율_아파트,전월세 전환율,9.6,%
충북,,2012-02,지역별전월세전환율_아파트,전월세 전환율,9.6,%
충북,,2012-03,지역별전월세전환율_아파트,전월세 전환율,10.2857142857143,%
충북,,2012-04,지역별전월세전환율_아파트,전월세 전환율,10.2857142857143,%
충북,,2012-05,지역별전월세전환율_아파트,전월세 전환율,10.436375484198,%
충북,,2012-06,지역별전월세전환율_아파트,전월세 전환율,10.2857142857143,%
충북,,2012-07,지역별전월세전환율_아파트,전월세 전환율,10.2857142857143,%
충북,,2012-08,지역별전월세전환율_아파트,전월세 전환율,10.1052631578947,%
충북,,2012-09,지역별전월세전환율_아파트,전월세 전환율,9.1615778916871,%
충북,,2012-10,지역별전월세전환율_아파트,전월세 전환율,9,%
충북,,2012-11,지역별전월세전환율_아파트,전월세 전환율,8.54023801246611,%
충북,,2012-12,지역별전월세전환율_아파트,전월세 전환율,8.72727272727273,%
충북,,2013-01,지역별전월세전환율_아파트,전월세 전환율,7.90831110368786,%
충북,,2013-02,지역별전월세전환율_아파트,전월세 전환율,8.17090909090909,%
충북,,2013-03,지역별전월세전환율_아파트,전월세 전환율,9.24545178161502,%
충북,,2013-04,지역별전월세전환율_아파트,전월세 전환율,9.6,%
충북,,2013-05,지역별전월세전환율_아파트,전월세 전환율,9.47368421052632,%
충북,,2013-06,지역별전월세전환율_아파트,전월세 전환율,9.52760154597827,%
충북,,2013-07,지역별전월세전환율_아파트,전월세 전환율,9.04753343072255,%
충북,,2013-08,지역별전월세전환율_아파트,전월세 전환율,9,%
충북,,2013-09,지역별전월세전환율_아파트,전월세 전환율,8.93073141665425,%
충북,,2013-10,지역별전월세전환율_아파트,전월세 전환율,8.1,%
충북,,2013-11,지역별전월세전환율_아파트,전월세 전환율,8.08695652173913,%
충북,,2013-12,지역별전월세전환율_아파트,전월세 전환율,8.24250888192947,%
충북,,2014-01,지역별전월세전환율_아파트,전월세 전환율,8.24647950677696,%
충북,,2014-02,지역별전월세전환율_아파트,전월세 전환율,8.39933602086792,%
충북,,2014-03,지역별전월세전환율_아파트,전월세 전환율,8.69048697006465,%
충북,,2014-04,지역별전월세전환율_아파트,전월세 전환율,8.88888888888889,%
충북,,2014-05,지역별전월세전환율_아파트,전월세 전환율,9.15115533172283,%
충북,,2014-06,지역별전월세전환율_아파트,전월세 전환율,9.1290797752809,%
충북,,2014-07,지역별전월세전환율_아파트,전월세 전환율,9.32779980484431,%
충북,,2014-08,지역별전월세전환율_아파트,전월세 전환율,9.27536231884058,%
충북,,2014-09,지역별전월세전환율_아파트,전월세 전환율,8.82413424890919,%
충북,,2014-10,지역별전월세전환율_아파트,전월세 전환율,9,%
충북,,2014-11,지역별전월세전환율_아파트,전월세 전환율,8.15524698383792,%
충북,,2014-12,지역별전월세전환율_아파트,전월세 전환율,8,%
충북,,2015-01,지역별전월세전환율_아파트,전월세 전환율,8,%
충북,,2015-02,지역별전월세전환율_아파트,전월세 전환율,7.58120659359049,%
충북,,2015-03,지역별전월세전환율_아파트,전월세 전환율,7.30434782608696,%
충북,,2015-04,지역별전월세전환율_아파트,전월세 전환율,7.25964577055927,%
충북,,2015-05,지역별전월세전환율_아파트,전월세 전환율,7.2,%
충북,,2015-06,지역별전월세전환율_아파트,전월세 전환율,7.38461538461538,%
충북,,2015-07,지역별전월세전환율_아파트,전월세 전환율,7.29622728884639,%
충북,,2015-08,지역별전월세전환율_아파트,전월세 전환율,7,%
충북,,2015-09,지역별전월세전환율_아파트,전월세 전환율,7.13110204847147,%
충북,,2015-10,지역별전월세전환율_아파트,전월세 전환율,7.2,%
충북,,2015-11,지역별전월세전환율_아파트,전월세 전환율,7.04271437953334,%
충북,,2015-12,지역별전월세전환율_아파트,전월세 전환율,6.85714285714286,%
충북,,2016-01,지역별전월세전환율_아파트,전월세 전환율,6.89655172413793,%
충북,,2016-02,지역별전월세전환율_아파트,전월세 전환율,6.94119540414868,%
충북,,2016-03,지역별전월세전환율_아파트,전월세 전환율,6.85714285714286,%
충북,,2016-04,지역별전월세전환율_아파트,전월세 전환율,6.85714285714286,%
충북,,2016-05,지역별전월세전환율_아파트,전월세 전환율,6.78118079493054,%
충북,,2016-06,지역별전월세전환율_아파트,전월세 전환율,6.77285067873303,%
충북,,2016-07,지역별전월세전환율_아파트,전월세 전환율,6.66666666666667,%
충북,,2016-08,지역별전월세전환율_아파트,전월세 전환율,6.51685330510758,%
충북,,2016-09,지역별전월세전환율_아파트,전월세 전환율,6,%
충북,,2016-10,지역별전월세전환율_아파트,전월세 전환율,6,%
충북,,2016-11,지역별전월세전환율_아파트,전월세 전환율,6,%
충북,,2016-12,지역별전월세전환율_아파트,전월세 전환율,6,%
충북,,2017-01,지역별전월세전환율_아파트,전월세 전환율,5.90769230769231,%
충북,,2017-02,지역별전월세전환율_아파트,전월세 전환율,6,%
충북,,2017-03,지역별전월세전환율_아파트,전월세 전환율,6.10098665118979,%
충북,,2017-04,지역별전월세전환율_아파트,전월세 전환율,6.15872531828924,%
충북,,2017-05,지역별전월세전환율_아파트,전월세 전환율,6.20544671863393,%
충북,,2017-06,지역별전월세전환율_아파트,전월세 전환율,6.17369727047146,%
충북,,2017-07,지역별전월세전환율_아파트,전월세 전환율,6,%
충북,,2017-08,지역별전월세전환율_아파트,전월세 전환율,6.17647058823529,%
충북,,2017-09,지역별전월세전환율_아파트,전월세 전환율,6.05282351752779,%
충북,,2017-10,지역별전월세전환율_아파트,전월세 전환율,6.06623113313809,%
충북,,2017-11,지역별전월세전환율_아파트,전월세 전환율,6.31746920492721,%
충북,,2017-12,지역별전월세전환율_아파트,전월세 전환율,6.03338818115327,%
충북,,2018-01,지역별전월세전환율_아파트,전월세 전환율,6,%
충북,,2018-02,지역별전월세전환율_아파트,전월세 전환율,6,%
충북,,2018-03,지역별전월세전환율_아파트,전월세 전환율,6.1263522628836,%
충북,,2018-04,지역별전월세전환율_아파트,전월세 전환율,6.39975339087546,%
충북,,2018-05,지역별전월세전환율_아파트,전월세 전환율,6.18908825453914,%
충북,,2018-06,지역별전월세전환율_아파트,전월세 전환율,6.0670747179028,%
충북,,2018-07,지역별전월세전환율_아파트,전월세 전환율,6,%
충북,,2018-08,지역별전월세전환율_아파트,전월세 전환율,6,%
충북,,2018-09,지역별전월세전환율_아파트,전월세 전환율,6,%
충북,,2018-10,지역별전월세전환율_아파트,전월세 전환율,6,%
충북,,2018-11,지역별전월세전환율_아파트,전월세 전환율,5.92002270930068,%
충북,,2018-12,지역별전월세전환율_아파트,전월세 전환율,5.73913043478261,%
충북,,2019-01,지역별전월세전환율_아파트,전월세 전환율,5.73134328358209,%
충북,,2019-02,지역별전월세전환율_아파트,전월세 전환율,5.72647309758705,%
충북,,2019-03,지역별전월세전환율_아파트,전월세 전환율,5.66037735849057,%
충북,,2019-04,지역별전월세전환율_아파트,전월세 전환율,5.66928915195589,%
충북,,2019-05,지역별전월세전환율_아파트,전월세 전환율,5.755836292717,%
충북,,2019-06,지역별전월세전환율_아파트,전월세 전환율,5.76,%
충북,,2019-07,지역별전월세전환율_아파트,전월세 전환율,5.79310344827586,%
충북,,2019-08,지역별전월세전환율_아파트,전월세 전환율,5.76,%
충북,,2019-09,지역별전월세전환율_아파트,전월세 전환율,5.86322264522859,%
충북,,2019-10,지역별전월세전환율_아파트,전월세 전환율,5.86845838085166,%
충북,,2019-11,지역별전월세전환율_아파트,전월세 전환율,5.92692515330494,%
충북,,2019-12,지역별전월세전환율_아파트,전월세 전환율,5.6,%
충북,,2020-01,지역별전월세전환율_아파트,전월세 전환율,5.71835867511284,%
충북,,2020-02,지역별전월세전환율_아파트,전월세 전환율,5.81818181818182,%
충북,,2020-03,지역별전월세전환율_아파트,전월세 전환율,5.85126240456448,%
충북,,2020-04,지역별전월세전환율_아파트,전월세 전환율,5.93630758036331,%
충북,,2020-05,지역별전월세전환율_아파트,전월세 전환율,5.80645161290323,%
충북,,2020-06,지역별전월세전환율_아파트,전월세 전환율,5.94495412844037,%
충북,,2020-07,지역별전월세전환율_아파트,전월세 전환율,5.88288755064425,%
충북,,2020-08,지역별전월세전환율_아파트,전월세 전환율,5.76,%
충북,,2020-09,지역별전월세전환율_아파트,전월세 전환율,5.76,%
충북,,2020-10,지역별전월세전환율_아파트,전월세 전환율,5.58879208853308,%
충북,,2020-11,지역별전월세전환율_아파트,전월세 전환율,5.63923556018661,%
충북,,2020-12,지역별전월세전환율_아파트,전월세 전환율,5.53846153846154,%
충북,,2021-01,지역별전월세전환율_아파트,전월세 전환율,5.63798323855552,%
충북,,2021-02,지역별전월세전환율_아파트,전월세 전환율,5.71428571428571,%
충북,,2021-03,지역별전월세전환율_아파트,전월세 전환율,5.81818181818182,%
충북,,2021-04,지역별전월세전환율_아파트,전월세 전환율,5.78804881325108,%
충북,,2021-05,지역별전월세전환율_아파트,전월세 전환율,5.88074703503431,%
충북,,2021-06,지역별전월세전환율_아파트,전월세 전환율,5.85075292805354,%
충북,,2021-07,지역별전월세전환율_아파트,전월세 전환율,5.66852135663349,%
충북,,2021-08,지역별전월세전환율_아파트,전월세 전환율,5.6,%
충북,,2021-09,지역별전월세전환율_아파트,전월세 전환율,5.56330301514528,%
충북,,2021-10,지역별전월세전환율_아파트,전월세 전환율,5.45454545454545,%
충북,,2021-11,지역별전월세전환율_아파트,전월세 전환율,5.35989702837316,%
충북,,2021-12,지역별전월세전환율_아파트,전월세 전환율,5.21739130434783,%
충북,,2022-01,지역별전월세전환율_아파트,전월세 전환율,5.14285714285714,%
충북,,2022-02,지역별전월세전환율_아파트,전월세 전환율,5.18068167027147,%
충북,,2022-03,지역별전월세전환율_아파트,전월세 전환율,5.24211870032981,%
충북,,2022-04,지역별전월세전환율_아파트,전월세 전환율,5.23032498842246,%
충북,,2022-05,지역별전월세전환율_아파트,전월세 전환율,5.21739130434783,%
충북,,2022-06,지역별전월세전환율_아파트,전월세 전환율,5.21739130434783,%
충북,,2022-07,지역별전월세전환율_아파트,전월세 전환율,5.23636363636364,%
충북,,2022-08,지역별전월세전환율_아파트,전월세 전환율,5.28,%
충북,,2022-09,지역별전월세전환율_아파트,전월세 전환율,5.33333333333333,%
충북,,2022-10,지역별전월세전환율_아파트,전월세 전환율,5.3340935485841,%
충북,,2022-11,지역별전월세전환율_아파트,전월세 전환율,5.5,%
충북,,2022-12,지역별전월세전환율_아파트,전월세 전환율,5.625,%
충북,,2023-01,지역별전월세전환율_아파트,전월세 전환율,5.64392372913571,%
충북,,2023-02,지역별전월세전환율_아파트,전월세 전환율,5.76,%
충북,,2023-03,지역별전월세전환율_아파트,전월세 전환율,5.91549295774648,%
충북,,2023-04,지역별전월세전환율_아파트,전월세 전환율,6,%
충북,,2023-05,지역별전월세전환율_아파트,전월세 전환율,6,%
충북,,2023-06,지역별전월세전환율_아파트,전월세 전환율,6,%
충북,,2023-07,지역별전월세전환율_아파트,전월세 전환율,6,%
충북,,2023-08,지역별전월세전환율_아파트,전월세 전환율,6,%
충북,,2023-09,지역별전월세전환율_아파트,전월세 전환율,6,%
충북,,2023-10,지역별전월세전환율_아파트,전월세 전환율,5.99999999999999,%
충북,,2023-11,지역별전월세전환율_아파트,전월세 전환율,6,%
충북,,2023-12,지역별전월세전환율_아파트,전월세 전환율,6,%
충북,,2024-01,지역별전월세전환율_아파트,전월세 전환율,6,%
충북,,2024-02,지역별전월세전환율_아파트,전월세 전환율,6,%
충북,,2024-03,지역별전월세전환율_아파트,전월세 전환율,6,%
충북,,2024-04,지역별전월세전환율_아파트,전월세 전환율,6,%
충북,,2024-05,지역별전월세전환율_아파트,전월세 전환율,6,%
충북,,2024-06,지역별전월세전환율_아파트,전월세 전환율,6,%
충북,,2024-07,지역별전월세전환율_아파트,전월세 전환율,6,%
충북,,2024-08,지역별전월세전환율_아파트,전월세 전환율,6,%
충북,,2024-09,지역별전월세전환율_아파트,전월세 전환율,6,%
충북,,2024-10,지역별전월세전환율_아파트,전월세 전환율,6,%
충북,,2024-11,지역별전월세전환율_아파트,전월세 전환율,6,%
충북,,2024-12,지역별전월세전환율_아파트,전월세 전환율,6,%
충북,,2025-01,지역별전월세전환율_아파트,전월세 전환율,6,%
충북,,2025-02,지역별전월세전환율_아파트,전월세 전환율,6.0072573666998,%
충북,,2025-03,지역별전월세전환율_아파트,전월세 전환율,6.1719750913964,%
충북,,2025-04,지역별전월세전환율_아파트,전월세 전환율,6.2222222222222,%
충북,,2025-05,지역별전월세전환율_아파트,전월세 전환율,6,%
충북,,2025-06,지역별전월세전환율_아파트,전월세 전환율,6,%
충북,,2025-07,지역별전월세전환율_아파트,전월세 전환율,6.1538461538462,%
충북,,2025-08,지역별전월세전환율_아파트,전월세 전환율,6.0873718705878,%
충북,,2025-09,지역별전월세전환율_아파트,전월세 전환율,6.017106613702,%
충북,,2025-10,지역별전월세전환율_아파트,전월세 전환율,6.09375,%
충북,,2025-11,지역별전월세전환율_아파트,전월세 전환율,6.2220414855265,%
충북,,2025-12,지역별전월세전환율_아파트,전월세 전환율,6.1955521583691,%
충북,,2026-01,지역별전월세전환율_아파트,전월세 전환율,6.024419968585,%
충북,,2026-02,지역별전월세전환율_아파트,전월세 전환율,6,%
충북,,2026-03,지역별전월세전환율_아파트,전월세 전환율,6,%
충북,,2026-04,지역별전월세전환율_아파트,전월세 전환율,6,%
충북,,2026-05,지역별전월세전환율_아파트,전월세 전환율,6.1538461538462,%
충북,,2026-06,지역별전월세전환율_아파트,전월세 전환율,6.1269179204529,%
충북,,2026-07,지역별전월세전환율_아파트,전월세 전환율,6.3157894736842,%
