패널,과제,변수,모형,목표ID,실험버전,정답정의,시험연도,시험행수,정확도,정밀도,재현율,양성사건_F1,Macro_F1,균형정확도,음성정밀도,음성재현율,음성_F1,MAE,RMSE,R2,양성정답수,음성정답수,양성예측수,TP,FP,FN,TN,미결정수,AUC_동월지역순위,AUC_유효월수,AUC_전체보조,AP_전체보조,양성범주,음성범주,평가집계
17시도,방향,Benchmark,Always down,Y2,TH_v11,양수 상승/음수 하락; 실제0%는 Y2만 제외,2018,204,0.8431372549019608,,0.0,0.0,0.4574468085106383,0.5,0.8431372549019608,1.0,0.9148936170212766,,,,32.0,172.0,0.0,0.0,0.0,32.0,172.0,0.0,0.5,12.0,0.4258720930232558,0.13684640522875816,상승,하락,해당기간 관측 통합; AUC는 동월 지역쌍 가중
17시도,방향,Benchmark,Always down,Y2,TH_v11,양수 상승/음수 하락; 실제0%는 Y2만 제외,2019,204,0.696078431372549,,0.0,0.0,0.41040462427745666,0.5,0.696078431372549,1.0,0.8208092485549133,,,,62.0,142.0,0.0,0.0,0.0,62.0,142.0,0.0,0.5,12.0,0.32621535665606544,0.24457094665823317,상승,하락,해당기간 관측 통합; AUC는 동월 지역쌍 가중
17시도,방향,Benchmark,Always down,Y2,TH_v11,양수 상승/음수 하락; 실제0%는 Y2만 제외,2020,204,0.14215686274509803,,0.0,0.0,0.12446351931330472,0.5,0.14215686274509803,1.0,0.24892703862660945,,,,175.0,29.0,0.0,0.0,0.0,175.0,29.0,0.0,0.5,8.0,0.7864039408866994,0.9445845004668534,상승,하락,해당기간 관측 통합; AUC는 동월 지역쌍 가중
17시도,방향,Benchmark,Always down,Y2,TH_v11,양수 상승/음수 하락; 실제0%는 Y2만 제외,2021,204,0.049019607843137254,,0.0,0.0,0.04672897196261682,0.5,0.049019607843137254,1.0,0.09345794392523364,,,,194.0,10.0,0.0,0.0,0.0,194.0,10.0,0.0,0.5,7.0,0.23711340206185572,0.9211474967994071,상승,하락,해당기간 관측 통합; AUC는 동월 지역쌍 가중
17시도,방향,Benchmark,Always down,Y2,TH_v11,양수 상승/음수 하락; 실제0%는 Y2만 제외,2022,204,0.4264705882352941,,0.0,0.0,0.29896907216494845,0.5,0.4264705882352941,1.0,0.5979381443298969,,,,117.0,87.0,0.0,0.0,0.0,117.0,87.0,0.0,0.5,12.0,0.20188623636899494,0.461706049941344,상승,하락,해당기간 관측 통합; AUC는 동월 지역쌍 가중
17시도,방향,Benchmark,Always down,Y2,TH_v11,양수 상승/음수 하락; 실제0%는 Y2만 제외,2023,204,0.46078431372549017,,0.0,0.0,0.31543624161073824,0.5,0.46078431372549017,1.0,0.6308724832214765,,,,110.0,94.0,0.0,0.0,0.0,110.0,94.0,0.0,0.5,12.0,0.20899419729206964,0.4354426619132501,상승,하락,해당기간 관측 통합; AUC는 동월 지역쌍 가중
17시도,방향,Benchmark,Always down,Y2,TH_v11,양수 상승/음수 하락; 실제0%는 Y2만 제외,2024,204,0.25,,0.0,0.0,0.2,0.5,0.25,1.0,0.4,,,,153.0,51.0,0.0,0.0,0.0,153.0,51.0,0.0,0.5,12.0,0.5620915032679739,0.7874962621214063,상승,하락,해당기간 관측 통합; AUC는 동월 지역쌍 가중
17시도,방향,Benchmark,Always down,Y2,TH_v11,양수 상승/음수 하락; 실제0%는 Y2만 제외,2025,204,0.1568627450980392,,0.0,0.0,0.13559322033898305,0.5,0.1568627450980392,1.0,0.2711864406779661,,,,172.0,32.0,0.0,0.0,0.0,172.0,32.0,0.0,0.5,12.0,0.6760537790697674,0.9020177838577292,상승,하락,해당기간 관측 통합; AUC는 동월 지역쌍 가중
17시도,급등,Benchmark,Always event,Y3,TH_v11,향후6개월 U>연초학습85%분위(0이상),2018,204,0.03431372549019608,0.03431372549019608,1.0,0.06635071090047394,0.03317535545023697,0.5,,0.0,0.0,,,,7.0,197.0,204.0,7.0,197.0,0.0,0.0,0.0,0.5,7.0,0.3335750543872371,0.028711484593837537,급등,비급등,해당기간 관측 통합; AUC는 동월 지역쌍 가중
17시도,급등,Benchmark,Always event,Y3,TH_v11,향후6개월 U>연초학습85%분위(0이상),2019,204,0.17647058823529413,0.17647058823529413,1.0,0.3,0.15,0.5,,0.0,0.0,,,,36.0,168.0,204.0,36.0,168.0,0.0,0.0,0.0,0.5,9.0,0.2132936507936508,0.13798111837327526,급등,비급등,해당기간 관측 통합; AUC는 동월 지역쌍 가중
17시도,급등,Benchmark,Always event,Y3,TH_v11,향후6개월 U>연초학습85%분위(0이상),2020,204,0.7745098039215687,0.7745098039215687,1.0,0.8729281767955801,0.43646408839779005,0.5,,0.0,0.0,,,,158.0,46.0,204.0,158.0,46.0,0.0,0.0,0.0,0.5,10.0,0.7876995046780407,0.9082898982377761,급등,비급등,해당기간 관측 통합; AUC는 동월 지역쌍 가중
17시도,급등,Benchmark,Always event,Y3,TH_v11,향후6개월 U>연초학습85%분위(0이상),2021,204,0.9411764705882353,0.9411764705882353,1.0,0.9696969696969697,0.48484848484848486,0.5,,0.0,0.0,,,,192.0,12.0,204.0,192.0,12.0,0.0,0.0,0.0,0.5,9.0,0.30078125,0.9151348039215685,급등,비급등,해당기간 관측 통합; AUC는 동월 지역쌍 가중
17시도,급등,Benchmark,Always event,Y3,TH_v11,향후6개월 U>연초학습85%분위(0이상),2022,204,0.27941176470588236,0.27941176470588236,1.0,0.4367816091954023,0.21839080459770116,0.5,,0.0,0.0,,,,57.0,147.0,204.0,57.0,147.0,0.0,0.0,0.0,0.5,8.0,0.1987110633727175,0.2188395826166724,급등,비급등,해당기간 관측 통합; AUC는 동월 지역쌍 가중
17시도,급등,Benchmark,Always event,Y3,TH_v11,향후6개월 U>연초학습85%분위(0이상),2023,204,0.058823529411764705,0.058823529411764705,1.0,0.1111111111111111,0.05555555555555555,0.5,,0.0,0.0,,,,12.0,192.0,204.0,12.0,192.0,0.0,0.0,0.0,0.5,7.0,0.27864583333333337,0.04820261437908496,급등,비급등,해당기간 관측 통합; AUC는 동월 지역쌍 가중
17시도,급등,Benchmark,Always event,Y3,TH_v11,향후6개월 U>연초학습85%분위(0이상),2024,204,0.08333333333333333,0.08333333333333333,1.0,0.15384615384615385,0.07692307692307693,0.5,,0.0,0.0,,,,17.0,187.0,204.0,17.0,187.0,0.0,0.0,0.0,0.5,11.0,0.588235294117647,0.0997693194925029,급등,비급등,해당기간 관측 통합; AUC는 동월 지역쌍 가중
17시도,급등,Benchmark,Always event,Y3,TH_v11,향후6개월 U>연초학습85%분위(0이상),2025,204,0.25980392156862747,0.25980392156862747,1.0,0.41245136186770426,0.20622568093385213,0.5,,0.0,0.0,,,,53.0,151.0,204.0,53.0,151.0,0.0,0.0,0.0,0.5,12.0,0.261027114831938,0.20085707238870393,급등,비급등,해당기간 관측 통합; AUC는 동월 지역쌍 가중
17시도,급락,Benchmark,Always event,Y4,TH_v11,향후6개월 D<연초학습15%분위(0이하),2018,204,0.45588235294117646,0.45588235294117646,1.0,0.6262626262626263,0.31313131313131315,0.5,,0.0,0.0,,,,93.0,111.0,204.0,93.0,111.0,0.0,0.0,0.0,0.5,12.0,0.5222319093286836,0.47021927050390044,급락,비급락,해당기간 관측 통합; AUC는 동월 지역쌍 가중
17시도,급락,Benchmark,Always event,Y4,TH_v11,향후6개월 D<연초학습15%분위(0이하),2019,204,0.25980392156862747,0.25980392156862747,1.0,0.41245136186770426,0.20622568093385213,0.5,,0.0,0.0,,,,53.0,151.0,204.0,53.0,151.0,0.0,0.0,0.0,0.5,12.0,0.28014494564538295,0.20264520902700706,급락,비급락,해당기간 관측 통합; AUC는 동월 지역쌍 가중
17시도,급락,Benchmark,Always event,Y4,TH_v11,향후6개월 D<연초학습15%분위(0이하),2020,204,0.0,0.0,,0.0,0.0,0.0,,0.0,0.0,,,,0.0,204.0,204.0,0.0,204.0,0.0,0.0,0.0,,0.0,,,급락,비급락,해당기간 관측 통합; AUC는 동월 지역쌍 가중
17시도,급락,Benchmark,Always event,Y4,TH_v11,향후6개월 D<연초학습15%분위(0이하),2021,204,0.024509803921568627,0.024509803921568627,1.0,0.04784688995215311,0.023923444976076555,0.5,,0.0,0.0,,,,5.0,199.0,204.0,5.0,199.0,0.0,0.0,0.0,0.5,5.0,0.21809045226130655,0.019934640522875816,급락,비급락,해당기간 관측 통합; AUC는 동월 지역쌍 가중
17시도,급락,Benchmark,Always event,Y4,TH_v11,향후6개월 D<연초학습15%분위(0이하),2022,204,0.2647058823529412,0.2647058823529412,1.0,0.4186046511627907,0.20930232558139536,0.5,,0.0,0.0,,,,54.0,150.0,204.0,54.0,150.0,0.0,0.0,0.0,0.5,12.0,0.23555555555555552,0.2042483660130719,급락,비급락,해당기간 관측 통합; AUC는 동월 지역쌍 가중
17시도,급락,Benchmark,Always event,Y4,TH_v11,향후6개월 D<연초학습15%분위(0이하),2023,204,0.18137254901960784,0.18137254901960784,1.0,0.3070539419087137,0.15352697095435686,0.5,,0.0,0.0,,,,37.0,167.0,204.0,37.0,167.0,0.0,0.0,0.0,0.5,12.0,0.2482602362841884,0.14409998233527643,급락,비급락,해당기간 관측 통합; AUC는 동월 지역쌍 가중
17시도,급락,Benchmark,Always event,Y4,TH_v11,향후6개월 D<연초학습15%분위(0이하),2024,204,0.0784313725490196,0.0784313725490196,1.0,0.14545454545454545,0.07272727272727272,0.5,,0.0,0.0,,,,16.0,188.0,204.0,16.0,188.0,0.0,0.0,0.0,0.5,9.0,0.6695478723404256,0.11437908496732026,급락,비급락,해당기간 관측 통합; AUC는 동월 지역쌍 가중
17시도,급락,Benchmark,Always event,Y4,TH_v11,향후6개월 D<연초학습15%분위(0이하),2025,204,0.024509803921568627,0.024509803921568627,1.0,0.04784688995215311,0.023923444976076555,0.5,,0.0,0.0,,,,5.0,199.0,204.0,5.0,199.0,0.0,0.0,0.0,0.5,5.0,0.7306532663316583,0.045098039215686274,급락,비급락,해당기간 관측 통합; AUC는 동월 지역쌍 가중
17시도,급등,Benchmark,Always no event,Y3,TH_v11,향후6개월 U>연초학습85%분위(0이상),2018,204,0.9656862745098039,,0.0,0.0,0.4912718204488778,0.5,0.9656862745098039,1.0,0.9825436408977556,,,,7.0,197.0,0.0,0.0,0.0,7.0,197.0,0.0,0.5,7.0,0.3335750543872371,0.028711484593837537,급등,비급등,해당기간 관측 통합; AUC는 동월 지역쌍 가중
17시도,급등,Benchmark,Always no event,Y3,TH_v11,향후6개월 U>연초학습85%분위(0이상),2019,204,0.8235294117647058,,0.0,0.0,0.45161290322580644,0.5,0.8235294117647058,1.0,0.9032258064516129,,,,36.0,168.0,0.0,0.0,0.0,36.0,168.0,0.0,0.5,9.0,0.2132936507936508,0.13798111837327526,급등,비급등,해당기간 관측 통합; AUC는 동월 지역쌍 가중
17시도,급등,Benchmark,Always no event,Y3,TH_v11,향후6개월 U>연초학습85%분위(0이상),2020,204,0.22549019607843138,,0.0,0.0,0.184,0.5,0.22549019607843138,1.0,0.368,,,,158.0,46.0,0.0,0.0,0.0,158.0,46.0,0.0,0.5,10.0,0.7876995046780407,0.9082898982377761,급등,비급등,해당기간 관측 통합; AUC는 동월 지역쌍 가중
17시도,급등,Benchmark,Always no event,Y3,TH_v11,향후6개월 U>연초학습85%분위(0이상),2021,204,0.058823529411764705,,0.0,0.0,0.05555555555555555,0.5,0.058823529411764705,1.0,0.1111111111111111,,,,192.0,12.0,0.0,0.0,0.0,192.0,12.0,0.0,0.5,9.0,0.30078125,0.9151348039215685,급등,비급등,해당기간 관측 통합; AUC는 동월 지역쌍 가중
17시도,급등,Benchmark,Always no event,Y3,TH_v11,향후6개월 U>연초학습85%분위(0이상),2022,204,0.7205882352941176,,0.0,0.0,0.4188034188034188,0.5,0.7205882352941176,1.0,0.8376068376068376,,,,57.0,147.0,0.0,0.0,0.0,57.0,147.0,0.0,0.5,8.0,0.1987110633727175,0.2188395826166724,급등,비급등,해당기간 관측 통합; AUC는 동월 지역쌍 가중
17시도,급등,Benchmark,Always no event,Y3,TH_v11,향후6개월 U>연초학습85%분위(0이상),2023,204,0.9411764705882353,,0.0,0.0,0.48484848484848486,0.5,0.9411764705882353,1.0,0.9696969696969697,,,,12.0,192.0,0.0,0.0,0.0,12.0,192.0,0.0,0.5,7.0,0.27864583333333337,0.04820261437908496,급등,비급등,해당기간 관측 통합; AUC는 동월 지역쌍 가중
17시도,급등,Benchmark,Always no event,Y3,TH_v11,향후6개월 U>연초학습85%분위(0이상),2024,204,0.9166666666666666,,0.0,0.0,0.4782608695652174,0.5,0.9166666666666666,1.0,0.9565217391304348,,,,17.0,187.0,0.0,0.0,0.0,17.0,187.0,0.0,0.5,11.0,0.588235294117647,0.0997693194925029,급등,비급등,해당기간 관측 통합; AUC는 동월 지역쌍 가중
17시도,급등,Benchmark,Always no event,Y3,TH_v11,향후6개월 U>연초학습85%분위(0이상),2025,204,0.7401960784313726,,0.0,0.0,0.4253521126760563,0.5,0.7401960784313726,1.0,0.8507042253521127,,,,53.0,151.0,0.0,0.0,0.0,53.0,151.0,0.0,0.5,12.0,0.261027114831938,0.20085707238870393,급등,비급등,해당기간 관측 통합; AUC는 동월 지역쌍 가중
17시도,급락,Benchmark,Always no event,Y4,TH_v11,향후6개월 D<연초학습15%분위(0이하),2018,204,0.5441176470588235,,0.0,0.0,0.3523809523809524,0.5,0.5441176470588235,1.0,0.7047619047619048,,,,93.0,111.0,0.0,0.0,0.0,93.0,111.0,0.0,0.5,12.0,0.5222319093286836,0.47021927050390044,급락,비급락,해당기간 관측 통합; AUC는 동월 지역쌍 가중
17시도,급락,Benchmark,Always no event,Y4,TH_v11,향후6개월 D<연초학습15%분위(0이하),2019,204,0.7401960784313726,,0.0,0.0,0.4253521126760563,0.5,0.7401960784313726,1.0,0.8507042253521127,,,,53.0,151.0,0.0,0.0,0.0,53.0,151.0,0.0,0.5,12.0,0.28014494564538295,0.20264520902700706,급락,비급락,해당기간 관측 통합; AUC는 동월 지역쌍 가중
17시도,급락,Benchmark,Always no event,Y4,TH_v11,향후6개월 D<연초학습15%분위(0이하),2020,204,1.0,,,,1.0,1.0,1.0,1.0,1.0,,,,0.0,204.0,0.0,0.0,0.0,0.0,204.0,0.0,,0.0,,,급락,비급락,해당기간 관측 통합; AUC는 동월 지역쌍 가중
17시도,급락,Benchmark,Always no event,Y4,TH_v11,향후6개월 D<연초학습15%분위(0이하),2021,204,0.9754901960784313,,0.0,0.0,0.49379652605459057,0.5,0.9754901960784313,1.0,0.9875930521091811,,,,5.0,199.0,0.0,0.0,0.0,5.0,199.0,0.0,0.5,5.0,0.21809045226130655,0.019934640522875816,급락,비급락,해당기간 관측 통합; AUC는 동월 지역쌍 가중
17시도,급락,Benchmark,Always no event,Y4,TH_v11,향후6개월 D<연초학습15%분위(0이하),2022,204,0.7352941176470589,,0.0,0.0,0.423728813559322,0.5,0.7352941176470589,1.0,0.847457627118644,,,,54.0,150.0,0.0,0.0,0.0,54.0,150.0,0.0,0.5,12.0,0.23555555555555552,0.2042483660130719,급락,비급락,해당기간 관측 통합; AUC는 동월 지역쌍 가중
17시도,급락,Benchmark,Always no event,Y4,TH_v11,향후6개월 D<연초학습15%분위(0이하),2023,204,0.8186274509803921,,0.0,0.0,0.4501347708894879,0.5,0.8186274509803921,1.0,0.9002695417789758,,,,37.0,167.0,0.0,0.0,0.0,37.0,167.0,0.0,0.5,12.0,0.2482602362841884,0.14409998233527643,급락,비급락,해당기간 관측 통합; AUC는 동월 지역쌍 가중
17시도,급락,Benchmark,Always no event,Y4,TH_v11,향후6개월 D<연초학습15%분위(0이하),2024,204,0.9215686274509803,,0.0,0.0,0.47959183673469385,0.5,0.9215686274509803,1.0,0.9591836734693877,,,,16.0,188.0,0.0,0.0,0.0,16.0,188.0,0.0,0.5,9.0,0.6695478723404256,0.11437908496732026,급락,비급락,해당기간 관측 통합; AUC는 동월 지역쌍 가중
17시도,급락,Benchmark,Always no event,Y4,TH_v11,향후6개월 D<연초학습15%분위(0이하),2025,204,0.9754901960784313,,0.0,0.0,0.49379652605459057,0.5,0.9754901960784313,1.0,0.9875930521091811,,,,5.0,199.0,0.0,0.0,0.0,5.0,199.0,0.0,0.5,5.0,0.7306532663316583,0.045098039215686274,급락,비급락,해당기간 관측 통합; AUC는 동월 지역쌍 가중
17시도,방향,Benchmark,Always up,Y2,TH_v11,양수 상승/음수 하락; 실제0%는 Y2만 제외,2018,204,0.1568627450980392,0.1568627450980392,1.0,0.2711864406779661,0.13559322033898305,0.5,,0.0,0.0,,,,32.0,172.0,204.0,32.0,172.0,0.0,0.0,0.0,0.5,12.0,0.4258720930232558,0.13684640522875816,상승,하락,해당기간 관측 통합; AUC는 동월 지역쌍 가중
17시도,방향,Benchmark,Always up,Y2,TH_v11,양수 상승/음수 하락; 실제0%는 Y2만 제외,2019,204,0.30392156862745096,0.30392156862745096,1.0,0.46616541353383456,0.23308270676691728,0.5,,0.0,0.0,,,,62.0,142.0,204.0,62.0,142.0,0.0,0.0,0.0,0.5,12.0,0.32621535665606544,0.24457094665823317,상승,하락,해당기간 관측 통합; AUC는 동월 지역쌍 가중
17시도,방향,Benchmark,Always up,Y2,TH_v11,양수 상승/음수 하락; 실제0%는 Y2만 제외,2020,204,0.8578431372549019,0.8578431372549019,1.0,0.9234828496042217,0.46174142480211083,0.5,,0.0,0.0,,,,175.0,29.0,204.0,175.0,29.0,0.0,0.0,0.0,0.5,8.0,0.7864039408866994,0.9445845004668534,상승,하락,해당기간 관측 통합; AUC는 동월 지역쌍 가중
17시도,방향,Benchmark,Always up,Y2,TH_v11,양수 상승/음수 하락; 실제0%는 Y2만 제외,2021,204,0.9509803921568627,0.9509803921568627,1.0,0.9748743718592965,0.48743718592964824,0.5,,0.0,0.0,,,,194.0,10.0,204.0,194.0,10.0,0.0,0.0,0.0,0.5,7.0,0.23711340206185572,0.9211474967994071,상승,하락,해당기간 관측 통합; AUC는 동월 지역쌍 가중
17시도,방향,Benchmark,Always up,Y2,TH_v11,양수 상승/음수 하락; 실제0%는 Y2만 제외,2022,204,0.5735294117647058,0.5735294117647058,1.0,0.7289719626168224,0.3644859813084112,0.5,,0.0,0.0,,,,117.0,87.0,204.0,117.0,87.0,0.0,0.0,0.0,0.5,12.0,0.20188623636899494,0.461706049941344,상승,하락,해당기간 관측 통합; AUC는 동월 지역쌍 가중
17시도,방향,Benchmark,Always up,Y2,TH_v11,양수 상승/음수 하락; 실제0%는 Y2만 제외,2023,204,0.5392156862745098,0.5392156862745098,1.0,0.7006369426751592,0.3503184713375796,0.5,,0.0,0.0,,,,110.0,94.0,204.0,110.0,94.0,0.0,0.0,0.0,0.5,12.0,0.20899419729206964,0.4354426619132501,상승,하락,해당기간 관측 통합; AUC는 동월 지역쌍 가중
17시도,방향,Benchmark,Always up,Y2,TH_v11,양수 상승/음수 하락; 실제0%는 Y2만 제외,2024,204,0.75,0.75,1.0,0.8571428571428571,0.42857142857142855,0.5,,0.0,0.0,,,,153.0,51.0,204.0,153.0,51.0,0.0,0.0,0.0,0.5,12.0,0.5620915032679739,0.7874962621214063,상승,하락,해당기간 관측 통합; AUC는 동월 지역쌍 가중
17시도,방향,Benchmark,Always up,Y2,TH_v11,양수 상승/음수 하락; 실제0%는 Y2만 제외,2025,204,0.8431372549019608,0.8431372549019608,1.0,0.9148936170212766,0.4574468085106383,0.5,,0.0,0.0,,,,172.0,32.0,204.0,172.0,32.0,0.0,0.0,0.0,0.5,12.0,0.6760537790697674,0.9020177838577292,상승,하락,해당기간 관측 통합; AUC는 동월 지역쌍 가중
17시도,변화율,Benchmark,Past6 persistence,Y1,TH_v11,직전월 대비 향후6번째월 변화율(%p),2018,204,,,,,,,,,,0.7493812856539973,1.4908250864483492,0.10969746745726605,,,,,,,,,,,,,,,해당기간 관측 통합; AUC는 동월 지역쌍 가중
17시도,변화율,Benchmark,Past6 persistence,Y1,TH_v11,직전월 대비 향후6번째월 변화율(%p),2019,204,,,,,,,,,,0.8226129658270951,1.3733098174367677,-1.1648273514062049,,,,,,,,,,,,,,,해당기간 관측 통합; AUC는 동월 지역쌍 가중
17시도,변화율,Benchmark,Past6 persistence,Y1,TH_v11,직전월 대비 향후6번째월 변화율(%p),2020,204,,,,,,,,,,1.2190074036336107,1.9721708685778931,0.37811954506328094,,,,,,,,,,,,,,,해당기간 관측 통합; AUC는 동월 지역쌍 가중
17시도,변화율,Benchmark,Past6 persistence,Y1,TH_v11,직전월 대비 향후6번째월 변화율(%p),2021,204,,,,,,,,,,1.223760805697311,2.4369790228950263,-2.267471402194342,,,,,,,,,,,,,,,해당기간 관측 통합; AUC는 동월 지역쌍 가중
17시도,변화율,Benchmark,Past6 persistence,Y1,TH_v11,직전월 대비 향후6번째월 변화율(%p),2022,204,,,,,,,,,,1.3581085005856905,1.7096469838576267,-0.04019541231461177,,,,,,,,,,,,,,,해당기간 관측 통합; AUC는 동월 지역쌍 가중
17시도,변화율,Benchmark,Past6 persistence,Y1,TH_v11,직전월 대비 향후6번째월 변화율(%p),2023,204,,,,,,,,,,1.1856471144882232,1.4898412124279914,-1.153465847054588,,,,,,,,,,,,,,,해당기간 관측 통합; AUC는 동월 지역쌍 가중
17시도,변화율,Benchmark,Past6 persistence,Y1,TH_v11,직전월 대비 향후6번째월 변화율(%p),2024,204,,,,,,,,,,0.5632803658306091,0.8260098017819388,0.20513872950062106,,,,,,,,,,,,,,,해당기간 관측 통합; AUC는 동월 지역쌍 가중
17시도,변화율,Benchmark,Past6 persistence,Y1,TH_v11,직전월 대비 향후6번째월 변화율(%p),2025,204,,,,,,,,,,0.6993052593334409,0.9578825980858213,0.18897930852142308,,,,,,,,,,,,,,,해당기간 관측 통합; AUC는 동월 지역쌍 가중
17시도,방향,Benchmark,Training majority,Y2,TH_v11,양수 상승/음수 하락; 실제0%는 Y2만 제외,2018,204,0.8431372549019608,,0.0,0.0,0.4574468085106383,0.5,0.8431372549019608,1.0,0.9148936170212766,,,,32.0,172.0,0.0,0.0,0.0,32.0,172.0,0.0,0.5,12.0,0.4258720930232558,0.13684640522875816,상승,하락,해당기간 관측 통합; AUC는 동월 지역쌍 가중
17시도,방향,Benchmark,Training majority,Y2,TH_v11,양수 상승/음수 하락; 실제0%는 Y2만 제외,2019,204,0.696078431372549,,0.0,0.0,0.41040462427745666,0.5,0.696078431372549,1.0,0.8208092485549133,,,,62.0,142.0,0.0,0.0,0.0,62.0,142.0,0.0,0.5,12.0,0.32621535665606544,0.24457094665823317,상승,하락,해당기간 관측 통합; AUC는 동월 지역쌍 가중
17시도,방향,Benchmark,Training majority,Y2,TH_v11,양수 상승/음수 하락; 실제0%는 Y2만 제외,2020,204,0.14215686274509803,,0.0,0.0,0.12446351931330472,0.5,0.14215686274509803,1.0,0.24892703862660945,,,,175.0,29.0,0.0,0.0,0.0,175.0,29.0,0.0,0.5,8.0,0.7864039408866994,0.9445845004668534,상승,하락,해당기간 관측 통합; AUC는 동월 지역쌍 가중
17시도,방향,Benchmark,Training majority,Y2,TH_v11,양수 상승/음수 하락; 실제0%는 Y2만 제외,2021,204,0.049019607843137254,,0.0,0.0,0.04672897196261682,0.5,0.049019607843137254,1.0,0.09345794392523364,,,,194.0,10.0,0.0,0.0,0.0,194.0,10.0,0.0,0.5,7.0,0.23711340206185572,0.9211474967994071,상승,하락,해당기간 관측 통합; AUC는 동월 지역쌍 가중
17시도,방향,Benchmark,Training majority,Y2,TH_v11,양수 상승/음수 하락; 실제0%는 Y2만 제외,2022,204,0.4117647058823529,0.49019607843137253,0.6410256410256411,0.5555555555555556,0.34299516908212563,0.372236958443855,0.17647058823529413,0.10344827586206896,0.13043478260869565,,,,117.0,87.0,153.0,75.0,78.0,42.0,9.0,0.0,0.5,12.0,0.20188623636899494,0.461706049941344,상승,하락,해당기간 관측 통합; AUC는 동월 지역쌍 가중
17시도,방향,Benchmark,Training majority,Y2,TH_v11,양수 상승/음수 하락; 실제0%는 Y2만 제외,2023,204,0.5392156862745098,0.5392156862745098,1.0,0.7006369426751592,0.3503184713375796,0.5,,0.0,0.0,,,,110.0,94.0,204.0,110.0,94.0,0.0,0.0,0.0,0.5,12.0,0.20899419729206964,0.4354426619132501,상승,하락,해당기간 관측 통합; AUC는 동월 지역쌍 가중
17시도,방향,Benchmark,Training majority,Y2,TH_v11,양수 상승/음수 하락; 실제0%는 Y2만 제외,2024,204,0.75,0.75,1.0,0.8571428571428571,0.42857142857142855,0.5,,0.0,0.0,,,,153.0,51.0,204.0,153.0,51.0,0.0,0.0,0.0,0.5,12.0,0.5620915032679739,0.7874962621214063,상승,하락,해당기간 관측 통합; AUC는 동월 지역쌍 가중
17시도,방향,Benchmark,Training majority,Y2,TH_v11,양수 상승/음수 하락; 실제0%는 Y2만 제외,2025,204,0.8431372549019608,0.8431372549019608,1.0,0.9148936170212766,0.4574468085106383,0.5,,0.0,0.0,,,,172.0,32.0,204.0,172.0,32.0,0.0,0.0,0.0,0.5,12.0,0.6760537790697674,0.9020177838577292,상승,하락,해당기간 관측 통합; AUC는 동월 지역쌍 가중
17시도,급등,Benchmark,Training majority,Y3,TH_v11,향후6개월 U>연초학습85%분위(0이상),2018,204,0.9656862745098039,,0.0,0.0,0.4912718204488778,0.5,0.9656862745098039,1.0,0.9825436408977556,,,,7.0,197.0,0.0,0.0,0.0,7.0,197.0,0.0,0.5,7.0,0.3335750543872371,0.028711484593837537,급등,비급등,해당기간 관측 통합; AUC는 동월 지역쌍 가중
17시도,급등,Benchmark,Training majority,Y3,TH_v11,향후6개월 U>연초학습85%분위(0이상),2019,204,0.8235294117647058,,0.0,0.0,0.45161290322580644,0.5,0.8235294117647058,1.0,0.9032258064516129,,,,36.0,168.0,0.0,0.0,0.0,36.0,168.0,0.0,0.5,9.0,0.2132936507936508,0.13798111837327526,급등,비급등,해당기간 관측 통합; AUC는 동월 지역쌍 가중
17시도,급등,Benchmark,Training majority,Y3,TH_v11,향후6개월 U>연초학습85%분위(0이상),2020,204,0.22549019607843138,,0.0,0.0,0.184,0.5,0.22549019607843138,1.0,0.368,,,,158.0,46.0,0.0,0.0,0.0,158.0,46.0,0.0,0.5,10.0,0.7876995046780407,0.9082898982377761,급등,비급등,해당기간 관측 통합; AUC는 동월 지역쌍 가중
17시도,급등,Benchmark,Training majority,Y3,TH_v11,향후6개월 U>연초학습85%분위(0이상),2021,204,0.058823529411764705,,0.0,0.0,0.05555555555555555,0.5,0.058823529411764705,1.0,0.1111111111111111,,,,192.0,12.0,0.0,0.0,0.0,192.0,12.0,0.0,0.5,9.0,0.30078125,0.9151348039215685,급등,비급등,해당기간 관측 통합; AUC는 동월 지역쌍 가중
17시도,급등,Benchmark,Training majority,Y3,TH_v11,향후6개월 U>연초학습85%분위(0이상),2022,204,0.7205882352941176,,0.0,0.0,0.4188034188034188,0.5,0.7205882352941176,1.0,0.8376068376068376,,,,57.0,147.0,0.0,0.0,0.0,57.0,147.0,0.0,0.5,8.0,0.1987110633727175,0.2188395826166724,급등,비급등,해당기간 관측 통합; AUC는 동월 지역쌍 가중
17시도,급등,Benchmark,Training majority,Y3,TH_v11,향후6개월 U>연초학습85%분위(0이상),2023,204,0.9411764705882353,,0.0,0.0,0.48484848484848486,0.5,0.9411764705882353,1.0,0.9696969696969697,,,,12.0,192.0,0.0,0.0,0.0,12.0,192.0,0.0,0.5,7.0,0.27864583333333337,0.04820261437908496,급등,비급등,해당기간 관측 통합; AUC는 동월 지역쌍 가중
17시도,급등,Benchmark,Training majority,Y3,TH_v11,향후6개월 U>연초학습85%분위(0이상),2024,204,0.9166666666666666,,0.0,0.0,0.4782608695652174,0.5,0.9166666666666666,1.0,0.9565217391304348,,,,17.0,187.0,0.0,0.0,0.0,17.0,187.0,0.0,0.5,11.0,0.588235294117647,0.0997693194925029,급등,비급등,해당기간 관측 통합; AUC는 동월 지역쌍 가중
17시도,급등,Benchmark,Training majority,Y3,TH_v11,향후6개월 U>연초학습85%분위(0이상),2025,204,0.7401960784313726,,0.0,0.0,0.4253521126760563,0.5,0.7401960784313726,1.0,0.8507042253521127,,,,53.0,151.0,0.0,0.0,0.0,53.0,151.0,0.0,0.5,12.0,0.261027114831938,0.20085707238870393,급등,비급등,해당기간 관측 통합; AUC는 동월 지역쌍 가중
17시도,급락,Benchmark,Training majority,Y4,TH_v11,향후6개월 D<연초학습15%분위(0이하),2018,204,0.5441176470588235,,0.0,0.0,0.3523809523809524,0.5,0.5441176470588235,1.0,0.7047619047619048,,,,93.0,111.0,0.0,0.0,0.0,93.0,111.0,0.0,0.5,12.0,0.5222319093286836,0.47021927050390044,급락,비급락,해당기간 관측 통합; AUC는 동월 지역쌍 가중
17시도,급락,Benchmark,Training majority,Y4,TH_v11,향후6개월 D<연초학습15%분위(0이하),2019,204,0.7401960784313726,,0.0,0.0,0.4253521126760563,0.5,0.7401960784313726,1.0,0.8507042253521127,,,,53.0,151.0,0.0,0.0,0.0,53.0,151.0,0.0,0.5,12.0,0.28014494564538295,0.20264520902700706,급락,비급락,해당기간 관측 통합; AUC는 동월 지역쌍 가중
17시도,급락,Benchmark,Training majority,Y4,TH_v11,향후6개월 D<연초학습15%분위(0이하),2020,204,1.0,,,,1.0,1.0,1.0,1.0,1.0,,,,0.0,204.0,0.0,0.0,0.0,0.0,204.0,0.0,,0.0,,,급락,비급락,해당기간 관측 통합; AUC는 동월 지역쌍 가중
17시도,급락,Benchmark,Training majority,Y4,TH_v11,향후6개월 D<연초학습15%분위(0이하),2021,204,0.9754901960784313,,0.0,0.0,0.49379652605459057,0.5,0.9754901960784313,1.0,0.9875930521091811,,,,5.0,199.0,0.0,0.0,0.0,5.0,199.0,0.0,0.5,5.0,0.21809045226130655,0.019934640522875816,급락,비급락,해당기간 관측 통합; AUC는 동월 지역쌍 가중
17시도,급락,Benchmark,Training majority,Y4,TH_v11,향후6개월 D<연초학습15%분위(0이하),2022,204,0.7352941176470589,,0.0,0.0,0.423728813559322,0.5,0.7352941176470589,1.0,0.847457627118644,,,,54.0,150.0,0.0,0.0,0.0,54.0,150.0,0.0,0.5,12.0,0.23555555555555552,0.2042483660130719,급락,비급락,해당기간 관측 통합; AUC는 동월 지역쌍 가중
17시도,급락,Benchmark,Training majority,Y4,TH_v11,향후6개월 D<연초학습15%분위(0이하),2023,204,0.8186274509803921,,0.0,0.0,0.4501347708894879,0.5,0.8186274509803921,1.0,0.9002695417789758,,,,37.0,167.0,0.0,0.0,0.0,37.0,167.0,0.0,0.5,12.0,0.2482602362841884,0.14409998233527643,급락,비급락,해당기간 관측 통합; AUC는 동월 지역쌍 가중
17시도,급락,Benchmark,Training majority,Y4,TH_v11,향후6개월 D<연초학습15%분위(0이하),2024,204,0.9215686274509803,,0.0,0.0,0.47959183673469385,0.5,0.9215686274509803,1.0,0.9591836734693877,,,,16.0,188.0,0.0,0.0,0.0,16.0,188.0,0.0,0.5,9.0,0.6695478723404256,0.11437908496732026,급락,비급락,해당기간 관측 통합; AUC는 동월 지역쌍 가중
17시도,급락,Benchmark,Training majority,Y4,TH_v11,향후6개월 D<연초학습15%분위(0이하),2025,204,0.9754901960784313,,0.0,0.0,0.49379652605459057,0.5,0.9754901960784313,1.0,0.9875930521091811,,,,5.0,199.0,0.0,0.0,0.0,5.0,199.0,0.0,0.5,5.0,0.7306532663316583,0.045098039215686274,급락,비급락,해당기간 관측 통합; AUC는 동월 지역쌍 가중
17시도,변화율,Benchmark,Training median,Y1,TH_v11,직전월 대비 향후6번째월 변화율(%p),2018,204,,,,,,,,,,1.168942053170689,1.8333113728573807,-0.34634601640688856,,,,,,,,,,,,,,,해당기간 관측 통합; AUC는 동월 지역쌍 가중
17시도,변화율,Benchmark,Training median,Y1,TH_v11,직전월 대비 향후6번째월 변화율(%p),2019,204,,,,,,,,,,0.6996484858649958,0.9927064846249365,-0.131170145728976,,,,,,,,,,,,,,,해당기간 관측 통합; AUC는 동월 지역쌍 가중
17시도,변화율,Benchmark,Training median,Y1,TH_v11,직전월 대비 향후6번째월 변화율(%p),2020,204,,,,,,,,,,1.7816847416791446,3.045770146273369,-0.48324222260188754,,,,,,,,,,,,,,,해당기간 관측 통합; AUC는 동월 지역쌍 가중
17시도,변화율,Benchmark,Training median,Y1,TH_v11,직전월 대비 향후6번째월 변화율(%p),2021,204,,,,,,,,,,1.975519692798924,2.2582587103893332,-1.8057928329972666,,,,,,,,,,,,,,,해당기간 관측 통합; AUC는 동월 지역쌍 가중
17시도,변화율,Benchmark,Training median,Y1,TH_v11,직전월 대비 향후6번째월 변화율(%p),2022,204,,,,,,,,,,1.3369942770940486,1.6858911372996204,-0.011488851356451057,,,,,,,,,,,,,,,해당기간 관측 통합; AUC는 동월 지역쌍 가중
17시도,변화율,Benchmark,Training median,Y1,TH_v11,직전월 대비 향후6번째월 변화율(%p),2023,204,,,,,,,,,,0.7803925933872413,1.024185236442895,-0.017688913708501675,,,,,,,,,,,,,,,해당기간 관측 통합; AUC는 동월 지역쌍 가중
17시도,변화율,Benchmark,Training median,Y1,TH_v11,직전월 대비 향후6번째월 변화율(%p),2024,204,,,,,,,,,,0.7351569706166572,0.9926338718542435,-0.14788694351664233,,,,,,,,,,,,,,,해당기간 관측 통합; AUC는 동월 지역쌍 가중
17시도,변화율,Benchmark,Training median,Y1,TH_v11,직전월 대비 향후6번째월 변화율(%p),2025,204,,,,,,,,,,1.0211119601467467,1.3384663126371774,-0.5835152771482544,,,,,,,,,,,,,,,해당기간 관측 통합; AUC는 동월 지역쌍 가중
17시도,변화율,Benchmark,Zero growth,Y1,TH_v11,직전월 대비 향후6번째월 변화율(%p),2018,204,,,,,,,,,,1.1903013972641308,1.8490636242682488,-0.369581668880814,,,,,,,,,,,,,,,해당기간 관측 통합; AUC는 동월 지역쌍 가중
17시도,변화율,Benchmark,Zero growth,Y1,TH_v11,직전월 대비 향후6번째월 변화율(%p),2019,204,,,,,,,,,,0.7320806290139379,1.031786795624049,-0.2219857689532867,,,,,,,,,,,,,,,해당기간 관측 통합; AUC는 동월 지역쌍 가중
17시도,변화율,Benchmark,Zero growth,Y1,TH_v11,직전월 대비 향후6번째월 변화율(%p),2020,204,,,,,,,,,,1.6373484842867578,2.9556784629819655,-0.3967934917677458,,,,,,,,,,,,,,,해당기간 관측 통합; AUC는 동월 지역쌍 가중
17시도,변화율,Benchmark,Zero growth,Y1,TH_v11,직전월 대비 향후6번째월 변화율(%p),2021,204,,,,,,,,,,1.911516188009635,2.2027069871979146,-1.66944927208844,,,,,,,,,,,,,,,해당기간 관측 통합; AUC는 동월 지역쌍 가중
17시도,변화율,Benchmark,Zero growth,Y1,TH_v11,직전월 대비 향후6번째월 변화율(%p),2022,204,,,,,,,,,,1.3306111060285342,1.6779072682333198,-0.0019313270420477924,,,,,,,,,,,,,,,해당기간 관측 통합; AUC는 동월 지역쌍 가중
17시도,변화율,Benchmark,Zero growth,Y1,TH_v11,직전월 대비 향후6번째월 변화율(%p),2023,204,,,,,,,,,,0.7752741148197752,1.0152521644411843,-1.3514350178045476e-05,,,,,,,,,,,,,,,해당기간 관측 통합; AUC는 동월 지역쌍 가중
17시도,변화율,Benchmark,Zero growth,Y1,TH_v11,직전월 대비 향후6번째월 변화율(%p),2024,204,,,,,,,,,,0.7527501466829175,1.006576716952003,-0.1803605766994849,,,,,,,,,,,,,,,해당기간 관측 통합; AUC는 동월 지역쌍 가중
17시도,변화율,Benchmark,Zero growth,Y1,TH_v11,직전월 대비 향후6번째월 변화율(%p),2025,204,,,,,,,,,,1.0700146446963104,1.3862967107080473,-0.6987119935074473,,,,,,,,,,,,,,,해당기간 관측 통합; AUC는 동월 지역쌍 가중
17시도,변화율,E_M,Extra Trees,Y1,TH_v11,직전월 대비 향후6번째월 변화율(%p),2018,204,,,,,,,,,,0.7793946885695522,1.449573783090808,0.1582853694194004,,,,,,,,,,,,,,,해당기간 관측 통합; AUC는 동월 지역쌍 가중
17시도,변화율,E_M,Extra Trees,Y1,TH_v11,직전월 대비 향후6번째월 변화율(%p),2019,204,,,,,,,,,,0.6973078968986725,1.0239534531742915,-0.203501530229514,,,,,,,,,,,,,,,해당기간 관측 통합; AUC는 동월 지역쌍 가중
17시도,변화율,E_M,Extra Trees,Y1,TH_v11,직전월 대비 향후6번째월 변화율(%p),2020,204,,,,,,,,,,1.6161132398048859,2.786925279255408,-0.24184810392976108,,,,,,,,,,,,,,,해당기간 관측 통합; AUC는 동월 지역쌍 가중
17시도,변화율,E_M,Extra Trees,Y1,TH_v11,직전월 대비 향후6번째월 변화율(%p),2021,204,,,,,,,,,,0.9432222513867665,1.6996910988647909,-0.5894549148174042,,,,,,,,,,,,,,,해당기간 관측 통합; AUC는 동월 지역쌍 가중
17시도,변화율,E_M,Extra Trees,Y1,TH_v11,직전월 대비 향후6번째월 변화율(%p),2022,204,,,,,,,,,,1.1067290364799658,1.7066011521756985,-0.03649238127273291,,,,,,,,,,,,,,,해당기간 관측 통합; AUC는 동월 지역쌍 가중
17시도,변화율,E_M,Extra Trees,Y1,TH_v11,직전월 대비 향후6번째월 변화율(%p),2023,204,,,,,,,,,,0.7584289168440824,0.9464683523988603,0.13089906998519174,,,,,,,,,,,,,,,해당기간 관측 통합; AUC는 동월 지역쌍 가중
17시도,변화율,E_M,Extra Trees,Y1,TH_v11,직전월 대비 향후6번째월 변화율(%p),2024,204,,,,,,,,,,0.44594905867296886,0.677602754079288,0.4651016480635948,,,,,,,,,,,,,,,해당기간 관측 통합; AUC는 동월 지역쌍 가중
17시도,변화율,E_M,Extra Trees,Y1,TH_v11,직전월 대비 향후6번째월 변화율(%p),2025,204,,,,,,,,,,0.609740766240938,0.827349715776886,0.394957876544322,,,,,,,,,,,,,,,해당기간 관측 통합; AUC는 동월 지역쌍 가중
17시도,방향,E_M,Extra Trees,Y2,TH_v11,양수 상승/음수 하락; 실제0%는 Y2만 제외,2018,204,0.8578431372549019,0.5714285714285714,0.375,0.4528301886792453,0.6855700239170874,0.6613372093023255,0.8907103825136612,0.9476744186046512,0.9183098591549296,,,,32.0,172.0,21.0,12.0,9.0,20.0,163.0,0.0,0.8973214285714286,12.0,0.8303052325581395,0.5680089506065394,상승,하락,해당기간 관측 통합; AUC는 동월 지역쌍 가중
17시도,방향,E_M,Extra Trees,Y2,TH_v11,양수 상승/음수 하락; 실제0%는 Y2만 제외,2019,204,0.7794117647058824,0.9473684210526315,0.2903225806451613,0.4444444444444444,0.6534148827726809,0.6416401635620173,0.7621621621621621,0.9929577464788732,0.8623853211009175,,,,62.0,142.0,19.0,18.0,1.0,44.0,141.0,0.0,0.9563253012048193,12.0,0.9127669241253975,0.8317448778129211,상승,하락,해당기간 관측 통합; AUC는 동월 지역쌍 가중
17시도,방향,E_M,Extra Trees,Y2,TH_v11,양수 상승/음수 하락; 실제0%는 Y2만 제외,2020,204,0.7941176470588235,0.9716312056737588,0.7828571428571428,0.8670886075949367,0.7052834342322509,0.822463054187192,0.3968253968253968,0.8620689655172413,0.5434782608695652,,,,175.0,29.0,141.0,137.0,4.0,38.0,25.0,0.0,0.8435754189944135,8.0,0.9221674876847291,0.9864998253596506,상승,하락,해당기간 관측 통합; AUC는 동월 지역쌍 가중
17시도,방향,E_M,Extra Trees,Y2,TH_v11,양수 상승/음수 하락; 실제0%는 Y2만 제외,2021,204,0.9558823529411765,0.9601990049751243,0.9948453608247423,0.9772151898734177,0.6424537487828628,0.5974226804123711,0.6666666666666666,0.2,0.3076923076923077,,,,194.0,10.0,201.0,193.0,8.0,1.0,2.0,0.0,0.993421052631579,7.0,0.9793814432989691,0.9989363222269668,상승,하락,해당기간 관측 통합; AUC는 동월 지역쌍 가중
17시도,방향,E_M,Extra Trees,Y2,TH_v11,양수 상승/음수 하락; 실제0%는 Y2만 제외,2022,204,0.7401960784313726,0.6951219512195121,0.9743589743589743,0.8113879003558719,0.6970325328551013,0.6998231653404067,0.925,0.42528735632183906,0.5826771653543307,,,,117.0,87.0,164.0,114.0,50.0,3.0,37.0,0.0,0.8472222222222222,12.0,0.8092150505943609,0.7974337468824206,상승,하락,해당기간 관측 통합; AUC는 동월 지역쌍 가중
17시도,방향,E_M,Extra Trees,Y2,TH_v11,양수 상승/음수 하락; 실제0%는 Y2만 제외,2023,204,0.553921568627451,0.9130434782608695,0.19090909090909092,0.3157894736842105,0.4924401913875598,0.584816247582205,0.5082872928176796,0.9787234042553191,0.6690909090909091,,,,110.0,94.0,23.0,21.0,2.0,89.0,92.0,0.0,0.7857142857142857,12.0,0.7578336557059963,0.7941547103157269,상승,하락,해당기간 관측 통합; AUC는 동월 지역쌍 가중
17시도,방향,E_M,Extra Trees,Y2,TH_v11,양수 상승/음수 하락; 실제0%는 Y2만 제외,2024,204,0.8431372549019608,0.8538011695906432,0.954248366013072,0.9012345679012346,0.7601410934744268,0.7320261437908497,0.7878787878787878,0.5098039215686274,0.6190476190476191,,,,153.0,51.0,171.0,146.0,25.0,7.0,26.0,0.0,0.8212025316455697,12.0,0.801358451877483,0.9017410526021935,상승,하락,해당기간 관측 통합; AUC는 동월 지역쌍 가중
17시도,방향,E_M,Extra Trees,Y2,TH_v11,양수 상승/음수 하락; 실제0%는 Y2만 제외,2025,204,0.9068627450980392,0.9273743016759777,0.9651162790697675,0.9458689458689459,0.8062678062678063,0.7794331395348837,0.76,0.59375,0.6666666666666666,,,,172.0,32.0,179.0,166.0,13.0,6.0,19.0,0.0,0.8860465116279069,12.0,0.9173328488372092,0.9824755840632529,상승,하락,해당기간 관측 통합; AUC는 동월 지역쌍 가중
17시도,급등,E_M,Extra Trees,Y3,TH_v11,향후6개월 U>연초학습85%분위(0이상),2018,204,0.9656862745098039,0.5,0.42857142857142855,0.46153846153846156,0.7219084712755599,0.7066715010877447,0.9797979797979798,0.9847715736040609,0.9822784810126582,,,,7.0,197.0,6.0,3.0,3.0,4.0,194.0,0.0,0.9910714285714286,7.0,0.9789702683103698,0.5252834467120181,급등,비급등,해당기간 관측 통합; AUC는 동월 지역쌍 가중
17시도,급등,E_M,Extra Trees,Y3,TH_v11,향후6개월 U>연초학습85%분위(0이상),2019,204,0.8235294117647058,,0.0,0.0,0.45161290322580644,0.5,0.8235294117647058,1.0,0.9032258064516129,,,,36.0,168.0,0.0,0.0,0.0,36.0,168.0,0.0,0.7016908212560387,9.0,0.6474041005291005,0.3702568591594686,급등,비급등,해당기간 관측 통합; AUC는 동월 지역쌍 가중
17시도,급등,E_M,Extra Trees,Y3,TH_v11,향후6개월 U>연초학습85%분위(0이상),2020,204,0.6568627450980392,0.9888888888888889,0.5632911392405063,0.717741935483871,0.6401209677419355,0.7707760044028619,0.39473684210526316,0.9782608695652174,0.5625,,,,158.0,46.0,90.0,89.0,1.0,69.0,45.0,0.0,0.875,10.0,0.8959823885525592,0.9673498528133937,급등,비급등,해당기간 관측 통합; AUC는 동월 지역쌍 가중
17시도,급등,E_M,Extra Trees,Y3,TH_v11,향후6개월 U>연초학습85%분위(0이상),2021,204,0.7598039215686274,0.9281437125748503,0.8072916666666666,0.8635097493036211,0.43175487465181056,0.4036458333333333,0.0,0.0,0.0,,,,192.0,12.0,167.0,155.0,12.0,37.0,0.0,0.0,0.625,9.0,0.43923611111111105,0.944500256798726,급등,비급등,해당기간 관측 통합; AUC는 동월 지역쌍 가중
17시도,급등,E_M,Extra Trees,Y3,TH_v11,향후6개월 U>연초학습85%분위(0이상),2022,204,0.6127450980392157,0.35526315789473684,0.47368421052631576,0.40601503759398494,0.5593711551606289,0.5701754385964912,0.765625,0.6666666666666666,0.7127272727272728,,,,57.0,147.0,76.0,27.0,49.0,30.0,98.0,0.0,0.889763779527559,8.0,0.6768110753073159,0.3872697114726612,급등,비급등,해당기간 관측 통합; AUC는 동월 지역쌍 가중
17시도,급등,E_M,Extra Trees,Y3,TH_v11,향후6개월 U>연초학습85%분위(0이상),2023,204,0.9411764705882353,,0.0,0.0,0.48484848484848486,0.5,0.9411764705882353,1.0,0.9696969696969697,,,,12.0,192.0,0.0,0.0,0.0,12.0,192.0,0.0,0.8681318681318682,7.0,0.8315972222222222,0.19186599960649914,급등,비급등,해당기간 관측 통합; AUC는 동월 지역쌍 가중
17시도,급등,E_M,Extra Trees,Y3,TH_v11,향후6개월 U>연초학습85%분위(0이상),2024,204,0.9068627450980392,0.3333333333333333,0.11764705882352941,0.17391304347826086,0.5622811970638057,0.5481283422459893,0.9242424242424242,0.9786096256684492,0.9506493506493506,,,,17.0,187.0,6.0,2.0,4.0,15.0,183.0,0.0,0.8846153846153846,11.0,0.8760616546083675,0.3313772385107766,급등,비급등,해당기간 관측 통합; AUC는 동월 지역쌍 가중
17시도,급등,E_M,Extra Trees,Y3,TH_v11,향후6개월 U>연초학습85%분위(0이상),2025,204,0.7745098039215687,0.8181818181818182,0.16981132075471697,0.28125,0.5737645348837209,0.5782831438210672,0.772020725388601,0.9867549668874173,0.8662790697674418,,,,53.0,151.0,11.0,9.0,2.0,44.0,149.0,0.0,0.9032258064516129,12.0,0.8784205922778958,0.7026298498829641,급등,비급등,해당기간 관측 통합; AUC는 동월 지역쌍 가중
17시도,급락,E_M,Extra Trees,Y4,TH_v11,향후6개월 D<연초학습15%분위(0이하),2018,204,0.8088235294117647,0.8375,0.7204301075268817,0.7745664739884393,0.8043045135899642,0.8016564952048824,0.7903225806451613,0.8828828828828829,0.8340425531914893,,,,93.0,111.0,80.0,67.0,13.0,26.0,98.0,0.0,0.8929411764705882,12.0,0.8736801317446479,0.8889118215703252,급락,비급락,해당기간 관측 통합; AUC는 동월 지역쌍 가중
17시도,급락,E_M,Extra Trees,Y4,TH_v11,향후6개월 D<연초학습15%분위(0이하),2019,204,0.7843137254901961,0.5517241379310345,0.9056603773584906,0.6857142857142857,0.7607675906183369,0.8236911158315632,0.9572649572649573,0.7417218543046358,0.835820895522388,,,,53.0,151.0,87.0,48.0,39.0,5.0,112.0,0.0,0.8802083333333334,12.0,0.8288141946769961,0.5322737139984869,급락,비급락,해당기간 관측 통합; AUC는 동월 지역쌍 가중
17시도,급락,E_M,Extra Trees,Y4,TH_v11,향후6개월 D<연초학습15%분위(0이하),2020,204,0.9754901960784313,0.0,,0.0,0.49379652605459057,0.9754901960784313,1.0,0.9754901960784313,0.9875930521091811,,,,0.0,204.0,5.0,0.0,5.0,0.0,199.0,0.0,,0.0,,,급락,비급락,해당기간 관측 통합; AUC는 동월 지역쌍 가중
17시도,급락,E_M,Extra Trees,Y4,TH_v11,향후6개월 D<연초학습15%분위(0이하),2021,204,0.9754901960784313,,0.0,0.0,0.49379652605459057,0.5,0.9754901960784313,1.0,0.9875930521091811,,,,5.0,199.0,0.0,0.0,0.0,5.0,199.0,0.0,1.0,5.0,0.9989949748743718,0.9666666666666666,급락,비급락,해당기간 관측 통합; AUC는 동월 지역쌍 가중
17시도,급락,E_M,Extra Trees,Y4,TH_v11,향후6개월 D<연초학습15%분위(0이하),2022,204,0.8284313725490197,0.9130434782608695,0.3888888888888889,0.5454545454545454,0.7198571820928317,0.6877777777777778,0.8176795580110497,0.9866666666666667,0.8942598187311178,,,,54.0,150.0,23.0,21.0,2.0,33.0,148.0,0.0,0.8377358490566038,12.0,0.8881481481481481,0.7887459776352272,급락,비급락,해당기간 관측 통합; AUC는 동월 지역쌍 가중
17시도,급락,E_M,Extra Trees,Y4,TH_v11,향후6개월 D<연초학습15%분위(0이하),2023,204,0.6911764705882353,0.35555555555555557,0.8648648648648649,0.5039370078740157,0.639868859808894,0.7587797378216541,0.956140350877193,0.6526946107784432,0.7758007117437722,,,,37.0,167.0,90.0,32.0,58.0,5.0,109.0,0.0,0.7995049504950495,12.0,0.8337918757080434,0.5365693780052797,급락,비급락,해당기간 관측 통합; AUC는 동월 지역쌍 가중
17시도,급락,E_M,Extra Trees,Y4,TH_v11,향후6개월 D<연초학습15%분위(0이하),2024,204,0.9411764705882353,0.7,0.4375,0.5384615384615384,0.7535239629480467,0.7107712765957447,0.9536082474226805,0.9840425531914894,0.9685863874345549,,,,16.0,188.0,10.0,7.0,3.0,9.0,185.0,0.0,1.0,9.0,0.9787234042553191,0.743499588861431,급락,비급락,해당기간 관측 통합; AUC는 동월 지역쌍 가중
17시도,급락,E_M,Extra Trees,Y4,TH_v11,향후6개월 D<연초학습15%분위(0이하),2025,204,0.9411764705882353,0.1111111111111111,0.2,0.14285714285714285,0.5562001450326324,0.5798994974874372,0.9794871794871794,0.9597989949748744,0.9695431472081218,,,,5.0,199.0,9.0,1.0,8.0,4.0,191.0,0.0,0.9375,5.0,0.9296482412060301,0.19960925039872407,급락,비급락,해당기간 관측 통합; AUC는 동월 지역쌍 가중
17시도,변화율,E_M,Ridge,Y1,TH_v11,직전월 대비 향후6번째월 변화율(%p),2018,204,,,,,,,,,,0.9244214125486732,1.6067487145005837,-0.03414192886424039,,,,,,,,,,,,,,,해당기간 관측 통합; AUC는 동월 지역쌍 가중
17시도,변화율,E_M,Ridge,Y1,TH_v11,직전월 대비 향후6번째월 변화율(%p),2019,204,,,,,,,,,,0.7851592951015717,1.105138727744011,-0.40190896665075115,,,,,,,,,,,,,,,해당기간 관측 통합; AUC는 동월 지역쌍 가중
17시도,변화율,E_M,Ridge,Y1,TH_v11,직전월 대비 향후6번째월 변화율(%p),2020,204,,,,,,,,,,1.3456268131354356,2.5023546192280226,-0.0011877785536034136,,,,,,,,,,,,,,,해당기간 관측 통합; AUC는 동월 지역쌍 가중
17시도,변화율,E_M,Ridge,Y1,TH_v11,직전월 대비 향후6번째월 변화율(%p),2021,204,,,,,,,,,,1.0456815866967961,1.6977720696636966,-0.5858678059790023,,,,,,,,,,,,,,,해당기간 관측 통합; AUC는 동월 지역쌍 가중
17시도,변화율,E_M,Ridge,Y1,TH_v11,직전월 대비 향후6번째월 변화율(%p),2022,204,,,,,,,,,,0.9014630899525357,1.5540776298618302,0.14049686864817923,,,,,,,,,,,,,,,해당기간 관측 통합; AUC는 동월 지역쌍 가중
17시도,변화율,E_M,Ridge,Y1,TH_v11,직전월 대비 향후6번째월 변화율(%p),2023,204,,,,,,,,,,1.0770657862294486,1.2327669406338357,-0.474415811868349,,,,,,,,,,,,,,,해당기간 관측 통합; AUC는 동월 지역쌍 가중
17시도,변화율,E_M,Ridge,Y1,TH_v11,직전월 대비 향후6번째월 변화율(%p),2024,204,,,,,,,,,,0.6787706711075583,0.9601004705287949,-0.07387640408827734,,,,,,,,,,,,,,,해당기간 관측 통합; AUC는 동월 지역쌍 가중
17시도,변화율,E_M,Ridge,Y1,TH_v11,직전월 대비 향후6번째월 변화율(%p),2025,204,,,,,,,,,,0.7408180557807093,0.937456627033434,0.22319907411372797,,,,,,,,,,,,,,,해당기간 관측 통합; AUC는 동월 지역쌍 가중
17시도,방향,E_M,Logistic,Y2,TH_v11,양수 상승/음수 하락; 실제0%는 Y2만 제외,2018,204,0.75,0.2682926829268293,0.34375,0.3013698630136986,0.5745655285217747,0.5846656976744187,0.8711656441717791,0.8255813953488372,0.8477611940298507,,,,32.0,172.0,41.0,11.0,30.0,21.0,142.0,0.0,0.7366071428571429,12.0,0.6546148255813953,0.2576851352346832,상승,하락,해당기간 관측 통합; AUC는 동월 지역쌍 가중
17시도,방향,E_M,Logistic,Y2,TH_v11,양수 상승/음수 하락; 실제0%는 Y2만 제외,2019,204,0.7352941176470589,0.5909090909090909,0.41935483870967744,0.49056603773584906,0.6558790453579908,0.6462971376646979,0.775,0.8732394366197183,0.8211920529801324,,,,62.0,142.0,44.0,26.0,18.0,36.0,124.0,0.0,0.875,12.0,0.8003180372557929,0.5781296439196716,상승,하락,해당기간 관측 통합; AUC는 동월 지역쌍 가중
17시도,방향,E_M,Logistic,Y2,TH_v11,양수 상승/음수 하락; 실제0%는 Y2만 제외,2020,204,0.8676470588235294,0.9302325581395349,0.9142857142857143,0.9221902017291066,0.7397836254547172,0.7502463054187192,0.53125,0.5862068965517241,0.5573770491803278,,,,175.0,29.0,172.0,160.0,12.0,15.0,17.0,0.0,0.7877094972067039,8.0,0.8813793103448275,0.9779431317306088,상승,하락,해당기간 관측 통합; AUC는 동월 지역쌍 가중
17시도,방향,E_M,Logistic,Y2,TH_v11,양수 상승/음수 하락; 실제0%는 Y2만 제외,2021,204,0.9362745098039216,0.9788359788359788,0.9536082474226805,0.9660574412532638,0.7230287206266319,0.7768041237113402,0.4,0.6,0.48,,,,194.0,10.0,189.0,185.0,4.0,9.0,6.0,0.0,0.8223684210526315,7.0,0.8814432989690723,0.992719737731675,상승,하락,해당기간 관측 통합; AUC는 동월 지역쌍 가중
17시도,방향,E_M,Logistic,Y2,TH_v11,양수 상승/음수 하락; 실제0%는 Y2만 제외,2022,204,0.5735294117647058,0.7419354838709677,0.39316239316239315,0.5139664804469274,0.5670269083457344,0.6046271735926908,0.5,0.8160919540229885,0.6200873362445415,,,,117.0,87.0,62.0,46.0,16.0,71.0,71.0,0.0,0.6996527777777778,12.0,0.6857255133117202,0.7302745337622092,상승,하락,해당기간 관측 통합; AUC는 동월 지역쌍 가중
17시도,방향,E_M,Logistic,Y2,TH_v11,양수 상승/음수 하락; 실제0%는 Y2만 제외,2023,204,0.46568627450980393,1.0,0.00909090909090909,0.018018018018018018,0.32550732550732553,0.5045454545454545,0.4630541871921182,1.0,0.632996632996633,,,,110.0,94.0,1.0,1.0,0.0,109.0,94.0,0.0,0.6428571428571429,12.0,0.663926499032882,0.670214445304847,상승,하락,해당기간 관측 통합; AUC는 동월 지역쌍 가중
17시도,방향,E_M,Logistic,Y2,TH_v11,양수 상승/음수 하락; 실제0%는 Y2만 제외,2024,204,0.8088235294117647,0.8031914893617021,0.9869281045751634,0.8856304985337243,0.6517704731474592,0.630718954248366,0.875,0.27450980392156865,0.417910447761194,,,,153.0,51.0,188.0,151.0,37.0,2.0,14.0,0.0,0.8259493670886076,12.0,0.7766243752402922,0.9009109775161382,상승,하락,해당기간 관측 통합; AUC는 동월 지역쌍 가중
17시도,방향,E_M,Logistic,Y2,TH_v11,양수 상승/음수 하락; 실제0%는 Y2만 제외,2025,204,0.9215686274509803,0.9148936170212766,1.0,0.9555555555555556,0.8111111111111111,0.75,1.0,0.5,0.6666666666666666,,,,172.0,32.0,188.0,172.0,16.0,0.0,16.0,0.0,0.8488372093023255,12.0,0.8942587209302325,0.9769680685183145,상승,하락,해당기간 관측 통합; AUC는 동월 지역쌍 가중
17시도,급등,E_M,Logistic,Y3,TH_v11,향후6개월 U>연초학습85%분위(0이상),2018,204,0.9950980392156863,1.0,0.8571428571428571,0.9230769230769231,0.9602726387536514,0.9285714285714286,0.9949494949494949,1.0,0.9974683544303797,,,,7.0,197.0,6.0,6.0,0.0,1.0,197.0,0.0,0.8660714285714286,7.0,0.8752719361856417,0.862729449321628,급등,비급등,해당기간 관측 통합; AUC는 동월 지역쌍 가중
17시도,급등,E_M,Logistic,Y3,TH_v11,향후6개월 U>연초학습85%분위(0이상),2019,204,0.8578431372549019,0.8181818181818182,0.25,0.3829787234042553,0.6513231567159781,0.6190476190476191,0.8601036269430051,0.9880952380952381,0.9196675900277008,,,,36.0,168.0,11.0,9.0,2.0,27.0,166.0,0.0,0.8164251207729468,9.0,0.8291997354497355,0.5687764583354146,급등,비급등,해당기간 관측 통합; AUC는 동월 지역쌍 가중
17시도,급등,E_M,Logistic,Y3,TH_v11,향후6개월 U>연초학습85%분위(0이상),2020,204,0.8284313725490197,0.8324324324324325,0.9746835443037974,0.8979591836734694,0.6797488226059655,0.6503852504127683,0.7894736842105263,0.32608695652173914,0.46153846153846156,,,,158.0,46.0,185.0,154.0,31.0,4.0,15.0,0.0,0.7520833333333333,10.0,0.8435608145294441,0.9468719147844202,급등,비급등,해당기간 관측 통합; AUC는 동월 지역쌍 가중
17시도,급등,E_M,Logistic,Y3,TH_v11,향후6개월 U>연초학습85%분위(0이상),2021,204,0.7990196078431373,0.9870967741935484,0.796875,0.8818443804034583,0.6048566164312373,0.8151041666666667,0.20408163265306123,0.8333333333333334,0.32786885245901637,,,,192.0,12.0,155.0,153.0,2.0,39.0,10.0,0.0,0.8804347826086957,9.0,0.9188368055555556,0.9940458762229207,급등,비급등,해당기간 관측 통합; AUC는 동월 지역쌍 가중
17시도,급등,E_M,Logistic,Y3,TH_v11,향후6개월 U>연초학습85%분위(0이상),2022,204,0.6470588235294118,0.2413793103448276,0.12280701754385964,0.16279069767441862,0.4695941066011845,0.4865735767991407,0.7142857142857143,0.8503401360544217,0.7763975155279503,,,,57.0,147.0,29.0,7.0,22.0,50.0,125.0,0.0,0.7322834645669292,8.0,0.5230934479054778,0.32517938086769893,급등,비급등,해당기간 관측 통합; AUC는 동월 지역쌍 가중
17시도,급등,E_M,Logistic,Y3,TH_v11,향후6개월 U>연초학습85%분위(0이상),2023,204,0.9411764705882353,,0.0,0.0,0.48484848484848486,0.5,0.9411764705882353,1.0,0.9696969696969697,,,,12.0,192.0,0.0,0.0,0.0,12.0,192.0,0.0,0.9395604395604396,7.0,0.9557291666666667,0.605778133903134,급등,비급등,해당기간 관측 통합; AUC는 동월 지역쌍 가중
17시도,급등,E_M,Logistic,Y3,TH_v11,향후6개월 U>연초학습85%분위(0이상),2024,204,0.75,0.13043478260869565,0.35294117647058826,0.19047619047619047,0.5213250517598343,0.5695187165775402,0.930379746835443,0.786096256684492,0.8521739130434782,,,,17.0,187.0,46.0,6.0,40.0,11.0,147.0,0.0,0.7461538461538462,11.0,0.6772569990563071,0.1261720229501299,급등,비급등,해당기간 관측 통합; AUC는 동월 지역쌍 가중
17시도,급등,E_M,Logistic,Y3,TH_v11,향후6개월 U>연초학습85%분위(0이상),2025,204,0.7549019607843137,0.5238095238095238,0.6226415094339622,0.5689655172413793,0.6988663202645253,0.7119830063726102,0.8581560283687943,0.8013245033112583,0.8287671232876712,,,,53.0,151.0,63.0,33.0,30.0,20.0,121.0,0.0,0.7903225806451613,12.0,0.8173185055604149,0.689161777136777,급등,비급등,해당기간 관측 통합; AUC는 동월 지역쌍 가중
17시도,급락,E_M,Logistic,Y4,TH_v11,향후6개월 D<연초학습15%분위(0이하),2018,204,0.7892156862745098,0.8205128205128205,0.6881720430107527,0.7485380116959064,0.7835517062698941,0.7810229584423133,0.7698412698412699,0.8738738738738738,0.8185654008438819,,,,93.0,111.0,78.0,64.0,14.0,29.0,97.0,0.0,0.8682352941176471,12.0,0.8509154315605929,0.8818341518634266,급락,비급락,해당기간 관측 통합; AUC는 동월 지역쌍 가중
17시도,급락,E_M,Logistic,Y4,TH_v11,향후6개월 D<연초학습15%분위(0이하),2019,204,0.8137254901960784,0.5949367088607594,0.8867924528301887,0.7121212121212122,0.7872200263504612,0.8374359615144321,0.952,0.7880794701986755,0.8623188405797102,,,,53.0,151.0,79.0,47.0,32.0,6.0,119.0,0.0,0.8871527777777778,12.0,0.8914157191053356,0.719706544864778,급락,비급락,해당기간 관측 통합; AUC는 동월 지역쌍 가중
17시도,급락,E_M,Logistic,Y4,TH_v11,향후6개월 D<연초학습15%분위(0이하),2020,204,0.9901960784313726,0.0,,0.0,0.4975369458128079,0.9901960784313726,1.0,0.9901960784313726,0.9950738916256158,,,,0.0,204.0,2.0,0.0,2.0,0.0,202.0,0.0,,0.0,,,급락,비급락,해당기간 관측 통합; AUC는 동월 지역쌍 가중
17시도,급락,E_M,Logistic,Y4,TH_v11,향후6개월 D<연초학습15%분위(0이하),2021,204,0.9803921568627451,1.0,0.2,0.3333333333333333,0.6616915422885572,0.6,0.9802955665024631,1.0,0.9900497512437811,,,,5.0,199.0,1.0,1.0,0.0,4.0,199.0,0.0,1.0,5.0,0.9668341708542714,0.5925133689839572,급락,비급락,해당기간 관측 통합; AUC는 동월 지역쌍 가중
17시도,급락,E_M,Logistic,Y4,TH_v11,향후6개월 D<연초학습15%분위(0이하),2022,204,0.47549019607843135,0.3333333333333333,0.9814814814814815,0.49765258215962443,0.47446731672083786,0.6374074074074074,0.9777777777777777,0.29333333333333333,0.4512820512820513,,,,54.0,150.0,159.0,53.0,106.0,1.0,44.0,0.0,0.7018867924528301,12.0,0.8383950617283951,0.6240483553470813,급락,비급락,해당기간 관측 통합; AUC는 동월 지역쌍 가중
17시도,급락,E_M,Logistic,Y4,TH_v11,향후6개월 D<연초학습15%분위(0이하),2023,204,0.5588235294117647,0.27350427350427353,0.8648648648648649,0.4155844155844156,0.5306268534614991,0.6779414144683606,0.9425287356321839,0.49101796407185627,0.6456692913385826,,,,37.0,167.0,117.0,32.0,85.0,5.0,82.0,0.0,0.6188118811881188,12.0,0.798187408965852,0.49265607710473236,급락,비급락,해당기간 관측 통합; AUC는 동월 지역쌍 가중
17시도,급락,E_M,Logistic,Y4,TH_v11,향후6개월 D<연초학습15%분위(0이하),2024,204,0.9411764705882353,1.0,0.25,0.4,0.6845360824742268,0.625,0.94,1.0,0.9690721649484536,,,,16.0,188.0,4.0,4.0,0.0,12.0,188.0,0.0,0.8636363636363636,9.0,0.8939494680851063,0.5619391297237508,급락,비급락,해당기간 관측 통합; AUC는 동월 지역쌍 가중
17시도,급락,E_M,Logistic,Y4,TH_v11,향후6개월 D<연초학습15%분위(0이하),2025,204,0.9313725490196079,0.09090909090909091,0.2,0.125,0.5446428571428572,0.5748743718592965,0.9792746113989638,0.949748743718593,0.9642857142857143,,,,5.0,199.0,11.0,1.0,10.0,4.0,189.0,0.0,0.9375,5.0,0.9155778894472362,0.1523809523809524,급락,비급락,해당기간 관측 통합; AUC는 동월 지역쌍 가중
17시도,변화율,E_M,Random Forest,Y1,TH_v11,직전월 대비 향후6번째월 변화율(%p),2018,204,,,,,,,,,,0.79539613589418,1.4950463077999647,0.10464860605578652,,,,,,,,,,,,,,,해당기간 관측 통합; AUC는 동월 지역쌍 가중
17시도,변화율,E_M,Random Forest,Y1,TH_v11,직전월 대비 향후6번째월 변화율(%p),2019,204,,,,,,,,,,0.8008579608357738,1.1631727519858264,-0.5530114473750565,,,,,,,,,,,,,,,해당기간 관측 통합; AUC는 동월 지역쌍 가중
17시도,변화율,E_M,Random Forest,Y1,TH_v11,직전월 대비 향후6번째월 변화율(%p),2020,204,,,,,,,,,,1.7690906952563739,2.9920202644397924,-0.43135345262687497,,,,,,,,,,,,,,,해당기간 관측 통합; AUC는 동월 지역쌍 가중
17시도,변화율,E_M,Random Forest,Y1,TH_v11,직전월 대비 향후6번째월 변화율(%p),2021,204,,,,,,,,,,0.9228556008047082,1.4230240429686476,-0.11412184367626588,,,,,,,,,,,,,,,해당기간 관측 통합; AUC는 동월 지역쌍 가중
17시도,변화율,E_M,Random Forest,Y1,TH_v11,직전월 대비 향후6번째월 변화율(%p),2022,204,,,,,,,,,,0.9703834309567806,1.5112880245826485,0.1871759835360548,,,,,,,,,,,,,,,해당기간 관측 통합; AUC는 동월 지역쌍 가중
17시도,변화율,E_M,Random Forest,Y1,TH_v11,직전월 대비 향후6번째월 변화율(%p),2023,204,,,,,,,,,,0.8570453425506536,1.0460207542896385,-0.06154552565530391,,,,,,,,,,,,,,,해당기간 관측 통합; AUC는 동월 지역쌍 가중
17시도,변화율,E_M,Random Forest,Y1,TH_v11,직전월 대비 향후6번째월 변화율(%p),2024,204,,,,,,,,,,0.46221430641352,0.7075035168395791,0.4168528723856242,,,,,,,,,,,,,,,해당기간 관측 통합; AUC는 동월 지역쌍 가중
17시도,변화율,E_M,Random Forest,Y1,TH_v11,직전월 대비 향후6번째월 변화율(%p),2025,204,,,,,,,,,,0.624424711590612,0.8382279062706245,0.37894280421452353,,,,,,,,,,,,,,,해당기간 관측 통합; AUC는 동월 지역쌍 가중
17시도,방향,E_M,Random Forest,Y2,TH_v11,양수 상승/음수 하락; 실제0%는 Y2만 제외,2018,204,0.8333333333333334,0.4583333333333333,0.34375,0.39285714285714285,0.6481331168831169,0.6340843023255813,0.8833333333333333,0.9244186046511628,0.9034090909090909,,,,32.0,172.0,24.0,11.0,13.0,21.0,159.0,0.0,0.9017857142857143,12.0,0.8482921511627908,0.5701745955253852,상승,하락,해당기간 관측 통합; AUC는 동월 지역쌍 가중
17시도,방향,E_M,Random Forest,Y2,TH_v11,양수 상승/음수 하락; 실제0%는 Y2만 제외,2019,204,0.7598039215686274,0.9333333333333333,0.22580645161290322,0.36363636363636365,0.6078000549299643,0.6093820990458882,0.746031746031746,0.9929577464788732,0.851963746223565,,,,62.0,142.0,15.0,14.0,1.0,48.0,141.0,0.0,0.9412650602409639,12.0,0.8999318491594729,0.7996621038259901,상승,하락,해당기간 관측 통합; AUC는 동월 지역쌍 가중
17시도,방향,E_M,Random Forest,Y2,TH_v11,양수 상승/음수 하락; 실제0%는 Y2만 제외,2020,204,0.8186274509803921,0.9726027397260274,0.8114285714285714,0.8847352024922118,0.7297239230851864,0.8367487684729064,0.43103448275862066,0.8620689655172413,0.5747126436781609,,,,175.0,29.0,146.0,142.0,4.0,33.0,25.0,0.0,0.88268156424581,8.0,0.9201970443349754,0.9865628724741555,상승,하락,해당기간 관측 통합; AUC는 동월 지역쌍 가중
17시도,방향,E_M,Random Forest,Y2,TH_v11,양수 상승/음수 하락; 실제0%는 Y2만 제외,2021,204,0.9117647058823529,0.9943820224719101,0.9123711340206185,0.9516129032258065,0.7258064516129032,0.9061855670103093,0.34615384615384615,0.9,0.5,,,,194.0,10.0,178.0,177.0,1.0,17.0,9.0,0.0,0.9342105263157895,7.0,0.9664948453608248,0.9982807593418341,상승,하락,해당기간 관측 통합; AUC는 동월 지역쌍 가중
17시도,방향,E_M,Random Forest,Y2,TH_v11,양수 상승/음수 하락; 실제0%는 Y2만 제외,2022,204,0.5637254901960784,0.648936170212766,0.5213675213675214,0.5781990521327014,0.5632112011932542,0.5710285882699676,0.4909090909090909,0.6206896551724138,0.5482233502538071,,,,117.0,87.0,94.0,61.0,33.0,56.0,54.0,0.0,0.8697916666666666,12.0,0.6839571667157874,0.7574448168665648,상승,하락,해당기간 관측 통합; AUC는 동월 지역쌍 가중
17시도,방향,E_M,Random Forest,Y2,TH_v11,양수 상승/음수 하락; 실제0%는 Y2만 제외,2023,204,0.6127450980392157,0.8444444444444444,0.34545454545454546,0.49032258064516127,0.5890348081091419,0.6354932301740812,0.5471698113207547,0.925531914893617,0.6877470355731226,,,,110.0,94.0,45.0,38.0,7.0,72.0,87.0,0.0,0.8040293040293041,12.0,0.7498065764023211,0.791556590036613,상승,하락,해당기간 관측 통합; AUC는 동월 지역쌍 가중
17시도,방향,E_M,Random Forest,Y2,TH_v11,양수 상승/음수 하락; 실제0%는 Y2만 제외,2024,204,0.8235294117647058,0.8823529411764706,0.8823529411764706,0.8823529411764706,0.7647058823529411,0.7647058823529411,0.6470588235294118,0.6470588235294118,0.6470588235294118,,,,153.0,51.0,153.0,135.0,18.0,18.0,33.0,0.0,0.865506329113924,12.0,0.8490324234268871,0.9270101757988576,상승,하락,해당기간 관측 통합; AUC는 동월 지역쌍 가중
17시도,방향,E_M,Random Forest,Y2,TH_v11,양수 상승/음수 하락; 실제0%는 Y2만 제외,2025,204,0.9068627450980392,0.9580838323353293,0.9302325581395349,0.943952802359882,0.8342952417596512,0.8557412790697674,0.6756756756756757,0.78125,0.7246376811594203,,,,172.0,32.0,167.0,160.0,7.0,12.0,25.0,0.0,0.9255813953488372,12.0,0.9400436046511628,0.9879365209067722,상승,하락,해당기간 관측 통합; AUC는 동월 지역쌍 가중
17시도,급등,E_M,Random Forest,Y3,TH_v11,향후6개월 U>연초학습85%분위(0이상),2018,204,0.9705882352941176,0.6666666666666666,0.2857142857142857,0.4,0.692462311557789,0.640319071791153,0.9751243781094527,0.9949238578680203,0.9849246231155779,,,,7.0,197.0,3.0,2.0,1.0,5.0,196.0,0.0,0.9553571428571429,7.0,0.8774474256707759,0.38688990816021523,급등,비급등,해당기간 관측 통합; AUC는 동월 지역쌍 가중
17시도,급등,E_M,Random Forest,Y3,TH_v11,향후6개월 U>연초학습85%분위(0이상),2019,204,0.8186274509803921,0.3333333333333333,0.027777777777777776,0.05128205128205128,0.4755055242860121,0.5079365079365079,0.8258706467661692,0.9880952380952381,0.8997289972899729,,,,36.0,168.0,3.0,1.0,2.0,35.0,166.0,0.0,0.8743961352657005,9.0,0.8882275132275133,0.5584626360743393,급등,비급등,해당기간 관측 통합; AUC는 동월 지역쌍 가중
17시도,급등,E_M,Random Forest,Y3,TH_v11,향후6개월 U>연초학습85%분위(0이상),2020,204,0.5147058823529411,0.9682539682539683,0.3860759493670886,0.5520361990950227,0.5113122171945701,0.6712988442487617,0.3120567375886525,0.9565217391304348,0.47058823529411764,,,,158.0,46.0,63.0,61.0,2.0,97.0,44.0,0.0,0.85,10.0,0.8390203632361035,0.943965335678969,급등,비급등,해당기간 관측 통합; AUC는 동월 지역쌍 가중
17시도,급등,E_M,Random Forest,Y3,TH_v11,향후6개월 U>연초학습85%분위(0이상),2021,204,0.5833333333333334,0.9572649572649573,0.5833333333333334,0.7249190938511327,0.4331666176326371,0.5833333333333334,0.08045977011494253,0.5833333333333334,0.1414141414141414,,,,192.0,12.0,117.0,112.0,5.0,80.0,7.0,0.0,0.8206521739130435,9.0,0.7092013888888888,0.9765462641401279,급등,비급등,해당기간 관측 통합; AUC는 동월 지역쌍 가중
17시도,급등,E_M,Random Forest,Y3,TH_v11,향후6개월 U>연초학습85%분위(0이상),2022,204,0.6862745098039216,0.46534653465346537,0.8245614035087719,0.5949367088607594,0.6694683544303797,0.7286072323666308,0.9029126213592233,0.6326530612244898,0.744,,,,57.0,147.0,101.0,47.0,54.0,10.0,93.0,0.0,0.8838582677165354,8.0,0.731829573934837,0.41235470193999446,급등,비급등,해당기간 관측 통합; AUC는 동월 지역쌍 가중
17시도,급등,E_M,Random Forest,Y3,TH_v11,향후6개월 U>연초학습85%분위(0이상),2023,204,0.9362745098039216,0.3333333333333333,0.08333333333333333,0.13333333333333333,0.5501272264631043,0.5364583333333334,0.945273631840796,0.9895833333333334,0.9669211195928753,,,,12.0,192.0,3.0,1.0,2.0,11.0,190.0,0.0,0.8351648351648352,7.0,0.8224826388888888,0.3524802444143106,급등,비급등,해당기간 관측 통합; AUC는 동월 지역쌍 가중
17시도,급등,E_M,Random Forest,Y3,TH_v11,향후6개월 U>연초학습85%분위(0이상),2024,204,0.8431372549019608,0.2413793103448276,0.4117647058823529,0.30434782608695654,0.607975018015854,0.6470588235294117,0.9428571428571428,0.8823529411764706,0.9116022099447514,,,,17.0,187.0,29.0,7.0,22.0,10.0,165.0,0.0,0.8615384615384616,11.0,0.8798364265492292,0.2954643299156151,급등,비급등,해당기간 관측 통합; AUC는 동월 지역쌍 가중
17시도,급등,E_M,Random Forest,Y3,TH_v11,향후6개월 U>연초학습85%분위(0이상),2025,204,0.7745098039215687,0.7058823529411765,0.22641509433962265,0.34285714285714286,0.603381234150465,0.5966512557790828,0.7807486631016043,0.9668874172185431,0.863905325443787,,,,53.0,151.0,17.0,12.0,5.0,41.0,146.0,0.0,0.9050179211469535,12.0,0.8685492940147445,0.6683230685555216,급등,비급등,해당기간 관측 통합; AUC는 동월 지역쌍 가중
17시도,급락,E_M,Random Forest,Y4,TH_v11,향후6개월 D<연초학습15%분위(0이하),2018,204,0.7156862745098039,0.6605504587155964,0.7741935483870968,0.7128712871287128,0.7156589445352302,0.7204301075268817,0.7789473684210526,0.6666666666666666,0.7184466019417476,,,,93.0,111.0,109.0,72.0,37.0,21.0,74.0,0.0,0.8541176470588235,12.0,0.8446188123607479,0.8590844646119533,급락,비급락,해당기간 관측 통합; AUC는 동월 지역쌍 가중
17시도,급락,E_M,Random Forest,Y4,TH_v11,향후6개월 D<연초학습15%분위(0이하),2019,204,0.7352941176470589,0.49504950495049505,0.9433962264150944,0.6493506493506493,0.7183761120768994,0.8028239410221167,0.970873786407767,0.6622516556291391,0.7874015748031497,,,,53.0,151.0,101.0,50.0,51.0,3.0,100.0,0.0,0.8715277777777778,12.0,0.8451830563538674,0.5581392960083613,급락,비급락,해당기간 관측 통합; AUC는 동월 지역쌍 가중
17시도,급락,E_M,Random Forest,Y4,TH_v11,향후6개월 D<연초학습15%분위(0이하),2020,204,0.9656862745098039,0.0,,0.0,0.4912718204488778,0.9656862745098039,1.0,0.9656862745098039,0.9825436408977556,,,,0.0,204.0,7.0,0.0,7.0,0.0,197.0,0.0,,0.0,,,급락,비급락,해당기간 관측 통합; AUC는 동월 지역쌍 가중
17시도,급락,E_M,Random Forest,Y4,TH_v11,향후6개월 D<연초학습15%분위(0이하),2021,204,0.9803921568627451,0.6666666666666666,0.4,0.5,0.745,0.6974874371859296,0.9850746268656716,0.9949748743718593,0.99,,,,5.0,199.0,3.0,2.0,1.0,3.0,198.0,0.0,1.0,5.0,0.992964824120603,0.7783333333333333,급락,비급락,해당기간 관측 통합; AUC는 동월 지역쌍 가중
17시도,급락,E_M,Random Forest,Y4,TH_v11,향후6개월 D<연초학습15%분위(0이하),2022,204,0.8088235294117647,0.8947368421052632,0.3148148148148148,0.4657534246575342,0.6746677571048865,0.6507407407407407,0.8,0.9866666666666667,0.8835820895522388,,,,54.0,150.0,19.0,17.0,2.0,37.0,148.0,0.0,0.6867924528301886,12.0,0.7974691358024691,0.6826139488317435,급락,비급락,해당기간 관측 통합; AUC는 동월 지역쌍 가중
17시도,급락,E_M,Random Forest,Y4,TH_v11,향후6개월 D<연초학습15%분위(0이하),2023,204,0.6911764705882353,0.32894736842105265,0.6756756756756757,0.4424778761061947,0.6144592770361482,0.6851432270593947,0.90625,0.6946107784431138,0.7864406779661017,,,,37.0,167.0,76.0,25.0,51.0,12.0,116.0,0.0,0.7029702970297029,12.0,0.7433241624858391,0.2918157333432767,급락,비급락,해당기간 관측 통합; AUC는 동월 지역쌍 가중
17시도,급락,E_M,Random Forest,Y4,TH_v11,향후6개월 D<연초학습15%분위(0이하),2024,204,0.9509803921568627,0.6875,0.6875,0.6875,0.8304521276595744,0.8304521276595744,0.973404255319149,0.973404255319149,0.973404255319149,,,,16.0,188.0,16.0,11.0,5.0,5.0,183.0,0.0,0.9752066115702479,9.0,0.9757313829787235,0.8048483399770164,급락,비급락,해당기간 관측 통합; AUC는 동월 지역쌍 가중
17시도,급락,E_M,Random Forest,Y4,TH_v11,향후6개월 D<연초학습15%분위(0이하),2025,204,0.9166666666666666,0.2,0.8,0.32,0.6378067885117493,0.8597989949748743,0.9945652173913043,0.9195979899497487,0.9556135770234987,,,,5.0,199.0,20.0,4.0,16.0,1.0,183.0,0.0,0.9375,5.0,0.9457286432160804,0.2208874458874459,급락,비급락,해당기간 관측 통합; AUC는 동월 지역쌍 가중
17시도,변화율,E_M,XGBoost,Y1,TH_v11,직전월 대비 향후6번째월 변화율(%p),2018,204,,,,,,,,,,0.7290979552665644,1.3306779872391052,0.2906996571508267,,,,,,,,,,,,,,,해당기간 관측 통합; AUC는 동월 지역쌍 가중
17시도,변화율,E_M,XGBoost,Y1,TH_v11,직전월 대비 향후6번째월 변화율(%p),2019,204,,,,,,,,,,0.666655593131393,0.9427508674645325,-0.020187735651792327,,,,,,,,,,,,,,,해당기간 관측 통합; AUC는 동월 지역쌍 가중
17시도,변화율,E_M,XGBoost,Y1,TH_v11,직전월 대비 향후6번째월 변화율(%p),2020,204,,,,,,,,,,1.7663061032819984,2.882011258816226,-0.3280339419546723,,,,,,,,,,,,,,,해당기간 관측 통합; AUC는 동월 지역쌍 가중
17시도,변화율,E_M,XGBoost,Y1,TH_v11,직전월 대비 향후6번째월 변화율(%p),2021,204,,,,,,,,,,1.0225951482337918,1.6127194042126263,-0.43095453803616923,,,,,,,,,,,,,,,해당기간 관측 통합; AUC는 동월 지역쌍 가중
17시도,변화율,E_M,XGBoost,Y1,TH_v11,직전월 대비 향후6번째월 변화율(%p),2022,204,,,,,,,,,,0.837295523971876,1.2642712949078367,0.4311698596792569,,,,,,,,,,,,,,,해당기간 관측 통합; AUC는 동월 지역쌍 가중
17시도,변화율,E_M,XGBoost,Y1,TH_v11,직전월 대비 향후6번째월 변화율(%p),2023,204,,,,,,,,,,0.69373584157095,0.8933421682048563,0.22572775815711188,,,,,,,,,,,,,,,해당기간 관측 통합; AUC는 동월 지역쌍 가중
17시도,변화율,E_M,XGBoost,Y1,TH_v11,직전월 대비 향후6번째월 변화율(%p),2024,204,,,,,,,,,,0.4441036970344554,0.6786267808516124,0.46348369676936774,,,,,,,,,,,,,,,해당기간 관측 통합; AUC는 동월 지역쌍 가중
17시도,변화율,E_M,XGBoost,Y1,TH_v11,직전월 대비 향후6번째월 변화율(%p),2025,204,,,,,,,,,,0.608559365715057,0.8194933557065671,0.40639405606684653,,,,,,,,,,,,,,,해당기간 관측 통합; AUC는 동월 지역쌍 가중
17시도,방향,E_M,XGBoost,Y2,TH_v11,양수 상승/음수 하락; 실제0%는 Y2만 제외,2018,204,0.8578431372549019,0.5882352941176471,0.3125,0.40816326530612246,0.6636916605082144,0.6359011627906976,0.8823529411764706,0.9593023255813954,0.9192200557103064,,,,32.0,172.0,17.0,10.0,7.0,22.0,165.0,0.0,0.9174107142857143,12.0,0.8586482558139534,0.5723860185417429,상승,하락,해당기간 관측 통합; AUC는 동월 지역쌍 가중
17시도,방향,E_M,XGBoost,Y2,TH_v11,양수 상승/음수 하락; 실제0%는 Y2만 제외,2019,204,0.7696078431372549,0.8947368421052632,0.27419354838709675,0.41975308641975306,0.6380110997848001,0.6300545206724216,0.7567567567567568,0.9859154929577465,0.8562691131498471,,,,62.0,142.0,19.0,17.0,2.0,45.0,140.0,0.0,0.9231927710843374,12.0,0.89709223080418,0.8048856841353544,상승,하락,해당기간 관측 통합; AUC는 동월 지역쌍 가중
17시도,방향,E_M,XGBoost,Y2,TH_v11,양수 상승/음수 하락; 실제0%는 Y2만 제외,2020,204,0.8333333333333334,0.9433962264150944,0.8571428571428571,0.8982035928143712,0.7193720666774559,0.7733990147783252,0.4444444444444444,0.6896551724137931,0.5405405405405406,,,,175.0,29.0,159.0,150.0,9.0,25.0,20.0,0.0,0.8631284916201117,8.0,0.9004926108374384,0.9827605926899008,상승,하락,해당기간 관측 통합; AUC는 동월 지역쌍 가중
17시도,방향,E_M,XGBoost,Y2,TH_v11,양수 상승/음수 하락; 실제0%는 Y2만 제외,2021,204,0.9558823529411765,1.0,0.9536082474226805,0.9762532981530343,0.8329542352834137,0.9768041237113403,0.5263157894736842,1.0,0.6896551724137931,,,,194.0,10.0,185.0,185.0,0.0,9.0,10.0,0.0,0.993421052631579,7.0,0.9902061855670103,0.9995039611736743,상승,하락,해당기간 관측 통합; AUC는 동월 지역쌍 가중
17시도,방향,E_M,XGBoost,Y2,TH_v11,양수 상승/음수 하락; 실제0%는 Y2만 제외,2022,204,0.6323529411764706,0.7333333333333333,0.5641025641025641,0.6376811594202898,0.6322734155310404,0.6441202475685235,0.5526315789473685,0.7241379310344828,0.6268656716417911,,,,117.0,87.0,90.0,66.0,24.0,51.0,63.0,0.0,0.875,12.0,0.7429020532468809,0.7904216145588674,상승,하락,해당기간 관측 통합; AUC는 동월 지역쌍 가중
17시도,방향,E_M,XGBoost,Y2,TH_v11,양수 상승/음수 하락; 실제0%는 Y2만 제외,2023,204,0.6911764705882353,0.9122807017543859,0.4727272727272727,0.6227544910179641,0.6806718513181107,0.7097678916827853,0.6054421768707483,0.9468085106382979,0.7385892116182573,,,,110.0,94.0,57.0,52.0,5.0,58.0,89.0,0.0,0.8333333333333334,12.0,0.8513539651837525,0.8526184778158712,상승,하락,해당기간 관측 통합; AUC는 동월 지역쌍 가중
17시도,방향,E_M,XGBoost,Y2,TH_v11,양수 상승/음수 하락; 실제0%는 Y2만 제외,2024,204,0.803921568627451,0.8741721854304636,0.8627450980392157,0.868421052631579,0.7419028340080972,0.7450980392156863,0.6037735849056604,0.6274509803921569,0.6153846153846154,,,,153.0,51.0,151.0,132.0,19.0,21.0,32.0,0.0,0.8639240506329114,12.0,0.8323721645520954,0.9187751458931721,상승,하락,해당기간 관측 통합; AUC는 동월 지역쌍 가중
17시도,방향,E_M,XGBoost,Y2,TH_v11,양수 상승/음수 하락; 실제0%는 Y2만 제외,2025,204,0.8872549019607843,0.9515151515151515,0.9127906976744186,0.9317507418397626,0.8039035399339658,0.8313953488372092,0.6153846153846154,0.75,0.676056338028169,,,,172.0,32.0,165.0,157.0,8.0,15.0,24.0,0.0,0.9069767441860465,12.0,0.9142441860465116,0.9809074939161759,상승,하락,해당기간 관측 통합; AUC는 동월 지역쌍 가중
17시도,급등,E_M,XGBoost,Y3,TH_v11,향후6개월 U>연초학습85%분위(0이상),2018,204,0.9705882352941176,1.0,0.14285714285714285,0.25,0.6174999999999999,0.5714285714285714,0.9704433497536946,1.0,0.985,,,,7.0,197.0,1.0,1.0,0.0,6.0,197.0,0.0,0.9553571428571429,7.0,0.943437273386512,0.5013675290693793,급등,비급등,해당기간 관측 통합; AUC는 동월 지역쌍 가중
17시도,급등,E_M,XGBoost,Y3,TH_v11,향후6개월 U>연초학습85%분위(0이상),2019,204,0.8333333333333334,0.6666666666666666,0.1111111111111111,0.19047619047619047,0.5487900078064012,0.5496031746031746,0.8383838383838383,0.9880952380952381,0.907103825136612,,,,36.0,168.0,6.0,4.0,2.0,32.0,166.0,0.0,0.8067632850241546,9.0,0.8125,0.484138948309519,급등,비급등,해당기간 관측 통합; AUC는 동월 지역쌍 가중
17시도,급등,E_M,XGBoost,Y3,TH_v11,향후6개월 U>연초학습85%분위(0이상),2020,204,0.6568627450980392,0.9782608695652174,0.569620253164557,0.72,0.6384810126582279,0.763070996147496,0.39285714285714285,0.9565217391304348,0.5569620253164557,,,,158.0,46.0,92.0,90.0,2.0,68.0,44.0,0.0,0.8625,10.0,0.9005228398458999,0.9690610174378642,급등,비급등,해당기간 관측 통합; AUC는 동월 지역쌍 가중
17시도,급등,E_M,XGBoost,Y3,TH_v11,향후6개월 U>연초학습85%분위(0이상),2021,204,0.5784313725490197,1.0,0.5520833333333334,0.7114093959731543,0.46479560707748624,0.7760416666666667,0.12244897959183673,1.0,0.21818181818181817,,,,192.0,12.0,106.0,106.0,0.0,86.0,12.0,0.0,0.8913043478260869,9.0,0.9027777777777778,0.9931994450548293,급등,비급등,해당기간 관측 통합; AUC는 동월 지역쌍 가중
17시도,급등,E_M,XGBoost,Y3,TH_v11,향후6개월 U>연초학습85%분위(0이상),2022,204,0.6372549019607843,0.3111111111111111,0.24561403508771928,0.27450980392156865,0.5163398692810457,0.5173648406731113,0.7295597484276729,0.7891156462585034,0.7581699346405228,,,,57.0,147.0,45.0,14.0,31.0,43.0,116.0,0.0,0.8523622047244095,8.0,0.7070056092612484,0.4360005497632957,급등,비급등,해당기간 관측 통합; AUC는 동월 지역쌍 가중
17시도,급등,E_M,XGBoost,Y3,TH_v11,향후6개월 U>연초학습85%분위(0이상),2023,204,0.9362745098039216,0.0,0.0,0.0,0.4835443037974684,0.4973958333333333,0.9408866995073891,0.9947916666666666,0.9670886075949368,,,,12.0,192.0,1.0,0.0,1.0,12.0,191.0,0.0,0.9010989010989011,7.0,0.9114583333333334,0.2928588954904744,급등,비급등,해당기간 관측 통합; AUC는 동월 지역쌍 가중
17시도,급등,E_M,XGBoost,Y3,TH_v11,향후6개월 U>연초학습85%분위(0이상),2024,204,0.8676470588235294,0.3333333333333333,0.5882352941176471,0.425531914893617,0.675369835563152,0.7406417112299466,0.9597701149425287,0.893048128342246,0.925207756232687,,,,17.0,187.0,30.0,10.0,20.0,7.0,167.0,0.0,0.8807692307692307,11.0,0.8807801195344448,0.29625301752696415,급등,비급등,해당기간 관측 통합; AUC는 동월 지역쌍 가중
17시도,급등,E_M,XGBoost,Y3,TH_v11,향후6개월 U>연초학습85%분위(0이상),2025,204,0.8333333333333334,0.8518518518518519,0.4339622641509434,0.575,0.735670731707317,0.7037360989628889,0.8305084745762712,0.9735099337748344,0.8963414634146342,,,,53.0,151.0,27.0,23.0,4.0,30.0,147.0,0.0,0.9336917562724014,12.0,0.9054104710733475,0.7969982733760201,급등,비급등,해당기간 관측 통합; AUC는 동월 지역쌍 가중
17시도,급락,E_M,XGBoost,Y4,TH_v11,향후6개월 D<연초학습15%분위(0이하),2018,204,0.7598039215686274,0.72,0.7741935483870968,0.7461139896373057,0.7591035064465599,0.7609706480674223,0.7980769230769231,0.7477477477477478,0.772093023255814,,,,93.0,111.0,100.0,72.0,28.0,21.0,83.0,0.0,0.8776470588235294,12.0,0.8616681197326359,0.8518039956485476,급락,비급락,해당기간 관측 통합; AUC는 동월 지역쌍 가중
17시도,급락,E_M,XGBoost,Y4,TH_v11,향후6개월 D<연초학습15%분위(0이하),2019,204,0.7745098039215687,0.5393258426966292,0.9056603773584906,0.676056338028169,0.7515620036005506,0.8170685992752718,0.9565217391304348,0.7284768211920529,0.8270676691729323,,,,53.0,151.0,89.0,48.0,41.0,5.0,110.0,0.0,0.8784722222222222,12.0,0.8495564163438711,0.5645679911686662,급락,비급락,해당기간 관측 통합; AUC는 동월 지역쌍 가중
17시도,급락,E_M,XGBoost,Y4,TH_v11,향후6개월 D<연초학습15%분위(0이하),2020,204,0.9852941176470589,0.0,,0.0,0.4962962962962963,0.9852941176470589,1.0,0.9852941176470589,0.9925925925925926,,,,0.0,204.0,3.0,0.0,3.0,0.0,201.0,0.0,,0.0,,,급락,비급락,해당기간 관측 통합; AUC는 동월 지역쌍 가중
17시도,급락,E_M,XGBoost,Y4,TH_v11,향후6개월 D<연초학습15%분위(0이하),2021,204,0.9754901960784313,0.5,0.4,0.4444444444444444,0.7159565580618212,0.6949748743718593,0.985,0.9899497487437185,0.9874686716791979,,,,5.0,199.0,4.0,2.0,2.0,3.0,197.0,0.0,1.0,5.0,0.9869346733668342,0.5444444444444444,급락,비급락,해당기간 관측 통합; AUC는 동월 지역쌍 가중
17시도,급락,E_M,XGBoost,Y4,TH_v11,향후6개월 D<연초학습15%분위(0이하),2022,204,0.7303921568627451,0.4909090909090909,0.5,0.4954128440366973,0.6557331778711915,0.6566666666666667,0.8187919463087249,0.8133333333333334,0.8160535117056856,,,,54.0,150.0,55.0,27.0,28.0,27.0,122.0,0.0,0.6396226415094339,12.0,0.8177777777777778,0.6700263249468789,급락,비급락,해당기간 관측 통합; AUC는 동월 지역쌍 가중
17시도,급락,E_M,XGBoost,Y4,TH_v11,향후6개월 D<연초학습15%분위(0이하),2023,204,0.6862745098039216,0.35789473684210527,0.918918918918919,0.5151515151515151,0.6416337285902503,0.7768247289205373,0.9724770642201835,0.6347305389221557,0.7681159420289855,,,,37.0,167.0,95.0,34.0,61.0,3.0,106.0,0.0,0.7252475247524752,12.0,0.7905810001618385,0.3951587716348795,급락,비급락,해당기간 관측 통합; AUC는 동월 지역쌍 가중
17시도,급락,E_M,XGBoost,Y4,TH_v11,향후6개월 D<연초학습15%분위(0이하),2024,204,0.9705882352941176,0.8125,0.8125,0.8125,0.8982712765957447,0.8982712765957447,0.9840425531914894,0.9840425531914894,0.9840425531914894,,,,16.0,188.0,16.0,13.0,3.0,3.0,185.0,0.0,0.9958677685950413,9.0,0.9933510638297873,0.938978913243619,급락,비급락,해당기간 관측 통합; AUC는 동월 지역쌍 가중
17시도,급락,E_M,XGBoost,Y4,TH_v11,향후6개월 D<연초학습15%분위(0이하),2025,204,0.9411764705882353,0.1111111111111111,0.2,0.14285714285714285,0.5562001450326324,0.5798994974874372,0.9794871794871794,0.9597989949748744,0.9695431472081218,,,,5.0,199.0,9.0,1.0,8.0,4.0,191.0,0.0,0.9375,5.0,0.9527638190954775,0.2826315789473684,급락,비급락,해당기간 관측 통합; AUC는 동월 지역쌍 가중
17시도,방향,Regression_sign,Extra Trees,Y2,TH_v11,양수 상승/음수 하락; 실제0%는 Y2만 제외,2018,204,0.8627450980392157,0.75,0.1875,0.3,0.6119565217391304,0.5879360465116279,0.8673469387755102,0.9883720930232558,0.9239130434782609,,,,32.0,172.0,8.0,6.0,2.0,26.0,170.0,0.0,,0.0,,,상승,하락,해당기간 관측 통합; AUC는 동월 지역쌍 가중
17시도,방향,Regression_sign,Extra Trees,Y2,TH_v11,양수 상승/음수 하락; 실제0%는 Y2만 제외,2019,204,0.7058823529411765,1.0,0.03225806451612903,0.0625,0.4440406976744186,0.5161290322580645,0.7029702970297029,1.0,0.8255813953488372,,,,62.0,142.0,2.0,2.0,0.0,60.0,142.0,0.0,,0.0,,,상승,하락,해당기간 관측 통합; AUC는 동월 지역쌍 가중
17시도,방향,Regression_sign,Extra Trees,Y2,TH_v11,양수 상승/음수 하락; 실제0%는 Y2만 제외,2020,204,0.6911764705882353,0.9745762711864406,0.6571428571428571,0.7849829351535836,0.6185784240985309,0.776847290640394,0.3023255813953488,0.896551724137931,0.45217391304347826,,,,175.0,29.0,118.0,115.0,3.0,60.0,26.0,0.0,,0.0,,,상승,하락,해당기간 관측 통합; AUC는 동월 지역쌍 가중
17시도,방향,Regression_sign,Extra Trees,Y2,TH_v11,양수 상승/음수 하락; 실제0%는 Y2만 제외,2021,204,0.9509803921568627,0.9509803921568627,1.0,0.9748743718592965,0.48743718592964824,0.5,,0.0,0.0,,,,194.0,10.0,204.0,194.0,10.0,0.0,0.0,0.0,,0.0,,,상승,하락,해당기간 관측 통합; AUC는 동월 지역쌍 가중
17시도,방향,Regression_sign,Extra Trees,Y2,TH_v11,양수 상승/음수 하락; 실제0%는 Y2만 제외,2022,204,0.7352941176470589,0.6842105263157895,1.0,0.8125,0.68125,0.6896551724137931,1.0,0.3793103448275862,0.55,,,,117.0,87.0,171.0,117.0,54.0,0.0,33.0,0.0,,0.0,,,상승,하락,해당기간 관측 통합; AUC는 동월 지역쌍 가중
17시도,방향,Regression_sign,Extra Trees,Y2,TH_v11,양수 상승/음수 하락; 실제0%는 Y2만 제외,2023,204,0.6078431372549019,0.8947368421052632,0.3090909090909091,0.4594594594594595,0.5758835758835759,0.6332688588007738,0.5421686746987951,0.9574468085106383,0.6923076923076923,,,,110.0,94.0,38.0,34.0,4.0,76.0,90.0,0.0,,0.0,,,상승,하락,해당기간 관측 통합; AUC는 동월 지역쌍 가중
17시도,방향,Regression_sign,Extra Trees,Y2,TH_v11,양수 상승/음수 하락; 실제0%는 Y2만 제외,2024,204,0.8284313725490197,0.86875,0.9084967320261438,0.8881789137380192,0.7598789305532201,0.7483660130718954,0.6818181818181818,0.5882352941176471,0.631578947368421,,,,153.0,51.0,160.0,139.0,21.0,14.0,30.0,0.0,,0.0,,,상승,하락,해당기간 관측 통합; AUC는 동월 지역쌍 가중
17시도,방향,Regression_sign,Extra Trees,Y2,TH_v11,양수 상승/음수 하락; 실제0%는 Y2만 제외,2025,204,0.9068627450980392,0.9273743016759777,0.9651162790697675,0.9458689458689459,0.8062678062678063,0.7794331395348837,0.76,0.59375,0.6666666666666666,,,,172.0,32.0,179.0,166.0,13.0,6.0,19.0,0.0,,0.0,,,상승,하락,해당기간 관측 통합; AUC는 동월 지역쌍 가중
17시도,방향,Regression_sign,Logistic,Y2,TH_v11,양수 상승/음수 하락; 실제0%는 Y2만 제외,2018,204,0.8088235294117647,0.4146341463414634,0.53125,0.4657534246575342,0.6746677571048865,0.6958575581395349,0.9079754601226994,0.8604651162790697,0.8835820895522388,,,,32.0,172.0,41.0,17.0,24.0,15.0,148.0,0.0,,0.0,,,상승,하락,해당기간 관측 통합; AUC는 동월 지역쌍 가중
17시도,방향,Regression_sign,Logistic,Y2,TH_v11,양수 상승/음수 하락; 실제0%는 Y2만 제외,2019,204,0.8088235294117647,0.7555555555555555,0.5483870967741935,0.6355140186915887,0.7529729561896482,0.7354611540208995,0.8238993710691824,0.9225352112676056,0.8704318936877077,,,,62.0,142.0,45.0,34.0,11.0,28.0,131.0,0.0,,0.0,,,상승,하락,해당기간 관측 통합; AUC는 동월 지역쌍 가중
17시도,방향,Regression_sign,Logistic,Y2,TH_v11,양수 상승/음수 하락; 실제0%는 Y2만 제외,2020,204,0.7843137254901961,0.9225806451612903,0.8171428571428572,0.8666666666666667,0.6512820512820513,0.7016748768472907,0.3469387755102041,0.5862068965517241,0.4358974358974359,,,,175.0,29.0,155.0,143.0,12.0,32.0,17.0,0.0,,0.0,,,상승,하락,해당기간 관측 통합; AUC는 동월 지역쌍 가중
17시도,방향,Regression_sign,Logistic,Y2,TH_v11,양수 상승/음수 하락; 실제0%는 Y2만 제외,2021,204,0.9509803921568627,0.9509803921568627,1.0,0.9748743718592965,0.48743718592964824,0.5,,0.0,0.0,,,,194.0,10.0,204.0,194.0,10.0,0.0,0.0,0.0,,0.0,,,상승,하락,해당기간 관측 통합; AUC는 동월 지역쌍 가중
17시도,방향,Regression_sign,Logistic,Y2,TH_v11,양수 상승/음수 하락; 실제0%는 Y2만 제외,2022,204,0.803921568627451,0.8031496062992126,0.8717948717948718,0.8360655737704918,0.7960815673730508,0.7922192749778957,0.8051948051948052,0.7126436781609196,0.7560975609756098,,,,117.0,87.0,127.0,102.0,25.0,15.0,62.0,0.0,,0.0,,,상승,하락,해당기간 관측 통합; AUC는 동월 지역쌍 가중
17시도,방향,Regression_sign,Logistic,Y2,TH_v11,양수 상승/음수 하락; 실제0%는 Y2만 제외,2023,204,0.5833333333333334,0.8571428571428571,0.2727272727272727,0.41379310344827586,0.545299593549233,0.6097678916827853,0.5266272189349113,0.9468085106382979,0.6768060836501901,,,,110.0,94.0,35.0,30.0,5.0,80.0,89.0,0.0,,0.0,,,상승,하락,해당기간 관측 통합; AUC는 동월 지역쌍 가중
17시도,방향,Regression_sign,Logistic,Y2,TH_v11,양수 상승/음수 하락; 실제0%는 Y2만 제외,2024,204,0.7450980392156863,0.7988165680473372,0.8823529411764706,0.8385093167701864,0.6169290769897443,0.6078431372549019,0.4857142857142857,0.3333333333333333,0.3953488372093023,,,,153.0,51.0,169.0,135.0,34.0,18.0,17.0,0.0,,0.0,,,상승,하락,해당기간 관측 통합; AUC는 동월 지역쌍 가중
17시도,방향,Regression_sign,Logistic,Y2,TH_v11,양수 상승/음수 하락; 실제0%는 Y2만 제외,2025,204,0.7254901960784313,0.8866666666666667,0.7732558139534884,0.8260869565217391,0.5874620829120324,0.6210029069767442,0.2777777777777778,0.46875,0.3488372093023256,,,,172.0,32.0,150.0,133.0,17.0,39.0,15.0,0.0,,0.0,,,상승,하락,해당기간 관측 통합; AUC는 동월 지역쌍 가중
17시도,방향,Regression_sign,Random Forest,Y2,TH_v11,양수 상승/음수 하락; 실제0%는 Y2만 제외,2018,204,0.8676470588235294,0.7272727272727273,0.25,0.37209302325581395,0.649060210258044,0.6162790697674418,0.8756476683937824,0.9825581395348837,0.9260273972602739,,,,32.0,172.0,11.0,8.0,3.0,24.0,169.0,0.0,,0.0,,,상승,하락,해당기간 관측 통합; AUC는 동월 지역쌍 가중
17시도,방향,Regression_sign,Random Forest,Y2,TH_v11,양수 상승/음수 하락; 실제0%는 Y2만 제외,2019,204,0.7058823529411765,1.0,0.03225806451612903,0.0625,0.4440406976744186,0.5161290322580645,0.7029702970297029,1.0,0.8255813953488372,,,,62.0,142.0,2.0,2.0,0.0,60.0,142.0,0.0,,0.0,,,상승,하락,해당기간 관측 통합; AUC는 동월 지역쌍 가중
17시도,방향,Regression_sign,Random Forest,Y2,TH_v11,양수 상승/음수 하락; 실제0%는 Y2만 제외,2020,204,0.5245098039215687,0.9642857142857143,0.46285714285714286,0.6254826254826255,0.48723795703661477,0.679704433497537,0.21666666666666667,0.896551724137931,0.348993288590604,,,,175.0,29.0,84.0,81.0,3.0,94.0,26.0,0.0,,0.0,,,상승,하락,해당기간 관측 통합; AUC는 동월 지역쌍 가중
17시도,방향,Regression_sign,Random Forest,Y2,TH_v11,양수 상승/음수 하락; 실제0%는 Y2만 제외,2021,204,0.9509803921568627,0.9509803921568627,1.0,0.9748743718592965,0.48743718592964824,0.5,,0.0,0.0,,,,194.0,10.0,204.0,194.0,10.0,0.0,0.0,0.0,,0.0,,,상승,하락,해당기간 관측 통합; AUC는 동월 지역쌍 가중
17시도,방향,Regression_sign,Random Forest,Y2,TH_v11,양수 상승/음수 하락; 실제0%는 Y2만 제외,2022,204,0.8088235294117647,0.7708333333333334,0.9487179487179487,0.8505747126436781,0.7926342950973493,0.7847038019451813,0.9,0.6206896551724138,0.7346938775510204,,,,117.0,87.0,144.0,111.0,33.0,6.0,54.0,0.0,,0.0,,,상승,하락,해당기간 관측 통합; AUC는 동월 지역쌍 가중
17시도,방향,Regression_sign,Random Forest,Y2,TH_v11,양수 상승/음수 하락; 실제0%는 Y2만 제외,2023,204,0.6078431372549019,0.8947368421052632,0.3090909090909091,0.4594594594594595,0.5758835758835759,0.6332688588007738,0.5421686746987951,0.9574468085106383,0.6923076923076923,,,,110.0,94.0,38.0,34.0,4.0,76.0,90.0,0.0,,0.0,,,상승,하락,해당기간 관측 통합; AUC는 동월 지역쌍 가중
17시도,방향,Regression_sign,Random Forest,Y2,TH_v11,양수 상승/음수 하락; 실제0%는 Y2만 제외,2024,204,0.8284313725490197,0.9097222222222222,0.8562091503267973,0.8821548821548821,0.7834197834197834,0.8006535947712419,0.6333333333333333,0.7450980392156863,0.6846846846846847,,,,153.0,51.0,144.0,131.0,13.0,22.0,38.0,0.0,,0.0,,,상승,하락,해당기간 관측 통합; AUC는 동월 지역쌍 가중
17시도,방향,Regression_sign,Random Forest,Y2,TH_v11,양수 상승/음수 하락; 실제0%는 Y2만 제외,2025,204,0.8921568627450981,0.9464285714285714,0.9244186046511628,0.9352941176470588,0.8058823529411765,0.8215843023255813,0.6388888888888888,0.71875,0.6764705882352942,,,,172.0,32.0,168.0,159.0,9.0,13.0,23.0,0.0,,0.0,,,상승,하락,해당기간 관측 통합; AUC는 동월 지역쌍 가중
17시도,방향,Regression_sign,XGBoost,Y2,TH_v11,양수 상승/음수 하락; 실제0%는 Y2만 제외,2018,204,0.8725490196078431,0.8,0.25,0.38095238095238093,0.6549570647931304,0.6191860465116279,0.8762886597938144,0.9883720930232558,0.9289617486338798,,,,32.0,172.0,10.0,8.0,2.0,24.0,170.0,0.0,,0.0,,,상승,하락,해당기간 관측 통합; AUC는 동월 지역쌍 가중
17시도,방향,Regression_sign,XGBoost,Y2,TH_v11,양수 상승/음수 하락; 실제0%는 Y2만 제외,2019,204,0.7352941176470589,0.7857142857142857,0.1774193548387097,0.2894736842105263,0.5634115409004439,0.5781462971376647,0.7315789473684211,0.9788732394366197,0.8373493975903614,,,,62.0,142.0,14.0,11.0,3.0,51.0,139.0,0.0,,0.0,,,상승,하락,해당기간 관측 통합; AUC는 동월 지역쌍 가중
17시도,방향,Regression_sign,XGBoost,Y2,TH_v11,양수 상승/음수 하락; 실제0%는 Y2만 제외,2020,204,0.6176470588235294,0.9619047619047619,0.5771428571428572,0.7214285714285714,0.5560267857142858,0.7196059113300493,0.25252525252525254,0.8620689655172413,0.390625,,,,175.0,29.0,105.0,101.0,4.0,74.0,25.0,0.0,,0.0,,,상승,하락,해당기간 관측 통합; AUC는 동월 지역쌍 가중
17시도,방향,Regression_sign,XGBoost,Y2,TH_v11,양수 상승/음수 하락; 실제0%는 Y2만 제외,2021,204,0.9509803921568627,0.9509803921568627,1.0,0.9748743718592965,0.48743718592964824,0.5,,0.0,0.0,,,,194.0,10.0,204.0,194.0,10.0,0.0,0.0,0.0,,0.0,,,상승,하락,해당기간 관측 통합; AUC는 동월 지역쌍 가중
17시도,방향,Regression_sign,XGBoost,Y2,TH_v11,양수 상승/음수 하락; 실제0%는 Y2만 제외,2022,204,0.7990196078431373,0.8166666666666667,0.8376068376068376,0.8270042194092827,0.7936190687689688,0.7923666371942234,0.7738095238095238,0.7471264367816092,0.7602339181286549,,,,117.0,87.0,120.0,98.0,22.0,19.0,65.0,0.0,,0.0,,,상승,하락,해당기간 관측 통합; AUC는 동월 지역쌍 가중
17시도,방향,Regression_sign,XGBoost,Y2,TH_v11,양수 상승/음수 하락; 실제0%는 Y2만 제외,2023,204,0.7107843137254902,0.9047619047619048,0.5181818181818182,0.6589595375722543,0.7039478538925101,0.7271760154738878,0.624113475177305,0.9361702127659575,0.7489361702127659,,,,110.0,94.0,63.0,57.0,6.0,53.0,88.0,0.0,,0.0,,,상승,하락,해당기간 관측 통합; AUC는 동월 지역쌍 가중
17시도,방향,Regression_sign,XGBoost,Y2,TH_v11,양수 상승/음수 하락; 실제0%는 Y2만 제외,2024,204,0.7843137254901961,0.8920863309352518,0.8104575163398693,0.8493150684931506,0.7350023618327822,0.7581699346405228,0.5538461538461539,0.7058823529411765,0.6206896551724138,,,,153.0,51.0,139.0,124.0,15.0,29.0,36.0,0.0,,0.0,,,상승,하락,해당기간 관측 통합; AUC는 동월 지역쌍 가중
17시도,방향,Regression_sign,XGBoost,Y2,TH_v11,양수 상승/음수 하락; 실제0%는 Y2만 제외,2025,204,0.8921568627450981,0.9411764705882353,0.9302325581395349,0.935672514619883,0.8011695906432748,0.8088662790697674,0.6470588235294118,0.6875,0.6666666666666666,,,,172.0,32.0,170.0,160.0,10.0,12.0,22.0,0.0,,0.0,,,상승,하락,해당기간 관측 통합; AUC는 동월 지역쌍 가중
서울25구,방향,Benchmark,Always down,Y2,TH_v11,양수 상승/음수 하락; 실제0%는 Y2만 제외,2018,300,0.6166666666666667,,0.0,0.0,0.38144329896907214,0.5,0.6166666666666667,1.0,0.7628865979381443,,,,115.0,185.0,0.0,0.0,0.0,115.0,185.0,0.0,0.5,12.0,0.7097532314923619,0.5311304347826087,상승,하락,해당기간 관측 통합; AUC는 동월 지역쌍 가중
서울25구,방향,Benchmark,Always down,Y2,TH_v11,양수 상승/음수 하락; 실제0%는 Y2만 제외,2019,300,0.38333333333333336,,0.0,0.0,0.27710843373493976,0.5,0.38333333333333336,1.0,0.5542168674698795,,,,185.0,115.0,0.0,0.0,0.0,185.0,115.0,0.0,0.5,12.0,0.11750881316098707,0.4978738738738739,상승,하락,해당기간 관측 통합; AUC는 동월 지역쌍 가중
서울25구,방향,Benchmark,Always down,Y2,TH_v11,양수 상승/음수 하락; 실제0%는 Y2만 제외,2020,300,0.02,,0.0,0.0,0.0196078431372549,0.5,0.02,1.0,0.0392156862745098,,,,294.0,6.0,0.0,0.0,0.0,294.0,6.0,0.0,0.5,3.0,0.8826530612244898,0.9953061224489796,상승,하락,해당기간 관측 통합; AUC는 동월 지역쌍 가중
서울25구,방향,Benchmark,Always down,Y2,TH_v11,양수 상승/음수 하락; 실제0%는 Y2만 제외,2021,300,0.0,,0.0,0.0,0.0,0.0,0.0,,0.0,,,,300.0,0.0,0.0,0.0,0.0,300.0,0.0,0.0,,0.0,,,상승,하락,해당기간 관측 통합; AUC는 동월 지역쌍 가중
서울25구,방향,Benchmark,Always down,Y2,TH_v11,양수 상승/음수 하락; 실제0%는 Y2만 제외,2022,300,0.41333333333333333,,0.0,0.0,0.29245283018867924,0.5,0.41333333333333333,1.0,0.5849056603773585,,,,176.0,124.0,0.0,0.0,0.0,176.0,124.0,0.0,0.5,6.0,0.053244134897360684,0.46424242424242423,상승,하락,해당기간 관측 통합; AUC는 동월 지역쌍 가중
서울25구,방향,Benchmark,Always down,Y2,TH_v11,양수 상승/음수 하락; 실제0%는 Y2만 제외,2023,300,0.2966666666666667,,0.0,0.0,0.22879177377892032,0.5,0.2966666666666667,1.0,0.45758354755784064,,,,211.0,89.0,0.0,0.0,0.0,211.0,89.0,0.0,0.5,8.0,0.05069492518238459,0.5840758293838864,상승,하락,해당기간 관측 통합; AUC는 동월 지역쌍 가중
서울25구,방향,Benchmark,Always down,Y2,TH_v11,양수 상승/음수 하락; 실제0%는 Y2만 제외,2024,300,0.0033333333333333335,,0.0,0.0,0.0033222591362126247,0.5,0.0033333333333333335,1.0,0.006644518272425249,,,,299.0,1.0,0.0,0.0,0.0,299.0,1.0,0.0,0.5,1.0,0.8762541806020068,0.9991750278706801,상승,하락,해당기간 관측 통합; AUC는 동월 지역쌍 가중
서울25구,방향,Benchmark,Always down,Y2,TH_v11,양수 상승/음수 하락; 실제0%는 Y2만 제외,2025,300,0.0,,0.0,0.0,0.0,0.0,0.0,,0.0,,,,300.0,0.0,0.0,0.0,0.0,300.0,0.0,0.0,,0.0,,,상승,하락,해당기간 관측 통합; AUC는 동월 지역쌍 가중
서울25구,급등,Benchmark,Always event,Y3,TH_v11,향후6개월 U>연초학습85%분위(0이상),2018,300,0.15,0.15,1.0,0.2608695652173913,0.13043478260869565,0.5,,0.0,0.0,,,,45.0,255.0,300.0,45.0,255.0,0.0,0.0,0.0,0.5,9.0,0.7450980392156863,0.269037037037037,급등,비급등,해당기간 관측 통합; AUC는 동월 지역쌍 가중
서울25구,급등,Benchmark,Always event,Y3,TH_v11,향후6개월 U>연초학습85%분위(0이상),2019,300,0.25666666666666665,0.25666666666666665,1.0,0.40848806366047746,0.20424403183023873,0.5,,0.0,0.0,,,,77.0,223.0,300.0,77.0,223.0,0.0,0.0,0.0,0.5,8.0,0.21390716906411975,0.20847041847041844,급등,비급등,해당기간 관측 통합; AUC는 동월 지역쌍 가중
서울25구,급등,Benchmark,Always event,Y3,TH_v11,향후6개월 U>연초학습85%분위(0이상),2020,300,0.78,0.78,1.0,0.8764044943820225,0.43820224719101125,0.5,,0.0,0.0,,,,234.0,66.0,300.0,234.0,66.0,0.0,0.0,0.0,0.5,6.0,0.8836441336441336,0.9518423551756885,급등,비급등,해당기간 관측 통합; AUC는 동월 지역쌍 가중
서울25구,급등,Benchmark,Always event,Y3,TH_v11,향후6개월 U>연초학습85%분위(0이상),2021,300,0.8633333333333333,0.8633333333333333,1.0,0.9266547406082289,0.46332737030411447,0.5,,0.0,0.0,,,,259.0,41.0,300.0,259.0,41.0,0.0,0.0,0.0,0.5,12.0,0.5459082776155947,0.8659202059202059,급등,비급등,해당기간 관측 통합; AUC는 동월 지역쌍 가중
서울25구,급등,Benchmark,Always event,Y3,TH_v11,향후6개월 U>연초학습85%분위(0이상),2022,300,0.14666666666666667,0.14666666666666667,1.0,0.2558139534883721,0.12790697674418605,0.5,,0.0,0.0,,,,44.0,256.0,300.0,44.0,256.0,0.0,0.0,0.0,0.5,9.0,0.3335404829545454,0.12257575757575759,급등,비급등,해당기간 관측 통합; AUC는 동월 지역쌍 가중
서울25구,급등,Benchmark,Always event,Y3,TH_v11,향후6개월 U>연초학습85%분위(0이상),2023,300,0.28,0.28,1.0,0.4375,0.21875,0.5,,0.0,0.0,,,,84.0,216.0,300.0,84.0,216.0,0.0,0.0,0.0,0.5,8.0,0.20238095238095238,0.2190740740740741,급등,비급등,해당기간 관측 통합; AUC는 동월 지역쌍 가중
서울25구,급등,Benchmark,Always event,Y3,TH_v11,향후6개월 U>연초학습85%분위(0이상),2024,300,0.7533333333333333,0.7533333333333333,1.0,0.8593155893536122,0.4296577946768061,0.5,,0.0,0.0,,,,226.0,74.0,300.0,226.0,74.0,0.0,0.0,0.0,0.5,12.0,0.2847404927050945,0.6657128810226155,급등,비급등,해당기간 관측 통합; AUC는 동월 지역쌍 가중
서울25구,급등,Benchmark,Always event,Y3,TH_v11,향후6개월 U>연초학습85%분위(0이상),2025,300,0.7933333333333333,0.7933333333333333,1.0,0.8847583643122676,0.4423791821561338,0.5,,0.0,0.0,,,,238.0,62.0,300.0,238.0,62.0,0.0,0.0,0.0,0.5,9.0,0.8456221198156683,0.9397759103641457,급등,비급등,해당기간 관측 통합; AUC는 동월 지역쌍 가중
서울25구,급락,Benchmark,Always event,Y4,TH_v11,향후6개월 D<연초학습15%분위(0이하),2018,300,0.38666666666666666,0.38666666666666666,1.0,0.5576923076923077,0.27884615384615385,0.5,,0.0,0.0,,,,116.0,184.0,300.0,116.0,184.0,0.0,0.0,0.0,0.5,12.0,0.696776611694153,0.5973563218390805,급락,비급락,해당기간 관측 통합; AUC는 동월 지역쌍 가중
서울25구,급락,Benchmark,Always event,Y4,TH_v11,향후6개월 D<연초학습15%분위(0이하),2019,300,0.16,0.16,1.0,0.27586206896551724,0.13793103448275862,0.5,,0.0,0.0,,,,48.0,252.0,300.0,48.0,252.0,0.0,0.0,0.0,0.5,5.0,0.0845734126984127,0.14564814814814817,급락,비급락,해당기간 관측 통합; AUC는 동월 지역쌍 가중
서울25구,급락,Benchmark,Always event,Y4,TH_v11,향후6개월 D<연초학습15%분위(0이하),2020,300,0.0,0.0,,0.0,0.0,0.0,,0.0,0.0,,,,0.0,300.0,300.0,0.0,300.0,0.0,0.0,0.0,,0.0,,,급락,비급락,해당기간 관측 통합; AUC는 동월 지역쌍 가중
서울25구,급락,Benchmark,Always event,Y4,TH_v11,향후6개월 D<연초학습15%분위(0이하),2021,300,0.0,0.0,,0.0,0.0,0.0,,0.0,0.0,,,,0.0,300.0,300.0,0.0,300.0,0.0,0.0,0.0,,0.0,,,급락,비급락,해당기간 관측 통합; AUC는 동월 지역쌍 가중
서울25구,급락,Benchmark,Always event,Y4,TH_v11,향후6개월 D<연초학습15%분위(0이하),2022,300,0.3466666666666667,0.3466666666666667,1.0,0.5148514851485149,0.25742574257425743,0.5,,0.0,0.0,,,,104.0,196.0,300.0,104.0,196.0,0.0,0.0,0.0,0.5,5.0,0.05479788069073786,0.28235042735042737,급락,비급락,해당기간 관측 통합; AUC는 동월 지역쌍 가중
서울25구,급락,Benchmark,Always event,Y4,TH_v11,향후6개월 D<연초학습15%분위(0이하),2023,300,0.29,0.29,1.0,0.4496124031007752,0.2248062015503876,0.5,,0.0,0.0,,,,87.0,213.0,300.0,87.0,213.0,0.0,0.0,0.0,0.5,6.0,0.048729156548486335,0.25155810983397187,급락,비급락,해당기간 관측 통합; AUC는 동월 지역쌍 가중
서울25구,급락,Benchmark,Always event,Y4,TH_v11,향후6개월 D<연초학습15%분위(0이하),2024,300,0.0,0.0,,0.0,0.0,0.0,,0.0,0.0,,,,0.0,300.0,300.0,0.0,300.0,0.0,0.0,0.0,,0.0,,,급락,비급락,해당기간 관측 통합; AUC는 동월 지역쌍 가중
서울25구,급락,Benchmark,Always event,Y4,TH_v11,향후6개월 D<연초학습15%분위(0이하),2025,300,0.0,0.0,,0.0,0.0,0.0,,0.0,0.0,,,,0.0,300.0,300.0,0.0,300.0,0.0,0.0,0.0,,0.0,,,급락,비급락,해당기간 관측 통합; AUC는 동월 지역쌍 가중
서울25구,급등,Benchmark,Always no event,Y3,TH_v11,향후6개월 U>연초학습85%분위(0이상),2018,300,0.85,,0.0,0.0,0.4594594594594595,0.5,0.85,1.0,0.918918918918919,,,,45.0,255.0,0.0,0.0,0.0,45.0,255.0,0.0,0.5,9.0,0.7450980392156863,0.269037037037037,급등,비급등,해당기간 관측 통합; AUC는 동월 지역쌍 가중
서울25구,급등,Benchmark,Always no event,Y3,TH_v11,향후6개월 U>연초학습85%분위(0이상),2019,300,0.7433333333333333,,0.0,0.0,0.42638623326959846,0.5,0.7433333333333333,1.0,0.8527724665391969,,,,77.0,223.0,0.0,0.0,0.0,77.0,223.0,0.0,0.5,8.0,0.21390716906411975,0.20847041847041844,급등,비급등,해당기간 관측 통합; AUC는 동월 지역쌍 가중
서울25구,급등,Benchmark,Always no event,Y3,TH_v11,향후6개월 U>연초학습85%분위(0이상),2020,300,0.22,,0.0,0.0,0.18032786885245902,0.5,0.22,1.0,0.36065573770491804,,,,234.0,66.0,0.0,0.0,0.0,234.0,66.0,0.0,0.5,6.0,0.8836441336441336,0.9518423551756885,급등,비급등,해당기간 관측 통합; AUC는 동월 지역쌍 가중
서울25구,급등,Benchmark,Always no event,Y3,TH_v11,향후6개월 U>연초학습85%분위(0이상),2021,300,0.13666666666666666,,0.0,0.0,0.12023460410557185,0.5,0.13666666666666666,1.0,0.2404692082111437,,,,259.0,41.0,0.0,0.0,0.0,259.0,41.0,0.0,0.5,12.0,0.5459082776155947,0.8659202059202059,급등,비급등,해당기간 관측 통합; AUC는 동월 지역쌍 가중
서울25구,급등,Benchmark,Always no event,Y3,TH_v11,향후6개월 U>연초학습85%분위(0이상),2022,300,0.8533333333333334,,0.0,0.0,0.460431654676259,0.5,0.8533333333333334,1.0,0.920863309352518,,,,44.0,256.0,0.0,0.0,0.0,44.0,256.0,0.0,0.5,9.0,0.3335404829545454,0.12257575757575759,급등,비급등,해당기간 관측 통합; AUC는 동월 지역쌍 가중
서울25구,급등,Benchmark,Always no event,Y3,TH_v11,향후6개월 U>연초학습85%분위(0이상),2023,300,0.72,,0.0,0.0,0.4186046511627907,0.5,0.72,1.0,0.8372093023255814,,,,84.0,216.0,0.0,0.0,0.0,84.0,216.0,0.0,0.5,8.0,0.20238095238095238,0.2190740740740741,급등,비급등,해당기간 관측 통합; AUC는 동월 지역쌍 가중
서울25구,급등,Benchmark,Always no event,Y3,TH_v11,향후6개월 U>연초학습85%분위(0이상),2024,300,0.24666666666666667,,0.0,0.0,0.19786096256684493,0.5,0.24666666666666667,1.0,0.39572192513368987,,,,226.0,74.0,0.0,0.0,0.0,226.0,74.0,0.0,0.5,12.0,0.2847404927050945,0.6657128810226155,급등,비급등,해당기간 관측 통합; AUC는 동월 지역쌍 가중
서울25구,급등,Benchmark,Always no event,Y3,TH_v11,향후6개월 U>연초학습85%분위(0이상),2025,300,0.20666666666666667,,0.0,0.0,0.1712707182320442,0.5,0.20666666666666667,1.0,0.3425414364640884,,,,238.0,62.0,0.0,0.0,0.0,238.0,62.0,0.0,0.5,9.0,0.8456221198156683,0.9397759103641457,급등,비급등,해당기간 관측 통합; AUC는 동월 지역쌍 가중
서울25구,급락,Benchmark,Always no event,Y4,TH_v11,향후6개월 D<연초학습15%분위(0이하),2018,300,0.6133333333333333,,0.0,0.0,0.38016528925619836,0.5,0.6133333333333333,1.0,0.7603305785123967,,,,116.0,184.0,0.0,0.0,0.0,116.0,184.0,0.0,0.5,12.0,0.696776611694153,0.5973563218390805,급락,비급락,해당기간 관측 통합; AUC는 동월 지역쌍 가중
서울25구,급락,Benchmark,Always no event,Y4,TH_v11,향후6개월 D<연초학습15%분위(0이하),2019,300,0.84,,0.0,0.0,0.45652173913043476,0.5,0.84,1.0,0.9130434782608695,,,,48.0,252.0,0.0,0.0,0.0,48.0,252.0,0.0,0.5,5.0,0.0845734126984127,0.14564814814814817,급락,비급락,해당기간 관측 통합; AUC는 동월 지역쌍 가중
서울25구,급락,Benchmark,Always no event,Y4,TH_v11,향후6개월 D<연초학습15%분위(0이하),2020,300,1.0,,,,1.0,1.0,1.0,1.0,1.0,,,,0.0,300.0,0.0,0.0,0.0,0.0,300.0,0.0,,0.0,,,급락,비급락,해당기간 관측 통합; AUC는 동월 지역쌍 가중
서울25구,급락,Benchmark,Always no event,Y4,TH_v11,향후6개월 D<연초학습15%분위(0이하),2021,300,1.0,,,,1.0,1.0,1.0,1.0,1.0,,,,0.0,300.0,0.0,0.0,0.0,0.0,300.0,0.0,,0.0,,,급락,비급락,해당기간 관측 통합; AUC는 동월 지역쌍 가중
서울25구,급락,Benchmark,Always no event,Y4,TH_v11,향후6개월 D<연초학습15%분위(0이하),2022,300,0.6533333333333333,,0.0,0.0,0.3951612903225806,0.5,0.6533333333333333,1.0,0.7903225806451613,,,,104.0,196.0,0.0,0.0,0.0,104.0,196.0,0.0,0.5,5.0,0.05479788069073786,0.28235042735042737,급락,비급락,해당기간 관측 통합; AUC는 동월 지역쌍 가중
서울25구,급락,Benchmark,Always no event,Y4,TH_v11,향후6개월 D<연초학습15%분위(0이하),2023,300,0.71,,0.0,0.0,0.4152046783625731,0.5,0.71,1.0,0.8304093567251462,,,,87.0,213.0,0.0,0.0,0.0,87.0,213.0,0.0,0.5,6.0,0.048729156548486335,0.25155810983397187,급락,비급락,해당기간 관측 통합; AUC는 동월 지역쌍 가중
서울25구,급락,Benchmark,Always no event,Y4,TH_v11,향후6개월 D<연초학습15%분위(0이하),2024,300,1.0,,,,1.0,1.0,1.0,1.0,1.0,,,,0.0,300.0,0.0,0.0,0.0,0.0,300.0,0.0,,0.0,,,급락,비급락,해당기간 관측 통합; AUC는 동월 지역쌍 가중
서울25구,급락,Benchmark,Always no event,Y4,TH_v11,향후6개월 D<연초학습15%분위(0이하),2025,300,1.0,,,,1.0,1.0,1.0,1.0,1.0,,,,0.0,300.0,0.0,0.0,0.0,0.0,300.0,0.0,,0.0,,,급락,비급락,해당기간 관측 통합; AUC는 동월 지역쌍 가중
서울25구,방향,Benchmark,Always up,Y2,TH_v11,양수 상승/음수 하락; 실제0%는 Y2만 제외,2018,300,0.38333333333333336,0.38333333333333336,1.0,0.5542168674698795,0.27710843373493976,0.5,,0.0,0.0,,,,115.0,185.0,300.0,115.0,185.0,0.0,0.0,0.0,0.5,12.0,0.7097532314923619,0.5311304347826087,상승,하락,해당기간 관측 통합; AUC는 동월 지역쌍 가중
서울25구,방향,Benchmark,Always up,Y2,TH_v11,양수 상승/음수 하락; 실제0%는 Y2만 제외,2019,300,0.6166666666666667,0.6166666666666667,1.0,0.7628865979381443,0.38144329896907214,0.5,,0.0,0.0,,,,185.0,115.0,300.0,185.0,115.0,0.0,0.0,0.0,0.5,12.0,0.11750881316098707,0.4978738738738739,상승,하락,해당기간 관측 통합; AUC는 동월 지역쌍 가중
서울25구,방향,Benchmark,Always up,Y2,TH_v11,양수 상승/음수 하락; 실제0%는 Y2만 제외,2020,300,0.98,0.98,1.0,0.98989898989899,0.494949494949495,0.5,,0.0,0.0,,,,294.0,6.0,300.0,294.0,6.0,0.0,0.0,0.0,0.5,3.0,0.8826530612244898,0.9953061224489796,상승,하락,해당기간 관측 통합; AUC는 동월 지역쌍 가중
서울25구,방향,Benchmark,Always up,Y2,TH_v11,양수 상승/음수 하락; 실제0%는 Y2만 제외,2021,300,1.0,1.0,1.0,1.0,1.0,1.0,,,,,,,300.0,0.0,300.0,300.0,0.0,0.0,0.0,0.0,,0.0,,,상승,하락,해당기간 관측 통합; AUC는 동월 지역쌍 가중
서울25구,방향,Benchmark,Always up,Y2,TH_v11,양수 상승/음수 하락; 실제0%는 Y2만 제외,2022,300,0.5866666666666667,0.5866666666666667,1.0,0.7394957983193278,0.3697478991596639,0.5,,0.0,0.0,,,,176.0,124.0,300.0,176.0,124.0,0.0,0.0,0.0,0.5,6.0,0.053244134897360684,0.46424242424242423,상승,하락,해당기간 관측 통합; AUC는 동월 지역쌍 가중
서울25구,방향,Benchmark,Always up,Y2,TH_v11,양수 상승/음수 하락; 실제0%는 Y2만 제외,2023,300,0.7033333333333334,0.7033333333333334,1.0,0.8258317025440313,0.41291585127201563,0.5,,0.0,0.0,,,,211.0,89.0,300.0,211.0,89.0,0.0,0.0,0.0,0.5,8.0,0.05069492518238459,0.5840758293838864,상승,하락,해당기간 관측 통합; AUC는 동월 지역쌍 가중
서울25구,방향,Benchmark,Always up,Y2,TH_v11,양수 상승/음수 하락; 실제0%는 Y2만 제외,2024,300,0.9966666666666667,0.9966666666666667,1.0,0.998330550918197,0.4991652754590985,0.5,,0.0,0.0,,,,299.0,1.0,300.0,299.0,1.0,0.0,0.0,0.0,0.5,1.0,0.8762541806020068,0.9991750278706801,상승,하락,해당기간 관측 통합; AUC는 동월 지역쌍 가중
서울25구,방향,Benchmark,Always up,Y2,TH_v11,양수 상승/음수 하락; 실제0%는 Y2만 제외,2025,300,1.0,1.0,1.0,1.0,1.0,1.0,,,,,,,300.0,0.0,300.0,300.0,0.0,0.0,0.0,0.0,,0.0,,,상승,하락,해당기간 관측 통합; AUC는 동월 지역쌍 가중
서울25구,변화율,Benchmark,Past6 persistence,Y1,TH_v11,직전월 대비 향후6번째월 변화율(%p),2018,300,,,,,,,,,,0.435820179379794,0.6375739954009763,-0.619044041960443,,,,,,,,,,,,,,,해당기간 관측 통합; AUC는 동월 지역쌍 가중
서울25구,변화율,Benchmark,Past6 persistence,Y1,TH_v11,직전월 대비 향후6번째월 변화율(%p),2019,300,,,,,,,,,,0.5881647519194458,0.8178026963056854,-1.6263284885791438,,,,,,,,,,,,,,,해당기간 관측 통합; AUC는 동월 지역쌍 가중
서울25구,변화율,Benchmark,Past6 persistence,Y1,TH_v11,직전월 대비 향후6번째월 변화율(%p),2020,300,,,,,,,,,,0.5093501242129799,0.6535169102439237,-0.3076339393611731,,,,,,,,,,,,,,,해당기간 관측 통합; AUC는 동월 지역쌍 가중
서울25구,변화율,Benchmark,Past6 persistence,Y1,TH_v11,직전월 대비 향후6번째월 변화율(%p),2021,300,,,,,,,,,,0.628436588911595,0.8371150159750717,-0.41304871341920113,,,,,,,,,,,,,,,해당기간 관측 통합; AUC는 동월 지역쌍 가중
서울25구,변화율,Benchmark,Past6 persistence,Y1,TH_v11,직전월 대비 향후6번째월 변화율(%p),2022,300,,,,,,,,,,1.232050043666503,1.704833272605397,-0.5626736221663571,,,,,,,,,,,,,,,해당기간 관측 통합; AUC는 동월 지역쌍 가중
서울25구,변화율,Benchmark,Past6 persistence,Y1,TH_v11,직전월 대비 향후6번째월 변화율(%p),2023,300,,,,,,,,,,1.5208775420400567,1.9932882595846049,-2.062977875396219,,,,,,,,,,,,,,,해당기간 관측 통합; AUC는 동월 지역쌍 가중
서울25구,변화율,Benchmark,Past6 persistence,Y1,TH_v11,직전월 대비 향후6번째월 변화율(%p),2024,300,,,,,,,,,,0.7537682102699435,0.9022221335648511,-0.6515685254005088,,,,,,,,,,,,,,,해당기간 관측 통합; AUC는 동월 지역쌍 가중
서울25구,변화율,Benchmark,Past6 persistence,Y1,TH_v11,직전월 대비 향후6번째월 변화율(%p),2025,300,,,,,,,,,,1.3510899905074978,1.6987775394834752,-0.34517032215529775,,,,,,,,,,,,,,,해당기간 관측 통합; AUC는 동월 지역쌍 가중
서울25구,방향,Benchmark,Training majority,Y2,TH_v11,양수 상승/음수 하락; 실제0%는 Y2만 제외,2018,300,0.66,0.5866666666666667,0.3826086956521739,0.4631578947368421,0.607188703465982,0.6075205640423031,0.6844444444444444,0.8324324324324325,0.751219512195122,,,,115.0,185.0,75.0,44.0,31.0,71.0,154.0,0.0,0.5,12.0,0.7097532314923619,0.5311304347826087,상승,하락,해당기간 관측 통합; AUC는 동월 지역쌍 가중
서울25구,방향,Benchmark,Training majority,Y2,TH_v11,양수 상승/음수 하락; 실제0%는 Y2만 제외,2019,300,0.38333333333333336,,0.0,0.0,0.27710843373493976,0.5,0.38333333333333336,1.0,0.5542168674698795,,,,185.0,115.0,0.0,0.0,0.0,185.0,115.0,0.0,0.5,12.0,0.11750881316098707,0.4978738738738739,상승,하락,해당기간 관측 통합; AUC는 동월 지역쌍 가중
서울25구,방향,Benchmark,Training majority,Y2,TH_v11,양수 상승/음수 하락; 실제0%는 Y2만 제외,2020,300,0.52,1.0,0.5102040816326531,0.6756756756756757,0.37629937629937626,0.7551020408163265,0.04,1.0,0.07692307692307693,,,,294.0,6.0,150.0,150.0,0.0,144.0,6.0,0.0,0.5,3.0,0.8826530612244898,0.9953061224489796,상승,하락,해당기간 관측 통합; AUC는 동월 지역쌍 가중
서울25구,방향,Benchmark,Training majority,Y2,TH_v11,양수 상승/음수 하락; 실제0%는 Y2만 제외,2021,300,1.0,1.0,1.0,1.0,1.0,1.0,,,,,,,300.0,0.0,300.0,300.0,0.0,0.0,0.0,0.0,,0.0,,,상승,하락,해당기간 관측 통합; AUC는 동월 지역쌍 가중
서울25구,방향,Benchmark,Training majority,Y2,TH_v11,양수 상승/음수 하락; 실제0%는 Y2만 제외,2022,300,0.5866666666666667,0.5866666666666667,1.0,0.7394957983193278,0.3697478991596639,0.5,,0.0,0.0,,,,176.0,124.0,300.0,176.0,124.0,0.0,0.0,0.0,0.5,6.0,0.053244134897360684,0.46424242424242423,상승,하락,해당기간 관측 통합; AUC는 동월 지역쌍 가중
서울25구,방향,Benchmark,Training majority,Y2,TH_v11,양수 상승/음수 하락; 실제0%는 Y2만 제외,2023,300,0.7033333333333334,0.7033333333333334,1.0,0.8258317025440313,0.41291585127201563,0.5,,0.0,0.0,,,,211.0,89.0,300.0,211.0,89.0,0.0,0.0,0.0,0.5,8.0,0.05069492518238459,0.5840758293838864,상승,하락,해당기간 관측 통합; AUC는 동월 지역쌍 가중
서울25구,방향,Benchmark,Training majority,Y2,TH_v11,양수 상승/음수 하락; 실제0%는 Y2만 제외,2024,300,0.9966666666666667,0.9966666666666667,1.0,0.998330550918197,0.4991652754590985,0.5,,0.0,0.0,,,,299.0,1.0,300.0,299.0,1.0,0.0,0.0,0.0,0.5,1.0,0.8762541806020068,0.9991750278706801,상승,하락,해당기간 관측 통합; AUC는 동월 지역쌍 가중
서울25구,방향,Benchmark,Training majority,Y2,TH_v11,양수 상승/음수 하락; 실제0%는 Y2만 제외,2025,300,1.0,1.0,1.0,1.0,1.0,1.0,,,,,,,300.0,0.0,300.0,300.0,0.0,0.0,0.0,0.0,,0.0,,,상승,하락,해당기간 관측 통합; AUC는 동월 지역쌍 가중
서울25구,급등,Benchmark,Training majority,Y3,TH_v11,향후6개월 U>연초학습85%분위(0이상),2018,300,0.85,,0.0,0.0,0.4594594594594595,0.5,0.85,1.0,0.918918918918919,,,,45.0,255.0,0.0,0.0,0.0,45.0,255.0,0.0,0.5,9.0,0.7450980392156863,0.269037037037037,급등,비급등,해당기간 관측 통합; AUC는 동월 지역쌍 가중
서울25구,급등,Benchmark,Training majority,Y3,TH_v11,향후6개월 U>연초학습85%분위(0이상),2019,300,0.7433333333333333,,0.0,0.0,0.42638623326959846,0.5,0.7433333333333333,1.0,0.8527724665391969,,,,77.0,223.0,0.0,0.0,0.0,77.0,223.0,0.0,0.5,8.0,0.21390716906411975,0.20847041847041844,급등,비급등,해당기간 관측 통합; AUC는 동월 지역쌍 가중
서울25구,급등,Benchmark,Training majority,Y3,TH_v11,향후6개월 U>연초학습85%분위(0이상),2020,300,0.22,,0.0,0.0,0.18032786885245902,0.5,0.22,1.0,0.36065573770491804,,,,234.0,66.0,0.0,0.0,0.0,234.0,66.0,0.0,0.5,6.0,0.8836441336441336,0.9518423551756885,급등,비급등,해당기간 관측 통합; AUC는 동월 지역쌍 가중
서울25구,급등,Benchmark,Training majority,Y3,TH_v11,향후6개월 U>연초학습85%분위(0이상),2021,300,0.13666666666666666,,0.0,0.0,0.12023460410557185,0.5,0.13666666666666666,1.0,0.2404692082111437,,,,259.0,41.0,0.0,0.0,0.0,259.0,41.0,0.0,0.5,12.0,0.5459082776155947,0.8659202059202059,급등,비급등,해당기간 관측 통합; AUC는 동월 지역쌍 가중
서울25구,급등,Benchmark,Training majority,Y3,TH_v11,향후6개월 U>연초학습85%분위(0이상),2022,300,0.8533333333333334,,0.0,0.0,0.460431654676259,0.5,0.8533333333333334,1.0,0.920863309352518,,,,44.0,256.0,0.0,0.0,0.0,44.0,256.0,0.0,0.5,9.0,0.3335404829545454,0.12257575757575759,급등,비급등,해당기간 관측 통합; AUC는 동월 지역쌍 가중
서울25구,급등,Benchmark,Training majority,Y3,TH_v11,향후6개월 U>연초학습85%분위(0이상),2023,300,0.72,,0.0,0.0,0.4186046511627907,0.5,0.72,1.0,0.8372093023255814,,,,84.0,216.0,0.0,0.0,0.0,84.0,216.0,0.0,0.5,8.0,0.20238095238095238,0.2190740740740741,급등,비급등,해당기간 관측 통합; AUC는 동월 지역쌍 가중
서울25구,급등,Benchmark,Training majority,Y3,TH_v11,향후6개월 U>연초학습85%분위(0이상),2024,300,0.24666666666666667,,0.0,0.0,0.19786096256684493,0.5,0.24666666666666667,1.0,0.39572192513368987,,,,226.0,74.0,0.0,0.0,0.0,226.0,74.0,0.0,0.5,12.0,0.2847404927050945,0.6657128810226155,급등,비급등,해당기간 관측 통합; AUC는 동월 지역쌍 가중
서울25구,급등,Benchmark,Training majority,Y3,TH_v11,향후6개월 U>연초학습85%분위(0이상),2025,300,0.20666666666666667,,0.0,0.0,0.1712707182320442,0.5,0.20666666666666667,1.0,0.3425414364640884,,,,238.0,62.0,0.0,0.0,0.0,238.0,62.0,0.0,0.5,9.0,0.8456221198156683,0.9397759103641457,급등,비급등,해당기간 관측 통합; AUC는 동월 지역쌍 가중
서울25구,급락,Benchmark,Training majority,Y4,TH_v11,향후6개월 D<연초학습15%분위(0이하),2018,300,0.6133333333333333,,0.0,0.0,0.38016528925619836,0.5,0.6133333333333333,1.0,0.7603305785123967,,,,116.0,184.0,0.0,0.0,0.0,116.0,184.0,0.0,0.5,12.0,0.696776611694153,0.5973563218390805,급락,비급락,해당기간 관측 통합; AUC는 동월 지역쌍 가중
서울25구,급락,Benchmark,Training majority,Y4,TH_v11,향후6개월 D<연초학습15%분위(0이하),2019,300,0.84,,0.0,0.0,0.45652173913043476,0.5,0.84,1.0,0.9130434782608695,,,,48.0,252.0,0.0,0.0,0.0,48.0,252.0,0.0,0.5,5.0,0.0845734126984127,0.14564814814814817,급락,비급락,해당기간 관측 통합; AUC는 동월 지역쌍 가중
서울25구,급락,Benchmark,Training majority,Y4,TH_v11,향후6개월 D<연초학습15%분위(0이하),2020,300,1.0,,,,1.0,1.0,1.0,1.0,1.0,,,,0.0,300.0,0.0,0.0,0.0,0.0,300.0,0.0,,0.0,,,급락,비급락,해당기간 관측 통합; AUC는 동월 지역쌍 가중
서울25구,급락,Benchmark,Training majority,Y4,TH_v11,향후6개월 D<연초학습15%분위(0이하),2021,300,1.0,,,,1.0,1.0,1.0,1.0,1.0,,,,0.0,300.0,0.0,0.0,0.0,0.0,300.0,0.0,,0.0,,,급락,비급락,해당기간 관측 통합; AUC는 동월 지역쌍 가중
서울25구,급락,Benchmark,Training majority,Y4,TH_v11,향후6개월 D<연초학습15%분위(0이하),2022,300,0.6533333333333333,,0.0,0.0,0.3951612903225806,0.5,0.6533333333333333,1.0,0.7903225806451613,,,,104.0,196.0,0.0,0.0,0.0,104.0,196.0,0.0,0.5,5.0,0.05479788069073786,0.28235042735042737,급락,비급락,해당기간 관측 통합; AUC는 동월 지역쌍 가중
서울25구,급락,Benchmark,Training majority,Y4,TH_v11,향후6개월 D<연초학습15%분위(0이하),2023,300,0.71,,0.0,0.0,0.4152046783625731,0.5,0.71,1.0,0.8304093567251462,,,,87.0,213.0,0.0,0.0,0.0,87.0,213.0,0.0,0.5,6.0,0.048729156548486335,0.25155810983397187,급락,비급락,해당기간 관측 통합; AUC는 동월 지역쌍 가중
서울25구,급락,Benchmark,Training majority,Y4,TH_v11,향후6개월 D<연초학습15%분위(0이하),2024,300,1.0,,,,1.0,1.0,1.0,1.0,1.0,,,,0.0,300.0,0.0,0.0,0.0,0.0,300.0,0.0,,0.0,,,급락,비급락,해당기간 관측 통합; AUC는 동월 지역쌍 가중
서울25구,급락,Benchmark,Training majority,Y4,TH_v11,향후6개월 D<연초학습15%분위(0이하),2025,300,1.0,,,,1.0,1.0,1.0,1.0,1.0,,,,0.0,300.0,0.0,0.0,0.0,0.0,300.0,0.0,,0.0,,,급락,비급락,해당기간 관측 통합; AUC는 동월 지역쌍 가중
서울25구,변화율,Benchmark,Training median,Y1,TH_v11,직전월 대비 향후6번째월 변화율(%p),2018,300,,,,,,,,,,0.37332285560776113,0.548944071426396,-0.20020013258748115,,,,,,,,,,,,,,,해당기간 관측 통합; AUC는 동월 지역쌍 가중
서울25구,변화율,Benchmark,Training median,Y1,TH_v11,직전월 대비 향후6번째월 변화율(%p),2019,300,,,,,,,,,,0.3755291935618829,0.5283869383053456,-0.09636740406236388,,,,,,,,,,,,,,,해당기간 관측 통합; AUC는 동월 지역쌍 가중
서울25구,변화율,Benchmark,Training median,Y1,TH_v11,직전월 대비 향후6번째월 변화율(%p),2020,300,,,,,,,,,,0.8061724517933112,0.9826203496575178,-1.9562695659709428,,,,,,,,,,,,,,,해당기간 관측 통합; AUC는 동월 지역쌍 가중
서울25구,변화율,Benchmark,Training median,Y1,TH_v11,직전월 대비 향후6번째월 변화율(%p),2021,300,,,,,,,,,,1.0721900211187574,1.2819903913729913,-2.3140298027166804,,,,,,,,,,,,,,,해당기간 관측 통합; AUC는 동월 지역쌍 가중
서울25구,변화율,Benchmark,Training median,Y1,TH_v11,직전월 대비 향후6번째월 변화율(%p),2022,300,,,,,,,,,,0.8993866255257541,1.4447187976230809,-0.12220216682059237,,,,,,,,,,,,,,,해당기간 관측 통합; AUC는 동월 지역쌍 가중
서울25구,변화율,Benchmark,Training median,Y1,TH_v11,직전월 대비 향후6번째월 변화율(%p),2023,300,,,,,,,,,,0.9024595248091943,1.1945064634976728,-0.09996951820595412,,,,,,,,,,,,,,,해당기간 관측 통합; AUC는 동월 지역쌍 가중
서울25구,변화율,Benchmark,Training median,Y1,TH_v11,직전월 대비 향후6번째월 변화율(%p),2024,300,,,,,,,,,,1.2861299058971694,1.4668480738592706,-3.3655595155296094,,,,,,,,,,,,,,,해당기간 관측 통합; AUC는 동월 지역쌍 가중
서울25구,변화율,Benchmark,Training median,Y1,TH_v11,직전월 대비 향후6번째월 변화율(%p),2025,300,,,,,,,,,,2.2059061880975257,2.6393730433992166,-2.2471758633836454,,,,,,,,,,,,,,,해당기간 관측 통합; AUC는 동월 지역쌍 가중
서울25구,변화율,Benchmark,Zero growth,Y1,TH_v11,직전월 대비 향후6번째월 변화율(%p),2018,300,,,,,,,,,,0.37438112869580814,0.5504337874732574,-0.20672314123593227,,,,,,,,,,,,,,,해당기간 관측 통합; AUC는 동월 지역쌍 가중
서울25구,변화율,Benchmark,Zero growth,Y1,TH_v11,직전월 대비 향후6번째월 변화율(%p),2019,300,,,,,,,,,,0.36076305031668293,0.514632023098183,-0.04002931790487474,,,,,,,,,,,,,,,해당기간 관측 통합; AUC는 동월 지역쌍 가중
서울25구,변화율,Benchmark,Zero growth,Y1,TH_v11,직전월 대비 향후6번째월 변화율(%p),2020,300,,,,,,,,,,0.8033826409016825,0.9851102044033947,-1.9712702880733288,,,,,,,,,,,,,,,해당기간 관측 통합; AUC는 동월 지역쌍 가중
서울25구,변화율,Benchmark,Zero growth,Y1,TH_v11,직전월 대비 향후6번째월 변화율(%p),2021,300,,,,,,,,,,1.1213432523741436,1.3241345893657852,-2.5355023507156154,,,,,,,,,,,,,,,해당기간 관측 통합; AUC는 동월 지역쌍 가중
서울25구,변화율,Benchmark,Zero growth,Y1,TH_v11,직전월 대비 향후6번째월 변화율(%p),2022,300,,,,,,,,,,0.8987307785595224,1.4000824252935122,-0.05392975057094662,,,,,,,,,,,,,,,해당기간 관측 통합; AUC는 동월 지역쌍 가중
서울25구,변화율,Benchmark,Zero growth,Y1,TH_v11,직전월 대비 향후6번째월 변화율(%p),2023,300,,,,,,,,,,0.9378296477714878,1.2227398825936537,-0.15258190805509875,,,,,,,,,,,,,,,해당기간 관측 통합; AUC는 동월 지역쌍 가중
서울25구,변화율,Benchmark,Zero growth,Y1,TH_v11,직전월 대비 향후6번째월 변화율(%p),2024,300,,,,,,,,,,1.4362146519190386,1.5985489013968979,-4.184674502106652,,,,,,,,,,,,,,,해당기간 관측 통합; AUC는 동월 지역쌍 가중
서울25구,변화율,Benchmark,Zero growth,Y1,TH_v11,직전월 대비 향후6번째월 변화율(%p),2025,300,,,,,,,,,,2.4413986392990887,2.847062592431929,-2.778316082592229,,,,,,,,,,,,,,,해당기간 관측 통합; AUC는 동월 지역쌍 가중
서울25구,변화율,E_M,Extra Trees,Y1,TH_v11,직전월 대비 향후6번째월 변화율(%p),2018,300,,,,,,,,,,0.3526615710458311,0.5001529541219286,0.003670134276802739,,,,,,,,,,,,,,,해당기간 관측 통합; AUC는 동월 지역쌍 가중
서울25구,변화율,E_M,Extra Trees,Y1,TH_v11,직전월 대비 향후6번째월 변화율(%p),2019,300,,,,,,,,,,0.515492791571395,0.6742407586436495,-0.7851798395599225,,,,,,,,,,,,,,,해당기간 관측 통합; AUC는 동월 지역쌍 가중
서울25구,변화율,E_M,Extra Trees,Y1,TH_v11,직전월 대비 향후6번째월 변화율(%p),2020,300,,,,,,,,,,0.735929832517342,0.8981375864470762,-1.4697799915546423,,,,,,,,,,,,,,,해당기간 관측 통합; AUC는 동월 지역쌍 가중
서울25구,변화율,E_M,Extra Trees,Y1,TH_v11,직전월 대비 향후6번째월 변화율(%p),2021,300,,,,,,,,,,0.5311070873705271,0.7256486078494506,-0.061792375005049305,,,,,,,,,,,,,,,해당기간 관측 통합; AUC는 동월 지역쌍 가중
서울25구,변화율,E_M,Extra Trees,Y1,TH_v11,직전월 대비 향후6번째월 변화율(%p),2022,300,,,,,,,,,,1.0499597607022484,1.596983662487191,-0.37121451647198467,,,,,,,,,,,,,,,해당기간 관측 통합; AUC는 동월 지역쌍 가중
서울25구,변화율,E_M,Extra Trees,Y1,TH_v11,직전월 대비 향후6번째월 변화율(%p),2023,300,,,,,,,,,,1.197761837265519,1.4508435850643877,-0.622724637041693,,,,,,,,,,,,,,,해당기간 관측 통합; AUC는 동월 지역쌍 가중
서울25구,변화율,E_M,Extra Trees,Y1,TH_v11,직전월 대비 향후6번째월 변화율(%p),2024,300,,,,,,,,,,0.7516550830429333,0.9424026574700014,-0.8019496331777882,,,,,,,,,,,,,,,해당기간 관측 통합; AUC는 동월 지역쌍 가중
서울25구,변화율,E_M,Extra Trees,Y1,TH_v11,직전월 대비 향후6번째월 변화율(%p),2025,300,,,,,,,,,,1.3626518017588118,1.8258954230744846,-0.5540180415870952,,,,,,,,,,,,,,,해당기간 관측 통합; AUC는 동월 지역쌍 가중
서울25구,방향,E_M,Extra Trees,Y2,TH_v11,양수 상승/음수 하락; 실제0%는 Y2만 제외,2018,300,0.57,0.4406779661016949,0.45217391304347826,0.44635193133047213,0.5474266468641462,0.5477085781433607,0.6538461538461539,0.6432432432432432,0.6485013623978202,,,,115.0,185.0,118.0,52.0,66.0,63.0,119.0,0.0,0.5408587257617729,12.0,0.5153936545240894,0.3646865924913346,상승,하락,해당기간 관측 통합; AUC는 동월 지역쌍 가중
서울25구,방향,E_M,Extra Trees,Y2,TH_v11,양수 상승/음수 하락; 실제0%는 Y2만 제외,2019,300,0.27666666666666667,0.16666666666666666,0.043243243243243246,0.06866952789699571,0.238694436973021,0.34770857814336076,0.2976190476190476,0.6521739130434783,0.4087193460490463,,,,185.0,115.0,48.0,8.0,40.0,177.0,75.0,0.0,0.5333333333333333,12.0,0.26759106933019977,0.4713716194896216,상승,하락,해당기간 관측 통합; AUC는 동월 지역쌍 가중
서울25구,방향,E_M,Extra Trees,Y2,TH_v11,양수 상승/음수 하락; 실제0%는 Y2만 제외,2020,300,0.9633333333333334,0.9829351535836177,0.9795918367346939,0.9812606473594548,0.5675534006028043,0.5731292517006803,0.14285714285714285,0.16666666666666666,0.15384615384615385,,,,294.0,6.0,293.0,288.0,5.0,6.0,1.0,0.0,0.8455882352941176,3.0,0.9160997732426304,0.9981405843764062,상승,하락,해당기간 관측 통합; AUC는 동월 지역쌍 가중
서울25구,방향,E_M,Extra Trees,Y2,TH_v11,양수 상승/음수 하락; 실제0%는 Y2만 제외,2021,300,1.0,1.0,1.0,1.0,1.0,1.0,,,,,,,300.0,0.0,300.0,300.0,0.0,0.0,0.0,0.0,,0.0,,,상승,하락,해당기간 관측 통합; AUC는 동월 지역쌍 가중
서울25구,방향,E_M,Extra Trees,Y2,TH_v11,양수 상승/음수 하락; 실제0%는 Y2만 제외,2022,300,0.5866666666666667,0.5866666666666667,1.0,0.7394957983193278,0.3697478991596639,0.5,,0.0,0.0,,,,176.0,124.0,300.0,176.0,124.0,0.0,0.0,0.0,0.45850622406639,6.0,0.08985520527859236,0.3926493278227761,상승,하락,해당기간 관측 통합; AUC는 동월 지역쌍 가중
서울25구,방향,E_M,Extra Trees,Y2,TH_v11,양수 상승/음수 하락; 실제0%는 Y2만 제외,2023,300,0.45,0.6161616161616161,0.5781990521327014,0.5965770171149144,0.3663513357825881,0.36213323393151925,0.12745098039215685,0.14606741573033707,0.13612565445026178,,,,211.0,89.0,198.0,122.0,76.0,89.0,13.0,0.0,0.5558823529411765,8.0,0.2193407529687417,0.5547744435384043,상승,하락,해당기간 관측 통합; AUC는 동월 지역쌍 가중
서울25구,방향,E_M,Extra Trees,Y2,TH_v11,양수 상승/음수 하락; 실제0%는 Y2만 제외,2024,300,0.9966666666666667,0.9966666666666667,1.0,0.998330550918197,0.4991652754590985,0.5,,0.0,0.0,,,,299.0,1.0,300.0,299.0,1.0,0.0,0.0,0.0,0.9166666666666666,1.0,0.862876254180602,0.9995093950031928,상승,하락,해당기간 관측 통합; AUC는 동월 지역쌍 가중
서울25구,방향,E_M,Extra Trees,Y2,TH_v11,양수 상승/음수 하락; 실제0%는 Y2만 제외,2025,300,1.0,1.0,1.0,1.0,1.0,1.0,,,,,,,300.0,0.0,300.0,300.0,0.0,0.0,0.0,0.0,,0.0,,,상승,하락,해당기간 관측 통합; AUC는 동월 지역쌍 가중
서울25구,급등,E_M,Extra Trees,Y3,TH_v11,향후6개월 U>연초학습85%분위(0이상),2018,300,0.7766666666666666,0.15625,0.1111111111111111,0.12987012987012986,0.5008815276501701,0.5026143790849673,0.8507462686567164,0.8941176470588236,0.8718929254302104,,,,45.0,255.0,32.0,5.0,27.0,40.0,228.0,0.0,0.6117788461538461,9.0,0.6450544662309368,0.20769597732347267,급등,비급등,해당기간 관측 통합; AUC는 동월 지역쌍 가중
서울25구,급등,E_M,Extra Trees,Y3,TH_v11,향후6개월 U>연초학습85%분위(0이상),2019,300,0.6966666666666667,0.0,0.0,0.0,0.4106090373280943,0.46860986547085204,0.7307692307692307,0.9372197309417041,0.8212180746561886,,,,77.0,223.0,14.0,0.0,14.0,77.0,209.0,0.0,0.6128712871287129,8.0,0.23347504513423797,0.16747419074179742,급등,비급등,해당기간 관측 통합; AUC는 동월 지역쌍 가중
서울25구,급등,E_M,Extra Trees,Y3,TH_v11,향후6개월 U>연초학습85%분위(0이상),2020,300,0.47333333333333333,1.0,0.3247863247863248,0.49032258064516127,0.47274749721913234,0.6623931623931624,0.29464285714285715,1.0,0.45517241379310347,,,,234.0,66.0,76.0,76.0,0.0,158.0,66.0,0.0,0.6484375,6.0,0.8550893550893551,0.9557955426024387,급등,비급등,해당기간 관측 통합; AUC는 동월 지역쌍 가중
서울25구,급등,E_M,Extra Trees,Y3,TH_v11,향후6개월 U>연초학습85%분위(0이상),2021,300,0.8033333333333333,0.9,0.8687258687258688,0.8840864440078585,0.6178673978281051,0.6294848855824466,0.32,0.3902439024390244,0.3516483516483517,,,,259.0,41.0,250.0,225.0,25.0,34.0,16.0,0.0,0.687192118226601,12.0,0.6284960919107259,0.9096224903243713,급등,비급등,해당기간 관측 통합; AUC는 동월 지역쌍 가중
서울25구,급등,E_M,Extra Trees,Y3,TH_v11,향후6개월 U>연초학습85%분위(0이상),2022,300,0.7133333333333334,0.23076923076923078,0.4090909090909091,0.29508196721311475,0.5575828246107415,0.5873579545454546,0.8828828828828829,0.765625,0.8200836820083682,,,,44.0,256.0,78.0,18.0,60.0,26.0,196.0,0.0,0.6151162790697674,9.0,0.6613991477272727,0.21355368099538935,급등,비급등,해당기간 관측 통합; AUC는 동월 지역쌍 가중
서울25구,급등,E_M,Extra Trees,Y3,TH_v11,향후6개월 U>연초학습85%분위(0이상),2023,300,0.7133333333333334,0.0,0.0,0.0,0.4163424124513619,0.49537037037037035,0.7181208053691275,0.9907407407407407,0.8326848249027238,,,,84.0,216.0,2.0,0.0,2.0,84.0,214.0,0.0,0.4584837545126354,8.0,0.2982253086419753,0.1958945540106297,급등,비급등,해당기간 관측 통합; AUC는 동월 지역쌍 가중
서울25구,급등,E_M,Extra Trees,Y3,TH_v11,향후6개월 U>연초학습85%분위(0이상),2024,300,0.6033333333333334,0.7488372093023256,0.7123893805309734,0.7301587301587301,0.49086552860137767,0.49132982540062187,0.23529411764705882,0.2702702702702703,0.25157232704402516,,,,226.0,74.0,215.0,161.0,54.0,65.0,20.0,0.0,0.6522140221402214,12.0,0.47321215020330065,0.7725651011836919,급등,비급등,해당기간 관측 통합; AUC는 동월 지역쌍 가중
서울25구,급등,E_M,Extra Trees,Y3,TH_v11,향후6개월 U>연초학습85%분위(0이상),2025,300,0.7266666666666667,0.7785714285714286,0.9159663865546218,0.8416988416988417,0.42084942084942084,0.4579831932773109,0.0,0.0,0.0,,,,238.0,62.0,280.0,218.0,62.0,20.0,0.0,0.0,0.5811764705882353,9.0,0.4960016264570344,0.8240701874015812,급등,비급등,해당기간 관측 통합; AUC는 동월 지역쌍 가중
서울25구,급락,E_M,Extra Trees,Y4,TH_v11,향후6개월 D<연초학습15%분위(0이하),2018,300,0.6,0.47435897435897434,0.31896551724137934,0.38144329896907214,0.5429383982530089,0.5480697151424287,0.6441441441441441,0.7771739130434783,0.7044334975369458,,,,116.0,184.0,78.0,37.0,41.0,79.0,143.0,0.0,0.6725460122699386,12.0,0.6062593703148427,0.49369033728304607,급락,비급락,해당기간 관측 통합; AUC는 동월 지역쌍 가중
서울25구,급락,E_M,Extra Trees,Y4,TH_v11,향후6개월 D<연초학습15%분위(0이하),2019,300,0.59,0.13592233009708737,0.2916666666666667,0.18543046357615894,0.45574418501747815,0.46924603174603174,0.8274111675126904,0.6468253968253969,0.7260579064587973,,,,48.0,252.0,103.0,14.0,89.0,34.0,163.0,0.0,0.7055335968379447,5.0,0.3716104497354497,0.1436709356023729,급락,비급락,해당기간 관측 통합; AUC는 동월 지역쌍 가중
서울25구,급락,E_M,Extra Trees,Y4,TH_v11,향후6개월 D<연초학습15%분위(0이하),2020,300,0.9966666666666667,0.0,,0.0,0.4991652754590985,0.9966666666666667,1.0,0.9966666666666667,0.998330550918197,,,,0.0,300.0,1.0,0.0,1.0,0.0,299.0,0.0,,0.0,,,급락,비급락,해당기간 관측 통합; AUC는 동월 지역쌍 가중
서울25구,급락,E_M,Extra Trees,Y4,TH_v11,향후6개월 D<연초학습15%분위(0이하),2021,300,1.0,,,,1.0,1.0,1.0,1.0,1.0,,,,0.0,300.0,0.0,0.0,0.0,0.0,300.0,0.0,,0.0,,,급락,비급락,해당기간 관측 통합; AUC는 동월 지역쌍 가중
서울25구,급락,E_M,Extra Trees,Y4,TH_v11,향후6개월 D<연초학습15%분위(0이하),2022,300,0.6533333333333333,,0.0,0.0,0.3951612903225806,0.5,0.6533333333333333,1.0,0.7903225806451613,,,,104.0,196.0,0.0,0.0,0.0,104.0,196.0,0.0,0.5209125475285171,5.0,0.17410714285714285,0.2262567885275126,급락,비급락,해당기간 관측 통합; AUC는 동월 지역쌍 가중
서울25구,급락,E_M,Extra Trees,Y4,TH_v11,향후6개월 D<연초학습15%분위(0이하),2023,300,0.19,0.11764705882352941,0.27586206896551724,0.16494845360824742,0.18927034330897807,0.215395823215153,0.34375,0.15492957746478872,0.21359223300970873,,,,87.0,213.0,204.0,24.0,180.0,63.0,33.0,0.0,0.565068493150685,6.0,0.19119313582645298,0.1976343364792243,급락,비급락,해당기간 관측 통합; AUC는 동월 지역쌍 가중
서울25구,급락,E_M,Extra Trees,Y4,TH_v11,향후6개월 D<연초학습15%분위(0이하),2024,300,1.0,,,,1.0,1.0,1.0,1.0,1.0,,,,0.0,300.0,0.0,0.0,0.0,0.0,300.0,0.0,,0.0,,,급락,비급락,해당기간 관측 통합; AUC는 동월 지역쌍 가중
서울25구,급락,E_M,Extra Trees,Y4,TH_v11,향후6개월 D<연초학습15%분위(0이하),2025,300,1.0,,,,1.0,1.0,1.0,1.0,1.0,,,,0.0,300.0,0.0,0.0,0.0,0.0,300.0,0.0,,0.0,,,급락,비급락,해당기간 관측 통합; AUC는 동월 지역쌍 가중
서울25구,변화율,E_M,Ridge,Y1,TH_v11,직전월 대비 향후6번째월 변화율(%p),2018,300,,,,,,,,,,0.3968996115230862,0.5696445390493494,-0.29242499617494233,,,,,,,,,,,,,,,해당기간 관측 통합; AUC는 동월 지역쌍 가중
서울25구,변화율,E_M,Ridge,Y1,TH_v11,직전월 대비 향후6번째월 변화율(%p),2019,300,,,,,,,,,,0.749291524668717,0.9287011859123994,-2.3869124358662575,,,,,,,,,,,,,,,해당기간 관측 통합; AUC는 동월 지역쌍 가중
서울25구,변화율,E_M,Ridge,Y1,TH_v11,직전월 대비 향후6번째월 변화율(%p),2020,300,,,,,,,,,,0.4956311807856654,0.655123539840873,-0.31407131167646196,,,,,,,,,,,,,,,해당기간 관측 통합; AUC는 동월 지역쌍 가중
서울25구,변화율,E_M,Ridge,Y1,TH_v11,직전월 대비 향후6번째월 변화율(%p),2021,300,,,,,,,,,,0.528437271400627,0.7074789262840114,-0.009285154955095187,,,,,,,,,,,,,,,해당기간 관측 통합; AUC는 동월 지역쌍 가중
서울25구,변화율,E_M,Ridge,Y1,TH_v11,직전월 대비 향후6번째월 변화율(%p),2022,300,,,,,,,,,,0.774303986813369,1.1882099227228684,0.2409143079378423,,,,,,,,,,,,,,,해당기간 관측 통합; AUC는 동월 지역쌍 가중
서울25구,변화율,E_M,Ridge,Y1,TH_v11,직전월 대비 향후6번째월 변화율(%p),2023,300,,,,,,,,,,1.2739519336665333,1.521351817133611,-0.7842797939839725,,,,,,,,,,,,,,,해당기간 관측 통합; AUC는 동월 지역쌍 가중
서울25구,변화율,E_M,Ridge,Y1,TH_v11,직전월 대비 향후6번째월 변화율(%p),2024,300,,,,,,,,,,0.6064910995532912,0.7709372030661157,-0.20588988218676096,,,,,,,,,,,,,,,해당기간 관측 통합; AUC는 동월 지역쌍 가중
서울25구,변화율,E_M,Ridge,Y1,TH_v11,직전월 대비 향후6번째월 변화율(%p),2025,300,,,,,,,,,,1.04163061077901,1.448311402537953,0.02224925328619143,,,,,,,,,,,,,,,해당기간 관측 통합; AUC는 동월 지역쌍 가중
서울25구,방향,E_M,Logistic,Y2,TH_v11,양수 상승/음수 하락; 실제0%는 Y2만 제외,2018,300,0.48333333333333334,0.35074626865671643,0.40869565217391307,0.37751004016064255,0.46795729928260044,0.4692126909518214,0.5903614457831325,0.5297297297297298,0.5584045584045584,,,,115.0,185.0,134.0,47.0,87.0,68.0,98.0,0.0,0.48545706371191133,12.0,0.4742655699177438,0.37714373672664225,상승,하락,해당기간 관측 통합; AUC는 동월 지역쌍 가중
서울25구,방향,E_M,Logistic,Y2,TH_v11,양수 상승/음수 하락; 실제0%는 Y2만 제외,2019,300,0.23333333333333334,0.14285714285714285,0.04864864864864865,0.07258064516129033,0.20958577712609971,0.28954171562867215,0.25738396624472576,0.5304347826086957,0.3465909090909091,,,,185.0,115.0,63.0,9.0,54.0,176.0,61.0,0.0,0.528,12.0,0.2062044653349001,0.45109883949728435,상승,하락,해당기간 관측 통합; AUC는 동월 지역쌍 가중
서울25구,방향,E_M,Logistic,Y2,TH_v11,양수 상승/음수 하락; 실제0%는 Y2만 제외,2020,300,0.9666666666666667,0.9896551724137931,0.9761904761904762,0.9828767123287672,0.6789383561643836,0.7380952380952381,0.3,0.5,0.375,,,,294.0,6.0,290.0,287.0,3.0,7.0,3.0,0.0,0.875,3.0,0.969954648526077,0.9993814294225959,상승,하락,해당기간 관측 통합; AUC는 동월 지역쌍 가중
서울25구,방향,E_M,Logistic,Y2,TH_v11,양수 상승/음수 하락; 실제0%는 Y2만 제외,2021,300,1.0,1.0,1.0,1.0,1.0,1.0,,,,,,,300.0,0.0,300.0,300.0,0.0,0.0,0.0,0.0,,0.0,,,상승,하락,해당기간 관측 통합; AUC는 동월 지역쌍 가중
서울25구,방향,E_M,Logistic,Y2,TH_v11,양수 상승/음수 하락; 실제0%는 Y2만 제외,2022,300,0.7533333333333333,0.7865168539325843,0.7954545454545454,0.7909604519774012,0.74507372192366,0.7445014662756598,0.7049180327868853,0.6935483870967742,0.6991869918699187,,,,176.0,124.0,178.0,140.0,38.0,36.0,86.0,0.0,0.524896265560166,6.0,0.861482771260997,0.9140159800559413,상승,하락,해당기간 관측 통합; AUC는 동월 지역쌍 가중
서울25구,방향,E_M,Logistic,Y2,TH_v11,양수 상승/음수 하락; 실제0%는 Y2만 제외,2023,300,0.5433333333333333,0.9868421052631579,0.35545023696682465,0.5226480836236934,0.5424742015562556,0.6721071409553224,0.39285714285714285,0.9887640449438202,0.5623003194888179,,,,211.0,89.0,76.0,75.0,1.0,136.0,88.0,0.0,0.37647058823529406,8.0,0.7884338889184728,0.9061245217317997,상승,하락,해당기간 관측 통합; AUC는 동월 지역쌍 가중
서울25구,방향,E_M,Logistic,Y2,TH_v11,양수 상승/음수 하락; 실제0%는 Y2만 제외,2024,300,0.9833333333333333,0.9966216216216216,0.9866220735785953,0.9915966386554622,0.4957983193277311,0.49331103678929766,0.0,0.0,0.0,,,,299.0,1.0,296.0,295.0,1.0,4.0,0.0,0.0,1.0,1.0,0.5852842809364549,0.9982203143762037,상승,하락,해당기간 관측 통합; AUC는 동월 지역쌍 가중
서울25구,방향,E_M,Logistic,Y2,TH_v11,양수 상승/음수 하락; 실제0%는 Y2만 제외,2025,300,1.0,1.0,1.0,1.0,1.0,1.0,,,,,,,300.0,0.0,300.0,300.0,0.0,0.0,0.0,0.0,,0.0,,,상승,하락,해당기간 관측 통합; AUC는 동월 지역쌍 가중
서울25구,급등,E_M,Logistic,Y3,TH_v11,향후6개월 U>연초학습85%분위(0이상),2018,300,0.5033333333333333,0.14383561643835616,0.4666666666666667,0.2198952879581152,0.42779605473700383,0.48823529411764705,0.8441558441558441,0.5098039215686274,0.6356968215158925,,,,45.0,255.0,146.0,21.0,125.0,24.0,130.0,0.0,0.6286057692307693,9.0,0.5691503267973856,0.17425526641049136,급등,비급등,해당기간 관측 통합; AUC는 동월 지역쌍 가중
서울25구,급등,E_M,Logistic,Y3,TH_v11,향후6개월 U>연초학습85%분위(0이상),2019,300,0.44333333333333336,0.07547169811320754,0.1038961038961039,0.08743169398907104,0.3434760388410583,0.33221711024401607,0.6443298969072165,0.5605381165919282,0.5995203836930456,,,,77.0,223.0,106.0,8.0,98.0,69.0,125.0,0.0,0.6237623762376238,8.0,0.255488905713121,0.18838502723378076,급등,비급등,해당기간 관측 통합; AUC는 동월 지역쌍 가중
서울25구,급등,E_M,Logistic,Y3,TH_v11,향후6개월 U>연초학습85%분위(0이상),2020,300,0.8166666666666667,0.9241706161137441,0.8333333333333334,0.8764044943820225,0.7607828923523016,0.7954545454545454,0.5617977528089888,0.7575757575757576,0.6451612903225806,,,,234.0,66.0,211.0,195.0,16.0,39.0,50.0,0.0,0.5950520833333334,6.0,0.8678451178451179,0.9604582376251848,급등,비급등,해당기간 관측 통합; AUC는 동월 지역쌍 가중
서울25구,급등,E_M,Logistic,Y3,TH_v11,향후6개월 U>연초학습85%분위(0이상),2021,300,0.8166666666666667,0.8566433566433567,0.9459459459459459,0.8990825688073395,0.44954128440366975,0.47297297297297297,0.0,0.0,0.0,,,,259.0,41.0,286.0,245.0,41.0,14.0,0.0,0.0,0.5615763546798029,12.0,0.4759393539881345,0.8792174218609088,급등,비급등,해당기간 관측 통합; AUC는 동월 지역쌍 가중
서울25구,급등,E_M,Logistic,Y3,TH_v11,향후6개월 U>연초학습85%분위(0이상),2022,300,0.7133333333333334,0.125,0.1590909090909091,0.14,0.484,0.48384232954545453,0.8483606557377049,0.80859375,0.828,,,,44.0,256.0,56.0,7.0,49.0,37.0,207.0,0.0,0.2872093023255814,9.0,0.5350674715909092,0.1596573854456707,급등,비급등,해당기간 관측 통합; AUC는 동월 지역쌍 가중
서울25구,급등,E_M,Logistic,Y3,TH_v11,향후6개월 U>연초학습85%분위(0이상),2023,300,0.72,,0.0,0.0,0.4186046511627907,0.5,0.72,1.0,0.8372093023255814,,,,84.0,216.0,0.0,0.0,0.0,84.0,216.0,0.0,0.3583032490974729,8.0,0.38414902998236333,0.2226138254321373,급등,비급등,해당기간 관측 통합; AUC는 동월 지역쌍 가중
서울25구,급등,E_M,Logistic,Y3,TH_v11,향후6개월 U>연초학습85%분위(0이상),2024,300,0.58,0.7358490566037735,0.6902654867256637,0.7123287671232876,0.4672754946727549,0.46675436498445344,0.20454545454545456,0.24324324324324326,0.2222222222222222,,,,226.0,74.0,212.0,156.0,56.0,70.0,18.0,0.0,0.6439114391143912,12.0,0.4888184644821813,0.7872804644641631,급등,비급등,해당기간 관측 통합; AUC는 동월 지역쌍 가중
서울25구,급등,E_M,Logistic,Y3,TH_v11,향후6개월 U>연초학습85%분위(0이상),2025,300,0.8233333333333334,0.8838174273858921,0.8949579831932774,0.8893528183716075,0.7256681447229938,0.7216725399837354,0.576271186440678,0.5483870967741935,0.5619834710743802,,,,238.0,62.0,241.0,213.0,28.0,25.0,34.0,0.0,0.6564705882352941,9.0,0.8668338303063161,0.9650477928539758,급등,비급등,해당기간 관측 통합; AUC는 동월 지역쌍 가중
서울25구,급락,E_M,Logistic,Y4,TH_v11,향후6개월 D<연초학습15%분위(0이하),2018,300,0.6233333333333333,0.514018691588785,0.47413793103448276,0.49327354260089684,0.5967693972951433,0.5957646176911544,0.6839378238341969,0.717391304347826,0.7002652519893899,,,,116.0,184.0,107.0,55.0,52.0,61.0,132.0,0.0,0.5851226993865031,12.0,0.6058845577211394,0.4644371587128119,급락,비급락,해당기간 관측 통합; AUC는 동월 지역쌍 가중
서울25구,급락,E_M,Logistic,Y4,TH_v11,향후6개월 D<연초학습15%분위(0이하),2019,300,0.33666666666666667,0.06358381502890173,0.22916666666666666,0.09954751131221719,0.2872407741257656,0.2931547619047619,0.7086614173228346,0.35714285714285715,0.47493403693931396,,,,48.0,252.0,173.0,11.0,162.0,37.0,90.0,0.0,0.6679841897233202,5.0,0.24875992063492067,0.10660631957365291,급락,비급락,해당기간 관측 통합; AUC는 동월 지역쌍 가중
서울25구,급락,E_M,Logistic,Y4,TH_v11,향후6개월 D<연초학습15%분위(0이하),2020,300,0.88,0.0,,0.0,0.46808510638297873,0.88,1.0,0.88,0.9361702127659575,,,,0.0,300.0,36.0,0.0,36.0,0.0,264.0,0.0,,0.0,,,급락,비급락,해당기간 관측 통합; AUC는 동월 지역쌍 가중
서울25구,급락,E_M,Logistic,Y4,TH_v11,향후6개월 D<연초학습15%분위(0이하),2021,300,0.9933333333333333,0.0,,0.0,0.4983277591973244,0.9933333333333333,1.0,0.9933333333333333,0.9966555183946488,,,,0.0,300.0,2.0,0.0,2.0,0.0,298.0,0.0,,0.0,,,급락,비급락,해당기간 관측 통합; AUC는 동월 지역쌍 가중
서울25구,급락,E_M,Logistic,Y4,TH_v11,향후6개월 D<연초학습15%분위(0이하),2022,300,0.7333333333333333,0.5759493670886076,0.875,0.6946564885496184,0.728985049008537,0.7665816326530612,0.9084507042253521,0.6581632653061225,0.7633136094674556,,,,104.0,196.0,158.0,91.0,67.0,13.0,129.0,0.0,0.6958174904942965,5.0,0.8511087127158556,0.7638689047669283,급락,비급락,해당기간 관측 통합; AUC는 동월 지역쌍 가중
서울25구,급락,E_M,Logistic,Y4,TH_v11,향후6개월 D<연초학습15%분위(0이하),2023,300,0.56,0.39631336405529954,0.9885057471264368,0.5657894736842105,0.5599217638691323,0.6867411364740166,0.9879518072289156,0.38497652582159625,0.5540540540540541,,,,87.0,213.0,217.0,86.0,131.0,1.0,82.0,0.0,0.5342465753424658,6.0,0.9202957206842588,0.8448278876472691,급락,비급락,해당기간 관측 통합; AUC는 동월 지역쌍 가중
서울25구,급락,E_M,Logistic,Y4,TH_v11,향후6개월 D<연초학습15%분위(0이하),2024,300,0.9766666666666667,0.0,,0.0,0.49409780775716694,0.9766666666666667,1.0,0.9766666666666667,0.9881956155143339,,,,0.0,300.0,7.0,0.0,7.0,0.0,293.0,0.0,,0.0,,,급락,비급락,해당기간 관측 통합; AUC는 동월 지역쌍 가중
서울25구,급락,E_M,Logistic,Y4,TH_v11,향후6개월 D<연초학습15%분위(0이하),2025,300,1.0,,,,1.0,1.0,1.0,1.0,1.0,,,,0.0,300.0,0.0,0.0,0.0,0.0,300.0,0.0,,0.0,,,급락,비급락,해당기간 관측 통합; AUC는 동월 지역쌍 가중
서울25구,변화율,E_M,Random Forest,Y1,TH_v11,직전월 대비 향후6번째월 변화율(%p),2018,300,,,,,,,,,,0.3400611235313557,0.4817554296159929,0.07561964260069054,,,,,,,,,,,,,,,해당기간 관측 통합; AUC는 동월 지역쌍 가중
서울25구,변화율,E_M,Random Forest,Y1,TH_v11,직전월 대비 향후6번째월 변화율(%p),2019,300,,,,,,,,,,0.5261809426540621,0.6747960003105617,-0.7881212647097493,,,,,,,,,,,,,,,해당기간 관측 통합; AUC는 동월 지역쌍 가중
서울25구,변화율,E_M,Random Forest,Y1,TH_v11,직전월 대비 향후6번째월 변화율(%p),2020,300,,,,,,,,,,0.7698642272688673,0.9671649689993171,-1.8640041324888204,,,,,,,,,,,,,,,해당기간 관측 통합; AUC는 동월 지역쌍 가중
서울25구,변화율,E_M,Random Forest,Y1,TH_v11,직전월 대비 향후6번째월 변화율(%p),2021,300,,,,,,,,,,0.8295252938561519,1.0891113357919573,-1.391836153286254,,,,,,,,,,,,,,,해당기간 관측 통합; AUC는 동월 지역쌍 가중
서울25구,변화율,E_M,Random Forest,Y1,TH_v11,직전월 대비 향후6번째월 변화율(%p),2022,300,,,,,,,,,,0.9082237659192047,1.452707053837455,-0.13464641811334266,,,,,,,,,,,,,,,해당기간 관측 통합; AUC는 동월 지역쌍 가중
서울25구,변화율,E_M,Random Forest,Y1,TH_v11,직전월 대비 향후6번째월 변화율(%p),2023,300,,,,,,,,,,1.2476478634762929,1.5163238786439743,-0.7725054964892586,,,,,,,,,,,,,,,해당기간 관측 통합; AUC는 동월 지역쌍 가중
서울25구,변화율,E_M,Random Forest,Y1,TH_v11,직전월 대비 향후6번째월 변화율(%p),2024,300,,,,,,,,,,0.7637960592575634,0.9681524089392599,-0.9017661118435079,,,,,,,,,,,,,,,해당기간 관측 통합; AUC는 동월 지역쌍 가중
서울25구,변화율,E_M,Random Forest,Y1,TH_v11,직전월 대비 향후6번째월 변화율(%p),2025,300,,,,,,,,,,1.3737621115267922,1.8238470181879896,-0.5505332061252257,,,,,,,,,,,,,,,해당기간 관측 통합; AUC는 동월 지역쌍 가중
서울25구,방향,E_M,Random Forest,Y2,TH_v11,양수 상승/음수 하락; 실제0%는 Y2만 제외,2018,300,0.5766666666666667,0.4552238805970149,0.5304347826086957,0.4899598393574297,0.5640682387670339,0.5679200940070506,0.6746987951807228,0.6054054054054054,0.6381766381766382,,,,115.0,185.0,134.0,61.0,73.0,54.0,112.0,0.0,0.6052631578947368,12.0,0.553090481786134,0.4050869576490238,상승,하락,해당기간 관측 통합; AUC는 동월 지역쌍 가중
서울25구,방향,E_M,Random Forest,Y2,TH_v11,양수 상승/음수 하락; 실제0%는 Y2만 제외,2019,300,0.32666666666666666,0.2571428571428571,0.04864864864864865,0.08181818181818182,0.2751196172248804,0.4112808460634547,0.33584905660377357,0.7739130434782608,0.46842105263157896,,,,185.0,115.0,35.0,9.0,26.0,176.0,89.0,0.0,0.528,12.0,0.31760282021151587,0.497749712155399,상승,하락,해당기간 관측 통합; AUC는 동월 지역쌍 가중
서울25구,방향,E_M,Random Forest,Y2,TH_v11,양수 상승/음수 하락; 실제0%는 Y2만 제외,2020,300,0.87,0.9775280898876404,0.8877551020408163,0.93048128342246,0.46524064171123,0.44387755102040816,0.0,0.0,0.0,,,,294.0,6.0,267.0,261.0,6.0,33.0,0.0,0.0,0.5882352941176471,3.0,0.45181405895691606,0.9802671833710216,상승,하락,해당기간 관측 통합; AUC는 동월 지역쌍 가중
서울25구,방향,E_M,Random Forest,Y2,TH_v11,양수 상승/음수 하락; 실제0%는 Y2만 제외,2021,300,0.97,1.0,0.97,0.9847715736040609,0.49238578680203043,0.97,0.0,,0.0,,,,300.0,0.0,291.0,291.0,0.0,9.0,0.0,0.0,,0.0,,,상승,하락,해당기간 관측 통합; AUC는 동월 지역쌍 가중
서울25구,방향,E_M,Random Forest,Y2,TH_v11,양수 상승/음수 하락; 실제0%는 Y2만 제외,2022,300,0.5866666666666667,0.5866666666666667,1.0,0.7394957983193278,0.3697478991596639,0.5,,0.0,0.0,,,,176.0,124.0,300.0,176.0,124.0,0.0,0.0,0.0,0.5373443983402489,6.0,0.18979105571847504,0.42821509111022343,상승,하락,해당기간 관측 통합; AUC는 동월 지역쌍 가중
서울25구,방향,E_M,Random Forest,Y2,TH_v11,양수 상승/음수 하락; 실제0%는 Y2만 제외,2023,300,0.2,0.3333333333333333,0.13744075829383887,0.19463087248322147,0.1999644428641273,0.24287768251770597,0.14553990610328638,0.34831460674157305,0.2052980132450331,,,,211.0,89.0,87.0,29.0,58.0,182.0,31.0,0.0,0.6441176470588236,8.0,0.22455934820810478,0.6172900725815644,상승,하락,해당기간 관측 통합; AUC는 동월 지역쌍 가중
서울25구,방향,E_M,Random Forest,Y2,TH_v11,양수 상승/음수 하락; 실제0%는 Y2만 제외,2024,300,0.9966666666666667,0.9966666666666667,1.0,0.998330550918197,0.4991652754590985,0.5,,0.0,0.0,,,,299.0,1.0,300.0,299.0,1.0,0.0,0.0,0.0,0.9166666666666666,1.0,0.8127090301003345,0.9993102601689368,상승,하락,해당기간 관측 통합; AUC는 동월 지역쌍 가중
서울25구,방향,E_M,Random Forest,Y2,TH_v11,양수 상승/음수 하락; 실제0%는 Y2만 제외,2025,300,1.0,1.0,1.0,1.0,1.0,1.0,,,,,,,300.0,0.0,300.0,300.0,0.0,0.0,0.0,0.0,,0.0,,,상승,하락,해당기간 관측 통합; AUC는 동월 지역쌍 가중
서울25구,급등,E_M,Random Forest,Y3,TH_v11,향후6개월 U>연초학습85%분위(0이상),2018,300,0.8333333333333334,0.38095238095238093,0.17777777777777778,0.24242424242424243,0.5743956418113721,0.5633986928104575,0.8673835125448028,0.9490196078431372,0.9063670411985019,,,,45.0,255.0,21.0,8.0,13.0,37.0,242.0,0.0,0.6514423076923077,9.0,0.6291067538126361,0.2507530683207279,급등,비급등,해당기간 관측 통합; AUC는 동월 지역쌍 가중
서울25구,급등,E_M,Random Forest,Y3,TH_v11,향후6개월 U>연초학습85%분위(0이상),2019,300,0.6933333333333334,0.17391304347826086,0.05194805194805195,0.08,0.44799999999999995,0.4833731291130394,0.7364620938628159,0.9147982062780269,0.816,,,,77.0,223.0,23.0,4.0,19.0,73.0,204.0,0.0,0.6336633663366337,8.0,0.412847242443655,0.2215458551583838,급등,비급등,해당기간 관측 통합; AUC는 동월 지역쌍 가중
서울25구,급등,E_M,Random Forest,Y3,TH_v11,향후6개월 U>연초학습85%분위(0이상),2020,300,0.37,0.9411764705882353,0.20512820512820512,0.3368421052631579,0.368421052631579,0.5798368298368298,0.25301204819277107,0.9545454545454546,0.4,,,,234.0,66.0,51.0,48.0,3.0,186.0,63.0,0.0,0.5885416666666666,6.0,0.6414788914788916,0.868342188241134,급등,비급등,해당기간 관측 통합; AUC는 동월 지역쌍 가중
서울25구,급등,E_M,Random Forest,Y3,TH_v11,향후6개월 U>연초학습85%분위(0이상),2021,300,0.49333333333333335,0.9212598425196851,0.4517374517374517,0.6062176165803109,0.44796862137426763,0.6039175063565307,0.1791907514450867,0.7560975609756098,0.2897196261682243,,,,259.0,41.0,127.0,117.0,10.0,142.0,31.0,0.0,0.7401477832512315,12.0,0.6585365853658537,0.9259355461328711,급등,비급등,해당기간 관측 통합; AUC는 동월 지역쌍 가중
서울25구,급등,E_M,Random Forest,Y3,TH_v11,향후6개월 U>연초학습85%분위(0이상),2022,300,0.8133333333333334,0.2692307692307692,0.1590909090909091,0.2,0.5471698113207547,0.5424360795454546,0.864963503649635,0.92578125,0.8943396226415095,,,,44.0,256.0,26.0,7.0,19.0,37.0,237.0,0.0,0.6255813953488372,9.0,0.618075284090909,0.19534133678702287,급등,비급등,해당기간 관측 통합; AUC는 동월 지역쌍 가중
서울25구,급등,E_M,Random Forest,Y3,TH_v11,향후6개월 U>연초학습85%분위(0이상),2023,300,0.72,,0.0,0.0,0.4186046511627907,0.5,0.72,1.0,0.8372093023255814,,,,84.0,216.0,0.0,0.0,0.0,84.0,216.0,0.0,0.5550541516245487,8.0,0.5882936507936508,0.3489754115222503,급등,비급등,해당기간 관측 통합; AUC는 동월 지역쌍 가중
서울25구,급등,E_M,Random Forest,Y3,TH_v11,향후6개월 U>연초학습85%분위(0이상),2024,300,0.61,0.7978142076502732,0.6460176991150443,0.7139364303178484,0.5506854926458352,0.5730088495575221,0.3162393162393162,0.5,0.387434554973822,,,,226.0,74.0,183.0,146.0,37.0,80.0,37.0,0.0,0.6522140221402214,12.0,0.5673283903372399,0.8128317641335123,급등,비급등,해당기간 관측 통합; AUC는 동월 지역쌍 가중
서울25구,급등,E_M,Random Forest,Y3,TH_v11,향후6개월 U>연초학습85%분위(0이상),2025,300,0.7333333333333333,0.7992424242424242,0.8865546218487395,0.8406374501992032,0.5121554597934792,0.5158579560856601,0.25,0.14516129032258066,0.1836734693877551,,,,238.0,62.0,264.0,211.0,53.0,27.0,9.0,0.0,0.6811764705882353,9.0,0.6182569802114394,0.8760914560880151,급등,비급등,해당기간 관측 통합; AUC는 동월 지역쌍 가중
서울25구,급락,E_M,Random Forest,Y4,TH_v11,향후6개월 D<연초학습15%분위(0이하),2018,300,0.5866666666666667,0.45555555555555555,0.35344827586206895,0.39805825242718446,0.5416687201222217,0.543571964017991,0.6428571428571429,0.7336956521739131,0.6852791878172588,,,,116.0,184.0,90.0,41.0,49.0,75.0,135.0,0.0,0.7154907975460123,12.0,0.6776143178410794,0.570056052932896,급락,비급락,해당기간 관측 통합; AUC는 동월 지역쌍 가중
서울25구,급락,E_M,Random Forest,Y4,TH_v11,향후6개월 D<연초학습15%분위(0이하),2019,300,0.5066666666666667,0.1527777777777778,0.4583333333333333,0.22916666666666666,0.43321078431372545,0.48710317460317465,0.8333333333333334,0.5158730158730159,0.6372549019607843,,,,48.0,252.0,144.0,22.0,122.0,26.0,130.0,0.0,0.7312252964426877,5.0,0.4692460317460318,0.2127610918123429,급락,비급락,해당기간 관측 통합; AUC는 동월 지역쌍 가중
서울25구,급락,E_M,Random Forest,Y4,TH_v11,향후6개월 D<연초학습15%분위(0이하),2020,300,1.0,,,,1.0,1.0,1.0,1.0,1.0,,,,0.0,300.0,0.0,0.0,0.0,0.0,300.0,0.0,,0.0,,,급락,비급락,해당기간 관측 통합; AUC는 동월 지역쌍 가중
서울25구,급락,E_M,Random Forest,Y4,TH_v11,향후6개월 D<연초학습15%분위(0이하),2021,300,1.0,,,,1.0,1.0,1.0,1.0,1.0,,,,0.0,300.0,0.0,0.0,0.0,0.0,300.0,0.0,,0.0,,,급락,비급락,해당기간 관측 통합; AUC는 동월 지역쌍 가중
서울25구,급락,E_M,Random Forest,Y4,TH_v11,향후6개월 D<연초학습15%분위(0이하),2022,300,0.6633333333333333,1.0,0.028846153846153848,0.056074766355140186,0.4256033060984626,0.5144230769230769,0.6599326599326599,1.0,0.795131845841785,,,,104.0,196.0,3.0,3.0,0.0,101.0,196.0,0.0,0.4790874524714829,5.0,0.6817602040816326,0.662905657920807,급락,비급락,해당기간 관측 통합; AUC는 동월 지역쌍 가중
서울25구,급락,E_M,Random Forest,Y4,TH_v11,향후6개월 D<연초학습15%분위(0이하),2023,300,0.3333333333333333,0.3017543859649123,0.9885057471264368,0.46236559139784944,0.29258630447085454,0.5271167233284766,0.9333333333333333,0.06572769953051644,0.12280701754385964,,,,87.0,213.0,285.0,86.0,199.0,1.0,14.0,0.0,0.7054794520547946,6.0,0.2641519615778965,0.19935699018185912,급락,비급락,해당기간 관측 통합; AUC는 동월 지역쌍 가중
서울25구,급락,E_M,Random Forest,Y4,TH_v11,향후6개월 D<연초학습15%분위(0이하),2024,300,1.0,,,,1.0,1.0,1.0,1.0,1.0,,,,0.0,300.0,0.0,0.0,0.0,0.0,300.0,0.0,,0.0,,,급락,비급락,해당기간 관측 통합; AUC는 동월 지역쌍 가중
서울25구,급락,E_M,Random Forest,Y4,TH_v11,향후6개월 D<연초학습15%분위(0이하),2025,300,1.0,,,,1.0,1.0,1.0,1.0,1.0,,,,0.0,300.0,0.0,0.0,0.0,0.0,300.0,0.0,,0.0,,,급락,비급락,해당기간 관측 통합; AUC는 동월 지역쌍 가중
서울25구,변화율,E_M,XGBoost,Y1,TH_v11,직전월 대비 향후6번째월 변화율(%p),2018,300,,,,,,,,,,0.3422709591956336,0.4909486786318591,0.04000347008142946,,,,,,,,,,,,,,,해당기간 관측 통합; AUC는 동월 지역쌍 가중
서울25구,변화율,E_M,XGBoost,Y1,TH_v11,직전월 대비 향후6번째월 변화율(%p),2019,300,,,,,,,,,,0.4601515350702517,0.6174942742578278,-0.49733107656841424,,,,,,,,,,,,,,,해당기간 관측 통합; AUC는 동월 지역쌍 가중
서울25구,변화율,E_M,XGBoost,Y1,TH_v11,직전월 대비 향후6번째월 변화율(%p),2020,300,,,,,,,,,,0.7862499567429084,0.9895774692192537,-1.9982795450944586,,,,,,,,,,,,,,,해당기간 관측 통합; AUC는 동월 지역쌍 가중
서울25구,변화율,E_M,XGBoost,Y1,TH_v11,직전월 대비 향후6번째월 변화율(%p),2021,300,,,,,,,,,,0.8532271420721683,1.1236477140844723,-1.545934432034135,,,,,,,,,,,,,,,해당기간 관측 통합; AUC는 동월 지역쌍 가중
서울25구,변화율,E_M,XGBoost,Y1,TH_v11,직전월 대비 향후6번째월 변화율(%p),2022,300,,,,,,,,,,0.8326272850201715,1.3630494977611363,0.0010868967885263592,,,,,,,,,,,,,,,해당기간 관측 통합; AUC는 동월 지역쌍 가중
서울25구,변화율,E_M,XGBoost,Y1,TH_v11,직전월 대비 향후6번째월 변화율(%p),2023,300,,,,,,,,,,1.4217989065367704,1.7017649706981344,-1.2325582654002734,,,,,,,,,,,,,,,해당기간 관측 통합; AUC는 동월 지역쌍 가중
서울25구,변화율,E_M,XGBoost,Y1,TH_v11,직전월 대비 향후6번째월 변화율(%p),2024,300,,,,,,,,,,0.6818035065107004,0.8605717621373534,-0.5026015293777228,,,,,,,,,,,,,,,해당기간 관측 통합; AUC는 동월 지역쌍 가중
서울25구,변화율,E_M,XGBoost,Y1,TH_v11,직전월 대비 향후6번째월 변화율(%p),2025,300,,,,,,,,,,1.403029875421292,1.872244634800836,-0.6339149479976764,,,,,,,,,,,,,,,해당기간 관측 통합; AUC는 동월 지역쌍 가중
서울25구,방향,E_M,XGBoost,Y2,TH_v11,양수 상승/음수 하락; 실제0%는 Y2만 제외,2018,300,0.5533333333333333,0.436241610738255,0.5652173913043478,0.49242424242424243,0.5468073593073592,0.5555816686251469,0.6688741721854304,0.5459459459459459,0.6011904761904762,,,,115.0,185.0,149.0,65.0,84.0,50.0,101.0,0.0,0.6544321329639889,12.0,0.5996474735605171,0.49208640141929466,상승,하락,해당기간 관측 통합; AUC는 동월 지역쌍 가중
서울25구,방향,E_M,XGBoost,Y2,TH_v11,양수 상승/음수 하락; 실제0%는 Y2만 제외,2019,300,0.38,0.49056603773584906,0.14054054054054055,0.2184873949579832,0.3523376201309253,0.4528789659224442,0.3562753036437247,0.7652173913043478,0.4861878453038674,,,,185.0,115.0,53.0,26.0,27.0,159.0,88.0,0.0,0.528,12.0,0.4188249118683901,0.563281475372944,상승,하락,해당기간 관측 통합; AUC는 동월 지역쌍 가중
서울25구,방향,E_M,XGBoost,Y2,TH_v11,양수 상승/음수 하락; 실제0%는 Y2만 제외,2020,300,0.8733333333333333,0.981203007518797,0.8877551020408163,0.9321428571428572,0.4910714285714286,0.5272108843537415,0.029411764705882353,0.16666666666666666,0.05,,,,294.0,6.0,266.0,261.0,5.0,33.0,1.0,0.0,0.7352941176470589,3.0,0.5850340136054422,0.9855694021563408,상승,하락,해당기간 관측 통합; AUC는 동월 지역쌍 가중
서울25구,방향,E_M,XGBoost,Y2,TH_v11,양수 상승/음수 하락; 실제0%는 Y2만 제외,2021,300,1.0,1.0,1.0,1.0,1.0,1.0,,,,,,,300.0,0.0,300.0,300.0,0.0,0.0,0.0,0.0,,0.0,,,상승,하락,해당기간 관측 통합; AUC는 동월 지역쌍 가중
서울25구,방향,E_M,XGBoost,Y2,TH_v11,양수 상승/음수 하락; 실제0%는 Y2만 제외,2022,300,0.5933333333333334,0.5906040268456376,1.0,0.7426160337552743,0.387181032750653,0.5080645161290323,1.0,0.016129032258064516,0.031746031746031744,,,,176.0,124.0,298.0,176.0,122.0,0.0,2.0,0.0,0.5414937759336099,6.0,0.3494318181818181,0.47488751378446575,상승,하락,해당기간 관측 통합; AUC는 동월 지역쌍 가중
서울25구,방향,E_M,XGBoost,Y2,TH_v11,양수 상승/음수 하락; 실제0%는 Y2만 제외,2023,300,0.38,1.0,0.11848341232227488,0.211864406779661,0.350437697895325,0.5592417061611374,0.3236363636363636,1.0,0.489010989010989,,,,211.0,89.0,25.0,25.0,0.0,186.0,89.0,0.0,0.6058823529411764,8.0,0.39991479844507166,0.7263603692854432,상승,하락,해당기간 관측 통합; AUC는 동월 지역쌍 가중
서울25구,방향,E_M,XGBoost,Y2,TH_v11,양수 상승/음수 하락; 실제0%는 Y2만 제외,2024,300,0.9966666666666667,0.9966666666666667,1.0,0.998330550918197,0.4991652754590985,0.5,,0.0,0.0,,,,299.0,1.0,300.0,299.0,1.0,0.0,0.0,0.0,0.9166666666666666,1.0,0.8394648829431438,0.9994179387519944,상승,하락,해당기간 관측 통합; AUC는 동월 지역쌍 가중
서울25구,방향,E_M,XGBoost,Y2,TH_v11,양수 상승/음수 하락; 실제0%는 Y2만 제외,2025,300,1.0,1.0,1.0,1.0,1.0,1.0,,,,,,,300.0,0.0,300.0,300.0,0.0,0.0,0.0,0.0,,0.0,,,상승,하락,해당기간 관측 통합; AUC는 동월 지역쌍 가중
서울25구,급등,E_M,XGBoost,Y3,TH_v11,향후6개월 U>연초학습85%분위(0이상),2018,300,0.78,0.29411764705882354,0.3333333333333333,0.3125,0.5907738095238095,0.596078431372549,0.8795180722891566,0.8588235294117647,0.8690476190476191,,,,45.0,255.0,51.0,15.0,36.0,30.0,219.0,0.0,0.5925480769230769,9.0,0.6392156862745098,0.243087083845828,급등,비급등,해당기간 관측 통합; AUC는 동월 지역쌍 가중
서울25구,급등,E_M,XGBoost,Y3,TH_v11,향후6개월 U>연초학습85%분위(0이상),2019,300,0.67,0.15625,0.06493506493506493,0.09174311926605505,0.44505689568190737,0.4719294158756042,0.7313432835820896,0.8789237668161435,0.7983706720977597,,,,77.0,223.0,32.0,5.0,27.0,72.0,196.0,0.0,0.6346534653465347,8.0,0.3673053403995108,0.20486210735836807,급등,비급등,해당기간 관측 통합; AUC는 동월 지역쌍 가중
서울25구,급등,E_M,XGBoost,Y3,TH_v11,향후6개월 U>연초학습85%분위(0이상),2020,300,0.5233333333333333,0.8527131782945736,0.4700854700854701,0.6060606060606061,0.5013425393172228,0.5911033411033411,0.27485380116959063,0.7121212121212122,0.39662447257383965,,,,234.0,66.0,129.0,110.0,19.0,124.0,47.0,0.0,0.6875,6.0,0.6130536130536131,0.8593983647711199,급등,비급등,해당기간 관측 통합; AUC는 동월 지역쌍 가중
서울25구,급등,E_M,XGBoost,Y3,TH_v11,향후6개월 U>연초학습85%분위(0이상),2021,300,0.5133333333333333,0.869281045751634,0.5135135135135135,0.6456310679611651,0.43451766164015704,0.5128543177323666,0.14285714285714285,0.5121951219512195,0.22340425531914893,,,,259.0,41.0,153.0,133.0,20.0,126.0,21.0,0.0,0.687192118226601,12.0,0.53498446181373,0.8859371447648056,급등,비급등,해당기간 관측 통합; AUC는 동월 지역쌍 가중
서울25구,급등,E_M,XGBoost,Y3,TH_v11,향후6개월 U>연초학습85%분위(0이상),2022,300,0.84,0.0,0.0,0.0,0.45652173913043476,0.4921875,0.8513513513513513,0.984375,0.9130434782608695,,,,44.0,256.0,4.0,0.0,4.0,44.0,252.0,0.0,0.6127906976744186,9.0,0.5347123579545454,0.14880712677018515,급등,비급등,해당기간 관측 통합; AUC는 동월 지역쌍 가중
서울25구,급등,E_M,XGBoost,Y3,TH_v11,향후6개월 U>연초학습85%분위(0이상),2023,300,0.72,,0.0,0.0,0.4186046511627907,0.5,0.72,1.0,0.8372093023255814,,,,84.0,216.0,0.0,0.0,0.0,84.0,216.0,0.0,0.4954873646209386,8.0,0.6604938271604939,0.4458550135312505,급등,비급등,해당기간 관측 통합; AUC는 동월 지역쌍 가중
서울25구,급등,E_M,XGBoost,Y3,TH_v11,향후6개월 U>연초학습85%분위(0이상),2024,300,0.6033333333333334,0.7316017316017316,0.7477876106194691,0.7396061269146609,0.45371914737341434,0.4549748863908156,0.17391304347826086,0.16216216216216217,0.16783216783216784,,,,226.0,74.0,231.0,169.0,62.0,57.0,12.0,0.0,0.5931734317343174,12.0,0.4380232001913418,0.7640900205531851,급등,비급등,해당기간 관측 통합; AUC는 동월 지역쌍 가중
서울25구,급등,E_M,XGBoost,Y3,TH_v11,향후6개월 U>연초학습85%분위(0이상),2025,300,0.7933333333333333,0.7972972972972973,0.9915966386554622,0.8838951310861424,0.4722505958461015,0.5119273515857956,0.5,0.03225806451612903,0.06060606060606061,,,,238.0,62.0,296.0,236.0,60.0,2.0,2.0,0.0,0.7423529411764705,9.0,0.658715098942803,0.875854956283114,급등,비급등,해당기간 관측 통합; AUC는 동월 지역쌍 가중
서울25구,급락,E_M,XGBoost,Y4,TH_v11,향후6개월 D<연초학습15%분위(0이하),2018,300,0.6033333333333334,0.4864864864864865,0.46551724137931033,0.47577092511013214,0.5783680362816076,0.5778673163418291,0.671957671957672,0.6902173913043478,0.6809651474530831,,,,116.0,184.0,111.0,54.0,57.0,62.0,127.0,0.0,0.6840490797546013,12.0,0.6685251124437781,0.5615805027456849,급락,비급락,해당기간 관측 통합; AUC는 동월 지역쌍 가중
서울25구,급락,E_M,XGBoost,Y4,TH_v11,향후6개월 D<연초학습15%분위(0이하),2019,300,0.42,0.13372093023255813,0.4791666666666667,0.20909090909090908,0.37559808612440193,0.4439484126984127,0.8046875,0.4087301587301587,0.5421052631578948,,,,48.0,252.0,172.0,23.0,149.0,25.0,103.0,0.0,0.7312252964426877,5.0,0.41054894179894175,0.16033643568867995,급락,비급락,해당기간 관측 통합; AUC는 동월 지역쌍 가중
서울25구,급락,E_M,XGBoost,Y4,TH_v11,향후6개월 D<연초학습15%분위(0이하),2020,300,0.9766666666666667,0.0,,0.0,0.49409780775716694,0.9766666666666667,1.0,0.9766666666666667,0.9881956155143339,,,,0.0,300.0,7.0,0.0,7.0,0.0,293.0,0.0,,0.0,,,급락,비급락,해당기간 관측 통합; AUC는 동월 지역쌍 가중
서울25구,급락,E_M,XGBoost,Y4,TH_v11,향후6개월 D<연초학습15%분위(0이하),2021,300,1.0,,,,1.0,1.0,1.0,1.0,1.0,,,,0.0,300.0,0.0,0.0,0.0,0.0,300.0,0.0,,0.0,,,급락,비급락,해당기간 관측 통합; AUC는 동월 지역쌍 가중
서울25구,급락,E_M,XGBoost,Y4,TH_v11,향후6개월 D<연초학습15%분위(0이하),2022,300,0.6566666666666666,1.0,0.009615384615384616,0.01904761904761905,0.4054834054834055,0.5048076923076923,0.6555183946488294,1.0,0.7919191919191919,,,,104.0,196.0,1.0,1.0,0.0,103.0,196.0,0.0,0.31368821292775667,5.0,0.5368426216640503,0.4876128664377196,급락,비급락,해당기간 관측 통합; AUC는 동월 지역쌍 가중
서울25구,급락,E_M,XGBoost,Y4,TH_v11,향후6개월 D<연초학습15%분위(0이하),2023,300,0.37,0.31386861313868614,0.9885057471264368,0.47645429362880887,0.3428296572746555,0.5529383195726081,0.9615384615384616,0.11737089201877934,0.20920502092050208,,,,87.0,213.0,274.0,86.0,188.0,1.0,25.0,0.0,0.5582191780821918,6.0,0.26817225190221794,0.1974636396593401,급락,비급락,해당기간 관측 통합; AUC는 동월 지역쌍 가중
서울25구,급락,E_M,XGBoost,Y4,TH_v11,향후6개월 D<연초학습15%분위(0이하),2024,300,1.0,,,,1.0,1.0,1.0,1.0,1.0,,,,0.0,300.0,0.0,0.0,0.0,0.0,300.0,0.0,,0.0,,,급락,비급락,해당기간 관측 통합; AUC는 동월 지역쌍 가중
서울25구,급락,E_M,XGBoost,Y4,TH_v11,향후6개월 D<연초학습15%분위(0이하),2025,300,1.0,,,,1.0,1.0,1.0,1.0,1.0,,,,0.0,300.0,0.0,0.0,0.0,0.0,300.0,0.0,,0.0,,,급락,비급락,해당기간 관측 통합; AUC는 동월 지역쌍 가중
서울25구,방향,Regression_sign,Extra Trees,Y2,TH_v11,양수 상승/음수 하락; 실제0%는 Y2만 제외,2018,300,0.5766666666666667,0.43333333333333335,0.3391304347826087,0.3804878048780488,0.5294844087681383,0.5317273795534665,0.638095238095238,0.7243243243243244,0.6784810126582278,,,,115.0,185.0,90.0,39.0,51.0,76.0,134.0,0.0,,0.0,,,상승,하락,해당기간 관측 통합; AUC는 동월 지역쌍 가중
서울25구,방향,Regression_sign,Extra Trees,Y2,TH_v11,양수 상승/음수 하락; 실제0%는 Y2만 제외,2019,300,0.31666666666666665,0.045454545454545456,0.005405405405405406,0.00966183574879227,0.24401666851052844,0.4113983548766158,0.3381294964028777,0.8173913043478261,0.47837150127226463,,,,185.0,115.0,22.0,1.0,21.0,184.0,94.0,0.0,,0.0,,,상승,하락,해당기간 관측 통합; AUC는 동월 지역쌍 가중
서울25구,방향,Regression_sign,Extra Trees,Y2,TH_v11,양수 상승/음수 하락; 실제0%는 Y2만 제외,2020,300,0.75,0.995475113122172,0.7482993197278912,0.8543689320388349,0.48600799543118217,0.7908163265306123,0.06329113924050633,0.8333333333333334,0.11764705882352941,,,,294.0,6.0,221.0,220.0,1.0,74.0,5.0,0.0,,0.0,,,상승,하락,해당기간 관측 통합; AUC는 동월 지역쌍 가중
서울25구,방향,Regression_sign,Extra Trees,Y2,TH_v11,양수 상승/음수 하락; 실제0%는 Y2만 제외,2021,300,1.0,1.0,1.0,1.0,1.0,1.0,,,,,,,300.0,0.0,300.0,300.0,0.0,0.0,0.0,0.0,,0.0,,,상승,하락,해당기간 관측 통합; AUC는 동월 지역쌍 가중
서울25구,방향,Regression_sign,Extra Trees,Y2,TH_v11,양수 상승/음수 하락; 실제0%는 Y2만 제외,2022,300,0.5866666666666667,0.5866666666666667,1.0,0.7394957983193278,0.3697478991596639,0.5,,0.0,0.0,,,,176.0,124.0,300.0,176.0,124.0,0.0,0.0,0.0,,0.0,,,상승,하락,해당기간 관측 통합; AUC는 동월 지역쌍 가중
서울25구,방향,Regression_sign,Extra Trees,Y2,TH_v11,양수 상승/음수 하락; 실제0%는 Y2만 제외,2023,300,0.2,0.3644859813084112,0.1848341232227488,0.24528301886792453,0.19710959454034524,0.21039458970126204,0.10880829015544041,0.23595505617977527,0.14893617021276595,,,,211.0,89.0,107.0,39.0,68.0,172.0,21.0,0.0,,0.0,,,상승,하락,해당기간 관측 통합; AUC는 동월 지역쌍 가중
서울25구,방향,Regression_sign,Extra Trees,Y2,TH_v11,양수 상승/음수 하락; 실제0%는 Y2만 제외,2024,300,0.9966666666666667,0.9966666666666667,1.0,0.998330550918197,0.4991652754590985,0.5,,0.0,0.0,,,,299.0,1.0,300.0,299.0,1.0,0.0,0.0,0.0,,0.0,,,상승,하락,해당기간 관측 통합; AUC는 동월 지역쌍 가중
서울25구,방향,Regression_sign,Extra Trees,Y2,TH_v11,양수 상승/음수 하락; 실제0%는 Y2만 제외,2025,300,1.0,1.0,1.0,1.0,1.0,1.0,,,,,,,300.0,0.0,300.0,300.0,0.0,0.0,0.0,0.0,,0.0,,,상승,하락,해당기간 관측 통합; AUC는 동월 지역쌍 가중
서울25구,방향,Regression_sign,Logistic,Y2,TH_v11,양수 상승/음수 하락; 실제0%는 Y2만 제외,2018,300,0.5466666666666666,0.42758620689655175,0.5391304347826087,0.47692307692307695,0.5384615384615384,0.5452408930669801,0.6580645161290323,0.5513513513513514,0.6,,,,115.0,185.0,145.0,62.0,83.0,53.0,102.0,0.0,,0.0,,,상승,하락,해당기간 관측 통합; AUC는 동월 지역쌍 가중
서울25구,방향,Regression_sign,Logistic,Y2,TH_v11,양수 상승/음수 하락; 실제0%는 Y2만 제외,2019,300,0.22666666666666666,0.18666666666666668,0.07567567567567568,0.1076923076923077,0.21266968325791855,0.27262044653349005,0.24,0.46956521739130436,0.3176470588235294,,,,185.0,115.0,75.0,14.0,61.0,171.0,54.0,0.0,,0.0,,,상승,하락,해당기간 관측 통합; AUC는 동월 지역쌍 가중
서울25구,방향,Regression_sign,Logistic,Y2,TH_v11,양수 상승/음수 하락; 실제0%는 Y2만 제외,2020,300,0.77,1.0,0.7653061224489796,0.8670520231213873,0.5076000856347678,0.8826530612244898,0.08,1.0,0.14814814814814814,,,,294.0,6.0,225.0,225.0,0.0,69.0,6.0,0.0,,0.0,,,상승,하락,해당기간 관측 통합; AUC는 동월 지역쌍 가중
서울25구,방향,Regression_sign,Logistic,Y2,TH_v11,양수 상승/음수 하락; 실제0%는 Y2만 제외,2021,300,1.0,1.0,1.0,1.0,1.0,1.0,,,,,,,300.0,0.0,300.0,300.0,0.0,0.0,0.0,0.0,,0.0,,,상승,하락,해당기간 관측 통합; AUC는 동월 지역쌍 가중
서울25구,방향,Regression_sign,Logistic,Y2,TH_v11,양수 상승/음수 하락; 실제0%는 Y2만 제외,2022,300,0.88,0.9605263157894737,0.8295454545454546,0.8902439024390244,0.8789454806312769,0.8905791788856305,0.7972972972972973,0.9516129032258065,0.8676470588235294,,,,176.0,124.0,152.0,146.0,6.0,30.0,118.0,0.0,,0.0,,,상승,하락,해당기간 관측 통합; AUC는 동월 지역쌍 가중
서울25구,방향,Regression_sign,Logistic,Y2,TH_v11,양수 상승/음수 하락; 실제0%는 Y2만 제외,2023,300,0.5033333333333333,0.984375,0.2985781990521327,0.4581818181818182,0.4998601398601399,0.6436711219979765,0.3728813559322034,0.9887640449438202,0.5415384615384615,,,,211.0,89.0,64.0,63.0,1.0,148.0,88.0,0.0,,0.0,,,상승,하락,해당기간 관측 통합; AUC는 동월 지역쌍 가중
서울25구,방향,Regression_sign,Logistic,Y2,TH_v11,양수 상승/음수 하락; 실제0%는 Y2만 제외,2024,300,0.9866666666666667,0.9966329966329966,0.9899665551839465,0.9932885906040269,0.4966442953020134,0.49498327759197325,0.0,0.0,0.0,,,,299.0,1.0,297.0,296.0,1.0,3.0,0.0,0.0,,0.0,,,상승,하락,해당기간 관측 통합; AUC는 동월 지역쌍 가중
서울25구,방향,Regression_sign,Logistic,Y2,TH_v11,양수 상승/음수 하락; 실제0%는 Y2만 제외,2025,300,0.9966666666666667,1.0,0.9966666666666667,0.998330550918197,0.4991652754590985,0.9966666666666667,0.0,,0.0,,,,300.0,0.0,299.0,299.0,0.0,1.0,0.0,0.0,,0.0,,,상승,하락,해당기간 관측 통합; AUC는 동월 지역쌍 가중
서울25구,방향,Regression_sign,Random Forest,Y2,TH_v11,양수 상승/음수 하락; 실제0%는 Y2만 제외,2018,300,0.5933333333333334,0.46956521739130436,0.46956521739130436,0.46956521739130436,0.5699177438307873,0.5699177438307873,0.6702702702702703,0.6702702702702703,0.6702702702702703,,,,115.0,185.0,115.0,54.0,61.0,61.0,124.0,0.0,,0.0,,,상승,하락,해당기간 관측 통합; AUC는 동월 지역쌍 가중
서울25구,방향,Regression_sign,Random Forest,Y2,TH_v11,양수 상승/음수 하락; 실제0%는 Y2만 제외,2019,300,0.3333333333333333,0.058823529411764705,0.005405405405405406,0.009900990099009901,0.25369421364246975,0.4331374853113984,0.3498233215547703,0.8608695652173913,0.49748743718592964,,,,185.0,115.0,17.0,1.0,16.0,184.0,99.0,0.0,,0.0,,,상승,하락,해당기간 관측 통합; AUC는 동월 지역쌍 가중
서울25구,방향,Regression_sign,Random Forest,Y2,TH_v11,양수 상승/음수 하락; 실제0%는 Y2만 제외,2020,300,0.7866666666666666,0.9791666666666666,0.7993197278911565,0.8801498127340824,0.45522642151855636,0.48299319727891155,0.016666666666666666,0.16666666666666666,0.030303030303030304,,,,294.0,6.0,240.0,235.0,5.0,59.0,1.0,0.0,,0.0,,,상승,하락,해당기간 관측 통합; AUC는 동월 지역쌍 가중
서울25구,방향,Regression_sign,Random Forest,Y2,TH_v11,양수 상승/음수 하락; 실제0%는 Y2만 제외,2021,300,0.8566666666666667,1.0,0.8566666666666667,0.9228007181328546,0.4614003590664273,0.8566666666666667,0.0,,0.0,,,,300.0,0.0,257.0,257.0,0.0,43.0,0.0,0.0,,0.0,,,상승,하락,해당기간 관측 통합; AUC는 동월 지역쌍 가중
서울25구,방향,Regression_sign,Random Forest,Y2,TH_v11,양수 상승/음수 하락; 실제0%는 Y2만 제외,2022,300,0.5966666666666667,0.6045627376425855,0.9034090909090909,0.724373576309795,0.4864103906393696,0.532349706744868,0.5405405405405406,0.16129032258064516,0.2484472049689441,,,,176.0,124.0,263.0,159.0,104.0,17.0,20.0,0.0,,0.0,,,상승,하락,해당기간 관측 통합; AUC는 동월 지역쌍 가중
서울25구,방향,Regression_sign,Random Forest,Y2,TH_v11,양수 상승/음수 하락; 실제0%는 Y2만 제외,2023,300,0.39666666666666667,0.8409090909090909,0.17535545023696683,0.2901960784313726,0.38277919863597615,0.5483518824218542,0.3203125,0.9213483146067416,0.4753623188405797,,,,211.0,89.0,44.0,37.0,7.0,174.0,82.0,0.0,,0.0,,,상승,하락,해당기간 관측 통합; AUC는 동월 지역쌍 가중
서울25구,방향,Regression_sign,Random Forest,Y2,TH_v11,양수 상승/음수 하락; 실제0%는 Y2만 제외,2024,300,0.9966666666666667,0.9966666666666667,1.0,0.998330550918197,0.4991652754590985,0.5,,0.0,0.0,,,,299.0,1.0,300.0,299.0,1.0,0.0,0.0,0.0,,0.0,,,상승,하락,해당기간 관측 통합; AUC는 동월 지역쌍 가중
서울25구,방향,Regression_sign,Random Forest,Y2,TH_v11,양수 상승/음수 하락; 실제0%는 Y2만 제외,2025,300,1.0,1.0,1.0,1.0,1.0,1.0,,,,,,,300.0,0.0,300.0,300.0,0.0,0.0,0.0,0.0,,0.0,,,상승,하락,해당기간 관측 통합; AUC는 동월 지역쌍 가중
서울25구,방향,Regression_sign,XGBoost,Y2,TH_v11,양수 상승/음수 하락; 실제0%는 Y2만 제외,2018,300,0.5833333333333334,0.45,0.391304347826087,0.4186046511627907,0.546964663243733,0.5470035252643949,0.65,0.7027027027027027,0.6753246753246753,,,,115.0,185.0,100.0,45.0,55.0,70.0,130.0,0.0,,0.0,,,상승,하락,해당기간 관측 통합; AUC는 동월 지역쌍 가중
서울25구,방향,Regression_sign,XGBoost,Y2,TH_v11,양수 상승/음수 하락; 실제0%는 Y2만 제외,2019,300,0.35,0.3611111111111111,0.07027027027027027,0.11764705882352941,0.30156759273630296,0.43513513513513513,0.3484848484848485,0.8,0.48548812664907653,,,,185.0,115.0,36.0,13.0,23.0,172.0,92.0,0.0,,0.0,,,상승,하락,해당기간 관측 통합; AUC는 동월 지역쌍 가중
서울25구,방향,Regression_sign,XGBoost,Y2,TH_v11,양수 상승/음수 하락; 실제0%는 Y2만 제외,2020,300,0.67,0.9802955665024631,0.6768707482993197,0.8008048289738431,0.4198198902150769,0.5051020408163265,0.020618556701030927,0.3333333333333333,0.038834951456310676,,,,294.0,6.0,203.0,199.0,4.0,95.0,2.0,0.0,,0.0,,,상승,하락,해당기간 관측 통합; AUC는 동월 지역쌍 가중
서울25구,방향,Regression_sign,XGBoost,Y2,TH_v11,양수 상승/음수 하락; 실제0%는 Y2만 제외,2021,300,0.85,1.0,0.85,0.918918918918919,0.4594594594594595,0.85,0.0,,0.0,,,,300.0,0.0,255.0,255.0,0.0,45.0,0.0,0.0,,0.0,,,상승,하락,해당기간 관측 통합; AUC는 동월 지역쌍 가중
서울25구,방향,Regression_sign,XGBoost,Y2,TH_v11,양수 상승/음수 하락; 실제0%는 Y2만 제외,2022,300,0.7,0.7067307692307693,0.8352272727272727,0.765625,0.6744791666666667,0.6716458944281525,0.6847826086956522,0.5080645161290323,0.5833333333333334,,,,176.0,124.0,208.0,147.0,61.0,29.0,63.0,0.0,,0.0,,,상승,하락,해당기간 관측 통합; AUC는 동월 지역쌍 가중
서울25구,방향,Regression_sign,XGBoost,Y2,TH_v11,양수 상승/음수 하락; 실제0%는 Y2만 제외,2023,300,0.43333333333333335,1.0,0.1943127962085308,0.3253968253968254,0.41844553913519433,0.5971563981042654,0.3436293436293436,1.0,0.5114942528735632,,,,211.0,89.0,41.0,41.0,0.0,170.0,89.0,0.0,,0.0,,,상승,하락,해당기간 관측 통합; AUC는 동월 지역쌍 가중
서울25구,방향,Regression_sign,XGBoost,Y2,TH_v11,양수 상승/음수 하락; 실제0%는 Y2만 제외,2024,300,0.9966666666666667,0.9966666666666667,1.0,0.998330550918197,0.4991652754590985,0.5,,0.0,0.0,,,,299.0,1.0,300.0,299.0,1.0,0.0,0.0,0.0,,0.0,,,상승,하락,해당기간 관측 통합; AUC는 동월 지역쌍 가중
서울25구,방향,Regression_sign,XGBoost,Y2,TH_v11,양수 상승/음수 하락; 실제0%는 Y2만 제외,2025,300,1.0,1.0,1.0,1.0,1.0,1.0,,,,,,,300.0,0.0,300.0,300.0,0.0,0.0,0.0,0.0,,0.0,,,상승,하락,해당기간 관측 통합; AUC는 동월 지역쌍 가중
