광역지자체,자치구,연월,전세건수,전세평균보증금(만원),전세중위보증금(만원),전세평균전용면적(㎡),월세건수,월세평균보증금(만원),월세평균월세(만원),월세평균전용면적(㎡),전월세전환율(연%),평균환산월세(만원),㎡당환산월세(만원),중위㎡당환산월세(만원),보증금기여율(%),계약구분기록여부
서울,강남구,2011-01,1282,37520.6,33750.0,84.47,314,12486.6,134.0,72.03,7.5,212.02,2.9436,2.7763,36.8,Y
서울,강남구,2011-02,1237,36450.6,33000.0,83.85,305,10900.8,116.7,67.94,7.5,184.84,2.7206,2.5597,36.9,Y
서울,강남구,2011-03,1176,34108.9,30000.0,79.85,325,10556.9,124.1,67.94,7.5,190.03,2.7972,2.6002,34.7,Y
서울,강남구,2011-04,1008,34960.7,32000.0,81.5,237,9185.9,121.7,65.05,7.5,179.08,2.7528,2.5872,32.1,Y
서울,강남구,2011-05,965,37601.9,34000.0,85.7,235,12366.0,116.4,68.71,7.5,193.73,2.8196,2.7302,39.9,Y
서울,강남구,2011-06,1074,38082.1,34000.0,85.32,266,12832.0,134.7,72.2,7.5,214.85,2.9759,2.7129,37.3,Y
서울,강남구,2011-07,1076,38081.5,35000.0,84.25,278,13040.6,116.2,72.04,7.5,197.67,2.7438,2.609,41.2,Y
서울,강남구,2011-08,959,37921.1,35000.0,83.87,284,12176.8,128.7,67.76,7.481,204.6,3.0193,2.9055,37.1,Y
서울,강남구,2011-09,800,39287.4,36250.0,85.1,272,13401.2,136.5,73.44,7.5,220.3,2.9996,2.797,38.0,Y
서울,강남구,2011-10,857,37603.3,35000.0,80.11,273,13776.2,124.3,71.92,7.495,210.36,2.9252,2.7946,40.9,Y
서울,강남구,2011-11,890,41978.1,38000.0,86.25,219,12392.2,128.0,69.27,7.4,204.45,2.9515,2.775,37.4,Y
서울,강남구,2011-12,1114,42260.9,38000.0,85.98,257,15337.4,119.5,71.68,7.233,211.97,2.957,2.7658,43.6,Y
서울,강남구,2012-01,1112,41019.4,36500.0,83.96,269,13990.0,142.2,72.08,7.188,225.97,3.1349,3.1754,37.1,Y
서울,강남구,2012-02,1297,41029.5,35000.0,86.37,325,11469.5,125.4,69.22,7.136,193.56,2.7962,2.6528,35.2,Y
서울,강남구,2012-03,996,37207.5,33000.0,80.72,301,11425.6,121.4,67.6,7.187,189.86,2.8085,2.6662,36.0,Y
서울,강남구,2012-04,828,37269.4,32250.0,81.68,264,10669.5,115.1,66.73,7.192,179.04,2.6829,2.519,35.7,Y
서울,강남구,2012-05,861,39500.1,34000.0,85.46,229,8551.5,136.6,66.56,7.139,187.49,2.817,2.7038,27.1,Y
서울,강남구,2012-06,921,39717.8,35000.0,84.13,227,10824.7,127.0,69.3,7.172,191.66,2.7656,2.6141,33.8,Y
서울,강남구,2012-07,742,38047.7,35000.0,82.36,236,9865.3,133.5,68.95,7.125,192.11,2.7862,2.687,30.5,Y
서울,강남구,2012-08,822,38339.9,33500.0,82.77,202,11683.2,122.6,67.07,7.076,191.49,2.8549,2.7086,36.0,Y
서울,강남구,2012-09,820,39274.4,35000.0,83.63,238,10028.6,135.9,67.49,7.1,195.27,2.8932,2.61,30.4,Y
서울,강남구,2012-10,967,39577.4,35000.0,83.04,260,10878.8,123.8,69.7,7.163,188.69,2.707,2.5836,34.4,Y
서울,강남구,2012-11,981,42395.5,38000.0,86.54,264,12593.0,129.4,70.81,7.088,203.78,2.8781,2.802,36.5,Y
서울,강남구,2012-12,1222,43588.1,38500.0,86.08,274,14331.0,126.4,73.96,6.977,209.72,2.8356,2.6856,39.7,Y
서울,강남구,2013-01,1081,40894.0,36000.0,82.33,353,13721.0,127.4,72.91,6.916,206.46,2.8315,2.6285,38.3,Y
서울,강남구,2013-02,1128,41014.8,36000.0,83.8,327,13173.9,114.6,67.21,6.798,189.25,2.8157,2.6953,39.4,Y
서울,강남구,2013-03,1030,39190.4,35000.0,81.38,347,12079.8,109.9,65.45,6.648,176.8,2.7014,2.5749,37.9,Y
서울,강남구,2013-04,855,39926.2,36000.0,84.24,305,10214.0,122.9,67.04,6.605,179.12,2.672,2.5841,31.4,Y
서울,강남구,2013-05,883,41576.6,37000.0,84.31,307,13305.4,120.1,70.37,6.581,193.09,2.744,2.6435,37.8,Y
서울,강남구,2013-06,927,41332.7,37000.0,84.63,321,14737.7,122.5,72.16,6.545,202.86,2.8113,2.581,39.6,Y
서울,강남구,2013-07,844,41128.2,37750.0,84.89,319,15671.5,118.4,73.37,6.476,202.97,2.7665,2.6422,41.7,Y
서울,강남구,2013-08,699,41122.8,36000.0,83.73,313,15362.8,118.9,71.59,6.387,200.68,2.8031,2.5639,40.7,Y
서울,강남구,2013-09,639,41802.2,37000.0,84.6,288,19143.0,113.1,74.77,6.375,214.83,2.8731,2.6887,47.3,Y
서울,강남구,2013-10,845,45184.3,39000.0,86.27,408,17943.8,126.0,72.86,6.367,221.18,3.0358,2.8419,43.0,Y
서울,강남구,2013-11,776,47213.9,43000.0,87.79,380,21550.5,126.3,75.42,6.231,238.24,3.1591,3.0191,47.0,Y
서울,강남구,2013-12,928,49902.2,45000.0,89.92,458,24510.3,118.9,81.68,6.078,243.05,2.9756,2.8383,51.1,Y
서울,강남구,2014-01,958,47264.3,42000.0,87.55,438,21522.0,111.0,75.06,6.0,218.57,2.9121,2.7827,49.2,Y
서울,강남구,2014-02,1030,45614.0,42000.0,84.66,439,19989.7,117.5,73.57,5.92,216.1,2.9374,2.7458,45.6,Y
서울,강남구,2014-03,1024,45903.9,42000.0,84.44,362,16790.6,113.3,68.66,5.825,194.82,2.8373,2.745,41.8,Y
서울,강남구,2014-04,994,42932.1,38000.0,82.52,331,17508.7,106.7,70.0,5.827,191.74,2.739,2.6197,44.3,Y
서울,강남구,2014-05,900,44276.9,40000.0,83.1,345,19419.4,113.1,73.52,5.825,207.41,2.8211,2.694,45.5,Y
서울,강남구,2014-06,910,46724.4,43000.0,84.71,301,17754.8,116.5,73.32,5.831,202.8,2.7659,2.5633,42.5,Y
서울,강남구,2014-07,938,46010.2,42250.0,84.92,382,17174.5,123.3,73.5,5.838,206.89,2.8151,2.7003,40.4,Y
서울,강남구,2014-08,982,45032.0,42000.0,84.21,377,18353.6,110.5,71.01,5.866,200.25,2.82,2.6104,44.8,Y
서울,강남구,2014-09,854,45651.9,43000.0,84.04,358,20862.4,125.4,77.6,5.838,226.86,2.9233,2.7128,44.7,Y
서울,강남구,2014-10,971,46850.8,43000.0,84.54,452,25014.8,109.8,79.01,5.829,231.27,2.9272,2.6679,52.5,Y
서울,강남구,2014-11,896,50632.4,46000.0,87.95,625,24199.9,98.1,78.33,5.697,213.03,2.7198,2.542,53.9,Y
서울,강남구,2014-12,1082,52011.4,47000.0,88.52,566,28984.7,104.3,79.73,5.651,240.82,3.0205,2.8427,56.7,Y
서울,강남구,2015-01,1117,49413.7,45000.0,84.57,676,24140.8,111.1,76.45,5.617,224.07,2.9308,2.7277,50.4,Y
서울,강남구,2015-02,997,49574.3,45000.0,84.43,557,24322.2,102.3,75.58,5.5,213.79,2.8287,2.6134,52.1,Y
서울,강남구,2015-03,948,48893.4,46000.0,83.25,613,25578.0,107.9,76.84,5.455,224.2,2.9176,2.7657,51.9,Y
서울,강남구,2015-04,820,48993.9,45000.0,82.71,528,26837.7,117.8,78.39,5.355,237.53,3.0303,2.7733,50.4,Y
서울,강남구,2015-05,716,49133.0,46000.0,81.7,483,27434.1,111.8,79.85,5.275,232.36,2.9098,2.7525,51.9,Y
서울,강남구,2015-06,683,51423.4,48000.0,84.63,494,27817.9,114.2,79.57,5.194,234.62,2.9484,2.8327,51.3,Y
서울,강남구,2015-07,766,48824.7,47000.0,80.15,565,25543.2,99.1,75.76,5.127,208.25,2.7488,2.6635,52.4,Y
서울,강남구,2015-08,701,51646.6,48000.0,83.21,476,25711.3,110.7,76.34,5.0,217.8,2.8529,2.6709,49.2,Y
서울,강남구,2015-09,559,53621.6,51000.0,83.81,409,28063.9,100.3,76.16,4.899,214.88,2.8213,2.5866,53.3,Y
서울,강남구,2015-10,829,54610.2,50000.0,82.53,629,27726.0,107.3,76.22,4.8,218.17,2.8625,2.6267,50.8,Y
서울,강남구,2015-11,708,59709.3,55000.0,87.76,553,30911.0,112.9,81.93,4.765,235.65,2.8763,2.7134,52.1,Y
서울,강남구,2015-12,811,58617.6,54000.0,85.51,713,32036.0,109.4,80.84,4.615,232.62,2.8776,2.7602,53.0,Y
서울,강남구,2016-01,818,54656.7,50000.0,82.66,709,30389.4,105.1,77.2,4.5,219.01,2.8368,2.6902,52.0,Y
서울,강남구,2016-02,734,57950.7,52000.0,84.95,559,31220.3,105.5,80.25,4.445,221.17,2.756,2.6813,52.3,Y
서울,강남구,2016-03,754,52501.6,49000.0,81.2,551,27884.7,108.4,77.13,4.425,211.24,2.7388,2.5543,48.7,Y
서울,강남구,2016-04,679,54138.1,50000.0,82.06,447,30734.9,104.8,78.35,4.383,217.02,2.7698,2.6264,51.7,Y
서울,강남구,2016-05,899,49286.1,45000.0,81.15,485,30365.3,113.2,80.12,4.4,224.49,2.8019,2.6483,49.6,Y
서울,강남구,2016-06,687,58608.2,55000.0,86.71,406,31699.3,107.0,77.85,4.378,222.69,2.8603,2.7391,51.9,Y
서울,강남구,2016-07,773,58117.7,53000.0,85.79,424,30336.8,111.7,79.0,4.4,222.94,2.8222,2.6934,49.9,Y
서울,강남구,2016-08,757,56870.4,52000.0,84.37,415,29912.7,114.2,80.11,4.4,223.85,2.7943,2.6277,49.0,Y
서울,강남구,2016-09,698,55252.3,53000.0,82.82,392,33020.0,115.8,85.57,4.385,236.5,2.7639,2.6067,51.0,Y
서울,강남구,2016-10,894,58429.1,53000.0,85.55,542,35380.8,117.5,85.09,4.327,245.03,2.8795,2.7177,52.1,Y
서울,강남구,2016-11,839,62399.2,55000.0,88.65,578,32681.5,104.3,83.13,4.267,220.52,2.6528,2.4465,52.7,Y
서울,강남구,2016-12,1090,61383.4,55000.0,88.49,647,37503.1,113.2,86.0,4.243,245.79,2.858,2.7793,54.0,Y
서울,강남구,2017-01,775,61307.5,55000.0,87.71,518,32642.2,109.7,80.88,4.235,224.88,2.7805,2.6387,51.2,Y
서울,강남구,2017-02,918,58964.4,52000.0,85.96,590,31242.9,107.6,79.48,4.191,216.69,2.7264,2.5605,50.4,Y
서울,강남구,2017-03,747,57132.9,51000.0,83.16,482,28432.4,104.9,76.86,4.174,203.81,2.6515,2.5443,48.5,Y
서울,강남구,2017-04,716,56029.6,54000.0,82.32,402,28546.8,108.3,78.17,4.147,207.0,2.648,2.4844,47.7,Y
서울,강남구,2017-05,711,58497.6,54000.0,83.07,420,27860.6,120.2,80.34,4.152,216.61,2.6961,2.5506,44.5,Y
서울,강남구,2017-06,651,61266.1,57000.0,85.2,407,31756.9,123.6,82.06,4.154,233.49,2.8452,2.6574,47.1,Y
서울,강남구,2017-07,764,62061.7,55000.0,83.7,440,28377.5,128.5,81.55,4.114,225.8,2.7689,2.529,43.1,Y
서울,강남구,2017-08,816,60778.5,54750.0,82.08,458,28966.5,108.6,78.23,4.1,207.56,2.6533,2.5322,47.7,Y
서울,강남구,2017-09,810,67919.1,60000.0,86.56,465,36625.5,124.7,83.27,4.08,249.22,2.9929,2.7321,50.0,Y
서울,강남구,2017-10,685,67631.9,60000.0,85.6,403,36584.8,132.0,81.49,4.052,255.55,3.1359,2.8853,48.3,Y
서울,강남구,2017-11,870,73286.4,64000.0,90.4,526,37384.1,129.9,82.66,4.0,254.52,3.079,2.8581,49.0,Y
서울,강남구,2017-12,993,73257.9,65000.0,90.19,588,36340.0,121.7,80.46,4.037,243.93,3.0318,2.8111,50.1,Y
서울,강남구,2018-01,943,66969.7,60000.0,86.61,536,35709.5,131.3,83.69,4.0,250.38,2.9918,2.7877,47.5,Y
서울,강남구,2018-02,869,68108.5,60000.0,84.97,416,34116.5,122.0,80.09,3.994,235.58,2.9414,2.7264,48.2,Y
서울,강남구,2018-03,979,66744.2,58000.0,84.98,481,30678.0,119.3,77.45,4.0,221.55,2.8605,2.6151,46.2,Y
서울,강남구,2018-04,685,67860.9,60000.0,85.94,346,31496.5,133.8,79.18,3.996,238.64,3.0137,2.8066,43.9,Y
서울,강남구,2018-05,857,62716.4,55000.0,85.52,381,29762.6,122.9,78.32,4.0,222.12,2.8362,2.6658,44.7,Y
서울,강남구,2018-06,735,67024.1,60000.0,85.23,372,37481.5,131.5,83.99,4.0,256.47,3.0536,2.8316,48.7,Y
서울,강남구,2018-07,763,68031.2,60000.0,85.77,342,33705.2,127.6,79.85,4.0,239.9,3.0042,2.7977,46.8,Y
서울,강남구,2018-08,736,68941.8,60000.0,86.1,363,32242.5,134.8,81.01,4.039,243.27,3.0029,2.7823,44.6,Y
서울,강남구,2018-09,751,67856.7,60000.0,85.34,359,31729.0,143.4,83.55,4.043,250.31,2.996,2.7454,42.7,Y
서울,강남구,2018-10,1014,71662.7,63000.0,87.91,536,34425.4,131.8,82.43,4.034,247.56,3.0033,2.8217,46.7,Y
서울,강남구,2018-11,842,71609.9,63000.0,86.67,807,27226.8,96.2,79.02,4.0,186.93,2.3657,2.0836,48.6,Y
서울,강남구,2018-12,1023,72025.1,65000.0,87.6,552,40918.8,130.2,86.29,4.0,266.63,3.0897,3.0725,51.2,Y
서울,강남구,2019-01,993,67851.8,60000.0,85.84,534,35941.0,127.6,81.07,4.0,247.41,3.052,2.9477,48.4,Y
서울,강남구,2019-02,915,62425.1,55000.0,82.5,409,29317.2,128.3,80.61,4.0,226.07,2.8046,2.8349,43.2,Y
서울,강남구,2019-03,899,61119.0,55000.0,81.28,434,27866.9,128.5,79.43,4.0,221.44,2.7877,2.6854,41.9,Y
서울,강남구,2019-04,801,63085.5,56000.0,82.35,360,26384.1,131.4,77.0,4.06,220.63,2.8651,2.7579,40.5,Y
서울,강남구,2019-05,798,65881.6,58000.0,83.47,371,30284.0,128.3,78.28,4.062,230.81,2.9484,2.9227,44.4,Y
서울,강남구,2019-06,760,67726.7,60000.0,83.47,372,30667.8,145.3,83.69,4.105,250.2,2.9894,2.956,41.9,Y
서울,강남구,2019-07,847,68119.9,60000.0,83.73,358,30396.1,129.4,77.01,4.08,232.74,3.0223,2.8705,44.4,Y
서울,강남구,2019-08,843,70256.4,60000.0,84.83,757,22940.5,86.3,75.87,4.0,162.74,2.1448,1.3785,47.0,Y
서울,강남구,2019-09,706,74033.5,63000.0,87.05,367,34447.6,145.4,81.23,4.0,260.19,3.2032,2.8456,44.1,Y
서울,강남구,2019-10,954,78177.2,68000.0,87.32,493,37140.6,149.9,82.72,3.974,272.9,3.2992,3.0807,45.1,Y
서울,강남구,2019-11,1014,83002.9,73000.0,89.85,520,39551.9,150.8,84.1,4.0,282.62,3.3607,3.1417,46.6,Y
서울,강남구,2019-12,1251,78872.7,68000.0,88.59,647,41602.0,145.4,83.29,3.998,284.04,3.4101,3.097,48.8,Y
서울,강남구,2020-01,917,74656.0,64000.0,86.37,473,37308.4,139.7,79.0,3.948,262.42,3.3215,2.9516,46.8,Y
서울,강남구,2020-02,935,75413.9,65000.0,85.05,507,35919.9,148.5,81.97,4.0,268.22,3.2722,2.9625,44.6,Y
서울,강남구,2020-03,653,74125.5,65000.0,83.09,359,32066.4,128.4,75.7,4.0,235.29,3.108,2.7889,45.4,Y
서울,강남구,2020-04,677,71985.2,63000.0,81.03,342,33915.8,138.5,79.55,4.0,251.57,3.1624,2.9517,44.9,Y
서울,강남구,2020-05,951,72705.3,65000.0,84.46,395,38446.6,150.8,82.42,4.0,278.92,3.3842,3.0511,45.9,Y
서울,강남구,2020-06,1059,79873.0,70000.0,85.54,451,40374.0,149.3,82.2,3.953,282.3,3.4341,3.1784,47.1,Y
서울,강남구,2020-07,1000,82964.2,75000.0,85.81,489,41854.2,148.5,82.59,3.941,285.97,3.4623,3.1096,48.1,Y
서울,강남구,2020-08,721,78622.2,70000.0,81.15,402,41754.6,149.6,79.98,3.907,285.54,3.57,3.2517,47.6,Y
서울,강남구,2020-09,660,82293.0,73250.0,84.34,413,41667.2,159.7,81.14,3.908,295.41,3.6408,3.2621,45.9,Y
서울,강남구,2020-10,896,84949.5,78725.0,82.72,471,48767.4,170.6,83.44,3.963,331.69,3.9749,3.8702,48.6,Y
서울,강남구,2020-11,816,88676.0,80000.0,85.63,730,40895.6,141.0,79.32,3.961,276.02,3.4799,3.2116,48.9,Y
서울,강남구,2020-12,925,91621.3,84000.0,86.65,632,47576.9,162.2,80.7,3.981,320.09,3.9666,3.7627,49.3,Y
서울,강남구,2021-01,834,86537.9,78750.0,82.48,529,43900.0,155.4,78.16,3.965,300.48,3.8444,3.5759,48.3,Y
서울,강남구,2021-02,758,83393.5,72000.0,82.36,432,40595.7,158.3,77.13,4.004,293.7,3.8078,3.4068,46.1,Y
서울,강남구,2021-03,752,81046.2,70000.0,79.86,422,40130.5,149.3,75.78,4.074,285.55,3.768,3.3554,47.7,Y
서울,강남구,2021-04,663,80186.5,70000.0,80.41,478,35937.4,143.8,76.32,4.163,268.5,3.5183,3.219,46.4,Y
서울,강남구,2021-05,962,89516.3,80000.0,85.73,611,42875.4,152.7,78.95,4.235,303.99,3.8505,3.404,49.8,Y
서울,강남구,2021-06,687,92979.3,84000.0,80.97,821,34568.1,135.9,63.91,4.159,255.68,4.0006,2.8815,46.9,Y
서울,강남구,2021-07,594,94560.1,85000.0,78.73,557,48723.6,184.4,80.31,4.154,353.06,4.3963,4.0547,47.8,Y
서울,강남구,2021-08,659,87782.1,78000.0,78.54,725,37802.4,153.3,75.12,4.083,281.93,3.7529,3.3138,45.6,Y
서울,강남구,2021-09,539,98904.7,87000.0,81.17,508,45810.6,196.1,78.41,4.077,351.78,4.4867,3.8914,44.2,Y
서울,강남구,2021-10,702,100762.9,89000.0,82.44,730,45312.5,188.6,77.05,4.051,341.53,4.4329,3.9147,44.8,Y
서울,강남구,2021-11,638,102714.4,89000.0,83.94,668,47265.7,211.5,82.07,4.14,374.59,4.5644,4.1487,43.5,Y
서울,강남구,2021-12,802,90569.3,80000.0,78.91,893,43288.0,174.4,74.74,4.0,318.73,4.2647,3.4879,45.3,Y
서울,강남구,2022-01,641,84896.0,74000.0,81.51,660,42516.3,195.7,80.24,4.072,340.01,4.2373,3.7537,42.4,Y
서울,강남구,2022-02,516,87878.0,73684.0,78.43,610,36476.7,188.8,74.92,4.216,316.91,4.2298,3.6372,40.4,Y
서울,강남구,2022-03,527,91730.7,73000.0,81.33,617,34134.8,189.3,67.65,4.211,309.07,4.5685,4.1962,38.8,Y
서울,강남구,2022-04,546,96969.0,80000.0,80.17,554,38054.6,208.9,76.06,4.2,342.08,4.4973,3.9179,38.9,Y
서울,강남구,2022-05,923,62462.3,36000.0,73.92,1098,26763.1,124.0,57.5,4.253,218.87,3.8064,2.5958,43.3,Y
서울,강남구,2022-06,478,89537.5,75000.0,81.08,721,35748.9,152.3,65.18,4.272,279.53,4.2889,3.386,45.5,Y
서울,강남구,2022-07,408,88938.3,76000.0,79.6,541,39915.9,185.1,73.38,4.267,327.06,4.4574,3.731,43.4,Y
서울,강남구,2022-08,397,94842.7,80000.0,83.51,485,51059.8,194.0,78.47,4.239,374.32,4.7702,4.3377,48.2,Y
서울,강남구,2022-09,426,90447.6,75250.0,81.93,544,49731.0,195.5,79.55,4.255,371.82,4.6738,4.1405,47.4,Y
서울,강남구,2022-10,446,94622.9,80000.0,81.39,616,43566.0,200.7,77.45,4.311,357.23,4.6122,3.9336,43.8,Y
서울,강남구,2022-11,408,94204.9,80000.0,86.07,662,36594.8,181.4,72.3,4.294,312.33,4.3198,3.8821,41.9,Y
서울,강남구,2022-12,568,83200.4,74500.0,81.79,1160,28633.6,135.5,61.48,4.302,238.15,3.8736,2.9741,43.1,Y
서울,강남구,2023-01,758,80818.3,73000.0,79.21,839,33873.6,167.2,71.28,4.35,289.96,4.0677,3.7352,42.3,Y
서울,강남구,2023-02,989,74436.0,67000.0,77.83,1040,29972.5,157.7,67.64,4.444,268.75,3.973,3.4787,41.3,Y
서울,강남구,2023-03,1173,76307.6,68000.0,78.58,1185,25569.8,150.6,59.3,4.737,251.56,4.242,3.9575,40.1,Y
서울,강남구,2023-04,988,69900.2,60000.0,77.64,817,28446.0,161.4,68.31,4.8,275.22,4.0288,3.4409,41.3,Y
서울,강남구,2023-05,892,80464.1,70000.0,80.44,867,32146.7,169.2,71.34,4.8,297.76,4.1737,3.4867,43.2,Y
서울,강남구,2023-06,857,81624.2,70000.0,81.72,969,27665.0,153.8,65.32,4.8,264.44,4.0481,3.1221,41.8,Y
서울,강남구,2023-07,832,84933.1,73000.0,80.99,662,30820.3,173.7,69.03,4.8,297.01,4.3029,3.5691,41.5,Y
서울,강남구,2023-08,849,86921.2,75000.0,79.71,736,32790.9,203.8,70.25,4.768,334.11,4.756,4.7887,39.0,Y
서울,강남구,2023-09,848,90290.1,80000.0,82.15,738,35439.5,189.1,66.97,4.65,326.38,4.8736,4.7751,42.1,Y
서울,강남구,2023-10,983,90939.3,80500.0,81.05,781,41706.9,214.9,78.03,4.594,374.56,4.7999,4.8404,42.6,Y
서울,강남구,2023-11,911,93644.8,81000.0,82.74,951,38170.9,184.3,70.23,4.571,329.66,4.6943,3.951,44.1,Y
서울,강남구,2023-12,1221,91962.8,85000.0,82.34,1561,30119.9,140.9,63.46,4.571,255.6,4.0274,2.9043,44.9,Y
서울,강남구,2024-01,1057,83412.9,73000.0,80.58,779,35480.4,198.2,73.23,4.615,334.63,4.5694,4.408,40.8,Y
서울,강남구,2024-02,658,84746.4,75000.0,77.97,736,32562.5,187.3,71.32,4.649,313.47,4.3951,3.8226,40.2,Y
서울,강남구,2024-03,718,86618.1,75000.0,77.6,750,34279.5,194.4,71.63,4.615,326.21,4.5543,3.9668,40.4,Y
서울,강남구,2024-04,627,93843.2,85000.0,81.5,552,33520.8,219.9,73.22,4.653,349.85,4.7778,4.502,37.1,Y
서울,강남구,2024-05,1068,72915.2,60000.0,77.45,737,30128.7,174.5,70.36,4.683,292.06,4.1508,3.8594,40.3,Y
서울,강남구,2024-06,702,91357.5,80000.0,80.51,707,31588.1,175.7,68.86,4.682,298.9,4.3405,3.7637,41.2,Y
서울,강남구,2024-07,615,97815.5,83000.0,83.69,479,34501.0,219.4,72.54,4.667,353.57,4.8744,4.3199,37.9,Y
서울,강남구,2024-08,606,90408.6,82000.0,78.43,511,35025.6,196.9,70.88,4.658,332.82,4.6956,4.1421,40.8,Y
서울,강남구,2024-09,439,85792.1,75000.0,77.74,483,32219.2,182.6,67.7,4.679,308.18,4.552,3.8712,40.8,Y
서울,강남구,2024-10,631,96555.0,87000.0,80.88,577,37348.2,213.0,72.19,4.667,358.23,4.9622,4.3861,40.5,Y
서울,강남구,2024-11,568,96779.9,85000.0,81.09,554,40319.4,225.7,76.96,4.6,380.27,4.9414,4.3966,40.6,Y
서울,강남구,2024-12,678,100892.1,87500.0,81.56,626,34712.7,207.2,71.68,4.6,340.29,4.7474,3.9936,39.1,Y
서울,강남구,2025-01,479,87042.1,75000.0,76.98,441,37807.6,216.8,74.28,4.63,362.64,4.8822,4.175,40.2,Y
서울,강남구,2025-02,590,91935.4,77000.0,78.57,623,32154.3,189.7,70.49,4.629,313.72,4.4505,3.7866,39.5,Y
서울,강남구,2025-03,681,95128.9,82500.0,79.81,549,34513.4,192.0,71.23,4.683,326.64,4.586,4.0031,41.2,Y
서울,강남구,2025-04,581,76523.4,70000.0,75.27,499,27360.6,175.6,64.34,4.714,283.05,4.399,4.0469,38.0,Y
서울,강남구,2025-05,599,93730.4,83000.0,81.88,644,30503.3,177.7,65.22,4.754,298.5,4.5771,4.2384,40.5,Y
서울,강남구,2025-06,538,98285.4,85000.0,80.31,555,35576.7,216.4,69.98,4.782,358.14,5.1179,4.5749,39.6,Y
서울,강남구,2025-07,460,90440.6,85000.0,79.65,552,32155.9,227.8,70.34,4.8,356.42,5.0669,4.4746,36.1,Y
서울,강남구,2025-08,403,84527.1,74500.0,76.45,589,30287.3,175.6,62.58,4.783,296.31,4.7351,3.999,40.7,Y
서울,강남구,2025-09,518,95850.9,82000.0,79.49,563,36439.8,251.6,72.1,4.76,396.13,5.4942,4.6146,36.5,Y
서울,강남구,2025-10,521,104761.8,92400.0,81.6,603,42091.6,243.8,75.74,4.729,409.65,5.4084,4.9124,40.5,Y
서울,강남구,2025-11,643,109986.6,98000.0,84.6,823,40244.1,215.8,69.8,4.765,375.63,5.3812,4.6649,42.5,Y
서울,강남구,2025-12,636,104551.6,94250.0,81.03,758,42524.2,243.6,74.87,4.789,413.34,5.5205,4.9307,41.1,Y
서울,강남구,2026-01,554,104712.9,88000.0,80.11,581,36925.5,254.6,73.38,4.752,400.83,5.4621,4.9033,36.5,Y
서울,강남구,2026-02,333,102944.7,85000.0,80.1,450,34513.5,230.6,69.78,4.763,367.59,5.2675,4.6825,37.3,Y
서울,강남구,2026-03,427,95667.2,85000.0,77.42,555,36939.9,231.1,72.14,4.767,377.89,5.2385,4.7014,38.8,Y
서울,강남구,2026-04,394,103042.0,90000.0,82.69,530,34051.3,224.1,68.49,4.8,360.32,5.2605,4.8704,37.8,Y
서울,강남구,2026-05,453,108353.5,96000.0,83.86,565,43258.7,232.2,74.72,4.764,403.95,5.4064,4.955,42.5,Y
서울,강남구,2026-06,345,109055.3,90000.0,81.41,543,35628.6,236.3,70.77,4.749,377.28,5.3311,4.7594,37.4,Y
서울,강남구,2026-07,301,100644.1,90000.0,77.78,452,33382.9,247.2,70.93,4.768,379.8,5.3547,4.8736,34.9,Y
서울,강남구,2026-08,240,96736.0,83000.0,76.66,326,40153.0,211.7,67.16,,,,,,Y
서울,강남구,2026-09,130,99795.7,85000.0,75.93,187,41598.4,208.4,68.72,,,,,,Y
서울,강동구,2011-01,823,19622.3,20000.0,76.94,130,7258.8,70.4,72.02,8.0,118.75,1.6489,1.4494,40.8,Y
서울,강동구,2011-02,875,18645.6,19500.0,74.6,160,7032.4,61.0,66.88,8.0,107.85,1.6126,1.5542,43.5,Y
서울,강동구,2011-03,804,18839.5,19000.0,75.28,175,6894.6,64.0,67.91,8.0,109.96,1.6192,1.5483,41.8,Y
서울,강동구,2011-04,584,18765.8,19000.0,74.56,111,5884.7,62.6,67.71,8.0,101.85,1.5043,1.4838,38.5,Y
서울,강동구,2011-05,700,17912.8,19000.0,74.01,172,6086.0,54.2,63.94,8.0,94.75,1.482,1.3081,42.8,Y
서울,강동구,2011-06,815,18372.6,19000.0,74.59,157,5907.9,51.3,61.73,8.0,90.73,1.4697,1.3683,43.4,Y
서울,강동구,2011-07,679,19842.9,20000.0,75.44,140,7503.9,65.6,66.56,7.878,114.89,1.7262,1.6712,42.9,Y
서울,강동구,2011-08,706,20671.9,20697.0,75.53,159,7015.5,54.3,60.73,7.765,99.7,1.6418,1.5288,45.5,Y
서울,강동구,2011-09,667,20817.3,20697.0,73.55,168,7724.2,50.8,61.09,7.714,100.46,1.6444,1.4472,49.4,Y
서울,강동구,2011-10,572,20884.7,21000.0,74.4,114,7599.7,57.0,63.01,7.5,104.52,1.6588,1.5348,45.4,Y
서울,강동구,2011-11,491,21055.6,20697.0,75.7,107,6036.4,57.2,58.64,7.5,94.94,1.6191,1.4236,39.7,Y
서울,강동구,2011-12,599,21490.9,21000.0,75.46,103,7920.9,68.0,67.66,7.385,116.77,1.7258,1.6485,41.7,Y
서울,강동구,2012-01,607,22028.6,22000.0,74.29,123,7092.4,64.2,62.96,7.2,106.79,1.6961,1.6799,39.8,Y
서울,강동구,2012-02,692,22226.4,22000.0,75.51,111,8687.7,68.7,69.77,7.116,120.25,1.7234,1.6347,42.8,Y
서울,강동구,2012-03,616,21291.8,21000.0,72.58,117,7535.2,65.6,64.35,7.059,109.9,1.7078,1.6536,40.3,Y
서울,강동구,2012-04,507,21652.2,21000.0,75.88,121,7438.0,69.6,67.13,7.064,113.38,1.6891,1.6034,38.6,Y
서울,강동구,2012-05,478,20801.2,20000.0,74.16,111,6123.6,55.2,55.43,7.097,91.37,1.6483,1.5808,39.6,Y
서울,강동구,2012-06,487,21085.8,21000.0,73.66,112,6006.2,60.3,57.96,7.087,95.74,1.6517,1.6804,37.0,Y
서울,강동구,2012-07,490,21421.3,21750.0,73.28,100,7046.3,67.1,63.68,7.099,108.83,1.7088,1.7001,38.3,Y
서울,강동구,2012-08,545,22007.0,22000.0,74.61,105,6801.9,66.3,62.03,7.13,106.75,1.7208,1.7517,37.9,Y
서울,강동구,2012-09,617,22120.7,22000.0,73.47,137,7905.2,66.7,66.17,7.143,113.75,1.7191,1.755,41.4,Y
서울,강동구,2012-10,717,22856.1,23000.0,74.9,130,8811.6,66.8,67.43,7.091,118.91,1.7637,1.7771,43.8,Y
서울,강동구,2012-11,558,22525.0,22000.0,74.94,126,8723.8,67.2,68.16,6.981,117.95,1.7306,1.7089,43.0,Y
서울,강동구,2012-12,616,23581.3,23000.0,77.27,82,7512.2,64.7,64.25,6.863,107.63,1.6751,1.6907,39.9,Y
서울,강동구,2013-01,710,23076.4,23000.0,76.02,137,9352.6,64.4,67.75,6.871,117.99,1.7415,1.7376,45.4,Y
서울,강동구,2013-02,767,22101.6,23000.0,74.62,146,7638.2,59.1,60.77,6.771,102.24,1.6824,1.6253,42.2,Y
서울,강동구,2013-03,1347,18739.3,17000.0,75.76,287,7420.7,42.7,56.44,6.876,85.19,1.5093,1.2765,49.9,Y
서울,강동구,2013-04,719,20948.1,21000.0,76.08,174,7148.8,57.7,62.94,6.83,98.4,1.5635,1.5157,41.4,Y
서울,강동구,2013-05,713,19828.2,20000.0,72.9,233,6713.3,43.9,53.79,6.857,82.31,1.53,1.4542,46.6,Y
서울,강동구,2013-06,744,20370.5,20000.0,75.46,205,7142.4,48.1,57.48,6.703,88.04,1.5316,1.4819,45.3,Y
서울,강동구,2013-07,603,22016.8,22000.0,76.89,179,7318.9,50.7,57.56,6.703,91.63,1.5918,1.5147,44.6,Y
서울,강동구,2013-08,599,23117.3,23000.0,76.85,193,7655.8,53.8,59.18,6.692,96.52,1.631,1.5237,44.2,Y
서울,강동구,2013-09,510,23436.0,22000.0,75.97,192,8036.0,49.1,61.06,6.545,92.89,1.5212,1.3021,47.2,Y
서울,강동구,2013-10,502,24491.5,24000.0,77.13,172,10218.6,58.4,66.01,6.491,113.71,1.7226,1.7031,48.6,Y
서울,강동구,2013-11,455,23734.3,23500.0,75.87,137,7565.2,51.6,58.34,6.489,92.47,1.5849,1.3514,44.2,Y
서울,강동구,2013-12,435,24185.9,23000.0,76.37,134,9216.1,58.3,66.75,6.395,107.44,1.6096,1.5831,45.7,Y
서울,강동구,2014-01,510,25142.3,25000.0,76.82,166,10093.8,66.6,66.13,6.395,120.38,1.8204,1.8509,44.7,Y
서울,강동구,2014-02,629,24853.2,24000.0,75.9,181,10902.8,56.7,65.87,6.417,115.04,1.7466,1.7493,50.7,Y
서울,강동구,2014-03,579,25189.9,25000.0,76.47,183,9266.1,58.7,61.93,6.319,107.53,1.7365,1.7829,45.4,Y
서울,강동구,2014-04,472,25126.1,25000.0,76.56,130,9951.7,58.2,65.08,6.085,108.71,1.6704,1.6721,46.4,Y
서울,강동구,2014-05,470,24603.5,23000.0,75.8,163,8718.3,52.4,60.23,6.16,97.16,1.6131,1.5272,46.1,Y
서울,강동구,2014-06,438,24380.8,24000.0,77.12,129,10462.0,55.4,62.88,6.056,108.16,1.72,1.726,48.8,Y
서울,강동구,2014-07,495,25654.4,25000.0,76.42,143,8252.5,56.1,58.52,6.094,98.06,1.6755,1.7125,42.7,Y
서울,강동구,2014-08,535,26837.8,26000.0,78.58,140,9861.3,60.8,63.77,6.117,111.07,1.7417,1.7875,45.3,Y
서울,강동구,2014-09,550,26961.7,26000.0,77.92,146,11469.3,59.2,67.66,6.002,116.59,1.7231,1.7686,49.2,Y
서울,강동구,2014-10,578,27662.9,26000.0,78.01,164,11898.8,55.9,66.26,6.0,115.4,1.7417,1.7944,51.6,Y
서울,강동구,2014-11,498,26942.0,26000.0,77.12,193,11879.8,58.8,64.9,5.714,115.34,1.7771,1.8023,49.0,Y
서울,강동구,2014-12,562,28776.9,28000.0,79.35,179,12420.1,62.4,68.32,5.739,121.76,1.7823,1.8692,48.8,Y
서울,강동구,2015-01,615,29146.9,28000.0,79.2,291,13808.0,59.4,66.6,5.647,124.4,1.8678,1.8746,52.2,Y
서울,강동구,2015-02,609,28681.9,28000.0,79.96,261,15429.1,57.0,71.11,5.647,129.65,1.8233,1.8339,56.0,Y
서울,강동구,2015-03,925,25715.2,23500.0,78.7,397,13021.9,48.1,65.74,5.76,110.62,1.6825,1.6435,56.5,Y
서울,강동구,2015-04,517,28578.2,28000.0,77.62,216,14703.9,58.3,70.64,5.723,128.41,1.8177,1.8057,54.6,Y
서울,강동구,2015-05,526,27335.9,27000.0,76.9,244,13211.1,49.8,64.95,5.8,113.65,1.7498,1.7482,56.2,Y
서울,강동구,2015-06,536,25883.7,25000.0,75.8,239,13947.8,50.8,68.51,5.76,117.75,1.7186,1.6975,56.9,Y
서울,강동구,2015-07,490,28882.8,28000.0,77.06,210,15251.0,54.7,70.83,5.486,124.43,1.7567,1.7943,56.0,Y
서울,강동구,2015-08,452,29967.2,29750.0,77.53,251,13982.6,56.2,67.34,5.388,118.98,1.7669,1.789,52.8,Y
서울,강동구,2015-09,394,30610.0,30000.0,79.17,250,12561.0,46.2,64.52,5.189,100.49,1.5574,1.4827,54.1,Y
서울,강동구,2015-10,454,31455.8,30000.0,79.75,307,12826.4,53.9,62.27,5.135,108.75,1.7466,1.6838,50.5,Y
서울,강동구,2015-11,457,29373.0,29000.0,77.35,258,14459.1,51.9,66.87,5.031,112.51,1.6825,1.6365,53.9,Y
서울,강동구,2015-12,409,32477.4,33000.0,79.0,245,15783.2,54.8,67.7,4.85,118.58,1.7515,1.7632,53.8,Y
서울,강동구,2016-01,339,33409.1,32000.0,80.54,224,15229.8,55.9,64.23,4.918,118.34,1.8424,1.9355,52.7,Y
서울,강동구,2016-02,356,32735.7,32000.0,79.51,209,17522.4,62.0,70.35,4.877,133.25,1.8941,1.9096,53.4,Y
서울,강동구,2016-03,432,32380.7,31500.0,79.94,230,16436.7,57.2,69.17,4.8,122.94,1.7774,1.8526,53.5,Y
서울,강동구,2016-04,376,31921.1,31500.0,78.28,195,15981.4,56.4,69.69,4.8,120.33,1.7266,1.7701,53.1,Y
서울,강동구,2016-05,354,33488.9,34000.0,80.97,145,13241.3,60.1,66.45,4.8,113.06,1.7015,1.7646,46.8,Y
서울,강동구,2016-06,353,32877.0,33000.0,79.42,127,16024.3,50.3,65.08,4.84,114.94,1.7663,1.9021,56.2,Y
서울,강동구,2016-07,397,33284.8,33000.0,78.35,136,17841.7,53.7,70.65,4.754,124.38,1.7605,1.77,56.8,Y
서울,강동구,2016-08,587,33050.5,33000.0,74.94,181,14895.2,55.8,66.89,4.723,114.44,1.7108,1.7952,51.2,Y
서울,강동구,2016-09,479,35543.2,35000.0,79.4,170,15309.0,59.9,71.5,4.7,119.9,1.6769,1.7912,50.0,Y
서울,강동구,2016-10,576,36753.6,36800.0,79.87,210,16875.9,55.5,70.52,4.619,120.47,1.7082,1.7802,53.9,Y
서울,강동구,2016-11,485,36303.9,35500.0,80.26,160,18190.3,57.6,69.76,4.465,125.33,1.7966,1.8804,54.0,Y
서울,강동구,2016-12,534,37627.4,38750.0,80.57,164,17678.1,55.6,69.94,4.308,119.01,1.7017,1.7961,53.3,Y
서울,강동구,2017-01,474,35745.5,37000.0,75.66,166,15232.5,65.6,66.58,4.329,120.57,1.8109,1.8532,45.6,Y
서울,강동구,2017-02,593,36137.9,37000.0,78.38,262,13706.7,56.5,65.14,4.299,105.61,1.6212,1.7329,46.5,Y
서울,강동구,2017-03,747,31173.5,33000.0,74.92,342,12468.2,53.5,63.78,4.34,98.56,1.5453,1.6359,45.8,Y
서울,강동구,2017-04,492,36984.4,37500.0,80.9,195,16322.9,58.5,68.68,4.364,117.87,1.7163,1.7454,50.4,Y
서울,강동구,2017-05,637,34756.8,36000.0,74.05,238,12799.5,58.1,67.1,4.32,104.14,1.5521,1.6157,44.2,Y
서울,강동구,2017-06,660,33414.4,35000.0,75.26,240,13463.7,58.4,66.22,4.286,106.43,1.6073,1.7056,45.2,Y
서울,강동구,2017-07,509,39588.1,40000.0,78.59,176,16499.9,66.5,67.54,4.286,125.42,1.857,1.9381,47.0,Y
서울,강동구,2017-08,546,37272.6,38750.0,76.19,186,14853.1,59.7,61.09,4.237,112.15,1.8358,1.9099,46.8,Y
서울,강동구,2017-09,517,37743.4,40000.0,75.17,198,14664.7,59.9,61.66,4.216,111.38,1.8063,1.9082,46.3,Y
서울,강동구,2017-10,341,42063.2,41000.0,78.74,116,16779.0,74.2,68.48,4.169,132.52,1.9351,2.0275,44.0,Y
서울,강동구,2017-11,384,40846.8,40000.0,75.51,139,16907.8,72.2,70.02,4.174,131.03,1.8714,1.8533,44.9,Y
서울,강동구,2017-12,454,40503.2,40000.0,76.87,177,14561.3,63.1,61.67,4.154,113.52,1.8408,1.9332,44.4,Y
서울,강동구,2018-01,446,40486.0,40000.0,74.65,169,16202.0,59.0,59.93,4.133,114.76,1.9149,1.9807,48.6,Y
서울,강동구,2018-02,419,40169.0,40000.0,77.64,184,12191.8,55.6,56.7,4.068,96.94,1.7098,1.716,42.6,Y
서울,강동구,2018-03,569,40357.8,39000.0,77.9,154,13717.6,65.1,59.1,4.085,111.77,1.8912,1.9362,41.8,Y
서울,강동구,2018-04,367,38147.9,38000.0,73.64,105,13599.4,52.3,57.01,4.154,99.33,1.7424,1.868,47.4,Y
서울,강동구,2018-05,388,37249.0,36750.0,71.87,138,12401.5,57.8,59.94,4.219,101.41,1.6918,1.7817,43.0,Y
서울,강동구,2018-06,403,38276.1,37000.0,75.27,138,14704.9,61.7,65.03,4.119,112.13,1.7242,1.8049,45.0,Y
서울,강동구,2018-07,340,40209.0,38250.0,76.06,121,14559.3,63.6,61.69,4.154,114.04,1.8487,1.9623,44.2,Y
서울,강동구,2018-08,461,41112.1,40000.0,76.12,124,16709.3,60.9,66.41,4.103,118.0,1.7769,1.8176,48.4,Y
서울,강동구,2018-09,445,40912.3,39000.0,77.13,133,14857.6,67.1,60.9,4.153,118.5,1.9458,1.9313,43.4,Y
서울,강동구,2018-10,524,42043.6,40000.0,76.8,187,14456.3,58.4,62.91,4.0,106.63,1.6949,1.7637,45.2,Y
서울,강동구,2018-11,437,43063.7,42000.0,76.95,162,17382.8,54.7,65.0,4.0,112.64,1.7329,1.724,51.4,Y
서울,강동구,2018-12,523,43625.3,43000.0,75.94,163,18876.4,58.9,65.02,4.0,121.85,1.8741,1.9777,51.6,Y
서울,강동구,2019-01,524,41903.4,42500.0,74.5,164,16810.4,64.8,62.77,4.0,120.83,1.9249,2.0055,46.4,Y
서울,강동구,2019-02,501,38371.7,37000.0,73.85,171,13545.7,56.9,57.0,4.052,102.6,1.7999,1.8553,44.6,Y
서울,강동구,2019-03,1010,28774.0,24080.0,74.82,233,12437.8,51.0,60.55,4.112,93.63,1.5464,1.4679,45.5,Y
서울,강동구,2019-04,496,37330.8,36800.0,72.34,153,12512.1,60.9,59.12,4.206,104.73,1.7715,1.918,41.9,Y
서울,강동구,2019-05,780,34392.9,36000.0,71.19,221,11223.7,58.4,58.31,4.286,98.47,1.6887,1.7269,40.7,Y
서울,강동구,2019-06,738,34841.8,36500.0,70.39,183,11522.3,58.5,59.21,4.401,100.77,1.7019,1.7456,41.9,Y
서울,강동구,2019-07,731,37964.0,39000.0,70.6,161,13485.0,70.4,61.98,4.251,118.18,1.9067,2.1129,40.4,Y
서울,강동구,2019-08,820,38765.8,39000.0,71.72,354,12260.5,48.4,57.39,4.225,91.53,1.5948,1.3773,47.2,Y
서울,강동구,2019-09,746,38043.3,39000.0,72.21,193,11830.4,63.9,61.89,4.235,105.63,1.7068,1.8477,39.5,Y
서울,강동구,2019-10,955,42762.2,42000.0,74.63,278,13236.0,70.2,60.41,4.091,115.31,1.9089,2.0251,39.1,Y
서울,강동구,2019-11,975,39746.1,41000.0,72.28,343,11743.2,59.1,60.24,4.0,98.28,1.6313,1.6897,39.8,Y
서울,강동구,2019-12,1187,40381.6,40000.0,73.3,287,12601.2,72.9,64.37,3.871,113.53,1.7639,1.854,35.8,Y
서울,강동구,2020-01,917,40557.9,40000.0,70.97,235,14366.3,79.9,66.76,3.84,125.88,1.8856,1.9661,36.5,Y
서울,강동구,2020-02,1027,40958.3,40000.0,72.72,518,11187.0,54.1,53.36,3.75,89.1,1.6697,1.3382,39.2,Y
서울,강동구,2020-03,629,41893.8,42000.0,73.18,278,11667.2,73.4,60.62,3.792,110.25,1.8186,1.9394,33.4,Y
서울,강동구,2020-04,571,39847.8,40000.0,70.77,220,11518.9,65.1,60.4,3.791,101.46,1.6799,1.6955,35.9,Y
서울,강동구,2020-05,506,42203.5,42000.0,70.53,195,12166.1,67.9,59.27,3.83,106.71,1.8004,1.9016,36.4,Y
서울,강동구,2020-06,559,43551.2,42000.0,71.62,175,13542.7,65.3,58.12,3.84,108.66,1.8694,1.9038,39.9,Y
서울,강동구,2020-07,605,45666.3,43000.0,71.81,200,15238.4,71.6,56.51,3.84,120.38,2.1302,2.1991,40.5,Y
서울,강동구,2020-08,442,45671.8,45000.0,69.23,177,17666.1,73.1,59.36,4.0,132.01,2.224,2.1963,44.6,Y
서울,강동구,2020-09,426,49762.2,50000.0,71.89,165,19981.6,80.3,59.0,4.0,146.91,2.49,2.5889,45.3,Y
서울,강동구,2020-10,694,45270.3,40000.0,70.1,221,22831.8,73.4,65.47,4.0,149.52,2.2839,2.2374,50.9,Y
서울,강동구,2020-11,527,54108.1,52500.0,73.78,1048,8888.2,31.2,41.14,3.775,59.15,1.4379,1.0361,47.3,Y
서울,강동구,2020-12,555,51509.0,50000.0,70.32,334,18389.7,55.9,60.94,3.667,112.04,1.8387,1.8196,50.2,Y
서울,강동구,2021-01,488,51057.4,50000.0,70.42,458,15226.8,47.9,51.39,3.583,93.32,1.816,1.3572,48.7,Y
서울,강동구,2021-02,526,48445.9,48000.0,70.07,264,20483.4,66.4,60.59,3.591,127.69,2.1075,2.152,48.0,Y
서울,강동구,2021-03,951,37326.6,32000.0,72.29,455,13390.1,50.2,54.16,3.795,92.51,1.7079,1.091,45.8,Y
서울,강동구,2021-04,518,49331.3,47500.0,72.05,581,9102.6,39.1,45.32,3.765,67.63,1.4925,0.8455,42.2,Y
서울,강동구,2021-05,823,42442.4,41000.0,67.65,318,16151.4,62.7,55.87,4.183,118.97,2.1293,2.0861,47.3,Y
서울,강동구,2021-06,715,44232.3,37500.0,67.01,1053,10844.9,33.6,41.11,4.234,71.87,1.748,1.254,53.2,Y
서울,강동구,2021-07,575,50072.3,48000.0,64.73,315,17501.2,67.3,53.04,4.35,130.72,2.4643,2.4538,48.5,Y
서울,강동구,2021-08,519,45284.9,42000.0,65.87,715,10809.8,39.0,49.26,4.685,81.25,1.6495,1.0226,51.9,Y
서울,강동구,2021-09,377,48949.2,49875.0,68.89,331,16112.6,63.5,52.48,4.636,125.76,2.3964,2.452,49.5,Y
서울,강동구,2021-10,498,55880.5,53800.0,71.87,628,14508.8,55.2,56.3,4.742,112.56,1.9993,1.0138,50.9,Y
서울,강동구,2021-11,523,52694.8,52500.0,68.45,292,22000.8,86.2,62.45,4.602,170.62,2.732,2.7677,49.4,Y
서울,강동구,2021-12,502,52410.6,53500.0,66.6,812,16585.1,52.3,53.25,4.421,113.39,2.1295,1.7212,53.9,Y
서울,강동구,2022-01,431,54117.3,51450.0,70.99,316,22182.4,83.3,60.29,4.385,164.39,2.7267,2.7134,49.3,Y
서울,강동구,2022-02,342,51828.8,50000.0,68.51,450,16087.7,62.6,50.45,4.076,117.24,2.3239,1.9722,46.6,Y
서울,강동구,2022-03,668,44554.4,35112.0,67.3,947,8213.3,41.6,45.63,4.062,69.4,1.521,0.8951,40.1,Y
서울,강동구,2022-04,512,51112.0,52250.0,69.32,411,15183.5,71.0,56.16,4.312,125.54,2.2355,2.2527,43.5,Y
서울,강동구,2022-05,460,49811.4,48000.0,70.59,563,13175.4,51.7,53.68,4.086,96.54,1.7986,1.2965,46.5,Y
서울,강동구,2022-06,282,50968.5,50000.0,69.85,300,16984.3,81.8,55.07,4.053,139.12,2.5264,2.5894,41.2,Y
서울,강동구,2022-07,328,47001.9,46000.0,66.4,359,17406.4,76.3,56.04,4.179,136.92,2.443,2.413,44.3,Y
서울,강동구,2022-08,270,49824.8,50000.0,67.74,262,19655.0,83.2,56.5,4.235,152.54,2.6997,2.8908,45.5,Y
서울,강동구,2022-09,304,48616.1,47625.0,70.37,275,20681.6,91.3,61.53,4.038,160.86,2.6143,2.6974,43.3,Y
서울,강동구,2022-10,341,49794.1,47407.0,70.66,251,21037.0,92.9,62.78,4.064,164.15,2.6148,2.8197,43.4,Y
서울,강동구,2022-11,322,47939.8,47500.0,70.92,394,14784.4,81.3,60.15,4.285,134.1,2.2296,2.3396,39.4,Y
서울,강동구,2022-12,438,47987.3,48000.0,72.1,656,11844.4,62.1,51.88,4.359,105.18,2.0272,2.1312,40.9,Y
서울,강동구,2023-01,548,43257.9,43250.0,69.52,302,15887.6,87.6,56.95,4.5,147.23,2.5851,2.6932,40.5,Y
서울,강동구,2023-02,1254,36250.0,29137.0,66.88,1384,8716.2,35.3,46.02,4.08,64.97,1.4116,0.8966,45.6,Y
서울,강동구,2023-03,1160,33105.4,27011.0,70.21,563,11189.6,54.4,49.98,4.441,95.78,1.9164,1.5854,43.2,Y
서울,강동구,2023-04,718,44119.3,40000.0,70.97,522,10557.9,51.6,46.39,4.444,90.74,1.9559,1.2972,43.1,Y
서울,강동구,2023-05,663,39776.3,40000.0,70.16,396,14793.4,74.8,52.69,4.527,130.6,2.4788,2.562,42.7,Y
서울,강동구,2023-06,625,41891.6,44000.0,71.56,551,11926.0,57.6,49.77,4.451,101.86,2.0468,1.8818,43.4,Y
서울,강동구,2023-07,509,48211.9,48200.0,72.33,447,13921.9,77.4,44.66,4.425,128.71,2.8821,3.4053,39.9,Y
서울,강동구,2023-08,516,47501.8,48250.0,71.47,603,12705.9,62.1,43.0,4.8,112.96,2.6268,2.8504,45.0,Y
서울,강동구,2023-09,604,48701.8,50000.0,71.62,722,12572.4,50.6,44.04,4.788,100.75,2.2879,2.0676,49.8,Y
서울,강동구,2023-10,615,51172.4,50000.0,71.36,488,13783.8,72.5,51.98,4.794,127.53,2.4537,2.53,43.2,Y
서울,강동구,2023-11,591,50933.3,50000.0,74.58,409,16638.4,87.3,55.42,4.768,153.42,2.7686,3.0563,43.1,Y
서울,강동구,2023-12,620,50892.9,51000.0,74.12,602,17345.2,75.3,56.14,4.732,143.69,2.5597,2.452,47.6,Y
서울,강동구,2024-01,628,51088.4,50350.0,74.91,499,13431.9,84.1,55.3,4.717,136.91,2.4758,2.5881,38.6,Y
서울,강동구,2024-02,425,52121.2,52000.0,75.2,380,13815.8,84.5,50.08,4.73,138.98,2.7753,2.823,39.2,Y
서울,강동구,2024-03,642,50961.9,50000.0,73.09,568,11320.8,60.1,44.77,4.684,104.31,2.3297,2.1345,42.4,Y
서울,강동구,2024-04,583,49616.1,50000.0,72.24,370,14329.2,98.4,54.85,4.737,154.96,2.8253,2.8983,36.5,Y
서울,강동구,2024-05,604,51762.7,51250.0,72.58,542,13265.1,76.0,51.57,4.603,126.84,2.4598,2.2971,40.1,Y
서울,강동구,2024-06,884,48895.2,47000.0,69.82,496,13803.9,79.3,52.96,4.605,132.27,2.4975,2.3678,40.1,Y
서울,강동구,2024-07,764,51807.7,49000.0,70.92,378,16610.2,102.2,55.66,4.743,167.87,3.016,3.3078,39.1,Y
서울,강동구,2024-08,539,57015.2,55000.0,74.58,379,18873.0,90.4,54.35,4.661,163.71,3.012,3.2352,44.8,Y
서울,강동구,2024-09,492,54472.3,50000.0,74.85,283,20354.7,101.5,58.71,4.622,179.87,3.0636,3.2225,43.6,Y
서울,강동구,2024-10,714,59754.2,60000.0,74.42,386,20940.1,105.0,60.71,4.588,185.05,3.0482,3.2078,43.3,Y
서울,강동구,2024-11,725,60068.7,60000.0,75.85,411,23033.0,123.3,65.16,4.725,213.99,3.2838,3.4748,42.4,Y
서울,강동구,2024-12,926,62033.0,60250.0,72.4,646,21375.8,103.9,57.59,4.8,189.44,3.2895,3.1788,45.1,Y
서울,강동구,2025-01,709,57793.3,54000.0,75.06,399,20513.6,109.1,57.45,4.8,191.17,3.3278,3.4149,42.9,Y
서울,강동구,2025-02,1098,41684.8,30593.0,68.5,1264,9839.5,46.2,41.12,4.582,83.77,2.0374,1.6247,44.8,Y
서울,강동구,2025-03,846,45828.0,45000.0,72.78,621,13064.6,70.8,49.42,4.602,120.9,2.4465,2.3108,41.4,Y
서울,강동구,2025-04,475,52857.5,50000.0,73.94,478,12166.8,71.1,45.26,4.622,117.92,2.6054,2.5429,39.7,Y
서울,강동구,2025-05,453,51421.5,51000.0,72.13,466,13146.8,72.2,51.48,4.68,123.47,2.3986,2.2285,41.5,Y
서울,강동구,2025-06,461,55499.0,55000.0,73.04,393,11904.5,73.9,47.63,4.601,119.57,2.5106,2.5257,38.2,Y
서울,강동구,2025-07,379,56279.8,55000.0,74.87,417,15123.1,91.6,52.61,4.615,149.77,2.8466,3.1726,38.8,Y
서울,강동구,2025-08,369,56013.2,56000.0,72.86,351,14101.0,83.5,47.87,4.793,139.78,2.9197,3.0375,40.3,Y
서울,강동구,2025-09,421,58824.5,62000.0,74.67,600,13958.2,57.0,44.43,4.683,111.44,2.5082,1.9328,48.9,Y
서울,강동구,2025-10,391,67115.9,70000.0,75.89,458,13686.2,80.4,50.47,4.651,133.4,2.6432,1.9751,39.8,Y
서울,강동구,2025-11,428,67130.6,68750.0,74.58,362,20682.6,101.5,57.01,4.706,182.6,3.2028,3.3316,44.4,Y
서울,강동구,2025-12,333,65501.2,68000.0,75.01,443,17328.9,95.5,49.97,4.692,163.25,3.267,3.1441,41.5,Y
서울,강동구,2026-01,405,65875.3,64000.0,74.14,352,20008.5,118.5,56.86,4.692,196.76,3.4606,3.9304,39.8,Y
서울,강동구,2026-02,266,65932.3,65000.0,75.0,262,18279.4,114.0,54.21,4.677,185.2,3.4163,3.5872,38.5,Y
서울,강동구,2026-03,279,65798.1,64500.0,73.86,311,19812.7,104.6,51.96,4.712,182.39,3.5104,3.7966,42.7,Y
서울,강동구,2026-04,236,70323.3,68000.0,76.21,402,14118.5,83.9,49.72,4.755,139.84,2.8124,2.9891,40.0,Y
서울,강동구,2026-05,218,71093.6,70500.0,75.05,281,22870.7,119.7,56.29,4.671,208.75,3.7085,3.9816,42.6,Y
서울,강동구,2026-06,218,75017.1,74750.0,76.05,389,18758.4,104.7,49.6,4.576,176.2,3.5521,3.8151,40.6,Y
서울,강동구,2026-07,232,65097.0,60000.0,72.24,398,19650.0,92.7,47.98,4.713,169.9,3.5407,3.1531,45.4,Y
서울,강동구,2026-08,156,70583.2,70000.0,72.84,240,22347.7,119.0,55.48,,,,,,Y
서울,강동구,2026-09,117,78862.6,73000.0,74.98,111,31770.0,136.1,59.6,,,,,,Y
서울,강북구,2011-01,168,14964.4,16000.0,72.8,39,4581.8,55.1,65.08,7.515,83.74,1.2868,1.2911,34.3,Y
서울,강북구,2011-02,153,15011.9,16000.0,74.08,30,5101.8,43.2,59.81,7.515,75.18,1.2571,1.2828,42.5,Y
서울,강북구,2011-03,151,16495.3,16500.0,77.36,47,6134.0,66.6,68.79,7.515,104.99,1.5261,1.3547,36.6,Y
서울,강북구,2011-04,163,15915.1,16500.0,75.54,28,5612.4,58.5,66.88,7.515,93.65,1.4002,1.3998,37.5,Y
서울,강북구,2011-05,135,16397.3,17000.0,76.95,27,5119.5,52.3,66.09,7.515,84.36,1.2764,1.314,38.0,Y
서울,강북구,2011-06,134,17043.5,18000.0,78.14,39,5778.5,61.1,66.77,7.515,97.31,1.4574,1.3697,37.2,Y
서울,강북구,2011-07,120,16654.6,17000.0,73.75,41,5595.2,49.8,62.76,7.505,84.75,1.3504,1.3621,41.3,Y
서울,강북구,2011-08,158,17587.3,18000.0,74.91,35,7422.6,47.3,67.98,7.579,94.22,1.386,1.4255,49.8,N
서울,강북구,2011-09,161,18284.5,19000.0,76.58,36,4918.5,66.5,67.49,7.669,97.9,1.4507,1.428,32.1,Y
서울,강북구,2011-10,165,17897.1,18500.0,76.76,33,7241.2,49.7,64.0,7.695,96.1,1.5015,1.4842,48.3,Y
서울,강북구,2011-11,176,18696.7,19000.0,76.43,30,5187.1,63.7,64.71,7.5,96.12,1.4854,1.4287,33.7,Y
서울,강북구,2011-12,211,18250.3,19000.0,78.49,43,5855.8,61.8,73.36,7.333,97.55,1.3298,1.3534,36.7,Y
서울,강북구,2012-01,217,17481.4,18300.0,75.86,62,4692.3,55.5,62.74,7.385,84.34,1.3444,1.3084,34.2,Y
서울,강북구,2012-02,249,18237.3,18000.0,78.43,57,6652.0,66.2,72.17,7.448,107.45,1.4888,1.4959,38.4,Y
서울,강북구,2012-03,238,17969.6,18000.0,76.0,44,6619.0,64.0,72.39,7.385,104.73,1.4469,1.4761,38.9,Y
서울,강북구,2012-04,200,17810.5,18250.0,75.56,44,6460.7,52.0,66.36,7.326,91.4,1.3773,1.4046,43.2,Y
서울,강북구,2012-05,232,18849.7,19000.0,77.1,39,5509.3,64.2,66.51,7.2,97.26,1.4624,1.5,34.0,Y
서울,강북구,2012-06,242,19028.7,19000.0,78.17,45,6030.6,63.2,68.44,7.2,99.34,1.4515,1.3887,36.4,Y
서울,강북구,2012-07,215,18552.1,19000.0,78.34,62,6114.8,60.4,67.58,7.054,96.31,1.4251,1.4112,37.3,Y
서울,강북구,2012-08,215,18584.9,19000.0,76.03,76,5080.6,48.0,58.95,6.913,77.24,1.3103,1.2395,37.9,Y
서울,강북구,2012-09,161,18963.7,19000.0,78.77,39,6494.1,65.1,71.32,6.84,102.09,1.4314,1.3978,36.3,Y
서울,강북구,2012-10,197,18170.5,18000.0,74.99,65,4343.2,53.9,57.54,6.857,78.71,1.368,1.3517,31.5,Y
서울,강북구,2012-11,133,19133.3,19000.0,77.74,49,4218.7,46.4,58.07,7.091,71.36,1.2288,1.1311,34.9,Y
서울,강북구,2012-12,162,17993.2,18250.0,73.53,39,3200.2,42.8,52.13,7.2,62.02,1.1898,0.926,31.0,Y
서울,강북구,2013-01,150,18610.1,18250.0,74.26,62,4442.3,68.8,66.96,7.2,95.43,1.4251,1.4012,27.9,Y
서울,강북구,2013-02,165,18260.0,18700.0,76.47,75,3961.1,39.1,50.48,7.059,62.37,1.2355,1.0705,37.4,Y
서울,강북구,2013-03,175,18185.4,18500.0,75.19,59,5348.4,50.2,61.28,7.245,82.46,1.3456,1.2086,39.2,Y
서울,강북구,2013-04,140,18300.0,18500.0,73.58,58,4429.4,46.9,58.81,7.0,72.72,1.2366,1.0938,35.5,Y
서울,강북구,2013-05,116,19249.7,19000.0,76.28,31,5834.8,54.8,63.07,6.857,88.15,1.3977,1.3731,37.8,Y
서울,강북구,2013-06,123,19280.2,20000.0,78.31,42,6240.1,61.9,70.64,6.829,97.41,1.3789,1.4117,36.5,Y
서울,강북구,2013-07,125,19149.4,19000.0,74.95,60,3995.8,42.6,50.5,6.722,65.03,1.2878,1.0308,34.4,Y
서울,강북구,2013-08,150,20010.0,20000.0,76.07,37,6963.1,57.8,66.58,6.705,96.66,1.4518,1.3923,40.2,Y
서울,강북구,2013-09,134,20907.7,22000.0,75.61,45,7366.2,48.7,66.02,6.545,88.89,1.3465,1.2743,45.2,Y
서울,강북구,2013-10,157,20891.9,22000.0,75.48,59,7381.0,64.4,69.08,6.494,104.37,1.5108,1.5107,38.3,Y
서울,강북구,2013-11,164,21548.3,23000.0,78.77,40,9360.5,51.5,73.3,6.462,101.95,1.391,1.4036,49.4,Y
서울,강북구,2013-12,146,22681.4,23000.0,79.36,47,8006.3,69.9,74.93,6.2,111.24,1.4846,1.5283,37.2,Y
서울,강북구,2014-01,154,21633.1,22000.0,75.85,64,6953.3,42.4,59.29,6.0,77.17,1.3017,1.2458,45.1,Y
서울,강북구,2014-02,176,21975.9,23000.0,74.21,63,8157.0,56.7,68.01,5.76,95.82,1.4089,1.4168,40.9,Y
서울,강북구,2014-03,200,21256.5,22000.0,74.64,58,8162.0,60.6,70.56,5.729,99.57,1.4112,1.4063,39.1,Y
서울,강북구,2014-04,162,23042.6,24000.0,78.42,56,9958.4,60.7,71.26,5.695,107.97,1.5152,1.487,43.8,Y
서울,강북구,2014-05,202,21906.7,23000.0,76.9,92,5681.8,42.1,55.82,5.6,68.6,1.229,1.0488,38.7,Y
서울,강북구,2014-06,159,22501.1,23000.0,76.52,71,7085.0,39.3,58.95,5.55,72.08,1.2226,1.0785,45.5,Y
서울,강북구,2014-07,171,22720.7,24000.0,77.9,68,6331.1,48.0,56.81,5.475,76.89,1.3534,1.1958,37.6,Y
서울,강북구,2014-08,159,22577.7,23000.0,77.64,55,6749.5,47.8,60.04,5.455,78.52,1.3077,1.2767,39.1,Y
서울,강북구,2014-09,147,22024.1,22000.0,75.67,51,7871.7,57.2,69.75,5.281,91.8,1.3161,1.2669,37.7,Y
서울,강북구,2014-10,158,22633.7,23000.0,76.75,58,8898.3,51.8,71.55,5.333,91.32,1.2764,1.2608,43.3,Y
서울,강북구,2014-11,122,23777.1,25000.0,82.08,37,7331.8,62.9,67.16,5.437,96.11,1.431,1.4224,34.6,Y
서울,강북구,2014-12,115,22843.5,24000.0,74.4,47,6574.8,50.3,60.16,5.482,80.29,1.3346,1.2648,37.4,Y
서울,강북구,2015-01,143,24083.3,25000.0,76.53,59,7287.6,56.2,66.62,5.669,90.58,1.3596,1.3682,38.0,Y
서울,강북구,2015-02,126,22792.1,23000.0,75.01,49,8433.8,55.5,70.24,5.7,95.55,1.3604,1.3014,41.9,Y
서울,강북구,2015-03,164,23383.0,23000.0,76.65,62,9358.4,57.0,72.51,5.5,99.92,1.3782,1.3292,42.9,Y
서울,강북구,2015-04,127,22953.9,24000.0,75.4,56,9071.8,55.1,68.79,5.333,95.37,1.3863,1.414,42.3,Y
서울,강북구,2015-05,109,25486.7,26000.0,80.21,41,8520.0,59.6,70.1,5.2,96.51,1.3766,1.3156,38.3,Y
서울,강북구,2015-06,121,24603.1,24500.0,77.02,49,8228.4,57.0,69.97,5.04,91.52,1.308,1.3123,37.8,Y
서울,강북구,2015-07,130,24364.2,26000.0,73.23,67,9588.7,47.5,64.37,4.898,86.66,1.3462,1.3095,45.2,Y
서울,강북구,2015-08,123,25870.8,27000.0,74.0,51,10176.4,52.1,68.01,4.802,92.82,1.3648,1.31,43.9,Y
서울,강북구,2015-09,111,27233.6,28000.0,76.96,38,10978.8,58.3,75.34,4.8,102.2,1.3566,1.3597,43.0,Y
서울,강북구,2015-10,141,26403.3,28000.0,74.97,50,11259.3,50.4,65.21,4.657,94.14,1.4435,1.4444,46.4,Y
서울,강북구,2015-11,111,28463.8,30000.0,76.81,43,10374.1,41.5,66.51,4.648,81.71,1.2285,1.1855,49.2,Y
서울,강북구,2015-12,131,28440.7,28000.0,75.3,55,11052.6,52.3,69.22,4.5,93.76,1.3545,1.3555,44.2,Y
서울,강북구,2016-01,124,25794.3,27250.0,72.17,68,12121.9,53.4,72.76,4.372,97.52,1.3403,1.3209,45.3,Y
서울,강북구,2016-02,112,27119.8,29000.0,76.99,70,9013.4,57.5,66.71,4.645,92.39,1.3849,1.3805,37.8,Y
서울,강북구,2016-03,142,26675.0,28000.0,72.35,57,13448.2,50.6,70.95,4.364,99.48,1.4021,1.4257,49.2,Y
서울,강북구,2016-04,112,28029.5,29000.0,75.19,58,12453.4,54.3,74.04,4.34,99.39,1.3423,1.3092,45.3,Y
서울,강북구,2016-05,137,28398.7,29500.0,76.06,60,13455.8,56.7,72.74,4.31,105.0,1.4434,1.4997,46.0,Y
서울,강북구,2016-06,135,29004.7,31000.0,78.55,44,11845.8,61.6,73.98,4.286,103.87,1.4042,1.4447,40.7,Y
서울,강북구,2016-07,112,27312.6,29000.0,76.47,67,10756.8,50.3,66.84,4.235,88.26,1.3206,1.3145,43.0,Y
서울,강북구,2016-08,123,28302.8,30500.0,73.77,57,11563.5,58.8,67.98,4.136,98.64,1.451,1.3823,40.4,Y
서울,강북구,2016-09,107,28659.0,28500.0,75.34,41,11320.0,74.3,78.87,4.068,112.71,1.4291,1.452,34.0,Y
서울,강북구,2016-10,135,28792.9,30000.0,76.42,63,11979.3,56.7,69.8,4.0,96.58,1.3837,1.406,41.3,Y
서울,강북구,2016-11,93,30053.0,30000.0,74.79,42,11848.0,64.4,75.09,4.0,103.87,1.3833,1.3819,38.0,Y
서울,강북구,2016-12,123,29492.2,30000.0,77.41,40,9421.0,52.5,64.58,3.991,83.86,1.2985,1.2759,37.4,Y
서울,강북구,2017-01,82,29339.0,30250.0,77.93,43,9478.6,44.8,52.14,4.0,76.43,1.4658,1.4708,41.3,Y
서울,강북구,2017-02,120,28385.8,29000.0,76.39,54,12601.9,56.9,69.82,4.093,99.92,1.4312,1.4548,43.0,Y
서울,강북구,2017-03,129,28942.5,29000.0,77.77,57,10098.4,53.9,67.99,4.138,88.77,1.3056,1.2999,39.2,Y
서울,강북구,2017-04,110,29572.1,29000.0,77.7,41,8948.0,55.6,69.08,4.233,87.18,1.262,1.2534,36.2,Y
서울,강북구,2017-05,114,28404.6,30000.0,74.54,42,10544.6,51.8,63.36,4.235,88.98,1.4044,1.3869,41.8,Y
서울,강북구,2017-06,103,29460.8,28500.0,76.8,43,8913.7,66.0,69.92,4.2,97.24,1.3908,1.4005,32.1,Y
서울,강북구,2017-07,115,29073.3,29500.0,78.1,48,10179.9,61.3,72.84,4.091,96.0,1.3179,1.325,36.2,Y
서울,강북구,2017-08,121,28689.5,30000.0,74.19,58,8902.6,61.1,68.0,4.114,91.57,1.3466,1.3468,33.3,Y
서울,강북구,2017-09,139,27454.7,28000.0,72.81,34,9183.5,59.2,65.52,4.109,90.65,1.3836,1.3102,34.7,Y
서울,강북구,2017-10,81,28375.4,29000.0,76.44,55,8701.2,64.5,67.63,4.075,94.02,1.3901,1.3849,31.4,Y
서울,강북구,2017-11,95,29765.5,31000.0,76.1,50,9961.6,58.5,65.06,4.039,91.99,1.4138,1.3921,36.4,Y
서울,강북구,2017-12,104,32108.7,32750.0,77.94,36,10552.4,65.9,74.5,4.0,101.09,1.3568,1.3815,34.8,Y
서울,강북구,2018-01,101,28581.4,30000.0,73.07,68,11174.7,69.0,72.68,4.0,106.28,1.4623,1.4515,35.0,Y
서울,강북구,2018-02,115,30802.1,31000.0,75.72,48,8368.4,60.9,60.07,4.0,88.75,1.4774,1.4765,31.4,Y
서울,강북구,2018-03,164,30204.3,30500.0,75.25,60,11586.8,59.8,71.83,4.036,98.77,1.375,1.3913,39.5,Y
서울,강북구,2018-04,141,28706.7,29000.0,73.67,39,11179.5,68.0,68.19,4.0,105.29,1.544,1.5103,35.4,Y
서울,강북구,2018-05,122,29456.5,30000.0,76.04,38,10631.9,57.8,65.41,4.1,94.11,1.4387,1.4374,38.6,Y
서울,강북구,2018-06,135,30599.9,30000.0,73.23,41,10082.4,58.9,63.23,4.137,93.61,1.4804,1.3395,37.1,Y
서울,강북구,2018-07,116,26567.5,28750.0,71.02,45,9789.5,57.4,66.59,4.105,90.93,1.3656,1.3583,36.8,Y
서울,강북구,2018-08,142,29813.4,32500.0,74.75,45,8696.9,70.7,67.64,4.123,100.59,1.4871,1.3799,29.7,Y
서울,강북구,2018-09,141,29978.7,32000.0,73.61,36,11922.9,48.1,63.43,4.003,87.88,1.3855,1.4064,45.3,Y
서울,강북구,2018-10,132,32503.8,33500.0,77.75,48,8779.4,59.9,64.37,4.235,90.86,1.4116,1.3898,34.1,Y
서울,강북구,2018-11,103,31493.1,33000.0,78.98,35,7064.8,54.7,59.43,4.07,78.65,1.3234,1.3189,30.5,Y
서울,강북구,2018-12,108,31131.0,30000.0,74.41,40,9139.7,57.8,62.8,4.056,88.72,1.4127,1.4424,34.8,Y
서울,강북구,2019-01,120,31137.3,34000.0,75.97,49,8230.3,49.0,53.38,4.1,77.12,1.4446,1.4069,36.5,Y
서울,강북구,2019-02,112,29849.2,30000.0,76.77,45,10461.4,59.0,66.08,4.135,95.0,1.4376,1.3803,37.9,Y
서울,강북구,2019-03,129,28866.5,30000.0,73.83,54,9668.6,54.6,60.89,4.13,87.9,1.4436,1.4044,37.9,Y
서울,강북구,2019-04,122,27711.1,29000.0,72.38,44,6491.1,63.0,63.15,4.203,85.76,1.3581,1.3564,26.5,Y
서울,강북구,2019-05,109,29960.1,31000.0,74.58,34,7534.0,51.9,60.99,4.297,78.86,1.2929,1.2739,34.2,Y
서울,강북구,2019-06,97,28963.5,29600.0,71.47,33,7733.1,59.5,65.87,4.328,87.37,1.3265,1.3439,31.9,Y
서울,강북구,2019-07,144,28904.6,29000.0,73.0,47,8111.0,62.6,63.82,4.289,91.61,1.4354,1.4312,31.6,Y
서울,강북구,2019-08,128,29772.7,30000.0,73.37,34,7756.4,68.9,71.64,4.286,96.64,1.3489,1.3591,28.7,Y
서울,강북구,2019-09,139,28968.3,30000.0,71.6,48,8081.2,62.0,70.6,4.297,90.91,1.2877,1.2958,31.8,Y
서울,강북구,2019-10,177,29756.2,30000.0,73.58,59,6068.4,76.8,69.53,4.113,97.61,1.4038,1.4527,21.3,Y
서울,강북구,2019-11,125,31900.5,33000.0,78.5,48,10141.8,59.9,67.02,4.068,94.3,1.4069,1.4124,36.5,Y
서울,강북구,2019-12,156,32868.6,34000.0,75.02,44,10913.7,49.6,58.86,4.125,87.15,1.4808,1.4201,43.0,Y
서울,강북구,2020-01,142,30247.8,31000.0,72.73,35,8640.0,71.8,68.87,4.017,100.75,1.4628,1.557,28.7,Y
서울,강북구,2020-02,158,31939.4,32900.0,74.88,73,8141.6,57.7,57.4,4.0,84.81,1.4775,1.456,32.0,Y
서울,강북구,2020-03,138,32970.0,33000.0,72.95,56,8773.5,54.5,58.82,4.0,83.73,1.4234,1.4,34.9,Y
서울,강북구,2020-04,151,30546.4,32000.0,69.09,52,5727.1,53.3,54.76,4.0,72.38,1.3218,1.3729,26.4,Y
서울,강북구,2020-05,131,30117.1,31000.0,69.26,38,5652.3,66.7,58.95,4.0,85.53,1.4507,1.4166,22.0,Y
서울,강북구,2020-06,198,32864.6,35000.0,73.18,60,9703.2,54.8,57.65,4.0,87.11,1.511,1.5144,37.1,Y
서울,강북구,2020-07,201,31235.3,34000.0,71.17,74,8744.0,40.4,55.11,4.0,69.58,1.2625,1.1706,41.9,Y
서울,강북구,2020-08,145,33560.8,34500.0,69.25,49,9357.2,60.9,64.71,4.0,92.05,1.4224,1.4327,33.9,Y
서울,강북구,2020-09,86,36948.7,36250.0,72.46,43,10920.8,67.7,67.04,3.969,103.78,1.548,1.5807,34.8,Y
서울,강북구,2020-10,142,35439.9,36750.0,73.15,55,14323.1,51.8,62.26,3.895,98.31,1.5788,1.5197,47.3,Y
서울,강북구,2020-11,112,35513.2,37650.0,71.03,44,13922.3,65.6,65.56,3.904,110.91,1.6917,1.6087,40.8,Y
서울,강북구,2020-12,121,40875.6,39900.0,72.79,40,12649.3,65.7,69.08,3.892,106.72,1.5448,1.503,38.4,Y
서울,강북구,2021-01,126,36111.7,36750.0,69.27,43,9196.5,66.8,55.6,3.867,96.45,1.7346,1.7098,30.7,Y
서울,강북구,2021-02,122,36030.0,35850.0,72.49,46,9576.2,63.4,59.13,3.728,93.18,1.5758,1.5133,31.9,Y
서울,강북구,2021-03,147,37174.2,36750.0,70.78,57,11422.1,66.6,58.49,3.925,103.97,1.7776,1.7833,35.9,Y
서울,강북구,2021-04,110,38617.3,38000.0,75.84,40,12062.9,63.3,63.92,3.992,103.45,1.6184,1.4502,38.8,Y
서울,강북구,2021-05,140,40098.9,40000.0,78.22,49,9446.2,62.7,65.58,4.098,94.99,1.4485,1.4933,34.0,Y
서울,강북구,2021-06,110,40226.5,40500.0,74.25,55,8245.1,79.2,55.64,4.0,106.72,1.9181,1.9173,25.8,Y
서울,강북구,2021-07,129,39133.8,37800.0,69.45,194,5511.6,35.0,44.1,4.201,54.29,1.231,0.6696,35.5,Y
서울,강북구,2021-08,99,42806.3,43000.0,71.97,44,10817.7,82.9,73.98,4.383,122.38,1.6543,1.7307,32.3,Y
서울,강북구,2021-09,102,36592.9,37800.0,64.75,100,5594.9,44.7,47.02,4.506,65.75,1.3984,1.3881,32.0,Y
서울,강북구,2021-10,124,37811.5,35300.0,67.17,76,11031.2,71.5,54.63,4.615,113.93,2.0853,1.9947,37.2,Y
서울,강북구,2021-11,80,36376.1,36350.0,67.24,97,10989.4,53.7,53.02,4.738,97.1,1.8313,1.7389,44.7,Y
서울,강북구,2021-12,75,41975.2,42500.0,69.08,109,13133.6,46.5,55.8,4.198,92.45,1.6568,1.0608,49.7,Y
서울,강북구,2022-01,92,34537.3,39400.0,63.33,115,6932.1,45.7,45.56,4.241,70.19,1.5406,1.287,34.9,Y
서울,강북구,2022-02,93,32941.7,35000.0,58.98,142,8066.8,68.3,40.49,4.195,96.52,2.384,3.9304,29.2,Y
서울,강북구,2022-03,107,38846.8,43000.0,68.12,176,7748.6,41.6,38.98,4.059,67.82,1.74,1.4469,38.6,Y
서울,강북구,2022-04,129,36349.8,40000.0,61.18,75,11439.5,79.4,56.3,4.292,120.3,2.1367,2.0687,34.0,Y
서울,강북구,2022-05,113,36538.8,38000.0,59.56,98,8650.5,53.4,47.35,4.233,83.91,1.7722,1.7608,36.4,Y
서울,강북구,2022-06,110,37908.3,40500.0,64.65,154,5806.2,37.8,38.22,4.452,59.32,1.5522,0.6798,36.3,Y
서울,강북구,2022-07,125,28139.2,29700.0,59.83,166,5854.8,42.4,45.3,4.972,66.7,1.4725,0.7009,36.4,Y
서울,강북구,2022-08,87,35837.4,39000.0,67.69,92,7684.4,77.7,50.2,4.997,109.74,2.1858,2.0709,29.2,Y
서울,강북구,2022-09,67,34921.6,35000.0,65.54,59,9475.0,60.9,54.26,5.056,100.87,1.8589,1.8128,39.6,Y
서울,강북구,2022-10,68,35689.2,37000.0,70.2,57,7288.0,68.3,55.91,5.012,98.74,1.766,1.7045,30.8,Y
서울,강북구,2022-11,86,34501.6,37500.0,69.49,101,8427.7,68.1,55.67,5.02,103.34,1.8562,1.7784,34.1,Y
서울,강북구,2022-12,75,34254.2,36000.0,69.56,59,9402.2,75.5,56.39,5.013,114.81,2.036,2.1539,34.2,Y
서울,강북구,2023-01,73,33296.8,33000.0,71.49,89,4608.4,71.8,41.87,4.996,91.01,2.1734,2.3887,21.1,Y
서울,강북구,2023-02,123,30850.4,32500.0,66.85,111,6166.0,63.1,46.04,5.143,89.52,1.9442,1.9009,29.5,Y
서울,강북구,2023-03,142,32965.1,34000.0,68.19,147,5829.7,50.6,41.95,5.324,76.49,1.8236,1.5498,33.8,Y
서울,강북구,2023-04,110,29920.7,33000.0,66.31,105,6480.6,75.2,48.29,5.433,104.57,2.1654,1.9761,28.1,Y
서울,강북구,2023-05,110,33747.4,35000.0,71.47,119,7583.1,66.2,49.8,5.333,99.93,2.0066,1.8189,33.7,Y
서울,강북구,2023-06,113,33799.3,35000.0,71.35,131,4679.8,58.4,41.56,5.486,79.83,1.921,1.6127,26.8,Y
서울,강북구,2023-07,130,35588.2,37000.0,75.62,114,5411.5,57.0,38.43,5.217,80.5,2.0946,1.933,29.2,Y
서울,강북구,2023-08,128,36197.6,37000.0,76.33,78,7996.1,85.3,54.68,5.143,119.53,2.1859,2.1987,28.7,Y
서울,강북구,2023-09,116,35840.5,37250.0,68.92,115,8118.1,56.1,51.56,5.031,90.18,1.7492,1.7217,37.7,Y
서울,강북구,2023-10,82,33839.4,34500.0,67.48,60,8416.3,82.4,57.98,4.923,116.96,2.0174,2.228,29.5,Y
서울,강북구,2023-11,99,36474.2,38580.0,71.55,74,10311.4,82.6,58.9,5.049,125.96,2.1384,2.1317,34.4,Y
서울,강북구,2023-12,93,36047.4,35280.0,70.3,136,7965.8,62.4,49.2,4.823,94.39,1.9185,1.744,33.9,Y
서울,강북구,2024-01,113,35826.0,39000.0,65.82,90,4234.5,83.6,41.0,4.865,100.72,2.4568,3.2987,17.0,Y
서울,강북구,2024-02,104,33026.2,34000.0,64.17,110,6154.6,79.8,39.45,4.924,105.03,2.6624,3.3844,24.0,Y
서울,강북구,2024-03,117,35852.6,38000.0,67.89,131,5702.9,60.1,41.24,5.053,84.11,2.0397,1.799,28.5,Y
서울,강북구,2024-04,94,31398.4,32000.0,61.18,90,8955.8,89.3,59.2,5.044,126.96,2.1445,2.1262,29.6,Y
서울,강북구,2024-05,102,37916.3,39000.0,67.1,111,6562.4,56.4,43.86,5.07,84.1,1.9174,1.7676,33.0,Y
서울,강북구,2024-06,109,35754.7,35000.0,64.06,82,7089.4,71.8,45.94,5.141,102.14,2.2234,2.1485,29.7,Y
서울,강북구,2024-07,132,36132.9,41000.0,65.53,109,7793.3,70.6,46.98,5.092,103.7,2.2073,2.3189,31.9,Y
서울,강북구,2024-08,112,40041.1,41000.0,67.8,93,6519.3,90.4,47.13,5.008,117.64,2.496,2.6331,23.1,Y
서울,강북구,2024-09,82,41020.3,45000.0,69.98,96,7148.7,65.6,45.55,4.865,94.62,2.0773,1.8317,30.6,Y
서울,강북구,2024-10,101,37755.9,39000.0,67.89,100,6463.4,81.4,49.94,4.918,107.89,2.1605,2.0254,24.6,Y
서울,강북구,2024-11,73,39067.7,40000.0,72.36,78,6637.1,88.8,44.34,4.974,116.28,2.6222,2.5788,23.7,Y
서울,강북구,2024-12,81,38306.6,42000.0,70.88,122,4850.1,69.3,36.36,5.1,89.92,2.4729,2.3243,22.9,Y
서울,강북구,2025-01,87,35927.2,39000.0,63.76,182,4359.6,61.1,33.35,5.058,79.48,2.3831,1.8913,23.1,Y
서울,강북구,2025-02,101,36786.9,38000.0,66.57,104,5242.9,79.3,42.1,5.131,101.68,2.4152,2.3841,22.0,Y
서울,강북구,2025-03,93,39555.0,40000.0,73.72,84,6453.0,80.7,46.04,5.083,108.04,2.3467,2.2017,25.3,Y
서울,강북구,2025-04,94,34730.6,38790.0,69.43,121,5710.8,64.9,44.93,5.091,89.13,1.9836,1.892,27.2,Y
서울,강북구,2025-05,89,36657.3,39000.0,68.77,86,5261.2,59.4,41.73,5.077,81.68,1.9572,1.9084,27.3,Y
서울,강북구,2025-06,71,38651.7,40000.0,71.82,73,7137.1,87.5,48.98,5.113,117.94,2.4082,2.5795,25.8,Y
서울,강북구,2025-07,70,38365.1,39500.0,70.62,118,6513.8,76.4,45.84,5.106,104.16,2.2723,2.1296,26.6,Y
서울,강북구,2025-08,48,38254.0,41945.0,71.38,99,4635.1,92.8,39.42,5.143,112.67,2.8583,3.6586,17.6,Y
서울,강북구,2025-09,103,36228.2,37000.0,66.48,122,4720.9,60.8,44.13,5.41,82.1,1.8605,1.6491,25.9,Y
서울,강북구,2025-10,51,40496.1,43000.0,76.68,61,6960.4,92.2,52.87,5.176,122.19,2.3111,2.2586,24.6,Y
서울,강북구,2025-11,70,38939.4,40000.0,70.35,84,7863.5,97.8,48.53,5.004,130.63,2.6915,2.6608,25.1,Y
서울,강북구,2025-12,65,46106.2,50000.0,71.46,106,8371.9,87.3,45.75,4.954,121.88,2.664,2.774,28.4,Y
서울,강북구,2026-01,66,47335.6,47000.0,72.12,107,5942.3,98.9,41.03,4.854,122.97,2.9972,3.5083,19.5,Y
서울,강북구,2026-02,62,46141.9,45000.0,76.27,113,5008.8,94.1,36.59,4.8,114.18,3.1207,4.0377,17.5,Y
서울,강북구,2026-03,71,41357.7,42000.0,67.19,83,10191.9,105.7,50.7,4.723,145.81,2.8757,3.3991,27.5,Y
서울,강북구,2026-04,63,48794.2,49000.0,73.47,82,11119.9,102.5,54.07,4.764,146.59,2.7114,2.9585,30.1,Y
서울,강북구,2026-05,50,45490.0,48500.0,68.12,82,8439.2,104.2,50.84,4.807,137.96,2.7136,2.7432,24.5,Y
서울,강북구,2026-06,56,45262.5,43500.0,66.66,150,8220.4,70.9,43.62,4.913,104.55,2.3968,2.0001,32.2,Y
서울,강북구,2026-07,58,41393.9,32500.0,63.85,74,6629.5,89.8,40.53,4.964,117.26,2.8933,3.8302,23.4,Y
서울,강북구,2026-08,44,44151.2,44500.0,63.36,71,8253.4,110.7,46.01,,,,,,Y
서울,강북구,2026-09,34,45223.1,44075.0,67.93,24,11332.2,108.0,50.07,,,,,,Y
서울,강서구,2011-01,575,18615.4,18000.0,74.65,114,5921.4,63.4,63.21,7.567,100.72,1.5934,1.6101,37.1,Y
서울,강서구,2011-02,646,17755.7,17600.0,71.24,114,6733.4,46.7,58.1,7.567,89.15,1.5344,1.5793,47.6,Y
서울,강서구,2011-03,654,18656.6,18000.0,73.52,117,6315.4,54.7,61.53,7.567,94.53,1.5365,1.625,42.1,Y
서울,강서구,2011-04,557,18846.1,18500.0,73.38,128,6192.0,52.5,56.97,7.567,91.57,1.6074,1.6336,42.6,Y
서울,강서구,2011-05,463,18460.9,18000.0,72.17,98,6599.3,53.6,58.51,7.567,95.22,1.6275,1.6863,43.7,Y
서울,강서구,2011-06,479,18825.9,18000.0,71.0,87,5967.0,56.9,59.86,7.567,94.56,1.5796,1.6636,39.8,Y
서울,강서구,2011-07,457,18804.0,18000.0,71.69,91,5964.1,59.7,59.3,7.5,96.98,1.6353,1.6741,38.4,Y
서울,강서구,2011-08,523,19579.2,19000.0,73.02,124,6895.5,59.9,62.1,7.43,102.6,1.6523,1.6963,41.6,Y
서울,강서구,2011-09,513,19796.5,19500.0,72.62,117,6663.1,60.3,59.5,7.385,101.29,1.7023,1.7701,40.5,Y
서울,강서구,2011-10,579,18877.0,19000.0,71.6,96,7825.7,58.2,62.77,7.33,106.03,1.6892,1.7335,45.1,Y
서울,강서구,2011-11,515,19991.2,19500.0,75.76,133,5595.7,43.9,56.6,7.242,77.69,1.3725,1.1644,43.5,Y
서울,강서구,2011-12,550,20899.7,21000.0,74.75,170,5251.5,40.3,52.44,7.2,71.81,1.3693,0.9568,43.9,Y
서울,강서구,2012-01,550,20804.3,20000.0,73.19,92,7077.5,51.9,56.53,7.251,94.69,1.6751,1.6865,45.2,Y
서울,강서구,2012-02,740,20724.8,20000.0,73.33,115,7949.5,61.5,64.25,7.228,109.39,1.7027,1.6971,43.8,Y
서울,강서구,2012-03,671,19684.5,19000.0,71.78,106,8066.5,57.2,64.7,7.206,105.65,1.6329,1.6329,45.8,Y
서울,강서구,2012-04,576,19643.6,19000.0,71.98,83,6567.2,57.3,58.28,7.2,96.7,1.6592,1.6875,40.7,Y
서울,강서구,2012-05,495,19745.1,19500.0,71.77,116,5627.2,49.5,56.87,7.194,83.19,1.4629,1.5179,40.6,Y
서울,강서구,2012-06,499,19611.1,19000.0,71.61,125,6026.2,59.7,60.85,7.155,95.63,1.5715,1.6804,37.6,Y
서울,강서구,2012-07,543,19268.7,19000.0,70.87,208,5199.5,36.5,53.45,7.034,66.93,1.2523,0.9652,45.5,Y
서울,강서구,2012-08,526,19465.5,19000.0,71.72,133,5714.5,54.5,58.12,6.968,87.63,1.5077,1.5705,37.9,Y
서울,강서구,2012-09,495,19992.3,20000.0,72.12,106,6199.7,53.8,56.79,6.983,89.91,1.5832,1.6359,40.1,Y
서울,강서구,2012-10,566,20058.1,20000.0,72.47,94,6920.1,55.5,62.04,6.98,95.71,1.5426,1.592,42.1,Y
서울,강서구,2012-11,448,19443.8,19000.0,71.09,200,5114.1,32.9,52.09,6.787,61.83,1.1871,0.8652,46.8,Y
서울,강서구,2012-12,516,21969.9,21000.0,75.57,92,6575.9,55.7,61.48,6.775,92.85,1.5104,1.6048,40.0,Y
서울,강서구,2013-01,600,21132.2,21000.0,72.85,137,6601.2,56.1,57.62,6.8,93.51,1.6228,1.6582,40.0,Y
서울,강서구,2013-02,598,21177.1,20000.0,73.92,171,6009.2,45.0,50.49,6.735,78.72,1.559,1.6225,42.8,Y
서울,강서구,2013-03,658,20832.8,20000.0,72.36,156,6441.3,54.7,57.63,6.716,90.76,1.575,1.6125,39.7,Y
서울,강서구,2013-04,471,21169.5,21000.0,72.99,156,6287.7,52.9,53.81,6.71,88.08,1.6369,1.649,39.9,Y
서울,강서구,2013-05,460,20776.8,21000.0,72.58,112,7135.8,49.9,57.88,6.8,90.36,1.5612,1.605,44.7,Y
서울,강서구,2013-06,465,20307.7,19500.0,70.62,117,6544.1,55.2,55.14,6.667,91.59,1.6608,1.6134,39.7,Y
서울,강서구,2013-07,454,20903.4,20500.0,69.82,147,6194.1,51.3,54.41,6.57,85.22,1.5661,1.5751,39.8,Y
서울,강서구,2013-08,472,22828.8,23000.0,73.59,156,8919.7,52.5,61.33,6.462,100.52,1.6391,1.6714,47.8,Y
서울,강서구,2013-09,406,24258.6,24000.0,76.9,139,7851.8,55.7,57.09,6.5,98.24,1.7207,1.7318,43.3,Y
서울,강서구,2013-10,545,22441.6,22000.0,73.26,195,8695.3,55.3,56.67,6.388,101.62,1.7934,1.7903,45.5,Y
서울,강서구,2013-11,473,23217.1,22500.0,75.7,173,6483.3,48.3,53.4,6.4,82.91,1.5527,1.6498,41.7,Y
서울,강서구,2013-12,511,23665.4,23500.0,73.61,173,8423.1,39.5,55.15,6.333,83.91,1.5214,1.5826,53.0,Y
서울,강서구,2014-01,541,23538.8,23000.0,73.56,158,8790.5,56.2,60.96,6.254,102.06,1.6741,1.7222,44.9,Y
서울,강서구,2014-02,629,23906.5,23500.0,72.72,210,10729.8,49.9,61.82,6.0,103.53,1.6747,1.653,51.8,Y
서울,강서구,2014-03,624,22636.1,22500.0,69.97,181,8536.9,53.0,57.31,6.0,95.73,1.6703,1.7045,44.6,Y
서울,강서구,2014-04,568,23038.8,22500.0,70.47,135,8034.7,53.7,56.83,6.0,93.83,1.651,1.6726,42.8,Y
서울,강서구,2014-05,558,22850.5,23000.0,72.6,162,7245.4,45.5,55.35,6.0,81.75,1.4769,1.5152,44.3,Y
서울,강서구,2014-06,676,22071.5,22000.0,72.11,107,6175.2,52.5,52.46,5.845,82.55,1.5734,1.5633,36.4,Y
서울,강서구,2014-07,688,21957.7,22000.0,72.33,212,6256.8,43.4,56.57,5.806,73.69,1.3025,1.3252,41.1,Y
서울,강서구,2014-08,723,22696.6,22000.0,74.93,176,6304.5,55.7,59.55,5.813,86.26,1.4485,1.4817,35.4,Y
서울,강서구,2014-09,679,23100.9,23000.0,74.47,161,6763.1,60.0,62.65,5.754,92.42,1.4752,1.5083,35.1,Y
서울,강서구,2014-10,593,23688.6,23000.0,74.08,168,7089.2,57.0,59.44,5.778,91.15,1.5334,1.5805,37.4,Y
서울,강서구,2014-11,486,23299.3,23000.0,72.82,213,6818.0,48.6,58.51,5.727,81.13,1.3866,1.4593,40.1,Y
서울,강서구,2014-12,529,23778.8,23500.0,73.78,159,8890.7,48.3,61.56,5.9,92.04,1.495,1.5099,47.5,Y
서울,강서구,2015-01,577,25137.9,25000.0,73.33,213,9665.6,55.8,63.47,5.776,102.34,1.6123,1.6112,45.5,Y
서울,강서구,2015-02,504,25143.0,25000.0,72.91,180,10183.3,48.8,61.92,5.776,97.81,1.5796,1.6025,50.1,Y
서울,강서구,2015-03,622,24878.7,25000.0,71.48,219,9303.8,53.2,58.0,5.65,96.99,1.6722,1.659,45.2,Y
서울,강서구,2015-04,513,26487.0,26000.0,73.62,215,10030.3,59.4,64.03,5.486,105.21,1.643,1.6458,43.6,Y
서울,강서구,2015-05,464,25957.1,25000.0,71.27,167,9157.5,55.6,57.76,5.448,97.18,1.6826,1.6645,42.8,Y
서울,강서구,2015-06,436,28095.7,27000.0,74.93,177,11067.2,54.9,62.25,5.143,102.37,1.6445,1.625,46.3,Y
서울,강서구,2015-07,450,27389.1,27150.0,72.58,207,10538.9,57.8,62.59,5.101,102.6,1.6392,1.6446,43.7,Y
서울,강서구,2015-08,421,28041.4,27000.0,70.48,190,10299.0,55.7,59.82,4.966,98.36,1.6442,1.6714,43.3,Y
서울,강서구,2015-09,421,28366.7,28000.0,69.83,161,10544.3,61.0,61.29,4.866,103.76,1.693,1.6692,41.2,Y
서울,강서구,2015-10,545,28093.5,28000.0,69.7,230,11608.9,59.6,61.26,4.615,104.28,1.7023,1.7285,42.8,Y
서울,강서구,2015-11,416,29111.0,29250.0,73.11,202,11658.8,49.7,60.79,4.5,93.45,1.5372,1.5653,46.8,Y
서울,강서구,2015-12,519,30949.2,30000.0,75.03,226,13442.2,53.1,64.42,4.473,103.25,1.6028,1.6646,48.5,Y
서울,강서구,2016-01,516,29625.0,29250.0,68.91,233,13442.1,52.2,59.58,4.459,102.14,1.7144,1.7242,48.9,Y
서울,강서구,2016-02,543,28373.6,28000.0,69.47,272,12122.4,51.8,62.35,4.476,96.97,1.5552,1.6315,46.6,Y
서울,강서구,2016-03,611,29365.2,29000.0,69.8,283,13026.2,54.2,61.49,4.444,102.4,1.6654,1.6723,47.1,Y
서울,강서구,2016-04,602,29286.8,26850.0,68.96,225,12809.5,54.2,61.84,4.431,101.49,1.6413,1.675,46.6,Y
서울,강서구,2016-05,538,29812.5,29150.0,70.26,230,12642.7,54.9,63.47,4.444,101.72,1.6027,1.6639,46.0,Y
서울,강서구,2016-06,606,30989.7,30000.0,72.61,248,14374.6,56.1,67.8,4.4,108.84,1.6054,1.6335,48.4,Y
서울,강서구,2016-07,915,27289.6,26000.0,69.72,282,13875.7,47.2,65.09,4.335,97.37,1.496,1.576,51.5,Y
서울,강서구,2016-08,1057,26004.4,21420.0,70.29,251,13013.1,52.8,63.69,4.286,99.31,1.5593,1.6107,46.8,Y
서울,강서구,2016-09,662,30971.9,30000.0,72.63,217,12878.1,57.8,65.42,4.235,103.24,1.5783,1.6006,44.0,Y
서울,강서구,2016-10,765,31909.6,32000.0,74.28,276,11423.8,57.5,62.96,4.212,97.57,1.5497,1.5914,41.1,Y
서울,강서구,2016-11,598,30525.4,30000.0,72.6,240,10803.9,50.7,60.61,4.224,88.72,1.4637,1.4981,42.9,Y
서울,강서구,2016-12,543,31840.8,31000.0,73.72,196,12042.7,55.2,61.67,4.174,97.09,1.5744,1.6142,43.1,Y
서울,강서구,2017-01,492,31193.2,30500.0,72.49,165,11830.6,54.7,60.3,4.224,96.3,1.5971,1.604,43.2,Y
서울,강서구,2017-02,645,29605.9,29200.0,69.4,258,12027.3,54.1,62.55,4.174,95.98,1.5344,1.5798,43.6,Y
서울,강서구,2017-03,639,30839.4,30000.0,70.97,209,12597.3,53.9,61.7,4.174,97.72,1.5838,1.5995,44.8,Y
서울,강서구,2017-04,505,31614.4,31000.0,72.57,218,10836.0,56.2,61.36,4.168,93.8,1.5286,1.575,40.1,Y
서울,강서구,2017-05,578,31802.2,32000.0,72.72,175,10742.6,59.9,61.07,4.174,97.26,1.5926,1.6188,38.4,Y
서울,강서구,2017-06,631,32145.5,32000.0,71.08,179,10170.8,57.1,57.77,4.183,92.58,1.6027,1.613,38.3,Y
서울,강서구,2017-07,637,32510.0,33000.0,70.62,171,9621.6,60.4,59.19,4.138,93.59,1.5813,1.6156,35.4,Y
서울,강서구,2017-08,598,32095.6,32000.0,70.46,159,10140.5,66.3,61.05,4.154,101.37,1.6604,1.652,34.6,Y
서울,강서구,2017-09,578,31294.3,31000.0,67.61,166,10140.1,68.1,62.88,4.163,103.32,1.6433,1.6974,34.0,Y
서울,강서구,2017-10,524,31830.6,32000.0,71.57,134,11700.3,62.6,61.37,4.044,102.02,1.6625,1.6021,38.7,Y
서울,강서구,2017-11,563,31382.8,31500.0,73.02,157,11118.4,57.2,63.51,4.035,94.62,1.49,1.5311,39.5,Y
서울,강서구,2017-12,571,33318.7,33000.0,72.74,200,11217.3,53.7,60.27,4.091,91.91,1.5249,1.5339,41.6,Y
서울,강서구,2018-01,590,33273.7,32000.0,69.64,176,11697.2,60.7,62.86,4.123,100.86,1.6045,1.6078,39.8,Y
서울,강서구,2018-02,540,32848.8,32000.0,68.71,175,11270.5,56.6,57.21,4.093,95.05,1.6613,1.6992,40.4,Y
서울,강서구,2018-03,803,32372.5,31000.0,70.94,191,10315.3,61.8,60.44,4.007,96.25,1.5926,1.6333,35.8,Y
서울,강서구,2018-04,549,31925.3,31000.0,69.15,139,11534.5,59.6,63.73,4.026,98.28,1.5421,1.5678,39.4,Y
서울,강서구,2018-05,554,32100.7,32000.0,69.85,158,11617.0,56.2,61.75,4.022,95.11,1.5401,1.5891,40.9,Y
서울,강서구,2018-06,636,33403.0,33000.0,70.11,168,12329.5,63.6,62.6,4.0,104.68,1.6721,1.6566,39.3,Y
서울,강서구,2018-07,842,29799.8,27000.0,69.64,228,10388.3,52.8,61.32,4.0,87.45,1.4261,1.4155,39.6,Y
서울,강서구,2018-08,931,30809.7,30000.0,70.64,184,14196.9,56.8,66.22,4.0,104.12,1.5723,1.5879,45.4,Y
서울,강서구,2018-09,699,34666.1,33500.0,72.01,168,12970.7,61.7,61.46,4.0,104.89,1.7067,1.7228,41.2,Y
서울,강서구,2018-10,856,34406.9,33000.0,72.5,229,12385.1,60.9,63.44,4.0,102.21,1.6113,1.6578,40.4,Y
서울,강서구,2018-11,688,33165.6,32000.0,70.72,248,9620.1,48.9,57.79,4.0,80.98,1.4013,1.5068,39.6,Y
서울,강서구,2018-12,612,34048.9,34000.0,71.02,174,11563.0,53.0,58.29,4.013,91.63,1.5722,1.6087,42.2,Y
서울,강서구,2019-01,627,32558.8,31500.0,67.28,197,11223.4,60.6,59.47,4.036,98.37,1.654,1.6725,38.4,Y
서울,강서구,2019-02,669,31592.0,30500.0,66.58,194,8968.7,54.9,54.68,4.05,85.18,1.5577,1.6421,35.5,Y
서울,강서구,2019-03,710,32465.8,32000.0,68.08,175,10786.3,65.8,61.8,4.138,103.02,1.6672,1.6148,36.1,Y
서울,강서구,2019-04,608,32911.3,33000.0,67.59,162,9883.9,57.9,59.1,4.16,92.15,1.5593,1.611,37.2,Y
서울,강서구,2019-05,668,33267.5,33000.0,67.02,186,9141.6,61.1,58.27,4.154,92.78,1.5923,1.647,34.1,Y
서울,강서구,2019-06,697,33342.8,34000.0,66.45,166,8424.1,57.7,52.67,4.174,87.01,1.6519,1.6909,33.7,Y
서울,강서구,2019-07,729,34183.7,34000.0,68.71,194,11417.3,52.1,52.32,4.211,92.16,1.7615,1.7088,43.5,Y
서울,강서구,2019-08,695,33715.0,33000.0,66.31,247,11133.2,53.2,50.3,4.168,91.89,1.8267,1.8515,42.1,Y
서울,강서구,2019-09,556,33222.3,32000.0,66.3,198,11747.8,54.1,49.55,4.154,94.79,1.9132,1.8538,42.9,Y
서울,강서구,2019-10,769,33365.2,32000.0,69.03,191,10512.3,63.9,55.91,4.068,99.5,1.7797,1.7196,35.8,Y
서울,강서구,2019-11,763,34331.3,34000.0,69.94,245,9691.1,51.0,55.65,4.123,84.33,1.5154,1.5939,39.5,Y
서울,강서구,2019-12,857,35764.8,35000.0,69.76,296,8977.9,47.7,51.87,4.216,79.27,1.5283,1.5496,39.8,Y
서울,강서구,2020-01,703,35549.8,34650.0,67.73,191,11489.6,56.6,55.01,4.077,95.62,1.7383,1.7418,40.8,Y
서울,강서구,2020-02,952,35232.6,34000.0,67.42,227,11407.5,61.7,55.3,4.0,99.76,1.8039,1.7698,38.1,Y
서울,강서구,2020-03,723,33670.5,32000.0,63.89,210,11995.7,54.5,58.35,4.0,94.47,1.6191,1.6491,42.3,Y
서울,강서구,2020-04,719,33415.8,31950.0,64.81,190,10916.9,61.8,57.14,4.0,98.23,1.719,1.6731,37.0,Y
서울,강서구,2020-05,713,33883.0,33000.0,64.27,206,12410.0,50.2,55.11,3.941,90.91,1.6495,1.6588,44.8,Y
서울,강서구,2020-06,821,35007.1,33000.0,65.98,313,10468.7,49.5,43.19,3.864,83.25,1.9275,2.1305,40.5,Y
서울,강서구,2020-07,1373,31130.4,28300.0,66.18,449,10883.3,45.7,51.81,3.876,80.89,1.5614,1.5962,43.5,Y
서울,강서구,2020-08,1252,30400.9,25000.0,66.47,407,12484.4,46.3,53.43,4.0,87.89,1.6448,1.7508,47.3,Y
서울,강서구,2020-09,722,34728.7,32500.0,65.04,284,14023.5,54.1,54.43,4.0,100.88,1.8532,1.9178,46.3,Y
서울,강서구,2020-10,804,35739.9,33250.0,67.52,241,12613.8,61.4,58.31,4.0,103.41,1.7733,1.7949,40.7,Y
서울,강서구,2020-11,753,35428.5,32300.0,66.58,302,10411.9,49.3,54.1,4.0,84.01,1.5528,1.6256,41.3,Y
서울,강서구,2020-12,606,42040.0,40000.0,69.16,243,12786.7,48.2,52.15,4.031,91.18,1.7483,1.8792,47.1,Y
서울,강서구,2021-01,603,40527.9,39900.0,68.04,284,11518.7,48.1,46.66,4.154,88.02,1.8865,1.9053,45.3,Y
서울,강서구,2021-02,654,37812.8,35850.0,66.13,309,10960.7,51.7,50.29,4.211,90.2,1.7936,1.8728,42.6,Y
서울,강서구,2021-03,696,40838.7,39000.0,65.52,285,14247.3,64.3,53.41,4.22,114.41,2.1421,2.2876,43.8,Y
서울,강서구,2021-04,700,39224.5,36400.0,64.35,913,7872.5,36.5,50.5,3.84,61.68,1.2214,0.9289,40.8,Y
서울,강서구,2021-05,797,41228.5,38000.0,66.27,263,16418.4,61.5,56.0,3.158,104.68,1.8692,1.8363,41.3,Y
서울,강서구,2021-06,648,42016.8,39000.0,66.37,347,12754.5,52.0,53.82,2.943,83.32,1.5482,1.6182,37.5,Y
서울,강서구,2021-07,573,41551.4,39000.0,62.41,299,12131.1,61.0,49.37,2.866,90.01,1.8233,1.7868,32.2,Y
서울,강서구,2021-08,635,40687.8,36750.0,63.86,643,8662.8,46.1,47.25,2.617,65.02,1.3762,1.6211,29.1,Y
서울,강서구,2021-09,430,43397.2,40000.0,63.21,294,12898.1,60.0,52.73,2.4,85.78,1.6267,1.7568,30.1,Y
서울,강서구,2021-10,576,43219.6,40000.0,66.9,616,9656.6,44.7,51.39,3.317,71.43,1.3899,1.0484,37.4,Y
서울,강서구,2021-11,526,41289.7,36725.0,67.77,294,13052.2,66.6,54.2,3.611,105.89,1.9538,1.9529,37.1,Y
서울,강서구,2021-12,478,42240.0,40000.0,63.18,488,11284.1,48.2,44.92,3.818,84.12,1.8727,1.9878,42.7,Y
서울,강서구,2022-01,454,43972.0,41000.0,63.61,372,11385.1,63.4,45.19,3.874,100.18,2.2167,2.381,36.7,Y
서울,강서구,2022-02,467,40647.4,38000.0,63.8,299,13726.1,65.0,52.79,3.99,110.67,2.0964,2.1882,41.2,Y
서울,강서구,2022-03,704,37641.0,34000.0,64.66,363,10968.9,58.3,51.36,3.947,94.41,1.8383,1.979,38.2,Y
서울,강서구,2022-04,523,43173.6,40000.0,63.52,421,11619.0,57.2,52.71,4.013,96.05,1.8222,1.9784,40.5,Y
서울,강서구,2022-05,539,39894.1,37000.0,60.24,341,12724.6,58.1,49.03,4.068,101.24,2.065,2.1589,42.6,Y
서울,강서구,2022-06,436,41777.3,39187.5,62.04,277,15584.8,67.3,53.87,4.091,120.4,2.2352,2.2514,44.1,Y
서울,강서구,2022-07,937,28926.3,23619.0,65.32,464,11864.8,46.3,52.63,3.924,85.09,1.6167,1.3006,45.6,Y
서울,강서구,2022-08,1042,27129.8,21559.0,66.43,369,12072.8,61.4,55.95,4.076,102.37,1.8296,1.9303,40.1,Y
서울,강서구,2022-09,488,40062.2,35000.0,66.28,304,15346.1,65.2,55.26,4.115,117.86,2.1329,2.2506,44.7,Y
서울,강서구,2022-10,576,35106.5,30750.0,63.13,306,13778.1,75.5,55.7,4.174,123.43,2.2159,2.3221,38.8,Y
서울,강서구,2022-11,651,32369.7,30097.0,63.8,413,10518.5,54.4,55.87,4.319,92.27,1.6515,1.7278,41.0,Y
서울,강서구,2022-12,457,38137.3,37800.0,65.05,423,10318.8,67.1,54.54,4.334,104.39,1.9141,2.1412,35.7,Y
서울,강서구,2023-01,517,38067.9,37006.0,66.77,312,10524.0,73.8,51.43,4.621,114.33,2.2231,2.3795,35.4,Y
서울,강서구,2023-02,761,35795.1,35000.0,65.71,435,10688.6,69.4,54.94,4.664,110.9,2.0185,2.1524,37.5,Y
서울,강서구,2023-03,772,38077.5,37900.0,67.83,316,11863.8,78.9,54.34,4.8,126.34,2.3249,2.3568,37.6,Y
서울,강서구,2023-04,669,35822.8,33750.0,63.92,386,11224.9,64.1,52.25,4.836,109.33,2.0923,2.1042,41.4,Y
서울,강서구,2023-05,590,37089.8,35000.0,66.4,363,10954.0,72.1,51.1,4.825,116.1,2.2719,2.3622,37.9,Y
서울,강서구,2023-06,629,37279.4,35600.0,65.81,578,9029.4,46.7,50.91,4.644,81.62,1.6031,1.0009,42.8,Y
서울,강서구,2023-07,515,39358.9,40000.0,67.2,341,10861.7,69.4,48.22,4.645,111.45,2.3112,2.3178,37.7,Y
서울,강서구,2023-08,533,40574.9,39000.0,69.35,349,10834.4,67.6,53.86,4.615,109.32,2.0297,2.1279,38.1,Y
서울,강서구,2023-09,604,39253.0,36465.0,67.87,320,11376.0,73.1,53.23,4.529,116.04,2.1797,2.2923,37.0,Y
서울,강서구,2023-10,643,39182.0,37000.0,66.57,369,11879.7,64.5,52.61,4.465,108.72,2.0663,2.2218,40.7,Y
서울,강서구,2023-11,608,40828.7,40000.0,68.84,326,12931.6,64.3,52.42,4.4,111.71,2.1309,2.3055,42.4,Y
서울,강서구,2023-12,541,43576.9,40000.0,68.76,384,11072.8,55.8,48.42,4.58,98.1,2.0259,2.2097,43.1,Y
서울,강서구,2024-01,556,43831.3,43000.0,67.69,462,9146.4,57.6,48.14,4.5,91.87,1.9084,2.0298,37.3,Y
서울,강서구,2024-02,426,43421.8,42250.0,66.85,302,11029.7,76.5,51.86,4.615,118.87,2.2922,2.4899,35.7,Y
서울,강서구,2024-03,603,39717.9,37000.0,65.79,382,11547.5,59.5,48.92,4.481,102.66,2.0984,2.3114,42.0,Y
서울,강서구,2024-04,447,43905.4,42000.0,66.75,295,11369.5,75.3,47.41,4.522,118.17,2.4926,2.632,36.3,Y
서울,강서구,2024-05,532,42576.6,40000.0,66.69,375,11473.9,63.7,48.12,4.396,105.74,2.1976,2.4389,39.7,Y
서울,강서구,2024-06,501,44044.0,41343.0,66.52,313,12144.9,66.7,51.73,4.333,110.56,2.1373,2.3639,39.7,Y
서울,강서구,2024-07,842,33452.5,25811.0,68.71,432,11382.0,51.9,51.67,4.235,92.09,1.7822,1.3951,43.6,Y
서울,강서구,2024-08,1013,32135.0,25811.0,67.03,421,12521.4,52.2,53.89,4.2,96.04,1.7823,1.8001,45.6,Y
서울,강서구,2024-09,447,41857.9,39000.0,65.7,271,11268.1,80.9,49.58,4.19,120.29,2.4262,2.5828,32.7,Y
서울,강서구,2024-10,591,41591.2,36000.0,67.16,350,12458.7,67.6,51.13,4.118,110.37,2.1583,2.3568,38.7,Y
서울,강서구,2024-11,598,40145.8,35000.0,66.97,405,9728.4,57.2,48.52,4.128,90.67,1.8688,2.194,36.9,Y
서울,강서구,2024-12,357,49472.4,49000.0,72.35,345,13153.0,76.1,53.21,4.119,121.26,2.279,2.4824,37.2,Y
서울,강서구,2025-01,433,43995.9,41760.0,65.39,286,11440.8,73.7,48.65,4.385,115.51,2.3742,2.5992,36.2,Y
서울,강서구,2025-02,513,43440.5,41343.0,66.8,394,11009.2,67.1,51.18,4.5,108.37,2.1172,2.3274,38.1,Y
서울,강서구,2025-03,454,47062.9,45000.0,68.4,309,12736.9,82.1,52.93,4.583,130.77,2.4705,2.5971,37.2,Y
서울,강서구,2025-04,402,43161.8,41343.0,66.04,369,12119.5,68.4,48.4,4.593,114.84,2.3725,2.5551,40.4,Y
서울,강서구,2025-05,381,45559.3,44000.0,66.25,500,11330.4,66.4,41.2,4.588,109.69,2.6621,3.0709,39.5,Y
서울,강서구,2025-06,385,46984.7,47000.0,66.53,642,9875.6,58.1,44.14,4.415,94.39,2.1385,2.5225,38.5,Y
서울,강서구,2025-07,320,48222.5,48000.0,69.1,353,12719.8,78.7,48.04,4.421,125.6,2.6147,2.8045,37.3,Y
서울,강서구,2025-08,365,46213.8,44600.0,68.21,328,10480.4,80.4,47.9,4.422,118.99,2.4843,2.6419,32.5,Y
서울,강서구,2025-09,375,47536.3,44000.0,70.57,320,12969.0,84.4,52.39,4.39,131.85,2.5165,2.6805,36.0,Y
서울,강서구,2025-10,364,50452.7,50000.0,70.3,359,11988.6,75.0,50.95,4.369,118.6,2.3277,2.5494,36.8,Y
서울,강서구,2025-11,362,51841.5,51000.0,71.77,326,12808.1,91.3,54.51,4.381,138.08,2.533,2.6416,33.9,Y
서울,강서구,2025-12,323,51605.3,50000.0,73.12,325,14783.3,96.4,53.41,4.552,152.52,2.8556,2.9677,36.8,Y
서울,강서구,2026-01,316,49682.3,48000.0,68.33,339,13421.9,95.8,52.47,4.594,147.16,2.8046,2.853,34.9,Y
서울,강서구,2026-02,269,49328.2,48000.0,67.52,238,13708.2,86.6,48.33,4.575,138.9,2.8737,3.0044,37.6,Y
서울,강서구,2026-03,301,48018.3,45000.0,66.83,415,9693.4,68.7,44.16,4.548,105.46,2.3883,2.7152,34.8,Y
서울,강서구,2026-04,339,49846.2,48048.0,68.55,320,13398.6,84.8,52.67,4.606,136.24,2.5868,2.7626,37.8,Y
서울,강서구,2026-05,246,54663.7,53000.0,69.83,279,16132.3,88.0,53.74,4.477,148.22,2.758,2.8959,40.6,Y
서울,강서구,2026-06,232,52413.5,50000.0,67.95,272,14546.5,96.1,50.77,4.331,148.64,2.9279,2.9473,35.3,Y
서울,강서구,2026-07,235,49495.3,48048.0,65.24,256,15021.6,81.0,48.66,4.25,134.17,2.7576,2.8782,39.7,Y
서울,강서구,2026-08,187,52259.9,50000.0,68.32,255,15304.5,78.6,52.73,,,,,,Y
서울,강서구,2026-09,131,52229.1,49000.0,64.46,132,16551.6,91.7,52.56,,,,,,Y
서울,관악구,2011-01,332,19769.5,20000.0,77.64,94,6302.0,67.5,65.68,7.355,106.08,1.6151,1.6816,36.4,Y
서울,관악구,2011-02,345,20674.6,21000.0,78.05,109,8342.0,63.6,71.82,7.355,114.72,1.5973,1.5979,44.6,Y
서울,관악구,2011-03,325,20370.8,21000.0,77.83,94,6719.8,63.1,67.32,7.355,104.31,1.5496,1.705,39.5,Y
서울,관악구,2011-04,255,20406.6,20000.0,77.42,68,7116.3,63.8,63.8,7.355,107.38,1.683,1.7231,40.6,Y
서울,관악구,2011-05,243,20392.9,21000.0,76.15,59,6956.8,65.6,66.52,7.355,108.27,1.6276,1.7571,39.4,Y
서울,관악구,2011-06,260,20377.5,20000.0,77.16,62,7218.4,62.1,64.36,7.355,106.31,1.6518,1.6809,41.6,Y
서울,관악구,2011-07,261,20921.7,21000.0,77.1,65,7568.5,64.4,65.13,7.205,109.83,1.6863,1.8019,41.4,Y
서울,관악구,2011-08,269,21999.0,22500.0,79.21,85,6672.8,62.3,61.58,7.135,101.95,1.6554,1.7003,38.9,Y
서울,관악구,2011-09,261,21673.8,22000.0,78.45,84,7645.2,52.6,61.41,7.059,97.56,1.5887,1.6468,46.1,Y
서울,관악구,2011-10,258,21724.0,22000.0,78.08,44,10054.1,60.3,66.61,7.146,120.17,1.8041,1.8551,49.8,Y
서울,관악구,2011-11,230,21652.8,21250.0,76.96,54,8717.4,65.9,68.23,7.173,118.03,1.73,1.7507,44.1,Y
서울,관악구,2011-12,257,22489.3,23000.0,79.53,61,7600.3,74.6,72.08,7.2,120.16,1.667,1.6949,38.0,Y
서울,관악구,2012-01,315,22162.9,22000.0,76.29,63,7748.3,61.7,57.51,7.2,108.2,1.8816,1.8503,43.0,Y
서울,관악구,2012-02,389,22242.8,22000.0,78.24,96,6866.2,65.6,61.15,7.2,106.76,1.7459,1.8561,38.6,Y
서울,관악구,2012-03,312,22225.6,22500.0,76.83,80,7700.0,69.2,64.32,7.2,115.44,1.7949,1.8265,40.0,Y
서울,관악구,2012-04,293,21943.7,22000.0,76.88,55,8511.3,63.0,64.39,7.059,113.07,1.756,1.764,44.3,Y
서울,관악구,2012-05,258,21396.6,21500.0,75.01,67,7941.8,61.1,63.82,6.997,107.43,1.6833,1.74,43.1,Y
서울,관악구,2012-06,238,21795.4,22000.0,75.1,59,6884.9,64.5,60.61,7.0,104.69,1.7272,1.8268,38.4,Y
서울,관악구,2012-07,257,21243.2,22000.0,75.24,48,7454.0,54.2,55.67,6.957,97.38,1.7492,1.8201,44.4,Y
서울,관악구,2012-08,292,22139.4,22000.0,75.98,68,7960.0,56.8,59.61,6.857,102.28,1.7158,1.7811,44.5,Y
서울,관악구,2012-09,300,21877.0,23000.0,76.44,72,7774.2,60.0,63.9,6.857,104.45,1.6346,1.7106,42.5,Y
서울,관악구,2012-10,364,22209.6,23000.0,78.08,135,5830.7,50.8,57.53,6.709,83.37,1.4492,1.2721,39.1,Y
서울,관악구,2012-11,249,22010.4,22000.0,78.05,74,6877.5,64.7,62.29,6.72,103.2,1.6567,1.6816,37.3,Y
서울,관악구,2012-12,333,22854.4,23000.0,78.98,79,8199.5,66.9,66.2,6.66,112.37,1.6973,1.766,40.5,Y
서울,관악구,2013-01,319,22150.8,23000.0,76.17,101,7521.1,64.1,60.99,6.587,105.36,1.7273,1.7874,39.2,Y
서울,관악구,2013-02,342,22400.0,23000.0,75.89,107,8111.4,54.2,58.36,6.545,98.45,1.687,1.716,44.9,Y
서울,관악구,2013-03,354,21984.9,22300.0,74.9,111,7411.4,62.6,57.46,6.644,103.62,1.8033,1.8333,39.6,Y
서울,관악구,2013-04,288,21013.1,22000.0,71.57,94,7802.2,58.1,56.29,6.545,100.67,1.7885,1.8405,42.3,Y
서울,관악구,2013-05,195,22020.8,22000.0,74.83,90,6398.7,63.2,56.33,6.545,98.15,1.7424,1.8394,35.6,Y
서울,관악구,2013-06,220,22269.5,22000.0,74.88,79,7679.6,56.4,56.69,6.527,98.18,1.7318,1.7842,42.5,Y
서울,관악구,2013-07,220,22558.5,23000.0,74.12,92,6768.5,62.2,55.03,6.462,98.6,1.7917,1.7965,37.0,Y
서울,관악구,2013-08,217,23843.3,24300.0,78.06,108,8058.4,66.5,63.83,6.4,109.51,1.7156,1.7697,39.2,Y
서울,관악구,2013-09,189,23724.9,24000.0,76.55,85,9912.6,60.8,65.19,6.316,112.98,1.733,1.7635,46.2,Y
서울,관악구,2013-10,257,23965.4,24000.0,75.59,91,10988.0,61.8,69.3,6.261,119.17,1.7198,1.7579,48.1,Y
서울,관악구,2013-11,198,25002.0,25000.0,79.55,71,9709.7,56.1,63.8,6.353,107.46,1.6843,1.7659,47.8,Y
서울,관악구,2013-12,240,25270.5,25000.0,78.2,86,10890.6,58.1,64.76,6.24,114.77,1.7723,1.798,49.3,Y
서울,관악구,2014-01,264,25117.1,26000.0,75.92,114,9186.3,55.0,55.66,6.0,100.97,1.8139,1.8335,45.5,Y
서울,관악구,2014-02,287,25312.1,26000.0,78.16,189,7592.8,53.5,48.38,6.0,91.51,1.8916,1.9441,41.5,Y
서울,관악구,2014-03,300,25302.1,26500.0,76.76,137,9684.7,56.8,58.42,6.0,105.2,1.8007,1.8346,46.0,Y
서울,관악구,2014-04,230,24876.4,25000.0,76.86,100,9506.4,55.0,58.26,6.0,102.48,1.7589,1.8333,46.4,Y
서울,관악구,2014-05,233,23984.2,25000.0,74.86,103,8864.8,53.2,59.21,5.823,96.22,1.6252,1.6675,44.7,Y
서울,관악구,2014-06,222,24454.4,26000.0,74.25,112,6846.8,60.2,52.09,5.714,92.76,1.7806,1.8124,35.2,Y
서울,관악구,2014-07,238,25865.2,27000.0,79.69,103,7205.0,56.9,53.74,5.684,91.02,1.6939,1.7719,37.5,Y
서울,관악구,2014-08,294,25500.7,26000.0,74.45,79,8653.8,56.9,57.54,5.551,96.94,1.6847,1.7834,41.3,Y
서울,관악구,2014-09,266,26129.2,26750.0,76.4,90,9926.0,57.7,62.09,6.0,107.29,1.728,1.7085,46.3,Y
서울,관악구,2014-10,306,26246.7,27000.0,76.08,160,7580.8,46.2,54.85,5.457,80.63,1.4698,1.4511,42.8,Y
서울,관악구,2014-11,249,26558.5,26500.0,76.34,96,9629.4,44.6,55.35,5.455,88.42,1.5975,1.5649,49.5,Y
서울,관악구,2014-12,295,26698.9,27000.0,76.47,146,9538.3,53.0,57.54,5.455,96.38,1.6751,1.7113,45.0,Y
서울,관악구,2015-01,281,27066.5,28000.0,78.33,187,11103.8,57.1,61.71,5.454,107.53,1.7426,1.7726,46.9,Y
서울,관악구,2015-02,262,26798.3,27000.0,77.45,160,11945.5,54.7,64.21,5.5,109.45,1.7046,1.752,50.0,Y
서울,관악구,2015-03,274,26665.8,27000.0,77.0,177,11297.2,59.0,64.98,5.333,109.24,1.6811,1.7556,46.0,Y
서울,관악구,2015-04,196,27258.3,28000.0,77.44,141,10944.1,56.6,61.64,5.333,105.23,1.7071,1.7157,46.2,Y
서울,관악구,2015-05,182,29056.6,30000.0,80.15,147,12281.9,52.9,62.24,5.4,108.12,1.7372,1.7845,51.1,Y
서울,관악구,2015-06,171,28317.8,29000.0,77.32,112,10653.3,54.5,59.51,5.333,101.87,1.7118,1.7533,46.5,Y
서울,관악구,2015-07,174,28009.7,29000.0,74.17,125,11884.2,52.2,60.06,5.209,103.8,1.7284,1.8147,49.7,Y
서울,관악구,2015-08,198,29060.9,30000.0,76.98,149,10861.1,56.2,60.22,5.143,102.78,1.7068,1.7481,45.3,Y
서울,관악구,2015-09,157,29691.4,30000.0,75.63,129,11859.3,59.9,64.25,5.143,110.72,1.7232,1.7151,45.9,Y
서울,관악구,2015-10,207,30897.6,32000.0,75.94,121,12182.9,58.4,63.96,5.143,110.57,1.7288,1.8048,47.2,Y
서울,관악구,2015-11,154,30021.2,31250.0,76.98,112,11775.9,53.6,58.28,4.966,102.36,1.7563,1.8277,47.6,Y
서울,관악구,2015-12,207,31118.5,32000.0,77.28,152,13797.3,48.1,60.68,4.925,104.74,1.7263,1.8107,54.1,Y
서울,관악구,2016-01,178,30430.9,31000.0,74.28,162,12065.3,59.3,59.66,4.886,108.42,1.8173,1.8551,45.3,Y
서울,관악구,2016-02,211,31292.3,33000.0,78.82,142,14753.5,52.1,64.96,4.724,110.15,1.6958,1.7558,52.7,Y
서울,관악구,2016-03,220,32421.3,33250.0,78.42,129,13550.1,65.7,69.22,4.726,119.06,1.72,1.6957,44.8,Y
서울,관악구,2016-04,197,31723.6,33500.0,78.2,111,12821.7,56.2,65.85,4.716,106.57,1.6184,1.6342,47.3,Y
서울,관악구,2016-05,160,30327.6,30000.0,73.84,119,13589.0,58.0,65.29,4.662,110.78,1.6967,1.725,47.7,Y
서울,관악구,2016-06,173,30909.4,32000.0,73.73,113,11210.2,56.1,59.48,4.629,99.29,1.6693,1.7151,43.5,Y
서울,관악구,2016-07,167,31368.9,32000.0,74.53,135,13008.8,51.9,58.59,4.571,101.51,1.7324,1.7869,48.8,Y
서울,관악구,2016-08,181,31874.7,33000.0,75.33,134,12655.1,57.1,60.1,4.533,104.93,1.7458,1.7994,45.6,Y
서울,관악구,2016-09,190,32288.7,32000.0,75.94,131,12906.9,57.2,64.81,4.421,104.74,1.6161,1.6527,45.4,Y
서울,관악구,2016-10,241,32988.8,33000.0,75.52,182,13324.1,49.1,60.65,4.4,97.94,1.6149,1.6767,49.9,Y
서울,관악구,2016-11,180,33975.0,35000.0,77.84,132,10680.5,52.1,56.73,4.364,90.91,1.6023,1.6368,42.7,Y
서울,관악구,2016-12,229,31993.6,34000.0,73.93,154,12009.5,53.0,57.51,4.364,96.66,1.6809,1.7182,45.2,Y
서울,관악구,2017-01,193,33078.0,34000.0,76.74,160,10610.7,58.1,53.25,4.286,96.04,1.8036,1.8046,39.5,Y
서울,관악구,2017-02,260,31623.8,33250.0,74.85,195,13015.7,56.2,60.06,4.364,103.53,1.724,1.7942,45.7,Y
서울,관악구,2017-03,233,32933.8,33000.0,78.71,159,12810.9,57.8,65.69,4.333,104.07,1.5844,1.6385,44.5,Y
서울,관악구,2017-04,186,34202.0,35000.0,80.98,125,12412.6,58.3,61.89,4.364,103.45,1.6714,1.7196,43.6,Y
서울,관악구,2017-05,194,32965.2,33000.0,75.79,111,12328.6,54.6,57.39,4.328,99.09,1.7264,1.7394,44.9,Y
서울,관악구,2017-06,197,32234.0,34000.0,72.41,127,11572.7,52.7,58.85,4.318,94.3,1.6023,1.6375,44.2,Y
서울,관악구,2017-07,235,31251.8,33000.0,70.58,153,10013.6,56.6,55.12,4.285,92.32,1.675,1.7359,38.7,Y
서울,관악구,2017-08,196,33241.1,35000.0,74.59,107,10322.8,51.2,48.25,4.159,86.96,1.8021,1.838,41.1,Y
서울,관악구,2017-09,215,29903.2,33000.0,67.82,126,8727.6,49.2,51.12,4.138,79.32,1.5516,1.6034,37.9,Y
서울,관악구,2017-10,186,32250.1,34650.0,70.19,116,12446.2,49.0,56.33,4.2,92.59,1.6438,1.6625,47.0,Y
서울,관악구,2017-11,218,32116.7,33750.0,70.45,184,6337.4,38.3,42.87,4.2,60.49,1.4109,1.3776,36.7,Y
서울,관악구,2017-12,229,32401.6,35000.0,72.78,143,9748.0,51.3,51.38,4.235,85.72,1.6685,1.7076,40.1,Y
서울,관악구,2018-01,233,33262.0,35000.0,70.99,188,8313.2,61.8,46.52,4.32,91.77,1.9728,2.0288,32.6,Y
서울,관악구,2018-02,202,33981.7,35000.0,75.37,155,9087.5,54.8,47.57,4.364,87.86,1.8472,1.9018,37.6,Y
서울,관악구,2018-03,297,34417.2,35000.0,74.92,152,11822.9,57.4,59.04,4.337,100.13,1.696,1.7235,42.7,Y
서울,관악구,2018-04,211,32628.5,33000.0,73.92,128,9579.3,56.9,56.24,4.286,91.13,1.6206,1.6928,37.5,Y
서울,관악구,2018-05,185,32030.0,32000.0,71.77,140,11592.9,51.6,56.38,4.267,92.8,1.6459,1.634,44.4,Y
서울,관악구,2018-06,194,32780.5,34000.0,71.17,116,9239.1,56.1,50.61,4.258,88.85,1.7555,1.8221,36.9,Y
서울,관악구,2018-07,215,34011.6,34000.0,71.15,109,10192.2,53.4,53.38,4.235,89.36,1.6739,1.7371,40.3,Y
서울,관악구,2018-08,219,34491.2,35000.0,74.03,125,9056.3,55.5,50.45,4.217,87.34,1.7311,1.7647,36.4,Y
서울,관악구,2018-09,234,35432.1,35850.0,73.2,104,9220.1,62.9,53.25,4.222,95.32,1.79,1.9391,34.0,Y
서울,관악구,2018-10,300,34651.8,35000.0,74.05,149,10308.3,52.7,50.11,4.258,89.32,1.7824,1.8245,41.0,Y
서울,관악구,2018-11,212,35552.9,36000.0,74.64,133,9730.6,57.1,52.91,4.2,91.12,1.7221,1.7542,37.4,Y
서울,관악구,2018-12,255,34903.9,35000.0,74.06,143,9767.6,51.7,51.73,4.138,85.37,1.6505,1.6357,39.5,Y
서울,관악구,2019-01,272,33930.8,35000.0,70.29,180,8512.7,59.8,48.02,4.314,90.39,1.8826,1.9204,33.9,Y
서울,관악구,2019-02,224,33152.9,33000.0,71.42,163,8383.6,59.6,49.46,4.324,89.84,1.8164,1.874,33.6,Y
서울,관악구,2019-03,235,33148.3,34000.0,73.46,125,10217.4,61.7,57.69,4.286,98.22,1.7025,1.7991,37.2,Y
서울,관악구,2019-04,198,33618.6,35000.0,74.9,94,9858.2,63.2,58.41,4.286,98.42,1.6849,1.7092,35.8,Y
서울,관악구,2019-05,227,31889.8,32000.0,71.0,96,8766.1,60.0,56.41,4.286,91.31,1.6188,1.6096,34.3,Y
서울,관악구,2019-06,197,32524.1,33000.0,70.27,99,10027.0,57.9,54.51,4.216,93.1,1.708,1.7767,37.8,Y
서울,관악구,2019-07,268,34488.3,35000.0,73.99,116,8507.0,58.4,49.19,4.138,87.71,1.7832,1.8576,33.4,Y
서울,관악구,2019-08,236,33615.3,34750.0,70.53,122,9167.7,52.1,48.86,4.079,83.29,1.7046,1.781,37.4,Y
서울,관악구,2019-09,242,34032.4,35000.0,74.52,115,10816.3,56.1,57.18,4.0,92.18,1.6122,1.643,39.1,Y
서울,관악구,2019-10,276,34943.8,35000.0,71.88,140,10586.0,57.5,57.53,4.0,92.76,1.6124,1.6918,38.0,Y
서울,관악구,2019-11,253,36347.0,37000.0,74.93,112,9016.8,60.4,51.65,3.939,89.97,1.7421,1.7948,32.9,Y
서울,관악구,2019-12,294,34578.1,36000.0,70.9,162,9090.8,54.7,47.74,4.085,85.64,1.7939,1.7453,36.1,Y
서울,관악구,2020-01,314,34696.7,35000.0,72.01,155,7795.7,60.1,48.51,4.0,86.08,1.7743,1.8614,30.2,Y
서울,관악구,2020-02,354,36074.5,36000.0,72.08,160,11101.4,62.3,53.69,4.0,99.3,1.8494,1.8935,37.3,Y
서울,관악구,2020-03,273,35037.9,36000.0,70.77,116,9885.3,57.4,51.7,4.08,91.02,1.7604,1.7645,36.9,Y
서울,관악구,2020-04,240,33887.2,35000.0,69.46,222,5954.7,36.7,43.28,4.154,57.36,1.3254,0.8646,35.9,Y
서울,관악구,2020-05,258,35239.9,36000.0,71.43,150,10125.3,51.6,52.57,4.235,87.3,1.6605,1.7538,40.9,Y
서울,관악구,2020-06,307,38363.0,39000.0,74.35,111,9494.6,60.2,55.5,4.286,94.13,1.6962,1.7656,36.0,Y
서울,관악구,2020-07,305,37542.6,38500.0,72.83,227,7120.4,47.7,46.76,4.444,74.09,1.5844,1.5709,35.6,Y
서울,관악구,2020-08,279,37389.9,38000.0,71.21,131,12101.6,60.8,54.34,4.4,105.13,1.9347,2.0309,42.2,Y
서울,관악구,2020-09,240,39595.7,40000.0,73.52,148,9745.6,51.1,48.24,4.308,86.07,1.7841,1.8425,40.6,Y
서울,관악구,2020-10,245,39774.4,39900.0,71.94,156,13064.3,54.8,55.59,4.058,99.01,1.781,1.836,44.6,Y
서울,관악구,2020-11,220,41218.2,40000.0,72.29,166,12323.3,55.2,53.61,4.2,98.32,1.8338,1.9587,43.9,Y
서울,관악구,2020-12,249,42359.7,42000.0,73.4,179,10503.3,61.9,51.77,4.25,99.15,1.9153,2.0227,37.5,Y
서울,관악구,2021-01,261,40762.5,40900.0,70.57,197,10734.1,59.2,49.54,4.114,96.04,1.9384,2.0514,38.3,Y
서울,관악구,2021-02,225,41126.1,41000.0,71.81,152,11324.1,60.6,48.34,4.21,100.3,2.0749,2.1621,39.6,Y
서울,관악구,2021-03,251,41756.7,42000.0,69.78,177,11909.9,59.4,55.55,4.167,100.73,1.8135,1.876,41.1,Y
서울,관악구,2021-04,202,41193.7,41000.0,71.2,134,10406.4,64.8,51.87,4.276,101.87,1.964,2.0735,36.4,Y
서울,관악구,2021-05,276,43248.1,43000.0,71.52,174,12748.8,64.7,54.53,4.123,108.54,1.9904,2.0406,40.4,Y
서울,관악구,2021-06,241,48813.2,49000.0,71.19,161,11089.9,67.3,54.62,4.105,105.28,1.9276,2.0669,36.0,Y
서울,관악구,2021-07,242,47561.7,47000.0,68.31,203,11668.4,59.9,50.59,4.092,99.71,1.9711,2.1086,39.9,Y
서울,관악구,2021-08,206,46643.9,46100.0,71.28,167,9125.2,53.2,45.73,4.068,84.14,1.8399,2.0595,36.8,Y
서울,관악구,2021-09,206,39180.7,43500.0,63.7,179,9151.0,53.3,44.93,4.114,84.63,1.8837,1.9869,37.1,Y
서울,관악구,2021-10,196,45821.8,47600.0,67.76,159,14236.3,70.3,56.94,4.112,119.11,2.0921,2.2824,41.0,Y
서울,관악구,2021-11,174,42928.9,44550.0,66.32,167,15340.8,65.1,54.2,4.231,119.18,2.199,2.2538,45.4,Y
서울,관악구,2021-12,187,46810.0,50000.0,68.51,211,12485.6,67.5,53.17,4.054,109.65,2.0624,2.1335,38.5,Y
서울,관악구,2022-01,219,41321.6,41475.0,64.21,202,10580.1,69.3,49.61,4.042,104.91,2.1145,2.2194,34.0,Y
서울,관악구,2022-02,214,44426.8,44550.0,65.39,170,12303.9,77.6,51.03,4.105,119.71,2.3459,2.412,35.2,Y
서울,관악구,2022-03,158,44413.7,45000.0,67.97,167,13241.4,71.2,53.36,4.286,118.46,2.2199,2.3179,39.9,Y
서울,관악구,2022-04,188,44240.0,45000.0,65.58,196,13502.8,68.1,51.73,4.3,116.46,2.2511,2.4719,41.5,Y
서울,관악구,2022-05,177,43204.9,44000.0,67.79,220,11456.4,61.4,42.11,4.275,102.19,2.4266,3.0192,39.9,Y
서울,관악구,2022-06,165,44557.5,45000.0,67.28,466,12127.1,45.8,46.64,4.354,89.76,1.9247,1.9644,49.0,Y
서울,관악구,2022-07,191,41826.0,45150.0,65.42,328,8647.5,48.9,43.33,4.4,80.64,1.861,1.8173,39.3,Y
서울,관악구,2022-08,206,42677.3,44100.0,65.64,277,17180.2,65.8,55.5,4.449,129.5,2.3335,2.1676,49.2,Y
서울,관악구,2022-09,240,43593.6,45000.0,65.35,257,11552.9,66.6,48.98,4.559,110.54,2.2568,2.3056,39.7,Y
서울,관악구,2022-10,191,45481.6,50000.0,68.04,266,13364.4,66.5,53.38,4.683,118.6,2.2218,2.3282,44.0,Y
서울,관악구,2022-11,157,39607.9,40500.0,68.47,206,10401.0,75.6,48.02,4.714,116.5,2.4259,2.6535,35.1,Y
서울,관악구,2022-12,206,38826.5,42000.0,63.66,346,10278.1,66.3,44.8,4.8,107.39,2.397,2.4744,38.3,Y
서울,관악구,2023-01,219,38517.5,38500.0,69.57,285,9351.9,67.7,45.1,4.8,105.1,2.3303,2.4096,35.6,Y
서울,관악구,2023-02,306,38258.0,39700.0,69.71,238,10170.2,71.6,47.53,4.801,112.31,2.3629,2.4353,36.2,Y
서울,관악구,2023-03,275,40942.6,40000.0,74.6,247,9430.3,71.1,50.44,4.908,109.7,2.175,2.0926,35.2,Y
서울,관악구,2023-04,219,40090.5,39000.0,71.48,202,8924.7,74.2,47.05,5.042,111.72,2.3745,2.4457,33.6,Y
서울,관악구,2023-05,220,39184.8,38500.0,72.18,237,9688.0,70.7,47.52,4.978,110.88,2.3332,2.3677,36.2,Y
서울,관악구,2023-06,227,40326.4,41000.0,73.07,264,8532.2,63.0,45.31,4.897,97.77,2.1577,2.5046,35.6,Y
서울,관악구,2023-07,239,42067.2,42000.0,74.22,351,9689.2,68.4,44.01,4.923,108.17,2.4579,2.6663,36.7,Y
서울,관악구,2023-08,225,44238.9,43000.0,73.35,194,10075.8,69.0,48.82,4.8,109.27,2.2381,2.5851,36.9,Y
서울,관악구,2023-09,215,36007.5,39500.0,65.54,186,11119.2,67.8,50.56,4.798,112.26,2.2201,2.291,39.6,Y
서울,관악구,2023-10,231,43253.1,42000.0,74.68,167,15437.2,72.7,54.53,4.8,134.41,2.4646,2.5671,45.9,Y
서울,관악구,2023-11,222,43475.5,43000.0,71.7,179,9585.9,73.6,45.53,4.75,111.56,2.4503,2.7094,34.0,Y
서울,관악구,2023-12,243,41624.4,42000.0,70.67,262,9942.3,68.1,47.96,4.721,107.18,2.2347,2.3651,36.5,Y
서울,관악구,2024-01,220,41938.2,42000.0,67.94,240,11369.5,78.2,50.06,4.714,122.84,2.4539,2.6669,36.4,Y
서울,관악구,2024-02,181,43800.5,43000.0,73.63,190,8906.2,74.9,41.58,4.77,110.28,2.6523,3.1762,32.1,Y
서울,관악구,2024-03,228,44394.3,44200.0,72.87,197,9201.9,77.7,47.52,4.662,113.48,2.3882,2.683,31.5,Y
서울,관악구,2024-04,180,43335.4,44000.0,71.47,196,9745.6,76.3,46.7,4.608,113.72,2.4353,2.8348,32.9,Y
서울,관악구,2024-05,211,44765.7,46000.0,72.22,194,10399.0,72.2,46.62,4.6,112.06,2.4037,2.6804,35.6,Y
서울,관악구,2024-06,212,45436.9,45075.0,72.43,188,11580.6,77.3,46.72,4.615,121.86,2.6086,2.9122,36.6,Y
서울,관악구,2024-07,197,43979.0,45000.0,70.44,237,10148.9,65.3,46.02,4.675,104.88,2.2793,2.3004,37.7,Y
서울,관악구,2024-08,180,47873.2,48000.0,70.92,195,11149.8,86.3,51.25,4.561,128.66,2.5102,2.5786,32.9,Y
서울,관악구,2024-09,135,46152.0,46000.0,71.16,233,10378.6,70.8,43.27,4.615,110.72,2.5587,2.8632,36.1,Y
서울,관악구,2024-10,185,48615.1,48000.0,70.53,419,11694.6,57.3,43.28,4.442,100.56,2.3235,2.2442,43.0,Y
서울,관악구,2024-11,161,48018.6,48000.0,73.99,241,10508.8,75.3,41.94,4.464,114.39,2.7276,3.2327,34.2,Y
서울,관악구,2024-12,176,45133.7,44750.0,71.92,277,9781.1,69.0,44.6,4.544,106.07,2.3782,2.6218,34.9,Y
서울,관악구,2025-01,174,44621.1,44750.0,70.31,184,11101.1,83.3,48.37,4.451,124.49,2.5736,3.046,33.1,Y
서울,관악구,2025-02,254,45930.5,45000.0,73.55,233,11351.0,87.4,50.81,4.509,130.07,2.5599,2.7341,32.8,Y
서울,관악구,2025-03,246,47408.5,47000.0,73.38,198,11789.2,86.8,49.74,4.506,131.03,2.6345,2.9294,33.8,Y
서울,관악구,2025-04,177,48615.0,48000.0,73.78,208,10518.1,78.3,48.14,4.6,118.59,2.4632,2.659,34.0,Y
서울,관악구,2025-05,173,47944.7,47000.0,73.04,207,9963.1,83.4,46.12,4.571,121.37,2.6319,2.8599,31.3,Y
서울,관악구,2025-06,184,49964.2,50000.0,72.66,199,12242.9,92.5,52.44,4.545,138.92,2.649,2.6898,33.4,Y
서울,관악구,2025-07,185,46113.8,45000.0,71.21,170,12011.2,89.2,51.87,4.545,134.69,2.5966,2.7753,33.8,Y
서울,관악구,2025-08,157,48367.1,49000.0,73.08,181,9166.7,81.8,50.06,4.528,116.43,2.3257,2.6294,29.7,Y
서울,관악구,2025-09,187,49876.6,50000.0,75.61,157,10992.8,94.1,51.72,4.525,135.51,2.62,2.9415,30.6,Y
서울,관악구,2025-10,168,51082.4,52000.0,73.71,154,13563.2,104.6,58.62,4.5,155.49,2.6525,2.9299,32.7,Y
서울,관악구,2025-11,186,49626.6,50000.0,75.21,159,12491.0,102.0,52.57,4.601,149.89,2.8512,3.1294,32.0,Y
서울,관악구,2025-12,191,52367.3,51000.0,75.98,219,10319.8,95.2,43.07,4.581,134.64,3.1262,3.831,29.3,Y
서울,관악구,2026-01,169,50379.7,50000.0,74.66,249,10825.4,90.4,42.81,4.571,131.67,3.0758,3.478,31.3,Y
서울,관악구,2026-02,123,50551.5,51000.0,73.41,223,9305.5,95.1,40.12,4.616,130.86,3.2616,3.7677,27.4,Y
서울,관악구,2026-03,127,48426.9,49000.0,71.74,196,11645.0,97.5,48.5,4.56,141.73,2.9219,3.334,31.2,Y
서울,관악구,2026-04,116,48363.4,50000.0,72.58,167,13196.8,102.1,48.03,4.596,152.65,3.1782,3.4905,33.1,Y
서울,관악구,2026-05,113,52887.4,52000.0,70.22,165,14398.9,97.6,47.07,4.692,153.94,3.2703,3.566,36.6,Y
서울,관악구,2026-06,113,52120.6,54000.0,74.11,255,11690.7,78.2,40.98,4.765,124.63,3.0411,3.5135,37.2,Y
서울,관악구,2026-07,112,53021.0,53500.0,71.06,229,10776.8,87.5,39.65,4.706,129.78,3.2734,3.7583,32.6,Y
서울,관악구,2026-08,71,52612.7,54000.0,68.52,172,14577.2,91.1,45.32,,,,,,Y
서울,관악구,2026-09,57,58191.2,57000.0,75.13,68,15881.2,106.7,57.15,,,,,,Y
서울,광진구,2011-01,319,28599.8,27500.0,86.31,50,10374.0,89.5,72.74,7.059,150.56,2.0698,2.0387,40.5,Y
서울,광진구,2011-02,275,28615.6,27500.0,84.43,34,11220.6,111.7,84.39,7.059,177.71,2.1058,2.0668,37.1,Y
서울,광진구,2011-03,287,27960.8,26500.0,86.65,43,12007.0,91.1,82.34,7.059,161.75,1.9644,2.0092,43.7,Y
서울,광진구,2011-04,202,27400.0,25750.0,81.79,26,11230.8,93.1,79.23,7.059,159.14,2.0086,2.0918,41.5,Y
서울,광진구,2011-05,193,28059.6,26000.0,82.63,32,10359.4,89.7,71.45,7.059,150.59,2.1078,2.068,40.5,Y
서울,광진구,2011-06,212,29946.2,28000.0,85.4,38,11105.3,102.6,84.28,7.059,167.93,1.9925,2.0222,38.9,Y
서울,광진구,2011-07,214,31220.1,28750.0,87.15,31,12887.1,125.2,93.51,7.011,200.46,2.1438,2.1655,37.6,Y
서울,광진구,2011-08,232,30615.5,28000.0,86.28,26,14173.1,97.1,82.73,6.955,179.26,2.1668,2.1503,45.8,Y
서울,광진구,2011-09,201,29778.1,28500.0,80.38,29,13965.5,94.1,79.58,6.857,173.94,2.1857,2.1031,45.9,Y
서울,광진구,2011-10,194,31900.0,29000.0,85.88,33,10257.6,107.7,81.09,6.72,165.17,2.0369,2.0739,34.8,Y
서울,광진구,2011-11,187,32043.3,29000.0,85.01,35,13414.3,112.8,89.74,6.735,188.12,2.0963,2.0378,40.0,Y
서울,광진구,2011-12,204,32604.9,30000.0,86.79,35,13271.4,100.9,79.16,6.722,175.29,2.2143,2.287,42.4,Y
서울,광진구,2012-01,245,32149.4,30000.0,84.96,48,10289.6,115.8,81.17,6.667,172.98,2.1312,2.1311,33.0,Y
서울,광진구,2012-02,349,33153.3,30000.0,89.15,42,12107.1,104.0,80.18,6.94,174.07,2.1711,2.1733,40.2,Y
서울,광진구,2012-03,292,32820.2,30000.0,87.9,50,12750.0,99.1,79.02,6.857,172.0,2.1766,2.1729,42.4,Y
서울,광진구,2012-04,223,30917.5,29000.0,82.1,37,12905.4,99.4,78.93,6.752,172.05,2.1797,2.1346,42.2,Y
서울,광진구,2012-05,256,31780.5,29000.0,84.68,33,12697.0,83.1,75.04,6.734,154.34,2.0568,2.0741,46.2,Y
서울,광진구,2012-06,205,31695.4,28500.0,84.63,34,9588.2,107.2,75.54,6.76,161.22,2.1341,2.0624,33.5,Y
서울,광진구,2012-07,191,31111.5,28000.0,85.55,24,13458.3,103.6,84.46,6.72,178.99,2.1192,2.0354,42.1,Y
서울,광진구,2012-08,227,32078.4,30000.0,85.84,32,9484.4,127.1,81.61,6.545,178.8,2.1909,2.2117,28.9,Y
서울,광진구,2012-09,216,31162.9,28750.0,83.49,37,13337.8,94.2,83.45,6.524,166.71,1.9978,2.0305,43.5,Y
서울,광진구,2012-10,233,31721.5,30000.0,83.37,40,13062.5,100.5,84.06,6.424,170.43,2.0274,2.0257,41.0,Y
서울,광진구,2012-11,215,32646.5,30000.0,84.51,37,13540.5,94.5,81.56,6.486,167.73,2.0566,2.0206,43.6,Y
서울,광진구,2012-12,234,33775.6,32000.0,86.69,46,12554.3,115.7,82.92,6.52,183.87,2.2175,2.2163,37.1,Y
서울,광진구,2013-01,296,32565.2,30250.0,83.3,68,10205.9,94.3,72.2,6.486,149.51,2.0708,2.0903,36.9,Y
서울,광진구,2013-02,290,32607.9,30000.0,83.96,66,11075.8,90.8,68.44,6.337,149.26,2.181,2.1196,39.2,Y
서울,광진구,2013-03,263,32896.2,31000.0,84.59,54,13037.0,96.8,78.12,6.289,165.08,2.113,2.1237,41.4,Y
서울,광진구,2013-04,190,32773.2,31000.0,84.14,43,13302.3,73.6,69.84,6.259,142.99,2.0474,2.0625,48.5,Y
서울,광진구,2013-05,190,34215.8,31000.0,86.13,39,14256.4,100.6,84.17,6.118,173.24,2.0583,2.082,42.0,Y
서울,광진구,2013-06,198,32415.7,31000.0,82.82,52,12278.8,89.7,80.52,6.0,151.05,1.876,1.8732,40.6,Y
서울,광진구,2013-07,171,33873.7,32000.0,85.69,40,14662.5,92.4,82.29,6.0,165.74,2.0141,2.115,44.2,N
서울,광진구,2013-08,213,34787.8,32000.0,83.39,63,18444.4,86.4,82.54,6.0,178.59,2.1637,2.1732,51.6,Y
서울,광진구,2013-09,163,34346.6,32000.0,84.73,50,17200.0,83.4,77.73,5.957,168.78,2.1713,2.0849,50.6,Y
서울,광진구,2013-10,193,36191.7,34000.0,85.07,56,17205.4,98.2,83.43,5.984,184.03,2.2059,2.1677,46.6,Y
서울,광진구,2013-11,154,36644.8,34000.0,87.34,63,16992.1,97.2,81.89,5.829,179.72,2.1948,2.1328,45.9,Y
서울,광진구,2013-12,203,38776.4,37500.0,87.3,60,17866.7,90.2,82.31,5.759,175.91,2.1371,2.1206,48.7,Y
서울,광진구,2014-01,202,38717.8,35000.0,89.54,67,16007.5,84.3,74.78,5.708,160.43,2.1455,2.1817,47.5,Y
서울,광진구,2014-02,284,38114.4,35000.0,86.46,77,20428.6,84.0,82.15,5.625,179.72,2.1878,2.1878,53.3,Y
서울,광진구,2014-03,233,36892.5,35000.0,83.02,79,19810.1,87.9,78.81,5.515,178.95,2.2707,2.2009,50.9,Y
서울,광진구,2014-04,214,39369.2,36500.0,85.88,64,21202.5,87.7,85.86,5.486,184.6,2.1501,2.1281,52.5,Y
서울,광진구,2014-05,189,39206.3,37000.0,86.92,40,21387.5,81.2,78.14,5.401,177.41,2.2705,2.1947,54.3,Y
서울,광진구,2014-06,182,37633.0,35000.0,84.24,39,18000.0,94.1,83.57,5.4,175.05,2.0946,2.053,46.3,Y
서울,광진구,2014-07,198,36258.1,33500.0,80.09,43,19918.6,74.5,80.43,5.4,164.17,2.0412,2.0645,54.6,Y
서울,광진구,2014-08,193,37767.4,36000.0,84.63,45,16855.6,86.5,75.98,5.4,162.36,2.1368,2.0885,46.7,Y
서울,광진구,2014-09,187,39258.8,37500.0,85.92,48,17906.2,83.5,75.63,5.347,163.3,2.1593,2.0689,48.9,Y
서울,광진구,2014-10,239,36876.5,35000.0,80.93,63,18333.3,79.3,73.67,5.189,158.62,2.1533,2.105,50.0,Y
서울,광진구,2014-11,194,39543.8,38500.0,84.72,93,11414.0,83.4,54.44,5.18,132.65,2.4366,2.4983,37.1,Y
서울,광진구,2014-12,196,41369.4,39000.0,87.13,94,16531.9,75.9,66.13,5.305,148.96,2.2526,2.41,49.1,Y
서울,광진구,2015-01,241,39585.9,37000.0,84.46,94,18303.2,76.8,73.79,5.217,156.37,2.119,2.0616,50.9,Y
서울,광진구,2015-02,203,41251.2,38000.0,85.21,99,18932.3,82.5,78.13,5.121,163.29,2.09,2.1309,49.5,Y
서울,광진구,2015-03,248,41545.6,38000.0,87.18,99,18308.1,92.7,78.03,5.0,169.02,2.166,2.1576,45.1,Y
서울,광진구,2015-04,164,42443.3,40000.0,87.6,89,18905.6,85.7,77.83,5.079,165.69,2.1289,2.1573,48.3,Y
서울,광진구,2015-05,171,43406.4,40000.0,86.8,68,22264.7,72.7,78.25,5.0,165.5,2.1152,2.1179,56.1,Y
서울,광진구,2015-06,123,43162.6,40000.0,84.36,79,20468.4,82.6,76.79,4.845,165.26,2.152,2.0762,50.0,Y
서울,광진구,2015-07,132,42829.8,41500.0,84.26,69,24094.2,70.1,73.83,4.8,166.43,2.2544,2.2568,57.9,Y
서울,광진구,2015-08,108,42134.3,40000.0,81.99,69,22343.5,86.8,79.75,4.8,176.19,2.2091,2.2356,50.7,Y
서울,광진구,2015-09,118,43028.0,38000.0,84.33,52,26019.2,73.5,84.25,4.713,175.65,2.0848,2.0727,58.2,Y
서울,광진구,2015-10,163,43666.3,41000.0,85.53,88,27085.2,76.6,84.32,4.675,182.08,2.1594,2.1885,58.0,Y
서울,광진구,2015-11,124,46923.4,45000.0,88.48,81,23833.3,75.3,74.12,4.677,168.16,2.2688,2.3073,55.2,Y
서울,광진구,2015-12,153,49568.6,45000.0,86.5,128,25520.3,74.6,76.19,4.797,176.57,2.3174,2.3362,57.8,Y
서울,광진구,2016-01,128,44840.0,43000.0,85.74,124,24004.0,79.8,74.95,4.645,172.68,2.304,2.3578,53.8,Y
서울,광진구,2016-02,147,47071.4,45500.0,86.24,107,25280.4,74.9,73.68,4.615,172.12,2.336,2.3011,56.5,Y
서울,광진구,2016-03,175,44574.3,44000.0,86.95,81,31222.2,67.7,82.66,4.478,184.2,2.2284,2.2069,63.3,Y
서울,광진구,2016-04,147,46438.8,43000.0,83.66,84,26759.5,67.6,79.17,4.394,165.56,2.0912,2.1288,59.2,Y
서울,광진구,2016-05,121,46363.6,41000.0,86.62,85,29447.1,71.2,84.53,4.32,177.22,2.0965,2.115,59.8,Y
서울,광진구,2016-06,148,46973.0,44000.0,86.74,76,23375.0,84.1,79.65,4.364,169.13,2.1235,2.0575,50.3,Y
서울,광진구,2016-07,140,45485.7,43000.0,83.86,61,25155.6,73.8,80.49,4.425,166.52,2.0689,2.1148,55.7,Y
서울,광진구,2016-08,140,49042.9,45000.0,88.61,66,25030.3,72.8,79.28,4.235,161.13,2.0323,2.0641,54.8,Y
서울,광진구,2016-09,146,47266.8,46000.0,86.68,65,24149.2,82.1,81.03,4.204,166.67,2.057,2.1193,50.8,Y
서울,광진구,2016-10,172,47119.2,45000.0,83.73,91,25324.2,70.3,78.71,4.2,158.94,2.0193,2.061,55.8,Y
서울,광진구,2016-11,156,48586.5,45000.0,84.06,86,29098.8,65.3,78.47,4.098,164.71,2.0991,2.0839,60.3,Y
서울,광진구,2016-12,158,51281.0,50000.0,87.61,81,27382.7,75.1,79.97,4.0,166.42,2.081,2.0591,54.8,Y
서울,광진구,2017-01,155,46407.7,43500.0,80.2,65,24246.2,75.7,78.01,3.892,154.36,1.9786,1.925,50.9,Y
서울,광진구,2017-02,199,47167.3,45000.0,84.1,93,22132.3,71.6,72.15,4.0,145.4,2.0153,1.9802,50.7,Y
서울,광진구,2017-03,172,49272.1,46000.0,88.62,83,24701.2,77.0,82.4,4.0,159.29,1.933,1.9193,51.7,Y
서울,광진구,2017-04,154,45746.8,44500.0,81.79,69,24558.0,81.7,82.52,4.0,163.54,1.9817,2.0016,50.1,Y
서울,광진구,2017-05,177,47181.4,45000.0,81.97,71,21549.3,90.6,77.7,4.0,162.44,2.0905,2.0452,44.2,Y
서울,광진구,2017-06,181,47151.9,45000.0,83.0,69,22449.3,77.4,75.35,4.0,152.19,2.0198,1.9825,49.2,Y
서울,광진구,2017-07,165,47856.4,45000.0,86.06,74,20793.2,83.6,74.27,4.0,152.95,2.0593,2.0691,45.3,Y
서울,광진구,2017-08,183,47292.9,46000.0,82.79,81,24070.4,83.0,79.93,3.979,162.85,2.0375,2.0715,49.0,Y
서울,광진구,2017-09,181,47040.3,44000.0,78.81,76,25980.3,82.9,81.58,3.92,167.82,2.0571,2.0058,50.6,Y
서울,광진구,2017-10,164,49096.3,47250.0,82.42,83,22588.3,83.1,77.04,3.882,156.14,2.0268,2.0575,46.8,Y
서울,광진구,2017-11,191,51571.7,52000.0,82.92,79,22544.3,85.3,74.35,3.92,158.91,2.1374,2.229,46.3,Y
서울,광진구,2017-12,216,50321.3,49500.0,81.97,89,23595.5,80.5,73.2,4.0,159.18,2.1747,2.1648,49.4,Y
서울,광진구,2018-01,241,50123.2,48000.0,82.72,97,20664.9,86.7,67.91,4.003,155.66,2.292,2.214,44.3,Y
서울,광진구,2018-02,199,48177.4,46000.0,84.39,85,21862.4,94.2,74.57,4.0,167.06,2.2404,2.2289,43.6,Y
서울,광진구,2018-03,258,50634.9,49000.0,85.18,92,25784.8,88.7,83.16,3.901,172.54,2.0747,2.0115,48.6,Y
서울,광진구,2018-04,160,52808.1,50000.0,87.85,65,25592.3,78.6,81.8,3.835,160.41,1.9611,1.9559,51.0,Y
서울,광진구,2018-05,160,45571.9,42750.0,77.73,53,24452.8,76.5,77.52,3.826,154.44,1.9922,1.9543,50.5,Y
서울,광진구,2018-06,155,49221.9,48000.0,84.18,62,22379.0,85.4,75.97,3.836,156.92,2.0654,1.9666,45.6,Y
서울,광진구,2018-07,162,49937.0,47000.0,81.46,57,19394.7,98.4,76.44,3.789,159.63,2.0885,2.0565,38.4,Y
서울,광진구,2018-08,210,51931.0,49000.0,79.47,69,23347.8,94.2,81.15,3.751,167.19,2.0602,2.1376,43.7,Y
서울,광진구,2018-09,267,50652.1,48000.0,80.1,75,20999.9,92.2,78.46,3.714,157.2,2.0036,2.0219,41.3,Y
서울,광진구,2018-10,256,51277.7,49000.0,79.91,70,21135.7,89.4,77.85,3.721,154.95,1.9903,2.068,42.3,Y
서울,광진구,2018-11,230,51039.7,49000.0,79.69,82,18496.9,99.9,73.63,3.734,157.47,2.1385,2.158,36.5,Y
서울,광진구,2018-12,225,48844.3,47000.0,80.61,89,20030.3,79.4,67.11,3.751,142.0,2.1161,2.0665,44.1,Y
서울,광진구,2019-01,205,48780.5,45000.0,82.47,98,16648.0,92.1,69.17,3.789,144.68,2.0918,2.1228,36.3,Y
서울,광진구,2019-02,176,48588.1,48000.0,82.32,65,21443.1,76.3,71.77,3.829,144.75,2.0168,2.0681,47.3,Y
서울,광진구,2019-03,183,49024.0,44000.0,81.99,69,20771.0,81.6,74.57,3.849,148.22,1.9879,1.9596,44.9,Y
서울,광진구,2019-04,143,51418.7,47500.0,84.87,55,17600.0,80.5,71.23,3.882,137.49,1.9301,1.9421,41.4,Y
서울,광진구,2019-05,179,47326.1,45000.0,77.3,48,20927.1,83.5,79.96,3.84,150.42,1.8813,1.9382,44.5,Y
서울,광진구,2019-06,157,48125.5,46000.0,80.01,44,18454.5,80.8,69.69,3.84,139.83,2.0065,2.012,42.2,Y
서울,광진구,2019-07,177,48720.9,46000.0,79.02,47,18680.9,87.0,71.1,3.84,146.76,2.064,2.0708,40.7,Y
서울,광진구,2019-08,189,50773.5,48000.0,81.41,51,18329.4,97.2,77.76,3.838,155.82,2.0039,1.9788,37.6,Y
서울,광진구,2019-09,195,49868.7,50000.0,78.04,54,20490.7,88.8,75.92,3.789,153.5,2.0219,2.0038,42.2,Y
서울,광진구,2019-10,256,52787.7,50000.0,82.59,53,20637.7,87.3,73.48,3.789,152.44,2.0745,2.1424,42.8,Y
서울,광진구,2019-11,261,54739.1,52000.0,82.73,71,19845.1,104.1,73.46,3.738,165.92,2.2588,2.0926,37.3,Y
서울,광진구,2019-12,260,51477.5,50000.0,79.27,94,21773.3,86.8,70.7,3.691,153.73,2.1743,2.131,43.6,Y
서울,광진구,2020-01,219,49830.9,47000.0,77.99,90,17408.1,82.6,60.77,3.818,138.03,2.2714,2.265,40.1,Y
서울,광진구,2020-02,242,55838.0,54000.0,85.13,106,23631.1,94.8,77.34,3.766,168.98,2.1849,2.1408,43.9,Y
서울,광진구,2020-03,193,51044.6,50000.0,80.25,59,21733.2,83.7,74.94,3.784,152.24,2.0315,2.0523,45.0,Y
서울,광진구,2020-04,142,52910.3,48000.0,83.57,65,19732.7,88.7,74.04,3.75,150.34,2.0306,2.1326,41.0,Y
서울,광진구,2020-05,161,52456.8,50000.0,79.59,54,21992.5,79.2,66.37,3.84,149.54,2.2532,2.1897,47.1,Y
서울,광진구,2020-06,224,54664.5,50000.0,79.58,70,21589.3,84.9,71.22,3.902,155.14,2.1782,2.1808,45.3,Y
서울,광진구,2020-07,254,60161.2,57000.0,83.09,89,25127.3,81.4,71.02,3.789,160.79,2.264,2.2786,49.4,Y
서울,광진구,2020-08,151,60009.1,56000.0,77.75,81,24162.3,99.3,77.26,3.822,176.28,2.2815,2.3124,43.7,Y
서울,광진구,2020-09,167,58110.9,55000.0,82.14,67,29695.6,86.2,74.72,3.778,179.71,2.4051,2.406,52.0,Y
서울,광진구,2020-10,229,60475.8,55000.0,81.51,70,27498.6,84.7,72.47,3.703,169.55,2.3397,2.325,50.1,Y
서울,광진구,2020-11,203,58311.0,55000.0,77.8,83,28050.6,86.9,73.0,3.75,174.53,2.3907,2.4566,50.2,Y
서울,광진구,2020-12,219,59228.1,55650.0,77.24,99,26103.0,95.2,74.28,3.725,176.2,2.3721,2.5016,46.0,Y
서울,광진구,2021-01,197,57374.1,55000.0,78.53,85,22484.4,93.4,65.81,3.775,164.15,2.4944,2.6569,43.1,Y
서울,광진구,2021-02,185,58056.4,55000.0,78.55,96,24028.4,87.1,72.57,3.863,164.4,2.2653,2.3572,47.0,Y
서울,광진구,2021-03,177,59134.4,55000.0,78.35,70,26475.0,101.5,76.95,4.135,192.69,2.5042,2.4329,47.3,Y
서울,광진구,2021-04,163,60775.5,55000.0,78.71,60,24844.5,106.0,67.96,4.13,191.5,2.8177,2.8537,44.7,Y
서울,광진구,2021-05,215,60932.9,57700.0,80.44,78,28903.8,105.3,72.86,4.2,206.51,2.8342,2.9631,49.0,Y
서울,광진구,2021-06,149,65673.7,64000.0,77.01,85,24343.5,118.6,74.8,4.321,206.31,2.7581,2.8434,42.5,Y
서울,광진구,2021-07,165,67463.1,62000.0,74.55,105,27695.2,112.4,73.44,4.145,208.11,2.8338,2.868,46.0,Y
서울,광진구,2021-08,147,66898.5,60000.0,75.96,95,27200.0,103.1,65.93,4.071,195.36,2.9634,2.955,47.2,Y
서울,광진구,2021-09,118,71202.8,64000.0,75.97,84,26372.6,136.2,67.66,4.0,224.1,3.3119,3.3288,39.2,Y
서울,광진구,2021-10,175,67682.0,60000.0,72.73,101,28232.7,122.4,68.18,4.0,216.51,3.1755,3.118,43.5,Y
서울,광진구,2021-11,167,69448.9,64000.0,76.76,98,28154.1,124.5,73.14,4.016,218.77,2.991,3.0717,43.1,Y
서울,광진구,2021-12,154,69019.4,65000.0,74.17,127,25949.1,109.7,65.85,4.102,198.44,3.0134,3.0412,44.7,Y
서울,광진구,2022-01,139,66690.5,62000.0,78.31,141,24006.7,111.2,62.9,4.054,192.34,3.0581,3.1627,42.2,Y
서울,광진구,2022-02,148,76276.2,77500.0,80.92,89,29846.9,115.6,72.16,4.273,221.89,3.075,2.8749,47.9,Y
서울,광진구,2022-03,149,67832.4,68000.0,79.8,106,25613.2,118.8,67.88,4.35,211.63,3.1176,3.1436,43.9,Y
서울,광진구,2022-04,150,74948.1,74500.0,82.84,114,28684.2,124.1,69.24,4.341,227.82,3.2904,3.3924,45.5,Y
서울,광진구,2022-05,130,71118.1,65000.0,77.86,94,31315.7,113.1,69.04,4.339,226.31,3.2777,3.2993,50.0,Y
서울,광진구,2022-06,130,72929.0,74000.0,77.27,108,27393.7,128.7,65.09,4.364,228.28,3.5074,3.4531,43.6,Y
서울,광진구,2022-07,88,71987.4,66050.0,78.4,73,24385.6,135.8,68.23,4.321,223.56,3.2767,3.1241,39.3,Y
서울,광진구,2022-08,97,73138.8,70000.0,84.42,144,20942.8,93.0,50.86,4.235,166.94,3.2824,3.4904,44.3,Y
서울,광진구,2022-09,105,69342.4,65000.0,83.66,137,24886.5,110.3,64.32,4.22,197.81,3.0756,3.2177,44.2,Y
서울,광진구,2022-10,90,59237.7,55000.0,75.33,147,24995.9,127.7,70.37,4.436,220.14,3.1282,3.3967,42.0,Y
서울,광진구,2022-11,130,60320.2,57500.0,78.36,119,18943.7,122.2,64.0,4.344,190.79,2.9813,3.043,35.9,Y
서울,광진구,2022-12,134,56413.8,54500.0,75.86,155,21841.3,111.4,60.0,4.415,191.75,3.1961,3.4427,41.9,Y
서울,광진구,2023-01,149,55410.9,50000.0,77.44,175,16663.7,87.9,51.72,4.528,150.74,2.9146,2.9011,41.7,Y
서울,광진구,2023-02,222,55762.6,52000.0,78.7,130,19439.3,122.2,63.99,4.755,199.23,3.1136,3.162,38.7,Y
서울,광진구,2023-03,224,52793.8,49250.0,77.07,205,15770.6,103.1,52.32,4.8,166.15,3.1755,3.309,38.0,Y
서울,광진구,2023-04,198,54034.9,50000.0,75.33,125,20711.8,126.1,68.46,4.806,209.05,3.0536,3.1452,39.7,Y
서울,광진구,2023-05,196,58375.9,53000.0,78.28,104,19880.8,133.1,67.15,4.889,214.1,3.1885,3.1045,37.8,Y
서울,광진구,2023-06,207,65804.5,65000.0,81.39,190,24538.3,102.7,69.6,4.812,201.14,2.8899,2.418,48.9,Y
서울,광진구,2023-07,229,63618.1,61000.0,77.19,163,22705.7,130.7,68.65,4.8,221.53,3.2267,2.9446,41.0,Y
서울,광진구,2023-08,189,66503.9,64000.0,78.71,124,24732.3,153.6,75.09,4.792,252.37,3.3607,3.2062,39.1,Y
서울,광진구,2023-09,162,58475.8,55000.0,75.39,103,23595.0,138.7,69.6,4.744,231.95,3.3328,3.3131,40.2,Y
서울,광진구,2023-10,183,64819.1,61000.0,78.07,141,24890.1,135.5,66.87,4.626,231.49,3.4618,3.5156,41.4,Y
서울,광진구,2023-11,176,63490.0,60000.0,80.66,114,24883.8,133.2,69.47,4.701,230.69,3.3206,3.3058,42.3,Y
서울,광진구,2023-12,171,65822.8,63000.0,79.98,132,23345.2,118.1,61.35,4.706,209.64,3.4171,3.5446,43.7,Y
서울,광진구,2024-01,165,63318.2,60500.0,79.65,105,24555.2,144.1,69.2,4.696,240.2,3.4711,3.6125,40.0,Y
서울,광진구,2024-02,132,63845.9,60000.0,80.29,96,19762.5,144.3,63.27,4.755,222.58,3.5179,3.6375,35.2,Y
서울,광진구,2024-03,175,68133.5,64000.0,82.5,108,23714.6,126.6,65.24,4.8,221.47,3.3946,3.5436,42.8,Y
서울,광진구,2024-04,125,67456.8,60000.0,81.91,89,22787.6,126.7,61.58,4.8,217.82,3.537,3.4357,41.8,Y
서울,광진구,2024-05,127,62487.2,60000.0,76.42,89,18773.2,144.9,65.52,4.762,219.35,3.3479,3.4108,34.0,Y
서울,광진구,2024-06,135,67358.5,64000.0,79.05,100,21129.5,137.8,62.78,4.8,222.37,3.5422,3.7674,38.0,Y
서울,광진구,2024-07,142,68468.7,63000.0,79.17,85,23957.6,141.6,63.78,4.83,238.02,3.732,3.6877,40.5,Y
서울,광진구,2024-08,147,69797.4,65000.0,78.78,85,19592.4,142.7,66.34,4.8,221.1,3.333,3.4356,35.4,Y
서울,광진구,2024-09,92,69431.2,63834.5,80.09,104,20794.4,160.5,66.16,4.673,241.52,3.6505,3.575,33.5,Y
서울,광진구,2024-10,150,68414.5,62500.0,81.72,98,23729.6,129.6,66.34,4.541,219.41,3.3074,3.3157,40.9,Y
서울,광진구,2024-11,145,64260.3,64000.0,75.92,112,26509.8,145.3,71.77,4.581,246.55,3.4352,3.428,41.0,Y
서울,광진구,2024-12,164,68080.0,64500.0,78.72,199,13332.3,73.2,39.68,4.091,118.68,2.9912,2.5857,38.3,Y
서울,광진구,2025-01,135,64911.5,60000.0,77.09,182,16726.8,103.3,48.6,3.968,158.56,3.2624,2.8107,34.9,Y
서울,광진구,2025-02,154,65278.7,62500.0,76.86,160,17847.8,99.4,51.83,3.877,157.11,3.0313,2.6944,36.7,Y
서울,광진구,2025-03,178,73952.5,68000.0,85.69,181,19533.4,116.3,59.26,3.685,176.28,2.9749,2.6155,34.0,Y
서울,광진구,2025-04,195,73283.9,70000.0,84.36,171,16064.6,103.8,51.46,3.47,150.26,2.92,2.5831,30.9,Y
서울,광진구,2025-05,156,76008.7,71500.0,80.43,111,24151.1,145.8,66.25,3.63,218.87,3.3034,3.1365,33.4,Y
서울,광진구,2025-06,225,81350.7,77000.0,87.54,96,24769.1,169.0,69.54,4.266,257.02,3.696,3.6668,34.3,Y
서울,광진구,2025-07,144,78840.8,75000.0,82.79,111,26299.8,173.7,65.26,4.286,267.59,4.1001,4.2162,35.1,Y
서울,광진구,2025-08,117,75465.3,67000.0,84.21,83,25249.4,158.3,63.9,4.43,251.54,3.9361,4.2182,37.1,Y
서울,광진구,2025-09,161,72705.9,69000.0,84.37,233,18617.9,87.2,54.85,4.667,159.64,2.9104,2.4989,45.4,Y
서울,광진구,2025-10,134,81386.4,73000.0,90.21,116,24804.3,134.1,63.35,4.8,233.27,3.6819,3.654,42.5,Y
서울,광진구,2025-11,149,76525.5,72000.0,84.01,227,20081.3,110.3,51.57,4.794,190.47,3.6935,3.8431,42.1,Y
서울,광진구,2025-12,144,78593.7,72500.0,84.16,152,19615.7,131.1,51.81,4.8,209.59,4.0453,4.0749,37.4,Y
서울,광진구,2026-01,124,73891.2,69000.0,81.55,155,21631.7,136.8,50.98,4.877,224.71,4.408,4.5147,39.1,Y
서울,광진구,2026-02,81,83150.0,74000.0,86.51,225,17869.9,144.5,49.58,4.925,217.86,4.3944,4.0603,33.7,Y
서울,광진구,2026-03,104,82134.1,75000.0,87.91,244,18747.9,126.2,47.13,4.808,201.31,4.2718,4.0401,37.3,Y
서울,광진구,2026-04,110,79328.1,77500.0,80.68,138,21499.3,144.8,52.01,4.92,232.93,4.4781,4.1007,37.8,Y
서울,광진구,2026-05,103,78901.9,75000.0,81.87,102,28496.1,177.2,62.15,5.115,298.64,4.8053,4.378,40.7,Y
서울,광진구,2026-06,83,78089.8,75000.0,84.97,102,26564.1,156.4,61.92,5.026,267.62,4.3223,4.352,41.6,Y
서울,광진구,2026-07,63,83168.3,77000.0,83.91,107,23430.3,188.4,55.5,5.004,286.11,5.1549,4.3235,34.2,Y
서울,광진구,2026-08,49,82374.5,73000.0,82.69,76,22391.3,136.8,50.52,,,,,,Y
서울,광진구,2026-09,32,75681.2,78500.0,82.93,49,29305.9,138.3,58.19,,,,,,Y
서울,구로구,2011-01,450,17617.3,17000.0,72.56,90,5302.2,62.0,66.62,7.089,93.34,1.4011,1.4227,33.6,Y
서울,구로구,2011-02,467,17675.0,17000.0,73.77,77,6938.2,52.9,60.06,7.089,93.86,1.5628,1.6105,43.7,Y
서울,구로구,2011-03,470,17920.6,17000.0,72.18,159,5815.5,51.3,61.18,7.089,85.63,1.3996,1.3065,40.1,Y
서울,구로구,2011-04,393,18088.1,18000.0,73.55,84,6027.2,56.5,60.06,7.089,92.08,1.533,1.5103,38.7,Y
서울,구로구,2011-05,363,18160.6,17500.0,73.48,121,5937.2,47.7,57.45,7.089,82.78,1.4409,1.3626,42.4,Y
서울,구로구,2011-06,754,15871.0,14440.0,74.25,91,6290.3,50.9,58.62,7.089,88.09,1.5028,1.4557,42.2,Y
서울,구로구,2011-07,418,18981.7,18000.0,75.45,83,5756.0,50.1,58.51,7.109,84.2,1.4389,1.4105,40.5,Y
서울,구로구,2011-08,524,18258.0,18000.0,75.29,80,6892.9,64.5,66.99,7.109,105.34,1.5725,1.6107,38.8,Y
서울,구로구,2011-09,641,16936.7,18000.0,75.74,194,5500.2,45.7,55.4,7.185,78.66,1.42,1.1562,41.9,Y
서울,구로구,2011-10,463,19231.0,18500.0,74.27,122,5679.8,55.5,61.56,7.147,89.33,1.451,1.3582,37.9,Y
서울,구로구,2011-11,392,19235.5,19000.0,75.15,88,5644.6,52.0,58.81,7.147,85.64,1.4563,1.4089,39.3,Y
서울,구로구,2011-12,395,20794.4,19500.0,74.94,56,7253.8,63.9,65.26,7.147,107.15,1.642,1.5611,40.3,Y
서울,구로구,2012-01,447,19640.2,19000.0,73.65,86,6223.0,60.7,62.94,7.147,97.75,1.553,1.5179,37.9,Y
서울,구로구,2012-02,545,19953.7,19000.0,74.72,101,6293.3,64.1,64.42,7.147,101.61,1.5773,1.5929,36.9,Y
서울,구로구,2012-03,533,19599.0,18500.0,74.67,99,6807.3,57.3,63.84,7.034,97.19,1.5224,1.5014,41.1,Y
서울,구로구,2012-04,397,18857.4,18000.0,72.55,69,6739.1,60.2,61.76,6.857,98.7,1.5981,1.5821,39.0,Y
서울,구로구,2012-05,422,18491.7,18000.0,70.93,78,5783.3,61.7,63.52,6.857,94.77,1.4919,1.5183,34.9,Y
서울,구로구,2012-06,381,19610.3,19000.0,73.17,76,5951.0,59.5,61.75,6.786,93.17,1.5087,1.548,36.1,Y
서울,구로구,2012-07,380,19508.9,18150.0,73.09,66,6391.7,61.6,61.17,6.701,97.33,1.591,1.5926,36.7,Y
서울,구로구,2012-08,414,19239.7,19000.0,70.8,84,5972.4,67.6,63.13,6.701,100.99,1.5997,1.569,33.0,Y
서울,구로구,2012-09,448,18755.4,18500.0,68.51,104,5450.6,57.4,56.46,6.667,87.71,1.5536,1.6399,34.5,Y
서울,구로구,2012-10,512,19763.4,19000.0,71.69,89,6767.1,58.1,62.82,6.6,95.29,1.5168,1.5976,39.1,Y
서울,구로구,2012-11,360,20375.4,20000.0,75.16,71,6106.9,58.2,57.06,6.442,91.01,1.595,1.607,36.0,Y
서울,구로구,2012-12,457,21370.9,20500.0,76.18,67,6243.3,58.3,57.5,6.431,91.79,1.5963,1.5842,36.5,Y
서울,구로구,2013-01,473,20882.2,20000.0,75.45,95,6925.3,59.2,57.94,6.462,96.51,1.6656,1.6797,38.6,Y
서울,구로구,2013-02,418,20683.7,20000.0,74.51,79,7470.2,66.1,66.94,6.556,106.94,1.5975,1.5581,38.2,Y
서울,구로구,2013-03,454,20871.4,20000.0,74.15,116,8046.1,58.6,65.62,6.644,103.16,1.5721,1.5617,43.2,Y
서울,구로구,2013-04,352,20639.5,20000.0,75.28,104,8221.2,61.2,69.25,6.667,106.87,1.5432,1.5446,42.7,Y
서울,구로구,2013-05,320,21098.8,20000.0,73.31,85,7040.8,56.1,59.57,6.6,94.85,1.5923,1.5634,40.8,Y
서울,구로구,2013-06,365,20664.9,20000.0,74.38,91,7190.1,56.7,62.19,6.499,95.69,1.5385,1.5389,40.7,Y
서울,구로구,2013-07,335,21364.5,20500.0,74.01,119,8075.7,62.4,67.33,6.462,105.85,1.572,1.5853,41.1,Y
서울,구로구,2013-08,475,19644.6,19000.0,72.47,126,7029.3,54.9,63.28,6.069,90.44,1.4292,1.3642,39.3,Y
서울,구로구,2013-09,418,20324.5,19000.0,77.71,136,8679.2,59.5,66.12,6.0,102.88,1.5561,1.536,42.2,Y
서울,구로구,2013-10,555,20435.4,19000.0,73.57,139,8577.9,57.1,65.7,6.0,100.0,1.5221,1.5018,42.9,Y
서울,구로구,2013-11,351,22598.5,22000.0,74.44,125,8382.1,52.3,61.59,6.0,94.21,1.5296,1.4727,44.5,Y
서울,구로구,2013-12,533,20380.5,19110.0,75.02,138,8274.7,47.9,61.23,6.0,89.29,1.4583,1.3856,46.3,Y
서울,구로구,2014-01,444,22307.6,21500.0,75.07,137,8078.0,51.9,58.83,5.991,92.25,1.568,1.5292,43.7,Y
서울,구로구,2014-02,593,22727.3,22000.0,74.92,172,8262.0,59.1,64.14,5.911,99.79,1.5559,1.4764,40.8,Y
서울,구로구,2014-03,544,21587.2,21000.0,71.41,119,8762.6,56.4,66.1,5.975,100.04,1.5135,1.4307,43.6,Y
서울,구로구,2014-04,476,22363.5,21000.0,73.87,109,7280.3,54.2,60.12,5.785,89.26,1.4845,1.4003,39.3,Y
서울,구로구,2014-05,389,22322.0,22000.0,73.45,106,6862.5,54.8,60.51,5.793,87.89,1.4525,1.3827,37.7,Y
서울,구로구,2014-06,416,22428.1,22000.0,72.86,84,7642.9,57.0,60.63,5.829,94.16,1.5531,1.5623,39.4,Y
서울,구로구,2014-07,439,22584.1,22000.0,74.5,134,7825.0,54.6,59.69,5.75,92.07,1.5425,1.5143,40.7,Y
서울,구로구,2014-08,412,22684.2,22000.0,72.25,105,7151.9,59.1,62.87,5.852,94.0,1.4951,1.501,37.1,Y
서울,구로구,2014-09,435,22665.0,22500.0,73.95,115,8255.8,59.0,61.51,5.695,98.2,1.5964,1.5637,39.9,Y
서울,구로구,2014-10,452,22742.7,22000.0,71.54,112,7996.3,58.0,61.71,5.645,95.64,1.5497,1.5292,39.3,Y
서울,구로구,2014-11,382,24302.5,24000.0,73.4,100,8124.8,54.2,61.52,5.597,92.14,1.4976,1.5077,41.1,Y
서울,구로구,2014-12,409,24219.6,24000.0,74.52,97,10804.1,55.6,63.5,5.481,104.94,1.6525,1.6652,47.0,Y
서울,구로구,2015-01,433,23967.0,24000.0,71.12,151,9774.8,58.8,62.96,5.5,103.56,1.6447,1.6166,43.3,Y
서울,구로구,2015-02,355,24231.8,24000.0,74.17,140,11452.1,53.1,64.56,5.348,104.16,1.6133,1.6457,49.0,Y
서울,구로구,2015-03,457,24051.1,23000.0,73.26,201,11781.6,56.9,67.31,5.348,109.38,1.625,1.6485,48.0,Y
서울,구로구,2015-04,338,24305.9,23000.0,71.86,157,10522.1,57.4,64.77,5.348,104.29,1.6102,1.5591,45.0,Y
서울,구로구,2015-05,292,24945.6,23000.0,72.89,128,11909.0,53.9,67.78,5.348,106.94,1.5778,1.5482,49.6,Y
서울,구로구,2015-06,276,25489.0,25000.0,73.74,137,11658.4,53.5,66.66,5.346,105.39,1.581,1.554,49.3,Y
서울,구로구,2015-07,291,25081.2,24500.0,72.76,151,11029.3,59.3,64.64,5.271,107.7,1.6661,1.6882,45.0,Y
서울,구로구,2015-08,354,23564.7,23000.0,72.25,176,9786.2,57.1,61.11,5.106,98.73,1.6157,1.6166,42.2,Y
서울,구로구,2015-09,308,24168.7,23000.0,72.23,136,12256.3,50.0,61.5,5.037,101.41,1.6491,1.637,50.7,Y
서울,구로구,2015-10,389,25830.5,26000.0,71.72,167,10809.6,56.4,62.1,4.909,100.59,1.6198,1.6637,44.0,Y
서울,구로구,2015-11,280,27031.2,27000.0,70.74,118,12410.6,53.7,62.86,4.8,103.34,1.644,1.6487,48.0,Y
서울,구로구,2015-12,471,24437.3,23000.0,74.13,200,12332.6,49.0,60.86,4.71,97.42,1.6006,1.6478,49.7,Y
서울,구로구,2016-01,342,28160.8,27000.0,73.31,203,11645.8,52.7,57.84,4.556,96.94,1.6758,1.6951,45.6,Y
서울,구로구,2016-02,368,27435.5,27000.0,71.96,189,12821.2,50.1,62.85,4.615,99.41,1.5817,1.525,49.6,Y
서울,구로구,2016-03,352,27435.8,28000.0,72.78,180,12508.8,52.6,65.39,4.555,100.09,1.5307,1.5178,47.4,Y
서울,구로구,2016-04,466,23823.6,22000.0,71.32,192,10405.6,51.9,61.05,4.5,90.97,1.49,1.4433,42.9,Y
서울,구로구,2016-05,314,27017.4,26500.0,71.44,170,12075.7,50.0,60.35,4.518,95.45,1.5817,1.5773,47.6,Y
서울,구로구,2016-06,293,27225.1,26500.0,69.96,165,12011.4,53.7,60.9,4.525,98.95,1.6247,1.625,45.8,Y
서울,구로구,2016-07,360,27540.2,26000.0,72.03,125,11330.9,53.3,59.43,4.501,95.78,1.6118,1.6158,44.4,Y
서울,구로구,2016-08,325,27170.7,26500.0,70.94,167,12110.2,53.1,60.57,4.333,96.82,1.5984,1.6188,45.2,Y
서울,구로구,2016-09,313,28368.3,28000.0,71.89,167,11044.0,54.4,61.49,4.364,94.58,1.5381,1.5599,42.5,Y
서울,구로구,2016-10,383,29536.8,29000.0,72.45,179,11901.3,48.3,59.54,4.364,91.53,1.5373,1.5371,47.3,Y
서울,구로구,2016-11,324,29628.7,28000.0,73.39,149,14006.4,50.0,61.6,4.364,100.95,1.6386,1.6502,50.5,Y
서울,구로구,2016-12,355,30417.9,31000.0,72.47,166,11325.3,54.4,61.66,4.394,95.91,1.5556,1.5775,43.2,Y
서울,구로구,2017-01,307,29689.8,30000.0,70.85,154,11747.7,58.0,57.58,4.364,100.75,1.7498,1.7034,42.4,Y
서울,구로구,2017-02,398,29190.6,29500.0,71.09,236,11203.4,55.6,56.6,4.3,95.72,1.6912,1.6867,41.9,Y
서울,구로구,2017-03,371,27909.9,28000.0,68.81,245,10498.8,51.5,65.63,4.2,88.23,1.3444,1.426,41.6,Y
서울,구로구,2017-04,289,29131.2,28000.0,71.65,152,10932.8,51.3,59.18,4.138,89.04,1.5046,1.4573,42.3,Y
서울,구로구,2017-05,309,30921.0,30000.0,74.0,127,9942.1,54.2,57.63,4.2,88.98,1.5439,1.6068,39.1,Y
서울,구로구,2017-06,329,29194.4,29000.0,72.09,140,10881.0,49.7,54.19,4.23,88.07,1.6252,1.6189,43.6,Y
서울,구로구,2017-07,326,29276.9,28750.0,68.69,161,9058.3,61.1,56.23,4.205,92.81,1.6506,1.6639,34.2,Y
서울,구로구,2017-08,392,26583.8,25000.0,70.05,160,9880.2,58.3,58.86,4.286,93.56,1.5895,1.5072,37.7,Y
서울,구로구,2017-09,389,26458.8,26000.0,72.69,140,10304.9,51.9,54.62,4.22,88.1,1.6131,1.6829,41.1,Y
서울,구로구,2017-10,370,26151.1,25000.0,69.27,130,9877.8,51.4,56.6,4.256,86.39,1.5263,1.4936,40.6,Y
서울,구로구,2017-11,343,29629.6,29000.0,69.05,134,10027.3,51.9,56.62,4.238,87.31,1.5421,1.5733,40.6,Y
서울,구로구,2017-12,455,26905.6,25000.0,72.16,176,9271.8,48.2,52.32,4.267,81.13,1.5507,1.4155,40.6,Y
서울,구로구,2018-01,431,30028.6,30000.0,70.85,198,12744.9,49.9,55.33,4.235,94.85,1.7144,1.668,47.4,Y
서울,구로구,2018-02,358,29555.6,28000.0,69.26,240,14451.9,49.1,54.26,4.227,100.02,1.8436,1.9115,50.9,Y
서울,구로구,2018-03,542,29764.9,28000.0,69.38,266,9207.5,49.7,50.58,4.286,82.6,1.633,1.5213,39.8,Y
서울,구로구,2018-04,432,27157.1,25350.0,69.55,172,9223.5,56.2,55.86,4.286,89.12,1.5954,1.5646,37.0,Y
서울,구로구,2018-05,329,29148.0,28000.0,69.87,156,9544.9,56.6,57.13,4.262,90.49,1.5841,1.5871,37.5,Y
서울,구로구,2018-06,329,29502.7,29000.0,70.05,144,9360.1,56.9,55.27,4.19,89.55,1.6202,1.6583,36.5,Y
서울,구로구,2018-07,336,29957.2,28000.0,70.73,140,10117.8,57.0,58.66,4.174,92.23,1.5724,1.5384,38.2,Y
서울,구로구,2018-08,404,30094.0,28000.0,70.04,146,8905.3,55.0,50.87,4.102,85.48,1.6804,1.7509,35.6,Y
서울,구로구,2018-09,406,32012.5,32000.0,72.88,136,10540.9,56.6,57.05,4.091,92.5,1.6215,1.6139,38.8,Y
서울,구로구,2018-10,437,31270.0,30000.0,71.56,172,11100.6,54.1,55.7,4.085,91.93,1.6503,1.677,41.1,Y
서울,구로구,2018-11,344,30348.3,28750.0,68.36,129,11950.9,53.9,59.16,4.029,94.07,1.5902,1.6268,42.7,Y
서울,구로구,2018-12,342,31146.2,30000.0,68.26,134,11524.2,56.5,55.28,4.0,94.88,1.7164,1.7945,40.5,Y
서울,구로구,2019-01,407,31911.4,30000.0,69.37,160,10102.4,59.5,57.08,4.0,93.16,1.6319,1.6025,36.2,Y
서울,구로구,2019-02,377,31476.1,31000.0,72.34,178,9815.6,55.2,53.92,4.0,87.91,1.6305,1.6052,37.2,Y
서울,구로구,2019-03,435,30060.7,29000.0,69.6,181,7822.4,57.7,54.42,4.0,83.79,1.5397,1.5729,31.1,Y
서울,구로구,2019-04,302,30085.3,29000.0,68.91,212,15394.2,54.1,54.98,4.085,106.51,1.9372,2.1094,49.2,Y
서울,구로구,2019-05,343,29478.5,29000.0,67.96,143,7800.4,55.1,54.98,4.088,81.71,1.4863,1.4519,32.5,Y
서울,구로구,2019-06,332,30004.8,30000.0,70.5,125,9524.9,49.5,51.9,4.138,82.33,1.5863,1.5784,39.9,Y
서울,구로구,2019-07,361,30157.8,29000.0,68.49,119,9633.3,60.4,58.2,4.105,93.37,1.6044,1.5918,35.3,Y
서울,구로구,2019-08,438,27553.8,27000.0,68.39,142,7991.1,53.4,52.7,4.133,80.95,1.5361,1.5357,34.0,Y
서울,구로구,2019-09,423,28321.6,27000.0,70.08,134,9357.8,58.6,55.2,4.154,90.96,1.6478,1.6218,35.6,Y
서울,구로구,2019-10,498,30474.3,29000.0,71.05,144,8522.9,47.9,49.1,4.114,77.17,1.5716,1.5396,37.9,Y
서울,구로구,2019-11,444,32415.3,32000.0,71.1,199,9268.6,51.5,59.0,4.091,83.06,1.4079,1.4072,38.0,Y
서울,구로구,2019-12,534,29988.1,29000.0,72.0,205,8695.6,47.5,52.06,4.313,78.71,1.512,1.4429,39.7,Y
서울,구로구,2020-01,447,31636.7,31000.0,71.35,189,11061.4,56.5,55.46,4.2,95.24,1.7173,1.7249,40.7,Y
서울,구로구,2020-02,630,31958.7,31000.0,69.74,248,15029.8,53.1,54.54,4.211,105.82,1.9403,2.1572,49.8,Y
서울,구로구,2020-03,419,31211.8,30000.0,69.26,210,9212.7,46.7,51.3,4.183,78.84,1.537,1.4374,40.7,Y
서울,구로구,2020-04,504,27676.1,27000.0,66.73,344,8725.2,39.4,47.99,4.174,69.75,1.4535,1.2383,43.5,Y
서울,구로구,2020-05,434,31390.2,29400.0,69.79,171,10101.8,47.2,52.52,4.216,82.73,1.5754,1.501,42.9,Y
서울,구로구,2020-06,495,32452.0,31000.0,72.26,160,9861.9,56.9,58.86,4.114,90.74,1.5417,1.5562,37.3,Y
서울,구로구,2020-07,537,32224.7,30000.0,68.81,197,10073.9,58.0,58.57,4.004,91.62,1.5643,1.5781,36.7,Y
서울,구로구,2020-08,420,33743.7,33000.0,69.83,191,10618.6,59.3,58.67,4.0,94.71,1.6143,1.6075,37.4,Y
서울,구로구,2020-09,370,34764.9,35850.0,71.06,147,10854.6,55.8,54.53,4.0,91.96,1.6864,1.6522,39.3,Y
서울,구로구,2020-10,378,33571.2,34000.0,68.29,152,12894.0,54.8,55.44,3.999,97.76,1.7632,1.7613,43.9,Y
서울,구로구,2020-11,317,35445.2,35000.0,68.35,365,7567.7,31.3,40.9,3.901,55.94,1.3678,1.1314,44.0,Y
서울,구로구,2020-12,347,35962.4,35000.0,66.41,791,17729.2,55.1,67.3,3.995,114.08,1.6952,1.7027,51.7,Y
서울,구로구,2021-01,372,35298.7,35000.0,66.42,804,16796.9,50.9,61.95,4.068,107.84,1.7409,1.7523,52.8,Y
서울,구로구,2021-02,365,35414.7,35000.0,68.91,285,13862.4,47.3,53.91,4.098,94.67,1.756,1.7387,50.0,Y
서울,구로구,2021-03,407,36131.3,35700.0,67.95,250,9944.8,47.2,48.03,4.092,81.13,1.6892,1.5989,41.8,Y
서울,구로구,2021-04,336,35869.7,35000.0,68.73,184,11446.0,47.7,53.54,4.068,86.53,1.6163,1.4953,44.8,Y
서울,구로구,2021-05,416,38839.2,38000.0,70.07,176,10502.2,54.0,56.15,4.061,89.53,1.5946,1.543,39.7,Y
서울,구로구,2021-06,304,38262.8,39187.5,67.79,180,13883.7,61.0,61.15,3.932,106.45,1.7408,1.645,42.7,Y
서울,구로구,2021-07,308,40622.3,40000.0,69.0,229,10891.4,53.8,53.33,3.827,88.49,1.6593,1.6176,39.3,Y
서울,구로구,2021-08,355,34203.9,33000.0,67.27,672,7908.3,34.3,53.65,4.0,60.65,1.1305,0.8946,43.5,Y
서울,구로구,2021-09,382,31880.2,21972.5,74.14,370,9297.9,35.5,56.5,4.119,67.39,1.1927,0.8459,47.4,Y
서울,구로구,2021-10,413,35135.4,35000.0,71.75,565,8601.5,34.1,49.59,4.17,63.96,1.2898,0.9626,46.7,Y
서울,구로구,2021-11,288,39304.1,38000.0,69.86,211,10393.0,54.3,49.4,4.054,89.46,1.8107,1.6942,39.2,Y
서울,구로구,2021-12,410,29841.5,25350.0,68.17,655,7639.9,31.0,42.04,4.158,57.44,1.3663,1.1192,46.1,Y
서울,구로구,2022-01,295,36848.8,36540.0,68.63,247,12825.4,53.0,52.42,4.215,98.1,1.8714,1.7527,45.9,Y
서울,구로구,2022-02,331,32841.0,33000.0,60.84,444,11246.6,39.3,48.53,4.174,78.38,1.6152,1.1824,49.9,Y
서울,구로구,2022-03,345,36818.7,35000.0,69.35,275,11225.7,46.7,51.78,4.174,85.72,1.6556,1.4684,45.5,Y
서울,구로구,2022-04,460,29802.2,23609.0,69.22,302,10566.9,52.6,52.53,4.188,89.48,1.7032,1.3587,41.2,Y
서울,구로구,2022-05,259,38758.5,37000.0,69.07,341,15869.6,50.9,62.73,4.39,108.97,1.7372,1.6889,53.3,Y
서울,구로구,2022-06,226,40303.3,39000.0,70.03,826,15447.3,46.1,60.38,4.426,103.07,1.7071,1.7401,55.3,Y
서울,구로구,2022-07,249,37454.4,37800.0,68.61,515,14446.8,40.9,56.64,4.254,92.11,1.6262,1.6462,55.6,Y
서울,구로구,2022-08,251,36423.2,35000.0,65.98,227,13154.0,61.9,59.75,4.265,108.64,1.8181,1.7473,43.0,Y
서울,구로구,2022-09,259,37050.1,35000.0,66.82,316,10834.7,52.5,52.96,4.428,92.45,1.7458,1.6122,43.2,Y
서울,구로구,2022-10,287,34094.1,33000.0,65.59,228,11134.6,68.7,56.0,4.32,108.81,1.9429,1.8529,36.8,Y
서울,구로구,2022-11,221,35226.0,34500.0,70.51,396,9484.9,42.7,50.36,4.364,77.23,1.5333,1.1612,44.7,Y
서울,구로구,2022-12,250,35428.0,33000.0,71.54,462,8713.6,46.4,51.13,4.397,78.28,1.5308,1.2549,40.8,Y
서울,구로구,2023-01,303,34383.1,33000.0,67.93,423,12428.9,48.7,55.09,4.496,95.31,1.73,1.6936,48.9,Y
서울,구로구,2023-02,409,33430.6,33957.0,70.22,631,10821.5,41.7,48.59,4.597,83.19,1.7122,1.5975,49.8,Y
서울,구로구,2023-03,395,34453.2,33500.0,70.39,443,11417.9,54.6,53.54,4.634,98.7,1.8435,1.7822,44.7,Y
서울,구로구,2023-04,375,35936.4,35000.0,73.01,822,8055.2,31.2,48.18,4.901,64.07,1.3298,1.0394,51.3,Y
서울,구로구,2023-05,338,35199.9,35000.0,71.15,329,9682.5,53.0,49.51,4.8,91.69,1.8519,1.7352,42.2,Y
서울,구로구,2023-06,346,36137.6,35000.0,71.07,309,9504.1,49.6,48.91,4.8,87.62,1.7916,1.677,43.4,Y
서울,구로구,2023-07,285,36912.5,36300.0,70.73,278,8571.2,51.4,46.92,4.768,85.48,1.8219,1.6421,39.8,Y
서울,구로구,2023-08,420,31050.6,30000.0,71.26,401,9228.9,42.8,50.96,4.667,78.64,1.5433,1.2341,45.6,Y
서울,구로구,2023-09,421,30746.4,29625.0,74.01,298,9406.8,49.9,55.93,4.545,85.52,1.529,1.2557,41.7,Y
서울,구로구,2023-10,426,32794.7,32000.0,71.2,372,9654.9,51.7,54.85,4.3,86.33,1.5739,1.388,40.1,Y
서울,구로구,2023-11,330,37083.1,35000.0,74.21,237,10548.8,73.4,53.9,4.27,110.91,2.0576,1.983,33.8,Y
서울,구로구,2023-12,522,32329.3,30000.0,75.01,305,10587.6,56.2,53.41,4.303,94.2,1.7637,1.7118,40.3,Y
서울,구로구,2024-01,381,36937.8,37000.0,72.13,339,9855.6,51.5,50.78,4.236,86.32,1.6999,1.6051,40.3,Y
서울,구로구,2024-02,321,35118.6,36000.0,67.42,324,11687.4,53.8,51.03,4.265,95.34,1.8684,1.7726,43.6,Y
서울,구로구,2024-03,366,38324.0,37600.0,71.96,340,11176.3,49.5,49.59,4.452,90.94,1.8338,1.7579,45.6,Y
서울,구로구,2024-04,396,33057.8,30000.0,68.83,263,10431.9,55.3,53.19,4.529,94.71,1.7806,1.7885,41.6,Y
서울,구로구,2024-05,323,37183.8,35000.0,67.88,351,9712.7,49.1,48.64,4.529,85.71,1.7619,1.6508,42.8,Y
서울,구로구,2024-06,310,38118.9,37000.0,67.0,242,9559.9,64.2,52.11,4.56,100.55,1.9297,1.8592,36.1,Y
서울,구로구,2024-07,325,37213.0,36000.0,66.36,286,11266.9,62.0,50.61,4.597,105.16,2.0778,2.0069,41.0,Y
서울,구로구,2024-08,310,39326.7,38750.0,68.78,330,10425.0,58.5,49.56,4.504,97.68,1.971,1.8687,40.1,Y
서울,구로구,2024-09,231,36665.9,37000.0,67.43,280,8786.2,48.1,42.96,4.476,80.86,1.8823,1.6003,40.5,Y
서울,구로구,2024-10,251,38844.5,38000.0,68.27,284,11688.0,59.3,48.93,4.486,103.02,2.1054,2.0309,42.4,Y
서울,구로구,2024-11,232,39548.2,38000.0,70.8,297,9372.0,58.6,46.79,4.444,93.27,1.9932,2.0453,37.2,Y
서울,구로구,2024-12,245,38819.7,38000.0,67.21,374,9354.3,49.1,46.14,4.5,84.15,1.8238,1.7697,41.7,Y
서울,구로구,2025-01,226,37258.5,36600.0,68.3,355,9705.8,48.5,46.72,4.523,85.12,1.8218,1.7632,43.0,Y
서울,구로구,2025-02,294,39532.2,37400.0,71.93,440,9793.8,52.9,47.88,4.8,92.11,1.9237,1.9416,42.5,Y
서울,구로구,2025-03,303,40381.1,40000.0,70.89,372,9697.0,60.8,49.74,4.8,99.56,2.0018,1.9201,39.0,Y
서울,구로구,2025-04,256,36973.6,38000.0,68.68,535,8889.7,44.5,54.02,4.741,79.64,1.4743,1.0486,44.1,Y
서울,구로구,2025-05,269,38453.4,37800.0,69.57,344,8810.3,53.3,46.8,4.74,88.13,1.8831,1.8332,39.5,Y
서울,구로구,2025-06,213,41526.1,40000.0,70.64,289,9286.5,68.0,51.58,4.685,104.25,2.021,2.1185,34.8,Y
서울,구로구,2025-07,215,41630.1,43000.0,71.86,276,10182.1,59.7,49.04,4.667,99.26,2.024,2.0003,39.9,Y
서울,구로구,2025-08,295,35270.7,35000.0,72.68,267,9124.7,61.3,48.57,4.5,95.51,1.9666,2.0133,35.8,Y
서울,구로구,2025-09,272,34336.9,30000.0,78.43,325,9646.2,50.8,54.35,4.387,86.06,1.5833,1.2085,41.0,Y
서울,구로구,2025-10,207,42016.6,40000.0,73.47,430,9574.5,52.3,49.07,4.395,87.4,1.781,1.8434,40.1,Y
서울,구로구,2025-11,232,41160.3,40000.0,69.71,302,10796.9,80.7,52.31,4.394,120.22,2.298,2.2858,32.9,Y
서울,구로구,2025-12,242,43380.2,42920.0,74.24,405,8855.2,58.1,44.51,4.462,91.06,2.0457,1.9109,36.2,Y
서울,구로구,2026-01,264,40143.5,40000.0,68.36,255,12009.3,82.4,56.0,4.418,126.65,2.2616,2.2913,34.9,Y
서울,구로구,2026-02,216,43101.9,40550.0,70.99,244,12354.9,85.9,56.85,4.343,130.61,2.2973,2.3429,34.2,Y
서울,구로구,2026-03,233,43322.9,43000.0,71.12,356,10174.1,73.4,56.17,4.405,110.73,1.9714,2.0122,33.7,Y
서울,구로구,2026-04,189,41818.0,40000.0,68.78,284,9180.6,70.8,54.27,4.471,104.98,1.9345,1.9818,32.6,Y
서울,구로구,2026-05,171,45981.2,46000.0,71.22,184,13075.1,77.6,54.98,4.557,127.21,2.3138,2.2476,39.0,Y
서울,구로구,2026-06,144,43575.1,42000.0,69.87,272,12391.8,65.4,49.48,4.478,111.66,2.2568,1.9967,41.4,Y
서울,구로구,2026-07,144,44130.2,43000.0,72.75,230,11355.0,72.9,50.9,4.615,116.62,2.2913,2.1079,37.4,Y
서울,구로구,2026-08,136,45010.8,44184.0,70.28,217,10683.3,71.4,45.45,,,,,,Y
서울,구로구,2026-09,71,44005.2,45000.0,65.06,154,12284.9,72.4,48.98,,,,,,Y
서울,금천구,2011-01,116,14294.9,15000.0,75.52,9,3279.9,42.3,59.77,7.689,63.35,1.0599,1.0375,33.2,Y
서울,금천구,2011-02,130,14153.4,15000.0,71.65,36,4549.8,47.4,64.22,7.689,76.57,1.1923,1.1729,38.1,Y
서울,금천구,2011-03,140,14341.0,15000.0,75.56,27,5087.6,47.6,66.14,7.689,80.23,1.2129,1.2704,40.6,Y
서울,금천구,2011-04,108,14380.1,15000.0,71.75,25,5339.5,54.4,71.87,7.689,88.57,1.2324,1.2429,38.6,Y
서울,금천구,2011-05,103,14779.6,15000.0,74.81,17,5411.8,57.8,65.94,7.689,92.44,1.402,1.4168,37.5,Y
서울,금천구,2011-06,98,14757.7,15250.0,77.35,19,3268.4,50.0,60.84,7.689,70.94,1.166,1.3664,29.5,Y
서울,금천구,2011-07,98,14192.9,15000.0,73.76,17,4870.6,57.4,65.9,7.533,87.93,1.3343,1.483,34.8,Y
서울,금천구,2011-08,141,14375.9,15000.0,70.97,20,4050.0,48.2,59.1,7.5,73.56,1.2447,1.2186,34.4,Y
서울,금천구,2011-09,118,14778.0,15000.0,74.71,28,5071.4,49.3,61.23,7.647,81.64,1.3334,1.3489,39.6,Y
서울,금천구,2011-10,163,14139.7,14500.0,70.49,30,5210.0,52.8,71.66,7.642,85.98,1.1997,1.254,38.6,Y
서울,금천구,2011-11,125,14643.2,15000.0,69.92,17,6470.6,46.5,62.18,7.5,86.91,1.3978,1.3495,46.5,Y
서울,금천구,2011-12,165,15338.8,15500.0,76.25,25,5640.0,59.3,69.4,7.68,95.42,1.3748,1.4291,37.8,Y
서울,금천구,2012-01,148,17287.2,18000.0,77.54,31,5345.2,60.0,73.49,7.512,93.46,1.2717,1.3392,35.8,Y
서울,금천구,2012-02,195,17043.6,17000.0,78.23,30,5500.0,60.4,69.47,7.284,93.82,1.3506,1.3895,35.6,Y
서울,금천구,2012-03,184,15710.9,16000.0,71.93,28,6071.4,59.3,73.01,7.2,95.71,1.311,1.2949,38.1,Y
서울,금천구,2012-04,160,16174.1,16000.0,74.83,22,6181.8,59.4,76.49,7.2,96.5,1.2616,1.2783,38.4,Y
서울,금천구,2012-05,134,16012.7,17000.0,73.69,25,4768.0,61.7,70.5,7.091,89.85,1.2745,1.2864,31.4,Y
서울,금천구,2012-06,152,16281.6,16500.0,74.51,23,5321.7,58.7,69.27,6.857,89.11,1.2864,1.246,34.1,Y
서울,금천구,2012-07,124,15626.6,15750.0,71.35,17,5323.5,48.0,62.63,6.857,78.42,1.2522,1.2715,38.8,Y
서울,금천구,2012-08,141,15510.6,16000.0,71.58,20,6125.0,57.4,74.5,6.857,92.35,1.2396,1.2542,37.9,Y
서울,금천구,2012-09,154,16529.9,17000.0,76.09,22,5940.9,60.4,71.4,6.937,94.71,1.3265,1.4011,36.3,Y
서울,금천구,2012-10,136,15779.4,16000.0,72.49,28,5760.7,50.9,67.3,7.021,84.6,1.257,1.3597,39.8,Y
서울,금천구,2012-11,126,15601.6,16000.0,71.75,20,5150.0,57.3,63.04,6.857,86.73,1.3758,1.3455,33.9,Y
서울,금천구,2012-12,118,16509.3,17000.0,74.54,17,3029.4,53.5,55.71,6.861,70.85,1.2718,1.2466,24.4,Y
서울,금천구,2013-01,136,16789.7,17000.0,72.57,29,5420.7,47.6,56.11,6.857,78.6,1.4007,1.4774,39.4,Y
서울,금천구,2013-02,125,17304.0,17500.0,74.81,27,5696.3,56.4,64.75,7.0,89.64,1.3843,1.3371,37.1,Y
서울,금천구,2013-03,136,15580.9,16000.0,69.89,23,4782.6,62.4,69.84,7.069,90.61,1.2973,1.2926,31.1,Y
서울,금천구,2013-04,127,16718.9,17000.0,73.41,20,6500.0,57.2,74.35,7.029,95.33,1.2822,1.309,39.9,Y
서울,금천구,2013-05,109,17278.0,17800.0,75.33,24,5604.2,58.2,64.71,6.749,89.77,1.3873,1.3478,35.1,Y
서울,금천구,2013-06,112,16797.3,16500.0,72.46,28,4803.6,48.8,61.07,6.667,75.44,1.2352,1.2585,35.4,Y
서울,금천구,2013-07,98,16980.6,17000.0,70.61,27,6222.2,54.3,67.76,6.73,89.16,1.3157,1.2826,39.1,Y
서울,금천구,2013-08,108,17306.5,17000.0,71.51,30,6056.7,57.8,65.84,6.635,91.26,1.3861,1.4188,36.7,Y
서울,금천구,2013-09,116,19233.2,19000.0,73.49,31,8048.4,50.9,68.32,6.462,94.21,1.3789,1.3948,46.0,Y
서울,금천구,2013-10,168,18614.3,18250.0,72.02,50,7400.0,47.5,62.68,6.653,88.55,1.4127,1.4336,46.3,Y
서울,금천구,2013-11,126,19675.4,20000.0,74.13,39,6482.1,46.9,57.12,6.72,83.17,1.456,1.4358,43.6,Y
서울,금천구,2013-12,128,19709.4,20000.0,75.23,45,4533.3,48.8,44.94,6.829,74.55,1.6591,1.7695,34.6,Y
서울,금천구,2014-01,112,19442.0,19950.0,74.08,33,7036.4,53.2,67.64,6.79,93.0,1.3748,1.3732,42.8,Y
서울,금천구,2014-02,151,19228.5,19000.0,73.06,58,6256.9,57.2,66.75,6.744,92.32,1.383,1.3875,38.1,Y
서울,금천구,2014-03,158,20226.6,20000.0,75.55,49,7970.6,44.6,64.19,6.667,88.87,1.3845,1.3856,49.8,Y
서울,금천구,2014-04,133,20119.5,20000.0,75.73,30,7483.3,40.2,64.28,6.492,80.69,1.2552,1.3304,50.2,Y
서울,금천구,2014-05,124,17756.5,18000.0,67.29,25,6468.0,49.1,64.52,6.275,82.94,1.2854,1.2948,40.8,Y
서울,금천구,2014-06,110,18933.6,18800.0,70.9,27,8240.7,51.7,68.57,6.0,92.94,1.3555,1.3534,44.3,Y
서울,금천구,2014-07,98,19123.5,19000.0,71.29,28,5714.3,51.4,57.48,6.0,80.0,1.3918,1.3544,35.7,Y
서울,금천구,2014-08,122,20042.6,20000.0,74.77,41,5623.9,47.1,50.62,6.0,75.19,1.4853,1.5198,37.4,Y
서울,금천구,2014-09,118,19730.5,20000.0,74.4,50,4320.0,47.3,38.61,5.954,68.75,1.7806,2.7189,31.2,Y
서울,금천구,2014-10,158,19363.6,20000.0,73.41,37,5891.9,48.6,48.65,6.0,78.05,1.6044,1.7102,37.7,Y
서울,금천구,2014-11,99,18891.9,19000.0,73.68,53,4103.8,47.9,37.7,6.0,68.39,1.8141,2.9122,30.0,Y
서울,금천구,2014-12,95,21312.6,21500.0,74.62,37,5352.2,51.2,49.23,6.0,77.92,1.5827,1.4727,34.3,Y
서울,금천구,2015-01,113,20508.4,21000.0,74.19,33,6660.6,56.3,61.05,6.0,89.64,1.4683,1.4709,37.2,Y
서울,금천구,2015-02,106,21426.3,21000.0,78.43,28,7875.0,54.7,74.24,6.0,94.09,1.2674,1.2718,41.8,Y
서울,금천구,2015-03,132,21072.7,20000.0,73.23,46,6458.8,49.3,59.37,5.664,79.81,1.3443,1.3098,38.2,Y
서울,금천구,2015-04,106,21227.4,20750.0,72.28,41,6207.3,52.6,57.85,5.565,81.42,1.4074,1.3873,35.4,Y
서울,금천구,2015-05,87,21716.3,20000.0,73.88,43,7430.2,50.6,65.54,5.571,85.13,1.2989,1.3342,40.5,Y
서울,금천구,2015-06,158,27826.1,26000.0,76.06,32,7890.6,47.5,59.52,5.538,83.92,1.41,1.397,43.4,Y
서울,금천구,2015-07,90,21870.0,20750.0,71.05,53,7556.7,57.6,70.29,5.323,91.15,1.2967,1.333,36.8,Y
서울,금천구,2015-08,89,22028.1,22000.0,69.09,46,8232.6,47.3,59.67,5.143,82.63,1.3847,1.4067,42.7,Y
서울,금천구,2015-09,83,22378.4,22500.0,68.96,42,8916.7,49.8,64.52,5.124,87.88,1.3621,1.3772,43.3,Y
서울,금천구,2015-10,129,23712.4,24000.0,73.98,59,9513.6,54.4,67.43,4.947,93.64,1.3886,1.3972,41.9,Y
서울,금천구,2015-11,85,22657.6,22500.0,68.22,40,9211.5,48.5,58.14,4.8,85.3,1.467,1.4173,43.2,Y
서울,금천구,2015-12,103,23687.4,23000.0,72.7,45,8048.2,52.6,61.05,4.841,85.07,1.3933,1.3384,38.2,Y
서울,금천구,2016-01,96,23664.6,23000.0,71.04,46,8759.4,49.6,59.76,4.8,84.65,1.4164,1.3283,41.4,Y
서울,금천구,2016-02,89,24219.1,24000.0,72.06,46,12913.0,43.5,72.46,4.886,96.05,1.3256,1.3311,54.7,N
서울,금천구,2016-03,110,22701.8,22000.0,71.14,60,10500.0,47.2,66.69,4.935,90.43,1.356,1.3881,47.8,Y
서울,금천구,2016-04,100,23873.9,24000.0,73.4,32,10078.1,51.2,68.14,4.941,92.69,1.3601,1.4371,44.8,Y
서울,금천구,2016-05,83,23290.4,23000.0,73.4,36,8027.8,55.1,66.3,4.898,87.85,1.3251,1.4066,37.3,Y
서울,금천구,2016-06,69,24108.7,24500.0,76.64,39,9935.9,55.3,70.5,4.706,94.25,1.3369,1.3559,41.3,Y
서울,금천구,2016-07,75,22470.7,22000.0,69.88,29,8155.2,52.2,68.01,4.737,84.36,1.2404,1.2863,38.2,Y
서울,금천구,2016-08,135,25477.0,26000.0,71.29,26,6926.6,49.6,59.04,4.801,77.33,1.3097,1.369,35.8,Y
서울,금천구,2016-09,83,25834.9,26000.0,75.65,45,9091.3,57.4,64.05,4.937,94.76,1.4794,1.5048,39.5,Y
서울,금천구,2016-10,138,25271.0,26000.0,76.17,39,9728.2,51.4,67.59,4.8,90.27,1.3356,1.3366,43.1,Y
서울,금천구,2016-11,111,24177.9,24000.0,72.32,39,8923.1,62.6,71.91,4.95,99.37,1.3819,1.3537,37.0,Y
서울,금천구,2016-12,112,24730.4,24000.0,73.01,51,9796.2,64.9,70.23,4.889,104.81,1.4924,1.4559,38.1,Y
서울,금천구,2017-01,107,25005.8,26000.0,73.39,38,6960.2,60.3,61.65,4.8,88.1,1.4292,1.4393,31.6,Y
서울,금천구,2017-02,128,22981.9,23250.0,70.64,62,8383.8,49.7,58.42,4.645,82.11,1.4057,1.3956,39.5,Y
서울,금천구,2017-03,114,23263.2,23250.0,72.28,42,6369.0,71.5,68.28,4.562,95.74,1.402,1.3299,25.3,Y
서울,금천구,2017-04,73,24891.5,25000.0,72.14,34,6602.9,60.4,57.74,4.5,85.11,1.474,1.452,29.1,Y
서울,금천구,2017-05,116,24551.7,24750.0,75.14,48,8098.8,62.4,68.15,4.5,92.77,1.3612,1.3473,32.7,Y
서울,금천구,2017-06,103,23740.8,22000.0,68.86,34,6299.6,49.9,55.55,4.564,73.81,1.3287,1.3338,32.5,Y
서울,금천구,2017-07,116,23654.2,24500.0,66.92,34,5056.5,55.1,53.09,4.421,73.75,1.3891,1.4115,25.3,Y
서울,금천구,2017-08,113,23654.9,23000.0,67.81,43,8202.2,56.9,65.3,4.609,88.41,1.3539,1.2538,35.6,Y
서울,금천구,2017-09,128,24422.8,24750.0,67.66,41,8353.4,53.6,57.15,4.635,85.85,1.5021,1.4539,37.6,Y
서울,금천구,2017-10,92,25841.3,26000.0,69.51,47,6571.9,61.8,60.43,4.714,87.61,1.4496,1.5347,29.5,Y
서울,금천구,2017-11,90,26196.7,24750.0,69.42,39,4032.9,44.4,53.98,4.783,60.46,1.12,1.2152,26.6,Y
서울,금천구,2017-12,99,25467.7,24000.0,68.47,32,6344.2,62.9,64.87,4.714,87.83,1.3538,1.3465,28.4,Y
서울,금천구,2018-01,113,25435.6,25000.0,71.79,45,7439.0,50.4,57.54,4.748,79.81,1.3871,1.309,36.9,Y
서울,금천구,2018-02,112,24785.7,24750.0,65.37,41,7617.1,50.0,55.17,4.663,79.65,1.4435,1.41,37.2,Y
서울,금천구,2018-03,145,24840.7,24000.0,66.27,57,7382.5,52.4,60.17,4.615,80.76,1.3421,1.2857,35.2,Y
서울,금천구,2018-04,94,23805.2,24000.0,70.65,48,6562.2,50.1,58.32,4.5,74.67,1.2803,1.2995,33.0,Y
서울,금천구,2018-05,87,23436.8,23000.0,66.91,56,6857.1,50.4,57.38,4.5,76.16,1.3272,1.3439,33.8,Y
서울,금천구,2018-06,109,25373.9,25500.0,70.38,40,6007.1,54.8,55.82,4.5,77.35,1.3857,1.3945,29.1,Y
서울,금천구,2018-07,99,26315.2,26000.0,70.88,49,4850.4,46.1,44.31,4.444,64.05,1.4454,1.4049,28.0,Y
서울,금천구,2018-08,148,26443.2,26750.0,65.82,41,4949.8,56.9,56.83,4.447,75.22,1.3236,1.367,24.4,Y
서울,금천구,2018-09,169,27894.1,27000.0,68.39,65,5280.1,48.3,41.97,4.5,68.12,1.6231,2.1315,29.1,Y
서울,금천구,2018-10,211,27567.3,28000.0,66.32,70,4720.8,56.2,41.16,4.613,74.38,1.8068,2.8231,24.4,Y
서울,금천구,2018-11,138,27769.6,27000.0,65.9,40,5742.5,54.9,46.7,4.632,77.06,1.6504,1.9149,28.8,Y
서울,금천구,2018-12,164,30770.2,32000.0,69.76,51,6260.1,61.4,51.92,4.615,85.49,1.6465,1.8776,28.2,Y
서울,금천구,2019-01,178,28225.6,28250.0,68.25,55,6919.6,57.9,53.17,4.615,84.47,1.5887,1.5852,31.5,Y
서울,금천구,2019-02,137,26014.9,25000.0,69.57,52,6608.0,54.2,53.4,4.664,79.83,1.4949,1.4141,32.2,Y
서울,금천구,2019-03,146,24107.5,23000.0,67.44,51,7676.8,50.5,55.93,4.65,80.3,1.4355,1.4086,37.0,Y
서울,금천구,2019-04,121,24490.0,24000.0,68.84,36,5768.1,58.3,53.19,4.615,80.49,1.5131,1.4966,27.6,Y
서울,금천구,2019-05,117,25035.7,25000.0,62.69,43,6689.4,56.4,57.68,4.615,82.17,1.4245,1.4105,31.3,Y
서울,금천구,2019-06,120,24303.7,27000.0,57.63,41,6465.5,47.9,59.62,4.706,73.28,1.2292,1.23,34.6,Y
서울,금천구,2019-07,113,26240.7,25000.0,66.16,33,4485.2,58.9,45.27,4.534,75.82,1.6751,1.7448,22.3,Y
서울,금천구,2019-08,107,25279.4,25000.0,65.56,30,5626.0,57.5,55.88,4.5,78.63,1.4073,1.459,26.8,Y
서울,금천구,2019-09,136,27846.3,27000.0,70.95,44,5167.7,53.5,47.56,4.421,72.56,1.5258,1.4891,26.2,Y
서울,금천구,2019-10,177,27120.9,26000.0,66.05,54,6166.5,54.5,49.15,4.431,77.31,1.5728,1.5097,29.5,Y
서울,금천구,2019-11,142,29042.2,29000.0,70.74,32,4887.8,57.1,49.49,4.467,75.29,1.5212,1.464,24.2,Y
서울,금천구,2019-12,172,29809.3,30000.0,71.43,52,6561.9,59.8,51.07,4.509,84.44,1.6535,1.7959,29.2,Y
서울,금천구,2020-01,139,29351.1,29000.0,64.78,51,7291.4,62.5,56.11,4.585,90.33,1.61,1.5606,30.8,Y
서울,금천구,2020-02,206,29613.8,29000.0,70.49,54,6636.1,65.1,56.69,4.55,90.22,1.5913,1.4962,27.9,Y
서울,금천구,2020-03,155,28455.8,27000.0,70.98,51,5277.1,60.8,54.22,4.5,80.57,1.486,1.4322,24.6,Y
서울,금천구,2020-04,142,28369.4,28500.0,70.49,42,5945.6,48.1,55.11,4.5,70.37,1.2769,1.2092,31.7,Y
서울,금천구,2020-05,125,29572.0,28000.0,71.58,42,5629.5,63.1,59.61,4.5,84.18,1.4122,1.3503,25.1,Y
서울,금천구,2020-06,158,31226.9,31000.0,72.33,33,7329.5,57.1,53.55,4.47,84.39,1.576,1.4157,32.3,Y
서울,금천구,2020-07,166,30959.8,30000.0,68.42,49,6406.2,64.8,60.91,4.364,88.13,1.447,1.4328,26.4,Y
서울,금천구,2020-08,127,30431.5,29000.0,67.15,46,7748.8,60.3,58.66,4.303,88.13,1.5025,1.4952,31.5,Y
서울,금천구,2020-09,133,30348.1,29400.0,63.27,45,8619.9,63.0,52.68,4.307,93.98,1.784,1.7433,32.9,Y
서울,금천구,2020-10,162,33410.7,32370.0,63.87,60,10888.3,63.6,55.05,4.481,104.24,1.8937,2.1377,39.0,Y
서울,금천구,2020-11,144,30144.8,29500.0,55.52,47,11072.8,65.4,66.59,4.485,106.79,1.6037,1.5734,38.8,Y
서울,금천구,2020-12,187,31824.0,29900.0,59.39,49,9356.9,56.5,49.14,4.5,91.62,1.8646,2.0836,38.3,Y
서울,금천구,2021-01,175,32690.5,31500.0,60.61,61,9970.2,56.8,51.83,4.5,94.14,1.8162,1.7839,39.7,Y
서울,금천구,2021-02,135,31972.4,30000.0,60.08,42,9240.5,70.8,56.36,4.456,105.1,1.8647,2.0574,32.6,Y
서울,금천구,2021-03,156,31566.0,28250.0,63.79,395,19559.4,55.2,66.6,4.355,126.21,1.895,2.0401,56.2,Y
서울,금천구,2021-04,140,30688.4,31250.0,61.76,477,19379.2,55.5,65.7,4.317,125.16,1.905,2.0305,55.7,Y
서울,금천구,2021-05,149,32523.8,30000.0,64.45,323,18950.5,57.1,66.71,4.184,123.15,1.846,1.9936,53.6,Y
서울,금천구,2021-06,132,33702.2,35000.0,59.65,371,19015.6,58.3,67.24,3.934,120.67,1.7947,1.9234,51.7,Y
서울,금천구,2021-07,126,38125.1,37100.0,68.25,230,16372.1,56.8,64.58,3.84,109.16,1.6903,1.7845,48.0,Y
서울,금천구,2021-08,143,35463.9,34650.0,58.48,116,13050.8,60.8,59.37,3.882,103.03,1.7354,1.6613,41.0,Y
서울,금천구,2021-09,115,34216.2,32000.0,62.15,76,11046.3,58.6,55.08,3.857,94.14,1.7092,1.7415,37.7,Y
서울,금천구,2021-10,125,34846.8,31000.0,60.67,84,10782.7,66.0,53.48,3.891,100.99,1.8882,1.7794,34.6,Y
서울,금천구,2021-11,107,34150.4,32000.0,60.64,70,10724.1,63.7,57.03,4.0,99.46,1.7439,1.7948,35.9,Y
서울,금천구,2021-12,119,38670.3,38000.0,62.52,81,11334.9,66.4,54.16,4.252,106.53,1.9669,1.9303,37.7,Y
서울,금천구,2022-01,111,36421.6,35700.0,65.94,71,11526.1,67.6,55.7,4.286,108.81,1.9536,1.8593,37.8,Y
서울,금천구,2022-02,130,34548.4,33800.0,59.0,83,9700.8,61.5,44.9,4.345,96.64,2.1523,2.7404,36.3,Y
서울,금천구,2022-03,136,34260.1,30550.0,59.05,77,9538.6,66.9,51.27,4.297,101.04,1.9707,1.9496,33.8,Y
서울,금천구,2022-04,130,34753.3,34000.0,63.73,81,8871.7,65.4,53.45,4.286,97.1,1.8168,1.8578,32.6,Y
서울,금천구,2022-05,97,33572.3,33000.0,55.69,71,7639.0,69.0,52.81,4.295,96.34,1.8245,1.9104,28.4,Y
서울,금천구,2022-06,105,37697.7,36000.0,63.93,87,9178.0,61.1,50.28,4.325,94.17,1.8731,1.8573,35.1,Y
서울,금천구,2022-07,94,34531.8,33650.0,58.18,88,8815.7,63.4,48.91,4.384,95.65,1.9555,2.058,33.7,Y
서울,금천구,2022-08,84,35332.2,35500.0,63.47,79,9623.1,64.0,46.73,4.422,99.42,2.1276,2.2877,35.7,Y
서울,금천구,2022-09,91,32891.0,30500.0,59.06,73,9822.7,59.4,48.65,4.601,97.03,1.9943,1.9726,38.8,Y
서울,금천구,2022-10,96,35950.2,34550.0,67.39,73,11677.2,64.3,52.65,4.696,109.97,2.0887,2.0074,41.6,Y
서울,금천구,2022-11,108,33949.6,32250.0,59.2,73,10693.9,61.4,47.43,4.696,103.26,2.1773,2.2007,40.5,Y
서울,금천구,2022-12,82,29953.0,28000.0,57.03,83,10553.0,62.0,52.38,4.755,103.84,1.9823,2.2357,40.3,Y
서울,금천구,2023-01,170,31100.8,30098.0,61.46,94,8945.8,67.1,52.25,4.783,102.8,1.9674,2.0919,34.7,Y
서울,금천구,2023-02,121,30428.4,30000.0,63.18,98,8776.9,68.9,46.93,5.0,105.44,2.2466,2.5232,34.7,Y
서울,금천구,2023-03,166,32470.6,32000.0,66.16,242,14050.6,56.0,56.55,5.184,116.72,2.064,2.0713,52.0,Y
서울,금천구,2023-04,124,32546.2,30000.0,67.48,116,6996.2,68.2,49.33,5.189,98.45,1.9957,2.0032,30.7,Y
서울,금천구,2023-05,120,33231.0,32250.0,66.31,109,10607.3,71.0,55.55,5.143,116.49,2.097,2.0771,39.0,Y
서울,금천구,2023-06,119,33152.0,32500.0,66.95,168,8215.8,55.5,46.55,5.091,90.36,1.9413,1.9457,38.6,Y
서울,금천구,2023-07,92,34152.9,31750.0,67.73,93,9862.5,61.3,48.4,4.961,102.06,2.1086,2.09,39.9,Y
서울,금천구,2023-08,132,34762.0,31750.0,67.87,122,10844.8,61.7,48.01,4.921,106.21,2.2121,2.0693,41.9,Y
서울,금천구,2023-09,92,35507.0,33500.0,68.34,100,7831.1,57.8,43.66,4.8,89.12,2.0415,1.9373,35.1,Y
서울,금천구,2023-10,113,32324.9,32000.0,67.2,117,11157.3,60.3,47.97,4.93,106.16,2.213,2.335,43.2,Y
서울,금천구,2023-11,140,35579.5,33500.0,66.34,106,8907.5,69.1,47.82,4.936,105.71,2.2107,2.271,34.7,Y
서울,금천구,2023-12,135,36808.7,35000.0,68.89,83,9420.4,71.3,49.95,4.887,109.7,2.1962,2.3546,35.0,Y
서울,금천구,2024-01,123,36556.3,38000.0,68.67,97,11490.3,82.8,59.83,4.909,129.81,2.1696,2.0324,36.2,Y
서울,금천구,2024-02,130,36355.0,35500.0,67.85,94,10392.0,66.5,49.01,4.923,109.1,2.2261,2.4397,39.1,Y
서울,금천구,2024-03,133,33585.5,30000.0,64.12,108,7674.4,71.3,48.52,4.932,102.85,2.1197,2.1456,30.7,Y
서울,금천구,2024-04,141,33431.2,30000.0,65.78,80,8105.9,81.5,53.17,4.941,114.9,2.161,2.1191,29.0,Y
서울,금천구,2024-05,123,36889.0,35000.0,65.55,69,7809.9,67.1,45.6,4.803,98.38,2.1573,2.1702,31.8,Y
서울,금천구,2024-06,96,36470.9,37000.0,67.61,54,9335.3,61.9,42.2,4.845,99.62,2.3607,2.6575,37.8,Y
서울,금천구,2024-07,105,36808.8,33000.0,67.15,83,7910.8,62.1,42.66,4.8,93.78,2.1981,2.3424,33.7,Y
서울,금천구,2024-08,86,36655.2,38000.0,71.25,82,8492.9,61.2,44.06,4.874,95.7,2.1721,2.1107,36.0,Y
서울,금천구,2024-09,81,35809.5,36000.0,69.42,51,7590.7,65.4,45.91,4.892,96.32,2.0978,2.1249,32.1,Y
서울,금천구,2024-10,100,39188.5,42000.0,65.26,87,9219.8,76.6,48.88,4.979,114.88,2.3506,2.4388,33.3,Y
서울,금천구,2024-11,94,35825.4,34000.0,60.31,99,11519.7,64.4,47.94,5.008,112.47,2.3463,2.4552,42.7,Y
서울,금천구,2024-12,92,38530.8,34500.0,68.89,104,8876.5,66.4,43.18,5.083,104.01,2.409,2.4674,36.1,Y
서울,금천구,2025-01,139,34748.1,31602.0,65.11,92,10605.4,74.5,49.51,5.143,120.0,2.4238,2.4833,37.9,Y
서울,금천구,2025-02,92,35387.1,31801.0,67.14,108,10880.3,76.0,50.71,5.143,122.67,2.4192,2.4915,38.0,Y
서울,금천구,2025-03,109,35852.1,33000.0,66.12,80,9840.1,77.4,50.93,5.109,119.28,2.342,2.261,35.1,Y
서울,금천구,2025-04,88,36787.7,35000.0,70.45,112,7293.0,74.9,51.07,5.115,105.98,2.0752,2.0494,29.3,Y
서울,금천구,2025-05,86,37314.6,37443.0,63.14,97,7995.7,75.9,48.58,5.217,110.63,2.2775,2.4148,31.4,Y
서울,금천구,2025-06,106,39246.0,39000.0,72.53,75,8409.3,70.9,48.53,5.105,106.65,2.1977,2.4213,33.5,Y
서울,금천구,2025-07,75,37339.4,34000.0,68.96,107,10473.8,69.7,53.35,5.091,114.14,2.1395,2.2495,38.9,Y
서울,금천구,2025-08,78,34857.9,33000.0,65.65,78,9223.9,65.8,49.87,5.115,105.15,2.1086,2.0699,37.4,Y
서울,금천구,2025-09,100,36394.1,33500.0,64.93,95,7787.3,75.6,50.54,4.949,107.71,2.1311,2.0727,29.8,Y
서울,금천구,2025-10,60,40075.9,38000.0,75.41,78,9424.1,69.6,48.79,5.077,109.49,2.2438,2.4642,36.4,Y
서울,금천구,2025-11,87,35951.6,36000.0,62.55,84,8531.8,66.9,42.31,5.095,103.15,2.4378,2.86,35.1,Y
서울,금천구,2025-12,76,39207.1,35000.0,70.86,135,7968.6,53.1,35.26,5.205,87.61,2.4848,2.4112,39.4,Y
서울,금천구,2026-01,83,38836.2,40000.0,67.41,118,10424.1,71.0,50.13,5.333,117.3,2.3398,2.4356,39.5,Y
서울,금천구,2026-02,83,36500.4,36000.0,65.52,69,10327.9,70.6,51.13,5.163,115.06,2.2503,2.5219,38.6,Y
서울,금천구,2026-03,85,36803.5,35000.0,68.38,110,9231.5,73.5,51.56,5.217,113.61,2.2034,2.2745,35.3,Y
서울,금천구,2026-04,65,38576.2,38000.0,67.29,87,9223.8,70.9,47.24,5.009,109.42,2.3166,2.3368,35.2,Y
서울,금천구,2026-05,61,40388.5,38000.0,65.56,103,9570.1,64.3,45.66,5.092,104.89,2.2973,2.332,38.7,Y
서울,금천구,2026-06,56,42376.8,41750.0,73.12,75,8275.7,73.4,47.26,5.182,109.17,2.3098,2.5018,32.7,Y
서울,금천구,2026-07,52,42566.5,40500.0,69.4,92,10630.9,64.5,40.12,5.107,109.79,2.7366,3.5837,41.2,Y
서울,금천구,2026-08,39,42891.8,40000.0,69.42,172,8937.4,59.5,32.21,,,,,,Y
서울,금천구,2026-09,24,44073.3,41500.0,64.22,121,10929.6,60.8,37.62,,,,,,Y
서울,노원구,2011-01,925,14756.0,13000.0,64.66,239,3326.0,53.9,53.38,7.644,75.1,1.4068,1.4209,28.2,Y
서울,노원구,2011-02,917,14525.6,13000.0,63.98,285,3877.8,50.6,53.82,7.644,75.35,1.3999,1.4026,32.8,Y
서울,노원구,2011-03,914,14033.2,13000.0,62.14,242,4035.8,50.8,53.62,7.644,76.5,1.4267,1.4429,33.6,Y
서울,노원구,2011-04,815,13599.8,12500.0,60.64,254,3765.7,51.8,53.69,7.644,75.76,1.4112,1.4467,31.7,Y
서울,노원구,2011-05,727,14229.8,13000.0,61.55,228,3490.4,48.4,50.94,7.644,70.63,1.3864,1.4212,31.5,Y
서울,노원구,2011-06,699,14494.1,13000.0,62.78,218,4014.1,53.1,54.82,7.644,78.66,1.435,1.4405,32.5,Y
서울,노원구,2011-07,740,14921.4,13500.0,63.6,249,4044.3,50.0,53.17,7.579,75.51,1.4202,1.4466,33.8,Y
서울,노원구,2011-08,798,15239.6,13500.0,62.08,290,4199.5,52.8,53.15,7.5,79.0,1.4863,1.4831,33.2,Y
서울,노원구,2011-09,679,15130.1,14000.0,61.55,245,3739.8,52.5,50.44,7.5,75.86,1.5038,1.5084,30.8,Y
서울,노원구,2011-10,780,15530.6,14000.0,62.41,253,4249.8,49.7,52.63,7.412,75.92,1.4426,1.4813,34.6,Y
서울,노원구,2011-11,598,15573.8,14000.0,62.73,189,4351.5,52.5,53.52,7.38,79.23,1.4803,1.5058,33.8,Y
서울,노원구,2011-12,746,16244.8,14000.0,64.37,201,4267.2,52.9,52.52,7.333,78.93,1.5028,1.4782,33.0,Y
서울,노원구,2012-01,816,15926.5,14000.0,63.81,259,4568.9,53.1,54.38,7.289,80.88,1.4871,1.4783,34.3,Y
서울,노원구,2012-02,1068,15842.8,14000.0,63.09,353,4231.1,47.8,51.01,7.327,73.65,1.4439,1.4498,35.1,Y
서울,노원구,2012-03,1027,15283.0,14000.0,62.36,295,4306.6,51.2,52.68,7.333,77.54,1.4718,1.4797,33.9,Y
서울,노원구,2012-04,826,15260.4,14000.0,63.18,258,4219.0,50.1,53.38,7.296,75.74,1.419,1.4198,33.9,Y
서울,노원구,2012-05,776,15016.6,13500.0,62.68,212,3956.2,53.3,52.91,7.27,77.24,1.4597,1.4542,31.0,Y
서울,노원구,2012-06,671,15004.2,13500.0,62.7,246,3685.1,52.6,52.22,7.247,74.81,1.4326,1.4314,29.8,Y
서울,노원구,2012-07,776,15213.4,13500.0,62.37,256,3789.6,50.1,51.63,7.2,72.82,1.4102,1.4054,31.2,Y
서울,노원구,2012-08,788,15441.6,14000.0,63.47,211,3722.0,50.0,49.87,7.2,72.33,1.4504,1.4522,30.9,Y
서울,노원구,2012-09,808,15248.9,13500.0,62.36,223,3535.7,53.0,51.75,7.2,74.18,1.4336,1.4379,28.6,Y
서울,노원구,2012-10,827,15962.3,14500.0,64.42,265,3301.6,51.9,50.22,7.2,71.67,1.427,1.4379,27.6,Y
서울,노원구,2012-11,709,16116.4,15000.0,64.8,227,3819.7,50.4,52.33,7.2,73.36,1.402,1.4044,31.2,Y
서울,노원구,2012-12,757,16527.5,15000.0,65.58,212,3914.7,52.7,53.31,7.185,76.15,1.4284,1.419,30.8,Y
서울,노원구,2013-01,872,16317.6,15000.0,64.61,268,4032.4,55.4,55.61,7.195,79.54,1.4302,1.4155,30.4,Y
서울,노원구,2013-02,880,16314.9,15000.0,64.8,286,3689.4,51.8,51.16,7.087,73.6,1.4387,1.447,29.6,Y
서울,노원구,2013-03,1012,15806.0,14600.0,63.26,336,3765.2,53.1,52.81,7.059,75.29,1.4257,1.4116,29.4,Y
서울,노원구,2013-04,688,15589.7,14000.0,62.79,255,3365.1,52.2,52.6,7.022,71.89,1.3668,1.3778,27.4,Y
서울,노원구,2013-05,610,15691.5,14500.0,63.46,244,3966.0,50.4,53.39,6.947,73.32,1.3733,1.3502,31.3,Y
서울,노원구,2013-06,646,16465.8,15000.0,64.62,226,3924.8,50.3,51.8,6.923,72.97,1.4088,1.3718,31.0,Y
서울,노원구,2013-07,652,15665.3,14000.0,61.09,254,4250.2,50.9,53.01,6.8,75.02,1.4153,1.3917,32.1,Y
서울,노원구,2013-08,659,17070.8,15500.0,63.81,318,4105.0,51.8,53.44,6.75,74.88,1.4013,1.3733,30.8,Y
서울,노원구,2013-09,564,16900.2,15200.0,63.22,253,3671.2,54.4,52.12,6.693,74.85,1.4361,1.4027,27.4,Y
서울,노원구,2013-10,719,17687.4,16000.0,63.54,314,4379.5,52.8,52.29,6.577,76.76,1.468,1.4617,31.3,Y
서울,노원구,2013-11,570,18272.4,16000.0,64.98,237,4404.8,51.0,51.29,6.499,74.84,1.4593,1.4071,31.9,Y
서울,노원구,2013-12,613,18637.8,16000.0,64.69,238,5360.2,51.0,54.14,6.429,79.72,1.4724,1.4225,36.0,Y
서울,노원구,2014-01,761,18061.0,16000.0,63.9,308,4920.1,52.0,54.42,6.391,78.17,1.4363,1.3843,33.5,Y
서울,노원구,2014-02,1089,18079.2,16000.0,63.68,422,4981.3,48.6,52.15,6.273,74.59,1.4304,1.4108,34.9,Y
서울,노원구,2014-03,1085,17952.2,16000.0,63.94,379,4716.6,52.0,54.31,6.239,76.51,1.4087,1.4016,32.1,Y
서울,노원구,2014-04,855,17773.4,16000.0,63.28,291,4494.9,51.1,53.35,6.265,74.61,1.3986,1.3671,31.5,Y
서울,노원구,2014-05,819,17718.8,16000.0,63.46,301,4789.7,51.1,54.07,6.261,76.14,1.4082,1.3767,32.8,Y
서울,노원구,2014-06,748,18123.1,16000.0,63.65,254,4926.0,49.6,53.68,6.189,75.05,1.3981,1.3794,33.9,Y
서울,노원구,2014-07,784,18198.6,16000.0,63.29,273,5126.3,50.4,54.1,6.159,76.72,1.4183,1.3729,34.3,Y
서울,노원구,2014-08,866,18708.3,16500.0,64.01,292,4533.7,48.3,50.43,6.101,71.4,1.4157,1.4026,32.3,Y
서울,노원구,2014-09,855,18702.0,17000.0,63.45,320,4787.8,53.1,54.6,6.006,77.08,1.4119,1.4018,31.1,Y
서울,노원구,2014-10,1000,18791.6,17000.0,64.14,328,5800.5,49.3,56.34,6.0,78.34,1.3906,1.3772,37.0,Y
서울,노원구,2014-11,801,19628.3,17500.0,65.69,274,5293.2,52.1,55.49,6.0,78.58,1.4162,1.3528,33.7,Y
서울,노원구,2014-12,907,20077.0,18000.0,66.2,332,6542.5,51.8,58.21,5.923,84.1,1.4446,1.3856,38.4,Y
서울,노원구,2015-01,905,19711.5,17000.0,64.9,403,5276.9,50.1,53.26,5.861,75.92,1.4256,1.3994,33.9,Y
서울,노원구,2015-02,977,19743.9,17500.0,64.27,331,6446.8,50.8,57.83,5.76,81.77,1.414,1.3739,37.8,Y
서울,노원구,2015-03,1101,19820.5,17500.0,63.82,473,5954.2,49.6,55.32,5.714,77.91,1.4085,1.3921,36.4,Y
서울,노원구,2015-04,818,19241.5,17500.0,62.46,363,5802.3,49.2,54.54,5.603,76.3,1.399,1.3761,35.5,Y
서울,노원구,2015-05,779,19395.2,18000.0,62.03,343,5763.2,51.6,54.79,5.548,78.25,1.4282,1.3862,34.0,Y
서울,노원구,2015-06,788,19568.7,18000.0,60.99,377,6680.2,49.4,55.91,5.5,80.02,1.4313,1.3719,38.3,Y
서울,노원구,2015-07,728,20327.6,18000.0,62.21,391,6443.5,49.1,54.87,5.455,78.38,1.4286,1.3958,37.4,Y
서울,노원구,2015-08,741,20247.6,18000.0,60.99,394,5980.7,48.8,53.24,5.368,75.51,1.4183,1.3741,35.4,Y
서울,노원구,2015-09,646,21240.5,19450.0,62.15,342,6330.6,49.2,53.87,5.28,77.01,1.4294,1.4337,36.2,Y
서울,노원구,2015-10,849,21455.7,20000.0,61.14,491,6933.7,51.3,56.2,5.2,81.32,1.4469,1.4227,36.9,Y
서울,노원구,2015-11,646,22917.8,20000.0,64.17,356,8035.6,51.2,56.19,5.12,85.52,1.5219,1.4472,40.1,Y
서울,노원구,2015-12,798,24381.4,22000.0,66.52,403,8495.8,50.9,57.97,4.977,86.12,1.4856,1.4277,40.9,Y
서울,노원구,2016-01,794,22993.4,21000.0,63.27,442,7546.4,51.0,55.91,4.899,81.8,1.4632,1.4456,37.7,Y
서울,노원구,2016-02,889,22743.0,20000.0,62.95,436,8227.9,45.0,54.71,4.818,78.0,1.4257,1.3957,42.3,Y
서울,노원구,2016-03,978,21988.9,20000.0,62.06,555,6965.7,48.0,55.03,4.8,75.91,1.3794,1.3514,36.7,Y
서울,노원구,2016-04,781,21767.4,20000.0,61.93,425,7483.3,47.3,54.76,4.8,77.18,1.4095,1.3725,38.8,Y
서울,노원구,2016-05,747,22706.2,20000.0,63.2,368,7356.7,47.1,54.64,4.8,76.52,1.4004,1.3817,38.5,Y
서울,노원구,2016-06,707,22189.7,20000.0,61.66,374,8098.5,47.5,56.78,4.8,79.87,1.4067,1.3616,40.6,Y
서울,노원구,2016-07,760,21997.9,20000.0,61.45,376,7156.9,48.9,56.03,4.8,77.49,1.3829,1.3616,36.9,Y
서울,노원구,2016-08,797,21919.7,20000.0,61.15,449,7085.8,48.0,54.36,4.765,76.15,1.4008,1.3617,37.0,Y
서울,노원구,2016-09,831,22481.7,20000.0,61.46,371,7181.3,49.4,55.05,4.78,78.05,1.4178,1.3799,36.6,Y
서울,노원구,2016-10,979,23391.4,20000.0,62.86,490,8012.9,48.8,56.19,4.697,80.18,1.427,1.3977,39.1,Y
서울,노원구,2016-11,815,24260.0,21000.0,64.01,371,8266.7,50.2,58.46,4.645,82.23,1.4066,1.3791,38.9,Y
서울,노원구,2016-12,814,25459.4,22000.0,66.61,371,7752.3,47.4,54.24,4.615,77.24,1.4242,1.3735,38.6,Y
서울,노원구,2017-01,697,24014.2,21300.0,63.79,375,6757.8,53.5,55.28,4.615,79.54,1.4389,1.3848,32.7,Y
서울,노원구,2017-02,972,23786.7,20500.0,63.94,473,7093.0,50.5,53.69,4.588,77.57,1.4448,1.3929,35.0,Y
서울,노원구,2017-03,959,23061.0,20000.0,62.17,444,6800.6,48.6,53.84,4.573,74.54,1.3845,1.351,34.8,Y
서울,노원구,2017-04,780,23084.1,21000.0,62.66,377,6024.6,49.0,53.14,4.557,71.91,1.3532,1.3486,31.8,Y
서울,노원구,2017-05,787,22572.0,20000.0,61.3,362,5648.0,51.8,52.45,4.56,73.27,1.397,1.3536,29.3,Y
서울,노원구,2017-06,792,23632.4,21000.0,63.24,379,6073.4,53.4,55.91,4.544,76.4,1.3664,1.3607,30.1,Y
서울,노원구,2017-07,836,23986.4,21000.0,62.96,402,6832.0,49.8,54.2,4.527,75.55,1.394,1.3756,34.1,Y
서울,노원구,2017-08,772,23404.1,21000.0,61.04,324,6179.4,51.4,55.2,4.5,74.57,1.3508,1.3676,31.1,Y
서울,노원구,2017-09,774,22771.3,20000.0,60.89,358,6114.4,51.1,54.51,4.5,74.03,1.3582,1.3366,31.0,Y
서울,노원구,2017-10,617,23252.7,21000.0,60.98,272,6243.9,52.8,54.89,4.492,76.16,1.3874,1.3768,30.7,Y
서울,노원구,2017-11,607,23975.9,21000.0,61.93,308,7005.4,46.6,54.08,4.5,72.9,1.3479,1.3516,36.0,Y
서울,노원구,2017-12,704,25299.2,22000.0,63.82,298,6814.0,49.8,54.85,4.5,75.36,1.3738,1.368,33.9,Y
서울,노원구,2018-01,806,25064.7,22000.0,63.81,394,5643.3,49.2,50.0,4.5,70.39,1.4077,1.3671,30.1,Y
서울,노원구,2018-02,786,24392.6,21250.0,63.26,374,5898.6,50.4,52.28,4.529,72.62,1.3891,1.3883,30.7,Y
서울,노원구,2018-03,1107,24321.2,21000.0,62.8,430,6778.7,49.5,54.65,4.544,75.16,1.3753,1.3729,34.2,Y
서울,노원구,2018-04,767,24043.9,21000.0,63.83,335,5843.4,48.1,52.07,4.571,70.37,1.3515,1.36,31.6,Y
서울,노원구,2018-05,753,23022.5,20000.0,62.1,309,5925.0,50.1,53.6,4.554,72.6,1.3544,1.3471,31.0,Y
서울,노원구,2018-06,683,23841.8,20000.0,62.55,304,5608.6,50.1,53.24,4.56,71.43,1.3417,1.3386,29.8,Y
서울,노원구,2018-07,732,22946.9,20000.0,60.57,316,5586.4,47.1,51.3,4.566,68.36,1.3325,1.3209,31.1,Y
서울,노원구,2018-08,811,23812.4,21000.0,62.66,337,5291.7,50.2,51.51,4.576,70.42,1.367,1.3542,28.7,Y
서울,노원구,2018-09,895,24348.2,21000.0,62.39,310,5512.6,53.0,54.41,4.571,74.01,1.3603,1.3755,28.4,Y
서울,노원구,2018-10,934,24861.9,21000.0,62.7,361,5738.7,51.2,51.74,4.522,72.83,1.4074,1.3793,29.7,Y
서울,노원구,2018-11,748,26024.4,22000.0,64.3,304,6286.2,49.9,52.36,4.5,73.52,1.4042,1.354,32.1,Y
서울,노원구,2018-12,787,26426.4,22000.0,65.22,302,6646.9,53.6,54.71,4.5,78.51,1.4351,1.395,31.7,Y
서울,노원구,2019-01,827,24005.2,20000.0,61.24,351,6156.1,50.0,51.5,4.452,72.88,1.415,1.3759,31.3,Y
서울,노원구,2019-02,711,24153.7,21000.0,62.24,345,5727.8,49.2,50.19,4.446,70.44,1.4034,1.3612,30.1,Y
서울,노원구,2019-03,859,23147.1,20000.0,61.71,386,5684.7,51.7,53.1,4.5,73.05,1.3757,1.3716,29.2,Y
서울,노원구,2019-04,679,23446.1,20500.0,62.4,294,5095.4,50.6,51.53,4.522,69.81,1.3547,1.3565,27.5,Y
서울,노원구,2019-05,697,23183.7,20000.0,60.94,320,4423.0,50.7,49.45,4.57,67.52,1.3656,1.358,24.9,Y
서울,노원구,2019-06,708,24030.7,20250.0,62.46,288,6007.4,51.8,53.75,4.576,74.73,1.3905,1.3668,30.7,Y
서울,노원구,2019-07,875,23644.7,21000.0,61.32,319,5266.1,52.4,52.49,4.573,72.51,1.3815,1.3541,27.7,Y
서울,노원구,2019-08,863,24231.3,21000.0,61.74,324,5113.6,51.4,50.64,4.571,70.88,1.3996,1.3976,27.5,Y
서울,노원구,2019-09,806,24970.5,21500.0,62.63,251,5681.1,52.4,53.48,4.554,73.98,1.3832,1.3775,29.1,Y
서울,노원구,2019-10,1035,25158.5,22000.0,62.69,363,5402.4,54.0,53.04,4.501,74.31,1.4009,1.3982,27.3,Y
서울,노원구,2019-11,932,27841.3,24000.0,65.75,301,6447.1,55.5,56.54,4.5,79.67,1.4091,1.391,30.3,Y
서울,노원구,2019-12,1021,27334.5,24000.0,65.15,334,6262.8,55.2,55.07,4.448,78.37,1.4231,1.4146,29.6,Y
서울,노원구,2020-01,999,26149.4,22000.0,62.92,361,5019.2,54.2,50.35,4.5,73.03,1.4502,1.4222,25.8,Y
서울,노원구,2020-02,1185,25680.2,22000.0,62.21,488,5758.6,48.7,51.71,4.5,70.29,1.3593,1.3414,30.7,Y
서울,노원구,2020-03,878,24984.9,21000.0,61.97,326,5172.4,54.5,54.5,4.471,73.78,1.3537,1.35,26.1,Y
서울,노원구,2020-04,801,25000.3,21000.0,62.54,354,5729.2,48.1,51.19,4.444,69.35,1.3547,1.3522,30.6,Y
서울,노원구,2020-05,960,25104.3,21000.0,62.14,367,5565.8,51.2,51.6,4.444,71.79,1.3912,1.3452,28.7,Y
서울,노원구,2020-06,982,25861.5,22000.0,62.98,352,6045.5,53.0,53.38,4.46,75.44,1.4132,1.3874,29.8,Y
서울,노원구,2020-07,1057,26005.3,21000.0,61.6,410,5626.8,51.5,51.99,4.44,72.35,1.3917,1.3729,28.8,Y
서울,노원구,2020-08,827,26071.9,22000.0,60.73,355,6210.0,55.0,53.61,4.445,78.05,1.4557,1.4206,29.5,Y
서울,노원구,2020-09,783,28059.1,24000.0,61.21,324,6553.9,53.7,51.88,4.412,77.8,1.4994,1.4524,31.0,Y
서울,노원구,2020-10,947,28614.5,24500.0,61.85,370,8927.8,53.6,55.12,4.405,86.35,1.5665,1.4614,38.0,Y
서울,노원구,2020-11,805,30349.2,26000.0,63.67,309,8900.7,55.0,55.45,4.39,87.54,1.5787,1.4749,37.2,Y
서울,노원구,2020-12,868,32031.9,28000.0,64.11,339,8804.3,55.8,54.96,4.351,87.69,1.5955,1.5041,36.4,Y
서울,노원구,2021-01,911,30153.2,26000.0,62.48,343,8051.5,59.5,55.42,4.315,88.43,1.5956,1.4886,32.7,Y
서울,노원구,2021-02,800,30592.1,27300.0,62.93,363,9234.6,52.4,54.7,4.309,85.52,1.5634,1.4665,38.8,Y
서울,노원구,2021-03,931,29004.5,25000.0,60.13,413,8959.3,54.5,56.46,4.286,86.51,1.5322,1.497,37.0,Y
서울,노원구,2021-04,767,28724.1,25000.0,60.15,339,6753.8,53.4,53.2,4.286,77.5,1.4566,1.4732,31.1,Y
서울,노원구,2021-05,869,29325.9,26000.0,60.62,360,8375.4,55.9,54.45,4.235,85.45,1.5693,1.5099,34.6,Y
서울,노원구,2021-06,707,31414.6,28000.0,61.1,383,7647.2,52.6,52.78,4.277,79.84,1.5126,1.4965,34.1,Y
서울,노원구,2021-07,693,33005.0,29000.0,61.01,437,8321.0,61.6,53.37,4.223,90.9,1.7031,1.6017,32.2,Y
서울,노원구,2021-08,690,33093.8,30000.0,61.36,393,6883.9,52.9,50.4,4.247,77.3,1.5339,1.5185,31.5,Y
서울,노원구,2021-09,564,31805.1,29200.0,59.72,465,7594.4,58.0,50.07,4.26,84.96,1.6968,1.6463,31.7,Y
서울,노원구,2021-10,645,32889.0,28000.0,60.19,574,9361.5,58.5,51.02,4.258,91.7,1.7974,1.6847,36.2,Y
서울,노원구,2021-11,625,33935.2,29000.0,59.65,497,10830.5,56.0,52.82,4.286,94.65,1.7918,1.6721,40.9,Y
서울,노원구,2021-12,660,35026.8,30000.0,61.75,624,9763.3,58.1,52.56,4.323,93.29,1.7749,1.6611,37.7,Y
서울,노원구,2022-01,673,31454.5,27560.0,59.25,530,8277.4,61.3,50.85,4.373,91.45,1.7984,1.6621,33.0,Y
서울,노원구,2022-02,701,30776.4,28000.0,59.47,553,7454.2,53.8,51.01,4.401,81.11,1.59,1.5651,33.7,Y
서울,노원구,2022-03,629,30936.9,27000.0,58.91,459,8455.6,60.8,52.75,4.434,92.01,1.7444,1.6646,34.0,Y
서울,노원구,2022-04,612,32884.5,27750.0,60.01,432,8126.4,63.9,53.86,4.457,94.04,1.746,1.6992,32.1,Y
서울,노원구,2022-05,598,29867.9,25000.0,58.75,551,8306.5,54.8,52.02,4.406,85.28,1.6393,1.5943,35.8,Y
서울,노원구,2022-06,583,32471.1,30000.0,59.62,436,8204.5,59.9,51.8,4.435,90.26,1.7424,1.6876,33.6,Y
서울,노원구,2022-07,573,30990.9,27500.0,58.42,557,5768.1,48.2,46.46,4.5,69.82,1.5029,1.5442,31.0,Y
서울,노원구,2022-08,477,32090.0,28000.0,60.53,422,8208.2,66.6,53.12,4.515,97.51,1.8356,1.7796,31.7,Y
서울,노원구,2022-09,517,30752.7,27000.0,59.2,510,6299.8,57.0,49.46,4.5,80.61,1.6299,1.6739,29.3,Y
서울,노원구,2022-10,534,31810.2,27000.0,62.07,436,9330.0,71.0,55.54,4.547,106.4,1.9156,1.8465,33.2,Y
서울,노원구,2022-11,521,30346.7,26000.0,62.08,477,7690.8,62.2,52.33,4.634,91.87,1.7556,1.7415,32.3,Y
서울,노원구,2022-12,577,31716.8,26500.0,63.34,507,8492.0,63.2,52.86,4.659,96.19,1.8196,1.7657,34.3,Y
서울,노원구,2023-01,567,28602.4,25000.0,61.09,494,6785.6,62.1,49.88,4.662,88.47,1.7738,1.7606,29.8,Y
서울,노원구,2023-02,829,29131.4,25000.0,62.14,675,7157.8,61.6,52.05,4.702,89.63,1.7218,1.6819,31.3,Y
서울,노원구,2023-03,802,28238.6,25000.0,61.48,553,6114.6,62.6,51.64,4.757,86.81,1.681,1.682,27.9,Y
서울,노원구,2023-04,678,28296.1,25000.0,62.88,408,6204.0,65.2,53.09,4.8,90.05,1.6962,1.7004,27.6,Y
서울,노원구,2023-05,676,28751.6,25000.0,62.3,422,6834.9,63.2,52.32,4.789,90.51,1.7299,1.7185,30.1,Y
서울,노원구,2023-06,764,28242.2,24000.0,61.37,501,6616.8,65.3,52.08,4.83,91.91,1.7649,1.7349,29.0,Y
서울,노원구,2023-07,824,29565.3,25000.0,63.0,510,6253.5,66.1,52.11,4.86,91.41,1.7541,1.7222,27.7,Y
서울,노원구,2023-08,764,29238.7,25000.0,62.56,482,6075.7,68.1,52.24,4.905,92.95,1.7795,1.7506,26.7,Y
서울,노원구,2023-09,800,31145.4,26500.0,63.74,509,6952.4,68.1,53.45,4.92,96.56,1.8067,1.764,29.5,Y
서울,노원구,2023-10,806,30053.5,25000.0,61.66,476,6733.2,71.6,54.38,4.898,99.07,1.8219,1.7456,27.7,Y
서울,노원구,2023-11,760,31098.3,25000.0,63.43,466,7230.7,68.9,52.3,4.87,98.22,1.8779,1.817,29.9,Y
서울,노원구,2023-12,835,31055.8,27000.0,62.3,510,6282.3,69.5,50.9,4.865,94.98,1.866,1.7702,26.8,Y
서울,노원구,2024-01,828,29793.7,25000.0,60.0,518,5325.5,63.1,47.24,4.817,84.48,1.7884,1.7868,25.3,Y
서울,노원구,2024-02,641,29922.2,25000.0,61.62,458,5875.3,62.3,50.52,4.8,85.83,1.6987,1.7591,27.4,Y
서울,노원구,2024-03,809,29981.4,25500.0,60.45,498,5379.8,65.2,49.93,4.749,86.49,1.7323,1.7757,24.6,Y
서울,노원구,2024-04,688,31021.9,26500.0,61.35,423,5013.9,74.0,51.73,4.8,94.09,1.8188,1.8182,21.3,Y
서울,노원구,2024-05,685,30331.0,26000.0,60.82,573,6300.2,55.5,48.93,4.772,80.55,1.6461,1.6454,31.1,Y
서울,노원구,2024-06,568,31528.2,27000.0,61.05,374,6132.9,70.7,51.65,4.762,95.01,1.8396,1.8507,25.6,Y
서울,노원구,2024-07,654,31052.7,27000.0,60.45,415,5954.8,61.1,49.51,4.703,84.42,1.7053,1.7529,27.6,Y
서울,노원구,2024-08,610,31520.7,27000.0,60.37,411,5670.3,69.4,51.59,4.696,91.57,1.7749,1.8317,24.2,Y
서울,노원구,2024-09,486,31056.5,27000.0,60.31,416,5928.0,66.9,49.46,4.667,89.97,1.8192,1.8578,25.6,Y
서울,노원구,2024-10,607,32407.8,28000.0,60.68,467,5383.6,69.8,49.02,4.65,90.66,1.8493,1.8846,23.0,Y
서울,노원구,2024-11,564,32867.4,27000.0,60.98,448,7750.5,73.6,52.66,4.649,103.62,1.9676,1.9051,29.0,Y
서울,노원구,2024-12,565,33785.7,28000.0,62.46,483,6526.7,67.4,47.49,4.692,92.93,1.9566,1.9391,27.5,Y
서울,노원구,2025-01,491,31379.3,27000.0,60.44,379,6664.8,72.4,50.55,4.714,98.62,1.951,1.9734,26.5,Y
서울,노원구,2025-02,624,31421.8,27000.0,60.65,461,5720.0,76.1,51.17,4.734,98.66,1.9283,1.939,22.9,Y
서울,노원구,2025-03,652,31420.0,27500.0,60.63,455,5941.3,78.2,52.9,4.737,101.63,1.921,1.9364,23.1,Y
서울,노원구,2025-04,541,31137.6,28000.0,60.3,451,5873.3,63.9,50.14,4.727,87.02,1.7357,1.8616,26.6,Y
서울,노원구,2025-05,518,31675.3,28000.0,60.21,442,6323.0,67.1,49.91,4.706,91.87,1.8409,1.9105,27.0,Y
서울,노원구,2025-06,520,33174.0,29000.0,61.68,394,6741.5,76.5,52.1,4.695,102.93,1.9754,1.9653,25.6,Y
서울,노원구,2025-07,491,33993.2,30000.0,62.81,391,5324.3,80.1,52.28,4.693,100.89,1.9297,1.9692,20.6,Y
서울,노원구,2025-08,459,32174.3,29000.0,61.03,351,6461.6,77.1,51.96,4.675,102.25,1.9677,2.0008,24.6,Y
서울,노원구,2025-09,554,30696.4,28000.0,58.46,488,8446.1,68.6,51.14,4.696,101.67,1.9879,1.9316,32.5,Y
서울,노원구,2025-10,474,35073.3,30000.0,63.19,400,8089.9,77.2,53.65,4.727,109.09,2.0335,2.0059,29.2,Y
서울,노원구,2025-11,525,34246.6,30000.0,61.93,414,7725.9,81.8,52.53,4.752,112.38,2.1394,2.1088,27.2,Y
서울,노원구,2025-12,521,36098.3,30000.0,62.97,425,8405.6,85.7,53.92,4.772,119.1,2.2086,2.1296,28.1,Y
서울,노원구,2026-01,529,34515.1,30000.0,62.78,525,7360.9,83.8,50.84,4.74,112.9,2.2206,2.1606,25.8,Y
서울,노원구,2026-02,468,32932.2,30000.0,59.33,473,7760.1,77.7,49.69,4.743,108.38,2.1812,2.2398,28.3,Y
서울,노원구,2026-03,512,32473.7,30000.0,58.15,564,7793.2,68.9,48.58,4.749,99.76,2.0534,2.1765,30.9,Y
서울,노원구,2026-04,383,36208.6,32000.0,61.29,367,7679.5,86.2,52.16,4.763,116.64,2.2365,2.3154,26.1,Y
서울,노원구,2026-05,347,36048.9,32000.0,60.49,421,7397.6,68.9,48.15,4.768,98.31,2.0417,2.1939,29.9,Y
서울,노원구,2026-06,340,35787.7,32000.0,60.23,369,8829.2,76.2,50.02,4.696,110.72,2.2133,2.3341,31.2,Y
서울,노원구,2026-07,354,36840.0,33000.0,59.86,345,9167.3,84.6,51.14,4.694,120.44,2.3553,2.4161,29.8,Y
서울,노원구,2026-08,256,37062.3,33000.0,59.69,309,9580.0,87.3,50.65,,,,,,Y
서울,노원구,2026-09,180,37715.3,34000.0,58.17,159,8730.4,83.2,50.8,,,,,,Y
서울,도봉구,2011-01,369,14503.3,14500.0,71.87,75,4174.7,55.9,62.69,8.0,83.78,1.3363,1.3196,33.2,Y
서울,도봉구,2011-02,413,14845.0,14500.0,72.6,104,3524.9,53.0,59.34,8.0,76.5,1.2892,1.3362,30.7,Y
서울,도봉구,2011-03,407,14936.7,14500.0,70.9,111,3842.7,51.6,57.26,8.0,77.24,1.349,1.3845,33.2,Y
서울,도봉구,2011-04,339,14739.5,14000.0,69.71,103,4294.2,49.5,59.42,8.0,78.13,1.315,1.4065,36.6,Y
서울,도봉구,2011-05,286,14965.4,14250.0,70.24,78,4280.2,56.2,63.67,8.0,84.78,1.3316,1.3867,33.7,Y
서울,도봉구,2011-06,305,15524.4,15000.0,70.34,65,4789.2,53.5,59.5,8.0,85.47,1.4365,1.4225,37.4,Y
서울,도봉구,2011-07,295,15198.6,15000.0,68.71,88,4354.6,50.9,58.23,7.941,79.7,1.3688,1.4265,36.2,Y
서울,도봉구,2011-08,358,15832.5,15500.0,72.94,99,4872.7,50.1,59.57,7.758,81.57,1.3695,1.4213,38.6,Y
서울,도봉구,2011-09,313,15619.5,15000.0,68.63,109,4296.8,56.8,59.01,7.714,84.47,1.4313,1.4629,32.7,Y
서울,도봉구,2011-10,304,15719.1,15000.0,68.64,91,4681.3,51.1,58.4,7.5,80.38,1.3763,1.4346,36.4,Y
서울,도봉구,2011-11,255,15666.9,15000.0,68.82,56,4957.1,52.1,58.37,7.418,82.73,1.4173,1.4396,37.0,Y
서울,도봉구,2011-12,249,16133.9,15000.0,70.68,61,5183.6,49.5,57.21,7.5,81.92,1.432,1.4173,39.5,Y
서울,도봉구,2012-01,284,15984.5,15000.0,70.63,65,4930.8,55.3,62.5,7.529,86.22,1.3794,1.3797,35.9,Y
서울,도봉구,2012-02,405,16175.6,15500.0,71.45,122,4619.7,54.4,60.66,7.494,83.27,1.3727,1.3863,34.6,Y
서울,도봉구,2012-03,416,15689.2,15000.0,69.35,106,4310.4,56.4,61.12,7.425,83.07,1.3591,1.3758,32.1,Y
서울,도봉구,2012-04,328,15087.5,14500.0,68.12,96,3705.9,52.1,56.88,7.397,74.95,1.3177,1.3515,30.5,Y
서울,도봉구,2012-05,367,15506.8,15000.0,70.7,97,4993.8,49.3,61.84,7.397,80.04,1.2943,1.3326,38.5,Y
서울,도봉구,2012-06,270,15511.5,15000.0,70.15,82,3846.3,53.3,57.39,7.392,77.02,1.342,1.3533,30.8,Y
서울,도봉구,2012-07,295,16029.3,15000.0,72.63,76,4034.2,57.7,62.74,7.382,82.47,1.3146,1.344,30.1,Y
서울,도봉구,2012-08,315,15847.6,15000.0,71.43,86,3764.0,56.2,58.82,7.331,79.24,1.3471,1.3637,29.0,Y
서울,도봉구,2012-09,380,15941.8,15500.0,69.85,89,3968.5,54.7,60.27,7.348,79.02,1.3111,1.3466,30.8,Y
서울,도봉구,2012-10,351,16038.7,15000.0,71.58,91,3678.0,56.3,58.02,7.304,78.73,1.3569,1.358,28.4,Y
서울,도봉구,2012-11,294,16586.1,16500.0,72.39,66,3651.5,60.6,63.72,7.306,82.79,1.2992,1.3104,26.9,Y
서울,도봉구,2012-12,264,16681.2,16000.0,73.03,79,3762.1,48.5,57.36,7.2,71.05,1.2387,1.2721,31.8,Y
서울,도봉구,2013-01,369,16772.4,16000.0,72.06,82,4814.6,55.3,64.94,7.2,84.2,1.2966,1.3295,34.3,Y
서울,도봉구,2013-02,357,17159.9,16500.0,74.49,108,4784.3,57.2,64.34,7.086,85.49,1.3288,1.3224,33.0,Y
서울,도봉구,2013-03,421,16803.1,16000.0,72.54,140,4823.8,48.8,59.65,7.068,77.19,1.2939,1.3226,36.8,Y
서울,도봉구,2013-04,295,16036.6,16000.0,69.12,107,4158.6,55.3,60.7,6.951,79.42,1.3084,1.3181,30.3,Y
서울,도봉구,2013-05,269,17056.1,16000.0,71.87,74,3864.9,58.1,61.31,6.853,80.18,1.3078,1.3453,27.5,Y
서울,도봉구,2013-06,233,17006.9,16000.0,73.0,83,5469.5,53.0,65.09,6.857,84.21,1.2936,1.3087,37.1,Y
서울,도봉구,2013-07,251,17223.3,17000.0,72.02,117,4488.3,51.0,58.8,6.84,76.6,1.3027,1.2832,33.4,Y
서울,도봉구,2013-08,273,17980.6,17000.0,72.26,109,4368.0,52.4,59.26,6.857,77.36,1.3054,1.3235,32.3,Y
서울,도봉구,2013-09,211,17833.2,17000.0,70.91,116,5381.0,48.7,61.22,6.831,79.32,1.2957,1.3073,38.6,Y
서울,도봉구,2013-10,280,18210.9,18000.0,71.41,109,5346.0,51.0,60.4,6.75,81.08,1.3425,1.3326,37.1,Y
서울,도봉구,2013-11,228,18004.4,17000.0,69.66,75,4992.0,52.0,59.89,6.667,79.69,1.3307,1.3428,34.8,Y
서울,도봉구,2013-12,249,19496.0,18500.0,75.33,85,5103.5,53.8,59.69,6.545,81.61,1.3673,1.3467,34.1,Y
서울,도봉구,2014-01,287,18454.5,18000.0,70.87,120,4828.1,49.3,55.84,6.498,75.43,1.3508,1.3078,34.7,Y
서울,도봉구,2014-02,411,18510.1,18000.0,72.08,139,4678.5,50.2,55.48,6.4,75.15,1.3544,1.3367,33.2,Y
서울,도봉구,2014-03,384,18022.1,17100.0,69.68,124,5203.7,53.3,62.81,6.344,80.82,1.2866,1.2972,34.0,Y
서울,도봉구,2014-04,347,18420.3,18000.0,70.33,107,5209.4,54.7,62.28,6.279,82.0,1.3166,1.3126,33.2,Y
서울,도봉구,2014-05,365,18131.1,17500.0,70.74,98,5882.7,48.3,61.03,6.276,79.04,1.2951,1.2622,38.9,Y
서울,도봉구,2014-06,292,18569.9,18000.0,70.77,100,4977.0,51.7,61.27,6.175,77.31,1.2618,1.2711,33.1,Y
서울,도봉구,2014-07,320,18168.1,17600.0,70.38,95,5561.3,46.5,58.32,6.137,74.99,1.2857,1.2968,37.9,Y
서울,도봉구,2014-08,342,19244.2,19000.0,72.76,105,5733.7,54.4,62.25,6.183,83.91,1.3479,1.3008,35.2,Y
서울,도봉구,2014-09,322,18966.1,18750.0,70.42,101,5678.2,54.0,63.99,6.194,83.26,1.3011,1.3083,35.2,Y
서울,도봉구,2014-10,328,18782.0,18000.0,69.38,122,5159.4,55.1,62.49,6.201,81.75,1.3083,1.316,32.6,Y
서울,도봉구,2014-11,308,19176.6,18000.0,72.42,82,6250.0,51.6,62.93,6.15,83.63,1.3288,1.3037,38.3,Y
서울,도봉구,2014-12,278,20623.4,20000.0,74.55,108,4496.3,51.9,59.23,6.076,74.65,1.2604,1.2616,30.5,Y
서울,도봉구,2015-01,351,20040.4,19000.0,72.78,132,6562.6,46.0,60.29,6.0,78.84,1.3078,1.2902,41.6,Y
서울,도봉구,2015-02,339,20387.3,20000.0,72.93,121,5674.4,49.5,58.22,6.0,77.89,1.338,1.3136,36.4,Y
서울,도봉구,2015-03,411,19476.7,19000.0,69.37,209,6382.1,51.6,64.12,5.822,82.53,1.2871,1.2767,37.5,Y
서울,도봉구,2015-04,305,19957.5,19000.0,70.56,137,6644.6,50.7,63.32,5.714,82.36,1.3008,1.2852,38.4,Y
서울,도봉구,2015-05,264,20747.8,20000.0,72.64,134,7385.1,46.6,62.8,5.675,81.55,1.2985,1.2858,42.8,Y
서울,도봉구,2015-06,235,20778.0,20000.0,71.57,127,6844.1,48.6,62.56,5.665,80.96,1.294,1.2888,39.9,Y
서울,도봉구,2015-07,258,20267.4,20000.0,69.0,144,6230.6,50.5,60.06,5.647,79.83,1.3291,1.3195,36.7,Y
서울,도봉구,2015-08,239,22140.3,22000.0,73.1,142,7737.3,49.9,62.71,5.5,85.31,1.3605,1.3208,41.6,Y
서울,도봉구,2015-09,211,21773.6,21500.0,70.62,110,7327.7,50.1,61.63,5.4,83.11,1.3486,1.3416,39.7,Y
서울,도봉구,2015-10,286,22147.2,20750.0,70.38,162,7526.1,52.3,63.19,5.271,85.36,1.3509,1.3214,38.7,Y
서울,도봉구,2015-11,197,22502.5,22000.0,69.28,109,6346.6,50.9,59.43,5.123,77.99,1.3122,1.3103,34.7,Y
서울,도봉구,2015-12,237,24226.6,24000.0,72.68,102,7650.4,50.8,60.9,5.009,82.75,1.3588,1.3417,38.6,Y
서울,도봉구,2016-01,227,22383.4,22000.0,67.51,133,8214.6,46.0,58.6,4.941,79.82,1.3622,1.3497,42.4,Y
서울,도봉구,2016-02,261,23620.4,22000.0,71.75,137,8774.1,45.8,61.21,4.925,81.84,1.337,1.3131,44.0,Y
서울,도봉구,2016-03,321,23565.2,23000.0,71.5,193,7547.9,49.7,62.34,4.954,80.87,1.2972,1.2895,38.5,Y
서울,도봉구,2016-04,253,22288.7,22000.0,69.3,146,8939.7,45.9,64.09,4.889,82.33,1.2844,1.2714,44.2,Y
서울,도봉구,2016-05,252,23355.5,22500.0,70.29,118,8624.0,53.0,64.24,4.8,87.5,1.3621,1.3551,39.4,Y
서울,도봉구,2016-06,253,22921.3,22000.0,70.31,109,7553.3,48.1,61.11,4.8,78.31,1.2815,1.2893,38.6,Y
서울,도봉구,2016-07,262,23022.5,22750.0,68.63,126,6887.3,51.1,61.52,4.682,77.98,1.2676,1.2616,34.5,Y
서울,도봉구,2016-08,284,22361.6,21000.0,68.07,127,8583.5,49.6,61.62,4.667,82.94,1.346,1.321,40.3,Y
서울,도봉구,2016-09,284,22870.2,22000.0,66.88,135,6968.1,53.2,61.42,4.615,79.96,1.3017,1.3125,33.5,Y
서울,도봉구,2016-10,342,23456.4,23000.0,67.42,130,6732.3,55.6,60.98,4.546,81.09,1.3299,1.2954,31.5,Y
서울,도봉구,2016-11,244,24131.7,23750.0,71.81,115,8075.7,49.8,61.56,4.5,80.08,1.3008,1.2796,37.8,Y
서울,도봉구,2016-12,275,23657.0,23000.0,69.43,107,6730.0,49.9,58.73,4.5,75.17,1.2799,1.2707,33.6,Y
서울,도봉구,2017-01,257,23388.7,23000.0,69.78,102,6911.8,51.7,60.62,4.5,77.62,1.2806,1.2534,33.4,Y
서울,도봉구,2017-02,330,23494.9,23000.0,68.9,149,7274.2,54.1,62.97,4.538,81.56,1.2951,1.2918,33.7,Y
서울,도봉구,2017-03,333,22929.1,22000.0,68.49,147,7590.1,50.7,62.79,4.5,79.12,1.26,1.2558,36.0,Y
서울,도봉구,2017-04,266,22754.3,22000.0,68.44,129,6765.9,53.8,61.12,4.5,79.22,1.2961,1.2969,32.0,Y
서울,도봉구,2017-05,289,22482.1,22000.0,67.43,114,5470.5,50.8,57.43,4.5,71.31,1.2417,1.2639,28.8,Y
서울,도봉구,2017-06,283,23094.0,22000.0,68.98,140,5145.7,52.1,55.38,4.533,71.56,1.2921,1.3005,27.2,Y
서울,도봉구,2017-07,282,23581.3,23000.0,67.05,121,6343.8,52.9,60.15,4.523,76.84,1.2774,1.2955,31.1,Y
서울,도봉구,2017-08,287,24292.3,24000.0,70.93,117,4677.0,53.4,55.26,4.555,71.2,1.2883,1.2854,24.9,Y
서울,도봉구,2017-09,234,24253.0,22650.0,69.65,118,5252.8,52.8,57.63,4.571,72.8,1.2633,1.3027,27.5,Y
서울,도봉구,2017-10,206,24028.8,23750.0,68.85,98,6251.0,55.2,59.43,4.552,78.94,1.3282,1.3177,30.0,Y
서울,도봉구,2017-11,225,24798.4,25000.0,70.95,78,6859.0,57.3,61.15,4.571,83.4,1.3639,1.3311,31.3,Y
서울,도봉구,2017-12,228,23896.5,23000.0,69.53,75,6876.6,53.8,59.9,4.551,79.88,1.3336,1.3479,32.6,Y
서울,도봉구,2018-01,237,24564.1,25000.0,68.47,112,4790.2,54.0,55.99,4.615,72.44,1.2938,1.2845,25.4,Y
서울,도봉구,2018-02,245,23755.5,23000.0,65.44,105,5554.3,51.7,54.57,4.611,73.01,1.338,1.2924,29.2,Y
서울,도봉구,2018-03,385,23537.8,22000.0,67.59,160,6531.2,54.5,58.45,4.56,79.3,1.3567,1.3411,31.3,Y
서울,도봉구,2018-04,239,22475.8,21000.0,66.07,115,5438.3,49.9,58.19,4.529,70.45,1.2106,1.2471,29.1,Y
서울,도봉구,2018-05,246,23596.3,22000.0,67.75,112,4634.8,53.0,55.41,4.629,70.87,1.279,1.2787,25.2,Y
서울,도봉구,2018-06,255,22732.9,22000.0,66.33,113,4382.3,60.0,59.85,4.615,76.89,1.2846,1.2955,21.9,Y
서울,도봉구,2018-07,292,23037.5,21000.0,66.49,98,4689.8,53.5,54.71,4.571,71.37,1.3045,1.3139,25.0,Y
서울,도봉구,2018-08,297,24664.6,23000.0,68.51,121,6237.9,52.0,60.02,4.555,75.7,1.2613,1.2941,31.3,Y
서울,도봉구,2018-09,317,24076.6,24000.0,69.09,119,5265.7,56.2,59.06,4.5,75.94,1.2858,1.2936,26.0,Y
서울,도봉구,2018-10,336,23186.3,21500.0,68.46,106,3977.8,56.7,55.67,4.517,71.69,1.2877,1.2752,20.9,Y
서울,도봉구,2018-11,229,22875.1,22000.0,66.5,94,7223.6,54.6,60.82,4.5,81.71,1.3434,1.3003,33.2,Y
서울,도봉구,2018-12,229,25166.2,24000.0,70.39,98,6452.3,46.6,55.74,4.5,70.75,1.2693,1.2753,34.2,Y
서울,도봉구,2019-01,293,23135.3,22000.0,66.74,95,4301.1,59.9,56.48,4.559,76.19,1.349,1.3219,21.4,Y
서울,도봉구,2019-02,275,23133.5,22000.0,66.88,100,5669.2,49.8,53.62,4.595,71.51,1.3337,1.3034,30.4,Y
서울,도봉구,2019-03,354,22840.7,22000.0,66.41,132,5077.3,52.1,57.71,4.615,71.6,1.2407,1.2526,27.3,Y
서울,도봉구,2019-04,262,22772.5,22000.0,66.87,110,5432.1,50.7,54.82,4.571,71.39,1.3022,1.2724,29.0,Y
서울,도봉구,2019-05,288,23141.7,22000.0,67.72,106,5603.6,45.2,55.65,4.643,66.89,1.202,1.2547,32.4,Y
서울,도봉구,2019-06,289,23208.3,22000.0,66.7,98,5267.8,53.8,56.58,4.64,74.2,1.3115,1.3066,27.4,Y
서울,도봉구,2019-07,289,23402.8,22000.0,67.39,100,5034.0,51.8,55.71,4.615,71.13,1.2769,1.263,27.2,Y
서울,도봉구,2019-08,298,24298.7,24000.0,68.55,115,5023.3,51.3,54.83,4.576,70.42,1.2842,1.2778,27.2,Y
서울,도봉구,2019-09,268,24108.4,23000.0,67.29,96,4588.8,50.6,54.65,4.571,68.05,1.2453,1.2895,25.7,Y
서울,도봉구,2019-10,389,24055.3,23000.0,66.92,123,5027.5,54.6,57.51,4.552,73.65,1.2806,1.2714,25.9,Y
서울,도봉구,2019-11,296,24998.6,23500.0,68.76,106,5279.9,51.3,57.48,4.475,71.04,1.2358,1.257,27.7,Y
서울,도봉구,2019-12,327,25168.6,24000.0,69.96,92,6479.6,54.9,60.62,4.5,79.23,1.307,1.2929,30.7,Y
서울,도봉구,2020-01,278,25431.4,25000.0,68.97,97,5736.1,54.2,56.24,4.432,75.41,1.341,1.3149,28.1,Y
서울,도봉구,2020-02,352,24505.1,24750.0,66.89,152,5485.6,55.5,58.83,4.435,75.79,1.2882,1.304,26.8,Y
서울,도봉구,2020-03,325,24862.0,25000.0,68.3,120,4735.7,57.8,59.73,4.387,75.08,1.257,1.3134,23.1,Y
서울,도봉구,2020-04,300,23531.9,23500.0,65.57,104,7186.8,49.1,59.39,4.435,75.7,1.2747,1.3017,35.1,Y
서울,도봉구,2020-05,285,24404.8,24000.0,66.8,83,5404.7,52.4,54.54,4.455,72.48,1.329,1.3095,27.7,Y
서울,도봉구,2020-06,362,26010.1,25000.0,69.8,126,5679.5,64.3,61.48,4.435,85.34,1.388,1.2934,24.6,Y
서울,도봉구,2020-07,448,25405.0,25000.0,66.32,120,5317.5,58.2,58.44,4.43,77.87,1.3326,1.3358,25.2,Y
서울,도봉구,2020-08,316,25014.5,23000.0,64.95,119,6893.5,55.9,56.9,4.364,80.98,1.4233,1.3572,31.0,Y
서울,도봉구,2020-09,282,26888.2,24750.0,64.97,107,8802.0,53.4,58.03,4.4,85.7,1.477,1.425,37.7,Y
서울,도봉구,2020-10,309,27414.4,25000.0,66.52,98,7645.0,55.0,57.45,4.37,82.86,1.4423,1.4013,33.6,Y
서울,도봉구,2020-11,297,29519.4,28000.0,69.28,95,8213.8,52.9,60.97,4.364,82.82,1.3583,1.3155,36.1,Y
서울,도봉구,2020-12,287,31413.9,29000.0,71.73,97,8617.8,52.6,57.53,4.322,83.6,1.4533,1.4471,37.1,Y
서울,도봉구,2021-01,289,29937.3,28665.0,67.41,101,7234.3,53.4,53.21,4.438,80.14,1.5061,1.4576,33.4,Y
서울,도봉구,2021-02,271,28661.7,27300.0,66.34,110,6667.7,53.1,54.55,4.32,77.14,1.4142,1.4146,31.1,Y
서울,도봉구,2021-03,316,28554.0,26225.0,66.02,149,7945.6,60.0,59.66,4.252,88.19,1.4783,1.4405,31.9,Y
서울,도봉구,2021-04,301,29503.5,27300.0,66.05,98,6271.4,59.6,57.11,4.202,81.55,1.428,1.4759,26.9,Y
서울,도봉구,2021-05,371,29892.9,28000.0,65.79,123,6839.8,62.0,55.72,4.2,85.92,1.542,1.5012,27.9,Y
서울,도봉구,2021-06,271,29472.9,28000.0,60.89,136,9316.2,56.4,56.74,4.17,88.74,1.5641,1.5412,36.5,Y
서울,도봉구,2021-07,307,31826.5,30000.0,65.21,125,7767.2,59.0,55.06,4.085,85.41,1.5513,1.5333,31.0,Y
서울,도봉구,2021-08,222,31880.2,30000.0,66.08,124,6260.2,65.2,56.17,4.11,86.59,1.5417,1.5236,24.8,Y
서울,도봉구,2021-09,176,34097.5,30725.0,66.73,117,5705.6,59.9,52.7,4.107,79.39,1.5064,1.5092,24.6,Y
서울,도봉구,2021-10,234,31873.3,29700.0,64.7,170,8314.5,58.8,56.63,4.32,88.71,1.5665,1.5627,33.7,Y
서울,도봉구,2021-11,222,33517.2,32000.0,67.51,93,8746.5,57.3,54.01,4.338,88.96,1.6473,1.613,35.5,Y
서울,도봉구,2021-12,209,32078.4,28000.0,64.47,146,9362.3,63.0,59.2,4.301,96.57,1.6312,1.5984,34.7,Y
서울,도봉구,2022-01,228,31256.3,30000.0,64.23,135,7785.6,61.2,55.61,4.331,89.32,1.6063,1.5939,31.5,Y
서울,도봉구,2022-02,211,31870.4,30000.0,66.54,142,6112.8,61.1,52.88,4.315,83.1,1.5714,1.5717,26.4,Y
서울,도봉구,2022-03,237,31665.8,29000.0,65.18,263,6343.3,49.0,40.25,4.446,72.51,1.8014,2.1549,32.4,Y
서울,도봉구,2022-04,240,30962.2,28500.0,64.55,138,6717.8,63.6,53.21,4.333,87.9,1.6521,1.6572,27.6,Y
서울,도봉구,2022-05,242,32600.6,30000.0,63.37,193,5414.4,49.1,44.21,4.31,68.53,1.55,1.4071,28.4,Y
서울,도봉구,2022-06,158,31370.6,28675.0,64.95,166,6711.3,57.7,46.28,4.367,82.17,1.7755,1.7991,29.7,Y
서울,도봉구,2022-07,213,30161.1,30000.0,63.31,152,5583.0,50.0,44.73,4.417,70.6,1.5781,1.5664,29.1,Y
서울,도봉구,2022-08,167,31221.3,28000.0,64.97,160,5427.4,65.3,50.21,4.448,85.42,1.7014,1.7169,23.6,Y
서울,도봉구,2022-09,179,29120.1,30000.0,62.92,191,6797.2,63.0,52.66,4.461,88.31,1.6771,1.6447,28.6,Y
서울,도봉구,2022-10,196,27804.1,26000.0,62.85,157,7342.5,66.1,53.04,4.496,93.64,1.7654,1.7353,29.4,Y
서울,도봉구,2022-11,168,28114.0,27000.0,63.1,149,6770.9,76.0,59.23,4.528,101.51,1.714,1.7185,25.2,Y
서울,도봉구,2022-12,169,27791.2,26250.0,65.74,118,6469.9,66.5,54.91,4.571,91.1,1.6592,1.691,27.1,Y
서울,도봉구,2023-01,186,27597.1,26000.0,64.93,136,5583.7,71.9,55.72,4.623,93.4,1.6761,1.6663,23.0,Y
서울,도봉구,2023-02,271,27445.4,25900.0,66.69,170,5454.3,72.6,54.08,4.725,94.12,1.7406,1.7308,22.8,Y
서울,도봉구,2023-03,296,27707.3,27000.0,66.48,154,5930.0,68.5,55.79,4.8,92.21,1.653,1.6683,25.7,Y
서울,도봉구,2023-04,241,27453.1,26000.0,69.45,118,5357.5,74.4,58.08,4.804,95.89,1.6509,1.6942,22.4,Y
서울,도봉구,2023-05,282,27057.6,25860.0,68.46,144,6404.7,71.7,55.54,4.865,97.68,1.7589,1.6534,26.6,Y
서울,도봉구,2023-06,265,25973.8,25000.0,64.43,130,5203.6,67.3,53.36,4.904,88.57,1.6599,1.6781,24.0,Y
서울,도봉구,2023-07,263,26671.1,26000.0,66.89,157,6529.9,70.1,56.99,4.999,97.26,1.7066,1.6686,28.0,Y
서울,도봉구,2023-08,273,28873.7,30000.0,69.72,171,6404.7,70.9,59.03,4.937,97.3,1.6482,1.6455,27.1,Y
서울,도봉구,2023-09,207,29507.6,28000.0,69.89,146,5882.4,69.0,55.89,4.987,93.43,1.6718,1.6794,26.2,Y
서울,도봉구,2023-10,248,28031.7,26500.0,66.55,140,5060.0,73.6,54.87,4.941,94.44,1.7212,1.6973,22.1,Y
서울,도봉구,2023-11,267,29072.8,28000.0,65.83,167,7290.5,68.0,57.57,4.916,97.87,1.7002,1.7036,30.5,Y
서울,도봉구,2023-12,252,28733.2,27000.0,66.93,153,6894.4,71.7,58.46,4.918,99.92,1.7092,1.7414,28.3,Y
서울,도봉구,2024-01,255,28881.0,28000.0,65.43,218,5605.4,56.0,47.51,4.83,78.52,1.6527,1.6783,28.7,Y
서울,도봉구,2024-02,206,28603.1,27150.0,66.42,163,5404.0,67.3,50.58,4.844,89.13,1.7621,1.7443,24.5,Y
서울,도봉구,2024-03,284,29445.0,28000.0,67.12,150,5560.2,60.2,48.85,4.817,82.49,1.6886,1.6961,27.1,Y
서울,도봉구,2024-04,229,28155.0,26000.0,62.8,114,6942.7,71.8,57.57,4.8,99.56,1.7295,1.7048,27.9,Y
서울,도봉구,2024-05,218,29296.8,28000.0,65.39,131,7351.9,75.0,59.97,4.8,104.45,1.7419,1.7699,28.2,Y
서울,도봉구,2024-06,215,31703.3,31000.0,67.29,140,6820.8,73.2,53.41,4.749,100.16,1.8751,1.8164,26.9,Y
서울,도봉구,2024-07,200,30517.7,30000.0,65.18,164,6709.0,69.6,53.31,4.714,95.95,1.8001,1.8186,27.5,Y
서울,도봉구,2024-08,216,30447.5,29750.0,66.34,124,6964.6,74.7,58.15,4.654,101.69,1.7487,1.758,26.6,Y
서울,도봉구,2024-09,177,29012.0,28000.0,63.65,122,6181.2,70.0,53.27,4.654,93.95,1.7637,1.7632,25.5,Y
서울,도봉구,2024-10,231,29963.8,28927.0,62.78,129,7087.1,74.7,56.73,4.667,102.25,1.8023,1.8744,27.0,Y
서울,도봉구,2024-11,190,29329.6,28000.0,64.58,132,7332.6,70.4,53.95,4.674,98.94,1.834,1.8582,28.9,Y
서울,도봉구,2024-12,171,31268.2,31000.0,67.15,122,6141.2,70.4,50.83,4.666,94.25,1.8541,1.8189,25.3,Y
서울,도봉구,2025-01,168,29689.1,30000.0,66.32,136,5202.0,75.0,51.97,4.743,95.53,1.8381,1.8443,21.5,Y
서울,도봉구,2025-02,221,30638.9,29000.0,65.52,147,5469.2,76.8,52.24,4.8,98.68,1.8889,1.9082,22.2,Y
서울,도봉구,2025-03,232,31600.4,30000.0,68.56,147,6558.2,73.2,53.49,4.8,99.42,1.8586,1.871,26.4,Y
서울,도봉구,2025-04,228,30801.5,30000.0,67.64,130,5313.0,77.4,54.71,4.875,99.01,1.8099,1.8254,21.8,Y
서울,도봉구,2025-05,177,31421.0,30000.0,70.39,140,6566.8,80.1,56.72,4.86,106.69,1.8811,1.8882,24.9,Y
서울,도봉구,2025-06,207,31941.9,30000.0,68.27,136,6073.7,76.3,55.42,4.875,101.01,1.8226,1.8451,24.4,Y
서울,도봉구,2025-07,245,44355.6,35000.0,70.38,126,6049.5,78.9,52.78,4.862,103.4,1.9593,1.9167,23.7,Y
서울,도봉구,2025-08,263,55516.8,45000.0,75.4,118,5986.0,77.7,51.6,4.83,101.8,1.9729,1.9594,23.7,Y
서울,도봉구,2025-09,246,51773.3,40000.0,74.87,130,5118.1,72.6,47.87,4.871,93.33,1.9496,1.9083,22.3,Y
서울,도봉구,2025-10,157,32634.3,30000.0,65.63,142,5652.5,79.9,52.78,4.924,103.06,1.9528,1.9566,22.5,Y
서울,도봉구,2025-11,135,33469.7,32000.0,68.26,153,7135.6,84.8,55.42,4.973,114.32,2.0628,1.9158,25.9,Y
서울,도봉구,2025-12,162,33747.4,33000.0,68.94,136,7384.6,80.7,54.83,4.889,110.76,2.0201,1.9765,27.2,Y
서울,도봉구,2026-01,183,35235.1,34000.0,70.64,196,6569.2,78.1,53.13,4.923,105.05,1.9773,1.9567,25.7,Y
서울,도봉구,2026-02,151,33125.7,32000.0,67.56,144,6765.6,79.5,51.9,4.969,107.52,2.0718,2.0494,26.1,Y
서울,도봉구,2026-03,176,33765.8,33000.0,67.11,167,6757.6,80.1,54.77,4.918,107.83,1.9689,1.9863,25.7,Y
서울,도봉구,2026-04,140,32975.6,30250.0,64.44,129,6529.2,86.8,54.13,4.875,113.35,2.0941,2.109,23.4,Y
서울,도봉구,2026-05,120,35375.4,33000.0,68.17,118,9137.9,88.0,56.84,4.807,124.61,2.1921,2.1576,29.4,Y
서울,도봉구,2026-06,108,34991.2,35000.0,67.37,117,6477.0,87.7,51.18,4.9,114.13,2.2301,2.2199,23.2,Y
서울,도봉구,2026-07,122,40032.0,37000.0,71.85,108,8541.5,83.8,51.88,4.923,118.81,2.2902,2.2749,29.5,Y
서울,도봉구,2026-08,74,38206.1,40000.0,69.07,67,7107.2,88.3,51.91,,,,,,Y
서울,도봉구,2026-09,53,38540.3,38000.0,69.18,60,10025.0,97.8,58.5,,,,,,Y
서울,동대문구,2011-01,357,19864.4,19500.0,80.78,72,6653.2,67.3,69.22,7.504,108.94,1.5738,1.6697,38.2,Y
서울,동대문구,2011-02,337,19727.3,19500.0,80.12,91,6716.7,72.1,73.35,7.504,114.09,1.5554,1.5978,36.8,Y
서울,동대문구,2011-03,325,19849.7,20000.0,80.63,73,6865.7,75.1,76.74,7.504,117.99,1.5375,1.6074,36.4,Y
서울,동대문구,2011-04,263,20284.8,20000.0,81.61,59,7369.3,65.4,73.04,7.504,111.5,1.5265,1.5946,41.3,Y
서울,동대문구,2011-05,259,20752.7,21000.0,81.64,60,6618.3,78.1,74.82,7.504,119.5,1.5971,1.6768,34.6,Y
서울,동대문구,2011-06,210,20477.6,20000.0,79.42,70,5952.9,60.5,63.38,7.504,97.71,1.5418,1.5567,38.1,Y
서울,동대문구,2011-07,245,19375.1,20000.0,76.15,77,5664.9,60.2,63.71,7.429,95.32,1.4961,1.5551,36.8,Y
서울,동대문구,2011-08,252,20698.9,21000.0,79.91,70,7096.2,67.3,72.7,7.396,111.04,1.5273,1.5829,39.4,Y
서울,동대문구,2011-09,231,21943.2,22000.0,80.99,77,7866.7,72.6,71.21,7.245,120.05,1.6859,1.7719,39.6,Y
서울,동대문구,2011-10,258,22352.7,22000.0,80.83,59,8381.5,67.3,71.29,7.2,117.61,1.6497,1.7065,42.8,Y
서울,동대문구,2011-11,183,20546.6,22000.0,76.62,39,6528.4,79.5,72.38,7.18,118.52,1.6376,1.6993,33.0,Y
서울,동대문구,2011-12,204,21145.5,22000.0,76.37,51,7597.4,64.5,71.23,7.091,109.36,1.5354,1.5848,41.0,Y
서울,동대문구,2012-01,263,22289.0,22000.0,77.32,62,6507.9,71.4,64.04,7.059,109.68,1.7127,1.7145,34.9,Y
서울,동대문구,2012-02,355,22240.6,22000.0,79.23,62,6839.6,73.1,62.14,7.08,113.47,1.8259,1.9244,35.6,Y
서울,동대문구,2012-03,319,22172.3,22000.0,78.98,84,8267.9,75.8,69.99,7.048,124.37,1.7771,1.859,39.0,Y
서울,동대문구,2012-04,256,21649.6,21500.0,79.8,73,8244.8,63.4,64.47,7.059,111.92,1.736,1.7509,43.3,Y
서울,동대문구,2012-05,222,21586.4,21000.0,79.51,54,7104.6,66.4,64.93,6.968,107.62,1.6576,1.7283,38.3,Y
서울,동대문구,2012-06,241,21962.2,22000.0,80.87,39,6107.6,83.3,65.66,6.857,118.18,1.7999,1.8155,29.5,Y
서울,동대문구,2012-07,197,20829.5,20500.0,75.6,48,7195.4,66.5,68.12,6.923,107.97,1.5849,1.5252,38.4,Y
서울,동대문구,2012-08,227,22204.0,22000.0,77.81,60,7395.1,88.5,69.85,6.868,130.84,1.8733,1.7696,32.3,Y
서울,동대문구,2012-09,286,22359.3,22000.0,78.46,60,8244.0,65.3,69.09,7.0,113.39,1.6412,1.7132,42.4,Y
서울,동대문구,2012-10,286,22382.2,22250.0,82.62,67,6913.1,66.6,64.7,6.975,106.82,1.651,1.6661,37.6,Y
서울,동대문구,2012-11,235,22092.9,22000.0,77.99,52,7394.2,59.3,63.66,6.995,102.43,1.6089,1.6313,42.1,Y
서울,동대문구,2012-12,337,22453.5,22000.0,79.21,59,9115.0,66.8,74.54,6.944,119.58,1.6042,1.6991,44.1,Y
서울,동대문구,2013-01,323,22889.5,23000.0,79.07,71,7119.0,80.4,70.09,6.874,121.21,1.7294,1.8082,33.6,Y
서울,동대문구,2013-02,335,22356.7,22500.0,80.25,85,6824.9,62.2,59.08,6.857,101.21,1.7131,1.7165,38.5,Y
서울,동대문구,2013-03,374,22113.8,22000.0,79.43,100,7756.8,72.9,72.01,6.828,117.05,1.6256,1.6914,37.7,Y
서울,동대문구,2013-04,310,22613.9,22000.0,80.73,66,8693.4,73.7,70.93,6.761,122.64,1.729,1.7886,39.9,Y
서울,동대문구,2013-05,261,21753.5,22000.0,78.81,74,7439.2,67.1,60.45,6.667,108.45,1.7941,1.9559,38.1,Y
서울,동대문구,2013-06,229,22464.3,22000.0,78.76,104,5662.0,62.3,54.25,6.6,93.45,1.7224,1.8173,33.3,Y
서울,동대문구,2013-07,224,23009.6,24000.0,82.55,103,6489.1,59.9,57.0,6.462,94.8,1.6631,1.732,36.9,Y
서울,동대문구,2013-08,205,22171.0,23000.0,77.6,106,6568.1,66.2,60.25,6.4,101.25,1.6804,1.7237,34.6,Y
서울,동대문구,2013-09,200,23125.5,23000.0,78.22,94,7880.7,64.2,64.36,6.353,105.92,1.6459,1.6208,39.4,Y
서울,동대문구,2013-10,211,24570.3,24000.0,79.67,100,7020.1,65.2,62.63,6.494,103.14,1.6467,1.742,36.8,Y
서울,동대문구,2013-11,180,23530.2,24250.0,75.17,71,7319.3,67.1,60.41,6.5,106.72,1.7666,1.8691,37.2,Y
서울,동대문구,2013-12,198,24085.3,25000.0,78.42,80,7108.1,63.8,58.16,6.4,101.68,1.7483,1.8082,37.3,Y
서울,동대문구,2014-01,248,25227.0,25000.0,80.18,107,8051.1,71.2,67.46,6.344,113.74,1.686,1.7396,37.4,Y
서울,동대문구,2014-02,274,25151.4,25250.0,79.4,90,8319.4,65.7,63.92,6.077,107.82,1.6868,1.7135,39.1,Y
서울,동대문구,2014-03,278,26112.8,26000.0,80.61,111,9633.7,70.3,71.49,6.067,118.98,1.6642,1.7188,40.9,Y
서울,동대문구,2014-04,265,24659.9,25000.0,79.05,94,8069.8,67.3,67.28,6.0,107.63,1.5996,1.5917,37.5,Y
서울,동대문구,2014-05,246,24248.5,25000.0,76.48,107,5994.9,51.2,53.3,5.997,81.19,1.5231,1.5889,36.9,Y
서울,동대문구,2014-06,192,25475.4,26000.0,75.89,89,7055.3,68.4,62.01,5.997,103.67,1.6718,1.6666,34.0,Y
서울,동대문구,2014-07,215,23648.6,25000.0,74.81,102,7478.4,62.9,64.0,5.793,98.97,1.5464,1.6466,36.5,Y
서울,동대문구,2014-08,258,25626.6,25000.0,78.96,97,9030.4,62.8,62.47,5.783,106.37,1.7028,1.7183,40.9,Y
서울,동대문구,2014-09,306,26082.8,27000.0,79.56,92,9769.6,63.7,64.87,5.76,110.58,1.7047,1.7492,42.4,Y
서울,동대문구,2014-10,258,26263.2,27000.0,78.63,91,9358.9,62.9,66.31,5.599,106.57,1.6071,1.6447,41.0,Y
서울,동대문구,2014-11,267,25946.3,27000.0,78.65,80,8477.6,60.1,63.12,5.384,98.16,1.5553,1.6248,38.7,Y
서울,동대문구,2014-12,237,26863.9,27500.0,79.72,98,11338.8,62.6,70.19,5.224,111.95,1.595,1.5911,44.1,Y
서울,동대문구,2015-01,275,27680.5,27500.0,82.0,144,9453.3,68.3,65.26,5.144,108.87,1.6682,1.6726,37.2,Y
서울,동대문구,2015-02,252,26586.7,26100.0,78.28,156,9793.6,61.6,64.59,5.184,103.92,1.609,1.6511,40.7,Y
서울,동대문구,2015-03,283,28595.1,29000.0,81.99,193,10967.2,62.3,62.76,5.205,109.85,1.7504,1.8764,43.3,Y
서울,동대문구,2015-04,236,29295.4,28000.0,82.24,149,11060.0,62.7,65.97,5.204,110.62,1.677,1.6973,43.4,Y
서울,동대문구,2015-05,243,29636.1,29000.0,81.18,147,12680.7,63.3,71.04,5.222,118.5,1.6681,1.7095,46.6,Y
서울,동대문구,2015-06,221,29295.0,30000.0,80.01,124,11778.1,61.1,67.77,5.16,111.7,1.6481,1.6956,45.3,Y
서울,동대문구,2015-07,211,26587.1,28000.0,75.08,146,9929.9,58.6,63.04,5.143,101.2,1.6054,1.668,42.1,Y
서울,동대문구,2015-08,159,28879.8,29000.0,79.51,144,8934.0,64.2,59.05,5.143,102.54,1.7364,1.7969,37.3,Y
서울,동대문구,2015-09,133,28016.3,29000.0,75.56,111,9609.7,68.8,67.43,5.053,109.28,1.6206,1.6789,37.0,Y
서울,동대문구,2015-10,189,30764.8,30000.0,79.68,128,13029.3,67.6,69.09,5.001,121.86,1.7637,1.8037,44.6,Y
서울,동대문구,2015-11,179,30009.8,30000.0,77.59,102,11281.2,57.7,59.07,4.941,104.11,1.7625,1.8756,44.6,Y
서울,동대문구,2015-12,151,31833.6,33000.0,81.0,108,11386.8,64.0,62.9,4.945,110.91,1.7632,1.8451,42.3,Y
서울,동대문구,2016-01,188,32788.0,33500.0,78.92,144,11795.0,64.9,60.62,4.8,112.1,1.8493,1.9701,42.1,Y
서울,동대문구,2016-02,192,32472.5,33000.0,78.0,156,11960.7,62.5,61.9,4.706,109.42,1.7675,1.8029,42.9,Y
서울,동대문구,2016-03,200,31621.3,31000.0,80.9,132,12401.2,68.8,67.68,4.645,116.83,1.7262,1.8298,41.1,Y
서울,동대문구,2016-04,170,30730.7,32000.0,78.23,115,11052.8,73.4,67.22,4.681,116.51,1.7333,1.6915,37.0,Y
서울,동대문구,2016-05,162,32937.0,33000.0,80.14,93,11530.9,62.2,65.66,4.615,106.59,1.6233,1.6333,41.6,Y
서울,동대문구,2016-06,152,32200.6,32500.0,79.14,90,14831.9,65.4,70.56,4.594,122.14,1.7309,1.7477,46.5,Y
서울,동대문구,2016-07,168,33558.7,33000.0,80.55,128,12912.8,73.5,70.25,4.571,122.73,1.7471,1.7433,40.1,Y
서울,동대문구,2016-08,193,34130.6,35000.0,77.53,126,13873.0,66.9,70.28,4.438,118.21,1.682,1.6894,43.4,Y
서울,동대문구,2016-09,196,34099.8,34000.0,78.46,104,13249.0,72.0,69.33,4.364,120.19,1.7334,1.7791,40.1,Y
서울,동대문구,2016-10,231,33674.9,34000.0,76.19,134,14809.1,71.9,72.67,4.364,125.72,1.73,1.7623,42.8,Y
서울,동대문구,2016-11,190,32312.4,33000.0,78.96,116,13859.2,66.9,66.69,4.286,116.35,1.7446,1.7984,42.5,Y
서울,동대문구,2016-12,235,29878.3,32000.0,70.11,142,10024.1,60.4,56.14,4.215,95.63,1.7035,1.778,36.8,Y
서울,동대문구,2017-01,193,33604.1,33000.0,77.38,179,10233.0,65.0,56.12,4.337,101.99,1.8174,1.9048,36.3,Y
서울,동대문구,2017-02,221,33959.1,33000.0,82.97,170,10845.8,64.7,56.04,4.412,104.59,1.8664,1.969,38.1,Y
서울,동대문구,2017-03,218,33394.6,34000.0,80.48,137,12638.7,67.5,67.53,4.421,114.1,1.6897,1.7145,40.8,Y
서울,동대문구,2017-04,186,34072.4,33750.0,80.71,115,12524.2,64.5,66.03,4.465,111.11,1.6828,1.7279,41.9,Y
서울,동대문구,2017-05,210,32809.7,32250.0,77.56,120,13500.0,71.9,73.64,4.457,122.08,1.6577,1.7328,41.1,Y
서울,동대문구,2017-06,240,36265.4,36500.0,79.08,93,12934.1,73.8,68.99,4.421,121.43,1.7601,1.8139,39.2,Y
서울,동대문구,2017-07,262,32477.0,34000.0,72.36,131,10189.5,71.1,63.63,4.21,106.84,1.6791,1.7409,33.5,Y
서울,동대문구,2017-08,201,35660.8,36000.0,79.45,122,11448.9,68.2,66.09,4.109,107.44,1.6258,1.7458,36.5,Y
서울,동대문구,2017-09,206,33757.4,35000.0,80.05,110,10670.4,66.4,63.12,4.055,102.45,1.6232,1.738,35.2,Y
서울,동대문구,2017-10,173,33756.2,35000.0,74.55,79,11127.1,71.3,70.67,4.069,109.01,1.5425,1.5971,34.6,Y
서울,동대문구,2017-11,203,33657.6,35000.0,73.4,128,9845.1,70.5,62.53,4.003,103.33,1.6526,1.6729,31.8,Y
서울,동대문구,2017-12,227,34901.9,36000.0,74.05,126,10319.4,65.3,53.19,4.11,100.66,1.8923,1.9859,35.1,Y
서울,동대문구,2018-01,241,34660.6,36000.0,72.14,175,9306.9,64.6,51.09,4.105,96.39,1.8866,2.0939,33.0,Y
서울,동대문구,2018-02,221,36568.8,37000.0,78.92,151,9302.5,67.2,54.46,4.174,99.55,1.8279,2.0401,32.5,Y
서울,동대문구,2018-03,350,36765.5,38000.0,77.24,150,10240.1,69.7,59.73,4.184,105.43,1.7651,1.9183,33.9,Y
서울,동대문구,2018-04,273,36233.9,38000.0,76.61,107,10505.7,74.7,63.85,4.2,111.52,1.7464,1.8702,33.0,Y
서울,동대문구,2018-05,255,35903.0,37000.0,75.87,101,9893.0,67.2,61.83,4.235,102.14,1.6521,1.7723,34.2,Y
서울,동대문구,2018-06,368,37481.3,38500.0,72.3,129,10086.3,77.4,61.51,4.19,112.63,1.8309,1.9409,31.3,Y
서울,동대문구,2018-07,387,37261.8,40000.0,73.42,142,9066.4,68.6,54.47,4.2,100.32,1.8417,1.927,31.6,Y
서울,동대문구,2018-08,344,38211.8,38000.0,77.66,117,11511.9,73.7,62.81,4.138,113.39,1.8051,1.8508,35.0,Y
서울,동대문구,2018-09,289,36942.3,37000.0,74.56,108,10348.3,77.4,65.65,4.098,112.77,1.7179,1.7937,31.3,Y
서울,동대문구,2018-10,336,33885.2,34000.0,70.99,138,12128.2,70.8,64.77,4.094,112.13,1.7313,1.7258,36.9,Y
서울,동대문구,2018-11,269,34631.1,35000.0,69.51,125,10751.0,67.8,59.49,4.091,104.47,1.7561,1.7919,35.1,Y
서울,동대문구,2018-12,291,32660.5,34000.0,69.49,154,8580.0,62.6,51.97,4.091,91.8,1.7664,1.859,31.9,Y
서울,동대문구,2019-01,318,34689.2,35500.0,70.42,195,8697.9,69.1,52.95,4.067,98.55,1.8611,1.9643,29.9,Y
서울,동대문구,2019-02,282,36262.0,36000.0,70.78,144,10020.7,65.6,54.12,4.021,99.23,1.8333,2.0331,33.8,Y
서울,동대문구,2019-03,353,34206.0,35000.0,70.31,168,10898.8,73.3,58.78,4.091,110.47,1.8794,1.8994,33.6,Y
서울,동대문구,2019-04,260,34058.9,35000.0,69.86,146,9271.0,65.2,52.12,4.078,96.67,1.8547,1.961,32.6,Y
서울,동대문구,2019-05,324,35205.7,35000.0,72.85,167,9867.6,58.5,55.97,4.0,91.36,1.6322,1.7753,36.0,Y
서울,동대문구,2019-06,307,36490.0,37000.0,74.48,145,8533.6,71.6,53.43,4.0,100.08,1.873,2.0205,28.4,Y
서울,동대문구,2019-07,344,34474.0,36000.0,71.05,131,8899.8,68.8,57.2,4.0,98.48,1.7216,1.7825,30.1,Y
서울,동대문구,2019-08,299,35791.9,35000.0,72.47,124,9083.8,64.8,54.62,4.068,95.57,1.7499,1.8064,32.2,Y
서울,동대문구,2019-09,258,35341.8,35000.0,71.59,87,8794.2,72.5,56.16,4.001,101.85,1.8135,2.0007,28.8,Y
서울,동대문구,2019-10,365,36286.8,35000.0,73.51,113,11171.7,73.2,65.44,4.0,110.48,1.6881,1.8624,33.7,Y
서울,동대문구,2019-11,338,36056.1,36000.0,72.38,107,8922.1,74.7,60.38,3.988,104.38,1.7286,1.742,28.4,Y
서울,동대문구,2019-12,397,35623.0,36000.0,69.24,155,11244.9,66.6,54.96,3.945,103.59,1.8847,1.9888,35.7,Y
서울,동대문구,2020-01,383,36364.6,35000.0,70.43,161,7127.6,76.3,48.77,4.0,100.11,2.0527,2.294,23.7,Y
서울,동대문구,2020-02,467,36567.2,36000.0,70.66,207,9882.3,73.4,56.94,4.0,106.35,1.8677,2.0167,31.0,Y
서울,동대문구,2020-03,295,38599.7,39500.0,75.37,116,10313.0,72.1,55.54,4.101,107.33,1.9325,2.1976,32.8,Y
서울,동대문구,2020-04,296,39434.3,39000.0,71.71,214,7840.0,53.1,51.15,4.119,80.06,1.5651,1.5144,33.6,Y
서울,동대문구,2020-05,363,40350.5,40000.0,72.22,169,10195.4,63.1,57.26,4.123,98.12,1.7136,1.6604,35.7,Y
서울,동대문구,2020-06,477,42405.0,44000.0,72.51,133,9979.6,74.9,59.07,4.151,109.44,1.8527,1.8167,31.5,Y
서울,동대문구,2020-07,476,41897.8,42250.0,72.02,206,10290.7,62.0,54.48,4.105,97.25,1.7853,1.8388,36.2,Y
서울,동대문구,2020-08,378,41723.8,42000.0,70.18,160,12546.5,80.7,62.93,4.0,122.47,1.9461,2.1128,34.1,Y
서울,동대문구,2020-09,291,39572.5,39000.0,66.87,149,11435.3,66.7,56.12,4.0,104.77,1.8667,1.9276,36.4,Y
서울,동대문구,2020-10,330,42059.9,42000.0,71.58,133,11437.0,73.0,56.25,4.072,111.79,1.9872,2.0493,34.7,Y
서울,동대문구,2020-11,274,41634.9,42000.0,68.94,241,10907.1,45.4,49.38,4.0,81.8,1.6563,1.3103,44.4,Y
서울,동대문구,2020-12,318,43396.8,44050.0,67.2,179,12538.4,74.0,53.55,3.943,115.22,2.1516,2.4625,35.8,Y
서울,동대문구,2021-01,362,42587.6,42000.0,66.08,226,11571.1,61.5,48.57,3.925,99.36,2.0455,2.2554,38.1,Y
서울,동대문구,2021-02,354,40089.9,40000.0,62.86,197,14299.7,65.4,50.96,3.925,112.18,2.2012,2.4544,41.7,Y
서울,동대문구,2021-03,380,42842.9,43000.0,67.52,210,13806.9,66.2,57.39,3.865,110.64,1.9279,1.9959,40.2,Y
서울,동대문구,2021-04,303,42270.1,42000.0,66.88,149,14041.2,75.4,57.31,3.84,120.31,2.0992,2.2016,37.4,Y
서울,동대문구,2021-05,364,44402.6,45000.0,69.89,191,13489.0,75.8,58.74,4.055,121.43,2.0672,2.1097,37.5,Y
서울,동대문구,2021-06,251,48210.4,50000.0,69.26,202,14005.1,74.2,54.09,4.105,122.06,2.2565,2.2952,39.3,Y
서울,동대문구,2021-07,250,48489.7,48000.0,68.5,288,9551.1,51.5,40.88,4.189,84.84,2.0755,1.7605,39.3,Y
서울,동대문구,2021-08,264,45379.9,45000.0,65.85,183,10031.5,68.7,48.17,4.187,103.67,2.1522,2.0687,33.8,Y
서울,동대문구,2021-09,184,45279.0,47000.0,66.25,235,10258.1,53.3,44.71,4.358,90.56,2.0254,1.8414,41.1,Y
서울,동대문구,2021-10,283,47158.8,47250.0,66.78,161,15138.5,99.0,61.13,4.286,153.04,2.5036,2.5078,35.3,Y
서울,동대문구,2021-11,255,50930.5,50000.0,69.48,219,13985.1,76.1,55.66,4.2,125.06,2.2467,2.3145,39.1,Y
서울,동대문구,2021-12,279,50920.9,52000.0,67.89,308,12658.2,76.7,50.98,4.106,120.02,2.3542,2.3622,36.1,Y
서울,동대문구,2022-01,267,45182.9,46000.0,64.86,262,13102.3,79.9,49.39,4.144,125.16,2.5342,2.9293,36.2,Y
서울,동대문구,2022-02,242,47316.8,46100.0,67.93,213,13133.8,79.5,48.3,4.333,126.9,2.6275,2.8957,37.4,Y
서울,동대문구,2022-03,254,47657.9,47750.0,66.76,215,13133.4,84.9,57.88,4.349,132.54,2.2899,2.3394,35.9,Y
서울,동대문구,2022-04,223,46416.8,49000.0,66.21,210,14181.1,94.0,59.54,4.38,145.78,2.4484,2.6646,35.5,Y
서울,동대문구,2022-05,242,50130.1,50750.0,66.84,205,12781.7,82.8,55.29,4.276,128.34,2.3212,2.3964,35.5,Y
서울,동대문구,2022-06,210,47560.6,49500.0,67.63,240,11741.8,76.2,52.63,4.389,119.18,2.2644,2.3162,36.0,Y
서울,동대문구,2022-07,230,47767.2,50000.0,65.65,312,12323.8,71.1,51.28,4.579,118.15,2.3039,2.2386,39.8,Y
서울,동대문구,2022-08,221,49362.8,50000.0,66.56,243,14450.6,84.2,53.03,4.541,138.91,2.6194,2.7555,39.4,Y
서울,동대문구,2022-09,232,50335.9,54600.0,70.87,289,13562.5,77.3,55.09,4.547,128.66,2.3356,2.3479,39.9,Y
서울,동대문구,2022-10,221,47926.9,48000.0,69.93,247,17033.2,91.5,59.66,4.616,157.05,2.6324,2.8272,41.7,Y
서울,동대문구,2022-11,172,45670.4,49000.0,72.64,262,11639.9,64.4,51.85,4.629,109.32,2.1083,1.8945,41.1,Y
서울,동대문구,2022-12,246,40202.3,41500.0,63.41,498,12389.5,50.3,36.59,4.623,97.98,2.6779,3.1637,48.7,Y
서울,동대문구,2023-01,227,41940.2,41000.0,67.9,258,12486.1,84.3,53.37,4.616,132.37,2.4801,2.8075,36.3,Y
서울,동대문구,2023-02,359,42284.3,43000.0,66.8,290,12319.3,72.4,49.34,4.722,120.88,2.4498,2.8388,40.1,Y
서울,동대문구,2023-03,390,41131.4,42000.0,68.36,318,9795.9,71.8,51.61,4.81,111.08,2.1522,2.1385,35.3,Y
서울,동대문구,2023-04,414,43270.7,43750.0,72.44,224,10870.2,97.3,56.87,4.985,142.47,2.5053,2.6773,31.7,Y
서울,동대문구,2023-05,366,45238.9,47000.0,74.41,205,12479.8,93.5,58.47,5.063,146.18,2.5002,2.649,36.0,Y
서울,동대문구,2023-06,440,49040.1,53000.0,77.18,272,11883.0,110.1,62.48,5.072,160.3,2.5656,2.7374,31.3,Y
서울,동대문구,2023-07,432,47701.2,50000.0,76.71,253,11739.8,98.9,57.48,5.049,148.34,2.5807,2.6315,33.3,Y
서울,동대문구,2023-08,371,51580.1,53000.0,77.22,275,11110.6,121.7,62.3,4.971,167.76,2.6928,2.9005,27.4,Y
서울,동대문구,2023-09,318,49012.4,48500.0,75.83,231,13287.9,104.8,62.04,4.976,159.93,2.5779,2.6552,34.4,Y
서울,동대문구,2023-10,267,47785.5,48600.0,74.2,219,14918.6,104.4,62.33,4.974,166.23,2.6668,2.9266,37.2,Y
서울,동대문구,2023-11,265,50557.2,50000.0,76.42,224,13093.5,104.8,58.47,4.948,158.8,2.7158,3.0093,34.0,Y
서울,동대문구,2023-12,287,47366.8,47500.0,69.48,293,11757.8,90.3,49.45,4.893,138.27,2.7963,3.2642,34.7,Y
서울,동대문구,2024-01,338,47690.7,49000.0,72.1,315,10856.8,89.8,48.91,4.801,133.23,2.7239,2.9759,32.6,Y
서울,동대문구,2024-02,256,46114.3,45000.0,70.59,270,9940.1,80.7,42.51,4.8,120.47,2.8338,3.1824,33.0,Y
서울,동대문구,2024-03,289,48030.7,50000.0,72.86,281,12890.0,81.4,52.34,4.8,133.0,2.5408,2.6002,38.8,Y
서울,동대문구,2024-04,234,49140.3,50000.0,73.31,188,12979.7,89.7,53.14,4.771,141.27,2.6583,2.85,36.5,Y
서울,동대문구,2024-05,241,47251.9,49500.0,72.52,250,12356.7,88.5,54.95,4.76,137.55,2.5031,2.7765,35.6,Y
서울,동대문구,2024-06,248,52173.9,52000.0,71.77,188,12347.6,96.7,54.06,4.8,146.07,2.7021,3.0579,33.8,Y
서울,동대문구,2024-07,296,48268.1,50000.0,66.74,215,12299.3,88.7,49.88,4.8,137.9,2.7646,3.0168,35.7,Y
서울,동대문구,2024-08,257,51482.7,50000.0,72.59,214,10556.0,89.6,46.38,4.746,131.39,2.8331,2.963,31.8,Y
서울,동대문구,2024-09,212,53845.1,54010.0,70.44,163,11822.5,94.2,51.51,4.739,140.93,2.7361,2.9258,33.1,Y
서울,동대문구,2024-10,316,50306.5,50000.0,72.16,281,11310.7,77.0,44.27,4.786,122.15,2.7594,3.0136,36.9,Y
서울,동대문구,2024-11,259,50525.7,50000.0,71.29,294,12013.1,88.0,48.21,4.743,135.43,2.8093,3.0392,35.1,Y
서울,동대문구,2024-12,388,51903.5,50000.0,70.37,405,12013.3,88.0,46.57,4.794,136.04,2.9213,3.1903,35.3,Y
서울,동대문구,2025-01,420,50474.9,50000.0,69.15,511,12322.5,79.6,49.33,4.717,128.09,2.5964,3.008,37.8,Y
서울,동대문구,2025-02,509,50731.2,50000.0,70.29,493,11633.9,91.5,49.19,4.732,137.42,2.7933,3.3032,33.4,Y
서울,동대문구,2025-03,543,51334.2,50000.0,71.68,313,13551.5,113.3,58.87,4.8,167.47,2.845,3.1704,32.4,Y
서울,동대문구,2025-04,355,51158.9,50000.0,73.1,279,14081.9,98.5,53.04,4.881,155.82,2.938,3.3524,36.8,Y
서울,동대문구,2025-05,351,52054.4,51000.0,72.15,487,9687.8,65.2,41.72,4.865,104.48,2.5045,2.1331,37.6,Y
서울,동대문구,2025-06,364,52381.5,54000.0,71.77,463,10925.2,86.6,48.82,4.8,130.34,2.6697,2.591,33.5,Y
서울,동대문구,2025-07,275,50045.8,50000.0,70.83,411,10487.8,83.8,49.78,4.8,125.72,2.5256,2.6213,33.4,Y
서울,동대문구,2025-08,253,52529.3,52000.0,70.15,309,11468.5,98.2,50.45,4.701,143.13,2.8367,3.0794,31.4,Y
서울,동대문구,2025-09,288,54042.7,55000.0,74.38,253,12298.4,116.7,56.75,4.638,164.21,2.8934,3.2231,28.9,Y
서울,동대문구,2025-10,311,55037.7,55000.0,76.14,253,14922.5,118.3,59.5,4.639,175.95,2.9571,3.2642,32.8,Y
서울,동대문구,2025-11,362,53065.4,54000.0,70.12,303,14245.4,101.6,51.96,4.66,156.96,3.0208,3.3494,35.2,Y
서울,동대문구,2025-12,399,50175.3,50000.0,65.78,566,10856.4,74.4,41.83,4.729,117.2,2.8018,2.3936,36.5,Y
서울,동대문구,2026-01,296,56411.8,59000.0,70.57,441,11569.7,91.2,47.53,4.823,137.7,2.8971,3.4383,33.8,Y
서울,동대문구,2026-02,187,56791.3,60000.0,70.8,324,10687.7,108.2,46.64,4.928,152.06,3.2604,3.79,28.9,Y
서울,동대문구,2026-03,206,59779.4,60000.0,72.46,278,14111.0,110.1,49.27,4.862,167.26,3.3948,3.853,34.2,Y
서울,동대문구,2026-04,193,57308.8,60000.0,70.18,265,14228.9,100.5,50.32,4.866,158.22,3.1442,3.5366,36.5,Y
서울,동대문구,2026-05,157,61442.7,65000.0,70.92,274,13135.4,106.8,52.46,4.909,160.56,3.0603,3.4996,33.5,Y
서울,동대문구,2026-06,157,60980.6,61000.0,70.67,387,10747.3,76.7,42.62,4.694,118.74,2.7858,2.6691,35.4,Y
서울,동대문구,2026-07,187,50250.0,49000.0,60.83,348,11189.2,82.3,37.65,4.673,125.89,3.3437,3.6909,34.6,Y
서울,동대문구,2026-08,104,63864.1,66000.0,71.13,245,12385.2,102.6,42.65,,,,,,Y
서울,동대문구,2026-09,49,59090.4,65000.0,67.97,90,17143.6,113.8,54.55,,,,,,Y
서울,동작구,2011-01,480,25186.7,24500.0,81.37,68,10491.6,77.8,74.3,7.149,140.28,1.8882,1.9261,44.6,Y
서울,동작구,2011-02,495,24703.7,24200.0,80.85,78,10423.0,70.2,71.23,7.149,132.31,1.8574,1.9573,46.9,Y
서울,동작구,2011-03,475,24639.2,24500.0,82.35,71,10022.6,76.8,73.68,7.149,136.5,1.8526,1.8312,43.7,Y
서울,동작구,2011-04,366,24942.0,25000.0,79.92,55,10495.5,67.9,71.97,7.149,130.44,1.8124,1.8281,47.9,Y
서울,동작구,2011-05,335,24993.3,25000.0,83.2,50,9154.3,80.5,75.25,7.149,135.02,1.7942,1.7347,40.4,Y
서울,동작구,2011-06,294,24282.2,24000.0,81.36,63,8742.9,65.7,69.49,7.149,117.8,1.6951,1.8241,44.2,Y
서울,동작구,2011-07,313,24721.1,25000.0,81.18,51,12593.6,72.6,75.63,7.106,147.15,1.9455,2.0162,50.7,Y
서울,동작구,2011-08,331,25764.9,25000.0,80.85,59,10417.8,84.5,76.85,7.0,145.25,1.8899,1.9474,41.8,Y
서울,동작구,2011-09,346,25894.4,25250.0,78.88,46,9732.2,77.0,69.6,7.0,133.75,1.9216,2.0124,42.4,Y
서울,동작구,2011-10,455,27544.0,27000.0,82.1,56,9919.0,87.9,72.06,7.0,145.72,2.0222,2.0513,39.7,Y
서울,동작구,2011-11,365,27730.1,27000.0,82.59,50,12538.2,85.8,81.26,6.857,157.49,1.938,1.9723,45.5,Y
서울,동작구,2011-12,438,27987.1,27000.0,82.58,68,10812.7,80.7,68.35,6.857,142.45,2.084,2.1507,43.4,Y
서울,동작구,2012-01,417,27207.3,26500.0,80.39,73,10454.7,89.2,75.18,6.824,148.7,1.9779,2.03,40.0,Y
서울,동작구,2012-02,485,27096.9,27000.0,84.3,74,12647.8,75.6,76.73,6.8,147.27,1.9192,1.952,48.7,Y
서울,동작구,2012-03,440,26885.2,26750.0,84.23,68,11734.1,72.4,73.3,6.717,138.08,1.8838,1.8715,47.6,Y
서울,동작구,2012-04,327,27007.6,26000.0,81.5,55,12563.6,74.4,78.19,6.667,144.16,1.8436,1.9682,48.4,Y
서울,동작구,2012-05,367,26806.0,27000.0,80.69,53,10425.1,74.7,75.53,6.667,132.63,1.7561,1.7995,43.7,Y
서울,동작구,2012-06,356,27760.5,28000.0,83.71,50,11014.0,80.5,72.9,6.578,140.92,1.933,1.9522,42.8,Y
서울,동작구,2012-07,358,27888.0,28000.0,82.5,58,11197.7,80.8,72.72,6.545,141.92,1.9515,2.0353,43.0,Y
서울,동작구,2012-08,367,27327.8,27000.0,80.9,54,9123.1,101.8,81.3,6.553,151.65,1.8654,1.9544,32.9,Y
서울,동작구,2012-09,392,27114.5,27000.0,80.7,68,12067.9,81.5,80.0,6.545,147.28,1.8411,1.9118,44.7,Y
서울,동작구,2012-10,417,27375.0,27000.0,81.08,67,9898.0,93.6,77.71,6.437,146.72,1.8881,1.874,36.2,Y
서울,동작구,2012-11,456,28009.9,28500.0,81.39,82,9803.7,84.3,72.67,6.446,136.97,1.8848,1.9165,38.4,Y
서울,동작구,2012-12,550,28084.4,28000.0,81.87,109,7486.6,66.3,60.26,6.522,106.95,1.7749,1.8014,38.0,Y
서울,동작구,2013-01,568,29718.3,29000.0,82.48,159,9380.4,74.4,58.21,6.574,125.76,2.1605,2.2468,40.9,Y
서울,동작구,2013-02,500,29323.4,29000.0,82.04,143,10624.8,72.0,62.91,6.702,131.35,2.0879,2.1875,45.2,Y
서울,동작구,2013-03,504,29851.1,28500.0,83.7,136,11325.3,82.0,70.74,6.75,145.7,2.0597,2.0761,43.7,Y
서울,동작구,2013-04,343,30079.9,28500.0,87.43,73,12942.0,86.4,77.4,6.725,158.94,2.0536,2.1308,45.6,Y
서울,동작구,2013-05,300,29268.2,28000.0,83.82,64,14556.4,83.3,80.09,6.621,163.59,2.0426,2.0162,49.1,Y
서울,동작구,2013-06,284,29893.0,29450.0,83.2,91,12456.2,79.8,74.39,6.667,149.0,2.0031,2.0472,46.4,Y
서울,동작구,2013-07,316,30225.2,29000.0,83.1,94,12174.2,67.4,68.57,6.462,132.92,1.9383,1.9344,49.3,Y
서울,동작구,2013-08,302,31360.4,30000.0,85.35,104,14250.0,80.4,77.12,6.207,154.08,1.998,2.0247,47.8,Y
서울,동작구,2013-09,325,32870.2,32000.0,84.56,84,15171.6,83.5,77.89,6.0,159.38,2.0461,2.0686,47.6,Y
서울,동작구,2013-10,378,33041.4,32000.0,86.65,117,15449.7,76.7,76.33,6.0,153.96,2.0171,2.0598,50.2,Y
서울,동작구,2013-11,320,32683.6,31000.0,84.01,97,15592.8,82.6,79.77,5.782,157.72,1.9771,1.9306,47.6,Y
서울,동작구,2013-12,385,33036.0,31500.0,83.35,121,12981.5,78.3,68.4,5.714,140.11,2.0483,2.0494,44.1,Y
서울,동작구,2014-01,335,31516.6,30000.0,82.3,137,14279.1,76.7,74.02,5.581,143.09,1.9331,1.9648,46.4,Y
서울,동작구,2014-02,428,31751.9,31000.0,83.13,132,14797.7,71.1,70.76,5.492,138.79,1.9614,1.9557,48.8,Y
서울,동작구,2014-03,400,31990.1,31000.0,82.31,124,14642.4,70.3,73.63,5.455,136.88,1.8589,1.8821,48.6,Y
서울,동작구,2014-04,320,31840.4,31000.0,82.01,93,14729.8,81.5,74.97,5.512,149.2,1.99,2.0035,45.3,Y
서울,동작구,2014-05,320,32601.7,32000.0,83.89,92,13662.4,76.8,74.92,5.518,139.66,1.8641,1.865,45.0,Y
서울,동작구,2014-06,324,33372.7,32750.0,82.63,88,17757.4,76.5,78.31,5.514,158.13,2.0193,2.0211,51.6,Y
서울,동작구,2014-07,342,34441.6,34000.0,82.88,96,18791.6,69.9,79.75,5.504,156.11,1.9575,1.9503,55.2,Y
서울,동작구,2014-08,377,35056.5,34000.0,82.58,116,18897.9,70.6,75.74,5.455,156.52,2.0664,2.0785,54.9,Y
서울,동작구,2014-09,369,35312.2,35000.0,83.23,112,18292.0,69.0,78.35,5.375,150.97,1.9269,1.9593,54.3,Y
서울,동작구,2014-10,456,36000.1,35000.0,82.86,115,20613.0,74.3,79.63,5.205,163.68,2.0556,2.0612,54.6,Y
서울,동작구,2014-11,378,36332.7,36000.0,83.66,107,20181.4,68.7,79.08,5.143,155.18,1.9624,2.0045,55.7,Y
서울,동작구,2014-12,476,36298.8,35250.0,82.53,174,17856.2,66.9,76.04,5.073,142.42,1.8729,1.8912,53.0,Y
서울,동작구,2015-01,517,37843.3,38000.0,85.06,219,17943.2,69.4,72.68,5.067,145.11,1.9966,1.967,52.2,Y
서울,동작구,2015-02,399,38405.5,37000.0,84.75,181,19990.1,69.9,75.26,5.072,154.35,2.0509,2.0086,54.7,Y
서울,동작구,2015-03,394,38099.9,35000.0,84.91,231,19454.5,69.8,75.63,5.018,151.18,1.9989,1.964,53.8,Y
서울,동작구,2015-04,294,39316.2,38000.0,89.36,145,21481.7,69.8,79.57,4.993,159.15,2.0002,2.0326,56.2,Y
서울,동작구,2015-05,236,38919.5,37000.0,86.94,125,20778.8,70.3,77.93,4.861,154.45,1.9819,1.9589,54.5,Y
서울,동작구,2015-06,237,38529.7,36000.0,85.24,162,20805.6,73.0,77.28,4.851,157.11,2.033,2.0108,53.5,Y
서울,동작구,2015-07,241,38802.9,39000.0,83.85,165,20333.2,69.2,76.21,4.8,150.53,1.9753,1.9844,54.0,Y
서울,동작구,2015-08,229,40287.3,40000.0,83.56,166,20682.8,69.7,76.7,4.787,152.18,1.9841,1.9729,54.2,Y
서울,동작구,2015-09,180,41024.0,40000.0,82.53,148,22712.1,74.3,78.48,4.667,162.62,2.0721,2.0724,54.3,Y
서울,동작구,2015-10,251,42163.0,40000.0,83.7,204,24342.9,71.7,79.83,4.541,163.82,2.0522,2.1157,56.2,Y
서울,동작구,2015-11,228,41301.6,40000.0,83.06,184,20266.4,69.0,67.66,4.573,146.19,2.1606,2.1753,52.8,Y
서울,동작구,2015-12,265,43269.1,43000.0,83.44,239,19189.7,65.3,62.41,4.5,137.28,2.1995,2.3567,52.4,Y
서울,동작구,2016-01,250,42485.2,43000.0,83.51,204,22421.1,63.0,71.61,4.537,147.74,2.063,2.0802,57.4,Y
서울,동작구,2016-02,262,41787.2,42000.0,81.29,201,20713.5,62.7,69.91,4.5,140.37,2.0079,2.0304,55.3,Y
서울,동작구,2016-03,271,40581.3,40000.0,81.34,173,22685.5,63.5,76.1,4.5,148.59,1.9526,1.9597,57.3,Y
서울,동작구,2016-04,281,41001.9,40000.0,81.0,163,21538.2,67.7,75.3,4.5,148.42,1.971,1.9593,54.4,Y
서울,동작구,2016-05,246,40414.2,40000.0,83.05,159,22161.2,62.5,74.75,4.421,144.19,1.9289,1.9611,56.6,Y
서울,동작구,2016-06,218,40498.7,40000.0,79.51,152,24294.4,66.0,77.6,4.303,153.07,1.9727,1.9191,56.9,Y
서울,동작구,2016-07,281,43082.5,43000.0,83.46,137,24638.8,65.0,77.89,4.298,153.21,1.9671,1.9544,57.6,Y
서울,동작구,2016-08,351,42303.0,40000.0,80.22,172,25533.1,61.1,77.03,4.163,149.67,1.9429,1.9558,59.2,Y
서울,동작구,2016-09,292,44795.5,46000.0,83.87,165,23387.9,60.9,75.61,4.114,141.1,1.8662,1.8689,56.8,Y
서울,동작구,2016-10,412,43863.2,42000.0,80.98,180,24085.9,65.7,75.37,3.974,145.47,1.9301,1.9345,54.8,Y
서울,동작구,2016-11,273,44755.9,44500.0,82.75,164,26288.7,64.7,78.11,3.901,150.17,1.9225,1.9239,56.9,Y
서울,동작구,2016-12,375,43128.8,44500.0,80.91,235,21825.6,62.8,69.82,3.892,133.62,1.9137,1.905,53.0,Y
서울,동작구,2017-01,293,45069.0,44000.0,82.49,199,22118.3,65.3,69.16,3.913,137.46,1.9876,2.0235,52.5,Y
서울,동작구,2017-02,356,43217.9,43000.0,79.75,243,22486.5,65.7,71.38,3.999,140.61,1.97,1.9843,53.3,Y
서울,동작구,2017-03,337,42973.4,42000.0,82.48,169,20434.4,70.5,71.78,4.0,138.62,1.9312,1.9468,49.1,Y
서울,동작구,2017-04,274,43616.8,42750.0,80.13,159,23558.1,62.5,74.21,4.0,141.07,1.9009,1.8875,55.7,Y
서울,동작구,2017-05,267,43713.9,43000.0,84.24,126,20717.3,67.0,71.95,4.0,136.11,1.8918,1.9467,50.7,Y
서울,동작구,2017-06,340,45142.2,44500.0,81.09,144,20362.8,72.1,75.65,4.0,139.99,1.8505,1.8966,48.5,Y
서울,동작구,2017-07,304,44198.9,44000.0,82.4,158,19610.2,66.0,68.34,3.951,130.55,1.9104,1.9294,49.5,Y
서울,동작구,2017-08,293,45750.7,45000.0,85.42,135,18183.1,76.4,70.69,3.904,135.57,1.9178,1.9177,43.6,Y
서울,동작구,2017-09,332,46103.4,48000.0,80.79,145,21124.3,74.4,76.05,3.84,142.05,1.8679,1.9241,47.6,Y
서울,동작구,2017-10,285,47757.1,48000.0,84.6,111,24395.7,68.5,74.49,3.818,146.1,1.9612,1.9071,53.1,Y
서울,동작구,2017-11,278,46188.2,45000.0,82.42,166,18794.8,65.9,70.11,3.818,125.74,1.7935,1.7884,47.6,Y
서울,동작구,2017-12,329,46130.5,46000.0,81.1,162,20112.4,70.3,66.54,3.818,134.26,2.0178,2.0305,47.7,Y
서울,동작구,2018-01,351,47141.6,46000.0,82.64,189,17817.1,73.8,65.13,3.84,130.8,2.0083,1.9879,43.6,Y
서울,동작구,2018-02,370,47727.0,49000.0,83.92,155,19256.3,69.7,65.12,3.861,131.7,2.0224,2.0399,47.0,Y
서울,동작구,2018-03,480,45253.3,45000.0,80.4,162,20066.8,74.7,69.68,3.871,139.47,2.0014,2.0469,46.4,Y
서울,동작구,2018-04,334,45995.1,46000.0,80.7,118,20225.7,67.9,68.87,3.878,133.23,1.9346,1.9749,49.1,Y
서울,동작구,2018-05,349,46156.1,47000.0,79.59,130,21184.9,73.9,75.04,3.927,143.2,1.9082,1.902,48.4,Y
서울,동작구,2018-06,368,46908.3,46000.0,80.01,158,18255.4,79.4,69.54,3.853,138.02,1.9848,2.0196,42.5,Y
서울,동작구,2018-07,350,47450.1,47000.0,81.83,149,20209.0,69.9,70.41,3.847,134.65,1.9123,1.9308,48.1,Y
서울,동작구,2018-08,382,50206.4,50000.0,80.94,151,21197.8,76.0,68.09,3.857,144.13,2.1166,2.0945,47.3,Y
서울,동작구,2018-09,368,48600.0,50000.0,79.4,199,17718.2,70.4,66.37,3.747,125.68,1.8936,1.8087,44.0,Y
서울,동작구,2018-10,489,48186.3,48000.0,78.73,149,22739.6,74.0,72.35,3.682,143.77,1.9872,2.025,48.5,Y
서울,동작구,2018-11,377,47464.2,48000.0,79.62,145,21278.4,71.6,71.04,3.628,135.94,1.9135,1.9806,47.3,Y
서울,동작구,2018-12,523,47350.0,48000.0,78.62,234,16411.4,73.9,63.79,3.636,123.63,1.9381,2.0142,40.2,Y
서울,동작구,2019-01,495,46358.3,46000.0,77.76,215,17457.6,79.3,70.86,3.643,132.28,1.8668,1.8546,40.1,Y
서울,동작구,2019-02,421,46771.4,48000.0,82.36,201,16267.1,72.0,62.14,3.701,122.15,1.9658,1.9778,41.1,Y
서울,동작구,2019-03,417,45281.4,45000.0,78.65,150,15998.8,75.3,64.81,3.771,125.62,1.9383,1.8898,40.0,Y
서울,동작구,2019-04,314,44693.2,43000.0,78.83,119,15917.5,71.1,67.17,3.853,122.17,1.819,1.8889,41.8,Y
서울,동작구,2019-05,315,46277.1,45000.0,82.4,118,18430.9,72.9,73.34,3.853,132.05,1.8004,1.864,44.8,Y
서울,동작구,2019-06,316,43951.3,44000.0,78.82,111,16944.4,75.5,66.78,3.906,130.67,1.9567,1.9434,42.2,Y
서울,동작구,2019-07,315,46341.8,46000.0,80.5,131,18519.4,71.6,68.91,3.853,131.05,1.9018,1.9342,45.4,Y
서울,동작구,2019-08,328,47671.6,48000.0,81.86,135,16631.6,69.6,63.99,3.789,122.08,1.9079,1.942,43.0,Y
서울,동작구,2019-09,271,48224.0,48000.0,80.67,110,19358.0,73.6,72.05,3.728,133.78,1.8568,1.9467,45.0,Y
서울,동작구,2019-10,406,49299.5,48000.0,81.08,122,22143.7,80.5,73.25,3.692,148.61,2.0287,2.0569,45.8,Y
서울,동작구,2019-11,376,50990.1,50000.0,81.41,142,16951.4,87.4,67.23,3.731,140.07,2.0835,1.9989,37.6,Y
서울,동작구,2019-12,416,49772.8,49000.0,79.02,183,19265.4,81.0,64.93,3.667,139.88,2.1545,2.2115,42.1,Y
서울,동작구,2020-01,347,49580.6,49000.0,82.03,159,16289.0,74.4,61.9,3.692,124.5,2.0112,2.0552,40.3,Y
서울,동작구,2020-02,507,49529.1,48000.0,78.55,177,16178.4,78.1,64.95,3.682,127.78,1.9672,2.0395,38.8,Y
서울,동작구,2020-03,369,49338.3,49000.0,78.41,122,17715.9,94.0,67.88,3.703,148.66,2.1899,2.0874,36.8,Y
서울,동작구,2020-04,346,50328.6,48600.0,79.09,128,15278.8,62.0,61.43,3.667,108.65,1.7686,1.7937,43.0,Y
서울,동작구,2020-05,412,49905.5,49000.0,78.05,130,20782.4,69.6,68.07,3.667,133.12,1.9556,1.9459,47.7,Y
서울,동작구,2020-06,420,51455.3,50000.0,79.23,133,21384.8,84.1,72.29,3.661,149.32,2.0657,2.0798,43.7,Y
서울,동작구,2020-07,486,54899.1,55000.0,80.98,201,17693.9,78.2,67.38,3.657,132.12,1.961,1.9342,40.8,Y
서울,동작구,2020-08,375,54918.1,52500.0,81.23,173,22335.4,74.2,65.27,3.614,141.45,2.1672,2.1455,47.6,Y
서울,동작구,2020-09,295,53796.3,51000.0,75.87,160,22801.7,65.3,63.3,3.6,133.74,2.113,2.119,51.1,Y
서울,동작구,2020-10,427,54778.8,53000.0,77.81,158,26842.8,83.3,72.9,3.64,164.69,2.2592,2.265,49.4,Y
서울,동작구,2020-11,394,57778.8,57725.0,77.76,223,23805.6,63.8,68.61,3.6,135.24,1.9712,1.8585,52.8,Y
서울,동작구,2020-12,434,58896.5,57775.0,78.94,202,25971.0,82.8,68.99,3.582,160.33,2.324,2.4143,48.4,Y
서울,동작구,2021-01,447,56825.0,54600.0,79.68,249,23407.7,75.3,63.38,3.554,144.63,2.2821,2.2322,47.9,Y
서울,동작구,2021-02,394,57383.1,54800.0,80.59,199,23263.8,91.7,70.63,3.623,161.92,2.2927,2.4247,43.4,Y
서울,동작구,2021-03,446,56173.6,52500.0,77.53,193,23789.3,82.3,69.75,3.628,154.18,2.2104,2.1521,46.6,Y
서울,동작구,2021-04,402,60364.4,60000.0,78.4,151,25494.6,79.0,71.17,3.6,155.48,2.1846,2.1539,49.2,Y
서울,동작구,2021-05,564,67352.3,65000.0,81.51,240,30227.5,100.8,72.63,3.643,192.52,2.6507,2.5988,47.7,Y
서울,동작구,2021-06,328,64705.6,64500.0,76.72,197,23236.4,96.9,69.05,3.724,168.99,2.4473,2.5074,42.7,Y
서울,동작구,2021-07,295,64669.4,60000.0,75.2,210,22493.2,87.2,61.87,3.605,154.8,2.502,2.4419,43.7,Y
서울,동작구,2021-08,303,67376.0,67000.0,77.75,215,24849.0,95.3,62.51,3.605,169.98,2.7192,2.8785,43.9,Y
서울,동작구,2021-09,221,64381.3,65000.0,77.62,198,21841.1,76.9,58.39,3.605,142.51,2.4409,2.351,46.0,Y
서울,동작구,2021-10,250,66750.0,65000.0,78.78,192,28718.5,96.9,67.56,3.6,183.04,2.7092,2.8348,47.1,Y
서울,동작구,2021-11,277,66938.5,70000.0,76.96,180,26230.7,105.4,68.23,3.709,186.46,2.733,2.8934,43.5,Y
서울,동작구,2021-12,286,66951.2,70000.0,76.67,305,22405.7,81.6,60.88,3.618,149.15,2.4502,2.2854,45.3,Y
서울,동작구,2022-01,275,61595.8,65000.0,73.54,233,23918.8,90.0,63.61,3.692,163.6,2.5722,2.7258,45.0,Y
서울,동작구,2022-02,243,61155.2,61500.0,74.54,266,20997.7,88.1,59.65,3.619,151.48,2.5392,2.4797,41.8,Y
서울,동작구,2022-03,270,60670.7,58400.0,75.84,195,23362.8,100.8,64.42,3.692,172.66,2.6804,2.7455,41.6,Y
서울,동작구,2022-04,269,62348.2,62000.0,76.9,215,28197.9,110.8,71.64,3.675,197.13,2.7517,2.7611,43.8,Y
서울,동작구,2022-05,273,62496.8,60000.0,78.23,184,26967.1,112.0,69.34,3.761,196.56,2.8347,2.8728,43.0,Y
서울,동작구,2022-06,237,66142.6,66150.0,79.92,234,23675.7,90.4,64.16,3.883,166.97,2.6024,2.4965,45.9,Y
서울,동작구,2022-07,233,62593.8,63000.0,77.78,232,23718.4,93.2,66.74,3.895,170.15,2.5494,2.6062,45.2,Y
서울,동작구,2022-08,184,60618.3,60000.0,74.79,216,23993.9,91.1,59.03,4.0,171.11,2.8985,3.2481,46.7,Y
서울,동작구,2022-09,194,62127.5,63000.0,78.31,318,12042.8,69.9,41.81,4.056,110.62,2.6458,2.2884,36.8,Y
서울,동작구,2022-10,268,58467.9,53000.0,76.34,251,18629.1,87.2,58.55,4.114,151.03,2.5795,2.5138,42.3,Y
서울,동작구,2022-11,215,59369.0,60000.0,79.16,245,19725.8,84.3,62.42,4.096,151.59,2.4284,2.3358,44.4,Y
서울,동작구,2022-12,291,54448.4,55000.0,76.87,291,18259.5,90.6,61.86,4.138,153.52,2.4816,2.6192,41.0,Y
서울,동작구,2023-01,298,54566.2,54000.0,77.04,258,18720.8,88.2,63.84,4.319,155.6,2.4372,2.5459,43.3,Y
서울,동작구,2023-02,482,50962.2,50000.0,76.04,266,18876.3,95.0,64.33,4.465,165.21,2.5684,2.674,42.5,Y
서울,동작구,2023-03,511,51346.8,50000.0,77.55,280,21964.8,99.8,73.43,4.64,184.77,2.5163,2.5458,46.0,Y
서울,동작구,2023-04,395,49430.8,50000.0,76.62,174,19979.2,105.9,72.65,4.749,184.98,2.5461,2.4511,42.7,Y
서울,동작구,2023-05,436,51874.0,50000.0,78.71,217,19162.7,98.1,68.51,4.8,174.77,2.5511,2.6991,43.9,Y
서울,동작구,2023-06,370,55444.9,55000.0,79.04,235,19761.4,94.5,70.14,4.736,172.46,2.4588,2.5508,45.2,Y
서울,동작구,2023-07,349,57569.7,55000.0,77.78,198,17768.2,103.3,65.38,4.714,173.06,2.6468,2.6973,40.3,Y
서울,동작구,2023-08,312,57022.3,55750.0,80.02,203,18467.4,101.6,63.81,4.698,173.92,2.7255,2.9359,41.6,Y
서울,동작구,2023-09,330,58199.3,57000.0,78.71,183,19502.2,110.6,67.09,4.588,185.16,2.7598,2.8096,40.3,Y
서울,동작구,2023-10,393,59377.0,58000.0,78.9,193,20365.6,106.9,67.4,4.485,183.03,2.7157,2.7596,41.6,Y
서울,동작구,2023-11,348,59778.8,60000.0,79.34,171,19484.1,110.3,68.26,4.404,181.85,2.6641,2.8642,39.3,Y
서울,동작구,2023-12,337,60933.1,60000.0,77.08,332,17604.0,82.0,56.45,4.436,147.06,2.605,2.8247,44.3,Y
서울,동작구,2024-01,374,58206.1,58000.0,76.48,335,15799.7,77.6,50.11,4.435,135.99,2.7138,2.909,42.9,Y
서울,동작구,2024-02,260,57246.8,55000.0,75.01,207,19526.2,101.2,61.49,4.391,172.69,2.8085,3.0336,41.4,Y
서울,동작구,2024-03,343,60186.4,59000.0,76.58,452,15625.9,76.9,44.13,4.365,133.7,3.0297,3.6858,42.5,Y
서울,동작구,2024-04,273,60736.0,59000.0,74.38,190,18435.9,95.9,59.71,4.364,162.98,2.7296,2.9624,41.1,Y
서울,동작구,2024-05,320,58858.4,57000.0,76.46,191,20863.8,125.6,70.35,4.33,200.91,2.8559,2.8962,37.5,Y
서울,동작구,2024-06,330,61300.8,60750.0,76.55,171,20375.0,101.0,59.05,4.371,175.2,2.9667,3.1264,42.4,Y
서울,동작구,2024-07,345,63700.1,65000.0,77.46,162,21635.0,107.8,65.71,4.4,187.14,2.8479,3.1217,42.4,Y
서울,동작구,2024-08,326,65041.5,65000.0,77.19,159,20144.7,113.0,64.08,4.364,186.21,2.9058,2.9972,39.3,Y
서울,동작구,2024-09,233,62397.4,62000.0,78.73,201,20436.3,89.0,53.51,4.364,163.34,3.0524,3.4,45.5,Y
서울,동작구,2024-10,281,60543.9,60000.0,76.2,192,20023.7,98.7,55.39,4.432,172.66,3.117,3.3369,42.8,Y
서울,동작구,2024-11,341,63385.3,63000.0,78.04,194,20243.7,103.5,61.99,4.38,177.41,2.8621,3.0374,41.6,Y
서울,동작구,2024-12,301,64236.4,65000.0,77.88,204,17923.7,95.0,55.6,4.457,161.62,2.9068,3.1486,41.2,Y
서울,동작구,2025-01,254,63919.6,63000.0,77.62,192,21163.5,117.2,65.66,4.367,194.26,2.9584,3.0532,39.6,Y
서울,동작구,2025-02,324,62387.1,63000.0,77.87,268,13462.1,84.7,46.48,4.471,134.83,2.9007,2.9468,37.2,Y
서울,동작구,2025-03,415,63930.6,63000.0,78.09,220,21090.5,116.9,65.51,4.553,196.93,3.006,3.1043,40.6,Y
서울,동작구,2025-04,269,63857.2,64000.0,75.92,201,18582.5,100.0,61.93,4.54,170.26,2.7493,2.8121,41.3,Y
서울,동작구,2025-05,268,65200.8,65000.0,78.09,202,20267.4,102.2,62.16,4.634,180.44,2.903,3.0119,43.4,Y
서울,동작구,2025-06,359,65343.0,65000.0,78.84,217,18876.9,92.1,61.96,4.53,163.35,2.6362,2.7634,43.6,Y
서울,동작구,2025-07,285,66499.5,66000.0,80.54,189,18977.6,114.0,63.27,4.545,185.87,2.9376,3.2707,38.7,Y
서울,동작구,2025-08,264,67156.9,65000.0,80.28,168,18171.1,120.7,64.91,4.478,188.53,2.9043,3.218,36.0,Y
서울,동작구,2025-09,301,67101.7,67500.0,79.8,148,20595.6,112.1,62.41,4.489,189.14,3.0304,3.2782,40.7,Y
서울,동작구,2025-10,272,71895.5,70000.0,82.6,178,23523.0,119.9,66.33,4.5,208.09,3.1373,3.2991,42.4,Y
서울,동작구,2025-11,253,68099.5,68000.0,81.33,189,23700.7,126.5,69.05,4.545,216.24,3.1315,3.2626,41.5,Y
서울,동작구,2025-12,285,67428.7,67000.0,78.38,224,23032.5,121.6,63.58,4.557,209.05,3.2881,3.4817,41.8,Y
서울,동작구,2026-01,288,69062.2,69500.0,79.21,238,20836.6,124.2,61.13,4.571,203.58,3.3305,3.7719,39.0,Y
서울,동작구,2026-02,278,62780.6,62000.0,70.83,183,25699.4,125.3,63.09,4.5,221.71,3.5144,3.7371,43.5,Y
서울,동작구,2026-03,244,66109.0,65000.0,73.46,233,26107.6,128.3,66.01,4.531,226.9,3.4371,3.5902,43.4,Y
서울,동작구,2026-04,212,68918.5,70000.0,75.32,238,20428.1,116.9,53.81,4.528,193.94,3.6044,3.9489,39.7,Y
서울,동작구,2026-05,199,72451.5,70000.0,79.59,192,25129.5,134.1,62.9,4.633,231.13,3.6745,3.8914,42.0,Y
서울,동작구,2026-06,177,74240.5,75000.0,79.26,159,25658.9,117.6,63.28,4.652,217.03,3.4295,3.7715,45.8,Y
서울,동작구,2026-07,141,75307.6,75000.0,80.52,166,28639.0,137.8,67.13,4.667,249.14,3.7114,3.9236,44.7,Y
서울,동작구,2026-08,138,74184.6,70000.0,79.67,158,27083.0,131.6,62.95,,,,,,Y
서울,동작구,2026-09,92,73347.6,75000.0,77.34,142,19069.8,98.3,45.96,,,,,,Y
서울,마포구,2011-01,447,24374.5,24000.0,80.18,89,7554.6,97.6,68.42,7.357,143.94,2.1037,2.0997,32.2,Y
서울,마포구,2011-02,444,24483.1,25000.0,79.25,98,7052.5,79.0,63.68,7.357,122.24,1.9196,1.9407,35.4,Y
서울,마포구,2011-03,453,23669.1,23500.0,77.2,101,7020.2,78.1,65.02,7.357,121.17,1.8636,1.8656,35.5,Y
서울,마포구,2011-04,367,24625.4,25000.0,80.35,61,8942.8,77.2,67.39,7.357,132.0,1.9587,1.8596,41.5,Y
서울,마포구,2011-05,404,25672.3,25000.0,80.74,88,7019.7,93.2,70.13,7.357,136.24,1.9428,1.9088,31.6,Y
서울,마포구,2011-06,387,25834.7,25000.0,81.06,78,7614.1,84.5,71.86,7.357,131.19,1.8255,2.0013,35.6,Y
서울,마포구,2011-07,397,26456.0,26000.0,79.87,114,8324.4,65.4,61.11,7.286,115.89,1.8964,1.9025,43.6,Y
서울,마포구,2011-08,397,26624.9,27000.0,82.04,87,8345.2,97.3,73.06,7.2,147.35,2.0169,2.1023,34.0,Y
서울,마포구,2011-09,339,26082.5,26000.0,79.4,79,8804.3,85.9,67.45,7.111,138.05,2.0466,2.0246,37.8,Y
서울,마포구,2011-10,408,27074.1,27000.0,80.07,93,8424.5,74.5,66.33,7.087,124.25,1.8732,1.9254,40.0,Y
서울,마포구,2011-11,286,28414.2,29000.0,80.71,54,9790.4,89.6,69.78,7.0,146.68,2.1022,2.0772,38.9,Y
서울,마포구,2011-12,349,28203.5,28000.0,79.86,66,8178.8,89.7,63.62,7.0,137.41,2.1597,2.2268,34.7,Y
서울,마포구,2012-01,397,28943.6,29000.0,81.03,87,9778.0,96.5,70.77,6.984,153.43,2.1681,2.1341,37.1,Y
서울,마포구,2012-02,454,28285.7,27750.0,80.43,83,8942.2,104.8,71.14,6.909,156.33,2.1975,2.1683,32.9,Y
서울,마포구,2012-03,442,28305.7,27000.0,80.84,136,8214.4,63.9,63.11,6.904,111.17,1.7615,1.7425,42.5,Y
서울,마포구,2012-04,323,27296.9,26500.0,79.05,77,8319.3,91.8,68.47,6.857,139.34,2.0352,1.9962,34.1,Y
서울,마포구,2012-05,345,28372.4,27000.0,80.36,80,9478.4,97.7,75.28,6.857,151.89,2.0175,2.0505,35.7,Y
서울,마포구,2012-06,315,28063.7,28000.0,81.44,69,8590.3,81.4,68.97,6.786,130.0,1.8848,1.9105,37.4,Y
서울,마포구,2012-07,316,28533.5,28000.0,78.33,67,9639.6,96.0,75.72,6.786,150.54,1.988,1.98,36.2,Y
서울,마포구,2012-08,377,25800.6,25000.0,78.51,115,8204.6,69.9,64.8,6.706,115.8,1.7869,1.7191,39.6,Y
서울,마포구,2012-09,517,23533.6,24000.0,75.51,104,9643.7,74.8,68.66,6.667,128.37,1.8696,1.7437,41.7,Y
서울,마포구,2012-10,394,27705.9,27000.0,80.29,114,7491.9,79.7,62.07,6.575,120.79,1.9461,1.9011,34.0,Y
서울,마포구,2012-11,396,27445.9,27500.0,79.16,89,7242.2,72.5,59.48,6.545,111.96,1.8825,1.8195,35.3,Y
서울,마포구,2012-12,555,26312.3,25000.0,79.39,133,7308.7,62.0,59.8,6.571,102.05,1.7066,1.6181,39.2,Y
서울,마포구,2013-01,539,29195.6,28500.0,80.89,136,10023.0,84.6,67.34,6.514,139.04,2.0649,2.0367,39.1,Y
서울,마포구,2013-02,477,29126.0,29000.0,80.35,134,10285.7,82.3,66.27,6.492,137.97,2.082,1.9917,40.3,Y
서울,마포구,2013-03,480,29840.0,30000.0,79.64,125,11029.3,90.5,70.26,6.429,149.6,2.1293,2.0415,39.5,Y
서울,마포구,2013-04,319,30576.8,30000.0,81.79,132,11054.8,83.3,70.26,6.353,141.86,2.0192,2.0204,41.3,Y
서울,마포구,2013-05,349,30244.0,29000.0,82.18,113,10814.3,81.0,69.73,6.376,138.5,1.9862,1.9529,41.5,Y
서울,마포구,2013-06,349,30969.0,30000.0,82.67,104,11766.3,86.7,73.32,6.261,148.11,2.0199,2.0383,41.4,Y
서울,마포구,2013-07,279,29822.2,30000.0,80.71,116,8829.8,76.0,63.43,6.241,121.97,1.9227,1.8756,37.7,Y
서울,마포구,2013-08,295,31750.9,32000.0,83.82,120,11164.2,90.2,74.62,6.1,146.94,1.969,2.0174,38.6,Y
서울,마포구,2013-09,277,30863.7,30000.0,80.41,113,12039.1,85.8,71.06,6.001,146.03,2.0548,2.0611,41.2,Y
서울,마포구,2013-10,341,32612.5,32000.0,80.71,116,15672.5,81.0,75.61,6.0,159.35,2.1075,2.1774,49.2,Y
서울,마포구,2013-11,287,32869.0,32000.0,81.86,90,11845.0,85.9,67.47,6.0,145.09,2.1506,2.2468,40.8,Y
서울,마포구,2013-12,344,34607.5,34000.0,83.65,123,11953.4,83.5,71.21,6.0,143.26,2.0118,2.0492,41.7,Y
서울,마포구,2014-01,362,33887.6,33000.0,81.74,156,13716.0,80.5,70.17,6.0,149.06,2.1243,2.1208,46.0,Y
서울,마포구,2014-02,444,33972.3,32000.0,81.04,148,13591.5,79.3,67.34,6.0,147.26,2.1867,2.2482,46.1,Y
서울,마포구,2014-03,436,32446.4,32750.0,78.59,210,11770.7,67.3,65.95,6.0,126.18,1.9134,2.0018,46.6,Y
서울,마포구,2014-04,305,33856.9,33000.0,80.65,128,14147.2,87.7,74.05,6.0,158.42,2.1394,2.1101,44.6,Y
서울,마포구,2014-05,350,34082.4,33000.0,79.85,98,10560.8,80.4,65.79,6.0,133.25,2.0254,2.0556,39.6,Y
서울,마포구,2014-06,344,32290.0,32000.0,75.43,104,13756.5,86.9,74.72,5.988,155.57,2.082,2.1218,44.1,Y
서울,마포구,2014-07,371,32988.2,32500.0,75.59,128,11858.8,81.5,67.86,5.87,139.5,2.0558,2.004,41.6,Y
서울,마포구,2014-08,475,32973.6,34000.0,79.57,166,13157.5,71.8,63.03,5.735,134.64,2.1359,2.1424,46.7,Y
서울,마포구,2014-09,527,31945.0,32000.0,79.41,149,13004.3,78.1,66.34,5.715,140.04,2.111,2.0948,44.2,Y
서울,마포구,2014-10,510,34357.6,35000.0,79.4,194,12216.8,82.7,67.67,5.69,140.58,2.0775,2.0975,41.2,Y
서울,마포구,2014-11,501,34232.2,35000.0,78.15,199,12854.2,84.2,71.04,5.581,143.95,2.0262,2.0509,41.5,Y
서울,마포구,2014-12,631,32744.9,34000.0,79.62,204,12207.5,79.8,67.41,5.538,136.18,2.0202,2.0147,41.4,Y
서울,마포구,2015-01,514,35695.7,35000.0,81.2,321,15678.0,85.5,70.59,5.5,157.41,2.2298,2.2597,45.7,Y
서울,마포구,2015-02,425,35213.9,35000.0,79.33,193,17335.2,78.8,70.78,5.451,157.53,2.2258,2.1837,50.0,Y
서울,마포구,2015-03,454,35592.6,35000.0,80.14,288,16930.3,85.9,74.07,5.226,159.66,2.1557,2.1301,46.2,Y
서울,마포구,2015-04,370,37047.1,35000.0,82.19,236,17780.5,88.9,75.59,5.143,165.07,2.1839,2.1775,46.2,Y
서울,마포구,2015-05,289,35252.3,35000.0,77.56,200,17893.6,84.7,72.44,5.143,161.39,2.2278,2.2103,47.5,Y
서울,마포구,2015-06,246,37044.5,35000.0,80.24,186,16666.1,88.3,72.0,5.143,159.76,2.2189,2.2221,44.7,Y
서울,마포구,2015-07,264,34589.1,34000.0,76.17,201,15005.1,84.1,68.7,5.143,148.41,2.1602,2.167,43.3,Y
서울,마포구,2015-08,263,35157.4,34000.0,73.87,169,15021.7,82.5,67.14,5.134,146.72,2.1852,2.1844,43.8,Y
서울,마포구,2015-09,245,36157.1,36000.0,76.75,144,17183.5,78.1,71.31,5.053,150.43,2.1096,2.134,48.1,Y
서울,마포구,2015-10,272,37421.4,38000.0,77.29,172,17848.9,78.9,70.33,4.963,152.69,2.1711,2.1831,48.3,Y
서울,마포구,2015-11,262,40045.9,39000.0,78.8,165,19925.1,69.8,70.7,4.8,149.48,2.1141,2.1757,53.3,Y
서울,마포구,2015-12,272,39331.7,40000.0,75.36,175,19084.2,80.6,72.44,4.8,156.9,2.1658,2.177,48.7,Y
서울,마포구,2016-01,300,40265.9,39975.0,77.86,209,21388.2,74.8,70.62,4.662,157.85,2.2351,2.1974,52.6,Y
서울,마포구,2016-02,260,40421.1,40000.0,79.22,219,19647.0,75.2,70.22,4.569,150.0,2.136,2.1424,49.9,Y
서울,마포구,2016-03,351,40698.2,40000.0,78.3,256,20068.4,67.9,70.55,4.5,143.21,2.0299,2.046,52.6,Y
서울,마포구,2016-04,264,41808.8,40250.0,78.82,174,19473.9,86.1,72.82,4.475,158.69,2.1791,2.1774,45.8,Y
서울,마포구,2016-05,254,40866.0,40000.0,78.25,178,19174.9,85.9,72.12,4.431,156.7,2.1728,2.2107,45.2,Y
서울,마포구,2016-06,237,39617.8,39000.0,74.27,178,17963.2,68.4,64.16,4.364,133.73,2.0843,1.9897,48.8,Y
서울,마포구,2016-07,265,41355.1,40000.0,75.93,154,21233.4,84.9,73.19,4.364,162.07,2.2145,2.1941,47.6,Y
서울,마포구,2016-08,310,40260.9,40000.0,77.75,212,22629.7,72.9,72.24,4.286,153.68,2.1274,2.1042,52.6,Y
서울,마포구,2016-09,363,39242.7,38000.0,77.05,210,22943.0,85.5,75.74,4.235,166.5,2.1984,2.2051,48.6,Y
서울,마포구,2016-10,324,42187.9,40000.0,74.15,258,24237.8,78.4,72.25,4.217,163.56,2.2638,2.2953,52.1,Y
서울,마포구,2016-11,347,42628.9,42000.0,75.36,232,23033.0,81.7,73.93,4.138,161.11,2.1792,2.2238,49.3,Y
서울,마포구,2016-12,415,41213.8,41000.0,77.52,257,21547.1,79.7,72.22,4.114,153.61,2.127,2.1201,48.1,Y
서울,마포구,2017-01,360,42950.0,43000.0,75.59,215,19294.2,78.8,68.4,4.0,143.15,2.0929,2.09,44.9,Y
서울,마포구,2017-02,446,42735.4,42000.0,75.05,283,19779.2,69.7,66.77,4.0,135.62,2.0311,2.0559,48.6,Y
서울,마포구,2017-03,407,43574.9,44000.0,76.21,263,20508.6,82.5,72.37,4.0,150.83,2.084,2.0883,45.3,Y
서울,마포구,2017-04,341,43700.9,43000.0,77.18,168,20079.4,77.1,70.38,3.957,143.28,2.0356,2.0465,46.2,Y
서울,마포구,2017-05,354,44516.3,43250.0,76.89,181,18600.0,87.9,74.65,3.918,148.62,1.991,2.003,40.9,Y
서울,마포구,2017-06,361,43057.3,44000.0,74.2,189,19133.8,86.3,72.06,3.923,148.85,2.0657,2.0419,42.0,Y
서울,마포구,2017-07,356,45115.6,45000.0,76.58,173,15891.4,82.7,68.51,3.918,134.58,1.9645,1.988,38.6,Y
서울,마포구,2017-08,336,43952.2,43000.0,74.28,165,19184.2,85.5,70.53,3.874,147.48,2.0909,2.0728,42.0,Y
서울,마포구,2017-09,365,44687.5,45000.0,76.66,197,18143.5,78.4,68.7,3.871,136.92,1.993,1.9551,42.7,Y
서울,마포구,2017-10,315,42623.3,42000.0,74.6,137,19080.5,94.1,73.24,3.899,156.08,2.1311,2.0595,39.7,Y
서울,마포구,2017-11,305,45677.3,45000.0,75.14,179,16737.8,84.0,67.45,3.886,138.16,2.0484,2.0424,39.2,Y
서울,마포구,2017-12,388,43815.2,41750.0,74.14,214,19439.8,80.6,67.35,3.857,143.08,2.1244,2.1058,43.7,Y
서울,마포구,2018-01,467,47623.7,48000.0,76.52,234,16303.9,82.4,64.02,3.879,135.11,2.1104,2.1656,39.0,Y
서울,마포구,2018-02,431,47492.9,46000.0,75.7,207,18778.8,82.5,66.54,3.883,143.29,2.1535,2.1534,42.4,Y
서울,마포구,2018-03,544,46404.0,46000.0,76.95,250,18384.9,77.6,68.4,3.947,138.09,2.0188,2.0344,43.8,Y
서울,마포구,2018-04,362,47519.5,46000.0,77.59,162,16392.7,87.9,67.07,3.921,141.41,2.1084,2.0601,37.9,Y
서울,마포구,2018-05,348,47478.5,48000.0,77.62,143,20034.7,77.4,68.41,3.927,142.99,2.0903,2.1162,45.9,Y
서울,마포구,2018-06,342,46813.1,46000.0,76.72,142,17214.7,82.6,65.76,3.949,139.27,2.1176,2.0801,40.7,Y
서울,마포구,2018-07,354,47814.9,47000.0,75.37,144,16505.4,84.1,65.82,3.965,138.6,2.1057,2.0905,39.4,Y
서울,마포구,2018-08,456,45839.1,46250.0,74.41,190,20276.2,86.8,71.05,3.892,152.51,2.1466,2.1152,43.1,Y
서울,마포구,2018-09,526,44326.1,45000.0,75.62,171,19655.7,84.5,69.77,3.818,147.06,2.1079,2.0492,42.5,Y
서울,마포구,2018-10,515,48671.4,50000.0,74.37,183,19947.7,90.1,72.19,3.853,154.13,2.1349,2.1887,41.6,Y
서울,마포구,2018-11,458,49183.6,50000.0,76.19,195,19104.4,76.3,67.52,3.897,138.36,2.0493,2.0758,44.8,Y
서울,마포구,2018-12,566,44581.0,45000.0,75.64,236,17393.1,76.1,63.88,3.879,132.29,2.0709,2.0196,42.5,Y
서울,마포구,2019-01,490,46239.0,47000.0,71.66,218,17333.2,86.5,63.16,3.9,142.81,2.2611,2.3101,39.4,Y
서울,마포구,2019-02,456,46335.2,46000.0,72.81,216,15867.2,86.2,67.9,3.927,138.15,2.0345,1.9853,37.6,Y
서울,마포구,2019-03,435,46800.7,46000.0,75.06,204,19225.5,90.6,70.89,3.918,153.41,2.1642,2.1286,40.9,Y
서울,마포구,2019-04,362,47950.5,48000.0,76.13,147,17667.9,89.0,72.53,3.999,147.87,2.0387,1.9999,39.8,Y
서울,마포구,2019-05,379,47950.4,48000.0,76.91,152,17299.1,88.6,71.25,3.988,146.05,2.0499,2.1149,39.4,Y
서울,마포구,2019-06,390,46725.9,45500.0,74.52,188,19010.9,95.8,75.33,4.0,159.17,2.113,2.1347,39.8,Y
서울,마포구,2019-07,466,49572.3,49750.0,75.74,153,17346.6,89.5,68.38,3.976,147.02,2.15,2.1572,39.1,Y
서울,마포구,2019-08,451,49569.5,50000.0,74.1,203,17912.5,78.1,68.64,3.938,136.84,1.9936,1.9403,43.0,Y
서울,마포구,2019-09,454,48927.9,50000.0,73.57,179,16834.7,86.9,70.67,3.999,142.98,2.0231,1.9686,39.2,Y
서울,마포구,2019-10,535,49319.8,50000.0,75.13,212,18660.4,86.5,70.81,3.918,147.38,2.0814,1.9704,41.3,Y
서울,마포구,2019-11,526,49415.7,49000.0,74.4,225,16612.9,83.5,69.76,3.84,136.66,1.959,1.8893,38.9,Y
서울,마포구,2019-12,548,50181.3,50000.0,75.66,255,19469.9,90.6,71.01,3.83,152.77,2.1512,2.1419,40.7,Y
서울,마포구,2020-01,494,48995.3,49000.0,72.98,230,17936.5,91.4,66.52,3.81,148.31,2.2295,2.2356,38.4,Y
서울,마포구,2020-02,545,50516.5,50000.0,74.17,207,20434.3,85.9,66.84,3.818,150.94,2.2582,2.3054,43.1,Y
서울,마포구,2020-03,453,44448.4,44400.0,70.42,264,15036.5,62.9,62.42,3.818,110.71,1.7737,1.4783,43.2,Y
서울,마포구,2020-04,375,47571.1,45000.0,73.83,372,11855.1,55.5,44.2,3.892,93.93,2.1251,2.4985,40.9,Y
서울,마포구,2020-05,389,49869.2,50000.0,76.09,224,14713.6,68.3,57.27,3.874,115.77,2.0214,1.849,41.0,Y
서울,마포구,2020-06,486,52550.6,51000.0,75.0,192,18965.3,84.6,63.44,3.858,145.53,2.2941,2.428,41.9,Y
서울,마포구,2020-07,506,54933.6,52750.0,75.63,260,16718.8,89.3,60.16,3.818,142.45,2.3677,2.3994,37.3,Y
서울,마포구,2020-08,497,52203.3,51450.0,74.19,291,17210.5,72.7,56.24,3.84,127.82,2.2728,2.4431,43.1,Y
서울,마포구,2020-09,444,47365.2,47000.0,72.08,243,20372.1,82.0,65.73,3.835,147.12,2.2381,2.2605,44.2,Y
서울,마포구,2020-10,453,57235.2,55650.0,75.64,1348,7919.2,35.8,27.03,3.787,60.79,2.249,2.3854,41.1,Y
서울,마포구,2020-11,430,58214.4,56600.0,76.33,220,22673.9,93.7,67.61,3.738,164.34,2.4307,2.4681,43.0,Y
서울,마포구,2020-12,539,52264.0,51000.0,72.14,315,18863.0,70.8,59.56,3.825,130.89,2.1974,2.0899,45.9,Y
서울,마포구,2021-01,491,55217.5,55000.0,72.52,291,19665.9,88.3,61.83,3.854,151.49,2.4502,2.4898,41.7,Y
서울,마포구,2021-02,394,57193.7,54800.0,73.67,249,22733.4,83.3,63.45,3.908,157.37,2.4805,2.5025,47.0,Y
서울,마포구,2021-03,476,59179.4,57750.0,74.25,271,17441.7,83.3,59.65,4.009,141.54,2.3731,2.4318,41.2,Y
서울,마포구,2021-04,408,60316.6,58000.0,76.3,243,23297.7,92.7,65.78,4.09,172.12,2.6167,2.5141,46.1,Y
서울,마포구,2021-05,504,59498.3,58700.0,73.77,277,23610.1,101.2,65.27,4.0,179.87,2.756,2.7332,43.8,Y
서울,마포구,2021-06,405,65214.0,63000.0,73.49,374,20291.6,120.6,65.17,3.893,186.47,2.8613,2.8713,35.3,Y
서울,마포구,2021-07,365,64637.9,61000.0,70.53,358,16185.4,107.4,59.37,3.956,160.76,2.7079,2.778,33.2,Y
서울,마포구,2021-08,339,64098.5,61000.0,73.72,481,12686.2,71.1,57.59,4.04,113.79,1.9759,1.4203,37.5,Y
서울,마포구,2021-09,275,57480.7,55000.0,69.27,325,13458.2,75.0,53.24,4.077,120.73,2.2675,2.105,37.9,Y
서울,마포구,2021-10,314,61342.1,55000.0,72.42,403,15283.7,88.8,60.75,4.235,142.7,2.3492,1.9204,37.8,Y
서울,마포구,2021-11,375,61922.6,56000.0,69.69,286,21147.7,100.9,62.43,4.356,177.7,2.8465,2.7389,43.2,Y
서울,마포구,2021-12,321,63000.1,57700.0,72.1,479,19554.0,99.4,62.57,4.364,170.54,2.7255,2.4606,41.7,Y
서울,마포구,2022-01,317,60817.8,58000.0,71.96,387,19449.6,102.0,57.28,4.32,172.01,3.003,2.8723,40.7,Y
서울,마포구,2022-02,346,62457.9,60000.0,71.39,338,18166.5,108.4,60.26,4.32,173.76,2.8835,2.7841,37.6,Y
서울,마포구,2022-03,351,52514.9,50000.0,67.54,389,17192.1,88.2,58.94,4.364,150.67,2.5564,2.5551,41.5,Y
서울,마포구,2022-04,318,60557.0,58800.0,71.03,341,15646.8,120.1,59.94,4.32,176.42,2.9432,3.0125,31.9,Y
서울,마포구,2022-05,280,63183.3,60000.0,73.11,395,12794.0,106.6,55.3,4.21,151.5,2.7394,2.7564,29.6,Y
서울,마포구,2022-06,309,61865.0,57750.0,72.37,337,16967.0,100.9,57.56,4.232,160.69,2.7916,2.7,37.2,Y
서울,마포구,2022-07,223,61214.1,59800.0,71.43,293,17596.8,119.3,61.27,4.235,181.43,2.9611,2.9647,34.2,Y
서울,마포구,2022-08,297,55466.5,57000.0,70.47,282,19332.6,117.9,63.31,4.21,185.73,2.9335,2.9696,36.5,Y
서울,마포구,2022-09,318,50187.3,48000.0,70.69,266,19404.8,120.2,63.59,4.203,188.16,2.959,3.091,36.1,Y
서울,마포구,2022-10,277,59956.2,58000.0,73.49,331,22100.1,140.2,68.02,4.186,217.32,3.1949,3.1649,35.5,Y
서울,마포구,2022-11,284,53583.0,53000.0,70.23,357,15746.5,105.1,57.21,4.258,160.93,2.8131,2.6899,34.7,Y
서울,마포구,2022-12,477,51549.5,54600.0,70.66,647,17389.0,99.4,58.47,4.367,162.71,2.7828,2.6456,38.9,Y
서울,마포구,2023-01,539,50253.0,53500.0,70.42,829,11586.6,71.1,40.34,4.5,114.57,2.8399,2.6604,37.9,Y
서울,마포구,2023-02,494,52634.7,53000.0,71.22,525,16729.8,107.1,58.64,4.68,172.33,2.9388,2.9138,37.9,Y
서울,마포구,2023-03,549,55283.2,55000.0,73.13,428,14127.0,119.6,57.86,4.8,176.12,3.0441,2.8412,32.1,Y
서울,마포구,2023-04,471,57069.4,56000.0,75.9,373,15300.2,115.8,60.33,4.897,178.21,2.9538,2.9655,35.0,Y
서울,마포구,2023-05,431,57550.0,55000.0,73.85,318,15688.1,124.0,59.19,4.811,186.86,3.1571,3.0971,33.7,Y
서울,마포구,2023-06,367,56211.4,55000.0,75.21,778,13156.9,65.1,40.4,4.8,117.76,2.9148,3.1891,44.7,Y
서울,마포구,2023-07,401,58307.0,58000.0,74.07,421,15769.1,119.1,56.06,4.8,182.16,3.2495,3.3222,34.6,Y
서울,마포구,2023-08,392,59688.2,57000.0,74.2,333,17056.7,123.2,59.7,4.8,191.46,3.2072,3.1719,35.6,Y
서울,마포구,2023-09,355,56307.4,55000.0,72.73,321,15465.5,111.0,57.54,4.75,172.17,2.992,2.8989,35.6,Y
서울,마포구,2023-10,404,60177.4,57000.0,74.16,369,15001.7,117.8,63.47,4.633,175.69,2.7682,2.6945,33.0,Y
서울,마포구,2023-11,384,60827.2,60000.0,73.82,286,18617.1,131.4,61.56,4.629,203.18,3.3007,3.3473,35.3,Y
서울,마포구,2023-12,423,63969.0,62000.0,75.16,419,19909.7,106.1,59.84,4.618,182.7,3.053,2.9516,41.9,Y
서울,마포구,2024-01,377,61254.0,58000.0,71.62,442,17186.9,107.0,59.41,4.605,172.98,2.9115,3.0085,38.1,Y
서울,마포구,2024-02,275,58397.7,57000.0,69.91,304,16348.7,128.3,60.12,4.6,190.98,3.1766,3.2427,32.8,Y
서울,마포구,2024-03,428,57678.2,57000.0,72.06,429,14887.8,97.6,58.54,4.678,155.59,2.6581,2.5563,37.3,Y
서울,마포구,2024-04,294,63785.2,60000.0,74.39,279,18577.2,134.8,62.43,4.705,207.69,3.3266,3.366,35.1,Y
서울,마포구,2024-05,351,60728.0,60000.0,71.3,329,15874.7,111.1,58.37,4.737,173.79,2.9773,3.048,36.1,Y
서울,마포구,2024-06,338,64642.2,61000.0,73.87,278,19653.3,141.1,62.03,4.675,217.68,3.5094,3.4849,35.2,Y
서울,마포구,2024-07,335,68736.5,66000.0,76.65,241,18482.3,140.6,61.69,4.667,212.46,3.4439,3.406,33.8,Y
서울,마포구,2024-08,392,61514.5,62000.0,72.63,288,16092.7,145.4,62.67,4.653,207.84,3.3163,3.2754,30.0,Y
서울,마포구,2024-09,338,55008.1,56500.0,73.05,253,22195.4,115.1,61.7,4.616,200.42,3.2486,3.1944,42.6,Y
서울,마포구,2024-10,327,65642.5,63630.0,74.94,277,19488.6,128.1,59.47,4.6,202.8,3.41,3.2764,36.8,Y
서울,마포구,2024-11,316,66232.7,63000.0,72.86,231,19914.4,158.8,64.67,4.596,235.04,3.6347,3.6574,32.4,Y
서울,마포구,2024-12,366,61704.3,62000.0,71.66,359,16799.9,117.1,56.16,4.606,181.58,3.2331,3.1675,35.5,Y
서울,마포구,2025-01,266,63580.8,62000.0,72.88,332,14808.8,113.4,52.75,4.611,170.29,3.2282,3.1463,33.4,Y
서울,마포구,2025-02,355,66894.2,65000.0,75.6,310,17113.1,138.2,62.5,4.679,204.95,3.2789,3.1783,32.6,Y
서울,마포구,2025-03,387,68194.6,65000.0,75.1,327,17283.1,120.4,57.15,4.76,188.94,3.3062,3.0827,36.3,Y
서울,마포구,2025-04,335,69111.1,70000.0,73.73,348,16252.0,144.4,60.82,4.8,209.38,3.4427,3.3395,31.0,Y
서울,마포구,2025-05,357,66882.2,65000.0,72.81,303,19887.9,125.6,59.99,4.751,204.33,3.4058,3.4075,38.5,Y
서울,마포구,2025-06,350,71709.1,70000.0,75.86,278,18539.8,153.2,61.93,4.731,226.28,3.6536,3.4234,32.3,Y
서울,마포구,2025-07,300,68469.5,67750.0,77.3,294,20317.9,147.2,64.76,4.688,226.59,3.4989,3.4823,35.0,Y
서울,마포구,2025-08,307,67230.4,65000.0,73.66,288,15301.0,154.3,57.47,4.673,213.93,3.7222,3.8083,27.9,Y
서울,마포구,2025-09,336,67299.9,65500.0,73.58,283,20597.0,134.7,64.84,4.714,215.57,3.3249,3.0872,37.5,Y
서울,마포구,2025-10,298,69445.5,70000.0,72.96,334,15787.0,134.3,61.39,4.714,196.31,3.1975,3.0436,31.6,Y
서울,마포구,2025-11,365,69136.5,70000.0,70.06,318,19873.2,161.0,61.21,4.727,239.25,3.909,3.8761,32.7,Y
서울,마포구,2025-12,340,71238.9,70000.0,74.36,338,19248.6,148.1,60.4,4.765,224.58,3.718,3.6517,34.0,Y
서울,마포구,2026-01,313,68908.5,70000.0,74.67,385,21247.4,160.5,61.72,4.78,245.12,3.9712,3.8313,34.5,Y
서울,마포구,2026-02,231,67211.3,67000.0,69.3,217,19703.2,163.4,57.7,4.8,242.2,4.1974,4.0327,32.5,Y
서울,마포구,2026-03,259,74641.4,70000.0,76.17,353,18450.4,142.6,58.45,4.8,216.37,3.7019,3.5962,34.1,Y
서울,마포구,2026-04,218,74004.9,70000.0,74.38,313,18019.8,159.6,64.2,4.773,231.28,3.6026,3.5316,31.0,Y
서울,마포구,2026-05,183,74754.8,70000.0,75.77,255,20512.6,155.2,59.86,4.8,237.25,3.9632,3.8154,34.6,Y
서울,마포구,2026-06,195,73293.4,68000.0,72.65,287,19300.2,163.1,59.55,4.785,240.01,4.0304,4.0019,32.1,Y
서울,마포구,2026-07,204,74134.6,69000.0,74.96,245,18481.5,189.2,63.29,4.8,263.09,4.1566,4.0387,28.1,Y
서울,마포구,2026-08,199,76120.4,72400.0,74.11,207,19870.7,185.8,62.12,,,,,,Y
서울,마포구,2026-09,107,76708.2,75000.0,75.01,112,20671.9,170.9,61.91,,,,,,Y
서울,서대문구,2011-01,276,19418.2,19000.0,77.53,55,6492.9,67.5,62.68,7.2,106.41,1.6976,1.7494,36.6,Y
서울,서대문구,2011-02,269,20379.3,20000.0,77.92,59,5417.4,56.9,66.01,7.2,89.44,1.355,1.5153,36.3,Y
서울,서대문구,2011-03,280,20010.1,19750.0,78.41,70,7168.4,58.9,64.03,7.2,101.94,1.592,1.6148,42.2,Y
서울,서대문구,2011-04,225,19911.1,20000.0,77.97,46,8423.0,55.7,66.92,7.2,106.28,1.5881,1.6827,47.6,Y
서울,서대문구,2011-05,190,20898.4,21000.0,76.13,48,6798.4,59.3,60.53,7.2,100.1,1.6537,1.7229,40.7,Y
서울,서대문구,2011-06,211,20268.9,20000.0,75.02,47,6685.5,65.0,65.49,7.2,105.11,1.6051,1.6508,38.2,Y
서울,서대문구,2011-07,210,19465.4,20000.0,71.85,47,6570.5,59.5,64.62,7.241,99.18,1.5349,1.6291,40.0,Y
서울,서대문구,2011-08,228,21824.9,21000.0,77.15,56,6710.7,68.4,65.57,7.2,108.64,1.6569,1.5777,37.1,Y
서울,서대문구,2011-09,226,22259.6,21000.0,78.8,41,7622.9,68.7,69.25,7.329,115.21,1.6637,1.7132,40.4,Y
서울,서대문구,2011-10,190,21137.7,21000.0,75.4,42,10044.9,60.9,68.63,7.2,121.17,1.7656,1.8041,49.7,Y
서울,서대문구,2011-11,165,21366.1,21000.0,76.21,43,9392.0,63.5,66.31,7.111,119.17,1.7972,1.7649,46.7,Y
서울,서대문구,2011-12,181,22540.6,21000.0,78.35,34,7129.0,80.4,63.02,7.0,121.94,1.935,1.9723,34.1,Y
서울,서대문구,2012-01,196,22371.4,22000.0,80.04,39,7346.0,71.1,65.21,6.911,113.43,1.7395,1.6603,37.3,Y
서울,서대문구,2012-02,268,22162.3,21250.0,78.81,48,6431.2,60.4,60.21,7.017,98.05,1.6285,1.538,38.4,Y
서울,서대문구,2012-03,259,21836.4,21500.0,77.41,56,7518.8,68.7,63.23,6.857,111.68,1.7663,1.8704,38.5,Y
서울,서대문구,2012-04,200,19938.4,20000.0,71.67,43,6759.9,57.8,58.89,6.94,96.91,1.6456,1.6479,40.3,Y
서울,서대문구,2012-05,203,20575.4,20000.0,76.01,39,6600.6,66.6,63.37,6.93,104.71,1.6524,1.6584,36.4,Y
서울,서대문구,2012-06,211,21933.5,21000.0,75.27,38,7135.1,70.8,62.82,6.857,111.54,1.7753,1.7743,36.6,Y
서울,서대문구,2012-07,198,21600.2,22000.0,75.47,43,5266.4,64.7,58.09,6.857,94.77,1.6313,1.6201,31.8,Y
서울,서대문구,2012-08,245,22273.2,23000.0,79.27,46,6400.3,65.5,60.03,6.881,102.2,1.7024,1.6402,35.9,Y
서울,서대문구,2012-09,325,22913.3,23000.0,79.95,46,8315.1,68.3,70.75,7.04,117.13,1.6555,1.6036,41.6,Y
서울,서대문구,2012-10,370,22654.1,23000.0,78.4,106,5238.4,48.5,54.47,6.895,78.62,1.4433,1.319,38.3,Y
서울,서대문구,2012-11,330,22317.2,23000.0,78.56,114,5215.8,45.4,55.43,6.821,75.1,1.3547,1.0599,39.5,Y
서울,서대문구,2012-12,310,23820.8,23350.0,81.35,82,7370.8,69.1,67.71,6.86,111.24,1.643,1.6996,37.9,Y
서울,서대문구,2013-01,258,23238.6,23000.0,80.43,92,7284.7,72.9,67.61,6.711,113.66,1.6811,1.6958,35.8,Y
서울,서대문구,2013-02,234,23081.0,23000.0,79.13,75,7080.2,72.3,65.2,6.75,112.11,1.7195,1.7256,35.5,Y
서울,서대문구,2013-03,228,22125.0,21000.0,76.26,67,8872.4,75.3,72.38,6.75,125.16,1.7292,1.6519,39.9,Y
서울,서대문구,2013-04,190,23048.6,22000.0,79.72,42,7696.4,65.0,65.32,6.75,108.29,1.6579,1.7551,40.0,Y
서울,서대문구,2013-05,179,22552.4,22000.0,76.43,44,10511.4,63.5,73.4,6.667,121.94,1.6614,1.7025,47.9,Y
서울,서대문구,2013-06,174,23806.2,23000.0,76.85,47,7944.2,62.3,64.34,6.54,105.57,1.6409,1.6584,41.0,Y
서울,서대문구,2013-07,152,23084.7,22750.0,73.92,50,6220.2,65.1,59.1,6.473,98.61,1.6685,1.6532,34.0,Y
서울,서대문구,2013-08,185,24685.1,23000.0,79.05,47,9020.7,73.7,70.41,6.34,121.32,1.7229,1.6563,39.3,Y
서울,서대문구,2013-09,167,25915.4,25000.0,79.82,53,9248.9,66.0,66.06,6.323,114.77,1.7375,1.6463,42.5,Y
서울,서대문구,2013-10,168,23937.4,24000.0,78.27,63,9181.5,62.3,67.47,6.26,110.23,1.6336,1.6282,43.5,Y
서울,서대문구,2013-11,174,24264.5,24900.0,76.73,76,8888.2,59.9,63.47,6.4,107.31,1.6909,1.6346,44.2,Y
서울,서대문구,2013-12,155,26273.2,25000.0,79.2,56,9532.0,72.0,68.51,6.316,122.15,1.7831,1.8011,41.1,Y
서울,서대문구,2014-01,195,25872.4,25000.0,79.87,89,10357.9,63.9,60.43,6.223,117.65,1.947,1.99,45.7,Y
서울,서대문구,2014-02,249,24924.9,25000.0,77.37,82,8756.2,57.4,59.9,6.0,101.13,1.6884,1.7512,43.3,Y
서울,서대문구,2014-03,237,24999.4,25000.0,76.9,82,8693.5,75.0,63.21,6.0,118.47,1.8742,1.7188,36.7,Y
서울,서대문구,2014-04,196,25200.7,24500.0,74.3,74,9964.0,59.9,64.7,6.0,109.68,1.6953,1.6475,45.4,Y
서울,서대문구,2014-05,190,24913.5,25000.0,77.32,74,6282.6,56.2,52.97,6.0,87.63,1.6544,1.5378,35.8,Y
서울,서대문구,2014-06,174,25880.2,25250.0,78.02,57,7098.6,66.4,61.07,5.948,101.59,1.6636,1.618,34.6,Y
서울,서대문구,2014-07,196,25634.2,25000.0,77.14,75,10389.6,65.7,65.46,6.0,117.69,1.7979,1.8292,44.1,Y
서울,서대문구,2014-08,236,27448.9,27000.0,79.2,77,10853.3,64.1,69.1,6.0,118.4,1.7135,1.7363,45.8,Y
서울,서대문구,2014-09,230,27948.0,27000.0,77.64,84,12600.2,57.9,69.7,5.887,119.69,1.7172,1.725,51.6,Y
서울,서대문구,2014-10,344,28751.6,29000.0,77.63,92,13568.9,64.0,71.81,5.858,130.2,1.8132,1.8695,50.9,Y
서울,서대문구,2014-11,250,29778.0,30000.0,81.11,102,13524.5,68.1,73.09,5.684,132.18,1.8086,1.8181,48.5,Y
서울,서대문구,2014-12,233,29156.8,28000.0,82.02,86,11954.9,62.7,68.95,5.403,116.56,1.6904,1.7091,46.2,Y
서울,서대문구,2015-01,257,28389.6,28000.0,79.22,128,10040.3,69.7,64.98,5.416,115.03,1.7702,1.8073,39.4,Y
서울,서대문구,2015-02,195,27822.1,27000.0,79.4,81,11142.4,73.6,68.5,5.333,123.1,1.797,1.8181,40.2,Y
서울,서대문구,2015-03,238,28823.2,27250.0,83.27,109,11282.7,65.8,68.6,5.333,115.96,1.6905,1.6675,43.2,Y
서울,서대문구,2015-04,159,29512.3,29000.0,82.67,67,13062.7,72.0,73.77,5.268,129.38,1.7538,1.7517,44.3,Y
서울,서대문구,2015-05,160,29844.4,29000.0,77.7,73,12458.0,66.9,72.45,5.296,121.86,1.682,1.7139,45.1,Y
서울,서대문구,2015-06,190,30510.3,30000.0,78.05,76,11175.6,67.8,66.76,5.25,116.64,1.7473,1.716,41.9,Y
서울,서대문구,2015-07,197,30106.8,30000.0,77.31,105,15035.6,61.8,70.91,5.176,126.67,1.7863,1.8748,51.2,Y
서울,서대문구,2015-08,216,33091.7,33000.0,76.35,90,12744.2,61.6,67.24,5.101,115.75,1.7214,1.6865,46.8,Y
서울,서대문구,2015-09,204,34660.8,34000.0,82.51,108,15391.7,69.4,71.18,4.943,132.8,1.8658,1.8661,47.7,Y
서울,서대문구,2015-10,238,34888.7,35900.0,81.1,151,16366.1,68.4,75.97,4.809,133.95,1.7631,1.8184,49.0,Y
서울,서대문구,2015-11,238,34350.4,35000.0,79.16,133,15778.3,74.7,75.03,4.8,137.86,1.8374,1.861,45.8,Y
서울,서대문구,2015-12,289,35298.8,35000.0,82.36,181,15844.8,71.4,73.52,4.706,133.56,1.8167,1.828,46.5,Y
서울,서대문구,2016-01,222,34671.0,33000.0,81.13,165,14287.9,76.8,72.14,4.549,130.98,1.8156,1.8583,41.3,Y
서울,서대문구,2016-02,166,32119.5,30000.0,79.65,139,15457.5,73.2,73.93,4.556,131.84,1.7832,1.8194,44.5,Y
서울,서대문구,2016-03,190,33474.2,32000.0,79.9,110,15417.7,69.9,78.23,4.383,126.21,1.6132,1.6353,44.6,Y
서울,서대문구,2016-04,159,31900.8,31000.0,77.3,103,15117.3,69.2,73.63,4.416,124.87,1.6958,1.6713,44.5,Y
서울,서대문구,2016-05,150,29641.5,30000.0,73.89,78,14809.6,64.4,68.38,4.376,118.46,1.7325,1.7816,45.6,Y
서울,서대문구,2016-06,147,34372.5,33000.0,80.73,78,15771.9,74.5,70.35,4.431,132.71,1.8863,1.8803,43.9,Y
서울,서대문구,2016-07,137,34281.5,33000.0,78.28,80,17285.0,65.3,73.2,4.414,128.85,1.7603,1.7513,49.3,Y
서울,서대문구,2016-08,140,35344.2,34000.0,77.5,99,17472.6,64.7,71.95,4.364,128.19,1.7817,1.7748,49.6,Y
서울,서대문구,2016-09,169,33848.5,31500.0,75.51,85,17875.6,68.8,75.9,4.431,134.8,1.7761,1.7949,49.0,Y
서울,서대문구,2016-10,227,36846.2,35000.0,78.29,118,17899.3,65.5,74.21,4.267,129.18,1.7407,1.7216,49.3,Y
서울,서대문구,2016-11,199,36916.1,35000.0,78.8,92,14883.9,71.2,70.21,4.113,122.17,1.7402,1.7971,41.8,Y
서울,서대문구,2016-12,254,38908.1,37000.0,76.57,127,17316.7,70.2,70.63,4.08,129.08,1.8275,1.8499,45.6,Y
서울,서대문구,2017-01,231,38389.1,38000.0,76.65,152,17490.3,69.7,73.21,4.138,130.04,1.7763,1.8202,46.4,Y
서울,서대문구,2017-02,252,40620.1,40000.0,79.37,190,15753.8,61.1,66.49,4.154,115.63,1.7391,1.6686,47.2,Y
서울,서대문구,2017-03,193,40033.8,40000.0,81.16,98,15028.7,69.3,69.6,4.004,119.48,1.7167,1.6614,42.0,Y
서울,서대문구,2017-04,162,38700.0,38000.0,78.43,78,15031.5,67.2,67.96,4.007,117.39,1.7273,1.8134,42.8,Y
서울,서대문구,2017-05,228,38951.7,37000.0,77.41,87,14683.2,80.0,72.73,4.089,130.0,1.7875,1.8631,38.5,Y
서울,서대문구,2017-06,217,37723.8,38000.0,74.68,99,12608.9,69.7,61.09,4.114,112.93,1.8486,1.9652,38.3,Y
서울,서대문구,2017-07,209,36575.9,36000.0,73.91,83,13345.0,75.7,66.17,4.105,121.32,1.8335,1.9531,37.6,Y
서울,서대문구,2017-08,224,37493.2,35000.0,79.09,112,13055.7,63.1,61.63,4.034,106.98,1.7358,1.6858,41.0,Y
서울,서대문구,2017-09,268,38161.5,37250.0,76.86,87,14879.2,67.1,62.97,4.075,117.6,1.8675,1.951,43.0,Y
서울,서대문구,2017-10,224,39863.9,38000.0,77.92,108,16721.3,67.9,70.78,4.0,123.63,1.7467,1.8576,45.1,Y
서울,서대문구,2017-11,281,41571.7,44000.0,79.38,112,15142.2,75.5,68.19,4.0,125.99,1.8477,1.8958,40.1,Y
서울,서대문구,2017-12,314,42206.0,43000.0,79.93,131,17048.9,71.5,65.57,4.0,128.34,1.9572,2.0375,44.3,Y
서울,서대문구,2018-01,354,40733.4,40000.0,76.42,138,16847.6,77.3,70.78,3.955,132.79,1.8761,1.9563,41.8,Y
서울,서대문구,2018-02,306,40206.7,40000.0,78.55,125,15316.8,77.0,67.6,3.894,126.65,1.8735,1.8381,39.2,Y
서울,서대문구,2018-03,309,37904.7,38000.0,75.97,117,13919.6,77.7,69.91,3.848,122.31,1.7496,1.8162,36.5,Y
서울,서대문구,2018-04,246,38730.9,38000.0,78.73,73,13973.0,67.8,62.02,3.879,112.92,1.8207,1.7687,40.0,Y
서울,서대문구,2018-05,236,32013.8,33000.0,68.75,82,10932.9,65.1,60.12,3.869,100.33,1.6687,1.7318,35.1,Y
서울,서대문구,2018-06,197,37722.9,36000.0,75.98,78,13347.1,70.1,64.36,3.872,113.16,1.7584,1.7913,38.1,Y
서울,서대문구,2018-07,232,32479.7,33500.0,68.95,69,13449.3,71.6,67.9,3.882,115.11,1.6953,1.672,37.8,Y
서울,서대문구,2018-08,223,38484.5,39000.0,72.79,65,14831.2,70.1,66.0,3.923,118.59,1.7969,1.7465,40.9,Y
서울,서대문구,2018-09,240,38110.9,37000.0,75.08,71,14993.7,76.4,69.63,3.9,125.11,1.7968,1.7814,38.9,Y
서울,서대문구,2018-10,265,38115.3,38000.0,73.74,85,17430.9,75.5,71.56,3.838,131.28,1.8345,1.9188,42.5,Y
서울,서대문구,2018-11,253,37558.1,37000.0,77.55,99,13496.0,63.6,63.44,3.886,107.26,1.6907,1.7244,40.7,Y
서울,서대문구,2018-12,347,39884.5,40000.0,77.59,115,13424.3,76.9,65.99,3.857,120.04,1.819,1.8048,35.9,Y
서울,서대문구,2019-01,419,39626.9,40000.0,76.38,160,12167.8,77.9,61.98,3.84,116.8,1.8844,1.9487,33.3,Y
서울,서대문구,2019-02,308,41047.5,40000.0,78.37,108,11696.4,76.2,63.87,3.882,114.05,1.7856,1.8188,33.2,Y
서울,서대문구,2019-03,327,39376.5,38000.0,76.48,78,15796.8,66.3,70.77,3.927,118.04,1.668,1.724,43.8,Y
서울,서대문구,2019-04,255,38343.5,37000.0,78.44,83,13629.1,73.0,69.24,4.068,119.15,1.721,1.6223,38.8,Y
서울,서대문구,2019-05,233,39062.4,35000.0,74.12,60,15452.5,67.6,62.5,4.116,120.58,1.9293,1.9073,44.0,Y
서울,서대문구,2019-06,227,39004.5,37000.0,74.8,93,12763.2,78.1,70.34,4.09,121.58,1.7285,1.6874,35.8,Y
서울,서대문구,2019-07,237,38141.2,37000.0,72.87,90,14707.7,78.7,70.11,4.091,128.79,1.8369,1.8924,38.9,Y
서울,서대문구,2019-08,264,37896.0,35250.0,74.9,87,11344.9,60.0,58.38,4.058,98.33,1.6842,1.6488,39.0,Y
서울,서대문구,2019-09,236,40144.7,37500.0,76.36,58,16581.0,76.0,72.9,4.0,131.29,1.801,1.9085,42.1,Y
서울,서대문구,2019-10,331,39975.8,38000.0,74.67,102,13111.1,73.6,67.83,3.887,116.06,1.7109,1.7048,36.6,Y
서울,서대문구,2019-11,350,40527.6,40000.0,76.27,90,14014.9,85.8,69.03,3.857,130.87,1.8959,1.9701,34.4,Y
서울,서대문구,2019-12,450,42510.6,41000.0,76.28,130,13356.0,76.7,63.48,3.716,118.04,1.8593,1.9202,35.0,Y
서울,서대문구,2020-01,374,41925.2,40000.0,76.14,142,12214.2,75.2,59.62,3.837,114.24,1.9162,1.9558,34.2,Y
서울,서대문구,2020-02,413,40472.5,40000.0,75.39,184,13029.2,62.8,54.16,3.762,103.69,1.9144,2.1118,39.4,Y
서울,서대문구,2020-03,276,40253.4,39000.0,74.61,98,10892.8,66.3,54.66,3.818,100.93,1.8466,2.1528,34.3,Y
서울,서대문구,2020-04,247,41045.5,40000.0,74.92,96,11350.8,69.0,59.11,3.882,105.7,1.7881,1.8089,34.7,Y
서울,서대문구,2020-05,265,38338.6,37000.0,73.77,102,11926.9,72.3,58.36,3.857,110.6,1.895,1.8228,34.7,Y
서울,서대문구,2020-06,306,42191.3,42000.0,77.66,73,13661.7,81.9,64.56,3.878,126.03,1.9521,2.0122,35.0,Y
서울,서대문구,2020-07,364,39479.6,39000.0,70.61,119,13849.7,71.0,63.23,3.857,115.51,1.8268,1.9358,38.5,Y
서울,서대문구,2020-08,292,47283.1,48750.0,73.33,112,16534.2,81.6,68.27,3.813,134.13,1.9646,1.9727,39.2,Y
서울,서대문구,2020-09,249,45825.7,44000.0,73.14,118,18012.6,73.1,63.08,3.773,129.69,2.0559,2.1298,43.7,Y
서울,서대문구,2020-10,268,45602.1,44000.0,72.42,127,16694.2,78.1,65.37,3.84,131.57,2.0127,1.9896,40.6,Y
서울,서대문구,2020-11,240,49890.5,46000.0,76.89,107,16840.9,87.1,64.02,3.829,140.87,2.2003,2.2844,38.1,Y
서울,서대문구,2020-12,302,48423.5,46600.0,73.8,125,18670.4,84.0,66.74,3.839,143.74,2.1538,2.1106,41.6,Y
서울,서대문구,2021-01,314,47403.4,47125.0,73.14,157,17573.7,71.0,60.08,3.952,128.82,2.1441,2.1971,44.9,Y
서울,서대문구,2021-02,257,49227.9,47250.0,77.21,131,17854.4,70.1,63.71,4.0,129.59,2.0342,2.154,45.9,Y
서울,서대문구,2021-03,305,49230.6,47000.0,75.85,131,16054.6,89.1,67.85,4.049,143.25,2.1114,2.1642,37.8,Y
서울,서대문구,2021-04,245,49156.4,46000.0,74.75,88,16676.5,78.0,63.24,4.091,134.84,2.1321,2.3854,42.2,Y
서울,서대문구,2021-05,266,51917.8,50000.0,78.83,130,16173.2,78.9,62.64,4.042,133.35,2.1288,2.1676,40.9,Y
서울,서대문구,2021-06,262,51244.4,50000.0,71.13,166,16617.9,82.2,62.59,3.876,135.84,2.1705,2.0428,39.5,Y
서울,서대문구,2021-07,229,53245.9,50000.0,74.52,155,12827.8,71.9,56.88,3.863,113.2,1.9901,1.726,36.5,Y
서울,서대문구,2021-08,231,55966.9,56000.0,75.86,139,20552.5,87.4,66.27,3.822,152.84,2.3066,2.2029,42.8,Y
서울,서대문구,2021-09,187,53200.5,53000.0,73.31,267,13009.5,56.0,51.3,3.692,96.03,1.8719,1.6584,41.7,Y
서울,서대문구,2021-10,218,55476.7,53500.0,74.58,181,18268.5,84.2,61.86,3.746,141.26,2.2835,2.0305,40.4,Y
서울,서대문구,2021-11,267,52842.3,50000.0,73.97,201,16633.4,82.9,58.47,3.838,136.11,2.3278,2.0945,39.1,Y
서울,서대문구,2021-12,283,55078.1,52000.0,73.05,333,17481.7,64.1,59.69,3.892,120.76,2.023,1.8063,47.0,Y
서울,서대문구,2022-01,298,54391.9,55000.0,73.56,267,16707.8,82.9,59.98,3.97,138.21,2.3043,2.3438,40.0,Y
서울,서대문구,2022-02,250,52188.3,50000.0,72.37,207,15542.7,96.4,64.91,4.0,148.2,2.2829,2.3454,35.0,Y
서울,서대문구,2022-03,250,50361.2,50000.0,73.95,193,16154.5,95.6,60.22,4.091,150.71,2.5027,2.6721,36.5,Y
서울,서대문구,2022-04,221,51604.3,50000.0,73.66,178,18526.8,99.6,68.04,4.114,163.13,2.3974,2.5756,38.9,Y
서울,서대문구,2022-05,230,49084.3,49675.0,69.03,175,18204.5,88.0,61.73,4.154,150.99,2.4459,2.4142,41.7,Y
서울,서대문구,2022-06,198,52201.0,50000.0,73.42,269,11832.8,72.1,50.48,4.378,115.23,2.2827,2.0479,37.5,Y
서울,서대문구,2022-07,226,47754.2,51425.0,66.91,334,12123.8,60.3,50.0,4.404,104.81,2.096,1.8544,42.4,Y
서울,서대문구,2022-08,204,54592.6,55000.0,71.82,180,18773.0,97.4,62.87,4.404,166.25,2.6443,2.7267,41.4,Y
서울,서대문구,2022-09,218,49596.9,50000.0,71.23,171,19387.7,96.3,63.9,4.439,167.98,2.6286,2.6596,42.7,Y
서울,서대문구,2022-10,217,48675.4,49560.0,72.25,255,15381.3,77.0,58.71,4.5,134.64,2.2935,2.2517,42.8,Y
서울,서대문구,2022-11,210,46769.1,45000.0,72.5,226,14086.9,87.3,54.46,4.55,140.72,2.5842,2.8145,38.0,Y
서울,서대문구,2022-12,356,43974.5,43000.0,70.09,315,16496.1,84.8,58.6,4.661,148.87,2.5406,2.6545,43.0,Y
서울,서대문구,2023-01,391,42877.3,41500.0,71.5,311,15446.9,94.1,61.51,4.8,155.88,2.5341,2.6671,39.6,Y
서울,서대문구,2023-02,404,43209.6,43000.0,70.25,280,14581.7,95.4,62.01,4.911,155.08,2.5007,2.5401,38.5,Y
서울,서대문구,2023-03,379,45569.4,45000.0,75.14,239,10723.5,90.3,56.8,5.0,134.94,2.3758,2.3241,33.1,Y
서울,서대문구,2023-04,272,47184.3,45000.0,77.16,205,11322.3,78.4,57.85,5.126,126.74,2.1906,2.2353,38.2,Y
서울,서대문구,2023-05,237,45139.4,43500.0,75.2,166,11236.7,105.4,63.18,5.031,152.51,2.4138,2.3882,30.9,Y
서울,서대문구,2023-06,272,48141.7,45000.0,73.14,201,12938.4,86.1,63.14,4.937,139.33,2.2068,2.2465,38.2,Y
서울,서대문구,2023-07,326,47483.3,47625.0,74.83,200,11862.4,92.8,61.71,4.874,140.94,2.2839,2.444,34.2,Y
서울,서대문구,2023-08,275,47763.0,45000.0,75.4,152,15043.2,102.8,63.1,4.812,163.18,2.5862,2.825,37.0,Y
서울,서대문구,2023-09,256,48859.6,47500.0,74.59,204,16197.6,94.7,61.45,4.8,159.52,2.596,2.5918,40.6,Y
서울,서대문구,2023-10,271,51666.9,50000.0,77.41,184,17213.0,102.4,63.61,4.768,170.81,2.6851,2.7938,40.0,Y
서울,서대문구,2023-11,315,50648.4,50000.0,74.3,181,14605.0,105.8,57.92,4.741,163.53,2.8234,2.9086,35.3,Y
서울,서대문구,2023-12,308,52569.1,50000.0,74.87,286,15357.7,80.7,55.16,4.653,140.21,2.5418,2.6112,42.5,Y
서울,서대문구,2024-01,295,51111.9,50000.0,72.62,225,13892.4,112.1,58.02,4.648,165.94,2.86,3.0451,32.4,Y
서울,서대문구,2024-02,258,51650.5,52250.0,75.16,279,10739.1,79.8,49.95,4.623,121.17,2.4259,2.0857,34.1,Y
서울,서대문구,2024-03,233,50672.9,50000.0,73.12,156,15333.1,118.4,59.33,4.576,176.85,2.9808,3.0781,33.1,Y
서울,서대문구,2024-04,204,51226.5,52000.0,75.62,166,16124.9,105.2,60.82,4.6,167.03,2.7464,3.0404,37.0,Y
서울,서대문구,2024-05,209,51705.5,52000.0,75.09,163,15455.8,109.9,62.15,4.584,168.97,2.7189,2.7183,34.9,Y
서울,서대문구,2024-06,225,54722.5,56000.0,74.17,163,15425.8,119.8,61.99,4.598,178.93,2.8864,2.969,33.0,Y
서울,서대문구,2024-07,280,53782.2,52000.0,73.12,221,15394.2,88.3,56.83,4.648,147.9,2.6025,2.4572,40.3,Y
서울,서대문구,2024-08,244,56491.0,57000.0,72.6,151,17192.9,100.2,55.35,4.657,166.89,3.0151,3.0523,40.0,Y
서울,서대문구,2024-09,199,53597.5,55000.0,72.45,151,12215.9,85.7,55.82,4.633,132.88,2.3806,2.2881,35.5,Y
서울,서대문구,2024-10,192,57022.4,58000.0,73.11,196,14410.2,98.9,56.1,4.588,154.04,2.7456,2.9293,35.8,Y
서울,서대문구,2024-11,217,56807.2,55000.0,76.2,166,14095.8,121.6,57.57,4.533,174.85,3.037,3.1467,30.5,Y
서울,서대문구,2024-12,239,56040.2,55000.0,73.31,215,14594.7,94.0,49.32,4.552,149.34,3.0278,3.4473,37.1,Y
서울,서대문구,2025-01,230,51985.9,52750.0,72.22,164,16923.0,100.6,57.29,4.545,164.68,2.8745,3.0331,38.9,Y
서울,서대문구,2025-02,261,55875.9,55000.0,74.06,163,17567.6,105.5,59.87,4.657,173.72,2.9015,3.0196,39.2,Y
서울,서대문구,2025-03,240,56656.5,56350.0,75.41,185,16871.0,103.5,61.67,4.703,169.59,2.7501,2.7973,39.0,Y
서울,서대문구,2025-04,226,55406.0,54000.0,76.03,180,14734.2,116.5,63.93,4.743,174.73,2.7333,2.8066,33.3,Y
서울,서대문구,2025-05,215,55606.7,55000.0,74.11,143,15924.5,111.4,63.47,4.8,175.15,2.7596,2.733,36.4,Y
서울,서대문구,2025-06,240,55474.3,55000.0,73.63,167,14950.3,108.0,61.07,4.774,167.45,2.7417,2.8732,35.5,Y
서울,서대문구,2025-07,214,55614.6,56300.0,75.33,182,12613.0,114.1,55.71,4.797,164.47,2.9525,2.952,30.7,Y
서울,서대문구,2025-08,183,55156.9,55000.0,73.79,150,13303.7,122.8,61.66,4.619,174.0,2.8218,3.0088,29.4,Y
서울,서대문구,2025-09,222,57642.7,59425.0,74.83,168,15604.1,96.8,58.66,4.615,156.78,2.6727,2.7009,38.3,Y
서울,서대문구,2025-10,190,56129.6,54000.0,75.77,141,18929.7,123.2,66.54,4.676,196.93,2.9597,3.1452,37.5,Y
서울,서대문구,2025-11,262,58804.4,59500.0,73.72,200,18438.0,124.8,62.06,4.739,197.61,3.1843,3.3299,36.8,Y
서울,서대문구,2025-12,246,60225.5,60000.0,74.85,247,15038.7,109.7,55.31,4.677,168.33,3.0433,3.0768,34.8,Y
서울,서대문구,2026-01,248,61087.5,58000.0,76.42,196,17121.3,121.7,59.71,4.639,187.86,3.1463,3.4561,35.2,Y
서울,서대문구,2026-02,141,59557.6,60000.0,76.15,148,16928.5,138.3,62.56,4.688,204.4,3.2671,3.4402,32.4,Y
서울,서대문구,2026-03,176,59012.6,59000.0,78.71,161,18768.0,116.9,62.59,4.691,190.27,3.0399,3.1969,38.6,Y
서울,서대문구,2026-04,150,62467.2,64500.0,77.25,146,19026.2,129.0,64.0,4.637,202.47,3.1637,3.282,36.3,Y
서울,서대문구,2026-05,111,59644.9,60000.0,72.28,126,18482.7,145.3,60.96,4.595,216.11,3.5452,3.7393,32.7,Y
서울,서대문구,2026-06,116,61863.7,61000.0,73.53,180,17167.0,114.6,56.83,4.8,183.31,3.2256,3.2714,37.5,Y
서울,서대문구,2026-07,136,63409.9,62756.0,74.2,159,16680.5,125.2,57.1,4.8,191.88,3.3603,3.2815,34.8,Y
서울,서대문구,2026-08,122,63431.1,64500.0,72.88,124,16041.0,134.0,55.12,,,,,,Y
서울,서대문구,2026-09,65,65361.1,65000.0,73.43,61,24984.2,132.6,63.09,,,,,,Y
서울,서초구,2011-01,900,40417.6,35000.0,97.26,224,13131.7,139.5,84.61,6.9,215.02,2.5413,2.4426,35.1,Y
서울,서초구,2011-02,861,38721.8,34000.0,97.74,191,13433.5,132.2,84.92,6.9,209.49,2.4668,2.4136,36.9,Y
서울,서초구,2011-03,732,37684.7,33000.0,97.08,180,12375.6,135.4,83.76,6.9,206.56,2.466,2.4753,34.4,Y
서울,서초구,2011-04,602,38841.9,34000.0,98.0,124,13288.7,151.9,85.93,6.9,228.29,2.6566,2.4735,33.5,Y
서울,서초구,2011-05,650,40627.5,35000.0,98.5,137,14778.1,139.2,85.61,6.9,224.22,2.6191,2.3982,37.9,Y
서울,서초구,2011-06,687,43346.1,35000.0,99.24,174,15561.5,151.3,87.98,6.9,240.76,2.7364,2.5654,37.2,Y
서울,서초구,2011-07,661,41095.8,35000.0,96.56,173,16127.2,125.4,85.11,6.916,218.36,2.5658,2.3989,42.6,Y
서울,서초구,2011-08,706,39513.4,35000.0,94.85,176,15341.5,127.1,82.24,6.863,214.81,2.6119,2.4756,40.8,Y
서울,서초구,2011-09,650,40308.6,33000.0,96.65,138,14815.1,143.6,86.3,6.848,228.18,2.6439,2.497,37.1,Y
서울,서초구,2011-10,553,40289.9,35000.0,97.38,133,14575.6,128.0,83.45,6.791,210.5,2.5225,2.4327,39.2,Y
서울,서초구,2011-11,517,39532.0,34000.0,94.56,142,14759.3,145.6,87.77,6.831,229.61,2.616,2.4954,36.6,Y
서울,서초구,2011-12,678,41685.2,37000.0,99.12,148,17757.8,149.9,91.73,6.729,249.47,2.7197,2.5855,39.9,Y
서울,서초구,2012-01,710,40109.1,35000.0,95.47,163,14980.3,131.6,83.04,6.667,214.86,2.5873,2.4402,38.7,Y
서울,서초구,2012-02,748,41150.0,36000.0,98.02,171,12089.5,137.1,78.16,6.667,204.3,2.6139,2.6145,32.9,Y
서울,서초구,2012-03,660,40915.2,37000.0,95.6,180,12604.2,128.8,79.51,6.667,198.87,2.5013,2.5027,35.2,Y
서울,서초구,2012-04,550,40690.0,35250.0,97.49,117,13559.8,119.9,84.18,6.667,195.22,2.319,2.1513,38.6,Y
서울,서초구,2012-05,502,40119.6,35000.0,98.2,108,11041.7,133.8,80.83,6.667,195.09,2.4135,2.3747,31.4,Y
서울,서초구,2012-06,528,39185.5,33000.0,94.75,130,12642.3,129.4,80.23,6.75,200.51,2.4993,2.4114,35.5,Y
서울,서초구,2012-07,516,39852.7,36000.0,96.22,132,12951.5,131.7,84.45,6.699,204.04,2.416,2.3485,35.4,Y
서울,서초구,2012-08,514,38941.1,35000.0,92.71,137,11341.6,131.9,78.58,6.601,194.32,2.4729,2.4005,32.1,Y
서울,서초구,2012-09,520,41250.6,38000.0,98.86,149,12905.3,137.1,83.73,6.557,207.63,2.4798,2.4135,34.0,Y
서울,서초구,2012-10,649,45002.6,40000.0,99.24,184,17596.7,133.6,85.79,6.519,229.16,2.6712,2.5961,41.7,Y
서울,서초구,2012-11,661,45084.3,40000.0,97.91,175,17132.5,144.2,85.45,6.484,236.75,2.7707,2.6749,39.1,Y
서울,서초구,2012-12,740,47326.2,42000.0,98.33,201,21444.5,129.6,87.4,6.364,243.36,2.7844,2.6451,46.7,Y
서울,서초구,2013-01,714,47607.2,41000.0,94.93,246,19250.0,132.9,86.68,6.336,234.55,2.7059,2.5797,43.3,Y
서울,서초구,2013-02,737,44090.6,38000.0,96.07,212,18939.1,124.1,87.1,6.207,222.03,2.549,2.4387,44.1,Y
서울,서초구,2013-03,693,43481.7,38000.0,95.08,172,16218.6,114.9,80.57,6.173,198.3,2.4611,2.4297,42.1,Y
서울,서초구,2013-04,565,43790.1,39000.0,95.5,150,18034.7,134.4,89.08,6.177,227.25,2.551,2.3989,40.8,Y
서울,서초구,2013-05,649,43659.1,39000.0,96.71,173,19189.6,126.2,85.15,6.125,224.17,2.6326,2.4262,43.7,Y
서울,서초구,2013-06,627,46376.1,40000.0,97.78,163,15807.1,122.7,82.92,6.028,202.1,2.4372,2.1953,39.3,Y
서울,서초구,2013-07,562,46056.2,40000.0,96.97,223,20119.6,122.2,83.24,6.0,222.84,2.6769,2.5572,45.1,Y
서울,서초구,2013-08,585,46175.2,40000.0,99.49,200,20196.0,125.1,85.64,6.0,226.1,2.6401,2.5424,44.7,Y
서울,서초구,2013-09,418,46513.1,42500.0,100.15,172,17548.8,121.5,83.67,6.0,209.22,2.5004,2.4388,41.9,Y
서울,서초구,2013-10,575,48300.0,43000.0,100.72,230,18703.0,141.4,86.64,6.0,234.93,2.7116,2.5433,39.8,Y
서울,서초구,2013-11,520,47519.2,44000.0,96.75,215,23030.7,121.8,91.52,5.935,235.73,2.5758,2.4631,48.3,Y
서울,서초구,2013-12,674,48243.3,45000.0,97.65,279,23324.7,127.2,89.59,5.79,239.78,2.6764,2.5454,46.9,Y
서울,서초구,2014-01,649,49323.4,47000.0,98.29,294,23723.8,126.0,90.37,5.684,238.33,2.6373,2.4615,47.2,Y
서울,서초구,2014-02,735,46018.9,43000.0,95.53,280,20269.4,111.4,81.16,5.596,205.91,2.5372,2.4142,45.9,Y
서울,서초구,2014-03,560,49395.1,45000.0,99.55,228,22018.1,110.9,84.03,5.508,211.97,2.5226,2.5425,47.7,Y
서울,서초구,2014-04,601,46590.6,40000.0,93.0,159,20470.4,117.0,82.49,5.455,210.02,2.5459,2.4302,44.3,Y
서울,서초구,2014-05,485,47946.6,43000.0,97.07,149,21090.6,120.6,84.62,5.47,216.7,2.561,2.4946,44.4,Y
서울,서초구,2014-06,508,47940.9,43000.0,94.23,164,19875.7,130.7,85.53,5.455,221.08,2.5847,2.4797,40.9,Y
서울,서초구,2014-07,547,45367.7,41000.0,93.05,170,20571.8,124.3,82.94,5.453,217.77,2.6256,2.4793,42.9,Y
서울,서초구,2014-08,524,49178.3,44000.0,97.13,179,22107.8,125.1,81.43,5.433,225.15,2.7651,2.5005,44.5,Y
서울,서초구,2014-09,541,49072.2,44000.0,97.73,190,23459.5,122.3,87.35,5.443,228.73,2.6187,2.463,46.5,Y
서울,서초구,2014-10,676,50399.3,45000.0,96.53,259,25343.8,119.4,84.49,5.271,230.75,2.731,2.5582,48.2,Y
서울,서초구,2014-11,633,51892.6,48000.0,98.17,284,28457.0,111.6,89.06,5.217,235.29,2.6419,2.4793,52.6,Y
서울,서초구,2014-12,798,54482.4,50000.0,99.55,363,31678.9,119.1,90.33,5.143,254.91,2.8219,2.6075,53.3,Y
서울,서초구,2015-01,708,53851.6,50000.0,95.06,497,28320.7,109.4,86.07,5.143,230.8,2.6816,2.486,52.6,Y
서울,서초구,2015-02,633,54417.0,50000.0,97.4,373,28699.9,113.3,84.77,5.07,234.55,2.7671,2.598,51.7,Y
서울,서초구,2015-03,648,53802.5,48000.0,94.9,370,29252.5,116.0,87.74,5.092,240.13,2.7369,2.6088,51.7,Y
서울,서초구,2015-04,451,52921.6,50000.0,96.04,272,30605.2,118.5,88.32,5.0,246.0,2.7854,2.5326,51.8,Y
서울,서초구,2015-05,420,56722.9,50000.0,95.88,251,31748.6,107.5,88.09,4.923,237.76,2.6992,2.4062,54.8,Y
서울,서초구,2015-06,560,51339.5,46000.0,90.78,315,32970.2,121.3,89.07,4.866,254.99,2.8629,2.6259,52.4,Y
서울,서초구,2015-07,534,53685.7,50000.0,90.5,300,31382.0,119.2,87.44,4.8,244.69,2.7983,2.5943,51.3,Y
서울,서초구,2015-08,462,55350.0,50000.0,93.52,264,30649.5,107.4,83.79,4.744,228.54,2.7274,2.5311,53.0,Y
서울,서초구,2015-09,374,58087.4,53000.0,98.21,249,33169.9,108.7,88.85,4.703,238.64,2.6858,2.574,54.5,Y
서울,서초구,2015-10,460,56085.4,52000.0,95.96,351,32182.6,117.3,91.34,4.718,243.78,2.6688,2.5426,51.9,Y
서울,서초구,2015-11,451,57945.4,52000.0,98.78,312,35201.7,119.4,89.34,4.594,254.13,2.8444,2.6431,53.0,Y
서울,서초구,2015-12,548,59900.2,55000.0,97.08,405,33350.4,120.8,91.09,4.5,245.91,2.6995,2.5495,50.9,Y
서울,서초구,2016-01,477,56645.9,52000.0,92.15,442,31456.2,101.9,82.76,4.5,219.87,2.6567,2.5138,53.7,Y
서울,서초구,2016-02,530,51791.2,50000.0,90.97,357,30290.2,105.1,85.34,4.444,217.33,2.5466,2.4154,51.6,Y
서울,서초구,2016-03,419,61862.6,55000.0,97.44,313,30654.2,103.0,84.84,4.364,214.51,2.5284,2.511,52.0,Y
서울,서초구,2016-04,414,58409.0,53000.0,91.53,266,31658.6,103.6,86.49,4.345,218.18,2.5225,2.3858,52.5,Y
서울,서초구,2016-05,447,57236.3,50000.0,93.91,241,32163.1,114.1,86.23,4.316,229.73,2.6641,2.5531,50.4,Y
서울,서초구,2016-06,502,60350.0,54000.0,93.37,268,35743.7,119.0,89.98,4.313,247.47,2.7505,2.5682,51.9,Y
서울,서초구,2016-07,510,58701.3,52000.0,92.73,266,31653.9,117.4,85.43,4.267,229.95,2.6917,2.5248,48.9,Y
서울,서초구,2016-08,653,56457.3,50000.0,91.47,260,35920.7,119.9,93.22,4.254,247.29,2.6526,2.4734,51.5,Y
서울,서초구,2016-09,569,63799.4,55000.0,95.86,285,32350.9,108.3,87.64,4.267,223.29,2.5478,2.4317,51.5,Y
서울,서초구,2016-10,757,62137.9,55000.0,90.81,359,33719.0,120.1,88.21,4.182,237.66,2.6943,2.4776,49.4,Y
서울,서초구,2016-11,538,65383.8,55500.0,95.57,334,36512.6,119.4,90.4,4.163,246.09,2.7223,2.5633,51.5,Y
서울,서초구,2016-12,735,64686.1,60000.0,94.38,477,38546.8,118.2,91.42,4.114,250.34,2.7382,2.5746,52.8,Y
서울,서초구,2017-01,473,62731.5,57000.0,93.03,376,33808.8,115.5,86.13,4.025,228.93,2.6579,2.4584,49.5,Y
서울,서초구,2017-02,501,62049.8,57000.0,92.81,403,35273.2,116.6,90.97,4.0,234.13,2.5737,2.5055,50.2,Y
서울,서초구,2017-03,577,56404.9,54400.0,89.13,361,33840.2,108.5,86.14,4.0,221.35,2.5696,2.4751,51.0,Y
서울,서초구,2017-04,461,63382.1,60000.0,94.9,349,34138.7,117.4,87.07,4.0,231.24,2.6559,2.44,49.2,Y
서울,서초구,2017-05,439,65723.9,58000.0,92.9,289,35520.1,124.0,87.63,3.96,241.26,2.7531,2.6545,48.6,Y
서울,서초구,2017-06,469,63553.5,60000.0,89.11,256,31875.1,124.8,86.49,3.961,229.99,2.6593,2.5374,45.7,Y
서울,서초구,2017-07,455,65056.1,60000.0,90.18,270,32380.1,123.5,84.33,3.904,228.86,2.714,2.5266,46.0,Y
서울,서초구,2017-08,619,58776.4,53000.0,84.82,247,30098.0,124.3,83.68,3.923,222.68,2.661,2.5317,44.2,Y
서울,서초구,2017-09,513,67745.0,60000.0,94.85,283,30959.0,127.2,84.37,3.937,228.81,2.712,2.4536,44.4,Y
서울,서초구,2017-10,495,67894.0,60000.0,92.79,260,32246.6,134.7,87.25,3.92,240.0,2.7508,2.5414,43.9,Y
서울,서초구,2017-11,546,61842.5,56000.0,90.33,278,34638.9,130.3,88.47,4.0,245.79,2.7784,2.6424,47.0,Y
서울,서초구,2017-12,636,67590.1,60000.0,92.14,357,35675.3,128.4,88.62,3.946,245.72,2.7726,2.5885,47.7,Y
서울,서초구,2018-01,726,62890.0,59000.0,87.81,333,29856.2,120.8,84.74,3.953,219.18,2.5867,2.4706,44.9,Y
서울,서초구,2018-02,629,60142.4,56000.0,89.55,333,27027.9,112.0,79.06,3.929,200.53,2.5366,2.4537,44.1,Y
서울,서초구,2018-03,655,67253.4,60000.0,92.69,294,32502.3,119.1,85.57,3.9,224.74,2.6264,2.4827,47.0,Y
서울,서초구,2018-04,459,64885.3,60000.0,90.4,269,29266.9,126.6,81.56,3.891,221.44,2.715,2.5585,42.9,Y
서울,서초구,2018-05,573,64340.5,58000.0,87.82,283,28519.1,132.4,83.98,3.969,226.74,2.7,2.5575,41.6,Y
서울,서초구,2018-06,622,68504.7,60000.0,90.44,308,30742.9,144.2,87.85,3.927,244.84,2.7871,2.6049,41.1,Y
서울,서초구,2018-07,749,72550.2,66000.0,90.99,361,37393.0,127.1,88.81,3.92,249.26,2.8068,2.6875,49.0,Y
서울,서초구,2018-08,809,68802.6,60000.0,89.5,336,37986.2,137.1,88.61,3.96,262.48,2.9622,2.7259,47.8,Y
서울,서초구,2018-09,555,71844.4,65000.0,86.85,348,32286.4,137.5,84.61,3.931,243.23,2.8748,2.5703,43.5,Y
서울,서초구,2018-10,734,70791.1,63000.0,87.11,350,34000.0,129.5,85.99,3.873,239.28,2.7826,2.6334,45.9,Y
서울,서초구,2018-11,584,76161.6,67000.0,90.5,302,35529.1,130.5,84.62,3.89,245.71,2.9036,2.6258,46.9,Y
서울,서초구,2018-12,745,73862.1,67000.0,90.93,345,42402.3,136.9,88.81,3.899,274.7,3.0931,2.933,50.1,Y
서울,서초구,2019-01,717,66662.1,60000.0,86.46,351,35292.4,127.0,86.28,3.872,240.83,2.7914,2.622,47.3,Y
서울,서초구,2019-02,574,63201.3,57750.0,82.83,330,30285.2,120.3,80.33,3.927,219.44,2.7316,2.637,45.2,Y
서울,서초구,2019-03,621,59545.1,53000.0,85.25,331,29920.4,124.2,84.89,3.917,221.85,2.6132,2.4562,44.0,Y
서울,서초구,2019-04,495,60043.1,55000.0,83.62,224,30672.2,121.7,87.1,3.965,223.08,2.5612,2.346,45.4,Y
서울,서초구,2019-05,473,67083.0,60000.0,93.03,242,27109.3,135.0,83.3,4.0,225.41,2.7061,2.5958,40.1,Y
서울,서초구,2019-06,534,64528.1,57000.0,88.32,273,29100.6,126.5,79.98,4.0,223.47,2.7942,2.6215,43.4,Y
서울,서초구,2019-07,595,69031.0,63000.0,87.89,283,30286.0,136.0,83.16,4.0,236.91,2.8487,2.6583,42.6,Y
서울,서초구,2019-08,667,61969.2,55000.0,83.19,297,29620.2,113.2,79.54,4.0,211.89,2.6639,2.4224,46.6,Y
서울,서초구,2019-09,479,68712.0,60000.0,89.47,194,23920.7,140.7,82.52,3.962,219.69,2.6622,2.4815,36.0,Y
서울,서초구,2019-10,649,68411.8,60000.0,89.28,318,35227.6,133.1,85.46,3.927,248.43,2.9069,2.6747,46.4,Y
서울,서초구,2019-11,746,72752.6,64000.0,91.45,314,32018.1,128.6,84.34,3.921,233.24,2.7654,2.4925,44.9,Y
서울,서초구,2019-12,864,72088.5,62000.0,87.25,420,37533.8,138.6,86.64,3.912,260.99,3.0124,2.7088,46.9,Y
서울,서초구,2020-01,659,68734.3,62000.0,83.57,445,27886.8,107.5,80.56,3.857,197.09,2.4466,2.262,45.5,Y
서울,서초구,2020-02,788,67761.0,60000.0,87.2,381,28510.9,134.0,78.42,3.943,227.65,2.9028,2.6017,41.1,Y
서울,서초구,2020-03,550,68773.7,64000.0,83.65,270,29580.4,128.9,78.93,3.94,226.04,2.8637,2.6356,43.0,Y
서울,서초구,2020-04,499,72007.5,65000.0,85.7,289,34297.5,133.5,80.1,3.9,244.99,3.0583,2.7366,45.5,Y
서울,서초구,2020-05,615,79814.6,72000.0,87.5,312,38445.5,152.2,84.77,3.867,276.13,3.2574,2.8696,44.9,Y
서울,서초구,2020-06,687,82434.2,75000.0,90.39,339,38319.3,151.8,81.75,3.848,274.7,3.3601,2.9799,44.7,Y
서울,서초구,2020-07,953,86443.2,80000.0,88.44,386,42427.2,143.2,85.64,3.826,278.5,3.2519,2.9155,48.6,Y
서울,서초구,2020-08,728,78339.5,70000.0,86.9,327,43865.8,151.6,83.84,3.79,290.11,3.4604,3.1941,47.8,Y
서울,서초구,2020-09,583,85595.2,78750.0,87.3,307,42830.2,149.8,84.46,3.765,284.19,3.365,3.0648,47.3,Y
서울,서초구,2020-10,722,86160.3,79250.0,85.58,353,45806.5,153.7,87.2,3.81,299.14,3.4305,3.231,48.6,Y
서울,서초구,2020-11,589,88643.4,82000.0,89.81,615,35547.1,101.7,71.74,3.744,212.65,2.9642,2.2905,52.2,Y
서울,서초구,2020-12,737,92172.9,81000.0,89.2,547,38423.7,124.5,77.66,3.65,241.36,3.1081,2.4998,48.4,Y
서울,서초구,2021-01,613,86747.3,77000.0,87.18,366,39207.3,140.5,81.6,3.7,261.42,3.2037,2.9051,46.2,Y
서울,서초구,2021-02,549,80291.6,68000.0,83.68,317,42906.9,144.9,81.31,3.746,278.85,3.4296,3.1046,48.0,Y
서울,서초구,2021-03,678,71913.9,65000.0,84.04,428,32864.0,130.9,71.2,3.758,233.86,3.2846,2.7284,44.0,Y
서울,서초구,2021-04,565,84083.1,75000.0,85.13,379,41469.6,150.7,81.29,3.811,282.41,3.4742,3.1278,46.6,Y
서울,서초구,2021-05,888,102915.2,93000.0,92.72,549,51110.5,177.6,86.36,3.908,344.05,3.9839,3.479,48.4,Y
서울,서초구,2021-06,583,89811.3,80000.0,83.51,653,34872.0,139.6,71.9,4.015,256.28,3.5643,2.744,45.5,Y
서울,서초구,2021-07,394,103128.1,90000.0,86.64,409,44603.3,208.3,83.23,4.0,356.95,4.2888,4.0007,41.7,Y
서울,서초구,2021-08,725,63262.9,35625.0,72.52,670,29838.9,131.2,69.44,4.138,234.14,3.3717,2.6784,43.9,Y
서울,서초구,2021-09,312,102220.1,88500.0,87.29,314,47280.3,221.1,85.7,4.072,381.55,4.4523,3.985,42.1,Y
서울,서초구,2021-10,433,103868.7,90000.0,84.61,430,42959.3,184.1,82.83,4.032,328.46,3.9656,3.4926,43.9,Y
서울,서초구,2021-11,393,93776.3,80000.0,84.97,353,46833.2,201.2,82.81,4.062,359.67,4.3434,3.7981,44.1,Y
서울,서초구,2021-12,443,91816.1,80000.0,82.33,505,42964.1,169.1,76.83,4.059,314.38,4.0918,3.4019,46.2,Y
서울,서초구,2022-01,378,85804.5,70000.0,77.46,394,42605.6,172.9,79.41,4.138,319.83,4.0278,3.6653,45.9,Y
서울,서초구,2022-02,531,59498.5,40248.0,80.51,400,31074.6,147.5,70.2,4.138,254.69,3.6282,3.1975,42.1,Y
서울,서초구,2022-03,449,78257.8,63798.0,75.81,345,40366.0,186.0,78.46,4.119,324.54,4.1362,3.6814,42.7,Y
서울,서초구,2022-04,305,99056.7,85000.0,87.94,384,43429.4,202.8,82.88,4.061,349.79,4.2203,3.7055,42.0,Y
서울,서초구,2022-05,410,101913.3,83785.0,84.21,321,45652.3,216.1,86.94,4.073,371.02,4.2673,3.8371,41.8,Y
서울,서초구,2022-06,325,89705.6,73500.0,80.22,372,40662.1,181.9,79.31,4.098,320.76,4.0446,3.4386,43.3,Y
서울,서초구,2022-07,413,90216.5,70000.0,82.18,344,41582.6,205.6,79.81,4.068,346.58,4.3427,3.579,40.7,Y
서울,서초구,2022-08,515,69041.2,43200.0,79.24,287,47507.2,197.5,85.57,4.014,356.37,4.1648,3.7999,44.6,Y
서울,서초구,2022-09,309,98415.2,80000.0,82.75,380,46478.4,205.2,79.76,3.99,359.75,4.5107,3.9682,43.0,Y
서울,서초구,2022-10,413,87527.3,71600.0,83.81,381,48365.7,202.8,85.62,3.992,363.75,4.2483,3.8203,44.2,Y
서울,서초구,2022-11,406,91681.9,77000.0,83.14,560,34796.4,155.8,76.63,4.08,274.13,3.5772,3.0919,43.2,Y
서울,서초구,2022-12,386,95791.1,85000.0,85.65,610,33574.1,166.7,75.75,4.11,281.74,3.7192,3.1733,40.8,Y
서울,서초구,2023-01,443,87942.2,73500.0,85.65,499,33901.7,166.6,72.32,4.184,284.78,3.938,3.4062,41.5,Y
서울,서초구,2023-02,555,79671.7,65000.0,81.32,745,27126.2,130.1,63.92,4.227,225.69,3.5309,3.2448,42.3,Y
서울,서초구,2023-03,796,59533.5,50000.0,76.87,472,31904.7,152.5,72.65,4.32,267.35,3.6799,3.3688,43.0,Y
서울,서초구,2023-04,621,72203.2,63000.0,80.63,441,31637.9,183.9,78.41,4.5,302.56,3.8586,3.3966,39.2,Y
서울,서초구,2023-05,592,85324.6,77350.0,84.54,463,37928.0,168.5,78.03,4.5,310.75,3.9825,3.4263,45.8,Y
서울,서초구,2023-06,707,84280.0,75000.0,83.91,793,31807.3,160.4,70.48,4.586,282.0,4.0012,3.0071,43.1,Y
서울,서초구,2023-07,727,103622.6,90000.0,86.26,561,38920.8,199.8,75.6,4.56,347.71,4.5994,3.6966,42.5,Y
서울,서초구,2023-08,832,77341.4,65000.0,78.13,575,36926.2,173.3,74.36,4.729,318.86,4.2878,3.6256,45.6,Y
서울,서초구,2023-09,700,105898.5,93000.0,88.85,491,48352.0,232.6,82.82,4.654,420.13,5.0727,4.4551,44.6,Y
서울,서초구,2023-10,740,95935.6,80000.0,84.11,625,37946.3,179.8,76.03,4.496,321.91,4.2339,3.3592,44.2,Y
서울,서초구,2023-11,619,96717.1,80000.0,85.79,408,45317.6,248.7,83.17,4.533,419.9,5.0488,4.6156,40.8,Y
서울,서초구,2023-12,612,99007.3,85000.0,87.35,529,38148.5,174.5,75.49,4.533,318.64,4.2209,3.5572,45.2,Y
서울,서초구,2024-01,550,84546.9,70000.0,78.98,442,36741.8,191.6,74.54,4.557,331.13,4.4422,3.6944,42.1,Y
서울,서초구,2024-02,538,69027.9,58000.0,82.74,318,26579.7,164.2,69.1,4.588,265.88,3.8479,3.3595,38.2,Y
서울,서초구,2024-03,461,94364.4,78332.0,85.13,308,26328.9,194.6,71.76,4.608,295.7,4.121,3.717,34.2,Y
서울,서초구,2024-04,436,100701.4,85000.0,84.88,300,34003.6,243.0,80.97,4.615,373.75,4.6161,4.0112,35.0,Y
서울,서초구,2024-05,455,98497.7,80000.0,84.97,354,34129.1,196.7,73.76,4.601,327.58,4.4414,3.6958,39.9,Y
서울,서초구,2024-06,492,98756.6,81000.0,85.96,373,41666.9,226.8,76.91,4.588,386.1,5.0201,4.169,41.3,Y
서울,서초구,2024-07,524,91074.4,74000.0,82.8,316,38189.5,250.4,81.71,4.615,397.28,4.862,4.0498,37.0,Y
서울,서초구,2024-08,767,91932.1,80000.0,81.59,277,37791.8,230.9,76.74,4.6,375.76,4.8963,3.9827,38.6,Y
서울,서초구,2024-09,406,102012.6,85000.0,82.66,291,37639.3,218.6,76.72,4.582,362.37,4.7235,4.1484,39.7,Y
서울,서초구,2024-10,549,101087.4,85000.0,86.53,316,44526.1,266.1,81.97,4.606,436.96,5.3306,4.4548,39.1,Y
서울,서초구,2024-11,433,112827.1,95000.0,92.59,392,40257.9,203.1,77.85,4.583,356.86,4.5842,3.8196,43.1,Y
서울,서초구,2024-12,442,110524.0,94000.0,86.46,469,40209.1,181.2,73.83,4.557,333.91,4.5224,3.9378,45.7,Y
서울,서초구,2025-01,423,92496.4,79000.0,85.71,315,37066.6,209.3,76.04,4.56,350.15,4.6047,4.0168,40.2,Y
서울,서초구,2025-02,446,97153.4,80000.0,82.62,475,31845.0,150.8,68.57,4.486,269.8,3.9345,3.0814,44.1,Y
서울,서초구,2025-03,785,82420.6,68250.0,81.62,383,33133.0,187.4,72.24,4.515,312.06,4.32,3.6891,39.9,Y
서울,서초구,2025-04,522,93857.1,80000.0,83.3,389,41555.4,213.8,75.08,4.557,371.6,4.9494,4.1634,42.5,Y
서울,서초구,2025-05,549,108726.0,95000.0,84.62,453,41702.6,224.1,76.91,4.552,382.32,4.9713,4.3863,41.4,Y
서울,서초구,2025-06,632,106324.7,95000.0,80.11,432,41839.3,224.4,75.46,4.593,384.5,5.0957,4.4585,41.6,Y
서울,서초구,2025-07,582,115482.8,110000.0,84.5,481,44729.8,256.8,77.91,4.639,429.69,5.5149,5.7346,40.2,Y
서울,서초구,2025-08,575,94094.2,85000.0,79.45,589,36611.5,195.5,69.29,4.698,338.81,4.8895,3.9731,42.3,Y
서울,서초구,2025-09,395,109844.3,93000.0,84.58,417,40921.9,254.6,79.25,4.758,416.83,5.2599,4.5673,38.9,Y
서울,서초구,2025-10,368,119302.0,95000.0,87.14,519,35176.1,209.1,72.89,4.663,345.83,4.7448,3.7421,39.5,Y
서울,서초구,2025-11,386,115629.1,101500.0,89.26,520,44729.7,211.9,75.82,4.667,385.89,5.0899,4.1719,45.1,Y
서울,서초구,2025-12,391,113976.0,103000.0,86.79,440,41926.6,235.6,76.29,4.641,397.79,5.2142,4.6108,40.8,Y
서울,서초구,2026-01,297,103988.2,90000.0,84.95,386,46086.0,253.8,81.09,4.599,430.4,5.3076,4.746,41.0,Y
서울,서초구,2026-02,223,113226.9,95000.0,88.71,258,47667.7,286.1,87.57,4.586,468.25,5.3474,4.7571,38.9,Y
서울,서초구,2026-03,285,119160.0,105000.0,86.15,307,40273.4,226.9,75.44,4.56,379.92,5.0362,4.4902,40.3,Y
서울,서초구,2026-04,272,103636.6,90000.0,80.95,329,39563.6,226.5,76.09,4.621,378.9,4.9796,4.4311,40.2,Y
서울,서초구,2026-05,257,120860.6,100000.0,88.95,319,37014.6,242.4,74.99,4.778,389.77,5.1974,4.5921,37.8,Y
서울,서초구,2026-06,286,122154.7,105000.0,88.9,438,37025.0,216.1,71.59,4.821,364.81,5.0959,4.3134,40.8,Y
서울,서초구,2026-07,283,103784.8,88140.0,78.42,365,36937.7,253.4,70.67,4.8,401.2,5.6773,4.5617,36.8,Y
서울,서초구,2026-08,171,103491.3,88000.0,79.81,236,35178.9,264.9,73.7,,,,,,Y
서울,서초구,2026-09,106,109594.3,90000.0,78.41,118,52303.4,257.4,79.45,,,,,,Y
서울,성동구,2011-01,388,24459.1,24000.0,79.08,84,8404.7,80.8,69.72,7.2,131.19,1.8816,1.9017,38.4,Y
서울,성동구,2011-02,420,23908.7,24000.0,79.0,94,9102.9,86.9,73.1,7.2,141.52,1.9359,1.887,38.6,Y
서울,성동구,2011-03,443,24767.7,24000.0,80.23,98,8962.6,83.1,70.27,7.2,136.84,1.9474,2.0027,39.3,Y
서울,성동구,2011-04,427,24590.9,24000.0,78.11,101,7609.5,109.3,77.67,7.2,154.96,1.9952,1.9578,29.5,Y
서울,성동구,2011-05,391,25197.5,25000.0,81.32,77,8940.8,90.1,73.33,7.2,143.75,1.9602,2.0068,37.3,Y
서울,성동구,2011-06,383,25430.1,24000.0,79.3,64,8620.7,96.2,74.17,7.2,147.94,1.9947,2.0842,35.0,Y
서울,성동구,2011-07,365,25257.6,25000.0,79.78,77,7564.2,91.2,66.81,7.2,136.58,2.0444,2.0364,33.2,Y
서울,성동구,2011-08,362,26004.9,25000.0,81.1,84,10995.4,90.2,78.48,7.2,156.19,1.99,1.9783,42.2,Y
서울,성동구,2011-09,321,26956.6,26000.0,80.84,77,9708.3,95.6,74.07,7.2,153.83,2.0769,2.0803,37.9,Y
서울,성동구,2011-10,303,27165.9,26000.0,81.29,71,9525.9,97.1,75.4,7.286,154.91,2.0546,2.0772,37.3,Y
서울,성동구,2011-11,286,26910.1,25250.0,80.08,49,8452.2,107.5,79.35,7.203,158.26,1.9945,2.0015,32.1,Y
서울,성동구,2011-12,344,27127.6,26000.0,80.42,55,8820.9,96.0,73.18,7.2,148.94,2.0352,2.0066,35.5,Y
서울,성동구,2012-01,418,26869.3,26500.0,79.49,80,11258.0,90.9,76.47,7.2,158.42,2.0716,2.0959,42.6,Y
서울,성동구,2012-02,507,27152.1,27000.0,80.17,91,9591.5,107.6,79.53,7.059,164.02,2.0625,2.0932,34.4,Y
서울,성동구,2012-03,498,27427.6,27000.0,79.65,101,9347.8,108.8,76.52,7.059,163.83,2.1409,2.1125,33.6,Y
서울,성동구,2012-04,400,27828.7,27000.0,79.7,96,7993.5,114.9,73.48,7.0,161.56,2.1988,2.1878,28.9,Y
서울,성동구,2012-05,418,27031.8,27000.0,76.92,99,9115.3,110.0,76.05,6.923,162.58,2.1377,2.1722,32.3,Y
서울,성동구,2012-06,389,27017.5,26500.0,78.57,88,8047.7,110.0,72.53,6.982,156.87,2.1628,2.1078,29.8,Y
서울,성동구,2012-07,371,27965.8,28000.0,78.76,114,8762.6,105.9,70.95,6.916,156.38,2.2042,2.2623,32.3,Y
서울,성동구,2012-08,361,27969.7,27000.0,79.5,105,8973.8,113.2,74.88,6.967,165.3,2.2076,2.3192,31.5,Y
서울,성동구,2012-09,361,26849.0,26000.0,80.33,102,8971.8,110.0,77.76,6.863,161.35,2.0749,2.0854,31.8,Y
서울,성동구,2012-10,414,27615.5,26500.0,83.08,96,8736.1,107.9,77.22,6.881,157.99,2.046,2.0566,31.7,Y
서울,성동구,2012-11,352,27540.8,27000.0,82.53,67,9179.1,97.8,75.51,6.857,150.26,1.99,1.9387,34.9,Y
서울,성동구,2012-12,396,27293.8,27000.0,79.0,148,7451.5,68.7,64.9,6.857,111.32,1.7153,1.7072,38.2,Y
서울,성동구,2013-01,432,28936.2,28000.0,81.53,122,8899.9,91.1,71.34,6.922,142.43,1.9965,1.9788,36.0,Y
서울,성동구,2013-02,375,28279.8,27000.0,82.71,123,9198.4,97.8,72.09,6.8,149.89,2.0792,2.0863,34.8,Y
서울,성동구,2013-03,455,28632.4,28000.0,80.51,133,9833.1,96.8,74.44,6.72,151.88,2.0403,1.9868,36.3,Y
서울,성동구,2013-04,319,28440.0,27000.0,79.27,146,8788.8,80.6,66.08,6.72,129.8,1.9643,1.9104,37.9,Y
서울,성동구,2013-05,339,28943.9,28000.0,79.28,112,11227.3,91.8,75.33,6.6,153.57,2.0388,2.0483,40.2,Y
서울,성동구,2013-06,331,28935.5,28000.0,80.5,113,9851.1,110.1,77.07,6.486,163.31,2.1189,2.1185,32.6,Y
서울,성동구,2013-07,284,30526.9,28750.0,81.13,113,8875.2,79.4,63.58,6.476,127.34,2.0027,2.041,37.6,Y
서울,성동구,2013-08,317,30775.7,30000.0,81.29,128,10485.2,107.9,77.59,6.333,163.24,2.1041,2.0895,33.9,Y
서울,성동구,2013-09,250,31027.6,30000.0,80.49,95,12397.2,97.8,74.27,6.316,163.04,2.1953,2.2151,40.0,Y
서울,성동구,2013-10,305,30835.4,29000.0,81.91,109,10773.5,102.1,77.49,6.16,157.44,2.0317,1.9701,35.1,Y
서울,성동구,2013-11,266,32086.8,30000.0,79.14,105,11675.1,97.1,74.24,6.141,156.83,2.1124,2.0659,38.1,Y
서울,성동구,2013-12,295,32711.4,32000.0,80.49,102,15891.7,81.2,75.48,6.102,161.99,2.1461,2.1775,49.9,Y
서울,성동구,2014-01,390,34337.2,33000.0,80.65,124,12634.7,100.4,73.19,6.0,163.59,2.2353,2.2523,38.6,Y
서울,성동구,2014-02,478,34155.5,33000.0,79.77,162,14848.8,92.2,75.15,5.884,164.98,2.1955,2.1898,44.1,Y
서울,성동구,2014-03,535,33691.1,33000.0,80.74,178,14158.9,95.3,76.19,5.714,162.74,2.136,2.1095,41.4,Y
서울,성동구,2014-04,397,34170.8,35000.0,81.27,136,12889.0,90.2,70.6,5.714,151.63,2.1476,2.1607,40.5,Y
서울,성동구,2014-05,379,33524.0,33000.0,78.9,141,12319.2,93.4,72.93,5.561,150.47,2.0631,2.0733,37.9,Y
서울,성동구,2014-06,330,34581.2,33000.0,79.57,131,14537.8,98.8,76.46,5.569,166.29,2.1749,2.2144,40.6,Y
서울,성동구,2014-07,383,32836.4,32000.0,77.65,139,13370.3,95.1,73.64,5.538,156.8,2.1293,2.0635,39.4,Y
서울,성동구,2014-08,388,35353.4,35000.0,80.69,143,15072.1,92.1,74.42,5.514,161.32,2.1676,2.1373,42.9,Y
서울,성동구,2014-09,391,33719.8,32000.0,78.16,123,13395.6,100.1,76.26,5.467,161.18,2.1135,2.0698,37.9,Y
서울,성동구,2014-10,400,34502.1,33000.0,80.49,128,14113.4,104.9,80.81,5.455,169.03,2.0917,2.046,38.0,Y
서울,성동구,2014-11,360,35721.1,33000.0,82.17,138,17375.4,87.3,74.85,5.486,166.72,2.2273,2.1549,47.6,Y
서울,성동구,2014-12,417,35723.8,34500.0,80.62,182,15624.8,80.7,72.04,5.442,151.53,2.1033,2.0221,46.8,Y
서울,성동구,2015-01,451,37479.8,37000.0,80.97,200,18727.4,90.7,78.02,5.357,174.35,2.2346,2.1929,48.0,Y
서울,성동구,2015-02,405,38648.1,38000.0,82.39,196,18486.4,91.2,79.44,5.172,170.89,2.1513,2.0875,46.6,Y
서울,성동구,2015-03,474,38718.6,38000.0,82.07,238,16880.0,97.0,76.47,5.143,169.34,2.2143,2.1809,42.7,Y
서울,성동구,2015-04,353,38662.7,37000.0,81.41,191,17658.8,95.2,77.87,5.143,170.92,2.1948,2.1912,44.3,Y
서울,성동구,2015-05,288,39291.2,38000.0,82.22,200,18058.3,95.2,80.91,5.072,171.52,2.1199,2.1312,44.5,Y
서울,성동구,2015-06,298,39008.7,38000.0,83.03,192,17104.8,103.3,79.84,5.0,174.54,2.1862,2.1857,40.8,Y
서울,성동구,2015-07,244,38660.2,38000.0,80.72,189,15874.6,95.9,75.29,4.995,161.95,2.1509,2.1668,40.8,Y
서울,성동구,2015-08,224,38414.3,37000.0,80.11,180,18693.5,93.4,79.25,4.909,169.86,2.1432,2.1711,45.0,Y
서울,성동구,2015-09,200,38313.8,39000.0,81.35,143,15983.9,98.7,75.94,4.857,163.4,2.1516,2.0391,39.6,Y
서울,성동구,2015-10,221,41639.4,40000.0,83.37,159,18770.5,89.2,77.29,4.72,162.98,2.1086,2.1161,45.3,Y
서울,성동구,2015-11,223,41332.7,40000.0,80.8,128,19189.0,92.6,78.2,4.683,167.45,2.1413,2.1033,44.7,Y
서울,성동구,2015-12,263,41172.0,40000.0,80.02,174,21618.0,91.9,78.32,4.571,174.25,2.2249,2.1691,47.3,Y
서울,성동구,2016-01,278,41921.8,40000.0,78.4,183,20519.8,95.1,76.3,4.5,172.06,2.255,2.2515,44.7,Y
서울,성동구,2016-02,253,40166.1,39000.0,77.28,210,20824.3,84.6,75.43,4.465,162.1,2.1491,2.0817,47.8,Y
서울,성동구,2016-03,313,40222.4,40000.0,77.19,258,19657.1,93.9,80.13,4.392,165.89,2.0702,2.0496,43.4,Y
서울,성동구,2016-04,278,43918.4,41000.0,80.39,208,19155.4,97.9,76.8,4.333,167.02,2.1749,2.1448,41.4,Y
서울,성동구,2016-05,308,41809.7,40000.0,76.76,204,18585.8,93.0,72.96,4.319,159.88,2.1914,2.2065,41.8,Y
서울,성동구,2016-06,317,40676.4,40000.0,74.49,182,19042.9,94.7,74.23,4.286,162.67,2.1915,2.1585,41.8,Y
서울,성동구,2016-07,293,41483.0,40000.0,77.57,167,18888.3,105.3,75.69,4.258,172.34,2.277,2.1886,38.9,Y
서울,성동구,2016-08,318,42087.2,40000.0,77.92,179,20690.6,88.6,78.23,4.286,162.54,2.0777,2.0984,45.5,Y
서울,성동구,2016-09,290,43860.7,41000.0,78.38,152,19238.6,95.4,78.17,4.253,163.56,2.0922,2.0814,41.7,Y
서울,성동구,2016-10,391,46777.9,47000.0,79.25,173,21274.6,87.2,76.08,4.222,162.05,2.13,2.1605,46.2,Y
서울,성동구,2016-11,353,47179.3,45000.0,79.66,172,22908.9,85.7,77.64,4.235,166.58,2.1456,2.1735,48.5,Y
서울,성동구,2016-12,531,45726.4,46000.0,78.23,290,19189.1,97.1,71.91,4.215,164.53,2.2881,2.2916,41.0,Y
서울,성동구,2017-01,526,46197.7,45000.0,76.54,291,19836.3,99.0,72.22,4.2,168.46,2.3325,2.4612,41.2,Y
서울,성동구,2017-02,481,47035.1,46500.0,79.38,301,19425.3,95.8,72.73,4.136,162.73,2.2373,2.3215,41.1,Y
서울,성동구,2017-03,359,46330.1,45000.0,79.01,249,18980.7,96.3,74.35,4.125,161.52,2.1724,2.1473,40.4,Y
서울,성동구,2017-04,342,47305.1,44000.0,81.9,221,18311.1,107.7,76.81,4.087,170.09,2.2144,2.1087,36.7,Y
서울,성동구,2017-05,361,48246.0,45000.0,80.95,202,17448.0,109.5,76.2,4.098,169.06,2.2186,2.1377,35.2,Y
서울,성동구,2017-06,366,45901.8,44000.0,78.87,189,16770.2,106.2,73.29,4.071,163.14,2.226,2.1705,34.9,Y
서울,성동구,2017-07,378,44825.1,43250.0,75.8,210,15549.0,120.5,70.36,4.138,174.15,2.4752,2.3485,30.8,Y
서울,성동구,2017-08,358,44959.1,44000.0,76.69,178,15451.8,113.0,70.33,4.083,165.61,2.3546,2.297,31.7,Y
서울,성동구,2017-09,340,45599.2,44000.0,78.75,196,16050.7,130.3,74.7,4.084,184.9,2.4751,2.2993,29.5,Y
서울,성동구,2017-10,264,47691.4,45000.0,79.85,138,19960.5,105.2,76.98,4.127,173.88,2.2588,2.2427,39.5,Y
서울,성동구,2017-11,309,48679.3,48000.0,82.03,143,15087.1,114.6,73.65,4.138,166.65,2.2627,2.1242,31.2,Y
서울,성동구,2017-12,357,48259.5,48000.0,80.86,167,20455.5,97.7,73.06,4.114,167.81,2.2968,2.1701,41.8,Y
서울,성동구,2018-01,538,50664.7,49000.0,77.59,186,18713.9,127.5,75.86,4.08,191.16,2.5201,2.3704,33.3,Y
서울,성동구,2018-02,466,51086.4,50000.0,78.71,205,19388.2,106.5,72.53,4.075,172.3,2.3756,2.4015,38.2,Y
서울,성동구,2018-03,626,48749.5,49000.0,76.72,250,15996.4,112.8,72.01,4.047,166.72,2.3153,2.2744,32.4,Y
서울,성동구,2018-04,450,50021.9,50000.0,78.16,202,18652.9,119.5,76.07,4.002,181.72,2.3888,2.3571,34.2,Y
서울,성동구,2018-05,437,49879.1,48000.0,77.06,213,16391.2,103.8,71.94,4.027,158.84,2.2078,2.117,34.6,Y
서울,성동구,2018-06,414,48430.3,47750.0,77.22,183,17267.9,122.4,75.19,4.002,180.03,2.3944,2.3861,32.0,Y
서울,성동구,2018-07,431,50458.6,50000.0,79.32,147,17009.6,115.2,74.7,4.002,171.9,2.3012,2.282,33.0,Y
서울,성동구,2018-08,453,51216.1,50000.0,79.45,169,16690.4,113.9,72.34,4.013,169.66,2.3454,2.3607,32.9,Y
서울,성동구,2018-09,471,51393.8,50000.0,77.74,198,17829.8,101.7,68.62,4.071,162.13,2.3627,2.1321,37.3,Y
서울,성동구,2018-10,481,49098.0,49000.0,77.33,210,20174.8,118.4,74.21,4.044,186.4,2.5118,2.4589,36.5,Y
서울,성동구,2018-11,459,52770.8,51000.0,76.56,191,20048.1,105.3,70.66,4.078,173.42,2.4542,2.3504,39.3,Y
서울,성동구,2018-12,513,52119.0,51000.0,76.69,221,22503.8,94.2,71.14,4.061,170.37,2.3949,2.4047,44.7,Y
서울,성동구,2019-01,554,51159.3,51000.0,75.8,251,19153.2,96.8,69.44,4.045,161.39,2.324,2.3018,40.0,Y
서울,성동구,2019-02,511,51102.1,50000.0,78.17,229,21159.9,98.5,70.2,4.027,169.52,2.4149,2.4336,41.9,Y
서울,성동구,2019-03,485,49895.0,49300.0,78.98,210,19642.5,109.4,73.58,4.08,176.23,2.3951,2.3081,37.9,Y
서울,성동구,2019-04,375,49790.8,49800.0,75.73,179,19272.3,114.5,75.22,4.117,180.65,2.4015,2.3304,36.6,Y
서울,성동구,2019-05,375,51117.7,49000.0,79.53,164,19829.5,112.4,73.85,4.105,180.28,2.4412,2.3307,37.6,Y
서울,성동구,2019-06,384,48697.5,46500.0,74.27,142,17705.0,125.9,70.77,4.098,186.32,2.6329,2.4816,32.4,Y
서울,성동구,2019-07,424,48338.8,47000.0,75.3,203,16707.9,105.9,68.85,4.098,162.96,2.3669,2.3386,35.0,Y
서울,성동구,2019-08,435,49152.5,48000.0,75.19,145,14393.1,125.7,68.22,4.08,174.67,2.5604,2.4487,28.0,Y
서울,성동구,2019-09,391,50767.6,48000.0,75.54,147,17582.2,121.6,72.91,4.048,180.95,2.4817,2.3412,32.8,Y
서울,성동구,2019-10,428,51792.2,50000.0,78.42,159,22248.9,117.7,76.75,4.01,192.08,2.5027,2.2486,38.7,Y
서울,성동구,2019-11,501,54999.0,51000.0,79.23,188,18280.9,132.0,76.17,4.08,194.18,2.5494,2.256,32.0,Y
서울,성동구,2019-12,572,54239.6,52000.0,77.04,175,22342.8,105.9,71.77,4.0,180.34,2.5129,2.2869,41.3,Y
서울,성동구,2020-01,538,52459.5,50850.0,75.71,248,18099.8,106.9,67.52,4.0,167.21,2.4762,2.3187,36.1,Y
서울,성동구,2020-02,636,55348.1,53000.0,75.05,278,21146.7,119.9,72.48,3.998,190.36,2.6262,2.6139,37.0,Y
서울,성동구,2020-03,451,54716.8,54000.0,78.36,198,17114.3,104.1,65.03,4.0,161.16,2.4781,2.4916,35.4,Y
서울,성동구,2020-04,460,54538.8,53000.0,77.37,256,17047.0,97.6,62.56,4.0,154.46,2.4691,2.6576,36.8,Y
서울,성동구,2020-05,484,55246.6,53000.0,77.33,234,17843.9,104.6,64.43,3.993,163.97,2.545,2.6026,36.2,Y
서울,성동구,2020-06,518,60095.6,57000.0,78.83,204,24846.8,104.6,73.67,3.991,187.27,2.5418,2.5678,44.1,Y
서울,성동구,2020-07,648,59266.7,58000.0,78.6,226,24731.1,100.7,69.21,3.998,183.08,2.6454,2.6101,45.0,Y
서울,성동구,2020-08,404,60806.5,58000.0,77.85,223,20728.4,115.8,72.39,3.957,184.16,2.544,2.5003,37.1,Y
서울,성동구,2020-09,366,57559.5,53000.0,77.78,179,22878.4,118.9,71.13,3.926,193.77,2.7243,2.5944,38.6,Y
서울,성동구,2020-10,419,62433.9,58300.0,78.67,196,28767.5,131.1,74.95,3.926,225.21,3.005,2.7148,41.8,Y
서울,성동구,2020-11,441,61822.2,57750.0,76.18,281,24087.2,100.7,64.23,3.913,179.27,2.7909,2.3839,43.8,Y
서울,성동구,2020-12,486,65214.3,58800.0,75.33,272,23539.7,105.3,69.13,4.0,183.77,2.6582,2.5911,42.7,Y
서울,성동구,2021-01,478,65278.7,60000.0,76.46,294,28747.1,141.0,74.46,4.0,236.87,3.1812,2.9033,40.5,Y
서울,성동구,2021-02,400,62977.5,58000.0,78.48,258,25860.1,122.1,67.75,4.149,211.55,3.1224,2.9966,42.3,Y
서울,성동구,2021-03,467,63069.9,60000.0,79.61,237,24450.6,143.3,70.72,4.176,228.42,3.2301,2.9416,37.2,Y
서울,성동구,2021-04,374,62440.7,60000.0,78.42,168,27771.5,171.4,74.12,4.318,271.28,3.6597,3.1879,36.8,Y
서울,성동구,2021-05,469,63427.4,60000.0,78.98,236,25712.3,130.0,74.05,4.25,221.09,2.9858,2.8305,41.2,Y
서울,성동구,2021-06,367,71658.8,62843.0,76.45,177,25112.6,187.9,72.37,4.177,275.28,3.8035,3.2904,31.8,Y
서울,성동구,2021-07,349,66710.3,63000.0,74.01,238,26483.3,152.2,72.97,4.266,246.37,3.3765,3.0519,38.2,Y
서울,성동구,2021-08,297,67123.5,65000.0,75.5,225,23178.6,156.9,71.77,4.271,239.39,3.3357,3.1235,34.5,Y
서울,성동구,2021-09,276,63210.0,60000.0,71.06,247,20065.1,130.3,63.87,4.335,202.75,3.1743,2.9712,35.8,Y
서울,성동구,2021-10,281,71359.1,65100.0,78.62,246,25942.2,138.3,72.63,4.274,230.72,3.1766,2.9829,40.0,Y
서울,성동구,2021-11,290,76635.5,69150.0,78.39,229,26908.8,157.0,74.28,4.248,252.27,3.3962,3.1448,37.8,Y
서울,성동구,2021-12,328,68555.3,65500.0,75.66,270,26128.2,167.8,70.84,4.182,258.84,3.6538,3.277,35.2,Y
서울,성동구,2022-01,332,69053.6,64820.0,74.63,284,25457.8,165.5,67.86,4.211,254.87,3.7556,3.3099,35.1,Y
서울,성동구,2022-02,323,70162.5,66150.0,77.39,253,23192.1,158.2,64.89,4.235,240.08,3.7,3.3905,34.1,Y
서울,성동구,2022-03,255,70259.5,68250.0,76.37,263,26806.2,147.7,67.75,4.341,244.69,3.6118,3.4028,39.6,Y
서울,성동구,2022-04,318,66122.2,61600.0,74.98,283,23076.7,205.9,71.99,4.42,290.92,4.0411,3.5076,29.2,Y
서울,성동구,2022-05,257,73187.9,65000.0,74.37,223,23661.0,159.5,65.92,4.422,246.71,3.7425,3.2935,35.3,Y
서울,성동구,2022-06,275,65611.7,65000.0,72.22,250,21379.3,142.0,63.33,4.451,221.29,3.4945,3.2345,35.8,Y
서울,성동구,2022-07,248,69992.3,65000.0,72.74,272,21190.5,130.5,63.12,4.487,209.73,3.3229,2.981,37.8,Y
서울,성동구,2022-08,238,71585.2,66000.0,75.44,215,25024.0,175.9,71.76,4.47,269.14,3.7506,3.3858,34.6,Y
서울,성동구,2022-09,205,66357.5,61000.0,72.62,262,25606.7,162.1,70.79,4.444,256.94,3.6293,3.1769,36.9,Y
서울,성동구,2022-10,253,63859.3,60000.0,75.93,264,27977.4,152.9,71.46,4.426,256.06,3.5835,3.2688,40.3,Y
서울,성동구,2022-11,219,60298.4,57000.0,75.64,311,21729.2,149.8,65.48,4.573,232.62,3.5524,3.1323,35.6,Y
서울,성동구,2022-12,343,54723.8,55000.0,72.68,310,18651.8,144.8,67.06,4.655,217.19,3.2389,2.9221,33.3,Y
서울,성동구,2023-01,348,57723.7,55000.0,73.73,330,20144.6,143.1,64.22,4.8,223.68,3.483,3.4128,36.0,Y
서울,성동구,2023-02,469,57976.4,53000.0,75.0,319,22326.0,203.7,73.71,5.03,297.26,4.0331,3.4628,31.5,Y
서울,성동구,2023-03,505,57850.6,56000.0,74.84,340,20360.8,167.7,70.93,5.189,255.7,3.6051,3.2815,34.4,Y
서울,성동구,2023-04,453,59879.7,57000.0,75.34,299,20436.1,166.7,70.94,5.273,256.47,3.615,3.4372,35.0,Y
서울,성동구,2023-05,400,62926.9,60000.0,78.54,262,21673.5,176.1,70.75,5.28,271.48,3.837,3.5684,35.1,Y
서울,성동구,2023-06,449,57037.7,53900.0,75.61,270,26057.5,216.4,77.64,5.272,330.91,4.2624,3.4644,34.6,Y
서울,성동구,2023-07,413,59236.2,57300.0,76.94,279,20817.0,192.7,69.5,5.253,283.8,4.0832,3.4033,32.1,Y
서울,성동구,2023-08,350,64954.2,59000.0,76.74,251,24879.5,189.7,74.6,5.193,297.39,3.9864,3.7125,36.2,Y
서울,성동구,2023-09,361,63121.2,58800.0,75.87,243,21138.8,171.1,70.65,5.134,261.5,3.7013,3.4753,34.6,Y
서울,성동구,2023-10,365,65414.0,60000.0,77.65,254,20063.0,206.0,73.94,5.086,291.03,3.9358,3.5977,29.2,Y
서울,성동구,2023-11,371,66047.6,60000.0,77.89,245,22963.7,176.0,71.01,5.054,272.69,3.84,3.6793,35.5,Y
서울,성동구,2023-12,385,69537.7,65000.0,78.8,259,27855.2,170.5,71.02,4.948,285.31,4.0176,3.7742,40.3,Y
서울,성동구,2024-01,384,69160.9,65000.0,77.66,304,21404.9,163.8,65.13,4.932,251.72,3.8647,3.7789,34.9,Y
서울,성동구,2024-02,341,75389.3,65000.0,78.0,214,20477.3,174.9,65.55,4.896,258.43,3.9423,3.8834,32.3,Y
서울,성동구,2024-03,376,68066.0,64800.0,76.33,273,20530.7,211.0,69.22,4.873,294.36,4.2525,3.8397,28.3,Y
서울,성동구,2024-04,298,67932.3,65000.0,76.93,219,20899.1,194.1,71.2,4.848,278.55,3.9124,3.7625,30.3,Y
서울,성동구,2024-05,305,66334.5,64000.0,77.21,221,24804.2,210.4,69.69,4.876,311.19,4.4655,3.784,32.4,Y
서울,성동구,2024-06,345,72191.7,70000.0,75.03,192,28364.3,192.5,69.72,4.871,307.67,4.4128,4.0077,37.4,Y
서울,성동구,2024-07,313,71807.6,66000.0,76.36,204,21010.2,206.6,66.59,4.816,290.89,4.3685,3.9174,29.0,Y
서울,성동구,2024-08,326,70274.1,65000.0,78.24,189,24730.0,192.8,72.93,4.8,291.76,4.0004,3.6814,33.9,Y
서울,성동구,2024-09,258,74368.1,68000.0,76.56,202,20837.2,195.8,68.51,4.842,279.85,4.0847,3.838,30.0,Y
서울,성동구,2024-10,329,72769.2,68000.0,76.07,224,23122.9,208.2,73.13,4.8,300.67,4.1115,3.7001,30.8,Y
서울,성동구,2024-11,255,70885.8,63000.0,76.06,231,23028.8,238.9,70.47,4.799,331.0,4.6968,3.8355,27.8,Y
서울,성동구,2024-12,298,66333.2,65000.0,78.93,246,21831.9,168.8,65.43,4.8,256.12,3.9142,3.655,34.1,Y
서울,성동구,2025-01,305,72815.5,67000.0,74.27,244,21951.3,178.6,66.43,4.8,266.36,4.0095,3.7809,33.0,Y
서울,성동구,2025-02,339,73081.7,69000.0,77.93,273,21786.8,183.2,68.56,4.802,270.39,3.9437,3.6819,32.2,Y
서울,성동구,2025-03,445,76046.1,70000.0,75.73,263,23503.7,225.3,71.11,4.948,322.22,4.5312,3.8554,30.1,Y
서울,성동구,2025-04,327,72309.6,68000.0,75.91,273,28064.1,227.6,75.52,5.0,344.52,4.5622,4.1367,33.9,Y
서울,성동구,2025-05,346,72183.2,68000.0,74.25,299,19328.1,182.1,61.45,5.039,263.23,4.2834,3.9211,30.8,Y
서울,성동구,2025-06,414,76185.6,72000.0,76.61,270,26342.8,192.5,67.59,5.0,302.27,4.4719,4.2028,36.3,Y
서울,성동구,2025-07,334,69542.3,65000.0,75.05,412,21365.6,144.8,56.02,5.001,233.81,4.1739,4.172,38.1,Y
서울,성동구,2025-08,351,73018.9,66000.0,73.8,298,22309.1,197.4,64.74,5.038,291.06,4.496,4.1613,32.2,Y
서울,성동구,2025-09,360,75052.0,70000.0,75.83,303,24137.4,188.9,67.11,5.054,290.56,4.3295,4.0379,35.0,Y
서울,성동구,2025-10,317,70652.5,69000.0,76.63,240,24404.2,217.5,72.62,5.029,319.8,4.4039,4.0677,32.0,Y
서울,성동구,2025-11,379,72742.7,70000.0,77.29,260,23467.8,195.5,69.52,5.0,293.25,4.2184,3.9217,33.3,Y
서울,성동구,2025-12,322,78474.4,78000.0,77.43,312,27290.0,187.8,69.84,4.993,301.3,4.3142,4.1124,37.7,Y
서울,성동구,2026-01,394,78149.1,75000.0,77.64,358,24960.1,178.1,61.58,5.0,282.12,4.5813,4.6867,36.9,Y
서울,성동구,2026-02,226,75582.0,72200.0,76.57,237,26454.4,204.8,67.57,4.941,313.71,4.6425,4.3969,34.7,Y
서울,성동구,2026-03,288,79378.8,75000.0,78.76,242,23458.5,229.2,68.15,4.934,325.67,4.7788,4.4945,29.6,Y
서울,성동구,2026-04,231,75687.0,75000.0,75.47,220,27513.6,200.9,69.24,4.957,314.51,4.5424,4.3275,36.1,Y
서울,성동구,2026-05,202,81154.1,77500.0,79.53,234,29633.1,247.1,73.12,5.016,370.92,5.0729,4.5354,33.4,Y
서울,성동구,2026-06,207,80932.7,76300.0,76.12,322,19722.0,179.7,55.23,5.078,263.17,4.7647,3.7166,31.7,Y
서울,성동구,2026-07,172,80222.2,71000.0,74.13,168,24583.0,242.6,66.23,5.0,345.01,5.2093,4.3581,29.7,Y
서울,성동구,2026-08,129,78275.1,78000.0,73.57,263,17448.4,129.6,44.6,,,,,,Y
서울,성동구,2026-09,68,74945.3,70000.0,72.28,78,27225.4,211.1,64.19,,,,,,Y
서울,성북구,2011-01,460,19412.8,19000.0,79.37,109,6689.6,70.4,71.84,7.385,111.6,1.5533,1.5933,36.9,Y
서울,성북구,2011-02,442,19868.9,19500.0,80.87,101,6961.5,67.0,72.58,7.385,109.8,1.5128,1.5995,39.0,Y
서울,성북구,2011-03,446,19728.9,20000.0,78.6,99,7905.7,66.9,71.33,7.385,115.58,1.6204,1.6473,42.1,Y
서울,성북구,2011-04,358,20011.1,20000.0,78.75,110,7507.2,66.8,73.87,7.385,113.03,1.5301,1.6023,40.9,Y
서울,성북구,2011-05,336,20561.0,20000.0,77.89,75,6990.8,68.3,73.97,7.385,111.34,1.5053,1.5493,38.6,Y
서울,성북구,2011-06,351,20799.2,21000.0,80.06,80,7216.1,64.8,67.02,7.385,109.17,1.6288,1.6421,40.7,Y
서울,성북구,2011-07,385,20402.2,21000.0,77.01,92,6543.1,69.6,69.36,7.286,109.28,1.5755,1.6259,36.4,Y
서울,성북구,2011-08,418,21633.7,22000.0,80.27,118,6223.1,64.7,65.07,7.2,102.08,1.5687,1.5882,36.6,Y
서울,성북구,2011-09,345,22194.2,22000.0,78.58,64,7790.8,77.1,74.37,7.155,123.56,1.6615,1.7118,37.6,Y
서울,성북구,2011-10,388,21753.8,22000.0,78.29,66,8371.4,69.7,72.27,7.2,119.94,1.6596,1.7317,41.9,Y
서울,성북구,2011-11,340,22276.6,22000.0,78.63,62,7971.8,73.3,71.26,7.135,120.72,1.6941,1.6987,39.3,Y
서울,성북구,2011-12,392,22146.1,22000.0,81.12,66,7839.6,80.2,77.68,7.091,126.51,1.6286,1.6335,36.6,Y
서울,성북구,2012-01,389,22206.9,22000.0,80.95,80,6691.1,70.5,66.57,7.091,110.09,1.6537,1.6138,35.9,Y
서울,성북구,2012-02,527,22591.7,22000.0,81.68,89,8386.4,73.3,73.14,7.0,122.24,1.6712,1.6639,40.0,Y
서울,성북구,2012-03,429,21471.4,21000.0,78.32,85,8133.1,71.7,72.37,6.888,118.42,1.6364,1.6173,39.4,Y
서울,성북구,2012-04,406,21521.4,21000.0,78.52,66,7369.1,73.7,73.84,6.857,115.84,1.5687,1.6155,36.4,Y
서울,성북구,2012-05,450,21692.8,22000.0,78.24,74,6608.8,71.9,69.53,6.857,109.7,1.5777,1.6376,34.4,Y
서울,성북구,2012-06,469,21469.9,21000.0,76.39,102,7427.8,71.2,71.42,6.802,113.28,1.586,1.6325,37.2,Y
서울,성북구,2012-07,492,22733.8,23000.0,78.67,111,7160.6,67.0,67.25,6.857,107.94,1.6049,1.6412,37.9,Y
서울,성북구,2012-08,554,22386.8,22000.0,79.04,110,7342.6,69.5,68.99,6.75,110.78,1.6058,1.6031,37.3,Y
서울,성북구,2012-09,561,22844.1,23000.0,79.43,108,7853.6,71.1,70.79,6.72,115.1,1.6259,1.614,38.2,Y
서울,성북구,2012-10,589,22618.1,23000.0,78.71,118,7327.8,63.4,67.27,6.64,103.99,1.5459,1.5393,39.0,Y
서울,성북구,2012-11,461,22756.9,23000.0,79.72,114,6707.0,65.6,66.17,6.632,102.66,1.5514,1.5383,36.1,Y
서울,성북구,2012-12,469,22782.8,23000.0,79.3,80,7485.1,63.6,68.14,6.667,105.21,1.544,1.5382,39.5,Y
서울,성북구,2013-01,498,23711.1,23500.0,84.01,116,7133.3,77.4,71.97,6.632,116.78,1.6226,1.6833,33.8,Y
서울,성북구,2013-02,444,23349.6,23500.0,81.84,128,6512.7,59.8,62.46,6.545,95.36,1.5266,1.5013,37.3,Y
서울,성북구,2013-03,442,23822.3,23750.0,82.91,112,7877.5,71.1,72.7,6.514,113.84,1.566,1.5672,37.6,Y
서울,성북구,2013-04,348,23583.9,23500.0,83.74,90,8445.2,69.6,74.33,6.581,115.93,1.5596,1.5598,39.9,Y
서울,성북구,2013-05,326,23968.4,24000.0,81.82,89,7898.8,74.4,74.69,6.448,116.87,1.5648,1.6158,36.3,Y
서울,성북구,2013-06,365,23613.7,24000.0,79.3,90,9019.9,61.8,68.7,6.462,110.38,1.6067,1.6381,44.0,Y
서울,성북구,2013-07,320,22838.3,23000.0,76.45,206,6267.1,45.0,53.04,6.462,78.75,1.4846,1.19,42.9,Y
서울,성북구,2013-08,291,26133.2,26000.0,86.79,117,8586.0,69.3,70.52,6.462,115.53,1.6384,1.632,40.0,Y
서울,성북구,2013-09,285,25469.4,25000.0,80.53,109,8027.4,76.3,70.82,6.316,118.52,1.6735,1.7012,35.6,Y
서울,성북구,2013-10,373,26316.6,27000.0,82.61,104,9554.2,77.9,77.84,6.25,127.66,1.64,1.7089,39.0,Y
서울,성북구,2013-11,294,26299.3,27000.0,80.7,111,10566.4,70.1,77.75,6.261,125.24,1.6108,1.6139,44.0,Y
서울,성북구,2013-12,367,27274.7,27000.0,80.98,108,11381.9,74.3,79.65,6.0,131.18,1.6469,1.6541,43.4,Y
서울,성북구,2014-01,399,26981.3,27000.0,80.38,137,9650.4,73.9,75.28,6.0,122.16,1.6228,1.6238,39.5,Y
서울,성북구,2014-02,413,27095.1,27000.0,81.78,150,11191.4,66.1,74.47,5.739,119.66,1.6068,1.636,44.7,Y
서울,성북구,2014-03,433,26483.6,27000.0,80.35,122,10225.9,70.8,73.94,5.647,118.91,1.6081,1.6094,40.5,Y
서울,성북구,2014-04,355,27471.4,27000.0,80.98,118,11000.0,69.3,74.8,5.6,120.59,1.612,1.6277,42.6,Y
서울,성북구,2014-05,385,26201.8,27000.0,78.2,151,8088.6,57.2,62.01,5.57,94.72,1.5276,1.5078,39.6,Y
서울,성북구,2014-06,378,25879.5,27000.0,78.01,154,7966.6,59.3,63.69,5.647,96.79,1.5196,1.4654,38.7,Y
서울,성북구,2014-07,387,26126.9,26500.0,76.59,155,10057.7,57.3,66.02,5.625,104.45,1.582,1.5778,45.1,Y
서울,성북구,2014-08,451,27085.0,27500.0,77.6,140,11282.1,71.0,74.28,5.538,123.03,1.6562,1.6332,42.3,Y
서울,성북구,2014-09,447,27195.9,27500.0,78.96,116,11613.8,60.7,70.7,5.468,113.64,1.6072,1.5844,46.6,Y
서울,성북구,2014-10,489,28181.6,29000.0,80.09,141,13165.9,59.5,74.59,5.4,118.77,1.5924,1.6313,49.9,Y
서울,성북구,2014-11,373,26573.8,27000.0,78.54,139,9903.1,58.9,68.23,5.217,102.01,1.4951,1.4887,42.2,Y
서울,성북구,2014-12,415,27973.0,28000.0,79.04,140,12103.3,61.5,74.41,5.143,113.34,1.5233,1.5463,45.8,Y
서울,성북구,2015-01,503,28900.3,29000.0,82.07,189,11650.4,68.6,73.81,5.067,117.81,1.596,1.5857,41.8,Y
서울,성북구,2015-02,414,28286.5,28000.0,80.72,174,10508.1,68.1,71.5,5.0,111.93,1.5655,1.6,39.1,Y
서울,성북구,2015-03,466,28841.4,29000.0,80.95,192,13471.0,64.9,75.02,5.0,120.98,1.6126,1.6,46.4,Y
서울,성북구,2015-04,353,29236.3,30000.0,78.8,159,12621.1,65.4,73.38,5.0,117.94,1.6073,1.6268,44.6,Y
서울,성북구,2015-05,349,29753.8,30000.0,78.6,158,10755.5,68.1,72.85,4.93,112.27,1.5412,1.5509,39.4,Y
서울,성북구,2015-06,332,30002.6,30000.0,78.6,141,11499.7,69.2,71.14,4.802,115.21,1.6194,1.5916,39.9,Y
서울,성북구,2015-07,320,29287.1,30000.0,74.97,164,10666.1,64.1,68.77,4.8,106.79,1.5529,1.5573,40.0,Y
서울,성북구,2015-08,285,30590.2,32000.0,74.76,146,13060.6,64.0,73.05,4.706,115.25,1.5776,1.5857,44.4,Y
서울,성북구,2015-09,301,31068.5,33000.0,74.81,150,12419.6,64.7,71.78,4.619,112.54,1.5678,1.5471,42.5,Y
서울,성북구,2015-10,326,33678.1,34000.0,78.5,146,16025.3,68.3,76.93,4.547,128.98,1.6765,1.6807,47.1,Y
서울,성북구,2015-11,282,33113.3,34000.0,77.27,119,15173.9,67.2,75.26,4.496,124.09,1.6489,1.6303,45.8,Y
서울,성북구,2015-12,326,34299.8,34000.0,79.31,137,16824.8,65.4,77.79,4.467,128.0,1.6455,1.6797,48.9,Y
서울,성북구,2016-01,256,34231.5,34000.0,80.47,164,13748.6,73.0,72.31,4.421,123.67,1.7102,1.7138,41.0,Y
서울,성북구,2016-02,330,33879.3,35000.0,79.47,167,16051.3,64.6,75.75,4.444,124.07,1.6379,1.6119,47.9,Y
서울,성북구,2016-03,315,34322.2,35000.0,80.19,187,15374.9,67.6,76.21,4.364,123.52,1.6207,1.6367,45.3,Y
서울,성북구,2016-04,274,34214.9,34000.0,80.53,124,15680.9,64.8,77.33,4.364,121.84,1.5755,1.5666,46.8,Y
서울,성북구,2016-05,266,32959.2,33000.0,77.07,133,15689.8,65.0,76.18,4.364,122.04,1.602,1.6416,46.8,Y
서울,성북구,2016-06,286,33868.8,35000.0,78.46,144,15373.9,65.3,74.52,4.271,120.04,1.6108,1.6561,45.6,Y
서울,성북구,2016-07,304,32986.0,34000.0,76.65,141,16048.9,67.2,75.52,4.263,124.25,1.6453,1.6726,45.9,Y
서울,성북구,2016-08,290,34542.2,34750.0,78.93,156,15037.3,66.7,71.56,4.217,119.55,1.6705,1.6699,44.2,Y
서울,성북구,2016-09,297,35205.7,35500.0,76.45,156,15788.2,64.6,72.61,4.167,119.37,1.6441,1.6284,45.9,Y
서울,성북구,2016-10,333,34223.2,35000.0,75.86,157,16330.1,66.2,74.87,4.1,122.02,1.6297,1.6253,45.7,Y
서울,성북구,2016-11,326,34830.9,35000.0,76.36,140,16659.7,60.6,74.01,4.066,117.1,1.5822,1.6198,48.2,Y
서울,성북구,2016-12,361,36177.2,37000.0,80.35,148,18509.2,60.8,74.84,4.0,122.48,1.6365,1.597,50.4,Y
서울,성북구,2017-01,290,34171.3,35000.0,76.42,157,15376.0,72.9,76.89,4.0,124.19,1.6152,1.633,41.3,Y
서울,성북구,2017-02,387,34691.7,35000.0,76.43,177,14593.2,66.1,71.81,4.0,114.71,1.5974,1.6397,42.4,Y
서울,성북구,2017-03,346,34500.5,35000.0,78.99,152,14848.1,65.4,74.38,4.0,114.85,1.5442,1.5012,43.1,Y
서울,성북구,2017-04,270,34476.6,35000.0,79.19,134,13594.6,69.3,72.2,4.0,114.66,1.5881,1.5699,39.5,Y
서울,성북구,2017-05,278,34868.4,35000.0,79.42,139,13858.5,69.7,74.55,4.0,115.91,1.5549,1.5115,39.9,Y
서울,성북구,2017-06,293,34868.8,35000.0,76.94,117,11575.5,72.4,70.6,4.0,111.0,1.5722,1.609,34.8,Y
서울,성북구,2017-07,339,34407.5,35000.0,76.78,139,14310.3,64.9,73.81,3.999,112.64,1.5262,1.5098,42.3,Y
서울,성북구,2017-08,296,34917.1,35000.0,77.96,106,11677.9,72.4,69.0,3.953,110.9,1.6074,1.6111,34.7,Y
서울,성북구,2017-09,360,33480.8,35000.0,73.46,133,12329.8,72.1,70.09,3.927,112.48,1.6047,1.5766,35.9,Y
서울,성북구,2017-10,275,36496.1,36500.0,79.84,99,13954.2,69.2,70.51,3.953,115.14,1.6328,1.6653,39.9,Y
서울,성북구,2017-11,296,35430.1,36000.0,76.93,120,10758.4,67.9,65.91,3.953,103.36,1.5681,1.5,34.3,Y
서울,성북구,2017-12,328,37520.3,38000.0,79.07,131,14324.2,71.7,73.22,3.968,119.07,1.6262,1.6092,39.8,Y
서울,성북구,2018-01,351,35898.9,36000.0,76.04,152,11215.0,76.8,63.94,4.0,114.15,1.7853,1.7435,32.8,Y
서울,성북구,2018-02,336,36722.9,37000.0,78.94,151,14170.1,66.3,65.15,4.0,113.54,1.7426,1.7692,41.6,Y
서울,성북구,2018-03,453,38119.5,38000.0,80.06,153,13430.5,71.3,70.73,4.0,116.08,1.6413,1.6499,38.6,Y
서울,성북구,2018-04,307,36381.7,36000.0,78.69,105,13628.1,76.2,77.01,3.983,121.47,1.5773,1.6093,37.2,Y
서울,성북구,2018-05,269,36311.3,35000.0,77.09,94,13407.9,70.5,71.94,3.945,114.61,1.5932,1.5797,38.5,Y
서울,성북구,2018-06,304,36174.7,36500.0,77.14,127,10010.0,68.0,66.56,3.972,101.09,1.5188,1.5484,32.8,Y
서울,성북구,2018-07,306,35251.1,36000.0,74.66,126,9948.7,67.3,59.29,4.0,100.51,1.6951,1.6468,33.0,Y
서울,성북구,2018-08,369,37044.0,37500.0,78.71,122,11720.2,70.9,66.54,3.999,109.92,1.6521,1.6537,35.5,Y
서울,성북구,2018-09,388,37557.8,38000.0,77.34,99,15586.6,71.1,73.68,3.934,122.22,1.6588,1.6302,41.8,Y
서울,성북구,2018-10,418,37378.0,38000.0,76.12,137,13447.3,70.1,70.08,3.905,113.9,1.6253,1.6655,38.4,Y
서울,성북구,2018-11,351,37069.5,38000.0,77.82,123,11271.6,63.9,63.8,3.903,100.59,1.5767,1.5667,36.4,Y
서울,성북구,2018-12,389,37300.5,38000.0,77.97,146,11222.4,72.5,69.46,3.91,109.09,1.5707,1.6062,33.5,Y
서울,성북구,2019-01,510,36660.0,35000.0,74.15,182,10725.2,74.4,63.42,3.948,109.7,1.7297,1.7519,32.2,Y
서울,성북구,2019-02,490,35727.1,35000.0,74.1,177,10927.0,59.6,61.92,3.96,95.69,1.5453,1.566,37.7,Y
서울,성북구,2019-03,564,35414.4,35000.0,73.92,182,10925.6,70.9,67.62,4.0,107.34,1.5875,1.5836,33.9,Y
서울,성북구,2019-04,397,36078.0,36000.0,74.8,140,10430.9,79.4,70.93,4.0,114.13,1.6091,1.5652,30.5,Y
서울,성북구,2019-05,385,35828.7,35000.0,76.8,145,11437.3,74.6,69.65,4.0,112.73,1.6186,1.6127,33.8,Y
서울,성북구,2019-06,385,35261.9,35000.0,76.64,125,10584.5,73.7,74.77,4.0,109.01,1.4579,1.4909,32.4,Y
서울,성북구,2019-07,461,35650.2,35000.0,75.6,133,11434.6,67.1,65.26,4.0,105.24,1.6125,1.6173,36.2,Y
서울,성북구,2019-08,497,35588.3,35000.0,75.62,153,10409.0,70.1,65.77,4.0,104.79,1.5933,1.561,33.1,Y
서울,성북구,2019-09,453,35083.9,36000.0,74.81,127,9000.9,64.2,61.3,3.971,94.03,1.5341,1.5731,31.7,Y
서울,성북구,2019-10,542,36889.4,38000.0,76.68,133,11136.8,72.5,70.4,3.964,109.26,1.5521,1.5652,33.7,Y
서울,성북구,2019-11,467,38040.3,38000.0,76.93,171,11568.6,71.7,65.27,3.927,109.56,1.6784,1.6648,34.6,Y
서울,성북구,2019-12,529,39108.8,39000.0,75.25,329,9128.8,53.3,52.71,3.857,82.66,1.5681,1.4396,35.5,Y
서울,성북구,2020-01,453,39079.4,39000.0,75.01,202,10551.4,66.8,60.41,3.882,100.98,1.6715,1.6567,33.8,Y
서울,성북구,2020-02,487,39413.1,39000.0,77.18,237,10671.7,58.6,55.27,3.888,93.13,1.6851,1.606,37.1,Y
서울,성북구,2020-03,362,39673.4,39000.0,77.39,125,11461.0,69.0,65.12,3.874,105.98,1.6275,1.6112,34.9,Y
서울,성북구,2020-04,326,40060.3,40000.0,78.27,155,9133.5,57.5,59.18,3.84,86.75,1.4659,1.4328,33.7,Y
서울,성북구,2020-05,356,40143.9,39000.0,77.36,117,10875.1,71.2,63.25,3.82,105.84,1.6734,1.652,32.7,Y
서울,성북구,2020-06,471,39946.5,40000.0,77.52,152,9036.6,70.0,61.69,3.818,98.71,1.6001,1.5735,29.1,Y
서울,성북구,2020-07,534,42640.4,43000.0,74.86,169,12743.1,65.1,64.07,3.789,105.35,1.6443,1.6077,38.2,Y
서울,성북구,2020-08,406,43523.4,43000.0,76.15,148,14782.9,70.5,65.37,3.763,116.84,1.7873,1.7793,39.7,Y
서울,성북구,2020-09,350,45192.4,44500.0,77.06,150,10885.0,66.3,57.16,3.744,100.3,1.7549,1.7837,33.9,Y
서울,성북구,2020-10,377,45004.4,45000.0,76.77,142,17078.3,81.3,71.43,3.731,134.35,1.8809,1.8649,39.5,Y
서울,성북구,2020-11,362,46386.4,46750.0,73.56,176,16526.0,72.8,65.96,3.707,123.85,1.8776,1.887,41.2,Y
서울,성북구,2020-12,424,48664.6,48750.0,77.09,186,15600.8,78.5,66.43,3.75,127.25,1.9156,1.8619,38.3,Y
서울,성북구,2021-01,450,44938.0,46000.0,71.85,214,15203.3,80.6,65.45,3.857,129.43,1.9776,2.0251,37.8,Y
서울,성북구,2021-02,490,44525.1,45000.0,72.8,242,12970.2,59.2,54.4,3.958,101.97,1.8745,1.7078,42.0,Y
서울,성북구,2021-03,583,45800.6,43000.0,71.16,201,14195.6,80.7,62.82,3.958,127.5,2.0295,1.9646,36.7,Y
서울,성북구,2021-04,383,44856.2,43050.0,73.86,203,15189.4,76.1,64.06,3.84,124.67,1.9461,1.9066,39.0,Y
서울,성북구,2021-05,468,46569.3,45000.0,75.38,172,14619.4,63.7,65.05,3.762,109.49,1.6831,1.7021,41.9,Y
서울,성북구,2021-06,335,48474.7,49000.0,72.68,166,16105.1,82.1,65.25,3.75,132.39,2.029,2.0378,38.0,Y
서울,성북구,2021-07,362,48378.1,50000.0,71.06,265,10845.8,54.6,52.82,3.75,88.53,1.6761,1.3237,38.3,Y
서울,성북구,2021-08,340,46494.4,47000.0,71.46,179,16471.4,77.2,60.14,3.771,128.94,2.144,2.0011,40.1,Y
서울,성북구,2021-09,234,45359.8,49000.0,69.39,277,11615.5,57.3,51.9,3.756,93.68,1.8052,1.7858,38.8,Y
서울,성북구,2021-10,309,50891.0,50000.0,74.83,190,18267.7,86.6,69.44,3.871,145.52,2.0957,2.116,40.5,Y
서울,성북구,2021-11,328,50711.6,50000.0,75.09,252,14799.8,68.3,58.38,3.93,116.79,2.0003,1.966,41.5,Y
서울,성북구,2021-12,354,54260.1,55000.0,75.46,334,15575.8,71.2,58.44,3.78,120.25,2.0576,1.9526,40.8,Y
서울,성북구,2022-01,335,51035.2,51000.0,74.64,460,11408.0,62.9,52.95,3.94,100.4,1.8962,1.8035,37.3,Y
서울,성북구,2022-02,350,50370.1,50000.0,74.1,365,14863.0,74.5,58.11,3.947,123.42,2.1241,2.1231,39.6,Y
서울,성북구,2022-03,475,45778.8,47500.0,71.09,330,14255.1,69.7,58.82,3.923,116.3,1.9771,1.7254,40.1,Y
서울,성북구,2022-04,346,51572.1,51500.0,74.47,256,15920.2,89.2,65.27,3.965,141.79,2.1724,2.0866,37.1,Y
서울,성북구,2022-05,283,50265.9,52000.0,72.97,271,15893.7,81.4,61.71,3.928,133.44,2.1623,2.0637,39.0,Y
서울,성북구,2022-06,286,50061.7,50000.0,70.86,327,9872.6,56.9,51.04,4.08,90.5,1.7731,1.4166,37.1,Y
서울,성북구,2022-07,280,45996.3,49750.0,68.89,294,11497.5,66.0,53.62,4.075,105.04,1.9592,1.967,37.2,Y
서울,성북구,2022-08,218,47930.0,48000.0,74.17,188,15921.9,85.3,64.07,4.203,141.04,2.2012,2.2434,39.5,Y
서울,성북구,2022-09,247,45140.6,45000.0,70.96,199,15950.1,87.7,65.39,4.272,144.44,2.209,2.1999,39.3,Y
서울,성북구,2022-10,256,45536.4,46000.0,70.71,241,14882.0,90.8,65.57,4.277,143.82,2.1935,2.263,36.9,Y
서울,성북구,2022-11,282,42189.8,41562.5,70.33,282,13347.7,88.1,61.95,4.375,136.75,2.2076,2.2711,35.6,Y
서울,성북구,2022-12,379,41069.8,41000.0,70.08,306,13925.3,84.2,58.97,4.439,135.67,2.3004,2.3671,38.0,Y
서울,성북구,2023-01,360,40271.5,40000.0,69.17,335,11498.5,81.5,56.19,4.532,124.95,2.2236,2.3047,34.8,Y
서울,성북구,2023-02,472,41415.9,42000.0,72.62,330,11132.9,84.1,58.24,4.725,127.9,2.1961,2.228,34.3,Y
서울,성북구,2023-03,455,41984.7,41000.0,72.64,409,9407.5,62.3,54.61,4.8,99.94,1.83,1.6525,37.7,Y
서울,성북구,2023-04,371,42370.1,41500.0,75.33,312,10998.0,67.2,57.93,4.823,111.36,1.9224,1.9729,39.7,Y
서울,성북구,2023-05,347,43080.5,43000.0,77.52,216,13200.5,87.1,60.82,4.8,139.93,2.3007,2.3574,37.7,Y
서울,성북구,2023-06,296,42321.3,43000.0,74.42,254,10640.4,87.3,59.22,4.8,129.85,2.1926,2.1715,32.8,Y
서울,성북구,2023-07,359,41762.5,42000.0,72.06,245,12725.2,92.7,63.93,4.775,143.29,2.2415,2.3337,35.3,Y
서울,성북구,2023-08,346,42765.6,43000.0,73.48,204,14301.0,95.3,64.87,4.747,151.92,2.3419,2.3527,37.2,Y
서울,성북구,2023-09,337,41564.2,42000.0,72.27,249,11828.9,71.0,56.56,4.68,117.16,2.0713,2.1575,39.4,Y
서울,성북구,2023-10,332,46431.4,46000.0,75.5,208,15007.8,95.1,65.74,4.651,153.24,2.3312,2.327,38.0,Y
서울,성북구,2023-11,370,47128.3,47750.0,76.1,200,13095.4,95.2,63.14,4.62,145.65,2.3069,2.348,34.6,Y
서울,성북구,2023-12,366,49347.4,49500.0,75.99,305,12348.7,80.2,55.68,4.5,126.49,2.2718,2.231,36.6,Y
서울,성북구,2024-01,371,46479.2,47000.0,74.34,276,13637.0,79.2,54.47,4.496,130.28,2.3915,2.4568,39.2,Y
서울,성북구,2024-02,287,48629.2,49100.0,75.98,216,11315.1,100.5,55.18,4.471,142.62,2.5847,2.6517,29.6,Y
서울,성북구,2024-03,477,45587.0,46000.0,71.81,391,9504.9,64.9,50.92,4.465,100.31,1.9698,1.7068,35.3,Y
서울,성북구,2024-04,271,49076.0,49000.0,76.1,171,12033.9,93.5,61.16,4.5,138.6,2.2662,2.2709,32.6,Y
서울,성북구,2024-05,351,48156.7,48000.0,71.41,242,10851.7,78.1,55.2,4.49,118.68,2.15,2.1035,34.2,Y
서울,성북구,2024-06,309,48904.3,50000.0,72.67,214,11381.0,86.6,56.52,4.5,129.27,2.2871,2.2247,33.0,Y
서울,성북구,2024-07,345,48997.0,50000.0,72.3,216,11778.7,87.1,52.7,4.513,131.35,2.4924,2.3728,33.7,Y
서울,성북구,2024-08,317,50389.4,50000.0,75.49,177,13143.5,88.1,54.48,4.528,137.69,2.5273,2.5208,36.0,Y
서울,성북구,2024-09,238,49718.8,50000.0,73.01,155,9909.0,88.3,56.41,4.567,126.02,2.234,2.265,29.9,Y
서울,성북구,2024-10,313,49322.5,49000.0,74.93,187,14042.8,103.1,65.53,4.589,156.77,2.3923,2.3762,34.3,Y
서울,성북구,2024-11,280,50293.1,50000.0,72.35,211,15068.8,101.8,62.81,4.683,160.57,2.5567,2.6395,36.6,Y
서울,성북구,2024-12,281,50661.3,50000.0,73.78,238,13158.2,100.6,54.64,4.69,152.04,2.7826,2.8129,33.8,Y
서울,성북구,2025-01,303,48483.1,50000.0,74.4,217,12591.6,95.6,55.45,4.668,144.63,2.6082,2.6913,33.9,Y
서울,성북구,2025-02,325,47940.1,49000.0,72.06,242,12005.4,106.1,56.26,4.732,153.43,2.7269,2.8262,30.9,Y
서울,성북구,2025-03,445,49007.1,49500.0,72.28,235,13554.8,107.8,62.8,4.744,161.42,2.5703,2.6053,33.2,Y
서울,성북구,2025-04,369,50053.7,50000.0,72.49,244,11353.5,91.7,61.86,4.787,137.02,2.2152,2.2581,33.1,Y
서울,성북구,2025-05,339,50263.5,50000.0,75.01,405,11278.5,80.0,52.68,4.734,124.53,2.3641,2.2898,35.7,Y
서울,성북구,2025-06,333,50746.8,50000.0,72.91,427,11655.4,76.7,50.66,4.698,122.31,2.4143,2.261,37.3,Y
서울,성북구,2025-07,303,50686.6,51000.0,76.87,261,12400.4,94.4,56.4,4.737,143.37,2.542,2.4672,34.1,Y
서울,성북구,2025-08,241,49740.1,50000.0,74.34,187,12456.2,107.0,57.89,4.661,155.42,2.6847,2.7751,31.1,Y
서울,성북구,2025-09,273,49297.3,50000.0,73.89,226,12073.5,91.1,58.51,4.65,137.9,2.3569,2.5063,33.9,Y
서울,성북구,2025-10,260,52731.3,53000.0,77.45,193,14942.6,103.8,60.77,4.683,162.12,2.6677,2.6097,36.0,Y
서울,성북구,2025-11,285,55477.3,56000.0,78.06,222,15416.5,118.7,66.56,4.725,179.43,2.6957,2.7825,33.8,Y
서울,성북구,2025-12,279,57286.8,56000.0,80.43,273,15377.5,103.0,56.27,4.691,163.15,2.8995,2.9819,36.8,Y
서울,성북구,2026-01,216,55414.7,53000.0,78.58,215,14231.3,106.1,54.7,4.68,161.61,2.9547,3.2913,34.3,Y
서울,성북구,2026-02,150,55865.2,57000.0,74.41,179,16108.6,127.1,63.26,4.651,189.54,2.9961,3.1486,32.9,Y
서울,성북구,2026-03,170,55310.2,54000.0,74.15,149,16414.9,122.9,62.89,4.645,186.47,2.9651,3.1528,34.1,Y
서울,성북구,2026-04,157,56909.9,56000.0,76.28,149,15588.3,124.4,61.41,4.49,182.77,2.9761,3.039,31.9,Y
서울,성북구,2026-05,149,60855.0,63000.0,74.08,152,17106.4,127.7,65.24,4.643,193.85,2.9712,3.0701,34.1,Y
서울,성북구,2026-06,146,60628.8,60000.0,76.82,210,15140.8,100.9,54.93,4.737,160.65,2.9247,2.8022,37.2,Y
서울,성북구,2026-07,134,62591.6,65000.0,77.46,179,17260.5,104.7,55.63,4.8,173.77,3.1236,3.048,39.7,Y
서울,성북구,2026-08,107,59043.1,60900.0,71.96,114,20245.7,119.2,63.21,,,,,,Y
서울,성북구,2026-09,50,57519.0,60000.0,72.34,84,20159.1,110.2,54.24,,,,,,Y
서울,송파구,2011-01,1374,30967.0,28500.0,84.87,285,12487.9,104.5,78.42,6.667,173.88,2.2173,2.2091,39.9,Y
서울,송파구,2011-02,1162,29938.7,28000.0,82.83,254,10294.0,92.3,70.96,6.667,149.52,2.1072,1.9624,38.2,Y
서울,송파구,2011-03,1108,28292.2,26500.0,80.42,223,10677.9,99.0,73.77,6.667,158.31,2.1461,2.031,37.5,Y
서울,송파구,2011-04,852,28491.8,26000.0,81.68,190,9838.9,93.5,71.27,6.667,148.21,2.0794,1.9491,36.9,Y
서울,송파구,2011-05,742,29243.9,27000.0,83.15,179,10666.7,90.3,69.96,6.667,149.58,2.1381,1.9807,39.6,Y
서울,송파구,2011-06,791,30203.4,28000.0,82.79,194,10362.2,94.6,70.06,6.667,152.21,2.1726,2.1076,37.8,Y
서울,송파구,2011-07,833,31301.0,28500.0,83.55,195,11183.4,101.7,72.57,6.621,163.36,2.2511,2.1279,37.8,Y
서울,송파구,2011-08,941,30864.0,28000.0,79.93,237,10336.5,99.3,69.31,6.653,156.59,2.2593,2.0939,36.6,Y
서울,송파구,2011-09,796,31265.9,30000.0,77.84,211,11872.0,101.6,71.7,6.6,166.87,2.3272,2.1917,39.1,Y
서울,송파구,2011-10,878,32654.4,30000.0,79.88,189,11983.9,103.8,70.06,6.632,169.99,2.4265,2.2978,39.0,Y
서울,송파구,2011-11,766,32420.7,30000.0,80.47,173,13495.4,116.1,75.49,6.443,188.56,2.4978,2.5981,38.4,Y
서울,송파구,2011-12,939,33935.9,31000.0,81.9,182,15833.0,101.4,76.92,6.39,185.7,2.4141,2.4429,45.4,Y
서울,송파구,2012-01,952,33437.0,31000.0,81.66,227,13048.5,112.9,74.58,6.375,182.2,2.443,2.5103,38.0,Y
서울,송파구,2012-02,1145,31251.4,29500.0,80.64,222,10875.9,102.0,68.64,6.333,159.4,2.3222,2.2695,36.0,Y
서울,송파구,2012-03,965,30448.1,29000.0,79.47,190,11671.1,98.7,69.53,6.307,160.01,2.3012,2.1974,38.3,Y
서울,송파구,2012-04,752,31398.7,29000.0,82.15,161,10630.4,107.4,71.58,6.258,162.85,2.275,2.1105,34.0,Y
서울,송파구,2012-05,757,30483.9,28000.0,79.3,169,11078.1,103.3,72.08,6.329,161.7,2.2434,2.1452,36.1,Y
서울,송파구,2012-06,787,32551.4,30000.0,82.66,171,14657.7,109.4,76.8,6.316,186.52,2.4288,2.4895,41.4,Y
서울,송파구,2012-07,877,34085.7,31000.0,81.76,197,14769.0,102.6,73.54,6.316,180.36,2.4524,2.4508,43.1,Y
서울,송파구,2012-08,1047,34444.2,32000.0,80.51,258,15601.0,101.4,73.61,6.261,182.84,2.484,2.5433,44.5,Y
서울,송파구,2012-09,1083,35039.1,33000.0,81.53,304,17713.0,96.9,75.48,6.195,188.31,2.4947,2.5484,48.6,Y
서울,송파구,2012-10,1306,36637.7,35000.0,83.94,330,17267.1,97.0,76.36,6.182,185.9,2.4346,2.4851,47.8,Y
서울,송파구,2012-11,1060,37152.6,35000.0,84.76,288,17958.0,99.4,76.15,6.0,189.17,2.484,2.5622,47.5,Y
서울,송파구,2012-12,1199,37928.8,35300.0,85.74,263,17860.8,95.2,74.86,6.0,184.46,2.4639,2.4764,48.4,Y
서울,송파구,2013-01,1102,36981.2,34000.0,85.2,359,17387.1,99.7,77.67,5.793,183.66,2.3646,2.3871,45.7,Y
서울,송파구,2013-02,1085,36311.4,33500.0,85.82,295,17378.0,97.1,77.56,5.739,180.25,2.3238,2.3331,46.1,Y
서울,송파구,2013-03,1005,34844.7,32000.0,83.16,277,16530.4,91.2,76.73,5.676,169.43,2.208,2.0588,46.1,Y
서울,송파구,2013-04,909,31454.3,29000.0,82.29,239,12314.7,84.9,67.78,5.581,142.19,2.0979,1.9321,40.3,Y
서울,송파구,2013-05,788,35269.1,31500.0,82.95,215,15170.3,98.1,77.04,5.523,167.87,2.1789,2.0723,41.6,Y
서울,송파구,2013-06,761,36741.4,34000.0,84.73,222,16705.1,109.1,77.18,5.455,185.04,2.3976,2.5392,41.0,Y
서울,송파구,2013-07,733,35734.6,32000.0,83.67,243,16873.6,100.8,76.73,5.5,178.13,2.3217,2.2624,43.4,Y
서울,송파구,2013-08,712,36441.6,33000.0,84.12,273,16590.3,100.9,75.54,5.469,176.55,2.3372,2.3886,42.8,Y
서울,송파구,2013-09,595,37682.6,35000.0,85.01,231,18859.6,102.2,77.41,5.4,187.02,2.416,2.4679,45.4,Y
서울,송파구,2013-10,714,39513.6,35000.0,84.79,302,19297.7,100.3,75.87,5.447,187.88,2.4763,2.4715,46.6,Y
서울,송파구,2013-11,669,40235.9,36000.0,85.58,250,21111.9,100.5,80.94,5.333,194.33,2.4008,2.4025,48.3,Y
서울,송파구,2013-12,793,40644.6,37000.0,85.44,325,24627.6,86.0,78.34,5.28,194.34,2.4807,2.5021,55.8,Y
서울,송파구,2014-01,846,38819.9,35000.0,83.01,319,20936.7,89.2,76.32,5.155,179.11,2.3469,2.2727,50.2,Y
서울,송파구,2014-02,928,38360.4,35000.0,83.54,329,19597.1,89.1,74.57,5.059,171.71,2.3027,2.2169,48.1,Y
서울,송파구,2014-03,930,38868.5,35000.0,83.66,301,17679.7,89.4,71.48,5.059,163.97,2.2939,2.2322,45.5,Y
서울,송파구,2014-04,829,38267.7,35000.0,83.26,238,18623.4,86.9,73.78,5.044,165.19,2.239,2.0867,47.4,Y
서울,송파구,2014-05,766,38962.1,34750.0,81.1,250,19196.7,88.6,75.25,5.047,169.32,2.25,2.2401,47.7,Y
서울,송파구,2014-06,735,39389.0,36000.0,83.11,257,21229.6,94.2,77.51,5.059,183.69,2.3697,2.486,48.7,Y
서울,송파구,2014-07,930,39625.1,36000.0,80.58,287,22818.1,92.6,77.77,5.04,188.4,2.4226,2.5559,50.9,Y
서울,송파구,2014-08,934,41960.0,38000.0,82.37,320,23132.7,86.9,75.07,5.0,183.31,2.4418,2.5105,52.6,Y
서울,송파구,2014-09,982,41604.3,38000.0,83.27,337,24029.8,87.6,77.98,4.9,185.7,2.3814,2.4601,52.8,Y
서울,송파구,2014-10,1113,42948.7,40000.0,84.69,396,24727.0,83.8,78.12,4.8,182.71,2.339,2.4157,54.1,Y
서울,송파구,2014-11,944,44417.0,41000.0,86.5,353,26766.5,81.0,81.66,4.695,185.76,2.2747,2.3678,56.4,Y
서울,송파구,2014-12,1083,45426.8,42000.0,86.13,475,25980.5,87.8,81.72,4.625,187.95,2.2999,2.3718,53.3,Y
서울,송파구,2015-01,1041,43873.4,41000.0,85.21,534,24291.2,83.8,80.09,4.588,176.67,2.2059,2.211,52.6,Y
서울,송파구,2015-02,907,43925.4,40000.0,85.89,408,25397.1,80.2,79.32,4.571,176.92,2.2306,2.1602,54.7,Y
서울,송파구,2015-03,1058,44162.7,40000.0,86.78,522,24984.5,84.7,80.95,4.526,178.98,2.211,2.1288,52.7,Y
서울,송파구,2015-04,771,42266.5,40000.0,84.37,424,22496.5,82.6,78.0,4.457,166.18,2.1304,1.9973,50.3,Y
서울,송파구,2015-05,679,44524.0,40000.0,86.03,382,27529.3,79.3,81.67,4.444,181.3,2.2199,2.1173,56.2,Y
서울,송파구,2015-06,604,45998.2,43000.0,84.05,357,27913.1,81.1,80.36,4.448,184.56,2.2967,2.2065,56.1,Y
서울,송파구,2015-07,666,45929.1,42000.0,83.02,370,24711.2,89.8,80.23,4.4,180.43,2.2489,2.1411,50.2,Y
서울,송파구,2015-08,584,45464.2,42000.0,83.71,382,26655.0,78.7,77.85,4.32,174.61,2.2428,2.0722,55.0,Y
서울,송파구,2015-09,486,47892.8,45000.0,83.19,358,26649.0,81.2,77.16,4.286,176.36,2.2856,2.1896,54.0,Y
서울,송파구,2015-10,706,48399.3,45000.0,84.82,451,29116.3,86.3,80.93,4.2,188.26,2.3263,2.2358,54.1,Y
서울,송파구,2015-11,609,50634.9,46000.0,85.74,395,31143.9,82.8,82.96,4.114,189.58,2.2851,2.2226,56.3,Y
서울,송파구,2015-12,767,50488.7,45000.0,85.18,481,32951.6,80.5,81.48,4.0,190.33,2.3358,2.2273,57.7,Y
서울,송파구,2016-01,740,49012.9,45000.0,81.71,456,29561.3,76.8,77.33,3.997,175.28,2.2665,2.1517,56.2,Y
서울,송파구,2016-02,679,46825.6,42000.0,81.69,451,30225.8,70.8,77.79,3.983,171.18,2.2005,2.041,58.6,Y
서울,송파구,2016-03,693,44702.5,41000.0,81.83,417,28118.2,71.5,80.31,3.963,164.38,2.0468,1.9435,56.5,Y
서울,송파구,2016-04,617,47533.3,43000.0,83.24,351,29990.8,67.8,77.44,4.0,167.82,2.1669,2.0059,59.6,Y
서울,송파구,2016-05,694,46133.0,43000.0,83.2,329,29031.0,78.9,80.62,4.0,175.72,2.1795,2.0599,55.1,Y
서울,송파구,2016-06,791,48575.4,44000.0,84.09,367,30201.9,80.3,79.53,3.943,179.49,2.257,2.0143,55.3,Y
서울,송파구,2016-07,783,46937.6,45000.0,82.87,345,29574.0,74.2,77.99,3.923,170.87,2.191,2.0255,56.6,Y
서울,송파구,2016-08,856,49668.6,46000.0,83.63,400,33544.3,75.8,81.01,3.857,183.65,2.267,2.2847,58.7,Y
서울,송파구,2016-09,842,50441.9,46000.0,83.42,373,30677.0,73.4,77.79,3.789,170.3,2.1892,2.096,56.9,Y
서울,송파구,2016-10,1139,49308.8,45000.0,82.66,496,32321.1,77.0,79.54,3.75,177.99,2.2378,2.2562,56.7,Y
서울,송파구,2016-11,864,50253.9,48000.0,83.24,467,32526.6,76.4,79.39,3.731,177.56,2.2367,2.2399,57.0,Y
서울,송파구,2016-12,989,51927.8,48000.0,84.27,553,34939.8,76.2,81.13,3.636,182.05,2.2438,2.3147,58.1,Y
서울,송파구,2017-01,701,51782.2,47000.0,84.84,367,29477.3,81.4,78.55,3.6,169.8,2.1617,2.1185,52.1,Y
서울,송파구,2017-02,950,49078.8,45000.0,83.48,479,30893.4,75.7,79.53,3.6,168.41,2.1176,2.0358,55.0,Y
서울,송파구,2017-03,966,45718.0,40000.0,80.91,456,29249.8,79.0,80.8,3.6,166.75,2.0636,1.9172,52.6,Y
서울,송파구,2017-04,764,46924.8,43000.0,81.94,568,18821.3,59.5,66.12,3.6,115.98,1.7541,1.5593,48.7,Y
서울,송파구,2017-05,743,50690.9,47000.0,83.13,385,26108.6,77.3,74.91,3.6,155.6,2.0773,1.9501,50.3,Y
서울,송파구,2017-06,835,48363.9,44000.0,81.54,318,26561.1,92.8,81.02,3.6,172.44,2.1283,2.0035,46.2,Y
서울,송파구,2017-07,783,51286.5,48000.0,83.04,365,27708.2,90.8,80.09,3.6,173.9,2.1714,2.066,47.8,Y
서울,송파구,2017-08,750,50166.6,45000.0,80.79,351,26167.2,90.5,77.73,3.633,169.72,2.1834,2.1234,46.7,Y
서울,송파구,2017-09,746,53678.2,50000.0,82.04,400,24046.7,92.0,76.41,3.639,164.94,2.1586,2.099,44.2,Y
서울,송파구,2017-10,696,52117.0,49500.0,80.81,353,26565.2,86.1,77.75,3.564,165.04,2.1227,2.0087,47.8,Y
서울,송파구,2017-11,813,54748.9,52000.0,83.27,351,28357.9,91.6,78.77,3.52,174.74,2.2184,2.2097,47.6,Y
서울,송파구,2017-12,914,55994.8,52000.0,83.61,420,30059.6,102.4,78.3,3.529,190.8,2.4368,2.5554,46.3,Y
서울,송파구,2018-01,898,53752.9,50000.0,81.54,439,26855.7,95.8,76.12,3.5,174.14,2.2877,2.235,45.0,Y
서울,송파구,2018-02,891,50085.2,47000.0,80.43,354,26097.5,79.0,72.43,3.504,155.21,2.143,1.9809,49.1,Y
서울,송파구,2018-03,1046,51265.4,49000.0,81.97,376,25885.1,86.7,75.24,3.503,162.21,2.1558,2.0618,46.6,Y
서울,송파구,2018-04,757,51494.4,48000.0,82.17,294,26529.3,98.2,77.06,3.598,177.77,2.3069,2.1448,44.7,Y
서울,송파구,2018-05,729,50970.3,48000.0,81.38,301,25781.4,90.6,74.4,3.6,167.99,2.258,2.3021,46.0,Y
서울,송파구,2018-06,788,52197.0,50000.0,82.31,318,29415.7,90.6,81.35,3.6,178.87,2.1988,2.2777,49.3,Y
서울,송파구,2018-07,740,53422.7,50000.0,80.67,336,27889.4,89.7,80.07,3.635,174.19,2.1756,2.1073,48.5,Y
서울,송파구,2018-08,861,54513.7,51500.0,82.71,309,25160.2,93.0,77.25,3.637,169.27,2.1912,2.131,45.1,Y
서울,송파구,2018-09,906,54762.8,50750.0,81.22,363,28429.1,89.3,76.74,3.636,175.43,2.2861,2.2463,49.1,Y
서울,송파구,2018-10,1279,54017.2,50000.0,79.78,507,27387.9,90.0,77.9,3.6,172.17,2.2102,2.2029,47.7,Y
서울,송파구,2018-11,1023,55739.8,54000.0,82.05,409,28889.8,89.0,78.22,3.6,175.7,2.2463,2.2366,49.3,Y
서울,송파구,2018-12,1160,57212.9,55000.0,83.32,524,28978.9,104.5,78.91,3.6,191.45,2.4262,2.5913,45.4,Y
서울,송파구,2019-01,1643,53564.2,53000.0,79.75,682,25482.9,103.5,77.84,3.6,179.96,2.3121,2.2949,42.5,Y
서울,송파구,2019-02,1165,53294.7,50000.0,81.86,693,23727.4,80.9,69.36,3.6,152.11,2.193,2.1696,46.8,Y
서울,송파구,2019-03,1305,53740.2,51000.0,81.64,565,25122.7,102.3,78.88,3.595,177.58,2.2512,2.2932,42.4,Y
서울,송파구,2019-04,916,49982.6,49000.0,80.53,423,21832.4,98.6,74.32,3.6,164.11,2.208,2.177,39.9,Y
서울,송파구,2019-05,751,55682.5,51000.0,84.33,353,24289.8,103.8,76.87,3.611,176.86,2.3008,2.2931,41.3,Y
서울,송파구,2019-06,752,54789.9,50250.0,81.01,276,24984.7,100.9,77.66,3.601,175.85,2.2644,2.2889,42.6,Y
서울,송파구,2019-07,790,56307.2,51000.0,82.09,274,27087.0,107.0,81.1,3.6,188.29,2.3215,2.3632,43.2,Y
서울,송파구,2019-08,789,54671.4,50000.0,81.01,287,25932.7,96.4,78.21,3.6,174.19,2.2272,2.1164,44.7,Y
서울,송파구,2019-09,703,56550.7,52500.0,83.87,261,24455.6,102.1,76.49,3.606,175.55,2.2949,2.2971,41.9,Y
서울,송파구,2019-10,981,57275.2,53000.0,80.83,373,24122.6,100.9,75.32,3.6,173.24,2.3002,2.1786,41.8,Y
서울,송파구,2019-11,1024,60418.2,56000.0,82.24,419,28547.2,102.8,79.13,3.568,187.69,2.3719,2.4644,45.2,Y
서울,송파구,2019-12,1289,57971.6,52000.0,80.0,772,21332.9,67.7,64.32,3.36,127.42,1.9811,1.578,46.9,Y
서울,송파구,2020-01,857,56989.9,52000.0,80.04,432,24000.9,87.8,70.47,3.444,156.71,2.2238,2.0536,44.0,Y
서울,송파구,2020-02,1198,54570.0,50000.0,78.04,571,22592.5,78.4,67.96,3.474,143.84,2.1167,1.7808,45.5,Y
서울,송파구,2020-03,754,54361.7,49175.0,78.42,339,23798.7,87.7,69.03,3.494,156.95,2.2735,2.1473,44.2,Y
서울,송파구,2020-04,679,57256.5,50000.0,79.23,323,29011.8,88.7,72.51,3.491,173.14,2.3877,2.3001,48.7,Y
서울,송파구,2020-05,843,60172.5,56500.0,79.65,323,28348.1,113.1,78.08,3.436,194.28,2.4881,2.568,41.8,Y
서울,송파구,2020-06,1059,64094.4,60000.0,82.62,368,28957.6,105.2,76.59,3.512,189.89,2.4792,2.362,44.6,Y
서울,송파구,2020-07,1267,63391.5,60000.0,82.38,460,31931.6,106.4,78.95,3.512,199.8,2.5307,2.4217,46.8,Y
서울,송파구,2020-08,792,63627.4,60000.0,81.28,679,22585.5,67.6,64.77,3.455,132.63,2.0476,1.6606,49.0,Y
서울,송파구,2020-09,685,63557.5,60000.0,80.23,354,34252.7,105.6,76.17,3.467,204.51,2.6849,2.6813,48.4,Y
서울,송파구,2020-10,959,63487.0,60000.0,80.54,476,34120.9,104.1,74.68,3.493,203.41,2.7238,2.7025,48.8,Y
서울,송파구,2020-11,880,67732.3,63000.0,79.43,663,28875.1,85.0,65.66,3.555,170.51,2.5968,2.0991,50.2,Y
서울,송파구,2020-12,1086,70329.9,65050.0,82.77,618,35075.2,106.4,75.39,3.6,211.65,2.8072,2.6488,49.7,Y
서울,송파구,2021-01,1022,69378.9,67000.0,80.74,579,32952.3,104.7,73.93,3.673,205.59,2.781,2.6832,49.1,Y
서울,송파구,2021-02,949,65153.1,61950.0,80.23,441,34288.5,112.3,77.31,3.871,222.91,2.8831,2.7814,49.6,Y
서울,송파구,2021-03,958,66982.3,63000.0,79.61,495,32915.7,105.1,72.5,3.99,214.53,2.9592,2.8208,51.0,Y
서울,송파구,2021-04,906,63448.4,60000.0,80.48,453,31564.1,106.0,75.98,4.019,211.69,2.786,2.6051,49.9,Y
서울,송파구,2021-05,939,70537.0,66000.0,82.76,615,28736.5,96.0,69.42,3.992,191.62,2.7604,2.3229,49.9,Y
서울,송파구,2021-06,637,70827.3,65000.0,77.05,416,31004.3,131.4,71.74,4.0,234.77,3.2727,3.1408,44.0,Y
서울,송파구,2021-07,581,73030.0,67000.0,78.9,479,29126.0,113.4,69.11,4.021,211.02,3.0534,2.6538,46.3,Y
서울,송파구,2021-08,529,68272.1,65000.0,76.85,677,18982.6,87.7,65.0,3.933,149.92,2.3064,1.5166,41.5,Y
서울,송파구,2021-09,531,71511.8,70000.0,77.1,421,28905.4,117.6,70.54,3.9,211.54,2.9988,2.6511,44.4,Y
서울,송파구,2021-10,665,74994.2,70000.0,78.96,752,25433.3,101.5,68.21,3.862,183.37,2.6883,2.2527,44.6,Y
서울,송파구,2021-11,614,78230.7,74500.0,81.75,464,36753.4,144.3,76.69,3.875,263.0,3.4294,3.3014,45.1,Y
서울,송파구,2021-12,887,65216.8,56000.0,76.26,1115,22886.1,77.7,60.05,3.831,150.71,2.5099,2.0826,48.5,Y
서울,송파구,2022-01,707,67882.8,64000.0,76.76,772,24527.5,91.3,64.13,3.842,169.85,2.6486,2.3992,46.2,Y
서울,송파구,2022-02,671,63579.1,64000.0,74.39,785,22692.8,90.4,61.6,3.814,162.49,2.6377,2.397,44.4,Y
서울,송파구,2022-03,678,64703.3,63000.0,78.58,550,26322.3,113.4,70.82,3.855,197.93,2.7946,2.5641,42.7,Y
서울,송파구,2022-04,532,73110.1,70000.0,80.85,539,29705.3,123.3,73.89,3.871,219.16,2.966,2.8178,43.7,Y
서울,송파구,2022-05,513,74183.0,70000.0,80.79,502,29065.1,113.3,69.77,3.766,204.5,2.9311,2.5705,44.6,Y
서울,송파구,2022-06,473,73693.3,70000.0,77.61,397,31978.4,131.1,74.2,3.865,234.15,3.1557,2.9806,44.0,Y
서울,송파구,2022-07,427,71423.5,65000.0,76.63,683,21843.1,98.6,54.89,3.881,169.24,3.0831,3.1702,41.7,Y
서울,송파구,2022-08,407,67630.5,60000.0,77.29,652,20132.0,89.0,61.47,3.84,153.46,2.4965,1.967,42.0,Y
서울,송파구,2022-09,420,69250.2,64750.0,79.02,483,28677.2,131.1,70.35,3.871,223.64,3.1789,3.0148,41.4,Y
서울,송파구,2022-10,528,66430.5,61500.0,77.13,521,28293.8,139.5,73.19,3.936,232.33,3.1744,3.0785,39.9,Y
서울,송파구,2022-11,536,62445.1,60000.0,76.48,671,24948.1,112.3,68.01,4.08,197.17,2.8991,2.6506,43.0,Y
서울,송파구,2022-12,653,66789.4,63000.0,78.11,798,25405.7,115.7,70.18,4.201,204.68,2.9165,2.7644,43.4,Y
서울,송파구,2023-01,1084,53789.3,41756.0,77.17,576,24714.6,128.4,68.2,4.311,217.15,3.1843,2.9842,40.9,Y
서울,송파구,2023-02,955,60629.7,57000.0,77.64,995,17857.3,88.5,63.84,4.507,155.54,2.4363,2.1583,43.1,Y
서울,송파구,2023-03,1024,61829.9,55500.0,79.13,616,24023.8,117.2,69.08,4.667,210.64,3.0491,2.7076,44.4,Y
서울,송파구,2023-04,954,54705.8,51887.5,78.53,565,21058.2,119.3,70.38,4.714,202.06,2.8711,2.6232,40.9,Y
서울,송파구,2023-05,745,60303.2,55000.0,81.08,1321,16605.7,64.1,51.6,4.459,125.77,2.4375,1.8527,49.1,Y
서울,송파구,2023-06,602,64644.5,60000.0,80.01,447,23255.8,135.2,68.54,4.444,221.33,3.2291,2.917,38.9,Y
서울,송파구,2023-07,627,63052.9,60000.0,78.56,529,21495.7,106.0,57.81,4.364,184.18,3.1858,3.2632,42.4,Y
서울,송파구,2023-08,588,65947.2,60000.0,78.7,346,24402.2,147.3,70.7,4.278,234.26,3.3133,3.0923,37.1,Y
서울,송파구,2023-09,700,65678.5,60000.0,79.64,400,27010.5,126.3,68.73,4.126,219.18,3.189,2.7817,42.4,Y
서울,송파구,2023-10,717,65850.4,62000.0,80.17,559,23714.0,135.3,71.64,4.011,214.61,2.9956,2.7481,36.9,Y
서울,송파구,2023-11,692,71329.6,67000.0,80.72,493,27958.3,155.8,72.96,4.372,257.64,3.5314,3.4382,39.5,Y
서울,송파구,2023-12,1223,58703.7,48000.0,75.99,831,22499.6,108.1,62.87,4.337,189.45,3.0136,2.3931,42.9,Y
서울,송파구,2024-01,800,64822.5,57000.0,77.66,685,23522.8,108.4,63.63,4.364,193.94,3.0479,2.7581,44.1,Y
서울,송파구,2024-02,562,60045.0,56250.0,74.39,588,18949.6,93.6,57.24,4.385,162.86,2.8453,2.9471,42.5,Y
서울,송파구,2024-03,720,63520.5,58500.0,76.54,740,18859.8,83.5,56.4,4.39,152.45,2.703,2.3982,45.3,Y
서울,송파구,2024-04,571,68789.1,64500.0,80.71,402,21104.7,129.1,63.02,4.385,206.26,3.2732,2.9788,37.4,Y
서울,송파구,2024-05,707,68637.3,63000.0,78.45,484,24043.4,120.1,66.48,4.329,206.82,3.111,2.5589,41.9,Y
서울,송파구,2024-06,623,71055.2,64000.0,79.35,375,23413.9,133.4,67.77,4.32,217.69,3.212,3.1223,38.7,Y
서울,송파구,2024-07,644,72512.3,67000.0,81.43,436,23033.8,127.6,63.81,4.32,210.57,3.2997,2.9514,39.4,Y
서울,송파구,2024-08,611,72066.1,64000.0,81.97,591,19509.2,93.0,61.54,4.25,162.09,2.6338,1.9735,42.6,Y
서울,송파구,2024-09,492,67224.8,61000.0,78.47,369,22103.0,129.3,65.71,4.205,206.74,3.1463,2.7294,37.5,Y
서울,송파구,2024-10,697,69114.2,64000.0,80.09,489,25502.9,135.7,69.57,4.235,225.73,3.2447,2.932,39.9,Y
서울,송파구,2024-11,735,69546.4,63000.0,80.54,491,26879.3,161.8,72.25,4.299,258.04,3.5713,3.15,37.3,Y
서울,송파구,2024-12,817,73337.5,67000.0,82.29,536,27888.4,142.6,73.21,4.348,243.65,3.3282,3.0237,41.5,Y
서울,송파구,2025-01,973,60307.1,50000.0,80.25,468,27872.4,158.2,73.12,4.408,260.54,3.5631,3.3383,39.3,Y
서울,송파구,2025-02,661,69864.8,64000.0,81.29,754,19301.1,111.6,65.92,4.5,183.94,2.7904,2.425,39.3,Y
서울,송파구,2025-03,764,70108.6,65000.0,79.66,493,25836.7,132.1,68.34,4.541,229.86,3.3634,3.0064,42.5,Y
서울,송파구,2025-04,667,64663.3,65000.0,79.94,464,22386.1,132.1,66.93,4.623,218.38,3.2625,2.9982,39.5,Y
서울,송파구,2025-05,585,74848.4,72000.0,83.31,888,18795.0,78.1,54.99,4.499,148.56,2.7017,1.9709,47.4,Y
서울,송파구,2025-06,533,76308.6,72000.0,79.07,347,25301.7,144.2,68.96,4.484,238.7,3.4613,3.1501,39.6,Y
서울,송파구,2025-07,438,75176.3,71500.0,79.81,497,23147.5,120.1,60.3,4.381,204.64,3.394,2.658,41.3,Y
서울,송파구,2025-08,373,72111.9,68000.0,79.99,347,25152.0,173.4,72.51,4.394,265.49,3.6617,3.6082,34.7,Y
서울,송파구,2025-09,431,73874.9,70000.0,81.18,376,28761.3,168.7,72.1,4.344,272.83,3.7838,3.6113,38.2,Y
서울,송파구,2025-10,445,83234.0,80000.0,81.68,470,28287.0,143.6,69.96,4.267,244.21,3.4905,3.2461,41.2,Y
서울,송파구,2025-11,596,83286.5,82000.0,80.58,496,34878.7,186.5,77.05,4.505,317.45,4.1202,4.2364,41.2,Y
서울,송파구,2025-12,565,83339.8,75000.0,80.59,720,27983.5,118.1,60.78,4.401,220.74,3.6315,2.602,46.5,Y
서울,송파구,2026-01,477,77162.5,73000.0,80.52,462,29314.5,185.3,74.57,4.447,293.9,3.9413,3.9754,37.0,Y
서울,송파구,2026-02,389,79819.4,75000.0,82.75,354,26334.2,151.0,67.02,4.436,248.33,3.7052,3.5719,39.2,Y
서울,송파구,2026-03,473,78591.6,75000.0,80.36,489,25464.3,153.9,67.83,4.414,247.54,3.6493,3.6611,37.8,Y
서울,송파구,2026-04,383,84885.1,80000.0,83.19,528,25630.4,163.3,70.64,4.383,256.94,3.6373,3.6672,36.4,Y
서울,송파구,2026-05,404,88607.1,85000.0,83.04,409,32296.8,184.3,73.01,4.361,301.64,4.1316,4.1838,38.9,Y
서울,송파구,2026-06,291,93035.7,87000.0,85.02,437,30522.5,167.6,68.26,4.488,281.71,4.1271,3.9791,40.5,Y
서울,송파구,2026-07,387,83321.9,78000.0,79.96,358,33091.2,177.8,69.37,4.44,300.21,4.3278,4.2065,40.8,Y
서울,송파구,2026-08,245,86992.8,85000.0,80.12,223,37294.6,184.2,73.88,,,,,,Y
서울,송파구,2026-09,164,85250.0,80000.0,77.43,175,39553.5,181.4,71.72,,,,,,Y
서울,양천구,2011-01,666,25167.2,24000.0,79.43,111,9395.5,65.7,67.5,7.279,122.67,1.8172,1.8232,46.5,Y
서울,양천구,2011-02,714,25286.7,24000.0,79.73,105,7975.0,55.0,62.25,7.279,103.42,1.6614,1.6033,46.8,Y
서울,양천구,2011-03,895,20321.8,18000.0,74.57,187,5864.2,47.4,57.6,7.279,83.01,1.4411,1.0675,42.9,Y
서울,양천구,2011-04,542,24283.5,23000.0,78.47,93,8075.9,74.0,73.11,7.279,123.03,1.6827,1.6656,39.8,Y
서울,양천구,2011-05,574,23965.3,22000.0,78.98,119,8389.9,56.0,64.7,7.279,106.93,1.6526,1.483,47.6,Y
서울,양천구,2011-06,584,24381.4,22500.0,77.53,104,9965.6,61.8,68.65,7.279,122.27,1.7812,1.6687,49.4,Y
서울,양천구,2011-07,598,24000.2,21000.0,76.26,106,8836.1,60.8,63.39,7.471,115.77,1.8263,1.8379,47.5,Y
서울,양천구,2011-08,571,24286.4,20000.0,78.3,100,8582.0,68.9,66.92,7.478,122.39,1.8291,1.8168,43.7,Y
서울,양천구,2011-09,528,25584.4,23000.0,78.7,72,7223.3,67.3,64.14,7.475,112.32,1.7511,1.6893,40.1,Y
서울,양천구,2011-10,533,26625.4,25000.0,80.12,86,10644.5,77.8,72.35,7.475,144.07,1.9913,1.9944,46.0,Y
서울,양천구,2011-11,481,28608.1,26500.0,83.43,75,9794.2,73.7,67.28,7.478,134.74,2.0028,2.0213,45.3,Y
서울,양천구,2011-12,584,29381.1,27000.0,83.14,73,10634.7,60.1,65.2,7.478,126.33,1.9376,1.8316,52.5,Y
서울,양천구,2012-01,560,27573.2,25500.0,80.33,83,11721.6,73.2,73.49,7.333,144.79,1.9703,1.8608,49.5,Y
서울,양천구,2012-02,752,27648.3,25000.0,80.92,98,10137.6,70.2,69.44,7.153,130.59,1.8808,1.8248,46.3,Y
서울,양천구,2012-03,609,24823.5,22000.0,77.42,88,8682.4,67.5,69.06,7.167,119.33,1.7279,1.6714,43.5,Y
서울,양천구,2012-04,493,24688.5,22000.0,79.28,68,7966.9,66.5,63.54,6.952,112.62,1.7726,1.7345,41.0,Y
서울,양천구,2012-05,446,24786.4,22750.0,76.3,51,9713.3,81.8,74.72,6.919,137.77,1.8439,1.8375,40.7,Y
서울,양천구,2012-06,481,25649.7,23500.0,78.01,65,9618.0,79.4,70.46,6.895,134.71,1.912,1.9397,41.0,Y
서울,양천구,2012-07,440,25364.4,22000.0,78.55,62,7276.9,67.6,64.72,6.857,109.18,1.687,1.7812,38.1,Y
서울,양천구,2012-08,459,25166.9,23000.0,77.95,73,9069.5,76.1,69.28,6.954,128.63,1.8567,1.8414,40.9,Y
서울,양천구,2012-09,517,25212.2,23000.0,79.06,59,8094.5,79.6,71.17,6.993,126.75,1.7809,1.8189,37.2,Y
서울,양천구,2012-10,566,26172.6,24250.0,79.23,73,10083.7,74.8,69.62,6.968,133.36,1.9157,1.8745,43.9,Y
서울,양천구,2012-11,531,28352.6,26000.0,81.46,75,10565.3,74.5,74.08,6.931,135.55,1.8297,1.8222,45.0,Y
서울,양천구,2012-12,604,30693.0,28000.0,84.15,88,11390.5,78.7,74.6,6.816,143.43,1.9226,2.0042,45.1,Y
서울,양천구,2013-01,609,28429.8,26000.0,80.59,93,11459.8,78.3,74.94,6.701,142.3,1.8989,1.9159,45.0,Y
서울,양천구,2013-02,603,27766.6,26000.0,79.28,99,12325.8,69.6,74.15,6.545,136.87,1.8459,1.7994,49.1,Y
서울,양천구,2013-03,573,25921.7,23000.0,77.91,98,11796.3,56.6,68.92,6.462,120.11,1.7427,1.7903,52.9,Y
서울,양천구,2013-04,442,28188.5,26000.0,80.88,83,11130.8,68.0,69.77,6.516,128.42,1.8405,1.7681,47.1,Y
서울,양천구,2013-05,451,28081.5,25000.0,80.45,88,11245.4,72.2,74.2,6.5,133.08,1.7934,1.6521,45.8,Y
서울,양천구,2013-06,560,27775.8,24350.0,81.37,96,13096.9,60.8,71.88,6.545,132.26,1.8401,1.7161,54.0,Y
서울,양천구,2013-07,489,27945.4,25000.0,79.68,103,12708.9,63.0,72.89,6.565,132.5,1.8179,1.7673,52.5,Y
서울,양천구,2013-08,661,23446.3,20000.0,75.51,194,9861.8,48.0,62.69,6.615,102.34,1.6326,1.4353,53.1,Y
서울,양천구,2013-09,410,26528.9,23000.0,78.32,107,11751.2,63.0,69.18,6.669,128.28,1.8543,1.8028,50.9,Y
서울,양천구,2013-10,600,28046.7,24000.0,82.74,126,12908.5,68.2,70.78,6.61,139.3,1.9682,2.0228,51.0,Y
서울,양천구,2013-11,449,30502.4,27000.0,78.46,122,16712.6,74.8,77.97,6.667,167.65,2.1503,2.1931,55.4,Y
서울,양천구,2013-12,592,34524.4,31000.0,84.13,120,17852.4,68.8,77.77,6.605,167.08,2.1483,2.0728,58.8,Y
서울,양천구,2014-01,595,31966.6,29000.0,80.28,135,18872.9,61.3,75.52,6.317,160.67,2.1274,2.1389,61.8,Y
서울,양천구,2014-02,751,32356.5,29000.0,80.98,140,18577.1,62.2,76.34,6.0,155.09,2.0316,2.0478,59.9,Y
서울,양천구,2014-03,623,29970.9,26000.0,78.29,115,14023.9,58.6,72.7,5.941,128.08,1.7617,1.7604,54.2,Y
서울,양천구,2014-04,499,29482.2,26500.0,76.81,108,12866.3,58.1,68.25,5.81,120.38,1.7636,1.6525,51.7,Y
서울,양천구,2014-05,501,30978.2,27000.0,80.03,98,14288.9,63.5,71.58,5.81,132.71,1.8541,1.7593,52.1,Y
서울,양천구,2014-06,527,29840.3,27000.0,78.2,107,12744.8,65.2,69.66,5.999,128.91,1.8507,1.8017,49.4,Y
서울,양천구,2014-07,561,30704.2,27000.0,79.9,84,14595.7,68.9,74.01,6.0,141.88,1.917,1.8896,51.4,Y
서울,양천구,2014-08,530,30967.6,28000.0,79.7,84,13692.5,68.6,71.6,6.37,141.33,1.9738,1.8308,51.4,Y
서울,양천구,2014-09,563,32043.8,28500.0,81.53,112,13879.1,65.2,71.98,6.301,138.07,1.9182,1.8948,52.8,Y
서울,양천구,2014-10,620,32330.3,29000.0,80.53,115,15640.6,67.2,73.89,6.0,145.39,1.9675,1.952,53.8,Y
서울,양천구,2014-11,596,34102.8,30000.0,82.03,138,19617.9,66.8,77.34,5.818,161.9,2.0932,1.933,58.8,Y
서울,양천구,2014-12,694,37395.9,34250.0,83.81,180,21346.0,65.1,78.78,5.607,164.81,2.0922,2.0721,60.5,Y
서울,양천구,2015-01,658,34889.7,32000.0,81.14,167,20875.8,62.3,76.83,5.429,156.71,2.0396,1.9601,60.3,Y
서울,양천구,2015-02,673,35365.1,32000.0,81.3,162,18912.5,59.4,77.25,5.289,142.77,1.8483,1.8392,58.4,Y
서울,양천구,2015-03,648,33359.2,30500.0,79.21,194,16241.6,58.2,70.46,5.23,128.99,1.8305,1.8319,54.9,Y
서울,양천구,2015-04,507,34012.7,31000.0,79.86,185,20491.7,61.1,75.67,5.193,149.77,1.9792,1.9341,59.2,Y
서울,양천구,2015-05,445,34663.6,32000.0,78.28,169,21606.0,55.7,76.32,5.1,147.51,1.9328,1.9885,62.3,Y
서울,양천구,2015-06,565,33671.5,31000.0,80.53,207,21543.8,62.6,79.17,5.023,152.77,1.9297,1.9037,59.0,Y
서울,양천구,2015-07,484,34533.5,32000.0,76.62,221,18328.3,57.4,71.77,5.065,134.81,1.8782,1.8765,57.4,Y
서울,양천구,2015-08,549,31081.0,28000.0,77.05,237,18166.8,53.9,70.97,5.0,129.63,1.8265,1.8067,58.4,Y
서울,양천구,2015-09,335,36901.5,34500.0,80.21,182,22647.8,62.3,76.06,4.916,155.12,2.0393,2.0213,59.8,Y
서울,양천구,2015-10,495,37051.1,35000.0,80.96,233,23308.9,63.7,76.86,4.8,156.89,2.0413,2.0624,59.4,Y
서울,양천구,2015-11,375,40082.6,37000.0,80.24,218,29469.6,69.1,84.45,4.777,186.43,2.2074,2.189,62.9,Y
서울,양천구,2015-12,503,42474.0,39000.0,79.9,258,29069.0,65.8,83.12,4.774,181.41,2.1824,2.2015,63.8,Y
서울,양천구,2016-01,415,41230.1,37000.0,79.29,262,25804.3,58.0,76.29,4.615,157.24,2.0611,2.1013,63.1,Y
서울,양천구,2016-02,478,38801.1,36750.0,78.98,249,22846.8,52.4,72.95,4.364,135.45,1.8567,1.8944,61.3,Y
서울,양천구,2016-03,442,36038.7,33000.0,75.14,206,23825.0,51.3,74.75,4.364,137.91,1.8448,1.8076,62.8,Y
서울,양천구,2016-04,456,33669.6,31000.0,73.54,175,20997.8,56.6,74.37,4.34,132.52,1.7819,1.7413,57.3,Y
서울,양천구,2016-05,464,40094.6,36500.0,79.35,180,24517.8,56.0,79.47,4.32,144.29,1.8157,1.7993,61.2,Y
서울,양천구,2016-06,491,37822.0,35000.0,75.65,171,23584.4,57.2,76.4,4.336,142.4,1.8639,1.8938,59.8,Y
서울,양천구,2016-07,493,39027.1,35000.0,75.76,176,24103.4,55.1,76.28,4.302,141.5,1.855,1.842,61.1,Y
서울,양천구,2016-08,457,38047.3,34000.0,76.08,181,21846.6,58.4,74.84,4.2,134.82,1.8013,1.7442,56.7,Y
서울,양천구,2016-09,496,39930.4,36500.0,77.35,173,23348.4,58.9,74.78,4.084,138.33,1.8499,1.8017,57.4,Y
서울,양천구,2016-10,612,42069.5,38000.0,80.18,240,26952.4,55.9,78.9,4.0,145.77,1.8475,1.8379,61.6,Y
서울,양천구,2016-11,491,43152.8,39000.0,80.25,225,26870.2,61.3,78.88,4.0,150.86,1.9125,1.8875,59.4,Y
서울,양천구,2016-12,612,43511.2,40000.0,79.5,249,29524.5,62.3,80.66,3.98,160.22,1.9865,1.9326,61.1,Y
서울,양천구,2017-01,483,43206.4,40000.0,79.81,206,26027.2,53.6,74.03,3.851,137.09,1.8518,1.8332,60.9,Y
서울,양천구,2017-02,558,40725.9,38000.0,78.26,220,25189.2,53.5,74.23,3.818,133.61,1.7998,1.7566,60.0,Y
서울,양천구,2017-03,504,40027.7,37000.0,77.84,172,22695.5,60.5,76.35,3.84,133.13,1.7436,1.7315,54.6,Y
서울,양천구,2017-04,482,38966.0,35000.0,77.09,137,22205.4,64.0,75.47,3.835,134.99,1.7888,1.7193,52.6,Y
서울,양천구,2017-05,485,39233.4,36000.0,76.63,145,25820.9,61.9,81.56,3.84,144.49,1.7715,1.7626,57.2,Y
서울,양천구,2017-06,558,36628.9,35000.0,76.02,134,26593.8,65.8,84.92,3.856,151.23,1.7809,1.6896,56.5,Y
서울,양천구,2017-07,498,41084.9,38250.0,76.17,139,22318.3,61.1,75.81,3.892,133.45,1.7602,1.6978,54.2,Y
서울,양천구,2017-08,662,32379.5,29000.0,73.48,179,15624.5,58.2,68.43,3.897,108.94,1.592,1.5302,46.6,Y
서울,양천구,2017-09,503,37925.6,35000.0,73.74,167,23400.9,65.6,76.62,3.882,141.3,1.8443,1.8396,53.6,Y
서울,양천구,2017-10,497,39460.4,37500.0,80.15,128,23999.1,74.7,78.72,3.892,152.56,1.9381,1.8472,51.0,Y
서울,양천구,2017-11,490,45128.1,42000.0,79.92,181,23784.3,71.5,77.39,3.882,148.5,1.9189,1.8726,51.8,Y
서울,양천구,2017-12,638,46012.6,43000.0,82.96,170,27146.1,72.2,78.17,3.814,158.51,2.0278,1.9294,54.4,Y
서울,양천구,2018-01,524,41583.6,39000.0,77.44,166,22620.5,69.7,73.66,3.834,141.99,1.9276,1.8793,50.9,Y
서울,양천구,2018-02,498,42078.2,39000.0,78.42,139,25328.8,63.0,77.92,3.84,144.05,1.8488,1.9073,56.3,Y
서울,양천구,2018-03,560,41286.9,37000.0,76.88,174,19421.5,61.1,70.92,3.793,122.49,1.7272,1.7165,50.1,Y
서울,양천구,2018-04,478,39211.5,36000.0,76.32,118,21743.8,71.4,76.42,3.802,140.25,1.8352,1.7538,49.1,Y
서울,양천구,2018-05,517,41895.7,39000.0,77.38,106,19820.5,60.8,72.96,3.84,124.2,1.7024,1.6739,51.1,Y
서울,양천구,2018-06,495,42233.3,39000.0,76.82,132,23372.8,70.5,78.97,3.827,145.05,1.8367,1.7959,51.4,Y
서울,양천구,2018-07,501,41312.1,39000.0,75.73,154,21148.4,58.6,69.82,3.818,125.86,1.8026,1.727,53.5,Y
서울,양천구,2018-08,579,41202.2,39000.0,74.23,141,19754.3,71.8,72.98,3.84,135.03,1.8501,1.7848,46.8,Y
서울,양천구,2018-09,567,45232.4,42000.0,78.11,131,22887.2,69.9,74.13,3.829,142.88,1.9275,1.9209,51.1,Y
서울,양천구,2018-10,750,43629.8,41500.0,76.74,202,24960.7,74.9,77.5,3.805,154.01,1.9872,1.9464,51.4,Y
서울,양천구,2018-11,583,48037.1,45000.0,80.71,155,25419.0,67.2,76.54,3.692,145.44,1.9001,1.8872,53.8,Y
서울,양천구,2018-12,639,47917.3,45000.0,79.47,211,28094.4,77.2,79.21,3.692,163.62,2.0656,2.0273,52.8,Y
서울,양천구,2019-01,580,45385.9,41000.0,78.36,195,25953.3,68.5,74.86,3.668,147.86,1.9752,1.8919,53.7,Y
서울,양천구,2019-02,493,43667.6,40000.0,77.68,228,16259.5,52.3,63.04,3.692,102.32,1.6229,1.5105,48.9,Y
서울,양천구,2019-03,503,42170.6,38000.0,77.91,144,19243.6,63.3,71.23,3.692,122.54,1.7202,1.7144,48.3,Y
서울,양천구,2019-04,441,41297.2,38000.0,77.27,127,20952.1,62.2,73.58,3.767,127.99,1.7394,1.6739,51.4,Y
서울,양천구,2019-05,498,41734.4,39000.0,75.98,112,19673.0,59.0,72.4,3.805,121.37,1.6763,1.706,51.4,Y
서울,양천구,2019-06,600,39684.1,38000.0,77.38,134,20175.4,69.0,74.11,3.84,133.57,1.8023,1.7512,48.3,Y
서울,양천구,2019-07,553,43599.5,40000.0,76.9,140,22561.1,65.8,76.9,3.859,138.35,1.799,1.8334,52.4,Y
서울,양천구,2019-08,684,35540.8,32000.0,74.37,171,17786.9,61.0,69.54,3.892,118.68,1.7065,1.568,48.6,Y
서울,양천구,2019-09,522,41608.2,38000.0,76.01,143,20264.8,69.7,70.62,3.818,134.16,1.8997,1.9172,48.1,Y
서울,양천구,2019-10,789,43254.7,41000.0,77.32,168,22446.4,77.7,76.2,3.802,148.78,1.9525,1.9217,47.8,Y
서울,양천구,2019-11,693,47201.0,45000.0,78.57,210,24624.8,75.0,74.23,3.799,152.97,2.0608,1.9681,51.0,Y
서울,양천구,2019-12,818,48976.5,45000.0,78.88,270,22063.2,63.1,68.53,3.758,132.17,1.9287,1.8632,52.3,Y
서울,양천구,2020-01,621,46555.2,43000.0,79.34,168,22686.4,72.3,71.97,3.75,143.19,1.9897,1.9469,49.5,Y
서울,양천구,2020-02,748,44965.2,41000.0,76.54,191,24809.8,63.6,72.03,3.731,140.7,1.9532,1.8982,54.8,Y
서울,양천구,2020-03,529,39462.1,35000.0,72.15,129,21540.0,64.2,70.35,3.714,130.85,1.8599,1.7972,51.0,Y
서울,양천구,2020-04,579,40967.9,35000.0,74.09,234,15229.2,47.0,59.83,3.692,93.82,1.5682,1.1458,49.9,Y
서울,양천구,2020-05,650,44527.9,38900.0,76.94,127,22525.1,63.2,72.53,3.638,131.49,1.8129,1.8822,51.9,Y
서울,양천구,2020-06,684,47365.5,42000.0,78.4,182,21950.2,73.3,71.24,3.692,140.89,1.9775,1.9377,47.9,Y
서울,양천구,2020-07,717,47453.1,43000.0,76.77,254,19215.7,58.6,66.07,3.689,117.71,1.7815,1.7423,50.2,Y
서울,양천구,2020-08,579,45312.8,40950.0,72.92,172,23080.4,70.4,71.6,3.814,143.74,2.0075,1.9015,51.0,Y
서울,양천구,2020-09,475,48202.9,44000.0,75.56,208,22283.0,62.9,66.86,3.879,134.98,2.0189,1.8929,53.4,Y
서울,양천구,2020-10,690,48388.6,45000.0,73.25,244,27119.8,78.1,71.79,3.9,166.21,2.3153,2.2182,53.0,Y
서울,양천구,2020-11,586,54151.6,48300.0,78.52,252,23795.6,68.7,65.59,3.923,146.44,2.2326,2.0648,53.1,Y
서울,양천구,2020-12,642,56334.4,50000.0,78.97,255,28554.9,70.0,73.53,3.972,164.48,2.2368,2.2137,57.5,Y
서울,양천구,2021-01,563,53622.2,47770.0,77.51,180,27252.3,72.1,70.86,3.873,160.07,2.2591,2.2771,55.0,Y
서울,양천구,2021-02,534,52882.9,47000.0,77.57,170,27841.6,74.4,74.54,3.971,166.52,2.2341,2.1045,55.3,Y
서울,양천구,2021-03,507,51262.8,45000.0,76.18,167,25249.2,73.9,72.69,4.061,159.39,2.1928,2.1278,53.6,Y
서울,양천구,2021-04,488,49698.7,44000.0,75.58,418,12940.1,42.8,48.96,4.081,86.85,1.7737,1.2338,50.7,Y
서울,양천구,2021-05,625,55560.6,48000.0,77.91,234,24770.0,70.8,69.82,3.947,152.27,2.1808,1.9999,53.5,Y
서울,양천구,2021-06,439,49059.2,44500.0,74.84,330,17693.2,63.7,59.88,4.068,123.65,2.0651,1.7307,48.5,Y
서울,양천구,2021-07,375,57682.6,50000.0,77.01,267,18718.1,64.4,60.14,4.211,130.12,2.1635,1.5114,50.5,Y
서울,양천구,2021-08,539,39977.3,30000.0,70.98,386,13230.4,51.4,59.93,4.364,99.51,1.6605,0.9293,48.3,Y
서울,양천구,2021-09,334,47626.0,43000.0,69.55,357,16967.7,53.5,53.71,4.4,115.76,2.1553,1.4992,53.7,Y
서울,양천구,2021-10,499,52267.2,46200.0,76.78,341,24434.6,76.1,67.51,4.533,168.36,2.494,2.3524,54.8,Y
서울,양천구,2021-11,340,61938.4,55000.0,75.63,289,23342.5,73.1,63.06,4.533,161.23,2.5567,2.3223,54.7,Y
서울,양천구,2021-12,356,61413.4,53250.0,77.71,267,27158.4,87.9,70.46,4.533,190.51,2.7038,2.504,53.8,Y
서울,양천구,2022-01,302,58461.8,52250.0,77.2,228,21875.5,78.2,62.27,4.458,159.5,2.5614,2.3006,51.0,Y
서울,양천구,2022-02,303,51582.9,46200.0,72.36,194,23399.0,79.5,64.87,4.258,162.58,2.5064,2.4088,51.1,Y
서울,양천구,2022-03,344,51744.5,47125.0,75.22,284,21962.3,72.7,64.61,4.313,151.6,2.3465,2.291,52.1,Y
서울,양천구,2022-04,392,51433.2,47625.0,71.43,194,24222.3,79.3,64.26,4.047,161.01,2.5054,2.4924,50.7,Y
서울,양천구,2022-05,373,51344.4,45000.0,72.37,290,18087.6,69.3,60.64,4.012,129.82,2.1408,1.7301,46.6,Y
서울,양천구,2022-06,320,53403.0,47000.0,72.28,217,25297.5,80.1,66.7,3.968,163.7,2.4544,2.3905,51.1,Y
서울,양천구,2022-07,296,52011.9,47125.0,74.94,326,16297.1,61.6,56.81,4.229,119.0,2.0948,1.5766,48.3,Y
서울,양천구,2022-08,285,49832.0,46170.0,71.54,181,24152.4,96.8,68.05,4.277,182.87,2.6874,2.7668,47.1,Y
서울,양천구,2022-09,296,53119.2,50000.0,74.07,279,18035.5,70.6,60.97,4.322,135.6,2.2238,1.9207,47.9,Y
서울,양천구,2022-10,445,46571.3,43900.0,70.28,367,20285.4,75.3,62.62,4.583,152.81,2.4401,2.2511,50.7,Y
서울,양천구,2022-11,311,51789.5,47000.0,74.84,335,18867.4,75.4,64.79,4.701,149.3,2.3044,2.0923,49.5,Y
서울,양천구,2022-12,359,51102.8,47000.0,76.39,384,20590.8,69.5,63.36,4.687,149.89,2.3658,2.1844,53.7,Y
서울,양천구,2023-01,335,46416.9,43000.0,73.97,352,17113.8,67.9,59.12,4.582,133.27,2.2544,2.0334,49.0,Y
서울,양천구,2023-02,459,47284.0,43000.0,75.49,308,15315.6,80.4,63.28,4.514,137.96,2.1802,2.0399,41.8,Y
서울,양천구,2023-03,488,47328.1,43000.0,76.65,296,13481.0,65.1,58.79,4.583,116.63,1.9838,1.6297,44.2,Y
서울,양천구,2023-04,527,48746.8,43000.0,77.58,415,12815.5,56.8,54.02,4.715,107.15,1.9836,1.3298,47.0,Y
서울,양천구,2023-05,458,49837.4,45000.0,77.82,245,16027.1,81.5,65.04,4.68,144.05,2.2147,2.0541,43.4,Y
서울,양천구,2023-06,549,44301.1,38500.0,76.59,247,19032.7,101.6,70.4,4.727,176.61,2.5086,2.3987,42.5,Y
서울,양천구,2023-07,418,50225.2,46500.0,77.73,260,15564.4,74.4,60.24,4.696,135.3,2.2461,1.9392,45.0,Y
서울,양천구,2023-08,670,36408.7,27300.0,72.92,281,15320.2,70.9,62.84,4.615,129.86,2.0665,1.9104,45.4,Y
서울,양천구,2023-09,483,52144.9,46000.0,75.47,291,18153.8,75.3,59.15,4.612,145.11,2.4532,2.1465,48.1,Y
서울,양천구,2023-10,574,49283.5,44500.0,77.52,325,21944.0,83.3,69.58,4.552,166.59,2.394,2.3074,50.0,Y
서울,양천구,2023-11,493,60091.6,53150.0,80.03,257,23090.1,102.3,69.07,4.548,189.79,2.7478,2.5482,46.1,Y
서울,양천구,2023-12,429,55416.0,50000.0,76.16,257,23599.9,89.4,66.5,4.548,178.79,2.6886,2.4903,50.0,Y
서울,양천구,2024-01,398,52088.3,45000.0,75.76,252,17990.8,82.7,63.75,4.557,151.06,2.3696,2.0959,45.2,Y
서울,양천구,2024-02,340,54573.9,50000.0,76.87,172,19643.8,100.4,70.18,4.546,174.82,2.4911,2.3753,42.6,Y
서울,양천구,2024-03,418,54067.4,50000.0,75.61,299,13689.9,63.2,58.07,4.624,115.92,1.9962,1.3578,45.5,Y
서울,양천구,2024-04,393,52304.1,48000.0,73.54,198,19401.2,87.2,63.03,4.588,161.42,2.561,2.2941,46.0,Y
서울,양천구,2024-05,421,52735.0,48000.0,74.91,286,18131.4,79.4,60.52,4.615,149.12,2.4641,2.2215,46.8,Y
서울,양천구,2024-06,382,56721.4,50250.0,76.05,179,24016.7,99.7,67.46,4.592,191.58,2.84,2.796,48.0,Y
서울,양천구,2024-07,435,52928.3,50000.0,74.01,239,20986.3,83.1,62.19,4.541,162.52,2.6135,2.6376,48.9,Y
서울,양천구,2024-08,386,56436.2,53000.0,74.95,191,22597.0,97.3,66.09,4.528,182.62,2.7631,2.6388,46.7,Y
서울,양천구,2024-09,265,55195.4,55000.0,75.18,181,22175.1,89.6,64.05,4.5,172.8,2.698,2.3577,48.1,Y
서울,양천구,2024-10,410,54980.8,50000.0,73.46,271,22774.7,96.2,67.16,4.48,181.2,2.6982,2.5662,46.9,Y
서울,양천구,2024-11,382,61253.5,60000.0,76.62,208,27765.1,122.3,73.23,4.502,226.45,3.0923,3.0411,46.0,Y
서울,양천구,2024-12,310,62663.2,60000.0,79.94,287,23453.5,79.6,62.34,4.509,167.73,2.6905,1.9772,52.5,Y
서울,양천구,2025-01,268,55737.8,50500.0,73.85,219,19740.8,86.9,61.22,4.627,162.98,2.662,2.393,46.7,Y
서울,양천구,2025-02,324,54764.5,50700.0,74.61,234,18862.8,81.9,60.74,4.678,155.41,2.5586,2.3742,47.3,Y
서울,양천구,2025-03,398,59399.9,52750.0,77.06,249,16314.3,78.4,60.17,4.715,142.48,2.3679,2.0273,45.0,Y
서울,양천구,2025-04,289,58048.1,50000.0,77.7,324,12509.1,66.6,54.04,4.713,115.73,2.1415,1.3829,42.4,Y
서울,양천구,2025-05,303,56712.5,55000.0,73.32,243,15519.0,78.3,59.62,4.772,140.03,2.3487,1.8443,44.1,Y
서울,양천구,2025-06,418,56142.6,55000.0,77.87,178,22724.7,101.3,69.24,4.743,191.08,2.7595,2.6377,47.0,Y
서울,양천구,2025-07,274,60536.4,55000.0,78.94,216,16800.5,90.5,58.93,4.667,155.82,2.6443,2.3222,41.9,Y
서울,양천구,2025-08,391,44458.5,35000.0,74.34,244,17029.5,93.0,64.83,4.723,160.08,2.4693,2.1086,41.9,Y
서울,양천구,2025-09,309,58890.3,55000.0,75.92,266,22908.1,89.8,64.01,4.821,181.88,2.8415,2.3906,50.6,Y
서울,양천구,2025-10,307,62592.8,59000.0,77.33,230,25970.3,100.7,69.55,4.8,204.59,2.9415,2.892,50.8,Y
서울,양천구,2025-11,371,66711.8,65000.0,79.59,221,29160.9,121.1,73.91,4.8,237.7,3.2161,3.2949,49.1,Y
서울,양천구,2025-12,338,65783.6,60000.0,78.11,227,27902.8,113.1,70.57,4.76,223.76,3.1706,2.9513,49.5,Y
서울,양천구,2026-01,285,60122.7,57000.0,74.94,201,29576.4,134.3,77.58,4.753,251.43,3.2411,3.1584,46.6,Y
서울,양천구,2026-02,255,59619.4,55000.0,77.42,150,21989.6,109.1,68.48,4.73,195.78,2.859,2.7415,44.3,Y
서울,양천구,2026-03,268,60730.9,57000.0,77.87,262,15961.4,76.2,60.29,4.791,139.88,2.32,1.9093,45.6,Y
서울,양천구,2026-04,261,61730.1,58000.0,75.3,234,20858.0,100.7,68.97,4.56,179.93,2.6087,2.6368,44.1,Y
서울,양천구,2026-05,245,66304.6,63000.0,79.96,224,15008.9,79.5,56.55,4.718,138.56,2.4504,1.9505,42.6,Y
서울,양천구,2026-06,209,64243.3,60000.0,76.7,278,17501.9,82.1,56.71,4.58,148.86,2.6249,1.8778,44.9,Y
서울,양천구,2026-07,247,60658.3,55000.0,77.02,211,21799.6,89.4,60.52,4.557,172.14,2.8444,2.2232,48.1,Y
서울,양천구,2026-08,159,60719.0,55000.0,71.82,160,25082.7,114.4,69.45,,,,,,Y
서울,양천구,2026-09,115,65058.7,60000.0,77.21,122,25127.3,93.4,64.4,,,,,,Y
서울,영등포구,2011-01,456,21959.2,21000.0,80.31,65,6684.6,75.2,69.02,7.2,115.29,1.6705,1.7019,34.8,Y
서울,영등포구,2011-02,464,22563.2,21500.0,80.75,89,7280.7,72.2,72.7,7.2,115.89,1.5941,1.6484,37.7,Y
서울,영등포구,2011-03,488,23463.9,22000.0,82.38,85,8029.5,72.7,69.86,7.2,120.86,1.7299,1.7302,39.9,Y
서울,영등포구,2011-04,404,22671.0,21000.0,81.64,95,5242.1,62.7,60.49,7.2,94.19,1.5571,1.5753,33.4,Y
서울,영등포구,2011-05,330,22493.4,21000.0,79.41,70,6381.9,69.0,71.55,7.2,107.31,1.4997,1.527,35.7,Y
서울,영등포구,2011-06,381,22680.5,22000.0,81.07,72,6843.9,83.8,77.62,7.2,124.85,1.6086,1.6477,32.9,Y
서울,영등포구,2011-07,374,23453.2,21500.0,82.05,92,6718.5,75.1,73.48,7.144,115.06,1.566,1.5778,34.8,Y
서울,영등포구,2011-08,388,23016.7,22000.0,79.14,73,8527.0,63.7,74.53,7.2,114.86,1.5412,1.6804,44.5,Y
서울,영등포구,2011-09,368,24797.3,23000.0,81.77,61,8582.0,77.0,73.85,7.158,128.24,1.7364,1.8186,39.9,Y
서울,영등포구,2011-10,383,24945.3,23000.0,83.08,67,8552.2,88.7,75.5,7.007,138.65,1.8366,1.749,36.0,Y
서울,영등포구,2011-11,309,25129.1,23000.0,83.58,61,6983.6,76.0,68.65,7.14,117.56,1.7125,1.7292,35.3,Y
서울,영등포구,2011-12,411,25910.2,24000.0,83.14,72,7857.3,93.6,78.48,6.674,137.3,1.7495,1.6888,31.8,Y
서울,영등포구,2012-01,445,25556.9,24000.0,83.14,72,7125.0,84.2,72.61,6.719,124.12,1.7094,1.7538,32.1,Y
서울,영등포구,2012-02,543,25768.1,24000.0,83.29,101,7207.9,82.2,72.13,6.667,122.23,1.6947,1.6646,32.8,Y
서울,영등포구,2012-03,532,24223.1,23000.0,79.03,115,6807.9,81.4,66.18,6.667,119.19,1.801,1.799,31.7,Y
서울,영등포구,2012-04,391,25006.3,23500.0,81.58,67,7216.4,77.1,65.56,6.666,117.21,1.7877,1.798,34.2,Y
서울,영등포구,2012-05,404,24541.6,23000.0,80.43,76,7185.5,81.6,71.34,6.667,121.49,1.7029,1.7089,32.9,Y
서울,영등포구,2012-06,374,25028.5,22500.0,81.56,73,6123.3,74.2,57.85,6.67,108.19,1.8702,1.8412,31.5,Y
서울,영등포구,2012-07,391,24176.9,23000.0,77.26,99,6300.0,76.0,61.56,6.667,111.01,1.8032,1.7688,31.5,Y
서울,영등포구,2012-08,386,24099.0,23000.0,77.42,105,5131.9,67.2,48.85,6.775,96.18,1.9688,2.2186,30.1,Y
서울,영등포구,2012-09,409,24997.8,24000.0,81.02,93,6910.8,69.4,61.05,6.767,108.35,1.7747,1.7738,36.0,Y
서울,영등포구,2012-10,461,24724.3,23500.0,80.45,100,7865.0,71.0,64.74,6.855,115.93,1.7907,1.8191,38.8,Y
서울,영등포구,2012-11,392,25136.0,24000.0,78.9,98,7124.2,72.1,59.94,6.916,113.18,1.8882,1.9008,36.3,Y
서울,영등포구,2012-12,456,26445.3,25000.0,82.51,114,6324.6,65.3,49.36,7.004,102.22,2.0708,2.331,36.1,Y
서울,영등포구,2013-01,438,26398.2,25000.0,83.67,167,4800.6,67.2,47.1,7.091,95.61,2.03,2.2518,29.7,Y
서울,영등포구,2013-02,505,26043.4,24000.0,81.36,146,6599.3,70.2,55.21,7.038,108.9,1.9724,2.0,35.5,Y
서울,영등포구,2013-03,509,26201.6,25000.0,81.67,155,7838.7,67.5,59.04,6.947,112.86,1.9115,1.9114,40.2,Y
서울,영등포구,2013-04,383,25843.9,24000.0,80.59,132,7200.8,65.2,52.65,6.866,106.37,2.0205,2.0197,38.7,Y
서울,영등포구,2013-05,369,26974.3,25000.0,83.27,126,6231.0,74.5,57.42,6.857,110.11,1.9176,1.8991,32.3,Y
서울,영등포구,2013-06,411,25488.4,24000.0,78.19,97,8561.9,63.9,59.7,6.772,112.21,1.8797,1.9028,43.1,Y
서울,영등포구,2013-07,363,25801.2,25000.0,76.74,146,8585.6,65.5,60.68,6.6,112.71,1.8574,1.9343,41.9,Y
서울,영등포구,2013-08,375,25877.9,25000.0,76.64,168,7587.8,60.8,52.99,6.582,102.45,1.9332,2.1107,40.6,Y
서울,영등포구,2013-09,318,26891.2,26500.0,80.15,149,7991.3,66.9,56.3,6.545,110.47,1.9623,2.0629,39.5,Y
서울,영등포구,2013-10,385,26859.7,26000.0,79.64,157,9287.0,70.5,61.26,6.544,121.16,1.9779,2.086,41.8,Y
서울,영등포구,2013-11,341,29710.6,28000.0,85.07,145,8199.1,61.2,52.77,6.462,105.4,1.9971,2.183,41.9,Y
서울,영등포구,2013-12,394,29155.8,28000.0,83.99,146,8767.1,76.2,62.63,6.545,123.98,1.9796,2.1039,38.6,Y
서울,영등포구,2014-01,423,29900.2,28000.0,83.43,221,9109.7,68.0,56.28,6.462,117.03,2.0792,2.1679,41.9,Y
서울,영등포구,2014-02,576,29224.2,28000.0,81.17,216,9543.3,64.2,56.97,6.462,115.55,2.0282,2.0285,44.5,Y
서울,영등포구,2014-03,497,29299.1,28000.0,79.52,190,9260.8,72.2,62.33,6.261,120.49,1.933,1.9843,40.1,Y
서울,영등포구,2014-04,449,28960.8,28000.0,77.96,153,8738.6,70.2,59.1,6.147,115.0,1.9459,1.9778,38.9,Y
서울,영등포구,2014-05,424,29677.1,28000.0,81.04,139,9996.4,72.1,65.95,6.218,123.95,1.8794,1.9315,41.8,Y
서울,영등포구,2014-06,347,29519.0,28000.0,79.87,133,8177.4,69.5,59.07,6.0,110.42,1.8692,1.891,37.0,Y
서울,영등포구,2014-07,431,28647.6,27000.0,79.06,133,9571.4,70.1,60.94,6.0,117.98,1.936,1.9416,40.6,Y
서울,영등포구,2014-08,449,29058.4,28000.0,80.15,140,7387.1,67.0,54.9,6.0,103.91,1.8927,1.9029,35.5,Y
서울,영등포구,2014-09,411,29941.4,28000.0,80.83,159,7589.3,62.0,54.73,5.907,99.4,1.8161,1.8493,37.6,Y
서울,영등포구,2014-10,447,30260.9,28000.0,78.41,175,9520.6,64.1,57.86,5.793,110.04,1.9017,1.8801,41.8,Y
서울,영등포구,2014-11,368,31431.2,29000.0,84.48,152,9209.2,70.6,59.54,5.811,115.22,1.9351,1.9999,38.7,Y
서울,영등포구,2014-12,408,31532.4,29000.0,82.94,194,9173.2,62.4,52.65,5.782,106.59,2.0246,2.214,41.5,Y
서울,영등포구,2015-01,460,31181.6,29000.0,81.47,239,11981.1,64.4,62.69,5.647,120.82,1.9273,1.926,46.7,Y
서울,영등포구,2015-02,412,32203.6,30000.0,84.8,207,12163.0,65.7,63.81,5.525,121.66,1.9067,1.8951,46.0,Y
서울,영등포구,2015-03,457,32756.9,30500.0,83.63,267,12452.4,66.1,65.66,5.455,122.72,1.8689,1.8643,46.1,Y
서울,영등포구,2015-04,358,31995.1,30000.0,78.58,190,11533.0,67.0,63.73,5.535,120.24,1.8866,1.8993,44.2,Y
서울,영등포구,2015-05,327,32952.9,31000.0,78.97,163,11291.4,66.2,62.52,5.455,117.56,1.8804,1.905,43.7,Y
서울,영등포구,2015-06,323,35177.9,33250.0,83.37,175,13462.3,68.9,68.75,5.25,127.83,1.8593,1.8383,46.1,Y
서울,영등포구,2015-07,305,34905.9,33500.0,83.54,178,12806.2,70.0,66.02,5.217,125.72,1.9045,2.0205,44.3,Y
서울,영등포구,2015-08,282,34295.2,32250.0,81.1,209,14060.4,63.3,64.67,5.17,123.91,1.9161,1.9515,48.9,Y
서울,영등포구,2015-09,263,35666.5,35000.0,82.27,178,14906.2,76.3,72.58,5.143,140.14,1.9309,1.9361,45.6,Y
서울,영등포구,2015-10,321,35167.1,35000.0,81.5,220,15388.6,67.5,68.95,5.0,131.62,1.9088,1.925,48.7,Y
서울,영등포구,2015-11,302,35418.6,35000.0,80.31,169,15310.7,69.1,70.74,5.0,132.86,1.8782,1.9478,48.0,Y
서울,영등포구,2015-12,362,37742.8,36000.0,81.82,209,17461.0,64.2,71.55,4.886,135.27,1.8907,1.9098,52.6,Y
서울,영등포구,2016-01,318,37029.6,37000.0,80.19,276,17489.0,60.9,68.18,4.827,131.23,1.9247,1.9188,53.6,Y
서울,영등포구,2016-02,332,36548.5,36000.0,79.36,220,17450.0,65.2,68.79,4.8,135.0,1.9625,1.9818,51.7,Y
서울,영등포구,2016-03,365,35803.3,34000.0,79.53,253,18514.6,66.5,73.03,4.746,139.7,1.9129,1.8989,52.4,Y
서울,영등포구,2016-04,296,36778.4,35000.0,80.54,188,18258.0,67.2,75.28,4.67,138.29,1.837,1.8244,51.4,Y
서울,영등포구,2016-05,301,36457.9,34000.0,80.57,153,18162.1,68.2,76.94,4.571,137.35,1.785,1.7713,50.4,Y
서울,영등포구,2016-06,324,35586.6,34000.0,78.04,183,16623.2,60.6,71.41,4.465,122.43,1.7145,1.6614,50.5,Y
서울,영등포구,2016-07,308,35123.6,34000.0,77.81,180,17340.3,60.3,71.95,4.447,124.53,1.7308,1.7107,51.6,Y
서울,영등포구,2016-08,323,36029.6,35000.0,78.97,166,18035.1,70.2,74.8,4.421,136.69,1.8273,1.7861,48.6,Y
서울,영등포구,2016-09,325,37152.4,35600.0,80.6,141,16834.9,69.6,73.5,4.303,130.01,1.7688,1.752,46.4,Y
서울,영등포구,2016-10,438,39476.5,38000.0,82.76,174,19406.9,63.0,73.11,4.258,131.83,1.8033,1.7622,52.2,Y
서울,영등포구,2016-11,283,39411.7,36500.0,80.86,141,19702.3,63.6,72.68,4.257,133.46,1.8364,1.8353,52.4,Y
서울,영등포구,2016-12,374,41411.0,39000.0,86.06,179,17740.2,64.0,71.4,4.262,126.97,1.7784,1.7727,49.6,Y
서울,영등포구,2017-01,351,38392.6,36500.0,79.78,201,16984.2,63.2,67.88,4.235,123.16,1.8143,1.8066,48.7,Y
서울,영등포구,2017-02,427,39301.6,37000.0,80.4,229,16658.4,63.1,67.98,4.194,121.28,1.7841,1.7518,48.0,Y
서울,영등포구,2017-03,399,37528.0,35000.0,78.67,182,17408.0,64.1,73.74,4.222,125.3,1.6991,1.6551,48.9,Y
서울,영등포구,2017-04,334,35567.9,35000.0,74.97,143,15593.0,65.0,71.52,4.2,119.55,1.6714,1.6549,45.7,Y
서울,영등포구,2017-05,327,38140.7,36000.0,80.52,139,15271.7,70.8,71.03,4.213,124.42,1.7515,1.7582,43.1,Y
서울,영등포구,2017-06,383,38259.3,36000.0,78.57,122,15307.2,70.5,70.05,4.138,123.28,1.7598,1.7184,42.8,Y
서울,영등포구,2017-07,329,38376.5,37000.0,77.56,157,11941.9,69.0,63.26,4.138,110.22,1.7423,1.6673,37.4,Y
서울,영등포구,2017-08,355,38096.1,37000.0,79.82,164,13535.2,64.1,62.08,4.2,111.46,1.7955,1.8037,42.5,Y
서울,영등포구,2017-09,365,39121.2,38000.0,78.56,148,13869.5,66.9,64.9,4.138,114.72,1.7676,1.8451,41.7,Y
서울,영등포구,2017-10,292,38464.1,36750.0,77.14,164,14848.6,72.3,69.43,4.12,123.24,1.775,1.7536,41.4,Y
서울,영등포구,2017-11,370,39752.1,39000.0,78.57,468,19521.9,58.9,59.47,4.11,125.73,2.1141,2.2809,53.2,Y
서울,영등포구,2017-12,424,40733.7,39000.0,79.78,152,14032.9,81.9,70.78,4.125,130.18,1.8392,1.8492,37.1,Y
서울,영등포구,2018-01,452,39486.2,38000.0,78.03,170,15413.1,77.2,72.78,4.005,128.61,1.7672,1.7399,40.0,Y
서울,영등포구,2018-02,446,40433.5,40000.0,79.33,151,15427.8,70.1,67.69,4.0,121.51,1.7951,1.8054,42.3,Y
서울,영등포구,2018-03,487,38493.5,37500.0,75.82,181,14996.4,79.2,72.5,4.0,129.17,1.7818,1.7918,38.7,Y
서울,영등포구,2018-04,356,39233.0,38000.0,76.68,143,15251.5,70.4,67.4,4.08,122.27,1.8141,1.8032,42.4,Y
서울,영등포구,2018-05,340,39390.3,37000.0,76.95,141,14905.0,80.0,71.34,4.091,130.86,1.8343,1.8143,38.8,Y
서울,영등포구,2018-06,367,38017.2,37000.0,75.76,130,14417.6,67.2,64.69,4.09,116.29,1.7978,1.7757,42.3,Y
서울,영등포구,2018-07,342,38372.5,38000.0,74.75,147,11618.8,68.0,63.41,4.056,107.27,1.6917,1.7365,36.6,Y
서울,영등포구,2018-08,403,40312.0,39000.0,76.61,130,13645.0,73.3,67.78,4.017,119.0,1.7557,1.8341,38.4,Y
서울,영등포구,2018-09,374,39599.6,39000.0,76.2,132,14687.9,78.5,69.23,4.101,128.69,1.8588,1.8855,39.0,Y
서울,영등포구,2018-10,442,40074.6,40000.0,75.61,131,14885.5,72.7,69.98,4.0,122.31,1.7476,1.802,40.6,Y
서울,영등포구,2018-11,402,38151.3,38000.0,72.29,147,13222.1,64.6,60.46,3.96,108.2,1.7896,1.8438,40.3,Y
서울,영등포구,2018-12,385,40912.4,40000.0,77.84,168,13296.9,66.4,59.57,4.0,110.7,1.8585,1.896,40.0,Y
서울,영등포구,2019-01,442,38743.5,36850.0,73.92,181,11329.7,64.1,52.55,4.091,102.72,1.9547,2.0846,37.6,Y
서울,영등포구,2019-02,370,38706.2,37400.0,77.03,157,14949.5,65.5,65.86,4.174,117.5,1.784,1.8111,44.3,Y
서울,영등포구,2019-03,467,37580.1,38000.0,71.05,156,12114.9,64.8,60.54,4.125,106.46,1.7584,1.7713,39.1,Y
서울,영등포구,2019-04,424,37748.4,38000.0,72.83,137,11813.2,68.6,64.81,4.187,109.79,1.6941,1.6603,37.5,Y
서울,영등포구,2019-05,391,39807.5,39000.0,73.23,128,11068.1,72.1,60.91,4.113,110.01,1.8061,1.8354,34.5,Y
서울,영등포구,2019-06,411,35427.6,35000.0,64.82,128,11063.8,76.1,61.4,4.04,113.35,1.846,1.8433,32.9,Y
서울,영등포구,2019-07,456,38872.4,36000.0,73.36,128,12027.1,73.4,60.05,4.015,113.64,1.8925,2.0203,35.4,Y
서울,영등포구,2019-08,414,39476.7,38000.0,73.5,153,14123.5,64.8,66.38,4.035,112.3,1.6918,1.5867,42.3,Y
서울,영등포구,2019-09,417,43272.3,40000.0,78.25,135,13025.7,72.4,63.98,4.011,115.89,1.8113,1.8244,37.6,Y
서울,영등포구,2019-10,573,41889.0,40000.0,74.1,170,13945.2,73.3,66.71,4.026,120.12,1.8007,1.7965,39.0,Y
서울,영등포구,2019-11,559,44839.2,44800.0,78.65,151,14358.0,77.6,66.62,4.0,125.51,1.8841,1.9416,38.1,Y
서울,영등포구,2019-12,640,44738.9,43500.0,77.89,220,15834.0,71.2,65.33,4.001,123.99,1.8978,1.9883,42.6,Y
서울,영등포구,2020-01,618,44722.7,43000.0,76.62,214,13264.1,72.3,64.55,4.0,116.53,1.8053,1.9024,37.9,Y
서울,영등포구,2020-02,655,44253.6,43000.0,74.89,270,14840.5,77.4,64.53,3.9,125.63,1.9469,1.952,38.4,Y
서울,영등포구,2020-03,504,42991.2,40000.0,74.79,247,11472.0,53.0,57.83,3.857,89.83,1.5533,1.5222,41.1,Y
서울,영등포구,2020-04,490,43438.7,41000.0,74.42,303,16837.8,63.9,59.34,3.855,118.02,1.9887,2.1914,45.8,Y
서울,영등포구,2020-05,532,45736.1,43000.0,76.21,213,15533.3,76.9,65.52,3.823,126.38,1.9288,2.0921,39.2,Y
서울,영등포구,2020-06,587,45359.8,42500.0,76.0,173,17108.1,75.0,67.46,3.829,129.59,1.9212,1.8297,42.1,Y
서울,영등포구,2020-07,634,45284.8,43000.0,77.39,198,16457.4,69.8,63.55,3.8,121.87,1.9178,1.9764,42.8,Y
서울,영등포구,2020-08,559,47571.4,45000.0,76.86,212,16553.3,78.1,66.51,3.796,130.49,1.9617,2.0382,40.1,Y
서울,영등포구,2020-09,417,46994.7,45000.0,75.36,335,14120.7,58.1,56.95,3.8,102.79,1.805,1.7259,43.5,Y
서울,영등포구,2020-10,475,49554.3,46000.0,74.37,283,15702.1,67.0,62.38,3.809,116.88,1.8737,1.9116,42.6,Y
서울,영등포구,2020-11,435,50494.8,47000.0,75.92,231,18613.7,72.1,62.52,3.727,129.87,2.0773,2.1311,44.5,Y
서울,영등포구,2020-12,430,50934.9,46000.0,76.56,218,17779.7,76.9,61.64,3.733,132.16,2.1439,2.2306,41.8,Y
서울,영등포구,2021-01,378,50709.1,46200.0,74.04,221,16580.1,74.3,60.55,3.75,126.12,2.0829,2.0419,41.1,Y
서울,영등포구,2021-02,383,47550.8,45000.0,74.67,202,14745.1,75.2,58.96,3.779,121.68,2.0638,2.1084,38.2,Y
서울,영등포구,2021-03,439,48410.7,45000.0,75.72,192,14726.5,76.1,60.42,3.802,122.77,2.0321,2.0925,38.0,Y
서울,영등포구,2021-04,412,48707.8,45000.0,75.41,194,15851.3,72.3,66.28,3.742,121.76,1.837,1.8938,40.6,Y
서울,영등포구,2021-05,520,53287.0,49900.0,77.35,199,17041.9,86.3,67.31,3.846,140.97,2.0943,2.0313,38.7,Y
서울,영등포구,2021-06,399,53068.6,50400.0,71.13,262,16090.6,84.5,65.53,3.9,136.82,2.0879,2.0868,38.2,Y
서울,영등포구,2021-07,397,55280.1,55000.0,72.91,242,16657.6,81.7,60.43,3.849,135.18,2.2369,2.1317,39.5,Y
서울,영등포구,2021-08,315,52401.2,50000.0,73.92,271,14932.2,80.4,62.26,3.818,127.9,2.0542,2.0657,37.1,Y
서울,영등포구,2021-09,335,53182.0,50000.0,71.93,247,15825.1,76.1,60.32,3.867,127.12,2.1073,2.0536,40.1,Y
서울,영등포구,2021-10,389,54741.4,50000.0,69.17,218,18289.3,86.8,62.23,3.892,146.14,2.3484,2.4413,40.6,Y
서울,영등포구,2021-11,371,58767.2,55000.0,74.18,232,19496.8,85.9,64.13,3.934,149.78,2.3356,2.3709,42.7,Y
서울,영등포구,2021-12,407,58109.1,59000.0,75.03,261,21573.7,97.1,66.01,3.879,166.84,2.5275,2.5177,41.8,Y
서울,영등포구,2022-01,330,52197.0,50000.0,71.17,333,14853.2,73.8,51.54,3.989,123.14,2.3893,2.497,40.1,Y
서울,영등포구,2022-02,344,52492.9,50000.0,72.17,315,20665.2,86.1,60.17,4.052,155.85,2.59,2.4211,44.8,Y
서울,영등포구,2022-03,376,54659.5,52000.0,73.0,587,20036.7,68.8,60.35,4.067,136.69,2.2649,2.3745,49.7,Y
서울,영등포구,2022-04,330,53546.0,50550.0,70.55,284,19708.0,82.7,61.34,4.052,149.26,2.4331,2.4335,44.6,Y
서울,영등포구,2022-05,311,56719.5,55000.0,72.68,243,15576.6,81.8,58.13,4.091,134.9,2.3207,2.2891,39.4,Y
서울,영등포구,2022-06,362,55428.1,54000.0,70.24,303,18192.0,85.3,61.12,4.095,147.39,2.4114,2.4259,42.1,Y
서울,영등포구,2022-07,342,54290.2,52000.0,71.37,356,18754.1,76.2,61.76,4.078,139.92,2.2656,2.3334,45.5,Y
서울,영등포구,2022-08,389,52446.9,52500.0,70.33,301,20430.5,93.9,66.67,4.118,164.03,2.4601,2.4342,42.7,Y
서울,영등포구,2022-09,290,53728.0,55000.0,75.8,310,20190.9,82.3,66.17,4.092,151.11,2.2838,2.2867,45.6,Y
서울,영등포구,2022-10,293,51331.4,50000.0,70.79,252,17353.1,95.8,63.37,4.119,155.34,2.4512,2.4715,38.3,Y
서울,영등포구,2022-11,304,49069.3,48255.0,71.81,241,17518.8,92.7,63.94,4.235,154.57,2.4176,2.458,40.0,Y
서울,영등포구,2022-12,356,47686.6,44000.0,71.21,775,15295.3,50.0,40.54,4.333,105.21,2.5953,3.0044,52.5,Y
서울,영등포구,2023-01,353,42417.1,40000.0,66.34,302,17914.3,93.7,60.14,4.42,159.64,2.6543,2.7564,41.3,Y
서울,영등포구,2023-02,527,46239.4,45000.0,72.06,324,15179.3,84.9,58.18,4.615,143.23,2.4621,2.5819,40.8,Y
서울,영등포구,2023-03,589,46818.0,45000.0,72.0,339,15040.9,96.0,61.82,4.798,156.11,2.5251,2.5765,38.5,Y
서울,영등포구,2023-04,437,53326.3,48000.0,78.13,272,27121.9,106.5,64.59,4.857,216.29,3.3485,2.8123,50.8,Y
서울,영등포구,2023-05,426,53411.1,47000.0,79.06,294,23006.8,88.9,56.51,4.8,180.95,3.2018,2.5111,50.9,Y
서울,영등포구,2023-06,406,48872.0,46250.0,76.64,282,23064.1,92.5,62.25,4.803,184.82,2.9689,2.6792,49.9,Y
서울,영등포구,2023-07,414,49449.3,45500.0,72.33,259,23651.0,100.4,63.02,4.8,195.05,3.0951,2.8447,48.5,Y
서울,영등포구,2023-08,427,49387.9,46000.0,73.85,370,15351.5,69.4,46.4,4.8,130.77,2.8182,3.2684,47.0,Y
서울,영등포구,2023-09,410,53649.7,48000.0,76.54,242,27779.7,103.8,64.47,4.79,214.71,3.3306,2.8633,51.6,Y
서울,영등포구,2023-10,401,52733.6,50000.0,77.58,256,23564.0,106.8,69.18,4.8,201.08,2.9065,2.775,46.9,Y
서울,영등포구,2023-11,400,54245.6,52000.0,75.99,278,26128.5,109.3,62.81,4.8,213.77,3.4035,2.9567,48.9,Y
서울,영등포구,2023-12,447,55834.1,52000.0,78.35,294,19269.6,83.7,57.1,4.715,159.38,2.7913,2.7062,47.5,Y
서울,영등포구,2024-01,497,52669.1,50000.0,74.47,312,20097.2,99.6,60.69,4.778,179.65,2.9599,2.9922,44.5,Y
서울,영등포구,2024-02,403,54150.7,54000.0,74.07,237,18663.6,92.4,52.95,4.714,165.69,3.129,3.0533,44.3,Y
서울,영등포구,2024-03,416,59348.2,55000.0,78.59,384,31062.2,104.8,61.73,4.653,225.21,3.6485,3.0761,53.5,Y
서울,영등포구,2024-04,331,60013.1,55000.0,78.46,256,20113.9,94.0,58.09,4.654,171.96,2.9603,2.8942,45.4,Y
서울,영등포구,2024-05,363,58601.6,55000.0,77.18,230,16849.1,103.4,58.58,4.56,167.4,2.8575,3.1204,38.2,Y
서울,영등포구,2024-06,356,56886.0,56000.0,71.61,272,17123.3,101.6,51.76,4.584,167.02,3.2268,3.0352,39.2,Y
서울,영등포구,2024-07,407,57233.5,55000.0,71.41,300,16488.3,82.8,53.99,4.517,144.82,2.6822,2.8786,42.9,Y
서울,영등포구,2024-08,415,55592.2,54000.0,71.63,271,16391.2,94.9,53.67,4.47,155.97,2.9059,2.9718,39.1,Y
서울,영등포구,2024-09,309,54668.0,55000.0,70.62,285,17436.1,82.8,54.63,4.505,148.27,2.7139,2.8143,44.1,Y
서울,영등포구,2024-10,386,59035.1,57000.0,72.44,246,18604.8,99.4,56.76,4.5,169.19,2.9808,3.0477,41.2,Y
서울,영등포구,2024-11,353,57116.8,55000.0,73.53,304,18512.6,98.8,55.05,4.5,168.19,3.055,3.2353,41.3,Y
서울,영등포구,2024-12,337,58663.6,55000.0,74.97,359,15342.0,93.8,53.29,4.5,151.31,2.8396,2.9577,38.0,Y
서울,영등포구,2025-01,278,55337.7,54000.0,72.51,258,16469.8,97.2,51.01,4.564,159.89,3.1345,3.3198,39.2,Y
서울,영등포구,2025-02,388,53979.3,53000.0,71.3,302,15097.5,101.8,52.18,4.615,159.83,3.0631,3.2811,36.3,Y
서울,영등포구,2025-03,471,57718.6,55000.0,74.86,278,15522.9,113.7,52.53,4.774,175.41,3.339,3.6451,35.2,Y
서울,영등포구,2025-04,353,60190.4,55000.0,75.01,258,15655.1,97.1,53.55,4.785,159.57,2.98,3.4099,39.1,Y
서울,영등포구,2025-05,318,56180.4,54090.0,71.97,241,16121.8,112.5,57.42,4.828,177.32,3.0881,3.21,36.6,Y
서울,영등포구,2025-06,398,58133.3,55000.0,74.2,276,15969.4,110.2,55.6,4.8,174.09,3.1313,3.2677,36.7,Y
서울,영등포구,2025-07,328,57234.4,56000.0,74.23,336,11500.8,108.0,43.5,4.8,153.99,3.5398,4.0109,29.9,Y
서울,영등포구,2025-08,263,55739.7,53000.0,74.2,272,13163.1,120.4,51.54,4.8,173.03,3.3573,3.4955,30.4,Y
서울,영등포구,2025-09,320,59600.1,57973.0,75.58,310,15546.2,98.2,53.22,4.8,160.41,3.0138,3.2977,38.8,Y
서울,영등포구,2025-10,285,64313.3,60000.0,79.61,245,16665.1,130.6,60.03,4.798,197.26,3.2857,3.2936,33.8,Y
서울,영등포구,2025-11,346,61235.2,60000.0,76.82,291,19414.7,115.0,58.6,4.8,192.65,3.2877,3.4304,40.3,Y
서울,영등포구,2025-12,329,65587.0,62000.0,78.32,299,17137.3,114.4,57.47,4.859,183.82,3.1987,3.3794,37.8,Y
서울,영등포구,2026-01,354,61396.1,57000.0,74.18,309,18344.1,114.7,55.86,4.8,188.07,3.3667,3.6036,39.0,Y
서울,영등포구,2026-02,312,64122.1,60000.0,75.49,285,14989.8,118.2,53.77,4.768,177.77,3.3063,3.406,33.5,Y
서울,영등포구,2026-03,292,61210.2,57375.0,72.15,300,18061.0,116.4,59.43,4.8,188.65,3.1744,3.4139,38.3,Y
서울,영등포구,2026-04,261,63312.5,61500.0,74.06,271,19484.2,105.2,56.77,4.743,182.21,3.2098,3.4904,42.3,Y
서울,영등포구,2026-05,230,64172.7,60000.0,72.11,258,19525.8,114.2,55.54,4.8,192.35,3.4634,3.8541,40.6,Y
서울,영등포구,2026-06,202,64383.0,60000.0,73.74,262,18788.3,119.3,56.61,4.723,193.2,3.4126,3.4658,38.3,Y
서울,영등포구,2026-07,202,60891.3,61000.0,69.14,285,17378.1,117.0,51.91,4.653,184.4,3.5522,3.7963,36.5,Y
서울,영등포구,2026-08,168,67621.7,64000.0,78.13,206,16781.1,117.5,47.79,,,,,,Y
서울,영등포구,2026-09,105,66906.0,65000.0,70.21,114,19855.7,109.3,53.89,,,,,,Y
서울,용산구,2011-01,253,31061.7,30000.0,88.89,43,7697.7,113.1,87.85,7.2,159.33,1.8135,1.9291,29.0,Y
서울,용산구,2011-02,244,31858.8,28000.0,89.49,40,9996.7,102.4,80.87,7.2,162.41,2.0083,1.8996,36.9,Y
서울,용산구,2011-03,276,30660.6,28000.0,89.77,55,7672.5,106.7,72.77,7.2,152.69,2.0983,2.1495,30.1,Y
서울,용산구,2011-04,241,30433.5,28000.0,87.25,56,7747.1,137.5,79.47,7.2,183.95,2.3148,2.3458,25.3,Y
서울,용산구,2011-05,212,30980.7,27000.0,87.61,45,7556.7,133.2,81.78,7.2,178.56,2.1833,2.0694,25.4,Y
서울,용산구,2011-06,228,30807.5,28000.0,91.49,39,8448.7,132.1,83.6,7.2,182.74,2.186,2.3023,27.7,Y
서울,용산구,2011-07,222,29315.8,28000.0,86.66,41,7492.7,147.5,89.49,7.242,192.73,2.1537,2.1646,23.5,Y
서울,용산구,2011-08,216,30941.7,30000.0,90.59,50,8330.0,115.8,81.47,7.429,167.33,2.0539,2.065,30.8,Y
서울,용산구,2011-09,168,31770.2,28000.0,89.85,49,8193.9,139.2,80.68,7.322,189.16,2.3446,2.2711,26.4,Y
서울,용산구,2011-10,194,29786.1,28000.0,87.47,46,8426.1,121.1,83.45,7.416,173.16,2.075,2.307,30.1,Y
서울,용산구,2011-11,147,33839.5,32000.0,96.63,46,6890.8,115.2,74.26,7.385,157.58,2.1221,2.1888,26.9,Y
서울,용산구,2011-12,196,32891.6,28500.0,87.11,37,8540.5,121.5,75.0,7.2,172.7,2.3028,2.3023,29.7,Y
서울,용산구,2012-01,174,33708.0,29250.0,97.19,41,6402.4,131.1,82.21,7.111,169.04,2.0562,2.0773,22.4,Y
서울,용산구,2012-02,272,32605.5,29750.0,89.98,61,7683.8,124.3,81.86,6.919,168.63,2.0601,2.1244,26.3,Y
서울,용산구,2012-03,208,32737.0,29500.0,89.05,50,7000.0,118.3,78.21,6.894,158.51,2.0268,2.0612,25.4,Y
서울,용산구,2012-04,161,33462.1,30000.0,94.82,41,8594.2,127.5,83.22,6.838,176.48,2.1206,2.3105,27.7,Y
서울,용산구,2012-05,202,35698.5,31750.0,95.54,50,8198.6,137.1,84.85,6.857,183.95,2.1679,2.2437,25.5,Y
서울,용산구,2012-06,204,32555.9,30000.0,89.22,39,5681.2,141.7,75.59,6.857,174.16,2.304,2.4082,18.6,Y
서울,용산구,2012-07,212,33386.8,31000.0,92.97,39,9861.5,117.4,82.25,6.857,173.71,2.112,2.1151,32.4,Y
서울,용산구,2012-08,237,32632.1,30000.0,89.46,42,7374.7,127.2,80.35,7.0,170.26,2.119,2.1655,25.3,Y
서울,용산구,2012-09,188,32995.7,30000.0,89.26,43,6976.7,105.8,72.91,7.024,146.68,2.0117,2.0386,27.8,Y
서울,용산구,2012-10,251,32695.6,30000.0,90.71,56,9812.5,121.4,83.96,6.857,177.5,2.1141,2.2251,31.6,Y
서울,용산구,2012-11,217,35716.6,31000.0,93.95,31,5806.5,129.2,74.3,6.783,162.01,2.1806,2.1976,20.3,Y
서울,용산구,2012-12,234,36648.7,32000.0,94.02,43,9697.7,138.6,91.99,6.783,193.37,2.1021,2.3169,28.3,Y
서울,용산구,2013-01,230,34754.8,30000.0,87.0,76,10256.6,110.2,69.19,6.677,167.32,2.4182,2.6314,34.1,Y
서울,용산구,2013-02,265,34714.9,32000.0,88.34,61,8558.6,95.9,63.03,6.545,142.57,2.262,2.4497,32.7,Y
서울,용산구,2013-03,280,35098.2,31000.0,91.69,60,7796.7,110.8,72.01,6.462,152.77,2.1214,2.1611,27.5,Y
서울,용산구,2013-04,230,35655.6,32750.0,90.47,60,7740.1,130.8,81.04,6.545,173.0,2.1348,2.0932,24.4,Y
서울,용산구,2013-05,201,34024.4,30000.0,89.42,61,7450.8,116.2,74.82,6.581,157.06,2.0992,2.1397,26.0,Y
서울,용산구,2013-06,206,37129.6,33000.0,93.87,51,9960.8,138.9,86.23,6.429,192.28,2.2298,2.2503,27.8,Y
서울,용산구,2013-07,193,35574.1,32000.0,90.25,72,8791.7,115.0,77.16,6.462,162.37,2.1042,2.3852,29.2,Y
서울,용산구,2013-08,226,35232.7,32000.0,89.35,53,14658.5,100.2,81.59,6.462,179.12,2.1953,2.3309,44.1,Y
서울,용산구,2013-09,153,36066.0,32000.0,91.63,56,8924.7,124.1,76.38,6.4,171.65,2.2473,2.4337,27.7,Y
서울,용산구,2013-10,207,37982.6,35000.0,91.21,83,11598.7,115.7,86.67,6.316,176.73,2.0392,2.0036,34.5,Y
서울,용산구,2013-11,157,35587.9,34500.0,88.5,74,13668.0,97.0,79.08,6.234,168.04,2.1249,2.0694,42.3,Y
서울,용산구,2013-12,187,40290.9,37000.0,96.18,50,12502.7,111.1,83.32,6.171,175.38,2.1049,2.0832,36.7,Y
서울,용산구,2014-01,229,40144.8,37000.0,91.17,90,13572.2,111.9,79.87,6.0,179.72,2.2503,2.3242,37.8,Y
서울,용산구,2014-02,244,40784.5,37000.0,92.41,99,12727.2,108.3,76.87,6.0,171.94,2.2367,2.2923,37.0,Y
서울,용산구,2014-03,229,38245.7,35000.0,91.06,83,15284.0,97.2,80.1,5.858,171.85,2.1456,2.3341,43.4,Y
서울,용산구,2014-04,229,39838.4,37000.0,94.57,82,11976.1,99.4,73.95,5.887,158.12,2.138,2.3183,37.2,Y
서울,용산구,2014-05,199,42010.1,38000.0,96.7,79,13987.8,102.0,79.2,5.778,169.36,2.1383,2.349,39.8,Y
서울,용산구,2014-06,201,40774.1,37000.0,96.62,61,13629.9,100.4,83.34,5.707,165.22,1.9823,1.9899,39.2,Y
서울,용산구,2014-07,212,39253.8,35000.0,90.97,66,13039.4,100.1,74.45,5.625,161.24,2.1657,2.2474,37.9,Y
서울,용산구,2014-08,274,40501.6,36000.0,89.78,52,11451.9,105.7,74.51,5.647,159.55,2.1414,2.1292,33.8,Y
서울,용산구,2014-09,252,38475.8,36000.0,90.39,62,17780.1,97.2,86.44,5.661,181.09,2.0949,2.1208,46.3,Y
서울,용산구,2014-10,281,39954.4,35500.0,93.39,74,12856.3,103.6,77.86,5.625,163.82,2.1039,2.1458,36.8,Y
서울,용산구,2014-11,195,39261.5,36000.0,88.7,47,16755.3,91.8,84.23,5.571,169.62,2.0137,2.2209,45.9,Y
서울,용산구,2014-12,228,42260.1,37500.0,94.05,87,14799.6,111.3,84.4,5.559,179.87,2.1313,2.08,38.1,Y
서울,용산구,2015-01,247,39805.4,38000.0,86.9,100,14966.3,104.4,78.13,5.571,173.89,2.2257,2.4067,40.0,Y
서울,용산구,2015-02,232,41790.1,39000.0,91.31,103,16302.4,98.7,78.0,5.55,174.05,2.2315,2.2927,43.3,Y
서울,용산구,2015-03,257,43167.3,39000.0,94.33,113,17534.8,116.9,84.62,5.394,195.7,2.3127,2.3587,40.3,Y
서울,용산구,2015-04,221,45608.6,40000.0,93.64,124,19459.3,85.8,76.64,5.393,173.25,2.2605,2.1943,50.5,Y
서울,용산구,2015-05,201,45202.5,40000.0,93.14,88,18475.3,96.7,79.32,5.309,178.4,2.2492,2.3424,45.8,Y
서울,용산구,2015-06,197,46986.3,42000.0,98.79,100,18716.7,99.2,82.68,5.283,181.62,2.1966,2.2018,45.4,Y
서울,용산구,2015-07,187,47176.5,42000.0,97.27,102,17843.1,117.9,82.87,5.211,195.39,2.3578,2.4369,39.7,Y
서울,용산구,2015-08,153,43228.8,42000.0,91.87,96,15739.6,112.8,75.76,5.143,180.26,2.3793,2.3067,37.4,Y
서울,용산구,2015-09,153,45690.8,43000.0,91.91,82,18655.2,119.8,86.24,5.077,198.72,2.3041,2.2847,39.7,Y
서울,용산구,2015-10,192,47202.6,43000.0,92.55,110,21520.5,119.2,87.46,5.014,209.13,2.3912,2.4671,43.0,Y
서울,용산구,2015-11,129,46673.8,43000.0,93.8,96,18980.5,89.4,72.92,4.945,167.58,2.2981,2.1775,46.7,Y
서울,용산구,2015-12,169,50562.7,45000.0,96.11,82,19800.1,96.5,75.87,4.974,178.54,2.3534,2.4034,46.0,Y
서울,용산구,2016-01,135,50652.2,45000.0,93.76,120,26262.5,112.6,91.27,5.004,222.07,2.4331,2.4437,49.3,Y
서울,용산구,2016-02,146,46623.3,44500.0,90.27,119,20251.0,113.2,83.99,4.8,194.18,2.312,2.2615,41.7,Y
서울,용산구,2016-03,165,49309.0,46000.0,93.3,106,20000.5,96.9,84.1,4.708,175.41,2.0857,2.0676,44.7,Y
서울,용산구,2016-04,147,52108.3,49000.0,97.07,111,22330.9,93.3,83.13,4.634,179.51,2.1593,2.1065,48.0,Y
서울,용산구,2016-05,170,47638.5,45000.0,93.52,111,21405.2,100.3,84.25,4.595,182.29,2.1636,2.0838,45.0,Y
서울,용산구,2016-06,172,49703.1,46000.0,93.75,91,28019.6,88.8,86.19,4.546,194.96,2.2619,2.2143,54.5,Y
서울,용산구,2016-07,163,48526.4,45000.0,91.06,91,23634.7,103.5,85.16,4.571,193.5,2.2721,2.2102,46.5,Y
서울,용산구,2016-08,192,50239.1,45000.0,95.29,85,20833.3,110.3,90.8,4.483,188.16,2.0722,1.9456,41.4,Y
서울,용산구,2016-09,174,46856.3,43000.0,89.11,71,23539.4,104.5,90.21,4.457,191.97,2.1281,2.1557,45.5,Y
서울,용산구,2016-10,203,44551.7,43000.0,85.2,112,23206.2,102.6,86.26,4.444,188.55,2.1858,2.2053,45.6,Y
서울,용산구,2016-11,155,48903.9,45000.0,93.61,91,21057.7,102.7,84.05,4.383,179.6,2.1367,2.1352,42.8,Y
서울,용산구,2016-12,225,50948.9,46000.0,91.2,97,25099.5,89.0,84.72,4.334,179.63,2.1203,2.1709,50.5,Y
서울,용산구,2017-01,148,53160.8,47000.0,91.84,92,21378.9,116.7,88.9,4.286,193.01,2.1711,2.1761,39.6,Y
서울,용산구,2017-02,235,47231.5,45000.0,85.17,113,25480.5,97.1,84.67,4.262,187.61,2.2158,2.2481,48.2,Y
서울,용산구,2017-03,235,50148.9,45000.0,91.46,109,22020.4,109.3,85.2,4.216,186.66,2.1909,2.1839,41.4,Y
서울,용산구,2017-04,205,50633.1,45000.0,89.11,84,20950.0,101.8,78.59,4.286,176.62,2.2475,2.2873,42.4,Y
서울,용산구,2017-05,199,51020.1,45000.0,91.6,103,18818.6,115.0,78.83,4.286,182.18,2.311,2.3009,36.9,Y
서울,용산구,2017-06,233,54057.5,48500.0,96.32,99,18171.9,113.9,78.85,4.337,179.6,2.2776,2.3893,36.6,Y
서울,용산구,2017-07,200,53986.6,48000.0,96.51,83,23584.3,113.5,89.8,4.38,199.6,2.2226,2.1467,43.1,Y
서울,용산구,2017-08,206,51050.0,45000.0,92.43,91,18538.5,119.6,83.96,4.364,186.98,2.2271,2.3407,36.1,Y
서울,용산구,2017-09,226,55338.5,47000.0,92.44,70,23223.2,126.9,86.68,4.339,210.85,2.4326,2.218,39.8,Y
서울,용산구,2017-10,162,53148.8,50000.0,94.01,94,23675.5,121.1,85.18,4.286,205.61,2.4138,2.2794,41.1,Y
서울,용산구,2017-11,190,57802.6,48000.0,96.42,78,20343.6,113.9,80.73,4.265,186.19,2.3064,2.2379,38.8,Y
서울,용산구,2017-12,227,57434.8,50000.0,96.09,98,23373.1,122.8,85.59,4.22,204.98,2.3949,2.3799,40.1,Y
서울,용산구,2018-01,263,56853.4,52000.0,96.09,127,21590.6,137.4,89.67,4.138,211.84,2.3624,2.3098,35.1,Y
서울,용산구,2018-02,208,51772.0,47000.0,88.96,88,23242.0,108.2,85.07,4.178,189.13,2.2233,2.3472,42.8,Y
서울,용산구,2018-03,274,56840.1,50000.0,97.05,103,19598.5,113.6,87.7,4.178,181.79,2.0728,1.9703,37.5,Y
서울,용산구,2018-04,229,51804.5,48000.0,89.76,94,19205.2,136.2,92.09,4.169,202.95,2.2038,2.1259,32.9,Y
서울,용산구,2018-05,208,52104.8,46000.0,90.18,87,18953.0,124.7,87.1,4.174,190.67,2.1891,2.2725,34.6,Y
서울,용산구,2018-06,221,52850.7,50000.0,89.52,97,19917.5,138.1,91.65,4.182,207.52,2.2642,2.4209,33.4,Y
서울,용산구,2018-07,227,53416.7,50000.0,92.29,87,78401.6,111.0,108.78,4.235,387.7,3.5642,2.107,71.4,Y
서울,용산구,2018-08,244,51199.0,50000.0,88.46,84,26792.9,138.6,93.23,4.195,232.24,2.4909,2.3946,40.3,Y
서울,용산구,2018-09,191,54684.3,50000.0,88.6,80,16823.8,144.9,85.92,4.215,203.96,2.3737,2.393,29.0,Y
서울,용산구,2018-10,273,52943.4,49000.0,89.59,110,21296.4,114.8,83.51,4.174,188.88,2.2618,2.5136,39.2,Y
서울,용산구,2018-11,231,51464.8,48000.0,83.83,93,12954.0,124.1,79.66,4.213,169.55,2.1285,2.0952,26.8,Y
서울,용산구,2018-12,242,52340.9,49250.0,84.92,80,18644.4,137.6,80.82,4.294,204.35,2.5284,2.4981,32.7,Y
서울,용산구,2019-01,263,54266.9,50000.0,88.91,84,21961.8,119.3,87.22,4.286,197.71,2.2668,2.257,39.7,Y
서울,용산구,2019-02,218,51607.8,49000.0,90.74,89,19372.9,131.0,79.28,4.272,199.93,2.5218,2.3796,34.5,Y
서울,용산구,2019-03,279,50157.8,48000.0,80.93,92,15375.2,98.1,71.82,4.216,152.13,2.1183,2.1481,35.5,Y
서울,용산구,2019-04,240,53981.2,50000.0,85.37,86,16425.1,115.2,80.55,4.24,173.28,2.1512,2.2156,33.5,Y
서울,용산구,2019-05,269,58433.3,55000.0,89.51,88,19844.7,133.6,85.14,4.286,204.44,2.4011,2.454,34.7,Y
서울,용산구,2019-06,216,55539.8,50000.0,91.21,80,18225.8,142.6,88.29,4.271,207.5,2.3503,2.3562,31.3,Y
서울,용산구,2019-07,253,54880.2,50000.0,87.49,106,26712.7,134.6,88.24,4.286,229.97,2.6061,2.3003,41.5,Y
서울,용산구,2019-08,246,52758.1,48000.0,87.45,150,16171.0,111.5,71.41,4.318,169.67,2.3758,1.9947,34.3,Y
서울,용산구,2019-09,243,59097.1,50000.0,91.13,87,16465.3,162.8,89.07,4.289,221.61,2.4881,2.3699,26.6,Y
서울,용산구,2019-10,280,59745.3,52000.0,95.72,97,24855.5,129.4,88.36,4.235,217.17,2.4578,2.2898,40.4,Y
서울,용산구,2019-11,306,57301.7,50200.0,88.73,99,23111.0,138.5,90.63,4.21,219.58,2.4227,2.2714,36.9,Y
서울,용산구,2019-12,275,61662.1,54000.0,91.76,102,18779.5,130.9,86.53,4.135,195.64,2.261,2.1873,33.1,Y
서울,용산구,2020-01,272,57685.9,50000.0,90.49,106,21966.9,126.3,87.65,4.18,202.81,2.3139,2.3517,37.7,Y
서울,용산구,2020-02,316,54232.6,48500.0,85.74,116,20525.9,111.2,85.16,4.154,182.22,2.1398,2.2453,39.0,Y
서울,용산구,2020-03,240,55979.6,50000.0,90.76,86,18685.5,114.7,81.59,4.138,179.1,2.1951,2.2234,36.0,Y
서울,용산구,2020-04,223,54899.4,50000.0,85.12,72,21196.1,138.0,85.77,4.147,211.23,2.4626,2.2102,34.7,Y
서울,용산구,2020-05,269,57204.3,52000.0,90.49,114,16391.1,132.7,87.69,4.144,189.33,2.1591,2.0886,29.9,Y
서울,용산구,2020-06,277,59034.1,53000.0,89.15,86,21877.7,129.7,85.59,4.138,205.18,2.3972,2.4352,36.8,Y
서울,용산구,2020-07,325,63541.8,55000.0,89.6,97,22163.5,120.0,84.0,4.098,195.64,2.3289,2.3491,38.7,Y
서울,용산구,2020-08,241,62185.6,55000.0,88.98,95,22978.9,167.9,87.62,4.045,245.33,2.7999,2.5493,31.6,Y
서울,용산구,2020-09,225,66756.2,60000.0,91.59,95,28138.2,127.0,80.68,4.0,220.75,2.7362,2.5556,42.5,Y
서울,용산구,2020-10,252,65680.6,56500.0,90.63,146,27618.7,102.0,74.52,4.009,194.3,2.6073,2.0199,47.5,Y
서울,용산구,2020-11,257,71423.7,63000.0,90.69,185,21567.8,83.6,65.29,4.138,157.95,2.4192,1.9616,47.1,Y
서울,용산구,2020-12,265,69489.5,62000.0,91.45,105,25606.1,166.1,86.59,4.186,255.44,2.9499,2.8118,35.0,Y
서울,용산구,2021-01,251,65940.5,55000.0,87.41,103,32507.0,137.0,81.87,4.211,251.11,3.0673,2.8707,45.4,Y
서울,용산구,2021-02,238,66000.9,57600.0,87.1,84,24863.6,119.6,78.69,4.249,207.67,2.639,2.6876,42.4,Y
서울,용산구,2021-03,253,68090.4,57749.0,90.48,268,14045.7,69.0,56.96,4.246,118.73,2.0844,0.8516,41.9,Y
서울,용산구,2021-04,237,71116.4,60000.0,92.35,85,25596.4,149.7,81.28,4.249,240.33,2.9569,2.9526,37.7,Y
서울,용산구,2021-05,385,84066.4,68250.0,98.23,119,29809.6,151.2,85.07,4.299,258.03,3.033,2.765,41.4,Y
서울,용산구,2021-06,249,74532.0,65000.0,79.51,172,21761.0,195.3,80.77,4.423,275.48,3.4108,2.8735,29.1,Y
서울,용산구,2021-07,164,82922.9,64000.0,84.91,149,21211.8,202.3,82.14,4.293,278.22,3.387,2.8703,27.3,Y
서울,용산구,2021-08,135,70801.9,65000.0,77.79,120,22373.9,222.3,84.91,4.225,301.05,3.5453,3.3373,26.2,Y
서울,용산구,2021-09,120,78655.3,68000.0,87.27,144,23675.3,187.7,78.59,4.226,271.05,3.4491,3.1395,30.8,Y
서울,용산구,2021-10,122,84824.8,73500.0,87.55,131,21400.9,193.4,78.76,4.2,268.29,3.4064,3.1162,27.9,Y
서울,용산구,2021-11,146,88543.3,70000.0,87.99,151,26377.8,255.8,88.64,4.378,352.02,3.9712,3.0075,27.3,Y
서울,용산구,2021-12,164,86075.7,70000.0,89.62,149,25546.2,219.1,87.87,4.446,313.78,3.5708,3.236,30.2,Y
서울,용산구,2022-01,154,70058.3,63450.0,83.94,119,23389.6,289.4,95.6,4.441,375.97,3.9329,3.6352,23.0,Y
서울,용산구,2022-02,142,73672.6,63000.0,81.5,173,20920.3,229.9,81.08,4.688,311.59,3.843,3.1352,26.2,Y
서울,용산구,2022-03,183,81573.0,68000.0,85.26,251,21190.2,170.8,68.51,4.689,253.61,3.702,3.2925,32.6,Y
서울,용산구,2022-04,212,79499.5,70000.0,82.88,203,21741.8,243.6,82.15,4.578,326.56,3.9751,3.6076,25.4,Y
서울,용산구,2022-05,160,78486.4,70000.0,82.02,563,14153.6,106.6,46.59,4.627,161.17,3.4593,3.1813,33.9,Y
서울,용산구,2022-06,151,91095.0,70000.0,91.34,287,22029.6,148.7,62.39,4.618,233.43,3.7417,3.1784,36.3,Y
서울,용산구,2022-07,153,80156.1,65000.0,87.65,147,22169.5,205.6,73.92,4.618,290.91,3.9354,2.9972,29.3,Y
서울,용산구,2022-08,144,78557.0,60000.0,82.86,130,23694.8,217.9,80.57,4.542,307.57,3.8172,3.7012,29.2,Y
서울,용산구,2022-09,115,78533.2,60000.0,81.86,160,19524.7,224.0,78.38,4.521,297.59,3.7967,3.1777,24.7,Y
서울,용산구,2022-10,143,68719.8,56200.0,82.48,173,24140.7,196.1,76.61,4.679,290.21,3.788,3.6242,32.4,Y
서울,용산구,2022-11,155,65719.1,55000.0,79.84,152,21249.4,206.3,82.88,4.752,290.46,3.5048,3.3202,29.0,Y
서울,용산구,2022-12,164,61423.3,50000.0,83.14,692,16678.1,80.8,50.98,4.719,146.39,2.8712,2.2643,44.8,Y
서울,용산구,2023-01,173,67781.1,55000.0,88.57,360,19505.6,122.3,63.34,4.72,199.03,3.1422,2.2458,38.6,Y
서울,용산구,2023-02,221,63653.4,55000.0,83.2,169,22088.5,206.9,84.87,4.8,295.24,3.4785,3.1906,29.9,Y
서울,용산구,2023-03,277,67983.1,55000.0,85.7,192,22231.3,230.3,85.61,4.966,322.34,3.7651,3.2319,28.5,Y
서울,용산구,2023-04,285,67195.7,55000.0,85.95,154,22306.5,314.0,96.3,5.078,408.41,4.2412,3.6172,23.1,Y
서울,용산구,2023-05,237,66571.6,56000.0,85.25,171,22144.6,243.5,85.85,5.163,338.77,3.946,3.5219,28.1,Y
서울,용산구,2023-06,228,71204.6,55000.0,90.0,231,17935.9,184.9,69.94,5.236,263.17,3.7627,2.4002,29.7,Y
서울,용산구,2023-07,248,67953.2,60000.0,89.24,182,22318.7,228.1,85.87,5.277,326.25,3.7991,3.3823,30.1,Y
서울,용산구,2023-08,220,82153.7,60000.0,89.98,168,24972.3,238.1,82.56,5.302,348.41,4.2199,3.5429,31.7,Y
서울,용산구,2023-09,219,73810.4,58000.0,90.18,160,20150.8,232.1,81.64,5.209,319.6,3.9147,3.2203,27.4,Y
서울,용산구,2023-10,205,76703.8,61500.0,91.19,147,21143.0,239.2,83.77,5.168,330.27,3.9425,3.5885,27.6,Y
서울,용산구,2023-11,189,69437.9,65000.0,82.59,156,21469.2,312.2,88.25,5.175,404.79,4.587,3.6135,22.9,Y
서울,용산구,2023-12,241,75949.4,65000.0,92.1,183,28012.0,200.2,76.63,5.155,320.5,4.1824,3.3834,37.5,Y
서울,용산구,2024-01,246,82692.7,64500.0,90.12,163,26542.9,227.6,86.12,5.083,340.04,3.9484,3.5232,33.1,Y
서울,용산구,2024-02,194,73988.7,62000.0,88.37,154,25707.8,272.1,87.8,5.048,380.26,4.3308,3.7344,28.4,Y
서울,용산구,2024-03,224,75121.0,62395.0,87.78,178,19705.4,259.9,84.53,5.091,343.49,4.0636,3.7924,24.3,Y
서울,용산구,2024-04,183,77729.3,65000.0,86.69,162,23292.2,230.4,82.59,4.968,326.83,3.9571,3.3464,29.5,Y
서울,용산구,2024-05,187,88450.0,70000.0,91.33,175,19574.7,305.6,85.34,4.94,386.2,4.5256,3.8537,20.9,Y
서울,용산구,2024-06,192,84775.7,70000.0,90.46,184,22819.0,281.2,87.59,4.888,374.19,4.2722,3.656,24.8,Y
서울,용산구,2024-07,134,81460.9,68000.0,87.69,134,17967.3,267.5,83.29,4.946,341.59,4.1014,3.5018,21.7,Y
서울,용산구,2024-08,197,80665.6,70000.0,86.98,138,26149.2,283.2,91.52,4.941,390.91,4.2712,3.7811,27.5,Y
서울,용산구,2024-09,118,77082.6,67000.0,84.22,127,24749.4,242.2,86.72,4.941,344.11,3.9681,3.5439,29.6,Y
서울,용산구,2024-10,186,93345.9,70000.0,95.36,120,22149.8,281.5,82.79,5.019,374.13,4.5191,4.1825,24.8,Y
서울,용산구,2024-11,162,96998.9,63500.0,88.12,148,24343.0,213.9,76.51,5.143,318.23,4.1594,3.6988,32.8,Y
서울,용산구,2024-12,169,87166.9,70000.0,90.9,148,24323.8,200.7,72.33,5.112,304.35,4.2077,3.8311,34.0,Y
서울,용산구,2025-01,159,76157.1,65800.0,81.0,134,21322.2,236.2,78.48,5.143,327.56,4.1737,3.7651,27.9,Y
서울,용산구,2025-02,177,83152.1,68000.0,86.89,169,23335.3,233.3,80.14,5.077,332.03,4.1434,3.4851,29.7,Y
서울,용산구,2025-03,216,84164.6,70000.0,89.41,154,28209.7,250.5,80.75,5.026,368.62,4.565,3.5393,32.1,Y
서울,용산구,2025-04,196,77649.6,65000.0,86.17,172,23935.1,253.8,85.25,5.032,354.14,4.1543,3.6423,28.3,Y
서울,용산구,2025-05,177,84708.2,71500.0,90.15,166,18439.1,225.4,75.89,4.98,301.93,3.9787,3.6841,25.3,Y
서울,용산구,2025-06,149,87674.4,72000.0,94.45,209,25447.3,209.0,64.77,5.04,315.9,4.8772,4.2898,33.8,Y
서울,용산구,2025-07,148,88754.1,70000.0,85.93,189,25326.6,248.8,74.6,5.044,355.23,4.7616,4.0718,30.0,Y
서울,용산구,2025-08,110,87380.2,67500.0,85.99,135,18654.7,257.6,73.0,5.053,336.2,4.6056,4.2145,23.4,Y
서울,용산구,2025-09,141,82368.4,68000.0,88.78,291,20076.5,203.1,62.1,5.064,287.81,4.6342,2.8064,29.4,Y
서울,용산구,2025-10,122,79789.7,70500.0,80.21,139,21939.7,275.4,82.16,5.085,368.36,4.4837,4.2743,25.2,Y
서울,용산구,2025-11,125,86103.0,75000.0,89.67,176,22278.0,288.7,80.21,5.108,383.57,4.7819,4.0426,24.7,Y
서울,용산구,2025-12,151,94744.1,70000.0,90.46,181,26010.8,265.6,80.98,5.082,375.72,4.6394,4.3546,29.3,Y
서울,용산구,2026-01,136,91608.9,69500.0,84.92,178,19348.7,313.8,84.06,5.053,395.27,4.7023,4.0495,20.6,Y
서울,용산구,2026-02,123,109391.8,70000.0,89.59,155,27371.5,332.1,83.07,5.11,448.67,5.4013,4.5276,26.0,Y
서울,용산구,2026-03,139,88504.5,74000.0,84.86,188,20517.8,302.5,78.83,5.07,389.21,4.9374,4.2406,22.3,Y
서울,용산구,2026-04,109,98983.0,79000.0,90.38,158,25987.5,317.9,86.79,5.07,427.74,4.9285,4.2268,25.7,Y
서울,용산구,2026-05,122,95595.1,82500.0,92.97,157,25423.8,349.6,84.76,5.02,455.96,5.3795,4.6443,23.3,Y
서울,용산구,2026-06,104,99037.3,75000.0,91.76,191,22870.4,251.9,74.57,5.224,351.49,4.7134,4.4253,28.3,Y
서울,용산구,2026-07,87,92008.6,78000.0,88.76,154,24383.4,233.5,77.37,5.2,339.17,4.3837,4.207,31.2,Y
서울,용산구,2026-08,78,89843.1,81750.0,87.35,122,31608.1,279.8,80.52,,,,,,Y
서울,용산구,2026-09,54,87825.1,77750.0,89.84,74,26206.3,250.4,71.07,,,,,,Y
서울,은평구,2011-01,333,17798.8,18000.0,83.64,44,7579.5,92.8,84.46,7.487,140.04,1.6581,1.4699,33.8,Y
서울,은평구,2011-02,339,18547.6,18000.0,84.73,100,5191.6,37.2,55.72,7.487,69.55,1.2482,0.9939,46.6,Y
서울,은평구,2011-03,265,18846.0,19000.0,83.84,57,5825.4,39.5,58.4,7.487,75.86,1.299,1.0291,47.9,Y
서울,은평구,2011-04,195,19929.2,20000.0,85.21,28,6627.1,66.2,77.07,7.487,107.56,1.3956,1.3986,38.4,Y
서울,은평구,2011-05,215,19050.2,19000.0,82.01,42,7936.0,58.0,77.67,7.487,107.47,1.3836,1.4532,46.1,Y
서울,은평구,2011-06,258,19875.8,20000.0,81.43,63,4831.9,45.8,58.06,7.487,75.94,1.3081,1.0291,39.7,Y
서울,은평구,2011-07,247,20398.0,20000.0,81.18,50,5837.2,44.2,59.37,7.487,80.62,1.3579,1.2257,45.2,Y
서울,은평구,2011-08,249,22104.9,22000.0,87.01,53,7934.3,74.3,75.79,7.23,122.11,1.611,1.6042,39.2,Y
서울,은평구,2011-09,203,20930.6,20000.0,85.3,62,5471.4,56.2,62.15,7.2,88.99,1.432,1.1891,36.9,Y
서울,은평구,2011-10,185,21502.0,20000.0,84.25,45,7480.8,58.4,70.59,7.23,103.52,1.4664,1.4281,43.5,Y
서울,은평구,2011-11,187,20150.3,20000.0,82.96,32,6785.2,61.1,65.46,7.106,101.24,1.5466,1.5481,39.7,Y
서울,은평구,2011-12,193,20150.0,20000.0,79.26,36,8385.2,67.8,74.27,7.076,117.25,1.5786,1.5192,42.2,Y
서울,은평구,2012-01,316,19327.4,18450.0,79.78,43,7018.8,53.1,70.07,7.2,95.25,1.3594,1.3143,44.2,Y
서울,은평구,2012-02,455,19573.2,18500.0,81.45,53,8240.6,57.0,71.42,7.347,107.47,1.5047,1.5176,46.9,Y
서울,은평구,2012-03,375,19014.2,19000.0,79.78,39,7487.2,72.8,79.97,7.369,118.77,1.4852,1.4526,38.7,Y
서울,은평구,2012-04,258,20727.0,20500.0,85.82,52,7192.5,82.8,81.55,7.0,124.74,1.5297,1.4981,33.6,Y
서울,은평구,2012-05,238,20907.8,21000.0,84.68,41,6833.6,78.6,79.31,7.015,118.58,1.4951,1.5277,33.7,Y
서울,은평구,2012-06,273,21173.8,21500.0,84.53,49,6970.1,49.7,67.33,6.886,89.71,1.3324,1.2112,44.6,Y
서울,은평구,2012-07,356,18497.5,18250.0,78.81,60,6332.5,54.6,63.52,6.7,90.01,1.4171,1.3456,39.3,Y
서울,은평구,2012-08,382,20328.3,20000.0,82.28,66,6960.5,50.6,61.57,6.75,89.77,1.4581,1.4433,43.6,Y
서울,은평구,2012-09,546,19791.0,18500.0,82.48,61,7766.8,59.0,71.17,6.7,102.32,1.4376,1.4375,42.4,Y
서울,은평구,2012-10,446,20960.4,21000.0,83.93,55,7832.2,52.9,66.73,6.673,96.44,1.4452,1.4257,45.2,Y
서울,은평구,2012-11,382,21876.5,23750.0,101.2,42,6652.3,52.8,68.15,6.667,89.74,1.3168,1.2628,41.2,Y
서울,은평구,2012-12,303,21849.0,23000.0,97.64,34,6407.3,71.9,68.38,6.7,107.72,1.5753,1.5563,33.2,Y
서울,은평구,2013-01,507,20498.2,20000.0,92.85,57,8358.5,67.8,78.4,6.701,114.5,1.4604,1.4706,40.8,Y
서울,은평구,2013-02,374,19491.9,20000.0,80.38,168,4867.9,33.6,50.06,6.668,60.69,1.2124,0.977,44.6,Y
서울,은평구,2013-03,422,20141.5,20000.0,85.76,108,6056.9,47.6,59.08,6.668,81.31,1.3762,1.2195,41.4,Y
서울,은평구,2013-04,241,21095.9,22000.0,86.07,54,6844.3,62.4,69.43,6.683,100.56,1.4485,1.3936,37.9,Y
서울,은평구,2013-05,240,21889.0,22000.0,86.88,53,6197.3,58.2,65.3,6.699,92.8,1.4212,1.4436,37.3,Y
서울,은평구,2013-06,204,22163.5,23000.0,81.73,51,7517.4,57.3,68.85,6.667,99.1,1.4394,1.4118,42.1,Y
서울,은평구,2013-07,224,22300.8,22000.0,80.74,94,5639.3,50.8,56.02,6.511,81.44,1.4536,1.3348,37.6,Y
서울,은평구,2013-08,249,23827.7,25000.0,83.05,72,8727.1,59.6,69.26,6.521,107.01,1.545,1.5225,44.3,Y
서울,은평구,2013-09,256,23348.3,23000.0,81.14,80,7258.6,45.1,59.28,6.503,84.46,1.4247,1.2672,46.6,Y
서울,은평구,2013-10,271,24167.2,24000.0,83.69,55,9389.5,67.3,77.14,6.462,117.87,1.528,1.5291,42.9,Y
서울,은평구,2013-11,222,24203.4,25000.0,81.77,44,8937.2,65.9,67.47,6.376,113.35,1.6799,1.7003,41.9,Y
서울,은평구,2013-12,246,24092.3,25000.0,78.73,92,7103.8,43.2,57.91,6.151,79.61,1.3746,1.1781,45.7,Y
서울,은평구,2014-01,276,24383.8,25000.0,81.06,76,8088.2,58.2,62.02,6.161,99.7,1.6076,1.6191,41.7,Y
서울,은평구,2014-02,344,24987.0,25000.0,82.86,64,10334.5,59.8,70.3,6.0,111.42,1.5849,1.6234,46.4,Y
서울,은평구,2014-03,390,23548.9,24000.0,79.95,105,9631.8,64.2,72.81,6.0,112.36,1.5432,1.5412,42.9,Y
서울,은평구,2014-04,470,22002.5,19372.0,80.2,68,9466.4,58.6,67.94,6.0,105.92,1.5591,1.4801,44.7,Y
서울,은평구,2014-05,287,23773.9,25000.0,78.44,128,5953.9,41.0,51.07,6.0,70.74,1.3851,1.1634,42.1,Y
서울,은평구,2014-06,288,23615.1,22900.0,81.35,79,6547.3,53.0,56.62,6.0,85.71,1.5137,1.4807,38.2,Y
서울,은평구,2014-07,419,21830.3,22000.0,76.81,116,6744.9,39.1,53.02,6.0,72.78,1.3726,1.1858,46.3,Y
서울,은평구,2014-08,329,24647.3,25000.0,83.4,106,7006.0,47.8,57.0,6.087,83.3,1.4613,1.3623,42.7,Y
서울,은평구,2014-09,538,21170.1,16758.0,81.09,69,9287.3,58.6,67.83,6.066,105.58,1.5565,1.5023,44.5,Y
서울,은평구,2014-10,334,26588.3,27000.0,85.93,79,11100.1,51.7,70.62,6.116,108.31,1.5338,1.4887,52.2,Y
서울,은평구,2014-11,276,25882.7,26000.0,84.25,64,13189.6,61.2,82.74,6.0,127.18,1.5372,1.5226,51.9,Y
서울,은평구,2014-12,272,25590.9,26000.0,81.91,62,9832.2,57.6,66.28,6.0,106.81,1.6114,1.5946,46.0,Y
서울,은평구,2015-01,382,24636.6,24000.0,82.21,95,10230.5,56.7,62.72,6.0,107.87,1.7199,1.8345,47.4,Y
서울,은평구,2015-02,295,25755.8,27000.0,83.83,107,8623.9,42.8,62.18,6.0,85.9,1.3814,1.0666,50.2,Y
서울,은평구,2015-03,415,25345.5,26000.0,89.38,143,9587.9,52.3,67.27,6.0,100.21,1.4896,1.4726,47.8,Y
서울,은평구,2015-04,264,27899.2,28770.0,97.94,98,10010.6,57.0,69.35,5.878,106.06,1.5294,1.5201,46.2,Y
서울,은평구,2015-05,262,27970.8,28770.0,95.74,69,12361.3,55.2,74.9,5.844,115.44,1.5412,1.5474,52.1,Y
서울,은평구,2015-06,225,27814.5,28000.0,89.32,75,11844.4,57.7,73.48,5.854,115.43,1.5709,1.5729,50.1,Y
서울,은평구,2015-07,211,29452.9,29000.0,86.22,81,14683.2,56.9,75.58,5.714,126.86,1.6785,1.7017,55.1,Y
서울,은평구,2015-08,228,29670.0,30000.0,83.04,104,10261.8,63.5,66.98,5.5,110.49,1.6495,1.6811,42.6,Y
서울,은평구,2015-09,231,27164.7,28000.0,81.02,115,9814.5,47.6,61.78,5.493,92.54,1.4977,1.3902,48.6,Y
서울,은평구,2015-10,244,29157.5,30000.0,82.18,104,11190.5,56.5,71.04,5.419,107.08,1.5073,1.4697,47.2,Y
서울,은평구,2015-11,200,28969.0,29000.0,82.87,69,15284.6,55.4,77.39,5.4,124.19,1.6046,1.5927,55.4,Y
서울,은평구,2015-12,193,30010.1,30000.0,82.8,105,11499.2,46.6,64.51,5.383,98.22,1.5225,1.4307,52.5,Y
서울,은평구,2016-01,175,31873.7,32000.0,84.2,105,14559.9,57.5,72.21,5.313,121.92,1.6884,1.7462,52.9,Y
서울,은평구,2016-02,214,31171.9,32000.0,83.08,102,15385.0,58.9,76.96,5.068,123.86,1.6094,1.5689,52.5,Y
서울,은평구,2016-03,228,29244.9,30000.0,79.43,109,13805.6,61.4,76.27,5.0,118.88,1.5586,1.5952,48.4,Y
서울,은평구,2016-04,313,26032.9,22000.0,79.73,102,13885.5,59.4,74.5,4.888,115.94,1.5562,1.6257,48.8,Y
서울,은평구,2016-05,184,32913.5,34000.0,85.16,65,15877.4,58.8,79.06,4.701,120.98,1.5302,1.6495,51.4,Y
서울,은평구,2016-06,190,31485.0,32000.0,83.67,84,15359.3,61.1,76.98,4.711,121.39,1.577,1.6506,49.7,Y
서울,은평구,2016-07,261,24736.0,24000.0,73.88,101,12467.4,50.0,66.56,4.615,97.94,1.4714,1.4491,49.0,Y
서울,은평구,2016-08,315,27855.2,26000.0,80.2,106,11821.5,52.2,65.5,4.615,97.65,1.4907,1.3908,46.6,Y
서울,은평구,2016-09,375,25374.0,17595.0,83.09,81,14388.5,50.0,70.88,4.655,105.77,1.4922,1.4492,52.8,Y
서울,은평구,2016-10,207,32210.3,32000.0,78.71,115,13860.9,57.5,71.86,4.683,111.59,1.5528,1.5484,48.5,Y
서울,은평구,2016-11,199,32427.0,32000.0,81.95,73,17278.5,53.2,75.03,4.615,119.63,1.5945,1.575,55.5,Y
서울,은평구,2016-12,206,31911.6,31000.0,80.14,92,14950.2,53.2,72.3,4.5,109.28,1.5114,1.5386,51.3,Y
서울,은평구,2017-01,254,29195.4,27250.0,82.19,86,14233.4,59.6,71.47,4.249,109.97,1.5387,1.6623,45.8,Y
서울,은평구,2017-02,287,29867.8,30000.0,79.43,138,12270.1,49.4,63.11,4.357,93.93,1.4884,1.3713,47.4,Y
서울,은평구,2017-03,293,28766.0,28000.0,79.43,110,13823.8,49.7,67.8,4.288,99.14,1.4622,1.4586,49.8,Y
서울,은평구,2017-04,207,33649.8,35000.0,85.85,75,12499.8,53.9,64.05,4.362,99.29,1.5501,1.6063,45.8,Y
서울,은평구,2017-05,203,33118.7,35000.0,82.36,79,13503.1,62.8,72.32,4.243,110.55,1.5286,1.5709,43.2,Y
서울,은평구,2017-06,232,32998.4,33500.0,79.81,82,10724.9,67.4,72.36,4.247,105.33,1.4556,1.5152,36.0,Y
서울,은평구,2017-07,247,33695.2,35000.0,77.0,82,11935.1,59.5,60.54,4.348,102.76,1.6973,1.8744,42.1,Y
서울,은평구,2017-08,264,33987.0,35000.0,78.67,91,11783.4,59.1,60.63,4.186,100.18,1.6525,1.7689,41.0,Y
서울,은평구,2017-09,339,31377.6,33000.0,73.21,115,9504.0,62.7,65.25,4.287,96.67,1.4815,1.4396,35.1,Y
서울,은평구,2017-10,247,31552.1,31125.0,74.25,83,11332.8,62.4,58.84,4.258,102.57,1.7432,1.8041,39.2,Y
서울,은평구,2017-11,222,31192.5,31062.5,73.93,91,9155.6,50.5,48.62,4.333,83.56,1.7186,1.8012,39.6,Y
서울,은평구,2017-12,259,31210.8,32000.0,73.93,110,9128.0,49.1,58.46,4.436,82.84,1.4169,1.4292,40.7,Y
서울,은평구,2018-01,305,32140.2,32000.0,78.95,91,8539.5,61.6,59.26,4.454,93.31,1.5747,1.733,34.0,Y
서울,은평구,2018-02,283,29622.9,30000.0,75.91,117,11050.7,65.1,64.51,4.427,105.82,1.6404,1.7746,38.5,Y
서울,은평구,2018-03,409,31110.0,33000.0,75.25,101,12481.5,60.5,65.84,4.4,106.25,1.6139,1.7486,43.1,Y
서울,은평구,2018-04,309,28973.6,27000.0,76.45,83,9559.1,62.5,66.46,4.364,97.23,1.4629,1.5113,35.8,Y
서울,은평구,2018-05,241,33641.8,35000.0,79.23,83,12187.3,66.4,68.73,4.407,111.18,1.6176,1.6581,40.3,Y
서울,은평구,2018-06,298,32505.6,34000.0,76.29,67,9823.4,71.7,66.77,4.235,106.39,1.5933,1.7109,32.6,Y
서울,은평구,2018-07,348,27409.8,27000.0,76.1,94,8627.2,51.3,54.71,4.258,81.9,1.4971,1.5986,37.4,Y
서울,은평구,2018-08,352,31978.6,33000.0,79.49,115,9547.5,49.0,56.39,4.216,82.57,1.4643,1.5317,40.6,Y
서울,은평구,2018-09,468,29495.2,27000.0,78.98,73,10804.0,60.7,59.76,4.186,98.37,1.6461,1.698,38.3,Y
서울,은평구,2018-10,316,34481.1,35000.0,80.97,110,9282.9,54.6,61.63,4.221,87.21,1.415,1.3464,37.4,Y
서울,은평구,2018-11,277,32539.4,33000.0,76.25,70,10647.1,58.8,66.15,4.235,96.41,1.4574,1.4808,39.0,Y
서울,은평구,2018-12,296,31741.9,33000.0,69.13,110,12071.6,52.5,62.29,4.364,96.44,1.5483,1.7531,45.5,Y
서울,은평구,2019-01,417,30790.7,31000.0,71.65,111,10102.7,65.0,58.12,4.286,101.04,1.7385,1.8996,35.7,Y
서울,은평구,2019-02,359,31233.9,31125.0,73.85,154,7281.9,46.1,52.77,4.414,72.86,1.3808,1.2965,36.8,Y
서울,은평구,2019-03,447,30494.8,31000.0,73.49,122,9439.9,60.0,66.58,4.38,94.45,1.4185,1.4445,36.5,Y
서울,은평구,2019-04,284,31805.9,32000.0,72.22,108,7556.5,60.0,58.24,4.433,87.89,1.5091,1.471,31.8,Y
서울,은평구,2019-05,282,32064.8,32500.0,73.21,93,10471.5,57.4,60.54,4.4,95.84,1.583,1.7275,40.1,Y
서울,은평구,2019-06,262,33585.2,34000.0,75.73,82,10201.2,55.7,62.54,4.358,92.78,1.4837,1.5866,39.9,Y
서울,은평구,2019-07,283,33248.1,34000.0,75.46,75,7700.1,69.9,59.59,4.243,97.1,1.6294,1.6945,28.0,Y
서울,은평구,2019-08,304,32671.3,32000.0,73.22,86,8911.6,53.7,56.91,4.154,84.51,1.485,1.4154,36.5,Y
서울,은평구,2019-09,317,31509.6,33000.0,71.6,77,7490.6,46.7,48.79,4.135,72.48,1.4857,1.4101,35.6,Y
서울,은평구,2019-10,374,32986.3,32000.0,72.6,110,9684.4,58.1,57.95,4.175,91.77,1.5836,1.5828,36.7,Y
서울,은평구,2019-11,387,34019.7,35000.0,72.15,109,7924.9,54.9,57.61,4.204,82.63,1.4344,1.4277,33.6,Y
서울,은평구,2019-12,429,33386.1,33000.0,73.14,160,7859.7,52.6,52.87,4.474,81.91,1.5493,1.5457,35.8,Y
서울,은평구,2020-01,353,30587.1,31000.0,67.76,121,9308.2,59.6,53.03,4.374,93.52,1.7635,1.9069,36.3,Y
서울,은평구,2020-02,477,32837.9,31875.0,74.88,133,8839.7,62.0,51.49,4.525,95.32,1.8511,1.9932,35.0,Y
서울,은평구,2020-03,393,33612.4,36000.0,69.97,109,9394.2,57.0,58.59,4.623,93.23,1.5913,1.6318,38.8,Y
서울,은평구,2020-04,444,33324.3,32750.0,72.94,142,8040.9,43.0,48.74,4.665,74.27,1.5237,1.3325,42.1,Y
서울,은평구,2020-05,447,36896.4,38000.0,72.73,141,9666.3,64.2,60.93,4.79,102.75,1.6864,1.8338,37.6,Y
서울,은평구,2020-06,569,38228.7,40000.0,73.65,130,10519.1,69.4,60.59,4.504,108.92,1.7976,1.8402,36.2,Y
서울,은평구,2020-07,576,34329.2,37000.0,70.67,200,9163.8,54.5,54.83,4.661,90.1,1.6434,1.3614,39.5,Y
서울,은평구,2020-08,445,36354.2,36750.0,72.06,142,11802.8,58.9,59.17,4.631,104.4,1.7643,1.6319,43.6,Y
서울,은평구,2020-09,445,31128.5,26000.0,74.31,184,9990.5,51.4,52.62,4.717,90.71,1.724,1.5538,43.3,Y
서울,은평구,2020-10,330,39613.3,39450.0,72.53,122,13119.4,58.2,59.36,4.615,108.66,1.8306,1.749,46.4,Y
서울,은평구,2020-11,326,40329.0,39900.0,72.69,111,12734.0,59.4,57.21,4.696,109.19,1.9087,1.8304,45.6,Y
서울,은평구,2020-12,297,39983.6,38000.0,73.36,148,11742.9,52.5,58.78,4.784,99.32,1.6897,1.4632,47.1,Y
서울,은평구,2021-01,396,38619.9,38000.0,72.22,242,9615.7,43.9,44.06,4.467,79.73,1.8094,1.5253,44.9,Y
서울,은평구,2021-02,379,36586.8,35700.0,72.26,237,9491.5,39.2,49.81,4.95,78.34,1.5727,1.4736,50.0,Y
서울,은평구,2021-03,377,37975.4,38500.0,72.05,123,12990.6,54.6,57.4,4.706,105.53,1.8385,1.7383,48.3,Y
서울,은평구,2021-04,322,40020.5,37800.0,73.36,137,11575.9,59.9,57.13,4.848,106.66,1.8669,1.898,43.8,Y
서울,은평구,2021-05,357,43623.3,42000.0,73.19,136,14490.2,59.3,59.21,4.8,117.23,1.9798,1.9013,49.4,Y
서울,은평구,2021-06,310,42604.7,40000.0,72.95,175,15515.7,74.1,59.21,4.615,133.74,2.2588,2.2827,44.6,Y
서울,은평구,2021-07,311,47927.5,47250.0,69.36,266,10092.7,53.8,49.76,4.609,92.53,1.8596,1.5164,41.9,Y
서울,은평구,2021-08,327,43911.6,38300.0,71.24,334,9339.1,44.5,54.06,4.354,78.43,1.4507,0.9302,43.2,Y
서울,은평구,2021-09,262,42091.3,42500.0,68.25,376,8947.7,46.7,45.72,4.433,79.79,1.7452,1.7227,41.4,Y
서울,은평구,2021-10,303,46225.2,47000.0,70.97,305,11954.0,56.2,56.45,4.427,100.34,1.7777,1.2657,43.9,Y
서울,은평구,2021-11,283,47425.1,50000.0,72.33,190,14288.5,67.3,53.83,4.545,121.42,2.2555,2.0845,44.6,Y
서울,은평구,2021-12,294,44819.0,49000.0,65.51,390,12484.5,47.4,52.55,4.8,97.36,1.8527,1.5316,51.3,Y
서울,은평구,2022-01,321,43412.0,45000.0,69.26,201,14367.2,76.3,55.35,4.703,132.59,2.3953,2.5799,42.5,Y
서울,은평구,2022-02,294,41296.4,40000.0,70.04,208,14162.3,77.1,60.84,4.533,130.65,2.1473,2.2225,41.0,Y
서울,은평구,2022-03,370,41043.1,37000.0,70.18,252,11551.4,58.2,52.66,4.358,100.13,1.9014,1.6242,41.9,Y
서울,은평구,2022-04,425,43292.6,42000.0,71.85,391,11666.8,59.4,43.76,4.445,102.63,2.3454,2.7077,42.1,Y
서울,은평구,2022-05,448,48125.0,49500.0,72.31,437,12416.8,51.1,49.14,4.421,96.86,1.9711,1.5992,47.2,Y
서울,은평구,2022-06,390,45581.6,45850.0,70.58,327,9028.0,43.2,45.82,4.321,75.7,1.6521,0.9903,42.9,Y
서울,은평구,2022-07,360,34401.2,32825.0,65.23,348,9513.8,54.9,48.48,4.629,91.57,1.8885,1.4339,40.1,Y
서울,은평구,2022-08,296,37235.1,39000.0,70.91,213,12046.3,66.9,55.27,4.679,113.84,2.0599,2.0035,41.3,Y
서울,은평구,2022-09,382,33334.5,29436.5,72.65,214,11703.9,66.6,51.9,4.647,111.88,2.1555,1.9769,40.5,Y
서울,은평구,2022-10,273,40147.4,41400.0,68.8,233,13691.2,69.1,55.64,4.714,122.86,2.2083,2.4619,43.8,Y
서울,은평구,2022-11,273,37025.0,36075.0,70.28,236,12424.3,75.5,53.92,4.688,124.06,2.3006,2.4662,39.1,Y
서울,은평구,2022-12,261,39295.7,40000.0,70.71,444,10465.4,52.3,50.46,4.713,93.45,1.8519,1.7883,44.0,Y
서울,은평구,2023-01,347,35054.1,35000.0,69.41,269,10306.2,55.9,44.87,4.669,96.03,2.1401,1.8891,41.8,Y
서울,은평구,2023-02,432,36303.6,36000.0,70.9,302,9473.3,56.4,54.59,4.823,94.44,1.73,1.6321,40.3,Y
서울,은평구,2023-03,438,37162.0,39250.0,71.69,286,9368.6,67.6,50.94,5.007,106.7,2.0948,2.1336,36.6,Y
서울,은평구,2023-04,385,40588.9,40000.0,73.63,323,8692.7,58.8,48.67,5.017,95.14,1.9548,1.5633,38.2,Y
서울,은평구,2023-05,440,39238.6,40000.0,71.81,256,11224.0,72.2,53.85,4.966,118.68,2.2038,2.2555,39.1,Y
서울,은평구,2023-06,552,41072.9,42000.0,70.65,208,11359.2,77.5,55.93,5.053,125.37,2.2414,2.4297,38.1,Y
서울,은평구,2023-07,548,43336.8,44000.0,73.96,320,11788.4,69.1,54.29,4.999,118.22,2.1774,2.2043,41.5,Y
서울,은평구,2023-08,503,43664.7,45000.0,74.93,373,10975.1,64.9,52.29,4.893,109.67,2.0974,2.0809,40.8,Y
서울,은평구,2023-09,466,42947.8,45000.0,75.51,275,12767.5,72.6,56.82,4.944,125.16,2.2027,2.2708,42.0,Y
서울,은평구,2023-10,456,43530.9,42000.0,77.29,313,10859.1,63.0,56.38,4.8,106.43,1.8877,1.6109,40.8,Y
서울,은평구,2023-11,314,43663.1,43000.0,72.83,171,12410.4,81.1,52.8,4.737,130.07,2.4634,2.6993,37.7,Y
서울,은평구,2023-12,342,44710.6,45000.0,74.35,444,10387.6,51.5,46.49,4.515,90.56,1.9478,1.7575,43.2,Y
서울,은평구,2024-01,333,42177.6,41000.0,73.49,248,10539.5,60.2,48.08,4.533,100.01,2.08,2.1112,39.8,Y
서울,은평구,2024-02,293,46657.9,47500.0,73.19,266,10993.8,61.1,50.41,4.536,102.61,2.0357,1.8798,40.5,Y
서울,은평구,2024-03,381,47073.2,48000.0,72.17,365,10200.5,57.2,46.86,4.5,95.46,2.037,1.9299,40.1,Y
서울,은평구,2024-04,424,41969.9,40400.0,74.2,247,11525.0,65.7,48.9,4.573,109.58,2.2407,2.2498,40.1,Y
서울,은평구,2024-05,335,47660.7,49000.0,72.64,429,8126.7,48.8,39.12,4.5,79.24,2.0254,2.4938,38.5,Y
서울,은평구,2024-06,353,46124.3,46600.0,73.81,209,13179.4,78.7,52.26,4.593,129.18,2.4717,2.7637,39.0,Y
서울,은평구,2024-07,343,45217.4,46000.0,72.75,208,12854.1,69.0,47.74,4.571,118.01,2.4722,2.7884,41.5,Y
서울,은평구,2024-08,233,50089.4,53000.0,74.29,225,12537.6,72.4,51.95,4.519,119.62,2.3023,2.2078,39.5,Y
서울,은평구,2024-09,260,47448.4,50000.0,76.19,232,10997.5,66.8,48.24,4.604,109.03,2.26,2.2966,38.7,Y
서울,은평구,2024-10,235,48030.7,48000.0,72.3,162,14170.5,72.0,53.0,4.607,126.44,2.3856,2.6005,43.0,Y
서울,은평구,2024-11,212,47310.3,48000.0,71.1,346,9731.0,59.8,36.83,4.686,97.8,2.6554,2.9814,38.9,Y
서울,은평구,2024-12,226,48192.2,49500.0,71.96,357,12349.5,60.5,47.41,4.603,107.9,2.276,2.0569,43.9,Y
서울,은평구,2025-01,250,46346.6,46000.0,72.87,228,11644.6,60.8,42.37,4.585,105.32,2.4856,2.5608,42.2,Y
서울,은평구,2025-02,340,43611.8,41000.0,72.89,209,11718.5,74.8,49.89,4.718,120.82,2.422,2.8238,38.1,Y
서울,은평구,2025-03,290,47717.1,47750.0,73.46,213,13838.5,78.0,53.09,4.764,132.96,2.5043,2.6034,41.3,Y
서울,은평구,2025-04,258,46993.1,45000.0,73.65,223,11562.9,72.3,50.0,4.877,119.26,2.3853,2.2825,39.4,Y
서울,은평구,2025-05,222,46719.1,46500.0,73.9,208,11362.9,78.4,51.78,4.828,124.08,2.3965,2.5242,36.8,Y
서울,은평구,2025-06,263,48236.8,49000.0,74.38,178,12921.6,89.4,54.82,4.875,141.94,2.5895,2.854,37.0,Y
서울,은평구,2025-07,274,50133.7,50000.0,75.09,229,11203.7,72.3,50.1,4.852,117.57,2.347,2.2886,38.5,Y
서울,은평구,2025-08,267,48616.3,48000.0,75.45,170,10732.0,87.9,51.95,4.8,130.79,2.5177,2.8126,32.8,Y
서울,은평구,2025-09,255,46474.8,50000.0,73.5,220,12307.0,68.5,50.29,4.859,118.32,2.3526,2.3659,42.1,Y
서울,은평구,2025-10,260,51501.8,51000.0,76.82,204,12785.2,78.3,54.52,4.8,129.45,2.3743,2.5632,39.5,Y
서울,은평구,2025-11,282,52951.2,55000.0,75.82,187,12601.3,94.2,53.68,4.791,144.55,2.6929,2.8253,34.8,Y
서울,은평구,2025-12,242,53659.4,55000.0,77.53,323,12338.2,84.9,49.11,4.738,133.64,2.7211,2.6956,36.5,Y
서울,은평구,2026-01,257,53345.3,54000.0,76.43,204,14667.7,98.2,52.86,4.66,155.11,2.9346,3.2074,36.7,Y
서울,은평구,2026-02,172,53370.0,54000.0,74.46,179,14102.1,108.1,53.81,4.657,162.85,3.0261,3.3788,33.6,Y
서울,은평구,2026-03,237,53335.9,52000.0,71.64,239,13045.2,85.5,51.95,4.585,135.32,2.6047,2.8799,36.8,Y
서울,은평구,2026-04,208,52166.8,50467.5,71.72,297,13213.1,75.6,55.39,4.6,126.26,2.2796,2.1975,40.1,Y
서울,은평구,2026-05,187,55850.6,56000.0,71.79,162,18060.8,94.3,54.04,4.661,164.45,3.0429,3.4544,42.7,Y
서울,은평구,2026-06,156,55259.5,58500.0,70.64,237,13598.2,76.1,46.73,4.8,130.53,2.7933,2.818,41.7,Y
서울,은평구,2026-07,223,50911.8,45006.0,73.39,253,14469.1,70.3,47.48,4.854,128.87,2.7143,2.5331,45.4,Y
서울,은평구,2026-08,143,51445.1,51000.0,68.41,130,16887.5,96.0,55.18,,,,,,Y
서울,은평구,2026-09,80,56677.4,55500.0,71.85,89,16120.5,92.6,53.65,,,,,,Y
서울,종로구,2011-01,97,25556.7,23000.0,81.32,26,8150.0,122.4,78.44,7.608,174.06,2.2189,2.2262,29.7,Y
서울,종로구,2011-02,80,29807.5,26000.0,91.21,20,10110.0,95.2,73.58,7.608,159.35,2.1655,2.2017,40.2,Y
서울,종로구,2011-03,67,26135.8,26000.0,82.27,15,12600.0,84.3,76.99,7.608,164.22,2.1329,2.0038,48.6,Y
서울,종로구,2011-04,58,27689.7,25500.0,84.35,22,13295.5,98.2,81.36,7.608,182.48,2.2429,2.188,46.2,Y
서울,종로구,2011-05,47,27500.0,24000.0,83.99,15,9400.0,87.8,71.15,7.608,147.4,2.0715,2.2644,40.4,Y
서울,종로구,2011-06,64,24762.5,22500.0,80.56,13,4230.8,106.5,72.16,7.608,133.36,1.8482,2.2572,20.1,Y
서울,종로구,2011-07,53,28339.6,27000.0,84.53,18,6277.8,94.1,74.33,7.636,134.01,1.8028,2.0528,29.8,Y
서울,종로구,2011-08,56,30696.4,28500.0,92.37,10,10700.0,160.0,102.59,7.385,225.85,2.2014,2.0616,29.2,Y
서울,종로구,2011-09,51,29588.2,29000.0,88.01,17,11388.2,106.8,74.34,7.491,177.86,2.3926,2.1869,40.0,Y
서울,종로구,2011-10,41,26787.8,25000.0,81.48,21,10485.7,97.6,77.19,7.636,164.35,2.1292,2.2802,40.6,Y
서울,종로구,2011-11,47,28531.9,27000.0,80.35,16,11812.5,117.8,84.43,7.518,191.82,2.2719,2.2234,38.6,N
서울,종로구,2011-12,66,36393.9,33250.0,95.23,8,10312.5,106.2,69.76,7.2,168.12,2.41,2.3343,36.8,Y
서울,종로구,2012-01,64,34223.4,35000.0,91.07,24,10208.3,127.5,80.89,6.792,185.28,2.2906,2.3041,31.2,Y
서울,종로구,2012-02,88,29523.9,28250.0,83.04,23,11760.9,124.6,87.25,6.75,190.72,2.1858,2.1932,34.7,Y
서울,종로구,2012-03,85,32230.6,31000.0,91.27,25,10880.0,97.0,76.53,6.941,159.93,2.0898,2.0485,39.3,Y
서울,종로구,2012-04,70,31518.6,28000.0,88.9,14,11142.9,107.9,79.24,6.792,170.93,2.1572,2.1489,36.9,N
서울,종로구,2012-05,76,32385.5,30000.0,91.22,18,14750.0,66.6,74.73,6.941,151.87,2.0323,2.0667,56.2,Y
서울,종로구,2012-06,63,32349.2,30000.0,89.45,20,9800.0,115.8,77.79,7.059,173.4,2.229,2.1901,33.2,Y
서울,종로구,2012-07,54,30555.6,27500.0,88.58,16,12218.8,85.0,74.24,6.951,155.78,2.0984,2.0512,45.4,Y
서울,종로구,2012-08,76,27302.6,24750.0,80.64,15,8909.3,78.7,63.67,6.89,129.82,2.039,2.103,39.4,Y
서울,종로구,2012-09,57,29052.6,29000.0,81.59,17,12500.0,109.4,92.34,6.923,181.53,1.9659,2.1066,39.7,Y
서울,종로구,2012-10,93,31241.9,28000.0,88.42,13,15769.2,109.2,87.4,6.759,198.05,2.2659,2.3576,44.8,Y
서울,종로구,2012-11,78,28269.2,25500.0,81.95,24,11520.8,110.6,81.91,6.653,174.45,2.1299,2.0962,36.6,Y
서울,종로구,2012-12,81,35823.5,33000.0,93.83,17,12529.4,93.2,78.33,6.857,164.77,2.1035,2.097,43.5,Y
서울,종로구,2013-01,78,32310.3,30000.0,88.13,23,15565.2,119.3,92.45,6.994,210.07,2.2723,2.2359,43.2,Y
서울,종로구,2013-02,66,30681.8,28500.0,86.33,19,8526.3,87.9,65.05,6.776,136.04,2.0914,2.0981,35.4,N
서울,종로구,2013-03,60,31127.3,30000.0,85.16,21,15023.8,72.5,75.15,6.857,158.37,2.1074,2.1208,54.2,Y
서울,종로구,2013-04,64,33309.4,29500.0,92.64,20,13350.0,105.0,85.52,6.934,182.14,2.1297,2.2534,42.4,Y
서울,종로구,2013-05,51,36180.4,33000.0,95.44,16,11093.8,97.0,71.85,6.668,158.64,2.2078,2.117,38.9,Y
서울,종로구,2013-06,46,31273.9,30000.0,84.68,15,9400.0,107.7,73.66,6.481,158.43,2.151,1.9666,32.0,Y
서울,종로구,2013-07,50,35760.0,36000.0,91.52,16,9093.8,118.1,82.2,6.681,168.76,2.053,2.0382,30.0,Y
서울,종로구,2013-08,56,34955.4,30500.0,92.19,17,9735.3,103.4,73.69,6.462,155.83,2.1146,2.076,33.6,N
서울,종로구,2013-09,32,36515.6,33500.0,92.78,22,8681.8,91.1,66.36,6.462,137.88,2.0779,2.118,33.9,Y
서울,종로구,2013-10,49,37644.9,34000.0,94.04,28,13892.9,110.8,85.25,6.401,184.89,2.1689,2.0609,40.1,Y
서울,종로구,2013-11,45,33486.7,30000.0,86.07,22,16409.1,105.0,85.9,6.318,191.4,2.2281,2.1695,45.1,Y
서울,종로구,2013-12,62,38056.5,35000.0,94.9,15,17800.0,60.7,72.22,6.218,152.9,2.1172,2.1897,60.3,Y
서울,종로구,2014-01,71,35159.2,30000.0,82.7,31,9435.5,93.8,60.15,6.0,140.95,2.3435,2.4099,33.5,Y
서울,종로구,2014-02,91,37793.4,34000.0,93.95,49,12183.7,79.8,65.05,6.306,143.82,2.2108,2.2601,44.5,Y
서울,종로구,2014-03,74,33067.6,30500.0,83.04,50,11850.0,75.0,55.74,6.242,136.64,2.4512,2.6458,45.1,Y
서울,종로구,2014-04,61,33401.6,28000.0,85.96,18,9027.8,57.7,47.87,6.138,103.85,2.1695,2.2688,44.5,Y
서울,종로구,2014-05,49,35465.3,34000.0,86.87,30,11216.7,94.4,67.18,6.362,153.9,2.2907,2.3142,38.6,Y
서울,종로구,2014-06,67,32091.0,28000.0,78.42,26,6620.2,68.9,41.45,6.5,104.78,2.5278,3.0787,34.2,Y
서울,종로구,2014-07,56,32383.9,30500.0,84.59,25,12292.0,73.2,57.15,6.567,140.51,2.4588,2.69,47.9,Y
서울,종로구,2014-08,56,30112.5,28500.0,76.65,32,13390.6,72.5,66.87,6.24,142.13,2.1255,2.0954,49.0,Y
서울,종로구,2014-09,43,33023.3,30000.0,85.31,15,9933.3,61.5,55.18,6.303,113.71,2.0606,2.2814,45.9,Y
서울,종로구,2014-10,80,32632.5,29500.0,82.32,31,11612.9,101.6,73.55,6.03,160.0,2.1754,2.174,36.5,Y
서울,종로구,2014-11,52,37230.8,32000.0,88.7,23,11804.3,68.0,53.66,6.0,127.07,2.3679,2.5024,46.4,Y
서울,종로구,2014-12,60,37925.0,32000.0,92.75,33,18590.9,73.6,70.83,6.316,171.48,2.4211,2.5818,57.1,Y
서울,종로구,2015-01,65,32846.2,30000.0,83.65,44,14022.7,94.9,69.66,6.0,164.98,2.3682,2.4839,42.5,Y
서울,종로구,2015-02,55,38676.4,34500.0,86.85,37,17418.9,102.5,80.83,6.048,190.28,2.3541,2.3592,46.1,Y
서울,종로구,2015-03,57,36819.3,34000.0,90.52,39,16615.4,75.9,68.3,6.0,158.97,2.3276,2.419,52.3,Y
서울,종로구,2015-04,36,34763.9,29000.0,82.41,42,17797.6,80.8,75.04,6.0,169.82,2.2632,2.2571,52.4,Y
서울,종로구,2015-05,54,32805.6,33000.0,81.66,36,14111.1,76.5,59.44,6.0,147.08,2.4747,2.6792,48.0,Y
서울,종로구,2015-06,32,33703.1,32000.0,72.35,28,16357.1,83.2,73.6,6.0,165.0,2.2418,2.3767,49.6,Y
서울,종로구,2015-07,49,35551.0,34000.0,81.14,36,14101.1,86.4,68.24,6.133,158.46,2.3221,2.3986,45.5,Y
서울,종로구,2015-08,35,37885.7,37000.0,78.07,31,15500.0,90.6,69.67,6.0,168.15,2.4133,2.4747,46.1,Y
서울,종로구,2015-09,32,41128.1,35000.0,86.17,33,14890.9,76.7,63.73,6.029,151.49,2.3771,2.4213,49.4,Y
서울,종로구,2015-10,53,38518.9,37000.0,83.54,39,18397.4,83.4,77.22,5.639,169.82,2.1991,2.2198,50.9,Y
서울,종로구,2015-11,35,39200.0,37000.0,84.27,32,15234.4,124.2,85.02,5.769,197.46,2.3226,2.295,37.1,Y
서울,종로구,2015-12,41,39685.4,38000.0,82.47,54,15601.9,112.1,80.32,5.415,182.54,2.2727,2.4016,38.6,Y
서울,종로구,2016-01,44,37704.5,34000.0,77.51,51,16892.2,98.9,72.92,5.471,175.94,2.4129,2.4289,43.8,Y
서울,종로구,2016-02,44,39847.7,33000.0,91.42,47,18021.3,60.8,66.06,5.217,139.14,2.1063,2.2174,56.3,Y
서울,종로구,2016-03,50,43030.0,37750.0,88.36,36,18430.6,73.2,67.99,5.169,152.59,2.2444,2.4726,52.0,Y
서울,종로구,2016-04,43,40488.4,38000.0,83.29,32,12453.1,63.2,57.73,5.41,119.39,2.0679,2.2397,47.0,Y
서울,종로구,2016-05,46,35517.4,28500.0,79.66,28,17285.7,87.5,73.35,5.385,165.06,2.2504,2.3752,47.0,Y
서울,종로구,2016-06,40,38475.0,32000.0,84.37,37,20527.0,73.9,67.56,5.455,167.22,2.4751,2.6141,55.8,Y
서울,종로구,2016-07,41,38522.0,40000.0,75.5,40,13362.5,91.3,67.6,5.419,151.62,2.2429,2.2536,39.8,Y
서울,종로구,2016-08,38,36368.4,35000.0,76.68,40,16487.5,83.8,67.52,5.333,157.13,2.3272,2.3492,46.6,Y
서울,종로구,2016-09,44,28965.9,29250.0,70.07,36,13277.8,97.4,67.11,5.317,156.22,2.3279,2.3164,37.7,Y
서울,종로구,2016-10,52,38105.8,33500.0,84.45,36,11388.9,94.4,68.79,5.091,142.68,2.0742,2.0699,33.9,Y
서울,종로구,2016-11,40,34687.5,32000.0,75.52,32,11937.5,91.2,61.35,5.208,143.03,2.3314,2.6835,36.2,Y
서울,종로구,2016-12,48,39197.9,35000.0,81.14,49,15418.5,99.1,72.24,5.161,165.44,2.2901,2.3912,40.1,Y
서울,종로구,2017-01,84,53933.3,55500.0,81.5,42,21126.2,76.5,69.7,5.268,169.25,2.4283,2.719,54.8,Y
서울,종로구,2017-02,84,47601.2,48000.0,79.82,79,17050.6,87.6,64.85,5.24,162.05,2.4986,2.6774,45.9,Y
서울,종로구,2017-03,119,50794.1,55000.0,78.09,59,14084.7,90.5,54.67,4.923,148.31,2.7127,3.0566,39.0,Y
서울,종로구,2017-04,101,54745.5,56000.0,82.4,73,15846.6,108.0,69.65,4.693,169.94,2.4399,2.6044,36.5,Y
서울,종로구,2017-05,118,50326.3,53000.0,79.49,60,20710.1,101.2,77.05,4.43,177.64,2.3055,2.4197,43.0,Y
서울,종로구,2017-06,94,48829.8,51000.0,75.91,55,18663.6,105.9,71.25,4.348,173.58,2.4362,2.7755,39.0,Y
서울,종로구,2017-07,91,44664.8,40000.0,67.44,66,12868.2,82.2,54.72,4.154,126.79,2.317,2.5922,35.1,Y
서울,종로구,2017-08,82,43513.4,38500.0,72.36,50,13588.3,88.3,60.25,3.99,133.49,2.2156,2.3654,33.9,Y
서울,종로구,2017-09,58,47556.9,42000.0,79.42,40,12575.0,109.8,63.77,4.0,151.67,2.3782,2.4902,27.6,Y
서울,종로구,2017-10,53,43962.3,44000.0,77.58,26,21442.3,93.5,71.51,4.085,166.53,2.3287,2.3286,43.8,Y
서울,종로구,2017-11,61,45882.0,42000.0,77.97,48,17341.2,101.2,70.12,4.003,159.09,2.2687,2.1982,36.4,Y
서울,종로구,2017-12,60,47275.0,46750.0,78.21,51,15822.8,100.4,60.76,4.088,154.33,2.5401,2.5839,34.9,Y
서울,종로구,2018-01,64,39451.0,38000.0,68.69,70,12017.0,77.4,53.32,4.131,118.79,2.2276,2.4713,34.8,Y
서울,종로구,2018-02,64,48585.5,42500.0,89.64,48,15075.0,76.1,56.45,4.357,130.88,2.3183,2.4096,41.8,Y
서울,종로구,2018-03,75,43585.2,38000.0,87.87,42,19706.2,94.5,73.88,4.465,167.78,2.2711,2.2907,43.7,Y
서울,종로구,2018-04,37,39198.6,30000.0,78.59,29,14820.7,78.6,59.13,4.523,134.48,2.2745,2.3285,41.5,Y
서울,종로구,2018-05,54,48329.6,44500.0,84.37,24,15770.8,122.5,75.32,4.52,181.86,2.4146,2.6465,32.7,Y
서울,종로구,2018-06,55,45626.4,44000.0,77.02,46,14390.5,99.2,68.02,4.81,156.86,2.306,2.3043,36.8,Y
서울,종로구,2018-07,48,48645.8,48000.0,89.22,38,13078.9,88.0,57.51,4.579,137.93,2.3986,2.6021,36.2,Y
서울,종로구,2018-08,51,47686.3,43000.0,84.48,39,12717.9,112.1,66.9,4.479,159.59,2.3855,2.3945,29.7,Y
서울,종로구,2018-09,55,41959.1,40000.0,75.93,28,11999.9,71.7,58.58,4.604,117.72,2.0095,1.9162,39.1,Y
서울,종로구,2018-10,83,46133.7,40000.0,83.69,25,15260.0,109.2,75.76,4.379,164.84,2.176,2.2609,33.8,Y
서울,종로구,2018-11,57,47049.1,47000.0,80.21,38,14499.6,69.9,54.43,4.267,121.48,2.2318,2.34,42.4,N
서울,종로구,2018-12,70,53638.6,50000.0,84.15,62,15583.5,100.4,67.16,4.238,155.47,2.3149,2.6893,35.4,Y
서울,종로구,2019-01,98,55338.3,58500.0,79.17,58,14315.8,89.0,52.97,4.241,139.56,2.6347,3.0994,36.3,Y
서울,종로구,2019-02,92,53447.8,57500.0,76.29,60,18360.2,72.9,52.0,4.2,137.17,2.6381,2.9689,46.8,Y
서울,종로구,2019-03,102,55718.6,57500.0,78.15,53,17669.8,103.4,66.51,4.184,164.97,2.4802,2.9166,37.3,Y
서울,종로구,2019-04,78,54335.9,57500.0,73.32,42,23361.0,109.1,78.39,4.138,189.7,2.42,2.8087,42.5,Y
서울,종로구,2019-05,89,46987.4,50000.0,76.18,54,19971.5,100.9,64.78,4.107,169.23,2.6124,2.8041,40.4,Y
서울,종로구,2019-06,110,50345.9,50000.0,76.37,37,19013.5,121.5,74.82,4.186,187.81,2.51,2.6853,35.3,Y
서울,종로구,2019-07,91,45833.7,47500.0,66.54,45,16508.9,98.9,62.6,4.181,156.46,2.4995,2.8914,36.8,Y
서울,종로구,2019-08,94,50557.4,48000.0,75.17,47,25301.1,91.0,70.73,4.2,179.51,2.5382,2.8833,49.3,Y
서울,종로구,2019-09,51,45809.8,43000.0,73.96,54,12398.4,79.4,55.5,4.229,123.12,2.2186,2.1624,35.5,Y
서울,종로구,2019-10,97,49545.4,50000.0,75.35,56,14940.8,97.0,61.37,4.202,149.28,2.4323,2.7178,35.0,Y
서울,종로구,2019-11,85,54864.7,53000.0,80.97,49,18927.1,97.1,65.01,4.231,163.86,2.5206,2.6562,40.7,Y
서울,종로구,2019-12,95,51462.6,51000.0,76.79,93,19164.9,75.0,57.22,4.0,138.85,2.4266,2.0017,46.0,Y
서울,종로구,2020-01,84,54469.0,50500.0,81.83,72,14234.5,95.8,58.52,4.133,144.79,2.4744,2.3612,33.9,Y
서울,종로구,2020-02,99,46937.7,40000.0,74.72,83,13594.1,73.3,52.59,4.154,120.37,2.2889,2.1531,39.1,Y
서울,종로구,2020-03,59,41594.7,38000.0,68.58,40,14042.5,105.8,62.88,4.2,154.95,2.4643,2.4559,31.7,Y
서울,종로구,2020-04,48,45515.1,36000.0,72.85,43,13572.9,85.2,59.64,4.118,131.76,2.2094,2.1309,35.3,Y
서울,종로구,2020-05,66,44693.9,36500.0,71.22,62,11677.5,85.2,52.76,4.138,125.49,2.3785,2.4854,32.1,Y
서울,종로구,2020-06,91,48021.9,43000.0,76.64,81,11171.1,60.1,39.84,4.103,98.26,2.4665,2.5966,38.9,Y
서울,종로구,2020-07,73,48767.1,45000.0,72.05,55,13985.8,71.9,47.8,4.125,120.0,2.5103,2.341,40.1,Y
서울,종로구,2020-08,76,51060.5,43000.0,76.07,53,13777.9,85.0,52.59,4.477,136.42,2.5939,2.8857,37.7,Y
서울,종로구,2020-09,61,47343.4,45500.0,72.06,69,8872.6,67.4,40.53,4.174,98.31,2.4257,2.6107,31.4,Y
서울,종로구,2020-10,66,56568.2,43025.0,78.91,54,16041.9,86.0,57.81,4.062,140.3,2.4271,2.4067,38.7,Y
서울,종로구,2020-11,68,63759.3,58900.0,85.94,64,15192.0,81.0,52.29,4.062,132.39,2.5318,2.1712,38.8,Y
서울,종로구,2020-12,73,57260.8,52000.0,75.72,64,23955.3,131.1,72.56,4.062,212.16,2.9239,2.8887,38.2,Y
서울,종로구,2021-01,87,62453.7,60900.0,74.15,69,15023.9,95.1,53.84,4.18,147.48,2.7395,3.0044,35.5,Y
서울,종로구,2021-02,58,64935.7,66990.0,79.6,85,19869.0,77.9,53.33,4.204,147.49,2.7657,2.756,47.2,Y
서울,종로구,2021-03,88,57085.6,56825.0,71.93,51,17844.5,93.0,59.09,4.236,155.99,2.6396,2.7533,40.4,Y
서울,종로구,2021-04,103,52862.2,47250.0,71.21,65,15618.6,92.4,54.84,4.534,151.37,2.7603,2.7394,39.0,N
서울,종로구,2021-05,103,69121.8,65000.0,82.19,55,21046.4,116.3,62.83,4.584,196.73,3.1314,3.0638,40.9,Y
서울,종로구,2021-06,59,69924.6,60000.0,80.15,60,16723.5,117.5,67.85,4.435,179.31,2.6427,2.7537,34.5,Y
서울,종로구,2021-07,59,63051.0,55500.0,71.06,58,17950.6,96.9,51.12,4.429,163.16,3.1917,3.2843,40.6,Y
서울,종로구,2021-08,58,58518.9,49000.0,72.27,55,21441.8,125.4,68.7,4.392,203.91,2.9678,2.9603,38.5,Y
서울,종로구,2021-09,36,49708.0,42172.0,68.47,90,15614.2,83.4,52.28,4.203,138.1,2.6414,2.6156,39.6,Y
서울,종로구,2021-10,57,64591.4,50000.0,74.97,71,14791.5,134.9,63.91,4.189,186.52,2.9187,2.7896,27.7,Y
서울,종로구,2021-11,47,59765.9,55000.0,75.73,77,21921.9,114.8,62.65,4.245,192.31,3.0698,2.8623,40.3,Y
서울,종로구,2021-12,57,59221.1,59000.0,69.41,67,16725.3,128.5,56.57,4.418,190.11,3.3605,3.5574,32.4,Y
서울,종로구,2022-01,71,51116.5,41470.0,67.87,102,18448.3,106.0,57.11,4.439,174.2,3.0502,2.4482,39.2,Y
서울,종로구,2022-02,48,51947.9,46000.0,68.75,72,12785.2,109.5,55.73,4.4,156.38,2.8062,2.7604,30.0,Y
서울,종로구,2022-03,53,54074.0,43500.0,72.62,93,17121.1,117.4,62.78,4.258,178.16,2.8379,2.4393,34.1,Y
서울,종로구,2022-04,61,57144.0,49000.0,70.38,37,15677.8,123.6,58.19,4.364,180.63,3.1042,2.4961,31.6,Y
서울,종로구,2022-05,59,65076.3,66000.0,70.84,68,16517.4,117.4,58.8,4.32,176.89,3.0084,2.7811,33.6,Y
서울,종로구,2022-06,47,56966.3,43000.0,65.7,55,25028.4,118.5,68.86,4.112,204.3,2.9669,2.7626,42.0,Y
서울,종로구,2022-07,47,50060.3,44000.0,68.28,58,16982.3,106.9,66.32,4.105,164.96,2.4874,2.2617,35.2,Y
서울,종로구,2022-08,33,49960.5,46200.0,67.24,37,15962.7,128.4,60.83,3.994,181.49,2.9836,2.7321,29.3,Y
서울,종로구,2022-09,35,58399.4,55000.0,74.31,51,25303.9,141.7,70.42,4.1,228.19,3.2402,3.2044,37.9,Y
서울,종로구,2022-10,42,56769.0,42000.0,72.32,88,22850.6,108.4,61.78,4.126,186.97,3.0262,3.0204,42.0,Y
서울,종로구,2022-11,35,57688.6,49000.0,80.58,88,15633.0,134.5,62.46,4.235,189.72,3.0375,3.0115,29.1,Y
서울,종로구,2022-12,45,63082.0,60000.0,78.1,77,19742.5,134.9,64.4,4.41,207.45,3.2212,3.2415,35.0,Y
서울,종로구,2023-01,62,54682.8,45000.0,74.03,78,18089.7,130.9,62.02,4.415,197.42,3.1834,3.1718,33.7,Y
서울,종로구,2023-02,68,57052.5,50905.0,74.1,79,19356.5,120.9,61.6,4.612,195.3,3.1703,3.3804,38.1,Y
서울,종로구,2023-03,88,58547.4,60000.0,77.24,58,20919.5,142.3,72.92,4.745,225.02,3.0858,2.72,36.8,Y
서울,종로구,2023-04,69,59000.4,61000.0,72.66,69,24739.5,156.0,77.93,4.811,255.16,3.2744,3.1423,38.9,Y
서울,종로구,2023-05,72,59694.2,58500.0,75.5,83,20267.4,128.2,67.22,4.944,211.74,3.15,3.2678,39.4,Y
서울,종로구,2023-06,56,64935.7,60500.0,82.32,62,18836.0,147.1,64.66,4.912,224.18,3.4672,3.2092,34.4,Y
서울,종로구,2023-07,79,58920.3,52000.0,73.51,59,13870.3,133.4,59.44,4.844,189.36,3.1855,3.3067,29.6,Y
서울,종로구,2023-08,93,54318.9,47000.0,65.95,88,17278.7,110.4,55.01,4.99,182.23,3.3129,3.2135,39.4,Y
서울,종로구,2023-09,74,55812.2,50000.0,73.31,96,17027.7,81.5,53.42,4.927,151.38,2.8338,3.0309,46.2,Y
서울,종로구,2023-10,85,57023.4,58000.0,73.33,73,13760.5,93.6,45.35,4.782,148.41,3.2725,3.2306,36.9,Y
서울,종로구,2023-11,112,65490.5,55500.0,80.35,95,21862.4,126.9,65.85,4.841,215.08,3.2659,3.2649,41.0,Y
서울,종로구,2023-12,80,55237.9,45000.0,58.81,98,14759.3,120.4,46.96,4.794,179.38,3.8197,4.1826,32.9,Y
서울,종로구,2024-01,83,61394.5,65000.0,69.11,108,20061.8,118.0,52.9,4.847,199.06,3.7633,3.5791,40.7,Y
서울,종로구,2024-02,51,53417.8,40000.0,73.24,76,13115.9,119.7,52.11,4.887,173.11,3.3217,3.5666,30.9,Y
서울,종로구,2024-03,59,61874.1,50000.0,78.74,86,13676.9,123.0,52.8,4.847,178.26,3.3763,3.2714,31.0,Y
서울,종로구,2024-04,43,65322.3,65000.0,84.65,56,15210.9,97.6,47.63,4.822,158.75,3.3331,3.5864,38.5,Y
서울,종로구,2024-05,50,61362.0,55000.0,70.44,77,14289.4,102.0,46.23,4.821,159.39,3.448,3.6358,36.0,Y
서울,종로구,2024-06,55,63691.1,50000.0,76.2,57,17099.9,136.0,61.1,4.924,206.19,3.3746,3.1743,34.0,Y
서울,종로구,2024-07,66,63493.8,55000.0,76.6,55,17042.0,162.3,66.1,4.653,228.43,3.4558,3.6437,28.9,Y
서울,종로구,2024-08,48,72472.8,65000.0,79.41,58,18460.7,125.7,54.99,4.779,199.21,3.6229,3.4062,36.9,Y
서울,종로구,2024-09,36,78955.6,74000.0,88.02,56,15195.5,131.9,57.95,4.67,191.05,3.2971,3.2342,31.0,Y
서울,종로구,2024-10,39,70060.3,70000.0,84.57,65,18693.5,155.7,64.05,4.597,227.31,3.5488,3.564,31.5,Y
서울,종로구,2024-11,53,68386.8,70000.0,77.26,74,16710.3,135.2,57.13,4.748,201.33,3.5243,3.3657,32.8,Y
서울,종로구,2024-12,76,78627.0,75000.0,85.65,106,17083.9,122.9,50.58,4.727,190.18,3.7602,3.6381,35.4,Y
서울,종로구,2025-01,63,60612.2,47500.0,70.69,75,16662.7,114.1,49.55,4.844,181.32,3.6597,3.8117,37.1,Y
서울,종로구,2025-02,69,73510.0,70000.0,74.88,95,12892.5,111.2,45.12,4.867,163.47,3.6228,3.8301,32.0,Y
서울,종로구,2025-03,51,71086.3,66150.0,82.52,82,20024.7,134.5,58.21,4.911,216.41,3.7179,3.3983,37.9,Y
서울,종로구,2025-04,48,73551.6,71987.5,79.3,71,16805.5,137.9,56.5,4.906,206.61,3.6568,3.7929,33.3,Y
서울,종로구,2025-05,50,67946.0,61500.0,81.53,66,17001.3,132.9,56.0,4.902,202.37,3.6139,3.507,34.3,Y
서울,종로구,2025-06,62,68387.9,64200.0,70.54,87,19337.6,108.2,48.75,5.0,188.73,3.8717,3.782,42.7,Y
서울,종로구,2025-07,49,74484.7,69000.0,81.87,93,11671.1,122.1,46.92,4.986,170.57,3.635,3.3345,28.4,Y
서울,종로구,2025-08,33,73947.0,79000.0,81.97,83,13522.4,123.1,46.15,4.976,179.2,3.8834,4.2764,31.3,Y
서울,종로구,2025-09,33,66090.6,57750.0,74.87,87,12616.5,107.0,49.3,5.04,160.02,3.2456,3.2079,33.1,Y
서울,종로구,2025-10,51,72859.8,70000.0,79.53,70,12182.4,128.8,51.12,5.033,179.9,3.519,3.5522,28.4,Y
서울,종로구,2025-11,48,83339.6,75000.0,88.17,98,21304.1,127.6,53.9,4.87,214.06,3.9713,4.0055,40.4,Y
서울,종로구,2025-12,60,85397.0,81000.0,82.37,162,13525.1,108.8,43.13,4.943,164.55,3.8148,3.3697,33.9,Y
서울,종로구,2026-01,45,67388.0,70000.0,77.44,124,14984.0,121.7,45.51,4.875,182.61,4.0123,4.4527,33.3,Y
서울,종로구,2026-02,39,66321.8,60000.0,78.89,82,12828.3,132.8,48.97,4.889,185.04,3.7784,3.9519,28.2,Y
서울,종로구,2026-03,36,74691.7,70700.0,81.55,84,16734.4,116.2,48.4,4.913,184.72,3.8165,4.0991,37.1,Y
서울,종로구,2026-04,32,72676.6,65000.0,84.5,49,17785.7,127.2,51.07,4.779,198.06,3.8781,3.9552,35.8,Y
서울,종로구,2026-05,35,64941.7,60000.0,76.84,86,11808.7,127.3,44.45,4.636,172.96,3.8914,3.959,26.4,Y
서울,종로구,2026-06,46,72532.6,67000.0,81.92,77,14638.9,168.3,51.66,4.766,226.41,4.3825,4.3347,25.7,Y
서울,종로구,2026-07,28,67080.4,59500.0,70.29,112,12259.6,121.1,38.16,4.814,170.32,4.4627,4.7994,28.9,Y
서울,종로구,2026-08,21,92757.1,78000.0,86.97,72,13629.3,126.7,40.93,,,,,,Y
서울,종로구,2026-09,15,68330.0,60000.0,73.62,28,19041.7,92.4,42.05,,,,,,Y
서울,중구,2011-01,111,26870.3,27000.0,86.94,30,6786.0,105.2,74.28,7.367,146.86,1.9771,2.0315,28.4,Y
서울,중구,2011-02,106,27272.7,28000.0,87.18,34,7911.8,86.5,66.22,7.367,135.04,2.0394,2.1767,36.0,Y
서울,중구,2011-03,109,25084.2,25000.0,80.88,30,8310.8,110.0,78.37,7.367,161.06,2.055,2.149,31.7,Y
서울,중구,2011-04,74,27448.6,28750.0,86.88,30,6746.2,105.1,71.35,7.367,146.52,2.0536,2.0861,28.3,Y
서울,중구,2011-05,88,27761.4,28750.0,85.29,23,6087.0,103.0,71.63,7.367,140.41,1.9603,2.179,26.6,Y
서울,중구,2011-06,77,27288.3,25000.0,83.74,23,9304.3,96.2,77.05,7.367,153.3,1.9896,2.0505,37.3,Y
서울,중구,2011-07,94,25930.2,26000.0,78.27,16,6468.8,74.7,54.23,7.273,113.89,2.1002,2.2781,34.4,Y
서울,중구,2011-08,68,27708.8,29250.0,86.17,31,7022.1,109.0,71.41,7.2,151.13,2.1163,2.1206,27.9,Y
서울,중구,2011-09,76,26460.5,26000.0,78.13,21,9452.4,106.9,73.57,7.021,162.16,2.2042,2.2983,34.1,N
서울,중구,2011-10,101,27995.0,30000.0,82.45,28,7264.9,101.4,68.6,7.059,144.16,2.1016,2.2099,29.6,Y
서울,중구,2011-11,82,25695.6,25000.0,74.83,19,7282.8,110.2,74.96,6.862,151.86,2.0258,1.9696,27.4,Y
서울,중구,2011-12,104,25286.3,25000.0,75.79,35,7525.0,98.9,71.48,6.919,142.3,1.9907,2.0522,30.5,Y
서울,중구,2012-01,124,27689.5,28000.0,77.26,46,9141.3,95.1,69.72,7.091,149.08,2.1384,2.3766,36.2,Y
서울,중구,2012-02,123,29747.6,30000.0,85.38,39,8166.7,95.6,60.66,7.202,144.58,2.3834,2.3303,33.9,Y
서울,중구,2012-03,145,30125.5,30000.0,85.18,50,8670.0,107.7,74.64,7.2,159.74,2.1403,2.1559,32.6,Y
서울,중구,2012-04,121,28603.3,29000.0,82.56,51,7039.2,103.0,62.91,7.13,144.85,2.3023,2.3095,28.9,Y
서울,중구,2012-05,119,30188.2,28500.0,84.66,55,5713.1,94.1,53.75,7.113,128.01,2.3817,2.4883,26.5,Y
서울,중구,2012-06,116,29153.0,29500.0,81.92,74,6302.4,95.5,56.0,7.059,132.55,2.3667,2.5571,28.0,Y
서울,중구,2012-07,120,29654.2,29000.0,83.44,45,5451.1,93.4,51.86,6.935,124.86,2.4075,2.4841,25.2,Y
서울,중구,2012-08,105,31836.2,30000.0,87.83,47,6838.3,90.9,54.77,6.926,130.4,2.3808,2.3897,30.3,Y
서울,중구,2012-09,133,30391.4,30000.0,93.85,34,9142.6,103.8,74.01,6.916,156.52,2.1149,2.2529,33.7,Y
서울,중구,2012-10,152,31161.2,30000.0,96.24,34,9779.4,106.0,71.79,6.927,162.48,2.2634,2.3201,34.7,Y
서울,중구,2012-11,125,30324.0,30000.0,94.42,33,7151.5,103.9,64.59,6.923,145.2,2.2481,2.2533,28.4,Y
서울,중구,2012-12,128,30079.3,30000.0,87.54,34,8073.5,91.1,58.65,6.89,137.47,2.3442,2.4892,33.7,Y
서울,중구,2013-01,126,29793.7,30000.0,84.36,54,7944.4,114.4,71.48,6.794,159.41,2.2301,2.2069,28.2,Y
서울,중구,2013-02,110,31518.2,32000.0,88.32,43,8151.2,105.2,69.55,6.763,151.13,2.173,2.1741,30.4,Y
서울,중구,2013-03,108,30905.7,30000.0,83.11,43,12569.8,112.8,82.3,6.735,183.34,2.2277,2.2671,38.5,Y
서울,중구,2013-04,77,32207.8,32000.0,84.26,36,9940.9,100.9,72.01,6.72,156.61,2.1749,2.215,35.5,Y
서울,중구,2013-05,102,31862.7,31000.0,84.64,44,9170.5,109.5,72.51,6.574,159.79,2.2036,2.2059,31.4,Y
서울,중구,2013-06,98,31323.5,31000.0,86.84,37,10148.6,108.4,72.97,6.611,164.29,2.2515,2.3187,34.0,Y
서울,중구,2013-07,70,32971.4,32500.0,86.81,51,8925.5,107.5,72.59,6.525,156.08,2.1501,2.205,31.1,Y
서울,중구,2013-08,77,33398.7,33000.0,82.05,51,9245.1,108.9,68.12,6.429,158.39,2.325,2.3953,31.3,Y
서울,중구,2013-09,92,35815.2,36000.0,85.45,57,9491.2,108.5,74.3,6.316,158.48,2.1329,2.187,31.5,Y
서울,중구,2013-10,127,37491.3,38000.0,87.64,82,14896.3,104.6,79.95,6.103,180.37,2.2561,2.2336,42.0,Y
서울,중구,2013-11,111,37142.3,35000.0,85.67,47,17968.1,93.2,80.26,6.0,183.05,2.2809,2.3321,49.1,Y
서울,중구,2013-12,160,34700.0,33500.0,76.36,64,12921.9,94.5,69.29,6.0,159.08,2.2957,2.3563,40.6,Y
서울,중구,2014-01,146,37746.9,38000.0,88.06,82,11592.3,100.0,71.05,5.997,157.88,2.2221,2.2968,36.7,Y
서울,중구,2014-02,138,36692.4,37300.0,86.42,97,12318.6,86.6,67.63,5.82,146.34,2.1639,2.2391,40.8,Y
서울,중구,2014-03,127,34093.1,35000.0,82.35,79,10028.1,98.3,70.74,5.711,146.03,2.0644,2.1528,32.7,Y
서울,중구,2014-04,110,36181.8,36500.0,83.52,55,9918.2,101.9,66.44,5.782,149.66,2.2525,2.3053,31.9,Y
서울,중구,2014-05,115,33430.6,33000.0,78.8,61,8855.8,84.0,56.94,5.768,126.52,2.2221,2.3292,33.6,Y
서울,중구,2014-06,112,35081.2,35000.0,83.69,57,12603.4,84.6,71.34,5.693,144.45,2.0248,2.0641,41.4,Y
서울,중구,2014-07,121,35850.3,35000.0,83.02,51,11938.2,82.7,64.84,5.789,140.26,2.1633,2.217,41.1,Y
서울,중구,2014-08,98,33816.3,34000.0,81.42,45,11287.4,78.9,61.38,5.737,132.88,2.1647,2.1279,40.6,Y
서울,중구,2014-09,107,34501.6,35000.0,83.02,43,11988.4,96.1,67.97,5.625,152.29,2.2407,2.2262,36.9,N
서울,중구,2014-10,119,36848.7,36000.0,85.02,54,9911.8,87.2,62.0,5.576,133.23,2.1489,2.222,34.6,Y
서울,중구,2014-11,99,38286.1,40000.0,86.79,47,9223.4,96.1,67.65,5.481,138.24,2.0433,2.0947,30.5,Y
서울,중구,2014-12,97,36840.2,37000.0,80.24,80,10450.0,85.4,57.67,5.517,133.48,2.3145,2.3922,36.0,Y
서울,중구,2015-01,98,36591.8,36000.0,82.2,85,13988.2,90.9,68.58,5.458,154.5,2.2529,2.2233,41.2,Y
서울,중구,2015-02,107,38229.1,38000.0,83.35,58,13258.6,98.3,72.68,5.474,158.75,2.1842,2.2269,38.1,Y
서울,중구,2015-03,104,38623.2,37500.0,83.45,104,14223.6,94.1,74.23,5.421,158.37,2.1336,2.216,40.6,Y
서울,중구,2015-04,78,36891.0,36000.0,82.62,66,14590.9,97.1,74.08,5.327,161.88,2.1851,2.2294,40.0,Y
서울,중구,2015-05,65,38916.7,40000.0,84.76,59,13110.2,97.5,70.51,5.249,154.81,2.1956,2.2001,37.0,Y
서울,중구,2015-06,63,39405.4,38000.0,85.0,59,14415.3,86.4,69.6,5.143,148.2,2.1292,2.1977,41.7,Y
서울,중구,2015-07,64,42562.5,42000.0,87.39,55,12617.4,99.5,74.35,5.101,153.14,2.0596,2.1294,35.0,Y
서울,중구,2015-08,60,39841.8,40500.0,85.05,46,19793.5,105.3,86.02,5.0,187.8,2.1833,2.1471,43.9,Y
서울,중구,2015-09,73,40684.2,40000.0,84.48,54,15805.6,100.2,78.69,4.952,165.45,2.1027,2.1265,39.4,Y
서울,중구,2015-10,83,43186.9,43000.0,81.94,69,17985.0,99.0,78.51,4.966,173.45,2.2093,2.2797,42.9,Y
서울,중구,2015-11,64,46215.6,48000.0,91.01,77,21119.0,88.8,76.11,4.802,173.29,2.277,2.3024,48.8,Y
서울,중구,2015-12,95,43131.6,42000.0,79.39,73,22019.9,91.2,81.54,4.666,176.78,2.1679,2.1651,48.4,Y
서울,중구,2016-01,103,44611.7,46000.0,82.42,84,20616.7,90.4,72.26,4.588,169.23,2.342,2.3898,46.6,Y
서울,중구,2016-02,79,38815.5,38000.0,77.35,85,15195.9,87.4,67.07,4.641,146.18,2.1796,2.2446,40.2,N
서울,중구,2016-03,104,37743.7,38250.0,77.27,76,16499.8,90.4,69.63,4.588,153.47,2.2041,2.2056,41.1,Y
서울,중구,2016-04,72,45095.0,46500.0,84.27,59,21754.2,88.7,76.48,4.575,171.65,2.2445,2.256,48.3,Y
서울,중구,2016-05,85,39376.7,41000.0,76.15,66,14510.3,101.4,67.12,4.694,158.16,2.3565,2.1228,35.9,Y
서울,중구,2016-06,65,37472.8,38000.0,74.73,60,16991.7,85.0,67.81,4.704,151.56,2.235,2.4169,44.0,Y
서울,중구,2016-07,91,41754.8,40000.0,77.76,76,16584.5,89.0,67.15,4.636,153.06,2.2795,2.3527,41.9,Y
서울,중구,2016-08,64,45996.9,48000.0,82.93,68,17877.7,79.9,67.89,4.635,148.96,2.1941,2.2248,46.4,Y
서울,중구,2016-09,58,42296.9,45000.0,80.45,67,14949.3,97.8,75.77,4.5,153.85,2.0305,2.1063,36.4,N
서울,중구,2016-10,101,46131.8,45000.0,83.63,68,19051.5,91.2,73.89,4.478,162.26,2.196,2.1522,43.8,Y
서울,중구,2016-11,74,44679.7,40000.0,83.06,65,19516.4,84.1,69.82,4.274,153.6,2.2001,2.2464,45.3,Y
서울,중구,2016-12,62,46346.8,46500.0,85.48,73,18201.2,90.7,73.44,4.235,154.9,2.1092,2.112,41.5,Y
서울,중구,2017-01,80,42893.8,45500.0,77.78,75,13944.0,85.1,59.81,4.27,134.7,2.2522,2.2175,36.8,Y
서울,중구,2017-02,103,45810.7,45000.0,82.28,95,13368.4,95.7,65.77,4.286,143.48,2.1816,2.0979,33.3,Y
서울,중구,2017-03,75,46301.8,46000.0,84.23,69,14106.7,91.0,71.93,4.235,140.75,1.9568,2.0006,35.4,Y
서울,중구,2017-04,88,44765.9,43500.0,79.05,65,15289.5,92.4,71.79,4.174,145.57,2.0275,2.0608,36.5,Y
서울,중구,2017-05,85,46893.2,47000.0,85.54,57,12429.2,92.8,65.03,4.286,137.21,2.1099,2.2403,32.4,Y
서울,중구,2017-06,102,45605.4,45000.0,76.79,68,13663.8,108.2,75.11,4.283,156.95,2.0896,2.1446,31.1,Y
서울,중구,2017-07,125,45821.8,45000.0,74.1,78,13823.1,102.9,73.25,4.159,150.85,2.0595,2.0864,31.8,Y
서울,중구,2017-08,154,47613.1,48000.0,78.01,79,13822.8,101.8,67.38,4.103,149.07,2.2123,2.2845,31.7,Y
서울,중구,2017-09,113,48229.2,51000.0,78.32,85,15022.2,102.5,70.89,4.081,153.54,2.1658,2.2105,33.3,Y
서울,중구,2017-10,105,44651.1,48000.0,76.0,56,12394.4,98.8,68.47,4.094,141.12,2.061,2.0397,30.0,Y
서울,중구,2017-11,126,47685.7,50000.0,78.12,80,14126.2,91.1,68.0,4.101,139.37,2.0495,2.1087,34.6,Y
서울,중구,2017-12,121,46756.3,47000.0,78.87,70,18600.9,83.2,70.1,4.0,145.23,2.0717,2.1409,42.7,Y
서울,중구,2018-01,140,45610.8,48000.0,73.89,102,16108.0,96.0,67.35,4.0,149.69,2.2227,2.2771,35.9,Y
서울,중구,2018-02,145,46606.9,49500.0,77.39,86,13896.5,92.8,64.29,4.08,140.07,2.1788,2.2311,33.7,Y
서울,중구,2018-03,174,46120.2,48000.0,80.9,72,13821.1,111.3,74.23,4.138,159.01,2.1422,2.1231,30.0,Y
서울,중구,2018-04,100,44291.6,42500.0,74.17,43,13389.9,98.7,71.43,4.126,144.76,2.0264,1.9814,31.8,Y
서울,중구,2018-05,106,40833.7,40000.0,67.1,45,10552.3,87.6,55.64,4.083,123.48,2.2191,2.2253,29.1,Y
서울,중구,2018-06,114,43152.7,42000.0,72.04,51,11672.4,88.9,60.74,4.11,128.9,2.1222,2.2023,31.0,Y
서울,중구,2018-07,97,43976.9,42000.0,74.79,55,15294.7,89.3,65.99,4.202,142.87,2.1649,2.1774,37.5,Y
서울,중구,2018-08,112,48293.1,48000.0,76.54,61,13937.9,88.8,63.71,4.255,138.21,2.1694,2.2107,35.8,Y
서울,중구,2018-09,112,44404.1,45500.0,74.32,64,13262.4,86.4,64.31,4.205,132.85,2.0658,2.0802,35.0,Y
서울,중구,2018-10,120,47877.5,45000.0,76.29,66,16866.3,104.5,76.43,4.2,163.55,2.1397,2.1527,36.1,Y
서울,중구,2018-11,120,45431.7,44000.0,72.86,64,13357.3,92.8,65.19,4.2,139.58,2.141,2.1996,33.5,Y
서울,중구,2018-12,111,44072.8,45500.0,70.84,62,16918.1,92.5,71.38,4.2,151.73,2.1256,2.2568,39.0,Y
서울,중구,2019-01,130,44700.0,44500.0,70.31,93,11291.2,94.8,59.32,4.069,133.09,2.2438,2.3385,28.8,Y
서울,중구,2019-02,121,40989.3,42000.0,66.02,57,11605.8,85.4,55.61,4.127,125.34,2.2541,2.3918,31.8,Y
서울,중구,2019-03,120,40461.1,40000.0,68.17,70,14050.1,97.1,66.33,4.13,145.47,2.1932,2.1478,33.2,Y
서울,중구,2019-04,100,46367.0,46000.0,75.59,67,13416.8,102.0,67.61,4.105,147.85,2.1868,2.2083,31.0,Y
서울,중구,2019-05,117,48462.7,48000.0,79.26,50,17705.3,85.8,72.37,4.106,146.41,2.0231,2.0425,41.4,Y
서울,중구,2019-06,102,45680.4,45000.0,72.29,218,5655.0,77.7,38.64,4.082,96.94,2.5089,2.8074,19.8,Y
서울,중구,2019-07,89,46570.8,45000.0,76.49,189,6292.2,81.3,42.2,4.174,103.15,2.4441,2.8175,21.2,Y
서울,중구,2019-08,100,46296.0,46000.0,73.94,116,8565.0,88.5,52.66,4.068,117.49,2.2313,2.5578,24.7,Y
서울,중구,2019-09,76,46993.4,46000.0,75.88,42,9587.7,102.3,55.35,4.0,134.22,2.4249,2.2964,23.8,Y
서울,중구,2019-10,116,47072.2,46000.0,77.17,71,14633.8,113.1,75.84,4.054,162.49,2.1427,2.1995,30.4,Y
서울,중구,2019-11,122,48405.7,50000.0,76.63,56,14375.1,99.5,71.3,4.0,147.43,2.0679,2.092,32.5,Y
서울,중구,2019-12,180,49774.5,50000.0,76.64,62,14909.9,99.2,69.51,4.0,148.94,2.1428,2.198,33.4,Y
서울,중구,2020-01,162,47354.4,46000.0,71.34,88,15764.9,89.3,62.25,4.075,142.85,2.2949,2.2775,37.5,Y
서울,중구,2020-02,160,48090.5,50000.0,76.26,82,12497.7,103.9,63.11,4.0,145.56,2.3063,2.322,28.6,Y
서울,중구,2020-03,119,46620.7,48000.0,72.69,62,15708.2,87.7,70.38,4.061,140.91,2.0022,2.0283,37.7,Y
서울,중구,2020-04,103,48351.7,45000.0,73.99,71,8978.7,70.9,51.39,4.0,100.84,1.9623,2.1178,29.7,Y
서울,중구,2020-05,124,45257.5,45500.0,71.22,75,11711.4,76.1,56.78,4.075,115.88,2.041,2.1896,34.3,Y
서울,중구,2020-06,163,47444.5,45000.0,68.76,58,13221.3,100.1,62.5,4.075,145.04,2.3208,2.3906,31.0,Y
서울,중구,2020-07,160,45844.6,47000.0,66.27,108,12369.6,77.3,56.87,4.043,119.0,2.0925,2.1415,35.0,Y
서울,중구,2020-08,123,47646.2,48000.0,69.95,66,12869.2,96.3,56.89,4.05,139.75,2.4565,2.5903,31.1,Y
서울,중구,2020-09,100,49042.8,50000.0,69.11,85,14985.6,66.6,53.69,4.076,117.46,2.1879,2.407,43.3,Y
서울,중구,2020-10,117,49985.0,50000.0,71.89,70,18969.3,103.8,67.38,4.076,168.23,2.4966,2.5557,38.3,Y
서울,중구,2020-11,110,52151.4,49500.0,70.95,69,16027.9,76.9,56.3,4.011,130.47,2.3175,2.4042,41.1,Y
서울,중구,2020-12,128,50018.2,50000.0,68.02,79,19249.2,95.6,64.71,4.143,162.02,2.5037,2.7441,41.0,Y
서울,중구,2021-01,114,50859.2,50000.0,67.07,85,17696.5,84.7,55.49,4.189,146.51,2.6405,2.9349,42.2,Y
서울,중구,2021-02,127,51815.8,45150.0,68.26,73,14635.4,105.9,58.05,4.216,157.31,2.7098,2.8307,32.7,Y
서울,중구,2021-03,122,49242.1,43000.0,63.01,87,13665.9,78.9,49.83,4.2,126.76,2.544,2.7663,37.7,N
서울,중구,2021-04,126,53948.3,52250.0,67.45,94,17476.0,89.9,58.54,4.163,150.57,2.5723,2.6736,40.3,Y
서울,중구,2021-05,157,55361.3,53000.0,70.45,85,14633.4,105.8,57.92,4.182,156.8,2.7071,2.9979,32.5,Y
서울,중구,2021-06,117,67130.0,65000.0,73.74,117,11550.6,114.9,54.05,4.102,154.4,2.8568,3.0508,25.6,Y
서울,중구,2021-07,130,60826.0,59000.0,69.31,151,7127.8,95.6,49.28,4.101,119.93,2.4337,2.4889,20.3,Y
서울,중구,2021-08,93,55677.2,55600.0,70.97,132,9906.2,116.0,51.29,4.037,149.37,2.9124,2.8583,22.3,Y
서울,중구,2021-09,64,61684.0,65000.0,71.53,145,12029.4,108.7,54.47,4.114,149.97,2.7533,2.6557,27.5,Y
서울,중구,2021-10,97,60686.3,60000.0,69.87,76,16832.0,123.1,63.12,4.09,180.42,2.8585,2.8065,31.8,Y
서울,중구,2021-11,96,57604.5,59400.0,67.18,109,10817.7,101.8,53.77,4.364,141.1,2.6239,2.7755,27.9,Y
서울,중구,2021-12,122,55797.3,58500.0,66.51,103,15055.4,118.2,59.93,4.364,172.96,2.8859,2.9295,31.7,Y
서울,중구,2022-01,98,61046.6,61000.0,70.96,125,14587.0,112.8,59.58,4.455,166.98,2.8029,2.9271,32.4,Y
서울,중구,2022-02,121,51364.8,58000.0,61.54,130,17974.4,107.6,57.1,4.44,174.12,3.0493,3.1757,38.2,Y
서울,중구,2022-03,103,52624.2,55000.0,66.41,128,12642.7,121.0,58.33,4.34,166.71,2.8581,2.7939,27.4,Y
서울,중구,2022-04,88,64247.1,61725.0,71.69,98,16220.6,123.0,56.99,4.348,181.76,3.1891,3.36,32.3,Y
서울,중구,2022-05,87,53589.7,55500.0,63.04,108,16967.2,143.0,66.43,4.313,203.96,3.0702,3.2385,29.9,Y
서울,중구,2022-06,105,48770.3,50000.0,62.65,123,10835.4,98.0,53.5,4.346,137.29,2.5659,2.5447,28.6,Y
서울,중구,2022-07,95,47691.3,51400.0,62.67,148,10731.3,111.3,55.61,4.412,150.72,2.7101,2.623,26.2,Y
서울,중구,2022-08,80,57435.3,59500.0,69.45,82,17942.7,137.0,64.61,4.517,204.49,3.1651,3.0665,33.0,Y
서울,중구,2022-09,113,46142.8,50000.0,62.66,110,15606.2,130.9,62.37,4.635,191.2,3.0656,3.115,31.5,Y
서울,중구,2022-10,93,53124.9,55000.0,65.47,80,12664.1,107.6,52.66,4.77,157.9,2.9984,3.1254,31.9,Y
서울,중구,2022-11,82,51918.2,55000.0,66.29,125,15514.0,127.3,60.6,4.8,189.37,3.1249,3.012,32.8,Y
서울,중구,2022-12,92,48840.9,50000.0,65.52,112,18447.1,124.6,63.83,4.752,197.68,3.0969,3.1193,37.0,Y
서울,중구,2023-01,126,49147.9,50000.0,65.93,120,15472.9,108.5,57.39,4.798,170.34,2.968,3.2016,36.3,Y
서울,중구,2023-02,200,47007.1,45000.0,62.19,165,10647.6,118.4,51.56,4.832,161.23,3.1271,3.2708,26.6,Y
서울,중구,2023-03,168,51777.4,50000.0,67.97,150,11947.7,132.4,60.42,5.07,182.84,3.0263,3.0916,27.6,Y
서울,중구,2023-04,163,49215.5,50000.0,66.54,156,13867.3,141.0,61.42,5.077,199.71,3.2519,3.338,29.4,Y
서울,중구,2023-05,148,53273.3,55000.0,70.74,354,7302.0,100.9,43.47,5.101,131.91,3.0344,3.0328,23.5,Y
서울,중구,2023-06,158,53235.8,53000.0,69.3,253,9483.1,110.7,47.59,5.102,151.0,3.1732,3.0869,26.7,Y
서울,중구,2023-07,138,52330.1,49000.0,66.52,165,10876.5,125.2,52.08,5.081,171.3,3.2893,3.7754,26.9,Y
서울,중구,2023-08,144,56977.6,54500.0,73.88,132,14419.7,152.7,61.89,5.1,213.94,3.4569,3.5944,28.6,Y
서울,중구,2023-09,127,57075.7,55000.0,71.02,179,13421.7,108.5,50.19,5.081,165.31,3.2936,3.7273,34.4,Y
서울,중구,2023-10,131,59981.1,57000.0,72.94,132,14083.0,148.2,60.81,5.077,207.75,3.4163,3.7352,28.7,Y
서울,중구,2023-11,116,65632.7,64000.0,75.73,119,11858.5,123.2,51.44,5.0,172.6,3.3552,3.855,28.6,Y
서울,중구,2023-12,119,59734.8,62000.0,72.55,137,12790.4,124.7,52.73,4.894,176.86,3.3541,3.6892,29.5,Y
서울,중구,2024-01,127,57556.7,60000.0,73.12,177,12782.2,128.6,54.38,4.908,180.88,3.3259,3.76,28.9,Y
서울,중구,2024-02,140,55980.6,55000.0,69.09,129,13355.6,133.6,50.92,4.844,187.5,3.6825,4.4005,28.8,Y
서울,중구,2024-03,148,58250.4,57000.0,71.3,154,13809.6,161.3,58.42,4.85,217.09,3.7163,3.8617,25.7,Y
서울,중구,2024-04,103,54844.7,54000.0,67.76,134,11551.7,150.4,56.04,4.996,198.49,3.542,3.7956,24.2,Y
서울,중구,2024-05,126,52192.0,55000.0,61.6,129,14210.8,135.2,59.98,5.073,195.29,3.2557,3.3017,30.8,Y
서울,중구,2024-06,86,59934.8,61000.0,70.01,120,14439.7,130.1,54.38,4.957,189.76,3.4893,3.7719,31.4,Y
서울,중구,2024-07,136,61853.9,64000.0,74.94,121,11150.2,130.6,48.93,4.974,176.85,3.6141,3.7718,26.1,Y
서울,중구,2024-08,105,60038.7,60000.0,72.15,104,9216.7,140.8,50.43,4.985,179.05,3.5502,3.72,21.4,Y
서울,중구,2024-09,81,53285.7,55000.0,68.55,109,12139.5,118.8,53.44,4.851,167.85,3.1406,3.122,29.2,Y
서울,중구,2024-10,106,58137.8,60000.0,66.56,117,9656.7,151.3,54.55,4.858,190.37,3.4901,3.4873,20.5,Y
서울,중구,2024-11,84,61433.5,63000.0,68.49,98,14138.3,139.0,55.32,4.825,195.89,3.5411,3.4578,29.0,Y
서울,중구,2024-12,105,63250.1,63000.0,72.53,113,13167.3,130.9,50.62,5.0,185.79,3.6704,3.9626,29.5,Y
서울,중구,2025-01,102,58910.0,60000.0,64.5,113,14332.8,105.9,42.3,5.049,166.18,3.929,4.3791,36.3,Y
서울,중구,2025-02,112,57433.8,58000.0,64.49,154,11593.7,130.6,46.24,4.968,178.59,3.8619,4.2584,26.9,Y
서울,중구,2025-03,114,65212.5,65500.0,72.02,148,13901.2,137.4,56.58,5.018,195.56,3.4566,3.6489,29.7,Y
서울,중구,2025-04,102,62130.6,60050.0,74.14,136,14106.5,149.9,53.74,4.982,208.48,3.8798,4.0957,28.1,Y
서울,중구,2025-05,85,63950.0,65000.0,75.28,132,13594.3,146.9,57.63,5.051,204.14,3.5424,3.6507,28.0,Y
서울,중구,2025-06,114,62041.7,63000.0,69.89,149,12748.3,141.1,49.72,5.026,194.5,3.9117,4.0173,27.5,Y
서울,중구,2025-07,106,66838.7,64913.5,78.79,131,12799.9,161.8,54.59,5.036,215.54,3.9481,4.2191,24.9,Y
서울,중구,2025-08,74,67344.6,69000.0,79.65,121,11278.1,172.1,54.35,5.053,219.55,4.0393,4.1411,21.6,Y
서울,중구,2025-09,87,64336.0,65000.0,72.28,125,12953.7,162.2,54.19,5.056,216.73,3.9995,4.4948,25.2,Y
서울,중구,2025-10,80,67851.8,64000.0,72.14,103,11238.1,164.8,53.76,5.16,213.13,3.9641,4.2843,22.7,Y
서울,중구,2025-11,76,70572.4,68500.0,81.97,129,13192.3,147.3,47.4,5.172,204.15,4.3072,4.7988,27.9,Y
서울,중구,2025-12,102,69837.3,70000.0,75.5,156,12278.8,139.5,47.31,5.197,192.67,4.0721,4.3954,27.6,Y
서울,중구,2026-01,110,64462.0,68000.0,73.74,170,12492.6,157.6,52.19,5.207,211.81,4.0583,4.3563,25.6,Y
서울,중구,2026-02,64,57329.3,60000.0,66.11,144,12108.7,161.7,52.96,5.217,214.3,4.0463,4.5184,24.6,Y
서울,중구,2026-03,65,63657.8,65000.0,70.24,136,13766.8,173.6,54.51,5.158,232.73,4.2693,4.2262,25.4,Y
서울,중구,2026-04,51,62628.0,60000.0,66.43,125,12867.4,176.8,55.37,5.172,232.23,4.1941,4.5085,23.9,Y
서울,중구,2026-05,54,74706.2,71500.0,77.98,109,15481.6,151.0,54.99,5.251,218.78,3.9787,4.1629,31.0,Y
서울,중구,2026-06,59,58294.9,60000.0,59.9,132,10586.2,145.3,46.22,5.263,191.76,4.149,4.2547,24.2,Y
서울,중구,2026-07,59,67651.3,70000.0,71.54,117,16224.1,153.4,53.28,5.243,224.26,4.2092,4.2535,31.6,Y
서울,중구,2026-08,57,67348.2,64000.0,69.49,100,11717.0,164.9,49.77,,,,,,Y
서울,중구,2026-09,22,62540.9,66500.0,66.24,48,14963.8,228.2,59.97,,,,,,Y
서울,중랑구,2011-01,235,16385.5,16000.0,73.94,35,5242.9,55.1,60.38,7.706,88.81,1.4708,1.5116,37.9,Y
서울,중랑구,2011-02,260,16430.8,16000.0,70.62,66,6338.5,58.7,66.31,7.706,99.41,1.4991,1.5983,40.9,Y
서울,중랑구,2011-03,251,17040.2,17000.0,74.35,61,6332.8,57.3,63.6,7.706,97.99,1.5407,1.5536,41.5,Y
서울,중랑구,2011-04,212,17078.3,17000.0,74.8,53,6010.6,56.2,65.05,7.706,94.82,1.4577,1.5983,40.7,Y
서울,중랑구,2011-05,205,16368.3,17000.0,72.95,46,4727.8,56.0,62.19,7.706,86.4,1.3894,1.4783,35.1,Y
서울,중랑구,2011-06,165,17446.9,17000.0,75.63,49,5693.9,58.2,61.09,7.706,94.73,1.5505,1.6487,38.6,Y
서울,중랑구,2011-07,189,17501.4,17500.0,73.09,54,4947.9,53.9,57.88,7.695,85.63,1.4794,1.6483,37.0,Y
서울,중랑구,2011-08,204,18027.7,18000.0,74.99,64,7401.6,57.7,67.69,7.589,104.53,1.5442,1.6096,44.8,Y
서울,중랑구,2011-09,169,17913.9,18000.0,73.42,44,6796.0,58.5,65.22,7.636,101.79,1.5608,1.57,42.5,Y
서울,중랑구,2011-10,198,18155.1,18000.0,72.19,37,6251.4,62.5,62.29,7.636,102.32,1.6428,1.731,38.9,Y
서울,중랑구,2011-11,127,17718.5,17500.0,71.09,24,6116.7,57.0,60.8,7.593,95.66,1.5732,1.7756,40.5,Y
서울,중랑구,2011-12,181,18789.0,19000.0,74.58,27,5240.7,55.9,55.67,7.53,88.78,1.5947,1.635,37.0,Y
서울,중랑구,2012-01,194,18388.7,18000.0,71.77,46,7119.6,63.8,63.97,7.506,108.29,1.6929,1.7293,41.1,Y
서울,중랑구,2012-02,270,19016.3,19000.0,75.32,48,6639.6,56.4,60.44,7.44,97.54,1.6138,1.6228,42.2,Y
서울,중랑구,2012-03,522,15609.1,15000.0,70.96,63,6406.3,54.9,61.95,7.349,94.11,1.519,1.6225,41.7,Y
서울,중랑구,2012-04,259,18042.1,18000.0,73.04,36,7236.1,60.4,64.23,7.2,103.83,1.6165,1.6006,41.8,Y
서울,중랑구,2012-05,240,17999.9,18000.0,73.32,48,6802.1,47.7,57.8,7.2,88.54,1.5319,1.5895,46.1,Y
서울,중랑구,2012-06,227,19061.8,19000.0,75.45,38,4752.6,67.1,61.13,7.195,95.6,1.5639,1.5726,29.8,Y
서울,중랑구,2012-07,215,17926.4,18000.0,72.75,42,5384.2,61.1,64.54,7.195,93.38,1.4467,1.5207,34.6,Y
서울,중랑구,2012-08,212,18082.7,18000.0,71.61,41,5451.2,56.5,59.98,7.169,89.03,1.4844,1.5427,36.6,Y
서울,중랑구,2012-09,238,18196.6,18000.0,71.18,43,5941.9,57.7,59.95,7.2,93.4,1.5578,1.6683,38.2,Y
서울,중랑구,2012-10,256,18347.5,18500.0,72.2,45,6122.2,51.0,54.11,7.046,86.93,1.6063,1.6295,41.4,Y
서울,중랑구,2012-11,228,18831.0,18000.0,74.67,49,4761.2,43.8,43.49,7.2,72.38,1.6643,1.7494,39.5,Y
서울,중랑구,2012-12,185,19142.2,19000.0,73.81,34,5264.7,53.1,51.14,7.094,84.24,1.6472,1.6763,36.9,Y
서울,중랑구,2013-01,241,18662.9,18000.0,71.78,65,4692.3,54.3,53.34,7.148,82.26,1.5422,1.5945,34.0,Y
서울,중랑구,2013-02,253,18908.0,18500.0,74.29,80,6125.0,45.1,50.06,7.141,81.55,1.6289,1.6683,44.7,Y
서울,중랑구,2013-03,306,18454.3,18000.0,71.33,109,4323.7,53.0,46.79,7.2,78.99,1.6881,1.704,32.8,Y
서울,중랑구,2013-04,213,18924.9,18500.0,73.82,45,5722.2,50.5,54.71,7.208,84.9,1.5519,1.5576,40.5,Y
서울,중랑구,2013-05,170,18241.6,18000.0,70.59,47,4668.1,59.9,52.89,7.212,87.91,1.662,1.6693,31.9,Y
서울,중랑구,2013-06,183,18371.8,18500.0,71.97,39,5092.3,53.3,49.79,7.333,84.4,1.695,1.7456,36.9,Y
서울,중랑구,2013-07,189,18702.6,19000.0,70.74,62,5211.7,56.1,53.37,7.195,87.36,1.6369,1.6772,35.8,Y
서울,중랑구,2013-08,161,19118.0,20000.0,69.34,61,5449.2,58.1,58.35,7.083,90.31,1.5479,1.5933,35.6,Y
서울,중랑구,2013-09,154,20664.9,20500.0,73.95,48,6322.9,57.8,59.81,6.94,94.38,1.578,1.6166,38.7,N
서울,중랑구,2013-10,318,19179.3,20000.0,77.24,62,6112.9,57.6,58.05,6.671,91.61,1.5781,1.6184,37.1,Y
서울,중랑구,2013-11,227,19469.7,19000.0,70.94,127,5416.2,41.5,51.31,6.703,71.78,1.3989,1.1246,42.1,Y
서울,중랑구,2013-12,233,21694.3,22000.0,78.19,56,3071.9,52.6,40.47,6.545,69.38,1.7143,1.8289,24.2,Y
서울,중랑구,2014-01,279,20967.2,22000.0,75.94,106,5747.7,45.1,52.3,6.677,77.1,1.4742,1.4822,41.5,Y
서울,중랑구,2014-02,320,20143.1,20000.0,73.21,116,5702.1,43.0,47.92,6.697,74.85,1.5619,1.5803,42.5,Y
서울,중랑구,2014-03,463,18006.3,17000.0,72.9,89,6126.9,56.8,57.15,6.663,90.8,1.5887,1.6082,37.5,Y
서울,중랑구,2014-04,260,19491.6,19500.0,71.36,91,5162.2,55.3,55.48,6.687,84.02,1.5143,1.5362,34.2,Y
서울,중랑구,2014-05,249,20551.9,21000.0,72.23,76,7086.2,49.2,56.79,6.695,88.69,1.5617,1.6124,44.6,Y
서울,중랑구,2014-06,215,20649.3,20000.0,70.94,57,5165.1,47.8,46.51,6.667,76.48,1.6444,1.6744,37.5,Y
서울,중랑구,2014-07,195,21686.9,22000.0,76.59,91,6064.4,47.1,51.83,6.464,79.79,1.5394,1.5906,40.9,Y
서울,중랑구,2014-08,226,21464.9,22000.0,73.77,77,6513.0,56.2,59.52,6.464,91.33,1.5345,1.5909,38.4,Y
서울,중랑구,2014-09,223,21784.4,22000.0,74.41,75,7083.0,55.0,62.82,6.464,93.14,1.4826,1.5578,41.0,Y
서울,중랑구,2014-10,225,21613.1,21000.0,72.73,69,5508.8,51.8,51.76,6.464,81.43,1.5732,1.569,36.4,Y
서울,중랑구,2014-11,204,21545.2,21750.0,73.82,62,7342.9,51.8,58.37,6.464,91.38,1.5654,1.5526,43.3,Y
서울,중랑구,2014-12,183,23180.6,22500.0,76.57,72,7401.4,52.2,57.56,6.464,92.02,1.5988,1.6247,43.3,Y
서울,중랑구,2015-01,253,23035.5,23000.0,74.73,86,7988.4,49.1,53.4,6.112,89.76,1.6808,1.6782,45.3,Y
서울,중랑구,2015-02,208,23444.0,22250.0,74.39,96,8314.6,51.9,56.63,6.0,93.52,1.6515,1.6601,44.5,Y
서울,중랑구,2015-03,275,23548.2,23000.0,72.91,113,8244.2,55.8,59.82,5.881,96.19,1.6081,1.5791,42.0,Y
서울,중랑구,2015-04,210,23517.0,23000.0,73.52,98,9032.9,50.5,57.33,5.867,94.69,1.6516,1.6246,46.6,Y
서울,중랑구,2015-05,182,22956.7,22000.0,69.55,94,7295.0,55.0,54.44,5.818,90.37,1.6599,1.6491,39.1,Y
서울,중랑구,2015-06,155,24294.5,24000.0,74.47,82,8859.8,55.3,61.9,5.778,97.94,1.5823,1.5675,43.6,Y
서울,중랑구,2015-07,185,24594.3,25000.0,72.06,70,8502.9,55.1,59.44,5.647,95.16,1.6008,1.6187,42.1,Y
서울,중랑구,2015-08,148,23720.1,23500.0,67.28,78,10224.4,56.0,66.39,5.578,103.54,1.5595,1.5583,45.9,Y
서울,중랑구,2015-09,138,25019.8,24500.0,69.92,81,8477.6,51.6,59.12,5.455,90.15,1.5248,1.5618,42.7,Y
서울,중랑구,2015-10,190,24972.6,24000.0,68.63,77,8031.1,53.2,57.4,5.325,88.88,1.5484,1.5709,40.1,Y
서울,중랑구,2015-11,147,26984.5,28000.0,77.15,67,11398.1,53.0,62.17,5.337,103.72,1.6683,1.6803,48.9,Y
서울,중랑구,2015-12,166,26288.8,26000.0,71.55,82,10968.4,52.3,63.26,5.143,99.3,1.5697,1.5758,47.3,Y
서울,중랑구,2016-01,173,26818.3,26000.0,74.06,85,11398.8,56.7,65.57,5.003,104.19,1.589,1.571,45.6,Y
서울,중랑구,2016-02,327,21418.8,21000.0,70.84,140,8858.1,43.9,56.22,5.053,81.16,1.4436,1.4976,46.0,Y
서울,중랑구,2016-03,408,19878.3,18000.0,70.21,117,10644.3,50.4,63.98,4.856,93.43,1.4604,1.487,46.1,Y
서울,중랑구,2016-04,177,25079.3,26000.0,71.85,98,10881.2,48.0,63.23,4.8,91.48,1.4469,1.4989,47.6,Y
서울,중랑구,2016-05,166,26292.7,27000.0,74.08,84,11365.5,47.4,62.59,4.958,94.4,1.5081,1.5392,49.7,Y
서울,중랑구,2016-06,214,25408.1,26000.0,71.06,92,11567.2,49.5,63.96,4.882,96.56,1.5098,1.5168,48.7,Y
서울,중랑구,2016-07,173,25966.7,26000.0,70.79,97,9291.5,53.6,61.05,5.016,92.42,1.5138,1.5639,42.0,Y
서울,중랑구,2016-08,333,19318.7,17000.0,65.09,106,7971.8,48.2,56.5,5.0,81.46,1.4417,1.4642,40.8,Y
서울,중랑구,2016-09,188,26773.1,27500.0,73.09,100,10452.5,54.0,65.04,4.935,97.0,1.4913,1.5482,44.3,Y
서울,중랑구,2016-10,194,26543.5,26000.0,70.82,94,9636.2,47.5,58.57,4.84,86.32,1.4737,1.5392,45.0,Y
서울,중랑구,2016-11,147,27021.7,27000.0,72.37,75,9298.3,50.7,59.77,4.8,87.94,1.4712,1.527,42.3,Y
서울,중랑구,2016-12,161,26672.3,27000.0,71.0,67,12068.1,51.6,68.04,4.718,99.08,1.456,1.5278,47.9,Y
서울,중랑구,2017-01,124,26533.2,26000.0,68.93,73,8400.4,55.9,57.52,4.714,88.92,1.5458,1.5628,37.1,Y
서울,중랑구,2017-02,188,27451.0,27000.0,72.99,74,12648.6,51.2,67.01,4.656,100.24,1.4959,1.5132,49.0,Y
서울,중랑구,2017-03,244,28230.9,27300.0,70.91,101,10086.1,54.4,60.46,4.656,93.56,1.5474,1.5564,41.8,Y
서울,중랑구,2017-04,196,28163.1,28750.0,71.17,81,10482.2,50.1,60.3,4.75,91.57,1.5184,1.5496,45.3,Y
서울,중랑구,2017-05,204,29499.6,29000.0,72.34,68,9652.2,55.2,59.75,4.624,92.43,1.5469,1.5735,40.2,Y
서울,중랑구,2017-06,185,29893.1,29000.0,72.11,74,8663.0,52.1,56.73,4.587,85.26,1.503,1.5464,38.8,Y
서울,중랑구,2017-07,212,26725.2,26500.0,67.46,81,6334.6,62.0,56.89,4.645,86.57,1.5218,1.5408,28.3,Y
서울,중랑구,2017-08,216,26721.0,25250.0,67.93,71,7760.6,60.4,59.58,4.615,90.23,1.5143,1.5157,33.1,Y
서울,중랑구,2017-09,174,26580.2,25850.0,66.57,87,7371.3,56.3,55.58,4.5,83.99,1.511,1.5778,32.9,Y
서울,중랑구,2017-10,152,28124.2,26000.0,71.89,55,10578.2,50.0,65.74,4.5,89.7,1.3646,1.5269,44.2,Y
서울,중랑구,2017-11,157,28442.2,28000.0,71.43,73,8661.2,56.3,60.23,4.465,88.49,1.4692,1.5747,36.4,Y
서울,중랑구,2017-12,141,29216.8,31000.0,74.99,58,11029.7,48.5,57.94,4.444,89.39,1.5426,1.5681,45.7,Y
서울,중랑구,2018-01,234,28406.8,29000.0,72.64,97,8428.4,54.6,55.67,4.286,84.67,1.5208,1.5213,35.6,Y
서울,중랑구,2018-02,319,21495.9,22000.0,68.07,100,7241.1,52.0,54.02,4.364,78.34,1.4503,1.5241,33.6,Y
서울,중랑구,2018-03,460,21951.6,21750.0,70.6,123,8655.3,56.8,58.02,4.447,88.9,1.5321,1.5806,36.1,Y
서울,중랑구,2018-04,192,26702.2,27000.0,70.78,78,8777.3,55.1,59.76,4.444,87.65,1.4668,1.4688,37.1,Y
서울,중랑구,2018-05,191,27713.3,27500.0,70.39,86,8754.2,53.1,57.07,4.56,86.38,1.5137,1.5339,38.5,Y
서울,중랑구,2018-06,177,26686.1,27000.0,69.87,75,8073.9,53.8,54.99,4.588,84.7,1.5402,1.5875,36.4,Y
서울,중랑구,2018-07,176,26907.5,27000.0,69.81,70,6849.0,54.9,53.79,4.5,80.56,1.4975,1.5552,31.9,Y
서울,중랑구,2018-08,326,22742.6,21432.0,67.68,110,6706.5,54.7,56.26,4.461,79.6,1.4148,1.4588,31.3,Y
서울,중랑구,2018-09,212,29908.8,29000.0,72.95,100,6968.3,43.7,47.07,4.286,68.59,1.4573,1.3882,36.3,Y
서울,중랑구,2018-10,197,29159.2,29000.0,70.58,82,7611.9,52.8,59.34,4.286,79.94,1.3472,1.4783,34.0,Y
서울,중랑구,2018-11,166,27338.0,27000.0,65.85,79,8384.9,55.8,56.71,4.319,86.02,1.5167,1.4477,35.1,Y
서울,중랑구,2018-12,165,29719.8,29000.0,71.42,80,7924.4,58.3,54.13,4.286,86.6,1.5998,1.5957,32.7,Y
서울,중랑구,2019-01,220,27876.6,27000.0,65.71,95,6907.9,55.2,51.16,4.364,80.34,1.5703,1.5775,31.3,Y
서울,중랑구,2019-02,190,28600.6,28250.0,68.53,76,7702.7,53.6,52.77,4.281,81.06,1.5361,1.618,33.9,Y
서울,중랑구,2019-03,209,29183.5,29000.0,70.23,101,8675.4,57.0,57.45,4.431,89.08,1.5506,1.5728,36.0,Y
서울,중랑구,2019-04,211,29235.3,28500.0,67.97,74,8258.1,56.0,56.33,4.489,86.89,1.5424,1.6102,35.6,Y
서울,중랑구,2019-05,206,28125.3,27000.0,62.77,77,8733.8,50.9,57.9,4.4,82.92,1.432,1.5082,38.6,Y
서울,중랑구,2019-06,226,26884.7,25000.0,56.83,88,6700.0,49.5,50.22,4.364,73.86,1.4708,1.5217,33.0,Y
서울,중랑구,2019-07,273,27586.6,27500.0,64.52,81,9300.0,59.3,57.23,4.36,93.14,1.6273,1.6045,36.3,Y
서울,중랑구,2019-08,260,27475.9,26500.0,64.46,187,7427.7,44.3,48.34,4.287,70.86,1.4659,1.3146,37.4,Y
서울,중랑구,2019-09,233,29103.5,29000.0,67.72,84,6739.9,53.4,51.3,4.342,77.82,1.517,1.5196,31.3,Y
서울,중랑구,2019-10,276,29707.6,29550.0,67.99,117,8664.5,49.0,53.56,4.288,79.99,1.4934,1.4644,38.7,Y
서울,중랑구,2019-11,278,30402.1,30000.0,67.54,122,6750.9,49.0,49.88,4.358,73.47,1.4731,1.514,33.4,Y
서울,중랑구,2019-12,293,30697.0,30000.0,68.59,126,7027.1,48.9,54.23,4.286,73.99,1.3642,1.3729,33.9,Y
서울,중랑구,2020-01,301,30885.9,30000.0,65.22,124,8544.2,54.1,51.72,4.22,84.11,1.6262,1.6483,35.7,Y
서울,중랑구,2020-02,454,26816.7,26000.0,70.26,192,5445.5,53.9,41.97,4.333,73.59,1.7534,1.7163,26.7,Y
서울,중랑구,2020-03,377,24180.2,23103.0,67.54,110,6426.0,48.2,45.44,4.377,71.68,1.5777,1.6215,32.7,Y
서울,중랑구,2020-04,261,29405.9,30000.0,68.88,109,7143.2,52.8,47.84,4.35,78.72,1.6454,1.6096,32.9,Y
서울,중랑구,2020-05,372,28977.6,26700.0,60.75,118,8381.2,49.8,44.87,4.364,80.28,1.7893,1.6965,38.0,Y
서울,중랑구,2020-06,372,35104.4,33000.0,71.88,100,8837.2,55.8,49.37,4.387,88.15,1.7854,1.6912,36.7,Y
서울,중랑구,2020-07,364,32989.2,30000.0,67.26,115,9845.6,65.1,60.61,4.318,100.51,1.6582,1.6115,35.2,Y
서울,중랑구,2020-08,372,25645.2,23000.0,63.07,148,7923.5,53.2,51.64,4.276,81.44,1.5771,1.5608,34.7,Y
서울,중랑구,2020-09,269,29180.7,26250.0,55.93,111,8263.4,51.8,43.08,4.242,80.97,1.8796,1.8925,36.1,Y
서울,중랑구,2020-10,232,32896.7,30000.0,62.28,108,9707.5,57.8,52.73,4.286,92.43,1.7528,1.7468,37.5,Y
서울,중랑구,2020-11,196,33315.5,34000.0,67.87,277,6651.1,25.0,35.73,4.259,48.57,1.3593,0.9897,48.6,Y
서울,중랑구,2020-12,211,36675.5,36000.0,68.56,121,9847.2,46.2,50.82,4.293,81.38,1.6014,1.6989,43.3,Y
서울,중랑구,2021-01,224,34807.8,33000.0,65.04,156,8398.4,46.7,44.4,4.32,76.95,1.7331,1.6738,39.3,Y
서울,중랑구,2021-02,210,35069.8,34800.0,70.03,94,10839.4,59.8,54.78,4.245,98.15,1.7916,1.8135,39.1,Y
서울,중랑구,2021-03,255,37666.8,35700.0,68.14,119,9544.9,55.4,50.95,4.161,88.46,1.736,1.6969,37.4,Y
서울,중랑구,2021-04,221,36914.1,37000.0,69.32,98,12129.2,58.1,54.26,4.117,99.7,1.8374,1.9131,41.7,Y
서울,중랑구,2021-05,274,36885.2,35700.0,67.11,108,11052.7,56.4,54.39,4.144,94.59,1.7391,1.808,40.3,Y
서울,중랑구,2021-06,241,40635.2,40000.0,67.64,135,9519.5,53.3,48.56,4.125,86.0,1.7708,1.9155,38.1,Y
서울,중랑구,2021-07,202,39509.6,40000.0,67.67,114,11066.0,64.2,51.82,4.022,101.27,1.9544,1.8569,36.6,Y
서울,중랑구,2021-08,238,38154.9,36780.0,63.49,287,8248.3,36.7,53.67,3.956,63.91,1.1908,0.9194,42.5,Y
서울,중랑구,2021-09,182,40867.8,40000.0,70.31,121,12005.1,55.1,51.5,3.789,92.97,1.8054,1.8369,40.8,Y
서울,중랑구,2021-10,206,37240.5,34325.0,65.94,221,9232.0,45.0,53.37,3.757,73.87,1.3841,1.1273,39.1,Y
서울,중랑구,2021-11,175,39591.7,38000.0,68.38,127,11005.8,65.7,55.53,4.0,102.43,1.8446,1.8361,35.8,Y
서울,중랑구,2021-12,171,37912.1,36800.0,69.04,385,7091.6,35.6,37.22,3.934,58.81,1.58,1.397,39.5,Y
서울,중랑구,2022-01,187,37204.7,35000.0,65.85,157,11767.8,52.4,48.66,3.973,91.36,1.8777,1.9039,42.6,Y
서울,중랑구,2022-02,337,26508.4,23000.0,68.96,264,8882.4,46.5,49.86,4.003,76.16,1.5276,1.3089,38.9,Y
서울,중랑구,2022-03,388,27385.1,23957.5,65.54,232,9944.5,49.4,50.32,4.324,85.2,1.693,1.71,42.1,Y
서울,중랑구,2022-04,160,39861.5,38000.0,65.2,169,9518.1,50.2,47.18,4.2,83.5,1.7697,1.8537,39.9,Y
서울,중랑구,2022-05,169,39582.4,38850.0,69.78,182,9684.6,50.4,43.31,4.206,84.36,1.9477,1.9945,40.2,Y
서울,중랑구,2022-06,165,39620.0,38850.0,66.09,202,10371.8,47.2,50.04,4.286,84.2,1.6827,1.869,44.0,Y
서울,중랑구,2022-07,156,38295.5,35875.0,65.61,136,9804.1,51.1,44.28,4.333,86.46,1.9525,1.8134,41.0,Y
서울,중랑구,2022-08,306,24603.9,15087.0,63.0,208,10657.7,57.3,51.71,4.528,97.53,1.8859,1.9216,41.2,Y
서울,중랑구,2022-09,138,38178.8,37400.0,67.52,241,12404.1,46.7,56.68,4.201,90.11,1.5898,1.3264,48.2,Y
서울,중랑구,2022-10,132,37953.2,35500.0,69.0,124,10031.4,72.8,51.72,4.197,107.88,2.0857,2.0612,32.5,Y
서울,중랑구,2022-11,123,32234.0,30000.0,63.49,289,6584.6,35.7,42.29,4.259,59.05,1.3963,1.0039,39.6,Y
서울,중랑구,2022-12,119,35805.0,36000.0,69.46,333,8426.8,45.4,50.42,4.463,76.76,1.5225,1.2549,40.8,Y
서울,중랑구,2023-01,194,33013.0,32250.0,64.6,204,8244.7,59.6,45.14,4.568,90.94,2.0144,1.9489,34.5,Y
서울,중랑구,2023-02,240,34838.6,34000.0,68.24,282,9535.0,53.9,50.14,4.571,90.23,1.7997,1.6912,40.3,Y
서울,중랑구,2023-03,237,34457.0,35000.0,67.05,203,9725.3,63.1,50.41,4.7,101.15,2.0067,1.9109,37.7,Y
서울,중랑구,2023-04,230,34521.7,35000.0,69.61,151,10228.5,55.7,50.85,4.607,94.96,1.8675,1.9752,41.4,Y
서울,중랑구,2023-05,234,34557.3,34000.0,64.78,212,8945.1,68.1,49.36,4.5,101.66,2.0596,1.9675,33.0,Y
서울,중랑구,2023-06,219,33793.6,33075.0,67.1,166,9802.2,56.6,46.48,4.66,94.63,2.0358,2.0725,40.2,Y
서울,중랑구,2023-07,230,33781.8,33150.0,64.18,160,9065.5,58.4,45.18,4.692,93.82,2.0766,1.9877,37.8,Y
서울,중랑구,2023-08,241,34657.4,35000.0,65.34,166,7648.1,61.2,44.38,4.723,91.31,2.0572,1.9537,33.0,Y
서울,중랑구,2023-09,253,35851.0,35000.0,68.97,153,9035.9,67.8,45.2,4.737,103.51,2.2901,2.1313,34.5,Y
서울,중랑구,2023-10,233,35042.9,35000.0,65.79,245,9306.6,51.2,48.96,4.643,87.18,1.7806,1.765,41.3,Y
서울,중랑구,2023-11,505,44316.3,47000.0,77.33,177,9549.2,57.6,43.29,4.633,94.46,2.1821,2.0541,39.0,Y
서울,중랑구,2023-12,295,40563.6,43000.0,74.27,279,9009.1,44.9,40.26,4.716,80.32,1.995,1.9357,44.1,Y
서울,중랑구,2024-01,277,37304.4,35000.0,69.73,270,7935.6,51.6,43.34,4.667,82.49,1.9033,1.9884,37.4,Y
서울,중랑구,2024-02,352,28512.3,25110.0,72.27,311,9195.8,41.9,46.95,4.596,77.09,1.6419,1.4558,45.7,Y
서울,중랑구,2024-03,371,30921.7,30000.0,67.58,245,9668.3,51.6,45.16,4.568,88.38,1.9569,1.9357,41.6,Y
서울,중랑구,2024-04,212,38468.3,40000.0,69.83,159,11538.5,67.1,49.65,4.616,111.49,2.2455,2.1948,39.8,Y
서울,중랑구,2024-05,225,37747.2,36000.0,70.65,195,10671.3,58.3,44.62,4.615,99.37,2.2268,2.2188,41.3,Y
서울,중랑구,2024-06,283,34872.3,32000.0,60.94,225,9974.2,51.0,41.09,4.615,89.34,2.174,2.5169,42.9,Y
서울,중랑구,2024-07,213,40112.7,38200.0,69.64,221,9072.3,57.3,43.41,4.667,92.57,2.1323,2.1432,38.1,Y
서울,중랑구,2024-08,351,29773.6,24242.0,67.32,279,7989.1,47.1,42.06,4.835,79.32,1.8858,1.747,40.6,Y
서울,중랑구,2024-09,120,39624.8,39840.0,70.67,281,12146.0,49.8,55.63,4.65,96.84,1.7407,1.4301,48.6,Y
서울,중랑구,2024-10,151,38429.2,37000.0,65.5,161,10211.1,60.2,45.72,4.476,98.28,2.1496,2.085,38.8,Y
서울,중랑구,2024-11,136,40195.4,40000.0,68.39,224,7207.5,46.7,36.06,4.548,74.0,2.0523,1.6963,36.9,Y
서울,중랑구,2024-12,134,37352.9,36000.0,65.21,178,8676.1,53.8,43.04,4.488,86.27,2.0046,2.0437,37.6,Y
서울,중랑구,2025-01,141,42266.7,42000.0,75.43,157,8913.8,49.3,39.44,4.5,82.75,2.098,2.0487,40.4,Y
서울,중랑구,2025-02,183,39237.4,38000.0,72.42,224,8693.1,52.0,47.08,4.44,84.14,1.7871,1.8086,38.2,Y
서울,중랑구,2025-03,175,41177.2,40000.0,70.92,204,8114.1,64.8,49.85,4.463,94.97,1.9051,1.9476,31.8,Y
서울,중랑구,2025-04,156,41278.6,38840.0,70.07,188,10545.2,60.1,48.94,4.346,98.26,2.0078,2.0518,38.9,Y
서울,중랑구,2025-05,176,41667.7,40000.0,70.1,197,9493.6,66.3,48.38,4.288,100.24,2.0721,2.0357,33.8,Y
서울,중랑구,2025-06,202,44016.8,45000.0,71.88,185,10773.0,67.2,45.67,4.349,106.24,2.3263,2.3003,36.8,Y
서울,중랑구,2025-07,167,44928.0,45000.0,72.44,222,8392.2,59.3,47.26,4.286,89.3,1.8897,1.9782,33.6,Y
서울,중랑구,2025-08,167,45871.3,45318.0,72.26,157,10928.1,73.5,50.45,4.329,112.91,2.2383,2.1889,34.9,Y
서울,중랑구,2025-09,203,44038.9,43000.0,69.88,188,10844.4,82.5,55.37,4.3,121.38,2.1922,2.2246,32.0,Y
서울,중랑구,2025-10,147,44475.9,45000.0,73.47,280,9671.0,61.4,44.36,4.271,95.87,2.1611,2.3924,35.9,Y
서울,중랑구,2025-11,164,47276.0,45318.0,74.7,284,9318.0,58.0,40.46,4.286,91.25,2.2552,2.2738,36.5,Y
서울,중랑구,2025-12,136,45045.4,45000.0,74.6,460,9203.9,54.3,37.75,4.362,87.72,2.3235,2.4318,38.1,Y
서울,중랑구,2026-01,162,43364.2,44080.0,72.55,227,9580.3,71.9,45.23,4.5,107.79,2.3833,2.4872,33.3,Y
서울,중랑구,2026-02,96,44575.2,45000.0,78.07,162,8703.6,73.1,41.11,4.615,106.56,2.592,2.7535,31.4,Y
서울,중랑구,2026-03,119,41316.0,40000.0,74.73,204,11260.2,74.5,45.47,4.465,116.4,2.5597,2.7621,36.0,Y
서울,중랑구,2026-04,93,45838.8,47000.0,70.96,289,8899.3,55.2,44.94,4.617,89.43,1.99,2.15,38.3,Y
서울,중랑구,2026-05,98,46779.8,46625.0,69.52,156,11954.1,76.3,46.83,4.491,121.08,2.5859,2.7532,36.9,Y
서울,중랑구,2026-06,89,47076.4,46000.0,73.11,542,11185.3,43.8,32.74,4.438,85.15,2.6008,3.0454,48.6,Y
서울,중랑구,2026-07,94,46250.6,45000.0,73.29,361,10865.5,47.6,31.98,4.444,87.84,2.7471,3.1183,45.8,Y
서울,중랑구,2026-08,62,43356.3,44130.0,72.98,245,16903.4,58.9,41.69,,,,,,Y
서울,중랑구,2026-09,33,46804.4,50000.0,74.75,394,7337.6,31.6,27.66,,,,,,Y
