광역지자체,자치구,연월,월세건수,월세평균보증금(만원),실제월세(만원),전월세전환율(연%),보증금환산월세(만원),환산월세(만원),평균전용면적(㎡),㎡당환산월세(만원),보증금기여율(%)
서울,강남구,2011-01,314,12486.6,134.0,7.5,78.04,212.04,82.02,2.5852,36.8
서울,강남구,2011-02,305,10900.8,116.7,7.5,68.13,184.83,80.7,2.2903,36.9
서울,강남구,2011-03,325,10556.9,124.1,7.5,65.98,190.08,77.27,2.46,34.7
서울,강남구,2011-04,237,9185.9,121.7,7.5,57.41,179.11,78.37,2.2855,32.1
서울,강남구,2011-05,235,12366.0,116.4,7.5,77.29,193.69,82.38,2.3511,39.9
서울,강남구,2011-06,266,12832.0,134.7,7.5,80.2,214.9,82.71,2.5982,37.3
서울,강남구,2011-07,278,13040.6,116.2,7.5,81.5,197.7,81.74,2.4187,41.2
서울,강남구,2011-08,284,12176.8,128.7,7.481,75.91,204.61,80.19,2.5515,37.1
서울,강남구,2011-09,272,13401.2,136.5,7.5,83.76,220.26,82.14,2.6815,38.0
서울,강남구,2011-10,273,13776.2,124.3,7.495,86.04,210.34,78.13,2.6922,40.9
서울,강남구,2011-11,219,12392.2,128.0,7.4,76.42,204.42,82.9,2.4658,37.4
서울,강남구,2011-12,257,15337.4,119.5,7.233,92.44,211.94,83.3,2.5443,43.6
서울,강남구,2012-01,269,13990.0,142.2,7.188,83.8,226.0,81.65,2.768,37.1
서울,강남구,2012-02,325,11469.5,125.4,7.136,68.21,193.61,82.93,2.3346,35.2
서울,강남구,2012-03,301,11425.6,121.4,7.187,68.43,189.83,77.67,2.4441,36.0
서울,강남구,2012-04,264,10669.5,115.1,7.192,63.94,179.04,78.07,2.2934,35.7
서울,강남구,2012-05,229,8551.5,136.6,7.139,50.87,187.47,81.49,2.3006,27.1
서울,강남구,2012-06,227,10824.7,127.0,7.172,64.7,191.7,81.2,2.3608,33.8
서울,강남구,2012-07,236,9865.3,133.5,7.125,58.58,192.08,79.12,2.4276,30.5
서울,강남구,2012-08,202,11683.2,122.6,7.076,68.89,191.49,79.67,2.4035,36.0
서울,강남구,2012-09,238,10028.6,135.9,7.1,59.33,195.23,80.0,2.4404,30.4
서울,강남구,2012-10,260,10878.8,123.8,7.163,64.94,188.74,80.21,2.3531,34.4
서울,강남구,2012-11,264,12593.0,129.4,7.088,74.38,203.78,83.2,2.4493,36.5
서울,강남구,2012-12,274,14331.0,126.4,6.977,83.32,209.72,83.86,2.5008,39.7
서울,강남구,2013-01,353,13721.0,127.4,6.916,79.08,206.48,80.01,2.5807,38.3
서울,강남구,2013-02,327,13173.9,114.6,6.798,74.63,189.23,80.07,2.3633,39.4
서울,강남구,2013-03,347,12079.8,109.9,6.648,66.93,176.83,77.36,2.2858,37.8
서울,강남구,2013-04,305,10214.0,122.9,6.605,56.22,179.12,79.72,2.2469,31.4
서울,강남구,2013-05,307,13305.4,120.1,6.581,72.97,193.07,80.71,2.3921,37.8
서울,강남구,2013-06,321,14737.7,122.5,6.545,80.39,202.89,81.42,2.4919,39.6
서울,강남구,2013-07,319,15671.5,118.4,6.476,84.57,202.97,81.73,2.4834,41.7
서울,강남구,2013-08,313,15362.8,118.9,6.387,81.76,200.66,79.98,2.5089,40.7
서울,강남구,2013-09,288,19143.0,113.1,6.375,101.7,214.8,81.55,2.6339,47.3
서울,강남구,2013-10,408,17943.8,126.0,6.367,95.21,221.21,81.9,2.701,43.0
서울,강남구,2013-11,380,21550.5,126.3,6.231,111.9,238.2,83.72,2.8452,47.0
서울,강남구,2013-12,458,24510.3,118.9,6.078,124.15,243.05,87.2,2.7872,51.1
서울,강남구,2014-01,438,21522.0,111.0,6.0,107.61,218.61,83.63,2.614,49.2
서울,강남구,2014-02,439,19989.7,117.5,5.92,98.61,216.11,81.35,2.6565,45.6
서울,강남구,2014-03,362,16790.6,113.3,5.825,81.51,194.81,80.32,2.4254,41.8
서울,강남구,2014-04,331,17508.7,106.7,5.827,85.02,191.72,79.4,2.4146,44.3
서울,강남구,2014-05,345,19419.4,113.1,5.825,94.27,207.37,80.45,2.5776,45.5
서울,강남구,2014-06,301,17754.8,116.5,5.831,86.27,202.77,81.88,2.4764,42.5
서울,강남구,2014-07,382,17174.5,123.3,5.838,83.55,206.85,81.61,2.5346,40.4
서울,강남구,2014-08,377,18353.6,110.5,5.866,89.71,200.21,80.55,2.4856,44.8
서울,강남구,2014-09,358,20862.4,125.4,5.838,101.49,226.89,82.14,2.7623,44.7
서울,강남구,2014-10,452,25014.8,109.8,5.829,121.5,231.3,82.78,2.7942,52.5
서울,강남구,2014-11,625,24199.9,98.1,5.697,114.89,212.99,83.99,2.5359,53.9
서울,강남구,2014-12,566,28984.7,104.3,5.651,136.48,240.78,85.5,2.8162,56.7
서울,강남구,2015-01,676,24140.8,111.1,5.617,113.0,224.1,81.51,2.7493,50.4
서울,강남구,2015-02,557,24322.2,102.3,5.5,111.48,213.78,81.25,2.6311,52.1
서울,강남구,2015-03,613,25578.0,107.9,5.455,116.26,224.16,80.74,2.7764,51.9
서울,강남구,2015-04,528,26837.7,117.8,5.355,119.76,237.56,81.02,2.9322,50.4
서울,강남구,2015-05,483,27434.1,111.8,5.275,120.59,232.39,80.95,2.8708,51.9
서울,강남구,2015-06,494,27817.9,114.2,5.194,120.42,234.62,82.51,2.8435,51.3
서울,강남구,2015-07,565,25543.2,99.1,5.127,109.13,208.23,78.29,2.6597,52.4
서울,강남구,2015-08,476,25711.3,110.7,5.0,107.13,217.83,80.43,2.7083,49.2
서울,강남구,2015-09,409,28063.9,100.3,4.899,114.57,214.87,80.58,2.6666,53.3
서울,강남구,2015-10,629,27726.0,107.3,4.8,110.9,218.2,79.81,2.734,50.8
서울,강남구,2015-11,553,30911.0,112.9,4.765,122.75,235.65,85.2,2.7658,52.1
서울,강남구,2015-12,713,32036.0,109.4,4.615,123.22,232.62,83.32,2.7918,53.0
서울,강남구,2016-01,709,30389.4,105.1,4.5,113.96,219.06,80.13,2.7338,52.0
서울,강남구,2016-02,559,31220.3,105.5,4.445,115.65,221.15,82.92,2.667,52.3
서울,강남구,2016-03,551,27884.7,108.4,4.425,102.82,211.22,79.48,2.6576,48.7
서울,강남구,2016-04,447,30734.9,104.8,4.383,112.26,217.06,80.59,2.6934,51.7
서울,강남구,2016-05,485,30365.3,113.2,4.4,111.34,224.54,80.79,2.7793,49.6
서울,강남구,2016-06,406,31699.3,107.0,4.378,115.65,222.65,83.42,2.669,51.9
서울,강남구,2016-07,424,30336.8,111.7,4.4,111.23,222.93,83.38,2.6737,49.9
서울,강남구,2016-08,415,29912.7,114.2,4.4,109.68,223.88,82.86,2.7019,49.0
서울,강남구,2016-09,392,33020.0,115.8,4.385,120.65,236.45,83.81,2.8213,51.0
서울,강남구,2016-10,542,35380.8,117.5,4.327,127.57,245.07,85.38,2.8703,52.1
서울,강남구,2016-11,578,32681.5,104.3,4.267,116.2,220.5,86.4,2.5521,52.7
서울,강남구,2016-12,647,37503.1,113.2,4.243,132.6,245.8,87.56,2.8073,53.9
서울,강남구,2017-01,518,32642.2,109.7,4.235,115.21,224.91,84.97,2.6469,51.2
서울,강남구,2017-02,590,31242.9,107.6,4.191,109.12,216.72,83.42,2.598,50.4
서울,강남구,2017-03,482,28432.4,104.9,4.174,98.9,203.8,80.69,2.5257,48.5
서울,강남구,2017-04,402,28546.8,108.3,4.147,98.66,206.96,80.83,2.5605,47.7
서울,강남구,2017-05,420,27860.6,120.2,4.152,96.41,216.61,82.06,2.6396,44.5
서울,강남구,2017-06,407,31756.9,123.6,4.154,109.93,233.53,83.99,2.7804,47.1
서울,강남구,2017-07,440,28377.5,128.5,4.114,97.29,225.79,82.91,2.7234,43.1
서울,강남구,2017-08,458,28966.5,108.6,4.1,98.97,207.57,80.7,2.5721,47.7
서울,강남구,2017-09,465,36625.5,124.7,4.08,124.53,249.23,85.36,2.9197,50.0
서울,강남구,2017-10,403,36584.8,132.0,4.052,123.53,255.53,84.08,3.0392,48.3
서울,강남구,2017-11,526,37384.1,129.9,4.0,124.61,254.51,87.49,2.9091,49.0
서울,강남구,2017-12,588,36340.0,121.7,4.037,122.24,243.94,86.57,2.8178,50.1
서울,강남구,2018-01,536,35709.5,131.3,4.0,119.03,250.33,85.55,2.9261,47.5
서울,강남구,2018-02,416,34116.5,122.0,3.994,113.55,235.55,83.39,2.8247,48.2
서울,강남구,2018-03,481,30678.0,119.3,4.0,102.26,221.56,82.5,2.6856,46.2
서울,강남구,2018-04,346,31496.5,133.8,3.996,104.88,238.68,83.67,2.8526,43.9
서울,강남구,2018-05,381,29762.6,122.9,4.0,99.21,222.11,83.3,2.6664,44.7
서울,강남구,2018-06,372,37481.5,131.5,4.0,124.94,256.44,84.81,3.0237,48.7
서울,강남구,2018-07,342,33705.2,127.6,4.0,112.35,239.95,83.94,2.8586,46.8
서울,강남구,2018-08,363,32242.5,134.8,4.039,108.51,243.31,84.42,2.8822,44.6
서울,강남구,2018-09,359,31729.0,143.4,4.043,106.91,250.31,84.76,2.9531,42.7
서울,강남구,2018-10,536,34425.4,131.8,4.034,115.72,247.52,86.02,2.8774,46.8
서울,강남구,2018-11,807,27226.8,96.2,4.0,90.76,186.96,82.92,2.2547,48.5
서울,강남구,2018-12,552,40918.8,130.2,4.0,136.4,266.6,87.14,3.0594,51.2
서울,강남구,2019-01,534,35941.0,127.6,4.0,119.8,247.4,84.17,2.9393,48.4
서울,강남구,2019-02,409,29317.2,128.3,4.0,97.72,226.02,81.92,2.7591,43.2
서울,강남구,2019-03,434,27866.9,128.5,4.0,92.89,221.39,80.68,2.744,42.0
서울,강남구,2019-04,360,26384.1,131.4,4.06,89.26,220.66,80.69,2.7347,40.5
서울,강남구,2019-05,371,30284.0,128.3,4.062,102.5,230.8,81.82,2.8208,44.4
서울,강남구,2019-06,372,30667.8,145.3,4.105,104.92,250.22,83.54,2.9952,41.9
서울,강남구,2019-07,358,30396.1,129.4,4.08,103.36,232.76,81.73,2.8479,44.4
서울,강남구,2019-08,757,22940.5,86.3,4.0,76.47,162.77,80.59,2.0197,47.0
서울,강남구,2019-09,367,34447.6,145.4,4.0,114.83,260.23,85.06,3.0593,44.1
서울,강남구,2019-10,493,37140.6,149.9,3.974,123.01,272.91,85.75,3.1826,45.1
서울,강남구,2019-11,520,39551.9,150.8,4.0,131.84,282.64,87.9,3.2155,46.6
서울,강남구,2019-12,647,41602.0,145.4,3.998,138.61,284.01,86.79,3.2723,48.8
서울,강남구,2020-01,473,37308.4,139.7,3.948,122.74,262.44,83.87,3.1291,46.8
서울,강남구,2020-02,507,35919.9,148.5,4.0,119.73,268.23,83.97,3.1944,44.6
서울,강남구,2020-03,359,32066.4,128.4,4.0,106.89,235.29,80.47,2.9239,45.4
서울,강남구,2020-04,342,33915.8,138.5,4.0,113.05,251.55,80.53,3.1237,44.9
서울,강남구,2020-05,395,38446.6,150.8,4.0,128.16,278.96,83.86,3.3264,45.9
서울,강남구,2020-06,451,40374.0,149.3,3.953,132.99,282.29,84.54,3.3391,47.1
서울,강남구,2020-07,489,41854.2,148.5,3.941,137.47,285.97,84.75,3.3743,48.1
서울,강남구,2020-08,402,41754.6,149.6,3.907,135.95,285.55,80.73,3.5371,47.6
서울,강남구,2020-09,413,41667.2,159.7,3.908,135.71,295.41,83.11,3.5545,45.9
서울,강남구,2020-10,471,48767.4,170.6,3.963,161.06,331.66,82.97,3.9973,48.6
서울,강남구,2020-11,730,40895.6,141.0,3.961,135.0,276.0,82.65,3.3393,48.9
서울,강남구,2020-12,632,47576.9,162.2,3.981,157.84,320.04,84.24,3.7992,49.3
서울,강남구,2021-01,529,43900.0,155.4,3.965,145.06,300.46,80.8,3.7186,48.3
서울,강남구,2021-02,432,40595.7,158.3,4.004,135.44,293.74,80.46,3.6508,46.1
서울,강남구,2021-03,422,40130.5,149.3,4.074,136.24,285.54,78.4,3.6421,47.7
서울,강남구,2021-04,478,35937.4,143.8,4.163,124.67,268.47,78.7,3.4113,46.4
서울,강남구,2021-05,611,42875.4,152.7,4.235,151.32,304.02,83.1,3.6585,49.8
서울,강남구,2021-06,821,34568.1,135.9,4.159,119.79,255.69,71.68,3.5672,46.9
서울,강남구,2021-07,557,48723.6,184.4,4.154,168.66,353.06,79.49,4.4415,47.8
서울,강남구,2021-08,725,37802.4,153.3,4.083,128.62,281.92,76.75,3.6733,45.6
서울,강남구,2021-09,508,45810.6,196.1,4.077,155.63,351.73,79.83,4.406,44.2
서울,강남구,2021-10,730,45312.5,188.6,4.051,152.96,341.56,79.69,4.2861,44.8
서울,강남구,2021-11,668,47265.7,211.5,4.14,163.08,374.58,82.98,4.5141,43.5
서울,강남구,2021-12,894,43250.8,177.6,4.0,144.17,321.77,76.7,4.1952,44.8
서울,강남구,2022-01,660,42516.3,195.7,4.072,144.27,339.97,80.87,4.204,42.4
서울,강남구,2022-02,610,36476.7,188.8,4.216,128.14,316.94,76.53,4.1414,40.4
서울,강남구,2022-03,617,34134.8,189.3,4.211,119.77,309.07,73.95,4.1795,38.8
서울,강남구,2022-04,554,38054.6,208.9,4.2,133.19,342.09,78.1,4.3802,38.9
서울,강남구,2022-05,1098,26763.1,124.0,4.253,94.86,218.86,65.0,3.367,43.3
서울,강남구,2022-06,721,35748.9,152.3,4.272,127.26,279.56,71.52,3.9088,45.5
서울,강남구,2022-07,541,39915.9,185.1,4.267,141.92,327.02,76.05,4.3001,43.4
서울,강남구,2022-08,485,51059.8,194.0,4.239,180.37,374.37,80.74,4.6367,48.2
서울,강남구,2022-09,544,49731.0,195.5,4.255,176.35,371.85,80.6,4.6135,47.4
서울,강남구,2022-10,616,43566.0,200.7,4.311,156.51,357.21,79.11,4.5153,43.8
서울,강남구,2022-11,662,36594.8,181.4,4.294,130.96,312.36,77.55,4.0278,41.9
서울,강남구,2022-12,1160,28633.6,135.5,4.302,102.64,238.14,68.16,3.4938,43.1
서울,강남구,2023-01,839,33873.6,167.2,4.35,122.79,289.99,75.05,3.864,42.3
서울,강남구,2023-02,1040,29972.5,157.7,4.444,111.01,268.71,72.61,3.7007,41.3
서울,강남구,2023-03,1185,25569.8,150.6,4.737,100.93,251.53,68.89,3.6512,40.1
서울,강남구,2023-04,817,28446.0,161.4,4.8,113.78,275.18,73.42,3.7481,41.3
서울,강남구,2023-05,867,32146.7,169.2,4.8,128.59,297.79,75.96,3.9203,43.2
서울,강남구,2023-06,969,27665.0,153.8,4.8,110.66,264.46,73.02,3.6217,41.8
서울,강남구,2023-07,662,30820.3,173.7,4.8,123.28,296.98,75.69,3.9237,41.5
서울,강남구,2023-08,736,32790.9,203.8,4.768,130.3,334.1,75.31,4.4364,39.0
서울,강남구,2023-09,738,35439.5,189.1,4.65,137.33,326.43,75.09,4.3472,42.1
서울,강남구,2023-10,781,41706.9,214.9,4.594,159.68,374.58,79.71,4.6993,42.6
서울,강남구,2023-11,951,38170.9,184.3,4.571,145.41,329.71,76.35,4.3183,44.1
서울,강남구,2023-12,1561,30119.9,140.9,4.571,114.74,255.64,71.75,3.563,44.9
서울,강남구,2024-01,779,35480.4,198.2,4.615,136.46,334.66,77.46,4.3205,40.8
서울,강남구,2024-02,736,32562.5,187.3,4.649,126.15,313.45,74.46,4.2096,40.2
서울,강남구,2024-03,750,34279.5,194.4,4.615,131.84,326.24,74.55,4.3762,40.4
서울,강남구,2024-04,552,33520.8,219.9,4.653,129.97,349.87,77.62,4.5074,37.1
서울,강남구,2024-05,737,30128.7,174.5,4.683,117.59,292.09,74.56,3.9175,40.3
서울,강남구,2024-06,707,31588.1,175.7,4.682,123.23,298.93,74.67,4.0034,41.2
서울,강남구,2024-07,479,34501.0,219.4,4.667,134.17,353.57,78.81,4.4864,37.9
서울,강남구,2024-08,511,35025.6,196.9,4.658,135.95,332.85,74.98,4.4392,40.8
서울,강남구,2024-09,483,32219.2,182.6,4.679,125.62,308.22,72.48,4.2525,40.8
서울,강남구,2024-10,577,37348.2,213.0,4.667,145.24,358.24,76.73,4.6689,40.5
서울,강남구,2024-11,554,40319.4,225.7,4.6,154.56,380.26,79.05,4.8103,40.6
서울,강남구,2024-12,626,34712.7,207.2,4.6,133.07,340.27,76.81,4.43,39.1
서울,강남구,2025-01,441,37807.6,216.8,4.63,145.87,362.67,75.68,4.7921,40.2
서울,강남구,2025-02,623,32154.3,189.7,4.629,124.02,313.72,74.42,4.2156,39.5
서울,강남구,2025-03,549,34513.4,192.0,4.683,134.68,326.68,75.98,4.2996,41.2
서울,강남구,2025-04,499,27360.6,175.6,4.714,107.49,283.09,70.22,4.0314,38.0
서울,강남구,2025-05,643,30538.5,177.8,4.754,120.97,298.77,73.27,4.0777,40.5
서울,강남구,2025-06,555,35576.7,216.4,4.782,141.78,358.18,75.06,4.7719,39.6
서울,강남구,2025-07,552,32155.9,227.8,4.8,128.62,356.42,74.57,4.7797,36.1
서울,강남구,2025-08,589,30287.3,175.6,4.783,120.72,296.32,68.21,4.3442,40.7
서울,강남구,2025-09,563,36439.8,251.6,4.76,144.54,396.14,75.64,5.2372,36.5
서울,강남구,2025-10,603,42091.6,243.8,4.729,165.89,409.69,78.46,5.2217,40.5
서울,강남구,2025-11,823,40244.1,215.8,4.765,159.79,375.59,76.29,4.9232,42.5
서울,강남구,2025-12,758,42524.2,243.6,4.789,169.7,413.3,77.68,5.3206,41.1
서울,강남구,2026-01,581,36925.5,254.6,4.752,146.24,400.84,76.67,5.2281,36.5
서울,강남구,2026-02,450,34513.5,230.6,4.763,136.98,367.58,74.17,4.9559,37.3
서울,강남구,2026-03,555,36939.9,231.1,4.767,146.74,377.84,74.43,5.0765,38.8
서울,강남구,2026-04,530,34051.3,224.1,4.8,136.21,360.31,74.55,4.8331,37.8
서울,강남구,2026-05,565,43258.7,232.2,4.764,171.73,403.93,78.79,5.1266,42.5
서울,강남구,2026-06,544,35655.0,236.0,4.749,141.1,377.1,74.88,5.0361,37.4
서울,강남구,2026-07,442,33450.5,247.6,4.768,132.9,380.5,73.53,5.1747,34.9
서울,강동구,2011-01,130,7258.8,70.4,8.0,48.39,118.79,76.27,1.5575,40.7
서울,강동구,2011-02,160,7032.4,61.0,8.0,46.88,107.88,73.41,1.4696,43.5
서울,강동구,2011-03,175,6894.6,64.0,8.0,45.96,109.96,73.96,1.4868,41.8
서울,강동구,2011-04,111,5884.7,62.6,8.0,39.23,101.83,73.47,1.386,38.5
서울,강동구,2011-05,172,6086.0,54.2,8.0,40.57,94.77,72.03,1.3157,42.8
서울,강동구,2011-06,157,5907.9,51.3,8.0,39.39,90.69,72.51,1.2507,43.4
서울,강동구,2011-07,140,7503.9,65.6,7.878,49.27,114.87,73.92,1.5539,42.9
서울,강동구,2011-08,159,7015.5,54.3,7.765,45.39,99.69,72.81,1.3692,45.5
서울,강동구,2011-09,168,7724.2,50.8,7.714,49.66,100.46,71.04,1.4141,49.4
서울,강동구,2011-10,114,7599.7,57.0,7.5,47.5,104.5,72.51,1.4412,45.5
서울,강동구,2011-11,107,6036.4,57.2,7.5,37.73,94.93,72.65,1.3066,39.7
서울,강동구,2011-12,103,7920.9,68.0,7.385,48.74,116.74,74.31,1.571,41.8
서울,강동구,2012-01,123,7092.4,64.2,7.2,42.55,106.75,72.38,1.4749,39.9
서울,강동구,2012-02,111,8687.7,68.7,7.116,51.52,120.22,74.72,1.6089,42.9
서울,강동구,2012-03,117,7535.2,65.6,7.059,44.32,109.92,71.27,1.5424,40.3
서울,강동구,2012-04,121,7438.0,69.6,7.064,43.78,113.38,74.19,1.5283,38.6
서울,강동구,2012-05,111,6123.6,55.2,7.097,36.21,91.41,70.63,1.2943,39.6
서울,강동구,2012-06,112,6006.2,60.3,7.087,35.47,95.77,70.73,1.354,37.0
서울,강동구,2012-07,100,7046.3,67.1,7.099,41.69,108.79,71.66,1.5181,38.3
서울,강동구,2012-08,105,6801.9,66.3,7.13,40.41,106.71,72.58,1.4703,37.9
서울,강동구,2012-09,137,7905.2,66.7,7.143,47.06,113.76,72.14,1.5769,41.4
서울,강동구,2012-10,130,8811.6,66.8,7.091,52.07,118.87,73.75,1.6118,43.8
서울,강동구,2012-11,126,8723.8,67.2,6.981,50.75,117.95,73.69,1.6006,43.0
서울,강동구,2012-12,82,7512.2,64.7,6.863,42.96,107.66,75.74,1.4215,39.9
서울,강동구,2013-01,137,9352.6,64.4,6.871,53.56,117.96,74.68,1.5795,45.4
서울,강동구,2013-02,146,7638.2,59.1,6.771,43.1,102.2,72.4,1.4116,42.2
서울,강동구,2013-03,287,7420.7,42.7,6.876,42.52,85.22,72.37,1.1776,49.9
서울,강동구,2013-04,174,7148.8,57.7,6.83,40.69,98.39,73.52,1.3383,41.4
서울,강동구,2013-05,233,6713.3,43.9,6.857,38.36,82.26,68.2,1.2062,46.6
서울,강동구,2013-06,205,7142.4,48.1,6.703,39.89,87.99,71.58,1.2293,45.3
서울,강동구,2013-07,179,7318.9,50.7,6.703,40.88,91.58,72.46,1.2639,44.6
서울,강동구,2013-08,193,7655.8,53.8,6.692,42.69,96.49,72.54,1.3302,44.2
서울,강동구,2013-09,192,8036.0,49.1,6.545,43.83,92.93,71.9,1.2925,47.2
서울,강동구,2013-10,172,10218.6,58.4,6.491,55.27,113.67,74.29,1.5301,48.6
서울,강동구,2013-11,137,7565.2,51.6,6.489,40.91,92.51,71.81,1.2882,44.2
서울,강동구,2013-12,134,9216.1,58.3,6.395,49.11,107.41,74.1,1.4495,45.7
서울,강동구,2014-01,166,10093.8,66.6,6.395,53.79,120.39,74.19,1.6227,44.7
서울,강동구,2014-02,181,10902.8,56.7,6.417,58.3,115.0,73.66,1.5613,50.7
서울,강동구,2014-03,183,9266.1,58.7,6.319,48.79,107.49,72.98,1.4729,45.4
서울,강동구,2014-04,130,9951.7,58.2,6.085,50.46,108.66,74.08,1.4668,46.4
서울,강동구,2014-05,163,8718.3,52.4,6.16,44.75,97.15,71.79,1.3533,46.1
서울,강동구,2014-06,129,10462.0,55.4,6.056,52.79,108.19,73.88,1.4645,48.8
서울,강동구,2014-07,143,8252.5,56.1,6.094,41.91,98.01,72.41,1.3536,42.8
서울,강동구,2014-08,140,9861.3,60.8,6.117,50.27,111.07,75.51,1.4709,45.3
서울,강동구,2014-09,146,11469.3,59.2,6.002,57.37,116.57,75.77,1.5384,49.2
서울,강동구,2014-10,164,11898.8,55.9,6.0,59.49,115.39,75.41,1.5302,51.6
서울,강동구,2014-11,193,11879.8,58.8,5.714,56.57,115.37,73.71,1.5652,49.0
서울,강동구,2014-12,179,12420.1,62.4,5.739,59.4,121.8,76.68,1.5884,48.8
서울,강동구,2015-01,291,13808.0,59.4,5.647,64.98,124.38,75.15,1.6551,52.2
서울,강동구,2015-02,261,15429.1,57.0,5.647,72.61,129.61,77.31,1.6765,56.0
서울,강동구,2015-03,397,13021.9,48.1,5.76,62.51,110.61,74.81,1.4785,56.5
서울,강동구,2015-04,216,14703.9,58.3,5.723,70.12,128.42,75.57,1.6994,54.6
서울,강동구,2015-05,244,13211.1,49.8,5.8,63.85,113.65,73.11,1.5546,56.2
서울,강동구,2015-06,239,13947.8,50.8,5.76,66.95,117.75,73.55,1.6009,56.9
서울,강동구,2015-07,210,15251.0,54.7,5.486,69.72,124.42,75.19,1.6547,56.0
서울,강동구,2015-08,251,13982.6,56.2,5.388,62.78,118.98,73.89,1.6102,52.8
서울,강동구,2015-09,250,12561.0,46.2,5.189,54.32,100.52,73.49,1.3678,54.0
서울,강동구,2015-10,307,12826.4,53.9,5.135,54.89,108.79,72.7,1.4964,50.5
서울,강동구,2015-11,258,14459.1,51.9,5.031,60.62,112.52,73.57,1.5294,53.9
서울,강동구,2015-12,245,15783.2,54.8,4.85,63.79,118.59,74.77,1.5861,53.8
서울,강동구,2016-01,224,15229.8,55.9,4.918,62.42,118.32,74.05,1.5979,52.8
서울,강동구,2016-02,209,17522.4,62.0,4.877,71.21,133.21,76.12,1.75,53.5
서울,강동구,2016-03,230,16436.7,57.2,4.8,65.75,122.95,76.19,1.6137,53.5
서울,강동구,2016-04,195,15981.4,56.4,4.8,63.93,120.33,75.35,1.5969,53.1
서울,강동구,2016-05,145,13241.3,60.1,4.8,52.97,113.07,76.75,1.4732,46.8
서울,강동구,2016-06,127,16024.3,50.3,4.84,64.63,114.93,75.63,1.5197,56.2
서울,강동구,2016-07,136,17841.7,53.7,4.754,70.69,124.39,76.38,1.6285,56.8
서울,강동구,2016-08,181,14895.2,55.8,4.723,58.62,114.42,73.05,1.5663,51.2
서울,강동구,2016-09,170,15309.0,59.9,4.7,59.96,119.86,77.33,1.55,50.0
서울,강동구,2016-10,210,16875.9,55.5,4.619,64.95,120.45,77.37,1.5568,53.9
서울,강동구,2016-11,160,18190.3,57.6,4.465,67.68,125.28,77.65,1.6135,54.0
서울,강동구,2016-12,164,17678.1,55.6,4.308,63.46,119.06,78.07,1.525,53.3
서울,강동구,2017-01,166,15232.5,65.6,4.329,54.95,120.55,73.31,1.6443,45.6
서울,강동구,2017-02,262,13706.7,56.5,4.299,49.1,105.6,74.32,1.4209,46.5
서울,강동구,2017-03,342,12468.2,53.5,4.34,45.1,98.6,71.42,1.3805,45.7
서울,강동구,2017-04,195,16322.9,58.5,4.364,59.36,117.86,77.43,1.5221,50.4
서울,강동구,2017-05,238,12799.5,58.1,4.32,46.08,104.18,72.16,1.4437,44.2
서울,강동구,2017-06,240,13463.7,58.4,4.286,48.08,106.48,72.85,1.4617,45.2
서울,강동구,2017-07,176,16499.9,66.5,4.286,58.93,125.43,75.75,1.6558,47.0
서울,강동구,2017-08,186,14853.1,59.7,4.237,52.45,112.15,72.35,1.5501,46.8
서울,강동구,2017-09,198,14664.7,59.9,4.216,51.52,111.42,71.43,1.5599,46.2
서울,강동구,2017-10,116,16779.0,74.2,4.169,58.29,132.49,76.13,1.7403,44.0
서울,강동구,2017-11,139,16907.8,72.2,4.174,58.81,131.01,74.05,1.7692,44.9
서울,강동구,2017-12,177,14561.3,63.1,4.154,50.4,113.5,72.61,1.5632,44.4
서울,강동구,2018-01,169,16202.0,59.0,4.133,55.81,114.81,70.61,1.6259,48.6
서울,강동구,2018-02,184,12191.8,55.6,4.068,41.33,96.93,71.25,1.3605,42.6
서울,강동구,2018-03,154,13717.6,65.1,4.085,46.7,111.8,73.89,1.513,41.8
서울,강동구,2018-04,105,13599.4,52.3,4.154,47.07,99.37,69.94,1.4209,47.4
서울,강동구,2018-05,138,12401.5,57.8,4.219,43.61,101.41,68.74,1.4752,43.0
서울,강동구,2018-06,138,14704.9,61.7,4.119,50.48,112.18,72.66,1.5439,45.0
서울,강동구,2018-07,121,14559.3,63.6,4.154,50.4,114.0,72.28,1.5772,44.2
서울,강동구,2018-08,124,16709.3,60.9,4.103,57.13,118.03,74.06,1.5937,48.4
서울,강동구,2018-09,133,14857.6,67.1,4.153,51.43,118.53,73.39,1.615,43.4
서울,강동구,2018-10,187,14456.3,58.4,4.0,48.19,106.59,73.15,1.4571,45.2
서울,강동구,2018-11,162,17382.8,54.7,4.0,57.94,112.64,73.72,1.528,51.4
서울,강동구,2018-12,163,18876.4,58.9,4.0,62.92,121.82,73.34,1.661,51.7
서울,강동구,2019-01,164,16810.4,64.8,4.0,56.03,120.83,71.7,1.6853,46.4
서울,강동구,2019-02,171,13545.7,56.9,4.052,45.74,102.64,69.56,1.4755,44.6
서울,강동구,2019-03,233,12437.8,51.0,4.112,42.62,93.62,72.15,1.2976,45.5
서울,강동구,2019-04,153,12512.1,60.9,4.206,43.85,104.75,69.23,1.5131,41.9
서울,강동구,2019-05,221,11223.7,58.4,4.286,40.08,98.48,68.34,1.4411,40.7
서울,강동구,2019-06,183,11522.3,58.5,4.401,42.26,100.76,68.17,1.4781,41.9
서울,강동구,2019-07,161,13485.0,70.4,4.251,47.77,118.17,69.04,1.7117,40.4
서울,강동구,2019-08,354,12260.5,48.4,4.225,43.17,91.57,67.4,1.3586,47.1
서울,강동구,2019-09,193,11830.4,63.9,4.235,41.75,105.65,70.09,1.5074,39.5
서울,강동구,2019-10,278,13236.0,70.2,4.091,45.12,115.32,71.42,1.6147,39.1
서울,강동구,2019-11,343,11743.2,59.1,4.0,39.14,98.24,69.15,1.4207,39.8
서울,강동구,2019-12,287,12601.2,72.9,3.871,40.65,113.55,71.56,1.5868,35.8
서울,강동구,2020-01,235,14366.3,79.9,3.84,45.97,125.87,70.11,1.7954,36.5
서울,강동구,2020-02,518,11187.0,54.1,3.75,34.96,89.06,66.23,1.3447,39.3
서울,강동구,2020-03,278,11667.2,73.4,3.792,36.87,110.27,69.33,1.5905,33.4
서울,강동구,2020-04,220,11518.9,65.1,3.791,36.39,101.49,67.89,1.495,35.9
서울,강동구,2020-05,195,12166.1,67.9,3.83,38.83,106.73,67.4,1.5835,36.4
서울,강동구,2020-06,175,13542.7,65.3,3.84,43.34,108.64,68.4,1.5883,39.9
서울,강동구,2020-07,200,15238.4,71.6,3.84,48.76,120.36,68.01,1.7698,40.5
서울,강동구,2020-08,177,17666.1,73.1,4.0,58.89,131.99,66.4,1.9878,44.6
서울,강동구,2020-09,165,19981.6,80.3,4.0,66.61,146.91,68.29,2.1512,45.3
서울,강동구,2020-10,221,22831.8,73.4,4.0,76.11,149.51,68.98,2.1674,50.9
서울,강동구,2020-11,1048,8888.2,31.2,3.775,27.96,59.16,52.06,1.1364,47.3
서울,강동구,2020-12,334,18389.7,55.9,3.667,56.19,112.09,66.79,1.6783,50.1
서울,강동구,2021-01,458,15226.8,47.9,3.583,45.47,93.37,61.2,1.5257,48.7
서울,강동구,2021-02,264,20483.4,66.4,3.591,61.3,127.7,66.9,1.9089,48.0
서울,강동구,2021-03,455,13390.1,50.2,3.795,42.34,92.54,66.42,1.3933,45.8
서울,강동구,2021-04,581,9102.6,39.1,3.765,28.56,67.66,57.92,1.1681,42.2
서울,강동구,2021-05,318,16151.4,62.7,4.183,56.31,119.01,64.36,1.8491,47.3
서울,강동구,2021-06,1053,10844.9,33.6,4.234,38.26,71.86,51.59,1.393,53.2
서울,강동구,2021-07,315,17501.2,67.3,4.35,63.45,130.75,60.59,2.1579,48.5
서울,강동구,2021-08,715,10809.8,39.0,4.685,42.2,81.2,56.25,1.4436,52.0
서울,강동구,2021-09,331,16112.6,63.5,4.636,62.25,125.75,61.22,2.0541,49.5
서울,강동구,2021-10,628,14508.8,55.2,4.742,57.33,112.53,63.19,1.7809,50.9
서울,강동구,2021-11,292,22000.8,86.2,4.602,84.37,170.57,66.3,2.5726,49.5
서울,강동구,2021-12,812,16585.1,52.3,4.421,61.11,113.41,58.35,1.9435,53.9
서울,강동구,2022-01,316,22182.4,83.3,4.385,81.05,164.35,66.47,2.4726,49.3
서울,강동구,2022-02,450,16087.7,62.6,4.076,54.64,117.24,58.25,2.0127,46.6
서울,강동구,2022-03,947,8213.3,41.6,4.062,27.8,69.4,54.59,1.2713,40.1
서울,강동구,2022-04,411,15183.5,71.0,4.312,54.56,125.56,63.46,1.9785,43.5
서울,강동구,2022-05,563,13175.4,51.7,4.086,44.86,96.56,61.28,1.5758,46.5
서울,강동구,2022-06,300,16984.3,81.8,4.053,57.36,139.16,62.23,2.2363,41.2
서울,강동구,2022-07,359,17406.4,76.3,4.179,60.61,136.91,60.99,2.2449,44.3
서울,강동구,2022-08,262,19655.0,83.2,4.235,69.37,152.57,62.21,2.4525,45.5
서울,강동구,2022-09,275,20681.6,91.3,4.038,69.59,160.89,66.17,2.4315,43.3
서울,강동구,2022-10,251,21037.0,92.9,4.064,71.24,164.14,67.29,2.4393,43.4
서울,강동구,2022-11,394,14784.4,81.3,4.285,52.79,134.09,64.99,2.0633,39.4
서울,강동구,2022-12,656,11844.4,62.1,4.359,43.03,105.13,59.98,1.7527,40.9
서울,강동구,2023-01,302,15887.6,87.6,4.5,59.58,147.18,65.06,2.2622,40.5
서울,강동구,2023-02,1384,8716.2,35.3,4.08,29.64,64.94,55.94,1.1608,45.6
서울,강동구,2023-03,563,11189.6,54.4,4.441,41.41,95.81,63.6,1.5065,43.2
서울,강동구,2023-04,522,10557.9,51.6,4.444,39.1,90.7,60.62,1.4963,43.1
서울,강동구,2023-05,396,14793.4,74.8,4.527,55.81,130.61,63.63,2.0526,42.7
서울,강동구,2023-06,551,11926.0,57.6,4.451,44.24,101.84,61.35,1.66,43.4
서울,강동구,2023-07,447,13921.9,77.4,4.425,51.33,128.73,59.39,2.1676,39.9
서울,강동구,2023-08,603,12705.9,62.1,4.8,50.82,112.92,56.13,2.0118,45.0
서울,강동구,2023-09,722,12572.4,50.6,4.788,50.17,100.77,56.6,1.7804,49.8
서울,강동구,2023-10,488,13783.8,72.5,4.794,55.07,127.57,62.78,2.032,43.2
서울,강동구,2023-11,409,16638.4,87.3,4.768,66.11,153.41,66.74,2.2986,43.1
서울,강동구,2023-12,602,17345.2,75.3,4.732,68.4,143.7,65.26,2.202,47.6
서울,강동구,2024-01,499,13431.9,84.1,4.717,52.8,136.9,66.23,2.067,38.6
서울,강동구,2024-02,380,13815.8,84.5,4.73,54.45,138.95,63.34,2.1937,39.2
서울,강동구,2024-03,568,11320.8,60.1,4.684,44.19,104.29,59.8,1.7439,42.4
서울,강동구,2024-04,370,14329.2,98.4,4.737,56.56,154.96,65.49,2.3662,36.5
서울,강동구,2024-05,542,13265.1,76.0,4.603,50.88,126.88,62.64,2.0256,40.1
서울,강동구,2024-06,496,13803.9,79.3,4.605,52.98,132.28,63.76,2.0746,40.1
서울,강동구,2024-07,378,16610.2,102.2,4.743,65.65,167.85,65.87,2.5482,39.1
서울,강동구,2024-08,379,18873.0,90.4,4.661,73.3,163.7,66.23,2.4718,44.8
서울,강동구,2024-09,283,20354.7,101.5,4.622,78.4,179.9,68.96,2.6087,43.6
서울,강동구,2024-10,386,20940.1,105.0,4.588,80.07,185.07,69.6,2.659,43.3
서울,강동구,2024-11,411,23033.0,123.3,4.725,90.69,213.99,71.98,2.9729,42.4
서울,강동구,2024-12,646,21375.8,103.9,4.8,85.5,189.4,66.32,2.8559,45.1
서울,강동구,2025-01,399,20513.6,109.1,4.8,82.05,191.15,68.72,2.7816,42.9
서울,강동구,2025-02,1263,9823.6,46.1,4.582,37.51,83.61,53.85,1.5526,44.9
서울,강동구,2025-03,621,13064.6,70.8,4.602,50.1,120.9,62.89,1.9224,41.4
서울,강동구,2025-04,478,12166.8,71.1,4.622,46.86,117.96,59.55,1.9808,39.7
서울,강동구,2025-05,465,13163.4,72.3,4.68,51.34,123.64,61.67,2.0049,41.5
서울,강동구,2025-06,393,11904.5,73.9,4.601,45.65,119.55,61.34,1.9489,38.2
서울,강동구,2025-07,417,15123.1,91.6,4.615,58.17,149.77,63.21,2.3693,38.8
서울,강동구,2025-08,351,14101.0,83.5,4.793,56.32,139.82,60.68,2.3042,40.3
서울,강동구,2025-09,600,13958.2,57.0,4.683,54.48,111.48,56.9,1.9592,48.9
서울,강동구,2025-10,458,13686.2,80.4,4.651,53.05,133.45,62.18,2.1461,39.8
서울,강동구,2025-11,362,20682.6,101.5,4.706,81.1,182.6,66.53,2.7447,44.4
서울,강동구,2025-12,443,17328.9,95.5,4.692,67.76,163.26,60.72,2.6887,41.5
서울,강동구,2026-01,352,20008.5,118.5,4.692,78.24,196.74,66.1,2.9764,39.8
서울,강동구,2026-02,262,18279.4,114.0,4.677,71.24,185.24,64.69,2.8635,38.5
서울,강동구,2026-03,311,19812.7,104.6,4.712,77.79,182.39,62.31,2.9272,42.7
서울,강동구,2026-04,402,14118.5,83.9,4.755,55.95,139.85,59.52,2.3496,40.0
서울,강동구,2026-05,281,22870.7,119.7,4.671,89.02,208.72,64.5,3.2359,42.6
서울,강동구,2026-06,387,18804.1,105.1,4.576,71.71,176.81,59.15,2.9892,40.6
서울,강동구,2026-07,388,19731.9,92.5,4.713,77.49,169.99,57.04,2.9802,45.6
서울,강북구,2011-01,39,4581.8,55.1,7.515,28.69,83.79,71.35,1.1744,34.2
서울,강북구,2011-02,30,5101.8,43.2,7.515,31.95,75.15,71.74,1.0475,42.5
서울,강북구,2011-03,47,6134.0,66.6,7.515,38.41,105.01,75.33,1.394,36.6
서울,강북구,2011-04,28,5612.4,58.5,7.515,35.15,93.65,74.27,1.2609,37.5
서울,강북구,2011-05,27,5119.5,52.3,7.515,32.06,84.36,75.14,1.1227,38.0
서울,강북구,2011-06,39,5778.5,61.1,7.515,36.19,97.29,75.58,1.2872,37.2
서울,강북구,2011-07,41,5595.2,49.8,7.505,34.99,84.79,70.95,1.1951,41.3
서울,강북구,2011-08,35,7422.6,47.3,7.579,46.88,94.18,73.66,1.2786,49.8
서울,강북구,2011-09,36,4918.5,66.5,7.669,31.43,97.93,74.92,1.3071,32.1
서울,강북구,2011-10,33,7241.2,49.7,7.695,46.43,96.13,74.63,1.2881,48.3
서울,강북구,2011-11,30,5187.1,63.7,7.5,32.42,96.12,74.72,1.2864,33.7
서울,강북구,2011-12,43,5855.8,61.8,7.333,35.79,97.59,77.62,1.2572,36.7
서울,강북구,2012-01,62,4692.3,55.5,7.385,28.88,84.38,72.94,1.1568,34.2
서울,강북구,2012-02,57,6652.0,66.2,7.448,41.29,107.49,77.27,1.3911,38.4
서울,강북구,2012-03,44,6619.0,64.0,7.385,40.73,104.73,75.43,1.3885,38.9
서울,강북구,2012-04,44,6460.7,52.0,7.326,39.44,91.44,73.9,1.2374,43.1
서울,강북구,2012-05,39,5509.3,64.2,7.2,33.06,97.26,75.57,1.287,34.0
서울,강북구,2012-06,45,6030.6,63.2,7.2,36.18,99.38,76.65,1.2966,36.4
서울,강북구,2012-07,62,6114.8,60.4,7.054,35.94,96.34,75.94,1.2687,37.3
서울,강북구,2012-08,76,5080.6,48.0,6.913,29.27,77.27,71.57,1.0796,37.9
서울,강북구,2012-09,39,6494.1,65.1,6.84,37.02,102.12,77.32,1.3207,36.2
서울,강북구,2012-10,65,4343.2,53.9,6.857,24.82,78.72,70.66,1.114,31.5
서울,강북구,2012-11,49,4218.7,46.4,7.091,24.93,71.33,72.44,0.9847,34.9
서울,강북구,2012-12,39,3200.2,42.8,7.2,19.2,62.0,69.38,0.8936,31.0
서울,강북구,2013-01,62,4442.3,68.8,7.2,26.65,95.45,72.12,1.3235,27.9
서울,강북구,2013-02,75,3961.1,39.1,7.059,23.3,62.4,68.34,0.9131,37.3
서울,강북구,2013-03,59,5348.4,50.2,7.245,32.29,82.49,71.69,1.1507,39.1
서울,강북구,2013-04,58,4429.4,46.9,7.0,25.84,72.74,69.25,1.0504,35.5
서울,강북구,2013-05,31,5834.8,54.8,6.857,33.34,88.14,73.5,1.1992,37.8
서울,강북구,2013-06,42,6240.1,61.9,6.829,35.51,97.41,76.36,1.2757,36.5
서울,강북구,2013-07,60,3995.8,42.6,6.722,22.38,64.98,67.02,0.9696,34.4
서울,강북구,2013-08,37,6963.1,57.8,6.705,38.91,96.71,74.2,1.3033,40.2
서울,강북구,2013-09,45,7366.2,48.7,6.545,40.18,88.88,73.2,1.2142,45.2
서울,강북구,2013-10,59,7381.0,64.4,6.494,39.94,104.34,73.73,1.4152,38.3
서울,강북구,2013-11,40,9360.5,51.5,6.462,50.4,101.9,77.7,1.3115,49.5
서울,강북구,2013-12,47,8006.3,69.9,6.2,41.37,111.27,78.28,1.4214,37.2
서울,강북구,2014-01,64,6953.3,42.4,6.0,34.77,77.17,70.99,1.087,45.1
서울,강북구,2014-02,63,8157.0,56.7,5.76,39.15,95.85,72.58,1.3207,40.8
서울,강북구,2014-03,58,8162.0,60.6,5.729,38.97,99.57,73.72,1.3506,39.1
서울,강북구,2014-04,56,9958.4,60.7,5.695,47.26,107.96,76.58,1.4098,43.8
서울,강북구,2014-05,92,5681.8,42.1,5.6,26.52,68.62,70.3,0.976,38.6
서울,강북구,2014-06,71,7085.0,39.3,5.55,32.77,72.07,71.1,1.0136,45.5
서울,강북구,2014-07,68,6331.1,48.0,5.475,28.89,76.89,71.9,1.0693,37.6
서울,강북구,2014-08,55,6749.5,47.8,5.455,30.68,78.48,73.12,1.0733,39.1
서울,강북구,2014-09,51,7871.7,57.2,5.281,34.64,91.84,74.15,1.2386,37.7
서울,강북구,2014-10,58,8898.3,51.8,5.333,39.55,91.35,75.35,1.2123,43.3
서울,강북구,2014-11,37,7331.8,62.9,5.437,33.22,96.12,78.61,1.2227,34.6
서울,강북구,2014-12,47,6574.8,50.3,5.482,30.03,80.33,70.27,1.1432,37.4
서울,강북구,2015-01,59,7287.6,56.2,5.669,34.43,90.63,73.64,1.2307,38.0
서울,강북구,2015-02,49,8433.8,55.5,5.7,40.06,95.56,73.67,1.2972,41.9
서울,강북구,2015-03,62,9358.4,57.0,5.5,42.89,99.89,75.51,1.3229,42.9
서울,강북구,2015-04,56,9071.8,55.1,5.333,40.32,95.42,73.38,1.3003,42.3
서울,강북구,2015-05,41,8520.0,59.6,5.2,36.92,96.52,77.44,1.2464,38.3
서울,강북구,2015-06,49,8228.4,57.0,5.04,34.56,91.56,74.98,1.2211,37.7
서울,강북구,2015-07,67,9588.7,47.5,4.898,39.14,86.64,70.22,1.2338,45.2
서울,강북구,2015-08,51,10176.4,52.1,4.802,40.73,92.83,72.25,1.2848,43.9
서울,강북구,2015-09,38,10978.8,58.3,4.8,43.92,102.22,76.55,1.3353,43.0
서울,강북구,2015-10,50,11259.3,50.4,4.657,43.7,94.1,72.42,1.2993,46.4
서울,강북구,2015-11,43,10374.1,41.5,4.648,40.18,81.68,73.93,1.1048,49.2
서울,강북구,2015-12,55,11052.6,52.3,4.5,41.45,93.75,73.5,1.2755,44.2
서울,강북구,2016-01,68,12121.9,53.4,4.372,44.17,97.57,72.38,1.348,45.3
서울,강북구,2016-02,70,9013.4,57.5,4.645,34.89,92.39,73.04,1.2649,37.8
서울,강북구,2016-03,57,13448.2,50.6,4.364,48.9,99.5,71.95,1.3829,49.1
서울,강북구,2016-04,58,12453.4,54.3,4.34,45.04,99.34,74.8,1.3281,45.3
서울,강북구,2016-05,60,13455.8,56.7,4.31,48.33,105.03,75.05,1.3995,46.0
서울,강북구,2016-06,44,11845.8,61.6,4.286,42.31,103.91,77.43,1.3419,40.7
서울,강북구,2016-07,67,10756.8,50.3,4.235,37.97,88.27,72.87,1.2113,43.0
서울,강북구,2016-08,57,11563.5,58.8,4.136,39.85,98.65,71.94,1.3713,40.4
서울,강북구,2016-09,41,11320.0,74.3,4.068,38.37,112.67,76.32,1.4763,34.1
서울,강북구,2016-10,63,11979.3,56.7,4.0,39.93,96.63,74.31,1.3004,41.3
서울,강북구,2016-11,42,11848.0,64.4,4.0,39.49,103.89,74.88,1.3875,38.0
서울,강북구,2016-12,40,9421.0,52.5,3.991,31.33,83.83,74.26,1.1289,37.4
서울,강북구,2017-01,43,9478.6,44.8,4.0,31.6,76.4,69.06,1.1062,41.4
서울,강북구,2017-02,54,12601.9,56.9,4.093,42.98,99.88,74.35,1.3434,43.0
서울,강북구,2017-03,57,10098.4,53.9,4.138,34.82,88.72,74.77,1.1866,39.2
서울,강북구,2017-04,41,8948.0,55.6,4.233,31.57,87.17,75.36,1.1567,36.2
서울,강북구,2017-05,42,10544.6,51.8,4.235,37.22,89.02,71.53,1.2445,41.8
서울,강북구,2017-06,43,8913.7,66.0,4.2,31.2,97.2,74.77,1.3,32.1
서울,강북구,2017-07,48,10179.9,61.3,4.091,34.7,96.0,76.55,1.2541,36.1
서울,강북구,2017-08,58,8902.6,61.1,4.114,30.52,91.62,72.19,1.2692,33.3
서울,강북구,2017-09,34,9183.5,59.2,4.109,31.45,90.65,71.38,1.2699,34.7
서울,강북구,2017-10,55,8701.2,64.5,4.075,29.55,94.05,72.88,1.2904,31.4
서울,강북구,2017-11,50,9961.6,58.5,4.039,33.53,92.03,72.29,1.2731,36.4
서울,강북구,2017-12,36,10552.4,65.9,4.0,35.17,101.07,77.05,1.3118,34.8
서울,강북구,2018-01,68,11174.7,69.0,4.0,37.25,106.25,72.91,1.4573,35.1
서울,강북구,2018-02,48,8368.4,60.9,4.0,27.89,88.79,71.11,1.2487,31.4
서울,강북구,2018-03,60,11586.8,59.8,4.036,38.97,98.77,74.33,1.3288,39.5
서울,강북구,2018-04,39,11179.5,68.0,4.0,37.27,105.27,72.48,1.4523,35.4
서울,강북구,2018-05,38,10631.9,57.8,4.1,36.32,94.12,73.51,1.2804,38.6
서울,강북구,2018-06,41,10082.4,58.9,4.137,34.76,93.66,70.9,1.321,37.1
서울,강북구,2018-07,45,9789.5,57.4,4.105,33.49,90.89,69.78,1.3025,36.8
서울,강북구,2018-08,45,8696.9,70.7,4.123,29.88,100.58,73.04,1.3771,29.7
서울,강북구,2018-09,36,11922.9,48.1,4.003,39.77,87.87,71.54,1.2282,45.3
서울,강북구,2018-10,48,8779.4,59.9,4.235,30.99,90.89,74.18,1.2252,34.1
서울,강북구,2018-11,35,7064.8,54.7,4.07,23.96,78.66,74.02,1.0627,30.5
서울,강북구,2018-12,40,9139.7,57.8,4.056,30.89,88.69,71.27,1.2445,34.8
서울,강북구,2019-01,49,8230.3,49.0,4.1,28.12,77.12,69.42,1.1109,36.5
서울,강북구,2019-02,45,10461.4,59.0,4.135,36.05,95.05,73.7,1.2897,37.9
서울,강북구,2019-03,54,9668.6,54.6,4.13,33.27,87.87,70.01,1.2551,37.9
서울,강북구,2019-04,44,6491.1,63.0,4.203,22.73,85.73,69.93,1.226,26.5
서울,강북구,2019-05,34,7534.0,51.9,4.297,26.98,78.88,71.35,1.1055,34.2
서울,강북구,2019-06,33,7733.1,59.5,4.328,27.89,87.39,70.05,1.2475,31.9
서울,강북구,2019-07,47,8111.0,62.6,4.289,28.99,91.59,70.74,1.2947,31.7
서울,강북구,2019-08,34,7756.4,68.9,4.286,27.7,96.6,73.0,1.3233,28.7
서울,강북구,2019-09,48,8081.2,62.0,4.297,28.94,90.94,71.34,1.2747,31.8
서울,강북구,2019-10,59,6068.4,76.8,4.113,20.8,97.6,72.57,1.3449,21.3
서울,강북구,2019-11,48,10141.8,59.9,4.068,34.38,94.28,75.32,1.2517,36.5
서울,강북구,2019-12,44,10913.7,49.6,4.125,37.52,87.12,71.46,1.2191,43.1
서울,강북구,2020-01,35,8640.0,71.8,4.017,28.92,100.72,71.96,1.3997,28.7
서울,강북구,2020-02,73,8141.6,57.7,4.0,27.14,84.84,69.36,1.2232,32.0
서울,강북구,2020-03,56,8773.5,54.5,4.0,29.25,83.75,68.87,1.216,34.9
서울,강북구,2020-04,52,5727.1,53.3,4.0,19.09,72.39,65.42,1.1065,26.4
서울,강북구,2020-05,38,5652.3,66.7,4.0,18.84,85.54,66.94,1.2779,22.0
서울,강북구,2020-06,60,9703.2,54.8,4.0,32.34,87.14,69.57,1.2526,37.1
서울,강북구,2020-07,74,8744.0,40.4,4.0,29.15,69.55,66.85,1.0403,41.9
서울,강북구,2020-08,49,9357.2,60.9,4.0,31.19,92.09,68.11,1.3521,33.9
서울,강북구,2020-09,43,10920.8,67.7,3.969,36.12,103.82,70.65,1.4696,34.8
서울,강북구,2020-10,55,14323.1,51.8,3.895,46.49,98.29,70.11,1.4019,47.3
서울,강북구,2020-11,44,13922.3,65.6,3.904,45.29,110.89,69.48,1.596,40.8
서울,강북구,2020-12,40,12649.3,65.7,3.892,41.02,106.72,71.87,1.485,38.4
서울,강북구,2021-01,43,9196.5,66.8,3.867,29.63,96.43,65.79,1.4658,30.7
서울,강북구,2021-02,46,9576.2,63.4,3.728,29.75,93.15,68.83,1.3533,31.9
서울,강북구,2021-03,57,11422.1,66.6,3.925,37.36,103.96,67.35,1.5435,35.9
서울,강북구,2021-04,40,12062.9,63.3,3.992,40.13,103.43,72.66,1.4234,38.8
서울,강북구,2021-05,49,9446.2,62.7,4.098,32.26,94.96,74.94,1.2671,34.0
서울,강북구,2021-06,55,8245.1,79.2,4.0,27.48,106.68,68.04,1.568,25.8
서울,강북구,2021-07,194,5511.6,35.0,4.201,19.3,54.3,54.23,1.0012,35.5
서울,강북구,2021-08,44,10817.7,82.9,4.383,39.51,122.41,72.59,1.6864,32.3
서울,강북구,2021-09,100,5594.9,44.7,4.506,21.01,65.71,55.97,1.174,32.0
서울,강북구,2021-10,76,11031.2,71.5,4.615,42.43,113.93,62.41,1.8255,37.2
서울,강북구,2021-11,97,10989.4,53.7,4.738,43.39,97.09,59.45,1.6331,44.7
서울,강북구,2021-12,109,13133.6,46.5,4.198,45.95,92.45,61.21,1.5104,49.7
서울,강북구,2022-01,115,6932.1,45.7,4.241,24.5,70.2,53.46,1.3131,34.9
서울,강북구,2022-02,142,8066.8,68.3,4.195,28.2,96.5,47.81,2.0185,29.2
서울,강북구,2022-03,176,7748.6,41.6,4.059,26.21,67.81,50.0,1.3562,38.7
서울,강북구,2022-04,75,11439.5,79.4,4.292,40.91,120.31,59.38,2.0262,34.0
서울,강북구,2022-05,98,8650.5,53.4,4.233,30.51,83.91,53.89,1.5571,36.4
서울,강북구,2022-06,154,5806.2,37.8,4.452,21.54,59.34,49.23,1.2054,36.3
서울,강북구,2022-07,166,5854.8,42.4,4.972,24.26,66.66,51.54,1.2933,36.4
서울,강북구,2022-08,92,7684.4,77.7,4.997,32.0,109.7,58.7,1.8688,29.2
서울,강북구,2022-09,59,9475.0,60.9,5.056,39.92,100.82,60.26,1.6732,39.6
서울,강북구,2022-10,57,7288.0,68.3,5.012,30.44,98.74,63.68,1.5505,30.8
서울,강북구,2022-11,101,8427.7,68.1,5.02,35.26,103.36,62.02,1.6665,34.1
서울,강북구,2022-12,59,9402.2,75.5,5.013,39.28,114.78,63.76,1.8002,34.2
서울,강북구,2023-01,89,4608.4,71.8,4.996,19.19,90.99,55.22,1.6477,21.1
서울,강북구,2023-02,111,6166.0,63.1,5.143,26.43,89.53,56.98,1.5712,29.5
서울,강북구,2023-03,147,5829.7,50.6,5.324,25.87,76.47,54.84,1.3943,33.8
서울,강북구,2023-04,105,6480.6,75.2,5.433,29.34,104.54,57.51,1.8178,28.1
서울,강북구,2023-05,119,7583.1,66.2,5.333,33.7,99.9,60.21,1.6592,33.7
서울,강북구,2023-06,131,4679.8,58.4,5.486,21.39,79.79,55.36,1.4414,26.8
서울,강북구,2023-07,114,5411.5,57.0,5.217,23.53,80.53,58.25,1.3825,29.2
서울,강북구,2023-08,78,7996.1,85.3,5.143,34.27,119.57,68.13,1.755,28.7
서울,강북구,2023-09,115,8118.1,56.1,5.031,34.04,90.14,60.28,1.4953,37.8
서울,강북구,2023-10,60,8416.3,82.4,4.923,34.53,116.93,63.46,1.8426,29.5
서울,강북구,2023-11,74,10311.4,82.6,5.049,43.39,125.99,66.14,1.9049,34.4
서울,강북구,2023-12,136,7965.8,62.4,4.823,32.01,94.41,57.77,1.6343,33.9
서울,강북구,2024-01,90,4234.5,83.6,4.865,17.17,100.77,54.82,1.8381,17.0
서울,강북구,2024-02,110,6154.6,79.8,4.924,25.25,105.05,51.47,2.0411,24.0
서울,강북구,2024-03,131,5702.9,60.1,5.053,24.01,84.11,53.81,1.5631,28.5
서울,강북구,2024-04,90,8955.8,89.3,5.044,37.64,126.94,60.22,2.108,29.7
서울,강북구,2024-05,111,6562.4,56.4,5.07,27.72,84.12,54.99,1.5298,33.0
서울,강북구,2024-06,82,7089.4,71.8,5.141,30.37,102.17,56.28,1.8154,29.7
서울,강북구,2024-07,109,7793.3,70.6,5.092,33.07,103.67,57.14,1.8144,31.9
서울,강북구,2024-08,93,6519.3,90.4,5.008,27.21,117.61,58.42,2.0132,23.1
서울,강북구,2024-09,96,7148.7,65.6,4.865,28.98,94.58,56.8,1.6652,30.6
서울,강북구,2024-10,100,6463.4,81.4,4.918,26.49,107.89,58.96,1.8299,24.6
서울,강북구,2024-11,78,6637.1,88.8,4.974,27.51,116.31,57.89,2.0092,23.7
서울,강북구,2024-12,122,4850.1,69.3,5.1,20.61,89.91,50.13,1.7936,22.9
서울,강북구,2025-01,182,4359.6,61.1,5.058,18.38,79.48,43.18,1.8406,23.1
서울,강북구,2025-02,104,5242.9,79.3,5.131,22.42,101.72,54.15,1.8785,22.0
서울,강북구,2025-03,83,6482.5,80.3,5.083,27.46,107.76,60.5,1.7811,25.5
서울,강북구,2025-04,121,5710.8,64.9,5.091,24.23,89.13,55.64,1.6019,27.2
서울,강북구,2025-05,86,5261.2,59.4,5.077,22.26,81.66,55.48,1.4718,27.3
서울,강북구,2025-06,73,7137.1,87.5,5.113,30.41,117.91,60.24,1.9573,25.8
서울,강북구,2025-07,118,6513.8,76.4,5.106,27.72,104.12,55.06,1.891,26.6
서울,강북구,2025-08,99,4635.1,92.8,5.143,19.86,112.66,49.86,2.2596,17.6
서울,강북구,2025-09,122,4720.9,60.8,5.41,21.29,82.09,54.36,1.51,25.9
서울,강북구,2025-10,61,6960.4,92.2,5.176,30.03,122.23,63.71,1.9185,24.6
서울,강북구,2025-11,84,7863.5,97.8,5.004,32.79,130.59,58.45,2.2342,25.1
서울,강북구,2025-12,106,8371.9,87.3,4.954,34.56,121.86,55.52,2.1949,28.4
서울,강북구,2026-01,107,5942.3,98.9,4.854,24.04,122.94,52.89,2.3244,19.6
서울,강북구,2026-02,113,5008.8,94.1,4.8,20.04,114.14,50.64,2.2539,17.6
서울,강북구,2026-03,83,10191.9,105.7,4.723,40.11,145.81,58.3,2.501,27.5
서울,강북구,2026-04,82,11119.9,102.5,4.764,44.14,146.64,62.5,2.3463,30.1
서울,강북구,2026-05,82,8439.2,104.2,4.807,33.8,138.0,57.38,2.4051,24.5
서울,강북구,2026-06,149,8185.4,71.2,4.913,33.52,104.72,49.93,2.0972,32.0
서울,강북구,2026-07,73,6706.6,90.2,4.964,27.74,117.94,51.02,2.3117,23.5
서울,강서구,2011-01,114,5921.4,63.4,7.567,37.34,100.74,72.76,1.3846,37.1
서울,강서구,2011-02,114,6733.4,46.7,7.567,42.46,89.16,69.27,1.2872,47.6
서울,강서구,2011-03,117,6315.4,54.7,7.567,39.83,94.53,71.7,1.3183,42.1
서울,강서구,2011-04,128,6192.0,52.5,7.567,39.05,91.55,70.31,1.302,42.7
서울,강서구,2011-05,98,6599.3,53.6,7.567,41.62,95.22,69.78,1.3645,43.7
서울,강서구,2011-06,87,5967.0,56.9,7.567,37.63,94.53,69.29,1.3642,39.8
서울,강서구,2011-07,91,5964.1,59.7,7.5,37.28,96.98,69.63,1.3927,38.4
서울,강서구,2011-08,124,6895.5,59.9,7.43,42.69,102.59,70.93,1.4464,41.6
서울,강서구,2011-09,117,6663.1,60.3,7.385,41.0,101.3,70.19,1.4433,40.5
서울,강서구,2011-10,96,7825.7,58.2,7.33,47.8,106.0,70.34,1.507,45.1
서울,강서구,2011-11,133,5595.7,43.9,7.242,33.77,77.67,71.83,1.0813,43.5
서울,강서구,2011-12,170,5251.5,40.3,7.2,31.51,71.81,69.48,1.0335,43.9
서울,강서구,2012-01,92,7077.5,51.9,7.251,42.77,94.67,70.8,1.3371,45.2
서울,강서구,2012-02,115,7949.5,61.5,7.228,47.88,109.38,72.11,1.5169,43.8
서울,강서구,2012-03,106,8066.5,57.2,7.206,48.44,105.64,70.81,1.4918,45.9
서울,강서구,2012-04,83,6567.2,57.3,7.2,39.4,96.7,70.26,1.3764,40.7
서울,강서구,2012-05,116,5627.2,49.5,7.194,33.74,83.24,68.94,1.2074,40.5
서울,강서구,2012-06,125,6026.2,59.7,7.155,35.93,95.63,69.45,1.377,37.6
서울,강서구,2012-07,208,5199.5,36.5,7.034,30.48,66.98,66.04,1.0142,45.5
서울,강서구,2012-08,133,5714.5,54.5,6.968,33.18,87.68,68.97,1.2713,37.8
서울,강서구,2012-09,106,6199.7,53.8,6.983,36.07,89.87,69.42,1.2947,40.1
서울,강서구,2012-10,94,6920.1,55.5,6.98,40.25,95.75,70.98,1.349,42.0
서울,강서구,2012-11,200,5114.1,32.9,6.787,28.92,61.82,65.22,0.9479,46.8
서울,강서구,2012-12,92,6575.9,55.7,6.775,37.12,92.82,73.44,1.264,40.0
서울,강서구,2013-01,137,6601.2,56.1,6.8,37.41,93.51,70.02,1.3354,40.0
서울,강서구,2013-02,171,6009.2,45.0,6.735,33.73,78.73,68.71,1.1458,42.8
서울,강서구,2013-03,156,6441.3,54.7,6.716,36.05,90.75,69.54,1.305,39.7
서울,강서구,2013-04,156,6287.7,52.9,6.71,35.16,88.06,68.22,1.2908,39.9
서울,강서구,2013-05,112,7135.8,49.9,6.8,40.44,90.34,69.7,1.2961,44.8
서울,강서구,2013-06,117,6544.1,55.2,6.667,36.36,91.56,67.51,1.3562,39.7
서울,강서구,2013-07,147,6194.1,51.3,6.57,33.91,85.21,66.05,1.2901,39.8
서울,강서구,2013-08,156,8919.7,52.5,6.462,48.03,100.53,70.54,1.4251,47.8
서울,강서구,2013-09,139,7851.8,55.7,6.5,42.53,98.23,71.85,1.3672,43.3
서울,강서구,2013-10,195,8695.3,55.3,6.388,46.28,101.58,68.89,1.4746,45.6
서울,강서구,2013-11,173,6483.3,48.3,6.4,34.58,82.88,69.73,1.1886,41.7
서울,강서구,2013-12,173,8423.1,39.5,6.333,44.46,83.96,68.94,1.2178,53.0
서울,강서구,2014-01,158,8790.5,56.2,6.254,45.81,102.01,70.72,1.4425,44.9
서울,강서구,2014-02,210,10729.8,49.9,6.0,53.65,103.55,70.0,1.4793,51.8
서울,강서구,2014-03,181,8536.9,53.0,6.0,42.68,95.68,67.12,1.4256,44.6
서울,강서구,2014-04,135,8034.7,53.7,6.0,40.17,93.87,67.85,1.3835,42.8
서울,강서구,2014-05,162,7245.4,45.5,6.0,36.23,81.73,68.72,1.1893,44.3
서울,강서구,2014-06,107,6175.2,52.5,5.845,30.08,82.58,69.43,1.1894,36.4
서울,강서구,2014-07,212,6256.8,43.4,5.806,30.27,73.67,68.62,1.0737,41.1
서울,강서구,2014-08,176,6304.5,55.7,5.813,30.54,86.24,71.92,1.1991,35.4
서울,강서구,2014-09,161,6763.1,60.0,5.754,32.43,92.43,72.2,1.2802,35.1
서울,강서구,2014-10,168,7089.2,57.0,5.778,34.13,91.13,70.85,1.2863,37.5
서울,강서구,2014-11,213,6818.0,48.6,5.727,32.54,81.14,68.46,1.1852,40.1
서울,강서구,2014-12,159,8890.7,48.3,5.9,43.71,92.01,70.96,1.2967,47.5
서울,강서구,2015-01,213,9665.6,55.8,5.776,46.52,102.32,70.67,1.4479,45.5
서울,강서구,2015-02,180,10183.3,48.8,5.776,49.01,97.81,70.02,1.3969,50.1
서울,강서구,2015-03,219,9303.8,53.2,5.65,43.81,97.01,67.97,1.4272,45.2
서울,강서구,2015-04,215,10030.3,59.4,5.486,45.85,105.25,70.79,1.4868,43.6
서울,강서구,2015-05,167,9157.5,55.6,5.448,41.58,97.18,67.69,1.4356,42.8
서울,강서구,2015-06,177,11067.2,54.9,5.143,47.43,102.33,71.27,1.4358,46.4
서울,강서구,2015-07,207,10538.9,57.8,5.101,44.8,102.6,69.44,1.4775,43.7
서울,강서구,2015-08,190,10299.0,55.7,4.966,42.62,98.32,67.17,1.4637,43.3
서울,강서구,2015-09,161,10544.3,61.0,4.866,42.75,103.75,67.47,1.5378,41.2
서울,강서구,2015-10,230,11608.9,59.6,4.615,44.65,104.25,67.2,1.5513,42.8
서울,강서구,2015-11,202,11658.8,49.7,4.5,43.72,93.42,69.08,1.3524,46.8
서울,강서구,2015-12,226,13442.2,53.1,4.473,50.1,103.2,71.81,1.4372,48.5
서울,강서구,2016-01,233,13442.1,52.2,4.459,49.95,102.15,66.01,1.5474,48.9
서울,강서구,2016-02,272,12122.4,51.8,4.476,45.22,97.02,67.09,1.4461,46.6
서울,강서구,2016-03,283,13026.2,54.2,4.444,48.25,102.45,67.17,1.5252,47.1
서울,강서구,2016-04,225,12809.5,54.2,4.431,47.3,101.5,67.02,1.5144,46.6
서울,강서구,2016-05,230,12642.7,54.9,4.444,46.82,101.72,68.23,1.4909,46.0
서울,강서구,2016-06,248,14374.6,56.1,4.4,52.71,108.81,71.21,1.528,48.4
서울,강서구,2016-07,282,13875.7,47.2,4.335,50.12,97.32,68.63,1.4181,51.5
서울,강서구,2016-08,251,13013.1,52.8,4.286,46.48,99.28,69.02,1.4384,46.8
서울,강서구,2016-09,217,12878.1,57.8,4.235,45.45,103.25,70.85,1.4573,44.0
서울,강서구,2016-10,276,11423.8,57.5,4.212,40.09,97.59,71.28,1.3691,41.1
서울,강서구,2016-11,240,10803.9,50.7,4.224,38.03,88.73,69.17,1.2828,42.9
서울,강서구,2016-12,196,12042.7,55.2,4.174,41.89,97.09,70.52,1.3767,43.1
서울,강서구,2017-01,165,11830.6,54.7,4.224,41.65,96.35,69.43,1.3877,43.2
서울,강서구,2017-02,258,12027.3,54.1,4.174,41.83,95.93,67.44,1.4225,43.6
서울,강서구,2017-03,209,12597.3,53.9,4.174,43.82,97.72,68.68,1.4228,44.8
서울,강서구,2017-04,218,10836.0,56.2,4.168,37.64,93.84,69.19,1.3563,40.1
서울,강서구,2017-05,175,10742.6,59.9,4.174,37.37,97.27,70.01,1.3893,38.4
서울,강서구,2017-06,179,10170.8,57.1,4.183,35.45,92.55,68.14,1.3583,38.3
서울,강서구,2017-07,171,9621.6,60.4,4.138,33.18,93.58,68.2,1.3721,35.5
서울,강서구,2017-08,159,10140.5,66.3,4.154,35.1,101.4,68.49,1.4805,34.6
서울,강서구,2017-09,166,10140.1,68.1,4.163,35.18,103.28,66.56,1.5517,34.1
서울,강서구,2017-10,134,11700.3,62.6,4.044,39.43,102.03,69.5,1.4681,38.6
서울,강서구,2017-11,157,11118.4,57.2,4.035,37.39,94.59,70.94,1.3333,39.5
서울,강서구,2017-12,200,11217.3,53.7,4.091,38.24,91.94,69.51,1.3227,41.6
서울,강서구,2018-01,176,11697.2,60.7,4.123,40.19,100.89,68.08,1.4819,39.8
서울,강서구,2018-02,175,11270.5,56.6,4.093,38.45,95.05,65.9,1.4423,40.4
서울,강서구,2018-03,191,10315.3,61.8,4.007,34.44,96.24,68.93,1.3962,35.8
서울,강서구,2018-04,139,11534.5,59.6,4.026,38.7,98.3,68.05,1.4445,39.4
서울,강서구,2018-05,158,11617.0,56.2,4.022,38.94,95.14,68.05,1.3981,40.9
서울,강서구,2018-06,168,12329.5,63.6,4.0,41.1,104.7,68.54,1.5276,39.3
서울,강서구,2018-07,228,10388.3,52.8,4.0,34.63,87.43,67.87,1.2882,39.6
서울,강서구,2018-08,184,14196.9,56.8,4.0,47.32,104.12,69.91,1.4894,45.4
서울,강서구,2018-09,168,12970.7,61.7,4.0,43.24,104.94,69.97,1.4997,41.2
서울,강서구,2018-10,229,12385.1,60.9,4.0,41.28,102.18,70.59,1.4476,40.4
서울,강서구,2018-11,248,9620.1,48.9,4.0,32.07,80.97,67.3,1.2031,39.6
서울,강서구,2018-12,174,11563.0,53.0,4.013,38.67,91.67,68.2,1.3441,42.2
서울,강서구,2019-01,197,11223.4,60.6,4.036,37.74,98.34,65.41,1.5035,38.4
서울,강서구,2019-02,194,8968.7,54.9,4.05,30.27,85.17,63.9,1.3328,35.5
서울,강서구,2019-03,175,10786.3,65.8,4.138,37.19,102.99,66.84,1.5409,36.1
서울,강서구,2019-04,162,9883.9,57.9,4.16,34.26,92.16,65.8,1.4007,37.2
서울,강서구,2019-05,186,9141.6,61.1,4.154,31.64,92.74,65.11,1.4244,34.1
서울,강서구,2019-06,166,8424.1,57.7,4.174,29.3,87.0,63.8,1.3637,33.7
서울,강서구,2019-07,194,11417.3,52.1,4.211,40.06,92.16,65.26,1.4122,43.5
서울,강서구,2019-08,247,11133.2,53.2,4.168,38.67,91.87,62.11,1.4791,42.1
서울,강서구,2019-09,198,11747.8,54.1,4.154,40.67,94.77,61.9,1.5309,42.9
서울,강서구,2019-10,191,10512.3,63.9,4.068,35.63,99.53,66.42,1.4986,35.8
서울,강서구,2019-11,245,9691.1,51.0,4.123,33.29,84.29,66.47,1.2682,39.5
서울,강서구,2019-12,296,8977.9,47.7,4.216,31.54,79.24,65.17,1.216,39.8
서울,강서구,2020-01,191,11489.6,56.6,4.077,39.03,95.63,65.01,1.4711,40.8
서울,강서구,2020-02,227,11407.5,61.7,4.0,38.02,99.72,65.09,1.5321,38.1
서울,강서구,2020-03,210,11995.7,54.5,4.0,39.99,94.49,62.65,1.5082,42.3
서울,강서구,2020-04,190,10916.9,61.8,4.0,36.39,98.19,63.21,1.5534,37.1
서울,강서구,2020-05,206,12410.0,50.2,3.941,40.76,90.96,62.22,1.4619,44.8
서울,강서구,2020-06,313,10468.7,49.5,3.864,33.71,83.21,59.69,1.394,40.5
서울,강서구,2020-07,449,10883.3,45.7,3.876,35.15,80.85,62.64,1.2908,43.5
서울,강서구,2020-08,407,12484.4,46.3,4.0,41.61,87.91,63.27,1.3895,47.3
서울,강서구,2020-09,284,14023.5,54.1,4.0,46.75,100.84,62.04,1.6255,46.4
서울,강서구,2020-10,241,12613.8,61.4,4.0,42.05,103.45,65.4,1.5817,40.6
서울,강서구,2020-11,302,10411.9,49.3,4.0,34.71,84.01,63.0,1.3334,41.3
서울,강서구,2020-12,243,12786.7,48.2,4.031,42.95,91.15,64.29,1.4178,47.1
서울,강서구,2021-01,284,11518.7,48.1,4.154,39.87,87.97,61.19,1.4377,45.3
서울,강서구,2021-02,309,10960.7,51.7,4.211,38.46,90.16,61.05,1.4768,42.7
서울,강서구,2021-03,285,14247.3,64.3,4.22,50.11,114.41,62.0,1.8453,43.8
서울,강서구,2021-04,913,7872.5,36.5,3.84,25.19,61.69,56.51,1.0917,40.8
서울,강서구,2021-05,263,16418.4,61.5,3.158,43.21,104.71,63.72,1.6432,41.3
서울,강서구,2021-06,347,12754.5,52.0,2.943,31.28,83.28,61.99,1.3435,37.6
서울,강서구,2021-07,299,12131.1,61.0,2.866,28.97,89.97,57.94,1.5528,32.2
서울,강서구,2021-08,643,8662.8,46.1,2.617,18.89,64.99,55.5,1.171,29.1
서울,강서구,2021-09,294,12898.1,60.0,2.4,25.8,85.8,58.96,1.4552,30.1
서울,강서구,2021-10,616,9656.6,44.7,3.317,26.7,71.4,58.88,1.2126,37.4
서울,강서구,2021-11,294,13052.2,66.6,3.611,39.27,105.87,62.9,1.6832,37.1
서울,강서구,2021-12,488,11284.1,48.2,3.818,35.9,84.1,53.95,1.5589,42.7
서울,강서구,2022-01,372,11385.1,63.4,3.874,36.76,100.16,55.32,1.8105,36.7
서울,강서구,2022-02,299,13726.1,65.0,3.99,45.64,110.64,59.51,1.8593,41.3
서울,강서구,2022-03,363,10968.9,58.3,3.947,36.08,94.38,60.13,1.5696,38.2
서울,강서구,2022-04,421,11619.0,57.2,4.013,38.86,96.06,58.7,1.6364,40.5
서울,강서구,2022-05,341,12724.6,58.1,4.068,43.14,101.24,55.9,1.8111,42.6
서울,강서구,2022-06,277,15584.8,67.3,4.091,53.13,120.43,58.86,2.046,44.1
서울,강서구,2022-07,464,11864.8,46.3,3.924,38.8,85.1,61.12,1.3923,45.6
서울,강서구,2022-08,369,12072.8,61.4,4.076,41.01,102.41,63.69,1.6079,40.0
서울,강서구,2022-09,304,15346.1,65.2,4.115,52.63,117.83,62.05,1.8989,44.7
서울,강서구,2022-10,306,13778.1,75.5,4.174,47.92,123.42,60.55,2.0384,38.8
서울,강서구,2022-11,413,10518.5,54.4,4.319,37.86,92.26,60.72,1.5194,41.0
서울,강서구,2022-12,423,10318.8,67.1,4.334,37.27,104.37,60.0,1.7395,35.7
서울,강서구,2023-01,312,10524.0,73.8,4.621,40.52,114.32,61.0,1.8741,35.4
서울,강서구,2023-02,435,10688.6,69.4,4.664,41.54,110.94,61.79,1.7955,37.4
서울,강서구,2023-03,316,11863.8,78.9,4.8,47.46,126.36,63.91,1.9771,37.6
서울,강서구,2023-04,386,11224.9,64.1,4.836,45.24,109.34,59.65,1.833,41.4
서울,강서구,2023-05,363,10954.0,72.1,4.825,44.04,116.14,60.57,1.9175,37.9
서울,강서구,2023-06,578,9029.4,46.7,4.644,34.95,81.65,58.68,1.3914,42.8
서울,강서구,2023-07,341,10861.7,69.4,4.645,42.05,111.45,59.64,1.8686,37.7
서울,강서구,2023-08,349,10834.4,67.6,4.615,41.67,109.27,63.22,1.7284,38.1
서울,강서구,2023-09,320,11376.0,73.1,4.529,42.94,116.04,62.8,1.8478,37.0
서울,강서구,2023-10,369,11879.7,64.5,4.465,44.2,108.7,61.48,1.7681,40.7
서울,강서구,2023-11,326,12931.6,64.3,4.4,47.42,111.72,63.11,1.7702,42.4
서울,강서구,2023-12,384,11072.8,55.8,4.58,42.26,98.06,60.32,1.6257,43.1
서울,강서구,2024-01,462,9146.4,57.6,4.5,34.3,91.9,58.82,1.5624,37.3
서울,강서구,2024-02,302,11029.7,76.5,4.615,42.42,118.92,60.63,1.9614,35.7
서울,강서구,2024-03,382,11547.5,59.5,4.481,43.12,102.62,59.25,1.732,42.0
서울,강서구,2024-04,295,11369.5,75.3,4.522,42.84,118.14,59.06,2.0004,36.3
서울,강서구,2024-05,375,11473.9,63.7,4.396,42.03,105.73,59.01,1.7917,39.8
서울,강서구,2024-06,313,12144.9,66.7,4.333,43.86,110.56,60.83,1.8175,39.7
서울,강서구,2024-07,432,11382.0,51.9,4.235,40.17,92.07,62.93,1.4631,43.6
서울,강서구,2024-08,421,12521.4,52.2,4.2,43.82,96.02,63.17,1.5201,45.6
서울,강서구,2024-09,271,11268.1,80.9,4.19,39.35,120.25,59.61,2.0172,32.7
서울,강서구,2024-10,350,12458.7,67.6,4.118,42.76,110.36,61.2,1.8032,38.7
서울,강서구,2024-11,405,9728.4,57.2,4.128,33.47,90.67,59.52,1.5233,36.9
서울,강서구,2024-12,345,13153.0,76.1,4.119,45.15,121.25,62.94,1.9264,37.2
서울,강서구,2025-01,286,11440.8,73.7,4.385,41.8,115.5,58.73,1.9667,36.2
서울,강서구,2025-02,394,11009.2,67.1,4.5,41.28,108.38,60.02,1.8058,38.1
서울,강서구,2025-03,309,12736.9,82.1,4.583,48.65,130.75,62.13,2.1044,37.2
서울,강서구,2025-04,369,12119.5,68.4,4.593,46.39,114.79,57.6,1.9929,40.4
서울,강서구,2025-05,500,11330.4,66.4,4.588,43.32,109.72,52.04,2.1084,39.5
서울,강서구,2025-06,642,9875.6,58.1,4.415,36.34,94.44,52.53,1.7977,38.5
서울,강서구,2025-07,353,12719.8,78.7,4.421,46.86,125.56,58.05,2.163,37.3
서울,강서구,2025-08,328,10480.4,80.4,4.422,38.62,119.02,58.59,2.0314,32.4
서울,강서구,2025-09,320,12969.0,84.4,4.39,47.45,131.85,62.2,2.1197,36.0
서울,강서구,2025-10,359,11988.6,75.0,4.369,43.65,118.65,60.69,1.955,36.8
서울,강서구,2025-11,326,12808.1,91.3,4.381,46.76,138.06,63.59,2.1711,33.9
서울,강서구,2025-12,325,14783.3,96.4,4.552,56.07,152.47,63.23,2.4114,36.8
서울,강서구,2026-01,339,13421.9,95.8,4.594,51.39,147.19,60.12,2.4482,34.9
서울,강서구,2026-02,238,13708.2,86.6,4.575,52.26,138.86,58.51,2.3732,37.6
서울,강서구,2026-03,415,9693.4,68.7,4.548,36.74,105.44,53.69,1.9638,34.8
서울,강서구,2026-04,320,13398.6,84.8,4.606,51.43,136.23,60.84,2.2392,37.8
서울,강서구,2026-05,278,16182.3,88.3,4.477,60.38,148.68,61.32,2.4246,40.6
서울,강서구,2026-06,272,14546.5,96.1,4.331,52.5,148.6,58.67,2.5328,35.3
서울,강서구,2026-07,255,15063.3,81.1,4.25,53.35,134.45,56.65,2.3733,39.7
서울,관악구,2011-01,94,6302.0,67.5,7.355,38.63,106.13,75.0,1.415,36.4
서울,관악구,2011-02,109,8342.0,63.6,7.355,51.13,114.73,76.56,1.4985,44.6
서울,관악구,2011-03,94,6719.8,63.1,7.355,41.19,104.29,75.47,1.3818,39.5
서울,관악구,2011-04,68,7116.3,63.8,7.355,43.62,107.42,74.56,1.4407,40.6
서울,관악구,2011-05,59,6956.8,65.6,7.355,42.64,108.24,74.27,1.4574,39.4
서울,관악구,2011-06,62,7218.4,62.1,7.355,44.24,106.34,74.7,1.4236,41.6
서울,관악구,2011-07,65,7568.5,64.4,7.205,45.44,109.84,74.71,1.4703,41.4
서울,관악구,2011-08,85,6672.8,62.3,7.135,39.68,101.98,74.98,1.36,38.9
서울,관악구,2011-09,84,7645.2,52.6,7.059,44.97,97.57,74.3,1.3132,46.1
서울,관악구,2011-10,44,10054.1,60.3,7.146,59.87,120.17,76.41,1.5728,49.8
서울,관악구,2011-11,54,8717.4,65.9,7.173,52.11,118.01,75.3,1.5672,44.2
서울,관악구,2011-12,61,7600.3,74.6,7.2,45.6,120.2,78.1,1.5391,37.9
서울,관악구,2012-01,63,7748.3,61.7,7.2,46.49,108.19,73.16,1.4788,43.0
서울,관악구,2012-02,96,6866.2,65.6,7.2,41.2,106.8,74.86,1.4266,38.6
서울,관악구,2012-03,80,7700.0,69.2,7.2,46.2,115.4,74.28,1.5536,40.0
서울,관악구,2012-04,55,8511.3,63.0,7.059,50.07,113.07,74.91,1.5094,44.3
서울,관악구,2012-05,67,7941.8,61.1,6.997,46.31,107.41,72.71,1.4772,43.1
서울,관악구,2012-06,59,6884.9,64.5,7.0,40.16,104.66,72.23,1.449,38.4
서울,관악구,2012-07,48,7454.0,54.2,6.957,43.21,97.41,72.16,1.3499,44.4
서울,관악구,2012-08,68,7960.0,56.8,6.857,45.49,102.29,72.89,1.4033,44.5
서울,관악구,2012-09,72,7774.2,60.0,6.857,44.42,104.42,74.02,1.4108,42.5
서울,관악구,2012-10,135,5830.7,50.8,6.709,32.6,83.4,72.52,1.15,39.1
서울,관악구,2012-11,74,6877.5,64.7,6.72,38.51,103.21,74.44,1.3865,37.3
서울,관악구,2012-12,79,8199.5,66.9,6.66,45.51,112.41,76.53,1.4688,40.5
서울,관악구,2013-01,101,7521.1,64.1,6.587,41.29,105.39,72.52,1.4532,39.2
서울,관악구,2013-02,107,8111.4,54.2,6.545,44.24,98.44,71.71,1.3728,44.9
서울,관악구,2013-03,111,7411.4,62.6,6.644,41.04,103.64,70.73,1.4652,39.6
서울,관악구,2013-04,94,7802.2,58.1,6.545,42.56,100.66,67.81,1.4844,42.3
서울,관악구,2013-05,90,6398.7,63.2,6.545,34.9,98.1,68.99,1.422,35.6
서울,관악구,2013-06,79,7679.6,56.4,6.527,41.77,98.17,70.07,1.4011,42.6
서울,관악구,2013-07,92,6768.5,62.2,6.462,36.45,98.65,68.49,1.4403,36.9
서울,관악구,2013-08,108,8058.4,66.5,6.4,42.98,109.48,73.33,1.493,39.3
서울,관악구,2013-09,85,9912.6,60.8,6.316,52.17,112.97,73.02,1.5471,46.2
서울,관악구,2013-10,91,10988.0,61.8,6.261,57.33,119.13,73.94,1.6112,48.1
서울,관악구,2013-11,71,9709.7,56.1,6.353,51.4,107.5,75.4,1.4258,47.8
서울,관악구,2013-12,86,10890.6,58.1,6.24,56.63,114.73,74.66,1.5367,49.4
서울,관악구,2014-01,114,9186.3,55.0,6.0,45.93,100.93,69.81,1.4458,45.5
서울,관악구,2014-02,189,7592.8,53.5,6.0,37.96,91.46,66.33,1.3789,41.5
서울,관악구,2014-03,137,9684.7,56.8,6.0,48.42,105.22,71.01,1.4818,46.0
서울,관악구,2014-04,100,9506.4,55.0,6.0,47.53,102.53,71.23,1.4394,46.4
서울,관악구,2014-05,103,8864.8,53.2,5.823,43.02,96.22,70.06,1.3734,44.7
서울,관악구,2014-06,112,6846.8,60.2,5.714,32.6,92.8,66.82,1.3889,35.1
서울,관악구,2014-07,103,7205.0,56.9,5.684,34.13,91.03,71.85,1.2669,37.5
서울,관악구,2014-08,79,8653.8,56.9,5.551,40.03,96.93,70.87,1.3677,41.3
서울,관악구,2014-09,90,9926.0,57.7,6.0,49.63,107.33,72.78,1.4747,46.2
서울,관악구,2014-10,160,7580.8,46.2,5.457,34.47,80.67,68.79,1.1727,42.7
서울,관악구,2014-11,96,9629.4,44.6,5.455,43.77,88.37,70.5,1.2535,49.5
서울,관악구,2014-12,146,9538.3,53.0,5.455,43.36,96.36,70.2,1.3726,45.0
서울,관악구,2015-01,187,11103.8,57.1,5.454,50.46,107.56,71.69,1.5004,46.9
서울,관악구,2015-02,160,11945.5,54.7,5.5,54.75,109.45,72.43,1.5111,50.0
서울,관악구,2015-03,177,11297.2,59.0,5.333,50.21,109.21,72.28,1.5109,46.0
서울,관악구,2015-04,141,10944.1,56.6,5.333,48.64,105.24,70.83,1.4858,46.2
서울,관악구,2015-05,147,12281.9,52.9,5.4,55.27,108.17,72.15,1.4992,51.1
서울,관악구,2015-06,112,10653.3,54.5,5.333,47.35,101.85,70.27,1.4494,46.5
서울,관악구,2015-07,125,11884.2,52.2,5.209,51.58,103.78,68.27,1.5202,49.7
서울,관악구,2015-08,149,10861.1,56.2,5.143,46.55,102.75,69.78,1.4725,45.3
서울,관악구,2015-09,129,11859.3,59.9,5.143,50.83,110.73,70.5,1.5706,45.9
서울,관악구,2015-10,121,12182.9,58.4,5.143,52.21,110.61,71.52,1.5466,47.2
서울,관악구,2015-11,112,11775.9,53.6,4.966,48.73,102.33,69.11,1.4807,47.6
서울,관악구,2015-12,152,13797.3,48.1,4.925,56.62,104.72,70.25,1.4907,54.1
서울,관악구,2016-01,162,12065.3,59.3,4.886,49.13,108.43,67.31,1.6109,45.3
서울,관악구,2016-02,142,14753.5,52.1,4.724,58.08,110.18,73.24,1.5044,52.7
서울,관악구,2016-03,129,13550.1,65.7,4.726,53.36,119.06,75.02,1.5871,44.8
서울,관악구,2016-04,111,12821.7,56.2,4.716,50.39,106.59,73.75,1.4453,47.3
서울,관악구,2016-05,119,13589.0,58.0,4.662,52.79,110.79,70.2,1.5782,47.6
서울,관악구,2016-06,113,11210.2,56.1,4.629,43.24,99.34,68.1,1.4587,43.5
서울,관악구,2016-07,135,13008.8,51.9,4.571,49.56,101.46,67.41,1.5051,48.8
서울,관악구,2016-08,134,12655.1,57.1,4.533,47.81,104.91,68.85,1.5237,45.6
서울,관악구,2016-09,131,12906.9,57.2,4.421,47.55,104.75,71.4,1.4671,45.4
서울,관악구,2016-10,182,13324.1,49.1,4.4,48.86,97.96,69.12,1.4172,49.9
서울,관악구,2016-11,132,10680.5,52.1,4.364,38.84,90.94,68.91,1.3197,42.7
서울,관악구,2016-12,154,12009.5,53.0,4.364,43.67,96.67,67.32,1.436,45.2
서울,관악구,2017-01,160,10610.7,58.1,4.286,37.9,96.0,66.09,1.4525,39.5
서울,관악구,2017-02,195,13015.7,56.2,4.364,47.33,103.53,68.51,1.5112,45.7
서울,관악구,2017-03,159,12810.9,57.8,4.333,46.26,104.06,73.43,1.4172,44.5
서울,관악구,2017-04,125,12412.6,58.3,4.364,45.14,103.44,73.31,1.4109,43.6
서울,관악구,2017-05,111,12328.6,54.6,4.328,44.46,99.06,69.1,1.4336,44.9
서울,관악구,2017-06,127,11572.7,52.7,4.318,41.65,94.35,67.09,1.4063,44.1
서울,관악구,2017-07,153,10013.6,56.6,4.285,35.75,92.35,64.48,1.4323,38.7
서울,관악구,2017-08,107,10322.8,51.2,4.159,35.77,86.97,65.29,1.3321,41.1
서울,관악구,2017-09,126,8727.6,49.2,4.138,30.1,79.3,61.65,1.2862,38.0
서울,관악구,2017-10,116,12446.2,49.0,4.2,43.56,92.56,64.87,1.4269,47.1
서울,관악구,2017-11,184,6337.4,38.3,4.2,22.18,60.48,57.83,1.0458,36.7
서울,관악구,2017-12,143,9748.0,51.3,4.235,34.4,85.7,64.55,1.3277,40.1
서울,관악구,2018-01,188,8313.2,61.8,4.32,29.93,91.73,60.06,1.5273,32.6
서울,관악구,2018-02,155,9087.5,54.8,4.364,33.05,87.85,63.3,1.3878,37.6
서울,관악구,2018-03,152,11822.9,57.4,4.337,42.73,100.13,69.55,1.4397,42.7
서울,관악구,2018-04,128,9579.3,56.9,4.286,34.21,91.11,67.24,1.355,37.5
서울,관악구,2018-05,140,11592.9,51.6,4.267,41.22,92.82,65.14,1.4249,44.4
서울,관악구,2018-06,116,9239.1,56.1,4.258,32.78,88.88,63.48,1.4002,36.9
서울,관악구,2018-07,109,10192.2,53.4,4.235,35.97,89.37,65.18,1.3712,40.3
서울,관악구,2018-08,125,9056.3,55.5,4.217,31.83,87.33,65.46,1.334,36.4
서울,관악구,2018-09,104,9220.1,62.9,4.222,32.44,95.34,67.06,1.4217,34.0
서울,관악구,2018-10,149,10308.3,52.7,4.258,36.58,89.28,66.11,1.3504,41.0
서울,관악구,2018-11,133,9730.6,57.1,4.2,34.06,91.16,66.26,1.3757,37.4
서울,관악구,2018-12,143,9767.6,51.7,4.138,33.68,85.38,66.04,1.2929,39.4
서울,관악구,2019-01,180,8512.7,59.8,4.314,30.6,90.4,61.42,1.4718,33.8
서울,관악구,2019-02,163,8383.6,59.6,4.324,30.21,89.81,62.17,1.4446,33.6
서울,관악구,2019-03,125,10217.4,61.7,4.286,36.49,98.19,67.98,1.4444,37.2
서울,관악구,2019-04,94,9858.2,63.2,4.286,35.21,98.41,69.6,1.4139,35.8
서울,관악구,2019-05,96,8766.1,60.0,4.286,31.31,91.31,66.66,1.3697,34.3
서울,관악구,2019-06,99,10027.0,57.9,4.216,35.23,93.13,65.0,1.4328,37.8
서울,관악구,2019-07,116,8507.0,58.4,4.138,29.33,87.73,66.5,1.3193,33.4
서울,관악구,2019-08,122,9167.7,52.1,4.079,31.16,83.26,63.15,1.3185,37.4
서울,관악구,2019-09,115,10816.3,56.1,4.0,36.05,92.15,68.93,1.3369,39.1
서울,관악구,2019-10,140,10586.0,57.5,4.0,35.29,92.79,67.05,1.3838,38.0
서울,관악구,2019-11,112,9016.8,60.4,3.939,29.6,90.0,67.79,1.3276,32.9
서울,관악구,2019-12,162,9090.8,54.7,4.085,30.95,85.65,62.67,1.3666,36.1
서울,관악구,2020-01,155,7795.7,60.1,4.0,25.99,86.09,64.24,1.3401,30.2
서울,관악구,2020-02,160,11101.4,62.3,4.0,37.0,99.3,66.36,1.4965,37.3
서울,관악구,2020-03,116,9885.3,57.4,4.08,33.61,91.01,65.09,1.3982,36.9
서울,관악구,2020-04,222,5954.7,36.7,4.154,20.61,57.31,56.88,1.0076,36.0
서울,관악구,2020-05,150,10125.3,51.6,4.235,35.74,87.34,64.5,1.3541,40.9
서울,관악구,2020-06,111,9494.6,60.2,4.286,33.91,94.11,69.34,1.3572,36.0
서울,관악구,2020-07,227,7120.4,47.7,4.444,26.37,74.07,61.71,1.2003,35.6
서울,관악구,2020-08,131,12101.6,60.8,4.4,44.37,105.17,65.82,1.5979,42.2
서울,관악구,2020-09,148,9745.6,51.1,4.308,34.98,86.08,63.87,1.3478,40.6
서울,관악구,2020-10,156,13064.3,54.8,4.058,44.18,98.98,65.58,1.5093,44.6
서울,관악구,2020-11,166,12323.3,55.2,4.2,43.13,98.33,64.26,1.5302,43.9
서울,관악구,2020-12,179,10503.3,61.9,4.25,37.2,99.1,64.35,1.54,37.5
서울,관악구,2021-01,197,10734.1,59.2,4.114,36.8,96.0,61.53,1.5603,38.3
서울,관악구,2021-02,152,11324.1,60.6,4.21,39.73,100.33,62.35,1.6091,39.6
서울,관악구,2021-03,177,11909.9,59.4,4.167,41.35,100.75,63.89,1.577,41.0
서울,관악구,2021-04,134,10406.4,64.8,4.276,37.08,101.88,63.49,1.6047,36.4
서울,관악구,2021-05,174,12748.8,64.7,4.123,43.81,108.51,64.95,1.6706,40.4
서울,관악구,2021-06,161,11089.9,67.3,4.105,37.94,105.24,64.56,1.6301,36.1
서울,관악구,2021-07,203,11668.4,59.9,4.092,39.79,99.69,60.23,1.6551,39.9
서울,관악구,2021-08,167,9125.2,53.2,4.068,30.93,84.13,59.84,1.406,36.8
서울,관악구,2021-09,179,9151.0,53.3,4.114,31.37,84.67,54.97,1.5404,37.1
서울,관악구,2021-10,159,14236.3,70.3,4.112,48.79,119.09,62.91,1.893,41.0
서울,관악구,2021-11,167,15340.8,65.1,4.231,54.09,119.19,60.38,1.9739,45.4
서울,관악구,2021-12,211,12485.6,67.5,4.054,42.18,109.68,60.38,1.8166,38.5
서울,관악구,2022-01,202,10580.1,69.3,4.042,35.64,104.94,57.21,1.8342,34.0
서울,관악구,2022-02,170,12303.9,77.6,4.105,42.09,119.69,59.03,2.0277,35.2
서울,관악구,2022-03,167,13241.4,71.2,4.286,47.29,118.49,60.47,1.9595,39.9
서울,관악구,2022-04,196,13502.8,68.1,4.3,48.39,116.49,58.51,1.9909,41.5
서울,관악구,2022-05,220,11456.4,61.4,4.275,40.81,102.21,53.56,1.9084,39.9
서울,관악구,2022-06,466,12127.1,45.8,4.354,44.01,89.81,52.03,1.726,49.0
서울,관악구,2022-07,328,8647.5,48.9,4.4,31.71,80.61,51.46,1.5664,39.3
서울,관악구,2022-08,277,17180.2,65.8,4.449,63.69,129.49,59.82,2.1647,49.2
서울,관악구,2022-09,257,11552.9,66.6,4.559,43.9,110.5,56.89,1.9423,39.7
서울,관악구,2022-10,266,13364.4,66.5,4.683,52.15,118.65,59.51,1.9938,44.0
서울,관악구,2022-11,206,10401.0,75.6,4.714,40.86,116.46,56.86,2.0482,35.1
서울,관악구,2022-12,346,10278.1,66.3,4.8,41.11,107.41,51.84,2.072,38.3
서울,관악구,2023-01,285,9351.9,67.7,4.8,37.41,105.11,55.73,1.886,35.6
서울,관악구,2023-02,238,10170.2,71.6,4.801,40.69,112.29,60.01,1.8712,36.2
서울,관악구,2023-03,247,9430.3,71.1,4.908,38.57,109.67,63.16,1.7364,35.2
서울,관악구,2023-04,202,8924.7,74.2,5.042,37.5,111.7,59.76,1.8691,33.6
서울,관악구,2023-05,237,9688.0,70.7,4.978,40.19,110.89,59.39,1.8671,36.2
서울,관악구,2023-06,264,8532.2,63.0,4.897,34.82,97.82,58.15,1.6822,35.6
서울,관악구,2023-07,351,9689.2,68.4,4.923,39.75,108.15,56.25,1.9227,36.8
서울,관악구,2023-08,194,10075.8,69.0,4.8,40.3,109.3,61.99,1.7632,36.9
서울,관악구,2023-09,186,11119.2,67.8,4.798,44.46,112.26,58.6,1.9156,39.6
서울,관악구,2023-10,167,15437.2,72.7,4.8,61.75,134.45,66.23,2.03,45.9
서울,관악구,2023-11,179,9585.9,73.6,4.75,37.94,111.54,60.02,1.8585,34.0
서울,관악구,2023-12,262,9942.3,68.1,4.721,39.12,107.22,58.89,1.8206,36.5
서울,관악구,2024-01,240,11369.5,78.2,4.714,44.67,122.87,58.61,2.0963,36.4
서울,관악구,2024-02,190,8906.2,74.9,4.77,35.4,110.3,57.22,1.9276,32.1
서울,관악구,2024-03,197,9201.9,77.7,4.662,35.75,113.45,61.12,1.8562,31.5
서울,관악구,2024-04,196,9745.6,76.3,4.608,37.42,113.72,58.56,1.942,32.9
서울,관악구,2024-05,194,10399.0,72.2,4.6,39.86,112.06,59.96,1.869,35.6
서울,관악구,2024-06,188,11580.6,77.3,4.615,44.54,121.84,60.34,2.0192,36.6
서울,관악구,2024-07,237,10148.9,65.3,4.675,39.54,104.84,57.1,1.8361,37.7
서울,관악구,2024-08,195,11149.8,86.3,4.561,42.38,128.68,60.69,2.1202,32.9
서울,관악구,2024-09,233,10378.6,70.8,4.615,39.92,110.72,53.5,2.0695,36.1
서울,관악구,2024-10,419,11694.6,57.3,4.442,43.29,100.59,51.62,1.9486,43.0
서울,관악구,2024-11,241,10508.8,75.3,4.464,39.09,114.39,54.77,2.0886,34.2
서울,관악구,2024-12,277,9781.1,69.0,4.544,37.04,106.04,55.22,1.9203,34.9
서울,관악구,2025-01,184,11101.1,83.3,4.451,41.17,124.47,59.03,2.1086,33.1
서울,관악구,2025-02,233,11351.0,87.4,4.509,42.65,130.05,62.67,2.0751,32.8
서울,관악구,2025-03,198,11789.2,86.8,4.506,44.27,131.07,62.83,2.0861,33.8
서울,관악구,2025-04,208,10518.1,78.3,4.6,40.32,118.62,59.93,1.9793,34.0
서울,관악구,2025-05,212,9812.4,81.9,4.571,37.38,119.28,58.24,2.0481,31.3
서울,관악구,2025-06,199,12242.9,92.5,4.545,46.37,138.87,62.15,2.2345,33.4
서울,관악구,2025-07,170,12011.2,89.2,4.545,45.5,134.7,61.95,2.1743,33.8
서울,관악구,2025-08,181,9166.7,81.8,4.528,34.59,116.39,60.75,1.9159,29.7
서울,관악구,2025-09,157,10992.8,94.1,4.525,41.45,135.55,64.71,2.0947,30.6
서울,관악구,2025-10,154,13563.2,104.6,4.5,50.86,155.46,66.49,2.3381,32.7
서울,관악구,2025-11,159,12491.0,102.0,4.601,47.89,149.89,64.78,2.3139,32.0
서울,관악구,2025-12,219,10319.8,95.2,4.581,39.39,134.59,58.4,2.3047,29.3
서울,관악구,2026-01,249,10825.4,90.4,4.571,41.23,131.63,55.69,2.3637,31.3
서울,관악구,2026-02,223,9305.5,95.1,4.616,35.8,130.9,51.95,2.5197,27.3
서울,관악구,2026-03,196,11645.0,97.5,4.56,44.25,141.75,57.64,2.4592,31.2
서울,관악구,2026-04,167,13196.8,102.1,4.596,50.54,152.64,58.09,2.6277,33.1
서울,관악구,2026-05,165,14398.9,97.6,4.692,56.29,153.89,56.48,2.7248,36.6
서울,관악구,2026-06,255,11690.7,78.2,4.765,46.42,124.62,51.0,2.4435,37.2
서울,관악구,2026-07,226,10712.4,87.1,4.706,42.01,129.11,49.86,2.5894,32.5
서울,광진구,2011-01,50,10374.0,89.5,7.059,61.02,150.52,84.47,1.782,40.5
서울,광진구,2011-02,34,11220.6,111.7,7.059,66.0,177.7,84.42,2.105,37.1
서울,광진구,2011-03,43,12007.0,91.1,7.059,70.63,161.73,86.09,1.8786,43.7
서울,광진구,2011-04,26,11230.8,93.1,7.059,66.06,159.16,81.5,1.9529,41.5
서울,광진구,2011-05,32,10359.4,89.7,7.059,60.94,150.64,81.04,1.8588,40.5
서울,광진구,2011-06,38,11105.3,102.6,7.059,65.33,167.93,85.23,1.9703,38.9
서울,광진구,2011-07,31,12887.1,125.2,7.011,75.3,200.5,87.95,2.2797,37.6
서울,광진구,2011-08,26,14173.1,97.1,6.955,82.15,179.25,85.92,2.0862,45.8
서울,광진구,2011-09,29,13965.5,94.1,6.857,79.8,173.9,80.28,2.1662,45.9
서울,광진구,2011-10,33,10257.6,107.7,6.72,57.44,165.14,85.18,1.9387,34.8
서울,광진구,2011-11,35,13414.3,112.8,6.735,75.29,188.09,85.76,2.1932,40.0
서울,광진구,2011-12,35,13271.4,100.9,6.722,74.35,175.25,85.67,2.0456,42.4
서울,광진구,2012-01,48,10289.6,115.8,6.667,57.16,172.96,84.34,2.0508,33.0
서울,광진구,2012-02,42,12107.1,104.0,6.94,70.02,174.02,88.19,1.9733,40.2
서울,광진구,2012-03,50,12750.0,99.1,6.857,72.86,171.96,86.6,1.9856,42.4
서울,광진구,2012-04,37,12905.4,99.4,6.752,72.61,172.01,81.65,2.1067,42.2
서울,광진구,2012-05,33,12697.0,83.1,6.734,71.25,154.35,83.58,1.8467,46.2
서울,광진구,2012-06,34,9588.2,107.2,6.76,54.01,161.21,83.33,1.9346,33.5
서울,광진구,2012-07,24,13458.3,103.6,6.72,75.37,178.97,85.43,2.0949,42.1
서울,광진구,2012-08,32,9484.4,127.1,6.545,51.73,178.83,85.31,2.0963,28.9
서울,광진구,2012-09,37,13337.8,94.2,6.524,72.52,166.72,83.48,1.9971,43.5
서울,광진구,2012-10,40,13062.5,100.5,6.424,69.93,170.43,83.47,2.0418,41.0
서울,광진구,2012-11,37,13540.5,94.5,6.486,73.19,167.69,84.08,1.9944,43.6
서울,광진구,2012-12,46,12554.3,115.7,6.52,68.21,183.91,86.07,2.1368,37.1
서울,광진구,2013-01,68,10205.9,94.3,6.486,55.17,149.47,81.23,1.84,36.9
서울,광진구,2013-02,66,11075.8,90.8,6.337,58.49,149.29,81.08,1.8413,39.2
서울,광진구,2013-03,54,13037.0,96.8,6.289,68.32,165.12,83.49,1.9777,41.4
서울,광진구,2013-04,43,13302.3,73.6,6.259,69.38,142.98,81.5,1.7544,48.5
서울,광진구,2013-05,39,14256.4,100.6,6.118,72.68,173.28,85.8,2.0196,41.9
서울,광진구,2013-06,52,12278.8,89.7,6.0,61.39,151.09,82.34,1.835,40.6
서울,광진구,2013-07,40,14662.5,92.4,6.0,73.31,165.71,85.04,1.9486,44.2
서울,광진구,2013-08,63,18444.4,86.4,6.0,92.22,178.62,83.19,2.1472,51.6
서울,광진구,2013-09,50,17200.0,83.4,5.957,85.38,168.78,83.09,2.0313,50.6
서울,광진구,2013-10,56,17205.4,98.2,5.984,85.8,184.0,84.7,2.1724,46.6
서울,광진구,2013-11,63,16992.1,97.2,5.829,82.53,179.73,85.75,2.096,45.9
서울,광진구,2013-12,60,17866.7,90.2,5.759,85.74,175.94,86.16,2.042,48.7
서울,광진구,2014-01,67,16007.5,84.3,5.708,76.15,160.45,85.86,1.8687,47.5
서울,광진구,2014-02,77,20428.6,84.0,5.625,95.76,179.76,85.54,2.1015,53.3
서울,광진구,2014-03,79,19810.1,87.9,5.515,91.05,178.95,81.95,2.1836,50.9
서울,광진구,2014-04,64,21202.5,87.7,5.486,96.93,184.63,85.88,2.1498,52.5
서울,광진구,2014-05,40,21387.5,81.2,5.401,96.26,177.46,85.38,2.0785,54.2
서울,광진구,2014-06,39,18000.0,94.1,5.4,81.0,175.1,84.13,2.0813,46.3
서울,광진구,2014-07,43,19918.6,74.5,5.4,89.63,164.13,80.15,2.0478,54.6
서울,광진구,2014-08,45,16855.6,86.5,5.4,75.85,162.35,82.99,1.9563,46.7
서울,광진구,2014-09,48,17906.2,83.5,5.347,79.78,163.28,83.81,1.9482,48.9
서울,광진구,2014-10,63,18333.3,79.3,5.189,79.28,158.58,79.41,1.9969,50.0
서울,광진구,2014-11,93,11414.0,83.4,5.18,49.27,132.67,74.91,1.771,37.1
서울,광진구,2014-12,94,16531.9,75.9,5.305,73.09,148.99,80.32,1.8549,49.1
서울,광진구,2015-01,94,18303.2,76.8,5.217,79.58,156.38,81.47,1.9195,50.9
서울,광진구,2015-02,99,18932.3,82.5,5.121,80.8,163.3,82.89,1.97,49.5
서울,광진구,2015-03,99,18308.1,92.7,5.0,76.28,168.98,84.57,1.9982,45.1
서울,광진구,2015-04,89,18905.6,85.7,5.079,80.02,165.72,84.16,1.9691,48.3
서울,광진구,2015-05,68,22264.7,72.7,5.0,92.77,165.47,84.36,1.9615,56.1
서울,광진구,2015-06,79,20468.4,82.6,4.845,82.64,165.24,81.4,2.03,50.0
서울,광진구,2015-07,69,24094.2,70.1,4.8,96.38,166.48,80.68,2.0634,57.9
서울,광진구,2015-08,69,22343.5,86.8,4.8,89.37,176.17,81.12,2.1718,50.7
서울,광진구,2015-09,52,26019.2,73.5,4.713,102.19,175.69,84.31,2.0838,58.2
서울,광진구,2015-10,88,27085.2,76.6,4.675,105.53,182.13,85.11,2.1399,57.9
서울,광진구,2015-11,81,23833.3,75.3,4.677,92.9,168.2,82.8,2.0314,55.2
서울,광진구,2015-12,128,25520.3,74.6,4.797,102.01,176.61,81.81,2.1588,57.8
서울,광진구,2016-01,124,24004.0,79.8,4.645,92.92,172.72,80.43,2.1474,53.8
서울,광진구,2016-02,107,25280.4,74.9,4.615,97.23,172.13,80.95,2.1264,56.5
서울,광진구,2016-03,81,31222.2,67.7,4.478,116.51,184.21,85.59,2.1522,63.2
서울,광진구,2016-04,84,26759.5,67.6,4.394,97.99,165.59,82.03,2.0187,59.2
서울,광진구,2016-05,85,29447.1,71.2,4.32,106.01,177.21,85.76,2.0663,59.8
서울,광진구,2016-06,76,23375.0,84.1,4.364,85.0,169.1,84.34,2.005,50.3
서울,광진구,2016-07,61,25155.6,73.8,4.425,92.77,166.57,82.83,2.0109,55.7
서울,광진구,2016-08,66,25030.3,72.8,4.235,88.34,161.14,85.63,1.8818,54.8
서울,광진구,2016-09,65,24149.2,82.1,4.204,84.59,166.69,84.94,1.9625,50.7
서울,광진구,2016-10,91,25324.2,70.3,4.2,88.63,158.93,82.0,1.9382,55.8
서울,광진구,2016-11,86,29098.8,65.3,4.098,99.36,164.66,82.07,2.0064,60.3
서울,광진구,2016-12,81,27382.7,75.1,4.0,91.28,166.38,85.02,1.9569,54.9
서울,광진구,2017-01,65,24246.2,75.7,3.892,78.64,154.34,79.55,1.9401,51.0
서울,광진구,2017-02,93,22132.3,71.6,4.0,73.77,145.37,80.29,1.8106,50.7
서울,광진구,2017-03,83,24701.2,77.0,4.0,82.34,159.34,86.6,1.8399,51.7
서울,광진구,2017-04,69,24558.0,81.7,4.0,81.86,163.56,82.02,1.9941,50.0
서울,광진구,2017-05,71,21549.3,90.6,4.0,71.83,162.43,80.75,2.0115,44.2
서울,광진구,2017-06,69,22449.3,77.4,4.0,74.83,152.23,80.89,1.882,49.2
서울,광진구,2017-07,74,20793.2,83.6,4.0,69.31,152.91,82.41,1.8555,45.3
서울,광진구,2017-08,81,24070.4,83.0,3.979,79.81,162.81,81.91,1.9877,49.0
서울,광진구,2017-09,76,25980.3,82.9,3.92,84.87,167.77,79.63,2.1069,50.6
서울,광진구,2017-10,83,22588.3,83.1,3.882,73.08,156.18,80.61,1.9375,46.8
서울,광진구,2017-11,79,22544.3,85.3,3.92,73.65,158.95,80.41,1.9767,46.3
서울,광진구,2017-12,89,23595.5,80.5,4.0,78.65,159.15,79.41,2.0042,49.4
서울,광진구,2018-01,97,20664.9,86.7,4.003,68.94,155.64,78.47,1.9834,44.3
서울,광진구,2018-02,85,21862.4,94.2,4.0,72.87,167.07,81.45,2.0513,43.6
서울,광진구,2018-03,92,25784.8,88.7,3.901,83.82,172.52,84.65,2.0381,48.6
서울,광진구,2018-04,65,25592.3,78.6,3.835,81.8,160.4,86.1,1.8629,51.0
서울,광진구,2018-05,53,24452.8,76.5,3.826,77.97,154.47,77.68,1.9885,50.5
서울,광진구,2018-06,62,22379.0,85.4,3.836,71.54,156.94,81.84,1.9177,45.6
서울,광진구,2018-07,57,19394.7,98.4,3.789,61.25,159.65,80.15,1.9918,38.4
서울,광진구,2018-08,69,23347.8,94.2,3.751,72.98,167.18,79.89,2.0927,43.7
서울,광진구,2018-09,75,20999.9,92.2,3.714,65.0,157.2,79.74,1.9714,41.3
서울,광진구,2018-10,70,21135.7,89.4,3.721,65.54,154.94,79.47,1.9496,42.3
서울,광진구,2018-11,82,18496.9,99.9,3.734,57.55,157.45,78.1,2.016,36.6
서울,광진구,2018-12,89,20030.3,79.4,3.751,62.61,142.01,76.78,1.8496,44.1
서울,광진구,2019-01,98,16648.0,92.1,3.789,52.57,144.67,78.17,1.8507,36.3
서울,광진구,2019-02,65,21443.1,76.3,3.829,68.42,144.72,79.48,1.8209,47.3
서울,광진구,2019-03,69,20771.0,81.6,3.849,66.62,148.22,79.96,1.8536,44.9
서울,광진구,2019-04,55,17600.0,80.5,3.882,56.94,137.44,81.08,1.6951,41.4
서울,광진구,2019-05,48,20927.1,83.5,3.84,66.97,150.47,77.86,1.9325,44.5
서울,광진구,2019-06,44,18454.5,80.8,3.84,59.05,139.85,77.75,1.7988,42.2
서울,광진구,2019-07,47,18680.9,87.0,3.84,59.78,146.78,77.36,1.8973,40.7
서울,광진구,2019-08,51,18329.4,97.2,3.838,58.62,155.82,80.63,1.9325,37.6
서울,광진구,2019-09,54,20490.7,88.8,3.789,64.71,153.51,77.58,1.9787,42.2
서울,광진구,2019-10,53,20637.7,87.3,3.789,65.17,152.47,81.03,1.8817,42.7
서울,광진구,2019-11,71,19845.1,104.1,3.738,61.82,165.92,80.75,2.0548,37.3
서울,광진구,2019-12,94,21773.3,86.8,3.691,66.98,153.78,76.99,1.9973,43.6
서울,광진구,2020-01,90,17408.1,82.6,3.818,55.39,137.99,72.98,1.8908,40.1
서울,광진구,2020-02,106,23631.1,94.8,3.766,74.16,168.96,82.76,2.0416,43.9
서울,광진구,2020-03,59,21733.2,83.7,3.784,68.53,152.23,79.01,1.9267,45.0
서울,광진구,2020-04,65,19732.7,88.7,3.75,61.66,150.36,80.58,1.866,41.0
서울,광진구,2020-05,54,21992.5,79.2,3.84,70.38,149.58,76.27,1.9611,47.1
서울,광진구,2020-06,70,21589.3,84.9,3.902,70.21,155.11,77.59,1.9991,45.3
서울,광진구,2020-07,89,25127.3,81.4,3.789,79.35,160.75,79.96,2.0104,49.4
서울,광진구,2020-08,81,24162.3,99.3,3.822,76.97,176.27,77.58,2.2721,43.7
서울,광진구,2020-09,67,29695.6,86.2,3.778,93.49,179.69,80.01,2.2458,52.0
서울,광진구,2020-10,70,27498.6,84.7,3.703,84.86,169.56,79.39,2.1358,50.0
서울,광진구,2020-11,83,28050.6,86.9,3.75,87.66,174.56,76.41,2.2845,50.2
서울,광진구,2020-12,99,26103.0,95.2,3.725,81.02,176.22,76.32,2.309,46.0
서울,광진구,2021-01,85,22484.4,93.4,3.775,70.72,164.12,74.7,2.1971,43.1
서울,광진구,2021-02,96,24028.4,87.1,3.863,77.35,164.45,76.5,2.1496,47.0
서울,광진구,2021-03,70,26475.0,101.5,4.135,91.24,192.74,77.96,2.4723,47.3
서울,광진구,2021-04,60,24844.5,106.0,4.13,85.52,191.52,75.82,2.5259,44.7
서울,광진구,2021-05,78,28903.8,105.3,4.2,101.16,206.46,78.43,2.6325,49.0
서울,광진구,2021-06,85,24343.5,118.6,4.321,87.66,206.26,76.21,2.7065,42.5
서울,광진구,2021-07,105,27695.2,112.4,4.145,95.67,208.07,74.12,2.8073,46.0
서울,광진구,2021-08,95,27200.0,103.1,4.071,92.27,195.37,72.02,2.7127,47.2
서울,광진구,2021-09,84,26372.6,136.2,4.0,87.91,224.11,72.52,3.0903,39.2
서울,광진구,2021-10,101,28232.7,122.4,4.0,94.11,216.51,71.06,3.0468,43.5
서울,광진구,2021-11,98,28154.1,124.5,4.016,94.23,218.73,75.42,2.9002,43.1
서울,광진구,2021-12,127,25949.1,109.7,4.102,88.71,198.41,70.41,2.818,44.7
서울,광진구,2022-01,141,24006.7,111.2,4.054,81.1,192.3,70.55,2.7258,42.2
서울,광진구,2022-02,89,29846.9,115.6,4.273,106.28,221.88,77.63,2.8582,47.9
서울,광진구,2022-03,106,25613.2,118.8,4.35,92.84,211.64,74.85,2.8275,43.9
서울,광진구,2022-04,114,28684.2,124.1,4.341,103.76,227.86,76.97,2.9604,45.5
서울,광진구,2022-05,94,31315.7,113.1,4.339,113.23,226.33,74.16,3.0519,50.0
서울,광진구,2022-06,108,27393.7,128.7,4.364,99.61,228.31,71.74,3.1825,43.6
서울,광진구,2022-07,73,24385.6,135.8,4.321,87.81,223.61,73.79,3.0304,39.3
서울,광진구,2022-08,144,20942.8,93.0,4.235,73.92,166.92,64.37,2.5931,44.3
서울,광진구,2022-09,137,24886.5,110.3,4.22,87.51,197.81,72.71,2.7206,44.2
서울,광진구,2022-10,147,24995.9,127.7,4.436,92.41,220.11,72.26,3.0461,42.0
서울,광진구,2022-11,119,18943.7,122.2,4.344,68.57,190.77,71.5,2.6681,35.9
서울,광진구,2022-12,155,21841.3,111.4,4.415,80.35,191.75,67.35,2.8471,41.9
서울,광진구,2023-01,175,16663.7,87.9,4.528,62.88,150.78,63.55,2.3726,41.7
서울,광진구,2023-02,130,19439.3,122.2,4.755,77.03,199.23,73.27,2.7192,38.7
서울,광진구,2023-03,205,15770.6,103.1,4.8,63.08,166.18,65.25,2.5469,38.0
서울,광진구,2023-04,125,20711.8,126.1,4.806,82.95,209.05,72.67,2.8767,39.7
서울,광진구,2023-05,104,19880.8,133.1,4.889,81.0,214.1,74.42,2.8769,37.8
서울,광진구,2023-06,190,24538.3,102.7,4.812,98.41,201.11,75.75,2.6549,48.9
서울,광진구,2023-07,163,22705.7,130.7,4.8,90.82,221.52,73.64,3.0082,41.0
서울,광진구,2023-08,124,24732.3,153.6,4.792,98.77,252.37,77.28,3.2656,39.1
서울,광진구,2023-09,103,23595.0,138.7,4.744,93.28,231.98,73.14,3.1718,40.2
서울,광진구,2023-10,141,24890.1,135.5,4.626,95.95,231.45,73.2,3.1619,41.5
서울,광진구,2023-11,114,24883.8,133.2,4.701,97.48,230.68,76.26,3.025,42.3
서울,광진구,2023-12,132,23345.2,118.1,4.706,91.55,209.65,71.86,2.9175,43.7
서울,광진구,2024-01,105,24555.2,144.1,4.696,96.09,240.19,75.59,3.1775,40.0
서울,광진구,2024-02,96,19762.5,144.3,4.755,78.3,222.6,73.12,3.0444,35.2
서울,광진구,2024-03,108,23714.6,126.6,4.8,94.86,221.46,75.91,2.9174,42.8
서울,광진구,2024-04,89,22787.6,126.7,4.8,91.15,217.85,73.46,2.9656,41.8
서울,광진구,2024-05,89,18773.2,144.9,4.762,74.5,219.4,71.93,3.0501,34.0
서울,광진구,2024-06,100,21129.5,137.8,4.8,84.52,222.32,72.12,3.0826,38.0
서울,광진구,2024-07,85,23957.6,141.6,4.83,96.43,238.03,73.4,3.2429,40.5
서울,광진구,2024-08,85,19592.4,142.7,4.8,78.37,221.07,74.22,2.9786,35.5
서울,광진구,2024-09,104,20794.4,160.5,4.673,80.98,241.48,72.7,3.3216,33.5
서울,광진구,2024-10,98,23729.6,129.6,4.541,89.8,219.4,75.64,2.9005,40.9
서울,광진구,2024-11,112,26509.8,145.3,4.581,101.2,246.5,74.11,3.3261,41.1
서울,광진구,2024-12,199,13332.3,73.2,4.091,45.45,118.65,57.32,2.07,38.3
서울,광진구,2025-01,182,16726.8,103.3,3.968,55.31,158.61,60.73,2.6117,34.9
서울,광진구,2025-02,159,17897.2,99.1,3.877,57.83,156.93,64.04,2.4505,36.9
서울,광진구,2025-03,181,19533.4,116.3,3.685,59.98,176.28,72.36,2.4361,34.0
서울,광진구,2025-04,171,16064.6,103.8,3.47,46.45,150.25,68.99,2.1779,30.9
서울,광진구,2025-05,111,24151.1,145.8,3.63,73.05,218.85,74.54,2.936,33.4
서울,광진구,2025-06,96,24769.1,169.0,4.266,88.05,257.05,82.16,3.1286,34.3
서울,광진구,2025-07,111,26299.8,173.7,4.286,93.93,267.63,75.16,3.5608,35.1
서울,광진구,2025-08,83,25249.4,158.3,4.43,93.21,251.51,75.79,3.3185,37.1
서울,광진구,2025-09,233,18617.9,87.2,4.667,72.4,159.6,66.91,2.3853,45.4
서울,광진구,2025-10,116,24804.3,134.1,4.8,99.22,233.32,77.75,3.0009,42.5
서울,광진구,2025-11,227,20081.3,110.3,4.794,80.22,190.52,64.42,2.9574,42.1
서울,광진구,2025-12,152,19615.7,131.1,4.8,78.46,209.56,67.55,3.1023,37.4
서울,광진구,2026-01,155,21631.7,136.8,4.877,87.92,224.72,64.57,3.4802,39.1
서울,광진구,2026-02,225,17869.9,144.5,4.925,73.33,217.83,59.35,3.6703,33.7
서울,광진구,2026-03,244,18747.9,126.2,4.808,75.12,201.32,59.31,3.3944,37.3
서울,광진구,2026-04,138,21499.3,144.8,4.92,88.15,232.95,64.73,3.5988,37.8
서울,광진구,2026-05,102,28496.1,177.2,5.115,121.46,298.66,72.06,4.1446,40.7
서울,광진구,2026-06,102,26564.1,156.4,5.026,111.25,267.65,72.26,3.704,41.6
서울,광진구,2026-07,106,23500.4,189.8,5.004,98.0,287.8,66.28,4.3422,34.1
서울,구로구,2011-01,90,5302.2,62.0,7.089,31.32,93.32,71.57,1.3039,33.6
서울,구로구,2011-02,77,6938.2,52.9,7.089,40.99,93.89,71.83,1.3071,43.7
서울,구로구,2011-03,159,5815.5,51.3,7.089,34.35,85.65,69.4,1.2342,40.1
서울,구로구,2011-04,84,6027.2,56.5,7.089,35.61,92.11,71.18,1.294,38.7
서울,구로구,2011-05,121,5937.2,47.7,7.089,35.07,82.77,69.47,1.1915,42.4
서울,구로구,2011-06,91,6290.3,50.9,7.089,37.16,88.06,72.57,1.2134,42.2
서울,구로구,2011-07,83,5756.0,50.1,7.109,34.1,84.2,72.64,1.1592,40.5
서울,구로구,2011-08,80,6892.9,64.5,7.109,40.84,105.34,74.19,1.4198,38.8
서울,구로구,2011-09,194,5500.2,45.7,7.185,32.93,78.63,71.02,1.1072,41.9
서울,구로구,2011-10,122,5679.8,55.5,7.147,33.83,89.33,71.62,1.2473,37.9
서울,구로구,2011-11,88,5644.6,52.0,7.147,33.62,85.62,72.15,1.1867,39.3
서울,구로구,2011-12,56,7253.8,63.9,7.147,43.2,107.1,73.73,1.4526,40.3
서울,구로구,2012-01,86,6223.0,60.7,7.147,37.06,97.76,71.93,1.3592,37.9
서울,구로구,2012-02,101,6293.3,64.1,7.147,37.48,101.58,73.11,1.3895,36.9
서울,구로구,2012-03,99,6807.3,57.3,7.034,39.9,97.2,72.97,1.3321,41.1
서울,구로구,2012-04,69,6739.1,60.2,6.857,38.51,98.71,70.95,1.3912,39.0
서울,구로구,2012-05,78,5783.3,61.7,6.857,33.05,94.75,69.77,1.358,34.9
서울,구로구,2012-06,76,5951.0,59.5,6.786,33.65,93.15,71.28,1.3069,36.1
서울,구로구,2012-07,66,6391.7,61.6,6.701,35.69,97.29,71.33,1.364,36.7
서울,구로구,2012-08,84,5972.4,67.6,6.701,33.35,100.95,69.51,1.4523,33.0
서울,구로구,2012-09,104,5450.6,57.4,6.667,30.28,87.68,66.24,1.3237,34.5
서울,구로구,2012-10,89,6767.1,58.1,6.6,37.22,95.32,70.38,1.3543,39.0
서울,구로구,2012-11,71,6106.9,58.2,6.442,32.78,90.98,72.18,1.2605,36.0
서울,구로구,2012-12,67,6243.3,58.3,6.431,33.46,91.76,73.79,1.2435,36.5
서울,구로구,2013-01,95,6925.3,59.2,6.462,37.29,96.49,72.53,1.3303,38.6
서울,구로구,2013-02,79,7470.2,66.1,6.556,40.81,106.91,73.31,1.4583,38.2
서울,구로구,2013-03,116,8046.1,58.6,6.644,44.55,103.15,72.41,1.4245,43.2
서울,구로구,2013-04,104,8221.2,61.2,6.667,45.67,106.87,73.91,1.446,42.7
서울,구로구,2013-05,85,7040.8,56.1,6.6,38.72,94.82,70.43,1.3464,40.8
서울,구로구,2013-06,91,7190.1,56.7,6.499,38.94,95.64,71.95,1.3293,40.7
서울,구로구,2013-07,119,8075.7,62.4,6.462,43.48,105.88,72.26,1.4653,41.1
서울,구로구,2013-08,126,7029.3,54.9,6.069,35.55,90.45,70.54,1.2823,39.3
서울,구로구,2013-09,136,8679.2,59.5,6.0,43.4,102.9,74.86,1.3745,42.2
서울,구로구,2013-10,139,8577.9,57.1,6.0,42.89,99.99,72.0,1.3887,42.9
서울,구로구,2013-11,125,8382.1,52.3,6.0,41.91,94.21,71.07,1.3256,44.5
서울,구로구,2013-12,138,8274.7,47.9,6.0,41.37,89.27,72.19,1.2366,46.3
서울,구로구,2014-01,137,8078.0,51.9,5.991,40.33,92.23,71.24,1.2946,43.7
서울,구로구,2014-02,172,8262.0,59.1,5.911,40.7,99.8,72.5,1.3765,40.8
서울,구로구,2014-03,119,8762.6,56.4,5.975,43.63,100.03,70.46,1.4196,43.6
서울,구로구,2014-04,109,7280.3,54.2,5.785,35.1,89.3,71.3,1.2525,39.3
서울,구로구,2014-05,106,6862.5,54.8,5.793,33.13,87.93,70.68,1.244,37.7
서울,구로구,2014-06,84,7642.9,57.0,5.829,37.12,94.12,70.8,1.3294,39.4
서울,구로구,2014-07,134,7825.0,54.6,5.75,37.49,92.09,71.04,1.2963,40.7
서울,구로구,2014-08,105,7151.9,59.1,5.852,34.88,93.98,70.34,1.3361,37.1
서울,구로구,2014-09,115,8255.8,59.0,5.695,39.18,98.18,71.35,1.3761,39.9
서울,구로구,2014-10,112,7996.3,58.0,5.645,37.61,95.61,69.59,1.374,39.3
서울,구로구,2014-11,100,8124.8,54.2,5.597,37.9,92.1,70.94,1.2982,41.1
서울,구로구,2014-12,97,10804.1,55.6,5.481,49.35,104.95,72.41,1.4494,47.0
서울,구로구,2015-01,151,9774.8,58.8,5.5,44.8,103.6,69.01,1.5012,43.2
서울,구로구,2015-02,140,11452.1,53.1,5.348,51.04,104.14,71.45,1.4576,49.0
서울,구로구,2015-03,201,11781.6,56.9,5.348,52.51,109.41,71.44,1.5315,48.0
서울,구로구,2015-04,157,10522.1,57.4,5.348,46.9,104.3,69.61,1.4983,45.0
서울,구로구,2015-05,128,11909.0,53.9,5.348,53.08,106.98,71.33,1.4998,49.6
서울,구로구,2015-06,137,11658.4,53.5,5.346,51.94,105.44,71.39,1.477,49.3
서울,구로구,2015-07,151,11029.3,59.3,5.271,48.44,107.74,69.98,1.5396,45.0
서울,구로구,2015-08,176,9786.2,57.1,5.106,41.64,98.74,68.55,1.4405,42.2
서울,구로구,2015-09,136,12256.3,50.0,5.037,51.44,101.44,68.94,1.4715,50.7
서울,구로구,2015-10,167,10809.6,56.4,4.909,44.22,100.62,68.83,1.4619,43.9
서울,구로구,2015-11,118,12410.6,53.7,4.8,49.64,103.34,68.4,1.5109,48.0
서울,구로구,2015-12,200,12332.6,49.0,4.71,48.41,97.41,70.18,1.3879,49.7
서울,구로구,2016-01,203,11645.8,52.7,4.556,44.22,96.92,67.55,1.4347,45.6
서울,구로구,2016-02,189,12821.2,50.1,4.615,49.31,99.41,68.87,1.4435,49.6
서울,구로구,2016-03,180,12508.8,52.6,4.555,47.48,100.08,70.28,1.424,47.4
서울,구로구,2016-04,192,10405.6,51.9,4.5,39.02,90.92,68.33,1.3306,42.9
서울,구로구,2016-05,170,12075.7,50.0,4.518,45.46,95.46,67.54,1.4134,47.6
서울,구로구,2016-06,165,12011.4,53.7,4.525,45.29,98.99,66.7,1.4841,45.8
서울,구로구,2016-07,125,11330.9,53.3,4.501,42.5,95.8,68.78,1.3929,44.4
서울,구로구,2016-08,167,12110.2,53.1,4.333,43.73,96.83,67.42,1.4362,45.2
서울,구로구,2016-09,167,11044.0,54.4,4.364,40.16,94.56,68.27,1.3851,42.5
서울,구로구,2016-10,179,11901.3,48.3,4.364,43.28,91.58,68.34,1.34,47.3
서울,구로구,2016-11,149,14006.4,50.0,4.364,50.93,100.93,69.68,1.4485,50.5
서울,구로구,2016-12,166,11325.3,54.4,4.394,41.47,95.87,69.02,1.3891,43.3
서울,구로구,2017-01,154,11747.7,58.0,4.364,42.72,100.72,66.42,1.5164,42.4
서울,구로구,2017-02,236,11203.4,55.6,4.3,40.15,95.75,65.69,1.4576,41.9
서울,구로구,2017-03,245,10498.8,51.5,4.2,36.75,88.25,67.55,1.3064,41.6
서울,구로구,2017-04,152,10932.8,51.3,4.138,37.7,89.0,67.35,1.3214,42.4
서울,구로구,2017-05,127,9942.1,54.2,4.2,34.8,89.0,69.23,1.2855,39.1
서울,구로구,2017-06,140,10881.0,49.7,4.23,38.36,88.06,66.75,1.3192,43.6
서울,구로구,2017-07,161,9058.3,61.1,4.205,31.74,92.84,64.57,1.4379,34.2
서울,구로구,2017-08,160,9880.2,58.3,4.286,35.29,93.59,66.81,1.4008,37.7
서울,구로구,2017-09,140,10304.9,51.9,4.22,36.24,88.14,67.91,1.2979,41.1
서울,구로구,2017-10,130,9877.8,51.4,4.256,35.03,86.43,65.98,1.31,40.5
서울,구로구,2017-11,134,10027.3,51.9,4.238,35.41,87.31,65.56,1.3318,40.6
서울,구로구,2017-12,176,9271.8,48.2,4.267,32.97,81.17,66.62,1.2184,40.6
서울,구로구,2018-01,198,12744.9,49.9,4.235,44.98,94.88,65.97,1.4383,47.4
서울,구로구,2018-02,240,14451.9,49.1,4.227,50.9,100.0,63.24,1.5813,50.9
서울,구로구,2018-03,266,9207.5,49.7,4.286,32.88,82.58,63.19,1.3069,39.8
서울,구로구,2018-04,172,9223.5,56.2,4.286,32.94,89.14,65.65,1.3578,37.0
서울,구로구,2018-05,156,9544.9,56.6,4.262,33.9,90.5,65.77,1.376,37.5
서울,구로구,2018-06,144,9360.1,56.9,4.19,32.68,89.58,65.55,1.3667,36.5
서울,구로구,2018-07,140,10117.8,57.0,4.174,35.19,92.19,67.18,1.3723,38.2
서울,구로구,2018-08,146,8905.3,55.0,4.102,30.44,85.44,64.95,1.3155,35.6
서울,구로구,2018-09,136,10540.9,56.6,4.091,35.93,92.53,68.91,1.3428,38.8
서울,구로구,2018-10,172,11100.6,54.1,4.085,37.79,91.89,67.08,1.3698,41.1
서울,구로구,2018-11,129,11950.9,53.9,4.029,40.13,94.03,65.85,1.4279,42.7
서울,구로구,2018-12,134,11524.2,56.5,4.0,38.41,94.91,64.6,1.4693,40.5
서울,구로구,2019-01,160,10102.4,59.5,4.0,33.68,93.18,65.9,1.4139,36.1
서울,구로구,2019-02,178,9815.6,55.2,4.0,32.72,87.92,66.43,1.3235,37.2
서울,구로구,2019-03,181,7822.4,57.7,4.0,26.07,83.77,65.14,1.2861,31.1
서울,구로구,2019-04,212,15394.2,54.1,4.085,52.41,106.51,63.16,1.6863,49.2
서울,구로구,2019-05,143,7800.4,55.1,4.088,26.57,81.67,64.14,1.2734,32.5
서울,구로구,2019-06,125,9524.9,49.5,4.138,32.84,82.34,65.42,1.2587,39.9
서울,구로구,2019-07,119,9633.3,60.4,4.105,32.96,93.36,65.94,1.4158,35.3
서울,구로구,2019-08,142,7991.1,53.4,4.133,27.52,80.92,64.54,1.2538,34.0
서울,구로구,2019-09,134,9357.8,58.6,4.154,32.39,90.99,66.5,1.3683,35.6
서울,구로구,2019-10,144,8522.9,47.9,4.114,29.22,77.12,66.13,1.1662,37.9
서울,구로구,2019-11,199,9268.6,51.5,4.091,31.6,83.1,67.36,1.2336,38.0
서울,구로구,2019-12,205,8695.6,47.5,4.313,31.25,78.75,66.47,1.1848,39.7
서울,구로구,2020-01,189,11061.4,56.5,4.2,38.71,95.21,66.63,1.429,40.7
서울,구로구,2020-02,248,15029.8,53.1,4.211,52.74,105.84,65.45,1.6171,49.8
서울,구로구,2020-03,210,9212.7,46.7,4.183,32.11,78.81,63.26,1.2459,40.7
서울,구로구,2020-04,344,8725.2,39.4,4.174,30.35,69.75,59.13,1.1796,43.5
서울,구로구,2020-05,171,10101.8,47.2,4.216,35.49,82.69,64.91,1.274,42.9
서울,구로구,2020-06,160,9861.9,56.9,4.114,33.81,90.71,68.98,1.3151,37.3
서울,구로구,2020-07,197,10073.9,58.0,4.004,33.61,91.61,66.06,1.3868,36.7
서울,구로구,2020-08,191,10618.6,59.3,4.0,35.4,94.7,66.34,1.4274,37.4
서울,구로구,2020-09,147,10854.6,55.8,4.0,36.18,91.98,66.36,1.3861,39.3
서울,구로구,2020-10,152,12894.0,54.8,3.999,42.97,97.77,64.61,1.5132,43.9
서울,구로구,2020-11,365,7567.7,31.3,3.901,24.6,55.9,53.66,1.0418,44.0
서울,구로구,2020-12,791,17729.2,55.1,3.995,59.03,114.13,67.03,1.7027,51.7
서울,구로구,2021-01,804,16796.9,50.9,4.068,56.94,107.84,63.36,1.702,52.8
서울,구로구,2021-02,285,13862.4,47.3,4.098,47.34,94.64,62.33,1.5184,50.0
서울,구로구,2021-03,250,9944.8,47.2,4.092,33.91,81.11,60.37,1.3436,41.8
서울,구로구,2021-04,184,11446.0,47.7,4.068,38.8,86.5,63.35,1.3654,44.9
서울,구로구,2021-05,176,10502.2,54.0,4.061,35.54,89.54,65.93,1.3581,39.7
서울,구로구,2021-06,180,13883.7,61.0,3.932,45.49,106.49,65.32,1.6303,42.7
서울,구로구,2021-07,229,10891.4,53.8,3.827,34.74,88.54,62.32,1.4207,39.2
서울,구로구,2021-08,672,7908.3,34.3,4.0,26.36,60.66,58.36,1.0394,43.5
서울,구로구,2021-09,370,9297.9,35.5,4.119,31.92,67.42,65.46,1.0299,47.3
서울,구로구,2021-10,565,8601.5,34.1,4.17,29.89,63.99,58.95,1.0855,46.7
서울,구로구,2021-11,211,10393.0,54.3,4.054,35.11,89.41,61.21,1.4607,39.3
서울,구로구,2021-12,655,7639.9,31.0,4.158,26.48,57.48,52.1,1.1032,46.1
서울,구로구,2022-01,247,12825.4,53.0,4.215,45.05,98.05,61.24,1.601,45.9
서울,구로구,2022-02,444,11246.6,39.3,4.174,39.12,78.42,53.78,1.4581,49.9
서울,구로구,2022-03,275,11225.7,46.7,4.174,39.05,85.75,61.56,1.3929,45.5
서울,구로구,2022-04,302,10566.9,52.6,4.188,36.88,89.48,62.6,1.4293,41.2
서울,구로구,2022-05,341,15869.6,50.9,4.39,58.06,108.96,65.46,1.6645,53.3
서울,구로구,2022-06,826,15447.3,46.1,4.426,56.97,103.07,62.45,1.6504,55.3
서울,구로구,2022-07,515,14446.8,40.9,4.254,51.22,92.12,60.54,1.5216,55.6
서울,구로구,2022-08,227,13154.0,61.9,4.265,46.75,108.65,63.03,1.7237,43.0
서울,구로구,2022-09,316,10834.7,52.5,4.428,39.98,92.48,59.2,1.5622,43.2
서울,구로구,2022-10,228,11134.6,68.7,4.32,40.08,108.78,61.34,1.7735,36.8
서울,구로구,2022-11,396,9484.9,42.7,4.364,34.49,77.19,57.58,1.3406,44.7
서울,구로구,2022-12,462,8713.6,46.4,4.397,31.92,78.32,58.3,1.3435,40.8
서울,구로구,2023-01,423,12428.9,48.7,4.496,46.56,95.26,60.45,1.5759,48.9
서울,구로구,2023-02,631,10821.5,41.7,4.597,41.45,83.15,57.1,1.4563,49.9
서울,구로구,2023-03,443,11417.9,54.6,4.634,44.1,98.7,61.48,1.6053,44.7
서울,구로구,2023-04,822,8055.2,31.2,4.901,32.9,64.1,55.96,1.1454,51.3
서울,구로구,2023-05,329,9682.5,53.0,4.8,38.73,91.73,60.48,1.5167,42.2
서울,구로구,2023-06,309,9504.1,49.6,4.8,38.02,87.62,60.61,1.4456,43.4
서울,구로구,2023-07,278,8571.2,51.4,4.768,34.05,85.45,58.97,1.4491,39.9
서울,구로구,2023-08,400,9227.0,42.8,4.667,35.88,78.68,61.36,1.2823,45.6
서울,구로구,2023-09,298,9406.8,49.9,4.545,35.63,85.53,66.52,1.2858,41.7
서울,구로구,2023-10,372,9654.9,51.7,4.3,34.6,86.3,63.58,1.3573,40.1
서울,구로구,2023-11,237,10548.8,73.4,4.27,37.53,110.93,65.72,1.688,33.8
서울,구로구,2023-12,305,10587.6,56.2,4.303,37.96,94.16,67.05,1.4044,40.3
서울,구로구,2024-01,339,9855.6,51.5,4.236,34.79,86.29,62.08,1.39,40.3
서울,구로구,2024-02,324,11687.4,53.8,4.265,41.53,95.33,59.19,1.6106,43.6
서울,구로구,2024-03,340,11176.3,49.5,4.452,41.46,90.96,61.19,1.4865,45.6
서울,구로구,2024-04,263,10431.9,55.3,4.529,39.37,94.67,62.59,1.5125,41.6
서울,구로구,2024-05,351,9712.7,49.1,4.529,36.66,85.76,57.86,1.4821,42.7
서울,구로구,2024-06,242,9559.9,64.2,4.56,36.33,100.53,60.47,1.6624,36.1
서울,구로구,2024-07,286,11266.9,62.0,4.597,43.16,105.16,58.99,1.7826,41.0
서울,구로구,2024-08,330,10425.0,58.5,4.504,39.13,97.63,58.87,1.6584,40.1
서울,구로구,2024-09,280,8786.2,48.1,4.476,32.78,80.88,54.02,1.4971,40.5
서울,구로구,2024-10,284,11688.0,59.3,4.486,43.69,102.99,58.01,1.7754,42.4
서울,구로구,2024-11,297,9372.0,58.6,4.444,34.71,93.31,57.32,1.6279,37.2
서울,구로구,2024-12,374,9354.3,49.1,4.5,35.08,84.18,54.48,1.5451,41.7
서울,구로구,2025-01,355,9705.8,48.5,4.523,36.58,85.08,55.11,1.5438,43.0
서울,구로구,2025-02,440,9793.8,52.9,4.8,39.18,92.08,57.51,1.601,42.5
서울,구로구,2025-03,372,9697.0,60.8,4.8,38.79,99.59,59.23,1.6814,38.9
서울,구로구,2025-04,535,8889.7,44.5,4.741,35.12,79.62,58.77,1.3548,44.1
서울,구로구,2025-05,344,8810.3,53.3,4.74,34.8,88.1,56.79,1.5514,39.5
서울,구로구,2025-06,289,9286.5,68.0,4.685,36.26,104.26,59.67,1.7472,34.8
서울,구로구,2025-07,276,10182.1,59.7,4.667,39.6,99.3,58.98,1.6836,39.9
서울,구로구,2025-08,267,9124.7,61.3,4.5,34.22,95.52,61.26,1.5592,35.8
서울,구로구,2025-09,325,9646.2,50.8,4.387,35.26,86.06,65.32,1.3175,41.0
서울,구로구,2025-10,430,9574.5,52.3,4.395,35.06,87.36,57.0,1.5327,40.1
서울,구로구,2025-11,302,10796.9,80.7,4.394,39.54,120.24,59.87,2.0083,32.9
서울,구로구,2025-12,405,8855.2,58.1,4.462,32.92,91.02,55.63,1.6362,36.2
서울,구로구,2026-01,255,12009.3,82.4,4.418,44.21,126.61,62.29,2.0326,34.9
서울,구로구,2026-02,244,12354.9,85.9,4.343,44.71,130.61,63.49,2.0572,34.2
서울,구로구,2026-03,356,10174.1,73.4,4.405,37.35,110.75,62.08,1.7839,33.7
서울,구로구,2026-04,284,9180.6,70.8,4.471,34.2,105.0,60.07,1.748,32.6
서울,구로구,2026-05,184,13075.1,77.6,4.557,49.65,127.25,62.82,2.0257,39.0
서울,구로구,2026-06,270,12409.5,65.8,4.478,46.31,112.11,56.49,1.9846,41.3
서울,구로구,2026-07,223,11360.6,73.4,4.615,43.69,117.09,59.42,1.9706,37.3
서울,금천구,2011-01,9,3279.9,42.3,7.689,21.02,63.32,74.38,0.8513,33.2
서울,금천구,2011-02,36,4549.8,47.4,7.689,29.15,76.55,70.04,1.093,38.1
서울,금천구,2011-03,27,5087.6,47.6,7.689,32.6,80.2,74.04,1.0832,40.6
서울,금천구,2011-04,25,5339.5,54.4,7.689,34.21,88.61,71.77,1.2347,38.6
서울,금천구,2011-05,17,5411.8,57.8,7.689,34.68,92.48,73.55,1.2573,37.5
서울,금천구,2011-06,19,3268.4,50.0,7.689,20.94,70.94,74.67,0.9501,29.5
서울,금천구,2011-07,17,4870.6,57.4,7.533,30.58,87.98,72.6,1.2118,34.8
서울,금천구,2011-08,20,4050.0,48.2,7.5,25.31,73.51,69.49,1.0579,34.4
서울,금천구,2011-09,28,5071.4,49.3,7.647,32.32,81.62,72.13,1.1315,39.6
서울,금천구,2011-10,30,5210.0,52.8,7.642,33.18,85.98,70.67,1.2166,38.6
서울,금천구,2011-11,17,6470.6,46.5,7.5,40.44,86.94,68.99,1.2602,46.5
서울,금천구,2011-12,25,5640.0,59.3,7.68,36.1,95.4,75.35,1.266,37.8
서울,금천구,2012-01,31,5345.2,60.0,7.512,33.46,93.46,76.84,1.2163,35.8
서울,금천구,2012-02,30,5500.0,60.4,7.284,33.39,93.79,77.06,1.2171,35.6
서울,금천구,2012-03,28,6071.4,59.3,7.2,36.43,95.73,72.08,1.3281,38.1
서울,금천구,2012-04,22,6181.8,59.4,7.2,37.09,96.49,75.03,1.286,38.4
서울,금천구,2012-05,25,4768.0,61.7,7.091,28.17,89.87,73.19,1.228,31.3
서울,금천구,2012-06,23,5321.7,58.7,6.857,30.41,89.11,73.83,1.207,34.1
서울,금천구,2012-07,17,5323.5,48.0,6.857,30.42,78.42,70.29,1.1157,38.8
서울,금천구,2012-08,20,6125.0,57.4,6.857,35.0,92.4,71.94,1.2844,37.9
서울,금천구,2012-09,22,5940.9,60.4,6.937,34.35,94.75,75.51,1.2547,36.3
서울,금천구,2012-10,28,5760.7,50.9,7.021,33.7,84.6,71.6,1.1816,39.8
서울,금천구,2012-11,20,5150.0,57.3,6.857,29.43,86.73,70.56,1.2291,33.9
서울,금천구,2012-12,17,3029.4,53.5,6.861,17.32,70.82,72.17,0.9813,24.5
서울,금천구,2013-01,29,5420.7,47.6,6.857,30.98,78.58,69.68,1.1277,39.4
서울,금천구,2013-02,27,5696.3,56.4,7.0,33.23,89.63,73.03,1.2273,37.1
서울,금천구,2013-03,23,4782.6,62.4,7.069,28.17,90.57,69.88,1.2961,31.1
서울,금천구,2013-04,20,6500.0,57.2,7.029,38.08,95.28,73.54,1.2956,40.0
서울,금천구,2013-05,24,5604.2,58.2,6.749,31.52,89.72,73.41,1.2221,35.1
서울,금천구,2013-06,28,4803.6,48.8,6.667,26.69,75.49,70.18,1.0756,35.4
서울,금천구,2013-07,27,6222.2,54.3,6.73,34.9,89.2,70.0,1.2743,39.1
서울,금천구,2013-08,30,6056.7,57.8,6.635,33.49,91.29,70.28,1.2989,36.7
서울,금천구,2013-09,31,8048.4,50.9,6.462,43.34,94.24,72.4,1.3016,46.0
서울,금천구,2013-10,50,7400.0,47.5,6.653,41.03,88.53,69.88,1.2669,46.3
서울,금천구,2013-11,39,6482.1,46.9,6.72,36.3,83.2,70.11,1.1867,43.6
서울,금천구,2013-12,45,4533.3,48.8,6.829,25.8,74.6,67.35,1.1076,34.6
서울,금천구,2014-01,33,7036.4,53.2,6.79,39.81,93.01,72.61,1.281,42.8
서울,금천구,2014-02,58,6256.9,57.2,6.744,35.16,92.36,71.31,1.2952,38.1
서울,금천구,2014-03,49,7970.6,44.6,6.667,44.28,88.88,72.86,1.2199,49.8
서울,금천구,2014-04,30,7483.3,40.2,6.492,40.49,80.69,73.62,1.096,50.2
서울,금천구,2014-05,25,6468.0,49.1,6.275,33.82,82.92,66.83,1.2408,40.8
서울,금천구,2014-06,27,8240.7,51.7,6.0,41.2,92.9,70.44,1.3189,44.4
서울,금천구,2014-07,28,5714.3,51.4,6.0,28.57,79.97,68.22,1.1723,35.7
서울,금천구,2014-08,41,5623.9,47.1,6.0,28.12,75.22,68.7,1.0949,37.4
서울,금천구,2014-09,50,4320.0,47.3,5.954,21.43,68.73,63.75,1.0782,31.2
서울,금천구,2014-10,37,5891.9,48.6,6.0,29.46,78.06,68.71,1.1361,37.7
서울,금천구,2014-11,53,4103.8,47.9,6.0,20.52,68.42,61.13,1.1192,30.0
서울,금천구,2014-12,37,5352.2,51.2,6.0,26.76,77.96,67.51,1.1548,34.3
서울,금천구,2015-01,33,6660.6,56.3,6.0,33.3,89.6,71.22,1.2581,37.2
서울,금천구,2015-02,28,7875.0,54.7,6.0,39.38,94.08,77.56,1.2129,41.9
서울,금천구,2015-03,46,6458.8,49.3,5.664,30.48,79.78,69.65,1.1455,38.2
서울,금천구,2015-04,41,6207.3,52.6,5.565,28.79,81.39,68.26,1.1923,35.4
서울,금천구,2015-05,43,7430.2,50.6,5.571,34.5,85.1,71.12,1.1965,40.5
서울,금천구,2015-06,32,7890.6,47.5,5.538,36.42,83.92,73.28,1.1452,43.4
서울,금천구,2015-07,53,7556.7,57.6,5.323,33.52,91.12,70.77,1.2876,36.8
서울,금천구,2015-08,46,8232.6,47.3,5.143,35.28,82.58,65.88,1.2535,42.7
서울,금천구,2015-09,42,8916.7,49.8,5.124,38.07,87.87,67.47,1.3024,43.3
서울,금천구,2015-10,59,9513.6,54.4,4.947,39.22,93.62,71.92,1.3017,41.9
서울,금천구,2015-11,40,9211.5,48.5,4.8,36.85,85.35,65.0,1.313,43.2
서울,금천구,2015-12,45,8048.2,52.6,4.841,32.47,85.07,69.16,1.23,38.2
서울,금천구,2016-01,46,8759.4,49.6,4.8,35.04,84.64,67.39,1.2559,41.4
서울,금천구,2016-02,46,12913.0,43.5,4.886,52.57,96.07,72.2,1.3307,54.7
서울,금천구,2016-03,60,10500.0,47.2,4.935,43.18,90.38,69.57,1.2992,47.8
서울,금천구,2016-04,32,10078.1,51.2,4.941,41.5,92.7,72.13,1.2852,44.8
서울,금천구,2016-05,36,8027.8,55.1,4.898,32.77,87.87,71.25,1.2332,37.3
서울,금천구,2016-06,39,9935.9,55.3,4.706,38.96,94.26,74.42,1.2667,41.3
서울,금천구,2016-07,29,8155.2,52.2,4.737,32.19,84.39,69.36,1.2167,38.1
서울,금천구,2016-08,26,6926.6,49.6,4.801,27.71,77.31,69.31,1.1155,35.8
서울,금천구,2016-09,45,9091.3,57.4,4.937,37.41,94.81,71.57,1.3246,39.5
서울,금천구,2016-10,39,9728.2,51.4,4.8,38.91,90.31,74.28,1.2158,43.1
서울,금천구,2016-11,39,8923.1,62.6,4.95,36.81,99.41,72.21,1.3766,37.0
서울,금천구,2016-12,51,9796.2,64.9,4.889,39.91,104.81,72.14,1.4529,38.1
서울,금천구,2017-01,38,6960.2,60.3,4.8,27.84,88.14,70.31,1.2536,31.6
서울,금천구,2017-02,62,8383.8,49.7,4.645,32.45,82.15,66.65,1.2326,39.5
서울,금천구,2017-03,42,6369.0,71.5,4.562,24.21,95.71,71.2,1.3443,25.3
서울,금천구,2017-04,34,6602.9,60.4,4.5,24.76,85.16,67.56,1.2605,29.1
서울,금천구,2017-05,48,8098.8,62.4,4.5,30.37,92.77,73.09,1.2693,32.7
서울,금천구,2017-06,34,6299.6,49.9,4.564,23.96,73.86,65.56,1.1266,32.4
서울,금천구,2017-07,34,5056.5,55.1,4.421,18.63,73.73,63.79,1.1558,25.3
서울,금천구,2017-08,43,8202.2,56.9,4.609,31.51,88.41,67.12,1.3171,35.6
서울,금천구,2017-09,41,8353.4,53.6,4.635,32.26,85.86,65.11,1.3187,37.6
서울,금천구,2017-10,47,6571.9,61.8,4.714,25.82,87.62,66.44,1.3188,29.5
서울,금천구,2017-11,39,4032.9,44.4,4.783,16.07,60.47,64.75,0.934,26.6
서울,금천구,2017-12,32,6344.2,62.9,4.714,24.92,87.82,67.59,1.2994,28.4
서울,금천구,2018-01,45,7439.0,50.4,4.748,29.43,79.83,67.73,1.1787,36.9
서울,금천구,2018-02,41,7617.1,50.0,4.663,29.6,79.6,62.64,1.2707,37.2
서울,금천구,2018-03,57,7382.5,52.4,4.615,28.39,80.79,64.55,1.2517,35.1
서울,금천구,2018-04,48,6562.2,50.1,4.5,24.61,74.71,66.49,1.1236,32.9
서울,금천구,2018-05,56,6857.1,50.4,4.5,25.71,76.11,63.18,1.2047,33.8
서울,금천구,2018-06,40,6007.1,54.8,4.5,22.53,77.33,66.47,1.1633,29.1
서울,금천구,2018-07,49,4850.4,46.1,4.444,17.96,64.06,62.09,1.0318,28.0
서울,금천구,2018-08,41,4949.8,56.9,4.447,18.34,75.24,63.87,1.1781,24.4
서울,금천구,2018-09,65,5280.1,48.3,4.5,19.8,68.1,61.05,1.1155,29.1
서울,금천구,2018-10,70,4720.8,56.2,4.613,18.15,74.35,60.06,1.2379,24.4
서울,금천구,2018-11,40,5742.5,54.9,4.632,22.16,77.06,61.58,1.2514,28.8
서울,금천구,2018-12,51,6260.1,61.4,4.615,24.08,85.48,65.53,1.3044,28.2
서울,금천구,2019-01,55,6919.6,57.9,4.615,26.61,84.51,64.69,1.3064,31.5
서울,금천구,2019-02,52,6608.0,54.2,4.664,25.68,79.88,65.12,1.2267,32.1
서울,금천구,2019-03,51,7676.8,50.5,4.65,29.75,80.25,64.46,1.2449,37.1
서울,금천구,2019-04,36,5768.1,58.3,4.615,22.19,80.49,65.25,1.2335,27.6
서울,금천구,2019-05,43,6689.4,56.4,4.615,25.73,82.13,61.34,1.3389,31.3
서울,금천구,2019-06,41,6465.5,47.9,4.706,25.36,73.26,58.14,1.26,34.6
서울,금천구,2019-07,33,4485.2,58.9,4.534,16.95,75.85,61.44,1.2345,22.3
서울,금천구,2019-08,30,5626.0,57.5,4.5,21.1,78.6,63.44,1.2389,26.8
서울,금천구,2019-09,44,5167.7,53.5,4.421,19.04,72.54,65.23,1.112,26.2
서울,금천구,2019-10,54,6166.5,54.5,4.431,22.77,77.27,62.1,1.2443,29.5
서울,금천구,2019-11,32,4887.8,57.1,4.467,18.2,75.3,66.83,1.1267,24.2
서울,금천구,2019-12,52,6561.9,59.8,4.509,24.66,84.46,66.7,1.2662,29.2
서울,금천구,2020-01,51,7291.4,62.5,4.585,27.86,90.36,62.45,1.4469,30.8
서울,금천구,2020-02,54,6636.1,65.1,4.55,25.16,90.26,67.62,1.3348,27.9
서울,금천구,2020-03,51,5277.1,60.8,4.5,19.79,80.59,66.83,1.2059,24.6
서울,금천구,2020-04,42,5945.6,48.1,4.5,22.3,70.4,66.98,1.051,31.7
서울,금천구,2020-05,42,5629.5,63.1,4.5,21.11,84.21,68.57,1.2281,25.1
서울,금천구,2020-06,33,7329.5,57.1,4.47,27.3,84.4,69.08,1.2218,32.3
서울,금천구,2020-07,49,6406.2,64.8,4.364,23.3,88.1,66.71,1.3206,26.4
서울,금천구,2020-08,46,7748.8,60.3,4.303,27.78,88.08,64.89,1.3575,31.5
서울,금천구,2020-09,45,8619.9,63.0,4.307,30.94,93.94,60.6,1.5501,32.9
서울,금천구,2020-10,60,10888.3,63.6,4.481,40.65,104.25,61.48,1.6957,39.0
서울,금천구,2020-11,47,11072.8,65.4,4.485,41.38,106.78,58.25,1.8332,38.8
서울,금천구,2020-12,49,9356.9,56.5,4.5,35.09,91.59,57.26,1.5995,38.3
서울,금천구,2021-01,61,9970.2,56.8,4.5,37.39,94.19,58.34,1.6145,39.7
서울,금천구,2021-02,42,9240.5,70.8,4.456,34.31,105.11,59.2,1.7755,32.6
서울,금천구,2021-03,395,19559.4,55.2,4.355,70.98,126.18,65.8,1.9177,56.3
서울,금천구,2021-04,477,19379.2,55.5,4.317,69.71,125.21,64.81,1.9319,55.7
서울,금천구,2021-05,323,18950.5,57.1,4.184,66.07,123.17,66.0,1.8662,53.6
서울,금천구,2021-06,371,19015.6,58.3,3.934,62.35,120.65,65.25,1.849,51.7
서울,금천구,2021-07,230,16372.1,56.8,3.84,52.39,109.19,65.88,1.6574,48.0
서울,금천구,2021-08,116,13050.8,60.8,3.882,42.22,103.02,58.88,1.7497,41.0
서울,금천구,2021-09,76,11046.3,58.6,3.857,35.51,94.11,59.33,1.5861,37.7
서울,금천구,2021-10,84,10782.7,66.0,3.891,34.96,100.96,57.78,1.7474,34.6
서울,금천구,2021-11,70,10724.1,63.7,4.0,35.75,99.45,59.21,1.6796,35.9
서울,금천구,2021-12,81,11334.9,66.4,4.252,40.16,106.56,59.14,1.8019,37.7
서울,금천구,2022-01,71,11526.1,67.6,4.286,41.16,108.76,61.95,1.7557,37.8
서울,금천구,2022-02,83,9700.8,61.5,4.345,35.12,96.62,53.5,1.8061,36.4
서울,금천구,2022-03,77,9538.6,66.9,4.297,34.16,101.06,56.24,1.7969,33.8
서울,금천구,2022-04,81,8871.7,65.4,4.286,31.68,97.08,59.78,1.624,32.6
서울,금천구,2022-05,71,7639.0,69.0,4.295,27.34,96.34,54.47,1.7687,28.4
서울,금천구,2022-06,87,9178.0,61.1,4.325,33.08,94.18,57.74,1.6311,35.1
서울,금천구,2022-07,88,8815.7,63.4,4.384,32.21,95.61,53.7,1.7804,33.7
서울,금천구,2022-08,79,9623.1,64.0,4.422,35.46,99.46,55.36,1.7966,35.7
서울,금천구,2022-09,73,9822.7,59.4,4.601,37.66,97.06,54.43,1.7832,38.8
서울,금천구,2022-10,73,11677.2,64.3,4.696,45.69,109.99,61.02,1.8026,41.5
서울,금천구,2022-11,73,10693.9,61.4,4.696,41.85,103.25,54.45,1.8962,40.5
서울,금천구,2022-12,83,10553.0,62.0,4.755,41.82,103.82,54.69,1.8983,40.3
서울,금천구,2023-01,94,8945.8,67.1,4.783,35.66,102.76,58.18,1.7662,34.7
서울,금천구,2023-02,98,8776.9,68.9,5.0,36.57,105.47,55.91,1.8864,34.7
서울,금천구,2023-03,242,14050.6,56.0,5.184,60.7,116.7,60.46,1.9303,52.0
서울,금천구,2023-04,116,6996.2,68.2,5.189,30.25,98.45,58.71,1.677,30.7
서울,금천구,2023-05,109,10607.3,71.0,5.143,45.46,116.46,61.19,1.9032,39.0
서울,금천구,2023-06,168,8215.8,55.5,5.091,34.85,90.35,55.01,1.6425,38.6
서울,금천구,2023-07,93,9862.5,61.3,4.961,40.77,102.07,58.01,1.7596,39.9
서울,금천구,2023-08,122,10844.8,61.7,4.921,44.47,106.17,58.33,1.8201,41.9
서울,금천구,2023-09,100,7831.1,57.8,4.8,31.32,89.12,55.48,1.6064,35.1
서울,금천구,2023-10,117,11157.3,60.3,4.93,45.83,106.13,57.42,1.8484,43.2
서울,금천구,2023-11,106,8907.5,69.1,4.936,36.64,105.74,58.36,1.8119,34.7
서울,금천구,2023-12,83,9420.4,71.3,4.887,38.36,109.66,61.68,1.7779,35.0
서울,금천구,2024-01,97,11490.3,82.8,4.909,47.01,129.81,64.77,2.0041,36.2
서울,금천구,2024-02,94,10392.0,66.5,4.923,42.63,109.13,59.94,1.8207,39.1
서울,금천구,2024-03,108,7674.4,71.3,4.932,31.54,102.84,57.13,1.8001,30.7
서울,금천구,2024-04,80,8105.9,81.5,4.941,33.38,114.88,61.21,1.8768,29.1
서울,금천구,2024-05,69,7809.9,67.1,4.803,31.26,98.36,58.38,1.6849,31.8
서울,금천구,2024-06,54,9335.3,61.9,4.845,37.69,99.59,58.46,1.7036,37.8
서울,금천구,2024-07,83,7910.8,62.1,4.8,31.64,93.74,56.34,1.6639,33.8
서울,금천구,2024-08,82,8492.9,61.2,4.874,34.49,95.69,57.98,1.6505,36.0
서울,금천구,2024-09,51,7590.7,65.4,4.892,30.95,96.35,60.34,1.5967,32.1
서울,금천구,2024-10,87,9219.8,76.6,4.979,38.25,114.85,57.64,1.9926,33.3
서울,금천구,2024-11,99,11519.7,64.4,5.008,48.08,112.48,53.96,2.0845,42.7
서울,금천구,2024-12,104,8876.5,66.4,5.083,37.6,104.0,55.24,1.8827,36.2
서울,금천구,2025-01,92,10605.4,74.5,5.143,45.45,119.95,58.9,2.0365,37.9
서울,금천구,2025-02,108,10880.3,76.0,5.143,46.63,122.63,58.27,2.1045,38.0
서울,금천구,2025-03,80,9840.1,77.4,5.109,41.89,119.29,59.69,1.9985,35.1
서울,금천구,2025-04,112,7293.0,74.9,5.115,31.08,105.98,59.6,1.7783,29.3
서울,금천구,2025-05,97,7995.7,75.9,5.217,34.76,110.66,55.42,1.9968,31.4
서울,금천구,2025-06,75,8409.3,70.9,5.105,35.77,106.67,62.58,1.7046,33.5
서울,금천구,2025-07,107,10473.8,69.7,5.091,44.43,114.13,59.78,1.9092,38.9
서울,금천구,2025-08,78,9223.9,65.8,5.115,39.32,105.12,57.76,1.82,37.4
서울,금천구,2025-09,95,7787.3,75.6,4.949,32.12,107.72,57.92,1.8598,29.8
서울,금천구,2025-10,78,9424.1,69.6,5.077,39.87,109.47,60.37,1.8133,36.4
서울,금천구,2025-11,84,8531.8,66.9,5.095,36.23,103.13,52.61,1.9602,35.1
서울,금천구,2025-12,135,7968.6,53.1,5.205,34.56,87.66,48.08,1.8233,39.4
서울,금천구,2026-01,118,10424.1,71.0,5.333,46.33,117.33,57.27,2.0487,39.5
서울,금천구,2026-02,69,10327.9,70.6,5.163,44.44,115.04,58.99,1.9501,38.6
서울,금천구,2026-03,110,9231.5,73.5,5.217,40.14,113.64,58.89,1.9296,35.3
서울,금천구,2026-04,87,9223.8,70.9,5.009,38.5,109.4,55.81,1.9603,35.2
서울,금천구,2026-05,103,9570.1,64.3,5.092,40.61,104.91,53.06,1.9772,38.7
서울,금천구,2026-06,75,8275.7,73.4,5.182,35.74,109.14,58.32,1.8714,32.7
서울,금천구,2026-07,92,10630.9,64.5,5.107,45.25,109.75,50.25,2.184,41.2
서울,노원구,2011-01,239,3326.0,53.9,7.644,21.19,75.09,62.34,1.2045,28.2
서울,노원구,2011-02,285,3877.8,50.6,7.644,24.7,75.3,61.57,1.223,32.8
서울,노원구,2011-03,242,4035.8,50.8,7.644,25.71,76.51,60.36,1.2675,33.6
서울,노원구,2011-04,254,3765.7,51.8,7.644,23.99,75.79,58.99,1.2848,31.7
서울,노원구,2011-05,228,3490.4,48.4,7.644,22.23,70.63,59.02,1.1968,31.5
서울,노원구,2011-06,218,4014.1,53.1,7.644,25.57,78.67,60.89,1.292,32.5
서울,노원구,2011-07,249,4044.3,50.0,7.579,25.54,75.54,60.98,1.2388,33.8
서울,노원구,2011-08,290,4199.5,52.8,7.5,26.25,79.05,59.7,1.3241,33.2
서울,노원구,2011-09,245,3739.8,52.5,7.5,23.37,75.87,58.61,1.2946,30.8
서울,노원구,2011-10,253,4249.8,49.7,7.412,26.25,75.95,60.02,1.2654,34.6
서울,노원구,2011-11,189,4351.5,52.5,7.38,26.76,79.26,60.52,1.3097,33.8
서울,노원구,2011-12,201,4267.2,52.9,7.333,26.08,78.98,61.86,1.2767,33.0
서울,노원구,2012-01,259,4568.9,53.1,7.289,27.75,80.85,61.54,1.3138,34.3
서울,노원구,2012-02,353,4231.1,47.8,7.327,25.84,73.64,60.09,1.2254,35.1
서울,노원구,2012-03,295,4306.6,51.2,7.333,26.32,77.52,60.2,1.2877,34.0
서울,노원구,2012-04,258,4219.0,50.1,7.296,25.65,75.75,60.85,1.2449,33.9
서울,노원구,2012-05,212,3956.2,53.3,7.27,23.97,77.27,60.58,1.2755,31.0
서울,노원구,2012-06,246,3685.1,52.6,7.247,22.26,74.86,59.89,1.2499,29.7
서울,노원구,2012-07,256,3789.6,50.1,7.2,22.74,72.84,59.71,1.2199,31.2
서울,노원구,2012-08,211,3722.0,50.0,7.2,22.33,72.33,60.59,1.1938,30.9
서울,노원구,2012-09,223,3535.7,53.0,7.2,21.21,74.21,60.06,1.2357,28.6
서울,노원구,2012-10,265,3301.6,51.9,7.2,19.81,71.71,60.98,1.176,27.6
서울,노원구,2012-11,227,3819.7,50.4,7.2,22.92,73.32,61.77,1.187,31.3
서울,노원구,2012-12,212,3914.7,52.7,7.185,23.44,76.14,62.9,1.2105,30.8
서울,노원구,2013-01,268,4032.4,55.4,7.195,24.18,79.58,62.5,1.2732,30.4
서울,노원구,2013-02,286,3689.4,51.8,7.087,21.79,73.59,61.45,1.1976,29.6
서울,노원구,2013-03,336,3765.2,53.1,7.059,22.15,75.25,60.65,1.2407,29.4
서울,노원구,2013-04,255,3365.1,52.2,7.022,19.69,71.89,60.04,1.1974,27.4
서울,노원구,2013-05,244,3966.0,50.4,6.947,22.96,73.36,60.58,1.211,31.3
서울,노원구,2013-06,226,3924.8,50.3,6.923,22.64,72.94,61.3,1.1899,31.0
서울,노원구,2013-07,254,4250.2,50.9,6.8,24.08,74.98,58.83,1.2746,32.1
서울,노원구,2013-08,318,4105.0,51.8,6.75,23.09,74.89,60.43,1.2393,30.8
서울,노원구,2013-09,253,3671.2,54.4,6.693,20.48,74.88,59.79,1.2523,27.3
서울,노원구,2013-10,314,4379.5,52.8,6.577,24.0,76.8,60.12,1.2775,31.3
서울,노원구,2013-11,237,4404.8,51.0,6.499,23.86,74.86,60.96,1.228,31.9
서울,노원구,2013-12,238,5360.2,51.0,6.429,28.72,79.72,61.74,1.2911,36.0
서울,노원구,2014-01,308,4920.1,52.0,6.391,26.2,78.2,61.17,1.2784,33.5
서울,노원구,2014-02,422,4981.3,48.6,6.273,26.04,74.64,60.46,1.2345,34.9
서울,노원구,2014-03,379,4716.6,52.0,6.239,24.52,76.52,61.45,1.2453,32.0
서울,노원구,2014-04,291,4494.9,51.1,6.265,23.47,74.57,60.76,1.2272,31.5
서울,노원구,2014-05,301,4789.7,51.1,6.261,24.99,76.09,60.94,1.2486,32.8
서울,노원구,2014-06,254,4926.0,49.6,6.189,25.4,75.0,61.12,1.2272,33.9
서울,노원구,2014-07,273,5126.3,50.4,6.159,26.31,76.71,60.92,1.2592,34.3
서울,노원구,2014-08,292,4533.7,48.3,6.101,23.05,71.35,60.59,1.1776,32.3
서울,노원구,2014-09,320,4787.8,53.1,6.006,23.96,77.06,61.04,1.2625,31.1
서울,노원구,2014-10,328,5800.5,49.3,6.0,29.0,78.3,62.21,1.2587,37.0
서울,노원구,2014-11,274,5293.2,52.1,6.0,26.47,78.57,63.09,1.2453,33.7
서울,노원구,2014-12,332,6542.5,51.8,5.923,32.29,84.09,64.06,1.3127,38.4
서울,노원구,2015-01,403,5276.9,50.1,5.861,25.78,75.88,61.31,1.2376,34.0
서울,노원구,2015-02,331,6446.8,50.8,5.76,30.94,81.74,62.64,1.305,37.9
서울,노원구,2015-03,473,5954.2,49.6,5.714,28.35,77.95,61.26,1.2725,36.4
서울,노원구,2015-04,363,5802.3,49.2,5.603,27.09,76.29,60.02,1.2711,35.5
서울,노원구,2015-05,343,5763.2,51.6,5.548,26.64,78.24,59.82,1.308,34.1
서울,노원구,2015-06,377,6680.2,49.4,5.5,30.62,80.02,59.34,1.3485,38.3
서울,노원구,2015-07,391,6443.5,49.1,5.455,29.29,78.39,59.65,1.3141,37.4
서울,노원구,2015-08,394,5980.7,48.8,5.368,26.76,75.56,58.3,1.296,35.4
서울,노원구,2015-09,342,6330.6,49.2,5.28,27.85,77.05,59.29,1.2996,36.1
서울,노원구,2015-10,491,6933.7,51.3,5.2,30.05,81.35,59.33,1.3711,36.9
서울,노원구,2015-11,356,8035.6,51.2,5.12,34.28,85.48,61.34,1.3936,40.1
서울,노원구,2015-12,403,8495.8,50.9,4.977,35.24,86.14,63.65,1.3533,40.9
서울,노원구,2016-01,442,7546.4,51.0,4.899,30.81,81.81,60.64,1.3491,37.7
서울,노원구,2016-02,436,8227.9,45.0,4.818,33.03,78.03,60.24,1.2953,42.3
서울,노원구,2016-03,555,6965.7,48.0,4.8,27.86,75.86,59.51,1.2748,36.7
서울,노원구,2016-04,425,7483.3,47.3,4.8,29.93,77.23,59.4,1.3002,38.8
서울,노원구,2016-05,368,7356.7,47.1,4.8,29.43,76.53,60.38,1.2674,38.5
서울,노원구,2016-06,374,8098.5,47.5,4.8,32.39,79.89,59.97,1.3322,40.5
서울,노원구,2016-07,376,7156.9,48.9,4.8,28.63,77.53,59.65,1.2997,36.9
서울,노원구,2016-08,449,7085.8,48.0,4.765,28.14,76.14,58.7,1.297,37.0
서울,노원구,2016-09,371,7181.3,49.4,4.78,28.6,78.0,59.48,1.3114,36.7
서울,노원구,2016-10,490,8012.9,48.8,4.697,31.37,80.17,60.63,1.3222,39.1
서울,노원구,2016-11,371,8266.7,50.2,4.645,32.0,82.2,62.28,1.3198,38.9
서울,노원구,2016-12,371,7752.3,47.4,4.615,29.82,77.22,62.74,1.2307,38.6
서울,노원구,2017-01,375,6757.8,53.5,4.615,25.99,79.49,60.81,1.3072,32.7
서울,노원구,2017-02,473,7093.0,50.5,4.588,27.12,77.62,60.59,1.2811,34.9
서울,노원구,2017-03,444,6800.6,48.6,4.573,25.92,74.52,59.53,1.2518,34.8
서울,노원구,2017-04,377,6024.6,49.0,4.557,22.88,71.88,59.56,1.2068,31.8
서울,노원구,2017-05,362,5648.0,51.8,4.56,21.46,73.26,58.51,1.2521,29.3
서울,노원구,2017-06,379,6073.4,53.4,4.544,23.0,76.4,60.87,1.2551,30.1
서울,노원구,2017-07,402,6832.0,49.8,4.527,25.77,75.57,60.11,1.2572,34.1
서울,노원구,2017-08,324,6179.4,51.4,4.5,23.17,74.57,59.32,1.2571,31.1
서울,노원구,2017-09,358,6114.4,51.1,4.5,22.93,74.03,58.87,1.2575,31.0
서울,노원구,2017-10,272,6243.9,52.8,4.492,23.37,76.17,59.12,1.2884,30.7
서울,노원구,2017-11,308,7005.4,46.6,4.5,26.27,72.87,59.29,1.229,36.1
서울,노원구,2017-12,298,6814.0,49.8,4.5,25.55,75.35,61.15,1.2323,33.9
서울,노원구,2018-01,394,5643.3,49.2,4.5,21.16,70.36,59.28,1.1869,30.1
서울,노원구,2018-02,374,5898.6,50.4,4.529,22.26,72.66,59.72,1.2167,30.6
서울,노원구,2018-03,430,6778.7,49.5,4.544,25.67,75.17,60.52,1.242,34.1
서울,노원구,2018-04,335,5843.4,48.1,4.571,22.26,70.36,60.26,1.1676,31.6
서울,노원구,2018-05,309,5925.0,50.1,4.554,22.48,72.58,59.63,1.2172,31.0
서울,노원구,2018-06,304,5608.6,50.1,4.56,21.31,71.41,59.68,1.1966,29.8
서울,노원구,2018-07,316,5586.4,47.1,4.566,21.26,68.36,57.77,1.1832,31.1
서울,노원구,2018-08,337,5291.7,50.2,4.576,20.18,70.38,59.38,1.1852,28.7
서울,노원구,2018-09,310,5512.6,53.0,4.571,21.0,74.0,60.34,1.2264,28.4
서울,노원구,2018-10,361,5738.7,51.2,4.522,21.63,72.83,59.65,1.2209,29.7
서울,노원구,2018-11,304,6286.2,49.9,4.5,23.57,73.47,60.85,1.2074,32.1
서울,노원구,2018-12,302,6646.9,53.6,4.5,24.93,78.53,62.3,1.2604,31.7
서울,노원구,2019-01,351,6156.1,50.0,4.452,22.84,72.84,58.34,1.2485,31.4
서울,노원구,2019-02,345,5727.8,49.2,4.446,21.22,70.42,58.31,1.2077,30.1
서울,노원구,2019-03,386,5684.7,51.7,4.5,21.32,73.02,59.04,1.2367,29.2
서울,노원구,2019-04,294,5095.4,50.6,4.522,19.2,69.8,59.12,1.1807,27.5
서울,노원구,2019-05,320,4423.0,50.7,4.57,16.84,67.54,57.32,1.1784,24.9
서울,노원구,2019-06,288,6007.4,51.8,4.576,22.91,74.71,59.94,1.2464,30.7
서울,노원구,2019-07,319,5266.1,52.4,4.573,20.07,72.47,58.96,1.2291,27.7
서울,노원구,2019-08,324,5113.6,51.4,4.571,19.48,70.88,58.71,1.2073,27.5
서울,노원구,2019-09,251,5681.1,52.4,4.554,21.56,73.96,60.46,1.2233,29.1
서울,노원구,2019-10,363,5402.4,54.0,4.501,20.26,74.26,60.19,1.2338,27.3
서울,노원구,2019-11,301,6447.1,55.5,4.5,24.18,79.68,63.5,1.2548,30.3
서울,노원구,2019-12,334,6262.8,55.2,4.448,23.21,78.41,62.66,1.2514,29.6
서울,노원구,2020-01,361,5019.2,54.2,4.5,18.82,73.02,59.58,1.2256,25.8
서울,노원구,2020-02,488,5758.6,48.7,4.5,21.59,70.29,59.15,1.1884,30.7
서울,노원구,2020-03,326,5172.4,54.5,4.471,19.27,73.77,59.95,1.2306,26.1
서울,노원구,2020-04,354,5729.2,48.1,4.444,21.22,69.32,59.06,1.1737,30.6
서울,노원구,2020-05,367,5565.8,51.2,4.444,20.61,71.81,59.23,1.2125,28.7
서울,노원구,2020-06,352,6045.5,53.0,4.46,22.47,75.47,60.45,1.2484,29.8
서울,노원구,2020-07,410,5626.8,51.5,4.44,20.82,72.32,58.91,1.2276,28.8
서울,노원구,2020-08,355,6210.0,55.0,4.445,23.0,78.0,58.59,1.3313,29.5
서울,노원구,2020-09,324,6553.9,53.7,4.412,24.1,77.8,58.48,1.3303,31.0
서울,노원구,2020-10,370,8927.8,53.6,4.405,32.77,86.37,59.96,1.4405,37.9
서울,노원구,2020-11,309,8900.7,55.0,4.39,32.56,87.56,61.39,1.4263,37.2
서울,노원구,2020-12,339,8804.3,55.8,4.351,31.92,87.72,61.54,1.4255,36.4
서울,노원구,2021-01,343,8051.5,59.5,4.315,28.95,88.45,60.55,1.4608,32.7
서울,노원구,2021-02,363,9234.6,52.4,4.309,33.16,85.56,60.36,1.4175,38.8
서울,노원구,2021-03,413,8959.3,54.5,4.286,32.0,86.5,59.0,1.4661,37.0
서울,노원구,2021-04,339,6753.8,53.4,4.286,24.12,77.52,58.02,1.3361,31.1
서울,노원구,2021-05,360,8375.4,55.9,4.235,29.56,85.46,58.81,1.4532,34.6
서울,노원구,2021-06,383,7647.2,52.6,4.277,27.26,79.86,58.18,1.3726,34.1
서울,노원구,2021-07,437,8321.0,61.6,4.223,29.29,90.89,58.06,1.5654,32.2
서울,노원구,2021-08,393,6883.9,52.9,4.247,24.36,77.26,57.38,1.3465,31.5
서울,노원구,2021-09,465,7594.4,58.0,4.26,26.96,84.96,55.36,1.5347,31.7
서울,노원구,2021-10,574,9361.5,58.5,4.258,33.22,91.72,55.87,1.6416,36.2
서울,노원구,2021-11,497,10830.5,56.0,4.286,38.68,94.68,56.63,1.6719,40.9
서울,노원구,2021-12,624,9763.3,58.1,4.323,35.17,93.27,57.29,1.6281,37.7
서울,노원구,2022-01,530,8277.4,61.3,4.373,30.17,91.47,55.55,1.6466,33.0
서울,노원구,2022-02,553,7454.2,53.8,4.401,27.34,81.14,55.74,1.4557,33.7
서울,노원구,2022-03,459,8455.6,60.8,4.434,31.25,92.05,56.31,1.6346,33.9
서울,노원구,2022-04,432,8126.4,63.9,4.457,30.18,94.08,57.47,1.6371,32.1
서울,노원구,2022-05,551,8306.5,54.8,4.406,30.5,85.3,55.53,1.536,35.8
서울,노원구,2022-06,436,8204.5,59.9,4.435,30.32,90.22,56.27,1.6034,33.6
서울,노원구,2022-07,557,5768.1,48.2,4.5,21.63,69.83,52.52,1.3296,31.0
서울,노원구,2022-08,422,8208.2,66.6,4.515,30.88,97.48,57.05,1.7088,31.7
서울,노원구,2022-09,510,6299.8,57.0,4.5,23.62,80.62,54.36,1.4832,29.3
서울,노원구,2022-10,436,9330.0,71.0,4.547,35.35,106.35,59.14,1.7983,33.2
서울,노원구,2022-11,477,7690.8,62.2,4.634,29.7,91.9,57.42,1.6005,32.3
서울,노원구,2022-12,507,8492.0,63.2,4.659,32.97,96.17,58.44,1.6456,34.3
서울,노원구,2023-01,494,6785.6,62.1,4.662,26.36,88.46,55.87,1.5833,29.8
서울,노원구,2023-02,675,7157.8,61.6,4.702,28.05,89.65,57.61,1.5561,31.3
서울,노원구,2023-03,553,6114.6,62.6,4.757,24.24,86.84,57.47,1.511,27.9
서울,노원구,2023-04,408,6204.0,65.2,4.8,24.82,90.02,59.2,1.5205,27.6
서울,노원구,2023-05,422,6834.9,63.2,4.789,27.28,90.48,58.47,1.5474,30.1
서울,노원구,2023-06,501,6616.8,65.3,4.83,26.63,91.93,57.69,1.5935,29.0
서울,노원구,2023-07,510,6253.5,66.1,4.86,25.33,91.43,58.84,1.5538,27.7
서울,노원구,2023-08,482,6075.7,68.1,4.905,24.84,92.94,58.57,1.5868,26.7
서울,노원구,2023-09,509,6952.4,68.1,4.92,28.5,96.6,59.73,1.6174,29.5
서울,노원구,2023-10,476,6733.2,71.6,4.898,27.48,99.08,58.96,1.6805,27.7
서울,노원구,2023-11,466,7230.7,68.9,4.87,29.34,98.24,59.2,1.6595,29.9
서울,노원구,2023-12,510,6282.3,69.5,4.865,25.47,94.97,57.98,1.638,26.8
서울,노원구,2024-01,518,5325.5,63.1,4.817,21.38,84.48,55.09,1.5334,25.3
서울,노원구,2024-02,458,5875.3,62.3,4.8,23.5,85.8,56.99,1.5055,27.4
서울,노원구,2024-03,498,5379.8,65.2,4.749,21.29,86.49,56.44,1.5324,24.6
서울,노원구,2024-04,423,5013.9,74.0,4.8,20.06,94.06,57.69,1.6304,21.3
서울,노원구,2024-05,573,6300.2,55.5,4.772,25.05,80.55,55.4,1.4541,31.1
서울,노원구,2024-06,374,6132.9,70.7,4.762,24.34,95.04,57.32,1.658,25.6
서울,노원구,2024-07,415,5954.8,61.1,4.703,23.34,84.44,56.2,1.5025,27.6
서울,노원구,2024-08,411,5670.3,69.4,4.696,22.19,91.59,56.83,1.6116,24.2
서울,노원구,2024-09,416,5928.0,66.9,4.667,23.05,89.95,55.3,1.6266,25.6
서울,노원구,2024-10,467,5383.6,69.8,4.65,20.86,90.66,55.61,1.6303,23.0
서울,노원구,2024-11,448,7750.5,73.6,4.649,30.03,103.63,57.3,1.8085,29.0
서울,노원구,2024-12,483,6526.7,67.4,4.692,25.52,92.92,55.56,1.6725,27.5
서울,노원구,2025-01,379,6664.8,72.4,4.714,26.18,98.58,56.13,1.7563,26.6
서울,노원구,2025-02,461,5720.0,76.1,4.734,22.56,98.66,56.62,1.7425,22.9
서울,노원구,2025-03,455,5941.3,78.2,4.737,23.45,101.65,57.45,1.7694,23.1
서울,노원구,2025-04,451,5873.3,63.9,4.727,23.14,87.04,55.68,1.5632,26.6
서울,노원구,2025-05,442,6323.0,67.1,4.706,24.8,91.9,55.46,1.657,27.0
서울,노원구,2025-06,394,6741.5,76.5,4.695,26.38,102.88,57.55,1.7876,25.6
서울,노원구,2025-07,391,5324.3,80.1,4.693,20.82,100.92,58.14,1.7359,20.6
서울,노원구,2025-08,351,6461.6,77.1,4.675,25.18,102.28,57.1,1.7912,24.6
서울,노원구,2025-09,488,8446.1,68.6,4.696,33.05,101.65,55.03,1.8472,32.5
서울,노원구,2025-10,400,8089.9,77.2,4.727,31.87,109.07,58.82,1.8543,29.2
서울,노원구,2025-11,414,7725.9,81.8,4.752,30.6,112.4,57.79,1.9449,27.2
서울,노원구,2025-12,425,8405.6,85.7,4.772,33.43,119.13,58.91,2.0222,28.1
서울,노원구,2026-01,525,7360.9,83.8,4.74,29.08,112.88,56.83,1.9862,25.8
서울,노원구,2026-02,473,7760.1,77.7,4.743,30.67,108.37,54.48,1.9892,28.3
서울,노원구,2026-03,564,7793.2,68.9,4.749,30.84,99.74,53.13,1.8773,30.9
서울,노원구,2026-04,367,7679.5,86.2,4.763,30.48,116.68,56.78,2.055,26.1
서울,노원구,2026-05,421,7397.6,68.9,4.768,29.39,98.29,53.72,1.8297,29.9
서울,노원구,2026-06,368,8845.0,76.0,4.696,34.61,110.61,54.92,2.014,31.3
서울,노원구,2026-07,344,9188.2,84.6,4.694,35.94,120.54,55.48,2.1727,29.8
서울,도봉구,2011-01,75,4174.7,55.9,8.0,27.83,83.73,70.32,1.1907,33.2
서울,도봉구,2011-02,104,3524.9,53.0,8.0,23.5,76.5,69.93,1.0939,30.7
서울,도봉구,2011-03,111,3842.7,51.6,8.0,25.62,77.22,67.98,1.1359,33.2
서울,도봉구,2011-04,103,4294.2,49.5,8.0,28.63,78.13,67.31,1.1607,36.6
서울,도봉구,2011-05,78,4280.2,56.2,8.0,28.53,84.73,68.83,1.2311,33.7
서울,도봉구,2011-06,65,4789.2,53.5,8.0,31.93,85.43,68.43,1.2484,37.4
서울,도봉구,2011-07,88,4354.6,50.9,7.941,28.82,79.72,66.3,1.2024,36.1
서울,도봉구,2011-08,99,4872.7,50.1,7.758,31.5,81.6,70.04,1.1651,38.6
서울,도봉구,2011-09,109,4296.8,56.8,7.714,27.62,84.42,66.15,1.2762,32.7
서울,도봉구,2011-10,91,4681.3,51.1,7.5,29.26,80.36,66.28,1.2124,36.4
서울,도봉구,2011-11,56,4957.1,52.1,7.418,30.64,82.74,66.94,1.2361,37.0
서울,도봉구,2011-12,61,5183.6,49.5,7.5,32.4,81.9,68.03,1.2038,39.6
서울,도봉구,2012-01,65,4930.8,55.3,7.529,30.94,86.24,69.12,1.2477,35.9
서울,도봉구,2012-02,122,4619.7,54.4,7.494,28.85,83.25,68.95,1.2074,34.7
서울,도봉구,2012-03,106,4310.4,56.4,7.425,26.67,83.07,67.68,1.2274,32.1
서울,도봉구,2012-04,96,3705.9,52.1,7.397,22.84,74.94,65.57,1.143,30.5
서울,도봉구,2012-05,97,4993.8,49.3,7.397,30.78,80.08,68.85,1.1632,38.4
서울,도봉구,2012-06,82,3846.3,53.3,7.392,23.69,76.99,67.18,1.1461,30.8
서울,도봉구,2012-07,76,4034.2,57.7,7.382,24.82,82.52,70.6,1.1688,30.1
서울,도봉구,2012-08,86,3764.0,56.2,7.331,22.99,79.19,68.73,1.1523,29.0
서울,도봉구,2012-09,89,3968.5,54.7,7.348,24.3,79.0,68.03,1.1613,30.8
서울,도봉구,2012-10,91,3678.0,56.3,7.304,22.39,78.69,68.79,1.1439,28.5
서울,도봉구,2012-11,66,3651.5,60.6,7.306,22.23,82.83,70.8,1.1699,26.8
서울,도봉구,2012-12,79,3762.1,48.5,7.2,22.57,71.07,69.42,1.0238,31.8
서울,도봉구,2013-01,82,4814.6,55.3,7.2,28.89,84.19,70.76,1.1898,34.3
서울,도봉구,2013-02,108,4784.3,57.2,7.086,28.25,85.45,72.13,1.1847,33.1
서울,도봉구,2013-03,140,4823.8,48.8,7.068,28.41,77.21,69.33,1.1137,36.8
서울,도봉구,2013-04,107,4158.6,55.3,6.951,24.09,79.39,66.87,1.1872,30.3
서울,도봉구,2013-05,74,3864.9,58.1,6.853,22.07,80.17,69.59,1.1521,27.5
서울,도봉구,2013-06,83,5469.5,53.0,6.857,31.25,84.25,70.92,1.188,37.1
서울,도봉구,2013-07,117,4488.3,51.0,6.84,25.58,76.58,67.82,1.1292,33.4
서울,도봉구,2013-08,109,4368.0,52.4,6.857,24.96,77.36,68.55,1.1285,32.3
서울,도봉구,2013-09,116,5381.0,48.7,6.831,30.63,79.33,67.47,1.1758,38.6
서울,도봉구,2013-10,109,5346.0,51.0,6.75,30.07,81.07,68.32,1.1866,37.1
서울,도봉구,2013-11,75,4992.0,52.0,6.667,27.73,79.73,67.24,1.1858,34.8
서울,도봉구,2013-12,85,5103.5,53.8,6.545,27.84,81.64,71.35,1.1442,34.1
서울,도봉구,2014-01,120,4828.1,49.3,6.498,26.14,75.44,66.44,1.1355,34.7
서울,도봉구,2014-02,139,4678.5,50.2,6.4,24.95,75.15,67.88,1.1071,33.2
서울,도봉구,2014-03,124,5203.7,53.3,6.344,27.51,80.81,68.0,1.1884,34.0
서울,도봉구,2014-04,107,5209.4,54.7,6.279,27.26,81.96,68.43,1.1977,33.3
서울,도봉구,2014-05,98,5882.7,48.3,6.276,30.77,79.07,68.69,1.1511,38.9
서울,도봉구,2014-06,100,4977.0,51.7,6.175,25.61,77.31,68.35,1.1311,33.1
서울,도봉구,2014-07,95,5561.3,46.5,6.137,28.44,74.94,67.62,1.1083,38.0
서울,도봉구,2014-08,105,5733.7,54.4,6.183,29.54,83.94,70.29,1.1942,35.2
서울,도봉구,2014-09,101,5678.2,54.0,6.194,29.31,83.31,68.88,1.2094,35.2
서울,도봉구,2014-10,122,5159.4,55.1,6.201,26.66,81.76,67.51,1.2111,32.6
서울,도봉구,2014-11,82,6250.0,51.6,6.15,32.03,83.63,70.42,1.1876,38.3
서울,도봉구,2014-12,108,4496.3,51.9,6.076,22.77,74.67,70.26,1.0627,30.5
서울,도봉구,2015-01,132,6562.6,46.0,6.0,32.81,78.81,69.37,1.1361,41.6
서울,도봉구,2015-02,121,5674.4,49.5,6.0,28.37,77.87,69.06,1.1276,36.4
서울,도봉구,2015-03,209,6382.1,51.6,5.822,30.97,82.57,67.6,1.2214,37.5
서울,도봉구,2015-04,137,6644.6,50.7,5.714,31.64,82.34,68.31,1.2054,38.4
서울,도봉구,2015-05,134,7385.1,46.6,5.675,34.93,81.53,69.33,1.1759,42.8
서울,도봉구,2015-06,127,6844.1,48.6,5.665,32.31,80.91,68.41,1.1827,39.9
서울,도봉구,2015-07,144,6230.6,50.5,5.647,29.32,79.82,65.8,1.2131,36.7
서울,도봉구,2015-08,142,7737.3,49.9,5.5,35.46,85.36,69.23,1.233,41.5
서울,도봉구,2015-09,110,7327.7,50.1,5.4,32.97,83.07,67.54,1.23,39.7
서울,도봉구,2015-10,162,7526.1,52.3,5.271,33.06,85.36,67.78,1.2594,38.7
서울,도봉구,2015-11,109,6346.6,50.9,5.123,27.09,77.99,65.77,1.1859,34.7
서울,도봉구,2015-12,102,7650.4,50.8,5.009,31.93,82.73,69.13,1.1968,38.6
서울,도봉구,2016-01,133,8214.6,46.0,4.941,33.82,79.82,64.22,1.243,42.4
서울,도봉구,2016-02,137,8774.1,45.8,4.925,36.01,81.81,68.12,1.2009,44.0
서울,도봉구,2016-03,193,7547.9,49.7,4.954,31.16,80.86,68.06,1.1881,38.5
서울,도봉구,2016-04,146,8939.7,45.9,4.889,36.42,82.32,67.39,1.2216,44.2
서울,도봉구,2016-05,118,8624.0,53.0,4.8,34.5,87.5,68.36,1.2799,39.4
서울,도봉구,2016-06,109,7553.3,48.1,4.8,30.21,78.31,67.54,1.1595,38.6
서울,도봉구,2016-07,126,6887.3,51.1,4.682,26.87,77.97,66.32,1.1757,34.5
서울,도봉구,2016-08,127,8583.5,49.6,4.667,33.39,82.99,66.08,1.2558,40.2
서울,도봉구,2016-09,135,6968.1,53.2,4.615,26.8,80.0,65.12,1.2285,33.5
서울,도봉구,2016-10,130,6732.3,55.6,4.546,25.51,81.11,65.64,1.2356,31.4
서울,도봉구,2016-11,115,8075.7,49.8,4.5,30.28,80.08,68.53,1.1686,37.8
서울,도봉구,2016-12,107,6730.0,49.9,4.5,25.24,75.14,66.43,1.1311,33.6
서울,도봉구,2017-01,102,6911.8,51.7,4.5,25.92,77.62,67.17,1.1556,33.4
서울,도봉구,2017-02,149,7274.2,54.1,4.538,27.51,81.61,67.05,1.2171,33.7
서울,도봉구,2017-03,147,7590.1,50.7,4.5,28.46,79.16,66.75,1.186,36.0
서울,도봉구,2017-04,129,6765.9,53.8,4.5,25.37,79.17,66.05,1.1987,32.0
서울,도봉구,2017-05,114,5470.5,50.8,4.5,20.51,71.31,64.6,1.1039,28.8
서울,도봉구,2017-06,140,5145.7,52.1,4.533,19.44,71.54,64.48,1.1095,27.2
서울,도봉구,2017-07,121,6343.8,52.9,4.523,23.91,76.81,64.98,1.1821,31.1
서울,도봉구,2017-08,117,4677.0,53.4,4.555,17.75,71.15,66.39,1.0717,24.9
서울,도봉구,2017-09,118,5252.8,52.8,4.571,20.01,72.81,65.62,1.1096,27.5
서울,도봉구,2017-10,98,6251.0,55.2,4.552,23.71,78.91,65.81,1.1991,30.0
서울,도봉구,2017-11,78,6859.0,57.3,4.571,26.13,83.43,68.43,1.2192,31.3
서울,도봉구,2017-12,75,6876.6,53.8,4.551,26.08,79.88,67.14,1.1897,32.6
서울,도봉구,2018-01,112,4790.2,54.0,4.615,18.42,72.42,64.47,1.1234,25.4
서울,도봉구,2018-02,105,5554.3,51.7,4.611,21.34,73.04,62.18,1.1747,29.2
서울,도봉구,2018-03,160,6531.2,54.5,4.56,24.82,79.32,64.91,1.222,31.3
서울,도봉구,2018-04,115,5438.3,49.9,4.529,20.52,70.42,63.51,1.1089,29.1
서울,도봉구,2018-05,112,4634.8,53.0,4.629,17.88,70.88,63.89,1.1094,25.2
서울,도봉구,2018-06,113,4382.3,60.0,4.615,16.85,76.85,64.34,1.1945,21.9
서울,도봉구,2018-07,98,4689.8,53.5,4.571,17.87,71.37,63.53,1.1233,25.0
서울,도봉구,2018-08,121,6237.9,52.0,4.555,23.68,75.68,66.06,1.1456,31.3
서울,도봉구,2018-09,119,5265.7,56.2,4.5,19.75,75.95,66.36,1.1445,26.0
서울,도봉구,2018-10,106,3977.8,56.7,4.517,14.97,71.67,65.39,1.0961,20.9
서울,도봉구,2018-11,94,7223.6,54.6,4.5,27.09,81.69,64.84,1.2598,33.2
서울,도봉구,2018-12,98,6452.3,46.6,4.5,24.2,70.8,66.0,1.0727,34.2
서울,도봉구,2019-01,95,4301.1,59.9,4.559,16.34,76.24,64.23,1.187,21.4
서울,도봉구,2019-02,100,5669.2,49.8,4.595,21.71,71.51,63.35,1.1288,30.4
서울,도봉구,2019-03,132,5077.3,52.1,4.615,19.53,71.63,64.05,1.1183,27.3
서울,도봉구,2019-04,110,5432.1,50.7,4.571,20.69,71.39,63.31,1.1277,29.0
서울,도봉구,2019-05,106,5603.6,45.2,4.643,21.68,66.88,64.47,1.0374,32.4
서울,도봉구,2019-06,98,5267.8,53.8,4.64,20.37,74.17,64.14,1.1563,27.5
서울,도봉구,2019-07,100,5034.0,51.8,4.615,19.36,71.16,64.39,1.1052,27.2
서울,도봉구,2019-08,115,5023.3,51.3,4.576,19.15,70.45,64.73,1.0884,27.2
서울,도봉구,2019-09,96,4588.8,50.6,4.571,17.48,68.08,63.95,1.0646,25.7
서울,도봉구,2019-10,123,5027.5,54.6,4.552,19.07,73.67,64.66,1.1394,25.9
서울,도봉구,2019-11,106,5279.9,51.3,4.475,19.69,70.99,65.78,1.0792,27.7
서울,도봉구,2019-12,92,6479.6,54.9,4.5,24.3,79.2,67.91,1.1662,30.7
서울,도봉구,2020-01,97,5736.1,54.2,4.432,21.19,75.39,65.68,1.1478,28.1
서울,도봉구,2020-02,152,5485.6,55.5,4.435,20.27,75.77,64.46,1.1755,26.8
서울,도봉구,2020-03,120,4735.7,57.8,4.387,17.31,75.11,65.99,1.1383,23.1
서울,도봉구,2020-04,104,7186.8,49.1,4.435,26.56,75.66,63.98,1.1826,35.1
서울,도봉구,2020-05,83,5404.7,52.4,4.455,20.06,72.46,64.03,1.1317,27.7
서울,도봉구,2020-06,126,5679.5,64.3,4.435,20.99,85.29,67.65,1.2607,24.6
서울,도봉구,2020-07,120,5317.5,58.2,4.43,19.63,77.83,64.65,1.2039,25.2
서울,도봉구,2020-08,119,6893.5,55.9,4.364,25.07,80.97,62.75,1.2903,31.0
서울,도봉구,2020-09,107,8802.0,53.4,4.4,32.27,85.67,63.06,1.3586,37.7
서울,도봉구,2020-10,98,7645.0,55.0,4.37,27.84,82.84,64.34,1.2875,33.6
서울,도봉구,2020-11,95,8213.8,52.9,4.364,29.87,82.77,67.27,1.2304,36.1
서울,도봉구,2020-12,97,8617.8,52.6,4.322,31.04,83.64,68.14,1.2274,37.1
서울,도봉구,2021-01,101,7234.3,53.4,4.438,26.75,80.15,63.73,1.2577,33.4
서울,도봉구,2021-02,110,6667.7,53.1,4.32,24.0,77.1,62.93,1.2252,31.1
서울,도봉구,2021-03,149,7945.6,60.0,4.252,28.15,88.15,63.98,1.3778,31.9
서울,도봉구,2021-04,98,6271.4,59.6,4.202,21.96,81.56,63.86,1.2772,26.9
서울,도봉구,2021-05,123,6839.8,62.0,4.2,23.94,85.94,63.28,1.3581,27.9
서울,도봉구,2021-06,136,9316.2,56.4,4.17,32.37,88.77,59.5,1.492,36.5
서울,도봉구,2021-07,125,7767.2,59.0,4.085,26.44,85.44,62.27,1.3721,30.9
서울,도봉구,2021-08,124,6260.2,65.2,4.11,21.44,86.64,62.53,1.3856,24.7
서울,도봉구,2021-09,117,5705.6,59.9,4.107,19.53,79.43,61.13,1.2993,24.6
서울,도봉구,2021-10,170,8314.5,58.8,4.32,29.93,88.73,61.3,1.4475,33.7
서울,도봉구,2021-11,93,8746.5,57.3,4.338,31.62,88.92,63.52,1.3999,35.6
서울,도봉구,2021-12,146,9362.3,63.0,4.301,33.56,96.56,62.31,1.5496,34.8
서울,도봉구,2022-01,135,7785.6,61.2,4.331,28.1,89.3,61.02,1.4635,31.5
서울,도봉구,2022-02,142,6112.8,61.1,4.315,21.98,83.08,61.05,1.3608,26.5
서울,도봉구,2022-03,263,6343.3,49.0,4.446,23.5,72.5,52.07,1.3924,32.4
서울,도봉구,2022-04,138,6717.8,63.6,4.333,24.26,87.86,60.41,1.4544,27.6
서울,도봉구,2022-05,193,5414.4,49.1,4.31,19.45,68.55,54.87,1.2493,28.4
서울,도봉구,2022-06,166,6711.3,57.7,4.367,24.42,82.12,55.39,1.4826,29.7
서울,도봉구,2022-07,152,5583.0,50.0,4.417,20.55,70.55,55.58,1.2693,29.1
서울,도봉구,2022-08,160,5427.4,65.3,4.448,20.12,85.42,57.75,1.4791,23.6
서울,도봉구,2022-09,191,6797.2,63.0,4.461,25.27,88.27,57.62,1.5319,28.6
서울,도봉구,2022-10,157,7342.5,66.1,4.496,27.51,93.61,58.49,1.6005,29.4
서울,도봉구,2022-11,149,6770.9,76.0,4.528,25.55,101.55,61.28,1.6572,25.2
서울,도봉구,2022-12,118,6469.9,66.5,4.571,24.65,91.15,61.29,1.4871,27.0
서울,도봉구,2023-01,136,5583.7,71.9,4.623,21.51,93.41,61.04,1.5303,23.0
서울,도봉구,2023-02,170,5454.3,72.6,4.725,21.48,94.08,61.83,1.5215,22.8
서울,도봉구,2023-03,154,5930.0,68.5,4.8,23.72,92.22,62.82,1.468,25.7
서울,도봉구,2023-04,118,5357.5,74.4,4.804,21.45,95.85,65.71,1.4586,22.4
서울,도봉구,2023-05,144,6404.7,71.7,4.865,25.97,97.67,64.09,1.5239,26.6
서울,도봉구,2023-06,130,5203.6,67.3,4.904,21.27,88.57,60.79,1.4569,24.0
서울,도봉구,2023-07,157,6529.9,70.1,4.999,27.2,97.3,63.19,1.5398,28.0
서울,도봉구,2023-08,171,6404.7,70.9,4.937,26.35,97.25,65.61,1.4823,27.1
서울,도봉구,2023-09,146,5882.4,69.0,4.987,24.44,93.44,64.1,1.4578,26.2
서울,도봉구,2023-10,140,5060.0,73.6,4.941,20.84,94.44,62.33,1.5151,22.1
서울,도봉구,2023-11,167,7290.5,68.0,4.916,29.87,97.87,62.65,1.5621,30.5
서울,도봉구,2023-12,153,6894.4,71.7,4.918,28.26,99.96,63.73,1.5685,28.3
서울,도봉구,2024-01,218,5605.4,56.0,4.83,22.56,78.56,57.17,1.3742,28.7
서울,도봉구,2024-02,163,5404.0,67.3,4.844,21.82,89.12,59.43,1.4995,24.5
서울,도봉구,2024-03,150,5560.2,60.2,4.817,22.32,82.52,60.81,1.357,27.0
서울,도봉구,2024-04,114,6942.7,71.8,4.8,27.77,99.57,61.06,1.6307,27.9
서울,도봉구,2024-05,131,7351.9,75.0,4.8,29.41,104.41,63.36,1.6478,28.2
서울,도봉구,2024-06,140,6820.8,73.2,4.749,26.99,100.19,61.82,1.6207,26.9
서울,도봉구,2024-07,164,6709.0,69.6,4.714,26.36,95.96,59.83,1.6038,27.5
서울,도봉구,2024-08,124,6964.6,74.7,4.654,27.01,101.71,63.35,1.6056,26.6
서울,도봉구,2024-09,122,6181.2,70.0,4.654,23.97,93.97,59.5,1.5794,25.5
서울,도봉구,2024-10,129,7087.1,74.7,4.667,27.56,102.26,60.61,1.6872,27.0
서울,도봉구,2024-11,132,7332.6,70.4,4.674,28.56,98.96,60.22,1.6433,28.9
서울,도봉구,2024-12,122,6141.2,70.4,4.666,23.88,94.28,60.36,1.5619,25.3
서울,도봉구,2025-01,136,5202.0,75.0,4.743,20.56,95.56,59.9,1.5954,21.5
서울,도봉구,2025-02,147,5469.2,76.8,4.8,21.88,98.68,60.22,1.6386,22.2
서울,도봉구,2025-03,147,6558.2,73.2,4.8,26.23,99.43,62.72,1.5853,26.4
서울,도봉구,2025-04,130,5313.0,77.4,4.875,21.58,98.98,62.95,1.5724,21.8
서울,도봉구,2025-05,140,6566.8,80.1,4.86,26.6,106.7,64.35,1.6581,24.9
서울,도봉구,2025-06,136,6073.7,76.3,4.875,24.67,100.97,63.18,1.5982,24.4
서울,도봉구,2025-07,126,6049.5,78.9,4.862,24.51,103.41,64.4,1.6057,23.7
서울,도봉구,2025-08,118,5986.0,77.7,4.83,24.09,101.79,68.03,1.4963,23.7
서울,도봉구,2025-09,130,5118.1,72.6,4.871,20.78,93.38,65.54,1.4247,22.2
서울,도봉구,2025-10,142,5652.5,79.9,4.924,23.2,103.1,59.53,1.7318,22.5
서울,도봉구,2025-11,153,7135.6,84.8,4.973,29.57,114.37,61.44,1.8615,25.9
서울,도봉구,2025-12,136,7384.6,80.7,4.889,30.09,110.79,62.5,1.7726,27.2
서울,도봉구,2026-01,196,6569.2,78.1,4.923,26.95,105.05,61.58,1.7059,25.7
서울,도봉구,2026-02,144,6765.6,79.5,4.969,28.02,107.52,59.92,1.7943,26.1
서울,도봉구,2026-03,167,6757.6,80.1,4.918,27.7,107.8,61.1,1.7642,25.7
서울,도봉구,2026-04,129,6529.2,86.8,4.875,26.52,113.32,59.5,1.9046,23.4
서울,도봉구,2026-05,118,9137.9,88.0,4.807,36.6,124.6,62.56,1.9917,29.4
서울,도봉구,2026-06,117,6477.0,87.7,4.9,26.45,114.15,58.95,1.9363,23.2
서울,도봉구,2026-07,108,8541.5,83.8,4.923,35.04,118.84,62.37,1.9054,29.5
서울,동대문구,2011-01,72,6653.2,67.3,7.504,41.6,108.9,78.84,1.3813,38.2
서울,동대문구,2011-02,91,6716.7,72.1,7.504,42.0,114.1,78.68,1.4502,36.8
서울,동대문구,2011-03,73,6865.7,75.1,7.504,42.93,118.03,79.91,1.477,36.4
서울,동대문구,2011-04,59,7369.3,65.4,7.504,46.08,111.48,80.04,1.3928,41.3
서울,동대문구,2011-05,60,6618.3,78.1,7.504,41.38,119.48,80.36,1.4869,34.6
서울,동대문구,2011-06,70,5952.9,60.5,7.504,37.22,97.72,75.41,1.2959,38.1
서울,동대문구,2011-07,77,5664.9,60.2,7.429,35.07,95.27,73.17,1.302,36.8
서울,동대문구,2011-08,70,7096.2,67.3,7.396,43.74,111.04,78.35,1.4172,39.4
서울,동대문구,2011-09,77,7866.7,72.6,7.245,47.49,120.09,78.54,1.5291,39.5
서울,동대문구,2011-10,59,8381.5,67.3,7.2,50.29,117.59,79.05,1.4875,42.8
서울,동대문구,2011-11,39,6528.4,79.5,7.18,39.06,118.56,75.87,1.5627,32.9
서울,동대문구,2011-12,51,7597.4,64.5,7.091,44.89,109.39,75.34,1.452,41.0
서울,동대문구,2012-01,62,6507.9,71.4,7.059,38.28,109.68,74.79,1.4665,34.9
서울,동대문구,2012-02,62,6839.6,73.1,7.08,40.35,113.45,76.69,1.4794,35.6
서울,동대문구,2012-03,84,8267.9,75.8,7.048,48.56,124.36,77.11,1.6128,39.0
서울,동대문구,2012-04,73,8244.8,63.4,7.059,48.5,111.9,76.4,1.4646,43.3
서울,동대문구,2012-05,54,7104.6,66.4,6.968,41.25,107.65,76.66,1.4043,38.3
서울,동대문구,2012-06,39,6107.6,83.3,6.857,34.9,118.2,78.75,1.501,29.5
서울,동대문구,2012-07,48,7195.4,66.5,6.923,41.51,108.01,74.14,1.4569,38.4
서울,동대문구,2012-08,60,7395.1,88.5,6.868,42.33,130.83,76.14,1.7182,32.4
서울,동대문구,2012-09,60,8244.0,65.3,7.0,48.09,113.39,76.84,1.4757,42.4
서울,동대문구,2012-10,67,6913.1,66.6,6.975,40.18,106.78,79.22,1.3479,37.6
서울,동대문구,2012-11,52,7394.2,59.3,6.995,43.1,102.4,75.39,1.3583,42.1
서울,동대문구,2012-12,59,9115.0,66.8,6.944,52.75,119.55,78.51,1.5227,44.1
서울,동대문구,2013-01,71,7119.0,80.4,6.874,40.78,121.18,77.45,1.5647,33.7
서울,동대문구,2013-02,85,6824.9,62.2,6.857,39.0,101.2,75.97,1.3321,38.5
서울,동대문구,2013-03,100,7756.8,72.9,6.828,44.13,117.03,77.86,1.5031,37.7
서울,동대문구,2013-04,66,8693.4,73.7,6.761,48.98,122.68,79.01,1.5527,39.9
서울,동대문구,2013-05,74,7439.2,67.1,6.667,41.33,108.43,74.75,1.4506,38.1
서울,동대문구,2013-06,104,5662.0,62.3,6.6,31.14,93.44,71.11,1.3141,33.3
서울,동대문구,2013-07,103,6489.1,59.9,6.462,34.94,94.84,74.5,1.273,36.8
서울,동대문구,2013-08,106,6568.1,66.2,6.4,35.03,101.23,71.69,1.4121,34.6
서울,동대문구,2013-09,94,7880.7,64.2,6.353,41.72,105.92,73.79,1.4354,39.4
서울,동대문구,2013-10,100,7020.1,65.2,6.494,37.99,103.19,74.19,1.3909,36.8
서울,동대문구,2013-11,71,7319.3,67.1,6.5,39.65,106.75,70.99,1.5037,37.1
서울,동대문구,2013-12,80,7108.1,63.8,6.4,37.91,101.71,72.59,1.4012,37.3
서울,동대문구,2014-01,107,8051.1,71.2,6.344,42.57,113.77,76.35,1.4901,37.4
서울,동대문구,2014-02,90,8319.4,65.7,6.077,42.13,107.83,75.57,1.4269,39.1
서울,동대문구,2014-03,111,9633.7,70.3,6.067,48.71,119.01,78.01,1.5255,40.9
서울,동대문구,2014-04,94,8069.8,67.3,6.0,40.35,107.65,75.97,1.417,37.5
서울,동대문구,2014-05,107,5994.9,51.2,5.997,29.96,81.16,69.45,1.1686,36.9
서울,동대문구,2014-06,89,7055.3,68.4,5.997,35.26,103.66,71.5,1.4498,34.0
서울,동대문구,2014-07,102,7478.4,62.9,5.793,36.1,99.0,71.33,1.388,36.5
서울,동대문구,2014-08,97,9030.4,62.8,5.783,43.52,106.32,74.45,1.4281,40.9
서울,동대문구,2014-09,92,9769.6,63.7,5.76,46.89,110.59,76.16,1.4521,42.4
서울,동대문구,2014-10,91,9358.9,62.9,5.599,43.67,106.57,75.42,1.413,41.0
서울,동대문구,2014-11,80,8477.6,60.1,5.384,38.04,98.14,75.07,1.3073,38.8
서울,동대문구,2014-12,98,11338.8,62.6,5.224,49.36,111.96,76.93,1.4553,44.1
서울,동대문구,2015-01,144,9453.3,68.3,5.144,40.53,108.83,76.25,1.4272,37.2
서울,동대문구,2015-02,156,9793.6,61.6,5.184,42.31,103.91,73.05,1.4224,40.7
서울,동대문구,2015-03,193,10967.2,62.3,5.205,47.57,109.87,74.19,1.4809,43.3
서울,동대문구,2015-04,149,11060.0,62.7,5.204,47.97,110.67,75.94,1.4573,43.3
서울,동대문구,2015-05,147,12680.7,63.3,5.222,55.18,118.48,77.36,1.5316,46.6
서울,동대문구,2015-06,124,11778.1,61.1,5.16,50.65,111.75,75.61,1.4779,45.3
서울,동대문구,2015-07,146,9929.9,58.6,5.143,42.56,101.16,70.16,1.4418,42.1
서울,동대문구,2015-08,144,8934.0,64.2,5.143,38.29,102.49,69.79,1.4685,37.4
서울,동대문구,2015-09,111,9609.7,68.8,5.053,40.46,109.26,71.86,1.5205,37.0
서울,동대문구,2015-10,128,13029.3,67.6,5.001,54.3,121.9,75.4,1.6167,44.5
서울,동대문구,2015-11,102,11281.2,57.7,4.941,46.45,104.15,70.87,1.4696,44.6
서울,동대문구,2015-12,108,11386.8,64.0,4.945,46.93,110.93,73.45,1.5102,42.3
서울,동대문구,2016-01,144,11795.0,64.9,4.8,47.18,112.08,70.98,1.579,42.1
서울,동대문구,2016-02,156,11960.7,62.5,4.706,46.9,109.4,70.79,1.5455,42.9
서울,동대문구,2016-03,132,12401.2,68.8,4.645,48.0,116.8,75.64,1.5442,41.1
서울,동대문구,2016-04,115,11052.8,73.4,4.681,43.12,116.52,73.78,1.5792,37.0
서울,동대문구,2016-05,93,11530.9,62.2,4.615,44.35,106.55,74.86,1.4233,41.6
서울,동대문구,2016-06,90,14831.9,65.4,4.594,56.78,122.18,75.95,1.6087,46.5
서울,동대문구,2016-07,128,12912.8,73.5,4.571,49.19,122.69,76.1,1.6122,40.1
서울,동대문구,2016-08,126,13873.0,66.9,4.438,51.31,118.21,74.66,1.5833,43.4
서울,동대문구,2016-09,104,13249.0,72.0,4.364,48.19,120.19,75.29,1.5963,40.1
서울,동대문구,2016-10,134,14809.1,71.9,4.364,53.85,125.75,74.89,1.6791,42.8
서울,동대문구,2016-11,116,13859.2,66.9,4.286,49.5,116.4,74.31,1.5664,42.5
서울,동대문구,2016-12,142,10024.1,60.4,4.215,35.21,95.61,64.85,1.4743,36.8
서울,동대문구,2017-01,179,10233.0,65.0,4.337,36.99,101.99,67.15,1.5188,36.3
서울,동대문구,2017-02,170,10845.8,64.7,4.412,39.87,104.57,71.26,1.4675,38.1
서울,동대문구,2017-03,137,12638.7,67.5,4.421,46.56,114.06,75.48,1.5112,40.8
서울,동대문구,2017-04,115,12524.2,64.5,4.465,46.6,111.1,75.1,1.4794,41.9
서울,동대문구,2017-05,120,13500.0,71.9,4.457,50.14,122.04,76.14,1.6029,41.1
서울,동대문구,2017-06,93,12934.1,73.8,4.421,47.66,121.46,76.26,1.5927,39.2
서울,동대문구,2017-07,131,10189.5,71.1,4.21,35.75,106.85,69.45,1.5385,33.5
서울,동대문구,2017-08,122,11448.9,68.2,4.109,39.21,107.41,74.4,1.4436,36.5
서울,동대문구,2017-09,110,10670.4,66.4,4.055,36.06,102.46,74.16,1.3816,35.2
서울,동대문구,2017-10,79,11127.1,71.3,4.069,37.73,109.03,73.34,1.4867,34.6
서울,동대문구,2017-11,128,9845.1,70.5,4.003,32.84,103.34,69.2,1.4934,31.8
서울,동대문구,2017-12,126,10319.4,65.3,4.11,35.34,100.64,66.6,1.5111,35.1
서울,동대문구,2018-01,175,9306.9,64.6,4.105,31.84,96.44,63.29,1.5238,33.0
서울,동대문구,2018-02,151,9302.5,67.2,4.174,32.36,99.56,68.99,1.4431,32.5
서울,동대문구,2018-03,150,10240.1,69.7,4.184,35.71,105.41,71.99,1.4642,33.9
서울,동대문구,2018-04,107,10505.7,74.7,4.2,36.77,111.47,73.02,1.5266,33.0
서울,동대문구,2018-05,101,9893.0,67.2,4.235,34.92,102.12,71.88,1.4207,34.2
서울,동대문구,2018-06,129,10086.3,77.4,4.19,35.22,112.62,69.5,1.6205,31.3
서울,동대문구,2018-07,142,9066.4,68.6,4.2,31.73,100.33,68.34,1.4681,31.6
서울,동대문구,2018-08,117,11511.9,73.7,4.138,39.7,113.4,73.89,1.5347,35.0
서울,동대문구,2018-09,108,10348.3,77.4,4.098,35.34,112.74,72.14,1.5627,31.3
서울,동대문구,2018-10,138,12128.2,70.8,4.094,41.37,112.17,69.18,1.6215,36.9
서울,동대문구,2018-11,125,10751.0,67.8,4.091,36.65,104.45,66.33,1.5747,35.1
서울,동대문구,2018-12,154,8580.0,62.6,4.091,29.25,91.85,63.42,1.4483,31.8
서울,동대문구,2019-01,195,8697.9,69.1,4.067,29.48,98.58,63.78,1.5457,29.9
서울,동대문구,2019-02,144,10020.7,65.6,4.021,33.58,99.18,65.15,1.5224,33.9
서울,동대문구,2019-03,168,10898.8,73.3,4.091,37.15,110.45,66.59,1.6587,33.6
서울,동대문구,2019-04,146,9271.0,65.2,4.078,31.5,96.7,63.48,1.5234,32.6
서울,동대문구,2019-05,167,9867.6,58.5,4.0,32.89,91.39,67.11,1.3619,36.0
서울,동대문구,2019-06,145,8533.6,71.6,4.0,28.45,100.05,67.73,1.4771,28.4
서울,동대문구,2019-07,131,8899.8,68.8,4.0,29.67,98.47,67.23,1.4646,30.1
서울,동대문구,2019-08,124,9083.8,64.8,4.068,30.79,95.59,67.24,1.4217,32.2
서울,동대문구,2019-09,87,8794.2,72.5,4.001,29.32,101.82,67.7,1.504,28.8
서울,동대문구,2019-10,113,11171.7,73.2,4.0,37.24,110.44,71.6,1.5424,33.7
서울,동대문구,2019-11,107,8922.1,74.7,3.988,29.65,104.35,69.49,1.5016,28.4
서울,동대문구,2019-12,155,11244.9,66.6,3.945,36.97,103.57,65.23,1.5878,35.7
서울,동대문구,2020-01,161,7127.6,76.3,4.0,23.76,100.06,64.02,1.5629,23.7
서울,동대문구,2020-02,207,9882.3,73.4,4.0,32.94,106.34,66.45,1.6003,31.0
서울,동대문구,2020-03,116,10313.0,72.1,4.101,35.25,107.35,69.78,1.5384,32.8
서울,동대문구,2020-04,214,7840.0,53.1,4.119,26.91,80.01,63.09,1.2682,33.6
서울,동대문구,2020-05,169,10195.4,63.1,4.123,35.03,98.13,67.47,1.4544,35.7
서울,동대문구,2020-06,133,9979.6,74.9,4.151,34.52,109.42,69.58,1.5726,31.5
서울,동대문구,2020-07,206,10290.7,62.0,4.105,35.21,97.21,66.72,1.4569,36.2
서울,동대문구,2020-08,160,12546.5,80.7,4.0,41.82,122.52,68.02,1.8013,34.1
서울,동대문구,2020-09,149,11435.3,66.7,4.0,38.12,104.82,63.23,1.6577,36.4
서울,동대문구,2020-10,133,11437.0,73.0,4.072,38.81,111.81,67.18,1.6644,34.7
서울,동대문구,2020-11,241,10907.1,45.4,4.0,36.36,81.76,59.79,1.3674,44.5
서울,동대문구,2020-12,179,12538.4,74.0,3.943,41.2,115.2,62.28,1.8497,35.8
서울,동대문구,2021-01,226,11571.1,61.5,3.925,37.85,99.35,59.35,1.674,38.1
서울,동대문구,2021-02,197,14299.7,65.4,3.925,46.77,112.17,58.61,1.9139,41.7
서울,동대문구,2021-03,210,13806.9,66.2,3.865,44.47,110.67,63.92,1.7315,40.2
서울,동대문구,2021-04,149,14041.2,75.4,3.84,44.94,120.34,63.72,1.8885,37.3
서울,동대문구,2021-05,191,13489.0,75.8,4.055,45.58,121.38,66.05,1.8378,37.6
서울,동대문구,2021-06,202,14005.1,74.2,4.105,47.91,122.11,62.5,1.9538,39.2
서울,동대문구,2021-07,288,9551.1,51.5,4.189,33.34,84.84,53.71,1.5796,39.3
서울,동대문구,2021-08,183,10031.5,68.7,4.187,35.0,103.7,58.61,1.7694,33.8
서울,동대문구,2021-09,235,10258.1,53.3,4.358,37.25,90.55,54.17,1.6716,41.1
서울,동대문구,2021-10,161,15138.5,99.0,4.286,54.07,153.07,64.73,2.3647,35.3
서울,동대문구,2021-11,219,13985.1,76.1,4.2,48.95,125.05,63.1,1.9817,39.1
서울,동대문구,2021-12,308,12658.2,76.7,4.106,43.31,120.01,59.02,2.0334,36.1
서울,동대문구,2022-01,262,13102.3,79.9,4.144,45.25,125.15,57.2,2.1879,36.2
서울,동대문구,2022-02,213,13133.8,79.5,4.333,47.42,126.92,58.74,2.1608,37.4
서울,동대문구,2022-03,215,13133.4,84.9,4.349,47.6,132.5,62.69,2.1136,35.9
서울,동대문구,2022-04,210,14181.1,94.0,4.38,51.76,145.76,62.97,2.3147,35.5
서울,동대문구,2022-05,205,12781.7,82.8,4.276,45.55,128.35,61.54,2.0856,35.5
서울,동대문구,2022-06,240,11741.8,76.2,4.389,42.95,119.15,59.63,1.9981,36.0
서울,동대문구,2022-07,312,12323.8,71.1,4.579,47.03,118.13,57.38,2.0587,39.8
서울,동대문구,2022-08,243,14450.6,84.2,4.541,54.68,138.88,59.48,2.3349,39.4
서울,동대문구,2022-09,289,13562.5,77.3,4.547,51.39,128.69,62.11,2.0719,39.9
서울,동대문구,2022-10,247,17033.2,91.5,4.616,65.53,157.03,64.51,2.4341,41.7
서울,동대문구,2022-11,262,11639.9,64.4,4.629,44.9,109.3,60.09,1.8189,41.1
서울,동대문구,2022-12,498,12389.5,50.3,4.623,47.73,98.03,45.46,2.1564,48.7
서울,동대문구,2023-01,258,12486.1,84.3,4.616,48.03,132.33,60.17,2.1993,36.3
서울,동대문구,2023-02,290,12319.3,72.4,4.722,48.48,120.88,59.0,2.0488,40.1
서울,동대문구,2023-03,318,9795.9,71.8,4.81,39.26,111.06,60.84,1.8255,35.4
서울,동대문구,2023-04,224,10870.2,97.3,4.985,45.15,142.45,66.97,2.1271,31.7
서울,동대문구,2023-05,205,12479.8,93.5,5.063,52.66,146.16,68.69,2.1278,36.0
서울,동대문구,2023-06,272,11883.0,110.1,5.072,50.23,160.33,71.56,2.2405,31.3
서울,동대문구,2023-07,253,11739.8,98.9,5.049,49.4,148.3,69.61,2.1304,33.3
서울,동대문구,2023-08,275,11110.6,121.7,4.971,46.03,167.73,70.87,2.3667,27.4
서울,동대문구,2023-09,231,13287.9,104.8,4.976,55.1,159.9,70.03,2.2832,34.5
서울,동대문구,2023-10,219,14918.6,104.4,4.974,61.84,166.24,68.85,2.4145,37.2
서울,동대문구,2023-11,224,13093.5,104.8,4.948,53.99,158.79,68.2,2.3284,34.0
서울,동대문구,2023-12,293,11757.8,90.3,4.893,47.94,138.24,59.36,2.3289,34.7
서울,동대문구,2024-01,315,10856.8,89.8,4.801,43.43,133.23,60.91,2.1874,32.6
서울,동대문구,2024-02,270,9940.1,80.7,4.8,39.76,120.46,56.18,2.1442,33.0
서울,동대문구,2024-03,281,12890.0,81.4,4.8,51.56,132.96,62.74,2.1192,38.8
서울,동대문구,2024-04,188,12979.7,89.7,4.771,51.61,141.31,64.32,2.1969,36.5
서울,동대문구,2024-05,250,12356.7,88.5,4.76,49.02,137.52,63.57,2.1633,35.6
서울,동대문구,2024-06,188,12347.6,96.7,4.8,49.39,146.09,64.13,2.278,33.8
서울,동대문구,2024-07,215,12299.3,88.7,4.8,49.2,137.9,59.64,2.3122,35.7
서울,동대문구,2024-08,214,10556.0,89.6,4.746,41.75,131.35,60.68,2.1646,31.8
서울,동대문구,2024-09,163,11822.5,94.2,4.739,46.69,140.89,62.21,2.2647,33.1
서울,동대문구,2024-10,281,11310.7,77.0,4.786,45.11,122.11,59.03,2.0687,36.9
서울,동대문구,2024-11,294,12013.1,88.0,4.743,47.48,135.48,59.02,2.2955,35.0
서울,동대문구,2024-12,405,12013.3,88.0,4.794,47.99,135.99,58.21,2.3363,35.3
서울,동대문구,2025-01,511,12322.5,79.6,4.717,48.44,128.04,58.27,2.1973,37.8
서울,동대문구,2025-02,493,11633.9,91.5,4.732,45.88,137.38,59.91,2.2931,33.4
서울,동대문구,2025-03,313,13551.5,113.3,4.8,54.21,167.51,67.0,2.5001,32.4
서울,동대문구,2025-04,278,14121.8,98.6,4.881,57.44,156.04,64.14,2.4328,36.8
서울,동대문구,2025-05,487,9687.8,65.2,4.865,39.27,104.47,54.46,1.9184,37.6
서울,동대문구,2025-06,463,10925.2,86.6,4.8,43.7,130.3,58.92,2.2115,33.5
서울,동대문구,2025-07,411,10487.8,83.8,4.8,41.95,125.75,58.21,2.1603,33.4
서울,동대문구,2025-08,309,11468.5,98.2,4.701,44.93,143.13,59.32,2.4128,31.4
서울,동대문구,2025-09,253,12298.4,116.7,4.638,47.54,164.24,66.14,2.4831,28.9
서울,동대문구,2025-10,253,14922.5,118.3,4.639,57.69,175.99,68.67,2.5629,32.8
서울,동대문구,2025-11,303,14245.4,101.6,4.66,55.32,156.92,61.85,2.5372,35.3
서울,동대문구,2025-12,566,10856.4,74.4,4.729,42.78,117.18,51.73,2.2652,36.5
서울,동대문구,2026-01,441,11569.7,91.2,4.823,46.5,137.7,56.78,2.4252,33.8
서울,동대문구,2026-02,324,10687.7,108.2,4.928,43.89,152.09,55.48,2.7414,28.9
서울,동대문구,2026-03,278,14111.0,110.1,4.862,57.17,167.27,59.14,2.8283,34.2
서울,동대문구,2026-04,265,14228.9,100.5,4.866,57.69,158.19,58.69,2.6954,36.5
서울,동대문구,2026-05,274,13135.4,106.8,4.909,53.74,160.54,59.19,2.7122,33.5
서울,동대문구,2026-06,383,10710.6,77.3,4.694,41.9,119.2,50.79,2.3469,35.2
서울,동대문구,2026-07,341,11246.4,81.2,4.673,43.8,125.0,45.73,2.7333,35.0
서울,동작구,2011-01,68,10491.6,77.8,7.149,62.5,140.3,80.49,1.7431,44.5
서울,동작구,2011-02,78,10423.0,70.2,7.149,62.09,132.29,79.54,1.6632,46.9
서울,동작구,2011-03,71,10022.6,76.8,7.149,59.71,136.51,81.22,1.6807,43.7
서울,동작구,2011-04,55,10495.5,67.9,7.149,62.53,130.43,78.88,1.6535,47.9
서울,동작구,2011-05,50,9154.3,80.5,7.149,54.54,135.04,82.17,1.6434,40.4
서울,동작구,2011-06,63,8742.9,65.7,7.149,52.09,117.79,79.26,1.4861,44.2
서울,동작구,2011-07,51,12593.6,72.6,7.106,74.58,147.18,80.4,1.8306,50.7
서울,동작구,2011-08,59,10417.8,84.5,7.0,60.77,145.27,80.25,1.8102,41.8
서울,동작구,2011-09,46,9732.2,77.0,7.0,56.77,133.77,77.79,1.7196,42.4
서울,동작구,2011-10,56,9919.0,87.9,7.0,57.86,145.76,81.0,1.7995,39.7
서울,동작구,2011-11,50,12538.2,85.8,6.857,71.65,157.45,82.43,1.9101,45.5
서울,동작구,2011-12,68,10812.7,80.7,6.857,61.79,142.49,80.67,1.7663,43.4
서울,동작구,2012-01,73,10454.7,89.2,6.824,59.45,148.65,79.62,1.867,40.0
서울,동작구,2012-02,74,12647.8,75.6,6.8,71.67,147.27,83.3,1.768,48.7
서울,동작구,2012-03,68,11734.1,72.4,6.717,65.68,138.08,82.77,1.6682,47.6
서울,동작구,2012-04,55,12563.6,74.4,6.667,69.8,144.2,81.03,1.7796,48.4
서울,동작구,2012-05,53,10425.1,74.7,6.667,57.92,132.62,80.04,1.6569,43.7
서울,동작구,2012-06,50,11014.0,80.5,6.578,60.38,140.88,82.38,1.7101,42.9
서울,동작구,2012-07,58,11197.7,80.8,6.545,61.08,141.88,81.14,1.7486,43.0
서울,동작구,2012-08,54,9123.1,101.8,6.553,49.82,151.62,80.95,1.873,32.9
서울,동작구,2012-09,68,12067.9,81.5,6.545,65.82,147.32,80.6,1.8279,44.7
서울,동작구,2012-10,67,9898.0,93.6,6.437,53.09,146.69,80.62,1.8195,36.2
서울,동작구,2012-11,82,9803.7,84.3,6.446,52.66,136.96,80.06,1.7107,38.4
서울,동작구,2012-12,109,7486.6,66.3,6.522,40.69,106.99,78.3,1.3664,38.0
서울,동작구,2013-01,159,9380.4,74.4,6.574,51.39,125.79,77.17,1.6301,40.9
서울,동작구,2013-02,143,10624.8,72.0,6.702,59.34,131.34,77.78,1.6886,45.2
서울,동작구,2013-03,136,11325.3,82.0,6.75,63.7,145.7,80.95,1.7999,43.7
서울,동작구,2013-04,73,12942.0,86.4,6.725,72.53,158.93,85.67,1.8552,45.6
서울,동작구,2013-05,64,14556.4,83.3,6.621,80.31,163.61,83.17,1.9672,49.1
서울,동작구,2013-06,91,12456.2,79.8,6.667,69.2,149.0,81.06,1.8382,46.4
서울,동작구,2013-07,94,12174.2,67.4,6.462,65.55,132.95,79.77,1.6667,49.3
서울,동작구,2013-08,104,14250.0,80.4,6.207,73.71,154.11,83.24,1.8514,47.8
서울,동작구,2013-09,84,15171.6,83.5,6.0,75.86,159.36,83.19,1.9156,47.6
서울,동작구,2013-10,117,15449.7,76.7,6.0,77.25,153.95,84.21,1.8281,50.2
서울,동작구,2013-11,97,15592.8,82.6,5.782,75.13,157.73,83.03,1.8997,47.6
서울,동작구,2013-12,121,12981.5,78.3,5.714,61.82,140.12,79.77,1.7565,44.1
서울,동작구,2014-01,137,14279.1,76.7,5.581,66.41,143.11,79.9,1.7912,46.4
서울,동작구,2014-02,132,14797.7,71.1,5.492,67.72,138.82,80.22,1.7305,48.8
서울,동작구,2014-03,124,14642.4,70.3,5.455,66.56,136.86,80.26,1.7052,48.6
서울,동작구,2014-04,93,14729.8,81.5,5.512,67.66,149.16,80.42,1.8547,45.4
서울,동작구,2014-05,92,13662.4,76.8,5.518,62.82,139.62,81.89,1.705,45.0
서울,동작구,2014-06,88,17757.4,76.5,5.514,81.59,158.09,81.71,1.9347,51.6
서울,동작구,2014-07,96,18791.6,69.9,5.504,86.19,156.09,82.2,1.8989,55.2
서울,동작구,2014-08,116,18897.9,70.6,5.455,85.9,156.5,80.97,1.9328,54.9
서울,동작구,2014-09,112,18292.0,69.0,5.375,81.93,150.93,82.09,1.8386,54.3
서울,동작구,2014-10,115,20613.0,74.3,5.205,89.41,163.71,82.21,1.9913,54.6
서울,동작구,2014-11,107,20181.4,68.7,5.143,86.49,155.19,82.65,1.8777,55.7
서울,동작구,2014-12,174,17856.2,66.9,5.073,75.49,142.39,80.79,1.7625,53.0
서울,동작구,2015-01,219,17943.2,69.4,5.067,75.76,145.16,81.38,1.7837,52.2
서울,동작구,2015-02,181,19990.1,69.9,5.072,84.49,154.39,81.79,1.8876,54.7
서울,동작구,2015-03,231,19454.5,69.8,5.018,81.36,151.16,81.48,1.8551,53.8
서울,동작구,2015-04,145,21481.7,69.8,4.993,89.38,159.18,86.13,1.8482,56.2
서울,동작구,2015-05,125,20778.8,70.3,4.861,84.18,154.48,83.82,1.843,54.5
서울,동작구,2015-06,162,20805.6,73.0,4.851,84.11,157.11,82.01,1.9157,53.5
서울,동작구,2015-07,165,20333.2,69.2,4.8,81.33,150.53,80.75,1.8642,54.0
서울,동작구,2015-08,166,20682.8,69.7,4.787,82.5,152.2,80.68,1.8865,54.2
서울,동작구,2015-09,148,22712.1,74.3,4.667,88.32,162.62,80.7,2.0152,54.3
서울,동작구,2015-10,204,24342.9,71.7,4.541,92.11,163.81,81.97,1.9984,56.2
서울,동작구,2015-11,184,20266.4,69.0,4.573,77.22,146.22,76.18,1.9194,52.8
서울,동작구,2015-12,239,19189.7,65.3,4.5,71.96,137.26,73.47,1.8683,52.4
서울,동작구,2016-01,204,22421.1,63.0,4.537,84.77,147.77,78.16,1.8906,57.4
서울,동작구,2016-02,201,20713.5,62.7,4.5,77.68,140.38,76.35,1.8386,55.3
서울,동작구,2016-03,173,22685.5,63.5,4.5,85.07,148.57,79.3,1.8735,57.3
서울,동작구,2016-04,163,21538.2,67.7,4.5,80.77,148.47,78.91,1.8815,54.4
서울,동작구,2016-05,159,22161.2,62.5,4.421,81.65,144.15,79.79,1.8066,56.6
서울,동작구,2016-06,152,24294.4,66.0,4.303,87.11,153.11,78.72,1.9449,56.9
서울,동작구,2016-07,137,24638.8,65.0,4.298,88.25,153.25,81.63,1.8773,57.6
서울,동작구,2016-08,172,25533.1,61.1,4.163,88.58,149.68,79.17,1.8906,59.2
서울,동작구,2016-09,165,23387.9,60.9,4.114,80.19,141.09,80.89,1.7442,56.8
서울,동작구,2016-10,180,24085.9,65.7,3.974,79.77,145.47,79.28,1.8349,54.8
서울,동작구,2016-11,164,26288.7,64.7,3.901,85.47,150.17,81.01,1.8537,56.9
서울,동작구,2016-12,235,21825.6,62.8,3.892,70.79,133.59,76.64,1.743,53.0
서울,동작구,2017-01,199,22118.3,65.3,3.913,72.12,137.42,77.09,1.7827,52.5
서울,동작구,2017-02,243,22486.5,65.7,3.999,74.93,140.63,76.35,1.842,53.3
서울,동작구,2017-03,169,20434.4,70.5,4.0,68.11,138.61,78.91,1.7566,49.1
서울,동작구,2017-04,159,23558.1,62.5,4.0,78.53,141.03,77.96,1.809,55.7
서울,동작구,2017-05,126,20717.3,67.0,4.0,69.06,136.06,80.3,1.6944,50.8
서울,동작구,2017-06,144,20362.8,72.1,4.0,67.88,139.98,79.47,1.7614,48.5
서울,동작구,2017-07,158,19610.2,66.0,3.951,64.57,130.57,77.59,1.6828,49.5
서울,동작구,2017-08,135,18183.1,76.4,3.904,59.16,135.56,80.77,1.6784,43.6
서울,동작구,2017-09,145,21124.3,74.4,3.84,67.6,142.0,79.35,1.7895,47.6
서울,동작구,2017-10,111,24395.7,68.5,3.818,77.62,146.12,81.77,1.787,53.1
서울,동작구,2017-11,166,18794.8,65.9,3.818,59.8,125.7,77.82,1.6153,47.6
서울,동작구,2017-12,162,20112.4,70.3,3.818,63.99,134.29,76.3,1.7601,47.7
서울,동작구,2018-01,189,17817.1,73.8,3.84,57.01,130.81,76.51,1.7098,43.6
서울,동작구,2018-02,155,19256.3,69.7,3.861,61.95,131.65,78.37,1.6799,47.1
서울,동작구,2018-03,162,20066.8,74.7,3.871,64.73,139.43,77.7,1.7945,46.4
서울,동작구,2018-04,118,20225.7,67.9,3.878,65.37,133.27,77.61,1.7171,49.0
서울,동작구,2018-05,130,21184.9,73.9,3.927,69.32,143.22,78.36,1.8277,48.4
서울,동작구,2018-06,158,18255.4,79.4,3.853,58.62,138.02,76.86,1.7957,42.5
서울,동작구,2018-07,149,20209.0,69.9,3.847,64.79,134.69,78.42,1.7175,48.1
서울,동작구,2018-08,151,21197.8,76.0,3.857,68.14,144.14,77.3,1.8646,47.3
서울,동작구,2018-09,199,17718.2,70.4,3.747,55.32,125.72,74.83,1.6801,44.0
서울,동작구,2018-10,149,22739.6,74.0,3.682,69.77,143.77,77.24,1.8613,48.5
서울,동작구,2018-11,145,21278.4,71.6,3.628,64.33,135.93,77.24,1.7598,47.3
서울,동작구,2018-12,234,16411.4,73.9,3.636,49.73,123.63,74.04,1.6698,40.2
서울,동작구,2019-01,215,17457.6,79.3,3.643,53.0,132.3,75.67,1.7483,40.1
서울,동작구,2019-02,201,16267.1,72.0,3.701,50.18,122.18,75.82,1.6114,41.1
서울,동작구,2019-03,150,15998.8,75.3,3.771,50.28,125.58,74.99,1.6746,40.0
서울,동작구,2019-04,119,15917.5,71.1,3.853,51.11,122.21,75.62,1.6161,41.8
서울,동작구,2019-05,118,18430.9,72.9,3.853,59.18,132.08,79.93,1.6524,44.8
서울,동작구,2019-06,111,16944.4,75.5,3.906,55.16,130.66,75.69,1.7262,42.2
서울,동작구,2019-07,131,18519.4,71.6,3.853,59.46,131.06,77.1,1.6998,45.4
서울,동작구,2019-08,135,16631.6,69.6,3.789,52.52,122.12,76.65,1.5932,43.0
서울,동작구,2019-09,110,19358.0,73.6,3.728,60.14,133.74,78.18,1.7107,45.0
서울,동작구,2019-10,122,22143.7,80.5,3.692,68.13,148.63,79.27,1.875,45.8
서울,동작구,2019-11,142,16951.4,87.4,3.731,52.71,140.11,77.52,1.8074,37.6
서울,동작구,2019-12,183,19265.4,81.0,3.667,58.88,139.88,74.72,1.872,42.1
서울,동작구,2020-01,159,16289.0,74.4,3.692,50.12,124.52,75.71,1.6447,40.3
서울,동작구,2020-02,177,16178.4,78.1,3.682,49.64,127.74,75.03,1.7025,38.9
서울,동작구,2020-03,122,17715.9,94.0,3.703,54.67,148.67,75.79,1.9616,36.8
서울,동작구,2020-04,128,15278.8,62.0,3.667,46.69,108.69,74.32,1.4624,43.0
서울,동작구,2020-05,130,20782.4,69.6,3.667,63.5,133.1,75.66,1.7592,47.7
서울,동작구,2020-06,133,21384.8,84.1,3.661,65.24,149.34,77.56,1.9255,43.7
서울,동작구,2020-07,201,17693.9,78.2,3.657,53.92,132.12,77.0,1.7158,40.8
서울,동작구,2020-08,173,22335.4,74.2,3.614,67.28,141.48,76.19,1.8569,47.6
서울,동작구,2020-09,160,22801.7,65.3,3.6,68.41,133.71,71.45,1.8713,51.2
서울,동작구,2020-10,158,26842.8,83.3,3.64,81.43,164.73,76.48,2.1539,49.4
서울,동작구,2020-11,223,23805.6,63.8,3.6,71.42,135.22,74.45,1.8162,52.8
서울,동작구,2020-12,202,25971.0,82.8,3.582,77.53,160.33,75.78,2.1157,48.4
서울,동작구,2021-01,249,23407.7,75.3,3.554,69.32,144.62,73.85,1.9583,47.9
서울,동작구,2021-02,199,23263.8,91.7,3.623,70.23,161.93,77.25,2.0962,43.4
서울,동작구,2021-03,193,23789.3,82.3,3.628,71.92,154.22,75.18,2.0514,46.6
서울,동작구,2021-04,151,25494.6,79.0,3.6,76.48,155.48,76.43,2.0343,49.2
서울,동작구,2021-05,240,30227.5,100.8,3.643,91.76,192.56,78.86,2.4419,47.7
서울,동작구,2021-06,197,23236.4,96.9,3.724,72.11,169.01,73.84,2.2889,42.7
서울,동작구,2021-07,210,22493.2,87.2,3.605,67.58,154.78,69.66,2.2219,43.7
서울,동작구,2021-08,215,24849.0,95.3,3.605,74.64,169.94,71.42,2.3795,43.9
서울,동작구,2021-09,198,21841.1,76.9,3.605,65.62,142.52,68.53,2.0797,46.0
서울,동작구,2021-10,192,28718.5,96.9,3.6,86.16,183.06,73.91,2.4767,47.1
서울,동작구,2021-11,180,26230.7,105.4,3.709,81.08,186.48,73.52,2.5364,43.5
서울,동작구,2021-12,305,22405.7,81.6,3.618,67.55,149.15,68.52,2.1767,45.3
서울,동작구,2022-01,233,23918.8,90.0,3.692,73.6,163.6,68.98,2.3716,45.0
서울,동작구,2022-02,266,20997.7,88.1,3.619,63.33,151.43,66.76,2.2683,41.8
서울,동작구,2022-03,195,23362.8,100.8,3.692,71.89,172.69,71.05,2.4305,41.6
서울,동작구,2022-04,215,28197.9,110.8,3.675,86.35,197.15,74.56,2.6441,43.8
서울,동작구,2022-05,184,26967.1,112.0,3.761,84.51,196.51,74.65,2.6324,43.0
서울,동작구,2022-06,234,23675.7,90.4,3.883,76.62,167.02,72.09,2.3168,45.9
서울,동작구,2022-07,232,23718.4,93.2,3.895,76.98,170.18,72.27,2.3548,45.2
서울,동작구,2022-08,216,23993.9,91.1,4.0,79.98,171.08,66.28,2.5812,46.7
서울,동작구,2022-09,318,12042.8,69.9,4.056,40.7,110.6,55.64,1.9878,36.8
서울,동작구,2022-10,251,18629.1,87.2,4.114,63.87,151.07,67.73,2.2305,42.3
서울,동작구,2022-11,245,19725.8,84.3,4.096,67.32,151.62,70.25,2.1583,44.4
서울,동작구,2022-12,291,18259.5,90.6,4.138,62.96,153.56,69.36,2.214,41.0
서울,동작구,2023-01,258,18720.8,88.2,4.319,67.39,155.59,70.92,2.1938,43.3
서울,동작구,2023-02,266,18876.3,95.0,4.465,70.24,165.24,71.87,2.2991,42.5
서울,동작구,2023-03,280,21964.8,99.8,4.64,84.94,184.74,76.09,2.4279,46.0
서울,동작구,2023-04,174,19979.2,105.9,4.749,79.06,184.96,75.41,2.4528,42.7
서울,동작구,2023-05,217,19162.7,98.1,4.8,76.65,174.75,75.32,2.3201,43.9
서울,동작구,2023-06,235,19761.4,94.5,4.736,77.99,172.49,75.59,2.2819,45.2
서울,동작구,2023-07,198,17768.2,103.3,4.714,69.8,173.1,73.29,2.3619,40.3
서울,동작구,2023-08,203,18467.4,101.6,4.698,72.3,173.9,73.63,2.3618,41.6
서울,동작구,2023-09,183,19502.2,110.6,4.588,74.57,185.17,74.57,2.4831,40.3
서울,동작구,2023-10,193,20365.6,106.9,4.485,76.12,183.02,75.11,2.4367,41.6
서울,동작구,2023-11,171,19484.1,110.3,4.404,71.51,181.81,75.69,2.402,39.3
서울,동작구,2023-12,332,17604.0,82.0,4.436,65.08,147.08,66.84,2.2004,44.2
서울,동작구,2024-01,335,15799.7,77.6,4.435,58.39,135.99,64.02,2.1242,42.9
서울,동작구,2024-02,207,19526.2,101.2,4.391,71.45,172.65,69.02,2.5014,41.4
서울,동작구,2024-03,452,15625.9,76.9,4.365,56.83,133.73,58.13,2.3006,42.5
서울,동작구,2024-04,190,18435.9,95.9,4.364,67.04,162.94,68.36,2.3836,41.1
서울,동작구,2024-05,191,20863.8,125.6,4.33,75.29,200.89,74.18,2.7081,37.5
서울,동작구,2024-06,171,20375.0,101.0,4.371,74.22,175.22,70.58,2.4826,42.4
서울,동작구,2024-07,162,21635.0,107.8,4.4,79.33,187.13,73.71,2.5387,42.4
서울,동작구,2024-08,159,20144.7,113.0,4.364,73.25,186.25,72.89,2.5553,39.3
서울,동작구,2024-09,201,20436.3,89.0,4.364,74.31,163.31,67.05,2.4357,45.5
서울,동작구,2024-10,192,20023.7,98.7,4.432,73.95,172.65,67.76,2.548,42.8
서울,동작구,2024-11,194,20243.7,103.5,4.38,73.89,177.39,72.22,2.4562,41.7
서울,동작구,2024-12,204,17923.7,95.0,4.457,66.57,161.57,68.88,2.3457,41.2
서울,동작구,2025-01,192,21163.5,117.2,4.367,77.02,194.22,72.47,2.68,39.7
서울,동작구,2025-02,268,13462.1,84.7,4.471,50.15,134.85,63.66,2.1183,37.2
서울,동작구,2025-03,220,21090.5,116.9,4.553,80.01,196.91,73.73,2.6707,40.6
서울,동작구,2025-04,201,18582.5,100.0,4.54,70.31,170.31,69.93,2.4354,41.3
서울,동작구,2025-05,202,20267.4,102.2,4.634,78.27,180.47,71.24,2.5333,43.4
서울,동작구,2025-06,217,18876.9,92.1,4.53,71.27,163.37,72.48,2.254,43.6
서울,동작구,2025-07,189,18977.6,114.0,4.545,71.88,185.88,73.65,2.5239,38.7
서울,동작구,2025-08,168,18171.1,120.7,4.478,67.8,188.5,74.31,2.5367,36.0
서울,동작구,2025-09,148,20595.6,112.1,4.489,77.05,189.15,74.07,2.5537,40.7
서울,동작구,2025-10,178,23523.0,119.9,4.5,88.21,208.11,76.16,2.7326,42.4
서울,동작구,2025-11,189,23700.7,126.5,4.545,89.76,216.26,76.08,2.8426,41.5
서울,동작구,2025-12,224,23032.5,121.6,4.557,87.46,209.06,71.87,2.9089,41.8
서울,동작구,2026-01,238,20836.6,124.2,4.571,79.38,203.58,71.03,2.8661,39.0
서울,동작구,2026-02,183,25699.4,125.3,4.5,96.37,221.67,67.76,3.2714,43.5
서울,동작구,2026-03,233,26107.6,128.3,4.531,98.58,226.88,69.82,3.2495,43.5
서울,동작구,2026-04,238,20428.1,116.9,4.528,77.07,193.97,63.94,3.0337,39.7
서울,동작구,2026-05,192,25129.5,134.1,4.633,97.03,231.13,71.42,3.2361,42.0
서울,동작구,2026-06,159,25658.9,117.6,4.652,99.46,217.06,71.7,3.0274,45.8
서울,동작구,2026-07,166,28639.0,137.8,4.667,111.37,249.17,73.35,3.3971,44.7
서울,마포구,2011-01,89,7554.6,97.6,7.357,46.31,143.91,78.23,1.8396,32.2
서울,마포구,2011-02,98,7052.5,79.0,7.357,43.24,122.24,76.43,1.5993,35.4
서울,마포구,2011-03,101,7020.2,78.1,7.357,43.04,121.14,74.98,1.6156,35.5
서울,마포구,2011-04,61,8942.8,77.2,7.357,54.82,132.02,78.5,1.6818,41.5
서울,마포구,2011-05,88,7019.7,93.2,7.357,43.03,136.23,78.84,1.728,31.6
서울,마포구,2011-06,78,7614.1,84.5,7.357,46.68,131.18,79.52,1.6496,35.6
서울,마포구,2011-07,114,8324.4,65.4,7.286,50.54,115.94,75.69,1.5318,43.6
서울,마포구,2011-08,87,8345.2,97.3,7.2,50.07,147.37,80.43,1.8323,34.0
서울,마포구,2011-09,79,8804.3,85.9,7.111,52.17,138.07,77.14,1.7899,37.8
서울,마포구,2011-10,93,8424.5,74.5,7.087,49.75,124.25,77.52,1.6028,40.0
서울,마포구,2011-11,54,9790.4,89.6,7.0,57.11,146.71,78.97,1.8578,38.9
서울,마포구,2011-12,66,8178.8,89.7,7.0,47.71,137.41,77.28,1.7781,34.7
서울,마포구,2012-01,87,9778.0,96.5,6.984,56.91,153.41,79.18,1.9374,37.1
서울,마포구,2012-02,83,8942.2,104.8,6.909,51.49,156.29,78.99,1.9785,32.9
서울,마포구,2012-03,136,8214.4,63.9,6.904,47.26,111.16,76.67,1.4499,42.5
서울,마포구,2012-04,77,8319.3,91.8,6.857,47.54,139.34,77.01,1.8094,34.1
서울,마포구,2012-05,80,9478.4,97.7,6.857,54.16,151.86,79.41,1.9124,35.7
서울,마포구,2012-06,69,8590.3,81.4,6.786,48.57,129.97,79.2,1.6411,37.4
서울,마포구,2012-07,67,9639.6,96.0,6.786,54.51,150.51,77.87,1.9328,36.2
서울,마포구,2012-08,115,8204.6,69.9,6.706,45.85,115.75,75.31,1.537,39.6
서울,마포구,2012-09,104,9643.7,74.8,6.667,53.58,128.38,74.36,1.7264,41.7
서울,마포구,2012-10,114,7491.9,79.7,6.575,41.05,120.75,76.2,1.5847,34.0
서울,마포구,2012-11,89,7242.2,72.5,6.545,39.5,112.0,75.55,1.4825,35.3
서울,마포구,2012-12,133,7308.7,62.0,6.571,40.02,102.02,75.6,1.3495,39.2
서울,마포구,2013-01,136,10023.0,84.6,6.514,54.41,139.01,78.16,1.7785,39.1
서울,마포구,2013-02,134,10285.7,82.3,6.492,55.65,137.95,77.26,1.7855,40.3
서울,마포구,2013-03,125,11029.3,90.5,6.429,59.09,149.59,77.7,1.9252,39.5
서울,마포구,2013-04,132,11054.8,83.3,6.353,58.53,141.83,78.41,1.8088,41.3
서울,마포구,2013-05,113,10814.3,81.0,6.376,57.46,138.46,79.14,1.7495,41.5
서울,마포구,2013-06,104,11766.3,86.7,6.261,61.39,148.09,80.53,1.8389,41.5
서울,마포구,2013-07,116,8829.8,76.0,6.241,45.92,121.92,75.64,1.6119,37.7
서울,마포구,2013-08,120,11164.2,90.2,6.1,56.75,146.95,81.16,1.8106,38.6
서울,마포구,2013-09,113,12039.1,85.8,6.001,60.2,146.0,77.7,1.879,41.2
서울,마포구,2013-10,116,15672.5,81.0,6.0,78.36,159.36,79.41,2.0068,49.2
서울,마포구,2013-11,90,11845.0,85.9,6.0,59.22,145.12,78.42,1.8506,40.8
서울,마포구,2013-12,123,11953.4,83.5,6.0,59.77,143.27,80.38,1.7824,41.7
서울,마포구,2014-01,156,13716.0,80.5,6.0,68.58,149.08,78.25,1.9052,46.0
서울,마포구,2014-02,148,13591.5,79.3,6.0,67.96,147.26,77.61,1.8974,46.1
서울,마포구,2014-03,210,11770.7,67.3,6.0,58.85,126.15,74.48,1.6938,46.7
서울,마포구,2014-04,128,14147.2,87.7,6.0,70.74,158.44,78.7,2.0132,44.6
서울,마포구,2014-05,98,10560.8,80.4,6.0,52.8,133.2,76.77,1.7351,39.6
서울,마포구,2014-06,104,13756.5,86.9,5.988,68.64,155.54,75.26,2.0667,44.1
서울,마포구,2014-07,128,11858.8,81.5,5.87,58.01,139.51,73.6,1.8955,41.6
서울,마포구,2014-08,166,13157.5,71.8,5.735,62.88,134.68,75.29,1.7889,46.7
서울,마포구,2014-09,149,13004.3,78.1,5.715,61.93,140.03,76.53,1.8297,44.2
서울,마포구,2014-10,194,12216.8,82.7,5.69,57.92,140.62,76.17,1.8462,41.2
서울,마포구,2014-11,199,12854.2,84.2,5.581,59.79,143.99,76.13,1.8913,41.5
서울,마포구,2014-12,204,12207.5,79.8,5.538,56.34,136.14,76.63,1.7766,41.4
서울,마포구,2015-01,321,15678.0,85.5,5.5,71.86,157.36,77.12,2.0404,45.7
서울,마포구,2015-02,193,17335.2,78.8,5.451,78.74,157.54,76.66,2.0551,50.0
서울,마포구,2015-03,288,16930.3,85.9,5.226,73.73,159.63,77.78,2.0524,46.2
서울,마포구,2015-04,236,17780.5,88.9,5.143,76.2,165.1,79.62,2.0736,46.2
서울,마포구,2015-05,200,17893.6,84.7,5.143,76.69,161.39,75.47,2.1384,47.5
서울,마포구,2015-06,186,16666.1,88.3,5.143,71.43,159.73,76.69,2.0828,44.7
서울,마포구,2015-07,201,15005.1,84.1,5.143,64.31,148.41,72.94,2.0347,43.3
서울,마포구,2015-08,169,15021.7,82.5,5.134,64.26,146.76,71.24,2.0601,43.8
서울,마포구,2015-09,144,17183.5,78.1,5.053,72.36,150.46,74.73,2.0134,48.1
서울,마포구,2015-10,172,17848.9,78.9,4.963,73.82,152.72,74.59,2.0474,48.3
서울,마포구,2015-11,165,19925.1,69.8,4.8,79.7,149.5,75.67,1.9757,53.3
서울,마포구,2015-12,175,19084.2,80.6,4.8,76.34,156.94,74.22,2.1145,48.6
서울,마포구,2016-01,209,21388.2,74.8,4.662,83.09,157.89,74.89,2.1083,52.6
서울,마포구,2016-02,219,19647.0,75.2,4.569,74.8,150.0,75.1,1.9974,49.9
서울,마포구,2016-03,256,20068.4,67.9,4.5,75.26,143.16,75.03,1.908,52.6
서울,마포구,2016-04,174,19473.9,86.1,4.475,72.63,158.73,76.44,2.0765,45.8
서울,마포구,2016-05,178,19174.9,85.9,4.431,70.8,156.7,75.72,2.0695,45.2
서울,마포구,2016-06,178,17963.2,68.4,4.364,65.32,133.72,69.93,1.9122,48.8
서울,마포구,2016-07,154,21233.4,84.9,4.364,77.21,162.11,74.92,2.1638,47.6
서울,마포구,2016-08,212,22629.7,72.9,4.286,80.82,153.72,75.51,2.0358,52.6
서울,마포구,2016-09,210,22943.0,85.5,4.235,80.98,166.48,76.57,2.1742,48.6
서울,마포구,2016-10,258,24237.8,78.4,4.217,85.17,163.57,73.31,2.2312,52.1
서울,마포구,2016-11,232,23033.0,81.7,4.138,79.42,161.12,74.79,2.1543,49.3
서울,마포구,2016-12,257,21547.1,79.7,4.114,73.88,153.58,75.49,2.0344,48.1
서울,마포구,2017-01,215,19294.2,78.8,4.0,64.31,143.11,72.9,1.9632,44.9
서울,마포구,2017-02,283,19779.2,69.7,4.0,65.93,135.63,71.84,1.888,48.6
서울,마포구,2017-03,263,20508.6,82.5,4.0,68.36,150.86,74.71,2.0193,45.3
서울,마포구,2017-04,168,20079.4,77.1,3.957,66.21,143.31,74.93,1.9126,46.2
서울,마포구,2017-05,181,18600.0,87.9,3.918,60.73,148.63,76.13,1.9524,40.9
서울,마포구,2017-06,189,19133.8,86.3,3.923,62.55,148.85,73.46,2.0263,42.0
서울,마포구,2017-07,173,15891.4,82.7,3.918,51.89,134.59,73.94,1.8203,38.6
서울,마포구,2017-08,165,19184.2,85.5,3.874,61.94,147.44,73.05,2.0183,42.0
서울,마포구,2017-09,197,18143.5,78.4,3.871,58.53,136.93,73.87,1.8536,42.7
서울,마포구,2017-10,137,19080.5,94.1,3.899,62.0,156.1,74.19,2.1041,39.7
서울,마포구,2017-11,179,16737.8,84.0,3.886,54.2,138.2,72.29,1.9117,39.2
서울,마포구,2017-12,214,19439.8,80.6,3.857,62.49,143.09,71.73,1.9948,43.7
서울,마포구,2018-01,234,16303.9,82.4,3.879,52.71,135.11,72.35,1.8674,39.0
서울,마포구,2018-02,207,18778.8,82.5,3.883,60.76,143.26,72.73,1.9697,42.4
서울,마포구,2018-03,250,18384.9,77.6,3.947,60.48,138.08,74.26,1.8594,43.8
서울,마포구,2018-04,162,16392.7,87.9,3.921,53.56,141.46,74.34,1.9029,37.9
서울,마포구,2018-05,143,20034.7,77.4,3.927,65.57,142.97,74.94,1.9078,45.9
서울,마포구,2018-06,142,17214.7,82.6,3.949,56.65,139.25,73.5,1.8946,40.7
서울,마포구,2018-07,144,16505.4,84.1,3.965,54.54,138.64,72.61,1.9094,39.3
서울,마포구,2018-08,190,20276.2,86.8,3.892,65.76,152.56,73.42,2.0779,43.1
서울,마포구,2018-09,171,19655.7,84.5,3.818,62.54,147.04,74.19,1.9819,42.5
서울,마포구,2018-10,183,19947.7,90.1,3.853,64.05,154.15,73.8,2.0887,41.5
서울,마포구,2018-11,195,19104.4,76.3,3.897,62.04,138.34,73.6,1.8796,44.8
서울,마포구,2018-12,236,17393.1,76.1,3.879,56.22,132.32,72.18,1.8332,42.5
서울,마포구,2019-01,218,17333.2,86.5,3.9,56.33,142.83,69.04,2.0688,39.4
서울,마포구,2019-02,216,15867.2,86.2,3.927,51.93,138.13,71.24,1.9389,37.6
서울,마포구,2019-03,204,19225.5,90.6,3.918,62.78,153.38,73.73,2.0803,40.9
서울,마포구,2019-04,147,17667.9,89.0,3.999,58.87,147.87,75.09,1.9693,39.8
서울,마포구,2019-05,152,17299.1,88.6,3.988,57.5,146.1,75.29,1.9404,39.4
서울,마포구,2019-06,188,19010.9,95.8,4.0,63.37,159.17,74.79,2.1282,39.8
서울,마포구,2019-07,153,17346.6,89.5,3.976,57.48,146.98,73.92,1.9884,39.1
서울,마포구,2019-08,203,17912.5,78.1,3.938,58.78,136.88,72.41,1.8904,42.9
서울,마포구,2019-09,179,16834.7,86.9,3.999,56.11,143.01,72.75,1.9658,39.2
서울,마포구,2019-10,212,18660.4,86.5,3.918,60.93,147.43,73.91,1.9947,41.3
서울,마포구,2019-11,225,16612.9,83.5,3.84,53.16,136.66,73.01,1.8718,38.9
서울,마포구,2019-12,255,19469.9,90.6,3.83,62.14,152.74,74.19,2.0587,40.7
서울,마포구,2020-01,230,17936.5,91.4,3.81,56.94,148.34,70.93,2.0914,38.4
서울,마포구,2020-02,207,20434.3,85.9,3.818,65.02,150.92,72.15,2.0917,43.1
서울,마포구,2020-03,264,15036.5,62.9,3.818,47.84,110.74,67.48,1.6411,43.2
서울,마포구,2020-04,372,11855.1,55.5,3.892,38.45,93.95,59.07,1.5905,40.9
서울,마포구,2020-05,224,14713.6,68.3,3.874,47.5,115.8,69.22,1.6729,41.0
서울,마포구,2020-06,192,18965.3,84.6,3.858,60.97,145.57,71.72,2.0297,41.9
서울,마포구,2020-07,260,16718.8,89.3,3.818,53.2,142.5,70.38,2.0247,37.3
서울,마포구,2020-08,291,17210.5,72.7,3.84,55.07,127.77,67.56,1.8913,43.1
서울,마포구,2020-09,243,20372.1,82.0,3.835,65.1,147.1,69.83,2.1065,44.3
서울,마포구,2020-10,1348,7919.2,35.8,3.787,24.99,60.79,39.25,1.5488,41.1
서울,마포구,2020-11,220,22673.9,93.7,3.738,70.62,164.32,73.38,2.2394,43.0
서울,마포구,2020-12,315,18863.0,70.8,3.825,60.13,130.93,67.5,1.9397,45.9
서울,마포구,2021-01,291,19665.9,88.3,3.854,63.17,151.47,68.54,2.2099,41.7
서울,마포구,2021-02,249,22733.4,83.3,3.908,74.03,157.33,69.71,2.2569,47.1
서울,마포구,2021-03,271,17441.7,83.3,4.009,58.27,141.57,68.95,2.0532,41.2
서울,마포구,2021-04,243,23297.7,92.7,4.09,79.4,172.1,72.37,2.378,46.1
서울,마포구,2021-05,277,23610.1,101.2,4.0,78.7,179.9,70.75,2.5428,43.7
서울,마포구,2021-06,374,20291.6,120.6,3.893,65.84,186.44,69.49,2.6829,35.3
서울,마포구,2021-07,358,16185.4,107.4,3.956,53.36,160.76,65.0,2.4732,33.2
서울,마포구,2021-08,481,12686.2,71.1,4.04,42.71,113.81,64.26,1.771,37.5
서울,마포구,2021-09,325,13458.2,75.0,4.077,45.72,120.72,60.59,1.9924,37.9
서울,마포구,2021-10,403,15283.7,88.8,4.235,53.94,142.74,65.86,2.1674,37.8
서울,마포구,2021-11,286,21147.7,100.9,4.356,76.77,177.67,66.55,2.6697,43.2
서울,마포구,2021-12,479,19554.0,99.4,4.364,71.11,170.51,66.4,2.5679,41.7
서울,마포구,2022-01,387,19449.6,102.0,4.32,70.02,172.02,63.89,2.6924,40.7
서울,마포구,2022-02,338,18166.5,108.4,4.32,65.4,173.8,65.89,2.6377,37.6
서울,마포구,2022-03,389,17192.1,88.2,4.364,62.52,150.72,63.02,2.3916,41.5
서울,마포구,2022-04,341,15646.8,120.1,4.32,56.33,176.43,65.29,2.7022,31.9
서울,마포구,2022-05,395,12794.0,106.6,4.21,44.89,151.49,62.69,2.4164,29.6
서울,마포구,2022-06,337,16967.0,100.9,4.232,59.84,160.74,64.65,2.4863,37.2
서울,마포구,2022-07,293,17596.8,119.3,4.235,62.11,181.41,65.66,2.7628,34.2
서울,마포구,2022-08,282,19332.6,117.9,4.21,67.82,185.72,66.99,2.7724,36.5
서울,마포구,2022-09,266,19404.8,120.2,4.203,67.96,188.16,67.46,2.7893,36.1
서울,마포구,2022-10,331,22100.1,140.2,4.186,77.09,217.29,70.51,3.0817,35.5
서울,마포구,2022-11,357,15746.5,105.1,4.258,55.87,160.97,62.98,2.5559,34.7
서울,마포구,2022-12,647,17389.0,99.4,4.367,63.28,162.68,63.64,2.5562,38.9
서울,마포구,2023-01,829,11586.6,71.1,4.5,43.45,114.55,52.19,2.1949,37.9
서울,마포구,2023-02,525,16729.8,107.1,4.68,65.25,172.35,64.74,2.6621,37.9
서울,마포구,2023-03,428,14127.0,119.6,4.8,56.51,176.11,66.44,2.6506,32.1
서울,마포구,2023-04,373,15300.2,115.8,4.897,62.44,178.24,69.02,2.5824,35.0
서울,마포구,2023-05,318,15688.1,124.0,4.811,62.89,186.89,67.62,2.7639,33.7
서울,마포구,2023-06,778,13156.9,65.1,4.8,52.63,117.73,51.56,2.2833,44.7
서울,마포구,2023-07,421,15769.1,119.1,4.8,63.08,182.18,64.85,2.8092,34.6
서울,마포구,2023-08,333,17056.7,123.2,4.8,68.23,191.43,67.54,2.8343,35.6
서울,마포구,2023-09,321,15465.5,111.0,4.75,61.22,172.22,65.52,2.6285,35.5
서울,마포구,2023-10,369,15001.7,117.8,4.633,57.92,175.72,69.06,2.5444,33.0
서울,마포구,2023-11,286,18617.1,131.4,4.629,71.81,203.21,68.58,2.9631,35.3
서울,마포구,2023-12,419,19909.7,106.1,4.618,76.62,182.72,67.54,2.7054,41.9
서울,마포구,2024-01,442,17186.9,107.0,4.605,65.96,172.96,65.03,2.6597,38.1
서울,마포구,2024-02,304,16348.7,128.3,4.6,62.67,190.97,64.77,2.9484,32.8
서울,마포구,2024-03,429,14887.8,97.6,4.678,58.04,155.64,65.29,2.3838,37.3
서울,마포구,2024-04,279,18577.2,134.8,4.705,72.84,207.64,68.57,3.0282,35.1
서울,마포구,2024-05,329,15874.7,111.1,4.737,62.66,173.76,65.04,2.6716,36.1
서울,마포구,2024-06,278,19653.3,141.1,4.675,76.57,217.67,68.52,3.1768,35.2
서울,마포구,2024-07,241,18482.3,140.6,4.667,71.88,212.48,70.39,3.0185,33.8
서울,마포구,2024-08,288,16092.7,145.4,4.653,62.4,207.8,68.41,3.0376,30.0
서울,마포구,2024-09,253,22195.4,115.1,4.616,85.37,200.47,68.19,2.9399,42.6
서울,마포구,2024-10,277,19488.6,128.1,4.6,74.71,202.81,67.85,2.989,36.8
서울,마포구,2024-11,231,19914.4,158.8,4.596,76.27,235.07,69.4,3.3871,32.4
서울,마포구,2024-12,359,16799.9,117.1,4.606,64.48,181.58,63.99,2.8377,35.5
서울,마포구,2025-01,332,14808.8,113.4,4.611,56.91,170.31,61.7,2.7602,33.4
서울,마포구,2025-02,310,17113.1,138.2,4.679,66.73,204.93,69.5,2.9486,32.6
서울,마포구,2025-03,327,17283.1,120.4,4.76,68.55,188.95,66.88,2.8253,36.3
서울,마포구,2025-04,348,16252.0,144.4,4.8,65.01,209.41,67.15,3.1185,31.0
서울,마포구,2025-05,303,19887.9,125.6,4.751,78.73,204.33,66.92,3.0534,38.5
서울,마포구,2025-06,278,18539.8,153.2,4.731,73.09,226.29,69.69,3.2471,32.3
서울,마포구,2025-07,294,20317.9,147.2,4.688,79.37,226.57,71.1,3.1866,35.0
서울,마포구,2025-08,288,15301.0,154.3,4.673,59.59,213.89,65.82,3.2496,27.9
서울,마포구,2025-09,283,20597.0,134.7,4.714,80.92,215.62,69.58,3.0988,37.5
서울,마포구,2025-10,334,15787.0,134.3,4.714,62.02,196.32,66.85,2.9367,31.6
서울,마포구,2025-11,318,19873.2,161.0,4.727,78.29,239.29,65.94,3.6289,32.7
서울,마포구,2025-12,338,19248.6,148.1,4.765,76.43,224.53,67.4,3.3313,34.0
서울,마포구,2026-01,385,21247.4,160.5,4.78,84.64,245.14,67.53,3.6301,34.5
서울,마포구,2026-02,217,19703.2,163.4,4.8,78.81,242.21,63.68,3.8036,32.5
서울,마포구,2026-03,353,18450.4,142.6,4.8,73.8,216.4,65.95,3.2813,34.1
서울,마포구,2026-04,313,18019.8,159.6,4.773,71.67,231.27,68.38,3.3821,31.0
서울,마포구,2026-05,255,20512.6,155.2,4.8,82.05,237.25,66.51,3.5671,34.6
서울,마포구,2026-06,286,19365.9,163.1,4.785,77.22,240.32,64.86,3.7053,32.1
서울,마포구,2026-07,242,18514.2,189.5,4.8,74.06,263.56,68.7,3.8363,28.1
서울,서대문구,2011-01,55,6492.9,67.5,7.2,38.96,106.46,75.06,1.4183,36.6
서울,서대문구,2011-02,59,5417.4,56.9,7.2,32.5,89.4,75.78,1.1798,36.4
서울,서대문구,2011-03,70,7168.4,58.9,7.2,43.01,101.91,75.53,1.3493,42.2
서울,서대문구,2011-04,46,8423.0,55.7,7.2,50.54,106.24,76.1,1.396,47.6
서울,서대문구,2011-05,48,6798.4,59.3,7.2,40.79,100.09,72.99,1.3713,40.8
서울,서대문구,2011-06,47,6685.5,65.0,7.2,40.11,105.11,73.28,1.4344,38.2
서울,서대문구,2011-07,47,6570.5,59.5,7.241,39.65,99.15,70.52,1.406,40.0
서울,서대문구,2011-08,56,6710.7,68.4,7.2,40.26,108.66,74.87,1.4514,37.1
서울,서대문구,2011-09,41,7622.9,68.7,7.329,46.56,115.26,77.33,1.4904,40.4
서울,서대문구,2011-10,42,10044.9,60.9,7.2,60.27,121.17,74.17,1.6337,49.7
서울,서대문구,2011-11,43,9392.0,63.5,7.111,55.66,119.16,74.16,1.6067,46.7
서울,서대문구,2011-12,34,7129.0,80.4,7.0,41.59,121.99,75.93,1.6066,34.1
서울,서대문구,2012-01,39,7346.0,71.1,6.911,42.31,113.41,77.58,1.4618,37.3
서울,서대문구,2012-02,48,6431.2,60.4,7.017,37.61,98.01,75.98,1.2899,38.4
서울,서대문구,2012-03,56,7518.8,68.7,6.857,42.96,111.66,74.89,1.491,38.5
서울,서대문구,2012-04,43,6759.9,57.8,6.94,39.1,96.9,69.41,1.396,40.3
서울,서대문구,2012-05,39,6600.6,66.6,6.93,38.12,104.72,73.97,1.4157,36.4
서울,서대문구,2012-06,38,7135.1,70.8,6.857,40.77,111.57,73.37,1.5207,36.5
서울,서대문구,2012-07,43,5266.4,64.7,6.857,30.09,94.79,72.37,1.3098,31.7
서울,서대문구,2012-08,46,6400.3,65.5,6.881,36.7,102.2,76.23,1.3407,35.9
서울,서대문구,2012-09,46,8315.1,68.3,7.04,48.78,117.08,78.81,1.4856,41.7
서울,서대문구,2012-10,106,5238.4,48.5,6.895,30.1,78.6,73.07,1.0757,38.3
서울,서대문구,2012-11,114,5215.8,45.4,6.821,29.65,75.05,72.62,1.0334,39.5
서울,서대문구,2012-12,82,7370.8,69.1,6.86,42.14,111.24,78.5,1.417,37.9
서울,서대문구,2013-01,92,7284.7,72.9,6.711,40.74,113.64,77.06,1.4747,35.9
서울,서대문구,2013-02,75,7080.2,72.3,6.75,39.83,112.13,75.75,1.4802,35.5
서울,서대문구,2013-03,67,8872.4,75.3,6.75,49.91,125.21,75.38,1.661,39.9
서울,서대문구,2013-04,42,7696.4,65.0,6.75,43.29,108.29,77.11,1.4044,40.0
서울,서대문구,2013-05,44,10511.4,63.5,6.667,58.4,121.9,75.83,1.6075,47.9
서울,서대문구,2013-06,47,7944.2,62.3,6.54,43.3,105.6,74.19,1.4233,41.0
서울,서대문구,2013-07,50,6220.2,65.1,6.473,33.55,98.65,70.25,1.4043,34.0
서울,서대문구,2013-08,47,9020.7,73.7,6.34,47.66,121.36,77.3,1.5699,39.3
서울,서대문구,2013-09,53,9248.9,66.0,6.323,48.73,114.73,76.5,1.4998,42.5
서울,서대문구,2013-10,63,9181.5,62.3,6.26,47.9,110.2,75.32,1.463,43.5
서울,서대문구,2013-11,76,8888.2,59.9,6.4,47.4,107.3,72.7,1.476,44.2
서울,서대문구,2013-12,56,9532.0,72.0,6.316,50.17,122.17,76.36,1.5999,41.1
서울,서대문구,2014-01,89,10357.9,63.9,6.223,53.71,117.61,73.78,1.5941,45.7
서울,서대문구,2014-02,82,8756.2,57.4,6.0,43.78,101.18,73.04,1.3853,43.3
서울,서대문구,2014-03,82,8693.5,75.0,6.0,43.47,118.47,73.38,1.6144,36.7
서울,서대문구,2014-04,74,9964.0,59.9,6.0,49.82,109.72,71.67,1.5309,45.4
서울,서대문구,2014-05,74,6282.6,56.2,6.0,31.41,87.61,70.5,1.2427,35.9
서울,서대문구,2014-06,57,7098.6,66.4,5.948,35.19,101.59,73.83,1.376,34.6
서울,서대문구,2014-07,75,10389.6,65.7,6.0,51.95,117.65,73.91,1.5918,44.2
서울,서대문구,2014-08,77,10853.3,64.1,6.0,54.27,118.37,76.72,1.5428,45.8
서울,서대문구,2014-09,84,12600.2,57.9,5.887,61.81,119.71,75.52,1.5852,51.6
서울,서대문구,2014-10,92,13568.9,64.0,5.858,66.24,130.24,76.4,1.7047,50.9
서울,서대문구,2014-11,102,13524.5,68.1,5.684,64.07,132.17,78.79,1.6774,48.5
서울,서대문구,2014-12,86,11954.9,62.7,5.403,53.82,116.52,78.5,1.4844,46.2
서울,서대문구,2015-01,128,10040.3,69.7,5.416,45.31,115.01,74.48,1.5442,39.4
서울,서대문구,2015-02,81,11142.4,73.6,5.333,49.52,123.12,76.2,1.6158,40.2
서울,서대문구,2015-03,109,11282.7,65.8,5.333,50.15,115.95,78.66,1.474,43.2
서울,서대문구,2015-04,67,13062.7,72.0,5.268,57.35,129.35,80.03,1.6162,44.3
서울,서대문구,2015-05,73,12458.0,66.9,5.296,54.98,121.88,76.05,1.6027,45.1
서울,서대문구,2015-06,76,11175.6,67.8,5.25,48.89,116.69,74.82,1.5597,41.9
서울,서대문구,2015-07,105,15035.6,61.8,5.176,64.86,126.66,75.08,1.687,51.2
서울,서대문구,2015-08,90,12744.2,61.6,5.101,54.17,115.77,73.67,1.5715,46.8
서울,서대문구,2015-09,108,15391.7,69.4,4.943,63.4,132.8,78.59,1.6898,47.7
서울,서대문구,2015-10,151,16366.1,68.4,4.809,65.59,133.99,79.11,1.6938,49.0
서울,서대문구,2015-11,133,15778.3,74.7,4.8,63.11,137.81,77.68,1.7741,45.8
서울,서대문구,2015-12,181,15844.8,71.4,4.706,62.14,133.54,78.95,1.6914,46.5
서울,서대문구,2016-01,165,14287.9,76.8,4.549,54.16,130.96,77.3,1.6942,41.4
서울,서대문구,2016-02,139,15457.5,73.2,4.556,58.69,131.89,77.04,1.7119,44.5
서울,서대문구,2016-03,110,15417.7,69.9,4.383,56.32,126.22,79.29,1.5918,44.6
서울,서대문구,2016-04,103,15117.3,69.2,4.416,55.63,124.83,75.86,1.6455,44.6
서울,서대문구,2016-05,78,14809.6,64.4,4.376,54.01,118.41,72.01,1.6444,45.6
서울,서대문구,2016-06,78,15771.9,74.5,4.431,58.23,132.73,77.13,1.7209,43.9
서울,서대문구,2016-07,80,17285.0,65.3,4.414,63.58,128.88,76.41,1.6867,49.3
서울,서대문구,2016-08,99,17472.6,64.7,4.364,63.54,128.24,75.2,1.7053,49.5
서울,서대문구,2016-09,85,17875.6,68.8,4.431,66.0,134.8,75.64,1.7822,49.0
서울,서대문구,2016-10,118,17899.3,65.5,4.267,63.65,129.15,76.89,1.6797,49.3
서울,서대문구,2016-11,92,14883.9,71.2,4.113,51.01,122.21,76.08,1.6064,41.7
서울,서대문구,2016-12,127,17316.7,70.2,4.08,58.88,129.08,74.59,1.7305,45.6
서울,서대문구,2017-01,152,17490.3,69.7,4.138,60.31,130.01,75.29,1.7268,46.4
서울,서대문구,2017-02,190,15753.8,61.1,4.154,54.53,115.63,73.83,1.5662,47.2
서울,서대문구,2017-03,98,15028.7,69.3,4.004,50.14,119.44,77.27,1.5458,42.0
서울,서대문구,2017-04,78,15031.5,67.2,4.007,50.19,117.39,75.02,1.5647,42.8
서울,서대문구,2017-05,87,14683.2,80.0,4.089,50.03,130.03,76.12,1.7083,38.5
서울,서대문구,2017-06,99,12608.9,69.7,4.114,43.23,112.93,70.42,1.6037,38.3
서울,서대문구,2017-07,83,13345.0,75.7,4.105,45.65,121.35,71.71,1.6923,37.6
서울,서대문구,2017-08,112,13055.7,63.1,4.034,43.89,106.99,73.27,1.4602,41.0
서울,서대문구,2017-09,87,14879.2,67.1,4.075,50.53,117.63,73.46,1.6013,43.0
서울,서대문구,2017-10,108,16721.3,67.9,4.0,55.74,123.64,75.59,1.6356,45.1
서울,서대문구,2017-11,112,15142.2,75.5,4.0,50.47,125.97,76.19,1.6534,40.1
서울,서대문구,2017-12,131,17048.9,71.5,4.0,56.83,128.33,75.7,1.6952,44.3
서울,서대문구,2018-01,138,16847.6,77.3,3.955,55.52,132.82,74.84,1.7748,41.8
서울,서대문구,2018-02,125,15316.8,77.0,3.894,49.7,126.7,75.38,1.6809,39.2
서울,서대문구,2018-03,117,13919.6,77.7,3.848,44.64,122.34,74.31,1.6463,36.5
서울,서대문구,2018-04,73,13973.0,67.8,3.879,45.17,112.97,74.91,1.5081,40.0
서울,서대문구,2018-05,82,10932.9,65.1,3.869,35.25,100.35,66.52,1.5085,35.1
서울,서대문구,2018-06,78,13347.1,70.1,3.872,43.06,113.16,72.68,1.557,38.1
서울,서대문구,2018-07,69,13449.3,71.6,3.882,43.51,115.11,68.71,1.6753,37.8
서울,서대문구,2018-08,65,14831.2,70.1,3.923,48.48,118.58,71.25,1.6643,40.9
서울,서대문구,2018-09,71,14993.7,76.4,3.9,48.73,125.13,73.83,1.6948,38.9
서울,서대문구,2018-10,85,17430.9,75.5,3.838,55.75,131.25,73.21,1.7928,42.5
서울,서대문구,2018-11,99,13496.0,63.6,3.886,43.7,107.3,73.58,1.4583,40.7
서울,서대문구,2018-12,115,13424.3,76.9,3.857,43.15,120.05,74.7,1.6071,35.9
서울,서대문구,2019-01,160,12167.8,77.9,3.84,38.94,116.84,72.4,1.6138,33.3
서울,서대문구,2019-02,108,11696.4,76.2,3.882,37.84,114.04,74.61,1.5285,33.2
서울,서대문구,2019-03,78,15796.8,66.3,3.927,51.7,118.0,75.38,1.5653,43.8
서울,서대문구,2019-04,83,13629.1,73.0,4.068,46.2,119.2,76.18,1.5647,38.8
서울,서대문구,2019-05,60,15452.5,67.6,4.116,53.0,120.6,71.74,1.6811,43.9
서울,서대문구,2019-06,93,12763.2,78.1,4.09,43.5,121.6,73.5,1.6545,35.8
서울,서대문구,2019-07,90,14707.7,78.7,4.091,50.14,128.84,72.11,1.7866,38.9
서울,서대문구,2019-08,87,11344.9,60.0,4.058,38.36,98.36,70.81,1.3891,39.0
서울,서대문구,2019-09,58,16581.0,76.0,4.0,55.27,131.27,75.68,1.7345,42.1
서울,서대문구,2019-10,102,13111.1,73.6,3.887,42.47,116.07,73.06,1.5887,36.6
서울,서대문구,2019-11,90,14014.9,85.8,3.857,45.05,130.85,74.79,1.7495,34.4
서울,서대문구,2019-12,130,13356.0,76.7,3.716,41.36,118.06,73.41,1.6082,35.0
서울,서대문구,2020-01,142,12214.2,75.2,3.837,39.06,114.26,71.59,1.596,34.2
서울,서대문구,2020-02,184,13029.2,62.8,3.762,40.85,103.65,68.85,1.5054,39.4
서울,서대문구,2020-03,98,10892.8,66.3,3.818,34.66,100.96,69.39,1.4549,34.3
서울,서대문구,2020-04,96,11350.8,69.0,3.882,36.72,105.72,70.5,1.4996,34.7
서울,서대문구,2020-05,102,11926.9,72.3,3.857,38.34,110.64,69.49,1.5921,34.7
서울,서대문구,2020-06,73,13661.7,81.9,3.878,44.16,126.06,75.14,1.6776,35.0
서울,서대문구,2020-07,119,13849.7,71.0,3.857,44.52,115.52,68.79,1.6793,38.5
서울,서대문구,2020-08,112,16534.2,81.6,3.813,52.54,134.14,71.93,1.8649,39.2
서울,서대문구,2020-09,118,18012.6,73.1,3.773,56.63,129.73,69.91,1.8557,43.7
서울,서대문구,2020-10,127,16694.2,78.1,3.84,53.42,131.52,70.15,1.8749,40.6
서울,서대문구,2020-11,107,16840.9,87.1,3.829,53.73,140.83,72.92,1.9313,38.2
서울,서대문구,2020-12,125,18670.4,84.0,3.839,59.73,143.73,71.73,2.0038,41.6
서울,서대문구,2021-01,157,17573.7,71.0,3.952,57.87,128.87,68.79,1.8734,44.9
서울,서대문구,2021-02,131,17854.4,70.1,4.0,59.51,129.61,72.65,1.7841,45.9
서울,서대문구,2021-03,131,16054.6,89.1,4.049,54.17,143.27,73.45,1.9506,37.8
서울,서대문구,2021-04,88,16676.5,78.0,4.091,56.85,134.85,71.71,1.8805,42.2
서울,서대문구,2021-05,130,16173.2,78.9,4.042,54.48,133.38,73.51,1.8144,40.8
서울,서대문구,2021-06,166,16617.9,82.2,3.876,53.68,135.88,67.82,2.0035,39.5
서울,서대문구,2021-07,155,12827.8,71.9,3.863,41.29,113.19,67.4,1.6794,36.5
서울,서대문구,2021-08,139,20552.5,87.4,3.822,65.46,152.86,72.25,2.1158,42.8
서울,서대문구,2021-09,267,13009.5,56.0,3.692,40.03,96.03,60.37,1.5907,41.7
서울,서대문구,2021-10,181,18268.5,84.2,3.746,57.03,141.23,68.81,2.0525,40.4
서울,서대문구,2021-11,201,16633.4,82.9,3.838,53.2,136.1,67.31,2.0219,39.1
서울,서대문구,2021-12,333,17481.7,64.1,3.892,56.7,120.8,65.83,1.835,46.9
서울,서대문구,2022-01,267,16707.8,82.9,3.97,55.27,138.17,67.14,2.058,40.0
서울,서대문구,2022-02,207,15542.7,96.4,4.0,51.81,148.21,68.99,2.1483,35.0
서울,서대문구,2022-03,193,16154.5,95.6,4.091,55.07,150.67,67.97,2.2167,36.6
서울,서대문구,2022-04,178,18526.8,99.6,4.114,63.52,163.12,71.16,2.2923,38.9
서울,서대문구,2022-05,175,18204.5,88.0,4.154,63.02,151.02,65.88,2.2923,41.7
서울,서대문구,2022-06,269,11832.8,72.1,4.378,43.17,115.27,60.21,1.9144,37.4
서울,서대문구,2022-07,334,12123.8,60.3,4.404,44.49,104.79,56.83,1.8439,42.5
서울,서대문구,2022-08,180,18773.0,97.4,4.404,68.89,166.29,67.63,2.4588,41.4
서울,서대문구,2022-09,171,19387.7,96.3,4.439,71.72,168.02,68.01,2.4705,42.7
서울,서대문구,2022-10,255,15381.3,77.0,4.5,57.68,134.68,64.93,2.0742,42.8
서울,서대문구,2022-11,226,14086.9,87.3,4.55,53.41,140.71,63.15,2.2282,38.0
서울,서대문구,2022-12,315,16496.1,84.8,4.661,64.08,148.88,64.7,2.301,43.0
서울,서대문구,2023-01,311,15446.9,94.1,4.8,61.79,155.89,67.07,2.3243,39.6
서울,서대문구,2023-02,280,14581.7,95.4,4.911,59.67,155.07,66.88,2.3187,38.5
서울,서대문구,2023-03,239,10723.5,90.3,5.0,44.68,134.98,68.04,1.9839,33.1
서울,서대문구,2023-04,205,11322.3,78.4,5.126,48.37,126.77,68.87,1.8407,38.2
서울,서대문구,2023-05,166,11236.7,105.4,5.031,47.11,152.51,70.25,2.171,30.9
서울,서대문구,2023-06,201,12938.4,86.1,4.937,53.23,139.33,68.89,2.0226,38.2
서울,서대문구,2023-07,200,11862.4,92.8,4.874,48.18,140.98,69.84,2.0186,34.2
서울,서대문구,2023-08,152,15043.2,102.8,4.812,60.33,163.13,71.02,2.2969,37.0
서울,서대문구,2023-09,204,16197.6,94.7,4.8,64.79,159.49,68.76,2.3195,40.6
서울,서대문구,2023-10,184,17213.0,102.4,4.768,68.39,170.79,71.83,2.3777,40.0
서울,서대문구,2023-11,181,14605.0,105.8,4.741,57.7,163.5,68.32,2.3931,35.3
서울,서대문구,2023-12,286,15357.7,80.7,4.653,59.55,140.25,65.38,2.1452,42.5
서울,서대문구,2024-01,225,13892.4,112.1,4.648,53.81,165.91,66.3,2.5025,32.4
서울,서대문구,2024-02,279,10739.1,79.8,4.623,41.37,121.17,62.06,1.9524,34.1
서울,서대문구,2024-03,156,15333.1,118.4,4.576,58.47,176.87,67.59,2.6168,33.1
서울,서대문구,2024-04,166,16124.9,105.2,4.6,61.81,167.01,68.98,2.4212,37.0
서울,서대문구,2024-05,163,15455.8,109.9,4.584,59.04,168.94,69.42,2.4336,34.9
서울,서대문구,2024-06,163,15425.8,119.8,4.598,59.11,178.91,69.05,2.591,33.0
서울,서대문구,2024-07,221,15394.2,88.3,4.648,59.63,147.93,65.93,2.2437,40.3
서울,서대문구,2024-08,151,17192.9,100.2,4.657,66.72,166.92,66.0,2.5291,40.0
서울,서대문구,2024-09,151,12215.9,85.7,4.633,47.17,132.87,65.27,2.0356,35.5
서울,서대문구,2024-10,196,14410.2,98.9,4.588,55.1,154.0,64.52,2.3868,35.8
서울,서대문구,2024-11,166,14095.8,121.6,4.533,53.25,174.85,68.08,2.5683,30.5
서울,서대문구,2024-12,215,14594.7,94.0,4.552,55.36,149.36,61.95,2.411,37.1
서울,서대문구,2025-01,164,16923.0,100.6,4.545,64.1,164.7,66.01,2.495,38.9
서울,서대문구,2025-02,163,17567.6,105.5,4.657,68.18,173.68,68.6,2.5318,39.3
서울,서대문구,2025-03,185,16871.0,103.5,4.703,66.12,169.62,69.43,2.443,39.0
서울,서대문구,2025-04,180,14734.2,116.5,4.743,58.23,174.73,70.66,2.4729,33.3
서울,서대문구,2025-05,143,15924.5,111.4,4.8,63.7,175.1,69.86,2.5064,36.4
서울,서대문구,2025-06,167,14950.3,108.0,4.774,59.48,167.48,68.48,2.4456,35.5
서울,서대문구,2025-07,182,12613.0,114.1,4.797,50.42,164.52,66.31,2.481,30.6
서울,서대문구,2025-08,150,13303.7,122.8,4.619,51.21,174.01,68.33,2.5466,29.4
서울,서대문구,2025-09,168,15604.1,96.8,4.615,60.02,156.82,67.87,2.3105,38.3
서울,서대문구,2025-10,141,18929.7,123.2,4.676,73.76,196.96,71.84,2.7417,37.4
서울,서대문구,2025-11,200,18438.0,124.8,4.739,72.82,197.62,68.67,2.8778,36.8
서울,서대문구,2025-12,247,15038.7,109.7,4.677,58.61,168.31,65.06,2.587,34.8
서울,서대문구,2026-01,196,17121.3,121.7,4.639,66.18,187.88,69.04,2.7214,35.2
서울,서대문구,2026-02,148,16928.5,138.3,4.688,66.14,204.44,69.19,2.9547,32.4
서울,서대문구,2026-03,161,18768.0,116.9,4.691,73.37,190.27,71.01,2.6794,38.6
서울,서대문구,2026-04,146,19026.2,129.0,4.637,73.51,202.51,70.71,2.864,36.3
서울,서대문구,2026-05,125,18550.6,145.7,4.595,71.03,216.73,66.29,3.2694,32.8
서울,서대문구,2026-06,179,17180.0,115.1,4.8,68.72,183.82,63.46,2.8966,37.4
서울,서대문구,2026-07,156,16798.0,126.6,4.8,67.19,193.79,65.21,2.9718,34.7
서울,서초구,2011-01,224,13131.7,139.5,6.9,75.51,215.01,94.74,2.2694,35.1
서울,서초구,2011-02,191,13433.5,132.2,6.9,77.24,209.44,95.41,2.1952,36.9
서울,서초구,2011-03,180,12375.6,135.4,6.9,71.16,206.56,94.45,2.187,34.4
서울,서초구,2011-04,124,13288.7,151.9,6.9,76.41,228.31,95.94,2.3797,33.5
서울,서초구,2011-05,137,14778.1,139.2,6.9,84.97,224.17,96.25,2.3291,37.9
서울,서초구,2011-06,174,15561.5,151.3,6.9,89.48,240.78,96.97,2.483,37.2
서울,서초구,2011-07,173,16127.2,125.4,6.916,92.95,218.35,94.18,2.3184,42.6
서울,서초구,2011-08,176,15341.5,127.1,6.863,87.74,214.84,92.33,2.3269,40.8
서울,서초구,2011-09,138,14815.1,143.6,6.848,84.55,228.15,94.83,2.4059,37.1
서울,서초구,2011-10,133,14575.6,128.0,6.791,82.48,210.48,94.68,2.2231,39.2
서울,서초구,2011-11,142,14759.3,145.6,6.831,84.01,229.61,93.1,2.4663,36.6
서울,서초구,2011-12,148,17757.8,149.9,6.729,99.57,249.47,97.79,2.5511,39.9
서울,서초구,2012-01,163,14980.3,131.6,6.667,83.22,214.82,93.15,2.3062,38.7
서울,서초구,2012-02,171,12089.5,137.1,6.667,67.16,204.26,94.32,2.1656,32.9
서울,서초구,2012-03,180,12604.2,128.8,6.667,70.02,198.82,92.15,2.1576,35.2
서울,서초구,2012-04,117,13559.8,119.9,6.667,75.33,195.23,95.16,2.0516,38.6
서울,서초구,2012-05,108,11041.7,133.8,6.667,61.34,195.14,95.12,2.0515,31.4
서울,서초구,2012-06,130,12642.3,129.4,6.75,71.11,200.51,91.88,2.1823,35.5
서울,서초구,2012-07,132,12951.5,131.7,6.699,72.3,204.0,93.83,2.1741,35.4
서울,서초구,2012-08,137,11341.6,131.9,6.601,62.39,194.29,89.74,2.165,32.1
서울,서초구,2012-09,149,12905.3,137.1,6.557,70.51,207.61,95.49,2.1742,34.0
서울,서초구,2012-10,184,17596.7,133.6,6.519,95.59,229.19,96.27,2.3807,41.7
서울,서초구,2012-11,175,17132.5,144.2,6.484,92.57,236.77,95.3,2.4845,39.1
서울,서초구,2012-12,201,21444.5,129.6,6.364,113.72,243.32,96.0,2.5346,46.7
서울,서초구,2013-01,246,19250.0,132.9,6.336,101.65,234.55,92.82,2.5269,43.3
서울,서초구,2013-02,212,18939.1,124.1,6.207,97.96,222.06,94.07,2.3606,44.1
서울,서초구,2013-03,172,16218.6,114.9,6.173,83.44,198.34,92.19,2.1514,42.1
서울,서초구,2013-04,150,18034.7,134.4,6.177,92.83,227.23,94.16,2.4132,40.9
서울,서초구,2013-05,173,19189.6,126.2,6.125,97.95,224.15,94.28,2.3775,43.7
서울,서초구,2013-06,163,15807.1,122.7,6.028,79.4,202.1,94.72,2.1337,39.3
서울,서초구,2013-07,223,20119.6,122.2,6.0,100.6,222.8,93.07,2.3939,45.2
서울,서초구,2013-08,200,20196.0,125.1,6.0,100.98,226.08,95.96,2.356,44.7
서울,서초구,2013-09,172,17548.8,121.5,6.0,87.74,209.24,95.34,2.1947,41.9
서울,서초구,2013-10,230,18703.0,141.4,6.0,93.52,234.92,96.7,2.4293,39.8
서울,서초구,2013-11,215,23030.7,121.8,5.935,113.91,235.71,95.22,2.4754,48.3
서울,서초구,2013-12,279,23324.7,127.2,5.79,112.55,239.75,95.29,2.516,46.9
서울,서초구,2014-01,294,23723.8,126.0,5.684,112.38,238.38,95.82,2.4877,47.1
서울,서초구,2014-02,280,20269.4,111.4,5.596,94.53,205.93,91.57,2.2489,45.9
서울,서초구,2014-03,228,22018.1,110.9,5.508,101.07,211.97,95.06,2.2298,47.7
서울,서초구,2014-04,159,20470.4,117.0,5.455,93.05,210.05,90.8,2.3133,44.3
서울,서초구,2014-05,149,21090.6,120.6,5.47,96.13,216.73,94.14,2.3023,44.4
서울,서초구,2014-06,164,19875.7,130.7,5.455,90.34,221.04,92.11,2.3998,40.9
서울,서초구,2014-07,170,20571.8,124.3,5.453,93.49,217.79,90.65,2.4025,42.9
서울,서초구,2014-08,179,22107.8,125.1,5.433,100.09,225.19,93.13,2.418,44.4
서울,서초구,2014-09,190,23459.5,122.3,5.443,106.41,228.71,95.03,2.4068,46.5
서울,서초구,2014-10,259,25343.8,119.4,5.271,111.33,230.73,93.2,2.4756,48.3
서울,서초구,2014-11,284,28457.0,111.6,5.217,123.73,235.33,95.35,2.468,52.6
서울,서초구,2014-12,363,31678.9,119.1,5.143,135.77,254.87,96.66,2.6367,53.3
서울,서초구,2015-01,497,28320.7,109.4,5.143,121.37,230.77,91.35,2.5263,52.6
서울,서초구,2015-02,373,28699.9,113.3,5.07,121.26,234.56,92.72,2.5298,51.7
서울,서초구,2015-03,370,29252.5,116.0,5.092,124.14,240.14,92.3,2.6017,51.7
서울,서초구,2015-04,272,30605.2,118.5,5.0,127.52,246.02,93.13,2.6417,51.8
서울,서초구,2015-05,251,31748.6,107.5,4.923,130.25,237.75,92.96,2.5576,54.8
서울,서초구,2015-06,315,32970.2,121.3,4.866,133.7,255.0,90.17,2.828,52.4
서울,서초구,2015-07,300,31382.0,119.2,4.8,125.53,244.73,89.4,2.7374,51.3
서울,서초구,2015-08,264,30649.5,107.4,4.744,121.16,228.56,89.98,2.5402,53.0
서울,서초구,2015-09,249,33169.9,108.7,4.703,129.99,238.69,94.47,2.5266,54.5
서울,서초구,2015-10,351,32182.6,117.3,4.718,126.53,243.83,93.96,2.595,51.9
서울,서초구,2015-11,312,35201.7,119.4,4.594,134.77,254.17,94.92,2.6778,53.0
서울,서초구,2015-12,405,33350.4,120.8,4.5,125.06,245.86,94.54,2.6006,50.9
서울,서초구,2016-01,442,31456.2,101.9,4.5,117.96,219.86,87.63,2.509,53.7
서울,서초구,2016-02,357,30290.2,105.1,4.444,112.19,217.29,88.71,2.4494,51.6
서울,서초구,2016-03,313,30654.2,103.0,4.364,111.47,214.47,92.05,2.3299,52.0
서울,서초구,2016-04,266,31658.6,103.6,4.345,114.62,218.22,89.56,2.4366,52.5
서울,서초구,2016-05,241,32163.1,114.1,4.316,115.68,229.78,91.22,2.519,50.3
서울,서초구,2016-06,268,35743.7,119.0,4.313,128.47,247.47,92.19,2.6843,51.9
서울,서초구,2016-07,266,31653.9,117.4,4.267,112.55,229.95,90.23,2.5485,48.9
서울,서초구,2016-08,260,35920.7,119.9,4.254,127.35,247.25,91.97,2.6884,51.5
서울,서초구,2016-09,285,32350.9,108.3,4.267,115.03,223.33,93.12,2.3983,51.5
서울,서초구,2016-10,359,33719.0,120.1,4.182,117.52,237.62,89.97,2.6411,49.5
서울,서초구,2016-11,334,36512.6,119.4,4.163,126.68,246.08,93.59,2.6293,51.5
서울,서초구,2016-12,477,38546.8,118.2,4.114,132.16,250.36,93.21,2.686,52.8
서울,서초구,2017-01,376,33808.8,115.5,4.025,113.41,228.91,89.98,2.544,49.5
서울,서초구,2017-02,403,35273.2,116.6,4.0,117.58,234.18,91.99,2.5457,50.2
서울,서초구,2017-03,361,33840.2,108.5,4.0,112.8,221.3,87.98,2.5154,51.0
서울,서초구,2017-04,349,34138.7,117.4,4.0,113.8,231.2,91.53,2.5259,49.2
서울,서초구,2017-05,289,35520.1,124.0,3.96,117.22,241.22,90.81,2.6563,48.6
서울,서초구,2017-06,256,31875.1,124.8,3.961,105.22,230.02,88.18,2.6085,45.7
서울,서초구,2017-07,270,32380.1,123.5,3.904,105.33,228.83,88.0,2.6004,46.0
서울,서초구,2017-08,247,30098.0,124.3,3.923,98.4,222.7,84.49,2.6358,44.2
서울,서초구,2017-09,283,30959.0,127.2,3.937,101.57,228.77,91.12,2.5107,44.4
서울,서초구,2017-10,260,32246.6,134.7,3.92,105.35,240.05,90.88,2.6414,43.9
서울,서초구,2017-11,278,34638.9,130.3,4.0,115.46,245.76,89.7,2.7398,47.0
서울,서초구,2017-12,357,35675.3,128.4,3.946,117.3,245.7,90.87,2.7038,47.7
서울,서초구,2018-01,333,29856.2,120.8,3.953,98.35,219.15,86.84,2.5236,44.9
서울,서초구,2018-02,333,27027.9,112.0,3.929,88.49,200.49,85.92,2.3335,44.1
서울,서초구,2018-03,294,32502.3,119.1,3.9,105.63,224.73,90.48,2.4838,47.0
서울,서초구,2018-04,269,29266.9,126.6,3.891,94.89,221.49,87.14,2.5417,42.8
서울,서초구,2018-05,283,28519.1,132.4,3.969,94.34,226.74,86.55,2.6197,41.6
서울,서초구,2018-06,308,30742.9,144.2,3.927,100.61,244.81,89.58,2.7329,41.1
서울,서초구,2018-07,361,37393.0,127.1,3.92,122.15,249.25,90.28,2.7608,49.0
서울,서초구,2018-08,336,37986.2,137.1,3.96,125.36,262.46,89.24,2.941,47.8
서울,서초구,2018-09,348,32286.4,137.5,3.931,105.77,243.27,85.99,2.829,43.5
서울,서초구,2018-10,350,34000.0,129.5,3.873,109.73,239.23,86.75,2.7577,45.9
서울,서초구,2018-11,302,35529.1,130.5,3.89,115.19,245.69,88.5,2.7761,46.9
서울,서초구,2018-12,345,42402.3,136.9,3.899,137.76,274.66,90.26,3.043,50.2
서울,서초구,2019-01,351,35292.4,127.0,3.872,113.88,240.88,86.4,2.7879,47.3
서울,서초구,2019-02,330,30285.2,120.3,3.927,99.12,219.42,81.92,2.6784,45.2
서울,서초구,2019-03,331,29920.4,124.2,3.917,97.66,221.86,85.13,2.6061,44.0
서울,서초구,2019-04,224,30672.2,121.7,3.965,101.35,223.05,84.71,2.6331,45.4
서울,서초구,2019-05,242,27109.3,135.0,4.0,90.36,225.36,89.74,2.5113,40.1
서울,서초구,2019-06,273,29100.6,126.5,4.0,97.0,223.5,85.5,2.6141,43.4
서울,서초구,2019-07,283,30286.0,136.0,4.0,100.95,236.95,86.36,2.7438,42.6
서울,서초구,2019-08,297,29620.2,113.2,4.0,98.73,211.93,82.07,2.5824,46.6
서울,서초구,2019-09,194,23920.7,140.7,3.962,78.99,219.69,87.47,2.5116,36.0
서울,서초구,2019-10,318,35227.6,133.1,3.927,115.29,248.39,88.03,2.8217,46.4
서울,서초구,2019-11,314,32018.1,128.6,3.921,104.62,233.22,89.34,2.6105,44.9
서울,서초구,2019-12,420,37533.8,138.6,3.912,122.35,260.95,87.05,2.9977,46.9
서울,서초구,2020-01,445,27886.8,107.5,3.857,89.64,197.14,82.36,2.3936,45.5
서울,서초구,2020-02,381,28510.9,134.0,3.943,93.68,227.68,84.34,2.6995,41.1
서울,서초구,2020-03,270,29580.4,128.9,3.94,97.13,226.03,82.1,2.7531,43.0
서울,서초구,2020-04,289,34297.5,133.5,3.9,111.47,244.97,83.64,2.9288,45.5
서울,서초구,2020-05,312,38445.5,152.2,3.867,123.88,276.08,86.58,3.1887,44.9
서울,서초구,2020-06,339,38319.3,151.8,3.848,122.86,274.66,87.54,3.1376,44.7
서울,서초구,2020-07,386,42427.2,143.2,3.826,135.26,278.46,87.63,3.1776,48.6
서울,서초구,2020-08,327,43865.8,151.6,3.79,138.54,290.14,85.95,3.3756,47.7
서울,서초구,2020-09,307,42830.2,149.8,3.765,134.37,284.17,86.32,3.292,47.3
서울,서초구,2020-10,353,45806.5,153.7,3.81,145.42,299.12,86.11,3.4737,48.6
서울,서초구,2020-11,615,35547.1,101.7,3.744,110.91,212.61,80.58,2.6385,52.2
서울,서초구,2020-12,547,38423.7,124.5,3.65,116.87,241.37,84.28,2.8639,48.4
서울,서초구,2021-01,366,39207.3,140.5,3.7,120.88,261.38,85.1,3.0714,46.2
서울,서초구,2021-02,317,42906.9,144.9,3.746,133.94,278.84,82.81,3.3672,48.0
서울,서초구,2021-03,428,32864.0,130.9,3.758,102.93,233.83,79.07,2.9572,44.0
서울,서초구,2021-04,379,41469.6,150.7,3.811,131.7,282.4,83.59,3.3784,46.6
서울,서초구,2021-05,549,51110.5,177.6,3.908,166.45,344.05,90.29,3.8105,48.4
서울,서초구,2021-06,653,34872.0,139.6,4.015,116.68,256.28,77.38,3.312,45.5
서울,서초구,2021-07,409,44603.3,208.3,4.0,148.68,356.98,84.9,4.2047,41.6
서울,서초구,2021-08,670,29838.9,131.2,4.138,102.89,234.09,71.04,3.2952,44.0
서울,서초구,2021-09,314,47280.3,221.1,4.072,160.45,381.55,86.49,4.4115,42.1
서울,서초구,2021-10,430,42959.3,184.1,4.032,144.36,328.46,83.72,3.9233,43.9
서울,서초구,2021-11,353,46833.2,201.2,4.062,158.51,359.71,83.95,4.2848,44.1
서울,서초구,2021-12,505,42964.1,169.1,4.059,145.33,314.43,79.4,3.96,46.2
서울,서초구,2022-01,394,42605.6,172.9,4.138,146.92,319.82,78.45,4.0767,45.9
서울,서초구,2022-02,400,31074.6,147.5,4.138,107.15,254.65,76.08,3.3472,42.1
서울,서초구,2022-03,345,40366.0,186.0,4.119,138.56,324.56,76.96,4.2172,42.7
서울,서초구,2022-04,384,43429.4,202.8,4.061,146.99,349.79,85.12,4.1094,42.0
서울,서초구,2022-05,321,45652.3,216.1,4.073,154.94,371.04,85.41,4.3442,41.8
서울,서초구,2022-06,372,40662.1,181.9,4.098,138.85,320.75,79.73,4.023,43.3
서울,서초구,2022-07,344,41582.6,205.6,4.068,140.96,346.56,81.1,4.2732,40.7
서울,서초구,2022-08,287,47507.2,197.5,4.014,158.9,356.4,81.51,4.3725,44.6
서울,서초구,2022-09,380,46478.4,205.2,3.99,154.56,359.76,81.1,4.4359,43.0
서울,서초구,2022-10,381,48365.7,202.8,3.992,160.91,363.71,84.68,4.2952,44.2
서울,서초구,2022-11,560,34796.4,155.8,4.08,118.3,274.1,79.37,3.4535,43.2
서울,서초구,2022-12,610,33574.1,166.7,4.11,115.0,281.7,79.59,3.5394,40.8
서울,서초구,2023-01,499,33901.7,166.6,4.184,118.21,284.81,78.58,3.6245,41.5
서울,서초구,2023-02,745,27126.2,130.1,4.227,95.55,225.65,71.35,3.1626,42.3
서울,서초구,2023-03,472,31904.7,152.5,4.32,114.86,267.36,75.3,3.5506,43.0
서울,서초구,2023-04,441,31637.9,183.9,4.5,118.64,302.54,79.71,3.7955,39.2
서울,서초구,2023-05,463,37928.0,168.5,4.5,142.23,310.73,81.68,3.8042,45.8
서울,서초구,2023-06,793,31807.3,160.4,4.586,121.56,281.96,76.81,3.6708,43.1
서울,서초구,2023-07,561,38920.8,199.8,4.56,147.91,347.71,81.62,4.2601,42.5
서울,서초구,2023-08,575,36926.2,173.3,4.729,145.53,318.83,76.59,4.1628,45.6
서울,서초구,2023-09,491,48352.0,232.6,4.654,187.54,420.14,86.37,4.8644,44.6
서울,서초구,2023-10,625,37946.3,179.8,4.496,142.16,321.96,80.41,4.0039,44.2
서울,서초구,2023-11,408,45317.6,248.7,4.533,171.2,419.9,84.75,4.9546,40.8
서울,서초구,2023-12,529,38148.5,174.5,4.533,144.12,318.62,81.85,3.8927,45.2
서울,서초구,2024-01,442,36741.8,191.6,4.557,139.53,331.13,77.0,4.3003,42.1
서울,서초구,2024-02,318,26579.7,164.2,4.588,101.63,265.83,77.67,3.4225,38.2
서울,서초구,2024-03,308,26328.9,194.6,4.608,101.1,295.7,79.77,3.7069,34.2
서울,서초구,2024-04,300,34003.6,243.0,4.615,130.78,373.78,83.28,4.4883,35.0
서울,서초구,2024-05,354,34129.1,196.7,4.601,130.85,327.55,80.06,4.0913,39.9
서울,서초구,2024-06,373,41666.9,226.8,4.588,159.31,386.11,82.06,4.7053,41.3
서울,서초구,2024-07,316,38189.5,250.4,4.615,146.88,397.28,82.39,4.822,37.0
서울,서초구,2024-08,277,37791.8,230.9,4.6,144.87,375.77,80.3,4.6796,38.6
서울,서초구,2024-09,291,37639.3,218.6,4.582,143.73,362.33,80.18,4.519,39.7
서울,서초구,2024-10,316,44526.1,266.1,4.606,170.9,437.0,84.87,5.149,39.1
서울,서초구,2024-11,392,40257.9,203.1,4.583,153.75,356.85,85.58,4.1698,43.1
서울,서초구,2024-12,469,40209.1,181.2,4.557,152.69,333.89,79.96,4.1757,45.7
서울,서초구,2025-01,315,37066.6,209.3,4.56,140.85,350.15,81.58,4.2921,40.2
서울,서초구,2025-02,475,31845.0,150.8,4.486,119.05,269.85,75.38,3.5799,44.1
서울,서초구,2025-03,383,33133.0,187.4,4.515,124.66,312.06,78.54,3.9733,39.9
서울,서초구,2025-04,389,41555.4,213.8,4.557,157.81,371.61,79.79,4.6574,42.5
서울,서초구,2025-05,453,41702.6,224.1,4.552,158.2,382.3,81.13,4.7121,41.4
서울,서초구,2025-06,432,41839.3,224.4,4.593,160.14,384.54,78.22,4.9162,41.6
서울,서초구,2025-07,481,44729.8,256.8,4.639,172.91,429.71,81.52,5.2712,40.2
서울,서초구,2025-08,589,36611.5,195.5,4.698,143.34,338.84,74.31,4.5598,42.3
서울,서초구,2025-09,417,40921.9,254.6,4.758,162.26,416.86,81.84,5.0936,38.9
서울,서초구,2025-10,519,35176.1,209.1,4.663,136.7,345.8,78.8,4.3883,39.5
서울,서초구,2025-11,520,44729.7,211.9,4.667,173.95,385.85,81.54,4.732,45.1
서울,서초구,2025-12,440,41926.6,235.6,4.641,162.16,397.76,81.23,4.8967,40.8
서울,서초구,2026-01,386,46086.0,253.8,4.599,176.62,430.42,82.77,5.2002,41.0
서울,서초구,2026-02,257,47269.5,287.0,4.586,180.65,467.65,87.94,5.3178,38.6
서울,서초구,2026-03,307,40273.4,226.9,4.56,153.04,379.94,80.59,4.7145,40.3
서울,서초구,2026-04,329,39563.6,226.5,4.621,152.35,378.85,78.34,4.836,40.2
서울,서초구,2026-05,318,37129.8,243.1,4.778,147.84,390.94,81.01,4.8258,37.8
서울,서초구,2026-06,436,37010.3,216.2,4.821,148.68,364.88,78.48,4.6493,40.7
서울,서초구,2026-07,363,36851.9,254.2,4.8,147.41,401.61,74.05,5.4235,36.7
서울,성동구,2011-01,84,8404.7,80.8,7.2,50.43,131.23,77.41,1.6952,38.4
서울,성동구,2011-02,94,9102.9,86.9,7.2,54.62,141.52,77.92,1.8162,38.6
서울,성동구,2011-03,98,8962.6,83.1,7.2,53.78,136.88,78.43,1.7452,39.3
서울,성동구,2011-04,101,7609.5,109.3,7.2,45.66,154.96,78.03,1.9859,29.5
서울,성동구,2011-05,77,8940.8,90.1,7.2,53.64,143.74,80.01,1.7966,37.3
서울,성동구,2011-06,64,8620.7,96.2,7.2,51.72,147.92,78.57,1.8827,35.0
서울,성동구,2011-07,77,7564.2,91.2,7.2,45.39,136.59,77.52,1.7619,33.2
서울,성동구,2011-08,84,10995.4,90.2,7.2,65.97,156.17,80.61,1.9374,42.2
서울,성동구,2011-09,77,9708.3,95.6,7.2,58.25,153.85,79.53,1.9345,37.9
서울,성동구,2011-10,71,9525.9,97.1,7.286,57.84,154.94,80.17,1.9326,37.3
서울,성동구,2011-11,49,8452.2,107.5,7.203,50.73,158.23,79.97,1.9787,32.1
서울,성동구,2011-12,55,8820.9,96.0,7.2,52.93,148.93,79.42,1.8752,35.5
서울,성동구,2012-01,80,11258.0,90.9,7.2,67.55,158.45,79.01,2.0054,42.6
서울,성동구,2012-02,91,9591.5,107.6,7.059,56.42,164.02,80.07,2.0485,34.4
서울,성동구,2012-03,101,9347.8,108.8,7.059,54.99,163.79,79.12,2.0701,33.6
서울,성동구,2012-04,96,7993.5,114.9,7.0,46.63,161.53,78.5,2.0577,28.9
서울,성동구,2012-05,99,9115.3,110.0,6.923,52.59,162.59,76.76,2.1181,32.3
서울,성동구,2012-06,88,8047.7,110.0,6.982,46.82,156.82,77.46,2.0246,29.9
서울,성동구,2012-07,114,8762.6,105.9,6.916,50.5,156.4,76.92,2.0333,32.3
서울,성동구,2012-08,105,8973.8,113.2,6.967,52.1,165.3,78.46,2.1068,31.5
서울,성동구,2012-09,102,8971.8,110.0,6.863,51.31,161.31,79.76,2.0224,31.8
서울,성동구,2012-10,96,8736.1,107.9,6.881,50.1,158.0,81.98,1.9272,31.7
서울,성동구,2012-11,67,9179.1,97.8,6.857,52.45,150.25,81.41,1.8456,34.9
서울,성동구,2012-12,148,7451.5,68.7,6.857,42.58,111.28,75.17,1.4804,38.3
서울,성동구,2013-01,122,8899.9,91.1,6.922,51.34,142.44,79.29,1.7964,36.0
서울,성동구,2013-02,123,9198.4,97.8,6.8,52.12,149.92,80.09,1.8719,34.8
서울,성동구,2013-03,133,9833.1,96.8,6.72,55.07,151.87,79.14,1.9189,36.3
서울,성동구,2013-04,146,8788.8,80.6,6.72,49.22,129.82,75.13,1.7279,37.9
서울,성동구,2013-05,112,11227.3,91.8,6.6,61.75,153.55,78.3,1.961,40.2
서울,성동구,2013-06,113,9851.1,110.1,6.486,53.25,163.35,79.63,2.0514,32.6
서울,성동구,2013-07,113,8875.2,79.4,6.476,47.9,127.3,76.13,1.6721,37.6
서울,성동구,2013-08,128,10485.2,107.9,6.333,55.34,163.24,80.22,2.0349,33.9
서울,성동구,2013-09,95,12397.2,97.8,6.316,65.25,163.05,78.78,2.0697,40.0
서울,성동구,2013-10,109,10773.5,102.1,6.16,55.31,157.41,80.75,1.9493,35.1
서울,성동구,2013-11,105,11675.1,97.1,6.141,59.74,156.84,77.75,2.0173,38.1
서울,성동구,2013-12,102,15891.7,81.2,6.102,80.81,162.01,79.2,2.0455,49.9
서울,성동구,2014-01,124,12634.7,100.4,6.0,63.17,163.57,78.85,2.0745,38.6
서울,성동구,2014-02,162,14848.8,92.2,5.884,72.8,165.0,78.6,2.0993,44.1
서울,성동구,2014-03,178,14158.9,95.3,5.714,67.42,162.72,79.6,2.0443,41.4
서울,성동구,2014-04,136,12889.0,90.2,5.714,61.38,151.58,78.54,1.9299,40.5
서울,성동구,2014-05,141,12319.2,93.4,5.561,57.09,150.49,77.28,1.9473,37.9
서울,성동구,2014-06,131,14537.8,98.8,5.569,67.47,166.27,78.69,2.113,40.6
서울,성동구,2014-07,139,13370.3,95.1,5.538,61.71,156.81,76.58,2.0477,39.4
서울,성동구,2014-08,143,15072.1,92.1,5.514,69.25,161.35,79.0,2.0424,42.9
서울,성동구,2014-09,123,13395.6,100.1,5.467,61.03,161.13,77.7,2.0738,37.9
서울,성동구,2014-10,128,14113.4,104.9,5.455,64.15,169.05,80.57,2.0982,37.9
서울,성동구,2014-11,138,17375.4,87.3,5.486,79.43,166.73,80.14,2.0805,47.6
서울,성동구,2014-12,182,15624.8,80.7,5.442,70.85,151.55,78.02,1.9425,46.8
서울,성동구,2015-01,200,18727.4,90.7,5.357,83.6,174.3,80.06,2.1772,48.0
서울,성동구,2015-02,196,18486.4,91.2,5.172,79.67,170.87,81.43,2.0984,46.6
서울,성동구,2015-03,238,16880.0,97.0,5.143,72.34,169.34,80.2,2.1115,42.7
서울,성동구,2015-04,191,17658.8,95.2,5.143,75.68,170.88,80.17,2.1315,44.3
서울,성동구,2015-05,200,18058.3,95.2,5.072,76.32,171.52,81.68,2.0999,44.5
서울,성동구,2015-06,192,17104.8,103.3,5.0,71.27,174.57,81.78,2.1346,40.8
서울,성동구,2015-07,189,15874.6,95.9,4.995,66.07,161.97,78.35,2.0673,40.8
서울,성동구,2015-08,180,18693.5,93.4,4.909,76.47,169.87,79.73,2.1306,45.0
서울,성동구,2015-09,143,15983.9,98.7,4.857,64.7,163.4,79.1,2.0657,39.6
서울,성동구,2015-10,159,18770.5,89.2,4.72,73.83,163.03,80.82,2.0172,45.3
서울,성동구,2015-11,128,19189.0,92.6,4.683,74.88,167.48,79.85,2.0975,44.7
서울,성동구,2015-12,174,21618.0,91.9,4.571,82.35,174.25,79.34,2.1963,47.3
서울,성동구,2016-01,183,20519.8,95.1,4.5,76.95,172.05,77.57,2.218,44.7
서울,성동구,2016-02,210,20824.3,84.6,4.465,77.49,162.09,76.44,2.1204,47.8
서울,성동구,2016-03,258,19657.1,93.9,4.392,71.95,165.85,78.52,2.1122,43.4
서울,성동구,2016-04,208,19155.4,97.9,4.333,69.17,167.07,78.85,2.1189,41.4
서울,성동구,2016-05,204,18585.8,93.0,4.319,66.89,159.89,75.24,2.125,41.8
서울,성동구,2016-06,182,19042.9,94.7,4.286,68.01,162.71,74.39,2.1873,41.8
서울,성동구,2016-07,167,18888.3,105.3,4.258,67.02,172.32,76.88,2.2415,38.9
서울,성동구,2016-08,179,20690.6,88.6,4.286,73.9,162.5,78.03,2.0825,45.5
서울,성동구,2016-09,152,19238.6,95.4,4.253,68.19,163.59,78.31,2.089,41.7
서울,성동구,2016-10,173,21274.6,87.2,4.222,74.86,162.06,78.28,2.0702,46.2
서울,성동구,2016-11,172,22908.9,85.7,4.235,80.85,166.55,79.0,2.1083,48.5
서울,성동구,2016-12,290,19189.1,97.1,4.215,67.4,164.5,76.0,2.1644,41.0
서울,성동구,2017-01,291,19836.3,99.0,4.2,69.43,168.43,75.0,2.2457,41.2
서울,성동구,2017-02,301,19425.3,95.8,4.136,66.96,162.76,76.82,2.1187,41.1
서울,성동구,2017-03,249,18980.7,96.3,4.125,65.25,161.55,77.1,2.0953,40.4
서울,성동구,2017-04,221,18311.1,107.7,4.087,62.36,170.06,79.9,2.1284,36.7
서울,성동구,2017-05,202,17448.0,109.5,4.098,59.58,169.08,79.25,2.1335,35.2
서울,성동구,2017-06,189,16770.2,106.2,4.071,56.9,163.1,76.97,2.119,34.9
서울,성동구,2017-07,210,15549.0,120.5,4.138,53.62,174.12,73.86,2.3574,30.8
서울,성동구,2017-08,178,15451.8,113.0,4.083,52.57,165.57,74.58,2.2201,31.8
서울,성동구,2017-09,196,16050.7,130.3,4.084,54.63,184.93,77.27,2.3933,29.5
서울,성동구,2017-10,138,19960.5,105.2,4.127,68.65,173.85,78.87,2.2042,39.5
서울,성동구,2017-11,143,15087.1,114.6,4.138,52.02,166.62,79.38,2.0991,31.2
서울,성동구,2017-12,167,20455.5,97.7,4.114,70.13,167.83,78.37,2.1415,41.8
서울,성동구,2018-01,186,18713.9,127.5,4.08,63.63,191.13,77.15,2.4773,33.3
서울,성동구,2018-02,205,19388.2,106.5,4.075,65.85,172.35,76.82,2.2435,38.2
서울,성동구,2018-03,250,15996.4,112.8,4.047,53.95,166.75,75.37,2.2124,32.4
서울,성동구,2018-04,202,18652.9,119.5,4.002,62.21,181.71,77.51,2.3444,34.2
서울,성동구,2018-05,213,16391.2,103.8,4.027,55.0,158.8,75.38,2.1067,34.6
서울,성동구,2018-06,183,17267.9,122.4,4.002,57.6,180.0,76.6,2.3498,32.0
서울,성동구,2018-07,147,17009.6,115.2,4.002,56.73,171.93,78.15,2.2,33.0
서울,성동구,2018-08,169,16690.4,113.9,4.013,55.81,169.71,77.52,2.1892,32.9
서울,성동구,2018-09,198,17829.8,101.7,4.071,60.48,162.18,75.04,2.1613,37.3
서울,성동구,2018-10,210,20174.8,118.4,4.044,67.98,186.38,76.38,2.4402,36.5
서울,성동구,2018-11,191,20048.1,105.3,4.078,68.13,173.43,74.83,2.3176,39.3
서울,성동구,2018-12,221,22503.8,94.2,4.061,76.15,170.35,75.02,2.2707,44.7
서울,성동구,2019-01,251,19153.2,96.8,4.045,64.56,161.36,73.82,2.1859,40.0
서울,성동구,2019-02,229,21159.9,98.5,4.027,71.01,169.51,75.7,2.2392,41.9
서울,성동구,2019-03,210,19642.5,109.4,4.08,66.79,176.19,77.35,2.2778,37.9
서울,성동구,2019-04,179,19272.3,114.5,4.117,66.13,180.63,75.57,2.3902,36.6
서울,성동구,2019-05,164,19829.5,112.4,4.105,67.84,180.24,77.8,2.3167,37.6
서울,성동구,2019-06,142,17705.0,125.9,4.098,60.46,186.36,73.33,2.5413,32.4
서울,성동구,2019-07,203,16707.9,105.9,4.098,57.05,162.95,73.21,2.2258,35.0
서울,성동구,2019-08,145,14393.1,125.7,4.08,48.94,174.64,73.45,2.3776,28.0
서울,성동구,2019-09,147,17582.2,121.6,4.048,59.31,180.91,74.83,2.4176,32.8
서울,성동구,2019-10,159,22248.9,117.7,4.01,74.34,192.04,77.97,2.463,38.7
서울,성동구,2019-11,188,18280.9,132.0,4.08,62.16,194.16,78.39,2.4769,32.0
서울,성동구,2019-12,175,22342.8,105.9,4.0,74.48,180.38,75.8,2.3796,41.3
서울,성동구,2020-01,248,18099.8,106.9,4.0,60.33,167.23,73.13,2.2868,36.1
서울,성동구,2020-02,278,21146.7,119.9,3.998,70.45,190.35,74.27,2.5629,37.0
서울,성동구,2020-03,198,17114.3,104.1,4.0,57.05,161.15,74.29,2.1692,35.4
서울,성동구,2020-04,256,17047.0,97.6,4.0,56.82,154.42,72.07,2.1427,36.8
서울,성동구,2020-05,234,17843.9,104.6,3.993,59.37,163.97,73.13,2.2422,36.2
서울,성동구,2020-06,204,24846.8,104.6,3.991,82.63,187.23,77.37,2.4199,44.1
서울,성동구,2020-07,226,24731.1,100.7,3.998,82.4,183.1,76.17,2.4038,45.0
서울,성동구,2020-08,223,20728.4,115.8,3.957,68.36,184.16,75.91,2.426,37.1
서울,성동구,2020-09,179,22878.4,118.9,3.926,74.85,193.75,75.59,2.5632,38.6
서울,성동구,2020-10,196,28767.5,131.1,3.926,94.11,225.21,77.48,2.9067,41.8
서울,성동구,2020-11,281,24087.2,100.7,3.913,78.55,179.25,71.53,2.5059,43.8
서울,성동구,2020-12,272,23539.7,105.3,4.0,78.47,183.77,73.1,2.5139,42.7
서울,성동구,2021-01,294,28747.1,141.0,4.0,95.82,236.82,75.7,3.1285,40.5
서울,성동구,2021-02,258,25860.1,122.1,4.149,89.41,211.51,74.28,2.8475,42.3
서울,성동구,2021-03,237,24450.6,143.3,4.176,85.08,228.38,76.62,2.9807,37.3
서울,성동구,2021-04,168,27771.5,171.4,4.318,99.92,271.32,77.09,3.5196,36.8
서울,성동구,2021-05,236,25712.3,130.0,4.25,91.06,221.06,77.33,2.8587,41.2
서울,성동구,2021-06,177,25112.6,187.9,4.177,87.41,275.31,75.12,3.6649,31.7
서울,성동구,2021-07,238,26483.3,152.2,4.266,94.15,246.35,73.59,3.3476,38.2
서울,성동구,2021-08,225,23178.6,156.9,4.271,82.49,239.39,73.89,3.2398,34.5
서울,성동구,2021-09,247,20065.1,130.3,4.335,72.49,202.79,67.67,2.9968,35.7
서울,성동구,2021-10,246,25942.2,138.3,4.274,92.4,230.7,75.83,3.0424,40.1
서울,성동구,2021-11,229,26908.8,157.0,4.248,95.26,252.26,76.58,3.2941,37.8
서울,성동구,2021-12,270,26128.2,167.8,4.182,91.06,258.86,73.48,3.5229,35.2
서울,성동구,2022-01,284,25457.8,165.5,4.211,89.34,254.84,71.51,3.5637,35.1
서울,성동구,2022-02,253,23192.1,158.2,4.235,81.85,240.05,71.9,3.3387,34.1
서울,성동구,2022-03,263,26806.2,147.7,4.341,96.98,244.68,71.99,3.3988,39.6
서울,성동구,2022-04,283,23076.7,205.9,4.42,85.0,290.9,73.57,3.954,29.2
서울,성동구,2022-05,223,23661.0,159.5,4.422,87.2,246.7,70.45,3.5018,35.3
서울,성동구,2022-06,250,21379.3,142.0,4.451,79.29,221.29,67.98,3.2552,35.8
서울,성동구,2022-07,272,21190.5,130.5,4.487,79.24,209.74,67.71,3.0976,37.8
서울,성동구,2022-08,215,25024.0,175.9,4.47,93.22,269.12,73.69,3.652,34.6
서울,성동구,2022-09,262,25606.7,162.1,4.444,94.84,256.94,71.6,3.5885,36.9
서울,성동구,2022-10,264,27977.4,152.9,4.426,103.18,256.08,73.65,3.477,40.3
서울,성동구,2022-11,311,21729.2,149.8,4.573,82.81,232.61,69.68,3.3382,35.6
서울,성동구,2022-12,310,18651.8,144.8,4.655,72.36,217.16,70.01,3.1018,33.3
서울,성동구,2023-01,330,20144.6,143.1,4.8,80.58,223.68,69.1,3.237,36.0
서울,성동구,2023-02,319,22326.0,203.7,5.03,93.59,297.29,74.48,3.9915,31.5
서울,성동구,2023-03,340,20360.8,167.7,5.189,88.05,255.75,73.27,3.4905,34.4
서울,성동구,2023-04,299,20436.1,166.7,5.273,89.81,256.51,73.6,3.4852,35.0
서울,성동구,2023-05,262,21673.5,176.1,5.28,95.36,271.46,75.46,3.5974,35.1
서울,성동구,2023-06,270,26057.5,216.4,5.272,114.47,330.87,76.37,4.3325,34.6
서울,성동구,2023-07,279,20817.0,192.7,5.253,91.12,283.82,73.94,3.8386,32.1
서울,성동구,2023-08,251,24879.5,189.7,5.193,107.66,297.36,75.85,3.9204,36.2
서울,성동구,2023-09,243,21138.8,171.1,5.134,90.44,261.54,73.77,3.5453,34.6
서울,성동구,2023-10,254,20063.0,206.0,5.086,85.03,291.03,76.13,3.8228,29.2
서울,성동구,2023-11,245,22963.7,176.0,5.054,96.72,272.72,75.15,3.629,35.5
서울,성동구,2023-12,259,27855.2,170.5,4.948,114.85,285.35,75.67,3.771,40.2
서울,성동구,2024-01,304,21404.9,163.8,4.932,87.97,251.77,72.12,3.4909,34.9
서울,성동구,2024-02,214,20477.3,174.9,4.896,83.55,258.45,73.2,3.5308,32.3
서울,성동구,2024-03,273,20530.7,211.0,4.873,83.37,294.37,73.34,4.0138,28.3
서울,성동구,2024-04,219,20899.1,194.1,4.848,84.43,278.53,74.5,3.7387,30.3
서울,성동구,2024-05,221,24804.2,210.4,4.876,100.78,311.18,74.05,4.2023,32.4
서울,성동구,2024-06,192,28364.3,192.5,4.871,115.13,307.63,73.13,4.2067,37.4
서울,성동구,2024-07,204,21010.2,206.6,4.816,84.32,290.92,72.5,4.0127,29.0
서울,성동구,2024-08,189,24730.0,192.8,4.8,98.92,291.72,76.29,3.8238,33.9
서울,성동구,2024-09,202,20837.2,195.8,4.842,84.08,279.88,73.03,3.8324,30.0
서울,성동구,2024-10,224,23122.9,208.2,4.8,92.49,300.69,74.88,4.0156,30.8
서울,성동구,2024-11,231,23028.8,238.9,4.799,92.1,331.0,73.41,4.509,27.8
서울,성동구,2024-12,246,21831.9,168.8,4.8,87.33,256.13,72.83,3.5168,34.1
서울,성동구,2025-01,244,21951.3,178.6,4.8,87.81,266.41,70.79,3.7633,33.0
서울,성동구,2025-02,273,21786.8,183.2,4.802,87.18,270.38,73.75,3.6661,32.2
서울,성동구,2025-03,263,23503.7,225.3,4.948,96.91,322.21,74.01,4.3537,30.1
서울,성동구,2025-04,273,28064.1,227.6,5.0,116.93,344.53,75.73,4.5495,33.9
서울,성동구,2025-05,299,19328.1,182.1,5.039,81.16,263.26,68.32,3.8533,30.8
서울,성동구,2025-06,270,26342.8,192.5,5.0,109.76,302.26,73.05,4.1377,36.3
서울,성동구,2025-07,412,21365.6,144.8,5.001,89.04,233.84,64.54,3.6232,38.1
서울,성동구,2025-08,298,22309.1,197.4,5.038,93.66,291.06,69.64,4.1794,32.2
서울,성동구,2025-09,302,24084.9,189.3,5.054,101.44,290.74,71.83,4.0477,34.9
서울,성동구,2025-10,240,24404.2,217.5,5.029,102.27,319.77,74.9,4.2692,32.0
서울,성동구,2025-11,260,23467.8,195.5,5.0,97.78,293.28,74.12,3.9569,33.3
서울,성동구,2025-12,312,27290.0,187.8,4.993,113.55,301.35,73.69,4.0894,37.7
서울,성동구,2026-01,358,24960.1,178.1,5.0,104.0,282.1,69.99,4.0306,36.9
서울,성동구,2026-02,237,26454.4,204.8,4.941,108.93,313.73,71.97,4.3592,34.7
서울,성동구,2026-03,241,23514.4,228.2,4.934,96.69,324.89,73.83,4.4005,29.8
서울,성동구,2026-04,220,27513.6,200.9,4.957,113.65,314.55,72.43,4.3428,36.1
서울,성동구,2026-05,234,29633.1,247.1,5.016,123.87,370.97,76.09,4.8754,33.4
서울,성동구,2026-06,321,19762.5,180.1,5.078,83.63,263.73,63.49,4.1539,31.7
서울,성동구,2026-07,166,24705.5,244.1,5.0,102.94,347.04,70.28,4.938,29.7
서울,성북구,2011-01,109,6689.6,70.4,7.385,41.17,111.57,77.93,1.4316,36.9
서울,성북구,2011-02,101,6961.5,67.0,7.385,42.84,109.84,79.33,1.3846,39.0
서울,성북구,2011-03,99,7905.7,66.9,7.385,48.65,115.55,77.28,1.4952,42.1
서울,성북구,2011-04,110,7507.2,66.8,7.385,46.2,113.0,77.6,1.4562,40.9
서울,성북구,2011-05,75,6990.8,68.3,7.385,43.02,111.32,77.17,1.4425,38.6
서울,성북구,2011-06,80,7216.1,64.8,7.385,44.41,109.21,77.64,1.4066,40.7
서울,성북구,2011-07,92,6543.1,69.6,7.286,39.73,109.33,75.53,1.4475,36.3
서울,성북구,2011-08,118,6223.1,64.7,7.2,37.34,102.04,76.92,1.3266,36.6
서울,성북구,2011-09,64,7790.8,77.1,7.155,46.46,123.56,77.92,1.5857,37.6
서울,성북구,2011-10,66,8371.4,69.7,7.2,50.23,119.93,77.41,1.5493,41.9
서울,성북구,2011-11,62,7971.8,73.3,7.135,47.4,120.7,77.5,1.5574,39.3
서울,성북구,2011-12,66,7839.6,80.2,7.091,46.32,126.52,80.63,1.5692,36.6
서울,성북구,2012-01,80,6691.1,70.5,7.091,39.54,110.04,78.5,1.4018,35.9
서울,성북구,2012-02,89,8386.4,73.3,7.0,48.92,122.22,80.45,1.5192,40.0
서울,성북구,2012-03,85,8133.1,71.7,6.888,46.68,118.38,77.33,1.5309,39.4
서울,성북구,2012-04,66,7369.1,73.7,6.857,42.11,115.81,77.87,1.4872,36.4
서울,성북구,2012-05,74,6608.8,71.9,6.857,37.76,109.66,77.01,1.424,34.4
서울,성북구,2012-06,102,7427.8,71.2,6.802,42.1,113.3,75.5,1.5007,37.2
서울,성북구,2012-07,111,7160.6,67.0,6.857,40.92,107.92,76.57,1.4094,37.9
서울,성북구,2012-08,110,7342.6,69.5,6.75,41.3,110.8,77.37,1.4321,37.3
서울,성북구,2012-09,108,7853.6,71.1,6.72,43.98,115.08,78.03,1.4748,38.2
서울,성북구,2012-10,118,7327.8,63.4,6.64,40.55,103.95,76.8,1.3535,39.0
서울,성북구,2012-11,114,6707.0,65.6,6.632,37.06,102.66,77.04,1.3326,36.1
서울,성북구,2012-12,80,7485.1,63.6,6.667,41.58,105.18,77.68,1.3541,39.5
서울,성북구,2013-01,116,7133.3,77.4,6.632,39.42,116.82,81.74,1.4292,33.7
서울,성북구,2013-02,128,6512.7,59.8,6.545,35.52,95.32,77.51,1.2298,37.3
서울,성북구,2013-03,112,7877.5,71.1,6.514,42.76,113.86,80.85,1.4083,37.6
서울,성북구,2013-04,90,8445.2,69.6,6.581,46.31,115.91,81.81,1.4168,40.0
서울,성북구,2013-05,89,7898.8,74.4,6.448,42.44,116.84,80.29,1.4552,36.3
서울,성북구,2013-06,90,9019.9,61.8,6.462,48.57,110.37,77.2,1.4296,44.0
서울,성북구,2013-07,206,6267.1,45.0,6.462,33.75,78.75,67.28,1.1704,42.9
서울,성북구,2013-08,117,8586.0,69.3,6.462,46.23,115.53,82.12,1.4069,40.0
서울,성북구,2013-09,109,8027.4,76.3,6.316,42.25,118.55,77.84,1.523,35.6
서울,성북구,2013-10,104,9554.2,77.9,6.25,49.76,127.66,81.57,1.5651,39.0
서울,성북구,2013-11,111,10566.4,70.1,6.261,55.13,125.23,79.89,1.5675,44.0
서울,성북구,2013-12,108,11381.9,74.3,6.0,56.91,131.21,80.68,1.6263,43.4
서울,성북구,2014-01,137,9650.4,73.9,6.0,48.25,122.15,79.08,1.5447,39.5
서울,성북구,2014-02,150,11191.4,66.1,5.739,53.52,119.62,79.84,1.4983,44.7
서울,성북구,2014-03,122,10225.9,70.8,5.647,48.12,118.92,78.95,1.5063,40.5
서울,성북구,2014-04,118,11000.0,69.3,5.6,51.33,120.63,79.44,1.5185,42.6
서울,성북구,2014-05,151,8088.6,57.2,5.57,37.55,94.75,73.64,1.2866,39.6
서울,성북구,2014-06,154,7966.6,59.3,5.647,37.49,96.79,73.86,1.3105,38.7
서울,성북구,2014-07,155,10057.7,57.3,5.625,47.15,104.45,73.57,1.4197,45.1
서울,성북구,2014-08,140,11282.1,71.0,5.538,52.07,123.07,76.81,1.6023,42.3
서울,성북구,2014-09,116,11613.8,60.7,5.468,52.92,113.62,77.26,1.4706,46.6
서울,성북구,2014-10,141,13165.9,59.5,5.4,59.25,118.75,78.86,1.5058,49.9
서울,성북구,2014-11,139,9903.1,58.9,5.217,43.06,101.96,75.74,1.3461,42.2
서울,성북구,2014-12,140,12103.3,61.5,5.143,51.87,113.37,77.87,1.4559,45.8
서울,성북구,2015-01,189,11650.4,68.6,5.067,49.19,117.79,79.82,1.4757,41.8
서울,성북구,2015-02,174,10508.1,68.1,5.0,43.78,111.88,77.99,1.4346,39.1
서울,성북구,2015-03,192,13471.0,64.9,5.0,56.13,121.03,79.22,1.5278,46.4
서울,성북구,2015-04,159,12621.1,65.4,5.0,52.58,117.98,77.11,1.5301,44.6
서울,성북구,2015-05,158,10755.5,68.1,4.93,44.19,112.29,76.81,1.4619,39.4
서울,성북구,2015-06,141,11499.7,69.2,4.802,46.02,115.22,76.38,1.5085,39.9
서울,성북구,2015-07,164,10666.1,64.1,4.8,42.66,106.76,72.87,1.4651,40.0
서울,성북구,2015-08,146,13060.6,64.0,4.706,51.22,115.22,74.18,1.5532,44.5
서울,성북구,2015-09,150,12419.6,64.7,4.619,47.8,112.5,73.8,1.5244,42.5
서울,성북구,2015-10,146,16025.3,68.3,4.547,60.73,129.03,78.02,1.6538,47.1
서울,성북구,2015-11,119,15173.9,67.2,4.496,56.85,124.05,76.68,1.6178,45.8
서울,성북구,2015-12,137,16824.8,65.4,4.467,62.62,128.02,78.86,1.6234,48.9
서울,성북구,2016-01,164,13748.6,73.0,4.421,50.65,123.65,77.29,1.5999,41.0
서울,성북구,2016-02,167,16051.3,64.6,4.444,59.45,124.05,78.22,1.5859,47.9
서울,성북구,2016-03,187,15374.9,67.6,4.364,55.91,123.51,78.71,1.5692,45.3
서울,성북구,2016-04,124,15680.9,64.8,4.364,57.02,121.82,79.53,1.5318,46.8
서울,성북구,2016-05,133,15689.8,65.0,4.364,57.05,122.05,76.77,1.5899,46.7
서울,성북구,2016-06,144,15373.9,65.3,4.271,54.72,120.02,77.14,1.5559,45.6
서울,성북구,2016-07,141,16048.9,67.2,4.263,57.02,124.22,76.29,1.6282,45.9
서울,성북구,2016-08,156,15037.3,66.7,4.217,52.84,119.54,76.35,1.5657,44.2
서울,성북구,2016-09,156,15788.2,64.6,4.167,54.82,119.42,75.13,1.5895,45.9
서울,성북구,2016-10,157,16330.1,66.2,4.1,55.79,121.99,75.54,1.615,45.7
서울,성북구,2016-11,140,16659.7,60.6,4.066,56.45,117.05,75.66,1.5471,48.2
서울,성북구,2016-12,148,18509.2,60.8,4.0,61.7,122.5,78.75,1.5555,50.4
서울,성북구,2017-01,157,15376.0,72.9,4.0,51.25,124.15,76.58,1.6212,41.3
서울,성북구,2017-02,177,14593.2,66.1,4.0,48.64,114.74,74.98,1.5303,42.4
서울,성북구,2017-03,152,14848.1,65.4,4.0,49.49,114.89,77.58,1.481,43.1
서울,성북구,2017-04,134,13594.6,69.3,4.0,45.32,114.62,76.87,1.491,39.5
서울,성북구,2017-05,139,13858.5,69.7,4.0,46.2,115.9,77.79,1.4898,39.9
서울,성북구,2017-06,117,11575.5,72.4,4.0,38.59,110.99,75.13,1.4772,34.8
서울,성북구,2017-07,139,14310.3,64.9,3.999,47.69,112.59,75.92,1.4831,42.4
서울,성북구,2017-08,106,11677.9,72.4,3.953,38.47,110.87,75.6,1.4665,34.7
서울,성북구,2017-09,133,12329.8,72.1,3.927,40.35,112.45,72.55,1.55,35.9
서울,성북구,2017-10,99,13954.2,69.2,3.953,45.97,115.17,77.37,1.4885,39.9
서울,성북구,2017-11,120,10758.4,67.9,3.953,35.44,103.34,73.75,1.4012,34.3
서울,성북구,2017-12,131,14324.2,71.7,3.968,47.37,119.07,77.4,1.5383,39.8
서울,성북구,2018-01,152,11215.0,76.8,4.0,37.38,114.18,72.38,1.5776,32.7
서울,성북구,2018-02,151,14170.1,66.3,4.0,47.23,113.53,74.67,1.5205,41.6
서울,성북구,2018-03,153,13430.5,71.3,4.0,44.77,116.07,77.7,1.4938,38.6
서울,성북구,2018-04,105,13628.1,76.2,3.983,45.24,121.44,78.27,1.5515,37.3
서울,성북구,2018-05,94,13407.9,70.5,3.945,44.08,114.58,75.76,1.5124,38.5
서울,성북구,2018-06,127,10010.0,68.0,3.972,33.14,101.14,74.02,1.3663,32.8
서울,성북구,2018-07,126,9948.7,67.3,4.0,33.16,100.46,70.18,1.4315,33.0
서울,성북구,2018-08,122,11720.2,70.9,3.999,39.06,109.96,75.68,1.453,35.5
서울,성북구,2018-09,99,15586.6,71.1,3.934,51.1,122.2,76.59,1.5955,41.8
서울,성북구,2018-10,137,13447.3,70.1,3.905,43.76,113.86,74.63,1.5256,38.4
서울,성북구,2018-11,123,11271.6,63.9,3.903,36.67,100.57,74.18,1.3557,36.5
서울,성북구,2018-12,146,11222.4,72.5,3.91,36.57,109.07,75.65,1.4417,33.5
서울,성북구,2019-01,182,10725.2,74.4,3.948,35.29,109.69,71.33,1.5377,32.2
서울,성북구,2019-02,177,10927.0,59.6,3.96,36.06,95.66,70.87,1.3498,37.7
서울,성북구,2019-03,182,10925.6,70.9,4.0,36.42,107.32,72.38,1.4827,33.9
서울,성북구,2019-04,140,10430.9,79.4,4.0,34.77,114.17,73.79,1.5472,30.5
서울,성북구,2019-05,145,11437.3,74.6,4.0,38.12,112.72,74.84,1.5062,33.8
서울,성북구,2019-06,125,10584.5,73.7,4.0,35.28,108.98,76.18,1.4306,32.4
서울,성북구,2019-07,133,11434.6,67.1,4.0,38.12,105.22,73.29,1.4356,36.2
서울,성북구,2019-08,153,10409.0,70.1,4.0,34.7,104.8,73.3,1.4297,33.1
서울,성북구,2019-09,127,9000.9,64.2,3.971,29.79,93.99,71.85,1.3081,31.7
서울,성북구,2019-10,133,11136.8,72.5,3.964,36.79,109.29,75.44,1.4487,33.7
서울,성북구,2019-11,171,11568.6,71.7,3.927,37.86,109.56,73.8,1.4846,34.6
서울,성북구,2019-12,329,9128.8,53.3,3.857,29.34,82.64,66.61,1.2407,35.5
서울,성북구,2020-01,202,10551.4,66.8,3.882,34.14,100.94,70.51,1.4315,33.8
서울,성북구,2020-02,237,10671.7,58.6,3.888,34.58,93.18,70.01,1.3309,37.1
서울,성북구,2020-03,125,11461.0,69.0,3.874,37.0,106.0,74.24,1.4278,34.9
서울,성북구,2020-04,155,9133.5,57.5,3.84,29.23,86.73,72.12,1.2025,33.7
서울,성북구,2020-05,117,10875.1,71.2,3.82,34.62,105.82,73.87,1.4326,32.7
서울,성북구,2020-06,152,9036.6,70.0,3.818,28.75,98.75,73.65,1.3408,29.1
서울,성북구,2020-07,169,12743.1,65.1,3.789,40.24,105.34,72.27,1.4576,38.2
서울,성북구,2020-08,148,14782.9,70.5,3.763,46.36,116.86,73.27,1.5949,39.7
서울,성북구,2020-09,150,10885.0,66.3,3.744,33.96,100.26,71.09,1.4103,33.9
서울,성북구,2020-10,142,17078.3,81.3,3.731,53.09,134.39,75.31,1.7845,39.5
서울,성북구,2020-11,176,16526.0,72.8,3.707,51.05,123.85,71.07,1.7426,41.2
서울,성북구,2020-12,186,15600.8,78.5,3.75,48.75,127.25,73.84,1.7234,38.3
서울,성북구,2021-01,214,15203.3,80.6,3.857,48.87,129.47,69.79,1.8551,37.7
서울,성북구,2021-02,242,12970.2,59.2,3.958,42.78,101.98,66.72,1.5285,41.9
서울,성북구,2021-03,201,14195.6,80.7,3.958,46.82,127.52,69.03,1.8473,36.7
서울,성북구,2021-04,203,15189.4,76.1,3.84,48.61,124.71,70.47,1.7696,39.0
서울,성북구,2021-05,172,14619.4,63.7,3.762,45.83,109.53,72.61,1.5085,41.8
서울,성북구,2021-06,166,16105.1,82.1,3.75,50.33,132.43,70.22,1.8859,38.0
서울,성북구,2021-07,265,10845.8,54.6,3.75,33.89,88.49,63.35,1.3969,38.3
서울,성북구,2021-08,179,16471.4,77.2,3.771,51.76,128.96,67.56,1.9088,40.1
서울,성북구,2021-09,277,11615.5,57.3,3.756,36.35,93.65,59.91,1.5632,38.8
서울,성북구,2021-10,190,18267.7,86.6,3.871,58.93,145.53,72.78,1.9996,40.5
서울,성북구,2021-11,252,14799.8,68.3,3.93,48.47,116.77,67.83,1.7215,41.5
서울,성북구,2021-12,334,15575.8,71.2,3.78,49.06,120.26,67.2,1.7896,40.8
서울,성북구,2022-01,460,11408.0,62.9,3.94,37.46,100.36,62.09,1.6163,37.3
서울,성북구,2022-02,365,14863.0,74.5,3.947,48.89,123.39,65.94,1.8713,39.6
서울,성북구,2022-03,330,14255.1,69.7,3.923,46.6,116.3,66.06,1.7606,40.1
서울,성북구,2022-04,256,15920.2,89.2,3.965,52.61,141.81,70.56,2.0097,37.1
서울,성북구,2022-05,271,15893.7,81.4,3.928,52.03,133.43,67.46,1.9779,39.0
서울,성북구,2022-06,327,9872.6,56.9,4.08,33.57,90.47,60.29,1.5005,37.1
서울,성북구,2022-07,294,11497.5,66.0,4.075,39.05,105.05,61.07,1.7201,37.2
서울,성북구,2022-08,188,15921.9,85.3,4.203,55.77,141.07,69.49,2.0301,39.5
서울,성북구,2022-09,199,15950.1,87.7,4.272,56.78,144.48,68.47,2.1102,39.3
서울,성북구,2022-10,241,14882.0,90.8,4.277,53.04,143.84,68.22,2.1085,36.9
서울,성북구,2022-11,282,13347.7,88.1,4.375,48.67,136.77,66.14,2.0678,35.6
서울,성북구,2022-12,306,13925.3,84.2,4.439,51.51,135.71,65.12,2.084,38.0
서울,성북구,2023-01,335,11498.5,81.5,4.532,43.42,124.92,62.92,1.9854,34.8
서울,성북구,2023-02,330,11132.9,84.1,4.725,43.84,127.94,66.7,1.9181,34.3
서울,성북구,2023-03,409,9407.5,62.3,4.8,37.63,99.93,64.11,1.5587,37.7
서울,성북구,2023-04,312,10998.0,67.2,4.823,44.2,111.4,67.38,1.6533,39.7
서울,성북구,2023-05,216,13200.5,87.1,4.8,52.8,139.9,71.12,1.9671,37.7
서울,성북구,2023-06,254,10640.4,87.3,4.8,42.56,129.86,67.4,1.9267,32.8
서울,성북구,2023-07,245,12725.2,92.7,4.775,50.63,143.33,68.76,2.0845,35.3
서울,성북구,2023-08,204,14301.0,95.3,4.747,56.58,151.88,70.29,2.1607,37.3
서울,성북구,2023-09,249,11828.9,71.0,4.68,46.13,117.13,65.6,1.7855,39.4
서울,성북구,2023-10,208,15007.8,95.1,4.651,58.17,153.27,71.74,2.1365,38.0
서울,성북구,2023-11,200,13095.4,95.2,4.62,50.42,145.62,71.55,2.0352,34.6
서울,성북구,2023-12,305,12348.7,80.2,4.5,46.31,126.51,66.76,1.895,36.6
서울,성북구,2024-01,276,13637.0,79.2,4.496,51.1,130.3,65.87,1.9781,39.2
서울,성북구,2024-02,216,11315.1,100.5,4.471,42.16,142.66,67.04,2.128,29.6
서울,성북구,2024-03,391,9504.9,64.9,4.465,35.37,100.27,62.4,1.6069,35.3
서울,성북구,2024-04,171,12033.9,93.5,4.5,45.13,138.63,70.32,1.9714,32.6
서울,성북구,2024-05,242,10851.7,78.1,4.49,40.6,118.7,64.79,1.8321,34.2
서울,성북구,2024-06,214,11381.0,86.6,4.5,42.68,129.28,66.06,1.957,33.0
서울,성북구,2024-07,216,11778.7,87.1,4.513,44.3,131.4,64.75,2.0293,33.7
서울,성북구,2024-08,177,13143.5,88.1,4.528,49.6,137.7,67.97,2.0258,36.0
서울,성북구,2024-09,155,9909.0,88.3,4.567,37.71,126.01,66.46,1.8961,29.9
서울,성북구,2024-10,187,14042.8,103.1,4.589,53.71,156.81,71.42,2.1955,34.2
서울,성북구,2024-11,211,15068.8,101.8,4.683,58.81,160.61,68.25,2.3532,36.6
서울,성북구,2024-12,238,13158.2,100.6,4.69,51.43,152.03,65.0,2.3389,33.8
서울,성북구,2025-01,217,12591.6,95.6,4.668,48.98,144.58,66.49,2.1744,33.9
서울,성북구,2025-02,242,12005.4,106.1,4.732,47.35,153.45,65.32,2.3491,30.9
서울,성북구,2025-03,235,13554.8,107.8,4.744,53.59,161.39,69.01,2.3386,33.2
서울,성북구,2025-04,244,11353.5,91.7,4.787,45.3,137.0,68.26,2.007,33.1
서울,성북구,2025-05,405,11278.5,80.0,4.734,44.49,124.49,62.85,1.9808,35.7
서울,성북구,2025-06,427,11655.4,76.7,4.698,45.63,122.33,60.41,2.025,37.3
서울,성북구,2025-07,261,12400.4,94.4,4.737,48.95,143.35,67.39,2.1272,34.1
서울,성북구,2025-08,187,12456.2,107.0,4.661,48.38,155.38,67.15,2.314,31.1
서울,성북구,2025-09,226,12073.5,91.1,4.65,46.78,137.88,66.93,2.0601,33.9
서울,성북구,2025-10,193,14942.6,103.8,4.683,58.31,162.11,70.35,2.3044,36.0
서울,성북구,2025-11,222,15416.5,118.7,4.725,60.71,179.41,73.02,2.457,33.8
서울,성북구,2025-12,273,15377.5,103.0,4.691,60.11,163.11,68.48,2.3819,36.9
서울,성북구,2026-01,215,14231.3,106.1,4.68,55.5,161.6,66.66,2.4243,34.3
서울,성북구,2026-02,178,16182.2,126.8,4.651,62.72,189.52,68.37,2.772,33.1
서울,성북구,2026-03,149,16414.9,122.9,4.645,63.54,186.44,68.89,2.7064,34.1
서울,성북구,2026-04,149,15588.3,124.4,4.49,58.33,182.73,69.04,2.6467,31.9
서울,성북구,2026-05,152,17106.4,127.7,4.643,66.18,193.88,69.56,2.7873,34.1
서울,성북구,2026-06,209,15152.4,101.2,4.737,59.81,161.01,64.0,2.5158,37.1
서울,성북구,2026-07,176,17281.9,104.3,4.8,69.13,173.43,64.97,2.6693,39.9
서울,송파구,2011-01,285,12487.9,104.5,6.667,69.38,173.88,83.76,2.0759,39.9
서울,송파구,2011-02,254,10294.0,92.3,6.667,57.19,149.49,80.7,1.8524,38.3
서울,송파구,2011-03,223,10677.9,99.0,6.667,59.32,158.32,79.31,1.9962,37.5
서울,송파구,2011-04,190,9838.9,93.5,6.667,54.66,148.16,79.78,1.8571,36.9
서울,송파구,2011-05,179,10666.7,90.3,6.667,59.26,149.56,80.59,1.8558,39.6
서울,송파구,2011-06,194,10362.2,94.6,6.667,57.57,152.17,80.28,1.8955,37.8
서울,송파구,2011-07,195,11183.4,101.7,6.621,61.7,163.4,81.47,2.0057,37.8
서울,송파구,2011-08,237,10336.5,99.3,6.653,57.31,156.61,77.8,2.0129,36.6
서울,송파구,2011-09,211,11872.0,101.6,6.6,65.3,166.9,76.56,2.1799,39.1
서울,송파구,2011-10,189,11983.9,103.8,6.632,66.23,170.03,78.14,2.1759,39.0
서울,송파구,2011-11,173,13495.4,116.1,6.443,72.46,188.56,79.56,2.3701,38.4
서울,송파구,2011-12,182,15833.0,101.4,6.39,84.31,185.71,81.09,2.2901,45.4
서울,송파구,2012-01,227,13048.5,112.9,6.375,69.32,182.22,80.29,2.2695,38.0
서울,송파구,2012-02,222,10875.9,102.0,6.333,57.4,159.4,78.69,2.0257,36.0
서울,송파구,2012-03,190,11671.1,98.7,6.307,61.34,160.04,77.84,2.056,38.3
서울,송파구,2012-04,161,10630.4,107.4,6.258,55.44,162.84,80.29,2.0281,34.0
서울,송파구,2012-05,169,11078.1,103.3,6.329,58.42,161.72,77.98,2.0739,36.1
서울,송파구,2012-06,171,14657.7,109.4,6.316,77.15,186.55,81.61,2.2858,41.4
서울,송파구,2012-07,197,14769.0,102.6,6.316,77.73,180.33,80.25,2.2471,43.1
서울,송파구,2012-08,258,15601.0,101.4,6.261,81.4,182.8,79.14,2.3098,44.5
서울,송파구,2012-09,304,17713.0,96.9,6.195,91.44,188.34,80.21,2.3481,48.6
서울,송파구,2012-10,330,17267.1,97.0,6.182,88.95,185.95,82.41,2.2564,47.8
서울,송파구,2012-11,288,17958.0,99.4,6.0,89.79,189.19,82.92,2.2816,47.5
서울,송파구,2012-12,263,17860.8,95.2,6.0,89.3,184.5,83.78,2.2022,48.4
서울,송파구,2013-01,359,17387.1,99.7,5.793,83.94,183.64,83.35,2.2032,45.7
서울,송파구,2013-02,295,17378.0,97.1,5.739,83.11,180.21,84.05,2.1441,46.1
서울,송파구,2013-03,277,16530.4,91.2,5.676,78.19,169.39,81.77,2.0715,46.2
서울,송파구,2013-04,239,12314.7,84.9,5.581,57.28,142.18,79.27,1.7936,40.3
서울,송파구,2013-05,215,15170.3,98.1,5.523,69.82,167.92,81.69,2.0555,41.6
서울,송파구,2013-06,222,16705.1,109.1,5.455,75.93,185.03,83.02,2.2288,41.0
서울,송파구,2013-07,243,16873.6,100.8,5.5,77.34,178.14,81.94,2.174,43.4
서울,송파구,2013-08,273,16590.3,100.9,5.469,75.62,176.52,81.74,2.1595,42.8
서울,송파구,2013-09,231,18859.6,102.2,5.4,84.87,187.07,82.89,2.2568,45.4
서울,송파구,2013-10,302,19297.7,100.3,5.447,87.6,187.9,82.14,2.2876,46.6
서울,송파구,2013-11,250,21111.9,100.5,5.333,93.83,194.33,84.32,2.3047,48.3
서울,송파구,2013-12,325,24627.6,86.0,5.28,108.36,194.36,83.38,2.331,55.8
서울,송파구,2014-01,319,20936.7,89.2,5.155,89.93,179.13,81.17,2.2069,50.2
서울,송파구,2014-02,329,19597.1,89.1,5.059,82.62,171.72,81.19,2.1151,48.1
서울,송파구,2014-03,301,17679.7,89.4,5.059,74.54,163.94,80.69,2.0317,45.5
서울,송파구,2014-04,238,18623.4,86.9,5.044,78.27,165.17,81.14,2.0357,47.4
서울,송파구,2014-05,250,19196.7,88.6,5.047,80.74,169.34,79.66,2.1258,47.7
서울,송파구,2014-06,257,21229.6,94.2,5.059,89.51,183.71,81.66,2.2497,48.7
서울,송파구,2014-07,287,22818.1,92.6,5.04,95.83,188.43,79.92,2.3577,50.9
서울,송파구,2014-08,320,23132.7,86.9,5.0,96.39,183.29,80.51,2.2766,52.6
서울,송파구,2014-09,337,24029.8,87.6,4.9,98.13,185.73,81.92,2.2672,52.8
서울,송파구,2014-10,396,24727.0,83.8,4.8,98.91,182.71,82.97,2.2021,54.1
서울,송파구,2014-11,353,26766.5,81.0,4.695,104.72,185.72,85.18,2.1803,56.4
서울,송파구,2014-12,475,25980.5,87.8,4.625,100.14,187.94,84.79,2.2166,53.3
서울,송파구,2015-01,534,24291.2,83.8,4.588,92.88,176.68,83.47,2.1167,52.6
서울,송파구,2015-02,408,25397.1,80.2,4.571,96.75,176.95,83.85,2.1103,54.7
서울,송파구,2015-03,522,24984.5,84.7,4.526,94.23,178.93,84.85,2.1088,52.7
서울,송파구,2015-04,424,22496.5,82.6,4.457,83.56,166.16,82.11,2.0236,50.3
서울,송파구,2015-05,382,27529.3,79.3,4.444,101.96,181.26,84.46,2.1461,56.3
서울,송파구,2015-06,357,27913.1,81.1,4.448,103.46,184.56,82.68,2.2322,56.1
서울,송파구,2015-07,370,24711.2,89.8,4.4,90.6,180.4,82.02,2.1995,50.2
서울,송파구,2015-08,382,26655.0,78.7,4.32,95.96,174.66,81.39,2.1459,54.9
서울,송파구,2015-09,358,26649.0,81.2,4.286,95.18,176.38,80.63,2.1875,54.0
서울,송파구,2015-10,451,29116.3,86.3,4.2,101.91,188.21,83.3,2.2594,54.1
서울,송파구,2015-11,395,31143.9,82.8,4.114,106.78,189.58,84.65,2.2396,56.3
서울,송파구,2015-12,481,32951.6,80.5,4.0,109.84,190.34,83.75,2.2727,57.7
서울,송파구,2016-01,456,29561.3,76.8,3.997,98.46,175.26,80.04,2.1896,56.2
서울,송파구,2016-02,451,30225.8,70.8,3.983,100.34,171.14,80.14,2.1355,58.6
서울,송파구,2016-03,417,28118.2,71.5,3.963,92.87,164.37,81.26,2.0228,56.5
서울,송파구,2016-04,351,29990.8,67.8,4.0,99.97,167.77,81.14,2.0677,59.6
서울,송파구,2016-05,329,29031.0,78.9,4.0,96.77,175.67,82.37,2.1327,55.1
서울,송파구,2016-06,367,30201.9,80.3,3.943,99.23,179.53,82.64,2.1725,55.3
서울,송파구,2016-07,345,29574.0,74.2,3.923,96.68,170.88,81.38,2.0998,56.6
서울,송파구,2016-08,400,33544.3,75.8,3.857,107.82,183.62,82.79,2.2179,58.7
서울,송파구,2016-09,373,30677.0,73.4,3.789,96.87,170.27,81.69,2.0844,56.9
서울,송파구,2016-10,496,32321.1,77.0,3.75,101.0,178.0,81.71,2.1785,56.7
서울,송파구,2016-11,467,32526.6,76.4,3.731,101.14,177.54,81.89,2.168,57.0
서울,송파구,2016-12,553,34939.8,76.2,3.636,105.86,182.06,83.14,2.1897,58.1
서울,송파구,2017-01,367,29477.3,81.4,3.6,88.43,169.83,82.68,2.0541,52.1
서울,송파구,2017-02,479,30893.4,75.7,3.6,92.68,168.38,82.15,2.0497,55.0
서울,송파구,2017-03,456,29249.8,79.0,3.6,87.75,166.75,80.88,2.0617,52.6
서울,송파구,2017-04,568,18821.3,59.5,3.6,56.46,115.96,75.2,1.5421,48.7
서울,송파구,2017-05,385,26108.6,77.3,3.6,78.33,155.63,80.32,1.9376,50.3
서울,송파구,2017-06,318,26561.1,92.8,3.6,79.68,172.48,81.4,2.119,46.2
서울,송파구,2017-07,365,27708.2,90.8,3.6,83.12,173.92,82.1,2.1184,47.8
서울,송파구,2017-08,351,26167.2,90.5,3.633,79.23,169.73,79.81,2.1266,46.7
서울,송파구,2017-09,400,24046.7,92.0,3.639,72.92,164.92,80.07,2.0596,44.2
서울,송파구,2017-10,353,26565.2,86.1,3.564,78.9,165.0,79.78,2.0682,47.8
서울,송파구,2017-11,351,28357.9,91.6,3.52,83.18,174.78,81.91,2.1338,47.6
서울,송파구,2017-12,420,30059.6,102.4,3.529,88.41,190.81,81.94,2.3287,46.3
서울,송파구,2018-01,439,26855.7,95.8,3.5,78.33,174.13,79.76,2.1832,45.0
서울,송파구,2018-02,354,26097.5,79.0,3.504,76.2,155.2,78.16,1.9857,49.1
서울,송파구,2018-03,376,25885.1,86.7,3.503,75.56,162.26,80.19,2.0234,46.6
서울,송파구,2018-04,294,26529.3,98.2,3.598,79.54,177.74,80.74,2.2014,44.8
서울,송파구,2018-05,301,25781.4,90.6,3.6,77.34,167.94,79.34,2.1168,46.1
서울,송파구,2018-06,318,29415.7,90.6,3.6,88.25,178.85,82.03,2.1803,49.3
서울,송파구,2018-07,336,27889.4,89.7,3.635,84.48,174.18,80.48,2.1642,48.5
서울,송파구,2018-08,309,25160.2,93.0,3.637,76.27,169.27,81.27,2.0828,45.1
서울,송파구,2018-09,363,28429.1,89.3,3.636,86.15,175.45,79.94,2.1948,49.1
서울,송파구,2018-10,507,27387.9,90.0,3.6,82.16,172.16,79.25,2.1724,47.7
서울,송파구,2018-11,409,28889.8,89.0,3.6,86.67,175.67,80.96,2.1698,49.3
서울,송파구,2018-12,524,28978.9,104.5,3.6,86.94,191.44,81.94,2.3363,45.4
서울,송파구,2019-01,682,25482.9,103.5,3.6,76.45,179.95,79.19,2.2724,42.5
서울,송파구,2019-02,693,23727.4,80.9,3.6,71.18,152.08,77.2,1.97,46.8
서울,송파구,2019-03,565,25122.7,102.3,3.595,75.27,177.57,80.81,2.1973,42.4
서울,송파구,2019-04,423,21832.4,98.6,3.6,65.5,164.1,78.57,2.0885,39.9
서울,송파구,2019-05,353,24289.8,103.8,3.611,73.08,176.88,81.95,2.1584,41.3
서울,송파구,2019-06,276,24984.7,100.9,3.601,74.97,175.87,80.11,2.1953,42.6
서울,송파구,2019-07,274,27087.0,107.0,3.6,81.26,188.26,81.84,2.3004,43.2
서울,송파구,2019-08,287,25932.7,96.4,3.6,77.8,174.2,80.26,2.1704,44.7
서울,송파구,2019-09,261,24455.6,102.1,3.606,73.48,175.58,81.87,2.1447,41.9
서울,송파구,2019-10,373,24122.6,100.9,3.6,72.37,173.27,79.31,2.1847,41.8
서울,송파구,2019-11,419,28547.2,102.8,3.568,84.87,187.67,81.34,2.3072,45.2
서울,송파구,2019-12,772,21332.9,67.7,3.36,59.73,127.43,74.13,1.719,46.9
서울,송파구,2020-01,432,24000.9,87.8,3.444,68.89,156.69,76.83,2.0394,44.0
서울,송파구,2020-02,571,22592.5,78.4,3.474,65.4,143.8,74.79,1.9227,45.5
서울,송파구,2020-03,339,23798.7,87.7,3.494,69.3,157.0,75.51,2.0792,44.1
서울,송파구,2020-04,323,29011.8,88.7,3.491,84.4,173.1,77.06,2.2463,48.8
서울,송파구,2020-05,323,28348.1,113.1,3.436,81.16,194.26,79.22,2.4522,41.8
서울,송파구,2020-06,368,28957.6,105.2,3.512,84.74,189.94,81.07,2.3429,44.6
서울,송파구,2020-07,460,31931.6,106.4,3.512,93.44,199.84,81.47,2.453,46.8
서울,송파구,2020-08,679,22585.5,67.6,3.455,65.03,132.63,73.66,1.8005,49.0
서울,송파구,2020-09,354,34252.7,105.6,3.467,98.95,204.55,78.85,2.5942,48.4
서울,송파구,2020-10,476,34120.9,104.1,3.493,99.31,203.41,78.59,2.5882,48.8
서울,송파구,2020-11,663,28875.1,85.0,3.555,85.54,170.54,73.52,2.3197,50.2
서울,송파구,2020-12,618,35075.2,106.4,3.6,105.23,211.63,80.1,2.642,49.7
서울,송파구,2021-01,579,32952.3,104.7,3.673,100.87,205.57,78.27,2.6265,49.1
서울,송파구,2021-02,441,34288.5,112.3,3.871,110.62,222.92,79.31,2.8108,49.6
서울,송파구,2021-03,495,32915.7,105.1,3.99,109.44,214.54,77.19,2.7794,51.0
서울,송파구,2021-04,453,31564.1,106.0,4.019,105.73,211.73,78.98,2.6808,49.9
서울,송파구,2021-05,615,28736.5,96.0,3.992,95.59,191.59,77.48,2.4727,49.9
서울,송파구,2021-06,416,31004.3,131.4,4.0,103.35,234.75,74.95,3.1321,44.0
서울,송파구,2021-07,479,29126.0,113.4,4.021,97.6,211.0,74.48,2.833,46.3
서울,송파구,2021-08,677,18982.6,87.7,3.933,62.22,149.92,70.2,2.1356,41.5
서울,송파구,2021-09,421,28905.4,117.6,3.9,93.94,211.54,74.2,2.851,44.4
서울,송파구,2021-10,752,25433.3,101.5,3.862,81.86,183.36,73.26,2.5029,44.6
서울,송파구,2021-11,464,36753.4,144.3,3.875,118.69,262.99,79.57,3.3051,45.1
서울,송파구,2021-12,1115,22886.1,77.7,3.831,73.06,150.76,67.23,2.2424,48.5
서울,송파구,2022-01,772,24527.5,91.3,3.842,78.53,169.83,70.17,2.4202,46.2
서울,송파구,2022-02,785,22692.8,90.4,3.814,72.13,162.53,67.5,2.4078,44.4
서울,송파구,2022-03,550,26322.3,113.4,3.855,84.56,197.96,75.11,2.6356,42.7
서울,송파구,2022-04,539,29705.3,123.3,3.871,95.83,219.13,77.35,2.833,43.7
서울,송파구,2022-05,502,29065.1,113.3,3.766,91.21,204.51,75.34,2.7145,44.6
서울,송파구,2022-06,397,31978.4,131.1,3.865,103.0,234.1,76.05,3.0783,44.0
서울,송파구,2022-07,683,21843.1,98.6,3.881,70.65,169.25,63.25,2.6758,41.7
서울,송파구,2022-08,652,20132.0,89.0,3.84,64.42,153.42,67.55,2.2712,42.0
서울,송파구,2022-09,483,28677.2,131.1,3.871,92.51,223.61,74.38,3.0063,41.4
서울,송파구,2022-10,521,28293.8,139.5,3.936,92.81,232.31,75.17,3.0904,39.9
서울,송파구,2022-11,671,24948.1,112.3,4.08,84.82,197.12,71.77,2.7466,43.0
서울,송파구,2022-12,798,25405.7,115.7,4.201,88.93,204.63,73.75,2.7747,43.5
서울,송파구,2023-01,576,24714.6,128.4,4.311,88.79,217.19,74.05,2.933,40.9
서울,송파구,2023-02,995,17857.3,88.5,4.507,67.08,155.58,70.6,2.2036,43.1
서울,송파구,2023-03,616,24023.8,117.2,4.667,93.43,210.63,75.35,2.7953,44.4
서울,송파구,2023-04,565,21058.2,119.3,4.714,82.73,202.03,75.5,2.6759,40.9
서울,송파구,2023-05,1321,16605.7,64.1,4.459,61.71,125.81,62.23,2.0216,49.0
서울,송파구,2023-06,447,23255.8,135.2,4.444,86.13,221.33,75.12,2.9464,38.9
서울,송파구,2023-07,529,21495.7,106.0,4.364,78.17,184.17,69.07,2.6664,42.4
서울,송파구,2023-08,346,24402.2,147.3,4.278,86.99,234.29,75.74,3.0934,37.1
서울,송파구,2023-09,400,27010.5,126.3,4.126,92.87,219.17,75.67,2.8964,42.4
서울,송파구,2023-10,559,23714.0,135.3,4.011,79.27,214.57,76.43,2.8074,36.9
서울,송파구,2023-11,493,27958.3,155.8,4.372,101.87,257.67,77.49,3.3251,39.5
서울,송파구,2023-12,831,22499.6,108.1,4.337,81.32,189.42,70.68,2.68,42.9
서울,송파구,2024-01,685,23522.8,108.4,4.364,85.54,193.94,71.19,2.7242,44.1
서울,송파구,2024-02,588,18949.6,93.6,4.385,69.24,162.84,65.62,2.4815,42.5
서울,송파구,2024-03,740,18859.8,83.5,4.39,69.0,152.5,66.33,2.2991,45.2
서울,송파구,2024-04,402,21104.7,129.1,4.385,77.11,206.21,73.4,2.8094,37.4
서울,송파구,2024-05,484,24043.4,120.1,4.329,86.74,206.84,73.59,2.8107,41.9
서울,송파구,2024-06,374,23449.7,133.2,4.32,84.42,217.62,74.93,2.9043,38.8
서울,송파구,2024-07,436,23033.8,127.6,4.32,82.92,210.52,74.32,2.8326,39.4
서울,송파구,2024-08,591,19509.2,93.0,4.25,69.1,162.1,71.92,2.2538,42.6
서울,송파구,2024-09,369,22103.0,129.3,4.205,77.45,206.75,73.0,2.8322,37.5
서울,송파구,2024-10,489,25502.9,135.7,4.235,90.01,225.71,75.73,2.9805,39.9
서울,송파구,2024-11,491,26879.3,161.8,4.299,96.28,258.08,77.22,3.3422,37.3
서울,송파구,2024-12,536,27888.4,142.6,4.348,101.06,243.66,78.69,3.0964,41.5
서울,송파구,2025-01,468,27872.4,158.2,4.408,102.39,260.59,77.93,3.3439,39.3
서울,송파구,2025-02,754,19301.1,111.6,4.5,72.38,183.98,73.1,2.5168,39.3
서울,송파구,2025-03,493,25836.7,132.1,4.541,97.78,229.88,75.22,3.0561,42.5
서울,송파구,2025-04,464,22386.1,132.1,4.623,86.24,218.34,74.61,2.9264,39.5
서울,송파구,2025-05,888,18795.0,78.1,4.499,70.46,148.56,66.23,2.2431,47.4
서울,송파구,2025-06,347,25301.7,144.2,4.484,94.54,238.74,75.09,3.1794,39.6
서울,송파구,2025-07,497,23147.5,120.1,4.381,84.51,204.61,69.44,2.9465,41.3
서울,송파구,2025-08,347,25152.0,173.4,4.394,92.11,265.51,76.38,3.4761,34.7
서울,송파구,2025-09,376,28761.3,168.7,4.344,104.11,272.81,76.95,3.5453,38.2
서울,송파구,2025-10,470,28287.0,143.6,4.267,100.58,244.18,75.66,3.2273,41.2
서울,송파구,2025-11,496,34878.7,186.5,4.505,130.94,317.44,78.98,4.0193,41.2
서울,송파구,2025-12,720,27983.5,118.1,4.401,102.64,220.74,69.49,3.1766,46.5
서울,송파구,2026-01,462,29314.5,185.3,4.447,108.64,293.94,77.59,3.7884,37.0
서울,송파구,2026-02,354,26334.2,151.0,4.436,97.35,248.35,75.26,3.2999,39.2
서울,송파구,2026-03,489,25464.3,153.9,4.414,93.67,247.57,73.99,3.3461,37.8
서울,송파구,2026-04,528,25630.4,163.3,4.383,93.61,256.91,75.91,3.3844,36.4
서울,송파구,2026-05,409,32296.8,184.3,4.361,117.37,301.67,77.99,3.868,38.9
서울,송파구,2026-06,437,30522.5,167.6,4.488,114.15,281.75,74.76,3.7687,40.5
서울,송파구,2026-07,355,33207.4,177.3,4.44,122.87,300.17,74.92,4.0065,40.9
서울,양천구,2011-01,111,9395.5,65.7,7.279,56.99,122.69,77.73,1.5785,46.5
서울,양천구,2011-02,105,7975.0,55.0,7.279,48.38,103.38,77.49,1.3341,46.8
서울,양천구,2011-03,187,5864.2,47.4,7.279,35.57,82.97,71.63,1.1584,42.9
서울,양천구,2011-04,93,8075.9,74.0,7.279,48.99,122.99,77.68,1.5833,39.8
서울,양천구,2011-05,119,8389.9,56.0,7.279,50.89,106.89,76.53,1.3968,47.6
서울,양천구,2011-06,104,9965.6,61.8,7.279,60.45,122.25,76.19,1.6046,49.4
서울,양천구,2011-07,106,8836.1,60.8,7.471,55.01,115.81,74.32,1.5583,47.5
서울,양천구,2011-08,100,8582.0,68.9,7.478,53.48,122.38,76.6,1.5977,43.7
서울,양천구,2011-09,72,7223.3,67.3,7.475,45.0,112.3,76.96,1.4591,40.1
서울,양천구,2011-10,86,10644.5,77.8,7.475,66.31,144.11,79.04,1.8232,46.0
서울,양천구,2011-11,75,9794.2,73.7,7.478,61.04,134.74,81.25,1.6583,45.3
서울,양천구,2011-12,73,10634.7,60.1,7.478,66.28,126.38,81.14,1.5575,52.4
서울,양천구,2012-01,83,11721.6,73.2,7.333,71.63,144.83,79.44,1.8232,49.5
서울,양천구,2012-02,98,10137.6,70.2,7.153,60.43,130.63,79.6,1.6411,46.3
서울,양천구,2012-03,88,8682.4,67.5,7.167,51.85,119.35,76.36,1.563,43.4
서울,양천구,2012-04,68,7966.9,66.5,6.952,46.15,112.65,77.37,1.456,41.0
서울,양천구,2012-05,51,9713.3,81.8,6.919,56.01,137.81,76.14,1.8099,40.6
서울,양천구,2012-06,65,9618.0,79.4,6.895,55.26,134.66,77.11,1.7464,41.0
서울,양천구,2012-07,62,7276.9,67.6,6.857,41.58,109.18,76.84,1.4209,38.1
서울,양천구,2012-08,73,9069.5,76.1,6.954,52.56,128.66,76.76,1.6761,40.9
서울,양천구,2012-09,59,8094.5,79.6,6.993,47.17,126.77,78.25,1.6201,37.2
서울,양천구,2012-10,73,10083.7,74.8,6.968,58.56,133.36,78.13,1.7069,43.9
서울,양천구,2012-11,75,10565.3,74.5,6.931,61.03,135.53,80.55,1.6825,45.0
서울,양천구,2012-12,88,11390.5,78.7,6.816,64.7,143.4,82.94,1.729,45.1
서울,양천구,2013-01,93,11459.8,78.3,6.701,63.99,142.29,79.85,1.782,45.0
서울,양천구,2013-02,99,12325.8,69.6,6.545,67.23,136.83,78.56,1.7417,49.1
서울,양천구,2013-03,98,11796.3,56.6,6.462,63.52,120.12,76.6,1.5681,52.9
서울,양천구,2013-04,83,11130.8,68.0,6.516,60.44,128.44,79.12,1.6234,47.1
서울,양천구,2013-05,88,11245.4,72.2,6.5,60.92,133.12,79.43,1.6759,45.8
서울,양천구,2013-06,96,13096.9,60.8,6.545,71.44,132.24,79.98,1.6534,54.0
서울,양천구,2013-07,103,12708.9,63.0,6.565,69.53,132.53,78.5,1.6883,52.5
서울,양천구,2013-08,194,9861.8,48.0,6.615,54.36,102.36,72.6,1.4099,53.1
서울,양천구,2013-09,107,11751.2,63.0,6.669,65.3,128.3,76.43,1.6787,50.9
서울,양천구,2013-10,126,12908.5,68.2,6.61,71.1,139.3,80.66,1.7271,51.0
서울,양천구,2013-11,122,16712.6,74.8,6.667,92.85,167.65,78.35,2.1397,55.4
서울,양천구,2013-12,120,17852.4,68.8,6.605,98.27,167.07,83.06,2.0114,58.8
서울,양천구,2014-01,135,18872.9,61.3,6.317,99.35,160.65,79.4,2.0233,61.8
서울,양천구,2014-02,140,18577.1,62.2,6.0,92.89,155.09,80.25,1.9325,59.9
서울,양천구,2014-03,115,14023.9,58.6,5.941,69.44,128.04,77.42,1.6538,54.2
서울,양천구,2014-04,108,12866.3,58.1,5.81,62.29,120.39,75.29,1.599,51.7
서울,양천구,2014-05,98,14288.9,63.5,5.81,69.18,132.68,78.64,1.6872,52.1
서울,양천구,2014-06,107,12744.8,65.2,5.999,63.72,128.92,76.76,1.6795,49.4
서울,양천구,2014-07,84,14595.7,68.9,6.0,72.98,141.88,79.13,1.793,51.4
서울,양천구,2014-08,84,13692.5,68.6,6.37,72.69,141.29,78.59,1.7978,51.4
서울,양천구,2014-09,112,13879.1,65.2,6.301,72.87,138.07,79.95,1.727,52.8
서울,양천구,2014-10,115,15640.6,67.2,6.0,78.2,145.4,79.49,1.8292,53.8
서울,양천구,2014-11,138,19617.9,66.8,5.818,95.12,161.92,81.15,1.9953,58.7
서울,양천구,2014-12,180,21346.0,65.1,5.607,99.74,164.84,82.77,1.9915,60.5
서울,양천구,2015-01,167,20875.8,62.3,5.429,94.44,156.74,80.27,1.9526,60.3
서울,양천구,2015-02,162,18912.5,59.4,5.289,83.36,142.76,80.52,1.773,58.4
서울,양천구,2015-03,194,16241.6,58.2,5.23,70.78,128.98,77.2,1.6708,54.9
서울,양천구,2015-04,185,20491.7,61.1,5.193,88.68,149.78,78.74,1.9022,59.2
서울,양천구,2015-05,169,21606.0,55.7,5.1,91.83,147.53,77.74,1.8977,62.2
서울,양천구,2015-06,207,21543.8,62.6,5.023,90.18,152.78,80.17,1.9057,59.0
서울,양천구,2015-07,221,18328.3,57.4,5.065,77.36,134.76,75.1,1.7944,57.4
서울,양천구,2015-08,237,18166.8,53.9,5.0,75.7,129.59,75.22,1.7229,58.4
서울,양천구,2015-09,182,22647.8,62.3,4.916,92.78,155.08,78.75,1.9693,59.8
서울,양천구,2015-10,233,23308.9,63.7,4.8,93.24,156.94,79.64,1.9706,59.4
서울,양천구,2015-11,218,29469.6,69.1,4.777,117.32,186.42,81.79,2.2792,62.9
서울,양천구,2015-12,258,29069.0,65.8,4.774,115.65,181.45,80.99,2.2404,63.7
서울,양천구,2016-01,262,25804.3,58.0,4.615,99.25,157.25,78.12,2.0129,63.1
서울,양천구,2016-02,249,22846.8,52.4,4.364,83.08,135.48,76.92,1.7613,61.3
서울,양천구,2016-03,206,23825.0,51.3,4.364,86.64,137.94,75.02,1.8387,62.8
서울,양천구,2016-04,175,20997.8,56.6,4.34,75.93,132.53,73.77,1.7966,57.3
서울,양천구,2016-05,180,24517.8,56.0,4.32,88.26,144.26,79.38,1.8174,61.2
서울,양천구,2016-06,171,23584.4,57.2,4.336,85.21,142.41,75.84,1.8778,59.8
서울,양천구,2016-07,176,24103.4,55.1,4.302,86.41,141.51,75.89,1.8647,61.1
서울,양천구,2016-08,181,21846.6,58.4,4.2,76.46,134.86,75.73,1.7808,56.7
서울,양천구,2016-09,173,23348.4,58.9,4.084,79.46,138.36,76.68,1.8044,57.4
서울,양천구,2016-10,240,26952.4,55.9,4.0,89.84,145.74,79.82,1.8259,61.6
서울,양천구,2016-11,225,26870.2,61.3,4.0,89.57,150.87,79.82,1.8901,59.4
서울,양천구,2016-12,249,29524.5,62.3,3.98,97.92,160.22,79.84,2.0068,61.1
서울,양천구,2017-01,206,26027.2,53.6,3.851,83.52,137.12,78.08,1.7562,60.9
서울,양천구,2017-02,220,25189.2,53.5,3.818,80.15,133.65,77.12,1.733,60.0
서울,양천구,2017-03,172,22695.5,60.5,3.84,72.63,133.13,77.46,1.7186,54.6
서울,양천구,2017-04,137,22205.4,64.0,3.835,70.96,134.96,76.73,1.7589,52.6
서울,양천구,2017-05,145,25820.9,61.9,3.84,82.63,144.53,77.76,1.8586,57.2
서울,양천구,2017-06,134,26593.8,65.8,3.856,85.45,151.25,77.74,1.9456,56.5
서울,양천구,2017-07,139,22318.3,61.1,3.892,72.39,133.49,76.09,1.7544,54.2
서울,양천구,2017-08,179,15624.5,58.2,3.897,50.75,108.95,72.4,1.5048,46.6
서울,양천구,2017-09,167,23400.9,65.6,3.882,75.71,141.31,74.46,1.8978,53.6
서울,양천구,2017-10,128,23999.1,74.7,3.892,77.83,152.53,79.86,1.91,51.0
서울,양천구,2017-11,181,23784.3,71.5,3.882,76.95,148.45,79.24,1.8734,51.8
서울,양천구,2017-12,170,27146.1,72.2,3.814,86.28,158.48,81.95,1.9338,54.4
서울,양천구,2018-01,166,22620.5,69.7,3.834,72.27,141.97,76.53,1.8551,50.9
서울,양천구,2018-02,139,25328.8,63.0,3.84,81.05,144.05,78.31,1.8395,56.3
서울,양천구,2018-03,174,19421.5,61.1,3.793,61.4,122.5,75.47,1.6231,50.1
서울,양천구,2018-04,118,21743.8,71.4,3.802,68.9,140.3,76.34,1.8378,49.1
서울,양천구,2018-05,106,19820.5,60.8,3.84,63.43,124.23,76.63,1.6211,51.1
서울,양천구,2018-06,132,23372.8,70.5,3.827,74.54,145.04,77.27,1.877,51.4
서울,양천구,2018-07,154,21148.4,58.6,3.818,67.29,125.89,74.34,1.6934,53.5
서울,양천구,2018-08,141,19754.3,71.8,3.84,63.21,135.01,73.99,1.8248,46.8
서울,양천구,2018-09,131,22887.2,69.9,3.829,73.02,142.92,77.36,1.8475,51.1
서울,양천구,2018-10,202,24960.7,74.9,3.805,79.14,154.04,76.9,2.0032,51.4
서울,양천구,2018-11,155,25419.0,67.2,3.692,78.21,145.41,79.83,1.8215,53.8
서울,양천구,2018-12,211,28094.4,77.2,3.692,86.44,163.64,79.41,2.0608,52.8
서울,양천구,2019-01,195,25953.3,68.5,3.668,79.34,147.84,77.48,1.908,53.7
서울,양천구,2019-02,228,16259.5,52.3,3.692,50.03,102.33,73.05,1.4008,48.9
서울,양천구,2019-03,144,19243.6,63.3,3.692,59.21,122.51,76.42,1.6031,48.3
서울,양천구,2019-04,127,20952.1,62.2,3.767,65.77,127.97,76.44,1.6742,51.4
서울,양천구,2019-05,112,19673.0,59.0,3.805,62.38,121.38,75.32,1.6115,51.4
서울,양천구,2019-06,134,20175.4,69.0,3.84,64.56,133.56,76.78,1.7395,48.3
서울,양천구,2019-07,140,22561.1,65.8,3.859,72.56,138.36,76.9,1.7992,52.4
서울,양천구,2019-08,171,17786.9,61.0,3.892,57.69,118.69,73.41,1.6168,48.6
서울,양천구,2019-09,143,20264.8,69.7,3.818,64.48,134.18,74.85,1.7926,48.1
서울,양천구,2019-10,168,22446.4,77.7,3.802,71.12,148.82,77.12,1.9297,47.8
서울,양천구,2019-11,210,24624.8,75.0,3.799,77.96,152.96,77.56,1.9721,51.0
서울,양천구,2019-12,270,22063.2,63.1,3.758,69.09,132.19,76.31,1.7323,52.3
서울,양천구,2020-01,168,22686.4,72.3,3.75,70.89,143.19,77.77,1.8413,49.5
서울,양천구,2020-02,191,24809.8,63.6,3.731,77.13,140.73,75.63,1.8607,54.8
서울,양천구,2020-03,129,21540.0,64.2,3.714,66.67,130.87,71.8,1.8227,50.9
서울,양천구,2020-04,234,15229.2,47.0,3.692,46.86,93.86,69.99,1.341,49.9
서울,양천구,2020-05,127,22525.1,63.2,3.638,68.29,131.49,76.22,1.7251,51.9
서울,양천구,2020-06,182,21950.2,73.3,3.692,67.54,140.84,76.9,1.8315,48.0
서울,양천구,2020-07,254,19215.7,58.6,3.689,59.07,117.67,73.97,1.5908,50.2
서울,양천구,2020-08,172,23080.4,70.4,3.814,73.35,143.75,72.62,1.9795,51.0
서울,양천구,2020-09,208,22283.0,62.9,3.879,72.04,134.94,72.91,1.8507,53.4
서울,양천구,2020-10,244,27119.8,78.1,3.9,88.14,166.24,72.87,2.2813,53.0
서울,양천구,2020-11,252,23795.6,68.7,3.923,77.79,146.49,74.63,1.9629,53.1
서울,양천구,2020-12,255,28554.9,70.0,3.972,94.51,164.51,77.42,2.1249,57.4
서울,양천구,2021-01,180,27252.3,72.1,3.873,87.96,160.06,75.9,2.1088,55.0
서울,양천구,2021-02,170,27841.6,74.4,3.971,92.13,166.53,76.84,2.1672,55.3
서울,양천구,2021-03,167,25249.2,73.9,4.061,85.45,159.35,75.31,2.1159,53.6
서울,양천구,2021-04,418,12940.1,42.8,4.081,44.0,86.8,63.3,1.3713,50.7
서울,양천구,2021-05,234,24770.0,70.8,3.947,81.48,152.28,75.71,2.0114,53.5
서울,양천구,2021-06,330,17693.2,63.7,4.068,59.98,123.68,68.42,1.8076,48.5
서울,양천구,2021-07,267,18718.1,64.4,4.211,65.68,130.08,69.99,1.8585,50.5
서울,양천구,2021-08,386,13230.4,51.4,4.364,48.11,99.51,66.36,1.4996,48.3
서울,양천구,2021-09,357,16967.7,53.5,4.4,62.21,115.71,61.37,1.8855,53.8
서울,양천구,2021-10,341,24434.6,76.1,4.533,92.3,168.4,73.01,2.3065,54.8
서울,양천구,2021-11,289,23342.5,73.1,4.533,88.17,161.27,69.86,2.3085,54.7
서울,양천구,2021-12,267,27158.4,87.9,4.533,102.58,190.48,74.6,2.5534,53.9
서울,양천구,2022-01,228,21875.5,78.2,4.458,81.27,159.47,70.78,2.253,51.0
서울,양천구,2022-02,194,23399.0,79.5,4.258,83.04,162.54,69.44,2.3407,51.1
서울,양천구,2022-03,284,21962.3,72.7,4.313,78.93,151.63,70.42,2.1532,52.1
서울,양천구,2022-04,194,24222.3,79.3,4.047,81.7,161.0,69.06,2.3313,50.7
서울,양천구,2022-05,290,18087.6,69.3,4.012,60.48,129.78,67.24,1.9301,46.6
서울,양천구,2022-06,217,25297.5,80.1,3.968,83.64,163.74,70.02,2.3385,51.1
서울,양천구,2022-07,326,16297.1,61.6,4.229,57.43,119.03,65.44,1.8189,48.2
서울,양천구,2022-08,181,24152.4,96.8,4.277,86.09,182.89,70.18,2.6059,47.1
서울,양천구,2022-09,279,18035.5,70.6,4.322,64.96,135.56,67.72,2.0017,47.9
서울,양천구,2022-10,367,20285.4,75.3,4.583,77.47,152.77,66.82,2.2863,50.7
서울,양천구,2022-11,335,18867.4,75.4,4.701,73.91,149.31,69.63,2.1443,49.5
서울,양천구,2022-12,384,20590.8,69.5,4.687,80.43,149.93,69.66,2.1523,53.6
서울,양천구,2023-01,352,17113.8,67.9,4.582,65.34,133.24,66.36,2.0079,49.0
서울,양천구,2023-02,308,15315.6,80.4,4.514,57.61,138.01,70.59,1.955,41.7
서울,양천구,2023-03,296,13481.0,65.1,4.583,51.49,116.59,69.91,1.6677,44.2
서울,양천구,2023-04,415,12815.5,56.8,4.715,50.35,107.15,67.2,1.5945,47.0
서울,양천구,2023-05,245,16027.1,81.5,4.68,62.5,144.0,73.37,1.9627,43.4
서울,양천구,2023-06,247,19032.7,101.6,4.727,74.98,176.58,74.67,2.3648,42.5
서울,양천구,2023-07,260,15564.4,74.4,4.696,60.9,135.3,71.03,1.9049,45.0
서울,양천구,2023-08,281,15320.2,70.9,4.615,58.92,129.82,69.94,1.8562,45.4
서울,양천구,2023-09,291,18153.8,75.3,4.612,69.77,145.07,69.34,2.0921,48.1
서울,양천구,2023-10,325,21944.0,83.3,4.552,83.25,166.55,74.65,2.231,50.0
서울,양천구,2023-11,257,23090.1,102.3,4.548,87.51,189.81,76.27,2.4886,46.1
서울,양천구,2023-12,257,23599.9,89.4,4.548,89.44,178.84,72.54,2.4654,50.0
서울,양천구,2024-01,252,17990.8,82.7,4.557,68.32,151.02,71.1,2.124,45.2
서울,양천구,2024-02,172,19643.8,100.4,4.546,74.42,174.82,74.62,2.3427,42.6
서울,양천구,2024-03,299,13689.9,63.2,4.624,52.75,115.95,68.29,1.698,45.5
서울,양천구,2024-04,198,19401.2,87.2,4.588,74.18,161.38,70.02,2.3048,46.0
서울,양천구,2024-05,286,18131.4,79.4,4.615,69.74,149.14,69.09,2.1586,46.8
서울,양천구,2024-06,179,24016.7,99.7,4.592,91.9,191.6,73.31,2.6135,48.0
서울,양천구,2024-07,239,20986.3,83.1,4.541,79.41,162.51,69.82,2.3275,48.9
서울,양천구,2024-08,191,22597.0,97.3,4.528,85.27,182.57,72.02,2.535,46.7
서울,양천구,2024-09,181,22175.1,89.6,4.5,83.16,172.76,70.66,2.4449,48.1
서울,양천구,2024-10,271,22774.7,96.2,4.48,85.03,181.23,70.95,2.5543,46.9
서울,양천구,2024-11,208,27765.1,122.3,4.502,104.16,226.46,75.43,3.0022,46.0
서울,양천구,2024-12,287,23453.5,79.6,4.509,88.13,167.73,71.48,2.3465,52.5
서울,양천구,2025-01,219,19740.8,86.9,4.627,76.12,163.02,68.17,2.3913,46.7
서울,양천구,2025-02,234,18862.8,81.9,4.678,73.54,155.44,68.79,2.2596,47.3
서울,양천구,2025-03,249,16314.3,78.4,4.715,64.1,142.5,70.56,2.0196,45.0
서울,양천구,2025-04,324,12509.1,66.6,4.713,49.13,115.73,65.2,1.775,42.5
서울,양천구,2025-05,243,15519.0,78.3,4.772,61.72,140.02,67.23,2.0827,44.1
서울,양천구,2025-06,178,22724.7,101.3,4.743,89.82,191.12,75.29,2.5385,47.0
서울,양천구,2025-07,216,16800.5,90.5,4.667,65.34,155.84,70.12,2.2225,41.9
서울,양천구,2025-08,244,17029.5,93.0,4.723,67.03,160.03,70.69,2.2638,41.9
서울,양천구,2025-09,266,22908.1,89.8,4.821,92.04,181.84,70.41,2.5825,50.6
서울,양천구,2025-10,230,25970.3,100.7,4.8,103.89,204.59,74.0,2.7647,50.8
서울,양천구,2025-11,221,29160.9,121.1,4.8,116.64,237.74,77.47,3.0688,49.1
서울,양천구,2025-12,227,27902.8,113.1,4.76,110.69,223.79,75.08,2.9806,49.5
서울,양천구,2026-01,201,29576.4,134.3,4.753,117.15,251.45,76.03,3.3072,46.6
서울,양천구,2026-02,150,21989.6,109.1,4.73,86.68,195.78,74.11,2.6417,44.3
서울,양천구,2026-03,261,16013.0,76.4,4.791,63.93,140.33,69.23,2.027,45.6
서울,양천구,2026-04,234,20858.0,100.7,4.56,79.26,179.96,72.31,2.4887,44.0
서울,양천구,2026-05,224,15008.9,79.5,4.718,59.01,138.51,68.8,2.0132,42.6
서울,양천구,2026-06,274,17593.8,82.0,4.58,67.15,149.15,65.41,2.2802,45.0
서울,양천구,2026-07,206,21844.5,90.8,4.557,82.95,173.75,69.65,2.4946,47.7
서울,영등포구,2011-01,65,6684.6,75.2,7.2,40.11,115.31,78.9,1.4614,34.8
서울,영등포구,2011-02,89,7280.7,72.2,7.2,43.68,115.88,79.45,1.4586,37.7
서울,영등포구,2011-03,85,8029.5,72.7,7.2,48.18,120.88,80.52,1.5012,39.9
서울,영등포구,2011-04,95,5242.1,62.7,7.2,31.45,94.15,77.61,1.2132,33.4
서울,영등포구,2011-05,70,6381.9,69.0,7.2,38.29,107.29,78.03,1.375,35.7
서울,영등포구,2011-06,72,6843.9,83.8,7.2,41.06,124.86,80.53,1.5505,32.9
서울,영등포구,2011-07,92,6718.5,75.1,7.144,40.0,115.1,80.36,1.4323,34.8
서울,영등포구,2011-08,73,8527.0,63.7,7.2,51.16,114.86,78.41,1.4649,44.5
서울,영등포구,2011-09,61,8582.0,77.0,7.158,51.19,128.19,80.65,1.5895,39.9
서울,영등포구,2011-10,67,8552.2,88.7,7.007,49.94,138.64,81.95,1.6917,36.0
서울,영등포구,2011-11,61,6983.6,76.0,7.14,41.56,117.56,81.12,1.4492,35.3
서울,영등포구,2011-12,72,7857.3,93.6,6.674,43.7,137.3,82.44,1.6654,31.8
서울,영등포구,2012-01,72,7125.0,84.2,6.719,39.89,124.09,81.68,1.5193,32.1
서울,영등포구,2012-02,101,7207.9,82.2,6.667,40.04,122.24,81.54,1.4992,32.8
서울,영등포구,2012-03,115,6807.9,81.4,6.667,37.82,119.22,76.75,1.5534,31.7
서울,영등포구,2012-04,67,7216.4,77.1,6.666,40.09,117.19,79.23,1.4791,34.2
서울,영등포구,2012-05,76,7185.5,81.6,6.667,39.92,121.52,78.99,1.5384,32.9
서울,영등포구,2012-06,73,6123.3,74.2,6.67,34.03,108.23,77.68,1.3933,31.4
서울,영등포구,2012-07,99,6300.0,76.0,6.667,35.0,111.0,74.09,1.4982,31.5
서울,영등포구,2012-08,105,5131.9,67.2,6.775,28.98,96.18,71.31,1.3487,30.1
서울,영등포구,2012-09,93,6910.8,69.4,6.767,38.97,108.37,77.32,1.4016,36.0
서울,영등포구,2012-10,100,7865.0,71.0,6.855,44.93,115.93,77.65,1.4929,38.8
서울,영등포구,2012-11,98,7124.2,72.1,6.916,41.06,113.16,75.11,1.5066,36.3
서울,영등포구,2012-12,114,6324.6,65.3,7.004,36.92,102.22,75.88,1.3471,36.1
서울,영등포구,2013-01,167,4800.6,67.2,7.091,28.37,95.57,73.58,1.2988,29.7
서울,영등포구,2013-02,146,6599.3,70.2,7.038,38.7,108.9,75.49,1.4426,35.5
서울,영등포구,2013-03,155,7838.7,67.5,6.947,45.38,112.88,76.39,1.4777,40.2
서울,영등포구,2013-04,132,7200.8,65.2,6.866,41.2,106.4,73.43,1.449,38.7
서울,영등포구,2013-05,126,6231.0,74.5,6.857,35.61,110.11,76.69,1.4357,32.3
서울,영등포구,2013-06,97,8561.9,63.9,6.772,48.32,112.22,74.66,1.503,43.1
서울,영등포구,2013-07,146,8585.6,65.5,6.6,47.22,112.72,72.14,1.5625,41.9
서울,영등포구,2013-08,168,7587.8,60.8,6.582,41.62,102.42,69.32,1.4775,40.6
서울,영등포구,2013-09,149,7991.3,66.9,6.545,43.59,110.49,72.54,1.5231,39.5
서울,영등포구,2013-10,157,9287.0,70.5,6.544,50.65,121.15,74.32,1.6301,41.8
서울,영등포구,2013-11,145,8199.1,61.2,6.462,44.15,105.35,75.43,1.3966,41.9
서울,영등포구,2013-12,146,8767.1,76.2,6.545,47.82,124.02,78.21,1.5857,38.6
서울,영등포구,2014-01,221,9109.7,68.0,6.462,49.05,117.05,74.11,1.5794,41.9
서울,영등포구,2014-02,216,9543.3,64.2,6.462,51.39,115.59,74.57,1.55,44.5
서울,영등포구,2014-03,190,9260.8,72.2,6.261,48.32,120.52,74.77,1.6118,40.1
서울,영등포구,2014-04,153,8738.6,70.2,6.147,44.76,114.96,73.17,1.5711,38.9
서울,영등포구,2014-05,139,9996.4,72.1,6.218,51.8,123.9,77.31,1.6027,41.8
서울,영등포구,2014-06,133,8177.4,69.5,6.0,40.89,110.39,74.11,1.4895,37.0
서울,영등포구,2014-07,133,9571.4,70.1,6.0,47.86,117.96,74.79,1.5772,40.6
서울,영등포구,2014-08,140,7387.1,67.0,6.0,36.94,103.94,74.15,1.4017,35.5
서울,영등포구,2014-09,159,7589.3,62.0,5.907,37.36,99.36,73.55,1.3509,37.6
서울,영등포구,2014-10,175,9520.6,64.1,5.793,45.96,110.06,72.63,1.5154,41.8
서울,영등포구,2014-11,152,9209.2,70.6,5.811,44.59,115.19,77.19,1.4924,38.7
서울,영등포구,2014-12,194,9173.2,62.4,5.782,44.2,106.6,73.18,1.4566,41.5
서울,영등포구,2015-01,239,11981.1,64.4,5.647,56.38,120.78,75.05,1.6093,46.7
서울,영등포구,2015-02,207,12163.0,65.7,5.525,56.01,121.71,77.78,1.5647,46.0
서울,영등포구,2015-03,267,12452.4,66.1,5.455,56.6,122.7,77.0,1.5935,46.1
서울,영등포구,2015-04,190,11533.0,67.0,5.535,53.19,120.19,73.43,1.6368,44.3
서울,영등포구,2015-05,163,11291.4,66.2,5.455,51.32,117.52,73.5,1.599,43.7
서울,영등포구,2015-06,175,13462.3,68.9,5.25,58.9,127.8,78.23,1.6336,46.1
서울,영등포구,2015-07,178,12806.2,70.0,5.217,55.68,125.68,77.08,1.6305,44.3
서울,영등포구,2015-08,209,14060.4,63.3,5.17,60.58,123.88,74.1,1.6717,48.9
서울,영등포구,2015-09,178,14906.2,76.3,5.143,63.88,140.18,78.36,1.789,45.6
서울,영등포구,2015-10,220,15388.6,67.5,5.0,64.12,131.62,76.4,1.7228,48.7
서울,영등포구,2015-11,169,15310.7,69.1,5.0,63.79,132.89,76.87,1.7288,48.0
서울,영등포구,2015-12,209,17461.0,64.2,4.886,71.1,135.3,78.06,1.7332,52.5
서울,영등포구,2016-01,276,17489.0,60.9,4.827,70.34,131.24,74.61,1.7591,53.6
서울,영등포구,2016-02,220,17450.0,65.2,4.8,69.8,135.0,75.15,1.7964,51.7
서울,영등포구,2016-03,253,18514.6,66.5,4.746,73.22,139.72,76.87,1.8177,52.4
서울,영등포구,2016-04,188,18258.0,67.2,4.67,71.06,138.26,78.5,1.7613,51.4
서울,영등포구,2016-05,153,18162.1,68.2,4.571,69.19,137.39,79.35,1.7314,50.4
서울,영등포구,2016-06,183,16623.2,60.6,4.465,61.85,122.45,75.64,1.6189,50.5
서울,영등포구,2016-07,180,17340.3,60.3,4.447,64.26,124.56,75.65,1.6465,51.6
서울,영등포구,2016-08,166,18035.1,70.2,4.421,66.45,136.65,77.55,1.762,48.6
서울,영등포구,2016-09,141,16834.9,69.6,4.303,60.37,129.97,78.45,1.6568,46.5
서울,영등포구,2016-10,174,19406.9,63.0,4.258,68.86,131.86,80.02,1.6479,52.2
서울,영등포구,2016-11,141,19702.3,63.6,4.257,69.9,133.5,78.14,1.7084,52.4
서울,영등포구,2016-12,179,17740.2,64.0,4.262,63.0,127.0,81.31,1.5619,49.6
서울,영등포구,2017-01,201,16984.2,63.2,4.235,59.94,123.14,75.45,1.6321,48.7
서울,영등포구,2017-02,229,16658.4,63.1,4.194,58.22,121.32,76.06,1.5951,48.0
서울,영등포구,2017-03,182,17408.0,64.1,4.222,61.25,125.35,77.13,1.6251,48.9
서울,영등포구,2017-04,143,15593.0,65.0,4.2,54.58,119.58,73.93,1.6174,45.6
서울,영등포구,2017-05,139,15271.7,70.8,4.213,53.61,124.41,77.69,1.6014,43.1
서울,영등포구,2017-06,122,15307.2,70.5,4.138,52.78,123.28,76.51,1.6113,42.8
서울,영등포구,2017-07,157,11941.9,69.0,4.138,41.18,110.18,72.94,1.5106,37.4
서울,영등포구,2017-08,164,13535.2,64.1,4.2,47.37,111.47,74.22,1.5019,42.5
서울,영등포구,2017-09,148,13869.5,66.9,4.138,47.83,114.73,74.62,1.5375,41.7
서울,영등포구,2017-10,164,14848.6,72.3,4.12,50.98,123.28,74.37,1.6576,41.4
서울,영등포구,2017-11,468,19521.9,58.9,4.11,66.86,125.76,67.9,1.8522,53.2
서울,영등포구,2017-12,152,14032.9,81.9,4.125,48.24,130.14,77.41,1.6812,37.1
서울,영등포구,2018-01,170,15413.1,77.2,4.005,51.44,128.64,76.59,1.6796,40.0
서울,영등포구,2018-02,151,15427.8,70.1,4.0,51.43,121.53,76.38,1.5911,42.3
서울,영등포구,2018-03,181,14996.4,79.2,4.0,49.99,129.19,74.92,1.7244,38.7
서울,영등포구,2018-04,143,15251.5,70.4,4.08,51.86,122.26,74.02,1.6516,42.4
서울,영등포구,2018-05,141,14905.0,80.0,4.091,50.81,130.81,75.3,1.7372,38.8
서울,영등포구,2018-06,130,14417.6,67.2,4.09,49.14,116.34,72.86,1.5967,42.2
서울,영등포구,2018-07,147,11618.8,68.0,4.056,39.27,107.27,71.34,1.5037,36.6
서울,영등포구,2018-08,130,13645.0,73.3,4.017,45.67,118.97,74.45,1.598,38.4
서울,영등포구,2018-09,132,14687.9,78.5,4.101,50.2,128.7,74.38,1.7303,39.0
서울,영등포구,2018-10,131,14885.5,72.7,4.0,49.62,122.32,74.33,1.6456,40.6
서울,영등포구,2018-11,147,13222.1,64.6,3.96,43.63,108.23,69.12,1.5658,40.3
서울,영등포구,2018-12,168,13296.9,66.4,4.0,44.32,110.72,72.29,1.5317,40.0
서울,영등포구,2019-01,181,11329.7,64.1,4.091,38.62,102.72,67.71,1.5171,37.6
서울,영등포구,2019-02,157,14949.5,65.5,4.174,52.0,117.5,73.7,1.5943,44.3
서울,영등포구,2019-03,156,12114.9,64.8,4.125,41.64,106.44,68.42,1.5558,39.1
서울,영등포구,2019-04,137,11813.2,68.6,4.187,41.22,109.82,70.87,1.5496,37.5
서울,영등포구,2019-05,128,11068.1,72.1,4.113,37.94,110.04,70.19,1.5677,34.5
서울,영등포구,2019-06,128,11063.8,76.1,4.04,37.24,113.34,64.01,1.7707,32.9
서울,영등포구,2019-07,128,12027.1,73.4,4.015,40.24,113.64,70.44,1.6133,35.4
서울,영등포구,2019-08,153,14123.5,64.8,4.035,47.49,112.29,71.58,1.5688,42.3
서울,영등포구,2019-09,135,13025.7,72.4,4.011,43.54,115.94,74.76,1.5508,37.6
서울,영등포구,2019-10,170,13945.2,73.3,4.026,46.79,120.09,72.41,1.6584,39.0
서울,영등포구,2019-11,151,14358.0,77.6,4.0,47.86,125.46,76.09,1.6488,38.1
서울,영등포구,2019-12,220,15834.0,71.2,4.001,52.79,123.99,74.68,1.6603,42.6
서울,영등포구,2020-01,214,13264.1,72.3,4.0,44.21,116.51,73.52,1.5848,37.9
서울,영등포구,2020-02,270,14840.5,77.4,3.9,48.23,125.63,71.87,1.748,38.4
서울,영등포구,2020-03,247,11472.0,53.0,3.857,36.87,89.87,69.21,1.2986,41.0
서울,영등포구,2020-04,303,16837.8,63.9,3.855,54.09,117.99,68.66,1.7185,45.8
서울,영등포구,2020-05,213,15533.3,76.9,3.823,49.49,126.39,73.15,1.7278,39.2
서울,영등포구,2020-06,173,17108.1,75.0,3.829,54.58,129.58,74.06,1.7497,42.1
서울,영등포구,2020-07,198,16457.4,69.8,3.8,52.12,121.92,74.1,1.6453,42.7
서울,영등포구,2020-08,212,16553.3,78.1,3.796,52.36,130.46,74.01,1.7628,40.1
서울,영등포구,2020-09,335,14120.7,58.1,3.8,44.72,102.82,67.16,1.5309,43.5
서울,영등포구,2020-10,283,15702.1,67.0,3.809,49.84,116.84,69.89,1.6717,42.7
서울,영등포구,2020-11,231,18613.7,72.1,3.727,57.81,129.91,71.27,1.8227,44.5
서울,영등포구,2020-12,218,17779.7,76.9,3.733,55.3,132.2,71.54,1.848,41.8
서울,영등포구,2021-01,221,16580.1,74.3,3.75,51.81,126.11,69.06,1.8261,41.1
서울,영등포구,2021-02,202,14745.1,75.2,3.779,46.43,121.63,69.24,1.7567,38.2
서울,영등포구,2021-03,192,14726.5,76.1,3.802,46.66,122.76,71.06,1.7276,38.0
서울,영등포구,2021-04,194,15851.3,72.3,3.742,49.42,121.72,72.49,1.6792,40.6
서울,영등포구,2021-05,199,17041.9,86.3,3.846,54.62,140.92,74.57,1.8898,38.8
서울,영등포구,2021-06,262,16090.6,84.5,3.9,52.29,136.79,68.91,1.9851,38.2
서울,영등포구,2021-07,242,16657.6,81.7,3.849,53.43,135.13,68.18,1.982,39.5
서울,영등포구,2021-08,271,14932.2,80.4,3.818,47.51,127.91,68.53,1.8665,37.1
서울,영등포구,2021-09,247,15825.1,76.1,3.867,51.0,127.1,67.0,1.897,40.1
서울,영등포구,2021-10,218,18289.3,86.8,3.892,59.32,146.12,66.68,2.1913,40.6
서울,영등포구,2021-11,232,19496.8,85.9,3.934,63.92,149.82,70.31,2.1309,42.7
서울,영등포구,2021-12,261,21573.7,97.1,3.879,69.74,166.84,71.51,2.333,41.8
서울,영등포구,2022-01,333,14853.2,73.8,3.989,49.37,123.17,61.31,2.009,40.1
서울,영등포구,2022-02,315,20665.2,86.1,4.052,69.78,155.88,66.43,2.3465,44.8
서울,영등포구,2022-03,587,20036.7,68.8,4.067,67.9,136.7,65.29,2.0938,49.7
서울,영등포구,2022-04,284,19708.0,82.7,4.052,66.55,149.25,66.29,2.2515,44.6
서울,영등포구,2022-05,243,15576.6,81.8,4.091,53.1,134.9,66.3,2.0347,39.4
서울,영등포구,2022-06,303,18192.0,85.3,4.095,62.08,147.38,66.09,2.23,42.1
서울,영등포구,2022-07,356,18754.1,76.2,4.078,63.73,139.93,66.47,2.1052,45.5
서울,영등포구,2022-08,301,20430.5,93.9,4.118,70.1,164.0,68.74,2.3858,42.7
서울,영등포구,2022-09,310,20190.9,82.3,4.092,68.85,151.15,70.82,2.1343,45.6
서울,영등포구,2022-10,252,17353.1,95.8,4.119,59.57,155.37,67.36,2.3066,38.3
서울,영등포구,2022-11,241,17518.8,92.7,4.235,61.83,154.53,68.33,2.2615,40.0
서울,영등포구,2022-12,775,15295.3,50.0,4.333,55.22,105.22,50.19,2.0965,52.5
서울,영등포구,2023-01,302,17914.3,93.7,4.42,65.98,159.68,63.48,2.5155,41.3
서울,영등포구,2023-02,324,15179.3,84.9,4.615,58.38,143.28,66.78,2.1456,40.7
서울,영등포구,2023-03,339,15040.9,96.0,4.798,60.13,156.13,68.28,2.2867,38.5
서울,영등포구,2023-04,272,27121.9,106.5,4.857,109.78,216.28,72.94,2.9652,50.8
서울,영등포구,2023-05,294,23006.8,88.9,4.8,92.03,180.93,69.85,2.5902,50.9
서울,영등포구,2023-06,282,23064.1,92.5,4.803,92.31,184.81,70.74,2.6125,49.9
서울,영등포구,2023-07,259,23651.0,100.4,4.8,94.6,195.0,68.75,2.8364,48.5
서울,영등포구,2023-08,370,15351.5,69.4,4.8,61.41,130.81,61.11,2.1405,46.9
서울,영등포구,2023-09,242,27779.7,103.8,4.79,110.9,214.7,72.06,2.9794,51.7
서울,영등포구,2023-10,256,23564.0,106.8,4.8,94.26,201.06,74.31,2.7056,46.9
서울,영등포구,2023-11,278,26128.5,109.3,4.8,104.51,213.81,70.59,3.029,48.9
서울,영등포구,2023-12,294,19269.6,83.7,4.715,75.72,159.42,69.92,2.28,47.5
서울,영등포구,2024-01,312,20097.2,99.6,4.778,80.02,179.62,69.16,2.5971,44.5
서울,영등포구,2024-02,237,18663.6,92.4,4.714,73.32,165.72,66.25,2.5015,44.2
서울,영등포구,2024-03,384,31062.2,104.8,4.653,120.45,225.25,70.5,3.195,53.5
서울,영등포구,2024-04,256,20113.9,94.0,4.654,78.0,172.0,69.58,2.472,45.4
서울,영등포구,2024-05,230,16849.1,103.4,4.56,64.03,167.43,69.97,2.3928,38.2
서울,영등포구,2024-06,272,17123.3,101.6,4.584,65.41,167.01,63.01,2.6505,39.2
서울,영등포구,2024-07,300,16488.3,82.8,4.517,62.07,144.87,64.02,2.2629,42.8
서울,영등포구,2024-08,271,16391.2,94.9,4.47,61.06,155.96,64.54,2.4164,39.1
서울,영등포구,2024-09,285,17436.1,82.8,4.505,65.45,148.25,62.95,2.3551,44.1
서울,영등포구,2024-10,246,18604.8,99.4,4.5,69.77,169.17,66.34,2.55,41.2
서울,영등포구,2024-11,304,18512.6,98.8,4.5,69.42,168.22,64.98,2.5888,41.3
서울,영등포구,2024-12,359,15342.0,93.8,4.5,57.54,151.34,63.78,2.3728,38.0
서울,영등포구,2025-01,258,16469.8,97.2,4.564,62.65,159.85,62.16,2.5715,39.2
서울,영등포구,2025-02,302,15097.5,101.8,4.615,58.07,159.87,62.93,2.5404,36.3
서울,영등포구,2025-03,278,15522.9,113.7,4.774,61.75,175.45,66.57,2.6356,35.2
서울,영등포구,2025-04,258,15655.1,97.1,4.785,62.43,159.53,65.95,2.4189,39.1
서울,영등포구,2025-05,241,16121.8,112.5,4.828,64.86,177.36,65.7,2.6995,36.6
서울,영등포구,2025-06,276,15969.4,110.2,4.8,63.88,174.08,66.58,2.6146,36.7
서울,영등포구,2025-07,336,11500.8,108.0,4.8,46.0,154.0,58.68,2.6245,29.9
서울,영등포구,2025-08,272,13163.1,120.4,4.8,52.65,173.05,62.68,2.7609,30.4
서울,영등포구,2025-09,310,15546.2,98.2,4.8,62.18,160.38,64.58,2.4835,38.8
서울,영등포구,2025-10,245,16665.1,130.6,4.798,66.63,197.23,70.56,2.7953,33.8
서울,영등포구,2025-11,291,19414.7,115.0,4.8,77.66,192.66,68.49,2.8129,40.3
서울,영등포구,2025-12,299,17137.3,114.4,4.859,69.39,183.79,68.39,2.6874,37.8
서울,영등포구,2026-01,309,18344.1,114.7,4.8,73.38,188.08,65.64,2.8653,39.0
서울,영등포구,2026-02,285,14989.8,118.2,4.768,59.56,177.76,65.12,2.7297,33.5
서울,영등포구,2026-03,300,18061.0,116.4,4.8,72.24,188.64,65.7,2.8713,38.3
서울,영등포구,2026-04,271,19484.2,105.2,4.743,77.01,182.21,65.25,2.7924,42.3
서울,영등포구,2026-05,258,19525.8,114.2,4.8,78.1,192.3,63.35,3.0356,40.6
서울,영등포구,2026-06,261,18769.7,119.6,4.723,73.88,193.48,64.08,3.0193,38.2
서울,영등포구,2026-07,283,17275.9,117.3,4.653,66.99,184.29,59.0,3.1235,36.3
서울,용산구,2011-01,43,7697.7,113.1,7.2,46.19,159.29,88.74,1.795,29.0
서울,용산구,2011-02,40,9996.7,102.4,7.2,59.98,162.38,88.28,1.8394,36.9
서울,용산구,2011-03,55,7672.5,106.7,7.2,46.04,152.74,86.94,1.7568,30.1
서울,용산구,2011-04,56,7747.1,137.5,7.2,46.48,183.98,85.79,2.1446,25.3
서울,용산구,2011-05,45,7556.7,133.2,7.2,45.34,178.54,86.59,2.0619,25.4
서울,용산구,2011-06,39,8448.7,132.1,7.2,50.69,182.79,90.34,2.0234,27.7
서울,용산구,2011-07,41,7492.7,147.5,7.242,45.22,192.72,87.1,2.2126,23.5
서울,용산구,2011-08,50,8330.0,115.8,7.429,51.57,167.37,88.87,1.8833,30.8
서울,용산구,2011-09,49,8193.9,139.2,7.322,50.0,189.2,87.78,2.1553,26.4
서울,용산구,2011-10,46,8426.1,121.1,7.416,52.07,173.17,86.7,1.9974,30.1
서울,용산구,2011-11,46,6890.8,115.2,7.385,42.4,157.6,91.3,1.7262,26.9
서울,용산구,2011-12,37,8540.5,121.5,7.2,51.24,172.74,85.18,2.028,29.7
서울,용산구,2012-01,41,6402.4,131.1,7.111,37.94,169.04,94.33,1.792,22.4
서울,용산구,2012-02,61,7683.8,124.3,6.919,44.31,168.61,88.49,1.9054,26.3
서울,용산구,2012-03,50,7000.0,118.3,6.894,40.21,158.51,86.95,1.823,25.4
서울,용산구,2012-04,41,8594.2,127.5,6.838,48.97,176.47,92.47,1.9084,27.7
서울,용산구,2012-05,50,8198.6,137.1,6.857,46.85,183.95,93.42,1.9691,25.5
서울,용산구,2012-06,39,5681.2,141.7,6.857,32.46,174.16,87.03,2.0012,18.6
서울,용산구,2012-07,39,9861.5,117.4,6.857,56.35,173.75,91.3,1.9031,32.4
서울,용산구,2012-08,42,7374.7,127.2,7.0,43.02,170.22,88.09,1.9323,25.3
서울,용산구,2012-09,43,6976.7,105.8,7.024,40.84,146.64,86.22,1.7008,27.9
서울,용산구,2012-10,56,9812.5,121.4,6.857,56.07,177.47,89.48,1.9834,31.6
서울,용산구,2012-11,31,5806.5,129.2,6.783,32.82,162.02,91.49,1.7709,20.3
서울,용산구,2012-12,43,9697.7,138.6,6.783,54.81,193.41,93.7,2.0642,28.3
서울,용산구,2013-01,76,10256.6,110.2,6.677,57.07,167.27,82.58,2.0255,34.1
서울,용산구,2013-02,61,8558.6,95.9,6.545,46.68,142.58,83.6,1.7055,32.7
서울,용산구,2013-03,60,7796.7,110.8,6.462,41.98,152.78,88.22,1.7318,27.5
서울,용산구,2013-04,60,7740.1,130.8,6.545,42.22,173.02,88.52,1.9546,24.4
서울,용산구,2013-05,61,7450.8,116.2,6.581,40.86,157.06,86.02,1.8258,26.0
서울,용산구,2013-06,51,9960.8,138.9,6.429,53.36,192.26,92.36,2.0817,27.8
서울,용산구,2013-07,72,8791.7,115.0,6.462,47.34,162.34,86.69,1.8726,29.2
서울,용산구,2013-08,53,14658.5,100.2,6.462,78.93,179.13,87.88,2.0384,44.1
서울,용산구,2013-09,56,8924.7,124.1,6.4,47.6,171.7,87.54,1.9614,27.7
서울,용산구,2013-10,83,11598.7,115.7,6.316,61.05,176.75,89.91,1.9658,34.5
서울,용산구,2013-11,74,13668.0,97.0,6.234,71.0,168.0,85.48,1.9654,42.3
서울,용산구,2013-12,50,12502.7,111.1,6.171,64.3,175.4,93.47,1.8765,36.7
서울,용산구,2014-01,90,13572.2,111.9,6.0,67.86,179.76,87.98,2.0432,37.8
서울,용산구,2014-02,99,12727.2,108.3,6.0,63.64,171.94,87.93,1.9554,37.0
서울,용산구,2014-03,83,15284.0,97.2,5.858,74.61,171.81,88.14,1.9493,43.4
서울,용산구,2014-04,82,11976.1,99.4,5.887,58.75,158.15,89.13,1.7744,37.1
서울,용산구,2014-05,79,13987.8,102.0,5.778,67.35,169.35,91.73,1.8462,39.8
서울,용산구,2014-06,61,13629.9,100.4,5.707,64.82,165.22,93.53,1.7665,39.2
서울,용산구,2014-07,66,13039.4,100.1,5.625,61.12,161.22,87.05,1.8521,37.9
서울,용산구,2014-08,52,11451.9,105.7,5.647,53.89,159.59,87.35,1.827,33.8
서울,용산구,2014-09,62,17780.1,97.2,5.661,83.88,181.08,89.61,2.0208,46.3
서울,용산구,2014-10,74,12856.3,103.6,5.625,60.26,163.86,90.15,1.8177,36.8
서울,용산구,2014-11,47,16755.3,91.8,5.571,77.79,169.59,87.83,1.9309,45.9
서울,용산구,2014-12,87,14799.6,111.3,5.559,68.56,179.86,91.39,1.9681,38.1
서울,용산구,2015-01,100,14966.3,104.4,5.571,69.49,173.89,84.37,2.061,40.0
서울,용산구,2015-02,103,16302.4,98.7,5.55,75.39,174.09,87.21,1.9963,43.3
서울,용산구,2015-03,113,17534.8,116.9,5.394,78.82,195.72,91.37,2.142,40.3
서울,용산구,2015-04,124,19459.3,85.8,5.393,87.46,173.26,87.53,1.9794,50.5
서울,용산구,2015-05,88,18475.3,96.7,5.309,81.73,178.43,88.93,2.0064,45.8
서울,용산구,2015-06,100,18716.7,99.2,5.283,82.4,181.6,93.36,1.9451,45.4
서울,용산구,2015-07,102,17843.1,117.9,5.211,77.48,195.38,92.19,2.1193,39.7
서울,용산구,2015-08,96,15739.6,112.8,5.143,67.46,180.26,85.66,2.1043,37.4
서울,용산구,2015-09,82,18655.2,119.8,5.077,78.93,198.73,89.94,2.2095,39.7
서울,용산구,2015-10,110,21520.5,119.2,5.014,89.91,209.11,90.69,2.3058,43.0
서울,용산구,2015-11,96,18980.5,89.4,4.945,78.22,167.62,84.89,1.9746,46.7
서울,용산구,2015-12,82,19800.1,96.5,4.974,82.08,178.58,89.49,1.9955,46.0
서울,용산구,2016-01,120,26262.5,112.6,5.004,109.51,222.11,92.59,2.3989,49.3
서울,용산구,2016-02,119,20251.0,113.2,4.8,81.0,194.2,87.45,2.2207,41.7
서울,용산구,2016-03,106,20000.5,96.9,4.708,78.47,175.37,89.7,1.9551,44.7
서울,용산구,2016-04,111,22330.9,93.3,4.634,86.23,179.53,91.07,1.9713,48.0
서울,용산구,2016-05,111,21405.2,100.3,4.595,81.97,182.27,89.86,2.0284,45.0
서울,용산구,2016-06,91,28019.6,88.8,4.546,106.16,194.96,91.14,2.1391,54.5
서울,용산구,2016-07,91,23634.7,103.5,4.571,90.04,193.54,88.95,2.1758,46.5
서울,용산구,2016-08,85,20833.3,110.3,4.483,77.83,188.13,93.91,2.0033,41.4
서울,용산구,2016-09,71,23539.4,104.5,4.457,87.43,191.93,89.43,2.1462,45.6
서울,용산구,2016-10,112,23206.2,102.6,4.444,85.95,188.55,85.57,2.2034,45.6
서울,용산구,2016-11,91,21057.7,102.7,4.383,76.92,179.62,90.08,1.994,42.8
서울,용산구,2016-12,97,25099.5,89.0,4.334,90.66,179.66,89.25,2.013,50.5
서울,용산구,2017-01,92,21378.9,116.7,4.286,76.35,193.05,90.71,2.1282,39.6
서울,용산구,2017-02,113,25480.5,97.1,4.262,90.51,187.61,85.01,2.2069,48.2
서울,용산구,2017-03,109,22020.4,109.3,4.216,77.36,186.66,89.48,2.086,41.4
서울,용산구,2017-04,84,20950.0,101.8,4.286,74.82,176.62,86.05,2.0525,42.4
서울,용산구,2017-05,103,18818.6,115.0,4.286,67.21,182.21,87.25,2.0884,36.9
서울,용산구,2017-06,99,18171.9,113.9,4.337,65.68,179.58,91.11,1.971,36.6
서울,용산구,2017-07,83,23584.3,113.5,4.38,86.08,199.58,94.55,2.1109,43.1
서울,용산구,2017-08,91,18538.5,119.6,4.364,67.41,187.01,89.83,2.0819,36.0
서울,용산구,2017-09,70,23223.2,126.9,4.339,83.97,210.87,91.08,2.3152,39.8
서울,용산구,2017-10,94,23675.5,121.1,4.286,84.56,205.66,90.77,2.2657,41.1
서울,용산구,2017-11,78,20343.6,113.9,4.265,72.31,186.21,91.85,2.0273,38.8
서울,용산구,2017-12,98,23373.1,122.8,4.22,82.19,204.99,92.92,2.2061,40.1
서울,용산구,2018-01,127,21590.6,137.4,4.138,74.45,211.85,94.0,2.2537,35.1
서울,용산구,2018-02,88,23242.0,108.2,4.178,80.91,189.11,87.8,2.1539,42.8
서울,용산구,2018-03,103,19598.5,113.6,4.178,68.23,181.83,94.49,1.9243,37.5
서울,용산구,2018-04,94,19205.2,136.2,4.169,66.72,202.92,90.44,2.2437,32.9
서울,용산구,2018-05,87,18953.0,124.7,4.174,65.92,190.62,89.27,2.1354,34.6
서울,용산구,2018-06,97,19917.5,138.1,4.182,69.41,207.51,90.17,2.3013,33.4
서울,용산구,2018-07,87,78401.6,111.0,4.235,276.71,387.71,96.86,4.0028,71.4
서울,용산구,2018-08,84,26792.9,138.6,4.195,93.67,232.27,89.68,2.5899,40.3
서울,용산구,2018-09,80,16823.8,144.9,4.215,59.09,203.99,87.81,2.3231,29.0
서울,용산구,2018-10,110,21296.4,114.8,4.174,74.08,188.88,87.84,2.1503,39.2
서울,용산구,2018-11,93,12954.0,124.1,4.213,45.48,169.58,82.63,2.0522,26.8
서울,용산구,2018-12,80,18644.4,137.6,4.294,66.72,204.32,83.9,2.4353,32.7
서울,용산구,2019-01,84,21961.8,119.3,4.286,78.44,197.74,88.5,2.2343,39.7
서울,용산구,2019-02,89,19372.9,131.0,4.272,68.97,199.97,87.42,2.2874,34.5
서울,용산구,2019-03,92,15375.2,98.1,4.216,54.02,152.12,78.67,1.9337,35.5
서울,용산구,2019-04,86,16425.1,115.2,4.24,58.04,173.24,84.1,2.0599,33.5
서울,용산구,2019-05,88,19844.7,133.6,4.286,70.87,204.47,88.44,2.312,34.7
서울,용산구,2019-06,80,18225.8,142.6,4.271,64.87,207.47,90.42,2.2945,31.3
서울,용산구,2019-07,106,26712.7,134.6,4.286,95.4,230.0,87.71,2.6223,41.5
서울,용산구,2019-08,150,16171.0,111.5,4.318,58.19,169.69,81.38,2.0851,34.3
서울,용산구,2019-09,87,16465.3,162.8,4.289,58.85,221.65,90.59,2.4468,26.6
서울,용산구,2019-10,97,24855.5,129.4,4.235,87.73,217.13,93.82,2.3143,40.4
서울,용산구,2019-11,99,23111.0,138.5,4.21,81.07,219.57,89.19,2.4619,36.9
서울,용산구,2019-12,102,18779.5,130.9,4.135,64.7,195.6,90.34,2.1652,33.1
서울,용산구,2020-01,106,21966.9,126.3,4.18,76.53,202.83,89.7,2.2611,37.7
서울,용산구,2020-02,116,20525.9,111.2,4.154,71.05,182.25,85.58,2.1296,39.0
서울,용산구,2020-03,86,18685.5,114.7,4.138,64.43,179.13,88.34,2.0278,36.0
서울,용산구,2020-04,72,21196.1,138.0,4.147,73.25,211.25,85.28,2.4772,34.7
서울,용산구,2020-05,114,16391.1,132.7,4.144,56.61,189.31,89.65,2.1116,29.9
서울,용산구,2020-06,86,21877.7,129.7,4.138,75.44,205.14,88.31,2.323,36.8
서울,용산구,2020-07,97,22163.5,120.0,4.098,75.68,195.68,88.31,2.2158,38.7
서울,용산구,2020-08,95,22978.9,167.9,4.045,77.47,245.37,88.59,2.7697,31.6
서울,용산구,2020-09,95,28138.2,127.0,4.0,93.79,220.79,88.35,2.4991,42.5
서울,용산구,2020-10,146,27618.7,102.0,4.009,92.27,194.27,84.72,2.2931,47.5
서울,용산구,2020-11,185,21567.8,83.6,4.138,74.38,157.98,80.06,1.9733,47.1
서울,용산구,2020-12,105,25606.1,166.1,4.186,89.32,255.42,90.07,2.8358,35.0
서울,용산구,2021-01,103,32507.0,137.0,4.211,114.06,251.06,85.8,2.9261,45.4
서울,용산구,2021-02,84,24863.6,119.6,4.249,88.05,207.65,84.91,2.4455,42.4
서울,용산구,2021-03,268,14045.7,69.0,4.246,49.7,118.7,73.24,1.6207,41.9
서울,용산구,2021-04,85,25596.4,149.7,4.249,90.64,240.34,89.42,2.6878,37.7
서울,용산구,2021-05,119,29809.6,151.2,4.299,106.78,257.98,95.13,2.7119,41.4
서울,용산구,2021-06,172,21761.0,195.3,4.423,80.2,275.5,80.02,3.4429,29.1
서울,용산구,2021-07,149,21211.8,202.3,4.293,75.88,278.18,83.59,3.3279,27.3
서울,용산구,2021-08,120,22373.9,222.3,4.225,78.78,301.08,81.14,3.7106,26.2
서울,용산구,2021-09,144,23675.3,187.7,4.226,83.38,271.08,82.53,3.2847,30.8
서울,용산구,2021-10,131,21400.9,193.4,4.2,74.9,268.3,83.0,3.2326,27.9
서울,용산구,2021-11,151,26377.8,255.8,4.378,96.23,352.03,88.32,3.9858,27.3
서울,용산구,2021-12,149,25546.2,219.1,4.446,94.64,313.74,88.79,3.5335,30.2
서울,용산구,2022-01,119,23389.6,289.4,4.441,86.57,375.97,89.02,4.2234,23.0
서울,용산구,2022-02,173,20920.3,229.9,4.688,81.72,311.62,81.27,3.8344,26.2
서울,용산구,2022-03,251,21190.2,170.8,4.689,82.79,253.59,75.57,3.3557,32.6
서울,용산구,2022-04,203,21741.8,243.6,4.578,82.95,326.55,82.52,3.9573,25.4
서울,용산구,2022-05,563,14153.6,106.6,4.627,54.57,161.17,54.43,2.961,33.9
서울,용산구,2022-06,287,22029.6,148.7,4.618,84.77,233.47,72.37,3.2261,36.3
서울,용산구,2022-07,147,22169.5,205.6,4.618,85.31,290.91,80.92,3.595,29.3
서울,용산구,2022-08,130,23694.8,217.9,4.542,89.68,307.58,81.78,3.7611,29.2
서울,용산구,2022-09,160,19524.7,224.0,4.521,73.57,297.57,79.84,3.727,24.7
서울,용산구,2022-10,173,24140.7,196.1,4.679,94.13,290.23,79.11,3.6687,32.4
서울,용산구,2022-11,152,21249.4,206.3,4.752,84.16,290.46,81.34,3.5709,29.0
서울,용산구,2022-12,692,16678.1,80.8,4.719,65.59,146.39,57.14,2.562,44.8
서울,용산구,2023-01,360,19505.6,122.3,4.72,76.73,199.03,71.53,2.7824,38.6
서울,용산구,2023-02,169,22088.5,206.9,4.8,88.35,295.25,83.92,3.5183,29.9
서울,용산구,2023-03,192,22231.3,230.3,4.966,91.99,322.29,85.66,3.7625,28.5
서울,용산구,2023-04,154,22306.5,314.0,5.078,94.39,408.39,89.58,4.5589,23.1
서울,용산구,2023-05,171,22144.6,243.5,5.163,95.28,338.78,85.5,3.9624,28.1
서울,용산구,2023-06,231,17935.9,184.9,5.236,78.27,263.17,79.91,3.2933,29.7
서울,용산구,2023-07,182,22318.7,228.1,5.277,98.15,326.25,87.81,3.7154,30.1
서울,용산구,2023-08,168,24972.3,238.1,5.302,110.34,348.44,86.77,4.0157,31.7
서울,용산구,2023-09,160,20150.8,232.1,5.209,87.47,319.57,86.57,3.6915,27.4
서울,용산구,2023-10,147,21143.0,239.2,5.168,91.06,330.26,88.09,3.7491,27.6
서울,용산구,2023-11,156,21469.2,312.2,5.175,92.58,404.78,85.15,4.7538,22.9
서울,용산구,2023-12,183,28012.0,200.2,5.155,120.33,320.53,85.42,3.7524,37.5
서울,용산구,2024-01,163,26542.9,227.6,5.083,112.43,340.03,88.52,3.8413,33.1
서울,용산구,2024-02,154,25707.8,272.1,5.048,108.14,380.24,88.12,4.315,28.4
서울,용산구,2024-03,178,19705.4,259.9,5.091,83.6,343.5,86.34,3.9784,24.3
서울,용산구,2024-04,162,23292.2,230.4,4.968,96.44,326.84,84.77,3.8556,29.5
서울,용산구,2024-05,175,19574.7,305.6,4.94,80.59,386.19,88.44,4.3667,20.9
서울,용산구,2024-06,184,22819.0,281.2,4.888,92.95,374.15,89.06,4.2011,24.8
서울,용산구,2024-07,134,17967.3,267.5,4.946,74.05,341.55,85.49,3.9952,21.7
서울,용산구,2024-08,138,26149.2,283.2,4.941,107.67,390.87,88.85,4.3992,27.5
서울,용산구,2024-09,127,24749.4,242.2,4.941,101.91,344.11,85.52,4.0237,29.6
서울,용산구,2024-10,120,22149.8,281.5,5.019,92.64,374.14,90.43,4.1374,24.8
서울,용산구,2024-11,148,24343.0,213.9,5.143,104.33,318.23,82.58,3.8536,32.8
서울,용산구,2024-12,148,24323.8,200.7,5.112,103.62,304.32,82.23,3.7008,34.0
서울,용산구,2025-01,134,21322.2,236.2,5.143,91.38,327.58,79.85,4.1025,27.9
서울,용산구,2025-02,169,23335.3,233.3,5.077,98.73,332.03,83.59,3.9721,29.7
서울,용산구,2025-03,154,28209.7,250.5,5.026,118.15,368.65,85.8,4.2966,32.0
서울,용산구,2025-04,172,23935.1,253.8,5.032,100.37,354.17,85.74,4.1307,28.3
서울,용산구,2025-05,166,18439.1,225.4,4.98,76.52,301.92,83.11,3.6328,25.3
서울,용산구,2025-06,209,25447.3,209.0,5.04,106.88,315.88,77.12,4.0959,33.8
서울,용산구,2025-07,189,25326.6,248.8,5.044,106.45,355.25,79.58,4.4641,30.0
서울,용산구,2025-08,135,18654.7,257.6,5.053,78.56,336.16,78.83,4.2643,23.4
서울,용산구,2025-09,291,20076.5,203.1,5.064,84.73,287.83,70.81,4.0648,29.4
서울,용산구,2025-10,139,21939.7,275.4,5.085,92.98,368.38,81.25,4.5338,25.2
서울,용산구,2025-11,176,22278.0,288.7,5.108,94.83,383.53,84.14,4.5582,24.7
서울,용산구,2025-12,181,26010.8,265.6,5.082,110.16,375.76,85.29,4.4057,29.3
서울,용산구,2026-01,178,19348.7,313.8,5.053,81.47,395.27,84.43,4.6816,20.6
서울,용산구,2026-02,155,27371.5,332.1,5.11,116.55,448.65,85.95,5.22,26.0
서울,용산구,2026-03,188,20517.8,302.5,5.07,86.69,389.19,81.39,4.7819,22.3
서울,용산구,2026-04,158,25987.5,317.9,5.07,109.81,427.71,88.26,4.846,25.7
서울,용산구,2026-05,157,25423.8,349.6,5.02,106.37,455.97,88.36,5.1603,23.3
서울,용산구,2026-06,191,22870.4,251.9,5.224,99.55,351.45,80.63,4.3589,28.3
서울,용산구,2026-07,151,24610.5,234.3,5.2,106.65,340.95,81.73,4.1717,31.3
서울,은평구,2011-01,44,7579.5,92.8,7.487,47.29,140.09,83.73,1.6731,33.8
서울,은평구,2011-02,100,5191.6,37.2,7.487,32.39,69.59,78.13,0.8907,46.5
서울,은평구,2011-03,57,5825.4,39.5,7.487,36.35,75.85,79.34,0.956,47.9
서울,은평구,2011-04,28,6627.1,66.2,7.487,41.35,107.55,84.19,1.2775,38.4
서울,은평구,2011-05,42,7936.0,58.0,7.487,49.52,107.52,81.3,1.3225,46.1
서울,은평구,2011-06,63,4831.9,45.8,7.487,30.15,75.95,76.84,0.9884,39.7
서울,은평구,2011-07,50,5837.2,44.2,7.487,36.42,80.62,77.51,1.0401,45.2
서울,은평구,2011-08,53,7934.3,74.3,7.23,47.81,122.11,85.04,1.4359,39.2
서울,은평구,2011-09,62,5471.4,56.2,7.2,32.83,89.03,79.88,1.1145,36.9
서울,은평구,2011-10,45,7480.8,58.4,7.23,45.07,103.47,81.57,1.2685,43.6
서울,은평구,2011-11,32,6785.2,61.1,7.106,40.18,101.28,80.41,1.2595,39.7
서울,은평구,2011-12,36,8385.2,67.8,7.076,49.44,117.24,78.47,1.4941,42.2
서울,은평구,2012-01,43,7018.8,53.1,7.2,42.11,95.21,78.62,1.2111,44.2
서울,은평구,2012-02,53,8240.6,57.0,7.347,50.45,107.45,80.41,1.3363,47.0
서울,은평구,2012-03,39,7487.2,72.8,7.369,45.98,118.78,79.8,1.4884,38.7
서울,은평구,2012-04,52,7192.5,82.8,7.0,41.96,124.76,85.11,1.4658,33.6
서울,은평구,2012-05,41,6833.6,78.6,7.015,39.95,118.55,83.89,1.4132,33.7
서울,은평구,2012-06,49,6970.1,49.7,6.886,40.0,89.7,81.91,1.0951,44.6
서울,은평구,2012-07,60,6332.5,54.6,6.7,35.36,89.96,76.6,1.1744,39.3
서울,은평구,2012-08,66,6960.5,50.6,6.75,39.15,89.75,79.23,1.1328,43.6
서울,은평구,2012-09,61,7766.8,59.0,6.7,43.37,102.37,81.34,1.2585,42.4
서울,은평구,2012-10,55,7832.2,52.9,6.673,43.55,96.45,82.04,1.1757,45.2
서울,은평구,2012-11,42,6652.3,52.8,6.667,36.96,89.76,97.93,0.9165,41.2
서울,은평구,2012-12,34,6407.3,71.9,6.7,35.78,107.68,94.69,1.1371,33.2
서울,은평구,2013-01,57,8358.5,67.8,6.701,46.67,114.47,91.39,1.2526,40.8
서울,은평구,2013-02,168,4867.9,33.6,6.668,27.05,60.65,70.98,0.8545,44.6
서울,은평구,2013-03,108,6056.9,47.6,6.668,33.66,81.26,80.32,1.0117,41.4
서울,은평구,2013-04,54,6844.3,62.4,6.683,38.12,100.52,83.03,1.2106,37.9
서울,은평구,2013-05,53,6197.3,58.2,6.699,34.6,92.8,82.97,1.1184,37.3
서울,은평구,2013-06,51,7517.4,57.3,6.667,41.76,99.06,79.15,1.2516,42.2
서울,은평구,2013-07,94,5639.3,50.8,6.511,30.6,81.4,73.44,1.1084,37.6
서울,은평구,2013-08,72,8727.1,59.6,6.521,47.42,107.02,79.96,1.3385,44.3
서울,은평구,2013-09,80,7258.6,45.1,6.503,39.34,84.44,75.93,1.112,46.6
서울,은평구,2013-10,55,9389.5,67.3,6.462,50.56,117.86,82.59,1.427,42.9
서울,은평구,2013-11,44,8937.2,65.9,6.376,47.48,113.38,79.4,1.428,41.9
서울,은평구,2013-12,92,7103.8,43.2,6.151,36.41,79.61,73.06,1.0897,45.7
서울,은평구,2014-01,76,8088.2,58.2,6.161,41.53,99.73,76.95,1.296,41.6
서울,은평구,2014-02,64,10334.5,59.8,6.0,51.67,111.47,80.89,1.3781,46.4
서울,은평구,2014-03,105,9631.8,64.2,6.0,48.16,112.36,78.43,1.4326,42.9
서울,은평구,2014-04,68,9466.4,58.6,6.0,47.33,105.93,78.65,1.3469,44.7
서울,은평구,2014-05,128,5953.9,41.0,6.0,29.77,70.77,69.99,1.0111,42.1
서울,은평구,2014-06,79,6547.3,53.0,6.0,32.74,85.74,76.03,1.1277,38.2
서울,은평구,2014-07,116,6744.9,39.1,6.0,33.72,72.82,71.65,1.0164,46.3
서울,은평구,2014-08,106,7006.0,47.8,6.087,35.54,83.34,76.96,1.0829,42.6
서울,은평구,2014-09,69,9287.3,58.6,6.066,46.94,105.54,79.58,1.3263,44.5
서울,은평구,2014-10,79,11100.1,51.7,6.116,56.57,108.27,83.0,1.3045,52.3
서울,은평구,2014-11,64,13189.6,61.2,6.0,65.95,127.15,83.96,1.5144,51.9
서울,은평구,2014-12,62,9832.2,57.6,6.0,49.16,106.76,79.01,1.3512,46.0
서울,은평구,2015-01,95,10230.5,56.7,6.0,51.15,107.85,78.33,1.3769,47.4
서울,은평구,2015-02,107,8623.9,42.8,6.0,43.12,85.92,78.07,1.1005,50.2
서울,은평구,2015-03,143,9587.9,52.3,6.0,47.94,100.24,83.72,1.1973,47.8
서울,은평구,2015-04,98,10010.6,57.0,5.878,49.04,106.04,90.2,1.1756,46.2
서울,은평구,2015-05,69,12361.3,55.2,5.844,60.2,115.4,91.4,1.2626,52.2
서울,은평구,2015-06,75,11844.4,57.7,5.854,57.78,115.48,85.36,1.3528,50.0
서울,은평구,2015-07,81,14683.2,56.9,5.714,69.92,126.82,83.27,1.523,55.1
서울,은평구,2015-08,104,10261.8,63.5,5.5,47.03,110.53,78.01,1.4169,42.6
서울,은평구,2015-09,115,9814.5,47.6,5.493,44.93,92.53,74.63,1.2398,48.6
서울,은평구,2015-10,104,11190.5,56.5,5.419,50.54,107.04,78.85,1.3575,47.2
서울,은평구,2015-11,69,15284.6,55.4,5.4,68.78,124.18,81.46,1.5244,55.4
서울,은평구,2015-12,105,11499.2,46.6,5.383,51.58,98.18,76.35,1.2859,52.5
서울,은평구,2016-01,105,14559.9,57.5,5.313,64.47,121.97,79.71,1.5301,52.9
서울,은평구,2016-02,102,15385.0,58.9,5.068,64.98,123.88,81.1,1.5275,52.5
서울,은평구,2016-03,109,13805.6,61.4,5.0,57.52,118.92,78.41,1.5167,48.4
서울,은평구,2016-04,102,13885.5,59.4,4.888,56.56,115.96,78.45,1.4782,48.8
서울,은평구,2016-05,65,15877.4,58.8,4.701,62.19,120.99,83.56,1.448,51.4
서울,은평구,2016-06,84,15359.3,61.1,4.711,60.29,121.39,81.62,1.4873,49.7
서울,은평구,2016-07,101,12467.4,50.0,4.615,47.95,97.95,71.84,1.3635,49.0
서울,은평구,2016-08,106,11821.5,52.2,4.615,45.47,97.67,76.5,1.2767,46.6
서울,은평구,2016-09,81,14388.5,50.0,4.655,55.82,105.82,80.93,1.3075,52.7
서울,은평구,2016-10,115,13860.9,57.5,4.683,54.09,111.59,76.26,1.4633,48.5
서울,은평구,2016-11,73,17278.5,53.2,4.615,66.46,119.66,80.09,1.494,55.5
서울,은평구,2016-12,92,14950.2,53.2,4.5,56.06,109.26,77.72,1.4059,51.3
서울,은평구,2017-01,86,14233.4,59.6,4.249,50.4,110.0,79.48,1.384,45.8
서울,은평구,2017-02,138,12270.1,49.4,4.357,44.55,93.95,74.13,1.2674,47.4
서울,은평구,2017-03,110,13823.8,49.7,4.288,49.39,99.09,76.25,1.2996,49.8
서울,은평구,2017-04,75,12499.8,53.9,4.362,45.44,99.34,80.05,1.2409,45.7
서울,은평구,2017-05,79,13503.1,62.8,4.243,47.74,110.54,79.55,1.3896,43.2
서울,은평구,2017-06,82,10724.9,67.4,4.247,37.96,105.36,77.86,1.3532,36.0
서울,은평구,2017-07,82,11935.1,59.5,4.348,43.25,102.75,72.9,1.4094,42.1
서울,은평구,2017-08,91,11783.4,59.1,4.186,41.1,100.2,74.04,1.3534,41.0
서울,은평구,2017-09,115,9504.0,62.7,4.287,33.96,96.66,71.19,1.3577,35.1
서울,은평구,2017-10,83,11332.8,62.4,4.258,40.21,102.61,70.38,1.458,39.2
서울,은평구,2017-11,91,9155.6,50.5,4.333,33.06,83.56,66.57,1.2552,39.6
서울,은평구,2017-12,110,9128.0,49.1,4.436,33.74,82.84,69.32,1.1951,40.7
서울,은평구,2018-01,91,8539.5,61.6,4.454,31.7,93.3,74.43,1.2535,34.0
서울,은평구,2018-02,117,11050.7,65.1,4.427,40.76,105.86,72.57,1.4588,38.5
서울,은평구,2018-03,101,12481.5,60.5,4.4,45.77,106.27,73.38,1.4482,43.1
서울,은평구,2018-04,83,9559.1,62.5,4.364,34.76,97.26,74.33,1.3085,35.7
서울,은평구,2018-05,83,12187.3,66.4,4.407,44.76,111.16,76.54,1.4523,40.3
서울,은평구,2018-06,67,9823.4,71.7,4.235,34.67,106.37,74.54,1.427,32.6
서울,은평구,2018-07,94,8627.2,51.3,4.258,30.61,81.91,71.55,1.1448,37.4
서울,은평구,2018-08,115,9547.5,49.0,4.216,33.55,82.55,73.8,1.1185,40.6
서울,은평구,2018-09,73,10804.0,60.7,4.186,37.69,98.39,76.39,1.288,38.3
서울,은평구,2018-10,110,9282.9,54.6,4.221,32.65,87.25,75.97,1.1485,37.4
서울,은평구,2018-11,70,10647.1,58.8,4.235,37.58,96.38,74.21,1.2987,39.0
서울,은평구,2018-12,110,12071.6,52.5,4.364,43.9,96.4,67.27,1.433,45.5
서울,은평구,2019-01,111,10102.7,65.0,4.286,36.08,101.08,68.81,1.469,35.7
서울,은평구,2019-02,154,7281.9,46.1,4.414,26.78,72.88,67.52,1.0794,36.7
서울,은평구,2019-03,122,9439.9,60.0,4.38,34.46,94.46,72.01,1.3118,36.5
서울,은평구,2019-04,108,7556.5,60.0,4.433,27.91,87.91,68.37,1.2858,31.8
서울,은평구,2019-05,93,10471.5,57.4,4.4,38.4,95.8,70.07,1.3671,40.1
서울,은평구,2019-06,82,10201.2,55.7,4.358,37.05,92.75,72.58,1.2779,39.9
서울,은평구,2019-07,75,7700.1,69.9,4.243,27.22,97.12,72.14,1.3463,28.0
서울,은평구,2019-08,86,8911.6,53.7,4.154,30.85,84.55,69.63,1.2142,36.5
서울,은평구,2019-09,77,7490.6,46.7,4.135,25.81,72.51,67.14,1.08,35.6
서울,은평구,2019-10,110,9684.4,58.1,4.175,33.7,91.8,69.27,1.3252,36.7
서울,은평구,2019-11,109,7924.9,54.9,4.204,27.76,82.66,68.95,1.1989,33.6
서울,은평구,2019-12,160,7859.7,52.6,4.474,29.3,81.9,67.63,1.211,35.8
서울,은평구,2020-01,121,9308.2,59.6,4.374,33.92,93.52,64.0,1.4613,36.3
서울,은평구,2020-02,133,8839.7,62.0,4.525,33.33,95.33,69.78,1.3662,35.0
서울,은평구,2020-03,109,9394.2,57.0,4.623,36.19,93.19,67.49,1.3808,38.8
서울,은평구,2020-04,142,8040.9,43.0,4.665,31.26,74.26,67.08,1.1071,42.1
서울,은평구,2020-05,141,9666.3,64.2,4.79,38.59,102.79,69.9,1.4705,37.5
서울,은평구,2020-06,130,10519.1,69.4,4.504,39.48,108.88,71.22,1.5287,36.3
서울,은평구,2020-07,200,9163.8,54.5,4.661,35.59,90.09,66.59,1.353,39.5
서울,은평구,2020-08,142,11802.8,58.9,4.631,45.55,104.45,68.94,1.515,43.6
서울,은평구,2020-09,184,9990.5,51.4,4.717,39.27,90.67,67.96,1.3342,43.3
서울,은평구,2020-10,122,13119.4,58.2,4.615,50.46,108.66,68.98,1.5752,46.4
서울,은평구,2020-11,111,12734.0,59.4,4.696,49.83,109.23,68.75,1.5888,45.6
서울,은평구,2020-12,148,11742.9,52.5,4.784,46.81,99.31,68.51,1.4496,47.1
서울,은평구,2021-01,242,9615.7,43.9,4.467,35.79,79.69,61.54,1.295,44.9
서울,은평구,2021-02,237,9491.5,39.2,4.95,39.15,78.35,63.62,1.2315,50.0
서울,은평구,2021-03,123,12990.6,54.6,4.706,50.94,105.54,68.45,1.5419,48.3
서울,은평구,2021-04,137,11575.9,59.9,4.848,46.77,106.67,68.52,1.5568,43.8
서울,은평구,2021-05,136,14490.2,59.3,4.8,57.96,117.26,69.34,1.6911,49.4
서울,은평구,2021-06,175,15515.7,74.1,4.615,59.68,133.78,67.99,1.9676,44.6
서울,은평구,2021-07,266,10092.7,53.8,4.609,38.76,92.56,60.32,1.5345,41.9
서울,은평구,2021-08,334,9339.1,44.5,4.354,33.89,78.39,62.56,1.253,43.2
서울,은평구,2021-09,376,8947.7,46.7,4.433,33.05,79.75,54.97,1.4508,41.4
서울,은평구,2021-10,305,11954.0,56.2,4.427,44.1,100.3,63.68,1.5751,44.0
서울,은평구,2021-11,190,14288.5,67.3,4.545,54.12,121.42,64.9,1.8709,44.6
서울,은평구,2021-12,390,12484.5,47.4,4.8,49.93,97.33,58.12,1.6747,51.3
서울,은평구,2022-01,201,14367.2,76.3,4.703,56.31,132.61,63.91,2.0749,42.5
서울,은평구,2022-02,208,14162.3,77.1,4.533,53.5,130.6,66.23,1.9719,41.0
서울,은평구,2022-03,252,11551.4,58.2,4.358,41.95,100.15,63.08,1.5876,41.9
서울,은평구,2022-04,391,11666.8,59.4,4.445,43.22,102.62,58.39,1.7574,42.1
서울,은평구,2022-05,437,12416.8,51.1,4.421,45.75,96.85,60.87,1.591,47.2
서울,은평구,2022-06,327,9028.0,43.2,4.321,32.51,75.71,59.29,1.2769,42.9
서울,은평구,2022-07,348,9513.8,54.9,4.629,36.7,91.6,57.0,1.607,40.1
서울,은평구,2022-08,213,12046.3,66.9,4.679,46.97,113.87,64.36,1.7693,41.2
서울,은평구,2022-09,214,11703.9,66.6,4.647,45.33,111.93,65.2,1.7167,40.5
서울,은평구,2022-10,233,13691.2,69.1,4.714,53.79,122.89,62.74,1.9587,43.8
서울,은평구,2022-11,236,12424.3,75.5,4.688,48.54,124.04,62.7,1.9783,39.1
서울,은평구,2022-12,444,10465.4,52.3,4.713,41.11,93.41,57.96,1.6116,44.0
서울,은평구,2023-01,269,10306.2,55.9,4.669,40.1,96.0,58.7,1.6354,41.8
서울,은평구,2023-02,302,9473.3,56.4,4.823,38.08,94.48,64.19,1.4719,40.3
서울,은평구,2023-03,286,9368.6,67.6,5.007,39.09,106.69,63.49,1.6804,36.6
서울,은평구,2023-04,323,8692.7,58.8,5.017,36.34,95.14,62.24,1.5286,38.2
서울,은평구,2023-05,256,11224.0,72.2,4.966,46.44,118.64,65.2,1.8197,39.1
서울,은평구,2023-06,208,11359.2,77.5,5.053,47.83,125.33,66.62,1.8812,38.2
서울,은평구,2023-07,320,11788.4,69.1,4.999,49.11,118.21,66.71,1.772,41.5
서울,은평구,2023-08,373,10975.1,64.9,4.893,44.75,109.65,65.29,1.6795,40.8
서울,은평구,2023-09,275,12767.5,72.6,4.944,52.6,125.2,68.57,1.8258,42.0
서울,은평구,2023-10,313,10859.1,63.0,4.8,43.44,106.44,68.78,1.5475,40.8
서울,은평구,2023-11,171,12410.4,81.1,4.737,48.99,130.09,65.77,1.9779,37.7
서울,은평구,2023-12,444,10387.6,51.5,4.515,39.09,90.59,58.61,1.5456,43.1
서울,은평구,2024-01,248,10539.5,60.2,4.533,39.82,100.02,62.64,1.5967,39.8
서울,은평구,2024-02,266,10993.8,61.1,4.536,41.56,102.66,62.35,1.6465,40.5
서울,은평구,2024-03,365,10200.5,57.2,4.5,38.25,95.45,59.79,1.5965,40.1
서울,은평구,2024-04,247,11525.0,65.7,4.573,43.92,109.62,64.89,1.6894,40.1
서울,은평구,2024-05,429,8126.7,48.8,4.5,30.48,79.28,53.82,1.473,38.4
서울,은평구,2024-06,209,13179.4,78.7,4.593,50.44,129.14,65.8,1.9626,39.1
서울,은평구,2024-07,208,12854.1,69.0,4.571,48.97,117.97,63.31,1.8633,41.5
서울,은평구,2024-08,225,12537.6,72.4,4.519,47.21,119.61,63.32,1.889,39.5
서울,은평구,2024-09,232,10997.5,66.8,4.604,42.19,108.99,63.01,1.7297,38.7
서울,은평구,2024-10,162,14170.5,72.0,4.607,54.41,126.41,64.43,1.9619,43.0
서울,은평구,2024-11,346,9731.0,59.8,4.686,38.0,97.8,49.85,1.9618,38.9
서울,은평구,2024-12,357,12349.5,60.5,4.603,47.37,107.87,56.92,1.8951,43.9
서울,은평구,2025-01,228,11644.6,60.8,4.585,44.49,105.29,58.33,1.8051,42.3
서울,은평구,2025-02,209,11718.5,74.8,4.718,46.07,120.87,64.13,1.8848,38.1
서울,은평구,2025-03,213,13838.5,78.0,4.764,54.93,132.93,64.84,2.0502,41.3
서울,은평구,2025-04,223,11562.9,72.3,4.877,47.0,119.3,62.69,1.903,39.4
서울,은평구,2025-05,208,11362.9,78.4,4.828,45.72,124.12,63.2,1.9639,36.8
서울,은평구,2025-06,178,12921.6,89.4,4.875,52.49,141.89,66.48,2.1344,37.0
서울,은평구,2025-07,229,11203.7,72.3,4.852,45.3,117.6,63.71,1.8459,38.5
서울,은평구,2025-08,170,10732.0,87.9,4.8,42.93,130.83,66.31,1.973,32.8
서울,은평구,2025-09,220,12307.0,68.5,4.859,49.84,118.34,62.75,1.8858,42.1
서울,은평구,2025-10,204,12785.2,78.3,4.8,51.14,129.44,67.01,1.9317,39.5
서울,은평구,2025-11,187,12601.3,94.2,4.791,50.31,144.51,66.99,2.1572,34.8
서울,은평구,2025-12,323,12338.2,84.9,4.738,48.72,133.62,61.28,2.1805,36.5
서울,은평구,2026-01,204,14667.7,98.2,4.66,56.96,155.16,66.0,2.3509,36.7
서울,은평구,2026-02,179,14102.1,108.1,4.657,54.73,162.83,63.93,2.547,33.6
서울,은평구,2026-03,239,13045.2,85.5,4.585,49.85,135.35,61.75,2.1919,36.8
서울,은평구,2026-04,297,13213.1,75.6,4.6,50.65,126.25,62.11,2.0327,40.1
서울,은평구,2026-05,161,18110.9,93.6,4.661,70.34,163.94,63.43,2.5846,42.9
서울,은평구,2026-06,233,13578.4,76.8,4.8,54.31,131.11,56.17,2.3342,41.4
서울,은평구,2026-07,245,14531.2,70.7,4.854,58.78,129.48,59.88,2.1624,45.4
서울,종로구,2011-01,26,8150.0,122.4,7.608,51.67,174.07,80.71,2.1568,29.7
서울,종로구,2011-02,20,10110.0,95.2,7.608,64.1,159.3,87.68,1.8168,40.2
서울,종로구,2011-03,15,12600.0,84.3,7.608,79.88,164.18,81.3,2.0195,48.7
서울,종로구,2011-04,22,13295.5,98.2,7.608,84.29,182.49,83.53,2.1848,46.2
서울,종로구,2011-05,15,9400.0,87.8,7.608,59.6,147.4,80.88,1.8224,40.4
서울,종로구,2011-06,13,4230.8,106.5,7.608,26.82,133.32,79.14,1.6847,20.1
서울,종로구,2011-07,18,6277.8,94.1,7.636,39.95,134.05,81.94,1.6359,29.8
서울,종로구,2011-08,10,10700.0,160.0,7.385,65.85,225.85,93.92,2.4047,29.2
서울,종로구,2011-09,17,11388.2,106.8,7.491,71.09,177.89,84.6,2.1028,40.0
서울,종로구,2011-10,21,10485.7,97.6,7.636,66.73,164.33,80.03,2.0533,40.6
서울,종로구,2011-11,16,11812.5,117.8,7.518,74.01,191.81,81.39,2.3567,38.6
서울,종로구,2011-12,8,10312.5,106.2,7.2,61.88,168.08,92.47,1.8176,36.8
서울,종로구,2012-01,24,10208.3,127.5,6.792,57.78,185.28,88.3,2.0983,31.2
서울,종로구,2012-02,23,11760.9,124.6,6.75,66.16,190.76,83.91,2.2733,34.7
서울,종로구,2012-03,25,10880.0,97.0,6.941,62.93,159.93,87.92,1.8191,39.3
서울,종로구,2012-04,14,11142.9,107.9,6.792,63.07,170.97,87.29,1.9587,36.9
서울,종로구,2012-05,18,14750.0,66.6,6.941,85.32,151.92,88.06,1.7251,56.2
서울,종로구,2012-06,20,9800.0,115.8,7.059,57.65,173.45,86.64,2.0019,33.2
서울,종로구,2012-07,16,12218.8,85.0,6.951,70.78,155.78,85.3,1.8262,45.4
서울,종로구,2012-08,15,8909.3,78.7,6.89,51.16,129.86,77.85,1.668,39.4
서울,종로구,2012-09,17,12500.0,109.4,6.923,72.12,181.52,84.06,2.1594,39.7
서울,종로구,2012-10,13,15769.2,109.2,6.759,88.81,198.01,88.29,2.2428,44.9
서울,종로구,2012-11,24,11520.8,110.6,6.653,63.87,174.47,81.94,2.1292,36.6
서울,종로구,2012-12,17,12529.4,93.2,6.857,71.6,164.8,91.15,1.808,43.4
서울,종로구,2013-01,23,15565.2,119.3,6.994,90.72,210.02,89.11,2.3568,43.2
서울,종로구,2013-02,19,8526.3,87.9,6.776,48.15,136.05,81.57,1.6679,35.4
서울,종로구,2013-03,21,15023.8,72.5,6.857,85.85,158.35,82.56,1.918,54.2
서울,종로구,2013-04,20,13350.0,105.0,6.934,77.14,182.14,90.95,2.0026,42.4
서울,종로구,2013-05,16,11093.8,97.0,6.668,61.64,158.64,89.81,1.7664,38.9
서울,종로구,2013-06,15,9400.0,107.7,6.481,50.77,158.47,81.97,1.9332,32.0
서울,종로구,2013-07,16,9093.8,118.1,6.681,50.63,168.73,89.26,1.8903,30.0
서울,종로구,2013-08,17,9735.3,103.4,6.462,52.42,155.82,87.88,1.7731,33.6
서울,종로구,2013-09,22,8681.8,91.1,6.462,46.75,137.85,82.02,1.6807,33.9
서울,종로구,2013-10,28,13892.9,110.8,6.401,74.11,184.91,90.84,2.0355,40.1
서울,종로구,2013-11,22,16409.1,105.0,6.318,86.4,191.4,86.01,2.2253,45.1
서울,종로구,2013-12,15,17800.0,60.7,6.218,92.24,152.94,90.48,1.6903,60.3
서울,종로구,2014-01,31,9435.5,93.8,6.0,47.18,140.98,75.85,1.8586,33.5
서울,종로구,2014-02,49,12183.7,79.8,6.306,64.02,143.82,83.83,1.7156,44.5
서울,종로구,2014-03,50,11850.0,75.0,6.242,61.64,136.64,72.03,1.8969,45.1
서울,종로구,2014-04,18,9027.8,57.7,6.138,46.18,103.88,77.28,1.3442,44.5
서울,종로구,2014-05,30,11216.7,94.4,6.362,59.46,153.86,79.39,1.9381,38.6
서울,종로구,2014-06,26,6620.2,68.9,6.5,35.86,104.76,68.08,1.5388,34.2
서울,종로구,2014-07,25,12292.0,73.2,6.567,67.27,140.47,76.12,1.8454,47.9
서울,종로구,2014-08,32,13390.6,72.5,6.24,69.63,142.13,73.09,1.9446,49.0
서울,종로구,2014-09,15,9933.3,61.5,6.303,52.18,113.68,77.52,1.4664,45.9
서울,종로구,2014-10,31,11612.9,101.6,6.03,58.36,159.96,79.87,2.0027,36.5
서울,종로구,2014-11,23,11804.3,68.0,6.0,59.02,127.02,77.95,1.6295,46.5
서울,종로구,2014-12,33,18590.9,73.6,6.316,97.85,171.45,84.97,2.0177,57.1
서울,종로구,2015-01,44,14022.7,94.9,6.0,70.11,165.01,78.0,2.1156,42.5
서울,종로구,2015-02,37,17418.9,102.5,6.048,87.79,190.29,84.43,2.2539,46.1
서울,종로구,2015-03,39,16615.4,75.9,6.0,83.08,158.98,81.5,1.9506,52.3
서울,종로구,2015-04,42,17797.6,80.8,6.0,88.99,169.79,78.44,2.1646,52.4
서울,종로구,2015-05,36,14111.1,76.5,6.0,70.56,147.06,72.77,2.0208,48.0
서울,종로구,2015-06,28,16357.1,83.2,6.0,81.79,164.99,72.93,2.2622,49.6
서울,종로구,2015-07,36,14101.1,86.4,6.133,72.07,158.47,75.68,2.094,45.5
서울,종로구,2015-08,31,15500.0,90.6,6.0,77.5,168.1,74.13,2.2676,46.1
서울,종로구,2015-09,33,14890.9,76.7,6.029,74.82,151.52,74.77,2.0265,49.4
서울,종로구,2015-10,39,18397.4,83.4,5.639,86.46,169.86,80.86,2.1007,50.9
서울,종로구,2015-11,32,15234.4,124.2,5.769,73.24,197.44,84.63,2.333,37.1
서울,종로구,2015-12,54,15601.9,112.1,5.415,70.41,182.51,81.25,2.2462,38.6
서울,종로구,2016-01,51,16892.2,98.9,5.471,77.01,175.91,75.05,2.344,43.8
서울,종로구,2016-02,47,18021.3,60.8,5.217,78.35,139.15,78.32,1.7767,56.3
서울,종로구,2016-03,36,18430.6,73.2,5.169,79.39,152.59,79.83,1.9115,52.0
서울,종로구,2016-04,32,12453.1,63.2,5.41,56.14,119.34,72.39,1.6486,47.0
서울,종로구,2016-05,28,17285.7,87.5,5.385,77.56,165.06,77.27,2.1362,47.0
서울,종로구,2016-06,37,20527.0,73.9,5.455,93.3,167.2,76.29,2.1917,55.8
서울,종로구,2016-07,40,13362.5,91.3,5.419,60.35,151.65,71.6,2.118,39.8
서울,종로구,2016-08,40,16487.5,83.8,5.333,73.28,157.08,71.98,2.1822,46.7
서울,종로구,2016-09,36,13277.8,97.4,5.317,58.83,156.23,68.74,2.2728,37.7
서울,종로구,2016-10,36,11388.9,94.4,5.091,48.32,142.72,78.04,1.8288,33.9
서울,종로구,2016-11,32,11937.5,91.2,5.208,51.81,143.01,69.22,2.066,36.2
서울,종로구,2016-12,49,15418.5,99.1,5.161,66.31,165.41,76.64,2.1583,40.1
서울,종로구,2017-01,42,21126.2,76.5,5.268,92.75,169.25,77.57,2.1819,54.8
서울,종로구,2017-02,79,17050.6,87.6,5.24,74.45,162.05,72.57,2.2331,45.9
서울,종로구,2017-03,59,14084.7,90.5,4.923,57.78,148.28,70.33,2.1084,39.0
서울,종로구,2017-04,73,15846.6,108.0,4.693,61.98,169.98,77.05,2.2061,36.5
서울,종로구,2017-05,60,20710.1,101.2,4.43,76.46,177.66,78.67,2.2583,43.0
서울,종로구,2017-06,55,18663.6,105.9,4.348,67.63,173.53,74.19,2.339,39.0
서울,종로구,2017-07,66,12868.2,82.2,4.154,44.54,126.74,62.09,2.0413,35.1
서울,종로구,2017-08,50,13588.3,88.3,3.99,45.19,133.49,67.77,1.9697,33.9
서울,종로구,2017-09,40,12575.0,109.8,4.0,41.92,151.72,73.03,2.0775,27.6
서울,종로구,2017-10,26,21442.3,93.5,4.085,73.0,166.5,75.58,2.2029,43.8
서울,종로구,2017-11,48,17341.2,101.2,4.003,57.84,159.04,74.52,2.1342,36.4
서울,종로구,2017-12,51,15822.8,100.4,4.088,53.9,154.3,70.19,2.1984,34.9
서울,종로구,2018-01,70,12017.0,77.4,4.131,41.37,118.77,60.66,1.958,34.8
서울,종로구,2018-02,48,15075.0,76.1,4.357,54.73,130.83,75.42,1.7347,41.8
서울,종로구,2018-03,42,19706.2,94.5,4.465,73.33,167.83,82.85,2.0257,43.7
서울,종로구,2018-04,29,14820.7,78.6,4.523,55.86,134.46,70.04,1.9198,41.5
서울,종로구,2018-05,24,15770.8,122.5,4.52,59.4,181.9,81.58,2.2297,32.7
서울,종로구,2018-06,46,14390.5,99.2,4.81,57.68,156.88,72.92,2.1515,36.8
서울,종로구,2018-07,38,13078.9,88.0,4.579,49.91,137.91,75.21,1.8336,36.2
서울,종로구,2018-08,39,12717.9,112.1,4.479,47.47,159.57,76.86,2.076,29.7
서울,종로구,2018-09,28,11999.9,71.7,4.604,46.04,117.74,70.08,1.6801,39.1
서울,종로구,2018-10,25,15260.0,109.2,4.379,55.68,164.88,81.86,2.0142,33.8
서울,종로구,2018-11,38,14499.6,69.9,4.267,51.56,121.46,69.9,1.7376,42.4
서울,종로구,2018-12,62,15583.5,100.4,4.238,55.04,155.44,76.17,2.0407,35.4
서울,종로구,2019-01,58,14315.8,89.0,4.241,50.59,139.59,69.43,2.0105,36.2
서울,종로구,2019-02,60,18360.2,72.9,4.2,64.26,137.16,66.7,2.0563,46.8
서울,종로구,2019-03,53,17669.8,103.4,4.184,61.61,165.01,74.17,2.2247,37.3
서울,종로구,2019-04,42,23361.0,109.1,4.138,80.56,189.66,75.09,2.5257,42.5
서울,종로구,2019-05,54,19971.5,100.9,4.107,68.36,169.26,71.88,2.3547,40.4
서울,종로구,2019-06,37,19013.5,121.5,4.186,66.33,187.83,75.98,2.472,35.3
서울,종로구,2019-07,45,16508.9,98.9,4.181,57.52,156.42,65.24,2.3977,36.8
서울,종로구,2019-08,47,25301.1,91.0,4.2,88.55,179.55,73.69,2.4366,49.3
서울,종로구,2019-09,54,12398.4,79.4,4.229,43.7,123.1,64.47,1.9094,35.5
서울,종로구,2019-10,56,14940.8,97.0,4.202,52.31,149.31,70.23,2.1261,35.0
서울,종로구,2019-11,49,18927.1,97.1,4.231,66.74,163.84,75.14,2.1804,40.7
서울,종로구,2019-12,93,19164.9,75.0,4.0,63.88,138.88,67.11,2.0695,46.0
서울,종로구,2020-01,72,14234.5,95.8,4.133,49.03,144.83,71.07,2.0378,33.9
서울,종로구,2020-02,83,13594.1,73.3,4.154,47.06,120.36,64.63,1.8623,39.1
서울,종로구,2020-03,40,14042.5,105.8,4.2,49.15,154.95,66.28,2.3378,31.7
서울,종로구,2020-04,43,13572.9,85.2,4.118,46.58,131.78,66.61,1.9783,35.3
서울,종로구,2020-05,62,11677.5,85.2,4.138,40.27,125.47,62.28,2.0146,32.1
서울,종로구,2020-06,81,11171.1,60.1,4.103,38.2,98.3,59.31,1.6574,38.9
서울,종로구,2020-07,55,13985.8,71.9,4.125,48.08,119.98,61.63,1.9467,40.1
서울,종로구,2020-08,53,13777.9,85.0,4.477,51.4,136.4,66.42,2.0536,37.7
서울,종로구,2020-09,69,8872.6,67.4,4.174,30.86,98.26,55.33,1.7759,31.4
서울,종로구,2020-10,54,16041.9,86.0,4.062,54.3,140.3,69.41,2.0213,38.7
서울,종로구,2020-11,64,15192.0,81.0,4.062,51.42,132.42,69.62,1.9021,38.8
서울,종로구,2020-12,64,23955.3,131.1,4.062,81.08,212.18,74.24,2.8581,38.2
서울,종로구,2021-01,69,15023.9,95.1,4.18,52.34,147.44,65.16,2.2627,35.5
서울,종로구,2021-02,85,19869.0,77.9,4.204,69.62,147.52,63.98,2.3057,47.2
서울,종로구,2021-03,51,17844.5,93.0,4.236,62.99,155.99,67.22,2.3206,40.4
서울,종로구,2021-04,65,15618.6,92.4,4.534,59.02,151.42,64.87,2.3342,39.0
서울,종로구,2021-05,55,21046.4,116.3,4.584,80.4,196.7,75.45,2.6071,40.9
서울,종로구,2021-06,60,16723.5,117.5,4.435,61.81,179.31,73.95,2.4247,34.5
서울,종로구,2021-07,58,17950.6,96.9,4.429,66.25,163.15,61.17,2.6671,40.6
서울,종로구,2021-08,55,21441.8,125.4,4.392,78.47,203.87,70.53,2.8905,38.5
서울,종로구,2021-09,90,15614.2,83.4,4.203,54.69,138.09,56.91,2.4265,39.6
서울,종로구,2021-10,71,14791.5,134.9,4.189,51.64,186.54,68.83,2.7101,27.7
서울,종로구,2021-11,77,21921.9,114.8,4.245,77.54,192.34,67.61,2.8449,40.3
서울,종로구,2021-12,67,16725.3,128.5,4.418,61.57,190.07,62.47,3.0426,32.4
서울,종로구,2022-01,102,18448.3,106.0,4.439,68.25,174.25,61.53,2.832,39.2
서울,종로구,2022-02,72,12785.2,109.5,4.4,46.88,156.38,60.94,2.5661,30.0
서울,종로구,2022-03,93,17121.1,117.4,4.258,60.76,178.16,66.35,2.6851,34.1
서울,종로구,2022-04,37,15677.8,123.6,4.364,57.01,180.61,65.78,2.7457,31.6
서울,종로구,2022-05,68,16517.4,117.4,4.32,59.46,176.86,64.39,2.7467,33.6
서울,종로구,2022-06,55,25028.4,118.5,4.112,85.77,204.27,67.4,3.0307,42.0
서울,종로구,2022-07,58,16982.3,106.9,4.105,58.1,165.0,67.2,2.4553,35.2
서울,종로구,2022-08,37,15962.7,128.4,3.994,53.13,181.53,63.85,2.8431,29.3
서울,종로구,2022-09,51,25303.9,141.7,4.1,86.46,228.16,72.01,3.1685,37.9
서울,종로구,2022-10,88,22850.6,108.4,4.126,78.57,186.97,65.19,2.8681,42.0
서울,종로구,2022-11,88,15633.0,134.5,4.235,55.18,189.68,67.61,2.8054,29.1
서울,종로구,2022-12,77,19742.5,134.9,4.41,72.55,207.45,69.45,2.9871,35.0
서울,종로구,2023-01,78,18089.7,130.9,4.415,66.56,197.46,67.34,2.9323,33.7
서울,종로구,2023-02,79,19356.5,120.9,4.612,74.39,195.29,67.39,2.8979,38.1
서울,종로구,2023-03,58,20919.5,142.3,4.745,82.71,225.01,75.52,2.9795,36.8
서울,종로구,2023-04,69,24739.5,156.0,4.811,99.18,255.18,75.29,3.3892,38.9
서울,종로구,2023-05,83,20267.4,128.2,4.944,83.5,211.7,71.07,2.9787,39.4
서울,종로구,2023-06,62,18836.0,147.1,4.912,77.1,224.2,73.04,3.0695,34.4
서울,종로구,2023-07,59,13870.3,133.4,4.844,55.99,189.39,67.49,2.8062,29.6
서울,종로구,2023-08,88,17278.7,110.4,4.99,71.85,182.25,60.63,3.006,39.4
서울,종로구,2023-09,96,17027.7,81.5,4.927,69.91,151.41,62.08,2.439,46.2
서울,종로구,2023-10,73,13760.5,93.6,4.782,54.83,148.43,60.4,2.4575,36.9
서울,종로구,2023-11,95,21862.4,126.9,4.841,88.19,215.09,73.7,2.9185,41.0
서울,종로구,2023-12,98,14759.3,120.4,4.794,58.96,179.36,52.29,3.4301,32.9
서울,종로구,2024-01,108,20061.8,118.0,4.847,81.03,199.03,59.94,3.3205,40.7
서울,종로구,2024-02,76,13115.9,119.7,4.887,53.41,173.11,60.6,2.8567,30.9
서울,종로구,2024-03,86,13676.9,123.0,4.847,55.24,178.24,63.35,2.8136,31.0
서울,종로구,2024-04,56,15210.9,97.6,4.822,61.12,158.72,63.71,2.4914,38.5
서울,종로구,2024-05,77,14289.4,102.0,4.821,57.4,159.4,55.76,2.8588,36.0
서울,종로구,2024-06,57,17099.9,136.0,4.924,70.17,206.17,68.51,3.0093,34.0
서울,종로구,2024-07,55,17042.0,162.3,4.653,66.08,228.38,71.83,3.1795,28.9
서울,종로구,2024-08,58,18460.7,125.7,4.779,73.52,199.22,66.05,3.0163,36.9
서울,종로구,2024-09,56,15195.5,131.9,4.67,59.14,191.04,69.71,2.7405,31.0
서울,종로구,2024-10,65,18693.5,155.7,4.597,71.61,227.31,71.75,3.168,31.5
서울,종로구,2024-11,74,16710.3,135.2,4.748,66.11,201.31,65.53,3.0721,32.8
서울,종로구,2024-12,106,17083.9,122.9,4.727,67.3,190.2,65.22,2.9163,35.4
서울,종로구,2025-01,75,16662.7,114.1,4.844,67.26,181.36,59.2,3.0635,37.1
서울,종로구,2025-02,95,12892.5,111.2,4.867,52.29,163.49,57.64,2.8364,32.0
서울,종로구,2025-03,82,20024.7,134.5,4.911,81.94,216.44,67.53,3.2051,37.9
서울,종로구,2025-04,71,16805.5,137.9,4.906,68.71,206.61,65.7,3.1447,33.3
서울,종로구,2025-05,66,17001.3,132.9,4.902,69.45,202.35,67.0,3.0201,34.3
서울,종로구,2025-06,87,19337.6,108.2,5.0,80.57,188.77,57.81,3.2654,42.7
서울,종로구,2025-07,93,11671.1,122.1,4.986,48.49,170.59,58.98,2.8924,28.4
서울,종로구,2025-08,83,13522.4,123.1,4.976,56.07,179.17,56.34,3.1802,31.3
서울,종로구,2025-09,87,12616.5,107.0,5.04,52.99,159.99,56.34,2.8397,33.1
서울,종로구,2025-10,70,12182.4,128.8,5.033,51.09,179.89,63.1,2.8509,28.4
서울,종로구,2025-11,98,21304.1,127.6,4.87,86.45,214.05,65.17,3.2845,40.4
서울,종로구,2025-12,162,13525.1,108.8,4.943,55.71,164.51,53.74,3.0613,33.9
서울,종로구,2026-01,124,14984.0,121.7,4.875,60.87,182.57,54.01,3.3803,33.3
서울,종로구,2026-02,82,12828.3,132.8,4.889,52.26,185.06,58.62,3.157,28.2
서울,종로구,2026-03,84,16734.4,116.2,4.913,68.51,184.71,58.35,3.1656,37.1
서울,종로구,2026-04,49,17785.7,127.2,4.779,70.84,198.04,64.28,3.0808,35.8
서울,종로구,2026-05,86,11808.7,127.3,4.636,45.62,172.92,53.82,3.2129,26.4
서울,종로구,2026-06,77,14638.9,168.3,4.766,58.14,226.44,62.98,3.5954,25.7
서울,종로구,2026-07,112,12259.6,121.1,4.814,49.18,170.28,44.59,3.8188,28.9
서울,중구,2011-01,30,6786.0,105.2,7.367,41.66,146.86,84.25,1.7432,28.4
서울,중구,2011-02,34,7911.8,86.5,7.367,48.57,135.07,82.09,1.6454,36.0
서울,중구,2011-03,30,8310.8,110.0,7.367,51.02,161.02,80.34,2.0043,31.7
서울,중구,2011-04,30,6746.2,105.1,7.367,41.42,146.52,82.4,1.7781,28.3
서울,중구,2011-05,23,6087.0,103.0,7.367,37.37,140.37,82.46,1.7023,26.6
서울,중구,2011-06,23,9304.3,96.2,7.367,57.12,153.32,82.2,1.8652,37.3
서울,중구,2011-07,16,6468.8,74.7,7.273,39.2,113.9,74.77,1.5234,34.4
서울,중구,2011-08,31,7022.1,109.0,7.2,42.13,151.13,81.55,1.8533,27.9
서울,중구,2011-09,21,9452.4,106.9,7.021,55.3,162.2,77.14,2.1027,34.1
서울,중구,2011-10,28,7264.9,101.4,7.059,42.73,144.13,79.44,1.8144,29.6
서울,중구,2011-11,19,7282.8,110.2,6.862,41.64,151.84,74.86,2.0284,27.4
서울,중구,2011-12,35,7525.0,98.9,6.919,43.39,142.29,74.7,1.9048,30.5
서울,중구,2012-01,46,9141.3,95.1,7.091,54.02,149.12,75.22,1.9824,36.2
서울,중구,2012-02,39,8166.7,95.6,7.202,49.02,144.62,79.43,1.8207,33.9
서울,중구,2012-03,50,8670.0,107.7,7.2,52.02,159.72,82.47,1.9367,32.6
서울,중구,2012-04,51,7039.2,103.0,7.13,41.83,144.83,76.73,1.8875,28.9
서울,중구,2012-05,55,5713.1,94.1,7.113,33.86,127.96,74.89,1.7087,26.5
서울,중구,2012-06,74,6302.4,95.5,7.059,37.07,132.57,71.83,1.8456,28.0
서울,중구,2012-07,45,5451.1,93.4,6.935,31.5,124.9,74.83,1.6692,25.2
서울,중구,2012-08,47,6838.3,90.9,6.926,39.47,130.37,77.61,1.6798,30.3
서울,중구,2012-09,34,9142.6,103.8,6.916,52.69,156.49,89.81,1.7425,33.7
서울,중구,2012-10,34,9779.4,106.0,6.927,56.45,162.45,91.77,1.7702,34.7
서울,중구,2012-11,33,7151.5,103.9,6.923,41.26,145.16,88.19,1.646,28.4
서울,중구,2012-12,34,8073.5,91.1,6.89,46.36,137.46,81.47,1.6872,33.7
서울,중구,2013-01,54,7944.4,114.4,6.794,44.98,159.38,80.49,1.9801,28.2
서울,중구,2013-02,43,8151.2,105.2,6.763,45.94,151.14,83.04,1.8201,30.4
서울,중구,2013-03,43,12569.8,112.8,6.735,70.55,183.35,82.88,2.2122,38.5
서울,중구,2013-04,36,9940.9,100.9,6.72,55.67,156.57,80.36,1.9483,35.6
서울,중구,2013-05,44,9170.5,109.5,6.574,50.24,159.74,80.98,1.9726,31.5
서울,중구,2013-06,37,10148.6,108.4,6.611,55.91,164.31,83.04,1.9787,34.0
서울,중구,2013-07,51,8925.5,107.5,6.525,48.53,156.03,80.82,1.9306,31.1
서울,중구,2013-08,51,9245.1,108.9,6.429,49.53,158.43,76.5,2.0709,31.3
서울,중구,2013-09,57,9491.2,108.5,6.316,49.95,158.45,81.19,1.9516,31.5
서울,중구,2013-10,82,14896.3,104.6,6.103,75.76,180.36,84.62,2.1314,42.0
서울,중구,2013-11,47,17968.1,93.2,6.0,89.84,183.04,84.06,2.1775,49.1
서울,중구,2013-12,64,12921.9,94.5,6.0,64.61,159.11,74.34,2.1403,40.6
서울,중구,2014-01,82,11592.3,100.0,5.997,57.93,157.93,81.94,1.9274,36.7
서울,중구,2014-02,97,12318.6,86.6,5.82,59.75,146.35,78.66,1.8605,40.8
서울,중구,2014-03,79,10028.1,98.3,5.711,47.72,146.02,77.9,1.8745,32.7
서울,중구,2014-04,55,9918.2,101.9,5.782,47.79,149.69,77.82,1.9235,31.9
서울,중구,2014-05,61,8855.8,84.0,5.768,42.57,126.57,71.22,1.7772,33.6
서울,중구,2014-06,57,12603.4,84.6,5.693,59.8,144.4,79.53,1.8156,41.4
서울,중구,2014-07,51,11938.2,82.7,5.789,57.59,140.29,77.63,1.8072,41.1
서울,중구,2014-08,45,11287.4,78.9,5.737,53.97,132.87,75.12,1.7687,40.6
서울,중구,2014-09,43,11988.4,96.1,5.625,56.2,152.3,78.7,1.9351,36.9
서울,중구,2014-10,54,9911.8,87.2,5.576,46.06,133.26,77.83,1.7122,34.6
서울,중구,2014-11,47,9223.4,96.1,5.481,42.13,138.23,80.63,1.7144,30.5
서울,중구,2014-12,80,10450.0,85.4,5.517,48.04,133.44,70.04,1.9052,36.0
서울,중구,2015-01,85,13988.2,90.9,5.458,63.63,154.53,75.87,2.0367,41.2
서울,중구,2015-02,58,13258.6,98.3,5.474,60.48,158.78,79.6,1.9947,38.1
서울,중구,2015-03,104,14223.6,94.1,5.421,64.26,158.36,78.84,2.0086,40.6
서울,중구,2015-04,66,14590.9,97.1,5.327,64.77,161.87,78.71,2.0566,40.0
서울,중구,2015-05,59,13110.2,97.5,5.249,57.35,154.85,77.98,1.9857,37.0
서울,중구,2015-06,59,14415.3,86.4,5.143,61.78,148.18,77.55,1.9108,41.7
서울,중구,2015-07,55,12617.4,99.5,5.101,53.63,153.13,81.36,1.8821,35.0
서울,중구,2015-08,46,19793.5,105.3,5.0,82.47,187.77,85.47,2.1969,43.9
서울,중구,2015-09,54,15805.6,100.2,4.952,65.23,165.43,82.01,2.0172,39.4
서울,중구,2015-10,69,17985.0,99.0,4.966,74.42,173.42,80.38,2.1575,42.9
서울,중구,2015-11,77,21119.0,88.8,4.802,84.51,173.31,82.87,2.0914,48.8
서울,중구,2015-12,73,22019.9,91.2,4.666,85.62,176.82,80.33,2.2012,48.4
서울,중구,2016-01,84,20616.7,90.4,4.588,78.83,169.23,77.86,2.1735,46.6
서울,중구,2016-02,85,15195.9,87.4,4.641,58.78,146.18,72.02,2.0297,40.2
서울,중구,2016-03,76,16499.8,90.4,4.588,63.09,153.49,74.04,2.073,41.1
서울,중구,2016-04,59,21754.2,88.7,4.575,82.94,171.64,80.76,2.1253,48.3
서울,중구,2016-05,66,14510.3,101.4,4.694,56.76,158.16,72.2,2.1906,35.9
서울,중구,2016-06,60,16991.7,85.0,4.704,66.61,151.61,71.41,2.1231,43.9
서울,중구,2016-07,76,16584.5,89.0,4.636,64.08,153.08,72.93,2.099,41.9
서울,중구,2016-08,68,17877.7,79.9,4.635,69.05,148.95,75.19,1.981,46.4
서울,중구,2016-09,67,14949.3,97.8,4.5,56.06,153.86,77.94,1.9741,36.4
서울,중구,2016-10,68,19051.5,91.2,4.478,71.09,162.29,79.71,2.036,43.8
서울,중구,2016-11,65,19516.4,84.1,4.274,69.51,153.61,76.87,1.9983,45.3
서울,중구,2016-12,73,18201.2,90.7,4.235,64.24,154.94,78.97,1.962,41.5
서울,중구,2017-01,75,13944.0,85.1,4.27,49.62,134.72,69.09,1.9499,36.8
서울,중구,2017-02,95,13368.4,95.7,4.286,47.74,143.44,74.36,1.9291,33.3
서울,중구,2017-03,69,14106.7,91.0,4.235,49.79,140.79,78.34,1.7971,35.4
서울,중구,2017-04,65,15289.5,92.4,4.174,53.18,145.58,75.97,1.9163,36.5
서울,중구,2017-05,57,12429.2,92.8,4.286,44.39,137.19,77.31,1.7745,32.4
서울,중구,2017-06,68,13663.8,108.2,4.283,48.77,156.97,76.12,2.0622,31.1
서울,중구,2017-07,78,13823.1,102.9,4.159,47.91,150.81,73.77,2.0443,31.8
서울,중구,2017-08,79,13822.8,101.8,4.103,47.26,149.06,74.41,2.0032,31.7
서울,중구,2017-09,85,15022.2,102.5,4.081,51.08,153.58,75.13,2.0443,33.3
서울,중구,2017-10,56,12394.4,98.8,4.094,42.28,141.08,73.38,1.9226,30.0
서울,중구,2017-11,80,14126.2,91.1,4.101,48.28,139.38,74.19,1.8787,34.6
서울,중구,2017-12,70,18600.9,83.2,4.0,62.0,145.2,75.65,1.9194,42.7
서울,중구,2018-01,102,16108.0,96.0,4.0,53.69,149.69,71.13,2.1045,35.9
서울,중구,2018-02,86,13896.5,92.8,4.08,47.25,140.05,72.51,1.9314,33.7
서울,중구,2018-03,72,13821.1,111.3,4.138,47.66,158.96,78.95,2.0134,30.0
서울,중구,2018-04,43,13389.9,98.7,4.126,46.04,144.74,73.35,1.9732,31.8
서울,중구,2018-05,45,10552.3,87.6,4.083,35.9,123.5,63.69,1.9391,29.1
서울,중구,2018-06,51,11672.4,88.9,4.11,39.98,128.88,68.55,1.8801,31.0
서울,중구,2018-07,55,15294.7,89.3,4.202,53.56,142.86,71.61,1.9949,37.5
서울,중구,2018-08,61,13937.9,88.8,4.255,49.42,138.22,72.02,1.9192,35.8
서울,중구,2018-09,64,13262.4,86.4,4.205,46.48,132.88,70.68,1.88,35.0
서울,중구,2018-10,66,16866.3,104.5,4.2,59.03,163.53,76.34,2.1422,36.1
서울,중구,2018-11,64,13357.3,92.8,4.2,46.75,139.55,70.19,1.9882,33.5
서울,중구,2018-12,62,16918.1,92.5,4.2,59.21,151.71,71.04,2.1356,39.0
서울,중구,2019-01,93,11291.2,94.8,4.069,38.29,133.09,65.72,2.025,28.8
서울,중구,2019-02,57,11605.8,85.4,4.127,39.92,125.32,62.69,1.999,31.9
서울,중구,2019-03,70,14050.1,97.1,4.13,48.35,145.45,67.49,2.1552,33.2
서울,중구,2019-04,67,13416.8,102.0,4.105,45.9,147.9,72.39,2.0431,31.0
서울,중구,2019-05,50,17705.3,85.8,4.106,60.59,146.39,77.2,1.8962,41.4
서울,중구,2019-06,218,5655.0,77.7,4.082,19.24,96.94,49.36,1.9638,19.8
서울,중구,2019-07,189,6292.2,81.3,4.174,21.89,103.19,53.18,1.9403,21.2
서울,중구,2019-08,116,8565.0,88.5,4.068,29.03,117.53,62.51,1.8802,24.7
서울,중구,2019-09,42,9587.7,102.3,4.0,31.96,134.26,68.58,1.9577,23.8
서울,중구,2019-10,71,14633.8,113.1,4.054,49.44,162.54,76.67,2.12,30.4
서울,중구,2019-11,56,14375.1,99.5,4.0,47.92,147.42,74.95,1.9669,32.5
서울,중구,2019-12,62,14909.9,99.2,4.0,49.7,148.9,74.81,1.9904,33.4
서울,중구,2020-01,88,15764.9,89.3,4.075,53.54,142.84,68.14,2.0963,37.5
서울,중구,2020-02,82,12497.7,103.9,4.0,41.66,145.56,71.81,2.027,28.6
서울,중구,2020-03,62,15708.2,87.7,4.061,53.17,140.87,71.89,1.9595,37.7
서울,중구,2020-04,71,8978.7,70.9,4.0,29.93,100.83,64.77,1.5567,29.7
서울,중구,2020-05,75,11711.4,76.1,4.075,39.77,115.87,65.77,1.7618,34.3
서울,중구,2020-06,58,13221.3,100.1,4.075,44.9,145.0,67.11,2.1607,31.0
서울,중구,2020-07,108,12369.6,77.3,4.043,41.68,118.98,62.48,1.9043,35.0
서울,중구,2020-08,66,12869.2,96.3,4.05,43.43,139.73,65.39,2.1369,31.1
서울,중구,2020-09,85,14985.6,66.6,4.076,50.9,117.5,62.02,1.8946,43.3
서울,중구,2020-10,70,18969.3,103.8,4.076,64.43,168.23,70.2,2.3964,38.3
서울,중구,2020-11,69,16027.9,76.9,4.011,53.57,130.47,65.3,1.998,41.1
서울,중구,2020-12,79,19249.2,95.6,4.143,66.45,162.05,66.76,2.4274,41.0
서울,중구,2021-01,85,17696.5,84.7,4.189,61.77,146.47,62.12,2.3579,42.2
서울,중구,2021-02,73,14635.4,105.9,4.216,51.42,157.32,64.54,2.4376,32.7
서울,중구,2021-03,87,13665.9,78.9,4.2,47.83,126.73,57.52,2.2032,37.7
서울,중구,2021-04,94,17476.0,89.9,4.163,60.63,150.53,63.64,2.3653,40.3
서울,중구,2021-05,85,14633.4,105.8,4.182,50.99,156.79,66.05,2.3738,32.5
서울,중구,2021-06,117,11550.6,114.9,4.102,39.49,154.39,63.89,2.4165,25.6
서울,중구,2021-07,151,7127.8,95.6,4.101,24.36,119.96,58.55,2.0488,20.3
서울,중구,2021-08,132,9906.2,116.0,4.037,33.33,149.33,59.42,2.5131,22.3
서울,중구,2021-09,145,12029.4,108.7,4.114,41.24,149.94,59.69,2.512,27.5
서울,중구,2021-10,76,16832.0,123.1,4.09,57.37,180.47,66.9,2.6976,31.8
서울,중구,2021-11,109,10817.7,101.8,4.364,39.34,141.14,60.05,2.3503,27.9
서울,중구,2021-12,103,15055.4,118.2,4.364,54.75,172.95,63.5,2.7236,31.7
서울,중구,2022-01,125,14587.0,112.8,4.455,54.15,166.95,64.58,2.5852,32.4
서울,중구,2022-02,130,17974.4,107.6,4.44,66.51,174.11,59.24,2.9391,38.2
서울,중구,2022-03,128,12642.7,121.0,4.34,45.73,166.73,61.93,2.6922,27.4
서울,중구,2022-04,98,16220.6,123.0,4.348,58.78,181.78,63.95,2.8425,32.3
서울,중구,2022-05,108,16967.2,143.0,4.313,60.98,203.98,64.92,3.1421,29.9
서울,중구,2022-06,123,10835.4,98.0,4.346,39.24,137.24,57.71,2.3782,28.6
서울,중구,2022-07,148,10731.3,111.3,4.412,39.46,150.76,58.37,2.5828,26.2
서울,중구,2022-08,82,17942.7,137.0,4.517,67.54,204.54,67.0,3.0528,33.0
서울,중구,2022-09,110,15606.2,130.9,4.635,60.28,191.18,62.52,3.058,31.5
서울,중구,2022-10,80,12664.1,107.6,4.77,50.34,157.94,59.55,2.6522,31.9
서울,중구,2022-11,125,15514.0,127.3,4.8,62.06,189.36,62.85,3.0128,32.8
서울,중구,2022-12,112,18447.1,124.6,4.752,73.05,197.65,64.59,3.0601,37.0
서울,중구,2023-01,120,15472.9,108.5,4.798,61.86,170.36,61.76,2.7585,36.3
서울,중구,2023-02,165,10647.6,118.4,4.832,42.88,161.28,57.38,2.8107,26.6
서울,중구,2023-03,150,11947.7,132.4,5.07,50.48,182.88,64.41,2.8394,27.6
서울,중구,2023-04,156,13867.3,141.0,5.077,58.67,199.67,64.03,3.1184,29.4
서울,중구,2023-05,354,7302.0,100.9,5.101,31.04,131.94,51.51,2.5614,23.5
서울,중구,2023-06,253,9483.1,110.7,5.102,40.32,151.02,55.93,2.7001,26.7
서울,중구,2023-07,165,10876.5,125.2,5.081,46.05,171.25,58.66,2.9194,26.9
서울,중구,2023-08,132,14419.7,152.7,5.1,61.28,213.98,68.14,3.1404,28.6
서울,중구,2023-09,179,13421.7,108.5,5.081,56.83,165.33,58.84,2.8099,34.4
서울,중구,2023-10,132,14083.0,148.2,5.077,59.59,207.79,66.85,3.1082,28.7
서울,중구,2023-11,119,11858.5,123.2,5.0,49.41,172.61,63.43,2.7213,28.6
서울,중구,2023-12,137,12790.4,124.7,4.894,52.17,176.87,61.94,2.8555,29.5
서울,중구,2024-01,176,12798.1,128.5,4.908,52.34,180.84,62.22,2.9065,28.9
서울,중구,2024-02,129,13355.6,133.6,4.844,53.91,187.51,60.38,3.1055,28.7
서울,중구,2024-03,154,13809.6,161.3,4.85,55.81,217.11,64.73,3.3541,25.7
서울,중구,2024-04,134,11551.7,150.4,4.996,48.09,198.49,61.13,3.2471,24.2
서울,중구,2024-05,129,14210.8,135.2,5.073,60.08,195.28,60.78,3.2129,30.8
서울,중구,2024-06,120,14439.7,130.1,4.957,59.65,189.75,60.91,3.1152,31.4
서울,중구,2024-07,121,11150.2,130.6,4.974,46.22,176.82,62.7,2.8201,26.1
서울,중구,2024-08,104,9216.7,140.8,4.985,38.29,179.09,61.34,2.9196,21.4
서울,중구,2024-09,109,12139.5,118.8,4.851,49.07,167.87,59.89,2.803,29.2
서울,중구,2024-10,117,9656.7,151.3,4.858,39.1,190.4,60.26,3.1596,20.5
서울,중구,2024-11,98,14138.3,139.0,4.825,56.85,195.85,61.4,3.1897,29.0
서울,중구,2024-12,113,13167.3,130.9,5.0,54.86,185.76,61.17,3.0368,29.5
서울,중구,2025-01,113,14332.8,105.9,5.049,60.31,166.21,52.83,3.1461,36.3
서울,중구,2025-02,154,11593.7,130.6,4.968,48.0,178.6,53.93,3.3117,26.9
서울,중구,2025-03,148,13901.2,137.4,5.018,58.13,195.53,63.3,3.089,29.7
서울,중구,2025-04,136,14106.5,149.9,4.982,58.57,208.47,62.48,3.3366,28.1
서울,중구,2025-05,132,13594.3,146.9,5.051,57.22,204.12,64.54,3.1627,28.0
서울,중구,2025-06,149,12748.3,141.1,5.026,53.4,194.5,58.46,3.327,27.5
서울,중구,2025-07,131,12799.9,161.8,5.036,53.72,215.52,65.42,3.2944,24.9
서울,중구,2025-08,121,11278.1,172.1,5.053,47.49,219.59,63.96,3.4332,21.6
서울,중구,2025-09,125,12953.7,162.2,5.056,54.57,216.77,61.61,3.5185,25.2
서울,중구,2025-10,103,11238.1,164.8,5.16,48.32,213.12,61.8,3.4486,22.7
서울,중구,2025-11,129,13192.3,147.3,5.172,56.86,204.16,60.21,3.3909,27.9
서울,중구,2025-12,156,12278.8,139.5,5.197,53.17,192.67,58.46,3.2958,27.6
서울,중구,2026-01,170,12492.6,157.6,5.207,54.21,211.81,60.66,3.4917,25.6
서울,중구,2026-02,144,12108.7,161.7,5.217,52.65,214.35,57.01,3.7598,24.6
서울,중구,2026-03,136,13766.8,173.6,5.158,59.18,232.78,59.6,3.9057,25.4
서울,중구,2026-04,125,12867.4,176.8,5.172,55.46,232.26,58.58,3.9648,23.9
서울,중구,2026-05,108,15597.2,151.2,5.251,68.25,219.45,62.6,3.5056,31.1
서울,중구,2026-06,132,10586.2,145.3,5.263,46.43,191.73,50.33,3.8095,24.2
서울,중구,2026-07,117,16224.1,153.4,5.243,70.89,224.29,59.4,3.7759,31.6
서울,중랑구,2011-01,35,5242.9,55.1,7.706,33.67,88.77,72.19,1.2296,37.9
서울,중랑구,2011-02,66,6338.5,58.7,7.706,40.7,99.4,69.75,1.4251,40.9
서울,중랑구,2011-03,61,6332.8,57.3,7.706,40.66,97.96,72.25,1.3559,41.5
서울,중랑구,2011-04,53,6010.6,56.2,7.706,38.6,94.8,72.85,1.3012,40.7
서울,중랑구,2011-05,46,4727.8,56.0,7.706,30.36,86.36,70.97,1.2168,35.2
서울,중랑구,2011-06,49,5693.9,58.2,7.706,36.56,94.76,72.31,1.3105,38.6
서울,중랑구,2011-07,54,4947.9,53.9,7.695,31.73,85.63,69.71,1.2283,37.1
서울,중랑구,2011-08,64,7401.6,57.7,7.589,46.81,104.51,73.24,1.427,44.8
서울,중랑구,2011-09,44,6796.0,58.5,7.636,43.25,101.75,71.73,1.4185,42.5
서울,중랑구,2011-10,37,6251.4,62.5,7.636,39.78,102.28,70.63,1.4481,38.9
서울,중랑구,2011-11,24,6116.7,57.0,7.593,38.7,95.7,69.46,1.3778,40.4
서울,중랑구,2011-12,27,5240.7,55.9,7.53,32.89,88.79,72.13,1.2309,37.0
서울,중랑구,2012-01,46,7119.6,63.8,7.506,44.53,108.33,70.27,1.5416,41.1
서울,중랑구,2012-02,48,6639.6,56.4,7.44,41.16,97.56,73.07,1.3352,42.2
서울,중랑구,2012-03,63,6406.3,54.9,7.349,39.24,94.14,69.99,1.345,41.7
서울,중랑구,2012-04,36,7236.1,60.4,7.2,43.42,103.82,71.97,1.4425,41.8
서울,중랑구,2012-05,48,6802.1,47.7,7.2,40.81,88.51,70.73,1.2514,46.1
서울,중랑구,2012-06,38,4752.6,67.1,7.195,28.49,95.59,73.4,1.3024,29.8
서울,중랑구,2012-07,42,5384.2,61.1,7.195,32.28,93.38,71.41,1.3077,34.6
서울,중랑구,2012-08,41,5451.2,56.5,7.169,32.56,89.06,69.73,1.2773,36.6
서울,중랑구,2012-09,43,5941.9,57.7,7.2,35.65,93.35,69.46,1.344,38.2
서울,중랑구,2012-10,45,6122.2,51.0,7.046,35.95,86.95,69.5,1.251,41.3
서울,중랑구,2012-11,49,4761.2,43.8,7.2,28.57,72.37,69.16,1.0464,39.5
서울,중랑구,2012-12,34,5264.7,53.1,7.094,31.13,84.23,70.29,1.1983,37.0
서울,중랑구,2013-01,65,4692.3,54.3,7.148,27.95,82.25,67.86,1.212,34.0
서울,중랑구,2013-02,80,6125.0,45.1,7.141,36.45,81.55,68.47,1.191,44.7
서울,중랑구,2013-03,109,4323.7,53.0,7.2,25.94,78.94,64.89,1.2166,32.9
서울,중랑구,2013-04,45,5722.2,50.5,7.208,34.37,84.87,70.49,1.204,40.5
서울,중랑구,2013-05,47,4668.1,59.9,7.212,28.06,87.96,66.76,1.3175,31.9
서울,중랑구,2013-06,39,5092.3,53.3,7.333,31.12,84.42,68.08,1.24,36.9
서울,중랑구,2013-07,62,5211.7,56.1,7.195,31.25,87.35,66.45,1.3145,35.8
서울,중랑구,2013-08,61,5449.2,58.1,7.083,32.16,90.26,66.32,1.361,35.6
서울,중랑구,2013-09,48,6322.9,57.8,6.94,36.57,94.37,70.59,1.3368,38.7
서울,중랑구,2013-10,62,6112.9,57.6,6.671,33.98,91.58,74.11,1.2357,37.1
서울,중랑구,2013-11,127,5416.2,41.5,6.703,30.25,71.75,63.9,1.1229,42.2
서울,중랑구,2013-12,56,3071.9,52.6,6.545,16.76,69.36,70.88,0.9785,24.2
서울,중랑구,2014-01,106,5747.7,45.1,6.677,31.98,77.08,69.43,1.1102,41.5
서울,중랑구,2014-02,116,5702.1,43.0,6.697,31.82,74.82,66.48,1.1255,42.5
서울,중랑구,2014-03,89,6126.9,56.8,6.663,34.02,90.82,70.36,1.2908,37.5
서울,중랑구,2014-04,91,5162.2,55.3,6.687,28.77,84.07,67.24,1.2503,34.2
서울,중랑구,2014-05,76,7086.2,49.2,6.695,39.53,88.73,68.62,1.2931,44.6
서울,중랑구,2014-06,57,5165.1,47.8,6.667,28.7,76.5,65.82,1.1622,37.5
서울,중랑구,2014-07,91,6064.4,47.1,6.464,32.67,79.77,68.71,1.1609,41.0
서울,중랑구,2014-08,77,6513.0,56.2,6.464,35.09,91.29,70.15,1.3013,38.4
서울,중랑구,2014-09,75,7083.0,55.0,6.464,38.16,93.16,71.49,1.3031,41.0
서울,중랑구,2014-10,69,5508.8,51.8,6.464,29.68,81.48,67.81,1.2015,36.4
서울,중랑구,2014-11,62,7342.9,51.8,6.464,39.56,91.36,70.22,1.301,43.3
서울,중랑구,2014-12,72,7401.4,52.2,6.464,39.87,92.07,71.2,1.2931,43.3
서울,중랑구,2015-01,86,7988.4,49.1,6.112,40.69,89.79,69.32,1.2953,45.3
서울,중랑구,2015-02,96,8314.6,51.9,6.0,41.57,93.47,68.78,1.359,44.5
서울,중랑구,2015-03,113,8244.2,55.8,5.881,40.4,96.2,69.1,1.3922,42.0
서울,중랑구,2015-04,98,9032.9,50.5,5.867,44.16,94.66,68.37,1.3845,46.7
서울,중랑구,2015-05,94,7295.0,55.0,5.818,35.37,90.37,64.41,1.403,39.1
서울,중랑구,2015-06,82,8859.8,55.3,5.778,42.66,97.96,70.12,1.397,43.5
서울,중랑구,2015-07,70,8502.9,55.1,5.647,40.01,95.11,68.6,1.3865,42.1
서울,중랑구,2015-08,78,10224.4,56.0,5.578,47.52,103.52,66.97,1.5458,45.9
서울,중랑구,2015-09,81,8477.6,51.6,5.455,38.53,90.13,65.93,1.3671,42.8
서울,중랑구,2015-10,77,8031.1,53.2,5.325,35.63,88.83,65.39,1.3585,40.1
서울,중랑구,2015-11,67,11398.1,53.0,5.337,50.69,103.69,72.46,1.4311,48.9
서울,중랑구,2015-12,82,10968.4,52.3,5.143,47.01,99.31,68.81,1.4432,47.3
서울,중랑구,2016-01,85,11398.8,56.7,5.003,47.53,104.23,71.26,1.4626,45.6
서울,중랑구,2016-02,140,8858.1,43.9,5.053,37.3,81.2,66.46,1.2217,45.9
서울,중랑구,2016-03,117,10644.3,50.4,4.856,43.08,93.48,68.82,1.3583,46.1
서울,중랑구,2016-04,98,10881.2,48.0,4.8,43.52,91.52,68.78,1.3307,47.6
서울,중랑구,2016-05,84,11365.5,47.4,4.958,46.95,94.35,70.22,1.3437,49.8
서울,중랑구,2016-06,92,11567.2,49.5,4.882,47.06,96.56,68.93,1.4008,48.7
서울,중랑구,2016-07,97,9291.5,53.6,5.016,38.84,92.44,67.29,1.3737,42.0
서울,중랑구,2016-08,106,7971.8,48.2,5.0,33.22,81.42,63.01,1.2921,40.8
서울,중랑구,2016-09,100,10452.5,54.0,4.935,42.99,96.99,70.29,1.3798,44.3
서울,중랑구,2016-10,94,9636.2,47.5,4.84,38.86,86.36,66.83,1.2923,45.0
서울,중랑구,2016-11,75,9298.3,50.7,4.8,37.19,87.89,68.11,1.2905,42.3
서울,중랑구,2016-12,67,12068.1,51.6,4.718,47.45,99.05,70.13,1.4123,47.9
서울,중랑구,2017-01,73,8400.4,55.9,4.714,33.0,88.9,64.7,1.3741,37.1
서울,중랑구,2017-02,74,12648.6,51.2,4.656,49.08,100.28,71.3,1.4064,48.9
서울,중랑구,2017-03,101,10086.1,54.4,4.656,39.13,93.53,67.85,1.3785,41.8
서울,중랑구,2017-04,81,10482.2,50.1,4.75,41.49,91.59,67.99,1.3471,45.3
서울,중랑구,2017-05,68,9652.2,55.2,4.624,37.19,92.39,69.19,1.3353,40.3
서울,중랑구,2017-06,74,8663.0,52.1,4.587,33.11,85.21,67.71,1.2585,38.9
서울,중랑구,2017-07,81,6334.6,62.0,4.645,24.52,86.52,64.53,1.3408,28.3
서울,중랑구,2017-08,71,7760.6,60.4,4.615,29.85,90.25,65.87,1.3701,33.1
서울,중랑구,2017-09,87,7371.3,56.3,4.5,27.64,83.94,62.91,1.3343,32.9
서울,중랑구,2017-10,55,10578.2,50.0,4.5,39.67,89.67,70.25,1.2764,44.2
서울,중랑구,2017-11,73,8661.2,56.3,4.465,32.23,88.53,67.87,1.3044,36.4
서울,중랑구,2017-12,58,11029.7,48.5,4.444,40.85,89.35,70.02,1.2761,45.7
서울,중랑구,2018-01,97,8428.4,54.6,4.286,30.1,84.7,67.67,1.2517,35.5
서울,중랑구,2018-02,100,7241.1,52.0,4.364,26.33,78.33,64.72,1.2103,33.6
서울,중랑구,2018-03,123,8655.3,56.8,4.447,32.08,88.88,67.94,1.3081,36.1
서울,중랑구,2018-04,78,8777.3,55.1,4.444,32.51,87.61,67.6,1.296,37.1
서울,중랑구,2018-05,86,8754.2,53.1,4.56,33.27,86.37,66.25,1.3036,38.5
서울,중랑구,2018-06,75,8073.9,53.8,4.588,30.87,84.67,65.44,1.2939,36.5
서울,중랑구,2018-07,70,6849.0,54.9,4.5,25.68,80.58,65.25,1.235,31.9
서울,중랑구,2018-08,110,6706.5,54.7,4.461,24.93,79.63,64.8,1.2289,31.3
서울,중랑구,2018-09,100,6968.3,43.7,4.286,24.89,68.59,64.65,1.0609,36.3
서울,중랑구,2018-10,82,7611.9,52.8,4.286,27.19,79.99,67.28,1.1888,34.0
서울,중랑구,2018-11,79,8384.9,55.8,4.319,30.18,85.98,62.9,1.367,35.1
서울,중랑구,2018-12,80,7924.4,58.3,4.286,28.3,86.6,65.78,1.3165,32.7
서울,중랑구,2019-01,95,6907.9,55.2,4.364,25.12,80.32,61.33,1.3096,31.3
서울,중랑구,2019-02,76,7702.7,53.6,4.281,27.48,81.08,64.03,1.2663,33.9
서울,중랑구,2019-03,101,8675.4,57.0,4.431,32.03,89.03,66.07,1.3475,36.0
서울,중랑구,2019-04,74,8258.1,56.0,4.489,30.89,86.89,64.95,1.3378,35.6
서울,중랑구,2019-05,77,8733.8,50.9,4.4,32.02,82.92,61.45,1.3495,38.6
서울,중랑구,2019-06,88,6700.0,49.5,4.364,24.36,73.86,54.98,1.3435,33.0
서울,중랑구,2019-07,81,9300.0,59.3,4.36,33.79,93.09,62.85,1.4812,36.3
서울,중랑구,2019-08,187,7427.7,44.3,4.287,26.54,70.84,57.72,1.2272,37.5
서울,중랑구,2019-09,84,6739.9,53.4,4.342,24.39,77.79,63.37,1.2275,31.4
서울,중랑구,2019-10,117,8664.5,49.0,4.288,30.96,79.96,63.69,1.2555,38.7
서울,중랑구,2019-11,122,6750.9,49.0,4.358,24.52,73.52,62.15,1.1829,33.4
서울,중랑구,2019-12,126,7027.1,48.9,4.286,25.1,74.0,64.28,1.1512,33.9
서울,중랑구,2020-01,124,8544.2,54.1,4.22,30.05,84.15,61.28,1.3732,35.7
서울,중랑구,2020-02,192,5445.5,53.9,4.333,19.66,73.56,61.85,1.1894,26.7
서울,중랑구,2020-03,110,6426.0,48.2,4.377,23.44,71.64,62.55,1.1453,32.7
서울,중랑구,2020-04,109,7143.2,52.8,4.35,25.9,78.7,62.68,1.2555,32.9
서울,중랑구,2020-05,118,8381.2,49.8,4.364,30.48,80.28,56.93,1.4101,38.0
서울,중랑구,2020-06,100,8837.2,55.8,4.387,32.31,88.11,67.11,1.3129,36.7
서울,중랑구,2020-07,115,9845.6,65.1,4.318,35.42,100.52,65.66,1.531,35.2
서울,중랑구,2020-08,148,7923.5,53.2,4.276,28.24,81.44,59.82,1.3613,34.7
서울,중랑구,2020-09,111,8263.4,51.8,4.242,29.21,81.01,52.17,1.5528,36.1
서울,중랑구,2020-10,108,9707.5,57.8,4.286,34.67,92.47,59.25,1.5607,37.5
서울,중랑구,2020-11,277,6651.1,25.0,4.259,23.61,48.61,49.05,0.991,48.6
서울,중랑구,2020-12,121,9847.2,46.2,4.293,35.23,81.43,62.1,1.3112,43.3
서울,중랑구,2021-01,156,8398.4,46.7,4.32,30.23,76.93,56.56,1.3602,39.3
서울,중랑구,2021-02,94,10839.4,59.8,4.245,38.34,98.14,65.31,1.5027,39.1
서울,중랑구,2021-03,119,9544.9,55.4,4.161,33.1,88.5,62.67,1.4121,37.4
서울,중랑구,2021-04,98,12129.2,58.1,4.117,41.61,99.71,64.69,1.5414,41.7
서울,중랑구,2021-05,108,11052.7,56.4,4.144,38.16,94.56,63.52,1.4887,40.4
서울,중랑구,2021-06,135,9519.5,53.3,4.125,32.72,86.02,60.79,1.4151,38.0
서울,중랑구,2021-07,114,11066.0,64.2,4.022,37.09,101.29,61.95,1.635,36.6
서울,중랑구,2021-08,287,8248.3,36.7,3.956,27.19,63.89,58.12,1.0993,42.6
서울,중랑구,2021-09,121,12005.1,55.1,3.789,37.91,93.01,62.79,1.4813,40.8
서울,중랑구,2021-10,221,9232.0,45.0,3.757,28.9,73.9,59.44,1.2433,39.1
서울,중랑구,2021-11,127,11005.8,65.7,4.0,36.69,102.39,62.98,1.6257,35.8
서울,중랑구,2021-12,385,7091.6,35.6,3.934,23.25,58.85,47.01,1.2519,39.5
서울,중랑구,2022-01,157,11767.8,52.4,3.973,38.96,91.36,58.0,1.5751,42.6
서울,중랑구,2022-02,264,8882.4,46.5,4.003,29.63,76.13,60.57,1.2569,38.9
서울,중랑구,2022-03,232,9944.5,49.4,4.324,35.84,85.24,59.85,1.4242,42.0
서울,중랑구,2022-04,169,9518.1,50.2,4.2,33.31,83.51,55.94,1.4929,39.9
서울,중랑구,2022-05,182,9684.6,50.4,4.206,33.94,84.34,56.05,1.5048,40.2
서울,중랑구,2022-06,202,10371.8,47.2,4.286,37.04,84.24,57.25,1.4715,44.0
서울,중랑구,2022-07,136,9804.1,51.1,4.333,35.4,86.5,55.68,1.5536,40.9
서울,중랑구,2022-08,208,10657.7,57.3,4.528,40.22,97.52,58.43,1.669,41.2
서울,중랑구,2022-09,241,12404.1,46.7,4.201,43.42,90.12,60.63,1.4864,48.2
서울,중랑구,2022-10,124,10031.4,72.8,4.197,35.08,107.88,60.63,1.7793,32.5
서울,중랑구,2022-11,289,6584.6,35.7,4.259,23.37,59.07,48.62,1.215,39.6
서울,중랑구,2022-12,333,8426.8,45.4,4.463,31.34,76.74,55.43,1.3845,40.8
서울,중랑구,2023-01,204,8244.7,59.6,4.568,31.38,90.98,54.63,1.6655,34.5
서울,중랑구,2023-02,282,9535.0,53.9,4.571,36.32,90.22,58.46,1.5433,40.3
서울,중랑구,2023-03,203,9725.3,63.1,4.7,38.09,101.19,59.37,1.7044,37.6
서울,중랑구,2023-04,151,10228.5,55.7,4.607,39.27,94.97,62.17,1.5275,41.3
서울,중랑구,2023-05,212,8945.1,68.1,4.5,33.54,101.64,57.45,1.7693,33.0
서울,중랑구,2023-06,166,9802.2,56.6,4.66,38.06,94.66,58.21,1.6262,40.2
서울,중랑구,2023-07,160,9065.5,58.4,4.692,35.44,93.84,56.39,1.6642,37.8
서울,중랑구,2023-08,166,7648.1,61.2,4.723,30.1,91.3,56.79,1.6077,33.0
서울,중랑구,2023-09,153,9035.9,67.8,4.737,35.67,103.47,60.01,1.7242,34.5
서울,중랑구,2023-10,245,9306.6,51.2,4.643,36.01,87.21,57.16,1.5258,41.3
서울,중랑구,2023-11,177,9549.2,57.6,4.633,36.87,94.47,68.5,1.3791,39.0
서울,중랑구,2023-12,279,9009.1,44.9,4.716,35.4,80.3,57.74,1.3908,44.1
서울,중랑구,2024-01,270,7935.6,51.6,4.667,30.86,82.46,56.71,1.4541,37.4
서울,중랑구,2024-02,311,9195.8,41.9,4.596,35.22,77.12,60.39,1.277,45.7
서울,중랑구,2024-03,245,9668.3,51.6,4.568,36.8,88.4,58.67,1.5068,41.6
서울,중랑구,2024-04,159,11538.5,67.1,4.616,44.39,111.49,61.18,1.8223,39.8
서울,중랑구,2024-05,195,10671.3,58.3,4.615,41.04,99.34,58.57,1.6961,41.3
서울,중랑구,2024-06,225,9974.2,51.0,4.615,38.36,89.36,52.15,1.7136,42.9
서울,중랑구,2024-07,221,9072.3,57.3,4.667,35.28,92.58,56.28,1.645,38.1
서울,중랑구,2024-08,279,7989.1,47.1,4.835,32.19,79.29,56.14,1.4123,40.6
서울,중랑구,2024-09,281,12146.0,49.8,4.65,47.07,96.87,60.13,1.6109,48.6
서울,중랑구,2024-10,161,10211.1,60.2,4.476,38.09,98.29,55.29,1.7777,38.8
서울,중랑구,2024-11,224,7207.5,46.7,4.548,27.31,74.01,48.27,1.5333,36.9
서울,중랑구,2024-12,178,8676.1,53.8,4.488,32.45,86.25,52.56,1.6409,37.6
서울,중랑구,2025-01,157,8913.8,49.3,4.5,33.43,82.73,56.47,1.465,40.4
서울,중랑구,2025-02,224,8693.1,52.0,4.44,32.16,84.16,58.48,1.4392,38.2
서울,중랑구,2025-03,204,8114.1,64.8,4.463,30.18,94.98,59.58,1.5941,31.8
서울,중랑구,2025-04,188,10545.2,60.1,4.346,38.19,98.29,58.52,1.6796,38.9
서울,중랑구,2025-05,197,9493.6,66.3,4.288,33.92,100.22,58.63,1.7094,33.8
서울,중랑구,2025-06,185,10773.0,67.2,4.349,39.05,106.25,59.35,1.7902,36.8
서울,중랑구,2025-07,222,8392.2,59.3,4.286,29.97,89.27,58.07,1.5373,33.6
서울,중랑구,2025-08,157,10928.1,73.5,4.329,39.42,112.92,61.69,1.8304,34.9
서울,중랑구,2025-09,188,10844.4,82.5,4.3,38.86,121.36,62.9,1.9294,32.0
서울,중랑구,2025-10,280,9671.0,61.4,4.271,34.42,95.82,54.38,1.7621,35.9
서울,중랑구,2025-11,284,9318.0,58.0,4.286,33.28,91.28,53.0,1.7222,36.5
서울,중랑구,2025-12,460,9203.9,54.3,4.362,33.46,87.76,46.16,1.9012,38.1
서울,중랑구,2026-01,227,9580.3,71.9,4.5,35.93,107.83,56.61,1.9047,33.3
서울,중랑구,2026-02,162,8703.6,73.1,4.615,33.48,106.58,54.86,1.9427,31.4
서울,중랑구,2026-03,204,11260.2,74.5,4.465,41.9,116.4,56.25,2.0693,36.0
서울,중랑구,2026-04,289,8899.3,55.2,4.617,34.24,89.44,51.27,1.7445,38.3
서울,중랑구,2026-05,156,11954.1,76.3,4.491,44.74,121.04,55.57,2.1781,37.0
서울,중랑구,2026-06,539,11192.7,43.8,4.438,41.39,85.19,38.39,2.2191,48.6
서울,중랑구,2026-07,359,10838.3,47.7,4.444,40.14,87.84,40.43,2.1726,45.7
