STATBL_ID,DTACYCLE_CD,WRTTIME_IDTFR_ID,GRP_ID,GRP_NM,CLS_ID,CLS_NM,ITM_ID,ITM_NM,DTA_VAL,UI_NM,GRP_FULLNM,CLS_FULLNM,ITM_FULLNM,WRTTIME_DESC
T242093131851096,MM,201006,60001,8개시도,50001,수요우위,10001,지수,,지수,8개시도,수요우위,지수,2010년 6월
T242093131851096,MM,201006,60001,8개시도,50002,비슷함,10001,지수,,지수,8개시도,비슷함,지수,2010년 6월
T242093131851096,MM,201006,60001,8개시도,50003,공급우위,10001,지수,,지수,8개시도,공급우위,지수,2010년 6월
T242093131851096,MM,201006,60002,수도권,50001,수요우위,10001,지수,4.2,지수,수도권,수요우위,지수,2010년 6월
T242093131851096,MM,201006,60002,수도권,50002,비슷함,10001,지수,68.7,지수,수도권,비슷함,지수,2010년 6월
T242093131851096,MM,201006,60002,수도권,50003,공급우위,10001,지수,27.1,지수,수도권,공급우위,지수,2010년 6월
T242093131851096,MM,201006,60005,5대광역시,50001,수요우위,10001,지수,,지수,5대광역시,수요우위,지수,2010년 6월
T242093131851096,MM,201006,60005,5대광역시,50002,비슷함,10001,지수,,지수,5대광역시,비슷함,지수,2010년 6월
T242093131851096,MM,201006,60005,5대광역시,50003,공급우위,10001,지수,,지수,5대광역시,공급우위,지수,2010년 6월
T242093131851096,MM,201006,60008,서울,50001,수요우위,10001,지수,2.9,지수,서울,수요우위,지수,2010년 6월
T242093131851096,MM,201006,60008,서울,50002,비슷함,10001,지수,62.3,지수,서울,비슷함,지수,2010년 6월
T242093131851096,MM,201006,60008,서울,50003,공급우위,10001,지수,34.8,지수,서울,공급우위,지수,2010년 6월
T242093131851096,MM,201006,60009,강북지역,50001,수요우위,10001,지수,0,지수,서울>강북지역,수요우위,지수,2010년 6월
T242093131851096,MM,201006,60009,강북지역,50002,비슷함,10001,지수,44.1,지수,서울>강북지역,비슷함,지수,2010년 6월
T242093131851096,MM,201006,60009,강북지역,50003,공급우위,10001,지수,55.9,지수,서울>강북지역,공급우위,지수,2010년 6월
T242093131851096,MM,201006,60013,강남지역,50001,수요우위,10001,지수,5.7,지수,서울>강남지역,수요우위,지수,2010년 6월
T242093131851096,MM,201006,60013,강남지역,50002,비슷함,10001,지수,80.3,지수,서울>강남지역,비슷함,지수,2010년 6월
T242093131851096,MM,201006,60013,강남지역,50003,공급우위,10001,지수,14,지수,서울>강남지역,공급우위,지수,2010년 6월
T242093131851096,MM,201006,60016,경기,50001,수요우위,10001,지수,6.9,지수,경기,수요우위,지수,2010년 6월
T242093131851096,MM,201006,60016,경기,50002,비슷함,10001,지수,83.3,지수,경기,비슷함,지수,2010년 6월
T242093131851096,MM,201006,60016,경기,50003,공급우위,10001,지수,9.7,지수,경기,공급우위,지수,2010년 6월
T242093131851096,MM,201006,60017,인천,50001,수요우위,10001,지수,6,지수,인천,수요우위,지수,2010년 6월
T242093131851096,MM,201006,60017,인천,50002,비슷함,10001,지수,76,지수,인천,비슷함,지수,2010년 6월
T242093131851096,MM,201006,60017,인천,50003,공급우위,10001,지수,18,지수,인천,공급우위,지수,2010년 6월
T242093131851096,MM,201006,60018,부산,50001,수요우위,10001,지수,,지수,부산,수요우위,지수,2010년 6월
T242093131851096,MM,201006,60018,부산,50002,비슷함,10001,지수,,지수,부산,비슷함,지수,2010년 6월
T242093131851096,MM,201006,60018,부산,50003,공급우위,10001,지수,,지수,부산,공급우위,지수,2010년 6월
T242093131851096,MM,201006,60022,대구,50001,수요우위,10001,지수,,지수,대구,수요우위,지수,2010년 6월
T242093131851096,MM,201006,60022,대구,50002,비슷함,10001,지수,,지수,대구,비슷함,지수,2010년 6월
T242093131851096,MM,201006,60022,대구,50003,공급우위,10001,지수,,지수,대구,공급우위,지수,2010년 6월
T242093131851096,MM,201006,60023,광주,50001,수요우위,10001,지수,,지수,광주,수요우위,지수,2010년 6월
T242093131851096,MM,201006,60023,광주,50002,비슷함,10001,지수,,지수,광주,비슷함,지수,2010년 6월
T242093131851096,MM,201006,60023,광주,50003,공급우위,10001,지수,,지수,광주,공급우위,지수,2010년 6월
T242093131851096,MM,201006,60024,대전,50001,수요우위,10001,지수,,지수,대전,수요우위,지수,2010년 6월
T242093131851096,MM,201006,60024,대전,50002,비슷함,10001,지수,,지수,대전,비슷함,지수,2010년 6월
T242093131851096,MM,201006,60024,대전,50003,공급우위,10001,지수,,지수,대전,공급우위,지수,2010년 6월
T242093131851096,MM,201006,60025,울산,50001,수요우위,10001,지수,,지수,울산,수요우위,지수,2010년 6월
T242093131851096,MM,201006,60025,울산,50002,비슷함,10001,지수,,지수,울산,비슷함,지수,2010년 6월
T242093131851096,MM,201006,60025,울산,50003,공급우위,10001,지수,,지수,울산,공급우위,지수,2010년 6월
T242093131851096,MM,201007,60001,8개시도,50001,수요우위,10001,지수,,지수,8개시도,수요우위,지수,2010년 7월
T242093131851096,MM,201007,60001,8개시도,50002,비슷함,10001,지수,,지수,8개시도,비슷함,지수,2010년 7월
T242093131851096,MM,201007,60001,8개시도,50003,공급우위,10001,지수,,지수,8개시도,공급우위,지수,2010년 7월
T242093131851096,MM,201007,60002,수도권,50001,수요우위,10001,지수,4.1,지수,수도권,수요우위,지수,2010년 7월
T242093131851096,MM,201007,60002,수도권,50002,비슷함,10001,지수,79,지수,수도권,비슷함,지수,2010년 7월
T242093131851096,MM,201007,60002,수도권,50003,공급우위,10001,지수,16.9,지수,수도권,공급우위,지수,2010년 7월
T242093131851096,MM,201007,60005,5대광역시,50001,수요우위,10001,지수,,지수,5대광역시,수요우위,지수,2010년 7월
T242093131851096,MM,201007,60005,5대광역시,50002,비슷함,10001,지수,,지수,5대광역시,비슷함,지수,2010년 7월
T242093131851096,MM,201007,60005,5대광역시,50003,공급우위,10001,지수,,지수,5대광역시,공급우위,지수,2010년 7월
T242093131851096,MM,201007,60008,서울,50001,수요우위,10001,지수,2.4,지수,서울,수요우위,지수,2010년 7월
T242093131851096,MM,201007,60008,서울,50002,비슷함,10001,지수,79.2,지수,서울,비슷함,지수,2010년 7월
T242093131851096,MM,201007,60008,서울,50003,공급우위,10001,지수,18.4,지수,서울,공급우위,지수,2010년 7월
T242093131851096,MM,201007,60009,강북지역,50001,수요우위,10001,지수,0.9,지수,서울>강북지역,수요우위,지수,2010년 7월
T242093131851096,MM,201007,60009,강북지역,50002,비슷함,10001,지수,66.9,지수,서울>강북지역,비슷함,지수,2010년 7월
T242093131851096,MM,201007,60009,강북지역,50003,공급우위,10001,지수,32.2,지수,서울>강북지역,공급우위,지수,2010년 7월
T242093131851096,MM,201007,60013,강남지역,50001,수요우위,10001,지수,3.9,지수,서울>강남지역,수요우위,지수,2010년 7월
T242093131851096,MM,201007,60013,강남지역,50002,비슷함,10001,지수,91.3,지수,서울>강남지역,비슷함,지수,2010년 7월
T242093131851096,MM,201007,60013,강남지역,50003,공급우위,10001,지수,4.8,지수,서울>강남지역,공급우위,지수,2010년 7월
T242093131851096,MM,201007,60016,경기,50001,수요우위,10001,지수,8,지수,경기,수요우위,지수,2010년 7월
T242093131851096,MM,201007,60016,경기,50002,비슷함,10001,지수,79.2,지수,경기,비슷함,지수,2010년 7월
T242093131851096,MM,201007,60016,경기,50003,공급우위,10001,지수,12.7,지수,경기,공급우위,지수,2010년 7월
T242093131851096,MM,201007,60017,인천,50001,수요우위,10001,지수,6,지수,인천,수요우위,지수,2010년 7월
T242093131851096,MM,201007,60017,인천,50002,비슷함,10001,지수,78,지수,인천,비슷함,지수,2010년 7월
T242093131851096,MM,201007,60017,인천,50003,공급우위,10001,지수,16,지수,인천,공급우위,지수,2010년 7월
T242093131851096,MM,201007,60018,부산,50001,수요우위,10001,지수,,지수,부산,수요우위,지수,2010년 7월
T242093131851096,MM,201007,60018,부산,50002,비슷함,10001,지수,,지수,부산,비슷함,지수,2010년 7월
T242093131851096,MM,201007,60018,부산,50003,공급우위,10001,지수,,지수,부산,공급우위,지수,2010년 7월
T242093131851096,MM,201007,60022,대구,50001,수요우위,10001,지수,,지수,대구,수요우위,지수,2010년 7월
T242093131851096,MM,201007,60022,대구,50002,비슷함,10001,지수,,지수,대구,비슷함,지수,2010년 7월
T242093131851096,MM,201007,60022,대구,50003,공급우위,10001,지수,,지수,대구,공급우위,지수,2010년 7월
T242093131851096,MM,201007,60023,광주,50001,수요우위,10001,지수,,지수,광주,수요우위,지수,2010년 7월
T242093131851096,MM,201007,60023,광주,50002,비슷함,10001,지수,,지수,광주,비슷함,지수,2010년 7월
T242093131851096,MM,201007,60023,광주,50003,공급우위,10001,지수,,지수,광주,공급우위,지수,2010년 7월
T242093131851096,MM,201007,60024,대전,50001,수요우위,10001,지수,,지수,대전,수요우위,지수,2010년 7월
T242093131851096,MM,201007,60024,대전,50002,비슷함,10001,지수,,지수,대전,비슷함,지수,2010년 7월
T242093131851096,MM,201007,60024,대전,50003,공급우위,10001,지수,,지수,대전,공급우위,지수,2010년 7월
T242093131851096,MM,201007,60025,울산,50001,수요우위,10001,지수,,지수,울산,수요우위,지수,2010년 7월
T242093131851096,MM,201007,60025,울산,50002,비슷함,10001,지수,,지수,울산,비슷함,지수,2010년 7월
T242093131851096,MM,201007,60025,울산,50003,공급우위,10001,지수,,지수,울산,공급우위,지수,2010년 7월
T242093131851096,MM,201008,60001,8개시도,50001,수요우위,10001,지수,,지수,8개시도,수요우위,지수,2010년 8월
T242093131851096,MM,201008,60001,8개시도,50002,비슷함,10001,지수,,지수,8개시도,비슷함,지수,2010년 8월
T242093131851096,MM,201008,60001,8개시도,50003,공급우위,10001,지수,,지수,8개시도,공급우위,지수,2010년 8월
T242093131851096,MM,201008,60002,수도권,50001,수요우위,10001,지수,8.3,지수,수도권,수요우위,지수,2010년 8월
T242093131851096,MM,201008,60002,수도권,50002,비슷함,10001,지수,75.8,지수,수도권,비슷함,지수,2010년 8월
T242093131851096,MM,201008,60002,수도권,50003,공급우위,10001,지수,15.9,지수,수도권,공급우위,지수,2010년 8월
T242093131851096,MM,201008,60005,5대광역시,50001,수요우위,10001,지수,,지수,5대광역시,수요우위,지수,2010년 8월
T242093131851096,MM,201008,60005,5대광역시,50002,비슷함,10001,지수,,지수,5대광역시,비슷함,지수,2010년 8월
T242093131851096,MM,201008,60005,5대광역시,50003,공급우위,10001,지수,,지수,5대광역시,공급우위,지수,2010년 8월
T242093131851096,MM,201008,60008,서울,50001,수요우위,10001,지수,9.6,지수,서울,수요우위,지수,2010년 8월
T242093131851096,MM,201008,60008,서울,50002,비슷함,10001,지수,69.7,지수,서울,비슷함,지수,2010년 8월
T242093131851096,MM,201008,60008,서울,50003,공급우위,10001,지수,20.6,지수,서울,공급우위,지수,2010년 8월
T242093131851096,MM,201008,60009,강북지역,50001,수요우위,10001,지수,4,지수,서울>강북지역,수요우위,지수,2010년 8월
T242093131851096,MM,201008,60009,강북지역,50002,비슷함,10001,지수,65,지수,서울>강북지역,비슷함,지수,2010년 8월
T242093131851096,MM,201008,60009,강북지역,50003,공급우위,10001,지수,31,지수,서울>강북지역,공급우위,지수,2010년 8월
T242093131851096,MM,201008,60013,강남지역,50001,수요우위,10001,지수,15.2,지수,서울>강남지역,수요우위,지수,2010년 8월
T242093131851096,MM,201008,60013,강남지역,50002,비슷함,10001,지수,74.3,지수,서울>강남지역,비슷함,지수,2010년 8월
T242093131851096,MM,201008,60013,강남지역,50003,공급우위,10001,지수,10.4,지수,서울>강남지역,공급우위,지수,2010년 8월
T242093131851096,MM,201008,60016,경기,50001,수요우위,10001,지수,4.3,지수,경기,수요우위,지수,2010년 8월
T242093131851096,MM,201008,60016,경기,50002,비슷함,10001,지수,83.4,지수,경기,비슷함,지수,2010년 8월
T242093131851096,MM,201008,60016,경기,50003,공급우위,10001,지수,12.3,지수,경기,공급우위,지수,2010년 8월
T242093131851096,MM,201008,60017,인천,50001,수요우위,10001,지수,8,지수,인천,수요우위,지수,2010년 8월
T242093131851096,MM,201008,60017,인천,50002,비슷함,10001,지수,92,지수,인천,비슷함,지수,2010년 8월
T242093131851096,MM,201008,60017,인천,50003,공급우위,10001,지수,0,지수,인천,공급우위,지수,2010년 8월
T242093131851096,MM,201008,60018,부산,50001,수요우위,10001,지수,,지수,부산,수요우위,지수,2010년 8월
T242093131851096,MM,201008,60018,부산,50002,비슷함,10001,지수,,지수,부산,비슷함,지수,2010년 8월
T242093131851096,MM,201008,60018,부산,50003,공급우위,10001,지수,,지수,부산,공급우위,지수,2010년 8월
T242093131851096,MM,201008,60022,대구,50001,수요우위,10001,지수,,지수,대구,수요우위,지수,2010년 8월
T242093131851096,MM,201008,60022,대구,50002,비슷함,10001,지수,,지수,대구,비슷함,지수,2010년 8월
T242093131851096,MM,201008,60022,대구,50003,공급우위,10001,지수,,지수,대구,공급우위,지수,2010년 8월
T242093131851096,MM,201008,60023,광주,50001,수요우위,10001,지수,,지수,광주,수요우위,지수,2010년 8월
T242093131851096,MM,201008,60023,광주,50002,비슷함,10001,지수,,지수,광주,비슷함,지수,2010년 8월
T242093131851096,MM,201008,60023,광주,50003,공급우위,10001,지수,,지수,광주,공급우위,지수,2010년 8월
T242093131851096,MM,201008,60024,대전,50001,수요우위,10001,지수,,지수,대전,수요우위,지수,2010년 8월
T242093131851096,MM,201008,60024,대전,50002,비슷함,10001,지수,,지수,대전,비슷함,지수,2010년 8월
T242093131851096,MM,201008,60024,대전,50003,공급우위,10001,지수,,지수,대전,공급우위,지수,2010년 8월
T242093131851096,MM,201008,60025,울산,50001,수요우위,10001,지수,,지수,울산,수요우위,지수,2010년 8월
T242093131851096,MM,201008,60025,울산,50002,비슷함,10001,지수,,지수,울산,비슷함,지수,2010년 8월
T242093131851096,MM,201008,60025,울산,50003,공급우위,10001,지수,,지수,울산,공급우위,지수,2010년 8월
T242093131851096,MM,201009,60001,8개시도,50001,수요우위,10001,지수,,지수,8개시도,수요우위,지수,2010년 9월
T242093131851096,MM,201009,60001,8개시도,50002,비슷함,10001,지수,,지수,8개시도,비슷함,지수,2010년 9월
T242093131851096,MM,201009,60001,8개시도,50003,공급우위,10001,지수,,지수,8개시도,공급우위,지수,2010년 9월
T242093131851096,MM,201009,60002,수도권,50001,수요우위,10001,지수,22.2,지수,수도권,수요우위,지수,2010년 9월
T242093131851096,MM,201009,60002,수도권,50002,비슷함,10001,지수,71.5,지수,수도권,비슷함,지수,2010년 9월
T242093131851096,MM,201009,60002,수도권,50003,공급우위,10001,지수,6.3,지수,수도권,공급우위,지수,2010년 9월
T242093131851096,MM,201009,60005,5대광역시,50001,수요우위,10001,지수,,지수,5대광역시,수요우위,지수,2010년 9월
T242093131851096,MM,201009,60005,5대광역시,50002,비슷함,10001,지수,,지수,5대광역시,비슷함,지수,2010년 9월
T242093131851096,MM,201009,60005,5대광역시,50003,공급우위,10001,지수,,지수,5대광역시,공급우위,지수,2010년 9월
T242093131851096,MM,201009,60008,서울,50001,수요우위,10001,지수,19.4,지수,서울,수요우위,지수,2010년 9월
T242093131851096,MM,201009,60008,서울,50002,비슷함,10001,지수,71.8,지수,서울,비슷함,지수,2010년 9월
T242093131851096,MM,201009,60008,서울,50003,공급우위,10001,지수,8.8,지수,서울,공급우위,지수,2010년 9월
T242093131851096,MM,201009,60009,강북지역,50001,수요우위,10001,지수,23.4,지수,서울>강북지역,수요우위,지수,2010년 9월
T242093131851096,MM,201009,60009,강북지역,50002,비슷함,10001,지수,60.5,지수,서울>강북지역,비슷함,지수,2010년 9월
T242093131851096,MM,201009,60009,강북지역,50003,공급우위,10001,지수,16.1,지수,서울>강북지역,공급우위,지수,2010년 9월
T242093131851096,MM,201009,60013,강남지역,50001,수요우위,10001,지수,15.4,지수,서울>강남지역,수요우위,지수,2010년 9월
T242093131851096,MM,201009,60013,강남지역,50002,비슷함,10001,지수,83.1,지수,서울>강남지역,비슷함,지수,2010년 9월
T242093131851096,MM,201009,60013,강남지역,50003,공급우위,10001,지수,1.5,지수,서울>강남지역,공급우위,지수,2010년 9월
T242093131851096,MM,201009,60016,경기,50001,수요우위,10001,지수,24.1,지수,경기,수요우위,지수,2010년 9월
T242093131851096,MM,201009,60016,경기,50002,비슷함,10001,지수,73.1,지수,경기,비슷함,지수,2010년 9월
T242093131851096,MM,201009,60016,경기,50003,공급우위,10001,지수,2.8,지수,경기,공급우위,지수,2010년 9월
T242093131851096,MM,201009,60017,인천,50001,수요우위,10001,지수,32,지수,인천,수요우위,지수,2010년 9월
T242093131851096,MM,201009,60017,인천,50002,비슷함,10001,지수,68,지수,인천,비슷함,지수,2010년 9월
T242093131851096,MM,201009,60017,인천,50003,공급우위,10001,지수,0,지수,인천,공급우위,지수,2010년 9월
T242093131851096,MM,201009,60018,부산,50001,수요우위,10001,지수,,지수,부산,수요우위,지수,2010년 9월
T242093131851096,MM,201009,60018,부산,50002,비슷함,10001,지수,,지수,부산,비슷함,지수,2010년 9월
T242093131851096,MM,201009,60018,부산,50003,공급우위,10001,지수,,지수,부산,공급우위,지수,2010년 9월
T242093131851096,MM,201009,60022,대구,50001,수요우위,10001,지수,,지수,대구,수요우위,지수,2010년 9월
T242093131851096,MM,201009,60022,대구,50002,비슷함,10001,지수,,지수,대구,비슷함,지수,2010년 9월
T242093131851096,MM,201009,60022,대구,50003,공급우위,10001,지수,,지수,대구,공급우위,지수,2010년 9월
T242093131851096,MM,201009,60023,광주,50001,수요우위,10001,지수,,지수,광주,수요우위,지수,2010년 9월
T242093131851096,MM,201009,60023,광주,50002,비슷함,10001,지수,,지수,광주,비슷함,지수,2010년 9월
T242093131851096,MM,201009,60023,광주,50003,공급우위,10001,지수,,지수,광주,공급우위,지수,2010년 9월
T242093131851096,MM,201009,60024,대전,50001,수요우위,10001,지수,,지수,대전,수요우위,지수,2010년 9월
T242093131851096,MM,201009,60024,대전,50002,비슷함,10001,지수,,지수,대전,비슷함,지수,2010년 9월
T242093131851096,MM,201009,60024,대전,50003,공급우위,10001,지수,,지수,대전,공급우위,지수,2010년 9월
T242093131851096,MM,201009,60025,울산,50001,수요우위,10001,지수,,지수,울산,수요우위,지수,2010년 9월
T242093131851096,MM,201009,60025,울산,50002,비슷함,10001,지수,,지수,울산,비슷함,지수,2010년 9월
T242093131851096,MM,201009,60025,울산,50003,공급우위,10001,지수,,지수,울산,공급우위,지수,2010년 9월
T242093131851096,MM,201010,60001,8개시도,50001,수요우위,10001,지수,,지수,8개시도,수요우위,지수,2010년 10월
T242093131851096,MM,201010,60001,8개시도,50002,비슷함,10001,지수,,지수,8개시도,비슷함,지수,2010년 10월
T242093131851096,MM,201010,60001,8개시도,50003,공급우위,10001,지수,,지수,8개시도,공급우위,지수,2010년 10월
T242093131851096,MM,201010,60002,수도권,50001,수요우위,10001,지수,31.1,지수,수도권,수요우위,지수,2010년 10월
T242093131851096,MM,201010,60002,수도권,50002,비슷함,10001,지수,55.5,지수,수도권,비슷함,지수,2010년 10월
T242093131851096,MM,201010,60002,수도권,50003,공급우위,10001,지수,13.4,지수,수도권,공급우위,지수,2010년 10월
T242093131851096,MM,201010,60005,5대광역시,50001,수요우위,10001,지수,,지수,5대광역시,수요우위,지수,2010년 10월
T242093131851096,MM,201010,60005,5대광역시,50002,비슷함,10001,지수,,지수,5대광역시,비슷함,지수,2010년 10월
T242093131851096,MM,201010,60005,5대광역시,50003,공급우위,10001,지수,,지수,5대광역시,공급우위,지수,2010년 10월
T242093131851096,MM,201010,60008,서울,50001,수요우위,10001,지수,32,지수,서울,수요우위,지수,2010년 10월
T242093131851096,MM,201010,60008,서울,50002,비슷함,10001,지수,50,지수,서울,비슷함,지수,2010년 10월
T242093131851096,MM,201010,60008,서울,50003,공급우위,10001,지수,18,지수,서울,공급우위,지수,2010년 10월
T242093131851096,MM,201010,60009,강북지역,50001,수요우위,10001,지수,19.8,지수,서울>강북지역,수요우위,지수,2010년 10월
T242093131851096,MM,201010,60009,강북지역,50002,비슷함,10001,지수,45.6,지수,서울>강북지역,비슷함,지수,2010년 10월
T242093131851096,MM,201010,60009,강북지역,50003,공급우위,10001,지수,34.7,지수,서울>강북지역,공급우위,지수,2010년 10월
T242093131851096,MM,201010,60013,강남지역,50001,수요우위,10001,지수,44.1,지수,서울>강남지역,수요우위,지수,2010년 10월
T242093131851096,MM,201010,60013,강남지역,50002,비슷함,10001,지수,54.4,지수,서울>강남지역,비슷함,지수,2010년 10월
T242093131851096,MM,201010,60013,강남지역,50003,공급우위,10001,지수,1.5,지수,서울>강남지역,공급우위,지수,2010년 10월
T242093131851096,MM,201010,60016,경기,50001,수요우위,10001,지수,36.9,지수,경기,수요우위,지수,2010년 10월
T242093131851096,MM,201010,60016,경기,50002,비슷함,10001,지수,57.8,지수,경기,비슷함,지수,2010년 10월
T242093131851096,MM,201010,60016,경기,50003,공급우위,10001,지수,5.3,지수,경기,공급우위,지수,2010년 10월
T242093131851096,MM,201010,60017,인천,50001,수요우위,10001,지수,18.4,지수,인천,수요우위,지수,2010년 10월
T242093131851096,MM,201010,60017,인천,50002,비슷함,10001,지수,78,지수,인천,비슷함,지수,2010년 10월
T242093131851096,MM,201010,60017,인천,50003,공급우위,10001,지수,3.5,지수,인천,공급우위,지수,2010년 10월
T242093131851096,MM,201010,60018,부산,50001,수요우위,10001,지수,,지수,부산,수요우위,지수,2010년 10월
T242093131851096,MM,201010,60018,부산,50002,비슷함,10001,지수,,지수,부산,비슷함,지수,2010년 10월
T242093131851096,MM,201010,60018,부산,50003,공급우위,10001,지수,,지수,부산,공급우위,지수,2010년 10월
T242093131851096,MM,201010,60022,대구,50001,수요우위,10001,지수,,지수,대구,수요우위,지수,2010년 10월
T242093131851096,MM,201010,60022,대구,50002,비슷함,10001,지수,,지수,대구,비슷함,지수,2010년 10월
T242093131851096,MM,201010,60022,대구,50003,공급우위,10001,지수,,지수,대구,공급우위,지수,2010년 10월
T242093131851096,MM,201010,60023,광주,50001,수요우위,10001,지수,,지수,광주,수요우위,지수,2010년 10월
T242093131851096,MM,201010,60023,광주,50002,비슷함,10001,지수,,지수,광주,비슷함,지수,2010년 10월
T242093131851096,MM,201010,60023,광주,50003,공급우위,10001,지수,,지수,광주,공급우위,지수,2010년 10월
T242093131851096,MM,201010,60024,대전,50001,수요우위,10001,지수,,지수,대전,수요우위,지수,2010년 10월
T242093131851096,MM,201010,60024,대전,50002,비슷함,10001,지수,,지수,대전,비슷함,지수,2010년 10월
T242093131851096,MM,201010,60024,대전,50003,공급우위,10001,지수,,지수,대전,공급우위,지수,2010년 10월
T242093131851096,MM,201010,60025,울산,50001,수요우위,10001,지수,,지수,울산,수요우위,지수,2010년 10월
T242093131851096,MM,201010,60025,울산,50002,비슷함,10001,지수,,지수,울산,비슷함,지수,2010년 10월
T242093131851096,MM,201010,60025,울산,50003,공급우위,10001,지수,,지수,울산,공급우위,지수,2010년 10월
T242093131851096,MM,201011,60001,8개시도,50001,수요우위,10001,지수,,지수,8개시도,수요우위,지수,2010년 11월
T242093131851096,MM,201011,60001,8개시도,50002,비슷함,10001,지수,,지수,8개시도,비슷함,지수,2010년 11월
T242093131851096,MM,201011,60001,8개시도,50003,공급우위,10001,지수,,지수,8개시도,공급우위,지수,2010년 11월
T242093131851096,MM,201011,60002,수도권,50001,수요우위,10001,지수,20.7,지수,수도권,수요우위,지수,2010년 11월
T242093131851096,MM,201011,60002,수도권,50002,비슷함,10001,지수,69.8,지수,수도권,비슷함,지수,2010년 11월
T242093131851096,MM,201011,60002,수도권,50003,공급우위,10001,지수,9.5,지수,수도권,공급우위,지수,2010년 11월
T242093131851096,MM,201011,60005,5대광역시,50001,수요우위,10001,지수,,지수,5대광역시,수요우위,지수,2010년 11월
T242093131851096,MM,201011,60005,5대광역시,50002,비슷함,10001,지수,,지수,5대광역시,비슷함,지수,2010년 11월
T242093131851096,MM,201011,60005,5대광역시,50003,공급우위,10001,지수,,지수,5대광역시,공급우위,지수,2010년 11월
T242093131851096,MM,201011,60008,서울,50001,수요우위,10001,지수,19.5,지수,서울,수요우위,지수,2010년 11월
T242093131851096,MM,201011,60008,서울,50002,비슷함,10001,지수,70.8,지수,서울,비슷함,지수,2010년 11월
T242093131851096,MM,201011,60008,서울,50003,공급우위,10001,지수,9.7,지수,서울,공급우위,지수,2010년 11월
T242093131851096,MM,201011,60009,강북지역,50001,수요우위,10001,지수,23.4,지수,서울>강북지역,수요우위,지수,2010년 11월
T242093131851096,MM,201011,60009,강북지역,50002,비슷함,10001,지수,57.1,지수,서울>강북지역,비슷함,지수,2010년 11월
T242093131851096,MM,201011,60009,강북지역,50003,공급우위,10001,지수,19.5,지수,서울>강북지역,공급우위,지수,2010년 11월
T242093131851096,MM,201011,60013,강남지역,50001,수요우위,10001,지수,15.7,지수,서울>강남지역,수요우위,지수,2010년 11월
T242093131851096,MM,201011,60013,강남지역,50002,비슷함,10001,지수,84.3,지수,서울>강남지역,비슷함,지수,2010년 11월
T242093131851096,MM,201011,60013,강남지역,50003,공급우위,10001,지수,0,지수,서울>강남지역,공급우위,지수,2010년 11월
T242093131851096,MM,201011,60016,경기,50001,수요우위,10001,지수,34,지수,경기,수요우위,지수,2010년 11월
T242093131851096,MM,201011,60016,경기,50002,비슷함,10001,지수,64.6,지수,경기,비슷함,지수,2010년 11월
T242093131851096,MM,201011,60016,경기,50003,공급우위,10001,지수,1.5,지수,경기,공급우위,지수,2010년 11월
T242093131851096,MM,201011,60017,인천,50001,수요우위,10001,지수,6.4,지수,인천,수요우위,지수,2010년 11월
T242093131851096,MM,201011,60017,인천,50002,비슷함,10001,지수,73,지수,인천,비슷함,지수,2010년 11월
T242093131851096,MM,201011,60017,인천,50003,공급우위,10001,지수,20.6,지수,인천,공급우위,지수,2010년 11월
T242093131851096,MM,201011,60018,부산,50001,수요우위,10001,지수,,지수,부산,수요우위,지수,2010년 11월
T242093131851096,MM,201011,60018,부산,50002,비슷함,10001,지수,,지수,부산,비슷함,지수,2010년 11월
T242093131851096,MM,201011,60018,부산,50003,공급우위,10001,지수,,지수,부산,공급우위,지수,2010년 11월
T242093131851096,MM,201011,60022,대구,50001,수요우위,10001,지수,,지수,대구,수요우위,지수,2010년 11월
T242093131851096,MM,201011,60022,대구,50002,비슷함,10001,지수,,지수,대구,비슷함,지수,2010년 11월
T242093131851096,MM,201011,60022,대구,50003,공급우위,10001,지수,,지수,대구,공급우위,지수,2010년 11월
T242093131851096,MM,201011,60023,광주,50001,수요우위,10001,지수,,지수,광주,수요우위,지수,2010년 11월
T242093131851096,MM,201011,60023,광주,50002,비슷함,10001,지수,,지수,광주,비슷함,지수,2010년 11월
T242093131851096,MM,201011,60023,광주,50003,공급우위,10001,지수,,지수,광주,공급우위,지수,2010년 11월
T242093131851096,MM,201011,60024,대전,50001,수요우위,10001,지수,,지수,대전,수요우위,지수,2010년 11월
T242093131851096,MM,201011,60024,대전,50002,비슷함,10001,지수,,지수,대전,비슷함,지수,2010년 11월
T242093131851096,MM,201011,60024,대전,50003,공급우위,10001,지수,,지수,대전,공급우위,지수,2010년 11월
T242093131851096,MM,201011,60025,울산,50001,수요우위,10001,지수,,지수,울산,수요우위,지수,2010년 11월
T242093131851096,MM,201011,60025,울산,50002,비슷함,10001,지수,,지수,울산,비슷함,지수,2010년 11월
T242093131851096,MM,201011,60025,울산,50003,공급우위,10001,지수,,지수,울산,공급우위,지수,2010년 11월
T242093131851096,MM,201012,60001,8개시도,50001,수요우위,10001,지수,,지수,8개시도,수요우위,지수,2010년 12월
T242093131851096,MM,201012,60001,8개시도,50002,비슷함,10001,지수,,지수,8개시도,비슷함,지수,2010년 12월
T242093131851096,MM,201012,60001,8개시도,50003,공급우위,10001,지수,,지수,8개시도,공급우위,지수,2010년 12월
T242093131851096,MM,201012,60002,수도권,50001,수요우위,10001,지수,23,지수,수도권,수요우위,지수,2010년 12월
T242093131851096,MM,201012,60002,수도권,50002,비슷함,10001,지수,58.7,지수,수도권,비슷함,지수,2010년 12월
T242093131851096,MM,201012,60002,수도권,50003,공급우위,10001,지수,18.3,지수,수도권,공급우위,지수,2010년 12월
T242093131851096,MM,201012,60005,5대광역시,50001,수요우위,10001,지수,,지수,5대광역시,수요우위,지수,2010년 12월
T242093131851096,MM,201012,60005,5대광역시,50002,비슷함,10001,지수,,지수,5대광역시,비슷함,지수,2010년 12월
T242093131851096,MM,201012,60005,5대광역시,50003,공급우위,10001,지수,,지수,5대광역시,공급우위,지수,2010년 12월
T242093131851096,MM,201012,60008,서울,50001,수요우위,10001,지수,22.9,지수,서울,수요우위,지수,2010년 12월
T242093131851096,MM,201012,60008,서울,50002,비슷함,10001,지수,58.7,지수,서울,비슷함,지수,2010년 12월
T242093131851096,MM,201012,60008,서울,50003,공급우위,10001,지수,18.4,지수,서울,공급우위,지수,2010년 12월
T242093131851096,MM,201012,60009,강북지역,50001,수요우위,10001,지수,17.9,지수,서울>강북지역,수요우위,지수,2010년 12월
T242093131851096,MM,201012,60009,강북지역,50002,비슷함,10001,지수,48.9,지수,서울>강북지역,비슷함,지수,2010년 12월
T242093131851096,MM,201012,60009,강북지역,50003,공급우위,10001,지수,33.1,지수,서울>강북지역,공급우위,지수,2010년 12월
T242093131851096,MM,201012,60013,강남지역,50001,수요우위,10001,지수,28,지수,서울>강남지역,수요우위,지수,2010년 12월
T242093131851096,MM,201012,60013,강남지역,50002,비슷함,10001,지수,68.4,지수,서울>강남지역,비슷함,지수,2010년 12월
T242093131851096,MM,201012,60013,강남지역,50003,공급우위,10001,지수,3.6,지수,서울>강남지역,공급우위,지수,2010년 12월
T242093131851096,MM,201012,60016,경기,50001,수요우위,10001,지수,33,지수,경기,수요우위,지수,2010년 12월
T242093131851096,MM,201012,60016,경기,50002,비슷함,10001,지수,61.7,지수,경기,비슷함,지수,2010년 12월
T242093131851096,MM,201012,60016,경기,50003,공급우위,10001,지수,5.3,지수,경기,공급우위,지수,2010년 12월
T242093131851096,MM,201012,60017,인천,50001,수요우위,10001,지수,8.5,지수,인천,수요우위,지수,2010년 12월
T242093131851096,MM,201012,60017,인천,50002,비슷함,10001,지수,54.6,지수,인천,비슷함,지수,2010년 12월
T242093131851096,MM,201012,60017,인천,50003,공급우위,10001,지수,36.9,지수,인천,공급우위,지수,2010년 12월
T242093131851096,MM,201012,60018,부산,50001,수요우위,10001,지수,,지수,부산,수요우위,지수,2010년 12월
T242093131851096,MM,201012,60018,부산,50002,비슷함,10001,지수,,지수,부산,비슷함,지수,2010년 12월
T242093131851096,MM,201012,60018,부산,50003,공급우위,10001,지수,,지수,부산,공급우위,지수,2010년 12월
T242093131851096,MM,201012,60022,대구,50001,수요우위,10001,지수,,지수,대구,수요우위,지수,2010년 12월
T242093131851096,MM,201012,60022,대구,50002,비슷함,10001,지수,,지수,대구,비슷함,지수,2010년 12월
T242093131851096,MM,201012,60022,대구,50003,공급우위,10001,지수,,지수,대구,공급우위,지수,2010년 12월
T242093131851096,MM,201012,60023,광주,50001,수요우위,10001,지수,,지수,광주,수요우위,지수,2010년 12월
T242093131851096,MM,201012,60023,광주,50002,비슷함,10001,지수,,지수,광주,비슷함,지수,2010년 12월
T242093131851096,MM,201012,60023,광주,50003,공급우위,10001,지수,,지수,광주,공급우위,지수,2010년 12월
T242093131851096,MM,201012,60024,대전,50001,수요우위,10001,지수,,지수,대전,수요우위,지수,2010년 12월
T242093131851096,MM,201012,60024,대전,50002,비슷함,10001,지수,,지수,대전,비슷함,지수,2010년 12월
T242093131851096,MM,201012,60024,대전,50003,공급우위,10001,지수,,지수,대전,공급우위,지수,2010년 12월
T242093131851096,MM,201012,60025,울산,50001,수요우위,10001,지수,,지수,울산,수요우위,지수,2010년 12월
T242093131851096,MM,201012,60025,울산,50002,비슷함,10001,지수,,지수,울산,비슷함,지수,2010년 12월
T242093131851096,MM,201012,60025,울산,50003,공급우위,10001,지수,,지수,울산,공급우위,지수,2010년 12월
T242093131851096,MM,201101,60001,8개시도,50001,수요우위,10001,지수,,지수,8개시도,수요우위,지수,2011년 1월
T242093131851096,MM,201101,60001,8개시도,50002,비슷함,10001,지수,,지수,8개시도,비슷함,지수,2011년 1월
T242093131851096,MM,201101,60001,8개시도,50003,공급우위,10001,지수,,지수,8개시도,공급우위,지수,2011년 1월
T242093131851096,MM,201101,60002,수도권,50001,수요우위,10001,지수,20.7,지수,수도권,수요우위,지수,2011년 1월
T242093131851096,MM,201101,60002,수도권,50002,비슷함,10001,지수,45.9,지수,수도권,비슷함,지수,2011년 1월
T242093131851096,MM,201101,60002,수도권,50003,공급우위,10001,지수,33.4,지수,수도권,공급우위,지수,2011년 1월
T242093131851096,MM,201101,60005,5대광역시,50001,수요우위,10001,지수,,지수,5대광역시,수요우위,지수,2011년 1월
T242093131851096,MM,201101,60005,5대광역시,50002,비슷함,10001,지수,,지수,5대광역시,비슷함,지수,2011년 1월
T242093131851096,MM,201101,60005,5대광역시,50003,공급우위,10001,지수,,지수,5대광역시,공급우위,지수,2011년 1월
T242093131851096,MM,201101,60008,서울,50001,수요우위,10001,지수,22.2,지수,서울,수요우위,지수,2011년 1월
T242093131851096,MM,201101,60008,서울,50002,비슷함,10001,지수,44,지수,서울,비슷함,지수,2011년 1월
T242093131851096,MM,201101,60008,서울,50003,공급우위,10001,지수,33.8,지수,서울,공급우위,지수,2011년 1월
T242093131851096,MM,201101,60009,강북지역,50001,수요우위,10001,지수,17.9,지수,서울>강북지역,수요우위,지수,2011년 1월
T242093131851096,MM,201101,60009,강북지역,50002,비슷함,10001,지수,17.6,지수,서울>강북지역,비슷함,지수,2011년 1월
T242093131851096,MM,201101,60009,강북지역,50003,공급우위,10001,지수,64.4,지수,서울>강북지역,공급우위,지수,2011년 1월
T242093131851096,MM,201101,60013,강남지역,50001,수요우위,10001,지수,26.7,지수,서울>강남지역,수요우위,지수,2011년 1월
T242093131851096,MM,201101,60013,강남지역,50002,비슷함,10001,지수,72.3,지수,서울>강남지역,비슷함,지수,2011년 1월
T242093131851096,MM,201101,60013,강남지역,50003,공급우위,10001,지수,1,지수,서울>강남지역,공급우위,지수,2011년 1월
T242093131851096,MM,201101,60016,경기,50001,수요우위,10001,지수,28.9,지수,경기,수요우위,지수,2011년 1월
T242093131851096,MM,201101,60016,경기,50002,비슷함,10001,지수,64.2,지수,경기,비슷함,지수,2011년 1월
T242093131851096,MM,201101,60016,경기,50003,공급우위,10001,지수,6.9,지수,경기,공급우위,지수,2011년 1월
T242093131851096,MM,201101,60017,인천,50001,수요우위,10001,지수,2.1,지수,인천,수요우위,지수,2011년 1월
T242093131851096,MM,201101,60017,인천,50002,비슷함,10001,지수,27.7,지수,인천,비슷함,지수,2011년 1월
T242093131851096,MM,201101,60017,인천,50003,공급우위,10001,지수,70.2,지수,인천,공급우위,지수,2011년 1월
T242093131851096,MM,201101,60018,부산,50001,수요우위,10001,지수,,지수,부산,수요우위,지수,2011년 1월
T242093131851096,MM,201101,60018,부산,50002,비슷함,10001,지수,,지수,부산,비슷함,지수,2011년 1월
T242093131851096,MM,201101,60018,부산,50003,공급우위,10001,지수,,지수,부산,공급우위,지수,2011년 1월
T242093131851096,MM,201101,60022,대구,50001,수요우위,10001,지수,,지수,대구,수요우위,지수,2011년 1월
T242093131851096,MM,201101,60022,대구,50002,비슷함,10001,지수,,지수,대구,비슷함,지수,2011년 1월
T242093131851096,MM,201101,60022,대구,50003,공급우위,10001,지수,,지수,대구,공급우위,지수,2011년 1월
T242093131851096,MM,201101,60023,광주,50001,수요우위,10001,지수,,지수,광주,수요우위,지수,2011년 1월
T242093131851096,MM,201101,60023,광주,50002,비슷함,10001,지수,,지수,광주,비슷함,지수,2011년 1월
T242093131851096,MM,201101,60023,광주,50003,공급우위,10001,지수,,지수,광주,공급우위,지수,2011년 1월
T242093131851096,MM,201101,60024,대전,50001,수요우위,10001,지수,,지수,대전,수요우위,지수,2011년 1월
T242093131851096,MM,201101,60024,대전,50002,비슷함,10001,지수,,지수,대전,비슷함,지수,2011년 1월
T242093131851096,MM,201101,60024,대전,50003,공급우위,10001,지수,,지수,대전,공급우위,지수,2011년 1월
T242093131851096,MM,201101,60025,울산,50001,수요우위,10001,지수,,지수,울산,수요우위,지수,2011년 1월
T242093131851096,MM,201101,60025,울산,50002,비슷함,10001,지수,,지수,울산,비슷함,지수,2011년 1월
T242093131851096,MM,201101,60025,울산,50003,공급우위,10001,지수,,지수,울산,공급우위,지수,2011년 1월
T242093131851096,MM,201102,60001,8개시도,50001,수요우위,10001,지수,,지수,8개시도,수요우위,지수,2011년 2월
T242093131851096,MM,201102,60001,8개시도,50002,비슷함,10001,지수,,지수,8개시도,비슷함,지수,2011년 2월
T242093131851096,MM,201102,60001,8개시도,50003,공급우위,10001,지수,,지수,8개시도,공급우위,지수,2011년 2월
T242093131851096,MM,201102,60002,수도권,50001,수요우위,10001,지수,15.4,지수,수도권,수요우위,지수,2011년 2월
T242093131851096,MM,201102,60002,수도권,50002,비슷함,10001,지수,59.7,지수,수도권,비슷함,지수,2011년 2월
T242093131851096,MM,201102,60002,수도권,50003,공급우위,10001,지수,24.8,지수,수도권,공급우위,지수,2011년 2월
T242093131851096,MM,201102,60005,5대광역시,50001,수요우위,10001,지수,,지수,5대광역시,수요우위,지수,2011년 2월
T242093131851096,MM,201102,60005,5대광역시,50002,비슷함,10001,지수,,지수,5대광역시,비슷함,지수,2011년 2월
T242093131851096,MM,201102,60005,5대광역시,50003,공급우위,10001,지수,,지수,5대광역시,공급우위,지수,2011년 2월
T242093131851096,MM,201102,60008,서울,50001,수요우위,10001,지수,15.3,지수,서울,수요우위,지수,2011년 2월
T242093131851096,MM,201102,60008,서울,50002,비슷함,10001,지수,58.1,지수,서울,비슷함,지수,2011년 2월
T242093131851096,MM,201102,60008,서울,50003,공급우위,10001,지수,26.5,지수,서울,공급우위,지수,2011년 2월
T242093131851096,MM,201102,60009,강북지역,50001,수요우위,10001,지수,4,지수,서울>강북지역,수요우위,지수,2011년 2월
T242093131851096,MM,201102,60009,강북지역,50002,비슷함,10001,지수,48.5,지수,서울>강북지역,비슷함,지수,2011년 2월
T242093131851096,MM,201102,60009,강북지역,50003,공급우위,10001,지수,47.5,지수,서울>강북지역,공급우위,지수,2011년 2월
T242093131851096,MM,201102,60013,강남지역,50001,수요우위,10001,지수,27.4,지수,서울>강남지역,수요우위,지수,2011년 2월
T242093131851096,MM,201102,60013,강남지역,50002,비슷함,10001,지수,68.4,지수,서울>강남지역,비슷함,지수,2011년 2월
T242093131851096,MM,201102,60013,강남지역,50003,공급우위,10001,지수,4.2,지수,서울>강남지역,공급우위,지수,2011년 2월
T242093131851096,MM,201102,60016,경기,50001,수요우위,10001,지수,22.5,지수,경기,수요우위,지수,2011년 2월
T242093131851096,MM,201102,60016,경기,50002,비슷함,10001,지수,68.6,지수,경기,비슷함,지수,2011년 2월
T242093131851096,MM,201102,60016,경기,50003,공급우위,10001,지수,8.8,지수,경기,공급우위,지수,2011년 2월
T242093131851096,MM,201102,60017,인천,50001,수요우위,10001,지수,5.7,지수,인천,수요우위,지수,2011년 2월
T242093131851096,MM,201102,60017,인천,50002,비슷함,10001,지수,53.9,지수,인천,비슷함,지수,2011년 2월
T242093131851096,MM,201102,60017,인천,50003,공급우위,10001,지수,40.4,지수,인천,공급우위,지수,2011년 2월
T242093131851096,MM,201102,60018,부산,50001,수요우위,10001,지수,,지수,부산,수요우위,지수,2011년 2월
T242093131851096,MM,201102,60018,부산,50002,비슷함,10001,지수,,지수,부산,비슷함,지수,2011년 2월
T242093131851096,MM,201102,60018,부산,50003,공급우위,10001,지수,,지수,부산,공급우위,지수,2011년 2월
T242093131851096,MM,201102,60022,대구,50001,수요우위,10001,지수,,지수,대구,수요우위,지수,2011년 2월
T242093131851096,MM,201102,60022,대구,50002,비슷함,10001,지수,,지수,대구,비슷함,지수,2011년 2월
T242093131851096,MM,201102,60022,대구,50003,공급우위,10001,지수,,지수,대구,공급우위,지수,2011년 2월
T242093131851096,MM,201102,60023,광주,50001,수요우위,10001,지수,,지수,광주,수요우위,지수,2011년 2월
T242093131851096,MM,201102,60023,광주,50002,비슷함,10001,지수,,지수,광주,비슷함,지수,2011년 2월
T242093131851096,MM,201102,60023,광주,50003,공급우위,10001,지수,,지수,광주,공급우위,지수,2011년 2월
T242093131851096,MM,201102,60024,대전,50001,수요우위,10001,지수,,지수,대전,수요우위,지수,2011년 2월
T242093131851096,MM,201102,60024,대전,50002,비슷함,10001,지수,,지수,대전,비슷함,지수,2011년 2월
T242093131851096,MM,201102,60024,대전,50003,공급우위,10001,지수,,지수,대전,공급우위,지수,2011년 2월
T242093131851096,MM,201102,60025,울산,50001,수요우위,10001,지수,,지수,울산,수요우위,지수,2011년 2월
T242093131851096,MM,201102,60025,울산,50002,비슷함,10001,지수,,지수,울산,비슷함,지수,2011년 2월
T242093131851096,MM,201102,60025,울산,50003,공급우위,10001,지수,,지수,울산,공급우위,지수,2011년 2월
T242093131851096,MM,201103,60001,8개시도,50001,수요우위,10001,지수,,지수,8개시도,수요우위,지수,2011년 3월
T242093131851096,MM,201103,60001,8개시도,50002,비슷함,10001,지수,,지수,8개시도,비슷함,지수,2011년 3월
T242093131851096,MM,201103,60001,8개시도,50003,공급우위,10001,지수,,지수,8개시도,공급우위,지수,2011년 3월
T242093131851096,MM,201103,60002,수도권,50001,수요우위,10001,지수,9.6,지수,수도권,수요우위,지수,2011년 3월
T242093131851096,MM,201103,60002,수도권,50002,비슷함,10001,지수,69.6,지수,수도권,비슷함,지수,2011년 3월
T242093131851096,MM,201103,60002,수도권,50003,공급우위,10001,지수,20.7,지수,수도권,공급우위,지수,2011년 3월
T242093131851096,MM,201103,60005,5대광역시,50001,수요우위,10001,지수,,지수,5대광역시,수요우위,지수,2011년 3월
T242093131851096,MM,201103,60005,5대광역시,50002,비슷함,10001,지수,,지수,5대광역시,비슷함,지수,2011년 3월
T242093131851096,MM,201103,60005,5대광역시,50003,공급우위,10001,지수,,지수,5대광역시,공급우위,지수,2011년 3월
T242093131851096,MM,201103,60008,서울,50001,수요우위,10001,지수,8.5,지수,서울,수요우위,지수,2011년 3월
T242093131851096,MM,201103,60008,서울,50002,비슷함,10001,지수,70.4,지수,서울,비슷함,지수,2011년 3월
T242093131851096,MM,201103,60008,서울,50003,공급우위,10001,지수,21.1,지수,서울,공급우위,지수,2011년 3월
T242093131851096,MM,201103,60009,강북지역,50001,수요우위,10001,지수,7.1,지수,서울>강북지역,수요우위,지수,2011년 3월
T242093131851096,MM,201103,60009,강북지역,50002,비슷함,10001,지수,60.9,지수,서울>강북지역,비슷함,지수,2011년 3월
T242093131851096,MM,201103,60009,강북지역,50003,공급우위,10001,지수,32,지수,서울>강북지역,공급우위,지수,2011년 3월
T242093131851096,MM,201103,60013,강남지역,50001,수요우위,10001,지수,10.1,지수,서울>강남지역,수요우위,지수,2011년 3월
T242093131851096,MM,201103,60013,강남지역,50002,비슷함,10001,지수,80.7,지수,서울>강남지역,비슷함,지수,2011년 3월
T242093131851096,MM,201103,60013,강남지역,50003,공급우위,10001,지수,9.1,지수,서울>강남지역,공급우위,지수,2011년 3월
T242093131851096,MM,201103,60016,경기,50001,수요우위,10001,지수,13.9,지수,경기,수요우위,지수,2011년 3월
T242093131851096,MM,201103,60016,경기,50002,비슷함,10001,지수,74.8,지수,경기,비슷함,지수,2011년 3월
T242093131851096,MM,201103,60016,경기,50003,공급우위,10001,지수,11.4,지수,경기,공급우위,지수,2011년 3월
T242093131851096,MM,201103,60017,인천,50001,수요우위,10001,지수,8.5,지수,인천,수요우위,지수,2011년 3월
T242093131851096,MM,201103,60017,인천,50002,비슷함,10001,지수,58.9,지수,인천,비슷함,지수,2011년 3월
T242093131851096,MM,201103,60017,인천,50003,공급우위,10001,지수,32.6,지수,인천,공급우위,지수,2011년 3월
T242093131851096,MM,201103,60018,부산,50001,수요우위,10001,지수,,지수,부산,수요우위,지수,2011년 3월
T242093131851096,MM,201103,60018,부산,50002,비슷함,10001,지수,,지수,부산,비슷함,지수,2011년 3월
T242093131851096,MM,201103,60018,부산,50003,공급우위,10001,지수,,지수,부산,공급우위,지수,2011년 3월
T242093131851096,MM,201103,60022,대구,50001,수요우위,10001,지수,,지수,대구,수요우위,지수,2011년 3월
T242093131851096,MM,201103,60022,대구,50002,비슷함,10001,지수,,지수,대구,비슷함,지수,2011년 3월
T242093131851096,MM,201103,60022,대구,50003,공급우위,10001,지수,,지수,대구,공급우위,지수,2011년 3월
T242093131851096,MM,201103,60023,광주,50001,수요우위,10001,지수,,지수,광주,수요우위,지수,2011년 3월
T242093131851096,MM,201103,60023,광주,50002,비슷함,10001,지수,,지수,광주,비슷함,지수,2011년 3월
T242093131851096,MM,201103,60023,광주,50003,공급우위,10001,지수,,지수,광주,공급우위,지수,2011년 3월
T242093131851096,MM,201103,60024,대전,50001,수요우위,10001,지수,,지수,대전,수요우위,지수,2011년 3월
T242093131851096,MM,201103,60024,대전,50002,비슷함,10001,지수,,지수,대전,비슷함,지수,2011년 3월
T242093131851096,MM,201103,60024,대전,50003,공급우위,10001,지수,,지수,대전,공급우위,지수,2011년 3월
T242093131851096,MM,201103,60025,울산,50001,수요우위,10001,지수,,지수,울산,수요우위,지수,2011년 3월
T242093131851096,MM,201103,60025,울산,50002,비슷함,10001,지수,,지수,울산,비슷함,지수,2011년 3월
T242093131851096,MM,201103,60025,울산,50003,공급우위,10001,지수,,지수,울산,공급우위,지수,2011년 3월
T242093131851096,MM,201104,60001,8개시도,50001,수요우위,10001,지수,,지수,8개시도,수요우위,지수,2011년 4월
T242093131851096,MM,201104,60001,8개시도,50002,비슷함,10001,지수,,지수,8개시도,비슷함,지수,2011년 4월
T242093131851096,MM,201104,60001,8개시도,50003,공급우위,10001,지수,,지수,8개시도,공급우위,지수,2011년 4월
T242093131851096,MM,201104,60002,수도권,50001,수요우위,10001,지수,5.8,지수,수도권,수요우위,지수,2011년 4월
T242093131851096,MM,201104,60002,수도권,50002,비슷함,10001,지수,70.6,지수,수도권,비슷함,지수,2011년 4월
T242093131851096,MM,201104,60002,수도권,50003,공급우위,10001,지수,23.7,지수,수도권,공급우위,지수,2011년 4월
T242093131851096,MM,201104,60005,5대광역시,50001,수요우위,10001,지수,,지수,5대광역시,수요우위,지수,2011년 4월
T242093131851096,MM,201104,60005,5대광역시,50002,비슷함,10001,지수,,지수,5대광역시,비슷함,지수,2011년 4월
T242093131851096,MM,201104,60005,5대광역시,50003,공급우위,10001,지수,,지수,5대광역시,공급우위,지수,2011년 4월
T242093131851096,MM,201104,60008,서울,50001,수요우위,10001,지수,6.3,지수,서울,수요우위,지수,2011년 4월
T242093131851096,MM,201104,60008,서울,50002,비슷함,10001,지수,70.2,지수,서울,비슷함,지수,2011년 4월
T242093131851096,MM,201104,60008,서울,50003,공급우위,10001,지수,23.6,지수,서울,공급우위,지수,2011년 4월
T242093131851096,MM,201104,60009,강북지역,50001,수요우위,10001,지수,0,지수,서울>강북지역,수요우위,지수,2011년 4월
T242093131851096,MM,201104,60009,강북지역,50002,비슷함,10001,지수,69.8,지수,서울>강북지역,비슷함,지수,2011년 4월
T242093131851096,MM,201104,60009,강북지역,50003,공급우위,10001,지수,30.2,지수,서울>강북지역,공급우위,지수,2011년 4월
T242093131851096,MM,201104,60013,강남지역,50001,수요우위,10001,지수,13.2,지수,서울>강남지역,수요우위,지수,2011년 4월
T242093131851096,MM,201104,60013,강남지역,50002,비슷함,10001,지수,70.6,지수,서울>강남지역,비슷함,지수,2011년 4월
T242093131851096,MM,201104,60013,강남지역,50003,공급우위,10001,지수,16.2,지수,서울>강남지역,공급우위,지수,2011년 4월
T242093131851096,MM,201104,60016,경기,50001,수요우위,10001,지수,3.6,지수,경기,수요우위,지수,2011년 4월
T242093131851096,MM,201104,60016,경기,50002,비슷함,10001,지수,86.4,지수,경기,비슷함,지수,2011년 4월
T242093131851096,MM,201104,60016,경기,50003,공급우위,10001,지수,10.1,지수,경기,공급우위,지수,2011년 4월
T242093131851096,MM,201104,60017,인천,50001,수요우위,10001,지수,6.4,지수,인천,수요우위,지수,2011년 4월
T242093131851096,MM,201104,60017,인천,50002,비슷함,10001,지수,53.2,지수,인천,비슷함,지수,2011년 4월
T242093131851096,MM,201104,60017,인천,50003,공급우위,10001,지수,40.4,지수,인천,공급우위,지수,2011년 4월
T242093131851096,MM,201104,60018,부산,50001,수요우위,10001,지수,,지수,부산,수요우위,지수,2011년 4월
T242093131851096,MM,201104,60018,부산,50002,비슷함,10001,지수,,지수,부산,비슷함,지수,2011년 4월
T242093131851096,MM,201104,60018,부산,50003,공급우위,10001,지수,,지수,부산,공급우위,지수,2011년 4월
T242093131851096,MM,201104,60022,대구,50001,수요우위,10001,지수,,지수,대구,수요우위,지수,2011년 4월
T242093131851096,MM,201104,60022,대구,50002,비슷함,10001,지수,,지수,대구,비슷함,지수,2011년 4월
T242093131851096,MM,201104,60022,대구,50003,공급우위,10001,지수,,지수,대구,공급우위,지수,2011년 4월
T242093131851096,MM,201104,60023,광주,50001,수요우위,10001,지수,,지수,광주,수요우위,지수,2011년 4월
T242093131851096,MM,201104,60023,광주,50002,비슷함,10001,지수,,지수,광주,비슷함,지수,2011년 4월
T242093131851096,MM,201104,60023,광주,50003,공급우위,10001,지수,,지수,광주,공급우위,지수,2011년 4월
T242093131851096,MM,201104,60024,대전,50001,수요우위,10001,지수,,지수,대전,수요우위,지수,2011년 4월
T242093131851096,MM,201104,60024,대전,50002,비슷함,10001,지수,,지수,대전,비슷함,지수,2011년 4월
T242093131851096,MM,201104,60024,대전,50003,공급우위,10001,지수,,지수,대전,공급우위,지수,2011년 4월
T242093131851096,MM,201104,60025,울산,50001,수요우위,10001,지수,,지수,울산,수요우위,지수,2011년 4월
T242093131851096,MM,201104,60025,울산,50002,비슷함,10001,지수,,지수,울산,비슷함,지수,2011년 4월
T242093131851096,MM,201104,60025,울산,50003,공급우위,10001,지수,,지수,울산,공급우위,지수,2011년 4월
T242093131851096,MM,201105,60001,8개시도,50001,수요우위,10001,지수,,지수,8개시도,수요우위,지수,2011년 5월
T242093131851096,MM,201105,60001,8개시도,50002,비슷함,10001,지수,,지수,8개시도,비슷함,지수,2011년 5월
T242093131851096,MM,201105,60001,8개시도,50003,공급우위,10001,지수,,지수,8개시도,공급우위,지수,2011년 5월
T242093131851096,MM,201105,60002,수도권,50001,수요우위,10001,지수,6,지수,수도권,수요우위,지수,2011년 5월
T242093131851096,MM,201105,60002,수도권,50002,비슷함,10001,지수,65.8,지수,수도권,비슷함,지수,2011년 5월
T242093131851096,MM,201105,60002,수도권,50003,공급우위,10001,지수,28.2,지수,수도권,공급우위,지수,2011년 5월
T242093131851096,MM,201105,60005,5대광역시,50001,수요우위,10001,지수,,지수,5대광역시,수요우위,지수,2011년 5월
T242093131851096,MM,201105,60005,5대광역시,50002,비슷함,10001,지수,,지수,5대광역시,비슷함,지수,2011년 5월
T242093131851096,MM,201105,60005,5대광역시,50003,공급우위,10001,지수,,지수,5대광역시,공급우위,지수,2011년 5월
T242093131851096,MM,201105,60008,서울,50001,수요우위,10001,지수,5.9,지수,서울,수요우위,지수,2011년 5월
T242093131851096,MM,201105,60008,서울,50002,비슷함,10001,지수,64.4,지수,서울,비슷함,지수,2011년 5월
T242093131851096,MM,201105,60008,서울,50003,공급우위,10001,지수,29.6,지수,서울,공급우위,지수,2011년 5월
T242093131851096,MM,201105,60009,강북지역,50001,수요우위,10001,지수,0.9,지수,서울>강북지역,수요우위,지수,2011년 5월
T242093131851096,MM,201105,60009,강북지역,50002,비슷함,10001,지수,46.3,지수,서울>강북지역,비슷함,지수,2011년 5월
T242093131851096,MM,201105,60009,강북지역,50003,공급우위,10001,지수,52.7,지수,서울>강북지역,공급우위,지수,2011년 5월
T242093131851096,MM,201105,60013,강남지역,50001,수요우위,10001,지수,11.5,지수,서울>강남지역,수요우위,지수,2011년 5월
T242093131851096,MM,201105,60013,강남지역,50002,비슷함,10001,지수,84.5,지수,서울>강남지역,비슷함,지수,2011년 5월
T242093131851096,MM,201105,60013,강남지역,50003,공급우위,10001,지수,4.1,지수,서울>강남지역,공급우위,지수,2011년 5월
T242093131851096,MM,201105,60016,경기,50001,수요우위,10001,지수,1.5,지수,경기,수요우위,지수,2011년 5월
T242093131851096,MM,201105,60016,경기,50002,비슷함,10001,지수,80.7,지수,경기,비슷함,지수,2011년 5월
T242093131851096,MM,201105,60016,경기,50003,공급우위,10001,지수,17.8,지수,경기,공급우위,지수,2011년 5월
T242093131851096,MM,201105,60017,인천,50001,수요우위,10001,지수,12.8,지수,인천,수요우위,지수,2011년 5월
T242093131851096,MM,201105,60017,인천,50002,비슷함,10001,지수,50.4,지수,인천,비슷함,지수,2011년 5월
T242093131851096,MM,201105,60017,인천,50003,공급우위,10001,지수,36.9,지수,인천,공급우위,지수,2011년 5월
T242093131851096,MM,201105,60018,부산,50001,수요우위,10001,지수,,지수,부산,수요우위,지수,2011년 5월
T242093131851096,MM,201105,60018,부산,50002,비슷함,10001,지수,,지수,부산,비슷함,지수,2011년 5월
T242093131851096,MM,201105,60018,부산,50003,공급우위,10001,지수,,지수,부산,공급우위,지수,2011년 5월
T242093131851096,MM,201105,60022,대구,50001,수요우위,10001,지수,,지수,대구,수요우위,지수,2011년 5월
T242093131851096,MM,201105,60022,대구,50002,비슷함,10001,지수,,지수,대구,비슷함,지수,2011년 5월
T242093131851096,MM,201105,60022,대구,50003,공급우위,10001,지수,,지수,대구,공급우위,지수,2011년 5월
T242093131851096,MM,201105,60023,광주,50001,수요우위,10001,지수,,지수,광주,수요우위,지수,2011년 5월
T242093131851096,MM,201105,60023,광주,50002,비슷함,10001,지수,,지수,광주,비슷함,지수,2011년 5월
T242093131851096,MM,201105,60023,광주,50003,공급우위,10001,지수,,지수,광주,공급우위,지수,2011년 5월
T242093131851096,MM,201105,60024,대전,50001,수요우위,10001,지수,,지수,대전,수요우위,지수,2011년 5월
T242093131851096,MM,201105,60024,대전,50002,비슷함,10001,지수,,지수,대전,비슷함,지수,2011년 5월
T242093131851096,MM,201105,60024,대전,50003,공급우위,10001,지수,,지수,대전,공급우위,지수,2011년 5월
T242093131851096,MM,201105,60025,울산,50001,수요우위,10001,지수,,지수,울산,수요우위,지수,2011년 5월
T242093131851096,MM,201105,60025,울산,50002,비슷함,10001,지수,,지수,울산,비슷함,지수,2011년 5월
T242093131851096,MM,201105,60025,울산,50003,공급우위,10001,지수,,지수,울산,공급우위,지수,2011년 5월
T242093131851096,MM,201106,60001,8개시도,50001,수요우위,10001,지수,,지수,8개시도,수요우위,지수,2011년 6월
T242093131851096,MM,201106,60001,8개시도,50002,비슷함,10001,지수,,지수,8개시도,비슷함,지수,2011년 6월
T242093131851096,MM,201106,60001,8개시도,50003,공급우위,10001,지수,,지수,8개시도,공급우위,지수,2011년 6월
T242093131851096,MM,201106,60002,수도권,50001,수요우위,10001,지수,9.1,지수,수도권,수요우위,지수,2011년 6월
T242093131851096,MM,201106,60002,수도권,50002,비슷함,10001,지수,75.2,지수,수도권,비슷함,지수,2011년 6월
T242093131851096,MM,201106,60002,수도권,50003,공급우위,10001,지수,15.7,지수,수도권,공급우위,지수,2011년 6월
T242093131851096,MM,201106,60005,5대광역시,50001,수요우위,10001,지수,,지수,5대광역시,수요우위,지수,2011년 6월
T242093131851096,MM,201106,60005,5대광역시,50002,비슷함,10001,지수,,지수,5대광역시,비슷함,지수,2011년 6월
T242093131851096,MM,201106,60005,5대광역시,50003,공급우위,10001,지수,,지수,5대광역시,공급우위,지수,2011년 6월
T242093131851096,MM,201106,60008,서울,50001,수요우위,10001,지수,11.2,지수,서울,수요우위,지수,2011년 6월
T242093131851096,MM,201106,60008,서울,50002,비슷함,10001,지수,78.5,지수,서울,비슷함,지수,2011년 6월
T242093131851096,MM,201106,60008,서울,50003,공급우위,10001,지수,10.3,지수,서울,공급우위,지수,2011년 6월
T242093131851096,MM,201106,60009,강북지역,50001,수요우위,10001,지수,3,지수,서울>강북지역,수요우위,지수,2011년 6월
T242093131851096,MM,201106,60009,강북지역,50002,비슷함,10001,지수,77.4,지수,서울>강북지역,비슷함,지수,2011년 6월
T242093131851096,MM,201106,60009,강북지역,50003,공급우위,10001,지수,19.5,지수,서울>강북지역,공급우위,지수,2011년 6월
T242093131851096,MM,201106,60013,강남지역,50001,수요우위,10001,지수,20.3,지수,서울>강남지역,수요우위,지수,2011년 6월
T242093131851096,MM,201106,60013,강남지역,50002,비슷함,10001,지수,79.7,지수,서울>강남지역,비슷함,지수,2011년 6월
T242093131851096,MM,201106,60013,강남지역,50003,공급우위,10001,지수,0,지수,서울>강남지역,공급우위,지수,2011년 6월
T242093131851096,MM,201106,60016,경기,50001,수요우위,10001,지수,7.4,지수,경기,수요우위,지수,2011년 6월
T242093131851096,MM,201106,60016,경기,50002,비슷함,10001,지수,82.7,지수,경기,비슷함,지수,2011년 6월
T242093131851096,MM,201106,60016,경기,50003,공급우위,10001,지수,9.9,지수,경기,공급우위,지수,2011년 6월
T242093131851096,MM,201106,60017,인천,50001,수요우위,10001,지수,2.1,지수,인천,수요우위,지수,2011년 6월
T242093131851096,MM,201106,60017,인천,50002,비슷함,10001,지수,49.6,지수,인천,비슷함,지수,2011년 6월
T242093131851096,MM,201106,60017,인천,50003,공급우위,10001,지수,48.2,지수,인천,공급우위,지수,2011년 6월
T242093131851096,MM,201106,60018,부산,50001,수요우위,10001,지수,,지수,부산,수요우위,지수,2011년 6월
T242093131851096,MM,201106,60018,부산,50002,비슷함,10001,지수,,지수,부산,비슷함,지수,2011년 6월
T242093131851096,MM,201106,60018,부산,50003,공급우위,10001,지수,,지수,부산,공급우위,지수,2011년 6월
T242093131851096,MM,201106,60022,대구,50001,수요우위,10001,지수,,지수,대구,수요우위,지수,2011년 6월
T242093131851096,MM,201106,60022,대구,50002,비슷함,10001,지수,,지수,대구,비슷함,지수,2011년 6월
T242093131851096,MM,201106,60022,대구,50003,공급우위,10001,지수,,지수,대구,공급우위,지수,2011년 6월
T242093131851096,MM,201106,60023,광주,50001,수요우위,10001,지수,,지수,광주,수요우위,지수,2011년 6월
T242093131851096,MM,201106,60023,광주,50002,비슷함,10001,지수,,지수,광주,비슷함,지수,2011년 6월
T242093131851096,MM,201106,60023,광주,50003,공급우위,10001,지수,,지수,광주,공급우위,지수,2011년 6월
T242093131851096,MM,201106,60024,대전,50001,수요우위,10001,지수,,지수,대전,수요우위,지수,2011년 6월
T242093131851096,MM,201106,60024,대전,50002,비슷함,10001,지수,,지수,대전,비슷함,지수,2011년 6월
T242093131851096,MM,201106,60024,대전,50003,공급우위,10001,지수,,지수,대전,공급우위,지수,2011년 6월
T242093131851096,MM,201106,60025,울산,50001,수요우위,10001,지수,,지수,울산,수요우위,지수,2011년 6월
T242093131851096,MM,201106,60025,울산,50002,비슷함,10001,지수,,지수,울산,비슷함,지수,2011년 6월
T242093131851096,MM,201106,60025,울산,50003,공급우위,10001,지수,,지수,울산,공급우위,지수,2011년 6월
T242093131851096,MM,201107,60001,8개시도,50001,수요우위,10001,지수,,지수,8개시도,수요우위,지수,2011년 7월
T242093131851096,MM,201107,60001,8개시도,50002,비슷함,10001,지수,,지수,8개시도,비슷함,지수,2011년 7월
T242093131851096,MM,201107,60001,8개시도,50003,공급우위,10001,지수,,지수,8개시도,공급우위,지수,2011년 7월
T242093131851096,MM,201107,60002,수도권,50001,수요우위,10001,지수,5,지수,수도권,수요우위,지수,2011년 7월
T242093131851096,MM,201107,60002,수도권,50002,비슷함,10001,지수,64.8,지수,수도권,비슷함,지수,2011년 7월
T242093131851096,MM,201107,60002,수도권,50003,공급우위,10001,지수,30.2,지수,수도권,공급우위,지수,2011년 7월
T242093131851096,MM,201107,60005,5대광역시,50001,수요우위,10001,지수,,지수,5대광역시,수요우위,지수,2011년 7월
T242093131851096,MM,201107,60005,5대광역시,50002,비슷함,10001,지수,,지수,5대광역시,비슷함,지수,2011년 7월
T242093131851096,MM,201107,60005,5대광역시,50003,공급우위,10001,지수,,지수,5대광역시,공급우위,지수,2011년 7월
T242093131851096,MM,201107,60008,서울,50001,수요우위,10001,지수,6,지수,서울,수요우위,지수,2011년 7월
T242093131851096,MM,201107,60008,서울,50002,비슷함,10001,지수,64.9,지수,서울,비슷함,지수,2011년 7월
T242093131851096,MM,201107,60008,서울,50003,공급우위,10001,지수,29.1,지수,서울,공급우위,지수,2011년 7월
T242093131851096,MM,201107,60009,강북지역,50001,수요우위,10001,지수,0,지수,서울>강북지역,수요우위,지수,2011년 7월
T242093131851096,MM,201107,60009,강북지역,50002,비슷함,10001,지수,45.1,지수,서울>강북지역,비슷함,지수,2011년 7월
T242093131851096,MM,201107,60009,강북지역,50003,공급우위,10001,지수,54.9,지수,서울>강북지역,공급우위,지수,2011년 7월
T242093131851096,MM,201107,60013,강남지역,50001,수요우위,10001,지수,12.7,지수,서울>강남지역,수요우위,지수,2011년 7월
T242093131851096,MM,201107,60013,강남지역,50002,비슷함,10001,지수,87.3,지수,서울>강남지역,비슷함,지수,2011년 7월
T242093131851096,MM,201107,60013,강남지역,50003,공급우위,10001,지수,0,지수,서울>강남지역,공급우위,지수,2011년 7월
T242093131851096,MM,201107,60016,경기,50001,수요우위,10001,지수,5.4,지수,경기,수요우위,지수,2011년 7월
T242093131851096,MM,201107,60016,경기,50002,비슷함,10001,지수,81.7,지수,경기,비슷함,지수,2011년 7월
T242093131851096,MM,201107,60016,경기,50003,공급우위,10001,지수,12.9,지수,경기,공급우위,지수,2011년 7월
T242093131851096,MM,201107,60017,인천,50001,수요우위,10001,지수,0,지수,인천,수요우위,지수,2011년 7월
T242093131851096,MM,201107,60017,인천,50002,비슷함,10001,지수,39.1,지수,인천,비슷함,지수,2011년 7월
T242093131851096,MM,201107,60017,인천,50003,공급우위,10001,지수,60.9,지수,인천,공급우위,지수,2011년 7월
T242093131851096,MM,201107,60018,부산,50001,수요우위,10001,지수,,지수,부산,수요우위,지수,2011년 7월
T242093131851096,MM,201107,60018,부산,50002,비슷함,10001,지수,,지수,부산,비슷함,지수,2011년 7월
T242093131851096,MM,201107,60018,부산,50003,공급우위,10001,지수,,지수,부산,공급우위,지수,2011년 7월
T242093131851096,MM,201107,60022,대구,50001,수요우위,10001,지수,,지수,대구,수요우위,지수,2011년 7월
T242093131851096,MM,201107,60022,대구,50002,비슷함,10001,지수,,지수,대구,비슷함,지수,2011년 7월
T242093131851096,MM,201107,60022,대구,50003,공급우위,10001,지수,,지수,대구,공급우위,지수,2011년 7월
T242093131851096,MM,201107,60023,광주,50001,수요우위,10001,지수,,지수,광주,수요우위,지수,2011년 7월
T242093131851096,MM,201107,60023,광주,50002,비슷함,10001,지수,,지수,광주,비슷함,지수,2011년 7월
T242093131851096,MM,201107,60023,광주,50003,공급우위,10001,지수,,지수,광주,공급우위,지수,2011년 7월
T242093131851096,MM,201107,60024,대전,50001,수요우위,10001,지수,,지수,대전,수요우위,지수,2011년 7월
T242093131851096,MM,201107,60024,대전,50002,비슷함,10001,지수,,지수,대전,비슷함,지수,2011년 7월
T242093131851096,MM,201107,60024,대전,50003,공급우위,10001,지수,,지수,대전,공급우위,지수,2011년 7월
T242093131851096,MM,201107,60025,울산,50001,수요우위,10001,지수,,지수,울산,수요우위,지수,2011년 7월
T242093131851096,MM,201107,60025,울산,50002,비슷함,10001,지수,,지수,울산,비슷함,지수,2011년 7월
T242093131851096,MM,201107,60025,울산,50003,공급우위,10001,지수,,지수,울산,공급우위,지수,2011년 7월
T242093131851096,MM,201108,60001,8개시도,50001,수요우위,10001,지수,,지수,8개시도,수요우위,지수,2011년 8월
T242093131851096,MM,201108,60001,8개시도,50002,비슷함,10001,지수,,지수,8개시도,비슷함,지수,2011년 8월
T242093131851096,MM,201108,60001,8개시도,50003,공급우위,10001,지수,,지수,8개시도,공급우위,지수,2011년 8월
T242093131851096,MM,201108,60002,수도권,50001,수요우위,10001,지수,10.2,지수,수도권,수요우위,지수,2011년 8월
T242093131851096,MM,201108,60002,수도권,50002,비슷함,10001,지수,61.3,지수,수도권,비슷함,지수,2011년 8월
T242093131851096,MM,201108,60002,수도권,50003,공급우위,10001,지수,28.6,지수,수도권,공급우위,지수,2011년 8월
T242093131851096,MM,201108,60005,5대광역시,50001,수요우위,10001,지수,,지수,5대광역시,수요우위,지수,2011년 8월
T242093131851096,MM,201108,60005,5대광역시,50002,비슷함,10001,지수,,지수,5대광역시,비슷함,지수,2011년 8월
T242093131851096,MM,201108,60005,5대광역시,50003,공급우위,10001,지수,,지수,5대광역시,공급우위,지수,2011년 8월
T242093131851096,MM,201108,60008,서울,50001,수요우위,10001,지수,9.8,지수,서울,수요우위,지수,2011년 8월
T242093131851096,MM,201108,60008,서울,50002,비슷함,10001,지수,62,지수,서울,비슷함,지수,2011년 8월
T242093131851096,MM,201108,60008,서울,50003,공급우위,10001,지수,28.2,지수,서울,공급우위,지수,2011년 8월
T242093131851096,MM,201108,60009,강북지역,50001,수요우위,10001,지수,1.8,지수,서울>강북지역,수요우위,지수,2011년 8월
T242093131851096,MM,201108,60009,강북지역,50002,비슷함,10001,지수,45.7,지수,서울>강북지역,비슷함,지수,2011년 8월
T242093131851096,MM,201108,60009,강북지역,50003,공급우위,10001,지수,52.4,지수,서울>강북지역,공급우위,지수,2011년 8월
T242093131851096,MM,201108,60013,강남지역,50001,수요우위,10001,지수,18.9,지수,서울>강남지역,수요우위,지수,2011년 8월
T242093131851096,MM,201108,60013,강남지역,50002,비슷함,10001,지수,80.7,지수,서울>강남지역,비슷함,지수,2011년 8월
T242093131851096,MM,201108,60013,강남지역,50003,공급우위,10001,지수,0.4,지수,서울>강남지역,공급우위,지수,2011년 8월
T242093131851096,MM,201108,60016,경기,50001,수요우위,10001,지수,18.4,지수,경기,수요우위,지수,2011년 8월
T242093131851096,MM,201108,60016,경기,50002,비슷함,10001,지수,76.1,지수,경기,비슷함,지수,2011년 8월
T242093131851096,MM,201108,60016,경기,50003,공급우위,10001,지수,5.5,지수,경기,공급우위,지수,2011년 8월
T242093131851096,MM,201108,60017,인천,50001,수요우위,10001,지수,0,지수,인천,수요우위,지수,2011년 8월
T242093131851096,MM,201108,60017,인천,50002,비슷함,10001,지수,36.9,지수,인천,비슷함,지수,2011년 8월
T242093131851096,MM,201108,60017,인천,50003,공급우위,10001,지수,63.1,지수,인천,공급우위,지수,2011년 8월
T242093131851096,MM,201108,60018,부산,50001,수요우위,10001,지수,,지수,부산,수요우위,지수,2011년 8월
T242093131851096,MM,201108,60018,부산,50002,비슷함,10001,지수,,지수,부산,비슷함,지수,2011년 8월
T242093131851096,MM,201108,60018,부산,50003,공급우위,10001,지수,,지수,부산,공급우위,지수,2011년 8월
T242093131851096,MM,201108,60022,대구,50001,수요우위,10001,지수,,지수,대구,수요우위,지수,2011년 8월
T242093131851096,MM,201108,60022,대구,50002,비슷함,10001,지수,,지수,대구,비슷함,지수,2011년 8월
T242093131851096,MM,201108,60022,대구,50003,공급우위,10001,지수,,지수,대구,공급우위,지수,2011년 8월
T242093131851096,MM,201108,60023,광주,50001,수요우위,10001,지수,,지수,광주,수요우위,지수,2011년 8월
T242093131851096,MM,201108,60023,광주,50002,비슷함,10001,지수,,지수,광주,비슷함,지수,2011년 8월
T242093131851096,MM,201108,60023,광주,50003,공급우위,10001,지수,,지수,광주,공급우위,지수,2011년 8월
T242093131851096,MM,201108,60024,대전,50001,수요우위,10001,지수,,지수,대전,수요우위,지수,2011년 8월
T242093131851096,MM,201108,60024,대전,50002,비슷함,10001,지수,,지수,대전,비슷함,지수,2011년 8월
T242093131851096,MM,201108,60024,대전,50003,공급우위,10001,지수,,지수,대전,공급우위,지수,2011년 8월
T242093131851096,MM,201108,60025,울산,50001,수요우위,10001,지수,,지수,울산,수요우위,지수,2011년 8월
T242093131851096,MM,201108,60025,울산,50002,비슷함,10001,지수,,지수,울산,비슷함,지수,2011년 8월
T242093131851096,MM,201108,60025,울산,50003,공급우위,10001,지수,,지수,울산,공급우위,지수,2011년 8월
T242093131851096,MM,201109,60001,8개시도,50001,수요우위,10001,지수,,지수,8개시도,수요우위,지수,2011년 9월
T242093131851096,MM,201109,60001,8개시도,50002,비슷함,10001,지수,,지수,8개시도,비슷함,지수,2011년 9월
T242093131851096,MM,201109,60001,8개시도,50003,공급우위,10001,지수,,지수,8개시도,공급우위,지수,2011년 9월
T242093131851096,MM,201109,60002,수도권,50001,수요우위,10001,지수,11.8,지수,수도권,수요우위,지수,2011년 9월
T242093131851096,MM,201109,60002,수도권,50002,비슷함,10001,지수,60.1,지수,수도권,비슷함,지수,2011년 9월
T242093131851096,MM,201109,60002,수도권,50003,공급우위,10001,지수,28.2,지수,수도권,공급우위,지수,2011년 9월
T242093131851096,MM,201109,60005,5대광역시,50001,수요우위,10001,지수,,지수,5대광역시,수요우위,지수,2011년 9월
T242093131851096,MM,201109,60005,5대광역시,50002,비슷함,10001,지수,,지수,5대광역시,비슷함,지수,2011년 9월
T242093131851096,MM,201109,60005,5대광역시,50003,공급우위,10001,지수,,지수,5대광역시,공급우위,지수,2011년 9월
T242093131851096,MM,201109,60008,서울,50001,수요우위,10001,지수,8.3,지수,서울,수요우위,지수,2011년 9월
T242093131851096,MM,201109,60008,서울,50002,비슷함,10001,지수,65.6,지수,서울,비슷함,지수,2011년 9월
T242093131851096,MM,201109,60008,서울,50003,공급우위,10001,지수,26.1,지수,서울,공급우위,지수,2011년 9월
T242093131851096,MM,201109,60009,강북지역,50001,수요우위,10001,지수,2.7,지수,서울>강북지역,수요우위,지수,2011년 9월
T242093131851096,MM,201109,60009,강북지역,50002,비슷함,10001,지수,48.2,지수,서울>강북지역,비슷함,지수,2011년 9월
T242093131851096,MM,201109,60009,강북지역,50003,공급우위,10001,지수,49.1,지수,서울>강북지역,공급우위,지수,2011년 9월
T242093131851096,MM,201109,60013,강남지역,50001,수요우위,10001,지수,14.6,지수,서울>강남지역,수요우위,지수,2011년 9월
T242093131851096,MM,201109,60013,강남지역,50002,비슷함,10001,지수,85.4,지수,서울>강남지역,비슷함,지수,2011년 9월
T242093131851096,MM,201109,60013,강남지역,50003,공급우위,10001,지수,0,지수,서울>강남지역,공급우위,지수,2011년 9월
T242093131851096,MM,201109,60016,경기,50001,수요우위,10001,지수,29.2,지수,경기,수요우위,지수,2011년 9월
T242093131851096,MM,201109,60016,경기,50002,비슷함,10001,지수,57.9,지수,경기,비슷함,지수,2011년 9월
T242093131851096,MM,201109,60016,경기,50003,공급우위,10001,지수,12.9,지수,경기,공급우위,지수,2011년 9월
T242093131851096,MM,201109,60017,인천,50001,수요우위,10001,지수,2.1,지수,인천,수요우위,지수,2011년 9월
T242093131851096,MM,201109,60017,인천,50002,비슷함,10001,지수,39,지수,인천,비슷함,지수,2011년 9월
T242093131851096,MM,201109,60017,인천,50003,공급우위,10001,지수,58.9,지수,인천,공급우위,지수,2011년 9월
T242093131851096,MM,201109,60018,부산,50001,수요우위,10001,지수,,지수,부산,수요우위,지수,2011년 9월
T242093131851096,MM,201109,60018,부산,50002,비슷함,10001,지수,,지수,부산,비슷함,지수,2011년 9월
T242093131851096,MM,201109,60018,부산,50003,공급우위,10001,지수,,지수,부산,공급우위,지수,2011년 9월
T242093131851096,MM,201109,60022,대구,50001,수요우위,10001,지수,,지수,대구,수요우위,지수,2011년 9월
T242093131851096,MM,201109,60022,대구,50002,비슷함,10001,지수,,지수,대구,비슷함,지수,2011년 9월
T242093131851096,MM,201109,60022,대구,50003,공급우위,10001,지수,,지수,대구,공급우위,지수,2011년 9월
T242093131851096,MM,201109,60023,광주,50001,수요우위,10001,지수,,지수,광주,수요우위,지수,2011년 9월
T242093131851096,MM,201109,60023,광주,50002,비슷함,10001,지수,,지수,광주,비슷함,지수,2011년 9월
T242093131851096,MM,201109,60023,광주,50003,공급우위,10001,지수,,지수,광주,공급우위,지수,2011년 9월
T242093131851096,MM,201109,60024,대전,50001,수요우위,10001,지수,,지수,대전,수요우위,지수,2011년 9월
T242093131851096,MM,201109,60024,대전,50002,비슷함,10001,지수,,지수,대전,비슷함,지수,2011년 9월
T242093131851096,MM,201109,60024,대전,50003,공급우위,10001,지수,,지수,대전,공급우위,지수,2011년 9월
T242093131851096,MM,201109,60025,울산,50001,수요우위,10001,지수,,지수,울산,수요우위,지수,2011년 9월
T242093131851096,MM,201109,60025,울산,50002,비슷함,10001,지수,,지수,울산,비슷함,지수,2011년 9월
T242093131851096,MM,201109,60025,울산,50003,공급우위,10001,지수,,지수,울산,공급우위,지수,2011년 9월
T242093131851096,MM,201110,60001,8개시도,50001,수요우위,10001,지수,,지수,8개시도,수요우위,지수,2011년 10월
T242093131851096,MM,201110,60001,8개시도,50002,비슷함,10001,지수,,지수,8개시도,비슷함,지수,2011년 10월
T242093131851096,MM,201110,60001,8개시도,50003,공급우위,10001,지수,,지수,8개시도,공급우위,지수,2011년 10월
T242093131851096,MM,201110,60002,수도권,50001,수요우위,10001,지수,8.7,지수,수도권,수요우위,지수,2011년 10월
T242093131851096,MM,201110,60002,수도권,50002,비슷함,10001,지수,71.5,지수,수도권,비슷함,지수,2011년 10월
T242093131851096,MM,201110,60002,수도권,50003,공급우위,10001,지수,19.8,지수,수도권,공급우위,지수,2011년 10월
T242093131851096,MM,201110,60005,5대광역시,50001,수요우위,10001,지수,,지수,5대광역시,수요우위,지수,2011년 10월
T242093131851096,MM,201110,60005,5대광역시,50002,비슷함,10001,지수,,지수,5대광역시,비슷함,지수,2011년 10월
T242093131851096,MM,201110,60005,5대광역시,50003,공급우위,10001,지수,,지수,5대광역시,공급우위,지수,2011년 10월
T242093131851096,MM,201110,60008,서울,50001,수요우위,10001,지수,7.8,지수,서울,수요우위,지수,2011년 10월
T242093131851096,MM,201110,60008,서울,50002,비슷함,10001,지수,72.2,지수,서울,비슷함,지수,2011년 10월
T242093131851096,MM,201110,60008,서울,50003,공급우위,10001,지수,20,지수,서울,공급우위,지수,2011년 10월
T242093131851096,MM,201110,60009,강북지역,50001,수요우위,10001,지수,0,지수,서울>강북지역,수요우위,지수,2011년 10월
T242093131851096,MM,201110,60009,강북지역,50002,비슷함,10001,지수,62.5,지수,서울>강북지역,비슷함,지수,2011년 10월
T242093131851096,MM,201110,60009,강북지역,50003,공급우위,10001,지수,37.5,지수,서울>강북지역,공급우위,지수,2011년 10월
T242093131851096,MM,201110,60013,강남지역,50001,수요우위,10001,지수,16.7,지수,서울>강남지역,수요우위,지수,2011년 10월
T242093131851096,MM,201110,60013,강남지역,50002,비슷함,10001,지수,83.3,지수,서울>강남지역,비슷함,지수,2011년 10월
T242093131851096,MM,201110,60013,강남지역,50003,공급우위,10001,지수,0,지수,서울>강남지역,공급우위,지수,2011년 10월
T242093131851096,MM,201110,60016,경기,50001,수요우위,10001,지수,0,지수,경기,수요우위,지수,2011년 10월
T242093131851096,MM,201110,60016,경기,50002,비슷함,10001,지수,90.1,지수,경기,비슷함,지수,2011년 10월
T242093131851096,MM,201110,60016,경기,50003,공급우위,10001,지수,9.9,지수,경기,공급우위,지수,2011년 10월
T242093131851096,MM,201110,60017,인천,50001,수요우위,10001,지수,24.8,지수,인천,수요우위,지수,2011년 10월
T242093131851096,MM,201110,60017,인천,50002,비슷함,10001,지수,41.8,지수,인천,비슷함,지수,2011년 10월
T242093131851096,MM,201110,60017,인천,50003,공급우위,10001,지수,33.3,지수,인천,공급우위,지수,2011년 10월
T242093131851096,MM,201110,60018,부산,50001,수요우위,10001,지수,,지수,부산,수요우위,지수,2011년 10월
T242093131851096,MM,201110,60018,부산,50002,비슷함,10001,지수,,지수,부산,비슷함,지수,2011년 10월
T242093131851096,MM,201110,60018,부산,50003,공급우위,10001,지수,,지수,부산,공급우위,지수,2011년 10월
T242093131851096,MM,201110,60022,대구,50001,수요우위,10001,지수,,지수,대구,수요우위,지수,2011년 10월
T242093131851096,MM,201110,60022,대구,50002,비슷함,10001,지수,,지수,대구,비슷함,지수,2011년 10월
T242093131851096,MM,201110,60022,대구,50003,공급우위,10001,지수,,지수,대구,공급우위,지수,2011년 10월
T242093131851096,MM,201110,60023,광주,50001,수요우위,10001,지수,,지수,광주,수요우위,지수,2011년 10월
T242093131851096,MM,201110,60023,광주,50002,비슷함,10001,지수,,지수,광주,비슷함,지수,2011년 10월
T242093131851096,MM,201110,60023,광주,50003,공급우위,10001,지수,,지수,광주,공급우위,지수,2011년 10월
T242093131851096,MM,201110,60024,대전,50001,수요우위,10001,지수,,지수,대전,수요우위,지수,2011년 10월
T242093131851096,MM,201110,60024,대전,50002,비슷함,10001,지수,,지수,대전,비슷함,지수,2011년 10월
T242093131851096,MM,201110,60024,대전,50003,공급우위,10001,지수,,지수,대전,공급우위,지수,2011년 10월
T242093131851096,MM,201110,60025,울산,50001,수요우위,10001,지수,,지수,울산,수요우위,지수,2011년 10월
T242093131851096,MM,201110,60025,울산,50002,비슷함,10001,지수,,지수,울산,비슷함,지수,2011년 10월
T242093131851096,MM,201110,60025,울산,50003,공급우위,10001,지수,,지수,울산,공급우위,지수,2011년 10월
T242093131851096,MM,201111,60001,8개시도,50001,수요우위,10001,지수,,지수,8개시도,수요우위,지수,2011년 11월
T242093131851096,MM,201111,60001,8개시도,50002,비슷함,10001,지수,,지수,8개시도,비슷함,지수,2011년 11월
T242093131851096,MM,201111,60001,8개시도,50003,공급우위,10001,지수,,지수,8개시도,공급우위,지수,2011년 11월
T242093131851096,MM,201111,60002,수도권,50001,수요우위,10001,지수,7,지수,수도권,수요우위,지수,2011년 11월
T242093131851096,MM,201111,60002,수도권,50002,비슷함,10001,지수,76.2,지수,수도권,비슷함,지수,2011년 11월
T242093131851096,MM,201111,60002,수도권,50003,공급우위,10001,지수,19.4,지수,수도권,공급우위,지수,2011년 11월
T242093131851096,MM,201111,60005,5대광역시,50001,수요우위,10001,지수,,지수,5대광역시,수요우위,지수,2011년 11월
T242093131851096,MM,201111,60005,5대광역시,50002,비슷함,10001,지수,,지수,5대광역시,비슷함,지수,2011년 11월
T242093131851096,MM,201111,60005,5대광역시,50003,공급우위,10001,지수,,지수,5대광역시,공급우위,지수,2011년 11월
T242093131851096,MM,201111,60008,서울,50001,수요우위,10001,지수,11.3,지수,서울,수요우위,지수,2011년 11월
T242093131851096,MM,201111,60008,서울,50002,비슷함,10001,지수,85.6,지수,서울,비슷함,지수,2011년 11월
T242093131851096,MM,201111,60008,서울,50003,공급우위,10001,지수,9.3,지수,서울,공급우위,지수,2011년 11월
T242093131851096,MM,201111,60009,강북지역,50001,수요우위,10001,지수,6.9,지수,서울>강북지역,수요우위,지수,2011년 11월
T242093131851096,MM,201111,60009,강북지역,50002,비슷함,10001,지수,90.6,지수,서울>강북지역,비슷함,지수,2011년 11월
T242093131851096,MM,201111,60009,강북지역,50003,공급우위,10001,지수,9.8,지수,서울>강북지역,공급우위,지수,2011년 11월
T242093131851096,MM,201111,60013,강남지역,50001,수요우위,10001,지수,18,지수,서울>강남지역,수요우위,지수,2011년 11월
T242093131851096,MM,201111,60013,강남지역,50002,비슷함,10001,지수,79.3,지수,서울>강남지역,비슷함,지수,2011년 11월
T242093131851096,MM,201111,60013,강남지역,50003,공급우위,10001,지수,10.1,지수,서울>강남지역,공급우위,지수,2011년 11월
T242093131851096,MM,201111,60016,경기,50001,수요우위,10001,지수,4.1,지수,경기,수요우위,지수,2011년 11월
T242093131851096,MM,201111,60016,경기,50002,비슷함,10001,지수,84.1,지수,경기,비슷함,지수,2011년 11월
T242093131851096,MM,201111,60016,경기,50003,공급우위,10001,지수,14.7,지수,경기,공급우위,지수,2011년 11월
T242093131851096,MM,201111,60017,인천,50001,수요우위,10001,지수,8.4,지수,인천,수요우위,지수,2011년 11월
T242093131851096,MM,201111,60017,인천,50002,비슷함,10001,지수,31.6,지수,인천,비슷함,지수,2011년 11월
T242093131851096,MM,201111,60017,인천,50003,공급우위,10001,지수,61.9,지수,인천,공급우위,지수,2011년 11월
T242093131851096,MM,201111,60018,부산,50001,수요우위,10001,지수,,지수,부산,수요우위,지수,2011년 11월
T242093131851096,MM,201111,60018,부산,50002,비슷함,10001,지수,,지수,부산,비슷함,지수,2011년 11월
T242093131851096,MM,201111,60018,부산,50003,공급우위,10001,지수,,지수,부산,공급우위,지수,2011년 11월
T242093131851096,MM,201111,60022,대구,50001,수요우위,10001,지수,,지수,대구,수요우위,지수,2011년 11월
T242093131851096,MM,201111,60022,대구,50002,비슷함,10001,지수,,지수,대구,비슷함,지수,2011년 11월
T242093131851096,MM,201111,60022,대구,50003,공급우위,10001,지수,,지수,대구,공급우위,지수,2011년 11월
T242093131851096,MM,201111,60023,광주,50001,수요우위,10001,지수,,지수,광주,수요우위,지수,2011년 11월
T242093131851096,MM,201111,60023,광주,50002,비슷함,10001,지수,,지수,광주,비슷함,지수,2011년 11월
T242093131851096,MM,201111,60023,광주,50003,공급우위,10001,지수,,지수,광주,공급우위,지수,2011년 11월
T242093131851096,MM,201111,60024,대전,50001,수요우위,10001,지수,,지수,대전,수요우위,지수,2011년 11월
T242093131851096,MM,201111,60024,대전,50002,비슷함,10001,지수,,지수,대전,비슷함,지수,2011년 11월
T242093131851096,MM,201111,60024,대전,50003,공급우위,10001,지수,,지수,대전,공급우위,지수,2011년 11월
T242093131851096,MM,201111,60025,울산,50001,수요우위,10001,지수,,지수,울산,수요우위,지수,2011년 11월
T242093131851096,MM,201111,60025,울산,50002,비슷함,10001,지수,,지수,울산,비슷함,지수,2011년 11월
T242093131851096,MM,201111,60025,울산,50003,공급우위,10001,지수,,지수,울산,공급우위,지수,2011년 11월
T242093131851096,MM,201112,60001,8개시도,50001,수요우위,10001,지수,,지수,8개시도,수요우위,지수,2011년 12월
T242093131851096,MM,201112,60001,8개시도,50002,비슷함,10001,지수,,지수,8개시도,비슷함,지수,2011년 12월
T242093131851096,MM,201112,60001,8개시도,50003,공급우위,10001,지수,,지수,8개시도,공급우위,지수,2011년 12월
T242093131851096,MM,201112,60002,수도권,50001,수요우위,10001,지수,2.9,지수,수도권,수요우위,지수,2011년 12월
T242093131851096,MM,201112,60002,수도권,50002,비슷함,10001,지수,67.9,지수,수도권,비슷함,지수,2011년 12월
T242093131851096,MM,201112,60002,수도권,50003,공급우위,10001,지수,31.3,지수,수도권,공급우위,지수,2011년 12월
T242093131851096,MM,201112,60005,5대광역시,50001,수요우위,10001,지수,,지수,5대광역시,수요우위,지수,2011년 12월
T242093131851096,MM,201112,60005,5대광역시,50002,비슷함,10001,지수,,지수,5대광역시,비슷함,지수,2011년 12월
T242093131851096,MM,201112,60005,5대광역시,50003,공급우위,10001,지수,,지수,5대광역시,공급우위,지수,2011년 12월
T242093131851096,MM,201112,60008,서울,50001,수요우위,10001,지수,3.1,지수,서울,수요우위,지수,2011년 12월
T242093131851096,MM,201112,60008,서울,50002,비슷함,10001,지수,79.5,지수,서울,비슷함,지수,2011년 12월
T242093131851096,MM,201112,60008,서울,50003,공급우위,10001,지수,18.7,지수,서울,공급우위,지수,2011년 12월
T242093131851096,MM,201112,60009,강북지역,50001,수요우위,10001,지수,6.9,지수,서울>강북지역,수요우위,지수,2011년 12월
T242093131851096,MM,201112,60009,강북지역,50002,비슷함,10001,지수,76.2,지수,서울>강북지역,비슷함,지수,2011년 12월
T242093131851096,MM,201112,60009,강북지역,50003,공급우위,10001,지수,26.2,지수,서울>강북지역,공급우위,지수,2011년 12월
T242093131851096,MM,201112,60013,강남지역,50001,수요우위,10001,지수,4.6,지수,서울>강남지역,수요우위,지수,2011년 12월
T242093131851096,MM,201112,60013,강남지역,50002,비슷함,10001,지수,83.3,지수,서울>강남지역,비슷함,지수,2011년 12월
T242093131851096,MM,201112,60013,강남지역,50003,공급우위,10001,지수,12.1,지수,서울>강남지역,공급우위,지수,2011년 12월
T242093131851096,MM,201112,60016,경기,50001,수요우위,10001,지수,6.5,지수,경기,수요우위,지수,2011년 12월
T242093131851096,MM,201112,60016,경기,50002,비슷함,10001,지수,72.5,지수,경기,비슷함,지수,2011년 12월
T242093131851096,MM,201112,60016,경기,50003,공급우위,10001,지수,30,지수,경기,공급우위,지수,2011년 12월
T242093131851096,MM,201112,60017,인천,50001,수요우위,10001,지수,0,지수,인천,수요우위,지수,2011년 12월
T242093131851096,MM,201112,60017,인천,50002,비슷함,10001,지수,21.6,지수,인천,비슷함,지수,2011년 12월
T242093131851096,MM,201112,60017,인천,50003,공급우위,10001,지수,78.4,지수,인천,공급우위,지수,2011년 12월
T242093131851096,MM,201112,60018,부산,50001,수요우위,10001,지수,,지수,부산,수요우위,지수,2011년 12월
T242093131851096,MM,201112,60018,부산,50002,비슷함,10001,지수,,지수,부산,비슷함,지수,2011년 12월
T242093131851096,MM,201112,60018,부산,50003,공급우위,10001,지수,,지수,부산,공급우위,지수,2011년 12월
T242093131851096,MM,201112,60022,대구,50001,수요우위,10001,지수,,지수,대구,수요우위,지수,2011년 12월
T242093131851096,MM,201112,60022,대구,50002,비슷함,10001,지수,,지수,대구,비슷함,지수,2011년 12월
T242093131851096,MM,201112,60022,대구,50003,공급우위,10001,지수,,지수,대구,공급우위,지수,2011년 12월
T242093131851096,MM,201112,60023,광주,50001,수요우위,10001,지수,,지수,광주,수요우위,지수,2011년 12월
T242093131851096,MM,201112,60023,광주,50002,비슷함,10001,지수,,지수,광주,비슷함,지수,2011년 12월
T242093131851096,MM,201112,60023,광주,50003,공급우위,10001,지수,,지수,광주,공급우위,지수,2011년 12월
T242093131851096,MM,201112,60024,대전,50001,수요우위,10001,지수,,지수,대전,수요우위,지수,2011년 12월
T242093131851096,MM,201112,60024,대전,50002,비슷함,10001,지수,,지수,대전,비슷함,지수,2011년 12월
T242093131851096,MM,201112,60024,대전,50003,공급우위,10001,지수,,지수,대전,공급우위,지수,2011년 12월
T242093131851096,MM,201112,60025,울산,50001,수요우위,10001,지수,,지수,울산,수요우위,지수,2011년 12월
T242093131851096,MM,201112,60025,울산,50002,비슷함,10001,지수,,지수,울산,비슷함,지수,2011년 12월
T242093131851096,MM,201112,60025,울산,50003,공급우위,10001,지수,,지수,울산,공급우위,지수,2011년 12월
T242093131851096,MM,201201,60001,8개시도,50001,수요우위,10001,지수,,지수,8개시도,수요우위,지수,2012년 1월
T242093131851096,MM,201201,60001,8개시도,50002,비슷함,10001,지수,,지수,8개시도,비슷함,지수,2012년 1월
T242093131851096,MM,201201,60001,8개시도,50003,공급우위,10001,지수,,지수,8개시도,공급우위,지수,2012년 1월
T242093131851096,MM,201201,60002,수도권,50001,수요우위,10001,지수,3,지수,수도권,수요우위,지수,2012년 1월
T242093131851096,MM,201201,60002,수도권,50002,비슷함,10001,지수,73.3,지수,수도권,비슷함,지수,2012년 1월
T242093131851096,MM,201201,60002,수도권,50003,공급우위,10001,지수,26.8,지수,수도권,공급우위,지수,2012년 1월
T242093131851096,MM,201201,60005,5대광역시,50001,수요우위,10001,지수,,지수,5대광역시,수요우위,지수,2012년 1월
T242093131851096,MM,201201,60005,5대광역시,50002,비슷함,10001,지수,,지수,5대광역시,비슷함,지수,2012년 1월
T242093131851096,MM,201201,60005,5대광역시,50003,공급우위,10001,지수,,지수,5대광역시,공급우위,지수,2012년 1월
T242093131851096,MM,201201,60008,서울,50001,수요우위,10001,지수,5.2,지수,서울,수요우위,지수,2012년 1월
T242093131851096,MM,201201,60008,서울,50002,비슷함,10001,지수,85.7,지수,서울,비슷함,지수,2012년 1월
T242093131851096,MM,201201,60008,서울,50003,공급우위,10001,지수,13.3,지수,서울,공급우위,지수,2012년 1월
T242093131851096,MM,201201,60009,강북지역,50001,수요우위,10001,지수,8,지수,서울>강북지역,수요우위,지수,2012년 1월
T242093131851096,MM,201201,60009,강북지역,50002,비슷함,10001,지수,84.3,지수,서울>강북지역,비슷함,지수,2012년 1월
T242093131851096,MM,201201,60009,강북지역,50003,공급우위,10001,지수,16.8,지수,서울>강북지역,공급우위,지수,2012년 1월
T242093131851096,MM,201201,60013,강남지역,50001,수요우위,10001,지수,4.7,지수,서울>강남지역,수요우위,지수,2012년 1월
T242093131851096,MM,201201,60013,강남지역,50002,비슷함,10001,지수,87.9,지수,서울>강남지역,비슷함,지수,2012년 1월
T242093131851096,MM,201201,60013,강남지역,50003,공급우위,10001,지수,10.2,지수,서울>강남지역,공급우위,지수,2012년 1월
T242093131851096,MM,201201,60016,경기,50001,수요우위,10001,지수,0,지수,경기,수요우위,지수,2012년 1월
T242093131851096,MM,201201,60016,경기,50002,비슷함,10001,지수,85.2,지수,경기,비슷함,지수,2012년 1월
T242093131851096,MM,201201,60016,경기,50003,공급우위,10001,지수,17.8,지수,경기,공급우위,지수,2012년 1월
T242093131851096,MM,201201,60017,인천,50001,수요우위,10001,지수,0,지수,인천,수요우위,지수,2012년 1월
T242093131851096,MM,201201,60017,인천,50002,비슷함,10001,지수,28.1,지수,인천,비슷함,지수,2012년 1월
T242093131851096,MM,201201,60017,인천,50003,공급우위,10001,지수,71.9,지수,인천,공급우위,지수,2012년 1월
T242093131851096,MM,201201,60018,부산,50001,수요우위,10001,지수,,지수,부산,수요우위,지수,2012년 1월
T242093131851096,MM,201201,60018,부산,50002,비슷함,10001,지수,,지수,부산,비슷함,지수,2012년 1월
T242093131851096,MM,201201,60018,부산,50003,공급우위,10001,지수,,지수,부산,공급우위,지수,2012년 1월
T242093131851096,MM,201201,60022,대구,50001,수요우위,10001,지수,,지수,대구,수요우위,지수,2012년 1월
T242093131851096,MM,201201,60022,대구,50002,비슷함,10001,지수,,지수,대구,비슷함,지수,2012년 1월
T242093131851096,MM,201201,60022,대구,50003,공급우위,10001,지수,,지수,대구,공급우위,지수,2012년 1월
T242093131851096,MM,201201,60023,광주,50001,수요우위,10001,지수,,지수,광주,수요우위,지수,2012년 1월
T242093131851096,MM,201201,60023,광주,50002,비슷함,10001,지수,,지수,광주,비슷함,지수,2012년 1월
T242093131851096,MM,201201,60023,광주,50003,공급우위,10001,지수,,지수,광주,공급우위,지수,2012년 1월
T242093131851096,MM,201201,60024,대전,50001,수요우위,10001,지수,,지수,대전,수요우위,지수,2012년 1월
T242093131851096,MM,201201,60024,대전,50002,비슷함,10001,지수,,지수,대전,비슷함,지수,2012년 1월
T242093131851096,MM,201201,60024,대전,50003,공급우위,10001,지수,,지수,대전,공급우위,지수,2012년 1월
T242093131851096,MM,201201,60025,울산,50001,수요우위,10001,지수,,지수,울산,수요우위,지수,2012년 1월
T242093131851096,MM,201201,60025,울산,50002,비슷함,10001,지수,,지수,울산,비슷함,지수,2012년 1월
T242093131851096,MM,201201,60025,울산,50003,공급우위,10001,지수,,지수,울산,공급우위,지수,2012년 1월
T242093131851096,MM,201202,60001,8개시도,50001,수요우위,10001,지수,,지수,8개시도,수요우위,지수,2012년 2월
T242093131851096,MM,201202,60001,8개시도,50002,비슷함,10001,지수,,지수,8개시도,비슷함,지수,2012년 2월
T242093131851096,MM,201202,60001,8개시도,50003,공급우위,10001,지수,,지수,8개시도,공급우위,지수,2012년 2월
T242093131851096,MM,201202,60002,수도권,50001,수요우위,10001,지수,4.2,지수,수도권,수요우위,지수,2012년 2월
T242093131851096,MM,201202,60002,수도권,50002,비슷함,10001,지수,76.5,지수,수도권,비슷함,지수,2012년 2월
T242093131851096,MM,201202,60002,수도권,50003,공급우위,10001,지수,20.9,지수,수도권,공급우위,지수,2012년 2월
T242093131851096,MM,201202,60005,5대광역시,50001,수요우위,10001,지수,,지수,5대광역시,수요우위,지수,2012년 2월
T242093131851096,MM,201202,60005,5대광역시,50002,비슷함,10001,지수,,지수,5대광역시,비슷함,지수,2012년 2월
T242093131851096,MM,201202,60005,5대광역시,50003,공급우위,10001,지수,,지수,5대광역시,공급우위,지수,2012년 2월
T242093131851096,MM,201202,60008,서울,50001,수요우위,10001,지수,6.5,지수,서울,수요우위,지수,2012년 2월
T242093131851096,MM,201202,60008,서울,50002,비슷함,10001,지수,83.6,지수,서울,비슷함,지수,2012년 2월
T242093131851096,MM,201202,60008,서울,50003,공급우위,10001,지수,12.7,지수,서울,공급우위,지수,2012년 2월
T242093131851096,MM,201202,60009,강북지역,50001,수요우위,10001,지수,6.9,지수,서울>강북지역,수요우위,지수,2012년 2월
T242093131851096,MM,201202,60009,강북지역,50002,비슷함,10001,지수,84.6,지수,서울>강북지역,비슷함,지수,2012년 2월
T242093131851096,MM,201202,60009,강북지역,50003,공급우위,10001,지수,21.7,지수,서울>강북지역,공급우위,지수,2012년 2월
T242093131851096,MM,201202,60013,강남지역,50001,수요우위,10001,지수,10.5,지수,서울>강남지역,수요우위,지수,2012년 2월
T242093131851096,MM,201202,60013,강남지역,50002,비슷함,10001,지수,81.8,지수,서울>강남지역,비슷함,지수,2012년 2월
T242093131851096,MM,201202,60013,강남지역,50003,공급우위,10001,지수,7.7,지수,서울>강남지역,공급우위,지수,2012년 2월
T242093131851096,MM,201202,60016,경기,50001,수요우위,10001,지수,2.6,지수,경기,수요우위,지수,2012년 2월
T242093131851096,MM,201202,60016,경기,50002,비슷함,10001,지수,89.7,지수,경기,비슷함,지수,2012년 2월
T242093131851096,MM,201202,60016,경기,50003,공급우위,10001,지수,10.5,지수,경기,공급우위,지수,2012년 2월
T242093131851096,MM,201202,60017,인천,50001,수요우위,10001,지수,7.1,지수,인천,수요우위,지수,2012년 2월
T242093131851096,MM,201202,60017,인천,50002,비슷함,10001,지수,33.8,지수,인천,비슷함,지수,2012년 2월
T242093131851096,MM,201202,60017,인천,50003,공급우위,10001,지수,63.6,지수,인천,공급우위,지수,2012년 2월
T242093131851096,MM,201202,60018,부산,50001,수요우위,10001,지수,,지수,부산,수요우위,지수,2012년 2월
T242093131851096,MM,201202,60018,부산,50002,비슷함,10001,지수,,지수,부산,비슷함,지수,2012년 2월
T242093131851096,MM,201202,60018,부산,50003,공급우위,10001,지수,,지수,부산,공급우위,지수,2012년 2월
T242093131851096,MM,201202,60022,대구,50001,수요우위,10001,지수,,지수,대구,수요우위,지수,2012년 2월
T242093131851096,MM,201202,60022,대구,50002,비슷함,10001,지수,,지수,대구,비슷함,지수,2012년 2월
T242093131851096,MM,201202,60022,대구,50003,공급우위,10001,지수,,지수,대구,공급우위,지수,2012년 2월
T242093131851096,MM,201202,60023,광주,50001,수요우위,10001,지수,,지수,광주,수요우위,지수,2012년 2월
T242093131851096,MM,201202,60023,광주,50002,비슷함,10001,지수,,지수,광주,비슷함,지수,2012년 2월
T242093131851096,MM,201202,60023,광주,50003,공급우위,10001,지수,,지수,광주,공급우위,지수,2012년 2월
T242093131851096,MM,201202,60024,대전,50001,수요우위,10001,지수,,지수,대전,수요우위,지수,2012년 2월
T242093131851096,MM,201202,60024,대전,50002,비슷함,10001,지수,,지수,대전,비슷함,지수,2012년 2월
T242093131851096,MM,201202,60024,대전,50003,공급우위,10001,지수,,지수,대전,공급우위,지수,2012년 2월
T242093131851096,MM,201202,60025,울산,50001,수요우위,10001,지수,,지수,울산,수요우위,지수,2012년 2월
T242093131851096,MM,201202,60025,울산,50002,비슷함,10001,지수,,지수,울산,비슷함,지수,2012년 2월
T242093131851096,MM,201202,60025,울산,50003,공급우위,10001,지수,,지수,울산,공급우위,지수,2012년 2월
T242093131851096,MM,201203,60001,8개시도,50001,수요우위,10001,지수,,지수,8개시도,수요우위,지수,2012년 3월
T242093131851096,MM,201203,60001,8개시도,50002,비슷함,10001,지수,,지수,8개시도,비슷함,지수,2012년 3월
T242093131851096,MM,201203,60001,8개시도,50003,공급우위,10001,지수,,지수,8개시도,공급우위,지수,2012년 3월
T242093131851096,MM,201203,60002,수도권,50001,수요우위,10001,지수,5,지수,수도권,수요우위,지수,2012년 3월
T242093131851096,MM,201203,60002,수도권,50002,비슷함,10001,지수,74,지수,수도권,비슷함,지수,2012년 3월
T242093131851096,MM,201203,60002,수도권,50003,공급우위,10001,지수,21,지수,수도권,공급우위,지수,2012년 3월
T242093131851096,MM,201203,60005,5대광역시,50001,수요우위,10001,지수,,지수,5대광역시,수요우위,지수,2012년 3월
T242093131851096,MM,201203,60005,5대광역시,50002,비슷함,10001,지수,,지수,5대광역시,비슷함,지수,2012년 3월
T242093131851096,MM,201203,60005,5대광역시,50003,공급우위,10001,지수,,지수,5대광역시,공급우위,지수,2012년 3월
T242093131851096,MM,201203,60008,서울,50001,수요우위,10001,지수,7.5,지수,서울,수요우위,지수,2012년 3월
T242093131851096,MM,201203,60008,서울,50002,비슷함,10001,지수,83.9,지수,서울,비슷함,지수,2012년 3월
T242093131851096,MM,201203,60008,서울,50003,공급우위,10001,지수,8.6,지수,서울,공급우위,지수,2012년 3월
T242093131851096,MM,201203,60009,강북지역,50001,수요우위,10001,지수,0.5,지수,서울>강북지역,수요우위,지수,2012년 3월
T242093131851096,MM,201203,60009,강북지역,50002,비슷함,10001,지수,90.8,지수,서울>강북지역,비슷함,지수,2012년 3월
T242093131851096,MM,201203,60009,강북지역,50003,공급우위,10001,지수,8.6,지수,서울>강북지역,공급우위,지수,2012년 3월
T242093131851096,MM,201203,60013,강남지역,50001,수요우위,10001,지수,14,지수,서울>강남지역,수요우위,지수,2012년 3월
T242093131851096,MM,201203,60013,강남지역,50002,비슷함,10001,지수,77.3,지수,서울>강남지역,비슷함,지수,2012년 3월
T242093131851096,MM,201203,60013,강남지역,50003,공급우위,10001,지수,8.6,지수,서울>강남지역,공급우위,지수,2012년 3월
T242093131851096,MM,201203,60016,경기,50001,수요우위,10001,지수,1.8,지수,경기,수요우위,지수,2012년 3월
T242093131851096,MM,201203,60016,경기,50002,비슷함,10001,지수,89.2,지수,경기,비슷함,지수,2012년 3월
T242093131851096,MM,201203,60016,경기,50003,공급우위,10001,지수,9,지수,경기,공급우위,지수,2012년 3월
T242093131851096,MM,201203,60017,인천,50001,수요우위,10001,지수,0.3,지수,인천,수요우위,지수,2012년 3월
T242093131851096,MM,201203,60017,인천,50002,비슷함,10001,지수,32.8,지수,인천,비슷함,지수,2012년 3월
T242093131851096,MM,201203,60017,인천,50003,공급우위,10001,지수,66.9,지수,인천,공급우위,지수,2012년 3월
T242093131851096,MM,201203,60018,부산,50001,수요우위,10001,지수,,지수,부산,수요우위,지수,2012년 3월
T242093131851096,MM,201203,60018,부산,50002,비슷함,10001,지수,,지수,부산,비슷함,지수,2012년 3월
T242093131851096,MM,201203,60018,부산,50003,공급우위,10001,지수,,지수,부산,공급우위,지수,2012년 3월
T242093131851096,MM,201203,60022,대구,50001,수요우위,10001,지수,,지수,대구,수요우위,지수,2012년 3월
T242093131851096,MM,201203,60022,대구,50002,비슷함,10001,지수,,지수,대구,비슷함,지수,2012년 3월
T242093131851096,MM,201203,60022,대구,50003,공급우위,10001,지수,,지수,대구,공급우위,지수,2012년 3월
T242093131851096,MM,201203,60023,광주,50001,수요우위,10001,지수,,지수,광주,수요우위,지수,2012년 3월
T242093131851096,MM,201203,60023,광주,50002,비슷함,10001,지수,,지수,광주,비슷함,지수,2012년 3월
T242093131851096,MM,201203,60023,광주,50003,공급우위,10001,지수,,지수,광주,공급우위,지수,2012년 3월
T242093131851096,MM,201203,60024,대전,50001,수요우위,10001,지수,,지수,대전,수요우위,지수,2012년 3월
T242093131851096,MM,201203,60024,대전,50002,비슷함,10001,지수,,지수,대전,비슷함,지수,2012년 3월
T242093131851096,MM,201203,60024,대전,50003,공급우위,10001,지수,,지수,대전,공급우위,지수,2012년 3월
T242093131851096,MM,201203,60025,울산,50001,수요우위,10001,지수,,지수,울산,수요우위,지수,2012년 3월
T242093131851096,MM,201203,60025,울산,50002,비슷함,10001,지수,,지수,울산,비슷함,지수,2012년 3월
T242093131851096,MM,201203,60025,울산,50003,공급우위,10001,지수,,지수,울산,공급우위,지수,2012년 3월
T242093131851096,MM,201204,60001,8개시도,50001,수요우위,10001,지수,,지수,8개시도,수요우위,지수,2012년 4월
T242093131851096,MM,201204,60001,8개시도,50002,비슷함,10001,지수,,지수,8개시도,비슷함,지수,2012년 4월
T242093131851096,MM,201204,60001,8개시도,50003,공급우위,10001,지수,,지수,8개시도,공급우위,지수,2012년 4월
T242093131851096,MM,201204,60002,수도권,50001,수요우위,10001,지수,2.8,지수,수도권,수요우위,지수,2012년 4월
T242093131851096,MM,201204,60002,수도권,50002,비슷함,10001,지수,78.7,지수,수도권,비슷함,지수,2012년 4월
T242093131851096,MM,201204,60002,수도권,50003,공급우위,10001,지수,18.6,지수,수도권,공급우위,지수,2012년 4월
T242093131851096,MM,201204,60005,5대광역시,50001,수요우위,10001,지수,,지수,5대광역시,수요우위,지수,2012년 4월
T242093131851096,MM,201204,60005,5대광역시,50002,비슷함,10001,지수,,지수,5대광역시,비슷함,지수,2012년 4월
T242093131851096,MM,201204,60005,5대광역시,50003,공급우위,10001,지수,,지수,5대광역시,공급우위,지수,2012년 4월
T242093131851096,MM,201204,60008,서울,50001,수요우위,10001,지수,4,지수,서울,수요우위,지수,2012년 4월
T242093131851096,MM,201204,60008,서울,50002,비슷함,10001,지수,90.8,지수,서울,비슷함,지수,2012년 4월
T242093131851096,MM,201204,60008,서울,50003,공급우위,10001,지수,5.2,지수,서울,공급우위,지수,2012년 4월
T242093131851096,MM,201204,60009,강북지역,50001,수요우위,10001,지수,0.5,지수,서울>강북지역,수요우위,지수,2012년 4월
T242093131851096,MM,201204,60009,강북지역,50002,비슷함,10001,지수,92.5,지수,서울>강북지역,비슷함,지수,2012년 4월
T242093131851096,MM,201204,60009,강북지역,50003,공급우위,10001,지수,7,지수,서울>강북지역,공급우위,지수,2012년 4월
T242093131851096,MM,201204,60013,강남지역,50001,수요우위,10001,지수,7.3,지수,서울>강남지역,수요우위,지수,2012년 4월
T242093131851096,MM,201204,60013,강남지역,50002,비슷함,10001,지수,89.2,지수,서울>강남지역,비슷함,지수,2012년 4월
T242093131851096,MM,201204,60013,강남지역,50003,공급우위,10001,지수,3.6,지수,서울>강남지역,공급우위,지수,2012년 4월
T242093131851096,MM,201204,60016,경기,50001,수요우위,10001,지수,1.8,지수,경기,수요우위,지수,2012년 4월
T242093131851096,MM,201204,60016,경기,50002,비슷함,10001,지수,89.3,지수,경기,비슷함,지수,2012년 4월
T242093131851096,MM,201204,60016,경기,50003,공급우위,10001,지수,9,지수,경기,공급우위,지수,2012년 4월
T242093131851096,MM,201204,60017,인천,50001,수요우위,10001,지수,0,지수,인천,수요우위,지수,2012년 4월
T242093131851096,MM,201204,60017,인천,50002,비슷함,10001,지수,34.6,지수,인천,비슷함,지수,2012년 4월
T242093131851096,MM,201204,60017,인천,50003,공급우위,10001,지수,65.4,지수,인천,공급우위,지수,2012년 4월
T242093131851096,MM,201204,60018,부산,50001,수요우위,10001,지수,,지수,부산,수요우위,지수,2012년 4월
T242093131851096,MM,201204,60018,부산,50002,비슷함,10001,지수,,지수,부산,비슷함,지수,2012년 4월
T242093131851096,MM,201204,60018,부산,50003,공급우위,10001,지수,,지수,부산,공급우위,지수,2012년 4월
T242093131851096,MM,201204,60022,대구,50001,수요우위,10001,지수,,지수,대구,수요우위,지수,2012년 4월
T242093131851096,MM,201204,60022,대구,50002,비슷함,10001,지수,,지수,대구,비슷함,지수,2012년 4월
T242093131851096,MM,201204,60022,대구,50003,공급우위,10001,지수,,지수,대구,공급우위,지수,2012년 4월
T242093131851096,MM,201204,60023,광주,50001,수요우위,10001,지수,,지수,광주,수요우위,지수,2012년 4월
T242093131851096,MM,201204,60023,광주,50002,비슷함,10001,지수,,지수,광주,비슷함,지수,2012년 4월
T242093131851096,MM,201204,60023,광주,50003,공급우위,10001,지수,,지수,광주,공급우위,지수,2012년 4월
T242093131851096,MM,201204,60024,대전,50001,수요우위,10001,지수,,지수,대전,수요우위,지수,2012년 4월
T242093131851096,MM,201204,60024,대전,50002,비슷함,10001,지수,,지수,대전,비슷함,지수,2012년 4월
T242093131851096,MM,201204,60024,대전,50003,공급우위,10001,지수,,지수,대전,공급우위,지수,2012년 4월
T242093131851096,MM,201204,60025,울산,50001,수요우위,10001,지수,,지수,울산,수요우위,지수,2012년 4월
T242093131851096,MM,201204,60025,울산,50002,비슷함,10001,지수,,지수,울산,비슷함,지수,2012년 4월
T242093131851096,MM,201204,60025,울산,50003,공급우위,10001,지수,,지수,울산,공급우위,지수,2012년 4월
T242093131851096,MM,201205,60001,8개시도,50001,수요우위,10001,지수,3.1,지수,8개시도,수요우위,지수,2012년 5월
T242093131851096,MM,201205,60001,8개시도,50002,비슷함,10001,지수,85.5,지수,8개시도,비슷함,지수,2012년 5월
T242093131851096,MM,201205,60001,8개시도,50003,공급우위,10001,지수,11.4,지수,8개시도,공급우위,지수,2012년 5월
T242093131851096,MM,201205,60002,수도권,50001,수요우위,10001,지수,2.1,지수,수도권,수요우위,지수,2012년 5월
T242093131851096,MM,201205,60002,수도권,50002,비슷함,10001,지수,75.7,지수,수도권,비슷함,지수,2012년 5월
T242093131851096,MM,201205,60002,수도권,50003,공급우위,10001,지수,22.2,지수,수도권,공급우위,지수,2012년 5월
T242093131851096,MM,201205,60005,5대광역시,50001,수요우위,10001,지수,1.4,지수,5대광역시,수요우위,지수,2012년 5월
T242093131851096,MM,201205,60005,5대광역시,50002,비슷함,10001,지수,83,지수,5대광역시,비슷함,지수,2012년 5월
T242093131851096,MM,201205,60005,5대광역시,50003,공급우위,10001,지수,15.6,지수,5대광역시,공급우위,지수,2012년 5월
T242093131851096,MM,201205,60008,서울,50001,수요우위,10001,지수,3.4,지수,서울,수요우위,지수,2012년 5월
T242093131851096,MM,201205,60008,서울,50002,비슷함,10001,지수,90.2,지수,서울,비슷함,지수,2012년 5월
T242093131851096,MM,201205,60008,서울,50003,공급우위,10001,지수,6.4,지수,서울,공급우위,지수,2012년 5월
T242093131851096,MM,201205,60009,강북지역,50001,수요우위,10001,지수,0.5,지수,서울>강북지역,수요우위,지수,2012년 5월
T242093131851096,MM,201205,60009,강북지역,50002,비슷함,10001,지수,92.5,지수,서울>강북지역,비슷함,지수,2012년 5월
T242093131851096,MM,201205,60009,강북지역,50003,공급우위,10001,지수,7,지수,서울>강북지역,공급우위,지수,2012년 5월
T242093131851096,MM,201205,60013,강남지역,50001,수요우위,10001,지수,6.1,지수,서울>강남지역,수요우위,지수,2012년 5월
T242093131851096,MM,201205,60013,강남지역,50002,비슷함,10001,지수,88,지수,서울>강남지역,비슷함,지수,2012년 5월
T242093131851096,MM,201205,60013,강남지역,50003,공급우위,10001,지수,5.9,지수,서울>강남지역,공급우위,지수,2012년 5월
T242093131851096,MM,201205,60016,경기,50001,수요우위,10001,지수,0,지수,경기,수요우위,지수,2012년 5월
T242093131851096,MM,201205,60016,경기,50002,비슷함,10001,지수,87.8,지수,경기,비슷함,지수,2012년 5월
T242093131851096,MM,201205,60016,경기,50003,공급우위,10001,지수,12.2,지수,경기,공급우위,지수,2012년 5월
T242093131851096,MM,201205,60017,인천,50001,수요우위,10001,지수,0,지수,인천,수요우위,지수,2012년 5월
T242093131851096,MM,201205,60017,인천,50002,비슷함,10001,지수,23.7,지수,인천,비슷함,지수,2012년 5월
T242093131851096,MM,201205,60017,인천,50003,공급우위,10001,지수,76.3,지수,인천,공급우위,지수,2012년 5월
T242093131851096,MM,201205,60018,부산,50001,수요우위,10001,지수,7.8,지수,부산,수요우위,지수,2012년 5월
T242093131851096,MM,201205,60018,부산,50002,비슷함,10001,지수,90.2,지수,부산,비슷함,지수,2012년 5월
T242093131851096,MM,201205,60018,부산,50003,공급우위,10001,지수,2,지수,부산,공급우위,지수,2012년 5월
T242093131851096,MM,201205,60022,대구,50001,수요우위,10001,지수,0,지수,대구,수요우위,지수,2012년 5월
T242093131851096,MM,201205,60022,대구,50002,비슷함,10001,지수,100,지수,대구,비슷함,지수,2012년 5월
T242093131851096,MM,201205,60022,대구,50003,공급우위,10001,지수,0,지수,대구,공급우위,지수,2012년 5월
T242093131851096,MM,201205,60023,광주,50001,수요우위,10001,지수,0,지수,광주,수요우위,지수,2012년 5월
T242093131851096,MM,201205,60023,광주,50002,비슷함,10001,지수,100,지수,광주,비슷함,지수,2012년 5월
T242093131851096,MM,201205,60023,광주,50003,공급우위,10001,지수,0,지수,광주,공급우위,지수,2012년 5월
T242093131851096,MM,201205,60024,대전,50001,수요우위,10001,지수,0,지수,대전,수요우위,지수,2012년 5월
T242093131851096,MM,201205,60024,대전,50002,비슷함,10001,지수,100,지수,대전,비슷함,지수,2012년 5월
T242093131851096,MM,201205,60024,대전,50003,공급우위,10001,지수,0,지수,대전,공급우위,지수,2012년 5월
T242093131851096,MM,201205,60025,울산,50001,수요우위,10001,지수,0,지수,울산,수요우위,지수,2012년 5월
T242093131851096,MM,201205,60025,울산,50002,비슷함,10001,지수,100,지수,울산,비슷함,지수,2012년 5월
T242093131851096,MM,201205,60025,울산,50003,공급우위,10001,지수,0,지수,울산,공급우위,지수,2012년 5월
T242093131851096,MM,201206,60001,8개시도,50001,수요우위,10001,지수,4.6,지수,8개시도,수요우위,지수,2012년 6월
T242093131851096,MM,201206,60001,8개시도,50002,비슷함,10001,지수,81.5,지수,8개시도,비슷함,지수,2012년 6월
T242093131851096,MM,201206,60001,8개시도,50003,공급우위,10001,지수,13.9,지수,8개시도,공급우위,지수,2012년 6월
T242093131851096,MM,201206,60002,수도권,50001,수요우위,10001,지수,7.1,지수,수도권,수요우위,지수,2012년 6월
T242093131851096,MM,201206,60002,수도권,50002,비슷함,10001,지수,85.5,지수,수도권,비슷함,지수,2012년 6월
T242093131851096,MM,201206,60002,수도권,50003,공급우위,10001,지수,7.5,지수,수도권,공급우위,지수,2012년 6월
T242093131851096,MM,201206,60005,5대광역시,50001,수요우위,10001,지수,2.4,지수,5대광역시,수요우위,지수,2012년 6월
T242093131851096,MM,201206,60005,5대광역시,50002,비슷함,10001,지수,77.9,지수,5대광역시,비슷함,지수,2012년 6월
T242093131851096,MM,201206,60005,5대광역시,50003,공급우위,10001,지수,19.6,지수,5대광역시,공급우위,지수,2012년 6월
T242093131851096,MM,201206,60008,서울,50001,수요우위,10001,지수,7.3,지수,서울,수요우위,지수,2012년 6월
T242093131851096,MM,201206,60008,서울,50002,비슷함,10001,지수,85.4,지수,서울,비슷함,지수,2012년 6월
T242093131851096,MM,201206,60008,서울,50003,공급우위,10001,지수,7.3,지수,서울,공급우위,지수,2012년 6월
T242093131851096,MM,201206,60009,강북지역,50001,수요우위,10001,지수,7.5,지수,서울>강북지역,수요우위,지수,2012년 6월
T242093131851096,MM,201206,60009,강북지역,50002,비슷함,10001,지수,82.5,지수,서울>강북지역,비슷함,지수,2012년 6월
T242093131851096,MM,201206,60009,강북지역,50003,공급우위,10001,지수,10,지수,서울>강북지역,공급우위,지수,2012년 6월
T242093131851096,MM,201206,60013,강남지역,50001,수요우위,10001,지수,7.1,지수,서울>강남지역,수요우위,지수,2012년 6월
T242093131851096,MM,201206,60013,강남지역,50002,비슷함,10001,지수,87.8,지수,서울>강남지역,비슷함,지수,2012년 6월
T242093131851096,MM,201206,60013,강남지역,50003,공급우위,10001,지수,5.1,지수,서울>강남지역,공급우위,지수,2012년 6월
T242093131851096,MM,201206,60016,경기,50001,수요우위,10001,지수,6.5,지수,경기,수요우위,지수,2012년 6월
T242093131851096,MM,201206,60016,경기,50002,비슷함,10001,지수,85.7,지수,경기,비슷함,지수,2012년 6월
T242093131851096,MM,201206,60016,경기,50003,공급우위,10001,지수,7.8,지수,경기,공급우위,지수,2012년 6월
T242093131851096,MM,201206,60017,인천,50001,수요우위,10001,지수,0,지수,인천,수요우위,지수,2012년 6월
T242093131851096,MM,201206,60017,인천,50002,비슷함,10001,지수,41,지수,인천,비슷함,지수,2012년 6월
T242093131851096,MM,201206,60017,인천,50003,공급우위,10001,지수,59,지수,인천,공급우위,지수,2012년 6월
T242093131851096,MM,201206,60018,부산,50001,수요우위,10001,지수,7.8,지수,부산,수요우위,지수,2012년 6월
T242093131851096,MM,201206,60018,부산,50002,비슷함,10001,지수,80.4,지수,부산,비슷함,지수,2012년 6월
T242093131851096,MM,201206,60018,부산,50003,공급우위,10001,지수,11.8,지수,부산,공급우위,지수,2012년 6월
T242093131851096,MM,201206,60022,대구,50001,수요우위,10001,지수,0,지수,대구,수요우위,지수,2012년 6월
T242093131851096,MM,201206,60022,대구,50002,비슷함,10001,지수,95.1,지수,대구,비슷함,지수,2012년 6월
T242093131851096,MM,201206,60022,대구,50003,공급우위,10001,지수,4.9,지수,대구,공급우위,지수,2012년 6월
T242093131851096,MM,201206,60023,광주,50001,수요우위,10001,지수,0,지수,광주,수요우위,지수,2012년 6월
T242093131851096,MM,201206,60023,광주,50002,비슷함,10001,지수,99.2,지수,광주,비슷함,지수,2012년 6월
T242093131851096,MM,201206,60023,광주,50003,공급우위,10001,지수,0.8,지수,광주,공급우위,지수,2012년 6월
T242093131851096,MM,201206,60024,대전,50001,수요우위,10001,지수,0,지수,대전,수요우위,지수,2012년 6월
T242093131851096,MM,201206,60024,대전,50002,비슷함,10001,지수,89.7,지수,대전,비슷함,지수,2012년 6월
T242093131851096,MM,201206,60024,대전,50003,공급우위,10001,지수,10.3,지수,대전,공급우위,지수,2012년 6월
T242093131851096,MM,201206,60025,울산,50001,수요우위,10001,지수,8.6,지수,울산,수요우위,지수,2012년 6월
T242093131851096,MM,201206,60025,울산,50002,비슷함,10001,지수,91.4,지수,울산,비슷함,지수,2012년 6월
T242093131851096,MM,201206,60025,울산,50003,공급우위,10001,지수,0,지수,울산,공급우위,지수,2012년 6월
T242093131851096,MM,201207,60001,8개시도,50001,수요우위,10001,지수,3.2,지수,8개시도,수요우위,지수,2012년 7월
T242093131851096,MM,201207,60001,8개시도,50002,비슷함,10001,지수,81.9,지수,8개시도,비슷함,지수,2012년 7월
T242093131851096,MM,201207,60001,8개시도,50003,공급우위,10001,지수,14.8,지수,8개시도,공급우위,지수,2012년 7월
T242093131851096,MM,201207,60002,수도권,50001,수요우위,10001,지수,3.9,지수,수도권,수요우위,지수,2012년 7월
T242093131851096,MM,201207,60002,수도권,50002,비슷함,10001,지수,85.2,지수,수도권,비슷함,지수,2012년 7월
T242093131851096,MM,201207,60002,수도권,50003,공급우위,10001,지수,10.9,지수,수도권,공급우위,지수,2012년 7월
T242093131851096,MM,201207,60005,5대광역시,50001,수요우위,10001,지수,2.6,지수,5대광역시,수요우위,지수,2012년 7월
T242093131851096,MM,201207,60005,5대광역시,50002,비슷함,10001,지수,78.9,지수,5대광역시,비슷함,지수,2012년 7월
T242093131851096,MM,201207,60005,5대광역시,50003,공급우위,10001,지수,18.5,지수,5대광역시,공급우위,지수,2012년 7월
T242093131851096,MM,201207,60008,서울,50001,수요우위,10001,지수,5.1,지수,서울,수요우위,지수,2012년 7월
T242093131851096,MM,201207,60008,서울,50002,비슷함,10001,지수,85.4,지수,서울,비슷함,지수,2012년 7월
T242093131851096,MM,201207,60008,서울,50003,공급우위,10001,지수,9.6,지수,서울,공급우위,지수,2012년 7월
T242093131851096,MM,201207,60009,강북지역,50001,수요우위,10001,지수,7.5,지수,서울>강북지역,수요우위,지수,2012년 7월
T242093131851096,MM,201207,60009,강북지역,50002,비슷함,10001,지수,83.8,지수,서울>강북지역,비슷함,지수,2012년 7월
T242093131851096,MM,201207,60009,강북지역,50003,공급우위,10001,지수,8.8,지수,서울>강북지역,공급우위,지수,2012년 7월
T242093131851096,MM,201207,60013,강남지역,50001,수요우위,10001,지수,3.1,지수,서울>강남지역,수요우위,지수,2012년 7월
T242093131851096,MM,201207,60013,강남지역,50002,비슷함,10001,지수,86.7,지수,서울>강남지역,비슷함,지수,2012년 7월
T242093131851096,MM,201207,60013,강남지역,50003,공급우위,10001,지수,10.2,지수,서울>강남지역,공급우위,지수,2012년 7월
T242093131851096,MM,201207,60016,경기,50001,수요우위,10001,지수,1.3,지수,경기,수요우위,지수,2012년 7월
T242093131851096,MM,201207,60016,경기,50002,비슷함,10001,지수,84.6,지수,경기,비슷함,지수,2012년 7월
T242093131851096,MM,201207,60016,경기,50003,공급우위,10001,지수,14.1,지수,경기,공급우위,지수,2012년 7월
T242093131851096,MM,201207,60017,인천,50001,수요우위,10001,지수,0,지수,인천,수요우위,지수,2012년 7월
T242093131851096,MM,201207,60017,인천,50002,비슷함,10001,지수,54,지수,인천,비슷함,지수,2012년 7월
T242093131851096,MM,201207,60017,인천,50003,공급우위,10001,지수,46,지수,인천,공급우위,지수,2012년 7월
T242093131851096,MM,201207,60018,부산,50001,수요우위,10001,지수,7.8,지수,부산,수요우위,지수,2012년 7월
T242093131851096,MM,201207,60018,부산,50002,비슷함,10001,지수,78.4,지수,부산,비슷함,지수,2012년 7월
T242093131851096,MM,201207,60018,부산,50003,공급우위,10001,지수,13.7,지수,부산,공급우위,지수,2012년 7월
T242093131851096,MM,201207,60022,대구,50001,수요우위,10001,지수,5.1,지수,대구,수요우위,지수,2012년 7월
T242093131851096,MM,201207,60022,대구,50002,비슷함,10001,지수,94.9,지수,대구,비슷함,지수,2012년 7월
T242093131851096,MM,201207,60022,대구,50003,공급우위,10001,지수,0,지수,대구,공급우위,지수,2012년 7월
T242093131851096,MM,201207,60023,광주,50001,수요우위,10001,지수,0,지수,광주,수요우위,지수,2012년 7월
T242093131851096,MM,201207,60023,광주,50002,비슷함,10001,지수,99,지수,광주,비슷함,지수,2012년 7월
T242093131851096,MM,201207,60023,광주,50003,공급우위,10001,지수,1,지수,광주,공급우위,지수,2012년 7월
T242093131851096,MM,201207,60024,대전,50001,수요우위,10001,지수,0,지수,대전,수요우위,지수,2012년 7월
T242093131851096,MM,201207,60024,대전,50002,비슷함,10001,지수,77.8,지수,대전,비슷함,지수,2012년 7월
T242093131851096,MM,201207,60024,대전,50003,공급우위,10001,지수,22.2,지수,대전,공급우위,지수,2012년 7월
T242093131851096,MM,201207,60025,울산,50001,수요우위,10001,지수,2.9,지수,울산,수요우위,지수,2012년 7월
T242093131851096,MM,201207,60025,울산,50002,비슷함,10001,지수,94.3,지수,울산,비슷함,지수,2012년 7월
T242093131851096,MM,201207,60025,울산,50003,공급우위,10001,지수,2.9,지수,울산,공급우위,지수,2012년 7월
T242093131851096,MM,201208,60001,8개시도,50001,수요우위,10001,지수,3.4,지수,8개시도,수요우위,지수,2012년 8월
T242093131851096,MM,201208,60001,8개시도,50002,비슷함,10001,지수,81.2,지수,8개시도,비슷함,지수,2012년 8월
T242093131851096,MM,201208,60001,8개시도,50003,공급우위,10001,지수,15.4,지수,8개시도,공급우위,지수,2012년 8월
T242093131851096,MM,201208,60002,수도권,50001,수요우위,10001,지수,3.9,지수,수도권,수요우위,지수,2012년 8월
T242093131851096,MM,201208,60002,수도권,50002,비슷함,10001,지수,84.5,지수,수도권,비슷함,지수,2012년 8월
T242093131851096,MM,201208,60002,수도권,50003,공급우위,10001,지수,11.6,지수,수도권,공급우위,지수,2012년 8월
T242093131851096,MM,201208,60005,5대광역시,50001,수요우위,10001,지수,2.9,지수,5대광역시,수요우위,지수,2012년 8월
T242093131851096,MM,201208,60005,5대광역시,50002,비슷함,10001,지수,78.2,지수,5대광역시,비슷함,지수,2012년 8월
T242093131851096,MM,201208,60005,5대광역시,50003,공급우위,10001,지수,18.9,지수,5대광역시,공급우위,지수,2012년 8월
T242093131851096,MM,201208,60008,서울,50001,수요우위,10001,지수,5.1,지수,서울,수요우위,지수,2012년 8월
T242093131851096,MM,201208,60008,서울,50002,비슷함,10001,지수,85.4,지수,서울,비슷함,지수,2012년 8월
T242093131851096,MM,201208,60008,서울,50003,공급우위,10001,지수,9.6,지수,서울,공급우위,지수,2012년 8월
T242093131851096,MM,201208,60009,강북지역,50001,수요우위,10001,지수,7.5,지수,서울>강북지역,수요우위,지수,2012년 8월
T242093131851096,MM,201208,60009,강북지역,50002,비슷함,10001,지수,82.5,지수,서울>강북지역,비슷함,지수,2012년 8월
T242093131851096,MM,201208,60009,강북지역,50003,공급우위,10001,지수,10,지수,서울>강북지역,공급우위,지수,2012년 8월
T242093131851096,MM,201208,60013,강남지역,50001,수요우위,10001,지수,3.1,지수,서울>강남지역,수요우위,지수,2012년 8월
T242093131851096,MM,201208,60013,강남지역,50002,비슷함,10001,지수,87.8,지수,서울>강남지역,비슷함,지수,2012년 8월
T242093131851096,MM,201208,60013,강남지역,50003,공급우위,10001,지수,9.2,지수,서울>강남지역,공급우위,지수,2012년 8월
T242093131851096,MM,201208,60016,경기,50001,수요우위,10001,지수,1.3,지수,경기,수요우위,지수,2012년 8월
T242093131851096,MM,201208,60016,경기,50002,비슷함,10001,지수,82.5,지수,경기,비슷함,지수,2012년 8월
T242093131851096,MM,201208,60016,경기,50003,공급우위,10001,지수,16.2,지수,경기,공급우위,지수,2012년 8월
T242093131851096,MM,201208,60017,인천,50001,수요우위,10001,지수,0,지수,인천,수요우위,지수,2012년 8월
T242093131851096,MM,201208,60017,인천,50002,비슷함,10001,지수,54,지수,인천,비슷함,지수,2012년 8월
T242093131851096,MM,201208,60017,인천,50003,공급우위,10001,지수,46,지수,인천,공급우위,지수,2012년 8월
T242093131851096,MM,201208,60018,부산,50001,수요우위,10001,지수,5.9,지수,부산,수요우위,지수,2012년 8월
T242093131851096,MM,201208,60018,부산,50002,비슷함,10001,지수,72.5,지수,부산,비슷함,지수,2012년 8월
T242093131851096,MM,201208,60018,부산,50003,공급우위,10001,지수,21.6,지수,부산,공급우위,지수,2012년 8월
T242093131851096,MM,201208,60022,대구,50001,수요우위,10001,지수,7.3,지수,대구,수요우위,지수,2012년 8월
T242093131851096,MM,201208,60022,대구,50002,비슷함,10001,지수,92.7,지수,대구,비슷함,지수,2012년 8월
T242093131851096,MM,201208,60022,대구,50003,공급우위,10001,지수,0,지수,대구,공급우위,지수,2012년 8월
T242093131851096,MM,201208,60023,광주,50001,수요우위,10001,지수,2.5,지수,광주,수요우위,지수,2012년 8월
T242093131851096,MM,201208,60023,광주,50002,비슷함,10001,지수,91.7,지수,광주,비슷함,지수,2012년 8월
T242093131851096,MM,201208,60023,광주,50003,공급우위,10001,지수,5.8,지수,광주,공급우위,지수,2012년 8월
T242093131851096,MM,201208,60024,대전,50001,수요우위,10001,지수,0,지수,대전,수요우위,지수,2012년 8월
T242093131851096,MM,201208,60024,대전,50002,비슷함,10001,지수,83.3,지수,대전,비슷함,지수,2012년 8월
T242093131851096,MM,201208,60024,대전,50003,공급우위,10001,지수,16.7,지수,대전,공급우위,지수,2012년 8월
T242093131851096,MM,201208,60025,울산,50001,수요우위,10001,지수,2.9,지수,울산,수요우위,지수,2012년 8월
T242093131851096,MM,201208,60025,울산,50002,비슷함,10001,지수,97.1,지수,울산,비슷함,지수,2012년 8월
T242093131851096,MM,201208,60025,울산,50003,공급우위,10001,지수,0,지수,울산,공급우위,지수,2012년 8월
T242093131851096,MM,201209,60001,8개시도,50001,수요우위,10001,지수,6.6,지수,8개시도,수요우위,지수,2012년 9월
T242093131851096,MM,201209,60001,8개시도,50002,비슷함,10001,지수,85.1,지수,8개시도,비슷함,지수,2012년 9월
T242093131851096,MM,201209,60001,8개시도,50003,공급우위,10001,지수,8.3,지수,8개시도,공급우위,지수,2012년 9월
T242093131851096,MM,201209,60002,수도권,50001,수요우위,10001,지수,9,지수,수도권,수요우위,지수,2012년 9월
T242093131851096,MM,201209,60002,수도권,50002,비슷함,10001,지수,82.3,지수,수도권,비슷함,지수,2012년 9월
T242093131851096,MM,201209,60002,수도권,50003,공급우위,10001,지수,8.7,지수,수도권,공급우위,지수,2012년 9월
T242093131851096,MM,201209,60005,5대광역시,50001,수요우위,10001,지수,4.5,지수,5대광역시,수요우위,지수,2012년 9월
T242093131851096,MM,201209,60005,5대광역시,50002,비슷함,10001,지수,87.7,지수,5대광역시,비슷함,지수,2012년 9월
T242093131851096,MM,201209,60005,5대광역시,50003,공급우위,10001,지수,7.8,지수,5대광역시,공급우위,지수,2012년 9월
T242093131851096,MM,201209,60008,서울,50001,수요우위,10001,지수,10.7,지수,서울,수요우위,지수,2012년 9월
T242093131851096,MM,201209,60008,서울,50002,비슷함,10001,지수,83.1,지수,서울,비슷함,지수,2012년 9월
T242093131851096,MM,201209,60008,서울,50003,공급우위,10001,지수,6.2,지수,서울,공급우위,지수,2012년 9월
T242093131851096,MM,201209,60009,강북지역,50001,수요우위,10001,지수,10,지수,서울>강북지역,수요우위,지수,2012년 9월
T242093131851096,MM,201209,60009,강북지역,50002,비슷함,10001,지수,87.5,지수,서울>강북지역,비슷함,지수,2012년 9월
T242093131851096,MM,201209,60009,강북지역,50003,공급우위,10001,지수,2.5,지수,서울>강북지역,공급우위,지수,2012년 9월
T242093131851096,MM,201209,60013,강남지역,50001,수요우위,10001,지수,11.2,지수,서울>강남지역,수요우위,지수,2012년 9월
T242093131851096,MM,201209,60013,강남지역,50002,비슷함,10001,지수,79.6,지수,서울>강남지역,비슷함,지수,2012년 9월
T242093131851096,MM,201209,60013,강남지역,50003,공급우위,10001,지수,9.2,지수,서울>강남지역,공급우위,지수,2012년 9월
T242093131851096,MM,201209,60016,경기,50001,수요우위,10001,지수,5.1,지수,경기,수요우위,지수,2012년 9월
T242093131851096,MM,201209,60016,경기,50002,비슷함,10001,지수,80.3,지수,경기,비슷함,지수,2012년 9월
T242093131851096,MM,201209,60016,경기,50003,공급우위,10001,지수,14.5,지수,경기,공급우위,지수,2012년 9월
T242093131851096,MM,201209,60017,인천,50001,수요우위,10001,지수,1.4,지수,인천,수요우위,지수,2012년 9월
T242093131851096,MM,201209,60017,인천,50002,비슷함,10001,지수,85.1,지수,인천,비슷함,지수,2012년 9월
T242093131851096,MM,201209,60017,인천,50003,공급우위,10001,지수,13.5,지수,인천,공급우위,지수,2012년 9월
T242093131851096,MM,201209,60018,부산,50001,수요우위,10001,지수,5.9,지수,부산,수요우위,지수,2012년 9월
T242093131851096,MM,201209,60018,부산,50002,비슷함,10001,지수,75.8,지수,부산,비슷함,지수,2012년 9월
T242093131851096,MM,201209,60018,부산,50003,공급우위,10001,지수,18.3,지수,부산,공급우위,지수,2012년 9월
T242093131851096,MM,201209,60022,대구,50001,수요우위,10001,지수,2.4,지수,대구,수요우위,지수,2012년 9월
T242093131851096,MM,201209,60022,대구,50002,비슷함,10001,지수,97.6,지수,대구,비슷함,지수,2012년 9월
T242093131851096,MM,201209,60022,대구,50003,공급우위,10001,지수,0,지수,대구,공급우위,지수,2012년 9월
T242093131851096,MM,201209,60023,광주,50001,수요우위,10001,지수,2.2,지수,광주,수요우위,지수,2012년 9월
T242093131851096,MM,201209,60023,광주,50002,비슷함,10001,지수,97.1,지수,광주,비슷함,지수,2012년 9월
T242093131851096,MM,201209,60023,광주,50003,공급우위,10001,지수,0.7,지수,광주,공급우위,지수,2012년 9월
T242093131851096,MM,201209,60024,대전,50001,수요우위,10001,지수,9.5,지수,대전,수요우위,지수,2012년 9월
T242093131851096,MM,201209,60024,대전,50002,비슷함,10001,지수,83.3,지수,대전,비슷함,지수,2012년 9월
T242093131851096,MM,201209,60024,대전,50003,공급우위,10001,지수,7.1,지수,대전,공급우위,지수,2012년 9월
T242093131851096,MM,201209,60025,울산,50001,수요우위,10001,지수,8.6,지수,울산,수요우위,지수,2012년 9월
T242093131851096,MM,201209,60025,울산,50002,비슷함,10001,지수,91.4,지수,울산,비슷함,지수,2012년 9월
T242093131851096,MM,201209,60025,울산,50003,공급우위,10001,지수,0,지수,울산,공급우위,지수,2012년 9월
T242093131851096,MM,201210,60001,8개시도,50001,수요우위,10001,지수,7.9,지수,8개시도,수요우위,지수,2012년 10월
T242093131851096,MM,201210,60001,8개시도,50002,비슷함,10001,지수,81.9,지수,8개시도,비슷함,지수,2012년 10월
T242093131851096,MM,201210,60001,8개시도,50003,공급우위,10001,지수,10.2,지수,8개시도,공급우위,지수,2012년 10월
T242093131851096,MM,201210,60002,수도권,50001,수요우위,10001,지수,11.7,지수,수도권,수요우위,지수,2012년 10월
T242093131851096,MM,201210,60002,수도권,50002,비슷함,10001,지수,79.2,지수,수도권,비슷함,지수,2012년 10월
T242093131851096,MM,201210,60002,수도권,50003,공급우위,10001,지수,9.1,지수,수도권,공급우위,지수,2012년 10월
T242093131851096,MM,201210,60005,5대광역시,50001,수요우위,10001,지수,4.5,지수,5대광역시,수요우위,지수,2012년 10월
T242093131851096,MM,201210,60005,5대광역시,50002,비슷함,10001,지수,84.3,지수,5대광역시,비슷함,지수,2012년 10월
T242093131851096,MM,201210,60005,5대광역시,50003,공급우위,10001,지수,11.2,지수,5대광역시,공급우위,지수,2012년 10월
T242093131851096,MM,201210,60008,서울,50001,수요우위,10001,지수,14.6,지수,서울,수요우위,지수,2012년 10월
T242093131851096,MM,201210,60008,서울,50002,비슷함,10001,지수,79.2,지수,서울,비슷함,지수,2012년 10월
T242093131851096,MM,201210,60008,서울,50003,공급우위,10001,지수,6.2,지수,서울,공급우위,지수,2012년 10월
T242093131851096,MM,201210,60009,강북지역,50001,수요우위,10001,지수,10.7,지수,서울>강북지역,수요우위,지수,2012년 10월
T242093131851096,MM,201210,60009,강북지역,50002,비슷함,10001,지수,86.9,지수,서울>강북지역,비슷함,지수,2012년 10월
T242093131851096,MM,201210,60009,강북지역,50003,공급우위,10001,지수,2.4,지수,서울>강북지역,공급우위,지수,2012년 10월
T242093131851096,MM,201210,60013,강남지역,50001,수요우위,10001,지수,18.1,지수,서울>강남지역,수요우위,지수,2012년 10월
T242093131851096,MM,201210,60013,강남지역,50002,비슷함,10001,지수,72.3,지수,서울>강남지역,비슷함,지수,2012년 10월
T242093131851096,MM,201210,60013,강남지역,50003,공급우위,10001,지수,9.6,지수,서울>강남지역,공급우위,지수,2012년 10월
T242093131851096,MM,201210,60016,경기,50001,수요우위,10001,지수,5.1,지수,경기,수요우위,지수,2012년 10월
T242093131851096,MM,201210,60016,경기,50002,비슷함,10001,지수,79.1,지수,경기,비슷함,지수,2012년 10월
T242093131851096,MM,201210,60016,경기,50003,공급우위,10001,지수,15.8,지수,경기,공급우위,지수,2012년 10월
T242093131851096,MM,201210,60017,인천,50001,수요우위,10001,지수,1.4,지수,인천,수요우위,지수,2012년 10월
T242093131851096,MM,201210,60017,인천,50002,비슷함,10001,지수,69.4,지수,인천,비슷함,지수,2012년 10월
T242093131851096,MM,201210,60017,인천,50003,공급우위,10001,지수,29.3,지수,인천,공급우위,지수,2012년 10월
T242093131851096,MM,201210,60018,부산,50001,수요우위,10001,지수,5.9,지수,부산,수요우위,지수,2012년 10월
T242093131851096,MM,201210,60018,부산,50002,비슷함,10001,지수,74.5,지수,부산,비슷함,지수,2012년 10월
T242093131851096,MM,201210,60018,부산,50003,공급우위,10001,지수,19.6,지수,부산,공급우위,지수,2012년 10월
T242093131851096,MM,201210,60022,대구,50001,수요우위,10001,지수,7.3,지수,대구,수요우위,지수,2012년 10월
T242093131851096,MM,201210,60022,대구,50002,비슷함,10001,지수,92.7,지수,대구,비슷함,지수,2012년 10월
T242093131851096,MM,201210,60022,대구,50003,공급우위,10001,지수,0,지수,대구,공급우위,지수,2012년 10월
T242093131851096,MM,201210,60023,광주,50001,수요우위,10001,지수,2.2,지수,광주,수요우위,지수,2012년 10월
T242093131851096,MM,201210,60023,광주,50002,비슷함,10001,지수,97.1,지수,광주,비슷함,지수,2012년 10월
T242093131851096,MM,201210,60023,광주,50003,공급우위,10001,지수,0.7,지수,광주,공급우위,지수,2012년 10월
T242093131851096,MM,201210,60024,대전,50001,수요우위,10001,지수,7.1,지수,대전,수요우위,지수,2012년 10월
T242093131851096,MM,201210,60024,대전,50002,비슷함,10001,지수,92.1,지수,대전,비슷함,지수,2012년 10월
T242093131851096,MM,201210,60024,대전,50003,공급우위,10001,지수,0.8,지수,대전,공급우위,지수,2012년 10월
T242093131851096,MM,201210,60025,울산,50001,수요우위,10001,지수,5.7,지수,울산,수요우위,지수,2012년 10월
T242093131851096,MM,201210,60025,울산,50002,비슷함,10001,지수,94.3,지수,울산,비슷함,지수,2012년 10월
T242093131851096,MM,201210,60025,울산,50003,공급우위,10001,지수,0,지수,울산,공급우위,지수,2012년 10월
T242093131851096,MM,201211,60001,8개시도,50001,수요우위,10001,지수,8.5,지수,8개시도,수요우위,지수,2012년 11월
T242093131851096,MM,201211,60001,8개시도,50002,비슷함,10001,지수,81.2,지수,8개시도,비슷함,지수,2012년 11월
T242093131851096,MM,201211,60001,8개시도,50003,공급우위,10001,지수,10.3,지수,8개시도,공급우위,지수,2012년 11월
T242093131851096,MM,201211,60002,수도권,50001,수요우위,10001,지수,12.1,지수,수도권,수요우위,지수,2012년 11월
T242093131851096,MM,201211,60002,수도권,50002,비슷함,10001,지수,77.6,지수,수도권,비슷함,지수,2012년 11월
T242093131851096,MM,201211,60002,수도권,50003,공급우위,10001,지수,10.3,지수,수도권,공급우위,지수,2012년 11월
T242093131851096,MM,201211,60005,5대광역시,50001,수요우위,10001,지수,5.3,지수,5대광역시,수요우위,지수,2012년 11월
T242093131851096,MM,201211,60005,5대광역시,50002,비슷함,10001,지수,84.4,지수,5대광역시,비슷함,지수,2012년 11월
T242093131851096,MM,201211,60005,5대광역시,50003,공급우위,10001,지수,10.3,지수,5대광역시,공급우위,지수,2012년 11월
T242093131851096,MM,201211,60008,서울,50001,수요우위,10001,지수,16.9,지수,서울,수요우위,지수,2012년 11월
T242093131851096,MM,201211,60008,서울,50002,비슷함,10001,지수,75.3,지수,서울,비슷함,지수,2012년 11월
T242093131851096,MM,201211,60008,서울,50003,공급우위,10001,지수,7.9,지수,서울,공급우위,지수,2012년 11월
T242093131851096,MM,201211,60009,강북지역,50001,수요우위,10001,지수,10.7,지수,서울>강북지역,수요우위,지수,2012년 11월
T242093131851096,MM,201211,60009,강북지역,50002,비슷함,10001,지수,85.7,지수,서울>강북지역,비슷함,지수,2012년 11월
T242093131851096,MM,201211,60009,강북지역,50003,공급우위,10001,지수,3.6,지수,서울>강북지역,공급우위,지수,2012년 11월
T242093131851096,MM,201211,60013,강남지역,50001,수요우위,10001,지수,22.3,지수,서울>강남지역,수요우위,지수,2012년 11월
T242093131851096,MM,201211,60013,강남지역,50002,비슷함,10001,지수,66,지수,서울>강남지역,비슷함,지수,2012년 11월
T242093131851096,MM,201211,60013,강남지역,50003,공급우위,10001,지수,11.7,지수,서울>강남지역,공급우위,지수,2012년 11월
T242093131851096,MM,201211,60016,경기,50001,수요우위,10001,지수,1.3,지수,경기,수요우위,지수,2012년 11월
T242093131851096,MM,201211,60016,경기,50002,비슷함,10001,지수,82.9,지수,경기,비슷함,지수,2012년 11월
T242093131851096,MM,201211,60016,경기,50003,공급우위,10001,지수,15.8,지수,경기,공급우위,지수,2012년 11월
T242093131851096,MM,201211,60017,인천,50001,수요우위,10001,지수,1.4,지수,인천,수요우위,지수,2012년 11월
T242093131851096,MM,201211,60017,인천,50002,비슷함,10001,지수,77,지수,인천,비슷함,지수,2012년 11월
T242093131851096,MM,201211,60017,인천,50003,공급우위,10001,지수,21.6,지수,인천,공급우위,지수,2012년 11월
T242093131851096,MM,201211,60018,부산,50001,수요우위,10001,지수,0,지수,부산,수요우위,지수,2012년 11월
T242093131851096,MM,201211,60018,부산,50002,비슷함,10001,지수,77.8,지수,부산,비슷함,지수,2012년 11월
T242093131851096,MM,201211,60018,부산,50003,공급우위,10001,지수,22.2,지수,부산,공급우위,지수,2012년 11월
T242093131851096,MM,201211,60022,대구,50001,수요우위,10001,지수,24.4,지수,대구,수요우위,지수,2012년 11월
T242093131851096,MM,201211,60022,대구,50002,비슷함,10001,지수,75.6,지수,대구,비슷함,지수,2012년 11월
T242093131851096,MM,201211,60022,대구,50003,공급우위,10001,지수,0,지수,대구,공급우위,지수,2012년 11월
T242093131851096,MM,201211,60023,광주,50001,수요우위,10001,지수,0,지수,광주,수요우위,지수,2012년 11월
T242093131851096,MM,201211,60023,광주,50002,비슷함,10001,지수,99.3,지수,광주,비슷함,지수,2012년 11월
T242093131851096,MM,201211,60023,광주,50003,공급우위,10001,지수,0.7,지수,광주,공급우위,지수,2012년 11월
T242093131851096,MM,201211,60024,대전,50001,수요우위,10001,지수,7.9,지수,대전,수요우위,지수,2012년 11월
T242093131851096,MM,201211,60024,대전,50002,비슷함,10001,지수,87.3,지수,대전,비슷함,지수,2012년 11월
T242093131851096,MM,201211,60024,대전,50003,공급우위,10001,지수,4.8,지수,대전,공급우위,지수,2012년 11월
T242093131851096,MM,201211,60025,울산,50001,수요우위,10001,지수,2.9,지수,울산,수요우위,지수,2012년 11월
T242093131851096,MM,201211,60025,울산,50002,비슷함,10001,지수,97.1,지수,울산,비슷함,지수,2012년 11월
T242093131851096,MM,201211,60025,울산,50003,공급우위,10001,지수,0,지수,울산,공급우위,지수,2012년 11월
T242093131851096,MM,201212,60001,8개시도,50001,수요우위,10001,지수,6.6,지수,8개시도,수요우위,지수,2012년 12월
T242093131851096,MM,201212,60001,8개시도,50002,비슷함,10001,지수,80.5,지수,8개시도,비슷함,지수,2012년 12월
T242093131851096,MM,201212,60001,8개시도,50003,공급우위,10001,지수,12.9,지수,8개시도,공급우위,지수,2012년 12월
T242093131851096,MM,201212,60002,수도권,50001,수요우위,10001,지수,8.2,지수,수도권,수요우위,지수,2012년 12월
T242093131851096,MM,201212,60002,수도권,50002,비슷함,10001,지수,76.3,지수,수도권,비슷함,지수,2012년 12월
T242093131851096,MM,201212,60002,수도권,50003,공급우위,10001,지수,15.4,지수,수도권,공급우위,지수,2012년 12월
T242093131851096,MM,201212,60005,5대광역시,50001,수요우위,10001,지수,5.2,지수,5대광역시,수요우위,지수,2012년 12월
T242093131851096,MM,201212,60005,5대광역시,50002,비슷함,10001,지수,84.1,지수,5대광역시,비슷함,지수,2012년 12월
T242093131851096,MM,201212,60005,5대광역시,50003,공급우위,10001,지수,10.7,지수,5대광역시,공급우위,지수,2012년 12월
T242093131851096,MM,201212,60008,서울,50001,수요우위,10001,지수,11.2,지수,서울,수요우위,지수,2012년 12월
T242093131851096,MM,201212,60008,서울,50002,비슷함,10001,지수,74.2,지수,서울,비슷함,지수,2012년 12월
T242093131851096,MM,201212,60008,서울,50003,공급우위,10001,지수,14.6,지수,서울,공급우위,지수,2012년 12월
T242093131851096,MM,201212,60009,강북지역,50001,수요우위,10001,지수,9.5,지수,서울>강북지역,수요우위,지수,2012년 12월
T242093131851096,MM,201212,60009,강북지역,50002,비슷함,10001,지수,89.3,지수,서울>강북지역,비슷함,지수,2012년 12월
T242093131851096,MM,201212,60009,강북지역,50003,공급우위,10001,지수,1.2,지수,서울>강북지역,공급우위,지수,2012년 12월
T242093131851096,MM,201212,60013,강남지역,50001,수요우위,10001,지수,12.8,지수,서울>강남지역,수요우위,지수,2012년 12월
T242093131851096,MM,201212,60013,강남지역,50002,비슷함,10001,지수,60.6,지수,서울>강남지역,비슷함,지수,2012년 12월
T242093131851096,MM,201212,60013,강남지역,50003,공급우위,10001,지수,26.6,지수,서울>강남지역,공급우위,지수,2012년 12월
T242093131851096,MM,201212,60016,경기,50001,수요우위,10001,지수,1.3,지수,경기,수요우위,지수,2012년 12월
T242093131851096,MM,201212,60016,경기,50002,비슷함,10001,지수,81.4,지수,경기,비슷함,지수,2012년 12월
T242093131851096,MM,201212,60016,경기,50003,공급우위,10001,지수,17.3,지수,경기,공급우위,지수,2012년 12월
T242093131851096,MM,201212,60017,인천,50001,수요우위,10001,지수,1.4,지수,인천,수요우위,지수,2012년 12월
T242093131851096,MM,201212,60017,인천,50002,비슷함,10001,지수,75.2,지수,인천,비슷함,지수,2012년 12월
T242093131851096,MM,201212,60017,인천,50003,공급우위,10001,지수,23.4,지수,인천,공급우위,지수,2012년 12월
T242093131851096,MM,201212,60018,부산,50001,수요우위,10001,지수,0,지수,부산,수요우위,지수,2012년 12월
T242093131851096,MM,201212,60018,부산,50002,비슷함,10001,지수,73.9,지수,부산,비슷함,지수,2012년 12월
T242093131851096,MM,201212,60018,부산,50003,공급우위,10001,지수,26.1,지수,부산,공급우위,지수,2012년 12월
T242093131851096,MM,201212,60022,대구,50001,수요우위,10001,지수,22,지수,대구,수요우위,지수,2012년 12월
T242093131851096,MM,201212,60022,대구,50002,비슷함,10001,지수,78,지수,대구,비슷함,지수,2012년 12월
T242093131851096,MM,201212,60022,대구,50003,공급우위,10001,지수,0,지수,대구,공급우위,지수,2012년 12월
T242093131851096,MM,201212,60023,광주,50001,수요우위,10001,지수,2.2,지수,광주,수요우위,지수,2012년 12월
T242093131851096,MM,201212,60023,광주,50002,비슷함,10001,지수,97.1,지수,광주,비슷함,지수,2012년 12월
T242093131851096,MM,201212,60023,광주,50003,공급우위,10001,지수,0.7,지수,광주,공급우위,지수,2012년 12월
T242093131851096,MM,201212,60024,대전,50001,수요우위,10001,지수,2.4,지수,대전,수요우위,지수,2012년 12월
T242093131851096,MM,201212,60024,대전,50002,비슷함,10001,지수,97.6,지수,대전,비슷함,지수,2012년 12월
T242093131851096,MM,201212,60024,대전,50003,공급우위,10001,지수,0,지수,대전,공급우위,지수,2012년 12월
T242093131851096,MM,201212,60025,울산,50001,수요우위,10001,지수,8.6,지수,울산,수요우위,지수,2012년 12월
T242093131851096,MM,201212,60025,울산,50002,비슷함,10001,지수,91.4,지수,울산,비슷함,지수,2012년 12월
T242093131851096,MM,201212,60025,울산,50003,공급우위,10001,지수,0,지수,울산,공급우위,지수,2012년 12월
T242093131851096,MM,201301,60001,8개시도,50001,수요우위,10001,지수,5.9,지수,8개시도,수요우위,지수,2013년 1월
T242093131851096,MM,201301,60001,8개시도,50002,비슷함,10001,지수,80.9,지수,8개시도,비슷함,지수,2013년 1월
T242093131851096,MM,201301,60001,8개시도,50003,공급우위,10001,지수,13.2,지수,8개시도,공급우위,지수,2013년 1월
T242093131851096,MM,201301,60002,수도권,50001,수요우위,10001,지수,8.6,지수,수도권,수요우위,지수,2013년 1월
T242093131851096,MM,201301,60002,수도권,50002,비슷함,10001,지수,80.3,지수,수도권,비슷함,지수,2013년 1월
T242093131851096,MM,201301,60002,수도권,50003,공급우위,10001,지수,11.1,지수,수도권,공급우위,지수,2013년 1월
T242093131851096,MM,201301,60005,5대광역시,50001,수요우위,10001,지수,3.5,지수,5대광역시,수요우위,지수,2013년 1월
T242093131851096,MM,201301,60005,5대광역시,50002,비슷함,10001,지수,81.5,지수,5대광역시,비슷함,지수,2013년 1월
T242093131851096,MM,201301,60005,5대광역시,50003,공급우위,10001,지수,15,지수,5대광역시,공급우위,지수,2013년 1월
T242093131851096,MM,201301,60008,서울,50001,수요우위,10001,지수,11.2,지수,서울,수요우위,지수,2013년 1월
T242093131851096,MM,201301,60008,서울,50002,비슷함,10001,지수,79.2,지수,서울,비슷함,지수,2013년 1월
T242093131851096,MM,201301,60008,서울,50003,공급우위,10001,지수,9.6,지수,서울,공급우위,지수,2013년 1월
T242093131851096,MM,201301,60009,강북지역,50001,수요우위,10001,지수,10.7,지수,서울>강북지역,수요우위,지수,2013년 1월
T242093131851096,MM,201301,60009,강북지역,50002,비슷함,10001,지수,88.1,지수,서울>강북지역,비슷함,지수,2013년 1월
T242093131851096,MM,201301,60009,강북지역,50003,공급우위,10001,지수,1.2,지수,서울>강북지역,공급우위,지수,2013년 1월
T242093131851096,MM,201301,60013,강남지역,50001,수요우위,10001,지수,11.7,지수,서울>강남지역,수요우위,지수,2013년 1월
T242093131851096,MM,201301,60013,강남지역,50002,비슷함,10001,지수,71.3,지수,서울>강남지역,비슷함,지수,2013년 1월
T242093131851096,MM,201301,60013,강남지역,50003,공급우위,10001,지수,17,지수,서울>강남지역,공급우위,지수,2013년 1월
T242093131851096,MM,201301,60016,경기,50001,수요우위,10001,지수,2.6,지수,경기,수요우위,지수,2013년 1월
T242093131851096,MM,201301,60016,경기,50002,비슷함,10001,지수,82.7,지수,경기,비슷함,지수,2013년 1월
T242093131851096,MM,201301,60016,경기,50003,공급우위,10001,지수,14.7,지수,경기,공급우위,지수,2013년 1월
T242093131851096,MM,201301,60017,인천,50001,수요우위,10001,지수,1.4,지수,인천,수요우위,지수,2013년 1월
T242093131851096,MM,201301,60017,인천,50002,비슷함,10001,지수,69.8,지수,인천,비슷함,지수,2013년 1월
T242093131851096,MM,201301,60017,인천,50003,공급우위,10001,지수,28.8,지수,인천,공급우위,지수,2013년 1월
T242093131851096,MM,201301,60018,부산,50001,수요우위,10001,지수,0,지수,부산,수요우위,지수,2013년 1월
T242093131851096,MM,201301,60018,부산,50002,비슷함,10001,지수,75.2,지수,부산,비슷함,지수,2013년 1월
T242093131851096,MM,201301,60018,부산,50003,공급우위,10001,지수,24.8,지수,부산,공급우위,지수,2013년 1월
T242093131851096,MM,201301,60022,대구,50001,수요우위,10001,지수,17.1,지수,대구,수요우위,지수,2013년 1월
T242093131851096,MM,201301,60022,대구,50002,비슷함,10001,지수,82.9,지수,대구,비슷함,지수,2013년 1월
T242093131851096,MM,201301,60022,대구,50003,공급우위,10001,지수,0,지수,대구,공급우위,지수,2013년 1월
T242093131851096,MM,201301,60023,광주,50001,수요우위,10001,지수,0,지수,광주,수요우위,지수,2013년 1월
T242093131851096,MM,201301,60023,광주,50002,비슷함,10001,지수,99.3,지수,광주,비슷함,지수,2013년 1월
T242093131851096,MM,201301,60023,광주,50003,공급우위,10001,지수,0.7,지수,광주,공급우위,지수,2013년 1월
T242093131851096,MM,201301,60024,대전,50001,수요우위,10001,지수,2.4,지수,대전,수요우위,지수,2013년 1월
T242093131851096,MM,201301,60024,대전,50002,비슷함,10001,지수,97.6,지수,대전,비슷함,지수,2013년 1월
T242093131851096,MM,201301,60024,대전,50003,공급우위,10001,지수,0,지수,대전,공급우위,지수,2013년 1월
T242093131851096,MM,201301,60025,울산,50001,수요우위,10001,지수,2.9,지수,울산,수요우위,지수,2013년 1월
T242093131851096,MM,201301,60025,울산,50002,비슷함,10001,지수,71.4,지수,울산,비슷함,지수,2013년 1월
T242093131851096,MM,201301,60025,울산,50003,공급우위,10001,지수,25.7,지수,울산,공급우위,지수,2013년 1월
T242093131851096,MM,201302,60001,8개시도,50001,수요우위,10001,지수,5.8,지수,8개시도,수요우위,지수,2013년 2월
T242093131851096,MM,201302,60001,8개시도,50002,비슷함,10001,지수,83.3,지수,8개시도,비슷함,지수,2013년 2월
T242093131851096,MM,201302,60001,8개시도,50003,공급우위,10001,지수,10.9,지수,8개시도,공급우위,지수,2013년 2월
T242093131851096,MM,201302,60002,수도권,50001,수요우위,10001,지수,8.4,지수,수도권,수요우위,지수,2013년 2월
T242093131851096,MM,201302,60002,수도권,50002,비슷함,10001,지수,79.5,지수,수도권,비슷함,지수,2013년 2월
T242093131851096,MM,201302,60002,수도권,50003,공급우위,10001,지수,12.2,지수,수도권,공급우위,지수,2013년 2월
T242093131851096,MM,201302,60005,5대광역시,50001,수요우위,10001,지수,3.6,지수,5대광역시,수요우위,지수,2013년 2월
T242093131851096,MM,201302,60005,5대광역시,50002,비슷함,10001,지수,86.6,지수,5대광역시,비슷함,지수,2013년 2월
T242093131851096,MM,201302,60005,5대광역시,50003,공급우위,10001,지수,9.8,지수,5대광역시,공급우위,지수,2013년 2월
T242093131851096,MM,201302,60008,서울,50001,수요우위,10001,지수,10.1,지수,서울,수요우위,지수,2013년 2월
T242093131851096,MM,201302,60008,서울,50002,비슷함,10001,지수,79.8,지수,서울,비슷함,지수,2013년 2월
T242093131851096,MM,201302,60008,서울,50003,공급우위,10001,지수,10.1,지수,서울,공급우위,지수,2013년 2월
T242093131851096,MM,201302,60009,강북지역,50001,수요우위,10001,지수,10.7,지수,서울>강북지역,수요우위,지수,2013년 2월
T242093131851096,MM,201302,60009,강북지역,50002,비슷함,10001,지수,88.1,지수,서울>강북지역,비슷함,지수,2013년 2월
T242093131851096,MM,201302,60009,강북지역,50003,공급우위,10001,지수,1.2,지수,서울>강북지역,공급우위,지수,2013년 2월
T242093131851096,MM,201302,60013,강남지역,50001,수요우위,10001,지수,9.6,지수,서울>강남지역,수요우위,지수,2013년 2월
T242093131851096,MM,201302,60013,강남지역,50002,비슷함,10001,지수,72.3,지수,서울>강남지역,비슷함,지수,2013년 2월
T242093131851096,MM,201302,60013,강남지역,50003,공급우위,10001,지수,18.1,지수,서울>강남지역,공급우위,지수,2013년 2월
T242093131851096,MM,201302,60016,경기,50001,수요우위,10001,지수,4.3,지수,경기,수요우위,지수,2013년 2월
T242093131851096,MM,201302,60016,경기,50002,비슷함,10001,지수,78.8,지수,경기,비슷함,지수,2013년 2월
T242093131851096,MM,201302,60016,경기,50003,공급우위,10001,지수,16.9,지수,경기,공급우위,지수,2013년 2월
T242093131851096,MM,201302,60017,인천,50001,수요우위,10001,지수,1.4,지수,인천,수요우위,지수,2013년 2월
T242093131851096,MM,201302,60017,인천,50002,비슷함,10001,지수,78.4,지수,인천,비슷함,지수,2013년 2월
T242093131851096,MM,201302,60017,인천,50003,공급우위,10001,지수,20.3,지수,인천,공급우위,지수,2013년 2월
T242093131851096,MM,201302,60018,부산,50001,수요우위,10001,지수,0,지수,부산,수요우위,지수,2013년 2월
T242093131851096,MM,201302,60018,부산,50002,비슷함,10001,지수,74.5,지수,부산,비슷함,지수,2013년 2월
T242093131851096,MM,201302,60018,부산,50003,공급우위,10001,지수,25.5,지수,부산,공급우위,지수,2013년 2월
T242093131851096,MM,201302,60022,대구,50001,수요우위,10001,지수,9.8,지수,대구,수요우위,지수,2013년 2월
T242093131851096,MM,201302,60022,대구,50002,비슷함,10001,지수,90.2,지수,대구,비슷함,지수,2013년 2월
T242093131851096,MM,201302,60022,대구,50003,공급우위,10001,지수,0,지수,대구,공급우위,지수,2013년 2월
T242093131851096,MM,201302,60023,광주,50001,수요우위,10001,지수,4.3,지수,광주,수요우위,지수,2013년 2월
T242093131851096,MM,201302,60023,광주,50002,비슷함,10001,지수,94.9,지수,광주,비슷함,지수,2013년 2월
T242093131851096,MM,201302,60023,광주,50003,공급우위,10001,지수,0.7,지수,광주,공급우위,지수,2013년 2월
T242093131851096,MM,201302,60024,대전,50001,수요우위,10001,지수,2.4,지수,대전,수요우위,지수,2013년 2월
T242093131851096,MM,201302,60024,대전,50002,비슷함,10001,지수,97.6,지수,대전,비슷함,지수,2013년 2월
T242093131851096,MM,201302,60024,대전,50003,공급우위,10001,지수,0,지수,대전,공급우위,지수,2013년 2월
T242093131851096,MM,201302,60025,울산,50001,수요우위,10001,지수,6.7,지수,울산,수요우위,지수,2013년 2월
T242093131851096,MM,201302,60025,울산,50002,비슷함,10001,지수,93.3,지수,울산,비슷함,지수,2013년 2월
T242093131851096,MM,201302,60025,울산,50003,공급우위,10001,지수,0,지수,울산,공급우위,지수,2013년 2월
T242093131851096,MM,201303,60001,8개시도,50001,수요우위,10001,지수,8.5,지수,8개시도,수요우위,지수,2013년 3월
T242093131851096,MM,201303,60001,8개시도,50002,비슷함,10001,지수,80.2,지수,8개시도,비슷함,지수,2013년 3월
T242093131851096,MM,201303,60001,8개시도,50003,공급우위,10001,지수,11.3,지수,8개시도,공급우위,지수,2013년 3월
T242093131851096,MM,201303,60002,수도권,50001,수요우위,10001,지수,10,지수,수도권,수요우위,지수,2013년 3월
T242093131851096,MM,201303,60002,수도권,50002,비슷함,10001,지수,80.1,지수,수도권,비슷함,지수,2013년 3월
T242093131851096,MM,201303,60002,수도권,50003,공급우위,10001,지수,9.9,지수,수도권,공급우위,지수,2013년 3월
T242093131851096,MM,201303,60005,5대광역시,50001,수요우위,10001,지수,7.2,지수,5대광역시,수요우위,지수,2013년 3월
T242093131851096,MM,201303,60005,5대광역시,50002,비슷함,10001,지수,80.3,지수,5대광역시,비슷함,지수,2013년 3월
T242093131851096,MM,201303,60005,5대광역시,50003,공급우위,10001,지수,12.6,지수,5대광역시,공급우위,지수,2013년 3월
T242093131851096,MM,201303,60008,서울,50001,수요우위,10001,지수,9.6,지수,서울,수요우위,지수,2013년 3월
T242093131851096,MM,201303,60008,서울,50002,비슷함,10001,지수,81.3,지수,서울,비슷함,지수,2013년 3월
T242093131851096,MM,201303,60008,서울,50003,공급우위,10001,지수,9.2,지수,서울,공급우위,지수,2013년 3월
T242093131851096,MM,201303,60009,강북지역,50001,수요우위,10001,지수,10.7,지수,서울>강북지역,수요우위,지수,2013년 3월
T242093131851096,MM,201303,60009,강북지역,50002,비슷함,10001,지수,84.1,지수,서울>강북지역,비슷함,지수,2013년 3월
T242093131851096,MM,201303,60009,강북지역,50003,공급우위,10001,지수,5.2,지수,서울>강북지역,공급우위,지수,2013년 3월
T242093131851096,MM,201303,60013,강남지역,50001,수요우위,10001,지수,8.5,지수,서울>강남지역,수요우위,지수,2013년 3월
T242093131851096,MM,201303,60013,강남지역,50002,비슷함,10001,지수,78.7,지수,서울>강남지역,비슷함,지수,2013년 3월
T242093131851096,MM,201303,60013,강남지역,50003,공급우위,10001,지수,12.8,지수,서울>강남지역,공급우위,지수,2013년 3월
T242093131851096,MM,201303,60016,경기,50001,수요우위,10001,지수,11.1,지수,경기,수요우위,지수,2013년 3월
T242093131851096,MM,201303,60016,경기,50002,비슷함,10001,지수,77.4,지수,경기,비슷함,지수,2013년 3월
T242093131851096,MM,201303,60016,경기,50003,공급우위,10001,지수,11.5,지수,경기,공급우위,지수,2013년 3월
T242093131851096,MM,201303,60017,인천,50001,수요우위,10001,지수,4.1,지수,인천,수요우위,지수,2013년 3월
T242093131851096,MM,201303,60017,인천,50002,비슷함,10001,지수,66.2,지수,인천,비슷함,지수,2013년 3월
T242093131851096,MM,201303,60017,인천,50003,공급우위,10001,지수,29.7,지수,인천,공급우위,지수,2013년 3월
T242093131851096,MM,201303,60018,부산,50001,수요우위,10001,지수,9.2,지수,부산,수요우위,지수,2013년 3월
T242093131851096,MM,201303,60018,부산,50002,비슷함,10001,지수,63.4,지수,부산,비슷함,지수,2013년 3월
T242093131851096,MM,201303,60018,부산,50003,공급우위,10001,지수,27.5,지수,부산,공급우위,지수,2013년 3월
T242093131851096,MM,201303,60022,대구,50001,수요우위,10001,지수,19.5,지수,대구,수요우위,지수,2013년 3월
T242093131851096,MM,201303,60022,대구,50002,비슷함,10001,지수,80.5,지수,대구,비슷함,지수,2013년 3월
T242093131851096,MM,201303,60022,대구,50003,공급우위,10001,지수,0,지수,대구,공급우위,지수,2013년 3월
T242093131851096,MM,201303,60023,광주,50001,수요우위,10001,지수,10.9,지수,광주,수요우위,지수,2013년 3월
T242093131851096,MM,201303,60023,광주,50002,비슷함,10001,지수,88.4,지수,광주,비슷함,지수,2013년 3월
T242093131851096,MM,201303,60023,광주,50003,공급우위,10001,지수,0.7,지수,광주,공급우위,지수,2013년 3월
T242093131851096,MM,201303,60024,대전,50001,수요우위,10001,지수,0,지수,대전,수요우위,지수,2013년 3월
T242093131851096,MM,201303,60024,대전,50002,비슷함,10001,지수,100,지수,대전,비슷함,지수,2013년 3월
T242093131851096,MM,201303,60024,대전,50003,공급우위,10001,지수,0,지수,대전,공급우위,지수,2013년 3월
T242093131851096,MM,201303,60025,울산,50001,수요우위,10001,지수,0,지수,울산,수요우위,지수,2013년 3월
T242093131851096,MM,201303,60025,울산,50002,비슷함,10001,지수,100,지수,울산,비슷함,지수,2013년 3월
T242093131851096,MM,201303,60025,울산,50003,공급우위,10001,지수,0,지수,울산,공급우위,지수,2013년 3월
T242093131851096,MM,201304,60001,8개시도,50001,수요우위,10001,지수,7.3,지수,8개시도,수요우위,지수,2013년 4월
T242093131851096,MM,201304,60001,8개시도,50002,비슷함,10001,지수,81,지수,8개시도,비슷함,지수,2013년 4월
T242093131851096,MM,201304,60001,8개시도,50003,공급우위,10001,지수,11.6,지수,8개시도,공급우위,지수,2013년 4월
T242093131851096,MM,201304,60002,수도권,50001,수요우위,10001,지수,7.4,지수,수도권,수요우위,지수,2013년 4월
T242093131851096,MM,201304,60002,수도권,50002,비슷함,10001,지수,81.5,지수,수도권,비슷함,지수,2013년 4월
T242093131851096,MM,201304,60002,수도권,50003,공급우위,10001,지수,11.1,지수,수도권,공급우위,지수,2013년 4월
T242093131851096,MM,201304,60005,5대광역시,50001,수요우위,10001,지수,7.3,지수,5대광역시,수요우위,지수,2013년 4월
T242093131851096,MM,201304,60005,5대광역시,50002,비슷함,10001,지수,80.6,지수,5대광역시,비슷함,지수,2013년 4월
T242093131851096,MM,201304,60005,5대광역시,50003,공급우위,10001,지수,12.1,지수,5대광역시,공급우위,지수,2013년 4월
T242093131851096,MM,201304,60008,서울,50001,수요우위,10001,지수,7.9,지수,서울,수요우위,지수,2013년 4월
T242093131851096,MM,201304,60008,서울,50002,비슷함,10001,지수,82.4,지수,서울,비슷함,지수,2013년 4월
T242093131851096,MM,201304,60008,서울,50003,공급우위,10001,지수,9.7,지수,서울,공급우위,지수,2013년 4월
T242093131851096,MM,201304,60009,강북지역,50001,수요우위,10001,지수,9.5,지수,서울>강북지역,수요우위,지수,2013년 4월
T242093131851096,MM,201304,60009,강북지역,50002,비슷함,10001,지수,85.3,지수,서울>강북지역,비슷함,지수,2013년 4월
T242093131851096,MM,201304,60009,강북지역,50003,공급우위,10001,지수,5.2,지수,서울>강북지역,공급우위,지수,2013년 4월
T242093131851096,MM,201304,60013,강남지역,50001,수요우위,10001,지수,6.4,지수,서울>강남지역,수요우위,지수,2013년 4월
T242093131851096,MM,201304,60013,강남지역,50002,비슷함,10001,지수,79.8,지수,서울>강남지역,비슷함,지수,2013년 4월
T242093131851096,MM,201304,60013,강남지역,50003,공급우위,10001,지수,13.8,지수,서울>강남지역,공급우위,지수,2013년 4월
T242093131851096,MM,201304,60016,경기,50001,수요우위,10001,지수,6.4,지수,경기,수요우위,지수,2013년 4월
T242093131851096,MM,201304,60016,경기,50002,비슷함,10001,지수,79.5,지수,경기,비슷함,지수,2013년 4월
T242093131851096,MM,201304,60016,경기,50003,공급우위,10001,지수,14.1,지수,경기,공급우위,지수,2013년 4월
T242093131851096,MM,201304,60017,인천,50001,수요우위,10001,지수,6.8,지수,인천,수요우위,지수,2013년 4월
T242093131851096,MM,201304,60017,인천,50002,비슷함,10001,지수,69.4,지수,인천,비슷함,지수,2013년 4월
T242093131851096,MM,201304,60017,인천,50003,공급우위,10001,지수,23.9,지수,인천,공급우위,지수,2013년 4월
T242093131851096,MM,201304,60018,부산,50001,수요우위,10001,지수,9.8,지수,부산,수요우위,지수,2013년 4월
T242093131851096,MM,201304,60018,부산,50002,비슷함,10001,지수,60.8,지수,부산,비슷함,지수,2013년 4월
T242093131851096,MM,201304,60018,부산,50003,공급우위,10001,지수,29.4,지수,부산,공급우위,지수,2013년 4월
T242093131851096,MM,201304,60022,대구,50001,수요우위,10001,지수,17.1,지수,대구,수요우위,지수,2013년 4월
T242093131851096,MM,201304,60022,대구,50002,비슷함,10001,지수,82.9,지수,대구,비슷함,지수,2013년 4월
T242093131851096,MM,201304,60022,대구,50003,공급우위,10001,지수,0,지수,대구,공급우위,지수,2013년 4월
T242093131851096,MM,201304,60023,광주,50001,수요우위,10001,지수,2.2,지수,광주,수요우위,지수,2013년 4월
T242093131851096,MM,201304,60023,광주,50002,비슷함,10001,지수,97.1,지수,광주,비슷함,지수,2013년 4월
T242093131851096,MM,201304,60023,광주,50003,공급우위,10001,지수,0.7,지수,광주,공급우위,지수,2013년 4월
T242093131851096,MM,201304,60024,대전,50001,수요우위,10001,지수,2.4,지수,대전,수요우위,지수,2013년 4월
T242093131851096,MM,201304,60024,대전,50002,비슷함,10001,지수,92.9,지수,대전,비슷함,지수,2013년 4월
T242093131851096,MM,201304,60024,대전,50003,공급우위,10001,지수,4.8,지수,대전,공급우위,지수,2013년 4월
T242093131851096,MM,201304,60025,울산,50001,수요우위,10001,지수,5.7,지수,울산,수요우위,지수,2013년 4월
T242093131851096,MM,201304,60025,울산,50002,비슷함,10001,지수,94.3,지수,울산,비슷함,지수,2013년 4월
T242093131851096,MM,201304,60025,울산,50003,공급우위,10001,지수,0,지수,울산,공급우위,지수,2013년 4월
T242093131851096,MM,201305,60001,8개시도,50001,수요우위,10001,지수,7.8,지수,8개시도,수요우위,지수,2013년 5월
T242093131851096,MM,201305,60001,8개시도,50002,비슷함,10001,지수,78.9,지수,8개시도,비슷함,지수,2013년 5월
T242093131851096,MM,201305,60001,8개시도,50003,공급우위,10001,지수,13.3,지수,8개시도,공급우위,지수,2013년 5월
T242093131851096,MM,201305,60002,수도권,50001,수요우위,10001,지수,7.4,지수,수도권,수요우위,지수,2013년 5월
T242093131851096,MM,201305,60002,수도권,50002,비슷함,10001,지수,76.4,지수,수도권,비슷함,지수,2013년 5월
T242093131851096,MM,201305,60002,수도권,50003,공급우위,10001,지수,16.1,지수,수도권,공급우위,지수,2013년 5월
T242093131851096,MM,201305,60005,5대광역시,50001,수요우위,10001,지수,8.2,지수,5대광역시,수요우위,지수,2013년 5월
T242093131851096,MM,201305,60005,5대광역시,50002,비슷함,10001,지수,81.1,지수,5대광역시,비슷함,지수,2013년 5월
T242093131851096,MM,201305,60005,5대광역시,50003,공급우위,10001,지수,10.7,지수,5대광역시,공급우위,지수,2013년 5월
T242093131851096,MM,201305,60008,서울,50001,수요우위,10001,지수,8.4,지수,서울,수요우위,지수,2013년 5월
T242093131851096,MM,201305,60008,서울,50002,비슷함,10001,지수,72.3,지수,서울,비슷함,지수,2013년 5월
T242093131851096,MM,201305,60008,서울,50003,공급우위,10001,지수,19.3,지수,서울,공급우위,지수,2013년 5월
T242093131851096,MM,201305,60009,강북지역,50001,수요우위,10001,지수,9.5,지수,서울>강북지역,수요우위,지수,2013년 5월
T242093131851096,MM,201305,60009,강북지역,50002,비슷함,10001,지수,84.1,지수,서울>강북지역,비슷함,지수,2013년 5월
T242093131851096,MM,201305,60009,강북지역,50003,공급우위,10001,지수,6.3,지수,서울>강북지역,공급우위,지수,2013년 5월
T242093131851096,MM,201305,60013,강남지역,50001,수요우위,10001,지수,7.4,지수,서울>강남지역,수요우위,지수,2013년 5월
T242093131851096,MM,201305,60013,강남지역,50002,비슷함,10001,지수,61.7,지수,서울>강남지역,비슷함,지수,2013년 5월
T242093131851096,MM,201305,60013,강남지역,50003,공급우위,10001,지수,30.9,지수,서울>강남지역,공급우위,지수,2013년 5월
T242093131851096,MM,201305,60016,경기,50001,수요우위,10001,지수,5.1,지수,경기,수요우위,지수,2013년 5월
T242093131851096,MM,201305,60016,경기,50002,비슷함,10001,지수,85.9,지수,경기,비슷함,지수,2013년 5월
T242093131851096,MM,201305,60016,경기,50003,공급우위,10001,지수,9,지수,경기,공급우위,지수,2013년 5월
T242093131851096,MM,201305,60017,인천,50001,수요우위,10001,지수,5.4,지수,인천,수요우위,지수,2013년 5월
T242093131851096,MM,201305,60017,인천,50002,비슷함,10001,지수,78.8,지수,인천,비슷함,지수,2013년 5월
T242093131851096,MM,201305,60017,인천,50003,공급우위,10001,지수,15.8,지수,인천,공급우위,지수,2013년 5월
T242093131851096,MM,201305,60018,부산,50001,수요우위,10001,지수,9.8,지수,부산,수요우위,지수,2013년 5월
T242093131851096,MM,201305,60018,부산,50002,비슷함,10001,지수,62.7,지수,부산,비슷함,지수,2013년 5월
T242093131851096,MM,201305,60018,부산,50003,공급우위,10001,지수,27.5,지수,부산,공급우위,지수,2013년 5월
T242093131851096,MM,201305,60022,대구,50001,수요우위,10001,지수,17.1,지수,대구,수요우위,지수,2013년 5월
T242093131851096,MM,201305,60022,대구,50002,비슷함,10001,지수,82.9,지수,대구,비슷함,지수,2013년 5월
T242093131851096,MM,201305,60022,대구,50003,공급우위,10001,지수,0,지수,대구,공급우위,지수,2013년 5월
T242093131851096,MM,201305,60023,광주,50001,수요우위,10001,지수,8,지수,광주,수요우위,지수,2013년 5월
T242093131851096,MM,201305,60023,광주,50002,비슷함,10001,지수,91.3,지수,광주,비슷함,지수,2013년 5월
T242093131851096,MM,201305,60023,광주,50003,공급우위,10001,지수,0.7,지수,광주,공급우위,지수,2013년 5월
T242093131851096,MM,201305,60024,대전,50001,수요우위,10001,지수,0,지수,대전,수요우위,지수,2013년 5월
T242093131851096,MM,201305,60024,대전,50002,비슷함,10001,지수,92.9,지수,대전,비슷함,지수,2013년 5월
T242093131851096,MM,201305,60024,대전,50003,공급우위,10001,지수,7.1,지수,대전,공급우위,지수,2013년 5월
T242093131851096,MM,201305,60025,울산,50001,수요우위,10001,지수,11.4,지수,울산,수요우위,지수,2013년 5월
T242093131851096,MM,201305,60025,울산,50002,비슷함,10001,지수,82.9,지수,울산,비슷함,지수,2013년 5월
T242093131851096,MM,201305,60025,울산,50003,공급우위,10001,지수,5.7,지수,울산,공급우위,지수,2013년 5월
T242093131851096,MM,201306,60001,8개시도,50001,수요우위,10001,지수,6.3,지수,8개시도,수요우위,지수,2013년 6월
T242093131851096,MM,201306,60001,8개시도,50002,비슷함,10001,지수,75.6,지수,8개시도,비슷함,지수,2013년 6월
T242093131851096,MM,201306,60001,8개시도,50003,공급우위,10001,지수,18.1,지수,8개시도,공급우위,지수,2013년 6월
T242093131851096,MM,201306,60002,수도권,50001,수요우위,10001,지수,6.3,지수,수도권,수요우위,지수,2013년 6월
T242093131851096,MM,201306,60002,수도권,50002,비슷함,10001,지수,69.4,지수,수도권,비슷함,지수,2013년 6월
T242093131851096,MM,201306,60002,수도권,50003,공급우위,10001,지수,24.3,지수,수도권,공급우위,지수,2013년 6월
T242093131851096,MM,201306,60005,5대광역시,50001,수요우위,10001,지수,6.3,지수,5대광역시,수요우위,지수,2013년 6월
T242093131851096,MM,201306,60005,5대광역시,50002,비슷함,10001,지수,81.1,지수,5대광역시,비슷함,지수,2013년 6월
T242093131851096,MM,201306,60005,5대광역시,50003,공급우위,10001,지수,12.6,지수,5대광역시,공급우위,지수,2013년 6월
T242093131851096,MM,201306,60008,서울,50001,수요우위,10001,지수,8.4,지수,서울,수요우위,지수,2013년 6월
T242093131851096,MM,201306,60008,서울,50002,비슷함,10001,지수,62.2,지수,서울,비슷함,지수,2013년 6월
T242093131851096,MM,201306,60008,서울,50003,공급우위,10001,지수,29.4,지수,서울,공급우위,지수,2013년 6월
T242093131851096,MM,201306,60009,강북지역,50001,수요우위,10001,지수,8.3,지수,서울>강북지역,수요우위,지수,2013년 6월
T242093131851096,MM,201306,60009,강북지역,50002,비슷함,10001,지수,69.8,지수,서울>강북지역,비슷함,지수,2013년 6월
T242093131851096,MM,201306,60009,강북지역,50003,공급우위,10001,지수,21.8,지수,서울>강북지역,공급우위,지수,2013년 6월
T242093131851096,MM,201306,60013,강남지역,50001,수요우위,10001,지수,8.5,지수,서울>강남지역,수요우위,지수,2013년 6월
T242093131851096,MM,201306,60013,강남지역,50002,비슷함,10001,지수,55.3,지수,서울>강남지역,비슷함,지수,2013년 6월
T242093131851096,MM,201306,60013,강남지역,50003,공급우위,10001,지수,36.2,지수,서울>강남지역,공급우위,지수,2013년 6월
T242093131851096,MM,201306,60016,경기,50001,수요우위,10001,지수,1.3,지수,경기,수요우위,지수,2013년 6월
T242093131851096,MM,201306,60016,경기,50002,비슷함,10001,지수,85.9,지수,경기,비슷함,지수,2013년 6월
T242093131851096,MM,201306,60016,경기,50003,공급우위,10001,지수,12.8,지수,경기,공급우위,지수,2013년 6월
T242093131851096,MM,201306,60017,인천,50001,수요우위,10001,지수,5.4,지수,인천,수요우위,지수,2013년 6월
T242093131851096,MM,201306,60017,인천,50002,비슷함,10001,지수,71.6,지수,인천,비슷함,지수,2013년 6월
T242093131851096,MM,201306,60017,인천,50003,공급우위,10001,지수,23,지수,인천,공급우위,지수,2013년 6월
T242093131851096,MM,201306,60018,부산,50001,수요우위,10001,지수,2,지수,부산,수요우위,지수,2013년 6월
T242093131851096,MM,201306,60018,부산,50002,비슷함,10001,지수,66.7,지수,부산,비슷함,지수,2013년 6월
T242093131851096,MM,201306,60018,부산,50003,공급우위,10001,지수,31.4,지수,부산,공급우위,지수,2013년 6월
T242093131851096,MM,201306,60022,대구,50001,수요우위,10001,지수,14.6,지수,대구,수요우위,지수,2013년 6월
T242093131851096,MM,201306,60022,대구,50002,비슷함,10001,지수,85.4,지수,대구,비슷함,지수,2013년 6월
T242093131851096,MM,201306,60022,대구,50003,공급우위,10001,지수,0,지수,대구,공급우위,지수,2013년 6월
T242093131851096,MM,201306,60023,광주,50001,수요우위,10001,지수,13.8,지수,광주,수요우위,지수,2013년 6월
T242093131851096,MM,201306,60023,광주,50002,비슷함,10001,지수,85.5,지수,광주,비슷함,지수,2013년 6월
T242093131851096,MM,201306,60023,광주,50003,공급우위,10001,지수,0.7,지수,광주,공급우위,지수,2013년 6월
T242093131851096,MM,201306,60024,대전,50001,수요우위,10001,지수,0,지수,대전,수요우위,지수,2013년 6월
T242093131851096,MM,201306,60024,대전,50002,비슷함,10001,지수,92.9,지수,대전,비슷함,지수,2013년 6월
T242093131851096,MM,201306,60024,대전,50003,공급우위,10001,지수,7.1,지수,대전,공급우위,지수,2013년 6월
T242093131851096,MM,201306,60025,울산,50001,수요우위,10001,지수,2.9,지수,울산,수요우위,지수,2013년 6월
T242093131851096,MM,201306,60025,울산,50002,비슷함,10001,지수,97.1,지수,울산,비슷함,지수,2013년 6월
T242093131851096,MM,201306,60025,울산,50003,공급우위,10001,지수,0,지수,울산,공급우위,지수,2013년 6월
T242093131851096,MM,201307,60001,8개시도,50001,수요우위,10001,지수,8.1,지수,8개시도,수요우위,지수,2013년 7월
T242093131851096,MM,201307,60001,8개시도,50002,비슷함,10001,지수,78.4,지수,8개시도,비슷함,지수,2013년 7월
T242093131851096,MM,201307,60001,8개시도,50003,공급우위,10001,지수,13.5,지수,8개시도,공급우위,지수,2013년 7월
T242093131851096,MM,201307,60002,수도권,50001,수요우위,10001,지수,10.8,지수,수도권,수요우위,지수,2013년 7월
T242093131851096,MM,201307,60002,수도권,50002,비슷함,10001,지수,76.2,지수,수도권,비슷함,지수,2013년 7월
T242093131851096,MM,201307,60002,수도권,50003,공급우위,10001,지수,13,지수,수도권,공급우위,지수,2013년 7월
T242093131851096,MM,201307,60005,5대광역시,50001,수요우위,10001,지수,5.7,지수,5대광역시,수요우위,지수,2013년 7월
T242093131851096,MM,201307,60005,5대광역시,50002,비슷함,10001,지수,80.4,지수,5대광역시,비슷함,지수,2013년 7월
T242093131851096,MM,201307,60005,5대광역시,50003,공급우위,10001,지수,14,지수,5대광역시,공급우위,지수,2013년 7월
T242093131851096,MM,201307,60008,서울,50001,수요우위,10001,지수,14,지수,서울,수요우위,지수,2013년 7월
T242093131851096,MM,201307,60008,서울,50002,비슷함,10001,지수,71.2,지수,서울,비슷함,지수,2013년 7월
T242093131851096,MM,201307,60008,서울,50003,공급우위,10001,지수,14.8,지수,서울,공급우위,지수,2013년 7월
T242093131851096,MM,201307,60009,강북지역,50001,수요우위,10001,지수,8.3,지수,서울>강북지역,수요우위,지수,2013년 7월
T242093131851096,MM,201307,60009,강북지역,50002,비슷함,10001,지수,85.3,지수,서울>강북지역,비슷함,지수,2013년 7월
T242093131851096,MM,201307,60009,강북지역,50003,공급우위,10001,지수,6.3,지수,서울>강북지역,공급우위,지수,2013년 7월
T242093131851096,MM,201307,60013,강남지역,50001,수요우위,10001,지수,19.1,지수,서울>강남지역,수요우위,지수,2013년 7월
T242093131851096,MM,201307,60013,강남지역,50002,비슷함,10001,지수,58.5,지수,서울>강남지역,비슷함,지수,2013년 7월
T242093131851096,MM,201307,60013,강남지역,50003,공급우위,10001,지수,22.3,지수,서울>강남지역,공급우위,지수,2013년 7월
T242093131851096,MM,201307,60016,경기,50001,수요우위,10001,지수,3.4,지수,경기,수요우위,지수,2013년 7월
T242093131851096,MM,201307,60016,경기,50002,비슷함,10001,지수,87.6,지수,경기,비슷함,지수,2013년 7월
T242093131851096,MM,201307,60016,경기,50003,공급우위,10001,지수,9,지수,경기,공급우위,지수,2013년 7월
T242093131851096,MM,201307,60017,인천,50001,수요우위,10001,지수,2.7,지수,인천,수요우위,지수,2013년 7월
T242093131851096,MM,201307,60017,인천,50002,비슷함,10001,지수,73,지수,인천,비슷함,지수,2013년 7월
T242093131851096,MM,201307,60017,인천,50003,공급우위,10001,지수,24.3,지수,인천,공급우위,지수,2013년 7월
T242093131851096,MM,201307,60018,부산,50001,수요우위,10001,지수,0,지수,부산,수요우위,지수,2013년 7월
T242093131851096,MM,201307,60018,부산,50002,비슷함,10001,지수,64.7,지수,부산,비슷함,지수,2013년 7월
T242093131851096,MM,201307,60018,부산,50003,공급우위,10001,지수,35.3,지수,부산,공급우위,지수,2013년 7월
T242093131851096,MM,201307,60022,대구,50001,수요우위,10001,지수,14.6,지수,대구,수요우위,지수,2013년 7월
T242093131851096,MM,201307,60022,대구,50002,비슷함,10001,지수,82.9,지수,대구,비슷함,지수,2013년 7월
T242093131851096,MM,201307,60022,대구,50003,공급우위,10001,지수,2.4,지수,대구,공급우위,지수,2013년 7월
T242093131851096,MM,201307,60023,광주,50001,수요우위,10001,지수,5.1,지수,광주,수요우위,지수,2013년 7월
T242093131851096,MM,201307,60023,광주,50002,비슷함,10001,지수,92,지수,광주,비슷함,지수,2013년 7월
T242093131851096,MM,201307,60023,광주,50003,공급우위,10001,지수,2.9,지수,광주,공급우위,지수,2013년 7월
T242093131851096,MM,201307,60024,대전,50001,수요우위,10001,지수,7.1,지수,대전,수요우위,지수,2013년 7월
T242093131851096,MM,201307,60024,대전,50002,비슷함,10001,지수,92.9,지수,대전,비슷함,지수,2013년 7월
T242093131851096,MM,201307,60024,대전,50003,공급우위,10001,지수,0,지수,대전,공급우위,지수,2013년 7월
T242093131851096,MM,201307,60025,울산,50001,수요우위,10001,지수,8.6,지수,울산,수요우위,지수,2013년 7월
T242093131851096,MM,201307,60025,울산,50002,비슷함,10001,지수,85.7,지수,울산,비슷함,지수,2013년 7월
T242093131851096,MM,201307,60025,울산,50003,공급우위,10001,지수,5.7,지수,울산,공급우위,지수,2013년 7월
T242093131851096,MM,201308,60001,8개시도,50001,수요우위,10001,지수,6.4,지수,8개시도,수요우위,지수,2013년 8월
T242093131851096,MM,201308,60001,8개시도,50002,비슷함,10001,지수,78.5,지수,8개시도,비슷함,지수,2013년 8월
T242093131851096,MM,201308,60001,8개시도,50003,공급우위,10001,지수,15,지수,8개시도,공급우위,지수,2013년 8월
T242093131851096,MM,201308,60002,수도권,50001,수요우위,10001,지수,7.3,지수,수도권,수요우위,지수,2013년 8월
T242093131851096,MM,201308,60002,수도권,50002,비슷함,10001,지수,75.4,지수,수도권,비슷함,지수,2013년 8월
T242093131851096,MM,201308,60002,수도권,50003,공급우위,10001,지수,17.3,지수,수도권,공급우위,지수,2013년 8월
T242093131851096,MM,201308,60005,5대광역시,50001,수요우위,10001,지수,5.7,지수,5대광역시,수요우위,지수,2013년 8월
T242093131851096,MM,201308,60005,5대광역시,50002,비슷함,10001,지수,81.3,지수,5대광역시,비슷함,지수,2013년 8월
T242093131851096,MM,201308,60005,5대광역시,50003,공급우위,10001,지수,13,지수,5대광역시,공급우위,지수,2013년 8월
T242093131851096,MM,201308,60008,서울,50001,수요우위,10001,지수,7.9,지수,서울,수요우위,지수,2013년 8월
T242093131851096,MM,201308,60008,서울,50002,비슷함,10001,지수,72.3,지수,서울,비슷함,지수,2013년 8월
T242093131851096,MM,201308,60008,서울,50003,공급우위,10001,지수,19.9,지수,서울,공급우위,지수,2013년 8월
T242093131851096,MM,201308,60009,강북지역,50001,수요우위,10001,지수,8.3,지수,서울>강북지역,수요우위,지수,2013년 8월
T242093131851096,MM,201308,60009,강북지역,50002,비슷함,10001,지수,72.2,지수,서울>강북지역,비슷함,지수,2013년 8월
T242093131851096,MM,201308,60009,강북지역,50003,공급우위,10001,지수,19.4,지수,서울>강북지역,공급우위,지수,2013년 8월
T242093131851096,MM,201308,60013,강남지역,50001,수요우위,10001,지수,7.4,지수,서울>강남지역,수요우위,지수,2013년 8월
T242093131851096,MM,201308,60013,강남지역,50002,비슷함,10001,지수,72.3,지수,서울>강남지역,비슷함,지수,2013년 8월
T242093131851096,MM,201308,60013,강남지역,50003,공급우위,10001,지수,20.2,지수,서울>강남지역,공급우위,지수,2013년 8월
T242093131851096,MM,201308,60016,경기,50001,수요우위,10001,지수,6,지수,경기,수요우위,지수,2013년 8월
T242093131851096,MM,201308,60016,경기,50002,비슷함,10001,지수,82.5,지수,경기,비슷함,지수,2013년 8월
T242093131851096,MM,201308,60016,경기,50003,공급우위,10001,지수,11.5,지수,경기,공급우위,지수,2013년 8월
T242093131851096,MM,201308,60017,인천,50001,수요우위,10001,지수,6.8,지수,인천,수요우위,지수,2013년 8월
T242093131851096,MM,201308,60017,인천,50002,비슷함,10001,지수,70.3,지수,인천,비슷함,지수,2013년 8월
T242093131851096,MM,201308,60017,인천,50003,공급우위,10001,지수,23,지수,인천,공급우위,지수,2013년 8월
T242093131851096,MM,201308,60018,부산,50001,수요우위,10001,지수,2,지수,부산,수요우위,지수,2013년 8월
T242093131851096,MM,201308,60018,부산,50002,비슷함,10001,지수,64.7,지수,부산,비슷함,지수,2013년 8월
T242093131851096,MM,201308,60018,부산,50003,공급우위,10001,지수,33.3,지수,부산,공급우위,지수,2013년 8월
T242093131851096,MM,201308,60022,대구,50001,수요우위,10001,지수,14.6,지수,대구,수요우위,지수,2013년 8월
T242093131851096,MM,201308,60022,대구,50002,비슷함,10001,지수,85.4,지수,대구,비슷함,지수,2013년 8월
T242093131851096,MM,201308,60022,대구,50003,공급우위,10001,지수,0,지수,대구,공급우위,지수,2013년 8월
T242093131851096,MM,201308,60023,광주,50001,수요우위,10001,지수,5.1,지수,광주,수요우위,지수,2013년 8월
T242093131851096,MM,201308,60023,광주,50002,비슷함,10001,지수,94.2,지수,광주,비슷함,지수,2013년 8월
T242093131851096,MM,201308,60023,광주,50003,공급우위,10001,지수,0.7,지수,광주,공급우위,지수,2013년 8월
T242093131851096,MM,201308,60024,대전,50001,수요우위,10001,지수,2.4,지수,대전,수요우위,지수,2013년 8월
T242093131851096,MM,201308,60024,대전,50002,비슷함,10001,지수,92.1,지수,대전,비슷함,지수,2013년 8월
T242093131851096,MM,201308,60024,대전,50003,공급우위,10001,지수,5.6,지수,대전,공급우위,지수,2013년 8월
T242093131851096,MM,201308,60025,울산,50001,수요우위,10001,지수,2.9,지수,울산,수요우위,지수,2013년 8월
T242093131851096,MM,201308,60025,울산,50002,비슷함,10001,지수,94.3,지수,울산,비슷함,지수,2013년 8월
T242093131851096,MM,201308,60025,울산,50003,공급우위,10001,지수,2.9,지수,울산,공급우위,지수,2013년 8월
T242093131851096,MM,201309,60001,8개시도,50001,수요우위,10001,지수,6.8,지수,8개시도,수요우위,지수,2013년 9월
T242093131851096,MM,201309,60001,8개시도,50002,비슷함,10001,지수,77.9,지수,8개시도,비슷함,지수,2013년 9월
T242093131851096,MM,201309,60001,8개시도,50003,공급우위,10001,지수,15.4,지수,8개시도,공급우위,지수,2013년 9월
T242093131851096,MM,201309,60002,수도권,50001,수요우위,10001,지수,6.4,지수,수도권,수요우위,지수,2013년 9월
T242093131851096,MM,201309,60002,수도권,50002,비슷함,10001,지수,75,지수,수도권,비슷함,지수,2013년 9월
T242093131851096,MM,201309,60002,수도권,50003,공급우위,10001,지수,18.6,지수,수도권,공급우위,지수,2013년 9월
T242093131851096,MM,201309,60005,5대광역시,50001,수요우위,10001,지수,7.1,지수,5대광역시,수요우위,지수,2013년 9월
T242093131851096,MM,201309,60005,5대광역시,50002,비슷함,10001,지수,80.9,지수,5대광역시,비슷함,지수,2013년 9월
T242093131851096,MM,201309,60005,5대광역시,50003,공급우위,10001,지수,11.9,지수,5대광역시,공급우위,지수,2013년 9월
T242093131851096,MM,201309,60008,서울,50001,수요우위,10001,지수,7.6,지수,서울,수요우위,지수,2013년 9월
T242093131851096,MM,201309,60008,서울,50002,비슷함,10001,지수,72.3,지수,서울,비슷함,지수,2013년 9월
T242093131851096,MM,201309,60008,서울,50003,공급우위,10001,지수,20.1,지수,서울,공급우위,지수,2013년 9월
T242093131851096,MM,201309,60009,강북지역,50001,수요우위,10001,지수,3.8,지수,서울>강북지역,수요우위,지수,2013년 9월
T242093131851096,MM,201309,60009,강북지역,50002,비슷함,10001,지수,85.6,지수,서울>강북지역,비슷함,지수,2013년 9월
T242093131851096,MM,201309,60009,강북지역,50003,공급우위,10001,지수,10.6,지수,서울>강북지역,공급우위,지수,2013년 9월
T242093131851096,MM,201309,60013,강남지역,50001,수요우위,10001,지수,10.9,지수,서울>강남지역,수요우위,지수,2013년 9월
T242093131851096,MM,201309,60013,강남지역,50002,비슷함,10001,지수,60.2,지수,서울>강남지역,비슷함,지수,2013년 9월
T242093131851096,MM,201309,60013,강남지역,50003,공급우위,10001,지수,28.9,지수,서울>강남지역,공급우위,지수,2013년 9월
T242093131851096,MM,201309,60016,경기,50001,수요우위,10001,지수,3.2,지수,경기,수요우위,지수,2013년 9월
T242093131851096,MM,201309,60016,경기,50002,비슷함,10001,지수,82.7,지수,경기,비슷함,지수,2013년 9월
T242093131851096,MM,201309,60016,경기,50003,공급우위,10001,지수,14.1,지수,경기,공급우위,지수,2013년 9월
T242093131851096,MM,201309,60017,인천,50001,수요우위,10001,지수,4.4,지수,인천,수요우위,지수,2013년 9월
T242093131851096,MM,201309,60017,인천,50002,비슷함,10001,지수,68.4,지수,인천,비슷함,지수,2013년 9월
T242093131851096,MM,201309,60017,인천,50003,공급우위,10001,지수,27.2,지수,인천,공급우위,지수,2013년 9월
T242093131851096,MM,201309,60018,부산,50001,수요우위,10001,지수,2.2,지수,부산,수요우위,지수,2013년 9월
T242093131851096,MM,201309,60018,부산,50002,비슷함,10001,지수,74.1,지수,부산,비슷함,지수,2013년 9월
T242093131851096,MM,201309,60018,부산,50003,공급우위,10001,지수,23.7,지수,부산,공급우위,지수,2013년 9월
T242093131851096,MM,201309,60022,대구,50001,수요우위,10001,지수,5.3,지수,대구,수요우위,지수,2013년 9월
T242093131851096,MM,201309,60022,대구,50002,비슷함,10001,지수,93.3,지수,대구,비슷함,지수,2013년 9월
T242093131851096,MM,201309,60022,대구,50003,공급우위,10001,지수,1.3,지수,대구,공급우위,지수,2013년 9월
T242093131851096,MM,201309,60023,광주,50001,수요우위,10001,지수,9.9,지수,광주,수요우위,지수,2013년 9월
T242093131851096,MM,201309,60023,광주,50002,비슷함,10001,지수,89.6,지수,광주,비슷함,지수,2013년 9월
T242093131851096,MM,201309,60023,광주,50003,공급우위,10001,지수,0.5,지수,광주,공급우위,지수,2013년 9월
T242093131851096,MM,201309,60024,대전,50001,수요우위,10001,지수,9.9,지수,대전,수요우위,지수,2013년 9월
T242093131851096,MM,201309,60024,대전,50002,비슷함,10001,지수,88.7,지수,대전,비슷함,지수,2013년 9월
T242093131851096,MM,201309,60024,대전,50003,공급우위,10001,지수,1.4,지수,대전,공급우위,지수,2013년 9월
T242093131851096,MM,201309,60025,울산,50001,수요우위,10001,지수,13.2,지수,울산,수요우위,지수,2013년 9월
T242093131851096,MM,201309,60025,울산,50002,비슷함,10001,지수,77.9,지수,울산,비슷함,지수,2013년 9월
T242093131851096,MM,201309,60025,울산,50003,공급우위,10001,지수,8.8,지수,울산,공급우위,지수,2013년 9월
T242093131851096,MM,201310,60001,8개시도,50001,수요우위,10001,지수,5.1,지수,8개시도,수요우위,지수,2013년 10월
T242093131851096,MM,201310,60001,8개시도,50002,비슷함,10001,지수,79.4,지수,8개시도,비슷함,지수,2013년 10월
T242093131851096,MM,201310,60001,8개시도,50003,공급우위,10001,지수,15.4,지수,8개시도,공급우위,지수,2013년 10월
T242093131851096,MM,201310,60002,수도권,50001,수요우위,10001,지수,4.3,지수,수도권,수요우위,지수,2013년 10월
T242093131851096,MM,201310,60002,수도권,50002,비슷함,10001,지수,79.4,지수,수도권,비슷함,지수,2013년 10월
T242093131851096,MM,201310,60002,수도권,50003,공급우위,10001,지수,16.2,지수,수도권,공급우위,지수,2013년 10월
T242093131851096,MM,201310,60005,5대광역시,50001,수요우위,10001,지수,6,지수,5대광역시,수요우위,지수,2013년 10월
T242093131851096,MM,201310,60005,5대광역시,50002,비슷함,10001,지수,79.4,지수,5대광역시,비슷함,지수,2013년 10월
T242093131851096,MM,201310,60005,5대광역시,50003,공급우위,10001,지수,14.6,지수,5대광역시,공급우위,지수,2013년 10월
T242093131851096,MM,201310,60008,서울,50001,수요우위,10001,지수,4.7,지수,서울,수요우위,지수,2013년 10월
T242093131851096,MM,201310,60008,서울,50002,비슷함,10001,지수,76.7,지수,서울,비슷함,지수,2013년 10월
T242093131851096,MM,201310,60008,서울,50003,공급우위,10001,지수,18.6,지수,서울,공급우위,지수,2013년 10월
T242093131851096,MM,201310,60009,강북지역,50001,수요우위,10001,지수,4.9,지수,서울>강북지역,수요우위,지수,2013년 10월
T242093131851096,MM,201310,60009,강북지역,50002,비슷함,10001,지수,88.3,지수,서울>강북지역,비슷함,지수,2013년 10월
T242093131851096,MM,201310,60009,강북지역,50003,공급우위,10001,지수,6.7,지수,서울>강북지역,공급우위,지수,2013년 10월
T242093131851096,MM,201310,60013,강남지역,50001,수요우위,10001,지수,4.5,지수,서울>강남지역,수요우위,지수,2013년 10월
T242093131851096,MM,201310,60013,강남지역,50002,비슷함,10001,지수,66.2,지수,서울>강남지역,비슷함,지수,2013년 10월
T242093131851096,MM,201310,60013,강남지역,50003,공급우위,10001,지수,29.4,지수,서울>강남지역,공급우위,지수,2013년 10월
T242093131851096,MM,201310,60016,경기,50001,수요우위,10001,지수,3.2,지수,경기,수요우위,지수,2013년 10월
T242093131851096,MM,201310,60016,경기,50002,비슷함,10001,지수,87.2,지수,경기,비슷함,지수,2013년 10월
T242093131851096,MM,201310,60016,경기,50003,공급우위,10001,지수,9.6,지수,경기,공급우위,지수,2013년 10월
T242093131851096,MM,201310,60017,인천,50001,수요우위,10001,지수,5.3,지수,인천,수요우위,지수,2013년 10월
T242093131851096,MM,201310,60017,인천,50002,비슷함,10001,지수,69.6,지수,인천,비슷함,지수,2013년 10월
T242093131851096,MM,201310,60017,인천,50003,공급우위,10001,지수,25.1,지수,인천,공급우위,지수,2013년 10월
T242093131851096,MM,201310,60018,부산,50001,수요우위,10001,지수,7.5,지수,부산,수요우위,지수,2013년 10월
T242093131851096,MM,201310,60018,부산,50002,비슷함,10001,지수,64.9,지수,부산,비슷함,지수,2013년 10월
T242093131851096,MM,201310,60018,부산,50003,공급우위,10001,지수,27.6,지수,부산,공급우위,지수,2013년 10월
T242093131851096,MM,201310,60022,대구,50001,수요우위,10001,지수,8,지수,대구,수요우위,지수,2013년 10월
T242093131851096,MM,201310,60022,대구,50002,비슷함,10001,지수,85.3,지수,대구,비슷함,지수,2013년 10월
T242093131851096,MM,201310,60022,대구,50003,공급우위,10001,지수,6.7,지수,대구,공급우위,지수,2013년 10월
T242093131851096,MM,201310,60023,광주,50001,수요우위,10001,지수,1.4,지수,광주,수요우위,지수,2013년 10월
T242093131851096,MM,201310,60023,광주,50002,비슷함,10001,지수,98.2,지수,광주,비슷함,지수,2013년 10월
T242093131851096,MM,201310,60023,광주,50003,공급우위,10001,지수,0.5,지수,광주,공급우위,지수,2013년 10월
T242093131851096,MM,201310,60024,대전,50001,수요우위,10001,지수,9.9,지수,대전,수요우위,지수,2013년 10월
T242093131851096,MM,201310,60024,대전,50002,비슷함,10001,지수,83.3,지수,대전,비슷함,지수,2013년 10월
T242093131851096,MM,201310,60024,대전,50003,공급우위,10001,지수,6.8,지수,대전,공급우위,지수,2013년 10월
T242093131851096,MM,201310,60025,울산,50001,수요우위,10001,지수,4.4,지수,울산,수요우위,지수,2013년 10월
T242093131851096,MM,201310,60025,울산,50002,비슷함,10001,지수,80.9,지수,울산,비슷함,지수,2013년 10월
T242093131851096,MM,201310,60025,울산,50003,공급우위,10001,지수,14.7,지수,울산,공급우위,지수,2013년 10월
T242093131851096,MM,201311,60001,8개시도,50001,수요우위,10001,지수,4.7,지수,8개시도,수요우위,지수,2013년 11월
T242093131851096,MM,201311,60001,8개시도,50002,비슷함,10001,지수,79.9,지수,8개시도,비슷함,지수,2013년 11월
T242093131851096,MM,201311,60001,8개시도,50003,공급우위,10001,지수,15.4,지수,8개시도,공급우위,지수,2013년 11월
T242093131851096,MM,201311,60002,수도권,50001,수요우위,10001,지수,3.3,지수,수도권,수요우위,지수,2013년 11월
T242093131851096,MM,201311,60002,수도권,50002,비슷함,10001,지수,80.3,지수,수도권,비슷함,지수,2013년 11월
T242093131851096,MM,201311,60002,수도권,50003,공급우위,10001,지수,16.4,지수,수도권,공급우위,지수,2013년 11월
T242093131851096,MM,201311,60005,5대광역시,50001,수요우위,10001,지수,6.2,지수,5대광역시,수요우위,지수,2013년 11월
T242093131851096,MM,201311,60005,5대광역시,50002,비슷함,10001,지수,79.6,지수,5대광역시,비슷함,지수,2013년 11월
T242093131851096,MM,201311,60005,5대광역시,50003,공급우위,10001,지수,14.2,지수,5대광역시,공급우위,지수,2013년 11월
T242093131851096,MM,201311,60008,서울,50001,수요우위,10001,지수,3.4,지수,서울,수요우위,지수,2013년 11월
T242093131851096,MM,201311,60008,서울,50002,비슷함,10001,지수,76.7,지수,서울,비슷함,지수,2013년 11월
T242093131851096,MM,201311,60008,서울,50003,공급우위,10001,지수,19.9,지수,서울,공급우위,지수,2013년 11월
T242093131851096,MM,201311,60009,강북지역,50001,수요우위,10001,지수,3.8,지수,서울>강북지역,수요우위,지수,2013년 11월
T242093131851096,MM,201311,60009,강북지역,50002,비슷함,10001,지수,92.7,지수,서울>강북지역,비슷함,지수,2013년 11월
T242093131851096,MM,201311,60009,강북지역,50003,공급우위,10001,지수,3.5,지수,서울>강북지역,공급우위,지수,2013년 11월
T242093131851096,MM,201311,60013,강남지역,50001,수요우위,10001,지수,3,지수,서울>강남지역,수요우위,지수,2013년 11월
T242093131851096,MM,201311,60013,강남지역,50002,비슷함,10001,지수,62.2,지수,서울>강남지역,비슷함,지수,2013년 11월
T242093131851096,MM,201311,60013,강남지역,50003,공급우위,10001,지수,34.8,지수,서울>강남지역,공급우위,지수,2013년 11월
T242093131851096,MM,201311,60016,경기,50001,수요우위,10001,지수,3,지수,경기,수요우위,지수,2013년 11월
T242093131851096,MM,201311,60016,경기,50002,비슷함,10001,지수,90.4,지수,경기,비슷함,지수,2013년 11월
T242093131851096,MM,201311,60016,경기,50003,공급우위,10001,지수,6.7,지수,경기,공급우위,지수,2013년 11월
T242093131851096,MM,201311,60017,인천,50001,수요우위,10001,지수,2.6,지수,인천,수요우위,지수,2013년 11월
T242093131851096,MM,201311,60017,인천,50002,비슷함,10001,지수,73.7,지수,인천,비슷함,지수,2013년 11월
T242093131851096,MM,201311,60017,인천,50003,공급우위,10001,지수,23.7,지수,인천,공급우위,지수,2013년 11월
T242093131851096,MM,201311,60018,부산,50001,수요우위,10001,지수,7.5,지수,부산,수요우위,지수,2013년 11월
T242093131851096,MM,201311,60018,부산,50002,비슷함,10001,지수,66.2,지수,부산,비슷함,지수,2013년 11월
T242093131851096,MM,201311,60018,부산,50003,공급우위,10001,지수,26.3,지수,부산,공급우위,지수,2013년 11월
T242093131851096,MM,201311,60022,대구,50001,수요우위,10001,지수,9.3,지수,대구,수요우위,지수,2013년 11월
T242093131851096,MM,201311,60022,대구,50002,비슷함,10001,지수,80,지수,대구,비슷함,지수,2013년 11월
T242093131851096,MM,201311,60022,대구,50003,공급우위,10001,지수,10.7,지수,대구,공급우위,지수,2013년 11월
T242093131851096,MM,201311,60023,광주,50001,수요우위,10001,지수,5.9,지수,광주,수요우위,지수,2013년 11월
T242093131851096,MM,201311,60023,광주,50002,비슷함,10001,지수,93.7,지수,광주,비슷함,지수,2013년 11월
T242093131851096,MM,201311,60023,광주,50003,공급우위,10001,지수,0.5,지수,광주,공급우위,지수,2013년 11월
T242093131851096,MM,201311,60024,대전,50001,수요우위,10001,지수,9.5,지수,대전,수요우위,지수,2013년 11월
T242093131851096,MM,201311,60024,대전,50002,비슷함,10001,지수,87.8,지수,대전,비슷함,지수,2013년 11월
T242093131851096,MM,201311,60024,대전,50003,공급우위,10001,지수,2.7,지수,대전,공급우위,지수,2013년 11월
T242093131851096,MM,201311,60025,울산,50001,수요우위,10001,지수,4.4,지수,울산,수요우위,지수,2013년 11월
T242093131851096,MM,201311,60025,울산,50002,비슷함,10001,지수,79.4,지수,울산,비슷함,지수,2013년 11월
T242093131851096,MM,201311,60025,울산,50003,공급우위,10001,지수,16.2,지수,울산,공급우위,지수,2013년 11월
T242093131851096,MM,201312,60001,8개시도,50001,수요우위,10001,지수,4.1,지수,8개시도,수요우위,지수,2013년 12월
T242093131851096,MM,201312,60001,8개시도,50002,비슷함,10001,지수,81,지수,8개시도,비슷함,지수,2013년 12월
T242093131851096,MM,201312,60001,8개시도,50003,공급우위,10001,지수,14.9,지수,8개시도,공급우위,지수,2013년 12월
T242093131851096,MM,201312,60002,수도권,50001,수요우위,10001,지수,4.2,지수,수도권,수요우위,지수,2013년 12월
T242093131851096,MM,201312,60002,수도권,50002,비슷함,10001,지수,79.7,지수,수도권,비슷함,지수,2013년 12월
T242093131851096,MM,201312,60002,수도권,50003,공급우위,10001,지수,16.1,지수,수도권,공급우위,지수,2013년 12월
T242093131851096,MM,201312,60005,5대광역시,50001,수요우위,10001,지수,4,지수,5대광역시,수요우위,지수,2013년 12월
T242093131851096,MM,201312,60005,5대광역시,50002,비슷함,10001,지수,82.5,지수,5대광역시,비슷함,지수,2013년 12월
T242093131851096,MM,201312,60005,5대광역시,50003,공급우위,10001,지수,13.6,지수,5대광역시,공급우위,지수,2013년 12월
T242093131851096,MM,201312,60008,서울,50001,수요우위,10001,지수,4.9,지수,서울,수요우위,지수,2013년 12월
T242093131851096,MM,201312,60008,서울,50002,비슷함,10001,지수,76,지수,서울,비슷함,지수,2013년 12월
T242093131851096,MM,201312,60008,서울,50003,공급우위,10001,지수,19.1,지수,서울,공급우위,지수,2013년 12월
T242093131851096,MM,201312,60009,강북지역,50001,수요우위,10001,지수,3.8,지수,서울>강북지역,수요우위,지수,2013년 12월
T242093131851096,MM,201312,60009,강북지역,50002,비슷함,10001,지수,93.3,지수,서울>강북지역,비슷함,지수,2013년 12월
T242093131851096,MM,201312,60009,강북지역,50003,공급우위,10001,지수,2.9,지수,서울>강북지역,공급우위,지수,2013년 12월
T242093131851096,MM,201312,60013,강남지역,50001,수요우위,10001,지수,6,지수,서울>강남지역,수요우위,지수,2013년 12월
T242093131851096,MM,201312,60013,강남지역,50002,비슷함,10001,지수,60.2,지수,서울>강남지역,비슷함,지수,2013년 12월
T242093131851096,MM,201312,60013,강남지역,50003,공급우위,10001,지수,33.8,지수,서울>강남지역,공급우위,지수,2013년 12월
T242093131851096,MM,201312,60016,경기,50001,수요우위,10001,지수,2.2,지수,경기,수요우위,지수,2013년 12월
T242093131851096,MM,201312,60016,경기,50002,비슷함,10001,지수,90.4,지수,경기,비슷함,지수,2013년 12월
T242093131851096,MM,201312,60016,경기,50003,공급우위,10001,지수,7.4,지수,경기,공급우위,지수,2013년 12월
T242093131851096,MM,201312,60017,인천,50001,수요우위,10001,지수,0,지수,인천,수요우위,지수,2013년 12월
T242093131851096,MM,201312,60017,인천,50002,비슷함,10001,지수,79.8,지수,인천,비슷함,지수,2013년 12월
T242093131851096,MM,201312,60017,인천,50003,공급우위,10001,지수,20.2,지수,인천,공급우위,지수,2013년 12월
T242093131851096,MM,201312,60018,부산,50001,수요우위,10001,지수,4.8,지수,부산,수요우위,지수,2013년 12월
T242093131851096,MM,201312,60018,부산,50002,비슷함,10001,지수,63.6,지수,부산,비슷함,지수,2013년 12월
T242093131851096,MM,201312,60018,부산,50003,공급우위,10001,지수,31.6,지수,부산,공급우위,지수,2013년 12월
T242093131851096,MM,201312,60022,대구,50001,수요우위,10001,지수,9.3,지수,대구,수요우위,지수,2013년 12월
T242093131851096,MM,201312,60022,대구,50002,비슷함,10001,지수,77.3,지수,대구,비슷함,지수,2013년 12월
T242093131851096,MM,201312,60022,대구,50003,공급우위,10001,지수,13.3,지수,대구,공급우위,지수,2013년 12월
T242093131851096,MM,201312,60023,광주,50001,수요우위,10001,지수,0,지수,광주,수요우위,지수,2013년 12월
T242093131851096,MM,201312,60023,광주,50002,비슷함,10001,지수,99.5,지수,광주,비슷함,지수,2013년 12월
T242093131851096,MM,201312,60023,광주,50003,공급우위,10001,지수,0.5,지수,광주,공급우위,지수,2013년 12월
T242093131851096,MM,201312,60024,대전,50001,수요우위,10001,지수,8.6,지수,대전,수요우위,지수,2013년 12월
T242093131851096,MM,201312,60024,대전,50002,비슷함,10001,지수,86.5,지수,대전,비슷함,지수,2013년 12월
T242093131851096,MM,201312,60024,대전,50003,공급우위,10001,지수,5,지수,대전,공급우위,지수,2013년 12월
T242093131851096,MM,201312,60025,울산,50001,수요우위,10001,지수,2.9,지수,울산,수요우위,지수,2013년 12월
T242093131851096,MM,201312,60025,울산,50002,비슷함,10001,지수,90.7,지수,울산,비슷함,지수,2013년 12월
T242093131851096,MM,201312,60025,울산,50003,공급우위,10001,지수,6.4,지수,울산,공급우위,지수,2013년 12월
T242093131851096,MM,201401,60001,8개시도,50001,수요우위,10001,지수,5,지수,8개시도,수요우위,지수,2014년 1월
T242093131851096,MM,201401,60001,8개시도,50002,비슷함,10001,지수,80.5,지수,8개시도,비슷함,지수,2014년 1월
T242093131851096,MM,201401,60001,8개시도,50003,공급우위,10001,지수,14.5,지수,8개시도,공급우위,지수,2014년 1월
T242093131851096,MM,201401,60002,수도권,50001,수요우위,10001,지수,4.6,지수,수도권,수요우위,지수,2014년 1월
T242093131851096,MM,201401,60002,수도권,50002,비슷함,10001,지수,78.5,지수,수도권,비슷함,지수,2014년 1월
T242093131851096,MM,201401,60002,수도권,50003,공급우위,10001,지수,16.8,지수,수도권,공급우위,지수,2014년 1월
T242093131851096,MM,201401,60005,5대광역시,50001,수요우위,10001,지수,5.3,지수,5대광역시,수요우위,지수,2014년 1월
T242093131851096,MM,201401,60005,5대광역시,50002,비슷함,10001,지수,82.7,지수,5대광역시,비슷함,지수,2014년 1월
T242093131851096,MM,201401,60005,5대광역시,50003,공급우위,10001,지수,12,지수,5대광역시,공급우위,지수,2014년 1월
T242093131851096,MM,201401,60008,서울,50001,수요우위,10001,지수,5.7,지수,서울,수요우위,지수,2014년 1월
T242093131851096,MM,201401,60008,서울,50002,비슷함,10001,지수,76.5,지수,서울,비슷함,지수,2014년 1월
T242093131851096,MM,201401,60008,서울,50003,공급우위,10001,지수,17.8,지수,서울,공급우위,지수,2014년 1월
T242093131851096,MM,201401,60009,강북지역,50001,수요우위,10001,지수,6,지수,서울>강북지역,수요우위,지수,2014년 1월
T242093131851096,MM,201401,60009,강북지역,50002,비슷함,10001,지수,91.6,지수,서울>강북지역,비슷함,지수,2014년 1월
T242093131851096,MM,201401,60009,강북지역,50003,공급우위,10001,지수,2.4,지수,서울>강북지역,공급우위,지수,2014년 1월
T242093131851096,MM,201401,60013,강남지역,50001,수요우위,10001,지수,5.5,지수,서울>강남지역,수요우위,지수,2014년 1월
T242093131851096,MM,201401,60013,강남지역,50002,비슷함,10001,지수,62.7,지수,서울>강남지역,비슷함,지수,2014년 1월
T242093131851096,MM,201401,60013,강남지역,50003,공급우위,10001,지수,31.8,지수,서울>강남지역,공급우위,지수,2014년 1월
T242093131851096,MM,201401,60016,경기,50001,수요우위,10001,지수,1.5,지수,경기,수요우위,지수,2014년 1월
T242093131851096,MM,201401,60016,경기,50002,비슷함,10001,지수,84.4,지수,경기,비슷함,지수,2014년 1월
T242093131851096,MM,201401,60016,경기,50003,공급우위,10001,지수,14.1,지수,경기,공급우위,지수,2014년 1월
T242093131851096,MM,201401,60017,인천,50001,수요우위,10001,지수,0.9,지수,인천,수요우위,지수,2014년 1월
T242093131851096,MM,201401,60017,인천,50002,비슷함,10001,지수,78.1,지수,인천,비슷함,지수,2014년 1월
T242093131851096,MM,201401,60017,인천,50003,공급우위,10001,지수,21.1,지수,인천,공급우위,지수,2014년 1월
T242093131851096,MM,201401,60018,부산,50001,수요우위,10001,지수,10.1,지수,부산,수요우위,지수,2014년 1월
T242093131851096,MM,201401,60018,부산,50002,비슷함,10001,지수,68.9,지수,부산,비슷함,지수,2014년 1월
T242093131851096,MM,201401,60018,부산,50003,공급우위,10001,지수,21.1,지수,부산,공급우위,지수,2014년 1월
T242093131851096,MM,201401,60022,대구,50001,수요우위,10001,지수,8,지수,대구,수요우위,지수,2014년 1월
T242093131851096,MM,201401,60022,대구,50002,비슷함,10001,지수,88,지수,대구,비슷함,지수,2014년 1월
T242093131851096,MM,201401,60022,대구,50003,공급우위,10001,지수,4,지수,대구,공급우위,지수,2014년 1월
T242093131851096,MM,201401,60023,광주,50001,수요우위,10001,지수,0,지수,광주,수요우위,지수,2014년 1월
T242093131851096,MM,201401,60023,광주,50002,비슷함,10001,지수,100,지수,광주,비슷함,지수,2014년 1월
T242093131851096,MM,201401,60023,광주,50003,공급우위,10001,지수,0,지수,광주,공급우위,지수,2014년 1월
T242093131851096,MM,201401,60024,대전,50001,수요우위,10001,지수,12.2,지수,대전,수요우위,지수,2014년 1월
T242093131851096,MM,201401,60024,대전,50002,비슷함,10001,지수,80.6,지수,대전,비슷함,지수,2014년 1월
T242093131851096,MM,201401,60024,대전,50003,공급우위,10001,지수,7.2,지수,대전,공급우위,지수,2014년 1월
T242093131851096,MM,201401,60025,울산,50001,수요우위,10001,지수,2.9,지수,울산,수요우위,지수,2014년 1월
T242093131851096,MM,201401,60025,울산,50002,비슷함,10001,지수,83.3,지수,울산,비슷함,지수,2014년 1월
T242093131851096,MM,201401,60025,울산,50003,공급우위,10001,지수,13.7,지수,울산,공급우위,지수,2014년 1월
T242093131851096,MM,201402,60001,8개시도,50001,수요우위,10001,지수,4.2,지수,8개시도,수요우위,지수,2014년 2월
T242093131851096,MM,201402,60001,8개시도,50002,비슷함,10001,지수,77.4,지수,8개시도,비슷함,지수,2014년 2월
T242093131851096,MM,201402,60001,8개시도,50003,공급우위,10001,지수,18.4,지수,8개시도,공급우위,지수,2014년 2월
T242093131851096,MM,201402,60002,수도권,50001,수요우위,10001,지수,3.7,지수,수도권,수요우위,지수,2014년 2월
T242093131851096,MM,201402,60002,수도권,50002,비슷함,10001,지수,77.2,지수,수도권,비슷함,지수,2014년 2월
T242093131851096,MM,201402,60002,수도권,50003,공급우위,10001,지수,19.1,지수,수도권,공급우위,지수,2014년 2월
T242093131851096,MM,201402,60005,5대광역시,50001,수요우위,10001,지수,4.9,지수,5대광역시,수요우위,지수,2014년 2월
T242093131851096,MM,201402,60005,5대광역시,50002,비슷함,10001,지수,77.6,지수,5대광역시,비슷함,지수,2014년 2월
T242093131851096,MM,201402,60005,5대광역시,50003,공급우위,10001,지수,17.5,지수,5대광역시,공급우위,지수,2014년 2월
T242093131851096,MM,201402,60008,서울,50001,수요우위,10001,지수,4.4,지수,서울,수요우위,지수,2014년 2월
T242093131851096,MM,201402,60008,서울,50002,비슷함,10001,지수,76.2,지수,서울,비슷함,지수,2014년 2월
T242093131851096,MM,201402,60008,서울,50003,공급우위,10001,지수,19.4,지수,서울,공급우위,지수,2014년 2월
T242093131851096,MM,201402,60009,강북지역,50001,수요우위,10001,지수,5.5,지수,서울>강북지역,수요우위,지수,2014년 2월
T242093131851096,MM,201402,60009,강북지역,50002,비슷함,10001,지수,87.8,지수,서울>강북지역,비슷함,지수,2014년 2월
T242093131851096,MM,201402,60009,강북지역,50003,공급우위,10001,지수,6.7,지수,서울>강북지역,공급우위,지수,2014년 2월
T242093131851096,MM,201402,60013,강남지역,50001,수요우위,10001,지수,3.5,지수,서울>강남지역,수요우위,지수,2014년 2월
T242093131851096,MM,201402,60013,강남지역,50002,비슷함,10001,지수,65.7,지수,서울>강남지역,비슷함,지수,2014년 2월
T242093131851096,MM,201402,60013,강남지역,50003,공급우위,10001,지수,30.8,지수,서울>강남지역,공급우위,지수,2014년 2월
T242093131851096,MM,201402,60016,경기,50001,수요우위,10001,지수,1.5,지수,경기,수요우위,지수,2014년 2월
T242093131851096,MM,201402,60016,경기,50002,비슷함,10001,지수,80,지수,경기,비슷함,지수,2014년 2월
T242093131851096,MM,201402,60016,경기,50003,공급우위,10001,지수,18.5,지수,경기,공급우위,지수,2014년 2월
T242093131851096,MM,201402,60017,인천,50001,수요우위,10001,지수,3.5,지수,인천,수요우위,지수,2014년 2월
T242093131851096,MM,201402,60017,인천,50002,비슷함,10001,지수,69.9,지수,인천,비슷함,지수,2014년 2월
T242093131851096,MM,201402,60017,인천,50003,공급우위,10001,지수,26.6,지수,인천,공급우위,지수,2014년 2월
T242093131851096,MM,201402,60018,부산,50001,수요우위,10001,지수,3.9,지수,부산,수요우위,지수,2014년 2월
T242093131851096,MM,201402,60018,부산,50002,비슷함,10001,지수,72.4,지수,부산,비슷함,지수,2014년 2월
T242093131851096,MM,201402,60018,부산,50003,공급우위,10001,지수,23.7,지수,부산,공급우위,지수,2014년 2월
T242093131851096,MM,201402,60022,대구,50001,수요우위,10001,지수,8,지수,대구,수요우위,지수,2014년 2월
T242093131851096,MM,201402,60022,대구,50002,비슷함,10001,지수,72,지수,대구,비슷함,지수,2014년 2월
T242093131851096,MM,201402,60022,대구,50003,공급우위,10001,지수,20,지수,대구,공급우위,지수,2014년 2월
T242093131851096,MM,201402,60023,광주,50001,수요우위,10001,지수,9.5,지수,광주,수요우위,지수,2014년 2월
T242093131851096,MM,201402,60023,광주,50002,비슷함,10001,지수,83.8,지수,광주,비슷함,지수,2014년 2월
T242093131851096,MM,201402,60023,광주,50003,공급우위,10001,지수,6.8,지수,광주,공급우위,지수,2014년 2월
T242093131851096,MM,201402,60024,대전,50001,수요우위,10001,지수,4.5,지수,대전,수요우위,지수,2014년 2월
T242093131851096,MM,201402,60024,대전,50002,비슷함,10001,지수,77.9,지수,대전,비슷함,지수,2014년 2월
T242093131851096,MM,201402,60024,대전,50003,공급우위,10001,지수,17.6,지수,대전,공급우위,지수,2014년 2월
T242093131851096,MM,201402,60025,울산,50001,수요우위,10001,지수,0,지수,울산,수요우위,지수,2014년 2월
T242093131851096,MM,201402,60025,울산,50002,비슷함,10001,지수,95.6,지수,울산,비슷함,지수,2014년 2월
T242093131851096,MM,201402,60025,울산,50003,공급우위,10001,지수,4.4,지수,울산,공급우위,지수,2014년 2월
T242093131851096,MM,201403,60001,8개시도,50001,수요우위,10001,지수,4.8,지수,8개시도,수요우위,지수,2014년 3월
T242093131851096,MM,201403,60001,8개시도,50002,비슷함,10001,지수,76.2,지수,8개시도,비슷함,지수,2014년 3월
T242093131851096,MM,201403,60001,8개시도,50003,공급우위,10001,지수,19,지수,8개시도,공급우위,지수,2014년 3월
T242093131851096,MM,201403,60002,수도권,50001,수요우위,10001,지수,2.9,지수,수도권,수요우위,지수,2014년 3월
T242093131851096,MM,201403,60002,수도권,50002,비슷함,10001,지수,79.6,지수,수도권,비슷함,지수,2014년 3월
T242093131851096,MM,201403,60002,수도권,50003,공급우위,10001,지수,17.5,지수,수도권,공급우위,지수,2014년 3월
T242093131851096,MM,201403,60005,5대광역시,50001,수요우위,10001,지수,6.9,지수,5대광역시,수요우위,지수,2014년 3월
T242093131851096,MM,201403,60005,5대광역시,50002,비슷함,10001,지수,72.5,지수,5대광역시,비슷함,지수,2014년 3월
T242093131851096,MM,201403,60005,5대광역시,50003,공급우위,10001,지수,20.6,지수,5대광역시,공급우위,지수,2014년 3월
T242093131851096,MM,201403,60008,서울,50001,수요우위,10001,지수,3.6,지수,서울,수요우위,지수,2014년 3월
T242093131851096,MM,201403,60008,서울,50002,비슷함,10001,지수,78.1,지수,서울,비슷함,지수,2014년 3월
T242093131851096,MM,201403,60008,서울,50003,공급우위,10001,지수,18.2,지수,서울,공급우위,지수,2014년 3월
T242093131851096,MM,201403,60009,강북지역,50001,수요우위,10001,지수,4.4,지수,서울>강북지역,수요우위,지수,2014년 3월
T242093131851096,MM,201403,60009,강북지역,50002,비슷함,10001,지수,89.1,지수,서울>강북지역,비슷함,지수,2014년 3월
T242093131851096,MM,201403,60009,강북지역,50003,공급우위,10001,지수,6.6,지수,서울>강북지역,공급우위,지수,2014년 3월
T242093131851096,MM,201403,60013,강남지역,50001,수요우위,10001,지수,3,지수,서울>강남지역,수요우위,지수,2014년 3월
T242093131851096,MM,201403,60013,강남지역,50002,비슷함,10001,지수,68.2,지수,서울>강남지역,비슷함,지수,2014년 3월
T242093131851096,MM,201403,60013,강남지역,50003,공급우위,10001,지수,28.9,지수,서울>강남지역,공급우위,지수,2014년 3월
T242093131851096,MM,201403,60016,경기,50001,수요우위,10001,지수,0.7,지수,경기,수요우위,지수,2014년 3월
T242093131851096,MM,201403,60016,경기,50002,비슷함,10001,지수,84,지수,경기,비슷함,지수,2014년 3월
T242093131851096,MM,201403,60016,경기,50003,공급우위,10001,지수,15.3,지수,경기,공급우위,지수,2014년 3월
T242093131851096,MM,201403,60017,인천,50001,수요우위,10001,지수,2.6,지수,인천,수요우위,지수,2014년 3월
T242093131851096,MM,201403,60017,인천,50002,비슷함,10001,지수,72.5,지수,인천,비슷함,지수,2014년 3월
T242093131851096,MM,201403,60017,인천,50003,공급우위,10001,지수,24.9,지수,인천,공급우위,지수,2014년 3월
T242093131851096,MM,201403,60018,부산,50001,수요우위,10001,지수,6.6,지수,부산,수요우위,지수,2014년 3월
T242093131851096,MM,201403,60018,부산,50002,비슷함,10001,지수,76.3,지수,부산,비슷함,지수,2014년 3월
T242093131851096,MM,201403,60018,부산,50003,공급우위,10001,지수,17.1,지수,부산,공급우위,지수,2014년 3월
T242093131851096,MM,201403,60022,대구,50001,수요우위,10001,지수,6.7,지수,대구,수요우위,지수,2014년 3월
T242093131851096,MM,201403,60022,대구,50002,비슷함,10001,지수,58.2,지수,대구,비슷함,지수,2014년 3월
T242093131851096,MM,201403,60022,대구,50003,공급우위,10001,지수,35.1,지수,대구,공급우위,지수,2014년 3월
T242093131851096,MM,201403,60023,광주,50001,수요우위,10001,지수,9.5,지수,광주,수요우위,지수,2014년 3월
T242093131851096,MM,201403,60023,광주,50002,비슷함,10001,지수,76.6,지수,광주,비슷함,지수,2014년 3월
T242093131851096,MM,201403,60023,광주,50003,공급우위,10001,지수,14,지수,광주,공급우위,지수,2014년 3월
T242093131851096,MM,201403,60024,대전,50001,수요우위,10001,지수,4.1,지수,대전,수요우위,지수,2014년 3월
T242093131851096,MM,201403,60024,대전,50002,비슷함,10001,지수,74.3,지수,대전,비슷함,지수,2014년 3월
T242093131851096,MM,201403,60024,대전,50003,공급우위,10001,지수,21.6,지수,대전,공급우위,지수,2014년 3월
T242093131851096,MM,201403,60025,울산,50001,수요우위,10001,지수,15.2,지수,울산,수요우위,지수,2014년 3월
T242093131851096,MM,201403,60025,울산,50002,비슷함,10001,지수,77.5,지수,울산,비슷함,지수,2014년 3월
T242093131851096,MM,201403,60025,울산,50003,공급우위,10001,지수,7.4,지수,울산,공급우위,지수,2014년 3월
T242093131851096,MM,201404,60001,8개시도,50001,수요우위,10001,지수,5.3,지수,8개시도,수요우위,지수,2014년 4월
T242093131851096,MM,201404,60001,8개시도,50002,비슷함,10001,지수,72.5,지수,8개시도,비슷함,지수,2014년 4월
T242093131851096,MM,201404,60001,8개시도,50003,공급우위,10001,지수,22.2,지수,8개시도,공급우위,지수,2014년 4월
T242093131851096,MM,201404,60002,수도권,50001,수요우위,10001,지수,4.8,지수,수도권,수요우위,지수,2014년 4월
T242093131851096,MM,201404,60002,수도권,50002,비슷함,10001,지수,70,지수,수도권,비슷함,지수,2014년 4월
T242093131851096,MM,201404,60002,수도권,50003,공급우위,10001,지수,25.2,지수,수도권,공급우위,지수,2014년 4월
T242093131851096,MM,201404,60005,5대광역시,50001,수요우위,10001,지수,5.8,지수,5대광역시,수요우위,지수,2014년 4월
T242093131851096,MM,201404,60005,5대광역시,50002,비슷함,10001,지수,75.3,지수,5대광역시,비슷함,지수,2014년 4월
T242093131851096,MM,201404,60005,5대광역시,50003,공급우위,10001,지수,18.9,지수,5대광역시,공급우위,지수,2014년 4월
T242093131851096,MM,201404,60008,서울,50001,수요우위,10001,지수,5.2,지수,서울,수요우위,지수,2014년 4월
T242093131851096,MM,201404,60008,서울,50002,비슷함,10001,지수,68.7,지수,서울,비슷함,지수,2014년 4월
T242093131851096,MM,201404,60008,서울,50003,공급우위,10001,지수,26.1,지수,서울,공급우위,지수,2014년 4월
T242093131851096,MM,201404,60009,강북지역,50001,수요우위,10001,지수,5.5,지수,서울>강북지역,수요우위,지수,2014년 4월
T242093131851096,MM,201404,60009,강북지역,50002,비슷함,10001,지수,79.6,지수,서울>강북지역,비슷함,지수,2014년 4월
T242093131851096,MM,201404,60009,강북지역,50003,공급우위,10001,지수,14.9,지수,서울>강북지역,공급우위,지수,2014년 4월
T242093131851096,MM,201404,60013,강남지역,50001,수요우위,10001,지수,5,지수,서울>강남지역,수요우위,지수,2014년 4월
T242093131851096,MM,201404,60013,강남지역,50002,비슷함,10001,지수,58.7,지수,서울>강남지역,비슷함,지수,2014년 4월
T242093131851096,MM,201404,60013,강남지역,50003,공급우위,10001,지수,36.3,지수,서울>강남지역,공급우위,지수,2014년 4월
T242093131851096,MM,201404,60016,경기,50001,수요우위,10001,지수,3.7,지수,경기,수요우위,지수,2014년 4월
T242093131851096,MM,201404,60016,경기,50002,비슷함,10001,지수,73.8,지수,경기,비슷함,지수,2014년 4월
T242093131851096,MM,201404,60016,경기,50003,공급우위,10001,지수,22.5,지수,경기,공급우위,지수,2014년 4월
T242093131851096,MM,201404,60017,인천,50001,수요우위,10001,지수,1.8,지수,인천,수요우위,지수,2014년 4월
T242093131851096,MM,201404,60017,인천,50002,비슷함,10001,지수,73.4,지수,인천,비슷함,지수,2014년 4월
T242093131851096,MM,201404,60017,인천,50003,공급우위,10001,지수,24.9,지수,인천,공급우위,지수,2014년 4월
T242093131851096,MM,201404,60018,부산,50001,수요우위,10001,지수,3.9,지수,부산,수요우위,지수,2014년 4월
T242093131851096,MM,201404,60018,부산,50002,비슷함,10001,지수,67.1,지수,부산,비슷함,지수,2014년 4월
T242093131851096,MM,201404,60018,부산,50003,공급우위,10001,지수,28.9,지수,부산,공급우위,지수,2014년 4월
T242093131851096,MM,201404,60022,대구,50001,수요우위,10001,지수,5.3,지수,대구,수요우위,지수,2014년 4월
T242093131851096,MM,201404,60022,대구,50002,비슷함,10001,지수,68.4,지수,대구,비슷함,지수,2014년 4월
T242093131851096,MM,201404,60022,대구,50003,공급우위,10001,지수,26.2,지수,대구,공급우위,지수,2014년 4월
T242093131851096,MM,201404,60023,광주,50001,수요우위,10001,지수,7.2,지수,광주,수요우위,지수,2014년 4월
T242093131851096,MM,201404,60023,광주,50002,비슷함,10001,지수,82,지수,광주,비슷함,지수,2014년 4월
T242093131851096,MM,201404,60023,광주,50003,공급우위,10001,지수,10.8,지수,광주,공급우위,지수,2014년 4월
T242093131851096,MM,201404,60024,대전,50001,수요우위,10001,지수,11.7,지수,대전,수요우위,지수,2014년 4월
T242093131851096,MM,201404,60024,대전,50002,비슷함,10001,지수,76.6,지수,대전,비슷함,지수,2014년 4월
T242093131851096,MM,201404,60024,대전,50003,공급우위,10001,지수,11.7,지수,대전,공급우위,지수,2014년 4월
T242093131851096,MM,201404,60025,울산,50001,수요우위,10001,지수,7.4,지수,울산,수요우위,지수,2014년 4월
T242093131851096,MM,201404,60025,울산,50002,비슷함,10001,지수,86.3,지수,울산,비슷함,지수,2014년 4월
T242093131851096,MM,201404,60025,울산,50003,공급우위,10001,지수,6.4,지수,울산,공급우위,지수,2014년 4월
T242093131851096,MM,201405,60001,8개시도,50001,수요우위,10001,지수,4.4,지수,8개시도,수요우위,지수,2014년 5월
T242093131851096,MM,201405,60001,8개시도,50002,비슷함,10001,지수,75.8,지수,8개시도,비슷함,지수,2014년 5월
T242093131851096,MM,201405,60001,8개시도,50003,공급우위,10001,지수,19.8,지수,8개시도,공급우위,지수,2014년 5월
T242093131851096,MM,201405,60002,수도권,50001,수요우위,10001,지수,2.9,지수,수도권,수요우위,지수,2014년 5월
T242093131851096,MM,201405,60002,수도권,50002,비슷함,10001,지수,75,지수,수도권,비슷함,지수,2014년 5월
T242093131851096,MM,201405,60002,수도권,50003,공급우위,10001,지수,22.1,지수,수도권,공급우위,지수,2014년 5월
T242093131851096,MM,201405,60005,5대광역시,50001,수요우위,10001,지수,6,지수,5대광역시,수요우위,지수,2014년 5월
T242093131851096,MM,201405,60005,5대광역시,50002,비슷함,10001,지수,76.7,지수,5대광역시,비슷함,지수,2014년 5월
T242093131851096,MM,201405,60005,5대광역시,50003,공급우위,10001,지수,17.3,지수,5대광역시,공급우위,지수,2014년 5월
T242093131851096,MM,201405,60008,서울,50001,수요우위,10001,지수,3.4,지수,서울,수요우위,지수,2014년 5월
T242093131851096,MM,201405,60008,서울,50002,비슷함,10001,지수,73.9,지수,서울,비슷함,지수,2014년 5월
T242093131851096,MM,201405,60008,서울,50003,공급우위,10001,지수,22.7,지수,서울,공급우위,지수,2014년 5월
T242093131851096,MM,201405,60009,강북지역,50001,수요우위,10001,지수,4.9,지수,서울>강북지역,수요우위,지수,2014년 5월
T242093131851096,MM,201405,60009,강북지역,50002,비슷함,10001,지수,84.5,지수,서울>강북지역,비슷함,지수,2014년 5월
T242093131851096,MM,201405,60009,강북지역,50003,공급우위,10001,지수,10.6,지수,서울>강북지역,공급우위,지수,2014년 5월
T242093131851096,MM,201405,60013,강남지역,50001,수요우위,10001,지수,2,지수,서울>강남지역,수요우위,지수,2014년 5월
T242093131851096,MM,201405,60013,강남지역,50002,비슷함,10001,지수,64.2,지수,서울>강남지역,비슷함,지수,2014년 5월
T242093131851096,MM,201405,60013,강남지역,50003,공급우위,10001,지수,33.8,지수,서울>강남지역,공급우위,지수,2014년 5월
T242093131851096,MM,201405,60016,경기,50001,수요우위,10001,지수,1.5,지수,경기,수요우위,지수,2014년 5월
T242093131851096,MM,201405,60016,경기,50002,비슷함,10001,지수,78.3,지수,경기,비슷함,지수,2014년 5월
T242093131851096,MM,201405,60016,경기,50003,공급우위,10001,지수,20.2,지수,경기,공급우위,지수,2014년 5월
T242093131851096,MM,201405,60017,인천,50001,수요우위,10001,지수,1.8,지수,인천,수요우위,지수,2014년 5월
T242093131851096,MM,201405,60017,인천,50002,비슷함,10001,지수,73.4,지수,인천,비슷함,지수,2014년 5월
T242093131851096,MM,201405,60017,인천,50003,공급우위,10001,지수,24.9,지수,인천,공급우위,지수,2014년 5월
T242093131851096,MM,201405,60018,부산,50001,수요우위,10001,지수,11.8,지수,부산,수요우위,지수,2014년 5월
T242093131851096,MM,201405,60018,부산,50002,비슷함,10001,지수,60.5,지수,부산,비슷함,지수,2014년 5월
T242093131851096,MM,201405,60018,부산,50003,공급우위,10001,지수,27.6,지수,부산,공급우위,지수,2014년 5월
T242093131851096,MM,201405,60022,대구,50001,수요우위,10001,지수,6.7,지수,대구,수요우위,지수,2014년 5월
T242093131851096,MM,201405,60022,대구,50002,비슷함,10001,지수,75.1,지수,대구,비슷함,지수,2014년 5월
T242093131851096,MM,201405,60022,대구,50003,공급우위,10001,지수,18.2,지수,대구,공급우위,지수,2014년 5월
T242093131851096,MM,201405,60023,광주,50001,수요우위,10001,지수,1.4,지수,광주,수요우위,지수,2014년 5월
T242093131851096,MM,201405,60023,광주,50002,비슷함,10001,지수,98.6,지수,광주,비슷함,지수,2014년 5월
T242093131851096,MM,201405,60023,광주,50003,공급우위,10001,지수,0,지수,광주,공급우위,지수,2014년 5월
T242093131851096,MM,201405,60024,대전,50001,수요우위,10001,지수,5.4,지수,대전,수요우위,지수,2014년 5월
T242093131851096,MM,201405,60024,대전,50002,비슷함,10001,지수,79.3,지수,대전,비슷함,지수,2014년 5월
T242093131851096,MM,201405,60024,대전,50003,공급우위,10001,지수,15.3,지수,대전,공급우위,지수,2014년 5월
T242093131851096,MM,201405,60025,울산,50001,수요우위,10001,지수,11.3,지수,울산,수요우위,지수,2014년 5월
T242093131851096,MM,201405,60025,울산,50002,비슷함,10001,지수,75.5,지수,울산,비슷함,지수,2014년 5월
T242093131851096,MM,201405,60025,울산,50003,공급우위,10001,지수,13.2,지수,울산,공급우위,지수,2014년 5월
T242093131851096,MM,201406,60001,8개시도,50001,수요우위,10001,지수,4.3,지수,8개시도,수요우위,지수,2014년 6월
T242093131851096,MM,201406,60001,8개시도,50002,비슷함,10001,지수,77.6,지수,8개시도,비슷함,지수,2014년 6월
T242093131851096,MM,201406,60001,8개시도,50003,공급우위,10001,지수,18.1,지수,8개시도,공급우위,지수,2014년 6월
T242093131851096,MM,201406,60002,수도권,50001,수요우위,10001,지수,2.1,지수,수도권,수요우위,지수,2014년 6월
T242093131851096,MM,201406,60002,수도권,50002,비슷함,10001,지수,78.4,지수,수도권,비슷함,지수,2014년 6월
T242093131851096,MM,201406,60002,수도권,50003,공급우위,10001,지수,19.5,지수,수도권,공급우위,지수,2014년 6월
T242093131851096,MM,201406,60005,5대광역시,50001,수요우위,10001,지수,6.7,지수,5대광역시,수요우위,지수,2014년 6월
T242093131851096,MM,201406,60005,5대광역시,50002,비슷함,10001,지수,76.8,지수,5대광역시,비슷함,지수,2014년 6월
T242093131851096,MM,201406,60005,5대광역시,50003,공급우위,10001,지수,16.5,지수,5대광역시,공급우위,지수,2014년 6월
T242093131851096,MM,201406,60008,서울,50001,수요우위,10001,지수,2.9,지수,서울,수요우위,지수,2014년 6월
T242093131851096,MM,201406,60008,서울,50002,비슷함,10001,지수,79.1,지수,서울,비슷함,지수,2014년 6월
T242093131851096,MM,201406,60008,서울,50003,공급우위,10001,지수,18.1,지수,서울,공급우위,지수,2014년 6월
T242093131851096,MM,201406,60009,강북지역,50001,수요우위,10001,지수,4.9,지수,서울>강북지역,수요우위,지수,2014년 6월
T242093131851096,MM,201406,60009,강북지역,50002,비슷함,10001,지수,84.5,지수,서울>강북지역,비슷함,지수,2014년 6월
T242093131851096,MM,201406,60009,강북지역,50003,공급우위,10001,지수,10.6,지수,서울>강북지역,공급우위,지수,2014년 6월
T242093131851096,MM,201406,60013,강남지역,50001,수요우위,10001,지수,1,지수,서울>강남지역,수요우위,지수,2014년 6월
T242093131851096,MM,201406,60013,강남지역,50002,비슷함,10001,지수,74.1,지수,서울>강남지역,비슷함,지수,2014년 6월
T242093131851096,MM,201406,60013,강남지역,50003,공급우위,10001,지수,24.9,지수,서울>강남지역,공급우위,지수,2014년 6월
T242093131851096,MM,201406,60016,경기,50001,수요우위,10001,지수,0,지수,경기,수요우위,지수,2014년 6월
T242093131851096,MM,201406,60016,경기,50002,비슷함,10001,지수,76.3,지수,경기,비슷함,지수,2014년 6월
T242093131851096,MM,201406,60016,경기,50003,공급우위,10001,지수,23.7,지수,경기,공급우위,지수,2014년 6월
T242093131851096,MM,201406,60017,인천,50001,수요우위,10001,지수,1.8,지수,인천,수요우위,지수,2014년 6월
T242093131851096,MM,201406,60017,인천,50002,비슷함,10001,지수,73.4,지수,인천,비슷함,지수,2014년 6월
T242093131851096,MM,201406,60017,인천,50003,공급우위,10001,지수,24.9,지수,인천,공급우위,지수,2014년 6월
T242093131851096,MM,201406,60018,부산,50001,수요우위,10001,지수,10.5,지수,부산,수요우위,지수,2014년 6월
T242093131851096,MM,201406,60018,부산,50002,비슷함,10001,지수,65.8,지수,부산,비슷함,지수,2014년 6월
T242093131851096,MM,201406,60018,부산,50003,공급우위,10001,지수,23.7,지수,부산,공급우위,지수,2014년 6월
T242093131851096,MM,201406,60022,대구,50001,수요우위,10001,지수,5.3,지수,대구,수요우위,지수,2014년 6월
T242093131851096,MM,201406,60022,대구,50002,비슷함,10001,지수,76,지수,대구,비슷함,지수,2014년 6월
T242093131851096,MM,201406,60022,대구,50003,공급우위,10001,지수,18.7,지수,대구,공급우위,지수,2014년 6월
T242093131851096,MM,201406,60023,광주,50001,수요우위,10001,지수,4.1,지수,광주,수요우위,지수,2014년 6월
T242093131851096,MM,201406,60023,광주,50002,비슷함,10001,지수,94.6,지수,광주,비슷함,지수,2014년 6월
T242093131851096,MM,201406,60023,광주,50003,공급우위,10001,지수,1.4,지수,광주,공급우위,지수,2014년 6월
T242093131851096,MM,201406,60024,대전,50001,수요우위,10001,지수,11.7,지수,대전,수요우위,지수,2014년 6월
T242093131851096,MM,201406,60024,대전,50002,비슷함,10001,지수,71.2,지수,대전,비슷함,지수,2014년 6월
T242093131851096,MM,201406,60024,대전,50003,공급우위,10001,지수,17.1,지수,대전,공급우위,지수,2014년 6월
T242093131851096,MM,201406,60025,울산,50001,수요우위,10001,지수,9.8,지수,울산,수요우위,지수,2014년 6월
T242093131851096,MM,201406,60025,울산,50002,비슷함,10001,지수,82.4,지수,울산,비슷함,지수,2014년 6월
T242093131851096,MM,201406,60025,울산,50003,공급우위,10001,지수,7.8,지수,울산,공급우위,지수,2014년 6월
T242093131851096,MM,201407,60001,8개시도,50001,수요우위,10001,지수,3.3,지수,8개시도,수요우위,지수,2014년 7월
T242093131851096,MM,201407,60001,8개시도,50002,비슷함,10001,지수,78.5,지수,8개시도,비슷함,지수,2014년 7월
T242093131851096,MM,201407,60001,8개시도,50003,공급우위,10001,지수,18.2,지수,8개시도,공급우위,지수,2014년 7월
T242093131851096,MM,201407,60002,수도권,50001,수요우위,10001,지수,2.5,지수,수도권,수요우위,지수,2014년 7월
T242093131851096,MM,201407,60002,수도권,50002,비슷함,10001,지수,77.2,지수,수도권,비슷함,지수,2014년 7월
T242093131851096,MM,201407,60002,수도권,50003,공급우위,10001,지수,20.3,지수,수도권,공급우위,지수,2014년 7월
T242093131851096,MM,201407,60005,5대광역시,50001,수요우위,10001,지수,4.1,지수,5대광역시,수요우위,지수,2014년 7월
T242093131851096,MM,201407,60005,5대광역시,50002,비슷함,10001,지수,80,지수,5대광역시,비슷함,지수,2014년 7월
T242093131851096,MM,201407,60005,5대광역시,50003,공급우위,10001,지수,15.9,지수,5대광역시,공급우위,지수,2014년 7월
T242093131851096,MM,201407,60008,서울,50001,수요우위,10001,지수,2.9,지수,서울,수요우위,지수,2014년 7월
T242093131851096,MM,201407,60008,서울,50002,비슷함,10001,지수,79.1,지수,서울,비슷함,지수,2014년 7월
T242093131851096,MM,201407,60008,서울,50003,공급우위,10001,지수,18.1,지수,서울,공급우위,지수,2014년 7월
T242093131851096,MM,201407,60009,강북지역,50001,수요우위,10001,지수,4.9,지수,서울>강북지역,수요우위,지수,2014년 7월
T242093131851096,MM,201407,60009,강북지역,50002,비슷함,10001,지수,80.7,지수,서울>강북지역,비슷함,지수,2014년 7월
T242093131851096,MM,201407,60009,강북지역,50003,공급우위,10001,지수,14.4,지수,서울>강북지역,공급우위,지수,2014년 7월
T242093131851096,MM,201407,60013,강남지역,50001,수요우위,10001,지수,1,지수,서울>강남지역,수요우위,지수,2014년 7월
T242093131851096,MM,201407,60013,강남지역,50002,비슷함,10001,지수,77.6,지수,서울>강남지역,비슷함,지수,2014년 7월
T242093131851096,MM,201407,60013,강남지역,50003,공급우위,10001,지수,21.4,지수,서울>강남지역,공급우위,지수,2014년 7월
T242093131851096,MM,201407,60016,경기,50001,수요우위,10001,지수,1.5,지수,경기,수요우위,지수,2014년 7월
T242093131851096,MM,201407,60016,경기,50002,비슷함,10001,지수,71.9,지수,경기,비슷함,지수,2014년 7월
T242093131851096,MM,201407,60016,경기,50003,공급우위,10001,지수,26.7,지수,경기,공급우위,지수,2014년 7월
T242093131851096,MM,201407,60017,인천,50001,수요우위,10001,지수,3.5,지수,인천,수요우위,지수,2014년 7월
T242093131851096,MM,201407,60017,인천,50002,비슷함,10001,지수,74.3,지수,인천,비슷함,지수,2014년 7월
T242093131851096,MM,201407,60017,인천,50003,공급우위,10001,지수,22.2,지수,인천,공급우위,지수,2014년 7월
T242093131851096,MM,201407,60018,부산,50001,수요우위,10001,지수,3.9,지수,부산,수요우위,지수,2014년 7월
T242093131851096,MM,201407,60018,부산,50002,비슷함,10001,지수,71.1,지수,부산,비슷함,지수,2014년 7월
T242093131851096,MM,201407,60018,부산,50003,공급우위,10001,지수,25,지수,부산,공급우위,지수,2014년 7월
T242093131851096,MM,201407,60022,대구,50001,수요우위,10001,지수,5.3,지수,대구,수요우위,지수,2014년 7월
T242093131851096,MM,201407,60022,대구,50002,비슷함,10001,지수,74.7,지수,대구,비슷함,지수,2014년 7월
T242093131851096,MM,201407,60022,대구,50003,공급우위,10001,지수,20,지수,대구,공급우위,지수,2014년 7월
T242093131851096,MM,201407,60023,광주,50001,수요우위,10001,지수,0,지수,광주,수요우위,지수,2014년 7월
T242093131851096,MM,201407,60023,광주,50002,비슷함,10001,지수,100,지수,광주,비슷함,지수,2014년 7월
T242093131851096,MM,201407,60023,광주,50003,공급우위,10001,지수,0,지수,광주,공급우위,지수,2014년 7월
T242093131851096,MM,201407,60024,대전,50001,수요우위,10001,지수,7.7,지수,대전,수요우위,지수,2014년 7월
T242093131851096,MM,201407,60024,대전,50002,비슷함,10001,지수,73.9,지수,대전,비슷함,지수,2014년 7월
T242093131851096,MM,201407,60024,대전,50003,공급우위,10001,지수,18.5,지수,대전,공급우위,지수,2014년 7월
T242093131851096,MM,201407,60025,울산,50001,수요우위,10001,지수,4.4,지수,울산,수요우위,지수,2014년 7월
T242093131851096,MM,201407,60025,울산,50002,비슷함,10001,지수,90.2,지수,울산,비슷함,지수,2014년 7월
T242093131851096,MM,201407,60025,울산,50003,공급우위,10001,지수,5.4,지수,울산,공급우위,지수,2014년 7월
T242093131851096,MM,201408,60001,8개시도,50001,수요우위,10001,지수,2.9,지수,8개시도,수요우위,지수,2014년 8월
T242093131851096,MM,201408,60001,8개시도,50002,비슷함,10001,지수,79,지수,8개시도,비슷함,지수,2014년 8월
T242093131851096,MM,201408,60001,8개시도,50003,공급우위,10001,지수,18.1,지수,8개시도,공급우위,지수,2014년 8월
T242093131851096,MM,201408,60002,수도권,50001,수요우위,10001,지수,1.7,지수,수도권,수요우위,지수,2014년 8월
T242093131851096,MM,201408,60002,수도권,50002,비슷함,10001,지수,78.5,지수,수도권,비슷함,지수,2014년 8월
T242093131851096,MM,201408,60002,수도권,50003,공급우위,10001,지수,19.8,지수,수도권,공급우위,지수,2014년 8월
T242093131851096,MM,201408,60005,5대광역시,50001,수요우위,10001,지수,4.1,지수,5대광역시,수요우위,지수,2014년 8월
T242093131851096,MM,201408,60005,5대광역시,50002,비슷함,10001,지수,79.6,지수,5대광역시,비슷함,지수,2014년 8월
T242093131851096,MM,201408,60005,5대광역시,50003,공급우위,10001,지수,16.3,지수,5대광역시,공급우위,지수,2014년 8월
T242093131851096,MM,201408,60008,서울,50001,수요우위,10001,지수,2.3,지수,서울,수요우위,지수,2014년 8월
T242093131851096,MM,201408,60008,서울,50002,비슷함,10001,지수,79.6,지수,서울,비슷함,지수,2014년 8월
T242093131851096,MM,201408,60008,서울,50003,공급우위,10001,지수,18.1,지수,서울,공급우위,지수,2014년 8월
T242093131851096,MM,201408,60009,강북지역,50001,수요우위,10001,지수,3.8,지수,서울>강북지역,수요우위,지수,2014년 8월
T242093131851096,MM,201408,60009,강북지역,50002,비슷함,10001,지수,81.2,지수,서울>강북지역,비슷함,지수,2014년 8월
T242093131851096,MM,201408,60009,강북지역,50003,공급우위,10001,지수,14.9,지수,서울>강북지역,공급우위,지수,2014년 8월
T242093131851096,MM,201408,60013,강남지역,50001,수요우위,10001,지수,1,지수,서울>강남지역,수요우위,지수,2014년 8월
T242093131851096,MM,201408,60013,강남지역,50002,비슷함,10001,지수,78.1,지수,서울>강남지역,비슷함,지수,2014년 8월
T242093131851096,MM,201408,60013,강남지역,50003,공급우위,10001,지수,20.9,지수,서울>강남지역,공급우위,지수,2014년 8월
T242093131851096,MM,201408,60016,경기,50001,수요우위,10001,지수,0,지수,경기,수요우위,지수,2014년 8월
T242093131851096,MM,201408,60016,경기,50002,비슷함,10001,지수,75.3,지수,경기,비슷함,지수,2014년 8월
T242093131851096,MM,201408,60016,경기,50003,공급우위,10001,지수,24.7,지수,경기,공급우위,지수,2014년 8월
T242093131851096,MM,201408,60017,인천,50001,수요우위,10001,지수,3.5,지수,인천,수요우위,지수,2014년 8월
T242093131851096,MM,201408,60017,인천,50002,비슷함,10001,지수,74.3,지수,인천,비슷함,지수,2014년 8월
T242093131851096,MM,201408,60017,인천,50003,공급우위,10001,지수,22.2,지수,인천,공급우위,지수,2014년 8월
T242093131851096,MM,201408,60018,부산,50001,수요우위,10001,지수,2.6,지수,부산,수요우위,지수,2014년 8월
T242093131851096,MM,201408,60018,부산,50002,비슷함,10001,지수,73.7,지수,부산,비슷함,지수,2014년 8월
T242093131851096,MM,201408,60018,부산,50003,공급우위,10001,지수,23.7,지수,부산,공급우위,지수,2014년 8월
T242093131851096,MM,201408,60022,대구,50001,수요우위,10001,지수,0,지수,대구,수요우위,지수,2014년 8월
T242093131851096,MM,201408,60022,대구,50002,비슷함,10001,지수,76,지수,대구,비슷함,지수,2014년 8월
T242093131851096,MM,201408,60022,대구,50003,공급우위,10001,지수,24,지수,대구,공급우위,지수,2014년 8월
T242093131851096,MM,201408,60023,광주,50001,수요우위,10001,지수,2.7,지수,광주,수요우위,지수,2014년 8월
T242093131851096,MM,201408,60023,광주,50002,비슷함,10001,지수,94.6,지수,광주,비슷함,지수,2014년 8월
T242093131851096,MM,201408,60023,광주,50003,공급우위,10001,지수,2.7,지수,광주,공급우위,지수,2014년 8월
T242093131851096,MM,201408,60024,대전,50001,수요우위,10001,지수,5,지수,대전,수요우위,지수,2014년 8월
T242093131851096,MM,201408,60024,대전,50002,비슷함,10001,지수,80.2,지수,대전,비슷함,지수,2014년 8월
T242093131851096,MM,201408,60024,대전,50003,공급우위,10001,지수,14.9,지수,대전,공급우위,지수,2014년 8월
T242093131851096,MM,201408,60025,울산,50001,수요우위,10001,지수,11.8,지수,울산,수요우위,지수,2014년 8월
T242093131851096,MM,201408,60025,울산,50002,비슷함,10001,지수,82.4,지수,울산,비슷함,지수,2014년 8월
T242093131851096,MM,201408,60025,울산,50003,공급우위,10001,지수,5.9,지수,울산,공급우위,지수,2014년 8월
T242093131851096,MM,201409,60001,8개시도,50001,수요우위,10001,지수,4.2,지수,8개시도,수요우위,지수,2014년 9월
T242093131851096,MM,201409,60001,8개시도,50002,비슷함,10001,지수,76.9,지수,8개시도,비슷함,지수,2014년 9월
T242093131851096,MM,201409,60001,8개시도,50003,공급우위,10001,지수,18.9,지수,8개시도,공급우위,지수,2014년 9월
T242093131851096,MM,201409,60002,수도권,50001,수요우위,10001,지수,2.6,지수,수도권,수요우위,지수,2014년 9월
T242093131851096,MM,201409,60002,수도권,50002,비슷함,10001,지수,75.9,지수,수도권,비슷함,지수,2014년 9월
T242093131851096,MM,201409,60002,수도권,50003,공급우위,10001,지수,21.5,지수,수도권,공급우위,지수,2014년 9월
T242093131851096,MM,201409,60005,5대광역시,50001,수요우위,10001,지수,5.9,지수,5대광역시,수요우위,지수,2014년 9월
T242093131851096,MM,201409,60005,5대광역시,50002,비슷함,10001,지수,78,지수,5대광역시,비슷함,지수,2014년 9월
T242093131851096,MM,201409,60005,5대광역시,50003,공급우위,10001,지수,16.1,지수,5대광역시,공급우위,지수,2014년 9월
T242093131851096,MM,201409,60008,서울,50001,수요우위,10001,지수,2.3,지수,서울,수요우위,지수,2014년 9월
T242093131851096,MM,201409,60008,서울,50002,비슷함,10001,지수,78.6,지수,서울,비슷함,지수,2014년 9월
T242093131851096,MM,201409,60008,서울,50003,공급우위,10001,지수,19.1,지수,서울,공급우위,지수,2014년 9월
T242093131851096,MM,201409,60009,강북지역,50001,수요우위,10001,지수,3.8,지수,서울>강북지역,수요우위,지수,2014년 9월
T242093131851096,MM,201409,60009,강북지역,50002,비슷함,10001,지수,77.4,지수,서울>강북지역,비슷함,지수,2014년 9월
T242093131851096,MM,201409,60009,강북지역,50003,공급우위,10001,지수,18.8,지수,서울>강북지역,공급우위,지수,2014년 9월
T242093131851096,MM,201409,60013,강남지역,50001,수요우위,10001,지수,1,지수,서울>강남지역,수요우위,지수,2014년 9월
T242093131851096,MM,201409,60013,강남지역,50002,비슷함,10001,지수,79.6,지수,서울>강남지역,비슷함,지수,2014년 9월
T242093131851096,MM,201409,60013,강남지역,50003,공급우위,10001,지수,19.4,지수,서울>강남지역,공급우위,지수,2014년 9월
T242093131851096,MM,201409,60016,경기,50001,수요우위,10001,지수,3.2,지수,경기,수요우위,지수,2014년 9월
T242093131851096,MM,201409,60016,경기,50002,비슷함,10001,지수,68.4,지수,경기,비슷함,지수,2014년 9월
T242093131851096,MM,201409,60016,경기,50003,공급우위,10001,지수,28.4,지수,경기,공급우위,지수,2014년 9월
T242093131851096,MM,201409,60017,인천,50001,수요우위,10001,지수,3.5,지수,인천,수요우위,지수,2014년 9월
T242093131851096,MM,201409,60017,인천,50002,비슷함,10001,지수,71.6,지수,인천,비슷함,지수,2014년 9월
T242093131851096,MM,201409,60017,인천,50003,공급우위,10001,지수,24.9,지수,인천,공급우위,지수,2014년 9월
T242093131851096,MM,201409,60018,부산,50001,수요우위,10001,지수,6.1,지수,부산,수요우위,지수,2014년 9월
T242093131851096,MM,201409,60018,부산,50002,비슷함,10001,지수,75.4,지수,부산,비슷함,지수,2014년 9월
T242093131851096,MM,201409,60018,부산,50003,공급우위,10001,지수,18.4,지수,부산,공급우위,지수,2014년 9월
T242093131851096,MM,201409,60022,대구,50001,수요우위,10001,지수,0,지수,대구,수요우위,지수,2014년 9월
T242093131851096,MM,201409,60022,대구,50002,비슷함,10001,지수,78.7,지수,대구,비슷함,지수,2014년 9월
T242093131851096,MM,201409,60022,대구,50003,공급우위,10001,지수,21.3,지수,대구,공급우위,지수,2014년 9월
T242093131851096,MM,201409,60023,광주,50001,수요우위,10001,지수,0,지수,광주,수요우위,지수,2014년 9월
T242093131851096,MM,201409,60023,광주,50002,비슷함,10001,지수,91.9,지수,광주,비슷함,지수,2014년 9월
T242093131851096,MM,201409,60023,광주,50003,공급우위,10001,지수,8.1,지수,광주,공급우위,지수,2014년 9월
T242093131851096,MM,201409,60024,대전,50001,수요우위,10001,지수,7.2,지수,대전,수요우위,지수,2014년 9월
T242093131851096,MM,201409,60024,대전,50002,비슷함,10001,지수,78.8,지수,대전,비슷함,지수,2014년 9월
T242093131851096,MM,201409,60024,대전,50003,공급우위,10001,지수,14,지수,대전,공급우위,지수,2014년 9월
T242093131851096,MM,201409,60025,울산,50001,수요우위,10001,지수,21.1,지수,울산,수요우위,지수,2014년 9월
T242093131851096,MM,201409,60025,울산,50002,비슷함,10001,지수,74.5,지수,울산,비슷함,지수,2014년 9월
T242093131851096,MM,201409,60025,울산,50003,공급우위,10001,지수,4.4,지수,울산,공급우위,지수,2014년 9월
T242093131851096,MM,201410,60001,8개시도,50001,수요우위,10001,지수,2.4,지수,8개시도,수요우위,지수,2014년 10월
T242093131851096,MM,201410,60001,8개시도,50002,비슷함,10001,지수,60,지수,8개시도,비슷함,지수,2014년 10월
T242093131851096,MM,201410,60001,8개시도,50003,공급우위,10001,지수,37.6,지수,8개시도,공급우위,지수,2014년 10월
T242093131851096,MM,201410,60002,수도권,50001,수요우위,10001,지수,0.4,지수,수도권,수요우위,지수,2014년 10월
T242093131851096,MM,201410,60002,수도권,50002,비슷함,10001,지수,50.4,지수,수도권,비슷함,지수,2014년 10월
T242093131851096,MM,201410,60002,수도권,50003,공급우위,10001,지수,49.2,지수,수도권,공급우위,지수,2014년 10월
T242093131851096,MM,201410,60005,5대광역시,50001,수요우위,10001,지수,4.6,지수,5대광역시,수요우위,지수,2014년 10월
T242093131851096,MM,201410,60005,5대광역시,50002,비슷함,10001,지수,70.3,지수,5대광역시,비슷함,지수,2014년 10월
T242093131851096,MM,201410,60005,5대광역시,50003,공급우위,10001,지수,25.2,지수,5대광역시,공급우위,지수,2014년 10월
T242093131851096,MM,201410,60008,서울,50001,수요우위,10001,지수,0.5,지수,서울,수요우위,지수,2014년 10월
T242093131851096,MM,201410,60008,서울,50002,비슷함,10001,지수,53.5,지수,서울,비슷함,지수,2014년 10월
T242093131851096,MM,201410,60008,서울,50003,공급우위,10001,지수,46,지수,서울,공급우위,지수,2014년 10월
T242093131851096,MM,201410,60009,강북지역,50001,수요우위,10001,지수,0,지수,서울>강북지역,수요우위,지수,2014년 10월
T242093131851096,MM,201410,60009,강북지역,50002,비슷함,10001,지수,56.5,지수,서울>강북지역,비슷함,지수,2014년 10월
T242093131851096,MM,201410,60009,강북지역,50003,공급우위,10001,지수,43.5,지수,서울>강북지역,공급우위,지수,2014년 10월
T242093131851096,MM,201410,60013,강남지역,50001,수요우위,10001,지수,1,지수,서울>강남지역,수요우위,지수,2014년 10월
T242093131851096,MM,201410,60013,강남지역,50002,비슷함,10001,지수,50.7,지수,서울>강남지역,비슷함,지수,2014년 10월
T242093131851096,MM,201410,60013,강남지역,50003,공급우위,10001,지수,48.3,지수,서울>강남지역,공급우위,지수,2014년 10월
T242093131851096,MM,201410,60016,경기,50001,수요우위,10001,지수,0,지수,경기,수요우위,지수,2014년 10월
T242093131851096,MM,201410,60016,경기,50002,비슷함,10001,지수,41.7,지수,경기,비슷함,지수,2014년 10월
T242093131851096,MM,201410,60016,경기,50003,공급우위,10001,지수,58.3,지수,경기,공급우위,지수,2014년 10월
T242093131851096,MM,201410,60017,인천,50001,수요우위,10001,지수,1.8,지수,인천,수요우위,지수,2014년 10월
T242093131851096,MM,201410,60017,인천,50002,비슷함,10001,지수,48.5,지수,인천,비슷함,지수,2014년 10월
T242093131851096,MM,201410,60017,인천,50003,공급우위,10001,지수,49.7,지수,인천,공급우위,지수,2014년 10월
T242093131851096,MM,201410,60018,부산,50001,수요우위,10001,지수,9.2,지수,부산,수요우위,지수,2014년 10월
T242093131851096,MM,201410,60018,부산,50002,비슷함,10001,지수,75,지수,부산,비슷함,지수,2014년 10월
T242093131851096,MM,201410,60018,부산,50003,공급우위,10001,지수,15.8,지수,부산,공급우위,지수,2014년 10월
T242093131851096,MM,201410,60022,대구,50001,수요우위,10001,지수,0,지수,대구,수요우위,지수,2014년 10월
T242093131851096,MM,201410,60022,대구,50002,비슷함,10001,지수,61.3,지수,대구,비슷함,지수,2014년 10월
T242093131851096,MM,201410,60022,대구,50003,공급우위,10001,지수,38.7,지수,대구,공급우위,지수,2014년 10월
T242093131851096,MM,201410,60023,광주,50001,수요우위,10001,지수,0,지수,광주,수요우위,지수,2014년 10월
T242093131851096,MM,201410,60023,광주,50002,비슷함,10001,지수,95.9,지수,광주,비슷함,지수,2014년 10월
T242093131851096,MM,201410,60023,광주,50003,공급우위,10001,지수,4.1,지수,광주,공급우위,지수,2014년 10월
T242093131851096,MM,201410,60024,대전,50001,수요우위,10001,지수,2.7,지수,대전,수요우위,지수,2014년 10월
T242093131851096,MM,201410,60024,대전,50002,비슷함,10001,지수,69.8,지수,대전,비슷함,지수,2014년 10월
T242093131851096,MM,201410,60024,대전,50003,공급우위,10001,지수,27.5,지수,대전,공급우위,지수,2014년 10월
T242093131851096,MM,201410,60025,울산,50001,수요우위,10001,지수,16.2,지수,울산,수요우위,지수,2014년 10월
T242093131851096,MM,201410,60025,울산,50002,비슷함,10001,지수,83.8,지수,울산,비슷함,지수,2014년 10월
T242093131851096,MM,201410,60025,울산,50003,공급우위,10001,지수,0,지수,울산,공급우위,지수,2014년 10월
T242093131851096,MM,201411,60001,8개시도,50001,수요우위,10001,지수,3.8,지수,8개시도,수요우위,지수,2014년 11월
T242093131851096,MM,201411,60001,8개시도,50002,비슷함,10001,지수,76.4,지수,8개시도,비슷함,지수,2014년 11월
T242093131851096,MM,201411,60001,8개시도,50003,공급우위,10001,지수,19.7,지수,8개시도,공급우위,지수,2014년 11월
T242093131851096,MM,201411,60002,수도권,50001,수요우위,10001,지수,2.3,지수,수도권,수요우위,지수,2014년 11월
T242093131851096,MM,201411,60002,수도권,50002,비슷함,10001,지수,79.4,지수,수도권,비슷함,지수,2014년 11월
T242093131851096,MM,201411,60002,수도권,50003,공급우위,10001,지수,18.2,지수,수도권,공급우위,지수,2014년 11월
T242093131851096,MM,201411,60005,5대광역시,50001,수요우위,10001,지수,5.5,지수,5대광역시,수요우위,지수,2014년 11월
T242093131851096,MM,201411,60005,5대광역시,50002,비슷함,10001,지수,73.2,지수,5대광역시,비슷함,지수,2014년 11월
T242093131851096,MM,201411,60005,5대광역시,50003,공급우위,10001,지수,21.3,지수,5대광역시,공급우위,지수,2014년 11월
T242093131851096,MM,201411,60008,서울,50001,수요우위,10001,지수,2.3,지수,서울,수요우위,지수,2014년 11월
T242093131851096,MM,201411,60008,서울,50002,비슷함,10001,지수,81,지수,서울,비슷함,지수,2014년 11월
T242093131851096,MM,201411,60008,서울,50003,공급우위,10001,지수,16.7,지수,서울,공급우위,지수,2014년 11월
T242093131851096,MM,201411,60009,강북지역,50001,수요우위,10001,지수,3.8,지수,서울>강북지역,수요우위,지수,2014년 11월
T242093131851096,MM,201411,60009,강북지역,50002,비슷함,10001,지수,87.8,지수,서울>강북지역,비슷함,지수,2014년 11월
T242093131851096,MM,201411,60009,강북지역,50003,공급우위,10001,지수,8.4,지수,서울>강북지역,공급우위,지수,2014년 11월
T242093131851096,MM,201411,60013,강남지역,50001,수요우위,10001,지수,1,지수,서울>강남지역,수요우위,지수,2014년 11월
T242093131851096,MM,201411,60013,강남지역,50002,비슷함,10001,지수,74.8,지수,서울>강남지역,비슷함,지수,2014년 11월
T242093131851096,MM,201411,60013,강남지역,50003,공급우위,10001,지수,24.2,지수,서울>강남지역,공급우위,지수,2014년 11월
T242093131851096,MM,201411,60016,경기,50001,수요우위,10001,지수,2.2,지수,경기,수요우위,지수,2014년 11월
T242093131851096,MM,201411,60016,경기,50002,비슷함,10001,지수,75.1,지수,경기,비슷함,지수,2014년 11월
T242093131851096,MM,201411,60016,경기,50003,공급우위,10001,지수,22.7,지수,경기,공급우위,지수,2014년 11월
T242093131851096,MM,201411,60017,인천,50001,수요우위,10001,지수,3.5,지수,인천,수요우위,지수,2014년 11월
T242093131851096,MM,201411,60017,인천,50002,비슷함,10001,지수,71.6,지수,인천,비슷함,지수,2014년 11월
T242093131851096,MM,201411,60017,인천,50003,공급우위,10001,지수,24.9,지수,인천,공급우위,지수,2014년 11월
T242093131851096,MM,201411,60018,부산,50001,수요우위,10001,지수,6.6,지수,부산,수요우위,지수,2014년 11월
T242093131851096,MM,201411,60018,부산,50002,비슷함,10001,지수,62.7,지수,부산,비슷함,지수,2014년 11월
T242093131851096,MM,201411,60018,부산,50003,공급우위,10001,지수,30.7,지수,부산,공급우위,지수,2014년 11월
T242093131851096,MM,201411,60022,대구,50001,수요우위,10001,지수,0,지수,대구,수요우위,지수,2014년 11월
T242093131851096,MM,201411,60022,대구,50002,비슷함,10001,지수,74.7,지수,대구,비슷함,지수,2014년 11월
T242093131851096,MM,201411,60022,대구,50003,공급우위,10001,지수,25.3,지수,대구,공급우위,지수,2014년 11월
T242093131851096,MM,201411,60023,광주,50001,수요우위,10001,지수,1.4,지수,광주,수요우위,지수,2014년 11월
T242093131851096,MM,201411,60023,광주,50002,비슷함,10001,지수,82.4,지수,광주,비슷함,지수,2014년 11월
T242093131851096,MM,201411,60023,광주,50003,공급우위,10001,지수,16.2,지수,광주,공급우위,지수,2014년 11월
T242093131851096,MM,201411,60024,대전,50001,수요우위,10001,지수,10.8,지수,대전,수요우위,지수,2014년 11월
T242093131851096,MM,201411,60024,대전,50002,비슷함,10001,지수,71.6,지수,대전,비슷함,지수,2014년 11월
T242093131851096,MM,201411,60024,대전,50003,공급우위,10001,지수,17.6,지수,대전,공급우위,지수,2014년 11월
T242093131851096,MM,201411,60025,울산,50001,수요우위,10001,지수,12.3,지수,울산,수요우위,지수,2014년 11월
T242093131851096,MM,201411,60025,울산,50002,비슷함,10001,지수,77.5,지수,울산,비슷함,지수,2014년 11월
T242093131851096,MM,201411,60025,울산,50003,공급우위,10001,지수,10.3,지수,울산,공급우위,지수,2014년 11월
T242093131851096,MM,201412,60001,8개시도,50001,수요우위,10001,지수,6,지수,8개시도,수요우위,지수,2014년 12월
T242093131851096,MM,201412,60001,8개시도,50002,비슷함,10001,지수,76.6,지수,8개시도,비슷함,지수,2014년 12월
T242093131851096,MM,201412,60001,8개시도,50003,공급우위,10001,지수,17.3,지수,8개시도,공급우위,지수,2014년 12월
T242093131851096,MM,201412,60002,수도권,50001,수요우위,10001,지수,2.5,지수,수도권,수요우위,지수,2014년 12월
T242093131851096,MM,201412,60002,수도권,50002,비슷함,10001,지수,79.4,지수,수도권,비슷함,지수,2014년 12월
T242093131851096,MM,201412,60002,수도권,50003,공급우위,10001,지수,18,지수,수도권,공급우위,지수,2014년 12월
T242093131851096,MM,201412,60005,5대광역시,50001,수요우위,10001,지수,9.8,지수,5대광역시,수요우위,지수,2014년 12월
T242093131851096,MM,201412,60005,5대광역시,50002,비슷함,10001,지수,73.6,지수,5대광역시,비슷함,지수,2014년 12월
T242093131851096,MM,201412,60005,5대광역시,50003,공급우위,10001,지수,16.6,지수,5대광역시,공급우위,지수,2014년 12월
T242093131851096,MM,201412,60008,서울,50001,수요우위,10001,지수,2.9,지수,서울,수요우위,지수,2014년 12월
T242093131851096,MM,201412,60008,서울,50002,비슷함,10001,지수,80.5,지수,서울,비슷함,지수,2014년 12월
T242093131851096,MM,201412,60008,서울,50003,공급우위,10001,지수,16.7,지수,서울,공급우위,지수,2014년 12월
T242093131851096,MM,201412,60009,강북지역,50001,수요우위,10001,지수,3.8,지수,서울>강북지역,수요우위,지수,2014년 12월
T242093131851096,MM,201412,60009,강북지역,50002,비슷함,10001,지수,85.6,지수,서울>강북지역,비슷함,지수,2014년 12월
T242093131851096,MM,201412,60009,강북지역,50003,공급우위,10001,지수,10.6,지수,서울>강북지역,공급우위,지수,2014년 12월
T242093131851096,MM,201412,60013,강남지역,50001,수요우위,10001,지수,2,지수,서울>강남지역,수요우위,지수,2014년 12월
T242093131851096,MM,201412,60013,강남지역,50002,비슷함,10001,지수,75.8,지수,서울>강남지역,비슷함,지수,2014년 12월
T242093131851096,MM,201412,60013,강남지역,50003,공급우위,10001,지수,22.2,지수,서울>강남지역,공급우위,지수,2014년 12월
T242093131851096,MM,201412,60016,경기,50001,수요우위,10001,지수,1.5,지수,경기,수요우위,지수,2014년 12월
T242093131851096,MM,201412,60016,경기,50002,비슷함,10001,지수,76.5,지수,경기,비슷함,지수,2014년 12월
T242093131851096,MM,201412,60016,경기,50003,공급우위,10001,지수,22,지수,경기,공급우위,지수,2014년 12월
T242093131851096,MM,201412,60017,인천,50001,수요우위,10001,지수,3.5,지수,인천,수요우위,지수,2014년 12월
T242093131851096,MM,201412,60017,인천,50002,비슷함,10001,지수,71.6,지수,인천,비슷함,지수,2014년 12월
T242093131851096,MM,201412,60017,인천,50003,공급우위,10001,지수,24.9,지수,인천,공급우위,지수,2014년 12월
T242093131851096,MM,201412,60018,부산,50001,수요우위,10001,지수,5.3,지수,부산,수요우위,지수,2014년 12월
T242093131851096,MM,201412,60018,부산,50002,비슷함,10001,지수,68.4,지수,부산,비슷함,지수,2014년 12월
T242093131851096,MM,201412,60018,부산,50003,공급우위,10001,지수,26.3,지수,부산,공급우위,지수,2014년 12월
T242093131851096,MM,201412,60022,대구,50001,수요우위,10001,지수,0,지수,대구,수요우위,지수,2014년 12월
T242093131851096,MM,201412,60022,대구,50002,비슷함,10001,지수,86.7,지수,대구,비슷함,지수,2014년 12월
T242093131851096,MM,201412,60022,대구,50003,공급우위,10001,지수,13.3,지수,대구,공급우위,지수,2014년 12월
T242093131851096,MM,201412,60023,광주,50001,수요우위,10001,지수,10.8,지수,광주,수요우위,지수,2014년 12월
T242093131851096,MM,201412,60023,광주,50002,비슷함,10001,지수,87.8,지수,광주,비슷함,지수,2014년 12월
T242093131851096,MM,201412,60023,광주,50003,공급우위,10001,지수,1.4,지수,광주,공급우위,지수,2014년 12월
T242093131851096,MM,201412,60024,대전,50001,수요우위,10001,지수,29.7,지수,대전,수요우위,지수,2014년 12월
T242093131851096,MM,201412,60024,대전,50002,비슷함,10001,지수,55,지수,대전,비슷함,지수,2014년 12월
T242093131851096,MM,201412,60024,대전,50003,공급우위,10001,지수,15.3,지수,대전,공급우위,지수,2014년 12월
T242093131851096,MM,201412,60025,울산,50001,수요우위,10001,지수,13.7,지수,울산,수요우위,지수,2014년 12월
T242093131851096,MM,201412,60025,울산,50002,비슷함,10001,지수,73,지수,울산,비슷함,지수,2014년 12월
T242093131851096,MM,201412,60025,울산,50003,공급우위,10001,지수,13.2,지수,울산,공급우위,지수,2014년 12월
T242093131851096,MM,201501,60001,8개시도,50001,수요우위,10001,지수,3.4,지수,8개시도,수요우위,지수,2015년 1월
T242093131851096,MM,201501,60001,8개시도,50002,비슷함,10001,지수,79.2,지수,8개시도,비슷함,지수,2015년 1월
T242093131851096,MM,201501,60001,8개시도,50003,공급우위,10001,지수,17.4,지수,8개시도,공급우위,지수,2015년 1월
T242093131851096,MM,201501,60002,수도권,50001,수요우위,10001,지수,2.1,지수,수도권,수요우위,지수,2015년 1월
T242093131851096,MM,201501,60002,수도권,50002,비슷함,10001,지수,77.3,지수,수도권,비슷함,지수,2015년 1월
T242093131851096,MM,201501,60002,수도권,50003,공급우위,10001,지수,20.6,지수,수도권,공급우위,지수,2015년 1월
T242093131851096,MM,201501,60005,5대광역시,50001,수요우위,10001,지수,4.7,지수,5대광역시,수요우위,지수,2015년 1월
T242093131851096,MM,201501,60005,5대광역시,50002,비슷함,10001,지수,81.3,지수,5대광역시,비슷함,지수,2015년 1월
T242093131851096,MM,201501,60005,5대광역시,50003,공급우위,10001,지수,14,지수,5대광역시,공급우위,지수,2015년 1월
T242093131851096,MM,201501,60008,서울,50001,수요우위,10001,지수,2.3,지수,서울,수요우위,지수,2015년 1월
T242093131851096,MM,201501,60008,서울,50002,비슷함,10001,지수,77.3,지수,서울,비슷함,지수,2015년 1월
T242093131851096,MM,201501,60008,서울,50003,공급우위,10001,지수,20.3,지수,서울,공급우위,지수,2015년 1월
T242093131851096,MM,201501,60009,강북지역,50001,수요우위,10001,지수,3.8,지수,서울>강북지역,수요우위,지수,2015년 1월
T242093131851096,MM,201501,60009,강북지역,50002,비슷함,10001,지수,75.2,지수,서울>강북지역,비슷함,지수,2015년 1월
T242093131851096,MM,201501,60009,강북지역,50003,공급우위,10001,지수,20.9,지수,서울>강북지역,공급우위,지수,2015년 1월
T242093131851096,MM,201501,60013,강남지역,50001,수요우위,10001,지수,1,지수,서울>강남지역,수요우위,지수,2015년 1월
T242093131851096,MM,201501,60013,강남지역,50002,비슷함,10001,지수,79.3,지수,서울>강남지역,비슷함,지수,2015년 1월
T242093131851096,MM,201501,60013,강남지역,50003,공급우위,10001,지수,19.7,지수,서울>강남지역,공급우위,지수,2015년 1월
T242093131851096,MM,201501,60016,경기,50001,수요우위,10001,지수,1.5,지수,경기,수요우위,지수,2015년 1월
T242093131851096,MM,201501,60016,경기,50002,비슷함,10001,지수,77,지수,경기,비슷함,지수,2015년 1월
T242093131851096,MM,201501,60016,경기,50003,공급우위,10001,지수,21.5,지수,경기,공급우위,지수,2015년 1월
T242093131851096,MM,201501,60017,인천,50001,수요우위,10001,지수,3.5,지수,인천,수요우위,지수,2015년 1월
T242093131851096,MM,201501,60017,인천,50002,비슷함,10001,지수,71.6,지수,인천,비슷함,지수,2015년 1월
T242093131851096,MM,201501,60017,인천,50003,공급우위,10001,지수,24.9,지수,인천,공급우위,지수,2015년 1월
T242093131851096,MM,201501,60018,부산,50001,수요우위,10001,지수,9.2,지수,부산,수요우위,지수,2015년 1월
T242093131851096,MM,201501,60018,부산,50002,비슷함,10001,지수,61.8,지수,부산,비슷함,지수,2015년 1월
T242093131851096,MM,201501,60018,부산,50003,공급우위,10001,지수,28.9,지수,부산,공급우위,지수,2015년 1월
T242093131851096,MM,201501,60022,대구,50001,수요우위,10001,지수,1.3,지수,대구,수요우위,지수,2015년 1월
T242093131851096,MM,201501,60022,대구,50002,비슷함,10001,지수,86.7,지수,대구,비슷함,지수,2015년 1월
T242093131851096,MM,201501,60022,대구,50003,공급우위,10001,지수,12,지수,대구,공급우위,지수,2015년 1월
T242093131851096,MM,201501,60023,광주,50001,수요우위,10001,지수,8.1,지수,광주,수요우위,지수,2015년 1월
T242093131851096,MM,201501,60023,광주,50002,비슷함,10001,지수,90.5,지수,광주,비슷함,지수,2015년 1월
T242093131851096,MM,201501,60023,광주,50003,공급우위,10001,지수,1.4,지수,광주,공급우위,지수,2015년 1월
T242093131851096,MM,201501,60024,대전,50001,수요우위,10001,지수,3.6,지수,대전,수요우위,지수,2015년 1월
T242093131851096,MM,201501,60024,대전,50002,비슷함,10001,지수,96.4,지수,대전,비슷함,지수,2015년 1월
T242093131851096,MM,201501,60024,대전,50003,공급우위,10001,지수,0,지수,대전,공급우위,지수,2015년 1월
T242093131851096,MM,201501,60025,울산,50001,수요우위,10001,지수,2.9,지수,울산,수요우위,지수,2015년 1월
T242093131851096,MM,201501,60025,울산,50002,비슷함,10001,지수,86.8,지수,울산,비슷함,지수,2015년 1월
T242093131851096,MM,201501,60025,울산,50003,공급우위,10001,지수,10.3,지수,울산,공급우위,지수,2015년 1월
T242093131851096,MM,201502,60001,8개시도,50001,수요우위,10001,지수,4.8,지수,8개시도,수요우위,지수,2015년 2월
T242093131851096,MM,201502,60001,8개시도,50002,비슷함,10001,지수,81.7,지수,8개시도,비슷함,지수,2015년 2월
T242093131851096,MM,201502,60001,8개시도,50003,공급우위,10001,지수,13.5,지수,8개시도,공급우위,지수,2015년 2월
T242093131851096,MM,201502,60002,수도권,50001,수요우위,10001,지수,3.7,지수,수도권,수요우위,지수,2015년 2월
T242093131851096,MM,201502,60002,수도권,50002,비슷함,10001,지수,82.1,지수,수도권,비슷함,지수,2015년 2월
T242093131851096,MM,201502,60002,수도권,50003,공급우위,10001,지수,14.3,지수,수도권,공급우위,지수,2015년 2월
T242093131851096,MM,201502,60005,5대광역시,50001,수요우위,10001,지수,6,지수,5대광역시,수요우위,지수,2015년 2월
T242093131851096,MM,201502,60005,5대광역시,50002,비슷함,10001,지수,81.2,지수,5대광역시,비슷함,지수,2015년 2월
T242093131851096,MM,201502,60005,5대광역시,50003,공급우위,10001,지수,12.8,지수,5대광역시,공급우위,지수,2015년 2월
T242093131851096,MM,201502,60008,서울,50001,수요우위,10001,지수,3.1,지수,서울,수요우위,지수,2015년 2월
T242093131851096,MM,201502,60008,서울,50002,비슷함,10001,지수,83.3,지수,서울,비슷함,지수,2015년 2월
T242093131851096,MM,201502,60008,서울,50003,공급우위,10001,지수,13.5,지수,서울,공급우위,지수,2015년 2월
T242093131851096,MM,201502,60009,강북지역,50001,수요우위,10001,지수,3.8,지수,서울>강북지역,수요우위,지수,2015년 2월
T242093131851096,MM,201502,60009,강북지역,50002,비슷함,10001,지수,82.3,지수,서울>강북지역,비슷함,지수,2015년 2월
T242093131851096,MM,201502,60009,강북지역,50003,공급우위,10001,지수,13.8,지수,서울>강북지역,공급우위,지수,2015년 2월
T242093131851096,MM,201502,60013,강남지역,50001,수요우위,10001,지수,2.5,지수,서울>강남지역,수요우위,지수,2015년 2월
T242093131851096,MM,201502,60013,강남지역,50002,비슷함,10001,지수,84.2,지수,서울>강남지역,비슷함,지수,2015년 2월
T242093131851096,MM,201502,60013,강남지역,50003,공급우위,10001,지수,13.3,지수,서울>강남지역,공급우위,지수,2015년 2월
T242093131851096,MM,201502,60016,경기,50001,수요우위,10001,지수,5.2,지수,경기,수요우위,지수,2015년 2월
T242093131851096,MM,201502,60016,경기,50002,비슷함,10001,지수,78.5,지수,경기,비슷함,지수,2015년 2월
T242093131851096,MM,201502,60016,경기,50003,공급우위,10001,지수,16.3,지수,경기,공급우위,지수,2015년 2월
T242093131851096,MM,201502,60017,인천,50001,수요우위,10001,지수,3.5,지수,인천,수요우위,지수,2015년 2월
T242093131851096,MM,201502,60017,인천,50002,비슷함,10001,지수,80.7,지수,인천,비슷함,지수,2015년 2월
T242093131851096,MM,201502,60017,인천,50003,공급우위,10001,지수,15.8,지수,인천,공급우위,지수,2015년 2월
T242093131851096,MM,201502,60018,부산,50001,수요우위,10001,지수,7.9,지수,부산,수요우위,지수,2015년 2월
T242093131851096,MM,201502,60018,부산,50002,비슷함,10001,지수,63.6,지수,부산,비슷함,지수,2015년 2월
T242093131851096,MM,201502,60018,부산,50003,공급우위,10001,지수,28.5,지수,부산,공급우위,지수,2015년 2월
T242093131851096,MM,201502,60022,대구,50001,수요우위,10001,지수,0,지수,대구,수요우위,지수,2015년 2월
T242093131851096,MM,201502,60022,대구,50002,비슷함,10001,지수,89.3,지수,대구,비슷함,지수,2015년 2월
T242093131851096,MM,201502,60022,대구,50003,공급우위,10001,지수,10.7,지수,대구,공급우위,지수,2015년 2월
T242093131851096,MM,201502,60023,광주,50001,수요우위,10001,지수,8.1,지수,광주,수요우위,지수,2015년 2월
T242093131851096,MM,201502,60023,광주,50002,비슷함,10001,지수,87.8,지수,광주,비슷함,지수,2015년 2월
T242093131851096,MM,201502,60023,광주,50003,공급우위,10001,지수,4.1,지수,광주,공급우위,지수,2015년 2월
T242093131851096,MM,201502,60024,대전,50001,수요우위,10001,지수,8.1,지수,대전,수요우위,지수,2015년 2월
T242093131851096,MM,201502,60024,대전,50002,비슷함,10001,지수,82.9,지수,대전,비슷함,지수,2015년 2월
T242093131851096,MM,201502,60024,대전,50003,공급우위,10001,지수,9,지수,대전,공급우위,지수,2015년 2월
T242093131851096,MM,201502,60025,울산,50001,수요우위,10001,지수,10.3,지수,울산,수요우위,지수,2015년 2월
T242093131851096,MM,201502,60025,울산,50002,비슷함,10001,지수,83.8,지수,울산,비슷함,지수,2015년 2월
T242093131851096,MM,201502,60025,울산,50003,공급우위,10001,지수,5.9,지수,울산,공급우위,지수,2015년 2월
T242093131851096,MM,201503,60001,8개시도,50001,수요우위,10001,지수,5.8,지수,8개시도,수요우위,지수,2015년 3월
T242093131851096,MM,201503,60001,8개시도,50002,비슷함,10001,지수,78.9,지수,8개시도,비슷함,지수,2015년 3월
T242093131851096,MM,201503,60001,8개시도,50003,공급우위,10001,지수,15.3,지수,8개시도,공급우위,지수,2015년 3월
T242093131851096,MM,201503,60002,수도권,50001,수요우위,10001,지수,3.5,지수,수도권,수요우위,지수,2015년 3월
T242093131851096,MM,201503,60002,수도권,50002,비슷함,10001,지수,78,지수,수도권,비슷함,지수,2015년 3월
T242093131851096,MM,201503,60002,수도권,50003,공급우위,10001,지수,18.5,지수,수도권,공급우위,지수,2015년 3월
T242093131851096,MM,201503,60005,5대광역시,50001,수요우위,10001,지수,8.2,지수,5대광역시,수요우위,지수,2015년 3월
T242093131851096,MM,201503,60005,5대광역시,50002,비슷함,10001,지수,79.8,지수,5대광역시,비슷함,지수,2015년 3월
T242093131851096,MM,201503,60005,5대광역시,50003,공급우위,10001,지수,11.9,지수,5대광역시,공급우위,지수,2015년 3월
T242093131851096,MM,201503,60008,서울,50001,수요우위,10001,지수,2.9,지수,서울,수요우위,지수,2015년 3월
T242093131851096,MM,201503,60008,서울,50002,비슷함,10001,지수,80.7,지수,서울,비슷함,지수,2015년 3월
T242093131851096,MM,201503,60008,서울,50003,공급우위,10001,지수,16.4,지수,서울,공급우위,지수,2015년 3월
T242093131851096,MM,201503,60009,강북지역,50001,수요우위,10001,지수,3.8,지수,서울>강북지역,수요우위,지수,2015년 3월
T242093131851096,MM,201503,60009,강북지역,50002,비슷함,10001,지수,87.2,지수,서울>강북지역,비슷함,지수,2015년 3월
T242093131851096,MM,201503,60009,강북지역,50003,공급우위,10001,지수,8.9,지수,서울>강북지역,공급우위,지수,2015년 3월
T242093131851096,MM,201503,60013,강남지역,50001,수요우위,10001,지수,2,지수,서울>강남지역,수요우위,지수,2015년 3월
T242093131851096,MM,201503,60013,강남지역,50002,비슷함,10001,지수,74.8,지수,서울>강남지역,비슷함,지수,2015년 3월
T242093131851096,MM,201503,60013,강남지역,50003,공급우위,10001,지수,23.2,지수,서울>강남지역,공급우위,지수,2015년 3월
T242093131851096,MM,201503,60016,경기,50001,수요우위,10001,지수,5.2,지수,경기,수요우위,지수,2015년 3월
T242093131851096,MM,201503,60016,경기,50002,비슷함,10001,지수,70.4,지수,경기,비슷함,지수,2015년 3월
T242093131851096,MM,201503,60016,경기,50003,공급우위,10001,지수,24.4,지수,경기,공급우위,지수,2015년 3월
T242093131851096,MM,201503,60017,인천,50001,수요우위,10001,지수,3.5,지수,인천,수요우위,지수,2015년 3월
T242093131851096,MM,201503,60017,인천,50002,비슷함,10001,지수,74.3,지수,인천,비슷함,지수,2015년 3월
T242093131851096,MM,201503,60017,인천,50003,공급우위,10001,지수,22.2,지수,인천,공급우위,지수,2015년 3월
T242093131851096,MM,201503,60018,부산,50001,수요우위,10001,지수,11.8,지수,부산,수요우위,지수,2015년 3월
T242093131851096,MM,201503,60018,부산,50002,비슷함,10001,지수,67.5,지수,부산,비슷함,지수,2015년 3월
T242093131851096,MM,201503,60018,부산,50003,공급우위,10001,지수,20.6,지수,부산,공급우위,지수,2015년 3월
T242093131851096,MM,201503,60022,대구,50001,수요우위,10001,지수,0,지수,대구,수요우위,지수,2015년 3월
T242093131851096,MM,201503,60022,대구,50002,비슷함,10001,지수,92,지수,대구,비슷함,지수,2015년 3월
T242093131851096,MM,201503,60022,대구,50003,공급우위,10001,지수,8,지수,대구,공급우위,지수,2015년 3월
T242093131851096,MM,201503,60023,광주,50001,수요우위,10001,지수,14,지수,광주,수요우위,지수,2015년 3월
T242093131851096,MM,201503,60023,광주,50002,비슷함,10001,지수,86,지수,광주,비슷함,지수,2015년 3월
T242093131851096,MM,201503,60023,광주,50003,공급우위,10001,지수,0,지수,광주,공급우위,지수,2015년 3월
T242093131851096,MM,201503,60024,대전,50001,수요우위,10001,지수,17.6,지수,대전,수요우위,지수,2015년 3월
T242093131851096,MM,201503,60024,대전,50002,비슷함,10001,지수,73.9,지수,대전,비슷함,지수,2015년 3월
T242093131851096,MM,201503,60024,대전,50003,공급우위,10001,지수,8.6,지수,대전,공급우위,지수,2015년 3월
T242093131851096,MM,201503,60025,울산,50001,수요우위,10001,지수,4.9,지수,울산,수요우위,지수,2015년 3월
T242093131851096,MM,201503,60025,울산,50002,비슷함,10001,지수,89.2,지수,울산,비슷함,지수,2015년 3월
T242093131851096,MM,201503,60025,울산,50003,공급우위,10001,지수,5.9,지수,울산,공급우위,지수,2015년 3월
T242093131851096,MM,201504,60001,8개시도,50001,수요우위,10001,지수,6.5,지수,8개시도,수요우위,지수,2015년 4월
T242093131851096,MM,201504,60001,8개시도,50002,비슷함,10001,지수,80.3,지수,8개시도,비슷함,지수,2015년 4월
T242093131851096,MM,201504,60001,8개시도,50003,공급우위,10001,지수,13.1,지수,8개시도,공급우위,지수,2015년 4월
T242093131851096,MM,201504,60002,수도권,50001,수요우위,10001,지수,5.2,지수,수도권,수요우위,지수,2015년 4월
T242093131851096,MM,201504,60002,수도권,50002,비슷함,10001,지수,81.1,지수,수도권,비슷함,지수,2015년 4월
T242093131851096,MM,201504,60002,수도권,50003,공급우위,10001,지수,13.7,지수,수도권,공급우위,지수,2015년 4월
T242093131851096,MM,201504,60005,5대광역시,50001,수요우위,10001,지수,8,지수,5대광역시,수요우위,지수,2015년 4월
T242093131851096,MM,201504,60005,5대광역시,50002,비슷함,10001,지수,79.5,지수,5대광역시,비슷함,지수,2015년 4월
T242093131851096,MM,201504,60005,5대광역시,50003,공급우위,10001,지수,12.5,지수,5대광역시,공급우위,지수,2015년 4월
T242093131851096,MM,201504,60008,서울,50001,수요우위,10001,지수,5.2,지수,서울,수요우위,지수,2015년 4월
T242093131851096,MM,201504,60008,서울,50002,비슷함,10001,지수,87.5,지수,서울,비슷함,지수,2015년 4월
T242093131851096,MM,201504,60008,서울,50003,공급우위,10001,지수,7.3,지수,서울,공급우위,지수,2015년 4월
T242093131851096,MM,201504,60009,강북지역,50001,수요우위,10001,지수,3.8,지수,서울>강북지역,수요우위,지수,2015년 4월
T242093131851096,MM,201504,60009,강북지역,50002,비슷함,10001,지수,85.1,지수,서울>강북지역,비슷함,지수,2015년 4월
T242093131851096,MM,201504,60009,강북지역,50003,공급우위,10001,지수,11.1,지수,서울>강북지역,공급우위,지수,2015년 4월
T242093131851096,MM,201504,60013,강남지역,50001,수요우위,10001,지수,6.5,지수,서울>강남지역,수요우위,지수,2015년 4월
T242093131851096,MM,201504,60013,강남지역,50002,비슷함,10001,지수,89.7,지수,서울>강남지역,비슷함,지수,2015년 4월
T242093131851096,MM,201504,60013,강남지역,50003,공급우위,10001,지수,3.8,지수,서울>강남지역,공급우위,지수,2015년 4월
T242093131851096,MM,201504,60016,경기,50001,수요우위,10001,지수,5.2,지수,경기,수요우위,지수,2015년 4월
T242093131851096,MM,201504,60016,경기,50002,비슷함,10001,지수,63,지수,경기,비슷함,지수,2015년 4월
T242093131851096,MM,201504,60016,경기,50003,공급우위,10001,지수,31.9,지수,경기,공급우위,지수,2015년 4월
T242093131851096,MM,201504,60017,인천,50001,수요우위,10001,지수,3.5,지수,인천,수요우위,지수,2015년 4월
T242093131851096,MM,201504,60017,인천,50002,비슷함,10001,지수,74.3,지수,인천,비슷함,지수,2015년 4월
T242093131851096,MM,201504,60017,인천,50003,공급우위,10001,지수,22.2,지수,인천,공급우위,지수,2015년 4월
T242093131851096,MM,201504,60018,부산,50001,수요우위,10001,지수,13.2,지수,부산,수요우위,지수,2015년 4월
T242093131851096,MM,201504,60018,부산,50002,비슷함,10001,지수,67.1,지수,부산,비슷함,지수,2015년 4월
T242093131851096,MM,201504,60018,부산,50003,공급우위,10001,지수,19.7,지수,부산,공급우위,지수,2015년 4월
T242093131851096,MM,201504,60022,대구,50001,수요우위,10001,지수,2.2,지수,대구,수요우위,지수,2015년 4월
T242093131851096,MM,201504,60022,대구,50002,비슷함,10001,지수,87.1,지수,대구,비슷함,지수,2015년 4월
T242093131851096,MM,201504,60022,대구,50003,공급우위,10001,지수,10.7,지수,대구,공급우위,지수,2015년 4월
T242093131851096,MM,201504,60023,광주,50001,수요우위,10001,지수,16.7,지수,광주,수요우위,지수,2015년 4월
T242093131851096,MM,201504,60023,광주,50002,비슷함,10001,지수,83.3,지수,광주,비슷함,지수,2015년 4월
T242093131851096,MM,201504,60023,광주,50003,공급우위,10001,지수,0,지수,광주,공급우위,지수,2015년 4월
T242093131851096,MM,201504,60024,대전,50001,수요우위,10001,지수,7.7,지수,대전,수요우위,지수,2015년 4월
T242093131851096,MM,201504,60024,대전,50002,비슷함,10001,지수,80.2,지수,대전,비슷함,지수,2015년 4월
T242093131851096,MM,201504,60024,대전,50003,공급우위,10001,지수,12.2,지수,대전,공급우위,지수,2015년 4월
T242093131851096,MM,201504,60025,울산,50001,수요우위,10001,지수,6.9,지수,울산,수요우위,지수,2015년 4월
T242093131851096,MM,201504,60025,울산,50002,비슷함,10001,지수,88.7,지수,울산,비슷함,지수,2015년 4월
T242093131851096,MM,201504,60025,울산,50003,공급우위,10001,지수,4.4,지수,울산,공급우위,지수,2015년 4월
T242093131851096,MM,201505,60001,8개시도,50001,수요우위,10001,지수,9.5,지수,8개시도,수요우위,지수,2015년 5월
T242093131851096,MM,201505,60001,8개시도,50002,비슷함,10001,지수,79.5,지수,8개시도,비슷함,지수,2015년 5월
T242093131851096,MM,201505,60001,8개시도,50003,공급우위,10001,지수,11,지수,8개시도,공급우위,지수,2015년 5월
T242093131851096,MM,201505,60002,수도권,50001,수요우위,10001,지수,10,지수,수도권,수요우위,지수,2015년 5월
T242093131851096,MM,201505,60002,수도권,50002,비슷함,10001,지수,80.4,지수,수도권,비슷함,지수,2015년 5월
T242093131851096,MM,201505,60002,수도권,50003,공급우위,10001,지수,9.6,지수,수도권,공급우위,지수,2015년 5월
T242093131851096,MM,201505,60005,5대광역시,50001,수요우위,10001,지수,8.9,지수,5대광역시,수요우위,지수,2015년 5월
T242093131851096,MM,201505,60005,5대광역시,50002,비슷함,10001,지수,78.4,지수,5대광역시,비슷함,지수,2015년 5월
T242093131851096,MM,201505,60005,5대광역시,50003,공급우위,10001,지수,12.6,지수,5대광역시,공급우위,지수,2015년 5월
T242093131851096,MM,201505,60008,서울,50001,수요우위,10001,지수,11.7,지수,서울,수요우위,지수,2015년 5월
T242093131851096,MM,201505,60008,서울,50002,비슷함,10001,지수,82.3,지수,서울,비슷함,지수,2015년 5월
T242093131851096,MM,201505,60008,서울,50003,공급우위,10001,지수,6,지수,서울,공급우위,지수,2015년 5월
T242093131851096,MM,201505,60009,강북지역,50001,수요우위,10001,지수,12,지수,서울>강북지역,수요우위,지수,2015년 5월
T242093131851096,MM,201505,60009,강북지역,50002,비슷함,10001,지수,79.1,지수,서울>강북지역,비슷함,지수,2015년 5월
T242093131851096,MM,201505,60009,강북지역,50003,공급우위,10001,지수,8.9,지수,서울>강북지역,공급우위,지수,2015년 5월
T242093131851096,MM,201505,60013,강남지역,50001,수요우위,10001,지수,11.4,지수,서울>강남지역,수요우위,지수,2015년 5월
T242093131851096,MM,201505,60013,강남지역,50002,비슷함,10001,지수,85.2,지수,서울>강남지역,비슷함,지수,2015년 5월
T242093131851096,MM,201505,60013,강남지역,50003,공급우위,10001,지수,3.3,지수,서울>강남지역,공급우위,지수,2015년 5월
T242093131851096,MM,201505,60016,경기,50001,수요우위,10001,지수,5.2,지수,경기,수요우위,지수,2015년 5월
T242093131851096,MM,201505,60016,경기,50002,비슷함,10001,지수,75.1,지수,경기,비슷함,지수,2015년 5월
T242093131851096,MM,201505,60016,경기,50003,공급우위,10001,지수,19.8,지수,경기,공급우위,지수,2015년 5월
T242093131851096,MM,201505,60017,인천,50001,수요우위,10001,지수,3.5,지수,인천,수요우위,지수,2015년 5월
T242093131851096,MM,201505,60017,인천,50002,비슷함,10001,지수,75.4,지수,인천,비슷함,지수,2015년 5월
T242093131851096,MM,201505,60017,인천,50003,공급우위,10001,지수,21.1,지수,인천,공급우위,지수,2015년 5월
T242093131851096,MM,201505,60018,부산,50001,수요우위,10001,지수,9.2,지수,부산,수요우위,지수,2015년 5월
T242093131851096,MM,201505,60018,부산,50002,비슷함,10001,지수,68.4,지수,부산,비슷함,지수,2015년 5월
T242093131851096,MM,201505,60018,부산,50003,공급우위,10001,지수,22.4,지수,부산,공급우위,지수,2015년 5월
T242093131851096,MM,201505,60022,대구,50001,수요우위,10001,지수,3.1,지수,대구,수요우위,지수,2015년 5월
T242093131851096,MM,201505,60022,대구,50002,비슷함,10001,지수,90.2,지수,대구,비슷함,지수,2015년 5월
T242093131851096,MM,201505,60022,대구,50003,공급우위,10001,지수,6.7,지수,대구,공급우위,지수,2015년 5월
T242093131851096,MM,201505,60023,광주,50001,수요우위,10001,지수,9.9,지수,광주,수요우위,지수,2015년 5월
T242093131851096,MM,201505,60023,광주,50002,비슷함,10001,지수,90.1,지수,광주,비슷함,지수,2015년 5월
T242093131851096,MM,201505,60023,광주,50003,공급우위,10001,지수,0,지수,광주,공급우위,지수,2015년 5월
T242093131851096,MM,201505,60024,대전,50001,수요우위,10001,지수,21.2,지수,대전,수요우위,지수,2015년 5월
T242093131851096,MM,201505,60024,대전,50002,비슷함,10001,지수,66.2,지수,대전,비슷함,지수,2015년 5월
T242093131851096,MM,201505,60024,대전,50003,공급우위,10001,지수,12.6,지수,대전,공급우위,지수,2015년 5월
T242093131851096,MM,201505,60025,울산,50001,수요우위,10001,지수,9.8,지수,울산,수요우위,지수,2015년 5월
T242093131851096,MM,201505,60025,울산,50002,비슷함,10001,지수,82.4,지수,울산,비슷함,지수,2015년 5월
T242093131851096,MM,201505,60025,울산,50003,공급우위,10001,지수,7.8,지수,울산,공급우위,지수,2015년 5월
T242093131851096,MM,201506,60001,8개시도,50001,수요우위,10001,지수,6.2,지수,8개시도,수요우위,지수,2015년 6월
T242093131851096,MM,201506,60001,8개시도,50002,비슷함,10001,지수,79.6,지수,8개시도,비슷함,지수,2015년 6월
T242093131851096,MM,201506,60001,8개시도,50003,공급우위,10001,지수,14.2,지수,8개시도,공급우위,지수,2015년 6월
T242093131851096,MM,201506,60002,수도권,50001,수요우위,10001,지수,5.6,지수,수도권,수요우위,지수,2015년 6월
T242093131851096,MM,201506,60002,수도권,50002,비슷함,10001,지수,81.8,지수,수도권,비슷함,지수,2015년 6월
T242093131851096,MM,201506,60002,수도권,50003,공급우위,10001,지수,12.6,지수,수도권,공급우위,지수,2015년 6월
T242093131851096,MM,201506,60005,5대광역시,50001,수요우위,10001,지수,6.8,지수,5대광역시,수요우위,지수,2015년 6월
T242093131851096,MM,201506,60005,5대광역시,50002,비슷함,10001,지수,77.3,지수,5대광역시,비슷함,지수,2015년 6월
T242093131851096,MM,201506,60005,5대광역시,50003,공급우위,10001,지수,15.9,지수,5대광역시,공급우위,지수,2015년 6월
T242093131851096,MM,201506,60008,서울,50001,수요우위,10001,지수,7.3,지수,서울,수요우위,지수,2015년 6월
T242093131851096,MM,201506,60008,서울,50002,비슷함,10001,지수,84.2,지수,서울,비슷함,지수,2015년 6월
T242093131851096,MM,201506,60008,서울,50003,공급우위,10001,지수,8.5,지수,서울,공급우위,지수,2015년 6월
T242093131851096,MM,201506,60009,강북지역,50001,수요우위,10001,지수,7.7,지수,서울>강북지역,수요우위,지수,2015년 6월
T242093131851096,MM,201506,60009,강북지역,50002,비슷함,10001,지수,83.6,지수,서울>강북지역,비슷함,지수,2015년 6월
T242093131851096,MM,201506,60009,강북지역,50003,공급우위,10001,지수,8.7,지수,서울>강북지역,공급우위,지수,2015년 6월
T242093131851096,MM,201506,60013,강남지역,50001,수요우위,10001,지수,7,지수,서울>강남지역,수요우위,지수,2015년 6월
T242093131851096,MM,201506,60013,강남지역,50002,비슷함,10001,지수,84.7,지수,서울>강남지역,비슷함,지수,2015년 6월
T242093131851096,MM,201506,60013,강남지역,50003,공급우위,10001,지수,8.3,지수,서울>강남지역,공급우위,지수,2015년 6월
T242093131851096,MM,201506,60016,경기,50001,수요우위,10001,지수,0.7,지수,경기,수요우위,지수,2015년 6월
T242093131851096,MM,201506,60016,경기,50002,비슷함,10001,지수,75.1,지수,경기,비슷함,지수,2015년 6월
T242093131851096,MM,201506,60016,경기,50003,공급우위,10001,지수,24.2,지수,경기,공급우위,지수,2015년 6월
T242093131851096,MM,201506,60017,인천,50001,수요우위,10001,지수,3.5,지수,인천,수요우위,지수,2015년 6월
T242093131851096,MM,201506,60017,인천,50002,비슷함,10001,지수,79.8,지수,인천,비슷함,지수,2015년 6월
T242093131851096,MM,201506,60017,인천,50003,공급우위,10001,지수,16.7,지수,인천,공급우위,지수,2015년 6월
T242093131851096,MM,201506,60018,부산,50001,수요우위,10001,지수,7.9,지수,부산,수요우위,지수,2015년 6월
T242093131851096,MM,201506,60018,부산,50002,비슷함,10001,지수,65.8,지수,부산,비슷함,지수,2015년 6월
T242093131851096,MM,201506,60018,부산,50003,공급우위,10001,지수,26.3,지수,부산,공급우위,지수,2015년 6월
T242093131851096,MM,201506,60022,대구,50001,수요우위,10001,지수,0.9,지수,대구,수요우위,지수,2015년 6월
T242093131851096,MM,201506,60022,대구,50002,비슷함,10001,지수,88.4,지수,대구,비슷함,지수,2015년 6월
T242093131851096,MM,201506,60022,대구,50003,공급우위,10001,지수,10.7,지수,대구,공급우위,지수,2015년 6월
T242093131851096,MM,201506,60023,광주,50001,수요우위,10001,지수,12.6,지수,광주,수요우위,지수,2015년 6월
T242093131851096,MM,201506,60023,광주,50002,비슷함,10001,지수,87.4,지수,광주,비슷함,지수,2015년 6월
T242093131851096,MM,201506,60023,광주,50003,공급우위,10001,지수,0,지수,광주,공급우위,지수,2015년 6월
T242093131851096,MM,201506,60024,대전,50001,수요우위,10001,지수,10.8,지수,대전,수요우위,지수,2015년 6월
T242093131851096,MM,201506,60024,대전,50002,비슷함,10001,지수,59.5,지수,대전,비슷함,지수,2015년 6월
T242093131851096,MM,201506,60024,대전,50003,공급우위,10001,지수,29.7,지수,대전,공급우위,지수,2015년 6월
T242093131851096,MM,201506,60025,울산,50001,수요우위,10001,지수,6.9,지수,울산,수요우위,지수,2015년 6월
T242093131851096,MM,201506,60025,울산,50002,비슷함,10001,지수,81.9,지수,울산,비슷함,지수,2015년 6월
T242093131851096,MM,201506,60025,울산,50003,공급우위,10001,지수,11.3,지수,울산,공급우위,지수,2015년 6월
