STAT_CODE,STAT_NAME,ITEM_CODE1,ITEM_NAME1,ITEM_CODE2,ITEM_NAME2,ITEM_CODE3,ITEM_NAME3,ITEM_CODE4,ITEM_NAME4,UNIT_NAME,WGT,TIME,DATA_VALUE
151Y003,1.2.3.4.2. 예금은행 지역별 가계대출(말잔),11110A0,주택관련대출-예금은행,A00,서울,,,,,십억원,,200612,100226.7
151Y003,1.2.3.4.2. 예금은행 지역별 가계대출(말잔),11110A0,주택관련대출-예금은행,B00,부산,,,,,십억원,,200612,14475.1
151Y003,1.2.3.4.2. 예금은행 지역별 가계대출(말잔),11110A0,주택관련대출-예금은행,C00,대구,,,,,십억원,,200612,9160.8
151Y003,1.2.3.4.2. 예금은행 지역별 가계대출(말잔),11110A0,주택관련대출-예금은행,D00,인천,,,,,십억원,,200612,13963.4
151Y003,1.2.3.4.2. 예금은행 지역별 가계대출(말잔),11110A0,주택관련대출-예금은행,E00,대전,,,,,십억원,,200612,5491.7
151Y003,1.2.3.4.2. 예금은행 지역별 가계대출(말잔),11110A0,주택관련대출-예금은행,F00,광주,,,,,십억원,,200612,3440.2
151Y003,1.2.3.4.2. 예금은행 지역별 가계대출(말잔),11110A0,주택관련대출-예금은행,G00,울산,,,,,십억원,,200612,3268.4
151Y003,1.2.3.4.2. 예금은행 지역별 가계대출(말잔),11110A0,주택관련대출-예금은행,L00,경기,,,,,십억원,,200612,65012.5
151Y003,1.2.3.4.2. 예금은행 지역별 가계대출(말잔),11110A0,주택관련대출-예금은행,M00,강원,,,,,십억원,,200612,2849.6
151Y003,1.2.3.4.2. 예금은행 지역별 가계대출(말잔),11110A0,주택관련대출-예금은행,N00,충북,,,,,십억원,,200612,2841.3
151Y003,1.2.3.4.2. 예금은행 지역별 가계대출(말잔),11110A0,주택관련대출-예금은행,P00,충남,,,,,십억원,,200612,5004.7
151Y003,1.2.3.4.2. 예금은행 지역별 가계대출(말잔),11110A0,주택관련대출-예금은행,Q00,전북,,,,,십억원,,200612,2670.7
151Y003,1.2.3.4.2. 예금은행 지역별 가계대출(말잔),11110A0,주택관련대출-예금은행,R00,전남,,,,,십억원,,200612,1561
151Y003,1.2.3.4.2. 예금은행 지역별 가계대출(말잔),11110A0,주택관련대출-예금은행,S00,경북,,,,,십억원,,200612,2919.8
151Y003,1.2.3.4.2. 예금은행 지역별 가계대출(말잔),11110A0,주택관련대출-예금은행,T00,경남,,,,,십억원,,200612,7317.9
151Y003,1.2.3.4.2. 예금은행 지역별 가계대출(말잔),11110A0,주택관련대출-예금은행,U00,제주,,,,,십억원,,200612,747.5
151Y003,1.2.3.4.2. 예금은행 지역별 가계대출(말잔),11110A0,주택관련대출-예금은행,A00,서울,,,,,십억원,,200701,100552.3
151Y003,1.2.3.4.2. 예금은행 지역별 가계대출(말잔),11110A0,주택관련대출-예금은행,B00,부산,,,,,십억원,,200701,14460.8
151Y003,1.2.3.4.2. 예금은행 지역별 가계대출(말잔),11110A0,주택관련대출-예금은행,C00,대구,,,,,십억원,,200701,9101.4
151Y003,1.2.3.4.2. 예금은행 지역별 가계대출(말잔),11110A0,주택관련대출-예금은행,D00,인천,,,,,십억원,,200701,14244.7
151Y003,1.2.3.4.2. 예금은행 지역별 가계대출(말잔),11110A0,주택관련대출-예금은행,E00,대전,,,,,십억원,,200701,5339.2
151Y003,1.2.3.4.2. 예금은행 지역별 가계대출(말잔),11110A0,주택관련대출-예금은행,F00,광주,,,,,십억원,,200701,3371.2
151Y003,1.2.3.4.2. 예금은행 지역별 가계대출(말잔),11110A0,주택관련대출-예금은행,G00,울산,,,,,십억원,,200701,3339.3
151Y003,1.2.3.4.2. 예금은행 지역별 가계대출(말잔),11110A0,주택관련대출-예금은행,L00,경기,,,,,십억원,,200701,66278.3
151Y003,1.2.3.4.2. 예금은행 지역별 가계대출(말잔),11110A0,주택관련대출-예금은행,M00,강원,,,,,십억원,,200701,2699
151Y003,1.2.3.4.2. 예금은행 지역별 가계대출(말잔),11110A0,주택관련대출-예금은행,N00,충북,,,,,십억원,,200701,2794.7
151Y003,1.2.3.4.2. 예금은행 지역별 가계대출(말잔),11110A0,주택관련대출-예금은행,P00,충남,,,,,십억원,,200701,4825.8
151Y003,1.2.3.4.2. 예금은행 지역별 가계대출(말잔),11110A0,주택관련대출-예금은행,Q00,전북,,,,,십억원,,200701,2555.6
151Y003,1.2.3.4.2. 예금은행 지역별 가계대출(말잔),11110A0,주택관련대출-예금은행,R00,전남,,,,,십억원,,200701,1477.9
151Y003,1.2.3.4.2. 예금은행 지역별 가계대출(말잔),11110A0,주택관련대출-예금은행,S00,경북,,,,,십억원,,200701,2867.4
151Y003,1.2.3.4.2. 예금은행 지역별 가계대출(말잔),11110A0,주택관련대출-예금은행,T00,경남,,,,,십억원,,200701,7225.8
151Y003,1.2.3.4.2. 예금은행 지역별 가계대출(말잔),11110A0,주택관련대출-예금은행,U00,제주,,,,,십억원,,200701,691.3
151Y003,1.2.3.4.2. 예금은행 지역별 가계대출(말잔),11110A0,주택관련대출-예금은행,A00,서울,,,,,십억원,,200702,100855.7
151Y003,1.2.3.4.2. 예금은행 지역별 가계대출(말잔),11110A0,주택관련대출-예금은행,B00,부산,,,,,십억원,,200702,14294.5
151Y003,1.2.3.4.2. 예금은행 지역별 가계대출(말잔),11110A0,주택관련대출-예금은행,C00,대구,,,,,십억원,,200702,9163.5
151Y003,1.2.3.4.2. 예금은행 지역별 가계대출(말잔),11110A0,주택관련대출-예금은행,D00,인천,,,,,십억원,,200702,14527.8
151Y003,1.2.3.4.2. 예금은행 지역별 가계대출(말잔),11110A0,주택관련대출-예금은행,E00,대전,,,,,십억원,,200702,5292.8
151Y003,1.2.3.4.2. 예금은행 지역별 가계대출(말잔),11110A0,주택관련대출-예금은행,F00,광주,,,,,십억원,,200702,3401
151Y003,1.2.3.4.2. 예금은행 지역별 가계대출(말잔),11110A0,주택관련대출-예금은행,G00,울산,,,,,십억원,,200702,3406.2
151Y003,1.2.3.4.2. 예금은행 지역별 가계대출(말잔),11110A0,주택관련대출-예금은행,L00,경기,,,,,십억원,,200702,66512.5
151Y003,1.2.3.4.2. 예금은행 지역별 가계대출(말잔),11110A0,주택관련대출-예금은행,M00,강원,,,,,십억원,,200702,2699.4
151Y003,1.2.3.4.2. 예금은행 지역별 가계대출(말잔),11110A0,주택관련대출-예금은행,N00,충북,,,,,십억원,,200702,2851.5
151Y003,1.2.3.4.2. 예금은행 지역별 가계대출(말잔),11110A0,주택관련대출-예금은행,P00,충남,,,,,십억원,,200702,4804.9
151Y003,1.2.3.4.2. 예금은행 지역별 가계대출(말잔),11110A0,주택관련대출-예금은행,Q00,전북,,,,,십억원,,200702,2542.8
151Y003,1.2.3.4.2. 예금은행 지역별 가계대출(말잔),11110A0,주택관련대출-예금은행,R00,전남,,,,,십억원,,200702,1492.5
151Y003,1.2.3.4.2. 예금은행 지역별 가계대출(말잔),11110A0,주택관련대출-예금은행,S00,경북,,,,,십억원,,200702,2906.2
151Y003,1.2.3.4.2. 예금은행 지역별 가계대출(말잔),11110A0,주택관련대출-예금은행,T00,경남,,,,,십억원,,200702,7377
151Y003,1.2.3.4.2. 예금은행 지역별 가계대출(말잔),11110A0,주택관련대출-예금은행,U00,제주,,,,,십억원,,200702,682.3
151Y003,1.2.3.4.2. 예금은행 지역별 가계대출(말잔),11110A0,주택관련대출-예금은행,A00,서울,,,,,십억원,,200703,100845.4
151Y003,1.2.3.4.2. 예금은행 지역별 가계대출(말잔),11110A0,주택관련대출-예금은행,B00,부산,,,,,십억원,,200703,14373.3
151Y003,1.2.3.4.2. 예금은행 지역별 가계대출(말잔),11110A0,주택관련대출-예금은행,C00,대구,,,,,십억원,,200703,9172.7
151Y003,1.2.3.4.2. 예금은행 지역별 가계대출(말잔),11110A0,주택관련대출-예금은행,D00,인천,,,,,십억원,,200703,14520.9
151Y003,1.2.3.4.2. 예금은행 지역별 가계대출(말잔),11110A0,주택관련대출-예금은행,E00,대전,,,,,십억원,,200703,5298.2
151Y003,1.2.3.4.2. 예금은행 지역별 가계대출(말잔),11110A0,주택관련대출-예금은행,F00,광주,,,,,십억원,,200703,3438.3
151Y003,1.2.3.4.2. 예금은행 지역별 가계대출(말잔),11110A0,주택관련대출-예금은행,G00,울산,,,,,십억원,,200703,3541.6
151Y003,1.2.3.4.2. 예금은행 지역별 가계대출(말잔),11110A0,주택관련대출-예금은행,L00,경기,,,,,십억원,,200703,66811.2
151Y003,1.2.3.4.2. 예금은행 지역별 가계대출(말잔),11110A0,주택관련대출-예금은행,M00,강원,,,,,십억원,,200703,2723.7
151Y003,1.2.3.4.2. 예금은행 지역별 가계대출(말잔),11110A0,주택관련대출-예금은행,N00,충북,,,,,십억원,,200703,2885.6
151Y003,1.2.3.4.2. 예금은행 지역별 가계대출(말잔),11110A0,주택관련대출-예금은행,P00,충남,,,,,십억원,,200703,4857.2
151Y003,1.2.3.4.2. 예금은행 지역별 가계대출(말잔),11110A0,주택관련대출-예금은행,Q00,전북,,,,,십억원,,200703,2540
151Y003,1.2.3.4.2. 예금은행 지역별 가계대출(말잔),11110A0,주택관련대출-예금은행,R00,전남,,,,,십억원,,200703,1517.9
151Y003,1.2.3.4.2. 예금은행 지역별 가계대출(말잔),11110A0,주택관련대출-예금은행,S00,경북,,,,,십억원,,200703,2944.7
151Y003,1.2.3.4.2. 예금은행 지역별 가계대출(말잔),11110A0,주택관련대출-예금은행,T00,경남,,,,,십억원,,200703,7420.7
151Y003,1.2.3.4.2. 예금은행 지역별 가계대출(말잔),11110A0,주택관련대출-예금은행,U00,제주,,,,,십억원,,200703,677.1
151Y003,1.2.3.4.2. 예금은행 지역별 가계대출(말잔),11110A0,주택관련대출-예금은행,A00,서울,,,,,십억원,,200704,100608.4
151Y003,1.2.3.4.2. 예금은행 지역별 가계대출(말잔),11110A0,주택관련대출-예금은행,B00,부산,,,,,십억원,,200704,14160.3
151Y003,1.2.3.4.2. 예금은행 지역별 가계대출(말잔),11110A0,주택관련대출-예금은행,C00,대구,,,,,십억원,,200704,9176.2
151Y003,1.2.3.4.2. 예금은행 지역별 가계대출(말잔),11110A0,주택관련대출-예금은행,D00,인천,,,,,십억원,,200704,14536.1
151Y003,1.2.3.4.2. 예금은행 지역별 가계대출(말잔),11110A0,주택관련대출-예금은행,E00,대전,,,,,십억원,,200704,5250.8
151Y003,1.2.3.4.2. 예금은행 지역별 가계대출(말잔),11110A0,주택관련대출-예금은행,F00,광주,,,,,십억원,,200704,3534.4
151Y003,1.2.3.4.2. 예금은행 지역별 가계대출(말잔),11110A0,주택관련대출-예금은행,G00,울산,,,,,십억원,,200704,3618.1
151Y003,1.2.3.4.2. 예금은행 지역별 가계대출(말잔),11110A0,주택관련대출-예금은행,L00,경기,,,,,십억원,,200704,67056.2
151Y003,1.2.3.4.2. 예금은행 지역별 가계대출(말잔),11110A0,주택관련대출-예금은행,M00,강원,,,,,십억원,,200704,2736.3
151Y003,1.2.3.4.2. 예금은행 지역별 가계대출(말잔),11110A0,주택관련대출-예금은행,N00,충북,,,,,십억원,,200704,2932.2
151Y003,1.2.3.4.2. 예금은행 지역별 가계대출(말잔),11110A0,주택관련대출-예금은행,P00,충남,,,,,십억원,,200704,4846.8
151Y003,1.2.3.4.2. 예금은행 지역별 가계대출(말잔),11110A0,주택관련대출-예금은행,Q00,전북,,,,,십억원,,200704,2587.4
151Y003,1.2.3.4.2. 예금은행 지역별 가계대출(말잔),11110A0,주택관련대출-예금은행,R00,전남,,,,,십억원,,200704,1486.7
151Y003,1.2.3.4.2. 예금은행 지역별 가계대출(말잔),11110A0,주택관련대출-예금은행,S00,경북,,,,,십억원,,200704,3041.6
151Y003,1.2.3.4.2. 예금은행 지역별 가계대출(말잔),11110A0,주택관련대출-예금은행,T00,경남,,,,,십억원,,200704,7444.3
151Y003,1.2.3.4.2. 예금은행 지역별 가계대출(말잔),11110A0,주택관련대출-예금은행,U00,제주,,,,,십억원,,200704,671.4
151Y003,1.2.3.4.2. 예금은행 지역별 가계대출(말잔),11110A0,주택관련대출-예금은행,A00,서울,,,,,십억원,,200705,99516.3
151Y003,1.2.3.4.2. 예금은행 지역별 가계대출(말잔),11110A0,주택관련대출-예금은행,B00,부산,,,,,십억원,,200705,14190
151Y003,1.2.3.4.2. 예금은행 지역별 가계대출(말잔),11110A0,주택관련대출-예금은행,C00,대구,,,,,십억원,,200705,9193.8
151Y003,1.2.3.4.2. 예금은행 지역별 가계대출(말잔),11110A0,주택관련대출-예금은행,D00,인천,,,,,십억원,,200705,14500
151Y003,1.2.3.4.2. 예금은행 지역별 가계대출(말잔),11110A0,주택관련대출-예금은행,E00,대전,,,,,십억원,,200705,5210.9
151Y003,1.2.3.4.2. 예금은행 지역별 가계대출(말잔),11110A0,주택관련대출-예금은행,F00,광주,,,,,십억원,,200705,3571.8
151Y003,1.2.3.4.2. 예금은행 지역별 가계대출(말잔),11110A0,주택관련대출-예금은행,G00,울산,,,,,십억원,,200705,3594.8
151Y003,1.2.3.4.2. 예금은행 지역별 가계대출(말잔),11110A0,주택관련대출-예금은행,L00,경기,,,,,십억원,,200705,66805.2
151Y003,1.2.3.4.2. 예금은행 지역별 가계대출(말잔),11110A0,주택관련대출-예금은행,M00,강원,,,,,십억원,,200705,2749
151Y003,1.2.3.4.2. 예금은행 지역별 가계대출(말잔),11110A0,주택관련대출-예금은행,N00,충북,,,,,십억원,,200705,2968.6
151Y003,1.2.3.4.2. 예금은행 지역별 가계대출(말잔),11110A0,주택관련대출-예금은행,P00,충남,,,,,십억원,,200705,4837.5
151Y003,1.2.3.4.2. 예금은행 지역별 가계대출(말잔),11110A0,주택관련대출-예금은행,Q00,전북,,,,,십억원,,200705,2637.3
151Y003,1.2.3.4.2. 예금은행 지역별 가계대출(말잔),11110A0,주택관련대출-예금은행,R00,전남,,,,,십억원,,200705,1492.2
151Y003,1.2.3.4.2. 예금은행 지역별 가계대출(말잔),11110A0,주택관련대출-예금은행,S00,경북,,,,,십억원,,200705,3099.2
151Y003,1.2.3.4.2. 예금은행 지역별 가계대출(말잔),11110A0,주택관련대출-예금은행,T00,경남,,,,,십억원,,200705,7418
151Y003,1.2.3.4.2. 예금은행 지역별 가계대출(말잔),11110A0,주택관련대출-예금은행,U00,제주,,,,,십억원,,200705,663.8
151Y003,1.2.3.4.2. 예금은행 지역별 가계대출(말잔),11110A0,주택관련대출-예금은행,A00,서울,,,,,십억원,,200706,99351.6
151Y003,1.2.3.4.2. 예금은행 지역별 가계대출(말잔),11110A0,주택관련대출-예금은행,B00,부산,,,,,십억원,,200706,14191.3
151Y003,1.2.3.4.2. 예금은행 지역별 가계대출(말잔),11110A0,주택관련대출-예금은행,C00,대구,,,,,십억원,,200706,9236.6
151Y003,1.2.3.4.2. 예금은행 지역별 가계대출(말잔),11110A0,주택관련대출-예금은행,D00,인천,,,,,십억원,,200706,14637.9
151Y003,1.2.3.4.2. 예금은행 지역별 가계대출(말잔),11110A0,주택관련대출-예금은행,E00,대전,,,,,십억원,,200706,5178.3
151Y003,1.2.3.4.2. 예금은행 지역별 가계대출(말잔),11110A0,주택관련대출-예금은행,F00,광주,,,,,십억원,,200706,3598.8
151Y003,1.2.3.4.2. 예금은행 지역별 가계대출(말잔),11110A0,주택관련대출-예금은행,G00,울산,,,,,십억원,,200706,3600.2
151Y003,1.2.3.4.2. 예금은행 지역별 가계대출(말잔),11110A0,주택관련대출-예금은행,L00,경기,,,,,십억원,,200706,67067.9
151Y003,1.2.3.4.2. 예금은행 지역별 가계대출(말잔),11110A0,주택관련대출-예금은행,M00,강원,,,,,십억원,,200706,2784.5
151Y003,1.2.3.4.2. 예금은행 지역별 가계대출(말잔),11110A0,주택관련대출-예금은행,N00,충북,,,,,십억원,,200706,3017.1
151Y003,1.2.3.4.2. 예금은행 지역별 가계대출(말잔),11110A0,주택관련대출-예금은행,P00,충남,,,,,십억원,,200706,4837.6
151Y003,1.2.3.4.2. 예금은행 지역별 가계대출(말잔),11110A0,주택관련대출-예금은행,Q00,전북,,,,,십억원,,200706,2649.2
151Y003,1.2.3.4.2. 예금은행 지역별 가계대출(말잔),11110A0,주택관련대출-예금은행,R00,전남,,,,,십억원,,200706,1493.8
151Y003,1.2.3.4.2. 예금은행 지역별 가계대출(말잔),11110A0,주택관련대출-예금은행,S00,경북,,,,,십억원,,200706,3178
151Y003,1.2.3.4.2. 예금은행 지역별 가계대출(말잔),11110A0,주택관련대출-예금은행,T00,경남,,,,,십억원,,200706,7488.7
151Y003,1.2.3.4.2. 예금은행 지역별 가계대출(말잔),11110A0,주택관련대출-예금은행,U00,제주,,,,,십억원,,200706,667.5
151Y003,1.2.3.4.2. 예금은행 지역별 가계대출(말잔),11110A0,주택관련대출-예금은행,A00,서울,,,,,십억원,,200707,99003.5
151Y003,1.2.3.4.2. 예금은행 지역별 가계대출(말잔),11110A0,주택관련대출-예금은행,B00,부산,,,,,십억원,,200707,14336.5
151Y003,1.2.3.4.2. 예금은행 지역별 가계대출(말잔),11110A0,주택관련대출-예금은행,C00,대구,,,,,십억원,,200707,9268.8
151Y003,1.2.3.4.2. 예금은행 지역별 가계대출(말잔),11110A0,주택관련대출-예금은행,D00,인천,,,,,십억원,,200707,14728
151Y003,1.2.3.4.2. 예금은행 지역별 가계대출(말잔),11110A0,주택관련대출-예금은행,E00,대전,,,,,십억원,,200707,5142.1
151Y003,1.2.3.4.2. 예금은행 지역별 가계대출(말잔),11110A0,주택관련대출-예금은행,F00,광주,,,,,십억원,,200707,3627.9
151Y003,1.2.3.4.2. 예금은행 지역별 가계대출(말잔),11110A0,주택관련대출-예금은행,G00,울산,,,,,십억원,,200707,3643.7
151Y003,1.2.3.4.2. 예금은행 지역별 가계대출(말잔),11110A0,주택관련대출-예금은행,L00,경기,,,,,십억원,,200707,67306.9
151Y003,1.2.3.4.2. 예금은행 지역별 가계대출(말잔),11110A0,주택관련대출-예금은행,M00,강원,,,,,십억원,,200707,2711.1
151Y003,1.2.3.4.2. 예금은행 지역별 가계대출(말잔),11110A0,주택관련대출-예금은행,N00,충북,,,,,십억원,,200707,3036.9
151Y003,1.2.3.4.2. 예금은행 지역별 가계대출(말잔),11110A0,주택관련대출-예금은행,P00,충남,,,,,십억원,,200707,4835.9
151Y003,1.2.3.4.2. 예금은행 지역별 가계대출(말잔),11110A0,주택관련대출-예금은행,Q00,전북,,,,,십억원,,200707,2678.2
151Y003,1.2.3.4.2. 예금은행 지역별 가계대출(말잔),11110A0,주택관련대출-예금은행,R00,전남,,,,,십억원,,200707,1516.7
151Y003,1.2.3.4.2. 예금은행 지역별 가계대출(말잔),11110A0,주택관련대출-예금은행,S00,경북,,,,,십억원,,200707,3208.7
151Y003,1.2.3.4.2. 예금은행 지역별 가계대출(말잔),11110A0,주택관련대출-예금은행,T00,경남,,,,,십억원,,200707,7554.8
151Y003,1.2.3.4.2. 예금은행 지역별 가계대출(말잔),11110A0,주택관련대출-예금은행,U00,제주,,,,,십억원,,200707,661.1
151Y003,1.2.3.4.2. 예금은행 지역별 가계대출(말잔),11110A0,주택관련대출-예금은행,A00,서울,,,,,십억원,,200708,98846.1
151Y003,1.2.3.4.2. 예금은행 지역별 가계대출(말잔),11110A0,주택관련대출-예금은행,B00,부산,,,,,십억원,,200708,14303.4
151Y003,1.2.3.4.2. 예금은행 지역별 가계대출(말잔),11110A0,주택관련대출-예금은행,C00,대구,,,,,십억원,,200708,9302
151Y003,1.2.3.4.2. 예금은행 지역별 가계대출(말잔),11110A0,주택관련대출-예금은행,D00,인천,,,,,십억원,,200708,14746.2
151Y003,1.2.3.4.2. 예금은행 지역별 가계대출(말잔),11110A0,주택관련대출-예금은행,E00,대전,,,,,십억원,,200708,5152.2
151Y003,1.2.3.4.2. 예금은행 지역별 가계대출(말잔),11110A0,주택관련대출-예금은행,F00,광주,,,,,십억원,,200708,3650.2
151Y003,1.2.3.4.2. 예금은행 지역별 가계대출(말잔),11110A0,주택관련대출-예금은행,G00,울산,,,,,십억원,,200708,3672.8
151Y003,1.2.3.4.2. 예금은행 지역별 가계대출(말잔),11110A0,주택관련대출-예금은행,L00,경기,,,,,십억원,,200708,67767.9
151Y003,1.2.3.4.2. 예금은행 지역별 가계대출(말잔),11110A0,주택관련대출-예금은행,M00,강원,,,,,십억원,,200708,2732.9
151Y003,1.2.3.4.2. 예금은행 지역별 가계대출(말잔),11110A0,주택관련대출-예금은행,N00,충북,,,,,십억원,,200708,3026.4
151Y003,1.2.3.4.2. 예금은행 지역별 가계대출(말잔),11110A0,주택관련대출-예금은행,P00,충남,,,,,십억원,,200708,4844.2
151Y003,1.2.3.4.2. 예금은행 지역별 가계대출(말잔),11110A0,주택관련대출-예금은행,Q00,전북,,,,,십억원,,200708,2698
151Y003,1.2.3.4.2. 예금은행 지역별 가계대출(말잔),11110A0,주택관련대출-예금은행,R00,전남,,,,,십억원,,200708,1520.1
151Y003,1.2.3.4.2. 예금은행 지역별 가계대출(말잔),11110A0,주택관련대출-예금은행,S00,경북,,,,,십억원,,200708,3242.4
151Y003,1.2.3.4.2. 예금은행 지역별 가계대출(말잔),11110A0,주택관련대출-예금은행,T00,경남,,,,,십억원,,200708,7569.5
151Y003,1.2.3.4.2. 예금은행 지역별 가계대출(말잔),11110A0,주택관련대출-예금은행,U00,제주,,,,,십억원,,200708,652.5
151Y003,1.2.3.4.2. 예금은행 지역별 가계대출(말잔),11110A0,주택관련대출-예금은행,A00,서울,,,,,십억원,,200709,98683.7
151Y003,1.2.3.4.2. 예금은행 지역별 가계대출(말잔),11110A0,주택관련대출-예금은행,B00,부산,,,,,십억원,,200709,14272.1
151Y003,1.2.3.4.2. 예금은행 지역별 가계대출(말잔),11110A0,주택관련대출-예금은행,C00,대구,,,,,십억원,,200709,9290.4
151Y003,1.2.3.4.2. 예금은행 지역별 가계대출(말잔),11110A0,주택관련대출-예금은행,D00,인천,,,,,십억원,,200709,14900.8
151Y003,1.2.3.4.2. 예금은행 지역별 가계대출(말잔),11110A0,주택관련대출-예금은행,E00,대전,,,,,십억원,,200709,5120.6
151Y003,1.2.3.4.2. 예금은행 지역별 가계대출(말잔),11110A0,주택관련대출-예금은행,F00,광주,,,,,십억원,,200709,3596.9
151Y003,1.2.3.4.2. 예금은행 지역별 가계대출(말잔),11110A0,주택관련대출-예금은행,G00,울산,,,,,십억원,,200709,3731.7
151Y003,1.2.3.4.2. 예금은행 지역별 가계대출(말잔),11110A0,주택관련대출-예금은행,L00,경기,,,,,십억원,,200709,68106.7
151Y003,1.2.3.4.2. 예금은행 지역별 가계대출(말잔),11110A0,주택관련대출-예금은행,M00,강원,,,,,십억원,,200709,2730
151Y003,1.2.3.4.2. 예금은행 지역별 가계대출(말잔),11110A0,주택관련대출-예금은행,N00,충북,,,,,십억원,,200709,3016.7
151Y003,1.2.3.4.2. 예금은행 지역별 가계대출(말잔),11110A0,주택관련대출-예금은행,P00,충남,,,,,십억원,,200709,4848.8
151Y003,1.2.3.4.2. 예금은행 지역별 가계대출(말잔),11110A0,주택관련대출-예금은행,Q00,전북,,,,,십억원,,200709,2734.2
151Y003,1.2.3.4.2. 예금은행 지역별 가계대출(말잔),11110A0,주택관련대출-예금은행,R00,전남,,,,,십억원,,200709,1559.3
151Y003,1.2.3.4.2. 예금은행 지역별 가계대출(말잔),11110A0,주택관련대출-예금은행,S00,경북,,,,,십억원,,200709,3263.7
151Y003,1.2.3.4.2. 예금은행 지역별 가계대출(말잔),11110A0,주택관련대출-예금은행,T00,경남,,,,,십억원,,200709,7538.4
151Y003,1.2.3.4.2. 예금은행 지역별 가계대출(말잔),11110A0,주택관련대출-예금은행,U00,제주,,,,,십억원,,200709,649.6
151Y003,1.2.3.4.2. 예금은행 지역별 가계대출(말잔),11110A0,주택관련대출-예금은행,A00,서울,,,,,십억원,,200710,98712.3
151Y003,1.2.3.4.2. 예금은행 지역별 가계대출(말잔),11110A0,주택관련대출-예금은행,B00,부산,,,,,십억원,,200710,14346.2
151Y003,1.2.3.4.2. 예금은행 지역별 가계대출(말잔),11110A0,주택관련대출-예금은행,C00,대구,,,,,십억원,,200710,9337.1
151Y003,1.2.3.4.2. 예금은행 지역별 가계대출(말잔),11110A0,주택관련대출-예금은행,D00,인천,,,,,십억원,,200710,14910.5
151Y003,1.2.3.4.2. 예금은행 지역별 가계대출(말잔),11110A0,주택관련대출-예금은행,E00,대전,,,,,십억원,,200710,5115.7
151Y003,1.2.3.4.2. 예금은행 지역별 가계대출(말잔),11110A0,주택관련대출-예금은행,F00,광주,,,,,십억원,,200710,3682.2
151Y003,1.2.3.4.2. 예금은행 지역별 가계대출(말잔),11110A0,주택관련대출-예금은행,G00,울산,,,,,십억원,,200710,3673.5
151Y003,1.2.3.4.2. 예금은행 지역별 가계대출(말잔),11110A0,주택관련대출-예금은행,L00,경기,,,,,십억원,,200710,68674.5
151Y003,1.2.3.4.2. 예금은행 지역별 가계대출(말잔),11110A0,주택관련대출-예금은행,M00,강원,,,,,십억원,,200710,2751.4
151Y003,1.2.3.4.2. 예금은행 지역별 가계대출(말잔),11110A0,주택관련대출-예금은행,N00,충북,,,,,십억원,,200710,3051.1
151Y003,1.2.3.4.2. 예금은행 지역별 가계대출(말잔),11110A0,주택관련대출-예금은행,P00,충남,,,,,십억원,,200710,4908.7
151Y003,1.2.3.4.2. 예금은행 지역별 가계대출(말잔),11110A0,주택관련대출-예금은행,Q00,전북,,,,,십억원,,200710,2745.6
151Y003,1.2.3.4.2. 예금은행 지역별 가계대출(말잔),11110A0,주택관련대출-예금은행,R00,전남,,,,,십억원,,200710,1560
151Y003,1.2.3.4.2. 예금은행 지역별 가계대출(말잔),11110A0,주택관련대출-예금은행,S00,경북,,,,,십억원,,200710,3276.4
151Y003,1.2.3.4.2. 예금은행 지역별 가계대출(말잔),11110A0,주택관련대출-예금은행,T00,경남,,,,,십억원,,200710,7552.1
151Y003,1.2.3.4.2. 예금은행 지역별 가계대출(말잔),11110A0,주택관련대출-예금은행,U00,제주,,,,,십억원,,200710,641.7
151Y003,1.2.3.4.2. 예금은행 지역별 가계대출(말잔),11110A0,주택관련대출-예금은행,A00,서울,,,,,십억원,,200711,98990.5
151Y003,1.2.3.4.2. 예금은행 지역별 가계대출(말잔),11110A0,주택관련대출-예금은행,B00,부산,,,,,십억원,,200711,14494.3
151Y003,1.2.3.4.2. 예금은행 지역별 가계대출(말잔),11110A0,주택관련대출-예금은행,C00,대구,,,,,십억원,,200711,9349.8
151Y003,1.2.3.4.2. 예금은행 지역별 가계대출(말잔),11110A0,주택관련대출-예금은행,D00,인천,,,,,십억원,,200711,14969.8
151Y003,1.2.3.4.2. 예금은행 지역별 가계대출(말잔),11110A0,주택관련대출-예금은행,E00,대전,,,,,십억원,,200711,5109.6
151Y003,1.2.3.4.2. 예금은행 지역별 가계대출(말잔),11110A0,주택관련대출-예금은행,F00,광주,,,,,십억원,,200711,3663.4
151Y003,1.2.3.4.2. 예금은행 지역별 가계대출(말잔),11110A0,주택관련대출-예금은행,G00,울산,,,,,십억원,,200711,3658.9
151Y003,1.2.3.4.2. 예금은행 지역별 가계대출(말잔),11110A0,주택관련대출-예금은행,L00,경기,,,,,십억원,,200711,69138.9
151Y003,1.2.3.4.2. 예금은행 지역별 가계대출(말잔),11110A0,주택관련대출-예금은행,M00,강원,,,,,십억원,,200711,2770.9
151Y003,1.2.3.4.2. 예금은행 지역별 가계대출(말잔),11110A0,주택관련대출-예금은행,N00,충북,,,,,십억원,,200711,3091.5
151Y003,1.2.3.4.2. 예금은행 지역별 가계대출(말잔),11110A0,주택관련대출-예금은행,P00,충남,,,,,십억원,,200711,5070.1
151Y003,1.2.3.4.2. 예금은행 지역별 가계대출(말잔),11110A0,주택관련대출-예금은행,Q00,전북,,,,,십억원,,200711,2773.4
151Y003,1.2.3.4.2. 예금은행 지역별 가계대출(말잔),11110A0,주택관련대출-예금은행,R00,전남,,,,,십억원,,200711,1575.4
151Y003,1.2.3.4.2. 예금은행 지역별 가계대출(말잔),11110A0,주택관련대출-예금은행,S00,경북,,,,,십억원,,200711,3321.3
151Y003,1.2.3.4.2. 예금은행 지역별 가계대출(말잔),11110A0,주택관련대출-예금은행,T00,경남,,,,,십억원,,200711,7626.7
151Y003,1.2.3.4.2. 예금은행 지역별 가계대출(말잔),11110A0,주택관련대출-예금은행,U00,제주,,,,,십억원,,200711,632.8
151Y003,1.2.3.4.2. 예금은행 지역별 가계대출(말잔),11110A0,주택관련대출-예금은행,A00,서울,,,,,십억원,,200712,98375.1
151Y003,1.2.3.4.2. 예금은행 지역별 가계대출(말잔),11110A0,주택관련대출-예금은행,B00,부산,,,,,십억원,,200712,14467.5
151Y003,1.2.3.4.2. 예금은행 지역별 가계대출(말잔),11110A0,주택관련대출-예금은행,C00,대구,,,,,십억원,,200712,9349.3
151Y003,1.2.3.4.2. 예금은행 지역별 가계대출(말잔),11110A0,주택관련대출-예금은행,D00,인천,,,,,십억원,,200712,15121.5
151Y003,1.2.3.4.2. 예금은행 지역별 가계대출(말잔),11110A0,주택관련대출-예금은행,E00,대전,,,,,십억원,,200712,5047.9
151Y003,1.2.3.4.2. 예금은행 지역별 가계대출(말잔),11110A0,주택관련대출-예금은행,F00,광주,,,,,십억원,,200712,3693
151Y003,1.2.3.4.2. 예금은행 지역별 가계대출(말잔),11110A0,주택관련대출-예금은행,G00,울산,,,,,십억원,,200712,3660.1
151Y003,1.2.3.4.2. 예금은행 지역별 가계대출(말잔),11110A0,주택관련대출-예금은행,L00,경기,,,,,십억원,,200712,69155.9
151Y003,1.2.3.4.2. 예금은행 지역별 가계대출(말잔),11110A0,주택관련대출-예금은행,M00,강원,,,,,십억원,,200712,2744.4
151Y003,1.2.3.4.2. 예금은행 지역별 가계대출(말잔),11110A0,주택관련대출-예금은행,N00,충북,,,,,십억원,,200712,3080.6
151Y003,1.2.3.4.2. 예금은행 지역별 가계대출(말잔),11110A0,주택관련대출-예금은행,P00,충남,,,,,십억원,,200712,5089.2
151Y003,1.2.3.4.2. 예금은행 지역별 가계대출(말잔),11110A0,주택관련대출-예금은행,Q00,전북,,,,,십억원,,200712,2761.5
151Y003,1.2.3.4.2. 예금은행 지역별 가계대출(말잔),11110A0,주택관련대출-예금은행,R00,전남,,,,,십억원,,200712,1607.6
151Y003,1.2.3.4.2. 예금은행 지역별 가계대출(말잔),11110A0,주택관련대출-예금은행,S00,경북,,,,,십억원,,200712,3317.4
151Y003,1.2.3.4.2. 예금은행 지역별 가계대출(말잔),11110A0,주택관련대출-예금은행,T00,경남,,,,,십억원,,200712,7667
151Y003,1.2.3.4.2. 예금은행 지역별 가계대출(말잔),11110A0,주택관련대출-예금은행,U00,제주,,,,,십억원,,200712,625.4
151Y003,1.2.3.4.2. 예금은행 지역별 가계대출(말잔),11110A0,주택관련대출-예금은행,A00,서울,,,,,십억원,,200801,98248.6
151Y003,1.2.3.4.2. 예금은행 지역별 가계대출(말잔),11110A0,주택관련대출-예금은행,B00,부산,,,,,십억원,,200801,14446.6
151Y003,1.2.3.4.2. 예금은행 지역별 가계대출(말잔),11110A0,주택관련대출-예금은행,C00,대구,,,,,십억원,,200801,9285.1
151Y003,1.2.3.4.2. 예금은행 지역별 가계대출(말잔),11110A0,주택관련대출-예금은행,D00,인천,,,,,십억원,,200801,15226.2
151Y003,1.2.3.4.2. 예금은행 지역별 가계대출(말잔),11110A0,주택관련대출-예금은행,E00,대전,,,,,십억원,,200801,4979.9
151Y003,1.2.3.4.2. 예금은행 지역별 가계대출(말잔),11110A0,주택관련대출-예금은행,F00,광주,,,,,십억원,,200801,3759.6
151Y003,1.2.3.4.2. 예금은행 지역별 가계대출(말잔),11110A0,주택관련대출-예금은행,G00,울산,,,,,십억원,,200801,3618
151Y003,1.2.3.4.2. 예금은행 지역별 가계대출(말잔),11110A0,주택관련대출-예금은행,L00,경기,,,,,십억원,,200801,69510.7
151Y003,1.2.3.4.2. 예금은행 지역별 가계대출(말잔),11110A0,주택관련대출-예금은행,M00,강원,,,,,십억원,,200801,2754.1
151Y003,1.2.3.4.2. 예금은행 지역별 가계대출(말잔),11110A0,주택관련대출-예금은행,N00,충북,,,,,십억원,,200801,3075.2
151Y003,1.2.3.4.2. 예금은행 지역별 가계대출(말잔),11110A0,주택관련대출-예금은행,P00,충남,,,,,십억원,,200801,5153.6
151Y003,1.2.3.4.2. 예금은행 지역별 가계대출(말잔),11110A0,주택관련대출-예금은행,Q00,전북,,,,,십억원,,200801,2704.9
151Y003,1.2.3.4.2. 예금은행 지역별 가계대출(말잔),11110A0,주택관련대출-예금은행,R00,전남,,,,,십억원,,200801,1545.9
151Y003,1.2.3.4.2. 예금은행 지역별 가계대출(말잔),11110A0,주택관련대출-예금은행,S00,경북,,,,,십억원,,200801,3314
151Y003,1.2.3.4.2. 예금은행 지역별 가계대출(말잔),11110A0,주택관련대출-예금은행,T00,경남,,,,,십억원,,200801,7602.2
151Y003,1.2.3.4.2. 예금은행 지역별 가계대출(말잔),11110A0,주택관련대출-예금은행,U00,제주,,,,,십억원,,200801,612.4
151Y003,1.2.3.4.2. 예금은행 지역별 가계대출(말잔),11110A0,주택관련대출-예금은행,A00,서울,,,,,십억원,,200802,97093.1
151Y003,1.2.3.4.2. 예금은행 지역별 가계대출(말잔),11110A0,주택관련대출-예금은행,B00,부산,,,,,십억원,,200802,14247.1
151Y003,1.2.3.4.2. 예금은행 지역별 가계대출(말잔),11110A0,주택관련대출-예금은행,C00,대구,,,,,십억원,,200802,9227
151Y003,1.2.3.4.2. 예금은행 지역별 가계대출(말잔),11110A0,주택관련대출-예금은행,D00,인천,,,,,십억원,,200802,15247.7
151Y003,1.2.3.4.2. 예금은행 지역별 가계대출(말잔),11110A0,주택관련대출-예금은행,E00,대전,,,,,십억원,,200802,4973.3
151Y003,1.2.3.4.2. 예금은행 지역별 가계대출(말잔),11110A0,주택관련대출-예금은행,F00,광주,,,,,십억원,,200802,3806.2
151Y003,1.2.3.4.2. 예금은행 지역별 가계대출(말잔),11110A0,주택관련대출-예금은행,G00,울산,,,,,십억원,,200802,3645.3
151Y003,1.2.3.4.2. 예금은행 지역별 가계대출(말잔),11110A0,주택관련대출-예금은행,L00,경기,,,,,십억원,,200802,69250.3
151Y003,1.2.3.4.2. 예금은행 지역별 가계대출(말잔),11110A0,주택관련대출-예금은행,M00,강원,,,,,십억원,,200802,2723.4
151Y003,1.2.3.4.2. 예금은행 지역별 가계대출(말잔),11110A0,주택관련대출-예금은행,N00,충북,,,,,십억원,,200802,3078.9
151Y003,1.2.3.4.2. 예금은행 지역별 가계대출(말잔),11110A0,주택관련대출-예금은행,P00,충남,,,,,십억원,,200802,5174.8
151Y003,1.2.3.4.2. 예금은행 지역별 가계대출(말잔),11110A0,주택관련대출-예금은행,Q00,전북,,,,,십억원,,200802,2709.1
151Y003,1.2.3.4.2. 예금은행 지역별 가계대출(말잔),11110A0,주택관련대출-예금은행,R00,전남,,,,,십억원,,200802,1489.6
151Y003,1.2.3.4.2. 예금은행 지역별 가계대출(말잔),11110A0,주택관련대출-예금은행,S00,경북,,,,,십억원,,200802,3362.2
151Y003,1.2.3.4.2. 예금은행 지역별 가계대출(말잔),11110A0,주택관련대출-예금은행,T00,경남,,,,,십억원,,200802,7658.3
151Y003,1.2.3.4.2. 예금은행 지역별 가계대출(말잔),11110A0,주택관련대출-예금은행,U00,제주,,,,,십억원,,200802,603.7
151Y003,1.2.3.4.2. 예금은행 지역별 가계대출(말잔),11110A0,주택관련대출-예금은행,A00,서울,,,,,십억원,,200803,97170.5
151Y003,1.2.3.4.2. 예금은행 지역별 가계대출(말잔),11110A0,주택관련대출-예금은행,B00,부산,,,,,십억원,,200803,14292.2
151Y003,1.2.3.4.2. 예금은행 지역별 가계대출(말잔),11110A0,주택관련대출-예금은행,C00,대구,,,,,십억원,,200803,9167.2
151Y003,1.2.3.4.2. 예금은행 지역별 가계대출(말잔),11110A0,주택관련대출-예금은행,D00,인천,,,,,십억원,,200803,15246.1
151Y003,1.2.3.4.2. 예금은행 지역별 가계대출(말잔),11110A0,주택관련대출-예금은행,E00,대전,,,,,십억원,,200803,4953.2
151Y003,1.2.3.4.2. 예금은행 지역별 가계대출(말잔),11110A0,주택관련대출-예금은행,F00,광주,,,,,십억원,,200803,3859.1
151Y003,1.2.3.4.2. 예금은행 지역별 가계대출(말잔),11110A0,주택관련대출-예금은행,G00,울산,,,,,십억원,,200803,3619.8
151Y003,1.2.3.4.2. 예금은행 지역별 가계대출(말잔),11110A0,주택관련대출-예금은행,L00,경기,,,,,십억원,,200803,69585.4
151Y003,1.2.3.4.2. 예금은행 지역별 가계대출(말잔),11110A0,주택관련대출-예금은행,M00,강원,,,,,십억원,,200803,2674.2
151Y003,1.2.3.4.2. 예금은행 지역별 가계대출(말잔),11110A0,주택관련대출-예금은행,N00,충북,,,,,십억원,,200803,3155.4
151Y003,1.2.3.4.2. 예금은행 지역별 가계대출(말잔),11110A0,주택관련대출-예금은행,P00,충남,,,,,십억원,,200803,5200.4
151Y003,1.2.3.4.2. 예금은행 지역별 가계대출(말잔),11110A0,주택관련대출-예금은행,Q00,전북,,,,,십억원,,200803,2713.5
151Y003,1.2.3.4.2. 예금은행 지역별 가계대출(말잔),11110A0,주택관련대출-예금은행,R00,전남,,,,,십억원,,200803,1482.1
151Y003,1.2.3.4.2. 예금은행 지역별 가계대출(말잔),11110A0,주택관련대출-예금은행,S00,경북,,,,,십억원,,200803,3424.5
151Y003,1.2.3.4.2. 예금은행 지역별 가계대출(말잔),11110A0,주택관련대출-예금은행,T00,경남,,,,,십억원,,200803,7677.8
151Y003,1.2.3.4.2. 예금은행 지역별 가계대출(말잔),11110A0,주택관련대출-예금은행,U00,제주,,,,,십억원,,200803,599
151Y003,1.2.3.4.2. 예금은행 지역별 가계대출(말잔),11110A0,주택관련대출-예금은행,A00,서울,,,,,십억원,,200804,97992.5
151Y003,1.2.3.4.2. 예금은행 지역별 가계대출(말잔),11110A0,주택관련대출-예금은행,B00,부산,,,,,십억원,,200804,14420.3
151Y003,1.2.3.4.2. 예금은행 지역별 가계대출(말잔),11110A0,주택관련대출-예금은행,C00,대구,,,,,십억원,,200804,9201
151Y003,1.2.3.4.2. 예금은행 지역별 가계대출(말잔),11110A0,주택관련대출-예금은행,D00,인천,,,,,십억원,,200804,15275.8
151Y003,1.2.3.4.2. 예금은행 지역별 가계대출(말잔),11110A0,주택관련대출-예금은행,E00,대전,,,,,십억원,,200804,4959.6
151Y003,1.2.3.4.2. 예금은행 지역별 가계대출(말잔),11110A0,주택관련대출-예금은행,F00,광주,,,,,십억원,,200804,3902.2
151Y003,1.2.3.4.2. 예금은행 지역별 가계대출(말잔),11110A0,주택관련대출-예금은행,G00,울산,,,,,십억원,,200804,3658.7
151Y003,1.2.3.4.2. 예금은행 지역별 가계대출(말잔),11110A0,주택관련대출-예금은행,L00,경기,,,,,십억원,,200804,70249.1
151Y003,1.2.3.4.2. 예금은행 지역별 가계대출(말잔),11110A0,주택관련대출-예금은행,M00,강원,,,,,십억원,,200804,2645.1
151Y003,1.2.3.4.2. 예금은행 지역별 가계대출(말잔),11110A0,주택관련대출-예금은행,N00,충북,,,,,십억원,,200804,3164.5
151Y003,1.2.3.4.2. 예금은행 지역별 가계대출(말잔),11110A0,주택관련대출-예금은행,P00,충남,,,,,십억원,,200804,5272.7
151Y003,1.2.3.4.2. 예금은행 지역별 가계대출(말잔),11110A0,주택관련대출-예금은행,Q00,전북,,,,,십억원,,200804,2767.9
151Y003,1.2.3.4.2. 예금은행 지역별 가계대출(말잔),11110A0,주택관련대출-예금은행,R00,전남,,,,,십억원,,200804,1489.2
151Y003,1.2.3.4.2. 예금은행 지역별 가계대출(말잔),11110A0,주택관련대출-예금은행,S00,경북,,,,,십억원,,200804,3451.3
151Y003,1.2.3.4.2. 예금은행 지역별 가계대출(말잔),11110A0,주택관련대출-예금은행,T00,경남,,,,,십억원,,200804,7732.8
151Y003,1.2.3.4.2. 예금은행 지역별 가계대출(말잔),11110A0,주택관련대출-예금은행,U00,제주,,,,,십억원,,200804,592.2
151Y003,1.2.3.4.2. 예금은행 지역별 가계대출(말잔),11110A0,주택관련대출-예금은행,A00,서울,,,,,십억원,,200805,98450.7
151Y003,1.2.3.4.2. 예금은행 지역별 가계대출(말잔),11110A0,주택관련대출-예금은행,B00,부산,,,,,십억원,,200805,14353.9
151Y003,1.2.3.4.2. 예금은행 지역별 가계대출(말잔),11110A0,주택관련대출-예금은행,C00,대구,,,,,십억원,,200805,9136.2
151Y003,1.2.3.4.2. 예금은행 지역별 가계대출(말잔),11110A0,주택관련대출-예금은행,D00,인천,,,,,십억원,,200805,15409.7
151Y003,1.2.3.4.2. 예금은행 지역별 가계대출(말잔),11110A0,주택관련대출-예금은행,E00,대전,,,,,십억원,,200805,4935.1
151Y003,1.2.3.4.2. 예금은행 지역별 가계대출(말잔),11110A0,주택관련대출-예금은행,F00,광주,,,,,십억원,,200805,3924.6
151Y003,1.2.3.4.2. 예금은행 지역별 가계대출(말잔),11110A0,주택관련대출-예금은행,G00,울산,,,,,십억원,,200805,3766.3
151Y003,1.2.3.4.2. 예금은행 지역별 가계대출(말잔),11110A0,주택관련대출-예금은행,L00,경기,,,,,십억원,,200805,70815.1
151Y003,1.2.3.4.2. 예금은행 지역별 가계대출(말잔),11110A0,주택관련대출-예금은행,M00,강원,,,,,십억원,,200805,2611.3
151Y003,1.2.3.4.2. 예금은행 지역별 가계대출(말잔),11110A0,주택관련대출-예금은행,N00,충북,,,,,십억원,,200805,3202
151Y003,1.2.3.4.2. 예금은행 지역별 가계대출(말잔),11110A0,주택관련대출-예금은행,P00,충남,,,,,십억원,,200805,5311.7
151Y003,1.2.3.4.2. 예금은행 지역별 가계대출(말잔),11110A0,주택관련대출-예금은행,Q00,전북,,,,,십억원,,200805,2796
151Y003,1.2.3.4.2. 예금은행 지역별 가계대출(말잔),11110A0,주택관련대출-예금은행,R00,전남,,,,,십억원,,200805,1526.5
151Y003,1.2.3.4.2. 예금은행 지역별 가계대출(말잔),11110A0,주택관련대출-예금은행,S00,경북,,,,,십억원,,200805,3507
151Y003,1.2.3.4.2. 예금은행 지역별 가계대출(말잔),11110A0,주택관련대출-예금은행,T00,경남,,,,,십억원,,200805,7736.9
151Y003,1.2.3.4.2. 예금은행 지역별 가계대출(말잔),11110A0,주택관련대출-예금은행,U00,제주,,,,,십억원,,200805,584.7
151Y003,1.2.3.4.2. 예금은행 지역별 가계대출(말잔),11110A0,주택관련대출-예금은행,A00,서울,,,,,십억원,,200806,98569.3
151Y003,1.2.3.4.2. 예금은행 지역별 가계대출(말잔),11110A0,주택관련대출-예금은행,B00,부산,,,,,십억원,,200806,14363.8
151Y003,1.2.3.4.2. 예금은행 지역별 가계대출(말잔),11110A0,주택관련대출-예금은행,C00,대구,,,,,십억원,,200806,9190.4
151Y003,1.2.3.4.2. 예금은행 지역별 가계대출(말잔),11110A0,주택관련대출-예금은행,D00,인천,,,,,십억원,,200806,15499.2
151Y003,1.2.3.4.2. 예금은행 지역별 가계대출(말잔),11110A0,주택관련대출-예금은행,E00,대전,,,,,십억원,,200806,4951.2
151Y003,1.2.3.4.2. 예금은행 지역별 가계대출(말잔),11110A0,주택관련대출-예금은행,F00,광주,,,,,십억원,,200806,3941.4
151Y003,1.2.3.4.2. 예금은행 지역별 가계대출(말잔),11110A0,주택관련대출-예금은행,G00,울산,,,,,십억원,,200806,3784
151Y003,1.2.3.4.2. 예금은행 지역별 가계대출(말잔),11110A0,주택관련대출-예금은행,L00,경기,,,,,십억원,,200806,70982.4
151Y003,1.2.3.4.2. 예금은행 지역별 가계대출(말잔),11110A0,주택관련대출-예금은행,M00,강원,,,,,십억원,,200806,2571.5
151Y003,1.2.3.4.2. 예금은행 지역별 가계대출(말잔),11110A0,주택관련대출-예금은행,N00,충북,,,,,십억원,,200806,3213
151Y003,1.2.3.4.2. 예금은행 지역별 가계대출(말잔),11110A0,주택관련대출-예금은행,P00,충남,,,,,십억원,,200806,5447.7
151Y003,1.2.3.4.2. 예금은행 지역별 가계대출(말잔),11110A0,주택관련대출-예금은행,Q00,전북,,,,,십억원,,200806,2848.9
151Y003,1.2.3.4.2. 예금은행 지역별 가계대출(말잔),11110A0,주택관련대출-예금은행,R00,전남,,,,,십억원,,200806,1519.3
151Y003,1.2.3.4.2. 예금은행 지역별 가계대출(말잔),11110A0,주택관련대출-예금은행,S00,경북,,,,,십억원,,200806,3574.1
151Y003,1.2.3.4.2. 예금은행 지역별 가계대출(말잔),11110A0,주택관련대출-예금은행,T00,경남,,,,,십억원,,200806,7715.8
151Y003,1.2.3.4.2. 예금은행 지역별 가계대출(말잔),11110A0,주택관련대출-예금은행,U00,제주,,,,,십억원,,200806,576.3
151Y003,1.2.3.4.2. 예금은행 지역별 가계대출(말잔),11110A0,주택관련대출-예금은행,A00,서울,,,,,십억원,,200807,99316.9
151Y003,1.2.3.4.2. 예금은행 지역별 가계대출(말잔),11110A0,주택관련대출-예금은행,B00,부산,,,,,십억원,,200807,14373.8
151Y003,1.2.3.4.2. 예금은행 지역별 가계대출(말잔),11110A0,주택관련대출-예금은행,C00,대구,,,,,십억원,,200807,9136.7
151Y003,1.2.3.4.2. 예금은행 지역별 가계대출(말잔),11110A0,주택관련대출-예금은행,D00,인천,,,,,십억원,,200807,15563.7
151Y003,1.2.3.4.2. 예금은행 지역별 가계대출(말잔),11110A0,주택관련대출-예금은행,E00,대전,,,,,십억원,,200807,4932.2
151Y003,1.2.3.4.2. 예금은행 지역별 가계대출(말잔),11110A0,주택관련대출-예금은행,F00,광주,,,,,십억원,,200807,4001.1
151Y003,1.2.3.4.2. 예금은행 지역별 가계대출(말잔),11110A0,주택관련대출-예금은행,G00,울산,,,,,십억원,,200807,3839.6
151Y003,1.2.3.4.2. 예금은행 지역별 가계대출(말잔),11110A0,주택관련대출-예금은행,L00,경기,,,,,십억원,,200807,71788
151Y003,1.2.3.4.2. 예금은행 지역별 가계대출(말잔),11110A0,주택관련대출-예금은행,M00,강원,,,,,십억원,,200807,2584.7
151Y003,1.2.3.4.2. 예금은행 지역별 가계대출(말잔),11110A0,주택관련대출-예금은행,N00,충북,,,,,십억원,,200807,3208
151Y003,1.2.3.4.2. 예금은행 지역별 가계대출(말잔),11110A0,주택관련대출-예금은행,P00,충남,,,,,십억원,,200807,5465
151Y003,1.2.3.4.2. 예금은행 지역별 가계대출(말잔),11110A0,주택관련대출-예금은행,Q00,전북,,,,,십억원,,200807,2892.8
151Y003,1.2.3.4.2. 예금은행 지역별 가계대출(말잔),11110A0,주택관련대출-예금은행,R00,전남,,,,,십억원,,200807,1511.1
151Y003,1.2.3.4.2. 예금은행 지역별 가계대출(말잔),11110A0,주택관련대출-예금은행,S00,경북,,,,,십억원,,200807,3614.8
151Y003,1.2.3.4.2. 예금은행 지역별 가계대출(말잔),11110A0,주택관련대출-예금은행,T00,경남,,,,,십억원,,200807,7706.1
151Y003,1.2.3.4.2. 예금은행 지역별 가계대출(말잔),11110A0,주택관련대출-예금은행,U00,제주,,,,,십억원,,200807,572.3
151Y003,1.2.3.4.2. 예금은행 지역별 가계대출(말잔),11110A0,주택관련대출-예금은행,A00,서울,,,,,십억원,,200808,99405.5
151Y003,1.2.3.4.2. 예금은행 지역별 가계대출(말잔),11110A0,주택관련대출-예금은행,B00,부산,,,,,십억원,,200808,14442.4
151Y003,1.2.3.4.2. 예금은행 지역별 가계대출(말잔),11110A0,주택관련대출-예금은행,C00,대구,,,,,십억원,,200808,9094.5
151Y003,1.2.3.4.2. 예금은행 지역별 가계대출(말잔),11110A0,주택관련대출-예금은행,D00,인천,,,,,십억원,,200808,15604.8
151Y003,1.2.3.4.2. 예금은행 지역별 가계대출(말잔),11110A0,주택관련대출-예금은행,E00,대전,,,,,십억원,,200808,4939.1
151Y003,1.2.3.4.2. 예금은행 지역별 가계대출(말잔),11110A0,주택관련대출-예금은행,F00,광주,,,,,십억원,,200808,4006
151Y003,1.2.3.4.2. 예금은행 지역별 가계대출(말잔),11110A0,주택관련대출-예금은행,G00,울산,,,,,십억원,,200808,3821
151Y003,1.2.3.4.2. 예금은행 지역별 가계대출(말잔),11110A0,주택관련대출-예금은행,L00,경기,,,,,십억원,,200808,71987.7
151Y003,1.2.3.4.2. 예금은행 지역별 가계대출(말잔),11110A0,주택관련대출-예금은행,M00,강원,,,,,십억원,,200808,2576.8
151Y003,1.2.3.4.2. 예금은행 지역별 가계대출(말잔),11110A0,주택관련대출-예금은행,N00,충북,,,,,십억원,,200808,3257.6
151Y003,1.2.3.4.2. 예금은행 지역별 가계대출(말잔),11110A0,주택관련대출-예금은행,P00,충남,,,,,십억원,,200808,5524.9
151Y003,1.2.3.4.2. 예금은행 지역별 가계대출(말잔),11110A0,주택관련대출-예금은행,Q00,전북,,,,,십억원,,200808,2916.8
151Y003,1.2.3.4.2. 예금은행 지역별 가계대출(말잔),11110A0,주택관련대출-예금은행,R00,전남,,,,,십억원,,200808,1490.2
151Y003,1.2.3.4.2. 예금은행 지역별 가계대출(말잔),11110A0,주택관련대출-예금은행,S00,경북,,,,,십억원,,200808,3624.7
151Y003,1.2.3.4.2. 예금은행 지역별 가계대출(말잔),11110A0,주택관련대출-예금은행,T00,경남,,,,,십억원,,200808,7804.3
151Y003,1.2.3.4.2. 예금은행 지역별 가계대출(말잔),11110A0,주택관련대출-예금은행,U00,제주,,,,,십억원,,200808,566.8
151Y003,1.2.3.4.2. 예금은행 지역별 가계대출(말잔),11110A0,주택관련대출-예금은행,A00,서울,,,,,십억원,,200809,99560.3
151Y003,1.2.3.4.2. 예금은행 지역별 가계대출(말잔),11110A0,주택관련대출-예금은행,B00,부산,,,,,십억원,,200809,14439.4
151Y003,1.2.3.4.2. 예금은행 지역별 가계대출(말잔),11110A0,주택관련대출-예금은행,C00,대구,,,,,십억원,,200809,9065.7
151Y003,1.2.3.4.2. 예금은행 지역별 가계대출(말잔),11110A0,주택관련대출-예금은행,D00,인천,,,,,십억원,,200809,15701.6
151Y003,1.2.3.4.2. 예금은행 지역별 가계대출(말잔),11110A0,주택관련대출-예금은행,E00,대전,,,,,십억원,,200809,4914.1
151Y003,1.2.3.4.2. 예금은행 지역별 가계대출(말잔),11110A0,주택관련대출-예금은행,F00,광주,,,,,십억원,,200809,4017.1
151Y003,1.2.3.4.2. 예금은행 지역별 가계대출(말잔),11110A0,주택관련대출-예금은행,G00,울산,,,,,십억원,,200809,3816.3
151Y003,1.2.3.4.2. 예금은행 지역별 가계대출(말잔),11110A0,주택관련대출-예금은행,L00,경기,,,,,십억원,,200809,72711.5
151Y003,1.2.3.4.2. 예금은행 지역별 가계대출(말잔),11110A0,주택관련대출-예금은행,M00,강원,,,,,십억원,,200809,2580.4
151Y003,1.2.3.4.2. 예금은행 지역별 가계대출(말잔),11110A0,주택관련대출-예금은행,N00,충북,,,,,십억원,,200809,3263.6
151Y003,1.2.3.4.2. 예금은행 지역별 가계대출(말잔),11110A0,주택관련대출-예금은행,P00,충남,,,,,십억원,,200809,5606.8
151Y003,1.2.3.4.2. 예금은행 지역별 가계대출(말잔),11110A0,주택관련대출-예금은행,Q00,전북,,,,,십억원,,200809,2903.4
151Y003,1.2.3.4.2. 예금은행 지역별 가계대출(말잔),11110A0,주택관련대출-예금은행,R00,전남,,,,,십억원,,200809,1480.3
151Y003,1.2.3.4.2. 예금은행 지역별 가계대출(말잔),11110A0,주택관련대출-예금은행,S00,경북,,,,,십억원,,200809,3626.9
151Y003,1.2.3.4.2. 예금은행 지역별 가계대출(말잔),11110A0,주택관련대출-예금은행,T00,경남,,,,,십억원,,200809,7742.2
151Y003,1.2.3.4.2. 예금은행 지역별 가계대출(말잔),11110A0,주택관련대출-예금은행,U00,제주,,,,,십억원,,200809,560.3
151Y003,1.2.3.4.2. 예금은행 지역별 가계대출(말잔),11110A0,주택관련대출-예금은행,A00,서울,,,,,십억원,,200810,99493.3
151Y003,1.2.3.4.2. 예금은행 지역별 가계대출(말잔),11110A0,주택관련대출-예금은행,B00,부산,,,,,십억원,,200810,14417.5
151Y003,1.2.3.4.2. 예금은행 지역별 가계대출(말잔),11110A0,주택관련대출-예금은행,C00,대구,,,,,십억원,,200810,8940.6
151Y003,1.2.3.4.2. 예금은행 지역별 가계대출(말잔),11110A0,주택관련대출-예금은행,D00,인천,,,,,십억원,,200810,15776.6
151Y003,1.2.3.4.2. 예금은행 지역별 가계대출(말잔),11110A0,주택관련대출-예금은행,E00,대전,,,,,십억원,,200810,4910.1
151Y003,1.2.3.4.2. 예금은행 지역별 가계대출(말잔),11110A0,주택관련대출-예금은행,F00,광주,,,,,십억원,,200810,4009.2
151Y003,1.2.3.4.2. 예금은행 지역별 가계대출(말잔),11110A0,주택관련대출-예금은행,G00,울산,,,,,십억원,,200810,3915.5
151Y003,1.2.3.4.2. 예금은행 지역별 가계대출(말잔),11110A0,주택관련대출-예금은행,L00,경기,,,,,십억원,,200810,72964
151Y003,1.2.3.4.2. 예금은행 지역별 가계대출(말잔),11110A0,주택관련대출-예금은행,M00,강원,,,,,십억원,,200810,2579.1
151Y003,1.2.3.4.2. 예금은행 지역별 가계대출(말잔),11110A0,주택관련대출-예금은행,N00,충북,,,,,십억원,,200810,3286.5
151Y003,1.2.3.4.2. 예금은행 지역별 가계대출(말잔),11110A0,주택관련대출-예금은행,P00,충남,,,,,십억원,,200810,5663.1
151Y003,1.2.3.4.2. 예금은행 지역별 가계대출(말잔),11110A0,주택관련대출-예금은행,Q00,전북,,,,,십억원,,200810,2889.7
151Y003,1.2.3.4.2. 예금은행 지역별 가계대출(말잔),11110A0,주택관련대출-예금은행,R00,전남,,,,,십억원,,200810,1450.6
151Y003,1.2.3.4.2. 예금은행 지역별 가계대출(말잔),11110A0,주택관련대출-예금은행,S00,경북,,,,,십억원,,200810,3602
151Y003,1.2.3.4.2. 예금은행 지역별 가계대출(말잔),11110A0,주택관련대출-예금은행,T00,경남,,,,,십억원,,200810,7692.9
151Y003,1.2.3.4.2. 예금은행 지역별 가계대출(말잔),11110A0,주택관련대출-예금은행,U00,제주,,,,,십억원,,200810,555.7
151Y003,1.2.3.4.2. 예금은행 지역별 가계대출(말잔),11110A0,주택관련대출-예금은행,A00,서울,,,,,십억원,,200811,99825.6
151Y003,1.2.3.4.2. 예금은행 지역별 가계대출(말잔),11110A0,주택관련대출-예금은행,B00,부산,,,,,십억원,,200811,14538
151Y003,1.2.3.4.2. 예금은행 지역별 가계대출(말잔),11110A0,주택관련대출-예금은행,C00,대구,,,,,십억원,,200811,8841.3
151Y003,1.2.3.4.2. 예금은행 지역별 가계대출(말잔),11110A0,주택관련대출-예금은행,D00,인천,,,,,십억원,,200811,15823.3
151Y003,1.2.3.4.2. 예금은행 지역별 가계대출(말잔),11110A0,주택관련대출-예금은행,E00,대전,,,,,십억원,,200811,4883.8
151Y003,1.2.3.4.2. 예금은행 지역별 가계대출(말잔),11110A0,주택관련대출-예금은행,F00,광주,,,,,십억원,,200811,4020.1
151Y003,1.2.3.4.2. 예금은행 지역별 가계대출(말잔),11110A0,주택관련대출-예금은행,G00,울산,,,,,십억원,,200811,3918.3
151Y003,1.2.3.4.2. 예금은행 지역별 가계대출(말잔),11110A0,주택관련대출-예금은행,L00,경기,,,,,십억원,,200811,73717.4
151Y003,1.2.3.4.2. 예금은행 지역별 가계대출(말잔),11110A0,주택관련대출-예금은행,M00,강원,,,,,십억원,,200811,2569.8
151Y003,1.2.3.4.2. 예금은행 지역별 가계대출(말잔),11110A0,주택관련대출-예금은행,N00,충북,,,,,십억원,,200811,3278.6
151Y003,1.2.3.4.2. 예금은행 지역별 가계대출(말잔),11110A0,주택관련대출-예금은행,P00,충남,,,,,십억원,,200811,5753.2
151Y003,1.2.3.4.2. 예금은행 지역별 가계대출(말잔),11110A0,주택관련대출-예금은행,Q00,전북,,,,,십억원,,200811,2812.5
151Y003,1.2.3.4.2. 예금은행 지역별 가계대출(말잔),11110A0,주택관련대출-예금은행,R00,전남,,,,,십억원,,200811,1436.5
151Y003,1.2.3.4.2. 예금은행 지역별 가계대출(말잔),11110A0,주택관련대출-예금은행,S00,경북,,,,,십억원,,200811,3596.5
151Y003,1.2.3.4.2. 예금은행 지역별 가계대출(말잔),11110A0,주택관련대출-예금은행,T00,경남,,,,,십억원,,200811,7651.3
151Y003,1.2.3.4.2. 예금은행 지역별 가계대출(말잔),11110A0,주택관련대출-예금은행,U00,제주,,,,,십억원,,200811,553.9
151Y003,1.2.3.4.2. 예금은행 지역별 가계대출(말잔),11110A0,주택관련대출-예금은행,A00,서울,,,,,십억원,,200812,100188.8
151Y003,1.2.3.4.2. 예금은행 지역별 가계대출(말잔),11110A0,주택관련대출-예금은행,B00,부산,,,,,십억원,,200812,14525.9
151Y003,1.2.3.4.2. 예금은행 지역별 가계대출(말잔),11110A0,주택관련대출-예금은행,C00,대구,,,,,십억원,,200812,8847.3
151Y003,1.2.3.4.2. 예금은행 지역별 가계대출(말잔),11110A0,주택관련대출-예금은행,D00,인천,,,,,십억원,,200812,16134.6
151Y003,1.2.3.4.2. 예금은행 지역별 가계대출(말잔),11110A0,주택관련대출-예금은행,E00,대전,,,,,십억원,,200812,4930
151Y003,1.2.3.4.2. 예금은행 지역별 가계대출(말잔),11110A0,주택관련대출-예금은행,F00,광주,,,,,십억원,,200812,3997.8
151Y003,1.2.3.4.2. 예금은행 지역별 가계대출(말잔),11110A0,주택관련대출-예금은행,G00,울산,,,,,십억원,,200812,3942.1
151Y003,1.2.3.4.2. 예금은행 지역별 가계대출(말잔),11110A0,주택관련대출-예금은행,L00,경기,,,,,십억원,,200812,74606.6
151Y003,1.2.3.4.2. 예금은행 지역별 가계대출(말잔),11110A0,주택관련대출-예금은행,M00,강원,,,,,십억원,,200812,2557.8
151Y003,1.2.3.4.2. 예금은행 지역별 가계대출(말잔),11110A0,주택관련대출-예금은행,N00,충북,,,,,십억원,,200812,3298.4
151Y003,1.2.3.4.2. 예금은행 지역별 가계대출(말잔),11110A0,주택관련대출-예금은행,P00,충남,,,,,십억원,,200812,5830.5
151Y003,1.2.3.4.2. 예금은행 지역별 가계대출(말잔),11110A0,주택관련대출-예금은행,Q00,전북,,,,,십억원,,200812,2780.8
151Y003,1.2.3.4.2. 예금은행 지역별 가계대출(말잔),11110A0,주택관련대출-예금은행,R00,전남,,,,,십억원,,200812,1430.8
151Y003,1.2.3.4.2. 예금은행 지역별 가계대출(말잔),11110A0,주택관련대출-예금은행,S00,경북,,,,,십억원,,200812,3494.7
151Y003,1.2.3.4.2. 예금은행 지역별 가계대출(말잔),11110A0,주택관련대출-예금은행,T00,경남,,,,,십억원,,200812,7621.8
151Y003,1.2.3.4.2. 예금은행 지역별 가계대출(말잔),11110A0,주택관련대출-예금은행,U00,제주,,,,,십억원,,200812,547.7
151Y003,1.2.3.4.2. 예금은행 지역별 가계대출(말잔),11110A0,주택관련대출-예금은행,A00,서울,,,,,십억원,,200901,101080.8
151Y003,1.2.3.4.2. 예금은행 지역별 가계대출(말잔),11110A0,주택관련대출-예금은행,B00,부산,,,,,십억원,,200901,14527.2
151Y003,1.2.3.4.2. 예금은행 지역별 가계대출(말잔),11110A0,주택관련대출-예금은행,C00,대구,,,,,십억원,,200901,8785.7
151Y003,1.2.3.4.2. 예금은행 지역별 가계대출(말잔),11110A0,주택관련대출-예금은행,D00,인천,,,,,십억원,,200901,16278.2
151Y003,1.2.3.4.2. 예금은행 지역별 가계대출(말잔),11110A0,주택관련대출-예금은행,E00,대전,,,,,십억원,,200901,4918.2
151Y003,1.2.3.4.2. 예금은행 지역별 가계대출(말잔),11110A0,주택관련대출-예금은행,F00,광주,,,,,십억원,,200901,3955.8
151Y003,1.2.3.4.2. 예금은행 지역별 가계대출(말잔),11110A0,주택관련대출-예금은행,G00,울산,,,,,십억원,,200901,3880.9
151Y003,1.2.3.4.2. 예금은행 지역별 가계대출(말잔),11110A0,주택관련대출-예금은행,L00,경기,,,,,십억원,,200901,75019.8
151Y003,1.2.3.4.2. 예금은행 지역별 가계대출(말잔),11110A0,주택관련대출-예금은행,M00,강원,,,,,십억원,,200901,2551.9
151Y003,1.2.3.4.2. 예금은행 지역별 가계대출(말잔),11110A0,주택관련대출-예금은행,N00,충북,,,,,십억원,,200901,3338.9
151Y003,1.2.3.4.2. 예금은행 지역별 가계대출(말잔),11110A0,주택관련대출-예금은행,P00,충남,,,,,십억원,,200901,5873.8
151Y003,1.2.3.4.2. 예금은행 지역별 가계대출(말잔),11110A0,주택관련대출-예금은행,Q00,전북,,,,,십억원,,200901,2757.6
151Y003,1.2.3.4.2. 예금은행 지역별 가계대출(말잔),11110A0,주택관련대출-예금은행,R00,전남,,,,,십억원,,200901,1432.2
151Y003,1.2.3.4.2. 예금은행 지역별 가계대출(말잔),11110A0,주택관련대출-예금은행,S00,경북,,,,,십억원,,200901,3469.1
151Y003,1.2.3.4.2. 예금은행 지역별 가계대출(말잔),11110A0,주택관련대출-예금은행,T00,경남,,,,,십억원,,200901,7593.2
151Y003,1.2.3.4.2. 예금은행 지역별 가계대출(말잔),11110A0,주택관련대출-예금은행,U00,제주,,,,,십억원,,200901,544
151Y003,1.2.3.4.2. 예금은행 지역별 가계대출(말잔),11110A0,주택관련대출-예금은행,A00,서울,,,,,십억원,,200902,101387.2
151Y003,1.2.3.4.2. 예금은행 지역별 가계대출(말잔),11110A0,주택관련대출-예금은행,B00,부산,,,,,십억원,,200902,14684.4
151Y003,1.2.3.4.2. 예금은행 지역별 가계대출(말잔),11110A0,주택관련대출-예금은행,C00,대구,,,,,십억원,,200902,8735.6
151Y003,1.2.3.4.2. 예금은행 지역별 가계대출(말잔),11110A0,주택관련대출-예금은행,D00,인천,,,,,십억원,,200902,16738
151Y003,1.2.3.4.2. 예금은행 지역별 가계대출(말잔),11110A0,주택관련대출-예금은행,E00,대전,,,,,십억원,,200902,4976.2
151Y003,1.2.3.4.2. 예금은행 지역별 가계대출(말잔),11110A0,주택관련대출-예금은행,F00,광주,,,,,십억원,,200902,3851.5
151Y003,1.2.3.4.2. 예금은행 지역별 가계대출(말잔),11110A0,주택관련대출-예금은행,G00,울산,,,,,십억원,,200902,3910.2
151Y003,1.2.3.4.2. 예금은행 지역별 가계대출(말잔),11110A0,주택관련대출-예금은행,L00,경기,,,,,십억원,,200902,76634.6
151Y003,1.2.3.4.2. 예금은행 지역별 가계대출(말잔),11110A0,주택관련대출-예금은행,M00,강원,,,,,십억원,,200902,2552.4
151Y003,1.2.3.4.2. 예금은행 지역별 가계대출(말잔),11110A0,주택관련대출-예금은행,N00,충북,,,,,십억원,,200902,3339.7
151Y003,1.2.3.4.2. 예금은행 지역별 가계대출(말잔),11110A0,주택관련대출-예금은행,P00,충남,,,,,십억원,,200902,5963.7
151Y003,1.2.3.4.2. 예금은행 지역별 가계대출(말잔),11110A0,주택관련대출-예금은행,Q00,전북,,,,,십억원,,200902,2763.1
151Y003,1.2.3.4.2. 예금은행 지역별 가계대출(말잔),11110A0,주택관련대출-예금은행,R00,전남,,,,,십억원,,200902,1425.1
151Y003,1.2.3.4.2. 예금은행 지역별 가계대출(말잔),11110A0,주택관련대출-예금은행,S00,경북,,,,,십억원,,200902,3463.8
151Y003,1.2.3.4.2. 예금은행 지역별 가계대출(말잔),11110A0,주택관련대출-예금은행,T00,경남,,,,,십억원,,200902,7543.4
151Y003,1.2.3.4.2. 예금은행 지역별 가계대출(말잔),11110A0,주택관련대출-예금은행,U00,제주,,,,,십억원,,200902,542
151Y003,1.2.3.4.2. 예금은행 지역별 가계대출(말잔),11110A0,주택관련대출-예금은행,A00,서울,,,,,십억원,,200903,101945.1
151Y003,1.2.3.4.2. 예금은행 지역별 가계대출(말잔),11110A0,주택관련대출-예금은행,B00,부산,,,,,십억원,,200903,14762.9
151Y003,1.2.3.4.2. 예금은행 지역별 가계대출(말잔),11110A0,주택관련대출-예금은행,C00,대구,,,,,십억원,,200903,8690.5
151Y003,1.2.3.4.2. 예금은행 지역별 가계대출(말잔),11110A0,주택관련대출-예금은행,D00,인천,,,,,십억원,,200903,17009.4
151Y003,1.2.3.4.2. 예금은행 지역별 가계대출(말잔),11110A0,주택관련대출-예금은행,E00,대전,,,,,십억원,,200903,4994.4
151Y003,1.2.3.4.2. 예금은행 지역별 가계대출(말잔),11110A0,주택관련대출-예금은행,F00,광주,,,,,십억원,,200903,3847.7
151Y003,1.2.3.4.2. 예금은행 지역별 가계대출(말잔),11110A0,주택관련대출-예금은행,G00,울산,,,,,십억원,,200903,3945.3
151Y003,1.2.3.4.2. 예금은행 지역별 가계대출(말잔),11110A0,주택관련대출-예금은행,L00,경기,,,,,십억원,,200903,77671.9
151Y003,1.2.3.4.2. 예금은행 지역별 가계대출(말잔),11110A0,주택관련대출-예금은행,M00,강원,,,,,십억원,,200903,2548.9
151Y003,1.2.3.4.2. 예금은행 지역별 가계대출(말잔),11110A0,주택관련대출-예금은행,N00,충북,,,,,십억원,,200903,3348.7
151Y003,1.2.3.4.2. 예금은행 지역별 가계대출(말잔),11110A0,주택관련대출-예금은행,P00,충남,,,,,십억원,,200903,5982.6
151Y003,1.2.3.4.2. 예금은행 지역별 가계대출(말잔),11110A0,주택관련대출-예금은행,Q00,전북,,,,,십억원,,200903,2756.7
151Y003,1.2.3.4.2. 예금은행 지역별 가계대출(말잔),11110A0,주택관련대출-예금은행,R00,전남,,,,,십억원,,200903,1441.9
151Y003,1.2.3.4.2. 예금은행 지역별 가계대출(말잔),11110A0,주택관련대출-예금은행,S00,경북,,,,,십억원,,200903,3431.5
151Y003,1.2.3.4.2. 예금은행 지역별 가계대출(말잔),11110A0,주택관련대출-예금은행,T00,경남,,,,,십억원,,200903,7520.5
151Y003,1.2.3.4.2. 예금은행 지역별 가계대출(말잔),11110A0,주택관련대출-예금은행,U00,제주,,,,,십억원,,200903,545.8
151Y003,1.2.3.4.2. 예금은행 지역별 가계대출(말잔),11110A0,주택관련대출-예금은행,A00,서울,,,,,십억원,,200904,102043.7
151Y003,1.2.3.4.2. 예금은행 지역별 가계대출(말잔),11110A0,주택관련대출-예금은행,B00,부산,,,,,십억원,,200904,14755.4
151Y003,1.2.3.4.2. 예금은행 지역별 가계대출(말잔),11110A0,주택관련대출-예금은행,C00,대구,,,,,십억원,,200904,8638.8
151Y003,1.2.3.4.2. 예금은행 지역별 가계대출(말잔),11110A0,주택관련대출-예금은행,D00,인천,,,,,십억원,,200904,17111.1
151Y003,1.2.3.4.2. 예금은행 지역별 가계대출(말잔),11110A0,주택관련대출-예금은행,E00,대전,,,,,십억원,,200904,5030.8
151Y003,1.2.3.4.2. 예금은행 지역별 가계대출(말잔),11110A0,주택관련대출-예금은행,F00,광주,,,,,십억원,,200904,3873.9
151Y003,1.2.3.4.2. 예금은행 지역별 가계대출(말잔),11110A0,주택관련대출-예금은행,G00,울산,,,,,십억원,,200904,3969.1
151Y003,1.2.3.4.2. 예금은행 지역별 가계대출(말잔),11110A0,주택관련대출-예금은행,L00,경기,,,,,십억원,,200904,78299.1
151Y003,1.2.3.4.2. 예금은행 지역별 가계대출(말잔),11110A0,주택관련대출-예금은행,M00,강원,,,,,십억원,,200904,2503.8
151Y003,1.2.3.4.2. 예금은행 지역별 가계대출(말잔),11110A0,주택관련대출-예금은행,N00,충북,,,,,십억원,,200904,3396.6
151Y003,1.2.3.4.2. 예금은행 지역별 가계대출(말잔),11110A0,주택관련대출-예금은행,P00,충남,,,,,십억원,,200904,6068
151Y003,1.2.3.4.2. 예금은행 지역별 가계대출(말잔),11110A0,주택관련대출-예금은행,Q00,전북,,,,,십억원,,200904,2745.8
151Y003,1.2.3.4.2. 예금은행 지역별 가계대출(말잔),11110A0,주택관련대출-예금은행,R00,전남,,,,,십억원,,200904,1432.3
151Y003,1.2.3.4.2. 예금은행 지역별 가계대출(말잔),11110A0,주택관련대출-예금은행,S00,경북,,,,,십억원,,200904,3401.3
151Y003,1.2.3.4.2. 예금은행 지역별 가계대출(말잔),11110A0,주택관련대출-예금은행,T00,경남,,,,,십억원,,200904,7407.5
151Y003,1.2.3.4.2. 예금은행 지역별 가계대출(말잔),11110A0,주택관련대출-예금은행,U00,제주,,,,,십억원,,200904,543.8
151Y003,1.2.3.4.2. 예금은행 지역별 가계대출(말잔),11110A0,주택관련대출-예금은행,A00,서울,,,,,십억원,,200905,102798.2
151Y003,1.2.3.4.2. 예금은행 지역별 가계대출(말잔),11110A0,주택관련대출-예금은행,B00,부산,,,,,십억원,,200905,14768.4
151Y003,1.2.3.4.2. 예금은행 지역별 가계대출(말잔),11110A0,주택관련대출-예금은행,C00,대구,,,,,십억원,,200905,8718
151Y003,1.2.3.4.2. 예금은행 지역별 가계대출(말잔),11110A0,주택관련대출-예금은행,D00,인천,,,,,십억원,,200905,17293.6
151Y003,1.2.3.4.2. 예금은행 지역별 가계대출(말잔),11110A0,주택관련대출-예금은행,E00,대전,,,,,십억원,,200905,5072.3
151Y003,1.2.3.4.2. 예금은행 지역별 가계대출(말잔),11110A0,주택관련대출-예금은행,F00,광주,,,,,십억원,,200905,3878.7
151Y003,1.2.3.4.2. 예금은행 지역별 가계대출(말잔),11110A0,주택관련대출-예금은행,G00,울산,,,,,십억원,,200905,4008.7
151Y003,1.2.3.4.2. 예금은행 지역별 가계대출(말잔),11110A0,주택관련대출-예금은행,L00,경기,,,,,십억원,,200905,79246.1
151Y003,1.2.3.4.2. 예금은행 지역별 가계대출(말잔),11110A0,주택관련대출-예금은행,M00,강원,,,,,십억원,,200905,2501.2
151Y003,1.2.3.4.2. 예금은행 지역별 가계대출(말잔),11110A0,주택관련대출-예금은행,N00,충북,,,,,십억원,,200905,3399.3
151Y003,1.2.3.4.2. 예금은행 지역별 가계대출(말잔),11110A0,주택관련대출-예금은행,P00,충남,,,,,십억원,,200905,6137.3
151Y003,1.2.3.4.2. 예금은행 지역별 가계대출(말잔),11110A0,주택관련대출-예금은행,Q00,전북,,,,,십억원,,200905,2770.1
151Y003,1.2.3.4.2. 예금은행 지역별 가계대출(말잔),11110A0,주택관련대출-예금은행,R00,전남,,,,,십억원,,200905,1437.7
151Y003,1.2.3.4.2. 예금은행 지역별 가계대출(말잔),11110A0,주택관련대출-예금은행,S00,경북,,,,,십억원,,200905,3396.7
151Y003,1.2.3.4.2. 예금은행 지역별 가계대출(말잔),11110A0,주택관련대출-예금은행,T00,경남,,,,,십억원,,200905,7371
151Y003,1.2.3.4.2. 예금은행 지역별 가계대출(말잔),11110A0,주택관련대출-예금은행,U00,제주,,,,,십억원,,200905,544.1
151Y003,1.2.3.4.2. 예금은행 지역별 가계대출(말잔),11110A0,주택관련대출-예금은행,A00,서울,,,,,십억원,,200906,103796.6
151Y003,1.2.3.4.2. 예금은행 지역별 가계대출(말잔),11110A0,주택관련대출-예금은행,B00,부산,,,,,십억원,,200906,14792.1
151Y003,1.2.3.4.2. 예금은행 지역별 가계대출(말잔),11110A0,주택관련대출-예금은행,C00,대구,,,,,십억원,,200906,8733.6
151Y003,1.2.3.4.2. 예금은행 지역별 가계대출(말잔),11110A0,주택관련대출-예금은행,D00,인천,,,,,십억원,,200906,17782.4
151Y003,1.2.3.4.2. 예금은행 지역별 가계대출(말잔),11110A0,주택관련대출-예금은행,E00,대전,,,,,십억원,,200906,5126.2
151Y003,1.2.3.4.2. 예금은행 지역별 가계대출(말잔),11110A0,주택관련대출-예금은행,F00,광주,,,,,십억원,,200906,3871.4
151Y003,1.2.3.4.2. 예금은행 지역별 가계대출(말잔),11110A0,주택관련대출-예금은행,G00,울산,,,,,십억원,,200906,4111.2
151Y003,1.2.3.4.2. 예금은행 지역별 가계대출(말잔),11110A0,주택관련대출-예금은행,L00,경기,,,,,십억원,,200906,80608.7
151Y003,1.2.3.4.2. 예금은행 지역별 가계대출(말잔),11110A0,주택관련대출-예금은행,M00,강원,,,,,십억원,,200906,2509.3
151Y003,1.2.3.4.2. 예금은행 지역별 가계대출(말잔),11110A0,주택관련대출-예금은행,N00,충북,,,,,십억원,,200906,3426.4
151Y003,1.2.3.4.2. 예금은행 지역별 가계대출(말잔),11110A0,주택관련대출-예금은행,P00,충남,,,,,십억원,,200906,6164.7
151Y003,1.2.3.4.2. 예금은행 지역별 가계대출(말잔),11110A0,주택관련대출-예금은행,Q00,전북,,,,,십억원,,200906,2774.4
151Y003,1.2.3.4.2. 예금은행 지역별 가계대출(말잔),11110A0,주택관련대출-예금은행,R00,전남,,,,,십억원,,200906,1446.8
151Y003,1.2.3.4.2. 예금은행 지역별 가계대출(말잔),11110A0,주택관련대출-예금은행,S00,경북,,,,,십억원,,200906,3402.2
151Y003,1.2.3.4.2. 예금은행 지역별 가계대출(말잔),11110A0,주택관련대출-예금은행,T00,경남,,,,,십억원,,200906,7391.1
151Y003,1.2.3.4.2. 예금은행 지역별 가계대출(말잔),11110A0,주택관련대출-예금은행,U00,제주,,,,,십억원,,200906,548.1
151Y003,1.2.3.4.2. 예금은행 지역별 가계대출(말잔),11110A0,주택관련대출-예금은행,A00,서울,,,,,십억원,,200907,104939.9
151Y003,1.2.3.4.2. 예금은행 지역별 가계대출(말잔),11110A0,주택관련대출-예금은행,B00,부산,,,,,십억원,,200907,14971.9
151Y003,1.2.3.4.2. 예금은행 지역별 가계대출(말잔),11110A0,주택관련대출-예금은행,C00,대구,,,,,십억원,,200907,8662.4
151Y003,1.2.3.4.2. 예금은행 지역별 가계대출(말잔),11110A0,주택관련대출-예금은행,D00,인천,,,,,십억원,,200907,18090.5
151Y003,1.2.3.4.2. 예금은행 지역별 가계대출(말잔),11110A0,주택관련대출-예금은행,E00,대전,,,,,십억원,,200907,5146.8
151Y003,1.2.3.4.2. 예금은행 지역별 가계대출(말잔),11110A0,주택관련대출-예금은행,F00,광주,,,,,십억원,,200907,3890.7
151Y003,1.2.3.4.2. 예금은행 지역별 가계대출(말잔),11110A0,주택관련대출-예금은행,G00,울산,,,,,십억원,,200907,4104.7
151Y003,1.2.3.4.2. 예금은행 지역별 가계대출(말잔),11110A0,주택관련대출-예금은행,L00,경기,,,,,십억원,,200907,81920.5
151Y003,1.2.3.4.2. 예금은행 지역별 가계대출(말잔),11110A0,주택관련대출-예금은행,M00,강원,,,,,십억원,,200907,2511.9
151Y003,1.2.3.4.2. 예금은행 지역별 가계대출(말잔),11110A0,주택관련대출-예금은행,N00,충북,,,,,십억원,,200907,3438.3
151Y003,1.2.3.4.2. 예금은행 지역별 가계대출(말잔),11110A0,주택관련대출-예금은행,P00,충남,,,,,십억원,,200907,6228
151Y003,1.2.3.4.2. 예금은행 지역별 가계대출(말잔),11110A0,주택관련대출-예금은행,Q00,전북,,,,,십억원,,200907,2799.3
151Y003,1.2.3.4.2. 예금은행 지역별 가계대출(말잔),11110A0,주택관련대출-예금은행,R00,전남,,,,,십억원,,200907,1473.2
151Y003,1.2.3.4.2. 예금은행 지역별 가계대출(말잔),11110A0,주택관련대출-예금은행,S00,경북,,,,,십억원,,200907,3392.3
151Y003,1.2.3.4.2. 예금은행 지역별 가계대출(말잔),11110A0,주택관련대출-예금은행,T00,경남,,,,,십억원,,200907,7372.8
151Y003,1.2.3.4.2. 예금은행 지역별 가계대출(말잔),11110A0,주택관련대출-예금은행,U00,제주,,,,,십억원,,200907,551.2
151Y003,1.2.3.4.2. 예금은행 지역별 가계대출(말잔),11110A0,주택관련대출-예금은행,A00,서울,,,,,십억원,,200908,105451
151Y003,1.2.3.4.2. 예금은행 지역별 가계대출(말잔),11110A0,주택관련대출-예금은행,B00,부산,,,,,십억원,,200908,14992.5
151Y003,1.2.3.4.2. 예금은행 지역별 가계대출(말잔),11110A0,주택관련대출-예금은행,C00,대구,,,,,십억원,,200908,8669.3
151Y003,1.2.3.4.2. 예금은행 지역별 가계대출(말잔),11110A0,주택관련대출-예금은행,D00,인천,,,,,십억원,,200908,18515.1
151Y003,1.2.3.4.2. 예금은행 지역별 가계대출(말잔),11110A0,주택관련대출-예금은행,E00,대전,,,,,십억원,,200908,5225.1
151Y003,1.2.3.4.2. 예금은행 지역별 가계대출(말잔),11110A0,주택관련대출-예금은행,F00,광주,,,,,십억원,,200908,3874.3
151Y003,1.2.3.4.2. 예금은행 지역별 가계대출(말잔),11110A0,주택관련대출-예금은행,G00,울산,,,,,십억원,,200908,4161.3
151Y003,1.2.3.4.2. 예금은행 지역별 가계대출(말잔),11110A0,주택관련대출-예금은행,L00,경기,,,,,십억원,,200908,83232.1
151Y003,1.2.3.4.2. 예금은행 지역별 가계대출(말잔),11110A0,주택관련대출-예금은행,M00,강원,,,,,십억원,,200908,2477.1
151Y003,1.2.3.4.2. 예금은행 지역별 가계대출(말잔),11110A0,주택관련대출-예금은행,N00,충북,,,,,십억원,,200908,3484.9
151Y003,1.2.3.4.2. 예금은행 지역별 가계대출(말잔),11110A0,주택관련대출-예금은행,P00,충남,,,,,십억원,,200908,6268.5
151Y003,1.2.3.4.2. 예금은행 지역별 가계대출(말잔),11110A0,주택관련대출-예금은행,Q00,전북,,,,,십억원,,200908,2833.7
151Y003,1.2.3.4.2. 예금은행 지역별 가계대출(말잔),11110A0,주택관련대출-예금은행,R00,전남,,,,,십억원,,200908,1466
151Y003,1.2.3.4.2. 예금은행 지역별 가계대출(말잔),11110A0,주택관련대출-예금은행,S00,경북,,,,,십억원,,200908,3323.8
151Y003,1.2.3.4.2. 예금은행 지역별 가계대출(말잔),11110A0,주택관련대출-예금은행,T00,경남,,,,,십억원,,200908,7355.9
151Y003,1.2.3.4.2. 예금은행 지역별 가계대출(말잔),11110A0,주택관련대출-예금은행,U00,제주,,,,,십억원,,200908,549.5
151Y003,1.2.3.4.2. 예금은행 지역별 가계대출(말잔),11110A0,주택관련대출-예금은행,A00,서울,,,,,십억원,,200909,104466.8
151Y003,1.2.3.4.2. 예금은행 지역별 가계대출(말잔),11110A0,주택관련대출-예금은행,B00,부산,,,,,십억원,,200909,14807.3
151Y003,1.2.3.4.2. 예금은행 지역별 가계대출(말잔),11110A0,주택관련대출-예금은행,C00,대구,,,,,십억원,,200909,8642.1
151Y003,1.2.3.4.2. 예금은행 지역별 가계대출(말잔),11110A0,주택관련대출-예금은행,D00,인천,,,,,십억원,,200909,18493.1
151Y003,1.2.3.4.2. 예금은행 지역별 가계대출(말잔),11110A0,주택관련대출-예금은행,E00,대전,,,,,십억원,,200909,5201
151Y003,1.2.3.4.2. 예금은행 지역별 가계대출(말잔),11110A0,주택관련대출-예금은행,F00,광주,,,,,십억원,,200909,3911.4
151Y003,1.2.3.4.2. 예금은행 지역별 가계대출(말잔),11110A0,주택관련대출-예금은행,G00,울산,,,,,십억원,,200909,4106.9
151Y003,1.2.3.4.2. 예금은행 지역별 가계대출(말잔),11110A0,주택관련대출-예금은행,L00,경기,,,,,십억원,,200909,82983.8
151Y003,1.2.3.4.2. 예금은행 지역별 가계대출(말잔),11110A0,주택관련대출-예금은행,M00,강원,,,,,십억원,,200909,2405.6
151Y003,1.2.3.4.2. 예금은행 지역별 가계대출(말잔),11110A0,주택관련대출-예금은행,N00,충북,,,,,십억원,,200909,3492.6
151Y003,1.2.3.4.2. 예금은행 지역별 가계대출(말잔),11110A0,주택관련대출-예금은행,P00,충남,,,,,십억원,,200909,6287.4
151Y003,1.2.3.4.2. 예금은행 지역별 가계대출(말잔),11110A0,주택관련대출-예금은행,Q00,전북,,,,,십억원,,200909,2798.7
151Y003,1.2.3.4.2. 예금은행 지역별 가계대출(말잔),11110A0,주택관련대출-예금은행,R00,전남,,,,,십억원,,200909,1429.3
151Y003,1.2.3.4.2. 예금은행 지역별 가계대출(말잔),11110A0,주택관련대출-예금은행,S00,경북,,,,,십억원,,200909,3243.3
151Y003,1.2.3.4.2. 예금은행 지역별 가계대출(말잔),11110A0,주택관련대출-예금은행,T00,경남,,,,,십억원,,200909,7237.6
151Y003,1.2.3.4.2. 예금은행 지역별 가계대출(말잔),11110A0,주택관련대출-예금은행,U00,제주,,,,,십억원,,200909,541.9
151Y003,1.2.3.4.2. 예금은행 지역별 가계대출(말잔),11110A0,주택관련대출-예금은행,A00,서울,,,,,십억원,,200910,104677.8
151Y003,1.2.3.4.2. 예금은행 지역별 가계대출(말잔),11110A0,주택관련대출-예금은행,B00,부산,,,,,십억원,,200910,15056.2
151Y003,1.2.3.4.2. 예금은행 지역별 가계대출(말잔),11110A0,주택관련대출-예금은행,C00,대구,,,,,십억원,,200910,8648.9
151Y003,1.2.3.4.2. 예금은행 지역별 가계대출(말잔),11110A0,주택관련대출-예금은행,D00,인천,,,,,십억원,,200910,18783.9
151Y003,1.2.3.4.2. 예금은행 지역별 가계대출(말잔),11110A0,주택관련대출-예금은행,E00,대전,,,,,십억원,,200910,5227.7
151Y003,1.2.3.4.2. 예금은행 지역별 가계대출(말잔),11110A0,주택관련대출-예금은행,F00,광주,,,,,십억원,,200910,3811.7
151Y003,1.2.3.4.2. 예금은행 지역별 가계대출(말잔),11110A0,주택관련대출-예금은행,G00,울산,,,,,십억원,,200910,3916.9
151Y003,1.2.3.4.2. 예금은행 지역별 가계대출(말잔),11110A0,주택관련대출-예금은행,L00,경기,,,,,십억원,,200910,83739.3
151Y003,1.2.3.4.2. 예금은행 지역별 가계대출(말잔),11110A0,주택관련대출-예금은행,M00,강원,,,,,십억원,,200910,2385
151Y003,1.2.3.4.2. 예금은행 지역별 가계대출(말잔),11110A0,주택관련대출-예금은행,N00,충북,,,,,십억원,,200910,3457.6
151Y003,1.2.3.4.2. 예금은행 지역별 가계대출(말잔),11110A0,주택관련대출-예금은행,P00,충남,,,,,십억원,,200910,6343.9
151Y003,1.2.3.4.2. 예금은행 지역별 가계대출(말잔),11110A0,주택관련대출-예금은행,Q00,전북,,,,,십억원,,200910,2788.2
151Y003,1.2.3.4.2. 예금은행 지역별 가계대출(말잔),11110A0,주택관련대출-예금은행,R00,전남,,,,,십억원,,200910,1411.1
151Y003,1.2.3.4.2. 예금은행 지역별 가계대출(말잔),11110A0,주택관련대출-예금은행,S00,경북,,,,,십억원,,200910,3234.6
151Y003,1.2.3.4.2. 예금은행 지역별 가계대출(말잔),11110A0,주택관련대출-예금은행,T00,경남,,,,,십억원,,200910,7217.3
151Y003,1.2.3.4.2. 예금은행 지역별 가계대출(말잔),11110A0,주택관련대출-예금은행,U00,제주,,,,,십억원,,200910,543.5
151Y003,1.2.3.4.2. 예금은행 지역별 가계대출(말잔),11110A0,주택관련대출-예금은행,A00,서울,,,,,십억원,,200911,104934.1
151Y003,1.2.3.4.2. 예금은행 지역별 가계대출(말잔),11110A0,주택관련대출-예금은행,B00,부산,,,,,십억원,,200911,15040.2
151Y003,1.2.3.4.2. 예금은행 지역별 가계대출(말잔),11110A0,주택관련대출-예금은행,C00,대구,,,,,십억원,,200911,8646.7
151Y003,1.2.3.4.2. 예금은행 지역별 가계대출(말잔),11110A0,주택관련대출-예금은행,D00,인천,,,,,십억원,,200911,18997.2
151Y003,1.2.3.4.2. 예금은행 지역별 가계대출(말잔),11110A0,주택관련대출-예금은행,E00,대전,,,,,십억원,,200911,5277.6
151Y003,1.2.3.4.2. 예금은행 지역별 가계대출(말잔),11110A0,주택관련대출-예금은행,F00,광주,,,,,십억원,,200911,3827.2
151Y003,1.2.3.4.2. 예금은행 지역별 가계대출(말잔),11110A0,주택관련대출-예금은행,G00,울산,,,,,십억원,,200911,3974.8
151Y003,1.2.3.4.2. 예금은행 지역별 가계대출(말잔),11110A0,주택관련대출-예금은행,L00,경기,,,,,십억원,,200911,84238
151Y003,1.2.3.4.2. 예금은행 지역별 가계대출(말잔),11110A0,주택관련대출-예금은행,M00,강원,,,,,십억원,,200911,2369.7
151Y003,1.2.3.4.2. 예금은행 지역별 가계대출(말잔),11110A0,주택관련대출-예금은행,N00,충북,,,,,십억원,,200911,3465.5
151Y003,1.2.3.4.2. 예금은행 지역별 가계대출(말잔),11110A0,주택관련대출-예금은행,P00,충남,,,,,십억원,,200911,6410.2
151Y003,1.2.3.4.2. 예금은행 지역별 가계대출(말잔),11110A0,주택관련대출-예금은행,Q00,전북,,,,,십억원,,200911,2790.9
151Y003,1.2.3.4.2. 예금은행 지역별 가계대출(말잔),11110A0,주택관련대출-예금은행,R00,전남,,,,,십억원,,200911,1418.5
151Y003,1.2.3.4.2. 예금은행 지역별 가계대출(말잔),11110A0,주택관련대출-예금은행,S00,경북,,,,,십억원,,200911,3236.9
151Y003,1.2.3.4.2. 예금은행 지역별 가계대출(말잔),11110A0,주택관련대출-예금은행,T00,경남,,,,,십억원,,200911,7183.5
151Y003,1.2.3.4.2. 예금은행 지역별 가계대출(말잔),11110A0,주택관련대출-예금은행,U00,제주,,,,,십억원,,200911,541.7
151Y003,1.2.3.4.2. 예금은행 지역별 가계대출(말잔),11110A0,주택관련대출-예금은행,A00,서울,,,,,십억원,,200912,104954.8
151Y003,1.2.3.4.2. 예금은행 지역별 가계대출(말잔),11110A0,주택관련대출-예금은행,B00,부산,,,,,십억원,,200912,15000.1
151Y003,1.2.3.4.2. 예금은행 지역별 가계대출(말잔),11110A0,주택관련대출-예금은행,C00,대구,,,,,십억원,,200912,8705.6
151Y003,1.2.3.4.2. 예금은행 지역별 가계대출(말잔),11110A0,주택관련대출-예금은행,D00,인천,,,,,십억원,,200912,19243.9
151Y003,1.2.3.4.2. 예금은행 지역별 가계대출(말잔),11110A0,주택관련대출-예금은행,E00,대전,,,,,십억원,,200912,5301.1
151Y003,1.2.3.4.2. 예금은행 지역별 가계대출(말잔),11110A0,주택관련대출-예금은행,F00,광주,,,,,십억원,,200912,3846.2
151Y003,1.2.3.4.2. 예금은행 지역별 가계대출(말잔),11110A0,주택관련대출-예금은행,G00,울산,,,,,십억원,,200912,3960.9
151Y003,1.2.3.4.2. 예금은행 지역별 가계대출(말잔),11110A0,주택관련대출-예금은행,L00,경기,,,,,십억원,,200912,85288.6
151Y003,1.2.3.4.2. 예금은행 지역별 가계대출(말잔),11110A0,주택관련대출-예금은행,M00,강원,,,,,십억원,,200912,2353.9
151Y003,1.2.3.4.2. 예금은행 지역별 가계대출(말잔),11110A0,주택관련대출-예금은행,N00,충북,,,,,십억원,,200912,3463.4
151Y003,1.2.3.4.2. 예금은행 지역별 가계대출(말잔),11110A0,주택관련대출-예금은행,P00,충남,,,,,십억원,,200912,6416.1
151Y003,1.2.3.4.2. 예금은행 지역별 가계대출(말잔),11110A0,주택관련대출-예금은행,Q00,전북,,,,,십억원,,200912,2805.9
151Y003,1.2.3.4.2. 예금은행 지역별 가계대출(말잔),11110A0,주택관련대출-예금은행,R00,전남,,,,,십억원,,200912,1434.3
151Y003,1.2.3.4.2. 예금은행 지역별 가계대출(말잔),11110A0,주택관련대출-예금은행,S00,경북,,,,,십억원,,200912,3217.6
151Y003,1.2.3.4.2. 예금은행 지역별 가계대출(말잔),11110A0,주택관련대출-예금은행,T00,경남,,,,,십억원,,200912,7150.9
151Y003,1.2.3.4.2. 예금은행 지역별 가계대출(말잔),11110A0,주택관련대출-예금은행,U00,제주,,,,,십억원,,200912,543.6
151Y003,1.2.3.4.2. 예금은행 지역별 가계대출(말잔),11110A0,주택관련대출-예금은행,A00,서울,,,,,십억원,,201001,105038.1
151Y003,1.2.3.4.2. 예금은행 지역별 가계대출(말잔),11110A0,주택관련대출-예금은행,B00,부산,,,,,십억원,,201001,14926.5
151Y003,1.2.3.4.2. 예금은행 지역별 가계대출(말잔),11110A0,주택관련대출-예금은행,C00,대구,,,,,십억원,,201001,8626.9
151Y003,1.2.3.4.2. 예금은행 지역별 가계대출(말잔),11110A0,주택관련대출-예금은행,D00,인천,,,,,십억원,,201001,19267.8
151Y003,1.2.3.4.2. 예금은행 지역별 가계대출(말잔),11110A0,주택관련대출-예금은행,E00,대전,,,,,십억원,,201001,5294.4
151Y003,1.2.3.4.2. 예금은행 지역별 가계대출(말잔),11110A0,주택관련대출-예금은행,F00,광주,,,,,십억원,,201001,3811.8
151Y003,1.2.3.4.2. 예금은행 지역별 가계대출(말잔),11110A0,주택관련대출-예금은행,G00,울산,,,,,십억원,,201001,3983
151Y003,1.2.3.4.2. 예금은행 지역별 가계대출(말잔),11110A0,주택관련대출-예금은행,L00,경기,,,,,십억원,,201001,85519.3
151Y003,1.2.3.4.2. 예금은행 지역별 가계대출(말잔),11110A0,주택관련대출-예금은행,M00,강원,,,,,십억원,,201001,2329.9
151Y003,1.2.3.4.2. 예금은행 지역별 가계대출(말잔),11110A0,주택관련대출-예금은행,N00,충북,,,,,십억원,,201001,3427.9
151Y003,1.2.3.4.2. 예금은행 지역별 가계대출(말잔),11110A0,주택관련대출-예금은행,P00,충남,,,,,십억원,,201001,6487.4
151Y003,1.2.3.4.2. 예금은행 지역별 가계대출(말잔),11110A0,주택관련대출-예금은행,Q00,전북,,,,,십억원,,201001,2791.5
151Y003,1.2.3.4.2. 예금은행 지역별 가계대출(말잔),11110A0,주택관련대출-예금은행,R00,전남,,,,,십억원,,201001,1421.9
151Y003,1.2.3.4.2. 예금은행 지역별 가계대출(말잔),11110A0,주택관련대출-예금은행,S00,경북,,,,,십억원,,201001,3211.2
151Y003,1.2.3.4.2. 예금은행 지역별 가계대출(말잔),11110A0,주택관련대출-예금은행,T00,경남,,,,,십억원,,201001,7145.3
151Y003,1.2.3.4.2. 예금은행 지역별 가계대출(말잔),11110A0,주택관련대출-예금은행,U00,제주,,,,,십억원,,201001,539.3
151Y003,1.2.3.4.2. 예금은행 지역별 가계대출(말잔),11110A0,주택관련대출-예금은행,A00,서울,,,,,십억원,,201002,105176.7
151Y003,1.2.3.4.2. 예금은행 지역별 가계대출(말잔),11110A0,주택관련대출-예금은행,B00,부산,,,,,십억원,,201002,15009.7
151Y003,1.2.3.4.2. 예금은행 지역별 가계대출(말잔),11110A0,주택관련대출-예금은행,C00,대구,,,,,십억원,,201002,8586.3
151Y003,1.2.3.4.2. 예금은행 지역별 가계대출(말잔),11110A0,주택관련대출-예금은행,D00,인천,,,,,십억원,,201002,19510.9
151Y003,1.2.3.4.2. 예금은행 지역별 가계대출(말잔),11110A0,주택관련대출-예금은행,E00,대전,,,,,십억원,,201002,5345.6
151Y003,1.2.3.4.2. 예금은행 지역별 가계대출(말잔),11110A0,주택관련대출-예금은행,F00,광주,,,,,십억원,,201002,3761.4
151Y003,1.2.3.4.2. 예금은행 지역별 가계대출(말잔),11110A0,주택관련대출-예금은행,G00,울산,,,,,십억원,,201002,3955
151Y003,1.2.3.4.2. 예금은행 지역별 가계대출(말잔),11110A0,주택관련대출-예금은행,L00,경기,,,,,십억원,,201002,85422
151Y003,1.2.3.4.2. 예금은행 지역별 가계대출(말잔),11110A0,주택관련대출-예금은행,M00,강원,,,,,십억원,,201002,2305.4
151Y003,1.2.3.4.2. 예금은행 지역별 가계대출(말잔),11110A0,주택관련대출-예금은행,N00,충북,,,,,십억원,,201002,3432.9
151Y003,1.2.3.4.2. 예금은행 지역별 가계대출(말잔),11110A0,주택관련대출-예금은행,P00,충남,,,,,십억원,,201002,6499.5
151Y003,1.2.3.4.2. 예금은행 지역별 가계대출(말잔),11110A0,주택관련대출-예금은행,Q00,전북,,,,,십억원,,201002,2795.9
151Y003,1.2.3.4.2. 예금은행 지역별 가계대출(말잔),11110A0,주택관련대출-예금은행,R00,전남,,,,,십억원,,201002,1420.6
151Y003,1.2.3.4.2. 예금은행 지역별 가계대출(말잔),11110A0,주택관련대출-예금은행,S00,경북,,,,,십억원,,201002,3196.6
151Y003,1.2.3.4.2. 예금은행 지역별 가계대출(말잔),11110A0,주택관련대출-예금은행,T00,경남,,,,,십억원,,201002,7174.5
151Y003,1.2.3.4.2. 예금은행 지역별 가계대출(말잔),11110A0,주택관련대출-예금은행,U00,제주,,,,,십억원,,201002,535.6
151Y003,1.2.3.4.2. 예금은행 지역별 가계대출(말잔),11110A0,주택관련대출-예금은행,A00,서울,,,,,십억원,,201003,105835.4
151Y003,1.2.3.4.2. 예금은행 지역별 가계대출(말잔),11110A0,주택관련대출-예금은행,B00,부산,,,,,십억원,,201003,15076.3
151Y003,1.2.3.4.2. 예금은행 지역별 가계대출(말잔),11110A0,주택관련대출-예금은행,C00,대구,,,,,십억원,,201003,8557.8
151Y003,1.2.3.4.2. 예금은행 지역별 가계대출(말잔),11110A0,주택관련대출-예금은행,D00,인천,,,,,십억원,,201003,19832.4
151Y003,1.2.3.4.2. 예금은행 지역별 가계대출(말잔),11110A0,주택관련대출-예금은행,E00,대전,,,,,십억원,,201003,5369.2
151Y003,1.2.3.4.2. 예금은행 지역별 가계대출(말잔),11110A0,주택관련대출-예금은행,F00,광주,,,,,십억원,,201003,3685.6
151Y003,1.2.3.4.2. 예금은행 지역별 가계대출(말잔),11110A0,주택관련대출-예금은행,G00,울산,,,,,십억원,,201003,3932.6
151Y003,1.2.3.4.2. 예금은행 지역별 가계대출(말잔),11110A0,주택관련대출-예금은행,L00,경기,,,,,십억원,,201003,85807.6
151Y003,1.2.3.4.2. 예금은행 지역별 가계대출(말잔),11110A0,주택관련대출-예금은행,M00,강원,,,,,십억원,,201003,2297.1
151Y003,1.2.3.4.2. 예금은행 지역별 가계대출(말잔),11110A0,주택관련대출-예금은행,N00,충북,,,,,십억원,,201003,3455.4
151Y003,1.2.3.4.2. 예금은행 지역별 가계대출(말잔),11110A0,주택관련대출-예금은행,P00,충남,,,,,십억원,,201003,6492.1
151Y003,1.2.3.4.2. 예금은행 지역별 가계대출(말잔),11110A0,주택관련대출-예금은행,Q00,전북,,,,,십억원,,201003,2808.9
151Y003,1.2.3.4.2. 예금은행 지역별 가계대출(말잔),11110A0,주택관련대출-예금은행,R00,전남,,,,,십억원,,201003,1437.8
151Y003,1.2.3.4.2. 예금은행 지역별 가계대출(말잔),11110A0,주택관련대출-예금은행,S00,경북,,,,,십억원,,201003,3169
151Y003,1.2.3.4.2. 예금은행 지역별 가계대출(말잔),11110A0,주택관련대출-예금은행,T00,경남,,,,,십억원,,201003,7175.8
151Y003,1.2.3.4.2. 예금은행 지역별 가계대출(말잔),11110A0,주택관련대출-예금은행,U00,제주,,,,,십억원,,201003,535.9
151Y003,1.2.3.4.2. 예금은행 지역별 가계대출(말잔),11110A0,주택관련대출-예금은행,A00,서울,,,,,십억원,,201004,106304.1
151Y003,1.2.3.4.2. 예금은행 지역별 가계대출(말잔),11110A0,주택관련대출-예금은행,B00,부산,,,,,십억원,,201004,15172.6
151Y003,1.2.3.4.2. 예금은행 지역별 가계대출(말잔),11110A0,주택관련대출-예금은행,C00,대구,,,,,십억원,,201004,8520
151Y003,1.2.3.4.2. 예금은행 지역별 가계대출(말잔),11110A0,주택관련대출-예금은행,D00,인천,,,,,십억원,,201004,20086.9
151Y003,1.2.3.4.2. 예금은행 지역별 가계대출(말잔),11110A0,주택관련대출-예금은행,E00,대전,,,,,십억원,,201004,5441.4
151Y003,1.2.3.4.2. 예금은행 지역별 가계대출(말잔),11110A0,주택관련대출-예금은행,F00,광주,,,,,십억원,,201004,3674
151Y003,1.2.3.4.2. 예금은행 지역별 가계대출(말잔),11110A0,주택관련대출-예금은행,G00,울산,,,,,십억원,,201004,3927.5
151Y003,1.2.3.4.2. 예금은행 지역별 가계대출(말잔),11110A0,주택관련대출-예금은행,L00,경기,,,,,십억원,,201004,86425
151Y003,1.2.3.4.2. 예금은행 지역별 가계대출(말잔),11110A0,주택관련대출-예금은행,M00,강원,,,,,십억원,,201004,2288.3
151Y003,1.2.3.4.2. 예금은행 지역별 가계대출(말잔),11110A0,주택관련대출-예금은행,N00,충북,,,,,십억원,,201004,3455.1
151Y003,1.2.3.4.2. 예금은행 지역별 가계대출(말잔),11110A0,주택관련대출-예금은행,P00,충남,,,,,십억원,,201004,6501.8
151Y003,1.2.3.4.2. 예금은행 지역별 가계대출(말잔),11110A0,주택관련대출-예금은행,Q00,전북,,,,,십억원,,201004,2823.5
151Y003,1.2.3.4.2. 예금은행 지역별 가계대출(말잔),11110A0,주택관련대출-예금은행,R00,전남,,,,,십억원,,201004,1446.7
151Y003,1.2.3.4.2. 예금은행 지역별 가계대출(말잔),11110A0,주택관련대출-예금은행,S00,경북,,,,,십억원,,201004,3138.7
151Y003,1.2.3.4.2. 예금은행 지역별 가계대출(말잔),11110A0,주택관련대출-예금은행,T00,경남,,,,,십억원,,201004,7182.8
151Y003,1.2.3.4.2. 예금은행 지역별 가계대출(말잔),11110A0,주택관련대출-예금은행,U00,제주,,,,,십억원,,201004,539.3
151Y003,1.2.3.4.2. 예금은행 지역별 가계대출(말잔),11110A0,주택관련대출-예금은행,A00,서울,,,,,십억원,,201005,106695
151Y003,1.2.3.4.2. 예금은행 지역별 가계대출(말잔),11110A0,주택관련대출-예금은행,B00,부산,,,,,십억원,,201005,15283.4
151Y003,1.2.3.4.2. 예금은행 지역별 가계대출(말잔),11110A0,주택관련대출-예금은행,C00,대구,,,,,십억원,,201005,8508.2
151Y003,1.2.3.4.2. 예금은행 지역별 가계대출(말잔),11110A0,주택관련대출-예금은행,D00,인천,,,,,십억원,,201005,20323.2
151Y003,1.2.3.4.2. 예금은행 지역별 가계대출(말잔),11110A0,주택관련대출-예금은행,E00,대전,,,,,십억원,,201005,5491.4
151Y003,1.2.3.4.2. 예금은행 지역별 가계대출(말잔),11110A0,주택관련대출-예금은행,F00,광주,,,,,십억원,,201005,3720.5
151Y003,1.2.3.4.2. 예금은행 지역별 가계대출(말잔),11110A0,주택관련대출-예금은행,G00,울산,,,,,십억원,,201005,3941.9
151Y003,1.2.3.4.2. 예금은행 지역별 가계대출(말잔),11110A0,주택관련대출-예금은행,L00,경기,,,,,십억원,,201005,86852.3
151Y003,1.2.3.4.2. 예금은행 지역별 가계대출(말잔),11110A0,주택관련대출-예금은행,M00,강원,,,,,십억원,,201005,2296.2
151Y003,1.2.3.4.2. 예금은행 지역별 가계대출(말잔),11110A0,주택관련대출-예금은행,N00,충북,,,,,십억원,,201005,3490.6
151Y003,1.2.3.4.2. 예금은행 지역별 가계대출(말잔),11110A0,주택관련대출-예금은행,P00,충남,,,,,십억원,,201005,6501.9
151Y003,1.2.3.4.2. 예금은행 지역별 가계대출(말잔),11110A0,주택관련대출-예금은행,Q00,전북,,,,,십억원,,201005,2825
151Y003,1.2.3.4.2. 예금은행 지역별 가계대출(말잔),11110A0,주택관련대출-예금은행,R00,전남,,,,,십억원,,201005,1454.3
151Y003,1.2.3.4.2. 예금은행 지역별 가계대출(말잔),11110A0,주택관련대출-예금은행,S00,경북,,,,,십억원,,201005,3142.2
151Y003,1.2.3.4.2. 예금은행 지역별 가계대출(말잔),11110A0,주택관련대출-예금은행,T00,경남,,,,,십억원,,201005,7209
151Y003,1.2.3.4.2. 예금은행 지역별 가계대출(말잔),11110A0,주택관련대출-예금은행,U00,제주,,,,,십억원,,201005,537.8
151Y003,1.2.3.4.2. 예금은행 지역별 가계대출(말잔),11110A0,주택관련대출-예금은행,A00,서울,,,,,십억원,,201006,107409.5
151Y003,1.2.3.4.2. 예금은행 지역별 가계대출(말잔),11110A0,주택관련대출-예금은행,B00,부산,,,,,십억원,,201006,15477.4
151Y003,1.2.3.4.2. 예금은행 지역별 가계대출(말잔),11110A0,주택관련대출-예금은행,C00,대구,,,,,십억원,,201006,8496.7
151Y003,1.2.3.4.2. 예금은행 지역별 가계대출(말잔),11110A0,주택관련대출-예금은행,D00,인천,,,,,십억원,,201006,20710.3
151Y003,1.2.3.4.2. 예금은행 지역별 가계대출(말잔),11110A0,주택관련대출-예금은행,E00,대전,,,,,십억원,,201006,5543.4
151Y003,1.2.3.4.2. 예금은행 지역별 가계대출(말잔),11110A0,주택관련대출-예금은행,F00,광주,,,,,십억원,,201006,3742.5
151Y003,1.2.3.4.2. 예금은행 지역별 가계대출(말잔),11110A0,주택관련대출-예금은행,G00,울산,,,,,십억원,,201006,3925.4
151Y003,1.2.3.4.2. 예금은행 지역별 가계대출(말잔),11110A0,주택관련대출-예금은행,L00,경기,,,,,십억원,,201006,87770.1
151Y003,1.2.3.4.2. 예금은행 지역별 가계대출(말잔),11110A0,주택관련대출-예금은행,M00,강원,,,,,십억원,,201006,2294.6
151Y003,1.2.3.4.2. 예금은행 지역별 가계대출(말잔),11110A0,주택관련대출-예금은행,N00,충북,,,,,십억원,,201006,3484
151Y003,1.2.3.4.2. 예금은행 지역별 가계대출(말잔),11110A0,주택관련대출-예금은행,P00,충남,,,,,십억원,,201006,6458.4
151Y003,1.2.3.4.2. 예금은행 지역별 가계대출(말잔),11110A0,주택관련대출-예금은행,Q00,전북,,,,,십억원,,201006,2833.8
151Y003,1.2.3.4.2. 예금은행 지역별 가계대출(말잔),11110A0,주택관련대출-예금은행,R00,전남,,,,,십억원,,201006,1460.3
151Y003,1.2.3.4.2. 예금은행 지역별 가계대출(말잔),11110A0,주택관련대출-예금은행,S00,경북,,,,,십억원,,201006,3158.2
151Y003,1.2.3.4.2. 예금은행 지역별 가계대출(말잔),11110A0,주택관련대출-예금은행,T00,경남,,,,,십억원,,201006,7246.6
151Y003,1.2.3.4.2. 예금은행 지역별 가계대출(말잔),11110A0,주택관련대출-예금은행,U00,제주,,,,,십억원,,201006,539.6
151Y003,1.2.3.4.2. 예금은행 지역별 가계대출(말잔),11110A0,주택관련대출-예금은행,A00,서울,,,,,십억원,,201007,108233.7
151Y003,1.2.3.4.2. 예금은행 지역별 가계대출(말잔),11110A0,주택관련대출-예금은행,B00,부산,,,,,십억원,,201007,15760.9
151Y003,1.2.3.4.2. 예금은행 지역별 가계대출(말잔),11110A0,주택관련대출-예금은행,C00,대구,,,,,십억원,,201007,8540.1
151Y003,1.2.3.4.2. 예금은행 지역별 가계대출(말잔),11110A0,주택관련대출-예금은행,D00,인천,,,,,십억원,,201007,20995
151Y003,1.2.3.4.2. 예금은행 지역별 가계대출(말잔),11110A0,주택관련대출-예금은행,E00,대전,,,,,십억원,,201007,5627.7
151Y003,1.2.3.4.2. 예금은행 지역별 가계대출(말잔),11110A0,주택관련대출-예금은행,F00,광주,,,,,십억원,,201007,3797.5
151Y003,1.2.3.4.2. 예금은행 지역별 가계대출(말잔),11110A0,주택관련대출-예금은행,G00,울산,,,,,십억원,,201007,3866.7
151Y003,1.2.3.4.2. 예금은행 지역별 가계대출(말잔),11110A0,주택관련대출-예금은행,L00,경기,,,,,십억원,,201007,88248.8
151Y003,1.2.3.4.2. 예금은행 지역별 가계대출(말잔),11110A0,주택관련대출-예금은행,M00,강원,,,,,십억원,,201007,2295.6
151Y003,1.2.3.4.2. 예금은행 지역별 가계대출(말잔),11110A0,주택관련대출-예금은행,N00,충북,,,,,십억원,,201007,3505.6
151Y003,1.2.3.4.2. 예금은행 지역별 가계대출(말잔),11110A0,주택관련대출-예금은행,P00,충남,,,,,십억원,,201007,6525.7
151Y003,1.2.3.4.2. 예금은행 지역별 가계대출(말잔),11110A0,주택관련대출-예금은행,Q00,전북,,,,,십억원,,201007,2843.2
151Y003,1.2.3.4.2. 예금은행 지역별 가계대출(말잔),11110A0,주택관련대출-예금은행,R00,전남,,,,,십억원,,201007,1446.1
151Y003,1.2.3.4.2. 예금은행 지역별 가계대출(말잔),11110A0,주택관련대출-예금은행,S00,경북,,,,,십억원,,201007,3102.2
151Y003,1.2.3.4.2. 예금은행 지역별 가계대출(말잔),11110A0,주택관련대출-예금은행,T00,경남,,,,,십억원,,201007,7204.4
151Y003,1.2.3.4.2. 예금은행 지역별 가계대출(말잔),11110A0,주택관련대출-예금은행,U00,제주,,,,,십억원,,201007,544.9
151Y003,1.2.3.4.2. 예금은행 지역별 가계대출(말잔),11110A0,주택관련대출-예금은행,A00,서울,,,,,십억원,,201008,107744
151Y003,1.2.3.4.2. 예금은행 지역별 가계대출(말잔),11110A0,주택관련대출-예금은행,B00,부산,,,,,십억원,,201008,15770.5
151Y003,1.2.3.4.2. 예금은행 지역별 가계대출(말잔),11110A0,주택관련대출-예금은행,C00,대구,,,,,십억원,,201008,8459.5
151Y003,1.2.3.4.2. 예금은행 지역별 가계대출(말잔),11110A0,주택관련대출-예금은행,D00,인천,,,,,십억원,,201008,21148.9
151Y003,1.2.3.4.2. 예금은행 지역별 가계대출(말잔),11110A0,주택관련대출-예금은행,E00,대전,,,,,십억원,,201008,5601.1
151Y003,1.2.3.4.2. 예금은행 지역별 가계대출(말잔),11110A0,주택관련대출-예금은행,F00,광주,,,,,십억원,,201008,3834.7
151Y003,1.2.3.4.2. 예금은행 지역별 가계대출(말잔),11110A0,주택관련대출-예금은행,G00,울산,,,,,십억원,,201008,3857
151Y003,1.2.3.4.2. 예금은행 지역별 가계대출(말잔),11110A0,주택관련대출-예금은행,L00,경기,,,,,십억원,,201008,88185.4
151Y003,1.2.3.4.2. 예금은행 지역별 가계대출(말잔),11110A0,주택관련대출-예금은행,M00,강원,,,,,십억원,,201008,2298.1
151Y003,1.2.3.4.2. 예금은행 지역별 가계대출(말잔),11110A0,주택관련대출-예금은행,N00,충북,,,,,십억원,,201008,3452.2
151Y003,1.2.3.4.2. 예금은행 지역별 가계대출(말잔),11110A0,주택관련대출-예금은행,P00,충남,,,,,십억원,,201008,6506.3
151Y003,1.2.3.4.2. 예금은행 지역별 가계대출(말잔),11110A0,주택관련대출-예금은행,Q00,전북,,,,,십억원,,201008,2831.2
151Y003,1.2.3.4.2. 예금은행 지역별 가계대출(말잔),11110A0,주택관련대출-예금은행,R00,전남,,,,,십억원,,201008,1450.7
151Y003,1.2.3.4.2. 예금은행 지역별 가계대출(말잔),11110A0,주택관련대출-예금은행,S00,경북,,,,,십억원,,201008,3110.3
151Y003,1.2.3.4.2. 예금은행 지역별 가계대출(말잔),11110A0,주택관련대출-예금은행,T00,경남,,,,,십억원,,201008,7166.6
151Y003,1.2.3.4.2. 예금은행 지역별 가계대출(말잔),11110A0,주택관련대출-예금은행,U00,제주,,,,,십억원,,201008,544.5
151Y003,1.2.3.4.2. 예금은행 지역별 가계대출(말잔),11110A0,주택관련대출-예금은행,A00,서울,,,,,십억원,,201009,108041.2
151Y003,1.2.3.4.2. 예금은행 지역별 가계대출(말잔),11110A0,주택관련대출-예금은행,B00,부산,,,,,십억원,,201009,15928.7
151Y003,1.2.3.4.2. 예금은행 지역별 가계대출(말잔),11110A0,주택관련대출-예금은행,C00,대구,,,,,십억원,,201009,8469.5
151Y003,1.2.3.4.2. 예금은행 지역별 가계대출(말잔),11110A0,주택관련대출-예금은행,D00,인천,,,,,십억원,,201009,21489.9
151Y003,1.2.3.4.2. 예금은행 지역별 가계대출(말잔),11110A0,주택관련대출-예금은행,E00,대전,,,,,십억원,,201009,5594.9
151Y003,1.2.3.4.2. 예금은행 지역별 가계대출(말잔),11110A0,주택관련대출-예금은행,F00,광주,,,,,십억원,,201009,3846.4
151Y003,1.2.3.4.2. 예금은행 지역별 가계대출(말잔),11110A0,주택관련대출-예금은행,G00,울산,,,,,십억원,,201009,3829.6
151Y003,1.2.3.4.2. 예금은행 지역별 가계대출(말잔),11110A0,주택관련대출-예금은행,L00,경기,,,,,십억원,,201009,88611.1
151Y003,1.2.3.4.2. 예금은행 지역별 가계대출(말잔),11110A0,주택관련대출-예금은행,M00,강원,,,,,십억원,,201009,2323.4
151Y003,1.2.3.4.2. 예금은행 지역별 가계대출(말잔),11110A0,주택관련대출-예금은행,N00,충북,,,,,십억원,,201009,3472.5
151Y003,1.2.3.4.2. 예금은행 지역별 가계대출(말잔),11110A0,주택관련대출-예금은행,P00,충남,,,,,십억원,,201009,6500.8
151Y003,1.2.3.4.2. 예금은행 지역별 가계대출(말잔),11110A0,주택관련대출-예금은행,Q00,전북,,,,,십억원,,201009,2894.2
151Y003,1.2.3.4.2. 예금은행 지역별 가계대출(말잔),11110A0,주택관련대출-예금은행,R00,전남,,,,,십억원,,201009,1465.3
151Y003,1.2.3.4.2. 예금은행 지역별 가계대출(말잔),11110A0,주택관련대출-예금은행,S00,경북,,,,,십억원,,201009,3127.2
151Y003,1.2.3.4.2. 예금은행 지역별 가계대출(말잔),11110A0,주택관련대출-예금은행,T00,경남,,,,,십억원,,201009,7172.4
151Y003,1.2.3.4.2. 예금은행 지역별 가계대출(말잔),11110A0,주택관련대출-예금은행,U00,제주,,,,,십억원,,201009,544.6
151Y003,1.2.3.4.2. 예금은행 지역별 가계대출(말잔),11110A0,주택관련대출-예금은행,A00,서울,,,,,십억원,,201010,108553.2
151Y003,1.2.3.4.2. 예금은행 지역별 가계대출(말잔),11110A0,주택관련대출-예금은행,B00,부산,,,,,십억원,,201010,15963
151Y003,1.2.3.4.2. 예금은행 지역별 가계대출(말잔),11110A0,주택관련대출-예금은행,C00,대구,,,,,십억원,,201010,8485.7
151Y003,1.2.3.4.2. 예금은행 지역별 가계대출(말잔),11110A0,주택관련대출-예금은행,D00,인천,,,,,십억원,,201010,21877.7
151Y003,1.2.3.4.2. 예금은행 지역별 가계대출(말잔),11110A0,주택관련대출-예금은행,E00,대전,,,,,십억원,,201010,5654.9
151Y003,1.2.3.4.2. 예금은행 지역별 가계대출(말잔),11110A0,주택관련대출-예금은행,F00,광주,,,,,십억원,,201010,3896
151Y003,1.2.3.4.2. 예금은행 지역별 가계대출(말잔),11110A0,주택관련대출-예금은행,G00,울산,,,,,십억원,,201010,3835.7
151Y003,1.2.3.4.2. 예금은행 지역별 가계대출(말잔),11110A0,주택관련대출-예금은행,L00,경기,,,,,십억원,,201010,89163.1
151Y003,1.2.3.4.2. 예금은행 지역별 가계대출(말잔),11110A0,주택관련대출-예금은행,M00,강원,,,,,십억원,,201010,2335.5
151Y003,1.2.3.4.2. 예금은행 지역별 가계대출(말잔),11110A0,주택관련대출-예금은행,N00,충북,,,,,십억원,,201010,3467.3
151Y003,1.2.3.4.2. 예금은행 지역별 가계대출(말잔),11110A0,주택관련대출-예금은행,P00,충남,,,,,십억원,,201010,6547.5
151Y003,1.2.3.4.2. 예금은행 지역별 가계대출(말잔),11110A0,주택관련대출-예금은행,Q00,전북,,,,,십억원,,201010,2917
151Y003,1.2.3.4.2. 예금은행 지역별 가계대출(말잔),11110A0,주택관련대출-예금은행,R00,전남,,,,,십억원,,201010,1481.7
151Y003,1.2.3.4.2. 예금은행 지역별 가계대출(말잔),11110A0,주택관련대출-예금은행,S00,경북,,,,,십억원,,201010,3168.2
151Y003,1.2.3.4.2. 예금은행 지역별 가계대출(말잔),11110A0,주택관련대출-예금은행,T00,경남,,,,,십억원,,201010,7215.1
151Y003,1.2.3.4.2. 예금은행 지역별 가계대출(말잔),11110A0,주택관련대출-예금은행,U00,제주,,,,,십억원,,201010,552
151Y003,1.2.3.4.2. 예금은행 지역별 가계대출(말잔),11110A0,주택관련대출-예금은행,A00,서울,,,,,십억원,,201011,109078.3
151Y003,1.2.3.4.2. 예금은행 지역별 가계대출(말잔),11110A0,주택관련대출-예금은행,B00,부산,,,,,십억원,,201011,16088.9
151Y003,1.2.3.4.2. 예금은행 지역별 가계대출(말잔),11110A0,주택관련대출-예금은행,C00,대구,,,,,십억원,,201011,8481.9
151Y003,1.2.3.4.2. 예금은행 지역별 가계대출(말잔),11110A0,주택관련대출-예금은행,D00,인천,,,,,십억원,,201011,22184.6
151Y003,1.2.3.4.2. 예금은행 지역별 가계대출(말잔),11110A0,주택관련대출-예금은행,E00,대전,,,,,십억원,,201011,5790.7
151Y003,1.2.3.4.2. 예금은행 지역별 가계대출(말잔),11110A0,주택관련대출-예금은행,F00,광주,,,,,십억원,,201011,3958.6
151Y003,1.2.3.4.2. 예금은행 지역별 가계대출(말잔),11110A0,주택관련대출-예금은행,G00,울산,,,,,십억원,,201011,3831.3
151Y003,1.2.3.4.2. 예금은행 지역별 가계대출(말잔),11110A0,주택관련대출-예금은행,L00,경기,,,,,십억원,,201011,90125.1
151Y003,1.2.3.4.2. 예금은행 지역별 가계대출(말잔),11110A0,주택관련대출-예금은행,M00,강원,,,,,십억원,,201011,2352.3
151Y003,1.2.3.4.2. 예금은행 지역별 가계대출(말잔),11110A0,주택관련대출-예금은행,N00,충북,,,,,십억원,,201011,3465.9
151Y003,1.2.3.4.2. 예금은행 지역별 가계대출(말잔),11110A0,주택관련대출-예금은행,P00,충남,,,,,십억원,,201011,6544.6
151Y003,1.2.3.4.2. 예금은행 지역별 가계대출(말잔),11110A0,주택관련대출-예금은행,Q00,전북,,,,,십억원,,201011,2978
151Y003,1.2.3.4.2. 예금은행 지역별 가계대출(말잔),11110A0,주택관련대출-예금은행,R00,전남,,,,,십억원,,201011,1512
151Y003,1.2.3.4.2. 예금은행 지역별 가계대출(말잔),11110A0,주택관련대출-예금은행,S00,경북,,,,,십억원,,201011,3189.4
151Y003,1.2.3.4.2. 예금은행 지역별 가계대출(말잔),11110A0,주택관련대출-예금은행,T00,경남,,,,,십억원,,201011,7278.1
151Y003,1.2.3.4.2. 예금은행 지역별 가계대출(말잔),11110A0,주택관련대출-예금은행,U00,제주,,,,,십억원,,201011,559
151Y003,1.2.3.4.2. 예금은행 지역별 가계대출(말잔),11110A0,주택관련대출-예금은행,A00,서울,,,,,십억원,,201012,109489.9
151Y003,1.2.3.4.2. 예금은행 지역별 가계대출(말잔),11110A0,주택관련대출-예금은행,B00,부산,,,,,십억원,,201012,16333.4
151Y003,1.2.3.4.2. 예금은행 지역별 가계대출(말잔),11110A0,주택관련대출-예금은행,C00,대구,,,,,십억원,,201012,8450.9
151Y003,1.2.3.4.2. 예금은행 지역별 가계대출(말잔),11110A0,주택관련대출-예금은행,D00,인천,,,,,십억원,,201012,22601.9
151Y003,1.2.3.4.2. 예금은행 지역별 가계대출(말잔),11110A0,주택관련대출-예금은행,E00,대전,,,,,십억원,,201012,5942.9
151Y003,1.2.3.4.2. 예금은행 지역별 가계대출(말잔),11110A0,주택관련대출-예금은행,F00,광주,,,,,십억원,,201012,3987.2
151Y003,1.2.3.4.2. 예금은행 지역별 가계대출(말잔),11110A0,주택관련대출-예금은행,G00,울산,,,,,십억원,,201012,3731.7
151Y003,1.2.3.4.2. 예금은행 지역별 가계대출(말잔),11110A0,주택관련대출-예금은행,L00,경기,,,,,십억원,,201012,91020.6
151Y003,1.2.3.4.2. 예금은행 지역별 가계대출(말잔),11110A0,주택관련대출-예금은행,M00,강원,,,,,십억원,,201012,2386.4
151Y003,1.2.3.4.2. 예금은행 지역별 가계대출(말잔),11110A0,주택관련대출-예금은행,N00,충북,,,,,십억원,,201012,3441.4
151Y003,1.2.3.4.2. 예금은행 지역별 가계대출(말잔),11110A0,주택관련대출-예금은행,P00,충남,,,,,십억원,,201012,6567.2
151Y003,1.2.3.4.2. 예금은행 지역별 가계대출(말잔),11110A0,주택관련대출-예금은행,Q00,전북,,,,,십억원,,201012,3037.2
151Y003,1.2.3.4.2. 예금은행 지역별 가계대출(말잔),11110A0,주택관련대출-예금은행,R00,전남,,,,,십억원,,201012,1544.4
151Y003,1.2.3.4.2. 예금은행 지역별 가계대출(말잔),11110A0,주택관련대출-예금은행,S00,경북,,,,,십억원,,201012,3192.2
151Y003,1.2.3.4.2. 예금은행 지역별 가계대출(말잔),11110A0,주택관련대출-예금은행,T00,경남,,,,,십억원,,201012,7315.3
151Y003,1.2.3.4.2. 예금은행 지역별 가계대출(말잔),11110A0,주택관련대출-예금은행,U00,제주,,,,,십억원,,201012,580.4
151Y003,1.2.3.4.2. 예금은행 지역별 가계대출(말잔),11110A0,주택관련대출-예금은행,A00,서울,,,,,십억원,,201101,110023.5
151Y003,1.2.3.4.2. 예금은행 지역별 가계대출(말잔),11110A0,주택관련대출-예금은행,B00,부산,,,,,십억원,,201101,16352.2
151Y003,1.2.3.4.2. 예금은행 지역별 가계대출(말잔),11110A0,주택관련대출-예금은행,C00,대구,,,,,십억원,,201101,8360.9
151Y003,1.2.3.4.2. 예금은행 지역별 가계대출(말잔),11110A0,주택관련대출-예금은행,D00,인천,,,,,십억원,,201101,22714.4
151Y003,1.2.3.4.2. 예금은행 지역별 가계대출(말잔),11110A0,주택관련대출-예금은행,E00,대전,,,,,십억원,,201101,5948.9
151Y003,1.2.3.4.2. 예금은행 지역별 가계대출(말잔),11110A0,주택관련대출-예금은행,F00,광주,,,,,십억원,,201101,3971
151Y003,1.2.3.4.2. 예금은행 지역별 가계대출(말잔),11110A0,주택관련대출-예금은행,G00,울산,,,,,십억원,,201101,3739
151Y003,1.2.3.4.2. 예금은행 지역별 가계대출(말잔),11110A0,주택관련대출-예금은행,L00,경기,,,,,십억원,,201101,91410.2
151Y003,1.2.3.4.2. 예금은행 지역별 가계대출(말잔),11110A0,주택관련대출-예금은행,M00,강원,,,,,십억원,,201101,2384.4
151Y003,1.2.3.4.2. 예금은행 지역별 가계대출(말잔),11110A0,주택관련대출-예금은행,N00,충북,,,,,십억원,,201101,3428.1
151Y003,1.2.3.4.2. 예금은행 지역별 가계대출(말잔),11110A0,주택관련대출-예금은행,P00,충남,,,,,십억원,,201101,6496.4
151Y003,1.2.3.4.2. 예금은행 지역별 가계대출(말잔),11110A0,주택관련대출-예금은행,Q00,전북,,,,,십억원,,201101,3058.1
151Y003,1.2.3.4.2. 예금은행 지역별 가계대출(말잔),11110A0,주택관련대출-예금은행,R00,전남,,,,,십억원,,201101,1598.6
151Y003,1.2.3.4.2. 예금은행 지역별 가계대출(말잔),11110A0,주택관련대출-예금은행,S00,경북,,,,,십억원,,201101,3273
151Y003,1.2.3.4.2. 예금은행 지역별 가계대출(말잔),11110A0,주택관련대출-예금은행,T00,경남,,,,,십억원,,201101,7379.1
151Y003,1.2.3.4.2. 예금은행 지역별 가계대출(말잔),11110A0,주택관련대출-예금은행,U00,제주,,,,,십억원,,201101,611.1
151Y003,1.2.3.4.2. 예금은행 지역별 가계대출(말잔),11110A0,주택관련대출-예금은행,A00,서울,,,,,십억원,,201102,110519.4
151Y003,1.2.3.4.2. 예금은행 지역별 가계대출(말잔),11110A0,주택관련대출-예금은행,B00,부산,,,,,십억원,,201102,16615.8
151Y003,1.2.3.4.2. 예금은행 지역별 가계대출(말잔),11110A0,주택관련대출-예금은행,C00,대구,,,,,십억원,,201102,8371.5
151Y003,1.2.3.4.2. 예금은행 지역별 가계대출(말잔),11110A0,주택관련대출-예금은행,D00,인천,,,,,십억원,,201102,23011.3
151Y003,1.2.3.4.2. 예금은행 지역별 가계대출(말잔),11110A0,주택관련대출-예금은행,E00,대전,,,,,십억원,,201102,6042.3
151Y003,1.2.3.4.2. 예금은행 지역별 가계대출(말잔),11110A0,주택관련대출-예금은행,F00,광주,,,,,십억원,,201102,4016.4
151Y003,1.2.3.4.2. 예금은행 지역별 가계대출(말잔),11110A0,주택관련대출-예금은행,G00,울산,,,,,십억원,,201102,3742.3
151Y003,1.2.3.4.2. 예금은행 지역별 가계대출(말잔),11110A0,주택관련대출-예금은행,L00,경기,,,,,십억원,,201102,91644.3
151Y003,1.2.3.4.2. 예금은행 지역별 가계대출(말잔),11110A0,주택관련대출-예금은행,M00,강원,,,,,십억원,,201102,2383.5
151Y003,1.2.3.4.2. 예금은행 지역별 가계대출(말잔),11110A0,주택관련대출-예금은행,N00,충북,,,,,십억원,,201102,3373.2
151Y003,1.2.3.4.2. 예금은행 지역별 가계대출(말잔),11110A0,주택관련대출-예금은행,P00,충남,,,,,십억원,,201102,6591.9
151Y003,1.2.3.4.2. 예금은행 지역별 가계대출(말잔),11110A0,주택관련대출-예금은행,Q00,전북,,,,,십억원,,201102,3072.7
151Y003,1.2.3.4.2. 예금은행 지역별 가계대출(말잔),11110A0,주택관련대출-예금은행,R00,전남,,,,,십억원,,201102,1610.5
151Y003,1.2.3.4.2. 예금은행 지역별 가계대출(말잔),11110A0,주택관련대출-예금은행,S00,경북,,,,,십억원,,201102,3296.9
151Y003,1.2.3.4.2. 예금은행 지역별 가계대출(말잔),11110A0,주택관련대출-예금은행,T00,경남,,,,,십억원,,201102,7452.7
151Y003,1.2.3.4.2. 예금은행 지역별 가계대출(말잔),11110A0,주택관련대출-예금은행,U00,제주,,,,,십억원,,201102,624.9
151Y003,1.2.3.4.2. 예금은행 지역별 가계대출(말잔),11110A0,주택관련대출-예금은행,A00,서울,,,,,십억원,,201103,111300.8
151Y003,1.2.3.4.2. 예금은행 지역별 가계대출(말잔),11110A0,주택관련대출-예금은행,B00,부산,,,,,십억원,,201103,16754.4
151Y003,1.2.3.4.2. 예금은행 지역별 가계대출(말잔),11110A0,주택관련대출-예금은행,C00,대구,,,,,십억원,,201103,8234.5
151Y003,1.2.3.4.2. 예금은행 지역별 가계대출(말잔),11110A0,주택관련대출-예금은행,D00,인천,,,,,십억원,,201103,23354.2
151Y003,1.2.3.4.2. 예금은행 지역별 가계대출(말잔),11110A0,주택관련대출-예금은행,E00,대전,,,,,십억원,,201103,6088.2
151Y003,1.2.3.4.2. 예금은행 지역별 가계대출(말잔),11110A0,주택관련대출-예금은행,F00,광주,,,,,십억원,,201103,4113.8
151Y003,1.2.3.4.2. 예금은행 지역별 가계대출(말잔),11110A0,주택관련대출-예금은행,G00,울산,,,,,십억원,,201103,3751.4
151Y003,1.2.3.4.2. 예금은행 지역별 가계대출(말잔),11110A0,주택관련대출-예금은행,L00,경기,,,,,십억원,,201103,91925.3
151Y003,1.2.3.4.2. 예금은행 지역별 가계대출(말잔),11110A0,주택관련대출-예금은행,M00,강원,,,,,십억원,,201103,2383.3
151Y003,1.2.3.4.2. 예금은행 지역별 가계대출(말잔),11110A0,주택관련대출-예금은행,N00,충북,,,,,십억원,,201103,3407.4
151Y003,1.2.3.4.2. 예금은행 지역별 가계대출(말잔),11110A0,주택관련대출-예금은행,P00,충남,,,,,십억원,,201103,6572.8
151Y003,1.2.3.4.2. 예금은행 지역별 가계대출(말잔),11110A0,주택관련대출-예금은행,Q00,전북,,,,,십억원,,201103,3140.7
151Y003,1.2.3.4.2. 예금은행 지역별 가계대출(말잔),11110A0,주택관련대출-예금은행,R00,전남,,,,,십억원,,201103,1647.5
151Y003,1.2.3.4.2. 예금은행 지역별 가계대출(말잔),11110A0,주택관련대출-예금은행,S00,경북,,,,,십억원,,201103,3306.2
151Y003,1.2.3.4.2. 예금은행 지역별 가계대출(말잔),11110A0,주택관련대출-예금은행,T00,경남,,,,,십억원,,201103,7537.5
151Y003,1.2.3.4.2. 예금은행 지역별 가계대출(말잔),11110A0,주택관련대출-예금은행,U00,제주,,,,,십억원,,201103,629.6
151Y003,1.2.3.4.2. 예금은행 지역별 가계대출(말잔),11110A0,주택관련대출-예금은행,A00,서울,,,,,십억원,,201104,111772.6
151Y003,1.2.3.4.2. 예금은행 지역별 가계대출(말잔),11110A0,주택관련대출-예금은행,B00,부산,,,,,십억원,,201104,17010.3
151Y003,1.2.3.4.2. 예금은행 지역별 가계대출(말잔),11110A0,주택관련대출-예금은행,C00,대구,,,,,십억원,,201104,8320.3
151Y003,1.2.3.4.2. 예금은행 지역별 가계대출(말잔),11110A0,주택관련대출-예금은행,D00,인천,,,,,십억원,,201104,23698.2
151Y003,1.2.3.4.2. 예금은행 지역별 가계대출(말잔),11110A0,주택관련대출-예금은행,E00,대전,,,,,십억원,,201104,6140
151Y003,1.2.3.4.2. 예금은행 지역별 가계대출(말잔),11110A0,주택관련대출-예금은행,F00,광주,,,,,십억원,,201104,4200.3
151Y003,1.2.3.4.2. 예금은행 지역별 가계대출(말잔),11110A0,주택관련대출-예금은행,G00,울산,,,,,십억원,,201104,3781.2
151Y003,1.2.3.4.2. 예금은행 지역별 가계대출(말잔),11110A0,주택관련대출-예금은행,L00,경기,,,,,십억원,,201104,92525
151Y003,1.2.3.4.2. 예금은행 지역별 가계대출(말잔),11110A0,주택관련대출-예금은행,M00,강원,,,,,십억원,,201104,2403.8
151Y003,1.2.3.4.2. 예금은행 지역별 가계대출(말잔),11110A0,주택관련대출-예금은행,N00,충북,,,,,십억원,,201104,3425.5
151Y003,1.2.3.4.2. 예금은행 지역별 가계대출(말잔),11110A0,주택관련대출-예금은행,P00,충남,,,,,십억원,,201104,6565
151Y003,1.2.3.4.2. 예금은행 지역별 가계대출(말잔),11110A0,주택관련대출-예금은행,Q00,전북,,,,,십억원,,201104,3176.6
151Y003,1.2.3.4.2. 예금은행 지역별 가계대출(말잔),11110A0,주택관련대출-예금은행,R00,전남,,,,,십억원,,201104,1692.7
151Y003,1.2.3.4.2. 예금은행 지역별 가계대출(말잔),11110A0,주택관련대출-예금은행,S00,경북,,,,,십억원,,201104,3361.7
151Y003,1.2.3.4.2. 예금은행 지역별 가계대출(말잔),11110A0,주택관련대출-예금은행,T00,경남,,,,,십억원,,201104,7671.1
151Y003,1.2.3.4.2. 예금은행 지역별 가계대출(말잔),11110A0,주택관련대출-예금은행,U00,제주,,,,,십억원,,201104,633.9
151Y003,1.2.3.4.2. 예금은행 지역별 가계대출(말잔),11110A0,주택관련대출-예금은행,A00,서울,,,,,십억원,,201105,111618.7
151Y003,1.2.3.4.2. 예금은행 지역별 가계대출(말잔),11110A0,주택관련대출-예금은행,B00,부산,,,,,십억원,,201105,17250.9
151Y003,1.2.3.4.2. 예금은행 지역별 가계대출(말잔),11110A0,주택관련대출-예금은행,C00,대구,,,,,십억원,,201105,8401.5
151Y003,1.2.3.4.2. 예금은행 지역별 가계대출(말잔),11110A0,주택관련대출-예금은행,D00,인천,,,,,십억원,,201105,24096.5
151Y003,1.2.3.4.2. 예금은행 지역별 가계대출(말잔),11110A0,주택관련대출-예금은행,E00,대전,,,,,십억원,,201105,6206.1
151Y003,1.2.3.4.2. 예금은행 지역별 가계대출(말잔),11110A0,주택관련대출-예금은행,F00,광주,,,,,십억원,,201105,4241.9
151Y003,1.2.3.4.2. 예금은행 지역별 가계대출(말잔),11110A0,주택관련대출-예금은행,G00,울산,,,,,십억원,,201105,3778.5
151Y003,1.2.3.4.2. 예금은행 지역별 가계대출(말잔),11110A0,주택관련대출-예금은행,L00,경기,,,,,십억원,,201105,92934.8
151Y003,1.2.3.4.2. 예금은행 지역별 가계대출(말잔),11110A0,주택관련대출-예금은행,M00,강원,,,,,십억원,,201105,2424.1
151Y003,1.2.3.4.2. 예금은행 지역별 가계대출(말잔),11110A0,주택관련대출-예금은행,N00,충북,,,,,십억원,,201105,3421.8
151Y003,1.2.3.4.2. 예금은행 지역별 가계대출(말잔),11110A0,주택관련대출-예금은행,P00,충남,,,,,십억원,,201105,6549.6
151Y003,1.2.3.4.2. 예금은행 지역별 가계대출(말잔),11110A0,주택관련대출-예금은행,Q00,전북,,,,,십억원,,201105,3193
151Y003,1.2.3.4.2. 예금은행 지역별 가계대출(말잔),11110A0,주택관련대출-예금은행,R00,전남,,,,,십억원,,201105,1707.2
151Y003,1.2.3.4.2. 예금은행 지역별 가계대출(말잔),11110A0,주택관련대출-예금은행,S00,경북,,,,,십억원,,201105,3361.9
151Y003,1.2.3.4.2. 예금은행 지역별 가계대출(말잔),11110A0,주택관련대출-예금은행,T00,경남,,,,,십억원,,201105,7794.1
151Y003,1.2.3.4.2. 예금은행 지역별 가계대출(말잔),11110A0,주택관련대출-예금은행,U00,제주,,,,,십억원,,201105,637.7
151Y003,1.2.3.4.2. 예금은행 지역별 가계대출(말잔),11110A0,주택관련대출-예금은행,A00,서울,,,,,십억원,,201106,111827.7
151Y003,1.2.3.4.2. 예금은행 지역별 가계대출(말잔),11110A0,주택관련대출-예금은행,B00,부산,,,,,십억원,,201106,17440.1
151Y003,1.2.3.4.2. 예금은행 지역별 가계대출(말잔),11110A0,주택관련대출-예금은행,C00,대구,,,,,십억원,,201106,8469.2
151Y003,1.2.3.4.2. 예금은행 지역별 가계대출(말잔),11110A0,주택관련대출-예금은행,D00,인천,,,,,십억원,,201106,24407.8
151Y003,1.2.3.4.2. 예금은행 지역별 가계대출(말잔),11110A0,주택관련대출-예금은행,E00,대전,,,,,십억원,,201106,6328.7
151Y003,1.2.3.4.2. 예금은행 지역별 가계대출(말잔),11110A0,주택관련대출-예금은행,F00,광주,,,,,십억원,,201106,4249.9
151Y003,1.2.3.4.2. 예금은행 지역별 가계대출(말잔),11110A0,주택관련대출-예금은행,G00,울산,,,,,십억원,,201106,3835.1
151Y003,1.2.3.4.2. 예금은행 지역별 가계대출(말잔),11110A0,주택관련대출-예금은행,L00,경기,,,,,십억원,,201106,93319.8
151Y003,1.2.3.4.2. 예금은행 지역별 가계대출(말잔),11110A0,주택관련대출-예금은행,M00,강원,,,,,십억원,,201106,2424.8
151Y003,1.2.3.4.2. 예금은행 지역별 가계대출(말잔),11110A0,주택관련대출-예금은행,N00,충북,,,,,십억원,,201106,3484.6
151Y003,1.2.3.4.2. 예금은행 지역별 가계대출(말잔),11110A0,주택관련대출-예금은행,P00,충남,,,,,십억원,,201106,6553.6
151Y003,1.2.3.4.2. 예금은행 지역별 가계대출(말잔),11110A0,주택관련대출-예금은행,Q00,전북,,,,,십억원,,201106,3217.8
151Y003,1.2.3.4.2. 예금은행 지역별 가계대출(말잔),11110A0,주택관련대출-예금은행,R00,전남,,,,,십억원,,201106,1741.2
151Y003,1.2.3.4.2. 예금은행 지역별 가계대출(말잔),11110A0,주택관련대출-예금은행,S00,경북,,,,,십억원,,201106,3360.1
151Y003,1.2.3.4.2. 예금은행 지역별 가계대출(말잔),11110A0,주택관련대출-예금은행,T00,경남,,,,,십억원,,201106,7921.1
151Y003,1.2.3.4.2. 예금은행 지역별 가계대출(말잔),11110A0,주택관련대출-예금은행,U00,제주,,,,,십억원,,201106,641.5
151Y003,1.2.3.4.2. 예금은행 지역별 가계대출(말잔),11110A0,주택관련대출-예금은행,A00,서울,,,,,십억원,,201107,112259.3
151Y003,1.2.3.4.2. 예금은행 지역별 가계대출(말잔),11110A0,주택관련대출-예금은행,B00,부산,,,,,십억원,,201107,17771.4
151Y003,1.2.3.4.2. 예금은행 지역별 가계대출(말잔),11110A0,주택관련대출-예금은행,C00,대구,,,,,십억원,,201107,8568.1
151Y003,1.2.3.4.2. 예금은행 지역별 가계대출(말잔),11110A0,주택관련대출-예금은행,D00,인천,,,,,십억원,,201107,24659
151Y003,1.2.3.4.2. 예금은행 지역별 가계대출(말잔),11110A0,주택관련대출-예금은행,E00,대전,,,,,십억원,,201107,6446.8
151Y003,1.2.3.4.2. 예금은행 지역별 가계대출(말잔),11110A0,주택관련대출-예금은행,F00,광주,,,,,십억원,,201107,4253.6
151Y003,1.2.3.4.2. 예금은행 지역별 가계대출(말잔),11110A0,주택관련대출-예금은행,G00,울산,,,,,십억원,,201107,3829.5
151Y003,1.2.3.4.2. 예금은행 지역별 가계대출(말잔),11110A0,주택관련대출-예금은행,L00,경기,,,,,십억원,,201107,93741.6
151Y003,1.2.3.4.2. 예금은행 지역별 가계대출(말잔),11110A0,주택관련대출-예금은행,M00,강원,,,,,십억원,,201107,2444.3
151Y003,1.2.3.4.2. 예금은행 지역별 가계대출(말잔),11110A0,주택관련대출-예금은행,N00,충북,,,,,십억원,,201107,3543.4
151Y003,1.2.3.4.2. 예금은행 지역별 가계대출(말잔),11110A0,주택관련대출-예금은행,P00,충남,,,,,십억원,,201107,6575.7
151Y003,1.2.3.4.2. 예금은행 지역별 가계대출(말잔),11110A0,주택관련대출-예금은행,Q00,전북,,,,,십억원,,201107,3251.4
151Y003,1.2.3.4.2. 예금은행 지역별 가계대출(말잔),11110A0,주택관련대출-예금은행,R00,전남,,,,,십억원,,201107,1757.2
151Y003,1.2.3.4.2. 예금은행 지역별 가계대출(말잔),11110A0,주택관련대출-예금은행,S00,경북,,,,,십억원,,201107,3374
151Y003,1.2.3.4.2. 예금은행 지역별 가계대출(말잔),11110A0,주택관련대출-예금은행,T00,경남,,,,,십억원,,201107,8024.5
151Y003,1.2.3.4.2. 예금은행 지역별 가계대출(말잔),11110A0,주택관련대출-예금은행,U00,제주,,,,,십억원,,201107,642.4
151Y003,1.2.3.4.2. 예금은행 지역별 가계대출(말잔),11110A0,주택관련대출-예금은행,A00,서울,,,,,십억원,,201108,112255.8
151Y003,1.2.3.4.2. 예금은행 지역별 가계대출(말잔),11110A0,주택관련대출-예금은행,B00,부산,,,,,십억원,,201108,17928.7
151Y003,1.2.3.4.2. 예금은행 지역별 가계대출(말잔),11110A0,주택관련대출-예금은행,C00,대구,,,,,십억원,,201108,8605.2
151Y003,1.2.3.4.2. 예금은행 지역별 가계대출(말잔),11110A0,주택관련대출-예금은행,D00,인천,,,,,십억원,,201108,24785.5
151Y003,1.2.3.4.2. 예금은행 지역별 가계대출(말잔),11110A0,주택관련대출-예금은행,E00,대전,,,,,십억원,,201108,6573.5
151Y003,1.2.3.4.2. 예금은행 지역별 가계대출(말잔),11110A0,주택관련대출-예금은행,F00,광주,,,,,십억원,,201108,4358.8
151Y003,1.2.3.4.2. 예금은행 지역별 가계대출(말잔),11110A0,주택관련대출-예금은행,G00,울산,,,,,십억원,,201108,3862.8
151Y003,1.2.3.4.2. 예금은행 지역별 가계대출(말잔),11110A0,주택관련대출-예금은행,L00,경기,,,,,십억원,,201108,94012.5
151Y003,1.2.3.4.2. 예금은행 지역별 가계대출(말잔),11110A0,주택관련대출-예금은행,M00,강원,,,,,십억원,,201108,2467.1
151Y003,1.2.3.4.2. 예금은행 지역별 가계대출(말잔),11110A0,주택관련대출-예금은행,N00,충북,,,,,십억원,,201108,3547.1
151Y003,1.2.3.4.2. 예금은행 지역별 가계대출(말잔),11110A0,주택관련대출-예금은행,P00,충남,,,,,십억원,,201108,6571.8
151Y003,1.2.3.4.2. 예금은행 지역별 가계대출(말잔),11110A0,주택관련대출-예금은행,Q00,전북,,,,,십억원,,201108,3290.7
151Y003,1.2.3.4.2. 예금은행 지역별 가계대출(말잔),11110A0,주택관련대출-예금은행,R00,전남,,,,,십억원,,201108,1768.8
151Y003,1.2.3.4.2. 예금은행 지역별 가계대출(말잔),11110A0,주택관련대출-예금은행,S00,경북,,,,,십억원,,201108,3396.7
151Y003,1.2.3.4.2. 예금은행 지역별 가계대출(말잔),11110A0,주택관련대출-예금은행,T00,경남,,,,,십억원,,201108,8172
151Y003,1.2.3.4.2. 예금은행 지역별 가계대출(말잔),11110A0,주택관련대출-예금은행,U00,제주,,,,,십억원,,201108,651.3
151Y003,1.2.3.4.2. 예금은행 지역별 가계대출(말잔),11110A0,주택관련대출-예금은행,A00,서울,,,,,십억원,,201109,112454.4
151Y003,1.2.3.4.2. 예금은행 지역별 가계대출(말잔),11110A0,주택관련대출-예금은행,B00,부산,,,,,십억원,,201109,17989.4
151Y003,1.2.3.4.2. 예금은행 지역별 가계대출(말잔),11110A0,주택관련대출-예금은행,C00,대구,,,,,십억원,,201109,8628.2
151Y003,1.2.3.4.2. 예금은행 지역별 가계대출(말잔),11110A0,주택관련대출-예금은행,D00,인천,,,,,십억원,,201109,24973.6
151Y003,1.2.3.4.2. 예금은행 지역별 가계대출(말잔),11110A0,주택관련대출-예금은행,E00,대전,,,,,십억원,,201109,6599.6
151Y003,1.2.3.4.2. 예금은행 지역별 가계대출(말잔),11110A0,주택관련대출-예금은행,F00,광주,,,,,십억원,,201109,4389.4
151Y003,1.2.3.4.2. 예금은행 지역별 가계대출(말잔),11110A0,주택관련대출-예금은행,G00,울산,,,,,십억원,,201109,3871.6
151Y003,1.2.3.4.2. 예금은행 지역별 가계대출(말잔),11110A0,주택관련대출-예금은행,L00,경기,,,,,십억원,,201109,94330
151Y003,1.2.3.4.2. 예금은행 지역별 가계대출(말잔),11110A0,주택관련대출-예금은행,M00,강원,,,,,십억원,,201109,2483
151Y003,1.2.3.4.2. 예금은행 지역별 가계대출(말잔),11110A0,주택관련대출-예금은행,N00,충북,,,,,십억원,,201109,3553.9
151Y003,1.2.3.4.2. 예금은행 지역별 가계대출(말잔),11110A0,주택관련대출-예금은행,P00,충남,,,,,십억원,,201109,6549.9
151Y003,1.2.3.4.2. 예금은행 지역별 가계대출(말잔),11110A0,주택관련대출-예금은행,Q00,전북,,,,,십억원,,201109,3344.9
151Y003,1.2.3.4.2. 예금은행 지역별 가계대출(말잔),11110A0,주택관련대출-예금은행,R00,전남,,,,,십억원,,201109,1801.7
151Y003,1.2.3.4.2. 예금은행 지역별 가계대출(말잔),11110A0,주택관련대출-예금은행,S00,경북,,,,,십억원,,201109,3387.1
151Y003,1.2.3.4.2. 예금은행 지역별 가계대출(말잔),11110A0,주택관련대출-예금은행,T00,경남,,,,,십억원,,201109,8248.1
151Y003,1.2.3.4.2. 예금은행 지역별 가계대출(말잔),11110A0,주택관련대출-예금은행,U00,제주,,,,,십억원,,201109,653.6
151Y003,1.2.3.4.2. 예금은행 지역별 가계대출(말잔),11110A0,주택관련대출-예금은행,A00,서울,,,,,십억원,,201110,112836.4
151Y003,1.2.3.4.2. 예금은행 지역별 가계대출(말잔),11110A0,주택관련대출-예금은행,B00,부산,,,,,십억원,,201110,18097
151Y003,1.2.3.4.2. 예금은행 지역별 가계대출(말잔),11110A0,주택관련대출-예금은행,C00,대구,,,,,십억원,,201110,8729.1
151Y003,1.2.3.4.2. 예금은행 지역별 가계대출(말잔),11110A0,주택관련대출-예금은행,D00,인천,,,,,십억원,,201110,25181.1
151Y003,1.2.3.4.2. 예금은행 지역별 가계대출(말잔),11110A0,주택관련대출-예금은행,E00,대전,,,,,십억원,,201110,6839.6
151Y003,1.2.3.4.2. 예금은행 지역별 가계대출(말잔),11110A0,주택관련대출-예금은행,F00,광주,,,,,십억원,,201110,4454.5
151Y003,1.2.3.4.2. 예금은행 지역별 가계대출(말잔),11110A0,주택관련대출-예금은행,G00,울산,,,,,십억원,,201110,3941
151Y003,1.2.3.4.2. 예금은행 지역별 가계대출(말잔),11110A0,주택관련대출-예금은행,L00,경기,,,,,십억원,,201110,94709.3
151Y003,1.2.3.4.2. 예금은행 지역별 가계대출(말잔),11110A0,주택관련대출-예금은행,M00,강원,,,,,십억원,,201110,2506.7
151Y003,1.2.3.4.2. 예금은행 지역별 가계대출(말잔),11110A0,주택관련대출-예금은행,N00,충북,,,,,십억원,,201110,3589.2
151Y003,1.2.3.4.2. 예금은행 지역별 가계대출(말잔),11110A0,주택관련대출-예금은행,P00,충남,,,,,십억원,,201110,6847.6
151Y003,1.2.3.4.2. 예금은행 지역별 가계대출(말잔),11110A0,주택관련대출-예금은행,Q00,전북,,,,,십억원,,201110,3385.2
151Y003,1.2.3.4.2. 예금은행 지역별 가계대출(말잔),11110A0,주택관련대출-예금은행,R00,전남,,,,,십억원,,201110,1831.7
151Y003,1.2.3.4.2. 예금은행 지역별 가계대출(말잔),11110A0,주택관련대출-예금은행,S00,경북,,,,,십억원,,201110,3397.4
151Y003,1.2.3.4.2. 예금은행 지역별 가계대출(말잔),11110A0,주택관련대출-예금은행,T00,경남,,,,,십억원,,201110,8398.5
151Y003,1.2.3.4.2. 예금은행 지역별 가계대출(말잔),11110A0,주택관련대출-예금은행,U00,제주,,,,,십억원,,201110,652.8
151Y003,1.2.3.4.2. 예금은행 지역별 가계대출(말잔),11110A0,주택관련대출-예금은행,A00,서울,,,,,십억원,,201111,113238.7
151Y003,1.2.3.4.2. 예금은행 지역별 가계대출(말잔),11110A0,주택관련대출-예금은행,B00,부산,,,,,십억원,,201111,18205.6
151Y003,1.2.3.4.2. 예금은행 지역별 가계대출(말잔),11110A0,주택관련대출-예금은행,C00,대구,,,,,십억원,,201111,8799.4
151Y003,1.2.3.4.2. 예금은행 지역별 가계대출(말잔),11110A0,주택관련대출-예금은행,D00,인천,,,,,십억원,,201111,25258.1
151Y003,1.2.3.4.2. 예금은행 지역별 가계대출(말잔),11110A0,주택관련대출-예금은행,E00,대전,,,,,십억원,,201111,6904.7
151Y003,1.2.3.4.2. 예금은행 지역별 가계대출(말잔),11110A0,주택관련대출-예금은행,F00,광주,,,,,십억원,,201111,4498.6
151Y003,1.2.3.4.2. 예금은행 지역별 가계대출(말잔),11110A0,주택관련대출-예금은행,G00,울산,,,,,십억원,,201111,3985.7
151Y003,1.2.3.4.2. 예금은행 지역별 가계대출(말잔),11110A0,주택관련대출-예금은행,L00,경기,,,,,십억원,,201111,94770.8
151Y003,1.2.3.4.2. 예금은행 지역별 가계대출(말잔),11110A0,주택관련대출-예금은행,M00,강원,,,,,십억원,,201111,2525.6
151Y003,1.2.3.4.2. 예금은행 지역별 가계대출(말잔),11110A0,주택관련대출-예금은행,N00,충북,,,,,십억원,,201111,3607.9
151Y003,1.2.3.4.2. 예금은행 지역별 가계대출(말잔),11110A0,주택관련대출-예금은행,P00,충남,,,,,십억원,,201111,6847.4
151Y003,1.2.3.4.2. 예금은행 지역별 가계대출(말잔),11110A0,주택관련대출-예금은행,Q00,전북,,,,,십억원,,201111,3410.2
151Y003,1.2.3.4.2. 예금은행 지역별 가계대출(말잔),11110A0,주택관련대출-예금은행,R00,전남,,,,,십억원,,201111,1860.2
151Y003,1.2.3.4.2. 예금은행 지역별 가계대출(말잔),11110A0,주택관련대출-예금은행,S00,경북,,,,,십억원,,201111,3399.5
151Y003,1.2.3.4.2. 예금은행 지역별 가계대출(말잔),11110A0,주택관련대출-예금은행,T00,경남,,,,,십억원,,201111,8469.7
151Y003,1.2.3.4.2. 예금은행 지역별 가계대출(말잔),11110A0,주택관련대출-예금은행,U00,제주,,,,,십억원,,201111,655.4
151Y003,1.2.3.4.2. 예금은행 지역별 가계대출(말잔),11110A0,주택관련대출-예금은행,A00,서울,,,,,십억원,,201112,113511
151Y003,1.2.3.4.2. 예금은행 지역별 가계대출(말잔),11110A0,주택관련대출-예금은행,B00,부산,,,,,십억원,,201112,18469.5
151Y003,1.2.3.4.2. 예금은행 지역별 가계대출(말잔),11110A0,주택관련대출-예금은행,C00,대구,,,,,십억원,,201112,8879.6
151Y003,1.2.3.4.2. 예금은행 지역별 가계대출(말잔),11110A0,주택관련대출-예금은행,D00,인천,,,,,십억원,,201112,25396.5
151Y003,1.2.3.4.2. 예금은행 지역별 가계대출(말잔),11110A0,주택관련대출-예금은행,E00,대전,,,,,십억원,,201112,7139.1
151Y003,1.2.3.4.2. 예금은행 지역별 가계대출(말잔),11110A0,주택관련대출-예금은행,F00,광주,,,,,십억원,,201112,4657.2
151Y003,1.2.3.4.2. 예금은행 지역별 가계대출(말잔),11110A0,주택관련대출-예금은행,G00,울산,,,,,십억원,,201112,4053.5
151Y003,1.2.3.4.2. 예금은행 지역별 가계대출(말잔),11110A0,주택관련대출-예금은행,L00,경기,,,,,십억원,,201112,95453.7
151Y003,1.2.3.4.2. 예금은행 지역별 가계대출(말잔),11110A0,주택관련대출-예금은행,M00,강원,,,,,십억원,,201112,2544.9
151Y003,1.2.3.4.2. 예금은행 지역별 가계대출(말잔),11110A0,주택관련대출-예금은행,N00,충북,,,,,십억원,,201112,3679.4
151Y003,1.2.3.4.2. 예금은행 지역별 가계대출(말잔),11110A0,주택관련대출-예금은행,P00,충남,,,,,십억원,,201112,6887.4
151Y003,1.2.3.4.2. 예금은행 지역별 가계대출(말잔),11110A0,주택관련대출-예금은행,Q00,전북,,,,,십억원,,201112,3496.4
151Y003,1.2.3.4.2. 예금은행 지역별 가계대출(말잔),11110A0,주택관련대출-예금은행,R00,전남,,,,,십억원,,201112,1912.7
151Y003,1.2.3.4.2. 예금은행 지역별 가계대출(말잔),11110A0,주택관련대출-예금은행,S00,경북,,,,,십억원,,201112,3431.2
151Y003,1.2.3.4.2. 예금은행 지역별 가계대출(말잔),11110A0,주택관련대출-예금은행,T00,경남,,,,,십억원,,201112,8682.1
151Y003,1.2.3.4.2. 예금은행 지역별 가계대출(말잔),11110A0,주택관련대출-예금은행,U00,제주,,,,,십억원,,201112,682.3
151Y003,1.2.3.4.2. 예금은행 지역별 가계대출(말잔),11110A0,주택관련대출-예금은행,A00,서울,,,,,십억원,,201201,112948.5
151Y003,1.2.3.4.2. 예금은행 지역별 가계대출(말잔),11110A0,주택관련대출-예금은행,B00,부산,,,,,십억원,,201201,18491.5
151Y003,1.2.3.4.2. 예금은행 지역별 가계대출(말잔),11110A0,주택관련대출-예금은행,C00,대구,,,,,십억원,,201201,8807.2
151Y003,1.2.3.4.2. 예금은행 지역별 가계대출(말잔),11110A0,주택관련대출-예금은행,D00,인천,,,,,십억원,,201201,25351.9
151Y003,1.2.3.4.2. 예금은행 지역별 가계대출(말잔),11110A0,주택관련대출-예금은행,E00,대전,,,,,십억원,,201201,7131.4
151Y003,1.2.3.4.2. 예금은행 지역별 가계대출(말잔),11110A0,주택관련대출-예금은행,F00,광주,,,,,십억원,,201201,4727.3
151Y003,1.2.3.4.2. 예금은행 지역별 가계대출(말잔),11110A0,주택관련대출-예금은행,G00,울산,,,,,십억원,,201201,4042.9
151Y003,1.2.3.4.2. 예금은행 지역별 가계대출(말잔),11110A0,주택관련대출-예금은행,L00,경기,,,,,십억원,,201201,95158.6
151Y003,1.2.3.4.2. 예금은행 지역별 가계대출(말잔),11110A0,주택관련대출-예금은행,M00,강원,,,,,십억원,,201201,2552.9
151Y003,1.2.3.4.2. 예금은행 지역별 가계대출(말잔),11110A0,주택관련대출-예금은행,N00,충북,,,,,십억원,,201201,3638.9
151Y003,1.2.3.4.2. 예금은행 지역별 가계대출(말잔),11110A0,주택관련대출-예금은행,P00,충남,,,,,십억원,,201201,6863.4
151Y003,1.2.3.4.2. 예금은행 지역별 가계대출(말잔),11110A0,주택관련대출-예금은행,Q00,전북,,,,,십억원,,201201,3524.3
151Y003,1.2.3.4.2. 예금은행 지역별 가계대출(말잔),11110A0,주택관련대출-예금은행,R00,전남,,,,,십억원,,201201,1934.8
151Y003,1.2.3.4.2. 예금은행 지역별 가계대출(말잔),11110A0,주택관련대출-예금은행,S00,경북,,,,,십억원,,201201,3404.9
151Y003,1.2.3.4.2. 예금은행 지역별 가계대출(말잔),11110A0,주택관련대출-예금은행,T00,경남,,,,,십억원,,201201,8723.7
151Y003,1.2.3.4.2. 예금은행 지역별 가계대출(말잔),11110A0,주택관련대출-예금은행,U00,제주,,,,,십억원,,201201,679.9
151Y003,1.2.3.4.2. 예금은행 지역별 가계대출(말잔),11110A0,주택관련대출-예금은행,A00,서울,,,,,십억원,,201202,112935.5
151Y003,1.2.3.4.2. 예금은행 지역별 가계대출(말잔),11110A0,주택관련대출-예금은행,B00,부산,,,,,십억원,,201202,18641.8
151Y003,1.2.3.4.2. 예금은행 지역별 가계대출(말잔),11110A0,주택관련대출-예금은행,C00,대구,,,,,십억원,,201202,8902.2
151Y003,1.2.3.4.2. 예금은행 지역별 가계대출(말잔),11110A0,주택관련대출-예금은행,D00,인천,,,,,십억원,,201202,25352.7
151Y003,1.2.3.4.2. 예금은행 지역별 가계대출(말잔),11110A0,주택관련대출-예금은행,E00,대전,,,,,십억원,,201202,7016.1
151Y003,1.2.3.4.2. 예금은행 지역별 가계대출(말잔),11110A0,주택관련대출-예금은행,F00,광주,,,,,십억원,,201202,4777.3
151Y003,1.2.3.4.2. 예금은행 지역별 가계대출(말잔),11110A0,주택관련대출-예금은행,G00,울산,,,,,십억원,,201202,4064
151Y003,1.2.3.4.2. 예금은행 지역별 가계대출(말잔),11110A0,주택관련대출-예금은행,L00,경기,,,,,십억원,,201202,95285.7
151Y003,1.2.3.4.2. 예금은행 지역별 가계대출(말잔),11110A0,주택관련대출-예금은행,M00,강원,,,,,십억원,,201202,2561.7
151Y003,1.2.3.4.2. 예금은행 지역별 가계대출(말잔),11110A0,주택관련대출-예금은행,N00,충북,,,,,십억원,,201202,3632.1
151Y003,1.2.3.4.2. 예금은행 지역별 가계대출(말잔),11110A0,주택관련대출-예금은행,P00,충남,,,,,십억원,,201202,6990.2
151Y003,1.2.3.4.2. 예금은행 지역별 가계대출(말잔),11110A0,주택관련대출-예금은행,Q00,전북,,,,,십억원,,201202,3559.8
151Y003,1.2.3.4.2. 예금은행 지역별 가계대출(말잔),11110A0,주택관련대출-예금은행,R00,전남,,,,,십억원,,201202,1948.4
151Y003,1.2.3.4.2. 예금은행 지역별 가계대출(말잔),11110A0,주택관련대출-예금은행,S00,경북,,,,,십억원,,201202,3386.1
151Y003,1.2.3.4.2. 예금은행 지역별 가계대출(말잔),11110A0,주택관련대출-예금은행,T00,경남,,,,,십억원,,201202,8864.6
151Y003,1.2.3.4.2. 예금은행 지역별 가계대출(말잔),11110A0,주택관련대출-예금은행,U00,제주,,,,,십억원,,201202,675
151Y003,1.2.3.4.2. 예금은행 지역별 가계대출(말잔),11110A0,주택관련대출-예금은행,A00,서울,,,,,십억원,,201203,113018.8
151Y003,1.2.3.4.2. 예금은행 지역별 가계대출(말잔),11110A0,주택관련대출-예금은행,B00,부산,,,,,십억원,,201203,18777.4
151Y003,1.2.3.4.2. 예금은행 지역별 가계대출(말잔),11110A0,주택관련대출-예금은행,C00,대구,,,,,십억원,,201203,8914.4
151Y003,1.2.3.4.2. 예금은행 지역별 가계대출(말잔),11110A0,주택관련대출-예금은행,D00,인천,,,,,십억원,,201203,25383.7
151Y003,1.2.3.4.2. 예금은행 지역별 가계대출(말잔),11110A0,주택관련대출-예금은행,E00,대전,,,,,십억원,,201203,7053.2
151Y003,1.2.3.4.2. 예금은행 지역별 가계대출(말잔),11110A0,주택관련대출-예금은행,F00,광주,,,,,십억원,,201203,4833.6
151Y003,1.2.3.4.2. 예금은행 지역별 가계대출(말잔),11110A0,주택관련대출-예금은행,G00,울산,,,,,십억원,,201203,4230.6
151Y003,1.2.3.4.2. 예금은행 지역별 가계대출(말잔),11110A0,주택관련대출-예금은행,L00,경기,,,,,십억원,,201203,95347.1
151Y003,1.2.3.4.2. 예금은행 지역별 가계대출(말잔),11110A0,주택관련대출-예금은행,M00,강원,,,,,십억원,,201203,2570.6
151Y003,1.2.3.4.2. 예금은행 지역별 가계대출(말잔),11110A0,주택관련대출-예금은행,N00,충북,,,,,십억원,,201203,3647.6
151Y003,1.2.3.4.2. 예금은행 지역별 가계대출(말잔),11110A0,주택관련대출-예금은행,P00,충남,,,,,십억원,,201203,7028.2
151Y003,1.2.3.4.2. 예금은행 지역별 가계대출(말잔),11110A0,주택관련대출-예금은행,Q00,전북,,,,,십억원,,201203,3627.5
151Y003,1.2.3.4.2. 예금은행 지역별 가계대출(말잔),11110A0,주택관련대출-예금은행,R00,전남,,,,,십억원,,201203,2009
151Y003,1.2.3.4.2. 예금은행 지역별 가계대출(말잔),11110A0,주택관련대출-예금은행,S00,경북,,,,,십억원,,201203,3379.7
151Y003,1.2.3.4.2. 예금은행 지역별 가계대출(말잔),11110A0,주택관련대출-예금은행,T00,경남,,,,,십억원,,201203,8952.9
151Y003,1.2.3.4.2. 예금은행 지역별 가계대출(말잔),11110A0,주택관련대출-예금은행,U00,제주,,,,,십억원,,201203,689.1
151Y003,1.2.3.4.2. 예금은행 지역별 가계대출(말잔),11110A0,주택관련대출-예금은행,A00,서울,,,,,십억원,,201204,113063.5
151Y003,1.2.3.4.2. 예금은행 지역별 가계대출(말잔),11110A0,주택관련대출-예금은행,B00,부산,,,,,십억원,,201204,18934.3
151Y003,1.2.3.4.2. 예금은행 지역별 가계대출(말잔),11110A0,주택관련대출-예금은행,C00,대구,,,,,십억원,,201204,9011.1
151Y003,1.2.3.4.2. 예금은행 지역별 가계대출(말잔),11110A0,주택관련대출-예금은행,D00,인천,,,,,십억원,,201204,25451.5
151Y003,1.2.3.4.2. 예금은행 지역별 가계대출(말잔),11110A0,주택관련대출-예금은행,E00,대전,,,,,십억원,,201204,7086.8
151Y003,1.2.3.4.2. 예금은행 지역별 가계대출(말잔),11110A0,주택관련대출-예금은행,F00,광주,,,,,십억원,,201204,4894.6
151Y003,1.2.3.4.2. 예금은행 지역별 가계대출(말잔),11110A0,주택관련대출-예금은행,G00,울산,,,,,십억원,,201204,4289.6
151Y003,1.2.3.4.2. 예금은행 지역별 가계대출(말잔),11110A0,주택관련대출-예금은행,L00,경기,,,,,십억원,,201204,95449.4
151Y003,1.2.3.4.2. 예금은행 지역별 가계대출(말잔),11110A0,주택관련대출-예금은행,M00,강원,,,,,십억원,,201204,2616.3
151Y003,1.2.3.4.2. 예금은행 지역별 가계대출(말잔),11110A0,주택관련대출-예금은행,N00,충북,,,,,십억원,,201204,3670.3
151Y003,1.2.3.4.2. 예금은행 지역별 가계대출(말잔),11110A0,주택관련대출-예금은행,P00,충남,,,,,십억원,,201204,7057.1
151Y003,1.2.3.4.2. 예금은행 지역별 가계대출(말잔),11110A0,주택관련대출-예금은행,Q00,전북,,,,,십억원,,201204,3658.5
151Y003,1.2.3.4.2. 예금은행 지역별 가계대출(말잔),11110A0,주택관련대출-예금은행,R00,전남,,,,,십억원,,201204,2043.3
151Y003,1.2.3.4.2. 예금은행 지역별 가계대출(말잔),11110A0,주택관련대출-예금은행,S00,경북,,,,,십억원,,201204,3401.5
151Y003,1.2.3.4.2. 예금은행 지역별 가계대출(말잔),11110A0,주택관련대출-예금은행,T00,경남,,,,,십억원,,201204,9155
151Y003,1.2.3.4.2. 예금은행 지역별 가계대출(말잔),11110A0,주택관련대출-예금은행,U00,제주,,,,,십억원,,201204,686.9
151Y003,1.2.3.4.2. 예금은행 지역별 가계대출(말잔),11110A0,주택관련대출-예금은행,A00,서울,,,,,십억원,,201205,112938.1
151Y003,1.2.3.4.2. 예금은행 지역별 가계대출(말잔),11110A0,주택관련대출-예금은행,B00,부산,,,,,십억원,,201205,19020.8
151Y003,1.2.3.4.2. 예금은행 지역별 가계대출(말잔),11110A0,주택관련대출-예금은행,C00,대구,,,,,십억원,,201205,9057.4
151Y003,1.2.3.4.2. 예금은행 지역별 가계대출(말잔),11110A0,주택관련대출-예금은행,D00,인천,,,,,십억원,,201205,25510.5
151Y003,1.2.3.4.2. 예금은행 지역별 가계대출(말잔),11110A0,주택관련대출-예금은행,E00,대전,,,,,십억원,,201205,7114.6
151Y003,1.2.3.4.2. 예금은행 지역별 가계대출(말잔),11110A0,주택관련대출-예금은행,F00,광주,,,,,십억원,,201205,4977.7
151Y003,1.2.3.4.2. 예금은행 지역별 가계대출(말잔),11110A0,주택관련대출-예금은행,G00,울산,,,,,십억원,,201205,4349
151Y003,1.2.3.4.2. 예금은행 지역별 가계대출(말잔),11110A0,주택관련대출-예금은행,L00,경기,,,,,십억원,,201205,95756.9
151Y003,1.2.3.4.2. 예금은행 지역별 가계대출(말잔),11110A0,주택관련대출-예금은행,M00,강원,,,,,십억원,,201205,2636.3
151Y003,1.2.3.4.2. 예금은행 지역별 가계대출(말잔),11110A0,주택관련대출-예금은행,N00,충북,,,,,십억원,,201205,3659.5
151Y003,1.2.3.4.2. 예금은행 지역별 가계대출(말잔),11110A0,주택관련대출-예금은행,P00,충남,,,,,십억원,,201205,7110.6
151Y003,1.2.3.4.2. 예금은행 지역별 가계대출(말잔),11110A0,주택관련대출-예금은행,Q00,전북,,,,,십억원,,201205,3720.5
151Y003,1.2.3.4.2. 예금은행 지역별 가계대출(말잔),11110A0,주택관련대출-예금은행,R00,전남,,,,,십억원,,201205,2066.3
151Y003,1.2.3.4.2. 예금은행 지역별 가계대출(말잔),11110A0,주택관련대출-예금은행,S00,경북,,,,,십억원,,201205,3409.1
151Y003,1.2.3.4.2. 예금은행 지역별 가계대출(말잔),11110A0,주택관련대출-예금은행,T00,경남,,,,,십억원,,201205,9295.1
151Y003,1.2.3.4.2. 예금은행 지역별 가계대출(말잔),11110A0,주택관련대출-예금은행,U00,제주,,,,,십억원,,201205,686.5
151Y003,1.2.3.4.2. 예금은행 지역별 가계대출(말잔),11110A0,주택관련대출-예금은행,A00,서울,,,,,십억원,,201206,113052.8
151Y003,1.2.3.4.2. 예금은행 지역별 가계대출(말잔),11110A0,주택관련대출-예금은행,B00,부산,,,,,십억원,,201206,19224.6
151Y003,1.2.3.4.2. 예금은행 지역별 가계대출(말잔),11110A0,주택관련대출-예금은행,C00,대구,,,,,십억원,,201206,9145.3
151Y003,1.2.3.4.2. 예금은행 지역별 가계대출(말잔),11110A0,주택관련대출-예금은행,D00,인천,,,,,십억원,,201206,25628.8
151Y003,1.2.3.4.2. 예금은행 지역별 가계대출(말잔),11110A0,주택관련대출-예금은행,E00,대전,,,,,십억원,,201206,7204
151Y003,1.2.3.4.2. 예금은행 지역별 가계대출(말잔),11110A0,주택관련대출-예금은행,F00,광주,,,,,십억원,,201206,5081.8
151Y003,1.2.3.4.2. 예금은행 지역별 가계대출(말잔),11110A0,주택관련대출-예금은행,G00,울산,,,,,십억원,,201206,4413.2
151Y003,1.2.3.4.2. 예금은행 지역별 가계대출(말잔),11110A0,주택관련대출-예금은행,L00,경기,,,,,십억원,,201206,95737.3
151Y003,1.2.3.4.2. 예금은행 지역별 가계대출(말잔),11110A0,주택관련대출-예금은행,M00,강원,,,,,십억원,,201206,2663.9
151Y003,1.2.3.4.2. 예금은행 지역별 가계대출(말잔),11110A0,주택관련대출-예금은행,N00,충북,,,,,십억원,,201206,3659.5
151Y003,1.2.3.4.2. 예금은행 지역별 가계대출(말잔),11110A0,주택관련대출-예금은행,P00,충남,,,,,십억원,,201206,7115.6
151Y003,1.2.3.4.2. 예금은행 지역별 가계대출(말잔),11110A0,주택관련대출-예금은행,Q00,전북,,,,,십억원,,201206,3759.3
151Y003,1.2.3.4.2. 예금은행 지역별 가계대출(말잔),11110A0,주택관련대출-예금은행,R00,전남,,,,,십억원,,201206,2120.7
151Y003,1.2.3.4.2. 예금은행 지역별 가계대출(말잔),11110A0,주택관련대출-예금은행,S00,경북,,,,,십억원,,201206,3446.5
151Y003,1.2.3.4.2. 예금은행 지역별 가계대출(말잔),11110A0,주택관련대출-예금은행,T00,경남,,,,,십억원,,201206,9461.2
151Y003,1.2.3.4.2. 예금은행 지역별 가계대출(말잔),11110A0,주택관련대출-예금은행,U00,제주,,,,,십억원,,201206,697.9
151Y003,1.2.3.4.2. 예금은행 지역별 가계대출(말잔),11110A0,주택관련대출-예금은행,A00,서울,,,,,십억원,,201207,112853.3
151Y003,1.2.3.4.2. 예금은행 지역별 가계대출(말잔),11110A0,주택관련대출-예금은행,B00,부산,,,,,십억원,,201207,19376.3
151Y003,1.2.3.4.2. 예금은행 지역별 가계대출(말잔),11110A0,주택관련대출-예금은행,C00,대구,,,,,십억원,,201207,9173.3
151Y003,1.2.3.4.2. 예금은행 지역별 가계대출(말잔),11110A0,주택관련대출-예금은행,D00,인천,,,,,십억원,,201207,25695.7
151Y003,1.2.3.4.2. 예금은행 지역별 가계대출(말잔),11110A0,주택관련대출-예금은행,E00,대전,,,,,십억원,,201207,7184.6
151Y003,1.2.3.4.2. 예금은행 지역별 가계대출(말잔),11110A0,주택관련대출-예금은행,F00,광주,,,,,십억원,,201207,5102.5
151Y003,1.2.3.4.2. 예금은행 지역별 가계대출(말잔),11110A0,주택관련대출-예금은행,G00,울산,,,,,십억원,,201207,4378.2
151Y003,1.2.3.4.2. 예금은행 지역별 가계대출(말잔),11110A0,주택관련대출-예금은행,L00,경기,,,,,십억원,,201207,95889.1
151Y003,1.2.3.4.2. 예금은행 지역별 가계대출(말잔),11110A0,주택관련대출-예금은행,M00,강원,,,,,십억원,,201207,2670.8
151Y003,1.2.3.4.2. 예금은행 지역별 가계대출(말잔),11110A0,주택관련대출-예금은행,N00,충북,,,,,십억원,,201207,3675.6
151Y003,1.2.3.4.2. 예금은행 지역별 가계대출(말잔),11110A0,주택관련대출-예금은행,P00,충남,,,,,십억원,,201207,7088.4
151Y003,1.2.3.4.2. 예금은행 지역별 가계대출(말잔),11110A0,주택관련대출-예금은행,Q00,전북,,,,,십억원,,201207,3754
151Y003,1.2.3.4.2. 예금은행 지역별 가계대출(말잔),11110A0,주택관련대출-예금은행,R00,전남,,,,,십억원,,201207,2156.5
151Y003,1.2.3.4.2. 예금은행 지역별 가계대출(말잔),11110A0,주택관련대출-예금은행,S00,경북,,,,,십억원,,201207,3476.7
151Y003,1.2.3.4.2. 예금은행 지역별 가계대출(말잔),11110A0,주택관련대출-예금은행,T00,경남,,,,,십억원,,201207,9561.6
151Y003,1.2.3.4.2. 예금은행 지역별 가계대출(말잔),11110A0,주택관련대출-예금은행,U00,제주,,,,,십억원,,201207,699.3
151Y003,1.2.3.4.2. 예금은행 지역별 가계대출(말잔),11110A0,주택관련대출-예금은행,A00,서울,,,,,십억원,,201208,112446.3
151Y003,1.2.3.4.2. 예금은행 지역별 가계대출(말잔),11110A0,주택관련대출-예금은행,B00,부산,,,,,십억원,,201208,19544.4
151Y003,1.2.3.4.2. 예금은행 지역별 가계대출(말잔),11110A0,주택관련대출-예금은행,C00,대구,,,,,십억원,,201208,9291.4
151Y003,1.2.3.4.2. 예금은행 지역별 가계대출(말잔),11110A0,주택관련대출-예금은행,D00,인천,,,,,십억원,,201208,25781.7
151Y003,1.2.3.4.2. 예금은행 지역별 가계대출(말잔),11110A0,주택관련대출-예금은행,E00,대전,,,,,십억원,,201208,7408.7
151Y003,1.2.3.4.2. 예금은행 지역별 가계대출(말잔),11110A0,주택관련대출-예금은행,F00,광주,,,,,십억원,,201208,5132.8
151Y003,1.2.3.4.2. 예금은행 지역별 가계대출(말잔),11110A0,주택관련대출-예금은행,G00,울산,,,,,십억원,,201208,4459.3
151Y003,1.2.3.4.2. 예금은행 지역별 가계대출(말잔),11110A0,주택관련대출-예금은행,L00,경기,,,,,십억원,,201208,95801
151Y003,1.2.3.4.2. 예금은행 지역별 가계대출(말잔),11110A0,주택관련대출-예금은행,M00,강원,,,,,십억원,,201208,2714.7
151Y003,1.2.3.4.2. 예금은행 지역별 가계대출(말잔),11110A0,주택관련대출-예금은행,N00,충북,,,,,십억원,,201208,3687.7
151Y003,1.2.3.4.2. 예금은행 지역별 가계대출(말잔),11110A0,주택관련대출-예금은행,P00,충남,,,,,십억원,,201208,7220.1
151Y003,1.2.3.4.2. 예금은행 지역별 가계대출(말잔),11110A0,주택관련대출-예금은행,Q00,전북,,,,,십억원,,201208,3793.2
151Y003,1.2.3.4.2. 예금은행 지역별 가계대출(말잔),11110A0,주택관련대출-예금은행,R00,전남,,,,,십억원,,201208,2190.3
151Y003,1.2.3.4.2. 예금은행 지역별 가계대출(말잔),11110A0,주택관련대출-예금은행,S00,경북,,,,,십억원,,201208,3525.5
151Y003,1.2.3.4.2. 예금은행 지역별 가계대출(말잔),11110A0,주택관련대출-예금은행,T00,경남,,,,,십억원,,201208,9718.3
151Y003,1.2.3.4.2. 예금은행 지역별 가계대출(말잔),11110A0,주택관련대출-예금은행,U00,제주,,,,,십억원,,201208,707.1
151Y003,1.2.3.4.2. 예금은행 지역별 가계대출(말잔),11110A0,주택관련대출-예금은행,A00,서울,,,,,십억원,,201209,111954.2
151Y003,1.2.3.4.2. 예금은행 지역별 가계대출(말잔),11110A0,주택관련대출-예금은행,B00,부산,,,,,십억원,,201209,19624.6
151Y003,1.2.3.4.2. 예금은행 지역별 가계대출(말잔),11110A0,주택관련대출-예금은행,C00,대구,,,,,십억원,,201209,9364
151Y003,1.2.3.4.2. 예금은행 지역별 가계대출(말잔),11110A0,주택관련대출-예금은행,D00,인천,,,,,십억원,,201209,25770.7
151Y003,1.2.3.4.2. 예금은행 지역별 가계대출(말잔),11110A0,주택관련대출-예금은행,E00,대전,,,,,십억원,,201209,7463.2
151Y003,1.2.3.4.2. 예금은행 지역별 가계대출(말잔),11110A0,주택관련대출-예금은행,F00,광주,,,,,십억원,,201209,5138.9
151Y003,1.2.3.4.2. 예금은행 지역별 가계대출(말잔),11110A0,주택관련대출-예금은행,G00,울산,,,,,십억원,,201209,4452.7
151Y003,1.2.3.4.2. 예금은행 지역별 가계대출(말잔),11110A0,주택관련대출-예금은행,H00,세종,,,,,십억원,,201209,720.8
151Y003,1.2.3.4.2. 예금은행 지역별 가계대출(말잔),11110A0,주택관련대출-예금은행,L00,경기,,,,,십억원,,201209,95606.3
151Y003,1.2.3.4.2. 예금은행 지역별 가계대출(말잔),11110A0,주택관련대출-예금은행,M00,강원,,,,,십억원,,201209,2735.7
151Y003,1.2.3.4.2. 예금은행 지역별 가계대출(말잔),11110A0,주택관련대출-예금은행,N00,충북,,,,,십억원,,201209,3733.2
151Y003,1.2.3.4.2. 예금은행 지역별 가계대출(말잔),11110A0,주택관련대출-예금은행,P00,충남,,,,,십억원,,201209,6585.5
151Y003,1.2.3.4.2. 예금은행 지역별 가계대출(말잔),11110A0,주택관련대출-예금은행,Q00,전북,,,,,십억원,,201209,3849.3
151Y003,1.2.3.4.2. 예금은행 지역별 가계대출(말잔),11110A0,주택관련대출-예금은행,R00,전남,,,,,십억원,,201209,2211.5
151Y003,1.2.3.4.2. 예금은행 지역별 가계대출(말잔),11110A0,주택관련대출-예금은행,S00,경북,,,,,십억원,,201209,3529.3
151Y003,1.2.3.4.2. 예금은행 지역별 가계대출(말잔),11110A0,주택관련대출-예금은행,T00,경남,,,,,십억원,,201209,9876.1
151Y003,1.2.3.4.2. 예금은행 지역별 가계대출(말잔),11110A0,주택관련대출-예금은행,U00,제주,,,,,십억원,,201209,718
151Y003,1.2.3.4.2. 예금은행 지역별 가계대출(말잔),11110A0,주택관련대출-예금은행,A00,서울,,,,,십억원,,201210,111746
151Y003,1.2.3.4.2. 예금은행 지역별 가계대출(말잔),11110A0,주택관련대출-예금은행,B00,부산,,,,,십억원,,201210,19797
151Y003,1.2.3.4.2. 예금은행 지역별 가계대출(말잔),11110A0,주택관련대출-예금은행,C00,대구,,,,,십억원,,201210,9435.7
151Y003,1.2.3.4.2. 예금은행 지역별 가계대출(말잔),11110A0,주택관련대출-예금은행,D00,인천,,,,,십억원,,201210,25715.5
151Y003,1.2.3.4.2. 예금은행 지역별 가계대출(말잔),11110A0,주택관련대출-예금은행,E00,대전,,,,,십억원,,201210,7503.7
151Y003,1.2.3.4.2. 예금은행 지역별 가계대출(말잔),11110A0,주택관련대출-예금은행,F00,광주,,,,,십억원,,201210,5145.9
151Y003,1.2.3.4.2. 예금은행 지역별 가계대출(말잔),11110A0,주택관련대출-예금은행,G00,울산,,,,,십억원,,201210,4486.9
151Y003,1.2.3.4.2. 예금은행 지역별 가계대출(말잔),11110A0,주택관련대출-예금은행,H00,세종,,,,,십억원,,201210,757.5
151Y003,1.2.3.4.2. 예금은행 지역별 가계대출(말잔),11110A0,주택관련대출-예금은행,L00,경기,,,,,십억원,,201210,95508.6
151Y003,1.2.3.4.2. 예금은행 지역별 가계대출(말잔),11110A0,주택관련대출-예금은행,M00,강원,,,,,십억원,,201210,2762.9
151Y003,1.2.3.4.2. 예금은행 지역별 가계대출(말잔),11110A0,주택관련대출-예금은행,N00,충북,,,,,십억원,,201210,3787.4
151Y003,1.2.3.4.2. 예금은행 지역별 가계대출(말잔),11110A0,주택관련대출-예금은행,P00,충남,,,,,십억원,,201210,6602.7
151Y003,1.2.3.4.2. 예금은행 지역별 가계대출(말잔),11110A0,주택관련대출-예금은행,Q00,전북,,,,,십억원,,201210,3855.5
151Y003,1.2.3.4.2. 예금은행 지역별 가계대출(말잔),11110A0,주택관련대출-예금은행,R00,전남,,,,,십억원,,201210,2249.6
151Y003,1.2.3.4.2. 예금은행 지역별 가계대출(말잔),11110A0,주택관련대출-예금은행,S00,경북,,,,,십억원,,201210,3561.7
151Y003,1.2.3.4.2. 예금은행 지역별 가계대출(말잔),11110A0,주택관련대출-예금은행,T00,경남,,,,,십억원,,201210,10079
151Y003,1.2.3.4.2. 예금은행 지역별 가계대출(말잔),11110A0,주택관련대출-예금은행,U00,제주,,,,,십억원,,201210,729.1
151Y003,1.2.3.4.2. 예금은행 지역별 가계대출(말잔),11110A0,주택관련대출-예금은행,A00,서울,,,,,십억원,,201211,111475.8
151Y003,1.2.3.4.2. 예금은행 지역별 가계대출(말잔),11110A0,주택관련대출-예금은행,B00,부산,,,,,십억원,,201211,19762.8
151Y003,1.2.3.4.2. 예금은행 지역별 가계대출(말잔),11110A0,주택관련대출-예금은행,C00,대구,,,,,십억원,,201211,9501.1
151Y003,1.2.3.4.2. 예금은행 지역별 가계대출(말잔),11110A0,주택관련대출-예금은행,D00,인천,,,,,십억원,,201211,25681.4
151Y003,1.2.3.4.2. 예금은행 지역별 가계대출(말잔),11110A0,주택관련대출-예금은행,E00,대전,,,,,십억원,,201211,7554.8
151Y003,1.2.3.4.2. 예금은행 지역별 가계대출(말잔),11110A0,주택관련대출-예금은행,F00,광주,,,,,십억원,,201211,5159.5
151Y003,1.2.3.4.2. 예금은행 지역별 가계대출(말잔),11110A0,주택관련대출-예금은행,G00,울산,,,,,십억원,,201211,4530.2
151Y003,1.2.3.4.2. 예금은행 지역별 가계대출(말잔),11110A0,주택관련대출-예금은행,H00,세종,,,,,십억원,,201211,849
151Y003,1.2.3.4.2. 예금은행 지역별 가계대출(말잔),11110A0,주택관련대출-예금은행,L00,경기,,,,,십억원,,201211,95053.3
151Y003,1.2.3.4.2. 예금은행 지역별 가계대출(말잔),11110A0,주택관련대출-예금은행,M00,강원,,,,,십억원,,201211,2756.8
151Y003,1.2.3.4.2. 예금은행 지역별 가계대출(말잔),11110A0,주택관련대출-예금은행,N00,충북,,,,,십억원,,201211,3798.5
151Y003,1.2.3.4.2. 예금은행 지역별 가계대출(말잔),11110A0,주택관련대출-예금은행,P00,충남,,,,,십억원,,201211,6607.4
151Y003,1.2.3.4.2. 예금은행 지역별 가계대출(말잔),11110A0,주택관련대출-예금은행,Q00,전북,,,,,십억원,,201211,3852.7
151Y003,1.2.3.4.2. 예금은행 지역별 가계대출(말잔),11110A0,주택관련대출-예금은행,R00,전남,,,,,십억원,,201211,2339.6
151Y003,1.2.3.4.2. 예금은행 지역별 가계대출(말잔),11110A0,주택관련대출-예금은행,S00,경북,,,,,십억원,,201211,3547.8
151Y003,1.2.3.4.2. 예금은행 지역별 가계대출(말잔),11110A0,주택관련대출-예금은행,T00,경남,,,,,십억원,,201211,10226.8
151Y003,1.2.3.4.2. 예금은행 지역별 가계대출(말잔),11110A0,주택관련대출-예금은행,U00,제주,,,,,십억원,,201211,737.3
151Y003,1.2.3.4.2. 예금은행 지역별 가계대출(말잔),11110A0,주택관련대출-예금은행,A00,서울,,,,,십억원,,201212,112091.6
151Y003,1.2.3.4.2. 예금은행 지역별 가계대출(말잔),11110A0,주택관련대출-예금은행,B00,부산,,,,,십억원,,201212,20319.7
151Y003,1.2.3.4.2. 예금은행 지역별 가계대출(말잔),11110A0,주택관련대출-예금은행,C00,대구,,,,,십억원,,201212,9863.2
151Y003,1.2.3.4.2. 예금은행 지역별 가계대출(말잔),11110A0,주택관련대출-예금은행,D00,인천,,,,,십억원,,201212,25889.3
151Y003,1.2.3.4.2. 예금은행 지역별 가계대출(말잔),11110A0,주택관련대출-예금은행,E00,대전,,,,,십억원,,201212,7690.9
151Y003,1.2.3.4.2. 예금은행 지역별 가계대출(말잔),11110A0,주택관련대출-예금은행,F00,광주,,,,,십억원,,201212,5325.4
151Y003,1.2.3.4.2. 예금은행 지역별 가계대출(말잔),11110A0,주택관련대출-예금은행,G00,울산,,,,,십억원,,201212,4668.3
151Y003,1.2.3.4.2. 예금은행 지역별 가계대출(말잔),11110A0,주택관련대출-예금은행,H00,세종,,,,,십억원,,201212,861.4
151Y003,1.2.3.4.2. 예금은행 지역별 가계대출(말잔),11110A0,주택관련대출-예금은행,L00,경기,,,,,십억원,,201212,96202.6
151Y003,1.2.3.4.2. 예금은행 지역별 가계대출(말잔),11110A0,주택관련대출-예금은행,M00,강원,,,,,십억원,,201212,2869.7
151Y003,1.2.3.4.2. 예금은행 지역별 가계대출(말잔),11110A0,주택관련대출-예금은행,N00,충북,,,,,십억원,,201212,3943.6
151Y003,1.2.3.4.2. 예금은행 지역별 가계대출(말잔),11110A0,주택관련대출-예금은행,P00,충남,,,,,십억원,,201212,6769.5
151Y003,1.2.3.4.2. 예금은행 지역별 가계대출(말잔),11110A0,주택관련대출-예금은행,Q00,전북,,,,,십억원,,201212,4035.3
151Y003,1.2.3.4.2. 예금은행 지역별 가계대출(말잔),11110A0,주택관련대출-예금은행,R00,전남,,,,,십억원,,201212,2432.2
151Y003,1.2.3.4.2. 예금은행 지역별 가계대출(말잔),11110A0,주택관련대출-예금은행,S00,경북,,,,,십억원,,201212,3713.5
151Y003,1.2.3.4.2. 예금은행 지역별 가계대출(말잔),11110A0,주택관련대출-예금은행,T00,경남,,,,,십억원,,201212,10757.3
151Y003,1.2.3.4.2. 예금은행 지역별 가계대출(말잔),11110A0,주택관련대출-예금은행,U00,제주,,,,,십억원,,201212,793.2
151Y003,1.2.3.4.2. 예금은행 지역별 가계대출(말잔),11110A0,주택관련대출-예금은행,A00,서울,,,,,십억원,,201301,111540.9
151Y003,1.2.3.4.2. 예금은행 지역별 가계대출(말잔),11110A0,주택관련대출-예금은행,B00,부산,,,,,십억원,,201301,20240.8
151Y003,1.2.3.4.2. 예금은행 지역별 가계대출(말잔),11110A0,주택관련대출-예금은행,C00,대구,,,,,십억원,,201301,9734.3
151Y003,1.2.3.4.2. 예금은행 지역별 가계대출(말잔),11110A0,주택관련대출-예금은행,D00,인천,,,,,십억원,,201301,25607.3
151Y003,1.2.3.4.2. 예금은행 지역별 가계대출(말잔),11110A0,주택관련대출-예금은행,E00,대전,,,,,십억원,,201301,7646.8
151Y003,1.2.3.4.2. 예금은행 지역별 가계대출(말잔),11110A0,주택관련대출-예금은행,F00,광주,,,,,십억원,,201301,5278
151Y003,1.2.3.4.2. 예금은행 지역별 가계대출(말잔),11110A0,주택관련대출-예금은행,G00,울산,,,,,십억원,,201301,4645.7
151Y003,1.2.3.4.2. 예금은행 지역별 가계대출(말잔),11110A0,주택관련대출-예금은행,H00,세종,,,,,십억원,,201301,875
151Y003,1.2.3.4.2. 예금은행 지역별 가계대출(말잔),11110A0,주택관련대출-예금은행,L00,경기,,,,,십억원,,201301,95218
151Y003,1.2.3.4.2. 예금은행 지역별 가계대출(말잔),11110A0,주택관련대출-예금은행,M00,강원,,,,,십억원,,201301,2849.2
151Y003,1.2.3.4.2. 예금은행 지역별 가계대출(말잔),11110A0,주택관련대출-예금은행,N00,충북,,,,,십억원,,201301,3942.4
151Y003,1.2.3.4.2. 예금은행 지역별 가계대출(말잔),11110A0,주택관련대출-예금은행,P00,충남,,,,,십억원,,201301,6685.3
151Y003,1.2.3.4.2. 예금은행 지역별 가계대출(말잔),11110A0,주택관련대출-예금은행,Q00,전북,,,,,십억원,,201301,3998.3
151Y003,1.2.3.4.2. 예금은행 지역별 가계대출(말잔),11110A0,주택관련대출-예금은행,R00,전남,,,,,십억원,,201301,2456.6
151Y003,1.2.3.4.2. 예금은행 지역별 가계대출(말잔),11110A0,주택관련대출-예금은행,S00,경북,,,,,십억원,,201301,3671.3
151Y003,1.2.3.4.2. 예금은행 지역별 가계대출(말잔),11110A0,주택관련대출-예금은행,T00,경남,,,,,십억원,,201301,10833.2
151Y003,1.2.3.4.2. 예금은행 지역별 가계대출(말잔),11110A0,주택관련대출-예금은행,U00,제주,,,,,십억원,,201301,801.3
151Y003,1.2.3.4.2. 예금은행 지역별 가계대출(말잔),11110A0,주택관련대출-예금은행,A00,서울,,,,,십억원,,201302,111162.4
151Y003,1.2.3.4.2. 예금은행 지역별 가계대출(말잔),11110A0,주택관련대출-예금은행,B00,부산,,,,,십억원,,201302,20252.7
151Y003,1.2.3.4.2. 예금은행 지역별 가계대출(말잔),11110A0,주택관련대출-예금은행,C00,대구,,,,,십억원,,201302,9687.8
151Y003,1.2.3.4.2. 예금은행 지역별 가계대출(말잔),11110A0,주택관련대출-예금은행,D00,인천,,,,,십억원,,201302,25393.4
151Y003,1.2.3.4.2. 예금은행 지역별 가계대출(말잔),11110A0,주택관련대출-예금은행,E00,대전,,,,,십억원,,201302,7748.7
151Y003,1.2.3.4.2. 예금은행 지역별 가계대출(말잔),11110A0,주택관련대출-예금은행,F00,광주,,,,,십억원,,201302,5363.4
151Y003,1.2.3.4.2. 예금은행 지역별 가계대출(말잔),11110A0,주택관련대출-예금은행,G00,울산,,,,,십억원,,201302,4664.4
151Y003,1.2.3.4.2. 예금은행 지역별 가계대출(말잔),11110A0,주택관련대출-예금은행,H00,세종,,,,,십억원,,201302,936.7
151Y003,1.2.3.4.2. 예금은행 지역별 가계대출(말잔),11110A0,주택관련대출-예금은행,L00,경기,,,,,십억원,,201302,94687.6
151Y003,1.2.3.4.2. 예금은행 지역별 가계대출(말잔),11110A0,주택관련대출-예금은행,M00,강원,,,,,십억원,,201302,2845
151Y003,1.2.3.4.2. 예금은행 지역별 가계대출(말잔),11110A0,주택관련대출-예금은행,N00,충북,,,,,십억원,,201302,3922.9
151Y003,1.2.3.4.2. 예금은행 지역별 가계대출(말잔),11110A0,주택관련대출-예금은행,P00,충남,,,,,십억원,,201302,6703.4
151Y003,1.2.3.4.2. 예금은행 지역별 가계대출(말잔),11110A0,주택관련대출-예금은행,Q00,전북,,,,,십억원,,201302,4062.8
151Y003,1.2.3.4.2. 예금은행 지역별 가계대출(말잔),11110A0,주택관련대출-예금은행,R00,전남,,,,,십억원,,201302,2495.2
151Y003,1.2.3.4.2. 예금은행 지역별 가계대출(말잔),11110A0,주택관련대출-예금은행,S00,경북,,,,,십억원,,201302,3661.1
151Y003,1.2.3.4.2. 예금은행 지역별 가계대출(말잔),11110A0,주택관련대출-예금은행,T00,경남,,,,,십억원,,201302,10735.7
151Y003,1.2.3.4.2. 예금은행 지역별 가계대출(말잔),11110A0,주택관련대출-예금은행,U00,제주,,,,,십억원,,201302,825.3
151Y003,1.2.3.4.2. 예금은행 지역별 가계대출(말잔),11110A0,주택관련대출-예금은행,A00,서울,,,,,십억원,,201303,111101.6
151Y003,1.2.3.4.2. 예금은행 지역별 가계대출(말잔),11110A0,주택관련대출-예금은행,B00,부산,,,,,십억원,,201303,20428.4
151Y003,1.2.3.4.2. 예금은행 지역별 가계대출(말잔),11110A0,주택관련대출-예금은행,C00,대구,,,,,십억원,,201303,9840.5
151Y003,1.2.3.4.2. 예금은행 지역별 가계대출(말잔),11110A0,주택관련대출-예금은행,D00,인천,,,,,십억원,,201303,25496.4
151Y003,1.2.3.4.2. 예금은행 지역별 가계대출(말잔),11110A0,주택관련대출-예금은행,E00,대전,,,,,십억원,,201303,7830
151Y003,1.2.3.4.2. 예금은행 지역별 가계대출(말잔),11110A0,주택관련대출-예금은행,F00,광주,,,,,십억원,,201303,5458.7
151Y003,1.2.3.4.2. 예금은행 지역별 가계대출(말잔),11110A0,주택관련대출-예금은행,G00,울산,,,,,십억원,,201303,4690.4
151Y003,1.2.3.4.2. 예금은행 지역별 가계대출(말잔),11110A0,주택관련대출-예금은행,H00,세종,,,,,십억원,,201303,990.9
151Y003,1.2.3.4.2. 예금은행 지역별 가계대출(말잔),11110A0,주택관련대출-예금은행,L00,경기,,,,,십억원,,201303,94526.9
151Y003,1.2.3.4.2. 예금은행 지역별 가계대출(말잔),11110A0,주택관련대출-예금은행,M00,강원,,,,,십억원,,201303,2865.8
151Y003,1.2.3.4.2. 예금은행 지역별 가계대출(말잔),11110A0,주택관련대출-예금은행,N00,충북,,,,,십억원,,201303,3898.9
151Y003,1.2.3.4.2. 예금은행 지역별 가계대출(말잔),11110A0,주택관련대출-예금은행,P00,충남,,,,,십억원,,201303,6733.7
151Y003,1.2.3.4.2. 예금은행 지역별 가계대출(말잔),11110A0,주택관련대출-예금은행,Q00,전북,,,,,십억원,,201303,4089.2
151Y003,1.2.3.4.2. 예금은행 지역별 가계대출(말잔),11110A0,주택관련대출-예금은행,R00,전남,,,,,십억원,,201303,2564.1
151Y003,1.2.3.4.2. 예금은행 지역별 가계대출(말잔),11110A0,주택관련대출-예금은행,S00,경북,,,,,십억원,,201303,3711.1
151Y003,1.2.3.4.2. 예금은행 지역별 가계대출(말잔),11110A0,주택관련대출-예금은행,T00,경남,,,,,십억원,,201303,10914.2
151Y003,1.2.3.4.2. 예금은행 지역별 가계대출(말잔),11110A0,주택관련대출-예금은행,U00,제주,,,,,십억원,,201303,832
151Y003,1.2.3.4.2. 예금은행 지역별 가계대출(말잔),11110A0,주택관련대출-예금은행,A00,서울,,,,,십억원,,201304,110800.5
151Y003,1.2.3.4.2. 예금은행 지역별 가계대출(말잔),11110A0,주택관련대출-예금은행,B00,부산,,,,,십억원,,201304,20516.1
151Y003,1.2.3.4.2. 예금은행 지역별 가계대출(말잔),11110A0,주택관련대출-예금은행,C00,대구,,,,,십억원,,201304,9930.6
151Y003,1.2.3.4.2. 예금은행 지역별 가계대출(말잔),11110A0,주택관련대출-예금은행,D00,인천,,,,,십억원,,201304,25464.5
151Y003,1.2.3.4.2. 예금은행 지역별 가계대출(말잔),11110A0,주택관련대출-예금은행,E00,대전,,,,,십억원,,201304,7872.2
151Y003,1.2.3.4.2. 예금은행 지역별 가계대출(말잔),11110A0,주택관련대출-예금은행,F00,광주,,,,,십억원,,201304,5455.2
151Y003,1.2.3.4.2. 예금은행 지역별 가계대출(말잔),11110A0,주택관련대출-예금은행,G00,울산,,,,,십억원,,201304,4739.9
151Y003,1.2.3.4.2. 예금은행 지역별 가계대출(말잔),11110A0,주택관련대출-예금은행,H00,세종,,,,,십억원,,201304,984.4
151Y003,1.2.3.4.2. 예금은행 지역별 가계대출(말잔),11110A0,주택관련대출-예금은행,L00,경기,,,,,십억원,,201304,94142.4
151Y003,1.2.3.4.2. 예금은행 지역별 가계대출(말잔),11110A0,주택관련대출-예금은행,M00,강원,,,,,십억원,,201304,2891.9
151Y003,1.2.3.4.2. 예금은행 지역별 가계대출(말잔),11110A0,주택관련대출-예금은행,N00,충북,,,,,십억원,,201304,3982.1
151Y003,1.2.3.4.2. 예금은행 지역별 가계대출(말잔),11110A0,주택관련대출-예금은행,P00,충남,,,,,십억원,,201304,6731
151Y003,1.2.3.4.2. 예금은행 지역별 가계대출(말잔),11110A0,주택관련대출-예금은행,Q00,전북,,,,,십억원,,201304,4135.1
151Y003,1.2.3.4.2. 예금은행 지역별 가계대출(말잔),11110A0,주택관련대출-예금은행,R00,전남,,,,,십억원,,201304,2579.9
151Y003,1.2.3.4.2. 예금은행 지역별 가계대출(말잔),11110A0,주택관련대출-예금은행,S00,경북,,,,,십억원,,201304,3755.5
151Y003,1.2.3.4.2. 예금은행 지역별 가계대출(말잔),11110A0,주택관련대출-예금은행,T00,경남,,,,,십억원,,201304,11013.8
151Y003,1.2.3.4.2. 예금은행 지역별 가계대출(말잔),11110A0,주택관련대출-예금은행,U00,제주,,,,,십억원,,201304,831.9
151Y003,1.2.3.4.2. 예금은행 지역별 가계대출(말잔),11110A0,주택관련대출-예금은행,A00,서울,,,,,십억원,,201305,111249.2
151Y003,1.2.3.4.2. 예금은행 지역별 가계대출(말잔),11110A0,주택관련대출-예금은행,B00,부산,,,,,십억원,,201305,20762.6
151Y003,1.2.3.4.2. 예금은행 지역별 가계대출(말잔),11110A0,주택관련대출-예금은행,C00,대구,,,,,십억원,,201305,10013.5
151Y003,1.2.3.4.2. 예금은행 지역별 가계대출(말잔),11110A0,주택관련대출-예금은행,D00,인천,,,,,십억원,,201305,25580.4
151Y003,1.2.3.4.2. 예금은행 지역별 가계대출(말잔),11110A0,주택관련대출-예금은행,E00,대전,,,,,십억원,,201305,7983.3
151Y003,1.2.3.4.2. 예금은행 지역별 가계대출(말잔),11110A0,주택관련대출-예금은행,F00,광주,,,,,십억원,,201305,5627.6
151Y003,1.2.3.4.2. 예금은행 지역별 가계대출(말잔),11110A0,주택관련대출-예금은행,G00,울산,,,,,십억원,,201305,4878
151Y003,1.2.3.4.2. 예금은행 지역별 가계대출(말잔),11110A0,주택관련대출-예금은행,H00,세종,,,,,십억원,,201305,1021.1
151Y003,1.2.3.4.2. 예금은행 지역별 가계대출(말잔),11110A0,주택관련대출-예금은행,L00,경기,,,,,십억원,,201305,94258.5
151Y003,1.2.3.4.2. 예금은행 지역별 가계대출(말잔),11110A0,주택관련대출-예금은행,M00,강원,,,,,십억원,,201305,2928.6
151Y003,1.2.3.4.2. 예금은행 지역별 가계대출(말잔),11110A0,주택관련대출-예금은행,N00,충북,,,,,십억원,,201305,4030.1
151Y003,1.2.3.4.2. 예금은행 지역별 가계대출(말잔),11110A0,주택관련대출-예금은행,P00,충남,,,,,십억원,,201305,6788.7
151Y003,1.2.3.4.2. 예금은행 지역별 가계대출(말잔),11110A0,주택관련대출-예금은행,Q00,전북,,,,,십억원,,201305,4183.3
151Y003,1.2.3.4.2. 예금은행 지역별 가계대출(말잔),11110A0,주택관련대출-예금은행,R00,전남,,,,,십억원,,201305,2620
151Y003,1.2.3.4.2. 예금은행 지역별 가계대출(말잔),11110A0,주택관련대출-예금은행,S00,경북,,,,,십억원,,201305,3838.4
151Y003,1.2.3.4.2. 예금은행 지역별 가계대출(말잔),11110A0,주택관련대출-예금은행,T00,경남,,,,,십억원,,201305,11158.9
151Y003,1.2.3.4.2. 예금은행 지역별 가계대출(말잔),11110A0,주택관련대출-예금은행,U00,제주,,,,,십억원,,201305,848.3
151Y003,1.2.3.4.2. 예금은행 지역별 가계대출(말잔),11110A0,주택관련대출-예금은행,A00,서울,,,,,십억원,,201306,111704
151Y003,1.2.3.4.2. 예금은행 지역별 가계대출(말잔),11110A0,주택관련대출-예금은행,B00,부산,,,,,십억원,,201306,21126.2
151Y003,1.2.3.4.2. 예금은행 지역별 가계대출(말잔),11110A0,주택관련대출-예금은행,C00,대구,,,,,십억원,,201306,10250.7
151Y003,1.2.3.4.2. 예금은행 지역별 가계대출(말잔),11110A0,주택관련대출-예금은행,D00,인천,,,,,십억원,,201306,25606.1
151Y003,1.2.3.4.2. 예금은행 지역별 가계대출(말잔),11110A0,주택관련대출-예금은행,E00,대전,,,,,십억원,,201306,8191.5
151Y003,1.2.3.4.2. 예금은행 지역별 가계대출(말잔),11110A0,주택관련대출-예금은행,F00,광주,,,,,십억원,,201306,5708.7
151Y003,1.2.3.4.2. 예금은행 지역별 가계대출(말잔),11110A0,주택관련대출-예금은행,G00,울산,,,,,십억원,,201306,4925.8
151Y003,1.2.3.4.2. 예금은행 지역별 가계대출(말잔),11110A0,주택관련대출-예금은행,H00,세종,,,,,십억원,,201306,1086.2
151Y003,1.2.3.4.2. 예금은행 지역별 가계대출(말잔),11110A0,주택관련대출-예금은행,L00,경기,,,,,십억원,,201306,95130.9
151Y003,1.2.3.4.2. 예금은행 지역별 가계대출(말잔),11110A0,주택관련대출-예금은행,M00,강원,,,,,십억원,,201306,3060.2
151Y003,1.2.3.4.2. 예금은행 지역별 가계대출(말잔),11110A0,주택관련대출-예금은행,N00,충북,,,,,십억원,,201306,4027.5
151Y003,1.2.3.4.2. 예금은행 지역별 가계대출(말잔),11110A0,주택관련대출-예금은행,P00,충남,,,,,십억원,,201306,6916.7
151Y003,1.2.3.4.2. 예금은행 지역별 가계대출(말잔),11110A0,주택관련대출-예금은행,Q00,전북,,,,,십억원,,201306,4323.9
151Y003,1.2.3.4.2. 예금은행 지역별 가계대출(말잔),11110A0,주택관련대출-예금은행,R00,전남,,,,,십억원,,201306,2691.8
151Y003,1.2.3.4.2. 예금은행 지역별 가계대출(말잔),11110A0,주택관련대출-예금은행,S00,경북,,,,,십억원,,201306,3965.1
151Y003,1.2.3.4.2. 예금은행 지역별 가계대출(말잔),11110A0,주택관련대출-예금은행,T00,경남,,,,,십억원,,201306,11605.1
151Y003,1.2.3.4.2. 예금은행 지역별 가계대출(말잔),11110A0,주택관련대출-예금은행,U00,제주,,,,,십억원,,201306,882.1
151Y003,1.2.3.4.2. 예금은행 지역별 가계대출(말잔),11110A0,주택관련대출-예금은행,A00,서울,,,,,십억원,,201307,111735.9
151Y003,1.2.3.4.2. 예금은행 지역별 가계대출(말잔),11110A0,주택관련대출-예금은행,B00,부산,,,,,십억원,,201307,21192.8
151Y003,1.2.3.4.2. 예금은행 지역별 가계대출(말잔),11110A0,주택관련대출-예금은행,C00,대구,,,,,십억원,,201307,10295
151Y003,1.2.3.4.2. 예금은행 지역별 가계대출(말잔),11110A0,주택관련대출-예금은행,D00,인천,,,,,십억원,,201307,25436.7
151Y003,1.2.3.4.2. 예금은행 지역별 가계대출(말잔),11110A0,주택관련대출-예금은행,E00,대전,,,,,십억원,,201307,8188.9
151Y003,1.2.3.4.2. 예금은행 지역별 가계대출(말잔),11110A0,주택관련대출-예금은행,F00,광주,,,,,십억원,,201307,5757.3
151Y003,1.2.3.4.2. 예금은행 지역별 가계대출(말잔),11110A0,주택관련대출-예금은행,G00,울산,,,,,십억원,,201307,4964.8
151Y003,1.2.3.4.2. 예금은행 지역별 가계대출(말잔),11110A0,주택관련대출-예금은행,H00,세종,,,,,십억원,,201307,1175.5
151Y003,1.2.3.4.2. 예금은행 지역별 가계대출(말잔),11110A0,주택관련대출-예금은행,L00,경기,,,,,십억원,,201307,94912.7
151Y003,1.2.3.4.2. 예금은행 지역별 가계대출(말잔),11110A0,주택관련대출-예금은행,M00,강원,,,,,십억원,,201307,3054.7
151Y003,1.2.3.4.2. 예금은행 지역별 가계대출(말잔),11110A0,주택관련대출-예금은행,N00,충북,,,,,십억원,,201307,3980.5
151Y003,1.2.3.4.2. 예금은행 지역별 가계대출(말잔),11110A0,주택관련대출-예금은행,P00,충남,,,,,십억원,,201307,6863.8
151Y003,1.2.3.4.2. 예금은행 지역별 가계대출(말잔),11110A0,주택관련대출-예금은행,Q00,전북,,,,,십억원,,201307,4385.2
151Y003,1.2.3.4.2. 예금은행 지역별 가계대출(말잔),11110A0,주택관련대출-예금은행,R00,전남,,,,,십억원,,201307,2702.8
151Y003,1.2.3.4.2. 예금은행 지역별 가계대출(말잔),11110A0,주택관련대출-예금은행,S00,경북,,,,,십억원,,201307,3999.1
151Y003,1.2.3.4.2. 예금은행 지역별 가계대출(말잔),11110A0,주택관련대출-예금은행,T00,경남,,,,,십억원,,201307,11651.7
151Y003,1.2.3.4.2. 예금은행 지역별 가계대출(말잔),11110A0,주택관련대출-예금은행,U00,제주,,,,,십억원,,201307,885
151Y003,1.2.3.4.2. 예금은행 지역별 가계대출(말잔),11110A0,주택관련대출-예금은행,A00,서울,,,,,십억원,,201308,111957.5
151Y003,1.2.3.4.2. 예금은행 지역별 가계대출(말잔),11110A0,주택관련대출-예금은행,B00,부산,,,,,십억원,,201308,21311.3
151Y003,1.2.3.4.2. 예금은행 지역별 가계대출(말잔),11110A0,주택관련대출-예금은행,C00,대구,,,,,십억원,,201308,10360.1
151Y003,1.2.3.4.2. 예금은행 지역별 가계대출(말잔),11110A0,주택관련대출-예금은행,D00,인천,,,,,십억원,,201308,25285.4
151Y003,1.2.3.4.2. 예금은행 지역별 가계대출(말잔),11110A0,주택관련대출-예금은행,E00,대전,,,,,십억원,,201308,8188.7
151Y003,1.2.3.4.2. 예금은행 지역별 가계대출(말잔),11110A0,주택관련대출-예금은행,F00,광주,,,,,십억원,,201308,5872.9
151Y003,1.2.3.4.2. 예금은행 지역별 가계대출(말잔),11110A0,주택관련대출-예금은행,G00,울산,,,,,십억원,,201308,5007.4
151Y003,1.2.3.4.2. 예금은행 지역별 가계대출(말잔),11110A0,주택관련대출-예금은행,H00,세종,,,,,십억원,,201308,1241.6
151Y003,1.2.3.4.2. 예금은행 지역별 가계대출(말잔),11110A0,주택관련대출-예금은행,L00,경기,,,,,십억원,,201308,94789.1
151Y003,1.2.3.4.2. 예금은행 지역별 가계대출(말잔),11110A0,주택관련대출-예금은행,M00,강원,,,,,십억원,,201308,3085.8
151Y003,1.2.3.4.2. 예금은행 지역별 가계대출(말잔),11110A0,주택관련대출-예금은행,N00,충북,,,,,십억원,,201308,3993.8
151Y003,1.2.3.4.2. 예금은행 지역별 가계대출(말잔),11110A0,주택관련대출-예금은행,P00,충남,,,,,십억원,,201308,6886
151Y003,1.2.3.4.2. 예금은행 지역별 가계대출(말잔),11110A0,주택관련대출-예금은행,Q00,전북,,,,,십억원,,201308,4424.3
151Y003,1.2.3.4.2. 예금은행 지역별 가계대출(말잔),11110A0,주택관련대출-예금은행,R00,전남,,,,,십억원,,201308,2736.5
151Y003,1.2.3.4.2. 예금은행 지역별 가계대출(말잔),11110A0,주택관련대출-예금은행,S00,경북,,,,,십억원,,201308,4068.3
151Y003,1.2.3.4.2. 예금은행 지역별 가계대출(말잔),11110A0,주택관련대출-예금은행,T00,경남,,,,,십억원,,201308,11881.3
151Y003,1.2.3.4.2. 예금은행 지역별 가계대출(말잔),11110A0,주택관련대출-예금은행,U00,제주,,,,,십억원,,201308,884.9
151Y003,1.2.3.4.2. 예금은행 지역별 가계대출(말잔),11110A0,주택관련대출-예금은행,A00,서울,,,,,십억원,,201309,111812.5
151Y003,1.2.3.4.2. 예금은행 지역별 가계대출(말잔),11110A0,주택관련대출-예금은행,B00,부산,,,,,십억원,,201309,21251
151Y003,1.2.3.4.2. 예금은행 지역별 가계대출(말잔),11110A0,주택관련대출-예금은행,C00,대구,,,,,십억원,,201309,10474.5
151Y003,1.2.3.4.2. 예금은행 지역별 가계대출(말잔),11110A0,주택관련대출-예금은행,D00,인천,,,,,십억원,,201309,25219
151Y003,1.2.3.4.2. 예금은행 지역별 가계대출(말잔),11110A0,주택관련대출-예금은행,E00,대전,,,,,십억원,,201309,8259.7
151Y003,1.2.3.4.2. 예금은행 지역별 가계대출(말잔),11110A0,주택관련대출-예금은행,F00,광주,,,,,십억원,,201309,5912.7
151Y003,1.2.3.4.2. 예금은행 지역별 가계대출(말잔),11110A0,주택관련대출-예금은행,G00,울산,,,,,십억원,,201309,5041.7
151Y003,1.2.3.4.2. 예금은행 지역별 가계대출(말잔),11110A0,주택관련대출-예금은행,H00,세종,,,,,십억원,,201309,1250.2
151Y003,1.2.3.4.2. 예금은행 지역별 가계대출(말잔),11110A0,주택관련대출-예금은행,L00,경기,,,,,십억원,,201309,94843.5
151Y003,1.2.3.4.2. 예금은행 지역별 가계대출(말잔),11110A0,주택관련대출-예금은행,M00,강원,,,,,십억원,,201309,3114.8
151Y003,1.2.3.4.2. 예금은행 지역별 가계대출(말잔),11110A0,주택관련대출-예금은행,N00,충북,,,,,십억원,,201309,3989.6
151Y003,1.2.3.4.2. 예금은행 지역별 가계대출(말잔),11110A0,주택관련대출-예금은행,P00,충남,,,,,십억원,,201309,6841.7
151Y003,1.2.3.4.2. 예금은행 지역별 가계대출(말잔),11110A0,주택관련대출-예금은행,Q00,전북,,,,,십억원,,201309,4487.4
151Y003,1.2.3.4.2. 예금은행 지역별 가계대출(말잔),11110A0,주택관련대출-예금은행,R00,전남,,,,,십억원,,201309,2749.5
151Y003,1.2.3.4.2. 예금은행 지역별 가계대출(말잔),11110A0,주택관련대출-예금은행,S00,경북,,,,,십억원,,201309,4090
151Y003,1.2.3.4.2. 예금은행 지역별 가계대출(말잔),11110A0,주택관련대출-예금은행,T00,경남,,,,,십억원,,201309,12016.4
151Y003,1.2.3.4.2. 예금은행 지역별 가계대출(말잔),11110A0,주택관련대출-예금은행,U00,제주,,,,,십억원,,201309,892.1
151Y003,1.2.3.4.2. 예금은행 지역별 가계대출(말잔),11110A0,주택관련대출-예금은행,A00,서울,,,,,십억원,,201310,112367
151Y003,1.2.3.4.2. 예금은행 지역별 가계대출(말잔),11110A0,주택관련대출-예금은행,B00,부산,,,,,십억원,,201310,21418.5
151Y003,1.2.3.4.2. 예금은행 지역별 가계대출(말잔),11110A0,주택관련대출-예금은행,C00,대구,,,,,십억원,,201310,10533.9
151Y003,1.2.3.4.2. 예금은행 지역별 가계대출(말잔),11110A0,주택관련대출-예금은행,D00,인천,,,,,십억원,,201310,25165.1
151Y003,1.2.3.4.2. 예금은행 지역별 가계대출(말잔),11110A0,주택관련대출-예금은행,E00,대전,,,,,십억원,,201310,8301.4
151Y003,1.2.3.4.2. 예금은행 지역별 가계대출(말잔),11110A0,주택관련대출-예금은행,F00,광주,,,,,십억원,,201310,5860.8
151Y003,1.2.3.4.2. 예금은행 지역별 가계대출(말잔),11110A0,주택관련대출-예금은행,G00,울산,,,,,십억원,,201310,5131.2
151Y003,1.2.3.4.2. 예금은행 지역별 가계대출(말잔),11110A0,주택관련대출-예금은행,H00,세종,,,,,십억원,,201310,1367.4
151Y003,1.2.3.4.2. 예금은행 지역별 가계대출(말잔),11110A0,주택관련대출-예금은행,L00,경기,,,,,십억원,,201310,95138.8
151Y003,1.2.3.4.2. 예금은행 지역별 가계대출(말잔),11110A0,주택관련대출-예금은행,M00,강원,,,,,십억원,,201310,3126
151Y003,1.2.3.4.2. 예금은행 지역별 가계대출(말잔),11110A0,주택관련대출-예금은행,N00,충북,,,,,십억원,,201310,4074
151Y003,1.2.3.4.2. 예금은행 지역별 가계대출(말잔),11110A0,주택관련대출-예금은행,P00,충남,,,,,십억원,,201310,6962.3
151Y003,1.2.3.4.2. 예금은행 지역별 가계대출(말잔),11110A0,주택관련대출-예금은행,Q00,전북,,,,,십억원,,201310,4544.7
151Y003,1.2.3.4.2. 예금은행 지역별 가계대출(말잔),11110A0,주택관련대출-예금은행,R00,전남,,,,,십억원,,201310,2768.2
151Y003,1.2.3.4.2. 예금은행 지역별 가계대출(말잔),11110A0,주택관련대출-예금은행,S00,경북,,,,,십억원,,201310,4162.7
151Y003,1.2.3.4.2. 예금은행 지역별 가계대출(말잔),11110A0,주택관련대출-예금은행,T00,경남,,,,,십억원,,201310,12168.1
151Y003,1.2.3.4.2. 예금은행 지역별 가계대출(말잔),11110A0,주택관련대출-예금은행,U00,제주,,,,,십억원,,201310,921.9
151Y003,1.2.3.4.2. 예금은행 지역별 가계대출(말잔),11110A0,주택관련대출-예금은행,A00,서울,,,,,십억원,,201311,112716.3
151Y003,1.2.3.4.2. 예금은행 지역별 가계대출(말잔),11110A0,주택관련대출-예금은행,B00,부산,,,,,십억원,,201311,21628.2
151Y003,1.2.3.4.2. 예금은행 지역별 가계대출(말잔),11110A0,주택관련대출-예금은행,C00,대구,,,,,십억원,,201311,10671.2
151Y003,1.2.3.4.2. 예금은행 지역별 가계대출(말잔),11110A0,주택관련대출-예금은행,D00,인천,,,,,십억원,,201311,25287.8
151Y003,1.2.3.4.2. 예금은행 지역별 가계대출(말잔),11110A0,주택관련대출-예금은행,E00,대전,,,,,십억원,,201311,8399.6
151Y003,1.2.3.4.2. 예금은행 지역별 가계대출(말잔),11110A0,주택관련대출-예금은행,F00,광주,,,,,십억원,,201311,5994.3
151Y003,1.2.3.4.2. 예금은행 지역별 가계대출(말잔),11110A0,주택관련대출-예금은행,G00,울산,,,,,십억원,,201311,5188.3
151Y003,1.2.3.4.2. 예금은행 지역별 가계대출(말잔),11110A0,주택관련대출-예금은행,H00,세종,,,,,십억원,,201311,1416.7
151Y003,1.2.3.4.2. 예금은행 지역별 가계대출(말잔),11110A0,주택관련대출-예금은행,L00,경기,,,,,십억원,,201311,95525.5
151Y003,1.2.3.4.2. 예금은행 지역별 가계대출(말잔),11110A0,주택관련대출-예금은행,M00,강원,,,,,십억원,,201311,3152.3
151Y003,1.2.3.4.2. 예금은행 지역별 가계대출(말잔),11110A0,주택관련대출-예금은행,N00,충북,,,,,십억원,,201311,4112.3
151Y003,1.2.3.4.2. 예금은행 지역별 가계대출(말잔),11110A0,주택관련대출-예금은행,P00,충남,,,,,십억원,,201311,7056.3
151Y003,1.2.3.4.2. 예금은행 지역별 가계대출(말잔),11110A0,주택관련대출-예금은행,Q00,전북,,,,,십억원,,201311,4650.1
151Y003,1.2.3.4.2. 예금은행 지역별 가계대출(말잔),11110A0,주택관련대출-예금은행,R00,전남,,,,,십억원,,201311,2808.2
151Y003,1.2.3.4.2. 예금은행 지역별 가계대출(말잔),11110A0,주택관련대출-예금은행,S00,경북,,,,,십억원,,201311,4246.9
151Y003,1.2.3.4.2. 예금은행 지역별 가계대출(말잔),11110A0,주택관련대출-예금은행,T00,경남,,,,,십억원,,201311,12310.4
151Y003,1.2.3.4.2. 예금은행 지역별 가계대출(말잔),11110A0,주택관련대출-예금은행,U00,제주,,,,,십억원,,201311,936.3
151Y003,1.2.3.4.2. 예금은행 지역별 가계대출(말잔),11110A0,주택관련대출-예금은행,A00,서울,,,,,십억원,,201312,113314
151Y003,1.2.3.4.2. 예금은행 지역별 가계대출(말잔),11110A0,주택관련대출-예금은행,B00,부산,,,,,십억원,,201312,21832.2
151Y003,1.2.3.4.2. 예금은행 지역별 가계대출(말잔),11110A0,주택관련대출-예금은행,C00,대구,,,,,십억원,,201312,10891.3
151Y003,1.2.3.4.2. 예금은행 지역별 가계대출(말잔),11110A0,주택관련대출-예금은행,D00,인천,,,,,십억원,,201312,25387.2
151Y003,1.2.3.4.2. 예금은행 지역별 가계대출(말잔),11110A0,주택관련대출-예금은행,E00,대전,,,,,십억원,,201312,8441.2
151Y003,1.2.3.4.2. 예금은행 지역별 가계대출(말잔),11110A0,주택관련대출-예금은행,F00,광주,,,,,십억원,,201312,6142.6
151Y003,1.2.3.4.2. 예금은행 지역별 가계대출(말잔),11110A0,주택관련대출-예금은행,G00,울산,,,,,십억원,,201312,5170.4
151Y003,1.2.3.4.2. 예금은행 지역별 가계대출(말잔),11110A0,주택관련대출-예금은행,H00,세종,,,,,십억원,,201312,1515
151Y003,1.2.3.4.2. 예금은행 지역별 가계대출(말잔),11110A0,주택관련대출-예금은행,L00,경기,,,,,십억원,,201312,96216.9
151Y003,1.2.3.4.2. 예금은행 지역별 가계대출(말잔),11110A0,주택관련대출-예금은행,M00,강원,,,,,십억원,,201312,3262.6
151Y003,1.2.3.4.2. 예금은행 지역별 가계대출(말잔),11110A0,주택관련대출-예금은행,N00,충북,,,,,십억원,,201312,4204.6
151Y003,1.2.3.4.2. 예금은행 지역별 가계대출(말잔),11110A0,주택관련대출-예금은행,P00,충남,,,,,십억원,,201312,7188.7
151Y003,1.2.3.4.2. 예금은행 지역별 가계대출(말잔),11110A0,주택관련대출-예금은행,Q00,전북,,,,,십억원,,201312,4678.6
151Y003,1.2.3.4.2. 예금은행 지역별 가계대출(말잔),11110A0,주택관련대출-예금은행,R00,전남,,,,,십억원,,201312,2831.5
151Y003,1.2.3.4.2. 예금은행 지역별 가계대출(말잔),11110A0,주택관련대출-예금은행,S00,경북,,,,,십억원,,201312,4359.3
151Y003,1.2.3.4.2. 예금은행 지역별 가계대출(말잔),11110A0,주택관련대출-예금은행,T00,경남,,,,,십억원,,201312,12524.3
151Y003,1.2.3.4.2. 예금은행 지역별 가계대출(말잔),11110A0,주택관련대출-예금은행,U00,제주,,,,,십억원,,201312,962.7
151Y003,1.2.3.4.2. 예금은행 지역별 가계대출(말잔),11110A0,주택관련대출-예금은행,A00,서울,,,,,십억원,,201401,113198.6
151Y003,1.2.3.4.2. 예금은행 지역별 가계대출(말잔),11110A0,주택관련대출-예금은행,B00,부산,,,,,십억원,,201401,21850.2
151Y003,1.2.3.4.2. 예금은행 지역별 가계대출(말잔),11110A0,주택관련대출-예금은행,C00,대구,,,,,십억원,,201401,10838.1
151Y003,1.2.3.4.2. 예금은행 지역별 가계대출(말잔),11110A0,주택관련대출-예금은행,D00,인천,,,,,십억원,,201401,25358.8
151Y003,1.2.3.4.2. 예금은행 지역별 가계대출(말잔),11110A0,주택관련대출-예금은행,E00,대전,,,,,십억원,,201401,8406
151Y003,1.2.3.4.2. 예금은행 지역별 가계대출(말잔),11110A0,주택관련대출-예금은행,F00,광주,,,,,십억원,,201401,6008.1
151Y003,1.2.3.4.2. 예금은행 지역별 가계대출(말잔),11110A0,주택관련대출-예금은행,G00,울산,,,,,십억원,,201401,5167.2
151Y003,1.2.3.4.2. 예금은행 지역별 가계대출(말잔),11110A0,주택관련대출-예금은행,H00,세종,,,,,십억원,,201401,1573
151Y003,1.2.3.4.2. 예금은행 지역별 가계대출(말잔),11110A0,주택관련대출-예금은행,L00,경기,,,,,십억원,,201401,95821.4
151Y003,1.2.3.4.2. 예금은행 지역별 가계대출(말잔),11110A0,주택관련대출-예금은행,M00,강원,,,,,십억원,,201401,3252.1
151Y003,1.2.3.4.2. 예금은행 지역별 가계대출(말잔),11110A0,주택관련대출-예금은행,N00,충북,,,,,십억원,,201401,4187.4
151Y003,1.2.3.4.2. 예금은행 지역별 가계대출(말잔),11110A0,주택관련대출-예금은행,P00,충남,,,,,십억원,,201401,7183.5
151Y003,1.2.3.4.2. 예금은행 지역별 가계대출(말잔),11110A0,주택관련대출-예금은행,Q00,전북,,,,,십억원,,201401,4627.9
151Y003,1.2.3.4.2. 예금은행 지역별 가계대출(말잔),11110A0,주택관련대출-예금은행,R00,전남,,,,,십억원,,201401,2834.5
151Y003,1.2.3.4.2. 예금은행 지역별 가계대출(말잔),11110A0,주택관련대출-예금은행,S00,경북,,,,,십억원,,201401,4354.7
151Y003,1.2.3.4.2. 예금은행 지역별 가계대출(말잔),11110A0,주택관련대출-예금은행,T00,경남,,,,,십억원,,201401,12530.4
151Y003,1.2.3.4.2. 예금은행 지역별 가계대출(말잔),11110A0,주택관련대출-예금은행,U00,제주,,,,,십억원,,201401,961.2
151Y003,1.2.3.4.2. 예금은행 지역별 가계대출(말잔),11110A0,주택관련대출-예금은행,A00,서울,,,,,십억원,,201402,113939.6
151Y003,1.2.3.4.2. 예금은행 지역별 가계대출(말잔),11110A0,주택관련대출-예금은행,B00,부산,,,,,십억원,,201402,21830.3
151Y003,1.2.3.4.2. 예금은행 지역별 가계대출(말잔),11110A0,주택관련대출-예금은행,C00,대구,,,,,십억원,,201402,10922.2
151Y003,1.2.3.4.2. 예금은행 지역별 가계대출(말잔),11110A0,주택관련대출-예금은행,D00,인천,,,,,십억원,,201402,25212.9
151Y003,1.2.3.4.2. 예금은행 지역별 가계대출(말잔),11110A0,주택관련대출-예금은행,E00,대전,,,,,십억원,,201402,8444.7
151Y003,1.2.3.4.2. 예금은행 지역별 가계대출(말잔),11110A0,주택관련대출-예금은행,F00,광주,,,,,십억원,,201402,5978.3
151Y003,1.2.3.4.2. 예금은행 지역별 가계대출(말잔),11110A0,주택관련대출-예금은행,G00,울산,,,,,십억원,,201402,5211
151Y003,1.2.3.4.2. 예금은행 지역별 가계대출(말잔),11110A0,주택관련대출-예금은행,H00,세종,,,,,십억원,,201402,1687.8
151Y003,1.2.3.4.2. 예금은행 지역별 가계대출(말잔),11110A0,주택관련대출-예금은행,L00,경기,,,,,십억원,,201402,95885.6
151Y003,1.2.3.4.2. 예금은행 지역별 가계대출(말잔),11110A0,주택관련대출-예금은행,M00,강원,,,,,십억원,,201402,3285.4
151Y003,1.2.3.4.2. 예금은행 지역별 가계대출(말잔),11110A0,주택관련대출-예금은행,N00,충북,,,,,십억원,,201402,4218.8
151Y003,1.2.3.4.2. 예금은행 지역별 가계대출(말잔),11110A0,주택관련대출-예금은행,P00,충남,,,,,십억원,,201402,7322.4
151Y003,1.2.3.4.2. 예금은행 지역별 가계대출(말잔),11110A0,주택관련대출-예금은행,Q00,전북,,,,,십억원,,201402,4650
151Y003,1.2.3.4.2. 예금은행 지역별 가계대출(말잔),11110A0,주택관련대출-예금은행,R00,전남,,,,,십억원,,201402,2807.5
151Y003,1.2.3.4.2. 예금은행 지역별 가계대출(말잔),11110A0,주택관련대출-예금은행,S00,경북,,,,,십억원,,201402,4394.2
151Y003,1.2.3.4.2. 예금은행 지역별 가계대출(말잔),11110A0,주택관련대출-예금은행,T00,경남,,,,,십억원,,201402,12610.5
151Y003,1.2.3.4.2. 예금은행 지역별 가계대출(말잔),11110A0,주택관련대출-예금은행,U00,제주,,,,,십억원,,201402,967.7
151Y003,1.2.3.4.2. 예금은행 지역별 가계대출(말잔),11110A0,주택관련대출-예금은행,A00,서울,,,,,십억원,,201403,114563.7
151Y003,1.2.3.4.2. 예금은행 지역별 가계대출(말잔),11110A0,주택관련대출-예금은행,B00,부산,,,,,십억원,,201403,21952
151Y003,1.2.3.4.2. 예금은행 지역별 가계대출(말잔),11110A0,주택관련대출-예금은행,C00,대구,,,,,십억원,,201403,11057.9
151Y003,1.2.3.4.2. 예금은행 지역별 가계대출(말잔),11110A0,주택관련대출-예금은행,D00,인천,,,,,십억원,,201403,25121.8
151Y003,1.2.3.4.2. 예금은행 지역별 가계대출(말잔),11110A0,주택관련대출-예금은행,E00,대전,,,,,십억원,,201403,8486.5
151Y003,1.2.3.4.2. 예금은행 지역별 가계대출(말잔),11110A0,주택관련대출-예금은행,F00,광주,,,,,십억원,,201403,5974
151Y003,1.2.3.4.2. 예금은행 지역별 가계대출(말잔),11110A0,주택관련대출-예금은행,G00,울산,,,,,십억원,,201403,5225.6
151Y003,1.2.3.4.2. 예금은행 지역별 가계대출(말잔),11110A0,주택관련대출-예금은행,H00,세종,,,,,십억원,,201403,1738.7
151Y003,1.2.3.4.2. 예금은행 지역별 가계대출(말잔),11110A0,주택관련대출-예금은행,L00,경기,,,,,십억원,,201403,96068.3
151Y003,1.2.3.4.2. 예금은행 지역별 가계대출(말잔),11110A0,주택관련대출-예금은행,M00,강원,,,,,십억원,,201403,3308.9
151Y003,1.2.3.4.2. 예금은행 지역별 가계대출(말잔),11110A0,주택관련대출-예금은행,N00,충북,,,,,십억원,,201403,4286.5
151Y003,1.2.3.4.2. 예금은행 지역별 가계대출(말잔),11110A0,주택관련대출-예금은행,P00,충남,,,,,십억원,,201403,7425.7
151Y003,1.2.3.4.2. 예금은행 지역별 가계대출(말잔),11110A0,주택관련대출-예금은행,Q00,전북,,,,,십억원,,201403,4719.7
151Y003,1.2.3.4.2. 예금은행 지역별 가계대출(말잔),11110A0,주택관련대출-예금은행,R00,전남,,,,,십억원,,201403,2835.3
151Y003,1.2.3.4.2. 예금은행 지역별 가계대출(말잔),11110A0,주택관련대출-예금은행,S00,경북,,,,,십억원,,201403,4488.3
151Y003,1.2.3.4.2. 예금은행 지역별 가계대출(말잔),11110A0,주택관련대출-예금은행,T00,경남,,,,,십억원,,201403,12659.4
151Y003,1.2.3.4.2. 예금은행 지역별 가계대출(말잔),11110A0,주택관련대출-예금은행,U00,제주,,,,,십억원,,201403,979.8
151Y003,1.2.3.4.2. 예금은행 지역별 가계대출(말잔),11110A0,주택관련대출-예금은행,A00,서울,,,,,십억원,,201404,114504.5
151Y003,1.2.3.4.2. 예금은행 지역별 가계대출(말잔),11110A0,주택관련대출-예금은행,B00,부산,,,,,십억원,,201404,22096.5
151Y003,1.2.3.4.2. 예금은행 지역별 가계대출(말잔),11110A0,주택관련대출-예금은행,C00,대구,,,,,십억원,,201404,11260.4
151Y003,1.2.3.4.2. 예금은행 지역별 가계대출(말잔),11110A0,주택관련대출-예금은행,D00,인천,,,,,십억원,,201404,25098.3
151Y003,1.2.3.4.2. 예금은행 지역별 가계대출(말잔),11110A0,주택관련대출-예금은행,E00,대전,,,,,십억원,,201404,8486
151Y003,1.2.3.4.2. 예금은행 지역별 가계대출(말잔),11110A0,주택관련대출-예금은행,F00,광주,,,,,십억원,,201404,6017.3
151Y003,1.2.3.4.2. 예금은행 지역별 가계대출(말잔),11110A0,주택관련대출-예금은행,G00,울산,,,,,십억원,,201404,5311.7
151Y003,1.2.3.4.2. 예금은행 지역별 가계대출(말잔),11110A0,주택관련대출-예금은행,H00,세종,,,,,십억원,,201404,1766.2
151Y003,1.2.3.4.2. 예금은행 지역별 가계대출(말잔),11110A0,주택관련대출-예금은행,L00,경기,,,,,십억원,,201404,97659.8
151Y003,1.2.3.4.2. 예금은행 지역별 가계대출(말잔),11110A0,주택관련대출-예금은행,M00,강원,,,,,십억원,,201404,3272.8
151Y003,1.2.3.4.2. 예금은행 지역별 가계대출(말잔),11110A0,주택관련대출-예금은행,N00,충북,,,,,십억원,,201404,4314.6
151Y003,1.2.3.4.2. 예금은행 지역별 가계대출(말잔),11110A0,주택관련대출-예금은행,P00,충남,,,,,십억원,,201404,7515.8
151Y003,1.2.3.4.2. 예금은행 지역별 가계대출(말잔),11110A0,주택관련대출-예금은행,Q00,전북,,,,,십억원,,201404,4763.5
151Y003,1.2.3.4.2. 예금은행 지역별 가계대출(말잔),11110A0,주택관련대출-예금은행,R00,전남,,,,,십억원,,201404,2881
151Y003,1.2.3.4.2. 예금은행 지역별 가계대출(말잔),11110A0,주택관련대출-예금은행,S00,경북,,,,,십억원,,201404,4637.6
151Y003,1.2.3.4.2. 예금은행 지역별 가계대출(말잔),11110A0,주택관련대출-예금은행,T00,경남,,,,,십억원,,201404,12849.1
151Y003,1.2.3.4.2. 예금은행 지역별 가계대출(말잔),11110A0,주택관련대출-예금은행,U00,제주,,,,,십억원,,201404,986.1
151Y003,1.2.3.4.2. 예금은행 지역별 가계대출(말잔),11110A0,주택관련대출-예금은행,A00,서울,,,,,십억원,,201405,114945.8
151Y003,1.2.3.4.2. 예금은행 지역별 가계대출(말잔),11110A0,주택관련대출-예금은행,B00,부산,,,,,십억원,,201405,22246.5
151Y003,1.2.3.4.2. 예금은행 지역별 가계대출(말잔),11110A0,주택관련대출-예금은행,C00,대구,,,,,십억원,,201405,11364.7
151Y003,1.2.3.4.2. 예금은행 지역별 가계대출(말잔),11110A0,주택관련대출-예금은행,D00,인천,,,,,십억원,,201405,25207.8
151Y003,1.2.3.4.2. 예금은행 지역별 가계대출(말잔),11110A0,주택관련대출-예금은행,E00,대전,,,,,십억원,,201405,8502.4
151Y003,1.2.3.4.2. 예금은행 지역별 가계대출(말잔),11110A0,주택관련대출-예금은행,F00,광주,,,,,십억원,,201405,6005.6
151Y003,1.2.3.4.2. 예금은행 지역별 가계대출(말잔),11110A0,주택관련대출-예금은행,G00,울산,,,,,십억원,,201405,5416.3
151Y003,1.2.3.4.2. 예금은행 지역별 가계대출(말잔),11110A0,주택관련대출-예금은행,H00,세종,,,,,십억원,,201405,1859
151Y003,1.2.3.4.2. 예금은행 지역별 가계대출(말잔),11110A0,주택관련대출-예금은행,L00,경기,,,,,십억원,,201405,97988.3
151Y003,1.2.3.4.2. 예금은행 지역별 가계대출(말잔),11110A0,주택관련대출-예금은행,M00,강원,,,,,십억원,,201405,3290.6
151Y003,1.2.3.4.2. 예금은행 지역별 가계대출(말잔),11110A0,주택관련대출-예금은행,N00,충북,,,,,십억원,,201405,4303.6
151Y003,1.2.3.4.2. 예금은행 지역별 가계대출(말잔),11110A0,주택관련대출-예금은행,P00,충남,,,,,십억원,,201405,7662.3
151Y003,1.2.3.4.2. 예금은행 지역별 가계대출(말잔),11110A0,주택관련대출-예금은행,Q00,전북,,,,,십억원,,201405,4786.8
151Y003,1.2.3.4.2. 예금은행 지역별 가계대출(말잔),11110A0,주택관련대출-예금은행,R00,전남,,,,,십억원,,201405,2937.6
151Y003,1.2.3.4.2. 예금은행 지역별 가계대출(말잔),11110A0,주택관련대출-예금은행,S00,경북,,,,,십억원,,201405,4707.5
151Y003,1.2.3.4.2. 예금은행 지역별 가계대출(말잔),11110A0,주택관련대출-예금은행,T00,경남,,,,,십억원,,201405,13012.6
151Y003,1.2.3.4.2. 예금은행 지역별 가계대출(말잔),11110A0,주택관련대출-예금은행,U00,제주,,,,,십억원,,201405,1002.4
151Y003,1.2.3.4.2. 예금은행 지역별 가계대출(말잔),11110A0,주택관련대출-예금은행,A00,서울,,,,,십억원,,201406,115767.6
151Y003,1.2.3.4.2. 예금은행 지역별 가계대출(말잔),11110A0,주택관련대출-예금은행,B00,부산,,,,,십억원,,201406,22551.9
151Y003,1.2.3.4.2. 예금은행 지역별 가계대출(말잔),11110A0,주택관련대출-예금은행,C00,대구,,,,,십억원,,201406,11608.9
151Y003,1.2.3.4.2. 예금은행 지역별 가계대출(말잔),11110A0,주택관련대출-예금은행,D00,인천,,,,,십억원,,201406,25279.1
151Y003,1.2.3.4.2. 예금은행 지역별 가계대출(말잔),11110A0,주택관련대출-예금은행,E00,대전,,,,,십억원,,201406,8599.1
151Y003,1.2.3.4.2. 예금은행 지역별 가계대출(말잔),11110A0,주택관련대출-예금은행,F00,광주,,,,,십억원,,201406,6025.2
151Y003,1.2.3.4.2. 예금은행 지역별 가계대출(말잔),11110A0,주택관련대출-예금은행,G00,울산,,,,,십억원,,201406,5546.9
151Y003,1.2.3.4.2. 예금은행 지역별 가계대출(말잔),11110A0,주택관련대출-예금은행,H00,세종,,,,,십억원,,201406,1966
151Y003,1.2.3.4.2. 예금은행 지역별 가계대출(말잔),11110A0,주택관련대출-예금은행,L00,경기,,,,,십억원,,201406,98703.1
151Y003,1.2.3.4.2. 예금은행 지역별 가계대출(말잔),11110A0,주택관련대출-예금은행,M00,강원,,,,,십억원,,201406,3328.7
151Y003,1.2.3.4.2. 예금은행 지역별 가계대출(말잔),11110A0,주택관련대출-예금은행,N00,충북,,,,,십억원,,201406,4381.5
151Y003,1.2.3.4.2. 예금은행 지역별 가계대출(말잔),11110A0,주택관련대출-예금은행,P00,충남,,,,,십억원,,201406,7744.9
151Y003,1.2.3.4.2. 예금은행 지역별 가계대출(말잔),11110A0,주택관련대출-예금은행,Q00,전북,,,,,십억원,,201406,4803.8
151Y003,1.2.3.4.2. 예금은행 지역별 가계대출(말잔),11110A0,주택관련대출-예금은행,R00,전남,,,,,십억원,,201406,2953.4
151Y003,1.2.3.4.2. 예금은행 지역별 가계대출(말잔),11110A0,주택관련대출-예금은행,S00,경북,,,,,십억원,,201406,4797.9
151Y003,1.2.3.4.2. 예금은행 지역별 가계대출(말잔),11110A0,주택관련대출-예금은행,T00,경남,,,,,십억원,,201406,13220.1
151Y003,1.2.3.4.2. 예금은행 지역별 가계대출(말잔),11110A0,주택관련대출-예금은행,U00,제주,,,,,십억원,,201406,1036.1
151Y003,1.2.3.4.2. 예금은행 지역별 가계대출(말잔),11110A0,주택관련대출-예금은행,A00,서울,,,,,십억원,,201407,116795.1
151Y003,1.2.3.4.2. 예금은행 지역별 가계대출(말잔),11110A0,주택관련대출-예금은행,B00,부산,,,,,십억원,,201407,22700.7
151Y003,1.2.3.4.2. 예금은행 지역별 가계대출(말잔),11110A0,주택관련대출-예금은행,C00,대구,,,,,십억원,,201407,11861
151Y003,1.2.3.4.2. 예금은행 지역별 가계대출(말잔),11110A0,주택관련대출-예금은행,D00,인천,,,,,십억원,,201407,25345.9
151Y003,1.2.3.4.2. 예금은행 지역별 가계대출(말잔),11110A0,주택관련대출-예금은행,E00,대전,,,,,십억원,,201407,8644.6
151Y003,1.2.3.4.2. 예금은행 지역별 가계대출(말잔),11110A0,주택관련대출-예금은행,F00,광주,,,,,십억원,,201407,6063.5
151Y003,1.2.3.4.2. 예금은행 지역별 가계대출(말잔),11110A0,주택관련대출-예금은행,G00,울산,,,,,십억원,,201407,5600.7
151Y003,1.2.3.4.2. 예금은행 지역별 가계대출(말잔),11110A0,주택관련대출-예금은행,H00,세종,,,,,십억원,,201407,1952
151Y003,1.2.3.4.2. 예금은행 지역별 가계대출(말잔),11110A0,주택관련대출-예금은행,L00,경기,,,,,십억원,,201407,99169.4
151Y003,1.2.3.4.2. 예금은행 지역별 가계대출(말잔),11110A0,주택관련대출-예금은행,M00,강원,,,,,십억원,,201407,3371.8
151Y003,1.2.3.4.2. 예금은행 지역별 가계대출(말잔),11110A0,주택관련대출-예금은행,N00,충북,,,,,십억원,,201407,4469.8
151Y003,1.2.3.4.2. 예금은행 지역별 가계대출(말잔),11110A0,주택관련대출-예금은행,P00,충남,,,,,십억원,,201407,7822.6
151Y003,1.2.3.4.2. 예금은행 지역별 가계대출(말잔),11110A0,주택관련대출-예금은행,Q00,전북,,,,,십억원,,201407,4858.1
151Y003,1.2.3.4.2. 예금은행 지역별 가계대출(말잔),11110A0,주택관련대출-예금은행,R00,전남,,,,,십억원,,201407,2963
151Y003,1.2.3.4.2. 예금은행 지역별 가계대출(말잔),11110A0,주택관련대출-예금은행,S00,경북,,,,,십억원,,201407,4901.1
151Y003,1.2.3.4.2. 예금은행 지역별 가계대출(말잔),11110A0,주택관련대출-예금은행,T00,경남,,,,,십억원,,201407,13517.7
151Y003,1.2.3.4.2. 예금은행 지역별 가계대출(말잔),11110A0,주택관련대출-예금은행,U00,제주,,,,,십억원,,201407,1046
151Y003,1.2.3.4.2. 예금은행 지역별 가계대출(말잔),11110A0,주택관련대출-예금은행,A00,서울,,,,,십억원,,201408,117790.7
151Y003,1.2.3.4.2. 예금은행 지역별 가계대출(말잔),11110A0,주택관련대출-예금은행,B00,부산,,,,,십억원,,201408,22867.5
151Y003,1.2.3.4.2. 예금은행 지역별 가계대출(말잔),11110A0,주택관련대출-예금은행,C00,대구,,,,,십억원,,201408,12281.9
151Y003,1.2.3.4.2. 예금은행 지역별 가계대출(말잔),11110A0,주택관련대출-예금은행,D00,인천,,,,,십억원,,201408,25712.9
151Y003,1.2.3.4.2. 예금은행 지역별 가계대출(말잔),11110A0,주택관련대출-예금은행,E00,대전,,,,,십억원,,201408,8758.3
151Y003,1.2.3.4.2. 예금은행 지역별 가계대출(말잔),11110A0,주택관련대출-예금은행,F00,광주,,,,,십억원,,201408,6149.9
151Y003,1.2.3.4.2. 예금은행 지역별 가계대출(말잔),11110A0,주택관련대출-예금은행,G00,울산,,,,,십억원,,201408,5754.3
151Y003,1.2.3.4.2. 예금은행 지역별 가계대출(말잔),11110A0,주택관련대출-예금은행,H00,세종,,,,,십억원,,201408,2054.8
151Y003,1.2.3.4.2. 예금은행 지역별 가계대출(말잔),11110A0,주택관련대출-예금은행,L00,경기,,,,,십억원,,201408,100701.7
151Y003,1.2.3.4.2. 예금은행 지역별 가계대출(말잔),11110A0,주택관련대출-예금은행,M00,강원,,,,,십억원,,201408,3374.7
151Y003,1.2.3.4.2. 예금은행 지역별 가계대출(말잔),11110A0,주택관련대출-예금은행,N00,충북,,,,,십억원,,201408,4599.2
151Y003,1.2.3.4.2. 예금은행 지역별 가계대출(말잔),11110A0,주택관련대출-예금은행,P00,충남,,,,,십억원,,201408,8098.5
151Y003,1.2.3.4.2. 예금은행 지역별 가계대출(말잔),11110A0,주택관련대출-예금은행,Q00,전북,,,,,십억원,,201408,4936.1
151Y003,1.2.3.4.2. 예금은행 지역별 가계대출(말잔),11110A0,주택관련대출-예금은행,R00,전남,,,,,십억원,,201408,3029.4
151Y003,1.2.3.4.2. 예금은행 지역별 가계대출(말잔),11110A0,주택관련대출-예금은행,S00,경북,,,,,십억원,,201408,5046.9
151Y003,1.2.3.4.2. 예금은행 지역별 가계대출(말잔),11110A0,주택관련대출-예금은행,T00,경남,,,,,십억원,,201408,13870.1
151Y003,1.2.3.4.2. 예금은행 지역별 가계대출(말잔),11110A0,주택관련대출-예금은행,U00,제주,,,,,십억원,,201408,1071.1
151Y003,1.2.3.4.2. 예금은행 지역별 가계대출(말잔),11110A0,주택관련대출-예금은행,A00,서울,,,,,십억원,,201409,119122.2
151Y003,1.2.3.4.2. 예금은행 지역별 가계대출(말잔),11110A0,주택관련대출-예금은행,B00,부산,,,,,십억원,,201409,23267.5
151Y003,1.2.3.4.2. 예금은행 지역별 가계대출(말잔),11110A0,주택관련대출-예금은행,C00,대구,,,,,십억원,,201409,12636.6
151Y003,1.2.3.4.2. 예금은행 지역별 가계대출(말잔),11110A0,주택관련대출-예금은행,D00,인천,,,,,십억원,,201409,25976.4
151Y003,1.2.3.4.2. 예금은행 지역별 가계대출(말잔),11110A0,주택관련대출-예금은행,E00,대전,,,,,십억원,,201409,8826.7
151Y003,1.2.3.4.2. 예금은행 지역별 가계대출(말잔),11110A0,주택관련대출-예금은행,F00,광주,,,,,십억원,,201409,6289.6
151Y003,1.2.3.4.2. 예금은행 지역별 가계대출(말잔),11110A0,주택관련대출-예금은행,G00,울산,,,,,십억원,,201409,5870.3
151Y003,1.2.3.4.2. 예금은행 지역별 가계대출(말잔),11110A0,주택관련대출-예금은행,H00,세종,,,,,십억원,,201409,2156
151Y003,1.2.3.4.2. 예금은행 지역별 가계대출(말잔),11110A0,주택관련대출-예금은행,L00,경기,,,,,십억원,,201409,101413.2
151Y003,1.2.3.4.2. 예금은행 지역별 가계대출(말잔),11110A0,주택관련대출-예금은행,M00,강원,,,,,십억원,,201409,3373.2
151Y003,1.2.3.4.2. 예금은행 지역별 가계대출(말잔),11110A0,주택관련대출-예금은행,N00,충북,,,,,십억원,,201409,4697
151Y003,1.2.3.4.2. 예금은행 지역별 가계대출(말잔),11110A0,주택관련대출-예금은행,P00,충남,,,,,십억원,,201409,8192.3
151Y003,1.2.3.4.2. 예금은행 지역별 가계대출(말잔),11110A0,주택관련대출-예금은행,Q00,전북,,,,,십억원,,201409,4995.3
151Y003,1.2.3.4.2. 예금은행 지역별 가계대출(말잔),11110A0,주택관련대출-예금은행,R00,전남,,,,,십억원,,201409,3064.8
151Y003,1.2.3.4.2. 예금은행 지역별 가계대출(말잔),11110A0,주택관련대출-예금은행,S00,경북,,,,,십억원,,201409,5238.4
151Y003,1.2.3.4.2. 예금은행 지역별 가계대출(말잔),11110A0,주택관련대출-예금은행,T00,경남,,,,,십억원,,201409,13973.9
151Y003,1.2.3.4.2. 예금은행 지역별 가계대출(말잔),11110A0,주택관련대출-예금은행,U00,제주,,,,,십억원,,201409,1094.2
151Y003,1.2.3.4.2. 예금은행 지역별 가계대출(말잔),11110A0,주택관련대출-예금은행,A00,서울,,,,,십억원,,201410,121037.3
151Y003,1.2.3.4.2. 예금은행 지역별 가계대출(말잔),11110A0,주택관련대출-예금은행,B00,부산,,,,,십억원,,201410,23728.5
151Y003,1.2.3.4.2. 예금은행 지역별 가계대출(말잔),11110A0,주택관련대출-예금은행,C00,대구,,,,,십억원,,201410,13047.6
151Y003,1.2.3.4.2. 예금은행 지역별 가계대출(말잔),11110A0,주택관련대출-예금은행,D00,인천,,,,,십억원,,201410,26192.3
151Y003,1.2.3.4.2. 예금은행 지역별 가계대출(말잔),11110A0,주택관련대출-예금은행,E00,대전,,,,,십억원,,201410,8889.2
151Y003,1.2.3.4.2. 예금은행 지역별 가계대출(말잔),11110A0,주택관련대출-예금은행,F00,광주,,,,,십억원,,201410,6395.2
151Y003,1.2.3.4.2. 예금은행 지역별 가계대출(말잔),11110A0,주택관련대출-예금은행,G00,울산,,,,,십억원,,201410,5991.9
151Y003,1.2.3.4.2. 예금은행 지역별 가계대출(말잔),11110A0,주택관련대출-예금은행,H00,세종,,,,,십억원,,201410,2222.5
151Y003,1.2.3.4.2. 예금은행 지역별 가계대출(말잔),11110A0,주택관련대출-예금은행,L00,경기,,,,,십억원,,201410,102738.3
151Y003,1.2.3.4.2. 예금은행 지역별 가계대출(말잔),11110A0,주택관련대출-예금은행,M00,강원,,,,,십억원,,201410,3391.6
151Y003,1.2.3.4.2. 예금은행 지역별 가계대출(말잔),11110A0,주택관련대출-예금은행,N00,충북,,,,,십억원,,201410,4769
151Y003,1.2.3.4.2. 예금은행 지역별 가계대출(말잔),11110A0,주택관련대출-예금은행,P00,충남,,,,,십억원,,201410,8377.8
151Y003,1.2.3.4.2. 예금은행 지역별 가계대출(말잔),11110A0,주택관련대출-예금은행,Q00,전북,,,,,십억원,,201410,5010.3
151Y003,1.2.3.4.2. 예금은행 지역별 가계대출(말잔),11110A0,주택관련대출-예금은행,R00,전남,,,,,십억원,,201410,3100.7
151Y003,1.2.3.4.2. 예금은행 지역별 가계대출(말잔),11110A0,주택관련대출-예금은행,S00,경북,,,,,십억원,,201410,5456.7
151Y003,1.2.3.4.2. 예금은행 지역별 가계대출(말잔),11110A0,주택관련대출-예금은행,T00,경남,,,,,십억원,,201410,14183.7
151Y003,1.2.3.4.2. 예금은행 지역별 가계대출(말잔),11110A0,주택관련대출-예금은행,U00,제주,,,,,십억원,,201410,1136.3
151Y003,1.2.3.4.2. 예금은행 지역별 가계대출(말잔),11110A0,주택관련대출-예금은행,A00,서울,,,,,십억원,,201411,122517.3
151Y003,1.2.3.4.2. 예금은행 지역별 가계대출(말잔),11110A0,주택관련대출-예금은행,B00,부산,,,,,십억원,,201411,24104.6
151Y003,1.2.3.4.2. 예금은행 지역별 가계대출(말잔),11110A0,주택관련대출-예금은행,C00,대구,,,,,십억원,,201411,13427
151Y003,1.2.3.4.2. 예금은행 지역별 가계대출(말잔),11110A0,주택관련대출-예금은행,D00,인천,,,,,십억원,,201411,26478.1
151Y003,1.2.3.4.2. 예금은행 지역별 가계대출(말잔),11110A0,주택관련대출-예금은행,E00,대전,,,,,십억원,,201411,8939.4
151Y003,1.2.3.4.2. 예금은행 지역별 가계대출(말잔),11110A0,주택관련대출-예금은행,F00,광주,,,,,십억원,,201411,6495.7
151Y003,1.2.3.4.2. 예금은행 지역별 가계대출(말잔),11110A0,주택관련대출-예금은행,G00,울산,,,,,십억원,,201411,6109.9
151Y003,1.2.3.4.2. 예금은행 지역별 가계대출(말잔),11110A0,주택관련대출-예금은행,H00,세종,,,,,십억원,,201411,2217.1
151Y003,1.2.3.4.2. 예금은행 지역별 가계대출(말잔),11110A0,주택관련대출-예금은행,L00,경기,,,,,십억원,,201411,103784.2
151Y003,1.2.3.4.2. 예금은행 지역별 가계대출(말잔),11110A0,주택관련대출-예금은행,M00,강원,,,,,십억원,,201411,3407.2
151Y003,1.2.3.4.2. 예금은행 지역별 가계대출(말잔),11110A0,주택관련대출-예금은행,N00,충북,,,,,십억원,,201411,4910.2
151Y003,1.2.3.4.2. 예금은행 지역별 가계대출(말잔),11110A0,주택관련대출-예금은행,P00,충남,,,,,십억원,,201411,8612.8
151Y003,1.2.3.4.2. 예금은행 지역별 가계대출(말잔),11110A0,주택관련대출-예금은행,Q00,전북,,,,,십억원,,201411,5048.1
151Y003,1.2.3.4.2. 예금은행 지역별 가계대출(말잔),11110A0,주택관련대출-예금은행,R00,전남,,,,,십억원,,201411,3153.8
151Y003,1.2.3.4.2. 예금은행 지역별 가계대출(말잔),11110A0,주택관련대출-예금은행,S00,경북,,,,,십억원,,201411,5730.3
151Y003,1.2.3.4.2. 예금은행 지역별 가계대출(말잔),11110A0,주택관련대출-예금은행,T00,경남,,,,,십억원,,201411,14529.3
151Y003,1.2.3.4.2. 예금은행 지역별 가계대출(말잔),11110A0,주택관련대출-예금은행,U00,제주,,,,,십억원,,201411,1160.8
151Y003,1.2.3.4.2. 예금은행 지역별 가계대출(말잔),11110A0,주택관련대출-예금은행,A00,서울,,,,,십억원,,201412,123839.5
151Y003,1.2.3.4.2. 예금은행 지역별 가계대출(말잔),11110A0,주택관련대출-예금은행,B00,부산,,,,,십억원,,201412,24520.5
151Y003,1.2.3.4.2. 예금은행 지역별 가계대출(말잔),11110A0,주택관련대출-예금은행,C00,대구,,,,,십억원,,201412,13785.1
151Y003,1.2.3.4.2. 예금은행 지역별 가계대출(말잔),11110A0,주택관련대출-예금은행,D00,인천,,,,,십억원,,201412,26817.6
151Y003,1.2.3.4.2. 예금은행 지역별 가계대출(말잔),11110A0,주택관련대출-예금은행,E00,대전,,,,,십억원,,201412,9012.3
151Y003,1.2.3.4.2. 예금은행 지역별 가계대출(말잔),11110A0,주택관련대출-예금은행,F00,광주,,,,,십억원,,201412,6632.5
151Y003,1.2.3.4.2. 예금은행 지역별 가계대출(말잔),11110A0,주택관련대출-예금은행,G00,울산,,,,,십억원,,201412,6206.8
151Y003,1.2.3.4.2. 예금은행 지역별 가계대출(말잔),11110A0,주택관련대출-예금은행,H00,세종,,,,,십억원,,201412,2317.7
151Y003,1.2.3.4.2. 예금은행 지역별 가계대출(말잔),11110A0,주택관련대출-예금은행,L00,경기,,,,,십억원,,201412,104932
151Y003,1.2.3.4.2. 예금은행 지역별 가계대출(말잔),11110A0,주택관련대출-예금은행,M00,강원,,,,,십억원,,201412,3450.5
151Y003,1.2.3.4.2. 예금은행 지역별 가계대출(말잔),11110A0,주택관련대출-예금은행,N00,충북,,,,,십억원,,201412,5084.4
151Y003,1.2.3.4.2. 예금은행 지역별 가계대출(말잔),11110A0,주택관련대출-예금은행,P00,충남,,,,,십억원,,201412,8831
151Y003,1.2.3.4.2. 예금은행 지역별 가계대출(말잔),11110A0,주택관련대출-예금은행,Q00,전북,,,,,십억원,,201412,5122.6
151Y003,1.2.3.4.2. 예금은행 지역별 가계대출(말잔),11110A0,주택관련대출-예금은행,R00,전남,,,,,십억원,,201412,3183.1
151Y003,1.2.3.4.2. 예금은행 지역별 가계대출(말잔),11110A0,주택관련대출-예금은행,S00,경북,,,,,십억원,,201412,5926.2
151Y003,1.2.3.4.2. 예금은행 지역별 가계대출(말잔),11110A0,주택관련대출-예금은행,T00,경남,,,,,십억원,,201412,14727.8
151Y003,1.2.3.4.2. 예금은행 지역별 가계대출(말잔),11110A0,주택관련대출-예금은행,U00,제주,,,,,십억원,,201412,1190.1
151Y003,1.2.3.4.2. 예금은행 지역별 가계대출(말잔),11110A0,주택관련대출-예금은행,A00,서울,,,,,십억원,,201501,124316.3
151Y003,1.2.3.4.2. 예금은행 지역별 가계대출(말잔),11110A0,주택관련대출-예금은행,B00,부산,,,,,십억원,,201501,24593.5
151Y003,1.2.3.4.2. 예금은행 지역별 가계대출(말잔),11110A0,주택관련대출-예금은행,C00,대구,,,,,십억원,,201501,14041
151Y003,1.2.3.4.2. 예금은행 지역별 가계대출(말잔),11110A0,주택관련대출-예금은행,D00,인천,,,,,십억원,,201501,26818.1
151Y003,1.2.3.4.2. 예금은행 지역별 가계대출(말잔),11110A0,주택관련대출-예금은행,E00,대전,,,,,십억원,,201501,9021.7
151Y003,1.2.3.4.2. 예금은행 지역별 가계대출(말잔),11110A0,주택관련대출-예금은행,F00,광주,,,,,십억원,,201501,6656.7
151Y003,1.2.3.4.2. 예금은행 지역별 가계대출(말잔),11110A0,주택관련대출-예금은행,G00,울산,,,,,십억원,,201501,6228
151Y003,1.2.3.4.2. 예금은행 지역별 가계대출(말잔),11110A0,주택관련대출-예금은행,H00,세종,,,,,십억원,,201501,2342.8
151Y003,1.2.3.4.2. 예금은행 지역별 가계대출(말잔),11110A0,주택관련대출-예금은행,L00,경기,,,,,십억원,,201501,105272
151Y003,1.2.3.4.2. 예금은행 지역별 가계대출(말잔),11110A0,주택관련대출-예금은행,M00,강원,,,,,십억원,,201501,3436.3
151Y003,1.2.3.4.2. 예금은행 지역별 가계대출(말잔),11110A0,주택관련대출-예금은행,N00,충북,,,,,십억원,,201501,5184.6
151Y003,1.2.3.4.2. 예금은행 지역별 가계대출(말잔),11110A0,주택관련대출-예금은행,P00,충남,,,,,십억원,,201501,8873.3
151Y003,1.2.3.4.2. 예금은행 지역별 가계대출(말잔),11110A0,주택관련대출-예금은행,Q00,전북,,,,,십억원,,201501,5093.6
151Y003,1.2.3.4.2. 예금은행 지역별 가계대출(말잔),11110A0,주택관련대출-예금은행,R00,전남,,,,,십억원,,201501,3168
151Y003,1.2.3.4.2. 예금은행 지역별 가계대출(말잔),11110A0,주택관련대출-예금은행,S00,경북,,,,,십억원,,201501,6039.3
151Y003,1.2.3.4.2. 예금은행 지역별 가계대출(말잔),11110A0,주택관련대출-예금은행,T00,경남,,,,,십억원,,201501,14781.3
151Y003,1.2.3.4.2. 예금은행 지역별 가계대출(말잔),11110A0,주택관련대출-예금은행,U00,제주,,,,,십억원,,201501,1262
151Y003,1.2.3.4.2. 예금은행 지역별 가계대출(말잔),11110A0,주택관련대출-예금은행,A00,서울,,,,,십억원,,201502,125547
151Y003,1.2.3.4.2. 예금은행 지역별 가계대출(말잔),11110A0,주택관련대출-예금은행,B00,부산,,,,,십억원,,201502,24965.5
151Y003,1.2.3.4.2. 예금은행 지역별 가계대출(말잔),11110A0,주택관련대출-예금은행,C00,대구,,,,,십억원,,201502,14441.2
151Y003,1.2.3.4.2. 예금은행 지역별 가계대출(말잔),11110A0,주택관련대출-예금은행,D00,인천,,,,,십억원,,201502,26943.7
151Y003,1.2.3.4.2. 예금은행 지역별 가계대출(말잔),11110A0,주택관련대출-예금은행,E00,대전,,,,,십억원,,201502,9101.9
151Y003,1.2.3.4.2. 예금은행 지역별 가계대출(말잔),11110A0,주택관련대출-예금은행,F00,광주,,,,,십억원,,201502,6765.7
151Y003,1.2.3.4.2. 예금은행 지역별 가계대출(말잔),11110A0,주택관련대출-예금은행,G00,울산,,,,,십억원,,201502,6342.7
151Y003,1.2.3.4.2. 예금은행 지역별 가계대출(말잔),11110A0,주택관련대출-예금은행,H00,세종,,,,,십억원,,201502,2220
151Y003,1.2.3.4.2. 예금은행 지역별 가계대출(말잔),11110A0,주택관련대출-예금은행,L00,경기,,,,,십억원,,201502,106282.8
151Y003,1.2.3.4.2. 예금은행 지역별 가계대출(말잔),11110A0,주택관련대출-예금은행,M00,강원,,,,,십억원,,201502,3446.2
151Y003,1.2.3.4.2. 예금은행 지역별 가계대출(말잔),11110A0,주택관련대출-예금은행,N00,충북,,,,,십억원,,201502,5246.6
151Y003,1.2.3.4.2. 예금은행 지역별 가계대출(말잔),11110A0,주택관련대출-예금은행,P00,충남,,,,,십억원,,201502,8951.6
151Y003,1.2.3.4.2. 예금은행 지역별 가계대출(말잔),11110A0,주택관련대출-예금은행,Q00,전북,,,,,십억원,,201502,5120.5
151Y003,1.2.3.4.2. 예금은행 지역별 가계대출(말잔),11110A0,주택관련대출-예금은행,R00,전남,,,,,십억원,,201502,3221.5
151Y003,1.2.3.4.2. 예금은행 지역별 가계대출(말잔),11110A0,주택관련대출-예금은행,S00,경북,,,,,십억원,,201502,6244.9
151Y003,1.2.3.4.2. 예금은행 지역별 가계대출(말잔),11110A0,주택관련대출-예금은행,T00,경남,,,,,십억원,,201502,14892.6
151Y003,1.2.3.4.2. 예금은행 지역별 가계대출(말잔),11110A0,주택관련대출-예금은행,U00,제주,,,,,십억원,,201502,1303.1
151Y003,1.2.3.4.2. 예금은행 지역별 가계대출(말잔),11110A0,주택관련대출-예금은행,A00,서울,,,,,십억원,,201503,127371.7
151Y003,1.2.3.4.2. 예금은행 지역별 가계대출(말잔),11110A0,주택관련대출-예금은행,B00,부산,,,,,십억원,,201503,25115.9
151Y003,1.2.3.4.2. 예금은행 지역별 가계대출(말잔),11110A0,주택관련대출-예금은행,C00,대구,,,,,십억원,,201503,14758.5
151Y003,1.2.3.4.2. 예금은행 지역별 가계대출(말잔),11110A0,주택관련대출-예금은행,D00,인천,,,,,십억원,,201503,27007.5
151Y003,1.2.3.4.2. 예금은행 지역별 가계대출(말잔),11110A0,주택관련대출-예금은행,E00,대전,,,,,십억원,,201503,9196.6
151Y003,1.2.3.4.2. 예금은행 지역별 가계대출(말잔),11110A0,주택관련대출-예금은행,F00,광주,,,,,십억원,,201503,6876.2
151Y003,1.2.3.4.2. 예금은행 지역별 가계대출(말잔),11110A0,주택관련대출-예금은행,G00,울산,,,,,십억원,,201503,6391.1
151Y003,1.2.3.4.2. 예금은행 지역별 가계대출(말잔),11110A0,주택관련대출-예금은행,H00,세종,,,,,십억원,,201503,2349.4
151Y003,1.2.3.4.2. 예금은행 지역별 가계대출(말잔),11110A0,주택관련대출-예금은행,L00,경기,,,,,십억원,,201503,106968.5
151Y003,1.2.3.4.2. 예금은행 지역별 가계대출(말잔),11110A0,주택관련대출-예금은행,M00,강원,,,,,십억원,,201503,3486.6
151Y003,1.2.3.4.2. 예금은행 지역별 가계대출(말잔),11110A0,주택관련대출-예금은행,N00,충북,,,,,십억원,,201503,5344.3
151Y003,1.2.3.4.2. 예금은행 지역별 가계대출(말잔),11110A0,주택관련대출-예금은행,P00,충남,,,,,십억원,,201503,9155.2
151Y003,1.2.3.4.2. 예금은행 지역별 가계대출(말잔),11110A0,주택관련대출-예금은행,Q00,전북,,,,,십억원,,201503,5165.7
151Y003,1.2.3.4.2. 예금은행 지역별 가계대출(말잔),11110A0,주택관련대출-예금은행,R00,전남,,,,,십억원,,201503,3277.7
151Y003,1.2.3.4.2. 예금은행 지역별 가계대출(말잔),11110A0,주택관련대출-예금은행,S00,경북,,,,,십억원,,201503,6381.6
151Y003,1.2.3.4.2. 예금은행 지역별 가계대출(말잔),11110A0,주택관련대출-예금은행,T00,경남,,,,,십억원,,201503,15070.4
151Y003,1.2.3.4.2. 예금은행 지역별 가계대출(말잔),11110A0,주택관련대출-예금은행,U00,제주,,,,,십억원,,201503,1339.3
151Y003,1.2.3.4.2. 예금은행 지역별 가계대출(말잔),11110A0,주택관련대출-예금은행,A00,서울,,,,,십억원,,201504,130256.1
151Y003,1.2.3.4.2. 예금은행 지역별 가계대출(말잔),11110A0,주택관련대출-예금은행,B00,부산,,,,,십억원,,201504,25679.7
151Y003,1.2.3.4.2. 예금은행 지역별 가계대출(말잔),11110A0,주택관련대출-예금은행,C00,대구,,,,,십억원,,201504,15234.5
151Y003,1.2.3.4.2. 예금은행 지역별 가계대출(말잔),11110A0,주택관련대출-예금은행,D00,인천,,,,,십억원,,201504,27457.3
151Y003,1.2.3.4.2. 예금은행 지역별 가계대출(말잔),11110A0,주택관련대출-예금은행,E00,대전,,,,,십억원,,201504,9417.7
151Y003,1.2.3.4.2. 예금은행 지역별 가계대출(말잔),11110A0,주택관련대출-예금은행,F00,광주,,,,,십억원,,201504,7116.4
151Y003,1.2.3.4.2. 예금은행 지역별 가계대출(말잔),11110A0,주택관련대출-예금은행,G00,울산,,,,,십억원,,201504,6615
151Y003,1.2.3.4.2. 예금은행 지역별 가계대출(말잔),11110A0,주택관련대출-예금은행,H00,세종,,,,,십억원,,201504,2386.9
151Y003,1.2.3.4.2. 예금은행 지역별 가계대출(말잔),11110A0,주택관련대출-예금은행,L00,경기,,,,,십억원,,201504,108882.1
151Y003,1.2.3.4.2. 예금은행 지역별 가계대출(말잔),11110A0,주택관련대출-예금은행,M00,강원,,,,,십억원,,201504,3557.2
151Y003,1.2.3.4.2. 예금은행 지역별 가계대출(말잔),11110A0,주택관련대출-예금은행,N00,충북,,,,,십억원,,201504,5492.9
151Y003,1.2.3.4.2. 예금은행 지역별 가계대출(말잔),11110A0,주택관련대출-예금은행,P00,충남,,,,,십억원,,201504,9406.9
151Y003,1.2.3.4.2. 예금은행 지역별 가계대출(말잔),11110A0,주택관련대출-예금은행,Q00,전북,,,,,십억원,,201504,5316.9
151Y003,1.2.3.4.2. 예금은행 지역별 가계대출(말잔),11110A0,주택관련대출-예금은행,R00,전남,,,,,십억원,,201504,3325.8
151Y003,1.2.3.4.2. 예금은행 지역별 가계대출(말잔),11110A0,주택관련대출-예금은행,S00,경북,,,,,십억원,,201504,6601.2
151Y003,1.2.3.4.2. 예금은행 지역별 가계대출(말잔),11110A0,주택관련대출-예금은행,T00,경남,,,,,십억원,,201504,15323.7
151Y003,1.2.3.4.2. 예금은행 지역별 가계대출(말잔),11110A0,주택관련대출-예금은행,U00,제주,,,,,십억원,,201504,1408.2
151Y003,1.2.3.4.2. 예금은행 지역별 가계대출(말잔),11110A0,주택관련대출-예금은행,A00,서울,,,,,십억원,,201505,130403.8
151Y003,1.2.3.4.2. 예금은행 지역별 가계대출(말잔),11110A0,주택관련대출-예금은행,B00,부산,,,,,십억원,,201505,25873.8
151Y003,1.2.3.4.2. 예금은행 지역별 가계대출(말잔),11110A0,주택관련대출-예금은행,C00,대구,,,,,십억원,,201505,15581
151Y003,1.2.3.4.2. 예금은행 지역별 가계대출(말잔),11110A0,주택관련대출-예금은행,D00,인천,,,,,십억원,,201505,27276.3
151Y003,1.2.3.4.2. 예금은행 지역별 가계대출(말잔),11110A0,주택관련대출-예금은행,E00,대전,,,,,십억원,,201505,9343.2
151Y003,1.2.3.4.2. 예금은행 지역별 가계대출(말잔),11110A0,주택관련대출-예금은행,F00,광주,,,,,십억원,,201505,7149.9
151Y003,1.2.3.4.2. 예금은행 지역별 가계대출(말잔),11110A0,주택관련대출-예금은행,G00,울산,,,,,십억원,,201505,6624.6
151Y003,1.2.3.4.2. 예금은행 지역별 가계대출(말잔),11110A0,주택관련대출-예금은행,H00,세종,,,,,십억원,,201505,2500.2
151Y003,1.2.3.4.2. 예금은행 지역별 가계대출(말잔),11110A0,주택관련대출-예금은행,L00,경기,,,,,십억원,,201505,108446.5
151Y003,1.2.3.4.2. 예금은행 지역별 가계대출(말잔),11110A0,주택관련대출-예금은행,M00,강원,,,,,십억원,,201505,3580.8
151Y003,1.2.3.4.2. 예금은행 지역별 가계대출(말잔),11110A0,주택관련대출-예금은행,N00,충북,,,,,십억원,,201505,5523.9
151Y003,1.2.3.4.2. 예금은행 지역별 가계대출(말잔),11110A0,주택관련대출-예금은행,P00,충남,,,,,십억원,,201505,9516.2
151Y003,1.2.3.4.2. 예금은행 지역별 가계대출(말잔),11110A0,주택관련대출-예금은행,Q00,전북,,,,,십억원,,201505,5314.3
151Y003,1.2.3.4.2. 예금은행 지역별 가계대출(말잔),11110A0,주택관련대출-예금은행,R00,전남,,,,,십억원,,201505,3297
151Y003,1.2.3.4.2. 예금은행 지역별 가계대출(말잔),11110A0,주택관련대출-예금은행,S00,경북,,,,,십억원,,201505,6690.4
151Y003,1.2.3.4.2. 예금은행 지역별 가계대출(말잔),11110A0,주택관련대출-예금은행,T00,경남,,,,,십억원,,201505,15527.7
151Y003,1.2.3.4.2. 예금은행 지역별 가계대출(말잔),11110A0,주택관련대출-예금은행,U00,제주,,,,,십억원,,201505,1405.6
151Y003,1.2.3.4.2. 예금은행 지역별 가계대출(말잔),11110A0,주택관련대출-예금은행,A00,서울,,,,,십억원,,201506,126913.5
151Y003,1.2.3.4.2. 예금은행 지역별 가계대출(말잔),11110A0,주택관련대출-예금은행,B00,부산,,,,,십억원,,201506,25202.5
151Y003,1.2.3.4.2. 예금은행 지역별 가계대출(말잔),11110A0,주택관련대출-예금은행,C00,대구,,,,,십억원,,201506,15722.8
151Y003,1.2.3.4.2. 예금은행 지역별 가계대출(말잔),11110A0,주택관련대출-예금은행,D00,인천,,,,,십억원,,201506,25795.8
151Y003,1.2.3.4.2. 예금은행 지역별 가계대출(말잔),11110A0,주택관련대출-예금은행,E00,대전,,,,,십억원,,201506,8842.9
151Y003,1.2.3.4.2. 예금은행 지역별 가계대출(말잔),11110A0,주택관련대출-예금은행,F00,광주,,,,,십억원,,201506,7198.8
151Y003,1.2.3.4.2. 예금은행 지역별 가계대출(말잔),11110A0,주택관련대출-예금은행,G00,울산,,,,,십억원,,201506,6429
151Y003,1.2.3.4.2. 예금은행 지역별 가계대출(말잔),11110A0,주택관련대출-예금은행,H00,세종,,,,,십억원,,201506,2562.3
151Y003,1.2.3.4.2. 예금은행 지역별 가계대출(말잔),11110A0,주택관련대출-예금은행,L00,경기,,,,,십억원,,201506,103747.3
151Y003,1.2.3.4.2. 예금은행 지역별 가계대출(말잔),11110A0,주택관련대출-예금은행,M00,강원,,,,,십억원,,201506,3405.3
151Y003,1.2.3.4.2. 예금은행 지역별 가계대출(말잔),11110A0,주택관련대출-예금은행,N00,충북,,,,,십억원,,201506,5351.3
151Y003,1.2.3.4.2. 예금은행 지역별 가계대출(말잔),11110A0,주택관련대출-예금은행,P00,충남,,,,,십억원,,201506,9395.8
151Y003,1.2.3.4.2. 예금은행 지역별 가계대출(말잔),11110A0,주택관련대출-예금은행,Q00,전북,,,,,십억원,,201506,5143.5
151Y003,1.2.3.4.2. 예금은행 지역별 가계대출(말잔),11110A0,주택관련대출-예금은행,R00,전남,,,,,십억원,,201506,3199.4
151Y003,1.2.3.4.2. 예금은행 지역별 가계대출(말잔),11110A0,주택관련대출-예금은행,S00,경북,,,,,십억원,,201506,6724.8
151Y003,1.2.3.4.2. 예금은행 지역별 가계대출(말잔),11110A0,주택관련대출-예금은행,T00,경남,,,,,십억원,,201506,15168.6
151Y003,1.2.3.4.2. 예금은행 지역별 가계대출(말잔),11110A0,주택관련대출-예금은행,U00,제주,,,,,십억원,,201506,1415.1
151Y003,1.2.3.4.2. 예금은행 지역별 가계대출(말잔),11110A0,주택관련대출-예금은행,A00,서울,,,,,십억원,,201507,127804.2
151Y003,1.2.3.4.2. 예금은행 지역별 가계대출(말잔),11110A0,주택관련대출-예금은행,B00,부산,,,,,십억원,,201507,25239
151Y003,1.2.3.4.2. 예금은행 지역별 가계대출(말잔),11110A0,주택관련대출-예금은행,C00,대구,,,,,십억원,,201507,15896.4
151Y003,1.2.3.4.2. 예금은행 지역별 가계대출(말잔),11110A0,주택관련대출-예금은행,D00,인천,,,,,십억원,,201507,25440.3
151Y003,1.2.3.4.2. 예금은행 지역별 가계대출(말잔),11110A0,주택관련대출-예금은행,E00,대전,,,,,십억원,,201507,8775.5
151Y003,1.2.3.4.2. 예금은행 지역별 가계대출(말잔),11110A0,주택관련대출-예금은행,F00,광주,,,,,십억원,,201507,7096.7
151Y003,1.2.3.4.2. 예금은행 지역별 가계대출(말잔),11110A0,주택관련대출-예금은행,G00,울산,,,,,십억원,,201507,6475.3
151Y003,1.2.3.4.2. 예금은행 지역별 가계대출(말잔),11110A0,주택관련대출-예금은행,H00,세종,,,,,십억원,,201507,2638.2
151Y003,1.2.3.4.2. 예금은행 지역별 가계대출(말잔),11110A0,주택관련대출-예금은행,L00,경기,,,,,십억원,,201507,103209.6
151Y003,1.2.3.4.2. 예금은행 지역별 가계대출(말잔),11110A0,주택관련대출-예금은행,M00,강원,,,,,십억원,,201507,3342.1
151Y003,1.2.3.4.2. 예금은행 지역별 가계대출(말잔),11110A0,주택관련대출-예금은행,N00,충북,,,,,십억원,,201507,5312.7
151Y003,1.2.3.4.2. 예금은행 지역별 가계대출(말잔),11110A0,주택관련대출-예금은행,P00,충남,,,,,십억원,,201507,9361.2
151Y003,1.2.3.4.2. 예금은행 지역별 가계대출(말잔),11110A0,주택관련대출-예금은행,Q00,전북,,,,,십억원,,201507,5039.1
151Y003,1.2.3.4.2. 예금은행 지역별 가계대출(말잔),11110A0,주택관련대출-예금은행,R00,전남,,,,,십억원,,201507,3179.8
151Y003,1.2.3.4.2. 예금은행 지역별 가계대출(말잔),11110A0,주택관련대출-예금은행,S00,경북,,,,,십억원,,201507,6919.1
151Y003,1.2.3.4.2. 예금은행 지역별 가계대출(말잔),11110A0,주택관련대출-예금은행,T00,경남,,,,,십억원,,201507,15203.6
151Y003,1.2.3.4.2. 예금은행 지역별 가계대출(말잔),11110A0,주택관련대출-예금은행,U00,제주,,,,,십억원,,201507,1490.7
151Y003,1.2.3.4.2. 예금은행 지역별 가계대출(말잔),11110A0,주택관련대출-예금은행,A00,서울,,,,,십억원,,201508,129722.9
151Y003,1.2.3.4.2. 예금은행 지역별 가계대출(말잔),11110A0,주택관련대출-예금은행,B00,부산,,,,,십억원,,201508,25652
151Y003,1.2.3.4.2. 예금은행 지역별 가계대출(말잔),11110A0,주택관련대출-예금은행,C00,대구,,,,,십억원,,201508,16362.2
151Y003,1.2.3.4.2. 예금은행 지역별 가계대출(말잔),11110A0,주택관련대출-예금은행,D00,인천,,,,,십억원,,201508,25783.1
151Y003,1.2.3.4.2. 예금은행 지역별 가계대출(말잔),11110A0,주택관련대출-예금은행,E00,대전,,,,,십억원,,201508,9159.7
151Y003,1.2.3.4.2. 예금은행 지역별 가계대출(말잔),11110A0,주택관련대출-예금은행,F00,광주,,,,,십억원,,201508,7178
151Y003,1.2.3.4.2. 예금은행 지역별 가계대출(말잔),11110A0,주택관련대출-예금은행,G00,울산,,,,,십억원,,201508,6708.9
151Y003,1.2.3.4.2. 예금은행 지역별 가계대출(말잔),11110A0,주택관련대출-예금은행,H00,세종,,,,,십억원,,201508,2701.1
151Y003,1.2.3.4.2. 예금은행 지역별 가계대출(말잔),11110A0,주택관련대출-예금은행,L00,경기,,,,,십억원,,201508,104689.8
151Y003,1.2.3.4.2. 예금은행 지역별 가계대출(말잔),11110A0,주택관련대출-예금은행,M00,강원,,,,,십억원,,201508,3401
151Y003,1.2.3.4.2. 예금은행 지역별 가계대출(말잔),11110A0,주택관련대출-예금은행,N00,충북,,,,,십억원,,201508,5413.4
151Y003,1.2.3.4.2. 예금은행 지역별 가계대출(말잔),11110A0,주택관련대출-예금은행,P00,충남,,,,,십억원,,201508,9332.6
151Y003,1.2.3.4.2. 예금은행 지역별 가계대출(말잔),11110A0,주택관련대출-예금은행,Q00,전북,,,,,십억원,,201508,5143.9
151Y003,1.2.3.4.2. 예금은행 지역별 가계대출(말잔),11110A0,주택관련대출-예금은행,R00,전남,,,,,십억원,,201508,3228.5
151Y003,1.2.3.4.2. 예금은행 지역별 가계대출(말잔),11110A0,주택관련대출-예금은행,S00,경북,,,,,십억원,,201508,7135.8
151Y003,1.2.3.4.2. 예금은행 지역별 가계대출(말잔),11110A0,주택관련대출-예금은행,T00,경남,,,,,십억원,,201508,15425.7
151Y003,1.2.3.4.2. 예금은행 지역별 가계대출(말잔),11110A0,주택관련대출-예금은행,U00,제주,,,,,십억원,,201508,1566.1
151Y003,1.2.3.4.2. 예금은행 지역별 가계대출(말잔),11110A0,주택관련대출-예금은행,A00,서울,,,,,십억원,,201509,131438.7
151Y003,1.2.3.4.2. 예금은행 지역별 가계대출(말잔),11110A0,주택관련대출-예금은행,B00,부산,,,,,십억원,,201509,26004.6
151Y003,1.2.3.4.2. 예금은행 지역별 가계대출(말잔),11110A0,주택관련대출-예금은행,C00,대구,,,,,십억원,,201509,16581.9
151Y003,1.2.3.4.2. 예금은행 지역별 가계대출(말잔),11110A0,주택관련대출-예금은행,D00,인천,,,,,십억원,,201509,26135.2
151Y003,1.2.3.4.2. 예금은행 지역별 가계대출(말잔),11110A0,주택관련대출-예금은행,E00,대전,,,,,십억원,,201509,8969.3
151Y003,1.2.3.4.2. 예금은행 지역별 가계대출(말잔),11110A0,주택관련대출-예금은행,F00,광주,,,,,십억원,,201509,7294.1
151Y003,1.2.3.4.2. 예금은행 지역별 가계대출(말잔),11110A0,주택관련대출-예금은행,G00,울산,,,,,십억원,,201509,6764.8
151Y003,1.2.3.4.2. 예금은행 지역별 가계대출(말잔),11110A0,주택관련대출-예금은행,H00,세종,,,,,십억원,,201509,2706.6
151Y003,1.2.3.4.2. 예금은행 지역별 가계대출(말잔),11110A0,주택관련대출-예금은행,L00,경기,,,,,십억원,,201509,106307.9
151Y003,1.2.3.4.2. 예금은행 지역별 가계대출(말잔),11110A0,주택관련대출-예금은행,M00,강원,,,,,십억원,,201509,3421.8
151Y003,1.2.3.4.2. 예금은행 지역별 가계대출(말잔),11110A0,주택관련대출-예금은행,N00,충북,,,,,십억원,,201509,5496.9
151Y003,1.2.3.4.2. 예금은행 지역별 가계대출(말잔),11110A0,주택관련대출-예금은행,P00,충남,,,,,십억원,,201509,9715.8
151Y003,1.2.3.4.2. 예금은행 지역별 가계대출(말잔),11110A0,주택관련대출-예금은행,Q00,전북,,,,,십억원,,201509,5150.1
151Y003,1.2.3.4.2. 예금은행 지역별 가계대출(말잔),11110A0,주택관련대출-예금은행,R00,전남,,,,,십억원,,201509,3248.4
151Y003,1.2.3.4.2. 예금은행 지역별 가계대출(말잔),11110A0,주택관련대출-예금은행,S00,경북,,,,,십억원,,201509,7277
151Y003,1.2.3.4.2. 예금은행 지역별 가계대출(말잔),11110A0,주택관련대출-예금은행,T00,경남,,,,,십억원,,201509,15573.5
151Y003,1.2.3.4.2. 예금은행 지역별 가계대출(말잔),11110A0,주택관련대출-예금은행,U00,제주,,,,,십억원,,201509,1594.9
151Y003,1.2.3.4.2. 예금은행 지역별 가계대출(말잔),11110A0,주택관련대출-예금은행,A00,서울,,,,,십억원,,201510,133698.7
151Y003,1.2.3.4.2. 예금은행 지역별 가계대출(말잔),11110A0,주택관련대출-예금은행,B00,부산,,,,,십억원,,201510,26488.2
151Y003,1.2.3.4.2. 예금은행 지역별 가계대출(말잔),11110A0,주택관련대출-예금은행,C00,대구,,,,,십억원,,201510,17004.3
151Y003,1.2.3.4.2. 예금은행 지역별 가계대출(말잔),11110A0,주택관련대출-예금은행,D00,인천,,,,,십억원,,201510,26472.5
151Y003,1.2.3.4.2. 예금은행 지역별 가계대출(말잔),11110A0,주택관련대출-예금은행,E00,대전,,,,,십억원,,201510,9120.6
151Y003,1.2.3.4.2. 예금은행 지역별 가계대출(말잔),11110A0,주택관련대출-예금은행,F00,광주,,,,,십억원,,201510,7493.5
151Y003,1.2.3.4.2. 예금은행 지역별 가계대출(말잔),11110A0,주택관련대출-예금은행,G00,울산,,,,,십억원,,201510,6838.7
151Y003,1.2.3.4.2. 예금은행 지역별 가계대출(말잔),11110A0,주택관련대출-예금은행,H00,세종,,,,,십억원,,201510,2795.1
151Y003,1.2.3.4.2. 예금은행 지역별 가계대출(말잔),11110A0,주택관련대출-예금은행,L00,경기,,,,,십억원,,201510,108180.1
151Y003,1.2.3.4.2. 예금은행 지역별 가계대출(말잔),11110A0,주택관련대출-예금은행,M00,강원,,,,,십억원,,201510,3459.3
151Y003,1.2.3.4.2. 예금은행 지역별 가계대출(말잔),11110A0,주택관련대출-예금은행,N00,충북,,,,,십억원,,201510,5671.6
151Y003,1.2.3.4.2. 예금은행 지역별 가계대출(말잔),11110A0,주택관련대출-예금은행,P00,충남,,,,,십억원,,201510,9829.6
151Y003,1.2.3.4.2. 예금은행 지역별 가계대출(말잔),11110A0,주택관련대출-예금은행,Q00,전북,,,,,십억원,,201510,5208.7
151Y003,1.2.3.4.2. 예금은행 지역별 가계대출(말잔),11110A0,주택관련대출-예금은행,R00,전남,,,,,십억원,,201510,3268.2
151Y003,1.2.3.4.2. 예금은행 지역별 가계대출(말잔),11110A0,주택관련대출-예금은행,S00,경북,,,,,십억원,,201510,7486.6
151Y003,1.2.3.4.2. 예금은행 지역별 가계대출(말잔),11110A0,주택관련대출-예금은행,T00,경남,,,,,십억원,,201510,15702
151Y003,1.2.3.4.2. 예금은행 지역별 가계대출(말잔),11110A0,주택관련대출-예금은행,U00,제주,,,,,십억원,,201510,1670.2
151Y003,1.2.3.4.2. 예금은행 지역별 가계대출(말잔),11110A0,주택관련대출-예금은행,A00,서울,,,,,십억원,,201511,135043
151Y003,1.2.3.4.2. 예금은행 지역별 가계대출(말잔),11110A0,주택관련대출-예금은행,B00,부산,,,,,십억원,,201511,26904.8
151Y003,1.2.3.4.2. 예금은행 지역별 가계대출(말잔),11110A0,주택관련대출-예금은행,C00,대구,,,,,십억원,,201511,17240.5
151Y003,1.2.3.4.2. 예금은행 지역별 가계대출(말잔),11110A0,주택관련대출-예금은행,D00,인천,,,,,십억원,,201511,26688.3
151Y003,1.2.3.4.2. 예금은행 지역별 가계대출(말잔),11110A0,주택관련대출-예금은행,E00,대전,,,,,십억원,,201511,9142
151Y003,1.2.3.4.2. 예금은행 지역별 가계대출(말잔),11110A0,주택관련대출-예금은행,F00,광주,,,,,십억원,,201511,7675.4
151Y003,1.2.3.4.2. 예금은행 지역별 가계대출(말잔),11110A0,주택관련대출-예금은행,G00,울산,,,,,십억원,,201511,6901.2
151Y003,1.2.3.4.2. 예금은행 지역별 가계대출(말잔),11110A0,주택관련대출-예금은행,H00,세종,,,,,십억원,,201511,2899
151Y003,1.2.3.4.2. 예금은행 지역별 가계대출(말잔),11110A0,주택관련대출-예금은행,L00,경기,,,,,십억원,,201511,109538.9
151Y003,1.2.3.4.2. 예금은행 지역별 가계대출(말잔),11110A0,주택관련대출-예금은행,M00,강원,,,,,십억원,,201511,3492.6
151Y003,1.2.3.4.2. 예금은행 지역별 가계대출(말잔),11110A0,주택관련대출-예금은행,N00,충북,,,,,십억원,,201511,5703.2
151Y003,1.2.3.4.2. 예금은행 지역별 가계대출(말잔),11110A0,주택관련대출-예금은행,P00,충남,,,,,십억원,,201511,10074.8
151Y003,1.2.3.4.2. 예금은행 지역별 가계대출(말잔),11110A0,주택관련대출-예금은행,Q00,전북,,,,,십억원,,201511,5243
151Y003,1.2.3.4.2. 예금은행 지역별 가계대출(말잔),11110A0,주택관련대출-예금은행,R00,전남,,,,,십억원,,201511,3313.8
151Y003,1.2.3.4.2. 예금은행 지역별 가계대출(말잔),11110A0,주택관련대출-예금은행,S00,경북,,,,,십억원,,201511,7652
151Y003,1.2.3.4.2. 예금은행 지역별 가계대출(말잔),11110A0,주택관련대출-예금은행,T00,경남,,,,,십억원,,201511,15890.9
151Y003,1.2.3.4.2. 예금은행 지역별 가계대출(말잔),11110A0,주택관련대출-예금은행,U00,제주,,,,,십억원,,201511,1721.2
151Y003,1.2.3.4.2. 예금은행 지역별 가계대출(말잔),11110A0,주택관련대출-예금은행,A00,서울,,,,,십억원,,201512,136921.7
151Y003,1.2.3.4.2. 예금은행 지역별 가계대출(말잔),11110A0,주택관련대출-예금은행,B00,부산,,,,,십억원,,201512,27491
151Y003,1.2.3.4.2. 예금은행 지역별 가계대출(말잔),11110A0,주택관련대출-예금은행,C00,대구,,,,,십억원,,201512,17589.8
151Y003,1.2.3.4.2. 예금은행 지역별 가계대출(말잔),11110A0,주택관련대출-예금은행,D00,인천,,,,,십억원,,201512,26988.8
151Y003,1.2.3.4.2. 예금은행 지역별 가계대출(말잔),11110A0,주택관련대출-예금은행,E00,대전,,,,,십억원,,201512,9255.6
151Y003,1.2.3.4.2. 예금은행 지역별 가계대출(말잔),11110A0,주택관련대출-예금은행,F00,광주,,,,,십억원,,201512,7828.7
151Y003,1.2.3.4.2. 예금은행 지역별 가계대출(말잔),11110A0,주택관련대출-예금은행,G00,울산,,,,,십억원,,201512,7032
151Y003,1.2.3.4.2. 예금은행 지역별 가계대출(말잔),11110A0,주택관련대출-예금은행,H00,세종,,,,,십억원,,201512,2984.1
151Y003,1.2.3.4.2. 예금은행 지역별 가계대출(말잔),11110A0,주택관련대출-예금은행,L00,경기,,,,,십억원,,201512,111369
151Y003,1.2.3.4.2. 예금은행 지역별 가계대출(말잔),11110A0,주택관련대출-예금은행,M00,강원,,,,,십억원,,201512,3530.9
151Y003,1.2.3.4.2. 예금은행 지역별 가계대출(말잔),11110A0,주택관련대출-예금은행,N00,충북,,,,,십억원,,201512,5756.7
151Y003,1.2.3.4.2. 예금은행 지역별 가계대출(말잔),11110A0,주택관련대출-예금은행,P00,충남,,,,,십억원,,201512,10338.3
151Y003,1.2.3.4.2. 예금은행 지역별 가계대출(말잔),11110A0,주택관련대출-예금은행,Q00,전북,,,,,십억원,,201512,5321.7
151Y003,1.2.3.4.2. 예금은행 지역별 가계대출(말잔),11110A0,주택관련대출-예금은행,R00,전남,,,,,십억원,,201512,3350.9
151Y003,1.2.3.4.2. 예금은행 지역별 가계대출(말잔),11110A0,주택관련대출-예금은행,S00,경북,,,,,십억원,,201512,7792.9
151Y003,1.2.3.4.2. 예금은행 지역별 가계대출(말잔),11110A0,주택관련대출-예금은행,T00,경남,,,,,십억원,,201512,16344.2
151Y003,1.2.3.4.2. 예금은행 지역별 가계대출(말잔),11110A0,주택관련대출-예금은행,U00,제주,,,,,십억원,,201512,1832.1
151Y003,1.2.3.4.2. 예금은행 지역별 가계대출(말잔),11110A0,주택관련대출-예금은행,A00,서울,,,,,십억원,,201601,137481.7
151Y003,1.2.3.4.2. 예금은행 지역별 가계대출(말잔),11110A0,주택관련대출-예금은행,B00,부산,,,,,십억원,,201601,27455.7
151Y003,1.2.3.4.2. 예금은행 지역별 가계대출(말잔),11110A0,주택관련대출-예금은행,C00,대구,,,,,십억원,,201601,17744.7
151Y003,1.2.3.4.2. 예금은행 지역별 가계대출(말잔),11110A0,주택관련대출-예금은행,D00,인천,,,,,십억원,,201601,26906.9
151Y003,1.2.3.4.2. 예금은행 지역별 가계대출(말잔),11110A0,주택관련대출-예금은행,E00,대전,,,,,십억원,,201601,9246.2
151Y003,1.2.3.4.2. 예금은행 지역별 가계대출(말잔),11110A0,주택관련대출-예금은행,F00,광주,,,,,십억원,,201601,7881.9
151Y003,1.2.3.4.2. 예금은행 지역별 가계대출(말잔),11110A0,주택관련대출-예금은행,G00,울산,,,,,십억원,,201601,6987.9
151Y003,1.2.3.4.2. 예금은행 지역별 가계대출(말잔),11110A0,주택관련대출-예금은행,H00,세종,,,,,십억원,,201601,3113.2
151Y003,1.2.3.4.2. 예금은행 지역별 가계대출(말잔),11110A0,주택관련대출-예금은행,L00,경기,,,,,십억원,,201601,112075.3
151Y003,1.2.3.4.2. 예금은행 지역별 가계대출(말잔),11110A0,주택관련대출-예금은행,M00,강원,,,,,십억원,,201601,3517.8
151Y003,1.2.3.4.2. 예금은행 지역별 가계대출(말잔),11110A0,주택관련대출-예금은행,N00,충북,,,,,십억원,,201601,5644.5
151Y003,1.2.3.4.2. 예금은행 지역별 가계대출(말잔),11110A0,주택관련대출-예금은행,P00,충남,,,,,십억원,,201601,10327.2
151Y003,1.2.3.4.2. 예금은행 지역별 가계대출(말잔),11110A0,주택관련대출-예금은행,Q00,전북,,,,,십억원,,201601,5265.1
151Y003,1.2.3.4.2. 예금은행 지역별 가계대출(말잔),11110A0,주택관련대출-예금은행,R00,전남,,,,,십억원,,201601,3343
151Y003,1.2.3.4.2. 예금은행 지역별 가계대출(말잔),11110A0,주택관련대출-예금은행,S00,경북,,,,,십억원,,201601,7808.7
151Y003,1.2.3.4.2. 예금은행 지역별 가계대출(말잔),11110A0,주택관련대출-예금은행,T00,경남,,,,,십억원,,201601,16519.2
151Y003,1.2.3.4.2. 예금은행 지역별 가계대출(말잔),11110A0,주택관련대출-예금은행,U00,제주,,,,,십억원,,201601,1917.3
151Y003,1.2.3.4.2. 예금은행 지역별 가계대출(말잔),11110A0,주택관련대출-예금은행,A00,서울,,,,,십억원,,201602,137498.4
151Y003,1.2.3.4.2. 예금은행 지역별 가계대출(말잔),11110A0,주택관련대출-예금은행,B00,부산,,,,,십억원,,201602,27424.9
151Y003,1.2.3.4.2. 예금은행 지역별 가계대출(말잔),11110A0,주택관련대출-예금은행,C00,대구,,,,,십억원,,201602,17839.5
151Y003,1.2.3.4.2. 예금은행 지역별 가계대출(말잔),11110A0,주택관련대출-예금은행,D00,인천,,,,,십억원,,201602,26937.9
151Y003,1.2.3.4.2. 예금은행 지역별 가계대출(말잔),11110A0,주택관련대출-예금은행,E00,대전,,,,,십억원,,201602,9201.8
151Y003,1.2.3.4.2. 예금은행 지역별 가계대출(말잔),11110A0,주택관련대출-예금은행,F00,광주,,,,,십억원,,201602,7885
151Y003,1.2.3.4.2. 예금은행 지역별 가계대출(말잔),11110A0,주택관련대출-예금은행,G00,울산,,,,,십억원,,201602,7002.2
151Y003,1.2.3.4.2. 예금은행 지역별 가계대출(말잔),11110A0,주택관련대출-예금은행,H00,세종,,,,,십억원,,201602,3125.1
151Y003,1.2.3.4.2. 예금은행 지역별 가계대출(말잔),11110A0,주택관련대출-예금은행,L00,경기,,,,,십억원,,201602,112898
151Y003,1.2.3.4.2. 예금은행 지역별 가계대출(말잔),11110A0,주택관련대출-예금은행,M00,강원,,,,,십억원,,201602,3467
151Y003,1.2.3.4.2. 예금은행 지역별 가계대출(말잔),11110A0,주택관련대출-예금은행,N00,충북,,,,,십억원,,201602,5661
151Y003,1.2.3.4.2. 예금은행 지역별 가계대출(말잔),11110A0,주택관련대출-예금은행,P00,충남,,,,,십억원,,201602,10296.3
151Y003,1.2.3.4.2. 예금은행 지역별 가계대출(말잔),11110A0,주택관련대출-예금은행,Q00,전북,,,,,십억원,,201602,5270.9
151Y003,1.2.3.4.2. 예금은행 지역별 가계대출(말잔),11110A0,주택관련대출-예금은행,R00,전남,,,,,십억원,,201602,3337.2
151Y003,1.2.3.4.2. 예금은행 지역별 가계대출(말잔),11110A0,주택관련대출-예금은행,S00,경북,,,,,십억원,,201602,7732.1
151Y003,1.2.3.4.2. 예금은행 지역별 가계대출(말잔),11110A0,주택관련대출-예금은행,T00,경남,,,,,십억원,,201602,16595.2
151Y003,1.2.3.4.2. 예금은행 지역별 가계대출(말잔),11110A0,주택관련대출-예금은행,U00,제주,,,,,십억원,,201602,1961.4
151Y003,1.2.3.4.2. 예금은행 지역별 가계대출(말잔),11110A0,주택관련대출-예금은행,A00,서울,,,,,십억원,,201603,138328.7
151Y003,1.2.3.4.2. 예금은행 지역별 가계대출(말잔),11110A0,주택관련대출-예금은행,B00,부산,,,,,십억원,,201603,27637.4
151Y003,1.2.3.4.2. 예금은행 지역별 가계대출(말잔),11110A0,주택관련대출-예금은행,C00,대구,,,,,십억원,,201603,17917.5
151Y003,1.2.3.4.2. 예금은행 지역별 가계대출(말잔),11110A0,주택관련대출-예금은행,D00,인천,,,,,십억원,,201603,27076.3
151Y003,1.2.3.4.2. 예금은행 지역별 가계대출(말잔),11110A0,주택관련대출-예금은행,E00,대전,,,,,십억원,,201603,9295.8
151Y003,1.2.3.4.2. 예금은행 지역별 가계대출(말잔),11110A0,주택관련대출-예금은행,F00,광주,,,,,십억원,,201603,7898.5
151Y003,1.2.3.4.2. 예금은행 지역별 가계대출(말잔),11110A0,주택관련대출-예금은행,G00,울산,,,,,십억원,,201603,7111.8
151Y003,1.2.3.4.2. 예금은행 지역별 가계대출(말잔),11110A0,주택관련대출-예금은행,H00,세종,,,,,십억원,,201603,3205.4
151Y003,1.2.3.4.2. 예금은행 지역별 가계대출(말잔),11110A0,주택관련대출-예금은행,L00,경기,,,,,십억원,,201603,113873.1
151Y003,1.2.3.4.2. 예금은행 지역별 가계대출(말잔),11110A0,주택관련대출-예금은행,M00,강원,,,,,십억원,,201603,3513
151Y003,1.2.3.4.2. 예금은행 지역별 가계대출(말잔),11110A0,주택관련대출-예금은행,N00,충북,,,,,십억원,,201603,5695.7
151Y003,1.2.3.4.2. 예금은행 지역별 가계대출(말잔),11110A0,주택관련대출-예금은행,P00,충남,,,,,십억원,,201603,10391.3
151Y003,1.2.3.4.2. 예금은행 지역별 가계대출(말잔),11110A0,주택관련대출-예금은행,Q00,전북,,,,,십억원,,201603,5295.7
151Y003,1.2.3.4.2. 예금은행 지역별 가계대출(말잔),11110A0,주택관련대출-예금은행,R00,전남,,,,,십억원,,201603,3369.5
151Y003,1.2.3.4.2. 예금은행 지역별 가계대출(말잔),11110A0,주택관련대출-예금은행,S00,경북,,,,,십억원,,201603,7826.4
151Y003,1.2.3.4.2. 예금은행 지역별 가계대출(말잔),11110A0,주택관련대출-예금은행,T00,경남,,,,,십억원,,201603,16642.9
151Y003,1.2.3.4.2. 예금은행 지역별 가계대출(말잔),11110A0,주택관련대출-예금은행,U00,제주,,,,,십억원,,201603,2031.7
151Y003,1.2.3.4.2. 예금은행 지역별 가계대출(말잔),11110A0,주택관련대출-예금은행,A00,서울,,,,,십억원,,201604,139269
151Y003,1.2.3.4.2. 예금은행 지역별 가계대출(말잔),11110A0,주택관련대출-예금은행,B00,부산,,,,,십억원,,201604,28125.9
151Y003,1.2.3.4.2. 예금은행 지역별 가계대출(말잔),11110A0,주택관련대출-예금은행,C00,대구,,,,,십억원,,201604,18111.7
151Y003,1.2.3.4.2. 예금은행 지역별 가계대출(말잔),11110A0,주택관련대출-예금은행,D00,인천,,,,,십억원,,201604,27364.9
151Y003,1.2.3.4.2. 예금은행 지역별 가계대출(말잔),11110A0,주택관련대출-예금은행,E00,대전,,,,,십억원,,201604,9273.9
151Y003,1.2.3.4.2. 예금은행 지역별 가계대출(말잔),11110A0,주택관련대출-예금은행,F00,광주,,,,,십억원,,201604,8096.3
151Y003,1.2.3.4.2. 예금은행 지역별 가계대출(말잔),11110A0,주택관련대출-예금은행,G00,울산,,,,,십억원,,201604,7255
151Y003,1.2.3.4.2. 예금은행 지역별 가계대출(말잔),11110A0,주택관련대출-예금은행,H00,세종,,,,,십억원,,201604,3316
151Y003,1.2.3.4.2. 예금은행 지역별 가계대출(말잔),11110A0,주택관련대출-예금은행,L00,경기,,,,,십억원,,201604,115003.9
151Y003,1.2.3.4.2. 예금은행 지역별 가계대출(말잔),11110A0,주택관련대출-예금은행,M00,강원,,,,,십억원,,201604,3518.9
151Y003,1.2.3.4.2. 예금은행 지역별 가계대출(말잔),11110A0,주택관련대출-예금은행,N00,충북,,,,,십억원,,201604,5769.2
151Y003,1.2.3.4.2. 예금은행 지역별 가계대출(말잔),11110A0,주택관련대출-예금은행,P00,충남,,,,,십억원,,201604,10432.9
151Y003,1.2.3.4.2. 예금은행 지역별 가계대출(말잔),11110A0,주택관련대출-예금은행,Q00,전북,,,,,십억원,,201604,5311.8
151Y003,1.2.3.4.2. 예금은행 지역별 가계대출(말잔),11110A0,주택관련대출-예금은행,R00,전남,,,,,십억원,,201604,3374.3
151Y003,1.2.3.4.2. 예금은행 지역별 가계대출(말잔),11110A0,주택관련대출-예금은행,S00,경북,,,,,십억원,,201604,7883.3
151Y003,1.2.3.4.2. 예금은행 지역별 가계대출(말잔),11110A0,주택관련대출-예금은행,T00,경남,,,,,십억원,,201604,16855.8
151Y003,1.2.3.4.2. 예금은행 지역별 가계대출(말잔),11110A0,주택관련대출-예금은행,U00,제주,,,,,십억원,,201604,2137.3
151Y003,1.2.3.4.2. 예금은행 지역별 가계대출(말잔),11110A0,주택관련대출-예금은행,A00,서울,,,,,십억원,,201605,140815.3
151Y003,1.2.3.4.2. 예금은행 지역별 가계대출(말잔),11110A0,주택관련대출-예금은행,B00,부산,,,,,십억원,,201605,28565
151Y003,1.2.3.4.2. 예금은행 지역별 가계대출(말잔),11110A0,주택관련대출-예금은행,C00,대구,,,,,십억원,,201605,18344.6
151Y003,1.2.3.4.2. 예금은행 지역별 가계대출(말잔),11110A0,주택관련대출-예금은행,D00,인천,,,,,십억원,,201605,27642.7
151Y003,1.2.3.4.2. 예금은행 지역별 가계대출(말잔),11110A0,주택관련대출-예금은행,E00,대전,,,,,십억원,,201605,9315.1
151Y003,1.2.3.4.2. 예금은행 지역별 가계대출(말잔),11110A0,주택관련대출-예금은행,F00,광주,,,,,십억원,,201605,8161.1
151Y003,1.2.3.4.2. 예금은행 지역별 가계대출(말잔),11110A0,주택관련대출-예금은행,G00,울산,,,,,십억원,,201605,7300.5
151Y003,1.2.3.4.2. 예금은행 지역별 가계대출(말잔),11110A0,주택관련대출-예금은행,H00,세종,,,,,십억원,,201605,3409.7
151Y003,1.2.3.4.2. 예금은행 지역별 가계대출(말잔),11110A0,주택관련대출-예금은행,L00,경기,,,,,십억원,,201605,116184.4
151Y003,1.2.3.4.2. 예금은행 지역별 가계대출(말잔),11110A0,주택관련대출-예금은행,M00,강원,,,,,십억원,,201605,3549.8
151Y003,1.2.3.4.2. 예금은행 지역별 가계대출(말잔),11110A0,주택관련대출-예금은행,N00,충북,,,,,십억원,,201605,5852.6
151Y003,1.2.3.4.2. 예금은행 지역별 가계대출(말잔),11110A0,주택관련대출-예금은행,P00,충남,,,,,십억원,,201605,10551.8
151Y003,1.2.3.4.2. 예금은행 지역별 가계대출(말잔),11110A0,주택관련대출-예금은행,Q00,전북,,,,,십억원,,201605,5327
151Y003,1.2.3.4.2. 예금은행 지역별 가계대출(말잔),11110A0,주택관련대출-예금은행,R00,전남,,,,,십억원,,201605,3376.1
151Y003,1.2.3.4.2. 예금은행 지역별 가계대출(말잔),11110A0,주택관련대출-예금은행,S00,경북,,,,,십억원,,201605,7968.7
151Y003,1.2.3.4.2. 예금은행 지역별 가계대출(말잔),11110A0,주택관련대출-예금은행,T00,경남,,,,,십억원,,201605,17082.7
151Y003,1.2.3.4.2. 예금은행 지역별 가계대출(말잔),11110A0,주택관련대출-예금은행,U00,제주,,,,,십억원,,201605,2191.9
151Y003,1.2.3.4.2. 예금은행 지역별 가계대출(말잔),11110A0,주택관련대출-예금은행,A00,서울,,,,,십억원,,201606,142442.5
151Y003,1.2.3.4.2. 예금은행 지역별 가계대출(말잔),11110A0,주택관련대출-예금은행,B00,부산,,,,,십억원,,201606,28861.2
151Y003,1.2.3.4.2. 예금은행 지역별 가계대출(말잔),11110A0,주택관련대출-예금은행,C00,대구,,,,,십억원,,201606,18497.3
151Y003,1.2.3.4.2. 예금은행 지역별 가계대출(말잔),11110A0,주택관련대출-예금은행,D00,인천,,,,,십억원,,201606,27886.8
151Y003,1.2.3.4.2. 예금은행 지역별 가계대출(말잔),11110A0,주택관련대출-예금은행,E00,대전,,,,,십억원,,201606,9416.4
151Y003,1.2.3.4.2. 예금은행 지역별 가계대출(말잔),11110A0,주택관련대출-예금은행,F00,광주,,,,,십억원,,201606,8215.6
151Y003,1.2.3.4.2. 예금은행 지역별 가계대출(말잔),11110A0,주택관련대출-예금은행,G00,울산,,,,,십억원,,201606,7337
151Y003,1.2.3.4.2. 예금은행 지역별 가계대출(말잔),11110A0,주택관련대출-예금은행,H00,세종,,,,,십억원,,201606,3470.4
151Y003,1.2.3.4.2. 예금은행 지역별 가계대출(말잔),11110A0,주택관련대출-예금은행,L00,경기,,,,,십억원,,201606,117676.4
151Y003,1.2.3.4.2. 예금은행 지역별 가계대출(말잔),11110A0,주택관련대출-예금은행,M00,강원,,,,,십억원,,201606,3588
151Y003,1.2.3.4.2. 예금은행 지역별 가계대출(말잔),11110A0,주택관련대출-예금은행,N00,충북,,,,,십억원,,201606,5916.5
151Y003,1.2.3.4.2. 예금은행 지역별 가계대출(말잔),11110A0,주택관련대출-예금은행,P00,충남,,,,,십억원,,201606,10518.1
151Y003,1.2.3.4.2. 예금은행 지역별 가계대출(말잔),11110A0,주택관련대출-예금은행,Q00,전북,,,,,십억원,,201606,5359.5
151Y003,1.2.3.4.2. 예금은행 지역별 가계대출(말잔),11110A0,주택관련대출-예금은행,R00,전남,,,,,십억원,,201606,3399.2
151Y003,1.2.3.4.2. 예금은행 지역별 가계대출(말잔),11110A0,주택관련대출-예금은행,S00,경북,,,,,십억원,,201606,7951.7
151Y003,1.2.3.4.2. 예금은행 지역별 가계대출(말잔),11110A0,주택관련대출-예금은행,T00,경남,,,,,십억원,,201606,17313
151Y003,1.2.3.4.2. 예금은행 지역별 가계대출(말잔),11110A0,주택관련대출-예금은행,U00,제주,,,,,십억원,,201606,2261.9
151Y003,1.2.3.4.2. 예금은행 지역별 가계대출(말잔),11110A0,주택관련대출-예금은행,A00,서울,,,,,십억원,,201607,143787.5
151Y003,1.2.3.4.2. 예금은행 지역별 가계대출(말잔),11110A0,주택관련대출-예금은행,B00,부산,,,,,십억원,,201607,29179.7
151Y003,1.2.3.4.2. 예금은행 지역별 가계대출(말잔),11110A0,주택관련대출-예금은행,C00,대구,,,,,십억원,,201607,18528.8
151Y003,1.2.3.4.2. 예금은행 지역별 가계대출(말잔),11110A0,주택관련대출-예금은행,D00,인천,,,,,십억원,,201607,28448.1
151Y003,1.2.3.4.2. 예금은행 지역별 가계대출(말잔),11110A0,주택관련대출-예금은행,E00,대전,,,,,십억원,,201607,9583.5
151Y003,1.2.3.4.2. 예금은행 지역별 가계대출(말잔),11110A0,주택관련대출-예금은행,F00,광주,,,,,십억원,,201607,8348.4
151Y003,1.2.3.4.2. 예금은행 지역별 가계대출(말잔),11110A0,주택관련대출-예금은행,G00,울산,,,,,십억원,,201607,7419.7
151Y003,1.2.3.4.2. 예금은행 지역별 가계대출(말잔),11110A0,주택관련대출-예금은행,H00,세종,,,,,십억원,,201607,3533.8
151Y003,1.2.3.4.2. 예금은행 지역별 가계대출(말잔),11110A0,주택관련대출-예금은행,L00,경기,,,,,십억원,,201607,118842.9
151Y003,1.2.3.4.2. 예금은행 지역별 가계대출(말잔),11110A0,주택관련대출-예금은행,M00,강원,,,,,십억원,,201607,3664.3
151Y003,1.2.3.4.2. 예금은행 지역별 가계대출(말잔),11110A0,주택관련대출-예금은행,N00,충북,,,,,십억원,,201607,5927.5
151Y003,1.2.3.4.2. 예금은행 지역별 가계대출(말잔),11110A0,주택관련대출-예금은행,P00,충남,,,,,십억원,,201607,10625.4
151Y003,1.2.3.4.2. 예금은행 지역별 가계대출(말잔),11110A0,주택관련대출-예금은행,Q00,전북,,,,,십억원,,201607,5439.2
151Y003,1.2.3.4.2. 예금은행 지역별 가계대출(말잔),11110A0,주택관련대출-예금은행,R00,전남,,,,,십억원,,201607,3447.9
151Y003,1.2.3.4.2. 예금은행 지역별 가계대출(말잔),11110A0,주택관련대출-예금은행,S00,경북,,,,,십억원,,201607,8166.6
151Y003,1.2.3.4.2. 예금은행 지역별 가계대출(말잔),11110A0,주택관련대출-예금은행,T00,경남,,,,,십억원,,201607,17530.3
151Y003,1.2.3.4.2. 예금은행 지역별 가계대출(말잔),11110A0,주택관련대출-예금은행,U00,제주,,,,,십억원,,201607,2327.3
151Y003,1.2.3.4.2. 예금은행 지역별 가계대출(말잔),11110A0,주택관련대출-예금은행,A00,서울,,,,,십억원,,201608,145726.2
151Y003,1.2.3.4.2. 예금은행 지역별 가계대출(말잔),11110A0,주택관련대출-예금은행,B00,부산,,,,,십억원,,201608,29475
151Y003,1.2.3.4.2. 예금은행 지역별 가계대출(말잔),11110A0,주택관련대출-예금은행,C00,대구,,,,,십억원,,201608,18650.9
151Y003,1.2.3.4.2. 예금은행 지역별 가계대출(말잔),11110A0,주택관련대출-예금은행,D00,인천,,,,,십억원,,201608,28944.8
151Y003,1.2.3.4.2. 예금은행 지역별 가계대출(말잔),11110A0,주택관련대출-예금은행,E00,대전,,,,,십억원,,201608,9603.6
151Y003,1.2.3.4.2. 예금은행 지역별 가계대출(말잔),11110A0,주택관련대출-예금은행,F00,광주,,,,,십억원,,201608,8403.9
151Y003,1.2.3.4.2. 예금은행 지역별 가계대출(말잔),11110A0,주택관련대출-예금은행,G00,울산,,,,,십억원,,201608,7508.1
151Y003,1.2.3.4.2. 예금은행 지역별 가계대출(말잔),11110A0,주택관련대출-예금은행,H00,세종,,,,,십억원,,201608,3624.5
151Y003,1.2.3.4.2. 예금은행 지역별 가계대출(말잔),11110A0,주택관련대출-예금은행,L00,경기,,,,,십억원,,201608,119908.7
151Y003,1.2.3.4.2. 예금은행 지역별 가계대출(말잔),11110A0,주택관련대출-예금은행,M00,강원,,,,,십억원,,201608,3705.3
151Y003,1.2.3.4.2. 예금은행 지역별 가계대출(말잔),11110A0,주택관련대출-예금은행,N00,충북,,,,,십억원,,201608,5934.6
151Y003,1.2.3.4.2. 예금은행 지역별 가계대출(말잔),11110A0,주택관련대출-예금은행,P00,충남,,,,,십억원,,201608,10694.3
151Y003,1.2.3.4.2. 예금은행 지역별 가계대출(말잔),11110A0,주택관련대출-예금은행,Q00,전북,,,,,십억원,,201608,5470.1
151Y003,1.2.3.4.2. 예금은행 지역별 가계대출(말잔),11110A0,주택관련대출-예금은행,R00,전남,,,,,십억원,,201608,3509.1
151Y003,1.2.3.4.2. 예금은행 지역별 가계대출(말잔),11110A0,주택관련대출-예금은행,S00,경북,,,,,십억원,,201608,8273.5
151Y003,1.2.3.4.2. 예금은행 지역별 가계대출(말잔),11110A0,주택관련대출-예금은행,T00,경남,,,,,십억원,,201608,17731
151Y003,1.2.3.4.2. 예금은행 지역별 가계대출(말잔),11110A0,주택관련대출-예금은행,U00,제주,,,,,십억원,,201608,2389.7
151Y003,1.2.3.4.2. 예금은행 지역별 가계대출(말잔),11110A0,주택관련대출-예금은행,A00,서울,,,,,십억원,,201609,147081
151Y003,1.2.3.4.2. 예금은행 지역별 가계대출(말잔),11110A0,주택관련대출-예금은행,B00,부산,,,,,십억원,,201609,29767.3
151Y003,1.2.3.4.2. 예금은행 지역별 가계대출(말잔),11110A0,주택관련대출-예금은행,C00,대구,,,,,십억원,,201609,18793
151Y003,1.2.3.4.2. 예금은행 지역별 가계대출(말잔),11110A0,주택관련대출-예금은행,D00,인천,,,,,십억원,,201609,29259.1
151Y003,1.2.3.4.2. 예금은행 지역별 가계대출(말잔),11110A0,주택관련대출-예금은행,E00,대전,,,,,십억원,,201609,9644.4
151Y003,1.2.3.4.2. 예금은행 지역별 가계대출(말잔),11110A0,주택관련대출-예금은행,F00,광주,,,,,십억원,,201609,8434.8
151Y003,1.2.3.4.2. 예금은행 지역별 가계대출(말잔),11110A0,주택관련대출-예금은행,G00,울산,,,,,십억원,,201609,7663.7
151Y003,1.2.3.4.2. 예금은행 지역별 가계대출(말잔),11110A0,주택관련대출-예금은행,H00,세종,,,,,십억원,,201609,3765.1
151Y003,1.2.3.4.2. 예금은행 지역별 가계대출(말잔),11110A0,주택관련대출-예금은행,L00,경기,,,,,십억원,,201609,120910.6
151Y003,1.2.3.4.2. 예금은행 지역별 가계대출(말잔),11110A0,주택관련대출-예금은행,M00,강원,,,,,십억원,,201609,3750.8
151Y003,1.2.3.4.2. 예금은행 지역별 가계대출(말잔),11110A0,주택관련대출-예금은행,N00,충북,,,,,십억원,,201609,5959.4
151Y003,1.2.3.4.2. 예금은행 지역별 가계대출(말잔),11110A0,주택관련대출-예금은행,P00,충남,,,,,십억원,,201609,10712.1
151Y003,1.2.3.4.2. 예금은행 지역별 가계대출(말잔),11110A0,주택관련대출-예금은행,Q00,전북,,,,,십억원,,201609,5477.4
151Y003,1.2.3.4.2. 예금은행 지역별 가계대출(말잔),11110A0,주택관련대출-예금은행,R00,전남,,,,,십억원,,201609,3519.2
151Y003,1.2.3.4.2. 예금은행 지역별 가계대출(말잔),11110A0,주택관련대출-예금은행,S00,경북,,,,,십억원,,201609,8358
151Y003,1.2.3.4.2. 예금은행 지역별 가계대출(말잔),11110A0,주택관련대출-예금은행,T00,경남,,,,,십억원,,201609,18018
151Y003,1.2.3.4.2. 예금은행 지역별 가계대출(말잔),11110A0,주택관련대출-예금은행,U00,제주,,,,,십억원,,201609,2442.1
151Y003,1.2.3.4.2. 예금은행 지역별 가계대출(말잔),11110A0,주택관련대출-예금은행,A00,서울,,,,,십억원,,201610,148459.6
151Y003,1.2.3.4.2. 예금은행 지역별 가계대출(말잔),11110A0,주택관련대출-예금은행,B00,부산,,,,,십억원,,201610,30139.9
151Y003,1.2.3.4.2. 예금은행 지역별 가계대출(말잔),11110A0,주택관련대출-예금은행,C00,대구,,,,,십억원,,201610,18850.5
151Y003,1.2.3.4.2. 예금은행 지역별 가계대출(말잔),11110A0,주택관련대출-예금은행,D00,인천,,,,,십억원,,201610,29453
151Y003,1.2.3.4.2. 예금은행 지역별 가계대출(말잔),11110A0,주택관련대출-예금은행,E00,대전,,,,,십억원,,201610,9724.6
151Y003,1.2.3.4.2. 예금은행 지역별 가계대출(말잔),11110A0,주택관련대출-예금은행,F00,광주,,,,,십억원,,201610,8421.6
151Y003,1.2.3.4.2. 예금은행 지역별 가계대출(말잔),11110A0,주택관련대출-예금은행,G00,울산,,,,,십억원,,201610,7702.2
151Y003,1.2.3.4.2. 예금은행 지역별 가계대출(말잔),11110A0,주택관련대출-예금은행,H00,세종,,,,,십억원,,201610,3828.9
151Y003,1.2.3.4.2. 예금은행 지역별 가계대출(말잔),11110A0,주택관련대출-예금은행,L00,경기,,,,,십억원,,201610,121814.1
151Y003,1.2.3.4.2. 예금은행 지역별 가계대출(말잔),11110A0,주택관련대출-예금은행,M00,강원,,,,,십억원,,201610,3758
151Y003,1.2.3.4.2. 예금은행 지역별 가계대출(말잔),11110A0,주택관련대출-예금은행,N00,충북,,,,,십억원,,201610,5947.8
151Y003,1.2.3.4.2. 예금은행 지역별 가계대출(말잔),11110A0,주택관련대출-예금은행,P00,충남,,,,,십억원,,201610,10735.6
151Y003,1.2.3.4.2. 예금은행 지역별 가계대출(말잔),11110A0,주택관련대출-예금은행,Q00,전북,,,,,십억원,,201610,5506.3
151Y003,1.2.3.4.2. 예금은행 지역별 가계대출(말잔),11110A0,주택관련대출-예금은행,R00,전남,,,,,십억원,,201610,3557.1
151Y003,1.2.3.4.2. 예금은행 지역별 가계대출(말잔),11110A0,주택관련대출-예금은행,S00,경북,,,,,십억원,,201610,8482.7
151Y003,1.2.3.4.2. 예금은행 지역별 가계대출(말잔),11110A0,주택관련대출-예금은행,T00,경남,,,,,십억원,,201610,18178.8
151Y003,1.2.3.4.2. 예금은행 지역별 가계대출(말잔),11110A0,주택관련대출-예금은행,U00,제주,,,,,십억원,,201610,2472.3
151Y003,1.2.3.4.2. 예금은행 지역별 가계대출(말잔),11110A0,주택관련대출-예금은행,A00,서울,,,,,십억원,,201611,150289.6
151Y003,1.2.3.4.2. 예금은행 지역별 가계대출(말잔),11110A0,주택관련대출-예금은행,B00,부산,,,,,십억원,,201611,30479.4
151Y003,1.2.3.4.2. 예금은행 지역별 가계대출(말잔),11110A0,주택관련대출-예금은행,C00,대구,,,,,십억원,,201611,18904.9
151Y003,1.2.3.4.2. 예금은행 지역별 가계대출(말잔),11110A0,주택관련대출-예금은행,D00,인천,,,,,십억원,,201611,29673.4
151Y003,1.2.3.4.2. 예금은행 지역별 가계대출(말잔),11110A0,주택관련대출-예금은행,E00,대전,,,,,십억원,,201611,9854.7
151Y003,1.2.3.4.2. 예금은행 지역별 가계대출(말잔),11110A0,주택관련대출-예금은행,F00,광주,,,,,십억원,,201611,8467.1
151Y003,1.2.3.4.2. 예금은행 지역별 가계대출(말잔),11110A0,주택관련대출-예금은행,G00,울산,,,,,십억원,,201611,7712.3
151Y003,1.2.3.4.2. 예금은행 지역별 가계대출(말잔),11110A0,주택관련대출-예금은행,H00,세종,,,,,십억원,,201611,3872.3
151Y003,1.2.3.4.2. 예금은행 지역별 가계대출(말잔),11110A0,주택관련대출-예금은행,L00,경기,,,,,십억원,,201611,122978.6
151Y003,1.2.3.4.2. 예금은행 지역별 가계대출(말잔),11110A0,주택관련대출-예금은행,M00,강원,,,,,십억원,,201611,3784.8
151Y003,1.2.3.4.2. 예금은행 지역별 가계대출(말잔),11110A0,주택관련대출-예금은행,N00,충북,,,,,십억원,,201611,6025.3
151Y003,1.2.3.4.2. 예금은행 지역별 가계대출(말잔),11110A0,주택관련대출-예금은행,P00,충남,,,,,십억원,,201611,10772.2
151Y003,1.2.3.4.2. 예금은행 지역별 가계대출(말잔),11110A0,주택관련대출-예금은행,Q00,전북,,,,,십억원,,201611,5536.7
151Y003,1.2.3.4.2. 예금은행 지역별 가계대출(말잔),11110A0,주택관련대출-예금은행,R00,전남,,,,,십억원,,201611,3543.8
151Y003,1.2.3.4.2. 예금은행 지역별 가계대출(말잔),11110A0,주택관련대출-예금은행,S00,경북,,,,,십억원,,201611,8593.7
151Y003,1.2.3.4.2. 예금은행 지역별 가계대출(말잔),11110A0,주택관련대출-예금은행,T00,경남,,,,,십억원,,201611,18460.7
151Y003,1.2.3.4.2. 예금은행 지역별 가계대출(말잔),11110A0,주택관련대출-예금은행,U00,제주,,,,,십억원,,201611,2511.1
151Y003,1.2.3.4.2. 예금은행 지역별 가계대출(말잔),11110A0,주택관련대출-예금은행,A00,서울,,,,,십억원,,201612,150524.8
151Y003,1.2.3.4.2. 예금은행 지역별 가계대출(말잔),11110A0,주택관련대출-예금은행,B00,부산,,,,,십억원,,201612,30626.3
151Y003,1.2.3.4.2. 예금은행 지역별 가계대출(말잔),11110A0,주택관련대출-예금은행,C00,대구,,,,,십억원,,201612,18865.8
151Y003,1.2.3.4.2. 예금은행 지역별 가계대출(말잔),11110A0,주택관련대출-예금은행,D00,인천,,,,,십억원,,201612,29763.7
151Y003,1.2.3.4.2. 예금은행 지역별 가계대출(말잔),11110A0,주택관련대출-예금은행,E00,대전,,,,,십억원,,201612,9853.2
151Y003,1.2.3.4.2. 예금은행 지역별 가계대출(말잔),11110A0,주택관련대출-예금은행,F00,광주,,,,,십억원,,201612,8559.4
151Y003,1.2.3.4.2. 예금은행 지역별 가계대출(말잔),11110A0,주택관련대출-예금은행,G00,울산,,,,,십억원,,201612,7728
151Y003,1.2.3.4.2. 예금은행 지역별 가계대출(말잔),11110A0,주택관련대출-예금은행,H00,세종,,,,,십억원,,201612,3920.5
151Y003,1.2.3.4.2. 예금은행 지역별 가계대출(말잔),11110A0,주택관련대출-예금은행,L00,경기,,,,,십억원,,201612,123417
151Y003,1.2.3.4.2. 예금은행 지역별 가계대출(말잔),11110A0,주택관련대출-예금은행,M00,강원,,,,,십억원,,201612,3798.5
151Y003,1.2.3.4.2. 예금은행 지역별 가계대출(말잔),11110A0,주택관련대출-예금은행,N00,충북,,,,,십억원,,201612,5962.8
151Y003,1.2.3.4.2. 예금은행 지역별 가계대출(말잔),11110A0,주택관련대출-예금은행,P00,충남,,,,,십억원,,201612,10765.8
151Y003,1.2.3.4.2. 예금은행 지역별 가계대출(말잔),11110A0,주택관련대출-예금은행,Q00,전북,,,,,십억원,,201612,5569.8
151Y003,1.2.3.4.2. 예금은행 지역별 가계대출(말잔),11110A0,주택관련대출-예금은행,R00,전남,,,,,십억원,,201612,3552.4
151Y003,1.2.3.4.2. 예금은행 지역별 가계대출(말잔),11110A0,주택관련대출-예금은행,S00,경북,,,,,십억원,,201612,8567.6
151Y003,1.2.3.4.2. 예금은행 지역별 가계대출(말잔),11110A0,주택관련대출-예금은행,T00,경남,,,,,십억원,,201612,18507.4
151Y003,1.2.3.4.2. 예금은행 지역별 가계대출(말잔),11110A0,주택관련대출-예금은행,U00,제주,,,,,십억원,,201612,2581.1
151Y003,1.2.3.4.2. 예금은행 지역별 가계대출(말잔),11110A0,주택관련대출-예금은행,A00,서울,,,,,십억원,,201701,150057.6
151Y003,1.2.3.4.2. 예금은행 지역별 가계대출(말잔),11110A0,주택관련대출-예금은행,B00,부산,,,,,십억원,,201701,30658.3
151Y003,1.2.3.4.2. 예금은행 지역별 가계대출(말잔),11110A0,주택관련대출-예금은행,C00,대구,,,,,십억원,,201701,18679.8
151Y003,1.2.3.4.2. 예금은행 지역별 가계대출(말잔),11110A0,주택관련대출-예금은행,D00,인천,,,,,십억원,,201701,29444.6
151Y003,1.2.3.4.2. 예금은행 지역별 가계대출(말잔),11110A0,주택관련대출-예금은행,E00,대전,,,,,십억원,,201701,9824.9
151Y003,1.2.3.4.2. 예금은행 지역별 가계대출(말잔),11110A0,주택관련대출-예금은행,F00,광주,,,,,십억원,,201701,8397.3
151Y003,1.2.3.4.2. 예금은행 지역별 가계대출(말잔),11110A0,주택관련대출-예금은행,G00,울산,,,,,십억원,,201701,7751.9
151Y003,1.2.3.4.2. 예금은행 지역별 가계대출(말잔),11110A0,주택관련대출-예금은행,H00,세종,,,,,십억원,,201701,4007.6
151Y003,1.2.3.4.2. 예금은행 지역별 가계대출(말잔),11110A0,주택관련대출-예금은행,L00,경기,,,,,십억원,,201701,123166.6
151Y003,1.2.3.4.2. 예금은행 지역별 가계대출(말잔),11110A0,주택관련대출-예금은행,M00,강원,,,,,십억원,,201701,3760.8
151Y003,1.2.3.4.2. 예금은행 지역별 가계대출(말잔),11110A0,주택관련대출-예금은행,N00,충북,,,,,십억원,,201701,5948.6
151Y003,1.2.3.4.2. 예금은행 지역별 가계대출(말잔),11110A0,주택관련대출-예금은행,P00,충남,,,,,십억원,,201701,10641.3
151Y003,1.2.3.4.2. 예금은행 지역별 가계대출(말잔),11110A0,주택관련대출-예금은행,Q00,전북,,,,,십억원,,201701,5526.5
151Y003,1.2.3.4.2. 예금은행 지역별 가계대출(말잔),11110A0,주택관련대출-예금은행,R00,전남,,,,,십억원,,201701,3519.3
151Y003,1.2.3.4.2. 예금은행 지역별 가계대출(말잔),11110A0,주택관련대출-예금은행,S00,경북,,,,,십억원,,201701,8577.3
151Y003,1.2.3.4.2. 예금은행 지역별 가계대출(말잔),11110A0,주택관련대출-예금은행,T00,경남,,,,,십억원,,201701,18639.7
151Y003,1.2.3.4.2. 예금은행 지역별 가계대출(말잔),11110A0,주택관련대출-예금은행,U00,제주,,,,,십억원,,201701,2630.3
151Y003,1.2.3.4.2. 예금은행 지역별 가계대출(말잔),11110A0,주택관련대출-예금은행,A00,서울,,,,,십억원,,201702,149951.1
151Y003,1.2.3.4.2. 예금은행 지역별 가계대출(말잔),11110A0,주택관련대출-예금은행,B00,부산,,,,,십억원,,201702,31025.4
151Y003,1.2.3.4.2. 예금은행 지역별 가계대출(말잔),11110A0,주택관련대출-예금은행,C00,대구,,,,,십억원,,201702,18680.5
151Y003,1.2.3.4.2. 예금은행 지역별 가계대출(말잔),11110A0,주택관련대출-예금은행,D00,인천,,,,,십억원,,201702,29502.9
151Y003,1.2.3.4.2. 예금은행 지역별 가계대출(말잔),11110A0,주택관련대출-예금은행,E00,대전,,,,,십억원,,201702,9847.2
151Y003,1.2.3.4.2. 예금은행 지역별 가계대출(말잔),11110A0,주택관련대출-예금은행,F00,광주,,,,,십억원,,201702,8289.1
151Y003,1.2.3.4.2. 예금은행 지역별 가계대출(말잔),11110A0,주택관련대출-예금은행,G00,울산,,,,,십억원,,201702,7842.6
151Y003,1.2.3.4.2. 예금은행 지역별 가계대출(말잔),11110A0,주택관련대출-예금은행,H00,세종,,,,,십억원,,201702,3996.9
151Y003,1.2.3.4.2. 예금은행 지역별 가계대출(말잔),11110A0,주택관련대출-예금은행,L00,경기,,,,,십억원,,201702,123347.9
151Y003,1.2.3.4.2. 예금은행 지역별 가계대출(말잔),11110A0,주택관련대출-예금은행,M00,강원,,,,,십억원,,201702,3755.6
151Y003,1.2.3.4.2. 예금은행 지역별 가계대출(말잔),11110A0,주택관련대출-예금은행,N00,충북,,,,,십억원,,201702,5890.8
151Y003,1.2.3.4.2. 예금은행 지역별 가계대출(말잔),11110A0,주택관련대출-예금은행,P00,충남,,,,,십억원,,201702,10544.1
151Y003,1.2.3.4.2. 예금은행 지역별 가계대출(말잔),11110A0,주택관련대출-예금은행,Q00,전북,,,,,십억원,,201702,5545.9
151Y003,1.2.3.4.2. 예금은행 지역별 가계대출(말잔),11110A0,주택관련대출-예금은행,R00,전남,,,,,십억원,,201702,3483.8
151Y003,1.2.3.4.2. 예금은행 지역별 가계대출(말잔),11110A0,주택관련대출-예금은행,S00,경북,,,,,십억원,,201702,8594.6
151Y003,1.2.3.4.2. 예금은행 지역별 가계대출(말잔),11110A0,주택관련대출-예금은행,T00,경남,,,,,십억원,,201702,18689.7
151Y003,1.2.3.4.2. 예금은행 지역별 가계대출(말잔),11110A0,주택관련대출-예금은행,U00,제주,,,,,십억원,,201702,2653.5
151Y003,1.2.3.4.2. 예금은행 지역별 가계대출(말잔),11110A0,주택관련대출-예금은행,A00,서울,,,,,십억원,,201703,150077.9
151Y003,1.2.3.4.2. 예금은행 지역별 가계대출(말잔),11110A0,주택관련대출-예금은행,B00,부산,,,,,십억원,,201703,31164.5
151Y003,1.2.3.4.2. 예금은행 지역별 가계대출(말잔),11110A0,주택관련대출-예금은행,C00,대구,,,,,십억원,,201703,18666.6
151Y003,1.2.3.4.2. 예금은행 지역별 가계대출(말잔),11110A0,주택관련대출-예금은행,D00,인천,,,,,십억원,,201703,29686.8
151Y003,1.2.3.4.2. 예금은행 지역별 가계대출(말잔),11110A0,주택관련대출-예금은행,E00,대전,,,,,십억원,,201703,9850.2
151Y003,1.2.3.4.2. 예금은행 지역별 가계대출(말잔),11110A0,주택관련대출-예금은행,F00,광주,,,,,십억원,,201703,8313.6
151Y003,1.2.3.4.2. 예금은행 지역별 가계대출(말잔),11110A0,주택관련대출-예금은행,G00,울산,,,,,십억원,,201703,7824.4
151Y003,1.2.3.4.2. 예금은행 지역별 가계대출(말잔),11110A0,주택관련대출-예금은행,H00,세종,,,,,십억원,,201703,4103.5
151Y003,1.2.3.4.2. 예금은행 지역별 가계대출(말잔),11110A0,주택관련대출-예금은행,L00,경기,,,,,십억원,,201703,124020
151Y003,1.2.3.4.2. 예금은행 지역별 가계대출(말잔),11110A0,주택관련대출-예금은행,M00,강원,,,,,십억원,,201703,3815.2
151Y003,1.2.3.4.2. 예금은행 지역별 가계대출(말잔),11110A0,주택관련대출-예금은행,N00,충북,,,,,십억원,,201703,5894.8
151Y003,1.2.3.4.2. 예금은행 지역별 가계대출(말잔),11110A0,주택관련대출-예금은행,P00,충남,,,,,십억원,,201703,10551.4
151Y003,1.2.3.4.2. 예금은행 지역별 가계대출(말잔),11110A0,주택관련대출-예금은행,Q00,전북,,,,,십억원,,201703,5579.2
151Y003,1.2.3.4.2. 예금은행 지역별 가계대출(말잔),11110A0,주택관련대출-예금은행,R00,전남,,,,,십억원,,201703,3499.3
151Y003,1.2.3.4.2. 예금은행 지역별 가계대출(말잔),11110A0,주택관련대출-예금은행,S00,경북,,,,,십억원,,201703,8604.2
151Y003,1.2.3.4.2. 예금은행 지역별 가계대출(말잔),11110A0,주택관련대출-예금은행,T00,경남,,,,,십억원,,201703,18820.8
151Y003,1.2.3.4.2. 예금은행 지역별 가계대출(말잔),11110A0,주택관련대출-예금은행,U00,제주,,,,,십억원,,201703,2695
151Y003,1.2.3.4.2. 예금은행 지역별 가계대출(말잔),11110A0,주택관련대출-예금은행,A00,서울,,,,,십억원,,201704,150448.7
151Y003,1.2.3.4.2. 예금은행 지역별 가계대출(말잔),11110A0,주택관련대출-예금은행,B00,부산,,,,,십억원,,201704,31322.2
151Y003,1.2.3.4.2. 예금은행 지역별 가계대출(말잔),11110A0,주택관련대출-예금은행,C00,대구,,,,,십억원,,201704,18716.4
151Y003,1.2.3.4.2. 예금은행 지역별 가계대출(말잔),11110A0,주택관련대출-예금은행,D00,인천,,,,,십억원,,201704,29837
151Y003,1.2.3.4.2. 예금은행 지역별 가계대출(말잔),11110A0,주택관련대출-예금은행,E00,대전,,,,,십억원,,201704,9729.2
151Y003,1.2.3.4.2. 예금은행 지역별 가계대출(말잔),11110A0,주택관련대출-예금은행,F00,광주,,,,,십억원,,201704,8251.2
151Y003,1.2.3.4.2. 예금은행 지역별 가계대출(말잔),11110A0,주택관련대출-예금은행,G00,울산,,,,,십억원,,201704,7883.4
151Y003,1.2.3.4.2. 예금은행 지역별 가계대출(말잔),11110A0,주택관련대출-예금은행,H00,세종,,,,,십억원,,201704,4065.2
151Y003,1.2.3.4.2. 예금은행 지역별 가계대출(말잔),11110A0,주택관련대출-예금은행,L00,경기,,,,,십억원,,201704,124716.8
151Y003,1.2.3.4.2. 예금은행 지역별 가계대출(말잔),11110A0,주택관련대출-예금은행,M00,강원,,,,,십억원,,201704,3841.2
151Y003,1.2.3.4.2. 예금은행 지역별 가계대출(말잔),11110A0,주택관련대출-예금은행,N00,충북,,,,,십억원,,201704,5877.5
151Y003,1.2.3.4.2. 예금은행 지역별 가계대출(말잔),11110A0,주택관련대출-예금은행,P00,충남,,,,,십억원,,201704,10513.4
151Y003,1.2.3.4.2. 예금은행 지역별 가계대출(말잔),11110A0,주택관련대출-예금은행,Q00,전북,,,,,십억원,,201704,5590.5
151Y003,1.2.3.4.2. 예금은행 지역별 가계대출(말잔),11110A0,주택관련대출-예금은행,R00,전남,,,,,십억원,,201704,3488.3
151Y003,1.2.3.4.2. 예금은행 지역별 가계대출(말잔),11110A0,주택관련대출-예금은행,S00,경북,,,,,십억원,,201704,8636.9
151Y003,1.2.3.4.2. 예금은행 지역별 가계대출(말잔),11110A0,주택관련대출-예금은행,T00,경남,,,,,십억원,,201704,18801.9
151Y003,1.2.3.4.2. 예금은행 지역별 가계대출(말잔),11110A0,주택관련대출-예금은행,U00,제주,,,,,십억원,,201704,2711.2
151Y003,1.2.3.4.2. 예금은행 지역별 가계대출(말잔),11110A0,주택관련대출-예금은행,A00,서울,,,,,십억원,,201705,151060.9
151Y003,1.2.3.4.2. 예금은행 지역별 가계대출(말잔),11110A0,주택관련대출-예금은행,B00,부산,,,,,십억원,,201705,31562
151Y003,1.2.3.4.2. 예금은행 지역별 가계대출(말잔),11110A0,주택관련대출-예금은행,C00,대구,,,,,십억원,,201705,18723.5
151Y003,1.2.3.4.2. 예금은행 지역별 가계대출(말잔),11110A0,주택관련대출-예금은행,D00,인천,,,,,십억원,,201705,30184.6
151Y003,1.2.3.4.2. 예금은행 지역별 가계대출(말잔),11110A0,주택관련대출-예금은행,E00,대전,,,,,십억원,,201705,9799.2
151Y003,1.2.3.4.2. 예금은행 지역별 가계대출(말잔),11110A0,주택관련대출-예금은행,F00,광주,,,,,십억원,,201705,8249.6
151Y003,1.2.3.4.2. 예금은행 지역별 가계대출(말잔),11110A0,주택관련대출-예금은행,G00,울산,,,,,십억원,,201705,8045.2
151Y003,1.2.3.4.2. 예금은행 지역별 가계대출(말잔),11110A0,주택관련대출-예금은행,H00,세종,,,,,십억원,,201705,4142.7
151Y003,1.2.3.4.2. 예금은행 지역별 가계대출(말잔),11110A0,주택관련대출-예금은행,L00,경기,,,,,십억원,,201705,125363.7
151Y003,1.2.3.4.2. 예금은행 지역별 가계대출(말잔),11110A0,주택관련대출-예금은행,M00,강원,,,,,십억원,,201705,3875.1
151Y003,1.2.3.4.2. 예금은행 지역별 가계대출(말잔),11110A0,주택관련대출-예금은행,N00,충북,,,,,십억원,,201705,5855.6
151Y003,1.2.3.4.2. 예금은행 지역별 가계대출(말잔),11110A0,주택관련대출-예금은행,P00,충남,,,,,십억원,,201705,10390.1
151Y003,1.2.3.4.2. 예금은행 지역별 가계대출(말잔),11110A0,주택관련대출-예금은행,Q00,전북,,,,,십억원,,201705,5597.1
151Y003,1.2.3.4.2. 예금은행 지역별 가계대출(말잔),11110A0,주택관련대출-예금은행,R00,전남,,,,,십억원,,201705,3485.8
151Y003,1.2.3.4.2. 예금은행 지역별 가계대출(말잔),11110A0,주택관련대출-예금은행,S00,경북,,,,,십억원,,201705,8614.5
151Y003,1.2.3.4.2. 예금은행 지역별 가계대출(말잔),11110A0,주택관련대출-예금은행,T00,경남,,,,,십억원,,201705,18774.8
151Y003,1.2.3.4.2. 예금은행 지역별 가계대출(말잔),11110A0,주택관련대출-예금은행,U00,제주,,,,,십억원,,201705,2726.5
151Y003,1.2.3.4.2. 예금은행 지역별 가계대출(말잔),11110A0,주택관련대출-예금은행,A00,서울,,,,,십억원,,201706,152162.7
151Y003,1.2.3.4.2. 예금은행 지역별 가계대출(말잔),11110A0,주택관련대출-예금은행,B00,부산,,,,,십억원,,201706,31918.8
151Y003,1.2.3.4.2. 예금은행 지역별 가계대출(말잔),11110A0,주택관련대출-예금은행,C00,대구,,,,,십억원,,201706,18612
151Y003,1.2.3.4.2. 예금은행 지역별 가계대출(말잔),11110A0,주택관련대출-예금은행,D00,인천,,,,,십억원,,201706,30333.9
151Y003,1.2.3.4.2. 예금은행 지역별 가계대출(말잔),11110A0,주택관련대출-예금은행,E00,대전,,,,,십억원,,201706,9830.2
151Y003,1.2.3.4.2. 예금은행 지역별 가계대출(말잔),11110A0,주택관련대출-예금은행,F00,광주,,,,,십억원,,201706,8209.4
151Y003,1.2.3.4.2. 예금은행 지역별 가계대출(말잔),11110A0,주택관련대출-예금은행,G00,울산,,,,,십억원,,201706,8105.9
151Y003,1.2.3.4.2. 예금은행 지역별 가계대출(말잔),11110A0,주택관련대출-예금은행,H00,세종,,,,,십억원,,201706,4268.2
151Y003,1.2.3.4.2. 예금은행 지역별 가계대출(말잔),11110A0,주택관련대출-예금은행,L00,경기,,,,,십억원,,201706,126383.5
151Y003,1.2.3.4.2. 예금은행 지역별 가계대출(말잔),11110A0,주택관련대출-예금은행,M00,강원,,,,,십억원,,201706,3927.9
151Y003,1.2.3.4.2. 예금은행 지역별 가계대출(말잔),11110A0,주택관련대출-예금은행,N00,충북,,,,,십억원,,201706,5878
151Y003,1.2.3.4.2. 예금은행 지역별 가계대출(말잔),11110A0,주택관련대출-예금은행,P00,충남,,,,,십억원,,201706,10328.9
151Y003,1.2.3.4.2. 예금은행 지역별 가계대출(말잔),11110A0,주택관련대출-예금은행,Q00,전북,,,,,십억원,,201706,5650.3
151Y003,1.2.3.4.2. 예금은행 지역별 가계대출(말잔),11110A0,주택관련대출-예금은행,R00,전남,,,,,십억원,,201706,3549.3
151Y003,1.2.3.4.2. 예금은행 지역별 가계대출(말잔),11110A0,주택관련대출-예금은행,S00,경북,,,,,십억원,,201706,8559.3
151Y003,1.2.3.4.2. 예금은행 지역별 가계대출(말잔),11110A0,주택관련대출-예금은행,T00,경남,,,,,십억원,,201706,18911.8
151Y003,1.2.3.4.2. 예금은행 지역별 가계대출(말잔),11110A0,주택관련대출-예금은행,U00,제주,,,,,십억원,,201706,2795.4
151Y003,1.2.3.4.2. 예금은행 지역별 가계대출(말잔),11110A0,주택관련대출-예금은행,A00,서울,,,,,십억원,,201707,153613.1
151Y003,1.2.3.4.2. 예금은행 지역별 가계대출(말잔),11110A0,주택관련대출-예금은행,B00,부산,,,,,십억원,,201707,32207.6
151Y003,1.2.3.4.2. 예금은행 지역별 가계대출(말잔),11110A0,주택관련대출-예금은행,C00,대구,,,,,십억원,,201707,18607.9
151Y003,1.2.3.4.2. 예금은행 지역별 가계대출(말잔),11110A0,주택관련대출-예금은행,D00,인천,,,,,십억원,,201707,30662.7
151Y003,1.2.3.4.2. 예금은행 지역별 가계대출(말잔),11110A0,주택관련대출-예금은행,E00,대전,,,,,십억원,,201707,9934.9
151Y003,1.2.3.4.2. 예금은행 지역별 가계대출(말잔),11110A0,주택관련대출-예금은행,F00,광주,,,,,십억원,,201707,8201.5
151Y003,1.2.3.4.2. 예금은행 지역별 가계대출(말잔),11110A0,주택관련대출-예금은행,G00,울산,,,,,십억원,,201707,8217
151Y003,1.2.3.4.2. 예금은행 지역별 가계대출(말잔),11110A0,주택관련대출-예금은행,H00,세종,,,,,십억원,,201707,4352.5
151Y003,1.2.3.4.2. 예금은행 지역별 가계대출(말잔),11110A0,주택관련대출-예금은행,L00,경기,,,,,십억원,,201707,126684.5
151Y003,1.2.3.4.2. 예금은행 지역별 가계대출(말잔),11110A0,주택관련대출-예금은행,M00,강원,,,,,십억원,,201707,4002.7
151Y003,1.2.3.4.2. 예금은행 지역별 가계대출(말잔),11110A0,주택관련대출-예금은행,N00,충북,,,,,십억원,,201707,5820.7
151Y003,1.2.3.4.2. 예금은행 지역별 가계대출(말잔),11110A0,주택관련대출-예금은행,P00,충남,,,,,십억원,,201707,10332.2
151Y003,1.2.3.4.2. 예금은행 지역별 가계대출(말잔),11110A0,주택관련대출-예금은행,Q00,전북,,,,,십억원,,201707,5712.2
151Y003,1.2.3.4.2. 예금은행 지역별 가계대출(말잔),11110A0,주택관련대출-예금은행,R00,전남,,,,,십억원,,201707,3563.2
151Y003,1.2.3.4.2. 예금은행 지역별 가계대출(말잔),11110A0,주택관련대출-예금은행,S00,경북,,,,,십억원,,201707,8526.3
151Y003,1.2.3.4.2. 예금은행 지역별 가계대출(말잔),11110A0,주택관련대출-예금은행,T00,경남,,,,,십억원,,201707,18850.6
151Y003,1.2.3.4.2. 예금은행 지역별 가계대출(말잔),11110A0,주택관련대출-예금은행,U00,제주,,,,,십억원,,201707,2783.6
151Y003,1.2.3.4.2. 예금은행 지역별 가계대출(말잔),11110A0,주택관련대출-예금은행,A00,서울,,,,,십억원,,201708,155351.2
151Y003,1.2.3.4.2. 예금은행 지역별 가계대출(말잔),11110A0,주택관련대출-예금은행,B00,부산,,,,,십억원,,201708,32461.7
151Y003,1.2.3.4.2. 예금은행 지역별 가계대출(말잔),11110A0,주택관련대출-예금은행,C00,대구,,,,,십억원,,201708,18515
151Y003,1.2.3.4.2. 예금은행 지역별 가계대출(말잔),11110A0,주택관련대출-예금은행,D00,인천,,,,,십억원,,201708,30810.3
151Y003,1.2.3.4.2. 예금은행 지역별 가계대출(말잔),11110A0,주택관련대출-예금은행,E00,대전,,,,,십억원,,201708,9943.5
151Y003,1.2.3.4.2. 예금은행 지역별 가계대출(말잔),11110A0,주택관련대출-예금은행,F00,광주,,,,,십억원,,201708,8243.6
151Y003,1.2.3.4.2. 예금은행 지역별 가계대출(말잔),11110A0,주택관련대출-예금은행,G00,울산,,,,,십억원,,201708,8290.1
151Y003,1.2.3.4.2. 예금은행 지역별 가계대출(말잔),11110A0,주택관련대출-예금은행,H00,세종,,,,,십억원,,201708,4308.5
151Y003,1.2.3.4.2. 예금은행 지역별 가계대출(말잔),11110A0,주택관련대출-예금은행,L00,경기,,,,,십억원,,201708,127235.3
151Y003,1.2.3.4.2. 예금은행 지역별 가계대출(말잔),11110A0,주택관련대출-예금은행,M00,강원,,,,,십억원,,201708,4088.1
151Y003,1.2.3.4.2. 예금은행 지역별 가계대출(말잔),11110A0,주택관련대출-예금은행,N00,충북,,,,,십억원,,201708,5790.5
151Y003,1.2.3.4.2. 예금은행 지역별 가계대출(말잔),11110A0,주택관련대출-예금은행,P00,충남,,,,,십억원,,201708,10148.5
151Y003,1.2.3.4.2. 예금은행 지역별 가계대출(말잔),11110A0,주택관련대출-예금은행,Q00,전북,,,,,십억원,,201708,5805.4
151Y003,1.2.3.4.2. 예금은행 지역별 가계대출(말잔),11110A0,주택관련대출-예금은행,R00,전남,,,,,십억원,,201708,3567.3
151Y003,1.2.3.4.2. 예금은행 지역별 가계대출(말잔),11110A0,주택관련대출-예금은행,S00,경북,,,,,십억원,,201708,8474.2
151Y003,1.2.3.4.2. 예금은행 지역별 가계대출(말잔),11110A0,주택관련대출-예금은행,T00,경남,,,,,십억원,,201708,18713.4
151Y003,1.2.3.4.2. 예금은행 지역별 가계대출(말잔),11110A0,주택관련대출-예금은행,U00,제주,,,,,십억원,,201708,2792.5
151Y003,1.2.3.4.2. 예금은행 지역별 가계대출(말잔),11110A0,주택관련대출-예금은행,A00,서울,,,,,십억원,,201709,155535.3
151Y003,1.2.3.4.2. 예금은행 지역별 가계대출(말잔),11110A0,주택관련대출-예금은행,B00,부산,,,,,십억원,,201709,32608.3
151Y003,1.2.3.4.2. 예금은행 지역별 가계대출(말잔),11110A0,주택관련대출-예금은행,C00,대구,,,,,십억원,,201709,18479.5
151Y003,1.2.3.4.2. 예금은행 지역별 가계대출(말잔),11110A0,주택관련대출-예금은행,D00,인천,,,,,십억원,,201709,31351.4
151Y003,1.2.3.4.2. 예금은행 지역별 가계대출(말잔),11110A0,주택관련대출-예금은행,E00,대전,,,,,십억원,,201709,10109.2
151Y003,1.2.3.4.2. 예금은행 지역별 가계대출(말잔),11110A0,주택관련대출-예금은행,F00,광주,,,,,십억원,,201709,8341.4
151Y003,1.2.3.4.2. 예금은행 지역별 가계대출(말잔),11110A0,주택관련대출-예금은행,G00,울산,,,,,십억원,,201709,8240.9
151Y003,1.2.3.4.2. 예금은행 지역별 가계대출(말잔),11110A0,주택관련대출-예금은행,H00,세종,,,,,십억원,,201709,4282
151Y003,1.2.3.4.2. 예금은행 지역별 가계대출(말잔),11110A0,주택관련대출-예금은행,L00,경기,,,,,십억원,,201709,129113.7
151Y003,1.2.3.4.2. 예금은행 지역별 가계대출(말잔),11110A0,주택관련대출-예금은행,M00,강원,,,,,십억원,,201709,4088.9
151Y003,1.2.3.4.2. 예금은행 지역별 가계대출(말잔),11110A0,주택관련대출-예금은행,N00,충북,,,,,십억원,,201709,5820.3
151Y003,1.2.3.4.2. 예금은행 지역별 가계대출(말잔),11110A0,주택관련대출-예금은행,P00,충남,,,,,십억원,,201709,10085.9
151Y003,1.2.3.4.2. 예금은행 지역별 가계대출(말잔),11110A0,주택관련대출-예금은행,Q00,전북,,,,,십억원,,201709,5810.1
151Y003,1.2.3.4.2. 예금은행 지역별 가계대출(말잔),11110A0,주택관련대출-예금은행,R00,전남,,,,,십억원,,201709,3583.7
151Y003,1.2.3.4.2. 예금은행 지역별 가계대출(말잔),11110A0,주택관련대출-예금은행,S00,경북,,,,,십억원,,201709,8404.8
151Y003,1.2.3.4.2. 예금은행 지역별 가계대출(말잔),11110A0,주택관련대출-예금은행,T00,경남,,,,,십억원,,201709,18750.4
151Y003,1.2.3.4.2. 예금은행 지역별 가계대출(말잔),11110A0,주택관련대출-예금은행,U00,제주,,,,,십억원,,201709,2822.3
151Y003,1.2.3.4.2. 예금은행 지역별 가계대출(말잔),11110A0,주택관련대출-예금은행,A00,서울,,,,,십억원,,201710,156014.4
151Y003,1.2.3.4.2. 예금은행 지역별 가계대출(말잔),11110A0,주택관련대출-예금은행,B00,부산,,,,,십억원,,201710,32998.5
151Y003,1.2.3.4.2. 예금은행 지역별 가계대출(말잔),11110A0,주택관련대출-예금은행,C00,대구,,,,,십억원,,201710,18461.9
151Y003,1.2.3.4.2. 예금은행 지역별 가계대출(말잔),11110A0,주택관련대출-예금은행,D00,인천,,,,,십억원,,201710,31562.2
151Y003,1.2.3.4.2. 예금은행 지역별 가계대출(말잔),11110A0,주택관련대출-예금은행,E00,대전,,,,,십억원,,201710,10192.2
151Y003,1.2.3.4.2. 예금은행 지역별 가계대출(말잔),11110A0,주택관련대출-예금은행,F00,광주,,,,,십억원,,201710,8347.8
151Y003,1.2.3.4.2. 예금은행 지역별 가계대출(말잔),11110A0,주택관련대출-예금은행,G00,울산,,,,,십억원,,201710,8338.4
151Y003,1.2.3.4.2. 예금은행 지역별 가계대출(말잔),11110A0,주택관련대출-예금은행,H00,세종,,,,,십억원,,201710,4356.9
151Y003,1.2.3.4.2. 예금은행 지역별 가계대출(말잔),11110A0,주택관련대출-예금은행,L00,경기,,,,,십억원,,201710,129743
151Y003,1.2.3.4.2. 예금은행 지역별 가계대출(말잔),11110A0,주택관련대출-예금은행,M00,강원,,,,,십억원,,201710,4128.8
151Y003,1.2.3.4.2. 예금은행 지역별 가계대출(말잔),11110A0,주택관련대출-예금은행,N00,충북,,,,,십억원,,201710,5900.3
151Y003,1.2.3.4.2. 예금은행 지역별 가계대출(말잔),11110A0,주택관련대출-예금은행,P00,충남,,,,,십억원,,201710,10095.7
151Y003,1.2.3.4.2. 예금은행 지역별 가계대출(말잔),11110A0,주택관련대출-예금은행,Q00,전북,,,,,십억원,,201710,5830.7
151Y003,1.2.3.4.2. 예금은행 지역별 가계대출(말잔),11110A0,주택관련대출-예금은행,R00,전남,,,,,십억원,,201710,3615.8
151Y003,1.2.3.4.2. 예금은행 지역별 가계대출(말잔),11110A0,주택관련대출-예금은행,S00,경북,,,,,십억원,,201710,8410.5
151Y003,1.2.3.4.2. 예금은행 지역별 가계대출(말잔),11110A0,주택관련대출-예금은행,T00,경남,,,,,십억원,,201710,18891.9
151Y003,1.2.3.4.2. 예금은행 지역별 가계대출(말잔),11110A0,주택관련대출-예금은행,U00,제주,,,,,십억원,,201710,2826.5
151Y003,1.2.3.4.2. 예금은행 지역별 가계대출(말잔),11110A0,주택관련대출-예금은행,A00,서울,,,,,십억원,,201711,156963.3
151Y003,1.2.3.4.2. 예금은행 지역별 가계대출(말잔),11110A0,주택관련대출-예금은행,B00,부산,,,,,십억원,,201711,33235.3
151Y003,1.2.3.4.2. 예금은행 지역별 가계대출(말잔),11110A0,주택관련대출-예금은행,C00,대구,,,,,십억원,,201711,18557.1
151Y003,1.2.3.4.2. 예금은행 지역별 가계대출(말잔),11110A0,주택관련대출-예금은행,D00,인천,,,,,십억원,,201711,31620.2
151Y003,1.2.3.4.2. 예금은행 지역별 가계대출(말잔),11110A0,주택관련대출-예금은행,E00,대전,,,,,십억원,,201711,10224.6
151Y003,1.2.3.4.2. 예금은행 지역별 가계대출(말잔),11110A0,주택관련대출-예금은행,F00,광주,,,,,십억원,,201711,8473
151Y003,1.2.3.4.2. 예금은행 지역별 가계대출(말잔),11110A0,주택관련대출-예금은행,G00,울산,,,,,십억원,,201711,8262.6
151Y003,1.2.3.4.2. 예금은행 지역별 가계대출(말잔),11110A0,주택관련대출-예금은행,H00,세종,,,,,십억원,,201711,4330.8
151Y003,1.2.3.4.2. 예금은행 지역별 가계대출(말잔),11110A0,주택관련대출-예금은행,L00,경기,,,,,십억원,,201711,130373.6
151Y003,1.2.3.4.2. 예금은행 지역별 가계대출(말잔),11110A0,주택관련대출-예금은행,M00,강원,,,,,십억원,,201711,4265.7
151Y003,1.2.3.4.2. 예금은행 지역별 가계대출(말잔),11110A0,주택관련대출-예금은행,N00,충북,,,,,십억원,,201711,5914.3
151Y003,1.2.3.4.2. 예금은행 지역별 가계대출(말잔),11110A0,주택관련대출-예금은행,P00,충남,,,,,십억원,,201711,10090.9
151Y003,1.2.3.4.2. 예금은행 지역별 가계대출(말잔),11110A0,주택관련대출-예금은행,Q00,전북,,,,,십억원,,201711,5911.2
151Y003,1.2.3.4.2. 예금은행 지역별 가계대출(말잔),11110A0,주택관련대출-예금은행,R00,전남,,,,,십억원,,201711,3651.5
151Y003,1.2.3.4.2. 예금은행 지역별 가계대출(말잔),11110A0,주택관련대출-예금은행,S00,경북,,,,,십억원,,201711,8482.6
151Y003,1.2.3.4.2. 예금은행 지역별 가계대출(말잔),11110A0,주택관련대출-예금은행,T00,경남,,,,,십억원,,201711,18869.5
151Y003,1.2.3.4.2. 예금은행 지역별 가계대출(말잔),11110A0,주택관련대출-예금은행,U00,제주,,,,,십억원,,201711,2860.4
151Y003,1.2.3.4.2. 예금은행 지역별 가계대출(말잔),11110A0,주택관련대출-예금은행,A00,서울,,,,,십억원,,201712,157613.3
151Y003,1.2.3.4.2. 예금은행 지역별 가계대출(말잔),11110A0,주택관련대출-예금은행,B00,부산,,,,,십억원,,201712,33439.5
151Y003,1.2.3.4.2. 예금은행 지역별 가계대출(말잔),11110A0,주택관련대출-예금은행,C00,대구,,,,,십억원,,201712,18603.1
151Y003,1.2.3.4.2. 예금은행 지역별 가계대출(말잔),11110A0,주택관련대출-예금은행,D00,인천,,,,,십억원,,201712,31800.6
151Y003,1.2.3.4.2. 예금은행 지역별 가계대출(말잔),11110A0,주택관련대출-예금은행,E00,대전,,,,,십억원,,201712,10267.7
151Y003,1.2.3.4.2. 예금은행 지역별 가계대출(말잔),11110A0,주택관련대출-예금은행,F00,광주,,,,,십억원,,201712,8584.3
151Y003,1.2.3.4.2. 예금은행 지역별 가계대출(말잔),11110A0,주택관련대출-예금은행,G00,울산,,,,,십억원,,201712,8312.9
151Y003,1.2.3.4.2. 예금은행 지역별 가계대출(말잔),11110A0,주택관련대출-예금은행,H00,세종,,,,,십억원,,201712,4291.9
151Y003,1.2.3.4.2. 예금은행 지역별 가계대출(말잔),11110A0,주택관련대출-예금은행,L00,경기,,,,,십억원,,201712,131152.8
151Y003,1.2.3.4.2. 예금은행 지역별 가계대출(말잔),11110A0,주택관련대출-예금은행,M00,강원,,,,,십억원,,201712,4310.7
151Y003,1.2.3.4.2. 예금은행 지역별 가계대출(말잔),11110A0,주택관련대출-예금은행,N00,충북,,,,,십억원,,201712,5973.9
151Y003,1.2.3.4.2. 예금은행 지역별 가계대출(말잔),11110A0,주택관련대출-예금은행,P00,충남,,,,,십억원,,201712,10081.6
151Y003,1.2.3.4.2. 예금은행 지역별 가계대출(말잔),11110A0,주택관련대출-예금은행,Q00,전북,,,,,십억원,,201712,5931
151Y003,1.2.3.4.2. 예금은행 지역별 가계대출(말잔),11110A0,주택관련대출-예금은행,R00,전남,,,,,십억원,,201712,3707.5
151Y003,1.2.3.4.2. 예금은행 지역별 가계대출(말잔),11110A0,주택관련대출-예금은행,S00,경북,,,,,십억원,,201712,8473.6
151Y003,1.2.3.4.2. 예금은행 지역별 가계대출(말잔),11110A0,주택관련대출-예금은행,T00,경남,,,,,십억원,,201712,18785
151Y003,1.2.3.4.2. 예금은행 지역별 가계대출(말잔),11110A0,주택관련대출-예금은행,U00,제주,,,,,십억원,,201712,2879.1
151Y003,1.2.3.4.2. 예금은행 지역별 가계대출(말잔),11110A0,주택관련대출-예금은행,A00,서울,,,,,십억원,,201801,157860.7
151Y003,1.2.3.4.2. 예금은행 지역별 가계대출(말잔),11110A0,주택관련대출-예금은행,B00,부산,,,,,십억원,,201801,33628.1
151Y003,1.2.3.4.2. 예금은행 지역별 가계대출(말잔),11110A0,주택관련대출-예금은행,C00,대구,,,,,십억원,,201801,18658.4
151Y003,1.2.3.4.2. 예금은행 지역별 가계대출(말잔),11110A0,주택관련대출-예금은행,D00,인천,,,,,십억원,,201801,31798.2
151Y003,1.2.3.4.2. 예금은행 지역별 가계대출(말잔),11110A0,주택관련대출-예금은행,E00,대전,,,,,십억원,,201801,10330.2
151Y003,1.2.3.4.2. 예금은행 지역별 가계대출(말잔),11110A0,주택관련대출-예금은행,F00,광주,,,,,십억원,,201801,8712
151Y003,1.2.3.4.2. 예금은행 지역별 가계대출(말잔),11110A0,주택관련대출-예금은행,G00,울산,,,,,십억원,,201801,8220.4
151Y003,1.2.3.4.2. 예금은행 지역별 가계대출(말잔),11110A0,주택관련대출-예금은행,H00,세종,,,,,십억원,,201801,4292.6
151Y003,1.2.3.4.2. 예금은행 지역별 가계대출(말잔),11110A0,주택관련대출-예금은행,L00,경기,,,,,십억원,,201801,131529.8
151Y003,1.2.3.4.2. 예금은행 지역별 가계대출(말잔),11110A0,주택관련대출-예금은행,M00,강원,,,,,십억원,,201801,4335.8
151Y003,1.2.3.4.2. 예금은행 지역별 가계대출(말잔),11110A0,주택관련대출-예금은행,N00,충북,,,,,십억원,,201801,6018.2
151Y003,1.2.3.4.2. 예금은행 지역별 가계대출(말잔),11110A0,주택관련대출-예금은행,P00,충남,,,,,십억원,,201801,10012.4
151Y003,1.2.3.4.2. 예금은행 지역별 가계대출(말잔),11110A0,주택관련대출-예금은행,Q00,전북,,,,,십억원,,201801,5911.7
151Y003,1.2.3.4.2. 예금은행 지역별 가계대출(말잔),11110A0,주택관련대출-예금은행,R00,전남,,,,,십억원,,201801,3697.7
151Y003,1.2.3.4.2. 예금은행 지역별 가계대출(말잔),11110A0,주택관련대출-예금은행,S00,경북,,,,,십억원,,201801,8431.7
151Y003,1.2.3.4.2. 예금은행 지역별 가계대출(말잔),11110A0,주택관련대출-예금은행,T00,경남,,,,,십억원,,201801,18738.4
151Y003,1.2.3.4.2. 예금은행 지역별 가계대출(말잔),11110A0,주택관련대출-예금은행,U00,제주,,,,,십억원,,201801,2920.9
151Y003,1.2.3.4.2. 예금은행 지역별 가계대출(말잔),11110A0,주택관련대출-예금은행,A00,서울,,,,,십억원,,201802,157826.9
151Y003,1.2.3.4.2. 예금은행 지역별 가계대출(말잔),11110A0,주택관련대출-예금은행,B00,부산,,,,,십억원,,201802,33816.2
151Y003,1.2.3.4.2. 예금은행 지역별 가계대출(말잔),11110A0,주택관련대출-예금은행,C00,대구,,,,,십억원,,201802,18805.2
151Y003,1.2.3.4.2. 예금은행 지역별 가계대출(말잔),11110A0,주택관련대출-예금은행,D00,인천,,,,,십억원,,201802,31851.5
151Y003,1.2.3.4.2. 예금은행 지역별 가계대출(말잔),11110A0,주택관련대출-예금은행,E00,대전,,,,,십억원,,201802,10302.1
151Y003,1.2.3.4.2. 예금은행 지역별 가계대출(말잔),11110A0,주택관련대출-예금은행,F00,광주,,,,,십억원,,201802,8800.8
151Y003,1.2.3.4.2. 예금은행 지역별 가계대출(말잔),11110A0,주택관련대출-예금은행,G00,울산,,,,,십억원,,201802,8199.7
151Y003,1.2.3.4.2. 예금은행 지역별 가계대출(말잔),11110A0,주택관련대출-예금은행,H00,세종,,,,,십억원,,201802,4344.7
151Y003,1.2.3.4.2. 예금은행 지역별 가계대출(말잔),11110A0,주택관련대출-예금은행,L00,경기,,,,,십억원,,201802,132355.4
151Y003,1.2.3.4.2. 예금은행 지역별 가계대출(말잔),11110A0,주택관련대출-예금은행,M00,강원,,,,,십억원,,201802,4358.3
151Y003,1.2.3.4.2. 예금은행 지역별 가계대출(말잔),11110A0,주택관련대출-예금은행,N00,충북,,,,,십억원,,201802,6088.5
151Y003,1.2.3.4.2. 예금은행 지역별 가계대출(말잔),11110A0,주택관련대출-예금은행,P00,충남,,,,,십억원,,201802,9985.8
151Y003,1.2.3.4.2. 예금은행 지역별 가계대출(말잔),11110A0,주택관련대출-예금은행,Q00,전북,,,,,십억원,,201802,5998.6
151Y003,1.2.3.4.2. 예금은행 지역별 가계대출(말잔),11110A0,주택관련대출-예금은행,R00,전남,,,,,십억원,,201802,3770.9
151Y003,1.2.3.4.2. 예금은행 지역별 가계대출(말잔),11110A0,주택관련대출-예금은행,S00,경북,,,,,십억원,,201802,8304.7
151Y003,1.2.3.4.2. 예금은행 지역별 가계대출(말잔),11110A0,주택관련대출-예금은행,T00,경남,,,,,십억원,,201802,18842.4
151Y003,1.2.3.4.2. 예금은행 지역별 가계대출(말잔),11110A0,주택관련대출-예금은행,U00,제주,,,,,십억원,,201802,2936.6
151Y003,1.2.3.4.2. 예금은행 지역별 가계대출(말잔),11110A0,주택관련대출-예금은행,A00,서울,,,,,십억원,,201803,158308
151Y003,1.2.3.4.2. 예금은행 지역별 가계대출(말잔),11110A0,주택관련대출-예금은행,B00,부산,,,,,십억원,,201803,33944.1
151Y003,1.2.3.4.2. 예금은행 지역별 가계대출(말잔),11110A0,주택관련대출-예금은행,C00,대구,,,,,십억원,,201803,19104.4
151Y003,1.2.3.4.2. 예금은행 지역별 가계대출(말잔),11110A0,주택관련대출-예금은행,D00,인천,,,,,십억원,,201803,31911.6
151Y003,1.2.3.4.2. 예금은행 지역별 가계대출(말잔),11110A0,주택관련대출-예금은행,E00,대전,,,,,십억원,,201803,10285.3
151Y003,1.2.3.4.2. 예금은행 지역별 가계대출(말잔),11110A0,주택관련대출-예금은행,F00,광주,,,,,십억원,,201803,8935.3
151Y003,1.2.3.4.2. 예금은행 지역별 가계대출(말잔),11110A0,주택관련대출-예금은행,G00,울산,,,,,십억원,,201803,8159.1
151Y003,1.2.3.4.2. 예금은행 지역별 가계대출(말잔),11110A0,주택관련대출-예금은행,H00,세종,,,,,십억원,,201803,4406.6
151Y003,1.2.3.4.2. 예금은행 지역별 가계대출(말잔),11110A0,주택관련대출-예금은행,L00,경기,,,,,십억원,,201803,133407.4
151Y003,1.2.3.4.2. 예금은행 지역별 가계대출(말잔),11110A0,주택관련대출-예금은행,M00,강원,,,,,십억원,,201803,4365.8
151Y003,1.2.3.4.2. 예금은행 지역별 가계대출(말잔),11110A0,주택관련대출-예금은행,N00,충북,,,,,십억원,,201803,6108.3
151Y003,1.2.3.4.2. 예금은행 지역별 가계대출(말잔),11110A0,주택관련대출-예금은행,P00,충남,,,,,십억원,,201803,9956.6
151Y003,1.2.3.4.2. 예금은행 지역별 가계대출(말잔),11110A0,주택관련대출-예금은행,Q00,전북,,,,,십억원,,201803,5989.4
151Y003,1.2.3.4.2. 예금은행 지역별 가계대출(말잔),11110A0,주택관련대출-예금은행,R00,전남,,,,,십억원,,201803,3811.7
151Y003,1.2.3.4.2. 예금은행 지역별 가계대출(말잔),11110A0,주택관련대출-예금은행,S00,경북,,,,,십억원,,201803,8235.2
151Y003,1.2.3.4.2. 예금은행 지역별 가계대출(말잔),11110A0,주택관련대출-예금은행,T00,경남,,,,,십억원,,201803,18956.6
151Y003,1.2.3.4.2. 예금은행 지역별 가계대출(말잔),11110A0,주택관련대출-예금은행,U00,제주,,,,,십억원,,201803,2937.6
151Y003,1.2.3.4.2. 예금은행 지역별 가계대출(말잔),11110A0,주택관련대출-예금은행,A00,서울,,,,,십억원,,201804,158951.7
151Y003,1.2.3.4.2. 예금은행 지역별 가계대출(말잔),11110A0,주택관련대출-예금은행,B00,부산,,,,,십억원,,201804,33950.7
151Y003,1.2.3.4.2. 예금은행 지역별 가계대출(말잔),11110A0,주택관련대출-예금은행,C00,대구,,,,,십억원,,201804,19043.8
151Y003,1.2.3.4.2. 예금은행 지역별 가계대출(말잔),11110A0,주택관련대출-예금은행,D00,인천,,,,,십억원,,201804,31983.5
151Y003,1.2.3.4.2. 예금은행 지역별 가계대출(말잔),11110A0,주택관련대출-예금은행,E00,대전,,,,,십억원,,201804,10257.7
151Y003,1.2.3.4.2. 예금은행 지역별 가계대출(말잔),11110A0,주택관련대출-예금은행,F00,광주,,,,,십억원,,201804,9029.6
151Y003,1.2.3.4.2. 예금은행 지역별 가계대출(말잔),11110A0,주택관련대출-예금은행,G00,울산,,,,,십억원,,201804,8128
151Y003,1.2.3.4.2. 예금은행 지역별 가계대출(말잔),11110A0,주택관련대출-예금은행,H00,세종,,,,,십억원,,201804,4519.2
151Y003,1.2.3.4.2. 예금은행 지역별 가계대출(말잔),11110A0,주택관련대출-예금은행,L00,경기,,,,,십억원,,201804,134069.6
151Y003,1.2.3.4.2. 예금은행 지역별 가계대출(말잔),11110A0,주택관련대출-예금은행,M00,강원,,,,,십억원,,201804,4463
151Y003,1.2.3.4.2. 예금은행 지역별 가계대출(말잔),11110A0,주택관련대출-예금은행,N00,충북,,,,,십억원,,201804,6106
151Y003,1.2.3.4.2. 예금은행 지역별 가계대출(말잔),11110A0,주택관련대출-예금은행,P00,충남,,,,,십억원,,201804,9967.5
151Y003,1.2.3.4.2. 예금은행 지역별 가계대출(말잔),11110A0,주택관련대출-예금은행,Q00,전북,,,,,십억원,,201804,5982.7
151Y003,1.2.3.4.2. 예금은행 지역별 가계대출(말잔),11110A0,주택관련대출-예금은행,R00,전남,,,,,십억원,,201804,3845.7
151Y003,1.2.3.4.2. 예금은행 지역별 가계대출(말잔),11110A0,주택관련대출-예금은행,S00,경북,,,,,십억원,,201804,8193.7
151Y003,1.2.3.4.2. 예금은행 지역별 가계대출(말잔),11110A0,주택관련대출-예금은행,T00,경남,,,,,십억원,,201804,19009
151Y003,1.2.3.4.2. 예금은행 지역별 가계대출(말잔),11110A0,주택관련대출-예금은행,U00,제주,,,,,십억원,,201804,2946.3
151Y003,1.2.3.4.2. 예금은행 지역별 가계대출(말잔),11110A0,주택관련대출-예금은행,A00,서울,,,,,십억원,,201805,159842.5
151Y003,1.2.3.4.2. 예금은행 지역별 가계대출(말잔),11110A0,주택관련대출-예금은행,B00,부산,,,,,십억원,,201805,34342.9
151Y003,1.2.3.4.2. 예금은행 지역별 가계대출(말잔),11110A0,주택관련대출-예금은행,C00,대구,,,,,십억원,,201805,18901.9
151Y003,1.2.3.4.2. 예금은행 지역별 가계대출(말잔),11110A0,주택관련대출-예금은행,D00,인천,,,,,십억원,,201805,32155.7
151Y003,1.2.3.4.2. 예금은행 지역별 가계대출(말잔),11110A0,주택관련대출-예금은행,E00,대전,,,,,십억원,,201805,10263.1
151Y003,1.2.3.4.2. 예금은행 지역별 가계대출(말잔),11110A0,주택관련대출-예금은행,F00,광주,,,,,십억원,,201805,9141.5
151Y003,1.2.3.4.2. 예금은행 지역별 가계대출(말잔),11110A0,주택관련대출-예금은행,G00,울산,,,,,십억원,,201805,8101.8
151Y003,1.2.3.4.2. 예금은행 지역별 가계대출(말잔),11110A0,주택관련대출-예금은행,H00,세종,,,,,십억원,,201805,4590.5
151Y003,1.2.3.4.2. 예금은행 지역별 가계대출(말잔),11110A0,주택관련대출-예금은행,L00,경기,,,,,십억원,,201805,134543.6
151Y003,1.2.3.4.2. 예금은행 지역별 가계대출(말잔),11110A0,주택관련대출-예금은행,M00,강원,,,,,십억원,,201805,4557
151Y003,1.2.3.4.2. 예금은행 지역별 가계대출(말잔),11110A0,주택관련대출-예금은행,N00,충북,,,,,십억원,,201805,6130.3
151Y003,1.2.3.4.2. 예금은행 지역별 가계대출(말잔),11110A0,주택관련대출-예금은행,P00,충남,,,,,십억원,,201805,9943.9
151Y003,1.2.3.4.2. 예금은행 지역별 가계대출(말잔),11110A0,주택관련대출-예금은행,Q00,전북,,,,,십억원,,201805,5900.6
151Y003,1.2.3.4.2. 예금은행 지역별 가계대출(말잔),11110A0,주택관련대출-예금은행,R00,전남,,,,,십억원,,201805,3808.5
151Y003,1.2.3.4.2. 예금은행 지역별 가계대출(말잔),11110A0,주택관련대출-예금은행,S00,경북,,,,,십억원,,201805,8175.6
151Y003,1.2.3.4.2. 예금은행 지역별 가계대출(말잔),11110A0,주택관련대출-예금은행,T00,경남,,,,,십억원,,201805,19037.1
151Y003,1.2.3.4.2. 예금은행 지역별 가계대출(말잔),11110A0,주택관련대출-예금은행,U00,제주,,,,,십억원,,201805,2957.6
151Y003,1.2.3.4.2. 예금은행 지역별 가계대출(말잔),11110A0,주택관련대출-예금은행,A00,서울,,,,,십억원,,201806,160289.3
151Y003,1.2.3.4.2. 예금은행 지역별 가계대출(말잔),11110A0,주택관련대출-예금은행,B00,부산,,,,,십억원,,201806,34767
151Y003,1.2.3.4.2. 예금은행 지역별 가계대출(말잔),11110A0,주택관련대출-예금은행,C00,대구,,,,,십억원,,201806,18993.5
151Y003,1.2.3.4.2. 예금은행 지역별 가계대출(말잔),11110A0,주택관련대출-예금은행,D00,인천,,,,,십억원,,201806,32205.8
151Y003,1.2.3.4.2. 예금은행 지역별 가계대출(말잔),11110A0,주택관련대출-예금은행,E00,대전,,,,,십억원,,201806,10279.4
151Y003,1.2.3.4.2. 예금은행 지역별 가계대출(말잔),11110A0,주택관련대출-예금은행,F00,광주,,,,,십억원,,201806,9131.8
151Y003,1.2.3.4.2. 예금은행 지역별 가계대출(말잔),11110A0,주택관련대출-예금은행,G00,울산,,,,,십억원,,201806,8115.6
151Y003,1.2.3.4.2. 예금은행 지역별 가계대출(말잔),11110A0,주택관련대출-예금은행,H00,세종,,,,,십억원,,201806,4659.3
151Y003,1.2.3.4.2. 예금은행 지역별 가계대출(말잔),11110A0,주택관련대출-예금은행,L00,경기,,,,,십억원,,201806,135629.2
151Y003,1.2.3.4.2. 예금은행 지역별 가계대출(말잔),11110A0,주택관련대출-예금은행,M00,강원,,,,,십억원,,201806,4602.6
151Y003,1.2.3.4.2. 예금은행 지역별 가계대출(말잔),11110A0,주택관련대출-예금은행,N00,충북,,,,,십억원,,201806,6131.2
151Y003,1.2.3.4.2. 예금은행 지역별 가계대출(말잔),11110A0,주택관련대출-예금은행,P00,충남,,,,,십억원,,201806,9952.1
151Y003,1.2.3.4.2. 예금은행 지역별 가계대출(말잔),11110A0,주택관련대출-예금은행,Q00,전북,,,,,십억원,,201806,5899.5
151Y003,1.2.3.4.2. 예금은행 지역별 가계대출(말잔),11110A0,주택관련대출-예금은행,R00,전남,,,,,십억원,,201806,3874.2
151Y003,1.2.3.4.2. 예금은행 지역별 가계대출(말잔),11110A0,주택관련대출-예금은행,S00,경북,,,,,십억원,,201806,8219
151Y003,1.2.3.4.2. 예금은행 지역별 가계대출(말잔),11110A0,주택관련대출-예금은행,T00,경남,,,,,십억원,,201806,19130.1
151Y003,1.2.3.4.2. 예금은행 지역별 가계대출(말잔),11110A0,주택관련대출-예금은행,U00,제주,,,,,십억원,,201806,2986.9
151Y003,1.2.3.4.2. 예금은행 지역별 가계대출(말잔),11110A0,주택관련대출-예금은행,A00,서울,,,,,십억원,,201807,160847.2
151Y003,1.2.3.4.2. 예금은행 지역별 가계대출(말잔),11110A0,주택관련대출-예금은행,B00,부산,,,,,십억원,,201807,34902.5
151Y003,1.2.3.4.2. 예금은행 지역별 가계대출(말잔),11110A0,주택관련대출-예금은행,C00,대구,,,,,십억원,,201807,18986.7
151Y003,1.2.3.4.2. 예금은행 지역별 가계대출(말잔),11110A0,주택관련대출-예금은행,D00,인천,,,,,십억원,,201807,32426.7
151Y003,1.2.3.4.2. 예금은행 지역별 가계대출(말잔),11110A0,주택관련대출-예금은행,E00,대전,,,,,십억원,,201807,10366.9
151Y003,1.2.3.4.2. 예금은행 지역별 가계대출(말잔),11110A0,주택관련대출-예금은행,F00,광주,,,,,십억원,,201807,9268.7
151Y003,1.2.3.4.2. 예금은행 지역별 가계대출(말잔),11110A0,주택관련대출-예금은행,G00,울산,,,,,십억원,,201807,8131.3
151Y003,1.2.3.4.2. 예금은행 지역별 가계대출(말잔),11110A0,주택관련대출-예금은행,H00,세종,,,,,십억원,,201807,4704.3
151Y003,1.2.3.4.2. 예금은행 지역별 가계대출(말잔),11110A0,주택관련대출-예금은행,L00,경기,,,,,십억원,,201807,136567.6
151Y003,1.2.3.4.2. 예금은행 지역별 가계대출(말잔),11110A0,주택관련대출-예금은행,M00,강원,,,,,십억원,,201807,4665.9
151Y003,1.2.3.4.2. 예금은행 지역별 가계대출(말잔),11110A0,주택관련대출-예금은행,N00,충북,,,,,십억원,,201807,6096.3
151Y003,1.2.3.4.2. 예금은행 지역별 가계대출(말잔),11110A0,주택관련대출-예금은행,P00,충남,,,,,십억원,,201807,9850.8
151Y003,1.2.3.4.2. 예금은행 지역별 가계대출(말잔),11110A0,주택관련대출-예금은행,Q00,전북,,,,,십억원,,201807,5889.9
151Y003,1.2.3.4.2. 예금은행 지역별 가계대출(말잔),11110A0,주택관련대출-예금은행,R00,전남,,,,,십억원,,201807,3860.2
151Y003,1.2.3.4.2. 예금은행 지역별 가계대출(말잔),11110A0,주택관련대출-예금은행,S00,경북,,,,,십억원,,201807,8317.2
151Y003,1.2.3.4.2. 예금은행 지역별 가계대출(말잔),11110A0,주택관련대출-예금은행,T00,경남,,,,,십억원,,201807,19249.8
151Y003,1.2.3.4.2. 예금은행 지역별 가계대출(말잔),11110A0,주택관련대출-예금은행,U00,제주,,,,,십억원,,201807,3008.4
151Y003,1.2.3.4.2. 예금은행 지역별 가계대출(말잔),11110A0,주택관련대출-예금은행,A00,서울,,,,,십억원,,201808,161771.3
151Y003,1.2.3.4.2. 예금은행 지역별 가계대출(말잔),11110A0,주택관련대출-예금은행,B00,부산,,,,,십억원,,201808,35283
151Y003,1.2.3.4.2. 예금은행 지역별 가계대출(말잔),11110A0,주택관련대출-예금은행,C00,대구,,,,,십억원,,201808,19203.5
151Y003,1.2.3.4.2. 예금은행 지역별 가계대출(말잔),11110A0,주택관련대출-예금은행,D00,인천,,,,,십억원,,201808,32553.7
151Y003,1.2.3.4.2. 예금은행 지역별 가계대출(말잔),11110A0,주택관련대출-예금은행,E00,대전,,,,,십억원,,201808,10441.8
151Y003,1.2.3.4.2. 예금은행 지역별 가계대출(말잔),11110A0,주택관련대출-예금은행,F00,광주,,,,,십억원,,201808,9478.9
151Y003,1.2.3.4.2. 예금은행 지역별 가계대출(말잔),11110A0,주택관련대출-예금은행,G00,울산,,,,,십억원,,201808,8115.7
151Y003,1.2.3.4.2. 예금은행 지역별 가계대출(말잔),11110A0,주택관련대출-예금은행,H00,세종,,,,,십억원,,201808,4721.6
151Y003,1.2.3.4.2. 예금은행 지역별 가계대출(말잔),11110A0,주택관련대출-예금은행,L00,경기,,,,,십억원,,201808,137580.1
151Y003,1.2.3.4.2. 예금은행 지역별 가계대출(말잔),11110A0,주택관련대출-예금은행,M00,강원,,,,,십억원,,201808,4735.8
151Y003,1.2.3.4.2. 예금은행 지역별 가계대출(말잔),11110A0,주택관련대출-예금은행,N00,충북,,,,,십억원,,201808,6060.1
151Y003,1.2.3.4.2. 예금은행 지역별 가계대출(말잔),11110A0,주택관련대출-예금은행,P00,충남,,,,,십억원,,201808,9876.9
151Y003,1.2.3.4.2. 예금은행 지역별 가계대출(말잔),11110A0,주택관련대출-예금은행,Q00,전북,,,,,십억원,,201808,5962.1
151Y003,1.2.3.4.2. 예금은행 지역별 가계대출(말잔),11110A0,주택관련대출-예금은행,R00,전남,,,,,십억원,,201808,3894.7
151Y003,1.2.3.4.2. 예금은행 지역별 가계대출(말잔),11110A0,주택관련대출-예금은행,S00,경북,,,,,십억원,,201808,8299.7
151Y003,1.2.3.4.2. 예금은행 지역별 가계대출(말잔),11110A0,주택관련대출-예금은행,T00,경남,,,,,십억원,,201808,19356.4
151Y003,1.2.3.4.2. 예금은행 지역별 가계대출(말잔),11110A0,주택관련대출-예금은행,U00,제주,,,,,십억원,,201808,3032
151Y003,1.2.3.4.2. 예금은행 지역별 가계대출(말잔),11110A0,주택관련대출-예금은행,A00,서울,,,,,십억원,,201809,163264.1
151Y003,1.2.3.4.2. 예금은행 지역별 가계대출(말잔),11110A0,주택관련대출-예금은행,B00,부산,,,,,십억원,,201809,35593.2
151Y003,1.2.3.4.2. 예금은행 지역별 가계대출(말잔),11110A0,주택관련대출-예금은행,C00,대구,,,,,십억원,,201809,19162.5
151Y003,1.2.3.4.2. 예금은행 지역별 가계대출(말잔),11110A0,주택관련대출-예금은행,D00,인천,,,,,십억원,,201809,32541.3
151Y003,1.2.3.4.2. 예금은행 지역별 가계대출(말잔),11110A0,주택관련대출-예금은행,E00,대전,,,,,십억원,,201809,10475.6
151Y003,1.2.3.4.2. 예금은행 지역별 가계대출(말잔),11110A0,주택관련대출-예금은행,F00,광주,,,,,십억원,,201809,9609.6
151Y003,1.2.3.4.2. 예금은행 지역별 가계대출(말잔),11110A0,주택관련대출-예금은행,G00,울산,,,,,십억원,,201809,8098.6
151Y003,1.2.3.4.2. 예금은행 지역별 가계대출(말잔),11110A0,주택관련대출-예금은행,H00,세종,,,,,십억원,,201809,4685.8
151Y003,1.2.3.4.2. 예금은행 지역별 가계대출(말잔),11110A0,주택관련대출-예금은행,L00,경기,,,,,십억원,,201809,138792.2
151Y003,1.2.3.4.2. 예금은행 지역별 가계대출(말잔),11110A0,주택관련대출-예금은행,M00,강원,,,,,십억원,,201809,4775.1
151Y003,1.2.3.4.2. 예금은행 지역별 가계대출(말잔),11110A0,주택관련대출-예금은행,N00,충북,,,,,십억원,,201809,6071.3
151Y003,1.2.3.4.2. 예금은행 지역별 가계대출(말잔),11110A0,주택관련대출-예금은행,P00,충남,,,,,십억원,,201809,9827.8
151Y003,1.2.3.4.2. 예금은행 지역별 가계대출(말잔),11110A0,주택관련대출-예금은행,Q00,전북,,,,,십억원,,201809,5971.8
151Y003,1.2.3.4.2. 예금은행 지역별 가계대출(말잔),11110A0,주택관련대출-예금은행,R00,전남,,,,,십억원,,201809,3917.2
151Y003,1.2.3.4.2. 예금은행 지역별 가계대출(말잔),11110A0,주택관련대출-예금은행,S00,경북,,,,,십억원,,201809,8245.4
151Y003,1.2.3.4.2. 예금은행 지역별 가계대출(말잔),11110A0,주택관련대출-예금은행,T00,경남,,,,,십억원,,201809,19405.2
151Y003,1.2.3.4.2. 예금은행 지역별 가계대출(말잔),11110A0,주택관련대출-예금은행,U00,제주,,,,,십억원,,201809,3064.6
151Y003,1.2.3.4.2. 예금은행 지역별 가계대출(말잔),11110A0,주택관련대출-예금은행,A00,서울,,,,,십억원,,201810,164124.3
151Y003,1.2.3.4.2. 예금은행 지역별 가계대출(말잔),11110A0,주택관련대출-예금은행,B00,부산,,,,,십억원,,201810,35881.5
151Y003,1.2.3.4.2. 예금은행 지역별 가계대출(말잔),11110A0,주택관련대출-예금은행,C00,대구,,,,,십억원,,201810,19353.3
151Y003,1.2.3.4.2. 예금은행 지역별 가계대출(말잔),11110A0,주택관련대출-예금은행,D00,인천,,,,,십억원,,201810,32641.3
151Y003,1.2.3.4.2. 예금은행 지역별 가계대출(말잔),11110A0,주택관련대출-예금은행,E00,대전,,,,,십억원,,201810,10424.6
151Y003,1.2.3.4.2. 예금은행 지역별 가계대출(말잔),11110A0,주택관련대출-예금은행,F00,광주,,,,,십억원,,201810,9696.3
151Y003,1.2.3.4.2. 예금은행 지역별 가계대출(말잔),11110A0,주택관련대출-예금은행,G00,울산,,,,,십억원,,201810,8072.1
151Y003,1.2.3.4.2. 예금은행 지역별 가계대출(말잔),11110A0,주택관련대출-예금은행,H00,세종,,,,,십억원,,201810,4689.2
151Y003,1.2.3.4.2. 예금은행 지역별 가계대출(말잔),11110A0,주택관련대출-예금은행,L00,경기,,,,,십억원,,201810,139595.4
151Y003,1.2.3.4.2. 예금은행 지역별 가계대출(말잔),11110A0,주택관련대출-예금은행,M00,강원,,,,,십억원,,201810,4803.9
151Y003,1.2.3.4.2. 예금은행 지역별 가계대출(말잔),11110A0,주택관련대출-예금은행,N00,충북,,,,,십억원,,201810,6158.3
151Y003,1.2.3.4.2. 예금은행 지역별 가계대출(말잔),11110A0,주택관련대출-예금은행,P00,충남,,,,,십억원,,201810,9808.6
151Y003,1.2.3.4.2. 예금은행 지역별 가계대출(말잔),11110A0,주택관련대출-예금은행,Q00,전북,,,,,십억원,,201810,5993.3
151Y003,1.2.3.4.2. 예금은행 지역별 가계대출(말잔),11110A0,주택관련대출-예금은행,R00,전남,,,,,십억원,,201810,4039
151Y003,1.2.3.4.2. 예금은행 지역별 가계대출(말잔),11110A0,주택관련대출-예금은행,S00,경북,,,,,십억원,,201810,8226.5
151Y003,1.2.3.4.2. 예금은행 지역별 가계대출(말잔),11110A0,주택관련대출-예금은행,T00,경남,,,,,십억원,,201810,19328.3
151Y003,1.2.3.4.2. 예금은행 지역별 가계대출(말잔),11110A0,주택관련대출-예금은행,U00,제주,,,,,십억원,,201810,3080.3
151Y003,1.2.3.4.2. 예금은행 지역별 가계대출(말잔),11110A0,주택관련대출-예금은행,A00,서울,,,,,십억원,,201811,165656.4
151Y003,1.2.3.4.2. 예금은행 지역별 가계대출(말잔),11110A0,주택관련대출-예금은행,B00,부산,,,,,십억원,,201811,36456
151Y003,1.2.3.4.2. 예금은행 지역별 가계대출(말잔),11110A0,주택관련대출-예금은행,C00,대구,,,,,십억원,,201811,19608.9
151Y003,1.2.3.4.2. 예금은행 지역별 가계대출(말잔),11110A0,주택관련대출-예금은행,D00,인천,,,,,십억원,,201811,33052.8
151Y003,1.2.3.4.2. 예금은행 지역별 가계대출(말잔),11110A0,주택관련대출-예금은행,E00,대전,,,,,십억원,,201811,10464.6
151Y003,1.2.3.4.2. 예금은행 지역별 가계대출(말잔),11110A0,주택관련대출-예금은행,F00,광주,,,,,십억원,,201811,9890.7
151Y003,1.2.3.4.2. 예금은행 지역별 가계대출(말잔),11110A0,주택관련대출-예금은행,G00,울산,,,,,십억원,,201811,8058.9
151Y003,1.2.3.4.2. 예금은행 지역별 가계대출(말잔),11110A0,주택관련대출-예금은행,H00,세종,,,,,십억원,,201811,4617.6
151Y003,1.2.3.4.2. 예금은행 지역별 가계대출(말잔),11110A0,주택관련대출-예금은행,L00,경기,,,,,십억원,,201811,140817.8
151Y003,1.2.3.4.2. 예금은행 지역별 가계대출(말잔),11110A0,주택관련대출-예금은행,M00,강원,,,,,십억원,,201811,4869.7
151Y003,1.2.3.4.2. 예금은행 지역별 가계대출(말잔),11110A0,주택관련대출-예금은행,N00,충북,,,,,십억원,,201811,6271.2
151Y003,1.2.3.4.2. 예금은행 지역별 가계대출(말잔),11110A0,주택관련대출-예금은행,P00,충남,,,,,십억원,,201811,9879
151Y003,1.2.3.4.2. 예금은행 지역별 가계대출(말잔),11110A0,주택관련대출-예금은행,Q00,전북,,,,,십억원,,201811,6027.7
151Y003,1.2.3.4.2. 예금은행 지역별 가계대출(말잔),11110A0,주택관련대출-예금은행,R00,전남,,,,,십억원,,201811,4107.2
151Y003,1.2.3.4.2. 예금은행 지역별 가계대출(말잔),11110A0,주택관련대출-예금은행,S00,경북,,,,,십억원,,201811,8261.4
151Y003,1.2.3.4.2. 예금은행 지역별 가계대출(말잔),11110A0,주택관련대출-예금은행,T00,경남,,,,,십억원,,201811,19222.5
151Y003,1.2.3.4.2. 예금은행 지역별 가계대출(말잔),11110A0,주택관련대출-예금은행,U00,제주,,,,,십억원,,201811,3095
151Y003,1.2.3.4.2. 예금은행 지역별 가계대출(말잔),11110A0,주택관련대출-예금은행,A00,서울,,,,,십억원,,201812,166251.4
151Y003,1.2.3.4.2. 예금은행 지역별 가계대출(말잔),11110A0,주택관련대출-예금은행,B00,부산,,,,,십억원,,201812,36692.8
151Y003,1.2.3.4.2. 예금은행 지역별 가계대출(말잔),11110A0,주택관련대출-예금은행,C00,대구,,,,,십억원,,201812,19833.2
151Y003,1.2.3.4.2. 예금은행 지역별 가계대출(말잔),11110A0,주택관련대출-예금은행,D00,인천,,,,,십억원,,201812,33572.3
151Y003,1.2.3.4.2. 예금은행 지역별 가계대출(말잔),11110A0,주택관련대출-예금은행,E00,대전,,,,,십억원,,201812,10641.3
151Y003,1.2.3.4.2. 예금은행 지역별 가계대출(말잔),11110A0,주택관련대출-예금은행,F00,광주,,,,,십억원,,201812,9995.1
151Y003,1.2.3.4.2. 예금은행 지역별 가계대출(말잔),11110A0,주택관련대출-예금은행,G00,울산,,,,,십억원,,201812,8161.5
151Y003,1.2.3.4.2. 예금은행 지역별 가계대출(말잔),11110A0,주택관련대출-예금은행,H00,세종,,,,,십억원,,201812,4693.8
151Y003,1.2.3.4.2. 예금은행 지역별 가계대출(말잔),11110A0,주택관련대출-예금은행,L00,경기,,,,,십억원,,201812,142138.3
151Y003,1.2.3.4.2. 예금은행 지역별 가계대출(말잔),11110A0,주택관련대출-예금은행,M00,강원,,,,,십억원,,201812,5047.4
151Y003,1.2.3.4.2. 예금은행 지역별 가계대출(말잔),11110A0,주택관련대출-예금은행,N00,충북,,,,,십억원,,201812,6358.7
151Y003,1.2.3.4.2. 예금은행 지역별 가계대출(말잔),11110A0,주택관련대출-예금은행,P00,충남,,,,,십억원,,201812,9901.5
151Y003,1.2.3.4.2. 예금은행 지역별 가계대출(말잔),11110A0,주택관련대출-예금은행,Q00,전북,,,,,십억원,,201812,6073.3
151Y003,1.2.3.4.2. 예금은행 지역별 가계대출(말잔),11110A0,주택관련대출-예금은행,R00,전남,,,,,십억원,,201812,4122
151Y003,1.2.3.4.2. 예금은행 지역별 가계대출(말잔),11110A0,주택관련대출-예금은행,S00,경북,,,,,십억원,,201812,8244.3
151Y003,1.2.3.4.2. 예금은행 지역별 가계대출(말잔),11110A0,주택관련대출-예금은행,T00,경남,,,,,십억원,,201812,19432.7
151Y003,1.2.3.4.2. 예금은행 지역별 가계대출(말잔),11110A0,주택관련대출-예금은행,U00,제주,,,,,십억원,,201812,3105.8
151Y003,1.2.3.4.2. 예금은행 지역별 가계대출(말잔),11110A0,주택관련대출-예금은행,A00,서울,,,,,십억원,,201901,166048
151Y003,1.2.3.4.2. 예금은행 지역별 가계대출(말잔),11110A0,주택관련대출-예금은행,B00,부산,,,,,십억원,,201901,36797.2
151Y003,1.2.3.4.2. 예금은행 지역별 가계대출(말잔),11110A0,주택관련대출-예금은행,C00,대구,,,,,십억원,,201901,20129.9
151Y003,1.2.3.4.2. 예금은행 지역별 가계대출(말잔),11110A0,주택관련대출-예금은행,D00,인천,,,,,십억원,,201901,33768.3
151Y003,1.2.3.4.2. 예금은행 지역별 가계대출(말잔),11110A0,주택관련대출-예금은행,E00,대전,,,,,십억원,,201901,10712
151Y003,1.2.3.4.2. 예금은행 지역별 가계대출(말잔),11110A0,주택관련대출-예금은행,F00,광주,,,,,십억원,,201901,10067.1
151Y003,1.2.3.4.2. 예금은행 지역별 가계대출(말잔),11110A0,주택관련대출-예금은행,G00,울산,,,,,십억원,,201901,8107.3
151Y003,1.2.3.4.2. 예금은행 지역별 가계대출(말잔),11110A0,주택관련대출-예금은행,H00,세종,,,,,십억원,,201901,4702.8
151Y003,1.2.3.4.2. 예금은행 지역별 가계대출(말잔),11110A0,주택관련대출-예금은행,L00,경기,,,,,십억원,,201901,143266.7
151Y003,1.2.3.4.2. 예금은행 지역별 가계대출(말잔),11110A0,주택관련대출-예금은행,M00,강원,,,,,십억원,,201901,5177.7
151Y003,1.2.3.4.2. 예금은행 지역별 가계대출(말잔),11110A0,주택관련대출-예금은행,N00,충북,,,,,십억원,,201901,6399.2
151Y003,1.2.3.4.2. 예금은행 지역별 가계대출(말잔),11110A0,주택관련대출-예금은행,P00,충남,,,,,십억원,,201901,9898.5
151Y003,1.2.3.4.2. 예금은행 지역별 가계대출(말잔),11110A0,주택관련대출-예금은행,Q00,전북,,,,,십억원,,201901,6060.6
151Y003,1.2.3.4.2. 예금은행 지역별 가계대출(말잔),11110A0,주택관련대출-예금은행,R00,전남,,,,,십억원,,201901,4134
151Y003,1.2.3.4.2. 예금은행 지역별 가계대출(말잔),11110A0,주택관련대출-예금은행,S00,경북,,,,,십억원,,201901,8311.2
151Y003,1.2.3.4.2. 예금은행 지역별 가계대출(말잔),11110A0,주택관련대출-예금은행,T00,경남,,,,,십억원,,201901,19610.2
151Y003,1.2.3.4.2. 예금은행 지역별 가계대출(말잔),11110A0,주택관련대출-예금은행,U00,제주,,,,,십억원,,201901,3142.1
151Y003,1.2.3.4.2. 예금은행 지역별 가계대출(말잔),11110A0,주택관련대출-예금은행,A00,서울,,,,,십억원,,201902,166523.5
151Y003,1.2.3.4.2. 예금은행 지역별 가계대출(말잔),11110A0,주택관련대출-예금은행,B00,부산,,,,,십억원,,201902,36986.8
151Y003,1.2.3.4.2. 예금은행 지역별 가계대출(말잔),11110A0,주택관련대출-예금은행,C00,대구,,,,,십억원,,201902,20267.5
151Y003,1.2.3.4.2. 예금은행 지역별 가계대출(말잔),11110A0,주택관련대출-예금은행,D00,인천,,,,,십억원,,201902,33950.9
151Y003,1.2.3.4.2. 예금은행 지역별 가계대출(말잔),11110A0,주택관련대출-예금은행,E00,대전,,,,,십억원,,201902,10704.1
151Y003,1.2.3.4.2. 예금은행 지역별 가계대출(말잔),11110A0,주택관련대출-예금은행,F00,광주,,,,,십억원,,201902,10193.3
151Y003,1.2.3.4.2. 예금은행 지역별 가계대출(말잔),11110A0,주택관련대출-예금은행,G00,울산,,,,,십억원,,201902,8138.3
151Y003,1.2.3.4.2. 예금은행 지역별 가계대출(말잔),11110A0,주택관련대출-예금은행,H00,세종,,,,,십억원,,201902,4657.8
151Y003,1.2.3.4.2. 예금은행 지역별 가계대출(말잔),11110A0,주택관련대출-예금은행,L00,경기,,,,,십억원,,201902,143970.3
151Y003,1.2.3.4.2. 예금은행 지역별 가계대출(말잔),11110A0,주택관련대출-예금은행,M00,강원,,,,,십억원,,201902,5202.7
151Y003,1.2.3.4.2. 예금은행 지역별 가계대출(말잔),11110A0,주택관련대출-예금은행,N00,충북,,,,,십억원,,201902,6370.3
151Y003,1.2.3.4.2. 예금은행 지역별 가계대출(말잔),11110A0,주택관련대출-예금은행,P00,충남,,,,,십억원,,201902,9879.7
151Y003,1.2.3.4.2. 예금은행 지역별 가계대출(말잔),11110A0,주택관련대출-예금은행,Q00,전북,,,,,십억원,,201902,6170.5
151Y003,1.2.3.4.2. 예금은행 지역별 가계대출(말잔),11110A0,주택관련대출-예금은행,R00,전남,,,,,십억원,,201902,4230.6
151Y003,1.2.3.4.2. 예금은행 지역별 가계대출(말잔),11110A0,주택관련대출-예금은행,S00,경북,,,,,십억원,,201902,8376.5
151Y003,1.2.3.4.2. 예금은행 지역별 가계대출(말잔),11110A0,주택관련대출-예금은행,T00,경남,,,,,십억원,,201902,19814.4
151Y003,1.2.3.4.2. 예금은행 지역별 가계대출(말잔),11110A0,주택관련대출-예금은행,U00,제주,,,,,십억원,,201902,3151.1
151Y003,1.2.3.4.2. 예금은행 지역별 가계대출(말잔),11110A0,주택관련대출-예금은행,A00,서울,,,,,십억원,,201903,167189.5
151Y003,1.2.3.4.2. 예금은행 지역별 가계대출(말잔),11110A0,주택관련대출-예금은행,B00,부산,,,,,십억원,,201903,37143.8
151Y003,1.2.3.4.2. 예금은행 지역별 가계대출(말잔),11110A0,주택관련대출-예금은행,C00,대구,,,,,십억원,,201903,20527.3
151Y003,1.2.3.4.2. 예금은행 지역별 가계대출(말잔),11110A0,주택관련대출-예금은행,D00,인천,,,,,십억원,,201903,34090.1
151Y003,1.2.3.4.2. 예금은행 지역별 가계대출(말잔),11110A0,주택관련대출-예금은행,E00,대전,,,,,십억원,,201903,10723.2
151Y003,1.2.3.4.2. 예금은행 지역별 가계대출(말잔),11110A0,주택관련대출-예금은행,F00,광주,,,,,십억원,,201903,10375.4
151Y003,1.2.3.4.2. 예금은행 지역별 가계대출(말잔),11110A0,주택관련대출-예금은행,G00,울산,,,,,십억원,,201903,8160.8
151Y003,1.2.3.4.2. 예금은행 지역별 가계대출(말잔),11110A0,주택관련대출-예금은행,H00,세종,,,,,십억원,,201903,4742.1
151Y003,1.2.3.4.2. 예금은행 지역별 가계대출(말잔),11110A0,주택관련대출-예금은행,L00,경기,,,,,십억원,,201903,145045.6
151Y003,1.2.3.4.2. 예금은행 지역별 가계대출(말잔),11110A0,주택관련대출-예금은행,M00,강원,,,,,십억원,,201903,5297.9
151Y003,1.2.3.4.2. 예금은행 지역별 가계대출(말잔),11110A0,주택관련대출-예금은행,N00,충북,,,,,십억원,,201903,6329
151Y003,1.2.3.4.2. 예금은행 지역별 가계대출(말잔),11110A0,주택관련대출-예금은행,P00,충남,,,,,십억원,,201903,9781.7
151Y003,1.2.3.4.2. 예금은행 지역별 가계대출(말잔),11110A0,주택관련대출-예금은행,Q00,전북,,,,,십억원,,201903,6177.2
151Y003,1.2.3.4.2. 예금은행 지역별 가계대출(말잔),11110A0,주택관련대출-예금은행,R00,전남,,,,,십억원,,201903,4317
151Y003,1.2.3.4.2. 예금은행 지역별 가계대출(말잔),11110A0,주택관련대출-예금은행,S00,경북,,,,,십억원,,201903,8407.8
151Y003,1.2.3.4.2. 예금은행 지역별 가계대출(말잔),11110A0,주택관련대출-예금은행,T00,경남,,,,,십억원,,201903,19832.1
151Y003,1.2.3.4.2. 예금은행 지역별 가계대출(말잔),11110A0,주택관련대출-예금은행,U00,제주,,,,,십억원,,201903,3152.2
151Y003,1.2.3.4.2. 예금은행 지역별 가계대출(말잔),11110A0,주택관련대출-예금은행,A00,서울,,,,,십억원,,201904,168348.7
151Y003,1.2.3.4.2. 예금은행 지역별 가계대출(말잔),11110A0,주택관련대출-예금은행,B00,부산,,,,,십억원,,201904,37351.7
151Y003,1.2.3.4.2. 예금은행 지역별 가계대출(말잔),11110A0,주택관련대출-예금은행,C00,대구,,,,,십억원,,201904,20571.8
151Y003,1.2.3.4.2. 예금은행 지역별 가계대출(말잔),11110A0,주택관련대출-예금은행,D00,인천,,,,,십억원,,201904,34364
151Y003,1.2.3.4.2. 예금은행 지역별 가계대출(말잔),11110A0,주택관련대출-예금은행,E00,대전,,,,,십억원,,201904,10775
151Y003,1.2.3.4.2. 예금은행 지역별 가계대출(말잔),11110A0,주택관련대출-예금은행,F00,광주,,,,,십억원,,201904,10472
151Y003,1.2.3.4.2. 예금은행 지역별 가계대출(말잔),11110A0,주택관련대출-예금은행,G00,울산,,,,,십억원,,201904,8149.3
151Y003,1.2.3.4.2. 예금은행 지역별 가계대출(말잔),11110A0,주택관련대출-예금은행,H00,세종,,,,,십억원,,201904,4732.6
151Y003,1.2.3.4.2. 예금은행 지역별 가계대출(말잔),11110A0,주택관련대출-예금은행,L00,경기,,,,,십억원,,201904,146131.9
151Y003,1.2.3.4.2. 예금은행 지역별 가계대출(말잔),11110A0,주택관련대출-예금은행,M00,강원,,,,,십억원,,201904,5423.6
151Y003,1.2.3.4.2. 예금은행 지역별 가계대출(말잔),11110A0,주택관련대출-예금은행,N00,충북,,,,,십억원,,201904,6286.2
151Y003,1.2.3.4.2. 예금은행 지역별 가계대출(말잔),11110A0,주택관련대출-예금은행,P00,충남,,,,,십억원,,201904,9716.9
151Y003,1.2.3.4.2. 예금은행 지역별 가계대출(말잔),11110A0,주택관련대출-예금은행,Q00,전북,,,,,십억원,,201904,6152.4
151Y003,1.2.3.4.2. 예금은행 지역별 가계대출(말잔),11110A0,주택관련대출-예금은행,R00,전남,,,,,십억원,,201904,4479.4
151Y003,1.2.3.4.2. 예금은행 지역별 가계대출(말잔),11110A0,주택관련대출-예금은행,S00,경북,,,,,십억원,,201904,8465.1
151Y003,1.2.3.4.2. 예금은행 지역별 가계대출(말잔),11110A0,주택관련대출-예금은행,T00,경남,,,,,십억원,,201904,19823.7
151Y003,1.2.3.4.2. 예금은행 지역별 가계대출(말잔),11110A0,주택관련대출-예금은행,U00,제주,,,,,십억원,,201904,3156.3
151Y003,1.2.3.4.2. 예금은행 지역별 가계대출(말잔),11110A0,주택관련대출-예금은행,A00,서울,,,,,십억원,,201905,169248.5
151Y003,1.2.3.4.2. 예금은행 지역별 가계대출(말잔),11110A0,주택관련대출-예금은행,B00,부산,,,,,십억원,,201905,37425.9
151Y003,1.2.3.4.2. 예금은행 지역별 가계대출(말잔),11110A0,주택관련대출-예금은행,C00,대구,,,,,십억원,,201905,20738.5
151Y003,1.2.3.4.2. 예금은행 지역별 가계대출(말잔),11110A0,주택관련대출-예금은행,D00,인천,,,,,십억원,,201905,34891.4
151Y003,1.2.3.4.2. 예금은행 지역별 가계대출(말잔),11110A0,주택관련대출-예금은행,E00,대전,,,,,십억원,,201905,10816.8
151Y003,1.2.3.4.2. 예금은행 지역별 가계대출(말잔),11110A0,주택관련대출-예금은행,F00,광주,,,,,십억원,,201905,10528
151Y003,1.2.3.4.2. 예금은행 지역별 가계대출(말잔),11110A0,주택관련대출-예금은행,G00,울산,,,,,십억원,,201905,8139.7
151Y003,1.2.3.4.2. 예금은행 지역별 가계대출(말잔),11110A0,주택관련대출-예금은행,H00,세종,,,,,십억원,,201905,4676.5
151Y003,1.2.3.4.2. 예금은행 지역별 가계대출(말잔),11110A0,주택관련대출-예금은행,L00,경기,,,,,십억원,,201905,147095.4
151Y003,1.2.3.4.2. 예금은행 지역별 가계대출(말잔),11110A0,주택관련대출-예금은행,M00,강원,,,,,십억원,,201905,5406.2
151Y003,1.2.3.4.2. 예금은행 지역별 가계대출(말잔),11110A0,주택관련대출-예금은행,N00,충북,,,,,십억원,,201905,6249.3
151Y003,1.2.3.4.2. 예금은행 지역별 가계대출(말잔),11110A0,주택관련대출-예금은행,P00,충남,,,,,십억원,,201905,9732.1
151Y003,1.2.3.4.2. 예금은행 지역별 가계대출(말잔),11110A0,주택관련대출-예금은행,Q00,전북,,,,,십억원,,201905,6163.7
151Y003,1.2.3.4.2. 예금은행 지역별 가계대출(말잔),11110A0,주택관련대출-예금은행,R00,전남,,,,,십억원,,201905,4561.5
151Y003,1.2.3.4.2. 예금은행 지역별 가계대출(말잔),11110A0,주택관련대출-예금은행,S00,경북,,,,,십억원,,201905,8483.5
151Y003,1.2.3.4.2. 예금은행 지역별 가계대출(말잔),11110A0,주택관련대출-예금은행,T00,경남,,,,,십억원,,201905,19750.7
151Y003,1.2.3.4.2. 예금은행 지역별 가계대출(말잔),11110A0,주택관련대출-예금은행,U00,제주,,,,,십억원,,201905,3158.9
151Y003,1.2.3.4.2. 예금은행 지역별 가계대출(말잔),11110A0,주택관련대출-예금은행,A00,서울,,,,,십억원,,201906,170019.9
151Y003,1.2.3.4.2. 예금은행 지역별 가계대출(말잔),11110A0,주택관련대출-예금은행,B00,부산,,,,,십억원,,201906,37705.7
151Y003,1.2.3.4.2. 예금은행 지역별 가계대출(말잔),11110A0,주택관련대출-예금은행,C00,대구,,,,,십억원,,201906,20888.1
151Y003,1.2.3.4.2. 예금은행 지역별 가계대출(말잔),11110A0,주택관련대출-예금은행,D00,인천,,,,,십억원,,201906,35164.4
151Y003,1.2.3.4.2. 예금은행 지역별 가계대출(말잔),11110A0,주택관련대출-예금은행,E00,대전,,,,,십억원,,201906,10848.4
151Y003,1.2.3.4.2. 예금은행 지역별 가계대출(말잔),11110A0,주택관련대출-예금은행,F00,광주,,,,,십억원,,201906,10660.8
151Y003,1.2.3.4.2. 예금은행 지역별 가계대출(말잔),11110A0,주택관련대출-예금은행,G00,울산,,,,,십억원,,201906,8120.8
151Y003,1.2.3.4.2. 예금은행 지역별 가계대출(말잔),11110A0,주택관련대출-예금은행,H00,세종,,,,,십억원,,201906,4772.6
151Y003,1.2.3.4.2. 예금은행 지역별 가계대출(말잔),11110A0,주택관련대출-예금은행,L00,경기,,,,,십억원,,201906,148622.3
151Y003,1.2.3.4.2. 예금은행 지역별 가계대출(말잔),11110A0,주택관련대출-예금은행,M00,강원,,,,,십억원,,201906,5441.4
151Y003,1.2.3.4.2. 예금은행 지역별 가계대출(말잔),11110A0,주택관련대출-예금은행,N00,충북,,,,,십억원,,201906,6204.1
151Y003,1.2.3.4.2. 예금은행 지역별 가계대출(말잔),11110A0,주택관련대출-예금은행,P00,충남,,,,,십억원,,201906,9775.4
151Y003,1.2.3.4.2. 예금은행 지역별 가계대출(말잔),11110A0,주택관련대출-예금은행,Q00,전북,,,,,십억원,,201906,6104
151Y003,1.2.3.4.2. 예금은행 지역별 가계대출(말잔),11110A0,주택관련대출-예금은행,R00,전남,,,,,십억원,,201906,4558.1
151Y003,1.2.3.4.2. 예금은행 지역별 가계대출(말잔),11110A0,주택관련대출-예금은행,S00,경북,,,,,십억원,,201906,8502.2
151Y003,1.2.3.4.2. 예금은행 지역별 가계대출(말잔),11110A0,주택관련대출-예금은행,T00,경남,,,,,십억원,,201906,19721.5
151Y003,1.2.3.4.2. 예금은행 지역별 가계대출(말잔),11110A0,주택관련대출-예금은행,U00,제주,,,,,십억원,,201906,3165
151Y003,1.2.3.4.2. 예금은행 지역별 가계대출(말잔),11110A0,주택관련대출-예금은행,A00,서울,,,,,십억원,,201907,171237.7
151Y003,1.2.3.4.2. 예금은행 지역별 가계대출(말잔),11110A0,주택관련대출-예금은행,B00,부산,,,,,십억원,,201907,37954.3
151Y003,1.2.3.4.2. 예금은행 지역별 가계대출(말잔),11110A0,주택관련대출-예금은행,C00,대구,,,,,십억원,,201907,21134.1
151Y003,1.2.3.4.2. 예금은행 지역별 가계대출(말잔),11110A0,주택관련대출-예금은행,D00,인천,,,,,십억원,,201907,35605.5
151Y003,1.2.3.4.2. 예금은행 지역별 가계대출(말잔),11110A0,주택관련대출-예금은행,E00,대전,,,,,십억원,,201907,10933.6
151Y003,1.2.3.4.2. 예금은행 지역별 가계대출(말잔),11110A0,주택관련대출-예금은행,F00,광주,,,,,십억원,,201907,10861.8
151Y003,1.2.3.4.2. 예금은행 지역별 가계대출(말잔),11110A0,주택관련대출-예금은행,G00,울산,,,,,십억원,,201907,8162.5
151Y003,1.2.3.4.2. 예금은행 지역별 가계대출(말잔),11110A0,주택관련대출-예금은행,H00,세종,,,,,십억원,,201907,4885.4
151Y003,1.2.3.4.2. 예금은행 지역별 가계대출(말잔),11110A0,주택관련대출-예금은행,L00,경기,,,,,십억원,,201907,149839.1
151Y003,1.2.3.4.2. 예금은행 지역별 가계대출(말잔),11110A0,주택관련대출-예금은행,M00,강원,,,,,십억원,,201907,5481.8
151Y003,1.2.3.4.2. 예금은행 지역별 가계대출(말잔),11110A0,주택관련대출-예금은행,N00,충북,,,,,십억원,,201907,6259.8
151Y003,1.2.3.4.2. 예금은행 지역별 가계대출(말잔),11110A0,주택관련대출-예금은행,P00,충남,,,,,십억원,,201907,9847.8
151Y003,1.2.3.4.2. 예금은행 지역별 가계대출(말잔),11110A0,주택관련대출-예금은행,Q00,전북,,,,,십억원,,201907,6176.1
151Y003,1.2.3.4.2. 예금은행 지역별 가계대출(말잔),11110A0,주택관련대출-예금은행,R00,전남,,,,,십억원,,201907,4673
151Y003,1.2.3.4.2. 예금은행 지역별 가계대출(말잔),11110A0,주택관련대출-예금은행,S00,경북,,,,,십억원,,201907,8532.3
151Y003,1.2.3.4.2. 예금은행 지역별 가계대출(말잔),11110A0,주택관련대출-예금은행,T00,경남,,,,,십억원,,201907,19601.1
151Y003,1.2.3.4.2. 예금은행 지역별 가계대출(말잔),11110A0,주택관련대출-예금은행,U00,제주,,,,,십억원,,201907,3203.3
151Y003,1.2.3.4.2. 예금은행 지역별 가계대출(말잔),11110A0,주택관련대출-예금은행,A00,서울,,,,,십억원,,201908,173020.1
151Y003,1.2.3.4.2. 예금은행 지역별 가계대출(말잔),11110A0,주택관련대출-예금은행,B00,부산,,,,,십억원,,201908,38490.9
151Y003,1.2.3.4.2. 예금은행 지역별 가계대출(말잔),11110A0,주택관련대출-예금은행,C00,대구,,,,,십억원,,201908,21530.6
151Y003,1.2.3.4.2. 예금은행 지역별 가계대출(말잔),11110A0,주택관련대출-예금은행,D00,인천,,,,,십억원,,201908,35879.5
151Y003,1.2.3.4.2. 예금은행 지역별 가계대출(말잔),11110A0,주택관련대출-예금은행,E00,대전,,,,,십억원,,201908,11036.1
151Y003,1.2.3.4.2. 예금은행 지역별 가계대출(말잔),11110A0,주택관련대출-예금은행,F00,광주,,,,,십억원,,201908,11011.6
151Y003,1.2.3.4.2. 예금은행 지역별 가계대출(말잔),11110A0,주택관련대출-예금은행,G00,울산,,,,,십억원,,201908,8141.5
151Y003,1.2.3.4.2. 예금은행 지역별 가계대출(말잔),11110A0,주택관련대출-예금은행,H00,세종,,,,,십억원,,201908,4873.6
151Y003,1.2.3.4.2. 예금은행 지역별 가계대출(말잔),11110A0,주택관련대출-예금은행,L00,경기,,,,,십억원,,201908,151094.2
151Y003,1.2.3.4.2. 예금은행 지역별 가계대출(말잔),11110A0,주택관련대출-예금은행,M00,강원,,,,,십억원,,201908,5602.3
151Y003,1.2.3.4.2. 예금은행 지역별 가계대출(말잔),11110A0,주택관련대출-예금은행,N00,충북,,,,,십억원,,201908,6435.9
151Y003,1.2.3.4.2. 예금은행 지역별 가계대출(말잔),11110A0,주택관련대출-예금은행,P00,충남,,,,,십억원,,201908,9919.1
151Y003,1.2.3.4.2. 예금은행 지역별 가계대출(말잔),11110A0,주택관련대출-예금은행,Q00,전북,,,,,십억원,,201908,6204.3
151Y003,1.2.3.4.2. 예금은행 지역별 가계대출(말잔),11110A0,주택관련대출-예금은행,R00,전남,,,,,십억원,,201908,4721.6
151Y003,1.2.3.4.2. 예금은행 지역별 가계대출(말잔),11110A0,주택관련대출-예금은행,S00,경북,,,,,십억원,,201908,8478.8
151Y003,1.2.3.4.2. 예금은행 지역별 가계대출(말잔),11110A0,주택관련대출-예금은행,T00,경남,,,,,십억원,,201908,19565.4
151Y003,1.2.3.4.2. 예금은행 지역별 가계대출(말잔),11110A0,주택관련대출-예금은행,U00,제주,,,,,십억원,,201908,3231
151Y003,1.2.3.4.2. 예금은행 지역별 가계대출(말잔),11110A0,주택관련대출-예금은행,A00,서울,,,,,십억원,,201909,174397
151Y003,1.2.3.4.2. 예금은행 지역별 가계대출(말잔),11110A0,주택관련대출-예금은행,B00,부산,,,,,십억원,,201909,38790
151Y003,1.2.3.4.2. 예금은행 지역별 가계대출(말잔),11110A0,주택관련대출-예금은행,C00,대구,,,,,십억원,,201909,21897.2
151Y003,1.2.3.4.2. 예금은행 지역별 가계대출(말잔),11110A0,주택관련대출-예금은행,D00,인천,,,,,십억원,,201909,36201.6
151Y003,1.2.3.4.2. 예금은행 지역별 가계대출(말잔),11110A0,주택관련대출-예금은행,E00,대전,,,,,십억원,,201909,11237.4
151Y003,1.2.3.4.2. 예금은행 지역별 가계대출(말잔),11110A0,주택관련대출-예금은행,F00,광주,,,,,십억원,,201909,11212.1
151Y003,1.2.3.4.2. 예금은행 지역별 가계대출(말잔),11110A0,주택관련대출-예금은행,G00,울산,,,,,십억원,,201909,8106.3
151Y003,1.2.3.4.2. 예금은행 지역별 가계대출(말잔),11110A0,주택관련대출-예금은행,H00,세종,,,,,십억원,,201909,4903.6
151Y003,1.2.3.4.2. 예금은행 지역별 가계대출(말잔),11110A0,주택관련대출-예금은행,L00,경기,,,,,십억원,,201909,152081.2
151Y003,1.2.3.4.2. 예금은행 지역별 가계대출(말잔),11110A0,주택관련대출-예금은행,M00,강원,,,,,십억원,,201909,5642.7
151Y003,1.2.3.4.2. 예금은행 지역별 가계대출(말잔),11110A0,주택관련대출-예금은행,N00,충북,,,,,십억원,,201909,6498.1
151Y003,1.2.3.4.2. 예금은행 지역별 가계대출(말잔),11110A0,주택관련대출-예금은행,P00,충남,,,,,십억원,,201909,9921.3
151Y003,1.2.3.4.2. 예금은행 지역별 가계대출(말잔),11110A0,주택관련대출-예금은행,Q00,전북,,,,,십억원,,201909,6240.3
151Y003,1.2.3.4.2. 예금은행 지역별 가계대출(말잔),11110A0,주택관련대출-예금은행,R00,전남,,,,,십억원,,201909,4792.4
151Y003,1.2.3.4.2. 예금은행 지역별 가계대출(말잔),11110A0,주택관련대출-예금은행,S00,경북,,,,,십억원,,201909,8559.6
151Y003,1.2.3.4.2. 예금은행 지역별 가계대출(말잔),11110A0,주택관련대출-예금은행,T00,경남,,,,,십억원,,201909,19549.6
151Y003,1.2.3.4.2. 예금은행 지역별 가계대출(말잔),11110A0,주택관련대출-예금은행,U00,제주,,,,,십억원,,201909,3258.1
151Y003,1.2.3.4.2. 예금은행 지역별 가계대출(말잔),11110A0,주택관련대출-예금은행,A00,서울,,,,,십억원,,201910,176025.6
151Y003,1.2.3.4.2. 예금은행 지역별 가계대출(말잔),11110A0,주택관련대출-예금은행,B00,부산,,,,,십억원,,201910,39133.6
151Y003,1.2.3.4.2. 예금은행 지역별 가계대출(말잔),11110A0,주택관련대출-예금은행,C00,대구,,,,,십억원,,201910,22106.5
151Y003,1.2.3.4.2. 예금은행 지역별 가계대출(말잔),11110A0,주택관련대출-예금은행,D00,인천,,,,,십억원,,201910,36491.6
151Y003,1.2.3.4.2. 예금은행 지역별 가계대출(말잔),11110A0,주택관련대출-예금은행,E00,대전,,,,,십억원,,201910,11357.2
151Y003,1.2.3.4.2. 예금은행 지역별 가계대출(말잔),11110A0,주택관련대출-예금은행,F00,광주,,,,,십억원,,201910,11370
151Y003,1.2.3.4.2. 예금은행 지역별 가계대출(말잔),11110A0,주택관련대출-예금은행,G00,울산,,,,,십억원,,201910,8132.4
151Y003,1.2.3.4.2. 예금은행 지역별 가계대출(말잔),11110A0,주택관련대출-예금은행,H00,세종,,,,,십억원,,201910,4999.3
151Y003,1.2.3.4.2. 예금은행 지역별 가계대출(말잔),11110A0,주택관련대출-예금은행,L00,경기,,,,,십억원,,201910,153504
151Y003,1.2.3.4.2. 예금은행 지역별 가계대출(말잔),11110A0,주택관련대출-예금은행,M00,강원,,,,,십억원,,201910,5704.9
151Y003,1.2.3.4.2. 예금은행 지역별 가계대출(말잔),11110A0,주택관련대출-예금은행,N00,충북,,,,,십억원,,201910,6697.7
151Y003,1.2.3.4.2. 예금은행 지역별 가계대출(말잔),11110A0,주택관련대출-예금은행,P00,충남,,,,,십억원,,201910,9938.3
151Y003,1.2.3.4.2. 예금은행 지역별 가계대출(말잔),11110A0,주택관련대출-예금은행,Q00,전북,,,,,십억원,,201910,6354.5
151Y003,1.2.3.4.2. 예금은행 지역별 가계대출(말잔),11110A0,주택관련대출-예금은행,R00,전남,,,,,십억원,,201910,4887
151Y003,1.2.3.4.2. 예금은행 지역별 가계대출(말잔),11110A0,주택관련대출-예금은행,S00,경북,,,,,십억원,,201910,8635.4
151Y003,1.2.3.4.2. 예금은행 지역별 가계대출(말잔),11110A0,주택관련대출-예금은행,T00,경남,,,,,십억원,,201910,19582.5
151Y003,1.2.3.4.2. 예금은행 지역별 가계대출(말잔),11110A0,주택관련대출-예금은행,U00,제주,,,,,십억원,,201910,3299.5
151Y003,1.2.3.4.2. 예금은행 지역별 가계대출(말잔),11110A0,주택관련대출-예금은행,A00,서울,,,,,십억원,,201911,177219.5
151Y003,1.2.3.4.2. 예금은행 지역별 가계대출(말잔),11110A0,주택관련대출-예금은행,B00,부산,,,,,십억원,,201911,39561.6
151Y003,1.2.3.4.2. 예금은행 지역별 가계대출(말잔),11110A0,주택관련대출-예금은행,C00,대구,,,,,십억원,,201911,22238.9
151Y003,1.2.3.4.2. 예금은행 지역별 가계대출(말잔),11110A0,주택관련대출-예금은행,D00,인천,,,,,십억원,,201911,36759.9
151Y003,1.2.3.4.2. 예금은행 지역별 가계대출(말잔),11110A0,주택관련대출-예금은행,E00,대전,,,,,십억원,,201911,11497.5
151Y003,1.2.3.4.2. 예금은행 지역별 가계대출(말잔),11110A0,주택관련대출-예금은행,F00,광주,,,,,십억원,,201911,11620.7
151Y003,1.2.3.4.2. 예금은행 지역별 가계대출(말잔),11110A0,주택관련대출-예금은행,G00,울산,,,,,십억원,,201911,8158.9
151Y003,1.2.3.4.2. 예금은행 지역별 가계대출(말잔),11110A0,주택관련대출-예금은행,H00,세종,,,,,십억원,,201911,4975.1
151Y003,1.2.3.4.2. 예금은행 지역별 가계대출(말잔),11110A0,주택관련대출-예금은행,L00,경기,,,,,십억원,,201911,154752.7
151Y003,1.2.3.4.2. 예금은행 지역별 가계대출(말잔),11110A0,주택관련대출-예금은행,M00,강원,,,,,십억원,,201911,5817.1
151Y003,1.2.3.4.2. 예금은행 지역별 가계대출(말잔),11110A0,주택관련대출-예금은행,N00,충북,,,,,십억원,,201911,6707.3
151Y003,1.2.3.4.2. 예금은행 지역별 가계대출(말잔),11110A0,주택관련대출-예금은행,P00,충남,,,,,십억원,,201911,10000
151Y003,1.2.3.4.2. 예금은행 지역별 가계대출(말잔),11110A0,주택관련대출-예금은행,Q00,전북,,,,,십억원,,201911,6473.5
151Y003,1.2.3.4.2. 예금은행 지역별 가계대출(말잔),11110A0,주택관련대출-예금은행,R00,전남,,,,,십억원,,201911,5008.1
151Y003,1.2.3.4.2. 예금은행 지역별 가계대출(말잔),11110A0,주택관련대출-예금은행,S00,경북,,,,,십억원,,201911,8718.9
151Y003,1.2.3.4.2. 예금은행 지역별 가계대출(말잔),11110A0,주택관련대출-예금은행,T00,경남,,,,,십억원,,201911,19625.4
151Y003,1.2.3.4.2. 예금은행 지역별 가계대출(말잔),11110A0,주택관련대출-예금은행,U00,제주,,,,,십억원,,201911,3340.4
151Y003,1.2.3.4.2. 예금은행 지역별 가계대출(말잔),11110A0,주택관련대출-예금은행,A00,서울,,,,,십억원,,201912,178277.8
151Y003,1.2.3.4.2. 예금은행 지역별 가계대출(말잔),11110A0,주택관련대출-예금은행,B00,부산,,,,,십억원,,201912,39787.6
151Y003,1.2.3.4.2. 예금은행 지역별 가계대출(말잔),11110A0,주택관련대출-예금은행,C00,대구,,,,,십억원,,201912,22240
151Y003,1.2.3.4.2. 예금은행 지역별 가계대출(말잔),11110A0,주택관련대출-예금은행,D00,인천,,,,,십억원,,201912,36794.2
151Y003,1.2.3.4.2. 예금은행 지역별 가계대출(말잔),11110A0,주택관련대출-예금은행,E00,대전,,,,,십억원,,201912,11611.5
151Y003,1.2.3.4.2. 예금은행 지역별 가계대출(말잔),11110A0,주택관련대출-예금은행,F00,광주,,,,,십억원,,201912,11720.9
151Y003,1.2.3.4.2. 예금은행 지역별 가계대출(말잔),11110A0,주택관련대출-예금은행,G00,울산,,,,,십억원,,201912,8113.7
151Y003,1.2.3.4.2. 예금은행 지역별 가계대출(말잔),11110A0,주택관련대출-예금은행,H00,세종,,,,,십억원,,201912,4986.4
151Y003,1.2.3.4.2. 예금은행 지역별 가계대출(말잔),11110A0,주택관련대출-예금은행,L00,경기,,,,,십억원,,201912,155050.5
151Y003,1.2.3.4.2. 예금은행 지역별 가계대출(말잔),11110A0,주택관련대출-예금은행,M00,강원,,,,,십억원,,201912,5755.5
151Y003,1.2.3.4.2. 예금은행 지역별 가계대출(말잔),11110A0,주택관련대출-예금은행,N00,충북,,,,,십억원,,201912,6611.4
151Y003,1.2.3.4.2. 예금은행 지역별 가계대출(말잔),11110A0,주택관련대출-예금은행,P00,충남,,,,,십억원,,201912,9887.4
151Y003,1.2.3.4.2. 예금은행 지역별 가계대출(말잔),11110A0,주택관련대출-예금은행,Q00,전북,,,,,십억원,,201912,6488.8
151Y003,1.2.3.4.2. 예금은행 지역별 가계대출(말잔),11110A0,주택관련대출-예금은행,R00,전남,,,,,십억원,,201912,5041.3
151Y003,1.2.3.4.2. 예금은행 지역별 가계대출(말잔),11110A0,주택관련대출-예금은행,S00,경북,,,,,십억원,,201912,8675.7
151Y003,1.2.3.4.2. 예금은행 지역별 가계대출(말잔),11110A0,주택관련대출-예금은행,T00,경남,,,,,십억원,,201912,19548.1
151Y003,1.2.3.4.2. 예금은행 지역별 가계대출(말잔),11110A0,주택관련대출-예금은행,U00,제주,,,,,십억원,,201912,3375.5
151Y003,1.2.3.4.2. 예금은행 지역별 가계대출(말잔),11110A0,주택관련대출-예금은행,A00,서울,,,,,십억원,,202001,179412.9
151Y003,1.2.3.4.2. 예금은행 지역별 가계대출(말잔),11110A0,주택관련대출-예금은행,B00,부산,,,,,십억원,,202001,39805.2
151Y003,1.2.3.4.2. 예금은행 지역별 가계대출(말잔),11110A0,주택관련대출-예금은행,C00,대구,,,,,십억원,,202001,22371.9
151Y003,1.2.3.4.2. 예금은행 지역별 가계대출(말잔),11110A0,주택관련대출-예금은행,D00,인천,,,,,십억원,,202001,36655.6
151Y003,1.2.3.4.2. 예금은행 지역별 가계대출(말잔),11110A0,주택관련대출-예금은행,E00,대전,,,,,십억원,,202001,11649.8
151Y003,1.2.3.4.2. 예금은행 지역별 가계대출(말잔),11110A0,주택관련대출-예금은행,F00,광주,,,,,십억원,,202001,11876.5
151Y003,1.2.3.4.2. 예금은행 지역별 가계대출(말잔),11110A0,주택관련대출-예금은행,G00,울산,,,,,십억원,,202001,8097.7
151Y003,1.2.3.4.2. 예금은행 지역별 가계대출(말잔),11110A0,주택관련대출-예금은행,H00,세종,,,,,십억원,,202001,4984.2
151Y003,1.2.3.4.2. 예금은행 지역별 가계대출(말잔),11110A0,주택관련대출-예금은행,L00,경기,,,,,십억원,,202001,155418.1
151Y003,1.2.3.4.2. 예금은행 지역별 가계대출(말잔),11110A0,주택관련대출-예금은행,M00,강원,,,,,십억원,,202001,5807
151Y003,1.2.3.4.2. 예금은행 지역별 가계대출(말잔),11110A0,주택관련대출-예금은행,N00,충북,,,,,십억원,,202001,6553.2
151Y003,1.2.3.4.2. 예금은행 지역별 가계대출(말잔),11110A0,주택관련대출-예금은행,P00,충남,,,,,십억원,,202001,9843.9
151Y003,1.2.3.4.2. 예금은행 지역별 가계대출(말잔),11110A0,주택관련대출-예금은행,Q00,전북,,,,,십억원,,202001,6518.9
151Y003,1.2.3.4.2. 예금은행 지역별 가계대출(말잔),11110A0,주택관련대출-예금은행,R00,전남,,,,,십억원,,202001,5089.8
151Y003,1.2.3.4.2. 예금은행 지역별 가계대출(말잔),11110A0,주택관련대출-예금은행,S00,경북,,,,,십억원,,202001,8677.2
151Y003,1.2.3.4.2. 예금은행 지역별 가계대출(말잔),11110A0,주택관련대출-예금은행,T00,경남,,,,,십억원,,202001,19435
151Y003,1.2.3.4.2. 예금은행 지역별 가계대출(말잔),11110A0,주택관련대출-예금은행,U00,제주,,,,,십억원,,202001,3379.9
151Y003,1.2.3.4.2. 예금은행 지역별 가계대출(말잔),11110A0,주택관련대출-예금은행,A00,서울,,,,,십억원,,202002,180957
151Y003,1.2.3.4.2. 예금은행 지역별 가계대출(말잔),11110A0,주택관련대출-예금은행,B00,부산,,,,,십억원,,202002,39904.6
151Y003,1.2.3.4.2. 예금은행 지역별 가계대출(말잔),11110A0,주택관련대출-예금은행,C00,대구,,,,,십억원,,202002,22426.2
151Y003,1.2.3.4.2. 예금은행 지역별 가계대출(말잔),11110A0,주택관련대출-예금은행,D00,인천,,,,,십억원,,202002,36532
151Y003,1.2.3.4.2. 예금은행 지역별 가계대출(말잔),11110A0,주택관련대출-예금은행,E00,대전,,,,,십억원,,202002,11785.8
151Y003,1.2.3.4.2. 예금은행 지역별 가계대출(말잔),11110A0,주택관련대출-예금은행,F00,광주,,,,,십억원,,202002,11643.4
151Y003,1.2.3.4.2. 예금은행 지역별 가계대출(말잔),11110A0,주택관련대출-예금은행,G00,울산,,,,,십억원,,202002,8027.6
151Y003,1.2.3.4.2. 예금은행 지역별 가계대출(말잔),11110A0,주택관련대출-예금은행,H00,세종,,,,,십억원,,202002,4988.9
151Y003,1.2.3.4.2. 예금은행 지역별 가계대출(말잔),11110A0,주택관련대출-예금은행,L00,경기,,,,,십억원,,202002,156223.6
151Y003,1.2.3.4.2. 예금은행 지역별 가계대출(말잔),11110A0,주택관련대출-예금은행,M00,강원,,,,,십억원,,202002,5817.8
151Y003,1.2.3.4.2. 예금은행 지역별 가계대출(말잔),11110A0,주택관련대출-예금은행,N00,충북,,,,,십억원,,202002,6396.9
151Y003,1.2.3.4.2. 예금은행 지역별 가계대출(말잔),11110A0,주택관련대출-예금은행,P00,충남,,,,,십억원,,202002,9748
151Y003,1.2.3.4.2. 예금은행 지역별 가계대출(말잔),11110A0,주택관련대출-예금은행,Q00,전북,,,,,십억원,,202002,6474.6
151Y003,1.2.3.4.2. 예금은행 지역별 가계대출(말잔),11110A0,주택관련대출-예금은행,R00,전남,,,,,십억원,,202002,5091.6
151Y003,1.2.3.4.2. 예금은행 지역별 가계대출(말잔),11110A0,주택관련대출-예금은행,S00,경북,,,,,십억원,,202002,8776.4
151Y003,1.2.3.4.2. 예금은행 지역별 가계대출(말잔),11110A0,주택관련대출-예금은행,T00,경남,,,,,십억원,,202002,19256.1
151Y003,1.2.3.4.2. 예금은행 지역별 가계대출(말잔),11110A0,주택관련대출-예금은행,U00,제주,,,,,십억원,,202002,3373.1
151Y003,1.2.3.4.2. 예금은행 지역별 가계대출(말잔),11110A0,주택관련대출-예금은행,A00,서울,,,,,십억원,,202003,182729.9
151Y003,1.2.3.4.2. 예금은행 지역별 가계대출(말잔),11110A0,주택관련대출-예금은행,B00,부산,,,,,십억원,,202003,40509.7
151Y003,1.2.3.4.2. 예금은행 지역별 가계대출(말잔),11110A0,주택관련대출-예금은행,C00,대구,,,,,십억원,,202003,22622.5
151Y003,1.2.3.4.2. 예금은행 지역별 가계대출(말잔),11110A0,주택관련대출-예금은행,D00,인천,,,,,십억원,,202003,36819.8
151Y003,1.2.3.4.2. 예금은행 지역별 가계대출(말잔),11110A0,주택관련대출-예금은행,E00,대전,,,,,십억원,,202003,11753.1
151Y003,1.2.3.4.2. 예금은행 지역별 가계대출(말잔),11110A0,주택관련대출-예금은행,F00,광주,,,,,십억원,,202003,11803.1
151Y003,1.2.3.4.2. 예금은행 지역별 가계대출(말잔),11110A0,주택관련대출-예금은행,G00,울산,,,,,십억원,,202003,8069.4
151Y003,1.2.3.4.2. 예금은행 지역별 가계대출(말잔),11110A0,주택관련대출-예금은행,H00,세종,,,,,십억원,,202003,4982.1
151Y003,1.2.3.4.2. 예금은행 지역별 가계대출(말잔),11110A0,주택관련대출-예금은행,L00,경기,,,,,십억원,,202003,158119.7
151Y003,1.2.3.4.2. 예금은행 지역별 가계대출(말잔),11110A0,주택관련대출-예금은행,M00,강원,,,,,십억원,,202003,5881.1
151Y003,1.2.3.4.2. 예금은행 지역별 가계대출(말잔),11110A0,주택관련대출-예금은행,N00,충북,,,,,십억원,,202003,6480.6
151Y003,1.2.3.4.2. 예금은행 지역별 가계대출(말잔),11110A0,주택관련대출-예금은행,P00,충남,,,,,십억원,,202003,9761.8
151Y003,1.2.3.4.2. 예금은행 지역별 가계대출(말잔),11110A0,주택관련대출-예금은행,Q00,전북,,,,,십억원,,202003,6493.7
151Y003,1.2.3.4.2. 예금은행 지역별 가계대출(말잔),11110A0,주택관련대출-예금은행,R00,전남,,,,,십억원,,202003,5193.6
151Y003,1.2.3.4.2. 예금은행 지역별 가계대출(말잔),11110A0,주택관련대출-예금은행,S00,경북,,,,,십억원,,202003,8815.6
151Y003,1.2.3.4.2. 예금은행 지역별 가계대출(말잔),11110A0,주택관련대출-예금은행,T00,경남,,,,,십억원,,202003,19235.9
151Y003,1.2.3.4.2. 예금은행 지역별 가계대출(말잔),11110A0,주택관련대출-예금은행,U00,제주,,,,,십억원,,202003,3379.4
151Y003,1.2.3.4.2. 예금은행 지역별 가계대출(말잔),11110A0,주택관련대출-예금은행,A00,서울,,,,,십억원,,202004,184514.3
151Y003,1.2.3.4.2. 예금은행 지역별 가계대출(말잔),11110A0,주택관련대출-예금은행,B00,부산,,,,,십억원,,202004,40691.4
151Y003,1.2.3.4.2. 예금은행 지역별 가계대출(말잔),11110A0,주택관련대출-예금은행,C00,대구,,,,,십억원,,202004,22878.5
151Y003,1.2.3.4.2. 예금은행 지역별 가계대출(말잔),11110A0,주택관련대출-예금은행,D00,인천,,,,,십억원,,202004,37114
151Y003,1.2.3.4.2. 예금은행 지역별 가계대출(말잔),11110A0,주택관련대출-예금은행,E00,대전,,,,,십억원,,202004,11937.2
151Y003,1.2.3.4.2. 예금은행 지역별 가계대출(말잔),11110A0,주택관련대출-예금은행,F00,광주,,,,,십억원,,202004,11987.1
151Y003,1.2.3.4.2. 예금은행 지역별 가계대출(말잔),11110A0,주택관련대출-예금은행,G00,울산,,,,,십억원,,202004,8104.2
151Y003,1.2.3.4.2. 예금은행 지역별 가계대출(말잔),11110A0,주택관련대출-예금은행,H00,세종,,,,,십억원,,202004,4965.3
151Y003,1.2.3.4.2. 예금은행 지역별 가계대출(말잔),11110A0,주택관련대출-예금은행,L00,경기,,,,,십억원,,202004,160046.1
151Y003,1.2.3.4.2. 예금은행 지역별 가계대출(말잔),11110A0,주택관련대출-예금은행,M00,강원,,,,,십억원,,202004,5909.1
151Y003,1.2.3.4.2. 예금은행 지역별 가계대출(말잔),11110A0,주택관련대출-예금은행,N00,충북,,,,,십억원,,202004,6503
151Y003,1.2.3.4.2. 예금은행 지역별 가계대출(말잔),11110A0,주택관련대출-예금은행,P00,충남,,,,,십억원,,202004,9764.5
151Y003,1.2.3.4.2. 예금은행 지역별 가계대출(말잔),11110A0,주택관련대출-예금은행,Q00,전북,,,,,십억원,,202004,6561.6
151Y003,1.2.3.4.2. 예금은행 지역별 가계대출(말잔),11110A0,주택관련대출-예금은행,R00,전남,,,,,십억원,,202004,5307.7
151Y003,1.2.3.4.2. 예금은행 지역별 가계대출(말잔),11110A0,주택관련대출-예금은행,S00,경북,,,,,십억원,,202004,8863.4
151Y003,1.2.3.4.2. 예금은행 지역별 가계대출(말잔),11110A0,주택관련대출-예금은행,T00,경남,,,,,십억원,,202004,19297.4
151Y003,1.2.3.4.2. 예금은행 지역별 가계대출(말잔),11110A0,주택관련대출-예금은행,U00,제주,,,,,십억원,,202004,3385.3
151Y003,1.2.3.4.2. 예금은행 지역별 가계대출(말잔),11110A0,주택관련대출-예금은행,A00,서울,,,,,십억원,,202005,185898
151Y003,1.2.3.4.2. 예금은행 지역별 가계대출(말잔),11110A0,주택관련대출-예금은행,B00,부산,,,,,십억원,,202005,40578.9
151Y003,1.2.3.4.2. 예금은행 지역별 가계대출(말잔),11110A0,주택관련대출-예금은행,C00,대구,,,,,십억원,,202005,23011.9
151Y003,1.2.3.4.2. 예금은행 지역별 가계대출(말잔),11110A0,주택관련대출-예금은행,D00,인천,,,,,십억원,,202005,37364
151Y003,1.2.3.4.2. 예금은행 지역별 가계대출(말잔),11110A0,주택관련대출-예금은행,E00,대전,,,,,십억원,,202005,11944
151Y003,1.2.3.4.2. 예금은행 지역별 가계대출(말잔),11110A0,주택관련대출-예금은행,F00,광주,,,,,십억원,,202005,12310.2
151Y003,1.2.3.4.2. 예금은행 지역별 가계대출(말잔),11110A0,주택관련대출-예금은행,G00,울산,,,,,십억원,,202005,8070.5
151Y003,1.2.3.4.2. 예금은행 지역별 가계대출(말잔),11110A0,주택관련대출-예금은행,H00,세종,,,,,십억원,,202005,4981
151Y003,1.2.3.4.2. 예금은행 지역별 가계대출(말잔),11110A0,주택관련대출-예금은행,L00,경기,,,,,십억원,,202005,160614.1
151Y003,1.2.3.4.2. 예금은행 지역별 가계대출(말잔),11110A0,주택관련대출-예금은행,M00,강원,,,,,십억원,,202005,5898.9
151Y003,1.2.3.4.2. 예금은행 지역별 가계대출(말잔),11110A0,주택관련대출-예금은행,N00,충북,,,,,십억원,,202005,6451.4
151Y003,1.2.3.4.2. 예금은행 지역별 가계대출(말잔),11110A0,주택관련대출-예금은행,P00,충남,,,,,십억원,,202005,9932.9
151Y003,1.2.3.4.2. 예금은행 지역별 가계대출(말잔),11110A0,주택관련대출-예금은행,Q00,전북,,,,,십억원,,202005,6530
151Y003,1.2.3.4.2. 예금은행 지역별 가계대출(말잔),11110A0,주택관련대출-예금은행,R00,전남,,,,,십억원,,202005,5414.1
151Y003,1.2.3.4.2. 예금은행 지역별 가계대출(말잔),11110A0,주택관련대출-예금은행,S00,경북,,,,,십억원,,202005,8774
151Y003,1.2.3.4.2. 예금은행 지역별 가계대출(말잔),11110A0,주택관련대출-예금은행,T00,경남,,,,,십억원,,202005,19272.4
151Y003,1.2.3.4.2. 예금은행 지역별 가계대출(말잔),11110A0,주택관련대출-예금은행,U00,제주,,,,,십억원,,202005,3381.6
151Y003,1.2.3.4.2. 예금은행 지역별 가계대출(말잔),11110A0,주택관련대출-예금은행,A00,서울,,,,,십억원,,202006,187310.7
151Y003,1.2.3.4.2. 예금은행 지역별 가계대출(말잔),11110A0,주택관련대출-예금은행,B00,부산,,,,,십억원,,202006,40794.4
151Y003,1.2.3.4.2. 예금은행 지역별 가계대출(말잔),11110A0,주택관련대출-예금은행,C00,대구,,,,,십억원,,202006,23339.1
151Y003,1.2.3.4.2. 예금은행 지역별 가계대출(말잔),11110A0,주택관련대출-예금은행,D00,인천,,,,,십억원,,202006,37359.2
151Y003,1.2.3.4.2. 예금은행 지역별 가계대출(말잔),11110A0,주택관련대출-예금은행,E00,대전,,,,,십억원,,202006,12013.8
151Y003,1.2.3.4.2. 예금은행 지역별 가계대출(말잔),11110A0,주택관련대출-예금은행,F00,광주,,,,,십억원,,202006,12211.3
151Y003,1.2.3.4.2. 예금은행 지역별 가계대출(말잔),11110A0,주택관련대출-예금은행,G00,울산,,,,,십억원,,202006,8060.1
151Y003,1.2.3.4.2. 예금은행 지역별 가계대출(말잔),11110A0,주택관련대출-예금은행,H00,세종,,,,,십억원,,202006,5096.7
151Y003,1.2.3.4.2. 예금은행 지역별 가계대출(말잔),11110A0,주택관련대출-예금은행,L00,경기,,,,,십억원,,202006,161304.5
151Y003,1.2.3.4.2. 예금은행 지역별 가계대출(말잔),11110A0,주택관련대출-예금은행,M00,강원,,,,,십억원,,202006,5908.4
151Y003,1.2.3.4.2. 예금은행 지역별 가계대출(말잔),11110A0,주택관련대출-예금은행,N00,충북,,,,,십억원,,202006,6460.2
151Y003,1.2.3.4.2. 예금은행 지역별 가계대출(말잔),11110A0,주택관련대출-예금은행,P00,충남,,,,,십억원,,202006,9995.2
151Y003,1.2.3.4.2. 예금은행 지역별 가계대출(말잔),11110A0,주택관련대출-예금은행,Q00,전북,,,,,십억원,,202006,6536.8
151Y003,1.2.3.4.2. 예금은행 지역별 가계대출(말잔),11110A0,주택관련대출-예금은행,R00,전남,,,,,십억원,,202006,5443.6
151Y003,1.2.3.4.2. 예금은행 지역별 가계대출(말잔),11110A0,주택관련대출-예금은행,S00,경북,,,,,십억원,,202006,8644
151Y003,1.2.3.4.2. 예금은행 지역별 가계대출(말잔),11110A0,주택관련대출-예금은행,T00,경남,,,,,십억원,,202006,19080.4
151Y003,1.2.3.4.2. 예금은행 지역별 가계대출(말잔),11110A0,주택관련대출-예금은행,U00,제주,,,,,십억원,,202006,3325.7
151Y003,1.2.3.4.2. 예금은행 지역별 가계대출(말잔),11110A0,주택관련대출-예금은행,A00,서울,,,,,십억원,,202007,188450.9
151Y003,1.2.3.4.2. 예금은행 지역별 가계대출(말잔),11110A0,주택관련대출-예금은행,B00,부산,,,,,십억원,,202007,41105.5
151Y003,1.2.3.4.2. 예금은행 지역별 가계대출(말잔),11110A0,주택관련대출-예금은행,C00,대구,,,,,십억원,,202007,23370.9
151Y003,1.2.3.4.2. 예금은행 지역별 가계대출(말잔),11110A0,주택관련대출-예금은행,D00,인천,,,,,십억원,,202007,37478.4
151Y003,1.2.3.4.2. 예금은행 지역별 가계대출(말잔),11110A0,주택관련대출-예금은행,E00,대전,,,,,십억원,,202007,12163.1
151Y003,1.2.3.4.2. 예금은행 지역별 가계대출(말잔),11110A0,주택관련대출-예금은행,F00,광주,,,,,십억원,,202007,12512.4
151Y003,1.2.3.4.2. 예금은행 지역별 가계대출(말잔),11110A0,주택관련대출-예금은행,G00,울산,,,,,십억원,,202007,8022.9
151Y003,1.2.3.4.2. 예금은행 지역별 가계대출(말잔),11110A0,주택관련대출-예금은행,H00,세종,,,,,십억원,,202007,5065.2
151Y003,1.2.3.4.2. 예금은행 지역별 가계대출(말잔),11110A0,주택관련대출-예금은행,L00,경기,,,,,십억원,,202007,161765.1
151Y003,1.2.3.4.2. 예금은행 지역별 가계대출(말잔),11110A0,주택관련대출-예금은행,M00,강원,,,,,십억원,,202007,5859.5
151Y003,1.2.3.4.2. 예금은행 지역별 가계대출(말잔),11110A0,주택관련대출-예금은행,N00,충북,,,,,십억원,,202007,6380.5
151Y003,1.2.3.4.2. 예금은행 지역별 가계대출(말잔),11110A0,주택관련대출-예금은행,P00,충남,,,,,십억원,,202007,9923.1
151Y003,1.2.3.4.2. 예금은행 지역별 가계대출(말잔),11110A0,주택관련대출-예금은행,Q00,전북,,,,,십억원,,202007,6519.4
151Y003,1.2.3.4.2. 예금은행 지역별 가계대출(말잔),11110A0,주택관련대출-예금은행,R00,전남,,,,,십억원,,202007,5450
151Y003,1.2.3.4.2. 예금은행 지역별 가계대출(말잔),11110A0,주택관련대출-예금은행,S00,경북,,,,,십억원,,202007,8663.7
151Y003,1.2.3.4.2. 예금은행 지역별 가계대출(말잔),11110A0,주택관련대출-예금은행,T00,경남,,,,,십억원,,202007,19035.3
151Y003,1.2.3.4.2. 예금은행 지역별 가계대출(말잔),11110A0,주택관련대출-예금은행,U00,제주,,,,,십억원,,202007,3329.2
151Y003,1.2.3.4.2. 예금은행 지역별 가계대출(말잔),11110A0,주택관련대출-예금은행,A00,서울,,,,,십억원,,202008,190483.9
151Y003,1.2.3.4.2. 예금은행 지역별 가계대출(말잔),11110A0,주택관련대출-예금은행,B00,부산,,,,,십억원,,202008,41636.9
151Y003,1.2.3.4.2. 예금은행 지역별 가계대출(말잔),11110A0,주택관련대출-예금은행,C00,대구,,,,,십억원,,202008,23523.9
151Y003,1.2.3.4.2. 예금은행 지역별 가계대출(말잔),11110A0,주택관련대출-예금은행,D00,인천,,,,,십억원,,202008,38123.9
151Y003,1.2.3.4.2. 예금은행 지역별 가계대출(말잔),11110A0,주택관련대출-예금은행,E00,대전,,,,,십억원,,202008,12222.2
151Y003,1.2.3.4.2. 예금은행 지역별 가계대출(말잔),11110A0,주택관련대출-예금은행,F00,광주,,,,,십억원,,202008,12593.2
151Y003,1.2.3.4.2. 예금은행 지역별 가계대출(말잔),11110A0,주택관련대출-예금은행,G00,울산,,,,,십억원,,202008,8053.9
151Y003,1.2.3.4.2. 예금은행 지역별 가계대출(말잔),11110A0,주택관련대출-예금은행,H00,세종,,,,,십억원,,202008,5084.8
151Y003,1.2.3.4.2. 예금은행 지역별 가계대출(말잔),11110A0,주택관련대출-예금은행,L00,경기,,,,,십억원,,202008,163647.8
151Y003,1.2.3.4.2. 예금은행 지역별 가계대출(말잔),11110A0,주택관련대출-예금은행,M00,강원,,,,,십억원,,202008,5778.2
151Y003,1.2.3.4.2. 예금은행 지역별 가계대출(말잔),11110A0,주택관련대출-예금은행,N00,충북,,,,,십억원,,202008,6309.5
151Y003,1.2.3.4.2. 예금은행 지역별 가계대출(말잔),11110A0,주택관련대출-예금은행,P00,충남,,,,,십억원,,202008,9921.8
151Y003,1.2.3.4.2. 예금은행 지역별 가계대출(말잔),11110A0,주택관련대출-예금은행,Q00,전북,,,,,십억원,,202008,6507.3
151Y003,1.2.3.4.2. 예금은행 지역별 가계대출(말잔),11110A0,주택관련대출-예금은행,R00,전남,,,,,십억원,,202008,5519.2
151Y003,1.2.3.4.2. 예금은행 지역별 가계대출(말잔),11110A0,주택관련대출-예금은행,S00,경북,,,,,십억원,,202008,8649.4
151Y003,1.2.3.4.2. 예금은행 지역별 가계대출(말잔),11110A0,주택관련대출-예금은행,T00,경남,,,,,십억원,,202008,19055.8
151Y003,1.2.3.4.2. 예금은행 지역별 가계대출(말잔),11110A0,주택관련대출-예금은행,U00,제주,,,,,십억원,,202008,3373.1
151Y003,1.2.3.4.2. 예금은행 지역별 가계대출(말잔),11110A0,주택관련대출-예금은행,A00,서울,,,,,십억원,,202009,193141.5
151Y003,1.2.3.4.2. 예금은행 지역별 가계대출(말잔),11110A0,주택관련대출-예금은행,B00,부산,,,,,십억원,,202009,42394.6
151Y003,1.2.3.4.2. 예금은행 지역별 가계대출(말잔),11110A0,주택관련대출-예금은행,C00,대구,,,,,십억원,,202009,23825.9
151Y003,1.2.3.4.2. 예금은행 지역별 가계대출(말잔),11110A0,주택관련대출-예금은행,D00,인천,,,,,십억원,,202009,38381.2
151Y003,1.2.3.4.2. 예금은행 지역별 가계대출(말잔),11110A0,주택관련대출-예금은행,E00,대전,,,,,십억원,,202009,12418.6
151Y003,1.2.3.4.2. 예금은행 지역별 가계대출(말잔),11110A0,주택관련대출-예금은행,F00,광주,,,,,십억원,,202009,12783.9
151Y003,1.2.3.4.2. 예금은행 지역별 가계대출(말잔),11110A0,주택관련대출-예금은행,G00,울산,,,,,십억원,,202009,8095.4
151Y003,1.2.3.4.2. 예금은행 지역별 가계대출(말잔),11110A0,주택관련대출-예금은행,H00,세종,,,,,십억원,,202009,5063.2
151Y003,1.2.3.4.2. 예금은행 지역별 가계대출(말잔),11110A0,주택관련대출-예금은행,L00,경기,,,,,십억원,,202009,164712.6
151Y003,1.2.3.4.2. 예금은행 지역별 가계대출(말잔),11110A0,주택관련대출-예금은행,M00,강원,,,,,십억원,,202009,5874.3
151Y003,1.2.3.4.2. 예금은행 지역별 가계대출(말잔),11110A0,주택관련대출-예금은행,N00,충북,,,,,십억원,,202009,6404.1
151Y003,1.2.3.4.2. 예금은행 지역별 가계대출(말잔),11110A0,주택관련대출-예금은행,P00,충남,,,,,십억원,,202009,9943.8
151Y003,1.2.3.4.2. 예금은행 지역별 가계대출(말잔),11110A0,주택관련대출-예금은행,Q00,전북,,,,,십억원,,202009,6646.8
151Y003,1.2.3.4.2. 예금은행 지역별 가계대출(말잔),11110A0,주택관련대출-예금은행,R00,전남,,,,,십억원,,202009,5626.1
151Y003,1.2.3.4.2. 예금은행 지역별 가계대출(말잔),11110A0,주택관련대출-예금은행,S00,경북,,,,,십억원,,202009,8625.8
151Y003,1.2.3.4.2. 예금은행 지역별 가계대출(말잔),11110A0,주택관련대출-예금은행,T00,경남,,,,,십억원,,202009,19208.9
151Y003,1.2.3.4.2. 예금은행 지역별 가계대출(말잔),11110A0,주택관련대출-예금은행,U00,제주,,,,,십억원,,202009,3387.1
151Y003,1.2.3.4.2. 예금은행 지역별 가계대출(말잔),11110A0,주택관련대출-예금은행,A00,서울,,,,,십억원,,202010,195840.5
151Y003,1.2.3.4.2. 예금은행 지역별 가계대출(말잔),11110A0,주택관련대출-예금은행,B00,부산,,,,,십억원,,202010,42902.5
151Y003,1.2.3.4.2. 예금은행 지역별 가계대출(말잔),11110A0,주택관련대출-예금은행,C00,대구,,,,,십억원,,202010,24195
151Y003,1.2.3.4.2. 예금은행 지역별 가계대출(말잔),11110A0,주택관련대출-예금은행,D00,인천,,,,,십억원,,202010,38692.5
151Y003,1.2.3.4.2. 예금은행 지역별 가계대출(말잔),11110A0,주택관련대출-예금은행,E00,대전,,,,,십억원,,202010,12593.5
151Y003,1.2.3.4.2. 예금은행 지역별 가계대출(말잔),11110A0,주택관련대출-예금은행,F00,광주,,,,,십억원,,202010,12852.5
151Y003,1.2.3.4.2. 예금은행 지역별 가계대출(말잔),11110A0,주택관련대출-예금은행,G00,울산,,,,,십억원,,202010,8171.3
151Y003,1.2.3.4.2. 예금은행 지역별 가계대출(말잔),11110A0,주택관련대출-예금은행,H00,세종,,,,,십억원,,202010,5127.1
151Y003,1.2.3.4.2. 예금은행 지역별 가계대출(말잔),11110A0,주택관련대출-예금은행,L00,경기,,,,,십억원,,202010,166215.5
151Y003,1.2.3.4.2. 예금은행 지역별 가계대출(말잔),11110A0,주택관련대출-예금은행,M00,강원,,,,,십억원,,202010,5907.3
151Y003,1.2.3.4.2. 예금은행 지역별 가계대출(말잔),11110A0,주택관련대출-예금은행,N00,충북,,,,,십억원,,202010,6365.6
151Y003,1.2.3.4.2. 예금은행 지역별 가계대출(말잔),11110A0,주택관련대출-예금은행,P00,충남,,,,,십억원,,202010,10032.1
151Y003,1.2.3.4.2. 예금은행 지역별 가계대출(말잔),11110A0,주택관련대출-예금은행,Q00,전북,,,,,십억원,,202010,6712.9
151Y003,1.2.3.4.2. 예금은행 지역별 가계대출(말잔),11110A0,주택관련대출-예금은행,R00,전남,,,,,십억원,,202010,5667.6
151Y003,1.2.3.4.2. 예금은행 지역별 가계대출(말잔),11110A0,주택관련대출-예금은행,S00,경북,,,,,십억원,,202010,8647.3
151Y003,1.2.3.4.2. 예금은행 지역별 가계대출(말잔),11110A0,주택관련대출-예금은행,T00,경남,,,,,십억원,,202010,19330.3
151Y003,1.2.3.4.2. 예금은행 지역별 가계대출(말잔),11110A0,주택관련대출-예금은행,U00,제주,,,,,십억원,,202010,3399.5
151Y003,1.2.3.4.2. 예금은행 지역별 가계대출(말잔),11110A0,주택관련대출-예금은행,A00,서울,,,,,십억원,,202011,197539.2
151Y003,1.2.3.4.2. 예금은행 지역별 가계대출(말잔),11110A0,주택관련대출-예금은행,B00,부산,,,,,십억원,,202011,43777.3
151Y003,1.2.3.4.2. 예금은행 지역별 가계대출(말잔),11110A0,주택관련대출-예금은행,C00,대구,,,,,십억원,,202011,24822.4
151Y003,1.2.3.4.2. 예금은행 지역별 가계대출(말잔),11110A0,주택관련대출-예금은행,D00,인천,,,,,십억원,,202011,39010.1
151Y003,1.2.3.4.2. 예금은행 지역별 가계대출(말잔),11110A0,주택관련대출-예금은행,E00,대전,,,,,십억원,,202011,12694.5
151Y003,1.2.3.4.2. 예금은행 지역별 가계대출(말잔),11110A0,주택관련대출-예금은행,F00,광주,,,,,십억원,,202011,13133.9
151Y003,1.2.3.4.2. 예금은행 지역별 가계대출(말잔),11110A0,주택관련대출-예금은행,G00,울산,,,,,십억원,,202011,8200.9
151Y003,1.2.3.4.2. 예금은행 지역별 가계대출(말잔),11110A0,주택관련대출-예금은행,H00,세종,,,,,십억원,,202011,5113.8
151Y003,1.2.3.4.2. 예금은행 지역별 가계대출(말잔),11110A0,주택관련대출-예금은행,L00,경기,,,,,십억원,,202011,167381.3
151Y003,1.2.3.4.2. 예금은행 지역별 가계대출(말잔),11110A0,주택관련대출-예금은행,M00,강원,,,,,십억원,,202011,5934
151Y003,1.2.3.4.2. 예금은행 지역별 가계대출(말잔),11110A0,주택관련대출-예금은행,N00,충북,,,,,십억원,,202011,6450.1
151Y003,1.2.3.4.2. 예금은행 지역별 가계대출(말잔),11110A0,주택관련대출-예금은행,P00,충남,,,,,십억원,,202011,10113
151Y003,1.2.3.4.2. 예금은행 지역별 가계대출(말잔),11110A0,주택관련대출-예금은행,Q00,전북,,,,,십억원,,202011,6716.7
151Y003,1.2.3.4.2. 예금은행 지역별 가계대출(말잔),11110A0,주택관련대출-예금은행,R00,전남,,,,,십억원,,202011,5860.2
151Y003,1.2.3.4.2. 예금은행 지역별 가계대출(말잔),11110A0,주택관련대출-예금은행,S00,경북,,,,,십억원,,202011,8738.4
151Y003,1.2.3.4.2. 예금은행 지역별 가계대출(말잔),11110A0,주택관련대출-예금은행,T00,경남,,,,,십억원,,202011,19420.6
151Y003,1.2.3.4.2. 예금은행 지역별 가계대출(말잔),11110A0,주택관련대출-예금은행,U00,제주,,,,,십억원,,202011,3407.8
151Y003,1.2.3.4.2. 예금은행 지역별 가계대출(말잔),11110A0,주택관련대출-예금은행,A00,서울,,,,,십억원,,202012,199946.5
151Y003,1.2.3.4.2. 예금은행 지역별 가계대출(말잔),11110A0,주택관련대출-예금은행,B00,부산,,,,,십억원,,202012,44409.9
151Y003,1.2.3.4.2. 예금은행 지역별 가계대출(말잔),11110A0,주택관련대출-예금은행,C00,대구,,,,,십억원,,202012,24998.6
151Y003,1.2.3.4.2. 예금은행 지역별 가계대출(말잔),11110A0,주택관련대출-예금은행,D00,인천,,,,,십억원,,202012,39234
151Y003,1.2.3.4.2. 예금은행 지역별 가계대출(말잔),11110A0,주택관련대출-예금은행,E00,대전,,,,,십억원,,202012,12841.7
151Y003,1.2.3.4.2. 예금은행 지역별 가계대출(말잔),11110A0,주택관련대출-예금은행,F00,광주,,,,,십억원,,202012,13304.1
151Y003,1.2.3.4.2. 예금은행 지역별 가계대출(말잔),11110A0,주택관련대출-예금은행,G00,울산,,,,,십억원,,202012,8273.7
151Y003,1.2.3.4.2. 예금은행 지역별 가계대출(말잔),11110A0,주택관련대출-예금은행,H00,세종,,,,,십억원,,202012,5101.1
151Y003,1.2.3.4.2. 예금은행 지역별 가계대출(말잔),11110A0,주택관련대출-예금은행,L00,경기,,,,,십억원,,202012,168418.9
151Y003,1.2.3.4.2. 예금은행 지역별 가계대출(말잔),11110A0,주택관련대출-예금은행,M00,강원,,,,,십억원,,202012,5941.2
151Y003,1.2.3.4.2. 예금은행 지역별 가계대출(말잔),11110A0,주택관련대출-예금은행,N00,충북,,,,,십억원,,202012,6492.7
151Y003,1.2.3.4.2. 예금은행 지역별 가계대출(말잔),11110A0,주택관련대출-예금은행,P00,충남,,,,,십억원,,202012,10237.5
151Y003,1.2.3.4.2. 예금은행 지역별 가계대출(말잔),11110A0,주택관련대출-예금은행,Q00,전북,,,,,십억원,,202012,6758.5
151Y003,1.2.3.4.2. 예금은행 지역별 가계대출(말잔),11110A0,주택관련대출-예금은행,R00,전남,,,,,십억원,,202012,6039.1
151Y003,1.2.3.4.2. 예금은행 지역별 가계대출(말잔),11110A0,주택관련대출-예금은행,S00,경북,,,,,십억원,,202012,8815.2
151Y003,1.2.3.4.2. 예금은행 지역별 가계대출(말잔),11110A0,주택관련대출-예금은행,T00,경남,,,,,십억원,,202012,19654.3
151Y003,1.2.3.4.2. 예금은행 지역별 가계대출(말잔),11110A0,주택관련대출-예금은행,U00,제주,,,,,십억원,,202012,3429.7
151Y003,1.2.3.4.2. 예금은행 지역별 가계대출(말잔),11110A0,주택관련대출-예금은행,A00,서울,,,,,십억원,,202101,202250.9
151Y003,1.2.3.4.2. 예금은행 지역별 가계대출(말잔),11110A0,주택관련대출-예금은행,B00,부산,,,,,십억원,,202101,44846.9
151Y003,1.2.3.4.2. 예금은행 지역별 가계대출(말잔),11110A0,주택관련대출-예금은행,C00,대구,,,,,십억원,,202101,25398.9
151Y003,1.2.3.4.2. 예금은행 지역별 가계대출(말잔),11110A0,주택관련대출-예금은행,D00,인천,,,,,십억원,,202101,39650.6
151Y003,1.2.3.4.2. 예금은행 지역별 가계대출(말잔),11110A0,주택관련대출-예금은행,E00,대전,,,,,십억원,,202101,12884.3
151Y003,1.2.3.4.2. 예금은행 지역별 가계대출(말잔),11110A0,주택관련대출-예금은행,F00,광주,,,,,십억원,,202101,13476.4
151Y003,1.2.3.4.2. 예금은행 지역별 가계대출(말잔),11110A0,주택관련대출-예금은행,G00,울산,,,,,십억원,,202101,8305.5
151Y003,1.2.3.4.2. 예금은행 지역별 가계대출(말잔),11110A0,주택관련대출-예금은행,H00,세종,,,,,십억원,,202101,5082.7
151Y003,1.2.3.4.2. 예금은행 지역별 가계대출(말잔),11110A0,주택관련대출-예금은행,L00,경기,,,,,십억원,,202101,168524.4
151Y003,1.2.3.4.2. 예금은행 지역별 가계대출(말잔),11110A0,주택관련대출-예금은행,M00,강원,,,,,십억원,,202101,5954.9
151Y003,1.2.3.4.2. 예금은행 지역별 가계대출(말잔),11110A0,주택관련대출-예금은행,N00,충북,,,,,십억원,,202101,6534.1
151Y003,1.2.3.4.2. 예금은행 지역별 가계대출(말잔),11110A0,주택관련대출-예금은행,P00,충남,,,,,십억원,,202101,10215.2
151Y003,1.2.3.4.2. 예금은행 지역별 가계대출(말잔),11110A0,주택관련대출-예금은행,Q00,전북,,,,,십억원,,202101,6737.5
151Y003,1.2.3.4.2. 예금은행 지역별 가계대출(말잔),11110A0,주택관련대출-예금은행,R00,전남,,,,,십억원,,202101,6071.5
151Y003,1.2.3.4.2. 예금은행 지역별 가계대출(말잔),11110A0,주택관련대출-예금은행,S00,경북,,,,,십억원,,202101,8826.9
151Y003,1.2.3.4.2. 예금은행 지역별 가계대출(말잔),11110A0,주택관련대출-예금은행,T00,경남,,,,,십억원,,202101,19724.7
151Y003,1.2.3.4.2. 예금은행 지역별 가계대출(말잔),11110A0,주택관련대출-예금은행,U00,제주,,,,,십억원,,202101,3476.9
151Y003,1.2.3.4.2. 예금은행 지역별 가계대출(말잔),11110A0,주택관련대출-예금은행,A00,서울,,,,,십억원,,202102,204918.2
151Y003,1.2.3.4.2. 예금은행 지역별 가계대출(말잔),11110A0,주택관련대출-예금은행,B00,부산,,,,,십억원,,202102,45372.7
151Y003,1.2.3.4.2. 예금은행 지역별 가계대출(말잔),11110A0,주택관련대출-예금은행,C00,대구,,,,,십억원,,202102,25741.9
151Y003,1.2.3.4.2. 예금은행 지역별 가계대출(말잔),11110A0,주택관련대출-예금은행,D00,인천,,,,,십억원,,202102,39743.2
151Y003,1.2.3.4.2. 예금은행 지역별 가계대출(말잔),11110A0,주택관련대출-예금은행,E00,대전,,,,,십억원,,202102,13083.1
151Y003,1.2.3.4.2. 예금은행 지역별 가계대출(말잔),11110A0,주택관련대출-예금은행,F00,광주,,,,,십억원,,202102,13622.8
151Y003,1.2.3.4.2. 예금은행 지역별 가계대출(말잔),11110A0,주택관련대출-예금은행,G00,울산,,,,,십억원,,202102,8479
151Y003,1.2.3.4.2. 예금은행 지역별 가계대출(말잔),11110A0,주택관련대출-예금은행,H00,세종,,,,,십억원,,202102,5153.1
151Y003,1.2.3.4.2. 예금은행 지역별 가계대출(말잔),11110A0,주택관련대출-예금은행,L00,경기,,,,,십억원,,202102,169866.6
151Y003,1.2.3.4.2. 예금은행 지역별 가계대출(말잔),11110A0,주택관련대출-예금은행,M00,강원,,,,,십억원,,202102,6046.6
151Y003,1.2.3.4.2. 예금은행 지역별 가계대출(말잔),11110A0,주택관련대출-예금은행,N00,충북,,,,,십억원,,202102,6612
151Y003,1.2.3.4.2. 예금은행 지역별 가계대출(말잔),11110A0,주택관련대출-예금은행,P00,충남,,,,,십억원,,202102,10386.2
151Y003,1.2.3.4.2. 예금은행 지역별 가계대출(말잔),11110A0,주택관련대출-예금은행,Q00,전북,,,,,십억원,,202102,6793.7
151Y003,1.2.3.4.2. 예금은행 지역별 가계대출(말잔),11110A0,주택관련대출-예금은행,R00,전남,,,,,십억원,,202102,6129.6
151Y003,1.2.3.4.2. 예금은행 지역별 가계대출(말잔),11110A0,주택관련대출-예금은행,S00,경북,,,,,십억원,,202102,8820.7
151Y003,1.2.3.4.2. 예금은행 지역별 가계대출(말잔),11110A0,주택관련대출-예금은행,T00,경남,,,,,십억원,,202102,19949.5
151Y003,1.2.3.4.2. 예금은행 지역별 가계대출(말잔),11110A0,주택관련대출-예금은행,U00,제주,,,,,십억원,,202102,3515.2
151Y003,1.2.3.4.2. 예금은행 지역별 가계대출(말잔),11110A0,주택관련대출-예금은행,A00,서울,,,,,십억원,,202103,207094.9
151Y003,1.2.3.4.2. 예금은행 지역별 가계대출(말잔),11110A0,주택관련대출-예금은행,B00,부산,,,,,십억원,,202103,45712.4
151Y003,1.2.3.4.2. 예금은행 지역별 가계대출(말잔),11110A0,주택관련대출-예금은행,C00,대구,,,,,십억원,,202103,25997.2
151Y003,1.2.3.4.2. 예금은행 지역별 가계대출(말잔),11110A0,주택관련대출-예금은행,D00,인천,,,,,십억원,,202103,39991
151Y003,1.2.3.4.2. 예금은행 지역별 가계대출(말잔),11110A0,주택관련대출-예금은행,E00,대전,,,,,십억원,,202103,13102
151Y003,1.2.3.4.2. 예금은행 지역별 가계대출(말잔),11110A0,주택관련대출-예금은행,F00,광주,,,,,십억원,,202103,13700
151Y003,1.2.3.4.2. 예금은행 지역별 가계대출(말잔),11110A0,주택관련대출-예금은행,G00,울산,,,,,십억원,,202103,8479
151Y003,1.2.3.4.2. 예금은행 지역별 가계대출(말잔),11110A0,주택관련대출-예금은행,H00,세종,,,,,십억원,,202103,5165.7
151Y003,1.2.3.4.2. 예금은행 지역별 가계대출(말잔),11110A0,주택관련대출-예금은행,L00,경기,,,,,십억원,,202103,170990.6
151Y003,1.2.3.4.2. 예금은행 지역별 가계대출(말잔),11110A0,주택관련대출-예금은행,M00,강원,,,,,십억원,,202103,6053.2
151Y003,1.2.3.4.2. 예금은행 지역별 가계대출(말잔),11110A0,주택관련대출-예금은행,N00,충북,,,,,십억원,,202103,6631.5
151Y003,1.2.3.4.2. 예금은행 지역별 가계대출(말잔),11110A0,주택관련대출-예금은행,P00,충남,,,,,십억원,,202103,10587.2
151Y003,1.2.3.4.2. 예금은행 지역별 가계대출(말잔),11110A0,주택관련대출-예금은행,Q00,전북,,,,,십억원,,202103,6766
151Y003,1.2.3.4.2. 예금은행 지역별 가계대출(말잔),11110A0,주택관련대출-예금은행,R00,전남,,,,,십억원,,202103,6172.3
151Y003,1.2.3.4.2. 예금은행 지역별 가계대출(말잔),11110A0,주택관련대출-예금은행,S00,경북,,,,,십억원,,202103,8838.8
151Y003,1.2.3.4.2. 예금은행 지역별 가계대출(말잔),11110A0,주택관련대출-예금은행,T00,경남,,,,,십억원,,202103,20137
151Y003,1.2.3.4.2. 예금은행 지역별 가계대출(말잔),11110A0,주택관련대출-예금은행,U00,제주,,,,,십억원,,202103,3504.4
151Y003,1.2.3.4.2. 예금은행 지역별 가계대출(말잔),11110A0,주택관련대출-예금은행,A00,서울,,,,,십억원,,202104,208558.5
151Y003,1.2.3.4.2. 예금은행 지역별 가계대출(말잔),11110A0,주택관련대출-예금은행,B00,부산,,,,,십억원,,202104,45617.7
151Y003,1.2.3.4.2. 예금은행 지역별 가계대출(말잔),11110A0,주택관련대출-예금은행,C00,대구,,,,,십억원,,202104,26126.3
151Y003,1.2.3.4.2. 예금은행 지역별 가계대출(말잔),11110A0,주택관련대출-예금은행,D00,인천,,,,,십억원,,202104,40117.5
151Y003,1.2.3.4.2. 예금은행 지역별 가계대출(말잔),11110A0,주택관련대출-예금은행,E00,대전,,,,,십억원,,202104,13071.7
151Y003,1.2.3.4.2. 예금은행 지역별 가계대출(말잔),11110A0,주택관련대출-예금은행,F00,광주,,,,,십억원,,202104,13711.2
151Y003,1.2.3.4.2. 예금은행 지역별 가계대출(말잔),11110A0,주택관련대출-예금은행,G00,울산,,,,,십억원,,202104,8394.5
151Y003,1.2.3.4.2. 예금은행 지역별 가계대출(말잔),11110A0,주택관련대출-예금은행,H00,세종,,,,,십억원,,202104,5046.2
151Y003,1.2.3.4.2. 예금은행 지역별 가계대출(말잔),11110A0,주택관련대출-예금은행,L00,경기,,,,,십억원,,202104,171102.1
151Y003,1.2.3.4.2. 예금은행 지역별 가계대출(말잔),11110A0,주택관련대출-예금은행,M00,강원,,,,,십억원,,202104,6005.8
151Y003,1.2.3.4.2. 예금은행 지역별 가계대출(말잔),11110A0,주택관련대출-예금은행,N00,충북,,,,,십억원,,202104,6560.3
151Y003,1.2.3.4.2. 예금은행 지역별 가계대출(말잔),11110A0,주택관련대출-예금은행,P00,충남,,,,,십억원,,202104,10625.7
151Y003,1.2.3.4.2. 예금은행 지역별 가계대출(말잔),11110A0,주택관련대출-예금은행,Q00,전북,,,,,십억원,,202104,6703.3
151Y003,1.2.3.4.2. 예금은행 지역별 가계대출(말잔),11110A0,주택관련대출-예금은행,R00,전남,,,,,십억원,,202104,6178.7
151Y003,1.2.3.4.2. 예금은행 지역별 가계대출(말잔),11110A0,주택관련대출-예금은행,S00,경북,,,,,십억원,,202104,8712.5
151Y003,1.2.3.4.2. 예금은행 지역별 가계대출(말잔),11110A0,주택관련대출-예금은행,T00,경남,,,,,십억원,,202104,19963.7
151Y003,1.2.3.4.2. 예금은행 지역별 가계대출(말잔),11110A0,주택관련대출-예금은행,U00,제주,,,,,십억원,,202104,3471.8
151Y003,1.2.3.4.2. 예금은행 지역별 가계대출(말잔),11110A0,주택관련대출-예금은행,A00,서울,,,,,십억원,,202105,209714
151Y003,1.2.3.4.2. 예금은행 지역별 가계대출(말잔),11110A0,주택관련대출-예금은행,B00,부산,,,,,십억원,,202105,45974.8
151Y003,1.2.3.4.2. 예금은행 지역별 가계대출(말잔),11110A0,주택관련대출-예금은행,C00,대구,,,,,십억원,,202105,26347.3
151Y003,1.2.3.4.2. 예금은행 지역별 가계대출(말잔),11110A0,주택관련대출-예금은행,D00,인천,,,,,십억원,,202105,40205
151Y003,1.2.3.4.2. 예금은행 지역별 가계대출(말잔),11110A0,주택관련대출-예금은행,E00,대전,,,,,십억원,,202105,13209.7
151Y003,1.2.3.4.2. 예금은행 지역별 가계대출(말잔),11110A0,주택관련대출-예금은행,F00,광주,,,,,십억원,,202105,13764.6
151Y003,1.2.3.4.2. 예금은행 지역별 가계대출(말잔),11110A0,주택관련대출-예금은행,G00,울산,,,,,십억원,,202105,8483.1
151Y003,1.2.3.4.2. 예금은행 지역별 가계대출(말잔),11110A0,주택관련대출-예금은행,H00,세종,,,,,십억원,,202105,5032.6
151Y003,1.2.3.4.2. 예금은행 지역별 가계대출(말잔),11110A0,주택관련대출-예금은행,L00,경기,,,,,십억원,,202105,170955.6
151Y003,1.2.3.4.2. 예금은행 지역별 가계대출(말잔),11110A0,주택관련대출-예금은행,M00,강원,,,,,십억원,,202105,5968.2
151Y003,1.2.3.4.2. 예금은행 지역별 가계대출(말잔),11110A0,주택관련대출-예금은행,N00,충북,,,,,십억원,,202105,6499.6
151Y003,1.2.3.4.2. 예금은행 지역별 가계대출(말잔),11110A0,주택관련대출-예금은행,P00,충남,,,,,십억원,,202105,10607.9
151Y003,1.2.3.4.2. 예금은행 지역별 가계대출(말잔),11110A0,주택관련대출-예금은행,Q00,전북,,,,,십억원,,202105,6675.7
151Y003,1.2.3.4.2. 예금은행 지역별 가계대출(말잔),11110A0,주택관련대출-예금은행,R00,전남,,,,,십억원,,202105,6165.1
151Y003,1.2.3.4.2. 예금은행 지역별 가계대출(말잔),11110A0,주택관련대출-예금은행,S00,경북,,,,,십억원,,202105,8668.1
151Y003,1.2.3.4.2. 예금은행 지역별 가계대출(말잔),11110A0,주택관련대출-예금은행,T00,경남,,,,,십억원,,202105,19933.6
151Y003,1.2.3.4.2. 예금은행 지역별 가계대출(말잔),11110A0,주택관련대출-예금은행,U00,제주,,,,,십억원,,202105,3453.4
151Y003,1.2.3.4.2. 예금은행 지역별 가계대출(말잔),11110A0,주택관련대출-예금은행,A00,서울,,,,,십억원,,202106,210938.1
151Y003,1.2.3.4.2. 예금은행 지역별 가계대출(말잔),11110A0,주택관련대출-예금은행,B00,부산,,,,,십억원,,202106,46086.2
151Y003,1.2.3.4.2. 예금은행 지역별 가계대출(말잔),11110A0,주택관련대출-예금은행,C00,대구,,,,,십억원,,202106,26778.3
151Y003,1.2.3.4.2. 예금은행 지역별 가계대출(말잔),11110A0,주택관련대출-예금은행,D00,인천,,,,,십억원,,202106,40378.4
151Y003,1.2.3.4.2. 예금은행 지역별 가계대출(말잔),11110A0,주택관련대출-예금은행,E00,대전,,,,,십억원,,202106,13271.8
151Y003,1.2.3.4.2. 예금은행 지역별 가계대출(말잔),11110A0,주택관련대출-예금은행,F00,광주,,,,,십억원,,202106,13734.8
151Y003,1.2.3.4.2. 예금은행 지역별 가계대출(말잔),11110A0,주택관련대출-예금은행,G00,울산,,,,,십억원,,202106,8441.6
151Y003,1.2.3.4.2. 예금은행 지역별 가계대출(말잔),11110A0,주택관련대출-예금은행,H00,세종,,,,,십억원,,202106,5059.5
151Y003,1.2.3.4.2. 예금은행 지역별 가계대출(말잔),11110A0,주택관련대출-예금은행,L00,경기,,,,,십억원,,202106,171150.4
151Y003,1.2.3.4.2. 예금은행 지역별 가계대출(말잔),11110A0,주택관련대출-예금은행,M00,강원,,,,,십억원,,202106,5946.5
151Y003,1.2.3.4.2. 예금은행 지역별 가계대출(말잔),11110A0,주택관련대출-예금은행,N00,충북,,,,,십억원,,202106,6523.8
151Y003,1.2.3.4.2. 예금은행 지역별 가계대출(말잔),11110A0,주택관련대출-예금은행,P00,충남,,,,,십억원,,202106,10580
151Y003,1.2.3.4.2. 예금은행 지역별 가계대출(말잔),11110A0,주택관련대출-예금은행,Q00,전북,,,,,십억원,,202106,6578.6
151Y003,1.2.3.4.2. 예금은행 지역별 가계대출(말잔),11110A0,주택관련대출-예금은행,R00,전남,,,,,십억원,,202106,6141.4
151Y003,1.2.3.4.2. 예금은행 지역별 가계대출(말잔),11110A0,주택관련대출-예금은행,S00,경북,,,,,십억원,,202106,8595.6
151Y003,1.2.3.4.2. 예금은행 지역별 가계대출(말잔),11110A0,주택관련대출-예금은행,T00,경남,,,,,십억원,,202106,20051.2
151Y003,1.2.3.4.2. 예금은행 지역별 가계대출(말잔),11110A0,주택관련대출-예금은행,U00,제주,,,,,십억원,,202106,3454.6
151Y003,1.2.3.4.2. 예금은행 지역별 가계대출(말잔),11110A0,주택관련대출-예금은행,A00,서울,,,,,십억원,,202107,213363.8
151Y003,1.2.3.4.2. 예금은행 지역별 가계대출(말잔),11110A0,주택관련대출-예금은행,B00,부산,,,,,십억원,,202107,46486.7
151Y003,1.2.3.4.2. 예금은행 지역별 가계대출(말잔),11110A0,주택관련대출-예금은행,C00,대구,,,,,십억원,,202107,27189.1
151Y003,1.2.3.4.2. 예금은행 지역별 가계대출(말잔),11110A0,주택관련대출-예금은행,D00,인천,,,,,십억원,,202107,40764.1
151Y003,1.2.3.4.2. 예금은행 지역별 가계대출(말잔),11110A0,주택관련대출-예금은행,E00,대전,,,,,십억원,,202107,13246
151Y003,1.2.3.4.2. 예금은행 지역별 가계대출(말잔),11110A0,주택관련대출-예금은행,F00,광주,,,,,십억원,,202107,13997.3
151Y003,1.2.3.4.2. 예금은행 지역별 가계대출(말잔),11110A0,주택관련대출-예금은행,G00,울산,,,,,십억원,,202107,8525.5
151Y003,1.2.3.4.2. 예금은행 지역별 가계대출(말잔),11110A0,주택관련대출-예금은행,H00,세종,,,,,십억원,,202107,5211.1
151Y003,1.2.3.4.2. 예금은행 지역별 가계대출(말잔),11110A0,주택관련대출-예금은행,L00,경기,,,,,십억원,,202107,172009.3
151Y003,1.2.3.4.2. 예금은행 지역별 가계대출(말잔),11110A0,주택관련대출-예금은행,M00,강원,,,,,십억원,,202107,5960.2
151Y003,1.2.3.4.2. 예금은행 지역별 가계대출(말잔),11110A0,주택관련대출-예금은행,N00,충북,,,,,십억원,,202107,6521.5
151Y003,1.2.3.4.2. 예금은행 지역별 가계대출(말잔),11110A0,주택관련대출-예금은행,P00,충남,,,,,십억원,,202107,10640.3
151Y003,1.2.3.4.2. 예금은행 지역별 가계대출(말잔),11110A0,주택관련대출-예금은행,Q00,전북,,,,,십억원,,202107,6597.9
151Y003,1.2.3.4.2. 예금은행 지역별 가계대출(말잔),11110A0,주택관련대출-예금은행,R00,전남,,,,,십억원,,202107,6275.8
151Y003,1.2.3.4.2. 예금은행 지역별 가계대출(말잔),11110A0,주택관련대출-예금은행,S00,경북,,,,,십억원,,202107,8562.7
151Y003,1.2.3.4.2. 예금은행 지역별 가계대출(말잔),11110A0,주택관련대출-예금은행,T00,경남,,,,,십억원,,202107,20235.7
151Y003,1.2.3.4.2. 예금은행 지역별 가계대출(말잔),11110A0,주택관련대출-예금은행,U00,제주,,,,,십억원,,202107,3511.4
151Y003,1.2.3.4.2. 예금은행 지역별 가계대출(말잔),11110A0,주택관련대출-예금은행,A00,서울,,,,,십억원,,202108,215644.9
151Y003,1.2.3.4.2. 예금은행 지역별 가계대출(말잔),11110A0,주택관련대출-예금은행,B00,부산,,,,,십억원,,202108,46785.9
151Y003,1.2.3.4.2. 예금은행 지역별 가계대출(말잔),11110A0,주택관련대출-예금은행,C00,대구,,,,,십억원,,202108,27494.4
151Y003,1.2.3.4.2. 예금은행 지역별 가계대출(말잔),11110A0,주택관련대출-예금은행,D00,인천,,,,,십억원,,202108,41205.5
151Y003,1.2.3.4.2. 예금은행 지역별 가계대출(말잔),11110A0,주택관련대출-예금은행,E00,대전,,,,,십억원,,202108,13430.3
151Y003,1.2.3.4.2. 예금은행 지역별 가계대출(말잔),11110A0,주택관련대출-예금은행,F00,광주,,,,,십억원,,202108,14066.9
151Y003,1.2.3.4.2. 예금은행 지역별 가계대출(말잔),11110A0,주택관련대출-예금은행,G00,울산,,,,,십억원,,202108,8529.6
151Y003,1.2.3.4.2. 예금은행 지역별 가계대출(말잔),11110A0,주택관련대출-예금은행,H00,세종,,,,,십억원,,202108,5256.7
151Y003,1.2.3.4.2. 예금은행 지역별 가계대출(말잔),11110A0,주택관련대출-예금은행,L00,경기,,,,,십억원,,202108,173204.9
151Y003,1.2.3.4.2. 예금은행 지역별 가계대출(말잔),11110A0,주택관련대출-예금은행,M00,강원,,,,,십억원,,202108,5968.8
151Y003,1.2.3.4.2. 예금은행 지역별 가계대출(말잔),11110A0,주택관련대출-예금은행,N00,충북,,,,,십억원,,202108,6482.6
151Y003,1.2.3.4.2. 예금은행 지역별 가계대출(말잔),11110A0,주택관련대출-예금은행,P00,충남,,,,,십억원,,202108,10910.7
151Y003,1.2.3.4.2. 예금은행 지역별 가계대출(말잔),11110A0,주택관련대출-예금은행,Q00,전북,,,,,십억원,,202108,6648.2
151Y003,1.2.3.4.2. 예금은행 지역별 가계대출(말잔),11110A0,주택관련대출-예금은행,R00,전남,,,,,십억원,,202108,6329
151Y003,1.2.3.4.2. 예금은행 지역별 가계대출(말잔),11110A0,주택관련대출-예금은행,S00,경북,,,,,십억원,,202108,8561.6
151Y003,1.2.3.4.2. 예금은행 지역별 가계대출(말잔),11110A0,주택관련대출-예금은행,T00,경남,,,,,십억원,,202108,20337.6
151Y003,1.2.3.4.2. 예금은행 지역별 가계대출(말잔),11110A0,주택관련대출-예금은행,U00,제주,,,,,십억원,,202108,3545.7
151Y003,1.2.3.4.2. 예금은행 지역별 가계대출(말잔),11110A0,주택관련대출-예금은행,A00,서울,,,,,십억원,,202109,217863
151Y003,1.2.3.4.2. 예금은행 지역별 가계대출(말잔),11110A0,주택관련대출-예금은행,B00,부산,,,,,십억원,,202109,47151.8
151Y003,1.2.3.4.2. 예금은행 지역별 가계대출(말잔),11110A0,주택관련대출-예금은행,C00,대구,,,,,십억원,,202109,27669.7
151Y003,1.2.3.4.2. 예금은행 지역별 가계대출(말잔),11110A0,주택관련대출-예금은행,D00,인천,,,,,십억원,,202109,41659.8
151Y003,1.2.3.4.2. 예금은행 지역별 가계대출(말잔),11110A0,주택관련대출-예금은행,E00,대전,,,,,십억원,,202109,13544.7
151Y003,1.2.3.4.2. 예금은행 지역별 가계대출(말잔),11110A0,주택관련대출-예금은행,F00,광주,,,,,십억원,,202109,14259.9
151Y003,1.2.3.4.2. 예금은행 지역별 가계대출(말잔),11110A0,주택관련대출-예금은행,G00,울산,,,,,십억원,,202109,8575.4
151Y003,1.2.3.4.2. 예금은행 지역별 가계대출(말잔),11110A0,주택관련대출-예금은행,H00,세종,,,,,십억원,,202109,5285.1
151Y003,1.2.3.4.2. 예금은행 지역별 가계대출(말잔),11110A0,주택관련대출-예금은행,L00,경기,,,,,십억원,,202109,174657.3
151Y003,1.2.3.4.2. 예금은행 지역별 가계대출(말잔),11110A0,주택관련대출-예금은행,M00,강원,,,,,십억원,,202109,6029.3
151Y003,1.2.3.4.2. 예금은행 지역별 가계대출(말잔),11110A0,주택관련대출-예금은행,N00,충북,,,,,십억원,,202109,6621.7
151Y003,1.2.3.4.2. 예금은행 지역별 가계대출(말잔),11110A0,주택관련대출-예금은행,P00,충남,,,,,십억원,,202109,10945.7
151Y003,1.2.3.4.2. 예금은행 지역별 가계대출(말잔),11110A0,주택관련대출-예금은행,Q00,전북,,,,,십억원,,202109,6697.3
151Y003,1.2.3.4.2. 예금은행 지역별 가계대출(말잔),11110A0,주택관련대출-예금은행,R00,전남,,,,,십억원,,202109,6365.7
151Y003,1.2.3.4.2. 예금은행 지역별 가계대출(말잔),11110A0,주택관련대출-예금은행,S00,경북,,,,,십억원,,202109,8660.9
151Y003,1.2.3.4.2. 예금은행 지역별 가계대출(말잔),11110A0,주택관련대출-예금은행,T00,경남,,,,,십억원,,202109,20575.6
151Y003,1.2.3.4.2. 예금은행 지역별 가계대출(말잔),11110A0,주택관련대출-예금은행,U00,제주,,,,,십억원,,202109,3596.7
151Y003,1.2.3.4.2. 예금은행 지역별 가계대출(말잔),11110A0,주택관련대출-예금은행,A00,서울,,,,,십억원,,202110,220109
151Y003,1.2.3.4.2. 예금은행 지역별 가계대출(말잔),11110A0,주택관련대출-예금은행,B00,부산,,,,,십억원,,202110,47628.5
151Y003,1.2.3.4.2. 예금은행 지역별 가계대출(말잔),11110A0,주택관련대출-예금은행,C00,대구,,,,,십억원,,202110,27922.9
151Y003,1.2.3.4.2. 예금은행 지역별 가계대출(말잔),11110A0,주택관련대출-예금은행,D00,인천,,,,,십억원,,202110,41975.3
151Y003,1.2.3.4.2. 예금은행 지역별 가계대출(말잔),11110A0,주택관련대출-예금은행,E00,대전,,,,,십억원,,202110,13632.6
151Y003,1.2.3.4.2. 예금은행 지역별 가계대출(말잔),11110A0,주택관련대출-예금은행,F00,광주,,,,,십억원,,202110,14268.4
151Y003,1.2.3.4.2. 예금은행 지역별 가계대출(말잔),11110A0,주택관련대출-예금은행,G00,울산,,,,,십억원,,202110,8726.8
151Y003,1.2.3.4.2. 예금은행 지역별 가계대출(말잔),11110A0,주택관련대출-예금은행,H00,세종,,,,,십억원,,202110,5281.9
151Y003,1.2.3.4.2. 예금은행 지역별 가계대출(말잔),11110A0,주택관련대출-예금은행,L00,경기,,,,,십억원,,202110,175673.1
151Y003,1.2.3.4.2. 예금은행 지역별 가계대출(말잔),11110A0,주택관련대출-예금은행,M00,강원,,,,,십억원,,202110,6078.2
151Y003,1.2.3.4.2. 예금은행 지역별 가계대출(말잔),11110A0,주택관련대출-예금은행,N00,충북,,,,,십억원,,202110,6689.5
151Y003,1.2.3.4.2. 예금은행 지역별 가계대출(말잔),11110A0,주택관련대출-예금은행,P00,충남,,,,,십억원,,202110,10956.5
151Y003,1.2.3.4.2. 예금은행 지역별 가계대출(말잔),11110A0,주택관련대출-예금은행,Q00,전북,,,,,십억원,,202110,6744.6
151Y003,1.2.3.4.2. 예금은행 지역별 가계대출(말잔),11110A0,주택관련대출-예금은행,R00,전남,,,,,십억원,,202110,6434
151Y003,1.2.3.4.2. 예금은행 지역별 가계대출(말잔),11110A0,주택관련대출-예금은행,S00,경북,,,,,십억원,,202110,8694.7
151Y003,1.2.3.4.2. 예금은행 지역별 가계대출(말잔),11110A0,주택관련대출-예금은행,T00,경남,,,,,십억원,,202110,20702.9
151Y003,1.2.3.4.2. 예금은행 지역별 가계대출(말잔),11110A0,주택관련대출-예금은행,U00,제주,,,,,십억원,,202110,3617.9
151Y003,1.2.3.4.2. 예금은행 지역별 가계대출(말잔),11110A0,주택관련대출-예금은행,A00,서울,,,,,십억원,,202111,222100.6
151Y003,1.2.3.4.2. 예금은행 지역별 가계대출(말잔),11110A0,주택관련대출-예금은행,B00,부산,,,,,십억원,,202111,47627
151Y003,1.2.3.4.2. 예금은행 지역별 가계대출(말잔),11110A0,주택관련대출-예금은행,C00,대구,,,,,십억원,,202111,28016.2
151Y003,1.2.3.4.2. 예금은행 지역별 가계대출(말잔),11110A0,주택관련대출-예금은행,D00,인천,,,,,십억원,,202111,42283.6
151Y003,1.2.3.4.2. 예금은행 지역별 가계대출(말잔),11110A0,주택관련대출-예금은행,E00,대전,,,,,십억원,,202111,13364.6
151Y003,1.2.3.4.2. 예금은행 지역별 가계대출(말잔),11110A0,주택관련대출-예금은행,F00,광주,,,,,십억원,,202111,14347.7
151Y003,1.2.3.4.2. 예금은행 지역별 가계대출(말잔),11110A0,주택관련대출-예금은행,G00,울산,,,,,십억원,,202111,8732.1
151Y003,1.2.3.4.2. 예금은행 지역별 가계대출(말잔),11110A0,주택관련대출-예금은행,H00,세종,,,,,십억원,,202111,5222.9
151Y003,1.2.3.4.2. 예금은행 지역별 가계대출(말잔),11110A0,주택관련대출-예금은행,L00,경기,,,,,십억원,,202111,176264.9
151Y003,1.2.3.4.2. 예금은행 지역별 가계대출(말잔),11110A0,주택관련대출-예금은행,M00,강원,,,,,십억원,,202111,6140.5
151Y003,1.2.3.4.2. 예금은행 지역별 가계대출(말잔),11110A0,주택관련대출-예금은행,N00,충북,,,,,십억원,,202111,6755
151Y003,1.2.3.4.2. 예금은행 지역별 가계대출(말잔),11110A0,주택관련대출-예금은행,P00,충남,,,,,십억원,,202111,10953
151Y003,1.2.3.4.2. 예금은행 지역별 가계대출(말잔),11110A0,주택관련대출-예금은행,Q00,전북,,,,,십억원,,202111,6662.8
151Y003,1.2.3.4.2. 예금은행 지역별 가계대출(말잔),11110A0,주택관련대출-예금은행,R00,전남,,,,,십억원,,202111,6361
151Y003,1.2.3.4.2. 예금은행 지역별 가계대출(말잔),11110A0,주택관련대출-예금은행,S00,경북,,,,,십억원,,202111,8627.6
151Y003,1.2.3.4.2. 예금은행 지역별 가계대출(말잔),11110A0,주택관련대출-예금은행,T00,경남,,,,,십억원,,202111,20628.2
151Y003,1.2.3.4.2. 예금은행 지역별 가계대출(말잔),11110A0,주택관련대출-예금은행,U00,제주,,,,,십억원,,202111,3639.5
151Y003,1.2.3.4.2. 예금은행 지역별 가계대출(말잔),11110A0,주택관련대출-예금은행,A00,서울,,,,,십억원,,202112,223481.8
151Y003,1.2.3.4.2. 예금은행 지역별 가계대출(말잔),11110A0,주택관련대출-예금은행,B00,부산,,,,,십억원,,202112,47639.6
151Y003,1.2.3.4.2. 예금은행 지역별 가계대출(말잔),11110A0,주택관련대출-예금은행,C00,대구,,,,,십억원,,202112,28069.8
151Y003,1.2.3.4.2. 예금은행 지역별 가계대출(말잔),11110A0,주택관련대출-예금은행,D00,인천,,,,,십억원,,202112,42378.3
151Y003,1.2.3.4.2. 예금은행 지역별 가계대출(말잔),11110A0,주택관련대출-예금은행,E00,대전,,,,,십억원,,202112,13380.7
151Y003,1.2.3.4.2. 예금은행 지역별 가계대출(말잔),11110A0,주택관련대출-예금은행,F00,광주,,,,,십억원,,202112,14511.6
151Y003,1.2.3.4.2. 예금은행 지역별 가계대출(말잔),11110A0,주택관련대출-예금은행,G00,울산,,,,,십억원,,202112,8733.4
151Y003,1.2.3.4.2. 예금은행 지역별 가계대출(말잔),11110A0,주택관련대출-예금은행,H00,세종,,,,,십억원,,202112,5146.8
151Y003,1.2.3.4.2. 예금은행 지역별 가계대출(말잔),11110A0,주택관련대출-예금은행,L00,경기,,,,,십억원,,202112,176317
151Y003,1.2.3.4.2. 예금은행 지역별 가계대출(말잔),11110A0,주택관련대출-예금은행,M00,강원,,,,,십억원,,202112,6182.9
151Y003,1.2.3.4.2. 예금은행 지역별 가계대출(말잔),11110A0,주택관련대출-예금은행,N00,충북,,,,,십억원,,202112,6783.8
151Y003,1.2.3.4.2. 예금은행 지역별 가계대출(말잔),11110A0,주택관련대출-예금은행,P00,충남,,,,,십억원,,202112,11090.6
151Y003,1.2.3.4.2. 예금은행 지역별 가계대출(말잔),11110A0,주택관련대출-예금은행,Q00,전북,,,,,십억원,,202112,6683.6
151Y003,1.2.3.4.2. 예금은행 지역별 가계대출(말잔),11110A0,주택관련대출-예금은행,R00,전남,,,,,십억원,,202112,6294.9
151Y003,1.2.3.4.2. 예금은행 지역별 가계대출(말잔),11110A0,주택관련대출-예금은행,S00,경북,,,,,십억원,,202112,8590.2
151Y003,1.2.3.4.2. 예금은행 지역별 가계대출(말잔),11110A0,주택관련대출-예금은행,T00,경남,,,,,십억원,,202112,20619
151Y003,1.2.3.4.2. 예금은행 지역별 가계대출(말잔),11110A0,주택관련대출-예금은행,U00,제주,,,,,십억원,,202112,3657.9
151Y003,1.2.3.4.2. 예금은행 지역별 가계대출(말잔),11110A0,주택관련대출-예금은행,A00,서울,,,,,십억원,,202201,223468.2
151Y003,1.2.3.4.2. 예금은행 지역별 가계대출(말잔),11110A0,주택관련대출-예금은행,B00,부산,,,,,십억원,,202201,47531.2
151Y003,1.2.3.4.2. 예금은행 지역별 가계대출(말잔),11110A0,주택관련대출-예금은행,C00,대구,,,,,십억원,,202201,28296.9
151Y003,1.2.3.4.2. 예금은행 지역별 가계대출(말잔),11110A0,주택관련대출-예금은행,D00,인천,,,,,십억원,,202201,42320
151Y003,1.2.3.4.2. 예금은행 지역별 가계대출(말잔),11110A0,주택관련대출-예금은행,E00,대전,,,,,십억원,,202201,13562.4
151Y003,1.2.3.4.2. 예금은행 지역별 가계대출(말잔),11110A0,주택관련대출-예금은행,F00,광주,,,,,십억원,,202201,14679.6
151Y003,1.2.3.4.2. 예금은행 지역별 가계대출(말잔),11110A0,주택관련대출-예금은행,G00,울산,,,,,십억원,,202201,8709.6
151Y003,1.2.3.4.2. 예금은행 지역별 가계대출(말잔),11110A0,주택관련대출-예금은행,H00,세종,,,,,십억원,,202201,5208.6
151Y003,1.2.3.4.2. 예금은행 지역별 가계대출(말잔),11110A0,주택관련대출-예금은행,L00,경기,,,,,십억원,,202201,176682.3
151Y003,1.2.3.4.2. 예금은행 지역별 가계대출(말잔),11110A0,주택관련대출-예금은행,M00,강원,,,,,십억원,,202201,6356.9
151Y003,1.2.3.4.2. 예금은행 지역별 가계대출(말잔),11110A0,주택관련대출-예금은행,N00,충북,,,,,십억원,,202201,6864.5
151Y003,1.2.3.4.2. 예금은행 지역별 가계대출(말잔),11110A0,주택관련대출-예금은행,P00,충남,,,,,십억원,,202201,11151.8
151Y003,1.2.3.4.2. 예금은행 지역별 가계대출(말잔),11110A0,주택관련대출-예금은행,Q00,전북,,,,,십억원,,202201,6704.2
151Y003,1.2.3.4.2. 예금은행 지역별 가계대출(말잔),11110A0,주택관련대출-예금은행,R00,전남,,,,,십억원,,202201,6366.3
151Y003,1.2.3.4.2. 예금은행 지역별 가계대출(말잔),11110A0,주택관련대출-예금은행,S00,경북,,,,,십억원,,202201,8587.3
151Y003,1.2.3.4.2. 예금은행 지역별 가계대출(말잔),11110A0,주택관련대출-예금은행,T00,경남,,,,,십억원,,202201,20739.4
151Y003,1.2.3.4.2. 예금은행 지역별 가계대출(말잔),11110A0,주택관련대출-예금은행,U00,제주,,,,,십억원,,202201,3710.2
151Y003,1.2.3.4.2. 예금은행 지역별 가계대출(말잔),11110A0,주택관련대출-예금은행,A00,서울,,,,,십억원,,202202,225938.7
151Y003,1.2.3.4.2. 예금은행 지역별 가계대출(말잔),11110A0,주택관련대출-예금은행,B00,부산,,,,,십억원,,202202,47484.5
151Y003,1.2.3.4.2. 예금은행 지역별 가계대출(말잔),11110A0,주택관련대출-예금은행,C00,대구,,,,,십억원,,202202,28454.1
151Y003,1.2.3.4.2. 예금은행 지역별 가계대출(말잔),11110A0,주택관련대출-예금은행,D00,인천,,,,,십억원,,202202,42181.9
151Y003,1.2.3.4.2. 예금은행 지역별 가계대출(말잔),11110A0,주택관련대출-예금은행,E00,대전,,,,,십억원,,202202,13474.3
151Y003,1.2.3.4.2. 예금은행 지역별 가계대출(말잔),11110A0,주택관련대출-예금은행,F00,광주,,,,,십억원,,202202,14517.5
151Y003,1.2.3.4.2. 예금은행 지역별 가계대출(말잔),11110A0,주택관련대출-예금은행,G00,울산,,,,,십억원,,202202,8674.7
151Y003,1.2.3.4.2. 예금은행 지역별 가계대출(말잔),11110A0,주택관련대출-예금은행,H00,세종,,,,,십억원,,202202,5170.6
151Y003,1.2.3.4.2. 예금은행 지역별 가계대출(말잔),11110A0,주택관련대출-예금은행,L00,경기,,,,,십억원,,202202,175167.6
151Y003,1.2.3.4.2. 예금은행 지역별 가계대출(말잔),11110A0,주택관련대출-예금은행,M00,강원,,,,,십억원,,202202,6359
151Y003,1.2.3.4.2. 예금은행 지역별 가계대출(말잔),11110A0,주택관련대출-예금은행,N00,충북,,,,,십억원,,202202,6837.9
151Y003,1.2.3.4.2. 예금은행 지역별 가계대출(말잔),11110A0,주택관련대출-예금은행,P00,충남,,,,,십억원,,202202,11148.3
151Y003,1.2.3.4.2. 예금은행 지역별 가계대출(말잔),11110A0,주택관련대출-예금은행,Q00,전북,,,,,십억원,,202202,6700.6
151Y003,1.2.3.4.2. 예금은행 지역별 가계대출(말잔),11110A0,주택관련대출-예금은행,R00,전남,,,,,십억원,,202202,6310.9
151Y003,1.2.3.4.2. 예금은행 지역별 가계대출(말잔),11110A0,주택관련대출-예금은행,S00,경북,,,,,십억원,,202202,8655.6
151Y003,1.2.3.4.2. 예금은행 지역별 가계대출(말잔),11110A0,주택관련대출-예금은행,T00,경남,,,,,십억원,,202202,20817.1
151Y003,1.2.3.4.2. 예금은행 지역별 가계대출(말잔),11110A0,주택관련대출-예금은행,U00,제주,,,,,십억원,,202202,3695.5
151Y003,1.2.3.4.2. 예금은행 지역별 가계대출(말잔),11110A0,주택관련대출-예금은행,A00,서울,,,,,십억원,,202203,226502.9
151Y003,1.2.3.4.2. 예금은행 지역별 가계대출(말잔),11110A0,주택관련대출-예금은행,B00,부산,,,,,십억원,,202203,47432.6
151Y003,1.2.3.4.2. 예금은행 지역별 가계대출(말잔),11110A0,주택관련대출-예금은행,C00,대구,,,,,십억원,,202203,28535.4
151Y003,1.2.3.4.2. 예금은행 지역별 가계대출(말잔),11110A0,주택관련대출-예금은행,D00,인천,,,,,십억원,,202203,42102.4
151Y003,1.2.3.4.2. 예금은행 지역별 가계대출(말잔),11110A0,주택관련대출-예금은행,E00,대전,,,,,십억원,,202203,13474.2
151Y003,1.2.3.4.2. 예금은행 지역별 가계대출(말잔),11110A0,주택관련대출-예금은행,F00,광주,,,,,십억원,,202203,14558.7
151Y003,1.2.3.4.2. 예금은행 지역별 가계대출(말잔),11110A0,주택관련대출-예금은행,G00,울산,,,,,십억원,,202203,8814.1
151Y003,1.2.3.4.2. 예금은행 지역별 가계대출(말잔),11110A0,주택관련대출-예금은행,H00,세종,,,,,십억원,,202203,5156.8
151Y003,1.2.3.4.2. 예금은행 지역별 가계대출(말잔),11110A0,주택관련대출-예금은행,L00,경기,,,,,십억원,,202203,175006
151Y003,1.2.3.4.2. 예금은행 지역별 가계대출(말잔),11110A0,주택관련대출-예금은행,M00,강원,,,,,십억원,,202203,6393.6
151Y003,1.2.3.4.2. 예금은행 지역별 가계대출(말잔),11110A0,주택관련대출-예금은행,N00,충북,,,,,십억원,,202203,6865.9
151Y003,1.2.3.4.2. 예금은행 지역별 가계대출(말잔),11110A0,주택관련대출-예금은행,P00,충남,,,,,십억원,,202203,11129.8
151Y003,1.2.3.4.2. 예금은행 지역별 가계대출(말잔),11110A0,주택관련대출-예금은행,Q00,전북,,,,,십억원,,202203,6643.7
151Y003,1.2.3.4.2. 예금은행 지역별 가계대출(말잔),11110A0,주택관련대출-예금은행,R00,전남,,,,,십억원,,202203,6267.6
151Y003,1.2.3.4.2. 예금은행 지역별 가계대출(말잔),11110A0,주택관련대출-예금은행,S00,경북,,,,,십억원,,202203,8653.1
151Y003,1.2.3.4.2. 예금은행 지역별 가계대출(말잔),11110A0,주택관련대출-예금은행,T00,경남,,,,,십억원,,202203,20918.6
151Y003,1.2.3.4.2. 예금은행 지역별 가계대출(말잔),11110A0,주택관련대출-예금은행,U00,제주,,,,,십억원,,202203,3714.6
151Y003,1.2.3.4.2. 예금은행 지역별 가계대출(말잔),11110A0,주택관련대출-예금은행,A00,서울,,,,,십억원,,202204,227492.2
151Y003,1.2.3.4.2. 예금은행 지역별 가계대출(말잔),11110A0,주택관련대출-예금은행,B00,부산,,,,,십억원,,202204,47613.1
151Y003,1.2.3.4.2. 예금은행 지역별 가계대출(말잔),11110A0,주택관련대출-예금은행,C00,대구,,,,,십억원,,202204,28569.1
151Y003,1.2.3.4.2. 예금은행 지역별 가계대출(말잔),11110A0,주택관련대출-예금은행,D00,인천,,,,,십억원,,202204,42263.5
151Y003,1.2.3.4.2. 예금은행 지역별 가계대출(말잔),11110A0,주택관련대출-예금은행,E00,대전,,,,,십억원,,202204,13225.7
151Y003,1.2.3.4.2. 예금은행 지역별 가계대출(말잔),11110A0,주택관련대출-예금은행,F00,광주,,,,,십억원,,202204,14476.5
151Y003,1.2.3.4.2. 예금은행 지역별 가계대출(말잔),11110A0,주택관련대출-예금은행,G00,울산,,,,,십억원,,202204,8772.5
151Y003,1.2.3.4.2. 예금은행 지역별 가계대출(말잔),11110A0,주택관련대출-예금은행,H00,세종,,,,,십억원,,202204,5195.6
151Y003,1.2.3.4.2. 예금은행 지역별 가계대출(말잔),11110A0,주택관련대출-예금은행,L00,경기,,,,,십억원,,202204,175112.3
151Y003,1.2.3.4.2. 예금은행 지역별 가계대출(말잔),11110A0,주택관련대출-예금은행,M00,강원,,,,,십억원,,202204,6424.7
151Y003,1.2.3.4.2. 예금은행 지역별 가계대출(말잔),11110A0,주택관련대출-예금은행,N00,충북,,,,,십억원,,202204,6837.3
151Y003,1.2.3.4.2. 예금은행 지역별 가계대출(말잔),11110A0,주택관련대출-예금은행,P00,충남,,,,,십억원,,202204,11211.7
151Y003,1.2.3.4.2. 예금은행 지역별 가계대출(말잔),11110A0,주택관련대출-예금은행,Q00,전북,,,,,십억원,,202204,6638.4
151Y003,1.2.3.4.2. 예금은행 지역별 가계대출(말잔),11110A0,주택관련대출-예금은행,R00,전남,,,,,십억원,,202204,6199.6
151Y003,1.2.3.4.2. 예금은행 지역별 가계대출(말잔),11110A0,주택관련대출-예금은행,S00,경북,,,,,십억원,,202204,8627.2
151Y003,1.2.3.4.2. 예금은행 지역별 가계대출(말잔),11110A0,주택관련대출-예금은행,T00,경남,,,,,십억원,,202204,21152.5
151Y003,1.2.3.4.2. 예금은행 지역별 가계대출(말잔),11110A0,주택관련대출-예금은행,U00,제주,,,,,십억원,,202204,3711.9
151Y003,1.2.3.4.2. 예금은행 지역별 가계대출(말잔),11110A0,주택관련대출-예금은행,A00,서울,,,,,십억원,,202205,227670.1
151Y003,1.2.3.4.2. 예금은행 지역별 가계대출(말잔),11110A0,주택관련대출-예금은행,B00,부산,,,,,십억원,,202205,47517.1
151Y003,1.2.3.4.2. 예금은행 지역별 가계대출(말잔),11110A0,주택관련대출-예금은행,C00,대구,,,,,십억원,,202205,28642.1
151Y003,1.2.3.4.2. 예금은행 지역별 가계대출(말잔),11110A0,주택관련대출-예금은행,D00,인천,,,,,십억원,,202205,42395.4
151Y003,1.2.3.4.2. 예금은행 지역별 가계대출(말잔),11110A0,주택관련대출-예금은행,E00,대전,,,,,십억원,,202205,13194
151Y003,1.2.3.4.2. 예금은행 지역별 가계대출(말잔),11110A0,주택관련대출-예금은행,F00,광주,,,,,십억원,,202205,14415.5
151Y003,1.2.3.4.2. 예금은행 지역별 가계대출(말잔),11110A0,주택관련대출-예금은행,G00,울산,,,,,십억원,,202205,8767.5
151Y003,1.2.3.4.2. 예금은행 지역별 가계대출(말잔),11110A0,주택관련대출-예금은행,H00,세종,,,,,십억원,,202205,5261.3
151Y003,1.2.3.4.2. 예금은행 지역별 가계대출(말잔),11110A0,주택관련대출-예금은행,L00,경기,,,,,십억원,,202205,174826.7
151Y003,1.2.3.4.2. 예금은행 지역별 가계대출(말잔),11110A0,주택관련대출-예금은행,M00,강원,,,,,십억원,,202205,6410.3
151Y003,1.2.3.4.2. 예금은행 지역별 가계대출(말잔),11110A0,주택관련대출-예금은행,N00,충북,,,,,십억원,,202205,6729.9
151Y003,1.2.3.4.2. 예금은행 지역별 가계대출(말잔),11110A0,주택관련대출-예금은행,P00,충남,,,,,십억원,,202205,11302.6
151Y003,1.2.3.4.2. 예금은행 지역별 가계대출(말잔),11110A0,주택관련대출-예금은행,Q00,전북,,,,,십억원,,202205,6688.1
151Y003,1.2.3.4.2. 예금은행 지역별 가계대출(말잔),11110A0,주택관련대출-예금은행,R00,전남,,,,,십억원,,202205,6164.2
151Y003,1.2.3.4.2. 예금은행 지역별 가계대출(말잔),11110A0,주택관련대출-예금은행,S00,경북,,,,,십억원,,202205,8690.9
151Y003,1.2.3.4.2. 예금은행 지역별 가계대출(말잔),11110A0,주택관련대출-예금은행,T00,경남,,,,,십억원,,202205,21155.9
151Y003,1.2.3.4.2. 예금은행 지역별 가계대출(말잔),11110A0,주택관련대출-예금은행,U00,제주,,,,,십억원,,202205,3720.6
151Y003,1.2.3.4.2. 예금은행 지역별 가계대출(말잔),11110A0,주택관련대출-예금은행,A00,서울,,,,,십억원,,202206,228272.2
151Y003,1.2.3.4.2. 예금은행 지역별 가계대출(말잔),11110A0,주택관련대출-예금은행,B00,부산,,,,,십억원,,202206,47872.5
151Y003,1.2.3.4.2. 예금은행 지역별 가계대출(말잔),11110A0,주택관련대출-예금은행,C00,대구,,,,,십억원,,202206,28622.9
151Y003,1.2.3.4.2. 예금은행 지역별 가계대출(말잔),11110A0,주택관련대출-예금은행,D00,인천,,,,,십억원,,202206,42555.8
151Y003,1.2.3.4.2. 예금은행 지역별 가계대출(말잔),11110A0,주택관련대출-예금은행,E00,대전,,,,,십억원,,202206,13066.2
151Y003,1.2.3.4.2. 예금은행 지역별 가계대출(말잔),11110A0,주택관련대출-예금은행,F00,광주,,,,,십억원,,202206,14336.2
151Y003,1.2.3.4.2. 예금은행 지역별 가계대출(말잔),11110A0,주택관련대출-예금은행,G00,울산,,,,,십억원,,202206,8729.3
151Y003,1.2.3.4.2. 예금은행 지역별 가계대출(말잔),11110A0,주택관련대출-예금은행,H00,세종,,,,,십억원,,202206,5207.9
151Y003,1.2.3.4.2. 예금은행 지역별 가계대출(말잔),11110A0,주택관련대출-예금은행,L00,경기,,,,,십억원,,202206,175037.6
151Y003,1.2.3.4.2. 예금은행 지역별 가계대출(말잔),11110A0,주택관련대출-예금은행,M00,강원,,,,,십억원,,202206,6413
151Y003,1.2.3.4.2. 예금은행 지역별 가계대출(말잔),11110A0,주택관련대출-예금은행,N00,충북,,,,,십억원,,202206,6623.6
151Y003,1.2.3.4.2. 예금은행 지역별 가계대출(말잔),11110A0,주택관련대출-예금은행,P00,충남,,,,,십억원,,202206,11380.4
151Y003,1.2.3.4.2. 예금은행 지역별 가계대출(말잔),11110A0,주택관련대출-예금은행,Q00,전북,,,,,십억원,,202206,6687.9
151Y003,1.2.3.4.2. 예금은행 지역별 가계대출(말잔),11110A0,주택관련대출-예금은행,R00,전남,,,,,십억원,,202206,6173.5
151Y003,1.2.3.4.2. 예금은행 지역별 가계대출(말잔),11110A0,주택관련대출-예금은행,S00,경북,,,,,십억원,,202206,8734
151Y003,1.2.3.4.2. 예금은행 지역별 가계대출(말잔),11110A0,주택관련대출-예금은행,T00,경남,,,,,십억원,,202206,21015.6
151Y003,1.2.3.4.2. 예금은행 지역별 가계대출(말잔),11110A0,주택관련대출-예금은행,U00,제주,,,,,십억원,,202206,3718.9
151Y003,1.2.3.4.2. 예금은행 지역별 가계대출(말잔),11110A0,주택관련대출-예금은행,A00,서울,,,,,십억원,,202207,228416.8
151Y003,1.2.3.4.2. 예금은행 지역별 가계대출(말잔),11110A0,주택관련대출-예금은행,B00,부산,,,,,십억원,,202207,47918.3
151Y003,1.2.3.4.2. 예금은행 지역별 가계대출(말잔),11110A0,주택관련대출-예금은행,C00,대구,,,,,십억원,,202207,28881.5
151Y003,1.2.3.4.2. 예금은행 지역별 가계대출(말잔),11110A0,주택관련대출-예금은행,D00,인천,,,,,십억원,,202207,42796.4
151Y003,1.2.3.4.2. 예금은행 지역별 가계대출(말잔),11110A0,주택관련대출-예금은행,E00,대전,,,,,십억원,,202207,13081.5
151Y003,1.2.3.4.2. 예금은행 지역별 가계대출(말잔),11110A0,주택관련대출-예금은행,F00,광주,,,,,십억원,,202207,14217.9
151Y003,1.2.3.4.2. 예금은행 지역별 가계대출(말잔),11110A0,주택관련대출-예금은행,G00,울산,,,,,십억원,,202207,8768
151Y003,1.2.3.4.2. 예금은행 지역별 가계대출(말잔),11110A0,주택관련대출-예금은행,H00,세종,,,,,십억원,,202207,5218.5
151Y003,1.2.3.4.2. 예금은행 지역별 가계대출(말잔),11110A0,주택관련대출-예금은행,L00,경기,,,,,십억원,,202207,175075.9
151Y003,1.2.3.4.2. 예금은행 지역별 가계대출(말잔),11110A0,주택관련대출-예금은행,M00,강원,,,,,십억원,,202207,6404
151Y003,1.2.3.4.2. 예금은행 지역별 가계대출(말잔),11110A0,주택관련대출-예금은행,N00,충북,,,,,십억원,,202207,6664.8
151Y003,1.2.3.4.2. 예금은행 지역별 가계대출(말잔),11110A0,주택관련대출-예금은행,P00,충남,,,,,십억원,,202207,11324.3
151Y003,1.2.3.4.2. 예금은행 지역별 가계대출(말잔),11110A0,주택관련대출-예금은행,Q00,전북,,,,,십억원,,202207,6678
151Y003,1.2.3.4.2. 예금은행 지역별 가계대출(말잔),11110A0,주택관련대출-예금은행,R00,전남,,,,,십억원,,202207,6229.6
151Y003,1.2.3.4.2. 예금은행 지역별 가계대출(말잔),11110A0,주택관련대출-예금은행,S00,경북,,,,,십억원,,202207,8757.3
151Y003,1.2.3.4.2. 예금은행 지역별 가계대출(말잔),11110A0,주택관련대출-예금은행,T00,경남,,,,,십억원,,202207,21082.6
151Y003,1.2.3.4.2. 예금은행 지역별 가계대출(말잔),11110A0,주택관련대출-예금은행,U00,제주,,,,,십억원,,202207,3715.6
151Y003,1.2.3.4.2. 예금은행 지역별 가계대출(말잔),11110A0,주택관련대출-예금은행,A00,서울,,,,,십억원,,202208,228557
151Y003,1.2.3.4.2. 예금은행 지역별 가계대출(말잔),11110A0,주택관련대출-예금은행,B00,부산,,,,,십억원,,202208,48002.4
151Y003,1.2.3.4.2. 예금은행 지역별 가계대출(말잔),11110A0,주택관련대출-예금은행,C00,대구,,,,,십억원,,202208,29125.2
151Y003,1.2.3.4.2. 예금은행 지역별 가계대출(말잔),11110A0,주택관련대출-예금은행,D00,인천,,,,,십억원,,202208,43077.1
151Y003,1.2.3.4.2. 예금은행 지역별 가계대출(말잔),11110A0,주택관련대출-예금은행,E00,대전,,,,,십억원,,202208,13011.1
151Y003,1.2.3.4.2. 예금은행 지역별 가계대출(말잔),11110A0,주택관련대출-예금은행,F00,광주,,,,,십억원,,202208,14080.3
151Y003,1.2.3.4.2. 예금은행 지역별 가계대출(말잔),11110A0,주택관련대출-예금은행,G00,울산,,,,,십억원,,202208,8741.2
151Y003,1.2.3.4.2. 예금은행 지역별 가계대출(말잔),11110A0,주택관련대출-예금은행,H00,세종,,,,,십억원,,202208,5195.7
151Y003,1.2.3.4.2. 예금은행 지역별 가계대출(말잔),11110A0,주택관련대출-예금은행,L00,경기,,,,,십억원,,202208,175164.9
151Y003,1.2.3.4.2. 예금은행 지역별 가계대출(말잔),11110A0,주택관련대출-예금은행,M00,강원,,,,,십억원,,202208,6478.2
151Y003,1.2.3.4.2. 예금은행 지역별 가계대출(말잔),11110A0,주택관련대출-예금은행,N00,충북,,,,,십억원,,202208,6665.4
151Y003,1.2.3.4.2. 예금은행 지역별 가계대출(말잔),11110A0,주택관련대출-예금은행,P00,충남,,,,,십억원,,202208,11539.4
151Y003,1.2.3.4.2. 예금은행 지역별 가계대출(말잔),11110A0,주택관련대출-예금은행,Q00,전북,,,,,십억원,,202208,6676.2
151Y003,1.2.3.4.2. 예금은행 지역별 가계대출(말잔),11110A0,주택관련대출-예금은행,R00,전남,,,,,십억원,,202208,6182.6
151Y003,1.2.3.4.2. 예금은행 지역별 가계대출(말잔),11110A0,주택관련대출-예금은행,S00,경북,,,,,십억원,,202208,8781.6
151Y003,1.2.3.4.2. 예금은행 지역별 가계대출(말잔),11110A0,주택관련대출-예금은행,T00,경남,,,,,십억원,,202208,21320.8
151Y003,1.2.3.4.2. 예금은행 지역별 가계대출(말잔),11110A0,주택관련대출-예금은행,U00,제주,,,,,십억원,,202208,3730.6
151Y003,1.2.3.4.2. 예금은행 지역별 가계대출(말잔),11110A0,주택관련대출-예금은행,A00,서울,,,,,십억원,,202209,228770.2
151Y003,1.2.3.4.2. 예금은행 지역별 가계대출(말잔),11110A0,주택관련대출-예금은행,B00,부산,,,,,십억원,,202209,48007.9
151Y003,1.2.3.4.2. 예금은행 지역별 가계대출(말잔),11110A0,주택관련대출-예금은행,C00,대구,,,,,십억원,,202209,29289.5
151Y003,1.2.3.4.2. 예금은행 지역별 가계대출(말잔),11110A0,주택관련대출-예금은행,D00,인천,,,,,십억원,,202209,43422.6
151Y003,1.2.3.4.2. 예금은행 지역별 가계대출(말잔),11110A0,주택관련대출-예금은행,E00,대전,,,,,십억원,,202209,13057.9
151Y003,1.2.3.4.2. 예금은행 지역별 가계대출(말잔),11110A0,주택관련대출-예금은행,F00,광주,,,,,십억원,,202209,14026.7
151Y003,1.2.3.4.2. 예금은행 지역별 가계대출(말잔),11110A0,주택관련대출-예금은행,G00,울산,,,,,십억원,,202209,8706
151Y003,1.2.3.4.2. 예금은행 지역별 가계대출(말잔),11110A0,주택관련대출-예금은행,H00,세종,,,,,십억원,,202209,5211.4
151Y003,1.2.3.4.2. 예금은행 지역별 가계대출(말잔),11110A0,주택관련대출-예금은행,L00,경기,,,,,십억원,,202209,175507
151Y003,1.2.3.4.2. 예금은행 지역별 가계대출(말잔),11110A0,주택관련대출-예금은행,M00,강원,,,,,십억원,,202209,6488.3
151Y003,1.2.3.4.2. 예금은행 지역별 가계대출(말잔),11110A0,주택관련대출-예금은행,N00,충북,,,,,십억원,,202209,6671.4
151Y003,1.2.3.4.2. 예금은행 지역별 가계대출(말잔),11110A0,주택관련대출-예금은행,P00,충남,,,,,십억원,,202209,11541.1
151Y003,1.2.3.4.2. 예금은행 지역별 가계대출(말잔),11110A0,주택관련대출-예금은행,Q00,전북,,,,,십억원,,202209,6660.2
151Y003,1.2.3.4.2. 예금은행 지역별 가계대출(말잔),11110A0,주택관련대출-예금은행,R00,전남,,,,,십억원,,202209,6200
151Y003,1.2.3.4.2. 예금은행 지역별 가계대출(말잔),11110A0,주택관련대출-예금은행,S00,경북,,,,,십억원,,202209,8801.2
151Y003,1.2.3.4.2. 예금은행 지역별 가계대출(말잔),11110A0,주택관련대출-예금은행,T00,경남,,,,,십억원,,202209,21437.2
151Y003,1.2.3.4.2. 예금은행 지역별 가계대출(말잔),11110A0,주택관련대출-예금은행,U00,제주,,,,,십억원,,202209,3807.2
151Y003,1.2.3.4.2. 예금은행 지역별 가계대출(말잔),11110A0,주택관련대출-예금은행,A00,서울,,,,,십억원,,202210,228659.4
151Y003,1.2.3.4.2. 예금은행 지역별 가계대출(말잔),11110A0,주택관련대출-예금은행,B00,부산,,,,,십억원,,202210,48133.4
151Y003,1.2.3.4.2. 예금은행 지역별 가계대출(말잔),11110A0,주택관련대출-예금은행,C00,대구,,,,,십억원,,202210,29517
151Y003,1.2.3.4.2. 예금은행 지역별 가계대출(말잔),11110A0,주택관련대출-예금은행,D00,인천,,,,,십억원,,202210,43741.5
151Y003,1.2.3.4.2. 예금은행 지역별 가계대출(말잔),11110A0,주택관련대출-예금은행,E00,대전,,,,,십억원,,202210,13122.9
151Y003,1.2.3.4.2. 예금은행 지역별 가계대출(말잔),11110A0,주택관련대출-예금은행,F00,광주,,,,,십억원,,202210,14090.3
151Y003,1.2.3.4.2. 예금은행 지역별 가계대출(말잔),11110A0,주택관련대출-예금은행,G00,울산,,,,,십억원,,202210,8695.1
151Y003,1.2.3.4.2. 예금은행 지역별 가계대출(말잔),11110A0,주택관련대출-예금은행,H00,세종,,,,,십억원,,202210,5236.7
151Y003,1.2.3.4.2. 예금은행 지역별 가계대출(말잔),11110A0,주택관련대출-예금은행,L00,경기,,,,,십억원,,202210,175604.5
151Y003,1.2.3.4.2. 예금은행 지역별 가계대출(말잔),11110A0,주택관련대출-예금은행,M00,강원,,,,,십억원,,202210,6541.3
151Y003,1.2.3.4.2. 예금은행 지역별 가계대출(말잔),11110A0,주택관련대출-예금은행,N00,충북,,,,,십억원,,202210,6765.1
151Y003,1.2.3.4.2. 예금은행 지역별 가계대출(말잔),11110A0,주택관련대출-예금은행,P00,충남,,,,,십억원,,202210,11587.8
151Y003,1.2.3.4.2. 예금은행 지역별 가계대출(말잔),11110A0,주택관련대출-예금은행,Q00,전북,,,,,십억원,,202210,6756.2
151Y003,1.2.3.4.2. 예금은행 지역별 가계대출(말잔),11110A0,주택관련대출-예금은행,R00,전남,,,,,십억원,,202210,6240.1
151Y003,1.2.3.4.2. 예금은행 지역별 가계대출(말잔),11110A0,주택관련대출-예금은행,S00,경북,,,,,십억원,,202210,8911.5
151Y003,1.2.3.4.2. 예금은행 지역별 가계대출(말잔),11110A0,주택관련대출-예금은행,T00,경남,,,,,십억원,,202210,21871.6
151Y003,1.2.3.4.2. 예금은행 지역별 가계대출(말잔),11110A0,주택관련대출-예금은행,U00,제주,,,,,십억원,,202210,3811.6
151Y003,1.2.3.4.2. 예금은행 지역별 가계대출(말잔),11110A0,주택관련대출-예금은행,A00,서울,,,,,십억원,,202211,228344.6
151Y003,1.2.3.4.2. 예금은행 지역별 가계대출(말잔),11110A0,주택관련대출-예금은행,B00,부산,,,,,십억원,,202211,48455.6
151Y003,1.2.3.4.2. 예금은행 지역별 가계대출(말잔),11110A0,주택관련대출-예금은행,C00,대구,,,,,십억원,,202211,29725.1
151Y003,1.2.3.4.2. 예금은행 지역별 가계대출(말잔),11110A0,주택관련대출-예금은행,D00,인천,,,,,십억원,,202211,43799.3
151Y003,1.2.3.4.2. 예금은행 지역별 가계대출(말잔),11110A0,주택관련대출-예금은행,E00,대전,,,,,십억원,,202211,13187.9
151Y003,1.2.3.4.2. 예금은행 지역별 가계대출(말잔),11110A0,주택관련대출-예금은행,F00,광주,,,,,십억원,,202211,14093.3
151Y003,1.2.3.4.2. 예금은행 지역별 가계대출(말잔),11110A0,주택관련대출-예금은행,G00,울산,,,,,십억원,,202211,8828.9
151Y003,1.2.3.4.2. 예금은행 지역별 가계대출(말잔),11110A0,주택관련대출-예금은행,H00,세종,,,,,십억원,,202211,5326.5
151Y003,1.2.3.4.2. 예금은행 지역별 가계대출(말잔),11110A0,주택관련대출-예금은행,L00,경기,,,,,십억원,,202211,176004.4
151Y003,1.2.3.4.2. 예금은행 지역별 가계대출(말잔),11110A0,주택관련대출-예금은행,M00,강원,,,,,십억원,,202211,6624.2
151Y003,1.2.3.4.2. 예금은행 지역별 가계대출(말잔),11110A0,주택관련대출-예금은행,N00,충북,,,,,십억원,,202211,6888.3
151Y003,1.2.3.4.2. 예금은행 지역별 가계대출(말잔),11110A0,주택관련대출-예금은행,P00,충남,,,,,십억원,,202211,11663.9
151Y003,1.2.3.4.2. 예금은행 지역별 가계대출(말잔),11110A0,주택관련대출-예금은행,Q00,전북,,,,,십억원,,202211,6765.3
151Y003,1.2.3.4.2. 예금은행 지역별 가계대출(말잔),11110A0,주택관련대출-예금은행,R00,전남,,,,,십억원,,202211,6246.9
151Y003,1.2.3.4.2. 예금은행 지역별 가계대출(말잔),11110A0,주택관련대출-예금은행,S00,경북,,,,,십억원,,202211,8990.2
151Y003,1.2.3.4.2. 예금은행 지역별 가계대출(말잔),11110A0,주택관련대출-예금은행,T00,경남,,,,,십억원,,202211,22035.6
151Y003,1.2.3.4.2. 예금은행 지역별 가계대출(말잔),11110A0,주택관련대출-예금은행,U00,제주,,,,,십억원,,202211,3817
151Y003,1.2.3.4.2. 예금은행 지역별 가계대출(말잔),11110A0,주택관련대출-예금은행,A00,서울,,,,,십억원,,202212,228104.3
151Y003,1.2.3.4.2. 예금은행 지역별 가계대출(말잔),11110A0,주택관련대출-예금은행,B00,부산,,,,,십억원,,202212,48559.5
151Y003,1.2.3.4.2. 예금은행 지역별 가계대출(말잔),11110A0,주택관련대출-예금은행,C00,대구,,,,,십억원,,202212,30169
151Y003,1.2.3.4.2. 예금은행 지역별 가계대출(말잔),11110A0,주택관련대출-예금은행,D00,인천,,,,,십억원,,202212,44104.5
151Y003,1.2.3.4.2. 예금은행 지역별 가계대출(말잔),11110A0,주택관련대출-예금은행,E00,대전,,,,,십억원,,202212,13265
151Y003,1.2.3.4.2. 예금은행 지역별 가계대출(말잔),11110A0,주택관련대출-예금은행,F00,광주,,,,,십억원,,202212,14049.1
151Y003,1.2.3.4.2. 예금은행 지역별 가계대출(말잔),11110A0,주택관련대출-예금은행,G00,울산,,,,,십억원,,202212,8911.5
151Y003,1.2.3.4.2. 예금은행 지역별 가계대출(말잔),11110A0,주택관련대출-예금은행,H00,세종,,,,,십억원,,202212,5336.4
151Y003,1.2.3.4.2. 예금은행 지역별 가계대출(말잔),11110A0,주택관련대출-예금은행,L00,경기,,,,,십억원,,202212,177453.1
151Y003,1.2.3.4.2. 예금은행 지역별 가계대출(말잔),11110A0,주택관련대출-예금은행,M00,강원,,,,,십억원,,202212,6727.2
151Y003,1.2.3.4.2. 예금은행 지역별 가계대출(말잔),11110A0,주택관련대출-예금은행,N00,충북,,,,,십억원,,202212,7017.6
151Y003,1.2.3.4.2. 예금은행 지역별 가계대출(말잔),11110A0,주택관련대출-예금은행,P00,충남,,,,,십억원,,202212,11974.7
151Y003,1.2.3.4.2. 예금은행 지역별 가계대출(말잔),11110A0,주택관련대출-예금은행,Q00,전북,,,,,십억원,,202212,6846.4
151Y003,1.2.3.4.2. 예금은행 지역별 가계대출(말잔),11110A0,주택관련대출-예금은행,R00,전남,,,,,십억원,,202212,6296.4
151Y003,1.2.3.4.2. 예금은행 지역별 가계대출(말잔),11110A0,주택관련대출-예금은행,S00,경북,,,,,십억원,,202212,9181.6
151Y003,1.2.3.4.2. 예금은행 지역별 가계대출(말잔),11110A0,주택관련대출-예금은행,T00,경남,,,,,십억원,,202212,22262.8
151Y003,1.2.3.4.2. 예금은행 지역별 가계대출(말잔),11110A0,주택관련대출-예금은행,U00,제주,,,,,십억원,,202212,3873.2
151Y003,1.2.3.4.2. 예금은행 지역별 가계대출(말잔),11110A0,주택관련대출-예금은행,A00,서울,,,,,십억원,,202301,226852
151Y003,1.2.3.4.2. 예금은행 지역별 가계대출(말잔),11110A0,주택관련대출-예금은행,B00,부산,,,,,십억원,,202301,48653.9
151Y003,1.2.3.4.2. 예금은행 지역별 가계대출(말잔),11110A0,주택관련대출-예금은행,C00,대구,,,,,십억원,,202301,30326.6
151Y003,1.2.3.4.2. 예금은행 지역별 가계대출(말잔),11110A0,주택관련대출-예금은행,D00,인천,,,,,십억원,,202301,44288.8
151Y003,1.2.3.4.2. 예금은행 지역별 가계대출(말잔),11110A0,주택관련대출-예금은행,E00,대전,,,,,십억원,,202301,13264.9
151Y003,1.2.3.4.2. 예금은행 지역별 가계대출(말잔),11110A0,주택관련대출-예금은행,F00,광주,,,,,십억원,,202301,14079.5
151Y003,1.2.3.4.2. 예금은행 지역별 가계대출(말잔),11110A0,주택관련대출-예금은행,G00,울산,,,,,십억원,,202301,8939.2
151Y003,1.2.3.4.2. 예금은행 지역별 가계대출(말잔),11110A0,주택관련대출-예금은행,H00,세종,,,,,십억원,,202301,5314.9
151Y003,1.2.3.4.2. 예금은행 지역별 가계대출(말잔),11110A0,주택관련대출-예금은행,L00,경기,,,,,십억원,,202301,178076.5
151Y003,1.2.3.4.2. 예금은행 지역별 가계대출(말잔),11110A0,주택관련대출-예금은행,M00,강원,,,,,십억원,,202301,6826.8
151Y003,1.2.3.4.2. 예금은행 지역별 가계대출(말잔),11110A0,주택관련대출-예금은행,N00,충북,,,,,십억원,,202301,7052.5
151Y003,1.2.3.4.2. 예금은행 지역별 가계대출(말잔),11110A0,주택관련대출-예금은행,P00,충남,,,,,십억원,,202301,12051.7
151Y003,1.2.3.4.2. 예금은행 지역별 가계대출(말잔),11110A0,주택관련대출-예금은행,Q00,전북,,,,,십억원,,202301,6848.2
151Y003,1.2.3.4.2. 예금은행 지역별 가계대출(말잔),11110A0,주택관련대출-예금은행,R00,전남,,,,,십억원,,202301,6289.1
151Y003,1.2.3.4.2. 예금은행 지역별 가계대출(말잔),11110A0,주택관련대출-예금은행,S00,경북,,,,,십억원,,202301,9301.2
151Y003,1.2.3.4.2. 예금은행 지역별 가계대출(말잔),11110A0,주택관련대출-예금은행,T00,경남,,,,,십억원,,202301,22337.8
151Y003,1.2.3.4.2. 예금은행 지역별 가계대출(말잔),11110A0,주택관련대출-예금은행,U00,제주,,,,,십억원,,202301,3873.1
151Y003,1.2.3.4.2. 예금은행 지역별 가계대출(말잔),11110A0,주택관련대출-예금은행,A00,서울,,,,,십억원,,202302,226105
151Y003,1.2.3.4.2. 예금은행 지역별 가계대출(말잔),11110A0,주택관련대출-예금은행,B00,부산,,,,,십억원,,202302,48853.1
151Y003,1.2.3.4.2. 예금은행 지역별 가계대출(말잔),11110A0,주택관련대출-예금은행,C00,대구,,,,,십억원,,202302,30489.2
151Y003,1.2.3.4.2. 예금은행 지역별 가계대출(말잔),11110A0,주택관련대출-예금은행,D00,인천,,,,,십억원,,202302,44124.5
151Y003,1.2.3.4.2. 예금은행 지역별 가계대출(말잔),11110A0,주택관련대출-예금은행,E00,대전,,,,,십억원,,202302,13341.5
151Y003,1.2.3.4.2. 예금은행 지역별 가계대출(말잔),11110A0,주택관련대출-예금은행,F00,광주,,,,,십억원,,202302,13816.7
151Y003,1.2.3.4.2. 예금은행 지역별 가계대출(말잔),11110A0,주택관련대출-예금은행,G00,울산,,,,,십억원,,202302,8942.3
151Y003,1.2.3.4.2. 예금은행 지역별 가계대출(말잔),11110A0,주택관련대출-예금은행,H00,세종,,,,,십억원,,202302,5308.4
151Y003,1.2.3.4.2. 예금은행 지역별 가계대출(말잔),11110A0,주택관련대출-예금은행,L00,경기,,,,,십억원,,202302,178638.8
151Y003,1.2.3.4.2. 예금은행 지역별 가계대출(말잔),11110A0,주택관련대출-예금은행,M00,강원,,,,,십억원,,202302,6774.7
151Y003,1.2.3.4.2. 예금은행 지역별 가계대출(말잔),11110A0,주택관련대출-예금은행,N00,충북,,,,,십억원,,202302,7028.3
151Y003,1.2.3.4.2. 예금은행 지역별 가계대출(말잔),11110A0,주택관련대출-예금은행,P00,충남,,,,,십억원,,202302,12064.4
151Y003,1.2.3.4.2. 예금은행 지역별 가계대출(말잔),11110A0,주택관련대출-예금은행,Q00,전북,,,,,십억원,,202302,6804.9
151Y003,1.2.3.4.2. 예금은행 지역별 가계대출(말잔),11110A0,주택관련대출-예금은행,R00,전남,,,,,십억원,,202302,6267.2
151Y003,1.2.3.4.2. 예금은행 지역별 가계대출(말잔),11110A0,주택관련대출-예금은행,S00,경북,,,,,십억원,,202302,9161.2
151Y003,1.2.3.4.2. 예금은행 지역별 가계대출(말잔),11110A0,주택관련대출-예금은행,T00,경남,,,,,십억원,,202302,22260.9
151Y003,1.2.3.4.2. 예금은행 지역별 가계대출(말잔),11110A0,주택관련대출-예금은행,U00,제주,,,,,십억원,,202302,3878.2
151Y003,1.2.3.4.2. 예금은행 지역별 가계대출(말잔),11110A0,주택관련대출-예금은행,A00,서울,,,,,십억원,,202303,225236.1
151Y003,1.2.3.4.2. 예금은행 지역별 가계대출(말잔),11110A0,주택관련대출-예금은행,B00,부산,,,,,십억원,,202303,48680.5
151Y003,1.2.3.4.2. 예금은행 지역별 가계대출(말잔),11110A0,주택관련대출-예금은행,C00,대구,,,,,십억원,,202303,30429.5
151Y003,1.2.3.4.2. 예금은행 지역별 가계대출(말잔),11110A0,주택관련대출-예금은행,D00,인천,,,,,십억원,,202303,44495.5
151Y003,1.2.3.4.2. 예금은행 지역별 가계대출(말잔),11110A0,주택관련대출-예금은행,E00,대전,,,,,십억원,,202303,13313.7
151Y003,1.2.3.4.2. 예금은행 지역별 가계대출(말잔),11110A0,주택관련대출-예금은행,F00,광주,,,,,십억원,,202303,13740.8
151Y003,1.2.3.4.2. 예금은행 지역별 가계대출(말잔),11110A0,주택관련대출-예금은행,G00,울산,,,,,십억원,,202303,8842.9
151Y003,1.2.3.4.2. 예금은행 지역별 가계대출(말잔),11110A0,주택관련대출-예금은행,H00,세종,,,,,십억원,,202303,5342.9
151Y003,1.2.3.4.2. 예금은행 지역별 가계대출(말잔),11110A0,주택관련대출-예금은행,L00,경기,,,,,십억원,,202303,177868.9
151Y003,1.2.3.4.2. 예금은행 지역별 가계대출(말잔),11110A0,주택관련대출-예금은행,M00,강원,,,,,십억원,,202303,6692.5
151Y003,1.2.3.4.2. 예금은행 지역별 가계대출(말잔),11110A0,주택관련대출-예금은행,N00,충북,,,,,십억원,,202303,6985.7
151Y003,1.2.3.4.2. 예금은행 지역별 가계대출(말잔),11110A0,주택관련대출-예금은행,P00,충남,,,,,십억원,,202303,12146.7
151Y003,1.2.3.4.2. 예금은행 지역별 가계대출(말잔),11110A0,주택관련대출-예금은행,Q00,전북,,,,,십억원,,202303,6725.3
151Y003,1.2.3.4.2. 예금은행 지역별 가계대출(말잔),11110A0,주택관련대출-예금은행,R00,전남,,,,,십억원,,202303,6176.6
151Y003,1.2.3.4.2. 예금은행 지역별 가계대출(말잔),11110A0,주택관련대출-예금은행,S00,경북,,,,,십억원,,202303,9134.2
151Y003,1.2.3.4.2. 예금은행 지역별 가계대출(말잔),11110A0,주택관련대출-예금은행,T00,경남,,,,,십억원,,202303,22402.2
151Y003,1.2.3.4.2. 예금은행 지역별 가계대출(말잔),11110A0,주택관련대출-예금은행,U00,제주,,,,,십억원,,202303,3818.6
151Y003,1.2.3.4.2. 예금은행 지역별 가계대출(말잔),11110A0,주택관련대출-예금은행,A00,서울,,,,,십억원,,202304,225609
151Y003,1.2.3.4.2. 예금은행 지역별 가계대출(말잔),11110A0,주택관련대출-예금은행,B00,부산,,,,,십억원,,202304,48501.3
151Y003,1.2.3.4.2. 예금은행 지역별 가계대출(말잔),11110A0,주택관련대출-예금은행,C00,대구,,,,,십억원,,202304,30267.9
151Y003,1.2.3.4.2. 예금은행 지역별 가계대출(말잔),11110A0,주택관련대출-예금은행,D00,인천,,,,,십억원,,202304,44335.7
151Y003,1.2.3.4.2. 예금은행 지역별 가계대출(말잔),11110A0,주택관련대출-예금은행,E00,대전,,,,,십억원,,202304,13310.1
151Y003,1.2.3.4.2. 예금은행 지역별 가계대출(말잔),11110A0,주택관련대출-예금은행,F00,광주,,,,,십억원,,202304,13721.4
151Y003,1.2.3.4.2. 예금은행 지역별 가계대출(말잔),11110A0,주택관련대출-예금은행,G00,울산,,,,,십억원,,202304,8834.3
151Y003,1.2.3.4.2. 예금은행 지역별 가계대출(말잔),11110A0,주택관련대출-예금은행,H00,세종,,,,,십억원,,202304,5423.1
151Y003,1.2.3.4.2. 예금은행 지역별 가계대출(말잔),11110A0,주택관련대출-예금은행,L00,경기,,,,,십억원,,202304,177445.6
151Y003,1.2.3.4.2. 예금은행 지역별 가계대출(말잔),11110A0,주택관련대출-예금은행,M00,강원,,,,,십억원,,202304,6698.9
151Y003,1.2.3.4.2. 예금은행 지역별 가계대출(말잔),11110A0,주택관련대출-예금은행,N00,충북,,,,,십억원,,202304,6790.7
151Y003,1.2.3.4.2. 예금은행 지역별 가계대출(말잔),11110A0,주택관련대출-예금은행,P00,충남,,,,,십억원,,202304,12109.6
151Y003,1.2.3.4.2. 예금은행 지역별 가계대출(말잔),11110A0,주택관련대출-예금은행,Q00,전북,,,,,십억원,,202304,6675.7
151Y003,1.2.3.4.2. 예금은행 지역별 가계대출(말잔),11110A0,주택관련대출-예금은행,R00,전남,,,,,십억원,,202304,6075.1
151Y003,1.2.3.4.2. 예금은행 지역별 가계대출(말잔),11110A0,주택관련대출-예금은행,S00,경북,,,,,십억원,,202304,9113.4
151Y003,1.2.3.4.2. 예금은행 지역별 가계대출(말잔),11110A0,주택관련대출-예금은행,T00,경남,,,,,십억원,,202304,22018.6
151Y003,1.2.3.4.2. 예금은행 지역별 가계대출(말잔),11110A0,주택관련대출-예금은행,U00,제주,,,,,십억원,,202304,3802.7
151Y003,1.2.3.4.2. 예금은행 지역별 가계대출(말잔),11110A0,주택관련대출-예금은행,A00,서울,,,,,십억원,,202305,226427.5
151Y003,1.2.3.4.2. 예금은행 지역별 가계대출(말잔),11110A0,주택관련대출-예금은행,B00,부산,,,,,십억원,,202305,48409.2
151Y003,1.2.3.4.2. 예금은행 지역별 가계대출(말잔),11110A0,주택관련대출-예금은행,C00,대구,,,,,십억원,,202305,30563.4
151Y003,1.2.3.4.2. 예금은행 지역별 가계대출(말잔),11110A0,주택관련대출-예금은행,D00,인천,,,,,십억원,,202305,44606.5
151Y003,1.2.3.4.2. 예금은행 지역별 가계대출(말잔),11110A0,주택관련대출-예금은행,E00,대전,,,,,십억원,,202305,13401.5
151Y003,1.2.3.4.2. 예금은행 지역별 가계대출(말잔),11110A0,주택관련대출-예금은행,F00,광주,,,,,십억원,,202305,13709
151Y003,1.2.3.4.2. 예금은행 지역별 가계대출(말잔),11110A0,주택관련대출-예금은행,G00,울산,,,,,십억원,,202305,8741.9
151Y003,1.2.3.4.2. 예금은행 지역별 가계대출(말잔),11110A0,주택관련대출-예금은행,H00,세종,,,,,십억원,,202305,5443.1
151Y003,1.2.3.4.2. 예금은행 지역별 가계대출(말잔),11110A0,주택관련대출-예금은행,L00,경기,,,,,십억원,,202305,178130.6
151Y003,1.2.3.4.2. 예금은행 지역별 가계대출(말잔),11110A0,주택관련대출-예금은행,M00,강원,,,,,십억원,,202305,6764.7
151Y003,1.2.3.4.2. 예금은행 지역별 가계대출(말잔),11110A0,주택관련대출-예금은행,N00,충북,,,,,십억원,,202305,6858.1
151Y003,1.2.3.4.2. 예금은행 지역별 가계대출(말잔),11110A0,주택관련대출-예금은행,P00,충남,,,,,십억원,,202305,11982.1
151Y003,1.2.3.4.2. 예금은행 지역별 가계대출(말잔),11110A0,주택관련대출-예금은행,Q00,전북,,,,,십억원,,202305,6606.7
151Y003,1.2.3.4.2. 예금은행 지역별 가계대출(말잔),11110A0,주택관련대출-예금은행,R00,전남,,,,,십억원,,202305,6148
151Y003,1.2.3.4.2. 예금은행 지역별 가계대출(말잔),11110A0,주택관련대출-예금은행,S00,경북,,,,,십억원,,202305,9306.6
151Y003,1.2.3.4.2. 예금은행 지역별 가계대출(말잔),11110A0,주택관련대출-예금은행,T00,경남,,,,,십억원,,202305,22272
151Y003,1.2.3.4.2. 예금은행 지역별 가계대출(말잔),11110A0,주택관련대출-예금은행,U00,제주,,,,,십억원,,202305,3821.5
151Y003,1.2.3.4.2. 예금은행 지역별 가계대출(말잔),11110A0,주택관련대출-예금은행,A00,서울,,,,,십억원,,202306,228295.5
151Y003,1.2.3.4.2. 예금은행 지역별 가계대출(말잔),11110A0,주택관련대출-예금은행,B00,부산,,,,,십억원,,202306,48405.5
151Y003,1.2.3.4.2. 예금은행 지역별 가계대출(말잔),11110A0,주택관련대출-예금은행,C00,대구,,,,,십억원,,202306,31000.8
151Y003,1.2.3.4.2. 예금은행 지역별 가계대출(말잔),11110A0,주택관련대출-예금은행,D00,인천,,,,,십억원,,202306,44808.8
151Y003,1.2.3.4.2. 예금은행 지역별 가계대출(말잔),11110A0,주택관련대출-예금은행,E00,대전,,,,,십억원,,202306,13470.8
151Y003,1.2.3.4.2. 예금은행 지역별 가계대출(말잔),11110A0,주택관련대출-예금은행,F00,광주,,,,,십억원,,202306,13723.5
151Y003,1.2.3.4.2. 예금은행 지역별 가계대출(말잔),11110A0,주택관련대출-예금은행,G00,울산,,,,,십억원,,202306,8807.3
151Y003,1.2.3.4.2. 예금은행 지역별 가계대출(말잔),11110A0,주택관련대출-예금은행,H00,세종,,,,,십억원,,202306,5414.2
151Y003,1.2.3.4.2. 예금은행 지역별 가계대출(말잔),11110A0,주택관련대출-예금은행,L00,경기,,,,,십억원,,202306,179462.6
151Y003,1.2.3.4.2. 예금은행 지역별 가계대출(말잔),11110A0,주택관련대출-예금은행,M00,강원,,,,,십억원,,202306,6829.4
151Y003,1.2.3.4.2. 예금은행 지역별 가계대출(말잔),11110A0,주택관련대출-예금은행,N00,충북,,,,,십억원,,202306,7008.1
151Y003,1.2.3.4.2. 예금은행 지역별 가계대출(말잔),11110A0,주택관련대출-예금은행,P00,충남,,,,,십억원,,202306,11999.6
151Y003,1.2.3.4.2. 예금은행 지역별 가계대출(말잔),11110A0,주택관련대출-예금은행,Q00,전북,,,,,십억원,,202306,6657.4
151Y003,1.2.3.4.2. 예금은행 지역별 가계대출(말잔),11110A0,주택관련대출-예금은행,R00,전남,,,,,십억원,,202306,6191.4
151Y003,1.2.3.4.2. 예금은행 지역별 가계대출(말잔),11110A0,주택관련대출-예금은행,S00,경북,,,,,십억원,,202306,9477.7
151Y003,1.2.3.4.2. 예금은행 지역별 가계대출(말잔),11110A0,주택관련대출-예금은행,T00,경남,,,,,십억원,,202306,22428.4
151Y003,1.2.3.4.2. 예금은행 지역별 가계대출(말잔),11110A0,주택관련대출-예금은행,U00,제주,,,,,십억원,,202306,3849.4
151Y003,1.2.3.4.2. 예금은행 지역별 가계대출(말잔),11110A0,주택관련대출-예금은행,A00,서울,,,,,십억원,,202307,229566
151Y003,1.2.3.4.2. 예금은행 지역별 가계대출(말잔),11110A0,주택관련대출-예금은행,B00,부산,,,,,십억원,,202307,48930.3
151Y003,1.2.3.4.2. 예금은행 지역별 가계대출(말잔),11110A0,주택관련대출-예금은행,C00,대구,,,,,십억원,,202307,31419.5
151Y003,1.2.3.4.2. 예금은행 지역별 가계대출(말잔),11110A0,주택관련대출-예금은행,D00,인천,,,,,십억원,,202307,44882.8
151Y003,1.2.3.4.2. 예금은행 지역별 가계대출(말잔),11110A0,주택관련대출-예금은행,E00,대전,,,,,십억원,,202307,13556.1
151Y003,1.2.3.4.2. 예금은행 지역별 가계대출(말잔),11110A0,주택관련대출-예금은행,F00,광주,,,,,십억원,,202307,13719.6
151Y003,1.2.3.4.2. 예금은행 지역별 가계대출(말잔),11110A0,주택관련대출-예금은행,G00,울산,,,,,십억원,,202307,8910.3
151Y003,1.2.3.4.2. 예금은행 지역별 가계대출(말잔),11110A0,주택관련대출-예금은행,H00,세종,,,,,십억원,,202307,5454.1
151Y003,1.2.3.4.2. 예금은행 지역별 가계대출(말잔),11110A0,주택관련대출-예금은행,L00,경기,,,,,십억원,,202307,179962.4
151Y003,1.2.3.4.2. 예금은행 지역별 가계대출(말잔),11110A0,주택관련대출-예금은행,M00,강원,,,,,십억원,,202307,6998.6
151Y003,1.2.3.4.2. 예금은행 지역별 가계대출(말잔),11110A0,주택관련대출-예금은행,N00,충북,,,,,십억원,,202307,7177.5
151Y003,1.2.3.4.2. 예금은행 지역별 가계대출(말잔),11110A0,주택관련대출-예금은행,P00,충남,,,,,십억원,,202307,12094.7
151Y003,1.2.3.4.2. 예금은행 지역별 가계대출(말잔),11110A0,주택관련대출-예금은행,Q00,전북,,,,,십억원,,202307,6722.2
151Y003,1.2.3.4.2. 예금은행 지역별 가계대출(말잔),11110A0,주택관련대출-예금은행,R00,전남,,,,,십억원,,202307,6219.9
151Y003,1.2.3.4.2. 예금은행 지역별 가계대출(말잔),11110A0,주택관련대출-예금은행,S00,경북,,,,,십억원,,202307,9648
151Y003,1.2.3.4.2. 예금은행 지역별 가계대출(말잔),11110A0,주택관련대출-예금은행,T00,경남,,,,,십억원,,202307,22450.6
151Y003,1.2.3.4.2. 예금은행 지역별 가계대출(말잔),11110A0,주택관련대출-예금은행,U00,제주,,,,,십억원,,202307,3891.3
151Y003,1.2.3.4.2. 예금은행 지역별 가계대출(말잔),11110A0,주택관련대출-예금은행,A00,서울,,,,,십억원,,202308,231503.4
151Y003,1.2.3.4.2. 예금은행 지역별 가계대출(말잔),11110A0,주택관련대출-예금은행,B00,부산,,,,,십억원,,202308,48995.9
151Y003,1.2.3.4.2. 예금은행 지역별 가계대출(말잔),11110A0,주택관련대출-예금은행,C00,대구,,,,,십억원,,202308,31563.8
151Y003,1.2.3.4.2. 예금은행 지역별 가계대출(말잔),11110A0,주택관련대출-예금은행,D00,인천,,,,,십억원,,202308,45016.2
151Y003,1.2.3.4.2. 예금은행 지역별 가계대출(말잔),11110A0,주택관련대출-예금은행,E00,대전,,,,,십억원,,202308,13666.5
151Y003,1.2.3.4.2. 예금은행 지역별 가계대출(말잔),11110A0,주택관련대출-예금은행,F00,광주,,,,,십억원,,202308,13834.2
151Y003,1.2.3.4.2. 예금은행 지역별 가계대출(말잔),11110A0,주택관련대출-예금은행,G00,울산,,,,,십억원,,202308,8974.5
151Y003,1.2.3.4.2. 예금은행 지역별 가계대출(말잔),11110A0,주택관련대출-예금은행,H00,세종,,,,,십억원,,202308,5526.7
151Y003,1.2.3.4.2. 예금은행 지역별 가계대출(말잔),11110A0,주택관련대출-예금은행,L00,경기,,,,,십억원,,202308,180202.1
151Y003,1.2.3.4.2. 예금은행 지역별 가계대출(말잔),11110A0,주택관련대출-예금은행,M00,강원,,,,,십억원,,202308,7068.1
151Y003,1.2.3.4.2. 예금은행 지역별 가계대출(말잔),11110A0,주택관련대출-예금은행,N00,충북,,,,,십억원,,202308,7376.1
151Y003,1.2.3.4.2. 예금은행 지역별 가계대출(말잔),11110A0,주택관련대출-예금은행,P00,충남,,,,,십억원,,202308,12138.2
151Y003,1.2.3.4.2. 예금은행 지역별 가계대출(말잔),11110A0,주택관련대출-예금은행,Q00,전북,,,,,십억원,,202308,6828.5
151Y003,1.2.3.4.2. 예금은행 지역별 가계대출(말잔),11110A0,주택관련대출-예금은행,R00,전남,,,,,십억원,,202308,6267.4
151Y003,1.2.3.4.2. 예금은행 지역별 가계대출(말잔),11110A0,주택관련대출-예금은행,S00,경북,,,,,십억원,,202308,9838.2
151Y003,1.2.3.4.2. 예금은행 지역별 가계대출(말잔),11110A0,주택관련대출-예금은행,T00,경남,,,,,십억원,,202308,22623.7
151Y003,1.2.3.4.2. 예금은행 지역별 가계대출(말잔),11110A0,주택관련대출-예금은행,U00,제주,,,,,십억원,,202308,3936.5
151Y003,1.2.3.4.2. 예금은행 지역별 가계대출(말잔),11110A0,주택관련대출-예금은행,A00,서울,,,,,십억원,,202309,232742.9
151Y003,1.2.3.4.2. 예금은행 지역별 가계대출(말잔),11110A0,주택관련대출-예금은행,B00,부산,,,,,십억원,,202309,49476.3
151Y003,1.2.3.4.2. 예금은행 지역별 가계대출(말잔),11110A0,주택관련대출-예금은행,C00,대구,,,,,십억원,,202309,31819.1
151Y003,1.2.3.4.2. 예금은행 지역별 가계대출(말잔),11110A0,주택관련대출-예금은행,D00,인천,,,,,십억원,,202309,45230.6
151Y003,1.2.3.4.2. 예금은행 지역별 가계대출(말잔),11110A0,주택관련대출-예금은행,E00,대전,,,,,십억원,,202309,13746.2
151Y003,1.2.3.4.2. 예금은행 지역별 가계대출(말잔),11110A0,주택관련대출-예금은행,F00,광주,,,,,십억원,,202309,14103.8
151Y003,1.2.3.4.2. 예금은행 지역별 가계대출(말잔),11110A0,주택관련대출-예금은행,G00,울산,,,,,십억원,,202309,9097
151Y003,1.2.3.4.2. 예금은행 지역별 가계대출(말잔),11110A0,주택관련대출-예금은행,H00,세종,,,,,십억원,,202309,5583.2
151Y003,1.2.3.4.2. 예금은행 지역별 가계대출(말잔),11110A0,주택관련대출-예금은행,L00,경기,,,,,십억원,,202309,180675.1
151Y003,1.2.3.4.2. 예금은행 지역별 가계대출(말잔),11110A0,주택관련대출-예금은행,M00,강원,,,,,십억원,,202309,7143.4
151Y003,1.2.3.4.2. 예금은행 지역별 가계대출(말잔),11110A0,주택관련대출-예금은행,N00,충북,,,,,십억원,,202309,7469.1
151Y003,1.2.3.4.2. 예금은행 지역별 가계대출(말잔),11110A0,주택관련대출-예금은행,P00,충남,,,,,십억원,,202309,12279.1
151Y003,1.2.3.4.2. 예금은행 지역별 가계대출(말잔),11110A0,주택관련대출-예금은행,Q00,전북,,,,,십억원,,202309,6873.5
151Y003,1.2.3.4.2. 예금은행 지역별 가계대출(말잔),11110A0,주택관련대출-예금은행,R00,전남,,,,,십억원,,202309,6296.6
151Y003,1.2.3.4.2. 예금은행 지역별 가계대출(말잔),11110A0,주택관련대출-예금은행,S00,경북,,,,,십억원,,202309,9995.5
151Y003,1.2.3.4.2. 예금은행 지역별 가계대출(말잔),11110A0,주택관련대출-예금은행,T00,경남,,,,,십억원,,202309,22884.5
151Y003,1.2.3.4.2. 예금은행 지역별 가계대출(말잔),11110A0,주택관련대출-예금은행,U00,제주,,,,,십억원,,202309,3947.1
151Y003,1.2.3.4.2. 예금은행 지역별 가계대출(말잔),11110A0,주택관련대출-예금은행,A00,서울,,,,,십억원,,202310,233990.8
151Y003,1.2.3.4.2. 예금은행 지역별 가계대출(말잔),11110A0,주택관련대출-예금은행,B00,부산,,,,,십억원,,202310,49805.3
151Y003,1.2.3.4.2. 예금은행 지역별 가계대출(말잔),11110A0,주택관련대출-예금은행,C00,대구,,,,,십억원,,202310,31919.3
151Y003,1.2.3.4.2. 예금은행 지역별 가계대출(말잔),11110A0,주택관련대출-예금은행,D00,인천,,,,,십억원,,202310,45741
151Y003,1.2.3.4.2. 예금은행 지역별 가계대출(말잔),11110A0,주택관련대출-예금은행,E00,대전,,,,,십억원,,202310,13955.3
151Y003,1.2.3.4.2. 예금은행 지역별 가계대출(말잔),11110A0,주택관련대출-예금은행,F00,광주,,,,,십억원,,202310,14332.2
151Y003,1.2.3.4.2. 예금은행 지역별 가계대출(말잔),11110A0,주택관련대출-예금은행,G00,울산,,,,,십억원,,202310,9231.9
151Y003,1.2.3.4.2. 예금은행 지역별 가계대출(말잔),11110A0,주택관련대출-예금은행,H00,세종,,,,,십억원,,202310,5596.2
151Y003,1.2.3.4.2. 예금은행 지역별 가계대출(말잔),11110A0,주택관련대출-예금은행,L00,경기,,,,,십억원,,202310,181253.2
151Y003,1.2.3.4.2. 예금은행 지역별 가계대출(말잔),11110A0,주택관련대출-예금은행,M00,강원,,,,,십억원,,202310,7220.1
151Y003,1.2.3.4.2. 예금은행 지역별 가계대출(말잔),11110A0,주택관련대출-예금은행,N00,충북,,,,,십억원,,202310,7573.4
151Y003,1.2.3.4.2. 예금은행 지역별 가계대출(말잔),11110A0,주택관련대출-예금은행,P00,충남,,,,,십억원,,202310,12509.1
151Y003,1.2.3.4.2. 예금은행 지역별 가계대출(말잔),11110A0,주택관련대출-예금은행,Q00,전북,,,,,십억원,,202310,6881
151Y003,1.2.3.4.2. 예금은행 지역별 가계대출(말잔),11110A0,주택관련대출-예금은행,R00,전남,,,,,십억원,,202310,6242
151Y003,1.2.3.4.2. 예금은행 지역별 가계대출(말잔),11110A0,주택관련대출-예금은행,S00,경북,,,,,십억원,,202310,10145.6
151Y003,1.2.3.4.2. 예금은행 지역별 가계대출(말잔),11110A0,주택관련대출-예금은행,T00,경남,,,,,십억원,,202310,23161
151Y003,1.2.3.4.2. 예금은행 지역별 가계대출(말잔),11110A0,주택관련대출-예금은행,U00,제주,,,,,십억원,,202310,3959.6
151Y003,1.2.3.4.2. 예금은행 지역별 가계대출(말잔),11110A0,주택관련대출-예금은행,A00,서울,,,,,십억원,,202311,236066.6
151Y003,1.2.3.4.2. 예금은행 지역별 가계대출(말잔),11110A0,주택관련대출-예금은행,B00,부산,,,,,십억원,,202311,49803.6
151Y003,1.2.3.4.2. 예금은행 지역별 가계대출(말잔),11110A0,주택관련대출-예금은행,C00,대구,,,,,십억원,,202311,32254.3
151Y003,1.2.3.4.2. 예금은행 지역별 가계대출(말잔),11110A0,주택관련대출-예금은행,D00,인천,,,,,십억원,,202311,46270.7
151Y003,1.2.3.4.2. 예금은행 지역별 가계대출(말잔),11110A0,주택관련대출-예금은행,E00,대전,,,,,십억원,,202311,13911.3
151Y003,1.2.3.4.2. 예금은행 지역별 가계대출(말잔),11110A0,주택관련대출-예금은행,F00,광주,,,,,십억원,,202311,14487.7
151Y003,1.2.3.4.2. 예금은행 지역별 가계대출(말잔),11110A0,주택관련대출-예금은행,G00,울산,,,,,십억원,,202311,9306.8
151Y003,1.2.3.4.2. 예금은행 지역별 가계대출(말잔),11110A0,주택관련대출-예금은행,H00,세종,,,,,십억원,,202311,5601.5
151Y003,1.2.3.4.2. 예금은행 지역별 가계대출(말잔),11110A0,주택관련대출-예금은행,L00,경기,,,,,십억원,,202311,182581.1
151Y003,1.2.3.4.2. 예금은행 지역별 가계대출(말잔),11110A0,주택관련대출-예금은행,M00,강원,,,,,십억원,,202311,7226.1
151Y003,1.2.3.4.2. 예금은행 지역별 가계대출(말잔),11110A0,주택관련대출-예금은행,N00,충북,,,,,십억원,,202311,7727.9
151Y003,1.2.3.4.2. 예금은행 지역별 가계대출(말잔),11110A0,주택관련대출-예금은행,P00,충남,,,,,십억원,,202311,12730.7
151Y003,1.2.3.4.2. 예금은행 지역별 가계대출(말잔),11110A0,주택관련대출-예금은행,Q00,전북,,,,,십억원,,202311,6887.4
151Y003,1.2.3.4.2. 예금은행 지역별 가계대출(말잔),11110A0,주택관련대출-예금은행,R00,전남,,,,,십억원,,202311,6224.7
151Y003,1.2.3.4.2. 예금은행 지역별 가계대출(말잔),11110A0,주택관련대출-예금은행,S00,경북,,,,,십억원,,202311,10194.8
151Y003,1.2.3.4.2. 예금은행 지역별 가계대출(말잔),11110A0,주택관련대출-예금은행,T00,경남,,,,,십억원,,202311,23113.1
151Y003,1.2.3.4.2. 예금은행 지역별 가계대출(말잔),11110A0,주택관련대출-예금은행,U00,제주,,,,,십억원,,202311,3985.3
151Y003,1.2.3.4.2. 예금은행 지역별 가계대출(말잔),11110A0,주택관련대출-예금은행,A00,서울,,,,,십억원,,202312,237253.5
151Y003,1.2.3.4.2. 예금은행 지역별 가계대출(말잔),11110A0,주택관련대출-예금은행,B00,부산,,,,,십억원,,202312,50165.9
151Y003,1.2.3.4.2. 예금은행 지역별 가계대출(말잔),11110A0,주택관련대출-예금은행,C00,대구,,,,,십억원,,202312,32404.5
151Y003,1.2.3.4.2. 예금은행 지역별 가계대출(말잔),11110A0,주택관련대출-예금은행,D00,인천,,,,,십억원,,202312,46439.6
151Y003,1.2.3.4.2. 예금은행 지역별 가계대출(말잔),11110A0,주택관련대출-예금은행,E00,대전,,,,,십억원,,202312,14062.2
151Y003,1.2.3.4.2. 예금은행 지역별 가계대출(말잔),11110A0,주택관련대출-예금은행,F00,광주,,,,,십억원,,202312,14619.8
151Y003,1.2.3.4.2. 예금은행 지역별 가계대출(말잔),11110A0,주택관련대출-예금은행,G00,울산,,,,,십억원,,202312,9401.5
151Y003,1.2.3.4.2. 예금은행 지역별 가계대출(말잔),11110A0,주택관련대출-예금은행,H00,세종,,,,,십억원,,202312,5680.5
151Y003,1.2.3.4.2. 예금은행 지역별 가계대출(말잔),11110A0,주택관련대출-예금은행,L00,경기,,,,,십억원,,202312,183275.5
151Y003,1.2.3.4.2. 예금은행 지역별 가계대출(말잔),11110A0,주택관련대출-예금은행,M00,강원,,,,,십억원,,202312,7288.3
151Y003,1.2.3.4.2. 예금은행 지역별 가계대출(말잔),11110A0,주택관련대출-예금은행,N00,충북,,,,,십억원,,202312,7781.1
151Y003,1.2.3.4.2. 예금은행 지역별 가계대출(말잔),11110A0,주택관련대출-예금은행,P00,충남,,,,,십억원,,202312,12949.2
151Y003,1.2.3.4.2. 예금은행 지역별 가계대출(말잔),11110A0,주택관련대출-예금은행,Q00,전북,,,,,십억원,,202312,6883.4
151Y003,1.2.3.4.2. 예금은행 지역별 가계대출(말잔),11110A0,주택관련대출-예금은행,R00,전남,,,,,십억원,,202312,6251.8
151Y003,1.2.3.4.2. 예금은행 지역별 가계대출(말잔),11110A0,주택관련대출-예금은행,S00,경북,,,,,십억원,,202312,10350.8
151Y003,1.2.3.4.2. 예금은행 지역별 가계대출(말잔),11110A0,주택관련대출-예금은행,T00,경남,,,,,십억원,,202312,23271.2
151Y003,1.2.3.4.2. 예금은행 지역별 가계대출(말잔),11110A0,주택관련대출-예금은행,U00,제주,,,,,십억원,,202312,4031.3
151Y003,1.2.3.4.2. 예금은행 지역별 가계대출(말잔),11110A0,주택관련대출-예금은행,A00,서울,,,,,십억원,,202401,239282.1
151Y003,1.2.3.4.2. 예금은행 지역별 가계대출(말잔),11110A0,주택관련대출-예금은행,B00,부산,,,,,십억원,,202401,50569.3
151Y003,1.2.3.4.2. 예금은행 지역별 가계대출(말잔),11110A0,주택관련대출-예금은행,C00,대구,,,,,십억원,,202401,32603.3
151Y003,1.2.3.4.2. 예금은행 지역별 가계대출(말잔),11110A0,주택관련대출-예금은행,D00,인천,,,,,십억원,,202401,46759.6
151Y003,1.2.3.4.2. 예금은행 지역별 가계대출(말잔),11110A0,주택관련대출-예금은행,E00,대전,,,,,십억원,,202401,14076
151Y003,1.2.3.4.2. 예금은행 지역별 가계대출(말잔),11110A0,주택관련대출-예금은행,F00,광주,,,,,십억원,,202401,14969.8
151Y003,1.2.3.4.2. 예금은행 지역별 가계대출(말잔),11110A0,주택관련대출-예금은행,G00,울산,,,,,십억원,,202401,9468.1
151Y003,1.2.3.4.2. 예금은행 지역별 가계대출(말잔),11110A0,주택관련대출-예금은행,H00,세종,,,,,십억원,,202401,5677
151Y003,1.2.3.4.2. 예금은행 지역별 가계대출(말잔),11110A0,주택관련대출-예금은행,L00,경기,,,,,십억원,,202401,183912.2
151Y003,1.2.3.4.2. 예금은행 지역별 가계대출(말잔),11110A0,주택관련대출-예금은행,M00,강원,,,,,십억원,,202401,7432.6
151Y003,1.2.3.4.2. 예금은행 지역별 가계대출(말잔),11110A0,주택관련대출-예금은행,N00,충북,,,,,십억원,,202401,7883.3
151Y003,1.2.3.4.2. 예금은행 지역별 가계대출(말잔),11110A0,주택관련대출-예금은행,P00,충남,,,,,십억원,,202401,13367.4
151Y003,1.2.3.4.2. 예금은행 지역별 가계대출(말잔),11110A0,주택관련대출-예금은행,Q00,전북,,,,,십억원,,202401,6976.1
151Y003,1.2.3.4.2. 예금은행 지역별 가계대출(말잔),11110A0,주택관련대출-예금은행,R00,전남,,,,,십억원,,202401,6337.3
151Y003,1.2.3.4.2. 예금은행 지역별 가계대출(말잔),11110A0,주택관련대출-예금은행,S00,경북,,,,,십억원,,202401,10452.4
151Y003,1.2.3.4.2. 예금은행 지역별 가계대출(말잔),11110A0,주택관련대출-예금은행,T00,경남,,,,,십억원,,202401,23478.3
151Y003,1.2.3.4.2. 예금은행 지역별 가계대출(말잔),11110A0,주택관련대출-예금은행,U00,제주,,,,,십억원,,202401,4065.8
151Y003,1.2.3.4.2. 예금은행 지역별 가계대출(말잔),11110A0,주택관련대출-예금은행,A00,서울,,,,,십억원,,202402,241996.5
151Y003,1.2.3.4.2. 예금은행 지역별 가계대출(말잔),11110A0,주택관련대출-예금은행,B00,부산,,,,,십억원,,202402,50737.8
151Y003,1.2.3.4.2. 예금은행 지역별 가계대출(말잔),11110A0,주택관련대출-예금은행,C00,대구,,,,,십억원,,202402,32759.1
151Y003,1.2.3.4.2. 예금은행 지역별 가계대출(말잔),11110A0,주택관련대출-예금은행,D00,인천,,,,,십억원,,202402,46853.8
151Y003,1.2.3.4.2. 예금은행 지역별 가계대출(말잔),11110A0,주택관련대출-예금은행,E00,대전,,,,,십억원,,202402,14453.4
151Y003,1.2.3.4.2. 예금은행 지역별 가계대출(말잔),11110A0,주택관련대출-예금은행,F00,광주,,,,,십억원,,202402,15055.6
151Y003,1.2.3.4.2. 예금은행 지역별 가계대출(말잔),11110A0,주택관련대출-예금은행,G00,울산,,,,,십억원,,202402,9450.6
151Y003,1.2.3.4.2. 예금은행 지역별 가계대출(말잔),11110A0,주택관련대출-예금은행,H00,세종,,,,,십억원,,202402,5654.5
151Y003,1.2.3.4.2. 예금은행 지역별 가계대출(말잔),11110A0,주택관련대출-예금은행,L00,경기,,,,,십억원,,202402,184490.8
151Y003,1.2.3.4.2. 예금은행 지역별 가계대출(말잔),11110A0,주택관련대출-예금은행,M00,강원,,,,,십억원,,202402,7452.1
151Y003,1.2.3.4.2. 예금은행 지역별 가계대출(말잔),11110A0,주택관련대출-예금은행,N00,충북,,,,,십억원,,202402,7939.7
151Y003,1.2.3.4.2. 예금은행 지역별 가계대출(말잔),11110A0,주택관련대출-예금은행,P00,충남,,,,,십억원,,202402,13511.3
151Y003,1.2.3.4.2. 예금은행 지역별 가계대출(말잔),11110A0,주택관련대출-예금은행,Q00,전북,,,,,십억원,,202402,7032.2
151Y003,1.2.3.4.2. 예금은행 지역별 가계대출(말잔),11110A0,주택관련대출-예금은행,R00,전남,,,,,십억원,,202402,6360.9
151Y003,1.2.3.4.2. 예금은행 지역별 가계대출(말잔),11110A0,주택관련대출-예금은행,S00,경북,,,,,십억원,,202402,10531.2
151Y003,1.2.3.4.2. 예금은행 지역별 가계대출(말잔),11110A0,주택관련대출-예금은행,T00,경남,,,,,십억원,,202402,23498
151Y003,1.2.3.4.2. 예금은행 지역별 가계대출(말잔),11110A0,주택관련대출-예금은행,U00,제주,,,,,십억원,,202402,4098.5
151Y003,1.2.3.4.2. 예금은행 지역별 가계대출(말잔),11110A0,주택관련대출-예금은행,A00,서울,,,,,십억원,,202403,242158.3
151Y003,1.2.3.4.2. 예금은행 지역별 가계대출(말잔),11110A0,주택관련대출-예금은행,B00,부산,,,,,십억원,,202403,50844.9
151Y003,1.2.3.4.2. 예금은행 지역별 가계대출(말잔),11110A0,주택관련대출-예금은행,C00,대구,,,,,십억원,,202403,32817.7
151Y003,1.2.3.4.2. 예금은행 지역별 가계대출(말잔),11110A0,주택관련대출-예금은행,D00,인천,,,,,십억원,,202403,47024.1
151Y003,1.2.3.4.2. 예금은행 지역별 가계대출(말잔),11110A0,주택관련대출-예금은행,E00,대전,,,,,십억원,,202403,14499.4
151Y003,1.2.3.4.2. 예금은행 지역별 가계대출(말잔),11110A0,주택관련대출-예금은행,F00,광주,,,,,십억원,,202403,15147.1
151Y003,1.2.3.4.2. 예금은행 지역별 가계대출(말잔),11110A0,주택관련대출-예금은행,G00,울산,,,,,십억원,,202403,9448.4
151Y003,1.2.3.4.2. 예금은행 지역별 가계대출(말잔),11110A0,주택관련대출-예금은행,H00,세종,,,,,십억원,,202403,5604.2
151Y003,1.2.3.4.2. 예금은행 지역별 가계대출(말잔),11110A0,주택관련대출-예금은행,L00,경기,,,,,십억원,,202403,184273.2
151Y003,1.2.3.4.2. 예금은행 지역별 가계대출(말잔),11110A0,주택관련대출-예금은행,M00,강원,,,,,십억원,,202403,7396.8
151Y003,1.2.3.4.2. 예금은행 지역별 가계대출(말잔),11110A0,주택관련대출-예금은행,N00,충북,,,,,십억원,,202403,7926
151Y003,1.2.3.4.2. 예금은행 지역별 가계대출(말잔),11110A0,주택관련대출-예금은행,P00,충남,,,,,십억원,,202403,13465.1
151Y003,1.2.3.4.2. 예금은행 지역별 가계대출(말잔),11110A0,주택관련대출-예금은행,Q00,전북,,,,,십억원,,202403,6939.2
151Y003,1.2.3.4.2. 예금은행 지역별 가계대출(말잔),11110A0,주택관련대출-예금은행,R00,전남,,,,,십억원,,202403,6314.9
151Y003,1.2.3.4.2. 예금은행 지역별 가계대출(말잔),11110A0,주택관련대출-예금은행,S00,경북,,,,,십억원,,202403,10349.1
151Y003,1.2.3.4.2. 예금은행 지역별 가계대출(말잔),11110A0,주택관련대출-예금은행,T00,경남,,,,,십억원,,202403,23339.2
151Y003,1.2.3.4.2. 예금은행 지역별 가계대출(말잔),11110A0,주택관련대출-예금은행,U00,제주,,,,,십억원,,202403,4114.9
151Y003,1.2.3.4.2. 예금은행 지역별 가계대출(말잔),11110A0,주택관련대출-예금은행,A00,서울,,,,,십억원,,202404,243675.9
151Y003,1.2.3.4.2. 예금은행 지역별 가계대출(말잔),11110A0,주택관련대출-예금은행,B00,부산,,,,,십억원,,202404,51187.4
151Y003,1.2.3.4.2. 예금은행 지역별 가계대출(말잔),11110A0,주택관련대출-예금은행,C00,대구,,,,,십억원,,202404,33053.7
151Y003,1.2.3.4.2. 예금은행 지역별 가계대출(말잔),11110A0,주택관련대출-예금은행,D00,인천,,,,,십억원,,202404,47299.3
151Y003,1.2.3.4.2. 예금은행 지역별 가계대출(말잔),11110A0,주택관련대출-예금은행,E00,대전,,,,,십억원,,202404,14508.4
151Y003,1.2.3.4.2. 예금은행 지역별 가계대출(말잔),11110A0,주택관련대출-예금은행,F00,광주,,,,,십억원,,202404,15369.9
151Y003,1.2.3.4.2. 예금은행 지역별 가계대출(말잔),11110A0,주택관련대출-예금은행,G00,울산,,,,,십억원,,202404,9498.5
151Y003,1.2.3.4.2. 예금은행 지역별 가계대출(말잔),11110A0,주택관련대출-예금은행,H00,세종,,,,,십억원,,202404,5694.4
151Y003,1.2.3.4.2. 예금은행 지역별 가계대출(말잔),11110A0,주택관련대출-예금은행,L00,경기,,,,,십억원,,202404,185553.9
151Y003,1.2.3.4.2. 예금은행 지역별 가계대출(말잔),11110A0,주택관련대출-예금은행,M00,강원,,,,,십억원,,202404,7417.8
151Y003,1.2.3.4.2. 예금은행 지역별 가계대출(말잔),11110A0,주택관련대출-예금은행,N00,충북,,,,,십억원,,202404,8079
151Y003,1.2.3.4.2. 예금은행 지역별 가계대출(말잔),11110A0,주택관련대출-예금은행,P00,충남,,,,,십억원,,202404,13632.5
151Y003,1.2.3.4.2. 예금은행 지역별 가계대출(말잔),11110A0,주택관련대출-예금은행,Q00,전북,,,,,십억원,,202404,6985.8
151Y003,1.2.3.4.2. 예금은행 지역별 가계대출(말잔),11110A0,주택관련대출-예금은행,R00,전남,,,,,십억원,,202404,6332.1
151Y003,1.2.3.4.2. 예금은행 지역별 가계대출(말잔),11110A0,주택관련대출-예금은행,S00,경북,,,,,십억원,,202404,10587.9
151Y003,1.2.3.4.2. 예금은행 지역별 가계대출(말잔),11110A0,주택관련대출-예금은행,T00,경남,,,,,십억원,,202404,23419.4
151Y003,1.2.3.4.2. 예금은행 지역별 가계대출(말잔),11110A0,주택관련대출-예금은행,U00,제주,,,,,십억원,,202404,4175.4
151Y003,1.2.3.4.2. 예금은행 지역별 가계대출(말잔),11110A0,주택관련대출-예금은행,A00,서울,,,,,십억원,,202405,246006.9
151Y003,1.2.3.4.2. 예금은행 지역별 가계대출(말잔),11110A0,주택관련대출-예금은행,B00,부산,,,,,십억원,,202405,51498.1
151Y003,1.2.3.4.2. 예금은행 지역별 가계대출(말잔),11110A0,주택관련대출-예금은행,C00,대구,,,,,십억원,,202405,33322
151Y003,1.2.3.4.2. 예금은행 지역별 가계대출(말잔),11110A0,주택관련대출-예금은행,D00,인천,,,,,십억원,,202405,47631
151Y003,1.2.3.4.2. 예금은행 지역별 가계대출(말잔),11110A0,주택관련대출-예금은행,E00,대전,,,,,십억원,,202405,14575.5
151Y003,1.2.3.4.2. 예금은행 지역별 가계대출(말잔),11110A0,주택관련대출-예금은행,F00,광주,,,,,십억원,,202405,15639.5
151Y003,1.2.3.4.2. 예금은행 지역별 가계대출(말잔),11110A0,주택관련대출-예금은행,G00,울산,,,,,십억원,,202405,9572
151Y003,1.2.3.4.2. 예금은행 지역별 가계대출(말잔),11110A0,주택관련대출-예금은행,H00,세종,,,,,십억원,,202405,5742.8
151Y003,1.2.3.4.2. 예금은행 지역별 가계대출(말잔),11110A0,주택관련대출-예금은행,L00,경기,,,,,십억원,,202405,186751.9
151Y003,1.2.3.4.2. 예금은행 지역별 가계대출(말잔),11110A0,주택관련대출-예금은행,M00,강원,,,,,십억원,,202405,7534.2
151Y003,1.2.3.4.2. 예금은행 지역별 가계대출(말잔),11110A0,주택관련대출-예금은행,N00,충북,,,,,십억원,,202405,8200.6
151Y003,1.2.3.4.2. 예금은행 지역별 가계대출(말잔),11110A0,주택관련대출-예금은행,P00,충남,,,,,십억원,,202405,13864.1
151Y003,1.2.3.4.2. 예금은행 지역별 가계대출(말잔),11110A0,주택관련대출-예금은행,Q00,전북,,,,,십억원,,202405,7150.7
151Y003,1.2.3.4.2. 예금은행 지역별 가계대출(말잔),11110A0,주택관련대출-예금은행,R00,전남,,,,,십억원,,202405,6362.9
151Y003,1.2.3.4.2. 예금은행 지역별 가계대출(말잔),11110A0,주택관련대출-예금은행,S00,경북,,,,,십억원,,202405,10819.6
151Y003,1.2.3.4.2. 예금은행 지역별 가계대출(말잔),11110A0,주택관련대출-예금은행,T00,경남,,,,,십억원,,202405,23538.8
151Y003,1.2.3.4.2. 예금은행 지역별 가계대출(말잔),11110A0,주택관련대출-예금은행,U00,제주,,,,,십억원,,202405,4238.9
151Y003,1.2.3.4.2. 예금은행 지역별 가계대출(말잔),11110A0,주택관련대출-예금은행,A00,서울,,,,,십억원,,202406,248613.8
151Y003,1.2.3.4.2. 예금은행 지역별 가계대출(말잔),11110A0,주택관련대출-예금은행,B00,부산,,,,,십억원,,202406,51390.4
151Y003,1.2.3.4.2. 예금은행 지역별 가계대출(말잔),11110A0,주택관련대출-예금은행,C00,대구,,,,,십억원,,202406,33270.8
151Y003,1.2.3.4.2. 예금은행 지역별 가계대출(말잔),11110A0,주택관련대출-예금은행,D00,인천,,,,,십억원,,202406,48068.2
151Y003,1.2.3.4.2. 예금은행 지역별 가계대출(말잔),11110A0,주택관련대출-예금은행,E00,대전,,,,,십억원,,202406,14823.1
151Y003,1.2.3.4.2. 예금은행 지역별 가계대출(말잔),11110A0,주택관련대출-예금은행,F00,광주,,,,,십억원,,202406,15877.2
151Y003,1.2.3.4.2. 예금은행 지역별 가계대출(말잔),11110A0,주택관련대출-예금은행,G00,울산,,,,,십억원,,202406,9764.9
151Y003,1.2.3.4.2. 예금은행 지역별 가계대출(말잔),11110A0,주택관련대출-예금은행,H00,세종,,,,,십억원,,202406,5716.7
151Y003,1.2.3.4.2. 예금은행 지역별 가계대출(말잔),11110A0,주택관련대출-예금은행,L00,경기,,,,,십억원,,202406,188017.3
151Y003,1.2.3.4.2. 예금은행 지역별 가계대출(말잔),11110A0,주택관련대출-예금은행,M00,강원,,,,,십억원,,202406,7636.3
151Y003,1.2.3.4.2. 예금은행 지역별 가계대출(말잔),11110A0,주택관련대출-예금은행,N00,충북,,,,,십억원,,202406,8681.5
151Y003,1.2.3.4.2. 예금은행 지역별 가계대출(말잔),11110A0,주택관련대출-예금은행,P00,충남,,,,,십억원,,202406,13755.3
151Y003,1.2.3.4.2. 예금은행 지역별 가계대출(말잔),11110A0,주택관련대출-예금은행,Q00,전북,,,,,십억원,,202406,7318.8
151Y003,1.2.3.4.2. 예금은행 지역별 가계대출(말잔),11110A0,주택관련대출-예금은행,R00,전남,,,,,십억원,,202406,6485.9
151Y003,1.2.3.4.2. 예금은행 지역별 가계대출(말잔),11110A0,주택관련대출-예금은행,S00,경북,,,,,십억원,,202406,10929.2
151Y003,1.2.3.4.2. 예금은행 지역별 가계대출(말잔),11110A0,주택관련대출-예금은행,T00,경남,,,,,십억원,,202406,23742.1
151Y003,1.2.3.4.2. 예금은행 지역별 가계대출(말잔),11110A0,주택관련대출-예금은행,U00,제주,,,,,십억원,,202406,4274.3
151Y003,1.2.3.4.2. 예금은행 지역별 가계대출(말잔),11110A0,주택관련대출-예금은행,A00,서울,,,,,십억원,,202407,250580.7
151Y003,1.2.3.4.2. 예금은행 지역별 가계대출(말잔),11110A0,주택관련대출-예금은행,B00,부산,,,,,십억원,,202407,51688.3
151Y003,1.2.3.4.2. 예금은행 지역별 가계대출(말잔),11110A0,주택관련대출-예금은행,C00,대구,,,,,십억원,,202407,33362
151Y003,1.2.3.4.2. 예금은행 지역별 가계대출(말잔),11110A0,주택관련대출-예금은행,D00,인천,,,,,십억원,,202407,48313.6
151Y003,1.2.3.4.2. 예금은행 지역별 가계대출(말잔),11110A0,주택관련대출-예금은행,E00,대전,,,,,십억원,,202407,15035.2
151Y003,1.2.3.4.2. 예금은행 지역별 가계대출(말잔),11110A0,주택관련대출-예금은행,F00,광주,,,,,십억원,,202407,15991.8
151Y003,1.2.3.4.2. 예금은행 지역별 가계대출(말잔),11110A0,주택관련대출-예금은행,G00,울산,,,,,십억원,,202407,9874.9
151Y003,1.2.3.4.2. 예금은행 지역별 가계대출(말잔),11110A0,주택관련대출-예금은행,H00,세종,,,,,십억원,,202407,5962.9
151Y003,1.2.3.4.2. 예금은행 지역별 가계대출(말잔),11110A0,주택관련대출-예금은행,L00,경기,,,,,십억원,,202407,189811.2
151Y003,1.2.3.4.2. 예금은행 지역별 가계대출(말잔),11110A0,주택관련대출-예금은행,M00,강원,,,,,십억원,,202407,7797.8
151Y003,1.2.3.4.2. 예금은행 지역별 가계대출(말잔),11110A0,주택관련대출-예금은행,N00,충북,,,,,십억원,,202407,8830.4
151Y003,1.2.3.4.2. 예금은행 지역별 가계대출(말잔),11110A0,주택관련대출-예금은행,P00,충남,,,,,십억원,,202407,13848.6
151Y003,1.2.3.4.2. 예금은행 지역별 가계대출(말잔),11110A0,주택관련대출-예금은행,Q00,전북,,,,,십억원,,202407,7440.7
151Y003,1.2.3.4.2. 예금은행 지역별 가계대출(말잔),11110A0,주택관련대출-예금은행,R00,전남,,,,,십억원,,202407,6665.1
151Y003,1.2.3.4.2. 예금은행 지역별 가계대출(말잔),11110A0,주택관련대출-예금은행,S00,경북,,,,,십억원,,202407,11095.8
151Y003,1.2.3.4.2. 예금은행 지역별 가계대출(말잔),11110A0,주택관련대출-예금은행,T00,경남,,,,,십억원,,202407,24051.7
151Y003,1.2.3.4.2. 예금은행 지역별 가계대출(말잔),11110A0,주택관련대출-예금은행,U00,제주,,,,,십억원,,202407,4325.2
151Y003,1.2.3.4.2. 예금은행 지역별 가계대출(말잔),11110A0,주택관련대출-예금은행,A00,서울,,,,,십억원,,202408,254193.4
151Y003,1.2.3.4.2. 예금은행 지역별 가계대출(말잔),11110A0,주택관련대출-예금은행,B00,부산,,,,,십억원,,202408,52263.2
151Y003,1.2.3.4.2. 예금은행 지역별 가계대출(말잔),11110A0,주택관련대출-예금은행,C00,대구,,,,,십억원,,202408,33546.4
151Y003,1.2.3.4.2. 예금은행 지역별 가계대출(말잔),11110A0,주택관련대출-예금은행,D00,인천,,,,,십억원,,202408,48486.5
151Y003,1.2.3.4.2. 예금은행 지역별 가계대출(말잔),11110A0,주택관련대출-예금은행,E00,대전,,,,,십억원,,202408,15366.1
151Y003,1.2.3.4.2. 예금은행 지역별 가계대출(말잔),11110A0,주택관련대출-예금은행,F00,광주,,,,,십억원,,202408,16210.4
151Y003,1.2.3.4.2. 예금은행 지역별 가계대출(말잔),11110A0,주택관련대출-예금은행,G00,울산,,,,,십억원,,202408,10003.8
151Y003,1.2.3.4.2. 예금은행 지역별 가계대출(말잔),11110A0,주택관련대출-예금은행,H00,세종,,,,,십억원,,202408,6080
151Y003,1.2.3.4.2. 예금은행 지역별 가계대출(말잔),11110A0,주택관련대출-예금은행,L00,경기,,,,,십억원,,202408,192315.3
151Y003,1.2.3.4.2. 예금은행 지역별 가계대출(말잔),11110A0,주택관련대출-예금은행,M00,강원,,,,,십억원,,202408,7874.1
151Y003,1.2.3.4.2. 예금은행 지역별 가계대출(말잔),11110A0,주택관련대출-예금은행,N00,충북,,,,,십억원,,202408,8900
151Y003,1.2.3.4.2. 예금은행 지역별 가계대출(말잔),11110A0,주택관련대출-예금은행,P00,충남,,,,,십억원,,202408,14183.4
151Y003,1.2.3.4.2. 예금은행 지역별 가계대출(말잔),11110A0,주택관련대출-예금은행,Q00,전북,,,,,십억원,,202408,7512.2
151Y003,1.2.3.4.2. 예금은행 지역별 가계대출(말잔),11110A0,주택관련대출-예금은행,R00,전남,,,,,십억원,,202408,6849.1
151Y003,1.2.3.4.2. 예금은행 지역별 가계대출(말잔),11110A0,주택관련대출-예금은행,S00,경북,,,,,십억원,,202408,11198.6
151Y003,1.2.3.4.2. 예금은행 지역별 가계대출(말잔),11110A0,주택관련대출-예금은행,T00,경남,,,,,십억원,,202408,24341.6
151Y003,1.2.3.4.2. 예금은행 지역별 가계대출(말잔),11110A0,주택관련대출-예금은행,U00,제주,,,,,십억원,,202408,4384.6
151Y003,1.2.3.4.2. 예금은행 지역별 가계대출(말잔),11110A0,주택관련대출-예금은행,A00,서울,,,,,십억원,,202409,256690.5
151Y003,1.2.3.4.2. 예금은행 지역별 가계대출(말잔),11110A0,주택관련대출-예금은행,B00,부산,,,,,십억원,,202409,52805
151Y003,1.2.3.4.2. 예금은행 지역별 가계대출(말잔),11110A0,주택관련대출-예금은행,C00,대구,,,,,십억원,,202409,33793.4
151Y003,1.2.3.4.2. 예금은행 지역별 가계대출(말잔),11110A0,주택관련대출-예금은행,D00,인천,,,,,십억원,,202409,48804.2
151Y003,1.2.3.4.2. 예금은행 지역별 가계대출(말잔),11110A0,주택관련대출-예금은행,E00,대전,,,,,십억원,,202409,15713.6
151Y003,1.2.3.4.2. 예금은행 지역별 가계대출(말잔),11110A0,주택관련대출-예금은행,F00,광주,,,,,십억원,,202409,16179.7
151Y003,1.2.3.4.2. 예금은행 지역별 가계대출(말잔),11110A0,주택관련대출-예금은행,G00,울산,,,,,십억원,,202409,10079.5
151Y003,1.2.3.4.2. 예금은행 지역별 가계대출(말잔),11110A0,주택관련대출-예금은행,H00,세종,,,,,십억원,,202409,6129.3
151Y003,1.2.3.4.2. 예금은행 지역별 가계대출(말잔),11110A0,주택관련대출-예금은행,L00,경기,,,,,십억원,,202409,194579.6
151Y003,1.2.3.4.2. 예금은행 지역별 가계대출(말잔),11110A0,주택관련대출-예금은행,M00,강원,,,,,십억원,,202409,7909.3
151Y003,1.2.3.4.2. 예금은행 지역별 가계대출(말잔),11110A0,주택관련대출-예금은행,N00,충북,,,,,십억원,,202409,8958.6
151Y003,1.2.3.4.2. 예금은행 지역별 가계대출(말잔),11110A0,주택관련대출-예금은행,P00,충남,,,,,십억원,,202409,14317
151Y003,1.2.3.4.2. 예금은행 지역별 가계대출(말잔),11110A0,주택관련대출-예금은행,Q00,전북,,,,,십억원,,202409,7619.9
151Y003,1.2.3.4.2. 예금은행 지역별 가계대출(말잔),11110A0,주택관련대출-예금은행,R00,전남,,,,,십억원,,202409,6911.9
151Y003,1.2.3.4.2. 예금은행 지역별 가계대출(말잔),11110A0,주택관련대출-예금은행,S00,경북,,,,,십억원,,202409,11261.2
151Y003,1.2.3.4.2. 예금은행 지역별 가계대출(말잔),11110A0,주택관련대출-예금은행,T00,경남,,,,,십억원,,202409,24377.5
151Y003,1.2.3.4.2. 예금은행 지역별 가계대출(말잔),11110A0,주택관련대출-예금은행,U00,제주,,,,,십억원,,202409,4413.4
151Y003,1.2.3.4.2. 예금은행 지역별 가계대출(말잔),11110A0,주택관련대출-예금은행,A00,서울,,,,,십억원,,202410,258111.1
151Y003,1.2.3.4.2. 예금은행 지역별 가계대출(말잔),11110A0,주택관련대출-예금은행,B00,부산,,,,,십억원,,202410,52999.7
151Y003,1.2.3.4.2. 예금은행 지역별 가계대출(말잔),11110A0,주택관련대출-예금은행,C00,대구,,,,,십억원,,202410,33971.9
151Y003,1.2.3.4.2. 예금은행 지역별 가계대출(말잔),11110A0,주택관련대출-예금은행,D00,인천,,,,,십억원,,202410,48800.6
151Y003,1.2.3.4.2. 예금은행 지역별 가계대출(말잔),11110A0,주택관련대출-예금은행,E00,대전,,,,,십억원,,202410,15905.6
151Y003,1.2.3.4.2. 예금은행 지역별 가계대출(말잔),11110A0,주택관련대출-예금은행,F00,광주,,,,,십억원,,202410,15969.7
151Y003,1.2.3.4.2. 예금은행 지역별 가계대출(말잔),11110A0,주택관련대출-예금은행,G00,울산,,,,,십억원,,202410,10146.7
151Y003,1.2.3.4.2. 예금은행 지역별 가계대출(말잔),11110A0,주택관련대출-예금은행,H00,세종,,,,,십억원,,202410,6111.6
151Y003,1.2.3.4.2. 예금은행 지역별 가계대출(말잔),11110A0,주택관련대출-예금은행,L00,경기,,,,,십억원,,202410,195201.8
151Y003,1.2.3.4.2. 예금은행 지역별 가계대출(말잔),11110A0,주택관련대출-예금은행,M00,강원,,,,,십억원,,202410,7963.6
151Y003,1.2.3.4.2. 예금은행 지역별 가계대출(말잔),11110A0,주택관련대출-예금은행,N00,충북,,,,,십억원,,202410,8979.6
151Y003,1.2.3.4.2. 예금은행 지역별 가계대출(말잔),11110A0,주택관련대출-예금은행,P00,충남,,,,,십억원,,202410,14418.2
151Y003,1.2.3.4.2. 예금은행 지역별 가계대출(말잔),11110A0,주택관련대출-예금은행,Q00,전북,,,,,십억원,,202410,7625.1
151Y003,1.2.3.4.2. 예금은행 지역별 가계대출(말잔),11110A0,주택관련대출-예금은행,R00,전남,,,,,십억원,,202410,6892.8
151Y003,1.2.3.4.2. 예금은행 지역별 가계대출(말잔),11110A0,주택관련대출-예금은행,S00,경북,,,,,십억원,,202410,11279.5
151Y003,1.2.3.4.2. 예금은행 지역별 가계대출(말잔),11110A0,주택관련대출-예금은행,T00,경남,,,,,십억원,,202410,24423.2
151Y003,1.2.3.4.2. 예금은행 지역별 가계대출(말잔),11110A0,주택관련대출-예금은행,U00,제주,,,,,십억원,,202410,4448.8
151Y003,1.2.3.4.2. 예금은행 지역별 가계대출(말잔),11110A0,주택관련대출-예금은행,A00,서울,,,,,십억원,,202411,259026.9
151Y003,1.2.3.4.2. 예금은행 지역별 가계대출(말잔),11110A0,주택관련대출-예금은행,B00,부산,,,,,십억원,,202411,53022.2
151Y003,1.2.3.4.2. 예금은행 지역별 가계대출(말잔),11110A0,주택관련대출-예금은행,C00,대구,,,,,십억원,,202411,34148.2
151Y003,1.2.3.4.2. 예금은행 지역별 가계대출(말잔),11110A0,주택관련대출-예금은행,D00,인천,,,,,십억원,,202411,48872.8
151Y003,1.2.3.4.2. 예금은행 지역별 가계대출(말잔),11110A0,주택관련대출-예금은행,E00,대전,,,,,십억원,,202411,16139.5
151Y003,1.2.3.4.2. 예금은행 지역별 가계대출(말잔),11110A0,주택관련대출-예금은행,F00,광주,,,,,십억원,,202411,15983.6
151Y003,1.2.3.4.2. 예금은행 지역별 가계대출(말잔),11110A0,주택관련대출-예금은행,G00,울산,,,,,십억원,,202411,10260.1
151Y003,1.2.3.4.2. 예금은행 지역별 가계대출(말잔),11110A0,주택관련대출-예금은행,H00,세종,,,,,십억원,,202411,6105
151Y003,1.2.3.4.2. 예금은행 지역별 가계대출(말잔),11110A0,주택관련대출-예금은행,L00,경기,,,,,십억원,,202411,195927.4
151Y003,1.2.3.4.2. 예금은행 지역별 가계대출(말잔),11110A0,주택관련대출-예금은행,M00,강원,,,,,십억원,,202411,7909.7
151Y003,1.2.3.4.2. 예금은행 지역별 가계대출(말잔),11110A0,주택관련대출-예금은행,N00,충북,,,,,십억원,,202411,9136.1
151Y003,1.2.3.4.2. 예금은행 지역별 가계대출(말잔),11110A0,주택관련대출-예금은행,P00,충남,,,,,십억원,,202411,14433.6
151Y003,1.2.3.4.2. 예금은행 지역별 가계대출(말잔),11110A0,주택관련대출-예금은행,Q00,전북,,,,,십억원,,202411,7732.7
151Y003,1.2.3.4.2. 예금은행 지역별 가계대출(말잔),11110A0,주택관련대출-예금은행,R00,전남,,,,,십억원,,202411,6912.8
151Y003,1.2.3.4.2. 예금은행 지역별 가계대출(말잔),11110A0,주택관련대출-예금은행,S00,경북,,,,,십억원,,202411,11357.9
151Y003,1.2.3.4.2. 예금은행 지역별 가계대출(말잔),11110A0,주택관련대출-예금은행,T00,경남,,,,,십억원,,202411,24375.6
151Y003,1.2.3.4.2. 예금은행 지역별 가계대출(말잔),11110A0,주택관련대출-예금은행,U00,제주,,,,,십억원,,202411,4469.6
151Y003,1.2.3.4.2. 예금은행 지역별 가계대출(말잔),11110A0,주택관련대출-예금은행,A00,서울,,,,,십억원,,202412,259442.9
151Y003,1.2.3.4.2. 예금은행 지역별 가계대출(말잔),11110A0,주택관련대출-예금은행,B00,부산,,,,,십억원,,202412,53141.7
151Y003,1.2.3.4.2. 예금은행 지역별 가계대출(말잔),11110A0,주택관련대출-예금은행,C00,대구,,,,,십억원,,202412,34177
151Y003,1.2.3.4.2. 예금은행 지역별 가계대출(말잔),11110A0,주택관련대출-예금은행,D00,인천,,,,,십억원,,202412,48941.7
151Y003,1.2.3.4.2. 예금은행 지역별 가계대출(말잔),11110A0,주택관련대출-예금은행,E00,대전,,,,,십억원,,202412,16385
151Y003,1.2.3.4.2. 예금은행 지역별 가계대출(말잔),11110A0,주택관련대출-예금은행,F00,광주,,,,,십억원,,202412,15991.8
151Y003,1.2.3.4.2. 예금은행 지역별 가계대출(말잔),11110A0,주택관련대출-예금은행,G00,울산,,,,,십억원,,202412,10308.1
151Y003,1.2.3.4.2. 예금은행 지역별 가계대출(말잔),11110A0,주택관련대출-예금은행,H00,세종,,,,,십억원,,202412,6086.9
151Y003,1.2.3.4.2. 예금은행 지역별 가계대출(말잔),11110A0,주택관련대출-예금은행,L00,경기,,,,,십억원,,202412,196592
151Y003,1.2.3.4.2. 예금은행 지역별 가계대출(말잔),11110A0,주택관련대출-예금은행,M00,강원,,,,,십억원,,202412,7920.1
151Y003,1.2.3.4.2. 예금은행 지역별 가계대출(말잔),11110A0,주택관련대출-예금은행,N00,충북,,,,,십억원,,202412,9328.7
151Y003,1.2.3.4.2. 예금은행 지역별 가계대출(말잔),11110A0,주택관련대출-예금은행,P00,충남,,,,,십억원,,202412,14442.7
151Y003,1.2.3.4.2. 예금은행 지역별 가계대출(말잔),11110A0,주택관련대출-예금은행,Q00,전북,,,,,십억원,,202412,7899.7
151Y003,1.2.3.4.2. 예금은행 지역별 가계대출(말잔),11110A0,주택관련대출-예금은행,R00,전남,,,,,십억원,,202412,7046.5
151Y003,1.2.3.4.2. 예금은행 지역별 가계대출(말잔),11110A0,주택관련대출-예금은행,S00,경북,,,,,십억원,,202412,11251.9
151Y003,1.2.3.4.2. 예금은행 지역별 가계대출(말잔),11110A0,주택관련대출-예금은행,T00,경남,,,,,십억원,,202412,24400.9
151Y003,1.2.3.4.2. 예금은행 지역별 가계대출(말잔),11110A0,주택관련대출-예금은행,U00,제주,,,,,십억원,,202412,4491.3
151Y003,1.2.3.4.2. 예금은행 지역별 가계대출(말잔),11110A0,주택관련대출-예금은행,A00,서울,,,,,십억원,,202501,259876.5
151Y003,1.2.3.4.2. 예금은행 지역별 가계대출(말잔),11110A0,주택관련대출-예금은행,B00,부산,,,,,십억원,,202501,53269.4
151Y003,1.2.3.4.2. 예금은행 지역별 가계대출(말잔),11110A0,주택관련대출-예금은행,C00,대구,,,,,십억원,,202501,34154.9
151Y003,1.2.3.4.2. 예금은행 지역별 가계대출(말잔),11110A0,주택관련대출-예금은행,D00,인천,,,,,십억원,,202501,49396.7
151Y003,1.2.3.4.2. 예금은행 지역별 가계대출(말잔),11110A0,주택관련대출-예금은행,E00,대전,,,,,십억원,,202501,16466.9
151Y003,1.2.3.4.2. 예금은행 지역별 가계대출(말잔),11110A0,주택관련대출-예금은행,F00,광주,,,,,십억원,,202501,16119.8
151Y003,1.2.3.4.2. 예금은행 지역별 가계대출(말잔),11110A0,주택관련대출-예금은행,G00,울산,,,,,십억원,,202501,10388
151Y003,1.2.3.4.2. 예금은행 지역별 가계대출(말잔),11110A0,주택관련대출-예금은행,H00,세종,,,,,십억원,,202501,6068.2
151Y003,1.2.3.4.2. 예금은행 지역별 가계대출(말잔),11110A0,주택관련대출-예금은행,L00,경기,,,,,십억원,,202501,197693.8
151Y003,1.2.3.4.2. 예금은행 지역별 가계대출(말잔),11110A0,주택관련대출-예금은행,M00,강원,,,,,십억원,,202501,8036.8
151Y003,1.2.3.4.2. 예금은행 지역별 가계대출(말잔),11110A0,주택관련대출-예금은행,N00,충북,,,,,십억원,,202501,9437.2
151Y003,1.2.3.4.2. 예금은행 지역별 가계대출(말잔),11110A0,주택관련대출-예금은행,P00,충남,,,,,십억원,,202501,14431.5
151Y003,1.2.3.4.2. 예금은행 지역별 가계대출(말잔),11110A0,주택관련대출-예금은행,Q00,전북,,,,,십억원,,202501,7990.8
151Y003,1.2.3.4.2. 예금은행 지역별 가계대출(말잔),11110A0,주택관련대출-예금은행,R00,전남,,,,,십억원,,202501,7011.9
151Y003,1.2.3.4.2. 예금은행 지역별 가계대출(말잔),11110A0,주택관련대출-예금은행,S00,경북,,,,,십억원,,202501,11284.3
151Y003,1.2.3.4.2. 예금은행 지역별 가계대출(말잔),11110A0,주택관련대출-예금은행,T00,경남,,,,,십억원,,202501,24449.6
151Y003,1.2.3.4.2. 예금은행 지역별 가계대출(말잔),11110A0,주택관련대출-예금은행,U00,제주,,,,,십억원,,202501,4595.8
151Y003,1.2.3.4.2. 예금은행 지역별 가계대출(말잔),11110A0,주택관련대출-예금은행,A00,서울,,,,,십억원,,202502,261701.2
151Y003,1.2.3.4.2. 예금은행 지역별 가계대출(말잔),11110A0,주택관련대출-예금은행,B00,부산,,,,,십억원,,202502,53495.9
151Y003,1.2.3.4.2. 예금은행 지역별 가계대출(말잔),11110A0,주택관련대출-예금은행,C00,대구,,,,,십억원,,202502,34396.4
151Y003,1.2.3.4.2. 예금은행 지역별 가계대출(말잔),11110A0,주택관련대출-예금은행,D00,인천,,,,,십억원,,202502,50194.4
151Y003,1.2.3.4.2. 예금은행 지역별 가계대출(말잔),11110A0,주택관련대출-예금은행,E00,대전,,,,,십억원,,202502,16376.1
151Y003,1.2.3.4.2. 예금은행 지역별 가계대출(말잔),11110A0,주택관련대출-예금은행,F00,광주,,,,,십억원,,202502,16163.1
151Y003,1.2.3.4.2. 예금은행 지역별 가계대출(말잔),11110A0,주택관련대출-예금은행,G00,울산,,,,,십억원,,202502,10447.5
151Y003,1.2.3.4.2. 예금은행 지역별 가계대출(말잔),11110A0,주택관련대출-예금은행,H00,세종,,,,,십억원,,202502,6204.9
151Y003,1.2.3.4.2. 예금은행 지역별 가계대출(말잔),11110A0,주택관련대출-예금은행,L00,경기,,,,,십억원,,202502,198709.1
151Y003,1.2.3.4.2. 예금은행 지역별 가계대출(말잔),11110A0,주택관련대출-예금은행,M00,강원,,,,,십억원,,202502,8139
151Y003,1.2.3.4.2. 예금은행 지역별 가계대출(말잔),11110A0,주택관련대출-예금은행,N00,충북,,,,,십억원,,202502,9566.4
151Y003,1.2.3.4.2. 예금은행 지역별 가계대출(말잔),11110A0,주택관련대출-예금은행,P00,충남,,,,,십억원,,202502,14507.6
151Y003,1.2.3.4.2. 예금은행 지역별 가계대출(말잔),11110A0,주택관련대출-예금은행,Q00,전북,,,,,십억원,,202502,8078.3
151Y003,1.2.3.4.2. 예금은행 지역별 가계대출(말잔),11110A0,주택관련대출-예금은행,R00,전남,,,,,십억원,,202502,7054.8
151Y003,1.2.3.4.2. 예금은행 지역별 가계대출(말잔),11110A0,주택관련대출-예금은행,S00,경북,,,,,십억원,,202502,11309.1
151Y003,1.2.3.4.2. 예금은행 지역별 가계대출(말잔),11110A0,주택관련대출-예금은행,T00,경남,,,,,십억원,,202502,24555.1
151Y003,1.2.3.4.2. 예금은행 지역별 가계대출(말잔),11110A0,주택관련대출-예금은행,U00,제주,,,,,십억원,,202502,4638
151Y003,1.2.3.4.2. 예금은행 지역별 가계대출(말잔),11110A0,주택관련대출-예금은행,A00,서울,,,,,십억원,,202503,262696.7
151Y003,1.2.3.4.2. 예금은행 지역별 가계대출(말잔),11110A0,주택관련대출-예금은행,B00,부산,,,,,십억원,,202503,53628
151Y003,1.2.3.4.2. 예금은행 지역별 가계대출(말잔),11110A0,주택관련대출-예금은행,C00,대구,,,,,십억원,,202503,34514.6
151Y003,1.2.3.4.2. 예금은행 지역별 가계대출(말잔),11110A0,주택관련대출-예금은행,D00,인천,,,,,십억원,,202503,50448.7
151Y003,1.2.3.4.2. 예금은행 지역별 가계대출(말잔),11110A0,주택관련대출-예금은행,E00,대전,,,,,십억원,,202503,16382.9
151Y003,1.2.3.4.2. 예금은행 지역별 가계대출(말잔),11110A0,주택관련대출-예금은행,F00,광주,,,,,십억원,,202503,16269.3
151Y003,1.2.3.4.2. 예금은행 지역별 가계대출(말잔),11110A0,주택관련대출-예금은행,G00,울산,,,,,십억원,,202503,10514.3
151Y003,1.2.3.4.2. 예금은행 지역별 가계대출(말잔),11110A0,주택관련대출-예금은행,H00,세종,,,,,십억원,,202503,6240.2
151Y003,1.2.3.4.2. 예금은행 지역별 가계대출(말잔),11110A0,주택관련대출-예금은행,L00,경기,,,,,십억원,,202503,200034.9
151Y003,1.2.3.4.2. 예금은행 지역별 가계대출(말잔),11110A0,주택관련대출-예금은행,M00,강원,,,,,십억원,,202503,8276.4
151Y003,1.2.3.4.2. 예금은행 지역별 가계대출(말잔),11110A0,주택관련대출-예금은행,N00,충북,,,,,십억원,,202503,9655.8
151Y003,1.2.3.4.2. 예금은행 지역별 가계대출(말잔),11110A0,주택관련대출-예금은행,P00,충남,,,,,십억원,,202503,14582.5
151Y003,1.2.3.4.2. 예금은행 지역별 가계대출(말잔),11110A0,주택관련대출-예금은행,Q00,전북,,,,,십억원,,202503,8199
151Y003,1.2.3.4.2. 예금은행 지역별 가계대출(말잔),11110A0,주택관련대출-예금은행,R00,전남,,,,,십억원,,202503,7139
151Y003,1.2.3.4.2. 예금은행 지역별 가계대출(말잔),11110A0,주택관련대출-예금은행,S00,경북,,,,,십억원,,202503,11426.5
151Y003,1.2.3.4.2. 예금은행 지역별 가계대출(말잔),11110A0,주택관련대출-예금은행,T00,경남,,,,,십억원,,202503,24682.8
151Y003,1.2.3.4.2. 예금은행 지역별 가계대출(말잔),11110A0,주택관련대출-예금은행,U00,제주,,,,,십억원,,202503,4675.8
151Y003,1.2.3.4.2. 예금은행 지역별 가계대출(말잔),11110A0,주택관련대출-예금은행,A00,서울,,,,,십억원,,202504,264308.3
151Y003,1.2.3.4.2. 예금은행 지역별 가계대출(말잔),11110A0,주택관련대출-예금은행,B00,부산,,,,,십억원,,202504,54229.7
151Y003,1.2.3.4.2. 예금은행 지역별 가계대출(말잔),11110A0,주택관련대출-예금은행,C00,대구,,,,,십억원,,202504,34737.3
151Y003,1.2.3.4.2. 예금은행 지역별 가계대출(말잔),11110A0,주택관련대출-예금은행,D00,인천,,,,,십억원,,202504,50998.7
151Y003,1.2.3.4.2. 예금은행 지역별 가계대출(말잔),11110A0,주택관련대출-예금은행,E00,대전,,,,,십억원,,202504,16440.1
151Y003,1.2.3.4.2. 예금은행 지역별 가계대출(말잔),11110A0,주택관련대출-예금은행,F00,광주,,,,,십억원,,202504,16395.3
151Y003,1.2.3.4.2. 예금은행 지역별 가계대출(말잔),11110A0,주택관련대출-예금은행,G00,울산,,,,,십억원,,202504,10606.6
151Y003,1.2.3.4.2. 예금은행 지역별 가계대출(말잔),11110A0,주택관련대출-예금은행,H00,세종,,,,,십억원,,202504,6265.4
151Y003,1.2.3.4.2. 예금은행 지역별 가계대출(말잔),11110A0,주택관련대출-예금은행,L00,경기,,,,,십억원,,202504,201369.1
151Y003,1.2.3.4.2. 예금은행 지역별 가계대출(말잔),11110A0,주택관련대출-예금은행,M00,강원,,,,,십억원,,202504,8364.9
151Y003,1.2.3.4.2. 예금은행 지역별 가계대출(말잔),11110A0,주택관련대출-예금은행,N00,충북,,,,,십억원,,202504,9727
151Y003,1.2.3.4.2. 예금은행 지역별 가계대출(말잔),11110A0,주택관련대출-예금은행,P00,충남,,,,,십억원,,202504,14660.3
151Y003,1.2.3.4.2. 예금은행 지역별 가계대출(말잔),11110A0,주택관련대출-예금은행,Q00,전북,,,,,십억원,,202504,8268.2
151Y003,1.2.3.4.2. 예금은행 지역별 가계대출(말잔),11110A0,주택관련대출-예금은행,R00,전남,,,,,십억원,,202504,7191
151Y003,1.2.3.4.2. 예금은행 지역별 가계대출(말잔),11110A0,주택관련대출-예금은행,S00,경북,,,,,십억원,,202504,11522.4
151Y003,1.2.3.4.2. 예금은행 지역별 가계대출(말잔),11110A0,주택관련대출-예금은행,T00,경남,,,,,십억원,,202504,24689.6
151Y003,1.2.3.4.2. 예금은행 지역별 가계대출(말잔),11110A0,주택관련대출-예금은행,U00,제주,,,,,십억원,,202504,4739.1
151Y003,1.2.3.4.2. 예금은행 지역별 가계대출(말잔),11110A0,주택관련대출-예금은행,A00,서울,,,,,십억원,,202505,266067.1
151Y003,1.2.3.4.2. 예금은행 지역별 가계대출(말잔),11110A0,주택관련대출-예금은행,B00,부산,,,,,십억원,,202505,54476.9
151Y003,1.2.3.4.2. 예금은행 지역별 가계대출(말잔),11110A0,주택관련대출-예금은행,C00,대구,,,,,십억원,,202505,34831.3
151Y003,1.2.3.4.2. 예금은행 지역별 가계대출(말잔),11110A0,주택관련대출-예금은행,D00,인천,,,,,십억원,,202505,51383.5
151Y003,1.2.3.4.2. 예금은행 지역별 가계대출(말잔),11110A0,주택관련대출-예금은행,E00,대전,,,,,십억원,,202505,16633.7
151Y003,1.2.3.4.2. 예금은행 지역별 가계대출(말잔),11110A0,주택관련대출-예금은행,F00,광주,,,,,십억원,,202505,16585.9
151Y003,1.2.3.4.2. 예금은행 지역별 가계대출(말잔),11110A0,주택관련대출-예금은행,G00,울산,,,,,십억원,,202505,10653.6
151Y003,1.2.3.4.2. 예금은행 지역별 가계대출(말잔),11110A0,주택관련대출-예금은행,H00,세종,,,,,십억원,,202505,6278.8
151Y003,1.2.3.4.2. 예금은행 지역별 가계대출(말잔),11110A0,주택관련대출-예금은행,L00,경기,,,,,십억원,,202505,202584.9
151Y003,1.2.3.4.2. 예금은행 지역별 가계대출(말잔),11110A0,주택관련대출-예금은행,M00,강원,,,,,십억원,,202505,8386.4
151Y003,1.2.3.4.2. 예금은행 지역별 가계대출(말잔),11110A0,주택관련대출-예금은행,N00,충북,,,,,십억원,,202505,9802.7
151Y003,1.2.3.4.2. 예금은행 지역별 가계대출(말잔),11110A0,주택관련대출-예금은행,P00,충남,,,,,십억원,,202505,14664.6
151Y003,1.2.3.4.2. 예금은행 지역별 가계대출(말잔),11110A0,주택관련대출-예금은행,Q00,전북,,,,,십억원,,202505,8430.7
151Y003,1.2.3.4.2. 예금은행 지역별 가계대출(말잔),11110A0,주택관련대출-예금은행,R00,전남,,,,,십억원,,202505,7248.3
151Y003,1.2.3.4.2. 예금은행 지역별 가계대출(말잔),11110A0,주택관련대출-예금은행,S00,경북,,,,,십억원,,202505,11572.2
151Y003,1.2.3.4.2. 예금은행 지역별 가계대출(말잔),11110A0,주택관련대출-예금은행,T00,경남,,,,,십억원,,202505,24649.9
151Y003,1.2.3.4.2. 예금은행 지역별 가계대출(말잔),11110A0,주택관련대출-예금은행,U00,제주,,,,,십억원,,202505,4762.3
151Y003,1.2.3.4.2. 예금은행 지역별 가계대출(말잔),11110A0,주택관련대출-예금은행,A00,서울,,,,,십억원,,202506,268966.4
151Y003,1.2.3.4.2. 예금은행 지역별 가계대출(말잔),11110A0,주택관련대출-예금은행,B00,부산,,,,,십억원,,202506,54880.2
151Y003,1.2.3.4.2. 예금은행 지역별 가계대출(말잔),11110A0,주택관련대출-예금은행,C00,대구,,,,,십억원,,202506,34995.1
151Y003,1.2.3.4.2. 예금은행 지역별 가계대출(말잔),11110A0,주택관련대출-예금은행,D00,인천,,,,,십억원,,202506,51787.7
151Y003,1.2.3.4.2. 예금은행 지역별 가계대출(말잔),11110A0,주택관련대출-예금은행,E00,대전,,,,,십억원,,202506,16799
151Y003,1.2.3.4.2. 예금은행 지역별 가계대출(말잔),11110A0,주택관련대출-예금은행,F00,광주,,,,,십억원,,202506,16680.4
151Y003,1.2.3.4.2. 예금은행 지역별 가계대출(말잔),11110A0,주택관련대출-예금은행,G00,울산,,,,,십억원,,202506,10826.3
151Y003,1.2.3.4.2. 예금은행 지역별 가계대출(말잔),11110A0,주택관련대출-예금은행,H00,세종,,,,,십억원,,202506,6248.6
151Y003,1.2.3.4.2. 예금은행 지역별 가계대출(말잔),11110A0,주택관련대출-예금은행,L00,경기,,,,,십억원,,202506,204011.1
151Y003,1.2.3.4.2. 예금은행 지역별 가계대출(말잔),11110A0,주택관련대출-예금은행,M00,강원,,,,,십억원,,202506,8503.3
151Y003,1.2.3.4.2. 예금은행 지역별 가계대출(말잔),11110A0,주택관련대출-예금은행,N00,충북,,,,,십억원,,202506,9950.9
151Y003,1.2.3.4.2. 예금은행 지역별 가계대출(말잔),11110A0,주택관련대출-예금은행,P00,충남,,,,,십억원,,202506,14761.8
151Y003,1.2.3.4.2. 예금은행 지역별 가계대출(말잔),11110A0,주택관련대출-예금은행,Q00,전북,,,,,십억원,,202506,8517.6
151Y003,1.2.3.4.2. 예금은행 지역별 가계대출(말잔),11110A0,주택관련대출-예금은행,R00,전남,,,,,십억원,,202506,7300.2
151Y003,1.2.3.4.2. 예금은행 지역별 가계대출(말잔),11110A0,주택관련대출-예금은행,S00,경북,,,,,십억원,,202506,11663.9
151Y003,1.2.3.4.2. 예금은행 지역별 가계대출(말잔),11110A0,주택관련대출-예금은행,T00,경남,,,,,십억원,,202506,24697.4
151Y003,1.2.3.4.2. 예금은행 지역별 가계대출(말잔),11110A0,주택관련대출-예금은행,U00,제주,,,,,십억원,,202506,4774.7
151Y003,1.2.3.4.2. 예금은행 지역별 가계대출(말잔),11110A0,주택관련대출-예금은행,A00,서울,,,,,십억원,,202507,271293
151Y003,1.2.3.4.2. 예금은행 지역별 가계대출(말잔),11110A0,주택관련대출-예금은행,B00,부산,,,,,십억원,,202507,54804.2
151Y003,1.2.3.4.2. 예금은행 지역별 가계대출(말잔),11110A0,주택관련대출-예금은행,C00,대구,,,,,십억원,,202507,35084.3
151Y003,1.2.3.4.2. 예금은행 지역별 가계대출(말잔),11110A0,주택관련대출-예금은행,D00,인천,,,,,십억원,,202507,52192.8
151Y003,1.2.3.4.2. 예금은행 지역별 가계대출(말잔),11110A0,주택관련대출-예금은행,E00,대전,,,,,십억원,,202507,16933.2
151Y003,1.2.3.4.2. 예금은행 지역별 가계대출(말잔),11110A0,주택관련대출-예금은행,F00,광주,,,,,십억원,,202507,16690.6
151Y003,1.2.3.4.2. 예금은행 지역별 가계대출(말잔),11110A0,주택관련대출-예금은행,G00,울산,,,,,십억원,,202507,10904.1
151Y003,1.2.3.4.2. 예금은행 지역별 가계대출(말잔),11110A0,주택관련대출-예금은행,H00,세종,,,,,십억원,,202507,6299.7
151Y003,1.2.3.4.2. 예금은행 지역별 가계대출(말잔),11110A0,주택관련대출-예금은행,L00,경기,,,,,십억원,,202507,204759.1
151Y003,1.2.3.4.2. 예금은행 지역별 가계대출(말잔),11110A0,주택관련대출-예금은행,M00,강원,,,,,십억원,,202507,8547.9
151Y003,1.2.3.4.2. 예금은행 지역별 가계대출(말잔),11110A0,주택관련대출-예금은행,N00,충북,,,,,십억원,,202507,10123.7
151Y003,1.2.3.4.2. 예금은행 지역별 가계대출(말잔),11110A0,주택관련대출-예금은행,P00,충남,,,,,십억원,,202507,15003.9
151Y003,1.2.3.4.2. 예금은행 지역별 가계대출(말잔),11110A0,주택관련대출-예금은행,Q00,전북,,,,,십억원,,202507,8637.2
151Y003,1.2.3.4.2. 예금은행 지역별 가계대출(말잔),11110A0,주택관련대출-예금은행,R00,전남,,,,,십억원,,202507,7338.3
151Y003,1.2.3.4.2. 예금은행 지역별 가계대출(말잔),11110A0,주택관련대출-예금은행,S00,경북,,,,,십억원,,202507,11745.7
151Y003,1.2.3.4.2. 예금은행 지역별 가계대출(말잔),11110A0,주택관련대출-예금은행,T00,경남,,,,,십억원,,202507,24787.6
151Y003,1.2.3.4.2. 예금은행 지역별 가계대출(말잔),11110A0,주택관련대출-예금은행,U00,제주,,,,,십억원,,202507,4799.1
151Y003,1.2.3.4.2. 예금은행 지역별 가계대출(말잔),11110A0,주택관련대출-예금은행,A00,서울,,,,,십억원,,202508,273554.5
151Y003,1.2.3.4.2. 예금은행 지역별 가계대출(말잔),11110A0,주택관련대출-예금은행,B00,부산,,,,,십억원,,202508,54937.2
151Y003,1.2.3.4.2. 예금은행 지역별 가계대출(말잔),11110A0,주택관련대출-예금은행,C00,대구,,,,,십억원,,202508,34943.7
151Y003,1.2.3.4.2. 예금은행 지역별 가계대출(말잔),11110A0,주택관련대출-예금은행,D00,인천,,,,,십억원,,202508,52438.7
151Y003,1.2.3.4.2. 예금은행 지역별 가계대출(말잔),11110A0,주택관련대출-예금은행,E00,대전,,,,,십억원,,202508,16931.6
151Y003,1.2.3.4.2. 예금은행 지역별 가계대출(말잔),11110A0,주택관련대출-예금은행,F00,광주,,,,,십억원,,202508,16668.2
151Y003,1.2.3.4.2. 예금은행 지역별 가계대출(말잔),11110A0,주택관련대출-예금은행,G00,울산,,,,,십억원,,202508,10973
151Y003,1.2.3.4.2. 예금은행 지역별 가계대출(말잔),11110A0,주택관련대출-예금은행,H00,세종,,,,,십억원,,202508,6299.1
151Y003,1.2.3.4.2. 예금은행 지역별 가계대출(말잔),11110A0,주택관련대출-예금은행,L00,경기,,,,,십억원,,202508,205802.2
151Y003,1.2.3.4.2. 예금은행 지역별 가계대출(말잔),11110A0,주택관련대출-예금은행,M00,강원,,,,,십억원,,202508,8611.5
151Y003,1.2.3.4.2. 예금은행 지역별 가계대출(말잔),11110A0,주택관련대출-예금은행,N00,충북,,,,,십억원,,202508,10187.3
151Y003,1.2.3.4.2. 예금은행 지역별 가계대출(말잔),11110A0,주택관련대출-예금은행,P00,충남,,,,,십억원,,202508,15118.5
151Y003,1.2.3.4.2. 예금은행 지역별 가계대출(말잔),11110A0,주택관련대출-예금은행,Q00,전북,,,,,십억원,,202508,8769.3
151Y003,1.2.3.4.2. 예금은행 지역별 가계대출(말잔),11110A0,주택관련대출-예금은행,R00,전남,,,,,십억원,,202508,7360.1
151Y003,1.2.3.4.2. 예금은행 지역별 가계대출(말잔),11110A0,주택관련대출-예금은행,S00,경북,,,,,십억원,,202508,11663.8
151Y003,1.2.3.4.2. 예금은행 지역별 가계대출(말잔),11110A0,주택관련대출-예금은행,T00,경남,,,,,십억원,,202508,24802.9
151Y003,1.2.3.4.2. 예금은행 지역별 가계대출(말잔),11110A0,주택관련대출-예금은행,U00,제주,,,,,십억원,,202508,4853.4
151Y003,1.2.3.4.2. 예금은행 지역별 가계대출(말잔),11110A0,주택관련대출-예금은행,A00,서울,,,,,십억원,,202509,275095.4
151Y003,1.2.3.4.2. 예금은행 지역별 가계대출(말잔),11110A0,주택관련대출-예금은행,B00,부산,,,,,십억원,,202509,54777.8
151Y003,1.2.3.4.2. 예금은행 지역별 가계대출(말잔),11110A0,주택관련대출-예금은행,C00,대구,,,,,십억원,,202509,35156.8
151Y003,1.2.3.4.2. 예금은행 지역별 가계대출(말잔),11110A0,주택관련대출-예금은행,D00,인천,,,,,십억원,,202509,52583.3
151Y003,1.2.3.4.2. 예금은행 지역별 가계대출(말잔),11110A0,주택관련대출-예금은행,E00,대전,,,,,십억원,,202509,17003.9
151Y003,1.2.3.4.2. 예금은행 지역별 가계대출(말잔),11110A0,주택관련대출-예금은행,F00,광주,,,,,십억원,,202509,16652.9
151Y003,1.2.3.4.2. 예금은행 지역별 가계대출(말잔),11110A0,주택관련대출-예금은행,G00,울산,,,,,십억원,,202509,11054.4
151Y003,1.2.3.4.2. 예금은행 지역별 가계대출(말잔),11110A0,주택관련대출-예금은행,H00,세종,,,,,십억원,,202509,6286.2
151Y003,1.2.3.4.2. 예금은행 지역별 가계대출(말잔),11110A0,주택관련대출-예금은행,L00,경기,,,,,십억원,,202509,206460.6
151Y003,1.2.3.4.2. 예금은행 지역별 가계대출(말잔),11110A0,주택관련대출-예금은행,M00,강원,,,,,십억원,,202509,8587.7
151Y003,1.2.3.4.2. 예금은행 지역별 가계대출(말잔),11110A0,주택관련대출-예금은행,N00,충북,,,,,십억원,,202509,10162
151Y003,1.2.3.4.2. 예금은행 지역별 가계대출(말잔),11110A0,주택관련대출-예금은행,P00,충남,,,,,십억원,,202509,15091.1
151Y003,1.2.3.4.2. 예금은행 지역별 가계대출(말잔),11110A0,주택관련대출-예금은행,Q00,전북,,,,,십억원,,202509,8745.7
151Y003,1.2.3.4.2. 예금은행 지역별 가계대출(말잔),11110A0,주택관련대출-예금은행,R00,전남,,,,,십억원,,202509,7291.6
151Y003,1.2.3.4.2. 예금은행 지역별 가계대출(말잔),11110A0,주택관련대출-예금은행,S00,경북,,,,,십억원,,202509,11564.5
151Y003,1.2.3.4.2. 예금은행 지역별 가계대출(말잔),11110A0,주택관련대출-예금은행,T00,경남,,,,,십억원,,202509,24873.5
151Y003,1.2.3.4.2. 예금은행 지역별 가계대출(말잔),11110A0,주택관련대출-예금은행,U00,제주,,,,,십억원,,202509,4881.6
151Y003,1.2.3.4.2. 예금은행 지역별 가계대출(말잔),11110A0,주택관련대출-예금은행,A00,서울,,,,,십억원,,202510,275835.7
151Y003,1.2.3.4.2. 예금은행 지역별 가계대출(말잔),11110A0,주택관련대출-예금은행,B00,부산,,,,,십억원,,202510,54757.6
151Y003,1.2.3.4.2. 예금은행 지역별 가계대출(말잔),11110A0,주택관련대출-예금은행,C00,대구,,,,,십억원,,202510,35301
151Y003,1.2.3.4.2. 예금은행 지역별 가계대출(말잔),11110A0,주택관련대출-예금은행,D00,인천,,,,,십억원,,202510,52785
151Y003,1.2.3.4.2. 예금은행 지역별 가계대출(말잔),11110A0,주택관련대출-예금은행,E00,대전,,,,,십억원,,202510,17236.6
151Y003,1.2.3.4.2. 예금은행 지역별 가계대출(말잔),11110A0,주택관련대출-예금은행,F00,광주,,,,,십억원,,202510,16694.6
151Y003,1.2.3.4.2. 예금은행 지역별 가계대출(말잔),11110A0,주택관련대출-예금은행,G00,울산,,,,,십억원,,202510,11115.4
151Y003,1.2.3.4.2. 예금은행 지역별 가계대출(말잔),11110A0,주택관련대출-예금은행,H00,세종,,,,,십억원,,202510,6270.4
151Y003,1.2.3.4.2. 예금은행 지역별 가계대출(말잔),11110A0,주택관련대출-예금은행,L00,경기,,,,,십억원,,202510,206726.4
151Y003,1.2.3.4.2. 예금은행 지역별 가계대출(말잔),11110A0,주택관련대출-예금은행,M00,강원,,,,,십억원,,202510,8724
151Y003,1.2.3.4.2. 예금은행 지역별 가계대출(말잔),11110A0,주택관련대출-예금은행,N00,충북,,,,,십억원,,202510,10338.7
151Y003,1.2.3.4.2. 예금은행 지역별 가계대출(말잔),11110A0,주택관련대출-예금은행,P00,충남,,,,,십억원,,202510,15168.8
151Y003,1.2.3.4.2. 예금은행 지역별 가계대출(말잔),11110A0,주택관련대출-예금은행,Q00,전북,,,,,십억원,,202510,8819.8
151Y003,1.2.3.4.2. 예금은행 지역별 가계대출(말잔),11110A0,주택관련대출-예금은행,R00,전남,,,,,십억원,,202510,7290.1
151Y003,1.2.3.4.2. 예금은행 지역별 가계대출(말잔),11110A0,주택관련대출-예금은행,S00,경북,,,,,십억원,,202510,11788.4
151Y003,1.2.3.4.2. 예금은행 지역별 가계대출(말잔),11110A0,주택관련대출-예금은행,T00,경남,,,,,십억원,,202510,25041.5
151Y003,1.2.3.4.2. 예금은행 지역별 가계대출(말잔),11110A0,주택관련대출-예금은행,U00,제주,,,,,십억원,,202510,4887.4
151Y003,1.2.3.4.2. 예금은행 지역별 가계대출(말잔),11110A0,주택관련대출-예금은행,A00,서울,,,,,십억원,,202511,275824.7
151Y003,1.2.3.4.2. 예금은행 지역별 가계대출(말잔),11110A0,주택관련대출-예금은행,B00,부산,,,,,십억원,,202511,54844.3
151Y003,1.2.3.4.2. 예금은행 지역별 가계대출(말잔),11110A0,주택관련대출-예금은행,C00,대구,,,,,십억원,,202511,35444.3
151Y003,1.2.3.4.2. 예금은행 지역별 가계대출(말잔),11110A0,주택관련대출-예금은행,D00,인천,,,,,십억원,,202511,52787.4
151Y003,1.2.3.4.2. 예금은행 지역별 가계대출(말잔),11110A0,주택관련대출-예금은행,E00,대전,,,,,십억원,,202511,17238.5
151Y003,1.2.3.4.2. 예금은행 지역별 가계대출(말잔),11110A0,주택관련대출-예금은행,F00,광주,,,,,십억원,,202511,16782.8
151Y003,1.2.3.4.2. 예금은행 지역별 가계대출(말잔),11110A0,주택관련대출-예금은행,G00,울산,,,,,십억원,,202511,11243
151Y003,1.2.3.4.2. 예금은행 지역별 가계대출(말잔),11110A0,주택관련대출-예금은행,H00,세종,,,,,십억원,,202511,6273.7
151Y003,1.2.3.4.2. 예금은행 지역별 가계대출(말잔),11110A0,주택관련대출-예금은행,L00,경기,,,,,십억원,,202511,207199.9
151Y003,1.2.3.4.2. 예금은행 지역별 가계대출(말잔),11110A0,주택관련대출-예금은행,M00,강원,,,,,십억원,,202511,8794
151Y003,1.2.3.4.2. 예금은행 지역별 가계대출(말잔),11110A0,주택관련대출-예금은행,N00,충북,,,,,십억원,,202511,10517.6
151Y003,1.2.3.4.2. 예금은행 지역별 가계대출(말잔),11110A0,주택관련대출-예금은행,P00,충남,,,,,십억원,,202511,15272.1
151Y003,1.2.3.4.2. 예금은행 지역별 가계대출(말잔),11110A0,주택관련대출-예금은행,Q00,전북,,,,,십억원,,202511,8840.1
151Y003,1.2.3.4.2. 예금은행 지역별 가계대출(말잔),11110A0,주택관련대출-예금은행,R00,전남,,,,,십억원,,202511,7324.7
151Y003,1.2.3.4.2. 예금은행 지역별 가계대출(말잔),11110A0,주택관련대출-예금은행,S00,경북,,,,,십억원,,202511,11808.9
151Y003,1.2.3.4.2. 예금은행 지역별 가계대출(말잔),11110A0,주택관련대출-예금은행,T00,경남,,,,,십억원,,202511,25238.6
151Y003,1.2.3.4.2. 예금은행 지역별 가계대출(말잔),11110A0,주택관련대출-예금은행,U00,제주,,,,,십억원,,202511,4921.5
151Y003,1.2.3.4.2. 예금은행 지역별 가계대출(말잔),11110A0,주택관련대출-예금은행,A00,서울,,,,,십억원,,202512,275580.9
151Y003,1.2.3.4.2. 예금은행 지역별 가계대출(말잔),11110A0,주택관련대출-예금은행,B00,부산,,,,,십억원,,202512,55123.8
151Y003,1.2.3.4.2. 예금은행 지역별 가계대출(말잔),11110A0,주택관련대출-예금은행,C00,대구,,,,,십억원,,202512,35562.3
151Y003,1.2.3.4.2. 예금은행 지역별 가계대출(말잔),11110A0,주택관련대출-예금은행,D00,인천,,,,,십억원,,202512,52638.9
151Y003,1.2.3.4.2. 예금은행 지역별 가계대출(말잔),11110A0,주택관련대출-예금은행,E00,대전,,,,,십억원,,202512,17234.5
151Y003,1.2.3.4.2. 예금은행 지역별 가계대출(말잔),11110A0,주택관련대출-예금은행,F00,광주,,,,,십억원,,202512,16849
151Y003,1.2.3.4.2. 예금은행 지역별 가계대출(말잔),11110A0,주택관련대출-예금은행,G00,울산,,,,,십억원,,202512,11287.9
151Y003,1.2.3.4.2. 예금은행 지역별 가계대출(말잔),11110A0,주택관련대출-예금은행,H00,세종,,,,,십억원,,202512,6281
151Y003,1.2.3.4.2. 예금은행 지역별 가계대출(말잔),11110A0,주택관련대출-예금은행,L00,경기,,,,,십억원,,202512,207209.6
151Y003,1.2.3.4.2. 예금은행 지역별 가계대출(말잔),11110A0,주택관련대출-예금은행,M00,강원,,,,,십억원,,202512,8950.2
151Y003,1.2.3.4.2. 예금은행 지역별 가계대출(말잔),11110A0,주택관련대출-예금은행,N00,충북,,,,,십억원,,202512,10685.5
151Y003,1.2.3.4.2. 예금은행 지역별 가계대출(말잔),11110A0,주택관련대출-예금은행,P00,충남,,,,,십억원,,202512,15405.3
151Y003,1.2.3.4.2. 예금은행 지역별 가계대출(말잔),11110A0,주택관련대출-예금은행,Q00,전북,,,,,십억원,,202512,8854.5
151Y003,1.2.3.4.2. 예금은행 지역별 가계대출(말잔),11110A0,주택관련대출-예금은행,R00,전남,,,,,십억원,,202512,7328.4
151Y003,1.2.3.4.2. 예금은행 지역별 가계대출(말잔),11110A0,주택관련대출-예금은행,S00,경북,,,,,십억원,,202512,11877.4
151Y003,1.2.3.4.2. 예금은행 지역별 가계대출(말잔),11110A0,주택관련대출-예금은행,T00,경남,,,,,십억원,,202512,25254.8
151Y003,1.2.3.4.2. 예금은행 지역별 가계대출(말잔),11110A0,주택관련대출-예금은행,U00,제주,,,,,십억원,,202512,4960.9
151Y003,1.2.3.4.2. 예금은행 지역별 가계대출(말잔),11110A0,주택관련대출-예금은행,A00,서울,,,,,십억원,,202601,275252.3
151Y003,1.2.3.4.2. 예금은행 지역별 가계대출(말잔),11110A0,주택관련대출-예금은행,B00,부산,,,,,십억원,,202601,54969.5
151Y003,1.2.3.4.2. 예금은행 지역별 가계대출(말잔),11110A0,주택관련대출-예금은행,C00,대구,,,,,십억원,,202601,35584.6
151Y003,1.2.3.4.2. 예금은행 지역별 가계대출(말잔),11110A0,주택관련대출-예금은행,D00,인천,,,,,십억원,,202601,52516.6
151Y003,1.2.3.4.2. 예금은행 지역별 가계대출(말잔),11110A0,주택관련대출-예금은행,E00,대전,,,,,십억원,,202601,17288.1
151Y003,1.2.3.4.2. 예금은행 지역별 가계대출(말잔),11110A0,주택관련대출-예금은행,F00,광주,,,,,십억원,,202601,16795
151Y003,1.2.3.4.2. 예금은행 지역별 가계대출(말잔),11110A0,주택관련대출-예금은행,G00,울산,,,,,십억원,,202601,11291.5
151Y003,1.2.3.4.2. 예금은행 지역별 가계대출(말잔),11110A0,주택관련대출-예금은행,H00,세종,,,,,십억원,,202601,6286.3
151Y003,1.2.3.4.2. 예금은행 지역별 가계대출(말잔),11110A0,주택관련대출-예금은행,L00,경기,,,,,십억원,,202601,206825.5
151Y003,1.2.3.4.2. 예금은행 지역별 가계대출(말잔),11110A0,주택관련대출-예금은행,M00,강원,,,,,십억원,,202601,8962.1
151Y003,1.2.3.4.2. 예금은행 지역별 가계대출(말잔),11110A0,주택관련대출-예금은행,N00,충북,,,,,십억원,,202601,10608.5
151Y003,1.2.3.4.2. 예금은행 지역별 가계대출(말잔),11110A0,주택관련대출-예금은행,P00,충남,,,,,십억원,,202601,15315.6
151Y003,1.2.3.4.2. 예금은행 지역별 가계대출(말잔),11110A0,주택관련대출-예금은행,Q00,전북,,,,,십억원,,202601,8843.4
151Y003,1.2.3.4.2. 예금은행 지역별 가계대출(말잔),11110A0,주택관련대출-예금은행,R00,전남,,,,,십억원,,202601,7389
151Y003,1.2.3.4.2. 예금은행 지역별 가계대출(말잔),11110A0,주택관련대출-예금은행,S00,경북,,,,,십억원,,202601,11799.5
151Y003,1.2.3.4.2. 예금은행 지역별 가계대출(말잔),11110A0,주택관련대출-예금은행,T00,경남,,,,,십억원,,202601,25241.5
151Y003,1.2.3.4.2. 예금은행 지역별 가계대출(말잔),11110A0,주택관련대출-예금은행,U00,제주,,,,,십억원,,202601,4965.6
151Y003,1.2.3.4.2. 예금은행 지역별 가계대출(말잔),11110A0,주택관련대출-예금은행,A00,서울,,,,,십억원,,202602,275698.5
151Y003,1.2.3.4.2. 예금은행 지역별 가계대출(말잔),11110A0,주택관련대출-예금은행,B00,부산,,,,,십억원,,202602,54889.3
151Y003,1.2.3.4.2. 예금은행 지역별 가계대출(말잔),11110A0,주택관련대출-예금은행,C00,대구,,,,,십억원,,202602,35615
151Y003,1.2.3.4.2. 예금은행 지역별 가계대출(말잔),11110A0,주택관련대출-예금은행,D00,인천,,,,,십억원,,202602,52604.4
151Y003,1.2.3.4.2. 예금은행 지역별 가계대출(말잔),11110A0,주택관련대출-예금은행,E00,대전,,,,,십억원,,202602,17263.5
151Y003,1.2.3.4.2. 예금은행 지역별 가계대출(말잔),11110A0,주택관련대출-예금은행,F00,광주,,,,,십억원,,202602,16856.6
151Y003,1.2.3.4.2. 예금은행 지역별 가계대출(말잔),11110A0,주택관련대출-예금은행,G00,울산,,,,,십억원,,202602,11314.3
151Y003,1.2.3.4.2. 예금은행 지역별 가계대출(말잔),11110A0,주택관련대출-예금은행,H00,세종,,,,,십억원,,202602,6301.8
151Y003,1.2.3.4.2. 예금은행 지역별 가계대출(말잔),11110A0,주택관련대출-예금은행,L00,경기,,,,,십억원,,202602,207077
151Y003,1.2.3.4.2. 예금은행 지역별 가계대출(말잔),11110A0,주택관련대출-예금은행,M00,강원,,,,,십억원,,202602,9017.6
151Y003,1.2.3.4.2. 예금은행 지역별 가계대출(말잔),11110A0,주택관련대출-예금은행,N00,충북,,,,,십억원,,202602,10584
151Y003,1.2.3.4.2. 예금은행 지역별 가계대출(말잔),11110A0,주택관련대출-예금은행,P00,충남,,,,,십억원,,202602,15425.8
151Y003,1.2.3.4.2. 예금은행 지역별 가계대출(말잔),11110A0,주택관련대출-예금은행,Q00,전북,,,,,십억원,,202602,8902.3
151Y003,1.2.3.4.2. 예금은행 지역별 가계대출(말잔),11110A0,주택관련대출-예금은행,R00,전남,,,,,십억원,,202602,7408
151Y003,1.2.3.4.2. 예금은행 지역별 가계대출(말잔),11110A0,주택관련대출-예금은행,S00,경북,,,,,십억원,,202602,11835.3
151Y003,1.2.3.4.2. 예금은행 지역별 가계대출(말잔),11110A0,주택관련대출-예금은행,T00,경남,,,,,십억원,,202602,25501.9
151Y003,1.2.3.4.2. 예금은행 지역별 가계대출(말잔),11110A0,주택관련대출-예금은행,U00,제주,,,,,십억원,,202602,4969.9
151Y003,1.2.3.4.2. 예금은행 지역별 가계대출(말잔),11110A0,주택관련대출-예금은행,A00,서울,,,,,십억원,,202603,275495
151Y003,1.2.3.4.2. 예금은행 지역별 가계대출(말잔),11110A0,주택관련대출-예금은행,B00,부산,,,,,십억원,,202603,54853.2
151Y003,1.2.3.4.2. 예금은행 지역별 가계대출(말잔),11110A0,주택관련대출-예금은행,C00,대구,,,,,십억원,,202603,35562
151Y003,1.2.3.4.2. 예금은행 지역별 가계대출(말잔),11110A0,주택관련대출-예금은행,D00,인천,,,,,십억원,,202603,52704.9
151Y003,1.2.3.4.2. 예금은행 지역별 가계대출(말잔),11110A0,주택관련대출-예금은행,E00,대전,,,,,십억원,,202603,17544.3
151Y003,1.2.3.4.2. 예금은행 지역별 가계대출(말잔),11110A0,주택관련대출-예금은행,F00,광주,,,,,십억원,,202603,16843
151Y003,1.2.3.4.2. 예금은행 지역별 가계대출(말잔),11110A0,주택관련대출-예금은행,G00,울산,,,,,십억원,,202603,11434.8
151Y003,1.2.3.4.2. 예금은행 지역별 가계대출(말잔),11110A0,주택관련대출-예금은행,H00,세종,,,,,십억원,,202603,6318.2
151Y003,1.2.3.4.2. 예금은행 지역별 가계대출(말잔),11110A0,주택관련대출-예금은행,L00,경기,,,,,십억원,,202603,206881.3
151Y003,1.2.3.4.2. 예금은행 지역별 가계대출(말잔),11110A0,주택관련대출-예금은행,M00,강원,,,,,십억원,,202603,9097.5
151Y003,1.2.3.4.2. 예금은행 지역별 가계대출(말잔),11110A0,주택관련대출-예금은행,N00,충북,,,,,십억원,,202603,10541.9
151Y003,1.2.3.4.2. 예금은행 지역별 가계대출(말잔),11110A0,주택관련대출-예금은행,P00,충남,,,,,십억원,,202603,15414.5
151Y003,1.2.3.4.2. 예금은행 지역별 가계대출(말잔),11110A0,주택관련대출-예금은행,Q00,전북,,,,,십억원,,202603,8887.5
151Y003,1.2.3.4.2. 예금은행 지역별 가계대출(말잔),11110A0,주택관련대출-예금은행,R00,전남,,,,,십억원,,202603,7385.6
151Y003,1.2.3.4.2. 예금은행 지역별 가계대출(말잔),11110A0,주택관련대출-예금은행,S00,경북,,,,,십억원,,202603,11808.6
151Y003,1.2.3.4.2. 예금은행 지역별 가계대출(말잔),11110A0,주택관련대출-예금은행,T00,경남,,,,,십억원,,202603,25677
151Y003,1.2.3.4.2. 예금은행 지역별 가계대출(말잔),11110A0,주택관련대출-예금은행,U00,제주,,,,,십억원,,202603,4972.7
151Y003,1.2.3.4.2. 예금은행 지역별 가계대출(말잔),11110A0,주택관련대출-예금은행,A00,서울,,,,,십억원,,202604,276616.8
151Y003,1.2.3.4.2. 예금은행 지역별 가계대출(말잔),11110A0,주택관련대출-예금은행,B00,부산,,,,,십억원,,202604,54850.8
151Y003,1.2.3.4.2. 예금은행 지역별 가계대출(말잔),11110A0,주택관련대출-예금은행,C00,대구,,,,,십억원,,202604,35748.5
151Y003,1.2.3.4.2. 예금은행 지역별 가계대출(말잔),11110A0,주택관련대출-예금은행,D00,인천,,,,,십억원,,202604,52894.2
151Y003,1.2.3.4.2. 예금은행 지역별 가계대출(말잔),11110A0,주택관련대출-예금은행,E00,대전,,,,,십억원,,202604,17593.5
151Y003,1.2.3.4.2. 예금은행 지역별 가계대출(말잔),11110A0,주택관련대출-예금은행,F00,광주,,,,,십억원,,202604,17040.1
151Y003,1.2.3.4.2. 예금은행 지역별 가계대출(말잔),11110A0,주택관련대출-예금은행,G00,울산,,,,,십억원,,202604,11499.4
151Y003,1.2.3.4.2. 예금은행 지역별 가계대출(말잔),11110A0,주택관련대출-예금은행,H00,세종,,,,,십억원,,202604,6339.1
151Y003,1.2.3.4.2. 예금은행 지역별 가계대출(말잔),11110A0,주택관련대출-예금은행,L00,경기,,,,,십억원,,202604,207281.1
151Y003,1.2.3.4.2. 예금은행 지역별 가계대출(말잔),11110A0,주택관련대출-예금은행,M00,강원,,,,,십억원,,202604,9147
151Y003,1.2.3.4.2. 예금은행 지역별 가계대출(말잔),11110A0,주택관련대출-예금은행,N00,충북,,,,,십억원,,202604,10581.6
151Y003,1.2.3.4.2. 예금은행 지역별 가계대출(말잔),11110A0,주택관련대출-예금은행,P00,충남,,,,,십억원,,202604,15518.9
151Y003,1.2.3.4.2. 예금은행 지역별 가계대출(말잔),11110A0,주택관련대출-예금은행,Q00,전북,,,,,십억원,,202604,8875.5
151Y003,1.2.3.4.2. 예금은행 지역별 가계대출(말잔),11110A0,주택관련대출-예금은행,R00,전남,,,,,십억원,,202604,7377.5
151Y003,1.2.3.4.2. 예금은행 지역별 가계대출(말잔),11110A0,주택관련대출-예금은행,S00,경북,,,,,십억원,,202604,11728.2
151Y003,1.2.3.4.2. 예금은행 지역별 가계대출(말잔),11110A0,주택관련대출-예금은행,T00,경남,,,,,십억원,,202604,25817.1
151Y003,1.2.3.4.2. 예금은행 지역별 가계대출(말잔),11110A0,주택관련대출-예금은행,U00,제주,,,,,십억원,,202604,4959.4
151Y003,1.2.3.4.2. 예금은행 지역별 가계대출(말잔),11110A0,주택관련대출-예금은행,A00,서울,,,,,십억원,,202605,277217.6
151Y003,1.2.3.4.2. 예금은행 지역별 가계대출(말잔),11110A0,주택관련대출-예금은행,B00,부산,,,,,십억원,,202605,55430.5
151Y003,1.2.3.4.2. 예금은행 지역별 가계대출(말잔),11110A0,주택관련대출-예금은행,C00,대구,,,,,십억원,,202605,35661.9
151Y003,1.2.3.4.2. 예금은행 지역별 가계대출(말잔),11110A0,주택관련대출-예금은행,D00,인천,,,,,십억원,,202605,53067.4
151Y003,1.2.3.4.2. 예금은행 지역별 가계대출(말잔),11110A0,주택관련대출-예금은행,E00,대전,,,,,십억원,,202605,17669.5
151Y003,1.2.3.4.2. 예금은행 지역별 가계대출(말잔),11110A0,주택관련대출-예금은행,F00,광주,,,,,십억원,,202605,17050
151Y003,1.2.3.4.2. 예금은행 지역별 가계대출(말잔),11110A0,주택관련대출-예금은행,G00,울산,,,,,십억원,,202605,11445.4
151Y003,1.2.3.4.2. 예금은행 지역별 가계대출(말잔),11110A0,주택관련대출-예금은행,H00,세종,,,,,십억원,,202605,6378.9
151Y003,1.2.3.4.2. 예금은행 지역별 가계대출(말잔),11110A0,주택관련대출-예금은행,L00,경기,,,,,십억원,,202605,207730.3
151Y003,1.2.3.4.2. 예금은행 지역별 가계대출(말잔),11110A0,주택관련대출-예금은행,M00,강원,,,,,십억원,,202605,9119.9
151Y003,1.2.3.4.2. 예금은행 지역별 가계대출(말잔),11110A0,주택관련대출-예금은행,N00,충북,,,,,십억원,,202605,10447.8
151Y003,1.2.3.4.2. 예금은행 지역별 가계대출(말잔),11110A0,주택관련대출-예금은행,P00,충남,,,,,십억원,,202605,15505.5
151Y003,1.2.3.4.2. 예금은행 지역별 가계대출(말잔),11110A0,주택관련대출-예금은행,Q00,전북,,,,,십억원,,202605,8836.7
151Y003,1.2.3.4.2. 예금은행 지역별 가계대출(말잔),11110A0,주택관련대출-예금은행,R00,전남,,,,,십억원,,202605,7435.6
151Y003,1.2.3.4.2. 예금은행 지역별 가계대출(말잔),11110A0,주택관련대출-예금은행,S00,경북,,,,,십억원,,202605,11595.1
151Y003,1.2.3.4.2. 예금은행 지역별 가계대출(말잔),11110A0,주택관련대출-예금은행,T00,경남,,,,,십억원,,202605,26059.4
151Y003,1.2.3.4.2. 예금은행 지역별 가계대출(말잔),11110A0,주택관련대출-예금은행,U00,제주,,,,,십억원,,202605,4950.6
151Y003,1.2.3.4.2. 예금은행 지역별 가계대출(말잔),11110A0,주택관련대출-예금은행,A00,서울,,,,,십억원,,202606,277936.8
151Y003,1.2.3.4.2. 예금은행 지역별 가계대출(말잔),11110A0,주택관련대출-예금은행,B00,부산,,,,,십억원,,202606,55809.4
151Y003,1.2.3.4.2. 예금은행 지역별 가계대출(말잔),11110A0,주택관련대출-예금은행,C00,대구,,,,,십억원,,202606,35735.7
151Y003,1.2.3.4.2. 예금은행 지역별 가계대출(말잔),11110A0,주택관련대출-예금은행,D00,인천,,,,,십억원,,202606,53162.6
151Y003,1.2.3.4.2. 예금은행 지역별 가계대출(말잔),11110A0,주택관련대출-예금은행,E00,대전,,,,,십억원,,202606,18036.2
151Y003,1.2.3.4.2. 예금은행 지역별 가계대출(말잔),11110A0,주택관련대출-예금은행,F00,광주,,,,,십억원,,202606,17096
151Y003,1.2.3.4.2. 예금은행 지역별 가계대출(말잔),11110A0,주택관련대출-예금은행,G00,울산,,,,,십억원,,202606,11298.1
151Y003,1.2.3.4.2. 예금은행 지역별 가계대출(말잔),11110A0,주택관련대출-예금은행,H00,세종,,,,,십억원,,202606,6406
151Y003,1.2.3.4.2. 예금은행 지역별 가계대출(말잔),11110A0,주택관련대출-예금은행,L00,경기,,,,,십억원,,202606,208130.5
151Y003,1.2.3.4.2. 예금은행 지역별 가계대출(말잔),11110A0,주택관련대출-예금은행,M00,강원,,,,,십억원,,202606,9178.3
151Y003,1.2.3.4.2. 예금은행 지역별 가계대출(말잔),11110A0,주택관련대출-예금은행,N00,충북,,,,,십억원,,202606,10362.1
151Y003,1.2.3.4.2. 예금은행 지역별 가계대출(말잔),11110A0,주택관련대출-예금은행,P00,충남,,,,,십억원,,202606,15555.8
151Y003,1.2.3.4.2. 예금은행 지역별 가계대출(말잔),11110A0,주택관련대출-예금은행,Q00,전북,,,,,십억원,,202606,8894.9
151Y003,1.2.3.4.2. 예금은행 지역별 가계대출(말잔),11110A0,주택관련대출-예금은행,R00,전남,,,,,십억원,,202606,7416.9
151Y003,1.2.3.4.2. 예금은행 지역별 가계대출(말잔),11110A0,주택관련대출-예금은행,S00,경북,,,,,십억원,,202606,11807.6
151Y003,1.2.3.4.2. 예금은행 지역별 가계대출(말잔),11110A0,주택관련대출-예금은행,T00,경남,,,,,십억원,,202606,26386.7
151Y003,1.2.3.4.2. 예금은행 지역별 가계대출(말잔),11110A0,주택관련대출-예금은행,U00,제주,,,,,십억원,,202606,4971.8
151Y003,1.2.3.4.2. 예금은행 지역별 가계대출(말잔),11110A0,주택관련대출-예금은행,A00,서울,,,,,십억원,,202607,279292.7
151Y003,1.2.3.4.2. 예금은행 지역별 가계대출(말잔),11110A0,주택관련대출-예금은행,B00,부산,,,,,십억원,,202607,56091
151Y003,1.2.3.4.2. 예금은행 지역별 가계대출(말잔),11110A0,주택관련대출-예금은행,C00,대구,,,,,십억원,,202607,35934.4
151Y003,1.2.3.4.2. 예금은행 지역별 가계대출(말잔),11110A0,주택관련대출-예금은행,D00,인천,,,,,십억원,,202607,53029
151Y003,1.2.3.4.2. 예금은행 지역별 가계대출(말잔),11110A0,주택관련대출-예금은행,E00,대전,,,,,십억원,,202607,18172.4
151Y003,1.2.3.4.2. 예금은행 지역별 가계대출(말잔),11110A0,주택관련대출-예금은행,F00,광주,,,,,십억원,,202607,17265.4
151Y003,1.2.3.4.2. 예금은행 지역별 가계대출(말잔),11110A0,주택관련대출-예금은행,G00,울산,,,,,십억원,,202607,11452
151Y003,1.2.3.4.2. 예금은행 지역별 가계대출(말잔),11110A0,주택관련대출-예금은행,H00,세종,,,,,십억원,,202607,6432.8
151Y003,1.2.3.4.2. 예금은행 지역별 가계대출(말잔),11110A0,주택관련대출-예금은행,L00,경기,,,,,십억원,,202607,209290.1
151Y003,1.2.3.4.2. 예금은행 지역별 가계대출(말잔),11110A0,주택관련대출-예금은행,M00,강원,,,,,십억원,,202607,9244.9
151Y003,1.2.3.4.2. 예금은행 지역별 가계대출(말잔),11110A0,주택관련대출-예금은행,N00,충북,,,,,십억원,,202607,10365.5
151Y003,1.2.3.4.2. 예금은행 지역별 가계대출(말잔),11110A0,주택관련대출-예금은행,P00,충남,,,,,십억원,,202607,15604.2
151Y003,1.2.3.4.2. 예금은행 지역별 가계대출(말잔),11110A0,주택관련대출-예금은행,Q00,전북,,,,,십억원,,202607,8896.8
151Y003,1.2.3.4.2. 예금은행 지역별 가계대출(말잔),11110A0,주택관련대출-예금은행,R00,전남,,,,,십억원,,202607,7419.2
151Y003,1.2.3.4.2. 예금은행 지역별 가계대출(말잔),11110A0,주택관련대출-예금은행,S00,경북,,,,,십억원,,202607,11897.8
151Y003,1.2.3.4.2. 예금은행 지역별 가계대출(말잔),11110A0,주택관련대출-예금은행,T00,경남,,,,,십억원,,202607,26347.5
151Y003,1.2.3.4.2. 예금은행 지역별 가계대출(말잔),11110A0,주택관련대출-예금은행,U00,제주,,,,,십억원,,202607,4992
