패널,학습기준월,변수,관측률,고유값수,사용여부,Master_ID
17시도,201801,V003_전세가율_%|수준,1.0,129,True,V003
17시도,201801,V003_전세가율_%|12m차,1.0,136,True,V003
17시도,201801,V004_지역별전월세전환율_%|수준,1.0,280,True,V004
17시도,201801,V004_지역별전월세전환율_%|12m차,1.0,387,True,V004
17시도,201801,V005_월세수급동향|수준,0.96,340,True,V005
17시도,201801,V005_월세수급동향|12m차,0.48,202,False,V005
17시도,201801,V009_주민등록인구_명|12m로그변화,1.0,425,True,V009
17시도,201801,V010_주민등록세대수_세대|12m로그변화,1.0,425,True,V010
17시도,201801,V011_20-29세_명|12m로그변화,1.0,425,True,V011
17시도,201801,V011_20-39세_명|12m로그변화,1.0,425,True,V011
17시도,201801,V011_20-39세비중_%|수준,1.0,425,True,V011
17시도,201801,V011_20-39세비중_%|12m차,1.0,425,True,V011
17시도,201801,V011_30-39세_명|12m로그변화,1.0,425,True,V011
17시도,201801,V012_순이동자수_명|천명당12개월,1.0,425,True,V012
17시도,201801,V013_고용률_%|수준,0.9552941176470588,110,True,V013
17시도,201801,V013_고용률_%|12m차,0.9411764705882353,79,True,V013
17시도,201801,V013_취업자_천명|12m로그변화,0.9411764705882353,400,True,V013
17시도,201801,V021_아파트_인허가_호|12개월누적log,1.0,423,True,V021
17시도,201801,V021_아파트_인허가_호|12개월누적log_12m차,1.0,425,True,V021
17시도,201801,V022_아파트_착공_호|12개월누적log,1.0,418,True,V022
17시도,201801,V022_아파트_착공_호|12개월누적log_12m차,1.0,424,True,V022
17시도,201801,V023_아파트_준공_호|12개월누적log,1.0,417,True,V023
17시도,201801,V023_아파트_준공_호|12개월누적log_12m차,1.0,424,True,V023
17시도,201801,V031_매매수급동향|수준,1.0,356,True,V031
17시도,201801,V031_매매수급동향|12m차,1.0,419,True,V031
17시도,201801,V032_전세수급동향|수준,1.0,364,True,V032
17시도,201801,V032_전세수급동향|12m차,1.0,415,True,V032
17시도,201801,V034_수급동향(구)_통합|수준,0.018823529411764704,8,False,V034
17시도,201801,V034_수급동향(구)_통합|12m차,0.018823529411764704,7,False,V034
17시도,201801,V035_아파트거래_동호수_호|12개월누적log,1.0,420,True,V035
17시도,201801,V035_아파트거래_동호수_호|12개월누적log_12m차,1.0,425,True,V035
17시도,201801,V035_아파트거래_면적_천㎡|12개월누적log,1.0,408,True,V035
17시도,201801,V035_아파트거래_면적_천㎡|12개월누적log_12m차,1.0,425,True,V035
17시도,201801,V036_아파트매매거래_동호수_호|12개월누적log,1.0,423,True,V036
17시도,201801,V036_아파트매매거래_동호수_호|12개월누적log_12m차,1.0,425,True,V036
17시도,201801,V036_아파트매매거래_면적_천㎡|12개월누적log,1.0,384,True,V036
17시도,201801,V036_아파트매매거래_면적_천㎡|12개월누적log_12m차,1.0,424,True,V036
17시도,201801,V037_주택시장_소비심리지수|수준,0.8823529411764706,253,True,V037
17시도,201801,V037_주택시장_소비심리지수|12m차,0.8823529411764706,291,True,V037
17시도,201801,V038_미분양주택현황_호|log,1.0,387,True,V038
17시도,201801,V038_미분양주택현황_호|log_12m차,1.0,414,True,V038
17시도,201801,V050_지역별_주택관련대출_예금은행_십억원|12m로그변화,1.0,425,True,V050
17시도,201801,V043_한국은행_기준금리_연%|수준,1.0,2,True,V043
17시도,201801,V043_한국은행_기준금리_연%|12m차,1.0,5,True,V043
17시도,201801,V044_시장금리_CD91일_연%|수준,1.0,19,True,V044
17시도,201801,V044_시장금리_CD91일_연%|12m차,1.0,22,True,V044
17시도,201801,V045_시장금리_국고채3년_연%|수준,1.0,25,True,V045
17시도,201801,V045_시장금리_국고채3년_연%|12m차,1.0,25,True,V045
17시도,201801,V046_M2_통화량_십억원|12m로그변화,1.0,25,True,V046
17시도,201801,V048_소비자물가지수_2020=100|수준,1.0,24,True,V048
17시도,201801,V048_소비자물가지수_2020=100|12m차,1.0,25,True,V048
17시도,201801,V056_예금은행대출금리_주택담보_연리%|수준,1.0,22,True,V056
17시도,201801,V056_예금은행대출금리_주택담보_연리%|12m차,1.0,22,True,V056
17시도,201801,V057_예금은행대출금리_전세자금_연리%|수준,1.0,21,True,V057
17시도,201801,V057_예금은행대출금리_전세자금_연리%|12m차,0.72,15,True,V057
17시도,201801,V059_비은행대출금리_주택담보_연리%|수준,1.0,22,True,V059
17시도,201801,V059_비은행대출금리_주택담보_연리%|12m차,1.0,23,True,V059
17시도,201801,V061_주택가격전망CSI_서울|수준,1.0,18,True,V061
17시도,201801,V061_주택가격전망CSI_서울|12m차,1.0,17,True,V061
17시도,201801,V062_주택가격전망CSI_6대광역시|수준,1.0,19,True,V062
17시도,201801,V062_주택가격전망CSI_6대광역시|12m차,1.0,18,True,V062
17시도,201801,V063_주택가격전망CSI_기타도시|수준,1.0,17,True,V063
17시도,201801,V063_주택가격전망CSI_기타도시|12m차,1.0,16,True,V063
17시도,201801,V064_KOSPI_종가_1980.01.04=100|수준,1.0,25,True,V064
17시도,201801,V064_KOSPI_종가_1980.01.04=100|12m차,1.0,25,True,V064
17시도,201801,V066_임금총액_사업체노동력_원|12m로그변화,1.0,25,True,V066
17시도,201801,V067_선행지수순환변동치_2020=100|수준,1.0,18,True,V067
17시도,201801,V067_선행지수순환변동치_2020=100|12m차,1.0,20,True,V067
17시도,201801,V069_예금취급기관_가계대출_십억원|12m로그변화,1.0,25,True,V069
17시도,201801,V069_예금취급기관_주택관련대출_십억원|12m로그변화,1.0,25,True,V069
17시도,201801,V070_수출금액_천불|12m로그변화,1.0,25,True,V070
17시도,201801,V071_정책대출_주금공_주택도시기금_십억원|12m로그변화,0.48,12,False,V071
17시도,201801,V047_가계신용_총액_십억원|12m로그변화,1.0,9,True,V047
17시도,201801,V049_시간당명목임금지수_2020=100|수준,1.0,9,True,V049
17시도,201801,V049_시간당명목임금지수_2020=100|12m차,1.0,9,True,V049
17시도,201801,V060_대출태도_국내은행_가계주택|수준,1.0,8,True,V060
17시도,201801,V060_대출태도_국내은행_가계주택|12m차,1.0,8,True,V060
17시도,201801,V074_가계동향_도시2인이상_월평균소득_원|수준,1.0,9,True,V074
17시도,201801,V074_가계동향_도시2인이상_월평균소득_원|12m차,1.0,9,True,V074
17시도,201801,V074_연결_월평균소득_원|12m로그변화,1.0,9,True,V074
17시도,201801,V015_1인당GRDP_천원|12m로그변화,0.9882352941176471,50,True,V015
17시도,201801,V017_1인당가계총처분가능소득_천원|12m로그변화,0.9882352941176471,50,True,V017
17시도,201801,V024_주거용신축허가_동수_동|12m로그변화,0.058823529411764705,3,False,V024
17시도,201801,V024_주거용신축허가_연면적_㎡|12m로그변화,0.058823529411764705,3,False,V024
17시도,201801,V072_총조사_가구수_가구|12m로그변화,0.04,17,False,V072
17시도,201801,V072_총조사_주택수_호|12m로그변화,0.04,17,False,V072
17시도,201801,V076_공공+민간총계(DT_MLTM_7174)_호|12m로그변화,0.0,0,False,V076
17시도,201801,V076_공공임대계(DT_MLTM_7174)_호|12m로그변화,0.0,0,False,V076
17시도,201801,V076_민간임대계(DT_MLTM_7174)_호|12m로그변화,0.0,0,False,V076
17시도,201801,V076_민간임대(DT_MLTM_6827합계)_호|12m로그변화,0.0,0,False,V076
17시도,201801,V077_임대주택건설공급_총계_호|12m로그변화,1.0,51,True,V077
17시도,201801,V072_총조사단순주택수가구수비율|12m로그변화,0.04,17,False,V072
17시도,201801,V024_주거용신축허가_동수_천세대당|수준,0.058823529411764705,3,False,V024
17시도,201801,V024_주거용신축허가_동수_천세대당|12m차,0.058823529411764705,3,False,V024
17시도,201801,V076_공공+민간총계(DT_MLTM_7174)_천세대당|수준,0.0,0,False,V076
17시도,201801,V076_공공+민간총계(DT_MLTM_7174)_천세대당|12m차,0.0,0,False,V076
17시도,201801,V076_공공임대계(DT_MLTM_7174)_천세대당|수준,0.0,0,False,V076
17시도,201801,V076_공공임대계(DT_MLTM_7174)_천세대당|12m차,0.0,0,False,V076
17시도,201801,V076_민간임대계(DT_MLTM_7174)_천세대당|수준,0.0,0,False,V076
17시도,201801,V076_민간임대계(DT_MLTM_7174)_천세대당|12m차,0.0,0,False,V076
17시도,201801,V076_민간임대(DT_MLTM_6827합계)_천세대당|수준,0.0,0,False,V076
17시도,201801,V076_민간임대(DT_MLTM_6827합계)_천세대당|12m차,0.0,0,False,V076
17시도,201801,V077_임대주택건설공급_총계_천세대당|수준,1.0,51,True,V077
17시도,201801,V077_임대주택건설공급_총계_천세대당|12m차,1.0,51,True,V077
17시도,201801,V015_전국대비|수준,1.0,51,True,V015
17시도,201801,V015_전국대비|12m차,0.9882352941176471,50,True,V015
17시도,201801,V017_전국대비|수준,1.0,50,True,V017
17시도,201801,V017_전국대비|12m차,0.9882352941176471,50,True,V017
17시도,201801,V072_공식주택보급률_%|수준,0.96,49,True,V072
17시도,201801,V072_공식주택보급률_%|12m차,0.9411764705882353,48,True,V072
17시도,201801,D_CSI_전신계열,1.0,1,False,
17시도,201801,D_Wage_10th,1.0,1,False,
17시도,201801,D_Wage_11th,1.0,1,False,
17시도,201801,M10_rent_growth_1m,0.96,408,True,
17시도,201801,M10_rent_growth_6m,0.76,323,True,
17시도,201804,V003_전세가율_%|수준,1.0,136,True,V003
17시도,201804,V003_전세가율_%|12m차,1.0,141,True,V003
17시도,201804,V004_지역별전월세전환율_%|수준,1.0,305,True,V004
17시도,201804,V004_지역별전월세전환율_%|12m차,1.0,432,True,V004
17시도,201804,V005_월세수급동향|수준,0.9642857142857143,380,True,V005
17시도,201804,V005_월세수급동향|12m차,0.5357142857142857,253,False,V005
17시도,201804,V009_주민등록인구_명|12m로그변화,1.0,476,True,V009
17시도,201804,V010_주민등록세대수_세대|12m로그변화,1.0,476,True,V010
17시도,201804,V011_20-29세_명|12m로그변화,1.0,476,True,V011
17시도,201804,V011_20-39세_명|12m로그변화,1.0,476,True,V011
17시도,201804,V011_20-39세비중_%|수준,1.0,476,True,V011
17시도,201804,V011_20-39세비중_%|12m차,1.0,476,True,V011
17시도,201804,V011_30-39세_명|12m로그변화,1.0,476,True,V011
17시도,201804,V012_순이동자수_명|천명당12개월,1.0,476,True,V012
17시도,201804,V013_고용률_%|수준,0.9600840336134454,115,True,V013
17시도,201804,V013_고용률_%|12m차,0.9411764705882353,89,True,V013
17시도,201804,V013_취업자_천명|12m로그변화,0.9411764705882353,448,True,V013
17시도,201804,V021_아파트_인허가_호|12개월누적log,1.0,473,True,V021
17시도,201804,V021_아파트_인허가_호|12개월누적log_12m차,1.0,476,True,V021
17시도,201804,V022_아파트_착공_호|12개월누적log,1.0,468,True,V022
17시도,201804,V022_아파트_착공_호|12개월누적log_12m차,1.0,475,True,V022
17시도,201804,V023_아파트_준공_호|12개월누적log,1.0,467,True,V023
17시도,201804,V023_아파트_준공_호|12개월누적log_12m차,1.0,475,True,V023
17시도,201804,V031_매매수급동향|수준,1.0,400,True,V031
17시도,201804,V031_매매수급동향|12m차,1.0,468,True,V031
17시도,201804,V032_전세수급동향|수준,1.0,405,True,V032
17시도,201804,V032_전세수급동향|12m차,1.0,463,True,V032
17시도,201804,V034_수급동향(구)_통합|수준,0.01680672268907563,8,False,V034
17시도,201804,V034_수급동향(구)_통합|12m차,0.01680672268907563,7,False,V034
17시도,201804,V035_아파트거래_동호수_호|12개월누적log,1.0,470,True,V035
17시도,201804,V035_아파트거래_동호수_호|12개월누적log_12m차,1.0,476,True,V035
17시도,201804,V035_아파트거래_면적_천㎡|12개월누적log,1.0,454,True,V035
17시도,201804,V035_아파트거래_면적_천㎡|12개월누적log_12m차,1.0,476,True,V035
17시도,201804,V036_아파트매매거래_동호수_호|12개월누적log,1.0,473,True,V036
17시도,201804,V036_아파트매매거래_동호수_호|12개월누적log_12m차,1.0,476,True,V036
17시도,201804,V036_아파트매매거래_면적_천㎡|12개월누적log,1.0,421,True,V036
17시도,201804,V036_아파트매매거래_면적_천㎡|12개월누적log_12m차,1.0,475,True,V036
17시도,201804,V037_주택시장_소비심리지수|수준,0.8823529411764706,269,True,V037
17시도,201804,V037_주택시장_소비심리지수|12m차,0.8823529411764706,319,True,V037
17시도,201804,V038_미분양주택현황_호|log,1.0,433,True,V038
17시도,201804,V038_미분양주택현황_호|log_12m차,1.0,461,True,V038
17시도,201804,V050_지역별_주택관련대출_예금은행_십억원|12m로그변화,1.0,476,True,V050
17시도,201804,V043_한국은행_기준금리_연%|수준,1.0,2,True,V043
17시도,201804,V043_한국은행_기준금리_연%|12m차,1.0,5,True,V043
17시도,201804,V044_시장금리_CD91일_연%|수준,1.0,19,True,V044
17시도,201804,V044_시장금리_CD91일_연%|12m차,1.0,23,True,V044
17시도,201804,V045_시장금리_국고채3년_연%|수준,1.0,28,True,V045
17시도,201804,V045_시장금리_국고채3년_연%|12m차,1.0,28,True,V045
17시도,201804,V046_M2_통화량_십억원|12m로그변화,1.0,28,True,V046
17시도,201804,V048_소비자물가지수_2020=100|수준,1.0,27,True,V048
17시도,201804,V048_소비자물가지수_2020=100|12m차,1.0,28,True,V048
17시도,201804,V056_예금은행대출금리_주택담보_연리%|수준,1.0,24,True,V056
17시도,201804,V056_예금은행대출금리_주택담보_연리%|12m차,1.0,25,True,V056
17시도,201804,V057_예금은행대출금리_전세자금_연리%|수준,1.0,22,True,V057
17시도,201804,V057_예금은행대출금리_전세자금_연리%|12m차,0.75,18,True,V057
17시도,201804,V059_비은행대출금리_주택담보_연리%|수준,1.0,24,True,V059
17시도,201804,V059_비은행대출금리_주택담보_연리%|12m차,1.0,26,True,V059
17시도,201804,V061_주택가격전망CSI_서울|수준,1.0,18,True,V061
17시도,201804,V061_주택가격전망CSI_서울|12m차,1.0,18,True,V061
17시도,201804,V062_주택가격전망CSI_6대광역시|수준,1.0,22,True,V062
17시도,201804,V062_주택가격전망CSI_6대광역시|12m차,1.0,20,True,V062
17시도,201804,V063_주택가격전망CSI_기타도시|수준,1.0,18,True,V063
17시도,201804,V063_주택가격전망CSI_기타도시|12m차,1.0,17,True,V063
17시도,201804,V064_KOSPI_종가_1980.01.04=100|수준,1.0,28,True,V064
17시도,201804,V064_KOSPI_종가_1980.01.04=100|12m차,1.0,28,True,V064
17시도,201804,V066_임금총액_사업체노동력_원|12m로그변화,1.0,28,True,V066
17시도,201804,V067_선행지수순환변동치_2020=100|수준,1.0,21,True,V067
17시도,201804,V067_선행지수순환변동치_2020=100|12m차,1.0,22,True,V067
17시도,201804,V069_예금취급기관_가계대출_십억원|12m로그변화,1.0,28,True,V069
17시도,201804,V069_예금취급기관_주택관련대출_십억원|12m로그변화,1.0,28,True,V069
17시도,201804,V070_수출금액_천불|12m로그변화,1.0,28,True,V070
17시도,201804,V071_정책대출_주금공_주택도시기금_십억원|12m로그변화,0.5357142857142857,15,False,V071
17시도,201804,V047_가계신용_총액_십억원|12m로그변화,1.0,10,True,V047
17시도,201804,V049_시간당명목임금지수_2020=100|수준,1.0,10,True,V049
17시도,201804,V049_시간당명목임금지수_2020=100|12m차,1.0,10,True,V049
17시도,201804,V060_대출태도_국내은행_가계주택|수준,1.0,8,True,V060
17시도,201804,V060_대출태도_국내은행_가계주택|12m차,1.0,9,True,V060
17시도,201804,V074_가계동향_도시2인이상_월평균소득_원|수준,1.0,10,True,V074
17시도,201804,V074_가계동향_도시2인이상_월평균소득_원|12m차,1.0,10,True,V074
17시도,201804,V074_연결_월평균소득_원|12m로그변화,1.0,10,True,V074
17시도,201804,V015_1인당GRDP_천원|12m로그변화,0.9894957983193278,50,True,V015
17시도,201804,V017_1인당가계총처분가능소득_천원|12m로그변화,0.9894957983193278,50,True,V017
17시도,201804,V024_주거용신축허가_동수_동|12m로그변화,0.058823529411764705,3,False,V024
17시도,201804,V024_주거용신축허가_연면적_㎡|12m로그변화,0.058823529411764705,3,False,V024
17시도,201804,V072_총조사_가구수_가구|12m로그변화,0.14285714285714285,17,False,V072
17시도,201804,V072_총조사_주택수_호|12m로그변화,0.14285714285714285,17,False,V072
17시도,201804,V076_공공+민간총계(DT_MLTM_7174)_호|12m로그변화,0.0,0,False,V076
17시도,201804,V076_공공임대계(DT_MLTM_7174)_호|12m로그변화,0.0,0,False,V076
17시도,201804,V076_민간임대계(DT_MLTM_7174)_호|12m로그변화,0.0,0,False,V076
17시도,201804,V076_민간임대(DT_MLTM_6827합계)_호|12m로그변화,0.0,0,False,V076
17시도,201804,V077_임대주택건설공급_총계_호|12m로그변화,1.0,51,True,V077
17시도,201804,V072_총조사단순주택수가구수비율|12m로그변화,0.14285714285714285,17,False,V072
17시도,201804,V024_주거용신축허가_동수_천세대당|수준,0.058823529411764705,3,False,V024
17시도,201804,V024_주거용신축허가_동수_천세대당|12m차,0.058823529411764705,3,False,V024
17시도,201804,V076_공공+민간총계(DT_MLTM_7174)_천세대당|수준,0.0,0,False,V076
17시도,201804,V076_공공+민간총계(DT_MLTM_7174)_천세대당|12m차,0.0,0,False,V076
17시도,201804,V076_공공임대계(DT_MLTM_7174)_천세대당|수준,0.0,0,False,V076
17시도,201804,V076_공공임대계(DT_MLTM_7174)_천세대당|12m차,0.0,0,False,V076
17시도,201804,V076_민간임대계(DT_MLTM_7174)_천세대당|수준,0.0,0,False,V076
17시도,201804,V076_민간임대계(DT_MLTM_7174)_천세대당|12m차,0.0,0,False,V076
17시도,201804,V076_민간임대(DT_MLTM_6827합계)_천세대당|수준,0.0,0,False,V076
17시도,201804,V076_민간임대(DT_MLTM_6827합계)_천세대당|12m차,0.0,0,False,V076
17시도,201804,V077_임대주택건설공급_총계_천세대당|수준,1.0,51,True,V077
17시도,201804,V077_임대주택건설공급_총계_천세대당|12m차,1.0,51,True,V077
17시도,201804,V015_전국대비|수준,1.0,51,True,V015
17시도,201804,V015_전국대비|12m차,0.9894957983193278,50,True,V015
17시도,201804,V017_전국대비|수준,1.0,50,True,V017
17시도,201804,V017_전국대비|12m차,0.9894957983193278,50,True,V017
17시도,201804,V072_공식주택보급률_%|수준,0.9642857142857143,49,True,V072
17시도,201804,V072_공식주택보급률_%|12m차,0.9411764705882353,48,True,V072
17시도,201804,D_CSI_전신계열,1.0,1,False,
17시도,201804,D_Wage_10th,1.0,1,False,
17시도,201804,D_Wage_11th,1.0,1,False,
17시도,201804,M10_rent_growth_1m,0.9642857142857143,459,True,
17시도,201804,M10_rent_growth_6m,0.7857142857142857,374,True,
17시도,201807,V003_전세가율_%|수준,1.0,146,True,V003
17시도,201807,V003_전세가율_%|12m차,1.0,151,True,V003
17시도,201807,V004_지역별전월세전환율_%|수준,1.0,330,True,V004
17시도,201807,V004_지역별전월세전환율_%|12m차,1.0,477,True,V004
17시도,201807,V005_월세수급동향|수준,0.967741935483871,420,True,V005
17시도,201807,V005_월세수급동향|12m차,0.5806451612903226,302,False,V005
17시도,201807,V009_주민등록인구_명|12m로그변화,1.0,527,True,V009
17시도,201807,V010_주민등록세대수_세대|12m로그변화,1.0,527,True,V010
17시도,201807,V011_20-29세_명|12m로그변화,1.0,527,True,V011
17시도,201807,V011_20-39세_명|12m로그변화,1.0,527,True,V011
17시도,201807,V011_20-39세비중_%|수준,1.0,527,True,V011
17시도,201807,V011_20-39세비중_%|12m차,1.0,527,True,V011
17시도,201807,V011_30-39세_명|12m로그변화,1.0,527,True,V011
17시도,201807,V012_순이동자수_명|천명당12개월,1.0,527,True,V012
17시도,201807,V013_고용률_%|수준,0.9639468690702088,117,True,V013
17시도,201807,V013_고용률_%|12m차,0.9411764705882353,91,True,V013
17시도,201807,V013_취업자_천명|12m로그변화,0.9411764705882353,496,True,V013
17시도,201807,V021_아파트_인허가_호|12개월누적log,1.0,523,True,V021
17시도,201807,V021_아파트_인허가_호|12개월누적log_12m차,1.0,527,True,V021
17시도,201807,V022_아파트_착공_호|12개월누적log,1.0,517,True,V022
17시도,201807,V022_아파트_착공_호|12개월누적log_12m차,1.0,526,True,V022
17시도,201807,V023_아파트_준공_호|12개월누적log,1.0,517,True,V023
17시도,201807,V023_아파트_준공_호|12개월누적log_12m차,1.0,526,True,V023
17시도,201807,V031_매매수급동향|수준,1.0,444,True,V031
17시도,201807,V031_매매수급동향|12m차,1.0,516,True,V031
17시도,201807,V032_전세수급동향|수준,1.0,446,True,V032
17시도,201807,V032_전세수급동향|12m차,1.0,513,True,V032
17시도,201807,V034_수급동향(구)_통합|수준,0.015180265654648957,8,False,V034
17시도,201807,V034_수급동향(구)_통합|12m차,0.015180265654648957,7,False,V034
17시도,201807,V035_아파트거래_동호수_호|12개월누적log,1.0,521,True,V035
17시도,201807,V035_아파트거래_동호수_호|12개월누적log_12m차,1.0,527,True,V035
17시도,201807,V035_아파트거래_면적_천㎡|12개월누적log,1.0,501,True,V035
17시도,201807,V035_아파트거래_면적_천㎡|12개월누적log_12m차,1.0,527,True,V035
17시도,201807,V036_아파트매매거래_동호수_호|12개월누적log,1.0,523,True,V036
17시도,201807,V036_아파트매매거래_동호수_호|12개월누적log_12m차,1.0,527,True,V036
17시도,201807,V036_아파트매매거래_면적_천㎡|12개월누적log,1.0,468,True,V036
17시도,201807,V036_아파트매매거래_면적_천㎡|12개월누적log_12m차,1.0,526,True,V036
17시도,201807,V037_주택시장_소비심리지수|수준,0.8823529411764706,290,True,V037
17시도,201807,V037_주택시장_소비심리지수|12m차,0.8823529411764706,344,True,V037
17시도,201807,V038_미분양주택현황_호|log,1.0,475,True,V038
17시도,201807,V038_미분양주택현황_호|log_12m차,1.0,509,True,V038
17시도,201807,V050_지역별_주택관련대출_예금은행_십억원|12m로그변화,1.0,527,True,V050
17시도,201807,V043_한국은행_기준금리_연%|수준,1.0,2,True,V043
17시도,201807,V043_한국은행_기준금리_연%|12m차,1.0,6,True,V043
17시도,201807,V044_시장금리_CD91일_연%|수준,1.0,21,True,V044
17시도,201807,V044_시장금리_CD91일_연%|12m차,1.0,26,True,V044
17시도,201807,V045_시장금리_국고채3년_연%|수준,1.0,31,True,V045
17시도,201807,V045_시장금리_국고채3년_연%|12m차,1.0,31,True,V045
17시도,201807,V046_M2_통화량_십억원|12m로그변화,1.0,31,True,V046
17시도,201807,V048_소비자물가지수_2020=100|수준,1.0,30,True,V048
17시도,201807,V048_소비자물가지수_2020=100|12m차,1.0,31,True,V048
17시도,201807,V056_예금은행대출금리_주택담보_연리%|수준,1.0,27,True,V056
17시도,201807,V056_예금은행대출금리_주택담보_연리%|12m차,1.0,28,True,V056
17시도,201807,V057_예금은행대출금리_전세자금_연리%|수준,1.0,25,True,V057
17시도,201807,V057_예금은행대출금리_전세자금_연리%|12m차,0.7741935483870968,21,True,V057
17시도,201807,V059_비은행대출금리_주택담보_연리%|수준,1.0,27,True,V059
17시도,201807,V059_비은행대출금리_주택담보_연리%|12m차,1.0,29,True,V059
17시도,201807,V061_주택가격전망CSI_서울|수준,1.0,18,True,V061
17시도,201807,V061_주택가격전망CSI_서울|12m차,1.0,20,True,V061
17시도,201807,V062_주택가격전망CSI_6대광역시|수준,1.0,22,True,V062
17시도,201807,V062_주택가격전망CSI_6대광역시|12m차,1.0,23,True,V062
17시도,201807,V063_주택가격전망CSI_기타도시|수준,1.0,18,True,V063
17시도,201807,V063_주택가격전망CSI_기타도시|12m차,1.0,19,True,V063
17시도,201807,V064_KOSPI_종가_1980.01.04=100|수준,1.0,31,True,V064
17시도,201807,V064_KOSPI_종가_1980.01.04=100|12m차,1.0,31,True,V064
17시도,201807,V066_임금총액_사업체노동력_원|12m로그변화,1.0,31,True,V066
17시도,201807,V067_선행지수순환변동치_2020=100|수준,1.0,22,True,V067
17시도,201807,V067_선행지수순환변동치_2020=100|12m차,1.0,24,True,V067
17시도,201807,V069_예금취급기관_가계대출_십억원|12m로그변화,1.0,31,True,V069
17시도,201807,V069_예금취급기관_주택관련대출_십억원|12m로그변화,1.0,31,True,V069
17시도,201807,V070_수출금액_천불|12m로그변화,1.0,31,True,V070
17시도,201807,V071_정책대출_주금공_주택도시기금_십억원|12m로그변화,0.5806451612903226,18,False,V071
17시도,201807,V047_가계신용_총액_십억원|12m로그변화,1.0,11,True,V047
17시도,201807,V049_시간당명목임금지수_2020=100|수준,1.0,10,True,V049
17시도,201807,V049_시간당명목임금지수_2020=100|12m차,1.0,11,True,V049
17시도,201807,V060_대출태도_국내은행_가계주택|수준,1.0,9,True,V060
17시도,201807,V060_대출태도_국내은행_가계주택|12m차,1.0,9,True,V060
17시도,201807,V074_가계동향_도시2인이상_월평균소득_원|수준,1.0,11,True,V074
17시도,201807,V074_가계동향_도시2인이상_월평균소득_원|12m차,1.0,11,True,V074
17시도,201807,V074_연결_월평균소득_원|12m로그변화,1.0,11,True,V074
17시도,201807,V015_1인당GRDP_천원|12m로그변화,0.9905123339658444,67,True,V015
17시도,201807,V017_1인당가계총처분가능소득_천원|12m로그변화,0.9905123339658444,67,True,V017
17시도,201807,V024_주거용신축허가_동수_동|12m로그변화,0.058823529411764705,4,False,V024
17시도,201807,V024_주거용신축허가_연면적_㎡|12m로그변화,0.058823529411764705,4,False,V024
17시도,201807,V072_총조사_가구수_가구|12m로그변화,0.22580645161290322,17,False,V072
17시도,201807,V072_총조사_주택수_호|12m로그변화,0.22580645161290322,17,False,V072
17시도,201807,V076_공공+민간총계(DT_MLTM_7174)_호|12m로그변화,0.0,0,False,V076
17시도,201807,V076_공공임대계(DT_MLTM_7174)_호|12m로그변화,0.0,0,False,V076
17시도,201807,V076_민간임대계(DT_MLTM_7174)_호|12m로그변화,0.0,0,False,V076
17시도,201807,V076_민간임대(DT_MLTM_6827합계)_호|12m로그변화,0.0,0,False,V076
17시도,201807,V077_임대주택건설공급_총계_호|12m로그변화,1.0,68,True,V077
17시도,201807,V072_총조사단순주택수가구수비율|12m로그변화,0.22580645161290322,17,False,V072
17시도,201807,V024_주거용신축허가_동수_천세대당|수준,0.058823529411764705,4,False,V024
17시도,201807,V024_주거용신축허가_동수_천세대당|12m차,0.058823529411764705,4,False,V024
17시도,201807,V076_공공+민간총계(DT_MLTM_7174)_천세대당|수준,0.0,0,False,V076
17시도,201807,V076_공공+민간총계(DT_MLTM_7174)_천세대당|12m차,0.0,0,False,V076
17시도,201807,V076_공공임대계(DT_MLTM_7174)_천세대당|수준,0.0,0,False,V076
17시도,201807,V076_공공임대계(DT_MLTM_7174)_천세대당|12m차,0.0,0,False,V076
17시도,201807,V076_민간임대계(DT_MLTM_7174)_천세대당|수준,0.0,0,False,V076
17시도,201807,V076_민간임대계(DT_MLTM_7174)_천세대당|12m차,0.0,0,False,V076
17시도,201807,V076_민간임대(DT_MLTM_6827합계)_천세대당|수준,0.0,0,False,V076
17시도,201807,V076_민간임대(DT_MLTM_6827합계)_천세대당|12m차,0.0,0,False,V076
17시도,201807,V077_임대주택건설공급_총계_천세대당|수준,1.0,68,True,V077
17시도,201807,V077_임대주택건설공급_총계_천세대당|12m차,1.0,68,True,V077
17시도,201807,V015_전국대비|수준,1.0,68,True,V015
17시도,201807,V015_전국대비|12m차,0.9905123339658444,67,True,V015
17시도,201807,V017_전국대비|수준,1.0,67,True,V017
17시도,201807,V017_전국대비|12m차,0.9905123339658444,67,True,V017
17시도,201807,V072_공식주택보급률_%|수준,0.967741935483871,66,True,V072
17시도,201807,V072_공식주택보급률_%|12m차,0.9449715370018975,65,True,V072
17시도,201807,D_CSI_전신계열,1.0,1,False,
17시도,201807,D_Wage_10th,1.0,1,False,
17시도,201807,D_Wage_11th,1.0,1,False,
17시도,201807,M10_rent_growth_1m,0.967741935483871,510,True,
17시도,201807,M10_rent_growth_6m,0.8064516129032258,425,True,
17시도,201810,V003_전세가율_%|수준,1.0,161,True,V003
17시도,201810,V003_전세가율_%|12m차,1.0,158,True,V003
17시도,201810,V004_지역별전월세전환율_%|수준,1.0,356,True,V004
17시도,201810,V004_지역별전월세전환율_%|12m차,1.0,519,True,V004
17시도,201810,V005_월세수급동향|수준,0.9705882352941176,462,True,V005
17시도,201810,V005_월세수급동향|12m차,0.6176470588235294,352,False,V005
17시도,201810,V009_주민등록인구_명|12m로그변화,1.0,578,True,V009
17시도,201810,V010_주민등록세대수_세대|12m로그변화,1.0,578,True,V010
17시도,201810,V011_20-29세_명|12m로그변화,1.0,578,True,V011
17시도,201810,V011_20-39세_명|12m로그변화,1.0,578,True,V011
17시도,201810,V011_20-39세비중_%|수준,1.0,578,True,V011
17시도,201810,V011_20-39세비중_%|12m차,1.0,578,True,V011
17시도,201810,V011_30-39세_명|12m로그변화,1.0,578,True,V011
17시도,201810,V012_순이동자수_명|천명당12개월,1.0,578,True,V012
17시도,201810,V013_고용률_%|수준,0.967128027681661,125,True,V013
17시도,201810,V013_고용률_%|12m차,0.9463667820069204,96,True,V013
17시도,201810,V013_취업자_천명|12m로그변화,0.9463667820069204,547,True,V013
17시도,201810,V021_아파트_인허가_호|12개월누적log,1.0,572,True,V021
17시도,201810,V021_아파트_인허가_호|12개월누적log_12m차,1.0,578,True,V021
17시도,201810,V022_아파트_착공_호|12개월누적log,1.0,564,True,V022
17시도,201810,V022_아파트_착공_호|12개월누적log_12m차,1.0,576,True,V022
17시도,201810,V023_아파트_준공_호|12개월누적log,1.0,567,True,V023
17시도,201810,V023_아파트_준공_호|12개월누적log_12m차,1.0,577,True,V023
17시도,201810,V031_매매수급동향|수준,1.0,488,True,V031
17시도,201810,V031_매매수급동향|12m차,1.0,567,True,V031
17시도,201810,V032_전세수급동향|수준,1.0,491,True,V032
17시도,201810,V032_전세수급동향|12m차,1.0,563,True,V032
17시도,201810,V034_수급동향(구)_통합|수준,0.01384083044982699,8,False,V034
17시도,201810,V034_수급동향(구)_통합|12m차,0.01384083044982699,7,False,V034
17시도,201810,V035_아파트거래_동호수_호|12개월누적log,1.0,572,True,V035
17시도,201810,V035_아파트거래_동호수_호|12개월누적log_12m차,1.0,578,True,V035
17시도,201810,V035_아파트거래_면적_천㎡|12개월누적log,1.0,547,True,V035
17시도,201810,V035_아파트거래_면적_천㎡|12개월누적log_12m차,1.0,578,True,V035
17시도,201810,V036_아파트매매거래_동호수_호|12개월누적log,1.0,574,True,V036
17시도,201810,V036_아파트매매거래_동호수_호|12개월누적log_12m차,1.0,578,True,V036
17시도,201810,V036_아파트매매거래_면적_천㎡|12개월누적log,1.0,509,True,V036
17시도,201810,V036_아파트매매거래_면적_천㎡|12개월누적log_12m차,1.0,577,True,V036
17시도,201810,V037_주택시장_소비심리지수|수준,0.8823529411764706,310,True,V037
17시도,201810,V037_주택시장_소비심리지수|12m차,0.8823529411764706,367,True,V037
17시도,201810,V038_미분양주택현황_호|log,1.0,516,True,V038
17시도,201810,V038_미분양주택현황_호|log_12m차,1.0,557,True,V038
17시도,201810,V050_지역별_주택관련대출_예금은행_십억원|12m로그변화,1.0,578,True,V050
17시도,201810,V043_한국은행_기준금리_연%|수준,1.0,2,True,V043
17시도,201810,V043_한국은행_기준금리_연%|12m차,1.0,6,True,V043
17시도,201810,V044_시장금리_CD91일_연%|수준,1.0,21,True,V044
17시도,201810,V044_시장금리_CD91일_연%|12m차,1.0,28,True,V044
17시도,201810,V045_시장금리_국고채3년_연%|수준,1.0,34,True,V045
17시도,201810,V045_시장금리_국고채3년_연%|12m차,1.0,34,True,V045
17시도,201810,V046_M2_통화량_십억원|12m로그변화,1.0,34,True,V046
17시도,201810,V048_소비자물가지수_2020=100|수준,1.0,33,True,V048
17시도,201810,V048_소비자물가지수_2020=100|12m차,1.0,33,True,V048
17시도,201810,V056_예금은행대출금리_주택담보_연리%|수준,1.0,30,True,V056
17시도,201810,V056_예금은행대출금리_주택담보_연리%|12m차,1.0,31,True,V056
17시도,201810,V057_예금은행대출금리_전세자금_연리%|수준,1.0,27,True,V057
17시도,201810,V057_예금은행대출금리_전세자금_연리%|12m차,0.7941176470588235,24,True,V057
17시도,201810,V059_비은행대출금리_주택담보_연리%|수준,1.0,29,True,V059
17시도,201810,V059_비은행대출금리_주택담보_연리%|12m차,1.0,32,True,V059
17시도,201810,V061_주택가격전망CSI_서울|수준,1.0,19,True,V061
17시도,201810,V061_주택가격전망CSI_서울|12m차,1.0,22,True,V061
17시도,201810,V062_주택가격전망CSI_6대광역시|수준,1.0,22,True,V062
17시도,201810,V062_주택가격전망CSI_6대광역시|12m차,1.0,24,True,V062
17시도,201810,V063_주택가격전망CSI_기타도시|수준,1.0,21,True,V063
17시도,201810,V063_주택가격전망CSI_기타도시|12m차,1.0,20,True,V063
17시도,201810,V064_KOSPI_종가_1980.01.04=100|수준,1.0,34,True,V064
17시도,201810,V064_KOSPI_종가_1980.01.04=100|12m차,1.0,34,True,V064
17시도,201810,V066_임금총액_사업체노동력_원|12m로그변화,1.0,34,True,V066
17시도,201810,V067_선행지수순환변동치_2020=100|수준,1.0,22,True,V067
17시도,201810,V067_선행지수순환변동치_2020=100|12m차,1.0,25,True,V067
17시도,201810,V069_예금취급기관_가계대출_십억원|12m로그변화,1.0,34,True,V069
17시도,201810,V069_예금취급기관_주택관련대출_십억원|12m로그변화,1.0,34,True,V069
17시도,201810,V070_수출금액_천불|12m로그변화,1.0,34,True,V070
17시도,201810,V071_정책대출_주금공_주택도시기금_십억원|12m로그변화,0.6176470588235294,21,False,V071
17시도,201810,V047_가계신용_총액_십억원|12m로그변화,1.0,12,True,V047
17시도,201810,V049_시간당명목임금지수_2020=100|수준,1.0,11,True,V049
17시도,201810,V049_시간당명목임금지수_2020=100|12m차,1.0,12,True,V049
17시도,201810,V060_대출태도_국내은행_가계주택|수준,1.0,10,True,V060
17시도,201810,V060_대출태도_국내은행_가계주택|12m차,1.0,10,True,V060
17시도,201810,V074_가계동향_도시2인이상_월평균소득_원|수준,1.0,12,True,V074
17시도,201810,V074_가계동향_도시2인이상_월평균소득_원|12m차,1.0,12,True,V074
17시도,201810,V074_연결_월평균소득_원|12m로그변화,1.0,12,True,V074
17시도,201810,V015_1인당GRDP_천원|12m로그변화,0.9913494809688581,67,True,V015
17시도,201810,V017_1인당가계총처분가능소득_천원|12m로그변화,0.9913494809688581,67,True,V017
17시도,201810,V024_주거용신축허가_동수_동|12m로그변화,0.058823529411764705,4,False,V024
17시도,201810,V024_주거용신축허가_연면적_㎡|12m로그변화,0.058823529411764705,4,False,V024
17시도,201810,V072_총조사_가구수_가구|12m로그변화,0.29411764705882354,17,False,V072
17시도,201810,V072_총조사_주택수_호|12m로그변화,0.29411764705882354,17,False,V072
17시도,201810,V076_공공+민간총계(DT_MLTM_7174)_호|12m로그변화,0.0,0,False,V076
17시도,201810,V076_공공임대계(DT_MLTM_7174)_호|12m로그변화,0.0,0,False,V076
17시도,201810,V076_민간임대계(DT_MLTM_7174)_호|12m로그변화,0.0,0,False,V076
17시도,201810,V076_민간임대(DT_MLTM_6827합계)_호|12m로그변화,0.0,0,False,V076
17시도,201810,V077_임대주택건설공급_총계_호|12m로그변화,1.0,68,True,V077
17시도,201810,V072_총조사단순주택수가구수비율|12m로그변화,0.29411764705882354,17,False,V072
17시도,201810,V024_주거용신축허가_동수_천세대당|수준,0.058823529411764705,4,False,V024
17시도,201810,V024_주거용신축허가_동수_천세대당|12m차,0.058823529411764705,4,False,V024
17시도,201810,V076_공공+민간총계(DT_MLTM_7174)_천세대당|수준,0.0,0,False,V076
17시도,201810,V076_공공+민간총계(DT_MLTM_7174)_천세대당|12m차,0.0,0,False,V076
17시도,201810,V076_공공임대계(DT_MLTM_7174)_천세대당|수준,0.0,0,False,V076
17시도,201810,V076_공공임대계(DT_MLTM_7174)_천세대당|12m차,0.0,0,False,V076
17시도,201810,V076_민간임대계(DT_MLTM_7174)_천세대당|수준,0.0,0,False,V076
17시도,201810,V076_민간임대계(DT_MLTM_7174)_천세대당|12m차,0.0,0,False,V076
17시도,201810,V076_민간임대(DT_MLTM_6827합계)_천세대당|수준,0.0,0,False,V076
17시도,201810,V076_민간임대(DT_MLTM_6827합계)_천세대당|12m차,0.0,0,False,V076
17시도,201810,V077_임대주택건설공급_총계_천세대당|수준,1.0,68,True,V077
17시도,201810,V077_임대주택건설공급_총계_천세대당|12m차,1.0,68,True,V077
17시도,201810,V015_전국대비|수준,1.0,68,True,V015
17시도,201810,V015_전국대비|12m차,0.9913494809688581,67,True,V015
17시도,201810,V017_전국대비|수준,1.0,67,True,V017
17시도,201810,V017_전국대비|12m차,0.9913494809688581,67,True,V017
17시도,201810,V072_공식주택보급률_%|수준,0.9705882352941176,66,True,V072
17시도,201810,V072_공식주택보급률_%|12m차,0.9498269896193772,65,True,V072
17시도,201810,D_CSI_전신계열,1.0,1,False,
17시도,201810,D_Wage_10th,1.0,1,False,
17시도,201810,D_Wage_11th,1.0,1,False,
17시도,201810,M10_rent_growth_1m,0.9705882352941176,561,True,
17시도,201810,M10_rent_growth_6m,0.8235294117647058,476,True,
17시도,201901,V003_전세가율_%|수준,1.0,169,True,V003
17시도,201901,V003_전세가율_%|12m차,1.0,165,True,V003
17시도,201901,V004_지역별전월세전환율_%|수준,1.0,385,True,V004
17시도,201901,V004_지역별전월세전환율_%|12m차,1.0,564,True,V004
17시도,201901,V005_월세수급동향|수준,0.972972972972973,505,True,V005
17시도,201901,V005_월세수급동향|12m차,0.6486486486486487,403,False,V005
17시도,201901,V009_주민등록인구_명|12m로그변화,1.0,629,True,V009
17시도,201901,V010_주민등록세대수_세대|12m로그변화,1.0,629,True,V010
17시도,201901,V011_20-29세_명|12m로그변화,1.0,629,True,V011
17시도,201901,V011_20-39세_명|12m로그변화,1.0,629,True,V011
17시도,201901,V011_20-39세비중_%|수준,1.0,629,True,V011
17시도,201901,V011_20-39세비중_%|12m차,1.0,629,True,V011
17시도,201901,V011_30-39세_명|12m로그변화,1.0,629,True,V011
17시도,201901,V012_순이동자수_명|천명당12개월,1.0,629,True,V012
17시도,201901,V013_고용률_%|수준,0.9697933227344993,129,True,V013
17시도,201901,V013_고용률_%|12m차,0.9507154213036566,100,True,V013
17시도,201901,V013_취업자_천명|12m로그변화,0.9507154213036566,598,True,V013
17시도,201901,V021_아파트_인허가_호|12개월누적log,1.0,621,True,V021
17시도,201901,V021_아파트_인허가_호|12개월누적log_12m차,1.0,629,True,V021
17시도,201901,V022_아파트_착공_호|12개월누적log,1.0,614,True,V022
17시도,201901,V022_아파트_착공_호|12개월누적log_12m차,1.0,626,True,V022
17시도,201901,V023_아파트_준공_호|12개월누적log,1.0,616,True,V023
17시도,201901,V023_아파트_준공_호|12개월누적log_12m차,1.0,628,True,V023
17시도,201901,V031_매매수급동향|수준,1.0,534,True,V031
17시도,201901,V031_매매수급동향|12m차,1.0,618,True,V031
17시도,201901,V032_전세수급동향|수준,1.0,538,True,V032
17시도,201901,V032_전세수급동향|12m차,1.0,614,True,V032
17시도,201901,V034_수급동향(구)_통합|수준,0.012718600953895072,8,False,V034
17시도,201901,V034_수급동향(구)_통합|12m차,0.012718600953895072,7,False,V034
17시도,201901,V035_아파트거래_동호수_호|12개월누적log,1.0,622,True,V035
17시도,201901,V035_아파트거래_동호수_호|12개월누적log_12m차,1.0,629,True,V035
17시도,201901,V035_아파트거래_면적_천㎡|12개월누적log,1.0,593,True,V035
17시도,201901,V035_아파트거래_면적_천㎡|12개월누적log_12m차,1.0,629,True,V035
17시도,201901,V036_아파트매매거래_동호수_호|12개월누적log,1.0,623,True,V036
17시도,201901,V036_아파트매매거래_동호수_호|12개월누적log_12m차,1.0,629,True,V036
17시도,201901,V036_아파트매매거래_면적_천㎡|12개월누적log,1.0,548,True,V036
17시도,201901,V036_아파트매매거래_면적_천㎡|12개월누적log_12m차,1.0,628,True,V036
17시도,201901,V037_주택시장_소비심리지수|수준,0.8823529411764706,328,True,V037
17시도,201901,V037_주택시장_소비심리지수|12m차,0.8823529411764706,389,True,V037
17시도,201901,V038_미분양주택현황_호|log,1.0,557,True,V038
17시도,201901,V038_미분양주택현황_호|log_12m차,1.0,604,True,V038
17시도,201901,V050_지역별_주택관련대출_예금은행_십억원|12m로그변화,1.0,629,True,V050
17시도,201901,V043_한국은행_기준금리_연%|수준,1.0,2,True,V043
17시도,201901,V043_한국은행_기준금리_연%|12m차,1.0,6,True,V043
17시도,201901,V044_시장금리_CD91일_연%|수준,1.0,21,True,V044
17시도,201901,V044_시장금리_CD91일_연%|12m차,1.0,30,True,V044
17시도,201901,V045_시장금리_국고채3년_연%|수준,1.0,37,True,V045
17시도,201901,V045_시장금리_국고채3년_연%|12m차,1.0,37,True,V045
17시도,201901,V046_M2_통화량_십억원|12m로그변화,1.0,37,True,V046
17시도,201901,V048_소비자물가지수_2020=100|수준,1.0,36,True,V048
17시도,201901,V048_소비자물가지수_2020=100|12m차,1.0,36,True,V048
17시도,201901,V056_예금은행대출금리_주택담보_연리%|수준,1.0,31,True,V056
17시도,201901,V056_예금은행대출금리_주택담보_연리%|12m차,1.0,33,True,V056
17시도,201901,V057_예금은행대출금리_전세자금_연리%|수준,1.0,28,True,V057
17시도,201901,V057_예금은행대출금리_전세자금_연리%|12m차,0.8108108108108109,24,True,V057
17시도,201901,V059_비은행대출금리_주택담보_연리%|수준,1.0,31,True,V059
17시도,201901,V059_비은행대출금리_주택담보_연리%|12m차,1.0,35,True,V059
17시도,201901,V061_주택가격전망CSI_서울|수준,1.0,19,True,V061
17시도,201901,V061_주택가격전망CSI_서울|12m차,1.0,24,True,V061
17시도,201901,V062_주택가격전망CSI_6대광역시|수준,1.0,22,True,V062
17시도,201901,V062_주택가격전망CSI_6대광역시|12m차,1.0,25,True,V062
17시도,201901,V063_주택가격전망CSI_기타도시|수준,1.0,22,True,V063
17시도,201901,V063_주택가격전망CSI_기타도시|12m차,1.0,21,True,V063
17시도,201901,V064_KOSPI_종가_1980.01.04=100|수준,1.0,37,True,V064
17시도,201901,V064_KOSPI_종가_1980.01.04=100|12m차,1.0,37,True,V064
17시도,201901,V066_임금총액_사업체노동력_원|12m로그변화,1.0,37,True,V066
17시도,201901,V067_선행지수순환변동치_2020=100|수준,1.0,23,True,V067
17시도,201901,V067_선행지수순환변동치_2020=100|12m차,1.0,25,True,V067
17시도,201901,V069_예금취급기관_가계대출_십억원|12m로그변화,1.0,37,True,V069
17시도,201901,V069_예금취급기관_주택관련대출_십억원|12m로그변화,1.0,37,True,V069
17시도,201901,V070_수출금액_천불|12m로그변화,1.0,37,True,V070
17시도,201901,V071_정책대출_주금공_주택도시기금_십억원|12m로그변화,0.6486486486486487,24,False,V071
17시도,201901,V047_가계신용_총액_십억원|12m로그변화,1.0,13,True,V047
17시도,201901,V049_시간당명목임금지수_2020=100|수준,1.0,12,True,V049
17시도,201901,V049_시간당명목임금지수_2020=100|12m차,1.0,13,True,V049
17시도,201901,V060_대출태도_국내은행_가계주택|수준,1.0,10,True,V060
17시도,201901,V060_대출태도_국내은행_가계주택|12m차,1.0,11,True,V060
17시도,201901,V074_가계동향_도시2인이상_월평균소득_원|수준,1.0,13,True,V074
17시도,201901,V074_가계동향_도시2인이상_월평균소득_원|12m차,1.0,13,True,V074
17시도,201901,V074_연결_월평균소득_원|12m로그변화,1.0,13,True,V074
17시도,201901,V015_1인당GRDP_천원|12m로그변화,0.9920508744038156,67,True,V015
17시도,201901,V017_1인당가계총처분가능소득_천원|12m로그변화,0.9920508744038156,67,True,V017
17시도,201901,V024_주거용신축허가_동수_동|12m로그변화,0.058823529411764705,4,False,V024
17시도,201901,V024_주거용신축허가_연면적_㎡|12m로그변화,0.058823529411764705,4,False,V024
17시도,201901,V072_총조사_가구수_가구|12m로그변화,0.35135135135135137,34,False,V072
17시도,201901,V072_총조사_주택수_호|12m로그변화,0.35135135135135137,34,False,V072
17시도,201901,V076_공공+민간총계(DT_MLTM_7174)_호|12m로그변화,0.0,0,False,V076
17시도,201901,V076_공공임대계(DT_MLTM_7174)_호|12m로그변화,0.0,0,False,V076
17시도,201901,V076_민간임대계(DT_MLTM_7174)_호|12m로그변화,0.0,0,False,V076
17시도,201901,V076_민간임대(DT_MLTM_6827합계)_호|12m로그변화,0.0,0,False,V076
17시도,201901,V077_임대주택건설공급_총계_호|12m로그변화,1.0,68,True,V077
17시도,201901,V072_총조사단순주택수가구수비율|12m로그변화,0.35135135135135137,34,False,V072
17시도,201901,V024_주거용신축허가_동수_천세대당|수준,0.058823529411764705,4,False,V024
17시도,201901,V024_주거용신축허가_동수_천세대당|12m차,0.058823529411764705,4,False,V024
17시도,201901,V076_공공+민간총계(DT_MLTM_7174)_천세대당|수준,0.0,0,False,V076
17시도,201901,V076_공공+민간총계(DT_MLTM_7174)_천세대당|12m차,0.0,0,False,V076
17시도,201901,V076_공공임대계(DT_MLTM_7174)_천세대당|수준,0.0,0,False,V076
17시도,201901,V076_공공임대계(DT_MLTM_7174)_천세대당|12m차,0.0,0,False,V076
17시도,201901,V076_민간임대계(DT_MLTM_7174)_천세대당|수준,0.0,0,False,V076
17시도,201901,V076_민간임대계(DT_MLTM_7174)_천세대당|12m차,0.0,0,False,V076
17시도,201901,V076_민간임대(DT_MLTM_6827합계)_천세대당|수준,0.0,0,False,V076
17시도,201901,V076_민간임대(DT_MLTM_6827합계)_천세대당|12m차,0.0,0,False,V076
17시도,201901,V077_임대주택건설공급_총계_천세대당|수준,1.0,68,True,V077
17시도,201901,V077_임대주택건설공급_총계_천세대당|12m차,1.0,68,True,V077
17시도,201901,V015_전국대비|수준,1.0,68,True,V015
17시도,201901,V015_전국대비|12m차,0.9920508744038156,67,True,V015
17시도,201901,V017_전국대비|수준,1.0,67,True,V017
17시도,201901,V017_전국대비|12m차,0.9920508744038156,67,True,V017
17시도,201901,V072_공식주택보급률_%|수준,0.972972972972973,66,True,V072
17시도,201901,V072_공식주택보급률_%|12m차,0.9538950715421304,65,True,V072
17시도,201901,D_CSI_전신계열,1.0,1,False,
17시도,201901,D_Wage_10th,1.0,1,False,
17시도,201901,D_Wage_11th,1.0,1,False,
17시도,201901,M10_rent_growth_1m,0.972972972972973,612,True,
17시도,201901,M10_rent_growth_6m,0.8378378378378378,527,True,
17시도,201904,V003_전세가율_%|수준,1.0,175,True,V003
17시도,201904,V003_전세가율_%|12m차,1.0,172,True,V003
17시도,201904,V004_지역별전월세전환율_%|수준,1.0,409,True,V004
17시도,201904,V004_지역별전월세전환율_%|12m차,1.0,607,True,V004
17시도,201904,V005_월세수급동향|수준,0.975,549,True,V005
17시도,201904,V005_월세수급동향|12m차,0.675,454,False,V005
17시도,201904,V009_주민등록인구_명|12m로그변화,1.0,680,True,V009
17시도,201904,V010_주민등록세대수_세대|12m로그변화,1.0,680,True,V010
17시도,201904,V011_20-29세_명|12m로그변화,1.0,680,True,V011
17시도,201904,V011_20-39세_명|12m로그변화,1.0,680,True,V011
17시도,201904,V011_20-39세비중_%|수준,1.0,680,True,V011
17시도,201904,V011_20-39세비중_%|12m차,1.0,680,True,V011
17시도,201904,V011_30-39세_명|12m로그변화,1.0,680,True,V011
17시도,201904,V012_순이동자수_명|천명당12개월,1.0,680,True,V012
17시도,201904,V013_고용률_%|수준,0.9720588235294118,133,True,V013
17시도,201904,V013_고용률_%|12m차,0.9544117647058824,106,True,V013
17시도,201904,V013_취업자_천명|12m로그변화,0.9544117647058824,649,True,V013
17시도,201904,V021_아파트_인허가_호|12개월누적log,1.0,670,True,V021
17시도,201904,V021_아파트_인허가_호|12개월누적log_12m차,1.0,680,True,V021
17시도,201904,V022_아파트_착공_호|12개월누적log,1.0,662,True,V022
17시도,201904,V022_아파트_착공_호|12개월누적log_12m차,1.0,677,True,V022
17시도,201904,V023_아파트_준공_호|12개월누적log,1.0,666,True,V023
17시도,201904,V023_아파트_준공_호|12개월누적log_12m차,1.0,679,True,V023
17시도,201904,V031_매매수급동향|수준,1.0,578,True,V031
17시도,201904,V031_매매수급동향|12m차,1.0,669,True,V031
17시도,201904,V032_전세수급동향|수준,1.0,580,True,V032
17시도,201904,V032_전세수급동향|12m차,1.0,664,True,V032
17시도,201904,V034_수급동향(구)_통합|수준,0.011764705882352941,8,False,V034
17시도,201904,V034_수급동향(구)_통합|12m차,0.011764705882352941,7,False,V034
17시도,201904,V035_아파트거래_동호수_호|12개월누적log,1.0,673,True,V035
17시도,201904,V035_아파트거래_동호수_호|12개월누적log_12m차,1.0,680,True,V035
17시도,201904,V035_아파트거래_면적_천㎡|12개월누적log,1.0,639,True,V035
17시도,201904,V035_아파트거래_면적_천㎡|12개월누적log_12m차,1.0,680,True,V035
17시도,201904,V036_아파트매매거래_동호수_호|12개월누적log,1.0,674,True,V036
17시도,201904,V036_아파트매매거래_동호수_호|12개월누적log_12m차,1.0,680,True,V036
17시도,201904,V036_아파트매매거래_면적_천㎡|12개월누적log,1.0,587,True,V036
17시도,201904,V036_아파트매매거래_면적_천㎡|12개월누적log_12m차,1.0,679,True,V036
17시도,201904,V037_주택시장_소비심리지수|수준,0.8823529411764706,349,True,V037
17시도,201904,V037_주택시장_소비심리지수|12m차,0.8823529411764706,407,True,V037
17시도,201904,V038_미분양주택현황_호|log,0.9985294117647059,596,True,V038
17시도,201904,V038_미분양주택현황_호|log_12m차,0.9985294117647059,651,True,V038
17시도,201904,V050_지역별_주택관련대출_예금은행_십억원|12m로그변화,1.0,680,True,V050
17시도,201904,V043_한국은행_기준금리_연%|수준,1.0,2,True,V043
17시도,201904,V043_한국은행_기준금리_연%|12m차,1.0,6,True,V043
17시도,201904,V044_시장금리_CD91일_연%|수준,1.0,22,True,V044
17시도,201904,V044_시장금리_CD91일_연%|12m차,1.0,31,True,V044
17시도,201904,V045_시장금리_국고채3년_연%|수준,1.0,40,True,V045
17시도,201904,V045_시장금리_국고채3년_연%|12m차,1.0,40,True,V045
17시도,201904,V046_M2_통화량_십억원|12m로그변화,1.0,40,True,V046
17시도,201904,V048_소비자물가지수_2020=100|수준,1.0,39,True,V048
17시도,201904,V048_소비자물가지수_2020=100|12m차,1.0,39,True,V048
17시도,201904,V056_예금은행대출금리_주택담보_연리%|수준,1.0,34,True,V056
17시도,201904,V056_예금은행대출금리_주택담보_연리%|12m차,1.0,36,True,V056
17시도,201904,V057_예금은행대출금리_전세자금_연리%|수준,1.0,29,True,V057
17시도,201904,V057_예금은행대출금리_전세자금_연리%|12m차,0.825,27,True,V057
17시도,201904,V059_비은행대출금리_주택담보_연리%|수준,1.0,34,True,V059
17시도,201904,V059_비은행대출금리_주택담보_연리%|12m차,1.0,38,True,V059
17시도,201904,V061_주택가격전망CSI_서울|수준,1.0,21,True,V061
17시도,201904,V061_주택가격전망CSI_서울|12m차,1.0,26,True,V061
17시도,201904,V062_주택가격전망CSI_6대광역시|수준,1.0,23,True,V062
17시도,201904,V062_주택가격전망CSI_6대광역시|12m차,1.0,27,True,V062
17시도,201904,V063_주택가격전망CSI_기타도시|수준,1.0,23,True,V063
17시도,201904,V063_주택가격전망CSI_기타도시|12m차,1.0,22,True,V063
17시도,201904,V064_KOSPI_종가_1980.01.04=100|수준,1.0,40,True,V064
17시도,201904,V064_KOSPI_종가_1980.01.04=100|12m차,1.0,40,True,V064
17시도,201904,V066_임금총액_사업체노동력_원|12m로그변화,1.0,40,True,V066
17시도,201904,V067_선행지수순환변동치_2020=100|수준,1.0,23,True,V067
17시도,201904,V067_선행지수순환변동치_2020=100|12m차,1.0,27,True,V067
17시도,201904,V069_예금취급기관_가계대출_십억원|12m로그변화,1.0,40,True,V069
17시도,201904,V069_예금취급기관_주택관련대출_십억원|12m로그변화,1.0,40,True,V069
17시도,201904,V070_수출금액_천불|12m로그변화,1.0,40,True,V070
17시도,201904,V071_정책대출_주금공_주택도시기금_십억원|12m로그변화,0.675,27,False,V071
17시도,201904,V047_가계신용_총액_십억원|12m로그변화,1.0,14,True,V047
17시도,201904,V049_시간당명목임금지수_2020=100|수준,1.0,13,True,V049
17시도,201904,V049_시간당명목임금지수_2020=100|12m차,1.0,13,True,V049
17시도,201904,V060_대출태도_국내은행_가계주택|수준,1.0,11,True,V060
17시도,201904,V060_대출태도_국내은행_가계주택|12m차,1.0,12,True,V060
17시도,201904,V074_가계동향_도시2인이상_월평균소득_원|수준,1.0,14,True,V074
17시도,201904,V074_가계동향_도시2인이상_월평균소득_원|12m차,1.0,14,True,V074
17시도,201904,V074_연결_월평균소득_원|12m로그변화,1.0,14,True,V074
17시도,201904,V015_1인당GRDP_천원|12m로그변화,0.9926470588235294,67,True,V015
17시도,201904,V017_1인당가계총처분가능소득_천원|12m로그변화,0.9926470588235294,67,True,V017
17시도,201904,V024_주거용신축허가_동수_동|12m로그변화,0.058823529411764705,4,False,V024
17시도,201904,V024_주거용신축허가_연면적_㎡|12m로그변화,0.058823529411764705,4,False,V024
17시도,201904,V072_총조사_가구수_가구|12m로그변화,0.4,34,False,V072
17시도,201904,V072_총조사_주택수_호|12m로그변화,0.4,34,False,V072
17시도,201904,V076_공공+민간총계(DT_MLTM_7174)_호|12m로그변화,0.0,0,False,V076
17시도,201904,V076_공공임대계(DT_MLTM_7174)_호|12m로그변화,0.0,0,False,V076
17시도,201904,V076_민간임대계(DT_MLTM_7174)_호|12m로그변화,0.0,0,False,V076
17시도,201904,V076_민간임대(DT_MLTM_6827합계)_호|12m로그변화,0.0,0,False,V076
17시도,201904,V077_임대주택건설공급_총계_호|12m로그변화,1.0,68,True,V077
17시도,201904,V072_총조사단순주택수가구수비율|12m로그변화,0.4,34,False,V072
17시도,201904,V024_주거용신축허가_동수_천세대당|수준,0.058823529411764705,4,False,V024
17시도,201904,V024_주거용신축허가_동수_천세대당|12m차,0.058823529411764705,4,False,V024
17시도,201904,V076_공공+민간총계(DT_MLTM_7174)_천세대당|수준,0.0,0,False,V076
17시도,201904,V076_공공+민간총계(DT_MLTM_7174)_천세대당|12m차,0.0,0,False,V076
17시도,201904,V076_공공임대계(DT_MLTM_7174)_천세대당|수준,0.0,0,False,V076
17시도,201904,V076_공공임대계(DT_MLTM_7174)_천세대당|12m차,0.0,0,False,V076
17시도,201904,V076_민간임대계(DT_MLTM_7174)_천세대당|수준,0.0,0,False,V076
17시도,201904,V076_민간임대계(DT_MLTM_7174)_천세대당|12m차,0.0,0,False,V076
17시도,201904,V076_민간임대(DT_MLTM_6827합계)_천세대당|수준,0.0,0,False,V076
17시도,201904,V076_민간임대(DT_MLTM_6827합계)_천세대당|12m차,0.0,0,False,V076
17시도,201904,V077_임대주택건설공급_총계_천세대당|수준,1.0,68,True,V077
17시도,201904,V077_임대주택건설공급_총계_천세대당|12m차,1.0,68,True,V077
17시도,201904,V015_전국대비|수준,1.0,68,True,V015
17시도,201904,V015_전국대비|12m차,0.9926470588235294,67,True,V015
17시도,201904,V017_전국대비|수준,1.0,67,True,V017
17시도,201904,V017_전국대비|12m차,0.9926470588235294,67,True,V017
17시도,201904,V072_공식주택보급률_%|수준,0.975,66,True,V072
17시도,201904,V072_공식주택보급률_%|12m차,0.9573529411764706,65,True,V072
17시도,201904,D_CSI_전신계열,1.0,1,False,
17시도,201904,D_Wage_10th,1.0,1,False,
17시도,201904,D_Wage_11th,1.0,1,False,
17시도,201904,M10_rent_growth_1m,0.975,663,True,
17시도,201904,M10_rent_growth_6m,0.85,578,True,
17시도,201907,V003_전세가율_%|수준,1.0,183,True,V003
17시도,201907,V003_전세가율_%|12m차,1.0,176,True,V003
17시도,201907,V004_지역별전월세전환율_%|수준,1.0,438,True,V004
17시도,201907,V004_지역별전월세전환율_%|12m차,1.0,653,True,V004
17시도,201907,V005_월세수급동향|수준,0.9767441860465116,589,True,V005
17시도,201907,V005_월세수급동향|12m차,0.6976744186046512,505,False,V005
17시도,201907,V009_주민등록인구_명|12m로그변화,1.0,731,True,V009
17시도,201907,V010_주민등록세대수_세대|12m로그변화,1.0,731,True,V010
17시도,201907,V011_20-29세_명|12m로그변화,1.0,731,True,V011
17시도,201907,V011_20-39세_명|12m로그변화,1.0,731,True,V011
17시도,201907,V011_20-39세비중_%|수준,1.0,731,True,V011
17시도,201907,V011_20-39세비중_%|12m차,1.0,731,True,V011
17시도,201907,V011_30-39세_명|12m로그변화,1.0,731,True,V011
17시도,201907,V012_순이동자수_명|천명당12개월,1.0,731,True,V012
17시도,201907,V013_고용률_%|수준,0.9740082079343365,134,True,V013
17시도,201907,V013_고용률_%|12m차,0.957592339261286,110,True,V013
17시도,201907,V013_취업자_천명|12m로그변화,0.957592339261286,700,True,V013
17시도,201907,V021_아파트_인허가_호|12개월누적log,1.0,719,True,V021
17시도,201907,V021_아파트_인허가_호|12개월누적log_12m차,1.0,731,True,V021
17시도,201907,V022_아파트_착공_호|12개월누적log,1.0,709,True,V022
17시도,201907,V022_아파트_착공_호|12개월누적log_12m차,1.0,727,True,V022
17시도,201907,V023_아파트_준공_호|12개월누적log,1.0,717,True,V023
17시도,201907,V023_아파트_준공_호|12개월누적log_12m차,1.0,730,True,V023
17시도,201907,V031_매매수급동향|수준,1.0,623,True,V031
17시도,201907,V031_매매수급동향|12m차,1.0,720,True,V031
17시도,201907,V032_전세수급동향|수준,1.0,624,True,V032
17시도,201907,V032_전세수급동향|12m차,1.0,715,True,V032
17시도,201907,V034_수급동향(구)_통합|수준,0.01094391244870041,8,False,V034
17시도,201907,V034_수급동향(구)_통합|12m차,0.01094391244870041,7,False,V034
17시도,201907,V035_아파트거래_동호수_호|12개월누적log,1.0,724,True,V035
17시도,201907,V035_아파트거래_동호수_호|12개월누적log_12m차,1.0,731,True,V035
17시도,201907,V035_아파트거래_면적_천㎡|12개월누적log,1.0,686,True,V035
17시도,201907,V035_아파트거래_면적_천㎡|12개월누적log_12m차,1.0,731,True,V035
17시도,201907,V036_아파트매매거래_동호수_호|12개월누적log,1.0,725,True,V036
17시도,201907,V036_아파트매매거래_동호수_호|12개월누적log_12m차,1.0,731,True,V036
17시도,201907,V036_아파트매매거래_면적_천㎡|12개월누적log,1.0,627,True,V036
17시도,201907,V036_아파트매매거래_면적_천㎡|12개월누적log_12m차,1.0,730,True,V036
17시도,201907,V037_주택시장_소비심리지수|수준,0.8850889192886456,374,True,V037
17시도,201907,V037_주택시장_소비심리지수|12m차,0.8823529411764706,424,True,V037
17시도,201907,V038_미분양주택현황_호|log,0.9972640218878249,637,True,V038
17시도,201907,V038_미분양주택현황_호|log_12m차,0.9972640218878249,699,True,V038
17시도,201907,V050_지역별_주택관련대출_예금은행_십억원|12m로그변화,1.0,731,True,V050
17시도,201907,V043_한국은행_기준금리_연%|수준,1.0,3,True,V043
17시도,201907,V043_한국은행_기준금리_연%|12m차,1.0,6,True,V043
17시도,201907,V044_시장금리_CD91일_연%|수준,1.0,25,True,V044
17시도,201907,V044_시장금리_CD91일_연%|12m차,1.0,33,True,V044
17시도,201907,V045_시장금리_국고채3년_연%|수준,1.0,43,True,V045
17시도,201907,V045_시장금리_국고채3년_연%|12m차,1.0,43,True,V045
17시도,201907,V046_M2_통화량_십억원|12m로그변화,1.0,43,True,V046
17시도,201907,V048_소비자물가지수_2020=100|수준,1.0,42,True,V048
17시도,201907,V048_소비자물가지수_2020=100|12m차,1.0,42,True,V048
17시도,201907,V056_예금은행대출금리_주택담보_연리%|수준,1.0,35,True,V056
17시도,201907,V056_예금은행대출금리_주택담보_연리%|12m차,1.0,39,True,V056
17시도,201907,V057_예금은행대출금리_전세자금_연리%|수준,1.0,30,True,V057
17시도,201907,V057_예금은행대출금리_전세자금_연리%|12m차,0.8372093023255814,30,True,V057
17시도,201907,V059_비은행대출금리_주택담보_연리%|수준,1.0,37,True,V059
17시도,201907,V059_비은행대출금리_주택담보_연리%|12m차,1.0,41,True,V059
17시도,201907,V061_주택가격전망CSI_서울|수준,1.0,22,True,V061
17시도,201907,V061_주택가격전망CSI_서울|12m차,1.0,27,True,V061
17시도,201907,V062_주택가격전망CSI_6대광역시|수준,1.0,24,True,V062
17시도,201907,V062_주택가격전망CSI_6대광역시|12m차,1.0,28,True,V062
17시도,201907,V063_주택가격전망CSI_기타도시|수준,1.0,24,True,V063
17시도,201907,V063_주택가격전망CSI_기타도시|12m차,1.0,22,True,V063
17시도,201907,V064_KOSPI_종가_1980.01.04=100|수준,1.0,43,True,V064
17시도,201907,V064_KOSPI_종가_1980.01.04=100|12m차,1.0,43,True,V064
17시도,201907,V066_임금총액_사업체노동력_원|12m로그변화,1.0,43,True,V066
17시도,201907,V067_선행지수순환변동치_2020=100|수준,1.0,23,True,V067
17시도,201907,V067_선행지수순환변동치_2020=100|12m차,1.0,30,True,V067
17시도,201907,V069_예금취급기관_가계대출_십억원|12m로그변화,1.0,43,True,V069
17시도,201907,V069_예금취급기관_주택관련대출_십억원|12m로그변화,1.0,43,True,V069
17시도,201907,V070_수출금액_천불|12m로그변화,1.0,43,True,V070
17시도,201907,V071_정책대출_주금공_주택도시기금_십억원|12m로그변화,0.6976744186046512,30,False,V071
17시도,201907,V047_가계신용_총액_십억원|12m로그변화,1.0,15,True,V047
17시도,201907,V049_시간당명목임금지수_2020=100|수준,1.0,14,True,V049
17시도,201907,V049_시간당명목임금지수_2020=100|12m차,1.0,14,True,V049
17시도,201907,V060_대출태도_국내은행_가계주택|수준,1.0,12,True,V060
17시도,201907,V060_대출태도_국내은행_가계주택|12m차,1.0,13,True,V060
17시도,201907,V074_가계동향_도시2인이상_월평균소득_원|수준,1.0,15,True,V074
17시도,201907,V074_가계동향_도시2인이상_월평균소득_원|12m차,1.0,15,True,V074
17시도,201907,V074_연결_월평균소득_원|12m로그변화,1.0,15,True,V074
17시도,201907,V015_1인당GRDP_천원|12m로그변화,0.9931600547195623,84,True,V015
17시도,201907,V017_1인당가계총처분가능소득_천원|12m로그변화,0.9931600547195623,84,True,V017
17시도,201907,V024_주거용신축허가_동수_동|12m로그변화,0.058823529411764705,5,False,V024
17시도,201907,V024_주거용신축허가_연면적_㎡|12m로그변화,0.058823529411764705,5,False,V024
17시도,201907,V072_총조사_가구수_가구|12m로그변화,0.4418604651162791,34,False,V072
17시도,201907,V072_총조사_주택수_호|12m로그변화,0.4418604651162791,34,False,V072
17시도,201907,V076_공공+민간총계(DT_MLTM_7174)_호|12m로그변화,0.0,0,False,V076
17시도,201907,V076_공공임대계(DT_MLTM_7174)_호|12m로그변화,0.0,0,False,V076
17시도,201907,V076_민간임대계(DT_MLTM_7174)_호|12m로그변화,0.0,0,False,V076
17시도,201907,V076_민간임대(DT_MLTM_6827합계)_호|12m로그변화,0.0,0,False,V076
17시도,201907,V077_임대주택건설공급_총계_호|12m로그변화,1.0,85,True,V077
17시도,201907,V072_총조사단순주택수가구수비율|12m로그변화,0.4418604651162791,34,False,V072
17시도,201907,V024_주거용신축허가_동수_천세대당|수준,0.058823529411764705,5,False,V024
17시도,201907,V024_주거용신축허가_동수_천세대당|12m차,0.058823529411764705,5,False,V024
17시도,201907,V076_공공+민간총계(DT_MLTM_7174)_천세대당|수준,0.0,0,False,V076
17시도,201907,V076_공공+민간총계(DT_MLTM_7174)_천세대당|12m차,0.0,0,False,V076
17시도,201907,V076_공공임대계(DT_MLTM_7174)_천세대당|수준,0.0,0,False,V076
17시도,201907,V076_공공임대계(DT_MLTM_7174)_천세대당|12m차,0.0,0,False,V076
17시도,201907,V076_민간임대계(DT_MLTM_7174)_천세대당|수준,0.0,0,False,V076
17시도,201907,V076_민간임대계(DT_MLTM_7174)_천세대당|12m차,0.0,0,False,V076
17시도,201907,V076_민간임대(DT_MLTM_6827합계)_천세대당|수준,0.0,0,False,V076
17시도,201907,V076_민간임대(DT_MLTM_6827합계)_천세대당|12m차,0.0,0,False,V076
17시도,201907,V077_임대주택건설공급_총계_천세대당|수준,1.0,85,True,V077
17시도,201907,V077_임대주택건설공급_총계_천세대당|12m차,1.0,85,True,V077
17시도,201907,V015_전국대비|수준,1.0,85,True,V015
17시도,201907,V015_전국대비|12m차,0.9931600547195623,84,True,V015
17시도,201907,V017_전국대비|수준,1.0,84,True,V017
17시도,201907,V017_전국대비|12m차,0.9931600547195623,84,True,V017
17시도,201907,V072_공식주택보급률_%|수준,0.9767441860465116,83,True,V072
17시도,201907,V072_공식주택보급률_%|12m차,0.960328317373461,82,True,V072
17시도,201907,D_CSI_전신계열,1.0,1,False,
17시도,201907,D_Wage_10th,1.0,1,False,
17시도,201907,D_Wage_11th,1.0,1,False,
17시도,201907,M10_rent_growth_1m,0.9767441860465116,714,True,
17시도,201907,M10_rent_growth_6m,0.8604651162790697,629,True,
17시도,201910,V003_전세가율_%|수준,1.0,190,True,V003
17시도,201910,V003_전세가율_%|12m차,1.0,183,True,V003
17시도,201910,V004_지역별전월세전환율_%|수준,1.0,463,True,V004
17시도,201910,V004_지역별전월세전환율_%|12m차,1.0,693,True,V004
17시도,201910,V005_월세수급동향|수준,0.9782608695652174,639,True,V005
17시도,201910,V005_월세수급동향|12m차,0.717391304347826,556,True,V005
17시도,201910,V009_주민등록인구_명|12m로그변화,1.0,782,True,V009
17시도,201910,V010_주민등록세대수_세대|12m로그변화,1.0,782,True,V010
17시도,201910,V011_20-29세_명|12m로그변화,1.0,782,True,V011
17시도,201910,V011_20-39세_명|12m로그변화,1.0,782,True,V011
17시도,201910,V011_20-39세비중_%|수준,1.0,782,True,V011
17시도,201910,V011_20-39세비중_%|12m차,1.0,782,True,V011
17시도,201910,V011_30-39세_명|12m로그변화,1.0,782,True,V011
17시도,201910,V012_순이동자수_명|천명당12개월,1.0,782,True,V012
17시도,201910,V013_고용률_%|수준,0.9757033248081841,137,True,V013
17시도,201910,V013_고용률_%|12m차,0.9603580562659847,112,True,V013
17시도,201910,V013_취업자_천명|12m로그변화,0.9603580562659847,751,True,V013
17시도,201910,V021_아파트_인허가_호|12개월누적log,1.0,767,True,V021
17시도,201910,V021_아파트_인허가_호|12개월누적log_12m차,1.0,781,True,V021
17시도,201910,V022_아파트_착공_호|12개월누적log,1.0,756,True,V022
17시도,201910,V022_아파트_착공_호|12개월누적log_12m차,1.0,777,True,V022
17시도,201910,V023_아파트_준공_호|12개월누적log,1.0,767,True,V023
17시도,201910,V023_아파트_준공_호|12개월누적log_12m차,1.0,781,True,V023
17시도,201910,V031_매매수급동향|수준,1.0,667,True,V031
17시도,201910,V031_매매수급동향|12m차,1.0,770,True,V031
17시도,201910,V032_전세수급동향|수준,1.0,673,True,V032
17시도,201910,V032_전세수급동향|12m차,1.0,766,True,V032
17시도,201910,V034_수급동향(구)_통합|수준,0.010230179028132993,8,False,V034
17시도,201910,V034_수급동향(구)_통합|12m차,0.010230179028132993,7,False,V034
17시도,201910,V035_아파트거래_동호수_호|12개월누적log,1.0,775,True,V035
17시도,201910,V035_아파트거래_동호수_호|12개월누적log_12m차,1.0,782,True,V035
17시도,201910,V035_아파트거래_면적_천㎡|12개월누적log,1.0,733,True,V035
17시도,201910,V035_아파트거래_면적_천㎡|12개월누적log_12m차,1.0,782,True,V035
17시도,201910,V036_아파트매매거래_동호수_호|12개월누적log,1.0,776,True,V036
17시도,201910,V036_아파트매매거래_동호수_호|12개월누적log_12m차,1.0,782,True,V036
17시도,201910,V036_아파트매매거래_면적_천㎡|12개월누적log,1.0,666,True,V036
17시도,201910,V036_아파트매매거래_면적_천㎡|12개월누적log_12m차,1.0,781,True,V036
17시도,201910,V037_주택시장_소비심리지수|수준,0.8925831202046036,397,True,V037
17시도,201910,V037_주택시장_소비심리지수|12m차,0.8823529411764706,442,True,V037
17시도,201910,V038_미분양주택현황_호|log,0.9974424552429667,675,True,V038
17시도,201910,V038_미분양주택현황_호|log_12m차,0.9974424552429667,746,True,V038
17시도,201910,V050_지역별_주택관련대출_예금은행_십억원|12m로그변화,1.0,782,True,V050
17시도,201910,V043_한국은행_기준금리_연%|수준,1.0,3,True,V043
17시도,201910,V043_한국은행_기준금리_연%|12m차,1.0,6,True,V043
17시도,201910,V044_시장금리_CD91일_연%|수준,1.0,27,True,V044
17시도,201910,V044_시장금리_CD91일_연%|12m차,1.0,34,True,V044
17시도,201910,V045_시장금리_국고채3년_연%|수준,1.0,46,True,V045
17시도,201910,V045_시장금리_국고채3년_연%|12m차,1.0,46,True,V045
17시도,201910,V046_M2_통화량_십억원|12m로그변화,1.0,46,True,V046
17시도,201910,V048_소비자물가지수_2020=100|수준,1.0,45,True,V048
17시도,201910,V048_소비자물가지수_2020=100|12m차,1.0,45,True,V048
17시도,201910,V056_예금은행대출금리_주택담보_연리%|수준,1.0,36,True,V056
17시도,201910,V056_예금은행대출금리_주택담보_연리%|12m차,1.0,42,True,V056
17시도,201910,V057_예금은행대출금리_전세자금_연리%|수준,1.0,31,True,V057
17시도,201910,V057_예금은행대출금리_전세자금_연리%|12m차,0.8478260869565217,32,True,V057
17시도,201910,V059_비은행대출금리_주택담보_연리%|수준,1.0,39,True,V059
17시도,201910,V059_비은행대출금리_주택담보_연리%|12m차,1.0,44,True,V059
17시도,201910,V061_주택가격전망CSI_서울|수준,1.0,24,True,V061
17시도,201910,V061_주택가격전망CSI_서울|12m차,1.0,29,True,V061
17시도,201910,V062_주택가격전망CSI_6대광역시|수준,1.0,27,True,V062
17시도,201910,V062_주택가격전망CSI_6대광역시|12m차,1.0,30,True,V062
17시도,201910,V063_주택가격전망CSI_기타도시|수준,1.0,27,True,V063
17시도,201910,V063_주택가격전망CSI_기타도시|12m차,1.0,25,True,V063
17시도,201910,V064_KOSPI_종가_1980.01.04=100|수준,1.0,46,True,V064
17시도,201910,V064_KOSPI_종가_1980.01.04=100|12m차,1.0,46,True,V064
17시도,201910,V066_임금총액_사업체노동력_원|12m로그변화,1.0,46,True,V066
17시도,201910,V067_선행지수순환변동치_2020=100|수준,1.0,23,True,V067
17시도,201910,V067_선행지수순환변동치_2020=100|12m차,1.0,33,True,V067
17시도,201910,V069_예금취급기관_가계대출_십억원|12m로그변화,1.0,46,True,V069
17시도,201910,V069_예금취급기관_주택관련대출_십억원|12m로그변화,1.0,46,True,V069
17시도,201910,V070_수출금액_천불|12m로그변화,1.0,46,True,V070
17시도,201910,V071_정책대출_주금공_주택도시기금_십억원|12m로그변화,0.717391304347826,33,True,V071
17시도,201910,V047_가계신용_총액_십억원|12m로그변화,1.0,16,True,V047
17시도,201910,V049_시간당명목임금지수_2020=100|수준,1.0,15,True,V049
17시도,201910,V049_시간당명목임금지수_2020=100|12m차,1.0,15,True,V049
17시도,201910,V060_대출태도_국내은행_가계주택|수준,1.0,13,True,V060
17시도,201910,V060_대출태도_국내은행_가계주택|12m차,1.0,14,True,V060
17시도,201910,V074_가계동향_도시2인이상_월평균소득_원|수준,1.0,16,True,V074
17시도,201910,V074_가계동향_도시2인이상_월평균소득_원|12m차,1.0,16,True,V074
17시도,201910,V074_연결_월평균소득_원|12m로그변화,1.0,16,True,V074
17시도,201910,V015_1인당GRDP_천원|12m로그변화,0.9936061381074168,84,True,V015
17시도,201910,V017_1인당가계총처분가능소득_천원|12m로그변화,0.9936061381074168,84,True,V017
17시도,201910,V024_주거용신축허가_동수_동|12m로그변화,0.058823529411764705,5,False,V024
17시도,201910,V024_주거용신축허가_연면적_㎡|12m로그변화,0.058823529411764705,5,False,V024
17시도,201910,V072_총조사_가구수_가구|12m로그변화,0.4782608695652174,34,False,V072
17시도,201910,V072_총조사_주택수_호|12m로그변화,0.4782608695652174,34,False,V072
17시도,201910,V076_공공+민간총계(DT_MLTM_7174)_호|12m로그변화,0.0,0,False,V076
17시도,201910,V076_공공임대계(DT_MLTM_7174)_호|12m로그변화,0.0,0,False,V076
17시도,201910,V076_민간임대계(DT_MLTM_7174)_호|12m로그변화,0.0,0,False,V076
17시도,201910,V076_민간임대(DT_MLTM_6827합계)_호|12m로그변화,0.0,0,False,V076
17시도,201910,V077_임대주택건설공급_총계_호|12m로그변화,1.0,85,True,V077
17시도,201910,V072_총조사단순주택수가구수비율|12m로그변화,0.4782608695652174,34,False,V072
17시도,201910,V024_주거용신축허가_동수_천세대당|수준,0.058823529411764705,5,False,V024
17시도,201910,V024_주거용신축허가_동수_천세대당|12m차,0.058823529411764705,5,False,V024
17시도,201910,V076_공공+민간총계(DT_MLTM_7174)_천세대당|수준,0.0,0,False,V076
17시도,201910,V076_공공+민간총계(DT_MLTM_7174)_천세대당|12m차,0.0,0,False,V076
17시도,201910,V076_공공임대계(DT_MLTM_7174)_천세대당|수준,0.0,0,False,V076
17시도,201910,V076_공공임대계(DT_MLTM_7174)_천세대당|12m차,0.0,0,False,V076
17시도,201910,V076_민간임대계(DT_MLTM_7174)_천세대당|수준,0.0,0,False,V076
17시도,201910,V076_민간임대계(DT_MLTM_7174)_천세대당|12m차,0.0,0,False,V076
17시도,201910,V076_민간임대(DT_MLTM_6827합계)_천세대당|수준,0.0,0,False,V076
17시도,201910,V076_민간임대(DT_MLTM_6827합계)_천세대당|12m차,0.0,0,False,V076
17시도,201910,V077_임대주택건설공급_총계_천세대당|수준,1.0,85,True,V077
17시도,201910,V077_임대주택건설공급_총계_천세대당|12m차,1.0,85,True,V077
17시도,201910,V015_전국대비|수준,1.0,85,True,V015
17시도,201910,V015_전국대비|12m차,0.9936061381074168,84,True,V015
17시도,201910,V017_전국대비|수준,1.0,84,True,V017
17시도,201910,V017_전국대비|12m차,0.9936061381074168,84,True,V017
17시도,201910,V072_공식주택보급률_%|수준,0.9782608695652174,83,True,V072
17시도,201910,V072_공식주택보급률_%|12m차,0.9629156010230179,82,True,V072
17시도,201910,D_CSI_전신계열,1.0,1,False,
17시도,201910,D_Wage_10th,1.0,1,False,
17시도,201910,D_Wage_11th,1.0,1,False,
17시도,201910,M10_rent_growth_1m,0.9782608695652174,765,True,
17시도,201910,M10_rent_growth_6m,0.8695652173913043,680,True,
17시도,202001,V003_전세가율_%|수준,1.0,197,True,V003
17시도,202001,V003_전세가율_%|12m차,1.0,192,True,V003
17시도,202001,V004_지역별전월세전환율_%|수준,1.0,488,True,V004
17시도,202001,V004_지역별전월세전환율_%|12m차,1.0,735,True,V004
17시도,202001,V005_월세수급동향|수준,0.9795918367346939,685,True,V005
17시도,202001,V005_월세수급동향|12m차,0.7346938775510204,607,True,V005
17시도,202001,V009_주민등록인구_명|12m로그변화,1.0,833,True,V009
17시도,202001,V010_주민등록세대수_세대|12m로그변화,1.0,833,True,V010
17시도,202001,V011_20-29세_명|12m로그변화,1.0,833,True,V011
17시도,202001,V011_20-39세_명|12m로그변화,1.0,833,True,V011
17시도,202001,V011_20-39세비중_%|수준,1.0,833,True,V011
17시도,202001,V011_20-39세비중_%|12m차,1.0,833,True,V011
17시도,202001,V011_30-39세_명|12m로그변화,1.0,833,True,V011
17시도,202001,V012_순이동자수_명|천명당12개월,1.0,833,True,V012
17시도,202001,V013_고용률_%|수준,0.9771908763505402,138,True,V013
17시도,202001,V013_고용률_%|12m차,0.9627851140456183,116,True,V013
17시도,202001,V013_취업자_천명|12m로그변화,0.9627851140456183,802,True,V013
17시도,202001,V021_아파트_인허가_호|12개월누적log,1.0,813,True,V021
17시도,202001,V021_아파트_인허가_호|12개월누적log_12m차,1.0,831,True,V021
17시도,202001,V022_아파트_착공_호|12개월누적log,1.0,805,True,V022
17시도,202001,V022_아파트_착공_호|12개월누적log_12m차,1.0,827,True,V022
17시도,202001,V023_아파트_준공_호|12개월누적log,1.0,818,True,V023
17시도,202001,V023_아파트_준공_호|12개월누적log_12m차,1.0,832,True,V023
17시도,202001,V031_매매수급동향|수준,1.0,714,True,V031
17시도,202001,V031_매매수급동향|12m차,1.0,821,True,V031
17시도,202001,V032_전세수급동향|수준,1.0,720,True,V032
17시도,202001,V032_전세수급동향|12m차,1.0,817,True,V032
17시도,202001,V034_수급동향(구)_통합|수준,0.009603841536614645,8,False,V034
17시도,202001,V034_수급동향(구)_통합|12m차,0.009603841536614645,7,False,V034
17시도,202001,V035_아파트거래_동호수_호|12개월누적log,1.0,826,True,V035
17시도,202001,V035_아파트거래_동호수_호|12개월누적log_12m차,1.0,833,True,V035
17시도,202001,V035_아파트거래_면적_천㎡|12개월누적log,1.0,780,True,V035
17시도,202001,V035_아파트거래_면적_천㎡|12개월누적log_12m차,1.0,833,True,V035
17시도,202001,V036_아파트매매거래_동호수_호|12개월누적log,1.0,825,True,V036
17시도,202001,V036_아파트매매거래_동호수_호|12개월누적log_12m차,1.0,833,True,V036
17시도,202001,V036_아파트매매거래_면적_천㎡|12개월누적log,1.0,706,True,V036
17시도,202001,V036_아파트매매거래_면적_천㎡|12개월누적log_12m차,1.0,831,True,V036
17시도,202001,V037_주택시장_소비심리지수|수준,0.8991596638655462,420,True,V037
17시도,202001,V037_주택시장_소비심리지수|12m차,0.8823529411764706,458,True,V037
17시도,202001,V038_미분양주택현황_호|log,0.9963985594237695,719,True,V038
17시도,202001,V038_미분양주택현황_호|log_12m차,0.9963985594237695,794,True,V038
17시도,202001,V050_지역별_주택관련대출_예금은행_십억원|12m로그변화,1.0,833,True,V050
17시도,202001,V043_한국은행_기준금리_연%|수준,1.0,3,True,V043
17시도,202001,V043_한국은행_기준금리_연%|12m차,1.0,6,True,V043
17시도,202001,V044_시장금리_CD91일_연%|수준,1.0,29,True,V044
17시도,202001,V044_시장금리_CD91일_연%|12m차,1.0,36,True,V044
17시도,202001,V045_시장금리_국고채3년_연%|수준,1.0,49,True,V045
17시도,202001,V045_시장금리_국고채3년_연%|12m차,1.0,49,True,V045
17시도,202001,V046_M2_통화량_십억원|12m로그변화,1.0,49,True,V046
17시도,202001,V048_소비자물가지수_2020=100|수준,1.0,48,True,V048
17시도,202001,V048_소비자물가지수_2020=100|12m차,1.0,48,True,V048
17시도,202001,V056_예금은행대출금리_주택담보_연리%|수준,1.0,38,True,V056
17시도,202001,V056_예금은행대출금리_주택담보_연리%|12m차,1.0,44,True,V056
17시도,202001,V057_예금은행대출금리_전세자금_연리%|수준,1.0,32,True,V057
17시도,202001,V057_예금은행대출금리_전세자금_연리%|12m차,0.8571428571428571,35,True,V057
17시도,202001,V059_비은행대출금리_주택담보_연리%|수준,1.0,40,True,V059
17시도,202001,V059_비은행대출금리_주택담보_연리%|12m차,1.0,47,True,V059
17시도,202001,V061_주택가격전망CSI_서울|수준,1.0,27,True,V061
17시도,202001,V061_주택가격전망CSI_서울|12m차,1.0,31,True,V061
17시도,202001,V062_주택가격전망CSI_6대광역시|수준,1.0,28,True,V062
17시도,202001,V062_주택가격전망CSI_6대광역시|12m차,1.0,31,True,V062
17시도,202001,V063_주택가격전망CSI_기타도시|수준,1.0,29,True,V063
17시도,202001,V063_주택가격전망CSI_기타도시|12m차,1.0,26,True,V063
17시도,202001,V064_KOSPI_종가_1980.01.04=100|수준,1.0,49,True,V064
17시도,202001,V064_KOSPI_종가_1980.01.04=100|12m차,1.0,49,True,V064
17시도,202001,V066_임금총액_사업체노동력_원|12m로그변화,1.0,49,True,V066
17시도,202001,V067_선행지수순환변동치_2020=100|수준,1.0,25,True,V067
17시도,202001,V067_선행지수순환변동치_2020=100|12m차,1.0,35,True,V067
17시도,202001,V069_예금취급기관_가계대출_십억원|12m로그변화,1.0,49,True,V069
17시도,202001,V069_예금취급기관_주택관련대출_십억원|12m로그변화,1.0,49,True,V069
17시도,202001,V070_수출금액_천불|12m로그변화,1.0,49,True,V070
17시도,202001,V071_정책대출_주금공_주택도시기금_십억원|12m로그변화,0.7346938775510204,36,True,V071
17시도,202001,V047_가계신용_총액_십억원|12m로그변화,1.0,17,True,V047
17시도,202001,V049_시간당명목임금지수_2020=100|수준,1.0,16,True,V049
17시도,202001,V049_시간당명목임금지수_2020=100|12m차,1.0,16,True,V049
17시도,202001,V060_대출태도_국내은행_가계주택|수준,1.0,14,True,V060
17시도,202001,V060_대출태도_국내은행_가계주택|12m차,1.0,15,True,V060
17시도,202001,V074_가계동향_도시2인이상_월평균소득_원|수준,1.0,17,True,V074
17시도,202001,V074_가계동향_도시2인이상_월평균소득_원|12m차,1.0,17,True,V074
17시도,202001,V074_연결_월평균소득_원|12m로그변화,1.0,17,True,V074
17시도,202001,V015_1인당GRDP_천원|12m로그변화,0.9939975990396158,84,True,V015
17시도,202001,V017_1인당가계총처분가능소득_천원|12m로그변화,0.9939975990396158,84,True,V017
17시도,202001,V024_주거용신축허가_동수_동|12m로그변화,0.058823529411764705,5,False,V024
17시도,202001,V024_주거용신축허가_연면적_㎡|12m로그변화,0.058823529411764705,5,False,V024
17시도,202001,V072_총조사_가구수_가구|12m로그변화,0.5102040816326531,51,False,V072
17시도,202001,V072_총조사_주택수_호|12m로그변화,0.5102040816326531,51,False,V072
17시도,202001,V076_공공+민간총계(DT_MLTM_7174)_호|12m로그변화,0.0,0,False,V076
17시도,202001,V076_공공임대계(DT_MLTM_7174)_호|12m로그변화,0.0,0,False,V076
17시도,202001,V076_민간임대계(DT_MLTM_7174)_호|12m로그변화,0.0,0,False,V076
17시도,202001,V076_민간임대(DT_MLTM_6827합계)_호|12m로그변화,0.0,0,False,V076
17시도,202001,V077_임대주택건설공급_총계_호|12m로그변화,1.0,85,True,V077
17시도,202001,V072_총조사단순주택수가구수비율|12m로그변화,0.5102040816326531,51,False,V072
17시도,202001,V024_주거용신축허가_동수_천세대당|수준,0.058823529411764705,5,False,V024
17시도,202001,V024_주거용신축허가_동수_천세대당|12m차,0.058823529411764705,5,False,V024
17시도,202001,V076_공공+민간총계(DT_MLTM_7174)_천세대당|수준,0.0,0,False,V076
17시도,202001,V076_공공+민간총계(DT_MLTM_7174)_천세대당|12m차,0.0,0,False,V076
17시도,202001,V076_공공임대계(DT_MLTM_7174)_천세대당|수준,0.0,0,False,V076
17시도,202001,V076_공공임대계(DT_MLTM_7174)_천세대당|12m차,0.0,0,False,V076
17시도,202001,V076_민간임대계(DT_MLTM_7174)_천세대당|수준,0.0,0,False,V076
17시도,202001,V076_민간임대계(DT_MLTM_7174)_천세대당|12m차,0.0,0,False,V076
17시도,202001,V076_민간임대(DT_MLTM_6827합계)_천세대당|수준,0.0,0,False,V076
17시도,202001,V076_민간임대(DT_MLTM_6827합계)_천세대당|12m차,0.0,0,False,V076
17시도,202001,V077_임대주택건설공급_총계_천세대당|수준,1.0,85,True,V077
17시도,202001,V077_임대주택건설공급_총계_천세대당|12m차,1.0,85,True,V077
17시도,202001,V015_전국대비|수준,1.0,85,True,V015
17시도,202001,V015_전국대비|12m차,0.9939975990396158,84,True,V015
17시도,202001,V017_전국대비|수준,1.0,84,True,V017
17시도,202001,V017_전국대비|12m차,0.9939975990396158,84,True,V017
17시도,202001,V072_공식주택보급률_%|수준,0.9795918367346939,83,True,V072
17시도,202001,V072_공식주택보급률_%|12m차,0.9651860744297719,82,True,V072
17시도,202001,D_CSI_전신계열,1.0,1,False,
17시도,202001,D_Wage_10th,1.0,1,False,
17시도,202001,D_Wage_11th,1.0,1,False,
17시도,202001,M10_rent_growth_1m,0.9795918367346939,816,True,
17시도,202001,M10_rent_growth_6m,0.8775510204081632,731,True,
17시도,202004,V003_전세가율_%|수준,1.0,199,True,V003
17시도,202004,V003_전세가율_%|12m차,1.0,196,True,V003
17시도,202004,V004_지역별전월세전환율_%|수준,1.0,506,True,V004
17시도,202004,V004_지역별전월세전환율_%|12m차,1.0,774,True,V004
17시도,202004,V005_월세수급동향|수준,0.9807692307692307,733,True,V005
17시도,202004,V005_월세수급동향|12m차,0.75,658,True,V005
17시도,202004,V009_주민등록인구_명|12m로그변화,1.0,884,True,V009
17시도,202004,V010_주민등록세대수_세대|12m로그변화,1.0,884,True,V010
17시도,202004,V011_20-29세_명|12m로그변화,1.0,884,True,V011
17시도,202004,V011_20-39세_명|12m로그변화,1.0,884,True,V011
17시도,202004,V011_20-39세비중_%|수준,1.0,884,True,V011
17시도,202004,V011_20-39세비중_%|12m차,1.0,884,True,V011
17시도,202004,V011_30-39세_명|12m로그변화,1.0,884,True,V011
17시도,202004,V012_순이동자수_명|천명당12개월,1.0,884,True,V012
17시도,202004,V013_고용률_%|수준,0.9785067873303167,139,True,V013
17시도,202004,V013_고용률_%|12m차,0.9649321266968326,118,True,V013
17시도,202004,V013_취업자_천명|12m로그변화,0.9649321266968326,853,True,V013
17시도,202004,V021_아파트_인허가_호|12개월누적log,1.0,860,True,V021
17시도,202004,V021_아파트_인허가_호|12개월누적log_12m차,1.0,880,True,V021
17시도,202004,V022_아파트_착공_호|12개월누적log,1.0,849,True,V022
17시도,202004,V022_아파트_착공_호|12개월누적log_12m차,1.0,877,True,V022
17시도,202004,V023_아파트_준공_호|12개월누적log,1.0,867,True,V023
17시도,202004,V023_아파트_준공_호|12개월누적log_12m차,1.0,883,True,V023
17시도,202004,V031_매매수급동향|수준,1.0,756,True,V031
17시도,202004,V031_매매수급동향|12m차,1.0,872,True,V031
17시도,202004,V032_전세수급동향|수준,1.0,762,True,V032
17시도,202004,V032_전세수급동향|12m차,1.0,868,True,V032
17시도,202004,V034_수급동향(구)_통합|수준,0.00904977375565611,8,False,V034
17시도,202004,V034_수급동향(구)_통합|12m차,0.00904977375565611,7,False,V034
17시도,202004,V035_아파트거래_동호수_호|12개월누적log,1.0,877,True,V035
17시도,202004,V035_아파트거래_동호수_호|12개월누적log_12m차,1.0,884,True,V035
17시도,202004,V035_아파트거래_면적_천㎡|12개월누적log,1.0,820,True,V035
17시도,202004,V035_아파트거래_면적_천㎡|12개월누적log_12m차,1.0,884,True,V035
17시도,202004,V036_아파트매매거래_동호수_호|12개월누적log,1.0,873,True,V036
17시도,202004,V036_아파트매매거래_동호수_호|12개월누적log_12m차,1.0,884,True,V036
17시도,202004,V036_아파트매매거래_면적_천㎡|12개월누적log,1.0,747,True,V036
17시도,202004,V036_아파트매매거래_면적_천㎡|12개월누적log_12m차,1.0,881,True,V036
17시도,202004,V037_주택시장_소비심리지수|수준,0.9049773755656109,435,True,V037
17시도,202004,V037_주택시장_소비심리지수|12m차,0.8823529411764706,480,True,V037
17시도,202004,V038_미분양주택현황_호|log,0.996606334841629,759,True,V038
17시도,202004,V038_미분양주택현황_호|log_12m차,0.995475113122172,841,True,V038
17시도,202004,V050_지역별_주택관련대출_예금은행_십억원|12m로그변화,1.0,884,True,V050
17시도,202004,V043_한국은행_기준금리_연%|수준,1.0,3,True,V043
17시도,202004,V043_한국은행_기준금리_연%|12m차,1.0,6,True,V043
17시도,202004,V044_시장금리_CD91일_연%|수준,1.0,30,True,V044
17시도,202004,V044_시장금리_CD91일_연%|12m차,1.0,38,True,V044
17시도,202004,V045_시장금리_국고채3년_연%|수준,1.0,52,True,V045
17시도,202004,V045_시장금리_국고채3년_연%|12m차,1.0,52,True,V045
17시도,202004,V046_M2_통화량_십억원|12m로그변화,1.0,52,True,V046
17시도,202004,V048_소비자물가지수_2020=100|수준,1.0,51,True,V048
17시도,202004,V048_소비자물가지수_2020=100|12m차,1.0,51,True,V048
17시도,202004,V056_예금은행대출금리_주택담보_연리%|수준,1.0,41,True,V056
17시도,202004,V056_예금은행대출금리_주택담보_연리%|12m차,1.0,47,True,V056
17시도,202004,V057_예금은행대출금리_전세자금_연리%|수준,1.0,33,True,V057
17시도,202004,V057_예금은행대출금리_전세자금_연리%|12m차,0.8653846153846154,38,True,V057
17시도,202004,V059_비은행대출금리_주택담보_연리%|수준,1.0,42,True,V059
17시도,202004,V059_비은행대출금리_주택담보_연리%|12m차,1.0,49,True,V059
17시도,202004,V061_주택가격전망CSI_서울|수준,1.0,28,True,V061
17시도,202004,V061_주택가격전망CSI_서울|12m차,1.0,31,True,V061
17시도,202004,V062_주택가격전망CSI_6대광역시|수준,1.0,29,True,V062
17시도,202004,V062_주택가격전망CSI_6대광역시|12m차,1.0,32,True,V062
17시도,202004,V063_주택가격전망CSI_기타도시|수준,1.0,29,True,V063
17시도,202004,V063_주택가격전망CSI_기타도시|12m차,1.0,28,True,V063
17시도,202004,V064_KOSPI_종가_1980.01.04=100|수준,1.0,52,True,V064
17시도,202004,V064_KOSPI_종가_1980.01.04=100|12m차,1.0,52,True,V064
17시도,202004,V066_임금총액_사업체노동력_원|12m로그변화,1.0,52,True,V066
17시도,202004,V067_선행지수순환변동치_2020=100|수준,1.0,27,True,V067
17시도,202004,V067_선행지수순환변동치_2020=100|12m차,1.0,36,True,V067
17시도,202004,V069_예금취급기관_가계대출_십억원|12m로그변화,1.0,52,True,V069
17시도,202004,V069_예금취급기관_주택관련대출_십억원|12m로그변화,1.0,52,True,V069
17시도,202004,V070_수출금액_천불|12m로그변화,1.0,52,True,V070
17시도,202004,V071_정책대출_주금공_주택도시기금_십억원|12m로그변화,0.75,39,True,V071
17시도,202004,V047_가계신용_총액_십억원|12m로그변화,1.0,18,True,V047
17시도,202004,V049_시간당명목임금지수_2020=100|수준,1.0,17,True,V049
17시도,202004,V049_시간당명목임금지수_2020=100|12m차,1.0,17,True,V049
17시도,202004,V060_대출태도_국내은행_가계주택|수준,1.0,14,True,V060
17시도,202004,V060_대출태도_국내은행_가계주택|12m차,1.0,16,True,V060
17시도,202004,V074_가계동향_도시2인이상_월평균소득_원|수준,1.0,18,True,V074
17시도,202004,V074_가계동향_도시2인이상_월평균소득_원|12m차,1.0,18,True,V074
17시도,202004,V074_연결_월평균소득_원|12m로그변화,1.0,18,True,V074
17시도,202004,V015_1인당GRDP_천원|12m로그변화,0.994343891402715,84,True,V015
17시도,202004,V017_1인당가계총처분가능소득_천원|12m로그변화,0.994343891402715,84,True,V017
17시도,202004,V024_주거용신축허가_동수_동|12m로그변화,0.058823529411764705,5,False,V024
17시도,202004,V024_주거용신축허가_연면적_㎡|12m로그변화,0.058823529411764705,5,False,V024
17시도,202004,V072_총조사_가구수_가구|12m로그변화,0.5384615384615384,51,False,V072
17시도,202004,V072_총조사_주택수_호|12m로그변화,0.5384615384615384,51,False,V072
17시도,202004,V076_공공+민간총계(DT_MLTM_7174)_호|12m로그변화,0.0,0,False,V076
17시도,202004,V076_공공임대계(DT_MLTM_7174)_호|12m로그변화,0.0,0,False,V076
17시도,202004,V076_민간임대계(DT_MLTM_7174)_호|12m로그변화,0.0,0,False,V076
17시도,202004,V076_민간임대(DT_MLTM_6827합계)_호|12m로그변화,0.0,0,False,V076
17시도,202004,V077_임대주택건설공급_총계_호|12m로그변화,1.0,85,True,V077
17시도,202004,V072_총조사단순주택수가구수비율|12m로그변화,0.5384615384615384,51,False,V072
17시도,202004,V024_주거용신축허가_동수_천세대당|수준,0.058823529411764705,5,False,V024
17시도,202004,V024_주거용신축허가_동수_천세대당|12m차,0.058823529411764705,5,False,V024
17시도,202004,V076_공공+민간총계(DT_MLTM_7174)_천세대당|수준,0.0,0,False,V076
17시도,202004,V076_공공+민간총계(DT_MLTM_7174)_천세대당|12m차,0.0,0,False,V076
17시도,202004,V076_공공임대계(DT_MLTM_7174)_천세대당|수준,0.0,0,False,V076
17시도,202004,V076_공공임대계(DT_MLTM_7174)_천세대당|12m차,0.0,0,False,V076
17시도,202004,V076_민간임대계(DT_MLTM_7174)_천세대당|수준,0.0,0,False,V076
17시도,202004,V076_민간임대계(DT_MLTM_7174)_천세대당|12m차,0.0,0,False,V076
17시도,202004,V076_민간임대(DT_MLTM_6827합계)_천세대당|수준,0.0,0,False,V076
17시도,202004,V076_민간임대(DT_MLTM_6827합계)_천세대당|12m차,0.0,0,False,V076
17시도,202004,V077_임대주택건설공급_총계_천세대당|수준,1.0,85,True,V077
17시도,202004,V077_임대주택건설공급_총계_천세대당|12m차,1.0,85,True,V077
17시도,202004,V015_전국대비|수준,1.0,85,True,V015
17시도,202004,V015_전국대비|12m차,0.994343891402715,84,True,V015
17시도,202004,V017_전국대비|수준,1.0,84,True,V017
17시도,202004,V017_전국대비|12m차,0.994343891402715,84,True,V017
17시도,202004,V072_공식주택보급률_%|수준,0.9807692307692307,83,True,V072
17시도,202004,V072_공식주택보급률_%|12m차,0.9671945701357466,82,True,V072
17시도,202004,D_CSI_전신계열,1.0,1,False,
17시도,202004,D_Wage_10th,1.0,1,False,
17시도,202004,D_Wage_11th,1.0,1,False,
17시도,202004,M10_rent_growth_1m,0.9807692307692307,867,True,
17시도,202004,M10_rent_growth_6m,0.8846153846153846,782,True,
17시도,202007,V003_전세가율_%|수준,1.0,205,True,V003
17시도,202007,V003_전세가율_%|12m차,1.0,202,True,V003
17시도,202007,V004_지역별전월세전환율_%|수준,1.0,530,True,V004
17시도,202007,V004_지역별전월세전환율_%|12m차,1.0,814,True,V004
17시도,202007,V005_월세수급동향|수준,0.9818181818181818,775,True,V005
17시도,202007,V005_월세수급동향|12m차,0.7636363636363637,709,True,V005
17시도,202007,V009_주민등록인구_명|12m로그변화,1.0,935,True,V009
17시도,202007,V010_주민등록세대수_세대|12m로그변화,1.0,935,True,V010
17시도,202007,V011_20-29세_명|12m로그변화,1.0,935,True,V011
17시도,202007,V011_20-39세_명|12m로그변화,1.0,935,True,V011
17시도,202007,V011_20-39세비중_%|수준,1.0,935,True,V011
17시도,202007,V011_20-39세비중_%|12m차,1.0,935,True,V011
17시도,202007,V011_30-39세_명|12m로그변화,1.0,935,True,V011
17시도,202007,V012_순이동자수_명|천명당12개월,1.0,935,True,V012
17시도,202007,V013_고용률_%|수준,0.9796791443850268,141,True,V013
17시도,202007,V013_고용률_%|12m차,0.9668449197860962,119,True,V013
17시도,202007,V013_취업자_천명|12m로그변화,0.9668449197860962,904,True,V013
17시도,202007,V021_아파트_인허가_호|12개월누적log,1.0,908,True,V021
17시도,202007,V021_아파트_인허가_호|12개월누적log_12m차,1.0,931,True,V021
17시도,202007,V022_아파트_착공_호|12개월누적log,1.0,895,True,V022
17시도,202007,V022_아파트_착공_호|12개월누적log_12m차,1.0,925,True,V022
17시도,202007,V023_아파트_준공_호|12개월누적log,1.0,917,True,V023
17시도,202007,V023_아파트_준공_호|12개월누적log_12m차,1.0,934,True,V023
17시도,202007,V031_매매수급동향|수준,1.0,802,True,V031
17시도,202007,V031_매매수급동향|12m차,1.0,923,True,V031
17시도,202007,V032_전세수급동향|수준,1.0,807,True,V032
17시도,202007,V032_전세수급동향|12m차,1.0,919,True,V032
17시도,202007,V034_수급동향(구)_통합|수준,0.008556149732620321,8,False,V034
17시도,202007,V034_수급동향(구)_통합|12m차,0.008556149732620321,7,False,V034
17시도,202007,V035_아파트거래_동호수_호|12개월누적log,1.0,927,True,V035
17시도,202007,V035_아파트거래_동호수_호|12개월누적log_12m차,1.0,935,True,V035
17시도,202007,V035_아파트거래_면적_천㎡|12개월누적log,1.0,862,True,V035
17시도,202007,V035_아파트거래_면적_천㎡|12개월누적log_12m차,1.0,935,True,V035
17시도,202007,V036_아파트매매거래_동호수_호|12개월누적log,1.0,922,True,V036
17시도,202007,V036_아파트매매거래_동호수_호|12개월누적log_12m차,1.0,935,True,V036
17시도,202007,V036_아파트매매거래_면적_천㎡|12개월누적log,1.0,782,True,V036
17시도,202007,V036_아파트매매거래_면적_천㎡|12개월누적log_12m차,1.0,932,True,V036
17시도,202007,V037_주택시장_소비심리지수|수준,0.9101604278074866,446,True,V037
17시도,202007,V037_주택시장_소비심리지수|12m차,0.8844919786096257,509,True,V037
17시도,202007,V038_미분양주택현황_호|log,0.9967914438502674,803,True,V038
17시도,202007,V038_미분양주택현황_호|log_12m차,0.9946524064171123,889,True,V038
17시도,202007,V050_지역별_주택관련대출_예금은행_십억원|12m로그변화,1.0,935,True,V050
17시도,202007,V043_한국은행_기준금리_연%|수준,1.0,3,True,V043
17시도,202007,V043_한국은행_기준금리_연%|12m차,1.0,6,True,V043
17시도,202007,V044_시장금리_CD91일_연%|수준,1.0,33,True,V044
17시도,202007,V044_시장금리_CD91일_연%|12m차,1.0,41,True,V044
17시도,202007,V045_시장금리_국고채3년_연%|수준,1.0,55,True,V045
17시도,202007,V045_시장금리_국고채3년_연%|12m차,1.0,55,True,V045
17시도,202007,V046_M2_통화량_십억원|12m로그변화,1.0,55,True,V046
17시도,202007,V048_소비자물가지수_2020=100|수준,1.0,52,True,V048
17시도,202007,V048_소비자물가지수_2020=100|12m차,1.0,54,True,V048
17시도,202007,V056_예금은행대출금리_주택담보_연리%|수준,1.0,43,True,V056
17시도,202007,V056_예금은행대출금리_주택담보_연리%|12m차,1.0,50,True,V056
17시도,202007,V057_예금은행대출금리_전세자금_연리%|수준,1.0,35,True,V057
17시도,202007,V057_예금은행대출금리_전세자금_연리%|12m차,0.8727272727272727,38,True,V057
17시도,202007,V059_비은행대출금리_주택담보_연리%|수준,1.0,45,True,V059
17시도,202007,V059_비은행대출금리_주택담보_연리%|12m차,1.0,51,True,V059
17시도,202007,V061_주택가격전망CSI_서울|수준,1.0,30,True,V061
17시도,202007,V061_주택가격전망CSI_서울|12m차,1.0,34,True,V061
17시도,202007,V062_주택가격전망CSI_6대광역시|수준,1.0,31,True,V062
17시도,202007,V062_주택가격전망CSI_6대광역시|12m차,1.0,35,True,V062
17시도,202007,V063_주택가격전망CSI_기타도시|수준,1.0,30,True,V063
17시도,202007,V063_주택가격전망CSI_기타도시|12m차,1.0,31,True,V063
17시도,202007,V064_KOSPI_종가_1980.01.04=100|수준,1.0,55,True,V064
17시도,202007,V064_KOSPI_종가_1980.01.04=100|12m차,1.0,55,True,V064
17시도,202007,V066_임금총액_사업체노동력_원|12m로그변화,1.0,55,True,V066
17시도,202007,V067_선행지수순환변동치_2020=100|수준,1.0,28,True,V067
17시도,202007,V067_선행지수순환변동치_2020=100|12m차,1.0,37,True,V067
17시도,202007,V069_예금취급기관_가계대출_십억원|12m로그변화,1.0,55,True,V069
17시도,202007,V069_예금취급기관_주택관련대출_십억원|12m로그변화,1.0,55,True,V069
17시도,202007,V070_수출금액_천불|12m로그변화,1.0,55,True,V070
17시도,202007,V071_정책대출_주금공_주택도시기금_십억원|12m로그변화,0.7636363636363637,42,True,V071
17시도,202007,V047_가계신용_총액_십억원|12m로그변화,1.0,19,True,V047
17시도,202007,V049_시간당명목임금지수_2020=100|수준,1.0,18,True,V049
17시도,202007,V049_시간당명목임금지수_2020=100|12m차,1.0,17,True,V049
17시도,202007,V060_대출태도_국내은행_가계주택|수준,1.0,14,True,V060
17시도,202007,V060_대출태도_국내은행_가계주택|12m차,1.0,17,True,V060
17시도,202007,V074_가계동향_도시2인이상_월평균소득_원|수준,1.0,19,True,V074
17시도,202007,V074_가계동향_도시2인이상_월평균소득_원|12m차,1.0,19,True,V074
17시도,202007,V074_연결_월평균소득_원|12m로그변화,1.0,19,True,V074
17시도,202007,V015_1인당GRDP_천원|12m로그변화,0.9946524064171123,101,True,V015
17시도,202007,V017_1인당가계총처분가능소득_천원|12m로그변화,0.9946524064171123,101,True,V017
17시도,202007,V024_주거용신축허가_동수_동|12m로그변화,0.058823529411764705,6,False,V024
17시도,202007,V024_주거용신축허가_연면적_㎡|12m로그변화,0.058823529411764705,6,False,V024
17시도,202007,V072_총조사_가구수_가구|12m로그변화,0.5636363636363636,51,False,V072
17시도,202007,V072_총조사_주택수_호|12m로그변화,0.5636363636363636,51,False,V072
17시도,202007,V076_공공+민간총계(DT_MLTM_7174)_호|12m로그변화,0.0,0,False,V076
17시도,202007,V076_공공임대계(DT_MLTM_7174)_호|12m로그변화,0.0,0,False,V076
17시도,202007,V076_민간임대계(DT_MLTM_7174)_호|12m로그변화,0.0,0,False,V076
17시도,202007,V076_민간임대(DT_MLTM_6827합계)_호|12m로그변화,0.0,0,False,V076
17시도,202007,V077_임대주택건설공급_총계_호|12m로그변화,1.0,102,True,V077
17시도,202007,V072_총조사단순주택수가구수비율|12m로그변화,0.5636363636363636,51,False,V072
17시도,202007,V024_주거용신축허가_동수_천세대당|수준,0.058823529411764705,6,False,V024
17시도,202007,V024_주거용신축허가_동수_천세대당|12m차,0.058823529411764705,6,False,V024
17시도,202007,V076_공공+민간총계(DT_MLTM_7174)_천세대당|수준,0.0,0,False,V076
17시도,202007,V076_공공+민간총계(DT_MLTM_7174)_천세대당|12m차,0.0,0,False,V076
17시도,202007,V076_공공임대계(DT_MLTM_7174)_천세대당|수준,0.0,0,False,V076
17시도,202007,V076_공공임대계(DT_MLTM_7174)_천세대당|12m차,0.0,0,False,V076
17시도,202007,V076_민간임대계(DT_MLTM_7174)_천세대당|수준,0.0,0,False,V076
17시도,202007,V076_민간임대계(DT_MLTM_7174)_천세대당|12m차,0.0,0,False,V076
17시도,202007,V076_민간임대(DT_MLTM_6827합계)_천세대당|수준,0.0,0,False,V076
17시도,202007,V076_민간임대(DT_MLTM_6827합계)_천세대당|12m차,0.0,0,False,V076
17시도,202007,V077_임대주택건설공급_총계_천세대당|수준,1.0,102,True,V077
17시도,202007,V077_임대주택건설공급_총계_천세대당|12m차,1.0,102,True,V077
17시도,202007,V015_전국대비|수준,1.0,102,True,V015
17시도,202007,V015_전국대비|12m차,0.9946524064171123,101,True,V015
17시도,202007,V017_전국대비|수준,1.0,101,True,V017
17시도,202007,V017_전국대비|12m차,0.9946524064171123,101,True,V017
17시도,202007,V072_공식주택보급률_%|수준,0.9818181818181818,100,True,V072
17시도,202007,V072_공식주택보급률_%|12m차,0.9689839572192513,99,True,V072
17시도,202007,D_CSI_전신계열,1.0,1,False,
17시도,202007,D_Wage_10th,1.0,1,False,
17시도,202007,D_Wage_11th,1.0,1,False,
17시도,202007,M10_rent_growth_1m,0.9818181818181818,918,True,
17시도,202007,M10_rent_growth_6m,0.8909090909090909,833,True,
17시도,202010,V003_전세가율_%|수준,1.0,207,True,V003
17시도,202010,V003_전세가율_%|12m차,1.0,206,True,V003
17시도,202010,V004_지역별전월세전환율_%|수준,1.0,556,True,V004
17시도,202010,V004_지역별전월세전환율_%|12m차,1.0,863,True,V004
17시도,202010,V005_월세수급동향|수준,0.9827586206896551,823,True,V005
17시도,202010,V005_월세수급동향|12m차,0.7758620689655172,760,True,V005
17시도,202010,V009_주민등록인구_명|12m로그변화,1.0,986,True,V009
17시도,202010,V010_주민등록세대수_세대|12m로그변화,1.0,986,True,V010
17시도,202010,V011_20-29세_명|12m로그변화,1.0,986,True,V011
17시도,202010,V011_20-39세_명|12m로그변화,1.0,986,True,V011
17시도,202010,V011_20-39세비중_%|수준,1.0,986,True,V011
17시도,202010,V011_20-39세비중_%|12m차,1.0,986,True,V011
17시도,202010,V011_30-39세_명|12m로그변화,1.0,986,True,V011
17시도,202010,V012_순이동자수_명|천명당12개월,1.0,986,True,V012
17시도,202010,V013_고용률_%|수준,0.9807302231237323,145,True,V013
17시도,202010,V013_고용률_%|12m차,0.9685598377281948,124,True,V013
17시도,202010,V013_취업자_천명|12m로그변화,0.9685598377281948,955,True,V013
17시도,202010,V021_아파트_인허가_호|12개월누적log,1.0,958,True,V021
17시도,202010,V021_아파트_인허가_호|12개월누적log_12m차,1.0,982,True,V021
17시도,202010,V022_아파트_착공_호|12개월누적log,1.0,941,True,V022
17시도,202010,V022_아파트_착공_호|12개월누적log_12m차,1.0,974,True,V022
17시도,202010,V023_아파트_준공_호|12개월누적log,1.0,965,True,V023
17시도,202010,V023_아파트_준공_호|12개월누적log_12m차,1.0,985,True,V023
17시도,202010,V031_매매수급동향|수준,1.0,851,True,V031
17시도,202010,V031_매매수급동향|12m차,1.0,974,True,V031
17시도,202010,V032_전세수급동향|수준,1.0,856,True,V032
17시도,202010,V032_전세수급동향|12m차,1.0,970,True,V032
17시도,202010,V034_수급동향(구)_통합|수준,0.008113590263691683,8,False,V034
17시도,202010,V034_수급동향(구)_통합|12m차,0.008113590263691683,7,False,V034
17시도,202010,V035_아파트거래_동호수_호|12개월누적log,1.0,977,True,V035
17시도,202010,V035_아파트거래_동호수_호|12개월누적log_12m차,1.0,986,True,V035
17시도,202010,V035_아파트거래_면적_천㎡|12개월누적log,1.0,909,True,V035
17시도,202010,V035_아파트거래_면적_천㎡|12개월누적log_12m차,1.0,986,True,V035
17시도,202010,V036_아파트매매거래_동호수_호|12개월누적log,1.0,973,True,V036
17시도,202010,V036_아파트매매거래_동호수_호|12개월누적log_12m차,1.0,986,True,V036
17시도,202010,V036_아파트매매거래_면적_천㎡|12개월누적log,1.0,827,True,V036
17시도,202010,V036_아파트매매거래_면적_천㎡|12개월누적log_12m차,1.0,983,True,V036
17시도,202010,V037_주택시장_소비심리지수|수준,0.9148073022312373,457,True,V037
17시도,202010,V037_주택시장_소비심리지수|12m차,0.8904665314401623,546,True,V037
17시도,202010,V038_미분양주택현황_호|log,0.9969574036511156,842,True,V038
17시도,202010,V038_미분양주택현황_호|log_12m차,0.9949290060851927,937,True,V038
17시도,202010,V050_지역별_주택관련대출_예금은행_십억원|12m로그변화,1.0,986,True,V050
17시도,202010,V043_한국은행_기준금리_연%|수준,1.0,4,True,V043
17시도,202010,V043_한국은행_기준금리_연%|12m차,1.0,6,True,V043
17시도,202010,V044_시장금리_CD91일_연%|수준,1.0,35,True,V044
17시도,202010,V044_시장금리_CD91일_연%|12m차,1.0,44,True,V044
17시도,202010,V045_시장금리_국고채3년_연%|수준,1.0,58,True,V045
17시도,202010,V045_시장금리_국고채3년_연%|12m차,1.0,58,True,V045
17시도,202010,V046_M2_통화량_십억원|12m로그변화,1.0,58,True,V046
17시도,202010,V048_소비자물가지수_2020=100|수준,1.0,55,True,V048
17시도,202010,V048_소비자물가지수_2020=100|12m차,1.0,57,True,V048
17시도,202010,V056_예금은행대출금리_주택담보_연리%|수준,1.0,45,True,V056
17시도,202010,V056_예금은행대출금리_주택담보_연리%|12m차,1.0,51,True,V056
17시도,202010,V057_예금은행대출금리_전세자금_연리%|수준,1.0,37,True,V057
17시도,202010,V057_예금은행대출금리_전세자금_연리%|12m차,0.8793103448275862,40,True,V057
17시도,202010,V059_비은행대출금리_주택담보_연리%|수준,1.0,47,True,V059
17시도,202010,V059_비은행대출금리_주택담보_연리%|12m차,1.0,52,True,V059
17시도,202010,V061_주택가격전망CSI_서울|수준,1.0,30,True,V061
17시도,202010,V061_주택가격전망CSI_서울|12m차,1.0,35,True,V061
17시도,202010,V062_주택가격전망CSI_6대광역시|수준,1.0,32,True,V062
17시도,202010,V062_주택가격전망CSI_6대광역시|12m차,1.0,36,True,V062
17시도,202010,V063_주택가격전망CSI_기타도시|수준,1.0,30,True,V063
17시도,202010,V063_주택가격전망CSI_기타도시|12m차,1.0,34,True,V063
17시도,202010,V064_KOSPI_종가_1980.01.04=100|수준,1.0,58,True,V064
17시도,202010,V064_KOSPI_종가_1980.01.04=100|12m차,1.0,58,True,V064
17시도,202010,V066_임금총액_사업체노동력_원|12m로그변화,1.0,58,True,V066
17시도,202010,V067_선행지수순환변동치_2020=100|수준,1.0,29,True,V067
17시도,202010,V067_선행지수순환변동치_2020=100|12m차,1.0,39,True,V067
17시도,202010,V069_예금취급기관_가계대출_십억원|12m로그변화,1.0,58,True,V069
17시도,202010,V069_예금취급기관_주택관련대출_십억원|12m로그변화,1.0,58,True,V069
17시도,202010,V070_수출금액_천불|12m로그변화,1.0,58,True,V070
17시도,202010,V071_정책대출_주금공_주택도시기금_십억원|12m로그변화,0.7758620689655172,45,True,V071
17시도,202010,V047_가계신용_총액_십억원|12m로그변화,1.0,20,True,V047
17시도,202010,V049_시간당명목임금지수_2020=100|수준,1.0,19,True,V049
17시도,202010,V049_시간당명목임금지수_2020=100|12m차,1.0,18,True,V049
17시도,202010,V060_대출태도_국내은행_가계주택|수준,1.0,14,True,V060
17시도,202010,V060_대출태도_국내은행_가계주택|12m차,1.0,17,True,V060
17시도,202010,V074_가계동향_도시2인이상_월평균소득_원|수준,1.0,20,True,V074
17시도,202010,V074_가계동향_도시2인이상_월평균소득_원|12m차,1.0,20,True,V074
17시도,202010,V074_연결_월평균소득_원|12m로그변화,1.0,20,True,V074
17시도,202010,V015_1인당GRDP_천원|12m로그변화,0.9949290060851927,101,True,V015
17시도,202010,V017_1인당가계총처분가능소득_천원|12m로그변화,0.9949290060851927,101,True,V017
17시도,202010,V024_주거용신축허가_동수_동|12m로그변화,0.058823529411764705,6,False,V024
17시도,202010,V024_주거용신축허가_연면적_㎡|12m로그변화,0.058823529411764705,6,False,V024
17시도,202010,V072_총조사_가구수_가구|12m로그변화,0.5862068965517241,51,False,V072
17시도,202010,V072_총조사_주택수_호|12m로그변화,0.5862068965517241,51,False,V072
17시도,202010,V076_공공+민간총계(DT_MLTM_7174)_호|12m로그변화,0.0,0,False,V076
17시도,202010,V076_공공임대계(DT_MLTM_7174)_호|12m로그변화,0.0,0,False,V076
17시도,202010,V076_민간임대계(DT_MLTM_7174)_호|12m로그변화,0.0,0,False,V076
17시도,202010,V076_민간임대(DT_MLTM_6827합계)_호|12m로그변화,0.0,0,False,V076
17시도,202010,V077_임대주택건설공급_총계_호|12m로그변화,1.0,102,True,V077
17시도,202010,V072_총조사단순주택수가구수비율|12m로그변화,0.5862068965517241,51,False,V072
17시도,202010,V024_주거용신축허가_동수_천세대당|수준,0.058823529411764705,6,False,V024
17시도,202010,V024_주거용신축허가_동수_천세대당|12m차,0.058823529411764705,6,False,V024
17시도,202010,V076_공공+민간총계(DT_MLTM_7174)_천세대당|수준,0.0,0,False,V076
17시도,202010,V076_공공+민간총계(DT_MLTM_7174)_천세대당|12m차,0.0,0,False,V076
17시도,202010,V076_공공임대계(DT_MLTM_7174)_천세대당|수준,0.0,0,False,V076
17시도,202010,V076_공공임대계(DT_MLTM_7174)_천세대당|12m차,0.0,0,False,V076
17시도,202010,V076_민간임대계(DT_MLTM_7174)_천세대당|수준,0.0,0,False,V076
17시도,202010,V076_민간임대계(DT_MLTM_7174)_천세대당|12m차,0.0,0,False,V076
17시도,202010,V076_민간임대(DT_MLTM_6827합계)_천세대당|수준,0.0,0,False,V076
17시도,202010,V076_민간임대(DT_MLTM_6827합계)_천세대당|12m차,0.0,0,False,V076
17시도,202010,V077_임대주택건설공급_총계_천세대당|수준,1.0,102,True,V077
17시도,202010,V077_임대주택건설공급_총계_천세대당|12m차,1.0,102,True,V077
17시도,202010,V015_전국대비|수준,1.0,102,True,V015
17시도,202010,V015_전국대비|12m차,0.9949290060851927,101,True,V015
17시도,202010,V017_전국대비|수준,1.0,101,True,V017
17시도,202010,V017_전국대비|12m차,0.9949290060851927,101,True,V017
17시도,202010,V072_공식주택보급률_%|수준,0.9827586206896551,100,True,V072
17시도,202010,V072_공식주택보급률_%|12m차,0.9705882352941176,99,True,V072
17시도,202010,D_CSI_전신계열,1.0,1,False,
17시도,202010,D_Wage_10th,1.0,2,True,
17시도,202010,D_Wage_11th,1.0,1,False,
17시도,202010,M10_rent_growth_1m,0.9827586206896551,969,True,
17시도,202010,M10_rent_growth_6m,0.896551724137931,884,True,
17시도,202101,V003_전세가율_%|수준,1.0,210,True,V003
17시도,202101,V003_전세가율_%|12m차,1.0,210,True,V003
17시도,202101,V004_지역별전월세전환율_%|수준,1.0,581,True,V004
17시도,202101,V004_지역별전월세전환율_%|12m차,1.0,906,True,V004
17시도,202101,V005_월세수급동향|수준,0.9836065573770492,868,True,V005
17시도,202101,V005_월세수급동향|12m차,0.7868852459016393,811,True,V005
17시도,202101,V009_주민등록인구_명|12m로그변화,1.0,1037,True,V009
17시도,202101,V010_주민등록세대수_세대|12m로그변화,1.0,1037,True,V010
17시도,202101,V011_20-29세_명|12m로그변화,1.0,1037,True,V011
17시도,202101,V011_20-39세_명|12m로그변화,1.0,1037,True,V011
17시도,202101,V011_20-39세비중_%|수준,1.0,1037,True,V011
17시도,202101,V011_20-39세비중_%|12m차,1.0,1037,True,V011
17시도,202101,V011_30-39세_명|12m로그변화,1.0,1037,True,V011
17시도,202101,V012_순이동자수_명|천명당12개월,1.0,1037,True,V012
17시도,202101,V013_고용률_%|수준,0.9816779170684667,148,True,V013
17시도,202101,V013_고용률_%|12m차,0.970106075216972,130,True,V013
17시도,202101,V013_취업자_천명|12m로그변화,0.970106075216972,1006,True,V013
17시도,202101,V021_아파트_인허가_호|12개월누적log,1.0,1007,True,V021
17시도,202101,V021_아파트_인허가_호|12개월누적log_12m차,1.0,1032,True,V021
17시도,202101,V022_아파트_착공_호|12개월누적log,1.0,991,True,V022
17시도,202101,V022_아파트_착공_호|12개월누적log_12m차,1.0,1024,True,V022
17시도,202101,V023_아파트_준공_호|12개월누적log,1.0,1015,True,V023
17시도,202101,V023_아파트_준공_호|12개월누적log_12m차,1.0,1036,True,V023
17시도,202101,V031_매매수급동향|수준,1.0,897,True,V031
17시도,202101,V031_매매수급동향|12m차,1.0,1024,True,V031
17시도,202101,V032_전세수급동향|수준,1.0,899,True,V032
17시도,202101,V032_전세수급동향|12m차,1.0,1020,True,V032
17시도,202101,V034_수급동향(구)_통합|수준,0.007714561234329798,8,False,V034
17시도,202101,V034_수급동향(구)_통합|12m차,0.007714561234329798,7,False,V034
17시도,202101,V035_아파트거래_동호수_호|12개월누적log,1.0,1027,True,V035
17시도,202101,V035_아파트거래_동호수_호|12개월누적log_12m차,1.0,1037,True,V035
17시도,202101,V035_아파트거래_면적_천㎡|12개월누적log,1.0,954,True,V035
17시도,202101,V035_아파트거래_면적_천㎡|12개월누적log_12m차,1.0,1037,True,V035
17시도,202101,V036_아파트매매거래_동호수_호|12개월누적log,1.0,1023,True,V036
17시도,202101,V036_아파트매매거래_동호수_호|12개월누적log_12m차,1.0,1037,True,V036
17시도,202101,V036_아파트매매거래_면적_천㎡|12개월누적log,1.0,862,True,V036
17시도,202101,V036_아파트매매거래_면적_천㎡|12개월누적log_12m차,1.0,1033,True,V036
17시도,202101,V037_주택시장_소비심리지수|수준,0.9189971070395371,466,True,V037
17시도,202101,V037_주택시장_소비심리지수|12m차,0.8958534233365477,584,True,V037
17시도,202101,V038_미분양주택현황_호|log,0.9971070395371263,883,True,V038
17시도,202101,V038_미분양주택현황_호|log_12m차,0.9942140790742526,984,True,V038
17시도,202101,V050_지역별_주택관련대출_예금은행_십억원|12m로그변화,1.0,1037,True,V050
17시도,202101,V043_한국은행_기준금리_연%|수준,1.0,5,True,V043
17시도,202101,V043_한국은행_기준금리_연%|12m차,1.0,7,True,V043
17시도,202101,V044_시장금리_CD91일_연%|수준,1.0,37,True,V044
17시도,202101,V044_시장금리_CD91일_연%|12m차,1.0,47,True,V044
17시도,202101,V045_시장금리_국고채3년_연%|수준,1.0,61,True,V045
17시도,202101,V045_시장금리_국고채3년_연%|12m차,1.0,61,True,V045
17시도,202101,V046_M2_통화량_십억원|12m로그변화,1.0,61,True,V046
17시도,202101,V048_소비자물가지수_2020=100|수준,1.0,58,True,V048
17시도,202101,V048_소비자물가지수_2020=100|12m차,1.0,60,True,V048
17시도,202101,V056_예금은행대출금리_주택담보_연리%|수준,1.0,47,True,V056
17시도,202101,V056_예금은행대출금리_주택담보_연리%|12m차,1.0,52,True,V056
17시도,202101,V057_예금은행대출금리_전세자금_연리%|수준,1.0,40,True,V057
17시도,202101,V057_예금은행대출금리_전세자금_연리%|12m차,0.8852459016393442,43,True,V057
17시도,202101,V059_비은행대출금리_주택담보_연리%|수준,1.0,50,True,V059
17시도,202101,V059_비은행대출금리_주택담보_연리%|12m차,1.0,55,True,V059
17시도,202101,V061_주택가격전망CSI_서울|수준,1.0,31,True,V061
17시도,202101,V061_주택가격전망CSI_서울|12m차,1.0,36,True,V061
17시도,202101,V062_주택가격전망CSI_6대광역시|수준,1.0,33,True,V062
17시도,202101,V062_주택가격전망CSI_6대광역시|12m차,1.0,38,True,V062
17시도,202101,V063_주택가격전망CSI_기타도시|수준,1.0,31,True,V063
17시도,202101,V063_주택가격전망CSI_기타도시|12m차,1.0,37,True,V063
17시도,202101,V064_KOSPI_종가_1980.01.04=100|수준,1.0,61,True,V064
17시도,202101,V064_KOSPI_종가_1980.01.04=100|12m차,1.0,61,True,V064
17시도,202101,V066_임금총액_사업체노동력_원|12m로그변화,1.0,61,True,V066
17시도,202101,V067_선행지수순환변동치_2020=100|수준,1.0,30,True,V067
17시도,202101,V067_선행지수순환변동치_2020=100|12m차,1.0,40,True,V067
17시도,202101,V069_예금취급기관_가계대출_십억원|12m로그변화,1.0,61,True,V069
17시도,202101,V069_예금취급기관_주택관련대출_십억원|12m로그변화,1.0,61,True,V069
17시도,202101,V070_수출금액_천불|12m로그변화,1.0,61,True,V070
17시도,202101,V071_정책대출_주금공_주택도시기금_십억원|12m로그변화,0.7868852459016393,48,True,V071
17시도,202101,V047_가계신용_총액_십억원|12m로그변화,1.0,21,True,V047
17시도,202101,V049_시간당명목임금지수_2020=100|수준,1.0,20,True,V049
17시도,202101,V049_시간당명목임금지수_2020=100|12m차,1.0,19,True,V049
17시도,202101,V060_대출태도_국내은행_가계주택|수준,1.0,15,True,V060
17시도,202101,V060_대출태도_국내은행_가계주택|12m차,1.0,18,True,V060
17시도,202101,V074_가계동향_도시2인이상_월평균소득_원|수준,0.9508196721311475,20,True,V074
17시도,202101,V074_가계동향_도시2인이상_월평균소득_원|12m차,0.9508196721311475,20,True,V074
17시도,202101,V074_연결_월평균소득_원|12m로그변화,1.0,21,True,V074
17시도,202101,V015_1인당GRDP_천원|12m로그변화,0.9951783992285439,101,True,V015
17시도,202101,V017_1인당가계총처분가능소득_천원|12m로그변화,0.9951783992285439,101,True,V017
17시도,202101,V024_주거용신축허가_동수_동|12m로그변화,0.058823529411764705,6,False,V024
17시도,202101,V024_주거용신축허가_연면적_㎡|12m로그변화,0.058823529411764705,6,False,V024
17시도,202101,V072_총조사_가구수_가구|12m로그변화,0.6065573770491803,68,False,V072
17시도,202101,V072_총조사_주택수_호|12m로그변화,0.6065573770491803,68,False,V072
17시도,202101,V076_공공+민간총계(DT_MLTM_7174)_호|12m로그변화,0.0,0,False,V076
17시도,202101,V076_공공임대계(DT_MLTM_7174)_호|12m로그변화,0.0,0,False,V076
17시도,202101,V076_민간임대계(DT_MLTM_7174)_호|12m로그변화,0.0,0,False,V076
17시도,202101,V076_민간임대(DT_MLTM_6827합계)_호|12m로그변화,0.0,0,False,V076
17시도,202101,V077_임대주택건설공급_총계_호|12m로그변화,1.0,102,True,V077
17시도,202101,V072_총조사단순주택수가구수비율|12m로그변화,0.6065573770491803,68,False,V072
17시도,202101,V024_주거용신축허가_동수_천세대당|수준,0.058823529411764705,6,False,V024
17시도,202101,V024_주거용신축허가_동수_천세대당|12m차,0.058823529411764705,6,False,V024
17시도,202101,V076_공공+민간총계(DT_MLTM_7174)_천세대당|수준,0.0,0,False,V076
17시도,202101,V076_공공+민간총계(DT_MLTM_7174)_천세대당|12m차,0.0,0,False,V076
17시도,202101,V076_공공임대계(DT_MLTM_7174)_천세대당|수준,0.0,0,False,V076
17시도,202101,V076_공공임대계(DT_MLTM_7174)_천세대당|12m차,0.0,0,False,V076
17시도,202101,V076_민간임대계(DT_MLTM_7174)_천세대당|수준,0.0,0,False,V076
17시도,202101,V076_민간임대계(DT_MLTM_7174)_천세대당|12m차,0.0,0,False,V076
17시도,202101,V076_민간임대(DT_MLTM_6827합계)_천세대당|수준,0.0,0,False,V076
17시도,202101,V076_민간임대(DT_MLTM_6827합계)_천세대당|12m차,0.0,0,False,V076
17시도,202101,V077_임대주택건설공급_총계_천세대당|수준,1.0,102,True,V077
17시도,202101,V077_임대주택건설공급_총계_천세대당|12m차,1.0,102,True,V077
17시도,202101,V015_전국대비|수준,1.0,102,True,V015
17시도,202101,V015_전국대비|12m차,0.9951783992285439,101,True,V015
17시도,202101,V017_전국대비|수준,1.0,101,True,V017
17시도,202101,V017_전국대비|12m차,0.9951783992285439,101,True,V017
17시도,202101,V072_공식주택보급률_%|수준,0.9836065573770492,100,True,V072
17시도,202101,V072_공식주택보급률_%|12m차,0.9720347155255545,99,True,V072
17시도,202101,D_CSI_전신계열,1.0,1,False,
17시도,202101,D_Wage_10th,1.0,2,True,
17시도,202101,D_Wage_11th,1.0,1,False,
17시도,202101,M10_rent_growth_1m,0.9836065573770492,1020,True,
17시도,202101,M10_rent_growth_6m,0.9016393442622951,935,True,
17시도,202104,V003_전세가율_%|수준,1.0,215,True,V003
17시도,202104,V003_전세가율_%|12m차,1.0,214,True,V003
17시도,202104,V004_지역별전월세전환율_%|수준,1.0,608,True,V004
17시도,202104,V004_지역별전월세전환율_%|12m차,1.0,950,True,V004
17시도,202104,V005_월세수급동향|수준,0.984375,914,True,V005
17시도,202104,V005_월세수급동향|12m차,0.796875,862,True,V005
17시도,202104,V009_주민등록인구_명|12m로그변화,1.0,1088,True,V009
17시도,202104,V010_주민등록세대수_세대|12m로그변화,1.0,1088,True,V010
17시도,202104,V011_20-29세_명|12m로그변화,1.0,1088,True,V011
17시도,202104,V011_20-39세_명|12m로그변화,1.0,1088,True,V011
17시도,202104,V011_20-39세비중_%|수준,1.0,1088,True,V011
17시도,202104,V011_20-39세비중_%|12m차,1.0,1088,True,V011
17시도,202104,V011_30-39세_명|12m로그변화,1.0,1088,True,V011
17시도,202104,V012_순이동자수_명|천명당12개월,1.0,1088,True,V012
17시도,202104,V013_고용률_%|수준,0.9825367647058824,150,True,V013
17시도,202104,V013_고용률_%|12m차,0.9715073529411765,135,True,V013
17시도,202104,V013_취업자_천명|12m로그변화,0.9715073529411765,1056,True,V013
17시도,202104,V021_아파트_인허가_호|12개월누적log,1.0,1051,True,V021
17시도,202104,V021_아파트_인허가_호|12개월누적log_12m차,1.0,1080,True,V021
17시도,202104,V022_아파트_착공_호|12개월누적log,1.0,1040,True,V022
17시도,202104,V022_아파트_착공_호|12개월누적log_12m차,1.0,1074,True,V022
17시도,202104,V023_아파트_준공_호|12개월누적log,1.0,1065,True,V023
17시도,202104,V023_아파트_준공_호|12개월누적log_12m차,1.0,1087,True,V023
17시도,202104,V031_매매수급동향|수준,1.0,947,True,V031
17시도,202104,V031_매매수급동향|12m차,1.0,1075,True,V031
17시도,202104,V032_전세수급동향|수준,1.0,944,True,V032
17시도,202104,V032_전세수급동향|12m차,1.0,1069,True,V032
17시도,202104,V034_수급동향(구)_통합|수준,0.007352941176470588,8,False,V034
17시도,202104,V034_수급동향(구)_통합|12m차,0.007352941176470588,7,False,V034
17시도,202104,V035_아파트거래_동호수_호|12개월누적log,1.0,1078,True,V035
17시도,202104,V035_아파트거래_동호수_호|12개월누적log_12m차,1.0,1088,True,V035
17시도,202104,V035_아파트거래_면적_천㎡|12개월누적log,1.0,1000,True,V035
17시도,202104,V035_아파트거래_면적_천㎡|12개월누적log_12m차,1.0,1088,True,V035
17시도,202104,V036_아파트매매거래_동호수_호|12개월누적log,1.0,1073,True,V036
17시도,202104,V036_아파트매매거래_동호수_호|12개월누적log_12m차,1.0,1088,True,V036
17시도,202104,V036_아파트매매거래_면적_천㎡|12개월누적log,1.0,904,True,V036
17시도,202104,V036_아파트매매거래_면적_천㎡|12개월누적log_12m차,1.0,1084,True,V036
17시도,202104,V037_주택시장_소비심리지수|수준,0.9227941176470589,476,True,V037
17시도,202104,V037_주택시장_소비심리지수|12m차,0.9007352941176471,613,True,V037
17시도,202104,V038_미분양주택현황_호|log,0.9972426470588235,922,True,V038
17시도,202104,V038_미분양주택현황_호|log_12m차,0.9944852941176471,1031,True,V038
17시도,202104,V050_지역별_주택관련대출_예금은행_십억원|12m로그변화,1.0,1088,True,V050
17시도,202104,V043_한국은행_기준금리_연%|수준,1.0,5,True,V043
17시도,202104,V043_한국은행_기준금리_연%|12m차,1.0,7,True,V043
17시도,202104,V044_시장금리_CD91일_연%|수준,1.0,39,True,V044
17시도,202104,V044_시장금리_CD91일_연%|12m차,1.0,50,True,V044
17시도,202104,V045_시장금리_국고채3년_연%|수준,1.0,64,True,V045
17시도,202104,V045_시장금리_국고채3년_연%|12m차,1.0,64,True,V045
17시도,202104,V046_M2_통화량_십억원|12m로그변화,1.0,64,True,V046
17시도,202104,V048_소비자물가지수_2020=100|수준,1.0,61,True,V048
17시도,202104,V048_소비자물가지수_2020=100|12m차,1.0,63,True,V048
17시도,202104,V056_예금은행대출금리_주택담보_연리%|수준,1.0,49,True,V056
17시도,202104,V056_예금은행대출금리_주택담보_연리%|12m차,1.0,55,True,V056
17시도,202104,V057_예금은행대출금리_전세자금_연리%|수준,1.0,43,True,V057
17시도,202104,V057_예금은행대출금리_전세자금_연리%|12m차,0.890625,45,True,V057
17시도,202104,V059_비은행대출금리_주택담보_연리%|수준,1.0,53,True,V059
17시도,202104,V059_비은행대출금리_주택담보_연리%|12m차,1.0,57,True,V059
17시도,202104,V061_주택가격전망CSI_서울|수준,1.0,31,True,V061
17시도,202104,V061_주택가격전망CSI_서울|12m차,1.0,37,True,V061
17시도,202104,V062_주택가격전망CSI_6대광역시|수준,1.0,34,True,V062
17시도,202104,V062_주택가격전망CSI_6대광역시|12m차,1.0,39,True,V062
17시도,202104,V063_주택가격전망CSI_기타도시|수준,1.0,32,True,V063
17시도,202104,V063_주택가격전망CSI_기타도시|12m차,1.0,39,True,V063
17시도,202104,V064_KOSPI_종가_1980.01.04=100|수준,1.0,64,True,V064
17시도,202104,V064_KOSPI_종가_1980.01.04=100|12m차,1.0,64,True,V064
17시도,202104,V066_임금총액_사업체노동력_원|12m로그변화,1.0,64,True,V066
17시도,202104,V067_선행지수순환변동치_2020=100|수준,1.0,31,True,V067
17시도,202104,V067_선행지수순환변동치_2020=100|12m차,1.0,41,True,V067
17시도,202104,V069_예금취급기관_가계대출_십억원|12m로그변화,1.0,64,True,V069
17시도,202104,V069_예금취급기관_주택관련대출_십억원|12m로그변화,1.0,64,True,V069
17시도,202104,V070_수출금액_천불|12m로그변화,1.0,64,True,V070
17시도,202104,V071_정책대출_주금공_주택도시기금_십억원|12m로그변화,0.796875,51,True,V071
17시도,202104,V047_가계신용_총액_십억원|12m로그변화,1.0,22,True,V047
17시도,202104,V049_시간당명목임금지수_2020=100|수준,1.0,21,True,V049
17시도,202104,V049_시간당명목임금지수_2020=100|12m차,1.0,20,True,V049
17시도,202104,V060_대출태도_국내은행_가계주택|수준,1.0,16,True,V060
17시도,202104,V060_대출태도_국내은행_가계주택|12m차,1.0,19,True,V060
17시도,202104,V074_가계동향_도시2인이상_월평균소득_원|수준,0.90625,20,True,V074
17시도,202104,V074_가계동향_도시2인이상_월평균소득_원|12m차,0.90625,20,True,V074
17시도,202104,V074_연결_월평균소득_원|12m로그변화,1.0,22,True,V074
17시도,202104,V015_1인당GRDP_천원|12m로그변화,0.9954044117647058,101,True,V015
17시도,202104,V017_1인당가계총처분가능소득_천원|12m로그변화,0.9954044117647058,101,True,V017
17시도,202104,V024_주거용신축허가_동수_동|12m로그변화,0.058823529411764705,6,False,V024
17시도,202104,V024_주거용신축허가_연면적_㎡|12m로그변화,0.058823529411764705,6,False,V024
17시도,202104,V072_총조사_가구수_가구|12m로그변화,0.625,68,False,V072
17시도,202104,V072_총조사_주택수_호|12m로그변화,0.625,68,False,V072
17시도,202104,V076_공공+민간총계(DT_MLTM_7174)_호|12m로그변화,0.0,0,False,V076
17시도,202104,V076_공공임대계(DT_MLTM_7174)_호|12m로그변화,0.0,0,False,V076
17시도,202104,V076_민간임대계(DT_MLTM_7174)_호|12m로그변화,0.0,0,False,V076
17시도,202104,V076_민간임대(DT_MLTM_6827합계)_호|12m로그변화,0.0,0,False,V076
17시도,202104,V077_임대주택건설공급_총계_호|12m로그변화,1.0,102,True,V077
17시도,202104,V072_총조사단순주택수가구수비율|12m로그변화,0.625,68,False,V072
17시도,202104,V024_주거용신축허가_동수_천세대당|수준,0.058823529411764705,6,False,V024
17시도,202104,V024_주거용신축허가_동수_천세대당|12m차,0.058823529411764705,6,False,V024
17시도,202104,V076_공공+민간총계(DT_MLTM_7174)_천세대당|수준,0.0,0,False,V076
17시도,202104,V076_공공+민간총계(DT_MLTM_7174)_천세대당|12m차,0.0,0,False,V076
17시도,202104,V076_공공임대계(DT_MLTM_7174)_천세대당|수준,0.0,0,False,V076
17시도,202104,V076_공공임대계(DT_MLTM_7174)_천세대당|12m차,0.0,0,False,V076
17시도,202104,V076_민간임대계(DT_MLTM_7174)_천세대당|수준,0.0,0,False,V076
17시도,202104,V076_민간임대계(DT_MLTM_7174)_천세대당|12m차,0.0,0,False,V076
17시도,202104,V076_민간임대(DT_MLTM_6827합계)_천세대당|수준,0.0,0,False,V076
17시도,202104,V076_민간임대(DT_MLTM_6827합계)_천세대당|12m차,0.0,0,False,V076
17시도,202104,V077_임대주택건설공급_총계_천세대당|수준,1.0,102,True,V077
17시도,202104,V077_임대주택건설공급_총계_천세대당|12m차,1.0,102,True,V077
17시도,202104,V015_전국대비|수준,1.0,102,True,V015
17시도,202104,V015_전국대비|12m차,0.9954044117647058,101,True,V015
17시도,202104,V017_전국대비|수준,1.0,101,True,V017
17시도,202104,V017_전국대비|12m차,0.9954044117647058,101,True,V017
17시도,202104,V072_공식주택보급률_%|수준,0.984375,100,True,V072
17시도,202104,V072_공식주택보급률_%|12m차,0.9733455882352942,99,True,V072
17시도,202104,D_CSI_전신계열,1.0,1,False,
17시도,202104,D_Wage_10th,1.0,2,True,
17시도,202104,D_Wage_11th,1.0,1,False,
17시도,202104,M10_rent_growth_1m,0.984375,1071,True,
17시도,202104,M10_rent_growth_6m,0.90625,986,True,
17시도,202107,V003_전세가율_%|수준,1.0,220,True,V003
17시도,202107,V003_전세가율_%|12m차,1.0,218,True,V003
17시도,202107,V004_지역별전월세전환율_%|수준,1.0,636,True,V004
17시도,202107,V004_지역별전월세전환율_%|12m차,1.0,993,True,V004
17시도,202107,V005_월세수급동향|수준,0.9850746268656716,963,True,V005
17시도,202107,V005_월세수급동향|12m차,0.8059701492537313,913,True,V005
17시도,202107,V009_주민등록인구_명|12m로그변화,1.0,1139,True,V009
17시도,202107,V010_주민등록세대수_세대|12m로그변화,1.0,1139,True,V010
17시도,202107,V011_20-29세_명|12m로그변화,1.0,1139,True,V011
17시도,202107,V011_20-39세_명|12m로그변화,1.0,1139,True,V011
17시도,202107,V011_20-39세비중_%|수준,1.0,1139,True,V011
17시도,202107,V011_20-39세비중_%|12m차,1.0,1139,True,V011
17시도,202107,V011_30-39세_명|12m로그변화,1.0,1139,True,V011
17시도,202107,V012_순이동자수_명|천명당12개월,1.0,1139,True,V012
17시도,202107,V013_고용률_%|수준,0.9833187006145742,151,True,V013
17시도,202107,V013_고용률_%|12m차,0.9727831431079894,137,True,V013
17시도,202107,V013_취업자_천명|12m로그변화,0.9727831431079894,1107,True,V013
17시도,202107,V021_아파트_인허가_호|12개월누적log,1.0,1099,True,V021
17시도,202107,V021_아파트_인허가_호|12개월누적log_12m차,1.0,1131,True,V021
17시도,202107,V022_아파트_착공_호|12개월누적log,1.0,1088,True,V022
17시도,202107,V022_아파트_착공_호|12개월누적log_12m차,1.0,1122,True,V022
17시도,202107,V023_아파트_준공_호|12개월누적log,1.0,1112,True,V023
17시도,202107,V023_아파트_준공_호|12개월누적log_12m차,1.0,1138,True,V023
17시도,202107,V031_매매수급동향|수준,1.0,995,True,V031
17시도,202107,V031_매매수급동향|12m차,1.0,1125,True,V031
17시도,202107,V032_전세수급동향|수준,1.0,992,True,V032
17시도,202107,V032_전세수급동향|12m차,1.0,1120,True,V032
17시도,202107,V034_수급동향(구)_통합|수준,0.007023705004389816,8,False,V034
17시도,202107,V034_수급동향(구)_통합|12m차,0.007023705004389816,7,False,V034
17시도,202107,V035_아파트거래_동호수_호|12개월누적log,1.0,1129,True,V035
17시도,202107,V035_아파트거래_동호수_호|12개월누적log_12m차,1.0,1139,True,V035
17시도,202107,V035_아파트거래_면적_천㎡|12개월누적log,1.0,1044,True,V035
17시도,202107,V035_아파트거래_면적_천㎡|12개월누적log_12m차,1.0,1139,True,V035
17시도,202107,V036_아파트매매거래_동호수_호|12개월누적log,1.0,1122,True,V036
17시도,202107,V036_아파트매매거래_동호수_호|12개월누적log_12m차,1.0,1139,True,V036
17시도,202107,V036_아파트매매거래_면적_천㎡|12개월누적log,1.0,946,True,V036
17시도,202107,V036_아파트매매거래_면적_천㎡|12개월누적log_12m차,1.0,1135,True,V036
17시도,202107,V037_주택시장_소비심리지수|수준,0.926251097453907,500,True,V037
17시도,202107,V037_주택시장_소비심리지수|12m차,0.9051799824407375,647,True,V037
17시도,202107,V038_미분양주택현황_호|log,0.9973661106233538,952,True,V038
17시도,202107,V038_미분양주택현황_호|log_12m차,0.9947322212467077,1079,True,V038
17시도,202107,V050_지역별_주택관련대출_예금은행_십억원|12m로그변화,1.0,1139,True,V050
17시도,202107,V043_한국은행_기준금리_연%|수준,1.0,5,True,V043
17시도,202107,V043_한국은행_기준금리_연%|12m차,1.0,7,True,V043
17시도,202107,V044_시장금리_CD91일_연%|수준,1.0,40,True,V044
17시도,202107,V044_시장금리_CD91일_연%|12m차,1.0,53,True,V044
17시도,202107,V045_시장금리_국고채3년_연%|수준,1.0,67,True,V045
17시도,202107,V045_시장금리_국고채3년_연%|12m차,1.0,66,True,V045
17시도,202107,V046_M2_통화량_십억원|12m로그변화,1.0,67,True,V046
17시도,202107,V048_소비자물가지수_2020=100|수준,1.0,63,True,V048
17시도,202107,V048_소비자물가지수_2020=100|12m차,1.0,66,True,V048
17시도,202107,V056_예금은행대출금리_주택담보_연리%|수준,1.0,51,True,V056
17시도,202107,V056_예금은행대출금리_주택담보_연리%|12m차,1.0,58,True,V056
17시도,202107,V057_예금은행대출금리_전세자금_연리%|수준,1.0,46,True,V057
17시도,202107,V057_예금은행대출금리_전세자금_연리%|12m차,0.8955223880597015,46,True,V057
17시도,202107,V059_비은행대출금리_주택담보_연리%|수준,1.0,56,True,V059
17시도,202107,V059_비은행대출금리_주택담보_연리%|12m차,1.0,60,True,V059
17시도,202107,V061_주택가격전망CSI_서울|수준,1.0,33,True,V061
17시도,202107,V061_주택가격전망CSI_서울|12m차,1.0,37,True,V061
17시도,202107,V062_주택가격전망CSI_6대광역시|수준,1.0,37,True,V062
17시도,202107,V062_주택가격전망CSI_6대광역시|12m차,1.0,41,True,V062
17시도,202107,V063_주택가격전망CSI_기타도시|수준,1.0,35,True,V063
17시도,202107,V063_주택가격전망CSI_기타도시|12m차,1.0,39,True,V063
17시도,202107,V064_KOSPI_종가_1980.01.04=100|수준,1.0,67,True,V064
17시도,202107,V064_KOSPI_종가_1980.01.04=100|12m차,1.0,67,True,V064
17시도,202107,V066_임금총액_사업체노동력_원|12m로그변화,1.0,67,True,V066
17시도,202107,V067_선행지수순환변동치_2020=100|수준,1.0,32,True,V067
17시도,202107,V067_선행지수순환변동치_2020=100|12m차,1.0,41,True,V067
17시도,202107,V069_예금취급기관_가계대출_십억원|12m로그변화,1.0,67,True,V069
17시도,202107,V069_예금취급기관_주택관련대출_십억원|12m로그변화,1.0,67,True,V069
17시도,202107,V070_수출금액_천불|12m로그변화,1.0,67,True,V070
17시도,202107,V071_정책대출_주금공_주택도시기금_십억원|12m로그변화,0.8059701492537313,54,True,V071
17시도,202107,V047_가계신용_총액_십억원|12m로그변화,1.0,23,True,V047
17시도,202107,V049_시간당명목임금지수_2020=100|수준,1.0,22,True,V049
17시도,202107,V049_시간당명목임금지수_2020=100|12m차,1.0,21,True,V049
17시도,202107,V060_대출태도_국내은행_가계주택|수준,1.0,17,True,V060
17시도,202107,V060_대출태도_국내은행_가계주택|12m차,1.0,20,True,V060
17시도,202107,V074_가계동향_도시2인이상_월평균소득_원|수준,0.8656716417910447,20,True,V074
17시도,202107,V074_가계동향_도시2인이상_월평균소득_원|12m차,0.8656716417910447,20,True,V074
17시도,202107,V074_연결_월평균소득_원|12m로그변화,1.0,23,True,V074
17시도,202107,V015_1인당GRDP_천원|12m로그변화,0.9956101843722563,118,True,V015
17시도,202107,V017_1인당가계총처분가능소득_천원|12m로그변화,0.9956101843722563,118,True,V017
17시도,202107,V024_주거용신축허가_동수_동|12m로그변화,0.058823529411764705,7,False,V024
17시도,202107,V024_주거용신축허가_연면적_㎡|12m로그변화,0.058823529411764705,7,False,V024
17시도,202107,V072_총조사_가구수_가구|12m로그변화,0.6417910447761194,68,False,V072
17시도,202107,V072_총조사_주택수_호|12m로그변화,0.6417910447761194,68,False,V072
17시도,202107,V076_공공+민간총계(DT_MLTM_7174)_호|12m로그변화,0.0,0,False,V076
17시도,202107,V076_공공임대계(DT_MLTM_7174)_호|12m로그변화,0.0,0,False,V076
17시도,202107,V076_민간임대계(DT_MLTM_7174)_호|12m로그변화,0.0,0,False,V076
17시도,202107,V076_민간임대(DT_MLTM_6827합계)_호|12m로그변화,0.0,0,False,V076
17시도,202107,V077_임대주택건설공급_총계_호|12m로그변화,1.0,119,True,V077
17시도,202107,V072_총조사단순주택수가구수비율|12m로그변화,0.6417910447761194,68,False,V072
17시도,202107,V024_주거용신축허가_동수_천세대당|수준,0.058823529411764705,7,False,V024
17시도,202107,V024_주거용신축허가_동수_천세대당|12m차,0.058823529411764705,7,False,V024
17시도,202107,V076_공공+민간총계(DT_MLTM_7174)_천세대당|수준,0.0,0,False,V076
17시도,202107,V076_공공+민간총계(DT_MLTM_7174)_천세대당|12m차,0.0,0,False,V076
17시도,202107,V076_공공임대계(DT_MLTM_7174)_천세대당|수준,0.0,0,False,V076
17시도,202107,V076_공공임대계(DT_MLTM_7174)_천세대당|12m차,0.0,0,False,V076
17시도,202107,V076_민간임대계(DT_MLTM_7174)_천세대당|수준,0.0,0,False,V076
17시도,202107,V076_민간임대계(DT_MLTM_7174)_천세대당|12m차,0.0,0,False,V076
17시도,202107,V076_민간임대(DT_MLTM_6827합계)_천세대당|수준,0.0,0,False,V076
17시도,202107,V076_민간임대(DT_MLTM_6827합계)_천세대당|12m차,0.0,0,False,V076
17시도,202107,V077_임대주택건설공급_총계_천세대당|수준,1.0,119,True,V077
17시도,202107,V077_임대주택건설공급_총계_천세대당|12m차,1.0,119,True,V077
17시도,202107,V015_전국대비|수준,1.0,119,True,V015
17시도,202107,V015_전국대비|12m차,0.9956101843722563,118,True,V015
17시도,202107,V017_전국대비|수준,1.0,118,True,V017
17시도,202107,V017_전국대비|12m차,0.9956101843722563,118,True,V017
17시도,202107,V072_공식주택보급률_%|수준,0.9850746268656716,117,True,V072
17시도,202107,V072_공식주택보급률_%|12m차,0.974539069359087,116,True,V072
17시도,202107,D_CSI_전신계열,1.0,1,False,
17시도,202107,D_Wage_10th,1.0,2,True,
17시도,202107,D_Wage_11th,1.0,1,False,
17시도,202107,M10_rent_growth_1m,0.9850746268656716,1122,True,
17시도,202107,M10_rent_growth_6m,0.9104477611940298,1037,True,
17시도,202110,V003_전세가율_%|수준,1.0,222,True,V003
17시도,202110,V003_전세가율_%|12m차,1.0,224,True,V003
17시도,202110,V004_지역별전월세전환율_%|수준,1.0,666,True,V004
17시도,202110,V004_지역별전월세전환율_%|12m차,1.0,1038,True,V004
17시도,202110,V005_월세수급동향|수준,0.9857142857142858,1013,True,V005
17시도,202110,V005_월세수급동향|12m차,0.8142857142857143,964,True,V005
17시도,202110,V009_주민등록인구_명|12m로그변화,1.0,1190,True,V009
17시도,202110,V010_주민등록세대수_세대|12m로그변화,1.0,1190,True,V010
17시도,202110,V011_20-29세_명|12m로그변화,1.0,1190,True,V011
17시도,202110,V011_20-39세_명|12m로그변화,1.0,1190,True,V011
17시도,202110,V011_20-39세비중_%|수준,1.0,1190,True,V011
17시도,202110,V011_20-39세비중_%|12m차,1.0,1190,True,V011
17시도,202110,V011_30-39세_명|12m로그변화,1.0,1190,True,V011
17시도,202110,V012_순이동자수_명|천명당12개월,1.0,1190,True,V012
17시도,202110,V013_고용률_%|수준,0.9840336134453781,156,True,V013
17시도,202110,V013_고용률_%|12m차,0.9739495798319328,143,True,V013
17시도,202110,V013_취업자_천명|12m로그변화,0.9739495798319328,1158,True,V013
17시도,202110,V021_아파트_인허가_호|12개월누적log,1.0,1146,True,V021
17시도,202110,V021_아파트_인허가_호|12개월누적log_12m차,1.0,1181,True,V021
17시도,202110,V022_아파트_착공_호|12개월누적log,1.0,1135,True,V022
17시도,202110,V022_아파트_착공_호|12개월누적log_12m차,1.0,1172,True,V022
17시도,202110,V023_아파트_준공_호|12개월누적log,1.0,1161,True,V023
17시도,202110,V023_아파트_준공_호|12개월누적log_12m차,1.0,1189,True,V023
17시도,202110,V031_매매수급동향|수준,1.0,1043,True,V031
17시도,202110,V031_매매수급동향|12m차,1.0,1175,True,V031
17시도,202110,V032_전세수급동향|수준,1.0,1036,True,V032
17시도,202110,V032_전세수급동향|12m차,1.0,1171,True,V032
17시도,202110,V034_수급동향(구)_통합|수준,0.0067226890756302525,8,False,V034
17시도,202110,V034_수급동향(구)_통합|12m차,0.0067226890756302525,7,False,V034
17시도,202110,V035_아파트거래_동호수_호|12개월누적log,1.0,1179,True,V035
17시도,202110,V035_아파트거래_동호수_호|12개월누적log_12m차,1.0,1190,True,V035
17시도,202110,V035_아파트거래_면적_천㎡|12개월누적log,1.0,1085,True,V035
17시도,202110,V035_아파트거래_면적_천㎡|12개월누적log_12m차,1.0,1190,True,V035
17시도,202110,V036_아파트매매거래_동호수_호|12개월누적log,1.0,1172,True,V036
17시도,202110,V036_아파트매매거래_동호수_호|12개월누적log_12m차,1.0,1190,True,V036
17시도,202110,V036_아파트매매거래_면적_천㎡|12개월누적log,1.0,988,True,V036
17시도,202110,V036_아파트매매거래_면적_천㎡|12개월누적log_12m차,1.0,1186,True,V036
17시도,202110,V037_주택시장_소비심리지수|수준,0.9294117647058824,508,True,V037
17시도,202110,V037_주택시장_소비심리지수|12m차,0.9092436974789916,670,True,V037
17시도,202110,V038_미분양주택현황_호|log,0.9974789915966387,981,True,V038
17시도,202110,V038_미분양주택현황_호|log_12m차,0.9949579831932773,1127,True,V038
17시도,202110,V050_지역별_주택관련대출_예금은행_십억원|12m로그변화,1.0,1190,True,V050
17시도,202110,V043_한국은행_기준금리_연%|수준,1.0,5,True,V043
17시도,202110,V043_한국은행_기준금리_연%|12m차,1.0,7,True,V043
17시도,202110,V044_시장금리_CD91일_연%|수준,1.0,43,True,V044
17시도,202110,V044_시장금리_CD91일_연%|12m차,1.0,56,True,V044
17시도,202110,V045_시장금리_국고채3년_연%|수준,1.0,70,True,V045
17시도,202110,V045_시장금리_국고채3년_연%|12m차,1.0,69,True,V045
17시도,202110,V046_M2_통화량_십억원|12m로그변화,1.0,70,True,V046
17시도,202110,V048_소비자물가지수_2020=100|수준,1.0,66,True,V048
17시도,202110,V048_소비자물가지수_2020=100|12m차,1.0,69,True,V048
17시도,202110,V056_예금은행대출금리_주택담보_연리%|수준,1.0,53,True,V056
17시도,202110,V056_예금은행대출금리_주택담보_연리%|12m차,1.0,60,True,V056
17시도,202110,V057_예금은행대출금리_전세자금_연리%|수준,1.0,47,True,V057
17시도,202110,V057_예금은행대출금리_전세자금_연리%|12m차,0.9,48,True,V057
17시도,202110,V059_비은행대출금리_주택담보_연리%|수준,1.0,58,True,V059
17시도,202110,V059_비은행대출금리_주택담보_연리%|12m차,1.0,61,True,V059
17시도,202110,V061_주택가격전망CSI_서울|수준,1.0,33,True,V061
17시도,202110,V061_주택가격전망CSI_서울|12m차,1.0,37,True,V061
17시도,202110,V062_주택가격전망CSI_6대광역시|수준,1.0,39,True,V062
17시도,202110,V062_주택가격전망CSI_6대광역시|12m차,1.0,43,True,V062
17시도,202110,V063_주택가격전망CSI_기타도시|수준,1.0,36,True,V063
17시도,202110,V063_주택가격전망CSI_기타도시|12m차,1.0,39,True,V063
17시도,202110,V064_KOSPI_종가_1980.01.04=100|수준,1.0,70,True,V064
17시도,202110,V064_KOSPI_종가_1980.01.04=100|12m차,1.0,70,True,V064
17시도,202110,V066_임금총액_사업체노동력_원|12m로그변화,1.0,70,True,V066
17시도,202110,V067_선행지수순환변동치_2020=100|수준,1.0,33,True,V067
17시도,202110,V067_선행지수순환변동치_2020=100|12m차,1.0,43,True,V067
17시도,202110,V069_예금취급기관_가계대출_십억원|12m로그변화,1.0,70,True,V069
17시도,202110,V069_예금취급기관_주택관련대출_십억원|12m로그변화,1.0,70,True,V069
17시도,202110,V070_수출금액_천불|12m로그변화,1.0,70,True,V070
17시도,202110,V071_정책대출_주금공_주택도시기금_십억원|12m로그변화,0.8142857142857143,57,True,V071
17시도,202110,V047_가계신용_총액_십억원|12m로그변화,1.0,24,True,V047
17시도,202110,V049_시간당명목임금지수_2020=100|수준,1.0,23,True,V049
17시도,202110,V049_시간당명목임금지수_2020=100|12m차,1.0,21,True,V049
17시도,202110,V060_대출태도_국내은행_가계주택|수준,1.0,18,True,V060
17시도,202110,V060_대출태도_국내은행_가계주택|12m차,1.0,21,True,V060
17시도,202110,V074_가계동향_도시2인이상_월평균소득_원|수준,0.8285714285714286,20,True,V074
17시도,202110,V074_가계동향_도시2인이상_월평균소득_원|12m차,0.8285714285714286,20,True,V074
17시도,202110,V074_연결_월평균소득_원|12m로그변화,1.0,24,True,V074
17시도,202110,V015_1인당GRDP_천원|12m로그변화,0.9957983193277311,118,True,V015
17시도,202110,V017_1인당가계총처분가능소득_천원|12m로그변화,0.9957983193277311,118,True,V017
17시도,202110,V024_주거용신축허가_동수_동|12m로그변화,0.058823529411764705,7,False,V024
17시도,202110,V024_주거용신축허가_연면적_㎡|12m로그변화,0.058823529411764705,7,False,V024
17시도,202110,V072_총조사_가구수_가구|12m로그변화,0.6571428571428571,68,False,V072
17시도,202110,V072_총조사_주택수_호|12m로그변화,0.6571428571428571,68,False,V072
17시도,202110,V076_공공+민간총계(DT_MLTM_7174)_호|12m로그변화,0.0,0,False,V076
17시도,202110,V076_공공임대계(DT_MLTM_7174)_호|12m로그변화,0.0,0,False,V076
17시도,202110,V076_민간임대계(DT_MLTM_7174)_호|12m로그변화,0.0,0,False,V076
17시도,202110,V076_민간임대(DT_MLTM_6827합계)_호|12m로그변화,0.0,0,False,V076
17시도,202110,V077_임대주택건설공급_총계_호|12m로그변화,1.0,119,True,V077
17시도,202110,V072_총조사단순주택수가구수비율|12m로그변화,0.6571428571428571,68,False,V072
17시도,202110,V024_주거용신축허가_동수_천세대당|수준,0.058823529411764705,7,False,V024
17시도,202110,V024_주거용신축허가_동수_천세대당|12m차,0.058823529411764705,7,False,V024
17시도,202110,V076_공공+민간총계(DT_MLTM_7174)_천세대당|수준,0.0,0,False,V076
17시도,202110,V076_공공+민간총계(DT_MLTM_7174)_천세대당|12m차,0.0,0,False,V076
17시도,202110,V076_공공임대계(DT_MLTM_7174)_천세대당|수준,0.0,0,False,V076
17시도,202110,V076_공공임대계(DT_MLTM_7174)_천세대당|12m차,0.0,0,False,V076
17시도,202110,V076_민간임대계(DT_MLTM_7174)_천세대당|수준,0.0,0,False,V076
17시도,202110,V076_민간임대계(DT_MLTM_7174)_천세대당|12m차,0.0,0,False,V076
17시도,202110,V076_민간임대(DT_MLTM_6827합계)_천세대당|수준,0.0,0,False,V076
17시도,202110,V076_민간임대(DT_MLTM_6827합계)_천세대당|12m차,0.0,0,False,V076
17시도,202110,V077_임대주택건설공급_총계_천세대당|수준,1.0,119,True,V077
17시도,202110,V077_임대주택건설공급_총계_천세대당|12m차,1.0,119,True,V077
17시도,202110,V015_전국대비|수준,1.0,119,True,V015
17시도,202110,V015_전국대비|12m차,0.9957983193277311,118,True,V015
17시도,202110,V017_전국대비|수준,1.0,118,True,V017
17시도,202110,V017_전국대비|12m차,0.9957983193277311,118,True,V017
17시도,202110,V072_공식주택보급률_%|수준,0.9857142857142858,117,True,V072
17시도,202110,V072_공식주택보급률_%|12m차,0.9756302521008403,116,True,V072
17시도,202110,D_CSI_전신계열,1.0,1,False,
17시도,202110,D_Wage_10th,1.0,2,True,
17시도,202110,D_Wage_11th,1.0,1,False,
17시도,202110,M10_rent_growth_1m,0.9857142857142858,1173,True,
17시도,202110,M10_rent_growth_6m,0.9142857142857143,1088,True,
17시도,202201,V003_전세가율_%|수준,1.0,227,True,V003
17시도,202201,V003_전세가율_%|12m차,1.0,232,True,V003
17시도,202201,V004_지역별전월세전환율_%|수준,1.0,691,True,V004
17시도,202201,V004_지역별전월세전환율_%|12m차,1.0,1084,True,V004
17시도,202201,V005_월세수급동향|수준,0.9863013698630136,1059,True,V005
17시도,202201,V005_월세수급동향|12m차,0.821917808219178,1014,True,V005
17시도,202201,V009_주민등록인구_명|12m로그변화,1.0,1241,True,V009
17시도,202201,V010_주민등록세대수_세대|12m로그변화,1.0,1241,True,V010
17시도,202201,V011_20-29세_명|12m로그변화,1.0,1241,True,V011
17시도,202201,V011_20-39세_명|12m로그변화,1.0,1241,True,V011
17시도,202201,V011_20-39세비중_%|수준,1.0,1241,True,V011
17시도,202201,V011_20-39세비중_%|12m차,1.0,1241,True,V011
17시도,202201,V011_30-39세_명|12m로그변화,1.0,1241,True,V011
17시도,202201,V012_순이동자수_명|천명당12개월,1.0,1241,True,V012
17시도,202201,V013_고용률_%|수준,0.984689766317486,157,True,V013
17시도,202201,V013_고용률_%|12m차,0.9750201450443191,148,True,V013
17시도,202201,V013_취업자_천명|12m로그변화,0.9750201450443191,1209,True,V013
17시도,202201,V021_아파트_인허가_호|12개월누적log,1.0,1194,True,V021
17시도,202201,V021_아파트_인허가_호|12개월누적log_12m차,1.0,1232,True,V021
17시도,202201,V022_아파트_착공_호|12개월누적log,1.0,1184,True,V022
17시도,202201,V022_아파트_착공_호|12개월누적log_12m차,1.0,1222,True,V022
17시도,202201,V023_아파트_준공_호|12개월누적log,1.0,1204,True,V023
17시도,202201,V023_아파트_준공_호|12개월누적log_12m차,1.0,1240,True,V023
17시도,202201,V031_매매수급동향|수준,1.0,1089,True,V031
17시도,202201,V031_매매수급동향|12m차,1.0,1226,True,V031
17시도,202201,V032_전세수급동향|수준,1.0,1081,True,V032
17시도,202201,V032_전세수급동향|12m차,1.0,1222,True,V032
17시도,202201,V034_수급동향(구)_통합|수준,0.0064464141821112,8,False,V034
17시도,202201,V034_수급동향(구)_통합|12m차,0.0064464141821112,7,False,V034
17시도,202201,V035_아파트거래_동호수_호|12개월누적log,1.0,1230,True,V035
17시도,202201,V035_아파트거래_동호수_호|12개월누적log_12m차,1.0,1241,True,V035
17시도,202201,V035_아파트거래_면적_천㎡|12개월누적log,1.0,1128,True,V035
17시도,202201,V035_아파트거래_면적_천㎡|12개월누적log_12m차,1.0,1241,True,V035
17시도,202201,V036_아파트매매거래_동호수_호|12개월누적log,1.0,1223,True,V036
17시도,202201,V036_아파트매매거래_동호수_호|12개월누적log_12m차,1.0,1241,True,V036
17시도,202201,V036_아파트매매거래_면적_천㎡|12개월누적log,1.0,1029,True,V036
17시도,202201,V036_아파트매매거래_면적_천㎡|12개월누적log_12m차,1.0,1237,True,V036
17시도,202201,V037_주택시장_소비심리지수|수준,0.9323126510878323,516,True,V037
17시도,202201,V037_주택시장_소비심리지수|12m차,0.9129734085414988,694,True,V037
17시도,202201,V038_미분양주택현황_호|log,0.9975825946817083,1018,True,V038
17시도,202201,V038_미분양주택현황_호|log_12m차,0.9951651893634166,1175,True,V038
17시도,202201,V050_지역별_주택관련대출_예금은행_십억원|12m로그변화,1.0,1241,True,V050
17시도,202201,V043_한국은행_기준금리_연%|수준,1.0,5,True,V043
17시도,202201,V043_한국은행_기준금리_연%|12m차,1.0,7,True,V043
17시도,202201,V044_시장금리_CD91일_연%|수준,1.0,44,True,V044
17시도,202201,V044_시장금리_CD91일_연%|12m차,1.0,59,True,V044
17시도,202201,V045_시장금리_국고채3년_연%|수준,1.0,73,True,V045
17시도,202201,V045_시장금리_국고채3년_연%|12m차,1.0,72,True,V045
17시도,202201,V046_M2_통화량_십억원|12m로그변화,1.0,73,True,V046
17시도,202201,V048_소비자물가지수_2020=100|수준,1.0,68,True,V048
17시도,202201,V048_소비자물가지수_2020=100|12m차,1.0,72,True,V048
17시도,202201,V056_예금은행대출금리_주택담보_연리%|수준,1.0,54,True,V056
17시도,202201,V056_예금은행대출금리_주택담보_연리%|12m차,1.0,62,True,V056
17시도,202201,V057_예금은행대출금리_전세자금_연리%|수준,1.0,48,True,V057
17시도,202201,V057_예금은행대출금리_전세자금_연리%|12m차,0.9041095890410958,50,True,V057
17시도,202201,V059_비은행대출금리_주택담보_연리%|수준,1.0,61,True,V059
17시도,202201,V059_비은행대출금리_주택담보_연리%|12m차,1.0,63,True,V059
17시도,202201,V061_주택가격전망CSI_서울|수준,1.0,34,True,V061
17시도,202201,V061_주택가격전망CSI_서울|12m차,1.0,38,True,V061
17시도,202201,V062_주택가격전망CSI_6대광역시|수준,1.0,40,True,V062
17시도,202201,V062_주택가격전망CSI_6대광역시|12m차,1.0,44,True,V062
17시도,202201,V063_주택가격전망CSI_기타도시|수준,1.0,36,True,V063
17시도,202201,V063_주택가격전망CSI_기타도시|12m차,1.0,40,True,V063
17시도,202201,V064_KOSPI_종가_1980.01.04=100|수준,1.0,73,True,V064
17시도,202201,V064_KOSPI_종가_1980.01.04=100|12m차,1.0,73,True,V064
17시도,202201,V066_임금총액_사업체노동력_원|12m로그변화,1.0,73,True,V066
17시도,202201,V067_선행지수순환변동치_2020=100|수준,1.0,35,True,V067
17시도,202201,V067_선행지수순환변동치_2020=100|12m차,1.0,46,True,V067
17시도,202201,V069_예금취급기관_가계대출_십억원|12m로그변화,1.0,73,True,V069
17시도,202201,V069_예금취급기관_주택관련대출_십억원|12m로그변화,1.0,73,True,V069
17시도,202201,V070_수출금액_천불|12m로그변화,1.0,73,True,V070
17시도,202201,V071_정책대출_주금공_주택도시기금_십억원|12m로그변화,0.821917808219178,60,True,V071
17시도,202201,V047_가계신용_총액_십억원|12m로그변화,1.0,25,True,V047
17시도,202201,V049_시간당명목임금지수_2020=100|수준,1.0,24,True,V049
17시도,202201,V049_시간당명목임금지수_2020=100|12m차,1.0,22,True,V049
17시도,202201,V060_대출태도_국내은행_가계주택|수준,1.0,19,True,V060
17시도,202201,V060_대출태도_국내은행_가계주택|12m차,1.0,22,True,V060
17시도,202201,V074_가계동향_도시2인이상_월평균소득_원|수준,0.7945205479452054,20,True,V074
17시도,202201,V074_가계동향_도시2인이상_월평균소득_원|12m차,0.7945205479452054,20,True,V074
17시도,202201,V074_연결_월평균소득_원|12m로그변화,1.0,25,True,V074
17시도,202201,V015_1인당GRDP_천원|12m로그변화,0.9959709911361805,118,True,V015
17시도,202201,V017_1인당가계총처분가능소득_천원|12m로그변화,0.9959709911361805,118,True,V017
17시도,202201,V024_주거용신축허가_동수_동|12m로그변화,0.058823529411764705,7,False,V024
17시도,202201,V024_주거용신축허가_연면적_㎡|12m로그변화,0.058823529411764705,7,False,V024
17시도,202201,V072_총조사_가구수_가구|12m로그변화,0.6712328767123288,85,False,V072
17시도,202201,V072_총조사_주택수_호|12m로그변화,0.6712328767123288,85,False,V072
17시도,202201,V076_공공+민간총계(DT_MLTM_7174)_호|12m로그변화,0.0,0,False,V076
17시도,202201,V076_공공임대계(DT_MLTM_7174)_호|12m로그변화,0.0,0,False,V076
17시도,202201,V076_민간임대계(DT_MLTM_7174)_호|12m로그변화,0.0,0,False,V076
17시도,202201,V076_민간임대(DT_MLTM_6827합계)_호|12m로그변화,0.0,0,False,V076
17시도,202201,V077_임대주택건설공급_총계_호|12m로그변화,1.0,119,True,V077
17시도,202201,V072_총조사단순주택수가구수비율|12m로그변화,0.6712328767123288,85,False,V072
17시도,202201,V024_주거용신축허가_동수_천세대당|수준,0.058823529411764705,7,False,V024
17시도,202201,V024_주거용신축허가_동수_천세대당|12m차,0.058823529411764705,7,False,V024
17시도,202201,V076_공공+민간총계(DT_MLTM_7174)_천세대당|수준,0.0,0,False,V076
17시도,202201,V076_공공+민간총계(DT_MLTM_7174)_천세대당|12m차,0.0,0,False,V076
17시도,202201,V076_공공임대계(DT_MLTM_7174)_천세대당|수준,0.0,0,False,V076
17시도,202201,V076_공공임대계(DT_MLTM_7174)_천세대당|12m차,0.0,0,False,V076
17시도,202201,V076_민간임대계(DT_MLTM_7174)_천세대당|수준,0.0,0,False,V076
17시도,202201,V076_민간임대계(DT_MLTM_7174)_천세대당|12m차,0.0,0,False,V076
17시도,202201,V076_민간임대(DT_MLTM_6827합계)_천세대당|수준,0.0,0,False,V076
17시도,202201,V076_민간임대(DT_MLTM_6827합계)_천세대당|12m차,0.0,0,False,V076
17시도,202201,V077_임대주택건설공급_총계_천세대당|수준,1.0,119,True,V077
17시도,202201,V077_임대주택건설공급_총계_천세대당|12m차,1.0,119,True,V077
17시도,202201,V015_전국대비|수준,1.0,119,True,V015
17시도,202201,V015_전국대비|12m차,0.9959709911361805,118,True,V015
17시도,202201,V017_전국대비|수준,1.0,118,True,V017
17시도,202201,V017_전국대비|12m차,0.9959709911361805,118,True,V017
17시도,202201,V072_공식주택보급률_%|수준,0.9863013698630136,117,True,V072
17시도,202201,V072_공식주택보급률_%|12m차,0.9766317485898469,116,True,V072
17시도,202201,D_CSI_전신계열,1.0,1,False,
17시도,202201,D_Wage_10th,1.0,2,True,
17시도,202201,D_Wage_11th,1.0,1,False,
17시도,202201,M10_rent_growth_1m,0.9863013698630136,1224,True,
17시도,202201,M10_rent_growth_6m,0.9178082191780822,1139,True,
17시도,202204,V003_전세가율_%|수준,1.0,234,True,V003
17시도,202204,V003_전세가율_%|12m차,1.0,236,True,V003
17시도,202204,V004_지역별전월세전환율_%|수준,1.0,723,True,V004
17시도,202204,V004_지역별전월세전환율_%|12m차,1.0,1128,True,V004
17시도,202204,V005_월세수급동향|수준,0.9868421052631579,1109,True,V005
17시도,202204,V005_월세수급동향|12m차,0.8289473684210527,1065,True,V005
17시도,202204,V009_주민등록인구_명|12m로그변화,1.0,1292,True,V009
17시도,202204,V010_주민등록세대수_세대|12m로그변화,1.0,1292,True,V010
17시도,202204,V011_20-29세_명|12m로그변화,1.0,1292,True,V011
17시도,202204,V011_20-39세_명|12m로그변화,1.0,1292,True,V011
17시도,202204,V011_20-39세비중_%|수준,1.0,1292,True,V011
17시도,202204,V011_20-39세비중_%|12m차,1.0,1292,True,V011
17시도,202204,V011_30-39세_명|12m로그변화,1.0,1292,True,V011
17시도,202204,V012_순이동자수_명|천명당12개월,1.0,1292,True,V012
17시도,202204,V013_고용률_%|수준,0.9852941176470589,160,True,V013
17시도,202204,V013_고용률_%|12m차,0.9760061919504643,148,True,V013
17시도,202204,V013_취업자_천명|12m로그변화,0.9760061919504643,1260,True,V013
17시도,202204,V021_아파트_인허가_호|12개월누적log,1.0,1240,True,V021
17시도,202204,V021_아파트_인허가_호|12개월누적log_12m차,1.0,1280,True,V021
17시도,202204,V022_아파트_착공_호|12개월누적log,1.0,1232,True,V022
17시도,202204,V022_아파트_착공_호|12개월누적log_12m차,1.0,1273,True,V022
17시도,202204,V023_아파트_준공_호|12개월누적log,1.0,1249,True,V023
17시도,202204,V023_아파트_준공_호|12개월누적log_12m차,1.0,1291,True,V023
17시도,202204,V031_매매수급동향|수준,1.0,1140,True,V031
17시도,202204,V031_매매수급동향|12m차,1.0,1277,True,V031
17시도,202204,V032_전세수급동향|수준,1.0,1131,True,V032
17시도,202204,V032_전세수급동향|12m차,1.0,1273,True,V032
17시도,202204,V034_수급동향(구)_통합|수준,0.006191950464396285,8,False,V034
17시도,202204,V034_수급동향(구)_통합|12m차,0.006191950464396285,7,False,V034
17시도,202204,V035_아파트거래_동호수_호|12개월누적log,1.0,1280,True,V035
17시도,202204,V035_아파트거래_동호수_호|12개월누적log_12m차,1.0,1292,True,V035
17시도,202204,V035_아파트거래_면적_천㎡|12개월누적log,1.0,1172,True,V035
17시도,202204,V035_아파트거래_면적_천㎡|12개월누적log_12m차,1.0,1292,True,V035
17시도,202204,V036_아파트매매거래_동호수_호|12개월누적log,1.0,1272,True,V036
17시도,202204,V036_아파트매매거래_동호수_호|12개월누적log_12m차,1.0,1292,True,V036
17시도,202204,V036_아파트매매거래_면적_천㎡|12개월누적log,1.0,1068,True,V036
17시도,202204,V036_아파트매매거래_면적_천㎡|12개월누적log_12m차,1.0,1288,True,V036
17시도,202204,V037_주택시장_소비심리지수|수준,0.934984520123839,524,True,V037
17시도,202204,V037_주택시장_소비심리지수|12m차,0.9164086687306502,720,True,V037
17시도,202204,V038_미분양주택현황_호|log,0.9976780185758514,1055,True,V038
17시도,202204,V038_미분양주택현황_호|log_12m차,0.9953560371517027,1222,True,V038
17시도,202204,V050_지역별_주택관련대출_예금은행_십억원|12m로그변화,1.0,1292,True,V050
17시도,202204,V043_한국은행_기준금리_연%|수준,1.0,5,True,V043
17시도,202204,V043_한국은행_기준금리_연%|12m차,1.0,7,True,V043
17시도,202204,V044_시장금리_CD91일_연%|수준,1.0,47,True,V044
17시도,202204,V044_시장금리_CD91일_연%|12m차,1.0,62,True,V044
17시도,202204,V045_시장금리_국고채3년_연%|수준,1.0,76,True,V045
17시도,202204,V045_시장금리_국고채3년_연%|12m차,1.0,75,True,V045
17시도,202204,V046_M2_통화량_십억원|12m로그변화,1.0,76,True,V046
17시도,202204,V048_소비자물가지수_2020=100|수준,1.0,71,True,V048
17시도,202204,V048_소비자물가지수_2020=100|12m차,1.0,75,True,V048
17시도,202204,V056_예금은행대출금리_주택담보_연리%|수준,1.0,56,True,V056
17시도,202204,V056_예금은행대출금리_주택담보_연리%|12m차,1.0,65,True,V056
17시도,202204,V057_예금은행대출금리_전세자금_연리%|수준,1.0,49,True,V057
17시도,202204,V057_예금은행대출금리_전세자금_연리%|12m차,0.9078947368421053,53,True,V057
17시도,202204,V059_비은행대출금리_주택담보_연리%|수준,1.0,63,True,V059
17시도,202204,V059_비은행대출금리_주택담보_연리%|12m차,1.0,66,True,V059
17시도,202204,V061_주택가격전망CSI_서울|수준,1.0,34,True,V061
17시도,202204,V061_주택가격전망CSI_서울|12m차,1.0,38,True,V061
17시도,202204,V062_주택가격전망CSI_6대광역시|수준,1.0,40,True,V062
17시도,202204,V062_주택가격전망CSI_6대광역시|12m차,1.0,44,True,V062
17시도,202204,V063_주택가격전망CSI_기타도시|수준,1.0,37,True,V063
17시도,202204,V063_주택가격전망CSI_기타도시|12m차,1.0,41,True,V063
17시도,202204,V064_KOSPI_종가_1980.01.04=100|수준,1.0,76,True,V064
17시도,202204,V064_KOSPI_종가_1980.01.04=100|12m차,1.0,76,True,V064
17시도,202204,V066_임금총액_사업체노동력_원|12m로그변화,1.0,76,True,V066
17시도,202204,V067_선행지수순환변동치_2020=100|수준,1.0,37,True,V067
17시도,202204,V067_선행지수순환변동치_2020=100|12m차,1.0,48,True,V067
17시도,202204,V069_예금취급기관_가계대출_십억원|12m로그변화,1.0,76,True,V069
17시도,202204,V069_예금취급기관_주택관련대출_십억원|12m로그변화,1.0,76,True,V069
17시도,202204,V070_수출금액_천불|12m로그변화,1.0,76,True,V070
17시도,202204,V071_정책대출_주금공_주택도시기금_십억원|12m로그변화,0.8289473684210527,63,True,V071
17시도,202204,V047_가계신용_총액_십억원|12m로그변화,1.0,26,True,V047
17시도,202204,V049_시간당명목임금지수_2020=100|수준,1.0,25,True,V049
17시도,202204,V049_시간당명목임금지수_2020=100|12m차,1.0,23,True,V049
17시도,202204,V060_대출태도_국내은행_가계주택|수준,1.0,19,True,V060
17시도,202204,V060_대출태도_국내은행_가계주택|12m차,1.0,23,True,V060
17시도,202204,V074_가계동향_도시2인이상_월평균소득_원|수준,0.7631578947368421,20,True,V074
17시도,202204,V074_가계동향_도시2인이상_월평균소득_원|12m차,0.7631578947368421,20,True,V074
17시도,202204,V074_연결_월평균소득_원|12m로그변화,1.0,26,True,V074
17시도,202204,V015_1인당GRDP_천원|12m로그변화,0.9961300309597523,118,True,V015
17시도,202204,V017_1인당가계총처분가능소득_천원|12m로그변화,0.9961300309597523,118,True,V017
17시도,202204,V024_주거용신축허가_동수_동|12m로그변화,0.058823529411764705,7,False,V024
17시도,202204,V024_주거용신축허가_연면적_㎡|12m로그변화,0.058823529411764705,7,False,V024
17시도,202204,V072_총조사_가구수_가구|12m로그변화,0.6842105263157895,85,False,V072
17시도,202204,V072_총조사_주택수_호|12m로그변화,0.6842105263157895,85,False,V072
17시도,202204,V076_공공+민간총계(DT_MLTM_7174)_호|12m로그변화,0.0,0,False,V076
17시도,202204,V076_공공임대계(DT_MLTM_7174)_호|12m로그변화,0.0,0,False,V076
17시도,202204,V076_민간임대계(DT_MLTM_7174)_호|12m로그변화,0.0,0,False,V076
17시도,202204,V076_민간임대(DT_MLTM_6827합계)_호|12m로그변화,0.0,0,False,V076
17시도,202204,V077_임대주택건설공급_총계_호|12m로그변화,1.0,119,True,V077
17시도,202204,V072_총조사단순주택수가구수비율|12m로그변화,0.6842105263157895,85,False,V072
17시도,202204,V024_주거용신축허가_동수_천세대당|수준,0.058823529411764705,7,False,V024
17시도,202204,V024_주거용신축허가_동수_천세대당|12m차,0.058823529411764705,7,False,V024
17시도,202204,V076_공공+민간총계(DT_MLTM_7174)_천세대당|수준,0.0,0,False,V076
17시도,202204,V076_공공+민간총계(DT_MLTM_7174)_천세대당|12m차,0.0,0,False,V076
17시도,202204,V076_공공임대계(DT_MLTM_7174)_천세대당|수준,0.0,0,False,V076
17시도,202204,V076_공공임대계(DT_MLTM_7174)_천세대당|12m차,0.0,0,False,V076
17시도,202204,V076_민간임대계(DT_MLTM_7174)_천세대당|수준,0.0,0,False,V076
17시도,202204,V076_민간임대계(DT_MLTM_7174)_천세대당|12m차,0.0,0,False,V076
17시도,202204,V076_민간임대(DT_MLTM_6827합계)_천세대당|수준,0.0,0,False,V076
17시도,202204,V076_민간임대(DT_MLTM_6827합계)_천세대당|12m차,0.0,0,False,V076
17시도,202204,V077_임대주택건설공급_총계_천세대당|수준,1.0,119,True,V077
17시도,202204,V077_임대주택건설공급_총계_천세대당|12m차,1.0,119,True,V077
17시도,202204,V015_전국대비|수준,1.0,119,True,V015
17시도,202204,V015_전국대비|12m차,0.9961300309597523,118,True,V015
17시도,202204,V017_전국대비|수준,1.0,118,True,V017
17시도,202204,V017_전국대비|12m차,0.9961300309597523,118,True,V017
17시도,202204,V072_공식주택보급률_%|수준,0.9868421052631579,117,True,V072
17시도,202204,V072_공식주택보급률_%|12m차,0.9775541795665634,116,True,V072
17시도,202204,D_CSI_전신계열,1.0,1,False,
17시도,202204,D_Wage_10th,1.0,2,True,
17시도,202204,D_Wage_11th,1.0,1,False,
17시도,202204,M10_rent_growth_1m,0.9868421052631579,1275,True,
17시도,202204,M10_rent_growth_6m,0.9210526315789473,1190,True,
17시도,202207,V003_전세가율_%|수준,1.0,239,True,V003
17시도,202207,V003_전세가율_%|12m차,1.0,243,True,V003
17시도,202207,V004_지역별전월세전환율_%|수준,1.0,755,True,V004
17시도,202207,V004_지역별전월세전환율_%|12m차,1.0,1177,True,V004
17시도,202207,V005_월세수급동향|수준,0.9873417721518988,1158,True,V005
17시도,202207,V005_월세수급동향|12m차,0.8354430379746836,1116,True,V005
17시도,202207,V009_주민등록인구_명|12m로그변화,1.0,1343,True,V009
17시도,202207,V010_주민등록세대수_세대|12m로그변화,1.0,1343,True,V010
17시도,202207,V011_20-29세_명|12m로그변화,1.0,1343,True,V011
17시도,202207,V011_20-39세_명|12m로그변화,1.0,1343,True,V011
17시도,202207,V011_20-39세비중_%|수준,1.0,1343,True,V011
17시도,202207,V011_20-39세비중_%|12m차,1.0,1343,True,V011
17시도,202207,V011_30-39세_명|12m로그변화,1.0,1343,True,V011
17시도,202207,V012_순이동자수_명|천명당12개월,1.0,1343,True,V012
17시도,202207,V013_고용률_%|수준,0.9858525688756515,163,True,V013
17시도,202207,V013_고용률_%|12m차,0.9769173492181683,148,True,V013
17시도,202207,V013_취업자_천명|12m로그변화,0.9769173492181683,1311,True,V013
17시도,202207,V021_아파트_인허가_호|12개월누적log,1.0,1288,True,V021
17시도,202207,V021_아파트_인허가_호|12개월누적log_12m차,1.0,1331,True,V021
17시도,202207,V022_아파트_착공_호|12개월누적log,1.0,1278,True,V022
17시도,202207,V022_아파트_착공_호|12개월누적log_12m차,1.0,1322,True,V022
17시도,202207,V023_아파트_준공_호|12개월누적log,1.0,1294,True,V023
17시도,202207,V023_아파트_준공_호|12개월누적log_12m차,1.0,1341,True,V023
17시도,202207,V031_매매수급동향|수준,1.0,1190,True,V031
17시도,202207,V031_매매수급동향|12m차,1.0,1328,True,V031
17시도,202207,V032_전세수급동향|수준,1.0,1181,True,V032
17시도,202207,V032_전세수급동향|12m차,1.0,1324,True,V032
17시도,202207,V034_수급동향(구)_통합|수준,0.005956813104988831,8,False,V034
17시도,202207,V034_수급동향(구)_통합|12m차,0.005956813104988831,7,False,V034
17시도,202207,V035_아파트거래_동호수_호|12개월누적log,1.0,1330,True,V035
17시도,202207,V035_아파트거래_동호수_호|12개월누적log_12m차,1.0,1343,True,V035
17시도,202207,V035_아파트거래_면적_천㎡|12개월누적log,1.0,1218,True,V035
17시도,202207,V035_아파트거래_면적_천㎡|12개월누적log_12m차,1.0,1343,True,V035
17시도,202207,V036_아파트매매거래_동호수_호|12개월누적log,1.0,1321,True,V036
17시도,202207,V036_아파트매매거래_동호수_호|12개월누적log_12m차,1.0,1343,True,V036
17시도,202207,V036_아파트매매거래_면적_천㎡|12개월누적log,1.0,1107,True,V036
17시도,202207,V036_아파트매매거래_면적_천㎡|12개월누적log_12m차,1.0,1339,True,V036
17시도,202207,V037_주택시장_소비심리지수|수준,0.9374534623976173,530,True,V037
17시도,202207,V037_주택시장_소비심리지수|12m차,0.9195830230826508,744,True,V037
17시도,202207,V038_미분양주택현황_호|log,0.9977661950856291,1092,True,V038
17시도,202207,V038_미분양주택현황_호|log_12m차,0.9955323901712584,1272,True,V038
17시도,202207,V050_지역별_주택관련대출_예금은행_십억원|12m로그변화,1.0,1343,True,V050
17시도,202207,V043_한국은행_기준금리_연%|수준,1.0,6,True,V043
17시도,202207,V043_한국은행_기준금리_연%|12m차,1.0,9,True,V043
17시도,202207,V044_시장금리_CD91일_연%|수준,1.0,49,True,V044
17시도,202207,V044_시장금리_CD91일_연%|12m차,1.0,65,True,V044
17시도,202207,V045_시장금리_국고채3년_연%|수준,1.0,78,True,V045
17시도,202207,V045_시장금리_국고채3년_연%|12m차,1.0,78,True,V045
17시도,202207,V046_M2_통화량_십억원|12m로그변화,1.0,79,True,V046
17시도,202207,V048_소비자물가지수_2020=100|수준,1.0,74,True,V048
17시도,202207,V048_소비자물가지수_2020=100|12m차,1.0,78,True,V048
17시도,202207,V056_예금은행대출금리_주택담보_연리%|수준,1.0,58,True,V056
17시도,202207,V056_예금은행대출금리_주택담보_연리%|12m차,1.0,68,True,V056
17시도,202207,V057_예금은행대출금리_전세자금_연리%|수준,1.0,51,True,V057
17시도,202207,V057_예금은행대출금리_전세자금_연리%|12m차,0.9113924050632911,56,True,V057
17시도,202207,V059_비은행대출금리_주택담보_연리%|수준,1.0,66,True,V059
17시도,202207,V059_비은행대출금리_주택담보_연리%|12m차,1.0,66,True,V059
17시도,202207,V061_주택가격전망CSI_서울|수준,1.0,34,True,V061
17시도,202207,V061_주택가격전망CSI_서울|12m차,1.0,40,True,V061
17시도,202207,V062_주택가격전망CSI_6대광역시|수준,1.0,41,True,V062
17시도,202207,V062_주택가격전망CSI_6대광역시|12m차,1.0,45,True,V062
17시도,202207,V063_주택가격전망CSI_기타도시|수준,1.0,37,True,V063
17시도,202207,V063_주택가격전망CSI_기타도시|12m차,1.0,43,True,V063
17시도,202207,V064_KOSPI_종가_1980.01.04=100|수준,1.0,79,True,V064
17시도,202207,V064_KOSPI_종가_1980.01.04=100|12m차,1.0,79,True,V064
17시도,202207,V066_임금총액_사업체노동력_원|12m로그변화,1.0,79,True,V066
17시도,202207,V067_선행지수순환변동치_2020=100|수준,1.0,38,True,V067
17시도,202207,V067_선행지수순환변동치_2020=100|12m차,1.0,48,True,V067
17시도,202207,V069_예금취급기관_가계대출_십억원|12m로그변화,1.0,79,True,V069
17시도,202207,V069_예금취급기관_주택관련대출_십억원|12m로그변화,1.0,79,True,V069
17시도,202207,V070_수출금액_천불|12m로그변화,1.0,79,True,V070
17시도,202207,V071_정책대출_주금공_주택도시기금_십억원|12m로그변화,0.8354430379746836,66,True,V071
17시도,202207,V047_가계신용_총액_십억원|12m로그변화,1.0,27,True,V047
17시도,202207,V049_시간당명목임금지수_2020=100|수준,1.0,26,True,V049
17시도,202207,V049_시간당명목임금지수_2020=100|12m차,1.0,24,True,V049
17시도,202207,V060_대출태도_국내은행_가계주택|수준,1.0,20,True,V060
17시도,202207,V060_대출태도_국내은행_가계주택|12m차,1.0,24,True,V060
17시도,202207,V074_가계동향_도시2인이상_월평균소득_원|수준,0.7341772151898734,20,True,V074
17시도,202207,V074_가계동향_도시2인이상_월평균소득_원|12m차,0.7341772151898734,20,True,V074
17시도,202207,V074_연결_월평균소득_원|12m로그변화,1.0,27,True,V074
17시도,202207,V015_1인당GRDP_천원|12m로그변화,0.996276991809382,135,True,V015
17시도,202207,V017_1인당가계총처분가능소득_천원|12m로그변화,0.996276991809382,135,True,V017
17시도,202207,V024_주거용신축허가_동수_동|12m로그변화,0.058823529411764705,8,False,V024
17시도,202207,V024_주거용신축허가_연면적_㎡|12m로그변화,0.058823529411764705,8,False,V024
17시도,202207,V072_총조사_가구수_가구|12m로그변화,0.6962025316455697,85,False,V072
17시도,202207,V072_총조사_주택수_호|12m로그변화,0.6962025316455697,85,False,V072
17시도,202207,V076_공공+민간총계(DT_MLTM_7174)_호|12m로그변화,0.0,0,False,V076
17시도,202207,V076_공공임대계(DT_MLTM_7174)_호|12m로그변화,0.0,0,False,V076
17시도,202207,V076_민간임대계(DT_MLTM_7174)_호|12m로그변화,0.0,0,False,V076
17시도,202207,V076_민간임대(DT_MLTM_6827합계)_호|12m로그변화,0.0,0,False,V076
17시도,202207,V077_임대주택건설공급_총계_호|12m로그변화,0.9746835443037974,119,True,V077
17시도,202207,V072_총조사단순주택수가구수비율|12m로그변화,0.6962025316455697,85,False,V072
17시도,202207,V024_주거용신축허가_동수_천세대당|수준,0.058823529411764705,8,False,V024
17시도,202207,V024_주거용신축허가_동수_천세대당|12m차,0.058823529411764705,8,False,V024
17시도,202207,V076_공공+민간총계(DT_MLTM_7174)_천세대당|수준,0.0,0,False,V076
17시도,202207,V076_공공+민간총계(DT_MLTM_7174)_천세대당|12m차,0.0,0,False,V076
17시도,202207,V076_공공임대계(DT_MLTM_7174)_천세대당|수준,0.0,0,False,V076
17시도,202207,V076_공공임대계(DT_MLTM_7174)_천세대당|12m차,0.0,0,False,V076
17시도,202207,V076_민간임대계(DT_MLTM_7174)_천세대당|수준,0.0,0,False,V076
17시도,202207,V076_민간임대계(DT_MLTM_7174)_천세대당|12m차,0.0,0,False,V076
17시도,202207,V076_민간임대(DT_MLTM_6827합계)_천세대당|수준,0.02531645569620253,17,False,V076
17시도,202207,V076_민간임대(DT_MLTM_6827합계)_천세대당|12m차,0.0,0,False,V076
17시도,202207,V077_임대주택건설공급_총계_천세대당|수준,0.9746835443037974,119,True,V077
17시도,202207,V077_임대주택건설공급_총계_천세대당|12m차,0.9746835443037974,119,True,V077
17시도,202207,V015_전국대비|수준,1.0,136,True,V015
17시도,202207,V015_전국대비|12m차,0.996276991809382,135,True,V015
17시도,202207,V017_전국대비|수준,1.0,135,True,V017
17시도,202207,V017_전국대비|12m차,0.996276991809382,135,True,V017
17시도,202207,V072_공식주택보급률_%|수준,0.9873417721518988,134,True,V072
17시도,202207,V072_공식주택보급률_%|12m차,0.9784065524944154,133,True,V072
17시도,202207,D_CSI_전신계열,1.0,1,False,
17시도,202207,D_Wage_10th,1.0,2,True,
17시도,202207,D_Wage_11th,1.0,1,False,
17시도,202207,M10_rent_growth_1m,0.9873417721518988,1326,True,
17시도,202207,M10_rent_growth_6m,0.9240506329113924,1241,True,
17시도,202210,V003_전세가율_%|수준,1.0,242,True,V003
17시도,202210,V003_전세가율_%|12m차,1.0,250,True,V003
17시도,202210,V004_지역별전월세전환율_%|수준,1.0,781,True,V004
17시도,202210,V004_지역별전월세전환율_%|12m차,1.0,1226,True,V004
17시도,202210,V005_월세수급동향|수준,0.9878048780487805,1208,True,V005
17시도,202210,V005_월세수급동향|12m차,0.8414634146341463,1167,True,V005
17시도,202210,V009_주민등록인구_명|12m로그변화,1.0,1394,True,V009
17시도,202210,V010_주민등록세대수_세대|12m로그변화,1.0,1394,True,V010
17시도,202210,V011_20-29세_명|12m로그변화,1.0,1394,True,V011
17시도,202210,V011_20-39세_명|12m로그변화,1.0,1394,True,V011
17시도,202210,V011_20-39세비중_%|수준,1.0,1394,True,V011
17시도,202210,V011_20-39세비중_%|12m차,1.0,1394,True,V011
17시도,202210,V011_30-39세_명|12m로그변화,1.0,1394,True,V011
17시도,202210,V012_순이동자수_명|천명당12개월,1.0,1394,True,V012
17시도,202210,V013_고용률_%|수준,0.9863701578192252,164,True,V013
17시도,202210,V013_고용률_%|12m차,0.9777618364418939,152,True,V013
17시도,202210,V013_취업자_천명|12m로그변화,0.9777618364418939,1362,True,V013
17시도,202210,V021_아파트_인허가_호|12개월누적log,1.0,1337,True,V021
17시도,202210,V021_아파트_인허가_호|12개월누적log_12m차,1.0,1381,True,V021
17시도,202210,V022_아파트_착공_호|12개월누적log,1.0,1324,True,V022
17시도,202210,V022_아파트_착공_호|12개월누적log_12m차,1.0,1371,True,V022
17시도,202210,V023_아파트_준공_호|12개월누적log,1.0,1343,True,V023
17시도,202210,V023_아파트_준공_호|12개월누적log_12m차,1.0,1392,True,V023
17시도,202210,V031_매매수급동향|수준,1.0,1237,True,V031
17시도,202210,V031_매매수급동향|12m차,1.0,1379,True,V031
17시도,202210,V032_전세수급동향|수준,1.0,1230,True,V032
17시도,202210,V032_전세수급동향|12m차,1.0,1375,True,V032
17시도,202210,V034_수급동향(구)_통합|수준,0.005738880918220947,8,False,V034
17시도,202210,V034_수급동향(구)_통합|12m차,0.005738880918220947,7,False,V034
17시도,202210,V035_아파트거래_동호수_호|12개월누적log,1.0,1381,True,V035
17시도,202210,V035_아파트거래_동호수_호|12개월누적log_12m차,1.0,1394,True,V035
17시도,202210,V035_아파트거래_면적_천㎡|12개월누적log,1.0,1263,True,V035
17시도,202210,V035_아파트거래_면적_천㎡|12개월누적log_12m차,1.0,1394,True,V035
17시도,202210,V036_아파트매매거래_동호수_호|12개월누적log,1.0,1367,True,V036
17시도,202210,V036_아파트매매거래_동호수_호|12개월누적log_12m차,1.0,1394,True,V036
17시도,202210,V036_아파트매매거래_면적_천㎡|12개월누적log,1.0,1145,True,V036
17시도,202210,V036_아파트매매거래_면적_천㎡|12개월누적log_12m차,1.0,1390,True,V036
17시도,202210,V037_주택시장_소비심리지수|수준,0.93974175035868,535,True,V037
17시도,202210,V037_주택시장_소비심리지수|12m차,0.9225251076040172,767,True,V037
17시도,202210,V038_미분양주택현황_호|log,0.9978479196556671,1126,True,V038
17시도,202210,V038_미분양주택현황_호|log_12m차,0.9956958393113343,1323,True,V038
17시도,202210,V050_지역별_주택관련대출_예금은행_십억원|12m로그변화,1.0,1394,True,V050
17시도,202210,V043_한국은행_기준금리_연%|수준,1.0,6,True,V043
17시도,202210,V043_한국은행_기준금리_연%|12m차,1.0,10,True,V043
17시도,202210,V044_시장금리_CD91일_연%|수준,1.0,49,True,V044
17시도,202210,V044_시장금리_CD91일_연%|12m차,1.0,68,True,V044
17시도,202210,V045_시장금리_국고채3년_연%|수준,1.0,81,True,V045
17시도,202210,V045_시장금리_국고채3년_연%|12m차,1.0,81,True,V045
17시도,202210,V046_M2_통화량_십억원|12m로그변화,1.0,82,True,V046
17시도,202210,V048_소비자물가지수_2020=100|수준,1.0,77,True,V048
17시도,202210,V048_소비자물가지수_2020=100|12m차,1.0,81,True,V048
17시도,202210,V056_예금은행대출금리_주택담보_연리%|수준,1.0,61,True,V056
17시도,202210,V056_예금은행대출금리_주택담보_연리%|12m차,1.0,71,True,V056
17시도,202210,V057_예금은행대출금리_전세자금_연리%|수준,1.0,54,True,V057
17시도,202210,V057_예금은행대출금리_전세자금_연리%|12m차,0.9146341463414634,59,True,V057
17시도,202210,V059_비은행대출금리_주택담보_연리%|수준,1.0,68,True,V059
17시도,202210,V059_비은행대출금리_주택담보_연리%|12m차,1.0,69,True,V059
17시도,202210,V061_주택가격전망CSI_서울|수준,1.0,35,True,V061
17시도,202210,V061_주택가격전망CSI_서울|12m차,1.0,42,True,V061
17시도,202210,V062_주택가격전망CSI_6대광역시|수준,1.0,41,True,V062
17시도,202210,V062_주택가격전망CSI_6대광역시|12m차,1.0,46,True,V062
17시도,202210,V063_주택가격전망CSI_기타도시|수준,1.0,37,True,V063
17시도,202210,V063_주택가격전망CSI_기타도시|12m차,1.0,45,True,V063
17시도,202210,V064_KOSPI_종가_1980.01.04=100|수준,1.0,82,True,V064
17시도,202210,V064_KOSPI_종가_1980.01.04=100|12m차,1.0,82,True,V064
17시도,202210,V066_임금총액_사업체노동력_원|12m로그변화,1.0,82,True,V066
17시도,202210,V067_선행지수순환변동치_2020=100|수준,1.0,38,True,V067
17시도,202210,V067_선행지수순환변동치_2020=100|12m차,1.0,49,True,V067
17시도,202210,V069_예금취급기관_가계대출_십억원|12m로그변화,1.0,82,True,V069
17시도,202210,V069_예금취급기관_주택관련대출_십억원|12m로그변화,1.0,82,True,V069
17시도,202210,V070_수출금액_천불|12m로그변화,1.0,82,True,V070
17시도,202210,V071_정책대출_주금공_주택도시기금_십억원|12m로그변화,0.8414634146341463,69,True,V071
17시도,202210,V047_가계신용_총액_십억원|12m로그변화,1.0,28,True,V047
17시도,202210,V049_시간당명목임금지수_2020=100|수준,1.0,27,True,V049
17시도,202210,V049_시간당명목임금지수_2020=100|12m차,1.0,25,True,V049
17시도,202210,V060_대출태도_국내은행_가계주택|수준,1.0,21,True,V060
17시도,202210,V060_대출태도_국내은행_가계주택|12m차,1.0,25,True,V060
17시도,202210,V074_가계동향_도시2인이상_월평균소득_원|수준,0.7073170731707317,20,True,V074
17시도,202210,V074_가계동향_도시2인이상_월평균소득_원|12m차,0.7073170731707317,20,True,V074
17시도,202210,V074_연결_월평균소득_원|12m로그변화,1.0,28,True,V074
17시도,202210,V015_1인당GRDP_천원|12m로그변화,0.996413199426112,135,True,V015
17시도,202210,V017_1인당가계총처분가능소득_천원|12m로그변화,0.996413199426112,135,True,V017
17시도,202210,V024_주거용신축허가_동수_동|12m로그변화,0.058823529411764705,8,False,V024
17시도,202210,V024_주거용신축허가_연면적_㎡|12m로그변화,0.058823529411764705,8,False,V024
17시도,202210,V072_총조사_가구수_가구|12m로그변화,0.7073170731707317,85,True,V072
17시도,202210,V072_총조사_주택수_호|12m로그변화,0.7073170731707317,85,True,V072
17시도,202210,V076_공공+민간총계(DT_MLTM_7174)_호|12m로그변화,0.0,0,False,V076
17시도,202210,V076_공공임대계(DT_MLTM_7174)_호|12m로그변화,0.0,0,False,V076
17시도,202210,V076_민간임대계(DT_MLTM_7174)_호|12m로그변화,0.0,0,False,V076
17시도,202210,V076_민간임대(DT_MLTM_6827합계)_호|12m로그변화,0.0,0,False,V076
17시도,202210,V077_임대주택건설공급_총계_호|12m로그변화,0.9390243902439024,119,True,V077
17시도,202210,V072_총조사단순주택수가구수비율|12m로그변화,0.7073170731707317,85,True,V072
17시도,202210,V024_주거용신축허가_동수_천세대당|수준,0.058823529411764705,8,False,V024
17시도,202210,V024_주거용신축허가_동수_천세대당|12m차,0.058823529411764705,8,False,V024
17시도,202210,V076_공공+민간총계(DT_MLTM_7174)_천세대당|수준,0.0,0,False,V076
17시도,202210,V076_공공+민간총계(DT_MLTM_7174)_천세대당|12m차,0.0,0,False,V076
17시도,202210,V076_공공임대계(DT_MLTM_7174)_천세대당|수준,0.0,0,False,V076
17시도,202210,V076_공공임대계(DT_MLTM_7174)_천세대당|12m차,0.0,0,False,V076
17시도,202210,V076_민간임대계(DT_MLTM_7174)_천세대당|수준,0.0,0,False,V076
17시도,202210,V076_민간임대계(DT_MLTM_7174)_천세대당|12m차,0.0,0,False,V076
17시도,202210,V076_민간임대(DT_MLTM_6827합계)_천세대당|수준,0.06097560975609756,17,False,V076
17시도,202210,V076_민간임대(DT_MLTM_6827합계)_천세대당|12m차,0.0,0,False,V076
17시도,202210,V077_임대주택건설공급_총계_천세대당|수준,0.9390243902439024,119,True,V077
17시도,202210,V077_임대주택건설공급_총계_천세대당|12m차,0.9390243902439024,119,True,V077
17시도,202210,V015_전국대비|수준,1.0,136,True,V015
17시도,202210,V015_전국대비|12m차,0.996413199426112,135,True,V015
17시도,202210,V017_전국대비|수준,1.0,135,True,V017
17시도,202210,V017_전국대비|12m차,0.996413199426112,135,True,V017
17시도,202210,V072_공식주택보급률_%|수준,0.9878048780487805,134,True,V072
17시도,202210,V072_공식주택보급률_%|12m차,0.9791965566714491,133,True,V072
17시도,202210,D_CSI_전신계열,1.0,1,False,
17시도,202210,D_Wage_10th,1.0,2,True,
17시도,202210,D_Wage_11th,1.0,1,False,
17시도,202210,M10_rent_growth_1m,0.9878048780487805,1377,True,
17시도,202210,M10_rent_growth_6m,0.926829268292683,1292,True,
17시도,202301,V003_전세가율_%|수준,1.0,247,True,V003
17시도,202301,V003_전세가율_%|12m차,1.0,254,True,V003
17시도,202301,V004_지역별전월세전환율_%|수준,1.0,812,True,V004
17시도,202301,V004_지역별전월세전환율_%|12m차,1.0,1273,True,V004
17시도,202301,V005_월세수급동향|수준,0.9882352941176471,1259,True,V005
17시도,202301,V005_월세수급동향|12m차,0.8470588235294118,1218,True,V005
17시도,202301,V009_주민등록인구_명|12m로그변화,1.0,1445,True,V009
17시도,202301,V010_주민등록세대수_세대|12m로그변화,1.0,1445,True,V010
17시도,202301,V011_20-29세_명|12m로그변화,1.0,1445,True,V011
17시도,202301,V011_20-39세_명|12m로그변화,1.0,1445,True,V011
17시도,202301,V011_20-39세비중_%|수준,1.0,1445,True,V011
17시도,202301,V011_20-39세비중_%|12m차,1.0,1445,True,V011
17시도,202301,V011_30-39세_명|12m로그변화,1.0,1445,True,V011
17시도,202301,V012_순이동자수_명|천명당12개월,1.0,1445,True,V012
17시도,202301,V013_고용률_%|수준,0.9868512110726644,164,True,V013
17시도,202301,V013_고용률_%|12m차,0.9785467128027682,156,True,V013
17시도,202301,V013_취업자_천명|12m로그변화,0.9785467128027682,1413,True,V013
17시도,202301,V021_아파트_인허가_호|12개월누적log,1.0,1383,True,V021
17시도,202301,V021_아파트_인허가_호|12개월누적log_12m차,1.0,1431,True,V021
17시도,202301,V022_아파트_착공_호|12개월누적log,1.0,1372,True,V022
17시도,202301,V022_아파트_착공_호|12개월누적log_12m차,1.0,1420,True,V022
17시도,202301,V023_아파트_준공_호|12개월누적log,1.0,1390,True,V023
17시도,202301,V023_아파트_준공_호|12개월누적log_12m차,1.0,1443,True,V023
17시도,202301,V031_매매수급동향|수준,1.0,1287,True,V031
17시도,202301,V031_매매수급동향|12m차,1.0,1430,True,V031
17시도,202301,V032_전세수급동향|수준,1.0,1279,True,V032
17시도,202301,V032_전세수급동향|12m차,1.0,1426,True,V032
17시도,202301,V034_수급동향(구)_통합|수준,0.005536332179930796,8,False,V034
17시도,202301,V034_수급동향(구)_통합|12m차,0.005536332179930796,7,False,V034
17시도,202301,V035_아파트거래_동호수_호|12개월누적log,1.0,1431,True,V035
17시도,202301,V035_아파트거래_동호수_호|12개월누적log_12m차,1.0,1445,True,V035
17시도,202301,V035_아파트거래_면적_천㎡|12개월누적log,1.0,1303,True,V035
17시도,202301,V035_아파트거래_면적_천㎡|12개월누적log_12m차,1.0,1445,True,V035
17시도,202301,V036_아파트매매거래_동호수_호|12개월누적log,1.0,1417,True,V036
17시도,202301,V036_아파트매매거래_동호수_호|12개월누적log_12m차,1.0,1445,True,V036
17시도,202301,V036_아파트매매거래_면적_천㎡|12개월누적log,1.0,1176,True,V036
17시도,202301,V036_아파트매매거래_면적_천㎡|12개월누적log_12m차,1.0,1441,True,V036
17시도,202301,V037_주택시장_소비심리지수|수준,0.9418685121107266,540,True,V037
17시도,202301,V037_주택시장_소비심리지수|12m차,0.9252595155709342,786,True,V037
17시도,202301,V038_미분양주택현황_호|log,0.9979238754325259,1160,True,V038
17시도,202301,V038_미분양주택현황_호|log_12m차,0.995847750865052,1372,True,V038
17시도,202301,V050_지역별_주택관련대출_예금은행_십억원|12m로그변화,1.0,1445,True,V050
17시도,202301,V043_한국은행_기준금리_연%|수준,1.0,7,True,V043
17시도,202301,V043_한국은행_기준금리_연%|12m차,1.0,12,True,V043
17시도,202301,V044_시장금리_CD91일_연%|수준,1.0,52,True,V044
17시도,202301,V044_시장금리_CD91일_연%|12m차,1.0,71,True,V044
17시도,202301,V045_시장금리_국고채3년_연%|수준,1.0,84,True,V045
17시도,202301,V045_시장금리_국고채3년_연%|12m차,1.0,84,True,V045
17시도,202301,V046_M2_통화량_십억원|12m로그변화,1.0,85,True,V046
17시도,202301,V048_소비자물가지수_2020=100|수준,1.0,80,True,V048
17시도,202301,V048_소비자물가지수_2020=100|12m차,1.0,84,True,V048
17시도,202301,V056_예금은행대출금리_주택담보_연리%|수준,1.0,63,True,V056
17시도,202301,V056_예금은행대출금리_주택담보_연리%|12m차,1.0,74,True,V056
17시도,202301,V057_예금은행대출금리_전세자금_연리%|수준,1.0,57,True,V057
17시도,202301,V057_예금은행대출금리_전세자금_연리%|12m차,0.9176470588235294,62,True,V057
17시도,202301,V059_비은행대출금리_주택담보_연리%|수준,1.0,70,True,V059
17시도,202301,V059_비은행대출금리_주택담보_연리%|12m차,1.0,72,True,V059
17시도,202301,V061_주택가격전망CSI_서울|수준,1.0,36,True,V061
17시도,202301,V061_주택가격전망CSI_서울|12m차,1.0,44,True,V061
17시도,202301,V062_주택가격전망CSI_6대광역시|수준,1.0,42,True,V062
17시도,202301,V062_주택가격전망CSI_6대광역시|12m차,1.0,48,True,V062
17시도,202301,V063_주택가격전망CSI_기타도시|수준,1.0,38,True,V063
17시도,202301,V063_주택가격전망CSI_기타도시|12m차,1.0,47,True,V063
17시도,202301,V064_KOSPI_종가_1980.01.04=100|수준,1.0,85,True,V064
17시도,202301,V064_KOSPI_종가_1980.01.04=100|12m차,1.0,85,True,V064
17시도,202301,V066_임금총액_사업체노동력_원|12m로그변화,1.0,85,True,V066
17시도,202301,V067_선행지수순환변동치_2020=100|수준,1.0,38,True,V067
17시도,202301,V067_선행지수순환변동치_2020=100|12m차,1.0,51,True,V067
17시도,202301,V069_예금취급기관_가계대출_십억원|12m로그변화,1.0,85,True,V069
17시도,202301,V069_예금취급기관_주택관련대출_십억원|12m로그변화,1.0,85,True,V069
17시도,202301,V070_수출금액_천불|12m로그변화,1.0,85,True,V070
17시도,202301,V071_정책대출_주금공_주택도시기금_십억원|12m로그변화,0.8470588235294118,72,True,V071
17시도,202301,V047_가계신용_총액_십억원|12m로그변화,1.0,29,True,V047
17시도,202301,V049_시간당명목임금지수_2020=100|수준,1.0,28,True,V049
17시도,202301,V049_시간당명목임금지수_2020=100|12m차,1.0,26,True,V049
17시도,202301,V060_대출태도_국내은행_가계주택|수준,1.0,22,True,V060
17시도,202301,V060_대출태도_국내은행_가계주택|12m차,1.0,26,True,V060
17시도,202301,V074_가계동향_도시2인이상_월평균소득_원|수준,0.6823529411764706,20,False,V074
17시도,202301,V074_가계동향_도시2인이상_월평균소득_원|12m차,0.6823529411764706,20,False,V074
17시도,202301,V074_연결_월평균소득_원|12m로그변화,1.0,29,True,V074
17시도,202301,V015_1인당GRDP_천원|12m로그변화,0.9965397923875432,135,True,V015
17시도,202301,V017_1인당가계총처분가능소득_천원|12m로그변화,0.9965397923875432,135,True,V017
17시도,202301,V024_주거용신축허가_동수_동|12m로그변화,0.058823529411764705,8,False,V024
17시도,202301,V024_주거용신축허가_연면적_㎡|12m로그변화,0.058823529411764705,8,False,V024
17시도,202301,V072_총조사_가구수_가구|12m로그변화,0.7176470588235294,102,True,V072
17시도,202301,V072_총조사_주택수_호|12m로그변화,0.7176470588235294,102,True,V072
17시도,202301,V076_공공+민간총계(DT_MLTM_7174)_호|12m로그변화,0.0,0,False,V076
17시도,202301,V076_공공임대계(DT_MLTM_7174)_호|12m로그변화,0.0,0,False,V076
17시도,202301,V076_민간임대계(DT_MLTM_7174)_호|12m로그변화,0.0,0,False,V076
17시도,202301,V076_민간임대(DT_MLTM_6827합계)_호|12m로그변화,0.0,0,False,V076
17시도,202301,V077_임대주택건설공급_총계_호|12m로그변화,0.9058823529411765,119,True,V077
17시도,202301,V072_총조사단순주택수가구수비율|12m로그변화,0.7176470588235294,102,True,V072
17시도,202301,V024_주거용신축허가_동수_천세대당|수준,0.058823529411764705,8,False,V024
17시도,202301,V024_주거용신축허가_동수_천세대당|12m차,0.058823529411764705,8,False,V024
17시도,202301,V076_공공+민간총계(DT_MLTM_7174)_천세대당|수준,0.0,0,False,V076
17시도,202301,V076_공공+민간총계(DT_MLTM_7174)_천세대당|12m차,0.0,0,False,V076
17시도,202301,V076_공공임대계(DT_MLTM_7174)_천세대당|수준,0.0,0,False,V076
17시도,202301,V076_공공임대계(DT_MLTM_7174)_천세대당|12m차,0.0,0,False,V076
17시도,202301,V076_민간임대계(DT_MLTM_7174)_천세대당|수준,0.0,0,False,V076
17시도,202301,V076_민간임대계(DT_MLTM_7174)_천세대당|12m차,0.0,0,False,V076
17시도,202301,V076_민간임대(DT_MLTM_6827합계)_천세대당|수준,0.09411764705882353,17,False,V076
17시도,202301,V076_민간임대(DT_MLTM_6827합계)_천세대당|12m차,0.0,0,False,V076
17시도,202301,V077_임대주택건설공급_총계_천세대당|수준,0.9058823529411765,119,True,V077
17시도,202301,V077_임대주택건설공급_총계_천세대당|12m차,0.9058823529411765,119,True,V077
17시도,202301,V015_전국대비|수준,1.0,136,True,V015
17시도,202301,V015_전국대비|12m차,0.9965397923875432,135,True,V015
17시도,202301,V017_전국대비|수준,1.0,135,True,V017
17시도,202301,V017_전국대비|12m차,0.9965397923875432,135,True,V017
17시도,202301,V072_공식주택보급률_%|수준,0.9882352941176471,134,True,V072
17시도,202301,V072_공식주택보급률_%|12m차,0.9799307958477509,133,True,V072
17시도,202301,D_CSI_전신계열,1.0,1,False,
17시도,202301,D_Wage_10th,1.0,2,True,
17시도,202301,D_Wage_11th,1.0,1,False,
17시도,202301,M10_rent_growth_1m,0.9882352941176471,1428,True,
17시도,202301,M10_rent_growth_6m,0.9294117647058824,1343,True,
17시도,202304,V003_전세가율_%|수준,1.0,250,True,V003
17시도,202304,V003_전세가율_%|12m차,1.0,254,True,V003
17시도,202304,V004_지역별전월세전환율_%|수준,1.0,841,True,V004
17시도,202304,V004_지역별전월세전환율_%|12m차,1.0,1318,True,V004
17시도,202304,V005_월세수급동향|수준,0.9886363636363636,1306,True,V005
17시도,202304,V005_월세수급동향|12m차,0.8522727272727273,1267,True,V005
17시도,202304,V009_주민등록인구_명|12m로그변화,1.0,1496,True,V009
17시도,202304,V010_주민등록세대수_세대|12m로그변화,1.0,1496,True,V010
17시도,202304,V011_20-29세_명|12m로그변화,1.0,1496,True,V011
17시도,202304,V011_20-39세_명|12m로그변화,1.0,1496,True,V011
17시도,202304,V011_20-39세비중_%|수준,1.0,1496,True,V011
17시도,202304,V011_20-39세비중_%|12m차,1.0,1496,True,V011
17시도,202304,V011_30-39세_명|12m로그변화,1.0,1496,True,V011
17시도,202304,V012_순이동자수_명|천명당12개월,1.0,1496,True,V012
17시도,202304,V013_고용률_%|수준,0.9872994652406417,166,True,V013
17시도,202304,V013_고용률_%|12m차,0.9792780748663101,160,True,V013
17시도,202304,V013_취업자_천명|12m로그변화,0.9792780748663101,1464,True,V013
17시도,202304,V021_아파트_인허가_호|12개월누적log,1.0,1431,True,V021
17시도,202304,V021_아파트_인허가_호|12개월누적log_12m차,1.0,1480,True,V021
17시도,202304,V022_아파트_착공_호|12개월누적log,1.0,1421,True,V022
17시도,202304,V022_아파트_착공_호|12개월누적log_12m차,1.0,1471,True,V022
17시도,202304,V023_아파트_준공_호|12개월누적log,1.0,1436,True,V023
17시도,202304,V023_아파트_준공_호|12개월누적log_12m차,1.0,1493,True,V023
17시도,202304,V031_매매수급동향|수준,1.0,1337,True,V031
17시도,202304,V031_매매수급동향|12m차,1.0,1481,True,V031
17시도,202304,V032_전세수급동향|수준,1.0,1328,True,V032
17시도,202304,V032_전세수급동향|12m차,1.0,1477,True,V032
17시도,202304,V034_수급동향(구)_통합|수준,0.0053475935828877,8,False,V034
17시도,202304,V034_수급동향(구)_통합|12m차,0.0053475935828877,7,False,V034
17시도,202304,V035_아파트거래_동호수_호|12개월누적log,1.0,1480,True,V035
17시도,202304,V035_아파트거래_동호수_호|12개월누적log_12m차,1.0,1496,True,V035
17시도,202304,V035_아파트거래_면적_천㎡|12개월누적log,1.0,1343,True,V035
17시도,202304,V035_아파트거래_면적_천㎡|12개월누적log_12m차,1.0,1496,True,V035
17시도,202304,V036_아파트매매거래_동호수_호|12개월누적log,1.0,1466,True,V036
17시도,202304,V036_아파트매매거래_동호수_호|12개월누적log_12m차,1.0,1496,True,V036
17시도,202304,V036_아파트매매거래_면적_천㎡|12개월누적log,1.0,1207,True,V036
17시도,202304,V036_아파트매매거래_면적_천㎡|12개월누적log_12m차,1.0,1492,True,V036
17시도,202304,V037_주택시장_소비심리지수|수준,0.9438502673796791,548,True,V037
17시도,202304,V037_주택시장_소비심리지수|12m차,0.9278074866310161,823,True,V037
17시도,202304,V038_미분양주택현황_호|log,0.9979946524064172,1192,True,V038
17시도,202304,V038_미분양주택현황_호|log_12m차,0.9959893048128342,1423,True,V038
17시도,202304,V050_지역별_주택관련대출_예금은행_십억원|12m로그변화,1.0,1496,True,V050
17시도,202304,V043_한국은행_기준금리_연%|수준,1.0,9,True,V043
17시도,202304,V043_한국은행_기준금리_연%|12m차,1.0,13,True,V043
17시도,202304,V044_시장금리_CD91일_연%|수준,1.0,55,True,V044
17시도,202304,V044_시장금리_CD91일_연%|12m차,1.0,74,True,V044
17시도,202304,V045_시장금리_국고채3년_연%|수준,1.0,87,True,V045
17시도,202304,V045_시장금리_국고채3년_연%|12m차,1.0,87,True,V045
17시도,202304,V046_M2_통화량_십억원|12m로그변화,1.0,88,True,V046
17시도,202304,V048_소비자물가지수_2020=100|수준,1.0,83,True,V048
17시도,202304,V048_소비자물가지수_2020=100|12m차,1.0,87,True,V048
17시도,202304,V056_예금은행대출금리_주택담보_연리%|수준,1.0,66,True,V056
17시도,202304,V056_예금은행대출금리_주택담보_연리%|12m차,1.0,77,True,V056
17시도,202304,V057_예금은행대출금리_전세자금_연리%|수준,1.0,60,True,V057
17시도,202304,V057_예금은행대출금리_전세자금_연리%|12m차,0.9204545454545454,65,True,V057
17시도,202304,V059_비은행대출금리_주택담보_연리%|수준,1.0,72,True,V059
17시도,202304,V059_비은행대출금리_주택담보_연리%|12m차,1.0,73,True,V059
17시도,202304,V061_주택가격전망CSI_서울|수준,1.0,39,True,V061
17시도,202304,V061_주택가격전망CSI_서울|12m차,1.0,46,True,V061
17시도,202304,V062_주택가격전망CSI_6대광역시|수준,1.0,45,True,V062
17시도,202304,V062_주택가격전망CSI_6대광역시|12m차,1.0,51,True,V062
17시도,202304,V063_주택가격전망CSI_기타도시|수준,1.0,41,True,V063
17시도,202304,V063_주택가격전망CSI_기타도시|12m차,1.0,49,True,V063
17시도,202304,V064_KOSPI_종가_1980.01.04=100|수준,1.0,88,True,V064
17시도,202304,V064_KOSPI_종가_1980.01.04=100|12m차,1.0,88,True,V064
17시도,202304,V066_임금총액_사업체노동력_원|12m로그변화,1.0,88,True,V066
17시도,202304,V067_선행지수순환변동치_2020=100|수준,1.0,39,True,V067
17시도,202304,V067_선행지수순환변동치_2020=100|12m차,1.0,53,True,V067
17시도,202304,V069_예금취급기관_가계대출_십억원|12m로그변화,1.0,88,True,V069
17시도,202304,V069_예금취급기관_주택관련대출_십억원|12m로그변화,1.0,88,True,V069
17시도,202304,V070_수출금액_천불|12m로그변화,1.0,88,True,V070
17시도,202304,V071_정책대출_주금공_주택도시기금_십억원|12m로그변화,0.8522727272727273,75,True,V071
17시도,202304,V047_가계신용_총액_십억원|12m로그변화,1.0,30,True,V047
17시도,202304,V049_시간당명목임금지수_2020=100|수준,1.0,29,True,V049
17시도,202304,V049_시간당명목임금지수_2020=100|12m차,1.0,27,True,V049
17시도,202304,V060_대출태도_국내은행_가계주택|수준,1.0,23,True,V060
17시도,202304,V060_대출태도_국내은행_가계주택|12m차,1.0,27,True,V060
17시도,202304,V074_가계동향_도시2인이상_월평균소득_원|수준,0.6590909090909091,20,False,V074
17시도,202304,V074_가계동향_도시2인이상_월평균소득_원|12m차,0.6590909090909091,20,False,V074
17시도,202304,V074_연결_월평균소득_원|12m로그변화,1.0,30,True,V074
17시도,202304,V015_1인당GRDP_천원|12m로그변화,0.9966577540106952,135,True,V015
17시도,202304,V017_1인당가계총처분가능소득_천원|12m로그변화,0.9966577540106952,135,True,V017
17시도,202304,V024_주거용신축허가_동수_동|12m로그변화,0.058823529411764705,8,False,V024
17시도,202304,V024_주거용신축허가_연면적_㎡|12m로그변화,0.058823529411764705,8,False,V024
17시도,202304,V072_총조사_가구수_가구|12m로그변화,0.7272727272727273,102,True,V072
17시도,202304,V072_총조사_주택수_호|12m로그변화,0.7272727272727273,102,True,V072
17시도,202304,V076_공공+민간총계(DT_MLTM_7174)_호|12m로그변화,0.0,0,False,V076
17시도,202304,V076_공공임대계(DT_MLTM_7174)_호|12m로그변화,0.0,0,False,V076
17시도,202304,V076_민간임대계(DT_MLTM_7174)_호|12m로그변화,0.0,0,False,V076
17시도,202304,V076_민간임대(DT_MLTM_6827합계)_호|12m로그변화,0.0,0,False,V076
17시도,202304,V077_임대주택건설공급_총계_호|12m로그변화,0.875,119,True,V077
17시도,202304,V072_총조사단순주택수가구수비율|12m로그변화,0.7272727272727273,102,True,V072
17시도,202304,V024_주거용신축허가_동수_천세대당|수준,0.058823529411764705,8,False,V024
17시도,202304,V024_주거용신축허가_동수_천세대당|12m차,0.058823529411764705,8,False,V024
17시도,202304,V076_공공+민간총계(DT_MLTM_7174)_천세대당|수준,0.0,0,False,V076
17시도,202304,V076_공공+민간총계(DT_MLTM_7174)_천세대당|12m차,0.0,0,False,V076
17시도,202304,V076_공공임대계(DT_MLTM_7174)_천세대당|수준,0.0,0,False,V076
17시도,202304,V076_공공임대계(DT_MLTM_7174)_천세대당|12m차,0.0,0,False,V076
17시도,202304,V076_민간임대계(DT_MLTM_7174)_천세대당|수준,0.0,0,False,V076
17시도,202304,V076_민간임대계(DT_MLTM_7174)_천세대당|12m차,0.0,0,False,V076
17시도,202304,V076_민간임대(DT_MLTM_6827합계)_천세대당|수준,0.125,17,False,V076
17시도,202304,V076_민간임대(DT_MLTM_6827합계)_천세대당|12m차,0.0,0,False,V076
17시도,202304,V077_임대주택건설공급_총계_천세대당|수준,0.875,119,True,V077
17시도,202304,V077_임대주택건설공급_총계_천세대당|12m차,0.875,119,True,V077
17시도,202304,V015_전국대비|수준,1.0,136,True,V015
17시도,202304,V015_전국대비|12m차,0.9966577540106952,135,True,V015
17시도,202304,V017_전국대비|수준,1.0,135,True,V017
17시도,202304,V017_전국대비|12m차,0.9966577540106952,135,True,V017
17시도,202304,V072_공식주택보급률_%|수준,0.9886363636363636,134,True,V072
17시도,202304,V072_공식주택보급률_%|12m차,0.9806149732620321,133,True,V072
17시도,202304,D_CSI_전신계열,1.0,1,False,
17시도,202304,D_Wage_10th,1.0,2,True,
17시도,202304,D_Wage_11th,1.0,1,False,
17시도,202304,M10_rent_growth_1m,0.9886363636363636,1479,True,
17시도,202304,M10_rent_growth_6m,0.9318181818181818,1394,True,
17시도,202307,V003_전세가율_%|수준,1.0,256,True,V003
17시도,202307,V003_전세가율_%|12m차,1.0,255,True,V003
17시도,202307,V004_지역별전월세전환율_%|수준,1.0,868,True,V004
17시도,202307,V004_지역별전월세전환율_%|12m차,1.0,1369,True,V004
17시도,202307,V005_월세수급동향|수준,0.989010989010989,1355,True,V005
17시도,202307,V005_월세수급동향|12m차,0.8571428571428571,1317,True,V005
17시도,202307,V009_주민등록인구_명|12m로그변화,1.0,1547,True,V009
17시도,202307,V010_주민등록세대수_세대|12m로그변화,1.0,1547,True,V010
17시도,202307,V011_20-29세_명|12m로그변화,1.0,1547,True,V011
17시도,202307,V011_20-39세_명|12m로그변화,1.0,1547,True,V011
17시도,202307,V011_20-39세비중_%|수준,1.0,1547,True,V011
17시도,202307,V011_20-39세비중_%|12m차,1.0,1547,True,V011
17시도,202307,V011_30-39세_명|12m로그변화,1.0,1547,True,V011
17시도,202307,V012_순이동자수_명|천명당12개월,1.0,1547,True,V012
17시도,202307,V013_고용률_%|수준,0.9877181641887525,168,True,V013
17시도,202307,V013_고용률_%|12m차,0.9799612152553329,164,True,V013
17시도,202307,V013_취업자_천명|12m로그변화,0.9799612152553329,1515,True,V013
17시도,202307,V021_아파트_인허가_호|12개월누적log,1.0,1481,True,V021
17시도,202307,V021_아파트_인허가_호|12개월누적log_12m차,1.0,1531,True,V021
17시도,202307,V022_아파트_착공_호|12개월누적log,1.0,1468,True,V022
17시도,202307,V022_아파트_착공_호|12개월누적log_12m차,1.0,1520,True,V022
17시도,202307,V023_아파트_준공_호|12개월누적log,1.0,1483,True,V023
17시도,202307,V023_아파트_준공_호|12개월누적log_12m차,1.0,1544,True,V023
17시도,202307,V031_매매수급동향|수준,1.0,1386,True,V031
17시도,202307,V031_매매수급동향|12m차,1.0,1532,True,V031
17시도,202307,V032_전세수급동향|수준,1.0,1379,True,V032
17시도,202307,V032_전세수급동향|12m차,1.0,1528,True,V032
17시도,202307,V034_수급동향(구)_통합|수준,0.005171299288946348,8,False,V034
17시도,202307,V034_수급동향(구)_통합|12m차,0.005171299288946348,7,False,V034
17시도,202307,V035_아파트거래_동호수_호|12개월누적log,1.0,1531,True,V035
17시도,202307,V035_아파트거래_동호수_호|12개월누적log_12m차,1.0,1547,True,V035
17시도,202307,V035_아파트거래_면적_천㎡|12개월누적log,1.0,1384,True,V035
17시도,202307,V035_아파트거래_면적_천㎡|12개월누적log_12m차,1.0,1547,True,V035
17시도,202307,V036_아파트매매거래_동호수_호|12개월누적log,1.0,1516,True,V036
17시도,202307,V036_아파트매매거래_동호수_호|12개월누적log_12m차,1.0,1547,True,V036
17시도,202307,V036_아파트매매거래_면적_천㎡|12개월누적log,1.0,1239,True,V036
17시도,202307,V036_아파트매매거래_면적_천㎡|12개월누적log_12m차,1.0,1543,True,V036
17시도,202307,V037_주택시장_소비심리지수|수준,0.9457013574660633,572,True,V037
17시도,202307,V037_주택시장_소비심리지수|12m차,0.9301874595992243,855,True,V037
17시도,202307,V038_미분양주택현황_호|log,0.9980607627666451,1231,True,V038
17시도,202307,V038_미분양주택현황_호|log_12m차,0.9961215255332903,1474,True,V038
17시도,202307,V050_지역별_주택관련대출_예금은행_십억원|12m로그변화,1.0,1547,True,V050
17시도,202307,V043_한국은행_기준금리_연%|수준,1.0,11,True,V043
17시도,202307,V043_한국은행_기준금리_연%|12m차,1.0,13,True,V043
17시도,202307,V044_시장금리_CD91일_연%|수준,1.0,58,True,V044
17시도,202307,V044_시장금리_CD91일_연%|12m차,1.0,77,True,V044
17시도,202307,V045_시장금리_국고채3년_연%|수준,1.0,90,True,V045
17시도,202307,V045_시장금리_국고채3년_연%|12m차,1.0,90,True,V045
17시도,202307,V046_M2_통화량_십억원|12m로그변화,1.0,91,True,V046
17시도,202307,V048_소비자물가지수_2020=100|수준,1.0,86,True,V048
17시도,202307,V048_소비자물가지수_2020=100|12m차,1.0,90,True,V048
17시도,202307,V056_예금은행대출금리_주택담보_연리%|수준,1.0,69,True,V056
17시도,202307,V056_예금은행대출금리_주택담보_연리%|12m차,1.0,80,True,V056
17시도,202307,V057_예금은행대출금리_전세자금_연리%|수준,1.0,63,True,V057
17시도,202307,V057_예금은행대출금리_전세자금_연리%|12m차,0.9230769230769231,68,True,V057
17시도,202307,V059_비은행대출금리_주택담보_연리%|수준,1.0,74,True,V059
17시도,202307,V059_비은행대출금리_주택담보_연리%|12m차,1.0,76,True,V059
17시도,202307,V061_주택가격전망CSI_서울|수준,1.0,41,True,V061
17시도,202307,V061_주택가격전망CSI_서울|12m차,1.0,48,True,V061
17시도,202307,V062_주택가격전망CSI_6대광역시|수준,1.0,48,True,V062
17시도,202307,V062_주택가격전망CSI_6대광역시|12m차,1.0,54,True,V062
17시도,202307,V063_주택가격전망CSI_기타도시|수준,1.0,44,True,V063
17시도,202307,V063_주택가격전망CSI_기타도시|12m차,1.0,52,True,V063
17시도,202307,V064_KOSPI_종가_1980.01.04=100|수준,1.0,91,True,V064
17시도,202307,V064_KOSPI_종가_1980.01.04=100|12m차,1.0,91,True,V064
17시도,202307,V066_임금총액_사업체노동력_원|12m로그변화,1.0,91,True,V066
17시도,202307,V067_선행지수순환변동치_2020=100|수준,1.0,39,True,V067
17시도,202307,V067_선행지수순환변동치_2020=100|12m차,1.0,54,True,V067
17시도,202307,V069_예금취급기관_가계대출_십억원|12m로그변화,1.0,91,True,V069
17시도,202307,V069_예금취급기관_주택관련대출_십억원|12m로그변화,1.0,91,True,V069
17시도,202307,V070_수출금액_천불|12m로그변화,1.0,91,True,V070
17시도,202307,V071_정책대출_주금공_주택도시기금_십억원|12m로그변화,0.8571428571428571,78,True,V071
17시도,202307,V047_가계신용_총액_십억원|12m로그변화,1.0,31,True,V047
17시도,202307,V049_시간당명목임금지수_2020=100|수준,1.0,30,True,V049
17시도,202307,V049_시간당명목임금지수_2020=100|12m차,1.0,28,True,V049
17시도,202307,V060_대출태도_국내은행_가계주택|수준,1.0,24,True,V060
17시도,202307,V060_대출태도_국내은행_가계주택|12m차,1.0,28,True,V060
17시도,202307,V074_가계동향_도시2인이상_월평균소득_원|수준,0.6373626373626373,20,False,V074
17시도,202307,V074_가계동향_도시2인이상_월평균소득_원|12m차,0.6373626373626373,20,False,V074
17시도,202307,V074_연결_월평균소득_원|12m로그변화,1.0,31,True,V074
17시도,202307,V015_1인당GRDP_천원|12m로그변화,0.9967679379444085,152,True,V015
17시도,202307,V017_1인당가계총처분가능소득_천원|12m로그변화,0.9967679379444085,152,True,V017
17시도,202307,V024_주거용신축허가_동수_동|12m로그변화,0.058823529411764705,9,False,V024
17시도,202307,V024_주거용신축허가_연면적_㎡|12m로그변화,0.058823529411764705,9,False,V024
17시도,202307,V072_총조사_가구수_가구|12m로그변화,0.7362637362637363,102,True,V072
17시도,202307,V072_총조사_주택수_호|12m로그변화,0.7362637362637363,102,True,V072
17시도,202307,V076_공공+민간총계(DT_MLTM_7174)_호|12m로그변화,0.0,0,False,V076
17시도,202307,V076_공공임대계(DT_MLTM_7174)_호|12m로그변화,0.0,0,False,V076
17시도,202307,V076_민간임대계(DT_MLTM_7174)_호|12m로그변화,0.0,0,False,V076
17시도,202307,V076_민간임대(DT_MLTM_6827합계)_호|12m로그변화,0.02197802197802198,17,False,V076
17시도,202307,V077_임대주택건설공급_총계_호|12m로그변화,0.8461538461538461,119,True,V077
17시도,202307,V072_총조사단순주택수가구수비율|12m로그변화,0.7362637362637363,102,True,V072
17시도,202307,V024_주거용신축허가_동수_천세대당|수준,0.058823529411764705,9,False,V024
17시도,202307,V024_주거용신축허가_동수_천세대당|12m차,0.058823529411764705,9,False,V024
17시도,202307,V076_공공+민간총계(DT_MLTM_7174)_천세대당|수준,0.0,0,False,V076
17시도,202307,V076_공공+민간총계(DT_MLTM_7174)_천세대당|12m차,0.0,0,False,V076
17시도,202307,V076_공공임대계(DT_MLTM_7174)_천세대당|수준,0.0,0,False,V076
17시도,202307,V076_공공임대계(DT_MLTM_7174)_천세대당|12m차,0.0,0,False,V076
17시도,202307,V076_민간임대계(DT_MLTM_7174)_천세대당|수준,0.0,0,False,V076
17시도,202307,V076_민간임대계(DT_MLTM_7174)_천세대당|12m차,0.0,0,False,V076
17시도,202307,V076_민간임대(DT_MLTM_6827합계)_천세대당|수준,0.15384615384615385,34,False,V076
17시도,202307,V076_민간임대(DT_MLTM_6827합계)_천세대당|12m차,0.02197802197802198,17,False,V076
17시도,202307,V077_임대주택건설공급_총계_천세대당|수준,0.8461538461538461,119,True,V077
17시도,202307,V077_임대주택건설공급_총계_천세대당|12m차,0.8461538461538461,119,True,V077
17시도,202307,V015_전국대비|수준,1.0,153,True,V015
17시도,202307,V015_전국대비|12m차,0.9967679379444085,152,True,V015
17시도,202307,V017_전국대비|수준,1.0,152,True,V017
17시도,202307,V017_전국대비|12m차,0.9967679379444085,152,True,V017
17시도,202307,V072_공식주택보급률_%|수준,0.989010989010989,151,True,V072
17시도,202307,V072_공식주택보급률_%|12m차,0.9812540400775694,150,True,V072
17시도,202307,D_CSI_전신계열,1.0,1,False,
17시도,202307,D_Wage_10th,1.0,2,True,
17시도,202307,D_Wage_11th,1.0,1,False,
17시도,202307,M10_rent_growth_1m,0.989010989010989,1530,True,
17시도,202307,M10_rent_growth_6m,0.9340659340659341,1445,True,
17시도,202310,V003_전세가율_%|수준,1.0,261,True,V003
17시도,202310,V003_전세가율_%|12m차,1.0,259,True,V003
17시도,202310,V004_지역별전월세전환율_%|수준,1.0,902,True,V004
17시도,202310,V004_지역별전월세전환율_%|12m차,1.0,1420,True,V004
17시도,202310,V005_월세수급동향|수준,0.9893617021276596,1406,True,V005
17시도,202310,V005_월세수급동향|12m차,0.8617021276595744,1368,True,V005
17시도,202310,V009_주민등록인구_명|12m로그변화,1.0,1598,True,V009
17시도,202310,V010_주민등록세대수_세대|12m로그변화,1.0,1598,True,V010
17시도,202310,V011_20-29세_명|12m로그변화,1.0,1598,True,V011
17시도,202310,V011_20-39세_명|12m로그변화,1.0,1598,True,V011
17시도,202310,V011_20-39세비중_%|수준,1.0,1598,True,V011
17시도,202310,V011_20-39세비중_%|12m차,1.0,1598,True,V011
17시도,202310,V011_30-39세_명|12m로그변화,1.0,1598,True,V011
17시도,202310,V012_순이동자수_명|천명당12개월,1.0,1598,True,V012
17시도,202310,V013_고용률_%|수준,0.9881101376720901,171,True,V013
17시도,202310,V013_고용률_%|12m차,0.9806007509386734,164,True,V013
17시도,202310,V013_취업자_천명|12m로그변화,0.9806007509386734,1566,True,V013
17시도,202310,V021_아파트_인허가_호|12개월누적log,1.0,1530,True,V021
17시도,202310,V021_아파트_인허가_호|12개월누적log_12m차,1.0,1580,True,V021
17시도,202310,V022_아파트_착공_호|12개월누적log,1.0,1510,True,V022
17시도,202310,V022_아파트_착공_호|12개월누적log_12m차,1.0,1569,True,V022
17시도,202310,V023_아파트_준공_호|12개월누적log,1.0,1526,True,V023
17시도,202310,V023_아파트_준공_호|12개월누적log_12m차,1.0,1595,True,V023
17시도,202310,V031_매매수급동향|수준,1.0,1437,True,V031
17시도,202310,V031_매매수급동향|12m차,1.0,1583,True,V031
17시도,202310,V032_전세수급동향|수준,1.0,1427,True,V032
17시도,202310,V032_전세수급동향|12m차,1.0,1579,True,V032
17시도,202310,V034_수급동향(구)_통합|수준,0.0050062578222778474,8,False,V034
17시도,202310,V034_수급동향(구)_통합|12m차,0.0050062578222778474,7,False,V034
17시도,202310,V035_아파트거래_동호수_호|12개월누적log,1.0,1581,True,V035
17시도,202310,V035_아파트거래_동호수_호|12개월누적log_12m차,1.0,1598,True,V035
17시도,202310,V035_아파트거래_면적_천㎡|12개월누적log,1.0,1427,True,V035
17시도,202310,V035_아파트거래_면적_천㎡|12개월누적log_12m차,1.0,1597,True,V035
17시도,202310,V036_아파트매매거래_동호수_호|12개월누적log,1.0,1562,True,V036
17시도,202310,V036_아파트매매거래_동호수_호|12개월누적log_12m차,1.0,1598,True,V036
17시도,202310,V036_아파트매매거래_면적_천㎡|12개월누적log,1.0,1276,True,V036
17시도,202310,V036_아파트매매거래_면적_천㎡|12개월누적log_12m차,1.0,1594,True,V036
17시도,202310,V037_주택시장_소비심리지수|수준,0.9474342928660826,578,True,V037
17시도,202310,V037_주택시장_소비심리지수|12m차,0.932415519399249,863,True,V037
17시도,202310,V038_미분양주택현황_호|log,0.9981226533166458,1277,True,V038
17시도,202310,V038_미분양주택현황_호|log_12m차,0.9962453066332916,1525,True,V038
17시도,202310,V050_지역별_주택관련대출_예금은행_십억원|12m로그변화,1.0,1598,True,V050
17시도,202310,V043_한국은행_기준금리_연%|수준,1.0,11,True,V043
17시도,202310,V043_한국은행_기준금리_연%|12m차,1.0,14,True,V043
17시도,202310,V044_시장금리_CD91일_연%|수준,1.0,61,True,V044
17시도,202310,V044_시장금리_CD91일_연%|12m차,1.0,79,True,V044
17시도,202310,V045_시장금리_국고채3년_연%|수준,1.0,93,True,V045
17시도,202310,V045_시장금리_국고채3년_연%|12m차,1.0,93,True,V045
17시도,202310,V046_M2_통화량_십억원|12m로그변화,1.0,94,True,V046
17시도,202310,V048_소비자물가지수_2020=100|수준,1.0,89,True,V048
17시도,202310,V048_소비자물가지수_2020=100|12m차,1.0,92,True,V048
17시도,202310,V056_예금은행대출금리_주택담보_연리%|수준,1.0,72,True,V056
17시도,202310,V056_예금은행대출금리_주택담보_연리%|12m차,1.0,83,True,V056
17시도,202310,V057_예금은행대출금리_전세자금_연리%|수준,1.0,66,True,V057
17시도,202310,V057_예금은행대출금리_전세자금_연리%|12m차,0.925531914893617,71,True,V057
17시도,202310,V059_비은행대출금리_주택담보_연리%|수준,1.0,77,True,V059
17시도,202310,V059_비은행대출금리_주택담보_연리%|12m차,1.0,79,True,V059
17시도,202310,V061_주택가격전망CSI_서울|수준,1.0,42,True,V061
17시도,202310,V061_주택가격전망CSI_서울|12m차,1.0,49,True,V061
17시도,202310,V062_주택가격전망CSI_6대광역시|수준,1.0,50,True,V062
17시도,202310,V062_주택가격전망CSI_6대광역시|12m차,1.0,55,True,V062
17시도,202310,V063_주택가격전망CSI_기타도시|수준,1.0,47,True,V063
17시도,202310,V063_주택가격전망CSI_기타도시|12m차,1.0,54,True,V063
17시도,202310,V064_KOSPI_종가_1980.01.04=100|수준,1.0,94,True,V064
17시도,202310,V064_KOSPI_종가_1980.01.04=100|12m차,1.0,94,True,V064
17시도,202310,V066_임금총액_사업체노동력_원|12m로그변화,1.0,94,True,V066
17시도,202310,V067_선행지수순환변동치_2020=100|수준,1.0,39,True,V067
17시도,202310,V067_선행지수순환변동치_2020=100|12m차,1.0,54,True,V067
17시도,202310,V069_예금취급기관_가계대출_십억원|12m로그변화,1.0,94,True,V069
17시도,202310,V069_예금취급기관_주택관련대출_십억원|12m로그변화,1.0,94,True,V069
17시도,202310,V070_수출금액_천불|12m로그변화,1.0,94,True,V070
17시도,202310,V071_정책대출_주금공_주택도시기금_십억원|12m로그변화,0.8617021276595744,81,True,V071
17시도,202310,V047_가계신용_총액_십억원|12m로그변화,1.0,32,True,V047
17시도,202310,V049_시간당명목임금지수_2020=100|수준,1.0,31,True,V049
17시도,202310,V049_시간당명목임금지수_2020=100|12m차,1.0,29,True,V049
17시도,202310,V060_대출태도_국내은행_가계주택|수준,1.0,24,True,V060
17시도,202310,V060_대출태도_국내은행_가계주택|12m차,1.0,29,True,V060
17시도,202310,V074_가계동향_도시2인이상_월평균소득_원|수준,0.6170212765957447,20,False,V074
17시도,202310,V074_가계동향_도시2인이상_월평균소득_원|12m차,0.6170212765957447,20,False,V074
17시도,202310,V074_연결_월평균소득_원|12m로그변화,1.0,32,True,V074
17시도,202310,V015_1인당GRDP_천원|12m로그변화,0.9968710888610763,152,True,V015
17시도,202310,V017_1인당가계총처분가능소득_천원|12m로그변화,0.9968710888610763,152,True,V017
17시도,202310,V024_주거용신축허가_동수_동|12m로그변화,0.058823529411764705,9,False,V024
17시도,202310,V024_주거용신축허가_연면적_㎡|12m로그변화,0.058823529411764705,9,False,V024
17시도,202310,V072_총조사_가구수_가구|12m로그변화,0.7446808510638298,102,True,V072
17시도,202310,V072_총조사_주택수_호|12m로그변화,0.7446808510638298,102,True,V072
17시도,202310,V076_공공+민간총계(DT_MLTM_7174)_호|12m로그변화,0.0,0,False,V076
17시도,202310,V076_공공임대계(DT_MLTM_7174)_호|12m로그변화,0.0,0,False,V076
17시도,202310,V076_민간임대계(DT_MLTM_7174)_호|12m로그변화,0.0,0,False,V076
17시도,202310,V076_민간임대(DT_MLTM_6827합계)_호|12m로그변화,0.05319148936170213,17,False,V076
17시도,202310,V077_임대주택건설공급_총계_호|12m로그변화,0.8191489361702128,119,True,V077
17시도,202310,V072_총조사단순주택수가구수비율|12m로그변화,0.7446808510638298,102,True,V072
17시도,202310,V024_주거용신축허가_동수_천세대당|수준,0.058823529411764705,9,False,V024
17시도,202310,V024_주거용신축허가_동수_천세대당|12m차,0.058823529411764705,9,False,V024
17시도,202310,V076_공공+민간총계(DT_MLTM_7174)_천세대당|수준,0.0,0,False,V076
17시도,202310,V076_공공+민간총계(DT_MLTM_7174)_천세대당|12m차,0.0,0,False,V076
17시도,202310,V076_공공임대계(DT_MLTM_7174)_천세대당|수준,0.0,0,False,V076
17시도,202310,V076_공공임대계(DT_MLTM_7174)_천세대당|12m차,0.0,0,False,V076
17시도,202310,V076_민간임대계(DT_MLTM_7174)_천세대당|수준,0.0,0,False,V076
17시도,202310,V076_민간임대계(DT_MLTM_7174)_천세대당|12m차,0.0,0,False,V076
17시도,202310,V076_민간임대(DT_MLTM_6827합계)_천세대당|수준,0.18085106382978725,34,False,V076
17시도,202310,V076_민간임대(DT_MLTM_6827합계)_천세대당|12m차,0.05319148936170213,17,False,V076
17시도,202310,V077_임대주택건설공급_총계_천세대당|수준,0.8191489361702128,119,True,V077
17시도,202310,V077_임대주택건설공급_총계_천세대당|12m차,0.8191489361702128,119,True,V077
17시도,202310,V015_전국대비|수준,1.0,153,True,V015
17시도,202310,V015_전국대비|12m차,0.9968710888610763,152,True,V015
17시도,202310,V017_전국대비|수준,1.0,152,True,V017
17시도,202310,V017_전국대비|12m차,0.9968710888610763,152,True,V017
17시도,202310,V072_공식주택보급률_%|수준,0.9893617021276596,151,True,V072
17시도,202310,V072_공식주택보급률_%|12m차,0.9818523153942428,150,True,V072
17시도,202310,D_CSI_전신계열,1.0,1,False,
17시도,202310,D_Wage_10th,1.0,2,True,
17시도,202310,D_Wage_11th,1.0,1,False,
17시도,202310,M10_rent_growth_1m,0.9893617021276596,1581,True,
17시도,202310,M10_rent_growth_6m,0.9361702127659575,1496,True,
17시도,202401,V003_전세가율_%|수준,1.0,269,True,V003
17시도,202401,V003_전세가율_%|12m차,1.0,262,True,V003
17시도,202401,V004_지역별전월세전환율_%|수준,1.0,932,True,V004
17시도,202401,V004_지역별전월세전환율_%|12m차,1.0,1471,True,V004
17시도,202401,V005_월세수급동향|수준,0.9896907216494846,1454,True,V005
17시도,202401,V005_월세수급동향|12m차,0.865979381443299,1419,True,V005
17시도,202401,V009_주민등록인구_명|12m로그변화,1.0,1649,True,V009
17시도,202401,V010_주민등록세대수_세대|12m로그변화,1.0,1649,True,V010
17시도,202401,V011_20-29세_명|12m로그변화,1.0,1649,True,V011
17시도,202401,V011_20-39세_명|12m로그변화,1.0,1649,True,V011
17시도,202401,V011_20-39세비중_%|수준,1.0,1649,True,V011
17시도,202401,V011_20-39세비중_%|12m차,1.0,1649,True,V011
17시도,202401,V011_30-39세_명|12m로그변화,1.0,1649,True,V011
17시도,202401,V012_순이동자수_명|천명당12개월,1.0,1649,True,V012
17시도,202401,V013_고용률_%|수준,0.9884778653729533,173,True,V013
17시도,202401,V013_고용률_%|12m차,0.9812007277137659,165,True,V013
17시도,202401,V013_취업자_천명|12m로그변화,0.9812007277137659,1617,True,V013
17시도,202401,V021_아파트_인허가_호|12개월누적log,1.0,1575,True,V021
17시도,202401,V021_아파트_인허가_호|12개월누적log_12m차,1.0,1631,True,V021
17시도,202401,V022_아파트_착공_호|12개월누적log,1.0,1556,True,V022
17시도,202401,V022_아파트_착공_호|12개월누적log_12m차,1.0,1617,True,V022
17시도,202401,V023_아파트_준공_호|12개월누적log,1.0,1573,True,V023
17시도,202401,V023_아파트_준공_호|12개월누적log_12m차,1.0,1645,True,V023
17시도,202401,V031_매매수급동향|수준,1.0,1486,True,V031
17시도,202401,V031_매매수급동향|12m차,1.0,1634,True,V031
17시도,202401,V032_전세수급동향|수준,1.0,1477,True,V032
17시도,202401,V032_전세수급동향|12m차,1.0,1630,True,V032
17시도,202401,V034_수급동향(구)_통합|수준,0.004851425106124924,8,False,V034
17시도,202401,V034_수급동향(구)_통합|12m차,0.004851425106124924,7,False,V034
17시도,202401,V035_아파트거래_동호수_호|12개월누적log,1.0,1632,True,V035
17시도,202401,V035_아파트거래_동호수_호|12개월누적log_12m차,1.0,1649,True,V035
17시도,202401,V035_아파트거래_면적_천㎡|12개월누적log,1.0,1465,True,V035
17시도,202401,V035_아파트거래_면적_천㎡|12개월누적log_12m차,1.0,1648,True,V035
17시도,202401,V036_아파트매매거래_동호수_호|12개월누적log,1.0,1609,True,V036
17시도,202401,V036_아파트매매거래_동호수_호|12개월누적log_12m차,1.0,1649,True,V036
17시도,202401,V036_아파트매매거래_면적_천㎡|12개월누적log,1.0,1311,True,V036
17시도,202401,V036_아파트매매거래_면적_천㎡|12개월누적log_12m차,1.0,1645,True,V036
17시도,202401,V037_주택시장_소비심리지수|수준,0.9490600363856883,580,True,V037
17시도,202401,V037_주택시장_소비심리지수|12m차,0.9345057610673135,874,True,V037
17시도,202401,V038_미분양주택현황_호|log,0.9981807155852032,1324,True,V038
17시도,202401,V038_미분양주택현황_호|log_12m차,0.9963614311704063,1576,True,V038
17시도,202401,V050_지역별_주택관련대출_예금은행_십억원|12m로그변화,1.0,1649,True,V050
17시도,202401,V043_한국은행_기준금리_연%|수준,1.0,11,True,V043
17시도,202401,V043_한국은행_기준금리_연%|12m차,1.0,14,True,V043
17시도,202401,V044_시장금리_CD91일_연%|수준,1.0,63,True,V044
17시도,202401,V044_시장금리_CD91일_연%|12m차,1.0,82,True,V044
17시도,202401,V045_시장금리_국고채3년_연%|수준,1.0,96,True,V045
17시도,202401,V045_시장금리_국고채3년_연%|12m차,1.0,96,True,V045
17시도,202401,V046_M2_통화량_십억원|12m로그변화,1.0,97,True,V046
17시도,202401,V048_소비자물가지수_2020=100|수준,1.0,92,True,V048
17시도,202401,V048_소비자물가지수_2020=100|12m차,1.0,95,True,V048
17시도,202401,V056_예금은행대출금리_주택담보_연리%|수준,1.0,75,True,V056
17시도,202401,V056_예금은행대출금리_주택담보_연리%|12m차,1.0,85,True,V056
17시도,202401,V057_예금은행대출금리_전세자금_연리%|수준,1.0,69,True,V057
17시도,202401,V057_예금은행대출금리_전세자금_연리%|12m차,0.9278350515463918,74,True,V057
17시도,202401,V059_비은행대출금리_주택담보_연리%|수준,1.0,80,True,V059
17시도,202401,V059_비은행대출금리_주택담보_연리%|12m차,1.0,82,True,V059
17시도,202401,V061_주택가격전망CSI_서울|수준,1.0,42,True,V061
17시도,202401,V061_주택가격전망CSI_서울|12m차,1.0,50,True,V061
17시도,202401,V062_주택가격전망CSI_6대광역시|수준,1.0,50,True,V062
17시도,202401,V062_주택가격전망CSI_6대광역시|12m차,1.0,55,True,V062
17시도,202401,V063_주택가격전망CSI_기타도시|수준,1.0,47,True,V063
17시도,202401,V063_주택가격전망CSI_기타도시|12m차,1.0,54,True,V063
17시도,202401,V064_KOSPI_종가_1980.01.04=100|수준,1.0,97,True,V064
17시도,202401,V064_KOSPI_종가_1980.01.04=100|12m차,1.0,97,True,V064
17시도,202401,V066_임금총액_사업체노동력_원|12m로그변화,1.0,97,True,V066
17시도,202401,V067_선행지수순환변동치_2020=100|수준,1.0,40,True,V067
17시도,202401,V067_선행지수순환변동치_2020=100|12m차,1.0,54,True,V067
17시도,202401,V069_예금취급기관_가계대출_십억원|12m로그변화,1.0,97,True,V069
17시도,202401,V069_예금취급기관_주택관련대출_십억원|12m로그변화,1.0,97,True,V069
17시도,202401,V070_수출금액_천불|12m로그변화,1.0,97,True,V070
17시도,202401,V071_정책대출_주금공_주택도시기금_십억원|12m로그변화,0.865979381443299,84,True,V071
17시도,202401,V047_가계신용_총액_십억원|12m로그변화,1.0,33,True,V047
17시도,202401,V049_시간당명목임금지수_2020=100|수준,1.0,32,True,V049
17시도,202401,V049_시간당명목임금지수_2020=100|12m차,1.0,30,True,V049
17시도,202401,V060_대출태도_국내은행_가계주택|수준,1.0,25,True,V060
17시도,202401,V060_대출태도_국내은행_가계주택|12m차,1.0,30,True,V060
17시도,202401,V074_가계동향_도시2인이상_월평균소득_원|수준,0.5979381443298969,20,False,V074
17시도,202401,V074_가계동향_도시2인이상_월평균소득_원|12m차,0.5979381443298969,20,False,V074
17시도,202401,V074_연결_월평균소득_원|12m로그변화,1.0,33,True,V074
17시도,202401,V015_1인당GRDP_천원|12m로그변화,0.9969678593086719,152,True,V015
17시도,202401,V017_1인당가계총처분가능소득_천원|12m로그변화,0.9969678593086719,152,True,V017
17시도,202401,V024_주거용신축허가_동수_동|12m로그변화,0.058823529411764705,9,False,V024
17시도,202401,V024_주거용신축허가_연면적_㎡|12m로그변화,0.058823529411764705,9,False,V024
17시도,202401,V072_총조사_가구수_가구|12m로그변화,0.7525773195876289,119,True,V072
17시도,202401,V072_총조사_주택수_호|12m로그변화,0.7525773195876289,119,True,V072
17시도,202401,V076_공공+민간총계(DT_MLTM_7174)_호|12m로그변화,0.0,0,False,V076
17시도,202401,V076_공공임대계(DT_MLTM_7174)_호|12m로그변화,0.0,0,False,V076
17시도,202401,V076_민간임대계(DT_MLTM_7174)_호|12m로그변화,0.0,0,False,V076
17시도,202401,V076_민간임대(DT_MLTM_6827합계)_호|12m로그변화,0.08247422680412371,17,False,V076
17시도,202401,V077_임대주택건설공급_총계_호|12m로그변화,0.7938144329896907,119,True,V077
17시도,202401,V072_총조사단순주택수가구수비율|12m로그변화,0.7525773195876289,119,True,V072
17시도,202401,V024_주거용신축허가_동수_천세대당|수준,0.058823529411764705,9,False,V024
17시도,202401,V024_주거용신축허가_동수_천세대당|12m차,0.058823529411764705,9,False,V024
17시도,202401,V076_공공+민간총계(DT_MLTM_7174)_천세대당|수준,0.0,0,False,V076
17시도,202401,V076_공공+민간총계(DT_MLTM_7174)_천세대당|12m차,0.0,0,False,V076
17시도,202401,V076_공공임대계(DT_MLTM_7174)_천세대당|수준,0.0,0,False,V076
17시도,202401,V076_공공임대계(DT_MLTM_7174)_천세대당|12m차,0.0,0,False,V076
17시도,202401,V076_민간임대계(DT_MLTM_7174)_천세대당|수준,0.0,0,False,V076
17시도,202401,V076_민간임대계(DT_MLTM_7174)_천세대당|12m차,0.0,0,False,V076
17시도,202401,V076_민간임대(DT_MLTM_6827합계)_천세대당|수준,0.20618556701030927,34,False,V076
17시도,202401,V076_민간임대(DT_MLTM_6827합계)_천세대당|12m차,0.08247422680412371,17,False,V076
17시도,202401,V077_임대주택건설공급_총계_천세대당|수준,0.7938144329896907,119,True,V077
17시도,202401,V077_임대주택건설공급_총계_천세대당|12m차,0.7938144329896907,119,True,V077
17시도,202401,V015_전국대비|수준,1.0,153,True,V015
17시도,202401,V015_전국대비|12m차,0.9969678593086719,152,True,V015
17시도,202401,V017_전국대비|수준,1.0,152,True,V017
17시도,202401,V017_전국대비|12m차,0.9969678593086719,152,True,V017
17시도,202401,V072_공식주택보급률_%|수준,0.9896907216494846,151,True,V072
17시도,202401,V072_공식주택보급률_%|12m차,0.9824135839902971,150,True,V072
17시도,202401,D_CSI_전신계열,1.0,1,False,
17시도,202401,D_Wage_10th,1.0,2,True,
17시도,202401,D_Wage_11th,1.0,1,False,
17시도,202401,M10_rent_growth_1m,0.9896907216494846,1632,True,
17시도,202401,M10_rent_growth_6m,0.9381443298969072,1547,True,
17시도,202404,V003_전세가율_%|수준,1.0,274,True,V003
17시도,202404,V003_전세가율_%|12m차,1.0,265,True,V003
17시도,202404,V004_지역별전월세전환율_%|수준,1.0,955,True,V004
17시도,202404,V004_지역별전월세전환율_%|12m차,1.0,1517,True,V004
17시도,202404,V005_월세수급동향|수준,0.99,1501,True,V005
17시도,202404,V005_월세수급동향|12m차,0.87,1470,True,V005
17시도,202404,V009_주민등록인구_명|12m로그변화,1.0,1700,True,V009
17시도,202404,V010_주민등록세대수_세대|12m로그변화,1.0,1700,True,V010
17시도,202404,V011_20-29세_명|12m로그변화,1.0,1700,True,V011
17시도,202404,V011_20-39세_명|12m로그변화,1.0,1700,True,V011
17시도,202404,V011_20-39세비중_%|수준,1.0,1700,True,V011
17시도,202404,V011_20-39세비중_%|12m차,1.0,1700,True,V011
17시도,202404,V011_30-39세_명|12m로그변화,1.0,1700,True,V011
17시도,202404,V012_순이동자수_명|천명당12개월,1.0,1700,True,V012
17시도,202404,V013_고용률_%|수준,0.9888235294117647,174,True,V013
17시도,202404,V013_고용률_%|12m차,0.981764705882353,166,True,V013
17시도,202404,V013_취업자_천명|12m로그변화,0.981764705882353,1668,True,V013
17시도,202404,V021_아파트_인허가_호|12개월누적log,1.0,1618,True,V021
17시도,202404,V021_아파트_인허가_호|12개월누적log_12m차,1.0,1680,True,V021
17시도,202404,V022_아파트_착공_호|12개월누적log,1.0,1603,True,V022
17시도,202404,V022_아파트_착공_호|12개월누적log_12m차,1.0,1667,True,V022
17시도,202404,V023_아파트_준공_호|12개월누적log,1.0,1619,True,V023
17시도,202404,V023_아파트_준공_호|12개월누적log_12m차,1.0,1694,True,V023
17시도,202404,V031_매매수급동향|수준,1.0,1536,True,V031
17시도,202404,V031_매매수급동향|12m차,1.0,1685,True,V031
17시도,202404,V032_전세수급동향|수준,1.0,1525,True,V032
17시도,202404,V032_전세수급동향|12m차,1.0,1681,True,V032
17시도,202404,V034_수급동향(구)_통합|수준,0.004705882352941176,8,False,V034
17시도,202404,V034_수급동향(구)_통합|12m차,0.004705882352941176,7,False,V034
17시도,202404,V035_아파트거래_동호수_호|12개월누적log,1.0,1681,True,V035
17시도,202404,V035_아파트거래_동호수_호|12개월누적log_12m차,1.0,1700,True,V035
17시도,202404,V035_아파트거래_면적_천㎡|12개월누적log,1.0,1506,True,V035
17시도,202404,V035_아파트거래_면적_천㎡|12개월누적log_12m차,1.0,1699,True,V035
17시도,202404,V036_아파트매매거래_동호수_호|12개월누적log,1.0,1659,True,V036
17시도,202404,V036_아파트매매거래_동호수_호|12개월누적log_12m차,1.0,1700,True,V036
17시도,202404,V036_아파트매매거래_면적_천㎡|12개월누적log,1.0,1341,True,V036
17시도,202404,V036_아파트매매거래_면적_천㎡|12개월누적log_12m차,1.0,1696,True,V036
17시도,202404,V037_주택시장_소비심리지수|수준,0.9505882352941176,582,True,V037
17시도,202404,V037_주택시장_소비심리지수|12m차,0.9364705882352942,892,True,V037
17시도,202404,V038_미분양주택현황_호|log,0.9982352941176471,1366,True,V038
17시도,202404,V038_미분양주택현황_호|log_12m차,0.9964705882352941,1627,True,V038
17시도,202404,V050_지역별_주택관련대출_예금은행_십억원|12m로그변화,1.0,1700,True,V050
17시도,202404,V043_한국은행_기준금리_연%|수준,1.0,11,True,V043
17시도,202404,V043_한국은행_기준금리_연%|12m차,1.0,14,True,V043
17시도,202404,V044_시장금리_CD91일_연%|수준,1.0,66,True,V044
17시도,202404,V044_시장금리_CD91일_연%|12m차,1.0,84,True,V044
17시도,202404,V045_시장금리_국고채3년_연%|수준,1.0,99,True,V045
17시도,202404,V045_시장금리_국고채3년_연%|12m차,1.0,99,True,V045
17시도,202404,V046_M2_통화량_십억원|12m로그변화,1.0,100,True,V046
17시도,202404,V048_소비자물가지수_2020=100|수준,1.0,95,True,V048
17시도,202404,V048_소비자물가지수_2020=100|12m차,1.0,97,True,V048
17시도,202404,V056_예금은행대출금리_주택담보_연리%|수준,1.0,77,True,V056
17시도,202404,V056_예금은행대출금리_주택담보_연리%|12m차,1.0,87,True,V056
17시도,202404,V057_예금은행대출금리_전세자금_연리%|수준,1.0,71,True,V057
17시도,202404,V057_예금은행대출금리_전세자금_연리%|12m차,0.93,77,True,V057
17시도,202404,V059_비은행대출금리_주택담보_연리%|수준,1.0,82,True,V059
17시도,202404,V059_비은행대출금리_주택담보_연리%|12m차,1.0,85,True,V059
17시도,202404,V061_주택가격전망CSI_서울|수준,1.0,42,True,V061
17시도,202404,V061_주택가격전망CSI_서울|12m차,1.0,52,True,V061
17시도,202404,V062_주택가격전망CSI_6대광역시|수준,1.0,51,True,V062
17시도,202404,V062_주택가격전망CSI_6대광역시|12m차,1.0,58,True,V062
17시도,202404,V063_주택가격전망CSI_기타도시|수준,1.0,47,True,V063
17시도,202404,V063_주택가격전망CSI_기타도시|12m차,1.0,57,True,V063
17시도,202404,V064_KOSPI_종가_1980.01.04=100|수준,1.0,100,True,V064
17시도,202404,V064_KOSPI_종가_1980.01.04=100|12m차,1.0,100,True,V064
17시도,202404,V066_임금총액_사업체노동력_원|12m로그변화,1.0,100,True,V066
17시도,202404,V067_선행지수순환변동치_2020=100|수준,1.0,40,True,V067
17시도,202404,V067_선행지수순환변동치_2020=100|12m차,1.0,55,True,V067
17시도,202404,V069_예금취급기관_가계대출_십억원|12m로그변화,1.0,100,True,V069
17시도,202404,V069_예금취급기관_주택관련대출_십억원|12m로그변화,1.0,100,True,V069
17시도,202404,V070_수출금액_천불|12m로그변화,1.0,100,True,V070
17시도,202404,V071_정책대출_주금공_주택도시기금_십억원|12m로그변화,0.87,87,True,V071
17시도,202404,V047_가계신용_총액_십억원|12m로그변화,1.0,34,True,V047
17시도,202404,V049_시간당명목임금지수_2020=100|수준,1.0,32,True,V049
17시도,202404,V049_시간당명목임금지수_2020=100|12m차,1.0,31,True,V049
17시도,202404,V060_대출태도_국내은행_가계주택|수준,1.0,25,True,V060
17시도,202404,V060_대출태도_국내은행_가계주택|12m차,1.0,30,True,V060
17시도,202404,V074_가계동향_도시2인이상_월평균소득_원|수준,0.58,20,False,V074
17시도,202404,V074_가계동향_도시2인이상_월평균소득_원|12m차,0.58,20,False,V074
17시도,202404,V074_연결_월평균소득_원|12m로그변화,1.0,34,True,V074
17시도,202404,V015_1인당GRDP_천원|12m로그변화,0.9970588235294118,152,True,V015
17시도,202404,V017_1인당가계총처분가능소득_천원|12m로그변화,0.9970588235294118,152,True,V017
17시도,202404,V024_주거용신축허가_동수_동|12m로그변화,0.058823529411764705,9,False,V024
17시도,202404,V024_주거용신축허가_연면적_㎡|12m로그변화,0.058823529411764705,9,False,V024
17시도,202404,V072_총조사_가구수_가구|12m로그변화,0.76,119,True,V072
17시도,202404,V072_총조사_주택수_호|12m로그변화,0.76,119,True,V072
17시도,202404,V076_공공+민간총계(DT_MLTM_7174)_호|12m로그변화,0.0,0,False,V076
17시도,202404,V076_공공임대계(DT_MLTM_7174)_호|12m로그변화,0.0,0,False,V076
17시도,202404,V076_민간임대계(DT_MLTM_7174)_호|12m로그변화,0.0,0,False,V076
17시도,202404,V076_민간임대(DT_MLTM_6827합계)_호|12m로그변화,0.11,17,False,V076
17시도,202404,V077_임대주택건설공급_총계_호|12m로그변화,0.77,119,True,V077
17시도,202404,V072_총조사단순주택수가구수비율|12m로그변화,0.76,119,True,V072
17시도,202404,V024_주거용신축허가_동수_천세대당|수준,0.058823529411764705,9,False,V024
17시도,202404,V024_주거용신축허가_동수_천세대당|12m차,0.058823529411764705,9,False,V024
17시도,202404,V076_공공+민간총계(DT_MLTM_7174)_천세대당|수준,0.0,0,False,V076
17시도,202404,V076_공공+민간총계(DT_MLTM_7174)_천세대당|12m차,0.0,0,False,V076
17시도,202404,V076_공공임대계(DT_MLTM_7174)_천세대당|수준,0.0,0,False,V076
17시도,202404,V076_공공임대계(DT_MLTM_7174)_천세대당|12m차,0.0,0,False,V076
17시도,202404,V076_민간임대계(DT_MLTM_7174)_천세대당|수준,0.0,0,False,V076
17시도,202404,V076_민간임대계(DT_MLTM_7174)_천세대당|12m차,0.0,0,False,V076
17시도,202404,V076_민간임대(DT_MLTM_6827합계)_천세대당|수준,0.23,34,False,V076
17시도,202404,V076_민간임대(DT_MLTM_6827합계)_천세대당|12m차,0.11,17,False,V076
17시도,202404,V077_임대주택건설공급_총계_천세대당|수준,0.77,119,True,V077
17시도,202404,V077_임대주택건설공급_총계_천세대당|12m차,0.77,119,True,V077
17시도,202404,V015_전국대비|수준,1.0,153,True,V015
17시도,202404,V015_전국대비|12m차,0.9970588235294118,152,True,V015
17시도,202404,V017_전국대비|수준,1.0,152,True,V017
17시도,202404,V017_전국대비|12m차,0.9970588235294118,152,True,V017
17시도,202404,V072_공식주택보급률_%|수준,0.99,151,True,V072
17시도,202404,V072_공식주택보급률_%|12m차,0.9829411764705882,150,True,V072
17시도,202404,D_CSI_전신계열,1.0,1,False,
17시도,202404,D_Wage_10th,1.0,2,True,
17시도,202404,D_Wage_11th,1.0,1,False,
17시도,202404,M10_rent_growth_1m,0.99,1683,True,
17시도,202404,M10_rent_growth_6m,0.94,1598,True,
17시도,202407,V003_전세가율_%|수준,1.0,277,True,V003
17시도,202407,V003_전세가율_%|12m차,1.0,267,True,V003
17시도,202407,V004_지역별전월세전환율_%|수준,1.0,986,True,V004
17시도,202407,V004_지역별전월세전환율_%|12m차,1.0,1567,True,V004
17시도,202407,V005_월세수급동향|수준,0.9902912621359223,1547,True,V005
17시도,202407,V005_월세수급동향|12m차,0.8737864077669902,1521,True,V005
17시도,202407,V009_주민등록인구_명|12m로그변화,1.0,1751,True,V009
17시도,202407,V010_주민등록세대수_세대|12m로그변화,1.0,1751,True,V010
17시도,202407,V011_20-29세_명|12m로그변화,1.0,1751,True,V011
17시도,202407,V011_20-39세_명|12m로그변화,1.0,1751,True,V011
17시도,202407,V011_20-39세비중_%|수준,1.0,1751,True,V011
17시도,202407,V011_20-39세비중_%|12m차,1.0,1751,True,V011
17시도,202407,V011_30-39세_명|12m로그변화,1.0,1751,True,V011
17시도,202407,V012_순이동자수_명|천명당12개월,1.0,1751,True,V012
17시도,202407,V013_고용률_%|수준,0.989149057681325,176,True,V013
17시도,202407,V013_고용률_%|12m차,0.9822958309537407,167,True,V013
17시도,202407,V013_취업자_천명|12m로그변화,0.9822958309537407,1719,True,V013
17시도,202407,V021_아파트_인허가_호|12개월누적log,1.0,1667,True,V021
17시도,202407,V021_아파트_인허가_호|12개월누적log_12m차,1.0,1731,True,V021
17시도,202407,V022_아파트_착공_호|12개월누적log,1.0,1649,True,V022
17시도,202407,V022_아파트_착공_호|12개월누적log_12m차,1.0,1715,True,V022
17시도,202407,V023_아파트_준공_호|12개월누적log,1.0,1665,True,V023
17시도,202407,V023_아파트_준공_호|12개월누적log_12m차,1.0,1745,True,V023
17시도,202407,V031_매매수급동향|수준,1.0,1586,True,V031
17시도,202407,V031_매매수급동향|12m차,1.0,1736,True,V031
17시도,202407,V032_전세수급동향|수준,1.0,1575,True,V032
17시도,202407,V032_전세수급동향|12m차,1.0,1732,True,V032
17시도,202407,V034_수급동향(구)_통합|수준,0.004568817818389492,8,False,V034
17시도,202407,V034_수급동향(구)_통합|12m차,0.004568817818389492,7,False,V034
17시도,202407,V035_아파트거래_동호수_호|12개월누적log,1.0,1732,True,V035
17시도,202407,V035_아파트거래_동호수_호|12개월누적log_12m차,1.0,1751,True,V035
17시도,202407,V035_아파트거래_면적_천㎡|12개월누적log,1.0,1541,True,V035
17시도,202407,V035_아파트거래_면적_천㎡|12개월누적log_12m차,1.0,1750,True,V035
17시도,202407,V036_아파트매매거래_동호수_호|12개월누적log,1.0,1708,True,V036
17시도,202407,V036_아파트매매거래_동호수_호|12개월누적log_12m차,1.0,1751,True,V036
17시도,202407,V036_아파트매매거래_면적_천㎡|12개월누적log,1.0,1375,True,V036
17시도,202407,V036_아파트매매거래_면적_천㎡|12개월누적log_12m차,1.0,1747,True,V036
17시도,202407,V037_주택시장_소비심리지수|수준,0.9520274129069103,583,True,V037
17시도,202407,V037_주택시장_소비심리지수|12m차,0.9383209594517419,913,True,V037
17시도,202407,V038_미분양주택현황_호|log,0.9982866933181039,1406,True,V038
17시도,202407,V038_미분양주택현황_호|log_12m차,0.9965733866362079,1678,True,V038
17시도,202407,V050_지역별_주택관련대출_예금은행_십억원|12m로그변화,1.0,1751,True,V050
17시도,202407,V043_한국은행_기준금리_연%|수준,1.0,11,True,V043
17시도,202407,V043_한국은행_기준금리_연%|12m차,1.0,14,True,V043
17시도,202407,V044_시장금리_CD91일_연%|수준,1.0,68,True,V044
17시도,202407,V044_시장금리_CD91일_연%|12m차,1.0,87,True,V044
17시도,202407,V045_시장금리_국고채3년_연%|수준,1.0,102,True,V045
17시도,202407,V045_시장금리_국고채3년_연%|12m차,1.0,102,True,V045
17시도,202407,V046_M2_통화량_십억원|12m로그변화,1.0,103,True,V046
17시도,202407,V048_소비자물가지수_2020=100|수준,1.0,98,True,V048
17시도,202407,V048_소비자물가지수_2020=100|12m차,1.0,100,True,V048
17시도,202407,V056_예금은행대출금리_주택담보_연리%|수준,1.0,78,True,V056
17시도,202407,V056_예금은행대출금리_주택담보_연리%|12m차,1.0,89,True,V056
17시도,202407,V057_예금은행대출금리_전세자금_연리%|수준,1.0,73,True,V057
17시도,202407,V057_예금은행대출금리_전세자금_연리%|12m차,0.9320388349514563,80,True,V057
17시도,202407,V059_비은행대출금리_주택담보_연리%|수준,1.0,85,True,V059
17시도,202407,V059_비은행대출금리_주택담보_연리%|12m차,1.0,88,True,V059
17시도,202407,V061_주택가격전망CSI_서울|수준,1.0,42,True,V061
17시도,202407,V061_주택가격전망CSI_서울|12m차,1.0,54,True,V061
17시도,202407,V062_주택가격전망CSI_6대광역시|수준,1.0,51,True,V062
17시도,202407,V062_주택가격전망CSI_6대광역시|12m차,1.0,60,True,V062
17시도,202407,V063_주택가격전망CSI_기타도시|수준,1.0,48,True,V063
17시도,202407,V063_주택가격전망CSI_기타도시|12m차,1.0,57,True,V063
17시도,202407,V064_KOSPI_종가_1980.01.04=100|수준,1.0,103,True,V064
17시도,202407,V064_KOSPI_종가_1980.01.04=100|12m차,1.0,103,True,V064
17시도,202407,V066_임금총액_사업체노동력_원|12m로그변화,1.0,103,True,V066
17시도,202407,V067_선행지수순환변동치_2020=100|수준,1.0,40,True,V067
17시도,202407,V067_선행지수순환변동치_2020=100|12m차,1.0,57,True,V067
17시도,202407,V069_예금취급기관_가계대출_십억원|12m로그변화,1.0,103,True,V069
17시도,202407,V069_예금취급기관_주택관련대출_십억원|12m로그변화,1.0,103,True,V069
17시도,202407,V070_수출금액_천불|12m로그변화,1.0,103,True,V070
17시도,202407,V071_정책대출_주금공_주택도시기금_십억원|12m로그변화,0.8737864077669902,90,True,V071
17시도,202407,V047_가계신용_총액_십억원|12m로그변화,1.0,35,True,V047
17시도,202407,V049_시간당명목임금지수_2020=100|수준,1.0,33,True,V049
17시도,202407,V049_시간당명목임금지수_2020=100|12m차,1.0,31,True,V049
17시도,202407,V060_대출태도_국내은행_가계주택|수준,1.0,25,True,V060
17시도,202407,V060_대출태도_국내은행_가계주택|12m차,1.0,31,True,V060
17시도,202407,V074_가계동향_도시2인이상_월평균소득_원|수준,0.5631067961165048,20,False,V074
17시도,202407,V074_가계동향_도시2인이상_월평균소득_원|12m차,0.5631067961165048,20,False,V074
17시도,202407,V074_연결_월평균소득_원|12m로그변화,1.0,35,True,V074
17시도,202407,V015_1인당GRDP_천원|12m로그변화,0.9971444888635066,169,True,V015
17시도,202407,V017_1인당가계총처분가능소득_천원|12m로그변화,0.9971444888635066,169,True,V017
17시도,202407,V024_주거용신축허가_동수_동|12m로그변화,0.058823529411764705,10,False,V024
17시도,202407,V024_주거용신축허가_연면적_㎡|12m로그변화,0.058823529411764705,10,False,V024
17시도,202407,V072_총조사_가구수_가구|12m로그변화,0.7669902912621359,119,True,V072
17시도,202407,V072_총조사_주택수_호|12m로그변화,0.7669902912621359,119,True,V072
17시도,202407,V076_공공+민간총계(DT_MLTM_7174)_호|12m로그변화,0.0,0,False,V076
17시도,202407,V076_공공임대계(DT_MLTM_7174)_호|12m로그변화,0.0,0,False,V076
17시도,202407,V076_민간임대계(DT_MLTM_7174)_호|12m로그변화,0.0,0,False,V076
17시도,202407,V076_민간임대(DT_MLTM_6827합계)_호|12m로그변화,0.13592233009708737,34,False,V076
17시도,202407,V077_임대주택건설공급_총계_호|12m로그변화,0.7475728155339806,119,True,V077
17시도,202407,V072_총조사단순주택수가구수비율|12m로그변화,0.7669902912621359,119,True,V072
17시도,202407,V024_주거용신축허가_동수_천세대당|수준,0.058823529411764705,10,False,V024
17시도,202407,V024_주거용신축허가_동수_천세대당|12m차,0.058823529411764705,10,False,V024
17시도,202407,V076_공공+민간총계(DT_MLTM_7174)_천세대당|수준,0.0,0,False,V076
17시도,202407,V076_공공+민간총계(DT_MLTM_7174)_천세대당|12m차,0.0,0,False,V076
17시도,202407,V076_공공임대계(DT_MLTM_7174)_천세대당|수준,0.0,0,False,V076
17시도,202407,V076_공공임대계(DT_MLTM_7174)_천세대당|12m차,0.0,0,False,V076
17시도,202407,V076_민간임대계(DT_MLTM_7174)_천세대당|수준,0.0,0,False,V076
17시도,202407,V076_민간임대계(DT_MLTM_7174)_천세대당|12m차,0.0,0,False,V076
17시도,202407,V076_민간임대(DT_MLTM_6827합계)_천세대당|수준,0.2524271844660194,51,False,V076
17시도,202407,V076_민간임대(DT_MLTM_6827합계)_천세대당|12m차,0.13592233009708737,34,False,V076
17시도,202407,V077_임대주택건설공급_총계_천세대당|수준,0.7475728155339806,119,True,V077
17시도,202407,V077_임대주택건설공급_총계_천세대당|12m차,0.7475728155339806,119,True,V077
17시도,202407,V015_전국대비|수준,1.0,170,True,V015
17시도,202407,V015_전국대비|12m차,0.9971444888635066,169,True,V015
17시도,202407,V017_전국대비|수준,1.0,169,True,V017
17시도,202407,V017_전국대비|12m차,0.9971444888635066,169,True,V017
17시도,202407,V072_공식주택보급률_%|수준,0.9902912621359223,168,True,V072
17시도,202407,V072_공식주택보급률_%|12m차,0.9834380354083381,167,True,V072
17시도,202407,D_CSI_전신계열,1.0,1,False,
17시도,202407,D_Wage_10th,1.0,2,True,
17시도,202407,D_Wage_11th,1.0,1,False,
17시도,202407,M10_rent_growth_1m,0.9902912621359223,1734,True,
17시도,202407,M10_rent_growth_6m,0.941747572815534,1649,True,
17시도,202410,V003_전세가율_%|수준,1.0,283,True,V003
17시도,202410,V003_전세가율_%|12m차,1.0,270,True,V003
17시도,202410,V004_지역별전월세전환율_%|수준,1.0,1010,True,V004
17시도,202410,V004_지역별전월세전환율_%|12m차,1.0,1615,True,V004
17시도,202410,V005_월세수급동향|수준,0.9905660377358491,1594,True,V005
17시도,202410,V005_월세수급동향|12m차,0.8773584905660378,1572,True,V005
17시도,202410,V009_주민등록인구_명|12m로그변화,1.0,1802,True,V009
17시도,202410,V010_주민등록세대수_세대|12m로그변화,1.0,1802,True,V010
17시도,202410,V011_20-29세_명|12m로그변화,1.0,1802,True,V011
17시도,202410,V011_20-39세_명|12m로그변화,1.0,1802,True,V011
17시도,202410,V011_20-39세비중_%|수준,1.0,1802,True,V011
17시도,202410,V011_20-39세비중_%|12m차,1.0,1802,True,V011
17시도,202410,V011_30-39세_명|12m로그변화,1.0,1802,True,V011
17시도,202410,V012_순이동자수_명|천명당12개월,1.0,1802,True,V012
17시도,202410,V013_고용률_%|수준,0.9894561598224195,176,True,V013
17시도,202410,V013_고용률_%|12m차,0.9827968923418424,167,True,V013
17시도,202410,V013_취업자_천명|12m로그변화,0.9827968923418424,1770,True,V013
17시도,202410,V021_아파트_인허가_호|12개월누적log,1.0,1711,True,V021
17시도,202410,V021_아파트_인허가_호|12개월누적log_12m차,1.0,1781,True,V021
17시도,202410,V022_아파트_착공_호|12개월누적log,1.0,1689,True,V022
17시도,202410,V022_아파트_착공_호|12개월누적log_12m차,1.0,1763,True,V022
17시도,202410,V023_아파트_준공_호|12개월누적log,1.0,1709,True,V023
17시도,202410,V023_아파트_준공_호|12개월누적log_12m차,1.0,1794,True,V023
17시도,202410,V031_매매수급동향|수준,1.0,1637,True,V031
17시도,202410,V031_매매수급동향|12m차,1.0,1787,True,V031
17시도,202410,V032_전세수급동향|수준,1.0,1625,True,V032
17시도,202410,V032_전세수급동향|12m차,1.0,1783,True,V032
17시도,202410,V034_수급동향(구)_통합|수준,0.004439511653718091,8,False,V034
17시도,202410,V034_수급동향(구)_통합|12m차,0.004439511653718091,7,False,V034
17시도,202410,V035_아파트거래_동호수_호|12개월누적log,1.0,1782,True,V035
17시도,202410,V035_아파트거래_동호수_호|12개월누적log_12m차,1.0,1802,True,V035
17시도,202410,V035_아파트거래_면적_천㎡|12개월누적log,1.0,1582,True,V035
17시도,202410,V035_아파트거래_면적_천㎡|12개월누적log_12m차,1.0,1801,True,V035
17시도,202410,V036_아파트매매거래_동호수_호|12개월누적log,1.0,1756,True,V036
17시도,202410,V036_아파트매매거래_동호수_호|12개월누적log_12m차,1.0,1802,True,V036
17시도,202410,V036_아파트매매거래_면적_천㎡|12개월누적log,1.0,1407,True,V036
17시도,202410,V036_아파트매매거래_면적_천㎡|12개월누적log_12m차,1.0,1797,True,V036
17시도,202410,V037_주택시장_소비심리지수|수준,0.9533851276359601,585,True,V037
17시도,202410,V037_주택시장_소비심리지수|12m차,0.9400665926748057,924,True,V037
17시도,202410,V038_미분양주택현황_호|log,0.9983351831298557,1444,True,V038
17시도,202410,V038_미분양주택현황_호|log_12m차,0.9966703662597114,1729,True,V038
17시도,202410,V050_지역별_주택관련대출_예금은행_십억원|12m로그변화,1.0,1802,True,V050
17시도,202410,V043_한국은행_기준금리_연%|수준,1.0,11,True,V043
17시도,202410,V043_한국은행_기준금리_연%|12m차,1.0,14,True,V043
17시도,202410,V044_시장금리_CD91일_연%|수준,1.0,70,True,V044
17시도,202410,V044_시장금리_CD91일_연%|12m차,1.0,89,True,V044
17시도,202410,V045_시장금리_국고채3년_연%|수준,1.0,105,True,V045
17시도,202410,V045_시장금리_국고채3년_연%|12m차,1.0,105,True,V045
17시도,202410,V046_M2_통화량_십억원|12m로그변화,1.0,106,True,V046
17시도,202410,V048_소비자물가지수_2020=100|수준,1.0,101,True,V048
17시도,202410,V048_소비자물가지수_2020=100|12m차,1.0,103,True,V048
17시도,202410,V056_예금은행대출금리_주택담보_연리%|수준,1.0,81,True,V056
17시도,202410,V056_예금은행대출금리_주택담보_연리%|12m차,1.0,92,True,V056
17시도,202410,V057_예금은행대출금리_전세자금_연리%|수준,1.0,75,True,V057
17시도,202410,V057_예금은행대출금리_전세자금_연리%|12m차,0.9339622641509434,83,True,V057
17시도,202410,V059_비은행대출금리_주택담보_연리%|수준,1.0,87,True,V059
17시도,202410,V059_비은행대출금리_주택담보_연리%|12m차,1.0,91,True,V059
17시도,202410,V061_주택가격전망CSI_서울|수준,1.0,43,True,V061
17시도,202410,V061_주택가격전망CSI_서울|12m차,1.0,55,True,V061
17시도,202410,V062_주택가격전망CSI_6대광역시|수준,1.0,51,True,V062
17시도,202410,V062_주택가격전망CSI_6대광역시|12m차,1.0,60,True,V062
17시도,202410,V063_주택가격전망CSI_기타도시|수준,1.0,48,True,V063
17시도,202410,V063_주택가격전망CSI_기타도시|12m차,1.0,58,True,V063
17시도,202410,V064_KOSPI_종가_1980.01.04=100|수준,1.0,106,True,V064
17시도,202410,V064_KOSPI_종가_1980.01.04=100|12m차,1.0,106,True,V064
17시도,202410,V066_임금총액_사업체노동력_원|12m로그변화,1.0,106,True,V066
17시도,202410,V067_선행지수순환변동치_2020=100|수준,1.0,40,True,V067
17시도,202410,V067_선행지수순환변동치_2020=100|12m차,1.0,58,True,V067
17시도,202410,V069_예금취급기관_가계대출_십억원|12m로그변화,1.0,106,True,V069
17시도,202410,V069_예금취급기관_주택관련대출_십억원|12m로그변화,1.0,106,True,V069
17시도,202410,V070_수출금액_천불|12m로그변화,1.0,106,True,V070
17시도,202410,V071_정책대출_주금공_주택도시기금_십억원|12m로그변화,0.8773584905660378,93,True,V071
17시도,202410,V047_가계신용_총액_십억원|12m로그변화,1.0,36,True,V047
17시도,202410,V049_시간당명목임금지수_2020=100|수준,1.0,34,True,V049
17시도,202410,V049_시간당명목임금지수_2020=100|12m차,1.0,32,True,V049
17시도,202410,V060_대출태도_국내은행_가계주택|수준,1.0,25,True,V060
17시도,202410,V060_대출태도_국내은행_가계주택|12m차,1.0,32,True,V060
17시도,202410,V074_가계동향_도시2인이상_월평균소득_원|수준,0.5471698113207547,20,False,V074
17시도,202410,V074_가계동향_도시2인이상_월평균소득_원|12m차,0.5471698113207547,20,False,V074
17시도,202410,V074_연결_월평균소득_원|12m로그변화,1.0,36,True,V074
17시도,202410,V015_1인당GRDP_천원|12m로그변화,0.9972253052164262,169,True,V015
17시도,202410,V017_1인당가계총처분가능소득_천원|12m로그변화,0.9972253052164262,169,True,V017
17시도,202410,V024_주거용신축허가_동수_동|12m로그변화,0.058823529411764705,10,False,V024
17시도,202410,V024_주거용신축허가_연면적_㎡|12m로그변화,0.058823529411764705,10,False,V024
17시도,202410,V072_총조사_가구수_가구|12m로그변화,0.7735849056603774,119,True,V072
17시도,202410,V072_총조사_주택수_호|12m로그변화,0.7735849056603774,119,True,V072
17시도,202410,V076_공공+민간총계(DT_MLTM_7174)_호|12m로그변화,0.0,0,False,V076
17시도,202410,V076_공공임대계(DT_MLTM_7174)_호|12m로그변화,0.0,0,False,V076
17시도,202410,V076_민간임대계(DT_MLTM_7174)_호|12m로그변화,0.0,0,False,V076
17시도,202410,V076_민간임대(DT_MLTM_6827합계)_호|12m로그변화,0.16037735849056603,34,False,V076
17시도,202410,V077_임대주택건설공급_총계_호|12m로그변화,0.7264150943396226,119,True,V077
17시도,202410,V072_총조사단순주택수가구수비율|12m로그변화,0.7735849056603774,119,True,V072
17시도,202410,V024_주거용신축허가_동수_천세대당|수준,0.058823529411764705,10,False,V024
17시도,202410,V024_주거용신축허가_동수_천세대당|12m차,0.058823529411764705,10,False,V024
17시도,202410,V076_공공+민간총계(DT_MLTM_7174)_천세대당|수준,0.0,0,False,V076
17시도,202410,V076_공공+민간총계(DT_MLTM_7174)_천세대당|12m차,0.0,0,False,V076
17시도,202410,V076_공공임대계(DT_MLTM_7174)_천세대당|수준,0.0,0,False,V076
17시도,202410,V076_공공임대계(DT_MLTM_7174)_천세대당|12m차,0.0,0,False,V076
17시도,202410,V076_민간임대계(DT_MLTM_7174)_천세대당|수준,0.0,0,False,V076
17시도,202410,V076_민간임대계(DT_MLTM_7174)_천세대당|12m차,0.0,0,False,V076
17시도,202410,V076_민간임대(DT_MLTM_6827합계)_천세대당|수준,0.27358490566037735,51,False,V076
17시도,202410,V076_민간임대(DT_MLTM_6827합계)_천세대당|12m차,0.16037735849056603,34,False,V076
17시도,202410,V077_임대주택건설공급_총계_천세대당|수준,0.7264150943396226,119,True,V077
17시도,202410,V077_임대주택건설공급_총계_천세대당|12m차,0.7264150943396226,119,True,V077
17시도,202410,V015_전국대비|수준,1.0,170,True,V015
17시도,202410,V015_전국대비|12m차,0.9972253052164262,169,True,V015
17시도,202410,V017_전국대비|수준,1.0,169,True,V017
17시도,202410,V017_전국대비|12m차,0.9972253052164262,169,True,V017
17시도,202410,V072_공식주택보급률_%|수준,0.9905660377358491,168,True,V072
17시도,202410,V072_공식주택보급률_%|12m차,0.983906770255272,167,True,V072
17시도,202410,D_CSI_전신계열,1.0,1,False,
17시도,202410,D_Wage_10th,1.0,2,True,
17시도,202410,D_Wage_11th,1.0,1,False,
17시도,202410,M10_rent_growth_1m,0.9905660377358491,1785,True,
17시도,202410,M10_rent_growth_6m,0.9433962264150944,1700,True,
17시도,202501,V003_전세가율_%|수준,1.0,285,True,V003
17시도,202501,V003_전세가율_%|12m차,1.0,273,True,V003
17시도,202501,V004_지역별전월세전환율_%|수준,1.0,1042,True,V004
17시도,202501,V004_지역별전월세전환율_%|12m차,1.0,1660,True,V004
17시도,202501,V005_월세수급동향|수준,0.9908256880733946,1641,True,V005
17시도,202501,V005_월세수급동향|12m차,0.8807339449541285,1623,True,V005
17시도,202501,V009_주민등록인구_명|12m로그변화,1.0,1853,True,V009
17시도,202501,V010_주민등록세대수_세대|12m로그변화,1.0,1853,True,V010
17시도,202501,V011_20-29세_명|12m로그변화,1.0,1853,True,V011
17시도,202501,V011_20-39세_명|12m로그변화,1.0,1853,True,V011
17시도,202501,V011_20-39세비중_%|수준,1.0,1853,True,V011
17시도,202501,V011_20-39세비중_%|12m차,1.0,1853,True,V011
17시도,202501,V011_30-39세_명|12m로그변화,1.0,1853,True,V011
17시도,202501,V012_순이동자수_명|천명당12개월,1.0,1853,True,V012
17시도,202501,V013_고용률_%|수준,0.9897463572584997,176,True,V013
17시도,202501,V013_고용률_%|12m차,0.9832703723691312,170,True,V013
17시도,202501,V013_취업자_천명|12m로그변화,0.9832703723691312,1821,True,V013
17시도,202501,V021_아파트_인허가_호|12개월누적log,1.0,1756,True,V021
17시도,202501,V021_아파트_인허가_호|12개월누적log_12m차,1.0,1831,True,V021
17시도,202501,V022_아파트_착공_호|12개월누적log,1.0,1725,True,V022
17시도,202501,V022_아파트_착공_호|12개월누적log_12m차,1.0,1811,True,V022
17시도,202501,V023_아파트_준공_호|12개월누적log,1.0,1756,True,V023
17시도,202501,V023_아파트_준공_호|12개월누적log_12m차,1.0,1845,True,V023
17시도,202501,V031_매매수급동향|수준,1.0,1688,True,V031
17시도,202501,V031_매매수급동향|12m차,1.0,1838,True,V031
17시도,202501,V032_전세수급동향|수준,1.0,1675,True,V032
17시도,202501,V032_전세수급동향|12m차,1.0,1834,True,V032
17시도,202501,V034_수급동향(구)_통합|수준,0.004317323259579061,8,False,V034
17시도,202501,V034_수급동향(구)_통합|12m차,0.004317323259579061,7,False,V034
17시도,202501,V035_아파트거래_동호수_호|12개월누적log,1.0,1829,True,V035
17시도,202501,V035_아파트거래_동호수_호|12개월누적log_12m차,1.0,1853,True,V035
17시도,202501,V035_아파트거래_면적_천㎡|12개월누적log,1.0,1627,True,V035
17시도,202501,V035_아파트거래_면적_천㎡|12개월누적log_12m차,1.0,1852,True,V035
17시도,202501,V036_아파트매매거래_동호수_호|12개월누적log,1.0,1805,True,V036
17시도,202501,V036_아파트매매거래_동호수_호|12개월누적log_12m차,1.0,1853,True,V036
17시도,202501,V036_아파트매매거래_면적_천㎡|12개월누적log,1.0,1455,True,V036
17시도,202501,V036_아파트매매거래_면적_천㎡|12개월누적log_12m차,1.0,1848,True,V036
17시도,202501,V037_주택시장_소비심리지수|수준,0.9546681057744199,585,True,V037
17시도,202501,V037_주택시장_소비심리지수|12m차,0.9417161359956827,931,True,V037
17시도,202501,V038_미분양주택현황_호|log,0.9983810037776578,1488,True,V038
17시도,202501,V038_미분양주택현황_호|log_12m차,0.9967620075553157,1779,True,V038
17시도,202501,V050_지역별_주택관련대출_예금은행_십억원|12m로그변화,1.0,1853,True,V050
17시도,202501,V043_한국은행_기준금리_연%|수준,1.0,11,True,V043
17시도,202501,V043_한국은행_기준금리_연%|12m차,1.0,14,True,V043
17시도,202501,V044_시장금리_CD91일_연%|수준,1.0,72,True,V044
17시도,202501,V044_시장금리_CD91일_연%|12m차,1.0,91,True,V044
17시도,202501,V045_시장금리_국고채3년_연%|수준,1.0,108,True,V045
17시도,202501,V045_시장금리_국고채3년_연%|12m차,1.0,108,True,V045
17시도,202501,V046_M2_통화량_십억원|12m로그변화,1.0,109,True,V046
17시도,202501,V048_소비자물가지수_2020=100|수준,1.0,104,True,V048
17시도,202501,V048_소비자물가지수_2020=100|12m차,1.0,106,True,V048
17시도,202501,V056_예금은행대출금리_주택담보_연리%|수준,1.0,84,True,V056
17시도,202501,V056_예금은행대출금리_주택담보_연리%|12m차,1.0,94,True,V056
17시도,202501,V057_예금은행대출금리_전세자금_연리%|수준,1.0,78,True,V057
17시도,202501,V057_예금은행대출금리_전세자금_연리%|12m차,0.9357798165137615,86,True,V057
17시도,202501,V059_비은행대출금리_주택담보_연리%|수준,1.0,89,True,V059
17시도,202501,V059_비은행대출금리_주택담보_연리%|12m차,1.0,93,True,V059
17시도,202501,V061_주택가격전망CSI_서울|수준,1.0,44,True,V061
17시도,202501,V061_주택가격전망CSI_서울|12m차,1.0,56,True,V061
17시도,202501,V062_주택가격전망CSI_6대광역시|수준,1.0,51,True,V062
17시도,202501,V062_주택가격전망CSI_6대광역시|12m차,1.0,60,True,V062
17시도,202501,V063_주택가격전망CSI_기타도시|수준,1.0,49,True,V063
17시도,202501,V063_주택가격전망CSI_기타도시|12m차,1.0,58,True,V063
17시도,202501,V064_KOSPI_종가_1980.01.04=100|수준,1.0,109,True,V064
17시도,202501,V064_KOSPI_종가_1980.01.04=100|12m차,1.0,109,True,V064
17시도,202501,V066_임금총액_사업체노동력_원|12m로그변화,1.0,109,True,V066
17시도,202501,V067_선행지수순환변동치_2020=100|수준,1.0,40,True,V067
17시도,202501,V067_선행지수순환변동치_2020=100|12m차,1.0,60,True,V067
17시도,202501,V069_예금취급기관_가계대출_십억원|12m로그변화,1.0,109,True,V069
17시도,202501,V069_예금취급기관_주택관련대출_십억원|12m로그변화,1.0,109,True,V069
17시도,202501,V070_수출금액_천불|12m로그변화,1.0,109,True,V070
17시도,202501,V071_정책대출_주금공_주택도시기금_십억원|12m로그변화,0.8807339449541285,96,True,V071
17시도,202501,V047_가계신용_총액_십억원|12m로그변화,1.0,37,True,V047
17시도,202501,V049_시간당명목임금지수_2020=100|수준,1.0,35,True,V049
17시도,202501,V049_시간당명목임금지수_2020=100|12m차,1.0,33,True,V049
17시도,202501,V060_대출태도_국내은행_가계주택|수준,1.0,26,True,V060
17시도,202501,V060_대출태도_국내은행_가계주택|12m차,1.0,32,True,V060
17시도,202501,V074_가계동향_도시2인이상_월평균소득_원|수준,0.5321100917431193,20,False,V074
17시도,202501,V074_가계동향_도시2인이상_월평균소득_원|12m차,0.5321100917431193,20,False,V074
17시도,202501,V074_연결_월평균소득_원|12m로그변화,1.0,37,True,V074
17시도,202501,V015_1인당GRDP_천원|12m로그변화,0.9973016729627631,169,True,V015
17시도,202501,V017_1인당가계총처분가능소득_천원|12m로그변화,0.9973016729627631,169,True,V017
17시도,202501,V024_주거용신축허가_동수_동|12m로그변화,0.058823529411764705,10,False,V024
17시도,202501,V024_주거용신축허가_연면적_㎡|12m로그변화,0.058823529411764705,10,False,V024
17시도,202501,V072_총조사_가구수_가구|12m로그변화,0.7798165137614679,136,True,V072
17시도,202501,V072_총조사_주택수_호|12m로그변화,0.7798165137614679,136,True,V072
17시도,202501,V076_공공+민간총계(DT_MLTM_7174)_호|12m로그변화,0.0,0,False,V076
17시도,202501,V076_공공임대계(DT_MLTM_7174)_호|12m로그변화,0.0,0,False,V076
17시도,202501,V076_민간임대계(DT_MLTM_7174)_호|12m로그변화,0.0,0,False,V076
17시도,202501,V076_민간임대(DT_MLTM_6827합계)_호|12m로그변화,0.1834862385321101,34,False,V076
17시도,202501,V077_임대주택건설공급_총계_호|12m로그변화,0.7064220183486238,119,True,V077
17시도,202501,V072_총조사단순주택수가구수비율|12m로그변화,0.7798165137614679,136,True,V072
17시도,202501,V024_주거용신축허가_동수_천세대당|수준,0.058823529411764705,10,False,V024
17시도,202501,V024_주거용신축허가_동수_천세대당|12m차,0.058823529411764705,10,False,V024
17시도,202501,V076_공공+민간총계(DT_MLTM_7174)_천세대당|수준,0.0,0,False,V076
17시도,202501,V076_공공+민간총계(DT_MLTM_7174)_천세대당|12m차,0.0,0,False,V076
17시도,202501,V076_공공임대계(DT_MLTM_7174)_천세대당|수준,0.0,0,False,V076
17시도,202501,V076_공공임대계(DT_MLTM_7174)_천세대당|12m차,0.0,0,False,V076
17시도,202501,V076_민간임대계(DT_MLTM_7174)_천세대당|수준,0.0,0,False,V076
17시도,202501,V076_민간임대계(DT_MLTM_7174)_천세대당|12m차,0.0,0,False,V076
17시도,202501,V076_민간임대(DT_MLTM_6827합계)_천세대당|수준,0.29357798165137616,51,False,V076
17시도,202501,V076_민간임대(DT_MLTM_6827합계)_천세대당|12m차,0.1834862385321101,34,False,V076
17시도,202501,V077_임대주택건설공급_총계_천세대당|수준,0.7064220183486238,119,True,V077
17시도,202501,V077_임대주택건설공급_총계_천세대당|12m차,0.7064220183486238,119,True,V077
17시도,202501,V015_전국대비|수준,1.0,170,True,V015
17시도,202501,V015_전국대비|12m차,0.9973016729627631,169,True,V015
17시도,202501,V017_전국대비|수준,1.0,169,True,V017
17시도,202501,V017_전국대비|12m차,0.9973016729627631,169,True,V017
17시도,202501,V072_공식주택보급률_%|수준,0.9908256880733946,168,True,V072
17시도,202501,V072_공식주택보급률_%|12m차,0.9843497031840259,167,True,V072
17시도,202501,D_CSI_전신계열,1.0,1,False,
17시도,202501,D_Wage_10th,1.0,2,True,
17시도,202501,D_Wage_11th,1.0,1,False,
17시도,202501,M10_rent_growth_1m,0.9908256880733946,1836,True,
17시도,202501,M10_rent_growth_6m,0.944954128440367,1751,True,
17시도,202504,V003_전세가율_%|수준,1.0,336,True,V003
17시도,202504,V003_전세가율_%|12m차,1.0,324,True,V003
17시도,202504,V004_지역별전월세전환율_%|수준,1.0,1070,True,V004
17시도,202504,V004_지역별전월세전환율_%|12m차,1.0,1705,True,V004
17시도,202504,V005_월세수급동향|수준,0.9910714285714286,1691,True,V005
17시도,202504,V005_월세수급동향|12m차,0.8839285714285714,1674,True,V005
17시도,202504,V009_주민등록인구_명|12m로그변화,1.0,1904,True,V009
17시도,202504,V010_주민등록세대수_세대|12m로그변화,1.0,1904,True,V010
17시도,202504,V011_20-29세_명|12m로그변화,1.0,1904,True,V011
17시도,202504,V011_20-39세_명|12m로그변화,1.0,1904,True,V011
17시도,202504,V011_20-39세비중_%|수준,1.0,1904,True,V011
17시도,202504,V011_20-39세비중_%|12m차,1.0,1904,True,V011
17시도,202504,V011_30-39세_명|12m로그변화,1.0,1904,True,V011
17시도,202504,V012_순이동자수_명|천명당12개월,1.0,1904,True,V012
17시도,202504,V013_고용률_%|수준,0.9900210084033614,176,True,V013
17시도,202504,V013_고용률_%|12m차,0.9837184873949579,174,True,V013
17시도,202504,V013_취업자_천명|12m로그변화,0.9837184873949579,1872,True,V013
17시도,202504,V021_아파트_인허가_호|12개월누적log,1.0,1800,True,V021
17시도,202504,V021_아파트_인허가_호|12개월누적log_12m차,1.0,1880,True,V021
17시도,202504,V022_아파트_착공_호|12개월누적log,1.0,1761,True,V022
17시도,202504,V022_아파트_착공_호|12개월누적log_12m차,1.0,1861,True,V022
17시도,202504,V023_아파트_준공_호|12개월누적log,1.0,1804,True,V023
17시도,202504,V023_아파트_준공_호|12개월누적log_12m차,1.0,1894,True,V023
17시도,202504,V031_매매수급동향|수준,1.0,1737,True,V031
17시도,202504,V031_매매수급동향|12m차,1.0,1889,True,V031
17시도,202504,V032_전세수급동향|수준,1.0,1723,True,V032
17시도,202504,V032_전세수급동향|12m차,1.0,1885,True,V032
17시도,202504,V034_수급동향(구)_통합|수준,0.004201680672268907,8,False,V034
17시도,202504,V034_수급동향(구)_통합|12m차,0.004201680672268907,7,False,V034
17시도,202504,V035_아파트거래_동호수_호|12개월누적log,1.0,1879,True,V035
17시도,202504,V035_아파트거래_동호수_호|12개월누적log_12m차,1.0,1904,True,V035
17시도,202504,V035_아파트거래_면적_천㎡|12개월누적log,1.0,1678,True,V035
17시도,202504,V035_아파트거래_면적_천㎡|12개월누적log_12m차,1.0,1903,True,V035
17시도,202504,V036_아파트매매거래_동호수_호|12개월누적log,1.0,1856,True,V036
17시도,202504,V036_아파트매매거래_동호수_호|12개월누적log_12m차,1.0,1904,True,V036
17시도,202504,V036_아파트매매거래_면적_천㎡|12개월누적log,1.0,1506,True,V036
17시도,202504,V036_아파트매매거래_면적_천㎡|12개월누적log_12m차,1.0,1899,True,V036
17시도,202504,V037_주택시장_소비심리지수|수준,0.9558823529411765,586,True,V037
17시도,202504,V037_주택시장_소비심리지수|12m차,0.9432773109243697,939,True,V037
17시도,202504,V038_미분양주택현황_호|log,0.9984243697478992,1532,True,V038
17시도,202504,V038_미분양주택현황_호|log_12m차,0.9968487394957983,1830,True,V038
17시도,202504,V050_지역별_주택관련대출_예금은행_십억원|12m로그변화,1.0,1904,True,V050
17시도,202504,V043_한국은행_기준금리_연%|수준,1.0,11,True,V043
17시도,202504,V043_한국은행_기준금리_연%|12m차,1.0,14,True,V043
17시도,202504,V044_시장금리_CD91일_연%|수준,1.0,73,True,V044
17시도,202504,V044_시장금리_CD91일_연%|12m차,1.0,94,True,V044
17시도,202504,V045_시장금리_국고채3년_연%|수준,1.0,111,True,V045
17시도,202504,V045_시장금리_국고채3년_연%|12m차,1.0,111,True,V045
17시도,202504,V046_M2_통화량_십억원|12m로그변화,1.0,112,True,V046
17시도,202504,V048_소비자물가지수_2020=100|수준,1.0,107,True,V048
17시도,202504,V048_소비자물가지수_2020=100|12m차,1.0,109,True,V048
17시도,202504,V056_예금은행대출금리_주택담보_연리%|수준,1.0,86,True,V056
17시도,202504,V056_예금은행대출금리_주택담보_연리%|12m차,1.0,95,True,V056
17시도,202504,V057_예금은행대출금리_전세자금_연리%|수준,1.0,80,True,V057
17시도,202504,V057_예금은행대출금리_전세자금_연리%|12m차,0.9375,87,True,V057
17시도,202504,V059_비은행대출금리_주택담보_연리%|수준,1.0,90,True,V059
17시도,202504,V059_비은행대출금리_주택담보_연리%|12m차,1.0,95,True,V059
17시도,202504,V061_주택가격전망CSI_서울|수준,1.0,44,True,V061
17시도,202504,V061_주택가격전망CSI_서울|12m차,1.0,57,True,V061
17시도,202504,V062_주택가격전망CSI_6대광역시|수준,1.0,51,True,V062
17시도,202504,V062_주택가격전망CSI_6대광역시|12m차,1.0,60,True,V062
17시도,202504,V063_주택가격전망CSI_기타도시|수준,1.0,50,True,V063
17시도,202504,V063_주택가격전망CSI_기타도시|12m차,1.0,59,True,V063
17시도,202504,V064_KOSPI_종가_1980.01.04=100|수준,1.0,112,True,V064
17시도,202504,V064_KOSPI_종가_1980.01.04=100|12m차,1.0,112,True,V064
17시도,202504,V066_임금총액_사업체노동력_원|12m로그변화,1.0,112,True,V066
17시도,202504,V067_선행지수순환변동치_2020=100|수준,1.0,40,True,V067
17시도,202504,V067_선행지수순환변동치_2020=100|12m차,1.0,62,True,V067
17시도,202504,V069_예금취급기관_가계대출_십억원|12m로그변화,1.0,112,True,V069
17시도,202504,V069_예금취급기관_주택관련대출_십억원|12m로그변화,1.0,112,True,V069
17시도,202504,V070_수출금액_천불|12m로그변화,1.0,112,True,V070
17시도,202504,V071_정책대출_주금공_주택도시기금_십억원|12m로그변화,0.8839285714285714,99,True,V071
17시도,202504,V047_가계신용_총액_십억원|12m로그변화,1.0,38,True,V047
17시도,202504,V049_시간당명목임금지수_2020=100|수준,1.0,36,True,V049
17시도,202504,V049_시간당명목임금지수_2020=100|12m차,1.0,34,True,V049
17시도,202504,V060_대출태도_국내은행_가계주택|수준,1.0,27,True,V060
17시도,202504,V060_대출태도_국내은행_가계주택|12m차,1.0,32,True,V060
17시도,202504,V074_가계동향_도시2인이상_월평균소득_원|수준,0.5178571428571429,20,False,V074
17시도,202504,V074_가계동향_도시2인이상_월평균소득_원|12m차,0.5178571428571429,20,False,V074
17시도,202504,V074_연결_월평균소득_원|12m로그변화,1.0,38,True,V074
17시도,202504,V015_1인당GRDP_천원|12m로그변화,0.9973739495798319,169,True,V015
17시도,202504,V017_1인당가계총처분가능소득_천원|12m로그변화,0.9973739495798319,169,True,V017
17시도,202504,V024_주거용신축허가_동수_동|12m로그변화,0.058823529411764705,10,False,V024
17시도,202504,V024_주거용신축허가_연면적_㎡|12m로그변화,0.058823529411764705,10,False,V024
17시도,202504,V072_총조사_가구수_가구|12m로그변화,0.7857142857142857,136,True,V072
17시도,202504,V072_총조사_주택수_호|12m로그변화,0.7857142857142857,136,True,V072
17시도,202504,V076_공공+민간총계(DT_MLTM_7174)_호|12m로그변화,0.0,0,False,V076
17시도,202504,V076_공공임대계(DT_MLTM_7174)_호|12m로그변화,0.0,0,False,V076
17시도,202504,V076_민간임대계(DT_MLTM_7174)_호|12m로그변화,0.0,0,False,V076
17시도,202504,V076_민간임대(DT_MLTM_6827합계)_호|12m로그변화,0.20535714285714285,34,False,V076
17시도,202504,V077_임대주택건설공급_총계_호|12m로그변화,0.6875,119,False,V077
17시도,202504,V072_총조사단순주택수가구수비율|12m로그변화,0.7857142857142857,136,True,V072
17시도,202504,V024_주거용신축허가_동수_천세대당|수준,0.058823529411764705,10,False,V024
17시도,202504,V024_주거용신축허가_동수_천세대당|12m차,0.058823529411764705,10,False,V024
17시도,202504,V076_공공+민간총계(DT_MLTM_7174)_천세대당|수준,0.0,0,False,V076
17시도,202504,V076_공공+민간총계(DT_MLTM_7174)_천세대당|12m차,0.0,0,False,V076
17시도,202504,V076_공공임대계(DT_MLTM_7174)_천세대당|수준,0.0,0,False,V076
17시도,202504,V076_공공임대계(DT_MLTM_7174)_천세대당|12m차,0.0,0,False,V076
17시도,202504,V076_민간임대계(DT_MLTM_7174)_천세대당|수준,0.0,0,False,V076
17시도,202504,V076_민간임대계(DT_MLTM_7174)_천세대당|12m차,0.0,0,False,V076
17시도,202504,V076_민간임대(DT_MLTM_6827합계)_천세대당|수준,0.3125,51,False,V076
17시도,202504,V076_민간임대(DT_MLTM_6827합계)_천세대당|12m차,0.20535714285714285,34,False,V076
17시도,202504,V077_임대주택건설공급_총계_천세대당|수준,0.6875,119,False,V077
17시도,202504,V077_임대주택건설공급_총계_천세대당|12m차,0.6875,119,False,V077
17시도,202504,V015_전국대비|수준,1.0,170,True,V015
17시도,202504,V015_전국대비|12m차,0.9973739495798319,169,True,V015
17시도,202504,V017_전국대비|수준,1.0,169,True,V017
17시도,202504,V017_전국대비|12m차,0.9973739495798319,169,True,V017
17시도,202504,V072_공식주택보급률_%|수준,0.9910714285714286,168,True,V072
17시도,202504,V072_공식주택보급률_%|12m차,0.9847689075630253,167,True,V072
17시도,202504,D_CSI_전신계열,1.0,1,False,
17시도,202504,D_Wage_10th,1.0,2,True,
17시도,202504,D_Wage_11th,1.0,1,False,
17시도,202504,M10_rent_growth_1m,0.9910714285714286,1887,True,
17시도,202504,M10_rent_growth_6m,0.9464285714285714,1802,True,
17시도,202507,V003_전세가율_%|수준,1.0,387,True,V003
17시도,202507,V003_전세가율_%|12m차,1.0,375,True,V003
17시도,202507,V004_지역별전월세전환율_%|수준,1.0,1101,True,V004
17시도,202507,V004_지역별전월세전환율_%|12m차,1.0,1749,True,V004
17시도,202507,V005_월세수급동향|수준,0.991304347826087,1734,True,V005
17시도,202507,V005_월세수급동향|12m차,0.8869565217391304,1725,True,V005
17시도,202507,V009_주민등록인구_명|12m로그변화,1.0,1955,True,V009
17시도,202507,V010_주민등록세대수_세대|12m로그변화,1.0,1955,True,V010
17시도,202507,V011_20-29세_명|12m로그변화,1.0,1955,True,V011
17시도,202507,V011_20-39세_명|12m로그변화,1.0,1955,True,V011
17시도,202507,V011_20-39세비중_%|수준,1.0,1955,True,V011
17시도,202507,V011_20-39세비중_%|12m차,1.0,1955,True,V011
17시도,202507,V011_30-39세_명|12m로그변화,1.0,1955,True,V011
17시도,202507,V012_순이동자수_명|천명당12개월,1.0,1955,True,V012
17시도,202507,V013_고용률_%|수준,0.9902813299232737,176,True,V013
17시도,202507,V013_고용률_%|12m차,0.9841432225063939,174,True,V013
17시도,202507,V013_취업자_천명|12m로그변화,0.9841432225063939,1922,True,V013
17시도,202507,V021_아파트_인허가_호|12개월누적log,1.0,1845,True,V021
17시도,202507,V021_아파트_인허가_호|12개월누적log_12m차,1.0,1931,True,V021
17시도,202507,V022_아파트_착공_호|12개월누적log,1.0,1805,True,V022
17시도,202507,V022_아파트_착공_호|12개월누적log_12m차,1.0,1910,True,V022
17시도,202507,V023_아파트_준공_호|12개월누적log,1.0,1851,True,V023
17시도,202507,V023_아파트_준공_호|12개월누적log_12m차,1.0,1944,True,V023
17시도,202507,V031_매매수급동향|수준,1.0,1787,True,V031
17시도,202507,V031_매매수급동향|12m차,1.0,1940,True,V031
17시도,202507,V032_전세수급동향|수준,1.0,1768,True,V032
17시도,202507,V032_전세수급동향|12m차,1.0,1936,True,V032
17시도,202507,V034_수급동향(구)_통합|수준,0.004092071611253197,8,False,V034
17시도,202507,V034_수급동향(구)_통합|12m차,0.004092071611253197,7,False,V034
17시도,202507,V035_아파트거래_동호수_호|12개월누적log,1.0,1927,True,V035
17시도,202507,V035_아파트거래_동호수_호|12개월누적log_12m차,1.0,1955,True,V035
17시도,202507,V035_아파트거래_면적_천㎡|12개월누적log,1.0,1729,True,V035
17시도,202507,V035_아파트거래_면적_천㎡|12개월누적log_12m차,1.0,1954,True,V035
17시도,202507,V036_아파트매매거래_동호수_호|12개월누적log,1.0,1903,True,V036
17시도,202507,V036_아파트매매거래_동호수_호|12개월누적log_12m차,1.0,1955,True,V036
17시도,202507,V036_아파트매매거래_면적_천㎡|12개월누적log,1.0,1557,True,V036
17시도,202507,V036_아파트매매거래_면적_천㎡|12개월누적log_12m차,1.0,1950,True,V036
17시도,202507,V037_주택시장_소비심리지수|수준,0.9570332480818414,587,True,V037
17시도,202507,V037_주택시장_소비심리지수|12m차,0.9447570332480818,948,True,V037
17시도,202507,V038_미분양주택현황_호|log,0.99846547314578,1569,True,V038
17시도,202507,V038_미분양주택현황_호|log_12m차,0.9969309462915601,1881,True,V038
17시도,202507,V050_지역별_주택관련대출_예금은행_십억원|12m로그변화,1.0,1955,True,V050
17시도,202507,V043_한국은행_기준금리_연%|수준,1.0,11,True,V043
17시도,202507,V043_한국은행_기준금리_연%|12m차,1.0,14,True,V043
17시도,202507,V044_시장금리_CD91일_연%|수준,1.0,76,True,V044
17시도,202507,V044_시장금리_CD91일_연%|12m차,1.0,96,True,V044
17시도,202507,V045_시장금리_국고채3년_연%|수준,1.0,114,True,V045
17시도,202507,V045_시장금리_국고채3년_연%|12m차,1.0,114,True,V045
17시도,202507,V046_M2_통화량_십억원|12m로그변화,1.0,115,True,V046
17시도,202507,V048_소비자물가지수_2020=100|수준,1.0,110,True,V048
17시도,202507,V048_소비자물가지수_2020=100|12m차,1.0,111,True,V048
17시도,202507,V056_예금은행대출금리_주택담보_연리%|수준,1.0,89,True,V056
17시도,202507,V056_예금은행대출금리_주택담보_연리%|12m차,1.0,98,True,V056
17시도,202507,V057_예금은행대출금리_전세자금_연리%|수준,1.0,82,True,V057
17시도,202507,V057_예금은행대출금리_전세자금_연리%|12m차,0.9391304347826087,89,True,V057
17시도,202507,V059_비은행대출금리_주택담보_연리%|수준,1.0,92,True,V059
17시도,202507,V059_비은행대출금리_주택담보_연리%|12m차,1.0,96,True,V059
17시도,202507,V061_주택가격전망CSI_서울|수준,1.0,45,True,V061
17시도,202507,V061_주택가격전망CSI_서울|12m차,1.0,58,True,V061
17시도,202507,V062_주택가격전망CSI_6대광역시|수준,1.0,51,True,V062
17시도,202507,V062_주택가격전망CSI_6대광역시|12m차,1.0,60,True,V062
17시도,202507,V063_주택가격전망CSI_기타도시|수준,1.0,50,True,V063
17시도,202507,V063_주택가격전망CSI_기타도시|12m차,1.0,59,True,V063
17시도,202507,V064_KOSPI_종가_1980.01.04=100|수준,1.0,115,True,V064
17시도,202507,V064_KOSPI_종가_1980.01.04=100|12m차,1.0,115,True,V064
17시도,202507,V066_임금총액_사업체노동력_원|12m로그변화,1.0,115,True,V066
17시도,202507,V067_선행지수순환변동치_2020=100|수준,1.0,40,True,V067
17시도,202507,V067_선행지수순환변동치_2020=100|12m차,1.0,64,True,V067
17시도,202507,V069_예금취급기관_가계대출_십억원|12m로그변화,1.0,115,True,V069
17시도,202507,V069_예금취급기관_주택관련대출_십억원|12m로그변화,1.0,115,True,V069
17시도,202507,V070_수출금액_천불|12m로그변화,1.0,115,True,V070
17시도,202507,V071_정책대출_주금공_주택도시기금_십억원|12m로그변화,0.8869565217391304,102,True,V071
17시도,202507,V047_가계신용_총액_십억원|12m로그변화,1.0,39,True,V047
17시도,202507,V049_시간당명목임금지수_2020=100|수준,1.0,37,True,V049
17시도,202507,V049_시간당명목임금지수_2020=100|12m차,1.0,34,True,V049
17시도,202507,V060_대출태도_국내은행_가계주택|수준,1.0,28,True,V060
17시도,202507,V060_대출태도_국내은행_가계주택|12m차,1.0,33,True,V060
17시도,202507,V074_가계동향_도시2인이상_월평균소득_원|수준,0.5043478260869565,20,False,V074
17시도,202507,V074_가계동향_도시2인이상_월평균소득_원|12m차,0.5043478260869565,20,False,V074
17시도,202507,V074_연결_월평균소득_원|12m로그변화,1.0,39,True,V074
17시도,202507,V015_1인당GRDP_천원|12m로그변화,0.9974424552429667,186,True,V015
17시도,202507,V017_1인당가계총처분가능소득_천원|12m로그변화,0.9974424552429667,186,True,V017
17시도,202507,V024_주거용신축허가_동수_동|12m로그변화,0.058823529411764705,11,False,V024
17시도,202507,V024_주거용신축허가_연면적_㎡|12m로그변화,0.058823529411764705,11,False,V024
17시도,202507,V072_총조사_가구수_가구|12m로그변화,0.7913043478260869,136,True,V072
17시도,202507,V072_총조사_주택수_호|12m로그변화,0.7913043478260869,136,True,V072
17시도,202507,V076_공공+민간총계(DT_MLTM_7174)_호|12m로그변화,0.0,0,False,V076
17시도,202507,V076_공공임대계(DT_MLTM_7174)_호|12m로그변화,0.0,0,False,V076
17시도,202507,V076_민간임대계(DT_MLTM_7174)_호|12m로그변화,0.0,0,False,V076
17시도,202507,V076_민간임대(DT_MLTM_6827합계)_호|12m로그변화,0.22608695652173913,51,False,V076
17시도,202507,V077_임대주택건설공급_총계_호|12m로그변화,0.6695652173913044,119,False,V077
17시도,202507,V072_총조사단순주택수가구수비율|12m로그변화,0.7913043478260869,136,True,V072
17시도,202507,V024_주거용신축허가_동수_천세대당|수준,0.058823529411764705,11,False,V024
17시도,202507,V024_주거용신축허가_동수_천세대당|12m차,0.058823529411764705,11,False,V024
17시도,202507,V076_공공+민간총계(DT_MLTM_7174)_천세대당|수준,0.0,0,False,V076
17시도,202507,V076_공공+민간총계(DT_MLTM_7174)_천세대당|12m차,0.0,0,False,V076
17시도,202507,V076_공공임대계(DT_MLTM_7174)_천세대당|수준,0.0,0,False,V076
17시도,202507,V076_공공임대계(DT_MLTM_7174)_천세대당|12m차,0.0,0,False,V076
17시도,202507,V076_민간임대계(DT_MLTM_7174)_천세대당|수준,0.0,0,False,V076
17시도,202507,V076_민간임대계(DT_MLTM_7174)_천세대당|12m차,0.0,0,False,V076
17시도,202507,V076_민간임대(DT_MLTM_6827합계)_천세대당|수준,0.33043478260869563,68,False,V076
17시도,202507,V076_민간임대(DT_MLTM_6827합계)_천세대당|12m차,0.22608695652173913,51,False,V076
17시도,202507,V077_임대주택건설공급_총계_천세대당|수준,0.6695652173913044,119,False,V077
17시도,202507,V077_임대주택건설공급_총계_천세대당|12m차,0.6695652173913044,119,False,V077
17시도,202507,V015_전국대비|수준,1.0,187,True,V015
17시도,202507,V015_전국대비|12m차,0.9974424552429667,186,True,V015
17시도,202507,V017_전국대비|수준,1.0,186,True,V017
17시도,202507,V017_전국대비|12m차,0.9974424552429667,186,True,V017
17시도,202507,V072_공식주택보급률_%|수준,0.991304347826087,185,True,V072
17시도,202507,V072_공식주택보급률_%|12m차,0.9851662404092072,184,True,V072
17시도,202507,D_CSI_전신계열,1.0,1,False,
17시도,202507,D_Wage_10th,1.0,2,True,
17시도,202507,D_Wage_11th,1.0,1,False,
17시도,202507,M10_rent_growth_1m,0.991304347826087,1938,True,
17시도,202507,M10_rent_growth_6m,0.9478260869565217,1853,True,
17시도,202510,V003_전세가율_%|수준,1.0,438,True,V003
17시도,202510,V003_전세가율_%|12m차,1.0,426,True,V003
17시도,202510,V004_지역별전월세전환율_%|수준,1.0,1133,True,V004
17시도,202510,V004_지역별전월세전환율_%|12m차,1.0,1794,True,V004
17시도,202510,V005_월세수급동향|수준,0.9915254237288136,1780,True,V005
17시도,202510,V005_월세수급동향|12m차,0.8898305084745762,1775,True,V005
17시도,202510,V009_주민등록인구_명|12m로그변화,1.0,2006,True,V009
17시도,202510,V010_주민등록세대수_세대|12m로그변화,1.0,2006,True,V010
17시도,202510,V011_20-29세_명|12m로그변화,1.0,2006,True,V011
17시도,202510,V011_20-39세_명|12m로그변화,1.0,2006,True,V011
17시도,202510,V011_20-39세비중_%|수준,1.0,2006,True,V011
17시도,202510,V011_20-39세비중_%|12m차,1.0,2006,True,V011
17시도,202510,V011_30-39세_명|12m로그변화,1.0,2006,True,V011
17시도,202510,V012_순이동자수_명|천명당12개월,1.0,2006,True,V012
17시도,202510,V013_고용률_%|수준,0.9905284147557328,176,True,V013
17시도,202510,V013_고용률_%|12m차,0.9845463609172482,174,True,V013
17시도,202510,V013_취업자_천명|12m로그변화,0.9845463609172482,1973,True,V013
17시도,202510,V021_아파트_인허가_호|12개월누적log,1.0,1889,True,V021
17시도,202510,V021_아파트_인허가_호|12개월누적log_12m차,1.0,1979,True,V021
17시도,202510,V022_아파트_착공_호|12개월누적log,1.0,1843,True,V022
17시도,202510,V022_아파트_착공_호|12개월누적log_12m차,1.0,1955,True,V022
17시도,202510,V023_아파트_준공_호|12개월누적log,1.0,1895,True,V023
17시도,202510,V023_아파트_준공_호|12개월누적log_12m차,1.0,1992,True,V023
17시도,202510,V031_매매수급동향|수준,1.0,1834,True,V031
17시도,202510,V031_매매수급동향|12m차,1.0,1991,True,V031
17시도,202510,V032_전세수급동향|수준,1.0,1813,True,V032
17시도,202510,V032_전세수급동향|12m차,1.0,1986,True,V032
17시도,202510,V034_수급동향(구)_통합|수준,0.003988035892323031,8,False,V034
17시도,202510,V034_수급동향(구)_통합|12m차,0.003988035892323031,7,False,V034
17시도,202510,V035_아파트거래_동호수_호|12개월누적log,1.0,1975,True,V035
17시도,202510,V035_아파트거래_동호수_호|12개월누적log_12m차,1.0,2006,True,V035
17시도,202510,V035_아파트거래_면적_천㎡|12개월누적log,1.0,1780,True,V035
17시도,202510,V035_아파트거래_면적_천㎡|12개월누적log_12m차,1.0,2005,True,V035
17시도,202510,V036_아파트매매거래_동호수_호|12개월누적log,1.0,1951,True,V036
17시도,202510,V036_아파트매매거래_동호수_호|12개월누적log_12m차,1.0,2006,True,V036
17시도,202510,V036_아파트매매거래_면적_천㎡|12개월누적log,1.0,1608,True,V036
17시도,202510,V036_아파트매매거래_면적_천㎡|12개월누적log_12m차,1.0,2001,True,V036
17시도,202510,V037_주택시장_소비심리지수|수준,0.9581256231306082,587,True,V037
17시도,202510,V037_주택시장_소비심리지수|12m차,0.9461615154536391,955,True,V037
17시도,202510,V038_미분양주택현황_호|log,0.9985044865403788,1614,True,V038
17시도,202510,V038_미분양주택현황_호|log_12m차,0.9970089730807578,1932,True,V038
17시도,202510,V050_지역별_주택관련대출_예금은행_십억원|12m로그변화,1.0,2006,True,V050
17시도,202510,V043_한국은행_기준금리_연%|수준,1.0,12,True,V043
17시도,202510,V043_한국은행_기준금리_연%|12m차,1.0,14,True,V043
17시도,202510,V044_시장금리_CD91일_연%|수준,1.0,79,True,V044
17시도,202510,V044_시장금리_CD91일_연%|12m차,1.0,99,True,V044
17시도,202510,V045_시장금리_국고채3년_연%|수준,1.0,116,True,V045
17시도,202510,V045_시장금리_국고채3년_연%|12m차,1.0,117,True,V045
17시도,202510,V046_M2_통화량_십억원|12m로그변화,1.0,118,True,V046
17시도,202510,V048_소비자물가지수_2020=100|수준,1.0,113,True,V048
17시도,202510,V048_소비자물가지수_2020=100|12m차,1.0,113,True,V048
17시도,202510,V056_예금은행대출금리_주택담보_연리%|수준,1.0,92,True,V056
17시도,202510,V056_예금은행대출금리_주택담보_연리%|12m차,1.0,101,True,V056
17시도,202510,V057_예금은행대출금리_전세자금_연리%|수준,1.0,84,True,V057
17시도,202510,V057_예금은행대출금리_전세자금_연리%|12m차,0.940677966101695,90,True,V057
17시도,202510,V059_비은행대출금리_주택담보_연리%|수준,1.0,94,True,V059
17시도,202510,V059_비은행대출금리_주택담보_연리%|12m차,1.0,98,True,V059
17시도,202510,V061_주택가격전망CSI_서울|수준,1.0,45,True,V061
17시도,202510,V061_주택가격전망CSI_서울|12m차,1.0,58,True,V061
17시도,202510,V062_주택가격전망CSI_6대광역시|수준,1.0,51,True,V062
17시도,202510,V062_주택가격전망CSI_6대광역시|12m차,1.0,60,True,V062
17시도,202510,V063_주택가격전망CSI_기타도시|수준,1.0,50,True,V063
17시도,202510,V063_주택가격전망CSI_기타도시|12m차,1.0,59,True,V063
17시도,202510,V064_KOSPI_종가_1980.01.04=100|수준,1.0,118,True,V064
17시도,202510,V064_KOSPI_종가_1980.01.04=100|12m차,1.0,118,True,V064
17시도,202510,V066_임금총액_사업체노동력_원|12m로그변화,1.0,118,True,V066
17시도,202510,V067_선행지수순환변동치_2020=100|수준,1.0,40,True,V067
17시도,202510,V067_선행지수순환변동치_2020=100|12m차,1.0,64,True,V067
17시도,202510,V069_예금취급기관_가계대출_십억원|12m로그변화,1.0,118,True,V069
17시도,202510,V069_예금취급기관_주택관련대출_십억원|12m로그변화,1.0,118,True,V069
17시도,202510,V070_수출금액_천불|12m로그변화,1.0,118,True,V070
17시도,202510,V071_정책대출_주금공_주택도시기금_십억원|12m로그변화,0.8898305084745762,105,True,V071
17시도,202510,V047_가계신용_총액_십억원|12m로그변화,1.0,40,True,V047
17시도,202510,V049_시간당명목임금지수_2020=100|수준,1.0,38,True,V049
17시도,202510,V049_시간당명목임금지수_2020=100|12m차,1.0,35,True,V049
17시도,202510,V060_대출태도_국내은행_가계주택|수준,1.0,29,True,V060
17시도,202510,V060_대출태도_국내은행_가계주택|12m차,1.0,34,True,V060
17시도,202510,V074_가계동향_도시2인이상_월평균소득_원|수준,0.4915254237288136,20,False,V074
17시도,202510,V074_가계동향_도시2인이상_월평균소득_원|12m차,0.4915254237288136,20,False,V074
17시도,202510,V074_연결_월평균소득_원|12m로그변화,1.0,40,True,V074
17시도,202510,V015_1인당GRDP_천원|12m로그변화,0.9975074775672981,186,True,V015
17시도,202510,V017_1인당가계총처분가능소득_천원|12m로그변화,0.9975074775672981,186,True,V017
17시도,202510,V024_주거용신축허가_동수_동|12m로그변화,0.058823529411764705,11,False,V024
17시도,202510,V024_주거용신축허가_연면적_㎡|12m로그변화,0.058823529411764705,11,False,V024
17시도,202510,V072_총조사_가구수_가구|12m로그변화,0.7966101694915254,136,True,V072
17시도,202510,V072_총조사_주택수_호|12m로그변화,0.7966101694915254,136,True,V072
17시도,202510,V076_공공+민간총계(DT_MLTM_7174)_호|12m로그변화,0.0,0,False,V076
17시도,202510,V076_공공임대계(DT_MLTM_7174)_호|12m로그변화,0.0,0,False,V076
17시도,202510,V076_민간임대계(DT_MLTM_7174)_호|12m로그변화,0.0,0,False,V076
17시도,202510,V076_민간임대(DT_MLTM_6827합계)_호|12m로그변화,0.2457627118644068,51,False,V076
17시도,202510,V077_임대주택건설공급_총계_호|12m로그변화,0.652542372881356,119,False,V077
17시도,202510,V072_총조사단순주택수가구수비율|12m로그변화,0.7966101694915254,136,True,V072
17시도,202510,V024_주거용신축허가_동수_천세대당|수준,0.058823529411764705,11,False,V024
17시도,202510,V024_주거용신축허가_동수_천세대당|12m차,0.058823529411764705,11,False,V024
17시도,202510,V076_공공+민간총계(DT_MLTM_7174)_천세대당|수준,0.0,0,False,V076
17시도,202510,V076_공공+민간총계(DT_MLTM_7174)_천세대당|12m차,0.0,0,False,V076
17시도,202510,V076_공공임대계(DT_MLTM_7174)_천세대당|수준,0.0,0,False,V076
17시도,202510,V076_공공임대계(DT_MLTM_7174)_천세대당|12m차,0.0,0,False,V076
17시도,202510,V076_민간임대계(DT_MLTM_7174)_천세대당|수준,0.0,0,False,V076
17시도,202510,V076_민간임대계(DT_MLTM_7174)_천세대당|12m차,0.0,0,False,V076
17시도,202510,V076_민간임대(DT_MLTM_6827합계)_천세대당|수준,0.3474576271186441,68,False,V076
17시도,202510,V076_민간임대(DT_MLTM_6827합계)_천세대당|12m차,0.2457627118644068,51,False,V076
17시도,202510,V077_임대주택건설공급_총계_천세대당|수준,0.652542372881356,119,False,V077
17시도,202510,V077_임대주택건설공급_총계_천세대당|12m차,0.652542372881356,119,False,V077
17시도,202510,V015_전국대비|수준,1.0,187,True,V015
17시도,202510,V015_전국대비|12m차,0.9975074775672981,186,True,V015
17시도,202510,V017_전국대비|수준,1.0,186,True,V017
17시도,202510,V017_전국대비|12m차,0.9975074775672981,186,True,V017
17시도,202510,V072_공식주택보급률_%|수준,0.9915254237288136,185,True,V072
17시도,202510,V072_공식주택보급률_%|12m차,0.985543369890329,184,True,V072
17시도,202510,D_CSI_전신계열,1.0,1,False,
17시도,202510,D_Wage_10th,1.0,2,True,
17시도,202510,D_Wage_11th,1.0,1,False,
17시도,202510,M10_rent_growth_1m,0.9915254237288136,1989,True,
17시도,202510,M10_rent_growth_6m,0.9491525423728814,1904,True,
서울25구,201801,V003_전세가율_%|수준,1.0,176,True,V003
서울25구,201801,V003_전세가율_%|12m차,1.0,193,True,V003
서울25구,201801,V004_지역별전월세전환율_%|수준,1.0,395,True,V004
서울25구,201801,V004_지역별전월세전환율_%|12m차,1.0,595,True,V004
서울25구,201801,V009_주민등록인구_명|12m로그변화,1.0,625,True,V009
서울25구,201801,V010_주민등록세대수_세대|12m로그변화,1.0,625,True,V010
서울25구,201801,V011_20-29세_명|12m로그변화,1.0,625,True,V011
서울25구,201801,V011_20-39세_명|12m로그변화,1.0,625,True,V011
서울25구,201801,V011_20-39세비중_%|수준,1.0,625,True,V011
서울25구,201801,V011_20-39세비중_%|12m차,1.0,625,True,V011
서울25구,201801,V011_30-39세_명|12m로그변화,1.0,625,True,V011
서울25구,201801,V012_순이동자수_명|천명당12개월,1.0,625,True,V012
서울25구,201801,V035_아파트거래_동호수_호|12개월누적log,1.0,603,True,V035
서울25구,201801,V035_아파트거래_동호수_호|12개월누적log_12m차,1.0,625,True,V035
서울25구,201801,V035_아파트거래_면적_천㎡|12개월누적log,1.0,424,True,V035
서울25구,201801,V035_아파트거래_면적_천㎡|12개월누적log_12m차,1.0,618,True,V035
서울25구,201801,V036_아파트매매거래_동호수_호|12개월누적log,1.0,595,True,V036
서울25구,201801,V036_아파트매매거래_동호수_호|12개월누적log_12m차,1.0,625,True,V036
서울25구,201801,V036_아파트매매거래_면적_천㎡|12개월누적log,1.0,377,True,V036
서울25구,201801,V036_아파트매매거래_면적_천㎡|12개월누적log_12m차,1.0,615,True,V036
서울25구,201801,V038_미분양주택현황_호|log,1.0,88,True,V038
서울25구,201801,V038_미분양주택현황_호|log_12m차,1.0,239,True,V038
서울25구,201801,V043_한국은행_기준금리_연%|수준,1.0,2,True,V043
서울25구,201801,V043_한국은행_기준금리_연%|12m차,1.0,5,True,V043
서울25구,201801,V044_시장금리_CD91일_연%|수준,1.0,19,True,V044
서울25구,201801,V044_시장금리_CD91일_연%|12m차,1.0,22,True,V044
서울25구,201801,V045_시장금리_국고채3년_연%|수준,1.0,25,True,V045
서울25구,201801,V045_시장금리_국고채3년_연%|12m차,1.0,25,True,V045
서울25구,201801,V046_M2_통화량_십억원|12m로그변화,1.0,25,True,V046
서울25구,201801,V048_소비자물가지수_2020=100|수준,1.0,24,True,V048
서울25구,201801,V048_소비자물가지수_2020=100|12m차,1.0,25,True,V048
서울25구,201801,V056_예금은행대출금리_주택담보_연리%|수준,1.0,22,True,V056
서울25구,201801,V056_예금은행대출금리_주택담보_연리%|12m차,1.0,22,True,V056
서울25구,201801,V057_예금은행대출금리_전세자금_연리%|수준,1.0,21,True,V057
서울25구,201801,V057_예금은행대출금리_전세자금_연리%|12m차,0.72,15,True,V057
서울25구,201801,V059_비은행대출금리_주택담보_연리%|수준,1.0,22,True,V059
서울25구,201801,V059_비은행대출금리_주택담보_연리%|12m차,1.0,23,True,V059
서울25구,201801,V061_주택가격전망CSI_서울|수준,1.0,18,True,V061
서울25구,201801,V061_주택가격전망CSI_서울|12m차,1.0,17,True,V061
서울25구,201801,V062_주택가격전망CSI_6대광역시|수준,1.0,19,True,V062
서울25구,201801,V062_주택가격전망CSI_6대광역시|12m차,1.0,18,True,V062
서울25구,201801,V063_주택가격전망CSI_기타도시|수준,1.0,17,True,V063
서울25구,201801,V063_주택가격전망CSI_기타도시|12m차,1.0,16,True,V063
서울25구,201801,V064_KOSPI_종가_1980.01.04=100|수준,1.0,25,True,V064
서울25구,201801,V064_KOSPI_종가_1980.01.04=100|12m차,1.0,25,True,V064
서울25구,201801,V066_임금총액_사업체노동력_원|12m로그변화,1.0,25,True,V066
서울25구,201801,V067_선행지수순환변동치_2020=100|수준,1.0,18,True,V067
서울25구,201801,V067_선행지수순환변동치_2020=100|12m차,1.0,20,True,V067
서울25구,201801,V069_예금취급기관_가계대출_십억원|12m로그변화,1.0,25,True,V069
서울25구,201801,V069_예금취급기관_주택관련대출_십억원|12m로그변화,1.0,25,True,V069
서울25구,201801,V070_수출금액_천불|12m로그변화,1.0,25,True,V070
서울25구,201801,V071_정책대출_주금공_주택도시기금_십억원|12m로그변화,0.48,12,False,V071
서울25구,201801,서울_V005_월세수급동향|수준,0.96,21,True,V005
서울25구,201801,서울_V005_월세수급동향|12m차,0.48,12,False,V005
서울25구,201801,서울_V013_고용률_%|수준,1.0,13,True,V013
서울25구,201801,서울_V013_고용률_%|12m차,1.0,17,True,V013
서울25구,201801,서울_V013_취업자_천명|12m로그변화,1.0,25,True,V013
서울25구,201801,서울_V021_아파트_인허가_호|12개월누적log,1.0,25,True,V021
서울25구,201801,서울_V021_아파트_인허가_호|12개월누적log_12m차,1.0,25,True,V021
서울25구,201801,서울_V022_아파트_착공_호|12개월누적log,1.0,25,True,V022
서울25구,201801,서울_V022_아파트_착공_호|12개월누적log_12m차,1.0,25,True,V022
서울25구,201801,서울_V023_아파트_준공_호|12개월누적log,1.0,25,True,V023
서울25구,201801,서울_V023_아파트_준공_호|12개월누적log_12m차,1.0,25,True,V023
서울25구,201801,서울_V031_매매수급동향|수준,1.0,24,True,V031
서울25구,201801,서울_V031_매매수급동향|12m차,1.0,25,True,V031
서울25구,201801,서울_V032_전세수급동향|수준,1.0,25,True,V032
서울25구,201801,서울_V032_전세수급동향|12m차,1.0,25,True,V032
서울25구,201801,서울_V037_주택시장_소비심리지수|수준,1.0,25,True,V037
서울25구,201801,서울_V037_주택시장_소비심리지수|12m차,1.0,25,True,V037
서울25구,201801,서울_V050_지역별_주택관련대출_예금은행_십억원|12m로그변화,1.0,25,True,V050
서울25구,201801,V047_가계신용_총액_십억원|12m로그변화,1.0,9,True,V047
서울25구,201801,V049_시간당명목임금지수_2020=100|수준,1.0,9,True,V049
서울25구,201801,V049_시간당명목임금지수_2020=100|12m차,1.0,9,True,V049
서울25구,201801,V060_대출태도_국내은행_가계주택|수준,1.0,8,True,V060
서울25구,201801,V060_대출태도_국내은행_가계주택|12m차,1.0,8,True,V060
서울25구,201801,V074_가계동향_도시2인이상_월평균소득_원|수준,1.0,9,True,V074
서울25구,201801,V074_가계동향_도시2인이상_월평균소득_원|12m차,1.0,9,True,V074
서울25구,201801,V074_연결_월평균소득_원|12m로그변화,1.0,9,True,V074
서울25구,201801,V024_주거용신축허가_동수_동|12m로그변화,1.0,75,True,V024
서울25구,201801,V024_주거용신축허가_연면적_㎡|12m로그변화,1.0,75,True,V024
서울25구,201801,V072_총조사_가구수_가구|12m로그변화,0.04,25,False,V072
서울25구,201801,V072_총조사_주택수_호|12m로그변화,0.04,25,False,V072
서울25구,201801,V072_총조사단순주택수가구수비율|12m로그변화,0.04,25,False,V072
서울25구,201801,V024_주거용신축허가_동수_천세대당|수준,1.0,75,True,V024
서울25구,201801,V024_주거용신축허가_동수_천세대당|12m차,1.0,75,True,V024
서울25구,201801,V013_서울구반기_고용률_%|수준,0.0,0,False,V013
서울25구,201801,V013_서울구반기_고용률_%|12m차,0.0,0,False,V013
서울25구,201801,V013_서울구반기_취업자_천명|12m로그변화,0.0,0,False,V013
서울25구,201801,V013_서울구_고용률_월별추정|수준,0.0,0,False,V013
서울25구,201801,V013_서울구_고용률_월별추정|12m차,0.0,0,False,V013
서울25구,201801,V013_서울구_취업자_월별추정|12m로그변화,0.0,0,False,V013
서울25구,201801,서울_V072_공식주택보급률_%|수준,1.0,3,True,V072
서울25구,201801,서울_V072_공식주택보급률_%|12m차,1.0,3,True,V072
서울25구,201801,D_CSI_전신계열,1.0,1,False,
서울25구,201801,D_Wage_10th,1.0,1,False,
서울25구,201801,D_Wage_11th,1.0,1,False,
서울25구,201801,M10_rent_growth_1m,0.96,600,True,
서울25구,201801,M10_rent_growth_6m,0.76,475,True,
서울25구,201804,V003_전세가율_%|수준,1.0,182,True,V003
서울25구,201804,V003_전세가율_%|12m차,1.0,208,True,V003
서울25구,201804,V004_지역별전월세전환율_%|수준,1.0,443,True,V004
서울25구,201804,V004_지역별전월세전환율_%|12m차,1.0,668,True,V004
서울25구,201804,V009_주민등록인구_명|12m로그변화,1.0,700,True,V009
서울25구,201804,V010_주민등록세대수_세대|12m로그변화,1.0,700,True,V010
서울25구,201804,V011_20-29세_명|12m로그변화,1.0,700,True,V011
서울25구,201804,V011_20-39세_명|12m로그변화,1.0,700,True,V011
서울25구,201804,V011_20-39세비중_%|수준,1.0,700,True,V011
서울25구,201804,V011_20-39세비중_%|12m차,1.0,700,True,V011
서울25구,201804,V011_30-39세_명|12m로그변화,1.0,700,True,V011
서울25구,201804,V012_순이동자수_명|천명당12개월,1.0,700,True,V012
서울25구,201804,V035_아파트거래_동호수_호|12개월누적log,1.0,671,True,V035
서울25구,201804,V035_아파트거래_동호수_호|12개월누적log_12m차,1.0,700,True,V035
서울25구,201804,V035_아파트거래_면적_천㎡|12개월누적log,1.0,457,True,V035
서울25구,201804,V035_아파트거래_면적_천㎡|12개월누적log_12m차,1.0,691,True,V035
서울25구,201804,V036_아파트매매거래_동호수_호|12개월누적log,1.0,660,True,V036
서울25구,201804,V036_아파트매매거래_동호수_호|12개월누적log_12m차,1.0,700,True,V036
서울25구,201804,V036_아파트매매거래_면적_천㎡|12개월누적log,1.0,404,True,V036
서울25구,201804,V036_아파트매매거래_면적_천㎡|12개월누적log_12m차,1.0,685,True,V036
서울25구,201804,V038_미분양주택현황_호|log,1.0,88,True,V038
서울25구,201804,V038_미분양주택현황_호|log_12m차,1.0,251,True,V038
서울25구,201804,V043_한국은행_기준금리_연%|수준,1.0,2,True,V043
서울25구,201804,V043_한국은행_기준금리_연%|12m차,1.0,5,True,V043
서울25구,201804,V044_시장금리_CD91일_연%|수준,1.0,19,True,V044
서울25구,201804,V044_시장금리_CD91일_연%|12m차,1.0,23,True,V044
서울25구,201804,V045_시장금리_국고채3년_연%|수준,1.0,28,True,V045
서울25구,201804,V045_시장금리_국고채3년_연%|12m차,1.0,28,True,V045
서울25구,201804,V046_M2_통화량_십억원|12m로그변화,1.0,28,True,V046
서울25구,201804,V048_소비자물가지수_2020=100|수준,1.0,27,True,V048
서울25구,201804,V048_소비자물가지수_2020=100|12m차,1.0,28,True,V048
서울25구,201804,V056_예금은행대출금리_주택담보_연리%|수준,1.0,24,True,V056
서울25구,201804,V056_예금은행대출금리_주택담보_연리%|12m차,1.0,25,True,V056
서울25구,201804,V057_예금은행대출금리_전세자금_연리%|수준,1.0,22,True,V057
서울25구,201804,V057_예금은행대출금리_전세자금_연리%|12m차,0.75,18,True,V057
서울25구,201804,V059_비은행대출금리_주택담보_연리%|수준,1.0,24,True,V059
서울25구,201804,V059_비은행대출금리_주택담보_연리%|12m차,1.0,26,True,V059
서울25구,201804,V061_주택가격전망CSI_서울|수준,1.0,18,True,V061
서울25구,201804,V061_주택가격전망CSI_서울|12m차,1.0,18,True,V061
서울25구,201804,V062_주택가격전망CSI_6대광역시|수준,1.0,22,True,V062
서울25구,201804,V062_주택가격전망CSI_6대광역시|12m차,1.0,20,True,V062
서울25구,201804,V063_주택가격전망CSI_기타도시|수준,1.0,18,True,V063
서울25구,201804,V063_주택가격전망CSI_기타도시|12m차,1.0,17,True,V063
서울25구,201804,V064_KOSPI_종가_1980.01.04=100|수준,1.0,28,True,V064
서울25구,201804,V064_KOSPI_종가_1980.01.04=100|12m차,1.0,28,True,V064
서울25구,201804,V066_임금총액_사업체노동력_원|12m로그변화,1.0,28,True,V066
서울25구,201804,V067_선행지수순환변동치_2020=100|수준,1.0,21,True,V067
서울25구,201804,V067_선행지수순환변동치_2020=100|12m차,1.0,22,True,V067
서울25구,201804,V069_예금취급기관_가계대출_십억원|12m로그변화,1.0,28,True,V069
서울25구,201804,V069_예금취급기관_주택관련대출_십억원|12m로그변화,1.0,28,True,V069
서울25구,201804,V070_수출금액_천불|12m로그변화,1.0,28,True,V070
서울25구,201804,V071_정책대출_주금공_주택도시기금_십억원|12m로그변화,0.5357142857142857,15,False,V071
서울25구,201804,서울_V005_월세수급동향|수준,0.9642857142857143,24,True,V005
서울25구,201804,서울_V005_월세수급동향|12m차,0.5357142857142857,15,False,V005
서울25구,201804,서울_V013_고용률_%|수준,1.0,15,True,V013
서울25구,201804,서울_V013_고용률_%|12m차,1.0,17,True,V013
서울25구,201804,서울_V013_취업자_천명|12m로그변화,1.0,28,True,V013
서울25구,201804,서울_V021_아파트_인허가_호|12개월누적log,1.0,28,True,V021
서울25구,201804,서울_V021_아파트_인허가_호|12개월누적log_12m차,1.0,28,True,V021
서울25구,201804,서울_V022_아파트_착공_호|12개월누적log,1.0,28,True,V022
서울25구,201804,서울_V022_아파트_착공_호|12개월누적log_12m차,1.0,28,True,V022
서울25구,201804,서울_V023_아파트_준공_호|12개월누적log,1.0,28,True,V023
서울25구,201804,서울_V023_아파트_준공_호|12개월누적log_12m차,1.0,28,True,V023
서울25구,201804,서울_V031_매매수급동향|수준,1.0,27,True,V031
서울25구,201804,서울_V031_매매수급동향|12m차,1.0,28,True,V031
서울25구,201804,서울_V032_전세수급동향|수준,1.0,28,True,V032
서울25구,201804,서울_V032_전세수급동향|12m차,1.0,28,True,V032
서울25구,201804,서울_V037_주택시장_소비심리지수|수준,1.0,28,True,V037
서울25구,201804,서울_V037_주택시장_소비심리지수|12m차,1.0,28,True,V037
서울25구,201804,서울_V050_지역별_주택관련대출_예금은행_십억원|12m로그변화,1.0,28,True,V050
서울25구,201804,V047_가계신용_총액_십억원|12m로그변화,1.0,10,True,V047
서울25구,201804,V049_시간당명목임금지수_2020=100|수준,1.0,10,True,V049
서울25구,201804,V049_시간당명목임금지수_2020=100|12m차,1.0,10,True,V049
서울25구,201804,V060_대출태도_국내은행_가계주택|수준,1.0,8,True,V060
서울25구,201804,V060_대출태도_국내은행_가계주택|12m차,1.0,9,True,V060
서울25구,201804,V074_가계동향_도시2인이상_월평균소득_원|수준,1.0,10,True,V074
서울25구,201804,V074_가계동향_도시2인이상_월평균소득_원|12m차,1.0,10,True,V074
서울25구,201804,V074_연결_월평균소득_원|12m로그변화,1.0,10,True,V074
서울25구,201804,V024_주거용신축허가_동수_동|12m로그변화,1.0,75,True,V024
서울25구,201804,V024_주거용신축허가_연면적_㎡|12m로그변화,1.0,75,True,V024
서울25구,201804,V072_총조사_가구수_가구|12m로그변화,0.14285714285714285,25,False,V072
서울25구,201804,V072_총조사_주택수_호|12m로그변화,0.14285714285714285,25,False,V072
서울25구,201804,V072_총조사단순주택수가구수비율|12m로그변화,0.14285714285714285,25,False,V072
서울25구,201804,V024_주거용신축허가_동수_천세대당|수준,1.0,75,True,V024
서울25구,201804,V024_주거용신축허가_동수_천세대당|12m차,1.0,75,True,V024
서울25구,201804,V013_서울구반기_고용률_%|수준,0.0,0,False,V013
서울25구,201804,V013_서울구반기_고용률_%|12m차,0.0,0,False,V013
서울25구,201804,V013_서울구반기_취업자_천명|12m로그변화,0.0,0,False,V013
서울25구,201804,V013_서울구_고용률_월별추정|수준,0.0,0,False,V013
서울25구,201804,V013_서울구_고용률_월별추정|12m차,0.0,0,False,V013
서울25구,201804,V013_서울구_취업자_월별추정|12m로그변화,0.0,0,False,V013
서울25구,201804,서울_V072_공식주택보급률_%|수준,1.0,3,True,V072
서울25구,201804,서울_V072_공식주택보급률_%|12m차,1.0,3,True,V072
서울25구,201804,D_CSI_전신계열,1.0,1,False,
서울25구,201804,D_Wage_10th,1.0,1,False,
서울25구,201804,D_Wage_11th,1.0,1,False,
서울25구,201804,M10_rent_growth_1m,0.9642857142857143,675,True,
서울25구,201804,M10_rent_growth_6m,0.7857142857142857,550,True,
서울25구,201807,V003_전세가율_%|수준,1.0,192,True,V003
서울25구,201807,V003_전세가율_%|12m차,1.0,216,True,V003
서울25구,201807,V004_지역별전월세전환율_%|수준,1.0,488,True,V004
서울25구,201807,V004_지역별전월세전환율_%|12m차,1.0,741,True,V004
서울25구,201807,V009_주민등록인구_명|12m로그변화,1.0,775,True,V009
서울25구,201807,V010_주민등록세대수_세대|12m로그변화,1.0,775,True,V010
서울25구,201807,V011_20-29세_명|12m로그변화,1.0,775,True,V011
서울25구,201807,V011_20-39세_명|12m로그변화,1.0,775,True,V011
서울25구,201807,V011_20-39세비중_%|수준,1.0,775,True,V011
서울25구,201807,V011_20-39세비중_%|12m차,1.0,775,True,V011
서울25구,201807,V011_30-39세_명|12m로그변화,1.0,775,True,V011
서울25구,201807,V012_순이동자수_명|천명당12개월,1.0,775,True,V012
서울25구,201807,V035_아파트거래_동호수_호|12개월누적log,1.0,742,True,V035
서울25구,201807,V035_아파트거래_동호수_호|12개월누적log_12m차,1.0,775,True,V035
서울25구,201807,V035_아파트거래_면적_천㎡|12개월누적log,1.0,488,True,V035
서울25구,201807,V035_아파트거래_면적_천㎡|12개월누적log_12m차,1.0,763,True,V035
서울25구,201807,V036_아파트매매거래_동호수_호|12개월누적log,1.0,723,True,V036
서울25구,201807,V036_아파트매매거래_동호수_호|12개월누적log_12m차,1.0,775,True,V036
서울25구,201807,V036_아파트매매거래_면적_천㎡|12개월누적log,1.0,433,True,V036
서울25구,201807,V036_아파트매매거래_면적_천㎡|12개월누적log_12m차,1.0,754,True,V036
서울25구,201807,V038_미분양주택현황_호|log,1.0,89,True,V038
서울25구,201807,V038_미분양주택현황_호|log_12m차,1.0,267,True,V038
서울25구,201807,V043_한국은행_기준금리_연%|수준,1.0,2,True,V043
서울25구,201807,V043_한국은행_기준금리_연%|12m차,1.0,6,True,V043
서울25구,201807,V044_시장금리_CD91일_연%|수준,1.0,21,True,V044
서울25구,201807,V044_시장금리_CD91일_연%|12m차,1.0,26,True,V044
서울25구,201807,V045_시장금리_국고채3년_연%|수준,1.0,31,True,V045
서울25구,201807,V045_시장금리_국고채3년_연%|12m차,1.0,31,True,V045
서울25구,201807,V046_M2_통화량_십억원|12m로그변화,1.0,31,True,V046
서울25구,201807,V048_소비자물가지수_2020=100|수준,1.0,30,True,V048
서울25구,201807,V048_소비자물가지수_2020=100|12m차,1.0,31,True,V048
서울25구,201807,V056_예금은행대출금리_주택담보_연리%|수준,1.0,27,True,V056
서울25구,201807,V056_예금은행대출금리_주택담보_연리%|12m차,1.0,28,True,V056
서울25구,201807,V057_예금은행대출금리_전세자금_연리%|수준,1.0,25,True,V057
서울25구,201807,V057_예금은행대출금리_전세자금_연리%|12m차,0.7741935483870968,21,True,V057
서울25구,201807,V059_비은행대출금리_주택담보_연리%|수준,1.0,27,True,V059
서울25구,201807,V059_비은행대출금리_주택담보_연리%|12m차,1.0,29,True,V059
서울25구,201807,V061_주택가격전망CSI_서울|수준,1.0,18,True,V061
서울25구,201807,V061_주택가격전망CSI_서울|12m차,1.0,20,True,V061
서울25구,201807,V062_주택가격전망CSI_6대광역시|수준,1.0,22,True,V062
서울25구,201807,V062_주택가격전망CSI_6대광역시|12m차,1.0,23,True,V062
서울25구,201807,V063_주택가격전망CSI_기타도시|수준,1.0,18,True,V063
서울25구,201807,V063_주택가격전망CSI_기타도시|12m차,1.0,19,True,V063
서울25구,201807,V064_KOSPI_종가_1980.01.04=100|수준,1.0,31,True,V064
서울25구,201807,V064_KOSPI_종가_1980.01.04=100|12m차,1.0,31,True,V064
서울25구,201807,V066_임금총액_사업체노동력_원|12m로그변화,1.0,31,True,V066
서울25구,201807,V067_선행지수순환변동치_2020=100|수준,1.0,22,True,V067
서울25구,201807,V067_선행지수순환변동치_2020=100|12m차,1.0,24,True,V067
서울25구,201807,V069_예금취급기관_가계대출_십억원|12m로그변화,1.0,31,True,V069
서울25구,201807,V069_예금취급기관_주택관련대출_십억원|12m로그변화,1.0,31,True,V069
서울25구,201807,V070_수출금액_천불|12m로그변화,1.0,31,True,V070
서울25구,201807,V071_정책대출_주금공_주택도시기금_십억원|12m로그변화,0.5806451612903226,18,False,V071
서울25구,201807,서울_V005_월세수급동향|수준,0.967741935483871,27,True,V005
서울25구,201807,서울_V005_월세수급동향|12m차,0.5806451612903226,18,False,V005
서울25구,201807,서울_V013_고용률_%|수준,1.0,15,True,V013
서울25구,201807,서울_V013_고용률_%|12m차,1.0,19,True,V013
서울25구,201807,서울_V013_취업자_천명|12m로그변화,1.0,31,True,V013
서울25구,201807,서울_V021_아파트_인허가_호|12개월누적log,1.0,31,True,V021
서울25구,201807,서울_V021_아파트_인허가_호|12개월누적log_12m차,1.0,31,True,V021
서울25구,201807,서울_V022_아파트_착공_호|12개월누적log,1.0,31,True,V022
서울25구,201807,서울_V022_아파트_착공_호|12개월누적log_12m차,1.0,31,True,V022
서울25구,201807,서울_V023_아파트_준공_호|12개월누적log,1.0,31,True,V023
서울25구,201807,서울_V023_아파트_준공_호|12개월누적log_12m차,1.0,31,True,V023
서울25구,201807,서울_V031_매매수급동향|수준,1.0,30,True,V031
서울25구,201807,서울_V031_매매수급동향|12m차,1.0,31,True,V031
서울25구,201807,서울_V032_전세수급동향|수준,1.0,31,True,V032
서울25구,201807,서울_V032_전세수급동향|12m차,1.0,31,True,V032
서울25구,201807,서울_V037_주택시장_소비심리지수|수준,1.0,31,True,V037
서울25구,201807,서울_V037_주택시장_소비심리지수|12m차,1.0,31,True,V037
서울25구,201807,서울_V050_지역별_주택관련대출_예금은행_십억원|12m로그변화,1.0,31,True,V050
서울25구,201807,V047_가계신용_총액_십억원|12m로그변화,1.0,11,True,V047
서울25구,201807,V049_시간당명목임금지수_2020=100|수준,1.0,10,True,V049
서울25구,201807,V049_시간당명목임금지수_2020=100|12m차,1.0,11,True,V049
서울25구,201807,V060_대출태도_국내은행_가계주택|수준,1.0,9,True,V060
서울25구,201807,V060_대출태도_국내은행_가계주택|12m차,1.0,9,True,V060
서울25구,201807,V074_가계동향_도시2인이상_월평균소득_원|수준,1.0,11,True,V074
서울25구,201807,V074_가계동향_도시2인이상_월평균소득_원|12m차,1.0,11,True,V074
서울25구,201807,V074_연결_월평균소득_원|12m로그변화,1.0,11,True,V074
서울25구,201807,V024_주거용신축허가_동수_동|12m로그변화,1.0,100,True,V024
서울25구,201807,V024_주거용신축허가_연면적_㎡|12m로그변화,1.0,100,True,V024
서울25구,201807,V072_총조사_가구수_가구|12m로그변화,0.22580645161290322,25,False,V072
서울25구,201807,V072_총조사_주택수_호|12m로그변화,0.22580645161290322,25,False,V072
서울25구,201807,V072_총조사단순주택수가구수비율|12m로그변화,0.22580645161290322,25,False,V072
서울25구,201807,V024_주거용신축허가_동수_천세대당|수준,1.0,100,True,V024
서울25구,201807,V024_주거용신축허가_동수_천세대당|12m차,1.0,100,True,V024
서울25구,201807,V013_서울구반기_고용률_%|수준,0.0,0,False,V013
서울25구,201807,V013_서울구반기_고용률_%|12m차,0.0,0,False,V013
서울25구,201807,V013_서울구반기_취업자_천명|12m로그변화,0.0,0,False,V013
서울25구,201807,V013_서울구_고용률_월별추정|수준,0.0,0,False,V013
서울25구,201807,V013_서울구_고용률_월별추정|12m차,0.0,0,False,V013
서울25구,201807,V013_서울구_취업자_월별추정|12m로그변화,0.0,0,False,V013
서울25구,201807,서울_V072_공식주택보급률_%|수준,1.0,4,True,V072
서울25구,201807,서울_V072_공식주택보급률_%|12m차,1.0,4,True,V072
서울25구,201807,D_CSI_전신계열,1.0,1,False,
서울25구,201807,D_Wage_10th,1.0,1,False,
서울25구,201807,D_Wage_11th,1.0,1,False,
서울25구,201807,M10_rent_growth_1m,0.967741935483871,749,True,
서울25구,201807,M10_rent_growth_6m,0.8064516129032258,625,True,
서울25구,201810,V003_전세가율_%|수준,1.0,201,True,V003
서울25구,201810,V003_전세가율_%|12m차,1.0,239,True,V003
서울25구,201810,V004_지역별전월세전환율_%|수준,1.0,525,True,V004
서울25구,201810,V004_지역별전월세전환율_%|12m차,1.0,808,True,V004
서울25구,201810,V009_주민등록인구_명|12m로그변화,1.0,850,True,V009
서울25구,201810,V010_주민등록세대수_세대|12m로그변화,1.0,850,True,V010
서울25구,201810,V011_20-29세_명|12m로그변화,1.0,850,True,V011
서울25구,201810,V011_20-39세_명|12m로그변화,1.0,850,True,V011
서울25구,201810,V011_20-39세비중_%|수준,1.0,850,True,V011
서울25구,201810,V011_20-39세비중_%|12m차,1.0,850,True,V011
서울25구,201810,V011_30-39세_명|12m로그변화,1.0,850,True,V011
서울25구,201810,V012_순이동자수_명|천명당12개월,1.0,850,True,V012
서울25구,201810,V035_아파트거래_동호수_호|12개월누적log,1.0,806,True,V035
서울25구,201810,V035_아파트거래_동호수_호|12개월누적log_12m차,1.0,850,True,V035
서울25구,201810,V035_아파트거래_면적_천㎡|12개월누적log,1.0,515,True,V035
서울25구,201810,V035_아파트거래_면적_천㎡|12개월누적log_12m차,1.0,838,True,V035
서울25구,201810,V036_아파트매매거래_동호수_호|12개월누적log,1.0,792,True,V036
서울25구,201810,V036_아파트매매거래_동호수_호|12개월누적log_12m차,1.0,850,True,V036
서울25구,201810,V036_아파트매매거래_면적_천㎡|12개월누적log,1.0,458,True,V036
서울25구,201810,V036_아파트매매거래_면적_천㎡|12개월누적log_12m차,1.0,828,True,V036
서울25구,201810,V038_미분양주택현황_호|log,1.0,89,True,V038
서울25구,201810,V038_미분양주택현황_호|log_12m차,1.0,278,True,V038
서울25구,201810,V043_한국은행_기준금리_연%|수준,1.0,2,True,V043
서울25구,201810,V043_한국은행_기준금리_연%|12m차,1.0,6,True,V043
서울25구,201810,V044_시장금리_CD91일_연%|수준,1.0,21,True,V044
서울25구,201810,V044_시장금리_CD91일_연%|12m차,1.0,28,True,V044
서울25구,201810,V045_시장금리_국고채3년_연%|수준,1.0,34,True,V045
서울25구,201810,V045_시장금리_국고채3년_연%|12m차,1.0,34,True,V045
서울25구,201810,V046_M2_통화량_십억원|12m로그변화,1.0,34,True,V046
서울25구,201810,V048_소비자물가지수_2020=100|수준,1.0,33,True,V048
서울25구,201810,V048_소비자물가지수_2020=100|12m차,1.0,33,True,V048
서울25구,201810,V056_예금은행대출금리_주택담보_연리%|수준,1.0,30,True,V056
서울25구,201810,V056_예금은행대출금리_주택담보_연리%|12m차,1.0,31,True,V056
서울25구,201810,V057_예금은행대출금리_전세자금_연리%|수준,1.0,27,True,V057
서울25구,201810,V057_예금은행대출금리_전세자금_연리%|12m차,0.7941176470588235,24,True,V057
서울25구,201810,V059_비은행대출금리_주택담보_연리%|수준,1.0,29,True,V059
서울25구,201810,V059_비은행대출금리_주택담보_연리%|12m차,1.0,32,True,V059
서울25구,201810,V061_주택가격전망CSI_서울|수준,1.0,19,True,V061
서울25구,201810,V061_주택가격전망CSI_서울|12m차,1.0,22,True,V061
서울25구,201810,V062_주택가격전망CSI_6대광역시|수준,1.0,22,True,V062
서울25구,201810,V062_주택가격전망CSI_6대광역시|12m차,1.0,24,True,V062
서울25구,201810,V063_주택가격전망CSI_기타도시|수준,1.0,21,True,V063
서울25구,201810,V063_주택가격전망CSI_기타도시|12m차,1.0,20,True,V063
서울25구,201810,V064_KOSPI_종가_1980.01.04=100|수준,1.0,34,True,V064
서울25구,201810,V064_KOSPI_종가_1980.01.04=100|12m차,1.0,34,True,V064
서울25구,201810,V066_임금총액_사업체노동력_원|12m로그변화,1.0,34,True,V066
서울25구,201810,V067_선행지수순환변동치_2020=100|수준,1.0,22,True,V067
서울25구,201810,V067_선행지수순환변동치_2020=100|12m차,1.0,25,True,V067
서울25구,201810,V069_예금취급기관_가계대출_십억원|12m로그변화,1.0,34,True,V069
서울25구,201810,V069_예금취급기관_주택관련대출_십억원|12m로그변화,1.0,34,True,V069
서울25구,201810,V070_수출금액_천불|12m로그변화,1.0,34,True,V070
서울25구,201810,V071_정책대출_주금공_주택도시기금_십억원|12m로그변화,0.6176470588235294,21,False,V071
서울25구,201810,서울_V005_월세수급동향|수준,0.9705882352941176,30,True,V005
서울25구,201810,서울_V005_월세수급동향|12m차,0.6176470588235294,21,False,V005
서울25구,201810,서울_V013_고용률_%|수준,1.0,16,True,V013
서울25구,201810,서울_V013_고용률_%|12m차,1.0,19,True,V013
서울25구,201810,서울_V013_취업자_천명|12m로그변화,1.0,34,True,V013
서울25구,201810,서울_V021_아파트_인허가_호|12개월누적log,1.0,34,True,V021
서울25구,201810,서울_V021_아파트_인허가_호|12개월누적log_12m차,1.0,34,True,V021
서울25구,201810,서울_V022_아파트_착공_호|12개월누적log,1.0,34,True,V022
서울25구,201810,서울_V022_아파트_착공_호|12개월누적log_12m차,1.0,34,True,V022
서울25구,201810,서울_V023_아파트_준공_호|12개월누적log,1.0,34,True,V023
서울25구,201810,서울_V023_아파트_준공_호|12개월누적log_12m차,1.0,34,True,V023
서울25구,201810,서울_V031_매매수급동향|수준,1.0,33,True,V031
서울25구,201810,서울_V031_매매수급동향|12m차,1.0,34,True,V031
서울25구,201810,서울_V032_전세수급동향|수준,1.0,34,True,V032
서울25구,201810,서울_V032_전세수급동향|12m차,1.0,34,True,V032
서울25구,201810,서울_V037_주택시장_소비심리지수|수준,1.0,34,True,V037
서울25구,201810,서울_V037_주택시장_소비심리지수|12m차,1.0,34,True,V037
서울25구,201810,서울_V050_지역별_주택관련대출_예금은행_십억원|12m로그변화,1.0,34,True,V050
서울25구,201810,V047_가계신용_총액_십억원|12m로그변화,1.0,12,True,V047
서울25구,201810,V049_시간당명목임금지수_2020=100|수준,1.0,11,True,V049
서울25구,201810,V049_시간당명목임금지수_2020=100|12m차,1.0,12,True,V049
서울25구,201810,V060_대출태도_국내은행_가계주택|수준,1.0,10,True,V060
서울25구,201810,V060_대출태도_국내은행_가계주택|12m차,1.0,10,True,V060
서울25구,201810,V074_가계동향_도시2인이상_월평균소득_원|수준,1.0,12,True,V074
서울25구,201810,V074_가계동향_도시2인이상_월평균소득_원|12m차,1.0,12,True,V074
서울25구,201810,V074_연결_월평균소득_원|12m로그변화,1.0,12,True,V074
서울25구,201810,V024_주거용신축허가_동수_동|12m로그변화,1.0,100,True,V024
서울25구,201810,V024_주거용신축허가_연면적_㎡|12m로그변화,1.0,100,True,V024
서울25구,201810,V072_총조사_가구수_가구|12m로그변화,0.29411764705882354,25,False,V072
서울25구,201810,V072_총조사_주택수_호|12m로그변화,0.29411764705882354,25,False,V072
서울25구,201810,V072_총조사단순주택수가구수비율|12m로그변화,0.29411764705882354,25,False,V072
서울25구,201810,V024_주거용신축허가_동수_천세대당|수준,1.0,100,True,V024
서울25구,201810,V024_주거용신축허가_동수_천세대당|12m차,1.0,100,True,V024
서울25구,201810,V013_서울구반기_고용률_%|수준,0.0,0,False,V013
서울25구,201810,V013_서울구반기_고용률_%|12m차,0.0,0,False,V013
서울25구,201810,V013_서울구반기_취업자_천명|12m로그변화,0.0,0,False,V013
서울25구,201810,V013_서울구_고용률_월별추정|수준,0.0,0,False,V013
서울25구,201810,V013_서울구_고용률_월별추정|12m차,0.0,0,False,V013
서울25구,201810,V013_서울구_취업자_월별추정|12m로그변화,0.0,0,False,V013
서울25구,201810,서울_V072_공식주택보급률_%|수준,1.0,4,True,V072
서울25구,201810,서울_V072_공식주택보급률_%|12m차,1.0,4,True,V072
서울25구,201810,D_CSI_전신계열,1.0,1,False,
서울25구,201810,D_Wage_10th,1.0,1,False,
서울25구,201810,D_Wage_11th,1.0,1,False,
서울25구,201810,M10_rent_growth_1m,0.9705882352941176,824,True,
서울25구,201810,M10_rent_growth_6m,0.8235294117647058,700,True,
서울25구,201901,V003_전세가율_%|수준,1.0,213,True,V003
서울25구,201901,V003_전세가율_%|12m차,1.0,267,True,V003
서울25구,201901,V004_지역별전월세전환율_%|수준,1.0,571,True,V004
서울25구,201901,V004_지역별전월세전환율_%|12m차,1.0,875,True,V004
서울25구,201901,V009_주민등록인구_명|12m로그변화,1.0,925,True,V009
서울25구,201901,V010_주민등록세대수_세대|12m로그변화,1.0,925,True,V010
서울25구,201901,V011_20-29세_명|12m로그변화,1.0,925,True,V011
서울25구,201901,V011_20-39세_명|12m로그변화,1.0,925,True,V011
서울25구,201901,V011_20-39세비중_%|수준,1.0,925,True,V011
서울25구,201901,V011_20-39세비중_%|12m차,1.0,925,True,V011
서울25구,201901,V011_30-39세_명|12m로그변화,1.0,925,True,V011
서울25구,201901,V012_순이동자수_명|천명당12개월,1.0,925,True,V012
서울25구,201901,V035_아파트거래_동호수_호|12개월누적log,1.0,872,True,V035
서울25구,201901,V035_아파트거래_동호수_호|12개월누적log_12m차,1.0,925,True,V035
서울25구,201901,V035_아파트거래_면적_천㎡|12개월누적log,1.0,544,True,V035
서울25구,201901,V035_아파트거래_면적_천㎡|12개월누적log_12m차,1.0,911,True,V035
서울25구,201901,V036_아파트매매거래_동호수_호|12개월누적log,1.0,863,True,V036
서울25구,201901,V036_아파트매매거래_동호수_호|12개월누적log_12m차,1.0,925,True,V036
서울25구,201901,V036_아파트매매거래_면적_천㎡|12개월누적log,1.0,475,True,V036
서울25구,201901,V036_아파트매매거래_면적_천㎡|12개월누적log_12m차,1.0,902,True,V036
서울25구,201901,V038_미분양주택현황_호|log,1.0,89,True,V038
서울25구,201901,V038_미분양주택현황_호|log_12m차,1.0,281,True,V038
서울25구,201901,V043_한국은행_기준금리_연%|수준,1.0,2,True,V043
서울25구,201901,V043_한국은행_기준금리_연%|12m차,1.0,6,True,V043
서울25구,201901,V044_시장금리_CD91일_연%|수준,1.0,21,True,V044
서울25구,201901,V044_시장금리_CD91일_연%|12m차,1.0,30,True,V044
서울25구,201901,V045_시장금리_국고채3년_연%|수준,1.0,37,True,V045
서울25구,201901,V045_시장금리_국고채3년_연%|12m차,1.0,37,True,V045
서울25구,201901,V046_M2_통화량_십억원|12m로그변화,1.0,37,True,V046
서울25구,201901,V048_소비자물가지수_2020=100|수준,1.0,36,True,V048
서울25구,201901,V048_소비자물가지수_2020=100|12m차,1.0,36,True,V048
서울25구,201901,V056_예금은행대출금리_주택담보_연리%|수준,1.0,31,True,V056
서울25구,201901,V056_예금은행대출금리_주택담보_연리%|12m차,1.0,33,True,V056
서울25구,201901,V057_예금은행대출금리_전세자금_연리%|수준,1.0,28,True,V057
서울25구,201901,V057_예금은행대출금리_전세자금_연리%|12m차,0.8108108108108109,24,True,V057
서울25구,201901,V059_비은행대출금리_주택담보_연리%|수준,1.0,31,True,V059
서울25구,201901,V059_비은행대출금리_주택담보_연리%|12m차,1.0,35,True,V059
서울25구,201901,V061_주택가격전망CSI_서울|수준,1.0,19,True,V061
서울25구,201901,V061_주택가격전망CSI_서울|12m차,1.0,24,True,V061
서울25구,201901,V062_주택가격전망CSI_6대광역시|수준,1.0,22,True,V062
서울25구,201901,V062_주택가격전망CSI_6대광역시|12m차,1.0,25,True,V062
서울25구,201901,V063_주택가격전망CSI_기타도시|수준,1.0,22,True,V063
서울25구,201901,V063_주택가격전망CSI_기타도시|12m차,1.0,21,True,V063
서울25구,201901,V064_KOSPI_종가_1980.01.04=100|수준,1.0,37,True,V064
서울25구,201901,V064_KOSPI_종가_1980.01.04=100|12m차,1.0,37,True,V064
서울25구,201901,V066_임금총액_사업체노동력_원|12m로그변화,1.0,37,True,V066
서울25구,201901,V067_선행지수순환변동치_2020=100|수준,1.0,23,True,V067
서울25구,201901,V067_선행지수순환변동치_2020=100|12m차,1.0,25,True,V067
서울25구,201901,V069_예금취급기관_가계대출_십억원|12m로그변화,1.0,37,True,V069
서울25구,201901,V069_예금취급기관_주택관련대출_십억원|12m로그변화,1.0,37,True,V069
서울25구,201901,V070_수출금액_천불|12m로그변화,1.0,37,True,V070
서울25구,201901,V071_정책대출_주금공_주택도시기금_십억원|12m로그변화,0.6486486486486487,24,False,V071
서울25구,201901,서울_V005_월세수급동향|수준,0.972972972972973,33,True,V005
서울25구,201901,서울_V005_월세수급동향|12m차,0.6486486486486487,24,False,V005
서울25구,201901,서울_V013_고용률_%|수준,1.0,16,True,V013
서울25구,201901,서울_V013_고용률_%|12m차,1.0,21,True,V013
서울25구,201901,서울_V013_취업자_천명|12m로그변화,1.0,37,True,V013
서울25구,201901,서울_V021_아파트_인허가_호|12개월누적log,1.0,37,True,V021
서울25구,201901,서울_V021_아파트_인허가_호|12개월누적log_12m차,1.0,37,True,V021
서울25구,201901,서울_V022_아파트_착공_호|12개월누적log,1.0,37,True,V022
서울25구,201901,서울_V022_아파트_착공_호|12개월누적log_12m차,1.0,37,True,V022
서울25구,201901,서울_V023_아파트_준공_호|12개월누적log,1.0,37,True,V023
서울25구,201901,서울_V023_아파트_준공_호|12개월누적log_12m차,1.0,37,True,V023
서울25구,201901,서울_V031_매매수급동향|수준,1.0,36,True,V031
서울25구,201901,서울_V031_매매수급동향|12m차,1.0,37,True,V031
서울25구,201901,서울_V032_전세수급동향|수준,1.0,37,True,V032
서울25구,201901,서울_V032_전세수급동향|12m차,1.0,37,True,V032
서울25구,201901,서울_V037_주택시장_소비심리지수|수준,1.0,36,True,V037
서울25구,201901,서울_V037_주택시장_소비심리지수|12m차,1.0,37,True,V037
서울25구,201901,서울_V050_지역별_주택관련대출_예금은행_십억원|12m로그변화,1.0,37,True,V050
서울25구,201901,V047_가계신용_총액_십억원|12m로그변화,1.0,13,True,V047
서울25구,201901,V049_시간당명목임금지수_2020=100|수준,1.0,12,True,V049
서울25구,201901,V049_시간당명목임금지수_2020=100|12m차,1.0,13,True,V049
서울25구,201901,V060_대출태도_국내은행_가계주택|수준,1.0,10,True,V060
서울25구,201901,V060_대출태도_국내은행_가계주택|12m차,1.0,11,True,V060
서울25구,201901,V074_가계동향_도시2인이상_월평균소득_원|수준,1.0,13,True,V074
서울25구,201901,V074_가계동향_도시2인이상_월평균소득_원|12m차,1.0,13,True,V074
서울25구,201901,V074_연결_월평균소득_원|12m로그변화,1.0,13,True,V074
서울25구,201901,V024_주거용신축허가_동수_동|12m로그변화,1.0,100,True,V024
서울25구,201901,V024_주거용신축허가_연면적_㎡|12m로그변화,1.0,100,True,V024
서울25구,201901,V072_총조사_가구수_가구|12m로그변화,0.35135135135135137,50,False,V072
서울25구,201901,V072_총조사_주택수_호|12m로그변화,0.35135135135135137,50,False,V072
서울25구,201901,V072_총조사단순주택수가구수비율|12m로그변화,0.35135135135135137,50,False,V072
서울25구,201901,V024_주거용신축허가_동수_천세대당|수준,1.0,100,True,V024
서울25구,201901,V024_주거용신축허가_동수_천세대당|12m차,1.0,100,True,V024
서울25구,201901,V013_서울구반기_고용률_%|수준,0.0,0,False,V013
서울25구,201901,V013_서울구반기_고용률_%|12m차,0.0,0,False,V013
서울25구,201901,V013_서울구반기_취업자_천명|12m로그변화,0.0,0,False,V013
서울25구,201901,V013_서울구_고용률_월별추정|수준,0.0,0,False,V013
서울25구,201901,V013_서울구_고용률_월별추정|12m차,0.0,0,False,V013
서울25구,201901,V013_서울구_취업자_월별추정|12m로그변화,0.0,0,False,V013
서울25구,201901,서울_V072_공식주택보급률_%|수준,1.0,4,True,V072
서울25구,201901,서울_V072_공식주택보급률_%|12m차,1.0,4,True,V072
서울25구,201901,D_CSI_전신계열,1.0,1,False,
서울25구,201901,D_Wage_10th,1.0,1,False,
서울25구,201901,D_Wage_11th,1.0,1,False,
서울25구,201901,M10_rent_growth_1m,0.972972972972973,899,True,
서울25구,201901,M10_rent_growth_6m,0.8378378378378378,775,True,
서울25구,201904,V003_전세가율_%|수준,1.0,225,True,V003
서울25구,201904,V003_전세가율_%|12m차,1.0,287,True,V003
서울25구,201904,V004_지역별전월세전환율_%|수준,1.0,616,True,V004
서울25구,201904,V004_지역별전월세전환율_%|12m차,1.0,946,True,V004
서울25구,201904,V009_주민등록인구_명|12m로그변화,1.0,1000,True,V009
서울25구,201904,V010_주민등록세대수_세대|12m로그변화,1.0,1000,True,V010
서울25구,201904,V011_20-29세_명|12m로그변화,1.0,1000,True,V011
서울25구,201904,V011_20-39세_명|12m로그변화,1.0,1000,True,V011
서울25구,201904,V011_20-39세비중_%|수준,1.0,1000,True,V011
서울25구,201904,V011_20-39세비중_%|12m차,1.0,1000,True,V011
서울25구,201904,V011_30-39세_명|12m로그변화,1.0,1000,True,V011
서울25구,201904,V012_순이동자수_명|천명당12개월,1.0,1000,True,V012
서울25구,201904,V035_아파트거래_동호수_호|12개월누적log,1.0,946,True,V035
서울25구,201904,V035_아파트거래_동호수_호|12개월누적log_12m차,1.0,1000,True,V035
서울25구,201904,V035_아파트거래_면적_천㎡|12개월누적log,1.0,568,True,V035
서울25구,201904,V035_아파트거래_면적_천㎡|12개월누적log_12m차,1.0,985,True,V035
서울25구,201904,V036_아파트매매거래_동호수_호|12개월누적log,1.0,927,True,V036
서울25구,201904,V036_아파트매매거래_동호수_호|12개월누적log_12m차,1.0,1000,True,V036
서울25구,201904,V036_아파트매매거래_면적_천㎡|12개월누적log,1.0,490,True,V036
서울25구,201904,V036_아파트매매거래_면적_천㎡|12개월누적log_12m차,1.0,975,True,V036
서울25구,201904,V038_미분양주택현황_호|log,1.0,89,True,V038
서울25구,201904,V038_미분양주택현황_호|log_12m차,1.0,283,True,V038
서울25구,201904,V043_한국은행_기준금리_연%|수준,1.0,2,True,V043
서울25구,201904,V043_한국은행_기준금리_연%|12m차,1.0,6,True,V043
서울25구,201904,V044_시장금리_CD91일_연%|수준,1.0,22,True,V044
서울25구,201904,V044_시장금리_CD91일_연%|12m차,1.0,31,True,V044
서울25구,201904,V045_시장금리_국고채3년_연%|수준,1.0,40,True,V045
서울25구,201904,V045_시장금리_국고채3년_연%|12m차,1.0,40,True,V045
서울25구,201904,V046_M2_통화량_십억원|12m로그변화,1.0,40,True,V046
서울25구,201904,V048_소비자물가지수_2020=100|수준,1.0,39,True,V048
서울25구,201904,V048_소비자물가지수_2020=100|12m차,1.0,39,True,V048
서울25구,201904,V056_예금은행대출금리_주택담보_연리%|수준,1.0,34,True,V056
서울25구,201904,V056_예금은행대출금리_주택담보_연리%|12m차,1.0,36,True,V056
서울25구,201904,V057_예금은행대출금리_전세자금_연리%|수준,1.0,29,True,V057
서울25구,201904,V057_예금은행대출금리_전세자금_연리%|12m차,0.825,27,True,V057
서울25구,201904,V059_비은행대출금리_주택담보_연리%|수준,1.0,34,True,V059
서울25구,201904,V059_비은행대출금리_주택담보_연리%|12m차,1.0,38,True,V059
서울25구,201904,V061_주택가격전망CSI_서울|수준,1.0,21,True,V061
서울25구,201904,V061_주택가격전망CSI_서울|12m차,1.0,26,True,V061
서울25구,201904,V062_주택가격전망CSI_6대광역시|수준,1.0,23,True,V062
서울25구,201904,V062_주택가격전망CSI_6대광역시|12m차,1.0,27,True,V062
서울25구,201904,V063_주택가격전망CSI_기타도시|수준,1.0,23,True,V063
서울25구,201904,V063_주택가격전망CSI_기타도시|12m차,1.0,22,True,V063
서울25구,201904,V064_KOSPI_종가_1980.01.04=100|수준,1.0,40,True,V064
서울25구,201904,V064_KOSPI_종가_1980.01.04=100|12m차,1.0,40,True,V064
서울25구,201904,V066_임금총액_사업체노동력_원|12m로그변화,1.0,40,True,V066
서울25구,201904,V067_선행지수순환변동치_2020=100|수준,1.0,23,True,V067
서울25구,201904,V067_선행지수순환변동치_2020=100|12m차,1.0,27,True,V067
서울25구,201904,V069_예금취급기관_가계대출_십억원|12m로그변화,1.0,40,True,V069
서울25구,201904,V069_예금취급기관_주택관련대출_십억원|12m로그변화,1.0,40,True,V069
서울25구,201904,V070_수출금액_천불|12m로그변화,1.0,40,True,V070
서울25구,201904,V071_정책대출_주금공_주택도시기금_십억원|12m로그변화,0.675,27,False,V071
서울25구,201904,서울_V005_월세수급동향|수준,0.975,36,True,V005
서울25구,201904,서울_V005_월세수급동향|12m차,0.675,27,False,V005
서울25구,201904,서울_V013_고용률_%|수준,1.0,17,True,V013
서울25구,201904,서울_V013_고용률_%|12m차,1.0,22,True,V013
서울25구,201904,서울_V013_취업자_천명|12m로그변화,1.0,40,True,V013
서울25구,201904,서울_V021_아파트_인허가_호|12개월누적log,1.0,40,True,V021
서울25구,201904,서울_V021_아파트_인허가_호|12개월누적log_12m차,1.0,40,True,V021
서울25구,201904,서울_V022_아파트_착공_호|12개월누적log,1.0,40,True,V022
서울25구,201904,서울_V022_아파트_착공_호|12개월누적log_12m차,1.0,40,True,V022
서울25구,201904,서울_V023_아파트_준공_호|12개월누적log,1.0,40,True,V023
서울25구,201904,서울_V023_아파트_준공_호|12개월누적log_12m차,1.0,40,True,V023
서울25구,201904,서울_V031_매매수급동향|수준,1.0,39,True,V031
서울25구,201904,서울_V031_매매수급동향|12m차,1.0,40,True,V031
서울25구,201904,서울_V032_전세수급동향|수준,1.0,40,True,V032
서울25구,201904,서울_V032_전세수급동향|12m차,1.0,40,True,V032
서울25구,201904,서울_V037_주택시장_소비심리지수|수준,1.0,37,True,V037
서울25구,201904,서울_V037_주택시장_소비심리지수|12m차,1.0,40,True,V037
서울25구,201904,서울_V050_지역별_주택관련대출_예금은행_십억원|12m로그변화,1.0,40,True,V050
서울25구,201904,V047_가계신용_총액_십억원|12m로그변화,1.0,14,True,V047
서울25구,201904,V049_시간당명목임금지수_2020=100|수준,1.0,13,True,V049
서울25구,201904,V049_시간당명목임금지수_2020=100|12m차,1.0,13,True,V049
서울25구,201904,V060_대출태도_국내은행_가계주택|수준,1.0,11,True,V060
서울25구,201904,V060_대출태도_국내은행_가계주택|12m차,1.0,12,True,V060
서울25구,201904,V074_가계동향_도시2인이상_월평균소득_원|수준,1.0,14,True,V074
서울25구,201904,V074_가계동향_도시2인이상_월평균소득_원|12m차,1.0,14,True,V074
서울25구,201904,V074_연결_월평균소득_원|12m로그변화,1.0,14,True,V074
서울25구,201904,V024_주거용신축허가_동수_동|12m로그변화,1.0,100,True,V024
서울25구,201904,V024_주거용신축허가_연면적_㎡|12m로그변화,1.0,100,True,V024
서울25구,201904,V072_총조사_가구수_가구|12m로그변화,0.4,50,False,V072
서울25구,201904,V072_총조사_주택수_호|12m로그변화,0.4,50,False,V072
서울25구,201904,V072_총조사단순주택수가구수비율|12m로그변화,0.4,50,False,V072
서울25구,201904,V024_주거용신축허가_동수_천세대당|수준,1.0,100,True,V024
서울25구,201904,V024_주거용신축허가_동수_천세대당|12m차,1.0,100,True,V024
서울25구,201904,V013_서울구반기_고용률_%|수준,0.0,0,False,V013
서울25구,201904,V013_서울구반기_고용률_%|12m차,0.0,0,False,V013
서울25구,201904,V013_서울구반기_취업자_천명|12m로그변화,0.0,0,False,V013
서울25구,201904,V013_서울구_고용률_월별추정|수준,0.0,0,False,V013
서울25구,201904,V013_서울구_고용률_월별추정|12m차,0.0,0,False,V013
서울25구,201904,V013_서울구_취업자_월별추정|12m로그변화,0.0,0,False,V013
서울25구,201904,서울_V072_공식주택보급률_%|수준,1.0,4,True,V072
서울25구,201904,서울_V072_공식주택보급률_%|12m차,1.0,4,True,V072
서울25구,201904,D_CSI_전신계열,1.0,1,False,
서울25구,201904,D_Wage_10th,1.0,1,False,
서울25구,201904,D_Wage_11th,1.0,1,False,
서울25구,201904,M10_rent_growth_1m,0.975,974,True,
서울25구,201904,M10_rent_growth_6m,0.85,850,True,
서울25구,201907,V003_전세가율_%|수준,1.0,233,True,V003
서울25구,201907,V003_전세가율_%|12m차,1.0,306,True,V003
서울25구,201907,V004_지역별전월세전환율_%|수준,1.0,661,True,V004
서울25구,201907,V004_지역별전월세전환율_%|12m차,1.0,1014,True,V004
서울25구,201907,V009_주민등록인구_명|12m로그변화,1.0,1075,True,V009
서울25구,201907,V010_주민등록세대수_세대|12m로그변화,1.0,1075,True,V010
서울25구,201907,V011_20-29세_명|12m로그변화,1.0,1075,True,V011
서울25구,201907,V011_20-39세_명|12m로그변화,1.0,1075,True,V011
서울25구,201907,V011_20-39세비중_%|수준,1.0,1075,True,V011
서울25구,201907,V011_20-39세비중_%|12m차,1.0,1075,True,V011
서울25구,201907,V011_30-39세_명|12m로그변화,1.0,1075,True,V011
서울25구,201907,V012_순이동자수_명|천명당12개월,1.0,1075,True,V012
서울25구,201907,V035_아파트거래_동호수_호|12개월누적log,1.0,1016,True,V035
서울25구,201907,V035_아파트거래_동호수_호|12개월누적log_12m차,1.0,1075,True,V035
서울25구,201907,V035_아파트거래_면적_천㎡|12개월누적log,1.0,592,True,V035
서울25구,201907,V035_아파트거래_면적_천㎡|12개월누적log_12m차,1.0,1060,True,V035
서울25구,201907,V036_아파트매매거래_동호수_호|12개월누적log,1.0,994,True,V036
서울25구,201907,V036_아파트매매거래_동호수_호|12개월누적log_12m차,1.0,1075,True,V036
서울25구,201907,V036_아파트매매거래_면적_천㎡|12개월누적log,1.0,505,True,V036
서울25구,201907,V036_아파트매매거래_면적_천㎡|12개월누적log_12m차,1.0,1049,True,V036
서울25구,201907,V038_미분양주택현황_호|log,1.0,89,True,V038
서울25구,201907,V038_미분양주택현황_호|log_12m차,1.0,284,True,V038
서울25구,201907,V043_한국은행_기준금리_연%|수준,1.0,3,True,V043
서울25구,201907,V043_한국은행_기준금리_연%|12m차,1.0,6,True,V043
서울25구,201907,V044_시장금리_CD91일_연%|수준,1.0,25,True,V044
서울25구,201907,V044_시장금리_CD91일_연%|12m차,1.0,33,True,V044
서울25구,201907,V045_시장금리_국고채3년_연%|수준,1.0,43,True,V045
서울25구,201907,V045_시장금리_국고채3년_연%|12m차,1.0,43,True,V045
서울25구,201907,V046_M2_통화량_십억원|12m로그변화,1.0,43,True,V046
서울25구,201907,V048_소비자물가지수_2020=100|수준,1.0,42,True,V048
서울25구,201907,V048_소비자물가지수_2020=100|12m차,1.0,42,True,V048
서울25구,201907,V056_예금은행대출금리_주택담보_연리%|수준,1.0,35,True,V056
서울25구,201907,V056_예금은행대출금리_주택담보_연리%|12m차,1.0,39,True,V056
서울25구,201907,V057_예금은행대출금리_전세자금_연리%|수준,1.0,30,True,V057
서울25구,201907,V057_예금은행대출금리_전세자금_연리%|12m차,0.8372093023255814,30,True,V057
서울25구,201907,V059_비은행대출금리_주택담보_연리%|수준,1.0,37,True,V059
서울25구,201907,V059_비은행대출금리_주택담보_연리%|12m차,1.0,41,True,V059
서울25구,201907,V061_주택가격전망CSI_서울|수준,1.0,22,True,V061
서울25구,201907,V061_주택가격전망CSI_서울|12m차,1.0,27,True,V061
서울25구,201907,V062_주택가격전망CSI_6대광역시|수준,1.0,24,True,V062
서울25구,201907,V062_주택가격전망CSI_6대광역시|12m차,1.0,28,True,V062
서울25구,201907,V063_주택가격전망CSI_기타도시|수준,1.0,24,True,V063
서울25구,201907,V063_주택가격전망CSI_기타도시|12m차,1.0,22,True,V063
서울25구,201907,V064_KOSPI_종가_1980.01.04=100|수준,1.0,43,True,V064
서울25구,201907,V064_KOSPI_종가_1980.01.04=100|12m차,1.0,43,True,V064
서울25구,201907,V066_임금총액_사업체노동력_원|12m로그변화,1.0,43,True,V066
서울25구,201907,V067_선행지수순환변동치_2020=100|수준,1.0,23,True,V067
서울25구,201907,V067_선행지수순환변동치_2020=100|12m차,1.0,30,True,V067
서울25구,201907,V069_예금취급기관_가계대출_십억원|12m로그변화,1.0,43,True,V069
서울25구,201907,V069_예금취급기관_주택관련대출_십억원|12m로그변화,1.0,43,True,V069
서울25구,201907,V070_수출금액_천불|12m로그변화,1.0,43,True,V070
서울25구,201907,V071_정책대출_주금공_주택도시기금_십억원|12m로그변화,0.6976744186046512,30,False,V071
서울25구,201907,서울_V005_월세수급동향|수준,0.9767441860465116,39,True,V005
서울25구,201907,서울_V005_월세수급동향|12m차,0.6976744186046512,30,False,V005
서울25구,201907,서울_V013_고용률_%|수준,1.0,17,True,V013
서울25구,201907,서울_V013_고용률_%|12m차,1.0,23,True,V013
서울25구,201907,서울_V013_취업자_천명|12m로그변화,1.0,43,True,V013
서울25구,201907,서울_V021_아파트_인허가_호|12개월누적log,1.0,43,True,V021
서울25구,201907,서울_V021_아파트_인허가_호|12개월누적log_12m차,1.0,43,True,V021
서울25구,201907,서울_V022_아파트_착공_호|12개월누적log,1.0,43,True,V022
서울25구,201907,서울_V022_아파트_착공_호|12개월누적log_12m차,1.0,43,True,V022
서울25구,201907,서울_V023_아파트_준공_호|12개월누적log,1.0,43,True,V023
서울25구,201907,서울_V023_아파트_준공_호|12개월누적log_12m차,1.0,43,True,V023
서울25구,201907,서울_V031_매매수급동향|수준,1.0,42,True,V031
서울25구,201907,서울_V031_매매수급동향|12m차,1.0,43,True,V031
서울25구,201907,서울_V032_전세수급동향|수준,1.0,43,True,V032
서울25구,201907,서울_V032_전세수급동향|12m차,1.0,43,True,V032
서울25구,201907,서울_V037_주택시장_소비심리지수|수준,1.0,40,True,V037
서울25구,201907,서울_V037_주택시장_소비심리지수|12m차,1.0,43,True,V037
서울25구,201907,서울_V050_지역별_주택관련대출_예금은행_십억원|12m로그변화,1.0,43,True,V050
서울25구,201907,V047_가계신용_총액_십억원|12m로그변화,1.0,15,True,V047
서울25구,201907,V049_시간당명목임금지수_2020=100|수준,1.0,14,True,V049
서울25구,201907,V049_시간당명목임금지수_2020=100|12m차,1.0,14,True,V049
서울25구,201907,V060_대출태도_국내은행_가계주택|수준,1.0,12,True,V060
서울25구,201907,V060_대출태도_국내은행_가계주택|12m차,1.0,13,True,V060
서울25구,201907,V074_가계동향_도시2인이상_월평균소득_원|수준,1.0,15,True,V074
서울25구,201907,V074_가계동향_도시2인이상_월평균소득_원|12m차,1.0,15,True,V074
서울25구,201907,V074_연결_월평균소득_원|12m로그변화,1.0,15,True,V074
서울25구,201907,V024_주거용신축허가_동수_동|12m로그변화,1.0,125,True,V024
서울25구,201907,V024_주거용신축허가_연면적_㎡|12m로그변화,1.0,125,True,V024
서울25구,201907,V072_총조사_가구수_가구|12m로그변화,0.4418604651162791,50,False,V072
서울25구,201907,V072_총조사_주택수_호|12m로그변화,0.4418604651162791,50,False,V072
서울25구,201907,V072_총조사단순주택수가구수비율|12m로그변화,0.4418604651162791,50,False,V072
서울25구,201907,V024_주거용신축허가_동수_천세대당|수준,1.0,125,True,V024
서울25구,201907,V024_주거용신축허가_동수_천세대당|12m차,1.0,125,True,V024
서울25구,201907,V013_서울구반기_고용률_%|수준,0.0,0,False,V013
서울25구,201907,V013_서울구반기_고용률_%|12m차,0.0,0,False,V013
서울25구,201907,V013_서울구반기_취업자_천명|12m로그변화,0.0,0,False,V013
서울25구,201907,V013_서울구_고용률_월별추정|수준,0.0,0,False,V013
서울25구,201907,V013_서울구_고용률_월별추정|12m차,0.0,0,False,V013
서울25구,201907,V013_서울구_취업자_월별추정|12m로그변화,0.0,0,False,V013
서울25구,201907,서울_V072_공식주택보급률_%|수준,1.0,5,True,V072
서울25구,201907,서울_V072_공식주택보급률_%|12m차,1.0,5,True,V072
서울25구,201907,D_CSI_전신계열,1.0,1,False,
서울25구,201907,D_Wage_10th,1.0,1,False,
서울25구,201907,D_Wage_11th,1.0,1,False,
서울25구,201907,M10_rent_growth_1m,0.9767441860465116,1049,True,
서울25구,201907,M10_rent_growth_6m,0.8604651162790697,925,True,
서울25구,201910,V003_전세가율_%|수준,1.0,255,True,V003
서울25구,201910,V003_전세가율_%|12m차,1.0,352,True,V003
서울25구,201910,V004_지역별전월세전환율_%|수준,1.0,698,True,V004
서울25구,201910,V004_지역별전월세전환율_%|12m차,1.0,1083,True,V004
서울25구,201910,V009_주민등록인구_명|12m로그변화,1.0,1150,True,V009
서울25구,201910,V010_주민등록세대수_세대|12m로그변화,1.0,1150,True,V010
서울25구,201910,V011_20-29세_명|12m로그변화,1.0,1150,True,V011
서울25구,201910,V011_20-39세_명|12m로그변화,1.0,1150,True,V011
서울25구,201910,V011_20-39세비중_%|수준,1.0,1150,True,V011
서울25구,201910,V011_20-39세비중_%|12m차,1.0,1150,True,V011
서울25구,201910,V011_30-39세_명|12m로그변화,1.0,1150,True,V011
서울25구,201910,V012_순이동자수_명|천명당12개월,1.0,1150,True,V012
서울25구,201910,V035_아파트거래_동호수_호|12개월누적log,1.0,1084,True,V035
서울25구,201910,V035_아파트거래_동호수_호|12개월누적log_12m차,1.0,1150,True,V035
서울25구,201910,V035_아파트거래_면적_천㎡|12개월누적log,1.0,618,True,V035
서울25구,201910,V035_아파트거래_면적_천㎡|12개월누적log_12m차,1.0,1134,True,V035
서울25구,201910,V036_아파트매매거래_동호수_호|12개월누적log,1.0,1053,True,V036
서울25구,201910,V036_아파트매매거래_동호수_호|12개월누적log_12m차,1.0,1150,True,V036
서울25구,201910,V036_아파트매매거래_면적_천㎡|12개월누적log,1.0,528,True,V036
서울25구,201910,V036_아파트매매거래_면적_천㎡|12개월누적log_12m차,1.0,1123,True,V036
서울25구,201910,V038_미분양주택현황_호|log,1.0,90,True,V038
서울25구,201910,V038_미분양주택현황_호|log_12m차,1.0,287,True,V038
서울25구,201910,V043_한국은행_기준금리_연%|수준,1.0,3,True,V043
서울25구,201910,V043_한국은행_기준금리_연%|12m차,1.0,6,True,V043
서울25구,201910,V044_시장금리_CD91일_연%|수준,1.0,27,True,V044
서울25구,201910,V044_시장금리_CD91일_연%|12m차,1.0,34,True,V044
서울25구,201910,V045_시장금리_국고채3년_연%|수준,1.0,46,True,V045
서울25구,201910,V045_시장금리_국고채3년_연%|12m차,1.0,46,True,V045
서울25구,201910,V046_M2_통화량_십억원|12m로그변화,1.0,46,True,V046
서울25구,201910,V048_소비자물가지수_2020=100|수준,1.0,45,True,V048
서울25구,201910,V048_소비자물가지수_2020=100|12m차,1.0,45,True,V048
서울25구,201910,V056_예금은행대출금리_주택담보_연리%|수준,1.0,36,True,V056
서울25구,201910,V056_예금은행대출금리_주택담보_연리%|12m차,1.0,42,True,V056
서울25구,201910,V057_예금은행대출금리_전세자금_연리%|수준,1.0,31,True,V057
서울25구,201910,V057_예금은행대출금리_전세자금_연리%|12m차,0.8478260869565217,32,True,V057
서울25구,201910,V059_비은행대출금리_주택담보_연리%|수준,1.0,39,True,V059
서울25구,201910,V059_비은행대출금리_주택담보_연리%|12m차,1.0,44,True,V059
서울25구,201910,V061_주택가격전망CSI_서울|수준,1.0,24,True,V061
서울25구,201910,V061_주택가격전망CSI_서울|12m차,1.0,29,True,V061
서울25구,201910,V062_주택가격전망CSI_6대광역시|수준,1.0,27,True,V062
서울25구,201910,V062_주택가격전망CSI_6대광역시|12m차,1.0,30,True,V062
서울25구,201910,V063_주택가격전망CSI_기타도시|수준,1.0,27,True,V063
서울25구,201910,V063_주택가격전망CSI_기타도시|12m차,1.0,25,True,V063
서울25구,201910,V064_KOSPI_종가_1980.01.04=100|수준,1.0,46,True,V064
서울25구,201910,V064_KOSPI_종가_1980.01.04=100|12m차,1.0,46,True,V064
서울25구,201910,V066_임금총액_사업체노동력_원|12m로그변화,1.0,46,True,V066
서울25구,201910,V067_선행지수순환변동치_2020=100|수준,1.0,23,True,V067
서울25구,201910,V067_선행지수순환변동치_2020=100|12m차,1.0,33,True,V067
서울25구,201910,V069_예금취급기관_가계대출_십억원|12m로그변화,1.0,46,True,V069
서울25구,201910,V069_예금취급기관_주택관련대출_십억원|12m로그변화,1.0,46,True,V069
서울25구,201910,V070_수출금액_천불|12m로그변화,1.0,46,True,V070
서울25구,201910,V071_정책대출_주금공_주택도시기금_십억원|12m로그변화,0.717391304347826,33,True,V071
서울25구,201910,서울_V005_월세수급동향|수준,0.9782608695652174,42,True,V005
서울25구,201910,서울_V005_월세수급동향|12m차,0.717391304347826,33,True,V005
서울25구,201910,서울_V013_고용률_%|수준,1.0,19,True,V013
서울25구,201910,서울_V013_고용률_%|12m차,1.0,25,True,V013
서울25구,201910,서울_V013_취업자_천명|12m로그변화,1.0,46,True,V013
서울25구,201910,서울_V021_아파트_인허가_호|12개월누적log,1.0,46,True,V021
서울25구,201910,서울_V021_아파트_인허가_호|12개월누적log_12m차,1.0,46,True,V021
서울25구,201910,서울_V022_아파트_착공_호|12개월누적log,1.0,46,True,V022
서울25구,201910,서울_V022_아파트_착공_호|12개월누적log_12m차,1.0,46,True,V022
서울25구,201910,서울_V023_아파트_준공_호|12개월누적log,1.0,46,True,V023
서울25구,201910,서울_V023_아파트_준공_호|12개월누적log_12m차,1.0,46,True,V023
서울25구,201910,서울_V031_매매수급동향|수준,1.0,45,True,V031
서울25구,201910,서울_V031_매매수급동향|12m차,1.0,46,True,V031
서울25구,201910,서울_V032_전세수급동향|수준,1.0,46,True,V032
서울25구,201910,서울_V032_전세수급동향|12m차,1.0,46,True,V032
서울25구,201910,서울_V037_주택시장_소비심리지수|수준,1.0,43,True,V037
서울25구,201910,서울_V037_주택시장_소비심리지수|12m차,1.0,46,True,V037
서울25구,201910,서울_V050_지역별_주택관련대출_예금은행_십억원|12m로그변화,1.0,46,True,V050
서울25구,201910,V047_가계신용_총액_십억원|12m로그변화,1.0,16,True,V047
서울25구,201910,V049_시간당명목임금지수_2020=100|수준,1.0,15,True,V049
서울25구,201910,V049_시간당명목임금지수_2020=100|12m차,1.0,15,True,V049
서울25구,201910,V060_대출태도_국내은행_가계주택|수준,1.0,13,True,V060
서울25구,201910,V060_대출태도_국내은행_가계주택|12m차,1.0,14,True,V060
서울25구,201910,V074_가계동향_도시2인이상_월평균소득_원|수준,1.0,16,True,V074
서울25구,201910,V074_가계동향_도시2인이상_월평균소득_원|12m차,1.0,16,True,V074
서울25구,201910,V074_연결_월평균소득_원|12m로그변화,1.0,16,True,V074
서울25구,201910,V024_주거용신축허가_동수_동|12m로그변화,1.0,125,True,V024
서울25구,201910,V024_주거용신축허가_연면적_㎡|12m로그변화,1.0,125,True,V024
서울25구,201910,V072_총조사_가구수_가구|12m로그변화,0.4782608695652174,50,False,V072
서울25구,201910,V072_총조사_주택수_호|12m로그변화,0.4782608695652174,50,False,V072
서울25구,201910,V072_총조사단순주택수가구수비율|12m로그변화,0.4782608695652174,50,False,V072
서울25구,201910,V024_주거용신축허가_동수_천세대당|수준,1.0,125,True,V024
서울25구,201910,V024_주거용신축허가_동수_천세대당|12m차,1.0,125,True,V024
서울25구,201910,V013_서울구반기_고용률_%|수준,0.0,0,False,V013
서울25구,201910,V013_서울구반기_고용률_%|12m차,0.0,0,False,V013
서울25구,201910,V013_서울구반기_취업자_천명|12m로그변화,0.0,0,False,V013
서울25구,201910,V013_서울구_고용률_월별추정|수준,0.0,0,False,V013
서울25구,201910,V013_서울구_고용률_월별추정|12m차,0.0,0,False,V013
서울25구,201910,V013_서울구_취업자_월별추정|12m로그변화,0.0,0,False,V013
서울25구,201910,서울_V072_공식주택보급률_%|수준,1.0,5,True,V072
서울25구,201910,서울_V072_공식주택보급률_%|12m차,1.0,5,True,V072
서울25구,201910,D_CSI_전신계열,1.0,1,False,
서울25구,201910,D_Wage_10th,1.0,1,False,
서울25구,201910,D_Wage_11th,1.0,1,False,
서울25구,201910,M10_rent_growth_1m,0.9782608695652174,1124,True,
서울25구,201910,M10_rent_growth_6m,0.8695652173913043,1000,True,
서울25구,202001,V003_전세가율_%|수준,1.0,262,True,V003
서울25구,202001,V003_전세가율_%|12m차,1.0,380,True,V003
서울25구,202001,V004_지역별전월세전환율_%|수준,1.0,738,True,V004
서울25구,202001,V004_지역별전월세전환율_%|12m차,1.0,1154,True,V004
서울25구,202001,V009_주민등록인구_명|12m로그변화,1.0,1225,True,V009
서울25구,202001,V010_주민등록세대수_세대|12m로그변화,1.0,1225,True,V010
서울25구,202001,V011_20-29세_명|12m로그변화,1.0,1225,True,V011
서울25구,202001,V011_20-39세_명|12m로그변화,1.0,1225,True,V011
서울25구,202001,V011_20-39세비중_%|수준,1.0,1225,True,V011
서울25구,202001,V011_20-39세비중_%|12m차,1.0,1225,True,V011
서울25구,202001,V011_30-39세_명|12m로그변화,1.0,1225,True,V011
서울25구,202001,V012_순이동자수_명|천명당12개월,1.0,1225,True,V012
서울25구,202001,V035_아파트거래_동호수_호|12개월누적log,1.0,1149,True,V035
서울25구,202001,V035_아파트거래_동호수_호|12개월누적log_12m차,1.0,1225,True,V035
서울25구,202001,V035_아파트거래_면적_천㎡|12개월누적log,1.0,638,True,V035
서울25구,202001,V035_아파트거래_면적_천㎡|12개월누적log_12m차,1.0,1209,True,V035
서울25구,202001,V036_아파트매매거래_동호수_호|12개월누적log,1.0,1117,True,V036
서울25구,202001,V036_아파트매매거래_동호수_호|12개월누적log_12m차,1.0,1225,True,V036
서울25구,202001,V036_아파트매매거래_면적_천㎡|12개월누적log,1.0,541,True,V036
서울25구,202001,V036_아파트매매거래_면적_천㎡|12개월누적log_12m차,1.0,1198,True,V036
서울25구,202001,V038_미분양주택현황_호|log,1.0,94,True,V038
서울25구,202001,V038_미분양주택현황_호|log_12m차,1.0,291,True,V038
서울25구,202001,V043_한국은행_기준금리_연%|수준,1.0,3,True,V043
서울25구,202001,V043_한국은행_기준금리_연%|12m차,1.0,6,True,V043
서울25구,202001,V044_시장금리_CD91일_연%|수준,1.0,29,True,V044
서울25구,202001,V044_시장금리_CD91일_연%|12m차,1.0,36,True,V044
서울25구,202001,V045_시장금리_국고채3년_연%|수준,1.0,49,True,V045
서울25구,202001,V045_시장금리_국고채3년_연%|12m차,1.0,49,True,V045
서울25구,202001,V046_M2_통화량_십억원|12m로그변화,1.0,49,True,V046
서울25구,202001,V048_소비자물가지수_2020=100|수준,1.0,48,True,V048
서울25구,202001,V048_소비자물가지수_2020=100|12m차,1.0,48,True,V048
서울25구,202001,V056_예금은행대출금리_주택담보_연리%|수준,1.0,38,True,V056
서울25구,202001,V056_예금은행대출금리_주택담보_연리%|12m차,1.0,44,True,V056
서울25구,202001,V057_예금은행대출금리_전세자금_연리%|수준,1.0,32,True,V057
서울25구,202001,V057_예금은행대출금리_전세자금_연리%|12m차,0.8571428571428571,35,True,V057
서울25구,202001,V059_비은행대출금리_주택담보_연리%|수준,1.0,40,True,V059
서울25구,202001,V059_비은행대출금리_주택담보_연리%|12m차,1.0,47,True,V059
서울25구,202001,V061_주택가격전망CSI_서울|수준,1.0,27,True,V061
서울25구,202001,V061_주택가격전망CSI_서울|12m차,1.0,31,True,V061
서울25구,202001,V062_주택가격전망CSI_6대광역시|수준,1.0,28,True,V062
서울25구,202001,V062_주택가격전망CSI_6대광역시|12m차,1.0,31,True,V062
서울25구,202001,V063_주택가격전망CSI_기타도시|수준,1.0,29,True,V063
서울25구,202001,V063_주택가격전망CSI_기타도시|12m차,1.0,26,True,V063
서울25구,202001,V064_KOSPI_종가_1980.01.04=100|수준,1.0,49,True,V064
서울25구,202001,V064_KOSPI_종가_1980.01.04=100|12m차,1.0,49,True,V064
서울25구,202001,V066_임금총액_사업체노동력_원|12m로그변화,1.0,49,True,V066
서울25구,202001,V067_선행지수순환변동치_2020=100|수준,1.0,25,True,V067
서울25구,202001,V067_선행지수순환변동치_2020=100|12m차,1.0,35,True,V067
서울25구,202001,V069_예금취급기관_가계대출_십억원|12m로그변화,1.0,49,True,V069
서울25구,202001,V069_예금취급기관_주택관련대출_십억원|12m로그변화,1.0,49,True,V069
서울25구,202001,V070_수출금액_천불|12m로그변화,1.0,49,True,V070
서울25구,202001,V071_정책대출_주금공_주택도시기금_십억원|12m로그변화,0.7346938775510204,36,True,V071
서울25구,202001,서울_V005_월세수급동향|수준,0.9795918367346939,45,True,V005
서울25구,202001,서울_V005_월세수급동향|12m차,0.7346938775510204,36,True,V005
서울25구,202001,서울_V013_고용률_%|수준,1.0,19,True,V013
서울25구,202001,서울_V013_고용률_%|12m차,1.0,27,True,V013
서울25구,202001,서울_V013_취업자_천명|12m로그변화,1.0,49,True,V013
서울25구,202001,서울_V021_아파트_인허가_호|12개월누적log,1.0,49,True,V021
서울25구,202001,서울_V021_아파트_인허가_호|12개월누적log_12m차,1.0,49,True,V021
서울25구,202001,서울_V022_아파트_착공_호|12개월누적log,1.0,49,True,V022
서울25구,202001,서울_V022_아파트_착공_호|12개월누적log_12m차,1.0,49,True,V022
서울25구,202001,서울_V023_아파트_준공_호|12개월누적log,1.0,49,True,V023
서울25구,202001,서울_V023_아파트_준공_호|12개월누적log_12m차,1.0,49,True,V023
서울25구,202001,서울_V031_매매수급동향|수준,1.0,48,True,V031
서울25구,202001,서울_V031_매매수급동향|12m차,1.0,49,True,V031
서울25구,202001,서울_V032_전세수급동향|수준,1.0,49,True,V032
서울25구,202001,서울_V032_전세수급동향|12m차,1.0,49,True,V032
서울25구,202001,서울_V037_주택시장_소비심리지수|수준,1.0,46,True,V037
서울25구,202001,서울_V037_주택시장_소비심리지수|12m차,1.0,49,True,V037
서울25구,202001,서울_V050_지역별_주택관련대출_예금은행_십억원|12m로그변화,1.0,49,True,V050
서울25구,202001,V047_가계신용_총액_십억원|12m로그변화,1.0,17,True,V047
서울25구,202001,V049_시간당명목임금지수_2020=100|수준,1.0,16,True,V049
서울25구,202001,V049_시간당명목임금지수_2020=100|12m차,1.0,16,True,V049
서울25구,202001,V060_대출태도_국내은행_가계주택|수준,1.0,14,True,V060
서울25구,202001,V060_대출태도_국내은행_가계주택|12m차,1.0,15,True,V060
서울25구,202001,V074_가계동향_도시2인이상_월평균소득_원|수준,1.0,17,True,V074
서울25구,202001,V074_가계동향_도시2인이상_월평균소득_원|12m차,1.0,17,True,V074
서울25구,202001,V074_연결_월평균소득_원|12m로그변화,1.0,17,True,V074
서울25구,202001,V024_주거용신축허가_동수_동|12m로그변화,1.0,125,True,V024
서울25구,202001,V024_주거용신축허가_연면적_㎡|12m로그변화,1.0,125,True,V024
서울25구,202001,V072_총조사_가구수_가구|12m로그변화,0.5102040816326531,75,False,V072
서울25구,202001,V072_총조사_주택수_호|12m로그변화,0.5102040816326531,75,False,V072
서울25구,202001,V072_총조사단순주택수가구수비율|12m로그변화,0.5102040816326531,75,False,V072
서울25구,202001,V024_주거용신축허가_동수_천세대당|수준,1.0,125,True,V024
서울25구,202001,V024_주거용신축허가_동수_천세대당|12m차,1.0,125,True,V024
서울25구,202001,V013_서울구반기_고용률_%|수준,0.0,0,False,V013
서울25구,202001,V013_서울구반기_고용률_%|12m차,0.0,0,False,V013
서울25구,202001,V013_서울구반기_취업자_천명|12m로그변화,0.0,0,False,V013
서울25구,202001,V013_서울구_고용률_월별추정|수준,0.0,0,False,V013
서울25구,202001,V013_서울구_고용률_월별추정|12m차,0.0,0,False,V013
서울25구,202001,V013_서울구_취업자_월별추정|12m로그변화,0.0,0,False,V013
서울25구,202001,서울_V072_공식주택보급률_%|수준,1.0,5,True,V072
서울25구,202001,서울_V072_공식주택보급률_%|12m차,1.0,5,True,V072
서울25구,202001,D_CSI_전신계열,1.0,1,False,
서울25구,202001,D_Wage_10th,1.0,1,False,
서울25구,202001,D_Wage_11th,1.0,1,False,
서울25구,202001,M10_rent_growth_1m,0.9795918367346939,1198,True,
서울25구,202001,M10_rent_growth_6m,0.8775510204081632,1075,True,
서울25구,202004,V003_전세가율_%|수준,1.0,268,True,V003
서울25구,202004,V003_전세가율_%|12m차,1.0,405,True,V003
서울25구,202004,V004_지역별전월세전환율_%|수준,1.0,774,True,V004
서울25구,202004,V004_지역별전월세전환율_%|12m차,1.0,1225,True,V004
서울25구,202004,V009_주민등록인구_명|12m로그변화,1.0,1300,True,V009
서울25구,202004,V010_주민등록세대수_세대|12m로그변화,1.0,1300,True,V010
서울25구,202004,V011_20-29세_명|12m로그변화,1.0,1300,True,V011
서울25구,202004,V011_20-39세_명|12m로그변화,1.0,1300,True,V011
서울25구,202004,V011_20-39세비중_%|수준,1.0,1300,True,V011
서울25구,202004,V011_20-39세비중_%|12m차,1.0,1300,True,V011
서울25구,202004,V011_30-39세_명|12m로그변화,1.0,1300,True,V011
서울25구,202004,V012_순이동자수_명|천명당12개월,1.0,1300,True,V012
서울25구,202004,V035_아파트거래_동호수_호|12개월누적log,1.0,1209,True,V035
서울25구,202004,V035_아파트거래_동호수_호|12개월누적log_12m차,1.0,1300,True,V035
서울25구,202004,V035_아파트거래_면적_천㎡|12개월누적log,1.0,651,True,V035
서울25구,202004,V035_아파트거래_면적_천㎡|12개월누적log_12m차,1.0,1283,True,V035
서울25구,202004,V036_아파트매매거래_동호수_호|12개월누적log,1.0,1181,True,V036
서울25구,202004,V036_아파트매매거래_동호수_호|12개월누적log_12m차,1.0,1300,True,V036
서울25구,202004,V036_아파트매매거래_면적_천㎡|12개월누적log,1.0,554,True,V036
서울25구,202004,V036_아파트매매거래_면적_천㎡|12개월누적log_12m차,1.0,1273,True,V036
서울25구,202004,V038_미분양주택현황_호|log,1.0,95,True,V038
서울25구,202004,V038_미분양주택현황_호|log_12m차,1.0,294,True,V038
서울25구,202004,V043_한국은행_기준금리_연%|수준,1.0,3,True,V043
서울25구,202004,V043_한국은행_기준금리_연%|12m차,1.0,6,True,V043
서울25구,202004,V044_시장금리_CD91일_연%|수준,1.0,30,True,V044
서울25구,202004,V044_시장금리_CD91일_연%|12m차,1.0,38,True,V044
서울25구,202004,V045_시장금리_국고채3년_연%|수준,1.0,52,True,V045
서울25구,202004,V045_시장금리_국고채3년_연%|12m차,1.0,52,True,V045
서울25구,202004,V046_M2_통화량_십억원|12m로그변화,1.0,52,True,V046
서울25구,202004,V048_소비자물가지수_2020=100|수준,1.0,51,True,V048
서울25구,202004,V048_소비자물가지수_2020=100|12m차,1.0,51,True,V048
서울25구,202004,V056_예금은행대출금리_주택담보_연리%|수준,1.0,41,True,V056
서울25구,202004,V056_예금은행대출금리_주택담보_연리%|12m차,1.0,47,True,V056
서울25구,202004,V057_예금은행대출금리_전세자금_연리%|수준,1.0,33,True,V057
서울25구,202004,V057_예금은행대출금리_전세자금_연리%|12m차,0.8653846153846154,38,True,V057
서울25구,202004,V059_비은행대출금리_주택담보_연리%|수준,1.0,42,True,V059
서울25구,202004,V059_비은행대출금리_주택담보_연리%|12m차,1.0,49,True,V059
서울25구,202004,V061_주택가격전망CSI_서울|수준,1.0,28,True,V061
서울25구,202004,V061_주택가격전망CSI_서울|12m차,1.0,31,True,V061
서울25구,202004,V062_주택가격전망CSI_6대광역시|수준,1.0,29,True,V062
서울25구,202004,V062_주택가격전망CSI_6대광역시|12m차,1.0,32,True,V062
서울25구,202004,V063_주택가격전망CSI_기타도시|수준,1.0,29,True,V063
서울25구,202004,V063_주택가격전망CSI_기타도시|12m차,1.0,28,True,V063
서울25구,202004,V064_KOSPI_종가_1980.01.04=100|수준,1.0,52,True,V064
서울25구,202004,V064_KOSPI_종가_1980.01.04=100|12m차,1.0,52,True,V064
서울25구,202004,V066_임금총액_사업체노동력_원|12m로그변화,1.0,52,True,V066
서울25구,202004,V067_선행지수순환변동치_2020=100|수준,1.0,27,True,V067
서울25구,202004,V067_선행지수순환변동치_2020=100|12m차,1.0,36,True,V067
서울25구,202004,V069_예금취급기관_가계대출_십억원|12m로그변화,1.0,52,True,V069
서울25구,202004,V069_예금취급기관_주택관련대출_십억원|12m로그변화,1.0,52,True,V069
서울25구,202004,V070_수출금액_천불|12m로그변화,1.0,52,True,V070
서울25구,202004,V071_정책대출_주금공_주택도시기금_십억원|12m로그변화,0.75,39,True,V071
서울25구,202004,서울_V005_월세수급동향|수준,0.9807692307692307,48,True,V005
서울25구,202004,서울_V005_월세수급동향|12m차,0.75,39,True,V005
서울25구,202004,서울_V013_고용률_%|수준,1.0,19,True,V013
서울25구,202004,서울_V013_고용률_%|12m차,1.0,30,True,V013
서울25구,202004,서울_V013_취업자_천명|12m로그변화,1.0,52,True,V013
서울25구,202004,서울_V021_아파트_인허가_호|12개월누적log,1.0,52,True,V021
서울25구,202004,서울_V021_아파트_인허가_호|12개월누적log_12m차,1.0,52,True,V021
서울25구,202004,서울_V022_아파트_착공_호|12개월누적log,1.0,52,True,V022
서울25구,202004,서울_V022_아파트_착공_호|12개월누적log_12m차,1.0,52,True,V022
서울25구,202004,서울_V023_아파트_준공_호|12개월누적log,1.0,52,True,V023
서울25구,202004,서울_V023_아파트_준공_호|12개월누적log_12m차,1.0,52,True,V023
서울25구,202004,서울_V031_매매수급동향|수준,1.0,51,True,V031
서울25구,202004,서울_V031_매매수급동향|12m차,1.0,52,True,V031
서울25구,202004,서울_V032_전세수급동향|수준,1.0,52,True,V032
서울25구,202004,서울_V032_전세수급동향|12m차,1.0,52,True,V032
서울25구,202004,서울_V037_주택시장_소비심리지수|수준,1.0,49,True,V037
서울25구,202004,서울_V037_주택시장_소비심리지수|12m차,1.0,52,True,V037
서울25구,202004,서울_V050_지역별_주택관련대출_예금은행_십억원|12m로그변화,1.0,52,True,V050
서울25구,202004,V047_가계신용_총액_십억원|12m로그변화,1.0,18,True,V047
서울25구,202004,V049_시간당명목임금지수_2020=100|수준,1.0,17,True,V049
서울25구,202004,V049_시간당명목임금지수_2020=100|12m차,1.0,17,True,V049
서울25구,202004,V060_대출태도_국내은행_가계주택|수준,1.0,14,True,V060
서울25구,202004,V060_대출태도_국내은행_가계주택|12m차,1.0,16,True,V060
서울25구,202004,V074_가계동향_도시2인이상_월평균소득_원|수준,1.0,18,True,V074
서울25구,202004,V074_가계동향_도시2인이상_월평균소득_원|12m차,1.0,18,True,V074
서울25구,202004,V074_연결_월평균소득_원|12m로그변화,1.0,18,True,V074
서울25구,202004,V024_주거용신축허가_동수_동|12m로그변화,1.0,125,True,V024
서울25구,202004,V024_주거용신축허가_연면적_㎡|12m로그변화,1.0,125,True,V024
서울25구,202004,V072_총조사_가구수_가구|12m로그변화,0.5384615384615384,75,False,V072
서울25구,202004,V072_총조사_주택수_호|12m로그변화,0.5384615384615384,75,False,V072
서울25구,202004,V072_총조사단순주택수가구수비율|12m로그변화,0.5384615384615384,75,False,V072
서울25구,202004,V024_주거용신축허가_동수_천세대당|수준,1.0,125,True,V024
서울25구,202004,V024_주거용신축허가_동수_천세대당|12m차,1.0,125,True,V024
서울25구,202004,V013_서울구반기_고용률_%|수준,0.0,0,False,V013
서울25구,202004,V013_서울구반기_고용률_%|12m차,0.0,0,False,V013
서울25구,202004,V013_서울구반기_취업자_천명|12m로그변화,0.0,0,False,V013
서울25구,202004,V013_서울구_고용률_월별추정|수준,0.0,0,False,V013
서울25구,202004,V013_서울구_고용률_월별추정|12m차,0.0,0,False,V013
서울25구,202004,V013_서울구_취업자_월별추정|12m로그변화,0.0,0,False,V013
서울25구,202004,서울_V072_공식주택보급률_%|수준,1.0,5,True,V072
서울25구,202004,서울_V072_공식주택보급률_%|12m차,1.0,5,True,V072
서울25구,202004,D_CSI_전신계열,1.0,1,False,
서울25구,202004,D_Wage_10th,1.0,1,False,
서울25구,202004,D_Wage_11th,1.0,1,False,
서울25구,202004,M10_rent_growth_1m,0.9807692307692307,1273,True,
서울25구,202004,M10_rent_growth_6m,0.8846153846153846,1150,True,
서울25구,202007,V003_전세가율_%|수준,1.0,283,True,V003
서울25구,202007,V003_전세가율_%|12m차,1.0,420,True,V003
서울25구,202007,V004_지역별전월세전환율_%|수준,1.0,817,True,V004
서울25구,202007,V004_지역별전월세전환율_%|12m차,1.0,1293,True,V004
서울25구,202007,V009_주민등록인구_명|12m로그변화,1.0,1375,True,V009
서울25구,202007,V010_주민등록세대수_세대|12m로그변화,1.0,1375,True,V010
서울25구,202007,V011_20-29세_명|12m로그변화,1.0,1375,True,V011
서울25구,202007,V011_20-39세_명|12m로그변화,1.0,1375,True,V011
서울25구,202007,V011_20-39세비중_%|수준,1.0,1375,True,V011
서울25구,202007,V011_20-39세비중_%|12m차,1.0,1375,True,V011
서울25구,202007,V011_30-39세_명|12m로그변화,1.0,1375,True,V011
서울25구,202007,V012_순이동자수_명|천명당12개월,1.0,1375,True,V012
서울25구,202007,V035_아파트거래_동호수_호|12개월누적log,1.0,1275,True,V035
서울25구,202007,V035_아파트거래_동호수_호|12개월누적log_12m차,1.0,1375,True,V035
서울25구,202007,V035_아파트거래_면적_천㎡|12개월누적log,1.0,667,True,V035
서울25구,202007,V035_아파트거래_면적_천㎡|12개월누적log_12m차,1.0,1355,True,V035
서울25구,202007,V036_아파트매매거래_동호수_호|12개월누적log,1.0,1243,True,V036
서울25구,202007,V036_아파트매매거래_동호수_호|12개월누적log_12m차,1.0,1375,True,V036
서울25구,202007,V036_아파트매매거래_면적_천㎡|12개월누적log,1.0,560,True,V036
서울25구,202007,V036_아파트매매거래_면적_천㎡|12개월누적log_12m차,1.0,1346,True,V036
서울25구,202007,V038_미분양주택현황_호|log,1.0,96,True,V038
서울25구,202007,V038_미분양주택현황_호|log_12m차,1.0,297,True,V038
서울25구,202007,V043_한국은행_기준금리_연%|수준,1.0,3,True,V043
서울25구,202007,V043_한국은행_기준금리_연%|12m차,1.0,6,True,V043
서울25구,202007,V044_시장금리_CD91일_연%|수준,1.0,33,True,V044
서울25구,202007,V044_시장금리_CD91일_연%|12m차,1.0,41,True,V044
서울25구,202007,V045_시장금리_국고채3년_연%|수준,1.0,55,True,V045
서울25구,202007,V045_시장금리_국고채3년_연%|12m차,1.0,55,True,V045
서울25구,202007,V046_M2_통화량_십억원|12m로그변화,1.0,55,True,V046
서울25구,202007,V048_소비자물가지수_2020=100|수준,1.0,52,True,V048
서울25구,202007,V048_소비자물가지수_2020=100|12m차,1.0,54,True,V048
서울25구,202007,V056_예금은행대출금리_주택담보_연리%|수준,1.0,43,True,V056
서울25구,202007,V056_예금은행대출금리_주택담보_연리%|12m차,1.0,50,True,V056
서울25구,202007,V057_예금은행대출금리_전세자금_연리%|수준,1.0,35,True,V057
서울25구,202007,V057_예금은행대출금리_전세자금_연리%|12m차,0.8727272727272727,38,True,V057
서울25구,202007,V059_비은행대출금리_주택담보_연리%|수준,1.0,45,True,V059
서울25구,202007,V059_비은행대출금리_주택담보_연리%|12m차,1.0,51,True,V059
서울25구,202007,V061_주택가격전망CSI_서울|수준,1.0,30,True,V061
서울25구,202007,V061_주택가격전망CSI_서울|12m차,1.0,34,True,V061
서울25구,202007,V062_주택가격전망CSI_6대광역시|수준,1.0,31,True,V062
서울25구,202007,V062_주택가격전망CSI_6대광역시|12m차,1.0,35,True,V062
서울25구,202007,V063_주택가격전망CSI_기타도시|수준,1.0,30,True,V063
서울25구,202007,V063_주택가격전망CSI_기타도시|12m차,1.0,31,True,V063
서울25구,202007,V064_KOSPI_종가_1980.01.04=100|수준,1.0,55,True,V064
서울25구,202007,V064_KOSPI_종가_1980.01.04=100|12m차,1.0,55,True,V064
서울25구,202007,V066_임금총액_사업체노동력_원|12m로그변화,1.0,55,True,V066
서울25구,202007,V067_선행지수순환변동치_2020=100|수준,1.0,28,True,V067
서울25구,202007,V067_선행지수순환변동치_2020=100|12m차,1.0,37,True,V067
서울25구,202007,V069_예금취급기관_가계대출_십억원|12m로그변화,1.0,55,True,V069
서울25구,202007,V069_예금취급기관_주택관련대출_십억원|12m로그변화,1.0,55,True,V069
서울25구,202007,V070_수출금액_천불|12m로그변화,1.0,55,True,V070
서울25구,202007,V071_정책대출_주금공_주택도시기금_십억원|12m로그변화,0.7636363636363637,42,True,V071
서울25구,202007,서울_V005_월세수급동향|수준,0.9818181818181818,51,True,V005
서울25구,202007,서울_V005_월세수급동향|12m차,0.7636363636363637,42,True,V005
서울25구,202007,서울_V013_고용률_%|수준,1.0,20,True,V013
서울25구,202007,서울_V013_고용률_%|12m차,1.0,31,True,V013
서울25구,202007,서울_V013_취업자_천명|12m로그변화,1.0,55,True,V013
서울25구,202007,서울_V021_아파트_인허가_호|12개월누적log,1.0,55,True,V021
서울25구,202007,서울_V021_아파트_인허가_호|12개월누적log_12m차,1.0,55,True,V021
서울25구,202007,서울_V022_아파트_착공_호|12개월누적log,1.0,55,True,V022
서울25구,202007,서울_V022_아파트_착공_호|12개월누적log_12m차,1.0,55,True,V022
서울25구,202007,서울_V023_아파트_준공_호|12개월누적log,1.0,55,True,V023
서울25구,202007,서울_V023_아파트_준공_호|12개월누적log_12m차,1.0,55,True,V023
서울25구,202007,서울_V031_매매수급동향|수준,1.0,54,True,V031
서울25구,202007,서울_V031_매매수급동향|12m차,1.0,55,True,V031
서울25구,202007,서울_V032_전세수급동향|수준,1.0,55,True,V032
서울25구,202007,서울_V032_전세수급동향|12m차,1.0,55,True,V032
서울25구,202007,서울_V037_주택시장_소비심리지수|수준,1.0,51,True,V037
서울25구,202007,서울_V037_주택시장_소비심리지수|12m차,1.0,55,True,V037
서울25구,202007,서울_V050_지역별_주택관련대출_예금은행_십억원|12m로그변화,1.0,55,True,V050
서울25구,202007,V047_가계신용_총액_십억원|12m로그변화,1.0,19,True,V047
서울25구,202007,V049_시간당명목임금지수_2020=100|수준,1.0,18,True,V049
서울25구,202007,V049_시간당명목임금지수_2020=100|12m차,1.0,17,True,V049
서울25구,202007,V060_대출태도_국내은행_가계주택|수준,1.0,14,True,V060
서울25구,202007,V060_대출태도_국내은행_가계주택|12m차,1.0,17,True,V060
서울25구,202007,V074_가계동향_도시2인이상_월평균소득_원|수준,1.0,19,True,V074
서울25구,202007,V074_가계동향_도시2인이상_월평균소득_원|12m차,1.0,19,True,V074
서울25구,202007,V074_연결_월평균소득_원|12m로그변화,1.0,19,True,V074
서울25구,202007,V024_주거용신축허가_동수_동|12m로그변화,1.0,149,True,V024
서울25구,202007,V024_주거용신축허가_연면적_㎡|12m로그변화,1.0,150,True,V024
서울25구,202007,V072_총조사_가구수_가구|12m로그변화,0.5636363636363636,75,False,V072
서울25구,202007,V072_총조사_주택수_호|12m로그변화,0.5636363636363636,75,False,V072
서울25구,202007,V072_총조사단순주택수가구수비율|12m로그변화,0.5636363636363636,75,False,V072
서울25구,202007,V024_주거용신축허가_동수_천세대당|수준,1.0,150,True,V024
서울25구,202007,V024_주거용신축허가_동수_천세대당|12m차,1.0,150,True,V024
서울25구,202007,V013_서울구반기_고용률_%|수준,0.0,0,False,V013
서울25구,202007,V013_서울구반기_고용률_%|12m차,0.0,0,False,V013
서울25구,202007,V013_서울구반기_취업자_천명|12m로그변화,0.0,0,False,V013
서울25구,202007,V013_서울구_고용률_월별추정|수준,0.0,0,False,V013
서울25구,202007,V013_서울구_고용률_월별추정|12m차,0.0,0,False,V013
서울25구,202007,V013_서울구_취업자_월별추정|12m로그변화,0.0,0,False,V013
서울25구,202007,서울_V072_공식주택보급률_%|수준,1.0,6,True,V072
서울25구,202007,서울_V072_공식주택보급률_%|12m차,1.0,6,True,V072
서울25구,202007,D_CSI_전신계열,1.0,1,False,
서울25구,202007,D_Wage_10th,1.0,1,False,
서울25구,202007,D_Wage_11th,1.0,1,False,
서울25구,202007,M10_rent_growth_1m,0.9818181818181818,1348,True,
서울25구,202007,M10_rent_growth_6m,0.8909090909090909,1225,True,
서울25구,202010,V003_전세가율_%|수준,1.0,293,True,V003
서울25구,202010,V003_전세가율_%|12m차,1.0,429,True,V003
서울25구,202010,V004_지역별전월세전환율_%|수준,1.0,853,True,V004
서울25구,202010,V004_지역별전월세전환율_%|12m차,1.0,1361,True,V004
서울25구,202010,V009_주민등록인구_명|12m로그변화,1.0,1450,True,V009
서울25구,202010,V010_주민등록세대수_세대|12m로그변화,1.0,1450,True,V010
서울25구,202010,V011_20-29세_명|12m로그변화,1.0,1450,True,V011
서울25구,202010,V011_20-39세_명|12m로그변화,1.0,1450,True,V011
서울25구,202010,V011_20-39세비중_%|수준,1.0,1450,True,V011
서울25구,202010,V011_20-39세비중_%|12m차,1.0,1450,True,V011
서울25구,202010,V011_30-39세_명|12m로그변화,1.0,1450,True,V011
서울25구,202010,V012_순이동자수_명|천명당12개월,1.0,1450,True,V012
서울25구,202010,V035_아파트거래_동호수_호|12개월누적log,1.0,1336,True,V035
서울25구,202010,V035_아파트거래_동호수_호|12개월누적log_12m차,1.0,1450,True,V035
서울25구,202010,V035_아파트거래_면적_천㎡|12개월누적log,1.0,688,True,V035
서울25구,202010,V035_아파트거래_면적_천㎡|12개월누적log_12m차,1.0,1428,True,V035
서울25구,202010,V036_아파트매매거래_동호수_호|12개월누적log,1.0,1306,True,V036
서울25구,202010,V036_아파트매매거래_동호수_호|12개월누적log_12m차,1.0,1450,True,V036
서울25구,202010,V036_아파트매매거래_면적_천㎡|12개월누적log,1.0,570,True,V036
서울25구,202010,V036_아파트매매거래_면적_천㎡|12개월누적log_12m차,1.0,1416,True,V036
서울25구,202010,V038_미분양주택현황_호|log,1.0,96,True,V038
서울25구,202010,V038_미분양주택현황_호|log_12m차,1.0,305,True,V038
서울25구,202010,V043_한국은행_기준금리_연%|수준,1.0,4,True,V043
서울25구,202010,V043_한국은행_기준금리_연%|12m차,1.0,6,True,V043
서울25구,202010,V044_시장금리_CD91일_연%|수준,1.0,35,True,V044
서울25구,202010,V044_시장금리_CD91일_연%|12m차,1.0,44,True,V044
서울25구,202010,V045_시장금리_국고채3년_연%|수준,1.0,58,True,V045
서울25구,202010,V045_시장금리_국고채3년_연%|12m차,1.0,58,True,V045
서울25구,202010,V046_M2_통화량_십억원|12m로그변화,1.0,58,True,V046
서울25구,202010,V048_소비자물가지수_2020=100|수준,1.0,55,True,V048
서울25구,202010,V048_소비자물가지수_2020=100|12m차,1.0,57,True,V048
서울25구,202010,V056_예금은행대출금리_주택담보_연리%|수준,1.0,45,True,V056
서울25구,202010,V056_예금은행대출금리_주택담보_연리%|12m차,1.0,51,True,V056
서울25구,202010,V057_예금은행대출금리_전세자금_연리%|수준,1.0,37,True,V057
서울25구,202010,V057_예금은행대출금리_전세자금_연리%|12m차,0.8793103448275862,40,True,V057
서울25구,202010,V059_비은행대출금리_주택담보_연리%|수준,1.0,47,True,V059
서울25구,202010,V059_비은행대출금리_주택담보_연리%|12m차,1.0,52,True,V059
서울25구,202010,V061_주택가격전망CSI_서울|수준,1.0,30,True,V061
서울25구,202010,V061_주택가격전망CSI_서울|12m차,1.0,35,True,V061
서울25구,202010,V062_주택가격전망CSI_6대광역시|수준,1.0,32,True,V062
서울25구,202010,V062_주택가격전망CSI_6대광역시|12m차,1.0,36,True,V062
서울25구,202010,V063_주택가격전망CSI_기타도시|수준,1.0,30,True,V063
서울25구,202010,V063_주택가격전망CSI_기타도시|12m차,1.0,34,True,V063
서울25구,202010,V064_KOSPI_종가_1980.01.04=100|수준,1.0,58,True,V064
서울25구,202010,V064_KOSPI_종가_1980.01.04=100|12m차,1.0,58,True,V064
서울25구,202010,V066_임금총액_사업체노동력_원|12m로그변화,1.0,58,True,V066
서울25구,202010,V067_선행지수순환변동치_2020=100|수준,1.0,29,True,V067
서울25구,202010,V067_선행지수순환변동치_2020=100|12m차,1.0,39,True,V067
서울25구,202010,V069_예금취급기관_가계대출_십억원|12m로그변화,1.0,58,True,V069
서울25구,202010,V069_예금취급기관_주택관련대출_십억원|12m로그변화,1.0,58,True,V069
서울25구,202010,V070_수출금액_천불|12m로그변화,1.0,58,True,V070
서울25구,202010,V071_정책대출_주금공_주택도시기금_십억원|12m로그변화,0.7758620689655172,45,True,V071
서울25구,202010,서울_V005_월세수급동향|수준,0.9827586206896551,54,True,V005
서울25구,202010,서울_V005_월세수급동향|12m차,0.7758620689655172,45,True,V005
서울25구,202010,서울_V013_고용률_%|수준,1.0,21,True,V013
서울25구,202010,서울_V013_고용률_%|12m차,1.0,33,True,V013
서울25구,202010,서울_V013_취업자_천명|12m로그변화,1.0,58,True,V013
서울25구,202010,서울_V021_아파트_인허가_호|12개월누적log,1.0,58,True,V021
서울25구,202010,서울_V021_아파트_인허가_호|12개월누적log_12m차,1.0,58,True,V021
서울25구,202010,서울_V022_아파트_착공_호|12개월누적log,1.0,58,True,V022
서울25구,202010,서울_V022_아파트_착공_호|12개월누적log_12m차,1.0,58,True,V022
서울25구,202010,서울_V023_아파트_준공_호|12개월누적log,1.0,58,True,V023
서울25구,202010,서울_V023_아파트_준공_호|12개월누적log_12m차,1.0,58,True,V023
서울25구,202010,서울_V031_매매수급동향|수준,1.0,57,True,V031
서울25구,202010,서울_V031_매매수급동향|12m차,1.0,58,True,V031
서울25구,202010,서울_V032_전세수급동향|수준,1.0,58,True,V032
서울25구,202010,서울_V032_전세수급동향|12m차,1.0,58,True,V032
서울25구,202010,서울_V037_주택시장_소비심리지수|수준,1.0,53,True,V037
서울25구,202010,서울_V037_주택시장_소비심리지수|12m차,1.0,58,True,V037
서울25구,202010,서울_V050_지역별_주택관련대출_예금은행_십억원|12m로그변화,1.0,58,True,V050
서울25구,202010,V047_가계신용_총액_십억원|12m로그변화,1.0,20,True,V047
서울25구,202010,V049_시간당명목임금지수_2020=100|수준,1.0,19,True,V049
서울25구,202010,V049_시간당명목임금지수_2020=100|12m차,1.0,18,True,V049
서울25구,202010,V060_대출태도_국내은행_가계주택|수준,1.0,14,True,V060
서울25구,202010,V060_대출태도_국내은행_가계주택|12m차,1.0,17,True,V060
서울25구,202010,V074_가계동향_도시2인이상_월평균소득_원|수준,1.0,20,True,V074
서울25구,202010,V074_가계동향_도시2인이상_월평균소득_원|12m차,1.0,20,True,V074
서울25구,202010,V074_연결_월평균소득_원|12m로그변화,1.0,20,True,V074
서울25구,202010,V024_주거용신축허가_동수_동|12m로그변화,1.0,149,True,V024
서울25구,202010,V024_주거용신축허가_연면적_㎡|12m로그변화,1.0,150,True,V024
서울25구,202010,V072_총조사_가구수_가구|12m로그변화,0.5862068965517241,75,False,V072
서울25구,202010,V072_총조사_주택수_호|12m로그변화,0.5862068965517241,75,False,V072
서울25구,202010,V072_총조사단순주택수가구수비율|12m로그변화,0.5862068965517241,75,False,V072
서울25구,202010,V024_주거용신축허가_동수_천세대당|수준,1.0,150,True,V024
서울25구,202010,V024_주거용신축허가_동수_천세대당|12m차,1.0,150,True,V024
서울25구,202010,V013_서울구반기_고용률_%|수준,0.0,0,False,V013
서울25구,202010,V013_서울구반기_고용률_%|12m차,0.0,0,False,V013
서울25구,202010,V013_서울구반기_취업자_천명|12m로그변화,0.0,0,False,V013
서울25구,202010,V013_서울구_고용률_월별추정|수준,0.0,0,False,V013
서울25구,202010,V013_서울구_고용률_월별추정|12m차,0.0,0,False,V013
서울25구,202010,V013_서울구_취업자_월별추정|12m로그변화,0.0,0,False,V013
서울25구,202010,서울_V072_공식주택보급률_%|수준,1.0,6,True,V072
서울25구,202010,서울_V072_공식주택보급률_%|12m차,1.0,6,True,V072
서울25구,202010,D_CSI_전신계열,1.0,1,False,
서울25구,202010,D_Wage_10th,1.0,2,True,
서울25구,202010,D_Wage_11th,1.0,1,False,
서울25구,202010,M10_rent_growth_1m,0.9827586206896551,1423,True,
서울25구,202010,M10_rent_growth_6m,0.896551724137931,1300,True,
서울25구,202101,V003_전세가율_%|수준,1.0,302,True,V003
서울25구,202101,V003_전세가율_%|12m차,1.0,435,True,V003
서울25구,202101,V004_지역별전월세전환율_%|수준,1.0,886,True,V004
서울25구,202101,V004_지역별전월세전환율_%|12m차,1.0,1427,True,V004
서울25구,202101,V009_주민등록인구_명|12m로그변화,1.0,1525,True,V009
서울25구,202101,V010_주민등록세대수_세대|12m로그변화,1.0,1525,True,V010
서울25구,202101,V011_20-29세_명|12m로그변화,1.0,1525,True,V011
서울25구,202101,V011_20-39세_명|12m로그변화,1.0,1525,True,V011
서울25구,202101,V011_20-39세비중_%|수준,1.0,1525,True,V011
서울25구,202101,V011_20-39세비중_%|12m차,1.0,1525,True,V011
서울25구,202101,V011_30-39세_명|12m로그변화,1.0,1525,True,V011
서울25구,202101,V012_순이동자수_명|천명당12개월,1.0,1525,True,V012
서울25구,202101,V035_아파트거래_동호수_호|12개월누적log,1.0,1403,True,V035
서울25구,202101,V035_아파트거래_동호수_호|12개월누적log_12m차,1.0,1525,True,V035
서울25구,202101,V035_아파트거래_면적_천㎡|12개월누적log,1.0,703,True,V035
서울25구,202101,V035_아파트거래_면적_천㎡|12개월누적log_12m차,1.0,1501,True,V035
서울25구,202101,V036_아파트매매거래_동호수_호|12개월누적log,1.0,1368,True,V036
서울25구,202101,V036_아파트매매거래_동호수_호|12개월누적log_12m차,1.0,1525,True,V036
서울25구,202101,V036_아파트매매거래_면적_천㎡|12개월누적log,1.0,578,True,V036
서울25구,202101,V036_아파트매매거래_면적_천㎡|12개월누적log_12m차,1.0,1490,True,V036
서울25구,202101,V038_미분양주택현황_호|log,1.0,97,True,V038
서울25구,202101,V038_미분양주택현황_호|log_12m차,1.0,313,True,V038
서울25구,202101,V043_한국은행_기준금리_연%|수준,1.0,5,True,V043
서울25구,202101,V043_한국은행_기준금리_연%|12m차,1.0,7,True,V043
서울25구,202101,V044_시장금리_CD91일_연%|수준,1.0,37,True,V044
서울25구,202101,V044_시장금리_CD91일_연%|12m차,1.0,47,True,V044
서울25구,202101,V045_시장금리_국고채3년_연%|수준,1.0,61,True,V045
서울25구,202101,V045_시장금리_국고채3년_연%|12m차,1.0,61,True,V045
서울25구,202101,V046_M2_통화량_십억원|12m로그변화,1.0,61,True,V046
서울25구,202101,V048_소비자물가지수_2020=100|수준,1.0,58,True,V048
서울25구,202101,V048_소비자물가지수_2020=100|12m차,1.0,60,True,V048
서울25구,202101,V056_예금은행대출금리_주택담보_연리%|수준,1.0,47,True,V056
서울25구,202101,V056_예금은행대출금리_주택담보_연리%|12m차,1.0,52,True,V056
서울25구,202101,V057_예금은행대출금리_전세자금_연리%|수준,1.0,40,True,V057
서울25구,202101,V057_예금은행대출금리_전세자금_연리%|12m차,0.8852459016393442,43,True,V057
서울25구,202101,V059_비은행대출금리_주택담보_연리%|수준,1.0,50,True,V059
서울25구,202101,V059_비은행대출금리_주택담보_연리%|12m차,1.0,55,True,V059
서울25구,202101,V061_주택가격전망CSI_서울|수준,1.0,31,True,V061
서울25구,202101,V061_주택가격전망CSI_서울|12m차,1.0,36,True,V061
서울25구,202101,V062_주택가격전망CSI_6대광역시|수준,1.0,33,True,V062
서울25구,202101,V062_주택가격전망CSI_6대광역시|12m차,1.0,38,True,V062
서울25구,202101,V063_주택가격전망CSI_기타도시|수준,1.0,31,True,V063
서울25구,202101,V063_주택가격전망CSI_기타도시|12m차,1.0,37,True,V063
서울25구,202101,V064_KOSPI_종가_1980.01.04=100|수준,1.0,61,True,V064
서울25구,202101,V064_KOSPI_종가_1980.01.04=100|12m차,1.0,61,True,V064
서울25구,202101,V066_임금총액_사업체노동력_원|12m로그변화,1.0,61,True,V066
서울25구,202101,V067_선행지수순환변동치_2020=100|수준,1.0,30,True,V067
서울25구,202101,V067_선행지수순환변동치_2020=100|12m차,1.0,40,True,V067
서울25구,202101,V069_예금취급기관_가계대출_십억원|12m로그변화,1.0,61,True,V069
서울25구,202101,V069_예금취급기관_주택관련대출_십억원|12m로그변화,1.0,61,True,V069
서울25구,202101,V070_수출금액_천불|12m로그변화,1.0,61,True,V070
서울25구,202101,V071_정책대출_주금공_주택도시기금_십억원|12m로그변화,0.7868852459016393,48,True,V071
서울25구,202101,서울_V005_월세수급동향|수준,0.9836065573770492,57,True,V005
서울25구,202101,서울_V005_월세수급동향|12m차,0.7868852459016393,48,True,V005
서울25구,202101,서울_V013_고용률_%|수준,1.0,24,True,V013
서울25구,202101,서울_V013_고용률_%|12m차,1.0,35,True,V013
서울25구,202101,서울_V013_취업자_천명|12m로그변화,1.0,61,True,V013
서울25구,202101,서울_V021_아파트_인허가_호|12개월누적log,1.0,61,True,V021
서울25구,202101,서울_V021_아파트_인허가_호|12개월누적log_12m차,1.0,61,True,V021
서울25구,202101,서울_V022_아파트_착공_호|12개월누적log,1.0,61,True,V022
서울25구,202101,서울_V022_아파트_착공_호|12개월누적log_12m차,1.0,61,True,V022
서울25구,202101,서울_V023_아파트_준공_호|12개월누적log,1.0,61,True,V023
서울25구,202101,서울_V023_아파트_준공_호|12개월누적log_12m차,1.0,61,True,V023
서울25구,202101,서울_V031_매매수급동향|수준,1.0,60,True,V031
서울25구,202101,서울_V031_매매수급동향|12m차,1.0,61,True,V031
서울25구,202101,서울_V032_전세수급동향|수준,1.0,61,True,V032
서울25구,202101,서울_V032_전세수급동향|12m차,1.0,61,True,V032
서울25구,202101,서울_V037_주택시장_소비심리지수|수준,1.0,56,True,V037
서울25구,202101,서울_V037_주택시장_소비심리지수|12m차,1.0,61,True,V037
서울25구,202101,서울_V050_지역별_주택관련대출_예금은행_십억원|12m로그변화,1.0,61,True,V050
서울25구,202101,V047_가계신용_총액_십억원|12m로그변화,1.0,21,True,V047
서울25구,202101,V049_시간당명목임금지수_2020=100|수준,1.0,20,True,V049
서울25구,202101,V049_시간당명목임금지수_2020=100|12m차,1.0,19,True,V049
서울25구,202101,V060_대출태도_국내은행_가계주택|수준,1.0,15,True,V060
서울25구,202101,V060_대출태도_국내은행_가계주택|12m차,1.0,18,True,V060
서울25구,202101,V074_가계동향_도시2인이상_월평균소득_원|수준,0.9508196721311475,20,True,V074
서울25구,202101,V074_가계동향_도시2인이상_월평균소득_원|12m차,0.9508196721311475,20,True,V074
서울25구,202101,V074_연결_월평균소득_원|12m로그변화,1.0,21,True,V074
서울25구,202101,V024_주거용신축허가_동수_동|12m로그변화,1.0,149,True,V024
서울25구,202101,V024_주거용신축허가_연면적_㎡|12m로그변화,1.0,150,True,V024
서울25구,202101,V072_총조사_가구수_가구|12m로그변화,0.6065573770491803,100,False,V072
서울25구,202101,V072_총조사_주택수_호|12m로그변화,0.6065573770491803,100,False,V072
서울25구,202101,V072_총조사단순주택수가구수비율|12m로그변화,0.6065573770491803,100,False,V072
서울25구,202101,V024_주거용신축허가_동수_천세대당|수준,1.0,150,True,V024
서울25구,202101,V024_주거용신축허가_동수_천세대당|12m차,1.0,150,True,V024
서울25구,202101,V013_서울구반기_고용률_%|수준,0.0,0,False,V013
서울25구,202101,V013_서울구반기_고용률_%|12m차,0.0,0,False,V013
서울25구,202101,V013_서울구반기_취업자_천명|12m로그변화,0.0,0,False,V013
서울25구,202101,V013_서울구_고용률_월별추정|수준,0.0,0,False,V013
서울25구,202101,V013_서울구_고용률_월별추정|12m차,0.0,0,False,V013
서울25구,202101,V013_서울구_취업자_월별추정|12m로그변화,0.0,0,False,V013
서울25구,202101,서울_V072_공식주택보급률_%|수준,1.0,6,True,V072
서울25구,202101,서울_V072_공식주택보급률_%|12m차,1.0,6,True,V072
서울25구,202101,D_CSI_전신계열,1.0,1,False,
서울25구,202101,D_Wage_10th,1.0,2,True,
서울25구,202101,D_Wage_11th,1.0,1,False,
서울25구,202101,M10_rent_growth_1m,0.9836065573770492,1498,True,
서울25구,202101,M10_rent_growth_6m,0.9016393442622951,1375,True,
서울25구,202104,V003_전세가율_%|수준,1.0,312,True,V003
서울25구,202104,V003_전세가율_%|12m차,1.0,440,True,V003
서울25구,202104,V004_지역별전월세전환율_%|수준,1.0,933,True,V004
서울25구,202104,V004_지역별전월세전환율_%|12m차,1.0,1498,True,V004
서울25구,202104,V009_주민등록인구_명|12m로그변화,1.0,1600,True,V009
서울25구,202104,V010_주민등록세대수_세대|12m로그변화,1.0,1600,True,V010
서울25구,202104,V011_20-29세_명|12m로그변화,1.0,1600,True,V011
서울25구,202104,V011_20-39세_명|12m로그변화,1.0,1600,True,V011
서울25구,202104,V011_20-39세비중_%|수준,1.0,1600,True,V011
서울25구,202104,V011_20-39세비중_%|12m차,1.0,1600,True,V011
서울25구,202104,V011_30-39세_명|12m로그변화,1.0,1600,True,V011
서울25구,202104,V012_순이동자수_명|천명당12개월,1.0,1600,True,V012
서울25구,202104,V035_아파트거래_동호수_호|12개월누적log,1.0,1467,True,V035
서울25구,202104,V035_아파트거래_동호수_호|12개월누적log_12m차,1.0,1600,True,V035
서울25구,202104,V035_아파트거래_면적_천㎡|12개월누적log,1.0,722,True,V035
서울25구,202104,V035_아파트거래_면적_천㎡|12개월누적log_12m차,1.0,1574,True,V035
서울25구,202104,V036_아파트매매거래_동호수_호|12개월누적log,1.0,1420,True,V036
서울25구,202104,V036_아파트매매거래_동호수_호|12개월누적log_12m차,1.0,1600,True,V036
서울25구,202104,V036_아파트매매거래_면적_천㎡|12개월누적log,1.0,591,True,V036
서울25구,202104,V036_아파트매매거래_면적_천㎡|12개월누적log_12m차,1.0,1563,True,V036
서울25구,202104,V038_미분양주택현황_호|log,1.0,98,True,V038
서울25구,202104,V038_미분양주택현황_호|log_12m차,1.0,317,True,V038
서울25구,202104,V043_한국은행_기준금리_연%|수준,1.0,5,True,V043
서울25구,202104,V043_한국은행_기준금리_연%|12m차,1.0,7,True,V043
서울25구,202104,V044_시장금리_CD91일_연%|수준,1.0,39,True,V044
서울25구,202104,V044_시장금리_CD91일_연%|12m차,1.0,50,True,V044
서울25구,202104,V045_시장금리_국고채3년_연%|수준,1.0,64,True,V045
서울25구,202104,V045_시장금리_국고채3년_연%|12m차,1.0,64,True,V045
서울25구,202104,V046_M2_통화량_십억원|12m로그변화,1.0,64,True,V046
서울25구,202104,V048_소비자물가지수_2020=100|수준,1.0,61,True,V048
서울25구,202104,V048_소비자물가지수_2020=100|12m차,1.0,63,True,V048
서울25구,202104,V056_예금은행대출금리_주택담보_연리%|수준,1.0,49,True,V056
서울25구,202104,V056_예금은행대출금리_주택담보_연리%|12m차,1.0,55,True,V056
서울25구,202104,V057_예금은행대출금리_전세자금_연리%|수준,1.0,43,True,V057
서울25구,202104,V057_예금은행대출금리_전세자금_연리%|12m차,0.890625,45,True,V057
서울25구,202104,V059_비은행대출금리_주택담보_연리%|수준,1.0,53,True,V059
서울25구,202104,V059_비은행대출금리_주택담보_연리%|12m차,1.0,57,True,V059
서울25구,202104,V061_주택가격전망CSI_서울|수준,1.0,31,True,V061
서울25구,202104,V061_주택가격전망CSI_서울|12m차,1.0,37,True,V061
서울25구,202104,V062_주택가격전망CSI_6대광역시|수준,1.0,34,True,V062
서울25구,202104,V062_주택가격전망CSI_6대광역시|12m차,1.0,39,True,V062
서울25구,202104,V063_주택가격전망CSI_기타도시|수준,1.0,32,True,V063
서울25구,202104,V063_주택가격전망CSI_기타도시|12m차,1.0,39,True,V063
서울25구,202104,V064_KOSPI_종가_1980.01.04=100|수준,1.0,64,True,V064
서울25구,202104,V064_KOSPI_종가_1980.01.04=100|12m차,1.0,64,True,V064
서울25구,202104,V066_임금총액_사업체노동력_원|12m로그변화,1.0,64,True,V066
서울25구,202104,V067_선행지수순환변동치_2020=100|수준,1.0,31,True,V067
서울25구,202104,V067_선행지수순환변동치_2020=100|12m차,1.0,41,True,V067
서울25구,202104,V069_예금취급기관_가계대출_십억원|12m로그변화,1.0,64,True,V069
서울25구,202104,V069_예금취급기관_주택관련대출_십억원|12m로그변화,1.0,64,True,V069
서울25구,202104,V070_수출금액_천불|12m로그변화,1.0,64,True,V070
서울25구,202104,V071_정책대출_주금공_주택도시기금_십억원|12m로그변화,0.796875,51,True,V071
서울25구,202104,서울_V005_월세수급동향|수준,0.984375,60,True,V005
서울25구,202104,서울_V005_월세수급동향|12m차,0.796875,51,True,V005
서울25구,202104,서울_V013_고용률_%|수준,1.0,25,True,V013
서울25구,202104,서울_V013_고용률_%|12m차,1.0,37,True,V013
서울25구,202104,서울_V013_취업자_천명|12m로그변화,1.0,64,True,V013
서울25구,202104,서울_V021_아파트_인허가_호|12개월누적log,1.0,64,True,V021
서울25구,202104,서울_V021_아파트_인허가_호|12개월누적log_12m차,1.0,64,True,V021
서울25구,202104,서울_V022_아파트_착공_호|12개월누적log,1.0,64,True,V022
서울25구,202104,서울_V022_아파트_착공_호|12개월누적log_12m차,1.0,64,True,V022
서울25구,202104,서울_V023_아파트_준공_호|12개월누적log,1.0,64,True,V023
서울25구,202104,서울_V023_아파트_준공_호|12개월누적log_12m차,1.0,64,True,V023
서울25구,202104,서울_V031_매매수급동향|수준,1.0,63,True,V031
서울25구,202104,서울_V031_매매수급동향|12m차,1.0,64,True,V031
서울25구,202104,서울_V032_전세수급동향|수준,1.0,64,True,V032
서울25구,202104,서울_V032_전세수급동향|12m차,1.0,64,True,V032
서울25구,202104,서울_V037_주택시장_소비심리지수|수준,1.0,59,True,V037
서울25구,202104,서울_V037_주택시장_소비심리지수|12m차,1.0,64,True,V037
서울25구,202104,서울_V050_지역별_주택관련대출_예금은행_십억원|12m로그변화,1.0,64,True,V050
서울25구,202104,V047_가계신용_총액_십억원|12m로그변화,1.0,22,True,V047
서울25구,202104,V049_시간당명목임금지수_2020=100|수준,1.0,21,True,V049
서울25구,202104,V049_시간당명목임금지수_2020=100|12m차,1.0,20,True,V049
서울25구,202104,V060_대출태도_국내은행_가계주택|수준,1.0,16,True,V060
서울25구,202104,V060_대출태도_국내은행_가계주택|12m차,1.0,19,True,V060
서울25구,202104,V074_가계동향_도시2인이상_월평균소득_원|수준,0.90625,20,True,V074
서울25구,202104,V074_가계동향_도시2인이상_월평균소득_원|12m차,0.90625,20,True,V074
서울25구,202104,V074_연결_월평균소득_원|12m로그변화,1.0,22,True,V074
서울25구,202104,V024_주거용신축허가_동수_동|12m로그변화,1.0,149,True,V024
서울25구,202104,V024_주거용신축허가_연면적_㎡|12m로그변화,1.0,150,True,V024
서울25구,202104,V072_총조사_가구수_가구|12m로그변화,0.625,100,False,V072
서울25구,202104,V072_총조사_주택수_호|12m로그변화,0.625,100,False,V072
서울25구,202104,V072_총조사단순주택수가구수비율|12m로그변화,0.625,100,False,V072
서울25구,202104,V024_주거용신축허가_동수_천세대당|수준,1.0,150,True,V024
서울25구,202104,V024_주거용신축허가_동수_천세대당|12m차,1.0,150,True,V024
서울25구,202104,V013_서울구반기_고용률_%|수준,0.0,0,False,V013
서울25구,202104,V013_서울구반기_고용률_%|12m차,0.0,0,False,V013
서울25구,202104,V013_서울구반기_취업자_천명|12m로그변화,0.0,0,False,V013
서울25구,202104,V013_서울구_고용률_월별추정|수준,0.0,0,False,V013
서울25구,202104,V013_서울구_고용률_월별추정|12m차,0.0,0,False,V013
서울25구,202104,V013_서울구_취업자_월별추정|12m로그변화,0.0,0,False,V013
서울25구,202104,서울_V072_공식주택보급률_%|수준,1.0,6,True,V072
서울25구,202104,서울_V072_공식주택보급률_%|12m차,1.0,6,True,V072
서울25구,202104,D_CSI_전신계열,1.0,1,False,
서울25구,202104,D_Wage_10th,1.0,2,True,
서울25구,202104,D_Wage_11th,1.0,1,False,
서울25구,202104,M10_rent_growth_1m,0.984375,1573,True,
서울25구,202104,M10_rent_growth_6m,0.90625,1450,True,
서울25구,202107,V003_전세가율_%|수준,1.0,319,True,V003
서울25구,202107,V003_전세가율_%|12m차,1.0,445,True,V003
서울25구,202107,V004_지역별전월세전환율_%|수준,1.0,982,True,V004
서울25구,202107,V004_지역별전월세전환율_%|12m차,1.0,1568,True,V004
서울25구,202107,V009_주민등록인구_명|12m로그변화,1.0,1675,True,V009
서울25구,202107,V010_주민등록세대수_세대|12m로그변화,1.0,1675,True,V010
서울25구,202107,V011_20-29세_명|12m로그변화,1.0,1675,True,V011
서울25구,202107,V011_20-39세_명|12m로그변화,1.0,1675,True,V011
서울25구,202107,V011_20-39세비중_%|수준,1.0,1675,True,V011
서울25구,202107,V011_20-39세비중_%|12m차,1.0,1675,True,V011
서울25구,202107,V011_30-39세_명|12m로그변화,1.0,1675,True,V011
서울25구,202107,V012_순이동자수_명|천명당12개월,1.0,1675,True,V012
서울25구,202107,V035_아파트거래_동호수_호|12개월누적log,1.0,1529,True,V035
서울25구,202107,V035_아파트거래_동호수_호|12개월누적log_12m차,1.0,1675,True,V035
서울25구,202107,V035_아파트거래_면적_천㎡|12개월누적log,1.0,735,True,V035
서울25구,202107,V035_아파트거래_면적_천㎡|12개월누적log_12m차,1.0,1647,True,V035
서울25구,202107,V036_아파트매매거래_동호수_호|12개월누적log,1.0,1478,True,V036
서울25구,202107,V036_아파트매매거래_동호수_호|12개월누적log_12m차,1.0,1675,True,V036
서울25구,202107,V036_아파트매매거래_면적_천㎡|12개월누적log,1.0,599,True,V036
서울25구,202107,V036_아파트매매거래_면적_천㎡|12개월누적log_12m차,1.0,1638,True,V036
서울25구,202107,V038_미분양주택현황_호|log,1.0,98,True,V038
서울25구,202107,V038_미분양주택현황_호|log_12m차,1.0,323,True,V038
서울25구,202107,V043_한국은행_기준금리_연%|수준,1.0,5,True,V043
서울25구,202107,V043_한국은행_기준금리_연%|12m차,1.0,7,True,V043
서울25구,202107,V044_시장금리_CD91일_연%|수준,1.0,40,True,V044
서울25구,202107,V044_시장금리_CD91일_연%|12m차,1.0,53,True,V044
서울25구,202107,V045_시장금리_국고채3년_연%|수준,1.0,67,True,V045
서울25구,202107,V045_시장금리_국고채3년_연%|12m차,1.0,66,True,V045
서울25구,202107,V046_M2_통화량_십억원|12m로그변화,1.0,67,True,V046
서울25구,202107,V048_소비자물가지수_2020=100|수준,1.0,63,True,V048
서울25구,202107,V048_소비자물가지수_2020=100|12m차,1.0,66,True,V048
서울25구,202107,V056_예금은행대출금리_주택담보_연리%|수준,1.0,51,True,V056
서울25구,202107,V056_예금은행대출금리_주택담보_연리%|12m차,1.0,58,True,V056
서울25구,202107,V057_예금은행대출금리_전세자금_연리%|수준,1.0,46,True,V057
서울25구,202107,V057_예금은행대출금리_전세자금_연리%|12m차,0.8955223880597015,46,True,V057
서울25구,202107,V059_비은행대출금리_주택담보_연리%|수준,1.0,56,True,V059
서울25구,202107,V059_비은행대출금리_주택담보_연리%|12m차,1.0,60,True,V059
서울25구,202107,V061_주택가격전망CSI_서울|수준,1.0,33,True,V061
서울25구,202107,V061_주택가격전망CSI_서울|12m차,1.0,37,True,V061
서울25구,202107,V062_주택가격전망CSI_6대광역시|수준,1.0,37,True,V062
서울25구,202107,V062_주택가격전망CSI_6대광역시|12m차,1.0,41,True,V062
서울25구,202107,V063_주택가격전망CSI_기타도시|수준,1.0,35,True,V063
서울25구,202107,V063_주택가격전망CSI_기타도시|12m차,1.0,39,True,V063
서울25구,202107,V064_KOSPI_종가_1980.01.04=100|수준,1.0,67,True,V064
서울25구,202107,V064_KOSPI_종가_1980.01.04=100|12m차,1.0,67,True,V064
서울25구,202107,V066_임금총액_사업체노동력_원|12m로그변화,1.0,67,True,V066
서울25구,202107,V067_선행지수순환변동치_2020=100|수준,1.0,32,True,V067
서울25구,202107,V067_선행지수순환변동치_2020=100|12m차,1.0,41,True,V067
서울25구,202107,V069_예금취급기관_가계대출_십억원|12m로그변화,1.0,67,True,V069
서울25구,202107,V069_예금취급기관_주택관련대출_십억원|12m로그변화,1.0,67,True,V069
서울25구,202107,V070_수출금액_천불|12m로그변화,1.0,67,True,V070
서울25구,202107,V071_정책대출_주금공_주택도시기금_십억원|12m로그변화,0.8059701492537313,54,True,V071
서울25구,202107,서울_V005_월세수급동향|수준,0.9850746268656716,63,True,V005
서울25구,202107,서울_V005_월세수급동향|12m차,0.8059701492537313,54,True,V005
서울25구,202107,서울_V013_고용률_%|수준,1.0,25,True,V013
서울25구,202107,서울_V013_고용률_%|12m차,1.0,39,True,V013
서울25구,202107,서울_V013_취업자_천명|12m로그변화,1.0,67,True,V013
서울25구,202107,서울_V021_아파트_인허가_호|12개월누적log,1.0,67,True,V021
서울25구,202107,서울_V021_아파트_인허가_호|12개월누적log_12m차,1.0,67,True,V021
서울25구,202107,서울_V022_아파트_착공_호|12개월누적log,1.0,67,True,V022
서울25구,202107,서울_V022_아파트_착공_호|12개월누적log_12m차,1.0,67,True,V022
서울25구,202107,서울_V023_아파트_준공_호|12개월누적log,1.0,67,True,V023
서울25구,202107,서울_V023_아파트_준공_호|12개월누적log_12m차,1.0,67,True,V023
서울25구,202107,서울_V031_매매수급동향|수준,1.0,66,True,V031
서울25구,202107,서울_V031_매매수급동향|12m차,1.0,67,True,V031
서울25구,202107,서울_V032_전세수급동향|수준,1.0,67,True,V032
서울25구,202107,서울_V032_전세수급동향|12m차,1.0,67,True,V032
서울25구,202107,서울_V037_주택시장_소비심리지수|수준,1.0,62,True,V037
서울25구,202107,서울_V037_주택시장_소비심리지수|12m차,1.0,67,True,V037
서울25구,202107,서울_V050_지역별_주택관련대출_예금은행_십억원|12m로그변화,1.0,67,True,V050
서울25구,202107,V047_가계신용_총액_십억원|12m로그변화,1.0,23,True,V047
서울25구,202107,V049_시간당명목임금지수_2020=100|수준,1.0,22,True,V049
서울25구,202107,V049_시간당명목임금지수_2020=100|12m차,1.0,21,True,V049
서울25구,202107,V060_대출태도_국내은행_가계주택|수준,1.0,17,True,V060
서울25구,202107,V060_대출태도_국내은행_가계주택|12m차,1.0,20,True,V060
서울25구,202107,V074_가계동향_도시2인이상_월평균소득_원|수준,0.8656716417910447,20,True,V074
서울25구,202107,V074_가계동향_도시2인이상_월평균소득_원|12m차,0.8656716417910447,20,True,V074
서울25구,202107,V074_연결_월평균소득_원|12m로그변화,1.0,23,True,V074
서울25구,202107,V024_주거용신축허가_동수_동|12m로그변화,1.0,174,True,V024
서울25구,202107,V024_주거용신축허가_연면적_㎡|12m로그변화,1.0,175,True,V024
서울25구,202107,V072_총조사_가구수_가구|12m로그변화,0.6417910447761194,100,False,V072
서울25구,202107,V072_총조사_주택수_호|12m로그변화,0.6417910447761194,100,False,V072
서울25구,202107,V072_총조사단순주택수가구수비율|12m로그변화,0.6417910447761194,100,False,V072
서울25구,202107,V024_주거용신축허가_동수_천세대당|수준,1.0,175,True,V024
서울25구,202107,V024_주거용신축허가_동수_천세대당|12m차,1.0,175,True,V024
서울25구,202107,V013_서울구반기_고용률_%|수준,0.0,0,False,V013
서울25구,202107,V013_서울구반기_고용률_%|12m차,0.0,0,False,V013
서울25구,202107,V013_서울구반기_취업자_천명|12m로그변화,0.0,0,False,V013
서울25구,202107,V013_서울구_고용률_월별추정|수준,0.0,0,False,V013
서울25구,202107,V013_서울구_고용률_월별추정|12m차,0.0,0,False,V013
서울25구,202107,V013_서울구_취업자_월별추정|12m로그변화,0.0,0,False,V013
서울25구,202107,서울_V072_공식주택보급률_%|수준,1.0,7,True,V072
서울25구,202107,서울_V072_공식주택보급률_%|12m차,1.0,7,True,V072
서울25구,202107,D_CSI_전신계열,1.0,1,False,
서울25구,202107,D_Wage_10th,1.0,2,True,
서울25구,202107,D_Wage_11th,1.0,1,False,
서울25구,202107,M10_rent_growth_1m,0.9850746268656716,1648,True,
서울25구,202107,M10_rent_growth_6m,0.9104477611940298,1525,True,
서울25구,202110,V003_전세가율_%|수준,1.0,324,True,V003
서울25구,202110,V003_전세가율_%|12m차,1.0,450,True,V003
서울25구,202110,V004_지역별전월세전환율_%|수준,1.0,1036,True,V004
서울25구,202110,V004_지역별전월세전환율_%|12m차,1.0,1641,True,V004
서울25구,202110,V009_주민등록인구_명|12m로그변화,1.0,1750,True,V009
서울25구,202110,V010_주민등록세대수_세대|12m로그변화,1.0,1750,True,V010
서울25구,202110,V011_20-29세_명|12m로그변화,1.0,1750,True,V011
서울25구,202110,V011_20-39세_명|12m로그변화,1.0,1750,True,V011
서울25구,202110,V011_20-39세비중_%|수준,1.0,1750,True,V011
서울25구,202110,V011_20-39세비중_%|12m차,1.0,1750,True,V011
서울25구,202110,V011_30-39세_명|12m로그변화,1.0,1750,True,V011
서울25구,202110,V012_순이동자수_명|천명당12개월,1.0,1750,True,V012
서울25구,202110,V035_아파트거래_동호수_호|12개월누적log,1.0,1586,True,V035
서울25구,202110,V035_아파트거래_동호수_호|12개월누적log_12m차,1.0,1750,True,V035
서울25구,202110,V035_아파트거래_면적_천㎡|12개월누적log,1.0,749,True,V035
서울25구,202110,V035_아파트거래_면적_천㎡|12개월누적log_12m차,1.0,1719,True,V035
서울25구,202110,V036_아파트매매거래_동호수_호|12개월누적log,1.0,1537,True,V036
서울25구,202110,V036_아파트매매거래_동호수_호|12개월누적log_12m차,1.0,1750,True,V036
서울25구,202110,V036_아파트매매거래_면적_천㎡|12개월누적log,1.0,603,True,V036
서울25구,202110,V036_아파트매매거래_면적_천㎡|12개월누적log_12m차,1.0,1709,True,V036
서울25구,202110,V038_미분양주택현황_호|log,1.0,99,True,V038
서울25구,202110,V038_미분양주택현황_호|log_12m차,1.0,326,True,V038
서울25구,202110,V043_한국은행_기준금리_연%|수준,1.0,5,True,V043
서울25구,202110,V043_한국은행_기준금리_연%|12m차,1.0,7,True,V043
서울25구,202110,V044_시장금리_CD91일_연%|수준,1.0,43,True,V044
서울25구,202110,V044_시장금리_CD91일_연%|12m차,1.0,56,True,V044
서울25구,202110,V045_시장금리_국고채3년_연%|수준,1.0,70,True,V045
서울25구,202110,V045_시장금리_국고채3년_연%|12m차,1.0,69,True,V045
서울25구,202110,V046_M2_통화량_십억원|12m로그변화,1.0,70,True,V046
서울25구,202110,V048_소비자물가지수_2020=100|수준,1.0,66,True,V048
서울25구,202110,V048_소비자물가지수_2020=100|12m차,1.0,69,True,V048
서울25구,202110,V056_예금은행대출금리_주택담보_연리%|수준,1.0,53,True,V056
서울25구,202110,V056_예금은행대출금리_주택담보_연리%|12m차,1.0,60,True,V056
서울25구,202110,V057_예금은행대출금리_전세자금_연리%|수준,1.0,47,True,V057
서울25구,202110,V057_예금은행대출금리_전세자금_연리%|12m차,0.9,48,True,V057
서울25구,202110,V059_비은행대출금리_주택담보_연리%|수준,1.0,58,True,V059
서울25구,202110,V059_비은행대출금리_주택담보_연리%|12m차,1.0,61,True,V059
서울25구,202110,V061_주택가격전망CSI_서울|수준,1.0,33,True,V061
서울25구,202110,V061_주택가격전망CSI_서울|12m차,1.0,37,True,V061
서울25구,202110,V062_주택가격전망CSI_6대광역시|수준,1.0,39,True,V062
서울25구,202110,V062_주택가격전망CSI_6대광역시|12m차,1.0,43,True,V062
서울25구,202110,V063_주택가격전망CSI_기타도시|수준,1.0,36,True,V063
서울25구,202110,V063_주택가격전망CSI_기타도시|12m차,1.0,39,True,V063
서울25구,202110,V064_KOSPI_종가_1980.01.04=100|수준,1.0,70,True,V064
서울25구,202110,V064_KOSPI_종가_1980.01.04=100|12m차,1.0,70,True,V064
서울25구,202110,V066_임금총액_사업체노동력_원|12m로그변화,1.0,70,True,V066
서울25구,202110,V067_선행지수순환변동치_2020=100|수준,1.0,33,True,V067
서울25구,202110,V067_선행지수순환변동치_2020=100|12m차,1.0,43,True,V067
서울25구,202110,V069_예금취급기관_가계대출_십억원|12m로그변화,1.0,70,True,V069
서울25구,202110,V069_예금취급기관_주택관련대출_십억원|12m로그변화,1.0,70,True,V069
서울25구,202110,V070_수출금액_천불|12m로그변화,1.0,70,True,V070
서울25구,202110,V071_정책대출_주금공_주택도시기금_십억원|12m로그변화,0.8142857142857143,57,True,V071
서울25구,202110,서울_V005_월세수급동향|수준,0.9857142857142858,66,True,V005
서울25구,202110,서울_V005_월세수급동향|12m차,0.8142857142857143,57,True,V005
서울25구,202110,서울_V013_고용률_%|수준,1.0,27,True,V013
서울25구,202110,서울_V013_고용률_%|12m차,1.0,41,True,V013
서울25구,202110,서울_V013_취업자_천명|12m로그변화,1.0,70,True,V013
서울25구,202110,서울_V021_아파트_인허가_호|12개월누적log,1.0,70,True,V021
서울25구,202110,서울_V021_아파트_인허가_호|12개월누적log_12m차,1.0,70,True,V021
서울25구,202110,서울_V022_아파트_착공_호|12개월누적log,1.0,70,True,V022
서울25구,202110,서울_V022_아파트_착공_호|12개월누적log_12m차,1.0,70,True,V022
서울25구,202110,서울_V023_아파트_준공_호|12개월누적log,1.0,70,True,V023
서울25구,202110,서울_V023_아파트_준공_호|12개월누적log_12m차,1.0,70,True,V023
서울25구,202110,서울_V031_매매수급동향|수준,1.0,69,True,V031
서울25구,202110,서울_V031_매매수급동향|12m차,1.0,70,True,V031
서울25구,202110,서울_V032_전세수급동향|수준,1.0,70,True,V032
서울25구,202110,서울_V032_전세수급동향|12m차,1.0,70,True,V032
서울25구,202110,서울_V037_주택시장_소비심리지수|수준,1.0,64,True,V037
서울25구,202110,서울_V037_주택시장_소비심리지수|12m차,1.0,68,True,V037
서울25구,202110,서울_V050_지역별_주택관련대출_예금은행_십억원|12m로그변화,1.0,70,True,V050
서울25구,202110,V047_가계신용_총액_십억원|12m로그변화,1.0,24,True,V047
서울25구,202110,V049_시간당명목임금지수_2020=100|수준,1.0,23,True,V049
서울25구,202110,V049_시간당명목임금지수_2020=100|12m차,1.0,21,True,V049
서울25구,202110,V060_대출태도_국내은행_가계주택|수준,1.0,18,True,V060
서울25구,202110,V060_대출태도_국내은행_가계주택|12m차,1.0,21,True,V060
서울25구,202110,V074_가계동향_도시2인이상_월평균소득_원|수준,0.8285714285714286,20,True,V074
서울25구,202110,V074_가계동향_도시2인이상_월평균소득_원|12m차,0.8285714285714286,20,True,V074
서울25구,202110,V074_연결_월평균소득_원|12m로그변화,1.0,24,True,V074
서울25구,202110,V024_주거용신축허가_동수_동|12m로그변화,1.0,174,True,V024
서울25구,202110,V024_주거용신축허가_연면적_㎡|12m로그변화,1.0,175,True,V024
서울25구,202110,V072_총조사_가구수_가구|12m로그변화,0.6571428571428571,100,False,V072
서울25구,202110,V072_총조사_주택수_호|12m로그변화,0.6571428571428571,100,False,V072
서울25구,202110,V072_총조사단순주택수가구수비율|12m로그변화,0.6571428571428571,100,False,V072
서울25구,202110,V024_주거용신축허가_동수_천세대당|수준,1.0,175,True,V024
서울25구,202110,V024_주거용신축허가_동수_천세대당|12m차,1.0,175,True,V024
서울25구,202110,V013_서울구반기_고용률_%|수준,0.0,0,False,V013
서울25구,202110,V013_서울구반기_고용률_%|12m차,0.0,0,False,V013
서울25구,202110,V013_서울구반기_취업자_천명|12m로그변화,0.0,0,False,V013
서울25구,202110,V013_서울구_고용률_월별추정|수준,0.0,0,False,V013
서울25구,202110,V013_서울구_고용률_월별추정|12m차,0.0,0,False,V013
서울25구,202110,V013_서울구_취업자_월별추정|12m로그변화,0.0,0,False,V013
서울25구,202110,서울_V072_공식주택보급률_%|수준,1.0,7,True,V072
서울25구,202110,서울_V072_공식주택보급률_%|12m차,1.0,7,True,V072
서울25구,202110,D_CSI_전신계열,1.0,1,False,
서울25구,202110,D_Wage_10th,1.0,2,True,
서울25구,202110,D_Wage_11th,1.0,1,False,
서울25구,202110,M10_rent_growth_1m,0.9857142857142858,1723,True,
서울25구,202110,M10_rent_growth_6m,0.9142857142857143,1600,True,
서울25구,202201,V003_전세가율_%|수준,1.0,330,True,V003
서울25구,202201,V003_전세가율_%|12m차,1.0,451,True,V003
서울25구,202201,V004_지역별전월세전환율_%|수준,1.0,1092,True,V004
서울25구,202201,V004_지역별전월세전환율_%|12m차,1.0,1714,True,V004
서울25구,202201,V009_주민등록인구_명|12m로그변화,1.0,1825,True,V009
서울25구,202201,V010_주민등록세대수_세대|12m로그변화,1.0,1825,True,V010
서울25구,202201,V011_20-29세_명|12m로그변화,1.0,1825,True,V011
서울25구,202201,V011_20-39세_명|12m로그변화,1.0,1825,True,V011
서울25구,202201,V011_20-39세비중_%|수준,1.0,1825,True,V011
서울25구,202201,V011_20-39세비중_%|12m차,1.0,1825,True,V011
서울25구,202201,V011_30-39세_명|12m로그변화,1.0,1825,True,V011
서울25구,202201,V012_순이동자수_명|천명당12개월,1.0,1825,True,V012
서울25구,202201,V035_아파트거래_동호수_호|12개월누적log,1.0,1651,True,V035
서울25구,202201,V035_아파트거래_동호수_호|12개월누적log_12m차,1.0,1825,True,V035
서울25구,202201,V035_아파트거래_면적_천㎡|12개월누적log,1.0,768,True,V035
서울25구,202201,V035_아파트거래_면적_천㎡|12개월누적log_12m차,1.0,1792,True,V035
서울25구,202201,V036_아파트매매거래_동호수_호|12개월누적log,1.0,1594,True,V036
서울25구,202201,V036_아파트매매거래_동호수_호|12개월누적log_12m차,1.0,1825,True,V036
서울25구,202201,V036_아파트매매거래_면적_천㎡|12개월누적log,1.0,607,True,V036
서울25구,202201,V036_아파트매매거래_면적_천㎡|12개월누적log_12m차,1.0,1781,True,V036
서울25구,202201,V038_미분양주택현황_호|log,1.0,100,True,V038
서울25구,202201,V038_미분양주택현황_호|log_12m차,1.0,331,True,V038
서울25구,202201,V043_한국은행_기준금리_연%|수준,1.0,5,True,V043
서울25구,202201,V043_한국은행_기준금리_연%|12m차,1.0,7,True,V043
서울25구,202201,V044_시장금리_CD91일_연%|수준,1.0,44,True,V044
서울25구,202201,V044_시장금리_CD91일_연%|12m차,1.0,59,True,V044
서울25구,202201,V045_시장금리_국고채3년_연%|수준,1.0,73,True,V045
서울25구,202201,V045_시장금리_국고채3년_연%|12m차,1.0,72,True,V045
서울25구,202201,V046_M2_통화량_십억원|12m로그변화,1.0,73,True,V046
서울25구,202201,V048_소비자물가지수_2020=100|수준,1.0,68,True,V048
서울25구,202201,V048_소비자물가지수_2020=100|12m차,1.0,72,True,V048
서울25구,202201,V056_예금은행대출금리_주택담보_연리%|수준,1.0,54,True,V056
서울25구,202201,V056_예금은행대출금리_주택담보_연리%|12m차,1.0,62,True,V056
서울25구,202201,V057_예금은행대출금리_전세자금_연리%|수준,1.0,48,True,V057
서울25구,202201,V057_예금은행대출금리_전세자금_연리%|12m차,0.9041095890410958,50,True,V057
서울25구,202201,V059_비은행대출금리_주택담보_연리%|수준,1.0,61,True,V059
서울25구,202201,V059_비은행대출금리_주택담보_연리%|12m차,1.0,63,True,V059
서울25구,202201,V061_주택가격전망CSI_서울|수준,1.0,34,True,V061
서울25구,202201,V061_주택가격전망CSI_서울|12m차,1.0,38,True,V061
서울25구,202201,V062_주택가격전망CSI_6대광역시|수준,1.0,40,True,V062
서울25구,202201,V062_주택가격전망CSI_6대광역시|12m차,1.0,44,True,V062
서울25구,202201,V063_주택가격전망CSI_기타도시|수준,1.0,36,True,V063
서울25구,202201,V063_주택가격전망CSI_기타도시|12m차,1.0,40,True,V063
서울25구,202201,V064_KOSPI_종가_1980.01.04=100|수준,1.0,73,True,V064
서울25구,202201,V064_KOSPI_종가_1980.01.04=100|12m차,1.0,73,True,V064
서울25구,202201,V066_임금총액_사업체노동력_원|12m로그변화,1.0,73,True,V066
서울25구,202201,V067_선행지수순환변동치_2020=100|수준,1.0,35,True,V067
서울25구,202201,V067_선행지수순환변동치_2020=100|12m차,1.0,46,True,V067
서울25구,202201,V069_예금취급기관_가계대출_십억원|12m로그변화,1.0,73,True,V069
서울25구,202201,V069_예금취급기관_주택관련대출_십억원|12m로그변화,1.0,73,True,V069
서울25구,202201,V070_수출금액_천불|12m로그변화,1.0,73,True,V070
서울25구,202201,V071_정책대출_주금공_주택도시기금_십억원|12m로그변화,0.821917808219178,60,True,V071
서울25구,202201,서울_V005_월세수급동향|수준,0.9863013698630136,69,True,V005
서울25구,202201,서울_V005_월세수급동향|12m차,0.821917808219178,60,True,V005
서울25구,202201,서울_V013_고용률_%|수준,1.0,27,True,V013
서울25구,202201,서울_V013_고용률_%|12m차,1.0,41,True,V013
서울25구,202201,서울_V013_취업자_천명|12m로그변화,1.0,73,True,V013
서울25구,202201,서울_V021_아파트_인허가_호|12개월누적log,1.0,73,True,V021
서울25구,202201,서울_V021_아파트_인허가_호|12개월누적log_12m차,1.0,73,True,V021
서울25구,202201,서울_V022_아파트_착공_호|12개월누적log,1.0,73,True,V022
서울25구,202201,서울_V022_아파트_착공_호|12개월누적log_12m차,1.0,73,True,V022
서울25구,202201,서울_V023_아파트_준공_호|12개월누적log,1.0,73,True,V023
서울25구,202201,서울_V023_아파트_준공_호|12개월누적log_12m차,1.0,73,True,V023
서울25구,202201,서울_V031_매매수급동향|수준,1.0,71,True,V031
서울25구,202201,서울_V031_매매수급동향|12m차,1.0,73,True,V031
서울25구,202201,서울_V032_전세수급동향|수준,1.0,73,True,V032
서울25구,202201,서울_V032_전세수급동향|12m차,1.0,73,True,V032
서울25구,202201,서울_V037_주택시장_소비심리지수|수준,1.0,67,True,V037
서울25구,202201,서울_V037_주택시장_소비심리지수|12m차,1.0,71,True,V037
서울25구,202201,서울_V050_지역별_주택관련대출_예금은행_십억원|12m로그변화,1.0,73,True,V050
서울25구,202201,V047_가계신용_총액_십억원|12m로그변화,1.0,25,True,V047
서울25구,202201,V049_시간당명목임금지수_2020=100|수준,1.0,24,True,V049
서울25구,202201,V049_시간당명목임금지수_2020=100|12m차,1.0,22,True,V049
서울25구,202201,V060_대출태도_국내은행_가계주택|수준,1.0,19,True,V060
서울25구,202201,V060_대출태도_국내은행_가계주택|12m차,1.0,22,True,V060
서울25구,202201,V074_가계동향_도시2인이상_월평균소득_원|수준,0.7945205479452054,20,True,V074
서울25구,202201,V074_가계동향_도시2인이상_월평균소득_원|12m차,0.7945205479452054,20,True,V074
서울25구,202201,V074_연결_월평균소득_원|12m로그변화,1.0,25,True,V074
서울25구,202201,V024_주거용신축허가_동수_동|12m로그변화,1.0,174,True,V024
서울25구,202201,V024_주거용신축허가_연면적_㎡|12m로그변화,1.0,175,True,V024
서울25구,202201,V072_총조사_가구수_가구|12m로그변화,0.6712328767123288,125,False,V072
서울25구,202201,V072_총조사_주택수_호|12m로그변화,0.6712328767123288,125,False,V072
서울25구,202201,V072_총조사단순주택수가구수비율|12m로그변화,0.6712328767123288,125,False,V072
서울25구,202201,V024_주거용신축허가_동수_천세대당|수준,1.0,175,True,V024
서울25구,202201,V024_주거용신축허가_동수_천세대당|12m차,1.0,175,True,V024
서울25구,202201,V013_서울구반기_고용률_%|수준,0.0,0,False,V013
서울25구,202201,V013_서울구반기_고용률_%|12m차,0.0,0,False,V013
서울25구,202201,V013_서울구반기_취업자_천명|12m로그변화,0.0,0,False,V013
서울25구,202201,V013_서울구_고용률_월별추정|수준,0.0,0,False,V013
서울25구,202201,V013_서울구_고용률_월별추정|12m차,0.0,0,False,V013
서울25구,202201,V013_서울구_취업자_월별추정|12m로그변화,0.0,0,False,V013
서울25구,202201,서울_V072_공식주택보급률_%|수준,1.0,7,True,V072
서울25구,202201,서울_V072_공식주택보급률_%|12m차,1.0,7,True,V072
서울25구,202201,D_CSI_전신계열,1.0,1,False,
서울25구,202201,D_Wage_10th,1.0,2,True,
서울25구,202201,D_Wage_11th,1.0,1,False,
서울25구,202201,M10_rent_growth_1m,0.9863013698630136,1798,True,
서울25구,202201,M10_rent_growth_6m,0.9178082191780822,1675,True,
서울25구,202204,V003_전세가율_%|수준,1.0,337,True,V003
서울25구,202204,V003_전세가율_%|12m차,1.0,456,True,V003
서울25구,202204,V004_지역별전월세전환율_%|수준,1.0,1146,True,V004
서울25구,202204,V004_지역별전월세전환율_%|12m차,1.0,1786,True,V004
서울25구,202204,V009_주민등록인구_명|12m로그변화,1.0,1900,True,V009
서울25구,202204,V010_주민등록세대수_세대|12m로그변화,1.0,1900,True,V010
서울25구,202204,V011_20-29세_명|12m로그변화,1.0,1900,True,V011
서울25구,202204,V011_20-39세_명|12m로그변화,1.0,1900,True,V011
서울25구,202204,V011_20-39세비중_%|수준,1.0,1900,True,V011
서울25구,202204,V011_20-39세비중_%|12m차,1.0,1900,True,V011
서울25구,202204,V011_30-39세_명|12m로그변화,1.0,1900,True,V011
서울25구,202204,V012_순이동자수_명|천명당12개월,1.0,1900,True,V012
서울25구,202204,V035_아파트거래_동호수_호|12개월누적log,1.0,1718,True,V035
서울25구,202204,V035_아파트거래_동호수_호|12개월누적log_12m차,1.0,1900,True,V035
서울25구,202204,V035_아파트거래_면적_천㎡|12개월누적log,1.0,777,True,V035
서울25구,202204,V035_아파트거래_면적_천㎡|12개월누적log_12m차,1.0,1864,True,V035
서울25구,202204,V036_아파트매매거래_동호수_호|12개월누적log,1.0,1647,True,V036
서울25구,202204,V036_아파트매매거래_동호수_호|12개월누적log_12m차,1.0,1900,True,V036
서울25구,202204,V036_아파트매매거래_면적_천㎡|12개월누적log,1.0,610,True,V036
서울25구,202204,V036_아파트매매거래_면적_천㎡|12개월누적log_12m차,1.0,1854,True,V036
서울25구,202204,V038_미분양주택현황_호|log,1.0,101,True,V038
서울25구,202204,V038_미분양주택현황_호|log_12m차,1.0,333,True,V038
서울25구,202204,V043_한국은행_기준금리_연%|수준,1.0,5,True,V043
서울25구,202204,V043_한국은행_기준금리_연%|12m차,1.0,7,True,V043
서울25구,202204,V044_시장금리_CD91일_연%|수준,1.0,47,True,V044
서울25구,202204,V044_시장금리_CD91일_연%|12m차,1.0,62,True,V044
서울25구,202204,V045_시장금리_국고채3년_연%|수준,1.0,76,True,V045
서울25구,202204,V045_시장금리_국고채3년_연%|12m차,1.0,75,True,V045
서울25구,202204,V046_M2_통화량_십억원|12m로그변화,1.0,76,True,V046
서울25구,202204,V048_소비자물가지수_2020=100|수준,1.0,71,True,V048
서울25구,202204,V048_소비자물가지수_2020=100|12m차,1.0,75,True,V048
서울25구,202204,V056_예금은행대출금리_주택담보_연리%|수준,1.0,56,True,V056
서울25구,202204,V056_예금은행대출금리_주택담보_연리%|12m차,1.0,65,True,V056
서울25구,202204,V057_예금은행대출금리_전세자금_연리%|수준,1.0,49,True,V057
서울25구,202204,V057_예금은행대출금리_전세자금_연리%|12m차,0.9078947368421053,53,True,V057
서울25구,202204,V059_비은행대출금리_주택담보_연리%|수준,1.0,63,True,V059
서울25구,202204,V059_비은행대출금리_주택담보_연리%|12m차,1.0,66,True,V059
서울25구,202204,V061_주택가격전망CSI_서울|수준,1.0,34,True,V061
서울25구,202204,V061_주택가격전망CSI_서울|12m차,1.0,38,True,V061
서울25구,202204,V062_주택가격전망CSI_6대광역시|수준,1.0,40,True,V062
서울25구,202204,V062_주택가격전망CSI_6대광역시|12m차,1.0,44,True,V062
서울25구,202204,V063_주택가격전망CSI_기타도시|수준,1.0,37,True,V063
서울25구,202204,V063_주택가격전망CSI_기타도시|12m차,1.0,41,True,V063
서울25구,202204,V064_KOSPI_종가_1980.01.04=100|수준,1.0,76,True,V064
서울25구,202204,V064_KOSPI_종가_1980.01.04=100|12m차,1.0,76,True,V064
서울25구,202204,V066_임금총액_사업체노동력_원|12m로그변화,1.0,76,True,V066
서울25구,202204,V067_선행지수순환변동치_2020=100|수준,1.0,37,True,V067
서울25구,202204,V067_선행지수순환변동치_2020=100|12m차,1.0,48,True,V067
서울25구,202204,V069_예금취급기관_가계대출_십억원|12m로그변화,1.0,76,True,V069
서울25구,202204,V069_예금취급기관_주택관련대출_십억원|12m로그변화,1.0,76,True,V069
서울25구,202204,V070_수출금액_천불|12m로그변화,1.0,76,True,V070
서울25구,202204,V071_정책대출_주금공_주택도시기금_십억원|12m로그변화,0.8289473684210527,63,True,V071
서울25구,202204,서울_V005_월세수급동향|수준,0.9868421052631579,72,True,V005
서울25구,202204,서울_V005_월세수급동향|12m차,0.8289473684210527,63,True,V005
서울25구,202204,서울_V013_고용률_%|수준,1.0,27,True,V013
서울25구,202204,서울_V013_고용률_%|12m차,1.0,42,True,V013
서울25구,202204,서울_V013_취업자_천명|12m로그변화,1.0,76,True,V013
서울25구,202204,서울_V021_아파트_인허가_호|12개월누적log,1.0,76,True,V021
서울25구,202204,서울_V021_아파트_인허가_호|12개월누적log_12m차,1.0,76,True,V021
서울25구,202204,서울_V022_아파트_착공_호|12개월누적log,1.0,76,True,V022
서울25구,202204,서울_V022_아파트_착공_호|12개월누적log_12m차,1.0,76,True,V022
서울25구,202204,서울_V023_아파트_준공_호|12개월누적log,1.0,76,True,V023
서울25구,202204,서울_V023_아파트_준공_호|12개월누적log_12m차,1.0,76,True,V023
서울25구,202204,서울_V031_매매수급동향|수준,1.0,74,True,V031
서울25구,202204,서울_V031_매매수급동향|12m차,1.0,76,True,V031
서울25구,202204,서울_V032_전세수급동향|수준,1.0,76,True,V032
서울25구,202204,서울_V032_전세수급동향|12m차,1.0,76,True,V032
서울25구,202204,서울_V037_주택시장_소비심리지수|수준,1.0,70,True,V037
서울25구,202204,서울_V037_주택시장_소비심리지수|12m차,1.0,74,True,V037
서울25구,202204,서울_V050_지역별_주택관련대출_예금은행_십억원|12m로그변화,1.0,76,True,V050
서울25구,202204,V047_가계신용_총액_십억원|12m로그변화,1.0,26,True,V047
서울25구,202204,V049_시간당명목임금지수_2020=100|수준,1.0,25,True,V049
서울25구,202204,V049_시간당명목임금지수_2020=100|12m차,1.0,23,True,V049
서울25구,202204,V060_대출태도_국내은행_가계주택|수준,1.0,19,True,V060
서울25구,202204,V060_대출태도_국내은행_가계주택|12m차,1.0,23,True,V060
서울25구,202204,V074_가계동향_도시2인이상_월평균소득_원|수준,0.7631578947368421,20,True,V074
서울25구,202204,V074_가계동향_도시2인이상_월평균소득_원|12m차,0.7631578947368421,20,True,V074
서울25구,202204,V074_연결_월평균소득_원|12m로그변화,1.0,26,True,V074
서울25구,202204,V024_주거용신축허가_동수_동|12m로그변화,1.0,174,True,V024
서울25구,202204,V024_주거용신축허가_연면적_㎡|12m로그변화,1.0,175,True,V024
서울25구,202204,V072_총조사_가구수_가구|12m로그변화,0.6842105263157895,125,False,V072
서울25구,202204,V072_총조사_주택수_호|12m로그변화,0.6842105263157895,125,False,V072
서울25구,202204,V072_총조사단순주택수가구수비율|12m로그변화,0.6842105263157895,125,False,V072
서울25구,202204,V024_주거용신축허가_동수_천세대당|수준,1.0,175,True,V024
서울25구,202204,V024_주거용신축허가_동수_천세대당|12m차,1.0,175,True,V024
서울25구,202204,V013_서울구반기_고용률_%|수준,0.039473684210526314,23,False,V013
서울25구,202204,V013_서울구반기_고용률_%|12m차,0.0,0,False,V013
서울25구,202204,V013_서울구반기_취업자_천명|12m로그변화,0.0,0,False,V013
서울25구,202204,V013_서울구_고용률_월별추정|수준,0.039473684210526314,69,False,V013
서울25구,202204,V013_서울구_고용률_월별추정|12m차,0.0,0,False,V013
서울25구,202204,V013_서울구_취업자_월별추정|12m로그변화,0.0,0,False,V013
서울25구,202204,서울_V072_공식주택보급률_%|수준,1.0,7,True,V072
서울25구,202204,서울_V072_공식주택보급률_%|12m차,1.0,7,True,V072
서울25구,202204,D_CSI_전신계열,1.0,1,False,
서울25구,202204,D_Wage_10th,1.0,2,True,
서울25구,202204,D_Wage_11th,1.0,1,False,
서울25구,202204,M10_rent_growth_1m,0.9868421052631579,1873,True,
서울25구,202204,M10_rent_growth_6m,0.9210526315789473,1750,True,
서울25구,202207,V003_전세가율_%|수준,1.0,340,True,V003
서울25구,202207,V003_전세가율_%|12m차,1.0,464,True,V003
서울25구,202207,V004_지역별전월세전환율_%|수준,1.0,1196,True,V004
서울25구,202207,V004_지역별전월세전환율_%|12m차,1.0,1861,True,V004
서울25구,202207,V009_주민등록인구_명|12m로그변화,1.0,1975,True,V009
서울25구,202207,V010_주민등록세대수_세대|12m로그변화,1.0,1975,True,V010
서울25구,202207,V011_20-29세_명|12m로그변화,1.0,1975,True,V011
서울25구,202207,V011_20-39세_명|12m로그변화,1.0,1975,True,V011
서울25구,202207,V011_20-39세비중_%|수준,1.0,1975,True,V011
서울25구,202207,V011_20-39세비중_%|12m차,1.0,1975,True,V011
서울25구,202207,V011_30-39세_명|12m로그변화,1.0,1975,True,V011
서울25구,202207,V012_순이동자수_명|천명당12개월,1.0,1975,True,V012
서울25구,202207,V035_아파트거래_동호수_호|12개월누적log,1.0,1784,True,V035
서울25구,202207,V035_아파트거래_동호수_호|12개월누적log_12m차,1.0,1975,True,V035
서울25구,202207,V035_아파트거래_면적_천㎡|12개월누적log,1.0,786,True,V035
서울25구,202207,V035_아파트거래_면적_천㎡|12개월누적log_12m차,1.0,1939,True,V035
서울25구,202207,V036_아파트매매거래_동호수_호|12개월누적log,1.0,1706,True,V036
서울25구,202207,V036_아파트매매거래_동호수_호|12개월누적log_12m차,1.0,1975,True,V036
서울25구,202207,V036_아파트매매거래_면적_천㎡|12개월누적log,1.0,617,True,V036
서울25구,202207,V036_아파트매매거래_면적_천㎡|12개월누적log_12m차,1.0,1927,True,V036
서울25구,202207,V038_미분양주택현황_호|log,1.0,101,True,V038
서울25구,202207,V038_미분양주택현황_호|log_12m차,1.0,335,True,V038
서울25구,202207,V043_한국은행_기준금리_연%|수준,1.0,6,True,V043
서울25구,202207,V043_한국은행_기준금리_연%|12m차,1.0,9,True,V043
서울25구,202207,V044_시장금리_CD91일_연%|수준,1.0,49,True,V044
서울25구,202207,V044_시장금리_CD91일_연%|12m차,1.0,65,True,V044
서울25구,202207,V045_시장금리_국고채3년_연%|수준,1.0,78,True,V045
서울25구,202207,V045_시장금리_국고채3년_연%|12m차,1.0,78,True,V045
서울25구,202207,V046_M2_통화량_십억원|12m로그변화,1.0,79,True,V046
서울25구,202207,V048_소비자물가지수_2020=100|수준,1.0,74,True,V048
서울25구,202207,V048_소비자물가지수_2020=100|12m차,1.0,78,True,V048
서울25구,202207,V056_예금은행대출금리_주택담보_연리%|수준,1.0,58,True,V056
서울25구,202207,V056_예금은행대출금리_주택담보_연리%|12m차,1.0,68,True,V056
서울25구,202207,V057_예금은행대출금리_전세자금_연리%|수준,1.0,51,True,V057
서울25구,202207,V057_예금은행대출금리_전세자금_연리%|12m차,0.9113924050632911,56,True,V057
서울25구,202207,V059_비은행대출금리_주택담보_연리%|수준,1.0,66,True,V059
서울25구,202207,V059_비은행대출금리_주택담보_연리%|12m차,1.0,66,True,V059
서울25구,202207,V061_주택가격전망CSI_서울|수준,1.0,34,True,V061
서울25구,202207,V061_주택가격전망CSI_서울|12m차,1.0,40,True,V061
서울25구,202207,V062_주택가격전망CSI_6대광역시|수준,1.0,41,True,V062
서울25구,202207,V062_주택가격전망CSI_6대광역시|12m차,1.0,45,True,V062
서울25구,202207,V063_주택가격전망CSI_기타도시|수준,1.0,37,True,V063
서울25구,202207,V063_주택가격전망CSI_기타도시|12m차,1.0,43,True,V063
서울25구,202207,V064_KOSPI_종가_1980.01.04=100|수준,1.0,79,True,V064
서울25구,202207,V064_KOSPI_종가_1980.01.04=100|12m차,1.0,79,True,V064
서울25구,202207,V066_임금총액_사업체노동력_원|12m로그변화,1.0,79,True,V066
서울25구,202207,V067_선행지수순환변동치_2020=100|수준,1.0,38,True,V067
서울25구,202207,V067_선행지수순환변동치_2020=100|12m차,1.0,48,True,V067
서울25구,202207,V069_예금취급기관_가계대출_십억원|12m로그변화,1.0,79,True,V069
서울25구,202207,V069_예금취급기관_주택관련대출_십억원|12m로그변화,1.0,79,True,V069
서울25구,202207,V070_수출금액_천불|12m로그변화,1.0,79,True,V070
서울25구,202207,V071_정책대출_주금공_주택도시기금_십억원|12m로그변화,0.8354430379746836,66,True,V071
서울25구,202207,서울_V005_월세수급동향|수준,0.9873417721518988,75,True,V005
서울25구,202207,서울_V005_월세수급동향|12m차,0.8354430379746836,66,True,V005
서울25구,202207,서울_V013_고용률_%|수준,1.0,27,True,V013
서울25구,202207,서울_V013_고용률_%|12m차,1.0,43,True,V013
서울25구,202207,서울_V013_취업자_천명|12m로그변화,1.0,79,True,V013
서울25구,202207,서울_V021_아파트_인허가_호|12개월누적log,1.0,79,True,V021
서울25구,202207,서울_V021_아파트_인허가_호|12개월누적log_12m차,1.0,79,True,V021
서울25구,202207,서울_V022_아파트_착공_호|12개월누적log,1.0,79,True,V022
서울25구,202207,서울_V022_아파트_착공_호|12개월누적log_12m차,1.0,79,True,V022
서울25구,202207,서울_V023_아파트_준공_호|12개월누적log,1.0,79,True,V023
서울25구,202207,서울_V023_아파트_준공_호|12개월누적log_12m차,1.0,79,True,V023
서울25구,202207,서울_V031_매매수급동향|수준,1.0,77,True,V031
서울25구,202207,서울_V031_매매수급동향|12m차,1.0,79,True,V031
서울25구,202207,서울_V032_전세수급동향|수준,1.0,79,True,V032
서울25구,202207,서울_V032_전세수급동향|12m차,1.0,79,True,V032
서울25구,202207,서울_V037_주택시장_소비심리지수|수준,1.0,73,True,V037
서울25구,202207,서울_V037_주택시장_소비심리지수|12m차,1.0,77,True,V037
서울25구,202207,서울_V050_지역별_주택관련대출_예금은행_십억원|12m로그변화,1.0,79,True,V050
서울25구,202207,V047_가계신용_총액_십억원|12m로그변화,1.0,27,True,V047
서울25구,202207,V049_시간당명목임금지수_2020=100|수준,1.0,26,True,V049
서울25구,202207,V049_시간당명목임금지수_2020=100|12m차,1.0,24,True,V049
서울25구,202207,V060_대출태도_국내은행_가계주택|수준,1.0,20,True,V060
서울25구,202207,V060_대출태도_국내은행_가계주택|12m차,1.0,24,True,V060
서울25구,202207,V074_가계동향_도시2인이상_월평균소득_원|수준,0.7341772151898734,20,True,V074
서울25구,202207,V074_가계동향_도시2인이상_월평균소득_원|12m차,0.7341772151898734,20,True,V074
서울25구,202207,V074_연결_월평균소득_원|12m로그변화,1.0,27,True,V074
서울25구,202207,V024_주거용신축허가_동수_동|12m로그변화,1.0,196,True,V024
서울25구,202207,V024_주거용신축허가_연면적_㎡|12m로그변화,1.0,200,True,V024
서울25구,202207,V072_총조사_가구수_가구|12m로그변화,0.6962025316455697,125,False,V072
서울25구,202207,V072_총조사_주택수_호|12m로그변화,0.6962025316455697,125,False,V072
서울25구,202207,V072_총조사단순주택수가구수비율|12m로그변화,0.6962025316455697,125,False,V072
서울25구,202207,V024_주거용신축허가_동수_천세대당|수준,1.0,200,True,V024
서울25구,202207,V024_주거용신축허가_동수_천세대당|12m차,1.0,200,True,V024
서울25구,202207,V013_서울구반기_고용률_%|수준,0.0759493670886076,23,False,V013
서울25구,202207,V013_서울구반기_고용률_%|12m차,0.0,0,False,V013
서울25구,202207,V013_서울구반기_취업자_천명|12m로그변화,0.0,0,False,V013
서울25구,202207,V013_서울구_고용률_월별추정|수준,0.0759493670886076,138,False,V013
서울25구,202207,V013_서울구_고용률_월별추정|12m차,0.0,0,False,V013
서울25구,202207,V013_서울구_취업자_월별추정|12m로그변화,0.0,0,False,V013
서울25구,202207,서울_V072_공식주택보급률_%|수준,1.0,8,True,V072
서울25구,202207,서울_V072_공식주택보급률_%|12m차,1.0,8,True,V072
서울25구,202207,D_CSI_전신계열,1.0,1,False,
서울25구,202207,D_Wage_10th,1.0,2,True,
서울25구,202207,D_Wage_11th,1.0,1,False,
서울25구,202207,M10_rent_growth_1m,0.9873417721518988,1948,True,
서울25구,202207,M10_rent_growth_6m,0.9240506329113924,1825,True,
서울25구,202210,V003_전세가율_%|수준,1.0,341,True,V003
서울25구,202210,V003_전세가율_%|12m차,1.0,465,True,V003
서울25구,202210,V004_지역별전월세전환율_%|수준,1.0,1251,True,V004
서울25구,202210,V004_지역별전월세전환율_%|12m차,1.0,1934,True,V004
서울25구,202210,V009_주민등록인구_명|12m로그변화,1.0,2050,True,V009
서울25구,202210,V010_주민등록세대수_세대|12m로그변화,1.0,2050,True,V010
서울25구,202210,V011_20-29세_명|12m로그변화,1.0,2050,True,V011
서울25구,202210,V011_20-39세_명|12m로그변화,1.0,2050,True,V011
서울25구,202210,V011_20-39세비중_%|수준,1.0,2050,True,V011
서울25구,202210,V011_20-39세비중_%|12m차,1.0,2050,True,V011
서울25구,202210,V011_30-39세_명|12m로그변화,1.0,2050,True,V011
서울25구,202210,V012_순이동자수_명|천명당12개월,1.0,2050,True,V012
서울25구,202210,V035_아파트거래_동호수_호|12개월누적log,1.0,1842,True,V035
서울25구,202210,V035_아파트거래_동호수_호|12개월누적log_12m차,1.0,2050,True,V035
서울25구,202210,V035_아파트거래_면적_천㎡|12개월누적log,1.0,801,True,V035
서울25구,202210,V035_아파트거래_면적_천㎡|12개월누적log_12m차,1.0,2014,True,V035
서울25구,202210,V036_아파트매매거래_동호수_호|12개월누적log,1.0,1758,True,V036
서울25구,202210,V036_아파트매매거래_동호수_호|12개월누적log_12m차,1.0,2050,True,V036
서울25구,202210,V036_아파트매매거래_면적_천㎡|12개월누적log,1.0,627,True,V036
서울25구,202210,V036_아파트매매거래_면적_천㎡|12개월누적log_12m차,1.0,1998,True,V036
서울25구,202210,V038_미분양주택현황_호|log,1.0,102,True,V038
서울25구,202210,V038_미분양주택현황_호|log_12m차,1.0,339,True,V038
서울25구,202210,V043_한국은행_기준금리_연%|수준,1.0,6,True,V043
서울25구,202210,V043_한국은행_기준금리_연%|12m차,1.0,10,True,V043
서울25구,202210,V044_시장금리_CD91일_연%|수준,1.0,49,True,V044
서울25구,202210,V044_시장금리_CD91일_연%|12m차,1.0,68,True,V044
서울25구,202210,V045_시장금리_국고채3년_연%|수준,1.0,81,True,V045
서울25구,202210,V045_시장금리_국고채3년_연%|12m차,1.0,81,True,V045
서울25구,202210,V046_M2_통화량_십억원|12m로그변화,1.0,82,True,V046
서울25구,202210,V048_소비자물가지수_2020=100|수준,1.0,77,True,V048
서울25구,202210,V048_소비자물가지수_2020=100|12m차,1.0,81,True,V048
서울25구,202210,V056_예금은행대출금리_주택담보_연리%|수준,1.0,61,True,V056
서울25구,202210,V056_예금은행대출금리_주택담보_연리%|12m차,1.0,71,True,V056
서울25구,202210,V057_예금은행대출금리_전세자금_연리%|수준,1.0,54,True,V057
서울25구,202210,V057_예금은행대출금리_전세자금_연리%|12m차,0.9146341463414634,59,True,V057
서울25구,202210,V059_비은행대출금리_주택담보_연리%|수준,1.0,68,True,V059
서울25구,202210,V059_비은행대출금리_주택담보_연리%|12m차,1.0,69,True,V059
서울25구,202210,V061_주택가격전망CSI_서울|수준,1.0,35,True,V061
서울25구,202210,V061_주택가격전망CSI_서울|12m차,1.0,42,True,V061
서울25구,202210,V062_주택가격전망CSI_6대광역시|수준,1.0,41,True,V062
서울25구,202210,V062_주택가격전망CSI_6대광역시|12m차,1.0,46,True,V062
서울25구,202210,V063_주택가격전망CSI_기타도시|수준,1.0,37,True,V063
서울25구,202210,V063_주택가격전망CSI_기타도시|12m차,1.0,45,True,V063
서울25구,202210,V064_KOSPI_종가_1980.01.04=100|수준,1.0,82,True,V064
서울25구,202210,V064_KOSPI_종가_1980.01.04=100|12m차,1.0,82,True,V064
서울25구,202210,V066_임금총액_사업체노동력_원|12m로그변화,1.0,82,True,V066
서울25구,202210,V067_선행지수순환변동치_2020=100|수준,1.0,38,True,V067
서울25구,202210,V067_선행지수순환변동치_2020=100|12m차,1.0,49,True,V067
서울25구,202210,V069_예금취급기관_가계대출_십억원|12m로그변화,1.0,82,True,V069
서울25구,202210,V069_예금취급기관_주택관련대출_십억원|12m로그변화,1.0,82,True,V069
서울25구,202210,V070_수출금액_천불|12m로그변화,1.0,82,True,V070
서울25구,202210,V071_정책대출_주금공_주택도시기금_십억원|12m로그변화,0.8414634146341463,69,True,V071
서울25구,202210,서울_V005_월세수급동향|수준,0.9878048780487805,78,True,V005
서울25구,202210,서울_V005_월세수급동향|12m차,0.8414634146341463,69,True,V005
서울25구,202210,서울_V013_고용률_%|수준,1.0,27,True,V013
서울25구,202210,서울_V013_고용률_%|12m차,1.0,45,True,V013
서울25구,202210,서울_V013_취업자_천명|12m로그변화,1.0,82,True,V013
서울25구,202210,서울_V021_아파트_인허가_호|12개월누적log,1.0,82,True,V021
서울25구,202210,서울_V021_아파트_인허가_호|12개월누적log_12m차,1.0,82,True,V021
서울25구,202210,서울_V022_아파트_착공_호|12개월누적log,1.0,82,True,V022
서울25구,202210,서울_V022_아파트_착공_호|12개월누적log_12m차,1.0,82,True,V022
서울25구,202210,서울_V023_아파트_준공_호|12개월누적log,1.0,82,True,V023
서울25구,202210,서울_V023_아파트_준공_호|12개월누적log_12m차,1.0,82,True,V023
서울25구,202210,서울_V031_매매수급동향|수준,1.0,80,True,V031
서울25구,202210,서울_V031_매매수급동향|12m차,1.0,82,True,V031
서울25구,202210,서울_V032_전세수급동향|수준,1.0,82,True,V032
서울25구,202210,서울_V032_전세수급동향|12m차,1.0,82,True,V032
서울25구,202210,서울_V037_주택시장_소비심리지수|수준,1.0,75,True,V037
서울25구,202210,서울_V037_주택시장_소비심리지수|12m차,1.0,80,True,V037
서울25구,202210,서울_V050_지역별_주택관련대출_예금은행_십억원|12m로그변화,1.0,82,True,V050
서울25구,202210,V047_가계신용_총액_십억원|12m로그변화,1.0,28,True,V047
서울25구,202210,V049_시간당명목임금지수_2020=100|수준,1.0,27,True,V049
서울25구,202210,V049_시간당명목임금지수_2020=100|12m차,1.0,25,True,V049
서울25구,202210,V060_대출태도_국내은행_가계주택|수준,1.0,21,True,V060
서울25구,202210,V060_대출태도_국내은행_가계주택|12m차,1.0,25,True,V060
서울25구,202210,V074_가계동향_도시2인이상_월평균소득_원|수준,0.7073170731707317,20,True,V074
서울25구,202210,V074_가계동향_도시2인이상_월평균소득_원|12m차,0.7073170731707317,20,True,V074
서울25구,202210,V074_연결_월평균소득_원|12m로그변화,1.0,28,True,V074
서울25구,202210,V024_주거용신축허가_동수_동|12m로그변화,1.0,196,True,V024
서울25구,202210,V024_주거용신축허가_연면적_㎡|12m로그변화,1.0,200,True,V024
서울25구,202210,V072_총조사_가구수_가구|12m로그변화,0.7073170731707317,125,True,V072
서울25구,202210,V072_총조사_주택수_호|12m로그변화,0.7073170731707317,125,True,V072
서울25구,202210,V072_총조사단순주택수가구수비율|12m로그변화,0.7073170731707317,125,True,V072
서울25구,202210,V024_주거용신축허가_동수_천세대당|수준,1.0,200,True,V024
서울25구,202210,V024_주거용신축허가_동수_천세대당|12m차,1.0,200,True,V024
서울25구,202210,V013_서울구반기_고용률_%|수준,0.10975609756097561,37,False,V013
서울25구,202210,V013_서울구반기_고용률_%|12m차,0.0,0,False,V013
서울25구,202210,V013_서울구반기_취업자_천명|12m로그변화,0.0,0,False,V013
서울25구,202210,V013_서울구_고용률_월별추정|수준,0.10975609756097561,210,False,V013
서울25구,202210,V013_서울구_고용률_월별추정|12m차,0.0,0,False,V013
서울25구,202210,V013_서울구_취업자_월별추정|12m로그변화,0.0,0,False,V013
서울25구,202210,서울_V072_공식주택보급률_%|수준,1.0,8,True,V072
서울25구,202210,서울_V072_공식주택보급률_%|12m차,1.0,8,True,V072
서울25구,202210,D_CSI_전신계열,1.0,1,False,
서울25구,202210,D_Wage_10th,1.0,2,True,
서울25구,202210,D_Wage_11th,1.0,1,False,
서울25구,202210,M10_rent_growth_1m,0.9878048780487805,2023,True,
서울25구,202210,M10_rent_growth_6m,0.926829268292683,1900,True,
서울25구,202301,V003_전세가율_%|수준,1.0,342,True,V003
서울25구,202301,V003_전세가율_%|12m차,1.0,469,True,V003
서울25구,202301,V004_지역별전월세전환율_%|수준,1.0,1305,True,V004
서울25구,202301,V004_지역별전월세전환율_%|12m차,1.0,2009,True,V004
서울25구,202301,V009_주민등록인구_명|12m로그변화,1.0,2125,True,V009
서울25구,202301,V010_주민등록세대수_세대|12m로그변화,1.0,2125,True,V010
서울25구,202301,V011_20-29세_명|12m로그변화,1.0,2125,True,V011
서울25구,202301,V011_20-39세_명|12m로그변화,1.0,2125,True,V011
서울25구,202301,V011_20-39세비중_%|수준,1.0,2125,True,V011
서울25구,202301,V011_20-39세비중_%|12m차,1.0,2125,True,V011
서울25구,202301,V011_30-39세_명|12m로그변화,1.0,2125,True,V011
서울25구,202301,V012_순이동자수_명|천명당12개월,1.0,2125,True,V012
서울25구,202301,V035_아파트거래_동호수_호|12개월누적log,1.0,1913,True,V035
서울25구,202301,V035_아파트거래_동호수_호|12개월누적log_12m차,1.0,2125,True,V035
서울25구,202301,V035_아파트거래_면적_천㎡|12개월누적log,1.0,814,True,V035
서울25구,202301,V035_아파트거래_면적_천㎡|12개월누적log_12m차,1.0,2089,True,V035
서울25구,202301,V036_아파트매매거래_동호수_호|12개월누적log,1.0,1814,True,V036
서울25구,202301,V036_아파트매매거래_동호수_호|12개월누적log_12m차,1.0,2125,True,V036
서울25구,202301,V036_아파트매매거래_면적_천㎡|12개월누적log,1.0,636,True,V036
서울25구,202301,V036_아파트매매거래_면적_천㎡|12개월누적log_12m차,1.0,2073,True,V036
서울25구,202301,V038_미분양주택현황_호|log,1.0,107,True,V038
서울25구,202301,V038_미분양주택현황_호|log_12m차,1.0,351,True,V038
서울25구,202301,V043_한국은행_기준금리_연%|수준,1.0,7,True,V043
서울25구,202301,V043_한국은행_기준금리_연%|12m차,1.0,12,True,V043
서울25구,202301,V044_시장금리_CD91일_연%|수준,1.0,52,True,V044
서울25구,202301,V044_시장금리_CD91일_연%|12m차,1.0,71,True,V044
서울25구,202301,V045_시장금리_국고채3년_연%|수준,1.0,84,True,V045
서울25구,202301,V045_시장금리_국고채3년_연%|12m차,1.0,84,True,V045
서울25구,202301,V046_M2_통화량_십억원|12m로그변화,1.0,85,True,V046
서울25구,202301,V048_소비자물가지수_2020=100|수준,1.0,80,True,V048
서울25구,202301,V048_소비자물가지수_2020=100|12m차,1.0,84,True,V048
서울25구,202301,V056_예금은행대출금리_주택담보_연리%|수준,1.0,63,True,V056
서울25구,202301,V056_예금은행대출금리_주택담보_연리%|12m차,1.0,74,True,V056
서울25구,202301,V057_예금은행대출금리_전세자금_연리%|수준,1.0,57,True,V057
서울25구,202301,V057_예금은행대출금리_전세자금_연리%|12m차,0.9176470588235294,62,True,V057
서울25구,202301,V059_비은행대출금리_주택담보_연리%|수준,1.0,70,True,V059
서울25구,202301,V059_비은행대출금리_주택담보_연리%|12m차,1.0,72,True,V059
서울25구,202301,V061_주택가격전망CSI_서울|수준,1.0,36,True,V061
서울25구,202301,V061_주택가격전망CSI_서울|12m차,1.0,44,True,V061
서울25구,202301,V062_주택가격전망CSI_6대광역시|수준,1.0,42,True,V062
서울25구,202301,V062_주택가격전망CSI_6대광역시|12m차,1.0,48,True,V062
서울25구,202301,V063_주택가격전망CSI_기타도시|수준,1.0,38,True,V063
서울25구,202301,V063_주택가격전망CSI_기타도시|12m차,1.0,47,True,V063
서울25구,202301,V064_KOSPI_종가_1980.01.04=100|수준,1.0,85,True,V064
서울25구,202301,V064_KOSPI_종가_1980.01.04=100|12m차,1.0,85,True,V064
서울25구,202301,V066_임금총액_사업체노동력_원|12m로그변화,1.0,85,True,V066
서울25구,202301,V067_선행지수순환변동치_2020=100|수준,1.0,38,True,V067
서울25구,202301,V067_선행지수순환변동치_2020=100|12m차,1.0,51,True,V067
서울25구,202301,V069_예금취급기관_가계대출_십억원|12m로그변화,1.0,85,True,V069
서울25구,202301,V069_예금취급기관_주택관련대출_십억원|12m로그변화,1.0,85,True,V069
서울25구,202301,V070_수출금액_천불|12m로그변화,1.0,85,True,V070
서울25구,202301,V071_정책대출_주금공_주택도시기금_십억원|12m로그변화,0.8470588235294118,72,True,V071
서울25구,202301,서울_V005_월세수급동향|수준,0.9882352941176471,81,True,V005
서울25구,202301,서울_V005_월세수급동향|12m차,0.8470588235294118,72,True,V005
서울25구,202301,서울_V013_고용률_%|수준,1.0,27,True,V013
서울25구,202301,서울_V013_고용률_%|12m차,1.0,47,True,V013
서울25구,202301,서울_V013_취업자_천명|12m로그변화,1.0,85,True,V013
서울25구,202301,서울_V021_아파트_인허가_호|12개월누적log,1.0,85,True,V021
서울25구,202301,서울_V021_아파트_인허가_호|12개월누적log_12m차,1.0,85,True,V021
서울25구,202301,서울_V022_아파트_착공_호|12개월누적log,1.0,85,True,V022
서울25구,202301,서울_V022_아파트_착공_호|12개월누적log_12m차,1.0,85,True,V022
서울25구,202301,서울_V023_아파트_준공_호|12개월누적log,1.0,85,True,V023
서울25구,202301,서울_V023_아파트_준공_호|12개월누적log_12m차,1.0,85,True,V023
서울25구,202301,서울_V031_매매수급동향|수준,1.0,83,True,V031
서울25구,202301,서울_V031_매매수급동향|12m차,1.0,85,True,V031
서울25구,202301,서울_V032_전세수급동향|수준,1.0,85,True,V032
서울25구,202301,서울_V032_전세수급동향|12m차,1.0,85,True,V032
서울25구,202301,서울_V037_주택시장_소비심리지수|수준,1.0,78,True,V037
서울25구,202301,서울_V037_주택시장_소비심리지수|12m차,1.0,83,True,V037
서울25구,202301,서울_V050_지역별_주택관련대출_예금은행_십억원|12m로그변화,1.0,85,True,V050
서울25구,202301,V047_가계신용_총액_십억원|12m로그변화,1.0,29,True,V047
서울25구,202301,V049_시간당명목임금지수_2020=100|수준,1.0,28,True,V049
서울25구,202301,V049_시간당명목임금지수_2020=100|12m차,1.0,26,True,V049
서울25구,202301,V060_대출태도_국내은행_가계주택|수준,1.0,22,True,V060
서울25구,202301,V060_대출태도_국내은행_가계주택|12m차,1.0,26,True,V060
서울25구,202301,V074_가계동향_도시2인이상_월평균소득_원|수준,0.6823529411764706,20,False,V074
서울25구,202301,V074_가계동향_도시2인이상_월평균소득_원|12m차,0.6823529411764706,20,False,V074
서울25구,202301,V074_연결_월평균소득_원|12m로그변화,1.0,29,True,V074
서울25구,202301,V024_주거용신축허가_동수_동|12m로그변화,1.0,196,True,V024
서울25구,202301,V024_주거용신축허가_연면적_㎡|12m로그변화,1.0,200,True,V024
서울25구,202301,V072_총조사_가구수_가구|12m로그변화,0.7176470588235294,150,True,V072
서울25구,202301,V072_총조사_주택수_호|12m로그변화,0.7176470588235294,150,True,V072
서울25구,202301,V072_총조사단순주택수가구수비율|12m로그변화,0.7176470588235294,150,True,V072
서울25구,202301,V024_주거용신축허가_동수_천세대당|수준,1.0,200,True,V024
서울25구,202301,V024_주거용신축허가_동수_천세대당|12m차,1.0,200,True,V024
서울25구,202301,V013_서울구반기_고용률_%|수준,0.1411764705882353,37,False,V013
서울25구,202301,V013_서울구반기_고용률_%|12m차,0.0,0,False,V013
서울25구,202301,V013_서울구반기_취업자_천명|12m로그변화,0.0,0,False,V013
서울25구,202301,V013_서울구_고용률_월별추정|수준,0.1411764705882353,258,False,V013
서울25구,202301,V013_서울구_고용률_월별추정|12m차,0.0,0,False,V013
서울25구,202301,V013_서울구_취업자_월별추정|12m로그변화,0.0,0,False,V013
서울25구,202301,서울_V072_공식주택보급률_%|수준,1.0,8,True,V072
서울25구,202301,서울_V072_공식주택보급률_%|12m차,1.0,8,True,V072
서울25구,202301,D_CSI_전신계열,1.0,1,False,
서울25구,202301,D_Wage_10th,1.0,2,True,
서울25구,202301,D_Wage_11th,1.0,1,False,
서울25구,202301,M10_rent_growth_1m,0.9882352941176471,2098,True,
서울25구,202301,M10_rent_growth_6m,0.9294117647058824,1975,True,
서울25구,202304,V003_전세가율_%|수준,1.0,344,True,V003
서울25구,202304,V003_전세가율_%|12m차,1.0,469,True,V003
서울25구,202304,V004_지역별전월세전환율_%|수준,1.0,1363,True,V004
서울25구,202304,V004_지역별전월세전환율_%|12m차,1.0,2083,True,V004
서울25구,202304,V009_주민등록인구_명|12m로그변화,1.0,2200,True,V009
서울25구,202304,V010_주민등록세대수_세대|12m로그변화,1.0,2200,True,V010
서울25구,202304,V011_20-29세_명|12m로그변화,1.0,2200,True,V011
서울25구,202304,V011_20-39세_명|12m로그변화,1.0,2200,True,V011
서울25구,202304,V011_20-39세비중_%|수준,1.0,2200,True,V011
서울25구,202304,V011_20-39세비중_%|12m차,1.0,2200,True,V011
서울25구,202304,V011_30-39세_명|12m로그변화,1.0,2200,True,V011
서울25구,202304,V012_순이동자수_명|천명당12개월,1.0,2200,True,V012
서울25구,202304,V035_아파트거래_동호수_호|12개월누적log,1.0,1978,True,V035
서울25구,202304,V035_아파트거래_동호수_호|12개월누적log_12m차,1.0,2200,True,V035
서울25구,202304,V035_아파트거래_면적_천㎡|12개월누적log,1.0,826,True,V035
서울25구,202304,V035_아파트거래_면적_천㎡|12개월누적log_12m차,1.0,2162,True,V035
서울25구,202304,V036_아파트매매거래_동호수_호|12개월누적log,1.0,1874,True,V036
서울25구,202304,V036_아파트매매거래_동호수_호|12개월누적log_12m차,1.0,2200,True,V036
서울25구,202304,V036_아파트매매거래_면적_천㎡|12개월누적log,1.0,646,True,V036
서울25구,202304,V036_아파트매매거래_면적_천㎡|12개월누적log_12m차,1.0,2146,True,V036
서울25구,202304,V038_미분양주택현황_호|log,1.0,110,True,V038
서울25구,202304,V038_미분양주택현황_호|log_12m차,1.0,359,True,V038
서울25구,202304,V043_한국은행_기준금리_연%|수준,1.0,9,True,V043
서울25구,202304,V043_한국은행_기준금리_연%|12m차,1.0,13,True,V043
서울25구,202304,V044_시장금리_CD91일_연%|수준,1.0,55,True,V044
서울25구,202304,V044_시장금리_CD91일_연%|12m차,1.0,74,True,V044
서울25구,202304,V045_시장금리_국고채3년_연%|수준,1.0,87,True,V045
서울25구,202304,V045_시장금리_국고채3년_연%|12m차,1.0,87,True,V045
서울25구,202304,V046_M2_통화량_십억원|12m로그변화,1.0,88,True,V046
서울25구,202304,V048_소비자물가지수_2020=100|수준,1.0,83,True,V048
서울25구,202304,V048_소비자물가지수_2020=100|12m차,1.0,87,True,V048
서울25구,202304,V056_예금은행대출금리_주택담보_연리%|수준,1.0,66,True,V056
서울25구,202304,V056_예금은행대출금리_주택담보_연리%|12m차,1.0,77,True,V056
서울25구,202304,V057_예금은행대출금리_전세자금_연리%|수준,1.0,60,True,V057
서울25구,202304,V057_예금은행대출금리_전세자금_연리%|12m차,0.9204545454545454,65,True,V057
서울25구,202304,V059_비은행대출금리_주택담보_연리%|수준,1.0,72,True,V059
서울25구,202304,V059_비은행대출금리_주택담보_연리%|12m차,1.0,73,True,V059
서울25구,202304,V061_주택가격전망CSI_서울|수준,1.0,39,True,V061
서울25구,202304,V061_주택가격전망CSI_서울|12m차,1.0,46,True,V061
서울25구,202304,V062_주택가격전망CSI_6대광역시|수준,1.0,45,True,V062
서울25구,202304,V062_주택가격전망CSI_6대광역시|12m차,1.0,51,True,V062
서울25구,202304,V063_주택가격전망CSI_기타도시|수준,1.0,41,True,V063
서울25구,202304,V063_주택가격전망CSI_기타도시|12m차,1.0,49,True,V063
서울25구,202304,V064_KOSPI_종가_1980.01.04=100|수준,1.0,88,True,V064
서울25구,202304,V064_KOSPI_종가_1980.01.04=100|12m차,1.0,88,True,V064
서울25구,202304,V066_임금총액_사업체노동력_원|12m로그변화,1.0,88,True,V066
서울25구,202304,V067_선행지수순환변동치_2020=100|수준,1.0,39,True,V067
서울25구,202304,V067_선행지수순환변동치_2020=100|12m차,1.0,53,True,V067
서울25구,202304,V069_예금취급기관_가계대출_십억원|12m로그변화,1.0,88,True,V069
서울25구,202304,V069_예금취급기관_주택관련대출_십억원|12m로그변화,1.0,88,True,V069
서울25구,202304,V070_수출금액_천불|12m로그변화,1.0,88,True,V070
서울25구,202304,V071_정책대출_주금공_주택도시기금_십억원|12m로그변화,0.8522727272727273,75,True,V071
서울25구,202304,서울_V005_월세수급동향|수준,0.9886363636363636,84,True,V005
서울25구,202304,서울_V005_월세수급동향|12m차,0.8522727272727273,75,True,V005
서울25구,202304,서울_V013_고용률_%|수준,1.0,28,True,V013
서울25구,202304,서울_V013_고용률_%|12m차,1.0,48,True,V013
서울25구,202304,서울_V013_취업자_천명|12m로그변화,1.0,88,True,V013
서울25구,202304,서울_V021_아파트_인허가_호|12개월누적log,1.0,88,True,V021
서울25구,202304,서울_V021_아파트_인허가_호|12개월누적log_12m차,1.0,88,True,V021
서울25구,202304,서울_V022_아파트_착공_호|12개월누적log,1.0,88,True,V022
서울25구,202304,서울_V022_아파트_착공_호|12개월누적log_12m차,1.0,88,True,V022
서울25구,202304,서울_V023_아파트_준공_호|12개월누적log,1.0,88,True,V023
서울25구,202304,서울_V023_아파트_준공_호|12개월누적log_12m차,1.0,88,True,V023
서울25구,202304,서울_V031_매매수급동향|수준,1.0,86,True,V031
서울25구,202304,서울_V031_매매수급동향|12m차,1.0,88,True,V031
서울25구,202304,서울_V032_전세수급동향|수준,1.0,88,True,V032
서울25구,202304,서울_V032_전세수급동향|12m차,1.0,88,True,V032
서울25구,202304,서울_V037_주택시장_소비심리지수|수준,1.0,81,True,V037
서울25구,202304,서울_V037_주택시장_소비심리지수|12m차,1.0,86,True,V037
서울25구,202304,서울_V050_지역별_주택관련대출_예금은행_십억원|12m로그변화,1.0,88,True,V050
서울25구,202304,V047_가계신용_총액_십억원|12m로그변화,1.0,30,True,V047
서울25구,202304,V049_시간당명목임금지수_2020=100|수준,1.0,29,True,V049
서울25구,202304,V049_시간당명목임금지수_2020=100|12m차,1.0,27,True,V049
서울25구,202304,V060_대출태도_국내은행_가계주택|수준,1.0,23,True,V060
서울25구,202304,V060_대출태도_국내은행_가계주택|12m차,1.0,27,True,V060
서울25구,202304,V074_가계동향_도시2인이상_월평균소득_원|수준,0.6590909090909091,20,False,V074
서울25구,202304,V074_가계동향_도시2인이상_월평균소득_원|12m차,0.6590909090909091,20,False,V074
서울25구,202304,V074_연결_월평균소득_원|12m로그변화,1.0,30,True,V074
서울25구,202304,V024_주거용신축허가_동수_동|12m로그변화,1.0,196,True,V024
서울25구,202304,V024_주거용신축허가_연면적_㎡|12m로그변화,1.0,200,True,V024
서울25구,202304,V072_총조사_가구수_가구|12m로그변화,0.7272727272727273,150,True,V072
서울25구,202304,V072_총조사_주택수_호|12m로그변화,0.7272727272727273,150,True,V072
서울25구,202304,V072_총조사단순주택수가구수비율|12m로그변화,0.7272727272727273,150,True,V072
서울25구,202304,V024_주거용신축허가_동수_천세대당|수준,1.0,200,True,V024
서울25구,202304,V024_주거용신축허가_동수_천세대당|12m차,1.0,200,True,V024
서울25구,202304,V013_서울구반기_고용률_%|수준,0.17045454545454544,51,False,V013
서울25구,202304,V013_서울구반기_고용률_%|12m차,0.03409090909090909,20,False,V013
서울25구,202304,V013_서울구반기_취업자_천명|12m로그변화,0.03409090909090909,25,False,V013
서울25구,202304,V013_서울구_고용률_월별추정|수준,0.17045454545454544,306,False,V013
서울25구,202304,V013_서울구_고용률_월별추정|12m차,0.03409090909090909,75,False,V013
서울25구,202304,V013_서울구_취업자_월별추정|12m로그변화,0.03409090909090909,75,False,V013
서울25구,202304,서울_V072_공식주택보급률_%|수준,1.0,8,True,V072
서울25구,202304,서울_V072_공식주택보급률_%|12m차,1.0,8,True,V072
서울25구,202304,D_CSI_전신계열,1.0,1,False,
서울25구,202304,D_Wage_10th,1.0,2,True,
서울25구,202304,D_Wage_11th,1.0,1,False,
서울25구,202304,M10_rent_growth_1m,0.9886363636363636,2173,True,
서울25구,202304,M10_rent_growth_6m,0.9318181818181818,2050,True,
서울25구,202307,V003_전세가율_%|수준,1.0,347,True,V003
서울25구,202307,V003_전세가율_%|12m차,1.0,470,True,V003
서울25구,202307,V004_지역별전월세전환율_%|수준,1.0,1417,True,V004
서울25구,202307,V004_지역별전월세전환율_%|12m차,1.0,2158,True,V004
서울25구,202307,V009_주민등록인구_명|12m로그변화,1.0,2275,True,V009
서울25구,202307,V010_주민등록세대수_세대|12m로그변화,1.0,2275,True,V010
서울25구,202307,V011_20-29세_명|12m로그변화,1.0,2275,True,V011
서울25구,202307,V011_20-39세_명|12m로그변화,1.0,2275,True,V011
서울25구,202307,V011_20-39세비중_%|수준,1.0,2275,True,V011
서울25구,202307,V011_20-39세비중_%|12m차,1.0,2275,True,V011
서울25구,202307,V011_30-39세_명|12m로그변화,1.0,2275,True,V011
서울25구,202307,V012_순이동자수_명|천명당12개월,1.0,2275,True,V012
서울25구,202307,V035_아파트거래_동호수_호|12개월누적log,1.0,2036,True,V035
서울25구,202307,V035_아파트거래_동호수_호|12개월누적log_12m차,1.0,2275,True,V035
서울25구,202307,V035_아파트거래_면적_천㎡|12개월누적log,1.0,834,True,V035
서울25구,202307,V035_아파트거래_면적_천㎡|12개월누적log_12m차,1.0,2236,True,V035
서울25구,202307,V036_아파트매매거래_동호수_호|12개월누적log,1.0,1941,True,V036
서울25구,202307,V036_아파트매매거래_동호수_호|12개월누적log_12m차,1.0,2275,True,V036
서울25구,202307,V036_아파트매매거래_면적_천㎡|12개월누적log,1.0,653,True,V036
서울25구,202307,V036_아파트매매거래_면적_천㎡|12개월누적log_12m차,1.0,2217,True,V036
서울25구,202307,V038_미분양주택현황_호|log,1.0,115,True,V038
서울25구,202307,V038_미분양주택현황_호|log_12m차,1.0,363,True,V038
서울25구,202307,V043_한국은행_기준금리_연%|수준,1.0,11,True,V043
서울25구,202307,V043_한국은행_기준금리_연%|12m차,1.0,13,True,V043
서울25구,202307,V044_시장금리_CD91일_연%|수준,1.0,58,True,V044
서울25구,202307,V044_시장금리_CD91일_연%|12m차,1.0,77,True,V044
서울25구,202307,V045_시장금리_국고채3년_연%|수준,1.0,90,True,V045
서울25구,202307,V045_시장금리_국고채3년_연%|12m차,1.0,90,True,V045
서울25구,202307,V046_M2_통화량_십억원|12m로그변화,1.0,91,True,V046
서울25구,202307,V048_소비자물가지수_2020=100|수준,1.0,86,True,V048
서울25구,202307,V048_소비자물가지수_2020=100|12m차,1.0,90,True,V048
서울25구,202307,V056_예금은행대출금리_주택담보_연리%|수준,1.0,69,True,V056
서울25구,202307,V056_예금은행대출금리_주택담보_연리%|12m차,1.0,80,True,V056
서울25구,202307,V057_예금은행대출금리_전세자금_연리%|수준,1.0,63,True,V057
서울25구,202307,V057_예금은행대출금리_전세자금_연리%|12m차,0.9230769230769231,68,True,V057
서울25구,202307,V059_비은행대출금리_주택담보_연리%|수준,1.0,74,True,V059
서울25구,202307,V059_비은행대출금리_주택담보_연리%|12m차,1.0,76,True,V059
서울25구,202307,V061_주택가격전망CSI_서울|수준,1.0,41,True,V061
서울25구,202307,V061_주택가격전망CSI_서울|12m차,1.0,48,True,V061
서울25구,202307,V062_주택가격전망CSI_6대광역시|수준,1.0,48,True,V062
서울25구,202307,V062_주택가격전망CSI_6대광역시|12m차,1.0,54,True,V062
서울25구,202307,V063_주택가격전망CSI_기타도시|수준,1.0,44,True,V063
서울25구,202307,V063_주택가격전망CSI_기타도시|12m차,1.0,52,True,V063
서울25구,202307,V064_KOSPI_종가_1980.01.04=100|수준,1.0,91,True,V064
서울25구,202307,V064_KOSPI_종가_1980.01.04=100|12m차,1.0,91,True,V064
서울25구,202307,V066_임금총액_사업체노동력_원|12m로그변화,1.0,91,True,V066
서울25구,202307,V067_선행지수순환변동치_2020=100|수준,1.0,39,True,V067
서울25구,202307,V067_선행지수순환변동치_2020=100|12m차,1.0,54,True,V067
서울25구,202307,V069_예금취급기관_가계대출_십억원|12m로그변화,1.0,91,True,V069
서울25구,202307,V069_예금취급기관_주택관련대출_십억원|12m로그변화,1.0,91,True,V069
서울25구,202307,V070_수출금액_천불|12m로그변화,1.0,91,True,V070
서울25구,202307,V071_정책대출_주금공_주택도시기금_십억원|12m로그변화,0.8571428571428571,78,True,V071
서울25구,202307,서울_V005_월세수급동향|수준,0.989010989010989,87,True,V005
서울25구,202307,서울_V005_월세수급동향|12m차,0.8571428571428571,78,True,V005
서울25구,202307,서울_V013_고용률_%|수준,1.0,28,True,V013
서울25구,202307,서울_V013_고용률_%|12m차,1.0,48,True,V013
서울25구,202307,서울_V013_취업자_천명|12m로그변화,1.0,91,True,V013
서울25구,202307,서울_V021_아파트_인허가_호|12개월누적log,1.0,91,True,V021
서울25구,202307,서울_V021_아파트_인허가_호|12개월누적log_12m차,1.0,91,True,V021
서울25구,202307,서울_V022_아파트_착공_호|12개월누적log,1.0,91,True,V022
서울25구,202307,서울_V022_아파트_착공_호|12개월누적log_12m차,1.0,91,True,V022
서울25구,202307,서울_V023_아파트_준공_호|12개월누적log,1.0,91,True,V023
서울25구,202307,서울_V023_아파트_준공_호|12개월누적log_12m차,1.0,91,True,V023
서울25구,202307,서울_V031_매매수급동향|수준,1.0,89,True,V031
서울25구,202307,서울_V031_매매수급동향|12m차,1.0,91,True,V031
서울25구,202307,서울_V032_전세수급동향|수준,1.0,91,True,V032
서울25구,202307,서울_V032_전세수급동향|12m차,1.0,91,True,V032
서울25구,202307,서울_V037_주택시장_소비심리지수|수준,1.0,84,True,V037
서울25구,202307,서울_V037_주택시장_소비심리지수|12m차,1.0,89,True,V037
서울25구,202307,서울_V050_지역별_주택관련대출_예금은행_십억원|12m로그변화,1.0,91,True,V050
서울25구,202307,V047_가계신용_총액_십억원|12m로그변화,1.0,31,True,V047
서울25구,202307,V049_시간당명목임금지수_2020=100|수준,1.0,30,True,V049
서울25구,202307,V049_시간당명목임금지수_2020=100|12m차,1.0,28,True,V049
서울25구,202307,V060_대출태도_국내은행_가계주택|수준,1.0,24,True,V060
서울25구,202307,V060_대출태도_국내은행_가계주택|12m차,1.0,28,True,V060
서울25구,202307,V074_가계동향_도시2인이상_월평균소득_원|수준,0.6373626373626373,20,False,V074
서울25구,202307,V074_가계동향_도시2인이상_월평균소득_원|12m차,0.6373626373626373,20,False,V074
서울25구,202307,V074_연결_월평균소득_원|12m로그변화,1.0,31,True,V074
서울25구,202307,V024_주거용신축허가_동수_동|12m로그변화,1.0,221,True,V024
서울25구,202307,V024_주거용신축허가_연면적_㎡|12m로그변화,1.0,225,True,V024
서울25구,202307,V072_총조사_가구수_가구|12m로그변화,0.7362637362637363,150,True,V072
서울25구,202307,V072_총조사_주택수_호|12m로그변화,0.7362637362637363,150,True,V072
서울25구,202307,V072_총조사단순주택수가구수비율|12m로그변화,0.7362637362637363,150,True,V072
서울25구,202307,V024_주거용신축허가_동수_천세대당|수준,1.0,225,True,V024
서울25구,202307,V024_주거용신축허가_동수_천세대당|12m차,1.0,225,True,V024
서울25구,202307,V013_서울구반기_고용률_%|수준,0.1978021978021978,51,False,V013
서울25구,202307,V013_서울구반기_고용률_%|12m차,0.06593406593406594,20,False,V013
서울25구,202307,V013_서울구반기_취업자_천명|12m로그변화,0.06593406593406594,25,False,V013
서울25구,202307,V013_서울구_고용률_월별추정|수준,0.1978021978021978,354,False,V013
서울25구,202307,V013_서울구_고용률_월별추정|12m차,0.06593406593406594,150,False,V013
서울25구,202307,V013_서울구_취업자_월별추정|12m로그변화,0.06593406593406594,150,False,V013
서울25구,202307,서울_V072_공식주택보급률_%|수준,1.0,9,True,V072
서울25구,202307,서울_V072_공식주택보급률_%|12m차,1.0,9,True,V072
서울25구,202307,D_CSI_전신계열,1.0,1,False,
서울25구,202307,D_Wage_10th,1.0,2,True,
서울25구,202307,D_Wage_11th,1.0,1,False,
서울25구,202307,M10_rent_growth_1m,0.989010989010989,2248,True,
서울25구,202307,M10_rent_growth_6m,0.9340659340659341,2125,True,
서울25구,202310,V003_전세가율_%|수준,1.0,348,True,V003
서울25구,202310,V003_전세가율_%|12m차,1.0,473,True,V003
서울25구,202310,V004_지역별전월세전환율_%|수준,1.0,1475,True,V004
서울25구,202310,V004_지역별전월세전환율_%|12m차,1.0,2233,True,V004
서울25구,202310,V009_주민등록인구_명|12m로그변화,1.0,2350,True,V009
서울25구,202310,V010_주민등록세대수_세대|12m로그변화,1.0,2350,True,V010
서울25구,202310,V011_20-29세_명|12m로그변화,1.0,2350,True,V011
서울25구,202310,V011_20-39세_명|12m로그변화,1.0,2350,True,V011
서울25구,202310,V011_20-39세비중_%|수준,1.0,2350,True,V011
서울25구,202310,V011_20-39세비중_%|12m차,1.0,2350,True,V011
서울25구,202310,V011_30-39세_명|12m로그변화,1.0,2350,True,V011
서울25구,202310,V012_순이동자수_명|천명당12개월,1.0,2350,True,V012
서울25구,202310,V035_아파트거래_동호수_호|12개월누적log,1.0,2099,True,V035
서울25구,202310,V035_아파트거래_동호수_호|12개월누적log_12m차,1.0,2349,True,V035
서울25구,202310,V035_아파트거래_면적_천㎡|12개월누적log,1.0,842,True,V035
서울25구,202310,V035_아파트거래_면적_천㎡|12개월누적log_12m차,1.0,2306,True,V035
서울25구,202310,V036_아파트매매거래_동호수_호|12개월누적log,1.0,1997,True,V036
서울25구,202310,V036_아파트매매거래_동호수_호|12개월누적log_12m차,1.0,2350,True,V036
서울25구,202310,V036_아파트매매거래_면적_천㎡|12개월누적log,1.0,657,True,V036
서울25구,202310,V036_아파트매매거래_면적_천㎡|12개월누적log_12m차,1.0,2284,True,V036
서울25구,202310,V038_미분양주택현황_호|log,1.0,122,True,V038
서울25구,202310,V038_미분양주택현황_호|log_12m차,1.0,375,True,V038
서울25구,202310,V043_한국은행_기준금리_연%|수준,1.0,11,True,V043
서울25구,202310,V043_한국은행_기준금리_연%|12m차,1.0,14,True,V043
서울25구,202310,V044_시장금리_CD91일_연%|수준,1.0,61,True,V044
서울25구,202310,V044_시장금리_CD91일_연%|12m차,1.0,79,True,V044
서울25구,202310,V045_시장금리_국고채3년_연%|수준,1.0,93,True,V045
서울25구,202310,V045_시장금리_국고채3년_연%|12m차,1.0,93,True,V045
서울25구,202310,V046_M2_통화량_십억원|12m로그변화,1.0,94,True,V046
서울25구,202310,V048_소비자물가지수_2020=100|수준,1.0,89,True,V048
서울25구,202310,V048_소비자물가지수_2020=100|12m차,1.0,92,True,V048
서울25구,202310,V056_예금은행대출금리_주택담보_연리%|수준,1.0,72,True,V056
서울25구,202310,V056_예금은행대출금리_주택담보_연리%|12m차,1.0,83,True,V056
서울25구,202310,V057_예금은행대출금리_전세자금_연리%|수준,1.0,66,True,V057
서울25구,202310,V057_예금은행대출금리_전세자금_연리%|12m차,0.925531914893617,71,True,V057
서울25구,202310,V059_비은행대출금리_주택담보_연리%|수준,1.0,77,True,V059
서울25구,202310,V059_비은행대출금리_주택담보_연리%|12m차,1.0,79,True,V059
서울25구,202310,V061_주택가격전망CSI_서울|수준,1.0,42,True,V061
서울25구,202310,V061_주택가격전망CSI_서울|12m차,1.0,49,True,V061
서울25구,202310,V062_주택가격전망CSI_6대광역시|수준,1.0,50,True,V062
서울25구,202310,V062_주택가격전망CSI_6대광역시|12m차,1.0,55,True,V062
서울25구,202310,V063_주택가격전망CSI_기타도시|수준,1.0,47,True,V063
서울25구,202310,V063_주택가격전망CSI_기타도시|12m차,1.0,54,True,V063
서울25구,202310,V064_KOSPI_종가_1980.01.04=100|수준,1.0,94,True,V064
서울25구,202310,V064_KOSPI_종가_1980.01.04=100|12m차,1.0,94,True,V064
서울25구,202310,V066_임금총액_사업체노동력_원|12m로그변화,1.0,94,True,V066
서울25구,202310,V067_선행지수순환변동치_2020=100|수준,1.0,39,True,V067
서울25구,202310,V067_선행지수순환변동치_2020=100|12m차,1.0,54,True,V067
서울25구,202310,V069_예금취급기관_가계대출_십억원|12m로그변화,1.0,94,True,V069
서울25구,202310,V069_예금취급기관_주택관련대출_십억원|12m로그변화,1.0,94,True,V069
서울25구,202310,V070_수출금액_천불|12m로그변화,1.0,94,True,V070
서울25구,202310,V071_정책대출_주금공_주택도시기금_십억원|12m로그변화,0.8617021276595744,81,True,V071
서울25구,202310,서울_V005_월세수급동향|수준,0.9893617021276596,90,True,V005
서울25구,202310,서울_V005_월세수급동향|12m차,0.8617021276595744,81,True,V005
서울25구,202310,서울_V013_고용률_%|수준,1.0,28,True,V013
서울25구,202310,서울_V013_고용률_%|12m차,1.0,49,True,V013
서울25구,202310,서울_V013_취업자_천명|12m로그변화,1.0,94,True,V013
서울25구,202310,서울_V021_아파트_인허가_호|12개월누적log,1.0,94,True,V021
서울25구,202310,서울_V021_아파트_인허가_호|12개월누적log_12m차,1.0,94,True,V021
서울25구,202310,서울_V022_아파트_착공_호|12개월누적log,1.0,94,True,V022
서울25구,202310,서울_V022_아파트_착공_호|12개월누적log_12m차,1.0,94,True,V022
서울25구,202310,서울_V023_아파트_준공_호|12개월누적log,1.0,93,True,V023
서울25구,202310,서울_V023_아파트_준공_호|12개월누적log_12m차,1.0,94,True,V023
서울25구,202310,서울_V031_매매수급동향|수준,1.0,92,True,V031
서울25구,202310,서울_V031_매매수급동향|12m차,1.0,94,True,V031
서울25구,202310,서울_V032_전세수급동향|수준,1.0,94,True,V032
서울25구,202310,서울_V032_전세수급동향|12m차,1.0,94,True,V032
서울25구,202310,서울_V037_주택시장_소비심리지수|수준,1.0,86,True,V037
서울25구,202310,서울_V037_주택시장_소비심리지수|12m차,1.0,91,True,V037
서울25구,202310,서울_V050_지역별_주택관련대출_예금은행_십억원|12m로그변화,1.0,94,True,V050
서울25구,202310,V047_가계신용_총액_십억원|12m로그변화,1.0,32,True,V047
서울25구,202310,V049_시간당명목임금지수_2020=100|수준,1.0,31,True,V049
서울25구,202310,V049_시간당명목임금지수_2020=100|12m차,1.0,29,True,V049
서울25구,202310,V060_대출태도_국내은행_가계주택|수준,1.0,24,True,V060
서울25구,202310,V060_대출태도_국내은행_가계주택|12m차,1.0,29,True,V060
서울25구,202310,V074_가계동향_도시2인이상_월평균소득_원|수준,0.6170212765957447,20,False,V074
서울25구,202310,V074_가계동향_도시2인이상_월평균소득_원|12m차,0.6170212765957447,20,False,V074
서울25구,202310,V074_연결_월평균소득_원|12m로그변화,1.0,32,True,V074
서울25구,202310,V024_주거용신축허가_동수_동|12m로그변화,1.0,221,True,V024
서울25구,202310,V024_주거용신축허가_연면적_㎡|12m로그변화,1.0,225,True,V024
서울25구,202310,V072_총조사_가구수_가구|12m로그변화,0.7446808510638298,150,True,V072
서울25구,202310,V072_총조사_주택수_호|12m로그변화,0.7446808510638298,150,True,V072
서울25구,202310,V072_총조사단순주택수가구수비율|12m로그변화,0.7446808510638298,150,True,V072
서울25구,202310,V024_주거용신축허가_동수_천세대당|수준,1.0,225,True,V024
서울25구,202310,V024_주거용신축허가_동수_천세대당|12m차,1.0,225,True,V024
서울25구,202310,V013_서울구반기_고용률_%|수준,0.22340425531914893,60,False,V013
서울25구,202310,V013_서울구반기_고용률_%|12m차,0.09574468085106383,32,False,V013
서울25구,202310,V013_서울구반기_취업자_천명|12m로그변화,0.09574468085106383,50,False,V013
서울25구,202310,V013_서울구_고용률_월별추정|수준,0.22340425531914893,421,False,V013
서울25구,202310,V013_서울구_고용률_월별추정|12m차,0.09574468085106383,225,False,V013
서울25구,202310,V013_서울구_취업자_월별추정|12m로그변화,0.09574468085106383,225,False,V013
서울25구,202310,서울_V072_공식주택보급률_%|수준,1.0,9,True,V072
서울25구,202310,서울_V072_공식주택보급률_%|12m차,1.0,9,True,V072
서울25구,202310,D_CSI_전신계열,1.0,1,False,
서울25구,202310,D_Wage_10th,1.0,2,True,
서울25구,202310,D_Wage_11th,1.0,1,False,
서울25구,202310,M10_rent_growth_1m,0.9893617021276596,2323,True,
서울25구,202310,M10_rent_growth_6m,0.9361702127659575,2200,True,
서울25구,202401,V003_전세가율_%|수준,1.0,353,True,V003
서울25구,202401,V003_전세가율_%|12m차,1.0,475,True,V003
서울25구,202401,V004_지역별전월세전환율_%|수준,1.0,1522,True,V004
서울25구,202401,V004_지역별전월세전환율_%|12m차,1.0,2307,True,V004
서울25구,202401,V009_주민등록인구_명|12m로그변화,1.0,2425,True,V009
서울25구,202401,V010_주민등록세대수_세대|12m로그변화,1.0,2425,True,V010
서울25구,202401,V011_20-29세_명|12m로그변화,1.0,2425,True,V011
서울25구,202401,V011_20-39세_명|12m로그변화,1.0,2425,True,V011
서울25구,202401,V011_20-39세비중_%|수준,1.0,2425,True,V011
서울25구,202401,V011_20-39세비중_%|12m차,1.0,2425,True,V011
서울25구,202401,V011_30-39세_명|12m로그변화,1.0,2425,True,V011
서울25구,202401,V012_순이동자수_명|천명당12개월,1.0,2425,True,V012
서울25구,202401,V035_아파트거래_동호수_호|12개월누적log,1.0,2161,True,V035
서울25구,202401,V035_아파트거래_동호수_호|12개월누적log_12m차,1.0,2424,True,V035
서울25구,202401,V035_아파트거래_면적_천㎡|12개월누적log,1.0,851,True,V035
서울25구,202401,V035_아파트거래_면적_천㎡|12개월누적log_12m차,1.0,2376,True,V035
서울25구,202401,V036_아파트매매거래_동호수_호|12개월누적log,1.0,2044,True,V036
서울25구,202401,V036_아파트매매거래_동호수_호|12개월누적log_12m차,1.0,2425,True,V036
서울25구,202401,V036_아파트매매거래_면적_천㎡|12개월누적log,1.0,658,True,V036
서울25구,202401,V036_아파트매매거래_면적_천㎡|12개월누적log_12m차,1.0,2350,True,V036
서울25구,202401,V038_미분양주택현황_호|log,1.0,134,True,V038
서울25구,202401,V038_미분양주택현황_호|log_12m차,1.0,395,True,V038
서울25구,202401,V043_한국은행_기준금리_연%|수준,1.0,11,True,V043
서울25구,202401,V043_한국은행_기준금리_연%|12m차,1.0,14,True,V043
서울25구,202401,V044_시장금리_CD91일_연%|수준,1.0,63,True,V044
서울25구,202401,V044_시장금리_CD91일_연%|12m차,1.0,82,True,V044
서울25구,202401,V045_시장금리_국고채3년_연%|수준,1.0,96,True,V045
서울25구,202401,V045_시장금리_국고채3년_연%|12m차,1.0,96,True,V045
서울25구,202401,V046_M2_통화량_십억원|12m로그변화,1.0,97,True,V046
서울25구,202401,V048_소비자물가지수_2020=100|수준,1.0,92,True,V048
서울25구,202401,V048_소비자물가지수_2020=100|12m차,1.0,95,True,V048
서울25구,202401,V056_예금은행대출금리_주택담보_연리%|수준,1.0,75,True,V056
서울25구,202401,V056_예금은행대출금리_주택담보_연리%|12m차,1.0,85,True,V056
서울25구,202401,V057_예금은행대출금리_전세자금_연리%|수준,1.0,69,True,V057
서울25구,202401,V057_예금은행대출금리_전세자금_연리%|12m차,0.9278350515463918,74,True,V057
서울25구,202401,V059_비은행대출금리_주택담보_연리%|수준,1.0,80,True,V059
서울25구,202401,V059_비은행대출금리_주택담보_연리%|12m차,1.0,82,True,V059
서울25구,202401,V061_주택가격전망CSI_서울|수준,1.0,42,True,V061
서울25구,202401,V061_주택가격전망CSI_서울|12m차,1.0,50,True,V061
서울25구,202401,V062_주택가격전망CSI_6대광역시|수준,1.0,50,True,V062
서울25구,202401,V062_주택가격전망CSI_6대광역시|12m차,1.0,55,True,V062
서울25구,202401,V063_주택가격전망CSI_기타도시|수준,1.0,47,True,V063
서울25구,202401,V063_주택가격전망CSI_기타도시|12m차,1.0,54,True,V063
서울25구,202401,V064_KOSPI_종가_1980.01.04=100|수준,1.0,97,True,V064
서울25구,202401,V064_KOSPI_종가_1980.01.04=100|12m차,1.0,97,True,V064
서울25구,202401,V066_임금총액_사업체노동력_원|12m로그변화,1.0,97,True,V066
서울25구,202401,V067_선행지수순환변동치_2020=100|수준,1.0,40,True,V067
서울25구,202401,V067_선행지수순환변동치_2020=100|12m차,1.0,54,True,V067
서울25구,202401,V069_예금취급기관_가계대출_십억원|12m로그변화,1.0,97,True,V069
서울25구,202401,V069_예금취급기관_주택관련대출_십억원|12m로그변화,1.0,97,True,V069
서울25구,202401,V070_수출금액_천불|12m로그변화,1.0,97,True,V070
서울25구,202401,V071_정책대출_주금공_주택도시기금_십억원|12m로그변화,0.865979381443299,84,True,V071
서울25구,202401,서울_V005_월세수급동향|수준,0.9896907216494846,93,True,V005
서울25구,202401,서울_V005_월세수급동향|12m차,0.865979381443299,84,True,V005
서울25구,202401,서울_V013_고용률_%|수준,1.0,29,True,V013
서울25구,202401,서울_V013_고용률_%|12m차,1.0,49,True,V013
서울25구,202401,서울_V013_취업자_천명|12m로그변화,1.0,97,True,V013
서울25구,202401,서울_V021_아파트_인허가_호|12개월누적log,1.0,97,True,V021
서울25구,202401,서울_V021_아파트_인허가_호|12개월누적log_12m차,1.0,97,True,V021
서울25구,202401,서울_V022_아파트_착공_호|12개월누적log,1.0,97,True,V022
서울25구,202401,서울_V022_아파트_착공_호|12개월누적log_12m차,1.0,97,True,V022
서울25구,202401,서울_V023_아파트_준공_호|12개월누적log,1.0,96,True,V023
서울25구,202401,서울_V023_아파트_준공_호|12개월누적log_12m차,1.0,97,True,V023
서울25구,202401,서울_V031_매매수급동향|수준,1.0,95,True,V031
서울25구,202401,서울_V031_매매수급동향|12m차,1.0,97,True,V031
서울25구,202401,서울_V032_전세수급동향|수준,1.0,97,True,V032
서울25구,202401,서울_V032_전세수급동향|12m차,1.0,97,True,V032
서울25구,202401,서울_V037_주택시장_소비심리지수|수준,1.0,88,True,V037
서울25구,202401,서울_V037_주택시장_소비심리지수|12m차,1.0,94,True,V037
서울25구,202401,서울_V050_지역별_주택관련대출_예금은행_십억원|12m로그변화,1.0,97,True,V050
서울25구,202401,V047_가계신용_총액_십억원|12m로그변화,1.0,33,True,V047
서울25구,202401,V049_시간당명목임금지수_2020=100|수준,1.0,32,True,V049
서울25구,202401,V049_시간당명목임금지수_2020=100|12m차,1.0,30,True,V049
서울25구,202401,V060_대출태도_국내은행_가계주택|수준,1.0,25,True,V060
서울25구,202401,V060_대출태도_국내은행_가계주택|12m차,1.0,30,True,V060
서울25구,202401,V074_가계동향_도시2인이상_월평균소득_원|수준,0.5979381443298969,20,False,V074
서울25구,202401,V074_가계동향_도시2인이상_월평균소득_원|12m차,0.5979381443298969,20,False,V074
서울25구,202401,V074_연결_월평균소득_원|12m로그변화,1.0,33,True,V074
서울25구,202401,V024_주거용신축허가_동수_동|12m로그변화,1.0,221,True,V024
서울25구,202401,V024_주거용신축허가_연면적_㎡|12m로그변화,1.0,225,True,V024
서울25구,202401,V072_총조사_가구수_가구|12m로그변화,0.7525773195876289,175,True,V072
서울25구,202401,V072_총조사_주택수_호|12m로그변화,0.7525773195876289,175,True,V072
서울25구,202401,V072_총조사단순주택수가구수비율|12m로그변화,0.7525773195876289,175,True,V072
서울25구,202401,V024_주거용신축허가_동수_천세대당|수준,1.0,225,True,V024
서울25구,202401,V024_주거용신축허가_동수_천세대당|12m차,1.0,225,True,V024
서울25구,202401,V013_서울구반기_고용률_%|수준,0.24742268041237114,60,False,V013
서울25구,202401,V013_서울구반기_고용률_%|12m차,0.12371134020618557,32,False,V013
서울25구,202401,V013_서울구반기_취업자_천명|12m로그변화,0.12371134020618557,50,False,V013
서울25구,202401,V013_서울구_고용률_월별추정|수준,0.24742268041237114,444,False,V013
서울25구,202401,V013_서울구_고용률_월별추정|12m차,0.12371134020618557,275,False,V013
서울25구,202401,V013_서울구_취업자_월별추정|12m로그변화,0.12371134020618557,300,False,V013
서울25구,202401,서울_V072_공식주택보급률_%|수준,1.0,9,True,V072
서울25구,202401,서울_V072_공식주택보급률_%|12m차,1.0,9,True,V072
서울25구,202401,D_CSI_전신계열,1.0,1,False,
서울25구,202401,D_Wage_10th,1.0,2,True,
서울25구,202401,D_Wage_11th,1.0,1,False,
서울25구,202401,M10_rent_growth_1m,0.9896907216494846,2398,True,
서울25구,202401,M10_rent_growth_6m,0.9381443298969072,2275,True,
서울25구,202404,V003_전세가율_%|수준,1.0,354,True,V003
서울25구,202404,V003_전세가율_%|12m차,1.0,477,True,V003
서울25구,202404,V004_지역별전월세전환율_%|수준,1.0,1571,True,V004
서울25구,202404,V004_지역별전월세전환율_%|12m차,1.0,2381,True,V004
서울25구,202404,V009_주민등록인구_명|12m로그변화,1.0,2500,True,V009
서울25구,202404,V010_주민등록세대수_세대|12m로그변화,1.0,2500,True,V010
서울25구,202404,V011_20-29세_명|12m로그변화,1.0,2500,True,V011
서울25구,202404,V011_20-39세_명|12m로그변화,1.0,2500,True,V011
서울25구,202404,V011_20-39세비중_%|수준,1.0,2500,True,V011
서울25구,202404,V011_20-39세비중_%|12m차,1.0,2500,True,V011
서울25구,202404,V011_30-39세_명|12m로그변화,1.0,2500,True,V011
서울25구,202404,V012_순이동자수_명|천명당12개월,1.0,2500,True,V012
서울25구,202404,V035_아파트거래_동호수_호|12개월누적log,1.0,2221,True,V035
서울25구,202404,V035_아파트거래_동호수_호|12개월누적log_12m차,1.0,2499,True,V035
서울25구,202404,V035_아파트거래_면적_천㎡|12개월누적log,1.0,857,True,V035
서울25구,202404,V035_아파트거래_면적_천㎡|12개월누적log_12m차,1.0,2445,True,V035
서울25구,202404,V036_아파트매매거래_동호수_호|12개월누적log,1.0,2096,True,V036
서울25구,202404,V036_아파트매매거래_동호수_호|12개월누적log_12m차,1.0,2499,True,V036
서울25구,202404,V036_아파트매매거래_면적_천㎡|12개월누적log,1.0,659,True,V036
서울25구,202404,V036_아파트매매거래_면적_천㎡|12개월누적log_12m차,1.0,2419,True,V036
서울25구,202404,V038_미분양주택현황_호|log,1.0,142,True,V038
서울25구,202404,V038_미분양주택현황_호|log_12m차,1.0,412,True,V038
서울25구,202404,V043_한국은행_기준금리_연%|수준,1.0,11,True,V043
서울25구,202404,V043_한국은행_기준금리_연%|12m차,1.0,14,True,V043
서울25구,202404,V044_시장금리_CD91일_연%|수준,1.0,66,True,V044
서울25구,202404,V044_시장금리_CD91일_연%|12m차,1.0,84,True,V044
서울25구,202404,V045_시장금리_국고채3년_연%|수준,1.0,99,True,V045
서울25구,202404,V045_시장금리_국고채3년_연%|12m차,1.0,99,True,V045
서울25구,202404,V046_M2_통화량_십억원|12m로그변화,1.0,100,True,V046
서울25구,202404,V048_소비자물가지수_2020=100|수준,1.0,95,True,V048
서울25구,202404,V048_소비자물가지수_2020=100|12m차,1.0,97,True,V048
서울25구,202404,V056_예금은행대출금리_주택담보_연리%|수준,1.0,77,True,V056
서울25구,202404,V056_예금은행대출금리_주택담보_연리%|12m차,1.0,87,True,V056
서울25구,202404,V057_예금은행대출금리_전세자금_연리%|수준,1.0,71,True,V057
서울25구,202404,V057_예금은행대출금리_전세자금_연리%|12m차,0.93,77,True,V057
서울25구,202404,V059_비은행대출금리_주택담보_연리%|수준,1.0,82,True,V059
서울25구,202404,V059_비은행대출금리_주택담보_연리%|12m차,1.0,85,True,V059
서울25구,202404,V061_주택가격전망CSI_서울|수준,1.0,42,True,V061
서울25구,202404,V061_주택가격전망CSI_서울|12m차,1.0,52,True,V061
서울25구,202404,V062_주택가격전망CSI_6대광역시|수준,1.0,51,True,V062
서울25구,202404,V062_주택가격전망CSI_6대광역시|12m차,1.0,58,True,V062
서울25구,202404,V063_주택가격전망CSI_기타도시|수준,1.0,47,True,V063
서울25구,202404,V063_주택가격전망CSI_기타도시|12m차,1.0,57,True,V063
서울25구,202404,V064_KOSPI_종가_1980.01.04=100|수준,1.0,100,True,V064
서울25구,202404,V064_KOSPI_종가_1980.01.04=100|12m차,1.0,100,True,V064
서울25구,202404,V066_임금총액_사업체노동력_원|12m로그변화,1.0,100,True,V066
서울25구,202404,V067_선행지수순환변동치_2020=100|수준,1.0,40,True,V067
서울25구,202404,V067_선행지수순환변동치_2020=100|12m차,1.0,55,True,V067
서울25구,202404,V069_예금취급기관_가계대출_십억원|12m로그변화,1.0,100,True,V069
서울25구,202404,V069_예금취급기관_주택관련대출_십억원|12m로그변화,1.0,100,True,V069
서울25구,202404,V070_수출금액_천불|12m로그변화,1.0,100,True,V070
서울25구,202404,V071_정책대출_주금공_주택도시기금_십억원|12m로그변화,0.87,87,True,V071
서울25구,202404,서울_V005_월세수급동향|수준,0.99,96,True,V005
서울25구,202404,서울_V005_월세수급동향|12m차,0.87,87,True,V005
서울25구,202404,서울_V013_고용률_%|수준,1.0,31,True,V013
서울25구,202404,서울_V013_고용률_%|12m차,1.0,49,True,V013
서울25구,202404,서울_V013_취업자_천명|12m로그변화,1.0,100,True,V013
서울25구,202404,서울_V021_아파트_인허가_호|12개월누적log,1.0,100,True,V021
서울25구,202404,서울_V021_아파트_인허가_호|12개월누적log_12m차,1.0,100,True,V021
서울25구,202404,서울_V022_아파트_착공_호|12개월누적log,1.0,100,True,V022
서울25구,202404,서울_V022_아파트_착공_호|12개월누적log_12m차,1.0,100,True,V022
서울25구,202404,서울_V023_아파트_준공_호|12개월누적log,1.0,99,True,V023
서울25구,202404,서울_V023_아파트_준공_호|12개월누적log_12m차,1.0,100,True,V023
서울25구,202404,서울_V031_매매수급동향|수준,1.0,98,True,V031
서울25구,202404,서울_V031_매매수급동향|12m차,1.0,100,True,V031
서울25구,202404,서울_V032_전세수급동향|수준,1.0,100,True,V032
서울25구,202404,서울_V032_전세수급동향|12m차,1.0,100,True,V032
서울25구,202404,서울_V037_주택시장_소비심리지수|수준,1.0,90,True,V037
서울25구,202404,서울_V037_주택시장_소비심리지수|12m차,1.0,97,True,V037
서울25구,202404,서울_V050_지역별_주택관련대출_예금은행_십억원|12m로그변화,1.0,100,True,V050
서울25구,202404,V047_가계신용_총액_십억원|12m로그변화,1.0,34,True,V047
서울25구,202404,V049_시간당명목임금지수_2020=100|수준,1.0,32,True,V049
서울25구,202404,V049_시간당명목임금지수_2020=100|12m차,1.0,31,True,V049
서울25구,202404,V060_대출태도_국내은행_가계주택|수준,1.0,25,True,V060
서울25구,202404,V060_대출태도_국내은행_가계주택|12m차,1.0,30,True,V060
서울25구,202404,V074_가계동향_도시2인이상_월평균소득_원|수준,0.58,20,False,V074
서울25구,202404,V074_가계동향_도시2인이상_월평균소득_원|12m차,0.58,20,False,V074
서울25구,202404,V074_연결_월평균소득_원|12m로그변화,1.0,34,True,V074
서울25구,202404,V024_주거용신축허가_동수_동|12m로그변화,1.0,221,True,V024
서울25구,202404,V024_주거용신축허가_연면적_㎡|12m로그변화,1.0,225,True,V024
서울25구,202404,V072_총조사_가구수_가구|12m로그변화,0.76,175,True,V072
서울25구,202404,V072_총조사_주택수_호|12m로그변화,0.76,175,True,V072
서울25구,202404,V072_총조사단순주택수가구수비율|12m로그변화,0.76,175,True,V072
서울25구,202404,V024_주거용신축허가_동수_천세대당|수준,1.0,225,True,V024
서울25구,202404,V024_주거용신축허가_동수_천세대당|12m차,1.0,225,True,V024
서울25구,202404,V013_서울구반기_고용률_%|수준,0.27,73,False,V013
서울25구,202404,V013_서울구반기_고용률_%|12m차,0.15,44,False,V013
서울25구,202404,V013_서울구반기_취업자_천명|12m로그변화,0.15,75,False,V013
서울25구,202404,V013_서울구_고용률_월별추정|수준,0.27,492,False,V013
서울25구,202404,V013_서울구_고용률_월별추정|12m차,0.15,350,False,V013
서울25구,202404,V013_서울구_취업자_월별추정|12m로그변화,0.15,375,False,V013
서울25구,202404,서울_V072_공식주택보급률_%|수준,1.0,9,True,V072
서울25구,202404,서울_V072_공식주택보급률_%|12m차,1.0,9,True,V072
서울25구,202404,D_CSI_전신계열,1.0,1,False,
서울25구,202404,D_Wage_10th,1.0,2,True,
서울25구,202404,D_Wage_11th,1.0,1,False,
서울25구,202404,M10_rent_growth_1m,0.99,2473,True,
서울25구,202404,M10_rent_growth_6m,0.94,2350,True,
서울25구,202407,V003_전세가율_%|수준,1.0,355,True,V003
서울25구,202407,V003_전세가율_%|12m차,1.0,477,True,V003
서울25구,202407,V004_지역별전월세전환율_%|수준,1.0,1629,True,V004
서울25구,202407,V004_지역별전월세전환율_%|12m차,1.0,2454,True,V004
서울25구,202407,V009_주민등록인구_명|12m로그변화,1.0,2575,True,V009
서울25구,202407,V010_주민등록세대수_세대|12m로그변화,1.0,2575,True,V010
서울25구,202407,V011_20-29세_명|12m로그변화,1.0,2575,True,V011
서울25구,202407,V011_20-39세_명|12m로그변화,1.0,2575,True,V011
서울25구,202407,V011_20-39세비중_%|수준,1.0,2575,True,V011
서울25구,202407,V011_20-39세비중_%|12m차,1.0,2575,True,V011
서울25구,202407,V011_30-39세_명|12m로그변화,1.0,2575,True,V011
서울25구,202407,V012_순이동자수_명|천명당12개월,1.0,2575,True,V012
서울25구,202407,V035_아파트거래_동호수_호|12개월누적log,1.0,2273,True,V035
서울25구,202407,V035_아파트거래_동호수_호|12개월누적log_12m차,1.0,2574,True,V035
서울25구,202407,V035_아파트거래_면적_천㎡|12개월누적log,1.0,862,True,V035
서울25구,202407,V035_아파트거래_면적_천㎡|12개월누적log_12m차,1.0,2517,True,V035
서울25구,202407,V036_아파트매매거래_동호수_호|12개월누적log,1.0,2143,True,V036
서울25구,202407,V036_아파트매매거래_동호수_호|12개월누적log_12m차,1.0,2574,True,V036
서울25구,202407,V036_아파트매매거래_면적_천㎡|12개월누적log,1.0,659,True,V036
서울25구,202407,V036_아파트매매거래_면적_천㎡|12개월누적log_12m차,1.0,2489,True,V036
서울25구,202407,V038_미분양주택현황_호|log,1.0,151,True,V038
서울25구,202407,V038_미분양주택현황_호|log_12m차,1.0,433,True,V038
서울25구,202407,V043_한국은행_기준금리_연%|수준,1.0,11,True,V043
서울25구,202407,V043_한국은행_기준금리_연%|12m차,1.0,14,True,V043
서울25구,202407,V044_시장금리_CD91일_연%|수준,1.0,68,True,V044
서울25구,202407,V044_시장금리_CD91일_연%|12m차,1.0,87,True,V044
서울25구,202407,V045_시장금리_국고채3년_연%|수준,1.0,102,True,V045
서울25구,202407,V045_시장금리_국고채3년_연%|12m차,1.0,102,True,V045
서울25구,202407,V046_M2_통화량_십억원|12m로그변화,1.0,103,True,V046
서울25구,202407,V048_소비자물가지수_2020=100|수준,1.0,98,True,V048
서울25구,202407,V048_소비자물가지수_2020=100|12m차,1.0,100,True,V048
서울25구,202407,V056_예금은행대출금리_주택담보_연리%|수준,1.0,78,True,V056
서울25구,202407,V056_예금은행대출금리_주택담보_연리%|12m차,1.0,89,True,V056
서울25구,202407,V057_예금은행대출금리_전세자금_연리%|수준,1.0,73,True,V057
서울25구,202407,V057_예금은행대출금리_전세자금_연리%|12m차,0.9320388349514563,80,True,V057
서울25구,202407,V059_비은행대출금리_주택담보_연리%|수준,1.0,85,True,V059
서울25구,202407,V059_비은행대출금리_주택담보_연리%|12m차,1.0,88,True,V059
서울25구,202407,V061_주택가격전망CSI_서울|수준,1.0,42,True,V061
서울25구,202407,V061_주택가격전망CSI_서울|12m차,1.0,54,True,V061
서울25구,202407,V062_주택가격전망CSI_6대광역시|수준,1.0,51,True,V062
서울25구,202407,V062_주택가격전망CSI_6대광역시|12m차,1.0,60,True,V062
서울25구,202407,V063_주택가격전망CSI_기타도시|수준,1.0,48,True,V063
서울25구,202407,V063_주택가격전망CSI_기타도시|12m차,1.0,57,True,V063
서울25구,202407,V064_KOSPI_종가_1980.01.04=100|수준,1.0,103,True,V064
서울25구,202407,V064_KOSPI_종가_1980.01.04=100|12m차,1.0,103,True,V064
서울25구,202407,V066_임금총액_사업체노동력_원|12m로그변화,1.0,103,True,V066
서울25구,202407,V067_선행지수순환변동치_2020=100|수준,1.0,40,True,V067
서울25구,202407,V067_선행지수순환변동치_2020=100|12m차,1.0,57,True,V067
서울25구,202407,V069_예금취급기관_가계대출_십억원|12m로그변화,1.0,103,True,V069
서울25구,202407,V069_예금취급기관_주택관련대출_십억원|12m로그변화,1.0,103,True,V069
서울25구,202407,V070_수출금액_천불|12m로그변화,1.0,103,True,V070
서울25구,202407,V071_정책대출_주금공_주택도시기금_십억원|12m로그변화,0.8737864077669902,90,True,V071
서울25구,202407,서울_V005_월세수급동향|수준,0.9902912621359223,98,True,V005
서울25구,202407,서울_V005_월세수급동향|12m차,0.8737864077669902,90,True,V005
서울25구,202407,서울_V013_고용률_%|수준,1.0,33,True,V013
서울25구,202407,서울_V013_고용률_%|12m차,1.0,49,True,V013
서울25구,202407,서울_V013_취업자_천명|12m로그변화,1.0,103,True,V013
서울25구,202407,서울_V021_아파트_인허가_호|12개월누적log,1.0,103,True,V021
서울25구,202407,서울_V021_아파트_인허가_호|12개월누적log_12m차,1.0,103,True,V021
서울25구,202407,서울_V022_아파트_착공_호|12개월누적log,1.0,103,True,V022
서울25구,202407,서울_V022_아파트_착공_호|12개월누적log_12m차,1.0,103,True,V022
서울25구,202407,서울_V023_아파트_준공_호|12개월누적log,1.0,102,True,V023
서울25구,202407,서울_V023_아파트_준공_호|12개월누적log_12m차,1.0,103,True,V023
서울25구,202407,서울_V031_매매수급동향|수준,1.0,101,True,V031
서울25구,202407,서울_V031_매매수급동향|12m차,1.0,103,True,V031
서울25구,202407,서울_V032_전세수급동향|수준,1.0,103,True,V032
서울25구,202407,서울_V032_전세수급동향|12m차,1.0,103,True,V032
서울25구,202407,서울_V037_주택시장_소비심리지수|수준,1.0,93,True,V037
서울25구,202407,서울_V037_주택시장_소비심리지수|12m차,1.0,100,True,V037
서울25구,202407,서울_V050_지역별_주택관련대출_예금은행_십억원|12m로그변화,1.0,103,True,V050
서울25구,202407,V047_가계신용_총액_십억원|12m로그변화,1.0,35,True,V047
서울25구,202407,V049_시간당명목임금지수_2020=100|수준,1.0,33,True,V049
서울25구,202407,V049_시간당명목임금지수_2020=100|12m차,1.0,31,True,V049
서울25구,202407,V060_대출태도_국내은행_가계주택|수준,1.0,25,True,V060
서울25구,202407,V060_대출태도_국내은행_가계주택|12m차,1.0,31,True,V060
서울25구,202407,V074_가계동향_도시2인이상_월평균소득_원|수준,0.5631067961165048,20,False,V074
서울25구,202407,V074_가계동향_도시2인이상_월평균소득_원|12m차,0.5631067961165048,20,False,V074
서울25구,202407,V074_연결_월평균소득_원|12m로그변화,1.0,35,True,V074
서울25구,202407,V024_주거용신축허가_동수_동|12m로그변화,1.0,245,True,V024
서울25구,202407,V024_주거용신축허가_연면적_㎡|12m로그변화,1.0,250,True,V024
서울25구,202407,V072_총조사_가구수_가구|12m로그변화,0.7669902912621359,175,True,V072
서울25구,202407,V072_총조사_주택수_호|12m로그변화,0.7669902912621359,175,True,V072
서울25구,202407,V072_총조사단순주택수가구수비율|12m로그변화,0.7669902912621359,175,True,V072
서울25구,202407,V024_주거용신축허가_동수_천세대당|수준,1.0,250,True,V024
서울25구,202407,V024_주거용신축허가_동수_천세대당|12m차,1.0,250,True,V024
서울25구,202407,V013_서울구반기_고용률_%|수준,0.2912621359223301,73,False,V013
서울25구,202407,V013_서울구반기_고용률_%|12m차,0.17475728155339806,44,False,V013
서울25구,202407,V013_서울구반기_취업자_천명|12m로그변화,0.17475728155339806,75,False,V013
서울25구,202407,V013_서울구_고용률_월별추정|수준,0.2912621359223301,563,False,V013
서울25구,202407,V013_서울구_고용률_월별추정|12m차,0.17475728155339806,425,False,V013
서울25구,202407,V013_서울구_취업자_월별추정|12m로그변화,0.17475728155339806,450,False,V013
서울25구,202407,서울_V072_공식주택보급률_%|수준,1.0,10,True,V072
서울25구,202407,서울_V072_공식주택보급률_%|12m차,1.0,10,True,V072
서울25구,202407,D_CSI_전신계열,1.0,1,False,
서울25구,202407,D_Wage_10th,1.0,2,True,
서울25구,202407,D_Wage_11th,1.0,1,False,
서울25구,202407,M10_rent_growth_1m,0.9902912621359223,2548,True,
서울25구,202407,M10_rent_growth_6m,0.941747572815534,2425,True,
서울25구,202410,V003_전세가율_%|수준,1.0,358,True,V003
서울25구,202410,V003_전세가율_%|12m차,1.0,477,True,V003
서울25구,202410,V004_지역별전월세전환율_%|수준,1.0,1680,True,V004
서울25구,202410,V004_지역별전월세전환율_%|12m차,1.0,2527,True,V004
서울25구,202410,V009_주민등록인구_명|12m로그변화,1.0,2650,True,V009
서울25구,202410,V010_주민등록세대수_세대|12m로그변화,1.0,2650,True,V010
서울25구,202410,V011_20-29세_명|12m로그변화,1.0,2650,True,V011
서울25구,202410,V011_20-39세_명|12m로그변화,1.0,2650,True,V011
서울25구,202410,V011_20-39세비중_%|수준,1.0,2650,True,V011
서울25구,202410,V011_20-39세비중_%|12m차,1.0,2650,True,V011
서울25구,202410,V011_30-39세_명|12m로그변화,1.0,2650,True,V011
서울25구,202410,V012_순이동자수_명|천명당12개월,1.0,2650,True,V012
서울25구,202410,V035_아파트거래_동호수_호|12개월누적log,1.0,2323,True,V035
서울25구,202410,V035_아파트거래_동호수_호|12개월누적log_12m차,1.0,2649,True,V035
서울25구,202410,V035_아파트거래_면적_천㎡|12개월누적log,1.0,866,True,V035
서울25구,202410,V035_아파트거래_면적_천㎡|12개월누적log_12m차,1.0,2587,True,V035
서울25구,202410,V036_아파트매매거래_동호수_호|12개월누적log,1.0,2188,True,V036
서울25구,202410,V036_아파트매매거래_동호수_호|12개월누적log_12m차,1.0,2648,True,V036
서울25구,202410,V036_아파트매매거래_면적_천㎡|12개월누적log,1.0,659,True,V036
서울25구,202410,V036_아파트매매거래_면적_천㎡|12개월누적log_12m차,1.0,2559,True,V036
서울25구,202410,V038_미분양주택현황_호|log,1.0,158,True,V038
서울25구,202410,V038_미분양주택현황_호|log_12m차,1.0,451,True,V038
서울25구,202410,V043_한국은행_기준금리_연%|수준,1.0,11,True,V043
서울25구,202410,V043_한국은행_기준금리_연%|12m차,1.0,14,True,V043
서울25구,202410,V044_시장금리_CD91일_연%|수준,1.0,70,True,V044
서울25구,202410,V044_시장금리_CD91일_연%|12m차,1.0,89,True,V044
서울25구,202410,V045_시장금리_국고채3년_연%|수준,1.0,105,True,V045
서울25구,202410,V045_시장금리_국고채3년_연%|12m차,1.0,105,True,V045
서울25구,202410,V046_M2_통화량_십억원|12m로그변화,1.0,106,True,V046
서울25구,202410,V048_소비자물가지수_2020=100|수준,1.0,101,True,V048
서울25구,202410,V048_소비자물가지수_2020=100|12m차,1.0,103,True,V048
서울25구,202410,V056_예금은행대출금리_주택담보_연리%|수준,1.0,81,True,V056
서울25구,202410,V056_예금은행대출금리_주택담보_연리%|12m차,1.0,92,True,V056
서울25구,202410,V057_예금은행대출금리_전세자금_연리%|수준,1.0,75,True,V057
서울25구,202410,V057_예금은행대출금리_전세자금_연리%|12m차,0.9339622641509434,83,True,V057
서울25구,202410,V059_비은행대출금리_주택담보_연리%|수준,1.0,87,True,V059
서울25구,202410,V059_비은행대출금리_주택담보_연리%|12m차,1.0,91,True,V059
서울25구,202410,V061_주택가격전망CSI_서울|수준,1.0,43,True,V061
서울25구,202410,V061_주택가격전망CSI_서울|12m차,1.0,55,True,V061
서울25구,202410,V062_주택가격전망CSI_6대광역시|수준,1.0,51,True,V062
서울25구,202410,V062_주택가격전망CSI_6대광역시|12m차,1.0,60,True,V062
서울25구,202410,V063_주택가격전망CSI_기타도시|수준,1.0,48,True,V063
서울25구,202410,V063_주택가격전망CSI_기타도시|12m차,1.0,58,True,V063
서울25구,202410,V064_KOSPI_종가_1980.01.04=100|수준,1.0,106,True,V064
서울25구,202410,V064_KOSPI_종가_1980.01.04=100|12m차,1.0,106,True,V064
서울25구,202410,V066_임금총액_사업체노동력_원|12m로그변화,1.0,106,True,V066
서울25구,202410,V067_선행지수순환변동치_2020=100|수준,1.0,40,True,V067
서울25구,202410,V067_선행지수순환변동치_2020=100|12m차,1.0,58,True,V067
서울25구,202410,V069_예금취급기관_가계대출_십억원|12m로그변화,1.0,106,True,V069
서울25구,202410,V069_예금취급기관_주택관련대출_십억원|12m로그변화,1.0,106,True,V069
서울25구,202410,V070_수출금액_천불|12m로그변화,1.0,106,True,V070
서울25구,202410,V071_정책대출_주금공_주택도시기금_십억원|12m로그변화,0.8773584905660378,93,True,V071
서울25구,202410,서울_V005_월세수급동향|수준,0.9905660377358491,101,True,V005
서울25구,202410,서울_V005_월세수급동향|12m차,0.8773584905660378,93,True,V005
서울25구,202410,서울_V013_고용률_%|수준,1.0,34,True,V013
서울25구,202410,서울_V013_고용률_%|12m차,1.0,50,True,V013
서울25구,202410,서울_V013_취업자_천명|12m로그변화,1.0,106,True,V013
서울25구,202410,서울_V021_아파트_인허가_호|12개월누적log,1.0,106,True,V021
서울25구,202410,서울_V021_아파트_인허가_호|12개월누적log_12m차,1.0,106,True,V021
서울25구,202410,서울_V022_아파트_착공_호|12개월누적log,1.0,106,True,V022
서울25구,202410,서울_V022_아파트_착공_호|12개월누적log_12m차,1.0,106,True,V022
서울25구,202410,서울_V023_아파트_준공_호|12개월누적log,1.0,105,True,V023
서울25구,202410,서울_V023_아파트_준공_호|12개월누적log_12m차,1.0,106,True,V023
서울25구,202410,서울_V031_매매수급동향|수준,1.0,104,True,V031
서울25구,202410,서울_V031_매매수급동향|12m차,1.0,106,True,V031
서울25구,202410,서울_V032_전세수급동향|수준,1.0,106,True,V032
서울25구,202410,서울_V032_전세수급동향|12m차,1.0,106,True,V032
서울25구,202410,서울_V037_주택시장_소비심리지수|수준,1.0,95,True,V037
서울25구,202410,서울_V037_주택시장_소비심리지수|12m차,1.0,103,True,V037
서울25구,202410,서울_V050_지역별_주택관련대출_예금은행_십억원|12m로그변화,1.0,106,True,V050
서울25구,202410,V047_가계신용_총액_십억원|12m로그변화,1.0,36,True,V047
서울25구,202410,V049_시간당명목임금지수_2020=100|수준,1.0,34,True,V049
서울25구,202410,V049_시간당명목임금지수_2020=100|12m차,1.0,32,True,V049
서울25구,202410,V060_대출태도_국내은행_가계주택|수준,1.0,25,True,V060
서울25구,202410,V060_대출태도_국내은행_가계주택|12m차,1.0,32,True,V060
서울25구,202410,V074_가계동향_도시2인이상_월평균소득_원|수준,0.5471698113207547,20,False,V074
서울25구,202410,V074_가계동향_도시2인이상_월평균소득_원|12m차,0.5471698113207547,20,False,V074
서울25구,202410,V074_연결_월평균소득_원|12m로그변화,1.0,36,True,V074
서울25구,202410,V024_주거용신축허가_동수_동|12m로그변화,1.0,245,True,V024
서울25구,202410,V024_주거용신축허가_연면적_㎡|12m로그변화,1.0,250,True,V024
서울25구,202410,V072_총조사_가구수_가구|12m로그변화,0.7735849056603774,175,True,V072
서울25구,202410,V072_총조사_주택수_호|12m로그변화,0.7735849056603774,175,True,V072
서울25구,202410,V072_총조사단순주택수가구수비율|12m로그변화,0.7735849056603774,175,True,V072
서울25구,202410,V024_주거용신축허가_동수_천세대당|수준,1.0,250,True,V024
서울25구,202410,V024_주거용신축허가_동수_천세대당|12m차,1.0,250,True,V024
서울25구,202410,V013_서울구반기_고용률_%|수준,0.3113207547169811,84,False,V013
서울25구,202410,V013_서울구반기_고용률_%|12m차,0.19811320754716982,54,False,V013
서울25구,202410,V013_서울구반기_취업자_천명|12m로그변화,0.19811320754716982,100,False,V013
서울25구,202410,V013_서울구_고용률_월별추정|수준,0.3113207547169811,604,False,V013
서울25구,202410,V013_서울구_고용률_월별추정|12m차,0.19811320754716982,500,False,V013
서울25구,202410,V013_서울구_취업자_월별추정|12m로그변화,0.19811320754716982,525,False,V013
서울25구,202410,서울_V072_공식주택보급률_%|수준,1.0,10,True,V072
서울25구,202410,서울_V072_공식주택보급률_%|12m차,1.0,10,True,V072
서울25구,202410,D_CSI_전신계열,1.0,1,False,
서울25구,202410,D_Wage_10th,1.0,2,True,
서울25구,202410,D_Wage_11th,1.0,1,False,
서울25구,202410,M10_rent_growth_1m,0.9905660377358491,2623,True,
서울25구,202410,M10_rent_growth_6m,0.9433962264150944,2500,True,
서울25구,202501,V003_전세가율_%|수준,1.0,358,True,V003
서울25구,202501,V003_전세가율_%|12m차,1.0,477,True,V003
서울25구,202501,V004_지역별전월세전환율_%|수준,1.0,1729,True,V004
서울25구,202501,V004_지역별전월세전환율_%|12m차,1.0,2597,True,V004
서울25구,202501,V009_주민등록인구_명|12m로그변화,1.0,2725,True,V009
서울25구,202501,V010_주민등록세대수_세대|12m로그변화,1.0,2725,True,V010
서울25구,202501,V011_20-29세_명|12m로그변화,1.0,2725,True,V011
서울25구,202501,V011_20-39세_명|12m로그변화,1.0,2725,True,V011
서울25구,202501,V011_20-39세비중_%|수준,1.0,2725,True,V011
서울25구,202501,V011_20-39세비중_%|12m차,1.0,2725,True,V011
서울25구,202501,V011_30-39세_명|12m로그변화,1.0,2725,True,V011
서울25구,202501,V012_순이동자수_명|천명당12개월,1.0,2725,True,V012
서울25구,202501,V035_아파트거래_동호수_호|12개월누적log,1.0,2384,True,V035
서울25구,202501,V035_아파트거래_동호수_호|12개월누적log_12m차,1.0,2724,True,V035
서울25구,202501,V035_아파트거래_면적_천㎡|12개월누적log,1.0,917,True,V035
서울25구,202501,V035_아파트거래_면적_천㎡|12개월누적log_12m차,1.0,2662,True,V035
서울25구,202501,V036_아파트매매거래_동호수_호|12개월누적log,1.0,2233,True,V036
서울25구,202501,V036_아파트매매거래_동호수_호|12개월누적log_12m차,1.0,2723,True,V036
서울25구,202501,V036_아파트매매거래_면적_천㎡|12개월누적log,1.0,710,True,V036
서울25구,202501,V036_아파트매매거래_면적_천㎡|12개월누적log_12m차,1.0,2631,True,V036
서울25구,202501,V038_미분양주택현황_호|log,1.0,161,True,V038
서울25구,202501,V038_미분양주택현황_호|log_12m차,1.0,472,True,V038
서울25구,202501,V043_한국은행_기준금리_연%|수준,1.0,11,True,V043
서울25구,202501,V043_한국은행_기준금리_연%|12m차,1.0,14,True,V043
서울25구,202501,V044_시장금리_CD91일_연%|수준,1.0,72,True,V044
서울25구,202501,V044_시장금리_CD91일_연%|12m차,1.0,91,True,V044
서울25구,202501,V045_시장금리_국고채3년_연%|수준,1.0,108,True,V045
서울25구,202501,V045_시장금리_국고채3년_연%|12m차,1.0,108,True,V045
서울25구,202501,V046_M2_통화량_십억원|12m로그변화,1.0,109,True,V046
서울25구,202501,V048_소비자물가지수_2020=100|수준,1.0,104,True,V048
서울25구,202501,V048_소비자물가지수_2020=100|12m차,1.0,106,True,V048
서울25구,202501,V056_예금은행대출금리_주택담보_연리%|수준,1.0,84,True,V056
서울25구,202501,V056_예금은행대출금리_주택담보_연리%|12m차,1.0,94,True,V056
서울25구,202501,V057_예금은행대출금리_전세자금_연리%|수준,1.0,78,True,V057
서울25구,202501,V057_예금은행대출금리_전세자금_연리%|12m차,0.9357798165137615,86,True,V057
서울25구,202501,V059_비은행대출금리_주택담보_연리%|수준,1.0,89,True,V059
서울25구,202501,V059_비은행대출금리_주택담보_연리%|12m차,1.0,93,True,V059
서울25구,202501,V061_주택가격전망CSI_서울|수준,1.0,44,True,V061
서울25구,202501,V061_주택가격전망CSI_서울|12m차,1.0,56,True,V061
서울25구,202501,V062_주택가격전망CSI_6대광역시|수준,1.0,51,True,V062
서울25구,202501,V062_주택가격전망CSI_6대광역시|12m차,1.0,60,True,V062
서울25구,202501,V063_주택가격전망CSI_기타도시|수준,1.0,49,True,V063
서울25구,202501,V063_주택가격전망CSI_기타도시|12m차,1.0,58,True,V063
서울25구,202501,V064_KOSPI_종가_1980.01.04=100|수준,1.0,109,True,V064
서울25구,202501,V064_KOSPI_종가_1980.01.04=100|12m차,1.0,109,True,V064
서울25구,202501,V066_임금총액_사업체노동력_원|12m로그변화,1.0,109,True,V066
서울25구,202501,V067_선행지수순환변동치_2020=100|수준,1.0,40,True,V067
서울25구,202501,V067_선행지수순환변동치_2020=100|12m차,1.0,60,True,V067
서울25구,202501,V069_예금취급기관_가계대출_십억원|12m로그변화,1.0,109,True,V069
서울25구,202501,V069_예금취급기관_주택관련대출_십억원|12m로그변화,1.0,109,True,V069
서울25구,202501,V070_수출금액_천불|12m로그변화,1.0,109,True,V070
서울25구,202501,V071_정책대출_주금공_주택도시기금_십억원|12m로그변화,0.8807339449541285,96,True,V071
서울25구,202501,서울_V005_월세수급동향|수준,0.9908256880733946,104,True,V005
서울25구,202501,서울_V005_월세수급동향|12m차,0.8807339449541285,96,True,V005
서울25구,202501,서울_V013_고용률_%|수준,1.0,36,True,V013
서울25구,202501,서울_V013_고용률_%|12m차,1.0,51,True,V013
서울25구,202501,서울_V013_취업자_천명|12m로그변화,1.0,109,True,V013
서울25구,202501,서울_V021_아파트_인허가_호|12개월누적log,1.0,109,True,V021
서울25구,202501,서울_V021_아파트_인허가_호|12개월누적log_12m차,1.0,109,True,V021
서울25구,202501,서울_V022_아파트_착공_호|12개월누적log,1.0,109,True,V022
서울25구,202501,서울_V022_아파트_착공_호|12개월누적log_12m차,1.0,109,True,V022
서울25구,202501,서울_V023_아파트_준공_호|12개월누적log,1.0,108,True,V023
서울25구,202501,서울_V023_아파트_준공_호|12개월누적log_12m차,1.0,109,True,V023
서울25구,202501,서울_V031_매매수급동향|수준,1.0,107,True,V031
서울25구,202501,서울_V031_매매수급동향|12m차,1.0,109,True,V031
서울25구,202501,서울_V032_전세수급동향|수준,1.0,109,True,V032
서울25구,202501,서울_V032_전세수급동향|12m차,1.0,109,True,V032
서울25구,202501,서울_V037_주택시장_소비심리지수|수준,1.0,97,True,V037
서울25구,202501,서울_V037_주택시장_소비심리지수|12m차,1.0,105,True,V037
서울25구,202501,서울_V050_지역별_주택관련대출_예금은행_십억원|12m로그변화,1.0,109,True,V050
서울25구,202501,V047_가계신용_총액_십억원|12m로그변화,1.0,37,True,V047
서울25구,202501,V049_시간당명목임금지수_2020=100|수준,1.0,35,True,V049
서울25구,202501,V049_시간당명목임금지수_2020=100|12m차,1.0,33,True,V049
서울25구,202501,V060_대출태도_국내은행_가계주택|수준,1.0,26,True,V060
서울25구,202501,V060_대출태도_국내은행_가계주택|12m차,1.0,32,True,V060
서울25구,202501,V074_가계동향_도시2인이상_월평균소득_원|수준,0.5321100917431193,20,False,V074
서울25구,202501,V074_가계동향_도시2인이상_월평균소득_원|12m차,0.5321100917431193,20,False,V074
서울25구,202501,V074_연결_월평균소득_원|12m로그변화,1.0,37,True,V074
서울25구,202501,V024_주거용신축허가_동수_동|12m로그변화,1.0,245,True,V024
서울25구,202501,V024_주거용신축허가_연면적_㎡|12m로그변화,1.0,250,True,V024
서울25구,202501,V072_총조사_가구수_가구|12m로그변화,0.7798165137614679,200,True,V072
서울25구,202501,V072_총조사_주택수_호|12m로그변화,0.7798165137614679,200,True,V072
서울25구,202501,V072_총조사단순주택수가구수비율|12m로그변화,0.7798165137614679,200,True,V072
서울25구,202501,V024_주거용신축허가_동수_천세대당|수준,1.0,250,True,V024
서울25구,202501,V024_주거용신축허가_동수_천세대당|12m차,1.0,250,True,V024
서울25구,202501,V013_서울구반기_고용률_%|수준,0.3302752293577982,84,False,V013
서울25구,202501,V013_서울구반기_고용률_%|12m차,0.22018348623853212,54,False,V013
서울25구,202501,V013_서울구반기_취업자_천명|12m로그변화,0.22018348623853212,100,False,V013
서울25구,202501,V013_서울구_고용률_월별추정|수준,0.3302752293577982,650,False,V013
서울25구,202501,V013_서울구_고용률_월별추정|12m차,0.22018348623853212,575,False,V013
서울25구,202501,V013_서울구_취업자_월별추정|12m로그변화,0.22018348623853212,600,False,V013
서울25구,202501,서울_V072_공식주택보급률_%|수준,1.0,10,True,V072
서울25구,202501,서울_V072_공식주택보급률_%|12m차,1.0,10,True,V072
서울25구,202501,D_CSI_전신계열,1.0,1,False,
서울25구,202501,D_Wage_10th,1.0,2,True,
서울25구,202501,D_Wage_11th,1.0,1,False,
서울25구,202501,M10_rent_growth_1m,0.9908256880733946,2698,True,
서울25구,202501,M10_rent_growth_6m,0.944954128440367,2575,True,
서울25구,202504,V003_전세가율_%|수준,1.0,433,True,V003
서울25구,202504,V003_전세가율_%|12m차,1.0,552,True,V003
서울25구,202504,V004_지역별전월세전환율_%|수준,1.0,1778,True,V004
서울25구,202504,V004_지역별전월세전환율_%|12m차,1.0,2669,True,V004
서울25구,202504,V009_주민등록인구_명|12m로그변화,1.0,2800,True,V009
서울25구,202504,V010_주민등록세대수_세대|12m로그변화,1.0,2800,True,V010
서울25구,202504,V011_20-29세_명|12m로그변화,1.0,2800,True,V011
서울25구,202504,V011_20-39세_명|12m로그변화,1.0,2800,True,V011
서울25구,202504,V011_20-39세비중_%|수준,1.0,2800,True,V011
서울25구,202504,V011_20-39세비중_%|12m차,1.0,2800,True,V011
서울25구,202504,V011_30-39세_명|12m로그변화,1.0,2800,True,V011
서울25구,202504,V012_순이동자수_명|천명당12개월,1.0,2800,True,V012
서울25구,202504,V035_아파트거래_동호수_호|12개월누적log,1.0,2443,True,V035
서울25구,202504,V035_아파트거래_동호수_호|12개월누적log_12m차,1.0,2799,True,V035
서울25구,202504,V035_아파트거래_면적_천㎡|12개월누적log,1.0,992,True,V035
서울25구,202504,V035_아파트거래_면적_천㎡|12개월누적log_12m차,1.0,2737,True,V035
서울25구,202504,V036_아파트매매거래_동호수_호|12개월누적log,1.0,2276,True,V036
서울25구,202504,V036_아파트매매거래_동호수_호|12개월누적log_12m차,1.0,2798,True,V036
서울25구,202504,V036_아파트매매거래_면적_천㎡|12개월누적log,1.0,785,True,V036
서울25구,202504,V036_아파트매매거래_면적_천㎡|12개월누적log_12m차,1.0,2706,True,V036
서울25구,202504,V038_미분양주택현황_호|log,1.0,165,True,V038
서울25구,202504,V038_미분양주택현황_호|log_12m차,1.0,490,True,V038
서울25구,202504,V043_한국은행_기준금리_연%|수준,1.0,11,True,V043
서울25구,202504,V043_한국은행_기준금리_연%|12m차,1.0,14,True,V043
서울25구,202504,V044_시장금리_CD91일_연%|수준,1.0,73,True,V044
서울25구,202504,V044_시장금리_CD91일_연%|12m차,1.0,94,True,V044
서울25구,202504,V045_시장금리_국고채3년_연%|수준,1.0,111,True,V045
서울25구,202504,V045_시장금리_국고채3년_연%|12m차,1.0,111,True,V045
서울25구,202504,V046_M2_통화량_십억원|12m로그변화,1.0,112,True,V046
서울25구,202504,V048_소비자물가지수_2020=100|수준,1.0,107,True,V048
서울25구,202504,V048_소비자물가지수_2020=100|12m차,1.0,109,True,V048
서울25구,202504,V056_예금은행대출금리_주택담보_연리%|수준,1.0,86,True,V056
서울25구,202504,V056_예금은행대출금리_주택담보_연리%|12m차,1.0,95,True,V056
서울25구,202504,V057_예금은행대출금리_전세자금_연리%|수준,1.0,80,True,V057
서울25구,202504,V057_예금은행대출금리_전세자금_연리%|12m차,0.9375,87,True,V057
서울25구,202504,V059_비은행대출금리_주택담보_연리%|수준,1.0,90,True,V059
서울25구,202504,V059_비은행대출금리_주택담보_연리%|12m차,1.0,95,True,V059
서울25구,202504,V061_주택가격전망CSI_서울|수준,1.0,44,True,V061
서울25구,202504,V061_주택가격전망CSI_서울|12m차,1.0,57,True,V061
서울25구,202504,V062_주택가격전망CSI_6대광역시|수준,1.0,51,True,V062
서울25구,202504,V062_주택가격전망CSI_6대광역시|12m차,1.0,60,True,V062
서울25구,202504,V063_주택가격전망CSI_기타도시|수준,1.0,50,True,V063
서울25구,202504,V063_주택가격전망CSI_기타도시|12m차,1.0,59,True,V063
서울25구,202504,V064_KOSPI_종가_1980.01.04=100|수준,1.0,112,True,V064
서울25구,202504,V064_KOSPI_종가_1980.01.04=100|12m차,1.0,112,True,V064
서울25구,202504,V066_임금총액_사업체노동력_원|12m로그변화,1.0,112,True,V066
서울25구,202504,V067_선행지수순환변동치_2020=100|수준,1.0,40,True,V067
서울25구,202504,V067_선행지수순환변동치_2020=100|12m차,1.0,62,True,V067
서울25구,202504,V069_예금취급기관_가계대출_십억원|12m로그변화,1.0,112,True,V069
서울25구,202504,V069_예금취급기관_주택관련대출_십억원|12m로그변화,1.0,112,True,V069
서울25구,202504,V070_수출금액_천불|12m로그변화,1.0,112,True,V070
서울25구,202504,V071_정책대출_주금공_주택도시기금_십억원|12m로그변화,0.8839285714285714,99,True,V071
서울25구,202504,서울_V005_월세수급동향|수준,0.9910714285714286,107,True,V005
서울25구,202504,서울_V005_월세수급동향|12m차,0.8839285714285714,99,True,V005
서울25구,202504,서울_V013_고용률_%|수준,1.0,37,True,V013
서울25구,202504,서울_V013_고용률_%|12m차,1.0,51,True,V013
서울25구,202504,서울_V013_취업자_천명|12m로그변화,1.0,112,True,V013
서울25구,202504,서울_V021_아파트_인허가_호|12개월누적log,1.0,112,True,V021
서울25구,202504,서울_V021_아파트_인허가_호|12개월누적log_12m차,1.0,112,True,V021
서울25구,202504,서울_V022_아파트_착공_호|12개월누적log,1.0,111,True,V022
서울25구,202504,서울_V022_아파트_착공_호|12개월누적log_12m차,1.0,112,True,V022
서울25구,202504,서울_V023_아파트_준공_호|12개월누적log,1.0,111,True,V023
서울25구,202504,서울_V023_아파트_준공_호|12개월누적log_12m차,1.0,112,True,V023
서울25구,202504,서울_V031_매매수급동향|수준,1.0,110,True,V031
서울25구,202504,서울_V031_매매수급동향|12m차,1.0,112,True,V031
서울25구,202504,서울_V032_전세수급동향|수준,1.0,112,True,V032
서울25구,202504,서울_V032_전세수급동향|12m차,1.0,112,True,V032
서울25구,202504,서울_V037_주택시장_소비심리지수|수준,1.0,99,True,V037
서울25구,202504,서울_V037_주택시장_소비심리지수|12m차,1.0,108,True,V037
서울25구,202504,서울_V050_지역별_주택관련대출_예금은행_십억원|12m로그변화,1.0,112,True,V050
서울25구,202504,V047_가계신용_총액_십억원|12m로그변화,1.0,38,True,V047
서울25구,202504,V049_시간당명목임금지수_2020=100|수준,1.0,36,True,V049
서울25구,202504,V049_시간당명목임금지수_2020=100|12m차,1.0,34,True,V049
서울25구,202504,V060_대출태도_국내은행_가계주택|수준,1.0,27,True,V060
서울25구,202504,V060_대출태도_국내은행_가계주택|12m차,1.0,32,True,V060
서울25구,202504,V074_가계동향_도시2인이상_월평균소득_원|수준,0.5178571428571429,20,False,V074
서울25구,202504,V074_가계동향_도시2인이상_월평균소득_원|12m차,0.5178571428571429,20,False,V074
서울25구,202504,V074_연결_월평균소득_원|12m로그변화,1.0,38,True,V074
서울25구,202504,V024_주거용신축허가_동수_동|12m로그변화,1.0,245,True,V024
서울25구,202504,V024_주거용신축허가_연면적_㎡|12m로그변화,1.0,250,True,V024
서울25구,202504,V072_총조사_가구수_가구|12m로그변화,0.7857142857142857,200,True,V072
서울25구,202504,V072_총조사_주택수_호|12m로그변화,0.7857142857142857,200,True,V072
서울25구,202504,V072_총조사단순주택수가구수비율|12m로그변화,0.7857142857142857,200,True,V072
서울25구,202504,V024_주거용신축허가_동수_천세대당|수준,1.0,250,True,V024
서울25구,202504,V024_주거용신축허가_동수_천세대당|12m차,1.0,250,True,V024
서울25구,202504,V013_서울구반기_고용률_%|수준,0.3482142857142857,92,False,V013
서울25구,202504,V013_서울구반기_고용률_%|12m차,0.24107142857142858,65,False,V013
서울25구,202504,V013_서울구반기_취업자_천명|12m로그변화,0.24107142857142858,125,False,V013
서울25구,202504,V013_서울구_고용률_월별추정|수준,0.3482142857142857,683,False,V013
서울25구,202504,V013_서울구_고용률_월별추정|12m차,0.24107142857142858,650,False,V013
서울25구,202504,V013_서울구_취업자_월별추정|12m로그변화,0.24107142857142858,675,False,V013
서울25구,202504,서울_V072_공식주택보급률_%|수준,1.0,10,True,V072
서울25구,202504,서울_V072_공식주택보급률_%|12m차,1.0,10,True,V072
서울25구,202504,D_CSI_전신계열,1.0,1,False,
서울25구,202504,D_Wage_10th,1.0,2,True,
서울25구,202504,D_Wage_11th,1.0,1,False,
서울25구,202504,M10_rent_growth_1m,0.9910714285714286,2773,True,
서울25구,202504,M10_rent_growth_6m,0.9464285714285714,2650,True,
서울25구,202507,V003_전세가율_%|수준,1.0,508,True,V003
서울25구,202507,V003_전세가율_%|12m차,1.0,627,True,V003
서울25구,202507,V004_지역별전월세전환율_%|수준,1.0,1845,True,V004
서울25구,202507,V004_지역별전월세전환율_%|12m차,1.0,2742,True,V004
서울25구,202507,V009_주민등록인구_명|12m로그변화,1.0,2875,True,V009
서울25구,202507,V010_주민등록세대수_세대|12m로그변화,1.0,2875,True,V010
서울25구,202507,V011_20-29세_명|12m로그변화,1.0,2875,True,V011
서울25구,202507,V011_20-39세_명|12m로그변화,1.0,2875,True,V011
서울25구,202507,V011_20-39세비중_%|수준,1.0,2875,True,V011
서울25구,202507,V011_20-39세비중_%|12m차,1.0,2875,True,V011
서울25구,202507,V011_30-39세_명|12m로그변화,1.0,2875,True,V011
서울25구,202507,V012_순이동자수_명|천명당12개월,1.0,2875,True,V012
서울25구,202507,V035_아파트거래_동호수_호|12개월누적log,1.0,2500,True,V035
서울25구,202507,V035_아파트거래_동호수_호|12개월누적log_12m차,1.0,2874,True,V035
서울25구,202507,V035_아파트거래_면적_천㎡|12개월누적log,1.0,1067,True,V035
서울25구,202507,V035_아파트거래_면적_천㎡|12개월누적log_12m차,1.0,2812,True,V035
서울25구,202507,V036_아파트매매거래_동호수_호|12개월누적log,1.0,2316,True,V036
서울25구,202507,V036_아파트매매거래_동호수_호|12개월누적log_12m차,1.0,2873,True,V036
서울25구,202507,V036_아파트매매거래_면적_천㎡|12개월누적log,1.0,860,True,V036
서울25구,202507,V036_아파트매매거래_면적_천㎡|12개월누적log_12m차,1.0,2781,True,V036
서울25구,202507,V038_미분양주택현황_호|log,1.0,170,True,V038
서울25구,202507,V038_미분양주택현황_호|log_12m차,1.0,515,True,V038
서울25구,202507,V043_한국은행_기준금리_연%|수준,1.0,11,True,V043
서울25구,202507,V043_한국은행_기준금리_연%|12m차,1.0,14,True,V043
서울25구,202507,V044_시장금리_CD91일_연%|수준,1.0,76,True,V044
서울25구,202507,V044_시장금리_CD91일_연%|12m차,1.0,96,True,V044
서울25구,202507,V045_시장금리_국고채3년_연%|수준,1.0,114,True,V045
서울25구,202507,V045_시장금리_국고채3년_연%|12m차,1.0,114,True,V045
서울25구,202507,V046_M2_통화량_십억원|12m로그변화,1.0,115,True,V046
서울25구,202507,V048_소비자물가지수_2020=100|수준,1.0,110,True,V048
서울25구,202507,V048_소비자물가지수_2020=100|12m차,1.0,111,True,V048
서울25구,202507,V056_예금은행대출금리_주택담보_연리%|수준,1.0,89,True,V056
서울25구,202507,V056_예금은행대출금리_주택담보_연리%|12m차,1.0,98,True,V056
서울25구,202507,V057_예금은행대출금리_전세자금_연리%|수준,1.0,82,True,V057
서울25구,202507,V057_예금은행대출금리_전세자금_연리%|12m차,0.9391304347826087,89,True,V057
서울25구,202507,V059_비은행대출금리_주택담보_연리%|수준,1.0,92,True,V059
서울25구,202507,V059_비은행대출금리_주택담보_연리%|12m차,1.0,96,True,V059
서울25구,202507,V061_주택가격전망CSI_서울|수준,1.0,45,True,V061
서울25구,202507,V061_주택가격전망CSI_서울|12m차,1.0,58,True,V061
서울25구,202507,V062_주택가격전망CSI_6대광역시|수준,1.0,51,True,V062
서울25구,202507,V062_주택가격전망CSI_6대광역시|12m차,1.0,60,True,V062
서울25구,202507,V063_주택가격전망CSI_기타도시|수준,1.0,50,True,V063
서울25구,202507,V063_주택가격전망CSI_기타도시|12m차,1.0,59,True,V063
서울25구,202507,V064_KOSPI_종가_1980.01.04=100|수준,1.0,115,True,V064
서울25구,202507,V064_KOSPI_종가_1980.01.04=100|12m차,1.0,115,True,V064
서울25구,202507,V066_임금총액_사업체노동력_원|12m로그변화,1.0,115,True,V066
서울25구,202507,V067_선행지수순환변동치_2020=100|수준,1.0,40,True,V067
서울25구,202507,V067_선행지수순환변동치_2020=100|12m차,1.0,64,True,V067
서울25구,202507,V069_예금취급기관_가계대출_십억원|12m로그변화,1.0,115,True,V069
서울25구,202507,V069_예금취급기관_주택관련대출_십억원|12m로그변화,1.0,115,True,V069
서울25구,202507,V070_수출금액_천불|12m로그변화,1.0,115,True,V070
서울25구,202507,V071_정책대출_주금공_주택도시기금_십억원|12m로그변화,0.8869565217391304,102,True,V071
서울25구,202507,서울_V005_월세수급동향|수준,0.991304347826087,110,True,V005
서울25구,202507,서울_V005_월세수급동향|12m차,0.8869565217391304,102,True,V005
서울25구,202507,서울_V013_고용률_%|수준,1.0,37,True,V013
서울25구,202507,서울_V013_고용률_%|12m차,1.0,52,True,V013
서울25구,202507,서울_V013_취업자_천명|12m로그변화,1.0,115,True,V013
서울25구,202507,서울_V021_아파트_인허가_호|12개월누적log,1.0,115,True,V021
서울25구,202507,서울_V021_아파트_인허가_호|12개월누적log_12m차,1.0,115,True,V021
서울25구,202507,서울_V022_아파트_착공_호|12개월누적log,1.0,114,True,V022
서울25구,202507,서울_V022_아파트_착공_호|12개월누적log_12m차,1.0,115,True,V022
서울25구,202507,서울_V023_아파트_준공_호|12개월누적log,1.0,114,True,V023
서울25구,202507,서울_V023_아파트_준공_호|12개월누적log_12m차,1.0,115,True,V023
서울25구,202507,서울_V031_매매수급동향|수준,1.0,113,True,V031
서울25구,202507,서울_V031_매매수급동향|12m차,1.0,115,True,V031
서울25구,202507,서울_V032_전세수급동향|수준,1.0,115,True,V032
서울25구,202507,서울_V032_전세수급동향|12m차,1.0,115,True,V032
서울25구,202507,서울_V037_주택시장_소비심리지수|수준,1.0,101,True,V037
서울25구,202507,서울_V037_주택시장_소비심리지수|12m차,1.0,111,True,V037
서울25구,202507,서울_V050_지역별_주택관련대출_예금은행_십억원|12m로그변화,1.0,115,True,V050
서울25구,202507,V047_가계신용_총액_십억원|12m로그변화,1.0,39,True,V047
서울25구,202507,V049_시간당명목임금지수_2020=100|수준,1.0,37,True,V049
서울25구,202507,V049_시간당명목임금지수_2020=100|12m차,1.0,34,True,V049
서울25구,202507,V060_대출태도_국내은행_가계주택|수준,1.0,28,True,V060
서울25구,202507,V060_대출태도_국내은행_가계주택|12m차,1.0,33,True,V060
서울25구,202507,V074_가계동향_도시2인이상_월평균소득_원|수준,0.5043478260869565,20,False,V074
서울25구,202507,V074_가계동향_도시2인이상_월평균소득_원|12m차,0.5043478260869565,20,False,V074
서울25구,202507,V074_연결_월평균소득_원|12m로그변화,1.0,39,True,V074
서울25구,202507,V024_주거용신축허가_동수_동|12m로그변화,1.0,270,True,V024
서울25구,202507,V024_주거용신축허가_연면적_㎡|12m로그변화,1.0,275,True,V024
서울25구,202507,V072_총조사_가구수_가구|12m로그변화,0.7913043478260869,200,True,V072
서울25구,202507,V072_총조사_주택수_호|12m로그변화,0.7913043478260869,200,True,V072
서울25구,202507,V072_총조사단순주택수가구수비율|12m로그변화,0.7913043478260869,200,True,V072
서울25구,202507,V024_주거용신축허가_동수_천세대당|수준,1.0,275,True,V024
서울25구,202507,V024_주거용신축허가_동수_천세대당|12m차,1.0,275,True,V024
서울25구,202507,V013_서울구반기_고용률_%|수준,0.3652173913043478,92,False,V013
서울25구,202507,V013_서울구반기_고용률_%|12m차,0.2608695652173913,65,False,V013
서울25구,202507,V013_서울구반기_취업자_천명|12m로그변화,0.2608695652173913,125,False,V013
서울25구,202507,V013_서울구_고용률_월별추정|수준,0.3652173913043478,725,False,V013
서울25구,202507,V013_서울구_고용률_월별추정|12m차,0.2608695652173913,725,False,V013
서울25구,202507,V013_서울구_취업자_월별추정|12m로그변화,0.2608695652173913,750,False,V013
서울25구,202507,서울_V072_공식주택보급률_%|수준,1.0,11,True,V072
서울25구,202507,서울_V072_공식주택보급률_%|12m차,1.0,11,True,V072
서울25구,202507,D_CSI_전신계열,1.0,1,False,
서울25구,202507,D_Wage_10th,1.0,2,True,
서울25구,202507,D_Wage_11th,1.0,1,False,
서울25구,202507,M10_rent_growth_1m,0.991304347826087,2848,True,
서울25구,202507,M10_rent_growth_6m,0.9478260869565217,2725,True,
서울25구,202510,V003_전세가율_%|수준,1.0,583,True,V003
서울25구,202510,V003_전세가율_%|12m차,1.0,702,True,V003
서울25구,202510,V004_지역별전월세전환율_%|수준,1.0,1903,True,V004
서울25구,202510,V004_지역별전월세전환율_%|12m차,1.0,2815,True,V004
서울25구,202510,V009_주민등록인구_명|12m로그변화,1.0,2950,True,V009
서울25구,202510,V010_주민등록세대수_세대|12m로그변화,1.0,2950,True,V010
서울25구,202510,V011_20-29세_명|12m로그변화,1.0,2950,True,V011
서울25구,202510,V011_20-39세_명|12m로그변화,1.0,2950,True,V011
서울25구,202510,V011_20-39세비중_%|수준,1.0,2950,True,V011
서울25구,202510,V011_20-39세비중_%|12m차,1.0,2950,True,V011
서울25구,202510,V011_30-39세_명|12m로그변화,1.0,2950,True,V011
서울25구,202510,V012_순이동자수_명|천명당12개월,1.0,2950,True,V012
서울25구,202510,V035_아파트거래_동호수_호|12개월누적log,1.0,2549,True,V035
서울25구,202510,V035_아파트거래_동호수_호|12개월누적log_12m차,1.0,2949,True,V035
서울25구,202510,V035_아파트거래_면적_천㎡|12개월누적log,1.0,1142,True,V035
서울25구,202510,V035_아파트거래_면적_천㎡|12개월누적log_12m차,1.0,2887,True,V035
서울25구,202510,V036_아파트매매거래_동호수_호|12개월누적log,1.0,2372,True,V036
서울25구,202510,V036_아파트매매거래_동호수_호|12개월누적log_12m차,1.0,2948,True,V036
서울25구,202510,V036_아파트매매거래_면적_천㎡|12개월누적log,1.0,935,True,V036
서울25구,202510,V036_아파트매매거래_면적_천㎡|12개월누적log_12m차,1.0,2856,True,V036
서울25구,202510,V038_미분양주택현황_호|log,1.0,175,True,V038
서울25구,202510,V038_미분양주택현황_호|log_12m차,1.0,542,True,V038
서울25구,202510,V043_한국은행_기준금리_연%|수준,1.0,12,True,V043
서울25구,202510,V043_한국은행_기준금리_연%|12m차,1.0,14,True,V043
서울25구,202510,V044_시장금리_CD91일_연%|수준,1.0,79,True,V044
서울25구,202510,V044_시장금리_CD91일_연%|12m차,1.0,99,True,V044
서울25구,202510,V045_시장금리_국고채3년_연%|수준,1.0,116,True,V045
서울25구,202510,V045_시장금리_국고채3년_연%|12m차,1.0,117,True,V045
서울25구,202510,V046_M2_통화량_십억원|12m로그변화,1.0,118,True,V046
서울25구,202510,V048_소비자물가지수_2020=100|수준,1.0,113,True,V048
서울25구,202510,V048_소비자물가지수_2020=100|12m차,1.0,113,True,V048
서울25구,202510,V056_예금은행대출금리_주택담보_연리%|수준,1.0,92,True,V056
서울25구,202510,V056_예금은행대출금리_주택담보_연리%|12m차,1.0,101,True,V056
서울25구,202510,V057_예금은행대출금리_전세자금_연리%|수준,1.0,84,True,V057
서울25구,202510,V057_예금은행대출금리_전세자금_연리%|12m차,0.940677966101695,90,True,V057
서울25구,202510,V059_비은행대출금리_주택담보_연리%|수준,1.0,94,True,V059
서울25구,202510,V059_비은행대출금리_주택담보_연리%|12m차,1.0,98,True,V059
서울25구,202510,V061_주택가격전망CSI_서울|수준,1.0,45,True,V061
서울25구,202510,V061_주택가격전망CSI_서울|12m차,1.0,58,True,V061
서울25구,202510,V062_주택가격전망CSI_6대광역시|수준,1.0,51,True,V062
서울25구,202510,V062_주택가격전망CSI_6대광역시|12m차,1.0,60,True,V062
서울25구,202510,V063_주택가격전망CSI_기타도시|수준,1.0,50,True,V063
서울25구,202510,V063_주택가격전망CSI_기타도시|12m차,1.0,59,True,V063
서울25구,202510,V064_KOSPI_종가_1980.01.04=100|수준,1.0,118,True,V064
서울25구,202510,V064_KOSPI_종가_1980.01.04=100|12m차,1.0,118,True,V064
서울25구,202510,V066_임금총액_사업체노동력_원|12m로그변화,1.0,118,True,V066
서울25구,202510,V067_선행지수순환변동치_2020=100|수준,1.0,40,True,V067
서울25구,202510,V067_선행지수순환변동치_2020=100|12m차,1.0,64,True,V067
서울25구,202510,V069_예금취급기관_가계대출_십억원|12m로그변화,1.0,118,True,V069
서울25구,202510,V069_예금취급기관_주택관련대출_십억원|12m로그변화,1.0,118,True,V069
서울25구,202510,V070_수출금액_천불|12m로그변화,1.0,118,True,V070
서울25구,202510,V071_정책대출_주금공_주택도시기금_십억원|12m로그변화,0.8898305084745762,105,True,V071
서울25구,202510,서울_V005_월세수급동향|수준,0.9915254237288136,113,True,V005
서울25구,202510,서울_V005_월세수급동향|12m차,0.8898305084745762,105,True,V005
서울25구,202510,서울_V013_고용률_%|수준,1.0,37,True,V013
서울25구,202510,서울_V013_고용률_%|12m차,1.0,52,True,V013
서울25구,202510,서울_V013_취업자_천명|12m로그변화,1.0,118,True,V013
서울25구,202510,서울_V021_아파트_인허가_호|12개월누적log,1.0,118,True,V021
서울25구,202510,서울_V021_아파트_인허가_호|12개월누적log_12m차,1.0,118,True,V021
서울25구,202510,서울_V022_아파트_착공_호|12개월누적log,1.0,117,True,V022
서울25구,202510,서울_V022_아파트_착공_호|12개월누적log_12m차,1.0,118,True,V022
서울25구,202510,서울_V023_아파트_준공_호|12개월누적log,1.0,117,True,V023
서울25구,202510,서울_V023_아파트_준공_호|12개월누적log_12m차,1.0,118,True,V023
서울25구,202510,서울_V031_매매수급동향|수준,1.0,116,True,V031
서울25구,202510,서울_V031_매매수급동향|12m차,1.0,118,True,V031
서울25구,202510,서울_V032_전세수급동향|수준,1.0,118,True,V032
서울25구,202510,서울_V032_전세수급동향|12m차,1.0,118,True,V032
서울25구,202510,서울_V037_주택시장_소비심리지수|수준,1.0,104,True,V037
서울25구,202510,서울_V037_주택시장_소비심리지수|12m차,1.0,113,True,V037
서울25구,202510,서울_V050_지역별_주택관련대출_예금은행_십억원|12m로그변화,1.0,118,True,V050
서울25구,202510,V047_가계신용_총액_십억원|12m로그변화,1.0,40,True,V047
서울25구,202510,V049_시간당명목임금지수_2020=100|수준,1.0,38,True,V049
서울25구,202510,V049_시간당명목임금지수_2020=100|12m차,1.0,35,True,V049
서울25구,202510,V060_대출태도_국내은행_가계주택|수준,1.0,29,True,V060
서울25구,202510,V060_대출태도_국내은행_가계주택|12m차,1.0,34,True,V060
서울25구,202510,V074_가계동향_도시2인이상_월평균소득_원|수준,0.4915254237288136,20,False,V074
서울25구,202510,V074_가계동향_도시2인이상_월평균소득_원|12m차,0.4915254237288136,20,False,V074
서울25구,202510,V074_연결_월평균소득_원|12m로그변화,1.0,40,True,V074
서울25구,202510,V024_주거용신축허가_동수_동|12m로그변화,1.0,270,True,V024
서울25구,202510,V024_주거용신축허가_연면적_㎡|12m로그변화,1.0,275,True,V024
서울25구,202510,V072_총조사_가구수_가구|12m로그변화,0.7966101694915254,200,True,V072
서울25구,202510,V072_총조사_주택수_호|12m로그변화,0.7966101694915254,200,True,V072
서울25구,202510,V072_총조사단순주택수가구수비율|12m로그변화,0.7966101694915254,200,True,V072
서울25구,202510,V024_주거용신축허가_동수_천세대당|수준,1.0,275,True,V024
서울25구,202510,V024_주거용신축허가_동수_천세대당|12m차,1.0,275,True,V024
서울25구,202510,V013_서울구반기_고용률_%|수준,0.3813559322033898,98,False,V013
서울25구,202510,V013_서울구반기_고용률_%|12m차,0.2796610169491525,73,False,V013
서울25구,202510,V013_서울구반기_취업자_천명|12m로그변화,0.2796610169491525,150,False,V013
서울25구,202510,V013_서울구_고용률_월별추정|수준,0.3813559322033898,772,False,V013
서울25구,202510,V013_서울구_고용률_월별추정|12m차,0.2796610169491525,775,False,V013
서울25구,202510,V013_서울구_취업자_월별추정|12m로그변화,0.2796610169491525,825,False,V013
서울25구,202510,서울_V072_공식주택보급률_%|수준,1.0,11,True,V072
서울25구,202510,서울_V072_공식주택보급률_%|12m차,1.0,11,True,V072
서울25구,202510,D_CSI_전신계열,1.0,1,False,
서울25구,202510,D_Wage_10th,1.0,2,True,
서울25구,202510,D_Wage_11th,1.0,1,False,
서울25구,202510,M10_rent_growth_1m,0.9915254237288136,2923,True,
서울25구,202510,M10_rent_growth_6m,0.9491525423728814,2800,True,
