C1_OBJ_NM,DT,C1,PRD_SE,ITM_ID,TBL_ID,ITM_NM,TBL_NM,PRD_DE,LST_CHN_DE,C1_NM_ENG,C1_NM,UNIT_NM,ITM_NM_ENG,ORG_ID
구분,17655.7,13102871096A.0001,A,13103871096T4,DT_MLTM_2100,가구수(등록센서스),(新)주택보급률,2010,2026-01-02,Whole country,전국,천호천가구％,Household,116
구분,17738.8,13102871096A.0001,A,13103871096T5,DT_MLTM_2100,주택수(다가구 구분거처 반영),(新)주택보급률,2010,2026-01-02,Whole country,전국,천호천가구％,,116
구분,100.5,13102871096A.0001,A,13103871096T6,DT_MLTM_2100,보급률(다가구 구분거처 반영),(新)주택보급률,2010,2026-01-02,Whole country,전국,천호천가구％,,116
구분,8527.1,13102871096A.0002,A,13103871096T4,DT_MLTM_2100,가구수(등록센서스),(新)주택보급률,2010,2026-01-02,Capital Area,수도권,천호천가구％,Household,116
구분,8216.1,13102871096A.0002,A,13103871096T5,DT_MLTM_2100,주택수(다가구 구분거처 반영),(新)주택보급률,2010,2026-01-02,Capital Area,수도권,천호천가구％,,116
구분,96.4,13102871096A.0002,A,13103871096T6,DT_MLTM_2100,보급률(다가구 구분거처 반영),(新)주택보급률,2010,2026-01-02,Capital Area,수도권,천호천가구％,,116
구분,9128.6,13102871096A.0003,A,13103871096T4,DT_MLTM_2100,가구수(등록센서스),(新)주택보급률,2010,2026-01-02,Other Region,지방,천호천가구％,Household,116
구분,9522.7,13102871096A.0003,A,13103871096T5,DT_MLTM_2100,주택수(다가구 구분거처 반영),(新)주택보급률,2010,2026-01-02,Other Region,지방,천호천가구％,,116
구분,104.3,13102871096A.0003,A,13103871096T6,DT_MLTM_2100,보급률(다가구 구분거처 반영),(新)주택보급률,2010,2026-01-02,Other Region,지방,천호천가구％,,116
구분,3646.5,13102871096A.0004,A,13103871096T4,DT_MLTM_2100,가구수(등록센서스),(新)주택보급률,2010,2026-01-02,Seoul,서울,천호천가구％,Household,116
구분,3442.1,13102871096A.0004,A,13103871096T5,DT_MLTM_2100,주택수(다가구 구분거처 반영),(新)주택보급률,2010,2026-01-02,Seoul,서울,천호천가구％,,116
구분,94.4,13102871096A.0004,A,13103871096T6,DT_MLTM_2100,보급률(다가구 구분거처 반영),(新)주택보급률,2010,2026-01-02,Seoul,서울,천호천가구％,,116
구분,1254.3,13102871096A.0005,A,13103871096T4,DT_MLTM_2100,가구수(등록센서스),(新)주택보급률,2010,2026-01-02,Busan,부산,천호천가구％,Household,116
구분,1250.5,13102871096A.0005,A,13103871096T5,DT_MLTM_2100,주택수(다가구 구분거처 반영),(新)주택보급률,2010,2026-01-02,Busan,부산,천호천가구％,,116
구분,99.7,13102871096A.0005,A,13103871096T6,DT_MLTM_2100,보급률(다가구 구분거처 반영),(新)주택보급률,2010,2026-01-02,Busan,부산,천호천가구％,,116
구분,873,13102871096A.0006,A,13103871096T4,DT_MLTM_2100,가구수(등록센서스),(新)주택보급률,2010,2026-01-02,Daegu,대구,천호천가구％,Household,116
구분,885.9,13102871096A.0006,A,13103871096T5,DT_MLTM_2100,주택수(다가구 구분거처 반영),(新)주택보급률,2010,2026-01-02,Daegu,대구,천호천가구％,,116
구분,101.5,13102871096A.0006,A,13103871096T6,DT_MLTM_2100,보급률(다가구 구분거처 반영),(新)주택보급률,2010,2026-01-02,Daegu,대구,천호천가구％,,116
구분,936.8,13102871096A.0007,A,13103871096T4,DT_MLTM_2100,가구수(등록센서스),(新)주택보급률,2010,2026-01-02,Incheon,인천,천호천가구％,Household,116
구분,935.4,13102871096A.0007,A,13103871096T5,DT_MLTM_2100,주택수(다가구 구분거처 반영),(新)주택보급률,2010,2026-01-02,Incheon,인천,천호천가구％,,116
구분,99.8,13102871096A.0007,A,13103871096T6,DT_MLTM_2100,보급률(다가구 구분거처 반영),(新)주택보급률,2010,2026-01-02,Incheon,인천,천호천가구％,,116
구분,522.5,13102871096A.0008,A,13103871096T4,DT_MLTM_2100,가구수(등록센서스),(新)주택보급률,2010,2026-01-02,Gwangju,광주,천호천가구％,Household,116
구분,531.8,13102871096A.0008,A,13103871096T5,DT_MLTM_2100,주택수(다가구 구분거처 반영),(新)주택보급률,2010,2026-01-02,Gwangju,광주,천호천가구％,,116
구분,101.8,13102871096A.0008,A,13103871096T6,DT_MLTM_2100,보급률(다가구 구분거처 반영),(新)주택보급률,2010,2026-01-02,Gwangju,광주,천호천가구％,,116
구분,536.5,13102871096A.0009,A,13103871096T4,DT_MLTM_2100,가구수(등록센서스),(新)주택보급률,2010,2026-01-02,Daejeon,대전,천호천가구％,Household,116
구분,541.7,13102871096A.0009,A,13103871096T5,DT_MLTM_2100,주택수(다가구 구분거처 반영),(新)주택보급률,2010,2026-01-02,Daejeon,대전,천호천가구％,,116
구분,101,13102871096A.0009,A,13103871096T6,DT_MLTM_2100,보급률(다가구 구분거처 반영),(新)주택보급률,2010,2026-01-02,Daejeon,대전,천호천가구％,,116
구분,377.5,13102871096A.0010,A,13103871096T4,DT_MLTM_2100,가구수(등록센서스),(新)주택보급률,2010,2026-01-02,Ulsan,울산,천호천가구％,Household,116
구분,396.7,13102871096A.0010,A,13103871096T5,DT_MLTM_2100,주택수(다가구 구분거처 반영),(新)주택보급률,2010,2026-01-02,Ulsan,울산,천호천가구％,,116
구분,105.1,13102871096A.0010,A,13103871096T6,DT_MLTM_2100,보급률(다가구 구분거처 반영),(新)주택보급률,2010,2026-01-02,Ulsan,울산,천호천가구％,,116
구분,3943.8,13102871096A.0011,A,13103871096T4,DT_MLTM_2100,가구수(등록센서스),(新)주택보급률,2010,2026-01-02,Gyeonggi-do,경기,천호천가구％,Household,116
구분,3838.6,13102871096A.0011,A,13103871096T5,DT_MLTM_2100,주택수(다가구 구분거처 반영),(新)주택보급률,2010,2026-01-02,Gyeonggi-do,경기,천호천가구％,,116
구분,97.3,13102871096A.0011,A,13103871096T6,DT_MLTM_2100,보급률(다가구 구분거처 반영),(新)주택보급률,2010,2026-01-02,Gyeonggi-do,경기,천호천가구％,,116
구분,0,13102871096A.0012,A,13103871096T4,DT_MLTM_2100,가구수(등록센서스),(新)주택보급률,2010,2026-01-02,,세종,천호천가구％,Household,116
구분,0,13102871096A.0012,A,13103871096T5,DT_MLTM_2100,주택수(다가구 구분거처 반영),(新)주택보급률,2010,2026-01-02,,세종,천호천가구％,,116
구분,0,13102871096A.0012,A,13103871096T6,DT_MLTM_2100,보급률(다가구 구분거처 반영),(新)주택보급률,2010,2026-01-02,,세종,천호천가구％,,116
구분,560.3,13102871096A.0013,A,13103871096T4,DT_MLTM_2100,가구수(등록센서스),(新)주택보급률,2010,2026-01-02,,강원,천호천가구％,Household,116
구분,605.9,13102871096A.0013,A,13103871096T5,DT_MLTM_2100,주택수(다가구 구분거처 반영),(新)주택보급률,2010,2026-01-02,,강원,천호천가구％,,116
구분,108.1,13102871096A.0013,A,13103871096T6,DT_MLTM_2100,보급률(다가구 구분거처 반영),(新)주택보급률,2010,2026-01-02,,강원,천호천가구％,,116
구분,558.5,13102871096A.0014,A,13103871096T4,DT_MLTM_2100,가구수(등록센서스),(新)주택보급률,2010,2026-01-02,Chungcheongbuk-do,충북,천호천가구％,Household,116
구분,600.3,13102871096A.0014,A,13103871096T5,DT_MLTM_2100,주택수(다가구 구분거처 반영),(新)주택보급률,2010,2026-01-02,Chungcheongbuk-do,충북,천호천가구％,,116
구분,107.5,13102871096A.0014,A,13103871096T6,DT_MLTM_2100,보급률(다가구 구분거처 반영),(新)주택보급률,2010,2026-01-02,Chungcheongbuk-do,충북,천호천가구％,,116
구분,759.3,13102871096A.0015,A,13103871096T4,DT_MLTM_2100,가구수(등록센서스),(新)주택보급률,2010,2026-01-02,Chungcheongnam-do,충남,천호천가구％,Household,116
구분,794.6,13102871096A.0015,A,13103871096T5,DT_MLTM_2100,주택수(다가구 구분거처 반영),(新)주택보급률,2010,2026-01-02,Chungcheongnam-do,충남,천호천가구％,,116
구분,104.6,13102871096A.0015,A,13103871096T6,DT_MLTM_2100,보급률(다가구 구분거처 반영),(新)주택보급률,2010,2026-01-02,Chungcheongnam-do,충남,천호천가구％,,116
구분,667.2,13102871096A.0016,A,13103871096T4,DT_MLTM_2100,가구수(등록센서스),(新)주택보급률,2010,2026-01-02,Jeollabuk-do,전북,천호천가구％,Household,116
구분,711.8,13102871096A.0016,A,13103871096T5,DT_MLTM_2100,주택수(다가구 구분거처 반영),(新)주택보급률,2010,2026-01-02,Jeollabuk-do,전북,천호천가구％,,116
구분,106.7,13102871096A.0016,A,13103871096T6,DT_MLTM_2100,보급률(다가구 구분거처 반영),(新)주택보급률,2010,2026-01-02,Jeollabuk-do,전북,천호천가구％,,116
구분,680,13102871096A.0017,A,13103871096T4,DT_MLTM_2100,가구수(등록센서스),(新)주택보급률,2010,2026-01-02,Jeollanam-do,전남,천호천가구％,Household,116
구분,731.9,13102871096A.0017,A,13103871096T5,DT_MLTM_2100,주택수(다가구 구분거처 반영),(新)주택보급률,2010,2026-01-02,Jeollanam-do,전남,천호천가구％,,116
구분,107.6,13102871096A.0017,A,13103871096T6,DT_MLTM_2100,보급률(다가구 구분거처 반영),(新)주택보급률,2010,2026-01-02,Jeollanam-do,전남,천호천가구％,,116
구분,995.3,13102871096A.0018,A,13103871096T4,DT_MLTM_2100,가구수(등록센서스),(新)주택보급률,2010,2026-01-02,Gyeongsangbuk-do,경북,천호천가구％,Household,116
구분,1083.5,13102871096A.0018,A,13103871096T5,DT_MLTM_2100,주택수(다가구 구분거처 반영),(新)주택보급률,2010,2026-01-02,Gyeongsangbuk-do,경북,천호천가구％,,116
구분,108.9,13102871096A.0018,A,13103871096T6,DT_MLTM_2100,보급률(다가구 구분거처 반영),(新)주택보급률,2010,2026-01-02,Gyeongsangbuk-do,경북,천호천가구％,,116
구분,1155.3,13102871096A.0019,A,13103871096T4,DT_MLTM_2100,가구수(등록센서스),(新)주택보급률,2010,2026-01-02,Gyeongsangnam-do,경남,천호천가구％,Household,116
구분,1206.6,13102871096A.0019,A,13103871096T5,DT_MLTM_2100,주택수(다가구 구분거처 반영),(新)주택보급률,2010,2026-01-02,Gyeongsangnam-do,경남,천호천가구％,,116
구분,104.4,13102871096A.0019,A,13103871096T6,DT_MLTM_2100,보급률(다가구 구분거처 반영),(新)주택보급률,2010,2026-01-02,Gyeongsangnam-do,경남,천호천가구％,,116
구분,188.8,13102871096A.0020,A,13103871096T4,DT_MLTM_2100,가구수(등록센서스),(新)주택보급률,2010,2026-01-02,Jeju,제주,천호천가구％,Household,116
구분,181.6,13102871096A.0020,A,13103871096T5,DT_MLTM_2100,주택수(다가구 구분거처 반영),(新)주택보급률,2010,2026-01-02,Jeju,제주,천호천가구％,,116
구분,96.2,13102871096A.0020,A,13103871096T6,DT_MLTM_2100,보급률(다가구 구분거처 반영),(新)주택보급률,2010,2026-01-02,Jeju,제주,천호천가구％,,116
구분,17928.1,13102871096A.0001,A,13103871096T4,DT_MLTM_2100,가구수(등록센서스),(新)주택보급률,2011,2026-01-02,Whole country,전국,천호천가구％,Household,116
구분,18082.1,13102871096A.0001,A,13103871096T5,DT_MLTM_2100,주택수(다가구 구분거처 반영),(新)주택보급률,2011,2026-01-02,Whole country,전국,천호천가구％,,116
구분,100.9,13102871096A.0001,A,13103871096T6,DT_MLTM_2100,보급률(다가구 구분거처 반영),(新)주택보급률,2011,2026-01-02,Whole country,전국,천호천가구％,,116
구분,8655.9,13102871096A.0002,A,13103871096T4,DT_MLTM_2100,가구수(등록센서스),(新)주택보급률,2011,2026-01-02,Capital Area,수도권,천호천가구％,Household,116
구분,8382.7,13102871096A.0002,A,13103871096T5,DT_MLTM_2100,주택수(다가구 구분거처 반영),(新)주택보급률,2011,2026-01-02,Capital Area,수도권,천호천가구％,,116
구분,96.8,13102871096A.0002,A,13103871096T6,DT_MLTM_2100,보급률(다가구 구분거처 반영),(新)주택보급률,2011,2026-01-02,Capital Area,수도권,천호천가구％,,116
구분,9272.2,13102871096A.0003,A,13103871096T4,DT_MLTM_2100,가구수(등록센서스),(新)주택보급률,2011,2026-01-02,Other Region,지방,천호천가구％,Household,116
구분,9699.4,13102871096A.0003,A,13103871096T5,DT_MLTM_2100,주택수(다가구 구분거처 반영),(新)주택보급률,2011,2026-01-02,Other Region,지방,천호천가구％,,116
구분,104.6,13102871096A.0003,A,13103871096T6,DT_MLTM_2100,보급률(다가구 구분거처 반영),(新)주택보급률,2011,2026-01-02,Other Region,지방,천호천가구％,,116
구분,3673.4,13102871096A.0004,A,13103871096T4,DT_MLTM_2100,가구수(등록센서스),(新)주택보급률,2011,2026-01-02,Seoul,서울,천호천가구％,Household,116
구분,3477.8,13102871096A.0004,A,13103871096T5,DT_MLTM_2100,주택수(다가구 구분거처 반영),(新)주택보급률,2011,2026-01-02,Seoul,서울,천호천가구％,,116
구분,94.7,13102871096A.0004,A,13103871096T6,DT_MLTM_2100,보급률(다가구 구분거처 반영),(新)주택보급률,2011,2026-01-02,Seoul,서울,천호천가구％,,116
구분,1269.2,13102871096A.0005,A,13103871096T4,DT_MLTM_2100,가구수(등록센서스),(新)주택보급률,2011,2026-01-02,Busan,부산,천호천가구％,Household,116
구분,1270.1,13102871096A.0005,A,13103871096T5,DT_MLTM_2100,주택수(다가구 구분거처 반영),(新)주택보급률,2011,2026-01-02,Busan,부산,천호천가구％,,116
구분,100.1,13102871096A.0005,A,13103871096T6,DT_MLTM_2100,보급률(다가구 구분거처 반영),(新)주택보급률,2011,2026-01-02,Busan,부산,천호천가구％,,116
구분,883.7,13102871096A.0006,A,13103871096T4,DT_MLTM_2100,가구수(등록센서스),(新)주택보급률,2011,2026-01-02,Daegu,대구,천호천가구％,Household,116
구분,894.9,13102871096A.0006,A,13103871096T5,DT_MLTM_2100,주택수(다가구 구분거처 반영),(新)주택보급률,2011,2026-01-02,Daegu,대구,천호천가구％,,116
구분,101.3,13102871096A.0006,A,13103871096T6,DT_MLTM_2100,보급률(다가구 구분거처 반영),(新)주택보급률,2011,2026-01-02,Daegu,대구,천호천가구％,,116
구분,956.9,13102871096A.0007,A,13103871096T4,DT_MLTM_2100,가구수(등록센서스),(新)주택보급률,2011,2026-01-02,Incheon,인천,천호천가구％,Household,116
구분,974,13102871096A.0007,A,13103871096T5,DT_MLTM_2100,주택수(다가구 구분거처 반영),(新)주택보급률,2011,2026-01-02,Incheon,인천,천호천가구％,,116
구분,101.8,13102871096A.0007,A,13103871096T6,DT_MLTM_2100,보급률(다가구 구분거처 반영),(新)주택보급률,2011,2026-01-02,Incheon,인천,천호천가구％,,116
구분,531,13102871096A.0008,A,13103871096T4,DT_MLTM_2100,가구수(등록센서스),(新)주택보급률,2011,2026-01-02,Gwangju,광주,천호천가구％,Household,116
구분,543.8,13102871096A.0008,A,13103871096T5,DT_MLTM_2100,주택수(다가구 구분거처 반영),(新)주택보급률,2011,2026-01-02,Gwangju,광주,천호천가구％,,116
구분,102.4,13102871096A.0008,A,13103871096T6,DT_MLTM_2100,보급률(다가구 구분거처 반영),(新)주택보급률,2011,2026-01-02,Gwangju,광주,천호천가구％,,116
구분,545.2,13102871096A.0009,A,13103871096T4,DT_MLTM_2100,가구수(등록센서스),(新)주택보급률,2011,2026-01-02,Daejeon,대전,천호천가구％,Household,116
구분,559.5,13102871096A.0009,A,13103871096T5,DT_MLTM_2100,주택수(다가구 구분거처 반영),(新)주택보급률,2011,2026-01-02,Daejeon,대전,천호천가구％,,116
구분,102.6,13102871096A.0009,A,13103871096T6,DT_MLTM_2100,보급률(다가구 구분거처 반영),(新)주택보급률,2011,2026-01-02,Daejeon,대전,천호천가구％,,116
구분,386.2,13102871096A.0010,A,13103871096T4,DT_MLTM_2100,가구수(등록센서스),(新)주택보급률,2011,2026-01-02,Ulsan,울산,천호천가구％,Household,116
구분,406.5,13102871096A.0010,A,13103871096T5,DT_MLTM_2100,주택수(다가구 구분거처 반영),(新)주택보급률,2011,2026-01-02,Ulsan,울산,천호천가구％,,116
구분,105.3,13102871096A.0010,A,13103871096T6,DT_MLTM_2100,보급률(다가구 구분거처 반영),(新)주택보급률,2011,2026-01-02,Ulsan,울산,천호천가구％,,116
구분,4025.6,13102871096A.0011,A,13103871096T4,DT_MLTM_2100,가구수(등록센서스),(新)주택보급률,2011,2026-01-02,Gyeonggi-do,경기,천호천가구％,Household,116
구분,3930.9,13102871096A.0011,A,13103871096T5,DT_MLTM_2100,주택수(다가구 구분거처 반영),(新)주택보급률,2011,2026-01-02,Gyeonggi-do,경기,천호천가구％,,116
구분,97.6,13102871096A.0011,A,13103871096T6,DT_MLTM_2100,보급률(다가구 구분거처 반영),(新)주택보급률,2011,2026-01-02,Gyeonggi-do,경기,천호천가구％,,116
구분,0,13102871096A.0012,A,13103871096T4,DT_MLTM_2100,가구수(등록센서스),(新)주택보급률,2011,2026-01-02,,세종,천호천가구％,Household,116
구분,0,13102871096A.0012,A,13103871096T5,DT_MLTM_2100,주택수(다가구 구분거처 반영),(新)주택보급률,2011,2026-01-02,,세종,천호천가구％,,116
구분,0,13102871096A.0012,A,13103871096T6,DT_MLTM_2100,보급률(다가구 구분거처 반영),(新)주택보급률,2011,2026-01-02,,세종,천호천가구％,,116
구분,569,13102871096A.0013,A,13103871096T4,DT_MLTM_2100,가구수(등록센서스),(新)주택보급률,2011,2026-01-02,,강원,천호천가구％,Household,116
구분,611,13102871096A.0013,A,13103871096T5,DT_MLTM_2100,주택수(다가구 구분거처 반영),(新)주택보급률,2011,2026-01-02,,강원,천호천가구％,,116
구분,107.4,13102871096A.0013,A,13103871096T6,DT_MLTM_2100,보급률(다가구 구분거처 반영),(新)주택보급률,2011,2026-01-02,,강원,천호천가구％,,116
구분,566.8,13102871096A.0014,A,13103871096T4,DT_MLTM_2100,가구수(등록센서스),(新)주택보급률,2011,2026-01-02,Chungcheongbuk-do,충북,천호천가구％,Household,116
구분,612.2,13102871096A.0014,A,13103871096T5,DT_MLTM_2100,주택수(다가구 구분거처 반영),(新)주택보급률,2011,2026-01-02,Chungcheongbuk-do,충북,천호천가구％,,116
구분,108,13102871096A.0014,A,13103871096T6,DT_MLTM_2100,보급률(다가구 구분거처 반영),(新)주택보급률,2011,2026-01-02,Chungcheongbuk-do,충북,천호천가구％,,116
구분,778,13102871096A.0015,A,13103871096T4,DT_MLTM_2100,가구수(등록센서스),(新)주택보급률,2011,2026-01-02,Chungcheongnam-do,충남,천호천가구％,Household,116
구분,817.3,13102871096A.0015,A,13103871096T5,DT_MLTM_2100,주택수(다가구 구분거처 반영),(新)주택보급률,2011,2026-01-02,Chungcheongnam-do,충남,천호천가구％,,116
구분,105.1,13102871096A.0015,A,13103871096T6,DT_MLTM_2100,보급률(다가구 구분거처 반영),(新)주택보급률,2011,2026-01-02,Chungcheongnam-do,충남,천호천가구％,,116
구분,676.9,13102871096A.0016,A,13103871096T4,DT_MLTM_2100,가구수(등록센서스),(新)주택보급률,2011,2026-01-02,Jeollabuk-do,전북,천호천가구％,Household,116
구분,725.4,13102871096A.0016,A,13103871096T5,DT_MLTM_2100,주택수(다가구 구분거처 반영),(新)주택보급률,2011,2026-01-02,Jeollabuk-do,전북,천호천가구％,,116
구분,107.2,13102871096A.0016,A,13103871096T6,DT_MLTM_2100,보급률(다가구 구분거처 반영),(新)주택보급률,2011,2026-01-02,Jeollabuk-do,전북,천호천가구％,,116
구분,687.8,13102871096A.0017,A,13103871096T4,DT_MLTM_2100,가구수(등록센서스),(新)주택보급률,2011,2026-01-02,Jeollanam-do,전남,천호천가구％,Household,116
구분,740.6,13102871096A.0017,A,13103871096T5,DT_MLTM_2100,주택수(다가구 구분거처 반영),(新)주택보급률,2011,2026-01-02,Jeollanam-do,전남,천호천가구％,,116
구분,107.7,13102871096A.0017,A,13103871096T6,DT_MLTM_2100,보급률(다가구 구분거처 반영),(新)주택보급률,2011,2026-01-02,Jeollanam-do,전남,천호천가구％,,116
구분,1008.4,13102871096A.0018,A,13103871096T4,DT_MLTM_2100,가구수(등록센서스),(新)주택보급률,2011,2026-01-02,Gyeongsangbuk-do,경북,천호천가구％,Household,116
구분,1104.5,13102871096A.0018,A,13103871096T5,DT_MLTM_2100,주택수(다가구 구분거처 반영),(新)주택보급률,2011,2026-01-02,Gyeongsangbuk-do,경북,천호천가구％,,116
구분,109.5,13102871096A.0018,A,13103871096T6,DT_MLTM_2100,보급률(다가구 구분거처 반영),(新)주택보급률,2011,2026-01-02,Gyeongsangbuk-do,경북,천호천가구％,,116
구분,1175,13102871096A.0019,A,13103871096T4,DT_MLTM_2100,가구수(등록센서스),(新)주택보급률,2011,2026-01-02,Gyeongsangnam-do,경남,천호천가구％,Household,116
구분,1227.2,13102871096A.0019,A,13103871096T5,DT_MLTM_2100,주택수(다가구 구분거처 반영),(新)주택보급률,2011,2026-01-02,Gyeongsangnam-do,경남,천호천가구％,,116
구분,104.4,13102871096A.0019,A,13103871096T6,DT_MLTM_2100,보급률(다가구 구분거처 반영),(新)주택보급률,2011,2026-01-02,Gyeongsangnam-do,경남,천호천가구％,,116
구분,194.8,13102871096A.0020,A,13103871096T4,DT_MLTM_2100,가구수(등록센서스),(新)주택보급률,2011,2026-01-02,Jeju,제주,천호천가구％,Household,116
구분,186.2,13102871096A.0020,A,13103871096T5,DT_MLTM_2100,주택수(다가구 구분거처 반영),(新)주택보급률,2011,2026-01-02,Jeju,제주,천호천가구％,,116
구분,95.6,13102871096A.0020,A,13103871096T6,DT_MLTM_2100,보급률(다가구 구분거처 반영),(新)주택보급률,2011,2026-01-02,Jeju,제주,천호천가구％,,116
구분,18209.2,13102871096A.0001,A,13103871096T4,DT_MLTM_2100,가구수(등록센서스),(新)주택보급률,2012,2026-01-02,Whole country,전국,천호천가구％,Household,116
구분,18414.4,13102871096A.0001,A,13103871096T5,DT_MLTM_2100,주택수(다가구 구분거처 반영),(新)주택보급률,2012,2026-01-02,Whole country,전국,천호천가구％,,116
구분,101.1,13102871096A.0001,A,13103871096T6,DT_MLTM_2100,보급률(다가구 구분거처 반영),(新)주택보급률,2012,2026-01-02,Whole country,전국,천호천가구％,,116
구분,8788.8,13102871096A.0002,A,13103871096T4,DT_MLTM_2100,가구수(등록센서스),(新)주택보급률,2012,2026-01-02,Capital Area,수도권,천호천가구％,Household,116
구분,8555.3,13102871096A.0002,A,13103871096T5,DT_MLTM_2100,주택수(다가구 구분거처 반영),(新)주택보급률,2012,2026-01-02,Capital Area,수도권,천호천가구％,,116
구분,97.3,13102871096A.0002,A,13103871096T6,DT_MLTM_2100,보급률(다가구 구분거처 반영),(新)주택보급률,2012,2026-01-02,Capital Area,수도권,천호천가구％,,116
구분,9420.4,13102871096A.0003,A,13103871096T4,DT_MLTM_2100,가구수(등록센서스),(新)주택보급률,2012,2026-01-02,Other Region,지방,천호천가구％,Household,116
구분,9859.1,13102871096A.0003,A,13103871096T5,DT_MLTM_2100,주택수(다가구 구분거처 반영),(新)주택보급률,2012,2026-01-02,Other Region,지방,천호천가구％,,116
구분,104.7,13102871096A.0003,A,13103871096T6,DT_MLTM_2100,보급률(다가구 구분거처 반영),(新)주택보급률,2012,2026-01-02,Other Region,지방,천호천가구％,,116
구분,3700.6,13102871096A.0004,A,13103871096T4,DT_MLTM_2100,가구수(등록센서스),(新)주택보급률,2012,2026-01-02,Seoul,서울,천호천가구％,Household,116
구분,3509.8,13102871096A.0004,A,13103871096T5,DT_MLTM_2100,주택수(다가구 구분거처 반영),(新)주택보급률,2012,2026-01-02,Seoul,서울,천호천가구％,,116
구분,94.8,13102871096A.0004,A,13103871096T6,DT_MLTM_2100,보급률(다가구 구분거처 반영),(新)주택보급률,2012,2026-01-02,Seoul,서울,천호천가구％,,116
구분,1284.8,13102871096A.0005,A,13103871096T4,DT_MLTM_2100,가구수(등록센서스),(新)주택보급률,2012,2026-01-02,Busan,부산,천호천가구％,Household,116
구분,1295,13102871096A.0005,A,13103871096T5,DT_MLTM_2100,주택수(다가구 구분거처 반영),(新)주택보급률,2012,2026-01-02,Busan,부산,천호천가구％,,116
구분,100.8,13102871096A.0005,A,13103871096T6,DT_MLTM_2100,보급률(다가구 구분거처 반영),(新)주택보급률,2012,2026-01-02,Busan,부산,천호천가구％,,116
구분,894.6,13102871096A.0006,A,13103871096T4,DT_MLTM_2100,가구수(등록센서스),(新)주택보급률,2012,2026-01-02,Daegu,대구,천호천가구％,Household,116
구분,903.3,13102871096A.0006,A,13103871096T5,DT_MLTM_2100,주택수(다가구 구분거처 반영),(新)주택보급률,2012,2026-01-02,Daegu,대구,천호천가구％,,116
구분,101,13102871096A.0006,A,13103871096T6,DT_MLTM_2100,보급률(다가구 구분거처 반영),(新)주택보급률,2012,2026-01-02,Daegu,대구,천호천가구％,,116
구분,977.7,13102871096A.0007,A,13103871096T4,DT_MLTM_2100,가구수(등록센서스),(新)주택보급률,2012,2026-01-02,Incheon,인천,천호천가구％,Household,116
구분,1004.4,13102871096A.0007,A,13103871096T5,DT_MLTM_2100,주택수(다가구 구분거처 반영),(新)주택보급률,2012,2026-01-02,Incheon,인천,천호천가구％,,116
구분,102.7,13102871096A.0007,A,13103871096T6,DT_MLTM_2100,보급률(다가구 구분거처 반영),(新)주택보급률,2012,2026-01-02,Incheon,인천,천호천가구％,,116
구분,539.8,13102871096A.0008,A,13103871096T4,DT_MLTM_2100,가구수(등록센서스),(新)주택보급률,2012,2026-01-02,Gwangju,광주,천호천가구％,Household,116
구분,550.1,13102871096A.0008,A,13103871096T5,DT_MLTM_2100,주택수(다가구 구분거처 반영),(新)주택보급률,2012,2026-01-02,Gwangju,광주,천호천가구％,,116
구분,101.9,13102871096A.0008,A,13103871096T6,DT_MLTM_2100,보급률(다가구 구분거처 반영),(新)주택보급률,2012,2026-01-02,Gwangju,광주,천호천가구％,,116
구분,554.1,13102871096A.0009,A,13103871096T4,DT_MLTM_2100,가구수(등록센서스),(新)주택보급률,2012,2026-01-02,Daejeon,대전,천호천가구％,Household,116
구분,568.5,13102871096A.0009,A,13103871096T5,DT_MLTM_2100,주택수(다가구 구분거처 반영),(新)주택보급률,2012,2026-01-02,Daejeon,대전,천호천가구％,,116
구분,102.6,13102871096A.0009,A,13103871096T6,DT_MLTM_2100,보급률(다가구 구분거처 반영),(新)주택보급률,2012,2026-01-02,Daejeon,대전,천호천가구％,,116
구분,395.2,13102871096A.0010,A,13103871096T4,DT_MLTM_2100,가구수(등록센서스),(新)주택보급률,2012,2026-01-02,Ulsan,울산,천호천가구％,Household,116
구분,415.1,13102871096A.0010,A,13103871096T5,DT_MLTM_2100,주택수(다가구 구분거처 반영),(新)주택보급률,2012,2026-01-02,Ulsan,울산,천호천가구％,,116
구분,105,13102871096A.0010,A,13103871096T6,DT_MLTM_2100,보급률(다가구 구분거처 반영),(新)주택보급률,2012,2026-01-02,Ulsan,울산,천호천가구％,,116
구분,4110.5,13102871096A.0011,A,13103871096T4,DT_MLTM_2100,가구수(등록센서스),(新)주택보급률,2012,2026-01-02,Gyeonggi-do,경기,천호천가구％,Household,116
구분,4041.1,13102871096A.0011,A,13103871096T5,DT_MLTM_2100,주택수(다가구 구분거처 반영),(新)주택보급률,2012,2026-01-02,Gyeonggi-do,경기,천호천가구％,,116
구분,98.3,13102871096A.0011,A,13103871096T6,DT_MLTM_2100,보급률(다가구 구분거처 반영),(新)주택보급률,2012,2026-01-02,Gyeonggi-do,경기,천호천가구％,,116
구분,0,13102871096A.0012,A,13103871096T4,DT_MLTM_2100,가구수(등록센서스),(新)주택보급률,2012,2026-01-02,,세종,천호천가구％,Household,116
구분,0,13102871096A.0012,A,13103871096T5,DT_MLTM_2100,주택수(다가구 구분거처 반영),(新)주택보급률,2012,2026-01-02,,세종,천호천가구％,,116
구분,0,13102871096A.0012,A,13103871096T6,DT_MLTM_2100,보급률(다가구 구분거처 반영),(新)주택보급률,2012,2026-01-02,,세종,천호천가구％,,116
구분,577.9,13102871096A.0013,A,13103871096T4,DT_MLTM_2100,가구수(등록센서스),(新)주택보급률,2012,2026-01-02,,강원,천호천가구％,Household,116
구분,617.4,13102871096A.0013,A,13103871096T5,DT_MLTM_2100,주택수(다가구 구분거처 반영),(新)주택보급률,2012,2026-01-02,,강원,천호천가구％,,116
구분,106.8,13102871096A.0013,A,13103871096T6,DT_MLTM_2100,보급률(다가구 구분거처 반영),(新)주택보급률,2012,2026-01-02,,강원,천호천가구％,,116
구분,575.3,13102871096A.0014,A,13103871096T4,DT_MLTM_2100,가구수(등록센서스),(新)주택보급률,2012,2026-01-02,Chungcheongbuk-do,충북,천호천가구％,Household,116
구분,620.5,13102871096A.0014,A,13103871096T5,DT_MLTM_2100,주택수(다가구 구분거처 반영),(新)주택보급률,2012,2026-01-02,Chungcheongbuk-do,충북,천호천가구％,,116
구분,107.9,13102871096A.0014,A,13103871096T6,DT_MLTM_2100,보급률(다가구 구분거처 반영),(新)주택보급률,2012,2026-01-02,Chungcheongbuk-do,충북,천호천가구％,,116
구분,798.3,13102871096A.0015,A,13103871096T4,DT_MLTM_2100,가구수(등록센서스),(新)주택보급률,2012,2026-01-02,Chungcheongnam-do,충남,천호천가구％,Household,116
구분,843.4,13102871096A.0015,A,13103871096T5,DT_MLTM_2100,주택수(다가구 구분거처 반영),(新)주택보급률,2012,2026-01-02,Chungcheongnam-do,충남,천호천가구％,,116
구분,105.6,13102871096A.0015,A,13103871096T6,DT_MLTM_2100,보급률(다가구 구분거처 반영),(新)주택보급률,2012,2026-01-02,Chungcheongnam-do,충남,천호천가구％,,116
구분,686.8,13102871096A.0016,A,13103871096T4,DT_MLTM_2100,가구수(등록센서스),(新)주택보급률,2012,2026-01-02,Jeollabuk-do,전북,천호천가구％,Household,116
구분,735.3,13102871096A.0016,A,13103871096T5,DT_MLTM_2100,주택수(다가구 구분거처 반영),(新)주택보급률,2012,2026-01-02,Jeollabuk-do,전북,천호천가구％,,116
구분,107.1,13102871096A.0016,A,13103871096T6,DT_MLTM_2100,보급률(다가구 구분거처 반영),(新)주택보급률,2012,2026-01-02,Jeollabuk-do,전북,천호천가구％,,116
구분,695.8,13102871096A.0017,A,13103871096T4,DT_MLTM_2100,가구수(등록센서스),(新)주택보급률,2012,2026-01-02,Jeollanam-do,전남,천호천가구％,Household,116
구분,750.2,13102871096A.0017,A,13103871096T5,DT_MLTM_2100,주택수(다가구 구분거처 반영),(新)주택보급률,2012,2026-01-02,Jeollanam-do,전남,천호천가구％,,116
구분,107.8,13102871096A.0017,A,13103871096T6,DT_MLTM_2100,보급률(다가구 구분거처 반영),(新)주택보급률,2012,2026-01-02,Jeollanam-do,전남,천호천가구％,,116
구분,1021.7,13102871096A.0018,A,13103871096T4,DT_MLTM_2100,가구수(등록센서스),(新)주택보급률,2012,2026-01-02,Gyeongsangbuk-do,경북,천호천가구％,Household,116
구분,1119.4,13102871096A.0018,A,13103871096T5,DT_MLTM_2100,주택수(다가구 구분거처 반영),(新)주택보급률,2012,2026-01-02,Gyeongsangbuk-do,경북,천호천가구％,,116
구분,109.6,13102871096A.0018,A,13103871096T6,DT_MLTM_2100,보급률(다가구 구분거처 반영),(新)주택보급률,2012,2026-01-02,Gyeongsangbuk-do,경북,천호천가구％,,116
구분,1195.2,13102871096A.0019,A,13103871096T4,DT_MLTM_2100,가구수(등록센서스),(新)주택보급률,2012,2026-01-02,Gyeongsangnam-do,경남,천호천가구％,Household,116
구분,1247.1,13102871096A.0019,A,13103871096T5,DT_MLTM_2100,주택수(다가구 구분거처 반영),(新)주택보급률,2012,2026-01-02,Gyeongsangnam-do,경남,천호천가구％,,116
구분,104.3,13102871096A.0019,A,13103871096T6,DT_MLTM_2100,보급률(다가구 구분거처 반영),(新)주택보급률,2012,2026-01-02,Gyeongsangnam-do,경남,천호천가구％,,116
구분,200.9,13102871096A.0020,A,13103871096T4,DT_MLTM_2100,가구수(등록센서스),(新)주택보급률,2012,2026-01-02,Jeju,제주,천호천가구％,Household,116
구분,193.6,13102871096A.0020,A,13103871096T5,DT_MLTM_2100,주택수(다가구 구분거처 반영),(新)주택보급률,2012,2026-01-02,Jeju,제주,천호천가구％,,116
구분,96.4,13102871096A.0020,A,13103871096T6,DT_MLTM_2100,보급률(다가구 구분거처 반영),(新)주택보급률,2012,2026-01-02,Jeju,제주,천호천가구％,,116
구분,18499.6,13102871096A.0001,A,13103871096T4,DT_MLTM_2100,가구수(등록센서스),(新)주택보급률,2013,2026-01-02,Whole country,전국,천호천가구％,Household,116
구분,18742.1,13102871096A.0001,A,13103871096T5,DT_MLTM_2100,주택수(다가구 구분거처 반영),(新)주택보급률,2013,2026-01-02,Whole country,전국,천호천가구％,,116
구분,101.3,13102871096A.0001,A,13103871096T6,DT_MLTM_2100,보급률(다가구 구분거처 반영),(新)주택보급률,2013,2026-01-02,Whole country,전국,천호천가구％,,116
구분,8926.1,13102871096A.0002,A,13103871096T4,DT_MLTM_2100,가구수(등록센서스),(新)주택보급률,2013,2026-01-02,Capital Area,수도권,천호천가구％,Household,116
구분,8681.8,13102871096A.0002,A,13103871096T5,DT_MLTM_2100,주택수(다가구 구분거처 반영),(新)주택보급률,2013,2026-01-02,Capital Area,수도권,천호천가구％,,116
구분,97.3,13102871096A.0002,A,13103871096T6,DT_MLTM_2100,보급률(다가구 구분거처 반영),(新)주택보급률,2013,2026-01-02,Capital Area,수도권,천호천가구％,,116
구분,9573.5,13102871096A.0003,A,13103871096T4,DT_MLTM_2100,가구수(등록센서스),(新)주택보급률,2013,2026-01-02,Other Region,지방,천호천가구％,Household,116
구분,10060.3,13102871096A.0003,A,13103871096T5,DT_MLTM_2100,주택수(다가구 구분거처 반영),(新)주택보급률,2013,2026-01-02,Other Region,지방,천호천가구％,,116
구분,105.1,13102871096A.0003,A,13103871096T6,DT_MLTM_2100,보급률(다가구 구분거처 반영),(新)주택보급률,2013,2026-01-02,Other Region,지방,천호천가구％,,116
구분,3728.2,13102871096A.0004,A,13103871096T4,DT_MLTM_2100,가구수(등록센서스),(新)주택보급률,2013,2026-01-02,Seoul,서울,천호천가구％,Household,116
구분,3546.4,13102871096A.0004,A,13103871096T5,DT_MLTM_2100,주택수(다가구 구분거처 반영),(新)주택보급률,2013,2026-01-02,Seoul,서울,천호천가구％,,116
구분,95.1,13102871096A.0004,A,13103871096T6,DT_MLTM_2100,보급률(다가구 구분거처 반영),(新)주택보급률,2013,2026-01-02,Seoul,서울,천호천가구％,,116
구분,1301.1,13102871096A.0005,A,13103871096T4,DT_MLTM_2100,가구수(등록센서스),(新)주택보급률,2013,2026-01-02,Busan,부산,천호천가구％,Household,116
구분,1323.4,13102871096A.0005,A,13103871096T5,DT_MLTM_2100,주택수(다가구 구분거처 반영),(新)주택보급률,2013,2026-01-02,Busan,부산,천호천가구％,,116
구분,101.7,13102871096A.0005,A,13103871096T6,DT_MLTM_2100,보급률(다가구 구분거처 반영),(新)주택보급률,2013,2026-01-02,Busan,부산,천호천가구％,,116
구분,905.7,13102871096A.0006,A,13103871096T4,DT_MLTM_2100,가구수(등록센서스),(新)주택보급률,2013,2026-01-02,Daegu,대구,천호천가구％,Household,116
구분,916.6,13102871096A.0006,A,13103871096T5,DT_MLTM_2100,주택수(다가구 구분거처 반영),(新)주택보급률,2013,2026-01-02,Daegu,대구,천호천가구％,,116
구분,101.2,13102871096A.0006,A,13103871096T6,DT_MLTM_2100,보급률(다가구 구분거처 반영),(新)주택보급률,2013,2026-01-02,Daegu,대구,천호천가구％,,116
구분,999.4,13102871096A.0007,A,13103871096T4,DT_MLTM_2100,가구수(등록센서스),(新)주택보급률,2013,2026-01-02,Incheon,인천,천호천가구％,Household,116
구분,1016.7,13102871096A.0007,A,13103871096T5,DT_MLTM_2100,주택수(다가구 구분거처 반영),(新)주택보급률,2013,2026-01-02,Incheon,인천,천호천가구％,,116
구분,101.7,13102871096A.0007,A,13103871096T6,DT_MLTM_2100,보급률(다가구 구분거처 반영),(新)주택보급률,2013,2026-01-02,Incheon,인천,천호천가구％,,116
구분,548.7,13102871096A.0008,A,13103871096T4,DT_MLTM_2100,가구수(등록센서스),(新)주택보급률,2013,2026-01-02,Gwangju,광주,천호천가구％,Household,116
구분,563,13102871096A.0008,A,13103871096T5,DT_MLTM_2100,주택수(다가구 구분거처 반영),(新)주택보급률,2013,2026-01-02,Gwangju,광주,천호천가구％,,116
구분,102.6,13102871096A.0008,A,13103871096T6,DT_MLTM_2100,보급률(다가구 구분거처 반영),(新)주택보급률,2013,2026-01-02,Gwangju,광주,천호천가구％,,116
구분,563.3,13102871096A.0009,A,13103871096T4,DT_MLTM_2100,가구수(등록센서스),(新)주택보급률,2013,2026-01-02,Daejeon,대전,천호천가구％,Household,116
구분,574.8,13102871096A.0009,A,13103871096T5,DT_MLTM_2100,주택수(다가구 구분거처 반영),(新)주택보급률,2013,2026-01-02,Daejeon,대전,천호천가구％,,116
구분,102,13102871096A.0009,A,13103871096T6,DT_MLTM_2100,보급률(다가구 구분거처 반영),(新)주택보급률,2013,2026-01-02,Daejeon,대전,천호천가구％,,116
구분,404.3,13102871096A.0010,A,13103871096T4,DT_MLTM_2100,가구수(등록센서스),(新)주택보급률,2013,2026-01-02,Ulsan,울산,천호천가구％,Household,116
구분,426.2,13102871096A.0010,A,13103871096T5,DT_MLTM_2100,주택수(다가구 구분거처 반영),(新)주택보급률,2013,2026-01-02,Ulsan,울산,천호천가구％,,116
구분,105.4,13102871096A.0010,A,13103871096T6,DT_MLTM_2100,보급률(다가구 구분거처 반영),(新)주택보급률,2013,2026-01-02,Ulsan,울산,천호천가구％,,116
구분,4198.5,13102871096A.0011,A,13103871096T4,DT_MLTM_2100,가구수(등록센서스),(新)주택보급률,2013,2026-01-02,Gyeonggi-do,경기,천호천가구％,Household,116
구분,4118.7,13102871096A.0011,A,13103871096T5,DT_MLTM_2100,주택수(다가구 구분거처 반영),(新)주택보급률,2013,2026-01-02,Gyeonggi-do,경기,천호천가구％,,116
구분,98.1,13102871096A.0011,A,13103871096T6,DT_MLTM_2100,보급률(다가구 구분거처 반영),(新)주택보급률,2013,2026-01-02,Gyeonggi-do,경기,천호천가구％,,116
구분,0,13102871096A.0012,A,13103871096T4,DT_MLTM_2100,가구수(등록센서스),(新)주택보급률,2013,2026-01-02,,세종,천호천가구％,Household,116
구분,0,13102871096A.0012,A,13103871096T5,DT_MLTM_2100,주택수(다가구 구분거처 반영),(新)주택보급률,2013,2026-01-02,,세종,천호천가구％,,116
구분,0,13102871096A.0012,A,13103871096T6,DT_MLTM_2100,보급률(다가구 구분거처 반영),(新)주택보급률,2013,2026-01-02,,세종,천호천가구％,,116
구분,587.1,13102871096A.0013,A,13103871096T4,DT_MLTM_2100,가구수(등록센서스),(新)주택보급률,2013,2026-01-02,,강원,천호천가구％,Household,116
구분,623.8,13102871096A.0013,A,13103871096T5,DT_MLTM_2100,주택수(다가구 구분거처 반영),(新)주택보급률,2013,2026-01-02,,강원,천호천가구％,,116
구분,106.3,13102871096A.0013,A,13103871096T6,DT_MLTM_2100,보급률(다가구 구분거처 반영),(新)주택보급률,2013,2026-01-02,,강원,천호천가구％,,116
구분,584,13102871096A.0014,A,13103871096T4,DT_MLTM_2100,가구수(등록센서스),(新)주택보급률,2013,2026-01-02,Chungcheongbuk-do,충북,천호천가구％,Household,116
구분,635.3,13102871096A.0014,A,13103871096T5,DT_MLTM_2100,주택수(다가구 구분거처 반영),(新)주택보급률,2013,2026-01-02,Chungcheongbuk-do,충북,천호천가구％,,116
구분,108.8,13102871096A.0014,A,13103871096T6,DT_MLTM_2100,보급률(다가구 구분거처 반영),(新)주택보급률,2013,2026-01-02,Chungcheongbuk-do,충북,천호천가구％,,116
구분,820.4,13102871096A.0015,A,13103871096T4,DT_MLTM_2100,가구수(등록센서스),(新)주택보급률,2013,2026-01-02,Chungcheongnam-do,충남,천호천가구％,Household,116
구분,868,13102871096A.0015,A,13103871096T5,DT_MLTM_2100,주택수(다가구 구분거처 반영),(新)주택보급률,2013,2026-01-02,Chungcheongnam-do,충남,천호천가구％,,116
구분,105.8,13102871096A.0015,A,13103871096T6,DT_MLTM_2100,보급률(다가구 구분거처 반영),(新)주택보급률,2013,2026-01-02,Chungcheongnam-do,충남,천호천가구％,,116
구분,696.8,13102871096A.0016,A,13103871096T4,DT_MLTM_2100,가구수(등록센서스),(新)주택보급률,2013,2026-01-02,Jeollabuk-do,전북,천호천가구％,Household,116
구분,744.5,13102871096A.0016,A,13103871096T5,DT_MLTM_2100,주택수(다가구 구분거처 반영),(新)주택보급률,2013,2026-01-02,Jeollabuk-do,전북,천호천가구％,,116
구분,106.9,13102871096A.0016,A,13103871096T6,DT_MLTM_2100,보급률(다가구 구분거처 반영),(新)주택보급률,2013,2026-01-02,Jeollabuk-do,전북,천호천가구％,,116
구분,703.9,13102871096A.0017,A,13103871096T4,DT_MLTM_2100,가구수(등록센서스),(新)주택보급률,2013,2026-01-02,Jeollanam-do,전남,천호천가구％,Household,116
구분,763.4,13102871096A.0017,A,13103871096T5,DT_MLTM_2100,주택수(다가구 구분거처 반영),(新)주택보급률,2013,2026-01-02,Jeollanam-do,전남,천호천가구％,,116
구분,108.5,13102871096A.0017,A,13103871096T6,DT_MLTM_2100,보급률(다가구 구분거처 반영),(新)주택보급률,2013,2026-01-02,Jeollanam-do,전남,천호천가구％,,116
구분,1035.2,13102871096A.0018,A,13103871096T4,DT_MLTM_2100,가구수(등록센서스),(新)주택보급률,2013,2026-01-02,Gyeongsangbuk-do,경북,천호천가구％,Household,116
구분,1140.8,13102871096A.0018,A,13103871096T5,DT_MLTM_2100,주택수(다가구 구분거처 반영),(新)주택보급률,2013,2026-01-02,Gyeongsangbuk-do,경북,천호천가구％,,116
구분,110.2,13102871096A.0018,A,13103871096T6,DT_MLTM_2100,보급률(다가구 구분거처 반영),(新)주택보급률,2013,2026-01-02,Gyeongsangbuk-do,경북,천호천가구％,,116
구분,1215.8,13102871096A.0019,A,13103871096T4,DT_MLTM_2100,가구수(등록센서스),(新)주택보급률,2013,2026-01-02,Gyeongsangnam-do,경남,천호천가구％,Household,116
구분,1276.8,13102871096A.0019,A,13103871096T5,DT_MLTM_2100,주택수(다가구 구분거처 반영),(新)주택보급률,2013,2026-01-02,Gyeongsangnam-do,경남,천호천가구％,,116
구분,105,13102871096A.0019,A,13103871096T6,DT_MLTM_2100,보급률(다가구 구분거처 반영),(新)주택보급률,2013,2026-01-02,Gyeongsangnam-do,경남,천호천가구％,,116
구분,207.2,13102871096A.0020,A,13103871096T4,DT_MLTM_2100,가구수(등록센서스),(新)주택보급률,2013,2026-01-02,Jeju,제주,천호천가구％,Household,116
구분,203.8,13102871096A.0020,A,13103871096T5,DT_MLTM_2100,주택수(다가구 구분거처 반영),(新)주택보급률,2013,2026-01-02,Jeju,제주,천호천가구％,,116
구분,98.4,13102871096A.0020,A,13103871096T6,DT_MLTM_2100,보급률(다가구 구분거처 반영),(新)주택보급률,2013,2026-01-02,Jeju,제주,천호천가구％,,116
구분,18800,13102871096A.0001,A,13103871096T4,DT_MLTM_2100,가구수(등록센서스),(新)주택보급률,2014,2026-01-02,Whole country,전국,천호천가구％,Household,116
구분,19161.2,13102871096A.0001,A,13103871096T5,DT_MLTM_2100,주택수(다가구 구분거처 반영),(新)주택보급률,2014,2026-01-02,Whole country,전국,천호천가구％,,116
구분,101.9,13102871096A.0001,A,13103871096T6,DT_MLTM_2100,보급률(다가구 구분거처 반영),(新)주택보급률,2014,2026-01-02,Whole country,전국,천호천가구％,,116
구분,9068,13102871096A.0002,A,13103871096T4,DT_MLTM_2100,가구수(등록센서스),(新)주택보급률,2014,2026-01-02,Capital Area,수도권,천호천가구％,Household,116
구분,8861.7,13102871096A.0002,A,13103871096T5,DT_MLTM_2100,주택수(다가구 구분거처 반영),(新)주택보급률,2014,2026-01-02,Capital Area,수도권,천호천가구％,,116
구분,97.7,13102871096A.0002,A,13103871096T6,DT_MLTM_2100,보급률(다가구 구분거처 반영),(新)주택보급률,2014,2026-01-02,Capital Area,수도권,천호천가구％,,116
구분,9732,13102871096A.0003,A,13103871096T4,DT_MLTM_2100,가구수(등록센서스),(新)주택보급률,2014,2026-01-02,Other Region,지방,천호천가구％,Household,116
구분,10299.5,13102871096A.0003,A,13103871096T5,DT_MLTM_2100,주택수(다가구 구분거처 반영),(新)주택보급률,2014,2026-01-02,Other Region,지방,천호천가구％,,116
구분,105.8,13102871096A.0003,A,13103871096T6,DT_MLTM_2100,보급률(다가구 구분거처 반영),(新)주택보급률,2014,2026-01-02,Other Region,지방,천호천가구％,,116
구분,3756.2,13102871096A.0004,A,13103871096T4,DT_MLTM_2100,가구수(등록센서스),(新)주택보급률,2014,2026-01-02,Seoul,서울,천호천가구％,Household,116
구분,3607.6,13102871096A.0004,A,13103871096T5,DT_MLTM_2100,주택수(다가구 구분거처 반영),(新)주택보급률,2014,2026-01-02,Seoul,서울,천호천가구％,,116
구분,96,13102871096A.0004,A,13103871096T6,DT_MLTM_2100,보급률(다가구 구분거처 반영),(新)주택보급률,2014,2026-01-02,Seoul,서울,천호천가구％,,116
구분,1318.1,13102871096A.0005,A,13103871096T4,DT_MLTM_2100,가구수(등록센서스),(新)주택보급률,2014,2026-01-02,Busan,부산,천호천가구％,Household,116
구분,1351.8,13102871096A.0005,A,13103871096T5,DT_MLTM_2100,주택수(다가구 구분거처 반영),(新)주택보급률,2014,2026-01-02,Busan,부산,천호천가구％,,116
구분,102.6,13102871096A.0005,A,13103871096T6,DT_MLTM_2100,보급률(다가구 구분거처 반영),(新)주택보급률,2014,2026-01-02,Busan,부산,천호천가구％,,116
구분,917,13102871096A.0006,A,13103871096T4,DT_MLTM_2100,가구수(등록센서스),(新)주택보급률,2014,2026-01-02,Daegu,대구,천호천가구％,Household,116
구분,921.6,13102871096A.0006,A,13103871096T5,DT_MLTM_2100,주택수(다가구 구분거처 반영),(新)주택보급률,2014,2026-01-02,Daegu,대구,천호천가구％,,116
구분,100.5,13102871096A.0006,A,13103871096T6,DT_MLTM_2100,보급률(다가구 구분거처 반영),(新)주택보급률,2014,2026-01-02,Daegu,대구,천호천가구％,,116
구분,1021.9,13102871096A.0007,A,13103871096T4,DT_MLTM_2100,가구수(등록센서스),(新)주택보급률,2014,2026-01-02,Incheon,인천,천호천가구％,Household,116
구분,1035.2,13102871096A.0007,A,13103871096T5,DT_MLTM_2100,주택수(다가구 구분거처 반영),(新)주택보급률,2014,2026-01-02,Incheon,인천,천호천가구％,,116
구분,101.3,13102871096A.0007,A,13103871096T6,DT_MLTM_2100,보급률(다가구 구분거처 반영),(新)주택보급률,2014,2026-01-02,Incheon,인천,천호천가구％,,116
구분,557.8,13102871096A.0008,A,13103871096T4,DT_MLTM_2100,가구수(등록센서스),(新)주택보급률,2014,2026-01-02,Gwangju,광주,천호천가구％,Household,116
구분,579.5,13102871096A.0008,A,13103871096T5,DT_MLTM_2100,주택수(다가구 구분거처 반영),(新)주택보급률,2014,2026-01-02,Gwangju,광주,천호천가구％,,116
구분,103.9,13102871096A.0008,A,13103871096T6,DT_MLTM_2100,보급률(다가구 구분거처 반영),(新)주택보급률,2014,2026-01-02,Gwangju,광주,천호천가구％,,116
구분,572.8,13102871096A.0009,A,13103871096T4,DT_MLTM_2100,가구수(등록센서스),(新)주택보급률,2014,2026-01-02,Daejeon,대전,천호천가구％,Household,116
구분,587.6,13102871096A.0009,A,13103871096T5,DT_MLTM_2100,주택수(다가구 구분거처 반영),(新)주택보급률,2014,2026-01-02,Daejeon,대전,천호천가구％,,116
구분,102.6,13102871096A.0009,A,13103871096T6,DT_MLTM_2100,보급률(다가구 구분거처 반영),(新)주택보급률,2014,2026-01-02,Daejeon,대전,천호천가구％,,116
구분,413.8,13102871096A.0010,A,13103871096T4,DT_MLTM_2100,가구수(등록센서스),(新)주택보급률,2014,2026-01-02,Ulsan,울산,천호천가구％,Household,116
구분,440,13102871096A.0010,A,13103871096T5,DT_MLTM_2100,주택수(다가구 구분거처 반영),(新)주택보급률,2014,2026-01-02,Ulsan,울산,천호천가구％,,116
구분,106.3,13102871096A.0010,A,13103871096T6,DT_MLTM_2100,보급률(다가구 구분거처 반영),(新)주택보급률,2014,2026-01-02,Ulsan,울산,천호천가구％,,116
구분,4289.9,13102871096A.0011,A,13103871096T4,DT_MLTM_2100,가구수(등록센서스),(新)주택보급률,2014,2026-01-02,Gyeonggi-do,경기,천호천가구％,Household,116
구분,4218.9,13102871096A.0011,A,13103871096T5,DT_MLTM_2100,주택수(다가구 구분거처 반영),(新)주택보급률,2014,2026-01-02,Gyeonggi-do,경기,천호천가구％,,116
구분,98.3,13102871096A.0011,A,13103871096T6,DT_MLTM_2100,보급률(다가구 구분거처 반영),(新)주택보급률,2014,2026-01-02,Gyeonggi-do,경기,천호천가구％,,116
구분,0,13102871096A.0012,A,13103871096T4,DT_MLTM_2100,가구수(등록센서스),(新)주택보급률,2014,2026-01-02,,세종,천호천가구％,Household,116
구분,0,13102871096A.0012,A,13103871096T5,DT_MLTM_2100,주택수(다가구 구분거처 반영),(新)주택보급률,2014,2026-01-02,,세종,천호천가구％,,116
구분,0,13102871096A.0012,A,13103871096T6,DT_MLTM_2100,보급률(다가구 구분거처 반영),(新)주택보급률,2014,2026-01-02,,세종,천호천가구％,,116
구분,596.5,13102871096A.0013,A,13103871096T4,DT_MLTM_2100,가구수(등록센서스),(新)주택보급률,2014,2026-01-02,,강원,천호천가구％,Household,116
구분,632.4,13102871096A.0013,A,13103871096T5,DT_MLTM_2100,주택수(다가구 구분거처 반영),(新)주택보급률,2014,2026-01-02,,강원,천호천가구％,,116
구분,106,13102871096A.0013,A,13103871096T6,DT_MLTM_2100,보급률(다가구 구분거처 반영),(新)주택보급률,2014,2026-01-02,,강원,천호천가구％,,116
구분,592.8,13102871096A.0014,A,13103871096T4,DT_MLTM_2100,가구수(등록센서스),(新)주택보급률,2014,2026-01-02,Chungcheongbuk-do,충북,천호천가구％,Household,116
구분,649.1,13102871096A.0014,A,13103871096T5,DT_MLTM_2100,주택수(다가구 구분거처 반영),(新)주택보급률,2014,2026-01-02,Chungcheongbuk-do,충북,천호천가구％,,116
구분,109.5,13102871096A.0014,A,13103871096T6,DT_MLTM_2100,보급률(다가구 구분거처 반영),(新)주택보급률,2014,2026-01-02,Chungcheongbuk-do,충북,천호천가구％,,116
구분,844.7,13102871096A.0015,A,13103871096T4,DT_MLTM_2100,가구수(등록센서스),(新)주택보급률,2014,2026-01-02,Chungcheongnam-do,충남,천호천가구％,Household,116
구분,911.5,13102871096A.0015,A,13103871096T5,DT_MLTM_2100,주택수(다가구 구분거처 반영),(新)주택보급률,2014,2026-01-02,Chungcheongnam-do,충남,천호천가구％,,116
구분,107.9,13102871096A.0015,A,13103871096T6,DT_MLTM_2100,보급률(다가구 구분거처 반영),(新)주택보급률,2014,2026-01-02,Chungcheongnam-do,충남,천호천가구％,,116
구분,707,13102871096A.0016,A,13103871096T4,DT_MLTM_2100,가구수(등록센서스),(新)주택보급률,2014,2026-01-02,Jeollabuk-do,전북,천호천가구％,Household,116
구분,760.1,13102871096A.0016,A,13103871096T5,DT_MLTM_2100,주택수(다가구 구분거처 반영),(新)주택보급률,2014,2026-01-02,Jeollabuk-do,전북,천호천가구％,,116
구분,107.5,13102871096A.0016,A,13103871096T6,DT_MLTM_2100,보급률(다가구 구분거처 반영),(新)주택보급률,2014,2026-01-02,Jeollabuk-do,전북,천호천가구％,,116
구분,712.2,13102871096A.0017,A,13103871096T4,DT_MLTM_2100,가구수(등록센서스),(新)주택보급률,2014,2026-01-02,Jeollanam-do,전남,천호천가구％,Household,116
구분,780.8,13102871096A.0017,A,13103871096T5,DT_MLTM_2100,주택수(다가구 구분거처 반영),(新)주택보급률,2014,2026-01-02,Jeollanam-do,전남,천호천가구％,,116
구분,109.6,13102871096A.0017,A,13103871096T6,DT_MLTM_2100,보급률(다가구 구분거처 반영),(新)주택보급률,2014,2026-01-02,Jeollanam-do,전남,천호천가구％,,116
구분,1048.8,13102871096A.0018,A,13103871096T4,DT_MLTM_2100,가구수(등록센서스),(新)주택보급률,2014,2026-01-02,Gyeongsangbuk-do,경북,천호천가구％,Household,116
구분,1166,13102871096A.0018,A,13103871096T5,DT_MLTM_2100,주택수(다가구 구분거처 반영),(新)주택보급률,2014,2026-01-02,Gyeongsangbuk-do,경북,천호천가구％,,116
구분,111.2,13102871096A.0018,A,13103871096T6,DT_MLTM_2100,보급률(다가구 구분거처 반영),(新)주택보급률,2014,2026-01-02,Gyeongsangbuk-do,경북,천호천가구％,,116
구분,1236.9,13102871096A.0019,A,13103871096T4,DT_MLTM_2100,가구수(등록센서스),(新)주택보급률,2014,2026-01-02,Gyeongsangnam-do,경남,천호천가구％,Household,116
구분,1308.2,13102871096A.0019,A,13103871096T5,DT_MLTM_2100,주택수(다가구 구분거처 반영),(新)주택보급률,2014,2026-01-02,Gyeongsangnam-do,경남,천호천가구％,,116
구분,105.8,13102871096A.0019,A,13103871096T6,DT_MLTM_2100,보급률(다가구 구분거처 반영),(新)주택보급률,2014,2026-01-02,Gyeongsangnam-do,경남,천호천가구％,,116
구분,213.7,13102871096A.0020,A,13103871096T4,DT_MLTM_2100,가구수(등록센서스),(新)주택보급률,2014,2026-01-02,Jeju,제주,천호천가구％,Household,116
구분,211,13102871096A.0020,A,13103871096T5,DT_MLTM_2100,주택수(다가구 구분거처 반영),(新)주택보급률,2014,2026-01-02,Jeju,제주,천호천가구％,,116
구분,98.7,13102871096A.0020,A,13103871096T6,DT_MLTM_2100,보급률(다가구 구분거처 반영),(新)주택보급률,2014,2026-01-02,Jeju,제주,천호천가구％,,116
구분,19111,13102871096A.0001,A,13103871096T4,DT_MLTM_2100,가구수(등록센서스),(新)주택보급률,2015,2026-01-02,Whole country,전국,천호천가구％,Household,116
구분,19559.1,13102871096A.0001,A,13103871096T5,DT_MLTM_2100,주택수(다가구 구분거처 반영),(新)주택보급률,2015,2026-01-02,Whole country,전국,천호천가구％,,116
구분,102.3,13102871096A.0001,A,13103871096T6,DT_MLTM_2100,보급률(다가구 구분거처 반영),(新)주택보급률,2015,2026-01-02,Whole country,전국,천호천가구％,,116
구분,9214.6,13102871096A.0002,A,13103871096T4,DT_MLTM_2100,가구수(등록센서스),(新)주택보급률,2015,2026-01-02,Capital Area,수도권,천호천가구％,Household,116
구분,9016.8,13102871096A.0002,A,13103871096T5,DT_MLTM_2100,주택수(다가구 구분거처 반영),(新)주택보급률,2015,2026-01-02,Capital Area,수도권,천호천가구％,,116
구분,97.9,13102871096A.0002,A,13103871096T6,DT_MLTM_2100,보급률(다가구 구분거처 반영),(新)주택보급률,2015,2026-01-02,Capital Area,수도권,천호천가구％,,116
구분,9896.4,13102871096A.0003,A,13103871096T4,DT_MLTM_2100,가구수(등록센서스),(新)주택보급률,2015,2026-01-02,Other Region,지방,천호천가구％,Household,116
구분,10542.3,13102871096A.0003,A,13103871096T5,DT_MLTM_2100,주택수(다가구 구분거처 반영),(新)주택보급률,2015,2026-01-02,Other Region,지방,천호천가구％,,116
구분,106.5,13102871096A.0003,A,13103871096T6,DT_MLTM_2100,보급률(다가구 구분거처 반영),(新)주택보급률,2015,2026-01-02,Other Region,지방,천호천가구％,,116
구분,3784.5,13102871096A.0004,A,13103871096T4,DT_MLTM_2100,가구수(등록센서스),(新)주택보급률,2015,2026-01-02,Seoul,서울,천호천가구％,Household,116
구분,3633,13102871096A.0004,A,13103871096T5,DT_MLTM_2100,주택수(다가구 구분거처 반영),(新)주택보급률,2015,2026-01-02,Seoul,서울,천호천가구％,,116
구분,96,13102871096A.0004,A,13103871096T6,DT_MLTM_2100,보급률(다가구 구분거처 반영),(新)주택보급률,2015,2026-01-02,Seoul,서울,천호천가구％,,116
구분,1335.9,13102871096A.0005,A,13103871096T4,DT_MLTM_2100,가구수(등록센서스),(新)주택보급률,2015,2026-01-02,Busan,부산,천호천가구％,Household,116
구분,1370.2,13102871096A.0005,A,13103871096T5,DT_MLTM_2100,주택수(다가구 구분거처 반영),(新)주택보급률,2015,2026-01-02,Busan,부산,천호천가구％,,116
구분,102.6,13102871096A.0005,A,13103871096T6,DT_MLTM_2100,보급률(다가구 구분거처 반영),(新)주택보급률,2015,2026-01-02,Busan,부산,천호천가구％,,116
구분,928.5,13102871096A.0006,A,13103871096T4,DT_MLTM_2100,가구수(등록센서스),(新)주택보급률,2015,2026-01-02,Daegu,대구,천호천가구％,Household,116
구분,943.4,13102871096A.0006,A,13103871096T5,DT_MLTM_2100,주택수(다가구 구분거처 반영),(新)주택보급률,2015,2026-01-02,Daegu,대구,천호천가구％,,116
구분,101.6,13102871096A.0006,A,13103871096T6,DT_MLTM_2100,보급률(다가구 구분거처 반영),(新)주택보급률,2015,2026-01-02,Daegu,대구,천호천가구％,,116
구분,1045.4,13102871096A.0007,A,13103871096T4,DT_MLTM_2100,가구수(등록센서스),(新)주택보급률,2015,2026-01-02,Incheon,인천,천호천가구％,Household,116
구분,1055.4,13102871096A.0007,A,13103871096T5,DT_MLTM_2100,주택수(다가구 구분거처 반영),(新)주택보급률,2015,2026-01-02,Incheon,인천,천호천가구％,,116
구분,101,13102871096A.0007,A,13103871096T6,DT_MLTM_2100,보급률(다가구 구분거처 반영),(新)주택보급률,2015,2026-01-02,Incheon,인천,천호천가구％,,116
구분,567.2,13102871096A.0008,A,13103871096T4,DT_MLTM_2100,가구수(등록센서스),(新)주택보급률,2015,2026-01-02,Gwangju,광주,천호천가구％,Household,116
구분,586.8,13102871096A.0008,A,13103871096T5,DT_MLTM_2100,주택수(다가구 구분거처 반영),(新)주택보급률,2015,2026-01-02,Gwangju,광주,천호천가구％,,116
구분,103.5,13102871096A.0008,A,13103871096T6,DT_MLTM_2100,보급률(다가구 구분거처 반영),(新)주택보급률,2015,2026-01-02,Gwangju,광주,천호천가구％,,116
구분,582.5,13102871096A.0009,A,13103871096T4,DT_MLTM_2100,가구수(등록센서스),(新)주택보급률,2015,2026-01-02,Daejeon,대전,천호천가구％,Household,116
구분,595.2,13102871096A.0009,A,13103871096T5,DT_MLTM_2100,주택수(다가구 구분거처 반영),(新)주택보급률,2015,2026-01-02,Daejeon,대전,천호천가구％,,116
구분,102.2,13102871096A.0009,A,13103871096T6,DT_MLTM_2100,보급률(다가구 구분거처 반영),(新)주택보급률,2015,2026-01-02,Daejeon,대전,천호천가구％,,116
구분,423.4,13102871096A.0010,A,13103871096T4,DT_MLTM_2100,가구수(등록센서스),(新)주택보급률,2015,2026-01-02,Ulsan,울산,천호천가구％,Household,116
구분,452.6,13102871096A.0010,A,13103871096T5,DT_MLTM_2100,주택수(다가구 구분거처 반영),(新)주택보급률,2015,2026-01-02,Ulsan,울산,천호천가구％,,116
구분,106.9,13102871096A.0010,A,13103871096T6,DT_MLTM_2100,보급률(다가구 구분거처 반영),(新)주택보급률,2015,2026-01-02,Ulsan,울산,천호천가구％,,116
구분,4384.7,13102871096A.0011,A,13103871096T4,DT_MLTM_2100,가구수(등록센서스),(新)주택보급률,2015,2026-01-02,Gyeonggi-do,경기,천호천가구％,Household,116
구분,4328.5,13102871096A.0011,A,13103871096T5,DT_MLTM_2100,주택수(다가구 구분거처 반영),(新)주택보급률,2015,2026-01-02,Gyeonggi-do,경기,천호천가구％,,116
구분,98.7,13102871096A.0011,A,13103871096T6,DT_MLTM_2100,보급률(다가구 구분거처 반영),(新)주택보급률,2015,2026-01-02,Gyeonggi-do,경기,천호천가구％,,116
구분,75.2,13102871096A.0012,A,13103871096T4,DT_MLTM_2100,가구수(등록센서스),(新)주택보급률,2015,2026-01-02,,세종,천호천가구％,Household,116
구분,92.6,13102871096A.0012,A,13103871096T5,DT_MLTM_2100,주택수(다가구 구분거처 반영),(新)주택보급률,2015,2026-01-02,,세종,천호천가구％,,116
구분,123.1,13102871096A.0012,A,13103871096T6,DT_MLTM_2100,보급률(다가구 구분거처 반영),(新)주택보급률,2015,2026-01-02,,세종,천호천가구％,,116
구분,606.1,13102871096A.0013,A,13103871096T4,DT_MLTM_2100,가구수(등록센서스),(新)주택보급률,2015,2026-01-02,,강원,천호천가구％,Household,116
구분,646.9,13102871096A.0013,A,13103871096T5,DT_MLTM_2100,주택수(다가구 구분거처 반영),(新)주택보급률,2015,2026-01-02,,강원,천호천가구％,,116
구분,106.7,13102871096A.0013,A,13103871096T6,DT_MLTM_2100,보급률(다가구 구분거처 반영),(新)주택보급률,2015,2026-01-02,,강원,천호천가구％,,116
구분,601.9,13102871096A.0014,A,13103871096T4,DT_MLTM_2100,가구수(등록센서스),(新)주택보급률,2015,2026-01-02,Chungcheongbuk-do,충북,천호천가구％,Household,116
구분,669.4,13102871096A.0014,A,13103871096T5,DT_MLTM_2100,주택수(다가구 구분거처 반영),(新)주택보급률,2015,2026-01-02,Chungcheongbuk-do,충북,천호천가구％,,116
구분,111.2,13102871096A.0014,A,13103871096T6,DT_MLTM_2100,보급률(다가구 구분거처 반영),(新)주택보급률,2015,2026-01-02,Chungcheongbuk-do,충북,천호천가구％,,116
구분,796.2,13102871096A.0015,A,13103871096T4,DT_MLTM_2100,가구수(등록센서스),(新)주택보급률,2015,2026-01-02,Chungcheongnam-do,충남,천호천가구％,Household,116
구분,862.5,13102871096A.0015,A,13103871096T5,DT_MLTM_2100,주택수(다가구 구분거처 반영),(新)주택보급률,2015,2026-01-02,Chungcheongnam-do,충남,천호천가구％,,116
구분,108.3,13102871096A.0015,A,13103871096T6,DT_MLTM_2100,보급률(다가구 구분거처 반영),(新)주택보급률,2015,2026-01-02,Chungcheongnam-do,충남,천호천가구％,,116
구분,717.3,13102871096A.0016,A,13103871096T4,DT_MLTM_2100,가구수(등록센서스),(新)주택보급률,2015,2026-01-02,Jeollabuk-do,전북,천호천가구％,Household,116
구분,770.9,13102871096A.0016,A,13103871096T5,DT_MLTM_2100,주택수(다가구 구분거처 반영),(新)주택보급률,2015,2026-01-02,Jeollabuk-do,전북,천호천가구％,,116
구분,107.5,13102871096A.0016,A,13103871096T6,DT_MLTM_2100,보급률(다가구 구분거처 반영),(新)주택보급률,2015,2026-01-02,Jeollabuk-do,전북,천호천가구％,,116
구분,720.6,13102871096A.0017,A,13103871096T4,DT_MLTM_2100,가구수(등록센서스),(新)주택보급률,2015,2026-01-02,Jeollanam-do,전남,천호천가구％,Household,116
구분,795.9,13102871096A.0017,A,13103871096T5,DT_MLTM_2100,주택수(다가구 구분거처 반영),(新)주택보급률,2015,2026-01-02,Jeollanam-do,전남,천호천가구％,,116
구분,110.4,13102871096A.0017,A,13103871096T6,DT_MLTM_2100,보급률(다가구 구분거처 반영),(新)주택보급률,2015,2026-01-02,Jeollanam-do,전남,천호천가구％,,116
구분,1062.7,13102871096A.0018,A,13103871096T4,DT_MLTM_2100,가구수(등록센서스),(新)주택보급률,2015,2026-01-02,Gyeongsangbuk-do,경북,천호천가구％,Household,116
구분,1195.5,13102871096A.0018,A,13103871096T5,DT_MLTM_2100,주택수(다가구 구분거처 반영),(新)주택보급률,2015,2026-01-02,Gyeongsangbuk-do,경북,천호천가구％,,116
구분,112.5,13102871096A.0018,A,13103871096T6,DT_MLTM_2100,보급률(다가구 구분거처 반영),(新)주택보급률,2015,2026-01-02,Gyeongsangbuk-do,경북,천호천가구％,,116
구분,1258.5,13102871096A.0019,A,13103871096T4,DT_MLTM_2100,가구수(등록센서스),(新)주택보급률,2015,2026-01-02,Gyeongsangnam-do,경남,천호천가구％,Household,116
구분,1338.5,13102871096A.0019,A,13103871096T5,DT_MLTM_2100,주택수(다가구 구분거처 반영),(新)주택보급률,2015,2026-01-02,Gyeongsangnam-do,경남,천호천가구％,,116
구분,106.4,13102871096A.0019,A,13103871096T6,DT_MLTM_2100,보급률(다가구 구분거처 반영),(新)주택보급률,2015,2026-01-02,Gyeongsangnam-do,경남,천호천가구％,,116
구분,220.4,13102871096A.0020,A,13103871096T4,DT_MLTM_2100,가구수(등록센서스),(新)주택보급률,2015,2026-01-02,Jeju,제주,천호천가구％,Household,116
구분,221.9,13102871096A.0020,A,13103871096T5,DT_MLTM_2100,주택수(다가구 구분거처 반영),(新)주택보급률,2015,2026-01-02,Jeju,제주,천호천가구％,,116
구분,100.7,13102871096A.0020,A,13103871096T6,DT_MLTM_2100,보급률(다가구 구분거처 반영),(新)주택보급률,2015,2026-01-02,Jeju,제주,천호천가구％,,116
구분,19367.7,13102871096A.0001,A,13103871096T4,DT_MLTM_2100,가구수(등록센서스),(新)주택보급률,2016,2026-01-02,Whole country,전국,천호천가구％,Household,116
구분,19877.1,13102871096A.0001,A,13103871096T5,DT_MLTM_2100,주택수(다가구 구분거처 반영),(新)주택보급률,2016,2026-01-02,Whole country,전국,천호천가구％,,116
구분,102.6,13102871096A.0001,A,13103871096T6,DT_MLTM_2100,보급률(다가구 구분거처 반영),(新)주택보급률,2016,2026-01-02,Whole country,전국,천호천가구％,,116
구분,9332,13102871096A.0002,A,13103871096T4,DT_MLTM_2100,가구수(등록센서스),(新)주택보급률,2016,2026-01-02,Capital Area,수도권,천호천가구％,Household,116
구분,9161.4,13102871096A.0002,A,13103871096T5,DT_MLTM_2100,주택수(다가구 구분거처 반영),(新)주택보급률,2016,2026-01-02,Capital Area,수도권,천호천가구％,,116
구분,98.2,13102871096A.0002,A,13103871096T6,DT_MLTM_2100,보급률(다가구 구분거처 반영),(新)주택보급률,2016,2026-01-02,Capital Area,수도권,천호천가구％,,116
구분,10035.7,13102871096A.0003,A,13103871096T4,DT_MLTM_2100,가구수(등록센서스),(新)주택보급률,2016,2026-01-02,Other Region,지방,천호천가구％,Household,116
구분,10715.7,13102871096A.0003,A,13103871096T5,DT_MLTM_2100,주택수(다가구 구분거처 반영),(新)주택보급률,2016,2026-01-02,Other Region,지방,천호천가구％,,116
구분,106.8,13102871096A.0003,A,13103871096T6,DT_MLTM_2100,보급률(다가구 구분거처 반영),(新)주택보급률,2016,2026-01-02,Other Region,지방,천호천가구％,,116
구분,3784.7,13102871096A.0004,A,13103871096T4,DT_MLTM_2100,가구수(등록센서스),(新)주택보급률,2016,2026-01-02,Seoul,서울,천호천가구％,Household,116
구분,3644.1,13102871096A.0004,A,13103871096T5,DT_MLTM_2100,주택수(다가구 구분거처 반영),(新)주택보급률,2016,2026-01-02,Seoul,서울,천호천가구％,,116
구분,96.3,13102871096A.0004,A,13103871096T6,DT_MLTM_2100,보급률(다가구 구분거처 반영),(新)주택보급률,2016,2026-01-02,Seoul,서울,천호천가구％,,116
구분,1344.2,13102871096A.0005,A,13103871096T4,DT_MLTM_2100,가구수(등록센서스),(新)주택보급률,2016,2026-01-02,Busan,부산,천호천가구％,Household,116
구분,1375.5,13102871096A.0005,A,13103871096T5,DT_MLTM_2100,주택수(다가구 구분거처 반영),(新)주택보급률,2016,2026-01-02,Busan,부산,천호천가구％,,116
구분,102.3,13102871096A.0005,A,13103871096T6,DT_MLTM_2100,보급률(다가구 구분거처 반영),(新)주택보급률,2016,2026-01-02,Busan,부산,천호천가구％,,116
구분,935.8,13102871096A.0006,A,13103871096T4,DT_MLTM_2100,가구수(등록센서스),(新)주택보급률,2016,2026-01-02,Daegu,대구,천호천가구％,Household,116
구분,966.2,13102871096A.0006,A,13103871096T5,DT_MLTM_2100,주택수(다가구 구분거처 반영),(新)주택보급률,2016,2026-01-02,Daegu,대구,천호천가구％,,116
구분,103.3,13102871096A.0006,A,13103871096T6,DT_MLTM_2100,보급률(다가구 구분거처 반영),(新)주택보급률,2016,2026-01-02,Daegu,대구,천호천가구％,,116
구분,1062.8,13102871096A.0007,A,13103871096T4,DT_MLTM_2100,가구수(등록센서스),(新)주택보급률,2016,2026-01-02,Incheon,인천,천호천가구％,Household,116
구분,1072.9,13102871096A.0007,A,13103871096T5,DT_MLTM_2100,주택수(다가구 구분거처 반영),(新)주택보급률,2016,2026-01-02,Incheon,인천,천호천가구％,,116
구분,100.9,13102871096A.0007,A,13103871096T6,DT_MLTM_2100,보급률(다가구 구분거처 반영),(新)주택보급률,2016,2026-01-02,Incheon,인천,천호천가구％,,116
구분,569.4,13102871096A.0008,A,13103871096T4,DT_MLTM_2100,가구수(등록센서스),(新)주택보급률,2016,2026-01-02,Gwangju,광주,천호천가구％,Household,116
구분,595,13102871096A.0008,A,13103871096T5,DT_MLTM_2100,주택수(다가구 구분거처 반영),(新)주택보급률,2016,2026-01-02,Gwangju,광주,천호천가구％,,116
구분,104.5,13102871096A.0008,A,13103871096T6,DT_MLTM_2100,보급률(다가구 구분거처 반영),(新)주택보급률,2016,2026-01-02,Gwangju,광주,천호천가구％,,116
구분,590.7,13102871096A.0009,A,13103871096T4,DT_MLTM_2100,가구수(등록센서스),(新)주택보급률,2016,2026-01-02,Daejeon,대전,천호천가구％,Household,116
구분,600.6,13102871096A.0009,A,13103871096T5,DT_MLTM_2100,주택수(다가구 구분거처 반영),(新)주택보급률,2016,2026-01-02,Daejeon,대전,천호천가구％,,116
구분,101.7,13102871096A.0009,A,13103871096T6,DT_MLTM_2100,보급률(다가구 구분거처 반영),(新)주택보급률,2016,2026-01-02,Daejeon,대전,천호천가구％,,116
구분,426,13102871096A.0010,A,13103871096T4,DT_MLTM_2100,가구수(등록센서스),(新)주택보급률,2016,2026-01-02,Ulsan,울산,천호천가구％,Household,116
구분,457,13102871096A.0010,A,13103871096T5,DT_MLTM_2100,주택수(다가구 구분거처 반영),(新)주택보급률,2016,2026-01-02,Ulsan,울산,천호천가구％,,116
구분,107.3,13102871096A.0010,A,13103871096T6,DT_MLTM_2100,보급률(다가구 구분거처 반영),(新)주택보급률,2016,2026-01-02,Ulsan,울산,천호천가구％,,116
구분,4484.4,13102871096A.0011,A,13103871096T4,DT_MLTM_2100,가구수(등록센서스),(新)주택보급률,2016,2026-01-02,Gyeonggi-do,경기,천호천가구％,Household,116
구분,4444.4,13102871096A.0011,A,13103871096T5,DT_MLTM_2100,주택수(다가구 구분거처 반영),(新)주택보급률,2016,2026-01-02,Gyeonggi-do,경기,천호천가구％,,116
구분,99.1,13102871096A.0011,A,13103871096T6,DT_MLTM_2100,보급률(다가구 구분거처 반영),(新)주택보급률,2016,2026-01-02,Gyeonggi-do,경기,천호천가구％,,116
구분,90.4,13102871096A.0012,A,13103871096T4,DT_MLTM_2100,가구수(등록센서스),(新)주택보급률,2016,2026-01-02,,세종,천호천가구％,Household,116
구분,98,13102871096A.0012,A,13103871096T5,DT_MLTM_2100,주택수(다가구 구분거처 반영),(新)주택보급률,2016,2026-01-02,,세종,천호천가구％,,116
구분,108.4,13102871096A.0012,A,13103871096T6,DT_MLTM_2100,보급률(다가구 구분거처 반영),(新)주택보급률,2016,2026-01-02,,세종,천호천가구％,,116
구분,616.3,13102871096A.0013,A,13103871096T4,DT_MLTM_2100,가구수(등록센서스),(新)주택보급률,2016,2026-01-02,,강원,천호천가구％,Household,116
구분,655.7,13102871096A.0013,A,13103871096T5,DT_MLTM_2100,주택수(다가구 구분거처 반영),(新)주택보급률,2016,2026-01-02,,강원,천호천가구％,,116
구분,106.4,13102871096A.0013,A,13103871096T6,DT_MLTM_2100,보급률(다가구 구분거처 반영),(新)주택보급률,2016,2026-01-02,,강원,천호천가구％,,116
구분,617.9,13102871096A.0014,A,13103871096T4,DT_MLTM_2100,가구수(등록센서스),(新)주택보급률,2016,2026-01-02,Chungcheongbuk-do,충북,천호천가구％,Household,116
구분,684.3,13102871096A.0014,A,13103871096T5,DT_MLTM_2100,주택수(다가구 구분거처 반영),(新)주택보급률,2016,2026-01-02,Chungcheongbuk-do,충북,천호천가구％,,116
구분,110.7,13102871096A.0014,A,13103871096T6,DT_MLTM_2100,보급률(다가구 구분거처 반영),(新)주택보급률,2016,2026-01-02,Chungcheongbuk-do,충북,천호천가구％,,116
구분,813.7,13102871096A.0015,A,13103871096T4,DT_MLTM_2100,가구수(등록센서스),(新)주택보급률,2016,2026-01-02,Chungcheongnam-do,충남,천호천가구％,Household,116
구분,888.9,13102871096A.0015,A,13103871096T5,DT_MLTM_2100,주택수(다가구 구분거처 반영),(新)주택보급률,2016,2026-01-02,Chungcheongnam-do,충남,천호천가구％,,116
구분,109.2,13102871096A.0015,A,13103871096T6,DT_MLTM_2100,보급률(다가구 구분거처 반영),(新)주택보급률,2016,2026-01-02,Chungcheongnam-do,충남,천호천가구％,,116
구분,724.7,13102871096A.0016,A,13103871096T4,DT_MLTM_2100,가구수(등록센서스),(新)주택보급률,2016,2026-01-02,Jeollabuk-do,전북,천호천가구％,Household,116
구분,777.8,13102871096A.0016,A,13103871096T5,DT_MLTM_2100,주택수(다가구 구분거처 반영),(新)주택보급률,2016,2026-01-02,Jeollabuk-do,전북,천호천가구％,,116
구분,107.3,13102871096A.0016,A,13103871096T6,DT_MLTM_2100,보급률(다가구 구분거처 반영),(新)주택보급률,2016,2026-01-02,Jeollabuk-do,전북,천호천가구％,,116
구분,727.2,13102871096A.0017,A,13103871096T4,DT_MLTM_2100,가구수(등록센서스),(新)주택보급률,2016,2026-01-02,Jeollanam-do,전남,천호천가구％,Household,116
구분,805.1,13102871096A.0017,A,13103871096T5,DT_MLTM_2100,주택수(다가구 구분거처 반영),(新)주택보급률,2016,2026-01-02,Jeollanam-do,전남,천호천가구％,,116
구분,110.7,13102871096A.0017,A,13103871096T6,DT_MLTM_2100,보급률(다가구 구분거처 반영),(新)주택보급률,2016,2026-01-02,Jeollanam-do,전남,천호천가구％,,116
구분,1076.6,13102871096A.0018,A,13103871096T4,DT_MLTM_2100,가구수(등록센서스),(新)주택보급률,2016,2026-01-02,Gyeongsangbuk-do,경북,천호천가구％,Household,116
구분,1216.7,13102871096A.0018,A,13103871096T5,DT_MLTM_2100,주택수(다가구 구분거처 반영),(新)주택보급률,2016,2026-01-02,Gyeongsangbuk-do,경북,천호천가구％,,116
구분,113,13102871096A.0018,A,13103871096T6,DT_MLTM_2100,보급률(다가구 구분거처 반영),(新)주택보급률,2016,2026-01-02,Gyeongsangbuk-do,경북,천호천가구％,,116
구분,1273.5,13102871096A.0019,A,13103871096T4,DT_MLTM_2100,가구수(등록센서스),(新)주택보급률,2016,2026-01-02,Gyeongsangnam-do,경남,천호천가구％,Household,116
구분,1358.4,13102871096A.0019,A,13103871096T5,DT_MLTM_2100,주택수(다가구 구분거처 반영),(新)주택보급률,2016,2026-01-02,Gyeongsangnam-do,경남,천호천가구％,,116
구분,106.7,13102871096A.0019,A,13103871096T6,DT_MLTM_2100,보급률(다가구 구분거처 반영),(新)주택보급률,2016,2026-01-02,Gyeongsangnam-do,경남,천호천가구％,,116
구분,229.3,13102871096A.0020,A,13103871096T4,DT_MLTM_2100,가구수(등록센서스),(新)주택보급률,2016,2026-01-02,Jeju,제주,천호천가구％,Household,116
구분,236.4,13102871096A.0020,A,13103871096T5,DT_MLTM_2100,주택수(다가구 구분거처 반영),(新)주택보급률,2016,2026-01-02,Jeju,제주,천호천가구％,,116
구분,103.1,13102871096A.0020,A,13103871096T6,DT_MLTM_2100,보급률(다가구 구분거처 반영),(新)주택보급률,2016,2026-01-02,Jeju,제주,천호천가구％,,116
구분,19673.9,13102871096A.0001,A,13103871096T4,DT_MLTM_2100,가구수(등록센서스),(新)주택보급률,2017,2026-01-02,Whole country,전국,천호천가구％,Household,116
구분,20313.4,13102871096A.0001,A,13103871096T5,DT_MLTM_2100,주택수(다가구 구분거처 반영),(新)주택보급률,2017,2026-01-02,Whole country,전국,천호천가구％,,116
구분,103.3,13102871096A.0001,A,13103871096T6,DT_MLTM_2100,보급률(다가구 구분거처 반영),(新)주택보급률,2017,2026-01-02,Whole country,전국,천호천가구％,,116
구분,9496.5,13102871096A.0002,A,13103871096T4,DT_MLTM_2100,가구수(등록센서스),(新)주택보급률,2017,2026-01-02,Capital Area,수도권,천호천가구％,Household,116
구분,9335.5,13102871096A.0002,A,13103871096T5,DT_MLTM_2100,주택수(다가구 구분거처 반영),(新)주택보급률,2017,2026-01-02,Capital Area,수도권,천호천가구％,,116
구분,98.3,13102871096A.0002,A,13103871096T6,DT_MLTM_2100,보급률(다가구 구분거처 반영),(新)주택보급률,2017,2026-01-02,Capital Area,수도권,천호천가구％,,116
구분,10177.4,13102871096A.0003,A,13103871096T4,DT_MLTM_2100,가구수(등록센서스),(新)주택보급률,2017,2026-01-02,Other Region,지방,천호천가구％,Household,116
구분,10978,13102871096A.0003,A,13103871096T5,DT_MLTM_2100,주택수(다가구 구분거처 반영),(新)주택보급률,2017,2026-01-02,Other Region,지방,천호천가구％,,116
구분,107.9,13102871096A.0003,A,13103871096T6,DT_MLTM_2100,보급률(다가구 구분거처 반영),(新)주택보급률,2017,2026-01-02,Other Region,지방,천호천가구％,,116
구분,3813.3,13102871096A.0004,A,13103871096T4,DT_MLTM_2100,가구수(등록센서스),(新)주택보급률,2017,2026-01-02,Seoul,서울,천호천가구％,Household,116
구분,3671.5,13102871096A.0004,A,13103871096T5,DT_MLTM_2100,주택수(다가구 구분거처 반영),(新)주택보급률,2017,2026-01-02,Seoul,서울,천호천가구％,,116
구분,96.3,13102871096A.0004,A,13103871096T6,DT_MLTM_2100,보급률(다가구 구분거처 반영),(新)주택보급률,2017,2026-01-02,Seoul,서울,천호천가구％,,116
구분,1354.4,13102871096A.0005,A,13103871096T4,DT_MLTM_2100,가구수(등록센서스),(新)주택보급률,2017,2026-01-02,Busan,부산,천호천가구％,Household,116
구분,1396,13102871096A.0005,A,13103871096T5,DT_MLTM_2100,주택수(다가구 구분거처 반영),(新)주택보급률,2017,2026-01-02,Busan,부산,천호천가구％,,116
구분,103.1,13102871096A.0005,A,13103871096T6,DT_MLTM_2100,보급률(다가구 구분거처 반영),(新)주택보급률,2017,2026-01-02,Busan,부산,천호천가구％,,116
구분,948,13102871096A.0006,A,13103871096T4,DT_MLTM_2100,가구수(등록센서스),(新)주택보급률,2017,2026-01-02,Daegu,대구,천호천가구％,Household,116
구분,988.4,13102871096A.0006,A,13103871096T5,DT_MLTM_2100,주택수(다가구 구분거처 반영),(新)주택보급률,2017,2026-01-02,Daegu,대구,천호천가구％,,116
구분,104.3,13102871096A.0006,A,13103871096T6,DT_MLTM_2100,보급률(다가구 구분거처 반영),(新)주택보급률,2017,2026-01-02,Daegu,대구,천호천가구％,,116
구분,1080.3,13102871096A.0007,A,13103871096T4,DT_MLTM_2100,가구수(등록센서스),(新)주택보급률,2017,2026-01-02,Incheon,인천,천호천가구％,Household,116
구분,1084.2,13102871096A.0007,A,13103871096T5,DT_MLTM_2100,주택수(다가구 구분거처 반영),(新)주택보급률,2017,2026-01-02,Incheon,인천,천호천가구％,,116
구분,100.4,13102871096A.0007,A,13103871096T6,DT_MLTM_2100,보급률(다가구 구분거처 반영),(新)주택보급률,2017,2026-01-02,Incheon,인천,천호천가구％,,116
구분,575.7,13102871096A.0008,A,13103871096T4,DT_MLTM_2100,가구수(등록센서스),(新)주택보급률,2017,2026-01-02,Gwangju,광주,천호천가구％,Household,116
구분,606.2,13102871096A.0008,A,13103871096T5,DT_MLTM_2100,주택수(다가구 구분거처 반영),(新)주택보급률,2017,2026-01-02,Gwangju,광주,천호천가구％,,116
구분,105.3,13102871096A.0008,A,13103871096T6,DT_MLTM_2100,보급률(다가구 구분거처 반영),(新)주택보급률,2017,2026-01-02,Gwangju,광주,천호천가구％,,116
구분,597.7,13102871096A.0009,A,13103871096T4,DT_MLTM_2100,가구수(등록센서스),(新)주택보급률,2017,2026-01-02,Daejeon,대전,천호천가구％,Household,116
구분,604.9,13102871096A.0009,A,13103871096T5,DT_MLTM_2100,주택수(다가구 구분거처 반영),(新)주택보급률,2017,2026-01-02,Daejeon,대전,천호천가구％,,116
구분,101.2,13102871096A.0009,A,13103871096T6,DT_MLTM_2100,보급률(다가구 구분거처 반영),(新)주택보급률,2017,2026-01-02,Daejeon,대전,천호천가구％,,116
구분,428.7,13102871096A.0010,A,13103871096T4,DT_MLTM_2100,가구수(등록센서스),(新)주택보급률,2017,2026-01-02,Ulsan,울산,천호천가구％,Household,116
구분,468.4,13102871096A.0010,A,13103871096T5,DT_MLTM_2100,주택수(다가구 구분거처 반영),(新)주택보급률,2017,2026-01-02,Ulsan,울산,천호천가구％,,116
구분,109.3,13102871096A.0010,A,13103871096T6,DT_MLTM_2100,보급률(다가구 구분거처 반영),(新)주택보급률,2017,2026-01-02,Ulsan,울산,천호천가구％,,116
구분,4603,13102871096A.0011,A,13103871096T4,DT_MLTM_2100,가구수(등록센서스),(新)주택보급률,2017,2026-01-02,Gyeonggi-do,경기,천호천가구％,Household,116
구분,4579.8,13102871096A.0011,A,13103871096T5,DT_MLTM_2100,주택수(다가구 구분거처 반영),(新)주택보급률,2017,2026-01-02,Gyeonggi-do,경기,천호천가구％,,116
구분,99.5,13102871096A.0011,A,13103871096T6,DT_MLTM_2100,보급률(다가구 구분거처 반영),(新)주택보급률,2017,2026-01-02,Gyeonggi-do,경기,천호천가구％,,116
구분,104.3,13102871096A.0012,A,13103871096T4,DT_MLTM_2100,가구수(등록센서스),(新)주택보급률,2017,2026-01-02,,세종,천호천가구％,Household,116
구분,116.3,13102871096A.0012,A,13103871096T5,DT_MLTM_2100,주택수(다가구 구분거처 반영),(新)주택보급률,2017,2026-01-02,,세종,천호천가구％,,116
구분,111.5,13102871096A.0012,A,13103871096T6,DT_MLTM_2100,보급률(다가구 구분거처 반영),(新)주택보급률,2017,2026-01-02,,세종,천호천가구％,,116
구분,620.7,13102871096A.0013,A,13103871096T4,DT_MLTM_2100,가구수(등록센서스),(新)주택보급률,2017,2026-01-02,,강원,천호천가구％,Household,116
구분,668.8,13102871096A.0013,A,13103871096T5,DT_MLTM_2100,주택수(다가구 구분거처 반영),(新)주택보급률,2017,2026-01-02,,강원,천호천가구％,,116
구분,107.7,13102871096A.0013,A,13103871096T6,DT_MLTM_2100,보급률(다가구 구분거처 반영),(新)주택보급률,2017,2026-01-02,,강원,천호천가구％,,116
구분,629.1,13102871096A.0014,A,13103871096T4,DT_MLTM_2100,가구수(등록센서스),(新)주택보급률,2017,2026-01-02,Chungcheongbuk-do,충북,천호천가구％,Household,116
구분,700.8,13102871096A.0014,A,13103871096T5,DT_MLTM_2100,주택수(다가구 구분거처 반영),(新)주택보급률,2017,2026-01-02,Chungcheongbuk-do,충북,천호천가구％,,116
구분,111.4,13102871096A.0014,A,13103871096T6,DT_MLTM_2100,보급률(다가구 구분거처 반영),(新)주택보급률,2017,2026-01-02,Chungcheongbuk-do,충북,천호천가구％,,116
구분,835,13102871096A.0015,A,13103871096T4,DT_MLTM_2100,가구수(등록센서스),(新)주택보급률,2017,2026-01-02,Chungcheongnam-do,충남,천호천가구％,Household,116
구분,922.8,13102871096A.0015,A,13103871096T5,DT_MLTM_2100,주택수(다가구 구분거처 반영),(新)주택보급률,2017,2026-01-02,Chungcheongnam-do,충남,천호천가구％,,116
구분,110.5,13102871096A.0015,A,13103871096T6,DT_MLTM_2100,보급률(다가구 구분거처 반영),(新)주택보급률,2017,2026-01-02,Chungcheongnam-do,충남,천호천가구％,,116
구분,728.9,13102871096A.0016,A,13103871096T4,DT_MLTM_2100,가구수(등록센서스),(新)주택보급률,2017,2026-01-02,Jeollabuk-do,전북,천호천가구％,Household,116
구분,785.1,13102871096A.0016,A,13103871096T5,DT_MLTM_2100,주택수(다가구 구분거처 반영),(新)주택보급률,2017,2026-01-02,Jeollabuk-do,전북,천호천가구％,,116
구분,107.7,13102871096A.0016,A,13103871096T6,DT_MLTM_2100,보급률(다가구 구분거처 반영),(新)주택보급률,2017,2026-01-02,Jeollabuk-do,전북,천호천가구％,,116
구분,733.8,13102871096A.0017,A,13103871096T4,DT_MLTM_2100,가구수(등록센서스),(新)주택보급률,2017,2026-01-02,Jeollanam-do,전남,천호천가구％,Household,116
구분,816.3,13102871096A.0017,A,13103871096T5,DT_MLTM_2100,주택수(다가구 구분거처 반영),(新)주택보급률,2017,2026-01-02,Jeollanam-do,전남,천호천가구％,,116
구분,111.3,13102871096A.0017,A,13103871096T6,DT_MLTM_2100,보급률(다가구 구분거처 반영),(新)주택보급률,2017,2026-01-02,Jeollanam-do,전남,천호천가구％,,116
구분,1087.8,13102871096A.0018,A,13103871096T4,DT_MLTM_2100,가구수(등록센서스),(新)주택보급률,2017,2026-01-02,Gyeongsangbuk-do,경북,천호천가구％,Household,116
구분,1247.3,13102871096A.0018,A,13103871096T5,DT_MLTM_2100,주택수(다가구 구분거처 반영),(新)주택보급률,2017,2026-01-02,Gyeongsangbuk-do,경북,천호천가구％,,116
구분,114.7,13102871096A.0018,A,13103871096T6,DT_MLTM_2100,보급률(다가구 구분거처 반영),(新)주택보급률,2017,2026-01-02,Gyeongsangbuk-do,경북,천호천가구％,,116
구분,1293,13102871096A.0019,A,13103871096T4,DT_MLTM_2100,가구수(등록센서스),(新)주택보급률,2017,2026-01-02,Gyeongsangnam-do,경남,천호천가구％,Household,116
구분,1404,13102871096A.0019,A,13103871096T5,DT_MLTM_2100,주택수(다가구 구분거처 반영),(新)주택보급률,2017,2026-01-02,Gyeongsangnam-do,경남,천호천가구％,,116
구분,108.6,13102871096A.0019,A,13103871096T6,DT_MLTM_2100,보급률(다가구 구분거처 반영),(新)주택보급률,2017,2026-01-02,Gyeongsangnam-do,경남,천호천가구％,,116
구분,240.2,13102871096A.0020,A,13103871096T4,DT_MLTM_2100,가구수(등록센서스),(新)주택보급률,2017,2026-01-02,Jeju,제주,천호천가구％,Household,116
구분,252.6,13102871096A.0020,A,13103871096T5,DT_MLTM_2100,주택수(다가구 구분거처 반영),(新)주택보급률,2017,2026-01-02,Jeju,제주,천호천가구％,,116
구분,105.2,13102871096A.0020,A,13103871096T6,DT_MLTM_2100,보급률(다가구 구분거처 반영),(新)주택보급률,2017,2026-01-02,Jeju,제주,천호천가구％,,116
구분,19979.2,13102871096A.0001,A,13103871096T4,DT_MLTM_2100,가구수(등록센서스),(新)주택보급률,2018,2026-01-02,Whole country,전국,천호천가구％,Household,116
구분,20818,13102871096A.0001,A,13103871096T5,DT_MLTM_2100,주택수(다가구 구분거처 반영),(新)주택보급률,2018,2026-01-02,Whole country,전국,천호천가구％,,116
구분,104.2,13102871096A.0001,A,13103871096T6,DT_MLTM_2100,보급률(다가구 구분거처 반영),(新)주택보급률,2018,2026-01-02,Whole country,전국,천호천가구％,,116
구분,9686,13102871096A.0002,A,13103871096T4,DT_MLTM_2100,가구수(등록센서스),(新)주택보급률,2018,2026-01-02,Capital Area,수도권,천호천가구％,Household,116
구분,9588.1,13102871096A.0002,A,13103871096T5,DT_MLTM_2100,주택수(다가구 구분거처 반영),(新)주택보급률,2018,2026-01-02,Capital Area,수도권,천호천가구％,,116
구분,99,13102871096A.0002,A,13103871096T6,DT_MLTM_2100,보급률(다가구 구분거처 반영),(新)주택보급률,2018,2026-01-02,Capital Area,수도권,천호천가구％,,116
구분,10293.2,13102871096A.0003,A,13103871096T4,DT_MLTM_2100,가구수(등록센서스),(新)주택보급률,2018,2026-01-02,Other Region,지방,천호천가구％,Household,116
구분,11229.9,13102871096A.0003,A,13103871096T5,DT_MLTM_2100,주택수(다가구 구분거처 반영),(新)주택보급률,2018,2026-01-02,Other Region,지방,천호천가구％,,116
구분,109.1,13102871096A.0003,A,13103871096T6,DT_MLTM_2100,보급률(다가구 구분거처 반영),(新)주택보급률,2018,2026-01-02,Other Region,지방,천호천가구％,,116
구분,3839.8,13102871096A.0004,A,13103871096T4,DT_MLTM_2100,가구수(등록센서스),(新)주택보급률,2018,2026-01-02,Seoul,서울,천호천가구％,Household,116
구분,3682.4,13102871096A.0004,A,13103871096T5,DT_MLTM_2100,주택수(다가구 구분거처 반영),(新)주택보급률,2018,2026-01-02,Seoul,서울,천호천가구％,,116
구분,95.9,13102871096A.0004,A,13103871096T6,DT_MLTM_2100,보급률(다가구 구분거처 반영),(新)주택보급률,2018,2026-01-02,Seoul,서울,천호천가구％,,116
구분,1363.6,13102871096A.0005,A,13103871096T4,DT_MLTM_2100,가구수(등록센서스),(新)주택보급률,2018,2026-01-02,Busan,부산,천호천가구％,Household,116
구분,1412.9,13102871096A.0005,A,13103871096T5,DT_MLTM_2100,주택수(다가구 구분거처 반영),(新)주택보급률,2018,2026-01-02,Busan,부산,천호천가구％,,116
구분,103.6,13102871096A.0005,A,13103871096T6,DT_MLTM_2100,보급률(다가구 구분거처 반영),(新)주택보급률,2018,2026-01-02,Busan,부산,천호천가구％,,116
구분,957.5,13102871096A.0006,A,13103871096T4,DT_MLTM_2100,가구수(등록센서스),(新)주택보급률,2018,2026-01-02,Daegu,대구,천호천가구％,Household,116
구분,996.1,13102871096A.0006,A,13103871096T5,DT_MLTM_2100,주택수(다가구 구분거처 반영),(新)주택보급률,2018,2026-01-02,Daegu,대구,천호천가구％,,116
구분,104,13102871096A.0006,A,13103871096T6,DT_MLTM_2100,보급률(다가구 구분거처 반영),(新)주택보급률,2018,2026-01-02,Daegu,대구,천호천가구％,,116
구분,1094.7,13102871096A.0007,A,13103871096T4,DT_MLTM_2100,가구수(등록센서스),(新)주택보급률,2018,2026-01-02,Incheon,인천,천호천가구％,Household,116
구분,1107.8,13102871096A.0007,A,13103871096T5,DT_MLTM_2100,주택수(다가구 구분거처 반영),(新)주택보급률,2018,2026-01-02,Incheon,인천,천호천가구％,,116
구분,101.2,13102871096A.0007,A,13103871096T6,DT_MLTM_2100,보급률(다가구 구분거처 반영),(新)주택보급률,2018,2026-01-02,Incheon,인천,천호천가구％,,116
구분,578.6,13102871096A.0008,A,13103871096T4,DT_MLTM_2100,가구수(등록센서스),(新)주택보급률,2018,2026-01-02,Gwangju,광주,천호천가구％,Household,116
구분,616.5,13102871096A.0008,A,13103871096T5,DT_MLTM_2100,주택수(다가구 구분거처 반영),(新)주택보급률,2018,2026-01-02,Gwangju,광주,천호천가구％,,116
구분,106.6,13102871096A.0008,A,13103871096T6,DT_MLTM_2100,보급률(다가구 구분거처 반영),(新)주택보급률,2018,2026-01-02,Gwangju,광주,천호천가구％,,116
구분,602.2,13102871096A.0009,A,13103871096T4,DT_MLTM_2100,가구수(등록센서스),(新)주택보급률,2018,2026-01-02,Daejeon,대전,천호천가구％,Household,116
구분,611.9,13102871096A.0009,A,13103871096T5,DT_MLTM_2100,주택수(다가구 구분거처 반영),(新)주택보급률,2018,2026-01-02,Daejeon,대전,천호천가구％,,116
구분,101.6,13102871096A.0009,A,13103871096T6,DT_MLTM_2100,보급률(다가구 구분거처 반영),(新)주택보급률,2018,2026-01-02,Daejeon,대전,천호천가구％,,116
구분,431.4,13102871096A.0010,A,13103871096T4,DT_MLTM_2100,가구수(등록센서스),(新)주택보급률,2018,2026-01-02,Ulsan,울산,천호천가구％,Household,116
구분,476,13102871096A.0010,A,13103871096T5,DT_MLTM_2100,주택수(다가구 구분거처 반영),(新)주택보급률,2018,2026-01-02,Ulsan,울산,천호천가구％,,116
구분,110.3,13102871096A.0010,A,13103871096T6,DT_MLTM_2100,보급률(다가구 구분거처 반영),(新)주택보급률,2018,2026-01-02,Ulsan,울산,천호천가구％,,116
구분,4751.5,13102871096A.0011,A,13103871096T4,DT_MLTM_2100,가구수(등록센서스),(新)주택보급률,2018,2026-01-02,Gyeonggi-do,경기,천호천가구％,Household,116
구분,4798,13102871096A.0011,A,13103871096T5,DT_MLTM_2100,주택수(다가구 구분거처 반영),(新)주택보급률,2018,2026-01-02,Gyeonggi-do,경기,천호천가구％,,116
구분,101,13102871096A.0011,A,13103871096T6,DT_MLTM_2100,보급률(다가구 구분거처 반영),(新)주택보급률,2018,2026-01-02,Gyeonggi-do,경기,천호천가구％,,116
구분,119,13102871096A.0012,A,13103871096T4,DT_MLTM_2100,가구수(등록센서스),(新)주택보급률,2018,2026-01-02,,세종,천호천가구％,Household,116
구분,130.9,13102871096A.0012,A,13103871096T5,DT_MLTM_2100,주택수(다가구 구분거처 반영),(新)주택보급률,2018,2026-01-02,,세종,천호천가구％,,116
구분,110,13102871096A.0012,A,13103871096T6,DT_MLTM_2100,보급률(다가구 구분거처 반영),(新)주택보급률,2018,2026-01-02,,세종,천호천가구％,,116
구분,628.5,13102871096A.0013,A,13103871096T4,DT_MLTM_2100,가구수(등록센서스),(新)주택보급률,2018,2026-01-02,,강원,천호천가구％,Household,116
구분,688.7,13102871096A.0013,A,13103871096T5,DT_MLTM_2100,주택수(다가구 구분거처 반영),(新)주택보급률,2018,2026-01-02,,강원,천호천가구％,,116
구분,109.6,13102871096A.0013,A,13103871096T6,DT_MLTM_2100,보급률(다가구 구분거처 반영),(新)주택보급률,2018,2026-01-02,,강원,천호천가구％,,116
구분,641,13102871096A.0014,A,13103871096T4,DT_MLTM_2100,가구수(등록센서스),(新)주택보급률,2018,2026-01-02,Chungcheongbuk-do,충북,천호천가구％,Household,116
구분,729.7,13102871096A.0014,A,13103871096T5,DT_MLTM_2100,주택수(다가구 구분거처 반영),(新)주택보급률,2018,2026-01-02,Chungcheongbuk-do,충북,천호천가구％,,116
구분,113.8,13102871096A.0014,A,13103871096T6,DT_MLTM_2100,보급률(다가구 구분거처 반영),(新)주택보급률,2018,2026-01-02,Chungcheongbuk-do,충북,천호천가구％,,116
구분,851.1,13102871096A.0015,A,13103871096T4,DT_MLTM_2100,가구수(등록센서스),(新)주택보급률,2018,2026-01-02,Chungcheongnam-do,충남,천호천가구％,Household,116
구분,959.5,13102871096A.0015,A,13103871096T5,DT_MLTM_2100,주택수(다가구 구분거처 반영),(新)주택보급률,2018,2026-01-02,Chungcheongnam-do,충남,천호천가구％,,116
구분,112.7,13102871096A.0015,A,13103871096T6,DT_MLTM_2100,보급률(다가구 구분거처 반영),(新)주택보급률,2018,2026-01-02,Chungcheongnam-do,충남,천호천가구％,,116
구분,733,13102871096A.0016,A,13103871096T4,DT_MLTM_2100,가구수(등록센서스),(新)주택보급률,2018,2026-01-02,Jeollabuk-do,전북,천호천가구％,Household,116
구분,802,13102871096A.0016,A,13103871096T5,DT_MLTM_2100,주택수(다가구 구분거처 반영),(新)주택보급률,2018,2026-01-02,Jeollabuk-do,전북,천호천가구％,,116
구분,109.4,13102871096A.0016,A,13103871096T6,DT_MLTM_2100,보급률(다가구 구분거처 반영),(新)주택보급률,2018,2026-01-02,Jeollabuk-do,전북,천호천가구％,,116
구분,737.4,13102871096A.0017,A,13103871096T4,DT_MLTM_2100,가구수(등록센서스),(新)주택보급률,2018,2026-01-02,Jeollanam-do,전남,천호천가구％,Household,116
구분,829.5,13102871096A.0017,A,13103871096T5,DT_MLTM_2100,주택수(다가구 구분거처 반영),(新)주택보급률,2018,2026-01-02,Jeollanam-do,전남,천호천가구％,,116
구분,112.5,13102871096A.0017,A,13103871096T6,DT_MLTM_2100,보급률(다가구 구분거처 반영),(新)주택보급률,2018,2026-01-02,Jeollanam-do,전남,천호천가구％,,116
구분,1094.5,13102871096A.0018,A,13103871096T4,DT_MLTM_2100,가구수(등록센서스),(新)주택보급률,2018,2026-01-02,Gyeongsangbuk-do,경북,천호천가구％,Household,116
구분,1271,13102871096A.0018,A,13103871096T5,DT_MLTM_2100,주택수(다가구 구분거처 반영),(新)주택보급률,2018,2026-01-02,Gyeongsangbuk-do,경북,천호천가구％,,116
구분,116.1,13102871096A.0018,A,13103871096T6,DT_MLTM_2100,보급률(다가구 구분거처 반영),(新)주택보급률,2018,2026-01-02,Gyeongsangbuk-do,경북,천호천가구％,,116
구분,1306.4,13102871096A.0019,A,13103871096T4,DT_MLTM_2100,가구수(등록센서스),(新)주택보급률,2018,2026-01-02,Gyeongsangnam-do,경남,천호천가구％,Household,116
구분,1438.8,13102871096A.0019,A,13103871096T5,DT_MLTM_2100,주택수(다가구 구분거처 반영),(新)주택보급률,2018,2026-01-02,Gyeongsangnam-do,경남,천호천가구％,,116
구분,110.1,13102871096A.0019,A,13103871096T6,DT_MLTM_2100,보급률(다가구 구분거처 반영),(新)주택보급률,2018,2026-01-02,Gyeongsangnam-do,경남,천호천가구％,,116
구분,249,13102871096A.0020,A,13103871096T4,DT_MLTM_2100,가구수(등록센서스),(新)주택보급률,2018,2026-01-02,Jeju,제주,천호천가구％,Household,116
구분,266.4,13102871096A.0020,A,13103871096T5,DT_MLTM_2100,주택수(다가구 구분거처 반영),(新)주택보급률,2018,2026-01-02,Jeju,제주,천호천가구％,,116
구분,107,13102871096A.0020,A,13103871096T6,DT_MLTM_2100,보급률(다가구 구분거처 반영),(新)주택보급률,2018,2026-01-02,Jeju,제주,천호천가구％,,116
구분,20343.2,13102871096A.0001,A,13103871096T4,DT_MLTM_2100,가구수(등록센서스),(新)주택보급률,2019,2026-01-02,Whole country,전국,천호천가구％,Household,116
구분,21310.1,13102871096A.0001,A,13103871096T5,DT_MLTM_2100,주택수(다가구 구분거처 반영),(新)주택보급률,2019,2026-01-02,Whole country,전국,천호천가구％,,116
구분,104.8,13102871096A.0001,A,13103871096T6,DT_MLTM_2100,보급률(다가구 구분거처 반영),(新)주택보급률,2019,2026-01-02,Whole country,전국,천호천가구％,,116
구분,9924.6,13102871096A.0002,A,13103871096T4,DT_MLTM_2100,가구수(등록센서스),(新)주택보급률,2019,2026-01-02,Capital Area,수도권,천호천가구％,Household,116
구분,9840.9,13102871096A.0002,A,13103871096T5,DT_MLTM_2100,주택수(다가구 구분거처 반영),(新)주택보급률,2019,2026-01-02,Capital Area,수도권,천호천가구％,,116
구분,99.2,13102871096A.0002,A,13103871096T6,DT_MLTM_2100,보급률(다가구 구분거처 반영),(新)주택보급률,2019,2026-01-02,Capital Area,수도권,천호천가구％,,116
구분,10418.6,13102871096A.0003,A,13103871096T4,DT_MLTM_2100,가구수(등록센서스),(新)주택보급률,2019,2026-01-02,Other Region,지방,천호천가구％,Household,116
구분,11469.2,13102871096A.0003,A,13103871096T5,DT_MLTM_2100,주택수(다가구 구분거처 반영),(新)주택보급률,2019,2026-01-02,Other Region,지방,천호천가구％,,116
구분,110.1,13102871096A.0003,A,13103871096T6,DT_MLTM_2100,보급률(다가구 구분거처 반영),(新)주택보급률,2019,2026-01-02,Other Region,지방,천호천가구％,,116
구분,3896.4,13102871096A.0004,A,13103871096T4,DT_MLTM_2100,가구수(등록센서스),(新)주택보급률,2019,2026-01-02,Seoul,서울,천호천가구％,Household,116
구분,3738.6,13102871096A.0004,A,13103871096T5,DT_MLTM_2100,주택수(다가구 구분거처 반영),(新)주택보급률,2019,2026-01-02,Seoul,서울,천호천가구％,,116
구분,96,13102871096A.0004,A,13103871096T6,DT_MLTM_2100,보급률(다가구 구분거처 반영),(新)주택보급률,2019,2026-01-02,Seoul,서울,천호천가구％,,116
구분,1377,13102871096A.0005,A,13103871096T4,DT_MLTM_2100,가구수(등록센서스),(新)주택보급률,2019,2026-01-02,Busan,부산,천호천가구％,Household,116
구분,1438.6,13102871096A.0005,A,13103871096T5,DT_MLTM_2100,주택수(다가구 구분거처 반영),(新)주택보급률,2019,2026-01-02,Busan,부산,천호천가구％,,116
구분,104.5,13102871096A.0005,A,13103871096T6,DT_MLTM_2100,보급률(다가구 구분거처 반영),(新)주택보급률,2019,2026-01-02,Busan,부산,천호천가구％,,116
구분,968.6,13102871096A.0006,A,13103871096T4,DT_MLTM_2100,가구수(등록센서스),(新)주택보급률,2019,2026-01-02,Daegu,대구,천호천가구％,Household,116
구분,1000.8,13102871096A.0006,A,13103871096T5,DT_MLTM_2100,주택수(다가구 구분거처 반영),(新)주택보급률,2019,2026-01-02,Daegu,대구,천호천가구％,,116
구분,103.3,13102871096A.0006,A,13103871096T6,DT_MLTM_2100,보급률(다가구 구분거처 반영),(新)주택보급률,2019,2026-01-02,Daegu,대구,천호천가구％,,116
구분,1120.6,13102871096A.0007,A,13103871096T4,DT_MLTM_2100,가구수(등록센서스),(新)주택보급률,2019,2026-01-02,Incheon,인천,천호천가구％,Household,116
구분,1123.3,13102871096A.0007,A,13103871096T5,DT_MLTM_2100,주택수(다가구 구분거처 반영),(新)주택보급률,2019,2026-01-02,Incheon,인천,천호천가구％,,116
구분,100.2,13102871096A.0007,A,13103871096T6,DT_MLTM_2100,보급률(다가구 구분거처 반영),(新)주택보급률,2019,2026-01-02,Incheon,인천,천호천가구％,,116
구분,587.2,13102871096A.0008,A,13103871096T4,DT_MLTM_2100,가구수(등록센서스),(新)주택보급률,2019,2026-01-02,Gwangju,광주,천호천가구％,Household,116
구분,628.2,13102871096A.0008,A,13103871096T5,DT_MLTM_2100,주택수(다가구 구분거처 반영),(新)주택보급률,2019,2026-01-02,Gwangju,광주,천호천가구％,,116
구분,107,13102871096A.0008,A,13103871096T6,DT_MLTM_2100,보급률(다가구 구분거처 반영),(新)주택보급률,2019,2026-01-02,Gwangju,광주,천호천가구％,,116
구분,609,13102871096A.0009,A,13103871096T4,DT_MLTM_2100,가구수(등록센서스),(新)주택보급률,2019,2026-01-02,Daejeon,대전,천호천가구％,Household,116
구분,617.6,13102871096A.0009,A,13103871096T5,DT_MLTM_2100,주택수(다가구 구분거처 반영),(新)주택보급률,2019,2026-01-02,Daejeon,대전,천호천가구％,,116
구분,101.4,13102871096A.0009,A,13103871096T6,DT_MLTM_2100,보급률(다가구 구분거처 반영),(新)주택보급률,2019,2026-01-02,Daejeon,대전,천호천가구％,,116
구분,437.1,13102871096A.0010,A,13103871096T4,DT_MLTM_2100,가구수(등록센서스),(新)주택보급률,2019,2026-01-02,Ulsan,울산,천호천가구％,Household,116
구분,487.2,13102871096A.0010,A,13103871096T5,DT_MLTM_2100,주택수(다가구 구분거처 반영),(新)주택보급률,2019,2026-01-02,Ulsan,울산,천호천가구％,,116
구분,111.5,13102871096A.0010,A,13103871096T6,DT_MLTM_2100,보급률(다가구 구분거처 반영),(新)주택보급률,2019,2026-01-02,Ulsan,울산,천호천가구％,,116
구분,4907.7,13102871096A.0011,A,13103871096T4,DT_MLTM_2100,가구수(등록센서스),(新)주택보급률,2019,2026-01-02,Gyeonggi-do,경기,천호천가구％,Household,116
구분,4979,13102871096A.0011,A,13103871096T5,DT_MLTM_2100,주택수(다가구 구분거처 반영),(新)주택보급률,2019,2026-01-02,Gyeonggi-do,경기,천호천가구％,,116
구분,101.5,13102871096A.0011,A,13103871096T6,DT_MLTM_2100,보급률(다가구 구분거처 반영),(新)주택보급률,2019,2026-01-02,Gyeonggi-do,경기,천호천가구％,,116
구분,129.7,13102871096A.0012,A,13103871096T4,DT_MLTM_2100,가구수(등록센서스),(新)주택보급률,2019,2026-01-02,,세종,천호천가구％,Household,116
구분,144.5,13102871096A.0012,A,13103871096T5,DT_MLTM_2100,주택수(다가구 구분거처 반영),(新)주택보급률,2019,2026-01-02,,세종,천호천가구％,,116
구분,111.4,13102871096A.0012,A,13103871096T6,DT_MLTM_2100,보급률(다가구 구분거처 반영),(新)주택보급률,2019,2026-01-02,,세종,천호천가구％,,116
구분,633.9,13102871096A.0013,A,13103871096T4,DT_MLTM_2100,가구수(등록센서스),(新)주택보급률,2019,2026-01-02,,강원,천호천가구％,Household,116
구분,715.1,13102871096A.0013,A,13103871096T5,DT_MLTM_2100,주택수(다가구 구분거처 반영),(新)주택보급률,2019,2026-01-02,,강원,천호천가구％,,116
구분,112.8,13102871096A.0013,A,13103871096T6,DT_MLTM_2100,보급률(다가구 구분거처 반영),(新)주택보급률,2019,2026-01-02,,강원,천호천가구％,,116
구분,654.7,13102871096A.0014,A,13103871096T4,DT_MLTM_2100,가구수(등록센서스),(新)주택보급률,2019,2026-01-02,Chungcheongbuk-do,충북,천호천가구％,Household,116
구분,749.4,13102871096A.0014,A,13103871096T5,DT_MLTM_2100,주택수(다가구 구분거처 반영),(新)주택보급률,2019,2026-01-02,Chungcheongbuk-do,충북,천호천가구％,,116
구분,114.5,13102871096A.0014,A,13103871096T6,DT_MLTM_2100,보급률(다가구 구분거처 반영),(新)주택보급률,2019,2026-01-02,Chungcheongbuk-do,충북,천호천가구％,,116
구분,864.1,13102871096A.0015,A,13103871096T4,DT_MLTM_2100,가구수(등록센서스),(新)주택보급률,2019,2026-01-02,Chungcheongnam-do,충남,천호천가구％,Household,116
구분,978.7,13102871096A.0015,A,13103871096T5,DT_MLTM_2100,주택수(다가구 구분거처 반영),(新)주택보급률,2019,2026-01-02,Chungcheongnam-do,충남,천호천가구％,,116
구분,113.3,13102871096A.0015,A,13103871096T6,DT_MLTM_2100,보급률(다가구 구분거처 반영),(新)주택보급률,2019,2026-01-02,Chungcheongnam-do,충남,천호천가구％,,116
구분,738.3,13102871096A.0016,A,13103871096T4,DT_MLTM_2100,가구수(등록센서스),(新)주택보급률,2019,2026-01-02,Jeollabuk-do,전북,천호천가구％,Household,116
구분,816.1,13102871096A.0016,A,13103871096T5,DT_MLTM_2100,주택수(다가구 구분거처 반영),(新)주택보급률,2019,2026-01-02,Jeollabuk-do,전북,천호천가구％,,116
구분,110.5,13102871096A.0016,A,13103871096T6,DT_MLTM_2100,보급률(다가구 구분거처 반영),(新)주택보급률,2019,2026-01-02,Jeollabuk-do,전북,천호천가구％,,116
구분,741,13102871096A.0017,A,13103871096T4,DT_MLTM_2100,가구수(등록센서스),(新)주택보급률,2019,2026-01-02,Jeollanam-do,전남,천호천가구％,Household,116
구분,842.1,13102871096A.0017,A,13103871096T5,DT_MLTM_2100,주택수(다가구 구분거처 반영),(新)주택보급률,2019,2026-01-02,Jeollanam-do,전남,천호천가구％,,116
구분,113.6,13102871096A.0017,A,13103871096T6,DT_MLTM_2100,보급률(다가구 구분거처 반영),(新)주택보급률,2019,2026-01-02,Jeollanam-do,전남,천호천가구％,,116
구분,1102.9,13102871096A.0018,A,13103871096T4,DT_MLTM_2100,가구수(등록센서스),(新)주택보급률,2019,2026-01-02,Gyeongsangbuk-do,경북,천호천가구％,Household,116
구분,1293.3,13102871096A.0018,A,13103871096T5,DT_MLTM_2100,주택수(다가구 구분거처 반영),(新)주택보급률,2019,2026-01-02,Gyeongsangbuk-do,경북,천호천가구％,,116
구분,117.3,13102871096A.0018,A,13103871096T6,DT_MLTM_2100,보급률(다가구 구분거처 반영),(新)주택보급률,2019,2026-01-02,Gyeongsangbuk-do,경북,천호천가구％,,116
구분,1321.2,13102871096A.0019,A,13103871096T4,DT_MLTM_2100,가구수(등록센서스),(新)주택보급률,2019,2026-01-02,Gyeongsangnam-do,경남,천호천가구％,Household,116
구분,1480.5,13102871096A.0019,A,13103871096T5,DT_MLTM_2100,주택수(다가구 구분거처 반영),(新)주택보급률,2019,2026-01-02,Gyeongsangnam-do,경남,천호천가구％,,116
구분,112.1,13102871096A.0019,A,13103871096T6,DT_MLTM_2100,보급률(다가구 구분거처 반영),(新)주택보급률,2019,2026-01-02,Gyeongsangnam-do,경남,천호천가구％,,116
구분,253.7,13102871096A.0020,A,13103871096T4,DT_MLTM_2100,가구수(등록센서스),(新)주택보급률,2019,2026-01-02,Jeju,제주,천호천가구％,Household,116
구분,277.1,13102871096A.0020,A,13103871096T5,DT_MLTM_2100,주택수(다가구 구분거처 반영),(新)주택보급률,2019,2026-01-02,Jeju,제주,천호천가구％,,116
구분,109.2,13102871096A.0020,A,13103871096T6,DT_MLTM_2100,보급률(다가구 구분거처 반영),(新)주택보급률,2019,2026-01-02,Jeju,제주,천호천가구％,,116
구분,20926.7,13102871096A.0001,A,13103871096T4,DT_MLTM_2100,가구수(등록센서스),(新)주택보급률,2020,2026-01-02,Whole country,전국,천호천가구％,Household,116
구분,21673.5,13102871096A.0001,A,13103871096T5,DT_MLTM_2100,주택수(다가구 구분거처 반영),(新)주택보급률,2020,2026-01-02,Whole country,전국,천호천가구％,,116
구분,103.6,13102871096A.0001,A,13103871096T6,DT_MLTM_2100,보급률(다가구 구분거처 반영),(新)주택보급률,2020,2026-01-02,Whole country,전국,천호천가구％,,116
구분,10227.9,13102871096A.0002,A,13103871096T4,DT_MLTM_2100,가구수(등록센서스),(新)주택보급률,2020,2026-01-02,Capital Area,수도권,천호천가구％,Household,116
구분,10027.2,13102871096A.0002,A,13103871096T5,DT_MLTM_2100,주택수(다가구 구분거처 반영),(新)주택보급률,2020,2026-01-02,Capital Area,수도권,천호천가구％,,116
구분,98,13102871096A.0002,A,13103871096T6,DT_MLTM_2100,보급률(다가구 구분거처 반영),(新)주택보급률,2020,2026-01-02,Capital Area,수도권,천호천가구％,,116
구분,10698.8,13102871096A.0003,A,13103871096T4,DT_MLTM_2100,가구수(등록센서스),(新)주택보급률,2020,2026-01-02,Other Region,지방,천호천가구％,Household,116
구분,11646.3,13102871096A.0003,A,13103871096T5,DT_MLTM_2100,주택수(다가구 구분거처 반영),(新)주택보급률,2020,2026-01-02,Other Region,지방,천호천가구％,,116
구분,108.9,13102871096A.0003,A,13103871096T6,DT_MLTM_2100,보급률(다가구 구분거처 반영),(新)주택보급률,2020,2026-01-02,Other Region,지방,천호천가구％,,116
구분,3982.3,13102871096A.0004,A,13103871096T4,DT_MLTM_2100,가구수(등록센서스),(新)주택보급률,2020,2026-01-02,Seoul,서울,천호천가구％,Household,116
구분,3778.4,13102871096A.0004,A,13103871096T5,DT_MLTM_2100,주택수(다가구 구분거처 반영),(新)주택보급률,2020,2026-01-02,Seoul,서울,천호천가구％,,116
구분,94.9,13102871096A.0004,A,13103871096T6,DT_MLTM_2100,보급률(다가구 구분거처 반영),(新)주택보급률,2020,2026-01-02,Seoul,서울,천호천가구％,,116
구분,1405,13102871096A.0005,A,13103871096T4,DT_MLTM_2100,가구수(등록센서스),(新)주택보급률,2020,2026-01-02,Busan,부산,천호천가구％,Household,116
구분,1460.1,13102871096A.0005,A,13103871096T5,DT_MLTM_2100,주택수(다가구 구분거처 반영),(新)주택보급률,2020,2026-01-02,Busan,부산,천호천가구％,,116
구분,103.9,13102871096A.0005,A,13103871096T6,DT_MLTM_2100,보급률(다가구 구분거처 반영),(新)주택보급률,2020,2026-01-02,Busan,부산,천호천가구％,,116
구분,985.8,13102871096A.0006,A,13103871096T4,DT_MLTM_2100,가구수(등록센서스),(新)주택보급률,2020,2026-01-02,Daegu,대구,천호천가구％,Household,116
구분,1005.8,13102871096A.0006,A,13103871096T5,DT_MLTM_2100,주택수(다가구 구분거처 반영),(新)주택보급률,2020,2026-01-02,Daegu,대구,천호천가구％,,116
구분,102,13102871096A.0006,A,13103871096T6,DT_MLTM_2100,보급률(다가구 구분거처 반영),(新)주택보급률,2020,2026-01-02,Daegu,대구,천호천가구％,,116
구분,1147.2,13102871096A.0007,A,13103871096T4,DT_MLTM_2100,가구수(등록센서스),(新)주택보급률,2020,2026-01-02,Incheon,인천,천호천가구％,Household,116
구분,1134.8,13102871096A.0007,A,13103871096T5,DT_MLTM_2100,주택수(다가구 구분거처 반영),(新)주택보급률,2020,2026-01-02,Incheon,인천,천호천가구％,,116
구분,98.9,13102871096A.0007,A,13103871096T6,DT_MLTM_2100,보급률(다가구 구분거처 반영),(新)주택보급률,2020,2026-01-02,Incheon,인천,천호천가구％,,116
구분,599.2,13102871096A.0008,A,13103871096T4,DT_MLTM_2100,가구수(등록센서스),(新)주택보급률,2020,2026-01-02,Gwangju,광주,천호천가구％,Household,116
구분,640.2,13102871096A.0008,A,13103871096T5,DT_MLTM_2100,주택수(다가구 구분거처 반영),(新)주택보급률,2020,2026-01-02,Gwangju,광주,천호천가구％,,116
구분,106.8,13102871096A.0008,A,13103871096T6,DT_MLTM_2100,보급률(다가구 구분거처 반영),(新)주택보급률,2020,2026-01-02,Gwangju,광주,천호천가구％,,116
구분,631.2,13102871096A.0009,A,13103871096T4,DT_MLTM_2100,가구수(등록센서스),(新)주택보급률,2020,2026-01-02,Daejeon,대전,천호천가구％,Household,116
구분,620.2,13102871096A.0009,A,13103871096T5,DT_MLTM_2100,주택수(다가구 구분거처 반영),(新)주택보급률,2020,2026-01-02,Daejeon,대전,천호천가구％,,116
구분,98.3,13102871096A.0009,A,13103871096T6,DT_MLTM_2100,보급률(다가구 구분거처 반영),(新)주택보급률,2020,2026-01-02,Daejeon,대전,천호천가구％,,116
구분,444.1,13102871096A.0010,A,13103871096T4,DT_MLTM_2100,가구수(등록센서스),(新)주택보급률,2020,2026-01-02,Ulsan,울산,천호천가구％,Household,116
구분,489.3,13102871096A.0010,A,13103871096T5,DT_MLTM_2100,주택수(다가구 구분거처 반영),(新)주택보급률,2020,2026-01-02,Ulsan,울산,천호천가구％,,116
구분,110.2,13102871096A.0010,A,13103871096T6,DT_MLTM_2100,보급률(다가구 구분거처 반영),(新)주택보급률,2020,2026-01-02,Ulsan,울산,천호천가구％,,116
구분,5098.4,13102871096A.0011,A,13103871096T4,DT_MLTM_2100,가구수(등록센서스),(新)주택보급률,2020,2026-01-02,Gyeonggi-do,경기,천호천가구％,Household,116
구분,5113.9,13102871096A.0011,A,13103871096T5,DT_MLTM_2100,주택수(다가구 구분거처 반영),(新)주택보급률,2020,2026-01-02,Gyeonggi-do,경기,천호천가구％,,116
구분,100.3,13102871096A.0011,A,13103871096T6,DT_MLTM_2100,보급률(다가구 구분거처 반영),(新)주택보급률,2020,2026-01-02,Gyeonggi-do,경기,천호천가구％,,116
구분,139.1,13102871096A.0012,A,13103871096T4,DT_MLTM_2100,가구수(등록센서스),(新)주택보급률,2020,2026-01-02,,세종,천호천가구％,Household,116
구분,149.3,13102871096A.0012,A,13103871096T5,DT_MLTM_2100,주택수(다가구 구분거처 반영),(新)주택보급률,2020,2026-01-02,,세종,천호천가구％,,116
구분,107.3,13102871096A.0012,A,13103871096T6,DT_MLTM_2100,보급률(다가구 구분거처 반영),(新)주택보급률,2020,2026-01-02,,세종,천호천가구％,,116
구분,661,13102871096A.0013,A,13103871096T4,DT_MLTM_2100,가구수(등록센서스),(新)주택보급률,2020,2026-01-02,,강원,천호천가구％,Household,116
구분,731.4,13102871096A.0013,A,13103871096T5,DT_MLTM_2100,주택수(다가구 구분거처 반영),(新)주택보급률,2020,2026-01-02,,강원,천호천가구％,,116
구분,110.6,13102871096A.0013,A,13103871096T6,DT_MLTM_2100,보급률(다가구 구분거처 반영),(新)주택보급률,2020,2026-01-02,,강원,천호천가구％,,116
구분,678.9,13102871096A.0014,A,13103871096T4,DT_MLTM_2100,가구수(등록센서스),(新)주택보급률,2020,2026-01-02,Chungcheongbuk-do,충북,천호천가구％,Household,116
구분,766.1,13102871096A.0014,A,13103871096T5,DT_MLTM_2100,주택수(다가구 구분거처 반영),(新)주택보급률,2020,2026-01-02,Chungcheongbuk-do,충북,천호천가구％,,116
구분,112.8,13102871096A.0014,A,13103871096T6,DT_MLTM_2100,보급률(다가구 구분거처 반영),(新)주택보급률,2020,2026-01-02,Chungcheongbuk-do,충북,천호천가구％,,116
구분,892.2,13102871096A.0015,A,13103871096T4,DT_MLTM_2100,가구수(등록센서스),(新)주택보급률,2020,2026-01-02,Chungcheongnam-do,충남,천호천가구％,Household,116
구분,994.9,13102871096A.0015,A,13103871096T5,DT_MLTM_2100,주택수(다가구 구분거처 반영),(新)주택보급률,2020,2026-01-02,Chungcheongnam-do,충남,천호천가구％,,116
구분,111.5,13102871096A.0015,A,13103871096T6,DT_MLTM_2100,보급률(다가구 구분거처 반영),(新)주택보급률,2020,2026-01-02,Chungcheongnam-do,충남,천호천가구％,,116
구분,755.6,13102871096A.0016,A,13103871096T4,DT_MLTM_2100,가구수(등록센서스),(新)주택보급률,2020,2026-01-02,Jeollabuk-do,전북,천호천가구％,Household,116
구분,834.1,13102871096A.0016,A,13103871096T5,DT_MLTM_2100,주택수(다가구 구분거처 반영),(新)주택보급률,2020,2026-01-02,Jeollabuk-do,전북,천호천가구％,,116
구분,110.4,13102871096A.0016,A,13103871096T6,DT_MLTM_2100,보급률(다가구 구분거처 반영),(新)주택보급률,2020,2026-01-02,Jeollabuk-do,전북,천호천가구％,,116
구분,761.5,13102871096A.0017,A,13103871096T4,DT_MLTM_2100,가구수(등록센서스),(新)주택보급률,2020,2026-01-02,Jeollanam-do,전남,천호천가구％,Household,116
구분,857.8,13102871096A.0017,A,13103871096T5,DT_MLTM_2100,주택수(다가구 구분거처 반영),(新)주택보급률,2020,2026-01-02,Jeollanam-do,전남,천호천가구％,,116
구분,112.6,13102871096A.0017,A,13103871096T6,DT_MLTM_2100,보급률(다가구 구분거처 반영),(新)주택보급률,2020,2026-01-02,Jeollanam-do,전남,천호천가구％,,116
구분,1131.8,13102871096A.0018,A,13103871096T4,DT_MLTM_2100,가구수(등록센서스),(新)주택보급률,2020,2026-01-02,Gyeongsangbuk-do,경북,천호천가구％,Household,116
구분,1306,13102871096A.0018,A,13103871096T5,DT_MLTM_2100,주택수(다가구 구분거처 반영),(新)주택보급률,2020,2026-01-02,Gyeongsangbuk-do,경북,천호천가구％,,116
구분,115.4,13102871096A.0018,A,13103871096T6,DT_MLTM_2100,보급률(다가구 구분거처 반영),(新)주택보급률,2020,2026-01-02,Gyeongsangbuk-do,경북,천호천가구％,,116
구분,1350.2,13102871096A.0019,A,13103871096T4,DT_MLTM_2100,가구수(등록센서스),(新)주택보급률,2020,2026-01-02,Gyeongsangnam-do,경남,천호천가구％,Household,116
구분,1509.7,13102871096A.0019,A,13103871096T5,DT_MLTM_2100,주택수(다가구 구분거처 반영),(新)주택보급률,2020,2026-01-02,Gyeongsangnam-do,경남,천호천가구％,,116
구분,111.8,13102871096A.0019,A,13103871096T6,DT_MLTM_2100,보급률(다가구 구분거처 반영),(新)주택보급률,2020,2026-01-02,Gyeongsangnam-do,경남,천호천가구％,,116
구분,263.1,13102871096A.0020,A,13103871096T4,DT_MLTM_2100,가구수(등록센서스),(新)주택보급률,2020,2026-01-02,Jeju,제주,천호천가구％,Household,116
구분,281.4,13102871096A.0020,A,13103871096T5,DT_MLTM_2100,주택수(다가구 구분거처 반영),(新)주택보급률,2020,2026-01-02,Jeju,제주,천호천가구％,,116
구분,107,13102871096A.0020,A,13103871096T6,DT_MLTM_2100,보급률(다가구 구분거처 반영),(新)주택보급률,2020,2026-01-02,Jeju,제주,천호천가구％,,116
구분,21448.5,13102871096A.0001,A,13103871096T4,DT_MLTM_2100,가구수(등록센서스),(新)주택보급률,2021,2026-01-02,Whole country,전국,천호천가구％,Household,116
구분,21917.2,13102871096A.0001,A,13103871096T5,DT_MLTM_2100,주택수(다가구 구분거처 반영),(新)주택보급률,2021,2026-01-02,Whole country,전국,천호천가구％,,116
구분,102.2,13102871096A.0001,A,13103871096T6,DT_MLTM_2100,보급률(다가구 구분거처 반영),(新)주택보급률,2021,2026-01-02,Whole country,전국,천호천가구％,,116
구분,10521.1,13102871096A.0002,A,13103871096T4,DT_MLTM_2100,가구수(등록센서스),(新)주택보급률,2021,2026-01-02,Capital Area,수도권,천호천가구％,Household,116
구분,10183.9,13102871096A.0002,A,13103871096T5,DT_MLTM_2100,주택수(다가구 구분거처 반영),(新)주택보급률,2021,2026-01-02,Capital Area,수도권,천호천가구％,,116
구분,96.8,13102871096A.0002,A,13103871096T6,DT_MLTM_2100,보급률(다가구 구분거처 반영),(新)주택보급률,2021,2026-01-02,Capital Area,수도권,천호천가구％,,116
구분,10927.4,13102871096A.0003,A,13103871096T4,DT_MLTM_2100,가구수(등록센서스),(新)주택보급률,2021,2026-01-02,Other Region,지방,천호천가구％,Household,116
구분,11733.2,13102871096A.0003,A,13103871096T5,DT_MLTM_2100,주택수(다가구 구분거처 반영),(新)주택보급률,2021,2026-01-02,Other Region,지방,천호천가구％,,116
구분,107.4,13102871096A.0003,A,13103871096T6,DT_MLTM_2100,보급률(다가구 구분거처 반영),(新)주택보급률,2021,2026-01-02,Other Region,지방,천호천가구％,,116
구분,4046.8,13102871096A.0004,A,13103871096T4,DT_MLTM_2100,가구수(등록센서스),(新)주택보급률,2021,2026-01-02,Seoul,서울,천호천가구％,Household,116
구분,3811.9,13102871096A.0004,A,13103871096T5,DT_MLTM_2100,주택수(다가구 구분거처 반영),(新)주택보급률,2021,2026-01-02,Seoul,서울,천호천가구％,,116
구분,94.2,13102871096A.0004,A,13103871096T6,DT_MLTM_2100,보급률(다가구 구분거처 반영),(新)주택보급률,2021,2026-01-02,Seoul,서울,천호천가구％,,116
구분,1431.4,13102871096A.0005,A,13103871096T4,DT_MLTM_2100,가구수(등록센서스),(新)주택보급률,2021,2026-01-02,Busan,부산,천호천가구％,Household,116
구분,1462.6,13102871096A.0005,A,13103871096T5,DT_MLTM_2100,주택수(다가구 구분거처 반영),(新)주택보급률,2021,2026-01-02,Busan,부산,천호천가구％,,116
구분,102.2,13102871096A.0005,A,13103871096T6,DT_MLTM_2100,보급률(다가구 구분거처 반영),(新)주택보급률,2021,2026-01-02,Busan,부산,천호천가구％,,116
구분,1000.9,13102871096A.0006,A,13103871096T4,DT_MLTM_2100,가구수(등록센서스),(新)주택보급률,2021,2026-01-02,Daegu,대구,천호천가구％,Household,116
구분,1008,13102871096A.0006,A,13103871096T5,DT_MLTM_2100,주택수(다가구 구분거처 반영),(新)주택보급률,2021,2026-01-02,Daegu,대구,천호천가구％,,116
구분,100.7,13102871096A.0006,A,13103871096T6,DT_MLTM_2100,보급률(다가구 구분거처 반영),(新)주택보급률,2021,2026-01-02,Daegu,대구,천호천가구％,,116
구분,1183.6,13102871096A.0007,A,13103871096T4,DT_MLTM_2100,가구수(등록센서스),(新)주택보급률,2021,2026-01-02,Incheon,인천,천호천가구％,Household,116
구분,1154.3,13102871096A.0007,A,13103871096T5,DT_MLTM_2100,주택수(다가구 구분거처 반영),(新)주택보급률,2021,2026-01-02,Incheon,인천,천호천가구％,,116
구분,97.5,13102871096A.0007,A,13103871096T6,DT_MLTM_2100,보급률(다가구 구분거처 반영),(新)주택보급률,2021,2026-01-02,Incheon,인천,천호천가구％,,116
구분,615.7,13102871096A.0008,A,13103871096T4,DT_MLTM_2100,가구수(등록센서스),(新)주택보급률,2021,2026-01-02,Gwangju,광주,천호천가구％,Household,116
구분,643.6,13102871096A.0008,A,13103871096T5,DT_MLTM_2100,주택수(다가구 구분거처 반영),(新)주택보급률,2021,2026-01-02,Gwangju,광주,천호천가구％,,116
구분,104.5,13102871096A.0008,A,13103871096T6,DT_MLTM_2100,보급률(다가구 구분거처 반영),(新)주택보급률,2021,2026-01-02,Gwangju,광주,천호천가구％,,116
구분,640.1,13102871096A.0009,A,13103871096T4,DT_MLTM_2100,가구수(등록센서스),(新)주택보급률,2021,2026-01-02,Daejeon,대전,천호천가구％,Household,116
구분,621,13102871096A.0009,A,13103871096T5,DT_MLTM_2100,주택수(다가구 구분거처 반영),(新)주택보급률,2021,2026-01-02,Daejeon,대전,천호천가구％,,116
구분,97,13102871096A.0009,A,13103871096T6,DT_MLTM_2100,보급률(다가구 구분거처 반영),(新)주택보급률,2021,2026-01-02,Daejeon,대전,천호천가구％,,116
구분,451.4,13102871096A.0010,A,13103871096T4,DT_MLTM_2100,가구수(등록센서스),(新)주택보급률,2021,2026-01-02,Ulsan,울산,천호천가구％,Household,116
구분,490.1,13102871096A.0010,A,13103871096T5,DT_MLTM_2100,주택수(다가구 구분거처 반영),(新)주택보급률,2021,2026-01-02,Ulsan,울산,천호천가구％,,116
구분,108.6,13102871096A.0010,A,13103871096T6,DT_MLTM_2100,보급률(다가구 구분거처 반영),(新)주택보급률,2021,2026-01-02,Ulsan,울산,천호천가구％,,116
구분,5290.7,13102871096A.0011,A,13103871096T4,DT_MLTM_2100,가구수(등록센서스),(新)주택보급률,2021,2026-01-02,Gyeonggi-do,경기,천호천가구％,Household,116
구분,5217.8,13102871096A.0011,A,13103871096T5,DT_MLTM_2100,주택수(다가구 구분거처 반영),(新)주택보급률,2021,2026-01-02,Gyeonggi-do,경기,천호천가구％,,116
구분,98.6,13102871096A.0011,A,13103871096T6,DT_MLTM_2100,보급률(다가구 구분거처 반영),(新)주택보급률,2021,2026-01-02,Gyeonggi-do,경기,천호천가구％,,116
구분,145.3,13102871096A.0012,A,13103871096T4,DT_MLTM_2100,가구수(등록센서스),(新)주택보급률,2021,2026-01-02,,세종,천호천가구％,Household,116
구분,156.2,13102871096A.0012,A,13103871096T5,DT_MLTM_2100,주택수(다가구 구분거처 반영),(新)주택보급률,2021,2026-01-02,,세종,천호천가구％,,116
구분,107.5,13102871096A.0012,A,13103871096T6,DT_MLTM_2100,보급률(다가구 구분거처 반영),(新)주택보급률,2021,2026-01-02,,세종,천호천가구％,,116
구분,674.7,13102871096A.0013,A,13103871096T4,DT_MLTM_2100,가구수(등록센서스),(新)주택보급률,2021,2026-01-02,,강원,천호천가구％,Household,116
구분,742,13102871096A.0013,A,13103871096T5,DT_MLTM_2100,주택수(다가구 구분거처 반영),(新)주택보급률,2021,2026-01-02,,강원,천호천가구％,,116
구분,110,13102871096A.0013,A,13103871096T6,DT_MLTM_2100,보급률(다가구 구분거처 반영),(新)주택보급률,2021,2026-01-02,,강원,천호천가구％,,116
구분,695.6,13102871096A.0014,A,13103871096T4,DT_MLTM_2100,가구수(등록센서스),(新)주택보급률,2021,2026-01-02,Chungcheongbuk-do,충북,천호천가구％,Household,116
구분,776.9,13102871096A.0014,A,13103871096T5,DT_MLTM_2100,주택수(다가구 구분거처 반영),(新)주택보급률,2021,2026-01-02,Chungcheongbuk-do,충북,천호천가구％,,116
구분,111.7,13102871096A.0014,A,13103871096T6,DT_MLTM_2100,보급률(다가구 구분거처 반영),(新)주택보급률,2021,2026-01-02,Chungcheongbuk-do,충북,천호천가구％,,116
구분,915.6,13102871096A.0015,A,13103871096T4,DT_MLTM_2100,가구수(등록센서스),(新)주택보급률,2021,2026-01-02,Chungcheongnam-do,충남,천호천가구％,Household,116
구분,1006,13102871096A.0015,A,13103871096T5,DT_MLTM_2100,주택수(다가구 구분거처 반영),(新)주택보급률,2021,2026-01-02,Chungcheongnam-do,충남,천호천가구％,,116
구분,109.9,13102871096A.0015,A,13103871096T6,DT_MLTM_2100,보급률(다가구 구분거처 반영),(新)주택보급률,2021,2026-01-02,Chungcheongnam-do,충남,천호천가구％,,116
구분,772.5,13102871096A.0016,A,13103871096T4,DT_MLTM_2100,가구수(등록센서스),(新)주택보급률,2021,2026-01-02,Jeollabuk-do,전북,천호천가구％,Household,116
구분,841.1,13102871096A.0016,A,13103871096T5,DT_MLTM_2100,주택수(다가구 구분거처 반영),(新)주택보급률,2021,2026-01-02,Jeollabuk-do,전북,천호천가구％,,116
구분,108.9,13102871096A.0016,A,13103871096T6,DT_MLTM_2100,보급률(다가구 구분거처 반영),(新)주택보급률,2021,2026-01-02,Jeollabuk-do,전북,천호천가구％,,116
구분,777.4,13102871096A.0017,A,13103871096T4,DT_MLTM_2100,가구수(등록센서스),(新)주택보급률,2021,2026-01-02,Jeollanam-do,전남,천호천가구％,Household,116
구분,868.6,13102871096A.0017,A,13103871096T5,DT_MLTM_2100,주택수(다가구 구분거처 반영),(新)주택보급률,2021,2026-01-02,Jeollanam-do,전남,천호천가구％,,116
구분,111.7,13102871096A.0017,A,13103871096T6,DT_MLTM_2100,보급률(다가구 구분거처 반영),(新)주택보급률,2021,2026-01-02,Jeollanam-do,전남,천호천가구％,,116
구분,1156.6,13102871096A.0018,A,13103871096T4,DT_MLTM_2100,가구수(등록센서스),(新)주택보급률,2021,2026-01-02,Gyeongsangbuk-do,경북,천호천가구％,Household,116
구분,1315.6,13102871096A.0018,A,13103871096T5,DT_MLTM_2100,주택수(다가구 구분거처 반영),(新)주택보급률,2021,2026-01-02,Gyeongsangbuk-do,경북,천호천가구％,,116
구분,113.7,13102871096A.0018,A,13103871096T6,DT_MLTM_2100,보급률(다가구 구분거처 반영),(新)주택보급률,2021,2026-01-02,Gyeongsangbuk-do,경북,천호천가구％,,116
구분,1379,13102871096A.0019,A,13103871096T4,DT_MLTM_2100,가구수(등록센서스),(新)주택보급률,2021,2026-01-02,Gyeongsangnam-do,경남,천호천가구％,Household,116
구분,1517,13102871096A.0019,A,13103871096T5,DT_MLTM_2100,주택수(다가구 구분거처 반영),(新)주택보급률,2021,2026-01-02,Gyeongsangnam-do,경남,천호천가구％,,116
구분,110,13102871096A.0019,A,13103871096T6,DT_MLTM_2100,보급률(다가구 구분거처 반영),(新)주택보급률,2021,2026-01-02,Gyeongsangnam-do,경남,천호천가구％,,116
구분,271.2,13102871096A.0020,A,13103871096T4,DT_MLTM_2100,가구수(등록센서스),(新)주택보급률,2021,2026-01-02,Jeju,제주,천호천가구％,Household,116
구분,284.7,13102871096A.0020,A,13103871096T5,DT_MLTM_2100,주택수(다가구 구분거처 반영),(新)주택보급률,2021,2026-01-02,Jeju,제주,천호천가구％,,116
구분,105,13102871096A.0020,A,13103871096T6,DT_MLTM_2100,보급률(다가구 구분거처 반영),(新)주택보급률,2021,2026-01-02,Jeju,제주,천호천가구％,,116
구분,21773.5,13102871096A.0001,A,13103871096T4,DT_MLTM_2100,가구수(등록센서스),(新)주택보급률,2022,2026-01-02,Whole country,전국,천호천가구％,Household,116
구분,22236.9,13102871096A.0001,A,13103871096T5,DT_MLTM_2100,주택수(다가구 구분거처 반영),(新)주택보급률,2022,2026-01-02,Whole country,전국,천호천가구％,,116
구분,102.1,13102871096A.0001,A,13103871096T6,DT_MLTM_2100,보급률(다가구 구분거처 반영),(新)주택보급률,2022,2026-01-02,Whole country,전국,천호천가구％,,116
구분,10718.5,13102871096A.0002,A,13103871096T4,DT_MLTM_2100,가구수(등록센서스),(新)주택보급률,2022,2026-01-02,Capital Area,수도권,천호천가구％,Household,116
구분,10357.8,13102871096A.0002,A,13103871096T5,DT_MLTM_2100,주택수(다가구 구분거처 반영),(新)주택보급률,2022,2026-01-02,Capital Area,수도권,천호천가구％,,116
구분,96.6,13102871096A.0002,A,13103871096T6,DT_MLTM_2100,보급률(다가구 구분거처 반영),(新)주택보급률,2022,2026-01-02,Capital Area,수도권,천호천가구％,,116
구분,11055,13102871096A.0003,A,13103871096T4,DT_MLTM_2100,가구수(등록센서스),(新)주택보급률,2022,2026-01-02,Other Region,지방,천호천가구％,Household,116
구분,11879.1,13102871096A.0003,A,13103871096T5,DT_MLTM_2100,주택수(다가구 구분거처 반영),(新)주택보급률,2022,2026-01-02,Other Region,지방,천호천가구％,,116
구분,107.5,13102871096A.0003,A,13103871096T6,DT_MLTM_2100,보급률(다가구 구분거처 반영),(新)주택보급률,2022,2026-01-02,Other Region,지방,천호천가구％,,116
구분,4098.8,13102871096A.0004,A,13103871096T4,DT_MLTM_2100,가구수(등록센서스),(新)주택보급률,2022,2026-01-02,Seoul,서울,천호천가구％,Household,116
구분,3839.8,13102871096A.0004,A,13103871096T5,DT_MLTM_2100,주택수(다가구 구분거처 반영),(新)주택보급률,2022,2026-01-02,Seoul,서울,천호천가구％,,116
구분,93.7,13102871096A.0004,A,13103871096T6,DT_MLTM_2100,보급률(다가구 구분거처 반영),(新)주택보급률,2022,2026-01-02,Seoul,서울,천호천가구％,,116
구분,1447.8,13102871096A.0005,A,13103871096T4,DT_MLTM_2100,가구수(등록센서스),(新)주택보급률,2022,2026-01-02,Busan,부산,천호천가구％,Household,116
구분,1485.6,13102871096A.0005,A,13103871096T5,DT_MLTM_2100,주택수(다가구 구분거처 반영),(新)주택보급률,2022,2026-01-02,Busan,부산,천호천가구％,,116
구분,102.6,13102871096A.0005,A,13103871096T6,DT_MLTM_2100,보급률(다가구 구분거처 반영),(新)주택보급률,2022,2026-01-02,Busan,부산,천호천가구％,,116
구분,1010.8,13102871096A.0006,A,13103871096T4,DT_MLTM_2100,가구수(등록센서스),(新)주택보급률,2022,2026-01-02,Daegu,대구,천호천가구％,Household,116
구분,1025.4,13102871096A.0006,A,13103871096T5,DT_MLTM_2100,주택수(다가구 구분거처 반영),(新)주택보급률,2022,2026-01-02,Daegu,대구,천호천가구％,,116
구분,101.4,13102871096A.0006,A,13103871096T6,DT_MLTM_2100,보급률(다가구 구분거처 반영),(新)주택보급률,2022,2026-01-02,Daegu,대구,천호천가구％,,116
구분,1212.7,13102871096A.0007,A,13103871096T4,DT_MLTM_2100,가구수(등록센서스),(新)주택보급률,2022,2026-01-02,Incheon,인천,천호천가구％,Household,116
구분,1187.8,13102871096A.0007,A,13103871096T5,DT_MLTM_2100,주택수(다가구 구분거처 반영),(新)주택보급률,2022,2026-01-02,Incheon,인천,천호천가구％,,116
구분,97.9,13102871096A.0007,A,13103871096T6,DT_MLTM_2100,보급률(다가구 구분거처 반영),(新)주택보급률,2022,2026-01-02,Incheon,인천,천호천가구％,,116
구분,623.3,13102871096A.0008,A,13103871096T4,DT_MLTM_2100,가구수(등록센서스),(新)주택보급률,2022,2026-01-02,Gwangju,광주,천호천가구％,Household,116
구분,655.7,13102871096A.0008,A,13103871096T5,DT_MLTM_2100,주택수(다가구 구분거처 반영),(新)주택보급률,2022,2026-01-02,Gwangju,광주,천호천가구％,,116
구분,105.2,13102871096A.0008,A,13103871096T6,DT_MLTM_2100,보급률(다가구 구분거처 반영),(新)주택보급률,2022,2026-01-02,Gwangju,광주,천호천가구％,,116
구분,646.5,13102871096A.0009,A,13103871096T4,DT_MLTM_2100,가구수(등록센서스),(新)주택보급률,2022,2026-01-02,Daejeon,대전,천호천가구％,Household,116
구분,628.1,13102871096A.0009,A,13103871096T5,DT_MLTM_2100,주택수(다가구 구분거처 반영),(新)주택보급률,2022,2026-01-02,Daejeon,대전,천호천가구％,,116
구분,97.2,13102871096A.0009,A,13103871096T6,DT_MLTM_2100,보급률(다가구 구분거처 반영),(新)주택보급률,2022,2026-01-02,Daejeon,대전,천호천가구％,,116
구분,454,13102871096A.0010,A,13103871096T4,DT_MLTM_2100,가구수(등록센서스),(新)주택보급률,2022,2026-01-02,Ulsan,울산,천호천가구％,Household,116
구분,492.3,13102871096A.0010,A,13103871096T5,DT_MLTM_2100,주택수(다가구 구분거처 반영),(新)주택보급률,2022,2026-01-02,Ulsan,울산,천호천가구％,,116
구분,108.4,13102871096A.0010,A,13103871096T6,DT_MLTM_2100,보급률(다가구 구분거처 반영),(新)주택보급률,2022,2026-01-02,Ulsan,울산,천호천가구％,,116
구분,5407,13102871096A.0011,A,13103871096T4,DT_MLTM_2100,가구수(등록센서스),(新)주택보급률,2022,2026-01-02,Gyeonggi-do,경기,천호천가구％,Household,116
구분,5330.2,13102871096A.0011,A,13103871096T5,DT_MLTM_2100,주택수(다가구 구분거처 반영),(新)주택보급률,2022,2026-01-02,Gyeonggi-do,경기,천호천가구％,,116
구분,98.6,13102871096A.0011,A,13103871096T6,DT_MLTM_2100,보급률(다가구 구분거처 반영),(新)주택보급률,2022,2026-01-02,Gyeonggi-do,경기,천호천가구％,,116
구분,154,13102871096A.0012,A,13103871096T4,DT_MLTM_2100,가구수(등록센서스),(新)주택보급률,2022,2026-01-02,,세종,천호천가구％,Household,116
구분,162.7,13102871096A.0012,A,13103871096T5,DT_MLTM_2100,주택수(다가구 구분거처 반영),(新)주택보급률,2022,2026-01-02,,세종,천호천가구％,,116
구분,105.6,13102871096A.0012,A,13103871096T6,DT_MLTM_2100,보급률(다가구 구분거처 반영),(新)주택보급률,2022,2026-01-02,,세종,천호천가구％,,116
구분,684.9,13102871096A.0013,A,13103871096T4,DT_MLTM_2100,가구수(등록센서스),(新)주택보급률,2022,2026-01-02,,강원,천호천가구％,Household,116
구분,753.2,13102871096A.0013,A,13103871096T5,DT_MLTM_2100,주택수(다가구 구분거처 반영),(新)주택보급률,2022,2026-01-02,,강원,천호천가구％,,116
구분,110,13102871096A.0013,A,13103871096T6,DT_MLTM_2100,보급률(다가구 구분거처 반영),(新)주택보급률,2022,2026-01-02,,강원,천호천가구％,,116
구분,704.9,13102871096A.0014,A,13103871096T4,DT_MLTM_2100,가구수(등록센서스),(新)주택보급률,2022,2026-01-02,Chungcheongbuk-do,충북,천호천가구％,Household,116
구분,786.5,13102871096A.0014,A,13103871096T5,DT_MLTM_2100,주택수(다가구 구분거처 반영),(新)주택보급률,2022,2026-01-02,Chungcheongbuk-do,충북,천호천가구％,,116
구분,111.6,13102871096A.0014,A,13103871096T6,DT_MLTM_2100,보급률(다가구 구분거처 반영),(新)주택보급률,2022,2026-01-02,Chungcheongbuk-do,충북,천호천가구％,,116
구분,931.4,13102871096A.0015,A,13103871096T4,DT_MLTM_2100,가구수(등록센서스),(新)주택보급률,2022,2026-01-02,Chungcheongnam-do,충남,천호천가구％,Household,116
구분,1027.6,13102871096A.0015,A,13103871096T5,DT_MLTM_2100,주택수(다가구 구분거처 반영),(新)주택보급률,2022,2026-01-02,Chungcheongnam-do,충남,천호천가구％,,116
구분,110.3,13102871096A.0015,A,13103871096T6,DT_MLTM_2100,보급률(다가구 구분거처 반영),(新)주택보급률,2022,2026-01-02,Chungcheongnam-do,충남,천호천가구％,,116
구분,777.7,13102871096A.0016,A,13103871096T4,DT_MLTM_2100,가구수(등록센서스),(新)주택보급률,2022,2026-01-02,Jeollabuk-do,전북,천호천가구％,Household,116
구분,849,13102871096A.0016,A,13103871096T5,DT_MLTM_2100,주택수(다가구 구분거처 반영),(新)주택보급률,2022,2026-01-02,Jeollabuk-do,전북,천호천가구％,,116
구분,109.2,13102871096A.0016,A,13103871096T6,DT_MLTM_2100,보급률(다가구 구분거처 반영),(新)주택보급률,2022,2026-01-02,Jeollabuk-do,전북,천호천가구％,,116
구분,784.6,13102871096A.0017,A,13103871096T4,DT_MLTM_2100,가구수(등록센서스),(新)주택보급률,2022,2026-01-02,Jeollanam-do,전남,천호천가구％,Household,116
구분,881.7,13102871096A.0017,A,13103871096T5,DT_MLTM_2100,주택수(다가구 구분거처 반영),(新)주택보급률,2022,2026-01-02,Jeollanam-do,전남,천호천가구％,,116
구분,112.4,13102871096A.0017,A,13103871096T6,DT_MLTM_2100,보급률(다가구 구분거처 반영),(新)주택보급률,2022,2026-01-02,Jeollanam-do,전남,천호천가구％,,116
구분,1166.3,13102871096A.0018,A,13103871096T4,DT_MLTM_2100,가구수(등록센서스),(新)주택보급률,2022,2026-01-02,Gyeongsangbuk-do,경북,천호천가구％,Household,116
구분,1320.7,13102871096A.0018,A,13103871096T5,DT_MLTM_2100,주택수(다가구 구분거처 반영),(新)주택보급률,2022,2026-01-02,Gyeongsangbuk-do,경북,천호천가구％,,116
구분,113.2,13102871096A.0018,A,13103871096T6,DT_MLTM_2100,보급률(다가구 구분거처 반영),(新)주택보급률,2022,2026-01-02,Gyeongsangbuk-do,경북,천호천가구％,,116
구분,1392.6,13102871096A.0019,A,13103871096T4,DT_MLTM_2100,가구수(등록센서스),(新)주택보급률,2022,2026-01-02,Gyeongsangnam-do,경남,천호천가구％,Household,116
구분,1522.6,13102871096A.0019,A,13103871096T5,DT_MLTM_2100,주택수(다가구 구분거처 반영),(新)주택보급률,2022,2026-01-02,Gyeongsangnam-do,경남,천호천가구％,,116
구분,109.3,13102871096A.0019,A,13103871096T6,DT_MLTM_2100,보급률(다가구 구분거처 반영),(新)주택보급률,2022,2026-01-02,Gyeongsangnam-do,경남,천호천가구％,,116
구분,276.2,13102871096A.0020,A,13103871096T4,DT_MLTM_2100,가구수(등록센서스),(新)주택보급률,2022,2026-01-02,Jeju,제주,천호천가구％,Household,116
구분,288,13102871096A.0020,A,13103871096T5,DT_MLTM_2100,주택수(다가구 구분거처 반영),(新)주택보급률,2022,2026-01-02,Jeju,제주,천호천가구％,,116
구분,104.3,13102871096A.0020,A,13103871096T6,DT_MLTM_2100,보급률(다가구 구분거처 반영),(新)주택보급률,2022,2026-01-02,Jeju,제주,천호천가구％,,116
구분,22073.2,13102871096A.0001,A,13103871096T4,DT_MLTM_2100,가구수(등록센서스),(新)주택보급률,2023,2026-01-02,Whole country,전국,천호천가구％,Household,116
구분,22623.9,13102871096A.0001,A,13103871096T5,DT_MLTM_2100,주택수(다가구 구분거처 반영),(新)주택보급률,2023,2026-01-02,Whole country,전국,천호천가구％,,116
구분,102.5,13102871096A.0001,A,13103871096T6,DT_MLTM_2100,보급률(다가구 구분거처 반영),(新)주택보급률,2023,2026-01-02,Whole country,전국,천호천가구％,,116
구분,10883.9,13102871096A.0002,A,13103871096T4,DT_MLTM_2100,가구수(등록센서스),(新)주택보급률,2023,2026-01-02,Capital Area,수도권,천호천가구％,Household,116
구분,10573.7,13102871096A.0002,A,13103871096T5,DT_MLTM_2100,주택수(다가구 구분거처 반영),(新)주택보급률,2023,2026-01-02,Capital Area,수도권,천호천가구％,,116
구분,97.2,13102871096A.0002,A,13103871096T6,DT_MLTM_2100,보급률(다가구 구분거처 반영),(新)주택보급률,2023,2026-01-02,Capital Area,수도권,천호천가구％,,116
구분,11189.3,13102871096A.0003,A,13103871096T4,DT_MLTM_2100,가구수(등록센서스),(新)주택보급률,2023,2026-01-02,Other Region,지방,천호천가구％,Household,116
구분,12050.2,13102871096A.0003,A,13103871096T5,DT_MLTM_2100,주택수(다가구 구분거처 반영),(新)주택보급률,2023,2026-01-02,Other Region,지방,천호천가구％,,116
구분,107.7,13102871096A.0003,A,13103871096T6,DT_MLTM_2100,보급률(다가구 구분거처 반영),(新)주택보급률,2023,2026-01-02,Other Region,지방,천호천가구％,,116
구분,4141.7,13102871096A.0004,A,13103871096T4,DT_MLTM_2100,가구수(등록센서스),(新)주택보급률,2023,2026-01-02,Seoul,서울,천호천가구％,Household,116
구분,3878.5,13102871096A.0004,A,13103871096T5,DT_MLTM_2100,주택수(다가구 구분거처 반영),(新)주택보급률,2023,2026-01-02,Seoul,서울,천호천가구％,,116
구분,93.6,13102871096A.0004,A,13103871096T6,DT_MLTM_2100,보급률(다가구 구분거처 반영),(新)주택보급률,2023,2026-01-02,Seoul,서울,천호천가구％,,116
구분,1462.4,13102871096A.0005,A,13103871096T4,DT_MLTM_2100,가구수(등록센서스),(新)주택보급률,2023,2026-01-02,Busan,부산,천호천가구％,Household,116
구분,1505.4,13102871096A.0005,A,13103871096T5,DT_MLTM_2100,주택수(다가구 구분거처 반영),(新)주택보급률,2023,2026-01-02,Busan,부산,천호천가구％,,116
구분,102.9,13102871096A.0005,A,13103871096T6,DT_MLTM_2100,보급률(다가구 구분거처 반영),(新)주택보급률,2023,2026-01-02,Busan,부산,천호천가구％,,116
구분,1033.2,13102871096A.0006,A,13103871096T4,DT_MLTM_2100,가구수(등록센서스),(新)주택보급률,2023,2026-01-02,Daegu,대구,천호천가구％,Household,116
구분,1067.8,13102871096A.0006,A,13103871096T5,DT_MLTM_2100,주택수(다가구 구분거처 반영),(新)주택보급률,2023,2026-01-02,Daegu,대구,천호천가구％,,116
구분,103.3,13102871096A.0006,A,13103871096T6,DT_MLTM_2100,보급률(다가구 구분거처 반영),(新)주택보급률,2023,2026-01-02,Daegu,대구,천호천가구％,,116
구분,1242.2,13102871096A.0007,A,13103871096T4,DT_MLTM_2100,가구수(등록센서스),(新)주택보급률,2023,2026-01-02,Incheon,인천,천호천가구％,Household,116
구분,1231,13102871096A.0007,A,13103871096T5,DT_MLTM_2100,주택수(다가구 구분거처 반영),(新)주택보급률,2023,2026-01-02,Incheon,인천,천호천가구％,,116
구분,99.1,13102871096A.0007,A,13103871096T6,DT_MLTM_2100,보급률(다가구 구분거처 반영),(新)주택보급률,2023,2026-01-02,Incheon,인천,천호천가구％,,116
구분,627.6,13102871096A.0008,A,13103871096T4,DT_MLTM_2100,가구수(등록센서스),(新)주택보급률,2023,2026-01-02,Gwangju,광주,천호천가구％,Household,116
구분,661.9,13102871096A.0008,A,13103871096T5,DT_MLTM_2100,주택수(다가구 구분거처 반영),(新)주택보급률,2023,2026-01-02,Gwangju,광주,천호천가구％,,116
구분,105.5,13102871096A.0008,A,13103871096T6,DT_MLTM_2100,보급률(다가구 구분거처 반영),(新)주택보급률,2023,2026-01-02,Gwangju,광주,천호천가구％,,116
구분,654.8,13102871096A.0009,A,13103871096T4,DT_MLTM_2100,가구수(등록센서스),(新)주택보급률,2023,2026-01-02,Daejeon,대전,천호천가구％,Household,116
구분,631.3,13102871096A.0009,A,13103871096T5,DT_MLTM_2100,주택수(다가구 구분거처 반영),(新)주택보급률,2023,2026-01-02,Daejeon,대전,천호천가구％,,116
구분,96.4,13102871096A.0009,A,13103871096T6,DT_MLTM_2100,보급률(다가구 구분거처 반영),(新)주택보급률,2023,2026-01-02,Daejeon,대전,천호천가구％,,116
구분,458.1,13102871096A.0010,A,13103871096T4,DT_MLTM_2100,가구수(등록센서스),(新)주택보급률,2023,2026-01-02,Ulsan,울산,천호천가구％,Household,116
구분,497.4,13102871096A.0010,A,13103871096T5,DT_MLTM_2100,주택수(다가구 구분거처 반영),(新)주택보급률,2023,2026-01-02,Ulsan,울산,천호천가구％,,116
구분,108.6,13102871096A.0010,A,13103871096T6,DT_MLTM_2100,보급률(다가구 구분거처 반영),(新)주택보급률,2023,2026-01-02,Ulsan,울산,천호천가구％,,116
구분,5500,13102871096A.0011,A,13103871096T4,DT_MLTM_2100,가구수(등록센서스),(新)주택보급률,2023,2026-01-02,Gyeonggi-do,경기,천호천가구％,Household,116
구분,5464.2,13102871096A.0011,A,13103871096T5,DT_MLTM_2100,주택수(다가구 구분거처 반영),(新)주택보급률,2023,2026-01-02,Gyeonggi-do,경기,천호천가구％,,116
구분,99.3,13102871096A.0011,A,13103871096T6,DT_MLTM_2100,보급률(다가구 구분거처 반영),(新)주택보급률,2023,2026-01-02,Gyeonggi-do,경기,천호천가구％,,116
구분,156.4,13102871096A.0012,A,13103871096T4,DT_MLTM_2100,가구수(등록센서스),(新)주택보급률,2023,2026-01-02,,세종,천호천가구％,Household,116
구분,165.9,13102871096A.0012,A,13103871096T5,DT_MLTM_2100,주택수(다가구 구분거처 반영),(新)주택보급률,2023,2026-01-02,,세종,천호천가구％,,116
구분,106.1,13102871096A.0012,A,13103871096T6,DT_MLTM_2100,보급률(다가구 구분거처 반영),(新)주택보급률,2023,2026-01-02,,세종,천호천가구％,,116
구분,698.4,13102871096A.0013,A,13103871096T4,DT_MLTM_2100,가구수(등록센서스),(新)주택보급률,2023,2026-01-02,,강원,천호천가구％,Household,116
구분,762.6,13102871096A.0013,A,13103871096T5,DT_MLTM_2100,주택수(다가구 구분거처 반영),(新)주택보급률,2023,2026-01-02,,강원,천호천가구％,,116
구분,109.2,13102871096A.0013,A,13103871096T6,DT_MLTM_2100,보급률(다가구 구분거처 반영),(新)주택보급률,2023,2026-01-02,,강원,천호천가구％,,116
구분,720.2,13102871096A.0014,A,13103871096T4,DT_MLTM_2100,가구수(등록센서스),(新)주택보급률,2023,2026-01-02,Chungcheongbuk-do,충북,천호천가구％,Household,116
구분,801.2,13102871096A.0014,A,13103871096T5,DT_MLTM_2100,주택수(다가구 구분거처 반영),(新)주택보급률,2023,2026-01-02,Chungcheongbuk-do,충북,천호천가구％,,116
구분,111.2,13102871096A.0014,A,13103871096T6,DT_MLTM_2100,보급률(다가구 구분거처 반영),(新)주택보급률,2023,2026-01-02,Chungcheongbuk-do,충북,천호천가구％,,116
구분,948.6,13102871096A.0015,A,13103871096T4,DT_MLTM_2100,가구수(등록센서스),(新)주택보급률,2023,2026-01-02,Chungcheongnam-do,충남,천호천가구％,Household,116
구분,1059.2,13102871096A.0015,A,13103871096T5,DT_MLTM_2100,주택수(다가구 구분거처 반영),(新)주택보급률,2023,2026-01-02,Chungcheongnam-do,충남,천호천가구％,,116
구분,111.7,13102871096A.0015,A,13103871096T6,DT_MLTM_2100,보급률(다가구 구분거처 반영),(新)주택보급률,2023,2026-01-02,Chungcheongnam-do,충남,천호천가구％,,116
구분,786.8,13102871096A.0016,A,13103871096T4,DT_MLTM_2100,가구수(등록센서스),(新)주택보급률,2023,2026-01-02,Jeollabuk-do,전북,천호천가구％,Household,116
구분,859.3,13102871096A.0016,A,13103871096T5,DT_MLTM_2100,주택수(다가구 구분거처 반영),(新)주택보급률,2023,2026-01-02,Jeollabuk-do,전북,천호천가구％,,116
구분,109.2,13102871096A.0016,A,13103871096T6,DT_MLTM_2100,보급률(다가구 구분거처 반영),(新)주택보급률,2023,2026-01-02,Jeollabuk-do,전북,천호천가구％,,116
구분,793.2,13102871096A.0017,A,13103871096T4,DT_MLTM_2100,가구수(등록센서스),(新)주택보급률,2023,2026-01-02,Jeollanam-do,전남,천호천가구％,Household,116
구분,892.9,13102871096A.0017,A,13103871096T5,DT_MLTM_2100,주택수(다가구 구분거처 반영),(新)주택보급률,2023,2026-01-02,Jeollanam-do,전남,천호천가구％,,116
구분,112.6,13102871096A.0017,A,13103871096T6,DT_MLTM_2100,보급률(다가구 구분거처 반영),(新)주택보급률,2023,2026-01-02,Jeollanam-do,전남,천호천가구％,,116
구분,1166.6,13102871096A.0018,A,13103871096T4,DT_MLTM_2100,가구수(등록센서스),(新)주택보급률,2023,2026-01-02,Gyeongsangbuk-do,경북,천호천가구％,Household,116
구분,1319.7,13102871096A.0018,A,13103871096T5,DT_MLTM_2100,주택수(다가구 구분거처 반영),(新)주택보급률,2023,2026-01-02,Gyeongsangbuk-do,경북,천호천가구％,,116
구분,113.1,13102871096A.0018,A,13103871096T6,DT_MLTM_2100,보급률(다가구 구분거처 반영),(新)주택보급률,2023,2026-01-02,Gyeongsangbuk-do,경북,천호천가구％,,116
구분,1404.5,13102871096A.0019,A,13103871096T4,DT_MLTM_2100,가구수(등록센서스),(新)주택보급률,2023,2026-01-02,Gyeongsangnam-do,경남,천호천가구％,Household,116
구분,1532.2,13102871096A.0019,A,13103871096T5,DT_MLTM_2100,주택수(다가구 구분거처 반영),(新)주택보급률,2023,2026-01-02,Gyeongsangnam-do,경남,천호천가구％,,116
구분,109.1,13102871096A.0019,A,13103871096T6,DT_MLTM_2100,보급률(다가구 구분거처 반영),(新)주택보급률,2023,2026-01-02,Gyeongsangnam-do,경남,천호천가구％,,116
구분,278.3,13102871096A.0020,A,13103871096T4,DT_MLTM_2100,가구수(등록센서스),(新)주택보급률,2023,2026-01-02,Jeju,제주,천호천가구％,Household,116
구분,293.2,13102871096A.0020,A,13103871096T5,DT_MLTM_2100,주택수(다가구 구분거처 반영),(新)주택보급률,2023,2026-01-02,Jeju,제주,천호천가구％,,116
구분,105.3,13102871096A.0020,A,13103871096T6,DT_MLTM_2100,보급률(다가구 구분거처 반영),(新)주택보급률,2023,2026-01-02,Jeju,제주,천호천가구％,,116
구분,22294.4,13102871096A.0001,A,13103871096T4,DT_MLTM_2100,가구수(등록센서스),(新)주택보급률,2024,2026-01-02,Whole country,전국,천호천가구％,Household,116
구분,22939.8,13102871096A.0001,A,13103871096T5,DT_MLTM_2100,주택수(다가구 구분거처 반영),(新)주택보급률,2024,2026-01-02,Whole country,전국,천호천가구％,,116
구분,102.9,13102871096A.0001,A,13103871096T6,DT_MLTM_2100,보급률(다가구 구분거처 반영),(新)주택보급률,2024,2026-01-02,Whole country,전국,천호천가구％,,116
구분,11019.7,13102871096A.0002,A,13103871096T4,DT_MLTM_2100,가구수(등록센서스),(新)주택보급률,2024,2026-01-02,Capital Area,수도권,천호천가구％,Household,116
구분,10719.6,13102871096A.0002,A,13103871096T5,DT_MLTM_2100,주택수(다가구 구분거처 반영),(新)주택보급률,2024,2026-01-02,Capital Area,수도권,천호천가구％,,116
구분,97.3,13102871096A.0002,A,13103871096T6,DT_MLTM_2100,보급률(다가구 구분거처 반영),(新)주택보급률,2024,2026-01-02,Capital Area,수도권,천호천가구％,,116
구분,11274.7,13102871096A.0003,A,13103871096T4,DT_MLTM_2100,가구수(등록센서스),(新)주택보급률,2024,2026-01-02,Other Region,지방,천호천가구％,Household,116
구분,12220.2,13102871096A.0003,A,13103871096T5,DT_MLTM_2100,주택수(다가구 구분거처 반영),(新)주택보급률,2024,2026-01-02,Other Region,지방,천호천가구％,,116
구분,108.4,13102871096A.0003,A,13103871096T6,DT_MLTM_2100,보급률(다가구 구분거처 반영),(新)주택보급률,2024,2026-01-02,Other Region,지방,천호천가구％,,116
구분,4159.5,13102871096A.0004,A,13103871096T4,DT_MLTM_2100,가구수(등록센서스),(新)주택보급률,2024,2026-01-02,Seoul,서울,천호천가구％,Household,116
구분,3907.7,13102871096A.0004,A,13103871096T5,DT_MLTM_2100,주택수(다가구 구분거처 반영),(新)주택보급률,2024,2026-01-02,Seoul,서울,천호천가구％,,116
구분,93.9,13102871096A.0004,A,13103871096T6,DT_MLTM_2100,보급률(다가구 구분거처 반영),(新)주택보급률,2024,2026-01-02,Seoul,서울,천호천가구％,,116
구분,1470.6,13102871096A.0005,A,13103871096T4,DT_MLTM_2100,가구수(등록센서스),(新)주택보급률,2024,2026-01-02,Busan,부산,천호천가구％,Household,116
구분,1507,13102871096A.0005,A,13103871096T5,DT_MLTM_2100,주택수(다가구 구분거처 반영),(新)주택보급률,2024,2026-01-02,Busan,부산,천호천가구％,,116
구분,102.5,13102871096A.0005,A,13103871096T6,DT_MLTM_2100,보급률(다가구 구분거처 반영),(新)주택보급률,2024,2026-01-02,Busan,부산,천호천가구％,,116
구분,1043.7,13102871096A.0006,A,13103871096T4,DT_MLTM_2100,가구수(등록센서스),(新)주택보급률,2024,2026-01-02,Daegu,대구,천호천가구％,Household,116
구분,1099.7,13102871096A.0006,A,13103871096T5,DT_MLTM_2100,주택수(다가구 구분거처 반영),(新)주택보급률,2024,2026-01-02,Daegu,대구,천호천가구％,,116
구분,105.4,13102871096A.0006,A,13103871096T6,DT_MLTM_2100,보급률(다가구 구분거처 반영),(新)주택보급률,2024,2026-01-02,Daegu,대구,천호천가구％,,116
구분,1268.1,13102871096A.0007,A,13103871096T4,DT_MLTM_2100,가구수(등록센서스),(新)주택보급률,2024,2026-01-02,Incheon,인천,천호천가구％,Household,116
구분,1255.4,13102871096A.0007,A,13103871096T5,DT_MLTM_2100,주택수(다가구 구분거처 반영),(新)주택보급률,2024,2026-01-02,Incheon,인천,천호천가구％,,116
구분,99,13102871096A.0007,A,13103871096T6,DT_MLTM_2100,보급률(다가구 구분거처 반영),(新)주택보급률,2024,2026-01-02,Incheon,인천,천호천가구％,,116
구분,628.6,13102871096A.0008,A,13103871096T4,DT_MLTM_2100,가구수(등록센서스),(新)주택보급률,2024,2026-01-02,Gwangju,광주,천호천가구％,Household,116
구분,669.1,13102871096A.0008,A,13103871096T5,DT_MLTM_2100,주택수(다가구 구분거처 반영),(新)주택보급률,2024,2026-01-02,Gwangju,광주,천호천가구％,,116
구분,106.4,13102871096A.0008,A,13103871096T6,DT_MLTM_2100,보급률(다가구 구분거처 반영),(新)주택보급률,2024,2026-01-02,Gwangju,광주,천호천가구％,,116
구분,658.8,13102871096A.0009,A,13103871096T4,DT_MLTM_2100,가구수(등록센서스),(新)주택보급률,2024,2026-01-02,Daejeon,대전,천호천가구％,Household,116
구분,649,13102871096A.0009,A,13103871096T5,DT_MLTM_2100,주택수(다가구 구분거처 반영),(新)주택보급률,2024,2026-01-02,Daejeon,대전,천호천가구％,,116
구분,98.5,13102871096A.0009,A,13103871096T6,DT_MLTM_2100,보급률(다가구 구분거처 반영),(新)주택보급률,2024,2026-01-02,Daejeon,대전,천호천가구％,,116
구분,462.3,13102871096A.0010,A,13103871096T4,DT_MLTM_2100,가구수(등록센서스),(新)주택보급률,2024,2026-01-02,Ulsan,울산,천호천가구％,Household,116
구분,497.6,13102871096A.0010,A,13103871096T5,DT_MLTM_2100,주택수(다가구 구분거처 반영),(新)주택보급률,2024,2026-01-02,Ulsan,울산,천호천가구％,,116
구분,107.6,13102871096A.0010,A,13103871096T6,DT_MLTM_2100,보급률(다가구 구분거처 반영),(新)주택보급률,2024,2026-01-02,Ulsan,울산,천호천가구％,,116
구분,5592.1,13102871096A.0011,A,13103871096T4,DT_MLTM_2100,가구수(등록센서스),(新)주택보급률,2024,2026-01-02,Gyeonggi-do,경기,천호천가구％,Household,116
구분,5556.6,13102871096A.0011,A,13103871096T5,DT_MLTM_2100,주택수(다가구 구분거처 반영),(新)주택보급률,2024,2026-01-02,Gyeonggi-do,경기,천호천가구％,,116
구분,99.4,13102871096A.0011,A,13103871096T6,DT_MLTM_2100,보급률(다가구 구분거처 반영),(新)주택보급률,2024,2026-01-02,Gyeonggi-do,경기,천호천가구％,,116
구분,158.9,13102871096A.0012,A,13103871096T4,DT_MLTM_2100,가구수(등록센서스),(新)주택보급률,2024,2026-01-02,,세종,천호천가구％,Household,116
구분,172,13102871096A.0012,A,13103871096T5,DT_MLTM_2100,주택수(다가구 구분거처 반영),(新)주택보급률,2024,2026-01-02,,세종,천호천가구％,,116
구분,108.2,13102871096A.0012,A,13103871096T6,DT_MLTM_2100,보급률(다가구 구분거처 반영),(新)주택보급률,2024,2026-01-02,,세종,천호천가구％,,116
구분,702.6,13102871096A.0013,A,13103871096T4,DT_MLTM_2100,가구수(등록센서스),(新)주택보급률,2024,2026-01-02,,강원,천호천가구％,Household,116
구분,771,13102871096A.0013,A,13103871096T5,DT_MLTM_2100,주택수(다가구 구분거처 반영),(新)주택보급률,2024,2026-01-02,,강원,천호천가구％,,116
구분,109.7,13102871096A.0013,A,13103871096T6,DT_MLTM_2100,보급률(다가구 구분거처 반영),(新)주택보급률,2024,2026-01-02,,강원,천호천가구％,,116
구분,727,13102871096A.0014,A,13103871096T4,DT_MLTM_2100,가구수(등록센서스),(新)주택보급률,2024,2026-01-02,Chungcheongbuk-do,충북,천호천가구％,Household,116
구분,815.1,13102871096A.0014,A,13103871096T5,DT_MLTM_2100,주택수(다가구 구분거처 반영),(新)주택보급률,2024,2026-01-02,Chungcheongbuk-do,충북,천호천가구％,,116
구분,112.1,13102871096A.0014,A,13103871096T6,DT_MLTM_2100,보급률(다가구 구분거처 반영),(新)주택보급률,2024,2026-01-02,Chungcheongbuk-do,충북,천호천가구％,,116
구분,964.5,13102871096A.0015,A,13103871096T4,DT_MLTM_2100,가구수(등록센서스),(新)주택보급률,2024,2026-01-02,Chungcheongnam-do,충남,천호천가구％,Household,116
구분,1084,13102871096A.0015,A,13103871096T5,DT_MLTM_2100,주택수(다가구 구분거처 반영),(新)주택보급률,2024,2026-01-02,Chungcheongnam-do,충남,천호천가구％,,116
구분,112.4,13102871096A.0015,A,13103871096T6,DT_MLTM_2100,보급률(다가구 구분거처 반영),(新)주택보급률,2024,2026-01-02,Chungcheongnam-do,충남,천호천가구％,,116
구분,788.6,13102871096A.0016,A,13103871096T4,DT_MLTM_2100,가구수(등록센서스),(新)주택보급률,2024,2026-01-02,Jeollabuk-do,전북,천호천가구％,Household,116
구분,867.3,13102871096A.0016,A,13103871096T5,DT_MLTM_2100,주택수(다가구 구분거처 반영),(新)주택보급률,2024,2026-01-02,Jeollabuk-do,전북,천호천가구％,,116
구분,110,13102871096A.0016,A,13103871096T6,DT_MLTM_2100,보급률(다가구 구분거처 반영),(新)주택보급률,2024,2026-01-02,Jeollabuk-do,전북,천호천가구％,,116
구분,799,13102871096A.0017,A,13103871096T4,DT_MLTM_2100,가구수(등록센서스),(新)주택보급률,2024,2026-01-02,Jeollanam-do,전남,천호천가구％,Household,116
구분,903.2,13102871096A.0017,A,13103871096T5,DT_MLTM_2100,주택수(다가구 구분거처 반영),(新)주택보급률,2024,2026-01-02,Jeollanam-do,전남,천호천가구％,,116
구분,113,13102871096A.0017,A,13103871096T6,DT_MLTM_2100,보급률(다가구 구분거처 반영),(新)주택보급률,2024,2026-01-02,Jeollanam-do,전남,천호천가구％,,116
구분,1174.6,13102871096A.0018,A,13103871096T4,DT_MLTM_2100,가구수(등록센서스),(新)주택보급률,2024,2026-01-02,Gyeongsangbuk-do,경북,천호천가구％,Household,116
구분,1343.7,13102871096A.0018,A,13103871096T5,DT_MLTM_2100,주택수(다가구 구분거처 반영),(新)주택보급률,2024,2026-01-02,Gyeongsangbuk-do,경북,천호천가구％,,116
구분,114.4,13102871096A.0018,A,13103871096T6,DT_MLTM_2100,보급률(다가구 구분거처 반영),(新)주택보급률,2024,2026-01-02,Gyeongsangbuk-do,경북,천호천가구％,,116
구분,1415.8,13102871096A.0019,A,13103871096T4,DT_MLTM_2100,가구수(등록센서스),(新)주택보급률,2024,2026-01-02,Gyeongsangnam-do,경남,천호천가구％,Household,116
구분,1546.3,13102871096A.0019,A,13103871096T5,DT_MLTM_2100,주택수(다가구 구분거처 반영),(新)주택보급률,2024,2026-01-02,Gyeongsangnam-do,경남,천호천가구％,,116
구분,109.2,13102871096A.0019,A,13103871096T6,DT_MLTM_2100,보급률(다가구 구분거처 반영),(新)주택보급률,2024,2026-01-02,Gyeongsangnam-do,경남,천호천가구％,,116
구분,279.7,13102871096A.0020,A,13103871096T4,DT_MLTM_2100,가구수(등록센서스),(新)주택보급률,2024,2026-01-02,Jeju,제주,천호천가구％,Household,116
구분,295.5,13102871096A.0020,A,13103871096T5,DT_MLTM_2100,주택수(다가구 구분거처 반영),(新)주택보급률,2024,2026-01-02,Jeju,제주,천호천가구％,,116
구분,105.7,13102871096A.0020,A,13103871096T6,DT_MLTM_2100,보급률(다가구 구분거처 반영),(新)주택보급률,2024,2026-01-02,Jeju,제주,천호천가구％,,116
