C1_OBJ_NM,C2_NM,DT,C2,C1,PRD_SE,UNIT_NM_ENG,ITM_ID,TBL_ID,ITM_NM,TBL_NM,PRD_DE,LST_CHN_DE,C1_NM,UNIT_NM,ORG_ID,C2_OBJ_NM
구 분,영구임대주택(건설),0,13102136248B.0001,13102136248A.0001,A,Apartment Unit,13103136248T1,DT_MLTM_7141,LH,임대주택 공급현황,2022,2025-01-23,서울특별시,호,116,레벨01
구 분,영구임대주택(건설),0,13102136248B.0001,13102136248A.0001,A,Apartment Unit,13103136248T2,DT_MLTM_7141,지자체 지방공사,임대주택 공급현황,2022,2025-01-23,서울특별시,호,116,레벨01
구 분,영구임대주택(매입),0,13102136248B.0002,13102136248A.0001,A,Apartment Unit,13103136248T1,DT_MLTM_7141,LH,임대주택 공급현황,2022,2025-01-23,서울특별시,호,116,레벨01
구 분,영구임대주택(매입),353,13102136248B.0002,13102136248A.0001,A,Apartment Unit,13103136248T2,DT_MLTM_7141,지자체 지방공사,임대주택 공급현황,2022,2025-01-23,서울특별시,호,116,레벨01
구 분,국민임대주택(건설),0,13102136248B.0003,13102136248A.0001,A,Apartment Unit,13103136248T1,DT_MLTM_7141,LH,임대주택 공급현황,2022,2025-01-23,서울특별시,호,116,레벨01
구 분,국민임대주택(건설),0,13102136248B.0003,13102136248A.0001,A,Apartment Unit,13103136248T2,DT_MLTM_7141,지자체 지방공사,임대주택 공급현황,2022,2025-01-23,서울특별시,호,116,레벨01
구 분,국민임대주택(매입),0,13102136248B.0004,13102136248A.0001,A,Apartment Unit,13103136248T1,DT_MLTM_7141,LH,임대주택 공급현황,2022,2025-01-23,서울특별시,호,116,레벨01
구 분,국민임대주택(매입),0,13102136248B.0004,13102136248A.0001,A,Apartment Unit,13103136248T2,DT_MLTM_7141,지자체 지방공사,임대주택 공급현황,2022,2025-01-23,서울특별시,호,116,레벨01
구 분,행복주택(건설),0,13102136248B.0005,13102136248A.0001,A,Apartment Unit,13103136248T1,DT_MLTM_7141,LH,임대주택 공급현황,2022,2025-01-23,서울특별시,호,116,레벨01
구 분,행복주택(건설),2547,13102136248B.0005,13102136248A.0001,A,Apartment Unit,13103136248T2,DT_MLTM_7141,지자체 지방공사,임대주택 공급현황,2022,2025-01-23,서울특별시,호,116,레벨01
구 분,통합공공임대주택(건설),0,13102136248B.0006,13102136248A.0001,A,Apartment Unit,13103136248T1,DT_MLTM_7141,LH,임대주택 공급현황,2022,2025-01-23,서울특별시,호,116,레벨01
구 분,통합공공임대주택(건설),296,13102136248B.0006,13102136248A.0001,A,Apartment Unit,13103136248T2,DT_MLTM_7141,지자체 지방공사,임대주택 공급현황,2022,2025-01-23,서울특별시,호,116,레벨01
구 분,통합공공임대주택(건설),0,13102136248B.0006,13102136248A.0001,A,Apartment Unit,13103136248T3,DT_MLTM_7141,공공기관(LH・지방공사 제외),임대주택 공급현황,2022,2025-01-23,서울특별시,호,116,레벨01
구 분,장기전세주택(건설),0,13102136248B.0007,13102136248A.0001,A,Apartment Unit,13103136248T1,DT_MLTM_7141,LH,임대주택 공급현황,2022,2025-01-23,서울특별시,호,116,레벨01
구 분,장기전세주택(건설),0,13102136248B.0007,13102136248A.0001,A,Apartment Unit,13103136248T2,DT_MLTM_7141,지자체 지방공사,임대주택 공급현황,2022,2025-01-23,서울특별시,호,116,레벨01
구 분,분양전환공공임대주택(건설 10년),0,13102136248B.0008,13102136248A.0001,A,Apartment Unit,13103136248T1,DT_MLTM_7141,LH,임대주택 공급현황,2022,2025-01-23,서울특별시,호,116,레벨01
구 분,분양전환공공임대주택(건설 10년),0,13102136248B.0008,13102136248A.0001,A,Apartment Unit,13103136248T2,DT_MLTM_7141,지자체 지방공사,임대주택 공급현황,2022,2025-01-23,서울특별시,호,116,레벨01
구 분,분양전환공공임대주택(건설 10년),0,13102136248B.0008,13102136248A.0001,A,Apartment Unit,13103136248T4,DT_MLTM_7141,민 간,임대주택 공급현황,2022,2025-01-23,서울특별시,호,116,레벨01
구 분,분양전환공공임대주택(건설 6년임대),0,13102136248B.0009,13102136248A.0001,A,Apartment Unit,13103136248T1,DT_MLTM_7141,LH,임대주택 공급현황,2022,2025-01-23,서울특별시,호,116,레벨01
구 분,분양전환공공임대주택(건설 6년임대),0,13102136248B.0009,13102136248A.0001,A,Apartment Unit,13103136248T2,DT_MLTM_7141,지자체 지방공사,임대주택 공급현황,2022,2025-01-23,서울특별시,호,116,레벨01
구 분,분양전환공공임대주택(건설 5년임대),0,13102136248B.0010,13102136248A.0001,A,Apartment Unit,13103136248T1,DT_MLTM_7141,LH,임대주택 공급현황,2022,2025-01-23,서울특별시,호,116,레벨01
구 분,분양전환공공임대주택(건설 5년임대),0,13102136248B.0010,13102136248A.0001,A,Apartment Unit,13103136248T2,DT_MLTM_7141,지자체 지방공사,임대주택 공급현황,2022,2025-01-23,서울특별시,호,116,레벨01
구 분,분양전환공공임대주택(건설 5년임대),0,13102136248B.0010,13102136248A.0001,A,Apartment Unit,13103136248T4,DT_MLTM_7141,민 간,임대주택 공급현황,2022,2025-01-23,서울특별시,호,116,레벨01
구 분,분양전환공공임대주택(건설 분납임대 10년),0,13102136248B.0011,13102136248A.0001,A,Apartment Unit,13103136248T1,DT_MLTM_7141,LH,임대주택 공급현황,2022,2025-01-23,서울특별시,호,116,레벨01
구 분,분양전환공공임대주택(건설 분납임대 10년),0,13102136248B.0011,13102136248A.0001,A,Apartment Unit,13103136248T2,DT_MLTM_7141,지자체 지방공사,임대주택 공급현황,2022,2025-01-23,서울특별시,호,116,레벨01
구 분,분양전환공공임대주택(건설 분납임대 10년),0,13102136248B.0011,13102136248A.0001,A,Apartment Unit,13103136248T4,DT_MLTM_7141,민 간,임대주택 공급현황,2022,2025-01-23,서울특별시,호,116,레벨01
구 분,기존주택등 매입임대(매입),2505,13102136248B.0012,13102136248A.0001,A,Apartment Unit,13103136248T1,DT_MLTM_7141,LH,임대주택 공급현황,2022,2025-01-23,서울특별시,호,116,레벨01
구 분,기존주택등 매입임대(매입),4317,13102136248B.0012,13102136248A.0001,A,Apartment Unit,13103136248T2,DT_MLTM_7141,지자체 지방공사,임대주택 공급현황,2022,2025-01-23,서울특별시,호,116,레벨01
구 분,기존주택전세임대주택(매입),9925,13102136248B.0013,13102136248A.0001,A,Apartment Unit,13103136248T1,DT_MLTM_7141,LH,임대주택 공급현황,2022,2025-01-23,서울특별시,호,116,레벨01
구 분,기존주택전세임대주택(매입),2700,13102136248B.0013,13102136248A.0001,A,Apartment Unit,13103136248T2,DT_MLTM_7141,지자체 지방공사,임대주택 공급현황,2022,2025-01-23,서울특별시,호,116,레벨01
구 분,민간임대주택(단기민간임대주택_건설),0,13102136248B.0014,13102136248A.0001,A,Apartment Unit,13103136248T5,DT_MLTM_7141,개인,임대주택 공급현황,2022,2025-01-23,서울특별시,호,116,레벨01
구 분,민간임대주택(단기민간임대주택_건설),0,13102136248B.0014,13102136248A.0001,A,Apartment Unit,13103136248T6,DT_MLTM_7141,법인,임대주택 공급현황,2022,2025-01-23,서울특별시,호,116,레벨01
구 분,민간임대주택(단기민간임대주택_매입),2,13102136248B.0015,13102136248A.0001,A,Apartment Unit,13103136248T5,DT_MLTM_7141,개인,임대주택 공급현황,2022,2025-01-23,서울특별시,호,116,레벨01
구 분,민간임대주택(단기민간임대주택_매입),0,13102136248B.0015,13102136248A.0001,A,Apartment Unit,13103136248T6,DT_MLTM_7141,법인,임대주택 공급현황,2022,2025-01-23,서울특별시,호,116,레벨01
구 분,민간임대주택(장기일반민간임대주택_건설),8558,13102136248B.0016,13102136248A.0001,A,Apartment Unit,13103136248T5,DT_MLTM_7141,개인,임대주택 공급현황,2022,2025-01-23,서울특별시,호,116,레벨01
구 분,민간임대주택(장기일반민간임대주택_건설),3246,13102136248B.0016,13102136248A.0001,A,Apartment Unit,13103136248T6,DT_MLTM_7141,법인,임대주택 공급현황,2022,2025-01-23,서울특별시,호,116,레벨01
구 분,민간임대주택(장기일반민간임대주택_매입),26141,13102136248B.0017,13102136248A.0001,A,Apartment Unit,13103136248T5,DT_MLTM_7141,개인,임대주택 공급현황,2022,2025-01-23,서울특별시,호,116,레벨01
구 분,민간임대주택(장기일반민간임대주택_매입),949,13102136248B.0017,13102136248A.0001,A,Apartment Unit,13103136248T6,DT_MLTM_7141,법인,임대주택 공급현황,2022,2025-01-23,서울특별시,호,116,레벨01
구 분,민간임대주택(공공지원민간임대주택_건설),535,13102136248B.0018,13102136248A.0001,A,Apartment Unit,13103136248T5,DT_MLTM_7141,개인,임대주택 공급현황,2022,2025-01-23,서울특별시,호,116,레벨01
구 분,민간임대주택(공공지원민간임대주택_건설),2353,13102136248B.0018,13102136248A.0001,A,Apartment Unit,13103136248T6,DT_MLTM_7141,법인,임대주택 공급현황,2022,2025-01-23,서울특별시,호,116,레벨01
구 분,민간임대주택(공공지원민간임대주택_매입),41,13102136248B.0019,13102136248A.0001,A,Apartment Unit,13103136248T5,DT_MLTM_7141,개인,임대주택 공급현황,2022,2025-01-23,서울특별시,호,116,레벨01
구 분,민간임대주택(공공지원민간임대주택_매입),12,13102136248B.0019,13102136248A.0001,A,Apartment Unit,13103136248T6,DT_MLTM_7141,법인,임대주택 공급현황,2022,2025-01-23,서울특별시,호,116,레벨01
구 분,영구임대주택(건설),0,13102136248B.0001,13102136248A.0002,A,Apartment Unit,13103136248T1,DT_MLTM_7141,LH,임대주택 공급현황,2022,2025-01-23,부산광역시,호,116,레벨01
구 분,영구임대주택(건설),0,13102136248B.0001,13102136248A.0002,A,Apartment Unit,13103136248T2,DT_MLTM_7141,지자체 지방공사,임대주택 공급현황,2022,2025-01-23,부산광역시,호,116,레벨01
구 분,영구임대주택(매입),0,13102136248B.0002,13102136248A.0002,A,Apartment Unit,13103136248T1,DT_MLTM_7141,LH,임대주택 공급현황,2022,2025-01-23,부산광역시,호,116,레벨01
구 분,영구임대주택(매입),0,13102136248B.0002,13102136248A.0002,A,Apartment Unit,13103136248T2,DT_MLTM_7141,지자체 지방공사,임대주택 공급현황,2022,2025-01-23,부산광역시,호,116,레벨01
구 분,국민임대주택(건설),0,13102136248B.0003,13102136248A.0002,A,Apartment Unit,13103136248T1,DT_MLTM_7141,LH,임대주택 공급현황,2022,2025-01-23,부산광역시,호,116,레벨01
구 분,국민임대주택(건설),0,13102136248B.0003,13102136248A.0002,A,Apartment Unit,13103136248T2,DT_MLTM_7141,지자체 지방공사,임대주택 공급현황,2022,2025-01-23,부산광역시,호,116,레벨01
구 분,국민임대주택(매입),0,13102136248B.0004,13102136248A.0002,A,Apartment Unit,13103136248T1,DT_MLTM_7141,LH,임대주택 공급현황,2022,2025-01-23,부산광역시,호,116,레벨01
구 분,국민임대주택(매입),0,13102136248B.0004,13102136248A.0002,A,Apartment Unit,13103136248T2,DT_MLTM_7141,지자체 지방공사,임대주택 공급현황,2022,2025-01-23,부산광역시,호,116,레벨01
구 분,행복주택(건설),200,13102136248B.0005,13102136248A.0002,A,Apartment Unit,13103136248T1,DT_MLTM_7141,LH,임대주택 공급현황,2022,2025-01-23,부산광역시,호,116,레벨01
구 분,행복주택(건설),0,13102136248B.0005,13102136248A.0002,A,Apartment Unit,13103136248T2,DT_MLTM_7141,지자체 지방공사,임대주택 공급현황,2022,2025-01-23,부산광역시,호,116,레벨01
구 분,통합공공임대주택(건설),0,13102136248B.0006,13102136248A.0002,A,Apartment Unit,13103136248T1,DT_MLTM_7141,LH,임대주택 공급현황,2022,2025-01-23,부산광역시,호,116,레벨01
구 분,통합공공임대주택(건설),1134,13102136248B.0006,13102136248A.0002,A,Apartment Unit,13103136248T2,DT_MLTM_7141,지자체 지방공사,임대주택 공급현황,2022,2025-01-23,부산광역시,호,116,레벨01
구 분,통합공공임대주택(건설),0,13102136248B.0006,13102136248A.0002,A,Apartment Unit,13103136248T3,DT_MLTM_7141,공공기관(LH・지방공사 제외),임대주택 공급현황,2022,2025-01-23,부산광역시,호,116,레벨01
구 분,장기전세주택(건설),0,13102136248B.0007,13102136248A.0002,A,Apartment Unit,13103136248T1,DT_MLTM_7141,LH,임대주택 공급현황,2022,2025-01-23,부산광역시,호,116,레벨01
구 분,장기전세주택(건설),0,13102136248B.0007,13102136248A.0002,A,Apartment Unit,13103136248T2,DT_MLTM_7141,지자체 지방공사,임대주택 공급현황,2022,2025-01-23,부산광역시,호,116,레벨01
구 분,분양전환공공임대주택(건설 10년),0,13102136248B.0008,13102136248A.0002,A,Apartment Unit,13103136248T1,DT_MLTM_7141,LH,임대주택 공급현황,2022,2025-01-23,부산광역시,호,116,레벨01
구 분,분양전환공공임대주택(건설 10년),0,13102136248B.0008,13102136248A.0002,A,Apartment Unit,13103136248T2,DT_MLTM_7141,지자체 지방공사,임대주택 공급현황,2022,2025-01-23,부산광역시,호,116,레벨01
구 분,분양전환공공임대주택(건설 10년),0,13102136248B.0008,13102136248A.0002,A,Apartment Unit,13103136248T4,DT_MLTM_7141,민 간,임대주택 공급현황,2022,2025-01-23,부산광역시,호,116,레벨01
구 분,분양전환공공임대주택(건설 6년임대),0,13102136248B.0009,13102136248A.0002,A,Apartment Unit,13103136248T1,DT_MLTM_7141,LH,임대주택 공급현황,2022,2025-01-23,부산광역시,호,116,레벨01
구 분,분양전환공공임대주택(건설 6년임대),0,13102136248B.0009,13102136248A.0002,A,Apartment Unit,13103136248T2,DT_MLTM_7141,지자체 지방공사,임대주택 공급현황,2022,2025-01-23,부산광역시,호,116,레벨01
구 분,분양전환공공임대주택(건설 5년임대),0,13102136248B.0010,13102136248A.0002,A,Apartment Unit,13103136248T1,DT_MLTM_7141,LH,임대주택 공급현황,2022,2025-01-23,부산광역시,호,116,레벨01
구 분,분양전환공공임대주택(건설 5년임대),0,13102136248B.0010,13102136248A.0002,A,Apartment Unit,13103136248T2,DT_MLTM_7141,지자체 지방공사,임대주택 공급현황,2022,2025-01-23,부산광역시,호,116,레벨01
구 분,분양전환공공임대주택(건설 5년임대),0,13102136248B.0010,13102136248A.0002,A,Apartment Unit,13103136248T4,DT_MLTM_7141,민 간,임대주택 공급현황,2022,2025-01-23,부산광역시,호,116,레벨01
구 분,분양전환공공임대주택(건설 분납임대 10년),0,13102136248B.0011,13102136248A.0002,A,Apartment Unit,13103136248T1,DT_MLTM_7141,LH,임대주택 공급현황,2022,2025-01-23,부산광역시,호,116,레벨01
구 분,분양전환공공임대주택(건설 분납임대 10년),0,13102136248B.0011,13102136248A.0002,A,Apartment Unit,13103136248T2,DT_MLTM_7141,지자체 지방공사,임대주택 공급현황,2022,2025-01-23,부산광역시,호,116,레벨01
구 분,분양전환공공임대주택(건설 분납임대 10년),0,13102136248B.0011,13102136248A.0002,A,Apartment Unit,13103136248T4,DT_MLTM_7141,민 간,임대주택 공급현황,2022,2025-01-23,부산광역시,호,116,레벨01
구 분,기존주택등 매입임대(매입),1214,13102136248B.0012,13102136248A.0002,A,Apartment Unit,13103136248T1,DT_MLTM_7141,LH,임대주택 공급현황,2022,2025-01-23,부산광역시,호,116,레벨01
구 분,기존주택등 매입임대(매입),244,13102136248B.0012,13102136248A.0002,A,Apartment Unit,13103136248T2,DT_MLTM_7141,지자체 지방공사,임대주택 공급현황,2022,2025-01-23,부산광역시,호,116,레벨01
구 분,기존주택전세임대주택(매입),2576,13102136248B.0013,13102136248A.0002,A,Apartment Unit,13103136248T1,DT_MLTM_7141,LH,임대주택 공급현황,2022,2025-01-23,부산광역시,호,116,레벨01
구 분,기존주택전세임대주택(매입),101,13102136248B.0013,13102136248A.0002,A,Apartment Unit,13103136248T2,DT_MLTM_7141,지자체 지방공사,임대주택 공급현황,2022,2025-01-23,부산광역시,호,116,레벨01
구 분,민간임대주택(단기민간임대주택_건설),0,13102136248B.0014,13102136248A.0002,A,Apartment Unit,13103136248T5,DT_MLTM_7141,개인,임대주택 공급현황,2022,2025-01-23,부산광역시,호,116,레벨01
구 분,민간임대주택(단기민간임대주택_건설),0,13102136248B.0014,13102136248A.0002,A,Apartment Unit,13103136248T6,DT_MLTM_7141,법인,임대주택 공급현황,2022,2025-01-23,부산광역시,호,116,레벨01
구 분,민간임대주택(단기민간임대주택_매입),0,13102136248B.0015,13102136248A.0002,A,Apartment Unit,13103136248T5,DT_MLTM_7141,개인,임대주택 공급현황,2022,2025-01-23,부산광역시,호,116,레벨01
구 분,민간임대주택(단기민간임대주택_매입),0,13102136248B.0015,13102136248A.0002,A,Apartment Unit,13103136248T6,DT_MLTM_7141,법인,임대주택 공급현황,2022,2025-01-23,부산광역시,호,116,레벨01
구 분,민간임대주택(장기일반민간임대주택_건설),1434,13102136248B.0016,13102136248A.0002,A,Apartment Unit,13103136248T5,DT_MLTM_7141,개인,임대주택 공급현황,2022,2025-01-23,부산광역시,호,116,레벨01
구 분,민간임대주택(장기일반민간임대주택_건설),3231,13102136248B.0016,13102136248A.0002,A,Apartment Unit,13103136248T6,DT_MLTM_7141,법인,임대주택 공급현황,2022,2025-01-23,부산광역시,호,116,레벨01
구 분,민간임대주택(장기일반민간임대주택_매입),8450,13102136248B.0017,13102136248A.0002,A,Apartment Unit,13103136248T5,DT_MLTM_7141,개인,임대주택 공급현황,2022,2025-01-23,부산광역시,호,116,레벨01
구 분,민간임대주택(장기일반민간임대주택_매입),2271,13102136248B.0017,13102136248A.0002,A,Apartment Unit,13103136248T6,DT_MLTM_7141,법인,임대주택 공급현황,2022,2025-01-23,부산광역시,호,116,레벨01
구 분,민간임대주택(공공지원민간임대주택_건설),16,13102136248B.0018,13102136248A.0002,A,Apartment Unit,13103136248T5,DT_MLTM_7141,개인,임대주택 공급현황,2022,2025-01-23,부산광역시,호,116,레벨01
구 분,민간임대주택(공공지원민간임대주택_건설),1975,13102136248B.0018,13102136248A.0002,A,Apartment Unit,13103136248T6,DT_MLTM_7141,법인,임대주택 공급현황,2022,2025-01-23,부산광역시,호,116,레벨01
구 분,민간임대주택(공공지원민간임대주택_매입),124,13102136248B.0019,13102136248A.0002,A,Apartment Unit,13103136248T5,DT_MLTM_7141,개인,임대주택 공급현황,2022,2025-01-23,부산광역시,호,116,레벨01
구 분,민간임대주택(공공지원민간임대주택_매입),250,13102136248B.0019,13102136248A.0002,A,Apartment Unit,13103136248T6,DT_MLTM_7141,법인,임대주택 공급현황,2022,2025-01-23,부산광역시,호,116,레벨01
구 분,영구임대주택(건설),0,13102136248B.0001,13102136248A.0003,A,Apartment Unit,13103136248T1,DT_MLTM_7141,LH,임대주택 공급현황,2022,2025-01-23,대구광역시,호,116,레벨01
구 분,영구임대주택(건설),0,13102136248B.0001,13102136248A.0003,A,Apartment Unit,13103136248T2,DT_MLTM_7141,지자체 지방공사,임대주택 공급현황,2022,2025-01-23,대구광역시,호,116,레벨01
구 분,영구임대주택(매입),0,13102136248B.0002,13102136248A.0003,A,Apartment Unit,13103136248T1,DT_MLTM_7141,LH,임대주택 공급현황,2022,2025-01-23,대구광역시,호,116,레벨01
구 분,영구임대주택(매입),0,13102136248B.0002,13102136248A.0003,A,Apartment Unit,13103136248T2,DT_MLTM_7141,지자체 지방공사,임대주택 공급현황,2022,2025-01-23,대구광역시,호,116,레벨01
구 분,국민임대주택(건설),0,13102136248B.0003,13102136248A.0003,A,Apartment Unit,13103136248T1,DT_MLTM_7141,LH,임대주택 공급현황,2022,2025-01-23,대구광역시,호,116,레벨01
구 분,국민임대주택(건설),0,13102136248B.0003,13102136248A.0003,A,Apartment Unit,13103136248T2,DT_MLTM_7141,지자체 지방공사,임대주택 공급현황,2022,2025-01-23,대구광역시,호,116,레벨01
구 분,국민임대주택(매입),0,13102136248B.0004,13102136248A.0003,A,Apartment Unit,13103136248T1,DT_MLTM_7141,LH,임대주택 공급현황,2022,2025-01-23,대구광역시,호,116,레벨01
구 분,국민임대주택(매입),0,13102136248B.0004,13102136248A.0003,A,Apartment Unit,13103136248T2,DT_MLTM_7141,지자체 지방공사,임대주택 공급현황,2022,2025-01-23,대구광역시,호,116,레벨01
구 분,행복주택(건설),0,13102136248B.0005,13102136248A.0003,A,Apartment Unit,13103136248T1,DT_MLTM_7141,LH,임대주택 공급현황,2022,2025-01-23,대구광역시,호,116,레벨01
구 분,행복주택(건설),0,13102136248B.0005,13102136248A.0003,A,Apartment Unit,13103136248T2,DT_MLTM_7141,지자체 지방공사,임대주택 공급현황,2022,2025-01-23,대구광역시,호,116,레벨01
구 분,통합공공임대주택(건설),74,13102136248B.0006,13102136248A.0003,A,Apartment Unit,13103136248T1,DT_MLTM_7141,LH,임대주택 공급현황,2022,2025-01-23,대구광역시,호,116,레벨01
구 분,통합공공임대주택(건설),20,13102136248B.0006,13102136248A.0003,A,Apartment Unit,13103136248T2,DT_MLTM_7141,지자체 지방공사,임대주택 공급현황,2022,2025-01-23,대구광역시,호,116,레벨01
구 분,통합공공임대주택(건설),0,13102136248B.0006,13102136248A.0003,A,Apartment Unit,13103136248T3,DT_MLTM_7141,공공기관(LH・지방공사 제외),임대주택 공급현황,2022,2025-01-23,대구광역시,호,116,레벨01
구 분,장기전세주택(건설),0,13102136248B.0007,13102136248A.0003,A,Apartment Unit,13103136248T1,DT_MLTM_7141,LH,임대주택 공급현황,2022,2025-01-23,대구광역시,호,116,레벨01
구 분,장기전세주택(건설),0,13102136248B.0007,13102136248A.0003,A,Apartment Unit,13103136248T2,DT_MLTM_7141,지자체 지방공사,임대주택 공급현황,2022,2025-01-23,대구광역시,호,116,레벨01
구 분,분양전환공공임대주택(건설 10년),0,13102136248B.0008,13102136248A.0003,A,Apartment Unit,13103136248T1,DT_MLTM_7141,LH,임대주택 공급현황,2022,2025-01-23,대구광역시,호,116,레벨01
구 분,분양전환공공임대주택(건설 10년),0,13102136248B.0008,13102136248A.0003,A,Apartment Unit,13103136248T2,DT_MLTM_7141,지자체 지방공사,임대주택 공급현황,2022,2025-01-23,대구광역시,호,116,레벨01
구 분,분양전환공공임대주택(건설 10년),0,13102136248B.0008,13102136248A.0003,A,Apartment Unit,13103136248T4,DT_MLTM_7141,민 간,임대주택 공급현황,2022,2025-01-23,대구광역시,호,116,레벨01
구 분,분양전환공공임대주택(건설 6년임대),0,13102136248B.0009,13102136248A.0003,A,Apartment Unit,13103136248T1,DT_MLTM_7141,LH,임대주택 공급현황,2022,2025-01-23,대구광역시,호,116,레벨01
구 분,분양전환공공임대주택(건설 6년임대),0,13102136248B.0009,13102136248A.0003,A,Apartment Unit,13103136248T2,DT_MLTM_7141,지자체 지방공사,임대주택 공급현황,2022,2025-01-23,대구광역시,호,116,레벨01
구 분,분양전환공공임대주택(건설 5년임대),0,13102136248B.0010,13102136248A.0003,A,Apartment Unit,13103136248T1,DT_MLTM_7141,LH,임대주택 공급현황,2022,2025-01-23,대구광역시,호,116,레벨01
구 분,분양전환공공임대주택(건설 5년임대),0,13102136248B.0010,13102136248A.0003,A,Apartment Unit,13103136248T2,DT_MLTM_7141,지자체 지방공사,임대주택 공급현황,2022,2025-01-23,대구광역시,호,116,레벨01
구 분,분양전환공공임대주택(건설 5년임대),0,13102136248B.0010,13102136248A.0003,A,Apartment Unit,13103136248T4,DT_MLTM_7141,민 간,임대주택 공급현황,2022,2025-01-23,대구광역시,호,116,레벨01
구 분,분양전환공공임대주택(건설 분납임대 10년),0,13102136248B.0011,13102136248A.0003,A,Apartment Unit,13103136248T1,DT_MLTM_7141,LH,임대주택 공급현황,2022,2025-01-23,대구광역시,호,116,레벨01
구 분,분양전환공공임대주택(건설 분납임대 10년),0,13102136248B.0011,13102136248A.0003,A,Apartment Unit,13103136248T2,DT_MLTM_7141,지자체 지방공사,임대주택 공급현황,2022,2025-01-23,대구광역시,호,116,레벨01
구 분,분양전환공공임대주택(건설 분납임대 10년),0,13102136248B.0011,13102136248A.0003,A,Apartment Unit,13103136248T4,DT_MLTM_7141,민 간,임대주택 공급현황,2022,2025-01-23,대구광역시,호,116,레벨01
구 분,기존주택등 매입임대(매입),593,13102136248B.0012,13102136248A.0003,A,Apartment Unit,13103136248T1,DT_MLTM_7141,LH,임대주택 공급현황,2022,2025-01-23,대구광역시,호,116,레벨01
구 분,기존주택등 매입임대(매입),122,13102136248B.0012,13102136248A.0003,A,Apartment Unit,13103136248T2,DT_MLTM_7141,지자체 지방공사,임대주택 공급현황,2022,2025-01-23,대구광역시,호,116,레벨01
구 분,기존주택전세임대주택(매입),1581,13102136248B.0013,13102136248A.0003,A,Apartment Unit,13103136248T1,DT_MLTM_7141,LH,임대주택 공급현황,2022,2025-01-23,대구광역시,호,116,레벨01
구 분,기존주택전세임대주택(매입),145,13102136248B.0013,13102136248A.0003,A,Apartment Unit,13103136248T2,DT_MLTM_7141,지자체 지방공사,임대주택 공급현황,2022,2025-01-23,대구광역시,호,116,레벨01
구 분,민간임대주택(단기민간임대주택_건설),0,13102136248B.0014,13102136248A.0003,A,Apartment Unit,13103136248T5,DT_MLTM_7141,개인,임대주택 공급현황,2022,2025-01-23,대구광역시,호,116,레벨01
구 분,민간임대주택(단기민간임대주택_건설),0,13102136248B.0014,13102136248A.0003,A,Apartment Unit,13103136248T6,DT_MLTM_7141,법인,임대주택 공급현황,2022,2025-01-23,대구광역시,호,116,레벨01
구 분,민간임대주택(단기민간임대주택_매입),0,13102136248B.0015,13102136248A.0003,A,Apartment Unit,13103136248T5,DT_MLTM_7141,개인,임대주택 공급현황,2022,2025-01-23,대구광역시,호,116,레벨01
구 분,민간임대주택(단기민간임대주택_매입),0,13102136248B.0015,13102136248A.0003,A,Apartment Unit,13103136248T6,DT_MLTM_7141,법인,임대주택 공급현황,2022,2025-01-23,대구광역시,호,116,레벨01
구 분,민간임대주택(장기일반민간임대주택_건설),100,13102136248B.0016,13102136248A.0003,A,Apartment Unit,13103136248T5,DT_MLTM_7141,개인,임대주택 공급현황,2022,2025-01-23,대구광역시,호,116,레벨01
구 분,민간임대주택(장기일반민간임대주택_건설),999,13102136248B.0016,13102136248A.0003,A,Apartment Unit,13103136248T6,DT_MLTM_7141,법인,임대주택 공급현황,2022,2025-01-23,대구광역시,호,116,레벨01
구 분,민간임대주택(장기일반민간임대주택_매입),1450,13102136248B.0017,13102136248A.0003,A,Apartment Unit,13103136248T5,DT_MLTM_7141,개인,임대주택 공급현황,2022,2025-01-23,대구광역시,호,116,레벨01
구 분,민간임대주택(장기일반민간임대주택_매입),147,13102136248B.0017,13102136248A.0003,A,Apartment Unit,13103136248T6,DT_MLTM_7141,법인,임대주택 공급현황,2022,2025-01-23,대구광역시,호,116,레벨01
구 분,민간임대주택(공공지원민간임대주택_건설),0,13102136248B.0018,13102136248A.0003,A,Apartment Unit,13103136248T5,DT_MLTM_7141,개인,임대주택 공급현황,2022,2025-01-23,대구광역시,호,116,레벨01
구 분,민간임대주택(공공지원민간임대주택_건설),0,13102136248B.0018,13102136248A.0003,A,Apartment Unit,13103136248T6,DT_MLTM_7141,법인,임대주택 공급현황,2022,2025-01-23,대구광역시,호,116,레벨01
구 분,민간임대주택(공공지원민간임대주택_매입),13,13102136248B.0019,13102136248A.0003,A,Apartment Unit,13103136248T5,DT_MLTM_7141,개인,임대주택 공급현황,2022,2025-01-23,대구광역시,호,116,레벨01
구 분,민간임대주택(공공지원민간임대주택_매입),0,13102136248B.0019,13102136248A.0003,A,Apartment Unit,13103136248T6,DT_MLTM_7141,법인,임대주택 공급현황,2022,2025-01-23,대구광역시,호,116,레벨01
구 분,영구임대주택(건설),0,13102136248B.0001,13102136248A.0004,A,Apartment Unit,13103136248T1,DT_MLTM_7141,LH,임대주택 공급현황,2022,2025-01-23,인천광역시,호,116,레벨01
구 분,영구임대주택(건설),0,13102136248B.0001,13102136248A.0004,A,Apartment Unit,13103136248T2,DT_MLTM_7141,지자체 지방공사,임대주택 공급현황,2022,2025-01-23,인천광역시,호,116,레벨01
구 분,영구임대주택(매입),0,13102136248B.0002,13102136248A.0004,A,Apartment Unit,13103136248T1,DT_MLTM_7141,LH,임대주택 공급현황,2022,2025-01-23,인천광역시,호,116,레벨01
구 분,영구임대주택(매입),0,13102136248B.0002,13102136248A.0004,A,Apartment Unit,13103136248T2,DT_MLTM_7141,지자체 지방공사,임대주택 공급현황,2022,2025-01-23,인천광역시,호,116,레벨01
구 분,국민임대주택(건설),0,13102136248B.0003,13102136248A.0004,A,Apartment Unit,13103136248T1,DT_MLTM_7141,LH,임대주택 공급현황,2022,2025-01-23,인천광역시,호,116,레벨01
구 분,국민임대주택(건설),0,13102136248B.0003,13102136248A.0004,A,Apartment Unit,13103136248T2,DT_MLTM_7141,지자체 지방공사,임대주택 공급현황,2022,2025-01-23,인천광역시,호,116,레벨01
구 분,국민임대주택(매입),0,13102136248B.0004,13102136248A.0004,A,Apartment Unit,13103136248T1,DT_MLTM_7141,LH,임대주택 공급현황,2022,2025-01-23,인천광역시,호,116,레벨01
구 분,국민임대주택(매입),0,13102136248B.0004,13102136248A.0004,A,Apartment Unit,13103136248T2,DT_MLTM_7141,지자체 지방공사,임대주택 공급현황,2022,2025-01-23,인천광역시,호,116,레벨01
구 분,행복주택(건설),159,13102136248B.0005,13102136248A.0004,A,Apartment Unit,13103136248T1,DT_MLTM_7141,LH,임대주택 공급현황,2022,2025-01-23,인천광역시,호,116,레벨01
구 분,행복주택(건설),0,13102136248B.0005,13102136248A.0004,A,Apartment Unit,13103136248T2,DT_MLTM_7141,지자체 지방공사,임대주택 공급현황,2022,2025-01-23,인천광역시,호,116,레벨01
구 분,통합공공임대주택(건설),714,13102136248B.0006,13102136248A.0004,A,Apartment Unit,13103136248T1,DT_MLTM_7141,LH,임대주택 공급현황,2022,2025-01-23,인천광역시,호,116,레벨01
구 분,통합공공임대주택(건설),0,13102136248B.0006,13102136248A.0004,A,Apartment Unit,13103136248T2,DT_MLTM_7141,지자체 지방공사,임대주택 공급현황,2022,2025-01-23,인천광역시,호,116,레벨01
구 분,통합공공임대주택(건설),0,13102136248B.0006,13102136248A.0004,A,Apartment Unit,13103136248T3,DT_MLTM_7141,공공기관(LH・지방공사 제외),임대주택 공급현황,2022,2025-01-23,인천광역시,호,116,레벨01
구 분,장기전세주택(건설),0,13102136248B.0007,13102136248A.0004,A,Apartment Unit,13103136248T1,DT_MLTM_7141,LH,임대주택 공급현황,2022,2025-01-23,인천광역시,호,116,레벨01
구 분,장기전세주택(건설),0,13102136248B.0007,13102136248A.0004,A,Apartment Unit,13103136248T2,DT_MLTM_7141,지자체 지방공사,임대주택 공급현황,2022,2025-01-23,인천광역시,호,116,레벨01
구 분,분양전환공공임대주택(건설 10년),0,13102136248B.0008,13102136248A.0004,A,Apartment Unit,13103136248T1,DT_MLTM_7141,LH,임대주택 공급현황,2022,2025-01-23,인천광역시,호,116,레벨01
구 분,분양전환공공임대주택(건설 10년),0,13102136248B.0008,13102136248A.0004,A,Apartment Unit,13103136248T2,DT_MLTM_7141,지자체 지방공사,임대주택 공급현황,2022,2025-01-23,인천광역시,호,116,레벨01
구 분,분양전환공공임대주택(건설 10년),0,13102136248B.0008,13102136248A.0004,A,Apartment Unit,13103136248T4,DT_MLTM_7141,민 간,임대주택 공급현황,2022,2025-01-23,인천광역시,호,116,레벨01
구 분,분양전환공공임대주택(건설 6년임대),0,13102136248B.0009,13102136248A.0004,A,Apartment Unit,13103136248T1,DT_MLTM_7141,LH,임대주택 공급현황,2022,2025-01-23,인천광역시,호,116,레벨01
구 분,분양전환공공임대주택(건설 6년임대),0,13102136248B.0009,13102136248A.0004,A,Apartment Unit,13103136248T2,DT_MLTM_7141,지자체 지방공사,임대주택 공급현황,2022,2025-01-23,인천광역시,호,116,레벨01
구 분,분양전환공공임대주택(건설 5년임대),0,13102136248B.0010,13102136248A.0004,A,Apartment Unit,13103136248T1,DT_MLTM_7141,LH,임대주택 공급현황,2022,2025-01-23,인천광역시,호,116,레벨01
구 분,분양전환공공임대주택(건설 5년임대),0,13102136248B.0010,13102136248A.0004,A,Apartment Unit,13103136248T2,DT_MLTM_7141,지자체 지방공사,임대주택 공급현황,2022,2025-01-23,인천광역시,호,116,레벨01
구 분,분양전환공공임대주택(건설 5년임대),0,13102136248B.0010,13102136248A.0004,A,Apartment Unit,13103136248T4,DT_MLTM_7141,민 간,임대주택 공급현황,2022,2025-01-23,인천광역시,호,116,레벨01
구 분,분양전환공공임대주택(건설 분납임대 10년),0,13102136248B.0011,13102136248A.0004,A,Apartment Unit,13103136248T1,DT_MLTM_7141,LH,임대주택 공급현황,2022,2025-01-23,인천광역시,호,116,레벨01
구 분,분양전환공공임대주택(건설 분납임대 10년),0,13102136248B.0011,13102136248A.0004,A,Apartment Unit,13103136248T2,DT_MLTM_7141,지자체 지방공사,임대주택 공급현황,2022,2025-01-23,인천광역시,호,116,레벨01
구 분,분양전환공공임대주택(건설 분납임대 10년),0,13102136248B.0011,13102136248A.0004,A,Apartment Unit,13103136248T4,DT_MLTM_7141,민 간,임대주택 공급현황,2022,2025-01-23,인천광역시,호,116,레벨01
구 분,기존주택등 매입임대(매입),2274,13102136248B.0012,13102136248A.0004,A,Apartment Unit,13103136248T1,DT_MLTM_7141,LH,임대주택 공급현황,2022,2025-01-23,인천광역시,호,116,레벨01
구 분,기존주택등 매입임대(매입),699,13102136248B.0012,13102136248A.0004,A,Apartment Unit,13103136248T2,DT_MLTM_7141,지자체 지방공사,임대주택 공급현황,2022,2025-01-23,인천광역시,호,116,레벨01
구 분,기존주택전세임대주택(매입),3308,13102136248B.0013,13102136248A.0004,A,Apartment Unit,13103136248T1,DT_MLTM_7141,LH,임대주택 공급현황,2022,2025-01-23,인천광역시,호,116,레벨01
구 분,기존주택전세임대주택(매입),809,13102136248B.0013,13102136248A.0004,A,Apartment Unit,13103136248T2,DT_MLTM_7141,지자체 지방공사,임대주택 공급현황,2022,2025-01-23,인천광역시,호,116,레벨01
구 분,민간임대주택(단기민간임대주택_건설),0,13102136248B.0014,13102136248A.0004,A,Apartment Unit,13103136248T5,DT_MLTM_7141,개인,임대주택 공급현황,2022,2025-01-23,인천광역시,호,116,레벨01
구 분,민간임대주택(단기민간임대주택_건설),0,13102136248B.0014,13102136248A.0004,A,Apartment Unit,13103136248T6,DT_MLTM_7141,법인,임대주택 공급현황,2022,2025-01-23,인천광역시,호,116,레벨01
구 분,민간임대주택(단기민간임대주택_매입),0,13102136248B.0015,13102136248A.0004,A,Apartment Unit,13103136248T5,DT_MLTM_7141,개인,임대주택 공급현황,2022,2025-01-23,인천광역시,호,116,레벨01
구 분,민간임대주택(단기민간임대주택_매입),0,13102136248B.0015,13102136248A.0004,A,Apartment Unit,13103136248T6,DT_MLTM_7141,법인,임대주택 공급현황,2022,2025-01-23,인천광역시,호,116,레벨01
구 분,민간임대주택(장기일반민간임대주택_건설),301,13102136248B.0016,13102136248A.0004,A,Apartment Unit,13103136248T5,DT_MLTM_7141,개인,임대주택 공급현황,2022,2025-01-23,인천광역시,호,116,레벨01
구 분,민간임대주택(장기일반민간임대주택_건설),343,13102136248B.0016,13102136248A.0004,A,Apartment Unit,13103136248T6,DT_MLTM_7141,법인,임대주택 공급현황,2022,2025-01-23,인천광역시,호,116,레벨01
구 분,민간임대주택(장기일반민간임대주택_매입),3052,13102136248B.0017,13102136248A.0004,A,Apartment Unit,13103136248T5,DT_MLTM_7141,개인,임대주택 공급현황,2022,2025-01-23,인천광역시,호,116,레벨01
구 분,민간임대주택(장기일반민간임대주택_매입),194,13102136248B.0017,13102136248A.0004,A,Apartment Unit,13103136248T6,DT_MLTM_7141,법인,임대주택 공급현황,2022,2025-01-23,인천광역시,호,116,레벨01
구 분,민간임대주택(공공지원민간임대주택_건설),0,13102136248B.0018,13102136248A.0004,A,Apartment Unit,13103136248T5,DT_MLTM_7141,개인,임대주택 공급현황,2022,2025-01-23,인천광역시,호,116,레벨01
구 분,민간임대주택(공공지원민간임대주택_건설),1153,13102136248B.0018,13102136248A.0004,A,Apartment Unit,13103136248T6,DT_MLTM_7141,법인,임대주택 공급현황,2022,2025-01-23,인천광역시,호,116,레벨01
구 분,민간임대주택(공공지원민간임대주택_매입),4,13102136248B.0019,13102136248A.0004,A,Apartment Unit,13103136248T5,DT_MLTM_7141,개인,임대주택 공급현황,2022,2025-01-23,인천광역시,호,116,레벨01
구 분,민간임대주택(공공지원민간임대주택_매입),0,13102136248B.0019,13102136248A.0004,A,Apartment Unit,13103136248T6,DT_MLTM_7141,법인,임대주택 공급현황,2022,2025-01-23,인천광역시,호,116,레벨01
구 분,영구임대주택(건설),0,13102136248B.0001,13102136248A.0005,A,Apartment Unit,13103136248T1,DT_MLTM_7141,LH,임대주택 공급현황,2022,2025-01-23,광주광역시,호,116,레벨01
구 분,영구임대주택(건설),0,13102136248B.0001,13102136248A.0005,A,Apartment Unit,13103136248T2,DT_MLTM_7141,지자체 지방공사,임대주택 공급현황,2022,2025-01-23,광주광역시,호,116,레벨01
구 분,영구임대주택(매입),0,13102136248B.0002,13102136248A.0005,A,Apartment Unit,13103136248T1,DT_MLTM_7141,LH,임대주택 공급현황,2022,2025-01-23,광주광역시,호,116,레벨01
구 분,영구임대주택(매입),0,13102136248B.0002,13102136248A.0005,A,Apartment Unit,13103136248T2,DT_MLTM_7141,지자체 지방공사,임대주택 공급현황,2022,2025-01-23,광주광역시,호,116,레벨01
구 분,국민임대주택(건설),0,13102136248B.0003,13102136248A.0005,A,Apartment Unit,13103136248T1,DT_MLTM_7141,LH,임대주택 공급현황,2022,2025-01-23,광주광역시,호,116,레벨01
구 분,국민임대주택(건설),0,13102136248B.0003,13102136248A.0005,A,Apartment Unit,13103136248T2,DT_MLTM_7141,지자체 지방공사,임대주택 공급현황,2022,2025-01-23,광주광역시,호,116,레벨01
구 분,국민임대주택(매입),0,13102136248B.0004,13102136248A.0005,A,Apartment Unit,13103136248T1,DT_MLTM_7141,LH,임대주택 공급현황,2022,2025-01-23,광주광역시,호,116,레벨01
구 분,국민임대주택(매입),0,13102136248B.0004,13102136248A.0005,A,Apartment Unit,13103136248T2,DT_MLTM_7141,지자체 지방공사,임대주택 공급현황,2022,2025-01-23,광주광역시,호,116,레벨01
구 분,행복주택(건설),0,13102136248B.0005,13102136248A.0005,A,Apartment Unit,13103136248T1,DT_MLTM_7141,LH,임대주택 공급현황,2022,2025-01-23,광주광역시,호,116,레벨01
구 분,행복주택(건설),0,13102136248B.0005,13102136248A.0005,A,Apartment Unit,13103136248T2,DT_MLTM_7141,지자체 지방공사,임대주택 공급현황,2022,2025-01-23,광주광역시,호,116,레벨01
구 분,통합공공임대주택(건설),0,13102136248B.0006,13102136248A.0005,A,Apartment Unit,13103136248T1,DT_MLTM_7141,LH,임대주택 공급현황,2022,2025-01-23,광주광역시,호,116,레벨01
구 분,통합공공임대주택(건설),460,13102136248B.0006,13102136248A.0005,A,Apartment Unit,13103136248T2,DT_MLTM_7141,지자체 지방공사,임대주택 공급현황,2022,2025-01-23,광주광역시,호,116,레벨01
구 분,통합공공임대주택(건설),0,13102136248B.0006,13102136248A.0005,A,Apartment Unit,13103136248T3,DT_MLTM_7141,공공기관(LH・지방공사 제외),임대주택 공급현황,2022,2025-01-23,광주광역시,호,116,레벨01
구 분,장기전세주택(건설),0,13102136248B.0007,13102136248A.0005,A,Apartment Unit,13103136248T1,DT_MLTM_7141,LH,임대주택 공급현황,2022,2025-01-23,광주광역시,호,116,레벨01
구 분,장기전세주택(건설),0,13102136248B.0007,13102136248A.0005,A,Apartment Unit,13103136248T2,DT_MLTM_7141,지자체 지방공사,임대주택 공급현황,2022,2025-01-23,광주광역시,호,116,레벨01
구 분,분양전환공공임대주택(건설 10년),0,13102136248B.0008,13102136248A.0005,A,Apartment Unit,13103136248T1,DT_MLTM_7141,LH,임대주택 공급현황,2022,2025-01-23,광주광역시,호,116,레벨01
구 분,분양전환공공임대주택(건설 10년),0,13102136248B.0008,13102136248A.0005,A,Apartment Unit,13103136248T2,DT_MLTM_7141,지자체 지방공사,임대주택 공급현황,2022,2025-01-23,광주광역시,호,116,레벨01
구 분,분양전환공공임대주택(건설 10년),0,13102136248B.0008,13102136248A.0005,A,Apartment Unit,13103136248T4,DT_MLTM_7141,민 간,임대주택 공급현황,2022,2025-01-23,광주광역시,호,116,레벨01
구 분,분양전환공공임대주택(건설 6년임대),0,13102136248B.0009,13102136248A.0005,A,Apartment Unit,13103136248T1,DT_MLTM_7141,LH,임대주택 공급현황,2022,2025-01-23,광주광역시,호,116,레벨01
구 분,분양전환공공임대주택(건설 6년임대),0,13102136248B.0009,13102136248A.0005,A,Apartment Unit,13103136248T2,DT_MLTM_7141,지자체 지방공사,임대주택 공급현황,2022,2025-01-23,광주광역시,호,116,레벨01
구 분,분양전환공공임대주택(건설 5년임대),0,13102136248B.0010,13102136248A.0005,A,Apartment Unit,13103136248T1,DT_MLTM_7141,LH,임대주택 공급현황,2022,2025-01-23,광주광역시,호,116,레벨01
구 분,분양전환공공임대주택(건설 5년임대),0,13102136248B.0010,13102136248A.0005,A,Apartment Unit,13103136248T2,DT_MLTM_7141,지자체 지방공사,임대주택 공급현황,2022,2025-01-23,광주광역시,호,116,레벨01
구 분,분양전환공공임대주택(건설 5년임대),0,13102136248B.0010,13102136248A.0005,A,Apartment Unit,13103136248T4,DT_MLTM_7141,민 간,임대주택 공급현황,2022,2025-01-23,광주광역시,호,116,레벨01
구 분,분양전환공공임대주택(건설 분납임대 10년),0,13102136248B.0011,13102136248A.0005,A,Apartment Unit,13103136248T1,DT_MLTM_7141,LH,임대주택 공급현황,2022,2025-01-23,광주광역시,호,116,레벨01
구 분,분양전환공공임대주택(건설 분납임대 10년),0,13102136248B.0011,13102136248A.0005,A,Apartment Unit,13103136248T2,DT_MLTM_7141,지자체 지방공사,임대주택 공급현황,2022,2025-01-23,광주광역시,호,116,레벨01
구 분,분양전환공공임대주택(건설 분납임대 10년),0,13102136248B.0011,13102136248A.0005,A,Apartment Unit,13103136248T4,DT_MLTM_7141,민 간,임대주택 공급현황,2022,2025-01-23,광주광역시,호,116,레벨01
구 분,기존주택등 매입임대(매입),379,13102136248B.0012,13102136248A.0005,A,Apartment Unit,13103136248T1,DT_MLTM_7141,LH,임대주택 공급현황,2022,2025-01-23,광주광역시,호,116,레벨01
구 분,기존주택등 매입임대(매입),0,13102136248B.0012,13102136248A.0005,A,Apartment Unit,13103136248T2,DT_MLTM_7141,지자체 지방공사,임대주택 공급현황,2022,2025-01-23,광주광역시,호,116,레벨01
구 분,기존주택전세임대주택(매입),1646,13102136248B.0013,13102136248A.0005,A,Apartment Unit,13103136248T1,DT_MLTM_7141,LH,임대주택 공급현황,2022,2025-01-23,광주광역시,호,116,레벨01
구 분,기존주택전세임대주택(매입),0,13102136248B.0013,13102136248A.0005,A,Apartment Unit,13103136248T2,DT_MLTM_7141,지자체 지방공사,임대주택 공급현황,2022,2025-01-23,광주광역시,호,116,레벨01
구 분,민간임대주택(단기민간임대주택_건설),0,13102136248B.0014,13102136248A.0005,A,Apartment Unit,13103136248T5,DT_MLTM_7141,개인,임대주택 공급현황,2022,2025-01-23,광주광역시,호,116,레벨01
구 분,민간임대주택(단기민간임대주택_건설),0,13102136248B.0014,13102136248A.0005,A,Apartment Unit,13103136248T6,DT_MLTM_7141,법인,임대주택 공급현황,2022,2025-01-23,광주광역시,호,116,레벨01
구 분,민간임대주택(단기민간임대주택_매입),0,13102136248B.0015,13102136248A.0005,A,Apartment Unit,13103136248T5,DT_MLTM_7141,개인,임대주택 공급현황,2022,2025-01-23,광주광역시,호,116,레벨01
구 분,민간임대주택(단기민간임대주택_매입),0,13102136248B.0015,13102136248A.0005,A,Apartment Unit,13103136248T6,DT_MLTM_7141,법인,임대주택 공급현황,2022,2025-01-23,광주광역시,호,116,레벨01
구 분,민간임대주택(장기일반민간임대주택_건설),238,13102136248B.0016,13102136248A.0005,A,Apartment Unit,13103136248T5,DT_MLTM_7141,개인,임대주택 공급현황,2022,2025-01-23,광주광역시,호,116,레벨01
구 분,민간임대주택(장기일반민간임대주택_건설),1162,13102136248B.0016,13102136248A.0005,A,Apartment Unit,13103136248T6,DT_MLTM_7141,법인,임대주택 공급현황,2022,2025-01-23,광주광역시,호,116,레벨01
구 분,민간임대주택(장기일반민간임대주택_매입),1033,13102136248B.0017,13102136248A.0005,A,Apartment Unit,13103136248T5,DT_MLTM_7141,개인,임대주택 공급현황,2022,2025-01-23,광주광역시,호,116,레벨01
구 분,민간임대주택(장기일반민간임대주택_매입),690,13102136248B.0017,13102136248A.0005,A,Apartment Unit,13103136248T6,DT_MLTM_7141,법인,임대주택 공급현황,2022,2025-01-23,광주광역시,호,116,레벨01
구 분,민간임대주택(공공지원민간임대주택_건설),0,13102136248B.0018,13102136248A.0005,A,Apartment Unit,13103136248T5,DT_MLTM_7141,개인,임대주택 공급현황,2022,2025-01-23,광주광역시,호,116,레벨01
구 분,민간임대주택(공공지원민간임대주택_건설),461,13102136248B.0018,13102136248A.0005,A,Apartment Unit,13103136248T6,DT_MLTM_7141,법인,임대주택 공급현황,2022,2025-01-23,광주광역시,호,116,레벨01
구 분,민간임대주택(공공지원민간임대주택_매입),1,13102136248B.0019,13102136248A.0005,A,Apartment Unit,13103136248T5,DT_MLTM_7141,개인,임대주택 공급현황,2022,2025-01-23,광주광역시,호,116,레벨01
구 분,민간임대주택(공공지원민간임대주택_매입),1,13102136248B.0019,13102136248A.0005,A,Apartment Unit,13103136248T6,DT_MLTM_7141,법인,임대주택 공급현황,2022,2025-01-23,광주광역시,호,116,레벨01
구 분,영구임대주택(건설),0,13102136248B.0001,13102136248A.0006,A,Apartment Unit,13103136248T1,DT_MLTM_7141,LH,임대주택 공급현황,2022,2025-01-23,대전광역시,호,116,레벨01
구 분,영구임대주택(건설),0,13102136248B.0001,13102136248A.0006,A,Apartment Unit,13103136248T2,DT_MLTM_7141,지자체 지방공사,임대주택 공급현황,2022,2025-01-23,대전광역시,호,116,레벨01
구 분,영구임대주택(매입),0,13102136248B.0002,13102136248A.0006,A,Apartment Unit,13103136248T1,DT_MLTM_7141,LH,임대주택 공급현황,2022,2025-01-23,대전광역시,호,116,레벨01
구 분,영구임대주택(매입),0,13102136248B.0002,13102136248A.0006,A,Apartment Unit,13103136248T2,DT_MLTM_7141,지자체 지방공사,임대주택 공급현황,2022,2025-01-23,대전광역시,호,116,레벨01
구 분,국민임대주택(건설),0,13102136248B.0003,13102136248A.0006,A,Apartment Unit,13103136248T1,DT_MLTM_7141,LH,임대주택 공급현황,2022,2025-01-23,대전광역시,호,116,레벨01
구 분,국민임대주택(건설),0,13102136248B.0003,13102136248A.0006,A,Apartment Unit,13103136248T2,DT_MLTM_7141,지자체 지방공사,임대주택 공급현황,2022,2025-01-23,대전광역시,호,116,레벨01
구 분,국민임대주택(매입),0,13102136248B.0004,13102136248A.0006,A,Apartment Unit,13103136248T1,DT_MLTM_7141,LH,임대주택 공급현황,2022,2025-01-23,대전광역시,호,116,레벨01
구 분,국민임대주택(매입),0,13102136248B.0004,13102136248A.0006,A,Apartment Unit,13103136248T2,DT_MLTM_7141,지자체 지방공사,임대주택 공급현황,2022,2025-01-23,대전광역시,호,116,레벨01
구 분,행복주택(건설),444,13102136248B.0005,13102136248A.0006,A,Apartment Unit,13103136248T1,DT_MLTM_7141,LH,임대주택 공급현황,2022,2025-01-23,대전광역시,호,116,레벨01
구 분,행복주택(건설),0,13102136248B.0005,13102136248A.0006,A,Apartment Unit,13103136248T2,DT_MLTM_7141,지자체 지방공사,임대주택 공급현황,2022,2025-01-23,대전광역시,호,116,레벨01
구 분,통합공공임대주택(건설),98,13102136248B.0006,13102136248A.0006,A,Apartment Unit,13103136248T1,DT_MLTM_7141,LH,임대주택 공급현황,2022,2025-01-23,대전광역시,호,116,레벨01
구 분,통합공공임대주택(건설),0,13102136248B.0006,13102136248A.0006,A,Apartment Unit,13103136248T2,DT_MLTM_7141,지자체 지방공사,임대주택 공급현황,2022,2025-01-23,대전광역시,호,116,레벨01
구 분,통합공공임대주택(건설),0,13102136248B.0006,13102136248A.0006,A,Apartment Unit,13103136248T3,DT_MLTM_7141,공공기관(LH・지방공사 제외),임대주택 공급현황,2022,2025-01-23,대전광역시,호,116,레벨01
구 분,장기전세주택(건설),0,13102136248B.0007,13102136248A.0006,A,Apartment Unit,13103136248T1,DT_MLTM_7141,LH,임대주택 공급현황,2022,2025-01-23,대전광역시,호,116,레벨01
구 분,장기전세주택(건설),0,13102136248B.0007,13102136248A.0006,A,Apartment Unit,13103136248T2,DT_MLTM_7141,지자체 지방공사,임대주택 공급현황,2022,2025-01-23,대전광역시,호,116,레벨01
구 분,분양전환공공임대주택(건설 10년),0,13102136248B.0008,13102136248A.0006,A,Apartment Unit,13103136248T1,DT_MLTM_7141,LH,임대주택 공급현황,2022,2025-01-23,대전광역시,호,116,레벨01
구 분,분양전환공공임대주택(건설 10년),0,13102136248B.0008,13102136248A.0006,A,Apartment Unit,13103136248T2,DT_MLTM_7141,지자체 지방공사,임대주택 공급현황,2022,2025-01-23,대전광역시,호,116,레벨01
구 분,분양전환공공임대주택(건설 10년),0,13102136248B.0008,13102136248A.0006,A,Apartment Unit,13103136248T4,DT_MLTM_7141,민 간,임대주택 공급현황,2022,2025-01-23,대전광역시,호,116,레벨01
구 분,분양전환공공임대주택(건설 6년임대),0,13102136248B.0009,13102136248A.0006,A,Apartment Unit,13103136248T1,DT_MLTM_7141,LH,임대주택 공급현황,2022,2025-01-23,대전광역시,호,116,레벨01
구 분,분양전환공공임대주택(건설 6년임대),0,13102136248B.0009,13102136248A.0006,A,Apartment Unit,13103136248T2,DT_MLTM_7141,지자체 지방공사,임대주택 공급현황,2022,2025-01-23,대전광역시,호,116,레벨01
구 분,분양전환공공임대주택(건설 5년임대),0,13102136248B.0010,13102136248A.0006,A,Apartment Unit,13103136248T1,DT_MLTM_7141,LH,임대주택 공급현황,2022,2025-01-23,대전광역시,호,116,레벨01
구 분,분양전환공공임대주택(건설 5년임대),0,13102136248B.0010,13102136248A.0006,A,Apartment Unit,13103136248T2,DT_MLTM_7141,지자체 지방공사,임대주택 공급현황,2022,2025-01-23,대전광역시,호,116,레벨01
구 분,분양전환공공임대주택(건설 5년임대),0,13102136248B.0010,13102136248A.0006,A,Apartment Unit,13103136248T4,DT_MLTM_7141,민 간,임대주택 공급현황,2022,2025-01-23,대전광역시,호,116,레벨01
구 분,분양전환공공임대주택(건설 분납임대 10년),0,13102136248B.0011,13102136248A.0006,A,Apartment Unit,13103136248T1,DT_MLTM_7141,LH,임대주택 공급현황,2022,2025-01-23,대전광역시,호,116,레벨01
구 분,분양전환공공임대주택(건설 분납임대 10년),0,13102136248B.0011,13102136248A.0006,A,Apartment Unit,13103136248T2,DT_MLTM_7141,지자체 지방공사,임대주택 공급현황,2022,2025-01-23,대전광역시,호,116,레벨01
구 분,분양전환공공임대주택(건설 분납임대 10년),0,13102136248B.0011,13102136248A.0006,A,Apartment Unit,13103136248T4,DT_MLTM_7141,민 간,임대주택 공급현황,2022,2025-01-23,대전광역시,호,116,레벨01
구 분,기존주택등 매입임대(매입),526,13102136248B.0012,13102136248A.0006,A,Apartment Unit,13103136248T1,DT_MLTM_7141,LH,임대주택 공급현황,2022,2025-01-23,대전광역시,호,116,레벨01
구 분,기존주택등 매입임대(매입),45,13102136248B.0012,13102136248A.0006,A,Apartment Unit,13103136248T2,DT_MLTM_7141,지자체 지방공사,임대주택 공급현황,2022,2025-01-23,대전광역시,호,116,레벨01
구 분,기존주택전세임대주택(매입),2483,13102136248B.0013,13102136248A.0006,A,Apartment Unit,13103136248T1,DT_MLTM_7141,LH,임대주택 공급현황,2022,2025-01-23,대전광역시,호,116,레벨01
구 분,기존주택전세임대주택(매입),0,13102136248B.0013,13102136248A.0006,A,Apartment Unit,13103136248T2,DT_MLTM_7141,지자체 지방공사,임대주택 공급현황,2022,2025-01-23,대전광역시,호,116,레벨01
구 분,민간임대주택(단기민간임대주택_건설),0,13102136248B.0014,13102136248A.0006,A,Apartment Unit,13103136248T5,DT_MLTM_7141,개인,임대주택 공급현황,2022,2025-01-23,대전광역시,호,116,레벨01
구 분,민간임대주택(단기민간임대주택_건설),0,13102136248B.0014,13102136248A.0006,A,Apartment Unit,13103136248T6,DT_MLTM_7141,법인,임대주택 공급현황,2022,2025-01-23,대전광역시,호,116,레벨01
구 분,민간임대주택(단기민간임대주택_매입),0,13102136248B.0015,13102136248A.0006,A,Apartment Unit,13103136248T5,DT_MLTM_7141,개인,임대주택 공급현황,2022,2025-01-23,대전광역시,호,116,레벨01
구 분,민간임대주택(단기민간임대주택_매입),0,13102136248B.0015,13102136248A.0006,A,Apartment Unit,13103136248T6,DT_MLTM_7141,법인,임대주택 공급현황,2022,2025-01-23,대전광역시,호,116,레벨01
구 분,민간임대주택(장기일반민간임대주택_건설),87,13102136248B.0016,13102136248A.0006,A,Apartment Unit,13103136248T5,DT_MLTM_7141,개인,임대주택 공급현황,2022,2025-01-23,대전광역시,호,116,레벨01
구 분,민간임대주택(장기일반민간임대주택_건설),408,13102136248B.0016,13102136248A.0006,A,Apartment Unit,13103136248T6,DT_MLTM_7141,법인,임대주택 공급현황,2022,2025-01-23,대전광역시,호,116,레벨01
구 분,민간임대주택(장기일반민간임대주택_매입),972,13102136248B.0017,13102136248A.0006,A,Apartment Unit,13103136248T5,DT_MLTM_7141,개인,임대주택 공급현황,2022,2025-01-23,대전광역시,호,116,레벨01
구 분,민간임대주택(장기일반민간임대주택_매입),254,13102136248B.0017,13102136248A.0006,A,Apartment Unit,13103136248T6,DT_MLTM_7141,법인,임대주택 공급현황,2022,2025-01-23,대전광역시,호,116,레벨01
구 분,민간임대주택(공공지원민간임대주택_건설),0,13102136248B.0018,13102136248A.0006,A,Apartment Unit,13103136248T5,DT_MLTM_7141,개인,임대주택 공급현황,2022,2025-01-23,대전광역시,호,116,레벨01
구 분,민간임대주택(공공지원민간임대주택_건설),882,13102136248B.0018,13102136248A.0006,A,Apartment Unit,13103136248T6,DT_MLTM_7141,법인,임대주택 공급현황,2022,2025-01-23,대전광역시,호,116,레벨01
구 분,민간임대주택(공공지원민간임대주택_매입),2,13102136248B.0019,13102136248A.0006,A,Apartment Unit,13103136248T5,DT_MLTM_7141,개인,임대주택 공급현황,2022,2025-01-23,대전광역시,호,116,레벨01
구 분,민간임대주택(공공지원민간임대주택_매입),0,13102136248B.0019,13102136248A.0006,A,Apartment Unit,13103136248T6,DT_MLTM_7141,법인,임대주택 공급현황,2022,2025-01-23,대전광역시,호,116,레벨01
구 분,영구임대주택(건설),0,13102136248B.0001,13102136248A.0007,A,Apartment Unit,13103136248T1,DT_MLTM_7141,LH,임대주택 공급현황,2022,2025-01-23,울산광역시,호,116,레벨01
구 분,영구임대주택(건설),0,13102136248B.0001,13102136248A.0007,A,Apartment Unit,13103136248T2,DT_MLTM_7141,지자체 지방공사,임대주택 공급현황,2022,2025-01-23,울산광역시,호,116,레벨01
구 분,영구임대주택(매입),0,13102136248B.0002,13102136248A.0007,A,Apartment Unit,13103136248T1,DT_MLTM_7141,LH,임대주택 공급현황,2022,2025-01-23,울산광역시,호,116,레벨01
구 분,영구임대주택(매입),0,13102136248B.0002,13102136248A.0007,A,Apartment Unit,13103136248T2,DT_MLTM_7141,지자체 지방공사,임대주택 공급현황,2022,2025-01-23,울산광역시,호,116,레벨01
구 분,국민임대주택(건설),0,13102136248B.0003,13102136248A.0007,A,Apartment Unit,13103136248T1,DT_MLTM_7141,LH,임대주택 공급현황,2022,2025-01-23,울산광역시,호,116,레벨01
구 분,국민임대주택(건설),370,13102136248B.0003,13102136248A.0007,A,Apartment Unit,13103136248T2,DT_MLTM_7141,지자체 지방공사,임대주택 공급현황,2022,2025-01-23,울산광역시,호,116,레벨01
구 분,국민임대주택(매입),0,13102136248B.0004,13102136248A.0007,A,Apartment Unit,13103136248T1,DT_MLTM_7141,LH,임대주택 공급현황,2022,2025-01-23,울산광역시,호,116,레벨01
구 분,국민임대주택(매입),0,13102136248B.0004,13102136248A.0007,A,Apartment Unit,13103136248T2,DT_MLTM_7141,지자체 지방공사,임대주택 공급현황,2022,2025-01-23,울산광역시,호,116,레벨01
구 분,행복주택(건설),0,13102136248B.0005,13102136248A.0007,A,Apartment Unit,13103136248T1,DT_MLTM_7141,LH,임대주택 공급현황,2022,2025-01-23,울산광역시,호,116,레벨01
구 분,행복주택(건설),0,13102136248B.0005,13102136248A.0007,A,Apartment Unit,13103136248T2,DT_MLTM_7141,지자체 지방공사,임대주택 공급현황,2022,2025-01-23,울산광역시,호,116,레벨01
구 분,통합공공임대주택(건설),445,13102136248B.0006,13102136248A.0007,A,Apartment Unit,13103136248T1,DT_MLTM_7141,LH,임대주택 공급현황,2022,2025-01-23,울산광역시,호,116,레벨01
구 분,통합공공임대주택(건설),0,13102136248B.0006,13102136248A.0007,A,Apartment Unit,13103136248T2,DT_MLTM_7141,지자체 지방공사,임대주택 공급현황,2022,2025-01-23,울산광역시,호,116,레벨01
구 분,통합공공임대주택(건설),0,13102136248B.0006,13102136248A.0007,A,Apartment Unit,13103136248T3,DT_MLTM_7141,공공기관(LH・지방공사 제외),임대주택 공급현황,2022,2025-01-23,울산광역시,호,116,레벨01
구 분,장기전세주택(건설),0,13102136248B.0007,13102136248A.0007,A,Apartment Unit,13103136248T1,DT_MLTM_7141,LH,임대주택 공급현황,2022,2025-01-23,울산광역시,호,116,레벨01
구 분,장기전세주택(건설),0,13102136248B.0007,13102136248A.0007,A,Apartment Unit,13103136248T2,DT_MLTM_7141,지자체 지방공사,임대주택 공급현황,2022,2025-01-23,울산광역시,호,116,레벨01
구 분,분양전환공공임대주택(건설 10년),0,13102136248B.0008,13102136248A.0007,A,Apartment Unit,13103136248T1,DT_MLTM_7141,LH,임대주택 공급현황,2022,2025-01-23,울산광역시,호,116,레벨01
구 분,분양전환공공임대주택(건설 10년),0,13102136248B.0008,13102136248A.0007,A,Apartment Unit,13103136248T2,DT_MLTM_7141,지자체 지방공사,임대주택 공급현황,2022,2025-01-23,울산광역시,호,116,레벨01
구 분,분양전환공공임대주택(건설 10년),0,13102136248B.0008,13102136248A.0007,A,Apartment Unit,13103136248T4,DT_MLTM_7141,민 간,임대주택 공급현황,2022,2025-01-23,울산광역시,호,116,레벨01
구 분,분양전환공공임대주택(건설 6년임대),0,13102136248B.0009,13102136248A.0007,A,Apartment Unit,13103136248T1,DT_MLTM_7141,LH,임대주택 공급현황,2022,2025-01-23,울산광역시,호,116,레벨01
구 분,분양전환공공임대주택(건설 6년임대),0,13102136248B.0009,13102136248A.0007,A,Apartment Unit,13103136248T2,DT_MLTM_7141,지자체 지방공사,임대주택 공급현황,2022,2025-01-23,울산광역시,호,116,레벨01
구 분,분양전환공공임대주택(건설 5년임대),0,13102136248B.0010,13102136248A.0007,A,Apartment Unit,13103136248T1,DT_MLTM_7141,LH,임대주택 공급현황,2022,2025-01-23,울산광역시,호,116,레벨01
구 분,분양전환공공임대주택(건설 5년임대),0,13102136248B.0010,13102136248A.0007,A,Apartment Unit,13103136248T2,DT_MLTM_7141,지자체 지방공사,임대주택 공급현황,2022,2025-01-23,울산광역시,호,116,레벨01
구 분,분양전환공공임대주택(건설 5년임대),0,13102136248B.0010,13102136248A.0007,A,Apartment Unit,13103136248T4,DT_MLTM_7141,민 간,임대주택 공급현황,2022,2025-01-23,울산광역시,호,116,레벨01
구 분,분양전환공공임대주택(건설 분납임대 10년),0,13102136248B.0011,13102136248A.0007,A,Apartment Unit,13103136248T1,DT_MLTM_7141,LH,임대주택 공급현황,2022,2025-01-23,울산광역시,호,116,레벨01
구 분,분양전환공공임대주택(건설 분납임대 10년),0,13102136248B.0011,13102136248A.0007,A,Apartment Unit,13103136248T2,DT_MLTM_7141,지자체 지방공사,임대주택 공급현황,2022,2025-01-23,울산광역시,호,116,레벨01
구 분,분양전환공공임대주택(건설 분납임대 10년),0,13102136248B.0011,13102136248A.0007,A,Apartment Unit,13103136248T4,DT_MLTM_7141,민 간,임대주택 공급현황,2022,2025-01-23,울산광역시,호,116,레벨01
구 분,기존주택등 매입임대(매입),108,13102136248B.0012,13102136248A.0007,A,Apartment Unit,13103136248T1,DT_MLTM_7141,LH,임대주택 공급현황,2022,2025-01-23,울산광역시,호,116,레벨01
구 분,기존주택등 매입임대(매입),0,13102136248B.0012,13102136248A.0007,A,Apartment Unit,13103136248T2,DT_MLTM_7141,지자체 지방공사,임대주택 공급현황,2022,2025-01-23,울산광역시,호,116,레벨01
구 분,기존주택전세임대주택(매입),424,13102136248B.0013,13102136248A.0007,A,Apartment Unit,13103136248T1,DT_MLTM_7141,LH,임대주택 공급현황,2022,2025-01-23,울산광역시,호,116,레벨01
구 분,기존주택전세임대주택(매입),0,13102136248B.0013,13102136248A.0007,A,Apartment Unit,13103136248T2,DT_MLTM_7141,지자체 지방공사,임대주택 공급현황,2022,2025-01-23,울산광역시,호,116,레벨01
구 분,민간임대주택(단기민간임대주택_건설),0,13102136248B.0014,13102136248A.0007,A,Apartment Unit,13103136248T5,DT_MLTM_7141,개인,임대주택 공급현황,2022,2025-01-23,울산광역시,호,116,레벨01
구 분,민간임대주택(단기민간임대주택_건설),0,13102136248B.0014,13102136248A.0007,A,Apartment Unit,13103136248T6,DT_MLTM_7141,법인,임대주택 공급현황,2022,2025-01-23,울산광역시,호,116,레벨01
구 분,민간임대주택(단기민간임대주택_매입),0,13102136248B.0015,13102136248A.0007,A,Apartment Unit,13103136248T5,DT_MLTM_7141,개인,임대주택 공급현황,2022,2025-01-23,울산광역시,호,116,레벨01
구 분,민간임대주택(단기민간임대주택_매입),0,13102136248B.0015,13102136248A.0007,A,Apartment Unit,13103136248T6,DT_MLTM_7141,법인,임대주택 공급현황,2022,2025-01-23,울산광역시,호,116,레벨01
구 분,민간임대주택(장기일반민간임대주택_건설),99,13102136248B.0016,13102136248A.0007,A,Apartment Unit,13103136248T5,DT_MLTM_7141,개인,임대주택 공급현황,2022,2025-01-23,울산광역시,호,116,레벨01
구 분,민간임대주택(장기일반민간임대주택_건설),572,13102136248B.0016,13102136248A.0007,A,Apartment Unit,13103136248T6,DT_MLTM_7141,법인,임대주택 공급현황,2022,2025-01-23,울산광역시,호,116,레벨01
구 분,민간임대주택(장기일반민간임대주택_매입),591,13102136248B.0017,13102136248A.0007,A,Apartment Unit,13103136248T5,DT_MLTM_7141,개인,임대주택 공급현황,2022,2025-01-23,울산광역시,호,116,레벨01
구 분,민간임대주택(장기일반민간임대주택_매입),104,13102136248B.0017,13102136248A.0007,A,Apartment Unit,13103136248T6,DT_MLTM_7141,법인,임대주택 공급현황,2022,2025-01-23,울산광역시,호,116,레벨01
구 분,민간임대주택(공공지원민간임대주택_건설),0,13102136248B.0018,13102136248A.0007,A,Apartment Unit,13103136248T5,DT_MLTM_7141,개인,임대주택 공급현황,2022,2025-01-23,울산광역시,호,116,레벨01
구 분,민간임대주택(공공지원민간임대주택_건설),0,13102136248B.0018,13102136248A.0007,A,Apartment Unit,13103136248T6,DT_MLTM_7141,법인,임대주택 공급현황,2022,2025-01-23,울산광역시,호,116,레벨01
구 분,민간임대주택(공공지원민간임대주택_매입),6,13102136248B.0019,13102136248A.0007,A,Apartment Unit,13103136248T5,DT_MLTM_7141,개인,임대주택 공급현황,2022,2025-01-23,울산광역시,호,116,레벨01
구 분,민간임대주택(공공지원민간임대주택_매입),0,13102136248B.0019,13102136248A.0007,A,Apartment Unit,13103136248T6,DT_MLTM_7141,법인,임대주택 공급현황,2022,2025-01-23,울산광역시,호,116,레벨01
구 분,영구임대주택(건설),0,13102136248B.0001,13102136248A.0008,A,Apartment Unit,13103136248T1,DT_MLTM_7141,LH,임대주택 공급현황,2022,2025-01-23,세종특별자치시,호,116,레벨01
구 분,영구임대주택(건설),0,13102136248B.0001,13102136248A.0008,A,Apartment Unit,13103136248T2,DT_MLTM_7141,지자체 지방공사,임대주택 공급현황,2022,2025-01-23,세종특별자치시,호,116,레벨01
구 분,영구임대주택(매입),0,13102136248B.0002,13102136248A.0008,A,Apartment Unit,13103136248T1,DT_MLTM_7141,LH,임대주택 공급현황,2022,2025-01-23,세종특별자치시,호,116,레벨01
구 분,영구임대주택(매입),0,13102136248B.0002,13102136248A.0008,A,Apartment Unit,13103136248T2,DT_MLTM_7141,지자체 지방공사,임대주택 공급현황,2022,2025-01-23,세종특별자치시,호,116,레벨01
구 분,국민임대주택(건설),0,13102136248B.0003,13102136248A.0008,A,Apartment Unit,13103136248T1,DT_MLTM_7141,LH,임대주택 공급현황,2022,2025-01-23,세종특별자치시,호,116,레벨01
구 분,국민임대주택(건설),0,13102136248B.0003,13102136248A.0008,A,Apartment Unit,13103136248T2,DT_MLTM_7141,지자체 지방공사,임대주택 공급현황,2022,2025-01-23,세종특별자치시,호,116,레벨01
구 분,국민임대주택(매입),0,13102136248B.0004,13102136248A.0008,A,Apartment Unit,13103136248T1,DT_MLTM_7141,LH,임대주택 공급현황,2022,2025-01-23,세종특별자치시,호,116,레벨01
구 분,국민임대주택(매입),0,13102136248B.0004,13102136248A.0008,A,Apartment Unit,13103136248T2,DT_MLTM_7141,지자체 지방공사,임대주택 공급현황,2022,2025-01-23,세종특별자치시,호,116,레벨01
구 분,행복주택(건설),159,13102136248B.0005,13102136248A.0008,A,Apartment Unit,13103136248T1,DT_MLTM_7141,LH,임대주택 공급현황,2022,2025-01-23,세종특별자치시,호,116,레벨01
구 분,행복주택(건설),0,13102136248B.0005,13102136248A.0008,A,Apartment Unit,13103136248T2,DT_MLTM_7141,지자체 지방공사,임대주택 공급현황,2022,2025-01-23,세종특별자치시,호,116,레벨01
구 분,통합공공임대주택(건설),916,13102136248B.0006,13102136248A.0008,A,Apartment Unit,13103136248T1,DT_MLTM_7141,LH,임대주택 공급현황,2022,2025-01-23,세종특별자치시,호,116,레벨01
구 분,통합공공임대주택(건설),0,13102136248B.0006,13102136248A.0008,A,Apartment Unit,13103136248T2,DT_MLTM_7141,지자체 지방공사,임대주택 공급현황,2022,2025-01-23,세종특별자치시,호,116,레벨01
구 분,통합공공임대주택(건설),0,13102136248B.0006,13102136248A.0008,A,Apartment Unit,13103136248T3,DT_MLTM_7141,공공기관(LH・지방공사 제외),임대주택 공급현황,2022,2025-01-23,세종특별자치시,호,116,레벨01
구 분,장기전세주택(건설),0,13102136248B.0007,13102136248A.0008,A,Apartment Unit,13103136248T1,DT_MLTM_7141,LH,임대주택 공급현황,2022,2025-01-23,세종특별자치시,호,116,레벨01
구 분,장기전세주택(건설),0,13102136248B.0007,13102136248A.0008,A,Apartment Unit,13103136248T2,DT_MLTM_7141,지자체 지방공사,임대주택 공급현황,2022,2025-01-23,세종특별자치시,호,116,레벨01
구 분,분양전환공공임대주택(건설 10년),0,13102136248B.0008,13102136248A.0008,A,Apartment Unit,13103136248T1,DT_MLTM_7141,LH,임대주택 공급현황,2022,2025-01-23,세종특별자치시,호,116,레벨01
구 분,분양전환공공임대주택(건설 10년),0,13102136248B.0008,13102136248A.0008,A,Apartment Unit,13103136248T2,DT_MLTM_7141,지자체 지방공사,임대주택 공급현황,2022,2025-01-23,세종특별자치시,호,116,레벨01
구 분,분양전환공공임대주택(건설 10년),0,13102136248B.0008,13102136248A.0008,A,Apartment Unit,13103136248T4,DT_MLTM_7141,민 간,임대주택 공급현황,2022,2025-01-23,세종특별자치시,호,116,레벨01
구 분,분양전환공공임대주택(건설 6년임대),0,13102136248B.0009,13102136248A.0008,A,Apartment Unit,13103136248T1,DT_MLTM_7141,LH,임대주택 공급현황,2022,2025-01-23,세종특별자치시,호,116,레벨01
구 분,분양전환공공임대주택(건설 6년임대),0,13102136248B.0009,13102136248A.0008,A,Apartment Unit,13103136248T2,DT_MLTM_7141,지자체 지방공사,임대주택 공급현황,2022,2025-01-23,세종특별자치시,호,116,레벨01
구 분,분양전환공공임대주택(건설 5년임대),0,13102136248B.0010,13102136248A.0008,A,Apartment Unit,13103136248T1,DT_MLTM_7141,LH,임대주택 공급현황,2022,2025-01-23,세종특별자치시,호,116,레벨01
구 분,분양전환공공임대주택(건설 5년임대),0,13102136248B.0010,13102136248A.0008,A,Apartment Unit,13103136248T2,DT_MLTM_7141,지자체 지방공사,임대주택 공급현황,2022,2025-01-23,세종특별자치시,호,116,레벨01
구 분,분양전환공공임대주택(건설 5년임대),0,13102136248B.0010,13102136248A.0008,A,Apartment Unit,13103136248T4,DT_MLTM_7141,민 간,임대주택 공급현황,2022,2025-01-23,세종특별자치시,호,116,레벨01
구 분,분양전환공공임대주택(건설 분납임대 10년),0,13102136248B.0011,13102136248A.0008,A,Apartment Unit,13103136248T1,DT_MLTM_7141,LH,임대주택 공급현황,2022,2025-01-23,세종특별자치시,호,116,레벨01
구 분,분양전환공공임대주택(건설 분납임대 10년),0,13102136248B.0011,13102136248A.0008,A,Apartment Unit,13103136248T2,DT_MLTM_7141,지자체 지방공사,임대주택 공급현황,2022,2025-01-23,세종특별자치시,호,116,레벨01
구 분,분양전환공공임대주택(건설 분납임대 10년),0,13102136248B.0011,13102136248A.0008,A,Apartment Unit,13103136248T4,DT_MLTM_7141,민 간,임대주택 공급현황,2022,2025-01-23,세종특별자치시,호,116,레벨01
구 분,기존주택등 매입임대(매입),83,13102136248B.0012,13102136248A.0008,A,Apartment Unit,13103136248T1,DT_MLTM_7141,LH,임대주택 공급현황,2022,2025-01-23,세종특별자치시,호,116,레벨01
구 분,기존주택등 매입임대(매입),0,13102136248B.0012,13102136248A.0008,A,Apartment Unit,13103136248T2,DT_MLTM_7141,지자체 지방공사,임대주택 공급현황,2022,2025-01-23,세종특별자치시,호,116,레벨01
구 분,기존주택전세임대주택(매입),119,13102136248B.0013,13102136248A.0008,A,Apartment Unit,13103136248T1,DT_MLTM_7141,LH,임대주택 공급현황,2022,2025-01-23,세종특별자치시,호,116,레벨01
구 분,기존주택전세임대주택(매입),0,13102136248B.0013,13102136248A.0008,A,Apartment Unit,13103136248T2,DT_MLTM_7141,지자체 지방공사,임대주택 공급현황,2022,2025-01-23,세종특별자치시,호,116,레벨01
구 분,민간임대주택(단기민간임대주택_건설),0,13102136248B.0014,13102136248A.0008,A,Apartment Unit,13103136248T5,DT_MLTM_7141,개인,임대주택 공급현황,2022,2025-01-23,세종특별자치시,호,116,레벨01
구 분,민간임대주택(단기민간임대주택_건설),0,13102136248B.0014,13102136248A.0008,A,Apartment Unit,13103136248T6,DT_MLTM_7141,법인,임대주택 공급현황,2022,2025-01-23,세종특별자치시,호,116,레벨01
구 분,민간임대주택(단기민간임대주택_매입),0,13102136248B.0015,13102136248A.0008,A,Apartment Unit,13103136248T5,DT_MLTM_7141,개인,임대주택 공급현황,2022,2025-01-23,세종특별자치시,호,116,레벨01
구 분,민간임대주택(단기민간임대주택_매입),0,13102136248B.0015,13102136248A.0008,A,Apartment Unit,13103136248T6,DT_MLTM_7141,법인,임대주택 공급현황,2022,2025-01-23,세종특별자치시,호,116,레벨01
구 분,민간임대주택(장기일반민간임대주택_건설),35,13102136248B.0016,13102136248A.0008,A,Apartment Unit,13103136248T5,DT_MLTM_7141,개인,임대주택 공급현황,2022,2025-01-23,세종특별자치시,호,116,레벨01
구 분,민간임대주택(장기일반민간임대주택_건설),0,13102136248B.0016,13102136248A.0008,A,Apartment Unit,13103136248T6,DT_MLTM_7141,법인,임대주택 공급현황,2022,2025-01-23,세종특별자치시,호,116,레벨01
구 분,민간임대주택(장기일반민간임대주택_매입),214,13102136248B.0017,13102136248A.0008,A,Apartment Unit,13103136248T5,DT_MLTM_7141,개인,임대주택 공급현황,2022,2025-01-23,세종특별자치시,호,116,레벨01
구 분,민간임대주택(장기일반민간임대주택_매입),51,13102136248B.0017,13102136248A.0008,A,Apartment Unit,13103136248T6,DT_MLTM_7141,법인,임대주택 공급현황,2022,2025-01-23,세종특별자치시,호,116,레벨01
구 분,민간임대주택(공공지원민간임대주택_건설),0,13102136248B.0018,13102136248A.0008,A,Apartment Unit,13103136248T5,DT_MLTM_7141,개인,임대주택 공급현황,2022,2025-01-23,세종특별자치시,호,116,레벨01
구 분,민간임대주택(공공지원민간임대주택_건설),0,13102136248B.0018,13102136248A.0008,A,Apartment Unit,13103136248T6,DT_MLTM_7141,법인,임대주택 공급현황,2022,2025-01-23,세종특별자치시,호,116,레벨01
구 분,민간임대주택(공공지원민간임대주택_매입),2,13102136248B.0019,13102136248A.0008,A,Apartment Unit,13103136248T5,DT_MLTM_7141,개인,임대주택 공급현황,2022,2025-01-23,세종특별자치시,호,116,레벨01
구 분,민간임대주택(공공지원민간임대주택_매입),0,13102136248B.0019,13102136248A.0008,A,Apartment Unit,13103136248T6,DT_MLTM_7141,법인,임대주택 공급현황,2022,2025-01-23,세종특별자치시,호,116,레벨01
구 분,영구임대주택(건설),0,13102136248B.0001,13102136248A.0009,A,Apartment Unit,13103136248T1,DT_MLTM_7141,LH,임대주택 공급현황,2022,2025-01-23,경기도,호,116,레벨01
구 분,영구임대주택(건설),0,13102136248B.0001,13102136248A.0009,A,Apartment Unit,13103136248T2,DT_MLTM_7141,지자체 지방공사,임대주택 공급현황,2022,2025-01-23,경기도,호,116,레벨01
구 분,영구임대주택(매입),0,13102136248B.0002,13102136248A.0009,A,Apartment Unit,13103136248T1,DT_MLTM_7141,LH,임대주택 공급현황,2022,2025-01-23,경기도,호,116,레벨01
구 분,영구임대주택(매입),0,13102136248B.0002,13102136248A.0009,A,Apartment Unit,13103136248T2,DT_MLTM_7141,지자체 지방공사,임대주택 공급현황,2022,2025-01-23,경기도,호,116,레벨01
구 분,국민임대주택(건설),0,13102136248B.0003,13102136248A.0009,A,Apartment Unit,13103136248T1,DT_MLTM_7141,LH,임대주택 공급현황,2022,2025-01-23,경기도,호,116,레벨01
구 분,국민임대주택(건설),0,13102136248B.0003,13102136248A.0009,A,Apartment Unit,13103136248T2,DT_MLTM_7141,지자체 지방공사,임대주택 공급현황,2022,2025-01-23,경기도,호,116,레벨01
구 분,국민임대주택(매입),0,13102136248B.0004,13102136248A.0009,A,Apartment Unit,13103136248T1,DT_MLTM_7141,LH,임대주택 공급현황,2022,2025-01-23,경기도,호,116,레벨01
구 분,국민임대주택(매입),0,13102136248B.0004,13102136248A.0009,A,Apartment Unit,13103136248T2,DT_MLTM_7141,지자체 지방공사,임대주택 공급현황,2022,2025-01-23,경기도,호,116,레벨01
구 분,행복주택(건설),194,13102136248B.0005,13102136248A.0009,A,Apartment Unit,13103136248T1,DT_MLTM_7141,LH,임대주택 공급현황,2022,2025-01-23,경기도,호,116,레벨01
구 분,행복주택(건설),0,13102136248B.0005,13102136248A.0009,A,Apartment Unit,13103136248T2,DT_MLTM_7141,지자체 지방공사,임대주택 공급현황,2022,2025-01-23,경기도,호,116,레벨01
구 분,통합공공임대주택(건설),1687,13102136248B.0006,13102136248A.0009,A,Apartment Unit,13103136248T1,DT_MLTM_7141,LH,임대주택 공급현황,2022,2025-01-23,경기도,호,116,레벨01
구 분,통합공공임대주택(건설),838,13102136248B.0006,13102136248A.0009,A,Apartment Unit,13103136248T2,DT_MLTM_7141,지자체 지방공사,임대주택 공급현황,2022,2025-01-23,경기도,호,116,레벨01
구 분,통합공공임대주택(건설),0,13102136248B.0006,13102136248A.0009,A,Apartment Unit,13103136248T3,DT_MLTM_7141,공공기관(LH・지방공사 제외),임대주택 공급현황,2022,2025-01-23,경기도,호,116,레벨01
구 분,장기전세주택(건설),0,13102136248B.0007,13102136248A.0009,A,Apartment Unit,13103136248T1,DT_MLTM_7141,LH,임대주택 공급현황,2022,2025-01-23,경기도,호,116,레벨01
구 분,장기전세주택(건설),965,13102136248B.0007,13102136248A.0009,A,Apartment Unit,13103136248T2,DT_MLTM_7141,지자체 지방공사,임대주택 공급현황,2022,2025-01-23,경기도,호,116,레벨01
구 분,분양전환공공임대주택(건설 10년),0,13102136248B.0008,13102136248A.0009,A,Apartment Unit,13103136248T1,DT_MLTM_7141,LH,임대주택 공급현황,2022,2025-01-23,경기도,호,116,레벨01
구 분,분양전환공공임대주택(건설 10년),0,13102136248B.0008,13102136248A.0009,A,Apartment Unit,13103136248T2,DT_MLTM_7141,지자체 지방공사,임대주택 공급현황,2022,2025-01-23,경기도,호,116,레벨01
구 분,분양전환공공임대주택(건설 10년),0,13102136248B.0008,13102136248A.0009,A,Apartment Unit,13103136248T4,DT_MLTM_7141,민 간,임대주택 공급현황,2022,2025-01-23,경기도,호,116,레벨01
구 분,분양전환공공임대주택(건설 6년임대),0,13102136248B.0009,13102136248A.0009,A,Apartment Unit,13103136248T1,DT_MLTM_7141,LH,임대주택 공급현황,2022,2025-01-23,경기도,호,116,레벨01
구 분,분양전환공공임대주택(건설 6년임대),0,13102136248B.0009,13102136248A.0009,A,Apartment Unit,13103136248T2,DT_MLTM_7141,지자체 지방공사,임대주택 공급현황,2022,2025-01-23,경기도,호,116,레벨01
구 분,분양전환공공임대주택(건설 5년임대),0,13102136248B.0010,13102136248A.0009,A,Apartment Unit,13103136248T1,DT_MLTM_7141,LH,임대주택 공급현황,2022,2025-01-23,경기도,호,116,레벨01
구 분,분양전환공공임대주택(건설 5년임대),0,13102136248B.0010,13102136248A.0009,A,Apartment Unit,13103136248T2,DT_MLTM_7141,지자체 지방공사,임대주택 공급현황,2022,2025-01-23,경기도,호,116,레벨01
구 분,분양전환공공임대주택(건설 5년임대),0,13102136248B.0010,13102136248A.0009,A,Apartment Unit,13103136248T4,DT_MLTM_7141,민 간,임대주택 공급현황,2022,2025-01-23,경기도,호,116,레벨01
구 분,분양전환공공임대주택(건설 분납임대 10년),0,13102136248B.0011,13102136248A.0009,A,Apartment Unit,13103136248T1,DT_MLTM_7141,LH,임대주택 공급현황,2022,2025-01-23,경기도,호,116,레벨01
구 분,분양전환공공임대주택(건설 분납임대 10년),0,13102136248B.0011,13102136248A.0009,A,Apartment Unit,13103136248T2,DT_MLTM_7141,지자체 지방공사,임대주택 공급현황,2022,2025-01-23,경기도,호,116,레벨01
구 분,분양전환공공임대주택(건설 분납임대 10년),0,13102136248B.0011,13102136248A.0009,A,Apartment Unit,13103136248T4,DT_MLTM_7141,민 간,임대주택 공급현황,2022,2025-01-23,경기도,호,116,레벨01
구 분,기존주택등 매입임대(매입),5386,13102136248B.0012,13102136248A.0009,A,Apartment Unit,13103136248T1,DT_MLTM_7141,LH,임대주택 공급현황,2022,2025-01-23,경기도,호,116,레벨01
구 분,기존주택등 매입임대(매입),607,13102136248B.0012,13102136248A.0009,A,Apartment Unit,13103136248T2,DT_MLTM_7141,지자체 지방공사,임대주택 공급현황,2022,2025-01-23,경기도,호,116,레벨01
구 분,기존주택전세임대주택(매입),8492,13102136248B.0013,13102136248A.0009,A,Apartment Unit,13103136248T1,DT_MLTM_7141,LH,임대주택 공급현황,2022,2025-01-23,경기도,호,116,레벨01
구 분,기존주택전세임대주택(매입),2955,13102136248B.0013,13102136248A.0009,A,Apartment Unit,13103136248T2,DT_MLTM_7141,지자체 지방공사,임대주택 공급현황,2022,2025-01-23,경기도,호,116,레벨01
구 분,민간임대주택(단기민간임대주택_건설),0,13102136248B.0014,13102136248A.0009,A,Apartment Unit,13103136248T5,DT_MLTM_7141,개인,임대주택 공급현황,2022,2025-01-23,경기도,호,116,레벨01
구 분,민간임대주택(단기민간임대주택_건설),0,13102136248B.0014,13102136248A.0009,A,Apartment Unit,13103136248T6,DT_MLTM_7141,법인,임대주택 공급현황,2022,2025-01-23,경기도,호,116,레벨01
구 분,민간임대주택(단기민간임대주택_매입),13,13102136248B.0015,13102136248A.0009,A,Apartment Unit,13103136248T5,DT_MLTM_7141,개인,임대주택 공급현황,2022,2025-01-23,경기도,호,116,레벨01
구 분,민간임대주택(단기민간임대주택_매입),0,13102136248B.0015,13102136248A.0009,A,Apartment Unit,13103136248T6,DT_MLTM_7141,법인,임대주택 공급현황,2022,2025-01-23,경기도,호,116,레벨01
구 분,민간임대주택(장기일반민간임대주택_건설),5177,13102136248B.0016,13102136248A.0009,A,Apartment Unit,13103136248T5,DT_MLTM_7141,개인,임대주택 공급현황,2022,2025-01-23,경기도,호,116,레벨01
구 분,민간임대주택(장기일반민간임대주택_건설),4187,13102136248B.0016,13102136248A.0009,A,Apartment Unit,13103136248T6,DT_MLTM_7141,법인,임대주택 공급현황,2022,2025-01-23,경기도,호,116,레벨01
구 분,민간임대주택(장기일반민간임대주택_매입),14843,13102136248B.0017,13102136248A.0009,A,Apartment Unit,13103136248T5,DT_MLTM_7141,개인,임대주택 공급현황,2022,2025-01-23,경기도,호,116,레벨01
구 분,민간임대주택(장기일반민간임대주택_매입),1156,13102136248B.0017,13102136248A.0009,A,Apartment Unit,13103136248T6,DT_MLTM_7141,법인,임대주택 공급현황,2022,2025-01-23,경기도,호,116,레벨01
구 분,민간임대주택(공공지원민간임대주택_건설),5,13102136248B.0018,13102136248A.0009,A,Apartment Unit,13103136248T5,DT_MLTM_7141,개인,임대주택 공급현황,2022,2025-01-23,경기도,호,116,레벨01
구 분,민간임대주택(공공지원민간임대주택_건설),416,13102136248B.0018,13102136248A.0009,A,Apartment Unit,13103136248T6,DT_MLTM_7141,법인,임대주택 공급현황,2022,2025-01-23,경기도,호,116,레벨01
구 분,민간임대주택(공공지원민간임대주택_매입),40,13102136248B.0019,13102136248A.0009,A,Apartment Unit,13103136248T5,DT_MLTM_7141,개인,임대주택 공급현황,2022,2025-01-23,경기도,호,116,레벨01
구 분,민간임대주택(공공지원민간임대주택_매입),8,13102136248B.0019,13102136248A.0009,A,Apartment Unit,13103136248T6,DT_MLTM_7141,법인,임대주택 공급현황,2022,2025-01-23,경기도,호,116,레벨01
구 분,영구임대주택(건설),0,13102136248B.0001,13102136248A.0010,A,Apartment Unit,13103136248T1,DT_MLTM_7141,LH,임대주택 공급현황,2022,2025-01-23,강원도,호,116,레벨01
구 분,영구임대주택(건설),0,13102136248B.0001,13102136248A.0010,A,Apartment Unit,13103136248T2,DT_MLTM_7141,지자체 지방공사,임대주택 공급현황,2022,2025-01-23,강원도,호,116,레벨01
구 분,영구임대주택(매입),0,13102136248B.0002,13102136248A.0010,A,Apartment Unit,13103136248T1,DT_MLTM_7141,LH,임대주택 공급현황,2022,2025-01-23,강원도,호,116,레벨01
구 분,영구임대주택(매입),0,13102136248B.0002,13102136248A.0010,A,Apartment Unit,13103136248T2,DT_MLTM_7141,지자체 지방공사,임대주택 공급현황,2022,2025-01-23,강원도,호,116,레벨01
구 분,국민임대주택(건설),30,13102136248B.0003,13102136248A.0010,A,Apartment Unit,13103136248T1,DT_MLTM_7141,LH,임대주택 공급현황,2022,2025-01-23,강원도,호,116,레벨01
구 분,국민임대주택(건설),0,13102136248B.0003,13102136248A.0010,A,Apartment Unit,13103136248T2,DT_MLTM_7141,지자체 지방공사,임대주택 공급현황,2022,2025-01-23,강원도,호,116,레벨01
구 분,국민임대주택(매입),0,13102136248B.0004,13102136248A.0010,A,Apartment Unit,13103136248T1,DT_MLTM_7141,LH,임대주택 공급현황,2022,2025-01-23,강원도,호,116,레벨01
구 분,국민임대주택(매입),0,13102136248B.0004,13102136248A.0010,A,Apartment Unit,13103136248T2,DT_MLTM_7141,지자체 지방공사,임대주택 공급현황,2022,2025-01-23,강원도,호,116,레벨01
구 분,행복주택(건설),120,13102136248B.0005,13102136248A.0010,A,Apartment Unit,13103136248T1,DT_MLTM_7141,LH,임대주택 공급현황,2022,2025-01-23,강원도,호,116,레벨01
구 분,행복주택(건설),0,13102136248B.0005,13102136248A.0010,A,Apartment Unit,13103136248T2,DT_MLTM_7141,지자체 지방공사,임대주택 공급현황,2022,2025-01-23,강원도,호,116,레벨01
구 분,통합공공임대주택(건설),0,13102136248B.0006,13102136248A.0010,A,Apartment Unit,13103136248T1,DT_MLTM_7141,LH,임대주택 공급현황,2022,2025-01-23,강원도,호,116,레벨01
구 분,통합공공임대주택(건설),0,13102136248B.0006,13102136248A.0010,A,Apartment Unit,13103136248T2,DT_MLTM_7141,지자체 지방공사,임대주택 공급현황,2022,2025-01-23,강원도,호,116,레벨01
구 분,통합공공임대주택(건설),0,13102136248B.0006,13102136248A.0010,A,Apartment Unit,13103136248T3,DT_MLTM_7141,공공기관(LH・지방공사 제외),임대주택 공급현황,2022,2025-01-23,강원도,호,116,레벨01
구 분,장기전세주택(건설),0,13102136248B.0007,13102136248A.0010,A,Apartment Unit,13103136248T1,DT_MLTM_7141,LH,임대주택 공급현황,2022,2025-01-23,강원도,호,116,레벨01
구 분,장기전세주택(건설),0,13102136248B.0007,13102136248A.0010,A,Apartment Unit,13103136248T2,DT_MLTM_7141,지자체 지방공사,임대주택 공급현황,2022,2025-01-23,강원도,호,116,레벨01
구 분,분양전환공공임대주택(건설 10년),0,13102136248B.0008,13102136248A.0010,A,Apartment Unit,13103136248T1,DT_MLTM_7141,LH,임대주택 공급현황,2022,2025-01-23,강원도,호,116,레벨01
구 분,분양전환공공임대주택(건설 10년),0,13102136248B.0008,13102136248A.0010,A,Apartment Unit,13103136248T2,DT_MLTM_7141,지자체 지방공사,임대주택 공급현황,2022,2025-01-23,강원도,호,116,레벨01
구 분,분양전환공공임대주택(건설 10년),0,13102136248B.0008,13102136248A.0010,A,Apartment Unit,13103136248T4,DT_MLTM_7141,민 간,임대주택 공급현황,2022,2025-01-23,강원도,호,116,레벨01
구 분,분양전환공공임대주택(건설 6년임대),0,13102136248B.0009,13102136248A.0010,A,Apartment Unit,13103136248T1,DT_MLTM_7141,LH,임대주택 공급현황,2022,2025-01-23,강원도,호,116,레벨01
구 분,분양전환공공임대주택(건설 6년임대),0,13102136248B.0009,13102136248A.0010,A,Apartment Unit,13103136248T2,DT_MLTM_7141,지자체 지방공사,임대주택 공급현황,2022,2025-01-23,강원도,호,116,레벨01
구 분,분양전환공공임대주택(건설 5년임대),0,13102136248B.0010,13102136248A.0010,A,Apartment Unit,13103136248T1,DT_MLTM_7141,LH,임대주택 공급현황,2022,2025-01-23,강원도,호,116,레벨01
구 분,분양전환공공임대주택(건설 5년임대),0,13102136248B.0010,13102136248A.0010,A,Apartment Unit,13103136248T2,DT_MLTM_7141,지자체 지방공사,임대주택 공급현황,2022,2025-01-23,강원도,호,116,레벨01
구 분,분양전환공공임대주택(건설 5년임대),0,13102136248B.0010,13102136248A.0010,A,Apartment Unit,13103136248T4,DT_MLTM_7141,민 간,임대주택 공급현황,2022,2025-01-23,강원도,호,116,레벨01
구 분,분양전환공공임대주택(건설 분납임대 10년),0,13102136248B.0011,13102136248A.0010,A,Apartment Unit,13103136248T1,DT_MLTM_7141,LH,임대주택 공급현황,2022,2025-01-23,강원도,호,116,레벨01
구 분,분양전환공공임대주택(건설 분납임대 10년),0,13102136248B.0011,13102136248A.0010,A,Apartment Unit,13103136248T2,DT_MLTM_7141,지자체 지방공사,임대주택 공급현황,2022,2025-01-23,강원도,호,116,레벨01
구 분,분양전환공공임대주택(건설 분납임대 10년),0,13102136248B.0011,13102136248A.0010,A,Apartment Unit,13103136248T4,DT_MLTM_7141,민 간,임대주택 공급현황,2022,2025-01-23,강원도,호,116,레벨01
구 분,기존주택등 매입임대(매입),612,13102136248B.0012,13102136248A.0010,A,Apartment Unit,13103136248T1,DT_MLTM_7141,LH,임대주택 공급현황,2022,2025-01-23,강원도,호,116,레벨01
구 분,기존주택등 매입임대(매입),0,13102136248B.0012,13102136248A.0010,A,Apartment Unit,13103136248T2,DT_MLTM_7141,지자체 지방공사,임대주택 공급현황,2022,2025-01-23,강원도,호,116,레벨01
구 분,기존주택전세임대주택(매입),602,13102136248B.0013,13102136248A.0010,A,Apartment Unit,13103136248T1,DT_MLTM_7141,LH,임대주택 공급현황,2022,2025-01-23,강원도,호,116,레벨01
구 분,기존주택전세임대주택(매입),0,13102136248B.0013,13102136248A.0010,A,Apartment Unit,13103136248T2,DT_MLTM_7141,지자체 지방공사,임대주택 공급현황,2022,2025-01-23,강원도,호,116,레벨01
구 분,민간임대주택(단기민간임대주택_건설),0,13102136248B.0014,13102136248A.0010,A,Apartment Unit,13103136248T5,DT_MLTM_7141,개인,임대주택 공급현황,2022,2025-01-23,강원도,호,116,레벨01
구 분,민간임대주택(단기민간임대주택_건설),0,13102136248B.0014,13102136248A.0010,A,Apartment Unit,13103136248T6,DT_MLTM_7141,법인,임대주택 공급현황,2022,2025-01-23,강원도,호,116,레벨01
구 분,민간임대주택(단기민간임대주택_매입),0,13102136248B.0015,13102136248A.0010,A,Apartment Unit,13103136248T5,DT_MLTM_7141,개인,임대주택 공급현황,2022,2025-01-23,강원도,호,116,레벨01
구 분,민간임대주택(단기민간임대주택_매입),0,13102136248B.0015,13102136248A.0010,A,Apartment Unit,13103136248T6,DT_MLTM_7141,법인,임대주택 공급현황,2022,2025-01-23,강원도,호,116,레벨01
구 분,민간임대주택(장기일반민간임대주택_건설),117,13102136248B.0016,13102136248A.0010,A,Apartment Unit,13103136248T5,DT_MLTM_7141,개인,임대주택 공급현황,2022,2025-01-23,강원도,호,116,레벨01
구 분,민간임대주택(장기일반민간임대주택_건설),1401,13102136248B.0016,13102136248A.0010,A,Apartment Unit,13103136248T6,DT_MLTM_7141,법인,임대주택 공급현황,2022,2025-01-23,강원도,호,116,레벨01
구 분,민간임대주택(장기일반민간임대주택_매입),497,13102136248B.0017,13102136248A.0010,A,Apartment Unit,13103136248T5,DT_MLTM_7141,개인,임대주택 공급현황,2022,2025-01-23,강원도,호,116,레벨01
구 분,민간임대주택(장기일반민간임대주택_매입),117,13102136248B.0017,13102136248A.0010,A,Apartment Unit,13103136248T6,DT_MLTM_7141,법인,임대주택 공급현황,2022,2025-01-23,강원도,호,116,레벨01
구 분,민간임대주택(공공지원민간임대주택_건설),0,13102136248B.0018,13102136248A.0010,A,Apartment Unit,13103136248T5,DT_MLTM_7141,개인,임대주택 공급현황,2022,2025-01-23,강원도,호,116,레벨01
구 분,민간임대주택(공공지원민간임대주택_건설),0,13102136248B.0018,13102136248A.0010,A,Apartment Unit,13103136248T6,DT_MLTM_7141,법인,임대주택 공급현황,2022,2025-01-23,강원도,호,116,레벨01
구 분,민간임대주택(공공지원민간임대주택_매입),1,13102136248B.0019,13102136248A.0010,A,Apartment Unit,13103136248T5,DT_MLTM_7141,개인,임대주택 공급현황,2022,2025-01-23,강원도,호,116,레벨01
구 분,민간임대주택(공공지원민간임대주택_매입),0,13102136248B.0019,13102136248A.0010,A,Apartment Unit,13103136248T6,DT_MLTM_7141,법인,임대주택 공급현황,2022,2025-01-23,강원도,호,116,레벨01
구 분,영구임대주택(건설),0,13102136248B.0001,13102136248A.0011,A,Apartment Unit,13103136248T1,DT_MLTM_7141,LH,임대주택 공급현황,2022,2025-01-23,충청북도,호,116,레벨01
구 분,영구임대주택(건설),0,13102136248B.0001,13102136248A.0011,A,Apartment Unit,13103136248T2,DT_MLTM_7141,지자체 지방공사,임대주택 공급현황,2022,2025-01-23,충청북도,호,116,레벨01
구 분,영구임대주택(매입),0,13102136248B.0002,13102136248A.0011,A,Apartment Unit,13103136248T1,DT_MLTM_7141,LH,임대주택 공급현황,2022,2025-01-23,충청북도,호,116,레벨01
구 분,영구임대주택(매입),0,13102136248B.0002,13102136248A.0011,A,Apartment Unit,13103136248T2,DT_MLTM_7141,지자체 지방공사,임대주택 공급현황,2022,2025-01-23,충청북도,호,116,레벨01
구 분,국민임대주택(건설),0,13102136248B.0003,13102136248A.0011,A,Apartment Unit,13103136248T1,DT_MLTM_7141,LH,임대주택 공급현황,2022,2025-01-23,충청북도,호,116,레벨01
구 분,국민임대주택(건설),0,13102136248B.0003,13102136248A.0011,A,Apartment Unit,13103136248T2,DT_MLTM_7141,지자체 지방공사,임대주택 공급현황,2022,2025-01-23,충청북도,호,116,레벨01
구 분,국민임대주택(매입),0,13102136248B.0004,13102136248A.0011,A,Apartment Unit,13103136248T1,DT_MLTM_7141,LH,임대주택 공급현황,2022,2025-01-23,충청북도,호,116,레벨01
구 분,국민임대주택(매입),0,13102136248B.0004,13102136248A.0011,A,Apartment Unit,13103136248T2,DT_MLTM_7141,지자체 지방공사,임대주택 공급현황,2022,2025-01-23,충청북도,호,116,레벨01
구 분,행복주택(건설),0,13102136248B.0005,13102136248A.0011,A,Apartment Unit,13103136248T1,DT_MLTM_7141,LH,임대주택 공급현황,2022,2025-01-23,충청북도,호,116,레벨01
구 분,행복주택(건설),2,13102136248B.0005,13102136248A.0011,A,Apartment Unit,13103136248T2,DT_MLTM_7141,지자체 지방공사,임대주택 공급현황,2022,2025-01-23,충청북도,호,116,레벨01
구 분,통합공공임대주택(건설),80,13102136248B.0006,13102136248A.0011,A,Apartment Unit,13103136248T1,DT_MLTM_7141,LH,임대주택 공급현황,2022,2025-01-23,충청북도,호,116,레벨01
구 분,통합공공임대주택(건설),0,13102136248B.0006,13102136248A.0011,A,Apartment Unit,13103136248T2,DT_MLTM_7141,지자체 지방공사,임대주택 공급현황,2022,2025-01-23,충청북도,호,116,레벨01
구 분,통합공공임대주택(건설),0,13102136248B.0006,13102136248A.0011,A,Apartment Unit,13103136248T3,DT_MLTM_7141,공공기관(LH・지방공사 제외),임대주택 공급현황,2022,2025-01-23,충청북도,호,116,레벨01
구 분,장기전세주택(건설),0,13102136248B.0007,13102136248A.0011,A,Apartment Unit,13103136248T1,DT_MLTM_7141,LH,임대주택 공급현황,2022,2025-01-23,충청북도,호,116,레벨01
구 분,장기전세주택(건설),0,13102136248B.0007,13102136248A.0011,A,Apartment Unit,13103136248T2,DT_MLTM_7141,지자체 지방공사,임대주택 공급현황,2022,2025-01-23,충청북도,호,116,레벨01
구 분,분양전환공공임대주택(건설 10년),0,13102136248B.0008,13102136248A.0011,A,Apartment Unit,13103136248T1,DT_MLTM_7141,LH,임대주택 공급현황,2022,2025-01-23,충청북도,호,116,레벨01
구 분,분양전환공공임대주택(건설 10년),0,13102136248B.0008,13102136248A.0011,A,Apartment Unit,13103136248T2,DT_MLTM_7141,지자체 지방공사,임대주택 공급현황,2022,2025-01-23,충청북도,호,116,레벨01
구 분,분양전환공공임대주택(건설 10년),0,13102136248B.0008,13102136248A.0011,A,Apartment Unit,13103136248T4,DT_MLTM_7141,민 간,임대주택 공급현황,2022,2025-01-23,충청북도,호,116,레벨01
구 분,분양전환공공임대주택(건설 6년임대),0,13102136248B.0009,13102136248A.0011,A,Apartment Unit,13103136248T1,DT_MLTM_7141,LH,임대주택 공급현황,2022,2025-01-23,충청북도,호,116,레벨01
구 분,분양전환공공임대주택(건설 6년임대),0,13102136248B.0009,13102136248A.0011,A,Apartment Unit,13103136248T2,DT_MLTM_7141,지자체 지방공사,임대주택 공급현황,2022,2025-01-23,충청북도,호,116,레벨01
구 분,분양전환공공임대주택(건설 5년임대),0,13102136248B.0010,13102136248A.0011,A,Apartment Unit,13103136248T1,DT_MLTM_7141,LH,임대주택 공급현황,2022,2025-01-23,충청북도,호,116,레벨01
구 분,분양전환공공임대주택(건설 5년임대),0,13102136248B.0010,13102136248A.0011,A,Apartment Unit,13103136248T2,DT_MLTM_7141,지자체 지방공사,임대주택 공급현황,2022,2025-01-23,충청북도,호,116,레벨01
구 분,분양전환공공임대주택(건설 5년임대),0,13102136248B.0010,13102136248A.0011,A,Apartment Unit,13103136248T4,DT_MLTM_7141,민 간,임대주택 공급현황,2022,2025-01-23,충청북도,호,116,레벨01
구 분,분양전환공공임대주택(건설 분납임대 10년),0,13102136248B.0011,13102136248A.0011,A,Apartment Unit,13103136248T1,DT_MLTM_7141,LH,임대주택 공급현황,2022,2025-01-23,충청북도,호,116,레벨01
구 분,분양전환공공임대주택(건설 분납임대 10년),0,13102136248B.0011,13102136248A.0011,A,Apartment Unit,13103136248T2,DT_MLTM_7141,지자체 지방공사,임대주택 공급현황,2022,2025-01-23,충청북도,호,116,레벨01
구 분,분양전환공공임대주택(건설 분납임대 10년),0,13102136248B.0011,13102136248A.0011,A,Apartment Unit,13103136248T4,DT_MLTM_7141,민 간,임대주택 공급현황,2022,2025-01-23,충청북도,호,116,레벨01
구 분,기존주택등 매입임대(매입),327,13102136248B.0012,13102136248A.0011,A,Apartment Unit,13103136248T1,DT_MLTM_7141,LH,임대주택 공급현황,2022,2025-01-23,충청북도,호,116,레벨01
구 분,기존주택등 매입임대(매입),0,13102136248B.0012,13102136248A.0011,A,Apartment Unit,13103136248T2,DT_MLTM_7141,지자체 지방공사,임대주택 공급현황,2022,2025-01-23,충청북도,호,116,레벨01
구 분,기존주택전세임대주택(매입),804,13102136248B.0013,13102136248A.0011,A,Apartment Unit,13103136248T1,DT_MLTM_7141,LH,임대주택 공급현황,2022,2025-01-23,충청북도,호,116,레벨01
구 분,기존주택전세임대주택(매입),0,13102136248B.0013,13102136248A.0011,A,Apartment Unit,13103136248T2,DT_MLTM_7141,지자체 지방공사,임대주택 공급현황,2022,2025-01-23,충청북도,호,116,레벨01
구 분,민간임대주택(단기민간임대주택_건설),0,13102136248B.0014,13102136248A.0011,A,Apartment Unit,13103136248T5,DT_MLTM_7141,개인,임대주택 공급현황,2022,2025-01-23,충청북도,호,116,레벨01
구 분,민간임대주택(단기민간임대주택_건설),0,13102136248B.0014,13102136248A.0011,A,Apartment Unit,13103136248T6,DT_MLTM_7141,법인,임대주택 공급현황,2022,2025-01-23,충청북도,호,116,레벨01
구 분,민간임대주택(단기민간임대주택_매입),1,13102136248B.0015,13102136248A.0011,A,Apartment Unit,13103136248T5,DT_MLTM_7141,개인,임대주택 공급현황,2022,2025-01-23,충청북도,호,116,레벨01
구 분,민간임대주택(단기민간임대주택_매입),0,13102136248B.0015,13102136248A.0011,A,Apartment Unit,13103136248T6,DT_MLTM_7141,법인,임대주택 공급현황,2022,2025-01-23,충청북도,호,116,레벨01
구 분,민간임대주택(장기일반민간임대주택_건설),122,13102136248B.0016,13102136248A.0011,A,Apartment Unit,13103136248T5,DT_MLTM_7141,개인,임대주택 공급현황,2022,2025-01-23,충청북도,호,116,레벨01
구 분,민간임대주택(장기일반민간임대주택_건설),2548,13102136248B.0016,13102136248A.0011,A,Apartment Unit,13103136248T6,DT_MLTM_7141,법인,임대주택 공급현황,2022,2025-01-23,충청북도,호,116,레벨01
구 분,민간임대주택(장기일반민간임대주택_매입),687,13102136248B.0017,13102136248A.0011,A,Apartment Unit,13103136248T5,DT_MLTM_7141,개인,임대주택 공급현황,2022,2025-01-23,충청북도,호,116,레벨01
구 분,민간임대주택(장기일반민간임대주택_매입),391,13102136248B.0017,13102136248A.0011,A,Apartment Unit,13103136248T6,DT_MLTM_7141,법인,임대주택 공급현황,2022,2025-01-23,충청북도,호,116,레벨01
구 분,민간임대주택(공공지원민간임대주택_건설),0,13102136248B.0018,13102136248A.0011,A,Apartment Unit,13103136248T5,DT_MLTM_7141,개인,임대주택 공급현황,2022,2025-01-23,충청북도,호,116,레벨01
구 분,민간임대주택(공공지원민간임대주택_건설),0,13102136248B.0018,13102136248A.0011,A,Apartment Unit,13103136248T6,DT_MLTM_7141,법인,임대주택 공급현황,2022,2025-01-23,충청북도,호,116,레벨01
구 분,민간임대주택(공공지원민간임대주택_매입),6,13102136248B.0019,13102136248A.0011,A,Apartment Unit,13103136248T5,DT_MLTM_7141,개인,임대주택 공급현황,2022,2025-01-23,충청북도,호,116,레벨01
구 분,민간임대주택(공공지원민간임대주택_매입),0,13102136248B.0019,13102136248A.0011,A,Apartment Unit,13103136248T6,DT_MLTM_7141,법인,임대주택 공급현황,2022,2025-01-23,충청북도,호,116,레벨01
구 분,영구임대주택(건설),16,13102136248B.0001,13102136248A.0012,A,Apartment Unit,13103136248T1,DT_MLTM_7141,LH,임대주택 공급현황,2022,2025-01-23,충청남도,호,116,레벨01
구 분,영구임대주택(건설),0,13102136248B.0001,13102136248A.0012,A,Apartment Unit,13103136248T2,DT_MLTM_7141,지자체 지방공사,임대주택 공급현황,2022,2025-01-23,충청남도,호,116,레벨01
구 분,영구임대주택(매입),0,13102136248B.0002,13102136248A.0012,A,Apartment Unit,13103136248T1,DT_MLTM_7141,LH,임대주택 공급현황,2022,2025-01-23,충청남도,호,116,레벨01
구 분,영구임대주택(매입),0,13102136248B.0002,13102136248A.0012,A,Apartment Unit,13103136248T2,DT_MLTM_7141,지자체 지방공사,임대주택 공급현황,2022,2025-01-23,충청남도,호,116,레벨01
구 분,국민임대주택(건설),58,13102136248B.0003,13102136248A.0012,A,Apartment Unit,13103136248T1,DT_MLTM_7141,LH,임대주택 공급현황,2022,2025-01-23,충청남도,호,116,레벨01
구 분,국민임대주택(건설),0,13102136248B.0003,13102136248A.0012,A,Apartment Unit,13103136248T2,DT_MLTM_7141,지자체 지방공사,임대주택 공급현황,2022,2025-01-23,충청남도,호,116,레벨01
구 분,국민임대주택(매입),0,13102136248B.0004,13102136248A.0012,A,Apartment Unit,13103136248T1,DT_MLTM_7141,LH,임대주택 공급현황,2022,2025-01-23,충청남도,호,116,레벨01
구 분,국민임대주택(매입),0,13102136248B.0004,13102136248A.0012,A,Apartment Unit,13103136248T2,DT_MLTM_7141,지자체 지방공사,임대주택 공급현황,2022,2025-01-23,충청남도,호,116,레벨01
구 분,행복주택(건설),98,13102136248B.0005,13102136248A.0012,A,Apartment Unit,13103136248T1,DT_MLTM_7141,LH,임대주택 공급현황,2022,2025-01-23,충청남도,호,116,레벨01
구 분,행복주택(건설),0,13102136248B.0005,13102136248A.0012,A,Apartment Unit,13103136248T2,DT_MLTM_7141,지자체 지방공사,임대주택 공급현황,2022,2025-01-23,충청남도,호,116,레벨01
구 분,통합공공임대주택(건설),142,13102136248B.0006,13102136248A.0012,A,Apartment Unit,13103136248T1,DT_MLTM_7141,LH,임대주택 공급현황,2022,2025-01-23,충청남도,호,116,레벨01
구 분,통합공공임대주택(건설),0,13102136248B.0006,13102136248A.0012,A,Apartment Unit,13103136248T2,DT_MLTM_7141,지자체 지방공사,임대주택 공급현황,2022,2025-01-23,충청남도,호,116,레벨01
구 분,통합공공임대주택(건설),0,13102136248B.0006,13102136248A.0012,A,Apartment Unit,13103136248T3,DT_MLTM_7141,공공기관(LH・지방공사 제외),임대주택 공급현황,2022,2025-01-23,충청남도,호,116,레벨01
구 분,장기전세주택(건설),0,13102136248B.0007,13102136248A.0012,A,Apartment Unit,13103136248T1,DT_MLTM_7141,LH,임대주택 공급현황,2022,2025-01-23,충청남도,호,116,레벨01
구 분,장기전세주택(건설),0,13102136248B.0007,13102136248A.0012,A,Apartment Unit,13103136248T2,DT_MLTM_7141,지자체 지방공사,임대주택 공급현황,2022,2025-01-23,충청남도,호,116,레벨01
구 분,분양전환공공임대주택(건설 10년),0,13102136248B.0008,13102136248A.0012,A,Apartment Unit,13103136248T1,DT_MLTM_7141,LH,임대주택 공급현황,2022,2025-01-23,충청남도,호,116,레벨01
구 분,분양전환공공임대주택(건설 10년),0,13102136248B.0008,13102136248A.0012,A,Apartment Unit,13103136248T2,DT_MLTM_7141,지자체 지방공사,임대주택 공급현황,2022,2025-01-23,충청남도,호,116,레벨01
구 분,분양전환공공임대주택(건설 10년),0,13102136248B.0008,13102136248A.0012,A,Apartment Unit,13103136248T4,DT_MLTM_7141,민 간,임대주택 공급현황,2022,2025-01-23,충청남도,호,116,레벨01
구 분,분양전환공공임대주택(건설 6년임대),0,13102136248B.0009,13102136248A.0012,A,Apartment Unit,13103136248T1,DT_MLTM_7141,LH,임대주택 공급현황,2022,2025-01-23,충청남도,호,116,레벨01
구 분,분양전환공공임대주택(건설 6년임대),0,13102136248B.0009,13102136248A.0012,A,Apartment Unit,13103136248T2,DT_MLTM_7141,지자체 지방공사,임대주택 공급현황,2022,2025-01-23,충청남도,호,116,레벨01
구 분,분양전환공공임대주택(건설 5년임대),0,13102136248B.0010,13102136248A.0012,A,Apartment Unit,13103136248T1,DT_MLTM_7141,LH,임대주택 공급현황,2022,2025-01-23,충청남도,호,116,레벨01
구 분,분양전환공공임대주택(건설 5년임대),0,13102136248B.0010,13102136248A.0012,A,Apartment Unit,13103136248T2,DT_MLTM_7141,지자체 지방공사,임대주택 공급현황,2022,2025-01-23,충청남도,호,116,레벨01
구 분,분양전환공공임대주택(건설 5년임대),0,13102136248B.0010,13102136248A.0012,A,Apartment Unit,13103136248T4,DT_MLTM_7141,민 간,임대주택 공급현황,2022,2025-01-23,충청남도,호,116,레벨01
구 분,분양전환공공임대주택(건설 분납임대 10년),0,13102136248B.0011,13102136248A.0012,A,Apartment Unit,13103136248T1,DT_MLTM_7141,LH,임대주택 공급현황,2022,2025-01-23,충청남도,호,116,레벨01
구 분,분양전환공공임대주택(건설 분납임대 10년),0,13102136248B.0011,13102136248A.0012,A,Apartment Unit,13103136248T2,DT_MLTM_7141,지자체 지방공사,임대주택 공급현황,2022,2025-01-23,충청남도,호,116,레벨01
구 분,분양전환공공임대주택(건설 분납임대 10년),0,13102136248B.0011,13102136248A.0012,A,Apartment Unit,13103136248T4,DT_MLTM_7141,민 간,임대주택 공급현황,2022,2025-01-23,충청남도,호,116,레벨01
구 분,기존주택등 매입임대(매입),299,13102136248B.0012,13102136248A.0012,A,Apartment Unit,13103136248T1,DT_MLTM_7141,LH,임대주택 공급현황,2022,2025-01-23,충청남도,호,116,레벨01
구 분,기존주택등 매입임대(매입),0,13102136248B.0012,13102136248A.0012,A,Apartment Unit,13103136248T2,DT_MLTM_7141,지자체 지방공사,임대주택 공급현황,2022,2025-01-23,충청남도,호,116,레벨01
구 분,기존주택전세임대주택(매입),1170,13102136248B.0013,13102136248A.0012,A,Apartment Unit,13103136248T1,DT_MLTM_7141,LH,임대주택 공급현황,2022,2025-01-23,충청남도,호,116,레벨01
구 분,기존주택전세임대주택(매입),0,13102136248B.0013,13102136248A.0012,A,Apartment Unit,13103136248T2,DT_MLTM_7141,지자체 지방공사,임대주택 공급현황,2022,2025-01-23,충청남도,호,116,레벨01
구 분,민간임대주택(단기민간임대주택_건설),0,13102136248B.0014,13102136248A.0012,A,Apartment Unit,13103136248T5,DT_MLTM_7141,개인,임대주택 공급현황,2022,2025-01-23,충청남도,호,116,레벨01
구 분,민간임대주택(단기민간임대주택_건설),0,13102136248B.0014,13102136248A.0012,A,Apartment Unit,13103136248T6,DT_MLTM_7141,법인,임대주택 공급현황,2022,2025-01-23,충청남도,호,116,레벨01
구 분,민간임대주택(단기민간임대주택_매입),0,13102136248B.0015,13102136248A.0012,A,Apartment Unit,13103136248T5,DT_MLTM_7141,개인,임대주택 공급현황,2022,2025-01-23,충청남도,호,116,레벨01
구 분,민간임대주택(단기민간임대주택_매입),0,13102136248B.0015,13102136248A.0012,A,Apartment Unit,13103136248T6,DT_MLTM_7141,법인,임대주택 공급현황,2022,2025-01-23,충청남도,호,116,레벨01
구 분,민간임대주택(장기일반민간임대주택_건설),1446,13102136248B.0016,13102136248A.0012,A,Apartment Unit,13103136248T5,DT_MLTM_7141,개인,임대주택 공급현황,2022,2025-01-23,충청남도,호,116,레벨01
구 분,민간임대주택(장기일반민간임대주택_건설),3029,13102136248B.0016,13102136248A.0012,A,Apartment Unit,13103136248T6,DT_MLTM_7141,법인,임대주택 공급현황,2022,2025-01-23,충청남도,호,116,레벨01
구 분,민간임대주택(장기일반민간임대주택_매입),2293,13102136248B.0017,13102136248A.0012,A,Apartment Unit,13103136248T5,DT_MLTM_7141,개인,임대주택 공급현황,2022,2025-01-23,충청남도,호,116,레벨01
구 분,민간임대주택(장기일반민간임대주택_매입),579,13102136248B.0017,13102136248A.0012,A,Apartment Unit,13103136248T6,DT_MLTM_7141,법인,임대주택 공급현황,2022,2025-01-23,충청남도,호,116,레벨01
구 분,민간임대주택(공공지원민간임대주택_건설),0,13102136248B.0018,13102136248A.0012,A,Apartment Unit,13103136248T5,DT_MLTM_7141,개인,임대주택 공급현황,2022,2025-01-23,충청남도,호,116,레벨01
구 분,민간임대주택(공공지원민간임대주택_건설),0,13102136248B.0018,13102136248A.0012,A,Apartment Unit,13103136248T6,DT_MLTM_7141,법인,임대주택 공급현황,2022,2025-01-23,충청남도,호,116,레벨01
구 분,민간임대주택(공공지원민간임대주택_매입),17,13102136248B.0019,13102136248A.0012,A,Apartment Unit,13103136248T5,DT_MLTM_7141,개인,임대주택 공급현황,2022,2025-01-23,충청남도,호,116,레벨01
구 분,민간임대주택(공공지원민간임대주택_매입),0,13102136248B.0019,13102136248A.0012,A,Apartment Unit,13103136248T6,DT_MLTM_7141,법인,임대주택 공급현황,2022,2025-01-23,충청남도,호,116,레벨01
구 분,영구임대주택(건설),0,13102136248B.0001,13102136248A.0013,A,Apartment Unit,13103136248T1,DT_MLTM_7141,LH,임대주택 공급현황,2022,2025-01-23,전라북도,호,116,레벨01
구 분,영구임대주택(건설),0,13102136248B.0001,13102136248A.0013,A,Apartment Unit,13103136248T2,DT_MLTM_7141,지자체 지방공사,임대주택 공급현황,2022,2025-01-23,전라북도,호,116,레벨01
구 분,영구임대주택(매입),0,13102136248B.0002,13102136248A.0013,A,Apartment Unit,13103136248T1,DT_MLTM_7141,LH,임대주택 공급현황,2022,2025-01-23,전라북도,호,116,레벨01
구 분,영구임대주택(매입),0,13102136248B.0002,13102136248A.0013,A,Apartment Unit,13103136248T2,DT_MLTM_7141,지자체 지방공사,임대주택 공급현황,2022,2025-01-23,전라북도,호,116,레벨01
구 분,국민임대주택(건설),0,13102136248B.0003,13102136248A.0013,A,Apartment Unit,13103136248T1,DT_MLTM_7141,LH,임대주택 공급현황,2022,2025-01-23,전라북도,호,116,레벨01
구 분,국민임대주택(건설),0,13102136248B.0003,13102136248A.0013,A,Apartment Unit,13103136248T2,DT_MLTM_7141,지자체 지방공사,임대주택 공급현황,2022,2025-01-23,전라북도,호,116,레벨01
구 분,국민임대주택(매입),0,13102136248B.0004,13102136248A.0013,A,Apartment Unit,13103136248T1,DT_MLTM_7141,LH,임대주택 공급현황,2022,2025-01-23,전라북도,호,116,레벨01
구 분,국민임대주택(매입),0,13102136248B.0004,13102136248A.0013,A,Apartment Unit,13103136248T2,DT_MLTM_7141,지자체 지방공사,임대주택 공급현황,2022,2025-01-23,전라북도,호,116,레벨01
구 분,행복주택(건설),0,13102136248B.0005,13102136248A.0013,A,Apartment Unit,13103136248T1,DT_MLTM_7141,LH,임대주택 공급현황,2022,2025-01-23,전라북도,호,116,레벨01
구 분,행복주택(건설),0,13102136248B.0005,13102136248A.0013,A,Apartment Unit,13103136248T2,DT_MLTM_7141,지자체 지방공사,임대주택 공급현황,2022,2025-01-23,전라북도,호,116,레벨01
구 분,통합공공임대주택(건설),0,13102136248B.0006,13102136248A.0013,A,Apartment Unit,13103136248T1,DT_MLTM_7141,LH,임대주택 공급현황,2022,2025-01-23,전라북도,호,116,레벨01
구 분,통합공공임대주택(건설),0,13102136248B.0006,13102136248A.0013,A,Apartment Unit,13103136248T2,DT_MLTM_7141,지자체 지방공사,임대주택 공급현황,2022,2025-01-23,전라북도,호,116,레벨01
구 분,통합공공임대주택(건설),0,13102136248B.0006,13102136248A.0013,A,Apartment Unit,13103136248T3,DT_MLTM_7141,공공기관(LH・지방공사 제외),임대주택 공급현황,2022,2025-01-23,전라북도,호,116,레벨01
구 분,장기전세주택(건설),0,13102136248B.0007,13102136248A.0013,A,Apartment Unit,13103136248T1,DT_MLTM_7141,LH,임대주택 공급현황,2022,2025-01-23,전라북도,호,116,레벨01
구 분,장기전세주택(건설),0,13102136248B.0007,13102136248A.0013,A,Apartment Unit,13103136248T2,DT_MLTM_7141,지자체 지방공사,임대주택 공급현황,2022,2025-01-23,전라북도,호,116,레벨01
구 분,분양전환공공임대주택(건설 10년),0,13102136248B.0008,13102136248A.0013,A,Apartment Unit,13103136248T1,DT_MLTM_7141,LH,임대주택 공급현황,2022,2025-01-23,전라북도,호,116,레벨01
구 분,분양전환공공임대주택(건설 10년),0,13102136248B.0008,13102136248A.0013,A,Apartment Unit,13103136248T2,DT_MLTM_7141,지자체 지방공사,임대주택 공급현황,2022,2025-01-23,전라북도,호,116,레벨01
구 분,분양전환공공임대주택(건설 10년),0,13102136248B.0008,13102136248A.0013,A,Apartment Unit,13103136248T4,DT_MLTM_7141,민 간,임대주택 공급현황,2022,2025-01-23,전라북도,호,116,레벨01
구 분,분양전환공공임대주택(건설 6년임대),0,13102136248B.0009,13102136248A.0013,A,Apartment Unit,13103136248T1,DT_MLTM_7141,LH,임대주택 공급현황,2022,2025-01-23,전라북도,호,116,레벨01
구 분,분양전환공공임대주택(건설 6년임대),0,13102136248B.0009,13102136248A.0013,A,Apartment Unit,13103136248T2,DT_MLTM_7141,지자체 지방공사,임대주택 공급현황,2022,2025-01-23,전라북도,호,116,레벨01
구 분,분양전환공공임대주택(건설 5년임대),0,13102136248B.0010,13102136248A.0013,A,Apartment Unit,13103136248T1,DT_MLTM_7141,LH,임대주택 공급현황,2022,2025-01-23,전라북도,호,116,레벨01
구 분,분양전환공공임대주택(건설 5년임대),0,13102136248B.0010,13102136248A.0013,A,Apartment Unit,13103136248T2,DT_MLTM_7141,지자체 지방공사,임대주택 공급현황,2022,2025-01-23,전라북도,호,116,레벨01
구 분,분양전환공공임대주택(건설 5년임대),0,13102136248B.0010,13102136248A.0013,A,Apartment Unit,13103136248T4,DT_MLTM_7141,민 간,임대주택 공급현황,2022,2025-01-23,전라북도,호,116,레벨01
구 분,분양전환공공임대주택(건설 분납임대 10년),0,13102136248B.0011,13102136248A.0013,A,Apartment Unit,13103136248T1,DT_MLTM_7141,LH,임대주택 공급현황,2022,2025-01-23,전라북도,호,116,레벨01
구 분,분양전환공공임대주택(건설 분납임대 10년),0,13102136248B.0011,13102136248A.0013,A,Apartment Unit,13103136248T2,DT_MLTM_7141,지자체 지방공사,임대주택 공급현황,2022,2025-01-23,전라북도,호,116,레벨01
구 분,분양전환공공임대주택(건설 분납임대 10년),0,13102136248B.0011,13102136248A.0013,A,Apartment Unit,13103136248T4,DT_MLTM_7141,민 간,임대주택 공급현황,2022,2025-01-23,전라북도,호,116,레벨01
구 분,기존주택등 매입임대(매입),633,13102136248B.0012,13102136248A.0013,A,Apartment Unit,13103136248T1,DT_MLTM_7141,LH,임대주택 공급현황,2022,2025-01-23,전라북도,호,116,레벨01
구 분,기존주택등 매입임대(매입),13,13102136248B.0012,13102136248A.0013,A,Apartment Unit,13103136248T2,DT_MLTM_7141,지자체 지방공사,임대주택 공급현황,2022,2025-01-23,전라북도,호,116,레벨01
구 분,기존주택전세임대주택(매입),1387,13102136248B.0013,13102136248A.0013,A,Apartment Unit,13103136248T1,DT_MLTM_7141,LH,임대주택 공급현황,2022,2025-01-23,전라북도,호,116,레벨01
구 분,기존주택전세임대주택(매입),0,13102136248B.0013,13102136248A.0013,A,Apartment Unit,13103136248T2,DT_MLTM_7141,지자체 지방공사,임대주택 공급현황,2022,2025-01-23,전라북도,호,116,레벨01
구 분,민간임대주택(단기민간임대주택_건설),0,13102136248B.0014,13102136248A.0013,A,Apartment Unit,13103136248T5,DT_MLTM_7141,개인,임대주택 공급현황,2022,2025-01-23,전라북도,호,116,레벨01
구 분,민간임대주택(단기민간임대주택_건설),0,13102136248B.0014,13102136248A.0013,A,Apartment Unit,13103136248T6,DT_MLTM_7141,법인,임대주택 공급현황,2022,2025-01-23,전라북도,호,116,레벨01
구 분,민간임대주택(단기민간임대주택_매입),0,13102136248B.0015,13102136248A.0013,A,Apartment Unit,13103136248T5,DT_MLTM_7141,개인,임대주택 공급현황,2022,2025-01-23,전라북도,호,116,레벨01
구 분,민간임대주택(단기민간임대주택_매입),0,13102136248B.0015,13102136248A.0013,A,Apartment Unit,13103136248T6,DT_MLTM_7141,법인,임대주택 공급현황,2022,2025-01-23,전라북도,호,116,레벨01
구 분,민간임대주택(장기일반민간임대주택_건설),56,13102136248B.0016,13102136248A.0013,A,Apartment Unit,13103136248T5,DT_MLTM_7141,개인,임대주택 공급현황,2022,2025-01-23,전라북도,호,116,레벨01
구 분,민간임대주택(장기일반민간임대주택_건설),2288,13102136248B.0016,13102136248A.0013,A,Apartment Unit,13103136248T6,DT_MLTM_7141,법인,임대주택 공급현황,2022,2025-01-23,전라북도,호,116,레벨01
구 분,민간임대주택(장기일반민간임대주택_매입),957,13102136248B.0017,13102136248A.0013,A,Apartment Unit,13103136248T5,DT_MLTM_7141,개인,임대주택 공급현황,2022,2025-01-23,전라북도,호,116,레벨01
구 분,민간임대주택(장기일반민간임대주택_매입),577,13102136248B.0017,13102136248A.0013,A,Apartment Unit,13103136248T6,DT_MLTM_7141,법인,임대주택 공급현황,2022,2025-01-23,전라북도,호,116,레벨01
구 분,민간임대주택(공공지원민간임대주택_건설),0,13102136248B.0018,13102136248A.0013,A,Apartment Unit,13103136248T5,DT_MLTM_7141,개인,임대주택 공급현황,2022,2025-01-23,전라북도,호,116,레벨01
구 분,민간임대주택(공공지원민간임대주택_건설),1,13102136248B.0018,13102136248A.0013,A,Apartment Unit,13103136248T6,DT_MLTM_7141,법인,임대주택 공급현황,2022,2025-01-23,전라북도,호,116,레벨01
구 분,민간임대주택(공공지원민간임대주택_매입),1,13102136248B.0019,13102136248A.0013,A,Apartment Unit,13103136248T5,DT_MLTM_7141,개인,임대주택 공급현황,2022,2025-01-23,전라북도,호,116,레벨01
구 분,민간임대주택(공공지원민간임대주택_매입),69,13102136248B.0019,13102136248A.0013,A,Apartment Unit,13103136248T6,DT_MLTM_7141,법인,임대주택 공급현황,2022,2025-01-23,전라북도,호,116,레벨01
구 분,영구임대주택(건설),0,13102136248B.0001,13102136248A.0014,A,Apartment Unit,13103136248T1,DT_MLTM_7141,LH,임대주택 공급현황,2022,2025-01-23,전라남도,호,116,레벨01
구 분,영구임대주택(건설),2,13102136248B.0001,13102136248A.0014,A,Apartment Unit,13103136248T2,DT_MLTM_7141,지자체 지방공사,임대주택 공급현황,2022,2025-01-23,전라남도,호,116,레벨01
구 분,영구임대주택(매입),0,13102136248B.0002,13102136248A.0014,A,Apartment Unit,13103136248T1,DT_MLTM_7141,LH,임대주택 공급현황,2022,2025-01-23,전라남도,호,116,레벨01
구 분,영구임대주택(매입),0,13102136248B.0002,13102136248A.0014,A,Apartment Unit,13103136248T2,DT_MLTM_7141,지자체 지방공사,임대주택 공급현황,2022,2025-01-23,전라남도,호,116,레벨01
구 분,국민임대주택(건설),0,13102136248B.0003,13102136248A.0014,A,Apartment Unit,13103136248T1,DT_MLTM_7141,LH,임대주택 공급현황,2022,2025-01-23,전라남도,호,116,레벨01
구 분,국민임대주택(건설),0,13102136248B.0003,13102136248A.0014,A,Apartment Unit,13103136248T2,DT_MLTM_7141,지자체 지방공사,임대주택 공급현황,2022,2025-01-23,전라남도,호,116,레벨01
구 분,국민임대주택(매입),0,13102136248B.0004,13102136248A.0014,A,Apartment Unit,13103136248T1,DT_MLTM_7141,LH,임대주택 공급현황,2022,2025-01-23,전라남도,호,116,레벨01
구 분,국민임대주택(매입),0,13102136248B.0004,13102136248A.0014,A,Apartment Unit,13103136248T2,DT_MLTM_7141,지자체 지방공사,임대주택 공급현황,2022,2025-01-23,전라남도,호,116,레벨01
구 분,행복주택(건설),100,13102136248B.0005,13102136248A.0014,A,Apartment Unit,13103136248T1,DT_MLTM_7141,LH,임대주택 공급현황,2022,2025-01-23,전라남도,호,116,레벨01
구 분,행복주택(건설),0,13102136248B.0005,13102136248A.0014,A,Apartment Unit,13103136248T2,DT_MLTM_7141,지자체 지방공사,임대주택 공급현황,2022,2025-01-23,전라남도,호,116,레벨01
구 분,통합공공임대주택(건설),383,13102136248B.0006,13102136248A.0014,A,Apartment Unit,13103136248T1,DT_MLTM_7141,LH,임대주택 공급현황,2022,2025-01-23,전라남도,호,116,레벨01
구 분,통합공공임대주택(건설),0,13102136248B.0006,13102136248A.0014,A,Apartment Unit,13103136248T2,DT_MLTM_7141,지자체 지방공사,임대주택 공급현황,2022,2025-01-23,전라남도,호,116,레벨01
구 분,통합공공임대주택(건설),0,13102136248B.0006,13102136248A.0014,A,Apartment Unit,13103136248T3,DT_MLTM_7141,공공기관(LH・지방공사 제외),임대주택 공급현황,2022,2025-01-23,전라남도,호,116,레벨01
구 분,장기전세주택(건설),0,13102136248B.0007,13102136248A.0014,A,Apartment Unit,13103136248T1,DT_MLTM_7141,LH,임대주택 공급현황,2022,2025-01-23,전라남도,호,116,레벨01
구 분,장기전세주택(건설),0,13102136248B.0007,13102136248A.0014,A,Apartment Unit,13103136248T2,DT_MLTM_7141,지자체 지방공사,임대주택 공급현황,2022,2025-01-23,전라남도,호,116,레벨01
구 분,분양전환공공임대주택(건설 10년),0,13102136248B.0008,13102136248A.0014,A,Apartment Unit,13103136248T1,DT_MLTM_7141,LH,임대주택 공급현황,2022,2025-01-23,전라남도,호,116,레벨01
구 분,분양전환공공임대주택(건설 10년),0,13102136248B.0008,13102136248A.0014,A,Apartment Unit,13103136248T2,DT_MLTM_7141,지자체 지방공사,임대주택 공급현황,2022,2025-01-23,전라남도,호,116,레벨01
구 분,분양전환공공임대주택(건설 10년),0,13102136248B.0008,13102136248A.0014,A,Apartment Unit,13103136248T4,DT_MLTM_7141,민 간,임대주택 공급현황,2022,2025-01-23,전라남도,호,116,레벨01
구 분,분양전환공공임대주택(건설 6년임대),0,13102136248B.0009,13102136248A.0014,A,Apartment Unit,13103136248T1,DT_MLTM_7141,LH,임대주택 공급현황,2022,2025-01-23,전라남도,호,116,레벨01
구 분,분양전환공공임대주택(건설 6년임대),0,13102136248B.0009,13102136248A.0014,A,Apartment Unit,13103136248T2,DT_MLTM_7141,지자체 지방공사,임대주택 공급현황,2022,2025-01-23,전라남도,호,116,레벨01
구 분,분양전환공공임대주택(건설 5년임대),0,13102136248B.0010,13102136248A.0014,A,Apartment Unit,13103136248T1,DT_MLTM_7141,LH,임대주택 공급현황,2022,2025-01-23,전라남도,호,116,레벨01
구 분,분양전환공공임대주택(건설 5년임대),0,13102136248B.0010,13102136248A.0014,A,Apartment Unit,13103136248T2,DT_MLTM_7141,지자체 지방공사,임대주택 공급현황,2022,2025-01-23,전라남도,호,116,레벨01
구 분,분양전환공공임대주택(건설 5년임대),0,13102136248B.0010,13102136248A.0014,A,Apartment Unit,13103136248T4,DT_MLTM_7141,민 간,임대주택 공급현황,2022,2025-01-23,전라남도,호,116,레벨01
구 분,분양전환공공임대주택(건설 분납임대 10년),0,13102136248B.0011,13102136248A.0014,A,Apartment Unit,13103136248T1,DT_MLTM_7141,LH,임대주택 공급현황,2022,2025-01-23,전라남도,호,116,레벨01
구 분,분양전환공공임대주택(건설 분납임대 10년),0,13102136248B.0011,13102136248A.0014,A,Apartment Unit,13103136248T2,DT_MLTM_7141,지자체 지방공사,임대주택 공급현황,2022,2025-01-23,전라남도,호,116,레벨01
구 분,분양전환공공임대주택(건설 분납임대 10년),0,13102136248B.0011,13102136248A.0014,A,Apartment Unit,13103136248T4,DT_MLTM_7141,민 간,임대주택 공급현황,2022,2025-01-23,전라남도,호,116,레벨01
구 분,기존주택등 매입임대(매입),217,13102136248B.0012,13102136248A.0014,A,Apartment Unit,13103136248T1,DT_MLTM_7141,LH,임대주택 공급현황,2022,2025-01-23,전라남도,호,116,레벨01
구 분,기존주택등 매입임대(매입),1,13102136248B.0012,13102136248A.0014,A,Apartment Unit,13103136248T2,DT_MLTM_7141,지자체 지방공사,임대주택 공급현황,2022,2025-01-23,전라남도,호,116,레벨01
구 분,기존주택전세임대주택(매입),464,13102136248B.0013,13102136248A.0014,A,Apartment Unit,13103136248T1,DT_MLTM_7141,LH,임대주택 공급현황,2022,2025-01-23,전라남도,호,116,레벨01
구 분,기존주택전세임대주택(매입),0,13102136248B.0013,13102136248A.0014,A,Apartment Unit,13103136248T2,DT_MLTM_7141,지자체 지방공사,임대주택 공급현황,2022,2025-01-23,전라남도,호,116,레벨01
구 분,민간임대주택(단기민간임대주택_건설),0,13102136248B.0014,13102136248A.0014,A,Apartment Unit,13103136248T5,DT_MLTM_7141,개인,임대주택 공급현황,2022,2025-01-23,전라남도,호,116,레벨01
구 분,민간임대주택(단기민간임대주택_건설),0,13102136248B.0014,13102136248A.0014,A,Apartment Unit,13103136248T6,DT_MLTM_7141,법인,임대주택 공급현황,2022,2025-01-23,전라남도,호,116,레벨01
구 분,민간임대주택(단기민간임대주택_매입),0,13102136248B.0015,13102136248A.0014,A,Apartment Unit,13103136248T5,DT_MLTM_7141,개인,임대주택 공급현황,2022,2025-01-23,전라남도,호,116,레벨01
구 분,민간임대주택(단기민간임대주택_매입),0,13102136248B.0015,13102136248A.0014,A,Apartment Unit,13103136248T6,DT_MLTM_7141,법인,임대주택 공급현황,2022,2025-01-23,전라남도,호,116,레벨01
구 분,민간임대주택(장기일반민간임대주택_건설),183,13102136248B.0016,13102136248A.0014,A,Apartment Unit,13103136248T5,DT_MLTM_7141,개인,임대주택 공급현황,2022,2025-01-23,전라남도,호,116,레벨01
구 분,민간임대주택(장기일반민간임대주택_건설),1686,13102136248B.0016,13102136248A.0014,A,Apartment Unit,13103136248T6,DT_MLTM_7141,법인,임대주택 공급현황,2022,2025-01-23,전라남도,호,116,레벨01
구 분,민간임대주택(장기일반민간임대주택_매입),624,13102136248B.0017,13102136248A.0014,A,Apartment Unit,13103136248T5,DT_MLTM_7141,개인,임대주택 공급현황,2022,2025-01-23,전라남도,호,116,레벨01
구 분,민간임대주택(장기일반민간임대주택_매입),265,13102136248B.0017,13102136248A.0014,A,Apartment Unit,13103136248T6,DT_MLTM_7141,법인,임대주택 공급현황,2022,2025-01-23,전라남도,호,116,레벨01
구 분,민간임대주택(공공지원민간임대주택_건설),18,13102136248B.0018,13102136248A.0014,A,Apartment Unit,13103136248T5,DT_MLTM_7141,개인,임대주택 공급현황,2022,2025-01-23,전라남도,호,116,레벨01
구 분,민간임대주택(공공지원민간임대주택_건설),295,13102136248B.0018,13102136248A.0014,A,Apartment Unit,13103136248T6,DT_MLTM_7141,법인,임대주택 공급현황,2022,2025-01-23,전라남도,호,116,레벨01
구 분,민간임대주택(공공지원민간임대주택_매입),2,13102136248B.0019,13102136248A.0014,A,Apartment Unit,13103136248T5,DT_MLTM_7141,개인,임대주택 공급현황,2022,2025-01-23,전라남도,호,116,레벨01
구 분,민간임대주택(공공지원민간임대주택_매입),0,13102136248B.0019,13102136248A.0014,A,Apartment Unit,13103136248T6,DT_MLTM_7141,법인,임대주택 공급현황,2022,2025-01-23,전라남도,호,116,레벨01
구 분,영구임대주택(건설),90,13102136248B.0001,13102136248A.0015,A,Apartment Unit,13103136248T1,DT_MLTM_7141,LH,임대주택 공급현황,2022,2025-01-23,경상북도,호,116,레벨01
구 분,영구임대주택(건설),0,13102136248B.0001,13102136248A.0015,A,Apartment Unit,13103136248T2,DT_MLTM_7141,지자체 지방공사,임대주택 공급현황,2022,2025-01-23,경상북도,호,116,레벨01
구 분,영구임대주택(매입),0,13102136248B.0002,13102136248A.0015,A,Apartment Unit,13103136248T1,DT_MLTM_7141,LH,임대주택 공급현황,2022,2025-01-23,경상북도,호,116,레벨01
구 분,영구임대주택(매입),0,13102136248B.0002,13102136248A.0015,A,Apartment Unit,13103136248T2,DT_MLTM_7141,지자체 지방공사,임대주택 공급현황,2022,2025-01-23,경상북도,호,116,레벨01
구 분,국민임대주택(건설),200,13102136248B.0003,13102136248A.0015,A,Apartment Unit,13103136248T1,DT_MLTM_7141,LH,임대주택 공급현황,2022,2025-01-23,경상북도,호,116,레벨01
구 분,국민임대주택(건설),0,13102136248B.0003,13102136248A.0015,A,Apartment Unit,13103136248T2,DT_MLTM_7141,지자체 지방공사,임대주택 공급현황,2022,2025-01-23,경상북도,호,116,레벨01
구 분,국민임대주택(매입),0,13102136248B.0004,13102136248A.0015,A,Apartment Unit,13103136248T1,DT_MLTM_7141,LH,임대주택 공급현황,2022,2025-01-23,경상북도,호,116,레벨01
구 분,국민임대주택(매입),0,13102136248B.0004,13102136248A.0015,A,Apartment Unit,13103136248T2,DT_MLTM_7141,지자체 지방공사,임대주택 공급현황,2022,2025-01-23,경상북도,호,116,레벨01
구 분,행복주택(건설),188,13102136248B.0005,13102136248A.0015,A,Apartment Unit,13103136248T1,DT_MLTM_7141,LH,임대주택 공급현황,2022,2025-01-23,경상북도,호,116,레벨01
구 분,행복주택(건설),0,13102136248B.0005,13102136248A.0015,A,Apartment Unit,13103136248T2,DT_MLTM_7141,지자체 지방공사,임대주택 공급현황,2022,2025-01-23,경상북도,호,116,레벨01
구 분,통합공공임대주택(건설),678,13102136248B.0006,13102136248A.0015,A,Apartment Unit,13103136248T1,DT_MLTM_7141,LH,임대주택 공급현황,2022,2025-01-23,경상북도,호,116,레벨01
구 분,통합공공임대주택(건설),40,13102136248B.0006,13102136248A.0015,A,Apartment Unit,13103136248T2,DT_MLTM_7141,지자체 지방공사,임대주택 공급현황,2022,2025-01-23,경상북도,호,116,레벨01
구 분,통합공공임대주택(건설),0,13102136248B.0006,13102136248A.0015,A,Apartment Unit,13103136248T3,DT_MLTM_7141,공공기관(LH・지방공사 제외),임대주택 공급현황,2022,2025-01-23,경상북도,호,116,레벨01
구 분,장기전세주택(건설),0,13102136248B.0007,13102136248A.0015,A,Apartment Unit,13103136248T1,DT_MLTM_7141,LH,임대주택 공급현황,2022,2025-01-23,경상북도,호,116,레벨01
구 분,장기전세주택(건설),0,13102136248B.0007,13102136248A.0015,A,Apartment Unit,13103136248T2,DT_MLTM_7141,지자체 지방공사,임대주택 공급현황,2022,2025-01-23,경상북도,호,116,레벨01
구 분,분양전환공공임대주택(건설 10년),0,13102136248B.0008,13102136248A.0015,A,Apartment Unit,13103136248T1,DT_MLTM_7141,LH,임대주택 공급현황,2022,2025-01-23,경상북도,호,116,레벨01
구 분,분양전환공공임대주택(건설 10년),0,13102136248B.0008,13102136248A.0015,A,Apartment Unit,13103136248T2,DT_MLTM_7141,지자체 지방공사,임대주택 공급현황,2022,2025-01-23,경상북도,호,116,레벨01
구 분,분양전환공공임대주택(건설 10년),0,13102136248B.0008,13102136248A.0015,A,Apartment Unit,13103136248T4,DT_MLTM_7141,민 간,임대주택 공급현황,2022,2025-01-23,경상북도,호,116,레벨01
구 분,분양전환공공임대주택(건설 6년임대),0,13102136248B.0009,13102136248A.0015,A,Apartment Unit,13103136248T1,DT_MLTM_7141,LH,임대주택 공급현황,2022,2025-01-23,경상북도,호,116,레벨01
구 분,분양전환공공임대주택(건설 6년임대),0,13102136248B.0009,13102136248A.0015,A,Apartment Unit,13103136248T2,DT_MLTM_7141,지자체 지방공사,임대주택 공급현황,2022,2025-01-23,경상북도,호,116,레벨01
구 분,분양전환공공임대주택(건설 5년임대),0,13102136248B.0010,13102136248A.0015,A,Apartment Unit,13103136248T1,DT_MLTM_7141,LH,임대주택 공급현황,2022,2025-01-23,경상북도,호,116,레벨01
구 분,분양전환공공임대주택(건설 5년임대),0,13102136248B.0010,13102136248A.0015,A,Apartment Unit,13103136248T2,DT_MLTM_7141,지자체 지방공사,임대주택 공급현황,2022,2025-01-23,경상북도,호,116,레벨01
구 분,분양전환공공임대주택(건설 5년임대),0,13102136248B.0010,13102136248A.0015,A,Apartment Unit,13103136248T4,DT_MLTM_7141,민 간,임대주택 공급현황,2022,2025-01-23,경상북도,호,116,레벨01
구 분,분양전환공공임대주택(건설 분납임대 10년),0,13102136248B.0011,13102136248A.0015,A,Apartment Unit,13103136248T1,DT_MLTM_7141,LH,임대주택 공급현황,2022,2025-01-23,경상북도,호,116,레벨01
구 분,분양전환공공임대주택(건설 분납임대 10년),0,13102136248B.0011,13102136248A.0015,A,Apartment Unit,13103136248T2,DT_MLTM_7141,지자체 지방공사,임대주택 공급현황,2022,2025-01-23,경상북도,호,116,레벨01
구 분,분양전환공공임대주택(건설 분납임대 10년),0,13102136248B.0011,13102136248A.0015,A,Apartment Unit,13103136248T4,DT_MLTM_7141,민 간,임대주택 공급현황,2022,2025-01-23,경상북도,호,116,레벨01
구 분,기존주택등 매입임대(매입),628,13102136248B.0012,13102136248A.0015,A,Apartment Unit,13103136248T1,DT_MLTM_7141,LH,임대주택 공급현황,2022,2025-01-23,경상북도,호,116,레벨01
구 분,기존주택등 매입임대(매입),150,13102136248B.0012,13102136248A.0015,A,Apartment Unit,13103136248T2,DT_MLTM_7141,지자체 지방공사,임대주택 공급현황,2022,2025-01-23,경상북도,호,116,레벨01
구 분,기존주택전세임대주택(매입),1315,13102136248B.0013,13102136248A.0015,A,Apartment Unit,13103136248T1,DT_MLTM_7141,LH,임대주택 공급현황,2022,2025-01-23,경상북도,호,116,레벨01
구 분,기존주택전세임대주택(매입),0,13102136248B.0013,13102136248A.0015,A,Apartment Unit,13103136248T2,DT_MLTM_7141,지자체 지방공사,임대주택 공급현황,2022,2025-01-23,경상북도,호,116,레벨01
구 분,민간임대주택(단기민간임대주택_건설),0,13102136248B.0014,13102136248A.0015,A,Apartment Unit,13103136248T5,DT_MLTM_7141,개인,임대주택 공급현황,2022,2025-01-23,경상북도,호,116,레벨01
구 분,민간임대주택(단기민간임대주택_건설),0,13102136248B.0014,13102136248A.0015,A,Apartment Unit,13103136248T6,DT_MLTM_7141,법인,임대주택 공급현황,2022,2025-01-23,경상북도,호,116,레벨01
구 분,민간임대주택(단기민간임대주택_매입),0,13102136248B.0015,13102136248A.0015,A,Apartment Unit,13103136248T5,DT_MLTM_7141,개인,임대주택 공급현황,2022,2025-01-23,경상북도,호,116,레벨01
구 분,민간임대주택(단기민간임대주택_매입),0,13102136248B.0015,13102136248A.0015,A,Apartment Unit,13103136248T6,DT_MLTM_7141,법인,임대주택 공급현황,2022,2025-01-23,경상북도,호,116,레벨01
구 분,민간임대주택(장기일반민간임대주택_건설),43,13102136248B.0016,13102136248A.0015,A,Apartment Unit,13103136248T5,DT_MLTM_7141,개인,임대주택 공급현황,2022,2025-01-23,경상북도,호,116,레벨01
구 분,민간임대주택(장기일반민간임대주택_건설),3263,13102136248B.0016,13102136248A.0015,A,Apartment Unit,13103136248T6,DT_MLTM_7141,법인,임대주택 공급현황,2022,2025-01-23,경상북도,호,116,레벨01
구 분,민간임대주택(장기일반민간임대주택_매입),1113,13102136248B.0017,13102136248A.0015,A,Apartment Unit,13103136248T5,DT_MLTM_7141,개인,임대주택 공급현황,2022,2025-01-23,경상북도,호,116,레벨01
구 분,민간임대주택(장기일반민간임대주택_매입),808,13102136248B.0017,13102136248A.0015,A,Apartment Unit,13103136248T6,DT_MLTM_7141,법인,임대주택 공급현황,2022,2025-01-23,경상북도,호,116,레벨01
구 분,민간임대주택(공공지원민간임대주택_건설),0,13102136248B.0018,13102136248A.0015,A,Apartment Unit,13103136248T5,DT_MLTM_7141,개인,임대주택 공급현황,2022,2025-01-23,경상북도,호,116,레벨01
구 분,민간임대주택(공공지원민간임대주택_건설),0,13102136248B.0018,13102136248A.0015,A,Apartment Unit,13103136248T6,DT_MLTM_7141,법인,임대주택 공급현황,2022,2025-01-23,경상북도,호,116,레벨01
구 분,민간임대주택(공공지원민간임대주택_매입),1,13102136248B.0019,13102136248A.0015,A,Apartment Unit,13103136248T5,DT_MLTM_7141,개인,임대주택 공급현황,2022,2025-01-23,경상북도,호,116,레벨01
구 분,민간임대주택(공공지원민간임대주택_매입),1,13102136248B.0019,13102136248A.0015,A,Apartment Unit,13103136248T6,DT_MLTM_7141,법인,임대주택 공급현황,2022,2025-01-23,경상북도,호,116,레벨01
구 분,영구임대주택(건설),60,13102136248B.0001,13102136248A.0016,A,Apartment Unit,13103136248T1,DT_MLTM_7141,LH,임대주택 공급현황,2022,2025-01-23,경상남도,호,116,레벨01
구 분,영구임대주택(건설),0,13102136248B.0001,13102136248A.0016,A,Apartment Unit,13103136248T2,DT_MLTM_7141,지자체 지방공사,임대주택 공급현황,2022,2025-01-23,경상남도,호,116,레벨01
구 분,영구임대주택(매입),0,13102136248B.0002,13102136248A.0016,A,Apartment Unit,13103136248T1,DT_MLTM_7141,LH,임대주택 공급현황,2022,2025-01-23,경상남도,호,116,레벨01
구 분,영구임대주택(매입),0,13102136248B.0002,13102136248A.0016,A,Apartment Unit,13103136248T2,DT_MLTM_7141,지자체 지방공사,임대주택 공급현황,2022,2025-01-23,경상남도,호,116,레벨01
구 분,국민임대주택(건설),0,13102136248B.0003,13102136248A.0016,A,Apartment Unit,13103136248T1,DT_MLTM_7141,LH,임대주택 공급현황,2022,2025-01-23,경상남도,호,116,레벨01
구 분,국민임대주택(건설),0,13102136248B.0003,13102136248A.0016,A,Apartment Unit,13103136248T2,DT_MLTM_7141,지자체 지방공사,임대주택 공급현황,2022,2025-01-23,경상남도,호,116,레벨01
구 분,국민임대주택(매입),0,13102136248B.0004,13102136248A.0016,A,Apartment Unit,13103136248T1,DT_MLTM_7141,LH,임대주택 공급현황,2022,2025-01-23,경상남도,호,116,레벨01
구 분,국민임대주택(매입),0,13102136248B.0004,13102136248A.0016,A,Apartment Unit,13103136248T2,DT_MLTM_7141,지자체 지방공사,임대주택 공급현황,2022,2025-01-23,경상남도,호,116,레벨01
구 분,행복주택(건설),150,13102136248B.0005,13102136248A.0016,A,Apartment Unit,13103136248T1,DT_MLTM_7141,LH,임대주택 공급현황,2022,2025-01-23,경상남도,호,116,레벨01
구 분,행복주택(건설),200,13102136248B.0005,13102136248A.0016,A,Apartment Unit,13103136248T2,DT_MLTM_7141,지자체 지방공사,임대주택 공급현황,2022,2025-01-23,경상남도,호,116,레벨01
구 분,통합공공임대주택(건설),0,13102136248B.0006,13102136248A.0016,A,Apartment Unit,13103136248T1,DT_MLTM_7141,LH,임대주택 공급현황,2022,2025-01-23,경상남도,호,116,레벨01
구 분,통합공공임대주택(건설),0,13102136248B.0006,13102136248A.0016,A,Apartment Unit,13103136248T2,DT_MLTM_7141,지자체 지방공사,임대주택 공급현황,2022,2025-01-23,경상남도,호,116,레벨01
구 분,통합공공임대주택(건설),0,13102136248B.0006,13102136248A.0016,A,Apartment Unit,13103136248T3,DT_MLTM_7141,공공기관(LH・지방공사 제외),임대주택 공급현황,2022,2025-01-23,경상남도,호,116,레벨01
구 분,장기전세주택(건설),0,13102136248B.0007,13102136248A.0016,A,Apartment Unit,13103136248T1,DT_MLTM_7141,LH,임대주택 공급현황,2022,2025-01-23,경상남도,호,116,레벨01
구 분,장기전세주택(건설),0,13102136248B.0007,13102136248A.0016,A,Apartment Unit,13103136248T2,DT_MLTM_7141,지자체 지방공사,임대주택 공급현황,2022,2025-01-23,경상남도,호,116,레벨01
구 분,분양전환공공임대주택(건설 10년),0,13102136248B.0008,13102136248A.0016,A,Apartment Unit,13103136248T1,DT_MLTM_7141,LH,임대주택 공급현황,2022,2025-01-23,경상남도,호,116,레벨01
구 분,분양전환공공임대주택(건설 10년),0,13102136248B.0008,13102136248A.0016,A,Apartment Unit,13103136248T2,DT_MLTM_7141,지자체 지방공사,임대주택 공급현황,2022,2025-01-23,경상남도,호,116,레벨01
구 분,분양전환공공임대주택(건설 10년),0,13102136248B.0008,13102136248A.0016,A,Apartment Unit,13103136248T4,DT_MLTM_7141,민 간,임대주택 공급현황,2022,2025-01-23,경상남도,호,116,레벨01
구 분,분양전환공공임대주택(건설 6년임대),0,13102136248B.0009,13102136248A.0016,A,Apartment Unit,13103136248T1,DT_MLTM_7141,LH,임대주택 공급현황,2022,2025-01-23,경상남도,호,116,레벨01
구 분,분양전환공공임대주택(건설 6년임대),0,13102136248B.0009,13102136248A.0016,A,Apartment Unit,13103136248T2,DT_MLTM_7141,지자체 지방공사,임대주택 공급현황,2022,2025-01-23,경상남도,호,116,레벨01
구 분,분양전환공공임대주택(건설 5년임대),0,13102136248B.0010,13102136248A.0016,A,Apartment Unit,13103136248T1,DT_MLTM_7141,LH,임대주택 공급현황,2022,2025-01-23,경상남도,호,116,레벨01
구 분,분양전환공공임대주택(건설 5년임대),0,13102136248B.0010,13102136248A.0016,A,Apartment Unit,13103136248T2,DT_MLTM_7141,지자체 지방공사,임대주택 공급현황,2022,2025-01-23,경상남도,호,116,레벨01
구 분,분양전환공공임대주택(건설 5년임대),0,13102136248B.0010,13102136248A.0016,A,Apartment Unit,13103136248T4,DT_MLTM_7141,민 간,임대주택 공급현황,2022,2025-01-23,경상남도,호,116,레벨01
구 분,분양전환공공임대주택(건설 분납임대 10년),0,13102136248B.0011,13102136248A.0016,A,Apartment Unit,13103136248T1,DT_MLTM_7141,LH,임대주택 공급현황,2022,2025-01-23,경상남도,호,116,레벨01
구 분,분양전환공공임대주택(건설 분납임대 10년),0,13102136248B.0011,13102136248A.0016,A,Apartment Unit,13103136248T2,DT_MLTM_7141,지자체 지방공사,임대주택 공급현황,2022,2025-01-23,경상남도,호,116,레벨01
구 분,분양전환공공임대주택(건설 분납임대 10년),0,13102136248B.0011,13102136248A.0016,A,Apartment Unit,13103136248T4,DT_MLTM_7141,민 간,임대주택 공급현황,2022,2025-01-23,경상남도,호,116,레벨01
구 분,기존주택등 매입임대(매입),700,13102136248B.0012,13102136248A.0016,A,Apartment Unit,13103136248T1,DT_MLTM_7141,LH,임대주택 공급현황,2022,2025-01-23,경상남도,호,116,레벨01
구 분,기존주택등 매입임대(매입),0,13102136248B.0012,13102136248A.0016,A,Apartment Unit,13103136248T2,DT_MLTM_7141,지자체 지방공사,임대주택 공급현황,2022,2025-01-23,경상남도,호,116,레벨01
구 분,기존주택전세임대주택(매입),1675,13102136248B.0013,13102136248A.0016,A,Apartment Unit,13103136248T1,DT_MLTM_7141,LH,임대주택 공급현황,2022,2025-01-23,경상남도,호,116,레벨01
구 분,기존주택전세임대주택(매입),0,13102136248B.0013,13102136248A.0016,A,Apartment Unit,13103136248T2,DT_MLTM_7141,지자체 지방공사,임대주택 공급현황,2022,2025-01-23,경상남도,호,116,레벨01
구 분,민간임대주택(단기민간임대주택_건설),0,13102136248B.0014,13102136248A.0016,A,Apartment Unit,13103136248T5,DT_MLTM_7141,개인,임대주택 공급현황,2022,2025-01-23,경상남도,호,116,레벨01
구 분,민간임대주택(단기민간임대주택_건설),0,13102136248B.0014,13102136248A.0016,A,Apartment Unit,13103136248T6,DT_MLTM_7141,법인,임대주택 공급현황,2022,2025-01-23,경상남도,호,116,레벨01
구 분,민간임대주택(단기민간임대주택_매입),0,13102136248B.0015,13102136248A.0016,A,Apartment Unit,13103136248T5,DT_MLTM_7141,개인,임대주택 공급현황,2022,2025-01-23,경상남도,호,116,레벨01
구 분,민간임대주택(단기민간임대주택_매입),0,13102136248B.0015,13102136248A.0016,A,Apartment Unit,13103136248T6,DT_MLTM_7141,법인,임대주택 공급현황,2022,2025-01-23,경상남도,호,116,레벨01
구 분,민간임대주택(장기일반민간임대주택_건설),60,13102136248B.0016,13102136248A.0016,A,Apartment Unit,13103136248T5,DT_MLTM_7141,개인,임대주택 공급현황,2022,2025-01-23,경상남도,호,116,레벨01
구 분,민간임대주택(장기일반민간임대주택_건설),357,13102136248B.0016,13102136248A.0016,A,Apartment Unit,13103136248T6,DT_MLTM_7141,법인,임대주택 공급현황,2022,2025-01-23,경상남도,호,116,레벨01
구 분,민간임대주택(장기일반민간임대주택_매입),705,13102136248B.0017,13102136248A.0016,A,Apartment Unit,13103136248T5,DT_MLTM_7141,개인,임대주택 공급현황,2022,2025-01-23,경상남도,호,116,레벨01
구 분,민간임대주택(장기일반민간임대주택_매입),579,13102136248B.0017,13102136248A.0016,A,Apartment Unit,13103136248T6,DT_MLTM_7141,법인,임대주택 공급현황,2022,2025-01-23,경상남도,호,116,레벨01
구 분,민간임대주택(공공지원민간임대주택_건설),0,13102136248B.0018,13102136248A.0016,A,Apartment Unit,13103136248T5,DT_MLTM_7141,개인,임대주택 공급현황,2022,2025-01-23,경상남도,호,116,레벨01
구 분,민간임대주택(공공지원민간임대주택_건설),773,13102136248B.0018,13102136248A.0016,A,Apartment Unit,13103136248T6,DT_MLTM_7141,법인,임대주택 공급현황,2022,2025-01-23,경상남도,호,116,레벨01
구 분,민간임대주택(공공지원민간임대주택_매입),1,13102136248B.0019,13102136248A.0016,A,Apartment Unit,13103136248T5,DT_MLTM_7141,개인,임대주택 공급현황,2022,2025-01-23,경상남도,호,116,레벨01
구 분,민간임대주택(공공지원민간임대주택_매입),0,13102136248B.0019,13102136248A.0016,A,Apartment Unit,13103136248T6,DT_MLTM_7141,법인,임대주택 공급현황,2022,2025-01-23,경상남도,호,116,레벨01
구 분,영구임대주택(건설),0,13102136248B.0001,13102136248A.0017,A,Apartment Unit,13103136248T1,DT_MLTM_7141,LH,임대주택 공급현황,2022,2025-01-23,제주특별자치도,호,116,레벨01
구 분,영구임대주택(건설),0,13102136248B.0001,13102136248A.0017,A,Apartment Unit,13103136248T2,DT_MLTM_7141,지자체 지방공사,임대주택 공급현황,2022,2025-01-23,제주특별자치도,호,116,레벨01
구 분,영구임대주택(매입),0,13102136248B.0002,13102136248A.0017,A,Apartment Unit,13103136248T1,DT_MLTM_7141,LH,임대주택 공급현황,2022,2025-01-23,제주특별자치도,호,116,레벨01
구 분,영구임대주택(매입),0,13102136248B.0002,13102136248A.0017,A,Apartment Unit,13103136248T2,DT_MLTM_7141,지자체 지방공사,임대주택 공급현황,2022,2025-01-23,제주특별자치도,호,116,레벨01
구 분,국민임대주택(건설),0,13102136248B.0003,13102136248A.0017,A,Apartment Unit,13103136248T1,DT_MLTM_7141,LH,임대주택 공급현황,2022,2025-01-23,제주특별자치도,호,116,레벨01
구 분,국민임대주택(건설),0,13102136248B.0003,13102136248A.0017,A,Apartment Unit,13103136248T2,DT_MLTM_7141,지자체 지방공사,임대주택 공급현황,2022,2025-01-23,제주특별자치도,호,116,레벨01
구 분,국민임대주택(매입),0,13102136248B.0004,13102136248A.0017,A,Apartment Unit,13103136248T1,DT_MLTM_7141,LH,임대주택 공급현황,2022,2025-01-23,제주특별자치도,호,116,레벨01
구 분,국민임대주택(매입),0,13102136248B.0004,13102136248A.0017,A,Apartment Unit,13103136248T2,DT_MLTM_7141,지자체 지방공사,임대주택 공급현황,2022,2025-01-23,제주특별자치도,호,116,레벨01
구 분,행복주택(건설),0,13102136248B.0005,13102136248A.0017,A,Apartment Unit,13103136248T1,DT_MLTM_7141,LH,임대주택 공급현황,2022,2025-01-23,제주특별자치도,호,116,레벨01
구 분,행복주택(건설),0,13102136248B.0005,13102136248A.0017,A,Apartment Unit,13103136248T2,DT_MLTM_7141,지자체 지방공사,임대주택 공급현황,2022,2025-01-23,제주특별자치도,호,116,레벨01
구 분,통합공공임대주택(건설),37,13102136248B.0006,13102136248A.0017,A,Apartment Unit,13103136248T1,DT_MLTM_7141,LH,임대주택 공급현황,2022,2025-01-23,제주특별자치도,호,116,레벨01
구 분,통합공공임대주택(건설),70,13102136248B.0006,13102136248A.0017,A,Apartment Unit,13103136248T2,DT_MLTM_7141,지자체 지방공사,임대주택 공급현황,2022,2025-01-23,제주특별자치도,호,116,레벨01
구 분,통합공공임대주택(건설),0,13102136248B.0006,13102136248A.0017,A,Apartment Unit,13103136248T3,DT_MLTM_7141,공공기관(LH・지방공사 제외),임대주택 공급현황,2022,2025-01-23,제주특별자치도,호,116,레벨01
구 분,장기전세주택(건설),0,13102136248B.0007,13102136248A.0017,A,Apartment Unit,13103136248T1,DT_MLTM_7141,LH,임대주택 공급현황,2022,2025-01-23,제주특별자치도,호,116,레벨01
구 분,장기전세주택(건설),0,13102136248B.0007,13102136248A.0017,A,Apartment Unit,13103136248T2,DT_MLTM_7141,지자체 지방공사,임대주택 공급현황,2022,2025-01-23,제주특별자치도,호,116,레벨01
구 분,분양전환공공임대주택(건설 10년),0,13102136248B.0008,13102136248A.0017,A,Apartment Unit,13103136248T1,DT_MLTM_7141,LH,임대주택 공급현황,2022,2025-01-23,제주특별자치도,호,116,레벨01
구 분,분양전환공공임대주택(건설 10년),0,13102136248B.0008,13102136248A.0017,A,Apartment Unit,13103136248T2,DT_MLTM_7141,지자체 지방공사,임대주택 공급현황,2022,2025-01-23,제주특별자치도,호,116,레벨01
구 분,분양전환공공임대주택(건설 10년),0,13102136248B.0008,13102136248A.0017,A,Apartment Unit,13103136248T4,DT_MLTM_7141,민 간,임대주택 공급현황,2022,2025-01-23,제주특별자치도,호,116,레벨01
구 분,분양전환공공임대주택(건설 6년임대),0,13102136248B.0009,13102136248A.0017,A,Apartment Unit,13103136248T1,DT_MLTM_7141,LH,임대주택 공급현황,2022,2025-01-23,제주특별자치도,호,116,레벨01
구 분,분양전환공공임대주택(건설 6년임대),0,13102136248B.0009,13102136248A.0017,A,Apartment Unit,13103136248T2,DT_MLTM_7141,지자체 지방공사,임대주택 공급현황,2022,2025-01-23,제주특별자치도,호,116,레벨01
구 분,분양전환공공임대주택(건설 5년임대),0,13102136248B.0010,13102136248A.0017,A,Apartment Unit,13103136248T1,DT_MLTM_7141,LH,임대주택 공급현황,2022,2025-01-23,제주특별자치도,호,116,레벨01
구 분,분양전환공공임대주택(건설 5년임대),0,13102136248B.0010,13102136248A.0017,A,Apartment Unit,13103136248T2,DT_MLTM_7141,지자체 지방공사,임대주택 공급현황,2022,2025-01-23,제주특별자치도,호,116,레벨01
구 분,분양전환공공임대주택(건설 5년임대),0,13102136248B.0010,13102136248A.0017,A,Apartment Unit,13103136248T4,DT_MLTM_7141,민 간,임대주택 공급현황,2022,2025-01-23,제주특별자치도,호,116,레벨01
구 분,분양전환공공임대주택(건설 분납임대 10년),0,13102136248B.0011,13102136248A.0017,A,Apartment Unit,13103136248T1,DT_MLTM_7141,LH,임대주택 공급현황,2022,2025-01-23,제주특별자치도,호,116,레벨01
구 분,분양전환공공임대주택(건설 분납임대 10년),0,13102136248B.0011,13102136248A.0017,A,Apartment Unit,13103136248T2,DT_MLTM_7141,지자체 지방공사,임대주택 공급현황,2022,2025-01-23,제주특별자치도,호,116,레벨01
구 분,분양전환공공임대주택(건설 분납임대 10년),0,13102136248B.0011,13102136248A.0017,A,Apartment Unit,13103136248T4,DT_MLTM_7141,민 간,임대주택 공급현황,2022,2025-01-23,제주특별자치도,호,116,레벨01
구 분,기존주택등 매입임대(매입),137,13102136248B.0012,13102136248A.0017,A,Apartment Unit,13103136248T1,DT_MLTM_7141,LH,임대주택 공급현황,2022,2025-01-23,제주특별자치도,호,116,레벨01
구 분,기존주택등 매입임대(매입),102,13102136248B.0012,13102136248A.0017,A,Apartment Unit,13103136248T2,DT_MLTM_7141,지자체 지방공사,임대주택 공급현황,2022,2025-01-23,제주특별자치도,호,116,레벨01
구 분,기존주택전세임대주택(매입),125,13102136248B.0013,13102136248A.0017,A,Apartment Unit,13103136248T1,DT_MLTM_7141,LH,임대주택 공급현황,2022,2025-01-23,제주특별자치도,호,116,레벨01
구 분,기존주택전세임대주택(매입),0,13102136248B.0013,13102136248A.0017,A,Apartment Unit,13103136248T2,DT_MLTM_7141,지자체 지방공사,임대주택 공급현황,2022,2025-01-23,제주특별자치도,호,116,레벨01
구 분,민간임대주택(단기민간임대주택_건설),0,13102136248B.0014,13102136248A.0017,A,Apartment Unit,13103136248T5,DT_MLTM_7141,개인,임대주택 공급현황,2022,2025-01-23,제주특별자치도,호,116,레벨01
구 분,민간임대주택(단기민간임대주택_건설),0,13102136248B.0014,13102136248A.0017,A,Apartment Unit,13103136248T6,DT_MLTM_7141,법인,임대주택 공급현황,2022,2025-01-23,제주특별자치도,호,116,레벨01
구 분,민간임대주택(단기민간임대주택_매입),0,13102136248B.0015,13102136248A.0017,A,Apartment Unit,13103136248T5,DT_MLTM_7141,개인,임대주택 공급현황,2022,2025-01-23,제주특별자치도,호,116,레벨01
구 분,민간임대주택(단기민간임대주택_매입),2,13102136248B.0015,13102136248A.0017,A,Apartment Unit,13103136248T6,DT_MLTM_7141,법인,임대주택 공급현황,2022,2025-01-23,제주특별자치도,호,116,레벨01
구 분,민간임대주택(장기일반민간임대주택_건설),763,13102136248B.0016,13102136248A.0017,A,Apartment Unit,13103136248T5,DT_MLTM_7141,개인,임대주택 공급현황,2022,2025-01-23,제주특별자치도,호,116,레벨01
구 분,민간임대주택(장기일반민간임대주택_건설),437,13102136248B.0016,13102136248A.0017,A,Apartment Unit,13103136248T6,DT_MLTM_7141,법인,임대주택 공급현황,2022,2025-01-23,제주특별자치도,호,116,레벨01
구 분,민간임대주택(장기일반민간임대주택_매입),785,13102136248B.0017,13102136248A.0017,A,Apartment Unit,13103136248T5,DT_MLTM_7141,개인,임대주택 공급현황,2022,2025-01-23,제주특별자치도,호,116,레벨01
구 분,민간임대주택(장기일반민간임대주택_매입),638,13102136248B.0017,13102136248A.0017,A,Apartment Unit,13103136248T6,DT_MLTM_7141,법인,임대주택 공급현황,2022,2025-01-23,제주특별자치도,호,116,레벨01
구 분,민간임대주택(공공지원민간임대주택_건설),0,13102136248B.0018,13102136248A.0017,A,Apartment Unit,13103136248T5,DT_MLTM_7141,개인,임대주택 공급현황,2022,2025-01-23,제주특별자치도,호,116,레벨01
구 분,민간임대주택(공공지원민간임대주택_건설),0,13102136248B.0018,13102136248A.0017,A,Apartment Unit,13103136248T6,DT_MLTM_7141,법인,임대주택 공급현황,2022,2025-01-23,제주특별자치도,호,116,레벨01
구 분,민간임대주택(공공지원민간임대주택_매입),2,13102136248B.0019,13102136248A.0017,A,Apartment Unit,13103136248T5,DT_MLTM_7141,개인,임대주택 공급현황,2022,2025-01-23,제주특별자치도,호,116,레벨01
구 분,민간임대주택(공공지원민간임대주택_매입),1,13102136248B.0019,13102136248A.0017,A,Apartment Unit,13103136248T6,DT_MLTM_7141,법인,임대주택 공급현황,2022,2025-01-23,제주특별자치도,호,116,레벨01
