panel,experiment,model,task,year,n,Accuracy,BalancedAccuracy,Macro_F1,Macro_F1_fixed2,TP,FP,FN,TN,ActualEvents,ActualDown,PredictedEvents,Abstentions,Precision,Recall,Event_F1,DownPrecision,DownRecall,Down_F1,ActualClasses,UpShare,AUC_within_month,valid_auc_months,valid_month_pairs,AUC_pooled_secondary,PR_AUC_pooled_secondary,MissingPredictions,MAE,RMSE,R2
provinces,Benchmark,Always down,Y2 Direction,2018,204,0.8431372549019608,0.5,0.4574468085106383,0.4574468085106383,0.0,0.0,32.0,172.0,32.0,172.0,0.0,0.0,,0.0,0.0,0.8431372549019608,1.0,0.9148936170212766,2.0,0.1568627450980392,0.5,12.0,448.0,0.4258720930232558,0.13684640522875816,,,,
provinces,Benchmark,Always down,Y2 Direction,2019,204,0.696078431372549,0.5,0.41040462427745666,0.41040462427745666,0.0,0.0,62.0,142.0,62.0,142.0,0.0,0.0,,0.0,0.0,0.696078431372549,1.0,0.8208092485549133,2.0,0.30392156862745096,0.5,12.0,664.0,0.32621535665606544,0.24457094665823317,,,,
provinces,Benchmark,Always down,Y2 Direction,2020,204,0.14215686274509803,0.5,0.12446351931330472,0.12446351931330472,0.0,0.0,175.0,29.0,175.0,29.0,0.0,0.0,,0.0,0.0,0.14215686274509803,1.0,0.24892703862660945,2.0,0.8578431372549019,0.5,8.0,358.0,0.7864039408866994,0.9445845004668534,,,,
provinces,Benchmark,Always down,Y2 Direction,2021,204,0.049019607843137254,0.5,0.04672897196261682,0.04672897196261682,0.0,0.0,194.0,10.0,194.0,10.0,0.0,0.0,,0.0,0.0,0.049019607843137254,1.0,0.09345794392523364,2.0,0.9509803921568627,0.5,7.0,152.0,0.23711340206185572,0.9211474967994071,,,,
provinces,Benchmark,Always down,Y2 Direction,2022,204,0.4264705882352941,0.5,0.29896907216494845,0.29896907216494845,0.0,0.0,117.0,87.0,117.0,87.0,0.0,0.0,,0.0,0.0,0.4264705882352941,1.0,0.5979381443298969,2.0,0.5735294117647058,0.5,12.0,576.0,0.20188623636899494,0.461706049941344,,,,
provinces,Benchmark,Always down,Y2 Direction,2023,204,0.46078431372549017,0.5,0.31543624161073824,0.31543624161073824,0.0,0.0,110.0,94.0,110.0,94.0,0.0,0.0,,0.0,0.0,0.46078431372549017,1.0,0.6308724832214765,2.0,0.5392156862745098,0.5,12.0,546.0,0.20899419729206964,0.4354426619132501,,,,
provinces,Benchmark,Always down,Y2 Direction,2024,204,0.25,0.5,0.2,0.2,0.0,0.0,153.0,51.0,153.0,51.0,0.0,0.0,,0.0,0.0,0.25,1.0,0.4,2.0,0.75,0.5,12.0,632.0,0.5620915032679739,0.7874962621214063,,,,
provinces,Benchmark,Always down,Y2 Direction,2025,204,0.1568627450980392,0.5,0.13559322033898305,0.13559322033898305,0.0,0.0,172.0,32.0,172.0,32.0,0.0,0.0,,0.0,0.0,0.1568627450980392,1.0,0.2711864406779661,2.0,0.8431372549019608,0.5,12.0,430.0,0.6760537790697674,0.9020177838577292,,,,
provinces,Benchmark,Always event,Y3 Surge,2018,204,0.03431372549019608,0.5,0.03317535545023697,0.03317535545023697,7.0,197.0,0.0,0.0,7.0,197.0,204.0,0.0,0.03431372549019608,1.0,0.06635071090047394,,0.0,0.0,2.0,0.03431372549019608,0.5,7.0,112.0,0.3335750543872371,0.028711484593837537,,,,
provinces,Benchmark,Always event,Y3 Surge,2019,204,0.17647058823529413,0.5,0.15,0.15,36.0,168.0,0.0,0.0,36.0,168.0,204.0,0.0,0.17647058823529413,1.0,0.3,,0.0,0.0,2.0,0.17647058823529413,0.5,9.0,414.0,0.2132936507936508,0.13798111837327526,,,,
provinces,Benchmark,Always event,Y3 Surge,2020,204,0.7745098039215687,0.5,0.43646408839779005,0.43646408839779005,158.0,46.0,0.0,0.0,158.0,46.0,204.0,0.0,0.7745098039215687,1.0,0.8729281767955801,,0.0,0.0,2.0,0.7745098039215687,0.5,10.0,480.0,0.7876995046780407,0.9082898982377761,,,,
provinces,Benchmark,Always event,Y3 Surge,2021,204,0.9411764705882353,0.5,0.48484848484848486,0.48484848484848486,192.0,12.0,0.0,0.0,192.0,12.0,204.0,0.0,0.9411764705882353,1.0,0.9696969696969697,,0.0,0.0,2.0,0.9411764705882353,0.5,9.0,184.0,0.30078125,0.9151348039215685,,,,
provinces,Benchmark,Always event,Y3 Surge,2022,204,0.27941176470588236,0.5,0.21839080459770116,0.21839080459770116,57.0,147.0,0.0,0.0,57.0,147.0,204.0,0.0,0.27941176470588236,1.0,0.4367816091954023,,0.0,0.0,2.0,0.27941176470588236,0.5,8.0,508.0,0.1987110633727175,0.2188395826166724,,,,
provinces,Benchmark,Always event,Y3 Surge,2023,204,0.058823529411764705,0.5,0.05555555555555555,0.05555555555555555,12.0,192.0,0.0,0.0,12.0,192.0,204.0,0.0,0.058823529411764705,1.0,0.1111111111111111,,0.0,0.0,2.0,0.058823529411764705,0.5,7.0,182.0,0.27864583333333337,0.04820261437908496,,,,
provinces,Benchmark,Always event,Y3 Surge,2024,204,0.08333333333333333,0.5,0.07692307692307693,0.07692307692307693,17.0,187.0,0.0,0.0,17.0,187.0,204.0,0.0,0.08333333333333333,1.0,0.15384615384615385,,0.0,0.0,2.0,0.08333333333333333,0.5,11.0,260.0,0.588235294117647,0.0997693194925029,,,,
provinces,Benchmark,Always event,Y3 Surge,2025,204,0.25980392156862747,0.5,0.20622568093385213,0.20622568093385213,53.0,151.0,0.0,0.0,53.0,151.0,204.0,0.0,0.25980392156862747,1.0,0.41245136186770426,,0.0,0.0,2.0,0.25980392156862747,0.5,12.0,558.0,0.261027114831938,0.20085707238870393,,,,
provinces,Benchmark,Always event,Y4 Drop,2018,204,0.45588235294117646,0.5,0.31313131313131315,0.31313131313131315,93.0,111.0,0.0,0.0,93.0,111.0,204.0,0.0,0.45588235294117646,1.0,0.6262626262626263,,0.0,0.0,2.0,0.45588235294117646,0.5,12.0,850.0,0.5222319093286836,0.47021927050390044,,,,
provinces,Benchmark,Always event,Y4 Drop,2019,204,0.25980392156862747,0.5,0.20622568093385213,0.20622568093385213,53.0,151.0,0.0,0.0,53.0,151.0,204.0,0.0,0.25980392156862747,1.0,0.41245136186770426,,0.0,0.0,2.0,0.25980392156862747,0.5,12.0,576.0,0.28014494564538295,0.20264520902700706,,,,
provinces,Benchmark,Always event,Y4 Drop,2020,204,0.0,0.0,0.0,0.0,0.0,204.0,0.0,0.0,0.0,204.0,204.0,0.0,0.0,,0.0,,0.0,0.0,1.0,0.0,,0.0,0.0,,,,,,
provinces,Benchmark,Always event,Y4 Drop,2021,204,0.024509803921568627,0.5,0.023923444976076555,0.023923444976076555,5.0,199.0,0.0,0.0,5.0,199.0,204.0,0.0,0.024509803921568627,1.0,0.04784688995215311,,0.0,0.0,2.0,0.024509803921568627,0.5,5.0,80.0,0.21809045226130655,0.019934640522875816,,,,
provinces,Benchmark,Always event,Y4 Drop,2022,204,0.2647058823529412,0.5,0.20930232558139536,0.20930232558139536,54.0,150.0,0.0,0.0,54.0,150.0,204.0,0.0,0.2647058823529412,1.0,0.4186046511627907,,0.0,0.0,2.0,0.2647058823529412,0.5,12.0,530.0,0.23555555555555552,0.2042483660130719,,,,
provinces,Benchmark,Always event,Y4 Drop,2023,204,0.18137254901960784,0.5,0.15352697095435686,0.15352697095435686,37.0,167.0,0.0,0.0,37.0,167.0,204.0,0.0,0.18137254901960784,1.0,0.3070539419087137,,0.0,0.0,2.0,0.18137254901960784,0.5,12.0,404.0,0.2482602362841884,0.14409998233527643,,,,
provinces,Benchmark,Always event,Y4 Drop,2024,204,0.0784313725490196,0.5,0.07272727272727272,0.07272727272727272,16.0,188.0,0.0,0.0,16.0,188.0,204.0,0.0,0.0784313725490196,1.0,0.14545454545454545,,0.0,0.0,2.0,0.0784313725490196,0.5,9.0,242.0,0.6695478723404256,0.11437908496732026,,,,
provinces,Benchmark,Always event,Y4 Drop,2025,204,0.024509803921568627,0.5,0.023923444976076555,0.023923444976076555,5.0,199.0,0.0,0.0,5.0,199.0,204.0,0.0,0.024509803921568627,1.0,0.04784688995215311,,0.0,0.0,2.0,0.024509803921568627,0.5,5.0,80.0,0.7306532663316583,0.045098039215686274,,,,
provinces,Benchmark,Always no event,Y3 Surge,2018,204,0.9656862745098039,0.5,0.4912718204488778,0.4912718204488778,0.0,0.0,7.0,197.0,7.0,197.0,0.0,0.0,,0.0,0.0,0.9656862745098039,1.0,0.9825436408977556,2.0,0.03431372549019608,0.5,7.0,112.0,0.3335750543872371,0.028711484593837537,,,,
provinces,Benchmark,Always no event,Y3 Surge,2019,204,0.8235294117647058,0.5,0.45161290322580644,0.45161290322580644,0.0,0.0,36.0,168.0,36.0,168.0,0.0,0.0,,0.0,0.0,0.8235294117647058,1.0,0.9032258064516129,2.0,0.17647058823529413,0.5,9.0,414.0,0.2132936507936508,0.13798111837327526,,,,
provinces,Benchmark,Always no event,Y3 Surge,2020,204,0.22549019607843138,0.5,0.184,0.184,0.0,0.0,158.0,46.0,158.0,46.0,0.0,0.0,,0.0,0.0,0.22549019607843138,1.0,0.368,2.0,0.7745098039215687,0.5,10.0,480.0,0.7876995046780407,0.9082898982377761,,,,
provinces,Benchmark,Always no event,Y3 Surge,2021,204,0.058823529411764705,0.5,0.05555555555555555,0.05555555555555555,0.0,0.0,192.0,12.0,192.0,12.0,0.0,0.0,,0.0,0.0,0.058823529411764705,1.0,0.1111111111111111,2.0,0.9411764705882353,0.5,9.0,184.0,0.30078125,0.9151348039215685,,,,
provinces,Benchmark,Always no event,Y3 Surge,2022,204,0.7205882352941176,0.5,0.4188034188034188,0.4188034188034188,0.0,0.0,57.0,147.0,57.0,147.0,0.0,0.0,,0.0,0.0,0.7205882352941176,1.0,0.8376068376068376,2.0,0.27941176470588236,0.5,8.0,508.0,0.1987110633727175,0.2188395826166724,,,,
provinces,Benchmark,Always no event,Y3 Surge,2023,204,0.9411764705882353,0.5,0.48484848484848486,0.48484848484848486,0.0,0.0,12.0,192.0,12.0,192.0,0.0,0.0,,0.0,0.0,0.9411764705882353,1.0,0.9696969696969697,2.0,0.058823529411764705,0.5,7.0,182.0,0.27864583333333337,0.04820261437908496,,,,
provinces,Benchmark,Always no event,Y3 Surge,2024,204,0.9166666666666666,0.5,0.4782608695652174,0.4782608695652174,0.0,0.0,17.0,187.0,17.0,187.0,0.0,0.0,,0.0,0.0,0.9166666666666666,1.0,0.9565217391304348,2.0,0.08333333333333333,0.5,11.0,260.0,0.588235294117647,0.0997693194925029,,,,
provinces,Benchmark,Always no event,Y3 Surge,2025,204,0.7401960784313726,0.5,0.4253521126760563,0.4253521126760563,0.0,0.0,53.0,151.0,53.0,151.0,0.0,0.0,,0.0,0.0,0.7401960784313726,1.0,0.8507042253521127,2.0,0.25980392156862747,0.5,12.0,558.0,0.261027114831938,0.20085707238870393,,,,
provinces,Benchmark,Always no event,Y4 Drop,2018,204,0.5441176470588235,0.5,0.3523809523809524,0.3523809523809524,0.0,0.0,93.0,111.0,93.0,111.0,0.0,0.0,,0.0,0.0,0.5441176470588235,1.0,0.7047619047619048,2.0,0.45588235294117646,0.5,12.0,850.0,0.5222319093286836,0.47021927050390044,,,,
provinces,Benchmark,Always no event,Y4 Drop,2019,204,0.7401960784313726,0.5,0.4253521126760563,0.4253521126760563,0.0,0.0,53.0,151.0,53.0,151.0,0.0,0.0,,0.0,0.0,0.7401960784313726,1.0,0.8507042253521127,2.0,0.25980392156862747,0.5,12.0,576.0,0.28014494564538295,0.20264520902700706,,,,
provinces,Benchmark,Always no event,Y4 Drop,2020,204,1.0,1.0,1.0,0.5,0.0,0.0,0.0,204.0,0.0,204.0,0.0,0.0,,,,1.0,1.0,1.0,1.0,0.0,,0.0,0.0,,,,,,
provinces,Benchmark,Always no event,Y4 Drop,2021,204,0.9754901960784313,0.5,0.49379652605459057,0.49379652605459057,0.0,0.0,5.0,199.0,5.0,199.0,0.0,0.0,,0.0,0.0,0.9754901960784313,1.0,0.9875930521091811,2.0,0.024509803921568627,0.5,5.0,80.0,0.21809045226130655,0.019934640522875816,,,,
provinces,Benchmark,Always no event,Y4 Drop,2022,204,0.7352941176470589,0.5,0.423728813559322,0.423728813559322,0.0,0.0,54.0,150.0,54.0,150.0,0.0,0.0,,0.0,0.0,0.7352941176470589,1.0,0.847457627118644,2.0,0.2647058823529412,0.5,12.0,530.0,0.23555555555555552,0.2042483660130719,,,,
provinces,Benchmark,Always no event,Y4 Drop,2023,204,0.8186274509803921,0.5,0.4501347708894879,0.4501347708894879,0.0,0.0,37.0,167.0,37.0,167.0,0.0,0.0,,0.0,0.0,0.8186274509803921,1.0,0.9002695417789758,2.0,0.18137254901960784,0.5,12.0,404.0,0.2482602362841884,0.14409998233527643,,,,
provinces,Benchmark,Always no event,Y4 Drop,2024,204,0.9215686274509803,0.5,0.47959183673469385,0.47959183673469385,0.0,0.0,16.0,188.0,16.0,188.0,0.0,0.0,,0.0,0.0,0.9215686274509803,1.0,0.9591836734693877,2.0,0.0784313725490196,0.5,9.0,242.0,0.6695478723404256,0.11437908496732026,,,,
provinces,Benchmark,Always no event,Y4 Drop,2025,204,0.9754901960784313,0.5,0.49379652605459057,0.49379652605459057,0.0,0.0,5.0,199.0,5.0,199.0,0.0,0.0,,0.0,0.0,0.9754901960784313,1.0,0.9875930521091811,2.0,0.024509803921568627,0.5,5.0,80.0,0.7306532663316583,0.045098039215686274,,,,
provinces,Benchmark,Always up,Y2 Direction,2018,204,0.1568627450980392,0.5,0.13559322033898305,0.13559322033898305,32.0,172.0,0.0,0.0,32.0,172.0,204.0,0.0,0.1568627450980392,1.0,0.2711864406779661,,0.0,0.0,2.0,0.1568627450980392,0.5,12.0,448.0,0.4258720930232558,0.13684640522875816,,,,
provinces,Benchmark,Always up,Y2 Direction,2019,204,0.30392156862745096,0.5,0.23308270676691728,0.23308270676691728,62.0,142.0,0.0,0.0,62.0,142.0,204.0,0.0,0.30392156862745096,1.0,0.46616541353383456,,0.0,0.0,2.0,0.30392156862745096,0.5,12.0,664.0,0.32621535665606544,0.24457094665823317,,,,
provinces,Benchmark,Always up,Y2 Direction,2020,204,0.8578431372549019,0.5,0.46174142480211083,0.46174142480211083,175.0,29.0,0.0,0.0,175.0,29.0,204.0,0.0,0.8578431372549019,1.0,0.9234828496042217,,0.0,0.0,2.0,0.8578431372549019,0.5,8.0,358.0,0.7864039408866994,0.9445845004668534,,,,
provinces,Benchmark,Always up,Y2 Direction,2021,204,0.9509803921568627,0.5,0.48743718592964824,0.48743718592964824,194.0,10.0,0.0,0.0,194.0,10.0,204.0,0.0,0.9509803921568627,1.0,0.9748743718592965,,0.0,0.0,2.0,0.9509803921568627,0.5,7.0,152.0,0.23711340206185572,0.9211474967994071,,,,
provinces,Benchmark,Always up,Y2 Direction,2022,204,0.5735294117647058,0.5,0.3644859813084112,0.3644859813084112,117.0,87.0,0.0,0.0,117.0,87.0,204.0,0.0,0.5735294117647058,1.0,0.7289719626168224,,0.0,0.0,2.0,0.5735294117647058,0.5,12.0,576.0,0.20188623636899494,0.461706049941344,,,,
provinces,Benchmark,Always up,Y2 Direction,2023,204,0.5392156862745098,0.5,0.3503184713375796,0.3503184713375796,110.0,94.0,0.0,0.0,110.0,94.0,204.0,0.0,0.5392156862745098,1.0,0.7006369426751592,,0.0,0.0,2.0,0.5392156862745098,0.5,12.0,546.0,0.20899419729206964,0.4354426619132501,,,,
provinces,Benchmark,Always up,Y2 Direction,2024,204,0.75,0.5,0.42857142857142855,0.42857142857142855,153.0,51.0,0.0,0.0,153.0,51.0,204.0,0.0,0.75,1.0,0.8571428571428571,,0.0,0.0,2.0,0.75,0.5,12.0,632.0,0.5620915032679739,0.7874962621214063,,,,
provinces,Benchmark,Always up,Y2 Direction,2025,204,0.8431372549019608,0.5,0.4574468085106383,0.4574468085106383,172.0,32.0,0.0,0.0,172.0,32.0,204.0,0.0,0.8431372549019608,1.0,0.9148936170212766,,0.0,0.0,2.0,0.8431372549019608,0.5,12.0,430.0,0.6760537790697674,0.9020177838577292,,,,
provinces,Benchmark,Past6 persistence,Y1 Growth,2018,204,,,,,,,,,,,,,,,,,,,,,,,,,,0.0,0.7493812856539973,1.4908250864483492,0.10969746745726605
provinces,Benchmark,Past6 persistence,Y1 Growth,2019,204,,,,,,,,,,,,,,,,,,,,,,,,,,0.0,0.8226129658270951,1.3733098174367677,-1.1648273514062049
provinces,Benchmark,Past6 persistence,Y1 Growth,2020,204,,,,,,,,,,,,,,,,,,,,,,,,,,0.0,1.2190074036336107,1.9721708685778931,0.37811954506328094
provinces,Benchmark,Past6 persistence,Y1 Growth,2021,204,,,,,,,,,,,,,,,,,,,,,,,,,,0.0,1.223760805697311,2.4369790228950263,-2.267471402194342
provinces,Benchmark,Past6 persistence,Y1 Growth,2022,204,,,,,,,,,,,,,,,,,,,,,,,,,,0.0,1.3581085005856905,1.7096469838576267,-0.04019541231461177
provinces,Benchmark,Past6 persistence,Y1 Growth,2023,204,,,,,,,,,,,,,,,,,,,,,,,,,,0.0,1.1856471144882232,1.4898412124279914,-1.153465847054588
provinces,Benchmark,Past6 persistence,Y1 Growth,2024,204,,,,,,,,,,,,,,,,,,,,,,,,,,0.0,0.5632803658306091,0.8260098017819388,0.20513872950062106
provinces,Benchmark,Past6 persistence,Y1 Growth,2025,204,,,,,,,,,,,,,,,,,,,,,,,,,,0.0,0.6993052593334409,0.9578825980858213,0.18897930852142308
provinces,Benchmark,Training majority,Y2 Direction,2018,204,0.8431372549019608,0.5,0.4574468085106383,0.4574468085106383,0.0,0.0,32.0,172.0,32.0,172.0,0.0,0.0,,0.0,0.0,0.8431372549019608,1.0,0.9148936170212766,2.0,0.1568627450980392,0.5,12.0,448.0,0.4258720930232558,0.13684640522875816,,,,
provinces,Benchmark,Training majority,Y2 Direction,2019,204,0.696078431372549,0.5,0.41040462427745666,0.41040462427745666,0.0,0.0,62.0,142.0,62.0,142.0,0.0,0.0,,0.0,0.0,0.696078431372549,1.0,0.8208092485549133,2.0,0.30392156862745096,0.5,12.0,664.0,0.32621535665606544,0.24457094665823317,,,,
provinces,Benchmark,Training majority,Y2 Direction,2020,204,0.14215686274509803,0.5,0.12446351931330472,0.12446351931330472,0.0,0.0,175.0,29.0,175.0,29.0,0.0,0.0,,0.0,0.0,0.14215686274509803,1.0,0.24892703862660945,2.0,0.8578431372549019,0.5,8.0,358.0,0.7864039408866994,0.9445845004668534,,,,
provinces,Benchmark,Training majority,Y2 Direction,2021,204,0.049019607843137254,0.5,0.04672897196261682,0.04672897196261682,0.0,0.0,194.0,10.0,194.0,10.0,0.0,0.0,,0.0,0.0,0.049019607843137254,1.0,0.09345794392523364,2.0,0.9509803921568627,0.5,7.0,152.0,0.23711340206185572,0.9211474967994071,,,,
provinces,Benchmark,Training majority,Y2 Direction,2022,204,0.4117647058823529,0.372236958443855,0.34299516908212563,0.34299516908212563,75.0,78.0,42.0,9.0,117.0,87.0,153.0,0.0,0.49019607843137253,0.6410256410256411,0.5555555555555556,0.17647058823529413,0.10344827586206896,0.13043478260869565,2.0,0.5735294117647058,0.5,12.0,576.0,0.20188623636899494,0.461706049941344,,,,
provinces,Benchmark,Training majority,Y2 Direction,2023,204,0.5392156862745098,0.5,0.3503184713375796,0.3503184713375796,110.0,94.0,0.0,0.0,110.0,94.0,204.0,0.0,0.5392156862745098,1.0,0.7006369426751592,,0.0,0.0,2.0,0.5392156862745098,0.5,12.0,546.0,0.20899419729206964,0.4354426619132501,,,,
provinces,Benchmark,Training majority,Y2 Direction,2024,204,0.75,0.5,0.42857142857142855,0.42857142857142855,153.0,51.0,0.0,0.0,153.0,51.0,204.0,0.0,0.75,1.0,0.8571428571428571,,0.0,0.0,2.0,0.75,0.5,12.0,632.0,0.5620915032679739,0.7874962621214063,,,,
provinces,Benchmark,Training majority,Y2 Direction,2025,204,0.8431372549019608,0.5,0.4574468085106383,0.4574468085106383,172.0,32.0,0.0,0.0,172.0,32.0,204.0,0.0,0.8431372549019608,1.0,0.9148936170212766,,0.0,0.0,2.0,0.8431372549019608,0.5,12.0,430.0,0.6760537790697674,0.9020177838577292,,,,
provinces,Benchmark,Training majority,Y3 Surge,2018,204,0.9656862745098039,0.5,0.4912718204488778,0.4912718204488778,0.0,0.0,7.0,197.0,7.0,197.0,0.0,0.0,,0.0,0.0,0.9656862745098039,1.0,0.9825436408977556,2.0,0.03431372549019608,0.5,7.0,112.0,0.3335750543872371,0.028711484593837537,,,,
provinces,Benchmark,Training majority,Y3 Surge,2019,204,0.8235294117647058,0.5,0.45161290322580644,0.45161290322580644,0.0,0.0,36.0,168.0,36.0,168.0,0.0,0.0,,0.0,0.0,0.8235294117647058,1.0,0.9032258064516129,2.0,0.17647058823529413,0.5,9.0,414.0,0.2132936507936508,0.13798111837327526,,,,
provinces,Benchmark,Training majority,Y3 Surge,2020,204,0.22549019607843138,0.5,0.184,0.184,0.0,0.0,158.0,46.0,158.0,46.0,0.0,0.0,,0.0,0.0,0.22549019607843138,1.0,0.368,2.0,0.7745098039215687,0.5,10.0,480.0,0.7876995046780407,0.9082898982377761,,,,
provinces,Benchmark,Training majority,Y3 Surge,2021,204,0.058823529411764705,0.5,0.05555555555555555,0.05555555555555555,0.0,0.0,192.0,12.0,192.0,12.0,0.0,0.0,,0.0,0.0,0.058823529411764705,1.0,0.1111111111111111,2.0,0.9411764705882353,0.5,9.0,184.0,0.30078125,0.9151348039215685,,,,
provinces,Benchmark,Training majority,Y3 Surge,2022,204,0.7205882352941176,0.5,0.4188034188034188,0.4188034188034188,0.0,0.0,57.0,147.0,57.0,147.0,0.0,0.0,,0.0,0.0,0.7205882352941176,1.0,0.8376068376068376,2.0,0.27941176470588236,0.5,8.0,508.0,0.1987110633727175,0.2188395826166724,,,,
provinces,Benchmark,Training majority,Y3 Surge,2023,204,0.9411764705882353,0.5,0.48484848484848486,0.48484848484848486,0.0,0.0,12.0,192.0,12.0,192.0,0.0,0.0,,0.0,0.0,0.9411764705882353,1.0,0.9696969696969697,2.0,0.058823529411764705,0.5,7.0,182.0,0.27864583333333337,0.04820261437908496,,,,
provinces,Benchmark,Training majority,Y3 Surge,2024,204,0.9166666666666666,0.5,0.4782608695652174,0.4782608695652174,0.0,0.0,17.0,187.0,17.0,187.0,0.0,0.0,,0.0,0.0,0.9166666666666666,1.0,0.9565217391304348,2.0,0.08333333333333333,0.5,11.0,260.0,0.588235294117647,0.0997693194925029,,,,
provinces,Benchmark,Training majority,Y3 Surge,2025,204,0.7401960784313726,0.5,0.4253521126760563,0.4253521126760563,0.0,0.0,53.0,151.0,53.0,151.0,0.0,0.0,,0.0,0.0,0.7401960784313726,1.0,0.8507042253521127,2.0,0.25980392156862747,0.5,12.0,558.0,0.261027114831938,0.20085707238870393,,,,
provinces,Benchmark,Training majority,Y4 Drop,2018,204,0.5441176470588235,0.5,0.3523809523809524,0.3523809523809524,0.0,0.0,93.0,111.0,93.0,111.0,0.0,0.0,,0.0,0.0,0.5441176470588235,1.0,0.7047619047619048,2.0,0.45588235294117646,0.5,12.0,850.0,0.5222319093286836,0.47021927050390044,,,,
provinces,Benchmark,Training majority,Y4 Drop,2019,204,0.7401960784313726,0.5,0.4253521126760563,0.4253521126760563,0.0,0.0,53.0,151.0,53.0,151.0,0.0,0.0,,0.0,0.0,0.7401960784313726,1.0,0.8507042253521127,2.0,0.25980392156862747,0.5,12.0,576.0,0.28014494564538295,0.20264520902700706,,,,
provinces,Benchmark,Training majority,Y4 Drop,2020,204,1.0,1.0,1.0,0.5,0.0,0.0,0.0,204.0,0.0,204.0,0.0,0.0,,,,1.0,1.0,1.0,1.0,0.0,,0.0,0.0,,,,,,
provinces,Benchmark,Training majority,Y4 Drop,2021,204,0.9754901960784313,0.5,0.49379652605459057,0.49379652605459057,0.0,0.0,5.0,199.0,5.0,199.0,0.0,0.0,,0.0,0.0,0.9754901960784313,1.0,0.9875930521091811,2.0,0.024509803921568627,0.5,5.0,80.0,0.21809045226130655,0.019934640522875816,,,,
provinces,Benchmark,Training majority,Y4 Drop,2022,204,0.7352941176470589,0.5,0.423728813559322,0.423728813559322,0.0,0.0,54.0,150.0,54.0,150.0,0.0,0.0,,0.0,0.0,0.7352941176470589,1.0,0.847457627118644,2.0,0.2647058823529412,0.5,12.0,530.0,0.23555555555555552,0.2042483660130719,,,,
provinces,Benchmark,Training majority,Y4 Drop,2023,204,0.8186274509803921,0.5,0.4501347708894879,0.4501347708894879,0.0,0.0,37.0,167.0,37.0,167.0,0.0,0.0,,0.0,0.0,0.8186274509803921,1.0,0.9002695417789758,2.0,0.18137254901960784,0.5,12.0,404.0,0.2482602362841884,0.14409998233527643,,,,
provinces,Benchmark,Training majority,Y4 Drop,2024,204,0.9215686274509803,0.5,0.47959183673469385,0.47959183673469385,0.0,0.0,16.0,188.0,16.0,188.0,0.0,0.0,,0.0,0.0,0.9215686274509803,1.0,0.9591836734693877,2.0,0.0784313725490196,0.5,9.0,242.0,0.6695478723404256,0.11437908496732026,,,,
provinces,Benchmark,Training majority,Y4 Drop,2025,204,0.9754901960784313,0.5,0.49379652605459057,0.49379652605459057,0.0,0.0,5.0,199.0,5.0,199.0,0.0,0.0,,0.0,0.0,0.9754901960784313,1.0,0.9875930521091811,2.0,0.024509803921568627,0.5,5.0,80.0,0.7306532663316583,0.045098039215686274,,,,
provinces,Benchmark,Training median,Y1 Growth,2018,204,,,,,,,,,,,,,,,,,,,,,,,,,,0.0,1.168942053170689,1.8333113728573807,-0.34634601640688856
provinces,Benchmark,Training median,Y1 Growth,2019,204,,,,,,,,,,,,,,,,,,,,,,,,,,0.0,0.6996484858649958,0.9927064846249365,-0.131170145728976
provinces,Benchmark,Training median,Y1 Growth,2020,204,,,,,,,,,,,,,,,,,,,,,,,,,,0.0,1.7816847416791446,3.045770146273369,-0.48324222260188754
provinces,Benchmark,Training median,Y1 Growth,2021,204,,,,,,,,,,,,,,,,,,,,,,,,,,0.0,1.975519692798924,2.2582587103893332,-1.8057928329972666
provinces,Benchmark,Training median,Y1 Growth,2022,204,,,,,,,,,,,,,,,,,,,,,,,,,,0.0,1.3369942770940486,1.6858911372996204,-0.011488851356451057
provinces,Benchmark,Training median,Y1 Growth,2023,204,,,,,,,,,,,,,,,,,,,,,,,,,,0.0,0.7803925933872413,1.024185236442895,-0.017688913708501675
provinces,Benchmark,Training median,Y1 Growth,2024,204,,,,,,,,,,,,,,,,,,,,,,,,,,0.0,0.7351569706166572,0.9926338718542435,-0.14788694351664233
provinces,Benchmark,Training median,Y1 Growth,2025,204,,,,,,,,,,,,,,,,,,,,,,,,,,0.0,1.0211119601467467,1.3384663126371774,-0.5835152771482544
provinces,Benchmark,Zero growth,Y1 Growth,2018,204,,,,,,,,,,,,,,,,,,,,,,,,,,0.0,1.1903013972641308,1.8490636242682488,-0.369581668880814
provinces,Benchmark,Zero growth,Y1 Growth,2019,204,,,,,,,,,,,,,,,,,,,,,,,,,,0.0,0.7320806290139379,1.031786795624049,-0.2219857689532867
provinces,Benchmark,Zero growth,Y1 Growth,2020,204,,,,,,,,,,,,,,,,,,,,,,,,,,0.0,1.6373484842867578,2.9556784629819655,-0.3967934917677458
provinces,Benchmark,Zero growth,Y1 Growth,2021,204,,,,,,,,,,,,,,,,,,,,,,,,,,0.0,1.911516188009635,2.2027069871979146,-1.66944927208844
provinces,Benchmark,Zero growth,Y1 Growth,2022,204,,,,,,,,,,,,,,,,,,,,,,,,,,0.0,1.3306111060285342,1.6779072682333198,-0.0019313270420477924
provinces,Benchmark,Zero growth,Y1 Growth,2023,204,,,,,,,,,,,,,,,,,,,,,,,,,,0.0,0.7752741148197752,1.0152521644411843,-1.3514350178045476e-05
provinces,Benchmark,Zero growth,Y1 Growth,2024,204,,,,,,,,,,,,,,,,,,,,,,,,,,0.0,0.7527501466829175,1.006576716952003,-0.1803605766994849
provinces,Benchmark,Zero growth,Y1 Growth,2025,204,,,,,,,,,,,,,,,,,,,,,,,,,,0.0,1.0700146446963104,1.3862967107080473,-0.6987119935074473
provinces,E_M,Extra Trees,Y1 Growth,2018,204,,,,,,,,,,,,,,,,,,,,,,,,,,0.0,0.7636365257950599,1.4462854365960631,0.16209988367906747
provinces,E_M,Extra Trees,Y1 Growth,2019,204,,,,,,,,,,,,,,,,,,,,,,,,,,0.0,0.6630332952331608,0.9761304369280449,-0.09370935418726356
provinces,E_M,Extra Trees,Y1 Growth,2020,204,,,,,,,,,,,,,,,,,,,,,,,,,,0.0,1.5961224523315651,2.7625543749638104,-0.22022381993584839
provinces,E_M,Extra Trees,Y1 Growth,2021,204,,,,,,,,,,,,,,,,,,,,,,,,,,0.0,0.941528609124755,1.6625955950020959,-0.5208327792004199
provinces,E_M,Extra Trees,Y1 Growth,2022,204,,,,,,,,,,,,,,,,,,,,,,,,,,0.0,1.1625841824818635,1.696988694741412,-0.02484914543576311
provinces,E_M,Extra Trees,Y1 Growth,2023,204,,,,,,,,,,,,,,,,,,,,,,,,,,0.0,0.7243641760054335,0.9120526972711899,0.19295475106019855
provinces,E_M,Extra Trees,Y1 Growth,2024,204,,,,,,,,,,,,,,,,,,,,,,,,,,0.0,0.45478307166367443,0.6754920448287045,0.4684288378410757
provinces,E_M,Extra Trees,Y1 Growth,2025,204,,,,,,,,,,,,,,,,,,,,,,,,,,0.0,0.6059076042612911,0.8307316009486782,0.39000141146489276
provinces,E_M,Extra Trees,Y2 Direction,2018,204,0.8578431372549019,0.6613372093023255,0.6855700239170874,0.6855700239170874,12.0,9.0,20.0,163.0,32.0,172.0,21.0,0.0,0.5714285714285714,0.375,0.4528301886792453,0.8907103825136612,0.9476744186046512,0.9183098591549296,2.0,0.1568627450980392,0.9017857142857143,12.0,448.0,0.8315770348837209,0.586732089224484,,,,
provinces,E_M,Extra Trees,Y2 Direction,2019,204,0.7647058823529411,0.6174466151749205,0.6195804195804195,0.6195804195804195,15.0,1.0,47.0,141.0,62.0,142.0,16.0,0.0,0.9375,0.24193548387096775,0.38461538461538464,0.75,0.9929577464788732,0.8545454545454545,2.0,0.30392156862745096,0.9307228915662651,12.0,664.0,0.8964107223989096,0.8094174207842323,,,,
provinces,E_M,Extra Trees,Y2 Direction,2020,204,0.7990196078431373,0.8253201970443349,0.7100565050091865,0.7100565050091865,138.0,4.0,37.0,25.0,175.0,29.0,142.0,0.0,0.971830985915493,0.7885714285714286,0.8706624605678234,0.4032258064516129,0.8620689655172413,0.5494505494505495,2.0,0.8578431372549019,0.8212290502793296,8.0,358.0,0.9060098522167488,0.9833570658323677,,,,
provinces,E_M,Extra Trees,Y2 Direction,2021,204,0.9509803921568627,0.5948453608247423,0.6301667875271937,0.6301667875271937,192.0,8.0,2.0,2.0,194.0,10.0,200.0,0.0,0.96,0.9896907216494846,0.9746192893401016,0.5,0.2,0.2857142857142857,2.0,0.9509803921568627,0.993421052631579,7.0,152.0,0.984020618556701,0.9991949543032022,,,,
provinces,E_M,Extra Trees,Y2 Direction,2022,204,0.6862745098039216,0.6351311523725316,0.6104547081990691,0.6104547081990691,115.0,62.0,2.0,25.0,117.0,87.0,177.0,0.0,0.6497175141242938,0.9829059829059829,0.782312925170068,0.9259259259259259,0.28735632183908044,0.43859649122807015,2.0,0.5735294117647058,0.8142361111111112,12.0,576.0,0.7879948914431673,0.7860334392151981,,,,
provinces,E_M,Extra Trees,Y2 Direction,2023,204,0.5441176470588235,0.5757253384912959,0.47716813183784823,0.47716813183784823,19.0,2.0,91.0,92.0,110.0,94.0,21.0,0.0,0.9047619047619048,0.17272727272727273,0.2900763358778626,0.5027322404371585,0.9787234042553191,0.6642599277978339,2.0,0.5392156862745098,0.7527472527472527,12.0,546.0,0.7435203094777563,0.7950245299134254,,,,
provinces,E_M,Extra Trees,Y2 Direction,2024,204,0.8480392156862745,0.7352941176470589,0.7655607043558851,0.7655607043558851,147.0,25.0,6.0,26.0,153.0,51.0,172.0,0.0,0.8546511627906976,0.9607843137254902,0.9046153846153846,0.8125,0.5098039215686274,0.6265060240963856,2.0,0.75,0.8212025316455697,12.0,632.0,0.8081507112648981,0.903687482910165,,,,
provinces,E_M,Extra Trees,Y2 Direction,2025,204,0.9068627450980392,0.7794331395348837,0.8062678062678063,0.8062678062678063,166.0,13.0,6.0,19.0,172.0,32.0,179.0,0.0,0.9273743016759777,0.9651162790697675,0.9458689458689459,0.76,0.59375,0.6666666666666666,2.0,0.8431372549019608,0.9,12.0,430.0,0.9195130813953488,0.9833666203850234,,,,
provinces,E_M,Extra Trees,Y3 Surge,2018,204,0.9656862745098039,0.7066715010877447,0.7219084712755599,0.7219084712755599,3.0,3.0,4.0,194.0,7.0,197.0,6.0,0.0,0.5,0.42857142857142855,0.46153846153846156,0.9797979797979798,0.9847715736040609,0.9822784810126582,2.0,0.03431372549019608,0.9732142857142857,7.0,112.0,0.92675852066715,0.335904609982951,,,,
provinces,E_M,Extra Trees,Y3 Surge,2019,204,0.8235294117647058,0.5218253968253969,0.5010869565217392,0.5010869565217392,2.0,2.0,34.0,166.0,36.0,168.0,4.0,0.0,0.5,0.05555555555555555,0.1,0.83,0.9880952380952381,0.9021739130434783,2.0,0.17647058823529413,0.6980676328502415,9.0,414.0,0.5820105820105821,0.3064965230393405,,,,
provinces,E_M,Extra Trees,Y3 Surge,2020,204,0.696078431372549,0.7960924600990644,0.6749588815789473,0.6749588815789473,97.0,1.0,61.0,45.0,158.0,46.0,98.0,0.0,0.9897959183673469,0.6139240506329114,0.7578125,0.42452830188679247,0.9782608695652174,0.5921052631578947,2.0,0.7745098039215687,0.8229166666666666,10.0,480.0,0.8914419372592185,0.9672716260128902,,,,
provinces,E_M,Extra Trees,Y3 Surge,2021,204,0.7598039215686274,0.4036458333333333,0.43175487465181056,0.43175487465181056,155.0,12.0,37.0,0.0,192.0,12.0,167.0,0.0,0.9281437125748503,0.8072916666666666,0.8635097493036211,0.0,0.0,0.0,2.0,0.9411764705882353,0.6521739130434783,9.0,184.0,0.4214409722222222,0.9395000987539838,,,,
provinces,E_M,Extra Trees,Y3 Surge,2022,204,0.5882352941176471,0.5531686358754028,0.5400966183574879,0.5400966183574879,27.0,54.0,30.0,93.0,57.0,147.0,81.0,0.0,0.3333333333333333,0.47368421052631576,0.391304347826087,0.7560975609756098,0.6326530612244898,0.6888888888888889,2.0,0.27941176470588236,0.8307086614173228,8.0,508.0,0.659625253610216,0.37748743439726823,,,,
provinces,E_M,Extra Trees,Y3 Surge,2023,204,0.9411764705882353,0.5,0.48484848484848486,0.48484848484848486,0.0,0.0,12.0,192.0,12.0,192.0,0.0,0.0,,0.0,0.0,0.9411764705882353,1.0,0.9696969696969697,2.0,0.058823529411764705,0.9010989010989011,7.0,182.0,0.8559027777777777,0.19565454393986897,,,,
provinces,E_M,Extra Trees,Y3 Surge,2024,204,0.8872549019607843,0.5641711229946524,0.5731052679465017,0.5731052679465017,3.0,9.0,14.0,178.0,17.0,187.0,12.0,0.0,0.25,0.17647058823529413,0.20689655172413793,0.9270833333333334,0.9518716577540107,0.9393139841688655,2.0,0.08333333333333333,0.8384615384615385,11.0,260.0,0.8669392890846177,0.2641777073402456,,,,
provinces,E_M,Extra Trees,Y3 Surge,2025,204,0.7745098039215687,0.5721604398350618,0.5625582696252098,0.5625582696252098,8.0,1.0,45.0,150.0,53.0,151.0,9.0,0.0,0.8888888888888888,0.1509433962264151,0.25806451612903225,0.7692307692307693,0.9933774834437086,0.8670520231213873,2.0,0.25980392156862747,0.8924731182795699,12.0,558.0,0.8650506060227414,0.6705757185180743,,,,
provinces,E_M,Extra Trees,Y4 Drop,2018,204,0.7696078431372549,0.7621331008427783,0.7641618497109827,0.7641618497109827,63.0,17.0,30.0,94.0,93.0,111.0,80.0,0.0,0.7875,0.6774193548387096,0.7283236994219653,0.7580645161290323,0.8468468468468469,0.8,2.0,0.45588235294117646,0.8752941176470588,12.0,850.0,0.85759953501889,0.8762353888700357,,,,
provinces,E_M,Extra Trees,Y4 Drop,2019,204,0.7892156862745098,0.8270023741097089,0.7653980904495734,0.7653980904495734,48.0,38.0,5.0,113.0,53.0,151.0,86.0,0.0,0.5581395348837209,0.9056603773584906,0.6906474820143885,0.9576271186440678,0.7483443708609272,0.8401486988847584,2.0,0.25980392156862747,0.8923611111111112,12.0,576.0,0.8558040734724479,0.5731080961834139,,,,
provinces,E_M,Extra Trees,Y4 Drop,2020,204,1.0,1.0,1.0,0.5,0.0,0.0,0.0,204.0,0.0,204.0,0.0,0.0,,,,1.0,1.0,1.0,1.0,0.0,,0.0,0.0,,,,,,
provinces,E_M,Extra Trees,Y4 Drop,2021,204,0.9803921568627451,0.6,0.6616915422885572,0.6616915422885572,1.0,0.0,4.0,199.0,5.0,199.0,1.0,0.0,1.0,0.2,0.3333333333333333,0.9802955665024631,1.0,0.9900497512437811,2.0,0.024509803921568627,1.0,5.0,80.0,0.9979899497487437,0.9266666666666665,,,,
provinces,E_M,Extra Trees,Y4 Drop,2022,204,0.8333333333333334,0.702962962962963,0.735670731707317,0.735670731707317,23.0,3.0,31.0,147.0,54.0,150.0,26.0,0.0,0.8846153846153846,0.42592592592592593,0.575,0.8258426966292135,0.98,0.8963414634146342,2.0,0.2647058823529412,0.8075471698113208,12.0,530.0,0.884320987654321,0.7801763552437811,,,,
provinces,E_M,Extra Trees,Y4 Drop,2023,204,0.6617647058823529,0.7092571613529697,0.6055706559811697,0.6055706559811697,29.0,61.0,8.0,106.0,37.0,167.0,90.0,0.0,0.32222222222222224,0.7837837837837838,0.4566929133858268,0.9298245614035088,0.6347305389221557,0.7544483985765125,2.0,0.18137254901960784,0.7747524752475248,12.0,404.0,0.8025570480660301,0.5040964442951792,,,,
provinces,E_M,Extra Trees,Y4 Drop,2024,204,0.946078431372549,0.7420212765957447,0.7818606007582385,0.7818606007582385,8.0,3.0,8.0,185.0,16.0,188.0,11.0,0.0,0.7272727272727273,0.5,0.5925925925925926,0.9585492227979274,0.9840425531914894,0.9711286089238845,2.0,0.0784313725490196,1.0,9.0,242.0,0.9823803191489362,0.8021790310330364,,,,
provinces,E_M,Extra Trees,Y4 Drop,2025,204,0.9362745098039216,0.5773869346733669,0.5501272264631043,0.5501272264631043,1.0,9.0,4.0,190.0,5.0,199.0,10.0,0.0,0.1,0.2,0.13333333333333333,0.979381443298969,0.9547738693467337,0.9669211195928753,2.0,0.024509803921568627,0.9375,5.0,80.0,0.9336683417085427,0.19212121212121208,,,,
provinces,E_M,Linear,Y1 Growth,2018,204,,,,,,,,,,,,,,,,,,,,,,,,,,0.0,0.9332866665376478,1.6218284840977957,-0.05364442074908293
provinces,E_M,Linear,Y1 Growth,2019,204,,,,,,,,,,,,,,,,,,,,,,,,,,0.0,0.7779902479875914,1.0765066674564647,-0.3302083355211356
provinces,E_M,Linear,Y1 Growth,2020,204,,,,,,,,,,,,,,,,,,,,,,,,,,0.0,1.3626122182793448,2.552465633451514,-0.041687938496779875
provinces,E_M,Linear,Y1 Growth,2021,204,,,,,,,,,,,,,,,,,,,,,,,,,,0.0,0.9939029987301988,1.5040933433052162,-0.2446802312063887
provinces,E_M,Linear,Y1 Growth,2022,204,,,,,,,,,,,,,,,,,,,,,,,,,,0.0,0.8921795550436498,1.5580489588813577,0.13609846413141657
provinces,E_M,Linear,Y1 Growth,2023,204,,,,,,,,,,,,,,,,,,,,,,,,,,0.0,1.1602459779718315,1.2922374798559855,-0.6201032277573537
provinces,E_M,Linear,Y1 Growth,2024,204,,,,,,,,,,,,,,,,,,,,,,,,,,0.0,0.662837587199924,0.9153257989282124,0.023949380328914915
provinces,E_M,Linear,Y1 Growth,2025,204,,,,,,,,,,,,,,,,,,,,,,,,,,0.0,0.7411385809989756,0.9342023454147989,0.22858287787067277
provinces,E_M,Linear,Y2 Direction,2018,204,0.75,0.5846656976744187,0.5745655285217747,0.5745655285217747,11.0,30.0,21.0,142.0,32.0,172.0,41.0,0.0,0.2682926829268293,0.34375,0.3013698630136986,0.8711656441717791,0.8255813953488372,0.8477611940298507,2.0,0.1568627450980392,0.7410714285714286,12.0,448.0,0.6535247093023255,0.2573898437228787,,,,
provinces,E_M,Linear,Y2 Direction,2019,204,0.75,0.6704906860517946,0.6807707649351048,0.6807707649351048,29.0,18.0,33.0,124.0,62.0,142.0,47.0,0.0,0.6170212765957447,0.46774193548387094,0.5321100917431193,0.7898089171974523,0.8732394366197183,0.8294314381270903,2.0,0.30392156862745096,0.8644578313253012,12.0,664.0,0.7828259881871876,0.5573611110503217,,,,
provinces,E_M,Linear,Y2 Direction,2020,204,0.8725490196078431,0.7243349753694581,0.7309253246753247,0.7309253246753247,163.0,14.0,12.0,15.0,175.0,29.0,177.0,0.0,0.9209039548022598,0.9314285714285714,0.9261363636363636,0.5555555555555556,0.5172413793103449,0.5357142857142857,2.0,0.8578431372549019,0.7793296089385475,8.0,358.0,0.8717241379310344,0.9758653203134983,,,,
provinces,E_M,Linear,Y2 Direction,2021,204,0.946078431372549,0.8768041237113402,0.7818606007582385,0.7818606007582385,185.0,2.0,9.0,8.0,194.0,10.0,187.0,0.0,0.9893048128342246,0.9536082474226805,0.9711286089238845,0.47058823529411764,0.8,0.5925925925925926,2.0,0.9509803921568627,0.9144736842105263,7.0,152.0,0.9536082474226805,0.9975660237503651,,,,
provinces,E_M,Linear,Y2 Direction,2022,204,0.5686274509803921,0.6003536693191865,0.561504640937958,0.561504640937958,45.0,16.0,72.0,71.0,117.0,87.0,61.0,0.0,0.7377049180327869,0.38461538461538464,0.5056179775280899,0.4965034965034965,0.8160919540229885,0.6173913043478261,2.0,0.5735294117647058,0.6822916666666666,12.0,576.0,0.6877885843403085,0.726433548528283,,,,
provinces,E_M,Linear,Y2 Direction,2023,204,0.46078431372549017,0.5,0.31543624161073824,0.31543624161073824,0.0,0.0,110.0,94.0,110.0,94.0,0.0,0.0,,0.0,0.0,0.46078431372549017,1.0,0.6308724832214765,2.0,0.5392156862745098,0.652014652014652,12.0,546.0,0.6872340425531915,0.6979674472912453,,,,
provinces,E_M,Linear,Y2 Direction,2024,204,0.8186274509803921,0.6372549019607843,0.6614487553263064,0.6614487553263064,153.0,37.0,0.0,14.0,153.0,51.0,190.0,0.0,0.8052631578947368,1.0,0.892128279883382,1.0,0.27450980392156865,0.4307692307692308,2.0,0.75,0.8496835443037974,12.0,632.0,0.7931564782775855,0.9045969533755246,,,,
provinces,E_M,Linear,Y2 Direction,2025,204,0.9117647058823529,0.71875,0.7794859476339179,0.7794859476339179,172.0,18.0,0.0,14.0,172.0,32.0,190.0,0.0,0.9052631578947369,1.0,0.9502762430939227,1.0,0.4375,0.6086956521739131,2.0,0.8431372549019608,0.8488372093023255,12.0,430.0,0.8826308139534884,0.97355137347188,,,,
provinces,E_M,Linear,Y3 Surge,2018,204,0.9411764705882353,0.9006526468455403,0.734375,0.734375,6.0,11.0,1.0,186.0,7.0,197.0,17.0,0.0,0.35294117647058826,0.8571428571428571,0.5,0.9946524064171123,0.9441624365482234,0.96875,2.0,0.03431372549019608,0.8660714285714286,7.0,112.0,0.8629441624365481,0.8622448979591835,,,,
provinces,E_M,Linear,Y3 Surge,2019,204,0.8382352941176471,0.6071428571428572,0.6302521008403361,0.6302521008403361,9.0,6.0,27.0,162.0,36.0,168.0,15.0,0.0,0.6,0.25,0.35294117647058826,0.8571428571428571,0.9642857142857143,0.907563025210084,2.0,0.17647058823529413,0.8236714975845411,9.0,414.0,0.8275462962962963,0.5440905596642966,,,,
provinces,E_M,Linear,Y3 Surge,2020,204,0.8088235294117647,0.5914969730324712,0.6023391812865497,0.6023391812865497,156.0,37.0,2.0,9.0,158.0,46.0,193.0,0.0,0.8082901554404145,0.9873417721518988,0.8888888888888888,0.8181818181818182,0.1956521739130435,0.3157894736842105,2.0,0.7745098039215687,0.7729166666666667,10.0,480.0,0.840946615299945,0.9446961353912064,,,,
provinces,E_M,Linear,Y3 Surge,2021,204,0.7598039215686274,0.8333333333333333,0.5822292807288837,0.5822292807288837,144.0,1.0,48.0,11.0,192.0,12.0,145.0,0.0,0.993103448275862,0.75,0.8545994065281899,0.1864406779661017,0.9166666666666666,0.30985915492957744,2.0,0.9411764705882353,0.9130434782608695,9.0,184.0,0.9361979166666666,0.9953884962733115,,,,
provinces,E_M,Linear,Y3 Surge,2022,204,0.6470588235294118,0.4865735767991407,0.4695941066011845,0.4695941066011845,7.0,22.0,50.0,125.0,57.0,147.0,29.0,0.0,0.2413793103448276,0.12280701754385964,0.16279069767441862,0.7142857142857143,0.8503401360544217,0.7763975155279503,2.0,0.27941176470588236,0.7381889763779528,8.0,508.0,0.5277479412817758,0.3269654556410666,,,,
provinces,E_M,Linear,Y3 Surge,2023,204,0.9411764705882353,0.5,0.48484848484848486,0.48484848484848486,0.0,0.0,12.0,192.0,12.0,192.0,0.0,0.0,,0.0,0.0,0.9411764705882353,1.0,0.9696969696969697,2.0,0.058823529411764705,0.9230769230769231,7.0,182.0,0.9479166666666666,0.5767285475925182,,,,
provinces,E_M,Linear,Y3 Surge,2024,204,0.7303921568627451,0.5588235294117647,0.5089070775156476,0.5089070775156476,6.0,44.0,11.0,143.0,17.0,187.0,50.0,0.0,0.12,0.35294117647058826,0.1791044776119403,0.9285714285714286,0.7647058823529411,0.8387096774193549,2.0,0.08333333333333333,0.7653846153846153,11.0,260.0,0.6882667505504876,0.12890733770659674,,,,
provinces,E_M,Linear,Y3 Surge,2025,204,0.7598039215686274,0.715294264650756,0.7033387742988574,0.7033387742988574,33.0,29.0,20.0,122.0,53.0,151.0,62.0,0.0,0.532258064516129,0.6226415094339622,0.5739130434782609,0.8591549295774648,0.8079470198675497,0.8327645051194539,2.0,0.25980392156862747,0.7903225806451613,12.0,558.0,0.818068224415844,0.6832376039869529,,,,
provinces,E_M,Linear,Y4 Drop,2018,204,0.7990196078431373,0.7900319674513223,0.7929241662746651,0.7929241662746651,64.0,12.0,29.0,99.0,93.0,111.0,76.0,0.0,0.8421052631578947,0.6881720430107527,0.757396449704142,0.7734375,0.8918918918918919,0.8284518828451883,2.0,0.45588235294117646,0.8682352941176471,12.0,850.0,0.8514966579482708,0.8815782898055226,,,,
provinces,E_M,Linear,Y4 Drop,2019,204,0.8235294117647058,0.8379357740847182,0.7950892857142857,0.7950892857142857,46.0,29.0,7.0,122.0,53.0,151.0,75.0,0.0,0.6133333333333333,0.8679245283018868,0.71875,0.9457364341085271,0.8079470198675497,0.8714285714285714,2.0,0.25980392156862747,0.8888888888888888,12.0,576.0,0.889916281394477,0.7228962045346418,,,,
provinces,E_M,Linear,Y4 Drop,2020,204,0.9901960784313726,0.9901960784313726,0.4975369458128079,0.4975369458128079,0.0,2.0,0.0,202.0,0.0,204.0,2.0,0.0,0.0,,0.0,1.0,0.9901960784313726,0.9950738916256158,1.0,0.0,,0.0,0.0,,,,,,
provinces,E_M,Linear,Y4 Drop,2021,204,0.9852941176470589,0.7974874371859296,0.8295739348370927,0.8295739348370927,3.0,1.0,2.0,198.0,5.0,199.0,4.0,0.0,0.75,0.6,0.6666666666666666,0.99,0.9949748743718593,0.9924812030075187,2.0,0.024509803921568627,1.0,5.0,80.0,0.9879396984924623,0.6722222222222223,,,,
provinces,E_M,Linear,Y4 Drop,2022,204,0.46568627450980393,0.6307407407407408,0.4641282082178576,0.4641282082178576,53.0,108.0,1.0,42.0,54.0,150.0,161.0,0.0,0.32919254658385094,0.9814814814814815,0.4930232558139535,0.9767441860465116,0.28,0.43523316062176165,2.0,0.2647058823529412,0.6830188679245283,12.0,530.0,0.8358024691358025,0.6078940348600228,,,,
provinces,E_M,Linear,Y4 Drop,2023,204,0.5343137254901961,0.6629713545881211,0.5104948094263848,0.5104948094263848,32.0,90.0,5.0,77.0,37.0,167.0,122.0,0.0,0.26229508196721313,0.8648648648648649,0.4025157232704403,0.9390243902439024,0.46107784431137727,0.6184738955823293,2.0,0.18137254901960784,0.6262376237623762,12.0,404.0,0.8015860171548794,0.49678164313325696,,,,
provinces,E_M,Linear,Y4 Drop,2024,204,0.9411764705882353,0.625,0.6845360824742268,0.6845360824742268,4.0,0.0,12.0,188.0,16.0,188.0,4.0,0.0,1.0,0.25,0.4,0.94,1.0,0.9690721649484536,2.0,0.0784313725490196,0.9421487603305785,9.0,242.0,0.9408244680851063,0.6821518741275774,,,,
provinces,E_M,Linear,Y4 Drop,2025,204,0.9362745098039216,0.5773869346733669,0.5501272264631043,0.5501272264631043,1.0,9.0,4.0,190.0,5.0,199.0,10.0,0.0,0.1,0.2,0.13333333333333333,0.979381443298969,0.9547738693467337,0.9669211195928753,2.0,0.024509803921568627,0.9375,5.0,80.0,0.9236180904522613,0.17760016752757224,,,,
provinces,E_M,Random Forest,Y1 Growth,2018,204,,,,,,,,,,,,,,,,,,,,,,,,,,0.0,0.8110958798973307,1.4961683037337041,0.10330422284209395
provinces,E_M,Random Forest,Y1 Growth,2019,204,,,,,,,,,,,,,,,,,,,,,,,,,,0.0,0.7845748754432958,1.1336731305903331,-0.47523743331336044
provinces,E_M,Random Forest,Y1 Growth,2020,204,,,,,,,,,,,,,,,,,,,,,,,,,,0.0,1.7619138518905868,2.995781196871048,-0.43495410133057333
provinces,E_M,Random Forest,Y1 Growth,2021,204,,,,,,,,,,,,,,,,,,,,,,,,,,0.0,0.9171267808150759,1.3735360470132083,-0.03797844878756362
provinces,E_M,Random Forest,Y1 Growth,2022,204,,,,,,,,,,,,,,,,,,,,,,,,,,0.0,0.9361944176095077,1.4432465819943996,0.2587185703529886
provinces,E_M,Random Forest,Y1 Growth,2023,204,,,,,,,,,,,,,,,,,,,,,,,,,,0.0,0.7932202336658929,0.9736116618405515,0.08033521861962145
provinces,E_M,Random Forest,Y1 Growth,2024,204,,,,,,,,,,,,,,,,,,,,,,,,,,0.0,0.46116396458716363,0.6755097603262014,0.46840095543698
provinces,E_M,Random Forest,Y1 Growth,2025,204,,,,,,,,,,,,,,,,,,,,,,,,,,0.0,0.6436749796352497,0.875178108862925,0.3229819315131415
provinces,E_M,Random Forest,Y2 Direction,2018,204,0.8382352941176471,0.6242732558139534,0.6422003720435823,0.6422003720435823,10.0,11.0,22.0,161.0,32.0,172.0,21.0,0.0,0.47619047619047616,0.3125,0.37735849056603776,0.8797814207650273,0.936046511627907,0.9070422535211268,2.0,0.1568627450980392,0.90625,12.0,448.0,0.8390261627906976,0.5452341592439778,,,,
provinces,E_M,Random Forest,Y2 Direction,2019,204,0.7401960784313726,0.5725806451612904,0.5481255485434864,0.5481255485434864,9.0,0.0,53.0,142.0,62.0,142.0,9.0,0.0,1.0,0.14516129032258066,0.2535211267605634,0.7282051282051282,1.0,0.8427299703264095,2.0,0.30392156862745096,0.947289156626506,12.0,664.0,0.9077691958200818,0.807485623761272,,,,
provinces,E_M,Random Forest,Y2 Direction,2020,204,0.8431372549019608,0.8798029556650246,0.7642640473783042,0.7642640473783042,145.0,2.0,30.0,27.0,175.0,29.0,147.0,0.0,0.9863945578231292,0.8285714285714286,0.9006211180124224,0.47368421052631576,0.9310344827586207,0.627906976744186,2.0,0.8578431372549019,0.8938547486033519,8.0,358.0,0.9308374384236453,0.9885096496074387,,,,
provinces,E_M,Random Forest,Y2 Direction,2021,204,0.9362745098039216,0.9664948453608248,0.7856969696969698,0.7856969696969698,181.0,0.0,13.0,10.0,194.0,10.0,181.0,0.0,1.0,0.9329896907216495,0.9653333333333334,0.43478260869565216,1.0,0.6060606060606061,2.0,0.9509803921568627,0.9539473684210527,7.0,152.0,0.9644329896907217,0.9981838748177003,,,,
provinces,E_M,Random Forest,Y2 Direction,2022,204,0.5588235294117647,0.569702328323018,0.5587811208305297,0.5587811208305297,58.0,31.0,59.0,56.0,117.0,87.0,89.0,0.0,0.651685393258427,0.49572649572649574,0.5631067961165048,0.48695652173913045,0.6436781609195402,0.5544554455445545,2.0,0.5735294117647058,0.8541666666666666,12.0,576.0,0.654877689360448,0.71802526237068,,,,
provinces,E_M,Random Forest,Y2 Direction,2023,204,0.5490196078431373,0.5764023210831721,0.5031240072011014,0.5031240072011014,25.0,7.0,85.0,87.0,110.0,94.0,32.0,0.0,0.78125,0.22727272727272727,0.352112676056338,0.5058139534883721,0.925531914893617,0.6541353383458647,2.0,0.5392156862745098,0.7948717948717948,12.0,546.0,0.7368471953578337,0.7769132041634494,,,,
provinces,E_M,Random Forest,Y2 Direction,2024,204,0.8578431372549019,0.8071895424836601,0.8092043732060502,0.8092043732060502,139.0,15.0,14.0,36.0,153.0,51.0,154.0,0.0,0.9025974025974026,0.9084967320261438,0.9055374592833876,0.72,0.7058823529411765,0.7128712871287128,2.0,0.75,0.8781645569620253,12.0,632.0,0.8568499295142894,0.9342593802127277,,,,
provinces,E_M,Random Forest,Y2 Direction,2025,204,0.9019607843137255,0.8528343023255813,0.8275570583262891,0.8275570583262891,159.0,7.0,13.0,25.0,172.0,32.0,166.0,0.0,0.9578313253012049,0.9244186046511628,0.9408284023668639,0.6578947368421053,0.78125,0.7142857142857143,2.0,0.8431372549019608,0.9232558139534883,12.0,430.0,0.9304142441860466,0.9853135146648739,,,,
provinces,E_M,Random Forest,Y3 Surge,2018,204,0.9656862745098039,0.6377810007251632,0.6730020609113808,0.6730020609113808,2.0,2.0,5.0,195.0,7.0,197.0,4.0,0.0,0.5,0.2857142857142857,0.36363636363636365,0.975,0.9898477157360406,0.982367758186398,2.0,0.03431372549019608,0.9910714285714286,7.0,112.0,0.9086294416243654,0.4179453223295588,,,,
provinces,E_M,Random Forest,Y3 Surge,2019,204,0.8186274509803921,0.5079365079365079,0.4755055242860121,0.4755055242860121,1.0,2.0,35.0,166.0,36.0,168.0,3.0,0.0,0.3333333333333333,0.027777777777777776,0.05128205128205128,0.8258706467661692,0.9880952380952381,0.8997289972899729,2.0,0.17647058823529413,0.8792270531400966,9.0,414.0,0.8811177248677249,0.5449441068052401,,,,
provinces,E_M,Random Forest,Y3 Surge,2020,204,0.5637254901960784,0.7029444138690149,0.5559468779807762,0.5559468779807762,71.0,2.0,87.0,44.0,158.0,46.0,73.0,0.0,0.9726027397260274,0.44936708860759494,0.6147186147186147,0.33587786259541985,0.9565217391304348,0.4971751412429379,2.0,0.7745098039215687,0.8458333333333333,10.0,480.0,0.8654375343973583,0.9478435067019609,,,,
provinces,E_M,Random Forest,Y3 Surge,2021,204,0.4803921568627451,0.5677083333333333,0.380259085177118,0.380259085177118,90.0,4.0,102.0,8.0,192.0,12.0,94.0,0.0,0.9574468085106383,0.46875,0.6293706293706294,0.07272727272727272,0.6666666666666666,0.13114754098360656,2.0,0.9411764705882353,0.6521739130434783,9.0,184.0,0.6345486111111112,0.9696011565711815,,,,
provinces,E_M,Random Forest,Y3 Surge,2022,204,0.6274509803921569,0.6126029359112066,0.5895372233400402,0.5895372233400402,33.0,52.0,24.0,95.0,57.0,147.0,85.0,0.0,0.38823529411764707,0.5789473684210527,0.4647887323943662,0.7983193277310925,0.6462585034013606,0.7142857142857143,2.0,0.27941176470588236,0.8799212598425197,8.0,508.0,0.6879102518200262,0.4072073998655992,,,,
provinces,E_M,Random Forest,Y3 Surge,2023,204,0.9313725490196079,0.4947916666666667,0.48223350253807107,0.48223350253807107,0.0,2.0,12.0,190.0,12.0,192.0,2.0,0.0,0.0,0.0,0.0,0.9405940594059405,0.9895833333333334,0.9644670050761421,2.0,0.058823529411764705,0.75,7.0,182.0,0.7421874999999999,0.25405575855844675,,,,
provinces,E_M,Random Forest,Y3 Surge,2024,204,0.8529411764705882,0.679144385026738,0.632476579389863,0.632476579389863,8.0,21.0,9.0,166.0,17.0,187.0,29.0,0.0,0.27586206896551724,0.47058823529411764,0.34782608695652173,0.9485714285714286,0.8877005347593583,0.9171270718232044,2.0,0.08333333333333333,0.8538461538461538,11.0,260.0,0.8678829820698333,0.2545577637792322,,,,
provinces,E_M,Random Forest,Y3 Surge,2025,204,0.7941176470588235,0.6343871048356866,0.6533419647192102,0.6533419647192102,16.0,5.0,37.0,146.0,53.0,151.0,21.0,0.0,0.7619047619047619,0.3018867924528302,0.43243243243243246,0.7978142076502732,0.9668874172185431,0.874251497005988,2.0,0.25980392156862747,0.9059139784946236,12.0,558.0,0.8616768711733099,0.6985473507833062,,,,
provinces,E_M,Random Forest,Y4 Drop,2018,204,0.7156862745098039,0.7204301075268817,0.7156589445352302,0.7156589445352302,72.0,37.0,21.0,74.0,93.0,111.0,109.0,0.0,0.6605504587155964,0.7741935483870968,0.7128712871287128,0.7789473684210526,0.6666666666666666,0.7184466019417476,2.0,0.45588235294117646,0.8435294117647059,12.0,850.0,0.8333817688656397,0.8478586750273622,,,,
provinces,E_M,Random Forest,Y4 Drop,2019,204,0.7598039215686274,0.8193802324128452,0.7409758752040632,0.7409758752040632,50.0,46.0,3.0,105.0,53.0,151.0,96.0,0.0,0.5208333333333334,0.9433962264150944,0.6711409395973155,0.9722222222222222,0.695364238410596,0.8108108108108109,2.0,0.25980392156862747,0.859375,12.0,576.0,0.850930900912158,0.5666135278440628,,,,
provinces,E_M,Random Forest,Y4 Drop,2020,204,0.9509803921568627,0.9509803921568627,0.48743718592964824,0.48743718592964824,0.0,10.0,0.0,194.0,0.0,204.0,10.0,0.0,0.0,,0.0,1.0,0.9509803921568627,0.9748743718592965,1.0,0.0,,0.0,0.0,,,,,,
provinces,E_M,Random Forest,Y4 Drop,2021,204,0.9803921568627451,0.6,0.6616915422885572,0.6616915422885572,1.0,0.0,4.0,199.0,5.0,199.0,1.0,0.0,1.0,0.2,0.3333333333333333,0.9802955665024631,1.0,0.9900497512437811,2.0,0.024509803921568627,1.0,5.0,80.0,0.9909547738693467,0.7087301587301587,,,,
provinces,E_M,Random Forest,Y4 Drop,2022,204,0.8088235294117647,0.6448148148148147,0.6674886111923768,0.6674886111923768,16.0,1.0,38.0,149.0,54.0,150.0,17.0,0.0,0.9411764705882353,0.2962962962962963,0.4507042253521127,0.7967914438502673,0.9933333333333333,0.884272997032641,2.0,0.2647058823529412,0.6867924528301886,12.0,530.0,0.8174074074074074,0.7234082181098787,,,,
provinces,E_M,Random Forest,Y4 Drop,2023,204,0.6764705882352942,0.6866806926687166,0.6065458796025716,0.6065458796025716,26.0,55.0,11.0,112.0,37.0,167.0,81.0,0.0,0.32098765432098764,0.7027027027027027,0.4406779661016949,0.9105691056910569,0.6706586826347305,0.7724137931034483,2.0,0.18137254901960784,0.7079207920792079,12.0,404.0,0.7318336300372229,0.28414346776524446,,,,
provinces,E_M,Random Forest,Y4 Drop,2024,204,0.9607843137254902,0.8929521276595744,0.8716577540106951,0.8716577540106951,13.0,5.0,3.0,183.0,16.0,188.0,18.0,0.0,0.7222222222222222,0.8125,0.7647058823529411,0.9838709677419355,0.973404255319149,0.9786096256684492,2.0,0.0784313725490196,0.9793388429752066,9.0,242.0,0.9803856382978723,0.8561306708885034,,,,
provinces,E_M,Random Forest,Y4 Drop,2025,204,0.9166666666666666,0.6648241206030151,0.5732742709486895,0.5732742709486895,2.0,14.0,3.0,185.0,5.0,199.0,16.0,0.0,0.125,0.4,0.19047619047619047,0.9840425531914894,0.9296482412060302,0.9560723514211886,2.0,0.024509803921568627,0.925,5.0,80.0,0.9296482412060302,0.1763408521303258,,,,
provinces,E_M,XGBoost,Y1 Growth,2018,204,,,,,,,,,,,,,,,,,,,,,,,,,,0.0,0.7367345661556635,1.3275328612437314,0.29404863055654185
provinces,E_M,XGBoost,Y1 Growth,2019,204,,,,,,,,,,,,,,,,,,,,,,,,,,0.0,0.6692784398209219,0.9460495696802639,-0.027339536355822425
provinces,E_M,XGBoost,Y1 Growth,2020,204,,,,,,,,,,,,,,,,,,,,,,,,,,0.0,1.8637469638439765,3.033221224754673,-0.4710451457892737
provinces,E_M,XGBoost,Y1 Growth,2021,204,,,,,,,,,,,,,,,,,,,,,,,,,,0.0,1.0875789667195253,1.6338456234707375,-0.4686903850318642
provinces,E_M,XGBoost,Y1 Growth,2022,204,,,,,,,,,,,,,,,,,,,,,,,,,,0.0,0.926811941358945,1.3727682504723027,0.32934912185413157
provinces,E_M,XGBoost,Y1 Growth,2023,204,,,,,,,,,,,,,,,,,,,,,,,,,,0.0,0.7067904122997691,0.9038521963209285,0.20740221114706614
provinces,E_M,XGBoost,Y1 Growth,2024,204,,,,,,,,,,,,,,,,,,,,,,,,,,0.0,0.46179875457775915,0.7040348064648756,0.42255690037406524
provinces,E_M,XGBoost,Y1 Growth,2025,204,,,,,,,,,,,,,,,,,,,,,,,,,,0.0,0.6077602097008219,0.8230610320738125,0.401214260998893
provinces,E_M,XGBoost,Y2 Direction,2018,204,0.8431372549019608,0.6017441860465116,0.6222222222222222,0.6222222222222222,8.0,8.0,24.0,164.0,32.0,172.0,16.0,0.0,0.5,0.25,0.3333333333333333,0.8723404255319149,0.9534883720930233,0.9111111111111111,2.0,0.1568627450980392,0.9174107142857143,12.0,448.0,0.8562863372093024,0.5654317546051021,,,,
provinces,E_M,XGBoost,Y2 Direction,2019,204,0.7794117647058824,0.650726942298955,0.6656346749226005,0.6656346749226005,20.0,3.0,42.0,139.0,62.0,142.0,23.0,0.0,0.8695652173913043,0.3225806451612903,0.47058823529411764,0.7679558011049724,0.9788732394366197,0.8606811145510835,2.0,0.30392156862745096,0.9397590361445783,12.0,664.0,0.9062925942753294,0.8207817148774611,,,,
provinces,E_M,XGBoost,Y2 Direction,2020,204,0.8480392156862745,0.7675862068965518,0.729639604976273,0.729639604976273,154.0,10.0,21.0,19.0,175.0,29.0,164.0,0.0,0.9390243902439024,0.88,0.9085545722713865,0.475,0.6551724137931034,0.5507246376811594,2.0,0.8578431372549019,0.8491620111731844,8.0,358.0,0.8910344827586207,0.9802174708855484,,,,
provinces,E_M,XGBoost,Y2 Direction,2021,204,0.946078431372549,0.9716494845360825,0.8079917857448446,0.8079917857448446,183.0,0.0,11.0,10.0,194.0,10.0,183.0,0.0,1.0,0.9432989690721649,0.9708222811671088,0.47619047619047616,1.0,0.6451612903225806,2.0,0.9509803921568627,0.993421052631579,7.0,152.0,0.9943298969072165,0.9997069316800152,,,,
provinces,E_M,XGBoost,Y2 Direction,2022,204,0.6421568627450981,0.6556145004420866,0.6421482638471705,0.6421482638471705,66.0,22.0,51.0,65.0,117.0,87.0,88.0,0.0,0.75,0.5641025641025641,0.6439024390243903,0.5603448275862069,0.7471264367816092,0.6403940886699507,2.0,0.5735294117647058,0.8923611111111112,12.0,576.0,0.7734551527654976,0.8043808265844707,,,,
provinces,E_M,XGBoost,Y2 Direction,2023,204,0.7058823529411765,0.7234042553191489,0.6974789915966386,0.6974789915966386,55.0,5.0,55.0,89.0,110.0,94.0,60.0,0.0,0.9166666666666666,0.5,0.6470588235294118,0.6180555555555556,0.9468085106382979,0.7478991596638656,2.0,0.5392156862745098,0.8424908424908425,12.0,546.0,0.8752417794970986,0.8661822716864347,,,,
provinces,E_M,XGBoost,Y2 Direction,2024,204,0.7843137254901961,0.7254901960784313,0.719605148069474,0.719605148069474,129.0,20.0,24.0,31.0,153.0,51.0,149.0,0.0,0.8657718120805369,0.8431372549019608,0.8543046357615894,0.5636363636363636,0.6078431372549019,0.5849056603773585,2.0,0.75,0.8528481012658228,12.0,632.0,0.8355760604895552,0.918921227856471,,,,
provinces,E_M,XGBoost,Y2 Direction,2025,204,0.9019607843137255,0.8401162790697674,0.8235294117647058,0.8235294117647058,160.0,8.0,12.0,24.0,172.0,32.0,168.0,0.0,0.9523809523809523,0.9302325581395349,0.9411764705882353,0.6666666666666666,0.75,0.7058823529411765,2.0,0.8431372549019608,0.9116279069767442,12.0,430.0,0.9184229651162791,0.9819559092059638,,,,
provinces,E_M,XGBoost,Y3 Surge,2018,204,0.9754901960784313,0.6428571428571428,0.7159565580618212,0.7159565580618212,2.0,0.0,5.0,197.0,7.0,197.0,2.0,0.0,1.0,0.2857142857142857,0.4444444444444444,0.9752475247524752,1.0,0.9874686716791979,2.0,0.03431372549019608,0.9285714285714286,7.0,112.0,0.9195068890500363,0.46517807122849136,,,,
provinces,E_M,XGBoost,Y3 Surge,2019,204,0.8382352941176471,0.5525793650793651,0.552601847544361,0.552601847544361,4.0,1.0,32.0,167.0,36.0,168.0,5.0,0.0,0.8,0.1111111111111111,0.1951219512195122,0.8391959798994975,0.9940476190476191,0.9100817438692098,2.0,0.17647058823529413,0.8043478260869565,9.0,414.0,0.7966269841269842,0.5394690673066528,,,,
provinces,E_M,XGBoost,Y3 Surge,2020,204,0.7009803921568627,0.7915520088057237,0.6775413956622011,0.6775413956622011,99.0,2.0,59.0,44.0,158.0,46.0,101.0,0.0,0.9801980198019802,0.6265822784810127,0.7644787644787645,0.42718446601941745,0.9565217391304348,0.5906040268456376,2.0,0.7745098039215687,0.8645833333333334,10.0,480.0,0.9020363236103467,0.9675720630890055,,,,
provinces,E_M,XGBoost,Y3 Surge,2021,204,0.5490196078431373,0.7604166666666667,0.44591402928672647,0.44591402928672647,100.0,0.0,92.0,12.0,192.0,12.0,100.0,0.0,1.0,0.5208333333333334,0.684931506849315,0.11538461538461539,1.0,0.20689655172413793,2.0,0.9411764705882353,0.9021739130434783,9.0,184.0,0.8723958333333334,0.990453930627106,,,,
provinces,E_M,XGBoost,Y3 Surge,2022,204,0.6078431372549019,0.47547440028643034,0.4701298701298702,0.4701298701298702,10.0,33.0,47.0,114.0,57.0,147.0,43.0,0.0,0.23255813953488372,0.17543859649122806,0.2,0.7080745341614907,0.7755102040816326,0.7402597402597403,2.0,0.27941176470588236,0.8267716535433071,8.0,508.0,0.6622508652583841,0.3947646737564481,,,,
provinces,E_M,XGBoost,Y3 Surge,2023,204,0.9264705882352942,0.4921875,0.48091603053435117,0.48091603053435117,0.0,3.0,12.0,189.0,12.0,192.0,3.0,0.0,0.0,0.0,0.0,0.9402985074626866,0.984375,0.9618320610687023,2.0,0.058823529411764705,0.8791208791208791,7.0,182.0,0.877170138888889,0.2687501768384121,,,,
provinces,E_M,XGBoost,Y3 Surge,2024,204,0.8725490196078431,0.7433155080213905,0.6814797021378813,0.6814797021378813,10.0,19.0,7.0,168.0,17.0,187.0,29.0,0.0,0.3448275862068966,0.5882352941176471,0.43478260869565216,0.96,0.8983957219251337,0.9281767955801105,2.0,0.08333333333333333,0.8692307692307693,11.0,260.0,0.8798364265492293,0.29294843702875023,,,,
provinces,E_M,XGBoost,Y3 Surge,2025,204,0.8382352941176471,0.7131700612270399,0.745837580699966,0.745837580699966,24.0,4.0,29.0,147.0,53.0,151.0,28.0,0.0,0.8571428571428571,0.4528301886792453,0.5925925925925926,0.8352272727272727,0.9735099337748344,0.8990825688073395,2.0,0.25980392156862747,0.9265232974910395,12.0,558.0,0.8954142196676247,0.7726083558658755,,,,
provinces,E_M,XGBoost,Y4 Drop,2018,204,0.7598039215686274,0.7600988084859053,0.7588245228846479,0.7588245228846479,71.0,27.0,22.0,84.0,93.0,111.0,98.0,0.0,0.7244897959183674,0.7634408602150538,0.743455497382199,0.7924528301886793,0.7567567567567568,0.7741935483870968,2.0,0.45588235294117646,0.8729411764705882,12.0,850.0,0.8590526009880848,0.8466033467770039,,,,
provinces,E_M,XGBoost,Y4 Drop,2019,204,0.75,0.7943896038985381,0.7271797561295398,0.7271797561295398,47.0,45.0,6.0,106.0,53.0,151.0,92.0,0.0,0.5108695652173914,0.8867924528301887,0.6482758620689655,0.9464285714285714,0.7019867549668874,0.8060836501901141,2.0,0.25980392156862747,0.8836805555555556,12.0,576.0,0.8648006997375984,0.58849916190466,,,,
provinces,E_M,XGBoost,Y4 Drop,2020,204,0.9852941176470589,0.9852941176470589,0.4962962962962963,0.4962962962962963,0.0,3.0,0.0,201.0,0.0,204.0,3.0,0.0,0.0,,0.0,1.0,0.9852941176470589,0.9925925925925926,1.0,0.0,,0.0,0.0,,,,,,
provinces,E_M,XGBoost,Y4 Drop,2021,204,0.9803921568627451,0.6,0.6616915422885572,0.6616915422885572,1.0,0.0,4.0,199.0,5.0,199.0,1.0,0.0,1.0,0.2,0.3333333333333333,0.9802955665024631,1.0,0.9900497512437811,2.0,0.024509803921568627,1.0,5.0,80.0,0.9798994974874372,0.5293040293040293,,,,
provinces,E_M,XGBoost,Y4 Drop,2022,204,0.7352941176470589,0.6718518518518519,0.6677123552123552,0.6677123552123552,29.0,29.0,25.0,121.0,54.0,150.0,58.0,0.0,0.5,0.5370370370370371,0.5178571428571429,0.8287671232876712,0.8066666666666666,0.8175675675675675,2.0,0.2647058823529412,0.6716981132075471,12.0,530.0,0.8300617283950618,0.6905729928747113,,,,
provinces,E_M,XGBoost,Y4 Drop,2023,204,0.6813725490196079,0.7633112154070238,0.6345798770909692,0.6345798770909692,33.0,61.0,4.0,106.0,37.0,167.0,94.0,0.0,0.35106382978723405,0.8918918918918919,0.5038167938931297,0.9636363636363636,0.6347305389221557,0.7653429602888087,2.0,0.18137254901960784,0.7326732673267327,12.0,404.0,0.806279333225441,0.39673369464037117,,,,
provinces,E_M,XGBoost,Y4 Drop,2024,204,0.9656862745098039,0.8956117021276595,0.8846060606060606,0.8846060606060606,13.0,4.0,3.0,184.0,16.0,188.0,17.0,0.0,0.7647058823529411,0.8125,0.7878787878787878,0.983957219251337,0.9787234042553191,0.9813333333333333,2.0,0.0784313725490196,0.9958677685950413,9.0,242.0,0.991688829787234,0.9055046756097958,,,,
provinces,E_M,XGBoost,Y4 Drop,2025,204,0.9411764705882353,0.5798994974874372,0.5562001450326324,0.5562001450326324,1.0,8.0,4.0,191.0,5.0,199.0,9.0,0.0,0.1111111111111111,0.2,0.14285714285714285,0.9794871794871794,0.9597989949748744,0.9695431472081218,2.0,0.024509803921568627,0.9375,5.0,80.0,0.949748743718593,0.21739495798319328,,,,
provinces,Regression_sign,Extra Trees,Y2 Direction,2018,204,0.8676470588235294,0.590843023255814,0.6172607879924954,0.6172607879924954,6.0,1.0,26.0,171.0,32.0,172.0,7.0,0.0,0.8571428571428571,0.1875,0.3076923076923077,0.868020304568528,0.9941860465116279,0.926829268292683,2.0,0.1568627450980392,,0.0,0.0,,,,,,
provinces,Regression_sign,Extra Trees,Y2 Direction,2019,204,0.7009803921568627,0.5080645161290323,0.42746721877156657,0.42746721877156657,1.0,0.0,61.0,142.0,62.0,142.0,1.0,0.0,1.0,0.016129032258064516,0.031746031746031744,0.6995073891625616,1.0,0.8231884057971014,2.0,0.30392156862745096,,0.0,0.0,,,,,,
provinces,Regression_sign,Extra Trees,Y2 Direction,2020,204,0.7009803921568627,0.7969458128078817,0.6306870455557204,0.6306870455557204,116.0,2.0,59.0,27.0,175.0,29.0,118.0,0.0,0.9830508474576272,0.6628571428571428,0.7918088737201365,0.313953488372093,0.9310344827586207,0.46956521739130436,2.0,0.8578431372549019,,0.0,0.0,,,,,,
provinces,Regression_sign,Extra Trees,Y2 Direction,2021,204,0.9509803921568627,0.5,0.48743718592964824,0.48743718592964824,194.0,10.0,0.0,0.0,194.0,10.0,204.0,0.0,0.9509803921568627,1.0,0.9748743718592965,,0.0,0.0,2.0,0.9509803921568627,,0.0,0.0,,,,,,
provinces,Regression_sign,Extra Trees,Y2 Direction,2022,204,0.7107843137254902,0.6609195402298851,0.6427956670129099,0.6427956670129099,117.0,59.0,0.0,28.0,117.0,87.0,176.0,0.0,0.6647727272727273,1.0,0.7986348122866894,1.0,0.3218390804597701,0.48695652173913045,2.0,0.5735294117647058,,0.0,0.0,,,,,,
provinces,Regression_sign,Extra Trees,Y2 Direction,2023,204,0.6225490196078431,0.645357833655706,0.5994389901823282,0.5994389901823282,39.0,6.0,71.0,88.0,110.0,94.0,45.0,0.0,0.8666666666666667,0.35454545454545455,0.5032258064516129,0.5534591194968553,0.9361702127659575,0.6956521739130435,2.0,0.5392156862745098,,0.0,0.0,,,,,,
provinces,Regression_sign,Extra Trees,Y2 Direction,2024,204,0.8382352941176471,0.7352941176470589,0.7589429584273284,0.7589429584273284,144.0,24.0,9.0,27.0,153.0,51.0,168.0,0.0,0.8571428571428571,0.9411764705882353,0.897196261682243,0.75,0.5294117647058824,0.6206896551724138,2.0,0.75,,0.0,0.0,,,,,,
provinces,Regression_sign,Extra Trees,Y2 Direction,2025,204,0.9019607843137255,0.7765261627906976,0.7990147783251231,0.7990147783251231,165.0,13.0,7.0,19.0,172.0,32.0,178.0,0.0,0.9269662921348315,0.9593023255813954,0.9428571428571428,0.7307692307692307,0.59375,0.6551724137931034,2.0,0.8431372549019608,,0.0,0.0,,,,,,
provinces,Regression_sign,Linear,Y2 Direction,2018,204,0.803921568627451,0.7438226744186047,0.694747867724076,0.694747867724076,21.0,29.0,11.0,143.0,32.0,172.0,50.0,0.0,0.42,0.65625,0.5121951219512195,0.9285714285714286,0.8313953488372093,0.8773006134969326,2.0,0.1568627450980392,,0.0,0.0,,,,,,
provinces,Regression_sign,Linear,Y2 Direction,2019,204,0.7990196078431373,0.719332121762835,0.7371051390853371,0.7371051390853371,32.0,11.0,30.0,131.0,62.0,142.0,43.0,0.0,0.7441860465116279,0.5161290322580645,0.6095238095238096,0.8136645962732919,0.9225352112676056,0.8646864686468647,2.0,0.30392156862745096,,0.0,0.0,,,,,,
provinces,Regression_sign,Linear,Y2 Direction,2020,204,0.7696078431372549,0.6787192118226602,0.6311030741410488,0.6311030741410488,141.0,13.0,34.0,16.0,175.0,29.0,154.0,0.0,0.9155844155844156,0.8057142857142857,0.8571428571428571,0.32,0.5517241379310345,0.4050632911392405,2.0,0.8578431372549019,,0.0,0.0,,,,,,
provinces,Regression_sign,Linear,Y2 Direction,2021,204,0.946078431372549,0.49742268041237114,0.48614609571788414,0.48614609571788414,193.0,10.0,1.0,0.0,194.0,10.0,203.0,0.0,0.9507389162561576,0.9948453608247423,0.9722921914357683,0.0,0.0,0.0,2.0,0.9509803921568627,,0.0,0.0,,,,,,
provinces,Regression_sign,Linear,Y2 Direction,2022,204,0.8235294117647058,0.8122605363984674,0.8164734106357456,0.8164734106357456,104.0,23.0,13.0,64.0,117.0,87.0,127.0,0.0,0.8188976377952756,0.8888888888888888,0.8524590163934426,0.8311688311688312,0.735632183908046,0.7804878048780488,2.0,0.5735294117647058,,0.0,0.0,,,,,,
provinces,Regression_sign,Linear,Y2 Direction,2023,204,0.5784313725490197,0.6052224371373307,0.538510101010101,0.538510101010101,29.0,5.0,81.0,89.0,110.0,94.0,34.0,0.0,0.8529411764705882,0.2636363636363636,0.4027777777777778,0.5235294117647059,0.9468085106382979,0.6742424242424242,2.0,0.5392156862745098,,0.0,0.0,,,,,,
provinces,Regression_sign,Linear,Y2 Direction,2024,204,0.7647058823529411,0.6405228758169934,0.6522727272727272,0.6522727272727272,136.0,31.0,17.0,20.0,153.0,51.0,167.0,0.0,0.8143712574850299,0.8888888888888888,0.85,0.5405405405405406,0.39215686274509803,0.45454545454545453,2.0,0.75,,0.0,0.0,,,,,,
provinces,Regression_sign,Linear,Y2 Direction,2025,204,0.7009803921568627,0.5683139534883721,0.5467492260061919,0.5467492260061919,131.0,20.0,41.0,12.0,172.0,32.0,151.0,0.0,0.8675496688741722,0.7616279069767442,0.8111455108359134,0.22641509433962265,0.375,0.2823529411764706,2.0,0.8431372549019608,,0.0,0.0,,,,,,
provinces,Regression_sign,Random Forest,Y2 Direction,2018,204,0.8578431372549019,0.5723110465116279,0.5889097352511987,0.5889097352511987,5.0,2.0,27.0,170.0,32.0,172.0,7.0,0.0,0.7142857142857143,0.15625,0.2564102564102564,0.8629441624365483,0.9883720930232558,0.9214092140921409,2.0,0.1568627450980392,,0.0,0.0,,,,,,
provinces,Regression_sign,Random Forest,Y2 Direction,2019,204,0.7156862745098039,0.532258064516129,0.4758107389686337,0.4758107389686337,4.0,0.0,58.0,142.0,62.0,142.0,4.0,0.0,1.0,0.06451612903225806,0.12121212121212122,0.71,1.0,0.8304093567251462,2.0,0.30392156862745096,,0.0,0.0,,,,,,
provinces,Regression_sign,Random Forest,Y2 Direction,2020,204,0.5441176470588235,0.6911330049261084,0.5025042611773961,0.5025042611773961,85.0,3.0,90.0,26.0,175.0,29.0,88.0,0.0,0.9659090909090909,0.4857142857142857,0.6463878326996197,0.22413793103448276,0.896551724137931,0.3586206896551724,2.0,0.8578431372549019,,0.0,0.0,,,,,,
provinces,Regression_sign,Random Forest,Y2 Direction,2021,204,0.9509803921568627,0.5,0.48743718592964824,0.48743718592964824,194.0,10.0,0.0,0.0,194.0,10.0,204.0,0.0,0.9509803921568627,1.0,0.9748743718592965,,0.0,0.0,2.0,0.9509803921568627,,0.0,0.0,,,,,,
provinces,Regression_sign,Random Forest,Y2 Direction,2022,204,0.8235294117647058,0.8048924255820807,0.8122507413845996,0.8122507413845996,109.0,28.0,8.0,59.0,117.0,87.0,137.0,0.0,0.7956204379562044,0.9316239316239316,0.8582677165354331,0.8805970149253731,0.6781609195402298,0.7662337662337663,2.0,0.5735294117647058,,0.0,0.0,,,,,,
provinces,Regression_sign,Random Forest,Y2 Direction,2023,204,0.6176470588235294,0.643907156673114,0.584021750496706,0.584021750496706,34.0,2.0,76.0,92.0,110.0,94.0,36.0,0.0,0.9444444444444444,0.3090909090909091,0.4657534246575342,0.5476190476190477,0.9787234042553191,0.7022900763358778,2.0,0.5392156862745098,,0.0,0.0,,,,,,
provinces,Regression_sign,Random Forest,Y2 Direction,2024,204,0.7941176470588235,0.7581699346405228,0.7415540540540541,0.7415540540540541,127.0,16.0,26.0,35.0,153.0,51.0,143.0,0.0,0.8881118881118881,0.8300653594771242,0.8581081081081081,0.5737704918032787,0.6862745098039216,0.625,2.0,0.75,,0.0,0.0,,,,,,
provinces,Regression_sign,Random Forest,Y2 Direction,2025,204,0.9019607843137255,0.8273982558139534,0.8192450824029771,0.8192450824029771,161.0,9.0,11.0,23.0,172.0,32.0,170.0,0.0,0.9470588235294117,0.936046511627907,0.9415204678362573,0.6764705882352942,0.71875,0.696969696969697,2.0,0.8431372549019608,,0.0,0.0,,,,,,
provinces,Regression_sign,XGBoost,Y2 Direction,2018,204,0.8725490196078431,0.6191860465116279,0.6549570647931304,0.6549570647931304,8.0,2.0,24.0,170.0,32.0,172.0,10.0,0.0,0.8,0.25,0.38095238095238093,0.8762886597938144,0.9883720930232558,0.9289617486338798,2.0,0.1568627450980392,,0.0,0.0,,,,,,
provinces,Regression_sign,XGBoost,Y2 Direction,2019,204,0.7303921568627451,0.5746251703771014,0.559775571860164,0.559775571860164,11.0,4.0,51.0,138.0,62.0,142.0,15.0,0.0,0.7333333333333333,0.1774193548387097,0.2857142857142857,0.7301587301587301,0.971830985915493,0.8338368580060423,2.0,0.30392156862745096,,0.0,0.0,,,,,,
provinces,Regression_sign,XGBoost,Y2 Direction,2020,204,0.6078431372549019,0.6995073891625616,0.5446428571428572,0.5446428571428572,100.0,5.0,75.0,24.0,175.0,29.0,105.0,0.0,0.9523809523809523,0.5714285714285714,0.7142857142857143,0.24242424242424243,0.8275862068965517,0.375,2.0,0.8578431372549019,,0.0,0.0,,,,,,
provinces,Regression_sign,XGBoost,Y2 Direction,2021,204,0.946078431372549,0.5922680412371134,0.6193384223918575,0.6193384223918575,191.0,8.0,3.0,2.0,194.0,10.0,199.0,0.0,0.9597989949748744,0.9845360824742269,0.9720101781170484,0.4,0.2,0.26666666666666666,2.0,0.9509803921568627,,0.0,0.0,,,,,,
provinces,Regression_sign,XGBoost,Y2 Direction,2022,204,0.7696078431372549,0.7637783672266432,0.7641618497109827,0.7641618497109827,94.0,24.0,23.0,63.0,117.0,87.0,118.0,0.0,0.7966101694915254,0.8034188034188035,0.8,0.7325581395348837,0.7241379310344828,0.7283236994219653,2.0,0.5735294117647058,,0.0,0.0,,,,,,
provinces,Regression_sign,XGBoost,Y2 Direction,2023,204,0.7254901960784313,0.7431334622823984,0.7176470588235293,0.7176470588235293,57.0,3.0,53.0,91.0,110.0,94.0,60.0,0.0,0.95,0.5181818181818182,0.6705882352941176,0.6319444444444444,0.9680851063829787,0.7647058823529411,2.0,0.5392156862745098,,0.0,0.0,,,,,,
provinces,Regression_sign,XGBoost,Y2 Direction,2024,204,0.7843137254901961,0.7516339869281046,0.73218761188686,0.73218761188686,125.0,16.0,28.0,35.0,153.0,51.0,141.0,0.0,0.8865248226950354,0.8169934640522876,0.8503401360544217,0.5555555555555556,0.6862745098039216,0.6140350877192983,2.0,0.75,,0.0,0.0,,,,,,
provinces,Regression_sign,XGBoost,Y2 Direction,2025,204,0.8921568627450981,0.8088662790697674,0.8011695906432748,0.8011695906432748,160.0,10.0,12.0,22.0,172.0,32.0,170.0,0.0,0.9411764705882353,0.9302325581395349,0.935672514619883,0.6470588235294118,0.6875,0.6666666666666666,2.0,0.8431372549019608,,0.0,0.0,,,,,,
seoul,Benchmark,Always down,Y2 Direction,2018,300,0.6166666666666667,0.5,0.38144329896907214,0.38144329896907214,0.0,0.0,115.0,185.0,115.0,185.0,0.0,0.0,,0.0,0.0,0.6166666666666667,1.0,0.7628865979381443,2.0,0.38333333333333336,0.5,12.0,1444.0,0.7097532314923619,0.5311304347826087,,,,
seoul,Benchmark,Always down,Y2 Direction,2019,300,0.38333333333333336,0.5,0.27710843373493976,0.27710843373493976,0.0,0.0,185.0,115.0,185.0,115.0,0.0,0.0,,0.0,0.0,0.38333333333333336,1.0,0.5542168674698795,2.0,0.6166666666666667,0.5,12.0,750.0,0.11750881316098707,0.4978738738738739,,,,
seoul,Benchmark,Always down,Y2 Direction,2020,300,0.02,0.5,0.0196078431372549,0.0196078431372549,0.0,0.0,294.0,6.0,294.0,6.0,0.0,0.0,,0.0,0.0,0.02,1.0,0.0392156862745098,2.0,0.98,0.5,3.0,136.0,0.8826530612244898,0.9953061224489796,,,,
seoul,Benchmark,Always down,Y2 Direction,2021,300,0.0,0.0,0.0,0.0,0.0,0.0,300.0,0.0,300.0,0.0,0.0,0.0,,0.0,0.0,0.0,,0.0,1.0,1.0,,0.0,0.0,,,,,,
seoul,Benchmark,Always down,Y2 Direction,2022,300,0.41333333333333333,0.5,0.29245283018867924,0.29245283018867924,0.0,0.0,176.0,124.0,176.0,124.0,0.0,0.0,,0.0,0.0,0.41333333333333333,1.0,0.5849056603773585,2.0,0.5866666666666667,0.5,6.0,482.0,0.053244134897360684,0.46424242424242423,,,,
seoul,Benchmark,Always down,Y2 Direction,2023,300,0.2966666666666667,0.5,0.22879177377892032,0.22879177377892032,0.0,0.0,211.0,89.0,211.0,89.0,0.0,0.0,,0.0,0.0,0.2966666666666667,1.0,0.45758354755784064,2.0,0.7033333333333334,0.5,8.0,340.0,0.05069492518238459,0.5840758293838864,,,,
seoul,Benchmark,Always down,Y2 Direction,2024,300,0.0033333333333333335,0.5,0.0033222591362126247,0.0033222591362126247,0.0,0.0,299.0,1.0,299.0,1.0,0.0,0.0,,0.0,0.0,0.0033333333333333335,1.0,0.006644518272425249,2.0,0.9966666666666667,0.5,1.0,24.0,0.8762541806020068,0.9991750278706801,,,,
seoul,Benchmark,Always down,Y2 Direction,2025,300,0.0,0.0,0.0,0.0,0.0,0.0,300.0,0.0,300.0,0.0,0.0,0.0,,0.0,0.0,0.0,,0.0,1.0,1.0,,0.0,0.0,,,,,,
seoul,Benchmark,Always event,Y3 Surge,2018,300,0.15,0.5,0.13043478260869565,0.13043478260869565,45.0,255.0,0.0,0.0,45.0,255.0,300.0,0.0,0.15,1.0,0.2608695652173913,,0.0,0.0,2.0,0.15,0.5,9.0,832.0,0.7450980392156863,0.269037037037037,,,,
seoul,Benchmark,Always event,Y3 Surge,2019,300,0.25666666666666665,0.5,0.20424403183023873,0.20424403183023873,77.0,223.0,0.0,0.0,77.0,223.0,300.0,0.0,0.25666666666666665,1.0,0.40848806366047746,,0.0,0.0,2.0,0.25666666666666665,0.5,8.0,1010.0,0.21390716906411975,0.20847041847041844,,,,
seoul,Benchmark,Always event,Y3 Surge,2020,300,0.78,0.5,0.43820224719101125,0.43820224719101125,234.0,66.0,0.0,0.0,234.0,66.0,300.0,0.0,0.78,1.0,0.8764044943820225,,0.0,0.0,2.0,0.78,0.5,6.0,768.0,0.8836441336441336,0.9518423551756885,,,,
seoul,Benchmark,Always event,Y3 Surge,2021,300,0.8633333333333333,0.5,0.46332737030411447,0.46332737030411447,259.0,41.0,0.0,0.0,259.0,41.0,300.0,0.0,0.8633333333333333,1.0,0.9266547406082289,,0.0,0.0,2.0,0.8633333333333333,0.5,12.0,812.0,0.5459082776155947,0.8659202059202059,,,,
seoul,Benchmark,Always event,Y3 Surge,2022,300,0.14666666666666667,0.5,0.12790697674418605,0.12790697674418605,44.0,256.0,0.0,0.0,44.0,256.0,300.0,0.0,0.14666666666666667,1.0,0.2558139534883721,,0.0,0.0,2.0,0.14666666666666667,0.5,9.0,860.0,0.3335404829545454,0.12257575757575759,,,,
seoul,Benchmark,Always event,Y3 Surge,2023,300,0.28,0.5,0.21875,0.21875,84.0,216.0,0.0,0.0,84.0,216.0,300.0,0.0,0.28,1.0,0.4375,,0.0,0.0,2.0,0.28,0.5,8.0,1108.0,0.20238095238095238,0.2190740740740741,,,,
seoul,Benchmark,Always event,Y3 Surge,2024,300,0.7533333333333333,0.5,0.4296577946768061,0.4296577946768061,226.0,74.0,0.0,0.0,226.0,74.0,300.0,0.0,0.7533333333333333,1.0,0.8593155893536122,,0.0,0.0,2.0,0.7533333333333333,0.5,12.0,1084.0,0.2847404927050945,0.6657128810226155,,,,
seoul,Benchmark,Always event,Y3 Surge,2025,300,0.7933333333333333,0.5,0.4423791821561338,0.4423791821561338,238.0,62.0,0.0,0.0,238.0,62.0,300.0,0.0,0.7933333333333333,1.0,0.8847583643122676,,0.0,0.0,2.0,0.7933333333333333,0.5,9.0,850.0,0.8456221198156683,0.9397759103641457,,,,
seoul,Benchmark,Always event,Y4 Drop,2018,300,0.38666666666666666,0.5,0.27884615384615385,0.27884615384615385,116.0,184.0,0.0,0.0,116.0,184.0,300.0,0.0,0.38666666666666666,1.0,0.5576923076923077,,0.0,0.0,2.0,0.38666666666666666,0.5,12.0,1304.0,0.696776611694153,0.5973563218390805,,,,
seoul,Benchmark,Always event,Y4 Drop,2019,300,0.16,0.5,0.13793103448275862,0.13793103448275862,48.0,252.0,0.0,0.0,48.0,252.0,300.0,0.0,0.16,1.0,0.27586206896551724,,0.0,0.0,2.0,0.16,0.5,5.0,506.0,0.0845734126984127,0.14564814814814817,,,,
seoul,Benchmark,Always event,Y4 Drop,2020,300,0.0,0.0,0.0,0.0,0.0,300.0,0.0,0.0,0.0,300.0,300.0,0.0,0.0,,0.0,,0.0,0.0,1.0,0.0,,0.0,0.0,,,,,,
seoul,Benchmark,Always event,Y4 Drop,2021,300,0.0,0.0,0.0,0.0,0.0,300.0,0.0,0.0,0.0,300.0,300.0,0.0,0.0,,0.0,,0.0,0.0,1.0,0.0,,0.0,0.0,,,,,,
seoul,Benchmark,Always event,Y4 Drop,2022,300,0.3466666666666667,0.5,0.25742574257425743,0.25742574257425743,104.0,196.0,0.0,0.0,104.0,196.0,300.0,0.0,0.3466666666666667,1.0,0.5148514851485149,,0.0,0.0,2.0,0.3466666666666667,0.5,5.0,526.0,0.05479788069073786,0.28235042735042737,,,,
seoul,Benchmark,Always event,Y4 Drop,2023,300,0.29,0.5,0.2248062015503876,0.2248062015503876,87.0,213.0,0.0,0.0,87.0,213.0,300.0,0.0,0.29,1.0,0.4496124031007752,,0.0,0.0,2.0,0.29,0.5,6.0,292.0,0.048729156548486335,0.25155810983397187,,,,
seoul,Benchmark,Always event,Y4 Drop,2024,300,0.0,0.0,0.0,0.0,0.0,300.0,0.0,0.0,0.0,300.0,300.0,0.0,0.0,,0.0,,0.0,0.0,1.0,0.0,,0.0,0.0,,,,,,
seoul,Benchmark,Always event,Y4 Drop,2025,300,0.0,0.0,0.0,0.0,0.0,300.0,0.0,0.0,0.0,300.0,300.0,0.0,0.0,,0.0,,0.0,0.0,1.0,0.0,,0.0,0.0,,,,,,
seoul,Benchmark,Always no event,Y3 Surge,2018,300,0.85,0.5,0.4594594594594595,0.4594594594594595,0.0,0.0,45.0,255.0,45.0,255.0,0.0,0.0,,0.0,0.0,0.85,1.0,0.918918918918919,2.0,0.15,0.5,9.0,832.0,0.7450980392156863,0.269037037037037,,,,
seoul,Benchmark,Always no event,Y3 Surge,2019,300,0.7433333333333333,0.5,0.42638623326959846,0.42638623326959846,0.0,0.0,77.0,223.0,77.0,223.0,0.0,0.0,,0.0,0.0,0.7433333333333333,1.0,0.8527724665391969,2.0,0.25666666666666665,0.5,8.0,1010.0,0.21390716906411975,0.20847041847041844,,,,
seoul,Benchmark,Always no event,Y3 Surge,2020,300,0.22,0.5,0.18032786885245902,0.18032786885245902,0.0,0.0,234.0,66.0,234.0,66.0,0.0,0.0,,0.0,0.0,0.22,1.0,0.36065573770491804,2.0,0.78,0.5,6.0,768.0,0.8836441336441336,0.9518423551756885,,,,
seoul,Benchmark,Always no event,Y3 Surge,2021,300,0.13666666666666666,0.5,0.12023460410557185,0.12023460410557185,0.0,0.0,259.0,41.0,259.0,41.0,0.0,0.0,,0.0,0.0,0.13666666666666666,1.0,0.2404692082111437,2.0,0.8633333333333333,0.5,12.0,812.0,0.5459082776155947,0.8659202059202059,,,,
seoul,Benchmark,Always no event,Y3 Surge,2022,300,0.8533333333333334,0.5,0.460431654676259,0.460431654676259,0.0,0.0,44.0,256.0,44.0,256.0,0.0,0.0,,0.0,0.0,0.8533333333333334,1.0,0.920863309352518,2.0,0.14666666666666667,0.5,9.0,860.0,0.3335404829545454,0.12257575757575759,,,,
seoul,Benchmark,Always no event,Y3 Surge,2023,300,0.72,0.5,0.4186046511627907,0.4186046511627907,0.0,0.0,84.0,216.0,84.0,216.0,0.0,0.0,,0.0,0.0,0.72,1.0,0.8372093023255814,2.0,0.28,0.5,8.0,1108.0,0.20238095238095238,0.2190740740740741,,,,
seoul,Benchmark,Always no event,Y3 Surge,2024,300,0.24666666666666667,0.5,0.19786096256684493,0.19786096256684493,0.0,0.0,226.0,74.0,226.0,74.0,0.0,0.0,,0.0,0.0,0.24666666666666667,1.0,0.39572192513368987,2.0,0.7533333333333333,0.5,12.0,1084.0,0.2847404927050945,0.6657128810226155,,,,
seoul,Benchmark,Always no event,Y3 Surge,2025,300,0.20666666666666667,0.5,0.1712707182320442,0.1712707182320442,0.0,0.0,238.0,62.0,238.0,62.0,0.0,0.0,,0.0,0.0,0.20666666666666667,1.0,0.3425414364640884,2.0,0.7933333333333333,0.5,9.0,850.0,0.8456221198156683,0.9397759103641457,,,,
seoul,Benchmark,Always no event,Y4 Drop,2018,300,0.6133333333333333,0.5,0.38016528925619836,0.38016528925619836,0.0,0.0,116.0,184.0,116.0,184.0,0.0,0.0,,0.0,0.0,0.6133333333333333,1.0,0.7603305785123967,2.0,0.38666666666666666,0.5,12.0,1304.0,0.696776611694153,0.5973563218390805,,,,
seoul,Benchmark,Always no event,Y4 Drop,2019,300,0.84,0.5,0.45652173913043476,0.45652173913043476,0.0,0.0,48.0,252.0,48.0,252.0,0.0,0.0,,0.0,0.0,0.84,1.0,0.9130434782608695,2.0,0.16,0.5,5.0,506.0,0.0845734126984127,0.14564814814814817,,,,
seoul,Benchmark,Always no event,Y4 Drop,2020,300,1.0,1.0,1.0,0.5,0.0,0.0,0.0,300.0,0.0,300.0,0.0,0.0,,,,1.0,1.0,1.0,1.0,0.0,,0.0,0.0,,,,,,
seoul,Benchmark,Always no event,Y4 Drop,2021,300,1.0,1.0,1.0,0.5,0.0,0.0,0.0,300.0,0.0,300.0,0.0,0.0,,,,1.0,1.0,1.0,1.0,0.0,,0.0,0.0,,,,,,
seoul,Benchmark,Always no event,Y4 Drop,2022,300,0.6533333333333333,0.5,0.3951612903225806,0.3951612903225806,0.0,0.0,104.0,196.0,104.0,196.0,0.0,0.0,,0.0,0.0,0.6533333333333333,1.0,0.7903225806451613,2.0,0.3466666666666667,0.5,5.0,526.0,0.05479788069073786,0.28235042735042737,,,,
seoul,Benchmark,Always no event,Y4 Drop,2023,300,0.71,0.5,0.4152046783625731,0.4152046783625731,0.0,0.0,87.0,213.0,87.0,213.0,0.0,0.0,,0.0,0.0,0.71,1.0,0.8304093567251462,2.0,0.29,0.5,6.0,292.0,0.048729156548486335,0.25155810983397187,,,,
seoul,Benchmark,Always no event,Y4 Drop,2024,300,1.0,1.0,1.0,0.5,0.0,0.0,0.0,300.0,0.0,300.0,0.0,0.0,,,,1.0,1.0,1.0,1.0,0.0,,0.0,0.0,,,,,,
seoul,Benchmark,Always no event,Y4 Drop,2025,300,1.0,1.0,1.0,0.5,0.0,0.0,0.0,300.0,0.0,300.0,0.0,0.0,,,,1.0,1.0,1.0,1.0,0.0,,0.0,0.0,,,,,,
seoul,Benchmark,Always up,Y2 Direction,2018,300,0.38333333333333336,0.5,0.27710843373493976,0.27710843373493976,115.0,185.0,0.0,0.0,115.0,185.0,300.0,0.0,0.38333333333333336,1.0,0.5542168674698795,,0.0,0.0,2.0,0.38333333333333336,0.5,12.0,1444.0,0.7097532314923619,0.5311304347826087,,,,
seoul,Benchmark,Always up,Y2 Direction,2019,300,0.6166666666666667,0.5,0.38144329896907214,0.38144329896907214,185.0,115.0,0.0,0.0,185.0,115.0,300.0,0.0,0.6166666666666667,1.0,0.7628865979381443,,0.0,0.0,2.0,0.6166666666666667,0.5,12.0,750.0,0.11750881316098707,0.4978738738738739,,,,
seoul,Benchmark,Always up,Y2 Direction,2020,300,0.98,0.5,0.494949494949495,0.494949494949495,294.0,6.0,0.0,0.0,294.0,6.0,300.0,0.0,0.98,1.0,0.98989898989899,,0.0,0.0,2.0,0.98,0.5,3.0,136.0,0.8826530612244898,0.9953061224489796,,,,
seoul,Benchmark,Always up,Y2 Direction,2021,300,1.0,1.0,1.0,0.5,300.0,0.0,0.0,0.0,300.0,0.0,300.0,0.0,1.0,1.0,1.0,,,,1.0,1.0,,0.0,0.0,,,,,,
seoul,Benchmark,Always up,Y2 Direction,2022,300,0.5866666666666667,0.5,0.3697478991596639,0.3697478991596639,176.0,124.0,0.0,0.0,176.0,124.0,300.0,0.0,0.5866666666666667,1.0,0.7394957983193278,,0.0,0.0,2.0,0.5866666666666667,0.5,6.0,482.0,0.053244134897360684,0.46424242424242423,,,,
seoul,Benchmark,Always up,Y2 Direction,2023,300,0.7033333333333334,0.5,0.41291585127201563,0.41291585127201563,211.0,89.0,0.0,0.0,211.0,89.0,300.0,0.0,0.7033333333333334,1.0,0.8258317025440313,,0.0,0.0,2.0,0.7033333333333334,0.5,8.0,340.0,0.05069492518238459,0.5840758293838864,,,,
seoul,Benchmark,Always up,Y2 Direction,2024,300,0.9966666666666667,0.5,0.4991652754590985,0.4991652754590985,299.0,1.0,0.0,0.0,299.0,1.0,300.0,0.0,0.9966666666666667,1.0,0.998330550918197,,0.0,0.0,2.0,0.9966666666666667,0.5,1.0,24.0,0.8762541806020068,0.9991750278706801,,,,
seoul,Benchmark,Always up,Y2 Direction,2025,300,1.0,1.0,1.0,0.5,300.0,0.0,0.0,0.0,300.0,0.0,300.0,0.0,1.0,1.0,1.0,,,,1.0,1.0,,0.0,0.0,,,,,,
seoul,Benchmark,Past6 persistence,Y1 Growth,2018,300,,,,,,,,,,,,,,,,,,,,,,,,,,0.0,0.435820179379794,0.6375739954009763,-0.619044041960443
seoul,Benchmark,Past6 persistence,Y1 Growth,2019,300,,,,,,,,,,,,,,,,,,,,,,,,,,0.0,0.5881647519194458,0.8178026963056854,-1.6263284885791438
seoul,Benchmark,Past6 persistence,Y1 Growth,2020,300,,,,,,,,,,,,,,,,,,,,,,,,,,0.0,0.5093501242129799,0.6535169102439237,-0.3076339393611731
seoul,Benchmark,Past6 persistence,Y1 Growth,2021,300,,,,,,,,,,,,,,,,,,,,,,,,,,0.0,0.628436588911595,0.8371150159750717,-0.41304871341920113
seoul,Benchmark,Past6 persistence,Y1 Growth,2022,300,,,,,,,,,,,,,,,,,,,,,,,,,,0.0,1.232050043666503,1.704833272605397,-0.5626736221663571
seoul,Benchmark,Past6 persistence,Y1 Growth,2023,300,,,,,,,,,,,,,,,,,,,,,,,,,,0.0,1.5208775420400567,1.9932882595846049,-2.062977875396219
seoul,Benchmark,Past6 persistence,Y1 Growth,2024,300,,,,,,,,,,,,,,,,,,,,,,,,,,0.0,0.7537682102699435,0.9022221335648511,-0.6515685254005088
seoul,Benchmark,Past6 persistence,Y1 Growth,2025,300,,,,,,,,,,,,,,,,,,,,,,,,,,0.0,1.3510899905074978,1.6987775394834752,-0.34517032215529775
seoul,Benchmark,Training majority,Y2 Direction,2018,300,0.66,0.6075205640423031,0.607188703465982,0.607188703465982,44.0,31.0,71.0,154.0,115.0,185.0,75.0,0.0,0.5866666666666667,0.3826086956521739,0.4631578947368421,0.6844444444444444,0.8324324324324325,0.751219512195122,2.0,0.38333333333333336,0.5,12.0,1444.0,0.7097532314923619,0.5311304347826087,,,,
seoul,Benchmark,Training majority,Y2 Direction,2019,300,0.38333333333333336,0.5,0.27710843373493976,0.27710843373493976,0.0,0.0,185.0,115.0,185.0,115.0,0.0,0.0,,0.0,0.0,0.38333333333333336,1.0,0.5542168674698795,2.0,0.6166666666666667,0.5,12.0,750.0,0.11750881316098707,0.4978738738738739,,,,
seoul,Benchmark,Training majority,Y2 Direction,2020,300,0.52,0.7551020408163265,0.37629937629937626,0.37629937629937626,150.0,0.0,144.0,6.0,294.0,6.0,150.0,0.0,1.0,0.5102040816326531,0.6756756756756757,0.04,1.0,0.07692307692307693,2.0,0.98,0.5,3.0,136.0,0.8826530612244898,0.9953061224489796,,,,
seoul,Benchmark,Training majority,Y2 Direction,2021,300,1.0,1.0,1.0,0.5,300.0,0.0,0.0,0.0,300.0,0.0,300.0,0.0,1.0,1.0,1.0,,,,1.0,1.0,,0.0,0.0,,,,,,
seoul,Benchmark,Training majority,Y2 Direction,2022,300,0.5866666666666667,0.5,0.3697478991596639,0.3697478991596639,176.0,124.0,0.0,0.0,176.0,124.0,300.0,0.0,0.5866666666666667,1.0,0.7394957983193278,,0.0,0.0,2.0,0.5866666666666667,0.5,6.0,482.0,0.053244134897360684,0.46424242424242423,,,,
seoul,Benchmark,Training majority,Y2 Direction,2023,300,0.7033333333333334,0.5,0.41291585127201563,0.41291585127201563,211.0,89.0,0.0,0.0,211.0,89.0,300.0,0.0,0.7033333333333334,1.0,0.8258317025440313,,0.0,0.0,2.0,0.7033333333333334,0.5,8.0,340.0,0.05069492518238459,0.5840758293838864,,,,
seoul,Benchmark,Training majority,Y2 Direction,2024,300,0.9966666666666667,0.5,0.4991652754590985,0.4991652754590985,299.0,1.0,0.0,0.0,299.0,1.0,300.0,0.0,0.9966666666666667,1.0,0.998330550918197,,0.0,0.0,2.0,0.9966666666666667,0.5,1.0,24.0,0.8762541806020068,0.9991750278706801,,,,
seoul,Benchmark,Training majority,Y2 Direction,2025,300,1.0,1.0,1.0,0.5,300.0,0.0,0.0,0.0,300.0,0.0,300.0,0.0,1.0,1.0,1.0,,,,1.0,1.0,,0.0,0.0,,,,,,
seoul,Benchmark,Training majority,Y3 Surge,2018,300,0.85,0.5,0.4594594594594595,0.4594594594594595,0.0,0.0,45.0,255.0,45.0,255.0,0.0,0.0,,0.0,0.0,0.85,1.0,0.918918918918919,2.0,0.15,0.5,9.0,832.0,0.7450980392156863,0.269037037037037,,,,
seoul,Benchmark,Training majority,Y3 Surge,2019,300,0.7433333333333333,0.5,0.42638623326959846,0.42638623326959846,0.0,0.0,77.0,223.0,77.0,223.0,0.0,0.0,,0.0,0.0,0.7433333333333333,1.0,0.8527724665391969,2.0,0.25666666666666665,0.5,8.0,1010.0,0.21390716906411975,0.20847041847041844,,,,
seoul,Benchmark,Training majority,Y3 Surge,2020,300,0.22,0.5,0.18032786885245902,0.18032786885245902,0.0,0.0,234.0,66.0,234.0,66.0,0.0,0.0,,0.0,0.0,0.22,1.0,0.36065573770491804,2.0,0.78,0.5,6.0,768.0,0.8836441336441336,0.9518423551756885,,,,
seoul,Benchmark,Training majority,Y3 Surge,2021,300,0.13666666666666666,0.5,0.12023460410557185,0.12023460410557185,0.0,0.0,259.0,41.0,259.0,41.0,0.0,0.0,,0.0,0.0,0.13666666666666666,1.0,0.2404692082111437,2.0,0.8633333333333333,0.5,12.0,812.0,0.5459082776155947,0.8659202059202059,,,,
seoul,Benchmark,Training majority,Y3 Surge,2022,300,0.8533333333333334,0.5,0.460431654676259,0.460431654676259,0.0,0.0,44.0,256.0,44.0,256.0,0.0,0.0,,0.0,0.0,0.8533333333333334,1.0,0.920863309352518,2.0,0.14666666666666667,0.5,9.0,860.0,0.3335404829545454,0.12257575757575759,,,,
seoul,Benchmark,Training majority,Y3 Surge,2023,300,0.72,0.5,0.4186046511627907,0.4186046511627907,0.0,0.0,84.0,216.0,84.0,216.0,0.0,0.0,,0.0,0.0,0.72,1.0,0.8372093023255814,2.0,0.28,0.5,8.0,1108.0,0.20238095238095238,0.2190740740740741,,,,
seoul,Benchmark,Training majority,Y3 Surge,2024,300,0.24666666666666667,0.5,0.19786096256684493,0.19786096256684493,0.0,0.0,226.0,74.0,226.0,74.0,0.0,0.0,,0.0,0.0,0.24666666666666667,1.0,0.39572192513368987,2.0,0.7533333333333333,0.5,12.0,1084.0,0.2847404927050945,0.6657128810226155,,,,
seoul,Benchmark,Training majority,Y3 Surge,2025,300,0.20666666666666667,0.5,0.1712707182320442,0.1712707182320442,0.0,0.0,238.0,62.0,238.0,62.0,0.0,0.0,,0.0,0.0,0.20666666666666667,1.0,0.3425414364640884,2.0,0.7933333333333333,0.5,9.0,850.0,0.8456221198156683,0.9397759103641457,,,,
seoul,Benchmark,Training majority,Y4 Drop,2018,300,0.6133333333333333,0.5,0.38016528925619836,0.38016528925619836,0.0,0.0,116.0,184.0,116.0,184.0,0.0,0.0,,0.0,0.0,0.6133333333333333,1.0,0.7603305785123967,2.0,0.38666666666666666,0.5,12.0,1304.0,0.696776611694153,0.5973563218390805,,,,
seoul,Benchmark,Training majority,Y4 Drop,2019,300,0.84,0.5,0.45652173913043476,0.45652173913043476,0.0,0.0,48.0,252.0,48.0,252.0,0.0,0.0,,0.0,0.0,0.84,1.0,0.9130434782608695,2.0,0.16,0.5,5.0,506.0,0.0845734126984127,0.14564814814814817,,,,
seoul,Benchmark,Training majority,Y4 Drop,2020,300,1.0,1.0,1.0,0.5,0.0,0.0,0.0,300.0,0.0,300.0,0.0,0.0,,,,1.0,1.0,1.0,1.0,0.0,,0.0,0.0,,,,,,
seoul,Benchmark,Training majority,Y4 Drop,2021,300,1.0,1.0,1.0,0.5,0.0,0.0,0.0,300.0,0.0,300.0,0.0,0.0,,,,1.0,1.0,1.0,1.0,0.0,,0.0,0.0,,,,,,
seoul,Benchmark,Training majority,Y4 Drop,2022,300,0.6533333333333333,0.5,0.3951612903225806,0.3951612903225806,0.0,0.0,104.0,196.0,104.0,196.0,0.0,0.0,,0.0,0.0,0.6533333333333333,1.0,0.7903225806451613,2.0,0.3466666666666667,0.5,5.0,526.0,0.05479788069073786,0.28235042735042737,,,,
seoul,Benchmark,Training majority,Y4 Drop,2023,300,0.71,0.5,0.4152046783625731,0.4152046783625731,0.0,0.0,87.0,213.0,87.0,213.0,0.0,0.0,,0.0,0.0,0.71,1.0,0.8304093567251462,2.0,0.29,0.5,6.0,292.0,0.048729156548486335,0.25155810983397187,,,,
seoul,Benchmark,Training majority,Y4 Drop,2024,300,1.0,1.0,1.0,0.5,0.0,0.0,0.0,300.0,0.0,300.0,0.0,0.0,,,,1.0,1.0,1.0,1.0,0.0,,0.0,0.0,,,,,,
seoul,Benchmark,Training majority,Y4 Drop,2025,300,1.0,1.0,1.0,0.5,0.0,0.0,0.0,300.0,0.0,300.0,0.0,0.0,,,,1.0,1.0,1.0,1.0,0.0,,0.0,0.0,,,,,,
seoul,Benchmark,Training median,Y1 Growth,2018,300,,,,,,,,,,,,,,,,,,,,,,,,,,0.0,0.37332285560776113,0.548944071426396,-0.20020013258748115
seoul,Benchmark,Training median,Y1 Growth,2019,300,,,,,,,,,,,,,,,,,,,,,,,,,,0.0,0.3755291935618829,0.5283869383053456,-0.09636740406236388
seoul,Benchmark,Training median,Y1 Growth,2020,300,,,,,,,,,,,,,,,,,,,,,,,,,,0.0,0.8061724517933112,0.9826203496575178,-1.9562695659709428
seoul,Benchmark,Training median,Y1 Growth,2021,300,,,,,,,,,,,,,,,,,,,,,,,,,,0.0,1.0721900211187574,1.2819903913729913,-2.3140298027166804
seoul,Benchmark,Training median,Y1 Growth,2022,300,,,,,,,,,,,,,,,,,,,,,,,,,,0.0,0.8993866255257541,1.4447187976230809,-0.12220216682059237
seoul,Benchmark,Training median,Y1 Growth,2023,300,,,,,,,,,,,,,,,,,,,,,,,,,,0.0,0.9024595248091943,1.1945064634976728,-0.09996951820595412
seoul,Benchmark,Training median,Y1 Growth,2024,300,,,,,,,,,,,,,,,,,,,,,,,,,,0.0,1.2861299058971694,1.4668480738592706,-3.3655595155296094
seoul,Benchmark,Training median,Y1 Growth,2025,300,,,,,,,,,,,,,,,,,,,,,,,,,,0.0,2.2059061880975257,2.6393730433992166,-2.2471758633836454
seoul,Benchmark,Zero growth,Y1 Growth,2018,300,,,,,,,,,,,,,,,,,,,,,,,,,,0.0,0.37438112869580814,0.5504337874732574,-0.20672314123593227
seoul,Benchmark,Zero growth,Y1 Growth,2019,300,,,,,,,,,,,,,,,,,,,,,,,,,,0.0,0.36076305031668293,0.514632023098183,-0.04002931790487474
seoul,Benchmark,Zero growth,Y1 Growth,2020,300,,,,,,,,,,,,,,,,,,,,,,,,,,0.0,0.8033826409016825,0.9851102044033947,-1.9712702880733288
seoul,Benchmark,Zero growth,Y1 Growth,2021,300,,,,,,,,,,,,,,,,,,,,,,,,,,0.0,1.1213432523741436,1.3241345893657852,-2.5355023507156154
seoul,Benchmark,Zero growth,Y1 Growth,2022,300,,,,,,,,,,,,,,,,,,,,,,,,,,0.0,0.8987307785595224,1.4000824252935122,-0.05392975057094662
seoul,Benchmark,Zero growth,Y1 Growth,2023,300,,,,,,,,,,,,,,,,,,,,,,,,,,0.0,0.9378296477714878,1.2227398825936537,-0.15258190805509875
seoul,Benchmark,Zero growth,Y1 Growth,2024,300,,,,,,,,,,,,,,,,,,,,,,,,,,0.0,1.4362146519190386,1.5985489013968979,-4.184674502106652
seoul,Benchmark,Zero growth,Y1 Growth,2025,300,,,,,,,,,,,,,,,,,,,,,,,,,,0.0,2.4413986392990887,2.847062592431929,-2.778316082592229
seoul,E_M,Extra Trees,Y1 Growth,2018,300,,,,,,,,,,,,,,,,,,,,,,,,,,0.0,0.34794848268569545,0.4981816415909144,0.011508564127275078
seoul,E_M,Extra Trees,Y1 Growth,2019,300,,,,,,,,,,,,,,,,,,,,,,,,,,0.0,0.5204385476796657,0.6759636818929661,-0.7943150263481418
seoul,E_M,Extra Trees,Y1 Growth,2020,300,,,,,,,,,,,,,,,,,,,,,,,,,,0.0,0.7287257278641578,0.8898661911768619,-1.4244986034419878
seoul,E_M,Extra Trees,Y1 Growth,2021,300,,,,,,,,,,,,,,,,,,,,,,,,,,0.0,0.5533036677649851,0.7800458725648409,-0.22695082188310312
seoul,E_M,Extra Trees,Y1 Growth,2022,300,,,,,,,,,,,,,,,,,,,,,,,,,,0.0,1.0378944624106614,1.585796867966831,-0.35207121628430915
seoul,E_M,Extra Trees,Y1 Growth,2023,300,,,,,,,,,,,,,,,,,,,,,,,,,,0.0,1.2281362916150196,1.478223016488983,-0.6845486674767878
seoul,E_M,Extra Trees,Y1 Growth,2024,300,,,,,,,,,,,,,,,,,,,,,,,,,,0.0,0.7277188585223192,0.9056439596185472,-0.664119973418021
seoul,E_M,Extra Trees,Y1 Growth,2025,300,,,,,,,,,,,,,,,,,,,,,,,,,,0.0,1.3632869849375415,1.8230636263805666,-0.5492014999779902
seoul,E_M,Extra Trees,Y2 Direction,2018,300,0.5,0.46792009400705054,0.4676068335620652,0.4676068335620652,38.0,73.0,77.0,112.0,115.0,185.0,111.0,0.0,0.34234234234234234,0.33043478260869563,0.336283185840708,0.5925925925925926,0.6054054054054054,0.5989304812834224,2.0,0.38333333333333336,0.48822714681440443,12.0,1444.0,0.49109283196239717,0.35092041328329393,,,,
seoul,E_M,Extra Trees,Y2 Direction,2019,300,0.27666666666666667,0.336192714453584,0.2533633058457868,0.2533633058457868,15.0,47.0,170.0,68.0,185.0,115.0,62.0,0.0,0.24193548387096775,0.08108108108108109,0.1214574898785425,0.2857142857142857,0.591304347826087,0.38526912181303113,2.0,0.6166666666666667,0.5173333333333333,12.0,750.0,0.2995064629847239,0.48283611520807557,,,,
seoul,E_M,Extra Trees,Y2 Direction,2020,300,0.9666666666666667,0.5748299319727891,0.5748299319727891,0.5748299319727891,289.0,5.0,5.0,1.0,294.0,6.0,294.0,0.0,0.9829931972789115,0.9829931972789115,0.9829931972789115,0.16666666666666666,0.16666666666666666,0.16666666666666666,2.0,0.98,0.6397058823529411,3.0,136.0,0.7397959183673468,0.9931837861606125,,,,
seoul,E_M,Extra Trees,Y2 Direction,2021,300,1.0,1.0,1.0,0.5,300.0,0.0,0.0,0.0,300.0,0.0,300.0,0.0,1.0,1.0,1.0,,,,1.0,1.0,,0.0,0.0,,,,,,
seoul,E_M,Extra Trees,Y2 Direction,2022,300,0.5866666666666667,0.5,0.3697478991596639,0.3697478991596639,176.0,124.0,0.0,0.0,176.0,124.0,300.0,0.0,0.5866666666666667,1.0,0.7394957983193278,,0.0,0.0,2.0,0.5866666666666667,0.475103734439834,6.0,482.0,0.08531891495601172,0.3929202523056355,,,,
seoul,E_M,Extra Trees,Y2 Direction,2023,300,0.41333333333333333,0.33931519250226316,0.3464052287581699,0.3464052287581699,110.0,75.0,101.0,14.0,211.0,89.0,185.0,0.0,0.5945945945945946,0.5213270142180095,0.5555555555555556,0.12173913043478261,0.15730337078651685,0.13725490196078433,2.0,0.7033333333333334,0.5323529411764706,8.0,340.0,0.1834495979551627,0.5307814724139136,,,,
seoul,E_M,Extra Trees,Y2 Direction,2024,300,0.9966666666666667,0.5,0.4991652754590985,0.4991652754590985,299.0,1.0,0.0,0.0,299.0,1.0,300.0,0.0,0.9966666666666667,1.0,0.998330550918197,,0.0,0.0,2.0,0.9966666666666667,0.5,1.0,24.0,0.7759197324414716,0.9991563030967308,,,,
seoul,E_M,Extra Trees,Y2 Direction,2025,300,1.0,1.0,1.0,0.5,300.0,0.0,0.0,0.0,300.0,0.0,300.0,0.0,1.0,1.0,1.0,,,,1.0,1.0,,0.0,0.0,,,,,,
seoul,E_M,Extra Trees,Y3 Surge,2018,300,0.7833333333333333,0.4790849673202614,0.467780234176697,0.467780234176697,2.0,22.0,43.0,233.0,45.0,255.0,24.0,0.0,0.08333333333333333,0.044444444444444446,0.057971014492753624,0.8442028985507246,0.9137254901960784,0.8775894538606404,2.0,0.15,0.6538461538461539,9.0,832.0,0.6757298474945532,0.21886212485545367,,,,
seoul,E_M,Extra Trees,Y3 Surge,2019,300,0.66,0.4439461883408072,0.39759036144578314,0.39759036144578314,0.0,25.0,77.0,198.0,77.0,223.0,25.0,0.0,0.0,0.0,0.0,0.72,0.8878923766816144,0.7951807228915663,2.0,0.25666666666666665,0.6118811881188119,8.0,1010.0,0.2383670141517675,0.1681276954318496,,,,
seoul,E_M,Extra Trees,Y3 Surge,2020,300,0.4866666666666667,0.6546231546231547,0.484375,0.484375,83.0,3.0,151.0,63.0,234.0,66.0,86.0,0.0,0.9651162790697675,0.3547008547008547,0.51875,0.29439252336448596,0.9545454545454546,0.45,2.0,0.78,0.6223958333333334,6.0,768.0,0.7782310282310282,0.9271226813665772,,,,
seoul,E_M,Extra Trees,Y3 Surge,2021,300,0.8066666666666666,0.5800922874093606,0.5817307692307692,0.5817307692307692,231.0,30.0,28.0,11.0,259.0,41.0,261.0,0.0,0.8850574712643678,0.8918918918918919,0.8884615384615384,0.28205128205128205,0.2682926829268293,0.275,2.0,0.8633333333333333,0.6539408866995073,12.0,812.0,0.6005273566249176,0.9035362129110469,,,,
seoul,E_M,Extra Trees,Y3 Surge,2022,300,0.7033333333333334,0.5626775568181819,0.5393295260442728,0.5393295260442728,16.0,61.0,28.0,195.0,44.0,256.0,77.0,0.0,0.2077922077922078,0.36363636363636365,0.2644628099173554,0.874439461883408,0.76171875,0.81419624217119,2.0,0.14666666666666667,0.541860465116279,9.0,860.0,0.62109375,0.19477551172551397,,,,
seoul,E_M,Extra Trees,Y3 Surge,2023,300,0.7,0.4861111111111111,0.4117647058823529,0.4117647058823529,0.0,6.0,84.0,210.0,84.0,216.0,6.0,0.0,0.0,0.0,0.0,0.7142857142857143,0.9722222222222222,0.8235294117647058,2.0,0.28,0.41245487364620936,8.0,1108.0,0.3080357142857143,0.19881563567733485,,,,
seoul,E_M,Extra Trees,Y3 Surge,2024,300,0.6333333333333333,0.5021525950729491,0.5021422967835375,0.5021422967835375,172.0,56.0,54.0,18.0,226.0,74.0,228.0,0.0,0.7543859649122807,0.7610619469026548,0.7577092511013216,0.25,0.24324324324324326,0.2465753424657534,2.0,0.7533333333333333,0.7047970479704797,12.0,1084.0,0.4504903133221717,0.7462281303034658,,,,
seoul,E_M,Extra Trees,Y3 Surge,2025,300,0.68,0.44049878015722416,0.42400000000000004,0.42400000000000004,202.0,60.0,36.0,2.0,238.0,62.0,262.0,0.0,0.7709923664122137,0.8487394957983193,0.808,0.05263157894736842,0.03225806451612903,0.04,2.0,0.7933333333333333,0.5941176470588235,9.0,850.0,0.46381133098400656,0.8227131404326501,,,,
seoul,E_M,Extra Trees,Y4 Drop,2018,300,0.61,0.5641866566716641,0.5623386825272135,0.5623386825272135,42.0,43.0,74.0,141.0,116.0,184.0,85.0,0.0,0.49411764705882355,0.3620689655172414,0.417910447761194,0.6558139534883721,0.7663043478260869,0.706766917293233,2.0,0.38666666666666666,0.6633435582822086,12.0,1304.0,0.6288418290854573,0.5199283249968396,,,,
seoul,E_M,Extra Trees,Y4 Drop,2019,300,0.6033333333333334,0.5024801587301587,0.4780014914243102,0.4780014914243102,17.0,88.0,31.0,164.0,48.0,252.0,105.0,0.0,0.1619047619047619,0.3541666666666667,0.2222222222222222,0.841025641025641,0.6507936507936508,0.7337807606263982,2.0,0.16,0.7075098814229249,5.0,506.0,0.3990575396825397,0.14581047213386736,,,,
seoul,E_M,Extra Trees,Y4 Drop,2020,300,0.99,0.99,0.49748743718592964,0.49748743718592964,0.0,3.0,0.0,297.0,0.0,300.0,3.0,0.0,0.0,,0.0,1.0,0.99,0.9949748743718593,1.0,0.0,,0.0,0.0,,,,,,
seoul,E_M,Extra Trees,Y4 Drop,2021,300,1.0,1.0,1.0,0.5,0.0,0.0,0.0,300.0,0.0,300.0,0.0,0.0,,,,1.0,1.0,1.0,1.0,0.0,,0.0,0.0,,,,,,
seoul,E_M,Extra Trees,Y4 Drop,2022,300,0.6533333333333333,0.5,0.3951612903225806,0.3951612903225806,0.0,0.0,104.0,196.0,104.0,196.0,0.0,0.0,,0.0,0.0,0.6533333333333333,1.0,0.7903225806451613,2.0,0.3466666666666667,0.5874524714828897,5.0,526.0,0.1916208791208791,0.23049259502649042,,,,
seoul,E_M,Extra Trees,Y4 Drop,2023,300,0.09333333333333334,0.12012303707301279,0.09317211948790896,0.09317211948790896,16.0,201.0,71.0,12.0,87.0,213.0,217.0,0.0,0.07373271889400922,0.1839080459770115,0.10526315789473684,0.14457831325301204,0.056338028169014086,0.08108108108108109,2.0,0.29,0.541095890410959,6.0,292.0,0.13264259888834928,0.2000342467573258,,,,
seoul,E_M,Extra Trees,Y4 Drop,2024,300,1.0,1.0,1.0,0.5,0.0,0.0,0.0,300.0,0.0,300.0,0.0,0.0,,,,1.0,1.0,1.0,1.0,0.0,,0.0,0.0,,,,,,
seoul,E_M,Extra Trees,Y4 Drop,2025,300,1.0,1.0,1.0,0.5,0.0,0.0,0.0,300.0,0.0,300.0,0.0,0.0,,,,1.0,1.0,1.0,1.0,0.0,,0.0,0.0,,,,,,
seoul,E_M,Linear,Y1 Growth,2018,300,,,,,,,,,,,,,,,,,,,,,,,,,,0.0,0.3962217529387668,0.5628722177158135,-0.2618772154046356
seoul,E_M,Linear,Y1 Growth,2019,300,,,,,,,,,,,,,,,,,,,,,,,,,,0.0,0.7550260329824995,0.9371012277822578,-2.448458327780043
seoul,E_M,Linear,Y1 Growth,2020,300,,,,,,,,,,,,,,,,,,,,,,,,,,0.0,0.47416643072632797,0.5930193953188072,-0.0767386929839502
seoul,E_M,Linear,Y1 Growth,2021,300,,,,,,,,,,,,,,,,,,,,,,,,,,0.0,0.569645274286833,0.7245155563436938,-0.058479128942432235
seoul,E_M,Linear,Y1 Growth,2022,300,,,,,,,,,,,,,,,,,,,,,,,,,,0.0,0.9430026101511815,1.2594351607686523,0.147182539884529
seoul,E_M,Linear,Y1 Growth,2023,300,,,,,,,,,,,,,,,,,,,,,,,,,,0.0,1.355626068715992,1.6641572977005368,-1.1349730137305754
seoul,E_M,Linear,Y1 Growth,2024,300,,,,,,,,,,,,,,,,,,,,,,,,,,0.0,0.5074357365413091,0.6353595435523199,0.18095312255174778
seoul,E_M,Linear,Y1 Growth,2025,300,,,,,,,,,,,,,,,,,,,,,,,,,,0.0,1.0817532209589735,1.4567815132690585,0.010779518606939043
seoul,E_M,Linear,Y2 Direction,2018,300,0.5133333333333333,0.5116333725029377,0.50539771444058,0.50539771444058,58.0,89.0,57.0,96.0,115.0,185.0,147.0,0.0,0.3945578231292517,0.5043478260869565,0.44274809160305345,0.6274509803921569,0.518918918918919,0.5680473372781065,2.0,0.38333333333333336,0.48476454293628807,12.0,1444.0,0.514171562867215,0.396974664817252,,,,
seoul,E_M,Linear,Y2 Direction,2019,300,0.24333333333333335,0.30752056404230316,0.21070017037749628,0.21070017037749628,6.0,48.0,179.0,67.0,185.0,115.0,54.0,0.0,0.1111111111111111,0.032432432432432434,0.0502092050209205,0.27235772357723576,0.5826086956521739,0.37119113573407203,2.0,0.6166666666666667,0.508,12.0,750.0,0.1893301997649824,0.4462142875261815,,,,
seoul,E_M,Linear,Y2 Direction,2020,300,0.97,0.6581632653061225,0.646180055038658,0.646180055038658,289.0,4.0,5.0,2.0,294.0,6.0,293.0,0.0,0.9863481228668942,0.9829931972789115,0.9846678023850085,0.2857142857142857,0.3333333333333333,0.3076923076923077,2.0,0.98,0.8676470588235294,3.0,136.0,0.9642857142857142,0.9992545429708387,,,,
seoul,E_M,Linear,Y2 Direction,2021,300,1.0,1.0,1.0,0.5,300.0,0.0,0.0,0.0,300.0,0.0,300.0,0.0,1.0,1.0,1.0,,,,1.0,1.0,,0.0,0.0,,,,,,
seoul,E_M,Linear,Y2 Direction,2022,300,0.8466666666666667,0.845491202346041,0.8429748304583314,0.8429748304583314,150.0,20.0,26.0,104.0,176.0,124.0,170.0,0.0,0.8823529411764706,0.8522727272727273,0.8670520231213873,0.8,0.8387096774193549,0.8188976377952756,2.0,0.5866666666666667,0.48132780082987553,6.0,482.0,0.9068456744868035,0.9413002089951796,,,,
seoul,E_M,Linear,Y2 Direction,2023,300,0.5433333333333333,0.6721071409553224,0.5424742015562556,0.5424742015562556,75.0,1.0,136.0,88.0,211.0,89.0,76.0,0.0,0.9868421052631579,0.35545023696682465,0.5226480836236934,0.39285714285714285,0.9887640449438202,0.5623003194888179,2.0,0.7033333333333334,0.5029411764705882,8.0,340.0,0.7811385057777304,0.9064669574076645,,,,
seoul,E_M,Linear,Y2 Direction,2024,300,0.9933333333333333,0.4983277591973244,0.4983277591973244,0.4983277591973244,298.0,1.0,1.0,0.0,299.0,1.0,299.0,0.0,0.9966555183946488,0.9966555183946488,0.9966555183946488,0.0,0.0,0.0,2.0,0.9966666666666667,1.0,1.0,24.0,0.47491638795986624,0.9975280563317707,,,,
seoul,E_M,Linear,Y2 Direction,2025,300,1.0,1.0,1.0,0.5,300.0,0.0,0.0,0.0,300.0,0.0,300.0,0.0,1.0,1.0,1.0,,,,1.0,1.0,,0.0,0.0,,,,,,
seoul,E_M,Linear,Y3 Surge,2018,300,0.5,0.6235294117647059,0.46374946374946374,0.46374946374946374,36.0,141.0,9.0,114.0,45.0,255.0,177.0,0.0,0.2033898305084746,0.8,0.32432432432432434,0.926829268292683,0.4470588235294118,0.6031746031746031,2.0,0.15,0.6298076923076923,9.0,832.0,0.616644880174292,0.19226892316305663,,,,
seoul,E_M,Linear,Y3 Surge,2019,300,0.43,0.32324850037854524,0.33575895689554713,0.33575895689554713,8.0,102.0,69.0,121.0,77.0,223.0,110.0,0.0,0.07272727272727272,0.1038961038961039,0.0855614973262032,0.6368421052631579,0.5426008968609866,0.585956416464891,2.0,0.25666666666666665,0.6297029702970297,8.0,1010.0,0.2553141925339235,0.18752886401305036,,,,
seoul,E_M,Linear,Y3 Surge,2020,300,0.7966666666666666,0.7391219891219891,0.7226222053808261,0.7226222053808261,197.0,24.0,37.0,42.0,234.0,66.0,221.0,0.0,0.8914027149321267,0.8418803418803419,0.865934065934066,0.5316455696202531,0.6363636363636364,0.5793103448275863,2.0,0.78,0.5950520833333334,6.0,768.0,0.8554778554778555,0.9554183747087243,,,,
seoul,E_M,Linear,Y3 Surge,2021,300,0.8266666666666667,0.47876447876447875,0.45255474452554745,0.45255474452554745,248.0,41.0,11.0,0.0,259.0,41.0,289.0,0.0,0.8581314878892734,0.9575289575289575,0.9051094890510949,0.0,0.0,0.0,2.0,0.8633333333333333,0.5492610837438424,12.0,812.0,0.47433844994820606,0.8832719217423917,,,,
seoul,E_M,Linear,Y3 Surge,2022,300,0.6733333333333333,0.5827414772727273,0.538866930171278,0.538866930171278,20.0,74.0,24.0,182.0,44.0,256.0,94.0,0.0,0.2127659574468085,0.45454545454545453,0.2898550724637681,0.883495145631068,0.7109375,0.7878787878787878,2.0,0.14666666666666667,0.29186046511627906,9.0,860.0,0.5897549715909091,0.1751922896442774,,,,
seoul,E_M,Linear,Y3 Surge,2023,300,0.72,0.5,0.4186046511627907,0.4186046511627907,0.0,0.0,84.0,216.0,84.0,216.0,0.0,0.0,,0.0,0.0,0.72,1.0,0.8372093023255814,2.0,0.28,0.36462093862815886,8.0,1108.0,0.420028659611993,0.2359074450473217,,,,
seoul,E_M,Linear,Y3 Surge,2024,300,0.61,0.4866658694092323,0.48677457560205295,0.48677457560205295,165.0,56.0,61.0,18.0,226.0,74.0,221.0,0.0,0.746606334841629,0.7300884955752213,0.738255033557047,0.22784810126582278,0.24324324324324326,0.23529411764705882,2.0,0.7533333333333333,0.6337638376383764,12.0,1084.0,0.5115403013633102,0.7902351122455846,,,,
seoul,E_M,Linear,Y3 Surge,2025,300,0.7966666666666666,0.7406478720520466,0.717239141519492,0.717239141519492,199.0,22.0,39.0,40.0,238.0,62.0,221.0,0.0,0.9004524886877828,0.8361344537815126,0.8671023965141612,0.5063291139240507,0.6451612903225806,0.5673758865248227,2.0,0.7933333333333333,0.62,9.0,850.0,0.8463675792897805,0.959662779487983,,,,
seoul,E_M,Linear,Y4 Drop,2018,300,0.64,0.6045727136431784,0.6061077611359658,0.6061077611359658,52.0,44.0,64.0,140.0,116.0,184.0,96.0,0.0,0.5416666666666666,0.4482758620689655,0.49056603773584906,0.6862745098039216,0.7608695652173914,0.7216494845360825,2.0,0.38666666666666666,0.5651840490797546,12.0,1304.0,0.625,0.4992814757222379,,,,
seoul,E_M,Linear,Y4 Drop,2019,300,0.3233333333333333,0.29365079365079366,0.2807454736568601,0.2807454736568601,12.0,167.0,36.0,85.0,48.0,252.0,179.0,0.0,0.0670391061452514,0.25,0.10572687224669604,0.7024793388429752,0.3373015873015873,0.45576407506702415,2.0,0.16,0.6482213438735178,5.0,506.0,0.23850859788359788,0.10300770583222746,,,,
seoul,E_M,Linear,Y4 Drop,2020,300,0.89,0.89,0.4708994708994709,0.4708994708994709,0.0,33.0,0.0,267.0,0.0,300.0,33.0,0.0,0.0,,0.0,1.0,0.89,0.9417989417989417,1.0,0.0,,0.0,0.0,,,,,,
seoul,E_M,Linear,Y4 Drop,2021,300,1.0,1.0,1.0,0.5,0.0,0.0,0.0,300.0,0.0,300.0,0.0,0.0,,,,1.0,1.0,1.0,1.0,0.0,,0.0,0.0,,,,,,
seoul,E_M,Linear,Y4 Drop,2022,300,0.85,0.8648940345368916,0.8426114835324978,0.8426114835324978,95.0,36.0,9.0,160.0,104.0,196.0,131.0,0.0,0.7251908396946565,0.9134615384615384,0.8085106382978723,0.9467455621301775,0.8163265306122449,0.8767123287671232,2.0,0.3466666666666667,0.6996197718631179,5.0,526.0,0.9359301412872841,0.9100555734485274,,,,
seoul,E_M,Linear,Y4 Drop,2023,300,0.5566666666666666,0.684393718633641,0.5565434843011947,0.5565434843011947,86.0,132.0,1.0,81.0,87.0,213.0,218.0,0.0,0.3944954128440367,0.9885057471264368,0.5639344262295082,0.9878048780487805,0.38028169014084506,0.5491525423728814,2.0,0.29,0.5753424657534246,6.0,292.0,0.9192704117424856,0.8343889386998272,,,,
seoul,E_M,Linear,Y4 Drop,2024,300,0.9933333333333333,0.9933333333333333,0.4983277591973244,0.4983277591973244,0.0,2.0,0.0,298.0,0.0,300.0,2.0,0.0,0.0,,0.0,1.0,0.9933333333333333,0.9966555183946488,1.0,0.0,,0.0,0.0,,,,,,
seoul,E_M,Linear,Y4 Drop,2025,300,1.0,1.0,1.0,0.5,0.0,0.0,0.0,300.0,0.0,300.0,0.0,0.0,,,,1.0,1.0,1.0,1.0,0.0,,0.0,0.0,,,,,,
seoul,E_M,Random Forest,Y1 Growth,2018,300,,,,,,,,,,,,,,,,,,,,,,,,,,0.0,0.3354129713536596,0.4765225313280619,0.09559208906724048
seoul,E_M,Random Forest,Y1 Growth,2019,300,,,,,,,,,,,,,,,,,,,,,,,,,,0.0,0.5267312161155295,0.6751380840340694,-0.7899346786172983
seoul,E_M,Random Forest,Y1 Growth,2020,300,,,,,,,,,,,,,,,,,,,,,,,,,,0.0,0.7626746230993274,0.9676201017178554,-1.8667002778876856
seoul,E_M,Random Forest,Y1 Growth,2021,300,,,,,,,,,,,,,,,,,,,,,,,,,,0.0,0.8557496877105033,1.1153353290685737,-1.5084057489647495
seoul,E_M,Random Forest,Y1 Growth,2022,300,,,,,,,,,,,,,,,,,,,,,,,,,,0.0,0.9011475207179193,1.4503614431222356,-0.13098526682243228
seoul,E_M,Random Forest,Y1 Growth,2023,300,,,,,,,,,,,,,,,,,,,,,,,,,,0.0,1.286046926833091,1.556331318425802,-0.8672727360486396
seoul,E_M,Random Forest,Y1 Growth,2024,300,,,,,,,,,,,,,,,,,,,,,,,,,,0.0,0.7684353711374272,0.9662131811751892,-0.8941551942110326
seoul,E_M,Random Forest,Y1 Growth,2025,300,,,,,,,,,,,,,,,,,,,,,,,,,,0.0,1.3473424857695067,1.79950814062423,-0.50942621323581
seoul,E_M,Random Forest,Y2 Direction,2018,300,0.5566666666666666,0.5418331374853114,0.5400629387557492,0.5400629387557492,55.0,73.0,60.0,112.0,115.0,185.0,128.0,0.0,0.4296875,0.4782608695652174,0.45267489711934156,0.6511627906976745,0.6054054054054054,0.6274509803921569,2.0,0.38333333333333336,0.5962603878116344,12.0,1444.0,0.5483901292596944,0.40290274496575174,,,,
seoul,E_M,Random Forest,Y2 Direction,2019,300,0.3,0.3781433607520564,0.2546495669868913,0.2546495669868913,8.0,33.0,177.0,82.0,185.0,115.0,41.0,0.0,0.1951219512195122,0.043243243243243246,0.07079646017699115,0.3166023166023166,0.7130434782608696,0.4385026737967914,2.0,0.6166666666666667,0.5586666666666666,12.0,750.0,0.3092361927144536,0.4891045093650053,,,,
seoul,E_M,Random Forest,Y2 Direction,2020,300,0.85,0.4336734693877551,0.4594594594594595,0.4594594594594595,255.0,6.0,39.0,0.0,294.0,6.0,261.0,0.0,0.9770114942528736,0.8673469387755102,0.918918918918919,0.0,0.0,0.0,2.0,0.98,0.6764705882352942,3.0,136.0,0.3900226757369615,0.9772287608506717,,,,
seoul,E_M,Random Forest,Y2 Direction,2021,300,0.97,0.97,0.49238578680203043,0.49238578680203043,291.0,0.0,9.0,0.0,300.0,0.0,291.0,0.0,1.0,0.97,0.9847715736040609,0.0,,0.0,1.0,1.0,,0.0,0.0,,,,,,
seoul,E_M,Random Forest,Y2 Direction,2022,300,0.5466666666666666,0.46710043988269795,0.360060229625447,0.360060229625447,163.0,123.0,13.0,1.0,176.0,124.0,286.0,0.0,0.5699300699300699,0.9261363636363636,0.7056277056277056,0.07142857142857142,0.008064516129032258,0.014492753623188406,2.0,0.5866666666666667,0.5186721991701245,6.0,482.0,0.16184017595307917,0.410941458987675,,,,
seoul,E_M,Random Forest,Y2 Direction,2023,300,0.29,0.362079982959689,0.28936042438194376,0.28936042438194376,39.0,41.0,172.0,48.0,211.0,89.0,80.0,0.0,0.4875,0.1848341232227488,0.26804123711340205,0.21818181818181817,0.5393258426966292,0.3106796116504854,2.0,0.7033333333333334,0.5,8.0,340.0,0.24793652484157838,0.606698257568252,,,,
seoul,E_M,Random Forest,Y2 Direction,2024,300,0.9966666666666667,0.5,0.4991652754590985,0.4991652754590985,299.0,1.0,0.0,0.0,299.0,1.0,300.0,0.0,0.9966666666666667,1.0,0.998330550918197,,0.0,0.0,2.0,0.9966666666666667,0.9583333333333334,1.0,24.0,0.9264214046822743,0.9997457203383646,,,,
seoul,E_M,Random Forest,Y2 Direction,2025,300,1.0,1.0,1.0,0.5,300.0,0.0,0.0,0.0,300.0,0.0,300.0,0.0,1.0,1.0,1.0,,,,1.0,1.0,,0.0,0.0,,,,,,
seoul,E_M,Random Forest,Y3 Surge,2018,300,0.81,0.549673202614379,0.5555093447012035,0.5555093447012035,8.0,20.0,37.0,235.0,45.0,255.0,28.0,0.0,0.2857142857142857,0.17777777777777778,0.2191780821917808,0.8639705882352942,0.9215686274509803,0.8918406072106262,2.0,0.15,0.6550480769230769,9.0,832.0,0.6562962962962963,0.24775403212459174,,,,
seoul,E_M,Random Forest,Y3 Surge,2019,300,0.7166666666666667,0.49481684235047463,0.44946997992184634,0.44946997992184634,3.0,11.0,74.0,212.0,77.0,223.0,14.0,0.0,0.21428571428571427,0.03896103896103896,0.06593406593406594,0.7412587412587412,0.9506726457399103,0.8330058939096268,2.0,0.25666666666666665,0.6089108910891089,8.0,1010.0,0.3645681672587502,0.20175745956031427,,,,
seoul,E_M,Random Forest,Y3 Surge,2020,300,0.3433333333333333,0.5518648018648018,0.3406887627037338,0.3406887627037338,42.0,5.0,192.0,61.0,234.0,66.0,47.0,0.0,0.8936170212765957,0.1794871794871795,0.298932384341637,0.24110671936758893,0.9242424242424242,0.3824451410658307,2.0,0.78,0.5950520833333334,6.0,768.0,0.5867650867650868,0.8379557728316557,,,,
seoul,E_M,Random Forest,Y3 Surge,2021,300,0.55,0.6264714191543459,0.48717948717948717,0.48717948717948717,135.0,11.0,124.0,30.0,259.0,41.0,146.0,0.0,0.9246575342465754,0.5212355212355212,0.6666666666666666,0.19480519480519481,0.7317073170731707,0.3076923076923077,2.0,0.8633333333333333,0.7105911330049262,12.0,812.0,0.645635182220548,0.9245787461760667,,,,
seoul,E_M,Random Forest,Y3 Surge,2022,300,0.8033333333333333,0.4895241477272727,0.47681120865478405,0.47681120865478405,2.0,17.0,42.0,239.0,44.0,256.0,19.0,0.0,0.10526315789473684,0.045454545454545456,0.06349206349206349,0.8505338078291815,0.93359375,0.8901303538175046,2.0,0.14666666666666667,0.5837209302325581,9.0,860.0,0.5532670454545454,0.16045731205755598,,,,
seoul,E_M,Random Forest,Y3 Surge,2023,300,0.72,0.5,0.4186046511627907,0.4186046511627907,0.0,0.0,84.0,216.0,84.0,216.0,0.0,0.0,,0.0,0.0,0.72,1.0,0.8372093023255814,2.0,0.28,0.5153429602888087,8.0,1108.0,0.45089285714285715,0.25806911295237855,,,,
seoul,E_M,Random Forest,Y3 Surge,2024,300,0.6166666666666667,0.600155465199713,0.5676637551849021,0.5676637551849021,143.0,32.0,83.0,42.0,226.0,74.0,175.0,0.0,0.8171428571428572,0.6327433628318584,0.713216957605985,0.336,0.5675675675675675,0.4221105527638191,2.0,0.7533333333333333,0.6439114391143912,12.0,1084.0,0.5792872518536235,0.7966296487640476,,,,
seoul,E_M,Random Forest,Y3 Surge,2025,300,0.74,0.5319869883437246,0.532,0.532,211.0,51.0,27.0,11.0,238.0,62.0,262.0,0.0,0.8053435114503816,0.8865546218487395,0.844,0.2894736842105263,0.1774193548387097,0.22,2.0,0.7933333333333333,0.7164705882352941,9.0,850.0,0.7014773651396042,0.9092344320364597,,,,
seoul,E_M,Random Forest,Y4 Drop,2018,300,0.58,0.5413230884557722,0.5404590546586268,0.5404590546586268,43.0,53.0,73.0,131.0,116.0,184.0,96.0,0.0,0.4479166666666667,0.3706896551724138,0.4056603773584906,0.6421568627450981,0.7119565217391305,0.6752577319587629,2.0,0.38666666666666666,0.6763803680981595,12.0,1304.0,0.6174568965517241,0.5031311420147665,,,,
seoul,E_M,Random Forest,Y4 Drop,2019,300,0.5133333333333333,0.5079365079365079,0.44390838454116094,0.44390838454116094,24.0,122.0,24.0,130.0,48.0,252.0,146.0,0.0,0.1643835616438356,0.5,0.24742268041237114,0.8441558441558441,0.5158730158730159,0.6403940886699507,2.0,0.16,0.741106719367589,5.0,506.0,0.4889219576719577,0.19101858616286252,,,,
seoul,E_M,Random Forest,Y4 Drop,2020,300,1.0,1.0,1.0,0.5,0.0,0.0,0.0,300.0,0.0,300.0,0.0,0.0,,,,1.0,1.0,1.0,1.0,0.0,,0.0,0.0,,,,,,
seoul,E_M,Random Forest,Y4 Drop,2021,300,1.0,1.0,1.0,0.5,0.0,0.0,0.0,300.0,0.0,300.0,0.0,0.0,,,,1.0,1.0,1.0,1.0,0.0,,0.0,0.0,,,,,,
seoul,E_M,Random Forest,Y4 Drop,2022,300,0.6533333333333333,0.5,0.3951612903225806,0.3951612903225806,0.0,0.0,104.0,196.0,104.0,196.0,0.0,0.0,,0.0,0.0,0.6533333333333333,1.0,0.7903225806451613,2.0,0.3466666666666667,0.5190114068441065,5.0,526.0,0.6122939560439561,0.5192776554867908,,,,
seoul,E_M,Random Forest,Y4 Drop,2023,300,0.26666666666666666,0.43937186336409256,0.22694902548725637,0.22694902548725637,74.0,207.0,13.0,6.0,87.0,213.0,281.0,0.0,0.26334519572953735,0.8505747126436781,0.40217391304347827,0.3157894736842105,0.028169014084507043,0.05172413793103448,2.0,0.29,0.6643835616438356,6.0,292.0,0.22071124062381955,0.19288481544592084,,,,
seoul,E_M,Random Forest,Y4 Drop,2024,300,1.0,1.0,1.0,0.5,0.0,0.0,0.0,300.0,0.0,300.0,0.0,0.0,,,,1.0,1.0,1.0,1.0,0.0,,0.0,0.0,,,,,,
seoul,E_M,Random Forest,Y4 Drop,2025,300,1.0,1.0,1.0,0.5,0.0,0.0,0.0,300.0,0.0,300.0,0.0,0.0,,,,1.0,1.0,1.0,1.0,0.0,,0.0,0.0,,,,,,
seoul,E_M,XGBoost,Y1 Growth,2018,300,,,,,,,,,,,,,,,,,,,,,,,,,,0.0,0.33956990962045935,0.4846223823679799,0.06458483010539506
seoul,E_M,XGBoost,Y1 Growth,2019,300,,,,,,,,,,,,,,,,,,,,,,,,,,0.0,0.457468010354804,0.6106518454051254,-0.46433120123762306
seoul,E_M,XGBoost,Y1 Growth,2020,300,,,,,,,,,,,,,,,,,,,,,,,,,,0.0,0.7371661188692594,0.9405759051067252,-1.7086957284394089
seoul,E_M,XGBoost,Y1 Growth,2021,300,,,,,,,,,,,,,,,,,,,,,,,,,,0.0,0.863136514733136,1.1424686344349508,-1.6319367051447973
seoul,E_M,XGBoost,Y1 Growth,2022,300,,,,,,,,,,,,,,,,,,,,,,,,,,0.0,0.8458889972126172,1.3796983777639344,-0.023464452574275096
seoul,E_M,XGBoost,Y1 Growth,2023,300,,,,,,,,,,,,,,,,,,,,,,,,,,0.0,1.5026400464100733,1.8022437023257125,-1.503978960824225
seoul,E_M,XGBoost,Y1 Growth,2024,300,,,,,,,,,,,,,,,,,,,,,,,,,,0.0,0.6457028123346717,0.8089070675427253,-0.32759895951560947
seoul,E_M,XGBoost,Y1 Growth,2025,300,,,,,,,,,,,,,,,,,,,,,,,,,,0.0,1.3619995071952986,1.824030448228965,-0.5508451058283499
seoul,E_M,XGBoost,Y2 Direction,2018,300,0.5833333333333334,0.5881316098707403,0.5775837792171219,0.5775837792171219,70.0,80.0,45.0,105.0,115.0,185.0,150.0,0.0,0.4666666666666667,0.6086956521739131,0.5283018867924528,0.7,0.5675675675675675,0.6268656716417911,2.0,0.38333333333333336,0.6530470914127424,12.0,1444.0,0.6290716803760281,0.5044989953240858,,,,
seoul,E_M,XGBoost,Y2 Direction,2019,300,0.39666666666666667,0.47132784958871915,0.3688321651497716,0.3688321651497716,28.0,24.0,157.0,91.0,185.0,115.0,52.0,0.0,0.5384615384615384,0.15135135135135136,0.23628691983122363,0.36693548387096775,0.7913043478260869,0.5013774104683195,2.0,0.6166666666666667,0.5453333333333333,12.0,750.0,0.41438307873090485,0.5684793868653103,,,,
seoul,E_M,XGBoost,Y2 Direction,2020,300,0.8666666666666667,0.4421768707482993,0.4642857142857143,0.4642857142857143,260.0,6.0,34.0,0.0,294.0,6.0,266.0,0.0,0.9774436090225563,0.8843537414965986,0.9285714285714286,0.0,0.0,0.0,2.0,0.98,0.75,3.0,136.0,0.5867346938775511,0.9873458449475506,,,,
seoul,E_M,XGBoost,Y2 Direction,2021,300,0.99,0.99,0.49748743718592964,0.49748743718592964,297.0,0.0,3.0,0.0,300.0,0.0,297.0,0.0,1.0,0.99,0.9949748743718593,0.0,,0.0,1.0,1.0,,0.0,0.0,,,,,,
seoul,E_M,XGBoost,Y2 Direction,2022,300,0.5866666666666667,0.5023826979472141,0.3842690677966102,0.3842690677966102,174.0,122.0,2.0,2.0,176.0,124.0,296.0,0.0,0.5878378378378378,0.9886363636363636,0.7372881355932204,0.5,0.016129032258064516,0.03125,2.0,0.5866666666666667,0.5394190871369294,6.0,482.0,0.3343108504398826,0.47941403825512874,,,,
seoul,E_M,XGBoost,Y2 Direction,2023,300,0.37,0.5456360828585122,0.34093524427241345,0.34093524427241345,24.0,2.0,187.0,87.0,211.0,89.0,26.0,0.0,0.9230769230769231,0.11374407582938388,0.20253164556962025,0.3175182481751825,0.9775280898876404,0.4793388429752066,2.0,0.7033333333333334,0.5852941176470589,8.0,340.0,0.3455455562064008,0.6888370793979761,,,,
seoul,E_M,XGBoost,Y2 Direction,2024,300,0.9966666666666667,0.5,0.4991652754590985,0.4991652754590985,299.0,1.0,0.0,0.0,299.0,1.0,300.0,0.0,0.9966666666666667,1.0,0.998330550918197,,0.0,0.0,2.0,0.9966666666666667,0.9583333333333334,1.0,24.0,0.8494983277591973,0.9994574409114305,,,,
seoul,E_M,XGBoost,Y2 Direction,2025,300,1.0,1.0,1.0,0.5,300.0,0.0,0.0,0.0,300.0,0.0,300.0,0.0,1.0,1.0,1.0,,,,1.0,1.0,,0.0,0.0,,,,,,
seoul,E_M,XGBoost,Y3 Surge,2018,300,0.79,0.565359477124183,0.568246716162193,0.568246716162193,11.0,29.0,34.0,226.0,45.0,255.0,40.0,0.0,0.275,0.24444444444444444,0.25882352941176473,0.8692307692307693,0.8862745098039215,0.8776699029126214,2.0,0.15,0.6069711538461539,9.0,832.0,0.61760348583878,0.21717287948895025,,,,
seoul,E_M,XGBoost,Y3 Surge,2019,300,0.6766666666666666,0.489167782889756,0.47120713779506096,0.47120713779506096,8.0,28.0,69.0,195.0,77.0,223.0,36.0,0.0,0.2222222222222222,0.1038961038961039,0.1415929203539823,0.7386363636363636,0.874439461883408,0.8008213552361396,2.0,0.25666666666666665,0.7386138613861386,8.0,1010.0,0.4599033253741774,0.25254113167682024,,,,
seoul,E_M,XGBoost,Y3 Surge,2020,300,0.62,0.614996114996115,0.5657914783403586,0.5657914783403586,146.0,26.0,88.0,40.0,234.0,66.0,172.0,0.0,0.8488372093023255,0.6239316239316239,0.7192118226600985,0.3125,0.6060606060606061,0.41237113402061853,2.0,0.78,0.7018229166666666,6.0,768.0,0.6428386428386429,0.8665340605361835,,,,
seoul,E_M,XGBoost,Y3 Surge,2021,300,0.56,0.5090874846972407,0.45436507936507936,0.45436507936507936,150.0,23.0,109.0,18.0,259.0,41.0,173.0,0.0,0.8670520231213873,0.5791505791505791,0.6944444444444444,0.14173228346456693,0.43902439024390244,0.21428571428571427,2.0,0.8633333333333333,0.6822660098522167,12.0,812.0,0.5325360203408983,0.8802581268208566,,,,
seoul,E_M,XGBoost,Y3 Surge,2022,300,0.8433333333333334,0.494140625,0.45750452079566006,0.45750452079566006,0.0,3.0,44.0,253.0,44.0,256.0,3.0,0.0,0.0,0.0,0.0,0.8518518518518519,0.98828125,0.9150090415913201,2.0,0.14666666666666667,0.5720930232558139,9.0,860.0,0.5031072443181819,0.14042879810742148,,,,
seoul,E_M,XGBoost,Y3 Surge,2023,300,0.72,0.5,0.4186046511627907,0.4186046511627907,0.0,0.0,84.0,216.0,84.0,216.0,0.0,0.0,,0.0,0.0,0.72,1.0,0.8372093023255814,2.0,0.28,0.4675090252707581,8.0,1108.0,0.6393298059964726,0.41890111819182485,,,,
seoul,E_M,XGBoost,Y3 Surge,2024,300,0.6266666666666667,0.4613728773020809,0.45609945609945607,0.45609945609945607,178.0,64.0,48.0,10.0,226.0,74.0,242.0,0.0,0.7355371900826446,0.7876106194690266,0.7606837606837606,0.1724137931034483,0.13513513513513514,0.15151515151515152,2.0,0.7533333333333333,0.6107011070110702,12.0,1084.0,0.4495037072470701,0.7565853084445109,,,,
seoul,E_M,XGBoost,Y3 Surge,2025,300,0.79,0.515790187042559,0.48415622697126015,0.48415622697126015,234.0,59.0,4.0,3.0,238.0,62.0,293.0,0.0,0.7986348122866894,0.9831932773109243,0.8813559322033898,0.42857142857142855,0.04838709677419355,0.08695652173913043,2.0,0.7933333333333333,0.7505882352941177,9.0,850.0,0.7346841962591487,0.9072865753188386,,,,
seoul,E_M,XGBoost,Y4 Drop,2018,300,0.6,0.5719640179910045,0.5725683890577508,0.5725683890577508,52.0,56.0,64.0,128.0,116.0,184.0,108.0,0.0,0.48148148148148145,0.4482758620689655,0.4642857142857143,0.6666666666666666,0.6956521739130435,0.6808510638297872,2.0,0.38666666666666666,0.6656441717791411,12.0,1304.0,0.6684314092953524,0.5687690793696719,,,,
seoul,E_M,XGBoost,Y4 Drop,2019,300,0.41,0.43799603174603174,0.36839100284283527,0.36839100284283527,23.0,152.0,25.0,100.0,48.0,252.0,175.0,0.0,0.13142857142857142,0.4791666666666667,0.2062780269058296,0.8,0.3968253968253968,0.5305039787798409,2.0,0.16,0.7351778656126482,5.0,506.0,0.4198082010582011,0.1717951038371973,,,,
seoul,E_M,XGBoost,Y4 Drop,2020,300,0.9866666666666667,0.9866666666666667,0.4966442953020134,0.4966442953020134,0.0,4.0,0.0,296.0,0.0,300.0,4.0,0.0,0.0,,0.0,1.0,0.9866666666666667,0.9932885906040269,1.0,0.0,,0.0,0.0,,,,,,
seoul,E_M,XGBoost,Y4 Drop,2021,300,1.0,1.0,1.0,0.5,0.0,0.0,0.0,300.0,0.0,300.0,0.0,0.0,,,,1.0,1.0,1.0,1.0,0.0,,0.0,0.0,,,,,,
seoul,E_M,XGBoost,Y4 Drop,2022,300,0.6633333333333333,0.5144230769230769,0.4256033060984626,0.4256033060984626,3.0,0.0,101.0,196.0,104.0,196.0,3.0,0.0,1.0,0.028846153846153848,0.056074766355140186,0.6599326599326599,1.0,0.795131845841785,2.0,0.3466666666666667,0.311787072243346,5.0,526.0,0.5362784536891679,0.4760128658701583,,,,
seoul,E_M,XGBoost,Y4 Drop,2023,300,0.37333333333333335,0.5586854460093896,0.3453735085194299,0.3453735085194299,87.0,188.0,0.0,25.0,87.0,213.0,275.0,0.0,0.31636363636363635,1.0,0.48066298342541436,1.0,0.11737089201877934,0.21008403361344538,2.0,0.29,0.547945205479452,6.0,292.0,0.31115428201392265,0.20698156675967375,,,,
seoul,E_M,XGBoost,Y4 Drop,2024,300,1.0,1.0,1.0,0.5,0.0,0.0,0.0,300.0,0.0,300.0,0.0,0.0,,,,1.0,1.0,1.0,1.0,0.0,,0.0,0.0,,,,,,
seoul,E_M,XGBoost,Y4 Drop,2025,300,1.0,1.0,1.0,0.5,0.0,0.0,0.0,300.0,0.0,300.0,0.0,0.0,,,,1.0,1.0,1.0,1.0,0.0,,0.0,0.0,,,,,,
seoul,Regression_sign,Extra Trees,Y2 Direction,2018,300,0.5633333333333334,0.5307873090481786,0.530796690504901,0.530796690504901,45.0,61.0,70.0,124.0,115.0,185.0,106.0,0.0,0.42452830188679247,0.391304347826087,0.4072398190045249,0.6391752577319587,0.6702702702702703,0.6543535620052771,2.0,0.38333333333333336,,0.0,0.0,,,,,,
seoul,Regression_sign,Extra Trees,Y2 Direction,2019,300,0.27666666666666667,0.3575793184488837,0.22277009037834739,0.22277009037834739,2.0,34.0,183.0,81.0,185.0,115.0,36.0,0.0,0.05555555555555555,0.010810810810810811,0.01809954751131222,0.3068181818181818,0.7043478260869566,0.42744063324538256,2.0,0.6166666666666667,,0.0,0.0,,,,,,
seoul,Regression_sign,Extra Trees,Y2 Direction,2020,300,0.75,0.7908163265306123,0.48600799543118217,0.48600799543118217,220.0,1.0,74.0,5.0,294.0,6.0,221.0,0.0,0.995475113122172,0.7482993197278912,0.8543689320388349,0.06329113924050633,0.8333333333333334,0.11764705882352941,2.0,0.98,,0.0,0.0,,,,,,
seoul,Regression_sign,Extra Trees,Y2 Direction,2021,300,1.0,1.0,1.0,0.5,300.0,0.0,0.0,0.0,300.0,0.0,300.0,0.0,1.0,1.0,1.0,,,,1.0,1.0,,0.0,0.0,,,,,,
seoul,Regression_sign,Extra Trees,Y2 Direction,2022,300,0.5866666666666667,0.5,0.3697478991596639,0.3697478991596639,176.0,124.0,0.0,0.0,176.0,124.0,300.0,0.0,0.5866666666666667,1.0,0.7394957983193278,,0.0,0.0,2.0,0.5866666666666667,,0.0,0.0,,,,,,
seoul,Regression_sign,Extra Trees,Y2 Direction,2023,300,0.12,0.1567708610682145,0.11937377690802348,0.11937377690802348,14.0,67.0,197.0,22.0,211.0,89.0,81.0,0.0,0.1728395061728395,0.06635071090047394,0.0958904109589041,0.1004566210045662,0.24719101123595505,0.14285714285714285,2.0,0.7033333333333334,,0.0,0.0,,,,,,
seoul,Regression_sign,Extra Trees,Y2 Direction,2024,300,0.9966666666666667,0.5,0.4991652754590985,0.4991652754590985,299.0,1.0,0.0,0.0,299.0,1.0,300.0,0.0,0.9966666666666667,1.0,0.998330550918197,,0.0,0.0,2.0,0.9966666666666667,,0.0,0.0,,,,,,
seoul,Regression_sign,Extra Trees,Y2 Direction,2025,300,1.0,1.0,1.0,0.5,300.0,0.0,0.0,0.0,300.0,0.0,300.0,0.0,1.0,1.0,1.0,,,,1.0,1.0,,0.0,0.0,,,,,,
seoul,Regression_sign,Linear,Y2 Direction,2018,300,0.56,0.5873090481786134,0.5598239295718287,0.5598239295718287,81.0,98.0,34.0,87.0,115.0,185.0,179.0,0.0,0.45251396648044695,0.7043478260869566,0.5510204081632653,0.71900826446281,0.4702702702702703,0.5686274509803921,2.0,0.38333333333333336,,0.0,0.0,,,,,,
seoul,Regression_sign,Linear,Y2 Direction,2019,300,0.23,0.2753231492361927,0.2167632997660462,0.2167632997660462,15.0,61.0,170.0,54.0,185.0,115.0,76.0,0.0,0.19736842105263158,0.08108108108108109,0.11494252873563218,0.24107142857142858,0.46956521739130436,0.3185840707964602,2.0,0.6166666666666667,,0.0,0.0,,,,,,
seoul,Regression_sign,Linear,Y2 Direction,2020,300,0.77,0.8826530612244898,0.5076000856347678,0.5076000856347678,225.0,0.0,69.0,6.0,294.0,6.0,225.0,0.0,1.0,0.7653061224489796,0.8670520231213873,0.08,1.0,0.14814814814814814,2.0,0.98,,0.0,0.0,,,,,,
seoul,Regression_sign,Linear,Y2 Direction,2021,300,1.0,1.0,1.0,0.5,300.0,0.0,0.0,0.0,300.0,0.0,300.0,0.0,1.0,1.0,1.0,,,,1.0,1.0,,0.0,0.0,,,,,,
seoul,Regression_sign,Linear,Y2 Direction,2022,300,0.8866666666666667,0.8986436950146628,0.8858089651157584,0.8858089651157584,146.0,4.0,30.0,120.0,176.0,124.0,150.0,0.0,0.9733333333333334,0.8295454545454546,0.8957055214723927,0.8,0.967741935483871,0.8759124087591241,2.0,0.5866666666666667,,0.0,0.0,,,,,,
seoul,Regression_sign,Linear,Y2 Direction,2023,300,0.54,0.669737472708877,0.5389960358113224,0.5389960358113224,74.0,1.0,137.0,88.0,211.0,89.0,75.0,0.0,0.9866666666666667,0.35071090047393366,0.5174825174825175,0.39111111111111113,0.9887640449438202,0.5605095541401274,2.0,0.7033333333333334,,0.0,0.0,,,,,,
seoul,Regression_sign,Linear,Y2 Direction,2024,300,0.9933333333333333,0.4983277591973244,0.4983277591973244,0.4983277591973244,298.0,1.0,1.0,0.0,299.0,1.0,299.0,0.0,0.9966555183946488,0.9966555183946488,0.9966555183946488,0.0,0.0,0.0,2.0,0.9966666666666667,,0.0,0.0,,,,,,
seoul,Regression_sign,Linear,Y2 Direction,2025,300,0.9966666666666667,0.9966666666666667,0.4991652754590985,0.4991652754590985,299.0,0.0,1.0,0.0,300.0,0.0,299.0,0.0,1.0,0.9966666666666667,0.998330550918197,0.0,,0.0,1.0,1.0,,0.0,0.0,,,,,,
seoul,Regression_sign,Random Forest,Y2 Direction,2018,300,0.6233333333333333,0.590951821386604,0.5921117541600991,0.5921117541600991,52.0,50.0,63.0,135.0,115.0,185.0,102.0,0.0,0.5098039215686274,0.45217391304347826,0.4792626728110599,0.6818181818181818,0.7297297297297297,0.7049608355091384,2.0,0.38333333333333336,,0.0,0.0,,,,,,
seoul,Regression_sign,Random Forest,Y2 Direction,2019,300,0.3466666666666667,0.4505287896592245,0.26126941052314184,0.26126941052314184,1.0,12.0,184.0,103.0,185.0,115.0,13.0,0.0,0.07692307692307693,0.005405405405405406,0.010101010101010102,0.3588850174216028,0.8956521739130435,0.5124378109452736,2.0,0.6166666666666667,,0.0,0.0,,,,,,
seoul,Regression_sign,Random Forest,Y2 Direction,2020,300,0.7666666666666667,0.4727891156462585,0.4476010101010101,0.4476010101010101,229.0,5.0,65.0,1.0,294.0,6.0,234.0,0.0,0.9786324786324786,0.7789115646258503,0.8674242424242424,0.015151515151515152,0.16666666666666666,0.027777777777777776,2.0,0.98,,0.0,0.0,,,,,,
seoul,Regression_sign,Random Forest,Y2 Direction,2021,300,0.9033333333333333,0.9033333333333333,0.4746059544658494,0.4746059544658494,271.0,0.0,29.0,0.0,300.0,0.0,271.0,0.0,1.0,0.9033333333333333,0.9492119089316988,0.0,,0.0,1.0,1.0,,0.0,0.0,,,,,,
seoul,Regression_sign,Random Forest,Y2 Direction,2022,300,0.6333333333333333,0.560025659824047,0.4974415204678363,0.4974415204678363,173.0,107.0,3.0,17.0,176.0,124.0,280.0,0.0,0.6178571428571429,0.9829545454545454,0.7587719298245614,0.85,0.13709677419354838,0.2361111111111111,2.0,0.5866666666666667,,0.0,0.0,,,,,,
seoul,Regression_sign,Random Forest,Y2 Direction,2023,300,0.39666666666666667,0.5710900473933649,0.3723921913105792,0.3723921913105792,30.0,0.0,181.0,89.0,211.0,89.0,30.0,0.0,1.0,0.14218009478672985,0.24896265560165975,0.3296296296296296,1.0,0.4958217270194986,2.0,0.7033333333333334,,0.0,0.0,,,,,,
seoul,Regression_sign,Random Forest,Y2 Direction,2024,300,0.9966666666666667,0.5,0.4991652754590985,0.4991652754590985,299.0,1.0,0.0,0.0,299.0,1.0,300.0,0.0,0.9966666666666667,1.0,0.998330550918197,,0.0,0.0,2.0,0.9966666666666667,,0.0,0.0,,,,,,
seoul,Regression_sign,Random Forest,Y2 Direction,2025,300,1.0,1.0,1.0,0.5,300.0,0.0,0.0,0.0,300.0,0.0,300.0,0.0,1.0,1.0,1.0,,,,1.0,1.0,,0.0,0.0,,,,,,
seoul,Regression_sign,XGBoost,Y2 Direction,2018,300,0.6,0.5654524089306698,0.5659722222222222,0.5659722222222222,48.0,53.0,67.0,132.0,115.0,185.0,101.0,0.0,0.4752475247524752,0.41739130434782606,0.4444444444444444,0.6633165829145728,0.7135135135135136,0.6875,2.0,0.38333333333333336,,0.0,0.0,,,,,,
seoul,Regression_sign,XGBoost,Y2 Direction,2019,300,0.3433333333333333,0.41985898942420685,0.3066554042163798,0.3066554042163798,17.0,29.0,168.0,86.0,185.0,115.0,46.0,0.0,0.3695652173913043,0.0918918918918919,0.1471861471861472,0.33858267716535434,0.7478260869565218,0.46612466124661245,2.0,0.6166666666666667,,0.0,0.0,,,,,,
seoul,Regression_sign,XGBoost,Y2 Direction,2020,300,0.83,0.5867346938775511,0.4895746455379483,0.4895746455379483,247.0,4.0,47.0,2.0,294.0,6.0,251.0,0.0,0.9840637450199203,0.8401360544217688,0.9064220183486239,0.04081632653061224,0.3333333333333333,0.07272727272727272,2.0,0.98,,0.0,0.0,,,,,,
seoul,Regression_sign,XGBoost,Y2 Direction,2021,300,0.8766666666666667,0.8766666666666667,0.46714031971580816,0.46714031971580816,263.0,0.0,37.0,0.0,300.0,0.0,263.0,0.0,1.0,0.8766666666666667,0.9342806394316163,0.0,,0.0,1.0,1.0,,0.0,0.0,,,,,,
seoul,Regression_sign,XGBoost,Y2 Direction,2022,300,0.6933333333333334,0.6611986803519061,0.663003663003663,0.663003663003663,149.0,65.0,27.0,59.0,176.0,124.0,214.0,0.0,0.6962616822429907,0.8465909090909091,0.764102564102564,0.686046511627907,0.47580645161290325,0.5619047619047619,2.0,0.5866666666666667,,0.0,0.0,,,,,,
seoul,Regression_sign,XGBoost,Y2 Direction,2023,300,0.45666666666666667,0.6137440758293838,0.44632525277686563,0.44632525277686563,48.0,0.0,163.0,89.0,211.0,89.0,48.0,0.0,1.0,0.22748815165876776,0.37065637065637064,0.3531746031746032,1.0,0.5219941348973607,2.0,0.7033333333333334,,0.0,0.0,,,,,,
seoul,Regression_sign,XGBoost,Y2 Direction,2024,300,0.9966666666666667,0.5,0.4991652754590985,0.4991652754590985,299.0,1.0,0.0,0.0,299.0,1.0,300.0,0.0,0.9966666666666667,1.0,0.998330550918197,,0.0,0.0,2.0,0.9966666666666667,,0.0,0.0,,,,,,
seoul,Regression_sign,XGBoost,Y2 Direction,2025,300,1.0,1.0,1.0,0.5,300.0,0.0,0.0,0.0,300.0,0.0,300.0,0.0,1.0,1.0,1.0,,,,1.0,1.0,,0.0,0.0,,,,,,
