panel,year,origin,feature,coverage,unique,selected
provinces,2018,201801,V003_전세가율_%|수준,1.0,129,True
provinces,2018,201801,V003_전세가율_%|12m차,1.0,136,True
provinces,2018,201801,V004_지역별전월세전환율_%|수준,1.0,280,True
provinces,2018,201801,V004_지역별전월세전환율_%|12m차,1.0,387,True
provinces,2018,201801,V005_월세수급동향|수준,0.96,340,True
provinces,2018,201801,V005_월세수급동향|12m차,0.48,202,False
provinces,2018,201801,V009_주민등록인구_명|12m로그변화,1.0,425,True
provinces,2018,201801,V010_주민등록세대수_세대|12m로그변화,1.0,425,True
provinces,2018,201801,V011_20-29세_명|12m로그변화,1.0,425,True
provinces,2018,201801,V011_20-39세_명|12m로그변화,1.0,425,True
provinces,2018,201801,V011_20-39세비중_%|수준,1.0,425,True
provinces,2018,201801,V011_20-39세비중_%|12m차,1.0,425,True
provinces,2018,201801,V011_30-39세_명|12m로그변화,1.0,425,True
provinces,2018,201801,V012_순이동자수_명|천명당12개월,1.0,425,True
provinces,2018,201801,V013_고용률_%|수준,0.9552941176470588,110,True
provinces,2018,201801,V013_고용률_%|12m차,0.9411764705882353,79,True
provinces,2018,201801,V013_취업자_천명|12m로그변화,0.9411764705882353,400,True
provinces,2018,201801,V021_아파트_인허가_호|12개월누적log,1.0,423,True
provinces,2018,201801,V021_아파트_인허가_호|12개월누적log_12m차,1.0,425,True
provinces,2018,201801,V022_아파트_착공_호|12개월누적log,1.0,418,True
provinces,2018,201801,V022_아파트_착공_호|12개월누적log_12m차,1.0,424,True
provinces,2018,201801,V023_아파트_준공_호|12개월누적log,1.0,417,True
provinces,2018,201801,V023_아파트_준공_호|12개월누적log_12m차,1.0,424,True
provinces,2018,201801,V031_매매수급동향|수준,1.0,356,True
provinces,2018,201801,V031_매매수급동향|12m차,1.0,419,True
provinces,2018,201801,V032_전세수급동향|수준,1.0,364,True
provinces,2018,201801,V032_전세수급동향|12m차,1.0,415,True
provinces,2018,201801,V034_수급동향(구)_통합|수준,0.018823529411764704,8,False
provinces,2018,201801,V034_수급동향(구)_통합|12m차,0.018823529411764704,7,False
provinces,2018,201801,V035_아파트거래_동호수_호|12개월누적log,1.0,420,True
provinces,2018,201801,V035_아파트거래_동호수_호|12개월누적log_12m차,1.0,425,True
provinces,2018,201801,V035_아파트거래_면적_천㎡|12개월누적log,1.0,408,True
provinces,2018,201801,V035_아파트거래_면적_천㎡|12개월누적log_12m차,1.0,425,True
provinces,2018,201801,V036_아파트매매거래_동호수_호|12개월누적log,1.0,423,True
provinces,2018,201801,V036_아파트매매거래_동호수_호|12개월누적log_12m차,1.0,425,True
provinces,2018,201801,V036_아파트매매거래_면적_천㎡|12개월누적log,1.0,384,True
provinces,2018,201801,V036_아파트매매거래_면적_천㎡|12개월누적log_12m차,1.0,424,True
provinces,2018,201801,V037_주택시장_소비심리지수|수준,0.8823529411764706,253,True
provinces,2018,201801,V037_주택시장_소비심리지수|12m차,0.8823529411764706,291,True
provinces,2018,201801,V038_미분양주택현황_호|log,1.0,387,True
provinces,2018,201801,V038_미분양주택현황_호|log_12m차,1.0,414,True
provinces,2018,201801,V050_지역별_주택관련대출_예금은행_십억원|12m로그변화,1.0,425,True
provinces,2018,201801,V043_한국은행_기준금리_연%|수준,1.0,2,True
provinces,2018,201801,V043_한국은행_기준금리_연%|12m차,1.0,5,True
provinces,2018,201801,V044_시장금리_CD91일_연%|수준,1.0,19,True
provinces,2018,201801,V044_시장금리_CD91일_연%|12m차,1.0,22,True
provinces,2018,201801,V045_시장금리_국고채3년_연%|수준,1.0,25,True
provinces,2018,201801,V045_시장금리_국고채3년_연%|12m차,1.0,25,True
provinces,2018,201801,V046_M2_통화량_십억원|12m로그변화,1.0,25,True
provinces,2018,201801,V048_소비자물가지수_2020=100|수준,1.0,24,True
provinces,2018,201801,V048_소비자물가지수_2020=100|12m차,1.0,25,True
provinces,2018,201801,V056_예금은행대출금리_주택담보_연리%|수준,1.0,22,True
provinces,2018,201801,V056_예금은행대출금리_주택담보_연리%|12m차,1.0,22,True
provinces,2018,201801,V057_예금은행대출금리_전세자금_연리%|수준,1.0,21,True
provinces,2018,201801,V057_예금은행대출금리_전세자금_연리%|12m차,0.72,15,True
provinces,2018,201801,V059_비은행대출금리_주택담보_연리%|수준,1.0,22,True
provinces,2018,201801,V059_비은행대출금리_주택담보_연리%|12m차,1.0,23,True
provinces,2018,201801,V061_주택가격전망CSI_서울|수준,1.0,18,True
provinces,2018,201801,V061_주택가격전망CSI_서울|12m차,1.0,17,True
provinces,2018,201801,V062_주택가격전망CSI_6대광역시|수준,1.0,19,True
provinces,2018,201801,V062_주택가격전망CSI_6대광역시|12m차,1.0,18,True
provinces,2018,201801,V063_주택가격전망CSI_기타도시|수준,1.0,17,True
provinces,2018,201801,V063_주택가격전망CSI_기타도시|12m차,1.0,16,True
provinces,2018,201801,V064_KOSPI_종가_1980.01.04=100|수준,1.0,25,True
provinces,2018,201801,V064_KOSPI_종가_1980.01.04=100|12m차,1.0,25,True
provinces,2018,201801,V066_임금총액_사업체노동력_원|12m로그변화,1.0,25,True
provinces,2018,201801,V067_선행지수순환변동치_2020=100|수준,1.0,18,True
provinces,2018,201801,V067_선행지수순환변동치_2020=100|12m차,1.0,20,True
provinces,2018,201801,V069_예금취급기관_가계대출_십억원|12m로그변화,1.0,25,True
provinces,2018,201801,V069_예금취급기관_주택관련대출_십억원|12m로그변화,1.0,25,True
provinces,2018,201801,V070_수출금액_천불|12m로그변화,1.0,25,True
provinces,2018,201801,V071_정책대출_주금공_주택도시기금_십억원|12m로그변화,0.48,12,False
provinces,2018,201801,V047_가계신용_총액_십억원|12m로그변화,1.0,9,True
provinces,2018,201801,V049_시간당명목임금지수_2020=100|수준,1.0,9,True
provinces,2018,201801,V049_시간당명목임금지수_2020=100|12m차,1.0,9,True
provinces,2018,201801,V060_대출태도_국내은행_가계주택|수준,1.0,8,True
provinces,2018,201801,V060_대출태도_국내은행_가계주택|12m차,1.0,8,True
provinces,2018,201801,V074_가계동향_도시2인이상_월평균소득_원|수준,1.0,9,True
provinces,2018,201801,V074_가계동향_도시2인이상_월평균소득_원|12m차,1.0,9,True
provinces,2018,201801,V074_연결_월평균소득_원|12m로그변화,1.0,9,True
provinces,2018,201801,V015_1인당GRDP_천원|12m로그변화,0.9882352941176471,50,True
provinces,2018,201801,V017_1인당가계총처분가능소득_천원|12m로그변화,0.9882352941176471,50,True
provinces,2018,201801,V024_주거용신축허가_동수_동|12m로그변화,0.058823529411764705,3,False
provinces,2018,201801,V024_주거용신축허가_연면적_㎡|12m로그변화,0.058823529411764705,3,False
provinces,2018,201801,V072_총조사_가구수_가구|12m로그변화,0.04,17,False
provinces,2018,201801,V072_총조사_주택수_호|12m로그변화,0.04,17,False
provinces,2018,201801,V076_공공+민간총계(DT_MLTM_7174)_호|12m로그변화,0.0,0,False
provinces,2018,201801,V076_공공임대계(DT_MLTM_7174)_호|12m로그변화,0.0,0,False
provinces,2018,201801,V076_민간임대계(DT_MLTM_7174)_호|12m로그변화,0.0,0,False
provinces,2018,201801,V076_민간임대(DT_MLTM_6827합계)_호|12m로그변화,0.0,0,False
provinces,2018,201801,V077_임대주택건설공급_총계_호|12m로그변화,1.0,51,True
provinces,2018,201801,V072_총조사단순주택수가구수비율|12m로그변화,0.04,17,False
provinces,2018,201801,V024_주거용신축허가_동수_천세대당|수준,0.058823529411764705,3,False
provinces,2018,201801,V024_주거용신축허가_동수_천세대당|12m차,0.058823529411764705,3,False
provinces,2018,201801,V076_공공+민간총계(DT_MLTM_7174)_천세대당|수준,0.0,0,False
provinces,2018,201801,V076_공공+민간총계(DT_MLTM_7174)_천세대당|12m차,0.0,0,False
provinces,2018,201801,V076_공공임대계(DT_MLTM_7174)_천세대당|수준,0.0,0,False
provinces,2018,201801,V076_공공임대계(DT_MLTM_7174)_천세대당|12m차,0.0,0,False
provinces,2018,201801,V076_민간임대계(DT_MLTM_7174)_천세대당|수준,0.0,0,False
provinces,2018,201801,V076_민간임대계(DT_MLTM_7174)_천세대당|12m차,0.0,0,False
provinces,2018,201801,V076_민간임대(DT_MLTM_6827합계)_천세대당|수준,0.0,0,False
provinces,2018,201801,V076_민간임대(DT_MLTM_6827합계)_천세대당|12m차,0.0,0,False
provinces,2018,201801,V077_임대주택건설공급_총계_천세대당|수준,1.0,51,True
provinces,2018,201801,V077_임대주택건설공급_총계_천세대당|12m차,1.0,51,True
provinces,2018,201801,V015_전국대비|수준,1.0,51,True
provinces,2018,201801,V015_전국대비|12m차,0.9882352941176471,50,True
provinces,2018,201801,V017_전국대비|수준,1.0,50,True
provinces,2018,201801,V017_전국대비|12m차,0.9882352941176471,50,True
provinces,2018,201801,V072_공식주택보급률_%|수준,0.96,49,True
provinces,2018,201801,V072_공식주택보급률_%|12m차,0.9411764705882353,48,True
provinces,2018,201801,D_CSI_전신계열,1.0,1,False
provinces,2018,201801,D_Wage_10th,1.0,1,False
provinces,2018,201801,D_Wage_11th,1.0,1,False
provinces,2018,201801,M10_rent_growth_1m,0.96,408,True
provinces,2018,201801,M10_rent_growth_6m,0.76,323,True
provinces,2018,201804,V003_전세가율_%|수준,1.0,136,True
provinces,2018,201804,V003_전세가율_%|12m차,1.0,141,True
provinces,2018,201804,V004_지역별전월세전환율_%|수준,1.0,305,True
provinces,2018,201804,V004_지역별전월세전환율_%|12m차,1.0,432,True
provinces,2018,201804,V005_월세수급동향|수준,0.9642857142857143,380,True
provinces,2018,201804,V005_월세수급동향|12m차,0.5357142857142857,253,False
provinces,2018,201804,V009_주민등록인구_명|12m로그변화,1.0,476,True
provinces,2018,201804,V010_주민등록세대수_세대|12m로그변화,1.0,476,True
provinces,2018,201804,V011_20-29세_명|12m로그변화,1.0,476,True
provinces,2018,201804,V011_20-39세_명|12m로그변화,1.0,476,True
provinces,2018,201804,V011_20-39세비중_%|수준,1.0,476,True
provinces,2018,201804,V011_20-39세비중_%|12m차,1.0,476,True
provinces,2018,201804,V011_30-39세_명|12m로그변화,1.0,476,True
provinces,2018,201804,V012_순이동자수_명|천명당12개월,1.0,476,True
provinces,2018,201804,V013_고용률_%|수준,0.9600840336134454,115,True
provinces,2018,201804,V013_고용률_%|12m차,0.9411764705882353,89,True
provinces,2018,201804,V013_취업자_천명|12m로그변화,0.9411764705882353,448,True
provinces,2018,201804,V021_아파트_인허가_호|12개월누적log,1.0,473,True
provinces,2018,201804,V021_아파트_인허가_호|12개월누적log_12m차,1.0,476,True
provinces,2018,201804,V022_아파트_착공_호|12개월누적log,1.0,468,True
provinces,2018,201804,V022_아파트_착공_호|12개월누적log_12m차,1.0,475,True
provinces,2018,201804,V023_아파트_준공_호|12개월누적log,1.0,467,True
provinces,2018,201804,V023_아파트_준공_호|12개월누적log_12m차,1.0,475,True
provinces,2018,201804,V031_매매수급동향|수준,1.0,400,True
provinces,2018,201804,V031_매매수급동향|12m차,1.0,468,True
provinces,2018,201804,V032_전세수급동향|수준,1.0,405,True
provinces,2018,201804,V032_전세수급동향|12m차,1.0,463,True
provinces,2018,201804,V034_수급동향(구)_통합|수준,0.01680672268907563,8,False
provinces,2018,201804,V034_수급동향(구)_통합|12m차,0.01680672268907563,7,False
provinces,2018,201804,V035_아파트거래_동호수_호|12개월누적log,1.0,470,True
provinces,2018,201804,V035_아파트거래_동호수_호|12개월누적log_12m차,1.0,476,True
provinces,2018,201804,V035_아파트거래_면적_천㎡|12개월누적log,1.0,454,True
provinces,2018,201804,V035_아파트거래_면적_천㎡|12개월누적log_12m차,1.0,476,True
provinces,2018,201804,V036_아파트매매거래_동호수_호|12개월누적log,1.0,473,True
provinces,2018,201804,V036_아파트매매거래_동호수_호|12개월누적log_12m차,1.0,476,True
provinces,2018,201804,V036_아파트매매거래_면적_천㎡|12개월누적log,1.0,421,True
provinces,2018,201804,V036_아파트매매거래_면적_천㎡|12개월누적log_12m차,1.0,475,True
provinces,2018,201804,V037_주택시장_소비심리지수|수준,0.8823529411764706,269,True
provinces,2018,201804,V037_주택시장_소비심리지수|12m차,0.8823529411764706,319,True
provinces,2018,201804,V038_미분양주택현황_호|log,1.0,433,True
provinces,2018,201804,V038_미분양주택현황_호|log_12m차,1.0,461,True
provinces,2018,201804,V050_지역별_주택관련대출_예금은행_십억원|12m로그변화,1.0,476,True
provinces,2018,201804,V043_한국은행_기준금리_연%|수준,1.0,2,True
provinces,2018,201804,V043_한국은행_기준금리_연%|12m차,1.0,5,True
provinces,2018,201804,V044_시장금리_CD91일_연%|수준,1.0,19,True
provinces,2018,201804,V044_시장금리_CD91일_연%|12m차,1.0,23,True
provinces,2018,201804,V045_시장금리_국고채3년_연%|수준,1.0,28,True
provinces,2018,201804,V045_시장금리_국고채3년_연%|12m차,1.0,28,True
provinces,2018,201804,V046_M2_통화량_십억원|12m로그변화,1.0,28,True
provinces,2018,201804,V048_소비자물가지수_2020=100|수준,1.0,27,True
provinces,2018,201804,V048_소비자물가지수_2020=100|12m차,1.0,28,True
provinces,2018,201804,V056_예금은행대출금리_주택담보_연리%|수준,1.0,24,True
provinces,2018,201804,V056_예금은행대출금리_주택담보_연리%|12m차,1.0,25,True
provinces,2018,201804,V057_예금은행대출금리_전세자금_연리%|수준,1.0,22,True
provinces,2018,201804,V057_예금은행대출금리_전세자금_연리%|12m차,0.75,18,True
provinces,2018,201804,V059_비은행대출금리_주택담보_연리%|수준,1.0,24,True
provinces,2018,201804,V059_비은행대출금리_주택담보_연리%|12m차,1.0,26,True
provinces,2018,201804,V061_주택가격전망CSI_서울|수준,1.0,18,True
provinces,2018,201804,V061_주택가격전망CSI_서울|12m차,1.0,18,True
provinces,2018,201804,V062_주택가격전망CSI_6대광역시|수준,1.0,22,True
provinces,2018,201804,V062_주택가격전망CSI_6대광역시|12m차,1.0,20,True
provinces,2018,201804,V063_주택가격전망CSI_기타도시|수준,1.0,18,True
provinces,2018,201804,V063_주택가격전망CSI_기타도시|12m차,1.0,17,True
provinces,2018,201804,V064_KOSPI_종가_1980.01.04=100|수준,1.0,28,True
provinces,2018,201804,V064_KOSPI_종가_1980.01.04=100|12m차,1.0,28,True
provinces,2018,201804,V066_임금총액_사업체노동력_원|12m로그변화,1.0,28,True
provinces,2018,201804,V067_선행지수순환변동치_2020=100|수준,1.0,21,True
provinces,2018,201804,V067_선행지수순환변동치_2020=100|12m차,1.0,22,True
provinces,2018,201804,V069_예금취급기관_가계대출_십억원|12m로그변화,1.0,28,True
provinces,2018,201804,V069_예금취급기관_주택관련대출_십억원|12m로그변화,1.0,28,True
provinces,2018,201804,V070_수출금액_천불|12m로그변화,1.0,28,True
provinces,2018,201804,V071_정책대출_주금공_주택도시기금_십억원|12m로그변화,0.5357142857142857,15,False
provinces,2018,201804,V047_가계신용_총액_십억원|12m로그변화,1.0,10,True
provinces,2018,201804,V049_시간당명목임금지수_2020=100|수준,1.0,10,True
provinces,2018,201804,V049_시간당명목임금지수_2020=100|12m차,1.0,10,True
provinces,2018,201804,V060_대출태도_국내은행_가계주택|수준,1.0,8,True
provinces,2018,201804,V060_대출태도_국내은행_가계주택|12m차,1.0,9,True
provinces,2018,201804,V074_가계동향_도시2인이상_월평균소득_원|수준,1.0,10,True
provinces,2018,201804,V074_가계동향_도시2인이상_월평균소득_원|12m차,1.0,10,True
provinces,2018,201804,V074_연결_월평균소득_원|12m로그변화,1.0,10,True
provinces,2018,201804,V015_1인당GRDP_천원|12m로그변화,0.9894957983193278,50,True
provinces,2018,201804,V017_1인당가계총처분가능소득_천원|12m로그변화,0.9894957983193278,50,True
provinces,2018,201804,V024_주거용신축허가_동수_동|12m로그변화,0.058823529411764705,3,False
provinces,2018,201804,V024_주거용신축허가_연면적_㎡|12m로그변화,0.058823529411764705,3,False
provinces,2018,201804,V072_총조사_가구수_가구|12m로그변화,0.14285714285714285,17,False
provinces,2018,201804,V072_총조사_주택수_호|12m로그변화,0.14285714285714285,17,False
provinces,2018,201804,V076_공공+민간총계(DT_MLTM_7174)_호|12m로그변화,0.0,0,False
provinces,2018,201804,V076_공공임대계(DT_MLTM_7174)_호|12m로그변화,0.0,0,False
provinces,2018,201804,V076_민간임대계(DT_MLTM_7174)_호|12m로그변화,0.0,0,False
provinces,2018,201804,V076_민간임대(DT_MLTM_6827합계)_호|12m로그변화,0.0,0,False
provinces,2018,201804,V077_임대주택건설공급_총계_호|12m로그변화,1.0,51,True
provinces,2018,201804,V072_총조사단순주택수가구수비율|12m로그변화,0.14285714285714285,17,False
provinces,2018,201804,V024_주거용신축허가_동수_천세대당|수준,0.058823529411764705,3,False
provinces,2018,201804,V024_주거용신축허가_동수_천세대당|12m차,0.058823529411764705,3,False
provinces,2018,201804,V076_공공+민간총계(DT_MLTM_7174)_천세대당|수준,0.0,0,False
provinces,2018,201804,V076_공공+민간총계(DT_MLTM_7174)_천세대당|12m차,0.0,0,False
provinces,2018,201804,V076_공공임대계(DT_MLTM_7174)_천세대당|수준,0.0,0,False
provinces,2018,201804,V076_공공임대계(DT_MLTM_7174)_천세대당|12m차,0.0,0,False
provinces,2018,201804,V076_민간임대계(DT_MLTM_7174)_천세대당|수준,0.0,0,False
provinces,2018,201804,V076_민간임대계(DT_MLTM_7174)_천세대당|12m차,0.0,0,False
provinces,2018,201804,V076_민간임대(DT_MLTM_6827합계)_천세대당|수준,0.0,0,False
provinces,2018,201804,V076_민간임대(DT_MLTM_6827합계)_천세대당|12m차,0.0,0,False
provinces,2018,201804,V077_임대주택건설공급_총계_천세대당|수준,1.0,51,True
provinces,2018,201804,V077_임대주택건설공급_총계_천세대당|12m차,1.0,51,True
provinces,2018,201804,V015_전국대비|수준,1.0,51,True
provinces,2018,201804,V015_전국대비|12m차,0.9894957983193278,50,True
provinces,2018,201804,V017_전국대비|수준,1.0,50,True
provinces,2018,201804,V017_전국대비|12m차,0.9894957983193278,50,True
provinces,2018,201804,V072_공식주택보급률_%|수준,0.9642857142857143,49,True
provinces,2018,201804,V072_공식주택보급률_%|12m차,0.9411764705882353,48,True
provinces,2018,201804,D_CSI_전신계열,1.0,1,False
provinces,2018,201804,D_Wage_10th,1.0,1,False
provinces,2018,201804,D_Wage_11th,1.0,1,False
provinces,2018,201804,M10_rent_growth_1m,0.9642857142857143,459,True
provinces,2018,201804,M10_rent_growth_6m,0.7857142857142857,374,True
provinces,2018,201807,V003_전세가율_%|수준,1.0,146,True
provinces,2018,201807,V003_전세가율_%|12m차,1.0,151,True
provinces,2018,201807,V004_지역별전월세전환율_%|수준,1.0,330,True
provinces,2018,201807,V004_지역별전월세전환율_%|12m차,1.0,477,True
provinces,2018,201807,V005_월세수급동향|수준,0.967741935483871,420,True
provinces,2018,201807,V005_월세수급동향|12m차,0.5806451612903226,302,False
provinces,2018,201807,V009_주민등록인구_명|12m로그변화,1.0,527,True
provinces,2018,201807,V010_주민등록세대수_세대|12m로그변화,1.0,527,True
provinces,2018,201807,V011_20-29세_명|12m로그변화,1.0,527,True
provinces,2018,201807,V011_20-39세_명|12m로그변화,1.0,527,True
provinces,2018,201807,V011_20-39세비중_%|수준,1.0,527,True
provinces,2018,201807,V011_20-39세비중_%|12m차,1.0,527,True
provinces,2018,201807,V011_30-39세_명|12m로그변화,1.0,527,True
provinces,2018,201807,V012_순이동자수_명|천명당12개월,1.0,527,True
provinces,2018,201807,V013_고용률_%|수준,0.9639468690702088,117,True
provinces,2018,201807,V013_고용률_%|12m차,0.9411764705882353,91,True
provinces,2018,201807,V013_취업자_천명|12m로그변화,0.9411764705882353,496,True
provinces,2018,201807,V021_아파트_인허가_호|12개월누적log,1.0,523,True
provinces,2018,201807,V021_아파트_인허가_호|12개월누적log_12m차,1.0,527,True
provinces,2018,201807,V022_아파트_착공_호|12개월누적log,1.0,517,True
provinces,2018,201807,V022_아파트_착공_호|12개월누적log_12m차,1.0,526,True
provinces,2018,201807,V023_아파트_준공_호|12개월누적log,1.0,517,True
provinces,2018,201807,V023_아파트_준공_호|12개월누적log_12m차,1.0,526,True
provinces,2018,201807,V031_매매수급동향|수준,1.0,444,True
provinces,2018,201807,V031_매매수급동향|12m차,1.0,516,True
provinces,2018,201807,V032_전세수급동향|수준,1.0,446,True
provinces,2018,201807,V032_전세수급동향|12m차,1.0,513,True
provinces,2018,201807,V034_수급동향(구)_통합|수준,0.015180265654648957,8,False
provinces,2018,201807,V034_수급동향(구)_통합|12m차,0.015180265654648957,7,False
provinces,2018,201807,V035_아파트거래_동호수_호|12개월누적log,1.0,521,True
provinces,2018,201807,V035_아파트거래_동호수_호|12개월누적log_12m차,1.0,527,True
provinces,2018,201807,V035_아파트거래_면적_천㎡|12개월누적log,1.0,501,True
provinces,2018,201807,V035_아파트거래_면적_천㎡|12개월누적log_12m차,1.0,527,True
provinces,2018,201807,V036_아파트매매거래_동호수_호|12개월누적log,1.0,523,True
provinces,2018,201807,V036_아파트매매거래_동호수_호|12개월누적log_12m차,1.0,527,True
provinces,2018,201807,V036_아파트매매거래_면적_천㎡|12개월누적log,1.0,468,True
provinces,2018,201807,V036_아파트매매거래_면적_천㎡|12개월누적log_12m차,1.0,526,True
provinces,2018,201807,V037_주택시장_소비심리지수|수준,0.8823529411764706,290,True
provinces,2018,201807,V037_주택시장_소비심리지수|12m차,0.8823529411764706,344,True
provinces,2018,201807,V038_미분양주택현황_호|log,1.0,475,True
provinces,2018,201807,V038_미분양주택현황_호|log_12m차,1.0,509,True
provinces,2018,201807,V050_지역별_주택관련대출_예금은행_십억원|12m로그변화,1.0,527,True
provinces,2018,201807,V043_한국은행_기준금리_연%|수준,1.0,2,True
provinces,2018,201807,V043_한국은행_기준금리_연%|12m차,1.0,6,True
provinces,2018,201807,V044_시장금리_CD91일_연%|수준,1.0,21,True
provinces,2018,201807,V044_시장금리_CD91일_연%|12m차,1.0,26,True
provinces,2018,201807,V045_시장금리_국고채3년_연%|수준,1.0,31,True
provinces,2018,201807,V045_시장금리_국고채3년_연%|12m차,1.0,31,True
provinces,2018,201807,V046_M2_통화량_십억원|12m로그변화,1.0,31,True
provinces,2018,201807,V048_소비자물가지수_2020=100|수준,1.0,30,True
provinces,2018,201807,V048_소비자물가지수_2020=100|12m차,1.0,31,True
provinces,2018,201807,V056_예금은행대출금리_주택담보_연리%|수준,1.0,27,True
provinces,2018,201807,V056_예금은행대출금리_주택담보_연리%|12m차,1.0,28,True
provinces,2018,201807,V057_예금은행대출금리_전세자금_연리%|수준,1.0,25,True
provinces,2018,201807,V057_예금은행대출금리_전세자금_연리%|12m차,0.7741935483870968,21,True
provinces,2018,201807,V059_비은행대출금리_주택담보_연리%|수준,1.0,27,True
provinces,2018,201807,V059_비은행대출금리_주택담보_연리%|12m차,1.0,29,True
provinces,2018,201807,V061_주택가격전망CSI_서울|수준,1.0,18,True
provinces,2018,201807,V061_주택가격전망CSI_서울|12m차,1.0,20,True
provinces,2018,201807,V062_주택가격전망CSI_6대광역시|수준,1.0,22,True
provinces,2018,201807,V062_주택가격전망CSI_6대광역시|12m차,1.0,23,True
provinces,2018,201807,V063_주택가격전망CSI_기타도시|수준,1.0,18,True
provinces,2018,201807,V063_주택가격전망CSI_기타도시|12m차,1.0,19,True
provinces,2018,201807,V064_KOSPI_종가_1980.01.04=100|수준,1.0,31,True
provinces,2018,201807,V064_KOSPI_종가_1980.01.04=100|12m차,1.0,31,True
provinces,2018,201807,V066_임금총액_사업체노동력_원|12m로그변화,1.0,31,True
provinces,2018,201807,V067_선행지수순환변동치_2020=100|수준,1.0,22,True
provinces,2018,201807,V067_선행지수순환변동치_2020=100|12m차,1.0,24,True
provinces,2018,201807,V069_예금취급기관_가계대출_십억원|12m로그변화,1.0,31,True
provinces,2018,201807,V069_예금취급기관_주택관련대출_십억원|12m로그변화,1.0,31,True
provinces,2018,201807,V070_수출금액_천불|12m로그변화,1.0,31,True
provinces,2018,201807,V071_정책대출_주금공_주택도시기금_십억원|12m로그변화,0.5806451612903226,18,False
provinces,2018,201807,V047_가계신용_총액_십억원|12m로그변화,1.0,11,True
provinces,2018,201807,V049_시간당명목임금지수_2020=100|수준,1.0,10,True
provinces,2018,201807,V049_시간당명목임금지수_2020=100|12m차,1.0,11,True
provinces,2018,201807,V060_대출태도_국내은행_가계주택|수준,1.0,9,True
provinces,2018,201807,V060_대출태도_국내은행_가계주택|12m차,1.0,9,True
provinces,2018,201807,V074_가계동향_도시2인이상_월평균소득_원|수준,1.0,11,True
provinces,2018,201807,V074_가계동향_도시2인이상_월평균소득_원|12m차,1.0,11,True
provinces,2018,201807,V074_연결_월평균소득_원|12m로그변화,1.0,11,True
provinces,2018,201807,V015_1인당GRDP_천원|12m로그변화,0.9905123339658444,67,True
provinces,2018,201807,V017_1인당가계총처분가능소득_천원|12m로그변화,0.9905123339658444,67,True
provinces,2018,201807,V024_주거용신축허가_동수_동|12m로그변화,0.058823529411764705,4,False
provinces,2018,201807,V024_주거용신축허가_연면적_㎡|12m로그변화,0.058823529411764705,4,False
provinces,2018,201807,V072_총조사_가구수_가구|12m로그변화,0.22580645161290322,17,False
provinces,2018,201807,V072_총조사_주택수_호|12m로그변화,0.22580645161290322,17,False
provinces,2018,201807,V076_공공+민간총계(DT_MLTM_7174)_호|12m로그변화,0.0,0,False
provinces,2018,201807,V076_공공임대계(DT_MLTM_7174)_호|12m로그변화,0.0,0,False
provinces,2018,201807,V076_민간임대계(DT_MLTM_7174)_호|12m로그변화,0.0,0,False
provinces,2018,201807,V076_민간임대(DT_MLTM_6827합계)_호|12m로그변화,0.0,0,False
provinces,2018,201807,V077_임대주택건설공급_총계_호|12m로그변화,1.0,68,True
provinces,2018,201807,V072_총조사단순주택수가구수비율|12m로그변화,0.22580645161290322,17,False
provinces,2018,201807,V024_주거용신축허가_동수_천세대당|수준,0.058823529411764705,4,False
provinces,2018,201807,V024_주거용신축허가_동수_천세대당|12m차,0.058823529411764705,4,False
provinces,2018,201807,V076_공공+민간총계(DT_MLTM_7174)_천세대당|수준,0.0,0,False
provinces,2018,201807,V076_공공+민간총계(DT_MLTM_7174)_천세대당|12m차,0.0,0,False
provinces,2018,201807,V076_공공임대계(DT_MLTM_7174)_천세대당|수준,0.0,0,False
provinces,2018,201807,V076_공공임대계(DT_MLTM_7174)_천세대당|12m차,0.0,0,False
provinces,2018,201807,V076_민간임대계(DT_MLTM_7174)_천세대당|수준,0.0,0,False
provinces,2018,201807,V076_민간임대계(DT_MLTM_7174)_천세대당|12m차,0.0,0,False
provinces,2018,201807,V076_민간임대(DT_MLTM_6827합계)_천세대당|수준,0.0,0,False
provinces,2018,201807,V076_민간임대(DT_MLTM_6827합계)_천세대당|12m차,0.0,0,False
provinces,2018,201807,V077_임대주택건설공급_총계_천세대당|수준,1.0,68,True
provinces,2018,201807,V077_임대주택건설공급_총계_천세대당|12m차,1.0,68,True
provinces,2018,201807,V015_전국대비|수준,1.0,68,True
provinces,2018,201807,V015_전국대비|12m차,0.9905123339658444,67,True
provinces,2018,201807,V017_전국대비|수준,1.0,67,True
provinces,2018,201807,V017_전국대비|12m차,0.9905123339658444,67,True
provinces,2018,201807,V072_공식주택보급률_%|수준,0.967741935483871,66,True
provinces,2018,201807,V072_공식주택보급률_%|12m차,0.9449715370018975,65,True
provinces,2018,201807,D_CSI_전신계열,1.0,1,False
provinces,2018,201807,D_Wage_10th,1.0,1,False
provinces,2018,201807,D_Wage_11th,1.0,1,False
provinces,2018,201807,M10_rent_growth_1m,0.967741935483871,510,True
provinces,2018,201807,M10_rent_growth_6m,0.8064516129032258,425,True
provinces,2018,201810,V003_전세가율_%|수준,1.0,161,True
provinces,2018,201810,V003_전세가율_%|12m차,1.0,158,True
provinces,2018,201810,V004_지역별전월세전환율_%|수준,1.0,356,True
provinces,2018,201810,V004_지역별전월세전환율_%|12m차,1.0,519,True
provinces,2018,201810,V005_월세수급동향|수준,0.9705882352941176,462,True
provinces,2018,201810,V005_월세수급동향|12m차,0.6176470588235294,352,False
provinces,2018,201810,V009_주민등록인구_명|12m로그변화,1.0,578,True
provinces,2018,201810,V010_주민등록세대수_세대|12m로그변화,1.0,578,True
provinces,2018,201810,V011_20-29세_명|12m로그변화,1.0,578,True
provinces,2018,201810,V011_20-39세_명|12m로그변화,1.0,578,True
provinces,2018,201810,V011_20-39세비중_%|수준,1.0,578,True
provinces,2018,201810,V011_20-39세비중_%|12m차,1.0,578,True
provinces,2018,201810,V011_30-39세_명|12m로그변화,1.0,578,True
provinces,2018,201810,V012_순이동자수_명|천명당12개월,1.0,578,True
provinces,2018,201810,V013_고용률_%|수준,0.967128027681661,125,True
provinces,2018,201810,V013_고용률_%|12m차,0.9463667820069204,96,True
provinces,2018,201810,V013_취업자_천명|12m로그변화,0.9463667820069204,547,True
provinces,2018,201810,V021_아파트_인허가_호|12개월누적log,1.0,572,True
provinces,2018,201810,V021_아파트_인허가_호|12개월누적log_12m차,1.0,578,True
provinces,2018,201810,V022_아파트_착공_호|12개월누적log,1.0,564,True
provinces,2018,201810,V022_아파트_착공_호|12개월누적log_12m차,1.0,576,True
provinces,2018,201810,V023_아파트_준공_호|12개월누적log,1.0,567,True
provinces,2018,201810,V023_아파트_준공_호|12개월누적log_12m차,1.0,577,True
provinces,2018,201810,V031_매매수급동향|수준,1.0,488,True
provinces,2018,201810,V031_매매수급동향|12m차,1.0,567,True
provinces,2018,201810,V032_전세수급동향|수준,1.0,491,True
provinces,2018,201810,V032_전세수급동향|12m차,1.0,563,True
provinces,2018,201810,V034_수급동향(구)_통합|수준,0.01384083044982699,8,False
provinces,2018,201810,V034_수급동향(구)_통합|12m차,0.01384083044982699,7,False
provinces,2018,201810,V035_아파트거래_동호수_호|12개월누적log,1.0,572,True
provinces,2018,201810,V035_아파트거래_동호수_호|12개월누적log_12m차,1.0,578,True
provinces,2018,201810,V035_아파트거래_면적_천㎡|12개월누적log,1.0,547,True
provinces,2018,201810,V035_아파트거래_면적_천㎡|12개월누적log_12m차,1.0,578,True
provinces,2018,201810,V036_아파트매매거래_동호수_호|12개월누적log,1.0,574,True
provinces,2018,201810,V036_아파트매매거래_동호수_호|12개월누적log_12m차,1.0,578,True
provinces,2018,201810,V036_아파트매매거래_면적_천㎡|12개월누적log,1.0,509,True
provinces,2018,201810,V036_아파트매매거래_면적_천㎡|12개월누적log_12m차,1.0,577,True
provinces,2018,201810,V037_주택시장_소비심리지수|수준,0.8823529411764706,310,True
provinces,2018,201810,V037_주택시장_소비심리지수|12m차,0.8823529411764706,367,True
provinces,2018,201810,V038_미분양주택현황_호|log,1.0,516,True
provinces,2018,201810,V038_미분양주택현황_호|log_12m차,1.0,557,True
provinces,2018,201810,V050_지역별_주택관련대출_예금은행_십억원|12m로그변화,1.0,578,True
provinces,2018,201810,V043_한국은행_기준금리_연%|수준,1.0,2,True
provinces,2018,201810,V043_한국은행_기준금리_연%|12m차,1.0,6,True
provinces,2018,201810,V044_시장금리_CD91일_연%|수준,1.0,21,True
provinces,2018,201810,V044_시장금리_CD91일_연%|12m차,1.0,28,True
provinces,2018,201810,V045_시장금리_국고채3년_연%|수준,1.0,34,True
provinces,2018,201810,V045_시장금리_국고채3년_연%|12m차,1.0,34,True
provinces,2018,201810,V046_M2_통화량_십억원|12m로그변화,1.0,34,True
provinces,2018,201810,V048_소비자물가지수_2020=100|수준,1.0,33,True
provinces,2018,201810,V048_소비자물가지수_2020=100|12m차,1.0,33,True
provinces,2018,201810,V056_예금은행대출금리_주택담보_연리%|수준,1.0,30,True
provinces,2018,201810,V056_예금은행대출금리_주택담보_연리%|12m차,1.0,31,True
provinces,2018,201810,V057_예금은행대출금리_전세자금_연리%|수준,1.0,27,True
provinces,2018,201810,V057_예금은행대출금리_전세자금_연리%|12m차,0.7941176470588235,24,True
provinces,2018,201810,V059_비은행대출금리_주택담보_연리%|수준,1.0,29,True
provinces,2018,201810,V059_비은행대출금리_주택담보_연리%|12m차,1.0,32,True
provinces,2018,201810,V061_주택가격전망CSI_서울|수준,1.0,19,True
provinces,2018,201810,V061_주택가격전망CSI_서울|12m차,1.0,22,True
provinces,2018,201810,V062_주택가격전망CSI_6대광역시|수준,1.0,22,True
provinces,2018,201810,V062_주택가격전망CSI_6대광역시|12m차,1.0,24,True
provinces,2018,201810,V063_주택가격전망CSI_기타도시|수준,1.0,21,True
provinces,2018,201810,V063_주택가격전망CSI_기타도시|12m차,1.0,20,True
provinces,2018,201810,V064_KOSPI_종가_1980.01.04=100|수준,1.0,34,True
provinces,2018,201810,V064_KOSPI_종가_1980.01.04=100|12m차,1.0,34,True
provinces,2018,201810,V066_임금총액_사업체노동력_원|12m로그변화,1.0,34,True
provinces,2018,201810,V067_선행지수순환변동치_2020=100|수준,1.0,22,True
provinces,2018,201810,V067_선행지수순환변동치_2020=100|12m차,1.0,25,True
provinces,2018,201810,V069_예금취급기관_가계대출_십억원|12m로그변화,1.0,34,True
provinces,2018,201810,V069_예금취급기관_주택관련대출_십억원|12m로그변화,1.0,34,True
provinces,2018,201810,V070_수출금액_천불|12m로그변화,1.0,34,True
provinces,2018,201810,V071_정책대출_주금공_주택도시기금_십억원|12m로그변화,0.6176470588235294,21,False
provinces,2018,201810,V047_가계신용_총액_십억원|12m로그변화,1.0,12,True
provinces,2018,201810,V049_시간당명목임금지수_2020=100|수준,1.0,11,True
provinces,2018,201810,V049_시간당명목임금지수_2020=100|12m차,1.0,12,True
provinces,2018,201810,V060_대출태도_국내은행_가계주택|수준,1.0,10,True
provinces,2018,201810,V060_대출태도_국내은행_가계주택|12m차,1.0,10,True
provinces,2018,201810,V074_가계동향_도시2인이상_월평균소득_원|수준,1.0,12,True
provinces,2018,201810,V074_가계동향_도시2인이상_월평균소득_원|12m차,1.0,12,True
provinces,2018,201810,V074_연결_월평균소득_원|12m로그변화,1.0,12,True
provinces,2018,201810,V015_1인당GRDP_천원|12m로그변화,0.9913494809688581,67,True
provinces,2018,201810,V017_1인당가계총처분가능소득_천원|12m로그변화,0.9913494809688581,67,True
provinces,2018,201810,V024_주거용신축허가_동수_동|12m로그변화,0.058823529411764705,4,False
provinces,2018,201810,V024_주거용신축허가_연면적_㎡|12m로그변화,0.058823529411764705,4,False
provinces,2018,201810,V072_총조사_가구수_가구|12m로그변화,0.29411764705882354,17,False
provinces,2018,201810,V072_총조사_주택수_호|12m로그변화,0.29411764705882354,17,False
provinces,2018,201810,V076_공공+민간총계(DT_MLTM_7174)_호|12m로그변화,0.0,0,False
provinces,2018,201810,V076_공공임대계(DT_MLTM_7174)_호|12m로그변화,0.0,0,False
provinces,2018,201810,V076_민간임대계(DT_MLTM_7174)_호|12m로그변화,0.0,0,False
provinces,2018,201810,V076_민간임대(DT_MLTM_6827합계)_호|12m로그변화,0.0,0,False
provinces,2018,201810,V077_임대주택건설공급_총계_호|12m로그변화,1.0,68,True
provinces,2018,201810,V072_총조사단순주택수가구수비율|12m로그변화,0.29411764705882354,17,False
provinces,2018,201810,V024_주거용신축허가_동수_천세대당|수준,0.058823529411764705,4,False
provinces,2018,201810,V024_주거용신축허가_동수_천세대당|12m차,0.058823529411764705,4,False
provinces,2018,201810,V076_공공+민간총계(DT_MLTM_7174)_천세대당|수준,0.0,0,False
provinces,2018,201810,V076_공공+민간총계(DT_MLTM_7174)_천세대당|12m차,0.0,0,False
provinces,2018,201810,V076_공공임대계(DT_MLTM_7174)_천세대당|수준,0.0,0,False
provinces,2018,201810,V076_공공임대계(DT_MLTM_7174)_천세대당|12m차,0.0,0,False
provinces,2018,201810,V076_민간임대계(DT_MLTM_7174)_천세대당|수준,0.0,0,False
provinces,2018,201810,V076_민간임대계(DT_MLTM_7174)_천세대당|12m차,0.0,0,False
provinces,2018,201810,V076_민간임대(DT_MLTM_6827합계)_천세대당|수준,0.0,0,False
provinces,2018,201810,V076_민간임대(DT_MLTM_6827합계)_천세대당|12m차,0.0,0,False
provinces,2018,201810,V077_임대주택건설공급_총계_천세대당|수준,1.0,68,True
provinces,2018,201810,V077_임대주택건설공급_총계_천세대당|12m차,1.0,68,True
provinces,2018,201810,V015_전국대비|수준,1.0,68,True
provinces,2018,201810,V015_전국대비|12m차,0.9913494809688581,67,True
provinces,2018,201810,V017_전국대비|수준,1.0,67,True
provinces,2018,201810,V017_전국대비|12m차,0.9913494809688581,67,True
provinces,2018,201810,V072_공식주택보급률_%|수준,0.9705882352941176,66,True
provinces,2018,201810,V072_공식주택보급률_%|12m차,0.9498269896193772,65,True
provinces,2018,201810,D_CSI_전신계열,1.0,1,False
provinces,2018,201810,D_Wage_10th,1.0,1,False
provinces,2018,201810,D_Wage_11th,1.0,1,False
provinces,2018,201810,M10_rent_growth_1m,0.9705882352941176,561,True
provinces,2018,201810,M10_rent_growth_6m,0.8235294117647058,476,True
provinces,2019,201901,V003_전세가율_%|수준,1.0,169,True
provinces,2019,201901,V003_전세가율_%|12m차,1.0,165,True
provinces,2019,201901,V004_지역별전월세전환율_%|수준,1.0,385,True
provinces,2019,201901,V004_지역별전월세전환율_%|12m차,1.0,564,True
provinces,2019,201901,V005_월세수급동향|수준,0.972972972972973,505,True
provinces,2019,201901,V005_월세수급동향|12m차,0.6486486486486487,403,False
provinces,2019,201901,V009_주민등록인구_명|12m로그변화,1.0,629,True
provinces,2019,201901,V010_주민등록세대수_세대|12m로그변화,1.0,629,True
provinces,2019,201901,V011_20-29세_명|12m로그변화,1.0,629,True
provinces,2019,201901,V011_20-39세_명|12m로그변화,1.0,629,True
provinces,2019,201901,V011_20-39세비중_%|수준,1.0,629,True
provinces,2019,201901,V011_20-39세비중_%|12m차,1.0,629,True
provinces,2019,201901,V011_30-39세_명|12m로그변화,1.0,629,True
provinces,2019,201901,V012_순이동자수_명|천명당12개월,1.0,629,True
provinces,2019,201901,V013_고용률_%|수준,0.9697933227344993,129,True
provinces,2019,201901,V013_고용률_%|12m차,0.9507154213036566,100,True
provinces,2019,201901,V013_취업자_천명|12m로그변화,0.9507154213036566,598,True
provinces,2019,201901,V021_아파트_인허가_호|12개월누적log,1.0,621,True
provinces,2019,201901,V021_아파트_인허가_호|12개월누적log_12m차,1.0,629,True
provinces,2019,201901,V022_아파트_착공_호|12개월누적log,1.0,614,True
provinces,2019,201901,V022_아파트_착공_호|12개월누적log_12m차,1.0,626,True
provinces,2019,201901,V023_아파트_준공_호|12개월누적log,1.0,616,True
provinces,2019,201901,V023_아파트_준공_호|12개월누적log_12m차,1.0,628,True
provinces,2019,201901,V031_매매수급동향|수준,1.0,534,True
provinces,2019,201901,V031_매매수급동향|12m차,1.0,618,True
provinces,2019,201901,V032_전세수급동향|수준,1.0,538,True
provinces,2019,201901,V032_전세수급동향|12m차,1.0,614,True
provinces,2019,201901,V034_수급동향(구)_통합|수준,0.012718600953895072,8,False
provinces,2019,201901,V034_수급동향(구)_통합|12m차,0.012718600953895072,7,False
provinces,2019,201901,V035_아파트거래_동호수_호|12개월누적log,1.0,622,True
provinces,2019,201901,V035_아파트거래_동호수_호|12개월누적log_12m차,1.0,629,True
provinces,2019,201901,V035_아파트거래_면적_천㎡|12개월누적log,1.0,593,True
provinces,2019,201901,V035_아파트거래_면적_천㎡|12개월누적log_12m차,1.0,629,True
provinces,2019,201901,V036_아파트매매거래_동호수_호|12개월누적log,1.0,623,True
provinces,2019,201901,V036_아파트매매거래_동호수_호|12개월누적log_12m차,1.0,629,True
provinces,2019,201901,V036_아파트매매거래_면적_천㎡|12개월누적log,1.0,548,True
provinces,2019,201901,V036_아파트매매거래_면적_천㎡|12개월누적log_12m차,1.0,628,True
provinces,2019,201901,V037_주택시장_소비심리지수|수준,0.8823529411764706,328,True
provinces,2019,201901,V037_주택시장_소비심리지수|12m차,0.8823529411764706,389,True
provinces,2019,201901,V038_미분양주택현황_호|log,1.0,557,True
provinces,2019,201901,V038_미분양주택현황_호|log_12m차,1.0,604,True
provinces,2019,201901,V050_지역별_주택관련대출_예금은행_십억원|12m로그변화,1.0,629,True
provinces,2019,201901,V043_한국은행_기준금리_연%|수준,1.0,2,True
provinces,2019,201901,V043_한국은행_기준금리_연%|12m차,1.0,6,True
provinces,2019,201901,V044_시장금리_CD91일_연%|수준,1.0,21,True
provinces,2019,201901,V044_시장금리_CD91일_연%|12m차,1.0,30,True
provinces,2019,201901,V045_시장금리_국고채3년_연%|수준,1.0,37,True
provinces,2019,201901,V045_시장금리_국고채3년_연%|12m차,1.0,37,True
provinces,2019,201901,V046_M2_통화량_십억원|12m로그변화,1.0,37,True
provinces,2019,201901,V048_소비자물가지수_2020=100|수준,1.0,36,True
provinces,2019,201901,V048_소비자물가지수_2020=100|12m차,1.0,36,True
provinces,2019,201901,V056_예금은행대출금리_주택담보_연리%|수준,1.0,31,True
provinces,2019,201901,V056_예금은행대출금리_주택담보_연리%|12m차,1.0,33,True
provinces,2019,201901,V057_예금은행대출금리_전세자금_연리%|수준,1.0,28,True
provinces,2019,201901,V057_예금은행대출금리_전세자금_연리%|12m차,0.8108108108108109,24,True
provinces,2019,201901,V059_비은행대출금리_주택담보_연리%|수준,1.0,31,True
provinces,2019,201901,V059_비은행대출금리_주택담보_연리%|12m차,1.0,35,True
provinces,2019,201901,V061_주택가격전망CSI_서울|수준,1.0,19,True
provinces,2019,201901,V061_주택가격전망CSI_서울|12m차,1.0,24,True
provinces,2019,201901,V062_주택가격전망CSI_6대광역시|수준,1.0,22,True
provinces,2019,201901,V062_주택가격전망CSI_6대광역시|12m차,1.0,25,True
provinces,2019,201901,V063_주택가격전망CSI_기타도시|수준,1.0,22,True
provinces,2019,201901,V063_주택가격전망CSI_기타도시|12m차,1.0,21,True
provinces,2019,201901,V064_KOSPI_종가_1980.01.04=100|수준,1.0,37,True
provinces,2019,201901,V064_KOSPI_종가_1980.01.04=100|12m차,1.0,37,True
provinces,2019,201901,V066_임금총액_사업체노동력_원|12m로그변화,1.0,37,True
provinces,2019,201901,V067_선행지수순환변동치_2020=100|수준,1.0,23,True
provinces,2019,201901,V067_선행지수순환변동치_2020=100|12m차,1.0,25,True
provinces,2019,201901,V069_예금취급기관_가계대출_십억원|12m로그변화,1.0,37,True
provinces,2019,201901,V069_예금취급기관_주택관련대출_십억원|12m로그변화,1.0,37,True
provinces,2019,201901,V070_수출금액_천불|12m로그변화,1.0,37,True
provinces,2019,201901,V071_정책대출_주금공_주택도시기금_십억원|12m로그변화,0.6486486486486487,24,False
provinces,2019,201901,V047_가계신용_총액_십억원|12m로그변화,1.0,13,True
provinces,2019,201901,V049_시간당명목임금지수_2020=100|수준,1.0,12,True
provinces,2019,201901,V049_시간당명목임금지수_2020=100|12m차,1.0,13,True
provinces,2019,201901,V060_대출태도_국내은행_가계주택|수준,1.0,10,True
provinces,2019,201901,V060_대출태도_국내은행_가계주택|12m차,1.0,11,True
provinces,2019,201901,V074_가계동향_도시2인이상_월평균소득_원|수준,1.0,13,True
provinces,2019,201901,V074_가계동향_도시2인이상_월평균소득_원|12m차,1.0,13,True
provinces,2019,201901,V074_연결_월평균소득_원|12m로그변화,1.0,13,True
provinces,2019,201901,V015_1인당GRDP_천원|12m로그변화,0.9920508744038156,67,True
provinces,2019,201901,V017_1인당가계총처분가능소득_천원|12m로그변화,0.9920508744038156,67,True
provinces,2019,201901,V024_주거용신축허가_동수_동|12m로그변화,0.058823529411764705,4,False
provinces,2019,201901,V024_주거용신축허가_연면적_㎡|12m로그변화,0.058823529411764705,4,False
provinces,2019,201901,V072_총조사_가구수_가구|12m로그변화,0.35135135135135137,34,False
provinces,2019,201901,V072_총조사_주택수_호|12m로그변화,0.35135135135135137,34,False
provinces,2019,201901,V076_공공+민간총계(DT_MLTM_7174)_호|12m로그변화,0.0,0,False
provinces,2019,201901,V076_공공임대계(DT_MLTM_7174)_호|12m로그변화,0.0,0,False
provinces,2019,201901,V076_민간임대계(DT_MLTM_7174)_호|12m로그변화,0.0,0,False
provinces,2019,201901,V076_민간임대(DT_MLTM_6827합계)_호|12m로그변화,0.0,0,False
provinces,2019,201901,V077_임대주택건설공급_총계_호|12m로그변화,1.0,68,True
provinces,2019,201901,V072_총조사단순주택수가구수비율|12m로그변화,0.35135135135135137,34,False
provinces,2019,201901,V024_주거용신축허가_동수_천세대당|수준,0.058823529411764705,4,False
provinces,2019,201901,V024_주거용신축허가_동수_천세대당|12m차,0.058823529411764705,4,False
provinces,2019,201901,V076_공공+민간총계(DT_MLTM_7174)_천세대당|수준,0.0,0,False
provinces,2019,201901,V076_공공+민간총계(DT_MLTM_7174)_천세대당|12m차,0.0,0,False
provinces,2019,201901,V076_공공임대계(DT_MLTM_7174)_천세대당|수준,0.0,0,False
provinces,2019,201901,V076_공공임대계(DT_MLTM_7174)_천세대당|12m차,0.0,0,False
provinces,2019,201901,V076_민간임대계(DT_MLTM_7174)_천세대당|수준,0.0,0,False
provinces,2019,201901,V076_민간임대계(DT_MLTM_7174)_천세대당|12m차,0.0,0,False
provinces,2019,201901,V076_민간임대(DT_MLTM_6827합계)_천세대당|수준,0.0,0,False
provinces,2019,201901,V076_민간임대(DT_MLTM_6827합계)_천세대당|12m차,0.0,0,False
provinces,2019,201901,V077_임대주택건설공급_총계_천세대당|수준,1.0,68,True
provinces,2019,201901,V077_임대주택건설공급_총계_천세대당|12m차,1.0,68,True
provinces,2019,201901,V015_전국대비|수준,1.0,68,True
provinces,2019,201901,V015_전국대비|12m차,0.9920508744038156,67,True
provinces,2019,201901,V017_전국대비|수준,1.0,67,True
provinces,2019,201901,V017_전국대비|12m차,0.9920508744038156,67,True
provinces,2019,201901,V072_공식주택보급률_%|수준,0.972972972972973,66,True
provinces,2019,201901,V072_공식주택보급률_%|12m차,0.9538950715421304,65,True
provinces,2019,201901,D_CSI_전신계열,1.0,1,False
provinces,2019,201901,D_Wage_10th,1.0,1,False
provinces,2019,201901,D_Wage_11th,1.0,1,False
provinces,2019,201901,M10_rent_growth_1m,0.972972972972973,612,True
provinces,2019,201901,M10_rent_growth_6m,0.8378378378378378,527,True
provinces,2019,201904,V003_전세가율_%|수준,1.0,175,True
provinces,2019,201904,V003_전세가율_%|12m차,1.0,172,True
provinces,2019,201904,V004_지역별전월세전환율_%|수준,1.0,409,True
provinces,2019,201904,V004_지역별전월세전환율_%|12m차,1.0,607,True
provinces,2019,201904,V005_월세수급동향|수준,0.975,549,True
provinces,2019,201904,V005_월세수급동향|12m차,0.675,454,False
provinces,2019,201904,V009_주민등록인구_명|12m로그변화,1.0,680,True
provinces,2019,201904,V010_주민등록세대수_세대|12m로그변화,1.0,680,True
provinces,2019,201904,V011_20-29세_명|12m로그변화,1.0,680,True
provinces,2019,201904,V011_20-39세_명|12m로그변화,1.0,680,True
provinces,2019,201904,V011_20-39세비중_%|수준,1.0,680,True
provinces,2019,201904,V011_20-39세비중_%|12m차,1.0,680,True
provinces,2019,201904,V011_30-39세_명|12m로그변화,1.0,680,True
provinces,2019,201904,V012_순이동자수_명|천명당12개월,1.0,680,True
provinces,2019,201904,V013_고용률_%|수준,0.9720588235294118,133,True
provinces,2019,201904,V013_고용률_%|12m차,0.9544117647058824,106,True
provinces,2019,201904,V013_취업자_천명|12m로그변화,0.9544117647058824,649,True
provinces,2019,201904,V021_아파트_인허가_호|12개월누적log,1.0,670,True
provinces,2019,201904,V021_아파트_인허가_호|12개월누적log_12m차,1.0,680,True
provinces,2019,201904,V022_아파트_착공_호|12개월누적log,1.0,662,True
provinces,2019,201904,V022_아파트_착공_호|12개월누적log_12m차,1.0,677,True
provinces,2019,201904,V023_아파트_준공_호|12개월누적log,1.0,666,True
provinces,2019,201904,V023_아파트_준공_호|12개월누적log_12m차,1.0,679,True
provinces,2019,201904,V031_매매수급동향|수준,1.0,578,True
provinces,2019,201904,V031_매매수급동향|12m차,1.0,669,True
provinces,2019,201904,V032_전세수급동향|수준,1.0,580,True
provinces,2019,201904,V032_전세수급동향|12m차,1.0,664,True
provinces,2019,201904,V034_수급동향(구)_통합|수준,0.011764705882352941,8,False
provinces,2019,201904,V034_수급동향(구)_통합|12m차,0.011764705882352941,7,False
provinces,2019,201904,V035_아파트거래_동호수_호|12개월누적log,1.0,673,True
provinces,2019,201904,V035_아파트거래_동호수_호|12개월누적log_12m차,1.0,680,True
provinces,2019,201904,V035_아파트거래_면적_천㎡|12개월누적log,1.0,639,True
provinces,2019,201904,V035_아파트거래_면적_천㎡|12개월누적log_12m차,1.0,680,True
provinces,2019,201904,V036_아파트매매거래_동호수_호|12개월누적log,1.0,674,True
provinces,2019,201904,V036_아파트매매거래_동호수_호|12개월누적log_12m차,1.0,680,True
provinces,2019,201904,V036_아파트매매거래_면적_천㎡|12개월누적log,1.0,587,True
provinces,2019,201904,V036_아파트매매거래_면적_천㎡|12개월누적log_12m차,1.0,679,True
provinces,2019,201904,V037_주택시장_소비심리지수|수준,0.8823529411764706,349,True
provinces,2019,201904,V037_주택시장_소비심리지수|12m차,0.8823529411764706,407,True
provinces,2019,201904,V038_미분양주택현황_호|log,0.9985294117647059,596,True
provinces,2019,201904,V038_미분양주택현황_호|log_12m차,0.9985294117647059,651,True
provinces,2019,201904,V050_지역별_주택관련대출_예금은행_십억원|12m로그변화,1.0,680,True
provinces,2019,201904,V043_한국은행_기준금리_연%|수준,1.0,2,True
provinces,2019,201904,V043_한국은행_기준금리_연%|12m차,1.0,6,True
provinces,2019,201904,V044_시장금리_CD91일_연%|수준,1.0,22,True
provinces,2019,201904,V044_시장금리_CD91일_연%|12m차,1.0,31,True
provinces,2019,201904,V045_시장금리_국고채3년_연%|수준,1.0,40,True
provinces,2019,201904,V045_시장금리_국고채3년_연%|12m차,1.0,40,True
provinces,2019,201904,V046_M2_통화량_십억원|12m로그변화,1.0,40,True
provinces,2019,201904,V048_소비자물가지수_2020=100|수준,1.0,39,True
provinces,2019,201904,V048_소비자물가지수_2020=100|12m차,1.0,39,True
provinces,2019,201904,V056_예금은행대출금리_주택담보_연리%|수준,1.0,34,True
provinces,2019,201904,V056_예금은행대출금리_주택담보_연리%|12m차,1.0,36,True
provinces,2019,201904,V057_예금은행대출금리_전세자금_연리%|수준,1.0,29,True
provinces,2019,201904,V057_예금은행대출금리_전세자금_연리%|12m차,0.825,27,True
provinces,2019,201904,V059_비은행대출금리_주택담보_연리%|수준,1.0,34,True
provinces,2019,201904,V059_비은행대출금리_주택담보_연리%|12m차,1.0,38,True
provinces,2019,201904,V061_주택가격전망CSI_서울|수준,1.0,21,True
provinces,2019,201904,V061_주택가격전망CSI_서울|12m차,1.0,26,True
provinces,2019,201904,V062_주택가격전망CSI_6대광역시|수준,1.0,23,True
provinces,2019,201904,V062_주택가격전망CSI_6대광역시|12m차,1.0,27,True
provinces,2019,201904,V063_주택가격전망CSI_기타도시|수준,1.0,23,True
provinces,2019,201904,V063_주택가격전망CSI_기타도시|12m차,1.0,22,True
provinces,2019,201904,V064_KOSPI_종가_1980.01.04=100|수준,1.0,40,True
provinces,2019,201904,V064_KOSPI_종가_1980.01.04=100|12m차,1.0,40,True
provinces,2019,201904,V066_임금총액_사업체노동력_원|12m로그변화,1.0,40,True
provinces,2019,201904,V067_선행지수순환변동치_2020=100|수준,1.0,23,True
provinces,2019,201904,V067_선행지수순환변동치_2020=100|12m차,1.0,27,True
provinces,2019,201904,V069_예금취급기관_가계대출_십억원|12m로그변화,1.0,40,True
provinces,2019,201904,V069_예금취급기관_주택관련대출_십억원|12m로그변화,1.0,40,True
provinces,2019,201904,V070_수출금액_천불|12m로그변화,1.0,40,True
provinces,2019,201904,V071_정책대출_주금공_주택도시기금_십억원|12m로그변화,0.675,27,False
provinces,2019,201904,V047_가계신용_총액_십억원|12m로그변화,1.0,14,True
provinces,2019,201904,V049_시간당명목임금지수_2020=100|수준,1.0,13,True
provinces,2019,201904,V049_시간당명목임금지수_2020=100|12m차,1.0,13,True
provinces,2019,201904,V060_대출태도_국내은행_가계주택|수준,1.0,11,True
provinces,2019,201904,V060_대출태도_국내은행_가계주택|12m차,1.0,12,True
provinces,2019,201904,V074_가계동향_도시2인이상_월평균소득_원|수준,1.0,14,True
provinces,2019,201904,V074_가계동향_도시2인이상_월평균소득_원|12m차,1.0,14,True
provinces,2019,201904,V074_연결_월평균소득_원|12m로그변화,1.0,14,True
provinces,2019,201904,V015_1인당GRDP_천원|12m로그변화,0.9926470588235294,67,True
provinces,2019,201904,V017_1인당가계총처분가능소득_천원|12m로그변화,0.9926470588235294,67,True
provinces,2019,201904,V024_주거용신축허가_동수_동|12m로그변화,0.058823529411764705,4,False
provinces,2019,201904,V024_주거용신축허가_연면적_㎡|12m로그변화,0.058823529411764705,4,False
provinces,2019,201904,V072_총조사_가구수_가구|12m로그변화,0.4,34,False
provinces,2019,201904,V072_총조사_주택수_호|12m로그변화,0.4,34,False
provinces,2019,201904,V076_공공+민간총계(DT_MLTM_7174)_호|12m로그변화,0.0,0,False
provinces,2019,201904,V076_공공임대계(DT_MLTM_7174)_호|12m로그변화,0.0,0,False
provinces,2019,201904,V076_민간임대계(DT_MLTM_7174)_호|12m로그변화,0.0,0,False
provinces,2019,201904,V076_민간임대(DT_MLTM_6827합계)_호|12m로그변화,0.0,0,False
provinces,2019,201904,V077_임대주택건설공급_총계_호|12m로그변화,1.0,68,True
provinces,2019,201904,V072_총조사단순주택수가구수비율|12m로그변화,0.4,34,False
provinces,2019,201904,V024_주거용신축허가_동수_천세대당|수준,0.058823529411764705,4,False
provinces,2019,201904,V024_주거용신축허가_동수_천세대당|12m차,0.058823529411764705,4,False
provinces,2019,201904,V076_공공+민간총계(DT_MLTM_7174)_천세대당|수준,0.0,0,False
provinces,2019,201904,V076_공공+민간총계(DT_MLTM_7174)_천세대당|12m차,0.0,0,False
provinces,2019,201904,V076_공공임대계(DT_MLTM_7174)_천세대당|수준,0.0,0,False
provinces,2019,201904,V076_공공임대계(DT_MLTM_7174)_천세대당|12m차,0.0,0,False
provinces,2019,201904,V076_민간임대계(DT_MLTM_7174)_천세대당|수준,0.0,0,False
provinces,2019,201904,V076_민간임대계(DT_MLTM_7174)_천세대당|12m차,0.0,0,False
provinces,2019,201904,V076_민간임대(DT_MLTM_6827합계)_천세대당|수준,0.0,0,False
provinces,2019,201904,V076_민간임대(DT_MLTM_6827합계)_천세대당|12m차,0.0,0,False
provinces,2019,201904,V077_임대주택건설공급_총계_천세대당|수준,1.0,68,True
provinces,2019,201904,V077_임대주택건설공급_총계_천세대당|12m차,1.0,68,True
provinces,2019,201904,V015_전국대비|수준,1.0,68,True
provinces,2019,201904,V015_전국대비|12m차,0.9926470588235294,67,True
provinces,2019,201904,V017_전국대비|수준,1.0,67,True
provinces,2019,201904,V017_전국대비|12m차,0.9926470588235294,67,True
provinces,2019,201904,V072_공식주택보급률_%|수준,0.975,66,True
provinces,2019,201904,V072_공식주택보급률_%|12m차,0.9573529411764706,65,True
provinces,2019,201904,D_CSI_전신계열,1.0,1,False
provinces,2019,201904,D_Wage_10th,1.0,1,False
provinces,2019,201904,D_Wage_11th,1.0,1,False
provinces,2019,201904,M10_rent_growth_1m,0.975,663,True
provinces,2019,201904,M10_rent_growth_6m,0.85,578,True
provinces,2019,201907,V003_전세가율_%|수준,1.0,183,True
provinces,2019,201907,V003_전세가율_%|12m차,1.0,176,True
provinces,2019,201907,V004_지역별전월세전환율_%|수준,1.0,438,True
provinces,2019,201907,V004_지역별전월세전환율_%|12m차,1.0,653,True
provinces,2019,201907,V005_월세수급동향|수준,0.9767441860465116,589,True
provinces,2019,201907,V005_월세수급동향|12m차,0.6976744186046512,505,False
provinces,2019,201907,V009_주민등록인구_명|12m로그변화,1.0,731,True
provinces,2019,201907,V010_주민등록세대수_세대|12m로그변화,1.0,731,True
provinces,2019,201907,V011_20-29세_명|12m로그변화,1.0,731,True
provinces,2019,201907,V011_20-39세_명|12m로그변화,1.0,731,True
provinces,2019,201907,V011_20-39세비중_%|수준,1.0,731,True
provinces,2019,201907,V011_20-39세비중_%|12m차,1.0,731,True
provinces,2019,201907,V011_30-39세_명|12m로그변화,1.0,731,True
provinces,2019,201907,V012_순이동자수_명|천명당12개월,1.0,731,True
provinces,2019,201907,V013_고용률_%|수준,0.9740082079343365,134,True
provinces,2019,201907,V013_고용률_%|12m차,0.957592339261286,110,True
provinces,2019,201907,V013_취업자_천명|12m로그변화,0.957592339261286,700,True
provinces,2019,201907,V021_아파트_인허가_호|12개월누적log,1.0,719,True
provinces,2019,201907,V021_아파트_인허가_호|12개월누적log_12m차,1.0,731,True
provinces,2019,201907,V022_아파트_착공_호|12개월누적log,1.0,709,True
provinces,2019,201907,V022_아파트_착공_호|12개월누적log_12m차,1.0,727,True
provinces,2019,201907,V023_아파트_준공_호|12개월누적log,1.0,717,True
provinces,2019,201907,V023_아파트_준공_호|12개월누적log_12m차,1.0,730,True
provinces,2019,201907,V031_매매수급동향|수준,1.0,623,True
provinces,2019,201907,V031_매매수급동향|12m차,1.0,720,True
provinces,2019,201907,V032_전세수급동향|수준,1.0,624,True
provinces,2019,201907,V032_전세수급동향|12m차,1.0,715,True
provinces,2019,201907,V034_수급동향(구)_통합|수준,0.01094391244870041,8,False
provinces,2019,201907,V034_수급동향(구)_통합|12m차,0.01094391244870041,7,False
provinces,2019,201907,V035_아파트거래_동호수_호|12개월누적log,1.0,724,True
provinces,2019,201907,V035_아파트거래_동호수_호|12개월누적log_12m차,1.0,731,True
provinces,2019,201907,V035_아파트거래_면적_천㎡|12개월누적log,1.0,686,True
provinces,2019,201907,V035_아파트거래_면적_천㎡|12개월누적log_12m차,1.0,731,True
provinces,2019,201907,V036_아파트매매거래_동호수_호|12개월누적log,1.0,725,True
provinces,2019,201907,V036_아파트매매거래_동호수_호|12개월누적log_12m차,1.0,731,True
provinces,2019,201907,V036_아파트매매거래_면적_천㎡|12개월누적log,1.0,627,True
provinces,2019,201907,V036_아파트매매거래_면적_천㎡|12개월누적log_12m차,1.0,730,True
provinces,2019,201907,V037_주택시장_소비심리지수|수준,0.8850889192886456,374,True
provinces,2019,201907,V037_주택시장_소비심리지수|12m차,0.8823529411764706,424,True
provinces,2019,201907,V038_미분양주택현황_호|log,0.9972640218878249,637,True
provinces,2019,201907,V038_미분양주택현황_호|log_12m차,0.9972640218878249,699,True
provinces,2019,201907,V050_지역별_주택관련대출_예금은행_십억원|12m로그변화,1.0,731,True
provinces,2019,201907,V043_한국은행_기준금리_연%|수준,1.0,3,True
provinces,2019,201907,V043_한국은행_기준금리_연%|12m차,1.0,6,True
provinces,2019,201907,V044_시장금리_CD91일_연%|수준,1.0,25,True
provinces,2019,201907,V044_시장금리_CD91일_연%|12m차,1.0,33,True
provinces,2019,201907,V045_시장금리_국고채3년_연%|수준,1.0,43,True
provinces,2019,201907,V045_시장금리_국고채3년_연%|12m차,1.0,43,True
provinces,2019,201907,V046_M2_통화량_십억원|12m로그변화,1.0,43,True
provinces,2019,201907,V048_소비자물가지수_2020=100|수준,1.0,42,True
provinces,2019,201907,V048_소비자물가지수_2020=100|12m차,1.0,42,True
provinces,2019,201907,V056_예금은행대출금리_주택담보_연리%|수준,1.0,35,True
provinces,2019,201907,V056_예금은행대출금리_주택담보_연리%|12m차,1.0,39,True
provinces,2019,201907,V057_예금은행대출금리_전세자금_연리%|수준,1.0,30,True
provinces,2019,201907,V057_예금은행대출금리_전세자금_연리%|12m차,0.8372093023255814,30,True
provinces,2019,201907,V059_비은행대출금리_주택담보_연리%|수준,1.0,37,True
provinces,2019,201907,V059_비은행대출금리_주택담보_연리%|12m차,1.0,41,True
provinces,2019,201907,V061_주택가격전망CSI_서울|수준,1.0,22,True
provinces,2019,201907,V061_주택가격전망CSI_서울|12m차,1.0,27,True
provinces,2019,201907,V062_주택가격전망CSI_6대광역시|수준,1.0,24,True
provinces,2019,201907,V062_주택가격전망CSI_6대광역시|12m차,1.0,28,True
provinces,2019,201907,V063_주택가격전망CSI_기타도시|수준,1.0,24,True
provinces,2019,201907,V063_주택가격전망CSI_기타도시|12m차,1.0,22,True
provinces,2019,201907,V064_KOSPI_종가_1980.01.04=100|수준,1.0,43,True
provinces,2019,201907,V064_KOSPI_종가_1980.01.04=100|12m차,1.0,43,True
provinces,2019,201907,V066_임금총액_사업체노동력_원|12m로그변화,1.0,43,True
provinces,2019,201907,V067_선행지수순환변동치_2020=100|수준,1.0,23,True
provinces,2019,201907,V067_선행지수순환변동치_2020=100|12m차,1.0,30,True
provinces,2019,201907,V069_예금취급기관_가계대출_십억원|12m로그변화,1.0,43,True
provinces,2019,201907,V069_예금취급기관_주택관련대출_십억원|12m로그변화,1.0,43,True
provinces,2019,201907,V070_수출금액_천불|12m로그변화,1.0,43,True
provinces,2019,201907,V071_정책대출_주금공_주택도시기금_십억원|12m로그변화,0.6976744186046512,30,False
provinces,2019,201907,V047_가계신용_총액_십억원|12m로그변화,1.0,15,True
provinces,2019,201907,V049_시간당명목임금지수_2020=100|수준,1.0,14,True
provinces,2019,201907,V049_시간당명목임금지수_2020=100|12m차,1.0,14,True
provinces,2019,201907,V060_대출태도_국내은행_가계주택|수준,1.0,12,True
provinces,2019,201907,V060_대출태도_국내은행_가계주택|12m차,1.0,13,True
provinces,2019,201907,V074_가계동향_도시2인이상_월평균소득_원|수준,1.0,15,True
provinces,2019,201907,V074_가계동향_도시2인이상_월평균소득_원|12m차,1.0,15,True
provinces,2019,201907,V074_연결_월평균소득_원|12m로그변화,1.0,15,True
provinces,2019,201907,V015_1인당GRDP_천원|12m로그변화,0.9931600547195623,84,True
provinces,2019,201907,V017_1인당가계총처분가능소득_천원|12m로그변화,0.9931600547195623,84,True
provinces,2019,201907,V024_주거용신축허가_동수_동|12m로그변화,0.058823529411764705,5,False
provinces,2019,201907,V024_주거용신축허가_연면적_㎡|12m로그변화,0.058823529411764705,5,False
provinces,2019,201907,V072_총조사_가구수_가구|12m로그변화,0.4418604651162791,34,False
provinces,2019,201907,V072_총조사_주택수_호|12m로그변화,0.4418604651162791,34,False
provinces,2019,201907,V076_공공+민간총계(DT_MLTM_7174)_호|12m로그변화,0.0,0,False
provinces,2019,201907,V076_공공임대계(DT_MLTM_7174)_호|12m로그변화,0.0,0,False
provinces,2019,201907,V076_민간임대계(DT_MLTM_7174)_호|12m로그변화,0.0,0,False
provinces,2019,201907,V076_민간임대(DT_MLTM_6827합계)_호|12m로그변화,0.0,0,False
provinces,2019,201907,V077_임대주택건설공급_총계_호|12m로그변화,1.0,85,True
provinces,2019,201907,V072_총조사단순주택수가구수비율|12m로그변화,0.4418604651162791,34,False
provinces,2019,201907,V024_주거용신축허가_동수_천세대당|수준,0.058823529411764705,5,False
provinces,2019,201907,V024_주거용신축허가_동수_천세대당|12m차,0.058823529411764705,5,False
provinces,2019,201907,V076_공공+민간총계(DT_MLTM_7174)_천세대당|수준,0.0,0,False
provinces,2019,201907,V076_공공+민간총계(DT_MLTM_7174)_천세대당|12m차,0.0,0,False
provinces,2019,201907,V076_공공임대계(DT_MLTM_7174)_천세대당|수준,0.0,0,False
provinces,2019,201907,V076_공공임대계(DT_MLTM_7174)_천세대당|12m차,0.0,0,False
provinces,2019,201907,V076_민간임대계(DT_MLTM_7174)_천세대당|수준,0.0,0,False
provinces,2019,201907,V076_민간임대계(DT_MLTM_7174)_천세대당|12m차,0.0,0,False
provinces,2019,201907,V076_민간임대(DT_MLTM_6827합계)_천세대당|수준,0.0,0,False
provinces,2019,201907,V076_민간임대(DT_MLTM_6827합계)_천세대당|12m차,0.0,0,False
provinces,2019,201907,V077_임대주택건설공급_총계_천세대당|수준,1.0,85,True
provinces,2019,201907,V077_임대주택건설공급_총계_천세대당|12m차,1.0,85,True
provinces,2019,201907,V015_전국대비|수준,1.0,85,True
provinces,2019,201907,V015_전국대비|12m차,0.9931600547195623,84,True
provinces,2019,201907,V017_전국대비|수준,1.0,84,True
provinces,2019,201907,V017_전국대비|12m차,0.9931600547195623,84,True
provinces,2019,201907,V072_공식주택보급률_%|수준,0.9767441860465116,83,True
provinces,2019,201907,V072_공식주택보급률_%|12m차,0.960328317373461,82,True
provinces,2019,201907,D_CSI_전신계열,1.0,1,False
provinces,2019,201907,D_Wage_10th,1.0,1,False
provinces,2019,201907,D_Wage_11th,1.0,1,False
provinces,2019,201907,M10_rent_growth_1m,0.9767441860465116,714,True
provinces,2019,201907,M10_rent_growth_6m,0.8604651162790697,629,True
provinces,2019,201910,V003_전세가율_%|수준,1.0,190,True
provinces,2019,201910,V003_전세가율_%|12m차,1.0,183,True
provinces,2019,201910,V004_지역별전월세전환율_%|수준,1.0,463,True
provinces,2019,201910,V004_지역별전월세전환율_%|12m차,1.0,693,True
provinces,2019,201910,V005_월세수급동향|수준,0.9782608695652174,639,True
provinces,2019,201910,V005_월세수급동향|12m차,0.717391304347826,556,True
provinces,2019,201910,V009_주민등록인구_명|12m로그변화,1.0,782,True
provinces,2019,201910,V010_주민등록세대수_세대|12m로그변화,1.0,782,True
provinces,2019,201910,V011_20-29세_명|12m로그변화,1.0,782,True
provinces,2019,201910,V011_20-39세_명|12m로그변화,1.0,782,True
provinces,2019,201910,V011_20-39세비중_%|수준,1.0,782,True
provinces,2019,201910,V011_20-39세비중_%|12m차,1.0,782,True
provinces,2019,201910,V011_30-39세_명|12m로그변화,1.0,782,True
provinces,2019,201910,V012_순이동자수_명|천명당12개월,1.0,782,True
provinces,2019,201910,V013_고용률_%|수준,0.9757033248081841,137,True
provinces,2019,201910,V013_고용률_%|12m차,0.9603580562659847,112,True
provinces,2019,201910,V013_취업자_천명|12m로그변화,0.9603580562659847,751,True
provinces,2019,201910,V021_아파트_인허가_호|12개월누적log,1.0,767,True
provinces,2019,201910,V021_아파트_인허가_호|12개월누적log_12m차,1.0,781,True
provinces,2019,201910,V022_아파트_착공_호|12개월누적log,1.0,756,True
provinces,2019,201910,V022_아파트_착공_호|12개월누적log_12m차,1.0,777,True
provinces,2019,201910,V023_아파트_준공_호|12개월누적log,1.0,767,True
provinces,2019,201910,V023_아파트_준공_호|12개월누적log_12m차,1.0,781,True
provinces,2019,201910,V031_매매수급동향|수준,1.0,667,True
provinces,2019,201910,V031_매매수급동향|12m차,1.0,770,True
provinces,2019,201910,V032_전세수급동향|수준,1.0,673,True
provinces,2019,201910,V032_전세수급동향|12m차,1.0,766,True
provinces,2019,201910,V034_수급동향(구)_통합|수준,0.010230179028132993,8,False
provinces,2019,201910,V034_수급동향(구)_통합|12m차,0.010230179028132993,7,False
provinces,2019,201910,V035_아파트거래_동호수_호|12개월누적log,1.0,775,True
provinces,2019,201910,V035_아파트거래_동호수_호|12개월누적log_12m차,1.0,782,True
provinces,2019,201910,V035_아파트거래_면적_천㎡|12개월누적log,1.0,733,True
provinces,2019,201910,V035_아파트거래_면적_천㎡|12개월누적log_12m차,1.0,782,True
provinces,2019,201910,V036_아파트매매거래_동호수_호|12개월누적log,1.0,776,True
provinces,2019,201910,V036_아파트매매거래_동호수_호|12개월누적log_12m차,1.0,782,True
provinces,2019,201910,V036_아파트매매거래_면적_천㎡|12개월누적log,1.0,666,True
provinces,2019,201910,V036_아파트매매거래_면적_천㎡|12개월누적log_12m차,1.0,781,True
provinces,2019,201910,V037_주택시장_소비심리지수|수준,0.8925831202046036,397,True
provinces,2019,201910,V037_주택시장_소비심리지수|12m차,0.8823529411764706,442,True
provinces,2019,201910,V038_미분양주택현황_호|log,0.9974424552429667,675,True
provinces,2019,201910,V038_미분양주택현황_호|log_12m차,0.9974424552429667,746,True
provinces,2019,201910,V050_지역별_주택관련대출_예금은행_십억원|12m로그변화,1.0,782,True
provinces,2019,201910,V043_한국은행_기준금리_연%|수준,1.0,3,True
provinces,2019,201910,V043_한국은행_기준금리_연%|12m차,1.0,6,True
provinces,2019,201910,V044_시장금리_CD91일_연%|수준,1.0,27,True
provinces,2019,201910,V044_시장금리_CD91일_연%|12m차,1.0,34,True
provinces,2019,201910,V045_시장금리_국고채3년_연%|수준,1.0,46,True
provinces,2019,201910,V045_시장금리_국고채3년_연%|12m차,1.0,46,True
provinces,2019,201910,V046_M2_통화량_십억원|12m로그변화,1.0,46,True
provinces,2019,201910,V048_소비자물가지수_2020=100|수준,1.0,45,True
provinces,2019,201910,V048_소비자물가지수_2020=100|12m차,1.0,45,True
provinces,2019,201910,V056_예금은행대출금리_주택담보_연리%|수준,1.0,36,True
provinces,2019,201910,V056_예금은행대출금리_주택담보_연리%|12m차,1.0,42,True
provinces,2019,201910,V057_예금은행대출금리_전세자금_연리%|수준,1.0,31,True
provinces,2019,201910,V057_예금은행대출금리_전세자금_연리%|12m차,0.8478260869565217,32,True
provinces,2019,201910,V059_비은행대출금리_주택담보_연리%|수준,1.0,39,True
provinces,2019,201910,V059_비은행대출금리_주택담보_연리%|12m차,1.0,44,True
provinces,2019,201910,V061_주택가격전망CSI_서울|수준,1.0,24,True
provinces,2019,201910,V061_주택가격전망CSI_서울|12m차,1.0,29,True
provinces,2019,201910,V062_주택가격전망CSI_6대광역시|수준,1.0,27,True
provinces,2019,201910,V062_주택가격전망CSI_6대광역시|12m차,1.0,30,True
provinces,2019,201910,V063_주택가격전망CSI_기타도시|수준,1.0,27,True
provinces,2019,201910,V063_주택가격전망CSI_기타도시|12m차,1.0,25,True
provinces,2019,201910,V064_KOSPI_종가_1980.01.04=100|수준,1.0,46,True
provinces,2019,201910,V064_KOSPI_종가_1980.01.04=100|12m차,1.0,46,True
provinces,2019,201910,V066_임금총액_사업체노동력_원|12m로그변화,1.0,46,True
provinces,2019,201910,V067_선행지수순환변동치_2020=100|수준,1.0,23,True
provinces,2019,201910,V067_선행지수순환변동치_2020=100|12m차,1.0,33,True
provinces,2019,201910,V069_예금취급기관_가계대출_십억원|12m로그변화,1.0,46,True
provinces,2019,201910,V069_예금취급기관_주택관련대출_십억원|12m로그변화,1.0,46,True
provinces,2019,201910,V070_수출금액_천불|12m로그변화,1.0,46,True
provinces,2019,201910,V071_정책대출_주금공_주택도시기금_십억원|12m로그변화,0.717391304347826,33,True
provinces,2019,201910,V047_가계신용_총액_십억원|12m로그변화,1.0,16,True
provinces,2019,201910,V049_시간당명목임금지수_2020=100|수준,1.0,15,True
provinces,2019,201910,V049_시간당명목임금지수_2020=100|12m차,1.0,15,True
provinces,2019,201910,V060_대출태도_국내은행_가계주택|수준,1.0,13,True
provinces,2019,201910,V060_대출태도_국내은행_가계주택|12m차,1.0,14,True
provinces,2019,201910,V074_가계동향_도시2인이상_월평균소득_원|수준,1.0,16,True
provinces,2019,201910,V074_가계동향_도시2인이상_월평균소득_원|12m차,1.0,16,True
provinces,2019,201910,V074_연결_월평균소득_원|12m로그변화,1.0,16,True
provinces,2019,201910,V015_1인당GRDP_천원|12m로그변화,0.9936061381074168,84,True
provinces,2019,201910,V017_1인당가계총처분가능소득_천원|12m로그변화,0.9936061381074168,84,True
provinces,2019,201910,V024_주거용신축허가_동수_동|12m로그변화,0.058823529411764705,5,False
provinces,2019,201910,V024_주거용신축허가_연면적_㎡|12m로그변화,0.058823529411764705,5,False
provinces,2019,201910,V072_총조사_가구수_가구|12m로그변화,0.4782608695652174,34,False
provinces,2019,201910,V072_총조사_주택수_호|12m로그변화,0.4782608695652174,34,False
provinces,2019,201910,V076_공공+민간총계(DT_MLTM_7174)_호|12m로그변화,0.0,0,False
provinces,2019,201910,V076_공공임대계(DT_MLTM_7174)_호|12m로그변화,0.0,0,False
provinces,2019,201910,V076_민간임대계(DT_MLTM_7174)_호|12m로그변화,0.0,0,False
provinces,2019,201910,V076_민간임대(DT_MLTM_6827합계)_호|12m로그변화,0.0,0,False
provinces,2019,201910,V077_임대주택건설공급_총계_호|12m로그변화,1.0,85,True
provinces,2019,201910,V072_총조사단순주택수가구수비율|12m로그변화,0.4782608695652174,34,False
provinces,2019,201910,V024_주거용신축허가_동수_천세대당|수준,0.058823529411764705,5,False
provinces,2019,201910,V024_주거용신축허가_동수_천세대당|12m차,0.058823529411764705,5,False
provinces,2019,201910,V076_공공+민간총계(DT_MLTM_7174)_천세대당|수준,0.0,0,False
provinces,2019,201910,V076_공공+민간총계(DT_MLTM_7174)_천세대당|12m차,0.0,0,False
provinces,2019,201910,V076_공공임대계(DT_MLTM_7174)_천세대당|수준,0.0,0,False
provinces,2019,201910,V076_공공임대계(DT_MLTM_7174)_천세대당|12m차,0.0,0,False
provinces,2019,201910,V076_민간임대계(DT_MLTM_7174)_천세대당|수준,0.0,0,False
provinces,2019,201910,V076_민간임대계(DT_MLTM_7174)_천세대당|12m차,0.0,0,False
provinces,2019,201910,V076_민간임대(DT_MLTM_6827합계)_천세대당|수준,0.0,0,False
provinces,2019,201910,V076_민간임대(DT_MLTM_6827합계)_천세대당|12m차,0.0,0,False
provinces,2019,201910,V077_임대주택건설공급_총계_천세대당|수준,1.0,85,True
provinces,2019,201910,V077_임대주택건설공급_총계_천세대당|12m차,1.0,85,True
provinces,2019,201910,V015_전국대비|수준,1.0,85,True
provinces,2019,201910,V015_전국대비|12m차,0.9936061381074168,84,True
provinces,2019,201910,V017_전국대비|수준,1.0,84,True
provinces,2019,201910,V017_전국대비|12m차,0.9936061381074168,84,True
provinces,2019,201910,V072_공식주택보급률_%|수준,0.9782608695652174,83,True
provinces,2019,201910,V072_공식주택보급률_%|12m차,0.9629156010230179,82,True
provinces,2019,201910,D_CSI_전신계열,1.0,1,False
provinces,2019,201910,D_Wage_10th,1.0,1,False
provinces,2019,201910,D_Wage_11th,1.0,1,False
provinces,2019,201910,M10_rent_growth_1m,0.9782608695652174,765,True
provinces,2019,201910,M10_rent_growth_6m,0.8695652173913043,680,True
provinces,2020,202001,V003_전세가율_%|수준,1.0,197,True
provinces,2020,202001,V003_전세가율_%|12m차,1.0,192,True
provinces,2020,202001,V004_지역별전월세전환율_%|수준,1.0,488,True
provinces,2020,202001,V004_지역별전월세전환율_%|12m차,1.0,735,True
provinces,2020,202001,V005_월세수급동향|수준,0.9795918367346939,685,True
provinces,2020,202001,V005_월세수급동향|12m차,0.7346938775510204,607,True
provinces,2020,202001,V009_주민등록인구_명|12m로그변화,1.0,833,True
provinces,2020,202001,V010_주민등록세대수_세대|12m로그변화,1.0,833,True
provinces,2020,202001,V011_20-29세_명|12m로그변화,1.0,833,True
provinces,2020,202001,V011_20-39세_명|12m로그변화,1.0,833,True
provinces,2020,202001,V011_20-39세비중_%|수준,1.0,833,True
provinces,2020,202001,V011_20-39세비중_%|12m차,1.0,833,True
provinces,2020,202001,V011_30-39세_명|12m로그변화,1.0,833,True
provinces,2020,202001,V012_순이동자수_명|천명당12개월,1.0,833,True
provinces,2020,202001,V013_고용률_%|수준,0.9771908763505402,138,True
provinces,2020,202001,V013_고용률_%|12m차,0.9627851140456183,116,True
provinces,2020,202001,V013_취업자_천명|12m로그변화,0.9627851140456183,802,True
provinces,2020,202001,V021_아파트_인허가_호|12개월누적log,1.0,813,True
provinces,2020,202001,V021_아파트_인허가_호|12개월누적log_12m차,1.0,831,True
provinces,2020,202001,V022_아파트_착공_호|12개월누적log,1.0,805,True
provinces,2020,202001,V022_아파트_착공_호|12개월누적log_12m차,1.0,827,True
provinces,2020,202001,V023_아파트_준공_호|12개월누적log,1.0,818,True
provinces,2020,202001,V023_아파트_준공_호|12개월누적log_12m차,1.0,832,True
provinces,2020,202001,V031_매매수급동향|수준,1.0,714,True
provinces,2020,202001,V031_매매수급동향|12m차,1.0,821,True
provinces,2020,202001,V032_전세수급동향|수준,1.0,720,True
provinces,2020,202001,V032_전세수급동향|12m차,1.0,817,True
provinces,2020,202001,V034_수급동향(구)_통합|수준,0.009603841536614645,8,False
provinces,2020,202001,V034_수급동향(구)_통합|12m차,0.009603841536614645,7,False
provinces,2020,202001,V035_아파트거래_동호수_호|12개월누적log,1.0,826,True
provinces,2020,202001,V035_아파트거래_동호수_호|12개월누적log_12m차,1.0,833,True
provinces,2020,202001,V035_아파트거래_면적_천㎡|12개월누적log,1.0,780,True
provinces,2020,202001,V035_아파트거래_면적_천㎡|12개월누적log_12m차,1.0,833,True
provinces,2020,202001,V036_아파트매매거래_동호수_호|12개월누적log,1.0,825,True
provinces,2020,202001,V036_아파트매매거래_동호수_호|12개월누적log_12m차,1.0,833,True
provinces,2020,202001,V036_아파트매매거래_면적_천㎡|12개월누적log,1.0,706,True
provinces,2020,202001,V036_아파트매매거래_면적_천㎡|12개월누적log_12m차,1.0,831,True
provinces,2020,202001,V037_주택시장_소비심리지수|수준,0.8991596638655462,420,True
provinces,2020,202001,V037_주택시장_소비심리지수|12m차,0.8823529411764706,458,True
provinces,2020,202001,V038_미분양주택현황_호|log,0.9963985594237695,719,True
provinces,2020,202001,V038_미분양주택현황_호|log_12m차,0.9963985594237695,794,True
provinces,2020,202001,V050_지역별_주택관련대출_예금은행_십억원|12m로그변화,1.0,833,True
provinces,2020,202001,V043_한국은행_기준금리_연%|수준,1.0,3,True
provinces,2020,202001,V043_한국은행_기준금리_연%|12m차,1.0,6,True
provinces,2020,202001,V044_시장금리_CD91일_연%|수준,1.0,29,True
provinces,2020,202001,V044_시장금리_CD91일_연%|12m차,1.0,36,True
provinces,2020,202001,V045_시장금리_국고채3년_연%|수준,1.0,49,True
provinces,2020,202001,V045_시장금리_국고채3년_연%|12m차,1.0,49,True
provinces,2020,202001,V046_M2_통화량_십억원|12m로그변화,1.0,49,True
provinces,2020,202001,V048_소비자물가지수_2020=100|수준,1.0,48,True
provinces,2020,202001,V048_소비자물가지수_2020=100|12m차,1.0,48,True
provinces,2020,202001,V056_예금은행대출금리_주택담보_연리%|수준,1.0,38,True
provinces,2020,202001,V056_예금은행대출금리_주택담보_연리%|12m차,1.0,44,True
provinces,2020,202001,V057_예금은행대출금리_전세자금_연리%|수준,1.0,32,True
provinces,2020,202001,V057_예금은행대출금리_전세자금_연리%|12m차,0.8571428571428571,35,True
provinces,2020,202001,V059_비은행대출금리_주택담보_연리%|수준,1.0,40,True
provinces,2020,202001,V059_비은행대출금리_주택담보_연리%|12m차,1.0,47,True
provinces,2020,202001,V061_주택가격전망CSI_서울|수준,1.0,27,True
provinces,2020,202001,V061_주택가격전망CSI_서울|12m차,1.0,31,True
provinces,2020,202001,V062_주택가격전망CSI_6대광역시|수준,1.0,28,True
provinces,2020,202001,V062_주택가격전망CSI_6대광역시|12m차,1.0,31,True
provinces,2020,202001,V063_주택가격전망CSI_기타도시|수준,1.0,29,True
provinces,2020,202001,V063_주택가격전망CSI_기타도시|12m차,1.0,26,True
provinces,2020,202001,V064_KOSPI_종가_1980.01.04=100|수준,1.0,49,True
provinces,2020,202001,V064_KOSPI_종가_1980.01.04=100|12m차,1.0,49,True
provinces,2020,202001,V066_임금총액_사업체노동력_원|12m로그변화,1.0,49,True
provinces,2020,202001,V067_선행지수순환변동치_2020=100|수준,1.0,25,True
provinces,2020,202001,V067_선행지수순환변동치_2020=100|12m차,1.0,35,True
provinces,2020,202001,V069_예금취급기관_가계대출_십억원|12m로그변화,1.0,49,True
provinces,2020,202001,V069_예금취급기관_주택관련대출_십억원|12m로그변화,1.0,49,True
provinces,2020,202001,V070_수출금액_천불|12m로그변화,1.0,49,True
provinces,2020,202001,V071_정책대출_주금공_주택도시기금_십억원|12m로그변화,0.7346938775510204,36,True
provinces,2020,202001,V047_가계신용_총액_십억원|12m로그변화,1.0,17,True
provinces,2020,202001,V049_시간당명목임금지수_2020=100|수준,1.0,16,True
provinces,2020,202001,V049_시간당명목임금지수_2020=100|12m차,1.0,16,True
provinces,2020,202001,V060_대출태도_국내은행_가계주택|수준,1.0,14,True
provinces,2020,202001,V060_대출태도_국내은행_가계주택|12m차,1.0,15,True
provinces,2020,202001,V074_가계동향_도시2인이상_월평균소득_원|수준,1.0,17,True
provinces,2020,202001,V074_가계동향_도시2인이상_월평균소득_원|12m차,1.0,17,True
provinces,2020,202001,V074_연결_월평균소득_원|12m로그변화,1.0,17,True
provinces,2020,202001,V015_1인당GRDP_천원|12m로그변화,0.9939975990396158,84,True
provinces,2020,202001,V017_1인당가계총처분가능소득_천원|12m로그변화,0.9939975990396158,84,True
provinces,2020,202001,V024_주거용신축허가_동수_동|12m로그변화,0.058823529411764705,5,False
provinces,2020,202001,V024_주거용신축허가_연면적_㎡|12m로그변화,0.058823529411764705,5,False
provinces,2020,202001,V072_총조사_가구수_가구|12m로그변화,0.5102040816326531,51,False
provinces,2020,202001,V072_총조사_주택수_호|12m로그변화,0.5102040816326531,51,False
provinces,2020,202001,V076_공공+민간총계(DT_MLTM_7174)_호|12m로그변화,0.0,0,False
provinces,2020,202001,V076_공공임대계(DT_MLTM_7174)_호|12m로그변화,0.0,0,False
provinces,2020,202001,V076_민간임대계(DT_MLTM_7174)_호|12m로그변화,0.0,0,False
provinces,2020,202001,V076_민간임대(DT_MLTM_6827합계)_호|12m로그변화,0.0,0,False
provinces,2020,202001,V077_임대주택건설공급_총계_호|12m로그변화,1.0,85,True
provinces,2020,202001,V072_총조사단순주택수가구수비율|12m로그변화,0.5102040816326531,51,False
provinces,2020,202001,V024_주거용신축허가_동수_천세대당|수준,0.058823529411764705,5,False
provinces,2020,202001,V024_주거용신축허가_동수_천세대당|12m차,0.058823529411764705,5,False
provinces,2020,202001,V076_공공+민간총계(DT_MLTM_7174)_천세대당|수준,0.0,0,False
provinces,2020,202001,V076_공공+민간총계(DT_MLTM_7174)_천세대당|12m차,0.0,0,False
provinces,2020,202001,V076_공공임대계(DT_MLTM_7174)_천세대당|수준,0.0,0,False
provinces,2020,202001,V076_공공임대계(DT_MLTM_7174)_천세대당|12m차,0.0,0,False
provinces,2020,202001,V076_민간임대계(DT_MLTM_7174)_천세대당|수준,0.0,0,False
provinces,2020,202001,V076_민간임대계(DT_MLTM_7174)_천세대당|12m차,0.0,0,False
provinces,2020,202001,V076_민간임대(DT_MLTM_6827합계)_천세대당|수준,0.0,0,False
provinces,2020,202001,V076_민간임대(DT_MLTM_6827합계)_천세대당|12m차,0.0,0,False
provinces,2020,202001,V077_임대주택건설공급_총계_천세대당|수준,1.0,85,True
provinces,2020,202001,V077_임대주택건설공급_총계_천세대당|12m차,1.0,85,True
provinces,2020,202001,V015_전국대비|수준,1.0,85,True
provinces,2020,202001,V015_전국대비|12m차,0.9939975990396158,84,True
provinces,2020,202001,V017_전국대비|수준,1.0,84,True
provinces,2020,202001,V017_전국대비|12m차,0.9939975990396158,84,True
provinces,2020,202001,V072_공식주택보급률_%|수준,0.9795918367346939,83,True
provinces,2020,202001,V072_공식주택보급률_%|12m차,0.9651860744297719,82,True
provinces,2020,202001,D_CSI_전신계열,1.0,1,False
provinces,2020,202001,D_Wage_10th,1.0,1,False
provinces,2020,202001,D_Wage_11th,1.0,1,False
provinces,2020,202001,M10_rent_growth_1m,0.9795918367346939,816,True
provinces,2020,202001,M10_rent_growth_6m,0.8775510204081632,731,True
provinces,2020,202004,V003_전세가율_%|수준,1.0,199,True
provinces,2020,202004,V003_전세가율_%|12m차,1.0,196,True
provinces,2020,202004,V004_지역별전월세전환율_%|수준,1.0,506,True
provinces,2020,202004,V004_지역별전월세전환율_%|12m차,1.0,774,True
provinces,2020,202004,V005_월세수급동향|수준,0.9807692307692307,733,True
provinces,2020,202004,V005_월세수급동향|12m차,0.75,658,True
provinces,2020,202004,V009_주민등록인구_명|12m로그변화,1.0,884,True
provinces,2020,202004,V010_주민등록세대수_세대|12m로그변화,1.0,884,True
provinces,2020,202004,V011_20-29세_명|12m로그변화,1.0,884,True
provinces,2020,202004,V011_20-39세_명|12m로그변화,1.0,884,True
provinces,2020,202004,V011_20-39세비중_%|수준,1.0,884,True
provinces,2020,202004,V011_20-39세비중_%|12m차,1.0,884,True
provinces,2020,202004,V011_30-39세_명|12m로그변화,1.0,884,True
provinces,2020,202004,V012_순이동자수_명|천명당12개월,1.0,884,True
provinces,2020,202004,V013_고용률_%|수준,0.9785067873303167,139,True
provinces,2020,202004,V013_고용률_%|12m차,0.9649321266968326,118,True
provinces,2020,202004,V013_취업자_천명|12m로그변화,0.9649321266968326,853,True
provinces,2020,202004,V021_아파트_인허가_호|12개월누적log,1.0,860,True
provinces,2020,202004,V021_아파트_인허가_호|12개월누적log_12m차,1.0,880,True
provinces,2020,202004,V022_아파트_착공_호|12개월누적log,1.0,849,True
provinces,2020,202004,V022_아파트_착공_호|12개월누적log_12m차,1.0,877,True
provinces,2020,202004,V023_아파트_준공_호|12개월누적log,1.0,867,True
provinces,2020,202004,V023_아파트_준공_호|12개월누적log_12m차,1.0,883,True
provinces,2020,202004,V031_매매수급동향|수준,1.0,756,True
provinces,2020,202004,V031_매매수급동향|12m차,1.0,872,True
provinces,2020,202004,V032_전세수급동향|수준,1.0,762,True
provinces,2020,202004,V032_전세수급동향|12m차,1.0,868,True
provinces,2020,202004,V034_수급동향(구)_통합|수준,0.00904977375565611,8,False
provinces,2020,202004,V034_수급동향(구)_통합|12m차,0.00904977375565611,7,False
provinces,2020,202004,V035_아파트거래_동호수_호|12개월누적log,1.0,877,True
provinces,2020,202004,V035_아파트거래_동호수_호|12개월누적log_12m차,1.0,884,True
provinces,2020,202004,V035_아파트거래_면적_천㎡|12개월누적log,1.0,820,True
provinces,2020,202004,V035_아파트거래_면적_천㎡|12개월누적log_12m차,1.0,884,True
provinces,2020,202004,V036_아파트매매거래_동호수_호|12개월누적log,1.0,873,True
provinces,2020,202004,V036_아파트매매거래_동호수_호|12개월누적log_12m차,1.0,884,True
provinces,2020,202004,V036_아파트매매거래_면적_천㎡|12개월누적log,1.0,747,True
provinces,2020,202004,V036_아파트매매거래_면적_천㎡|12개월누적log_12m차,1.0,881,True
provinces,2020,202004,V037_주택시장_소비심리지수|수준,0.9049773755656109,435,True
provinces,2020,202004,V037_주택시장_소비심리지수|12m차,0.8823529411764706,480,True
provinces,2020,202004,V038_미분양주택현황_호|log,0.996606334841629,759,True
provinces,2020,202004,V038_미분양주택현황_호|log_12m차,0.995475113122172,841,True
provinces,2020,202004,V050_지역별_주택관련대출_예금은행_십억원|12m로그변화,1.0,884,True
provinces,2020,202004,V043_한국은행_기준금리_연%|수준,1.0,3,True
provinces,2020,202004,V043_한국은행_기준금리_연%|12m차,1.0,6,True
provinces,2020,202004,V044_시장금리_CD91일_연%|수준,1.0,30,True
provinces,2020,202004,V044_시장금리_CD91일_연%|12m차,1.0,38,True
provinces,2020,202004,V045_시장금리_국고채3년_연%|수준,1.0,52,True
provinces,2020,202004,V045_시장금리_국고채3년_연%|12m차,1.0,52,True
provinces,2020,202004,V046_M2_통화량_십억원|12m로그변화,1.0,52,True
provinces,2020,202004,V048_소비자물가지수_2020=100|수준,1.0,51,True
provinces,2020,202004,V048_소비자물가지수_2020=100|12m차,1.0,51,True
provinces,2020,202004,V056_예금은행대출금리_주택담보_연리%|수준,1.0,41,True
provinces,2020,202004,V056_예금은행대출금리_주택담보_연리%|12m차,1.0,47,True
provinces,2020,202004,V057_예금은행대출금리_전세자금_연리%|수준,1.0,33,True
provinces,2020,202004,V057_예금은행대출금리_전세자금_연리%|12m차,0.8653846153846154,38,True
provinces,2020,202004,V059_비은행대출금리_주택담보_연리%|수준,1.0,42,True
provinces,2020,202004,V059_비은행대출금리_주택담보_연리%|12m차,1.0,49,True
provinces,2020,202004,V061_주택가격전망CSI_서울|수준,1.0,28,True
provinces,2020,202004,V061_주택가격전망CSI_서울|12m차,1.0,31,True
provinces,2020,202004,V062_주택가격전망CSI_6대광역시|수준,1.0,29,True
provinces,2020,202004,V062_주택가격전망CSI_6대광역시|12m차,1.0,32,True
provinces,2020,202004,V063_주택가격전망CSI_기타도시|수준,1.0,29,True
provinces,2020,202004,V063_주택가격전망CSI_기타도시|12m차,1.0,28,True
provinces,2020,202004,V064_KOSPI_종가_1980.01.04=100|수준,1.0,52,True
provinces,2020,202004,V064_KOSPI_종가_1980.01.04=100|12m차,1.0,52,True
provinces,2020,202004,V066_임금총액_사업체노동력_원|12m로그변화,1.0,52,True
provinces,2020,202004,V067_선행지수순환변동치_2020=100|수준,1.0,27,True
provinces,2020,202004,V067_선행지수순환변동치_2020=100|12m차,1.0,36,True
provinces,2020,202004,V069_예금취급기관_가계대출_십억원|12m로그변화,1.0,52,True
provinces,2020,202004,V069_예금취급기관_주택관련대출_십억원|12m로그변화,1.0,52,True
provinces,2020,202004,V070_수출금액_천불|12m로그변화,1.0,52,True
provinces,2020,202004,V071_정책대출_주금공_주택도시기금_십억원|12m로그변화,0.75,39,True
provinces,2020,202004,V047_가계신용_총액_십억원|12m로그변화,1.0,18,True
provinces,2020,202004,V049_시간당명목임금지수_2020=100|수준,1.0,17,True
provinces,2020,202004,V049_시간당명목임금지수_2020=100|12m차,1.0,17,True
provinces,2020,202004,V060_대출태도_국내은행_가계주택|수준,1.0,14,True
provinces,2020,202004,V060_대출태도_국내은행_가계주택|12m차,1.0,16,True
provinces,2020,202004,V074_가계동향_도시2인이상_월평균소득_원|수준,1.0,18,True
provinces,2020,202004,V074_가계동향_도시2인이상_월평균소득_원|12m차,1.0,18,True
provinces,2020,202004,V074_연결_월평균소득_원|12m로그변화,1.0,18,True
provinces,2020,202004,V015_1인당GRDP_천원|12m로그변화,0.994343891402715,84,True
provinces,2020,202004,V017_1인당가계총처분가능소득_천원|12m로그변화,0.994343891402715,84,True
provinces,2020,202004,V024_주거용신축허가_동수_동|12m로그변화,0.058823529411764705,5,False
provinces,2020,202004,V024_주거용신축허가_연면적_㎡|12m로그변화,0.058823529411764705,5,False
provinces,2020,202004,V072_총조사_가구수_가구|12m로그변화,0.5384615384615384,51,False
provinces,2020,202004,V072_총조사_주택수_호|12m로그변화,0.5384615384615384,51,False
provinces,2020,202004,V076_공공+민간총계(DT_MLTM_7174)_호|12m로그변화,0.0,0,False
provinces,2020,202004,V076_공공임대계(DT_MLTM_7174)_호|12m로그변화,0.0,0,False
provinces,2020,202004,V076_민간임대계(DT_MLTM_7174)_호|12m로그변화,0.0,0,False
provinces,2020,202004,V076_민간임대(DT_MLTM_6827합계)_호|12m로그변화,0.0,0,False
provinces,2020,202004,V077_임대주택건설공급_총계_호|12m로그변화,1.0,85,True
provinces,2020,202004,V072_총조사단순주택수가구수비율|12m로그변화,0.5384615384615384,51,False
provinces,2020,202004,V024_주거용신축허가_동수_천세대당|수준,0.058823529411764705,5,False
provinces,2020,202004,V024_주거용신축허가_동수_천세대당|12m차,0.058823529411764705,5,False
provinces,2020,202004,V076_공공+민간총계(DT_MLTM_7174)_천세대당|수준,0.0,0,False
provinces,2020,202004,V076_공공+민간총계(DT_MLTM_7174)_천세대당|12m차,0.0,0,False
provinces,2020,202004,V076_공공임대계(DT_MLTM_7174)_천세대당|수준,0.0,0,False
provinces,2020,202004,V076_공공임대계(DT_MLTM_7174)_천세대당|12m차,0.0,0,False
provinces,2020,202004,V076_민간임대계(DT_MLTM_7174)_천세대당|수준,0.0,0,False
provinces,2020,202004,V076_민간임대계(DT_MLTM_7174)_천세대당|12m차,0.0,0,False
provinces,2020,202004,V076_민간임대(DT_MLTM_6827합계)_천세대당|수준,0.0,0,False
provinces,2020,202004,V076_민간임대(DT_MLTM_6827합계)_천세대당|12m차,0.0,0,False
provinces,2020,202004,V077_임대주택건설공급_총계_천세대당|수준,1.0,85,True
provinces,2020,202004,V077_임대주택건설공급_총계_천세대당|12m차,1.0,85,True
provinces,2020,202004,V015_전국대비|수준,1.0,85,True
provinces,2020,202004,V015_전국대비|12m차,0.994343891402715,84,True
provinces,2020,202004,V017_전국대비|수준,1.0,84,True
provinces,2020,202004,V017_전국대비|12m차,0.994343891402715,84,True
provinces,2020,202004,V072_공식주택보급률_%|수준,0.9807692307692307,83,True
provinces,2020,202004,V072_공식주택보급률_%|12m차,0.9671945701357466,82,True
provinces,2020,202004,D_CSI_전신계열,1.0,1,False
provinces,2020,202004,D_Wage_10th,1.0,1,False
provinces,2020,202004,D_Wage_11th,1.0,1,False
provinces,2020,202004,M10_rent_growth_1m,0.9807692307692307,867,True
provinces,2020,202004,M10_rent_growth_6m,0.8846153846153846,782,True
provinces,2020,202007,V003_전세가율_%|수준,1.0,205,True
provinces,2020,202007,V003_전세가율_%|12m차,1.0,202,True
provinces,2020,202007,V004_지역별전월세전환율_%|수준,1.0,530,True
provinces,2020,202007,V004_지역별전월세전환율_%|12m차,1.0,814,True
provinces,2020,202007,V005_월세수급동향|수준,0.9818181818181818,775,True
provinces,2020,202007,V005_월세수급동향|12m차,0.7636363636363637,709,True
provinces,2020,202007,V009_주민등록인구_명|12m로그변화,1.0,935,True
provinces,2020,202007,V010_주민등록세대수_세대|12m로그변화,1.0,935,True
provinces,2020,202007,V011_20-29세_명|12m로그변화,1.0,935,True
provinces,2020,202007,V011_20-39세_명|12m로그변화,1.0,935,True
provinces,2020,202007,V011_20-39세비중_%|수준,1.0,935,True
provinces,2020,202007,V011_20-39세비중_%|12m차,1.0,935,True
provinces,2020,202007,V011_30-39세_명|12m로그변화,1.0,935,True
provinces,2020,202007,V012_순이동자수_명|천명당12개월,1.0,935,True
provinces,2020,202007,V013_고용률_%|수준,0.9796791443850268,141,True
provinces,2020,202007,V013_고용률_%|12m차,0.9668449197860962,119,True
provinces,2020,202007,V013_취업자_천명|12m로그변화,0.9668449197860962,904,True
provinces,2020,202007,V021_아파트_인허가_호|12개월누적log,1.0,908,True
provinces,2020,202007,V021_아파트_인허가_호|12개월누적log_12m차,1.0,931,True
provinces,2020,202007,V022_아파트_착공_호|12개월누적log,1.0,895,True
provinces,2020,202007,V022_아파트_착공_호|12개월누적log_12m차,1.0,925,True
provinces,2020,202007,V023_아파트_준공_호|12개월누적log,1.0,917,True
provinces,2020,202007,V023_아파트_준공_호|12개월누적log_12m차,1.0,934,True
provinces,2020,202007,V031_매매수급동향|수준,1.0,802,True
provinces,2020,202007,V031_매매수급동향|12m차,1.0,923,True
provinces,2020,202007,V032_전세수급동향|수준,1.0,807,True
provinces,2020,202007,V032_전세수급동향|12m차,1.0,919,True
provinces,2020,202007,V034_수급동향(구)_통합|수준,0.008556149732620321,8,False
provinces,2020,202007,V034_수급동향(구)_통합|12m차,0.008556149732620321,7,False
provinces,2020,202007,V035_아파트거래_동호수_호|12개월누적log,1.0,927,True
provinces,2020,202007,V035_아파트거래_동호수_호|12개월누적log_12m차,1.0,935,True
provinces,2020,202007,V035_아파트거래_면적_천㎡|12개월누적log,1.0,862,True
provinces,2020,202007,V035_아파트거래_면적_천㎡|12개월누적log_12m차,1.0,935,True
provinces,2020,202007,V036_아파트매매거래_동호수_호|12개월누적log,1.0,922,True
provinces,2020,202007,V036_아파트매매거래_동호수_호|12개월누적log_12m차,1.0,935,True
provinces,2020,202007,V036_아파트매매거래_면적_천㎡|12개월누적log,1.0,782,True
provinces,2020,202007,V036_아파트매매거래_면적_천㎡|12개월누적log_12m차,1.0,932,True
provinces,2020,202007,V037_주택시장_소비심리지수|수준,0.9101604278074866,446,True
provinces,2020,202007,V037_주택시장_소비심리지수|12m차,0.8844919786096257,509,True
provinces,2020,202007,V038_미분양주택현황_호|log,0.9967914438502674,803,True
provinces,2020,202007,V038_미분양주택현황_호|log_12m차,0.9946524064171123,889,True
provinces,2020,202007,V050_지역별_주택관련대출_예금은행_십억원|12m로그변화,1.0,935,True
provinces,2020,202007,V043_한국은행_기준금리_연%|수준,1.0,3,True
provinces,2020,202007,V043_한국은행_기준금리_연%|12m차,1.0,6,True
provinces,2020,202007,V044_시장금리_CD91일_연%|수준,1.0,33,True
provinces,2020,202007,V044_시장금리_CD91일_연%|12m차,1.0,41,True
provinces,2020,202007,V045_시장금리_국고채3년_연%|수준,1.0,55,True
provinces,2020,202007,V045_시장금리_국고채3년_연%|12m차,1.0,55,True
provinces,2020,202007,V046_M2_통화량_십억원|12m로그변화,1.0,55,True
provinces,2020,202007,V048_소비자물가지수_2020=100|수준,1.0,52,True
provinces,2020,202007,V048_소비자물가지수_2020=100|12m차,1.0,54,True
provinces,2020,202007,V056_예금은행대출금리_주택담보_연리%|수준,1.0,43,True
provinces,2020,202007,V056_예금은행대출금리_주택담보_연리%|12m차,1.0,50,True
provinces,2020,202007,V057_예금은행대출금리_전세자금_연리%|수준,1.0,35,True
provinces,2020,202007,V057_예금은행대출금리_전세자금_연리%|12m차,0.8727272727272727,38,True
provinces,2020,202007,V059_비은행대출금리_주택담보_연리%|수준,1.0,45,True
provinces,2020,202007,V059_비은행대출금리_주택담보_연리%|12m차,1.0,51,True
provinces,2020,202007,V061_주택가격전망CSI_서울|수준,1.0,30,True
provinces,2020,202007,V061_주택가격전망CSI_서울|12m차,1.0,34,True
provinces,2020,202007,V062_주택가격전망CSI_6대광역시|수준,1.0,31,True
provinces,2020,202007,V062_주택가격전망CSI_6대광역시|12m차,1.0,35,True
provinces,2020,202007,V063_주택가격전망CSI_기타도시|수준,1.0,30,True
provinces,2020,202007,V063_주택가격전망CSI_기타도시|12m차,1.0,31,True
provinces,2020,202007,V064_KOSPI_종가_1980.01.04=100|수준,1.0,55,True
provinces,2020,202007,V064_KOSPI_종가_1980.01.04=100|12m차,1.0,55,True
provinces,2020,202007,V066_임금총액_사업체노동력_원|12m로그변화,1.0,55,True
provinces,2020,202007,V067_선행지수순환변동치_2020=100|수준,1.0,28,True
provinces,2020,202007,V067_선행지수순환변동치_2020=100|12m차,1.0,37,True
provinces,2020,202007,V069_예금취급기관_가계대출_십억원|12m로그변화,1.0,55,True
provinces,2020,202007,V069_예금취급기관_주택관련대출_십억원|12m로그변화,1.0,55,True
provinces,2020,202007,V070_수출금액_천불|12m로그변화,1.0,55,True
provinces,2020,202007,V071_정책대출_주금공_주택도시기금_십억원|12m로그변화,0.7636363636363637,42,True
provinces,2020,202007,V047_가계신용_총액_십억원|12m로그변화,1.0,19,True
provinces,2020,202007,V049_시간당명목임금지수_2020=100|수준,1.0,18,True
provinces,2020,202007,V049_시간당명목임금지수_2020=100|12m차,1.0,17,True
provinces,2020,202007,V060_대출태도_국내은행_가계주택|수준,1.0,14,True
provinces,2020,202007,V060_대출태도_국내은행_가계주택|12m차,1.0,17,True
provinces,2020,202007,V074_가계동향_도시2인이상_월평균소득_원|수준,1.0,19,True
provinces,2020,202007,V074_가계동향_도시2인이상_월평균소득_원|12m차,1.0,19,True
provinces,2020,202007,V074_연결_월평균소득_원|12m로그변화,1.0,19,True
provinces,2020,202007,V015_1인당GRDP_천원|12m로그변화,0.9946524064171123,101,True
provinces,2020,202007,V017_1인당가계총처분가능소득_천원|12m로그변화,0.9946524064171123,101,True
provinces,2020,202007,V024_주거용신축허가_동수_동|12m로그변화,0.058823529411764705,6,False
provinces,2020,202007,V024_주거용신축허가_연면적_㎡|12m로그변화,0.058823529411764705,6,False
provinces,2020,202007,V072_총조사_가구수_가구|12m로그변화,0.5636363636363636,51,False
provinces,2020,202007,V072_총조사_주택수_호|12m로그변화,0.5636363636363636,51,False
provinces,2020,202007,V076_공공+민간총계(DT_MLTM_7174)_호|12m로그변화,0.0,0,False
provinces,2020,202007,V076_공공임대계(DT_MLTM_7174)_호|12m로그변화,0.0,0,False
provinces,2020,202007,V076_민간임대계(DT_MLTM_7174)_호|12m로그변화,0.0,0,False
provinces,2020,202007,V076_민간임대(DT_MLTM_6827합계)_호|12m로그변화,0.0,0,False
provinces,2020,202007,V077_임대주택건설공급_총계_호|12m로그변화,1.0,102,True
provinces,2020,202007,V072_총조사단순주택수가구수비율|12m로그변화,0.5636363636363636,51,False
provinces,2020,202007,V024_주거용신축허가_동수_천세대당|수준,0.058823529411764705,6,False
provinces,2020,202007,V024_주거용신축허가_동수_천세대당|12m차,0.058823529411764705,6,False
provinces,2020,202007,V076_공공+민간총계(DT_MLTM_7174)_천세대당|수준,0.0,0,False
provinces,2020,202007,V076_공공+민간총계(DT_MLTM_7174)_천세대당|12m차,0.0,0,False
provinces,2020,202007,V076_공공임대계(DT_MLTM_7174)_천세대당|수준,0.0,0,False
provinces,2020,202007,V076_공공임대계(DT_MLTM_7174)_천세대당|12m차,0.0,0,False
provinces,2020,202007,V076_민간임대계(DT_MLTM_7174)_천세대당|수준,0.0,0,False
provinces,2020,202007,V076_민간임대계(DT_MLTM_7174)_천세대당|12m차,0.0,0,False
provinces,2020,202007,V076_민간임대(DT_MLTM_6827합계)_천세대당|수준,0.0,0,False
provinces,2020,202007,V076_민간임대(DT_MLTM_6827합계)_천세대당|12m차,0.0,0,False
provinces,2020,202007,V077_임대주택건설공급_총계_천세대당|수준,1.0,102,True
provinces,2020,202007,V077_임대주택건설공급_총계_천세대당|12m차,1.0,102,True
provinces,2020,202007,V015_전국대비|수준,1.0,102,True
provinces,2020,202007,V015_전국대비|12m차,0.9946524064171123,101,True
provinces,2020,202007,V017_전국대비|수준,1.0,101,True
provinces,2020,202007,V017_전국대비|12m차,0.9946524064171123,101,True
provinces,2020,202007,V072_공식주택보급률_%|수준,0.9818181818181818,100,True
provinces,2020,202007,V072_공식주택보급률_%|12m차,0.9689839572192513,99,True
provinces,2020,202007,D_CSI_전신계열,1.0,1,False
provinces,2020,202007,D_Wage_10th,1.0,1,False
provinces,2020,202007,D_Wage_11th,1.0,1,False
provinces,2020,202007,M10_rent_growth_1m,0.9818181818181818,918,True
provinces,2020,202007,M10_rent_growth_6m,0.8909090909090909,833,True
provinces,2020,202010,V003_전세가율_%|수준,1.0,207,True
provinces,2020,202010,V003_전세가율_%|12m차,1.0,206,True
provinces,2020,202010,V004_지역별전월세전환율_%|수준,1.0,556,True
provinces,2020,202010,V004_지역별전월세전환율_%|12m차,1.0,863,True
provinces,2020,202010,V005_월세수급동향|수준,0.9827586206896551,823,True
provinces,2020,202010,V005_월세수급동향|12m차,0.7758620689655172,760,True
provinces,2020,202010,V009_주민등록인구_명|12m로그변화,1.0,986,True
provinces,2020,202010,V010_주민등록세대수_세대|12m로그변화,1.0,986,True
provinces,2020,202010,V011_20-29세_명|12m로그변화,1.0,986,True
provinces,2020,202010,V011_20-39세_명|12m로그변화,1.0,986,True
provinces,2020,202010,V011_20-39세비중_%|수준,1.0,986,True
provinces,2020,202010,V011_20-39세비중_%|12m차,1.0,986,True
provinces,2020,202010,V011_30-39세_명|12m로그변화,1.0,986,True
provinces,2020,202010,V012_순이동자수_명|천명당12개월,1.0,986,True
provinces,2020,202010,V013_고용률_%|수준,0.9807302231237323,145,True
provinces,2020,202010,V013_고용률_%|12m차,0.9685598377281948,124,True
provinces,2020,202010,V013_취업자_천명|12m로그변화,0.9685598377281948,955,True
provinces,2020,202010,V021_아파트_인허가_호|12개월누적log,1.0,958,True
provinces,2020,202010,V021_아파트_인허가_호|12개월누적log_12m차,1.0,982,True
provinces,2020,202010,V022_아파트_착공_호|12개월누적log,1.0,941,True
provinces,2020,202010,V022_아파트_착공_호|12개월누적log_12m차,1.0,974,True
provinces,2020,202010,V023_아파트_준공_호|12개월누적log,1.0,965,True
provinces,2020,202010,V023_아파트_준공_호|12개월누적log_12m차,1.0,985,True
provinces,2020,202010,V031_매매수급동향|수준,1.0,851,True
provinces,2020,202010,V031_매매수급동향|12m차,1.0,974,True
provinces,2020,202010,V032_전세수급동향|수준,1.0,856,True
provinces,2020,202010,V032_전세수급동향|12m차,1.0,970,True
provinces,2020,202010,V034_수급동향(구)_통합|수준,0.008113590263691683,8,False
provinces,2020,202010,V034_수급동향(구)_통합|12m차,0.008113590263691683,7,False
provinces,2020,202010,V035_아파트거래_동호수_호|12개월누적log,1.0,977,True
provinces,2020,202010,V035_아파트거래_동호수_호|12개월누적log_12m차,1.0,986,True
provinces,2020,202010,V035_아파트거래_면적_천㎡|12개월누적log,1.0,909,True
provinces,2020,202010,V035_아파트거래_면적_천㎡|12개월누적log_12m차,1.0,986,True
provinces,2020,202010,V036_아파트매매거래_동호수_호|12개월누적log,1.0,973,True
provinces,2020,202010,V036_아파트매매거래_동호수_호|12개월누적log_12m차,1.0,986,True
provinces,2020,202010,V036_아파트매매거래_면적_천㎡|12개월누적log,1.0,827,True
provinces,2020,202010,V036_아파트매매거래_면적_천㎡|12개월누적log_12m차,1.0,983,True
provinces,2020,202010,V037_주택시장_소비심리지수|수준,0.9148073022312373,457,True
provinces,2020,202010,V037_주택시장_소비심리지수|12m차,0.8904665314401623,546,True
provinces,2020,202010,V038_미분양주택현황_호|log,0.9969574036511156,842,True
provinces,2020,202010,V038_미분양주택현황_호|log_12m차,0.9949290060851927,937,True
provinces,2020,202010,V050_지역별_주택관련대출_예금은행_십억원|12m로그변화,1.0,986,True
provinces,2020,202010,V043_한국은행_기준금리_연%|수준,1.0,4,True
provinces,2020,202010,V043_한국은행_기준금리_연%|12m차,1.0,6,True
provinces,2020,202010,V044_시장금리_CD91일_연%|수준,1.0,35,True
provinces,2020,202010,V044_시장금리_CD91일_연%|12m차,1.0,44,True
provinces,2020,202010,V045_시장금리_국고채3년_연%|수준,1.0,58,True
provinces,2020,202010,V045_시장금리_국고채3년_연%|12m차,1.0,58,True
provinces,2020,202010,V046_M2_통화량_십억원|12m로그변화,1.0,58,True
provinces,2020,202010,V048_소비자물가지수_2020=100|수준,1.0,55,True
provinces,2020,202010,V048_소비자물가지수_2020=100|12m차,1.0,57,True
provinces,2020,202010,V056_예금은행대출금리_주택담보_연리%|수준,1.0,45,True
provinces,2020,202010,V056_예금은행대출금리_주택담보_연리%|12m차,1.0,51,True
provinces,2020,202010,V057_예금은행대출금리_전세자금_연리%|수준,1.0,37,True
provinces,2020,202010,V057_예금은행대출금리_전세자금_연리%|12m차,0.8793103448275862,40,True
provinces,2020,202010,V059_비은행대출금리_주택담보_연리%|수준,1.0,47,True
provinces,2020,202010,V059_비은행대출금리_주택담보_연리%|12m차,1.0,52,True
provinces,2020,202010,V061_주택가격전망CSI_서울|수준,1.0,30,True
provinces,2020,202010,V061_주택가격전망CSI_서울|12m차,1.0,35,True
provinces,2020,202010,V062_주택가격전망CSI_6대광역시|수준,1.0,32,True
provinces,2020,202010,V062_주택가격전망CSI_6대광역시|12m차,1.0,36,True
provinces,2020,202010,V063_주택가격전망CSI_기타도시|수준,1.0,30,True
provinces,2020,202010,V063_주택가격전망CSI_기타도시|12m차,1.0,34,True
provinces,2020,202010,V064_KOSPI_종가_1980.01.04=100|수준,1.0,58,True
provinces,2020,202010,V064_KOSPI_종가_1980.01.04=100|12m차,1.0,58,True
provinces,2020,202010,V066_임금총액_사업체노동력_원|12m로그변화,1.0,58,True
provinces,2020,202010,V067_선행지수순환변동치_2020=100|수준,1.0,29,True
provinces,2020,202010,V067_선행지수순환변동치_2020=100|12m차,1.0,39,True
provinces,2020,202010,V069_예금취급기관_가계대출_십억원|12m로그변화,1.0,58,True
provinces,2020,202010,V069_예금취급기관_주택관련대출_십억원|12m로그변화,1.0,58,True
provinces,2020,202010,V070_수출금액_천불|12m로그변화,1.0,58,True
provinces,2020,202010,V071_정책대출_주금공_주택도시기금_십억원|12m로그변화,0.7758620689655172,45,True
provinces,2020,202010,V047_가계신용_총액_십억원|12m로그변화,1.0,20,True
provinces,2020,202010,V049_시간당명목임금지수_2020=100|수준,1.0,19,True
provinces,2020,202010,V049_시간당명목임금지수_2020=100|12m차,1.0,18,True
provinces,2020,202010,V060_대출태도_국내은행_가계주택|수준,1.0,14,True
provinces,2020,202010,V060_대출태도_국내은행_가계주택|12m차,1.0,17,True
provinces,2020,202010,V074_가계동향_도시2인이상_월평균소득_원|수준,1.0,20,True
provinces,2020,202010,V074_가계동향_도시2인이상_월평균소득_원|12m차,1.0,20,True
provinces,2020,202010,V074_연결_월평균소득_원|12m로그변화,1.0,20,True
provinces,2020,202010,V015_1인당GRDP_천원|12m로그변화,0.9949290060851927,101,True
provinces,2020,202010,V017_1인당가계총처분가능소득_천원|12m로그변화,0.9949290060851927,101,True
provinces,2020,202010,V024_주거용신축허가_동수_동|12m로그변화,0.058823529411764705,6,False
provinces,2020,202010,V024_주거용신축허가_연면적_㎡|12m로그변화,0.058823529411764705,6,False
provinces,2020,202010,V072_총조사_가구수_가구|12m로그변화,0.5862068965517241,51,False
provinces,2020,202010,V072_총조사_주택수_호|12m로그변화,0.5862068965517241,51,False
provinces,2020,202010,V076_공공+민간총계(DT_MLTM_7174)_호|12m로그변화,0.0,0,False
provinces,2020,202010,V076_공공임대계(DT_MLTM_7174)_호|12m로그변화,0.0,0,False
provinces,2020,202010,V076_민간임대계(DT_MLTM_7174)_호|12m로그변화,0.0,0,False
provinces,2020,202010,V076_민간임대(DT_MLTM_6827합계)_호|12m로그변화,0.0,0,False
provinces,2020,202010,V077_임대주택건설공급_총계_호|12m로그변화,1.0,102,True
provinces,2020,202010,V072_총조사단순주택수가구수비율|12m로그변화,0.5862068965517241,51,False
provinces,2020,202010,V024_주거용신축허가_동수_천세대당|수준,0.058823529411764705,6,False
provinces,2020,202010,V024_주거용신축허가_동수_천세대당|12m차,0.058823529411764705,6,False
provinces,2020,202010,V076_공공+민간총계(DT_MLTM_7174)_천세대당|수준,0.0,0,False
provinces,2020,202010,V076_공공+민간총계(DT_MLTM_7174)_천세대당|12m차,0.0,0,False
provinces,2020,202010,V076_공공임대계(DT_MLTM_7174)_천세대당|수준,0.0,0,False
provinces,2020,202010,V076_공공임대계(DT_MLTM_7174)_천세대당|12m차,0.0,0,False
provinces,2020,202010,V076_민간임대계(DT_MLTM_7174)_천세대당|수준,0.0,0,False
provinces,2020,202010,V076_민간임대계(DT_MLTM_7174)_천세대당|12m차,0.0,0,False
provinces,2020,202010,V076_민간임대(DT_MLTM_6827합계)_천세대당|수준,0.0,0,False
provinces,2020,202010,V076_민간임대(DT_MLTM_6827합계)_천세대당|12m차,0.0,0,False
provinces,2020,202010,V077_임대주택건설공급_총계_천세대당|수준,1.0,102,True
provinces,2020,202010,V077_임대주택건설공급_총계_천세대당|12m차,1.0,102,True
provinces,2020,202010,V015_전국대비|수준,1.0,102,True
provinces,2020,202010,V015_전국대비|12m차,0.9949290060851927,101,True
provinces,2020,202010,V017_전국대비|수준,1.0,101,True
provinces,2020,202010,V017_전국대비|12m차,0.9949290060851927,101,True
provinces,2020,202010,V072_공식주택보급률_%|수준,0.9827586206896551,100,True
provinces,2020,202010,V072_공식주택보급률_%|12m차,0.9705882352941176,99,True
provinces,2020,202010,D_CSI_전신계열,1.0,1,False
provinces,2020,202010,D_Wage_10th,1.0,2,True
provinces,2020,202010,D_Wage_11th,1.0,1,False
provinces,2020,202010,M10_rent_growth_1m,0.9827586206896551,969,True
provinces,2020,202010,M10_rent_growth_6m,0.896551724137931,884,True
provinces,2021,202101,V003_전세가율_%|수준,1.0,210,True
provinces,2021,202101,V003_전세가율_%|12m차,1.0,210,True
provinces,2021,202101,V004_지역별전월세전환율_%|수준,1.0,581,True
provinces,2021,202101,V004_지역별전월세전환율_%|12m차,1.0,906,True
provinces,2021,202101,V005_월세수급동향|수준,0.9836065573770492,868,True
provinces,2021,202101,V005_월세수급동향|12m차,0.7868852459016393,811,True
provinces,2021,202101,V009_주민등록인구_명|12m로그변화,1.0,1037,True
provinces,2021,202101,V010_주민등록세대수_세대|12m로그변화,1.0,1037,True
provinces,2021,202101,V011_20-29세_명|12m로그변화,1.0,1037,True
provinces,2021,202101,V011_20-39세_명|12m로그변화,1.0,1037,True
provinces,2021,202101,V011_20-39세비중_%|수준,1.0,1037,True
provinces,2021,202101,V011_20-39세비중_%|12m차,1.0,1037,True
provinces,2021,202101,V011_30-39세_명|12m로그변화,1.0,1037,True
provinces,2021,202101,V012_순이동자수_명|천명당12개월,1.0,1037,True
provinces,2021,202101,V013_고용률_%|수준,0.9816779170684667,148,True
provinces,2021,202101,V013_고용률_%|12m차,0.970106075216972,130,True
provinces,2021,202101,V013_취업자_천명|12m로그변화,0.970106075216972,1006,True
provinces,2021,202101,V021_아파트_인허가_호|12개월누적log,1.0,1007,True
provinces,2021,202101,V021_아파트_인허가_호|12개월누적log_12m차,1.0,1032,True
provinces,2021,202101,V022_아파트_착공_호|12개월누적log,1.0,991,True
provinces,2021,202101,V022_아파트_착공_호|12개월누적log_12m차,1.0,1024,True
provinces,2021,202101,V023_아파트_준공_호|12개월누적log,1.0,1015,True
provinces,2021,202101,V023_아파트_준공_호|12개월누적log_12m차,1.0,1036,True
provinces,2021,202101,V031_매매수급동향|수준,1.0,897,True
provinces,2021,202101,V031_매매수급동향|12m차,1.0,1024,True
provinces,2021,202101,V032_전세수급동향|수준,1.0,899,True
provinces,2021,202101,V032_전세수급동향|12m차,1.0,1020,True
provinces,2021,202101,V034_수급동향(구)_통합|수준,0.007714561234329798,8,False
provinces,2021,202101,V034_수급동향(구)_통합|12m차,0.007714561234329798,7,False
provinces,2021,202101,V035_아파트거래_동호수_호|12개월누적log,1.0,1027,True
provinces,2021,202101,V035_아파트거래_동호수_호|12개월누적log_12m차,1.0,1037,True
provinces,2021,202101,V035_아파트거래_면적_천㎡|12개월누적log,1.0,954,True
provinces,2021,202101,V035_아파트거래_면적_천㎡|12개월누적log_12m차,1.0,1037,True
provinces,2021,202101,V036_아파트매매거래_동호수_호|12개월누적log,1.0,1023,True
provinces,2021,202101,V036_아파트매매거래_동호수_호|12개월누적log_12m차,1.0,1037,True
provinces,2021,202101,V036_아파트매매거래_면적_천㎡|12개월누적log,1.0,862,True
provinces,2021,202101,V036_아파트매매거래_면적_천㎡|12개월누적log_12m차,1.0,1033,True
provinces,2021,202101,V037_주택시장_소비심리지수|수준,0.9189971070395371,466,True
provinces,2021,202101,V037_주택시장_소비심리지수|12m차,0.8958534233365477,584,True
provinces,2021,202101,V038_미분양주택현황_호|log,0.9971070395371263,883,True
provinces,2021,202101,V038_미분양주택현황_호|log_12m차,0.9942140790742526,984,True
provinces,2021,202101,V050_지역별_주택관련대출_예금은행_십억원|12m로그변화,1.0,1037,True
provinces,2021,202101,V043_한국은행_기준금리_연%|수준,1.0,5,True
provinces,2021,202101,V043_한국은행_기준금리_연%|12m차,1.0,7,True
provinces,2021,202101,V044_시장금리_CD91일_연%|수준,1.0,37,True
provinces,2021,202101,V044_시장금리_CD91일_연%|12m차,1.0,47,True
provinces,2021,202101,V045_시장금리_국고채3년_연%|수준,1.0,61,True
provinces,2021,202101,V045_시장금리_국고채3년_연%|12m차,1.0,61,True
provinces,2021,202101,V046_M2_통화량_십억원|12m로그변화,1.0,61,True
provinces,2021,202101,V048_소비자물가지수_2020=100|수준,1.0,58,True
provinces,2021,202101,V048_소비자물가지수_2020=100|12m차,1.0,60,True
provinces,2021,202101,V056_예금은행대출금리_주택담보_연리%|수준,1.0,47,True
provinces,2021,202101,V056_예금은행대출금리_주택담보_연리%|12m차,1.0,52,True
provinces,2021,202101,V057_예금은행대출금리_전세자금_연리%|수준,1.0,40,True
provinces,2021,202101,V057_예금은행대출금리_전세자금_연리%|12m차,0.8852459016393442,43,True
provinces,2021,202101,V059_비은행대출금리_주택담보_연리%|수준,1.0,50,True
provinces,2021,202101,V059_비은행대출금리_주택담보_연리%|12m차,1.0,55,True
provinces,2021,202101,V061_주택가격전망CSI_서울|수준,1.0,31,True
provinces,2021,202101,V061_주택가격전망CSI_서울|12m차,1.0,36,True
provinces,2021,202101,V062_주택가격전망CSI_6대광역시|수준,1.0,33,True
provinces,2021,202101,V062_주택가격전망CSI_6대광역시|12m차,1.0,38,True
provinces,2021,202101,V063_주택가격전망CSI_기타도시|수준,1.0,31,True
provinces,2021,202101,V063_주택가격전망CSI_기타도시|12m차,1.0,37,True
provinces,2021,202101,V064_KOSPI_종가_1980.01.04=100|수준,1.0,61,True
provinces,2021,202101,V064_KOSPI_종가_1980.01.04=100|12m차,1.0,61,True
provinces,2021,202101,V066_임금총액_사업체노동력_원|12m로그변화,1.0,61,True
provinces,2021,202101,V067_선행지수순환변동치_2020=100|수준,1.0,30,True
provinces,2021,202101,V067_선행지수순환변동치_2020=100|12m차,1.0,40,True
provinces,2021,202101,V069_예금취급기관_가계대출_십억원|12m로그변화,1.0,61,True
provinces,2021,202101,V069_예금취급기관_주택관련대출_십억원|12m로그변화,1.0,61,True
provinces,2021,202101,V070_수출금액_천불|12m로그변화,1.0,61,True
provinces,2021,202101,V071_정책대출_주금공_주택도시기금_십억원|12m로그변화,0.7868852459016393,48,True
provinces,2021,202101,V047_가계신용_총액_십억원|12m로그변화,1.0,21,True
provinces,2021,202101,V049_시간당명목임금지수_2020=100|수준,1.0,20,True
provinces,2021,202101,V049_시간당명목임금지수_2020=100|12m차,1.0,19,True
provinces,2021,202101,V060_대출태도_국내은행_가계주택|수준,1.0,15,True
provinces,2021,202101,V060_대출태도_국내은행_가계주택|12m차,1.0,18,True
provinces,2021,202101,V074_가계동향_도시2인이상_월평균소득_원|수준,0.9508196721311475,20,True
provinces,2021,202101,V074_가계동향_도시2인이상_월평균소득_원|12m차,0.9508196721311475,20,True
provinces,2021,202101,V074_연결_월평균소득_원|12m로그변화,1.0,21,True
provinces,2021,202101,V015_1인당GRDP_천원|12m로그변화,0.9951783992285439,101,True
provinces,2021,202101,V017_1인당가계총처분가능소득_천원|12m로그변화,0.9951783992285439,101,True
provinces,2021,202101,V024_주거용신축허가_동수_동|12m로그변화,0.058823529411764705,6,False
provinces,2021,202101,V024_주거용신축허가_연면적_㎡|12m로그변화,0.058823529411764705,6,False
provinces,2021,202101,V072_총조사_가구수_가구|12m로그변화,0.6065573770491803,68,False
provinces,2021,202101,V072_총조사_주택수_호|12m로그변화,0.6065573770491803,68,False
provinces,2021,202101,V076_공공+민간총계(DT_MLTM_7174)_호|12m로그변화,0.0,0,False
provinces,2021,202101,V076_공공임대계(DT_MLTM_7174)_호|12m로그변화,0.0,0,False
provinces,2021,202101,V076_민간임대계(DT_MLTM_7174)_호|12m로그변화,0.0,0,False
provinces,2021,202101,V076_민간임대(DT_MLTM_6827합계)_호|12m로그변화,0.0,0,False
provinces,2021,202101,V077_임대주택건설공급_총계_호|12m로그변화,1.0,102,True
provinces,2021,202101,V072_총조사단순주택수가구수비율|12m로그변화,0.6065573770491803,68,False
provinces,2021,202101,V024_주거용신축허가_동수_천세대당|수준,0.058823529411764705,6,False
provinces,2021,202101,V024_주거용신축허가_동수_천세대당|12m차,0.058823529411764705,6,False
provinces,2021,202101,V076_공공+민간총계(DT_MLTM_7174)_천세대당|수준,0.0,0,False
provinces,2021,202101,V076_공공+민간총계(DT_MLTM_7174)_천세대당|12m차,0.0,0,False
provinces,2021,202101,V076_공공임대계(DT_MLTM_7174)_천세대당|수준,0.0,0,False
provinces,2021,202101,V076_공공임대계(DT_MLTM_7174)_천세대당|12m차,0.0,0,False
provinces,2021,202101,V076_민간임대계(DT_MLTM_7174)_천세대당|수준,0.0,0,False
provinces,2021,202101,V076_민간임대계(DT_MLTM_7174)_천세대당|12m차,0.0,0,False
provinces,2021,202101,V076_민간임대(DT_MLTM_6827합계)_천세대당|수준,0.0,0,False
provinces,2021,202101,V076_민간임대(DT_MLTM_6827합계)_천세대당|12m차,0.0,0,False
provinces,2021,202101,V077_임대주택건설공급_총계_천세대당|수준,1.0,102,True
provinces,2021,202101,V077_임대주택건설공급_총계_천세대당|12m차,1.0,102,True
provinces,2021,202101,V015_전국대비|수준,1.0,102,True
provinces,2021,202101,V015_전국대비|12m차,0.9951783992285439,101,True
provinces,2021,202101,V017_전국대비|수준,1.0,101,True
provinces,2021,202101,V017_전국대비|12m차,0.9951783992285439,101,True
provinces,2021,202101,V072_공식주택보급률_%|수준,0.9836065573770492,100,True
provinces,2021,202101,V072_공식주택보급률_%|12m차,0.9720347155255545,99,True
provinces,2021,202101,D_CSI_전신계열,1.0,1,False
provinces,2021,202101,D_Wage_10th,1.0,2,True
provinces,2021,202101,D_Wage_11th,1.0,1,False
provinces,2021,202101,M10_rent_growth_1m,0.9836065573770492,1020,True
provinces,2021,202101,M10_rent_growth_6m,0.9016393442622951,935,True
provinces,2021,202104,V003_전세가율_%|수준,1.0,215,True
provinces,2021,202104,V003_전세가율_%|12m차,1.0,214,True
provinces,2021,202104,V004_지역별전월세전환율_%|수준,1.0,608,True
provinces,2021,202104,V004_지역별전월세전환율_%|12m차,1.0,950,True
provinces,2021,202104,V005_월세수급동향|수준,0.984375,914,True
provinces,2021,202104,V005_월세수급동향|12m차,0.796875,862,True
provinces,2021,202104,V009_주민등록인구_명|12m로그변화,1.0,1088,True
provinces,2021,202104,V010_주민등록세대수_세대|12m로그변화,1.0,1088,True
provinces,2021,202104,V011_20-29세_명|12m로그변화,1.0,1088,True
provinces,2021,202104,V011_20-39세_명|12m로그변화,1.0,1088,True
provinces,2021,202104,V011_20-39세비중_%|수준,1.0,1088,True
provinces,2021,202104,V011_20-39세비중_%|12m차,1.0,1088,True
provinces,2021,202104,V011_30-39세_명|12m로그변화,1.0,1088,True
provinces,2021,202104,V012_순이동자수_명|천명당12개월,1.0,1088,True
provinces,2021,202104,V013_고용률_%|수준,0.9825367647058824,150,True
provinces,2021,202104,V013_고용률_%|12m차,0.9715073529411765,135,True
provinces,2021,202104,V013_취업자_천명|12m로그변화,0.9715073529411765,1056,True
provinces,2021,202104,V021_아파트_인허가_호|12개월누적log,1.0,1051,True
provinces,2021,202104,V021_아파트_인허가_호|12개월누적log_12m차,1.0,1080,True
provinces,2021,202104,V022_아파트_착공_호|12개월누적log,1.0,1040,True
provinces,2021,202104,V022_아파트_착공_호|12개월누적log_12m차,1.0,1074,True
provinces,2021,202104,V023_아파트_준공_호|12개월누적log,1.0,1065,True
provinces,2021,202104,V023_아파트_준공_호|12개월누적log_12m차,1.0,1087,True
provinces,2021,202104,V031_매매수급동향|수준,1.0,947,True
provinces,2021,202104,V031_매매수급동향|12m차,1.0,1075,True
provinces,2021,202104,V032_전세수급동향|수준,1.0,944,True
provinces,2021,202104,V032_전세수급동향|12m차,1.0,1069,True
provinces,2021,202104,V034_수급동향(구)_통합|수준,0.007352941176470588,8,False
provinces,2021,202104,V034_수급동향(구)_통합|12m차,0.007352941176470588,7,False
provinces,2021,202104,V035_아파트거래_동호수_호|12개월누적log,1.0,1078,True
provinces,2021,202104,V035_아파트거래_동호수_호|12개월누적log_12m차,1.0,1088,True
provinces,2021,202104,V035_아파트거래_면적_천㎡|12개월누적log,1.0,1000,True
provinces,2021,202104,V035_아파트거래_면적_천㎡|12개월누적log_12m차,1.0,1088,True
provinces,2021,202104,V036_아파트매매거래_동호수_호|12개월누적log,1.0,1073,True
provinces,2021,202104,V036_아파트매매거래_동호수_호|12개월누적log_12m차,1.0,1088,True
provinces,2021,202104,V036_아파트매매거래_면적_천㎡|12개월누적log,1.0,904,True
provinces,2021,202104,V036_아파트매매거래_면적_천㎡|12개월누적log_12m차,1.0,1084,True
provinces,2021,202104,V037_주택시장_소비심리지수|수준,0.9227941176470589,476,True
provinces,2021,202104,V037_주택시장_소비심리지수|12m차,0.9007352941176471,613,True
provinces,2021,202104,V038_미분양주택현황_호|log,0.9972426470588235,922,True
provinces,2021,202104,V038_미분양주택현황_호|log_12m차,0.9944852941176471,1031,True
provinces,2021,202104,V050_지역별_주택관련대출_예금은행_십억원|12m로그변화,1.0,1088,True
provinces,2021,202104,V043_한국은행_기준금리_연%|수준,1.0,5,True
provinces,2021,202104,V043_한국은행_기준금리_연%|12m차,1.0,7,True
provinces,2021,202104,V044_시장금리_CD91일_연%|수준,1.0,39,True
provinces,2021,202104,V044_시장금리_CD91일_연%|12m차,1.0,50,True
provinces,2021,202104,V045_시장금리_국고채3년_연%|수준,1.0,64,True
provinces,2021,202104,V045_시장금리_국고채3년_연%|12m차,1.0,64,True
provinces,2021,202104,V046_M2_통화량_십억원|12m로그변화,1.0,64,True
provinces,2021,202104,V048_소비자물가지수_2020=100|수준,1.0,61,True
provinces,2021,202104,V048_소비자물가지수_2020=100|12m차,1.0,63,True
provinces,2021,202104,V056_예금은행대출금리_주택담보_연리%|수준,1.0,49,True
provinces,2021,202104,V056_예금은행대출금리_주택담보_연리%|12m차,1.0,55,True
provinces,2021,202104,V057_예금은행대출금리_전세자금_연리%|수준,1.0,43,True
provinces,2021,202104,V057_예금은행대출금리_전세자금_연리%|12m차,0.890625,45,True
provinces,2021,202104,V059_비은행대출금리_주택담보_연리%|수준,1.0,53,True
provinces,2021,202104,V059_비은행대출금리_주택담보_연리%|12m차,1.0,57,True
provinces,2021,202104,V061_주택가격전망CSI_서울|수준,1.0,31,True
provinces,2021,202104,V061_주택가격전망CSI_서울|12m차,1.0,37,True
provinces,2021,202104,V062_주택가격전망CSI_6대광역시|수준,1.0,34,True
provinces,2021,202104,V062_주택가격전망CSI_6대광역시|12m차,1.0,39,True
provinces,2021,202104,V063_주택가격전망CSI_기타도시|수준,1.0,32,True
provinces,2021,202104,V063_주택가격전망CSI_기타도시|12m차,1.0,39,True
provinces,2021,202104,V064_KOSPI_종가_1980.01.04=100|수준,1.0,64,True
provinces,2021,202104,V064_KOSPI_종가_1980.01.04=100|12m차,1.0,64,True
provinces,2021,202104,V066_임금총액_사업체노동력_원|12m로그변화,1.0,64,True
provinces,2021,202104,V067_선행지수순환변동치_2020=100|수준,1.0,31,True
provinces,2021,202104,V067_선행지수순환변동치_2020=100|12m차,1.0,41,True
provinces,2021,202104,V069_예금취급기관_가계대출_십억원|12m로그변화,1.0,64,True
provinces,2021,202104,V069_예금취급기관_주택관련대출_십억원|12m로그변화,1.0,64,True
provinces,2021,202104,V070_수출금액_천불|12m로그변화,1.0,64,True
provinces,2021,202104,V071_정책대출_주금공_주택도시기금_십억원|12m로그변화,0.796875,51,True
provinces,2021,202104,V047_가계신용_총액_십억원|12m로그변화,1.0,22,True
provinces,2021,202104,V049_시간당명목임금지수_2020=100|수준,1.0,21,True
provinces,2021,202104,V049_시간당명목임금지수_2020=100|12m차,1.0,20,True
provinces,2021,202104,V060_대출태도_국내은행_가계주택|수준,1.0,16,True
provinces,2021,202104,V060_대출태도_국내은행_가계주택|12m차,1.0,19,True
provinces,2021,202104,V074_가계동향_도시2인이상_월평균소득_원|수준,0.90625,20,True
provinces,2021,202104,V074_가계동향_도시2인이상_월평균소득_원|12m차,0.90625,20,True
provinces,2021,202104,V074_연결_월평균소득_원|12m로그변화,1.0,22,True
provinces,2021,202104,V015_1인당GRDP_천원|12m로그변화,0.9954044117647058,101,True
provinces,2021,202104,V017_1인당가계총처분가능소득_천원|12m로그변화,0.9954044117647058,101,True
provinces,2021,202104,V024_주거용신축허가_동수_동|12m로그변화,0.058823529411764705,6,False
provinces,2021,202104,V024_주거용신축허가_연면적_㎡|12m로그변화,0.058823529411764705,6,False
provinces,2021,202104,V072_총조사_가구수_가구|12m로그변화,0.625,68,False
provinces,2021,202104,V072_총조사_주택수_호|12m로그변화,0.625,68,False
provinces,2021,202104,V076_공공+민간총계(DT_MLTM_7174)_호|12m로그변화,0.0,0,False
provinces,2021,202104,V076_공공임대계(DT_MLTM_7174)_호|12m로그변화,0.0,0,False
provinces,2021,202104,V076_민간임대계(DT_MLTM_7174)_호|12m로그변화,0.0,0,False
provinces,2021,202104,V076_민간임대(DT_MLTM_6827합계)_호|12m로그변화,0.0,0,False
provinces,2021,202104,V077_임대주택건설공급_총계_호|12m로그변화,1.0,102,True
provinces,2021,202104,V072_총조사단순주택수가구수비율|12m로그변화,0.625,68,False
provinces,2021,202104,V024_주거용신축허가_동수_천세대당|수준,0.058823529411764705,6,False
provinces,2021,202104,V024_주거용신축허가_동수_천세대당|12m차,0.058823529411764705,6,False
provinces,2021,202104,V076_공공+민간총계(DT_MLTM_7174)_천세대당|수준,0.0,0,False
provinces,2021,202104,V076_공공+민간총계(DT_MLTM_7174)_천세대당|12m차,0.0,0,False
provinces,2021,202104,V076_공공임대계(DT_MLTM_7174)_천세대당|수준,0.0,0,False
provinces,2021,202104,V076_공공임대계(DT_MLTM_7174)_천세대당|12m차,0.0,0,False
provinces,2021,202104,V076_민간임대계(DT_MLTM_7174)_천세대당|수준,0.0,0,False
provinces,2021,202104,V076_민간임대계(DT_MLTM_7174)_천세대당|12m차,0.0,0,False
provinces,2021,202104,V076_민간임대(DT_MLTM_6827합계)_천세대당|수준,0.0,0,False
provinces,2021,202104,V076_민간임대(DT_MLTM_6827합계)_천세대당|12m차,0.0,0,False
provinces,2021,202104,V077_임대주택건설공급_총계_천세대당|수준,1.0,102,True
provinces,2021,202104,V077_임대주택건설공급_총계_천세대당|12m차,1.0,102,True
provinces,2021,202104,V015_전국대비|수준,1.0,102,True
provinces,2021,202104,V015_전국대비|12m차,0.9954044117647058,101,True
provinces,2021,202104,V017_전국대비|수준,1.0,101,True
provinces,2021,202104,V017_전국대비|12m차,0.9954044117647058,101,True
provinces,2021,202104,V072_공식주택보급률_%|수준,0.984375,100,True
provinces,2021,202104,V072_공식주택보급률_%|12m차,0.9733455882352942,99,True
provinces,2021,202104,D_CSI_전신계열,1.0,1,False
provinces,2021,202104,D_Wage_10th,1.0,2,True
provinces,2021,202104,D_Wage_11th,1.0,1,False
provinces,2021,202104,M10_rent_growth_1m,0.984375,1071,True
provinces,2021,202104,M10_rent_growth_6m,0.90625,986,True
provinces,2021,202107,V003_전세가율_%|수준,1.0,220,True
provinces,2021,202107,V003_전세가율_%|12m차,1.0,218,True
provinces,2021,202107,V004_지역별전월세전환율_%|수준,1.0,636,True
provinces,2021,202107,V004_지역별전월세전환율_%|12m차,1.0,993,True
provinces,2021,202107,V005_월세수급동향|수준,0.9850746268656716,963,True
provinces,2021,202107,V005_월세수급동향|12m차,0.8059701492537313,913,True
provinces,2021,202107,V009_주민등록인구_명|12m로그변화,1.0,1139,True
provinces,2021,202107,V010_주민등록세대수_세대|12m로그변화,1.0,1139,True
provinces,2021,202107,V011_20-29세_명|12m로그변화,1.0,1139,True
provinces,2021,202107,V011_20-39세_명|12m로그변화,1.0,1139,True
provinces,2021,202107,V011_20-39세비중_%|수준,1.0,1139,True
provinces,2021,202107,V011_20-39세비중_%|12m차,1.0,1139,True
provinces,2021,202107,V011_30-39세_명|12m로그변화,1.0,1139,True
provinces,2021,202107,V012_순이동자수_명|천명당12개월,1.0,1139,True
provinces,2021,202107,V013_고용률_%|수준,0.9833187006145742,151,True
provinces,2021,202107,V013_고용률_%|12m차,0.9727831431079894,137,True
provinces,2021,202107,V013_취업자_천명|12m로그변화,0.9727831431079894,1107,True
provinces,2021,202107,V021_아파트_인허가_호|12개월누적log,1.0,1099,True
provinces,2021,202107,V021_아파트_인허가_호|12개월누적log_12m차,1.0,1131,True
provinces,2021,202107,V022_아파트_착공_호|12개월누적log,1.0,1088,True
provinces,2021,202107,V022_아파트_착공_호|12개월누적log_12m차,1.0,1122,True
provinces,2021,202107,V023_아파트_준공_호|12개월누적log,1.0,1112,True
provinces,2021,202107,V023_아파트_준공_호|12개월누적log_12m차,1.0,1138,True
provinces,2021,202107,V031_매매수급동향|수준,1.0,995,True
provinces,2021,202107,V031_매매수급동향|12m차,1.0,1125,True
provinces,2021,202107,V032_전세수급동향|수준,1.0,992,True
provinces,2021,202107,V032_전세수급동향|12m차,1.0,1120,True
provinces,2021,202107,V034_수급동향(구)_통합|수준,0.007023705004389816,8,False
provinces,2021,202107,V034_수급동향(구)_통합|12m차,0.007023705004389816,7,False
provinces,2021,202107,V035_아파트거래_동호수_호|12개월누적log,1.0,1129,True
provinces,2021,202107,V035_아파트거래_동호수_호|12개월누적log_12m차,1.0,1139,True
provinces,2021,202107,V035_아파트거래_면적_천㎡|12개월누적log,1.0,1044,True
provinces,2021,202107,V035_아파트거래_면적_천㎡|12개월누적log_12m차,1.0,1139,True
provinces,2021,202107,V036_아파트매매거래_동호수_호|12개월누적log,1.0,1122,True
provinces,2021,202107,V036_아파트매매거래_동호수_호|12개월누적log_12m차,1.0,1139,True
provinces,2021,202107,V036_아파트매매거래_면적_천㎡|12개월누적log,1.0,946,True
provinces,2021,202107,V036_아파트매매거래_면적_천㎡|12개월누적log_12m차,1.0,1135,True
provinces,2021,202107,V037_주택시장_소비심리지수|수준,0.926251097453907,500,True
provinces,2021,202107,V037_주택시장_소비심리지수|12m차,0.9051799824407375,647,True
provinces,2021,202107,V038_미분양주택현황_호|log,0.9973661106233538,952,True
provinces,2021,202107,V038_미분양주택현황_호|log_12m차,0.9947322212467077,1079,True
provinces,2021,202107,V050_지역별_주택관련대출_예금은행_십억원|12m로그변화,1.0,1139,True
provinces,2021,202107,V043_한국은행_기준금리_연%|수준,1.0,5,True
provinces,2021,202107,V043_한국은행_기준금리_연%|12m차,1.0,7,True
provinces,2021,202107,V044_시장금리_CD91일_연%|수준,1.0,40,True
provinces,2021,202107,V044_시장금리_CD91일_연%|12m차,1.0,53,True
provinces,2021,202107,V045_시장금리_국고채3년_연%|수준,1.0,67,True
provinces,2021,202107,V045_시장금리_국고채3년_연%|12m차,1.0,66,True
provinces,2021,202107,V046_M2_통화량_십억원|12m로그변화,1.0,67,True
provinces,2021,202107,V048_소비자물가지수_2020=100|수준,1.0,63,True
provinces,2021,202107,V048_소비자물가지수_2020=100|12m차,1.0,66,True
provinces,2021,202107,V056_예금은행대출금리_주택담보_연리%|수준,1.0,51,True
provinces,2021,202107,V056_예금은행대출금리_주택담보_연리%|12m차,1.0,58,True
provinces,2021,202107,V057_예금은행대출금리_전세자금_연리%|수준,1.0,46,True
provinces,2021,202107,V057_예금은행대출금리_전세자금_연리%|12m차,0.8955223880597015,46,True
provinces,2021,202107,V059_비은행대출금리_주택담보_연리%|수준,1.0,56,True
provinces,2021,202107,V059_비은행대출금리_주택담보_연리%|12m차,1.0,60,True
provinces,2021,202107,V061_주택가격전망CSI_서울|수준,1.0,33,True
provinces,2021,202107,V061_주택가격전망CSI_서울|12m차,1.0,37,True
provinces,2021,202107,V062_주택가격전망CSI_6대광역시|수준,1.0,37,True
provinces,2021,202107,V062_주택가격전망CSI_6대광역시|12m차,1.0,41,True
provinces,2021,202107,V063_주택가격전망CSI_기타도시|수준,1.0,35,True
provinces,2021,202107,V063_주택가격전망CSI_기타도시|12m차,1.0,39,True
provinces,2021,202107,V064_KOSPI_종가_1980.01.04=100|수준,1.0,67,True
provinces,2021,202107,V064_KOSPI_종가_1980.01.04=100|12m차,1.0,67,True
provinces,2021,202107,V066_임금총액_사업체노동력_원|12m로그변화,1.0,67,True
provinces,2021,202107,V067_선행지수순환변동치_2020=100|수준,1.0,32,True
provinces,2021,202107,V067_선행지수순환변동치_2020=100|12m차,1.0,41,True
provinces,2021,202107,V069_예금취급기관_가계대출_십억원|12m로그변화,1.0,67,True
provinces,2021,202107,V069_예금취급기관_주택관련대출_십억원|12m로그변화,1.0,67,True
provinces,2021,202107,V070_수출금액_천불|12m로그변화,1.0,67,True
provinces,2021,202107,V071_정책대출_주금공_주택도시기금_십억원|12m로그변화,0.8059701492537313,54,True
provinces,2021,202107,V047_가계신용_총액_십억원|12m로그변화,1.0,23,True
provinces,2021,202107,V049_시간당명목임금지수_2020=100|수준,1.0,22,True
provinces,2021,202107,V049_시간당명목임금지수_2020=100|12m차,1.0,21,True
provinces,2021,202107,V060_대출태도_국내은행_가계주택|수준,1.0,17,True
provinces,2021,202107,V060_대출태도_국내은행_가계주택|12m차,1.0,20,True
provinces,2021,202107,V074_가계동향_도시2인이상_월평균소득_원|수준,0.8656716417910447,20,True
provinces,2021,202107,V074_가계동향_도시2인이상_월평균소득_원|12m차,0.8656716417910447,20,True
provinces,2021,202107,V074_연결_월평균소득_원|12m로그변화,1.0,23,True
provinces,2021,202107,V015_1인당GRDP_천원|12m로그변화,0.9956101843722563,118,True
provinces,2021,202107,V017_1인당가계총처분가능소득_천원|12m로그변화,0.9956101843722563,118,True
provinces,2021,202107,V024_주거용신축허가_동수_동|12m로그변화,0.058823529411764705,7,False
provinces,2021,202107,V024_주거용신축허가_연면적_㎡|12m로그변화,0.058823529411764705,7,False
provinces,2021,202107,V072_총조사_가구수_가구|12m로그변화,0.6417910447761194,68,False
provinces,2021,202107,V072_총조사_주택수_호|12m로그변화,0.6417910447761194,68,False
provinces,2021,202107,V076_공공+민간총계(DT_MLTM_7174)_호|12m로그변화,0.0,0,False
provinces,2021,202107,V076_공공임대계(DT_MLTM_7174)_호|12m로그변화,0.0,0,False
provinces,2021,202107,V076_민간임대계(DT_MLTM_7174)_호|12m로그변화,0.0,0,False
provinces,2021,202107,V076_민간임대(DT_MLTM_6827합계)_호|12m로그변화,0.0,0,False
provinces,2021,202107,V077_임대주택건설공급_총계_호|12m로그변화,1.0,119,True
provinces,2021,202107,V072_총조사단순주택수가구수비율|12m로그변화,0.6417910447761194,68,False
provinces,2021,202107,V024_주거용신축허가_동수_천세대당|수준,0.058823529411764705,7,False
provinces,2021,202107,V024_주거용신축허가_동수_천세대당|12m차,0.058823529411764705,7,False
provinces,2021,202107,V076_공공+민간총계(DT_MLTM_7174)_천세대당|수준,0.0,0,False
provinces,2021,202107,V076_공공+민간총계(DT_MLTM_7174)_천세대당|12m차,0.0,0,False
provinces,2021,202107,V076_공공임대계(DT_MLTM_7174)_천세대당|수준,0.0,0,False
provinces,2021,202107,V076_공공임대계(DT_MLTM_7174)_천세대당|12m차,0.0,0,False
provinces,2021,202107,V076_민간임대계(DT_MLTM_7174)_천세대당|수준,0.0,0,False
provinces,2021,202107,V076_민간임대계(DT_MLTM_7174)_천세대당|12m차,0.0,0,False
provinces,2021,202107,V076_민간임대(DT_MLTM_6827합계)_천세대당|수준,0.0,0,False
provinces,2021,202107,V076_민간임대(DT_MLTM_6827합계)_천세대당|12m차,0.0,0,False
provinces,2021,202107,V077_임대주택건설공급_총계_천세대당|수준,1.0,119,True
provinces,2021,202107,V077_임대주택건설공급_총계_천세대당|12m차,1.0,119,True
provinces,2021,202107,V015_전국대비|수준,1.0,119,True
provinces,2021,202107,V015_전국대비|12m차,0.9956101843722563,118,True
provinces,2021,202107,V017_전국대비|수준,1.0,118,True
provinces,2021,202107,V017_전국대비|12m차,0.9956101843722563,118,True
provinces,2021,202107,V072_공식주택보급률_%|수준,0.9850746268656716,117,True
provinces,2021,202107,V072_공식주택보급률_%|12m차,0.974539069359087,116,True
provinces,2021,202107,D_CSI_전신계열,1.0,1,False
provinces,2021,202107,D_Wage_10th,1.0,2,True
provinces,2021,202107,D_Wage_11th,1.0,1,False
provinces,2021,202107,M10_rent_growth_1m,0.9850746268656716,1122,True
provinces,2021,202107,M10_rent_growth_6m,0.9104477611940298,1037,True
provinces,2021,202110,V003_전세가율_%|수준,1.0,222,True
provinces,2021,202110,V003_전세가율_%|12m차,1.0,224,True
provinces,2021,202110,V004_지역별전월세전환율_%|수준,1.0,666,True
provinces,2021,202110,V004_지역별전월세전환율_%|12m차,1.0,1038,True
provinces,2021,202110,V005_월세수급동향|수준,0.9857142857142858,1013,True
provinces,2021,202110,V005_월세수급동향|12m차,0.8142857142857143,964,True
provinces,2021,202110,V009_주민등록인구_명|12m로그변화,1.0,1190,True
provinces,2021,202110,V010_주민등록세대수_세대|12m로그변화,1.0,1190,True
provinces,2021,202110,V011_20-29세_명|12m로그변화,1.0,1190,True
provinces,2021,202110,V011_20-39세_명|12m로그변화,1.0,1190,True
provinces,2021,202110,V011_20-39세비중_%|수준,1.0,1190,True
provinces,2021,202110,V011_20-39세비중_%|12m차,1.0,1190,True
provinces,2021,202110,V011_30-39세_명|12m로그변화,1.0,1190,True
provinces,2021,202110,V012_순이동자수_명|천명당12개월,1.0,1190,True
provinces,2021,202110,V013_고용률_%|수준,0.9840336134453781,156,True
provinces,2021,202110,V013_고용률_%|12m차,0.9739495798319328,143,True
provinces,2021,202110,V013_취업자_천명|12m로그변화,0.9739495798319328,1158,True
provinces,2021,202110,V021_아파트_인허가_호|12개월누적log,1.0,1146,True
provinces,2021,202110,V021_아파트_인허가_호|12개월누적log_12m차,1.0,1181,True
provinces,2021,202110,V022_아파트_착공_호|12개월누적log,1.0,1135,True
provinces,2021,202110,V022_아파트_착공_호|12개월누적log_12m차,1.0,1172,True
provinces,2021,202110,V023_아파트_준공_호|12개월누적log,1.0,1161,True
provinces,2021,202110,V023_아파트_준공_호|12개월누적log_12m차,1.0,1189,True
provinces,2021,202110,V031_매매수급동향|수준,1.0,1043,True
provinces,2021,202110,V031_매매수급동향|12m차,1.0,1175,True
provinces,2021,202110,V032_전세수급동향|수준,1.0,1036,True
provinces,2021,202110,V032_전세수급동향|12m차,1.0,1171,True
provinces,2021,202110,V034_수급동향(구)_통합|수준,0.0067226890756302525,8,False
provinces,2021,202110,V034_수급동향(구)_통합|12m차,0.0067226890756302525,7,False
provinces,2021,202110,V035_아파트거래_동호수_호|12개월누적log,1.0,1179,True
provinces,2021,202110,V035_아파트거래_동호수_호|12개월누적log_12m차,1.0,1190,True
provinces,2021,202110,V035_아파트거래_면적_천㎡|12개월누적log,1.0,1085,True
provinces,2021,202110,V035_아파트거래_면적_천㎡|12개월누적log_12m차,1.0,1190,True
provinces,2021,202110,V036_아파트매매거래_동호수_호|12개월누적log,1.0,1172,True
provinces,2021,202110,V036_아파트매매거래_동호수_호|12개월누적log_12m차,1.0,1190,True
provinces,2021,202110,V036_아파트매매거래_면적_천㎡|12개월누적log,1.0,988,True
provinces,2021,202110,V036_아파트매매거래_면적_천㎡|12개월누적log_12m차,1.0,1186,True
provinces,2021,202110,V037_주택시장_소비심리지수|수준,0.9294117647058824,508,True
provinces,2021,202110,V037_주택시장_소비심리지수|12m차,0.9092436974789916,670,True
provinces,2021,202110,V038_미분양주택현황_호|log,0.9974789915966387,981,True
provinces,2021,202110,V038_미분양주택현황_호|log_12m차,0.9949579831932773,1127,True
provinces,2021,202110,V050_지역별_주택관련대출_예금은행_십억원|12m로그변화,1.0,1190,True
provinces,2021,202110,V043_한국은행_기준금리_연%|수준,1.0,5,True
provinces,2021,202110,V043_한국은행_기준금리_연%|12m차,1.0,7,True
provinces,2021,202110,V044_시장금리_CD91일_연%|수준,1.0,43,True
provinces,2021,202110,V044_시장금리_CD91일_연%|12m차,1.0,56,True
provinces,2021,202110,V045_시장금리_국고채3년_연%|수준,1.0,70,True
provinces,2021,202110,V045_시장금리_국고채3년_연%|12m차,1.0,69,True
provinces,2021,202110,V046_M2_통화량_십억원|12m로그변화,1.0,70,True
provinces,2021,202110,V048_소비자물가지수_2020=100|수준,1.0,66,True
provinces,2021,202110,V048_소비자물가지수_2020=100|12m차,1.0,69,True
provinces,2021,202110,V056_예금은행대출금리_주택담보_연리%|수준,1.0,53,True
provinces,2021,202110,V056_예금은행대출금리_주택담보_연리%|12m차,1.0,60,True
provinces,2021,202110,V057_예금은행대출금리_전세자금_연리%|수준,1.0,47,True
provinces,2021,202110,V057_예금은행대출금리_전세자금_연리%|12m차,0.9,48,True
provinces,2021,202110,V059_비은행대출금리_주택담보_연리%|수준,1.0,58,True
provinces,2021,202110,V059_비은행대출금리_주택담보_연리%|12m차,1.0,61,True
provinces,2021,202110,V061_주택가격전망CSI_서울|수준,1.0,33,True
provinces,2021,202110,V061_주택가격전망CSI_서울|12m차,1.0,37,True
provinces,2021,202110,V062_주택가격전망CSI_6대광역시|수준,1.0,39,True
provinces,2021,202110,V062_주택가격전망CSI_6대광역시|12m차,1.0,43,True
provinces,2021,202110,V063_주택가격전망CSI_기타도시|수준,1.0,36,True
provinces,2021,202110,V063_주택가격전망CSI_기타도시|12m차,1.0,39,True
provinces,2021,202110,V064_KOSPI_종가_1980.01.04=100|수준,1.0,70,True
provinces,2021,202110,V064_KOSPI_종가_1980.01.04=100|12m차,1.0,70,True
provinces,2021,202110,V066_임금총액_사업체노동력_원|12m로그변화,1.0,70,True
provinces,2021,202110,V067_선행지수순환변동치_2020=100|수준,1.0,33,True
provinces,2021,202110,V067_선행지수순환변동치_2020=100|12m차,1.0,43,True
provinces,2021,202110,V069_예금취급기관_가계대출_십억원|12m로그변화,1.0,70,True
provinces,2021,202110,V069_예금취급기관_주택관련대출_십억원|12m로그변화,1.0,70,True
provinces,2021,202110,V070_수출금액_천불|12m로그변화,1.0,70,True
provinces,2021,202110,V071_정책대출_주금공_주택도시기금_십억원|12m로그변화,0.8142857142857143,57,True
provinces,2021,202110,V047_가계신용_총액_십억원|12m로그변화,1.0,24,True
provinces,2021,202110,V049_시간당명목임금지수_2020=100|수준,1.0,23,True
provinces,2021,202110,V049_시간당명목임금지수_2020=100|12m차,1.0,21,True
provinces,2021,202110,V060_대출태도_국내은행_가계주택|수준,1.0,18,True
provinces,2021,202110,V060_대출태도_국내은행_가계주택|12m차,1.0,21,True
provinces,2021,202110,V074_가계동향_도시2인이상_월평균소득_원|수준,0.8285714285714286,20,True
provinces,2021,202110,V074_가계동향_도시2인이상_월평균소득_원|12m차,0.8285714285714286,20,True
provinces,2021,202110,V074_연결_월평균소득_원|12m로그변화,1.0,24,True
provinces,2021,202110,V015_1인당GRDP_천원|12m로그변화,0.9957983193277311,118,True
provinces,2021,202110,V017_1인당가계총처분가능소득_천원|12m로그변화,0.9957983193277311,118,True
provinces,2021,202110,V024_주거용신축허가_동수_동|12m로그변화,0.058823529411764705,7,False
provinces,2021,202110,V024_주거용신축허가_연면적_㎡|12m로그변화,0.058823529411764705,7,False
provinces,2021,202110,V072_총조사_가구수_가구|12m로그변화,0.6571428571428571,68,False
provinces,2021,202110,V072_총조사_주택수_호|12m로그변화,0.6571428571428571,68,False
provinces,2021,202110,V076_공공+민간총계(DT_MLTM_7174)_호|12m로그변화,0.0,0,False
provinces,2021,202110,V076_공공임대계(DT_MLTM_7174)_호|12m로그변화,0.0,0,False
provinces,2021,202110,V076_민간임대계(DT_MLTM_7174)_호|12m로그변화,0.0,0,False
provinces,2021,202110,V076_민간임대(DT_MLTM_6827합계)_호|12m로그변화,0.0,0,False
provinces,2021,202110,V077_임대주택건설공급_총계_호|12m로그변화,1.0,119,True
provinces,2021,202110,V072_총조사단순주택수가구수비율|12m로그변화,0.6571428571428571,68,False
provinces,2021,202110,V024_주거용신축허가_동수_천세대당|수준,0.058823529411764705,7,False
provinces,2021,202110,V024_주거용신축허가_동수_천세대당|12m차,0.058823529411764705,7,False
provinces,2021,202110,V076_공공+민간총계(DT_MLTM_7174)_천세대당|수준,0.0,0,False
provinces,2021,202110,V076_공공+민간총계(DT_MLTM_7174)_천세대당|12m차,0.0,0,False
provinces,2021,202110,V076_공공임대계(DT_MLTM_7174)_천세대당|수준,0.0,0,False
provinces,2021,202110,V076_공공임대계(DT_MLTM_7174)_천세대당|12m차,0.0,0,False
provinces,2021,202110,V076_민간임대계(DT_MLTM_7174)_천세대당|수준,0.0,0,False
provinces,2021,202110,V076_민간임대계(DT_MLTM_7174)_천세대당|12m차,0.0,0,False
provinces,2021,202110,V076_민간임대(DT_MLTM_6827합계)_천세대당|수준,0.0,0,False
provinces,2021,202110,V076_민간임대(DT_MLTM_6827합계)_천세대당|12m차,0.0,0,False
provinces,2021,202110,V077_임대주택건설공급_총계_천세대당|수준,1.0,119,True
provinces,2021,202110,V077_임대주택건설공급_총계_천세대당|12m차,1.0,119,True
provinces,2021,202110,V015_전국대비|수준,1.0,119,True
provinces,2021,202110,V015_전국대비|12m차,0.9957983193277311,118,True
provinces,2021,202110,V017_전국대비|수준,1.0,118,True
provinces,2021,202110,V017_전국대비|12m차,0.9957983193277311,118,True
provinces,2021,202110,V072_공식주택보급률_%|수준,0.9857142857142858,117,True
provinces,2021,202110,V072_공식주택보급률_%|12m차,0.9756302521008403,116,True
provinces,2021,202110,D_CSI_전신계열,1.0,1,False
provinces,2021,202110,D_Wage_10th,1.0,2,True
provinces,2021,202110,D_Wage_11th,1.0,1,False
provinces,2021,202110,M10_rent_growth_1m,0.9857142857142858,1173,True
provinces,2021,202110,M10_rent_growth_6m,0.9142857142857143,1088,True
provinces,2022,202201,V003_전세가율_%|수준,1.0,227,True
provinces,2022,202201,V003_전세가율_%|12m차,1.0,232,True
provinces,2022,202201,V004_지역별전월세전환율_%|수준,1.0,691,True
provinces,2022,202201,V004_지역별전월세전환율_%|12m차,1.0,1084,True
provinces,2022,202201,V005_월세수급동향|수준,0.9863013698630136,1059,True
provinces,2022,202201,V005_월세수급동향|12m차,0.821917808219178,1014,True
provinces,2022,202201,V009_주민등록인구_명|12m로그변화,1.0,1241,True
provinces,2022,202201,V010_주민등록세대수_세대|12m로그변화,1.0,1241,True
provinces,2022,202201,V011_20-29세_명|12m로그변화,1.0,1241,True
provinces,2022,202201,V011_20-39세_명|12m로그변화,1.0,1241,True
provinces,2022,202201,V011_20-39세비중_%|수준,1.0,1241,True
provinces,2022,202201,V011_20-39세비중_%|12m차,1.0,1241,True
provinces,2022,202201,V011_30-39세_명|12m로그변화,1.0,1241,True
provinces,2022,202201,V012_순이동자수_명|천명당12개월,1.0,1241,True
provinces,2022,202201,V013_고용률_%|수준,0.984689766317486,157,True
provinces,2022,202201,V013_고용률_%|12m차,0.9750201450443191,148,True
provinces,2022,202201,V013_취업자_천명|12m로그변화,0.9750201450443191,1209,True
provinces,2022,202201,V021_아파트_인허가_호|12개월누적log,1.0,1194,True
provinces,2022,202201,V021_아파트_인허가_호|12개월누적log_12m차,1.0,1232,True
provinces,2022,202201,V022_아파트_착공_호|12개월누적log,1.0,1184,True
provinces,2022,202201,V022_아파트_착공_호|12개월누적log_12m차,1.0,1222,True
provinces,2022,202201,V023_아파트_준공_호|12개월누적log,1.0,1204,True
provinces,2022,202201,V023_아파트_준공_호|12개월누적log_12m차,1.0,1240,True
provinces,2022,202201,V031_매매수급동향|수준,1.0,1089,True
provinces,2022,202201,V031_매매수급동향|12m차,1.0,1226,True
provinces,2022,202201,V032_전세수급동향|수준,1.0,1081,True
provinces,2022,202201,V032_전세수급동향|12m차,1.0,1222,True
provinces,2022,202201,V034_수급동향(구)_통합|수준,0.0064464141821112,8,False
provinces,2022,202201,V034_수급동향(구)_통합|12m차,0.0064464141821112,7,False
provinces,2022,202201,V035_아파트거래_동호수_호|12개월누적log,1.0,1230,True
provinces,2022,202201,V035_아파트거래_동호수_호|12개월누적log_12m차,1.0,1241,True
provinces,2022,202201,V035_아파트거래_면적_천㎡|12개월누적log,1.0,1128,True
provinces,2022,202201,V035_아파트거래_면적_천㎡|12개월누적log_12m차,1.0,1241,True
provinces,2022,202201,V036_아파트매매거래_동호수_호|12개월누적log,1.0,1223,True
provinces,2022,202201,V036_아파트매매거래_동호수_호|12개월누적log_12m차,1.0,1241,True
provinces,2022,202201,V036_아파트매매거래_면적_천㎡|12개월누적log,1.0,1029,True
provinces,2022,202201,V036_아파트매매거래_면적_천㎡|12개월누적log_12m차,1.0,1237,True
provinces,2022,202201,V037_주택시장_소비심리지수|수준,0.9323126510878323,516,True
provinces,2022,202201,V037_주택시장_소비심리지수|12m차,0.9129734085414988,694,True
provinces,2022,202201,V038_미분양주택현황_호|log,0.9975825946817083,1018,True
provinces,2022,202201,V038_미분양주택현황_호|log_12m차,0.9951651893634166,1175,True
provinces,2022,202201,V050_지역별_주택관련대출_예금은행_십억원|12m로그변화,1.0,1241,True
provinces,2022,202201,V043_한국은행_기준금리_연%|수준,1.0,5,True
provinces,2022,202201,V043_한국은행_기준금리_연%|12m차,1.0,7,True
provinces,2022,202201,V044_시장금리_CD91일_연%|수준,1.0,44,True
provinces,2022,202201,V044_시장금리_CD91일_연%|12m차,1.0,59,True
provinces,2022,202201,V045_시장금리_국고채3년_연%|수준,1.0,73,True
provinces,2022,202201,V045_시장금리_국고채3년_연%|12m차,1.0,72,True
provinces,2022,202201,V046_M2_통화량_십억원|12m로그변화,1.0,73,True
provinces,2022,202201,V048_소비자물가지수_2020=100|수준,1.0,68,True
provinces,2022,202201,V048_소비자물가지수_2020=100|12m차,1.0,72,True
provinces,2022,202201,V056_예금은행대출금리_주택담보_연리%|수준,1.0,54,True
provinces,2022,202201,V056_예금은행대출금리_주택담보_연리%|12m차,1.0,62,True
provinces,2022,202201,V057_예금은행대출금리_전세자금_연리%|수준,1.0,48,True
provinces,2022,202201,V057_예금은행대출금리_전세자금_연리%|12m차,0.9041095890410958,50,True
provinces,2022,202201,V059_비은행대출금리_주택담보_연리%|수준,1.0,61,True
provinces,2022,202201,V059_비은행대출금리_주택담보_연리%|12m차,1.0,63,True
provinces,2022,202201,V061_주택가격전망CSI_서울|수준,1.0,34,True
provinces,2022,202201,V061_주택가격전망CSI_서울|12m차,1.0,38,True
provinces,2022,202201,V062_주택가격전망CSI_6대광역시|수준,1.0,40,True
provinces,2022,202201,V062_주택가격전망CSI_6대광역시|12m차,1.0,44,True
provinces,2022,202201,V063_주택가격전망CSI_기타도시|수준,1.0,36,True
provinces,2022,202201,V063_주택가격전망CSI_기타도시|12m차,1.0,40,True
provinces,2022,202201,V064_KOSPI_종가_1980.01.04=100|수준,1.0,73,True
provinces,2022,202201,V064_KOSPI_종가_1980.01.04=100|12m차,1.0,73,True
provinces,2022,202201,V066_임금총액_사업체노동력_원|12m로그변화,1.0,73,True
provinces,2022,202201,V067_선행지수순환변동치_2020=100|수준,1.0,35,True
provinces,2022,202201,V067_선행지수순환변동치_2020=100|12m차,1.0,46,True
provinces,2022,202201,V069_예금취급기관_가계대출_십억원|12m로그변화,1.0,73,True
provinces,2022,202201,V069_예금취급기관_주택관련대출_십억원|12m로그변화,1.0,73,True
provinces,2022,202201,V070_수출금액_천불|12m로그변화,1.0,73,True
provinces,2022,202201,V071_정책대출_주금공_주택도시기금_십억원|12m로그변화,0.821917808219178,60,True
provinces,2022,202201,V047_가계신용_총액_십억원|12m로그변화,1.0,25,True
provinces,2022,202201,V049_시간당명목임금지수_2020=100|수준,1.0,24,True
provinces,2022,202201,V049_시간당명목임금지수_2020=100|12m차,1.0,22,True
provinces,2022,202201,V060_대출태도_국내은행_가계주택|수준,1.0,19,True
provinces,2022,202201,V060_대출태도_국내은행_가계주택|12m차,1.0,22,True
provinces,2022,202201,V074_가계동향_도시2인이상_월평균소득_원|수준,0.7945205479452054,20,True
provinces,2022,202201,V074_가계동향_도시2인이상_월평균소득_원|12m차,0.7945205479452054,20,True
provinces,2022,202201,V074_연결_월평균소득_원|12m로그변화,1.0,25,True
provinces,2022,202201,V015_1인당GRDP_천원|12m로그변화,0.9959709911361805,118,True
provinces,2022,202201,V017_1인당가계총처분가능소득_천원|12m로그변화,0.9959709911361805,118,True
provinces,2022,202201,V024_주거용신축허가_동수_동|12m로그변화,0.058823529411764705,7,False
provinces,2022,202201,V024_주거용신축허가_연면적_㎡|12m로그변화,0.058823529411764705,7,False
provinces,2022,202201,V072_총조사_가구수_가구|12m로그변화,0.6712328767123288,85,False
provinces,2022,202201,V072_총조사_주택수_호|12m로그변화,0.6712328767123288,85,False
provinces,2022,202201,V076_공공+민간총계(DT_MLTM_7174)_호|12m로그변화,0.0,0,False
provinces,2022,202201,V076_공공임대계(DT_MLTM_7174)_호|12m로그변화,0.0,0,False
provinces,2022,202201,V076_민간임대계(DT_MLTM_7174)_호|12m로그변화,0.0,0,False
provinces,2022,202201,V076_민간임대(DT_MLTM_6827합계)_호|12m로그변화,0.0,0,False
provinces,2022,202201,V077_임대주택건설공급_총계_호|12m로그변화,1.0,119,True
provinces,2022,202201,V072_총조사단순주택수가구수비율|12m로그변화,0.6712328767123288,85,False
provinces,2022,202201,V024_주거용신축허가_동수_천세대당|수준,0.058823529411764705,7,False
provinces,2022,202201,V024_주거용신축허가_동수_천세대당|12m차,0.058823529411764705,7,False
provinces,2022,202201,V076_공공+민간총계(DT_MLTM_7174)_천세대당|수준,0.0,0,False
provinces,2022,202201,V076_공공+민간총계(DT_MLTM_7174)_천세대당|12m차,0.0,0,False
provinces,2022,202201,V076_공공임대계(DT_MLTM_7174)_천세대당|수준,0.0,0,False
provinces,2022,202201,V076_공공임대계(DT_MLTM_7174)_천세대당|12m차,0.0,0,False
provinces,2022,202201,V076_민간임대계(DT_MLTM_7174)_천세대당|수준,0.0,0,False
provinces,2022,202201,V076_민간임대계(DT_MLTM_7174)_천세대당|12m차,0.0,0,False
provinces,2022,202201,V076_민간임대(DT_MLTM_6827합계)_천세대당|수준,0.0,0,False
provinces,2022,202201,V076_민간임대(DT_MLTM_6827합계)_천세대당|12m차,0.0,0,False
provinces,2022,202201,V077_임대주택건설공급_총계_천세대당|수준,1.0,119,True
provinces,2022,202201,V077_임대주택건설공급_총계_천세대당|12m차,1.0,119,True
provinces,2022,202201,V015_전국대비|수준,1.0,119,True
provinces,2022,202201,V015_전국대비|12m차,0.9959709911361805,118,True
provinces,2022,202201,V017_전국대비|수준,1.0,118,True
provinces,2022,202201,V017_전국대비|12m차,0.9959709911361805,118,True
provinces,2022,202201,V072_공식주택보급률_%|수준,0.9863013698630136,117,True
provinces,2022,202201,V072_공식주택보급률_%|12m차,0.9766317485898469,116,True
provinces,2022,202201,D_CSI_전신계열,1.0,1,False
provinces,2022,202201,D_Wage_10th,1.0,2,True
provinces,2022,202201,D_Wage_11th,1.0,1,False
provinces,2022,202201,M10_rent_growth_1m,0.9863013698630136,1224,True
provinces,2022,202201,M10_rent_growth_6m,0.9178082191780822,1139,True
provinces,2022,202204,V003_전세가율_%|수준,1.0,234,True
provinces,2022,202204,V003_전세가율_%|12m차,1.0,236,True
provinces,2022,202204,V004_지역별전월세전환율_%|수준,1.0,723,True
provinces,2022,202204,V004_지역별전월세전환율_%|12m차,1.0,1128,True
provinces,2022,202204,V005_월세수급동향|수준,0.9868421052631579,1109,True
provinces,2022,202204,V005_월세수급동향|12m차,0.8289473684210527,1065,True
provinces,2022,202204,V009_주민등록인구_명|12m로그변화,1.0,1292,True
provinces,2022,202204,V010_주민등록세대수_세대|12m로그변화,1.0,1292,True
provinces,2022,202204,V011_20-29세_명|12m로그변화,1.0,1292,True
provinces,2022,202204,V011_20-39세_명|12m로그변화,1.0,1292,True
provinces,2022,202204,V011_20-39세비중_%|수준,1.0,1292,True
provinces,2022,202204,V011_20-39세비중_%|12m차,1.0,1292,True
provinces,2022,202204,V011_30-39세_명|12m로그변화,1.0,1292,True
provinces,2022,202204,V012_순이동자수_명|천명당12개월,1.0,1292,True
provinces,2022,202204,V013_고용률_%|수준,0.9852941176470589,160,True
provinces,2022,202204,V013_고용률_%|12m차,0.9760061919504643,148,True
provinces,2022,202204,V013_취업자_천명|12m로그변화,0.9760061919504643,1260,True
provinces,2022,202204,V021_아파트_인허가_호|12개월누적log,1.0,1240,True
provinces,2022,202204,V021_아파트_인허가_호|12개월누적log_12m차,1.0,1280,True
provinces,2022,202204,V022_아파트_착공_호|12개월누적log,1.0,1232,True
provinces,2022,202204,V022_아파트_착공_호|12개월누적log_12m차,1.0,1273,True
provinces,2022,202204,V023_아파트_준공_호|12개월누적log,1.0,1249,True
provinces,2022,202204,V023_아파트_준공_호|12개월누적log_12m차,1.0,1291,True
provinces,2022,202204,V031_매매수급동향|수준,1.0,1140,True
provinces,2022,202204,V031_매매수급동향|12m차,1.0,1277,True
provinces,2022,202204,V032_전세수급동향|수준,1.0,1131,True
provinces,2022,202204,V032_전세수급동향|12m차,1.0,1273,True
provinces,2022,202204,V034_수급동향(구)_통합|수준,0.006191950464396285,8,False
provinces,2022,202204,V034_수급동향(구)_통합|12m차,0.006191950464396285,7,False
provinces,2022,202204,V035_아파트거래_동호수_호|12개월누적log,1.0,1280,True
provinces,2022,202204,V035_아파트거래_동호수_호|12개월누적log_12m차,1.0,1292,True
provinces,2022,202204,V035_아파트거래_면적_천㎡|12개월누적log,1.0,1172,True
provinces,2022,202204,V035_아파트거래_면적_천㎡|12개월누적log_12m차,1.0,1292,True
provinces,2022,202204,V036_아파트매매거래_동호수_호|12개월누적log,1.0,1272,True
provinces,2022,202204,V036_아파트매매거래_동호수_호|12개월누적log_12m차,1.0,1292,True
provinces,2022,202204,V036_아파트매매거래_면적_천㎡|12개월누적log,1.0,1068,True
provinces,2022,202204,V036_아파트매매거래_면적_천㎡|12개월누적log_12m차,1.0,1288,True
provinces,2022,202204,V037_주택시장_소비심리지수|수준,0.934984520123839,524,True
provinces,2022,202204,V037_주택시장_소비심리지수|12m차,0.9164086687306502,720,True
provinces,2022,202204,V038_미분양주택현황_호|log,0.9976780185758514,1055,True
provinces,2022,202204,V038_미분양주택현황_호|log_12m차,0.9953560371517027,1222,True
provinces,2022,202204,V050_지역별_주택관련대출_예금은행_십억원|12m로그변화,1.0,1292,True
provinces,2022,202204,V043_한국은행_기준금리_연%|수준,1.0,5,True
provinces,2022,202204,V043_한국은행_기준금리_연%|12m차,1.0,7,True
provinces,2022,202204,V044_시장금리_CD91일_연%|수준,1.0,47,True
provinces,2022,202204,V044_시장금리_CD91일_연%|12m차,1.0,62,True
provinces,2022,202204,V045_시장금리_국고채3년_연%|수준,1.0,76,True
provinces,2022,202204,V045_시장금리_국고채3년_연%|12m차,1.0,75,True
provinces,2022,202204,V046_M2_통화량_십억원|12m로그변화,1.0,76,True
provinces,2022,202204,V048_소비자물가지수_2020=100|수준,1.0,71,True
provinces,2022,202204,V048_소비자물가지수_2020=100|12m차,1.0,75,True
provinces,2022,202204,V056_예금은행대출금리_주택담보_연리%|수준,1.0,56,True
provinces,2022,202204,V056_예금은행대출금리_주택담보_연리%|12m차,1.0,65,True
provinces,2022,202204,V057_예금은행대출금리_전세자금_연리%|수준,1.0,49,True
provinces,2022,202204,V057_예금은행대출금리_전세자금_연리%|12m차,0.9078947368421053,53,True
provinces,2022,202204,V059_비은행대출금리_주택담보_연리%|수준,1.0,63,True
provinces,2022,202204,V059_비은행대출금리_주택담보_연리%|12m차,1.0,66,True
provinces,2022,202204,V061_주택가격전망CSI_서울|수준,1.0,34,True
provinces,2022,202204,V061_주택가격전망CSI_서울|12m차,1.0,38,True
provinces,2022,202204,V062_주택가격전망CSI_6대광역시|수준,1.0,40,True
provinces,2022,202204,V062_주택가격전망CSI_6대광역시|12m차,1.0,44,True
provinces,2022,202204,V063_주택가격전망CSI_기타도시|수준,1.0,37,True
provinces,2022,202204,V063_주택가격전망CSI_기타도시|12m차,1.0,41,True
provinces,2022,202204,V064_KOSPI_종가_1980.01.04=100|수준,1.0,76,True
provinces,2022,202204,V064_KOSPI_종가_1980.01.04=100|12m차,1.0,76,True
provinces,2022,202204,V066_임금총액_사업체노동력_원|12m로그변화,1.0,76,True
provinces,2022,202204,V067_선행지수순환변동치_2020=100|수준,1.0,37,True
provinces,2022,202204,V067_선행지수순환변동치_2020=100|12m차,1.0,48,True
provinces,2022,202204,V069_예금취급기관_가계대출_십억원|12m로그변화,1.0,76,True
provinces,2022,202204,V069_예금취급기관_주택관련대출_십억원|12m로그변화,1.0,76,True
provinces,2022,202204,V070_수출금액_천불|12m로그변화,1.0,76,True
provinces,2022,202204,V071_정책대출_주금공_주택도시기금_십억원|12m로그변화,0.8289473684210527,63,True
provinces,2022,202204,V047_가계신용_총액_십억원|12m로그변화,1.0,26,True
provinces,2022,202204,V049_시간당명목임금지수_2020=100|수준,1.0,25,True
provinces,2022,202204,V049_시간당명목임금지수_2020=100|12m차,1.0,23,True
provinces,2022,202204,V060_대출태도_국내은행_가계주택|수준,1.0,19,True
provinces,2022,202204,V060_대출태도_국내은행_가계주택|12m차,1.0,23,True
provinces,2022,202204,V074_가계동향_도시2인이상_월평균소득_원|수준,0.7631578947368421,20,True
provinces,2022,202204,V074_가계동향_도시2인이상_월평균소득_원|12m차,0.7631578947368421,20,True
provinces,2022,202204,V074_연결_월평균소득_원|12m로그변화,1.0,26,True
provinces,2022,202204,V015_1인당GRDP_천원|12m로그변화,0.9961300309597523,118,True
provinces,2022,202204,V017_1인당가계총처분가능소득_천원|12m로그변화,0.9961300309597523,118,True
provinces,2022,202204,V024_주거용신축허가_동수_동|12m로그변화,0.058823529411764705,7,False
provinces,2022,202204,V024_주거용신축허가_연면적_㎡|12m로그변화,0.058823529411764705,7,False
provinces,2022,202204,V072_총조사_가구수_가구|12m로그변화,0.6842105263157895,85,False
provinces,2022,202204,V072_총조사_주택수_호|12m로그변화,0.6842105263157895,85,False
provinces,2022,202204,V076_공공+민간총계(DT_MLTM_7174)_호|12m로그변화,0.0,0,False
provinces,2022,202204,V076_공공임대계(DT_MLTM_7174)_호|12m로그변화,0.0,0,False
provinces,2022,202204,V076_민간임대계(DT_MLTM_7174)_호|12m로그변화,0.0,0,False
provinces,2022,202204,V076_민간임대(DT_MLTM_6827합계)_호|12m로그변화,0.0,0,False
provinces,2022,202204,V077_임대주택건설공급_총계_호|12m로그변화,1.0,119,True
provinces,2022,202204,V072_총조사단순주택수가구수비율|12m로그변화,0.6842105263157895,85,False
provinces,2022,202204,V024_주거용신축허가_동수_천세대당|수준,0.058823529411764705,7,False
provinces,2022,202204,V024_주거용신축허가_동수_천세대당|12m차,0.058823529411764705,7,False
provinces,2022,202204,V076_공공+민간총계(DT_MLTM_7174)_천세대당|수준,0.0,0,False
provinces,2022,202204,V076_공공+민간총계(DT_MLTM_7174)_천세대당|12m차,0.0,0,False
provinces,2022,202204,V076_공공임대계(DT_MLTM_7174)_천세대당|수준,0.0,0,False
provinces,2022,202204,V076_공공임대계(DT_MLTM_7174)_천세대당|12m차,0.0,0,False
provinces,2022,202204,V076_민간임대계(DT_MLTM_7174)_천세대당|수준,0.0,0,False
provinces,2022,202204,V076_민간임대계(DT_MLTM_7174)_천세대당|12m차,0.0,0,False
provinces,2022,202204,V076_민간임대(DT_MLTM_6827합계)_천세대당|수준,0.0,0,False
provinces,2022,202204,V076_민간임대(DT_MLTM_6827합계)_천세대당|12m차,0.0,0,False
provinces,2022,202204,V077_임대주택건설공급_총계_천세대당|수준,1.0,119,True
provinces,2022,202204,V077_임대주택건설공급_총계_천세대당|12m차,1.0,119,True
provinces,2022,202204,V015_전국대비|수준,1.0,119,True
provinces,2022,202204,V015_전국대비|12m차,0.9961300309597523,118,True
provinces,2022,202204,V017_전국대비|수준,1.0,118,True
provinces,2022,202204,V017_전국대비|12m차,0.9961300309597523,118,True
provinces,2022,202204,V072_공식주택보급률_%|수준,0.9868421052631579,117,True
provinces,2022,202204,V072_공식주택보급률_%|12m차,0.9775541795665634,116,True
provinces,2022,202204,D_CSI_전신계열,1.0,1,False
provinces,2022,202204,D_Wage_10th,1.0,2,True
provinces,2022,202204,D_Wage_11th,1.0,1,False
provinces,2022,202204,M10_rent_growth_1m,0.9868421052631579,1275,True
provinces,2022,202204,M10_rent_growth_6m,0.9210526315789473,1190,True
provinces,2022,202207,V003_전세가율_%|수준,1.0,239,True
provinces,2022,202207,V003_전세가율_%|12m차,1.0,243,True
provinces,2022,202207,V004_지역별전월세전환율_%|수준,1.0,755,True
provinces,2022,202207,V004_지역별전월세전환율_%|12m차,1.0,1177,True
provinces,2022,202207,V005_월세수급동향|수준,0.9873417721518988,1158,True
provinces,2022,202207,V005_월세수급동향|12m차,0.8354430379746836,1116,True
provinces,2022,202207,V009_주민등록인구_명|12m로그변화,1.0,1343,True
provinces,2022,202207,V010_주민등록세대수_세대|12m로그변화,1.0,1343,True
provinces,2022,202207,V011_20-29세_명|12m로그변화,1.0,1343,True
provinces,2022,202207,V011_20-39세_명|12m로그변화,1.0,1343,True
provinces,2022,202207,V011_20-39세비중_%|수준,1.0,1343,True
provinces,2022,202207,V011_20-39세비중_%|12m차,1.0,1343,True
provinces,2022,202207,V011_30-39세_명|12m로그변화,1.0,1343,True
provinces,2022,202207,V012_순이동자수_명|천명당12개월,1.0,1343,True
provinces,2022,202207,V013_고용률_%|수준,0.9858525688756515,163,True
provinces,2022,202207,V013_고용률_%|12m차,0.9769173492181683,148,True
provinces,2022,202207,V013_취업자_천명|12m로그변화,0.9769173492181683,1311,True
provinces,2022,202207,V021_아파트_인허가_호|12개월누적log,1.0,1288,True
provinces,2022,202207,V021_아파트_인허가_호|12개월누적log_12m차,1.0,1331,True
provinces,2022,202207,V022_아파트_착공_호|12개월누적log,1.0,1278,True
provinces,2022,202207,V022_아파트_착공_호|12개월누적log_12m차,1.0,1322,True
provinces,2022,202207,V023_아파트_준공_호|12개월누적log,1.0,1294,True
provinces,2022,202207,V023_아파트_준공_호|12개월누적log_12m차,1.0,1341,True
provinces,2022,202207,V031_매매수급동향|수준,1.0,1190,True
provinces,2022,202207,V031_매매수급동향|12m차,1.0,1328,True
provinces,2022,202207,V032_전세수급동향|수준,1.0,1181,True
provinces,2022,202207,V032_전세수급동향|12m차,1.0,1324,True
provinces,2022,202207,V034_수급동향(구)_통합|수준,0.005956813104988831,8,False
provinces,2022,202207,V034_수급동향(구)_통합|12m차,0.005956813104988831,7,False
provinces,2022,202207,V035_아파트거래_동호수_호|12개월누적log,1.0,1330,True
provinces,2022,202207,V035_아파트거래_동호수_호|12개월누적log_12m차,1.0,1343,True
provinces,2022,202207,V035_아파트거래_면적_천㎡|12개월누적log,1.0,1218,True
provinces,2022,202207,V035_아파트거래_면적_천㎡|12개월누적log_12m차,1.0,1343,True
provinces,2022,202207,V036_아파트매매거래_동호수_호|12개월누적log,1.0,1321,True
provinces,2022,202207,V036_아파트매매거래_동호수_호|12개월누적log_12m차,1.0,1343,True
provinces,2022,202207,V036_아파트매매거래_면적_천㎡|12개월누적log,1.0,1107,True
provinces,2022,202207,V036_아파트매매거래_면적_천㎡|12개월누적log_12m차,1.0,1339,True
provinces,2022,202207,V037_주택시장_소비심리지수|수준,0.9374534623976173,530,True
provinces,2022,202207,V037_주택시장_소비심리지수|12m차,0.9195830230826508,744,True
provinces,2022,202207,V038_미분양주택현황_호|log,0.9977661950856291,1092,True
provinces,2022,202207,V038_미분양주택현황_호|log_12m차,0.9955323901712584,1272,True
provinces,2022,202207,V050_지역별_주택관련대출_예금은행_십억원|12m로그변화,1.0,1343,True
provinces,2022,202207,V043_한국은행_기준금리_연%|수준,1.0,6,True
provinces,2022,202207,V043_한국은행_기준금리_연%|12m차,1.0,9,True
provinces,2022,202207,V044_시장금리_CD91일_연%|수준,1.0,49,True
provinces,2022,202207,V044_시장금리_CD91일_연%|12m차,1.0,65,True
provinces,2022,202207,V045_시장금리_국고채3년_연%|수준,1.0,78,True
provinces,2022,202207,V045_시장금리_국고채3년_연%|12m차,1.0,78,True
provinces,2022,202207,V046_M2_통화량_십억원|12m로그변화,1.0,79,True
provinces,2022,202207,V048_소비자물가지수_2020=100|수준,1.0,74,True
provinces,2022,202207,V048_소비자물가지수_2020=100|12m차,1.0,78,True
provinces,2022,202207,V056_예금은행대출금리_주택담보_연리%|수준,1.0,58,True
provinces,2022,202207,V056_예금은행대출금리_주택담보_연리%|12m차,1.0,68,True
provinces,2022,202207,V057_예금은행대출금리_전세자금_연리%|수준,1.0,51,True
provinces,2022,202207,V057_예금은행대출금리_전세자금_연리%|12m차,0.9113924050632911,56,True
provinces,2022,202207,V059_비은행대출금리_주택담보_연리%|수준,1.0,66,True
provinces,2022,202207,V059_비은행대출금리_주택담보_연리%|12m차,1.0,66,True
provinces,2022,202207,V061_주택가격전망CSI_서울|수준,1.0,34,True
provinces,2022,202207,V061_주택가격전망CSI_서울|12m차,1.0,40,True
provinces,2022,202207,V062_주택가격전망CSI_6대광역시|수준,1.0,41,True
provinces,2022,202207,V062_주택가격전망CSI_6대광역시|12m차,1.0,45,True
provinces,2022,202207,V063_주택가격전망CSI_기타도시|수준,1.0,37,True
provinces,2022,202207,V063_주택가격전망CSI_기타도시|12m차,1.0,43,True
provinces,2022,202207,V064_KOSPI_종가_1980.01.04=100|수준,1.0,79,True
provinces,2022,202207,V064_KOSPI_종가_1980.01.04=100|12m차,1.0,79,True
provinces,2022,202207,V066_임금총액_사업체노동력_원|12m로그변화,1.0,79,True
provinces,2022,202207,V067_선행지수순환변동치_2020=100|수준,1.0,38,True
provinces,2022,202207,V067_선행지수순환변동치_2020=100|12m차,1.0,48,True
provinces,2022,202207,V069_예금취급기관_가계대출_십억원|12m로그변화,1.0,79,True
provinces,2022,202207,V069_예금취급기관_주택관련대출_십억원|12m로그변화,1.0,79,True
provinces,2022,202207,V070_수출금액_천불|12m로그변화,1.0,79,True
provinces,2022,202207,V071_정책대출_주금공_주택도시기금_십억원|12m로그변화,0.8354430379746836,66,True
provinces,2022,202207,V047_가계신용_총액_십억원|12m로그변화,1.0,27,True
provinces,2022,202207,V049_시간당명목임금지수_2020=100|수준,1.0,26,True
provinces,2022,202207,V049_시간당명목임금지수_2020=100|12m차,1.0,24,True
provinces,2022,202207,V060_대출태도_국내은행_가계주택|수준,1.0,20,True
provinces,2022,202207,V060_대출태도_국내은행_가계주택|12m차,1.0,24,True
provinces,2022,202207,V074_가계동향_도시2인이상_월평균소득_원|수준,0.7341772151898734,20,True
provinces,2022,202207,V074_가계동향_도시2인이상_월평균소득_원|12m차,0.7341772151898734,20,True
provinces,2022,202207,V074_연결_월평균소득_원|12m로그변화,1.0,27,True
provinces,2022,202207,V015_1인당GRDP_천원|12m로그변화,0.996276991809382,135,True
provinces,2022,202207,V017_1인당가계총처분가능소득_천원|12m로그변화,0.996276991809382,135,True
provinces,2022,202207,V024_주거용신축허가_동수_동|12m로그변화,0.058823529411764705,8,False
provinces,2022,202207,V024_주거용신축허가_연면적_㎡|12m로그변화,0.058823529411764705,8,False
provinces,2022,202207,V072_총조사_가구수_가구|12m로그변화,0.6962025316455697,85,False
provinces,2022,202207,V072_총조사_주택수_호|12m로그변화,0.6962025316455697,85,False
provinces,2022,202207,V076_공공+민간총계(DT_MLTM_7174)_호|12m로그변화,0.0,0,False
provinces,2022,202207,V076_공공임대계(DT_MLTM_7174)_호|12m로그변화,0.0,0,False
provinces,2022,202207,V076_민간임대계(DT_MLTM_7174)_호|12m로그변화,0.0,0,False
provinces,2022,202207,V076_민간임대(DT_MLTM_6827합계)_호|12m로그변화,0.0,0,False
provinces,2022,202207,V077_임대주택건설공급_총계_호|12m로그변화,0.9746835443037974,119,True
provinces,2022,202207,V072_총조사단순주택수가구수비율|12m로그변화,0.6962025316455697,85,False
provinces,2022,202207,V024_주거용신축허가_동수_천세대당|수준,0.058823529411764705,8,False
provinces,2022,202207,V024_주거용신축허가_동수_천세대당|12m차,0.058823529411764705,8,False
provinces,2022,202207,V076_공공+민간총계(DT_MLTM_7174)_천세대당|수준,0.0,0,False
provinces,2022,202207,V076_공공+민간총계(DT_MLTM_7174)_천세대당|12m차,0.0,0,False
provinces,2022,202207,V076_공공임대계(DT_MLTM_7174)_천세대당|수준,0.0,0,False
provinces,2022,202207,V076_공공임대계(DT_MLTM_7174)_천세대당|12m차,0.0,0,False
provinces,2022,202207,V076_민간임대계(DT_MLTM_7174)_천세대당|수준,0.0,0,False
provinces,2022,202207,V076_민간임대계(DT_MLTM_7174)_천세대당|12m차,0.0,0,False
provinces,2022,202207,V076_민간임대(DT_MLTM_6827합계)_천세대당|수준,0.02531645569620253,17,False
provinces,2022,202207,V076_민간임대(DT_MLTM_6827합계)_천세대당|12m차,0.0,0,False
provinces,2022,202207,V077_임대주택건설공급_총계_천세대당|수준,0.9746835443037974,119,True
provinces,2022,202207,V077_임대주택건설공급_총계_천세대당|12m차,0.9746835443037974,119,True
provinces,2022,202207,V015_전국대비|수준,1.0,136,True
provinces,2022,202207,V015_전국대비|12m차,0.996276991809382,135,True
provinces,2022,202207,V017_전국대비|수준,1.0,135,True
provinces,2022,202207,V017_전국대비|12m차,0.996276991809382,135,True
provinces,2022,202207,V072_공식주택보급률_%|수준,0.9873417721518988,134,True
provinces,2022,202207,V072_공식주택보급률_%|12m차,0.9784065524944154,133,True
provinces,2022,202207,D_CSI_전신계열,1.0,1,False
provinces,2022,202207,D_Wage_10th,1.0,2,True
provinces,2022,202207,D_Wage_11th,1.0,1,False
provinces,2022,202207,M10_rent_growth_1m,0.9873417721518988,1326,True
provinces,2022,202207,M10_rent_growth_6m,0.9240506329113924,1241,True
provinces,2022,202210,V003_전세가율_%|수준,1.0,242,True
provinces,2022,202210,V003_전세가율_%|12m차,1.0,250,True
provinces,2022,202210,V004_지역별전월세전환율_%|수준,1.0,781,True
provinces,2022,202210,V004_지역별전월세전환율_%|12m차,1.0,1226,True
provinces,2022,202210,V005_월세수급동향|수준,0.9878048780487805,1208,True
provinces,2022,202210,V005_월세수급동향|12m차,0.8414634146341463,1167,True
provinces,2022,202210,V009_주민등록인구_명|12m로그변화,1.0,1394,True
provinces,2022,202210,V010_주민등록세대수_세대|12m로그변화,1.0,1394,True
provinces,2022,202210,V011_20-29세_명|12m로그변화,1.0,1394,True
provinces,2022,202210,V011_20-39세_명|12m로그변화,1.0,1394,True
provinces,2022,202210,V011_20-39세비중_%|수준,1.0,1394,True
provinces,2022,202210,V011_20-39세비중_%|12m차,1.0,1394,True
provinces,2022,202210,V011_30-39세_명|12m로그변화,1.0,1394,True
provinces,2022,202210,V012_순이동자수_명|천명당12개월,1.0,1394,True
provinces,2022,202210,V013_고용률_%|수준,0.9863701578192252,164,True
provinces,2022,202210,V013_고용률_%|12m차,0.9777618364418939,152,True
provinces,2022,202210,V013_취업자_천명|12m로그변화,0.9777618364418939,1362,True
provinces,2022,202210,V021_아파트_인허가_호|12개월누적log,1.0,1337,True
provinces,2022,202210,V021_아파트_인허가_호|12개월누적log_12m차,1.0,1381,True
provinces,2022,202210,V022_아파트_착공_호|12개월누적log,1.0,1324,True
provinces,2022,202210,V022_아파트_착공_호|12개월누적log_12m차,1.0,1371,True
provinces,2022,202210,V023_아파트_준공_호|12개월누적log,1.0,1343,True
provinces,2022,202210,V023_아파트_준공_호|12개월누적log_12m차,1.0,1392,True
provinces,2022,202210,V031_매매수급동향|수준,1.0,1237,True
provinces,2022,202210,V031_매매수급동향|12m차,1.0,1379,True
provinces,2022,202210,V032_전세수급동향|수준,1.0,1230,True
provinces,2022,202210,V032_전세수급동향|12m차,1.0,1375,True
provinces,2022,202210,V034_수급동향(구)_통합|수준,0.005738880918220947,8,False
provinces,2022,202210,V034_수급동향(구)_통합|12m차,0.005738880918220947,7,False
provinces,2022,202210,V035_아파트거래_동호수_호|12개월누적log,1.0,1381,True
provinces,2022,202210,V035_아파트거래_동호수_호|12개월누적log_12m차,1.0,1394,True
provinces,2022,202210,V035_아파트거래_면적_천㎡|12개월누적log,1.0,1263,True
provinces,2022,202210,V035_아파트거래_면적_천㎡|12개월누적log_12m차,1.0,1394,True
provinces,2022,202210,V036_아파트매매거래_동호수_호|12개월누적log,1.0,1367,True
provinces,2022,202210,V036_아파트매매거래_동호수_호|12개월누적log_12m차,1.0,1394,True
provinces,2022,202210,V036_아파트매매거래_면적_천㎡|12개월누적log,1.0,1145,True
provinces,2022,202210,V036_아파트매매거래_면적_천㎡|12개월누적log_12m차,1.0,1390,True
provinces,2022,202210,V037_주택시장_소비심리지수|수준,0.93974175035868,535,True
provinces,2022,202210,V037_주택시장_소비심리지수|12m차,0.9225251076040172,767,True
provinces,2022,202210,V038_미분양주택현황_호|log,0.9978479196556671,1126,True
provinces,2022,202210,V038_미분양주택현황_호|log_12m차,0.9956958393113343,1323,True
provinces,2022,202210,V050_지역별_주택관련대출_예금은행_십억원|12m로그변화,1.0,1394,True
provinces,2022,202210,V043_한국은행_기준금리_연%|수준,1.0,6,True
provinces,2022,202210,V043_한국은행_기준금리_연%|12m차,1.0,10,True
provinces,2022,202210,V044_시장금리_CD91일_연%|수준,1.0,49,True
provinces,2022,202210,V044_시장금리_CD91일_연%|12m차,1.0,68,True
provinces,2022,202210,V045_시장금리_국고채3년_연%|수준,1.0,81,True
provinces,2022,202210,V045_시장금리_국고채3년_연%|12m차,1.0,81,True
provinces,2022,202210,V046_M2_통화량_십억원|12m로그변화,1.0,82,True
provinces,2022,202210,V048_소비자물가지수_2020=100|수준,1.0,77,True
provinces,2022,202210,V048_소비자물가지수_2020=100|12m차,1.0,81,True
provinces,2022,202210,V056_예금은행대출금리_주택담보_연리%|수준,1.0,61,True
provinces,2022,202210,V056_예금은행대출금리_주택담보_연리%|12m차,1.0,71,True
provinces,2022,202210,V057_예금은행대출금리_전세자금_연리%|수준,1.0,54,True
provinces,2022,202210,V057_예금은행대출금리_전세자금_연리%|12m차,0.9146341463414634,59,True
provinces,2022,202210,V059_비은행대출금리_주택담보_연리%|수준,1.0,68,True
provinces,2022,202210,V059_비은행대출금리_주택담보_연리%|12m차,1.0,69,True
provinces,2022,202210,V061_주택가격전망CSI_서울|수준,1.0,35,True
provinces,2022,202210,V061_주택가격전망CSI_서울|12m차,1.0,42,True
provinces,2022,202210,V062_주택가격전망CSI_6대광역시|수준,1.0,41,True
provinces,2022,202210,V062_주택가격전망CSI_6대광역시|12m차,1.0,46,True
provinces,2022,202210,V063_주택가격전망CSI_기타도시|수준,1.0,37,True
provinces,2022,202210,V063_주택가격전망CSI_기타도시|12m차,1.0,45,True
provinces,2022,202210,V064_KOSPI_종가_1980.01.04=100|수준,1.0,82,True
provinces,2022,202210,V064_KOSPI_종가_1980.01.04=100|12m차,1.0,82,True
provinces,2022,202210,V066_임금총액_사업체노동력_원|12m로그변화,1.0,82,True
provinces,2022,202210,V067_선행지수순환변동치_2020=100|수준,1.0,38,True
provinces,2022,202210,V067_선행지수순환변동치_2020=100|12m차,1.0,49,True
provinces,2022,202210,V069_예금취급기관_가계대출_십억원|12m로그변화,1.0,82,True
provinces,2022,202210,V069_예금취급기관_주택관련대출_십억원|12m로그변화,1.0,82,True
provinces,2022,202210,V070_수출금액_천불|12m로그변화,1.0,82,True
provinces,2022,202210,V071_정책대출_주금공_주택도시기금_십억원|12m로그변화,0.8414634146341463,69,True
provinces,2022,202210,V047_가계신용_총액_십억원|12m로그변화,1.0,28,True
provinces,2022,202210,V049_시간당명목임금지수_2020=100|수준,1.0,27,True
provinces,2022,202210,V049_시간당명목임금지수_2020=100|12m차,1.0,25,True
provinces,2022,202210,V060_대출태도_국내은행_가계주택|수준,1.0,21,True
provinces,2022,202210,V060_대출태도_국내은행_가계주택|12m차,1.0,25,True
provinces,2022,202210,V074_가계동향_도시2인이상_월평균소득_원|수준,0.7073170731707317,20,True
provinces,2022,202210,V074_가계동향_도시2인이상_월평균소득_원|12m차,0.7073170731707317,20,True
provinces,2022,202210,V074_연결_월평균소득_원|12m로그변화,1.0,28,True
provinces,2022,202210,V015_1인당GRDP_천원|12m로그변화,0.996413199426112,135,True
provinces,2022,202210,V017_1인당가계총처분가능소득_천원|12m로그변화,0.996413199426112,135,True
provinces,2022,202210,V024_주거용신축허가_동수_동|12m로그변화,0.058823529411764705,8,False
provinces,2022,202210,V024_주거용신축허가_연면적_㎡|12m로그변화,0.058823529411764705,8,False
provinces,2022,202210,V072_총조사_가구수_가구|12m로그변화,0.7073170731707317,85,True
provinces,2022,202210,V072_총조사_주택수_호|12m로그변화,0.7073170731707317,85,True
provinces,2022,202210,V076_공공+민간총계(DT_MLTM_7174)_호|12m로그변화,0.0,0,False
provinces,2022,202210,V076_공공임대계(DT_MLTM_7174)_호|12m로그변화,0.0,0,False
provinces,2022,202210,V076_민간임대계(DT_MLTM_7174)_호|12m로그변화,0.0,0,False
provinces,2022,202210,V076_민간임대(DT_MLTM_6827합계)_호|12m로그변화,0.0,0,False
provinces,2022,202210,V077_임대주택건설공급_총계_호|12m로그변화,0.9390243902439024,119,True
provinces,2022,202210,V072_총조사단순주택수가구수비율|12m로그변화,0.7073170731707317,85,True
provinces,2022,202210,V024_주거용신축허가_동수_천세대당|수준,0.058823529411764705,8,False
provinces,2022,202210,V024_주거용신축허가_동수_천세대당|12m차,0.058823529411764705,8,False
provinces,2022,202210,V076_공공+민간총계(DT_MLTM_7174)_천세대당|수준,0.0,0,False
provinces,2022,202210,V076_공공+민간총계(DT_MLTM_7174)_천세대당|12m차,0.0,0,False
provinces,2022,202210,V076_공공임대계(DT_MLTM_7174)_천세대당|수준,0.0,0,False
provinces,2022,202210,V076_공공임대계(DT_MLTM_7174)_천세대당|12m차,0.0,0,False
provinces,2022,202210,V076_민간임대계(DT_MLTM_7174)_천세대당|수준,0.0,0,False
provinces,2022,202210,V076_민간임대계(DT_MLTM_7174)_천세대당|12m차,0.0,0,False
provinces,2022,202210,V076_민간임대(DT_MLTM_6827합계)_천세대당|수준,0.06097560975609756,17,False
provinces,2022,202210,V076_민간임대(DT_MLTM_6827합계)_천세대당|12m차,0.0,0,False
provinces,2022,202210,V077_임대주택건설공급_총계_천세대당|수준,0.9390243902439024,119,True
provinces,2022,202210,V077_임대주택건설공급_총계_천세대당|12m차,0.9390243902439024,119,True
provinces,2022,202210,V015_전국대비|수준,1.0,136,True
provinces,2022,202210,V015_전국대비|12m차,0.996413199426112,135,True
provinces,2022,202210,V017_전국대비|수준,1.0,135,True
provinces,2022,202210,V017_전국대비|12m차,0.996413199426112,135,True
provinces,2022,202210,V072_공식주택보급률_%|수준,0.9878048780487805,134,True
provinces,2022,202210,V072_공식주택보급률_%|12m차,0.9791965566714491,133,True
provinces,2022,202210,D_CSI_전신계열,1.0,1,False
provinces,2022,202210,D_Wage_10th,1.0,2,True
provinces,2022,202210,D_Wage_11th,1.0,1,False
provinces,2022,202210,M10_rent_growth_1m,0.9878048780487805,1377,True
provinces,2022,202210,M10_rent_growth_6m,0.926829268292683,1292,True
provinces,2023,202301,V003_전세가율_%|수준,1.0,247,True
provinces,2023,202301,V003_전세가율_%|12m차,1.0,254,True
provinces,2023,202301,V004_지역별전월세전환율_%|수준,1.0,812,True
provinces,2023,202301,V004_지역별전월세전환율_%|12m차,1.0,1273,True
provinces,2023,202301,V005_월세수급동향|수준,0.9882352941176471,1259,True
provinces,2023,202301,V005_월세수급동향|12m차,0.8470588235294118,1218,True
provinces,2023,202301,V009_주민등록인구_명|12m로그변화,1.0,1445,True
provinces,2023,202301,V010_주민등록세대수_세대|12m로그변화,1.0,1445,True
provinces,2023,202301,V011_20-29세_명|12m로그변화,1.0,1445,True
provinces,2023,202301,V011_20-39세_명|12m로그변화,1.0,1445,True
provinces,2023,202301,V011_20-39세비중_%|수준,1.0,1445,True
provinces,2023,202301,V011_20-39세비중_%|12m차,1.0,1445,True
provinces,2023,202301,V011_30-39세_명|12m로그변화,1.0,1445,True
provinces,2023,202301,V012_순이동자수_명|천명당12개월,1.0,1445,True
provinces,2023,202301,V013_고용률_%|수준,0.9868512110726644,164,True
provinces,2023,202301,V013_고용률_%|12m차,0.9785467128027682,156,True
provinces,2023,202301,V013_취업자_천명|12m로그변화,0.9785467128027682,1413,True
provinces,2023,202301,V021_아파트_인허가_호|12개월누적log,1.0,1383,True
provinces,2023,202301,V021_아파트_인허가_호|12개월누적log_12m차,1.0,1431,True
provinces,2023,202301,V022_아파트_착공_호|12개월누적log,1.0,1372,True
provinces,2023,202301,V022_아파트_착공_호|12개월누적log_12m차,1.0,1420,True
provinces,2023,202301,V023_아파트_준공_호|12개월누적log,1.0,1390,True
provinces,2023,202301,V023_아파트_준공_호|12개월누적log_12m차,1.0,1443,True
provinces,2023,202301,V031_매매수급동향|수준,1.0,1287,True
provinces,2023,202301,V031_매매수급동향|12m차,1.0,1430,True
provinces,2023,202301,V032_전세수급동향|수준,1.0,1279,True
provinces,2023,202301,V032_전세수급동향|12m차,1.0,1426,True
provinces,2023,202301,V034_수급동향(구)_통합|수준,0.005536332179930796,8,False
provinces,2023,202301,V034_수급동향(구)_통합|12m차,0.005536332179930796,7,False
provinces,2023,202301,V035_아파트거래_동호수_호|12개월누적log,1.0,1431,True
provinces,2023,202301,V035_아파트거래_동호수_호|12개월누적log_12m차,1.0,1445,True
provinces,2023,202301,V035_아파트거래_면적_천㎡|12개월누적log,1.0,1303,True
provinces,2023,202301,V035_아파트거래_면적_천㎡|12개월누적log_12m차,1.0,1445,True
provinces,2023,202301,V036_아파트매매거래_동호수_호|12개월누적log,1.0,1417,True
provinces,2023,202301,V036_아파트매매거래_동호수_호|12개월누적log_12m차,1.0,1445,True
provinces,2023,202301,V036_아파트매매거래_면적_천㎡|12개월누적log,1.0,1176,True
provinces,2023,202301,V036_아파트매매거래_면적_천㎡|12개월누적log_12m차,1.0,1441,True
provinces,2023,202301,V037_주택시장_소비심리지수|수준,0.9418685121107266,540,True
provinces,2023,202301,V037_주택시장_소비심리지수|12m차,0.9252595155709342,786,True
provinces,2023,202301,V038_미분양주택현황_호|log,0.9979238754325259,1160,True
provinces,2023,202301,V038_미분양주택현황_호|log_12m차,0.995847750865052,1372,True
provinces,2023,202301,V050_지역별_주택관련대출_예금은행_십억원|12m로그변화,1.0,1445,True
provinces,2023,202301,V043_한국은행_기준금리_연%|수준,1.0,7,True
provinces,2023,202301,V043_한국은행_기준금리_연%|12m차,1.0,12,True
provinces,2023,202301,V044_시장금리_CD91일_연%|수준,1.0,52,True
provinces,2023,202301,V044_시장금리_CD91일_연%|12m차,1.0,71,True
provinces,2023,202301,V045_시장금리_국고채3년_연%|수준,1.0,84,True
provinces,2023,202301,V045_시장금리_국고채3년_연%|12m차,1.0,84,True
provinces,2023,202301,V046_M2_통화량_십억원|12m로그변화,1.0,85,True
provinces,2023,202301,V048_소비자물가지수_2020=100|수준,1.0,80,True
provinces,2023,202301,V048_소비자물가지수_2020=100|12m차,1.0,84,True
provinces,2023,202301,V056_예금은행대출금리_주택담보_연리%|수준,1.0,63,True
provinces,2023,202301,V056_예금은행대출금리_주택담보_연리%|12m차,1.0,74,True
provinces,2023,202301,V057_예금은행대출금리_전세자금_연리%|수준,1.0,57,True
provinces,2023,202301,V057_예금은행대출금리_전세자금_연리%|12m차,0.9176470588235294,62,True
provinces,2023,202301,V059_비은행대출금리_주택담보_연리%|수준,1.0,70,True
provinces,2023,202301,V059_비은행대출금리_주택담보_연리%|12m차,1.0,72,True
provinces,2023,202301,V061_주택가격전망CSI_서울|수준,1.0,36,True
provinces,2023,202301,V061_주택가격전망CSI_서울|12m차,1.0,44,True
provinces,2023,202301,V062_주택가격전망CSI_6대광역시|수준,1.0,42,True
provinces,2023,202301,V062_주택가격전망CSI_6대광역시|12m차,1.0,48,True
provinces,2023,202301,V063_주택가격전망CSI_기타도시|수준,1.0,38,True
provinces,2023,202301,V063_주택가격전망CSI_기타도시|12m차,1.0,47,True
provinces,2023,202301,V064_KOSPI_종가_1980.01.04=100|수준,1.0,85,True
provinces,2023,202301,V064_KOSPI_종가_1980.01.04=100|12m차,1.0,85,True
provinces,2023,202301,V066_임금총액_사업체노동력_원|12m로그변화,1.0,85,True
provinces,2023,202301,V067_선행지수순환변동치_2020=100|수준,1.0,38,True
provinces,2023,202301,V067_선행지수순환변동치_2020=100|12m차,1.0,51,True
provinces,2023,202301,V069_예금취급기관_가계대출_십억원|12m로그변화,1.0,85,True
provinces,2023,202301,V069_예금취급기관_주택관련대출_십억원|12m로그변화,1.0,85,True
provinces,2023,202301,V070_수출금액_천불|12m로그변화,1.0,85,True
provinces,2023,202301,V071_정책대출_주금공_주택도시기금_십억원|12m로그변화,0.8470588235294118,72,True
provinces,2023,202301,V047_가계신용_총액_십억원|12m로그변화,1.0,29,True
provinces,2023,202301,V049_시간당명목임금지수_2020=100|수준,1.0,28,True
provinces,2023,202301,V049_시간당명목임금지수_2020=100|12m차,1.0,26,True
provinces,2023,202301,V060_대출태도_국내은행_가계주택|수준,1.0,22,True
provinces,2023,202301,V060_대출태도_국내은행_가계주택|12m차,1.0,26,True
provinces,2023,202301,V074_가계동향_도시2인이상_월평균소득_원|수준,0.6823529411764706,20,False
provinces,2023,202301,V074_가계동향_도시2인이상_월평균소득_원|12m차,0.6823529411764706,20,False
provinces,2023,202301,V074_연결_월평균소득_원|12m로그변화,1.0,29,True
provinces,2023,202301,V015_1인당GRDP_천원|12m로그변화,0.9965397923875432,135,True
provinces,2023,202301,V017_1인당가계총처분가능소득_천원|12m로그변화,0.9965397923875432,135,True
provinces,2023,202301,V024_주거용신축허가_동수_동|12m로그변화,0.058823529411764705,8,False
provinces,2023,202301,V024_주거용신축허가_연면적_㎡|12m로그변화,0.058823529411764705,8,False
provinces,2023,202301,V072_총조사_가구수_가구|12m로그변화,0.7176470588235294,102,True
provinces,2023,202301,V072_총조사_주택수_호|12m로그변화,0.7176470588235294,102,True
provinces,2023,202301,V076_공공+민간총계(DT_MLTM_7174)_호|12m로그변화,0.0,0,False
provinces,2023,202301,V076_공공임대계(DT_MLTM_7174)_호|12m로그변화,0.0,0,False
provinces,2023,202301,V076_민간임대계(DT_MLTM_7174)_호|12m로그변화,0.0,0,False
provinces,2023,202301,V076_민간임대(DT_MLTM_6827합계)_호|12m로그변화,0.0,0,False
provinces,2023,202301,V077_임대주택건설공급_총계_호|12m로그변화,0.9058823529411765,119,True
provinces,2023,202301,V072_총조사단순주택수가구수비율|12m로그변화,0.7176470588235294,102,True
provinces,2023,202301,V024_주거용신축허가_동수_천세대당|수준,0.058823529411764705,8,False
provinces,2023,202301,V024_주거용신축허가_동수_천세대당|12m차,0.058823529411764705,8,False
provinces,2023,202301,V076_공공+민간총계(DT_MLTM_7174)_천세대당|수준,0.0,0,False
provinces,2023,202301,V076_공공+민간총계(DT_MLTM_7174)_천세대당|12m차,0.0,0,False
provinces,2023,202301,V076_공공임대계(DT_MLTM_7174)_천세대당|수준,0.0,0,False
provinces,2023,202301,V076_공공임대계(DT_MLTM_7174)_천세대당|12m차,0.0,0,False
provinces,2023,202301,V076_민간임대계(DT_MLTM_7174)_천세대당|수준,0.0,0,False
provinces,2023,202301,V076_민간임대계(DT_MLTM_7174)_천세대당|12m차,0.0,0,False
provinces,2023,202301,V076_민간임대(DT_MLTM_6827합계)_천세대당|수준,0.09411764705882353,17,False
provinces,2023,202301,V076_민간임대(DT_MLTM_6827합계)_천세대당|12m차,0.0,0,False
provinces,2023,202301,V077_임대주택건설공급_총계_천세대당|수준,0.9058823529411765,119,True
provinces,2023,202301,V077_임대주택건설공급_총계_천세대당|12m차,0.9058823529411765,119,True
provinces,2023,202301,V015_전국대비|수준,1.0,136,True
provinces,2023,202301,V015_전국대비|12m차,0.9965397923875432,135,True
provinces,2023,202301,V017_전국대비|수준,1.0,135,True
provinces,2023,202301,V017_전국대비|12m차,0.9965397923875432,135,True
provinces,2023,202301,V072_공식주택보급률_%|수준,0.9882352941176471,134,True
provinces,2023,202301,V072_공식주택보급률_%|12m차,0.9799307958477509,133,True
provinces,2023,202301,D_CSI_전신계열,1.0,1,False
provinces,2023,202301,D_Wage_10th,1.0,2,True
provinces,2023,202301,D_Wage_11th,1.0,1,False
provinces,2023,202301,M10_rent_growth_1m,0.9882352941176471,1428,True
provinces,2023,202301,M10_rent_growth_6m,0.9294117647058824,1343,True
provinces,2023,202304,V003_전세가율_%|수준,1.0,250,True
provinces,2023,202304,V003_전세가율_%|12m차,1.0,254,True
provinces,2023,202304,V004_지역별전월세전환율_%|수준,1.0,841,True
provinces,2023,202304,V004_지역별전월세전환율_%|12m차,1.0,1318,True
provinces,2023,202304,V005_월세수급동향|수준,0.9886363636363636,1306,True
provinces,2023,202304,V005_월세수급동향|12m차,0.8522727272727273,1267,True
provinces,2023,202304,V009_주민등록인구_명|12m로그변화,1.0,1496,True
provinces,2023,202304,V010_주민등록세대수_세대|12m로그변화,1.0,1496,True
provinces,2023,202304,V011_20-29세_명|12m로그변화,1.0,1496,True
provinces,2023,202304,V011_20-39세_명|12m로그변화,1.0,1496,True
provinces,2023,202304,V011_20-39세비중_%|수준,1.0,1496,True
provinces,2023,202304,V011_20-39세비중_%|12m차,1.0,1496,True
provinces,2023,202304,V011_30-39세_명|12m로그변화,1.0,1496,True
provinces,2023,202304,V012_순이동자수_명|천명당12개월,1.0,1496,True
provinces,2023,202304,V013_고용률_%|수준,0.9872994652406417,166,True
provinces,2023,202304,V013_고용률_%|12m차,0.9792780748663101,160,True
provinces,2023,202304,V013_취업자_천명|12m로그변화,0.9792780748663101,1464,True
provinces,2023,202304,V021_아파트_인허가_호|12개월누적log,1.0,1431,True
provinces,2023,202304,V021_아파트_인허가_호|12개월누적log_12m차,1.0,1480,True
provinces,2023,202304,V022_아파트_착공_호|12개월누적log,1.0,1421,True
provinces,2023,202304,V022_아파트_착공_호|12개월누적log_12m차,1.0,1471,True
provinces,2023,202304,V023_아파트_준공_호|12개월누적log,1.0,1436,True
provinces,2023,202304,V023_아파트_준공_호|12개월누적log_12m차,1.0,1493,True
provinces,2023,202304,V031_매매수급동향|수준,1.0,1337,True
provinces,2023,202304,V031_매매수급동향|12m차,1.0,1481,True
provinces,2023,202304,V032_전세수급동향|수준,1.0,1328,True
provinces,2023,202304,V032_전세수급동향|12m차,1.0,1477,True
provinces,2023,202304,V034_수급동향(구)_통합|수준,0.0053475935828877,8,False
provinces,2023,202304,V034_수급동향(구)_통합|12m차,0.0053475935828877,7,False
provinces,2023,202304,V035_아파트거래_동호수_호|12개월누적log,1.0,1480,True
provinces,2023,202304,V035_아파트거래_동호수_호|12개월누적log_12m차,1.0,1496,True
provinces,2023,202304,V035_아파트거래_면적_천㎡|12개월누적log,1.0,1343,True
provinces,2023,202304,V035_아파트거래_면적_천㎡|12개월누적log_12m차,1.0,1496,True
provinces,2023,202304,V036_아파트매매거래_동호수_호|12개월누적log,1.0,1466,True
provinces,2023,202304,V036_아파트매매거래_동호수_호|12개월누적log_12m차,1.0,1496,True
provinces,2023,202304,V036_아파트매매거래_면적_천㎡|12개월누적log,1.0,1207,True
provinces,2023,202304,V036_아파트매매거래_면적_천㎡|12개월누적log_12m차,1.0,1492,True
provinces,2023,202304,V037_주택시장_소비심리지수|수준,0.9438502673796791,548,True
provinces,2023,202304,V037_주택시장_소비심리지수|12m차,0.9278074866310161,823,True
provinces,2023,202304,V038_미분양주택현황_호|log,0.9979946524064172,1192,True
provinces,2023,202304,V038_미분양주택현황_호|log_12m차,0.9959893048128342,1423,True
provinces,2023,202304,V050_지역별_주택관련대출_예금은행_십억원|12m로그변화,1.0,1496,True
provinces,2023,202304,V043_한국은행_기준금리_연%|수준,1.0,9,True
provinces,2023,202304,V043_한국은행_기준금리_연%|12m차,1.0,13,True
provinces,2023,202304,V044_시장금리_CD91일_연%|수준,1.0,55,True
provinces,2023,202304,V044_시장금리_CD91일_연%|12m차,1.0,74,True
provinces,2023,202304,V045_시장금리_국고채3년_연%|수준,1.0,87,True
provinces,2023,202304,V045_시장금리_국고채3년_연%|12m차,1.0,87,True
provinces,2023,202304,V046_M2_통화량_십억원|12m로그변화,1.0,88,True
provinces,2023,202304,V048_소비자물가지수_2020=100|수준,1.0,83,True
provinces,2023,202304,V048_소비자물가지수_2020=100|12m차,1.0,87,True
provinces,2023,202304,V056_예금은행대출금리_주택담보_연리%|수준,1.0,66,True
provinces,2023,202304,V056_예금은행대출금리_주택담보_연리%|12m차,1.0,77,True
provinces,2023,202304,V057_예금은행대출금리_전세자금_연리%|수준,1.0,60,True
provinces,2023,202304,V057_예금은행대출금리_전세자금_연리%|12m차,0.9204545454545454,65,True
provinces,2023,202304,V059_비은행대출금리_주택담보_연리%|수준,1.0,72,True
provinces,2023,202304,V059_비은행대출금리_주택담보_연리%|12m차,1.0,73,True
provinces,2023,202304,V061_주택가격전망CSI_서울|수준,1.0,39,True
provinces,2023,202304,V061_주택가격전망CSI_서울|12m차,1.0,46,True
provinces,2023,202304,V062_주택가격전망CSI_6대광역시|수준,1.0,45,True
provinces,2023,202304,V062_주택가격전망CSI_6대광역시|12m차,1.0,51,True
provinces,2023,202304,V063_주택가격전망CSI_기타도시|수준,1.0,41,True
provinces,2023,202304,V063_주택가격전망CSI_기타도시|12m차,1.0,49,True
provinces,2023,202304,V064_KOSPI_종가_1980.01.04=100|수준,1.0,88,True
provinces,2023,202304,V064_KOSPI_종가_1980.01.04=100|12m차,1.0,88,True
provinces,2023,202304,V066_임금총액_사업체노동력_원|12m로그변화,1.0,88,True
provinces,2023,202304,V067_선행지수순환변동치_2020=100|수준,1.0,39,True
provinces,2023,202304,V067_선행지수순환변동치_2020=100|12m차,1.0,53,True
provinces,2023,202304,V069_예금취급기관_가계대출_십억원|12m로그변화,1.0,88,True
provinces,2023,202304,V069_예금취급기관_주택관련대출_십억원|12m로그변화,1.0,88,True
provinces,2023,202304,V070_수출금액_천불|12m로그변화,1.0,88,True
provinces,2023,202304,V071_정책대출_주금공_주택도시기금_십억원|12m로그변화,0.8522727272727273,75,True
provinces,2023,202304,V047_가계신용_총액_십억원|12m로그변화,1.0,30,True
provinces,2023,202304,V049_시간당명목임금지수_2020=100|수준,1.0,29,True
provinces,2023,202304,V049_시간당명목임금지수_2020=100|12m차,1.0,27,True
provinces,2023,202304,V060_대출태도_국내은행_가계주택|수준,1.0,23,True
provinces,2023,202304,V060_대출태도_국내은행_가계주택|12m차,1.0,27,True
provinces,2023,202304,V074_가계동향_도시2인이상_월평균소득_원|수준,0.6590909090909091,20,False
provinces,2023,202304,V074_가계동향_도시2인이상_월평균소득_원|12m차,0.6590909090909091,20,False
provinces,2023,202304,V074_연결_월평균소득_원|12m로그변화,1.0,30,True
provinces,2023,202304,V015_1인당GRDP_천원|12m로그변화,0.9966577540106952,135,True
provinces,2023,202304,V017_1인당가계총처분가능소득_천원|12m로그변화,0.9966577540106952,135,True
provinces,2023,202304,V024_주거용신축허가_동수_동|12m로그변화,0.058823529411764705,8,False
provinces,2023,202304,V024_주거용신축허가_연면적_㎡|12m로그변화,0.058823529411764705,8,False
provinces,2023,202304,V072_총조사_가구수_가구|12m로그변화,0.7272727272727273,102,True
provinces,2023,202304,V072_총조사_주택수_호|12m로그변화,0.7272727272727273,102,True
provinces,2023,202304,V076_공공+민간총계(DT_MLTM_7174)_호|12m로그변화,0.0,0,False
provinces,2023,202304,V076_공공임대계(DT_MLTM_7174)_호|12m로그변화,0.0,0,False
provinces,2023,202304,V076_민간임대계(DT_MLTM_7174)_호|12m로그변화,0.0,0,False
provinces,2023,202304,V076_민간임대(DT_MLTM_6827합계)_호|12m로그변화,0.0,0,False
provinces,2023,202304,V077_임대주택건설공급_총계_호|12m로그변화,0.875,119,True
provinces,2023,202304,V072_총조사단순주택수가구수비율|12m로그변화,0.7272727272727273,102,True
provinces,2023,202304,V024_주거용신축허가_동수_천세대당|수준,0.058823529411764705,8,False
provinces,2023,202304,V024_주거용신축허가_동수_천세대당|12m차,0.058823529411764705,8,False
provinces,2023,202304,V076_공공+민간총계(DT_MLTM_7174)_천세대당|수준,0.0,0,False
provinces,2023,202304,V076_공공+민간총계(DT_MLTM_7174)_천세대당|12m차,0.0,0,False
provinces,2023,202304,V076_공공임대계(DT_MLTM_7174)_천세대당|수준,0.0,0,False
provinces,2023,202304,V076_공공임대계(DT_MLTM_7174)_천세대당|12m차,0.0,0,False
provinces,2023,202304,V076_민간임대계(DT_MLTM_7174)_천세대당|수준,0.0,0,False
provinces,2023,202304,V076_민간임대계(DT_MLTM_7174)_천세대당|12m차,0.0,0,False
provinces,2023,202304,V076_민간임대(DT_MLTM_6827합계)_천세대당|수준,0.125,17,False
provinces,2023,202304,V076_민간임대(DT_MLTM_6827합계)_천세대당|12m차,0.0,0,False
provinces,2023,202304,V077_임대주택건설공급_총계_천세대당|수준,0.875,119,True
provinces,2023,202304,V077_임대주택건설공급_총계_천세대당|12m차,0.875,119,True
provinces,2023,202304,V015_전국대비|수준,1.0,136,True
provinces,2023,202304,V015_전국대비|12m차,0.9966577540106952,135,True
provinces,2023,202304,V017_전국대비|수준,1.0,135,True
provinces,2023,202304,V017_전국대비|12m차,0.9966577540106952,135,True
provinces,2023,202304,V072_공식주택보급률_%|수준,0.9886363636363636,134,True
provinces,2023,202304,V072_공식주택보급률_%|12m차,0.9806149732620321,133,True
provinces,2023,202304,D_CSI_전신계열,1.0,1,False
provinces,2023,202304,D_Wage_10th,1.0,2,True
provinces,2023,202304,D_Wage_11th,1.0,1,False
provinces,2023,202304,M10_rent_growth_1m,0.9886363636363636,1479,True
provinces,2023,202304,M10_rent_growth_6m,0.9318181818181818,1394,True
provinces,2023,202307,V003_전세가율_%|수준,1.0,256,True
provinces,2023,202307,V003_전세가율_%|12m차,1.0,255,True
provinces,2023,202307,V004_지역별전월세전환율_%|수준,1.0,868,True
provinces,2023,202307,V004_지역별전월세전환율_%|12m차,1.0,1369,True
provinces,2023,202307,V005_월세수급동향|수준,0.989010989010989,1355,True
provinces,2023,202307,V005_월세수급동향|12m차,0.8571428571428571,1317,True
provinces,2023,202307,V009_주민등록인구_명|12m로그변화,1.0,1547,True
provinces,2023,202307,V010_주민등록세대수_세대|12m로그변화,1.0,1547,True
provinces,2023,202307,V011_20-29세_명|12m로그변화,1.0,1547,True
provinces,2023,202307,V011_20-39세_명|12m로그변화,1.0,1547,True
provinces,2023,202307,V011_20-39세비중_%|수준,1.0,1547,True
provinces,2023,202307,V011_20-39세비중_%|12m차,1.0,1547,True
provinces,2023,202307,V011_30-39세_명|12m로그변화,1.0,1547,True
provinces,2023,202307,V012_순이동자수_명|천명당12개월,1.0,1547,True
provinces,2023,202307,V013_고용률_%|수준,0.9877181641887525,168,True
provinces,2023,202307,V013_고용률_%|12m차,0.9799612152553329,164,True
provinces,2023,202307,V013_취업자_천명|12m로그변화,0.9799612152553329,1515,True
provinces,2023,202307,V021_아파트_인허가_호|12개월누적log,1.0,1481,True
provinces,2023,202307,V021_아파트_인허가_호|12개월누적log_12m차,1.0,1531,True
provinces,2023,202307,V022_아파트_착공_호|12개월누적log,1.0,1468,True
provinces,2023,202307,V022_아파트_착공_호|12개월누적log_12m차,1.0,1520,True
provinces,2023,202307,V023_아파트_준공_호|12개월누적log,1.0,1483,True
provinces,2023,202307,V023_아파트_준공_호|12개월누적log_12m차,1.0,1544,True
provinces,2023,202307,V031_매매수급동향|수준,1.0,1386,True
provinces,2023,202307,V031_매매수급동향|12m차,1.0,1532,True
provinces,2023,202307,V032_전세수급동향|수준,1.0,1379,True
provinces,2023,202307,V032_전세수급동향|12m차,1.0,1528,True
provinces,2023,202307,V034_수급동향(구)_통합|수준,0.005171299288946348,8,False
provinces,2023,202307,V034_수급동향(구)_통합|12m차,0.005171299288946348,7,False
provinces,2023,202307,V035_아파트거래_동호수_호|12개월누적log,1.0,1531,True
provinces,2023,202307,V035_아파트거래_동호수_호|12개월누적log_12m차,1.0,1547,True
provinces,2023,202307,V035_아파트거래_면적_천㎡|12개월누적log,1.0,1384,True
provinces,2023,202307,V035_아파트거래_면적_천㎡|12개월누적log_12m차,1.0,1547,True
provinces,2023,202307,V036_아파트매매거래_동호수_호|12개월누적log,1.0,1516,True
provinces,2023,202307,V036_아파트매매거래_동호수_호|12개월누적log_12m차,1.0,1547,True
provinces,2023,202307,V036_아파트매매거래_면적_천㎡|12개월누적log,1.0,1239,True
provinces,2023,202307,V036_아파트매매거래_면적_천㎡|12개월누적log_12m차,1.0,1543,True
provinces,2023,202307,V037_주택시장_소비심리지수|수준,0.9457013574660633,572,True
provinces,2023,202307,V037_주택시장_소비심리지수|12m차,0.9301874595992243,855,True
provinces,2023,202307,V038_미분양주택현황_호|log,0.9980607627666451,1231,True
provinces,2023,202307,V038_미분양주택현황_호|log_12m차,0.9961215255332903,1474,True
provinces,2023,202307,V050_지역별_주택관련대출_예금은행_십억원|12m로그변화,1.0,1547,True
provinces,2023,202307,V043_한국은행_기준금리_연%|수준,1.0,11,True
provinces,2023,202307,V043_한국은행_기준금리_연%|12m차,1.0,13,True
provinces,2023,202307,V044_시장금리_CD91일_연%|수준,1.0,58,True
provinces,2023,202307,V044_시장금리_CD91일_연%|12m차,1.0,77,True
provinces,2023,202307,V045_시장금리_국고채3년_연%|수준,1.0,90,True
provinces,2023,202307,V045_시장금리_국고채3년_연%|12m차,1.0,90,True
provinces,2023,202307,V046_M2_통화량_십억원|12m로그변화,1.0,91,True
provinces,2023,202307,V048_소비자물가지수_2020=100|수준,1.0,86,True
provinces,2023,202307,V048_소비자물가지수_2020=100|12m차,1.0,90,True
provinces,2023,202307,V056_예금은행대출금리_주택담보_연리%|수준,1.0,69,True
provinces,2023,202307,V056_예금은행대출금리_주택담보_연리%|12m차,1.0,80,True
provinces,2023,202307,V057_예금은행대출금리_전세자금_연리%|수준,1.0,63,True
provinces,2023,202307,V057_예금은행대출금리_전세자금_연리%|12m차,0.9230769230769231,68,True
provinces,2023,202307,V059_비은행대출금리_주택담보_연리%|수준,1.0,74,True
provinces,2023,202307,V059_비은행대출금리_주택담보_연리%|12m차,1.0,76,True
provinces,2023,202307,V061_주택가격전망CSI_서울|수준,1.0,41,True
provinces,2023,202307,V061_주택가격전망CSI_서울|12m차,1.0,48,True
provinces,2023,202307,V062_주택가격전망CSI_6대광역시|수준,1.0,48,True
provinces,2023,202307,V062_주택가격전망CSI_6대광역시|12m차,1.0,54,True
provinces,2023,202307,V063_주택가격전망CSI_기타도시|수준,1.0,44,True
provinces,2023,202307,V063_주택가격전망CSI_기타도시|12m차,1.0,52,True
provinces,2023,202307,V064_KOSPI_종가_1980.01.04=100|수준,1.0,91,True
provinces,2023,202307,V064_KOSPI_종가_1980.01.04=100|12m차,1.0,91,True
provinces,2023,202307,V066_임금총액_사업체노동력_원|12m로그변화,1.0,91,True
provinces,2023,202307,V067_선행지수순환변동치_2020=100|수준,1.0,39,True
provinces,2023,202307,V067_선행지수순환변동치_2020=100|12m차,1.0,54,True
provinces,2023,202307,V069_예금취급기관_가계대출_십억원|12m로그변화,1.0,91,True
provinces,2023,202307,V069_예금취급기관_주택관련대출_십억원|12m로그변화,1.0,91,True
provinces,2023,202307,V070_수출금액_천불|12m로그변화,1.0,91,True
provinces,2023,202307,V071_정책대출_주금공_주택도시기금_십억원|12m로그변화,0.8571428571428571,78,True
provinces,2023,202307,V047_가계신용_총액_십억원|12m로그변화,1.0,31,True
provinces,2023,202307,V049_시간당명목임금지수_2020=100|수준,1.0,30,True
provinces,2023,202307,V049_시간당명목임금지수_2020=100|12m차,1.0,28,True
provinces,2023,202307,V060_대출태도_국내은행_가계주택|수준,1.0,24,True
provinces,2023,202307,V060_대출태도_국내은행_가계주택|12m차,1.0,28,True
provinces,2023,202307,V074_가계동향_도시2인이상_월평균소득_원|수준,0.6373626373626373,20,False
provinces,2023,202307,V074_가계동향_도시2인이상_월평균소득_원|12m차,0.6373626373626373,20,False
provinces,2023,202307,V074_연결_월평균소득_원|12m로그변화,1.0,31,True
provinces,2023,202307,V015_1인당GRDP_천원|12m로그변화,0.9967679379444085,152,True
provinces,2023,202307,V017_1인당가계총처분가능소득_천원|12m로그변화,0.9967679379444085,152,True
provinces,2023,202307,V024_주거용신축허가_동수_동|12m로그변화,0.058823529411764705,9,False
provinces,2023,202307,V024_주거용신축허가_연면적_㎡|12m로그변화,0.058823529411764705,9,False
provinces,2023,202307,V072_총조사_가구수_가구|12m로그변화,0.7362637362637363,102,True
provinces,2023,202307,V072_총조사_주택수_호|12m로그변화,0.7362637362637363,102,True
provinces,2023,202307,V076_공공+민간총계(DT_MLTM_7174)_호|12m로그변화,0.0,0,False
provinces,2023,202307,V076_공공임대계(DT_MLTM_7174)_호|12m로그변화,0.0,0,False
provinces,2023,202307,V076_민간임대계(DT_MLTM_7174)_호|12m로그변화,0.0,0,False
provinces,2023,202307,V076_민간임대(DT_MLTM_6827합계)_호|12m로그변화,0.02197802197802198,17,False
provinces,2023,202307,V077_임대주택건설공급_총계_호|12m로그변화,0.8461538461538461,119,True
provinces,2023,202307,V072_총조사단순주택수가구수비율|12m로그변화,0.7362637362637363,102,True
provinces,2023,202307,V024_주거용신축허가_동수_천세대당|수준,0.058823529411764705,9,False
provinces,2023,202307,V024_주거용신축허가_동수_천세대당|12m차,0.058823529411764705,9,False
provinces,2023,202307,V076_공공+민간총계(DT_MLTM_7174)_천세대당|수준,0.0,0,False
provinces,2023,202307,V076_공공+민간총계(DT_MLTM_7174)_천세대당|12m차,0.0,0,False
provinces,2023,202307,V076_공공임대계(DT_MLTM_7174)_천세대당|수준,0.0,0,False
provinces,2023,202307,V076_공공임대계(DT_MLTM_7174)_천세대당|12m차,0.0,0,False
provinces,2023,202307,V076_민간임대계(DT_MLTM_7174)_천세대당|수준,0.0,0,False
provinces,2023,202307,V076_민간임대계(DT_MLTM_7174)_천세대당|12m차,0.0,0,False
provinces,2023,202307,V076_민간임대(DT_MLTM_6827합계)_천세대당|수준,0.15384615384615385,34,False
provinces,2023,202307,V076_민간임대(DT_MLTM_6827합계)_천세대당|12m차,0.02197802197802198,17,False
provinces,2023,202307,V077_임대주택건설공급_총계_천세대당|수준,0.8461538461538461,119,True
provinces,2023,202307,V077_임대주택건설공급_총계_천세대당|12m차,0.8461538461538461,119,True
provinces,2023,202307,V015_전국대비|수준,1.0,153,True
provinces,2023,202307,V015_전국대비|12m차,0.9967679379444085,152,True
provinces,2023,202307,V017_전국대비|수준,1.0,152,True
provinces,2023,202307,V017_전국대비|12m차,0.9967679379444085,152,True
provinces,2023,202307,V072_공식주택보급률_%|수준,0.989010989010989,151,True
provinces,2023,202307,V072_공식주택보급률_%|12m차,0.9812540400775694,150,True
provinces,2023,202307,D_CSI_전신계열,1.0,1,False
provinces,2023,202307,D_Wage_10th,1.0,2,True
provinces,2023,202307,D_Wage_11th,1.0,1,False
provinces,2023,202307,M10_rent_growth_1m,0.989010989010989,1530,True
provinces,2023,202307,M10_rent_growth_6m,0.9340659340659341,1445,True
provinces,2023,202310,V003_전세가율_%|수준,1.0,261,True
provinces,2023,202310,V003_전세가율_%|12m차,1.0,259,True
provinces,2023,202310,V004_지역별전월세전환율_%|수준,1.0,902,True
provinces,2023,202310,V004_지역별전월세전환율_%|12m차,1.0,1420,True
provinces,2023,202310,V005_월세수급동향|수준,0.9893617021276596,1406,True
provinces,2023,202310,V005_월세수급동향|12m차,0.8617021276595744,1368,True
provinces,2023,202310,V009_주민등록인구_명|12m로그변화,1.0,1598,True
provinces,2023,202310,V010_주민등록세대수_세대|12m로그변화,1.0,1598,True
provinces,2023,202310,V011_20-29세_명|12m로그변화,1.0,1598,True
provinces,2023,202310,V011_20-39세_명|12m로그변화,1.0,1598,True
provinces,2023,202310,V011_20-39세비중_%|수준,1.0,1598,True
provinces,2023,202310,V011_20-39세비중_%|12m차,1.0,1598,True
provinces,2023,202310,V011_30-39세_명|12m로그변화,1.0,1598,True
provinces,2023,202310,V012_순이동자수_명|천명당12개월,1.0,1598,True
provinces,2023,202310,V013_고용률_%|수준,0.9881101376720901,171,True
provinces,2023,202310,V013_고용률_%|12m차,0.9806007509386734,164,True
provinces,2023,202310,V013_취업자_천명|12m로그변화,0.9806007509386734,1566,True
provinces,2023,202310,V021_아파트_인허가_호|12개월누적log,1.0,1530,True
provinces,2023,202310,V021_아파트_인허가_호|12개월누적log_12m차,1.0,1580,True
provinces,2023,202310,V022_아파트_착공_호|12개월누적log,1.0,1510,True
provinces,2023,202310,V022_아파트_착공_호|12개월누적log_12m차,1.0,1569,True
provinces,2023,202310,V023_아파트_준공_호|12개월누적log,1.0,1526,True
provinces,2023,202310,V023_아파트_준공_호|12개월누적log_12m차,1.0,1595,True
provinces,2023,202310,V031_매매수급동향|수준,1.0,1437,True
provinces,2023,202310,V031_매매수급동향|12m차,1.0,1583,True
provinces,2023,202310,V032_전세수급동향|수준,1.0,1427,True
provinces,2023,202310,V032_전세수급동향|12m차,1.0,1579,True
provinces,2023,202310,V034_수급동향(구)_통합|수준,0.0050062578222778474,8,False
provinces,2023,202310,V034_수급동향(구)_통합|12m차,0.0050062578222778474,7,False
provinces,2023,202310,V035_아파트거래_동호수_호|12개월누적log,1.0,1581,True
provinces,2023,202310,V035_아파트거래_동호수_호|12개월누적log_12m차,1.0,1598,True
provinces,2023,202310,V035_아파트거래_면적_천㎡|12개월누적log,1.0,1427,True
provinces,2023,202310,V035_아파트거래_면적_천㎡|12개월누적log_12m차,1.0,1597,True
provinces,2023,202310,V036_아파트매매거래_동호수_호|12개월누적log,1.0,1562,True
provinces,2023,202310,V036_아파트매매거래_동호수_호|12개월누적log_12m차,1.0,1598,True
provinces,2023,202310,V036_아파트매매거래_면적_천㎡|12개월누적log,1.0,1276,True
provinces,2023,202310,V036_아파트매매거래_면적_천㎡|12개월누적log_12m차,1.0,1594,True
provinces,2023,202310,V037_주택시장_소비심리지수|수준,0.9474342928660826,578,True
provinces,2023,202310,V037_주택시장_소비심리지수|12m차,0.932415519399249,863,True
provinces,2023,202310,V038_미분양주택현황_호|log,0.9981226533166458,1277,True
provinces,2023,202310,V038_미분양주택현황_호|log_12m차,0.9962453066332916,1525,True
provinces,2023,202310,V050_지역별_주택관련대출_예금은행_십억원|12m로그변화,1.0,1598,True
provinces,2023,202310,V043_한국은행_기준금리_연%|수준,1.0,11,True
provinces,2023,202310,V043_한국은행_기준금리_연%|12m차,1.0,14,True
provinces,2023,202310,V044_시장금리_CD91일_연%|수준,1.0,61,True
provinces,2023,202310,V044_시장금리_CD91일_연%|12m차,1.0,79,True
provinces,2023,202310,V045_시장금리_국고채3년_연%|수준,1.0,93,True
provinces,2023,202310,V045_시장금리_국고채3년_연%|12m차,1.0,93,True
provinces,2023,202310,V046_M2_통화량_십억원|12m로그변화,1.0,94,True
provinces,2023,202310,V048_소비자물가지수_2020=100|수준,1.0,89,True
provinces,2023,202310,V048_소비자물가지수_2020=100|12m차,1.0,92,True
provinces,2023,202310,V056_예금은행대출금리_주택담보_연리%|수준,1.0,72,True
provinces,2023,202310,V056_예금은행대출금리_주택담보_연리%|12m차,1.0,83,True
provinces,2023,202310,V057_예금은행대출금리_전세자금_연리%|수준,1.0,66,True
provinces,2023,202310,V057_예금은행대출금리_전세자금_연리%|12m차,0.925531914893617,71,True
provinces,2023,202310,V059_비은행대출금리_주택담보_연리%|수준,1.0,77,True
provinces,2023,202310,V059_비은행대출금리_주택담보_연리%|12m차,1.0,79,True
provinces,2023,202310,V061_주택가격전망CSI_서울|수준,1.0,42,True
provinces,2023,202310,V061_주택가격전망CSI_서울|12m차,1.0,49,True
provinces,2023,202310,V062_주택가격전망CSI_6대광역시|수준,1.0,50,True
provinces,2023,202310,V062_주택가격전망CSI_6대광역시|12m차,1.0,55,True
provinces,2023,202310,V063_주택가격전망CSI_기타도시|수준,1.0,47,True
provinces,2023,202310,V063_주택가격전망CSI_기타도시|12m차,1.0,54,True
provinces,2023,202310,V064_KOSPI_종가_1980.01.04=100|수준,1.0,94,True
provinces,2023,202310,V064_KOSPI_종가_1980.01.04=100|12m차,1.0,94,True
provinces,2023,202310,V066_임금총액_사업체노동력_원|12m로그변화,1.0,94,True
provinces,2023,202310,V067_선행지수순환변동치_2020=100|수준,1.0,39,True
provinces,2023,202310,V067_선행지수순환변동치_2020=100|12m차,1.0,54,True
provinces,2023,202310,V069_예금취급기관_가계대출_십억원|12m로그변화,1.0,94,True
provinces,2023,202310,V069_예금취급기관_주택관련대출_십억원|12m로그변화,1.0,94,True
provinces,2023,202310,V070_수출금액_천불|12m로그변화,1.0,94,True
provinces,2023,202310,V071_정책대출_주금공_주택도시기금_십억원|12m로그변화,0.8617021276595744,81,True
provinces,2023,202310,V047_가계신용_총액_십억원|12m로그변화,1.0,32,True
provinces,2023,202310,V049_시간당명목임금지수_2020=100|수준,1.0,31,True
provinces,2023,202310,V049_시간당명목임금지수_2020=100|12m차,1.0,29,True
provinces,2023,202310,V060_대출태도_국내은행_가계주택|수준,1.0,24,True
provinces,2023,202310,V060_대출태도_국내은행_가계주택|12m차,1.0,29,True
provinces,2023,202310,V074_가계동향_도시2인이상_월평균소득_원|수준,0.6170212765957447,20,False
provinces,2023,202310,V074_가계동향_도시2인이상_월평균소득_원|12m차,0.6170212765957447,20,False
provinces,2023,202310,V074_연결_월평균소득_원|12m로그변화,1.0,32,True
provinces,2023,202310,V015_1인당GRDP_천원|12m로그변화,0.9968710888610763,152,True
provinces,2023,202310,V017_1인당가계총처분가능소득_천원|12m로그변화,0.9968710888610763,152,True
provinces,2023,202310,V024_주거용신축허가_동수_동|12m로그변화,0.058823529411764705,9,False
provinces,2023,202310,V024_주거용신축허가_연면적_㎡|12m로그변화,0.058823529411764705,9,False
provinces,2023,202310,V072_총조사_가구수_가구|12m로그변화,0.7446808510638298,102,True
provinces,2023,202310,V072_총조사_주택수_호|12m로그변화,0.7446808510638298,102,True
provinces,2023,202310,V076_공공+민간총계(DT_MLTM_7174)_호|12m로그변화,0.0,0,False
provinces,2023,202310,V076_공공임대계(DT_MLTM_7174)_호|12m로그변화,0.0,0,False
provinces,2023,202310,V076_민간임대계(DT_MLTM_7174)_호|12m로그변화,0.0,0,False
provinces,2023,202310,V076_민간임대(DT_MLTM_6827합계)_호|12m로그변화,0.05319148936170213,17,False
provinces,2023,202310,V077_임대주택건설공급_총계_호|12m로그변화,0.8191489361702128,119,True
provinces,2023,202310,V072_총조사단순주택수가구수비율|12m로그변화,0.7446808510638298,102,True
provinces,2023,202310,V024_주거용신축허가_동수_천세대당|수준,0.058823529411764705,9,False
provinces,2023,202310,V024_주거용신축허가_동수_천세대당|12m차,0.058823529411764705,9,False
provinces,2023,202310,V076_공공+민간총계(DT_MLTM_7174)_천세대당|수준,0.0,0,False
provinces,2023,202310,V076_공공+민간총계(DT_MLTM_7174)_천세대당|12m차,0.0,0,False
provinces,2023,202310,V076_공공임대계(DT_MLTM_7174)_천세대당|수준,0.0,0,False
provinces,2023,202310,V076_공공임대계(DT_MLTM_7174)_천세대당|12m차,0.0,0,False
provinces,2023,202310,V076_민간임대계(DT_MLTM_7174)_천세대당|수준,0.0,0,False
provinces,2023,202310,V076_민간임대계(DT_MLTM_7174)_천세대당|12m차,0.0,0,False
provinces,2023,202310,V076_민간임대(DT_MLTM_6827합계)_천세대당|수준,0.18085106382978725,34,False
provinces,2023,202310,V076_민간임대(DT_MLTM_6827합계)_천세대당|12m차,0.05319148936170213,17,False
provinces,2023,202310,V077_임대주택건설공급_총계_천세대당|수준,0.8191489361702128,119,True
provinces,2023,202310,V077_임대주택건설공급_총계_천세대당|12m차,0.8191489361702128,119,True
provinces,2023,202310,V015_전국대비|수준,1.0,153,True
provinces,2023,202310,V015_전국대비|12m차,0.9968710888610763,152,True
provinces,2023,202310,V017_전국대비|수준,1.0,152,True
provinces,2023,202310,V017_전국대비|12m차,0.9968710888610763,152,True
provinces,2023,202310,V072_공식주택보급률_%|수준,0.9893617021276596,151,True
provinces,2023,202310,V072_공식주택보급률_%|12m차,0.9818523153942428,150,True
provinces,2023,202310,D_CSI_전신계열,1.0,1,False
provinces,2023,202310,D_Wage_10th,1.0,2,True
provinces,2023,202310,D_Wage_11th,1.0,1,False
provinces,2023,202310,M10_rent_growth_1m,0.9893617021276596,1581,True
provinces,2023,202310,M10_rent_growth_6m,0.9361702127659575,1496,True
provinces,2024,202401,V003_전세가율_%|수준,1.0,269,True
provinces,2024,202401,V003_전세가율_%|12m차,1.0,262,True
provinces,2024,202401,V004_지역별전월세전환율_%|수준,1.0,932,True
provinces,2024,202401,V004_지역별전월세전환율_%|12m차,1.0,1471,True
provinces,2024,202401,V005_월세수급동향|수준,0.9896907216494846,1454,True
provinces,2024,202401,V005_월세수급동향|12m차,0.865979381443299,1419,True
provinces,2024,202401,V009_주민등록인구_명|12m로그변화,1.0,1649,True
provinces,2024,202401,V010_주민등록세대수_세대|12m로그변화,1.0,1649,True
provinces,2024,202401,V011_20-29세_명|12m로그변화,1.0,1649,True
provinces,2024,202401,V011_20-39세_명|12m로그변화,1.0,1649,True
provinces,2024,202401,V011_20-39세비중_%|수준,1.0,1649,True
provinces,2024,202401,V011_20-39세비중_%|12m차,1.0,1649,True
provinces,2024,202401,V011_30-39세_명|12m로그변화,1.0,1649,True
provinces,2024,202401,V012_순이동자수_명|천명당12개월,1.0,1649,True
provinces,2024,202401,V013_고용률_%|수준,0.9884778653729533,173,True
provinces,2024,202401,V013_고용률_%|12m차,0.9812007277137659,165,True
provinces,2024,202401,V013_취업자_천명|12m로그변화,0.9812007277137659,1617,True
provinces,2024,202401,V021_아파트_인허가_호|12개월누적log,1.0,1575,True
provinces,2024,202401,V021_아파트_인허가_호|12개월누적log_12m차,1.0,1631,True
provinces,2024,202401,V022_아파트_착공_호|12개월누적log,1.0,1556,True
provinces,2024,202401,V022_아파트_착공_호|12개월누적log_12m차,1.0,1617,True
provinces,2024,202401,V023_아파트_준공_호|12개월누적log,1.0,1573,True
provinces,2024,202401,V023_아파트_준공_호|12개월누적log_12m차,1.0,1645,True
provinces,2024,202401,V031_매매수급동향|수준,1.0,1486,True
provinces,2024,202401,V031_매매수급동향|12m차,1.0,1634,True
provinces,2024,202401,V032_전세수급동향|수준,1.0,1477,True
provinces,2024,202401,V032_전세수급동향|12m차,1.0,1630,True
provinces,2024,202401,V034_수급동향(구)_통합|수준,0.004851425106124924,8,False
provinces,2024,202401,V034_수급동향(구)_통합|12m차,0.004851425106124924,7,False
provinces,2024,202401,V035_아파트거래_동호수_호|12개월누적log,1.0,1632,True
provinces,2024,202401,V035_아파트거래_동호수_호|12개월누적log_12m차,1.0,1649,True
provinces,2024,202401,V035_아파트거래_면적_천㎡|12개월누적log,1.0,1465,True
provinces,2024,202401,V035_아파트거래_면적_천㎡|12개월누적log_12m차,1.0,1648,True
provinces,2024,202401,V036_아파트매매거래_동호수_호|12개월누적log,1.0,1609,True
provinces,2024,202401,V036_아파트매매거래_동호수_호|12개월누적log_12m차,1.0,1649,True
provinces,2024,202401,V036_아파트매매거래_면적_천㎡|12개월누적log,1.0,1311,True
provinces,2024,202401,V036_아파트매매거래_면적_천㎡|12개월누적log_12m차,1.0,1645,True
provinces,2024,202401,V037_주택시장_소비심리지수|수준,0.9490600363856883,580,True
provinces,2024,202401,V037_주택시장_소비심리지수|12m차,0.9345057610673135,874,True
provinces,2024,202401,V038_미분양주택현황_호|log,0.9981807155852032,1324,True
provinces,2024,202401,V038_미분양주택현황_호|log_12m차,0.9963614311704063,1576,True
provinces,2024,202401,V050_지역별_주택관련대출_예금은행_십억원|12m로그변화,1.0,1649,True
provinces,2024,202401,V043_한국은행_기준금리_연%|수준,1.0,11,True
provinces,2024,202401,V043_한국은행_기준금리_연%|12m차,1.0,14,True
provinces,2024,202401,V044_시장금리_CD91일_연%|수준,1.0,63,True
provinces,2024,202401,V044_시장금리_CD91일_연%|12m차,1.0,82,True
provinces,2024,202401,V045_시장금리_국고채3년_연%|수준,1.0,96,True
provinces,2024,202401,V045_시장금리_국고채3년_연%|12m차,1.0,96,True
provinces,2024,202401,V046_M2_통화량_십억원|12m로그변화,1.0,97,True
provinces,2024,202401,V048_소비자물가지수_2020=100|수준,1.0,92,True
provinces,2024,202401,V048_소비자물가지수_2020=100|12m차,1.0,95,True
provinces,2024,202401,V056_예금은행대출금리_주택담보_연리%|수준,1.0,75,True
provinces,2024,202401,V056_예금은행대출금리_주택담보_연리%|12m차,1.0,85,True
provinces,2024,202401,V057_예금은행대출금리_전세자금_연리%|수준,1.0,69,True
provinces,2024,202401,V057_예금은행대출금리_전세자금_연리%|12m차,0.9278350515463918,74,True
provinces,2024,202401,V059_비은행대출금리_주택담보_연리%|수준,1.0,80,True
provinces,2024,202401,V059_비은행대출금리_주택담보_연리%|12m차,1.0,82,True
provinces,2024,202401,V061_주택가격전망CSI_서울|수준,1.0,42,True
provinces,2024,202401,V061_주택가격전망CSI_서울|12m차,1.0,50,True
provinces,2024,202401,V062_주택가격전망CSI_6대광역시|수준,1.0,50,True
provinces,2024,202401,V062_주택가격전망CSI_6대광역시|12m차,1.0,55,True
provinces,2024,202401,V063_주택가격전망CSI_기타도시|수준,1.0,47,True
provinces,2024,202401,V063_주택가격전망CSI_기타도시|12m차,1.0,54,True
provinces,2024,202401,V064_KOSPI_종가_1980.01.04=100|수준,1.0,97,True
provinces,2024,202401,V064_KOSPI_종가_1980.01.04=100|12m차,1.0,97,True
provinces,2024,202401,V066_임금총액_사업체노동력_원|12m로그변화,1.0,97,True
provinces,2024,202401,V067_선행지수순환변동치_2020=100|수준,1.0,40,True
provinces,2024,202401,V067_선행지수순환변동치_2020=100|12m차,1.0,54,True
provinces,2024,202401,V069_예금취급기관_가계대출_십억원|12m로그변화,1.0,97,True
provinces,2024,202401,V069_예금취급기관_주택관련대출_십억원|12m로그변화,1.0,97,True
provinces,2024,202401,V070_수출금액_천불|12m로그변화,1.0,97,True
provinces,2024,202401,V071_정책대출_주금공_주택도시기금_십억원|12m로그변화,0.865979381443299,84,True
provinces,2024,202401,V047_가계신용_총액_십억원|12m로그변화,1.0,33,True
provinces,2024,202401,V049_시간당명목임금지수_2020=100|수준,1.0,32,True
provinces,2024,202401,V049_시간당명목임금지수_2020=100|12m차,1.0,30,True
provinces,2024,202401,V060_대출태도_국내은행_가계주택|수준,1.0,25,True
provinces,2024,202401,V060_대출태도_국내은행_가계주택|12m차,1.0,30,True
provinces,2024,202401,V074_가계동향_도시2인이상_월평균소득_원|수준,0.5979381443298969,20,False
provinces,2024,202401,V074_가계동향_도시2인이상_월평균소득_원|12m차,0.5979381443298969,20,False
provinces,2024,202401,V074_연결_월평균소득_원|12m로그변화,1.0,33,True
provinces,2024,202401,V015_1인당GRDP_천원|12m로그변화,0.9969678593086719,152,True
provinces,2024,202401,V017_1인당가계총처분가능소득_천원|12m로그변화,0.9969678593086719,152,True
provinces,2024,202401,V024_주거용신축허가_동수_동|12m로그변화,0.058823529411764705,9,False
provinces,2024,202401,V024_주거용신축허가_연면적_㎡|12m로그변화,0.058823529411764705,9,False
provinces,2024,202401,V072_총조사_가구수_가구|12m로그변화,0.7525773195876289,119,True
provinces,2024,202401,V072_총조사_주택수_호|12m로그변화,0.7525773195876289,119,True
provinces,2024,202401,V076_공공+민간총계(DT_MLTM_7174)_호|12m로그변화,0.0,0,False
provinces,2024,202401,V076_공공임대계(DT_MLTM_7174)_호|12m로그변화,0.0,0,False
provinces,2024,202401,V076_민간임대계(DT_MLTM_7174)_호|12m로그변화,0.0,0,False
provinces,2024,202401,V076_민간임대(DT_MLTM_6827합계)_호|12m로그변화,0.08247422680412371,17,False
provinces,2024,202401,V077_임대주택건설공급_총계_호|12m로그변화,0.7938144329896907,119,True
provinces,2024,202401,V072_총조사단순주택수가구수비율|12m로그변화,0.7525773195876289,119,True
provinces,2024,202401,V024_주거용신축허가_동수_천세대당|수준,0.058823529411764705,9,False
provinces,2024,202401,V024_주거용신축허가_동수_천세대당|12m차,0.058823529411764705,9,False
provinces,2024,202401,V076_공공+민간총계(DT_MLTM_7174)_천세대당|수준,0.0,0,False
provinces,2024,202401,V076_공공+민간총계(DT_MLTM_7174)_천세대당|12m차,0.0,0,False
provinces,2024,202401,V076_공공임대계(DT_MLTM_7174)_천세대당|수준,0.0,0,False
provinces,2024,202401,V076_공공임대계(DT_MLTM_7174)_천세대당|12m차,0.0,0,False
provinces,2024,202401,V076_민간임대계(DT_MLTM_7174)_천세대당|수준,0.0,0,False
provinces,2024,202401,V076_민간임대계(DT_MLTM_7174)_천세대당|12m차,0.0,0,False
provinces,2024,202401,V076_민간임대(DT_MLTM_6827합계)_천세대당|수준,0.20618556701030927,34,False
provinces,2024,202401,V076_민간임대(DT_MLTM_6827합계)_천세대당|12m차,0.08247422680412371,17,False
provinces,2024,202401,V077_임대주택건설공급_총계_천세대당|수준,0.7938144329896907,119,True
provinces,2024,202401,V077_임대주택건설공급_총계_천세대당|12m차,0.7938144329896907,119,True
provinces,2024,202401,V015_전국대비|수준,1.0,153,True
provinces,2024,202401,V015_전국대비|12m차,0.9969678593086719,152,True
provinces,2024,202401,V017_전국대비|수준,1.0,152,True
provinces,2024,202401,V017_전국대비|12m차,0.9969678593086719,152,True
provinces,2024,202401,V072_공식주택보급률_%|수준,0.9896907216494846,151,True
provinces,2024,202401,V072_공식주택보급률_%|12m차,0.9824135839902971,150,True
provinces,2024,202401,D_CSI_전신계열,1.0,1,False
provinces,2024,202401,D_Wage_10th,1.0,2,True
provinces,2024,202401,D_Wage_11th,1.0,1,False
provinces,2024,202401,M10_rent_growth_1m,0.9896907216494846,1632,True
provinces,2024,202401,M10_rent_growth_6m,0.9381443298969072,1547,True
provinces,2024,202404,V003_전세가율_%|수준,1.0,274,True
provinces,2024,202404,V003_전세가율_%|12m차,1.0,265,True
provinces,2024,202404,V004_지역별전월세전환율_%|수준,1.0,955,True
provinces,2024,202404,V004_지역별전월세전환율_%|12m차,1.0,1517,True
provinces,2024,202404,V005_월세수급동향|수준,0.99,1501,True
provinces,2024,202404,V005_월세수급동향|12m차,0.87,1470,True
provinces,2024,202404,V009_주민등록인구_명|12m로그변화,1.0,1700,True
provinces,2024,202404,V010_주민등록세대수_세대|12m로그변화,1.0,1700,True
provinces,2024,202404,V011_20-29세_명|12m로그변화,1.0,1700,True
provinces,2024,202404,V011_20-39세_명|12m로그변화,1.0,1700,True
provinces,2024,202404,V011_20-39세비중_%|수준,1.0,1700,True
provinces,2024,202404,V011_20-39세비중_%|12m차,1.0,1700,True
provinces,2024,202404,V011_30-39세_명|12m로그변화,1.0,1700,True
provinces,2024,202404,V012_순이동자수_명|천명당12개월,1.0,1700,True
provinces,2024,202404,V013_고용률_%|수준,0.9888235294117647,174,True
provinces,2024,202404,V013_고용률_%|12m차,0.981764705882353,166,True
provinces,2024,202404,V013_취업자_천명|12m로그변화,0.981764705882353,1668,True
provinces,2024,202404,V021_아파트_인허가_호|12개월누적log,1.0,1618,True
provinces,2024,202404,V021_아파트_인허가_호|12개월누적log_12m차,1.0,1680,True
provinces,2024,202404,V022_아파트_착공_호|12개월누적log,1.0,1603,True
provinces,2024,202404,V022_아파트_착공_호|12개월누적log_12m차,1.0,1667,True
provinces,2024,202404,V023_아파트_준공_호|12개월누적log,1.0,1619,True
provinces,2024,202404,V023_아파트_준공_호|12개월누적log_12m차,1.0,1694,True
provinces,2024,202404,V031_매매수급동향|수준,1.0,1536,True
provinces,2024,202404,V031_매매수급동향|12m차,1.0,1685,True
provinces,2024,202404,V032_전세수급동향|수준,1.0,1525,True
provinces,2024,202404,V032_전세수급동향|12m차,1.0,1681,True
provinces,2024,202404,V034_수급동향(구)_통합|수준,0.004705882352941176,8,False
provinces,2024,202404,V034_수급동향(구)_통합|12m차,0.004705882352941176,7,False
provinces,2024,202404,V035_아파트거래_동호수_호|12개월누적log,1.0,1681,True
provinces,2024,202404,V035_아파트거래_동호수_호|12개월누적log_12m차,1.0,1700,True
provinces,2024,202404,V035_아파트거래_면적_천㎡|12개월누적log,1.0,1506,True
provinces,2024,202404,V035_아파트거래_면적_천㎡|12개월누적log_12m차,1.0,1699,True
provinces,2024,202404,V036_아파트매매거래_동호수_호|12개월누적log,1.0,1659,True
provinces,2024,202404,V036_아파트매매거래_동호수_호|12개월누적log_12m차,1.0,1700,True
provinces,2024,202404,V036_아파트매매거래_면적_천㎡|12개월누적log,1.0,1341,True
provinces,2024,202404,V036_아파트매매거래_면적_천㎡|12개월누적log_12m차,1.0,1696,True
provinces,2024,202404,V037_주택시장_소비심리지수|수준,0.9505882352941176,582,True
provinces,2024,202404,V037_주택시장_소비심리지수|12m차,0.9364705882352942,892,True
provinces,2024,202404,V038_미분양주택현황_호|log,0.9982352941176471,1366,True
provinces,2024,202404,V038_미분양주택현황_호|log_12m차,0.9964705882352941,1627,True
provinces,2024,202404,V050_지역별_주택관련대출_예금은행_십억원|12m로그변화,1.0,1700,True
provinces,2024,202404,V043_한국은행_기준금리_연%|수준,1.0,11,True
provinces,2024,202404,V043_한국은행_기준금리_연%|12m차,1.0,14,True
provinces,2024,202404,V044_시장금리_CD91일_연%|수준,1.0,66,True
provinces,2024,202404,V044_시장금리_CD91일_연%|12m차,1.0,84,True
provinces,2024,202404,V045_시장금리_국고채3년_연%|수준,1.0,99,True
provinces,2024,202404,V045_시장금리_국고채3년_연%|12m차,1.0,99,True
provinces,2024,202404,V046_M2_통화량_십억원|12m로그변화,1.0,100,True
provinces,2024,202404,V048_소비자물가지수_2020=100|수준,1.0,95,True
provinces,2024,202404,V048_소비자물가지수_2020=100|12m차,1.0,97,True
provinces,2024,202404,V056_예금은행대출금리_주택담보_연리%|수준,1.0,77,True
provinces,2024,202404,V056_예금은행대출금리_주택담보_연리%|12m차,1.0,87,True
provinces,2024,202404,V057_예금은행대출금리_전세자금_연리%|수준,1.0,71,True
provinces,2024,202404,V057_예금은행대출금리_전세자금_연리%|12m차,0.93,77,True
provinces,2024,202404,V059_비은행대출금리_주택담보_연리%|수준,1.0,82,True
provinces,2024,202404,V059_비은행대출금리_주택담보_연리%|12m차,1.0,85,True
provinces,2024,202404,V061_주택가격전망CSI_서울|수준,1.0,42,True
provinces,2024,202404,V061_주택가격전망CSI_서울|12m차,1.0,52,True
provinces,2024,202404,V062_주택가격전망CSI_6대광역시|수준,1.0,51,True
provinces,2024,202404,V062_주택가격전망CSI_6대광역시|12m차,1.0,58,True
provinces,2024,202404,V063_주택가격전망CSI_기타도시|수준,1.0,47,True
provinces,2024,202404,V063_주택가격전망CSI_기타도시|12m차,1.0,57,True
provinces,2024,202404,V064_KOSPI_종가_1980.01.04=100|수준,1.0,100,True
provinces,2024,202404,V064_KOSPI_종가_1980.01.04=100|12m차,1.0,100,True
provinces,2024,202404,V066_임금총액_사업체노동력_원|12m로그변화,1.0,100,True
provinces,2024,202404,V067_선행지수순환변동치_2020=100|수준,1.0,40,True
provinces,2024,202404,V067_선행지수순환변동치_2020=100|12m차,1.0,55,True
provinces,2024,202404,V069_예금취급기관_가계대출_십억원|12m로그변화,1.0,100,True
provinces,2024,202404,V069_예금취급기관_주택관련대출_십억원|12m로그변화,1.0,100,True
provinces,2024,202404,V070_수출금액_천불|12m로그변화,1.0,100,True
provinces,2024,202404,V071_정책대출_주금공_주택도시기금_십억원|12m로그변화,0.87,87,True
provinces,2024,202404,V047_가계신용_총액_십억원|12m로그변화,1.0,34,True
provinces,2024,202404,V049_시간당명목임금지수_2020=100|수준,1.0,32,True
provinces,2024,202404,V049_시간당명목임금지수_2020=100|12m차,1.0,31,True
provinces,2024,202404,V060_대출태도_국내은행_가계주택|수준,1.0,25,True
provinces,2024,202404,V060_대출태도_국내은행_가계주택|12m차,1.0,30,True
provinces,2024,202404,V074_가계동향_도시2인이상_월평균소득_원|수준,0.58,20,False
provinces,2024,202404,V074_가계동향_도시2인이상_월평균소득_원|12m차,0.58,20,False
provinces,2024,202404,V074_연결_월평균소득_원|12m로그변화,1.0,34,True
provinces,2024,202404,V015_1인당GRDP_천원|12m로그변화,0.9970588235294118,152,True
provinces,2024,202404,V017_1인당가계총처분가능소득_천원|12m로그변화,0.9970588235294118,152,True
provinces,2024,202404,V024_주거용신축허가_동수_동|12m로그변화,0.058823529411764705,9,False
provinces,2024,202404,V024_주거용신축허가_연면적_㎡|12m로그변화,0.058823529411764705,9,False
provinces,2024,202404,V072_총조사_가구수_가구|12m로그변화,0.76,119,True
provinces,2024,202404,V072_총조사_주택수_호|12m로그변화,0.76,119,True
provinces,2024,202404,V076_공공+민간총계(DT_MLTM_7174)_호|12m로그변화,0.0,0,False
provinces,2024,202404,V076_공공임대계(DT_MLTM_7174)_호|12m로그변화,0.0,0,False
provinces,2024,202404,V076_민간임대계(DT_MLTM_7174)_호|12m로그변화,0.0,0,False
provinces,2024,202404,V076_민간임대(DT_MLTM_6827합계)_호|12m로그변화,0.11,17,False
provinces,2024,202404,V077_임대주택건설공급_총계_호|12m로그변화,0.77,119,True
provinces,2024,202404,V072_총조사단순주택수가구수비율|12m로그변화,0.76,119,True
provinces,2024,202404,V024_주거용신축허가_동수_천세대당|수준,0.058823529411764705,9,False
provinces,2024,202404,V024_주거용신축허가_동수_천세대당|12m차,0.058823529411764705,9,False
provinces,2024,202404,V076_공공+민간총계(DT_MLTM_7174)_천세대당|수준,0.0,0,False
provinces,2024,202404,V076_공공+민간총계(DT_MLTM_7174)_천세대당|12m차,0.0,0,False
provinces,2024,202404,V076_공공임대계(DT_MLTM_7174)_천세대당|수준,0.0,0,False
provinces,2024,202404,V076_공공임대계(DT_MLTM_7174)_천세대당|12m차,0.0,0,False
provinces,2024,202404,V076_민간임대계(DT_MLTM_7174)_천세대당|수준,0.0,0,False
provinces,2024,202404,V076_민간임대계(DT_MLTM_7174)_천세대당|12m차,0.0,0,False
provinces,2024,202404,V076_민간임대(DT_MLTM_6827합계)_천세대당|수준,0.23,34,False
provinces,2024,202404,V076_민간임대(DT_MLTM_6827합계)_천세대당|12m차,0.11,17,False
provinces,2024,202404,V077_임대주택건설공급_총계_천세대당|수준,0.77,119,True
provinces,2024,202404,V077_임대주택건설공급_총계_천세대당|12m차,0.77,119,True
provinces,2024,202404,V015_전국대비|수준,1.0,153,True
provinces,2024,202404,V015_전국대비|12m차,0.9970588235294118,152,True
provinces,2024,202404,V017_전국대비|수준,1.0,152,True
provinces,2024,202404,V017_전국대비|12m차,0.9970588235294118,152,True
provinces,2024,202404,V072_공식주택보급률_%|수준,0.99,151,True
provinces,2024,202404,V072_공식주택보급률_%|12m차,0.9829411764705882,150,True
provinces,2024,202404,D_CSI_전신계열,1.0,1,False
provinces,2024,202404,D_Wage_10th,1.0,2,True
provinces,2024,202404,D_Wage_11th,1.0,1,False
provinces,2024,202404,M10_rent_growth_1m,0.99,1683,True
provinces,2024,202404,M10_rent_growth_6m,0.94,1598,True
provinces,2024,202407,V003_전세가율_%|수준,1.0,277,True
provinces,2024,202407,V003_전세가율_%|12m차,1.0,267,True
provinces,2024,202407,V004_지역별전월세전환율_%|수준,1.0,986,True
provinces,2024,202407,V004_지역별전월세전환율_%|12m차,1.0,1567,True
provinces,2024,202407,V005_월세수급동향|수준,0.9902912621359223,1547,True
provinces,2024,202407,V005_월세수급동향|12m차,0.8737864077669902,1521,True
provinces,2024,202407,V009_주민등록인구_명|12m로그변화,1.0,1751,True
provinces,2024,202407,V010_주민등록세대수_세대|12m로그변화,1.0,1751,True
provinces,2024,202407,V011_20-29세_명|12m로그변화,1.0,1751,True
provinces,2024,202407,V011_20-39세_명|12m로그변화,1.0,1751,True
provinces,2024,202407,V011_20-39세비중_%|수준,1.0,1751,True
provinces,2024,202407,V011_20-39세비중_%|12m차,1.0,1751,True
provinces,2024,202407,V011_30-39세_명|12m로그변화,1.0,1751,True
provinces,2024,202407,V012_순이동자수_명|천명당12개월,1.0,1751,True
provinces,2024,202407,V013_고용률_%|수준,0.989149057681325,176,True
provinces,2024,202407,V013_고용률_%|12m차,0.9822958309537407,167,True
provinces,2024,202407,V013_취업자_천명|12m로그변화,0.9822958309537407,1719,True
provinces,2024,202407,V021_아파트_인허가_호|12개월누적log,1.0,1667,True
provinces,2024,202407,V021_아파트_인허가_호|12개월누적log_12m차,1.0,1731,True
provinces,2024,202407,V022_아파트_착공_호|12개월누적log,1.0,1649,True
provinces,2024,202407,V022_아파트_착공_호|12개월누적log_12m차,1.0,1715,True
provinces,2024,202407,V023_아파트_준공_호|12개월누적log,1.0,1665,True
provinces,2024,202407,V023_아파트_준공_호|12개월누적log_12m차,1.0,1745,True
provinces,2024,202407,V031_매매수급동향|수준,1.0,1586,True
provinces,2024,202407,V031_매매수급동향|12m차,1.0,1736,True
provinces,2024,202407,V032_전세수급동향|수준,1.0,1575,True
provinces,2024,202407,V032_전세수급동향|12m차,1.0,1732,True
provinces,2024,202407,V034_수급동향(구)_통합|수준,0.004568817818389492,8,False
provinces,2024,202407,V034_수급동향(구)_통합|12m차,0.004568817818389492,7,False
provinces,2024,202407,V035_아파트거래_동호수_호|12개월누적log,1.0,1732,True
provinces,2024,202407,V035_아파트거래_동호수_호|12개월누적log_12m차,1.0,1751,True
provinces,2024,202407,V035_아파트거래_면적_천㎡|12개월누적log,1.0,1541,True
provinces,2024,202407,V035_아파트거래_면적_천㎡|12개월누적log_12m차,1.0,1750,True
provinces,2024,202407,V036_아파트매매거래_동호수_호|12개월누적log,1.0,1708,True
provinces,2024,202407,V036_아파트매매거래_동호수_호|12개월누적log_12m차,1.0,1751,True
provinces,2024,202407,V036_아파트매매거래_면적_천㎡|12개월누적log,1.0,1375,True
provinces,2024,202407,V036_아파트매매거래_면적_천㎡|12개월누적log_12m차,1.0,1747,True
provinces,2024,202407,V037_주택시장_소비심리지수|수준,0.9520274129069103,583,True
provinces,2024,202407,V037_주택시장_소비심리지수|12m차,0.9383209594517419,913,True
provinces,2024,202407,V038_미분양주택현황_호|log,0.9982866933181039,1406,True
provinces,2024,202407,V038_미분양주택현황_호|log_12m차,0.9965733866362079,1678,True
provinces,2024,202407,V050_지역별_주택관련대출_예금은행_십억원|12m로그변화,1.0,1751,True
provinces,2024,202407,V043_한국은행_기준금리_연%|수준,1.0,11,True
provinces,2024,202407,V043_한국은행_기준금리_연%|12m차,1.0,14,True
provinces,2024,202407,V044_시장금리_CD91일_연%|수준,1.0,68,True
provinces,2024,202407,V044_시장금리_CD91일_연%|12m차,1.0,87,True
provinces,2024,202407,V045_시장금리_국고채3년_연%|수준,1.0,102,True
provinces,2024,202407,V045_시장금리_국고채3년_연%|12m차,1.0,102,True
provinces,2024,202407,V046_M2_통화량_십억원|12m로그변화,1.0,103,True
provinces,2024,202407,V048_소비자물가지수_2020=100|수준,1.0,98,True
provinces,2024,202407,V048_소비자물가지수_2020=100|12m차,1.0,100,True
provinces,2024,202407,V056_예금은행대출금리_주택담보_연리%|수준,1.0,78,True
provinces,2024,202407,V056_예금은행대출금리_주택담보_연리%|12m차,1.0,89,True
provinces,2024,202407,V057_예금은행대출금리_전세자금_연리%|수준,1.0,73,True
provinces,2024,202407,V057_예금은행대출금리_전세자금_연리%|12m차,0.9320388349514563,80,True
provinces,2024,202407,V059_비은행대출금리_주택담보_연리%|수준,1.0,85,True
provinces,2024,202407,V059_비은행대출금리_주택담보_연리%|12m차,1.0,88,True
provinces,2024,202407,V061_주택가격전망CSI_서울|수준,1.0,42,True
provinces,2024,202407,V061_주택가격전망CSI_서울|12m차,1.0,54,True
provinces,2024,202407,V062_주택가격전망CSI_6대광역시|수준,1.0,51,True
provinces,2024,202407,V062_주택가격전망CSI_6대광역시|12m차,1.0,60,True
provinces,2024,202407,V063_주택가격전망CSI_기타도시|수준,1.0,48,True
provinces,2024,202407,V063_주택가격전망CSI_기타도시|12m차,1.0,57,True
provinces,2024,202407,V064_KOSPI_종가_1980.01.04=100|수준,1.0,103,True
provinces,2024,202407,V064_KOSPI_종가_1980.01.04=100|12m차,1.0,103,True
provinces,2024,202407,V066_임금총액_사업체노동력_원|12m로그변화,1.0,103,True
provinces,2024,202407,V067_선행지수순환변동치_2020=100|수준,1.0,40,True
provinces,2024,202407,V067_선행지수순환변동치_2020=100|12m차,1.0,57,True
provinces,2024,202407,V069_예금취급기관_가계대출_십억원|12m로그변화,1.0,103,True
provinces,2024,202407,V069_예금취급기관_주택관련대출_십억원|12m로그변화,1.0,103,True
provinces,2024,202407,V070_수출금액_천불|12m로그변화,1.0,103,True
provinces,2024,202407,V071_정책대출_주금공_주택도시기금_십억원|12m로그변화,0.8737864077669902,90,True
provinces,2024,202407,V047_가계신용_총액_십억원|12m로그변화,1.0,35,True
provinces,2024,202407,V049_시간당명목임금지수_2020=100|수준,1.0,33,True
provinces,2024,202407,V049_시간당명목임금지수_2020=100|12m차,1.0,31,True
provinces,2024,202407,V060_대출태도_국내은행_가계주택|수준,1.0,25,True
provinces,2024,202407,V060_대출태도_국내은행_가계주택|12m차,1.0,31,True
provinces,2024,202407,V074_가계동향_도시2인이상_월평균소득_원|수준,0.5631067961165048,20,False
provinces,2024,202407,V074_가계동향_도시2인이상_월평균소득_원|12m차,0.5631067961165048,20,False
provinces,2024,202407,V074_연결_월평균소득_원|12m로그변화,1.0,35,True
provinces,2024,202407,V015_1인당GRDP_천원|12m로그변화,0.9971444888635066,169,True
provinces,2024,202407,V017_1인당가계총처분가능소득_천원|12m로그변화,0.9971444888635066,169,True
provinces,2024,202407,V024_주거용신축허가_동수_동|12m로그변화,0.058823529411764705,10,False
provinces,2024,202407,V024_주거용신축허가_연면적_㎡|12m로그변화,0.058823529411764705,10,False
provinces,2024,202407,V072_총조사_가구수_가구|12m로그변화,0.7669902912621359,119,True
provinces,2024,202407,V072_총조사_주택수_호|12m로그변화,0.7669902912621359,119,True
provinces,2024,202407,V076_공공+민간총계(DT_MLTM_7174)_호|12m로그변화,0.0,0,False
provinces,2024,202407,V076_공공임대계(DT_MLTM_7174)_호|12m로그변화,0.0,0,False
provinces,2024,202407,V076_민간임대계(DT_MLTM_7174)_호|12m로그변화,0.0,0,False
provinces,2024,202407,V076_민간임대(DT_MLTM_6827합계)_호|12m로그변화,0.13592233009708737,34,False
provinces,2024,202407,V077_임대주택건설공급_총계_호|12m로그변화,0.7475728155339806,119,True
provinces,2024,202407,V072_총조사단순주택수가구수비율|12m로그변화,0.7669902912621359,119,True
provinces,2024,202407,V024_주거용신축허가_동수_천세대당|수준,0.058823529411764705,10,False
provinces,2024,202407,V024_주거용신축허가_동수_천세대당|12m차,0.058823529411764705,10,False
provinces,2024,202407,V076_공공+민간총계(DT_MLTM_7174)_천세대당|수준,0.0,0,False
provinces,2024,202407,V076_공공+민간총계(DT_MLTM_7174)_천세대당|12m차,0.0,0,False
provinces,2024,202407,V076_공공임대계(DT_MLTM_7174)_천세대당|수준,0.0,0,False
provinces,2024,202407,V076_공공임대계(DT_MLTM_7174)_천세대당|12m차,0.0,0,False
provinces,2024,202407,V076_민간임대계(DT_MLTM_7174)_천세대당|수준,0.0,0,False
provinces,2024,202407,V076_민간임대계(DT_MLTM_7174)_천세대당|12m차,0.0,0,False
provinces,2024,202407,V076_민간임대(DT_MLTM_6827합계)_천세대당|수준,0.2524271844660194,51,False
provinces,2024,202407,V076_민간임대(DT_MLTM_6827합계)_천세대당|12m차,0.13592233009708737,34,False
provinces,2024,202407,V077_임대주택건설공급_총계_천세대당|수준,0.7475728155339806,119,True
provinces,2024,202407,V077_임대주택건설공급_총계_천세대당|12m차,0.7475728155339806,119,True
provinces,2024,202407,V015_전국대비|수준,1.0,170,True
provinces,2024,202407,V015_전국대비|12m차,0.9971444888635066,169,True
provinces,2024,202407,V017_전국대비|수준,1.0,169,True
provinces,2024,202407,V017_전국대비|12m차,0.9971444888635066,169,True
provinces,2024,202407,V072_공식주택보급률_%|수준,0.9902912621359223,168,True
provinces,2024,202407,V072_공식주택보급률_%|12m차,0.9834380354083381,167,True
provinces,2024,202407,D_CSI_전신계열,1.0,1,False
provinces,2024,202407,D_Wage_10th,1.0,2,True
provinces,2024,202407,D_Wage_11th,1.0,1,False
provinces,2024,202407,M10_rent_growth_1m,0.9902912621359223,1734,True
provinces,2024,202407,M10_rent_growth_6m,0.941747572815534,1649,True
provinces,2024,202410,V003_전세가율_%|수준,1.0,283,True
provinces,2024,202410,V003_전세가율_%|12m차,1.0,270,True
provinces,2024,202410,V004_지역별전월세전환율_%|수준,1.0,1010,True
provinces,2024,202410,V004_지역별전월세전환율_%|12m차,1.0,1615,True
provinces,2024,202410,V005_월세수급동향|수준,0.9905660377358491,1594,True
provinces,2024,202410,V005_월세수급동향|12m차,0.8773584905660378,1572,True
provinces,2024,202410,V009_주민등록인구_명|12m로그변화,1.0,1802,True
provinces,2024,202410,V010_주민등록세대수_세대|12m로그변화,1.0,1802,True
provinces,2024,202410,V011_20-29세_명|12m로그변화,1.0,1802,True
provinces,2024,202410,V011_20-39세_명|12m로그변화,1.0,1802,True
provinces,2024,202410,V011_20-39세비중_%|수준,1.0,1802,True
provinces,2024,202410,V011_20-39세비중_%|12m차,1.0,1802,True
provinces,2024,202410,V011_30-39세_명|12m로그변화,1.0,1802,True
provinces,2024,202410,V012_순이동자수_명|천명당12개월,1.0,1802,True
provinces,2024,202410,V013_고용률_%|수준,0.9894561598224195,176,True
provinces,2024,202410,V013_고용률_%|12m차,0.9827968923418424,167,True
provinces,2024,202410,V013_취업자_천명|12m로그변화,0.9827968923418424,1770,True
provinces,2024,202410,V021_아파트_인허가_호|12개월누적log,1.0,1711,True
provinces,2024,202410,V021_아파트_인허가_호|12개월누적log_12m차,1.0,1781,True
provinces,2024,202410,V022_아파트_착공_호|12개월누적log,1.0,1689,True
provinces,2024,202410,V022_아파트_착공_호|12개월누적log_12m차,1.0,1763,True
provinces,2024,202410,V023_아파트_준공_호|12개월누적log,1.0,1709,True
provinces,2024,202410,V023_아파트_준공_호|12개월누적log_12m차,1.0,1794,True
provinces,2024,202410,V031_매매수급동향|수준,1.0,1637,True
provinces,2024,202410,V031_매매수급동향|12m차,1.0,1787,True
provinces,2024,202410,V032_전세수급동향|수준,1.0,1625,True
provinces,2024,202410,V032_전세수급동향|12m차,1.0,1783,True
provinces,2024,202410,V034_수급동향(구)_통합|수준,0.004439511653718091,8,False
provinces,2024,202410,V034_수급동향(구)_통합|12m차,0.004439511653718091,7,False
provinces,2024,202410,V035_아파트거래_동호수_호|12개월누적log,1.0,1782,True
provinces,2024,202410,V035_아파트거래_동호수_호|12개월누적log_12m차,1.0,1802,True
provinces,2024,202410,V035_아파트거래_면적_천㎡|12개월누적log,1.0,1582,True
provinces,2024,202410,V035_아파트거래_면적_천㎡|12개월누적log_12m차,1.0,1801,True
provinces,2024,202410,V036_아파트매매거래_동호수_호|12개월누적log,1.0,1756,True
provinces,2024,202410,V036_아파트매매거래_동호수_호|12개월누적log_12m차,1.0,1802,True
provinces,2024,202410,V036_아파트매매거래_면적_천㎡|12개월누적log,1.0,1407,True
provinces,2024,202410,V036_아파트매매거래_면적_천㎡|12개월누적log_12m차,1.0,1797,True
provinces,2024,202410,V037_주택시장_소비심리지수|수준,0.9533851276359601,585,True
provinces,2024,202410,V037_주택시장_소비심리지수|12m차,0.9400665926748057,924,True
provinces,2024,202410,V038_미분양주택현황_호|log,0.9983351831298557,1444,True
provinces,2024,202410,V038_미분양주택현황_호|log_12m차,0.9966703662597114,1729,True
provinces,2024,202410,V050_지역별_주택관련대출_예금은행_십억원|12m로그변화,1.0,1802,True
provinces,2024,202410,V043_한국은행_기준금리_연%|수준,1.0,11,True
provinces,2024,202410,V043_한국은행_기준금리_연%|12m차,1.0,14,True
provinces,2024,202410,V044_시장금리_CD91일_연%|수준,1.0,70,True
provinces,2024,202410,V044_시장금리_CD91일_연%|12m차,1.0,89,True
provinces,2024,202410,V045_시장금리_국고채3년_연%|수준,1.0,105,True
provinces,2024,202410,V045_시장금리_국고채3년_연%|12m차,1.0,105,True
provinces,2024,202410,V046_M2_통화량_십억원|12m로그변화,1.0,106,True
provinces,2024,202410,V048_소비자물가지수_2020=100|수준,1.0,101,True
provinces,2024,202410,V048_소비자물가지수_2020=100|12m차,1.0,103,True
provinces,2024,202410,V056_예금은행대출금리_주택담보_연리%|수준,1.0,81,True
provinces,2024,202410,V056_예금은행대출금리_주택담보_연리%|12m차,1.0,92,True
provinces,2024,202410,V057_예금은행대출금리_전세자금_연리%|수준,1.0,75,True
provinces,2024,202410,V057_예금은행대출금리_전세자금_연리%|12m차,0.9339622641509434,83,True
provinces,2024,202410,V059_비은행대출금리_주택담보_연리%|수준,1.0,87,True
provinces,2024,202410,V059_비은행대출금리_주택담보_연리%|12m차,1.0,91,True
provinces,2024,202410,V061_주택가격전망CSI_서울|수준,1.0,43,True
provinces,2024,202410,V061_주택가격전망CSI_서울|12m차,1.0,55,True
provinces,2024,202410,V062_주택가격전망CSI_6대광역시|수준,1.0,51,True
provinces,2024,202410,V062_주택가격전망CSI_6대광역시|12m차,1.0,60,True
provinces,2024,202410,V063_주택가격전망CSI_기타도시|수준,1.0,48,True
provinces,2024,202410,V063_주택가격전망CSI_기타도시|12m차,1.0,58,True
provinces,2024,202410,V064_KOSPI_종가_1980.01.04=100|수준,1.0,106,True
provinces,2024,202410,V064_KOSPI_종가_1980.01.04=100|12m차,1.0,106,True
provinces,2024,202410,V066_임금총액_사업체노동력_원|12m로그변화,1.0,106,True
provinces,2024,202410,V067_선행지수순환변동치_2020=100|수준,1.0,40,True
provinces,2024,202410,V067_선행지수순환변동치_2020=100|12m차,1.0,58,True
provinces,2024,202410,V069_예금취급기관_가계대출_십억원|12m로그변화,1.0,106,True
provinces,2024,202410,V069_예금취급기관_주택관련대출_십억원|12m로그변화,1.0,106,True
provinces,2024,202410,V070_수출금액_천불|12m로그변화,1.0,106,True
provinces,2024,202410,V071_정책대출_주금공_주택도시기금_십억원|12m로그변화,0.8773584905660378,93,True
provinces,2024,202410,V047_가계신용_총액_십억원|12m로그변화,1.0,36,True
provinces,2024,202410,V049_시간당명목임금지수_2020=100|수준,1.0,34,True
provinces,2024,202410,V049_시간당명목임금지수_2020=100|12m차,1.0,32,True
provinces,2024,202410,V060_대출태도_국내은행_가계주택|수준,1.0,25,True
provinces,2024,202410,V060_대출태도_국내은행_가계주택|12m차,1.0,32,True
provinces,2024,202410,V074_가계동향_도시2인이상_월평균소득_원|수준,0.5471698113207547,20,False
provinces,2024,202410,V074_가계동향_도시2인이상_월평균소득_원|12m차,0.5471698113207547,20,False
provinces,2024,202410,V074_연결_월평균소득_원|12m로그변화,1.0,36,True
provinces,2024,202410,V015_1인당GRDP_천원|12m로그변화,0.9972253052164262,169,True
provinces,2024,202410,V017_1인당가계총처분가능소득_천원|12m로그변화,0.9972253052164262,169,True
provinces,2024,202410,V024_주거용신축허가_동수_동|12m로그변화,0.058823529411764705,10,False
provinces,2024,202410,V024_주거용신축허가_연면적_㎡|12m로그변화,0.058823529411764705,10,False
provinces,2024,202410,V072_총조사_가구수_가구|12m로그변화,0.7735849056603774,119,True
provinces,2024,202410,V072_총조사_주택수_호|12m로그변화,0.7735849056603774,119,True
provinces,2024,202410,V076_공공+민간총계(DT_MLTM_7174)_호|12m로그변화,0.0,0,False
provinces,2024,202410,V076_공공임대계(DT_MLTM_7174)_호|12m로그변화,0.0,0,False
provinces,2024,202410,V076_민간임대계(DT_MLTM_7174)_호|12m로그변화,0.0,0,False
provinces,2024,202410,V076_민간임대(DT_MLTM_6827합계)_호|12m로그변화,0.16037735849056603,34,False
provinces,2024,202410,V077_임대주택건설공급_총계_호|12m로그변화,0.7264150943396226,119,True
provinces,2024,202410,V072_총조사단순주택수가구수비율|12m로그변화,0.7735849056603774,119,True
provinces,2024,202410,V024_주거용신축허가_동수_천세대당|수준,0.058823529411764705,10,False
provinces,2024,202410,V024_주거용신축허가_동수_천세대당|12m차,0.058823529411764705,10,False
provinces,2024,202410,V076_공공+민간총계(DT_MLTM_7174)_천세대당|수준,0.0,0,False
provinces,2024,202410,V076_공공+민간총계(DT_MLTM_7174)_천세대당|12m차,0.0,0,False
provinces,2024,202410,V076_공공임대계(DT_MLTM_7174)_천세대당|수준,0.0,0,False
provinces,2024,202410,V076_공공임대계(DT_MLTM_7174)_천세대당|12m차,0.0,0,False
provinces,2024,202410,V076_민간임대계(DT_MLTM_7174)_천세대당|수준,0.0,0,False
provinces,2024,202410,V076_민간임대계(DT_MLTM_7174)_천세대당|12m차,0.0,0,False
provinces,2024,202410,V076_민간임대(DT_MLTM_6827합계)_천세대당|수준,0.27358490566037735,51,False
provinces,2024,202410,V076_민간임대(DT_MLTM_6827합계)_천세대당|12m차,0.16037735849056603,34,False
provinces,2024,202410,V077_임대주택건설공급_총계_천세대당|수준,0.7264150943396226,119,True
provinces,2024,202410,V077_임대주택건설공급_총계_천세대당|12m차,0.7264150943396226,119,True
provinces,2024,202410,V015_전국대비|수준,1.0,170,True
provinces,2024,202410,V015_전국대비|12m차,0.9972253052164262,169,True
provinces,2024,202410,V017_전국대비|수준,1.0,169,True
provinces,2024,202410,V017_전국대비|12m차,0.9972253052164262,169,True
provinces,2024,202410,V072_공식주택보급률_%|수준,0.9905660377358491,168,True
provinces,2024,202410,V072_공식주택보급률_%|12m차,0.983906770255272,167,True
provinces,2024,202410,D_CSI_전신계열,1.0,1,False
provinces,2024,202410,D_Wage_10th,1.0,2,True
provinces,2024,202410,D_Wage_11th,1.0,1,False
provinces,2024,202410,M10_rent_growth_1m,0.9905660377358491,1785,True
provinces,2024,202410,M10_rent_growth_6m,0.9433962264150944,1700,True
provinces,2025,202501,V003_전세가율_%|수준,1.0,285,True
provinces,2025,202501,V003_전세가율_%|12m차,1.0,273,True
provinces,2025,202501,V004_지역별전월세전환율_%|수준,1.0,1042,True
provinces,2025,202501,V004_지역별전월세전환율_%|12m차,1.0,1660,True
provinces,2025,202501,V005_월세수급동향|수준,0.9908256880733946,1641,True
provinces,2025,202501,V005_월세수급동향|12m차,0.8807339449541285,1623,True
provinces,2025,202501,V009_주민등록인구_명|12m로그변화,1.0,1853,True
provinces,2025,202501,V010_주민등록세대수_세대|12m로그변화,1.0,1853,True
provinces,2025,202501,V011_20-29세_명|12m로그변화,1.0,1853,True
provinces,2025,202501,V011_20-39세_명|12m로그변화,1.0,1853,True
provinces,2025,202501,V011_20-39세비중_%|수준,1.0,1853,True
provinces,2025,202501,V011_20-39세비중_%|12m차,1.0,1853,True
provinces,2025,202501,V011_30-39세_명|12m로그변화,1.0,1853,True
provinces,2025,202501,V012_순이동자수_명|천명당12개월,1.0,1853,True
provinces,2025,202501,V013_고용률_%|수준,0.9897463572584997,176,True
provinces,2025,202501,V013_고용률_%|12m차,0.9832703723691312,170,True
provinces,2025,202501,V013_취업자_천명|12m로그변화,0.9832703723691312,1821,True
provinces,2025,202501,V021_아파트_인허가_호|12개월누적log,1.0,1756,True
provinces,2025,202501,V021_아파트_인허가_호|12개월누적log_12m차,1.0,1831,True
provinces,2025,202501,V022_아파트_착공_호|12개월누적log,1.0,1725,True
provinces,2025,202501,V022_아파트_착공_호|12개월누적log_12m차,1.0,1811,True
provinces,2025,202501,V023_아파트_준공_호|12개월누적log,1.0,1756,True
provinces,2025,202501,V023_아파트_준공_호|12개월누적log_12m차,1.0,1845,True
provinces,2025,202501,V031_매매수급동향|수준,1.0,1688,True
provinces,2025,202501,V031_매매수급동향|12m차,1.0,1838,True
provinces,2025,202501,V032_전세수급동향|수준,1.0,1675,True
provinces,2025,202501,V032_전세수급동향|12m차,1.0,1834,True
provinces,2025,202501,V034_수급동향(구)_통합|수준,0.004317323259579061,8,False
provinces,2025,202501,V034_수급동향(구)_통합|12m차,0.004317323259579061,7,False
provinces,2025,202501,V035_아파트거래_동호수_호|12개월누적log,1.0,1829,True
provinces,2025,202501,V035_아파트거래_동호수_호|12개월누적log_12m차,1.0,1853,True
provinces,2025,202501,V035_아파트거래_면적_천㎡|12개월누적log,1.0,1627,True
provinces,2025,202501,V035_아파트거래_면적_천㎡|12개월누적log_12m차,1.0,1852,True
provinces,2025,202501,V036_아파트매매거래_동호수_호|12개월누적log,1.0,1805,True
provinces,2025,202501,V036_아파트매매거래_동호수_호|12개월누적log_12m차,1.0,1853,True
provinces,2025,202501,V036_아파트매매거래_면적_천㎡|12개월누적log,1.0,1455,True
provinces,2025,202501,V036_아파트매매거래_면적_천㎡|12개월누적log_12m차,1.0,1848,True
provinces,2025,202501,V037_주택시장_소비심리지수|수준,0.9546681057744199,585,True
provinces,2025,202501,V037_주택시장_소비심리지수|12m차,0.9417161359956827,931,True
provinces,2025,202501,V038_미분양주택현황_호|log,0.9983810037776578,1488,True
provinces,2025,202501,V038_미분양주택현황_호|log_12m차,0.9967620075553157,1779,True
provinces,2025,202501,V050_지역별_주택관련대출_예금은행_십억원|12m로그변화,1.0,1853,True
provinces,2025,202501,V043_한국은행_기준금리_연%|수준,1.0,11,True
provinces,2025,202501,V043_한국은행_기준금리_연%|12m차,1.0,14,True
provinces,2025,202501,V044_시장금리_CD91일_연%|수준,1.0,72,True
provinces,2025,202501,V044_시장금리_CD91일_연%|12m차,1.0,91,True
provinces,2025,202501,V045_시장금리_국고채3년_연%|수준,1.0,108,True
provinces,2025,202501,V045_시장금리_국고채3년_연%|12m차,1.0,108,True
provinces,2025,202501,V046_M2_통화량_십억원|12m로그변화,1.0,109,True
provinces,2025,202501,V048_소비자물가지수_2020=100|수준,1.0,104,True
provinces,2025,202501,V048_소비자물가지수_2020=100|12m차,1.0,106,True
provinces,2025,202501,V056_예금은행대출금리_주택담보_연리%|수준,1.0,84,True
provinces,2025,202501,V056_예금은행대출금리_주택담보_연리%|12m차,1.0,94,True
provinces,2025,202501,V057_예금은행대출금리_전세자금_연리%|수준,1.0,78,True
provinces,2025,202501,V057_예금은행대출금리_전세자금_연리%|12m차,0.9357798165137615,86,True
provinces,2025,202501,V059_비은행대출금리_주택담보_연리%|수준,1.0,89,True
provinces,2025,202501,V059_비은행대출금리_주택담보_연리%|12m차,1.0,93,True
provinces,2025,202501,V061_주택가격전망CSI_서울|수준,1.0,44,True
provinces,2025,202501,V061_주택가격전망CSI_서울|12m차,1.0,56,True
provinces,2025,202501,V062_주택가격전망CSI_6대광역시|수준,1.0,51,True
provinces,2025,202501,V062_주택가격전망CSI_6대광역시|12m차,1.0,60,True
provinces,2025,202501,V063_주택가격전망CSI_기타도시|수준,1.0,49,True
provinces,2025,202501,V063_주택가격전망CSI_기타도시|12m차,1.0,58,True
provinces,2025,202501,V064_KOSPI_종가_1980.01.04=100|수준,1.0,109,True
provinces,2025,202501,V064_KOSPI_종가_1980.01.04=100|12m차,1.0,109,True
provinces,2025,202501,V066_임금총액_사업체노동력_원|12m로그변화,1.0,109,True
provinces,2025,202501,V067_선행지수순환변동치_2020=100|수준,1.0,40,True
provinces,2025,202501,V067_선행지수순환변동치_2020=100|12m차,1.0,60,True
provinces,2025,202501,V069_예금취급기관_가계대출_십억원|12m로그변화,1.0,109,True
provinces,2025,202501,V069_예금취급기관_주택관련대출_십억원|12m로그변화,1.0,109,True
provinces,2025,202501,V070_수출금액_천불|12m로그변화,1.0,109,True
provinces,2025,202501,V071_정책대출_주금공_주택도시기금_십억원|12m로그변화,0.8807339449541285,96,True
provinces,2025,202501,V047_가계신용_총액_십억원|12m로그변화,1.0,37,True
provinces,2025,202501,V049_시간당명목임금지수_2020=100|수준,1.0,35,True
provinces,2025,202501,V049_시간당명목임금지수_2020=100|12m차,1.0,33,True
provinces,2025,202501,V060_대출태도_국내은행_가계주택|수준,1.0,26,True
provinces,2025,202501,V060_대출태도_국내은행_가계주택|12m차,1.0,32,True
provinces,2025,202501,V074_가계동향_도시2인이상_월평균소득_원|수준,0.5321100917431193,20,False
provinces,2025,202501,V074_가계동향_도시2인이상_월평균소득_원|12m차,0.5321100917431193,20,False
provinces,2025,202501,V074_연결_월평균소득_원|12m로그변화,1.0,37,True
provinces,2025,202501,V015_1인당GRDP_천원|12m로그변화,0.9973016729627631,169,True
provinces,2025,202501,V017_1인당가계총처분가능소득_천원|12m로그변화,0.9973016729627631,169,True
provinces,2025,202501,V024_주거용신축허가_동수_동|12m로그변화,0.058823529411764705,10,False
provinces,2025,202501,V024_주거용신축허가_연면적_㎡|12m로그변화,0.058823529411764705,10,False
provinces,2025,202501,V072_총조사_가구수_가구|12m로그변화,0.7798165137614679,136,True
provinces,2025,202501,V072_총조사_주택수_호|12m로그변화,0.7798165137614679,136,True
provinces,2025,202501,V076_공공+민간총계(DT_MLTM_7174)_호|12m로그변화,0.0,0,False
provinces,2025,202501,V076_공공임대계(DT_MLTM_7174)_호|12m로그변화,0.0,0,False
provinces,2025,202501,V076_민간임대계(DT_MLTM_7174)_호|12m로그변화,0.0,0,False
provinces,2025,202501,V076_민간임대(DT_MLTM_6827합계)_호|12m로그변화,0.1834862385321101,34,False
provinces,2025,202501,V077_임대주택건설공급_총계_호|12m로그변화,0.7064220183486238,119,True
provinces,2025,202501,V072_총조사단순주택수가구수비율|12m로그변화,0.7798165137614679,136,True
provinces,2025,202501,V024_주거용신축허가_동수_천세대당|수준,0.058823529411764705,10,False
provinces,2025,202501,V024_주거용신축허가_동수_천세대당|12m차,0.058823529411764705,10,False
provinces,2025,202501,V076_공공+민간총계(DT_MLTM_7174)_천세대당|수준,0.0,0,False
provinces,2025,202501,V076_공공+민간총계(DT_MLTM_7174)_천세대당|12m차,0.0,0,False
provinces,2025,202501,V076_공공임대계(DT_MLTM_7174)_천세대당|수준,0.0,0,False
provinces,2025,202501,V076_공공임대계(DT_MLTM_7174)_천세대당|12m차,0.0,0,False
provinces,2025,202501,V076_민간임대계(DT_MLTM_7174)_천세대당|수준,0.0,0,False
provinces,2025,202501,V076_민간임대계(DT_MLTM_7174)_천세대당|12m차,0.0,0,False
provinces,2025,202501,V076_민간임대(DT_MLTM_6827합계)_천세대당|수준,0.29357798165137616,51,False
provinces,2025,202501,V076_민간임대(DT_MLTM_6827합계)_천세대당|12m차,0.1834862385321101,34,False
provinces,2025,202501,V077_임대주택건설공급_총계_천세대당|수준,0.7064220183486238,119,True
provinces,2025,202501,V077_임대주택건설공급_총계_천세대당|12m차,0.7064220183486238,119,True
provinces,2025,202501,V015_전국대비|수준,1.0,170,True
provinces,2025,202501,V015_전국대비|12m차,0.9973016729627631,169,True
provinces,2025,202501,V017_전국대비|수준,1.0,169,True
provinces,2025,202501,V017_전국대비|12m차,0.9973016729627631,169,True
provinces,2025,202501,V072_공식주택보급률_%|수준,0.9908256880733946,168,True
provinces,2025,202501,V072_공식주택보급률_%|12m차,0.9843497031840259,167,True
provinces,2025,202501,D_CSI_전신계열,1.0,1,False
provinces,2025,202501,D_Wage_10th,1.0,2,True
provinces,2025,202501,D_Wage_11th,1.0,1,False
provinces,2025,202501,M10_rent_growth_1m,0.9908256880733946,1836,True
provinces,2025,202501,M10_rent_growth_6m,0.944954128440367,1751,True
provinces,2025,202504,V003_전세가율_%|수준,1.0,336,True
provinces,2025,202504,V003_전세가율_%|12m차,1.0,324,True
provinces,2025,202504,V004_지역별전월세전환율_%|수준,1.0,1070,True
provinces,2025,202504,V004_지역별전월세전환율_%|12m차,1.0,1705,True
provinces,2025,202504,V005_월세수급동향|수준,0.9910714285714286,1691,True
provinces,2025,202504,V005_월세수급동향|12m차,0.8839285714285714,1674,True
provinces,2025,202504,V009_주민등록인구_명|12m로그변화,1.0,1904,True
provinces,2025,202504,V010_주민등록세대수_세대|12m로그변화,1.0,1904,True
provinces,2025,202504,V011_20-29세_명|12m로그변화,1.0,1904,True
provinces,2025,202504,V011_20-39세_명|12m로그변화,1.0,1904,True
provinces,2025,202504,V011_20-39세비중_%|수준,1.0,1904,True
provinces,2025,202504,V011_20-39세비중_%|12m차,1.0,1904,True
provinces,2025,202504,V011_30-39세_명|12m로그변화,1.0,1904,True
provinces,2025,202504,V012_순이동자수_명|천명당12개월,1.0,1904,True
provinces,2025,202504,V013_고용률_%|수준,0.9900210084033614,176,True
provinces,2025,202504,V013_고용률_%|12m차,0.9837184873949579,174,True
provinces,2025,202504,V013_취업자_천명|12m로그변화,0.9837184873949579,1872,True
provinces,2025,202504,V021_아파트_인허가_호|12개월누적log,1.0,1800,True
provinces,2025,202504,V021_아파트_인허가_호|12개월누적log_12m차,1.0,1880,True
provinces,2025,202504,V022_아파트_착공_호|12개월누적log,1.0,1761,True
provinces,2025,202504,V022_아파트_착공_호|12개월누적log_12m차,1.0,1861,True
provinces,2025,202504,V023_아파트_준공_호|12개월누적log,1.0,1804,True
provinces,2025,202504,V023_아파트_준공_호|12개월누적log_12m차,1.0,1894,True
provinces,2025,202504,V031_매매수급동향|수준,1.0,1737,True
provinces,2025,202504,V031_매매수급동향|12m차,1.0,1889,True
provinces,2025,202504,V032_전세수급동향|수준,1.0,1723,True
provinces,2025,202504,V032_전세수급동향|12m차,1.0,1885,True
provinces,2025,202504,V034_수급동향(구)_통합|수준,0.004201680672268907,8,False
provinces,2025,202504,V034_수급동향(구)_통합|12m차,0.004201680672268907,7,False
provinces,2025,202504,V035_아파트거래_동호수_호|12개월누적log,1.0,1879,True
provinces,2025,202504,V035_아파트거래_동호수_호|12개월누적log_12m차,1.0,1904,True
provinces,2025,202504,V035_아파트거래_면적_천㎡|12개월누적log,1.0,1678,True
provinces,2025,202504,V035_아파트거래_면적_천㎡|12개월누적log_12m차,1.0,1903,True
provinces,2025,202504,V036_아파트매매거래_동호수_호|12개월누적log,1.0,1856,True
provinces,2025,202504,V036_아파트매매거래_동호수_호|12개월누적log_12m차,1.0,1904,True
provinces,2025,202504,V036_아파트매매거래_면적_천㎡|12개월누적log,1.0,1506,True
provinces,2025,202504,V036_아파트매매거래_면적_천㎡|12개월누적log_12m차,1.0,1899,True
provinces,2025,202504,V037_주택시장_소비심리지수|수준,0.9558823529411765,586,True
provinces,2025,202504,V037_주택시장_소비심리지수|12m차,0.9432773109243697,939,True
provinces,2025,202504,V038_미분양주택현황_호|log,0.9984243697478992,1532,True
provinces,2025,202504,V038_미분양주택현황_호|log_12m차,0.9968487394957983,1830,True
provinces,2025,202504,V050_지역별_주택관련대출_예금은행_십억원|12m로그변화,1.0,1904,True
provinces,2025,202504,V043_한국은행_기준금리_연%|수준,1.0,11,True
provinces,2025,202504,V043_한국은행_기준금리_연%|12m차,1.0,14,True
provinces,2025,202504,V044_시장금리_CD91일_연%|수준,1.0,73,True
provinces,2025,202504,V044_시장금리_CD91일_연%|12m차,1.0,94,True
provinces,2025,202504,V045_시장금리_국고채3년_연%|수준,1.0,111,True
provinces,2025,202504,V045_시장금리_국고채3년_연%|12m차,1.0,111,True
provinces,2025,202504,V046_M2_통화량_십억원|12m로그변화,1.0,112,True
provinces,2025,202504,V048_소비자물가지수_2020=100|수준,1.0,107,True
provinces,2025,202504,V048_소비자물가지수_2020=100|12m차,1.0,109,True
provinces,2025,202504,V056_예금은행대출금리_주택담보_연리%|수준,1.0,86,True
provinces,2025,202504,V056_예금은행대출금리_주택담보_연리%|12m차,1.0,95,True
provinces,2025,202504,V057_예금은행대출금리_전세자금_연리%|수준,1.0,80,True
provinces,2025,202504,V057_예금은행대출금리_전세자금_연리%|12m차,0.9375,87,True
provinces,2025,202504,V059_비은행대출금리_주택담보_연리%|수준,1.0,90,True
provinces,2025,202504,V059_비은행대출금리_주택담보_연리%|12m차,1.0,95,True
provinces,2025,202504,V061_주택가격전망CSI_서울|수준,1.0,44,True
provinces,2025,202504,V061_주택가격전망CSI_서울|12m차,1.0,57,True
provinces,2025,202504,V062_주택가격전망CSI_6대광역시|수준,1.0,51,True
provinces,2025,202504,V062_주택가격전망CSI_6대광역시|12m차,1.0,60,True
provinces,2025,202504,V063_주택가격전망CSI_기타도시|수준,1.0,50,True
provinces,2025,202504,V063_주택가격전망CSI_기타도시|12m차,1.0,59,True
provinces,2025,202504,V064_KOSPI_종가_1980.01.04=100|수준,1.0,112,True
provinces,2025,202504,V064_KOSPI_종가_1980.01.04=100|12m차,1.0,112,True
provinces,2025,202504,V066_임금총액_사업체노동력_원|12m로그변화,1.0,112,True
provinces,2025,202504,V067_선행지수순환변동치_2020=100|수준,1.0,40,True
provinces,2025,202504,V067_선행지수순환변동치_2020=100|12m차,1.0,62,True
provinces,2025,202504,V069_예금취급기관_가계대출_십억원|12m로그변화,1.0,112,True
provinces,2025,202504,V069_예금취급기관_주택관련대출_십억원|12m로그변화,1.0,112,True
provinces,2025,202504,V070_수출금액_천불|12m로그변화,1.0,112,True
provinces,2025,202504,V071_정책대출_주금공_주택도시기금_십억원|12m로그변화,0.8839285714285714,99,True
provinces,2025,202504,V047_가계신용_총액_십억원|12m로그변화,1.0,38,True
provinces,2025,202504,V049_시간당명목임금지수_2020=100|수준,1.0,36,True
provinces,2025,202504,V049_시간당명목임금지수_2020=100|12m차,1.0,34,True
provinces,2025,202504,V060_대출태도_국내은행_가계주택|수준,1.0,27,True
provinces,2025,202504,V060_대출태도_국내은행_가계주택|12m차,1.0,32,True
provinces,2025,202504,V074_가계동향_도시2인이상_월평균소득_원|수준,0.5178571428571429,20,False
provinces,2025,202504,V074_가계동향_도시2인이상_월평균소득_원|12m차,0.5178571428571429,20,False
provinces,2025,202504,V074_연결_월평균소득_원|12m로그변화,1.0,38,True
provinces,2025,202504,V015_1인당GRDP_천원|12m로그변화,0.9973739495798319,169,True
provinces,2025,202504,V017_1인당가계총처분가능소득_천원|12m로그변화,0.9973739495798319,169,True
provinces,2025,202504,V024_주거용신축허가_동수_동|12m로그변화,0.058823529411764705,10,False
provinces,2025,202504,V024_주거용신축허가_연면적_㎡|12m로그변화,0.058823529411764705,10,False
provinces,2025,202504,V072_총조사_가구수_가구|12m로그변화,0.7857142857142857,136,True
provinces,2025,202504,V072_총조사_주택수_호|12m로그변화,0.7857142857142857,136,True
provinces,2025,202504,V076_공공+민간총계(DT_MLTM_7174)_호|12m로그변화,0.0,0,False
provinces,2025,202504,V076_공공임대계(DT_MLTM_7174)_호|12m로그변화,0.0,0,False
provinces,2025,202504,V076_민간임대계(DT_MLTM_7174)_호|12m로그변화,0.0,0,False
provinces,2025,202504,V076_민간임대(DT_MLTM_6827합계)_호|12m로그변화,0.20535714285714285,34,False
provinces,2025,202504,V077_임대주택건설공급_총계_호|12m로그변화,0.6875,119,False
provinces,2025,202504,V072_총조사단순주택수가구수비율|12m로그변화,0.7857142857142857,136,True
provinces,2025,202504,V024_주거용신축허가_동수_천세대당|수준,0.058823529411764705,10,False
provinces,2025,202504,V024_주거용신축허가_동수_천세대당|12m차,0.058823529411764705,10,False
provinces,2025,202504,V076_공공+민간총계(DT_MLTM_7174)_천세대당|수준,0.0,0,False
provinces,2025,202504,V076_공공+민간총계(DT_MLTM_7174)_천세대당|12m차,0.0,0,False
provinces,2025,202504,V076_공공임대계(DT_MLTM_7174)_천세대당|수준,0.0,0,False
provinces,2025,202504,V076_공공임대계(DT_MLTM_7174)_천세대당|12m차,0.0,0,False
provinces,2025,202504,V076_민간임대계(DT_MLTM_7174)_천세대당|수준,0.0,0,False
provinces,2025,202504,V076_민간임대계(DT_MLTM_7174)_천세대당|12m차,0.0,0,False
provinces,2025,202504,V076_민간임대(DT_MLTM_6827합계)_천세대당|수준,0.3125,51,False
provinces,2025,202504,V076_민간임대(DT_MLTM_6827합계)_천세대당|12m차,0.20535714285714285,34,False
provinces,2025,202504,V077_임대주택건설공급_총계_천세대당|수준,0.6875,119,False
provinces,2025,202504,V077_임대주택건설공급_총계_천세대당|12m차,0.6875,119,False
provinces,2025,202504,V015_전국대비|수준,1.0,170,True
provinces,2025,202504,V015_전국대비|12m차,0.9973739495798319,169,True
provinces,2025,202504,V017_전국대비|수준,1.0,169,True
provinces,2025,202504,V017_전국대비|12m차,0.9973739495798319,169,True
provinces,2025,202504,V072_공식주택보급률_%|수준,0.9910714285714286,168,True
provinces,2025,202504,V072_공식주택보급률_%|12m차,0.9847689075630253,167,True
provinces,2025,202504,D_CSI_전신계열,1.0,1,False
provinces,2025,202504,D_Wage_10th,1.0,2,True
provinces,2025,202504,D_Wage_11th,1.0,1,False
provinces,2025,202504,M10_rent_growth_1m,0.9910714285714286,1887,True
provinces,2025,202504,M10_rent_growth_6m,0.9464285714285714,1802,True
provinces,2025,202507,V003_전세가율_%|수준,1.0,387,True
provinces,2025,202507,V003_전세가율_%|12m차,1.0,375,True
provinces,2025,202507,V004_지역별전월세전환율_%|수준,1.0,1101,True
provinces,2025,202507,V004_지역별전월세전환율_%|12m차,1.0,1749,True
provinces,2025,202507,V005_월세수급동향|수준,0.991304347826087,1734,True
provinces,2025,202507,V005_월세수급동향|12m차,0.8869565217391304,1725,True
provinces,2025,202507,V009_주민등록인구_명|12m로그변화,1.0,1955,True
provinces,2025,202507,V010_주민등록세대수_세대|12m로그변화,1.0,1955,True
provinces,2025,202507,V011_20-29세_명|12m로그변화,1.0,1955,True
provinces,2025,202507,V011_20-39세_명|12m로그변화,1.0,1955,True
provinces,2025,202507,V011_20-39세비중_%|수준,1.0,1955,True
provinces,2025,202507,V011_20-39세비중_%|12m차,1.0,1955,True
provinces,2025,202507,V011_30-39세_명|12m로그변화,1.0,1955,True
provinces,2025,202507,V012_순이동자수_명|천명당12개월,1.0,1955,True
provinces,2025,202507,V013_고용률_%|수준,0.9902813299232737,176,True
provinces,2025,202507,V013_고용률_%|12m차,0.9841432225063939,174,True
provinces,2025,202507,V013_취업자_천명|12m로그변화,0.9841432225063939,1922,True
provinces,2025,202507,V021_아파트_인허가_호|12개월누적log,1.0,1845,True
provinces,2025,202507,V021_아파트_인허가_호|12개월누적log_12m차,1.0,1931,True
provinces,2025,202507,V022_아파트_착공_호|12개월누적log,1.0,1805,True
provinces,2025,202507,V022_아파트_착공_호|12개월누적log_12m차,1.0,1910,True
provinces,2025,202507,V023_아파트_준공_호|12개월누적log,1.0,1851,True
provinces,2025,202507,V023_아파트_준공_호|12개월누적log_12m차,1.0,1944,True
provinces,2025,202507,V031_매매수급동향|수준,1.0,1787,True
provinces,2025,202507,V031_매매수급동향|12m차,1.0,1940,True
provinces,2025,202507,V032_전세수급동향|수준,1.0,1768,True
provinces,2025,202507,V032_전세수급동향|12m차,1.0,1936,True
provinces,2025,202507,V034_수급동향(구)_통합|수준,0.004092071611253197,8,False
provinces,2025,202507,V034_수급동향(구)_통합|12m차,0.004092071611253197,7,False
provinces,2025,202507,V035_아파트거래_동호수_호|12개월누적log,1.0,1927,True
provinces,2025,202507,V035_아파트거래_동호수_호|12개월누적log_12m차,1.0,1955,True
provinces,2025,202507,V035_아파트거래_면적_천㎡|12개월누적log,1.0,1729,True
provinces,2025,202507,V035_아파트거래_면적_천㎡|12개월누적log_12m차,1.0,1954,True
provinces,2025,202507,V036_아파트매매거래_동호수_호|12개월누적log,1.0,1903,True
provinces,2025,202507,V036_아파트매매거래_동호수_호|12개월누적log_12m차,1.0,1955,True
provinces,2025,202507,V036_아파트매매거래_면적_천㎡|12개월누적log,1.0,1557,True
provinces,2025,202507,V036_아파트매매거래_면적_천㎡|12개월누적log_12m차,1.0,1950,True
provinces,2025,202507,V037_주택시장_소비심리지수|수준,0.9570332480818414,587,True
provinces,2025,202507,V037_주택시장_소비심리지수|12m차,0.9447570332480818,948,True
provinces,2025,202507,V038_미분양주택현황_호|log,0.99846547314578,1569,True
provinces,2025,202507,V038_미분양주택현황_호|log_12m차,0.9969309462915601,1881,True
provinces,2025,202507,V050_지역별_주택관련대출_예금은행_십억원|12m로그변화,1.0,1955,True
provinces,2025,202507,V043_한국은행_기준금리_연%|수준,1.0,11,True
provinces,2025,202507,V043_한국은행_기준금리_연%|12m차,1.0,14,True
provinces,2025,202507,V044_시장금리_CD91일_연%|수준,1.0,76,True
provinces,2025,202507,V044_시장금리_CD91일_연%|12m차,1.0,96,True
provinces,2025,202507,V045_시장금리_국고채3년_연%|수준,1.0,114,True
provinces,2025,202507,V045_시장금리_국고채3년_연%|12m차,1.0,114,True
provinces,2025,202507,V046_M2_통화량_십억원|12m로그변화,1.0,115,True
provinces,2025,202507,V048_소비자물가지수_2020=100|수준,1.0,110,True
provinces,2025,202507,V048_소비자물가지수_2020=100|12m차,1.0,111,True
provinces,2025,202507,V056_예금은행대출금리_주택담보_연리%|수준,1.0,89,True
provinces,2025,202507,V056_예금은행대출금리_주택담보_연리%|12m차,1.0,98,True
provinces,2025,202507,V057_예금은행대출금리_전세자금_연리%|수준,1.0,82,True
provinces,2025,202507,V057_예금은행대출금리_전세자금_연리%|12m차,0.9391304347826087,89,True
provinces,2025,202507,V059_비은행대출금리_주택담보_연리%|수준,1.0,92,True
provinces,2025,202507,V059_비은행대출금리_주택담보_연리%|12m차,1.0,96,True
provinces,2025,202507,V061_주택가격전망CSI_서울|수준,1.0,45,True
provinces,2025,202507,V061_주택가격전망CSI_서울|12m차,1.0,58,True
provinces,2025,202507,V062_주택가격전망CSI_6대광역시|수준,1.0,51,True
provinces,2025,202507,V062_주택가격전망CSI_6대광역시|12m차,1.0,60,True
provinces,2025,202507,V063_주택가격전망CSI_기타도시|수준,1.0,50,True
provinces,2025,202507,V063_주택가격전망CSI_기타도시|12m차,1.0,59,True
provinces,2025,202507,V064_KOSPI_종가_1980.01.04=100|수준,1.0,115,True
provinces,2025,202507,V064_KOSPI_종가_1980.01.04=100|12m차,1.0,115,True
provinces,2025,202507,V066_임금총액_사업체노동력_원|12m로그변화,1.0,115,True
provinces,2025,202507,V067_선행지수순환변동치_2020=100|수준,1.0,40,True
provinces,2025,202507,V067_선행지수순환변동치_2020=100|12m차,1.0,64,True
provinces,2025,202507,V069_예금취급기관_가계대출_십억원|12m로그변화,1.0,115,True
provinces,2025,202507,V069_예금취급기관_주택관련대출_십억원|12m로그변화,1.0,115,True
provinces,2025,202507,V070_수출금액_천불|12m로그변화,1.0,115,True
provinces,2025,202507,V071_정책대출_주금공_주택도시기금_십억원|12m로그변화,0.8869565217391304,102,True
provinces,2025,202507,V047_가계신용_총액_십억원|12m로그변화,1.0,39,True
provinces,2025,202507,V049_시간당명목임금지수_2020=100|수준,1.0,37,True
provinces,2025,202507,V049_시간당명목임금지수_2020=100|12m차,1.0,34,True
provinces,2025,202507,V060_대출태도_국내은행_가계주택|수준,1.0,28,True
provinces,2025,202507,V060_대출태도_국내은행_가계주택|12m차,1.0,33,True
provinces,2025,202507,V074_가계동향_도시2인이상_월평균소득_원|수준,0.5043478260869565,20,False
provinces,2025,202507,V074_가계동향_도시2인이상_월평균소득_원|12m차,0.5043478260869565,20,False
provinces,2025,202507,V074_연결_월평균소득_원|12m로그변화,1.0,39,True
provinces,2025,202507,V015_1인당GRDP_천원|12m로그변화,0.9974424552429667,186,True
provinces,2025,202507,V017_1인당가계총처분가능소득_천원|12m로그변화,0.9974424552429667,186,True
provinces,2025,202507,V024_주거용신축허가_동수_동|12m로그변화,0.058823529411764705,11,False
provinces,2025,202507,V024_주거용신축허가_연면적_㎡|12m로그변화,0.058823529411764705,11,False
provinces,2025,202507,V072_총조사_가구수_가구|12m로그변화,0.7913043478260869,136,True
provinces,2025,202507,V072_총조사_주택수_호|12m로그변화,0.7913043478260869,136,True
provinces,2025,202507,V076_공공+민간총계(DT_MLTM_7174)_호|12m로그변화,0.0,0,False
provinces,2025,202507,V076_공공임대계(DT_MLTM_7174)_호|12m로그변화,0.0,0,False
provinces,2025,202507,V076_민간임대계(DT_MLTM_7174)_호|12m로그변화,0.0,0,False
provinces,2025,202507,V076_민간임대(DT_MLTM_6827합계)_호|12m로그변화,0.22608695652173913,51,False
provinces,2025,202507,V077_임대주택건설공급_총계_호|12m로그변화,0.6695652173913044,119,False
provinces,2025,202507,V072_총조사단순주택수가구수비율|12m로그변화,0.7913043478260869,136,True
provinces,2025,202507,V024_주거용신축허가_동수_천세대당|수준,0.058823529411764705,11,False
provinces,2025,202507,V024_주거용신축허가_동수_천세대당|12m차,0.058823529411764705,11,False
provinces,2025,202507,V076_공공+민간총계(DT_MLTM_7174)_천세대당|수준,0.0,0,False
provinces,2025,202507,V076_공공+민간총계(DT_MLTM_7174)_천세대당|12m차,0.0,0,False
provinces,2025,202507,V076_공공임대계(DT_MLTM_7174)_천세대당|수준,0.0,0,False
provinces,2025,202507,V076_공공임대계(DT_MLTM_7174)_천세대당|12m차,0.0,0,False
provinces,2025,202507,V076_민간임대계(DT_MLTM_7174)_천세대당|수준,0.0,0,False
provinces,2025,202507,V076_민간임대계(DT_MLTM_7174)_천세대당|12m차,0.0,0,False
provinces,2025,202507,V076_민간임대(DT_MLTM_6827합계)_천세대당|수준,0.33043478260869563,68,False
provinces,2025,202507,V076_민간임대(DT_MLTM_6827합계)_천세대당|12m차,0.22608695652173913,51,False
provinces,2025,202507,V077_임대주택건설공급_총계_천세대당|수준,0.6695652173913044,119,False
provinces,2025,202507,V077_임대주택건설공급_총계_천세대당|12m차,0.6695652173913044,119,False
provinces,2025,202507,V015_전국대비|수준,1.0,187,True
provinces,2025,202507,V015_전국대비|12m차,0.9974424552429667,186,True
provinces,2025,202507,V017_전국대비|수준,1.0,186,True
provinces,2025,202507,V017_전국대비|12m차,0.9974424552429667,186,True
provinces,2025,202507,V072_공식주택보급률_%|수준,0.991304347826087,185,True
provinces,2025,202507,V072_공식주택보급률_%|12m차,0.9851662404092072,184,True
provinces,2025,202507,D_CSI_전신계열,1.0,1,False
provinces,2025,202507,D_Wage_10th,1.0,2,True
provinces,2025,202507,D_Wage_11th,1.0,1,False
provinces,2025,202507,M10_rent_growth_1m,0.991304347826087,1938,True
provinces,2025,202507,M10_rent_growth_6m,0.9478260869565217,1853,True
provinces,2025,202510,V003_전세가율_%|수준,1.0,438,True
provinces,2025,202510,V003_전세가율_%|12m차,1.0,426,True
provinces,2025,202510,V004_지역별전월세전환율_%|수준,1.0,1133,True
provinces,2025,202510,V004_지역별전월세전환율_%|12m차,1.0,1794,True
provinces,2025,202510,V005_월세수급동향|수준,0.9915254237288136,1780,True
provinces,2025,202510,V005_월세수급동향|12m차,0.8898305084745762,1775,True
provinces,2025,202510,V009_주민등록인구_명|12m로그변화,1.0,2006,True
provinces,2025,202510,V010_주민등록세대수_세대|12m로그변화,1.0,2006,True
provinces,2025,202510,V011_20-29세_명|12m로그변화,1.0,2006,True
provinces,2025,202510,V011_20-39세_명|12m로그변화,1.0,2006,True
provinces,2025,202510,V011_20-39세비중_%|수준,1.0,2006,True
provinces,2025,202510,V011_20-39세비중_%|12m차,1.0,2006,True
provinces,2025,202510,V011_30-39세_명|12m로그변화,1.0,2006,True
provinces,2025,202510,V012_순이동자수_명|천명당12개월,1.0,2006,True
provinces,2025,202510,V013_고용률_%|수준,0.9905284147557328,176,True
provinces,2025,202510,V013_고용률_%|12m차,0.9845463609172482,174,True
provinces,2025,202510,V013_취업자_천명|12m로그변화,0.9845463609172482,1973,True
provinces,2025,202510,V021_아파트_인허가_호|12개월누적log,1.0,1889,True
provinces,2025,202510,V021_아파트_인허가_호|12개월누적log_12m차,1.0,1979,True
provinces,2025,202510,V022_아파트_착공_호|12개월누적log,1.0,1843,True
provinces,2025,202510,V022_아파트_착공_호|12개월누적log_12m차,1.0,1955,True
provinces,2025,202510,V023_아파트_준공_호|12개월누적log,1.0,1895,True
provinces,2025,202510,V023_아파트_준공_호|12개월누적log_12m차,1.0,1992,True
provinces,2025,202510,V031_매매수급동향|수준,1.0,1834,True
provinces,2025,202510,V031_매매수급동향|12m차,1.0,1991,True
provinces,2025,202510,V032_전세수급동향|수준,1.0,1813,True
provinces,2025,202510,V032_전세수급동향|12m차,1.0,1986,True
provinces,2025,202510,V034_수급동향(구)_통합|수준,0.003988035892323031,8,False
provinces,2025,202510,V034_수급동향(구)_통합|12m차,0.003988035892323031,7,False
provinces,2025,202510,V035_아파트거래_동호수_호|12개월누적log,1.0,1975,True
provinces,2025,202510,V035_아파트거래_동호수_호|12개월누적log_12m차,1.0,2006,True
provinces,2025,202510,V035_아파트거래_면적_천㎡|12개월누적log,1.0,1780,True
provinces,2025,202510,V035_아파트거래_면적_천㎡|12개월누적log_12m차,1.0,2005,True
provinces,2025,202510,V036_아파트매매거래_동호수_호|12개월누적log,1.0,1951,True
provinces,2025,202510,V036_아파트매매거래_동호수_호|12개월누적log_12m차,1.0,2006,True
provinces,2025,202510,V036_아파트매매거래_면적_천㎡|12개월누적log,1.0,1608,True
provinces,2025,202510,V036_아파트매매거래_면적_천㎡|12개월누적log_12m차,1.0,2001,True
provinces,2025,202510,V037_주택시장_소비심리지수|수준,0.9581256231306082,587,True
provinces,2025,202510,V037_주택시장_소비심리지수|12m차,0.9461615154536391,955,True
provinces,2025,202510,V038_미분양주택현황_호|log,0.9985044865403788,1614,True
provinces,2025,202510,V038_미분양주택현황_호|log_12m차,0.9970089730807578,1932,True
provinces,2025,202510,V050_지역별_주택관련대출_예금은행_십억원|12m로그변화,1.0,2006,True
provinces,2025,202510,V043_한국은행_기준금리_연%|수준,1.0,12,True
provinces,2025,202510,V043_한국은행_기준금리_연%|12m차,1.0,14,True
provinces,2025,202510,V044_시장금리_CD91일_연%|수준,1.0,79,True
provinces,2025,202510,V044_시장금리_CD91일_연%|12m차,1.0,99,True
provinces,2025,202510,V045_시장금리_국고채3년_연%|수준,1.0,116,True
provinces,2025,202510,V045_시장금리_국고채3년_연%|12m차,1.0,117,True
provinces,2025,202510,V046_M2_통화량_십억원|12m로그변화,1.0,118,True
provinces,2025,202510,V048_소비자물가지수_2020=100|수준,1.0,113,True
provinces,2025,202510,V048_소비자물가지수_2020=100|12m차,1.0,113,True
provinces,2025,202510,V056_예금은행대출금리_주택담보_연리%|수준,1.0,92,True
provinces,2025,202510,V056_예금은행대출금리_주택담보_연리%|12m차,1.0,101,True
provinces,2025,202510,V057_예금은행대출금리_전세자금_연리%|수준,1.0,84,True
provinces,2025,202510,V057_예금은행대출금리_전세자금_연리%|12m차,0.940677966101695,90,True
provinces,2025,202510,V059_비은행대출금리_주택담보_연리%|수준,1.0,94,True
provinces,2025,202510,V059_비은행대출금리_주택담보_연리%|12m차,1.0,98,True
provinces,2025,202510,V061_주택가격전망CSI_서울|수준,1.0,45,True
provinces,2025,202510,V061_주택가격전망CSI_서울|12m차,1.0,58,True
provinces,2025,202510,V062_주택가격전망CSI_6대광역시|수준,1.0,51,True
provinces,2025,202510,V062_주택가격전망CSI_6대광역시|12m차,1.0,60,True
provinces,2025,202510,V063_주택가격전망CSI_기타도시|수준,1.0,50,True
provinces,2025,202510,V063_주택가격전망CSI_기타도시|12m차,1.0,59,True
provinces,2025,202510,V064_KOSPI_종가_1980.01.04=100|수준,1.0,118,True
provinces,2025,202510,V064_KOSPI_종가_1980.01.04=100|12m차,1.0,118,True
provinces,2025,202510,V066_임금총액_사업체노동력_원|12m로그변화,1.0,118,True
provinces,2025,202510,V067_선행지수순환변동치_2020=100|수준,1.0,40,True
provinces,2025,202510,V067_선행지수순환변동치_2020=100|12m차,1.0,64,True
provinces,2025,202510,V069_예금취급기관_가계대출_십억원|12m로그변화,1.0,118,True
provinces,2025,202510,V069_예금취급기관_주택관련대출_십억원|12m로그변화,1.0,118,True
provinces,2025,202510,V070_수출금액_천불|12m로그변화,1.0,118,True
provinces,2025,202510,V071_정책대출_주금공_주택도시기금_십억원|12m로그변화,0.8898305084745762,105,True
provinces,2025,202510,V047_가계신용_총액_십억원|12m로그변화,1.0,40,True
provinces,2025,202510,V049_시간당명목임금지수_2020=100|수준,1.0,38,True
provinces,2025,202510,V049_시간당명목임금지수_2020=100|12m차,1.0,35,True
provinces,2025,202510,V060_대출태도_국내은행_가계주택|수준,1.0,29,True
provinces,2025,202510,V060_대출태도_국내은행_가계주택|12m차,1.0,34,True
provinces,2025,202510,V074_가계동향_도시2인이상_월평균소득_원|수준,0.4915254237288136,20,False
provinces,2025,202510,V074_가계동향_도시2인이상_월평균소득_원|12m차,0.4915254237288136,20,False
provinces,2025,202510,V074_연결_월평균소득_원|12m로그변화,1.0,40,True
provinces,2025,202510,V015_1인당GRDP_천원|12m로그변화,0.9975074775672981,186,True
provinces,2025,202510,V017_1인당가계총처분가능소득_천원|12m로그변화,0.9975074775672981,186,True
provinces,2025,202510,V024_주거용신축허가_동수_동|12m로그변화,0.058823529411764705,11,False
provinces,2025,202510,V024_주거용신축허가_연면적_㎡|12m로그변화,0.058823529411764705,11,False
provinces,2025,202510,V072_총조사_가구수_가구|12m로그변화,0.7966101694915254,136,True
provinces,2025,202510,V072_총조사_주택수_호|12m로그변화,0.7966101694915254,136,True
provinces,2025,202510,V076_공공+민간총계(DT_MLTM_7174)_호|12m로그변화,0.0,0,False
provinces,2025,202510,V076_공공임대계(DT_MLTM_7174)_호|12m로그변화,0.0,0,False
provinces,2025,202510,V076_민간임대계(DT_MLTM_7174)_호|12m로그변화,0.0,0,False
provinces,2025,202510,V076_민간임대(DT_MLTM_6827합계)_호|12m로그변화,0.2457627118644068,51,False
provinces,2025,202510,V077_임대주택건설공급_총계_호|12m로그변화,0.652542372881356,119,False
provinces,2025,202510,V072_총조사단순주택수가구수비율|12m로그변화,0.7966101694915254,136,True
provinces,2025,202510,V024_주거용신축허가_동수_천세대당|수준,0.058823529411764705,11,False
provinces,2025,202510,V024_주거용신축허가_동수_천세대당|12m차,0.058823529411764705,11,False
provinces,2025,202510,V076_공공+민간총계(DT_MLTM_7174)_천세대당|수준,0.0,0,False
provinces,2025,202510,V076_공공+민간총계(DT_MLTM_7174)_천세대당|12m차,0.0,0,False
provinces,2025,202510,V076_공공임대계(DT_MLTM_7174)_천세대당|수준,0.0,0,False
provinces,2025,202510,V076_공공임대계(DT_MLTM_7174)_천세대당|12m차,0.0,0,False
provinces,2025,202510,V076_민간임대계(DT_MLTM_7174)_천세대당|수준,0.0,0,False
provinces,2025,202510,V076_민간임대계(DT_MLTM_7174)_천세대당|12m차,0.0,0,False
provinces,2025,202510,V076_민간임대(DT_MLTM_6827합계)_천세대당|수준,0.3474576271186441,68,False
provinces,2025,202510,V076_민간임대(DT_MLTM_6827합계)_천세대당|12m차,0.2457627118644068,51,False
provinces,2025,202510,V077_임대주택건설공급_총계_천세대당|수준,0.652542372881356,119,False
provinces,2025,202510,V077_임대주택건설공급_총계_천세대당|12m차,0.652542372881356,119,False
provinces,2025,202510,V015_전국대비|수준,1.0,187,True
provinces,2025,202510,V015_전국대비|12m차,0.9975074775672981,186,True
provinces,2025,202510,V017_전국대비|수준,1.0,186,True
provinces,2025,202510,V017_전국대비|12m차,0.9975074775672981,186,True
provinces,2025,202510,V072_공식주택보급률_%|수준,0.9915254237288136,185,True
provinces,2025,202510,V072_공식주택보급률_%|12m차,0.985543369890329,184,True
provinces,2025,202510,D_CSI_전신계열,1.0,1,False
provinces,2025,202510,D_Wage_10th,1.0,2,True
provinces,2025,202510,D_Wage_11th,1.0,1,False
provinces,2025,202510,M10_rent_growth_1m,0.9915254237288136,1989,True
provinces,2025,202510,M10_rent_growth_6m,0.9491525423728814,1904,True
seoul,2018,201801,V003_전세가율_%|수준,1.0,176,True
seoul,2018,201801,V003_전세가율_%|12m차,1.0,193,True
seoul,2018,201801,V004_지역별전월세전환율_%|수준,1.0,395,True
seoul,2018,201801,V004_지역별전월세전환율_%|12m차,1.0,595,True
seoul,2018,201801,V009_주민등록인구_명|12m로그변화,1.0,625,True
seoul,2018,201801,V010_주민등록세대수_세대|12m로그변화,1.0,625,True
seoul,2018,201801,V011_20-29세_명|12m로그변화,1.0,625,True
seoul,2018,201801,V011_20-39세_명|12m로그변화,1.0,625,True
seoul,2018,201801,V011_20-39세비중_%|수준,1.0,625,True
seoul,2018,201801,V011_20-39세비중_%|12m차,1.0,625,True
seoul,2018,201801,V011_30-39세_명|12m로그변화,1.0,625,True
seoul,2018,201801,V012_순이동자수_명|천명당12개월,1.0,625,True
seoul,2018,201801,V035_아파트거래_동호수_호|12개월누적log,1.0,603,True
seoul,2018,201801,V035_아파트거래_동호수_호|12개월누적log_12m차,1.0,625,True
seoul,2018,201801,V035_아파트거래_면적_천㎡|12개월누적log,1.0,424,True
seoul,2018,201801,V035_아파트거래_면적_천㎡|12개월누적log_12m차,1.0,618,True
seoul,2018,201801,V036_아파트매매거래_동호수_호|12개월누적log,1.0,595,True
seoul,2018,201801,V036_아파트매매거래_동호수_호|12개월누적log_12m차,1.0,625,True
seoul,2018,201801,V036_아파트매매거래_면적_천㎡|12개월누적log,1.0,377,True
seoul,2018,201801,V036_아파트매매거래_면적_천㎡|12개월누적log_12m차,1.0,615,True
seoul,2018,201801,V038_미분양주택현황_호|log,1.0,88,True
seoul,2018,201801,V038_미분양주택현황_호|log_12m차,1.0,239,True
seoul,2018,201801,V043_한국은행_기준금리_연%|수준,1.0,2,True
seoul,2018,201801,V043_한국은행_기준금리_연%|12m차,1.0,5,True
seoul,2018,201801,V044_시장금리_CD91일_연%|수준,1.0,19,True
seoul,2018,201801,V044_시장금리_CD91일_연%|12m차,1.0,22,True
seoul,2018,201801,V045_시장금리_국고채3년_연%|수준,1.0,25,True
seoul,2018,201801,V045_시장금리_국고채3년_연%|12m차,1.0,25,True
seoul,2018,201801,V046_M2_통화량_십억원|12m로그변화,1.0,25,True
seoul,2018,201801,V048_소비자물가지수_2020=100|수준,1.0,24,True
seoul,2018,201801,V048_소비자물가지수_2020=100|12m차,1.0,25,True
seoul,2018,201801,V056_예금은행대출금리_주택담보_연리%|수준,1.0,22,True
seoul,2018,201801,V056_예금은행대출금리_주택담보_연리%|12m차,1.0,22,True
seoul,2018,201801,V057_예금은행대출금리_전세자금_연리%|수준,1.0,21,True
seoul,2018,201801,V057_예금은행대출금리_전세자금_연리%|12m차,0.72,15,True
seoul,2018,201801,V059_비은행대출금리_주택담보_연리%|수준,1.0,22,True
seoul,2018,201801,V059_비은행대출금리_주택담보_연리%|12m차,1.0,23,True
seoul,2018,201801,V061_주택가격전망CSI_서울|수준,1.0,18,True
seoul,2018,201801,V061_주택가격전망CSI_서울|12m차,1.0,17,True
seoul,2018,201801,V062_주택가격전망CSI_6대광역시|수준,1.0,19,True
seoul,2018,201801,V062_주택가격전망CSI_6대광역시|12m차,1.0,18,True
seoul,2018,201801,V063_주택가격전망CSI_기타도시|수준,1.0,17,True
seoul,2018,201801,V063_주택가격전망CSI_기타도시|12m차,1.0,16,True
seoul,2018,201801,V064_KOSPI_종가_1980.01.04=100|수준,1.0,25,True
seoul,2018,201801,V064_KOSPI_종가_1980.01.04=100|12m차,1.0,25,True
seoul,2018,201801,V066_임금총액_사업체노동력_원|12m로그변화,1.0,25,True
seoul,2018,201801,V067_선행지수순환변동치_2020=100|수준,1.0,18,True
seoul,2018,201801,V067_선행지수순환변동치_2020=100|12m차,1.0,20,True
seoul,2018,201801,V069_예금취급기관_가계대출_십억원|12m로그변화,1.0,25,True
seoul,2018,201801,V069_예금취급기관_주택관련대출_십억원|12m로그변화,1.0,25,True
seoul,2018,201801,V070_수출금액_천불|12m로그변화,1.0,25,True
seoul,2018,201801,V071_정책대출_주금공_주택도시기금_십억원|12m로그변화,0.48,12,False
seoul,2018,201801,서울_V005_월세수급동향|수준,0.96,21,True
seoul,2018,201801,서울_V005_월세수급동향|12m차,0.48,12,False
seoul,2018,201801,서울_V013_고용률_%|수준,1.0,13,True
seoul,2018,201801,서울_V013_고용률_%|12m차,1.0,17,True
seoul,2018,201801,서울_V013_취업자_천명|12m로그변화,1.0,25,True
seoul,2018,201801,서울_V021_아파트_인허가_호|12개월누적log,1.0,25,True
seoul,2018,201801,서울_V021_아파트_인허가_호|12개월누적log_12m차,1.0,25,True
seoul,2018,201801,서울_V022_아파트_착공_호|12개월누적log,1.0,25,True
seoul,2018,201801,서울_V022_아파트_착공_호|12개월누적log_12m차,1.0,25,True
seoul,2018,201801,서울_V023_아파트_준공_호|12개월누적log,1.0,25,True
seoul,2018,201801,서울_V023_아파트_준공_호|12개월누적log_12m차,1.0,25,True
seoul,2018,201801,서울_V031_매매수급동향|수준,1.0,24,True
seoul,2018,201801,서울_V031_매매수급동향|12m차,1.0,25,True
seoul,2018,201801,서울_V032_전세수급동향|수준,1.0,25,True
seoul,2018,201801,서울_V032_전세수급동향|12m차,1.0,25,True
seoul,2018,201801,서울_V037_주택시장_소비심리지수|수준,1.0,25,True
seoul,2018,201801,서울_V037_주택시장_소비심리지수|12m차,1.0,25,True
seoul,2018,201801,서울_V050_지역별_주택관련대출_예금은행_십억원|12m로그변화,1.0,25,True
seoul,2018,201801,V047_가계신용_총액_십억원|12m로그변화,1.0,9,True
seoul,2018,201801,V049_시간당명목임금지수_2020=100|수준,1.0,9,True
seoul,2018,201801,V049_시간당명목임금지수_2020=100|12m차,1.0,9,True
seoul,2018,201801,V060_대출태도_국내은행_가계주택|수준,1.0,8,True
seoul,2018,201801,V060_대출태도_국내은행_가계주택|12m차,1.0,8,True
seoul,2018,201801,V074_가계동향_도시2인이상_월평균소득_원|수준,1.0,9,True
seoul,2018,201801,V074_가계동향_도시2인이상_월평균소득_원|12m차,1.0,9,True
seoul,2018,201801,V074_연결_월평균소득_원|12m로그변화,1.0,9,True
seoul,2018,201801,V024_주거용신축허가_동수_동|12m로그변화,1.0,75,True
seoul,2018,201801,V024_주거용신축허가_연면적_㎡|12m로그변화,1.0,75,True
seoul,2018,201801,V072_총조사_가구수_가구|12m로그변화,0.04,25,False
seoul,2018,201801,V072_총조사_주택수_호|12m로그변화,0.04,25,False
seoul,2018,201801,V072_총조사단순주택수가구수비율|12m로그변화,0.04,25,False
seoul,2018,201801,V024_주거용신축허가_동수_천세대당|수준,1.0,75,True
seoul,2018,201801,V024_주거용신축허가_동수_천세대당|12m차,1.0,75,True
seoul,2018,201801,V013_서울구반기_고용률_%|수준,0.0,0,False
seoul,2018,201801,V013_서울구반기_고용률_%|12m차,0.0,0,False
seoul,2018,201801,V013_서울구반기_취업자_천명|12m로그변화,0.0,0,False
seoul,2018,201801,V013_서울구_고용률_월별추정|수준,0.0,0,False
seoul,2018,201801,V013_서울구_고용률_월별추정|12m차,0.0,0,False
seoul,2018,201801,V013_서울구_취업자_월별추정|12m로그변화,0.0,0,False
seoul,2018,201801,서울_V072_공식주택보급률_%|수준,1.0,3,True
seoul,2018,201801,서울_V072_공식주택보급률_%|12m차,1.0,3,True
seoul,2018,201801,D_CSI_전신계열,1.0,1,False
seoul,2018,201801,D_Wage_10th,1.0,1,False
seoul,2018,201801,D_Wage_11th,1.0,1,False
seoul,2018,201801,M10_rent_growth_1m,0.96,600,True
seoul,2018,201801,M10_rent_growth_6m,0.76,475,True
seoul,2018,201804,V003_전세가율_%|수준,1.0,182,True
seoul,2018,201804,V003_전세가율_%|12m차,1.0,208,True
seoul,2018,201804,V004_지역별전월세전환율_%|수준,1.0,443,True
seoul,2018,201804,V004_지역별전월세전환율_%|12m차,1.0,668,True
seoul,2018,201804,V009_주민등록인구_명|12m로그변화,1.0,700,True
seoul,2018,201804,V010_주민등록세대수_세대|12m로그변화,1.0,700,True
seoul,2018,201804,V011_20-29세_명|12m로그변화,1.0,700,True
seoul,2018,201804,V011_20-39세_명|12m로그변화,1.0,700,True
seoul,2018,201804,V011_20-39세비중_%|수준,1.0,700,True
seoul,2018,201804,V011_20-39세비중_%|12m차,1.0,700,True
seoul,2018,201804,V011_30-39세_명|12m로그변화,1.0,700,True
seoul,2018,201804,V012_순이동자수_명|천명당12개월,1.0,700,True
seoul,2018,201804,V035_아파트거래_동호수_호|12개월누적log,1.0,671,True
seoul,2018,201804,V035_아파트거래_동호수_호|12개월누적log_12m차,1.0,700,True
seoul,2018,201804,V035_아파트거래_면적_천㎡|12개월누적log,1.0,457,True
seoul,2018,201804,V035_아파트거래_면적_천㎡|12개월누적log_12m차,1.0,691,True
seoul,2018,201804,V036_아파트매매거래_동호수_호|12개월누적log,1.0,660,True
seoul,2018,201804,V036_아파트매매거래_동호수_호|12개월누적log_12m차,1.0,700,True
seoul,2018,201804,V036_아파트매매거래_면적_천㎡|12개월누적log,1.0,404,True
seoul,2018,201804,V036_아파트매매거래_면적_천㎡|12개월누적log_12m차,1.0,685,True
seoul,2018,201804,V038_미분양주택현황_호|log,1.0,88,True
seoul,2018,201804,V038_미분양주택현황_호|log_12m차,1.0,251,True
seoul,2018,201804,V043_한국은행_기준금리_연%|수준,1.0,2,True
seoul,2018,201804,V043_한국은행_기준금리_연%|12m차,1.0,5,True
seoul,2018,201804,V044_시장금리_CD91일_연%|수준,1.0,19,True
seoul,2018,201804,V044_시장금리_CD91일_연%|12m차,1.0,23,True
seoul,2018,201804,V045_시장금리_국고채3년_연%|수준,1.0,28,True
seoul,2018,201804,V045_시장금리_국고채3년_연%|12m차,1.0,28,True
seoul,2018,201804,V046_M2_통화량_십억원|12m로그변화,1.0,28,True
seoul,2018,201804,V048_소비자물가지수_2020=100|수준,1.0,27,True
seoul,2018,201804,V048_소비자물가지수_2020=100|12m차,1.0,28,True
seoul,2018,201804,V056_예금은행대출금리_주택담보_연리%|수준,1.0,24,True
seoul,2018,201804,V056_예금은행대출금리_주택담보_연리%|12m차,1.0,25,True
seoul,2018,201804,V057_예금은행대출금리_전세자금_연리%|수준,1.0,22,True
seoul,2018,201804,V057_예금은행대출금리_전세자금_연리%|12m차,0.75,18,True
seoul,2018,201804,V059_비은행대출금리_주택담보_연리%|수준,1.0,24,True
seoul,2018,201804,V059_비은행대출금리_주택담보_연리%|12m차,1.0,26,True
seoul,2018,201804,V061_주택가격전망CSI_서울|수준,1.0,18,True
seoul,2018,201804,V061_주택가격전망CSI_서울|12m차,1.0,18,True
seoul,2018,201804,V062_주택가격전망CSI_6대광역시|수준,1.0,22,True
seoul,2018,201804,V062_주택가격전망CSI_6대광역시|12m차,1.0,20,True
seoul,2018,201804,V063_주택가격전망CSI_기타도시|수준,1.0,18,True
seoul,2018,201804,V063_주택가격전망CSI_기타도시|12m차,1.0,17,True
seoul,2018,201804,V064_KOSPI_종가_1980.01.04=100|수준,1.0,28,True
seoul,2018,201804,V064_KOSPI_종가_1980.01.04=100|12m차,1.0,28,True
seoul,2018,201804,V066_임금총액_사업체노동력_원|12m로그변화,1.0,28,True
seoul,2018,201804,V067_선행지수순환변동치_2020=100|수준,1.0,21,True
seoul,2018,201804,V067_선행지수순환변동치_2020=100|12m차,1.0,22,True
seoul,2018,201804,V069_예금취급기관_가계대출_십억원|12m로그변화,1.0,28,True
seoul,2018,201804,V069_예금취급기관_주택관련대출_십억원|12m로그변화,1.0,28,True
seoul,2018,201804,V070_수출금액_천불|12m로그변화,1.0,28,True
seoul,2018,201804,V071_정책대출_주금공_주택도시기금_십억원|12m로그변화,0.5357142857142857,15,False
seoul,2018,201804,서울_V005_월세수급동향|수준,0.9642857142857143,24,True
seoul,2018,201804,서울_V005_월세수급동향|12m차,0.5357142857142857,15,False
seoul,2018,201804,서울_V013_고용률_%|수준,1.0,15,True
seoul,2018,201804,서울_V013_고용률_%|12m차,1.0,17,True
seoul,2018,201804,서울_V013_취업자_천명|12m로그변화,1.0,28,True
seoul,2018,201804,서울_V021_아파트_인허가_호|12개월누적log,1.0,28,True
seoul,2018,201804,서울_V021_아파트_인허가_호|12개월누적log_12m차,1.0,28,True
seoul,2018,201804,서울_V022_아파트_착공_호|12개월누적log,1.0,28,True
seoul,2018,201804,서울_V022_아파트_착공_호|12개월누적log_12m차,1.0,28,True
seoul,2018,201804,서울_V023_아파트_준공_호|12개월누적log,1.0,28,True
seoul,2018,201804,서울_V023_아파트_준공_호|12개월누적log_12m차,1.0,28,True
seoul,2018,201804,서울_V031_매매수급동향|수준,1.0,27,True
seoul,2018,201804,서울_V031_매매수급동향|12m차,1.0,28,True
seoul,2018,201804,서울_V032_전세수급동향|수준,1.0,28,True
seoul,2018,201804,서울_V032_전세수급동향|12m차,1.0,28,True
seoul,2018,201804,서울_V037_주택시장_소비심리지수|수준,1.0,28,True
seoul,2018,201804,서울_V037_주택시장_소비심리지수|12m차,1.0,28,True
seoul,2018,201804,서울_V050_지역별_주택관련대출_예금은행_십억원|12m로그변화,1.0,28,True
seoul,2018,201804,V047_가계신용_총액_십억원|12m로그변화,1.0,10,True
seoul,2018,201804,V049_시간당명목임금지수_2020=100|수준,1.0,10,True
seoul,2018,201804,V049_시간당명목임금지수_2020=100|12m차,1.0,10,True
seoul,2018,201804,V060_대출태도_국내은행_가계주택|수준,1.0,8,True
seoul,2018,201804,V060_대출태도_국내은행_가계주택|12m차,1.0,9,True
seoul,2018,201804,V074_가계동향_도시2인이상_월평균소득_원|수준,1.0,10,True
seoul,2018,201804,V074_가계동향_도시2인이상_월평균소득_원|12m차,1.0,10,True
seoul,2018,201804,V074_연결_월평균소득_원|12m로그변화,1.0,10,True
seoul,2018,201804,V024_주거용신축허가_동수_동|12m로그변화,1.0,75,True
seoul,2018,201804,V024_주거용신축허가_연면적_㎡|12m로그변화,1.0,75,True
seoul,2018,201804,V072_총조사_가구수_가구|12m로그변화,0.14285714285714285,25,False
seoul,2018,201804,V072_총조사_주택수_호|12m로그변화,0.14285714285714285,25,False
seoul,2018,201804,V072_총조사단순주택수가구수비율|12m로그변화,0.14285714285714285,25,False
seoul,2018,201804,V024_주거용신축허가_동수_천세대당|수준,1.0,75,True
seoul,2018,201804,V024_주거용신축허가_동수_천세대당|12m차,1.0,75,True
seoul,2018,201804,V013_서울구반기_고용률_%|수준,0.0,0,False
seoul,2018,201804,V013_서울구반기_고용률_%|12m차,0.0,0,False
seoul,2018,201804,V013_서울구반기_취업자_천명|12m로그변화,0.0,0,False
seoul,2018,201804,V013_서울구_고용률_월별추정|수준,0.0,0,False
seoul,2018,201804,V013_서울구_고용률_월별추정|12m차,0.0,0,False
seoul,2018,201804,V013_서울구_취업자_월별추정|12m로그변화,0.0,0,False
seoul,2018,201804,서울_V072_공식주택보급률_%|수준,1.0,3,True
seoul,2018,201804,서울_V072_공식주택보급률_%|12m차,1.0,3,True
seoul,2018,201804,D_CSI_전신계열,1.0,1,False
seoul,2018,201804,D_Wage_10th,1.0,1,False
seoul,2018,201804,D_Wage_11th,1.0,1,False
seoul,2018,201804,M10_rent_growth_1m,0.9642857142857143,675,True
seoul,2018,201804,M10_rent_growth_6m,0.7857142857142857,550,True
seoul,2018,201807,V003_전세가율_%|수준,1.0,192,True
seoul,2018,201807,V003_전세가율_%|12m차,1.0,216,True
seoul,2018,201807,V004_지역별전월세전환율_%|수준,1.0,488,True
seoul,2018,201807,V004_지역별전월세전환율_%|12m차,1.0,741,True
seoul,2018,201807,V009_주민등록인구_명|12m로그변화,1.0,775,True
seoul,2018,201807,V010_주민등록세대수_세대|12m로그변화,1.0,775,True
seoul,2018,201807,V011_20-29세_명|12m로그변화,1.0,775,True
seoul,2018,201807,V011_20-39세_명|12m로그변화,1.0,775,True
seoul,2018,201807,V011_20-39세비중_%|수준,1.0,775,True
seoul,2018,201807,V011_20-39세비중_%|12m차,1.0,775,True
seoul,2018,201807,V011_30-39세_명|12m로그변화,1.0,775,True
seoul,2018,201807,V012_순이동자수_명|천명당12개월,1.0,775,True
seoul,2018,201807,V035_아파트거래_동호수_호|12개월누적log,1.0,742,True
seoul,2018,201807,V035_아파트거래_동호수_호|12개월누적log_12m차,1.0,775,True
seoul,2018,201807,V035_아파트거래_면적_천㎡|12개월누적log,1.0,488,True
seoul,2018,201807,V035_아파트거래_면적_천㎡|12개월누적log_12m차,1.0,763,True
seoul,2018,201807,V036_아파트매매거래_동호수_호|12개월누적log,1.0,723,True
seoul,2018,201807,V036_아파트매매거래_동호수_호|12개월누적log_12m차,1.0,775,True
seoul,2018,201807,V036_아파트매매거래_면적_천㎡|12개월누적log,1.0,433,True
seoul,2018,201807,V036_아파트매매거래_면적_천㎡|12개월누적log_12m차,1.0,754,True
seoul,2018,201807,V038_미분양주택현황_호|log,1.0,89,True
seoul,2018,201807,V038_미분양주택현황_호|log_12m차,1.0,267,True
seoul,2018,201807,V043_한국은행_기준금리_연%|수준,1.0,2,True
seoul,2018,201807,V043_한국은행_기준금리_연%|12m차,1.0,6,True
seoul,2018,201807,V044_시장금리_CD91일_연%|수준,1.0,21,True
seoul,2018,201807,V044_시장금리_CD91일_연%|12m차,1.0,26,True
seoul,2018,201807,V045_시장금리_국고채3년_연%|수준,1.0,31,True
seoul,2018,201807,V045_시장금리_국고채3년_연%|12m차,1.0,31,True
seoul,2018,201807,V046_M2_통화량_십억원|12m로그변화,1.0,31,True
seoul,2018,201807,V048_소비자물가지수_2020=100|수준,1.0,30,True
seoul,2018,201807,V048_소비자물가지수_2020=100|12m차,1.0,31,True
seoul,2018,201807,V056_예금은행대출금리_주택담보_연리%|수준,1.0,27,True
seoul,2018,201807,V056_예금은행대출금리_주택담보_연리%|12m차,1.0,28,True
seoul,2018,201807,V057_예금은행대출금리_전세자금_연리%|수준,1.0,25,True
seoul,2018,201807,V057_예금은행대출금리_전세자금_연리%|12m차,0.7741935483870968,21,True
seoul,2018,201807,V059_비은행대출금리_주택담보_연리%|수준,1.0,27,True
seoul,2018,201807,V059_비은행대출금리_주택담보_연리%|12m차,1.0,29,True
seoul,2018,201807,V061_주택가격전망CSI_서울|수준,1.0,18,True
seoul,2018,201807,V061_주택가격전망CSI_서울|12m차,1.0,20,True
seoul,2018,201807,V062_주택가격전망CSI_6대광역시|수준,1.0,22,True
seoul,2018,201807,V062_주택가격전망CSI_6대광역시|12m차,1.0,23,True
seoul,2018,201807,V063_주택가격전망CSI_기타도시|수준,1.0,18,True
seoul,2018,201807,V063_주택가격전망CSI_기타도시|12m차,1.0,19,True
seoul,2018,201807,V064_KOSPI_종가_1980.01.04=100|수준,1.0,31,True
seoul,2018,201807,V064_KOSPI_종가_1980.01.04=100|12m차,1.0,31,True
seoul,2018,201807,V066_임금총액_사업체노동력_원|12m로그변화,1.0,31,True
seoul,2018,201807,V067_선행지수순환변동치_2020=100|수준,1.0,22,True
seoul,2018,201807,V067_선행지수순환변동치_2020=100|12m차,1.0,24,True
seoul,2018,201807,V069_예금취급기관_가계대출_십억원|12m로그변화,1.0,31,True
seoul,2018,201807,V069_예금취급기관_주택관련대출_십억원|12m로그변화,1.0,31,True
seoul,2018,201807,V070_수출금액_천불|12m로그변화,1.0,31,True
seoul,2018,201807,V071_정책대출_주금공_주택도시기금_십억원|12m로그변화,0.5806451612903226,18,False
seoul,2018,201807,서울_V005_월세수급동향|수준,0.967741935483871,27,True
seoul,2018,201807,서울_V005_월세수급동향|12m차,0.5806451612903226,18,False
seoul,2018,201807,서울_V013_고용률_%|수준,1.0,15,True
seoul,2018,201807,서울_V013_고용률_%|12m차,1.0,19,True
seoul,2018,201807,서울_V013_취업자_천명|12m로그변화,1.0,31,True
seoul,2018,201807,서울_V021_아파트_인허가_호|12개월누적log,1.0,31,True
seoul,2018,201807,서울_V021_아파트_인허가_호|12개월누적log_12m차,1.0,31,True
seoul,2018,201807,서울_V022_아파트_착공_호|12개월누적log,1.0,31,True
seoul,2018,201807,서울_V022_아파트_착공_호|12개월누적log_12m차,1.0,31,True
seoul,2018,201807,서울_V023_아파트_준공_호|12개월누적log,1.0,31,True
seoul,2018,201807,서울_V023_아파트_준공_호|12개월누적log_12m차,1.0,31,True
seoul,2018,201807,서울_V031_매매수급동향|수준,1.0,30,True
seoul,2018,201807,서울_V031_매매수급동향|12m차,1.0,31,True
seoul,2018,201807,서울_V032_전세수급동향|수준,1.0,31,True
seoul,2018,201807,서울_V032_전세수급동향|12m차,1.0,31,True
seoul,2018,201807,서울_V037_주택시장_소비심리지수|수준,1.0,31,True
seoul,2018,201807,서울_V037_주택시장_소비심리지수|12m차,1.0,31,True
seoul,2018,201807,서울_V050_지역별_주택관련대출_예금은행_십억원|12m로그변화,1.0,31,True
seoul,2018,201807,V047_가계신용_총액_십억원|12m로그변화,1.0,11,True
seoul,2018,201807,V049_시간당명목임금지수_2020=100|수준,1.0,10,True
seoul,2018,201807,V049_시간당명목임금지수_2020=100|12m차,1.0,11,True
seoul,2018,201807,V060_대출태도_국내은행_가계주택|수준,1.0,9,True
seoul,2018,201807,V060_대출태도_국내은행_가계주택|12m차,1.0,9,True
seoul,2018,201807,V074_가계동향_도시2인이상_월평균소득_원|수준,1.0,11,True
seoul,2018,201807,V074_가계동향_도시2인이상_월평균소득_원|12m차,1.0,11,True
seoul,2018,201807,V074_연결_월평균소득_원|12m로그변화,1.0,11,True
seoul,2018,201807,V024_주거용신축허가_동수_동|12m로그변화,1.0,100,True
seoul,2018,201807,V024_주거용신축허가_연면적_㎡|12m로그변화,1.0,100,True
seoul,2018,201807,V072_총조사_가구수_가구|12m로그변화,0.22580645161290322,25,False
seoul,2018,201807,V072_총조사_주택수_호|12m로그변화,0.22580645161290322,25,False
seoul,2018,201807,V072_총조사단순주택수가구수비율|12m로그변화,0.22580645161290322,25,False
seoul,2018,201807,V024_주거용신축허가_동수_천세대당|수준,1.0,100,True
seoul,2018,201807,V024_주거용신축허가_동수_천세대당|12m차,1.0,100,True
seoul,2018,201807,V013_서울구반기_고용률_%|수준,0.0,0,False
seoul,2018,201807,V013_서울구반기_고용률_%|12m차,0.0,0,False
seoul,2018,201807,V013_서울구반기_취업자_천명|12m로그변화,0.0,0,False
seoul,2018,201807,V013_서울구_고용률_월별추정|수준,0.0,0,False
seoul,2018,201807,V013_서울구_고용률_월별추정|12m차,0.0,0,False
seoul,2018,201807,V013_서울구_취업자_월별추정|12m로그변화,0.0,0,False
seoul,2018,201807,서울_V072_공식주택보급률_%|수준,1.0,4,True
seoul,2018,201807,서울_V072_공식주택보급률_%|12m차,1.0,4,True
seoul,2018,201807,D_CSI_전신계열,1.0,1,False
seoul,2018,201807,D_Wage_10th,1.0,1,False
seoul,2018,201807,D_Wage_11th,1.0,1,False
seoul,2018,201807,M10_rent_growth_1m,0.967741935483871,749,True
seoul,2018,201807,M10_rent_growth_6m,0.8064516129032258,625,True
seoul,2018,201810,V003_전세가율_%|수준,1.0,201,True
seoul,2018,201810,V003_전세가율_%|12m차,1.0,239,True
seoul,2018,201810,V004_지역별전월세전환율_%|수준,1.0,525,True
seoul,2018,201810,V004_지역별전월세전환율_%|12m차,1.0,808,True
seoul,2018,201810,V009_주민등록인구_명|12m로그변화,1.0,850,True
seoul,2018,201810,V010_주민등록세대수_세대|12m로그변화,1.0,850,True
seoul,2018,201810,V011_20-29세_명|12m로그변화,1.0,850,True
seoul,2018,201810,V011_20-39세_명|12m로그변화,1.0,850,True
seoul,2018,201810,V011_20-39세비중_%|수준,1.0,850,True
seoul,2018,201810,V011_20-39세비중_%|12m차,1.0,850,True
seoul,2018,201810,V011_30-39세_명|12m로그변화,1.0,850,True
seoul,2018,201810,V012_순이동자수_명|천명당12개월,1.0,850,True
seoul,2018,201810,V035_아파트거래_동호수_호|12개월누적log,1.0,806,True
seoul,2018,201810,V035_아파트거래_동호수_호|12개월누적log_12m차,1.0,850,True
seoul,2018,201810,V035_아파트거래_면적_천㎡|12개월누적log,1.0,515,True
seoul,2018,201810,V035_아파트거래_면적_천㎡|12개월누적log_12m차,1.0,838,True
seoul,2018,201810,V036_아파트매매거래_동호수_호|12개월누적log,1.0,792,True
seoul,2018,201810,V036_아파트매매거래_동호수_호|12개월누적log_12m차,1.0,850,True
seoul,2018,201810,V036_아파트매매거래_면적_천㎡|12개월누적log,1.0,458,True
seoul,2018,201810,V036_아파트매매거래_면적_천㎡|12개월누적log_12m차,1.0,828,True
seoul,2018,201810,V038_미분양주택현황_호|log,1.0,89,True
seoul,2018,201810,V038_미분양주택현황_호|log_12m차,1.0,278,True
seoul,2018,201810,V043_한국은행_기준금리_연%|수준,1.0,2,True
seoul,2018,201810,V043_한국은행_기준금리_연%|12m차,1.0,6,True
seoul,2018,201810,V044_시장금리_CD91일_연%|수준,1.0,21,True
seoul,2018,201810,V044_시장금리_CD91일_연%|12m차,1.0,28,True
seoul,2018,201810,V045_시장금리_국고채3년_연%|수준,1.0,34,True
seoul,2018,201810,V045_시장금리_국고채3년_연%|12m차,1.0,34,True
seoul,2018,201810,V046_M2_통화량_십억원|12m로그변화,1.0,34,True
seoul,2018,201810,V048_소비자물가지수_2020=100|수준,1.0,33,True
seoul,2018,201810,V048_소비자물가지수_2020=100|12m차,1.0,33,True
seoul,2018,201810,V056_예금은행대출금리_주택담보_연리%|수준,1.0,30,True
seoul,2018,201810,V056_예금은행대출금리_주택담보_연리%|12m차,1.0,31,True
seoul,2018,201810,V057_예금은행대출금리_전세자금_연리%|수준,1.0,27,True
seoul,2018,201810,V057_예금은행대출금리_전세자금_연리%|12m차,0.7941176470588235,24,True
seoul,2018,201810,V059_비은행대출금리_주택담보_연리%|수준,1.0,29,True
seoul,2018,201810,V059_비은행대출금리_주택담보_연리%|12m차,1.0,32,True
seoul,2018,201810,V061_주택가격전망CSI_서울|수준,1.0,19,True
seoul,2018,201810,V061_주택가격전망CSI_서울|12m차,1.0,22,True
seoul,2018,201810,V062_주택가격전망CSI_6대광역시|수준,1.0,22,True
seoul,2018,201810,V062_주택가격전망CSI_6대광역시|12m차,1.0,24,True
seoul,2018,201810,V063_주택가격전망CSI_기타도시|수준,1.0,21,True
seoul,2018,201810,V063_주택가격전망CSI_기타도시|12m차,1.0,20,True
seoul,2018,201810,V064_KOSPI_종가_1980.01.04=100|수준,1.0,34,True
seoul,2018,201810,V064_KOSPI_종가_1980.01.04=100|12m차,1.0,34,True
seoul,2018,201810,V066_임금총액_사업체노동력_원|12m로그변화,1.0,34,True
seoul,2018,201810,V067_선행지수순환변동치_2020=100|수준,1.0,22,True
seoul,2018,201810,V067_선행지수순환변동치_2020=100|12m차,1.0,25,True
seoul,2018,201810,V069_예금취급기관_가계대출_십억원|12m로그변화,1.0,34,True
seoul,2018,201810,V069_예금취급기관_주택관련대출_십억원|12m로그변화,1.0,34,True
seoul,2018,201810,V070_수출금액_천불|12m로그변화,1.0,34,True
seoul,2018,201810,V071_정책대출_주금공_주택도시기금_십억원|12m로그변화,0.6176470588235294,21,False
seoul,2018,201810,서울_V005_월세수급동향|수준,0.9705882352941176,30,True
seoul,2018,201810,서울_V005_월세수급동향|12m차,0.6176470588235294,21,False
seoul,2018,201810,서울_V013_고용률_%|수준,1.0,16,True
seoul,2018,201810,서울_V013_고용률_%|12m차,1.0,19,True
seoul,2018,201810,서울_V013_취업자_천명|12m로그변화,1.0,34,True
seoul,2018,201810,서울_V021_아파트_인허가_호|12개월누적log,1.0,34,True
seoul,2018,201810,서울_V021_아파트_인허가_호|12개월누적log_12m차,1.0,34,True
seoul,2018,201810,서울_V022_아파트_착공_호|12개월누적log,1.0,34,True
seoul,2018,201810,서울_V022_아파트_착공_호|12개월누적log_12m차,1.0,34,True
seoul,2018,201810,서울_V023_아파트_준공_호|12개월누적log,1.0,34,True
seoul,2018,201810,서울_V023_아파트_준공_호|12개월누적log_12m차,1.0,34,True
seoul,2018,201810,서울_V031_매매수급동향|수준,1.0,33,True
seoul,2018,201810,서울_V031_매매수급동향|12m차,1.0,34,True
seoul,2018,201810,서울_V032_전세수급동향|수준,1.0,34,True
seoul,2018,201810,서울_V032_전세수급동향|12m차,1.0,34,True
seoul,2018,201810,서울_V037_주택시장_소비심리지수|수준,1.0,34,True
seoul,2018,201810,서울_V037_주택시장_소비심리지수|12m차,1.0,34,True
seoul,2018,201810,서울_V050_지역별_주택관련대출_예금은행_십억원|12m로그변화,1.0,34,True
seoul,2018,201810,V047_가계신용_총액_십억원|12m로그변화,1.0,12,True
seoul,2018,201810,V049_시간당명목임금지수_2020=100|수준,1.0,11,True
seoul,2018,201810,V049_시간당명목임금지수_2020=100|12m차,1.0,12,True
seoul,2018,201810,V060_대출태도_국내은행_가계주택|수준,1.0,10,True
seoul,2018,201810,V060_대출태도_국내은행_가계주택|12m차,1.0,10,True
seoul,2018,201810,V074_가계동향_도시2인이상_월평균소득_원|수준,1.0,12,True
seoul,2018,201810,V074_가계동향_도시2인이상_월평균소득_원|12m차,1.0,12,True
seoul,2018,201810,V074_연결_월평균소득_원|12m로그변화,1.0,12,True
seoul,2018,201810,V024_주거용신축허가_동수_동|12m로그변화,1.0,100,True
seoul,2018,201810,V024_주거용신축허가_연면적_㎡|12m로그변화,1.0,100,True
seoul,2018,201810,V072_총조사_가구수_가구|12m로그변화,0.29411764705882354,25,False
seoul,2018,201810,V072_총조사_주택수_호|12m로그변화,0.29411764705882354,25,False
seoul,2018,201810,V072_총조사단순주택수가구수비율|12m로그변화,0.29411764705882354,25,False
seoul,2018,201810,V024_주거용신축허가_동수_천세대당|수준,1.0,100,True
seoul,2018,201810,V024_주거용신축허가_동수_천세대당|12m차,1.0,100,True
seoul,2018,201810,V013_서울구반기_고용률_%|수준,0.0,0,False
seoul,2018,201810,V013_서울구반기_고용률_%|12m차,0.0,0,False
seoul,2018,201810,V013_서울구반기_취업자_천명|12m로그변화,0.0,0,False
seoul,2018,201810,V013_서울구_고용률_월별추정|수준,0.0,0,False
seoul,2018,201810,V013_서울구_고용률_월별추정|12m차,0.0,0,False
seoul,2018,201810,V013_서울구_취업자_월별추정|12m로그변화,0.0,0,False
seoul,2018,201810,서울_V072_공식주택보급률_%|수준,1.0,4,True
seoul,2018,201810,서울_V072_공식주택보급률_%|12m차,1.0,4,True
seoul,2018,201810,D_CSI_전신계열,1.0,1,False
seoul,2018,201810,D_Wage_10th,1.0,1,False
seoul,2018,201810,D_Wage_11th,1.0,1,False
seoul,2018,201810,M10_rent_growth_1m,0.9705882352941176,824,True
seoul,2018,201810,M10_rent_growth_6m,0.8235294117647058,700,True
seoul,2019,201901,V003_전세가율_%|수준,1.0,213,True
seoul,2019,201901,V003_전세가율_%|12m차,1.0,267,True
seoul,2019,201901,V004_지역별전월세전환율_%|수준,1.0,571,True
seoul,2019,201901,V004_지역별전월세전환율_%|12m차,1.0,875,True
seoul,2019,201901,V009_주민등록인구_명|12m로그변화,1.0,925,True
seoul,2019,201901,V010_주민등록세대수_세대|12m로그변화,1.0,925,True
seoul,2019,201901,V011_20-29세_명|12m로그변화,1.0,925,True
seoul,2019,201901,V011_20-39세_명|12m로그변화,1.0,925,True
seoul,2019,201901,V011_20-39세비중_%|수준,1.0,925,True
seoul,2019,201901,V011_20-39세비중_%|12m차,1.0,925,True
seoul,2019,201901,V011_30-39세_명|12m로그변화,1.0,925,True
seoul,2019,201901,V012_순이동자수_명|천명당12개월,1.0,925,True
seoul,2019,201901,V035_아파트거래_동호수_호|12개월누적log,1.0,872,True
seoul,2019,201901,V035_아파트거래_동호수_호|12개월누적log_12m차,1.0,925,True
seoul,2019,201901,V035_아파트거래_면적_천㎡|12개월누적log,1.0,544,True
seoul,2019,201901,V035_아파트거래_면적_천㎡|12개월누적log_12m차,1.0,911,True
seoul,2019,201901,V036_아파트매매거래_동호수_호|12개월누적log,1.0,863,True
seoul,2019,201901,V036_아파트매매거래_동호수_호|12개월누적log_12m차,1.0,925,True
seoul,2019,201901,V036_아파트매매거래_면적_천㎡|12개월누적log,1.0,475,True
seoul,2019,201901,V036_아파트매매거래_면적_천㎡|12개월누적log_12m차,1.0,902,True
seoul,2019,201901,V038_미분양주택현황_호|log,1.0,89,True
seoul,2019,201901,V038_미분양주택현황_호|log_12m차,1.0,281,True
seoul,2019,201901,V043_한국은행_기준금리_연%|수준,1.0,2,True
seoul,2019,201901,V043_한국은행_기준금리_연%|12m차,1.0,6,True
seoul,2019,201901,V044_시장금리_CD91일_연%|수준,1.0,21,True
seoul,2019,201901,V044_시장금리_CD91일_연%|12m차,1.0,30,True
seoul,2019,201901,V045_시장금리_국고채3년_연%|수준,1.0,37,True
seoul,2019,201901,V045_시장금리_국고채3년_연%|12m차,1.0,37,True
seoul,2019,201901,V046_M2_통화량_십억원|12m로그변화,1.0,37,True
seoul,2019,201901,V048_소비자물가지수_2020=100|수준,1.0,36,True
seoul,2019,201901,V048_소비자물가지수_2020=100|12m차,1.0,36,True
seoul,2019,201901,V056_예금은행대출금리_주택담보_연리%|수준,1.0,31,True
seoul,2019,201901,V056_예금은행대출금리_주택담보_연리%|12m차,1.0,33,True
seoul,2019,201901,V057_예금은행대출금리_전세자금_연리%|수준,1.0,28,True
seoul,2019,201901,V057_예금은행대출금리_전세자금_연리%|12m차,0.8108108108108109,24,True
seoul,2019,201901,V059_비은행대출금리_주택담보_연리%|수준,1.0,31,True
seoul,2019,201901,V059_비은행대출금리_주택담보_연리%|12m차,1.0,35,True
seoul,2019,201901,V061_주택가격전망CSI_서울|수준,1.0,19,True
seoul,2019,201901,V061_주택가격전망CSI_서울|12m차,1.0,24,True
seoul,2019,201901,V062_주택가격전망CSI_6대광역시|수준,1.0,22,True
seoul,2019,201901,V062_주택가격전망CSI_6대광역시|12m차,1.0,25,True
seoul,2019,201901,V063_주택가격전망CSI_기타도시|수준,1.0,22,True
seoul,2019,201901,V063_주택가격전망CSI_기타도시|12m차,1.0,21,True
seoul,2019,201901,V064_KOSPI_종가_1980.01.04=100|수준,1.0,37,True
seoul,2019,201901,V064_KOSPI_종가_1980.01.04=100|12m차,1.0,37,True
seoul,2019,201901,V066_임금총액_사업체노동력_원|12m로그변화,1.0,37,True
seoul,2019,201901,V067_선행지수순환변동치_2020=100|수준,1.0,23,True
seoul,2019,201901,V067_선행지수순환변동치_2020=100|12m차,1.0,25,True
seoul,2019,201901,V069_예금취급기관_가계대출_십억원|12m로그변화,1.0,37,True
seoul,2019,201901,V069_예금취급기관_주택관련대출_십억원|12m로그변화,1.0,37,True
seoul,2019,201901,V070_수출금액_천불|12m로그변화,1.0,37,True
seoul,2019,201901,V071_정책대출_주금공_주택도시기금_십억원|12m로그변화,0.6486486486486487,24,False
seoul,2019,201901,서울_V005_월세수급동향|수준,0.972972972972973,33,True
seoul,2019,201901,서울_V005_월세수급동향|12m차,0.6486486486486487,24,False
seoul,2019,201901,서울_V013_고용률_%|수준,1.0,16,True
seoul,2019,201901,서울_V013_고용률_%|12m차,1.0,21,True
seoul,2019,201901,서울_V013_취업자_천명|12m로그변화,1.0,37,True
seoul,2019,201901,서울_V021_아파트_인허가_호|12개월누적log,1.0,37,True
seoul,2019,201901,서울_V021_아파트_인허가_호|12개월누적log_12m차,1.0,37,True
seoul,2019,201901,서울_V022_아파트_착공_호|12개월누적log,1.0,37,True
seoul,2019,201901,서울_V022_아파트_착공_호|12개월누적log_12m차,1.0,37,True
seoul,2019,201901,서울_V023_아파트_준공_호|12개월누적log,1.0,37,True
seoul,2019,201901,서울_V023_아파트_준공_호|12개월누적log_12m차,1.0,37,True
seoul,2019,201901,서울_V031_매매수급동향|수준,1.0,36,True
seoul,2019,201901,서울_V031_매매수급동향|12m차,1.0,37,True
seoul,2019,201901,서울_V032_전세수급동향|수준,1.0,37,True
seoul,2019,201901,서울_V032_전세수급동향|12m차,1.0,37,True
seoul,2019,201901,서울_V037_주택시장_소비심리지수|수준,1.0,36,True
seoul,2019,201901,서울_V037_주택시장_소비심리지수|12m차,1.0,37,True
seoul,2019,201901,서울_V050_지역별_주택관련대출_예금은행_십억원|12m로그변화,1.0,37,True
seoul,2019,201901,V047_가계신용_총액_십억원|12m로그변화,1.0,13,True
seoul,2019,201901,V049_시간당명목임금지수_2020=100|수준,1.0,12,True
seoul,2019,201901,V049_시간당명목임금지수_2020=100|12m차,1.0,13,True
seoul,2019,201901,V060_대출태도_국내은행_가계주택|수준,1.0,10,True
seoul,2019,201901,V060_대출태도_국내은행_가계주택|12m차,1.0,11,True
seoul,2019,201901,V074_가계동향_도시2인이상_월평균소득_원|수준,1.0,13,True
seoul,2019,201901,V074_가계동향_도시2인이상_월평균소득_원|12m차,1.0,13,True
seoul,2019,201901,V074_연결_월평균소득_원|12m로그변화,1.0,13,True
seoul,2019,201901,V024_주거용신축허가_동수_동|12m로그변화,1.0,100,True
seoul,2019,201901,V024_주거용신축허가_연면적_㎡|12m로그변화,1.0,100,True
seoul,2019,201901,V072_총조사_가구수_가구|12m로그변화,0.35135135135135137,50,False
seoul,2019,201901,V072_총조사_주택수_호|12m로그변화,0.35135135135135137,50,False
seoul,2019,201901,V072_총조사단순주택수가구수비율|12m로그변화,0.35135135135135137,50,False
seoul,2019,201901,V024_주거용신축허가_동수_천세대당|수준,1.0,100,True
seoul,2019,201901,V024_주거용신축허가_동수_천세대당|12m차,1.0,100,True
seoul,2019,201901,V013_서울구반기_고용률_%|수준,0.0,0,False
seoul,2019,201901,V013_서울구반기_고용률_%|12m차,0.0,0,False
seoul,2019,201901,V013_서울구반기_취업자_천명|12m로그변화,0.0,0,False
seoul,2019,201901,V013_서울구_고용률_월별추정|수준,0.0,0,False
seoul,2019,201901,V013_서울구_고용률_월별추정|12m차,0.0,0,False
seoul,2019,201901,V013_서울구_취업자_월별추정|12m로그변화,0.0,0,False
seoul,2019,201901,서울_V072_공식주택보급률_%|수준,1.0,4,True
seoul,2019,201901,서울_V072_공식주택보급률_%|12m차,1.0,4,True
seoul,2019,201901,D_CSI_전신계열,1.0,1,False
seoul,2019,201901,D_Wage_10th,1.0,1,False
seoul,2019,201901,D_Wage_11th,1.0,1,False
seoul,2019,201901,M10_rent_growth_1m,0.972972972972973,899,True
seoul,2019,201901,M10_rent_growth_6m,0.8378378378378378,775,True
seoul,2019,201904,V003_전세가율_%|수준,1.0,225,True
seoul,2019,201904,V003_전세가율_%|12m차,1.0,287,True
seoul,2019,201904,V004_지역별전월세전환율_%|수준,1.0,616,True
seoul,2019,201904,V004_지역별전월세전환율_%|12m차,1.0,946,True
seoul,2019,201904,V009_주민등록인구_명|12m로그변화,1.0,1000,True
seoul,2019,201904,V010_주민등록세대수_세대|12m로그변화,1.0,1000,True
seoul,2019,201904,V011_20-29세_명|12m로그변화,1.0,1000,True
seoul,2019,201904,V011_20-39세_명|12m로그변화,1.0,1000,True
seoul,2019,201904,V011_20-39세비중_%|수준,1.0,1000,True
seoul,2019,201904,V011_20-39세비중_%|12m차,1.0,1000,True
seoul,2019,201904,V011_30-39세_명|12m로그변화,1.0,1000,True
seoul,2019,201904,V012_순이동자수_명|천명당12개월,1.0,1000,True
seoul,2019,201904,V035_아파트거래_동호수_호|12개월누적log,1.0,946,True
seoul,2019,201904,V035_아파트거래_동호수_호|12개월누적log_12m차,1.0,1000,True
seoul,2019,201904,V035_아파트거래_면적_천㎡|12개월누적log,1.0,568,True
seoul,2019,201904,V035_아파트거래_면적_천㎡|12개월누적log_12m차,1.0,985,True
seoul,2019,201904,V036_아파트매매거래_동호수_호|12개월누적log,1.0,927,True
seoul,2019,201904,V036_아파트매매거래_동호수_호|12개월누적log_12m차,1.0,1000,True
seoul,2019,201904,V036_아파트매매거래_면적_천㎡|12개월누적log,1.0,490,True
seoul,2019,201904,V036_아파트매매거래_면적_천㎡|12개월누적log_12m차,1.0,975,True
seoul,2019,201904,V038_미분양주택현황_호|log,1.0,89,True
seoul,2019,201904,V038_미분양주택현황_호|log_12m차,1.0,283,True
seoul,2019,201904,V043_한국은행_기준금리_연%|수준,1.0,2,True
seoul,2019,201904,V043_한국은행_기준금리_연%|12m차,1.0,6,True
seoul,2019,201904,V044_시장금리_CD91일_연%|수준,1.0,22,True
seoul,2019,201904,V044_시장금리_CD91일_연%|12m차,1.0,31,True
seoul,2019,201904,V045_시장금리_국고채3년_연%|수준,1.0,40,True
seoul,2019,201904,V045_시장금리_국고채3년_연%|12m차,1.0,40,True
seoul,2019,201904,V046_M2_통화량_십억원|12m로그변화,1.0,40,True
seoul,2019,201904,V048_소비자물가지수_2020=100|수준,1.0,39,True
seoul,2019,201904,V048_소비자물가지수_2020=100|12m차,1.0,39,True
seoul,2019,201904,V056_예금은행대출금리_주택담보_연리%|수준,1.0,34,True
seoul,2019,201904,V056_예금은행대출금리_주택담보_연리%|12m차,1.0,36,True
seoul,2019,201904,V057_예금은행대출금리_전세자금_연리%|수준,1.0,29,True
seoul,2019,201904,V057_예금은행대출금리_전세자금_연리%|12m차,0.825,27,True
seoul,2019,201904,V059_비은행대출금리_주택담보_연리%|수준,1.0,34,True
seoul,2019,201904,V059_비은행대출금리_주택담보_연리%|12m차,1.0,38,True
seoul,2019,201904,V061_주택가격전망CSI_서울|수준,1.0,21,True
seoul,2019,201904,V061_주택가격전망CSI_서울|12m차,1.0,26,True
seoul,2019,201904,V062_주택가격전망CSI_6대광역시|수준,1.0,23,True
seoul,2019,201904,V062_주택가격전망CSI_6대광역시|12m차,1.0,27,True
seoul,2019,201904,V063_주택가격전망CSI_기타도시|수준,1.0,23,True
seoul,2019,201904,V063_주택가격전망CSI_기타도시|12m차,1.0,22,True
seoul,2019,201904,V064_KOSPI_종가_1980.01.04=100|수준,1.0,40,True
seoul,2019,201904,V064_KOSPI_종가_1980.01.04=100|12m차,1.0,40,True
seoul,2019,201904,V066_임금총액_사업체노동력_원|12m로그변화,1.0,40,True
seoul,2019,201904,V067_선행지수순환변동치_2020=100|수준,1.0,23,True
seoul,2019,201904,V067_선행지수순환변동치_2020=100|12m차,1.0,27,True
seoul,2019,201904,V069_예금취급기관_가계대출_십억원|12m로그변화,1.0,40,True
seoul,2019,201904,V069_예금취급기관_주택관련대출_십억원|12m로그변화,1.0,40,True
seoul,2019,201904,V070_수출금액_천불|12m로그변화,1.0,40,True
seoul,2019,201904,V071_정책대출_주금공_주택도시기금_십억원|12m로그변화,0.675,27,False
seoul,2019,201904,서울_V005_월세수급동향|수준,0.975,36,True
seoul,2019,201904,서울_V005_월세수급동향|12m차,0.675,27,False
seoul,2019,201904,서울_V013_고용률_%|수준,1.0,17,True
seoul,2019,201904,서울_V013_고용률_%|12m차,1.0,22,True
seoul,2019,201904,서울_V013_취업자_천명|12m로그변화,1.0,40,True
seoul,2019,201904,서울_V021_아파트_인허가_호|12개월누적log,1.0,40,True
seoul,2019,201904,서울_V021_아파트_인허가_호|12개월누적log_12m차,1.0,40,True
seoul,2019,201904,서울_V022_아파트_착공_호|12개월누적log,1.0,40,True
seoul,2019,201904,서울_V022_아파트_착공_호|12개월누적log_12m차,1.0,40,True
seoul,2019,201904,서울_V023_아파트_준공_호|12개월누적log,1.0,40,True
seoul,2019,201904,서울_V023_아파트_준공_호|12개월누적log_12m차,1.0,40,True
seoul,2019,201904,서울_V031_매매수급동향|수준,1.0,39,True
seoul,2019,201904,서울_V031_매매수급동향|12m차,1.0,40,True
seoul,2019,201904,서울_V032_전세수급동향|수준,1.0,40,True
seoul,2019,201904,서울_V032_전세수급동향|12m차,1.0,40,True
seoul,2019,201904,서울_V037_주택시장_소비심리지수|수준,1.0,37,True
seoul,2019,201904,서울_V037_주택시장_소비심리지수|12m차,1.0,40,True
seoul,2019,201904,서울_V050_지역별_주택관련대출_예금은행_십억원|12m로그변화,1.0,40,True
seoul,2019,201904,V047_가계신용_총액_십억원|12m로그변화,1.0,14,True
seoul,2019,201904,V049_시간당명목임금지수_2020=100|수준,1.0,13,True
seoul,2019,201904,V049_시간당명목임금지수_2020=100|12m차,1.0,13,True
seoul,2019,201904,V060_대출태도_국내은행_가계주택|수준,1.0,11,True
seoul,2019,201904,V060_대출태도_국내은행_가계주택|12m차,1.0,12,True
seoul,2019,201904,V074_가계동향_도시2인이상_월평균소득_원|수준,1.0,14,True
seoul,2019,201904,V074_가계동향_도시2인이상_월평균소득_원|12m차,1.0,14,True
seoul,2019,201904,V074_연결_월평균소득_원|12m로그변화,1.0,14,True
seoul,2019,201904,V024_주거용신축허가_동수_동|12m로그변화,1.0,100,True
seoul,2019,201904,V024_주거용신축허가_연면적_㎡|12m로그변화,1.0,100,True
seoul,2019,201904,V072_총조사_가구수_가구|12m로그변화,0.4,50,False
seoul,2019,201904,V072_총조사_주택수_호|12m로그변화,0.4,50,False
seoul,2019,201904,V072_총조사단순주택수가구수비율|12m로그변화,0.4,50,False
seoul,2019,201904,V024_주거용신축허가_동수_천세대당|수준,1.0,100,True
seoul,2019,201904,V024_주거용신축허가_동수_천세대당|12m차,1.0,100,True
seoul,2019,201904,V013_서울구반기_고용률_%|수준,0.0,0,False
seoul,2019,201904,V013_서울구반기_고용률_%|12m차,0.0,0,False
seoul,2019,201904,V013_서울구반기_취업자_천명|12m로그변화,0.0,0,False
seoul,2019,201904,V013_서울구_고용률_월별추정|수준,0.0,0,False
seoul,2019,201904,V013_서울구_고용률_월별추정|12m차,0.0,0,False
seoul,2019,201904,V013_서울구_취업자_월별추정|12m로그변화,0.0,0,False
seoul,2019,201904,서울_V072_공식주택보급률_%|수준,1.0,4,True
seoul,2019,201904,서울_V072_공식주택보급률_%|12m차,1.0,4,True
seoul,2019,201904,D_CSI_전신계열,1.0,1,False
seoul,2019,201904,D_Wage_10th,1.0,1,False
seoul,2019,201904,D_Wage_11th,1.0,1,False
seoul,2019,201904,M10_rent_growth_1m,0.975,974,True
seoul,2019,201904,M10_rent_growth_6m,0.85,850,True
seoul,2019,201907,V003_전세가율_%|수준,1.0,233,True
seoul,2019,201907,V003_전세가율_%|12m차,1.0,306,True
seoul,2019,201907,V004_지역별전월세전환율_%|수준,1.0,661,True
seoul,2019,201907,V004_지역별전월세전환율_%|12m차,1.0,1014,True
seoul,2019,201907,V009_주민등록인구_명|12m로그변화,1.0,1075,True
seoul,2019,201907,V010_주민등록세대수_세대|12m로그변화,1.0,1075,True
seoul,2019,201907,V011_20-29세_명|12m로그변화,1.0,1075,True
seoul,2019,201907,V011_20-39세_명|12m로그변화,1.0,1075,True
seoul,2019,201907,V011_20-39세비중_%|수준,1.0,1075,True
seoul,2019,201907,V011_20-39세비중_%|12m차,1.0,1075,True
seoul,2019,201907,V011_30-39세_명|12m로그변화,1.0,1075,True
seoul,2019,201907,V012_순이동자수_명|천명당12개월,1.0,1075,True
seoul,2019,201907,V035_아파트거래_동호수_호|12개월누적log,1.0,1016,True
seoul,2019,201907,V035_아파트거래_동호수_호|12개월누적log_12m차,1.0,1075,True
seoul,2019,201907,V035_아파트거래_면적_천㎡|12개월누적log,1.0,592,True
seoul,2019,201907,V035_아파트거래_면적_천㎡|12개월누적log_12m차,1.0,1060,True
seoul,2019,201907,V036_아파트매매거래_동호수_호|12개월누적log,1.0,994,True
seoul,2019,201907,V036_아파트매매거래_동호수_호|12개월누적log_12m차,1.0,1075,True
seoul,2019,201907,V036_아파트매매거래_면적_천㎡|12개월누적log,1.0,505,True
seoul,2019,201907,V036_아파트매매거래_면적_천㎡|12개월누적log_12m차,1.0,1049,True
seoul,2019,201907,V038_미분양주택현황_호|log,1.0,89,True
seoul,2019,201907,V038_미분양주택현황_호|log_12m차,1.0,284,True
seoul,2019,201907,V043_한국은행_기준금리_연%|수준,1.0,3,True
seoul,2019,201907,V043_한국은행_기준금리_연%|12m차,1.0,6,True
seoul,2019,201907,V044_시장금리_CD91일_연%|수준,1.0,25,True
seoul,2019,201907,V044_시장금리_CD91일_연%|12m차,1.0,33,True
seoul,2019,201907,V045_시장금리_국고채3년_연%|수준,1.0,43,True
seoul,2019,201907,V045_시장금리_국고채3년_연%|12m차,1.0,43,True
seoul,2019,201907,V046_M2_통화량_십억원|12m로그변화,1.0,43,True
seoul,2019,201907,V048_소비자물가지수_2020=100|수준,1.0,42,True
seoul,2019,201907,V048_소비자물가지수_2020=100|12m차,1.0,42,True
seoul,2019,201907,V056_예금은행대출금리_주택담보_연리%|수준,1.0,35,True
seoul,2019,201907,V056_예금은행대출금리_주택담보_연리%|12m차,1.0,39,True
seoul,2019,201907,V057_예금은행대출금리_전세자금_연리%|수준,1.0,30,True
seoul,2019,201907,V057_예금은행대출금리_전세자금_연리%|12m차,0.8372093023255814,30,True
seoul,2019,201907,V059_비은행대출금리_주택담보_연리%|수준,1.0,37,True
seoul,2019,201907,V059_비은행대출금리_주택담보_연리%|12m차,1.0,41,True
seoul,2019,201907,V061_주택가격전망CSI_서울|수준,1.0,22,True
seoul,2019,201907,V061_주택가격전망CSI_서울|12m차,1.0,27,True
seoul,2019,201907,V062_주택가격전망CSI_6대광역시|수준,1.0,24,True
seoul,2019,201907,V062_주택가격전망CSI_6대광역시|12m차,1.0,28,True
seoul,2019,201907,V063_주택가격전망CSI_기타도시|수준,1.0,24,True
seoul,2019,201907,V063_주택가격전망CSI_기타도시|12m차,1.0,22,True
seoul,2019,201907,V064_KOSPI_종가_1980.01.04=100|수준,1.0,43,True
seoul,2019,201907,V064_KOSPI_종가_1980.01.04=100|12m차,1.0,43,True
seoul,2019,201907,V066_임금총액_사업체노동력_원|12m로그변화,1.0,43,True
seoul,2019,201907,V067_선행지수순환변동치_2020=100|수준,1.0,23,True
seoul,2019,201907,V067_선행지수순환변동치_2020=100|12m차,1.0,30,True
seoul,2019,201907,V069_예금취급기관_가계대출_십억원|12m로그변화,1.0,43,True
seoul,2019,201907,V069_예금취급기관_주택관련대출_십억원|12m로그변화,1.0,43,True
seoul,2019,201907,V070_수출금액_천불|12m로그변화,1.0,43,True
seoul,2019,201907,V071_정책대출_주금공_주택도시기금_십억원|12m로그변화,0.6976744186046512,30,False
seoul,2019,201907,서울_V005_월세수급동향|수준,0.9767441860465116,39,True
seoul,2019,201907,서울_V005_월세수급동향|12m차,0.6976744186046512,30,False
seoul,2019,201907,서울_V013_고용률_%|수준,1.0,17,True
seoul,2019,201907,서울_V013_고용률_%|12m차,1.0,23,True
seoul,2019,201907,서울_V013_취업자_천명|12m로그변화,1.0,43,True
seoul,2019,201907,서울_V021_아파트_인허가_호|12개월누적log,1.0,43,True
seoul,2019,201907,서울_V021_아파트_인허가_호|12개월누적log_12m차,1.0,43,True
seoul,2019,201907,서울_V022_아파트_착공_호|12개월누적log,1.0,43,True
seoul,2019,201907,서울_V022_아파트_착공_호|12개월누적log_12m차,1.0,43,True
seoul,2019,201907,서울_V023_아파트_준공_호|12개월누적log,1.0,43,True
seoul,2019,201907,서울_V023_아파트_준공_호|12개월누적log_12m차,1.0,43,True
seoul,2019,201907,서울_V031_매매수급동향|수준,1.0,42,True
seoul,2019,201907,서울_V031_매매수급동향|12m차,1.0,43,True
seoul,2019,201907,서울_V032_전세수급동향|수준,1.0,43,True
seoul,2019,201907,서울_V032_전세수급동향|12m차,1.0,43,True
seoul,2019,201907,서울_V037_주택시장_소비심리지수|수준,1.0,40,True
seoul,2019,201907,서울_V037_주택시장_소비심리지수|12m차,1.0,43,True
seoul,2019,201907,서울_V050_지역별_주택관련대출_예금은행_십억원|12m로그변화,1.0,43,True
seoul,2019,201907,V047_가계신용_총액_십억원|12m로그변화,1.0,15,True
seoul,2019,201907,V049_시간당명목임금지수_2020=100|수준,1.0,14,True
seoul,2019,201907,V049_시간당명목임금지수_2020=100|12m차,1.0,14,True
seoul,2019,201907,V060_대출태도_국내은행_가계주택|수준,1.0,12,True
seoul,2019,201907,V060_대출태도_국내은행_가계주택|12m차,1.0,13,True
seoul,2019,201907,V074_가계동향_도시2인이상_월평균소득_원|수준,1.0,15,True
seoul,2019,201907,V074_가계동향_도시2인이상_월평균소득_원|12m차,1.0,15,True
seoul,2019,201907,V074_연결_월평균소득_원|12m로그변화,1.0,15,True
seoul,2019,201907,V024_주거용신축허가_동수_동|12m로그변화,1.0,125,True
seoul,2019,201907,V024_주거용신축허가_연면적_㎡|12m로그변화,1.0,125,True
seoul,2019,201907,V072_총조사_가구수_가구|12m로그변화,0.4418604651162791,50,False
seoul,2019,201907,V072_총조사_주택수_호|12m로그변화,0.4418604651162791,50,False
seoul,2019,201907,V072_총조사단순주택수가구수비율|12m로그변화,0.4418604651162791,50,False
seoul,2019,201907,V024_주거용신축허가_동수_천세대당|수준,1.0,125,True
seoul,2019,201907,V024_주거용신축허가_동수_천세대당|12m차,1.0,125,True
seoul,2019,201907,V013_서울구반기_고용률_%|수준,0.0,0,False
seoul,2019,201907,V013_서울구반기_고용률_%|12m차,0.0,0,False
seoul,2019,201907,V013_서울구반기_취업자_천명|12m로그변화,0.0,0,False
seoul,2019,201907,V013_서울구_고용률_월별추정|수준,0.0,0,False
seoul,2019,201907,V013_서울구_고용률_월별추정|12m차,0.0,0,False
seoul,2019,201907,V013_서울구_취업자_월별추정|12m로그변화,0.0,0,False
seoul,2019,201907,서울_V072_공식주택보급률_%|수준,1.0,5,True
seoul,2019,201907,서울_V072_공식주택보급률_%|12m차,1.0,5,True
seoul,2019,201907,D_CSI_전신계열,1.0,1,False
seoul,2019,201907,D_Wage_10th,1.0,1,False
seoul,2019,201907,D_Wage_11th,1.0,1,False
seoul,2019,201907,M10_rent_growth_1m,0.9767441860465116,1049,True
seoul,2019,201907,M10_rent_growth_6m,0.8604651162790697,925,True
seoul,2019,201910,V003_전세가율_%|수준,1.0,255,True
seoul,2019,201910,V003_전세가율_%|12m차,1.0,352,True
seoul,2019,201910,V004_지역별전월세전환율_%|수준,1.0,698,True
seoul,2019,201910,V004_지역별전월세전환율_%|12m차,1.0,1083,True
seoul,2019,201910,V009_주민등록인구_명|12m로그변화,1.0,1150,True
seoul,2019,201910,V010_주민등록세대수_세대|12m로그변화,1.0,1150,True
seoul,2019,201910,V011_20-29세_명|12m로그변화,1.0,1150,True
seoul,2019,201910,V011_20-39세_명|12m로그변화,1.0,1150,True
seoul,2019,201910,V011_20-39세비중_%|수준,1.0,1150,True
seoul,2019,201910,V011_20-39세비중_%|12m차,1.0,1150,True
seoul,2019,201910,V011_30-39세_명|12m로그변화,1.0,1150,True
seoul,2019,201910,V012_순이동자수_명|천명당12개월,1.0,1150,True
seoul,2019,201910,V035_아파트거래_동호수_호|12개월누적log,1.0,1084,True
seoul,2019,201910,V035_아파트거래_동호수_호|12개월누적log_12m차,1.0,1150,True
seoul,2019,201910,V035_아파트거래_면적_천㎡|12개월누적log,1.0,618,True
seoul,2019,201910,V035_아파트거래_면적_천㎡|12개월누적log_12m차,1.0,1134,True
seoul,2019,201910,V036_아파트매매거래_동호수_호|12개월누적log,1.0,1053,True
seoul,2019,201910,V036_아파트매매거래_동호수_호|12개월누적log_12m차,1.0,1150,True
seoul,2019,201910,V036_아파트매매거래_면적_천㎡|12개월누적log,1.0,528,True
seoul,2019,201910,V036_아파트매매거래_면적_천㎡|12개월누적log_12m차,1.0,1123,True
seoul,2019,201910,V038_미분양주택현황_호|log,1.0,90,True
seoul,2019,201910,V038_미분양주택현황_호|log_12m차,1.0,287,True
seoul,2019,201910,V043_한국은행_기준금리_연%|수준,1.0,3,True
seoul,2019,201910,V043_한국은행_기준금리_연%|12m차,1.0,6,True
seoul,2019,201910,V044_시장금리_CD91일_연%|수준,1.0,27,True
seoul,2019,201910,V044_시장금리_CD91일_연%|12m차,1.0,34,True
seoul,2019,201910,V045_시장금리_국고채3년_연%|수준,1.0,46,True
seoul,2019,201910,V045_시장금리_국고채3년_연%|12m차,1.0,46,True
seoul,2019,201910,V046_M2_통화량_십억원|12m로그변화,1.0,46,True
seoul,2019,201910,V048_소비자물가지수_2020=100|수준,1.0,45,True
seoul,2019,201910,V048_소비자물가지수_2020=100|12m차,1.0,45,True
seoul,2019,201910,V056_예금은행대출금리_주택담보_연리%|수준,1.0,36,True
seoul,2019,201910,V056_예금은행대출금리_주택담보_연리%|12m차,1.0,42,True
seoul,2019,201910,V057_예금은행대출금리_전세자금_연리%|수준,1.0,31,True
seoul,2019,201910,V057_예금은행대출금리_전세자금_연리%|12m차,0.8478260869565217,32,True
seoul,2019,201910,V059_비은행대출금리_주택담보_연리%|수준,1.0,39,True
seoul,2019,201910,V059_비은행대출금리_주택담보_연리%|12m차,1.0,44,True
seoul,2019,201910,V061_주택가격전망CSI_서울|수준,1.0,24,True
seoul,2019,201910,V061_주택가격전망CSI_서울|12m차,1.0,29,True
seoul,2019,201910,V062_주택가격전망CSI_6대광역시|수준,1.0,27,True
seoul,2019,201910,V062_주택가격전망CSI_6대광역시|12m차,1.0,30,True
seoul,2019,201910,V063_주택가격전망CSI_기타도시|수준,1.0,27,True
seoul,2019,201910,V063_주택가격전망CSI_기타도시|12m차,1.0,25,True
seoul,2019,201910,V064_KOSPI_종가_1980.01.04=100|수준,1.0,46,True
seoul,2019,201910,V064_KOSPI_종가_1980.01.04=100|12m차,1.0,46,True
seoul,2019,201910,V066_임금총액_사업체노동력_원|12m로그변화,1.0,46,True
seoul,2019,201910,V067_선행지수순환변동치_2020=100|수준,1.0,23,True
seoul,2019,201910,V067_선행지수순환변동치_2020=100|12m차,1.0,33,True
seoul,2019,201910,V069_예금취급기관_가계대출_십억원|12m로그변화,1.0,46,True
seoul,2019,201910,V069_예금취급기관_주택관련대출_십억원|12m로그변화,1.0,46,True
seoul,2019,201910,V070_수출금액_천불|12m로그변화,1.0,46,True
seoul,2019,201910,V071_정책대출_주금공_주택도시기금_십억원|12m로그변화,0.717391304347826,33,True
seoul,2019,201910,서울_V005_월세수급동향|수준,0.9782608695652174,42,True
seoul,2019,201910,서울_V005_월세수급동향|12m차,0.717391304347826,33,True
seoul,2019,201910,서울_V013_고용률_%|수준,1.0,19,True
seoul,2019,201910,서울_V013_고용률_%|12m차,1.0,25,True
seoul,2019,201910,서울_V013_취업자_천명|12m로그변화,1.0,46,True
seoul,2019,201910,서울_V021_아파트_인허가_호|12개월누적log,1.0,46,True
seoul,2019,201910,서울_V021_아파트_인허가_호|12개월누적log_12m차,1.0,46,True
seoul,2019,201910,서울_V022_아파트_착공_호|12개월누적log,1.0,46,True
seoul,2019,201910,서울_V022_아파트_착공_호|12개월누적log_12m차,1.0,46,True
seoul,2019,201910,서울_V023_아파트_준공_호|12개월누적log,1.0,46,True
seoul,2019,201910,서울_V023_아파트_준공_호|12개월누적log_12m차,1.0,46,True
seoul,2019,201910,서울_V031_매매수급동향|수준,1.0,45,True
seoul,2019,201910,서울_V031_매매수급동향|12m차,1.0,46,True
seoul,2019,201910,서울_V032_전세수급동향|수준,1.0,46,True
seoul,2019,201910,서울_V032_전세수급동향|12m차,1.0,46,True
seoul,2019,201910,서울_V037_주택시장_소비심리지수|수준,1.0,43,True
seoul,2019,201910,서울_V037_주택시장_소비심리지수|12m차,1.0,46,True
seoul,2019,201910,서울_V050_지역별_주택관련대출_예금은행_십억원|12m로그변화,1.0,46,True
seoul,2019,201910,V047_가계신용_총액_십억원|12m로그변화,1.0,16,True
seoul,2019,201910,V049_시간당명목임금지수_2020=100|수준,1.0,15,True
seoul,2019,201910,V049_시간당명목임금지수_2020=100|12m차,1.0,15,True
seoul,2019,201910,V060_대출태도_국내은행_가계주택|수준,1.0,13,True
seoul,2019,201910,V060_대출태도_국내은행_가계주택|12m차,1.0,14,True
seoul,2019,201910,V074_가계동향_도시2인이상_월평균소득_원|수준,1.0,16,True
seoul,2019,201910,V074_가계동향_도시2인이상_월평균소득_원|12m차,1.0,16,True
seoul,2019,201910,V074_연결_월평균소득_원|12m로그변화,1.0,16,True
seoul,2019,201910,V024_주거용신축허가_동수_동|12m로그변화,1.0,125,True
seoul,2019,201910,V024_주거용신축허가_연면적_㎡|12m로그변화,1.0,125,True
seoul,2019,201910,V072_총조사_가구수_가구|12m로그변화,0.4782608695652174,50,False
seoul,2019,201910,V072_총조사_주택수_호|12m로그변화,0.4782608695652174,50,False
seoul,2019,201910,V072_총조사단순주택수가구수비율|12m로그변화,0.4782608695652174,50,False
seoul,2019,201910,V024_주거용신축허가_동수_천세대당|수준,1.0,125,True
seoul,2019,201910,V024_주거용신축허가_동수_천세대당|12m차,1.0,125,True
seoul,2019,201910,V013_서울구반기_고용률_%|수준,0.0,0,False
seoul,2019,201910,V013_서울구반기_고용률_%|12m차,0.0,0,False
seoul,2019,201910,V013_서울구반기_취업자_천명|12m로그변화,0.0,0,False
seoul,2019,201910,V013_서울구_고용률_월별추정|수준,0.0,0,False
seoul,2019,201910,V013_서울구_고용률_월별추정|12m차,0.0,0,False
seoul,2019,201910,V013_서울구_취업자_월별추정|12m로그변화,0.0,0,False
seoul,2019,201910,서울_V072_공식주택보급률_%|수준,1.0,5,True
seoul,2019,201910,서울_V072_공식주택보급률_%|12m차,1.0,5,True
seoul,2019,201910,D_CSI_전신계열,1.0,1,False
seoul,2019,201910,D_Wage_10th,1.0,1,False
seoul,2019,201910,D_Wage_11th,1.0,1,False
seoul,2019,201910,M10_rent_growth_1m,0.9782608695652174,1124,True
seoul,2019,201910,M10_rent_growth_6m,0.8695652173913043,1000,True
seoul,2020,202001,V003_전세가율_%|수준,1.0,262,True
seoul,2020,202001,V003_전세가율_%|12m차,1.0,380,True
seoul,2020,202001,V004_지역별전월세전환율_%|수준,1.0,738,True
seoul,2020,202001,V004_지역별전월세전환율_%|12m차,1.0,1154,True
seoul,2020,202001,V009_주민등록인구_명|12m로그변화,1.0,1225,True
seoul,2020,202001,V010_주민등록세대수_세대|12m로그변화,1.0,1225,True
seoul,2020,202001,V011_20-29세_명|12m로그변화,1.0,1225,True
seoul,2020,202001,V011_20-39세_명|12m로그변화,1.0,1225,True
seoul,2020,202001,V011_20-39세비중_%|수준,1.0,1225,True
seoul,2020,202001,V011_20-39세비중_%|12m차,1.0,1225,True
seoul,2020,202001,V011_30-39세_명|12m로그변화,1.0,1225,True
seoul,2020,202001,V012_순이동자수_명|천명당12개월,1.0,1225,True
seoul,2020,202001,V035_아파트거래_동호수_호|12개월누적log,1.0,1149,True
seoul,2020,202001,V035_아파트거래_동호수_호|12개월누적log_12m차,1.0,1225,True
seoul,2020,202001,V035_아파트거래_면적_천㎡|12개월누적log,1.0,638,True
seoul,2020,202001,V035_아파트거래_면적_천㎡|12개월누적log_12m차,1.0,1209,True
seoul,2020,202001,V036_아파트매매거래_동호수_호|12개월누적log,1.0,1117,True
seoul,2020,202001,V036_아파트매매거래_동호수_호|12개월누적log_12m차,1.0,1225,True
seoul,2020,202001,V036_아파트매매거래_면적_천㎡|12개월누적log,1.0,541,True
seoul,2020,202001,V036_아파트매매거래_면적_천㎡|12개월누적log_12m차,1.0,1198,True
seoul,2020,202001,V038_미분양주택현황_호|log,1.0,94,True
seoul,2020,202001,V038_미분양주택현황_호|log_12m차,1.0,291,True
seoul,2020,202001,V043_한국은행_기준금리_연%|수준,1.0,3,True
seoul,2020,202001,V043_한국은행_기준금리_연%|12m차,1.0,6,True
seoul,2020,202001,V044_시장금리_CD91일_연%|수준,1.0,29,True
seoul,2020,202001,V044_시장금리_CD91일_연%|12m차,1.0,36,True
seoul,2020,202001,V045_시장금리_국고채3년_연%|수준,1.0,49,True
seoul,2020,202001,V045_시장금리_국고채3년_연%|12m차,1.0,49,True
seoul,2020,202001,V046_M2_통화량_십억원|12m로그변화,1.0,49,True
seoul,2020,202001,V048_소비자물가지수_2020=100|수준,1.0,48,True
seoul,2020,202001,V048_소비자물가지수_2020=100|12m차,1.0,48,True
seoul,2020,202001,V056_예금은행대출금리_주택담보_연리%|수준,1.0,38,True
seoul,2020,202001,V056_예금은행대출금리_주택담보_연리%|12m차,1.0,44,True
seoul,2020,202001,V057_예금은행대출금리_전세자금_연리%|수준,1.0,32,True
seoul,2020,202001,V057_예금은행대출금리_전세자금_연리%|12m차,0.8571428571428571,35,True
seoul,2020,202001,V059_비은행대출금리_주택담보_연리%|수준,1.0,40,True
seoul,2020,202001,V059_비은행대출금리_주택담보_연리%|12m차,1.0,47,True
seoul,2020,202001,V061_주택가격전망CSI_서울|수준,1.0,27,True
seoul,2020,202001,V061_주택가격전망CSI_서울|12m차,1.0,31,True
seoul,2020,202001,V062_주택가격전망CSI_6대광역시|수준,1.0,28,True
seoul,2020,202001,V062_주택가격전망CSI_6대광역시|12m차,1.0,31,True
seoul,2020,202001,V063_주택가격전망CSI_기타도시|수준,1.0,29,True
seoul,2020,202001,V063_주택가격전망CSI_기타도시|12m차,1.0,26,True
seoul,2020,202001,V064_KOSPI_종가_1980.01.04=100|수준,1.0,49,True
seoul,2020,202001,V064_KOSPI_종가_1980.01.04=100|12m차,1.0,49,True
seoul,2020,202001,V066_임금총액_사업체노동력_원|12m로그변화,1.0,49,True
seoul,2020,202001,V067_선행지수순환변동치_2020=100|수준,1.0,25,True
seoul,2020,202001,V067_선행지수순환변동치_2020=100|12m차,1.0,35,True
seoul,2020,202001,V069_예금취급기관_가계대출_십억원|12m로그변화,1.0,49,True
seoul,2020,202001,V069_예금취급기관_주택관련대출_십억원|12m로그변화,1.0,49,True
seoul,2020,202001,V070_수출금액_천불|12m로그변화,1.0,49,True
seoul,2020,202001,V071_정책대출_주금공_주택도시기금_십억원|12m로그변화,0.7346938775510204,36,True
seoul,2020,202001,서울_V005_월세수급동향|수준,0.9795918367346939,45,True
seoul,2020,202001,서울_V005_월세수급동향|12m차,0.7346938775510204,36,True
seoul,2020,202001,서울_V013_고용률_%|수준,1.0,19,True
seoul,2020,202001,서울_V013_고용률_%|12m차,1.0,27,True
seoul,2020,202001,서울_V013_취업자_천명|12m로그변화,1.0,49,True
seoul,2020,202001,서울_V021_아파트_인허가_호|12개월누적log,1.0,49,True
seoul,2020,202001,서울_V021_아파트_인허가_호|12개월누적log_12m차,1.0,49,True
seoul,2020,202001,서울_V022_아파트_착공_호|12개월누적log,1.0,49,True
seoul,2020,202001,서울_V022_아파트_착공_호|12개월누적log_12m차,1.0,49,True
seoul,2020,202001,서울_V023_아파트_준공_호|12개월누적log,1.0,49,True
seoul,2020,202001,서울_V023_아파트_준공_호|12개월누적log_12m차,1.0,49,True
seoul,2020,202001,서울_V031_매매수급동향|수준,1.0,48,True
seoul,2020,202001,서울_V031_매매수급동향|12m차,1.0,49,True
seoul,2020,202001,서울_V032_전세수급동향|수준,1.0,49,True
seoul,2020,202001,서울_V032_전세수급동향|12m차,1.0,49,True
seoul,2020,202001,서울_V037_주택시장_소비심리지수|수준,1.0,46,True
seoul,2020,202001,서울_V037_주택시장_소비심리지수|12m차,1.0,49,True
seoul,2020,202001,서울_V050_지역별_주택관련대출_예금은행_십억원|12m로그변화,1.0,49,True
seoul,2020,202001,V047_가계신용_총액_십억원|12m로그변화,1.0,17,True
seoul,2020,202001,V049_시간당명목임금지수_2020=100|수준,1.0,16,True
seoul,2020,202001,V049_시간당명목임금지수_2020=100|12m차,1.0,16,True
seoul,2020,202001,V060_대출태도_국내은행_가계주택|수준,1.0,14,True
seoul,2020,202001,V060_대출태도_국내은행_가계주택|12m차,1.0,15,True
seoul,2020,202001,V074_가계동향_도시2인이상_월평균소득_원|수준,1.0,17,True
seoul,2020,202001,V074_가계동향_도시2인이상_월평균소득_원|12m차,1.0,17,True
seoul,2020,202001,V074_연결_월평균소득_원|12m로그변화,1.0,17,True
seoul,2020,202001,V024_주거용신축허가_동수_동|12m로그변화,1.0,125,True
seoul,2020,202001,V024_주거용신축허가_연면적_㎡|12m로그변화,1.0,125,True
seoul,2020,202001,V072_총조사_가구수_가구|12m로그변화,0.5102040816326531,75,False
seoul,2020,202001,V072_총조사_주택수_호|12m로그변화,0.5102040816326531,75,False
seoul,2020,202001,V072_총조사단순주택수가구수비율|12m로그변화,0.5102040816326531,75,False
seoul,2020,202001,V024_주거용신축허가_동수_천세대당|수준,1.0,125,True
seoul,2020,202001,V024_주거용신축허가_동수_천세대당|12m차,1.0,125,True
seoul,2020,202001,V013_서울구반기_고용률_%|수준,0.0,0,False
seoul,2020,202001,V013_서울구반기_고용률_%|12m차,0.0,0,False
seoul,2020,202001,V013_서울구반기_취업자_천명|12m로그변화,0.0,0,False
seoul,2020,202001,V013_서울구_고용률_월별추정|수준,0.0,0,False
seoul,2020,202001,V013_서울구_고용률_월별추정|12m차,0.0,0,False
seoul,2020,202001,V013_서울구_취업자_월별추정|12m로그변화,0.0,0,False
seoul,2020,202001,서울_V072_공식주택보급률_%|수준,1.0,5,True
seoul,2020,202001,서울_V072_공식주택보급률_%|12m차,1.0,5,True
seoul,2020,202001,D_CSI_전신계열,1.0,1,False
seoul,2020,202001,D_Wage_10th,1.0,1,False
seoul,2020,202001,D_Wage_11th,1.0,1,False
seoul,2020,202001,M10_rent_growth_1m,0.9795918367346939,1198,True
seoul,2020,202001,M10_rent_growth_6m,0.8775510204081632,1075,True
seoul,2020,202004,V003_전세가율_%|수준,1.0,268,True
seoul,2020,202004,V003_전세가율_%|12m차,1.0,405,True
seoul,2020,202004,V004_지역별전월세전환율_%|수준,1.0,774,True
seoul,2020,202004,V004_지역별전월세전환율_%|12m차,1.0,1225,True
seoul,2020,202004,V009_주민등록인구_명|12m로그변화,1.0,1300,True
seoul,2020,202004,V010_주민등록세대수_세대|12m로그변화,1.0,1300,True
seoul,2020,202004,V011_20-29세_명|12m로그변화,1.0,1300,True
seoul,2020,202004,V011_20-39세_명|12m로그변화,1.0,1300,True
seoul,2020,202004,V011_20-39세비중_%|수준,1.0,1300,True
seoul,2020,202004,V011_20-39세비중_%|12m차,1.0,1300,True
seoul,2020,202004,V011_30-39세_명|12m로그변화,1.0,1300,True
seoul,2020,202004,V012_순이동자수_명|천명당12개월,1.0,1300,True
seoul,2020,202004,V035_아파트거래_동호수_호|12개월누적log,1.0,1209,True
seoul,2020,202004,V035_아파트거래_동호수_호|12개월누적log_12m차,1.0,1300,True
seoul,2020,202004,V035_아파트거래_면적_천㎡|12개월누적log,1.0,651,True
seoul,2020,202004,V035_아파트거래_면적_천㎡|12개월누적log_12m차,1.0,1283,True
seoul,2020,202004,V036_아파트매매거래_동호수_호|12개월누적log,1.0,1181,True
seoul,2020,202004,V036_아파트매매거래_동호수_호|12개월누적log_12m차,1.0,1300,True
seoul,2020,202004,V036_아파트매매거래_면적_천㎡|12개월누적log,1.0,554,True
seoul,2020,202004,V036_아파트매매거래_면적_천㎡|12개월누적log_12m차,1.0,1273,True
seoul,2020,202004,V038_미분양주택현황_호|log,1.0,95,True
seoul,2020,202004,V038_미분양주택현황_호|log_12m차,1.0,294,True
seoul,2020,202004,V043_한국은행_기준금리_연%|수준,1.0,3,True
seoul,2020,202004,V043_한국은행_기준금리_연%|12m차,1.0,6,True
seoul,2020,202004,V044_시장금리_CD91일_연%|수준,1.0,30,True
seoul,2020,202004,V044_시장금리_CD91일_연%|12m차,1.0,38,True
seoul,2020,202004,V045_시장금리_국고채3년_연%|수준,1.0,52,True
seoul,2020,202004,V045_시장금리_국고채3년_연%|12m차,1.0,52,True
seoul,2020,202004,V046_M2_통화량_십억원|12m로그변화,1.0,52,True
seoul,2020,202004,V048_소비자물가지수_2020=100|수준,1.0,51,True
seoul,2020,202004,V048_소비자물가지수_2020=100|12m차,1.0,51,True
seoul,2020,202004,V056_예금은행대출금리_주택담보_연리%|수준,1.0,41,True
seoul,2020,202004,V056_예금은행대출금리_주택담보_연리%|12m차,1.0,47,True
seoul,2020,202004,V057_예금은행대출금리_전세자금_연리%|수준,1.0,33,True
seoul,2020,202004,V057_예금은행대출금리_전세자금_연리%|12m차,0.8653846153846154,38,True
seoul,2020,202004,V059_비은행대출금리_주택담보_연리%|수준,1.0,42,True
seoul,2020,202004,V059_비은행대출금리_주택담보_연리%|12m차,1.0,49,True
seoul,2020,202004,V061_주택가격전망CSI_서울|수준,1.0,28,True
seoul,2020,202004,V061_주택가격전망CSI_서울|12m차,1.0,31,True
seoul,2020,202004,V062_주택가격전망CSI_6대광역시|수준,1.0,29,True
seoul,2020,202004,V062_주택가격전망CSI_6대광역시|12m차,1.0,32,True
seoul,2020,202004,V063_주택가격전망CSI_기타도시|수준,1.0,29,True
seoul,2020,202004,V063_주택가격전망CSI_기타도시|12m차,1.0,28,True
seoul,2020,202004,V064_KOSPI_종가_1980.01.04=100|수준,1.0,52,True
seoul,2020,202004,V064_KOSPI_종가_1980.01.04=100|12m차,1.0,52,True
seoul,2020,202004,V066_임금총액_사업체노동력_원|12m로그변화,1.0,52,True
seoul,2020,202004,V067_선행지수순환변동치_2020=100|수준,1.0,27,True
seoul,2020,202004,V067_선행지수순환변동치_2020=100|12m차,1.0,36,True
seoul,2020,202004,V069_예금취급기관_가계대출_십억원|12m로그변화,1.0,52,True
seoul,2020,202004,V069_예금취급기관_주택관련대출_십억원|12m로그변화,1.0,52,True
seoul,2020,202004,V070_수출금액_천불|12m로그변화,1.0,52,True
seoul,2020,202004,V071_정책대출_주금공_주택도시기금_십억원|12m로그변화,0.75,39,True
seoul,2020,202004,서울_V005_월세수급동향|수준,0.9807692307692307,48,True
seoul,2020,202004,서울_V005_월세수급동향|12m차,0.75,39,True
seoul,2020,202004,서울_V013_고용률_%|수준,1.0,19,True
seoul,2020,202004,서울_V013_고용률_%|12m차,1.0,30,True
seoul,2020,202004,서울_V013_취업자_천명|12m로그변화,1.0,52,True
seoul,2020,202004,서울_V021_아파트_인허가_호|12개월누적log,1.0,52,True
seoul,2020,202004,서울_V021_아파트_인허가_호|12개월누적log_12m차,1.0,52,True
seoul,2020,202004,서울_V022_아파트_착공_호|12개월누적log,1.0,52,True
seoul,2020,202004,서울_V022_아파트_착공_호|12개월누적log_12m차,1.0,52,True
seoul,2020,202004,서울_V023_아파트_준공_호|12개월누적log,1.0,52,True
seoul,2020,202004,서울_V023_아파트_준공_호|12개월누적log_12m차,1.0,52,True
seoul,2020,202004,서울_V031_매매수급동향|수준,1.0,51,True
seoul,2020,202004,서울_V031_매매수급동향|12m차,1.0,52,True
seoul,2020,202004,서울_V032_전세수급동향|수준,1.0,52,True
seoul,2020,202004,서울_V032_전세수급동향|12m차,1.0,52,True
seoul,2020,202004,서울_V037_주택시장_소비심리지수|수준,1.0,49,True
seoul,2020,202004,서울_V037_주택시장_소비심리지수|12m차,1.0,52,True
seoul,2020,202004,서울_V050_지역별_주택관련대출_예금은행_십억원|12m로그변화,1.0,52,True
seoul,2020,202004,V047_가계신용_총액_십억원|12m로그변화,1.0,18,True
seoul,2020,202004,V049_시간당명목임금지수_2020=100|수준,1.0,17,True
seoul,2020,202004,V049_시간당명목임금지수_2020=100|12m차,1.0,17,True
seoul,2020,202004,V060_대출태도_국내은행_가계주택|수준,1.0,14,True
seoul,2020,202004,V060_대출태도_국내은행_가계주택|12m차,1.0,16,True
seoul,2020,202004,V074_가계동향_도시2인이상_월평균소득_원|수준,1.0,18,True
seoul,2020,202004,V074_가계동향_도시2인이상_월평균소득_원|12m차,1.0,18,True
seoul,2020,202004,V074_연결_월평균소득_원|12m로그변화,1.0,18,True
seoul,2020,202004,V024_주거용신축허가_동수_동|12m로그변화,1.0,125,True
seoul,2020,202004,V024_주거용신축허가_연면적_㎡|12m로그변화,1.0,125,True
seoul,2020,202004,V072_총조사_가구수_가구|12m로그변화,0.5384615384615384,75,False
seoul,2020,202004,V072_총조사_주택수_호|12m로그변화,0.5384615384615384,75,False
seoul,2020,202004,V072_총조사단순주택수가구수비율|12m로그변화,0.5384615384615384,75,False
seoul,2020,202004,V024_주거용신축허가_동수_천세대당|수준,1.0,125,True
seoul,2020,202004,V024_주거용신축허가_동수_천세대당|12m차,1.0,125,True
seoul,2020,202004,V013_서울구반기_고용률_%|수준,0.0,0,False
seoul,2020,202004,V013_서울구반기_고용률_%|12m차,0.0,0,False
seoul,2020,202004,V013_서울구반기_취업자_천명|12m로그변화,0.0,0,False
seoul,2020,202004,V013_서울구_고용률_월별추정|수준,0.0,0,False
seoul,2020,202004,V013_서울구_고용률_월별추정|12m차,0.0,0,False
seoul,2020,202004,V013_서울구_취업자_월별추정|12m로그변화,0.0,0,False
seoul,2020,202004,서울_V072_공식주택보급률_%|수준,1.0,5,True
seoul,2020,202004,서울_V072_공식주택보급률_%|12m차,1.0,5,True
seoul,2020,202004,D_CSI_전신계열,1.0,1,False
seoul,2020,202004,D_Wage_10th,1.0,1,False
seoul,2020,202004,D_Wage_11th,1.0,1,False
seoul,2020,202004,M10_rent_growth_1m,0.9807692307692307,1273,True
seoul,2020,202004,M10_rent_growth_6m,0.8846153846153846,1150,True
seoul,2020,202007,V003_전세가율_%|수준,1.0,283,True
seoul,2020,202007,V003_전세가율_%|12m차,1.0,420,True
seoul,2020,202007,V004_지역별전월세전환율_%|수준,1.0,817,True
seoul,2020,202007,V004_지역별전월세전환율_%|12m차,1.0,1293,True
seoul,2020,202007,V009_주민등록인구_명|12m로그변화,1.0,1375,True
seoul,2020,202007,V010_주민등록세대수_세대|12m로그변화,1.0,1375,True
seoul,2020,202007,V011_20-29세_명|12m로그변화,1.0,1375,True
seoul,2020,202007,V011_20-39세_명|12m로그변화,1.0,1375,True
seoul,2020,202007,V011_20-39세비중_%|수준,1.0,1375,True
seoul,2020,202007,V011_20-39세비중_%|12m차,1.0,1375,True
seoul,2020,202007,V011_30-39세_명|12m로그변화,1.0,1375,True
seoul,2020,202007,V012_순이동자수_명|천명당12개월,1.0,1375,True
seoul,2020,202007,V035_아파트거래_동호수_호|12개월누적log,1.0,1275,True
seoul,2020,202007,V035_아파트거래_동호수_호|12개월누적log_12m차,1.0,1375,True
seoul,2020,202007,V035_아파트거래_면적_천㎡|12개월누적log,1.0,667,True
seoul,2020,202007,V035_아파트거래_면적_천㎡|12개월누적log_12m차,1.0,1355,True
seoul,2020,202007,V036_아파트매매거래_동호수_호|12개월누적log,1.0,1243,True
seoul,2020,202007,V036_아파트매매거래_동호수_호|12개월누적log_12m차,1.0,1375,True
seoul,2020,202007,V036_아파트매매거래_면적_천㎡|12개월누적log,1.0,560,True
seoul,2020,202007,V036_아파트매매거래_면적_천㎡|12개월누적log_12m차,1.0,1346,True
seoul,2020,202007,V038_미분양주택현황_호|log,1.0,96,True
seoul,2020,202007,V038_미분양주택현황_호|log_12m차,1.0,297,True
seoul,2020,202007,V043_한국은행_기준금리_연%|수준,1.0,3,True
seoul,2020,202007,V043_한국은행_기준금리_연%|12m차,1.0,6,True
seoul,2020,202007,V044_시장금리_CD91일_연%|수준,1.0,33,True
seoul,2020,202007,V044_시장금리_CD91일_연%|12m차,1.0,41,True
seoul,2020,202007,V045_시장금리_국고채3년_연%|수준,1.0,55,True
seoul,2020,202007,V045_시장금리_국고채3년_연%|12m차,1.0,55,True
seoul,2020,202007,V046_M2_통화량_십억원|12m로그변화,1.0,55,True
seoul,2020,202007,V048_소비자물가지수_2020=100|수준,1.0,52,True
seoul,2020,202007,V048_소비자물가지수_2020=100|12m차,1.0,54,True
seoul,2020,202007,V056_예금은행대출금리_주택담보_연리%|수준,1.0,43,True
seoul,2020,202007,V056_예금은행대출금리_주택담보_연리%|12m차,1.0,50,True
seoul,2020,202007,V057_예금은행대출금리_전세자금_연리%|수준,1.0,35,True
seoul,2020,202007,V057_예금은행대출금리_전세자금_연리%|12m차,0.8727272727272727,38,True
seoul,2020,202007,V059_비은행대출금리_주택담보_연리%|수준,1.0,45,True
seoul,2020,202007,V059_비은행대출금리_주택담보_연리%|12m차,1.0,51,True
seoul,2020,202007,V061_주택가격전망CSI_서울|수준,1.0,30,True
seoul,2020,202007,V061_주택가격전망CSI_서울|12m차,1.0,34,True
seoul,2020,202007,V062_주택가격전망CSI_6대광역시|수준,1.0,31,True
seoul,2020,202007,V062_주택가격전망CSI_6대광역시|12m차,1.0,35,True
seoul,2020,202007,V063_주택가격전망CSI_기타도시|수준,1.0,30,True
seoul,2020,202007,V063_주택가격전망CSI_기타도시|12m차,1.0,31,True
seoul,2020,202007,V064_KOSPI_종가_1980.01.04=100|수준,1.0,55,True
seoul,2020,202007,V064_KOSPI_종가_1980.01.04=100|12m차,1.0,55,True
seoul,2020,202007,V066_임금총액_사업체노동력_원|12m로그변화,1.0,55,True
seoul,2020,202007,V067_선행지수순환변동치_2020=100|수준,1.0,28,True
seoul,2020,202007,V067_선행지수순환변동치_2020=100|12m차,1.0,37,True
seoul,2020,202007,V069_예금취급기관_가계대출_십억원|12m로그변화,1.0,55,True
seoul,2020,202007,V069_예금취급기관_주택관련대출_십억원|12m로그변화,1.0,55,True
seoul,2020,202007,V070_수출금액_천불|12m로그변화,1.0,55,True
seoul,2020,202007,V071_정책대출_주금공_주택도시기금_십억원|12m로그변화,0.7636363636363637,42,True
seoul,2020,202007,서울_V005_월세수급동향|수준,0.9818181818181818,51,True
seoul,2020,202007,서울_V005_월세수급동향|12m차,0.7636363636363637,42,True
seoul,2020,202007,서울_V013_고용률_%|수준,1.0,20,True
seoul,2020,202007,서울_V013_고용률_%|12m차,1.0,31,True
seoul,2020,202007,서울_V013_취업자_천명|12m로그변화,1.0,55,True
seoul,2020,202007,서울_V021_아파트_인허가_호|12개월누적log,1.0,55,True
seoul,2020,202007,서울_V021_아파트_인허가_호|12개월누적log_12m차,1.0,55,True
seoul,2020,202007,서울_V022_아파트_착공_호|12개월누적log,1.0,55,True
seoul,2020,202007,서울_V022_아파트_착공_호|12개월누적log_12m차,1.0,55,True
seoul,2020,202007,서울_V023_아파트_준공_호|12개월누적log,1.0,55,True
seoul,2020,202007,서울_V023_아파트_준공_호|12개월누적log_12m차,1.0,55,True
seoul,2020,202007,서울_V031_매매수급동향|수준,1.0,54,True
seoul,2020,202007,서울_V031_매매수급동향|12m차,1.0,55,True
seoul,2020,202007,서울_V032_전세수급동향|수준,1.0,55,True
seoul,2020,202007,서울_V032_전세수급동향|12m차,1.0,55,True
seoul,2020,202007,서울_V037_주택시장_소비심리지수|수준,1.0,51,True
seoul,2020,202007,서울_V037_주택시장_소비심리지수|12m차,1.0,55,True
seoul,2020,202007,서울_V050_지역별_주택관련대출_예금은행_십억원|12m로그변화,1.0,55,True
seoul,2020,202007,V047_가계신용_총액_십억원|12m로그변화,1.0,19,True
seoul,2020,202007,V049_시간당명목임금지수_2020=100|수준,1.0,18,True
seoul,2020,202007,V049_시간당명목임금지수_2020=100|12m차,1.0,17,True
seoul,2020,202007,V060_대출태도_국내은행_가계주택|수준,1.0,14,True
seoul,2020,202007,V060_대출태도_국내은행_가계주택|12m차,1.0,17,True
seoul,2020,202007,V074_가계동향_도시2인이상_월평균소득_원|수준,1.0,19,True
seoul,2020,202007,V074_가계동향_도시2인이상_월평균소득_원|12m차,1.0,19,True
seoul,2020,202007,V074_연결_월평균소득_원|12m로그변화,1.0,19,True
seoul,2020,202007,V024_주거용신축허가_동수_동|12m로그변화,1.0,149,True
seoul,2020,202007,V024_주거용신축허가_연면적_㎡|12m로그변화,1.0,150,True
seoul,2020,202007,V072_총조사_가구수_가구|12m로그변화,0.5636363636363636,75,False
seoul,2020,202007,V072_총조사_주택수_호|12m로그변화,0.5636363636363636,75,False
seoul,2020,202007,V072_총조사단순주택수가구수비율|12m로그변화,0.5636363636363636,75,False
seoul,2020,202007,V024_주거용신축허가_동수_천세대당|수준,1.0,150,True
seoul,2020,202007,V024_주거용신축허가_동수_천세대당|12m차,1.0,150,True
seoul,2020,202007,V013_서울구반기_고용률_%|수준,0.0,0,False
seoul,2020,202007,V013_서울구반기_고용률_%|12m차,0.0,0,False
seoul,2020,202007,V013_서울구반기_취업자_천명|12m로그변화,0.0,0,False
seoul,2020,202007,V013_서울구_고용률_월별추정|수준,0.0,0,False
seoul,2020,202007,V013_서울구_고용률_월별추정|12m차,0.0,0,False
seoul,2020,202007,V013_서울구_취업자_월별추정|12m로그변화,0.0,0,False
seoul,2020,202007,서울_V072_공식주택보급률_%|수준,1.0,6,True
seoul,2020,202007,서울_V072_공식주택보급률_%|12m차,1.0,6,True
seoul,2020,202007,D_CSI_전신계열,1.0,1,False
seoul,2020,202007,D_Wage_10th,1.0,1,False
seoul,2020,202007,D_Wage_11th,1.0,1,False
seoul,2020,202007,M10_rent_growth_1m,0.9818181818181818,1348,True
seoul,2020,202007,M10_rent_growth_6m,0.8909090909090909,1225,True
seoul,2020,202010,V003_전세가율_%|수준,1.0,293,True
seoul,2020,202010,V003_전세가율_%|12m차,1.0,429,True
seoul,2020,202010,V004_지역별전월세전환율_%|수준,1.0,853,True
seoul,2020,202010,V004_지역별전월세전환율_%|12m차,1.0,1361,True
seoul,2020,202010,V009_주민등록인구_명|12m로그변화,1.0,1450,True
seoul,2020,202010,V010_주민등록세대수_세대|12m로그변화,1.0,1450,True
seoul,2020,202010,V011_20-29세_명|12m로그변화,1.0,1450,True
seoul,2020,202010,V011_20-39세_명|12m로그변화,1.0,1450,True
seoul,2020,202010,V011_20-39세비중_%|수준,1.0,1450,True
seoul,2020,202010,V011_20-39세비중_%|12m차,1.0,1450,True
seoul,2020,202010,V011_30-39세_명|12m로그변화,1.0,1450,True
seoul,2020,202010,V012_순이동자수_명|천명당12개월,1.0,1450,True
seoul,2020,202010,V035_아파트거래_동호수_호|12개월누적log,1.0,1336,True
seoul,2020,202010,V035_아파트거래_동호수_호|12개월누적log_12m차,1.0,1450,True
seoul,2020,202010,V035_아파트거래_면적_천㎡|12개월누적log,1.0,688,True
seoul,2020,202010,V035_아파트거래_면적_천㎡|12개월누적log_12m차,1.0,1428,True
seoul,2020,202010,V036_아파트매매거래_동호수_호|12개월누적log,1.0,1306,True
seoul,2020,202010,V036_아파트매매거래_동호수_호|12개월누적log_12m차,1.0,1450,True
seoul,2020,202010,V036_아파트매매거래_면적_천㎡|12개월누적log,1.0,570,True
seoul,2020,202010,V036_아파트매매거래_면적_천㎡|12개월누적log_12m차,1.0,1416,True
seoul,2020,202010,V038_미분양주택현황_호|log,1.0,96,True
seoul,2020,202010,V038_미분양주택현황_호|log_12m차,1.0,305,True
seoul,2020,202010,V043_한국은행_기준금리_연%|수준,1.0,4,True
seoul,2020,202010,V043_한국은행_기준금리_연%|12m차,1.0,6,True
seoul,2020,202010,V044_시장금리_CD91일_연%|수준,1.0,35,True
seoul,2020,202010,V044_시장금리_CD91일_연%|12m차,1.0,44,True
seoul,2020,202010,V045_시장금리_국고채3년_연%|수준,1.0,58,True
seoul,2020,202010,V045_시장금리_국고채3년_연%|12m차,1.0,58,True
seoul,2020,202010,V046_M2_통화량_십억원|12m로그변화,1.0,58,True
seoul,2020,202010,V048_소비자물가지수_2020=100|수준,1.0,55,True
seoul,2020,202010,V048_소비자물가지수_2020=100|12m차,1.0,57,True
seoul,2020,202010,V056_예금은행대출금리_주택담보_연리%|수준,1.0,45,True
seoul,2020,202010,V056_예금은행대출금리_주택담보_연리%|12m차,1.0,51,True
seoul,2020,202010,V057_예금은행대출금리_전세자금_연리%|수준,1.0,37,True
seoul,2020,202010,V057_예금은행대출금리_전세자금_연리%|12m차,0.8793103448275862,40,True
seoul,2020,202010,V059_비은행대출금리_주택담보_연리%|수준,1.0,47,True
seoul,2020,202010,V059_비은행대출금리_주택담보_연리%|12m차,1.0,52,True
seoul,2020,202010,V061_주택가격전망CSI_서울|수준,1.0,30,True
seoul,2020,202010,V061_주택가격전망CSI_서울|12m차,1.0,35,True
seoul,2020,202010,V062_주택가격전망CSI_6대광역시|수준,1.0,32,True
seoul,2020,202010,V062_주택가격전망CSI_6대광역시|12m차,1.0,36,True
seoul,2020,202010,V063_주택가격전망CSI_기타도시|수준,1.0,30,True
seoul,2020,202010,V063_주택가격전망CSI_기타도시|12m차,1.0,34,True
seoul,2020,202010,V064_KOSPI_종가_1980.01.04=100|수준,1.0,58,True
seoul,2020,202010,V064_KOSPI_종가_1980.01.04=100|12m차,1.0,58,True
seoul,2020,202010,V066_임금총액_사업체노동력_원|12m로그변화,1.0,58,True
seoul,2020,202010,V067_선행지수순환변동치_2020=100|수준,1.0,29,True
seoul,2020,202010,V067_선행지수순환변동치_2020=100|12m차,1.0,39,True
seoul,2020,202010,V069_예금취급기관_가계대출_십억원|12m로그변화,1.0,58,True
seoul,2020,202010,V069_예금취급기관_주택관련대출_십억원|12m로그변화,1.0,58,True
seoul,2020,202010,V070_수출금액_천불|12m로그변화,1.0,58,True
seoul,2020,202010,V071_정책대출_주금공_주택도시기금_십억원|12m로그변화,0.7758620689655172,45,True
seoul,2020,202010,서울_V005_월세수급동향|수준,0.9827586206896551,54,True
seoul,2020,202010,서울_V005_월세수급동향|12m차,0.7758620689655172,45,True
seoul,2020,202010,서울_V013_고용률_%|수준,1.0,21,True
seoul,2020,202010,서울_V013_고용률_%|12m차,1.0,33,True
seoul,2020,202010,서울_V013_취업자_천명|12m로그변화,1.0,58,True
seoul,2020,202010,서울_V021_아파트_인허가_호|12개월누적log,1.0,58,True
seoul,2020,202010,서울_V021_아파트_인허가_호|12개월누적log_12m차,1.0,58,True
seoul,2020,202010,서울_V022_아파트_착공_호|12개월누적log,1.0,58,True
seoul,2020,202010,서울_V022_아파트_착공_호|12개월누적log_12m차,1.0,58,True
seoul,2020,202010,서울_V023_아파트_준공_호|12개월누적log,1.0,58,True
seoul,2020,202010,서울_V023_아파트_준공_호|12개월누적log_12m차,1.0,58,True
seoul,2020,202010,서울_V031_매매수급동향|수준,1.0,57,True
seoul,2020,202010,서울_V031_매매수급동향|12m차,1.0,58,True
seoul,2020,202010,서울_V032_전세수급동향|수준,1.0,58,True
seoul,2020,202010,서울_V032_전세수급동향|12m차,1.0,58,True
seoul,2020,202010,서울_V037_주택시장_소비심리지수|수준,1.0,53,True
seoul,2020,202010,서울_V037_주택시장_소비심리지수|12m차,1.0,58,True
seoul,2020,202010,서울_V050_지역별_주택관련대출_예금은행_십억원|12m로그변화,1.0,58,True
seoul,2020,202010,V047_가계신용_총액_십억원|12m로그변화,1.0,20,True
seoul,2020,202010,V049_시간당명목임금지수_2020=100|수준,1.0,19,True
seoul,2020,202010,V049_시간당명목임금지수_2020=100|12m차,1.0,18,True
seoul,2020,202010,V060_대출태도_국내은행_가계주택|수준,1.0,14,True
seoul,2020,202010,V060_대출태도_국내은행_가계주택|12m차,1.0,17,True
seoul,2020,202010,V074_가계동향_도시2인이상_월평균소득_원|수준,1.0,20,True
seoul,2020,202010,V074_가계동향_도시2인이상_월평균소득_원|12m차,1.0,20,True
seoul,2020,202010,V074_연결_월평균소득_원|12m로그변화,1.0,20,True
seoul,2020,202010,V024_주거용신축허가_동수_동|12m로그변화,1.0,149,True
seoul,2020,202010,V024_주거용신축허가_연면적_㎡|12m로그변화,1.0,150,True
seoul,2020,202010,V072_총조사_가구수_가구|12m로그변화,0.5862068965517241,75,False
seoul,2020,202010,V072_총조사_주택수_호|12m로그변화,0.5862068965517241,75,False
seoul,2020,202010,V072_총조사단순주택수가구수비율|12m로그변화,0.5862068965517241,75,False
seoul,2020,202010,V024_주거용신축허가_동수_천세대당|수준,1.0,150,True
seoul,2020,202010,V024_주거용신축허가_동수_천세대당|12m차,1.0,150,True
seoul,2020,202010,V013_서울구반기_고용률_%|수준,0.0,0,False
seoul,2020,202010,V013_서울구반기_고용률_%|12m차,0.0,0,False
seoul,2020,202010,V013_서울구반기_취업자_천명|12m로그변화,0.0,0,False
seoul,2020,202010,V013_서울구_고용률_월별추정|수준,0.0,0,False
seoul,2020,202010,V013_서울구_고용률_월별추정|12m차,0.0,0,False
seoul,2020,202010,V013_서울구_취업자_월별추정|12m로그변화,0.0,0,False
seoul,2020,202010,서울_V072_공식주택보급률_%|수준,1.0,6,True
seoul,2020,202010,서울_V072_공식주택보급률_%|12m차,1.0,6,True
seoul,2020,202010,D_CSI_전신계열,1.0,1,False
seoul,2020,202010,D_Wage_10th,1.0,2,True
seoul,2020,202010,D_Wage_11th,1.0,1,False
seoul,2020,202010,M10_rent_growth_1m,0.9827586206896551,1423,True
seoul,2020,202010,M10_rent_growth_6m,0.896551724137931,1300,True
seoul,2021,202101,V003_전세가율_%|수준,1.0,302,True
seoul,2021,202101,V003_전세가율_%|12m차,1.0,435,True
seoul,2021,202101,V004_지역별전월세전환율_%|수준,1.0,886,True
seoul,2021,202101,V004_지역별전월세전환율_%|12m차,1.0,1427,True
seoul,2021,202101,V009_주민등록인구_명|12m로그변화,1.0,1525,True
seoul,2021,202101,V010_주민등록세대수_세대|12m로그변화,1.0,1525,True
seoul,2021,202101,V011_20-29세_명|12m로그변화,1.0,1525,True
seoul,2021,202101,V011_20-39세_명|12m로그변화,1.0,1525,True
seoul,2021,202101,V011_20-39세비중_%|수준,1.0,1525,True
seoul,2021,202101,V011_20-39세비중_%|12m차,1.0,1525,True
seoul,2021,202101,V011_30-39세_명|12m로그변화,1.0,1525,True
seoul,2021,202101,V012_순이동자수_명|천명당12개월,1.0,1525,True
seoul,2021,202101,V035_아파트거래_동호수_호|12개월누적log,1.0,1403,True
seoul,2021,202101,V035_아파트거래_동호수_호|12개월누적log_12m차,1.0,1525,True
seoul,2021,202101,V035_아파트거래_면적_천㎡|12개월누적log,1.0,703,True
seoul,2021,202101,V035_아파트거래_면적_천㎡|12개월누적log_12m차,1.0,1501,True
seoul,2021,202101,V036_아파트매매거래_동호수_호|12개월누적log,1.0,1368,True
seoul,2021,202101,V036_아파트매매거래_동호수_호|12개월누적log_12m차,1.0,1525,True
seoul,2021,202101,V036_아파트매매거래_면적_천㎡|12개월누적log,1.0,578,True
seoul,2021,202101,V036_아파트매매거래_면적_천㎡|12개월누적log_12m차,1.0,1490,True
seoul,2021,202101,V038_미분양주택현황_호|log,1.0,97,True
seoul,2021,202101,V038_미분양주택현황_호|log_12m차,1.0,313,True
seoul,2021,202101,V043_한국은행_기준금리_연%|수준,1.0,5,True
seoul,2021,202101,V043_한국은행_기준금리_연%|12m차,1.0,7,True
seoul,2021,202101,V044_시장금리_CD91일_연%|수준,1.0,37,True
seoul,2021,202101,V044_시장금리_CD91일_연%|12m차,1.0,47,True
seoul,2021,202101,V045_시장금리_국고채3년_연%|수준,1.0,61,True
seoul,2021,202101,V045_시장금리_국고채3년_연%|12m차,1.0,61,True
seoul,2021,202101,V046_M2_통화량_십억원|12m로그변화,1.0,61,True
seoul,2021,202101,V048_소비자물가지수_2020=100|수준,1.0,58,True
seoul,2021,202101,V048_소비자물가지수_2020=100|12m차,1.0,60,True
seoul,2021,202101,V056_예금은행대출금리_주택담보_연리%|수준,1.0,47,True
seoul,2021,202101,V056_예금은행대출금리_주택담보_연리%|12m차,1.0,52,True
seoul,2021,202101,V057_예금은행대출금리_전세자금_연리%|수준,1.0,40,True
seoul,2021,202101,V057_예금은행대출금리_전세자금_연리%|12m차,0.8852459016393442,43,True
seoul,2021,202101,V059_비은행대출금리_주택담보_연리%|수준,1.0,50,True
seoul,2021,202101,V059_비은행대출금리_주택담보_연리%|12m차,1.0,55,True
seoul,2021,202101,V061_주택가격전망CSI_서울|수준,1.0,31,True
seoul,2021,202101,V061_주택가격전망CSI_서울|12m차,1.0,36,True
seoul,2021,202101,V062_주택가격전망CSI_6대광역시|수준,1.0,33,True
seoul,2021,202101,V062_주택가격전망CSI_6대광역시|12m차,1.0,38,True
seoul,2021,202101,V063_주택가격전망CSI_기타도시|수준,1.0,31,True
seoul,2021,202101,V063_주택가격전망CSI_기타도시|12m차,1.0,37,True
seoul,2021,202101,V064_KOSPI_종가_1980.01.04=100|수준,1.0,61,True
seoul,2021,202101,V064_KOSPI_종가_1980.01.04=100|12m차,1.0,61,True
seoul,2021,202101,V066_임금총액_사업체노동력_원|12m로그변화,1.0,61,True
seoul,2021,202101,V067_선행지수순환변동치_2020=100|수준,1.0,30,True
seoul,2021,202101,V067_선행지수순환변동치_2020=100|12m차,1.0,40,True
seoul,2021,202101,V069_예금취급기관_가계대출_십억원|12m로그변화,1.0,61,True
seoul,2021,202101,V069_예금취급기관_주택관련대출_십억원|12m로그변화,1.0,61,True
seoul,2021,202101,V070_수출금액_천불|12m로그변화,1.0,61,True
seoul,2021,202101,V071_정책대출_주금공_주택도시기금_십억원|12m로그변화,0.7868852459016393,48,True
seoul,2021,202101,서울_V005_월세수급동향|수준,0.9836065573770492,57,True
seoul,2021,202101,서울_V005_월세수급동향|12m차,0.7868852459016393,48,True
seoul,2021,202101,서울_V013_고용률_%|수준,1.0,24,True
seoul,2021,202101,서울_V013_고용률_%|12m차,1.0,35,True
seoul,2021,202101,서울_V013_취업자_천명|12m로그변화,1.0,61,True
seoul,2021,202101,서울_V021_아파트_인허가_호|12개월누적log,1.0,61,True
seoul,2021,202101,서울_V021_아파트_인허가_호|12개월누적log_12m차,1.0,61,True
seoul,2021,202101,서울_V022_아파트_착공_호|12개월누적log,1.0,61,True
seoul,2021,202101,서울_V022_아파트_착공_호|12개월누적log_12m차,1.0,61,True
seoul,2021,202101,서울_V023_아파트_준공_호|12개월누적log,1.0,61,True
seoul,2021,202101,서울_V023_아파트_준공_호|12개월누적log_12m차,1.0,61,True
seoul,2021,202101,서울_V031_매매수급동향|수준,1.0,60,True
seoul,2021,202101,서울_V031_매매수급동향|12m차,1.0,61,True
seoul,2021,202101,서울_V032_전세수급동향|수준,1.0,61,True
seoul,2021,202101,서울_V032_전세수급동향|12m차,1.0,61,True
seoul,2021,202101,서울_V037_주택시장_소비심리지수|수준,1.0,56,True
seoul,2021,202101,서울_V037_주택시장_소비심리지수|12m차,1.0,61,True
seoul,2021,202101,서울_V050_지역별_주택관련대출_예금은행_십억원|12m로그변화,1.0,61,True
seoul,2021,202101,V047_가계신용_총액_십억원|12m로그변화,1.0,21,True
seoul,2021,202101,V049_시간당명목임금지수_2020=100|수준,1.0,20,True
seoul,2021,202101,V049_시간당명목임금지수_2020=100|12m차,1.0,19,True
seoul,2021,202101,V060_대출태도_국내은행_가계주택|수준,1.0,15,True
seoul,2021,202101,V060_대출태도_국내은행_가계주택|12m차,1.0,18,True
seoul,2021,202101,V074_가계동향_도시2인이상_월평균소득_원|수준,0.9508196721311475,20,True
seoul,2021,202101,V074_가계동향_도시2인이상_월평균소득_원|12m차,0.9508196721311475,20,True
seoul,2021,202101,V074_연결_월평균소득_원|12m로그변화,1.0,21,True
seoul,2021,202101,V024_주거용신축허가_동수_동|12m로그변화,1.0,149,True
seoul,2021,202101,V024_주거용신축허가_연면적_㎡|12m로그변화,1.0,150,True
seoul,2021,202101,V072_총조사_가구수_가구|12m로그변화,0.6065573770491803,100,False
seoul,2021,202101,V072_총조사_주택수_호|12m로그변화,0.6065573770491803,100,False
seoul,2021,202101,V072_총조사단순주택수가구수비율|12m로그변화,0.6065573770491803,100,False
seoul,2021,202101,V024_주거용신축허가_동수_천세대당|수준,1.0,150,True
seoul,2021,202101,V024_주거용신축허가_동수_천세대당|12m차,1.0,150,True
seoul,2021,202101,V013_서울구반기_고용률_%|수준,0.0,0,False
seoul,2021,202101,V013_서울구반기_고용률_%|12m차,0.0,0,False
seoul,2021,202101,V013_서울구반기_취업자_천명|12m로그변화,0.0,0,False
seoul,2021,202101,V013_서울구_고용률_월별추정|수준,0.0,0,False
seoul,2021,202101,V013_서울구_고용률_월별추정|12m차,0.0,0,False
seoul,2021,202101,V013_서울구_취업자_월별추정|12m로그변화,0.0,0,False
seoul,2021,202101,서울_V072_공식주택보급률_%|수준,1.0,6,True
seoul,2021,202101,서울_V072_공식주택보급률_%|12m차,1.0,6,True
seoul,2021,202101,D_CSI_전신계열,1.0,1,False
seoul,2021,202101,D_Wage_10th,1.0,2,True
seoul,2021,202101,D_Wage_11th,1.0,1,False
seoul,2021,202101,M10_rent_growth_1m,0.9836065573770492,1498,True
seoul,2021,202101,M10_rent_growth_6m,0.9016393442622951,1375,True
seoul,2021,202104,V003_전세가율_%|수준,1.0,312,True
seoul,2021,202104,V003_전세가율_%|12m차,1.0,440,True
seoul,2021,202104,V004_지역별전월세전환율_%|수준,1.0,933,True
seoul,2021,202104,V004_지역별전월세전환율_%|12m차,1.0,1498,True
seoul,2021,202104,V009_주민등록인구_명|12m로그변화,1.0,1600,True
seoul,2021,202104,V010_주민등록세대수_세대|12m로그변화,1.0,1600,True
seoul,2021,202104,V011_20-29세_명|12m로그변화,1.0,1600,True
seoul,2021,202104,V011_20-39세_명|12m로그변화,1.0,1600,True
seoul,2021,202104,V011_20-39세비중_%|수준,1.0,1600,True
seoul,2021,202104,V011_20-39세비중_%|12m차,1.0,1600,True
seoul,2021,202104,V011_30-39세_명|12m로그변화,1.0,1600,True
seoul,2021,202104,V012_순이동자수_명|천명당12개월,1.0,1600,True
seoul,2021,202104,V035_아파트거래_동호수_호|12개월누적log,1.0,1467,True
seoul,2021,202104,V035_아파트거래_동호수_호|12개월누적log_12m차,1.0,1600,True
seoul,2021,202104,V035_아파트거래_면적_천㎡|12개월누적log,1.0,722,True
seoul,2021,202104,V035_아파트거래_면적_천㎡|12개월누적log_12m차,1.0,1574,True
seoul,2021,202104,V036_아파트매매거래_동호수_호|12개월누적log,1.0,1420,True
seoul,2021,202104,V036_아파트매매거래_동호수_호|12개월누적log_12m차,1.0,1600,True
seoul,2021,202104,V036_아파트매매거래_면적_천㎡|12개월누적log,1.0,591,True
seoul,2021,202104,V036_아파트매매거래_면적_천㎡|12개월누적log_12m차,1.0,1563,True
seoul,2021,202104,V038_미분양주택현황_호|log,1.0,98,True
seoul,2021,202104,V038_미분양주택현황_호|log_12m차,1.0,317,True
seoul,2021,202104,V043_한국은행_기준금리_연%|수준,1.0,5,True
seoul,2021,202104,V043_한국은행_기준금리_연%|12m차,1.0,7,True
seoul,2021,202104,V044_시장금리_CD91일_연%|수준,1.0,39,True
seoul,2021,202104,V044_시장금리_CD91일_연%|12m차,1.0,50,True
seoul,2021,202104,V045_시장금리_국고채3년_연%|수준,1.0,64,True
seoul,2021,202104,V045_시장금리_국고채3년_연%|12m차,1.0,64,True
seoul,2021,202104,V046_M2_통화량_십억원|12m로그변화,1.0,64,True
seoul,2021,202104,V048_소비자물가지수_2020=100|수준,1.0,61,True
seoul,2021,202104,V048_소비자물가지수_2020=100|12m차,1.0,63,True
seoul,2021,202104,V056_예금은행대출금리_주택담보_연리%|수준,1.0,49,True
seoul,2021,202104,V056_예금은행대출금리_주택담보_연리%|12m차,1.0,55,True
seoul,2021,202104,V057_예금은행대출금리_전세자금_연리%|수준,1.0,43,True
seoul,2021,202104,V057_예금은행대출금리_전세자금_연리%|12m차,0.890625,45,True
seoul,2021,202104,V059_비은행대출금리_주택담보_연리%|수준,1.0,53,True
seoul,2021,202104,V059_비은행대출금리_주택담보_연리%|12m차,1.0,57,True
seoul,2021,202104,V061_주택가격전망CSI_서울|수준,1.0,31,True
seoul,2021,202104,V061_주택가격전망CSI_서울|12m차,1.0,37,True
seoul,2021,202104,V062_주택가격전망CSI_6대광역시|수준,1.0,34,True
seoul,2021,202104,V062_주택가격전망CSI_6대광역시|12m차,1.0,39,True
seoul,2021,202104,V063_주택가격전망CSI_기타도시|수준,1.0,32,True
seoul,2021,202104,V063_주택가격전망CSI_기타도시|12m차,1.0,39,True
seoul,2021,202104,V064_KOSPI_종가_1980.01.04=100|수준,1.0,64,True
seoul,2021,202104,V064_KOSPI_종가_1980.01.04=100|12m차,1.0,64,True
seoul,2021,202104,V066_임금총액_사업체노동력_원|12m로그변화,1.0,64,True
seoul,2021,202104,V067_선행지수순환변동치_2020=100|수준,1.0,31,True
seoul,2021,202104,V067_선행지수순환변동치_2020=100|12m차,1.0,41,True
seoul,2021,202104,V069_예금취급기관_가계대출_십억원|12m로그변화,1.0,64,True
seoul,2021,202104,V069_예금취급기관_주택관련대출_십억원|12m로그변화,1.0,64,True
seoul,2021,202104,V070_수출금액_천불|12m로그변화,1.0,64,True
seoul,2021,202104,V071_정책대출_주금공_주택도시기금_십억원|12m로그변화,0.796875,51,True
seoul,2021,202104,서울_V005_월세수급동향|수준,0.984375,60,True
seoul,2021,202104,서울_V005_월세수급동향|12m차,0.796875,51,True
seoul,2021,202104,서울_V013_고용률_%|수준,1.0,25,True
seoul,2021,202104,서울_V013_고용률_%|12m차,1.0,37,True
seoul,2021,202104,서울_V013_취업자_천명|12m로그변화,1.0,64,True
seoul,2021,202104,서울_V021_아파트_인허가_호|12개월누적log,1.0,64,True
seoul,2021,202104,서울_V021_아파트_인허가_호|12개월누적log_12m차,1.0,64,True
seoul,2021,202104,서울_V022_아파트_착공_호|12개월누적log,1.0,64,True
seoul,2021,202104,서울_V022_아파트_착공_호|12개월누적log_12m차,1.0,64,True
seoul,2021,202104,서울_V023_아파트_준공_호|12개월누적log,1.0,64,True
seoul,2021,202104,서울_V023_아파트_준공_호|12개월누적log_12m차,1.0,64,True
seoul,2021,202104,서울_V031_매매수급동향|수준,1.0,63,True
seoul,2021,202104,서울_V031_매매수급동향|12m차,1.0,64,True
seoul,2021,202104,서울_V032_전세수급동향|수준,1.0,64,True
seoul,2021,202104,서울_V032_전세수급동향|12m차,1.0,64,True
seoul,2021,202104,서울_V037_주택시장_소비심리지수|수준,1.0,59,True
seoul,2021,202104,서울_V037_주택시장_소비심리지수|12m차,1.0,64,True
seoul,2021,202104,서울_V050_지역별_주택관련대출_예금은행_십억원|12m로그변화,1.0,64,True
seoul,2021,202104,V047_가계신용_총액_십억원|12m로그변화,1.0,22,True
seoul,2021,202104,V049_시간당명목임금지수_2020=100|수준,1.0,21,True
seoul,2021,202104,V049_시간당명목임금지수_2020=100|12m차,1.0,20,True
seoul,2021,202104,V060_대출태도_국내은행_가계주택|수준,1.0,16,True
seoul,2021,202104,V060_대출태도_국내은행_가계주택|12m차,1.0,19,True
seoul,2021,202104,V074_가계동향_도시2인이상_월평균소득_원|수준,0.90625,20,True
seoul,2021,202104,V074_가계동향_도시2인이상_월평균소득_원|12m차,0.90625,20,True
seoul,2021,202104,V074_연결_월평균소득_원|12m로그변화,1.0,22,True
seoul,2021,202104,V024_주거용신축허가_동수_동|12m로그변화,1.0,149,True
seoul,2021,202104,V024_주거용신축허가_연면적_㎡|12m로그변화,1.0,150,True
seoul,2021,202104,V072_총조사_가구수_가구|12m로그변화,0.625,100,False
seoul,2021,202104,V072_총조사_주택수_호|12m로그변화,0.625,100,False
seoul,2021,202104,V072_총조사단순주택수가구수비율|12m로그변화,0.625,100,False
seoul,2021,202104,V024_주거용신축허가_동수_천세대당|수준,1.0,150,True
seoul,2021,202104,V024_주거용신축허가_동수_천세대당|12m차,1.0,150,True
seoul,2021,202104,V013_서울구반기_고용률_%|수준,0.0,0,False
seoul,2021,202104,V013_서울구반기_고용률_%|12m차,0.0,0,False
seoul,2021,202104,V013_서울구반기_취업자_천명|12m로그변화,0.0,0,False
seoul,2021,202104,V013_서울구_고용률_월별추정|수준,0.0,0,False
seoul,2021,202104,V013_서울구_고용률_월별추정|12m차,0.0,0,False
seoul,2021,202104,V013_서울구_취업자_월별추정|12m로그변화,0.0,0,False
seoul,2021,202104,서울_V072_공식주택보급률_%|수준,1.0,6,True
seoul,2021,202104,서울_V072_공식주택보급률_%|12m차,1.0,6,True
seoul,2021,202104,D_CSI_전신계열,1.0,1,False
seoul,2021,202104,D_Wage_10th,1.0,2,True
seoul,2021,202104,D_Wage_11th,1.0,1,False
seoul,2021,202104,M10_rent_growth_1m,0.984375,1573,True
seoul,2021,202104,M10_rent_growth_6m,0.90625,1450,True
seoul,2021,202107,V003_전세가율_%|수준,1.0,319,True
seoul,2021,202107,V003_전세가율_%|12m차,1.0,445,True
seoul,2021,202107,V004_지역별전월세전환율_%|수준,1.0,982,True
seoul,2021,202107,V004_지역별전월세전환율_%|12m차,1.0,1568,True
seoul,2021,202107,V009_주민등록인구_명|12m로그변화,1.0,1675,True
seoul,2021,202107,V010_주민등록세대수_세대|12m로그변화,1.0,1675,True
seoul,2021,202107,V011_20-29세_명|12m로그변화,1.0,1675,True
seoul,2021,202107,V011_20-39세_명|12m로그변화,1.0,1675,True
seoul,2021,202107,V011_20-39세비중_%|수준,1.0,1675,True
seoul,2021,202107,V011_20-39세비중_%|12m차,1.0,1675,True
seoul,2021,202107,V011_30-39세_명|12m로그변화,1.0,1675,True
seoul,2021,202107,V012_순이동자수_명|천명당12개월,1.0,1675,True
seoul,2021,202107,V035_아파트거래_동호수_호|12개월누적log,1.0,1529,True
seoul,2021,202107,V035_아파트거래_동호수_호|12개월누적log_12m차,1.0,1675,True
seoul,2021,202107,V035_아파트거래_면적_천㎡|12개월누적log,1.0,735,True
seoul,2021,202107,V035_아파트거래_면적_천㎡|12개월누적log_12m차,1.0,1647,True
seoul,2021,202107,V036_아파트매매거래_동호수_호|12개월누적log,1.0,1478,True
seoul,2021,202107,V036_아파트매매거래_동호수_호|12개월누적log_12m차,1.0,1675,True
seoul,2021,202107,V036_아파트매매거래_면적_천㎡|12개월누적log,1.0,599,True
seoul,2021,202107,V036_아파트매매거래_면적_천㎡|12개월누적log_12m차,1.0,1638,True
seoul,2021,202107,V038_미분양주택현황_호|log,1.0,98,True
seoul,2021,202107,V038_미분양주택현황_호|log_12m차,1.0,323,True
seoul,2021,202107,V043_한국은행_기준금리_연%|수준,1.0,5,True
seoul,2021,202107,V043_한국은행_기준금리_연%|12m차,1.0,7,True
seoul,2021,202107,V044_시장금리_CD91일_연%|수준,1.0,40,True
seoul,2021,202107,V044_시장금리_CD91일_연%|12m차,1.0,53,True
seoul,2021,202107,V045_시장금리_국고채3년_연%|수준,1.0,67,True
seoul,2021,202107,V045_시장금리_국고채3년_연%|12m차,1.0,66,True
seoul,2021,202107,V046_M2_통화량_십억원|12m로그변화,1.0,67,True
seoul,2021,202107,V048_소비자물가지수_2020=100|수준,1.0,63,True
seoul,2021,202107,V048_소비자물가지수_2020=100|12m차,1.0,66,True
seoul,2021,202107,V056_예금은행대출금리_주택담보_연리%|수준,1.0,51,True
seoul,2021,202107,V056_예금은행대출금리_주택담보_연리%|12m차,1.0,58,True
seoul,2021,202107,V057_예금은행대출금리_전세자금_연리%|수준,1.0,46,True
seoul,2021,202107,V057_예금은행대출금리_전세자금_연리%|12m차,0.8955223880597015,46,True
seoul,2021,202107,V059_비은행대출금리_주택담보_연리%|수준,1.0,56,True
seoul,2021,202107,V059_비은행대출금리_주택담보_연리%|12m차,1.0,60,True
seoul,2021,202107,V061_주택가격전망CSI_서울|수준,1.0,33,True
seoul,2021,202107,V061_주택가격전망CSI_서울|12m차,1.0,37,True
seoul,2021,202107,V062_주택가격전망CSI_6대광역시|수준,1.0,37,True
seoul,2021,202107,V062_주택가격전망CSI_6대광역시|12m차,1.0,41,True
seoul,2021,202107,V063_주택가격전망CSI_기타도시|수준,1.0,35,True
seoul,2021,202107,V063_주택가격전망CSI_기타도시|12m차,1.0,39,True
seoul,2021,202107,V064_KOSPI_종가_1980.01.04=100|수준,1.0,67,True
seoul,2021,202107,V064_KOSPI_종가_1980.01.04=100|12m차,1.0,67,True
seoul,2021,202107,V066_임금총액_사업체노동력_원|12m로그변화,1.0,67,True
seoul,2021,202107,V067_선행지수순환변동치_2020=100|수준,1.0,32,True
seoul,2021,202107,V067_선행지수순환변동치_2020=100|12m차,1.0,41,True
seoul,2021,202107,V069_예금취급기관_가계대출_십억원|12m로그변화,1.0,67,True
seoul,2021,202107,V069_예금취급기관_주택관련대출_십억원|12m로그변화,1.0,67,True
seoul,2021,202107,V070_수출금액_천불|12m로그변화,1.0,67,True
seoul,2021,202107,V071_정책대출_주금공_주택도시기금_십억원|12m로그변화,0.8059701492537313,54,True
seoul,2021,202107,서울_V005_월세수급동향|수준,0.9850746268656716,63,True
seoul,2021,202107,서울_V005_월세수급동향|12m차,0.8059701492537313,54,True
seoul,2021,202107,서울_V013_고용률_%|수준,1.0,25,True
seoul,2021,202107,서울_V013_고용률_%|12m차,1.0,39,True
seoul,2021,202107,서울_V013_취업자_천명|12m로그변화,1.0,67,True
seoul,2021,202107,서울_V021_아파트_인허가_호|12개월누적log,1.0,67,True
seoul,2021,202107,서울_V021_아파트_인허가_호|12개월누적log_12m차,1.0,67,True
seoul,2021,202107,서울_V022_아파트_착공_호|12개월누적log,1.0,67,True
seoul,2021,202107,서울_V022_아파트_착공_호|12개월누적log_12m차,1.0,67,True
seoul,2021,202107,서울_V023_아파트_준공_호|12개월누적log,1.0,67,True
seoul,2021,202107,서울_V023_아파트_준공_호|12개월누적log_12m차,1.0,67,True
seoul,2021,202107,서울_V031_매매수급동향|수준,1.0,66,True
seoul,2021,202107,서울_V031_매매수급동향|12m차,1.0,67,True
seoul,2021,202107,서울_V032_전세수급동향|수준,1.0,67,True
seoul,2021,202107,서울_V032_전세수급동향|12m차,1.0,67,True
seoul,2021,202107,서울_V037_주택시장_소비심리지수|수준,1.0,62,True
seoul,2021,202107,서울_V037_주택시장_소비심리지수|12m차,1.0,67,True
seoul,2021,202107,서울_V050_지역별_주택관련대출_예금은행_십억원|12m로그변화,1.0,67,True
seoul,2021,202107,V047_가계신용_총액_십억원|12m로그변화,1.0,23,True
seoul,2021,202107,V049_시간당명목임금지수_2020=100|수준,1.0,22,True
seoul,2021,202107,V049_시간당명목임금지수_2020=100|12m차,1.0,21,True
seoul,2021,202107,V060_대출태도_국내은행_가계주택|수준,1.0,17,True
seoul,2021,202107,V060_대출태도_국내은행_가계주택|12m차,1.0,20,True
seoul,2021,202107,V074_가계동향_도시2인이상_월평균소득_원|수준,0.8656716417910447,20,True
seoul,2021,202107,V074_가계동향_도시2인이상_월평균소득_원|12m차,0.8656716417910447,20,True
seoul,2021,202107,V074_연결_월평균소득_원|12m로그변화,1.0,23,True
seoul,2021,202107,V024_주거용신축허가_동수_동|12m로그변화,1.0,174,True
seoul,2021,202107,V024_주거용신축허가_연면적_㎡|12m로그변화,1.0,175,True
seoul,2021,202107,V072_총조사_가구수_가구|12m로그변화,0.6417910447761194,100,False
seoul,2021,202107,V072_총조사_주택수_호|12m로그변화,0.6417910447761194,100,False
seoul,2021,202107,V072_총조사단순주택수가구수비율|12m로그변화,0.6417910447761194,100,False
seoul,2021,202107,V024_주거용신축허가_동수_천세대당|수준,1.0,175,True
seoul,2021,202107,V024_주거용신축허가_동수_천세대당|12m차,1.0,175,True
seoul,2021,202107,V013_서울구반기_고용률_%|수준,0.0,0,False
seoul,2021,202107,V013_서울구반기_고용률_%|12m차,0.0,0,False
seoul,2021,202107,V013_서울구반기_취업자_천명|12m로그변화,0.0,0,False
seoul,2021,202107,V013_서울구_고용률_월별추정|수준,0.0,0,False
seoul,2021,202107,V013_서울구_고용률_월별추정|12m차,0.0,0,False
seoul,2021,202107,V013_서울구_취업자_월별추정|12m로그변화,0.0,0,False
seoul,2021,202107,서울_V072_공식주택보급률_%|수준,1.0,7,True
seoul,2021,202107,서울_V072_공식주택보급률_%|12m차,1.0,7,True
seoul,2021,202107,D_CSI_전신계열,1.0,1,False
seoul,2021,202107,D_Wage_10th,1.0,2,True
seoul,2021,202107,D_Wage_11th,1.0,1,False
seoul,2021,202107,M10_rent_growth_1m,0.9850746268656716,1648,True
seoul,2021,202107,M10_rent_growth_6m,0.9104477611940298,1525,True
seoul,2021,202110,V003_전세가율_%|수준,1.0,324,True
seoul,2021,202110,V003_전세가율_%|12m차,1.0,450,True
seoul,2021,202110,V004_지역별전월세전환율_%|수준,1.0,1036,True
seoul,2021,202110,V004_지역별전월세전환율_%|12m차,1.0,1641,True
seoul,2021,202110,V009_주민등록인구_명|12m로그변화,1.0,1750,True
seoul,2021,202110,V010_주민등록세대수_세대|12m로그변화,1.0,1750,True
seoul,2021,202110,V011_20-29세_명|12m로그변화,1.0,1750,True
seoul,2021,202110,V011_20-39세_명|12m로그변화,1.0,1750,True
seoul,2021,202110,V011_20-39세비중_%|수준,1.0,1750,True
seoul,2021,202110,V011_20-39세비중_%|12m차,1.0,1750,True
seoul,2021,202110,V011_30-39세_명|12m로그변화,1.0,1750,True
seoul,2021,202110,V012_순이동자수_명|천명당12개월,1.0,1750,True
seoul,2021,202110,V035_아파트거래_동호수_호|12개월누적log,1.0,1586,True
seoul,2021,202110,V035_아파트거래_동호수_호|12개월누적log_12m차,1.0,1750,True
seoul,2021,202110,V035_아파트거래_면적_천㎡|12개월누적log,1.0,749,True
seoul,2021,202110,V035_아파트거래_면적_천㎡|12개월누적log_12m차,1.0,1719,True
seoul,2021,202110,V036_아파트매매거래_동호수_호|12개월누적log,1.0,1537,True
seoul,2021,202110,V036_아파트매매거래_동호수_호|12개월누적log_12m차,1.0,1750,True
seoul,2021,202110,V036_아파트매매거래_면적_천㎡|12개월누적log,1.0,603,True
seoul,2021,202110,V036_아파트매매거래_면적_천㎡|12개월누적log_12m차,1.0,1709,True
seoul,2021,202110,V038_미분양주택현황_호|log,1.0,99,True
seoul,2021,202110,V038_미분양주택현황_호|log_12m차,1.0,326,True
seoul,2021,202110,V043_한국은행_기준금리_연%|수준,1.0,5,True
seoul,2021,202110,V043_한국은행_기준금리_연%|12m차,1.0,7,True
seoul,2021,202110,V044_시장금리_CD91일_연%|수준,1.0,43,True
seoul,2021,202110,V044_시장금리_CD91일_연%|12m차,1.0,56,True
seoul,2021,202110,V045_시장금리_국고채3년_연%|수준,1.0,70,True
seoul,2021,202110,V045_시장금리_국고채3년_연%|12m차,1.0,69,True
seoul,2021,202110,V046_M2_통화량_십억원|12m로그변화,1.0,70,True
seoul,2021,202110,V048_소비자물가지수_2020=100|수준,1.0,66,True
seoul,2021,202110,V048_소비자물가지수_2020=100|12m차,1.0,69,True
seoul,2021,202110,V056_예금은행대출금리_주택담보_연리%|수준,1.0,53,True
seoul,2021,202110,V056_예금은행대출금리_주택담보_연리%|12m차,1.0,60,True
seoul,2021,202110,V057_예금은행대출금리_전세자금_연리%|수준,1.0,47,True
seoul,2021,202110,V057_예금은행대출금리_전세자금_연리%|12m차,0.9,48,True
seoul,2021,202110,V059_비은행대출금리_주택담보_연리%|수준,1.0,58,True
seoul,2021,202110,V059_비은행대출금리_주택담보_연리%|12m차,1.0,61,True
seoul,2021,202110,V061_주택가격전망CSI_서울|수준,1.0,33,True
seoul,2021,202110,V061_주택가격전망CSI_서울|12m차,1.0,37,True
seoul,2021,202110,V062_주택가격전망CSI_6대광역시|수준,1.0,39,True
seoul,2021,202110,V062_주택가격전망CSI_6대광역시|12m차,1.0,43,True
seoul,2021,202110,V063_주택가격전망CSI_기타도시|수준,1.0,36,True
seoul,2021,202110,V063_주택가격전망CSI_기타도시|12m차,1.0,39,True
seoul,2021,202110,V064_KOSPI_종가_1980.01.04=100|수준,1.0,70,True
seoul,2021,202110,V064_KOSPI_종가_1980.01.04=100|12m차,1.0,70,True
seoul,2021,202110,V066_임금총액_사업체노동력_원|12m로그변화,1.0,70,True
seoul,2021,202110,V067_선행지수순환변동치_2020=100|수준,1.0,33,True
seoul,2021,202110,V067_선행지수순환변동치_2020=100|12m차,1.0,43,True
seoul,2021,202110,V069_예금취급기관_가계대출_십억원|12m로그변화,1.0,70,True
seoul,2021,202110,V069_예금취급기관_주택관련대출_십억원|12m로그변화,1.0,70,True
seoul,2021,202110,V070_수출금액_천불|12m로그변화,1.0,70,True
seoul,2021,202110,V071_정책대출_주금공_주택도시기금_십억원|12m로그변화,0.8142857142857143,57,True
seoul,2021,202110,서울_V005_월세수급동향|수준,0.9857142857142858,66,True
seoul,2021,202110,서울_V005_월세수급동향|12m차,0.8142857142857143,57,True
seoul,2021,202110,서울_V013_고용률_%|수준,1.0,27,True
seoul,2021,202110,서울_V013_고용률_%|12m차,1.0,41,True
seoul,2021,202110,서울_V013_취업자_천명|12m로그변화,1.0,70,True
seoul,2021,202110,서울_V021_아파트_인허가_호|12개월누적log,1.0,70,True
seoul,2021,202110,서울_V021_아파트_인허가_호|12개월누적log_12m차,1.0,70,True
seoul,2021,202110,서울_V022_아파트_착공_호|12개월누적log,1.0,70,True
seoul,2021,202110,서울_V022_아파트_착공_호|12개월누적log_12m차,1.0,70,True
seoul,2021,202110,서울_V023_아파트_준공_호|12개월누적log,1.0,70,True
seoul,2021,202110,서울_V023_아파트_준공_호|12개월누적log_12m차,1.0,70,True
seoul,2021,202110,서울_V031_매매수급동향|수준,1.0,69,True
seoul,2021,202110,서울_V031_매매수급동향|12m차,1.0,70,True
seoul,2021,202110,서울_V032_전세수급동향|수준,1.0,70,True
seoul,2021,202110,서울_V032_전세수급동향|12m차,1.0,70,True
seoul,2021,202110,서울_V037_주택시장_소비심리지수|수준,1.0,64,True
seoul,2021,202110,서울_V037_주택시장_소비심리지수|12m차,1.0,68,True
seoul,2021,202110,서울_V050_지역별_주택관련대출_예금은행_십억원|12m로그변화,1.0,70,True
seoul,2021,202110,V047_가계신용_총액_십억원|12m로그변화,1.0,24,True
seoul,2021,202110,V049_시간당명목임금지수_2020=100|수준,1.0,23,True
seoul,2021,202110,V049_시간당명목임금지수_2020=100|12m차,1.0,21,True
seoul,2021,202110,V060_대출태도_국내은행_가계주택|수준,1.0,18,True
seoul,2021,202110,V060_대출태도_국내은행_가계주택|12m차,1.0,21,True
seoul,2021,202110,V074_가계동향_도시2인이상_월평균소득_원|수준,0.8285714285714286,20,True
seoul,2021,202110,V074_가계동향_도시2인이상_월평균소득_원|12m차,0.8285714285714286,20,True
seoul,2021,202110,V074_연결_월평균소득_원|12m로그변화,1.0,24,True
seoul,2021,202110,V024_주거용신축허가_동수_동|12m로그변화,1.0,174,True
seoul,2021,202110,V024_주거용신축허가_연면적_㎡|12m로그변화,1.0,175,True
seoul,2021,202110,V072_총조사_가구수_가구|12m로그변화,0.6571428571428571,100,False
seoul,2021,202110,V072_총조사_주택수_호|12m로그변화,0.6571428571428571,100,False
seoul,2021,202110,V072_총조사단순주택수가구수비율|12m로그변화,0.6571428571428571,100,False
seoul,2021,202110,V024_주거용신축허가_동수_천세대당|수준,1.0,175,True
seoul,2021,202110,V024_주거용신축허가_동수_천세대당|12m차,1.0,175,True
seoul,2021,202110,V013_서울구반기_고용률_%|수준,0.0,0,False
seoul,2021,202110,V013_서울구반기_고용률_%|12m차,0.0,0,False
seoul,2021,202110,V013_서울구반기_취업자_천명|12m로그변화,0.0,0,False
seoul,2021,202110,V013_서울구_고용률_월별추정|수준,0.0,0,False
seoul,2021,202110,V013_서울구_고용률_월별추정|12m차,0.0,0,False
seoul,2021,202110,V013_서울구_취업자_월별추정|12m로그변화,0.0,0,False
seoul,2021,202110,서울_V072_공식주택보급률_%|수준,1.0,7,True
seoul,2021,202110,서울_V072_공식주택보급률_%|12m차,1.0,7,True
seoul,2021,202110,D_CSI_전신계열,1.0,1,False
seoul,2021,202110,D_Wage_10th,1.0,2,True
seoul,2021,202110,D_Wage_11th,1.0,1,False
seoul,2021,202110,M10_rent_growth_1m,0.9857142857142858,1723,True
seoul,2021,202110,M10_rent_growth_6m,0.9142857142857143,1600,True
seoul,2022,202201,V003_전세가율_%|수준,1.0,330,True
seoul,2022,202201,V003_전세가율_%|12m차,1.0,451,True
seoul,2022,202201,V004_지역별전월세전환율_%|수준,1.0,1092,True
seoul,2022,202201,V004_지역별전월세전환율_%|12m차,1.0,1714,True
seoul,2022,202201,V009_주민등록인구_명|12m로그변화,1.0,1825,True
seoul,2022,202201,V010_주민등록세대수_세대|12m로그변화,1.0,1825,True
seoul,2022,202201,V011_20-29세_명|12m로그변화,1.0,1825,True
seoul,2022,202201,V011_20-39세_명|12m로그변화,1.0,1825,True
seoul,2022,202201,V011_20-39세비중_%|수준,1.0,1825,True
seoul,2022,202201,V011_20-39세비중_%|12m차,1.0,1825,True
seoul,2022,202201,V011_30-39세_명|12m로그변화,1.0,1825,True
seoul,2022,202201,V012_순이동자수_명|천명당12개월,1.0,1825,True
seoul,2022,202201,V035_아파트거래_동호수_호|12개월누적log,1.0,1651,True
seoul,2022,202201,V035_아파트거래_동호수_호|12개월누적log_12m차,1.0,1825,True
seoul,2022,202201,V035_아파트거래_면적_천㎡|12개월누적log,1.0,768,True
seoul,2022,202201,V035_아파트거래_면적_천㎡|12개월누적log_12m차,1.0,1792,True
seoul,2022,202201,V036_아파트매매거래_동호수_호|12개월누적log,1.0,1594,True
seoul,2022,202201,V036_아파트매매거래_동호수_호|12개월누적log_12m차,1.0,1825,True
seoul,2022,202201,V036_아파트매매거래_면적_천㎡|12개월누적log,1.0,607,True
seoul,2022,202201,V036_아파트매매거래_면적_천㎡|12개월누적log_12m차,1.0,1781,True
seoul,2022,202201,V038_미분양주택현황_호|log,1.0,100,True
seoul,2022,202201,V038_미분양주택현황_호|log_12m차,1.0,331,True
seoul,2022,202201,V043_한국은행_기준금리_연%|수준,1.0,5,True
seoul,2022,202201,V043_한국은행_기준금리_연%|12m차,1.0,7,True
seoul,2022,202201,V044_시장금리_CD91일_연%|수준,1.0,44,True
seoul,2022,202201,V044_시장금리_CD91일_연%|12m차,1.0,59,True
seoul,2022,202201,V045_시장금리_국고채3년_연%|수준,1.0,73,True
seoul,2022,202201,V045_시장금리_국고채3년_연%|12m차,1.0,72,True
seoul,2022,202201,V046_M2_통화량_십억원|12m로그변화,1.0,73,True
seoul,2022,202201,V048_소비자물가지수_2020=100|수준,1.0,68,True
seoul,2022,202201,V048_소비자물가지수_2020=100|12m차,1.0,72,True
seoul,2022,202201,V056_예금은행대출금리_주택담보_연리%|수준,1.0,54,True
seoul,2022,202201,V056_예금은행대출금리_주택담보_연리%|12m차,1.0,62,True
seoul,2022,202201,V057_예금은행대출금리_전세자금_연리%|수준,1.0,48,True
seoul,2022,202201,V057_예금은행대출금리_전세자금_연리%|12m차,0.9041095890410958,50,True
seoul,2022,202201,V059_비은행대출금리_주택담보_연리%|수준,1.0,61,True
seoul,2022,202201,V059_비은행대출금리_주택담보_연리%|12m차,1.0,63,True
seoul,2022,202201,V061_주택가격전망CSI_서울|수준,1.0,34,True
seoul,2022,202201,V061_주택가격전망CSI_서울|12m차,1.0,38,True
seoul,2022,202201,V062_주택가격전망CSI_6대광역시|수준,1.0,40,True
seoul,2022,202201,V062_주택가격전망CSI_6대광역시|12m차,1.0,44,True
seoul,2022,202201,V063_주택가격전망CSI_기타도시|수준,1.0,36,True
seoul,2022,202201,V063_주택가격전망CSI_기타도시|12m차,1.0,40,True
seoul,2022,202201,V064_KOSPI_종가_1980.01.04=100|수준,1.0,73,True
seoul,2022,202201,V064_KOSPI_종가_1980.01.04=100|12m차,1.0,73,True
seoul,2022,202201,V066_임금총액_사업체노동력_원|12m로그변화,1.0,73,True
seoul,2022,202201,V067_선행지수순환변동치_2020=100|수준,1.0,35,True
seoul,2022,202201,V067_선행지수순환변동치_2020=100|12m차,1.0,46,True
seoul,2022,202201,V069_예금취급기관_가계대출_십억원|12m로그변화,1.0,73,True
seoul,2022,202201,V069_예금취급기관_주택관련대출_십억원|12m로그변화,1.0,73,True
seoul,2022,202201,V070_수출금액_천불|12m로그변화,1.0,73,True
seoul,2022,202201,V071_정책대출_주금공_주택도시기금_십억원|12m로그변화,0.821917808219178,60,True
seoul,2022,202201,서울_V005_월세수급동향|수준,0.9863013698630136,69,True
seoul,2022,202201,서울_V005_월세수급동향|12m차,0.821917808219178,60,True
seoul,2022,202201,서울_V013_고용률_%|수준,1.0,27,True
seoul,2022,202201,서울_V013_고용률_%|12m차,1.0,41,True
seoul,2022,202201,서울_V013_취업자_천명|12m로그변화,1.0,73,True
seoul,2022,202201,서울_V021_아파트_인허가_호|12개월누적log,1.0,73,True
seoul,2022,202201,서울_V021_아파트_인허가_호|12개월누적log_12m차,1.0,73,True
seoul,2022,202201,서울_V022_아파트_착공_호|12개월누적log,1.0,73,True
seoul,2022,202201,서울_V022_아파트_착공_호|12개월누적log_12m차,1.0,73,True
seoul,2022,202201,서울_V023_아파트_준공_호|12개월누적log,1.0,73,True
seoul,2022,202201,서울_V023_아파트_준공_호|12개월누적log_12m차,1.0,73,True
seoul,2022,202201,서울_V031_매매수급동향|수준,1.0,71,True
seoul,2022,202201,서울_V031_매매수급동향|12m차,1.0,73,True
seoul,2022,202201,서울_V032_전세수급동향|수준,1.0,73,True
seoul,2022,202201,서울_V032_전세수급동향|12m차,1.0,73,True
seoul,2022,202201,서울_V037_주택시장_소비심리지수|수준,1.0,67,True
seoul,2022,202201,서울_V037_주택시장_소비심리지수|12m차,1.0,71,True
seoul,2022,202201,서울_V050_지역별_주택관련대출_예금은행_십억원|12m로그변화,1.0,73,True
seoul,2022,202201,V047_가계신용_총액_십억원|12m로그변화,1.0,25,True
seoul,2022,202201,V049_시간당명목임금지수_2020=100|수준,1.0,24,True
seoul,2022,202201,V049_시간당명목임금지수_2020=100|12m차,1.0,22,True
seoul,2022,202201,V060_대출태도_국내은행_가계주택|수준,1.0,19,True
seoul,2022,202201,V060_대출태도_국내은행_가계주택|12m차,1.0,22,True
seoul,2022,202201,V074_가계동향_도시2인이상_월평균소득_원|수준,0.7945205479452054,20,True
seoul,2022,202201,V074_가계동향_도시2인이상_월평균소득_원|12m차,0.7945205479452054,20,True
seoul,2022,202201,V074_연결_월평균소득_원|12m로그변화,1.0,25,True
seoul,2022,202201,V024_주거용신축허가_동수_동|12m로그변화,1.0,174,True
seoul,2022,202201,V024_주거용신축허가_연면적_㎡|12m로그변화,1.0,175,True
seoul,2022,202201,V072_총조사_가구수_가구|12m로그변화,0.6712328767123288,125,False
seoul,2022,202201,V072_총조사_주택수_호|12m로그변화,0.6712328767123288,125,False
seoul,2022,202201,V072_총조사단순주택수가구수비율|12m로그변화,0.6712328767123288,125,False
seoul,2022,202201,V024_주거용신축허가_동수_천세대당|수준,1.0,175,True
seoul,2022,202201,V024_주거용신축허가_동수_천세대당|12m차,1.0,175,True
seoul,2022,202201,V013_서울구반기_고용률_%|수준,0.0,0,False
seoul,2022,202201,V013_서울구반기_고용률_%|12m차,0.0,0,False
seoul,2022,202201,V013_서울구반기_취업자_천명|12m로그변화,0.0,0,False
seoul,2022,202201,V013_서울구_고용률_월별추정|수준,0.0,0,False
seoul,2022,202201,V013_서울구_고용률_월별추정|12m차,0.0,0,False
seoul,2022,202201,V013_서울구_취업자_월별추정|12m로그변화,0.0,0,False
seoul,2022,202201,서울_V072_공식주택보급률_%|수준,1.0,7,True
seoul,2022,202201,서울_V072_공식주택보급률_%|12m차,1.0,7,True
seoul,2022,202201,D_CSI_전신계열,1.0,1,False
seoul,2022,202201,D_Wage_10th,1.0,2,True
seoul,2022,202201,D_Wage_11th,1.0,1,False
seoul,2022,202201,M10_rent_growth_1m,0.9863013698630136,1798,True
seoul,2022,202201,M10_rent_growth_6m,0.9178082191780822,1675,True
seoul,2022,202204,V003_전세가율_%|수준,1.0,337,True
seoul,2022,202204,V003_전세가율_%|12m차,1.0,456,True
seoul,2022,202204,V004_지역별전월세전환율_%|수준,1.0,1146,True
seoul,2022,202204,V004_지역별전월세전환율_%|12m차,1.0,1786,True
seoul,2022,202204,V009_주민등록인구_명|12m로그변화,1.0,1900,True
seoul,2022,202204,V010_주민등록세대수_세대|12m로그변화,1.0,1900,True
seoul,2022,202204,V011_20-29세_명|12m로그변화,1.0,1900,True
seoul,2022,202204,V011_20-39세_명|12m로그변화,1.0,1900,True
seoul,2022,202204,V011_20-39세비중_%|수준,1.0,1900,True
seoul,2022,202204,V011_20-39세비중_%|12m차,1.0,1900,True
seoul,2022,202204,V011_30-39세_명|12m로그변화,1.0,1900,True
seoul,2022,202204,V012_순이동자수_명|천명당12개월,1.0,1900,True
seoul,2022,202204,V035_아파트거래_동호수_호|12개월누적log,1.0,1718,True
seoul,2022,202204,V035_아파트거래_동호수_호|12개월누적log_12m차,1.0,1900,True
seoul,2022,202204,V035_아파트거래_면적_천㎡|12개월누적log,1.0,777,True
seoul,2022,202204,V035_아파트거래_면적_천㎡|12개월누적log_12m차,1.0,1864,True
seoul,2022,202204,V036_아파트매매거래_동호수_호|12개월누적log,1.0,1647,True
seoul,2022,202204,V036_아파트매매거래_동호수_호|12개월누적log_12m차,1.0,1900,True
seoul,2022,202204,V036_아파트매매거래_면적_천㎡|12개월누적log,1.0,610,True
seoul,2022,202204,V036_아파트매매거래_면적_천㎡|12개월누적log_12m차,1.0,1854,True
seoul,2022,202204,V038_미분양주택현황_호|log,1.0,101,True
seoul,2022,202204,V038_미분양주택현황_호|log_12m차,1.0,333,True
seoul,2022,202204,V043_한국은행_기준금리_연%|수준,1.0,5,True
seoul,2022,202204,V043_한국은행_기준금리_연%|12m차,1.0,7,True
seoul,2022,202204,V044_시장금리_CD91일_연%|수준,1.0,47,True
seoul,2022,202204,V044_시장금리_CD91일_연%|12m차,1.0,62,True
seoul,2022,202204,V045_시장금리_국고채3년_연%|수준,1.0,76,True
seoul,2022,202204,V045_시장금리_국고채3년_연%|12m차,1.0,75,True
seoul,2022,202204,V046_M2_통화량_십억원|12m로그변화,1.0,76,True
seoul,2022,202204,V048_소비자물가지수_2020=100|수준,1.0,71,True
seoul,2022,202204,V048_소비자물가지수_2020=100|12m차,1.0,75,True
seoul,2022,202204,V056_예금은행대출금리_주택담보_연리%|수준,1.0,56,True
seoul,2022,202204,V056_예금은행대출금리_주택담보_연리%|12m차,1.0,65,True
seoul,2022,202204,V057_예금은행대출금리_전세자금_연리%|수준,1.0,49,True
seoul,2022,202204,V057_예금은행대출금리_전세자금_연리%|12m차,0.9078947368421053,53,True
seoul,2022,202204,V059_비은행대출금리_주택담보_연리%|수준,1.0,63,True
seoul,2022,202204,V059_비은행대출금리_주택담보_연리%|12m차,1.0,66,True
seoul,2022,202204,V061_주택가격전망CSI_서울|수준,1.0,34,True
seoul,2022,202204,V061_주택가격전망CSI_서울|12m차,1.0,38,True
seoul,2022,202204,V062_주택가격전망CSI_6대광역시|수준,1.0,40,True
seoul,2022,202204,V062_주택가격전망CSI_6대광역시|12m차,1.0,44,True
seoul,2022,202204,V063_주택가격전망CSI_기타도시|수준,1.0,37,True
seoul,2022,202204,V063_주택가격전망CSI_기타도시|12m차,1.0,41,True
seoul,2022,202204,V064_KOSPI_종가_1980.01.04=100|수준,1.0,76,True
seoul,2022,202204,V064_KOSPI_종가_1980.01.04=100|12m차,1.0,76,True
seoul,2022,202204,V066_임금총액_사업체노동력_원|12m로그변화,1.0,76,True
seoul,2022,202204,V067_선행지수순환변동치_2020=100|수준,1.0,37,True
seoul,2022,202204,V067_선행지수순환변동치_2020=100|12m차,1.0,48,True
seoul,2022,202204,V069_예금취급기관_가계대출_십억원|12m로그변화,1.0,76,True
seoul,2022,202204,V069_예금취급기관_주택관련대출_십억원|12m로그변화,1.0,76,True
seoul,2022,202204,V070_수출금액_천불|12m로그변화,1.0,76,True
seoul,2022,202204,V071_정책대출_주금공_주택도시기금_십억원|12m로그변화,0.8289473684210527,63,True
seoul,2022,202204,서울_V005_월세수급동향|수준,0.9868421052631579,72,True
seoul,2022,202204,서울_V005_월세수급동향|12m차,0.8289473684210527,63,True
seoul,2022,202204,서울_V013_고용률_%|수준,1.0,27,True
seoul,2022,202204,서울_V013_고용률_%|12m차,1.0,42,True
seoul,2022,202204,서울_V013_취업자_천명|12m로그변화,1.0,76,True
seoul,2022,202204,서울_V021_아파트_인허가_호|12개월누적log,1.0,76,True
seoul,2022,202204,서울_V021_아파트_인허가_호|12개월누적log_12m차,1.0,76,True
seoul,2022,202204,서울_V022_아파트_착공_호|12개월누적log,1.0,76,True
seoul,2022,202204,서울_V022_아파트_착공_호|12개월누적log_12m차,1.0,76,True
seoul,2022,202204,서울_V023_아파트_준공_호|12개월누적log,1.0,76,True
seoul,2022,202204,서울_V023_아파트_준공_호|12개월누적log_12m차,1.0,76,True
seoul,2022,202204,서울_V031_매매수급동향|수준,1.0,74,True
seoul,2022,202204,서울_V031_매매수급동향|12m차,1.0,76,True
seoul,2022,202204,서울_V032_전세수급동향|수준,1.0,76,True
seoul,2022,202204,서울_V032_전세수급동향|12m차,1.0,76,True
seoul,2022,202204,서울_V037_주택시장_소비심리지수|수준,1.0,70,True
seoul,2022,202204,서울_V037_주택시장_소비심리지수|12m차,1.0,74,True
seoul,2022,202204,서울_V050_지역별_주택관련대출_예금은행_십억원|12m로그변화,1.0,76,True
seoul,2022,202204,V047_가계신용_총액_십억원|12m로그변화,1.0,26,True
seoul,2022,202204,V049_시간당명목임금지수_2020=100|수준,1.0,25,True
seoul,2022,202204,V049_시간당명목임금지수_2020=100|12m차,1.0,23,True
seoul,2022,202204,V060_대출태도_국내은행_가계주택|수준,1.0,19,True
seoul,2022,202204,V060_대출태도_국내은행_가계주택|12m차,1.0,23,True
seoul,2022,202204,V074_가계동향_도시2인이상_월평균소득_원|수준,0.7631578947368421,20,True
seoul,2022,202204,V074_가계동향_도시2인이상_월평균소득_원|12m차,0.7631578947368421,20,True
seoul,2022,202204,V074_연결_월평균소득_원|12m로그변화,1.0,26,True
seoul,2022,202204,V024_주거용신축허가_동수_동|12m로그변화,1.0,174,True
seoul,2022,202204,V024_주거용신축허가_연면적_㎡|12m로그변화,1.0,175,True
seoul,2022,202204,V072_총조사_가구수_가구|12m로그변화,0.6842105263157895,125,False
seoul,2022,202204,V072_총조사_주택수_호|12m로그변화,0.6842105263157895,125,False
seoul,2022,202204,V072_총조사단순주택수가구수비율|12m로그변화,0.6842105263157895,125,False
seoul,2022,202204,V024_주거용신축허가_동수_천세대당|수준,1.0,175,True
seoul,2022,202204,V024_주거용신축허가_동수_천세대당|12m차,1.0,175,True
seoul,2022,202204,V013_서울구반기_고용률_%|수준,0.039473684210526314,23,False
seoul,2022,202204,V013_서울구반기_고용률_%|12m차,0.0,0,False
seoul,2022,202204,V013_서울구반기_취업자_천명|12m로그변화,0.0,0,False
seoul,2022,202204,V013_서울구_고용률_월별추정|수준,0.039473684210526314,69,False
seoul,2022,202204,V013_서울구_고용률_월별추정|12m차,0.0,0,False
seoul,2022,202204,V013_서울구_취업자_월별추정|12m로그변화,0.0,0,False
seoul,2022,202204,서울_V072_공식주택보급률_%|수준,1.0,7,True
seoul,2022,202204,서울_V072_공식주택보급률_%|12m차,1.0,7,True
seoul,2022,202204,D_CSI_전신계열,1.0,1,False
seoul,2022,202204,D_Wage_10th,1.0,2,True
seoul,2022,202204,D_Wage_11th,1.0,1,False
seoul,2022,202204,M10_rent_growth_1m,0.9868421052631579,1873,True
seoul,2022,202204,M10_rent_growth_6m,0.9210526315789473,1750,True
seoul,2022,202207,V003_전세가율_%|수준,1.0,340,True
seoul,2022,202207,V003_전세가율_%|12m차,1.0,464,True
seoul,2022,202207,V004_지역별전월세전환율_%|수준,1.0,1196,True
seoul,2022,202207,V004_지역별전월세전환율_%|12m차,1.0,1861,True
seoul,2022,202207,V009_주민등록인구_명|12m로그변화,1.0,1975,True
seoul,2022,202207,V010_주민등록세대수_세대|12m로그변화,1.0,1975,True
seoul,2022,202207,V011_20-29세_명|12m로그변화,1.0,1975,True
seoul,2022,202207,V011_20-39세_명|12m로그변화,1.0,1975,True
seoul,2022,202207,V011_20-39세비중_%|수준,1.0,1975,True
seoul,2022,202207,V011_20-39세비중_%|12m차,1.0,1975,True
seoul,2022,202207,V011_30-39세_명|12m로그변화,1.0,1975,True
seoul,2022,202207,V012_순이동자수_명|천명당12개월,1.0,1975,True
seoul,2022,202207,V035_아파트거래_동호수_호|12개월누적log,1.0,1784,True
seoul,2022,202207,V035_아파트거래_동호수_호|12개월누적log_12m차,1.0,1975,True
seoul,2022,202207,V035_아파트거래_면적_천㎡|12개월누적log,1.0,786,True
seoul,2022,202207,V035_아파트거래_면적_천㎡|12개월누적log_12m차,1.0,1939,True
seoul,2022,202207,V036_아파트매매거래_동호수_호|12개월누적log,1.0,1706,True
seoul,2022,202207,V036_아파트매매거래_동호수_호|12개월누적log_12m차,1.0,1975,True
seoul,2022,202207,V036_아파트매매거래_면적_천㎡|12개월누적log,1.0,617,True
seoul,2022,202207,V036_아파트매매거래_면적_천㎡|12개월누적log_12m차,1.0,1927,True
seoul,2022,202207,V038_미분양주택현황_호|log,1.0,101,True
seoul,2022,202207,V038_미분양주택현황_호|log_12m차,1.0,335,True
seoul,2022,202207,V043_한국은행_기준금리_연%|수준,1.0,6,True
seoul,2022,202207,V043_한국은행_기준금리_연%|12m차,1.0,9,True
seoul,2022,202207,V044_시장금리_CD91일_연%|수준,1.0,49,True
seoul,2022,202207,V044_시장금리_CD91일_연%|12m차,1.0,65,True
seoul,2022,202207,V045_시장금리_국고채3년_연%|수준,1.0,78,True
seoul,2022,202207,V045_시장금리_국고채3년_연%|12m차,1.0,78,True
seoul,2022,202207,V046_M2_통화량_십억원|12m로그변화,1.0,79,True
seoul,2022,202207,V048_소비자물가지수_2020=100|수준,1.0,74,True
seoul,2022,202207,V048_소비자물가지수_2020=100|12m차,1.0,78,True
seoul,2022,202207,V056_예금은행대출금리_주택담보_연리%|수준,1.0,58,True
seoul,2022,202207,V056_예금은행대출금리_주택담보_연리%|12m차,1.0,68,True
seoul,2022,202207,V057_예금은행대출금리_전세자금_연리%|수준,1.0,51,True
seoul,2022,202207,V057_예금은행대출금리_전세자금_연리%|12m차,0.9113924050632911,56,True
seoul,2022,202207,V059_비은행대출금리_주택담보_연리%|수준,1.0,66,True
seoul,2022,202207,V059_비은행대출금리_주택담보_연리%|12m차,1.0,66,True
seoul,2022,202207,V061_주택가격전망CSI_서울|수준,1.0,34,True
seoul,2022,202207,V061_주택가격전망CSI_서울|12m차,1.0,40,True
seoul,2022,202207,V062_주택가격전망CSI_6대광역시|수준,1.0,41,True
seoul,2022,202207,V062_주택가격전망CSI_6대광역시|12m차,1.0,45,True
seoul,2022,202207,V063_주택가격전망CSI_기타도시|수준,1.0,37,True
seoul,2022,202207,V063_주택가격전망CSI_기타도시|12m차,1.0,43,True
seoul,2022,202207,V064_KOSPI_종가_1980.01.04=100|수준,1.0,79,True
seoul,2022,202207,V064_KOSPI_종가_1980.01.04=100|12m차,1.0,79,True
seoul,2022,202207,V066_임금총액_사업체노동력_원|12m로그변화,1.0,79,True
seoul,2022,202207,V067_선행지수순환변동치_2020=100|수준,1.0,38,True
seoul,2022,202207,V067_선행지수순환변동치_2020=100|12m차,1.0,48,True
seoul,2022,202207,V069_예금취급기관_가계대출_십억원|12m로그변화,1.0,79,True
seoul,2022,202207,V069_예금취급기관_주택관련대출_십억원|12m로그변화,1.0,79,True
seoul,2022,202207,V070_수출금액_천불|12m로그변화,1.0,79,True
seoul,2022,202207,V071_정책대출_주금공_주택도시기금_십억원|12m로그변화,0.8354430379746836,66,True
seoul,2022,202207,서울_V005_월세수급동향|수준,0.9873417721518988,75,True
seoul,2022,202207,서울_V005_월세수급동향|12m차,0.8354430379746836,66,True
seoul,2022,202207,서울_V013_고용률_%|수준,1.0,27,True
seoul,2022,202207,서울_V013_고용률_%|12m차,1.0,43,True
seoul,2022,202207,서울_V013_취업자_천명|12m로그변화,1.0,79,True
seoul,2022,202207,서울_V021_아파트_인허가_호|12개월누적log,1.0,79,True
seoul,2022,202207,서울_V021_아파트_인허가_호|12개월누적log_12m차,1.0,79,True
seoul,2022,202207,서울_V022_아파트_착공_호|12개월누적log,1.0,79,True
seoul,2022,202207,서울_V022_아파트_착공_호|12개월누적log_12m차,1.0,79,True
seoul,2022,202207,서울_V023_아파트_준공_호|12개월누적log,1.0,79,True
seoul,2022,202207,서울_V023_아파트_준공_호|12개월누적log_12m차,1.0,79,True
seoul,2022,202207,서울_V031_매매수급동향|수준,1.0,77,True
seoul,2022,202207,서울_V031_매매수급동향|12m차,1.0,79,True
seoul,2022,202207,서울_V032_전세수급동향|수준,1.0,79,True
seoul,2022,202207,서울_V032_전세수급동향|12m차,1.0,79,True
seoul,2022,202207,서울_V037_주택시장_소비심리지수|수준,1.0,73,True
seoul,2022,202207,서울_V037_주택시장_소비심리지수|12m차,1.0,77,True
seoul,2022,202207,서울_V050_지역별_주택관련대출_예금은행_십억원|12m로그변화,1.0,79,True
seoul,2022,202207,V047_가계신용_총액_십억원|12m로그변화,1.0,27,True
seoul,2022,202207,V049_시간당명목임금지수_2020=100|수준,1.0,26,True
seoul,2022,202207,V049_시간당명목임금지수_2020=100|12m차,1.0,24,True
seoul,2022,202207,V060_대출태도_국내은행_가계주택|수준,1.0,20,True
seoul,2022,202207,V060_대출태도_국내은행_가계주택|12m차,1.0,24,True
seoul,2022,202207,V074_가계동향_도시2인이상_월평균소득_원|수준,0.7341772151898734,20,True
seoul,2022,202207,V074_가계동향_도시2인이상_월평균소득_원|12m차,0.7341772151898734,20,True
seoul,2022,202207,V074_연결_월평균소득_원|12m로그변화,1.0,27,True
seoul,2022,202207,V024_주거용신축허가_동수_동|12m로그변화,1.0,196,True
seoul,2022,202207,V024_주거용신축허가_연면적_㎡|12m로그변화,1.0,200,True
seoul,2022,202207,V072_총조사_가구수_가구|12m로그변화,0.6962025316455697,125,False
seoul,2022,202207,V072_총조사_주택수_호|12m로그변화,0.6962025316455697,125,False
seoul,2022,202207,V072_총조사단순주택수가구수비율|12m로그변화,0.6962025316455697,125,False
seoul,2022,202207,V024_주거용신축허가_동수_천세대당|수준,1.0,200,True
seoul,2022,202207,V024_주거용신축허가_동수_천세대당|12m차,1.0,200,True
seoul,2022,202207,V013_서울구반기_고용률_%|수준,0.0759493670886076,23,False
seoul,2022,202207,V013_서울구반기_고용률_%|12m차,0.0,0,False
seoul,2022,202207,V013_서울구반기_취업자_천명|12m로그변화,0.0,0,False
seoul,2022,202207,V013_서울구_고용률_월별추정|수준,0.0759493670886076,138,False
seoul,2022,202207,V013_서울구_고용률_월별추정|12m차,0.0,0,False
seoul,2022,202207,V013_서울구_취업자_월별추정|12m로그변화,0.0,0,False
seoul,2022,202207,서울_V072_공식주택보급률_%|수준,1.0,8,True
seoul,2022,202207,서울_V072_공식주택보급률_%|12m차,1.0,8,True
seoul,2022,202207,D_CSI_전신계열,1.0,1,False
seoul,2022,202207,D_Wage_10th,1.0,2,True
seoul,2022,202207,D_Wage_11th,1.0,1,False
seoul,2022,202207,M10_rent_growth_1m,0.9873417721518988,1948,True
seoul,2022,202207,M10_rent_growth_6m,0.9240506329113924,1825,True
seoul,2022,202210,V003_전세가율_%|수준,1.0,341,True
seoul,2022,202210,V003_전세가율_%|12m차,1.0,465,True
seoul,2022,202210,V004_지역별전월세전환율_%|수준,1.0,1251,True
seoul,2022,202210,V004_지역별전월세전환율_%|12m차,1.0,1934,True
seoul,2022,202210,V009_주민등록인구_명|12m로그변화,1.0,2050,True
seoul,2022,202210,V010_주민등록세대수_세대|12m로그변화,1.0,2050,True
seoul,2022,202210,V011_20-29세_명|12m로그변화,1.0,2050,True
seoul,2022,202210,V011_20-39세_명|12m로그변화,1.0,2050,True
seoul,2022,202210,V011_20-39세비중_%|수준,1.0,2050,True
seoul,2022,202210,V011_20-39세비중_%|12m차,1.0,2050,True
seoul,2022,202210,V011_30-39세_명|12m로그변화,1.0,2050,True
seoul,2022,202210,V012_순이동자수_명|천명당12개월,1.0,2050,True
seoul,2022,202210,V035_아파트거래_동호수_호|12개월누적log,1.0,1842,True
seoul,2022,202210,V035_아파트거래_동호수_호|12개월누적log_12m차,1.0,2050,True
seoul,2022,202210,V035_아파트거래_면적_천㎡|12개월누적log,1.0,801,True
seoul,2022,202210,V035_아파트거래_면적_천㎡|12개월누적log_12m차,1.0,2014,True
seoul,2022,202210,V036_아파트매매거래_동호수_호|12개월누적log,1.0,1758,True
seoul,2022,202210,V036_아파트매매거래_동호수_호|12개월누적log_12m차,1.0,2050,True
seoul,2022,202210,V036_아파트매매거래_면적_천㎡|12개월누적log,1.0,627,True
seoul,2022,202210,V036_아파트매매거래_면적_천㎡|12개월누적log_12m차,1.0,1998,True
seoul,2022,202210,V038_미분양주택현황_호|log,1.0,102,True
seoul,2022,202210,V038_미분양주택현황_호|log_12m차,1.0,339,True
seoul,2022,202210,V043_한국은행_기준금리_연%|수준,1.0,6,True
seoul,2022,202210,V043_한국은행_기준금리_연%|12m차,1.0,10,True
seoul,2022,202210,V044_시장금리_CD91일_연%|수준,1.0,49,True
seoul,2022,202210,V044_시장금리_CD91일_연%|12m차,1.0,68,True
seoul,2022,202210,V045_시장금리_국고채3년_연%|수준,1.0,81,True
seoul,2022,202210,V045_시장금리_국고채3년_연%|12m차,1.0,81,True
seoul,2022,202210,V046_M2_통화량_십억원|12m로그변화,1.0,82,True
seoul,2022,202210,V048_소비자물가지수_2020=100|수준,1.0,77,True
seoul,2022,202210,V048_소비자물가지수_2020=100|12m차,1.0,81,True
seoul,2022,202210,V056_예금은행대출금리_주택담보_연리%|수준,1.0,61,True
seoul,2022,202210,V056_예금은행대출금리_주택담보_연리%|12m차,1.0,71,True
seoul,2022,202210,V057_예금은행대출금리_전세자금_연리%|수준,1.0,54,True
seoul,2022,202210,V057_예금은행대출금리_전세자금_연리%|12m차,0.9146341463414634,59,True
seoul,2022,202210,V059_비은행대출금리_주택담보_연리%|수준,1.0,68,True
seoul,2022,202210,V059_비은행대출금리_주택담보_연리%|12m차,1.0,69,True
seoul,2022,202210,V061_주택가격전망CSI_서울|수준,1.0,35,True
seoul,2022,202210,V061_주택가격전망CSI_서울|12m차,1.0,42,True
seoul,2022,202210,V062_주택가격전망CSI_6대광역시|수준,1.0,41,True
seoul,2022,202210,V062_주택가격전망CSI_6대광역시|12m차,1.0,46,True
seoul,2022,202210,V063_주택가격전망CSI_기타도시|수준,1.0,37,True
seoul,2022,202210,V063_주택가격전망CSI_기타도시|12m차,1.0,45,True
seoul,2022,202210,V064_KOSPI_종가_1980.01.04=100|수준,1.0,82,True
seoul,2022,202210,V064_KOSPI_종가_1980.01.04=100|12m차,1.0,82,True
seoul,2022,202210,V066_임금총액_사업체노동력_원|12m로그변화,1.0,82,True
seoul,2022,202210,V067_선행지수순환변동치_2020=100|수준,1.0,38,True
seoul,2022,202210,V067_선행지수순환변동치_2020=100|12m차,1.0,49,True
seoul,2022,202210,V069_예금취급기관_가계대출_십억원|12m로그변화,1.0,82,True
seoul,2022,202210,V069_예금취급기관_주택관련대출_십억원|12m로그변화,1.0,82,True
seoul,2022,202210,V070_수출금액_천불|12m로그변화,1.0,82,True
seoul,2022,202210,V071_정책대출_주금공_주택도시기금_십억원|12m로그변화,0.8414634146341463,69,True
seoul,2022,202210,서울_V005_월세수급동향|수준,0.9878048780487805,78,True
seoul,2022,202210,서울_V005_월세수급동향|12m차,0.8414634146341463,69,True
seoul,2022,202210,서울_V013_고용률_%|수준,1.0,27,True
seoul,2022,202210,서울_V013_고용률_%|12m차,1.0,45,True
seoul,2022,202210,서울_V013_취업자_천명|12m로그변화,1.0,82,True
seoul,2022,202210,서울_V021_아파트_인허가_호|12개월누적log,1.0,82,True
seoul,2022,202210,서울_V021_아파트_인허가_호|12개월누적log_12m차,1.0,82,True
seoul,2022,202210,서울_V022_아파트_착공_호|12개월누적log,1.0,82,True
seoul,2022,202210,서울_V022_아파트_착공_호|12개월누적log_12m차,1.0,82,True
seoul,2022,202210,서울_V023_아파트_준공_호|12개월누적log,1.0,82,True
seoul,2022,202210,서울_V023_아파트_준공_호|12개월누적log_12m차,1.0,82,True
seoul,2022,202210,서울_V031_매매수급동향|수준,1.0,80,True
seoul,2022,202210,서울_V031_매매수급동향|12m차,1.0,82,True
seoul,2022,202210,서울_V032_전세수급동향|수준,1.0,82,True
seoul,2022,202210,서울_V032_전세수급동향|12m차,1.0,82,True
seoul,2022,202210,서울_V037_주택시장_소비심리지수|수준,1.0,75,True
seoul,2022,202210,서울_V037_주택시장_소비심리지수|12m차,1.0,80,True
seoul,2022,202210,서울_V050_지역별_주택관련대출_예금은행_십억원|12m로그변화,1.0,82,True
seoul,2022,202210,V047_가계신용_총액_십억원|12m로그변화,1.0,28,True
seoul,2022,202210,V049_시간당명목임금지수_2020=100|수준,1.0,27,True
seoul,2022,202210,V049_시간당명목임금지수_2020=100|12m차,1.0,25,True
seoul,2022,202210,V060_대출태도_국내은행_가계주택|수준,1.0,21,True
seoul,2022,202210,V060_대출태도_국내은행_가계주택|12m차,1.0,25,True
seoul,2022,202210,V074_가계동향_도시2인이상_월평균소득_원|수준,0.7073170731707317,20,True
seoul,2022,202210,V074_가계동향_도시2인이상_월평균소득_원|12m차,0.7073170731707317,20,True
seoul,2022,202210,V074_연결_월평균소득_원|12m로그변화,1.0,28,True
seoul,2022,202210,V024_주거용신축허가_동수_동|12m로그변화,1.0,196,True
seoul,2022,202210,V024_주거용신축허가_연면적_㎡|12m로그변화,1.0,200,True
seoul,2022,202210,V072_총조사_가구수_가구|12m로그변화,0.7073170731707317,125,True
seoul,2022,202210,V072_총조사_주택수_호|12m로그변화,0.7073170731707317,125,True
seoul,2022,202210,V072_총조사단순주택수가구수비율|12m로그변화,0.7073170731707317,125,True
seoul,2022,202210,V024_주거용신축허가_동수_천세대당|수준,1.0,200,True
seoul,2022,202210,V024_주거용신축허가_동수_천세대당|12m차,1.0,200,True
seoul,2022,202210,V013_서울구반기_고용률_%|수준,0.10975609756097561,37,False
seoul,2022,202210,V013_서울구반기_고용률_%|12m차,0.0,0,False
seoul,2022,202210,V013_서울구반기_취업자_천명|12m로그변화,0.0,0,False
seoul,2022,202210,V013_서울구_고용률_월별추정|수준,0.10975609756097561,210,False
seoul,2022,202210,V013_서울구_고용률_월별추정|12m차,0.0,0,False
seoul,2022,202210,V013_서울구_취업자_월별추정|12m로그변화,0.0,0,False
seoul,2022,202210,서울_V072_공식주택보급률_%|수준,1.0,8,True
seoul,2022,202210,서울_V072_공식주택보급률_%|12m차,1.0,8,True
seoul,2022,202210,D_CSI_전신계열,1.0,1,False
seoul,2022,202210,D_Wage_10th,1.0,2,True
seoul,2022,202210,D_Wage_11th,1.0,1,False
seoul,2022,202210,M10_rent_growth_1m,0.9878048780487805,2023,True
seoul,2022,202210,M10_rent_growth_6m,0.926829268292683,1900,True
seoul,2023,202301,V003_전세가율_%|수준,1.0,342,True
seoul,2023,202301,V003_전세가율_%|12m차,1.0,469,True
seoul,2023,202301,V004_지역별전월세전환율_%|수준,1.0,1305,True
seoul,2023,202301,V004_지역별전월세전환율_%|12m차,1.0,2009,True
seoul,2023,202301,V009_주민등록인구_명|12m로그변화,1.0,2125,True
seoul,2023,202301,V010_주민등록세대수_세대|12m로그변화,1.0,2125,True
seoul,2023,202301,V011_20-29세_명|12m로그변화,1.0,2125,True
seoul,2023,202301,V011_20-39세_명|12m로그변화,1.0,2125,True
seoul,2023,202301,V011_20-39세비중_%|수준,1.0,2125,True
seoul,2023,202301,V011_20-39세비중_%|12m차,1.0,2125,True
seoul,2023,202301,V011_30-39세_명|12m로그변화,1.0,2125,True
seoul,2023,202301,V012_순이동자수_명|천명당12개월,1.0,2125,True
seoul,2023,202301,V035_아파트거래_동호수_호|12개월누적log,1.0,1913,True
seoul,2023,202301,V035_아파트거래_동호수_호|12개월누적log_12m차,1.0,2125,True
seoul,2023,202301,V035_아파트거래_면적_천㎡|12개월누적log,1.0,814,True
seoul,2023,202301,V035_아파트거래_면적_천㎡|12개월누적log_12m차,1.0,2089,True
seoul,2023,202301,V036_아파트매매거래_동호수_호|12개월누적log,1.0,1814,True
seoul,2023,202301,V036_아파트매매거래_동호수_호|12개월누적log_12m차,1.0,2125,True
seoul,2023,202301,V036_아파트매매거래_면적_천㎡|12개월누적log,1.0,636,True
seoul,2023,202301,V036_아파트매매거래_면적_천㎡|12개월누적log_12m차,1.0,2073,True
seoul,2023,202301,V038_미분양주택현황_호|log,1.0,107,True
seoul,2023,202301,V038_미분양주택현황_호|log_12m차,1.0,351,True
seoul,2023,202301,V043_한국은행_기준금리_연%|수준,1.0,7,True
seoul,2023,202301,V043_한국은행_기준금리_연%|12m차,1.0,12,True
seoul,2023,202301,V044_시장금리_CD91일_연%|수준,1.0,52,True
seoul,2023,202301,V044_시장금리_CD91일_연%|12m차,1.0,71,True
seoul,2023,202301,V045_시장금리_국고채3년_연%|수준,1.0,84,True
seoul,2023,202301,V045_시장금리_국고채3년_연%|12m차,1.0,84,True
seoul,2023,202301,V046_M2_통화량_십억원|12m로그변화,1.0,85,True
seoul,2023,202301,V048_소비자물가지수_2020=100|수준,1.0,80,True
seoul,2023,202301,V048_소비자물가지수_2020=100|12m차,1.0,84,True
seoul,2023,202301,V056_예금은행대출금리_주택담보_연리%|수준,1.0,63,True
seoul,2023,202301,V056_예금은행대출금리_주택담보_연리%|12m차,1.0,74,True
seoul,2023,202301,V057_예금은행대출금리_전세자금_연리%|수준,1.0,57,True
seoul,2023,202301,V057_예금은행대출금리_전세자금_연리%|12m차,0.9176470588235294,62,True
seoul,2023,202301,V059_비은행대출금리_주택담보_연리%|수준,1.0,70,True
seoul,2023,202301,V059_비은행대출금리_주택담보_연리%|12m차,1.0,72,True
seoul,2023,202301,V061_주택가격전망CSI_서울|수준,1.0,36,True
seoul,2023,202301,V061_주택가격전망CSI_서울|12m차,1.0,44,True
seoul,2023,202301,V062_주택가격전망CSI_6대광역시|수준,1.0,42,True
seoul,2023,202301,V062_주택가격전망CSI_6대광역시|12m차,1.0,48,True
seoul,2023,202301,V063_주택가격전망CSI_기타도시|수준,1.0,38,True
seoul,2023,202301,V063_주택가격전망CSI_기타도시|12m차,1.0,47,True
seoul,2023,202301,V064_KOSPI_종가_1980.01.04=100|수준,1.0,85,True
seoul,2023,202301,V064_KOSPI_종가_1980.01.04=100|12m차,1.0,85,True
seoul,2023,202301,V066_임금총액_사업체노동력_원|12m로그변화,1.0,85,True
seoul,2023,202301,V067_선행지수순환변동치_2020=100|수준,1.0,38,True
seoul,2023,202301,V067_선행지수순환변동치_2020=100|12m차,1.0,51,True
seoul,2023,202301,V069_예금취급기관_가계대출_십억원|12m로그변화,1.0,85,True
seoul,2023,202301,V069_예금취급기관_주택관련대출_십억원|12m로그변화,1.0,85,True
seoul,2023,202301,V070_수출금액_천불|12m로그변화,1.0,85,True
seoul,2023,202301,V071_정책대출_주금공_주택도시기금_십억원|12m로그변화,0.8470588235294118,72,True
seoul,2023,202301,서울_V005_월세수급동향|수준,0.9882352941176471,81,True
seoul,2023,202301,서울_V005_월세수급동향|12m차,0.8470588235294118,72,True
seoul,2023,202301,서울_V013_고용률_%|수준,1.0,27,True
seoul,2023,202301,서울_V013_고용률_%|12m차,1.0,47,True
seoul,2023,202301,서울_V013_취업자_천명|12m로그변화,1.0,85,True
seoul,2023,202301,서울_V021_아파트_인허가_호|12개월누적log,1.0,85,True
seoul,2023,202301,서울_V021_아파트_인허가_호|12개월누적log_12m차,1.0,85,True
seoul,2023,202301,서울_V022_아파트_착공_호|12개월누적log,1.0,85,True
seoul,2023,202301,서울_V022_아파트_착공_호|12개월누적log_12m차,1.0,85,True
seoul,2023,202301,서울_V023_아파트_준공_호|12개월누적log,1.0,85,True
seoul,2023,202301,서울_V023_아파트_준공_호|12개월누적log_12m차,1.0,85,True
seoul,2023,202301,서울_V031_매매수급동향|수준,1.0,83,True
seoul,2023,202301,서울_V031_매매수급동향|12m차,1.0,85,True
seoul,2023,202301,서울_V032_전세수급동향|수준,1.0,85,True
seoul,2023,202301,서울_V032_전세수급동향|12m차,1.0,85,True
seoul,2023,202301,서울_V037_주택시장_소비심리지수|수준,1.0,78,True
seoul,2023,202301,서울_V037_주택시장_소비심리지수|12m차,1.0,83,True
seoul,2023,202301,서울_V050_지역별_주택관련대출_예금은행_십억원|12m로그변화,1.0,85,True
seoul,2023,202301,V047_가계신용_총액_십억원|12m로그변화,1.0,29,True
seoul,2023,202301,V049_시간당명목임금지수_2020=100|수준,1.0,28,True
seoul,2023,202301,V049_시간당명목임금지수_2020=100|12m차,1.0,26,True
seoul,2023,202301,V060_대출태도_국내은행_가계주택|수준,1.0,22,True
seoul,2023,202301,V060_대출태도_국내은행_가계주택|12m차,1.0,26,True
seoul,2023,202301,V074_가계동향_도시2인이상_월평균소득_원|수준,0.6823529411764706,20,False
seoul,2023,202301,V074_가계동향_도시2인이상_월평균소득_원|12m차,0.6823529411764706,20,False
seoul,2023,202301,V074_연결_월평균소득_원|12m로그변화,1.0,29,True
seoul,2023,202301,V024_주거용신축허가_동수_동|12m로그변화,1.0,196,True
seoul,2023,202301,V024_주거용신축허가_연면적_㎡|12m로그변화,1.0,200,True
seoul,2023,202301,V072_총조사_가구수_가구|12m로그변화,0.7176470588235294,150,True
seoul,2023,202301,V072_총조사_주택수_호|12m로그변화,0.7176470588235294,150,True
seoul,2023,202301,V072_총조사단순주택수가구수비율|12m로그변화,0.7176470588235294,150,True
seoul,2023,202301,V024_주거용신축허가_동수_천세대당|수준,1.0,200,True
seoul,2023,202301,V024_주거용신축허가_동수_천세대당|12m차,1.0,200,True
seoul,2023,202301,V013_서울구반기_고용률_%|수준,0.1411764705882353,37,False
seoul,2023,202301,V013_서울구반기_고용률_%|12m차,0.0,0,False
seoul,2023,202301,V013_서울구반기_취업자_천명|12m로그변화,0.0,0,False
seoul,2023,202301,V013_서울구_고용률_월별추정|수준,0.1411764705882353,258,False
seoul,2023,202301,V013_서울구_고용률_월별추정|12m차,0.0,0,False
seoul,2023,202301,V013_서울구_취업자_월별추정|12m로그변화,0.0,0,False
seoul,2023,202301,서울_V072_공식주택보급률_%|수준,1.0,8,True
seoul,2023,202301,서울_V072_공식주택보급률_%|12m차,1.0,8,True
seoul,2023,202301,D_CSI_전신계열,1.0,1,False
seoul,2023,202301,D_Wage_10th,1.0,2,True
seoul,2023,202301,D_Wage_11th,1.0,1,False
seoul,2023,202301,M10_rent_growth_1m,0.9882352941176471,2098,True
seoul,2023,202301,M10_rent_growth_6m,0.9294117647058824,1975,True
seoul,2023,202304,V003_전세가율_%|수준,1.0,344,True
seoul,2023,202304,V003_전세가율_%|12m차,1.0,469,True
seoul,2023,202304,V004_지역별전월세전환율_%|수준,1.0,1363,True
seoul,2023,202304,V004_지역별전월세전환율_%|12m차,1.0,2083,True
seoul,2023,202304,V009_주민등록인구_명|12m로그변화,1.0,2200,True
seoul,2023,202304,V010_주민등록세대수_세대|12m로그변화,1.0,2200,True
seoul,2023,202304,V011_20-29세_명|12m로그변화,1.0,2200,True
seoul,2023,202304,V011_20-39세_명|12m로그변화,1.0,2200,True
seoul,2023,202304,V011_20-39세비중_%|수준,1.0,2200,True
seoul,2023,202304,V011_20-39세비중_%|12m차,1.0,2200,True
seoul,2023,202304,V011_30-39세_명|12m로그변화,1.0,2200,True
seoul,2023,202304,V012_순이동자수_명|천명당12개월,1.0,2200,True
seoul,2023,202304,V035_아파트거래_동호수_호|12개월누적log,1.0,1978,True
seoul,2023,202304,V035_아파트거래_동호수_호|12개월누적log_12m차,1.0,2200,True
seoul,2023,202304,V035_아파트거래_면적_천㎡|12개월누적log,1.0,826,True
seoul,2023,202304,V035_아파트거래_면적_천㎡|12개월누적log_12m차,1.0,2162,True
seoul,2023,202304,V036_아파트매매거래_동호수_호|12개월누적log,1.0,1874,True
seoul,2023,202304,V036_아파트매매거래_동호수_호|12개월누적log_12m차,1.0,2200,True
seoul,2023,202304,V036_아파트매매거래_면적_천㎡|12개월누적log,1.0,646,True
seoul,2023,202304,V036_아파트매매거래_면적_천㎡|12개월누적log_12m차,1.0,2146,True
seoul,2023,202304,V038_미분양주택현황_호|log,1.0,110,True
seoul,2023,202304,V038_미분양주택현황_호|log_12m차,1.0,359,True
seoul,2023,202304,V043_한국은행_기준금리_연%|수준,1.0,9,True
seoul,2023,202304,V043_한국은행_기준금리_연%|12m차,1.0,13,True
seoul,2023,202304,V044_시장금리_CD91일_연%|수준,1.0,55,True
seoul,2023,202304,V044_시장금리_CD91일_연%|12m차,1.0,74,True
seoul,2023,202304,V045_시장금리_국고채3년_연%|수준,1.0,87,True
seoul,2023,202304,V045_시장금리_국고채3년_연%|12m차,1.0,87,True
seoul,2023,202304,V046_M2_통화량_십억원|12m로그변화,1.0,88,True
seoul,2023,202304,V048_소비자물가지수_2020=100|수준,1.0,83,True
seoul,2023,202304,V048_소비자물가지수_2020=100|12m차,1.0,87,True
seoul,2023,202304,V056_예금은행대출금리_주택담보_연리%|수준,1.0,66,True
seoul,2023,202304,V056_예금은행대출금리_주택담보_연리%|12m차,1.0,77,True
seoul,2023,202304,V057_예금은행대출금리_전세자금_연리%|수준,1.0,60,True
seoul,2023,202304,V057_예금은행대출금리_전세자금_연리%|12m차,0.9204545454545454,65,True
seoul,2023,202304,V059_비은행대출금리_주택담보_연리%|수준,1.0,72,True
seoul,2023,202304,V059_비은행대출금리_주택담보_연리%|12m차,1.0,73,True
seoul,2023,202304,V061_주택가격전망CSI_서울|수준,1.0,39,True
seoul,2023,202304,V061_주택가격전망CSI_서울|12m차,1.0,46,True
seoul,2023,202304,V062_주택가격전망CSI_6대광역시|수준,1.0,45,True
seoul,2023,202304,V062_주택가격전망CSI_6대광역시|12m차,1.0,51,True
seoul,2023,202304,V063_주택가격전망CSI_기타도시|수준,1.0,41,True
seoul,2023,202304,V063_주택가격전망CSI_기타도시|12m차,1.0,49,True
seoul,2023,202304,V064_KOSPI_종가_1980.01.04=100|수준,1.0,88,True
seoul,2023,202304,V064_KOSPI_종가_1980.01.04=100|12m차,1.0,88,True
seoul,2023,202304,V066_임금총액_사업체노동력_원|12m로그변화,1.0,88,True
seoul,2023,202304,V067_선행지수순환변동치_2020=100|수준,1.0,39,True
seoul,2023,202304,V067_선행지수순환변동치_2020=100|12m차,1.0,53,True
seoul,2023,202304,V069_예금취급기관_가계대출_십억원|12m로그변화,1.0,88,True
seoul,2023,202304,V069_예금취급기관_주택관련대출_십억원|12m로그변화,1.0,88,True
seoul,2023,202304,V070_수출금액_천불|12m로그변화,1.0,88,True
seoul,2023,202304,V071_정책대출_주금공_주택도시기금_십억원|12m로그변화,0.8522727272727273,75,True
seoul,2023,202304,서울_V005_월세수급동향|수준,0.9886363636363636,84,True
seoul,2023,202304,서울_V005_월세수급동향|12m차,0.8522727272727273,75,True
seoul,2023,202304,서울_V013_고용률_%|수준,1.0,28,True
seoul,2023,202304,서울_V013_고용률_%|12m차,1.0,48,True
seoul,2023,202304,서울_V013_취업자_천명|12m로그변화,1.0,88,True
seoul,2023,202304,서울_V021_아파트_인허가_호|12개월누적log,1.0,88,True
seoul,2023,202304,서울_V021_아파트_인허가_호|12개월누적log_12m차,1.0,88,True
seoul,2023,202304,서울_V022_아파트_착공_호|12개월누적log,1.0,88,True
seoul,2023,202304,서울_V022_아파트_착공_호|12개월누적log_12m차,1.0,88,True
seoul,2023,202304,서울_V023_아파트_준공_호|12개월누적log,1.0,88,True
seoul,2023,202304,서울_V023_아파트_준공_호|12개월누적log_12m차,1.0,88,True
seoul,2023,202304,서울_V031_매매수급동향|수준,1.0,86,True
seoul,2023,202304,서울_V031_매매수급동향|12m차,1.0,88,True
seoul,2023,202304,서울_V032_전세수급동향|수준,1.0,88,True
seoul,2023,202304,서울_V032_전세수급동향|12m차,1.0,88,True
seoul,2023,202304,서울_V037_주택시장_소비심리지수|수준,1.0,81,True
seoul,2023,202304,서울_V037_주택시장_소비심리지수|12m차,1.0,86,True
seoul,2023,202304,서울_V050_지역별_주택관련대출_예금은행_십억원|12m로그변화,1.0,88,True
seoul,2023,202304,V047_가계신용_총액_십억원|12m로그변화,1.0,30,True
seoul,2023,202304,V049_시간당명목임금지수_2020=100|수준,1.0,29,True
seoul,2023,202304,V049_시간당명목임금지수_2020=100|12m차,1.0,27,True
seoul,2023,202304,V060_대출태도_국내은행_가계주택|수준,1.0,23,True
seoul,2023,202304,V060_대출태도_국내은행_가계주택|12m차,1.0,27,True
seoul,2023,202304,V074_가계동향_도시2인이상_월평균소득_원|수준,0.6590909090909091,20,False
seoul,2023,202304,V074_가계동향_도시2인이상_월평균소득_원|12m차,0.6590909090909091,20,False
seoul,2023,202304,V074_연결_월평균소득_원|12m로그변화,1.0,30,True
seoul,2023,202304,V024_주거용신축허가_동수_동|12m로그변화,1.0,196,True
seoul,2023,202304,V024_주거용신축허가_연면적_㎡|12m로그변화,1.0,200,True
seoul,2023,202304,V072_총조사_가구수_가구|12m로그변화,0.7272727272727273,150,True
seoul,2023,202304,V072_총조사_주택수_호|12m로그변화,0.7272727272727273,150,True
seoul,2023,202304,V072_총조사단순주택수가구수비율|12m로그변화,0.7272727272727273,150,True
seoul,2023,202304,V024_주거용신축허가_동수_천세대당|수준,1.0,200,True
seoul,2023,202304,V024_주거용신축허가_동수_천세대당|12m차,1.0,200,True
seoul,2023,202304,V013_서울구반기_고용률_%|수준,0.17045454545454544,51,False
seoul,2023,202304,V013_서울구반기_고용률_%|12m차,0.03409090909090909,20,False
seoul,2023,202304,V013_서울구반기_취업자_천명|12m로그변화,0.03409090909090909,25,False
seoul,2023,202304,V013_서울구_고용률_월별추정|수준,0.17045454545454544,306,False
seoul,2023,202304,V013_서울구_고용률_월별추정|12m차,0.03409090909090909,75,False
seoul,2023,202304,V013_서울구_취업자_월별추정|12m로그변화,0.03409090909090909,75,False
seoul,2023,202304,서울_V072_공식주택보급률_%|수준,1.0,8,True
seoul,2023,202304,서울_V072_공식주택보급률_%|12m차,1.0,8,True
seoul,2023,202304,D_CSI_전신계열,1.0,1,False
seoul,2023,202304,D_Wage_10th,1.0,2,True
seoul,2023,202304,D_Wage_11th,1.0,1,False
seoul,2023,202304,M10_rent_growth_1m,0.9886363636363636,2173,True
seoul,2023,202304,M10_rent_growth_6m,0.9318181818181818,2050,True
seoul,2023,202307,V003_전세가율_%|수준,1.0,347,True
seoul,2023,202307,V003_전세가율_%|12m차,1.0,470,True
seoul,2023,202307,V004_지역별전월세전환율_%|수준,1.0,1417,True
seoul,2023,202307,V004_지역별전월세전환율_%|12m차,1.0,2158,True
seoul,2023,202307,V009_주민등록인구_명|12m로그변화,1.0,2275,True
seoul,2023,202307,V010_주민등록세대수_세대|12m로그변화,1.0,2275,True
seoul,2023,202307,V011_20-29세_명|12m로그변화,1.0,2275,True
seoul,2023,202307,V011_20-39세_명|12m로그변화,1.0,2275,True
seoul,2023,202307,V011_20-39세비중_%|수준,1.0,2275,True
seoul,2023,202307,V011_20-39세비중_%|12m차,1.0,2275,True
seoul,2023,202307,V011_30-39세_명|12m로그변화,1.0,2275,True
seoul,2023,202307,V012_순이동자수_명|천명당12개월,1.0,2275,True
seoul,2023,202307,V035_아파트거래_동호수_호|12개월누적log,1.0,2036,True
seoul,2023,202307,V035_아파트거래_동호수_호|12개월누적log_12m차,1.0,2275,True
seoul,2023,202307,V035_아파트거래_면적_천㎡|12개월누적log,1.0,834,True
seoul,2023,202307,V035_아파트거래_면적_천㎡|12개월누적log_12m차,1.0,2236,True
seoul,2023,202307,V036_아파트매매거래_동호수_호|12개월누적log,1.0,1941,True
seoul,2023,202307,V036_아파트매매거래_동호수_호|12개월누적log_12m차,1.0,2275,True
seoul,2023,202307,V036_아파트매매거래_면적_천㎡|12개월누적log,1.0,653,True
seoul,2023,202307,V036_아파트매매거래_면적_천㎡|12개월누적log_12m차,1.0,2217,True
seoul,2023,202307,V038_미분양주택현황_호|log,1.0,115,True
seoul,2023,202307,V038_미분양주택현황_호|log_12m차,1.0,363,True
seoul,2023,202307,V043_한국은행_기준금리_연%|수준,1.0,11,True
seoul,2023,202307,V043_한국은행_기준금리_연%|12m차,1.0,13,True
seoul,2023,202307,V044_시장금리_CD91일_연%|수준,1.0,58,True
seoul,2023,202307,V044_시장금리_CD91일_연%|12m차,1.0,77,True
seoul,2023,202307,V045_시장금리_국고채3년_연%|수준,1.0,90,True
seoul,2023,202307,V045_시장금리_국고채3년_연%|12m차,1.0,90,True
seoul,2023,202307,V046_M2_통화량_십억원|12m로그변화,1.0,91,True
seoul,2023,202307,V048_소비자물가지수_2020=100|수준,1.0,86,True
seoul,2023,202307,V048_소비자물가지수_2020=100|12m차,1.0,90,True
seoul,2023,202307,V056_예금은행대출금리_주택담보_연리%|수준,1.0,69,True
seoul,2023,202307,V056_예금은행대출금리_주택담보_연리%|12m차,1.0,80,True
seoul,2023,202307,V057_예금은행대출금리_전세자금_연리%|수준,1.0,63,True
seoul,2023,202307,V057_예금은행대출금리_전세자금_연리%|12m차,0.9230769230769231,68,True
seoul,2023,202307,V059_비은행대출금리_주택담보_연리%|수준,1.0,74,True
seoul,2023,202307,V059_비은행대출금리_주택담보_연리%|12m차,1.0,76,True
seoul,2023,202307,V061_주택가격전망CSI_서울|수준,1.0,41,True
seoul,2023,202307,V061_주택가격전망CSI_서울|12m차,1.0,48,True
seoul,2023,202307,V062_주택가격전망CSI_6대광역시|수준,1.0,48,True
seoul,2023,202307,V062_주택가격전망CSI_6대광역시|12m차,1.0,54,True
seoul,2023,202307,V063_주택가격전망CSI_기타도시|수준,1.0,44,True
seoul,2023,202307,V063_주택가격전망CSI_기타도시|12m차,1.0,52,True
seoul,2023,202307,V064_KOSPI_종가_1980.01.04=100|수준,1.0,91,True
seoul,2023,202307,V064_KOSPI_종가_1980.01.04=100|12m차,1.0,91,True
seoul,2023,202307,V066_임금총액_사업체노동력_원|12m로그변화,1.0,91,True
seoul,2023,202307,V067_선행지수순환변동치_2020=100|수준,1.0,39,True
seoul,2023,202307,V067_선행지수순환변동치_2020=100|12m차,1.0,54,True
seoul,2023,202307,V069_예금취급기관_가계대출_십억원|12m로그변화,1.0,91,True
seoul,2023,202307,V069_예금취급기관_주택관련대출_십억원|12m로그변화,1.0,91,True
seoul,2023,202307,V070_수출금액_천불|12m로그변화,1.0,91,True
seoul,2023,202307,V071_정책대출_주금공_주택도시기금_십억원|12m로그변화,0.8571428571428571,78,True
seoul,2023,202307,서울_V005_월세수급동향|수준,0.989010989010989,87,True
seoul,2023,202307,서울_V005_월세수급동향|12m차,0.8571428571428571,78,True
seoul,2023,202307,서울_V013_고용률_%|수준,1.0,28,True
seoul,2023,202307,서울_V013_고용률_%|12m차,1.0,48,True
seoul,2023,202307,서울_V013_취업자_천명|12m로그변화,1.0,91,True
seoul,2023,202307,서울_V021_아파트_인허가_호|12개월누적log,1.0,91,True
seoul,2023,202307,서울_V021_아파트_인허가_호|12개월누적log_12m차,1.0,91,True
seoul,2023,202307,서울_V022_아파트_착공_호|12개월누적log,1.0,91,True
seoul,2023,202307,서울_V022_아파트_착공_호|12개월누적log_12m차,1.0,91,True
seoul,2023,202307,서울_V023_아파트_준공_호|12개월누적log,1.0,91,True
seoul,2023,202307,서울_V023_아파트_준공_호|12개월누적log_12m차,1.0,91,True
seoul,2023,202307,서울_V031_매매수급동향|수준,1.0,89,True
seoul,2023,202307,서울_V031_매매수급동향|12m차,1.0,91,True
seoul,2023,202307,서울_V032_전세수급동향|수준,1.0,91,True
seoul,2023,202307,서울_V032_전세수급동향|12m차,1.0,91,True
seoul,2023,202307,서울_V037_주택시장_소비심리지수|수준,1.0,84,True
seoul,2023,202307,서울_V037_주택시장_소비심리지수|12m차,1.0,89,True
seoul,2023,202307,서울_V050_지역별_주택관련대출_예금은행_십억원|12m로그변화,1.0,91,True
seoul,2023,202307,V047_가계신용_총액_십억원|12m로그변화,1.0,31,True
seoul,2023,202307,V049_시간당명목임금지수_2020=100|수준,1.0,30,True
seoul,2023,202307,V049_시간당명목임금지수_2020=100|12m차,1.0,28,True
seoul,2023,202307,V060_대출태도_국내은행_가계주택|수준,1.0,24,True
seoul,2023,202307,V060_대출태도_국내은행_가계주택|12m차,1.0,28,True
seoul,2023,202307,V074_가계동향_도시2인이상_월평균소득_원|수준,0.6373626373626373,20,False
seoul,2023,202307,V074_가계동향_도시2인이상_월평균소득_원|12m차,0.6373626373626373,20,False
seoul,2023,202307,V074_연결_월평균소득_원|12m로그변화,1.0,31,True
seoul,2023,202307,V024_주거용신축허가_동수_동|12m로그변화,1.0,221,True
seoul,2023,202307,V024_주거용신축허가_연면적_㎡|12m로그변화,1.0,225,True
seoul,2023,202307,V072_총조사_가구수_가구|12m로그변화,0.7362637362637363,150,True
seoul,2023,202307,V072_총조사_주택수_호|12m로그변화,0.7362637362637363,150,True
seoul,2023,202307,V072_총조사단순주택수가구수비율|12m로그변화,0.7362637362637363,150,True
seoul,2023,202307,V024_주거용신축허가_동수_천세대당|수준,1.0,225,True
seoul,2023,202307,V024_주거용신축허가_동수_천세대당|12m차,1.0,225,True
seoul,2023,202307,V013_서울구반기_고용률_%|수준,0.1978021978021978,51,False
seoul,2023,202307,V013_서울구반기_고용률_%|12m차,0.06593406593406594,20,False
seoul,2023,202307,V013_서울구반기_취업자_천명|12m로그변화,0.06593406593406594,25,False
seoul,2023,202307,V013_서울구_고용률_월별추정|수준,0.1978021978021978,354,False
seoul,2023,202307,V013_서울구_고용률_월별추정|12m차,0.06593406593406594,150,False
seoul,2023,202307,V013_서울구_취업자_월별추정|12m로그변화,0.06593406593406594,150,False
seoul,2023,202307,서울_V072_공식주택보급률_%|수준,1.0,9,True
seoul,2023,202307,서울_V072_공식주택보급률_%|12m차,1.0,9,True
seoul,2023,202307,D_CSI_전신계열,1.0,1,False
seoul,2023,202307,D_Wage_10th,1.0,2,True
seoul,2023,202307,D_Wage_11th,1.0,1,False
seoul,2023,202307,M10_rent_growth_1m,0.989010989010989,2248,True
seoul,2023,202307,M10_rent_growth_6m,0.9340659340659341,2125,True
seoul,2023,202310,V003_전세가율_%|수준,1.0,348,True
seoul,2023,202310,V003_전세가율_%|12m차,1.0,473,True
seoul,2023,202310,V004_지역별전월세전환율_%|수준,1.0,1475,True
seoul,2023,202310,V004_지역별전월세전환율_%|12m차,1.0,2233,True
seoul,2023,202310,V009_주민등록인구_명|12m로그변화,1.0,2350,True
seoul,2023,202310,V010_주민등록세대수_세대|12m로그변화,1.0,2350,True
seoul,2023,202310,V011_20-29세_명|12m로그변화,1.0,2350,True
seoul,2023,202310,V011_20-39세_명|12m로그변화,1.0,2350,True
seoul,2023,202310,V011_20-39세비중_%|수준,1.0,2350,True
seoul,2023,202310,V011_20-39세비중_%|12m차,1.0,2350,True
seoul,2023,202310,V011_30-39세_명|12m로그변화,1.0,2350,True
seoul,2023,202310,V012_순이동자수_명|천명당12개월,1.0,2350,True
seoul,2023,202310,V035_아파트거래_동호수_호|12개월누적log,1.0,2099,True
seoul,2023,202310,V035_아파트거래_동호수_호|12개월누적log_12m차,1.0,2349,True
seoul,2023,202310,V035_아파트거래_면적_천㎡|12개월누적log,1.0,842,True
seoul,2023,202310,V035_아파트거래_면적_천㎡|12개월누적log_12m차,1.0,2306,True
seoul,2023,202310,V036_아파트매매거래_동호수_호|12개월누적log,1.0,1997,True
seoul,2023,202310,V036_아파트매매거래_동호수_호|12개월누적log_12m차,1.0,2350,True
seoul,2023,202310,V036_아파트매매거래_면적_천㎡|12개월누적log,1.0,657,True
seoul,2023,202310,V036_아파트매매거래_면적_천㎡|12개월누적log_12m차,1.0,2284,True
seoul,2023,202310,V038_미분양주택현황_호|log,1.0,122,True
seoul,2023,202310,V038_미분양주택현황_호|log_12m차,1.0,375,True
seoul,2023,202310,V043_한국은행_기준금리_연%|수준,1.0,11,True
seoul,2023,202310,V043_한국은행_기준금리_연%|12m차,1.0,14,True
seoul,2023,202310,V044_시장금리_CD91일_연%|수준,1.0,61,True
seoul,2023,202310,V044_시장금리_CD91일_연%|12m차,1.0,79,True
seoul,2023,202310,V045_시장금리_국고채3년_연%|수준,1.0,93,True
seoul,2023,202310,V045_시장금리_국고채3년_연%|12m차,1.0,93,True
seoul,2023,202310,V046_M2_통화량_십억원|12m로그변화,1.0,94,True
seoul,2023,202310,V048_소비자물가지수_2020=100|수준,1.0,89,True
seoul,2023,202310,V048_소비자물가지수_2020=100|12m차,1.0,92,True
seoul,2023,202310,V056_예금은행대출금리_주택담보_연리%|수준,1.0,72,True
seoul,2023,202310,V056_예금은행대출금리_주택담보_연리%|12m차,1.0,83,True
seoul,2023,202310,V057_예금은행대출금리_전세자금_연리%|수준,1.0,66,True
seoul,2023,202310,V057_예금은행대출금리_전세자금_연리%|12m차,0.925531914893617,71,True
seoul,2023,202310,V059_비은행대출금리_주택담보_연리%|수준,1.0,77,True
seoul,2023,202310,V059_비은행대출금리_주택담보_연리%|12m차,1.0,79,True
seoul,2023,202310,V061_주택가격전망CSI_서울|수준,1.0,42,True
seoul,2023,202310,V061_주택가격전망CSI_서울|12m차,1.0,49,True
seoul,2023,202310,V062_주택가격전망CSI_6대광역시|수준,1.0,50,True
seoul,2023,202310,V062_주택가격전망CSI_6대광역시|12m차,1.0,55,True
seoul,2023,202310,V063_주택가격전망CSI_기타도시|수준,1.0,47,True
seoul,2023,202310,V063_주택가격전망CSI_기타도시|12m차,1.0,54,True
seoul,2023,202310,V064_KOSPI_종가_1980.01.04=100|수준,1.0,94,True
seoul,2023,202310,V064_KOSPI_종가_1980.01.04=100|12m차,1.0,94,True
seoul,2023,202310,V066_임금총액_사업체노동력_원|12m로그변화,1.0,94,True
seoul,2023,202310,V067_선행지수순환변동치_2020=100|수준,1.0,39,True
seoul,2023,202310,V067_선행지수순환변동치_2020=100|12m차,1.0,54,True
seoul,2023,202310,V069_예금취급기관_가계대출_십억원|12m로그변화,1.0,94,True
seoul,2023,202310,V069_예금취급기관_주택관련대출_십억원|12m로그변화,1.0,94,True
seoul,2023,202310,V070_수출금액_천불|12m로그변화,1.0,94,True
seoul,2023,202310,V071_정책대출_주금공_주택도시기금_십억원|12m로그변화,0.8617021276595744,81,True
seoul,2023,202310,서울_V005_월세수급동향|수준,0.9893617021276596,90,True
seoul,2023,202310,서울_V005_월세수급동향|12m차,0.8617021276595744,81,True
seoul,2023,202310,서울_V013_고용률_%|수준,1.0,28,True
seoul,2023,202310,서울_V013_고용률_%|12m차,1.0,49,True
seoul,2023,202310,서울_V013_취업자_천명|12m로그변화,1.0,94,True
seoul,2023,202310,서울_V021_아파트_인허가_호|12개월누적log,1.0,94,True
seoul,2023,202310,서울_V021_아파트_인허가_호|12개월누적log_12m차,1.0,94,True
seoul,2023,202310,서울_V022_아파트_착공_호|12개월누적log,1.0,94,True
seoul,2023,202310,서울_V022_아파트_착공_호|12개월누적log_12m차,1.0,94,True
seoul,2023,202310,서울_V023_아파트_준공_호|12개월누적log,1.0,93,True
seoul,2023,202310,서울_V023_아파트_준공_호|12개월누적log_12m차,1.0,94,True
seoul,2023,202310,서울_V031_매매수급동향|수준,1.0,92,True
seoul,2023,202310,서울_V031_매매수급동향|12m차,1.0,94,True
seoul,2023,202310,서울_V032_전세수급동향|수준,1.0,94,True
seoul,2023,202310,서울_V032_전세수급동향|12m차,1.0,94,True
seoul,2023,202310,서울_V037_주택시장_소비심리지수|수준,1.0,86,True
seoul,2023,202310,서울_V037_주택시장_소비심리지수|12m차,1.0,91,True
seoul,2023,202310,서울_V050_지역별_주택관련대출_예금은행_십억원|12m로그변화,1.0,94,True
seoul,2023,202310,V047_가계신용_총액_십억원|12m로그변화,1.0,32,True
seoul,2023,202310,V049_시간당명목임금지수_2020=100|수준,1.0,31,True
seoul,2023,202310,V049_시간당명목임금지수_2020=100|12m차,1.0,29,True
seoul,2023,202310,V060_대출태도_국내은행_가계주택|수준,1.0,24,True
seoul,2023,202310,V060_대출태도_국내은행_가계주택|12m차,1.0,29,True
seoul,2023,202310,V074_가계동향_도시2인이상_월평균소득_원|수준,0.6170212765957447,20,False
seoul,2023,202310,V074_가계동향_도시2인이상_월평균소득_원|12m차,0.6170212765957447,20,False
seoul,2023,202310,V074_연결_월평균소득_원|12m로그변화,1.0,32,True
seoul,2023,202310,V024_주거용신축허가_동수_동|12m로그변화,1.0,221,True
seoul,2023,202310,V024_주거용신축허가_연면적_㎡|12m로그변화,1.0,225,True
seoul,2023,202310,V072_총조사_가구수_가구|12m로그변화,0.7446808510638298,150,True
seoul,2023,202310,V072_총조사_주택수_호|12m로그변화,0.7446808510638298,150,True
seoul,2023,202310,V072_총조사단순주택수가구수비율|12m로그변화,0.7446808510638298,150,True
seoul,2023,202310,V024_주거용신축허가_동수_천세대당|수준,1.0,225,True
seoul,2023,202310,V024_주거용신축허가_동수_천세대당|12m차,1.0,225,True
seoul,2023,202310,V013_서울구반기_고용률_%|수준,0.22340425531914893,60,False
seoul,2023,202310,V013_서울구반기_고용률_%|12m차,0.09574468085106383,32,False
seoul,2023,202310,V013_서울구반기_취업자_천명|12m로그변화,0.09574468085106383,50,False
seoul,2023,202310,V013_서울구_고용률_월별추정|수준,0.22340425531914893,421,False
seoul,2023,202310,V013_서울구_고용률_월별추정|12m차,0.09574468085106383,225,False
seoul,2023,202310,V013_서울구_취업자_월별추정|12m로그변화,0.09574468085106383,225,False
seoul,2023,202310,서울_V072_공식주택보급률_%|수준,1.0,9,True
seoul,2023,202310,서울_V072_공식주택보급률_%|12m차,1.0,9,True
seoul,2023,202310,D_CSI_전신계열,1.0,1,False
seoul,2023,202310,D_Wage_10th,1.0,2,True
seoul,2023,202310,D_Wage_11th,1.0,1,False
seoul,2023,202310,M10_rent_growth_1m,0.9893617021276596,2323,True
seoul,2023,202310,M10_rent_growth_6m,0.9361702127659575,2200,True
seoul,2024,202401,V003_전세가율_%|수준,1.0,353,True
seoul,2024,202401,V003_전세가율_%|12m차,1.0,475,True
seoul,2024,202401,V004_지역별전월세전환율_%|수준,1.0,1522,True
seoul,2024,202401,V004_지역별전월세전환율_%|12m차,1.0,2307,True
seoul,2024,202401,V009_주민등록인구_명|12m로그변화,1.0,2425,True
seoul,2024,202401,V010_주민등록세대수_세대|12m로그변화,1.0,2425,True
seoul,2024,202401,V011_20-29세_명|12m로그변화,1.0,2425,True
seoul,2024,202401,V011_20-39세_명|12m로그변화,1.0,2425,True
seoul,2024,202401,V011_20-39세비중_%|수준,1.0,2425,True
seoul,2024,202401,V011_20-39세비중_%|12m차,1.0,2425,True
seoul,2024,202401,V011_30-39세_명|12m로그변화,1.0,2425,True
seoul,2024,202401,V012_순이동자수_명|천명당12개월,1.0,2425,True
seoul,2024,202401,V035_아파트거래_동호수_호|12개월누적log,1.0,2161,True
seoul,2024,202401,V035_아파트거래_동호수_호|12개월누적log_12m차,1.0,2424,True
seoul,2024,202401,V035_아파트거래_면적_천㎡|12개월누적log,1.0,851,True
seoul,2024,202401,V035_아파트거래_면적_천㎡|12개월누적log_12m차,1.0,2376,True
seoul,2024,202401,V036_아파트매매거래_동호수_호|12개월누적log,1.0,2044,True
seoul,2024,202401,V036_아파트매매거래_동호수_호|12개월누적log_12m차,1.0,2425,True
seoul,2024,202401,V036_아파트매매거래_면적_천㎡|12개월누적log,1.0,658,True
seoul,2024,202401,V036_아파트매매거래_면적_천㎡|12개월누적log_12m차,1.0,2350,True
seoul,2024,202401,V038_미분양주택현황_호|log,1.0,134,True
seoul,2024,202401,V038_미분양주택현황_호|log_12m차,1.0,395,True
seoul,2024,202401,V043_한국은행_기준금리_연%|수준,1.0,11,True
seoul,2024,202401,V043_한국은행_기준금리_연%|12m차,1.0,14,True
seoul,2024,202401,V044_시장금리_CD91일_연%|수준,1.0,63,True
seoul,2024,202401,V044_시장금리_CD91일_연%|12m차,1.0,82,True
seoul,2024,202401,V045_시장금리_국고채3년_연%|수준,1.0,96,True
seoul,2024,202401,V045_시장금리_국고채3년_연%|12m차,1.0,96,True
seoul,2024,202401,V046_M2_통화량_십억원|12m로그변화,1.0,97,True
seoul,2024,202401,V048_소비자물가지수_2020=100|수준,1.0,92,True
seoul,2024,202401,V048_소비자물가지수_2020=100|12m차,1.0,95,True
seoul,2024,202401,V056_예금은행대출금리_주택담보_연리%|수준,1.0,75,True
seoul,2024,202401,V056_예금은행대출금리_주택담보_연리%|12m차,1.0,85,True
seoul,2024,202401,V057_예금은행대출금리_전세자금_연리%|수준,1.0,69,True
seoul,2024,202401,V057_예금은행대출금리_전세자금_연리%|12m차,0.9278350515463918,74,True
seoul,2024,202401,V059_비은행대출금리_주택담보_연리%|수준,1.0,80,True
seoul,2024,202401,V059_비은행대출금리_주택담보_연리%|12m차,1.0,82,True
seoul,2024,202401,V061_주택가격전망CSI_서울|수준,1.0,42,True
seoul,2024,202401,V061_주택가격전망CSI_서울|12m차,1.0,50,True
seoul,2024,202401,V062_주택가격전망CSI_6대광역시|수준,1.0,50,True
seoul,2024,202401,V062_주택가격전망CSI_6대광역시|12m차,1.0,55,True
seoul,2024,202401,V063_주택가격전망CSI_기타도시|수준,1.0,47,True
seoul,2024,202401,V063_주택가격전망CSI_기타도시|12m차,1.0,54,True
seoul,2024,202401,V064_KOSPI_종가_1980.01.04=100|수준,1.0,97,True
seoul,2024,202401,V064_KOSPI_종가_1980.01.04=100|12m차,1.0,97,True
seoul,2024,202401,V066_임금총액_사업체노동력_원|12m로그변화,1.0,97,True
seoul,2024,202401,V067_선행지수순환변동치_2020=100|수준,1.0,40,True
seoul,2024,202401,V067_선행지수순환변동치_2020=100|12m차,1.0,54,True
seoul,2024,202401,V069_예금취급기관_가계대출_십억원|12m로그변화,1.0,97,True
seoul,2024,202401,V069_예금취급기관_주택관련대출_십억원|12m로그변화,1.0,97,True
seoul,2024,202401,V070_수출금액_천불|12m로그변화,1.0,97,True
seoul,2024,202401,V071_정책대출_주금공_주택도시기금_십억원|12m로그변화,0.865979381443299,84,True
seoul,2024,202401,서울_V005_월세수급동향|수준,0.9896907216494846,93,True
seoul,2024,202401,서울_V005_월세수급동향|12m차,0.865979381443299,84,True
seoul,2024,202401,서울_V013_고용률_%|수준,1.0,29,True
seoul,2024,202401,서울_V013_고용률_%|12m차,1.0,49,True
seoul,2024,202401,서울_V013_취업자_천명|12m로그변화,1.0,97,True
seoul,2024,202401,서울_V021_아파트_인허가_호|12개월누적log,1.0,97,True
seoul,2024,202401,서울_V021_아파트_인허가_호|12개월누적log_12m차,1.0,97,True
seoul,2024,202401,서울_V022_아파트_착공_호|12개월누적log,1.0,97,True
seoul,2024,202401,서울_V022_아파트_착공_호|12개월누적log_12m차,1.0,97,True
seoul,2024,202401,서울_V023_아파트_준공_호|12개월누적log,1.0,96,True
seoul,2024,202401,서울_V023_아파트_준공_호|12개월누적log_12m차,1.0,97,True
seoul,2024,202401,서울_V031_매매수급동향|수준,1.0,95,True
seoul,2024,202401,서울_V031_매매수급동향|12m차,1.0,97,True
seoul,2024,202401,서울_V032_전세수급동향|수준,1.0,97,True
seoul,2024,202401,서울_V032_전세수급동향|12m차,1.0,97,True
seoul,2024,202401,서울_V037_주택시장_소비심리지수|수준,1.0,88,True
seoul,2024,202401,서울_V037_주택시장_소비심리지수|12m차,1.0,94,True
seoul,2024,202401,서울_V050_지역별_주택관련대출_예금은행_십억원|12m로그변화,1.0,97,True
seoul,2024,202401,V047_가계신용_총액_십억원|12m로그변화,1.0,33,True
seoul,2024,202401,V049_시간당명목임금지수_2020=100|수준,1.0,32,True
seoul,2024,202401,V049_시간당명목임금지수_2020=100|12m차,1.0,30,True
seoul,2024,202401,V060_대출태도_국내은행_가계주택|수준,1.0,25,True
seoul,2024,202401,V060_대출태도_국내은행_가계주택|12m차,1.0,30,True
seoul,2024,202401,V074_가계동향_도시2인이상_월평균소득_원|수준,0.5979381443298969,20,False
seoul,2024,202401,V074_가계동향_도시2인이상_월평균소득_원|12m차,0.5979381443298969,20,False
seoul,2024,202401,V074_연결_월평균소득_원|12m로그변화,1.0,33,True
seoul,2024,202401,V024_주거용신축허가_동수_동|12m로그변화,1.0,221,True
seoul,2024,202401,V024_주거용신축허가_연면적_㎡|12m로그변화,1.0,225,True
seoul,2024,202401,V072_총조사_가구수_가구|12m로그변화,0.7525773195876289,175,True
seoul,2024,202401,V072_총조사_주택수_호|12m로그변화,0.7525773195876289,175,True
seoul,2024,202401,V072_총조사단순주택수가구수비율|12m로그변화,0.7525773195876289,175,True
seoul,2024,202401,V024_주거용신축허가_동수_천세대당|수준,1.0,225,True
seoul,2024,202401,V024_주거용신축허가_동수_천세대당|12m차,1.0,225,True
seoul,2024,202401,V013_서울구반기_고용률_%|수준,0.24742268041237114,60,False
seoul,2024,202401,V013_서울구반기_고용률_%|12m차,0.12371134020618557,32,False
seoul,2024,202401,V013_서울구반기_취업자_천명|12m로그변화,0.12371134020618557,50,False
seoul,2024,202401,V013_서울구_고용률_월별추정|수준,0.24742268041237114,444,False
seoul,2024,202401,V013_서울구_고용률_월별추정|12m차,0.12371134020618557,275,False
seoul,2024,202401,V013_서울구_취업자_월별추정|12m로그변화,0.12371134020618557,300,False
seoul,2024,202401,서울_V072_공식주택보급률_%|수준,1.0,9,True
seoul,2024,202401,서울_V072_공식주택보급률_%|12m차,1.0,9,True
seoul,2024,202401,D_CSI_전신계열,1.0,1,False
seoul,2024,202401,D_Wage_10th,1.0,2,True
seoul,2024,202401,D_Wage_11th,1.0,1,False
seoul,2024,202401,M10_rent_growth_1m,0.9896907216494846,2398,True
seoul,2024,202401,M10_rent_growth_6m,0.9381443298969072,2275,True
seoul,2024,202404,V003_전세가율_%|수준,1.0,354,True
seoul,2024,202404,V003_전세가율_%|12m차,1.0,477,True
seoul,2024,202404,V004_지역별전월세전환율_%|수준,1.0,1571,True
seoul,2024,202404,V004_지역별전월세전환율_%|12m차,1.0,2381,True
seoul,2024,202404,V009_주민등록인구_명|12m로그변화,1.0,2500,True
seoul,2024,202404,V010_주민등록세대수_세대|12m로그변화,1.0,2500,True
seoul,2024,202404,V011_20-29세_명|12m로그변화,1.0,2500,True
seoul,2024,202404,V011_20-39세_명|12m로그변화,1.0,2500,True
seoul,2024,202404,V011_20-39세비중_%|수준,1.0,2500,True
seoul,2024,202404,V011_20-39세비중_%|12m차,1.0,2500,True
seoul,2024,202404,V011_30-39세_명|12m로그변화,1.0,2500,True
seoul,2024,202404,V012_순이동자수_명|천명당12개월,1.0,2500,True
seoul,2024,202404,V035_아파트거래_동호수_호|12개월누적log,1.0,2221,True
seoul,2024,202404,V035_아파트거래_동호수_호|12개월누적log_12m차,1.0,2499,True
seoul,2024,202404,V035_아파트거래_면적_천㎡|12개월누적log,1.0,857,True
seoul,2024,202404,V035_아파트거래_면적_천㎡|12개월누적log_12m차,1.0,2445,True
seoul,2024,202404,V036_아파트매매거래_동호수_호|12개월누적log,1.0,2096,True
seoul,2024,202404,V036_아파트매매거래_동호수_호|12개월누적log_12m차,1.0,2499,True
seoul,2024,202404,V036_아파트매매거래_면적_천㎡|12개월누적log,1.0,659,True
seoul,2024,202404,V036_아파트매매거래_면적_천㎡|12개월누적log_12m차,1.0,2419,True
seoul,2024,202404,V038_미분양주택현황_호|log,1.0,142,True
seoul,2024,202404,V038_미분양주택현황_호|log_12m차,1.0,412,True
seoul,2024,202404,V043_한국은행_기준금리_연%|수준,1.0,11,True
seoul,2024,202404,V043_한국은행_기준금리_연%|12m차,1.0,14,True
seoul,2024,202404,V044_시장금리_CD91일_연%|수준,1.0,66,True
seoul,2024,202404,V044_시장금리_CD91일_연%|12m차,1.0,84,True
seoul,2024,202404,V045_시장금리_국고채3년_연%|수준,1.0,99,True
seoul,2024,202404,V045_시장금리_국고채3년_연%|12m차,1.0,99,True
seoul,2024,202404,V046_M2_통화량_십억원|12m로그변화,1.0,100,True
seoul,2024,202404,V048_소비자물가지수_2020=100|수준,1.0,95,True
seoul,2024,202404,V048_소비자물가지수_2020=100|12m차,1.0,97,True
seoul,2024,202404,V056_예금은행대출금리_주택담보_연리%|수준,1.0,77,True
seoul,2024,202404,V056_예금은행대출금리_주택담보_연리%|12m차,1.0,87,True
seoul,2024,202404,V057_예금은행대출금리_전세자금_연리%|수준,1.0,71,True
seoul,2024,202404,V057_예금은행대출금리_전세자금_연리%|12m차,0.93,77,True
seoul,2024,202404,V059_비은행대출금리_주택담보_연리%|수준,1.0,82,True
seoul,2024,202404,V059_비은행대출금리_주택담보_연리%|12m차,1.0,85,True
seoul,2024,202404,V061_주택가격전망CSI_서울|수준,1.0,42,True
seoul,2024,202404,V061_주택가격전망CSI_서울|12m차,1.0,52,True
seoul,2024,202404,V062_주택가격전망CSI_6대광역시|수준,1.0,51,True
seoul,2024,202404,V062_주택가격전망CSI_6대광역시|12m차,1.0,58,True
seoul,2024,202404,V063_주택가격전망CSI_기타도시|수준,1.0,47,True
seoul,2024,202404,V063_주택가격전망CSI_기타도시|12m차,1.0,57,True
seoul,2024,202404,V064_KOSPI_종가_1980.01.04=100|수준,1.0,100,True
seoul,2024,202404,V064_KOSPI_종가_1980.01.04=100|12m차,1.0,100,True
seoul,2024,202404,V066_임금총액_사업체노동력_원|12m로그변화,1.0,100,True
seoul,2024,202404,V067_선행지수순환변동치_2020=100|수준,1.0,40,True
seoul,2024,202404,V067_선행지수순환변동치_2020=100|12m차,1.0,55,True
seoul,2024,202404,V069_예금취급기관_가계대출_십억원|12m로그변화,1.0,100,True
seoul,2024,202404,V069_예금취급기관_주택관련대출_십억원|12m로그변화,1.0,100,True
seoul,2024,202404,V070_수출금액_천불|12m로그변화,1.0,100,True
seoul,2024,202404,V071_정책대출_주금공_주택도시기금_십억원|12m로그변화,0.87,87,True
seoul,2024,202404,서울_V005_월세수급동향|수준,0.99,96,True
seoul,2024,202404,서울_V005_월세수급동향|12m차,0.87,87,True
seoul,2024,202404,서울_V013_고용률_%|수준,1.0,31,True
seoul,2024,202404,서울_V013_고용률_%|12m차,1.0,49,True
seoul,2024,202404,서울_V013_취업자_천명|12m로그변화,1.0,100,True
seoul,2024,202404,서울_V021_아파트_인허가_호|12개월누적log,1.0,100,True
seoul,2024,202404,서울_V021_아파트_인허가_호|12개월누적log_12m차,1.0,100,True
seoul,2024,202404,서울_V022_아파트_착공_호|12개월누적log,1.0,100,True
seoul,2024,202404,서울_V022_아파트_착공_호|12개월누적log_12m차,1.0,100,True
seoul,2024,202404,서울_V023_아파트_준공_호|12개월누적log,1.0,99,True
seoul,2024,202404,서울_V023_아파트_준공_호|12개월누적log_12m차,1.0,100,True
seoul,2024,202404,서울_V031_매매수급동향|수준,1.0,98,True
seoul,2024,202404,서울_V031_매매수급동향|12m차,1.0,100,True
seoul,2024,202404,서울_V032_전세수급동향|수준,1.0,100,True
seoul,2024,202404,서울_V032_전세수급동향|12m차,1.0,100,True
seoul,2024,202404,서울_V037_주택시장_소비심리지수|수준,1.0,90,True
seoul,2024,202404,서울_V037_주택시장_소비심리지수|12m차,1.0,97,True
seoul,2024,202404,서울_V050_지역별_주택관련대출_예금은행_십억원|12m로그변화,1.0,100,True
seoul,2024,202404,V047_가계신용_총액_십억원|12m로그변화,1.0,34,True
seoul,2024,202404,V049_시간당명목임금지수_2020=100|수준,1.0,32,True
seoul,2024,202404,V049_시간당명목임금지수_2020=100|12m차,1.0,31,True
seoul,2024,202404,V060_대출태도_국내은행_가계주택|수준,1.0,25,True
seoul,2024,202404,V060_대출태도_국내은행_가계주택|12m차,1.0,30,True
seoul,2024,202404,V074_가계동향_도시2인이상_월평균소득_원|수준,0.58,20,False
seoul,2024,202404,V074_가계동향_도시2인이상_월평균소득_원|12m차,0.58,20,False
seoul,2024,202404,V074_연결_월평균소득_원|12m로그변화,1.0,34,True
seoul,2024,202404,V024_주거용신축허가_동수_동|12m로그변화,1.0,221,True
seoul,2024,202404,V024_주거용신축허가_연면적_㎡|12m로그변화,1.0,225,True
seoul,2024,202404,V072_총조사_가구수_가구|12m로그변화,0.76,175,True
seoul,2024,202404,V072_총조사_주택수_호|12m로그변화,0.76,175,True
seoul,2024,202404,V072_총조사단순주택수가구수비율|12m로그변화,0.76,175,True
seoul,2024,202404,V024_주거용신축허가_동수_천세대당|수준,1.0,225,True
seoul,2024,202404,V024_주거용신축허가_동수_천세대당|12m차,1.0,225,True
seoul,2024,202404,V013_서울구반기_고용률_%|수준,0.27,73,False
seoul,2024,202404,V013_서울구반기_고용률_%|12m차,0.15,44,False
seoul,2024,202404,V013_서울구반기_취업자_천명|12m로그변화,0.15,75,False
seoul,2024,202404,V013_서울구_고용률_월별추정|수준,0.27,492,False
seoul,2024,202404,V013_서울구_고용률_월별추정|12m차,0.15,350,False
seoul,2024,202404,V013_서울구_취업자_월별추정|12m로그변화,0.15,375,False
seoul,2024,202404,서울_V072_공식주택보급률_%|수준,1.0,9,True
seoul,2024,202404,서울_V072_공식주택보급률_%|12m차,1.0,9,True
seoul,2024,202404,D_CSI_전신계열,1.0,1,False
seoul,2024,202404,D_Wage_10th,1.0,2,True
seoul,2024,202404,D_Wage_11th,1.0,1,False
seoul,2024,202404,M10_rent_growth_1m,0.99,2473,True
seoul,2024,202404,M10_rent_growth_6m,0.94,2350,True
seoul,2024,202407,V003_전세가율_%|수준,1.0,355,True
seoul,2024,202407,V003_전세가율_%|12m차,1.0,477,True
seoul,2024,202407,V004_지역별전월세전환율_%|수준,1.0,1629,True
seoul,2024,202407,V004_지역별전월세전환율_%|12m차,1.0,2454,True
seoul,2024,202407,V009_주민등록인구_명|12m로그변화,1.0,2575,True
seoul,2024,202407,V010_주민등록세대수_세대|12m로그변화,1.0,2575,True
seoul,2024,202407,V011_20-29세_명|12m로그변화,1.0,2575,True
seoul,2024,202407,V011_20-39세_명|12m로그변화,1.0,2575,True
seoul,2024,202407,V011_20-39세비중_%|수준,1.0,2575,True
seoul,2024,202407,V011_20-39세비중_%|12m차,1.0,2575,True
seoul,2024,202407,V011_30-39세_명|12m로그변화,1.0,2575,True
seoul,2024,202407,V012_순이동자수_명|천명당12개월,1.0,2575,True
seoul,2024,202407,V035_아파트거래_동호수_호|12개월누적log,1.0,2273,True
seoul,2024,202407,V035_아파트거래_동호수_호|12개월누적log_12m차,1.0,2574,True
seoul,2024,202407,V035_아파트거래_면적_천㎡|12개월누적log,1.0,862,True
seoul,2024,202407,V035_아파트거래_면적_천㎡|12개월누적log_12m차,1.0,2517,True
seoul,2024,202407,V036_아파트매매거래_동호수_호|12개월누적log,1.0,2143,True
seoul,2024,202407,V036_아파트매매거래_동호수_호|12개월누적log_12m차,1.0,2574,True
seoul,2024,202407,V036_아파트매매거래_면적_천㎡|12개월누적log,1.0,659,True
seoul,2024,202407,V036_아파트매매거래_면적_천㎡|12개월누적log_12m차,1.0,2489,True
seoul,2024,202407,V038_미분양주택현황_호|log,1.0,151,True
seoul,2024,202407,V038_미분양주택현황_호|log_12m차,1.0,433,True
seoul,2024,202407,V043_한국은행_기준금리_연%|수준,1.0,11,True
seoul,2024,202407,V043_한국은행_기준금리_연%|12m차,1.0,14,True
seoul,2024,202407,V044_시장금리_CD91일_연%|수준,1.0,68,True
seoul,2024,202407,V044_시장금리_CD91일_연%|12m차,1.0,87,True
seoul,2024,202407,V045_시장금리_국고채3년_연%|수준,1.0,102,True
seoul,2024,202407,V045_시장금리_국고채3년_연%|12m차,1.0,102,True
seoul,2024,202407,V046_M2_통화량_십억원|12m로그변화,1.0,103,True
seoul,2024,202407,V048_소비자물가지수_2020=100|수준,1.0,98,True
seoul,2024,202407,V048_소비자물가지수_2020=100|12m차,1.0,100,True
seoul,2024,202407,V056_예금은행대출금리_주택담보_연리%|수준,1.0,78,True
seoul,2024,202407,V056_예금은행대출금리_주택담보_연리%|12m차,1.0,89,True
seoul,2024,202407,V057_예금은행대출금리_전세자금_연리%|수준,1.0,73,True
seoul,2024,202407,V057_예금은행대출금리_전세자금_연리%|12m차,0.9320388349514563,80,True
seoul,2024,202407,V059_비은행대출금리_주택담보_연리%|수준,1.0,85,True
seoul,2024,202407,V059_비은행대출금리_주택담보_연리%|12m차,1.0,88,True
seoul,2024,202407,V061_주택가격전망CSI_서울|수준,1.0,42,True
seoul,2024,202407,V061_주택가격전망CSI_서울|12m차,1.0,54,True
seoul,2024,202407,V062_주택가격전망CSI_6대광역시|수준,1.0,51,True
seoul,2024,202407,V062_주택가격전망CSI_6대광역시|12m차,1.0,60,True
seoul,2024,202407,V063_주택가격전망CSI_기타도시|수준,1.0,48,True
seoul,2024,202407,V063_주택가격전망CSI_기타도시|12m차,1.0,57,True
seoul,2024,202407,V064_KOSPI_종가_1980.01.04=100|수준,1.0,103,True
seoul,2024,202407,V064_KOSPI_종가_1980.01.04=100|12m차,1.0,103,True
seoul,2024,202407,V066_임금총액_사업체노동력_원|12m로그변화,1.0,103,True
seoul,2024,202407,V067_선행지수순환변동치_2020=100|수준,1.0,40,True
seoul,2024,202407,V067_선행지수순환변동치_2020=100|12m차,1.0,57,True
seoul,2024,202407,V069_예금취급기관_가계대출_십억원|12m로그변화,1.0,103,True
seoul,2024,202407,V069_예금취급기관_주택관련대출_십억원|12m로그변화,1.0,103,True
seoul,2024,202407,V070_수출금액_천불|12m로그변화,1.0,103,True
seoul,2024,202407,V071_정책대출_주금공_주택도시기금_십억원|12m로그변화,0.8737864077669902,90,True
seoul,2024,202407,서울_V005_월세수급동향|수준,0.9902912621359223,98,True
seoul,2024,202407,서울_V005_월세수급동향|12m차,0.8737864077669902,90,True
seoul,2024,202407,서울_V013_고용률_%|수준,1.0,33,True
seoul,2024,202407,서울_V013_고용률_%|12m차,1.0,49,True
seoul,2024,202407,서울_V013_취업자_천명|12m로그변화,1.0,103,True
seoul,2024,202407,서울_V021_아파트_인허가_호|12개월누적log,1.0,103,True
seoul,2024,202407,서울_V021_아파트_인허가_호|12개월누적log_12m차,1.0,103,True
seoul,2024,202407,서울_V022_아파트_착공_호|12개월누적log,1.0,103,True
seoul,2024,202407,서울_V022_아파트_착공_호|12개월누적log_12m차,1.0,103,True
seoul,2024,202407,서울_V023_아파트_준공_호|12개월누적log,1.0,102,True
seoul,2024,202407,서울_V023_아파트_준공_호|12개월누적log_12m차,1.0,103,True
seoul,2024,202407,서울_V031_매매수급동향|수준,1.0,101,True
seoul,2024,202407,서울_V031_매매수급동향|12m차,1.0,103,True
seoul,2024,202407,서울_V032_전세수급동향|수준,1.0,103,True
seoul,2024,202407,서울_V032_전세수급동향|12m차,1.0,103,True
seoul,2024,202407,서울_V037_주택시장_소비심리지수|수준,1.0,93,True
seoul,2024,202407,서울_V037_주택시장_소비심리지수|12m차,1.0,100,True
seoul,2024,202407,서울_V050_지역별_주택관련대출_예금은행_십억원|12m로그변화,1.0,103,True
seoul,2024,202407,V047_가계신용_총액_십억원|12m로그변화,1.0,35,True
seoul,2024,202407,V049_시간당명목임금지수_2020=100|수준,1.0,33,True
seoul,2024,202407,V049_시간당명목임금지수_2020=100|12m차,1.0,31,True
seoul,2024,202407,V060_대출태도_국내은행_가계주택|수준,1.0,25,True
seoul,2024,202407,V060_대출태도_국내은행_가계주택|12m차,1.0,31,True
seoul,2024,202407,V074_가계동향_도시2인이상_월평균소득_원|수준,0.5631067961165048,20,False
seoul,2024,202407,V074_가계동향_도시2인이상_월평균소득_원|12m차,0.5631067961165048,20,False
seoul,2024,202407,V074_연결_월평균소득_원|12m로그변화,1.0,35,True
seoul,2024,202407,V024_주거용신축허가_동수_동|12m로그변화,1.0,245,True
seoul,2024,202407,V024_주거용신축허가_연면적_㎡|12m로그변화,1.0,250,True
seoul,2024,202407,V072_총조사_가구수_가구|12m로그변화,0.7669902912621359,175,True
seoul,2024,202407,V072_총조사_주택수_호|12m로그변화,0.7669902912621359,175,True
seoul,2024,202407,V072_총조사단순주택수가구수비율|12m로그변화,0.7669902912621359,175,True
seoul,2024,202407,V024_주거용신축허가_동수_천세대당|수준,1.0,250,True
seoul,2024,202407,V024_주거용신축허가_동수_천세대당|12m차,1.0,250,True
seoul,2024,202407,V013_서울구반기_고용률_%|수준,0.2912621359223301,73,False
seoul,2024,202407,V013_서울구반기_고용률_%|12m차,0.17475728155339806,44,False
seoul,2024,202407,V013_서울구반기_취업자_천명|12m로그변화,0.17475728155339806,75,False
seoul,2024,202407,V013_서울구_고용률_월별추정|수준,0.2912621359223301,563,False
seoul,2024,202407,V013_서울구_고용률_월별추정|12m차,0.17475728155339806,425,False
seoul,2024,202407,V013_서울구_취업자_월별추정|12m로그변화,0.17475728155339806,450,False
seoul,2024,202407,서울_V072_공식주택보급률_%|수준,1.0,10,True
seoul,2024,202407,서울_V072_공식주택보급률_%|12m차,1.0,10,True
seoul,2024,202407,D_CSI_전신계열,1.0,1,False
seoul,2024,202407,D_Wage_10th,1.0,2,True
seoul,2024,202407,D_Wage_11th,1.0,1,False
seoul,2024,202407,M10_rent_growth_1m,0.9902912621359223,2548,True
seoul,2024,202407,M10_rent_growth_6m,0.941747572815534,2425,True
seoul,2024,202410,V003_전세가율_%|수준,1.0,358,True
seoul,2024,202410,V003_전세가율_%|12m차,1.0,477,True
seoul,2024,202410,V004_지역별전월세전환율_%|수준,1.0,1680,True
seoul,2024,202410,V004_지역별전월세전환율_%|12m차,1.0,2527,True
seoul,2024,202410,V009_주민등록인구_명|12m로그변화,1.0,2650,True
seoul,2024,202410,V010_주민등록세대수_세대|12m로그변화,1.0,2650,True
seoul,2024,202410,V011_20-29세_명|12m로그변화,1.0,2650,True
seoul,2024,202410,V011_20-39세_명|12m로그변화,1.0,2650,True
seoul,2024,202410,V011_20-39세비중_%|수준,1.0,2650,True
seoul,2024,202410,V011_20-39세비중_%|12m차,1.0,2650,True
seoul,2024,202410,V011_30-39세_명|12m로그변화,1.0,2650,True
seoul,2024,202410,V012_순이동자수_명|천명당12개월,1.0,2650,True
seoul,2024,202410,V035_아파트거래_동호수_호|12개월누적log,1.0,2323,True
seoul,2024,202410,V035_아파트거래_동호수_호|12개월누적log_12m차,1.0,2649,True
seoul,2024,202410,V035_아파트거래_면적_천㎡|12개월누적log,1.0,866,True
seoul,2024,202410,V035_아파트거래_면적_천㎡|12개월누적log_12m차,1.0,2587,True
seoul,2024,202410,V036_아파트매매거래_동호수_호|12개월누적log,1.0,2188,True
seoul,2024,202410,V036_아파트매매거래_동호수_호|12개월누적log_12m차,1.0,2648,True
seoul,2024,202410,V036_아파트매매거래_면적_천㎡|12개월누적log,1.0,659,True
seoul,2024,202410,V036_아파트매매거래_면적_천㎡|12개월누적log_12m차,1.0,2559,True
seoul,2024,202410,V038_미분양주택현황_호|log,1.0,158,True
seoul,2024,202410,V038_미분양주택현황_호|log_12m차,1.0,451,True
seoul,2024,202410,V043_한국은행_기준금리_연%|수준,1.0,11,True
seoul,2024,202410,V043_한국은행_기준금리_연%|12m차,1.0,14,True
seoul,2024,202410,V044_시장금리_CD91일_연%|수준,1.0,70,True
seoul,2024,202410,V044_시장금리_CD91일_연%|12m차,1.0,89,True
seoul,2024,202410,V045_시장금리_국고채3년_연%|수준,1.0,105,True
seoul,2024,202410,V045_시장금리_국고채3년_연%|12m차,1.0,105,True
seoul,2024,202410,V046_M2_통화량_십억원|12m로그변화,1.0,106,True
seoul,2024,202410,V048_소비자물가지수_2020=100|수준,1.0,101,True
seoul,2024,202410,V048_소비자물가지수_2020=100|12m차,1.0,103,True
seoul,2024,202410,V056_예금은행대출금리_주택담보_연리%|수준,1.0,81,True
seoul,2024,202410,V056_예금은행대출금리_주택담보_연리%|12m차,1.0,92,True
seoul,2024,202410,V057_예금은행대출금리_전세자금_연리%|수준,1.0,75,True
seoul,2024,202410,V057_예금은행대출금리_전세자금_연리%|12m차,0.9339622641509434,83,True
seoul,2024,202410,V059_비은행대출금리_주택담보_연리%|수준,1.0,87,True
seoul,2024,202410,V059_비은행대출금리_주택담보_연리%|12m차,1.0,91,True
seoul,2024,202410,V061_주택가격전망CSI_서울|수준,1.0,43,True
seoul,2024,202410,V061_주택가격전망CSI_서울|12m차,1.0,55,True
seoul,2024,202410,V062_주택가격전망CSI_6대광역시|수준,1.0,51,True
seoul,2024,202410,V062_주택가격전망CSI_6대광역시|12m차,1.0,60,True
seoul,2024,202410,V063_주택가격전망CSI_기타도시|수준,1.0,48,True
seoul,2024,202410,V063_주택가격전망CSI_기타도시|12m차,1.0,58,True
seoul,2024,202410,V064_KOSPI_종가_1980.01.04=100|수준,1.0,106,True
seoul,2024,202410,V064_KOSPI_종가_1980.01.04=100|12m차,1.0,106,True
seoul,2024,202410,V066_임금총액_사업체노동력_원|12m로그변화,1.0,106,True
seoul,2024,202410,V067_선행지수순환변동치_2020=100|수준,1.0,40,True
seoul,2024,202410,V067_선행지수순환변동치_2020=100|12m차,1.0,58,True
seoul,2024,202410,V069_예금취급기관_가계대출_십억원|12m로그변화,1.0,106,True
seoul,2024,202410,V069_예금취급기관_주택관련대출_십억원|12m로그변화,1.0,106,True
seoul,2024,202410,V070_수출금액_천불|12m로그변화,1.0,106,True
seoul,2024,202410,V071_정책대출_주금공_주택도시기금_십억원|12m로그변화,0.8773584905660378,93,True
seoul,2024,202410,서울_V005_월세수급동향|수준,0.9905660377358491,101,True
seoul,2024,202410,서울_V005_월세수급동향|12m차,0.8773584905660378,93,True
seoul,2024,202410,서울_V013_고용률_%|수준,1.0,34,True
seoul,2024,202410,서울_V013_고용률_%|12m차,1.0,50,True
seoul,2024,202410,서울_V013_취업자_천명|12m로그변화,1.0,106,True
seoul,2024,202410,서울_V021_아파트_인허가_호|12개월누적log,1.0,106,True
seoul,2024,202410,서울_V021_아파트_인허가_호|12개월누적log_12m차,1.0,106,True
seoul,2024,202410,서울_V022_아파트_착공_호|12개월누적log,1.0,106,True
seoul,2024,202410,서울_V022_아파트_착공_호|12개월누적log_12m차,1.0,106,True
seoul,2024,202410,서울_V023_아파트_준공_호|12개월누적log,1.0,105,True
seoul,2024,202410,서울_V023_아파트_준공_호|12개월누적log_12m차,1.0,106,True
seoul,2024,202410,서울_V031_매매수급동향|수준,1.0,104,True
seoul,2024,202410,서울_V031_매매수급동향|12m차,1.0,106,True
seoul,2024,202410,서울_V032_전세수급동향|수준,1.0,106,True
seoul,2024,202410,서울_V032_전세수급동향|12m차,1.0,106,True
seoul,2024,202410,서울_V037_주택시장_소비심리지수|수준,1.0,95,True
seoul,2024,202410,서울_V037_주택시장_소비심리지수|12m차,1.0,103,True
seoul,2024,202410,서울_V050_지역별_주택관련대출_예금은행_십억원|12m로그변화,1.0,106,True
seoul,2024,202410,V047_가계신용_총액_십억원|12m로그변화,1.0,36,True
seoul,2024,202410,V049_시간당명목임금지수_2020=100|수준,1.0,34,True
seoul,2024,202410,V049_시간당명목임금지수_2020=100|12m차,1.0,32,True
seoul,2024,202410,V060_대출태도_국내은행_가계주택|수준,1.0,25,True
seoul,2024,202410,V060_대출태도_국내은행_가계주택|12m차,1.0,32,True
seoul,2024,202410,V074_가계동향_도시2인이상_월평균소득_원|수준,0.5471698113207547,20,False
seoul,2024,202410,V074_가계동향_도시2인이상_월평균소득_원|12m차,0.5471698113207547,20,False
seoul,2024,202410,V074_연결_월평균소득_원|12m로그변화,1.0,36,True
seoul,2024,202410,V024_주거용신축허가_동수_동|12m로그변화,1.0,245,True
seoul,2024,202410,V024_주거용신축허가_연면적_㎡|12m로그변화,1.0,250,True
seoul,2024,202410,V072_총조사_가구수_가구|12m로그변화,0.7735849056603774,175,True
seoul,2024,202410,V072_총조사_주택수_호|12m로그변화,0.7735849056603774,175,True
seoul,2024,202410,V072_총조사단순주택수가구수비율|12m로그변화,0.7735849056603774,175,True
seoul,2024,202410,V024_주거용신축허가_동수_천세대당|수준,1.0,250,True
seoul,2024,202410,V024_주거용신축허가_동수_천세대당|12m차,1.0,250,True
seoul,2024,202410,V013_서울구반기_고용률_%|수준,0.3113207547169811,84,False
seoul,2024,202410,V013_서울구반기_고용률_%|12m차,0.19811320754716982,54,False
seoul,2024,202410,V013_서울구반기_취업자_천명|12m로그변화,0.19811320754716982,100,False
seoul,2024,202410,V013_서울구_고용률_월별추정|수준,0.3113207547169811,604,False
seoul,2024,202410,V013_서울구_고용률_월별추정|12m차,0.19811320754716982,500,False
seoul,2024,202410,V013_서울구_취업자_월별추정|12m로그변화,0.19811320754716982,525,False
seoul,2024,202410,서울_V072_공식주택보급률_%|수준,1.0,10,True
seoul,2024,202410,서울_V072_공식주택보급률_%|12m차,1.0,10,True
seoul,2024,202410,D_CSI_전신계열,1.0,1,False
seoul,2024,202410,D_Wage_10th,1.0,2,True
seoul,2024,202410,D_Wage_11th,1.0,1,False
seoul,2024,202410,M10_rent_growth_1m,0.9905660377358491,2623,True
seoul,2024,202410,M10_rent_growth_6m,0.9433962264150944,2500,True
seoul,2025,202501,V003_전세가율_%|수준,1.0,358,True
seoul,2025,202501,V003_전세가율_%|12m차,1.0,477,True
seoul,2025,202501,V004_지역별전월세전환율_%|수준,1.0,1729,True
seoul,2025,202501,V004_지역별전월세전환율_%|12m차,1.0,2597,True
seoul,2025,202501,V009_주민등록인구_명|12m로그변화,1.0,2725,True
seoul,2025,202501,V010_주민등록세대수_세대|12m로그변화,1.0,2725,True
seoul,2025,202501,V011_20-29세_명|12m로그변화,1.0,2725,True
seoul,2025,202501,V011_20-39세_명|12m로그변화,1.0,2725,True
seoul,2025,202501,V011_20-39세비중_%|수준,1.0,2725,True
seoul,2025,202501,V011_20-39세비중_%|12m차,1.0,2725,True
seoul,2025,202501,V011_30-39세_명|12m로그변화,1.0,2725,True
seoul,2025,202501,V012_순이동자수_명|천명당12개월,1.0,2725,True
seoul,2025,202501,V035_아파트거래_동호수_호|12개월누적log,1.0,2384,True
seoul,2025,202501,V035_아파트거래_동호수_호|12개월누적log_12m차,1.0,2724,True
seoul,2025,202501,V035_아파트거래_면적_천㎡|12개월누적log,1.0,917,True
seoul,2025,202501,V035_아파트거래_면적_천㎡|12개월누적log_12m차,1.0,2662,True
seoul,2025,202501,V036_아파트매매거래_동호수_호|12개월누적log,1.0,2233,True
seoul,2025,202501,V036_아파트매매거래_동호수_호|12개월누적log_12m차,1.0,2723,True
seoul,2025,202501,V036_아파트매매거래_면적_천㎡|12개월누적log,1.0,710,True
seoul,2025,202501,V036_아파트매매거래_면적_천㎡|12개월누적log_12m차,1.0,2631,True
seoul,2025,202501,V038_미분양주택현황_호|log,1.0,161,True
seoul,2025,202501,V038_미분양주택현황_호|log_12m차,1.0,472,True
seoul,2025,202501,V043_한국은행_기준금리_연%|수준,1.0,11,True
seoul,2025,202501,V043_한국은행_기준금리_연%|12m차,1.0,14,True
seoul,2025,202501,V044_시장금리_CD91일_연%|수준,1.0,72,True
seoul,2025,202501,V044_시장금리_CD91일_연%|12m차,1.0,91,True
seoul,2025,202501,V045_시장금리_국고채3년_연%|수준,1.0,108,True
seoul,2025,202501,V045_시장금리_국고채3년_연%|12m차,1.0,108,True
seoul,2025,202501,V046_M2_통화량_십억원|12m로그변화,1.0,109,True
seoul,2025,202501,V048_소비자물가지수_2020=100|수준,1.0,104,True
seoul,2025,202501,V048_소비자물가지수_2020=100|12m차,1.0,106,True
seoul,2025,202501,V056_예금은행대출금리_주택담보_연리%|수준,1.0,84,True
seoul,2025,202501,V056_예금은행대출금리_주택담보_연리%|12m차,1.0,94,True
seoul,2025,202501,V057_예금은행대출금리_전세자금_연리%|수준,1.0,78,True
seoul,2025,202501,V057_예금은행대출금리_전세자금_연리%|12m차,0.9357798165137615,86,True
seoul,2025,202501,V059_비은행대출금리_주택담보_연리%|수준,1.0,89,True
seoul,2025,202501,V059_비은행대출금리_주택담보_연리%|12m차,1.0,93,True
seoul,2025,202501,V061_주택가격전망CSI_서울|수준,1.0,44,True
seoul,2025,202501,V061_주택가격전망CSI_서울|12m차,1.0,56,True
seoul,2025,202501,V062_주택가격전망CSI_6대광역시|수준,1.0,51,True
seoul,2025,202501,V062_주택가격전망CSI_6대광역시|12m차,1.0,60,True
seoul,2025,202501,V063_주택가격전망CSI_기타도시|수준,1.0,49,True
seoul,2025,202501,V063_주택가격전망CSI_기타도시|12m차,1.0,58,True
seoul,2025,202501,V064_KOSPI_종가_1980.01.04=100|수준,1.0,109,True
seoul,2025,202501,V064_KOSPI_종가_1980.01.04=100|12m차,1.0,109,True
seoul,2025,202501,V066_임금총액_사업체노동력_원|12m로그변화,1.0,109,True
seoul,2025,202501,V067_선행지수순환변동치_2020=100|수준,1.0,40,True
seoul,2025,202501,V067_선행지수순환변동치_2020=100|12m차,1.0,60,True
seoul,2025,202501,V069_예금취급기관_가계대출_십억원|12m로그변화,1.0,109,True
seoul,2025,202501,V069_예금취급기관_주택관련대출_십억원|12m로그변화,1.0,109,True
seoul,2025,202501,V070_수출금액_천불|12m로그변화,1.0,109,True
seoul,2025,202501,V071_정책대출_주금공_주택도시기금_십억원|12m로그변화,0.8807339449541285,96,True
seoul,2025,202501,서울_V005_월세수급동향|수준,0.9908256880733946,104,True
seoul,2025,202501,서울_V005_월세수급동향|12m차,0.8807339449541285,96,True
seoul,2025,202501,서울_V013_고용률_%|수준,1.0,36,True
seoul,2025,202501,서울_V013_고용률_%|12m차,1.0,51,True
seoul,2025,202501,서울_V013_취업자_천명|12m로그변화,1.0,109,True
seoul,2025,202501,서울_V021_아파트_인허가_호|12개월누적log,1.0,109,True
seoul,2025,202501,서울_V021_아파트_인허가_호|12개월누적log_12m차,1.0,109,True
seoul,2025,202501,서울_V022_아파트_착공_호|12개월누적log,1.0,109,True
seoul,2025,202501,서울_V022_아파트_착공_호|12개월누적log_12m차,1.0,109,True
seoul,2025,202501,서울_V023_아파트_준공_호|12개월누적log,1.0,108,True
seoul,2025,202501,서울_V023_아파트_준공_호|12개월누적log_12m차,1.0,109,True
seoul,2025,202501,서울_V031_매매수급동향|수준,1.0,107,True
seoul,2025,202501,서울_V031_매매수급동향|12m차,1.0,109,True
seoul,2025,202501,서울_V032_전세수급동향|수준,1.0,109,True
seoul,2025,202501,서울_V032_전세수급동향|12m차,1.0,109,True
seoul,2025,202501,서울_V037_주택시장_소비심리지수|수준,1.0,97,True
seoul,2025,202501,서울_V037_주택시장_소비심리지수|12m차,1.0,105,True
seoul,2025,202501,서울_V050_지역별_주택관련대출_예금은행_십억원|12m로그변화,1.0,109,True
seoul,2025,202501,V047_가계신용_총액_십억원|12m로그변화,1.0,37,True
seoul,2025,202501,V049_시간당명목임금지수_2020=100|수준,1.0,35,True
seoul,2025,202501,V049_시간당명목임금지수_2020=100|12m차,1.0,33,True
seoul,2025,202501,V060_대출태도_국내은행_가계주택|수준,1.0,26,True
seoul,2025,202501,V060_대출태도_국내은행_가계주택|12m차,1.0,32,True
seoul,2025,202501,V074_가계동향_도시2인이상_월평균소득_원|수준,0.5321100917431193,20,False
seoul,2025,202501,V074_가계동향_도시2인이상_월평균소득_원|12m차,0.5321100917431193,20,False
seoul,2025,202501,V074_연결_월평균소득_원|12m로그변화,1.0,37,True
seoul,2025,202501,V024_주거용신축허가_동수_동|12m로그변화,1.0,245,True
seoul,2025,202501,V024_주거용신축허가_연면적_㎡|12m로그변화,1.0,250,True
seoul,2025,202501,V072_총조사_가구수_가구|12m로그변화,0.7798165137614679,200,True
seoul,2025,202501,V072_총조사_주택수_호|12m로그변화,0.7798165137614679,200,True
seoul,2025,202501,V072_총조사단순주택수가구수비율|12m로그변화,0.7798165137614679,200,True
seoul,2025,202501,V024_주거용신축허가_동수_천세대당|수준,1.0,250,True
seoul,2025,202501,V024_주거용신축허가_동수_천세대당|12m차,1.0,250,True
seoul,2025,202501,V013_서울구반기_고용률_%|수준,0.3302752293577982,84,False
seoul,2025,202501,V013_서울구반기_고용률_%|12m차,0.22018348623853212,54,False
seoul,2025,202501,V013_서울구반기_취업자_천명|12m로그변화,0.22018348623853212,100,False
seoul,2025,202501,V013_서울구_고용률_월별추정|수준,0.3302752293577982,650,False
seoul,2025,202501,V013_서울구_고용률_월별추정|12m차,0.22018348623853212,575,False
seoul,2025,202501,V013_서울구_취업자_월별추정|12m로그변화,0.22018348623853212,600,False
seoul,2025,202501,서울_V072_공식주택보급률_%|수준,1.0,10,True
seoul,2025,202501,서울_V072_공식주택보급률_%|12m차,1.0,10,True
seoul,2025,202501,D_CSI_전신계열,1.0,1,False
seoul,2025,202501,D_Wage_10th,1.0,2,True
seoul,2025,202501,D_Wage_11th,1.0,1,False
seoul,2025,202501,M10_rent_growth_1m,0.9908256880733946,2698,True
seoul,2025,202501,M10_rent_growth_6m,0.944954128440367,2575,True
seoul,2025,202504,V003_전세가율_%|수준,1.0,433,True
seoul,2025,202504,V003_전세가율_%|12m차,1.0,552,True
seoul,2025,202504,V004_지역별전월세전환율_%|수준,1.0,1778,True
seoul,2025,202504,V004_지역별전월세전환율_%|12m차,1.0,2669,True
seoul,2025,202504,V009_주민등록인구_명|12m로그변화,1.0,2800,True
seoul,2025,202504,V010_주민등록세대수_세대|12m로그변화,1.0,2800,True
seoul,2025,202504,V011_20-29세_명|12m로그변화,1.0,2800,True
seoul,2025,202504,V011_20-39세_명|12m로그변화,1.0,2800,True
seoul,2025,202504,V011_20-39세비중_%|수준,1.0,2800,True
seoul,2025,202504,V011_20-39세비중_%|12m차,1.0,2800,True
seoul,2025,202504,V011_30-39세_명|12m로그변화,1.0,2800,True
seoul,2025,202504,V012_순이동자수_명|천명당12개월,1.0,2800,True
seoul,2025,202504,V035_아파트거래_동호수_호|12개월누적log,1.0,2443,True
seoul,2025,202504,V035_아파트거래_동호수_호|12개월누적log_12m차,1.0,2799,True
seoul,2025,202504,V035_아파트거래_면적_천㎡|12개월누적log,1.0,992,True
seoul,2025,202504,V035_아파트거래_면적_천㎡|12개월누적log_12m차,1.0,2737,True
seoul,2025,202504,V036_아파트매매거래_동호수_호|12개월누적log,1.0,2276,True
seoul,2025,202504,V036_아파트매매거래_동호수_호|12개월누적log_12m차,1.0,2798,True
seoul,2025,202504,V036_아파트매매거래_면적_천㎡|12개월누적log,1.0,785,True
seoul,2025,202504,V036_아파트매매거래_면적_천㎡|12개월누적log_12m차,1.0,2706,True
seoul,2025,202504,V038_미분양주택현황_호|log,1.0,165,True
seoul,2025,202504,V038_미분양주택현황_호|log_12m차,1.0,490,True
seoul,2025,202504,V043_한국은행_기준금리_연%|수준,1.0,11,True
seoul,2025,202504,V043_한국은행_기준금리_연%|12m차,1.0,14,True
seoul,2025,202504,V044_시장금리_CD91일_연%|수준,1.0,73,True
seoul,2025,202504,V044_시장금리_CD91일_연%|12m차,1.0,94,True
seoul,2025,202504,V045_시장금리_국고채3년_연%|수준,1.0,111,True
seoul,2025,202504,V045_시장금리_국고채3년_연%|12m차,1.0,111,True
seoul,2025,202504,V046_M2_통화량_십억원|12m로그변화,1.0,112,True
seoul,2025,202504,V048_소비자물가지수_2020=100|수준,1.0,107,True
seoul,2025,202504,V048_소비자물가지수_2020=100|12m차,1.0,109,True
seoul,2025,202504,V056_예금은행대출금리_주택담보_연리%|수준,1.0,86,True
seoul,2025,202504,V056_예금은행대출금리_주택담보_연리%|12m차,1.0,95,True
seoul,2025,202504,V057_예금은행대출금리_전세자금_연리%|수준,1.0,80,True
seoul,2025,202504,V057_예금은행대출금리_전세자금_연리%|12m차,0.9375,87,True
seoul,2025,202504,V059_비은행대출금리_주택담보_연리%|수준,1.0,90,True
seoul,2025,202504,V059_비은행대출금리_주택담보_연리%|12m차,1.0,95,True
seoul,2025,202504,V061_주택가격전망CSI_서울|수준,1.0,44,True
seoul,2025,202504,V061_주택가격전망CSI_서울|12m차,1.0,57,True
seoul,2025,202504,V062_주택가격전망CSI_6대광역시|수준,1.0,51,True
seoul,2025,202504,V062_주택가격전망CSI_6대광역시|12m차,1.0,60,True
seoul,2025,202504,V063_주택가격전망CSI_기타도시|수준,1.0,50,True
seoul,2025,202504,V063_주택가격전망CSI_기타도시|12m차,1.0,59,True
seoul,2025,202504,V064_KOSPI_종가_1980.01.04=100|수준,1.0,112,True
seoul,2025,202504,V064_KOSPI_종가_1980.01.04=100|12m차,1.0,112,True
seoul,2025,202504,V066_임금총액_사업체노동력_원|12m로그변화,1.0,112,True
seoul,2025,202504,V067_선행지수순환변동치_2020=100|수준,1.0,40,True
seoul,2025,202504,V067_선행지수순환변동치_2020=100|12m차,1.0,62,True
seoul,2025,202504,V069_예금취급기관_가계대출_십억원|12m로그변화,1.0,112,True
seoul,2025,202504,V069_예금취급기관_주택관련대출_십억원|12m로그변화,1.0,112,True
seoul,2025,202504,V070_수출금액_천불|12m로그변화,1.0,112,True
seoul,2025,202504,V071_정책대출_주금공_주택도시기금_십억원|12m로그변화,0.8839285714285714,99,True
seoul,2025,202504,서울_V005_월세수급동향|수준,0.9910714285714286,107,True
seoul,2025,202504,서울_V005_월세수급동향|12m차,0.8839285714285714,99,True
seoul,2025,202504,서울_V013_고용률_%|수준,1.0,37,True
seoul,2025,202504,서울_V013_고용률_%|12m차,1.0,51,True
seoul,2025,202504,서울_V013_취업자_천명|12m로그변화,1.0,112,True
seoul,2025,202504,서울_V021_아파트_인허가_호|12개월누적log,1.0,112,True
seoul,2025,202504,서울_V021_아파트_인허가_호|12개월누적log_12m차,1.0,112,True
seoul,2025,202504,서울_V022_아파트_착공_호|12개월누적log,1.0,111,True
seoul,2025,202504,서울_V022_아파트_착공_호|12개월누적log_12m차,1.0,112,True
seoul,2025,202504,서울_V023_아파트_준공_호|12개월누적log,1.0,111,True
seoul,2025,202504,서울_V023_아파트_준공_호|12개월누적log_12m차,1.0,112,True
seoul,2025,202504,서울_V031_매매수급동향|수준,1.0,110,True
seoul,2025,202504,서울_V031_매매수급동향|12m차,1.0,112,True
seoul,2025,202504,서울_V032_전세수급동향|수준,1.0,112,True
seoul,2025,202504,서울_V032_전세수급동향|12m차,1.0,112,True
seoul,2025,202504,서울_V037_주택시장_소비심리지수|수준,1.0,99,True
seoul,2025,202504,서울_V037_주택시장_소비심리지수|12m차,1.0,108,True
seoul,2025,202504,서울_V050_지역별_주택관련대출_예금은행_십억원|12m로그변화,1.0,112,True
seoul,2025,202504,V047_가계신용_총액_십억원|12m로그변화,1.0,38,True
seoul,2025,202504,V049_시간당명목임금지수_2020=100|수준,1.0,36,True
seoul,2025,202504,V049_시간당명목임금지수_2020=100|12m차,1.0,34,True
seoul,2025,202504,V060_대출태도_국내은행_가계주택|수준,1.0,27,True
seoul,2025,202504,V060_대출태도_국내은행_가계주택|12m차,1.0,32,True
seoul,2025,202504,V074_가계동향_도시2인이상_월평균소득_원|수준,0.5178571428571429,20,False
seoul,2025,202504,V074_가계동향_도시2인이상_월평균소득_원|12m차,0.5178571428571429,20,False
seoul,2025,202504,V074_연결_월평균소득_원|12m로그변화,1.0,38,True
seoul,2025,202504,V024_주거용신축허가_동수_동|12m로그변화,1.0,245,True
seoul,2025,202504,V024_주거용신축허가_연면적_㎡|12m로그변화,1.0,250,True
seoul,2025,202504,V072_총조사_가구수_가구|12m로그변화,0.7857142857142857,200,True
seoul,2025,202504,V072_총조사_주택수_호|12m로그변화,0.7857142857142857,200,True
seoul,2025,202504,V072_총조사단순주택수가구수비율|12m로그변화,0.7857142857142857,200,True
seoul,2025,202504,V024_주거용신축허가_동수_천세대당|수준,1.0,250,True
seoul,2025,202504,V024_주거용신축허가_동수_천세대당|12m차,1.0,250,True
seoul,2025,202504,V013_서울구반기_고용률_%|수준,0.3482142857142857,92,False
seoul,2025,202504,V013_서울구반기_고용률_%|12m차,0.24107142857142858,65,False
seoul,2025,202504,V013_서울구반기_취업자_천명|12m로그변화,0.24107142857142858,125,False
seoul,2025,202504,V013_서울구_고용률_월별추정|수준,0.3482142857142857,683,False
seoul,2025,202504,V013_서울구_고용률_월별추정|12m차,0.24107142857142858,650,False
seoul,2025,202504,V013_서울구_취업자_월별추정|12m로그변화,0.24107142857142858,675,False
seoul,2025,202504,서울_V072_공식주택보급률_%|수준,1.0,10,True
seoul,2025,202504,서울_V072_공식주택보급률_%|12m차,1.0,10,True
seoul,2025,202504,D_CSI_전신계열,1.0,1,False
seoul,2025,202504,D_Wage_10th,1.0,2,True
seoul,2025,202504,D_Wage_11th,1.0,1,False
seoul,2025,202504,M10_rent_growth_1m,0.9910714285714286,2773,True
seoul,2025,202504,M10_rent_growth_6m,0.9464285714285714,2650,True
seoul,2025,202507,V003_전세가율_%|수준,1.0,508,True
seoul,2025,202507,V003_전세가율_%|12m차,1.0,627,True
seoul,2025,202507,V004_지역별전월세전환율_%|수준,1.0,1845,True
seoul,2025,202507,V004_지역별전월세전환율_%|12m차,1.0,2742,True
seoul,2025,202507,V009_주민등록인구_명|12m로그변화,1.0,2875,True
seoul,2025,202507,V010_주민등록세대수_세대|12m로그변화,1.0,2875,True
seoul,2025,202507,V011_20-29세_명|12m로그변화,1.0,2875,True
seoul,2025,202507,V011_20-39세_명|12m로그변화,1.0,2875,True
seoul,2025,202507,V011_20-39세비중_%|수준,1.0,2875,True
seoul,2025,202507,V011_20-39세비중_%|12m차,1.0,2875,True
seoul,2025,202507,V011_30-39세_명|12m로그변화,1.0,2875,True
seoul,2025,202507,V012_순이동자수_명|천명당12개월,1.0,2875,True
seoul,2025,202507,V035_아파트거래_동호수_호|12개월누적log,1.0,2500,True
seoul,2025,202507,V035_아파트거래_동호수_호|12개월누적log_12m차,1.0,2874,True
seoul,2025,202507,V035_아파트거래_면적_천㎡|12개월누적log,1.0,1067,True
seoul,2025,202507,V035_아파트거래_면적_천㎡|12개월누적log_12m차,1.0,2812,True
seoul,2025,202507,V036_아파트매매거래_동호수_호|12개월누적log,1.0,2316,True
seoul,2025,202507,V036_아파트매매거래_동호수_호|12개월누적log_12m차,1.0,2873,True
seoul,2025,202507,V036_아파트매매거래_면적_천㎡|12개월누적log,1.0,860,True
seoul,2025,202507,V036_아파트매매거래_면적_천㎡|12개월누적log_12m차,1.0,2781,True
seoul,2025,202507,V038_미분양주택현황_호|log,1.0,170,True
seoul,2025,202507,V038_미분양주택현황_호|log_12m차,1.0,515,True
seoul,2025,202507,V043_한국은행_기준금리_연%|수준,1.0,11,True
seoul,2025,202507,V043_한국은행_기준금리_연%|12m차,1.0,14,True
seoul,2025,202507,V044_시장금리_CD91일_연%|수준,1.0,76,True
seoul,2025,202507,V044_시장금리_CD91일_연%|12m차,1.0,96,True
seoul,2025,202507,V045_시장금리_국고채3년_연%|수준,1.0,114,True
seoul,2025,202507,V045_시장금리_국고채3년_연%|12m차,1.0,114,True
seoul,2025,202507,V046_M2_통화량_십억원|12m로그변화,1.0,115,True
seoul,2025,202507,V048_소비자물가지수_2020=100|수준,1.0,110,True
seoul,2025,202507,V048_소비자물가지수_2020=100|12m차,1.0,111,True
seoul,2025,202507,V056_예금은행대출금리_주택담보_연리%|수준,1.0,89,True
seoul,2025,202507,V056_예금은행대출금리_주택담보_연리%|12m차,1.0,98,True
seoul,2025,202507,V057_예금은행대출금리_전세자금_연리%|수준,1.0,82,True
seoul,2025,202507,V057_예금은행대출금리_전세자금_연리%|12m차,0.9391304347826087,89,True
seoul,2025,202507,V059_비은행대출금리_주택담보_연리%|수준,1.0,92,True
seoul,2025,202507,V059_비은행대출금리_주택담보_연리%|12m차,1.0,96,True
seoul,2025,202507,V061_주택가격전망CSI_서울|수준,1.0,45,True
seoul,2025,202507,V061_주택가격전망CSI_서울|12m차,1.0,58,True
seoul,2025,202507,V062_주택가격전망CSI_6대광역시|수준,1.0,51,True
seoul,2025,202507,V062_주택가격전망CSI_6대광역시|12m차,1.0,60,True
seoul,2025,202507,V063_주택가격전망CSI_기타도시|수준,1.0,50,True
seoul,2025,202507,V063_주택가격전망CSI_기타도시|12m차,1.0,59,True
seoul,2025,202507,V064_KOSPI_종가_1980.01.04=100|수준,1.0,115,True
seoul,2025,202507,V064_KOSPI_종가_1980.01.04=100|12m차,1.0,115,True
seoul,2025,202507,V066_임금총액_사업체노동력_원|12m로그변화,1.0,115,True
seoul,2025,202507,V067_선행지수순환변동치_2020=100|수준,1.0,40,True
seoul,2025,202507,V067_선행지수순환변동치_2020=100|12m차,1.0,64,True
seoul,2025,202507,V069_예금취급기관_가계대출_십억원|12m로그변화,1.0,115,True
seoul,2025,202507,V069_예금취급기관_주택관련대출_십억원|12m로그변화,1.0,115,True
seoul,2025,202507,V070_수출금액_천불|12m로그변화,1.0,115,True
seoul,2025,202507,V071_정책대출_주금공_주택도시기금_십억원|12m로그변화,0.8869565217391304,102,True
seoul,2025,202507,서울_V005_월세수급동향|수준,0.991304347826087,110,True
seoul,2025,202507,서울_V005_월세수급동향|12m차,0.8869565217391304,102,True
seoul,2025,202507,서울_V013_고용률_%|수준,1.0,37,True
seoul,2025,202507,서울_V013_고용률_%|12m차,1.0,52,True
seoul,2025,202507,서울_V013_취업자_천명|12m로그변화,1.0,115,True
seoul,2025,202507,서울_V021_아파트_인허가_호|12개월누적log,1.0,115,True
seoul,2025,202507,서울_V021_아파트_인허가_호|12개월누적log_12m차,1.0,115,True
seoul,2025,202507,서울_V022_아파트_착공_호|12개월누적log,1.0,114,True
seoul,2025,202507,서울_V022_아파트_착공_호|12개월누적log_12m차,1.0,115,True
seoul,2025,202507,서울_V023_아파트_준공_호|12개월누적log,1.0,114,True
seoul,2025,202507,서울_V023_아파트_준공_호|12개월누적log_12m차,1.0,115,True
seoul,2025,202507,서울_V031_매매수급동향|수준,1.0,113,True
seoul,2025,202507,서울_V031_매매수급동향|12m차,1.0,115,True
seoul,2025,202507,서울_V032_전세수급동향|수준,1.0,115,True
seoul,2025,202507,서울_V032_전세수급동향|12m차,1.0,115,True
seoul,2025,202507,서울_V037_주택시장_소비심리지수|수준,1.0,101,True
seoul,2025,202507,서울_V037_주택시장_소비심리지수|12m차,1.0,111,True
seoul,2025,202507,서울_V050_지역별_주택관련대출_예금은행_십억원|12m로그변화,1.0,115,True
seoul,2025,202507,V047_가계신용_총액_십억원|12m로그변화,1.0,39,True
seoul,2025,202507,V049_시간당명목임금지수_2020=100|수준,1.0,37,True
seoul,2025,202507,V049_시간당명목임금지수_2020=100|12m차,1.0,34,True
seoul,2025,202507,V060_대출태도_국내은행_가계주택|수준,1.0,28,True
seoul,2025,202507,V060_대출태도_국내은행_가계주택|12m차,1.0,33,True
seoul,2025,202507,V074_가계동향_도시2인이상_월평균소득_원|수준,0.5043478260869565,20,False
seoul,2025,202507,V074_가계동향_도시2인이상_월평균소득_원|12m차,0.5043478260869565,20,False
seoul,2025,202507,V074_연결_월평균소득_원|12m로그변화,1.0,39,True
seoul,2025,202507,V024_주거용신축허가_동수_동|12m로그변화,1.0,270,True
seoul,2025,202507,V024_주거용신축허가_연면적_㎡|12m로그변화,1.0,275,True
seoul,2025,202507,V072_총조사_가구수_가구|12m로그변화,0.7913043478260869,200,True
seoul,2025,202507,V072_총조사_주택수_호|12m로그변화,0.7913043478260869,200,True
seoul,2025,202507,V072_총조사단순주택수가구수비율|12m로그변화,0.7913043478260869,200,True
seoul,2025,202507,V024_주거용신축허가_동수_천세대당|수준,1.0,275,True
seoul,2025,202507,V024_주거용신축허가_동수_천세대당|12m차,1.0,275,True
seoul,2025,202507,V013_서울구반기_고용률_%|수준,0.3652173913043478,92,False
seoul,2025,202507,V013_서울구반기_고용률_%|12m차,0.2608695652173913,65,False
seoul,2025,202507,V013_서울구반기_취업자_천명|12m로그변화,0.2608695652173913,125,False
seoul,2025,202507,V013_서울구_고용률_월별추정|수준,0.3652173913043478,725,False
seoul,2025,202507,V013_서울구_고용률_월별추정|12m차,0.2608695652173913,725,False
seoul,2025,202507,V013_서울구_취업자_월별추정|12m로그변화,0.2608695652173913,750,False
seoul,2025,202507,서울_V072_공식주택보급률_%|수준,1.0,11,True
seoul,2025,202507,서울_V072_공식주택보급률_%|12m차,1.0,11,True
seoul,2025,202507,D_CSI_전신계열,1.0,1,False
seoul,2025,202507,D_Wage_10th,1.0,2,True
seoul,2025,202507,D_Wage_11th,1.0,1,False
seoul,2025,202507,M10_rent_growth_1m,0.991304347826087,2848,True
seoul,2025,202507,M10_rent_growth_6m,0.9478260869565217,2725,True
seoul,2025,202510,V003_전세가율_%|수준,1.0,583,True
seoul,2025,202510,V003_전세가율_%|12m차,1.0,702,True
seoul,2025,202510,V004_지역별전월세전환율_%|수준,1.0,1903,True
seoul,2025,202510,V004_지역별전월세전환율_%|12m차,1.0,2815,True
seoul,2025,202510,V009_주민등록인구_명|12m로그변화,1.0,2950,True
seoul,2025,202510,V010_주민등록세대수_세대|12m로그변화,1.0,2950,True
seoul,2025,202510,V011_20-29세_명|12m로그변화,1.0,2950,True
seoul,2025,202510,V011_20-39세_명|12m로그변화,1.0,2950,True
seoul,2025,202510,V011_20-39세비중_%|수준,1.0,2950,True
seoul,2025,202510,V011_20-39세비중_%|12m차,1.0,2950,True
seoul,2025,202510,V011_30-39세_명|12m로그변화,1.0,2950,True
seoul,2025,202510,V012_순이동자수_명|천명당12개월,1.0,2950,True
seoul,2025,202510,V035_아파트거래_동호수_호|12개월누적log,1.0,2549,True
seoul,2025,202510,V035_아파트거래_동호수_호|12개월누적log_12m차,1.0,2949,True
seoul,2025,202510,V035_아파트거래_면적_천㎡|12개월누적log,1.0,1142,True
seoul,2025,202510,V035_아파트거래_면적_천㎡|12개월누적log_12m차,1.0,2887,True
seoul,2025,202510,V036_아파트매매거래_동호수_호|12개월누적log,1.0,2372,True
seoul,2025,202510,V036_아파트매매거래_동호수_호|12개월누적log_12m차,1.0,2948,True
seoul,2025,202510,V036_아파트매매거래_면적_천㎡|12개월누적log,1.0,935,True
seoul,2025,202510,V036_아파트매매거래_면적_천㎡|12개월누적log_12m차,1.0,2856,True
seoul,2025,202510,V038_미분양주택현황_호|log,1.0,175,True
seoul,2025,202510,V038_미분양주택현황_호|log_12m차,1.0,542,True
seoul,2025,202510,V043_한국은행_기준금리_연%|수준,1.0,12,True
seoul,2025,202510,V043_한국은행_기준금리_연%|12m차,1.0,14,True
seoul,2025,202510,V044_시장금리_CD91일_연%|수준,1.0,79,True
seoul,2025,202510,V044_시장금리_CD91일_연%|12m차,1.0,99,True
seoul,2025,202510,V045_시장금리_국고채3년_연%|수준,1.0,116,True
seoul,2025,202510,V045_시장금리_국고채3년_연%|12m차,1.0,117,True
seoul,2025,202510,V046_M2_통화량_십억원|12m로그변화,1.0,118,True
seoul,2025,202510,V048_소비자물가지수_2020=100|수준,1.0,113,True
seoul,2025,202510,V048_소비자물가지수_2020=100|12m차,1.0,113,True
seoul,2025,202510,V056_예금은행대출금리_주택담보_연리%|수준,1.0,92,True
seoul,2025,202510,V056_예금은행대출금리_주택담보_연리%|12m차,1.0,101,True
seoul,2025,202510,V057_예금은행대출금리_전세자금_연리%|수준,1.0,84,True
seoul,2025,202510,V057_예금은행대출금리_전세자금_연리%|12m차,0.940677966101695,90,True
seoul,2025,202510,V059_비은행대출금리_주택담보_연리%|수준,1.0,94,True
seoul,2025,202510,V059_비은행대출금리_주택담보_연리%|12m차,1.0,98,True
seoul,2025,202510,V061_주택가격전망CSI_서울|수준,1.0,45,True
seoul,2025,202510,V061_주택가격전망CSI_서울|12m차,1.0,58,True
seoul,2025,202510,V062_주택가격전망CSI_6대광역시|수준,1.0,51,True
seoul,2025,202510,V062_주택가격전망CSI_6대광역시|12m차,1.0,60,True
seoul,2025,202510,V063_주택가격전망CSI_기타도시|수준,1.0,50,True
seoul,2025,202510,V063_주택가격전망CSI_기타도시|12m차,1.0,59,True
seoul,2025,202510,V064_KOSPI_종가_1980.01.04=100|수준,1.0,118,True
seoul,2025,202510,V064_KOSPI_종가_1980.01.04=100|12m차,1.0,118,True
seoul,2025,202510,V066_임금총액_사업체노동력_원|12m로그변화,1.0,118,True
seoul,2025,202510,V067_선행지수순환변동치_2020=100|수준,1.0,40,True
seoul,2025,202510,V067_선행지수순환변동치_2020=100|12m차,1.0,64,True
seoul,2025,202510,V069_예금취급기관_가계대출_십억원|12m로그변화,1.0,118,True
seoul,2025,202510,V069_예금취급기관_주택관련대출_십억원|12m로그변화,1.0,118,True
seoul,2025,202510,V070_수출금액_천불|12m로그변화,1.0,118,True
seoul,2025,202510,V071_정책대출_주금공_주택도시기금_십억원|12m로그변화,0.8898305084745762,105,True
seoul,2025,202510,서울_V005_월세수급동향|수준,0.9915254237288136,113,True
seoul,2025,202510,서울_V005_월세수급동향|12m차,0.8898305084745762,105,True
seoul,2025,202510,서울_V013_고용률_%|수준,1.0,37,True
seoul,2025,202510,서울_V013_고용률_%|12m차,1.0,52,True
seoul,2025,202510,서울_V013_취업자_천명|12m로그변화,1.0,118,True
seoul,2025,202510,서울_V021_아파트_인허가_호|12개월누적log,1.0,118,True
seoul,2025,202510,서울_V021_아파트_인허가_호|12개월누적log_12m차,1.0,118,True
seoul,2025,202510,서울_V022_아파트_착공_호|12개월누적log,1.0,117,True
seoul,2025,202510,서울_V022_아파트_착공_호|12개월누적log_12m차,1.0,118,True
seoul,2025,202510,서울_V023_아파트_준공_호|12개월누적log,1.0,117,True
seoul,2025,202510,서울_V023_아파트_준공_호|12개월누적log_12m차,1.0,118,True
seoul,2025,202510,서울_V031_매매수급동향|수준,1.0,116,True
seoul,2025,202510,서울_V031_매매수급동향|12m차,1.0,118,True
seoul,2025,202510,서울_V032_전세수급동향|수준,1.0,118,True
seoul,2025,202510,서울_V032_전세수급동향|12m차,1.0,118,True
seoul,2025,202510,서울_V037_주택시장_소비심리지수|수준,1.0,104,True
seoul,2025,202510,서울_V037_주택시장_소비심리지수|12m차,1.0,113,True
seoul,2025,202510,서울_V050_지역별_주택관련대출_예금은행_십억원|12m로그변화,1.0,118,True
seoul,2025,202510,V047_가계신용_총액_십억원|12m로그변화,1.0,40,True
seoul,2025,202510,V049_시간당명목임금지수_2020=100|수준,1.0,38,True
seoul,2025,202510,V049_시간당명목임금지수_2020=100|12m차,1.0,35,True
seoul,2025,202510,V060_대출태도_국내은행_가계주택|수준,1.0,29,True
seoul,2025,202510,V060_대출태도_국내은행_가계주택|12m차,1.0,34,True
seoul,2025,202510,V074_가계동향_도시2인이상_월평균소득_원|수준,0.4915254237288136,20,False
seoul,2025,202510,V074_가계동향_도시2인이상_월평균소득_원|12m차,0.4915254237288136,20,False
seoul,2025,202510,V074_연결_월평균소득_원|12m로그변화,1.0,40,True
seoul,2025,202510,V024_주거용신축허가_동수_동|12m로그변화,1.0,270,True
seoul,2025,202510,V024_주거용신축허가_연면적_㎡|12m로그변화,1.0,275,True
seoul,2025,202510,V072_총조사_가구수_가구|12m로그변화,0.7966101694915254,200,True
seoul,2025,202510,V072_총조사_주택수_호|12m로그변화,0.7966101694915254,200,True
seoul,2025,202510,V072_총조사단순주택수가구수비율|12m로그변화,0.7966101694915254,200,True
seoul,2025,202510,V024_주거용신축허가_동수_천세대당|수준,1.0,275,True
seoul,2025,202510,V024_주거용신축허가_동수_천세대당|12m차,1.0,275,True
seoul,2025,202510,V013_서울구반기_고용률_%|수준,0.3813559322033898,98,False
seoul,2025,202510,V013_서울구반기_고용률_%|12m차,0.2796610169491525,73,False
seoul,2025,202510,V013_서울구반기_취업자_천명|12m로그변화,0.2796610169491525,150,False
seoul,2025,202510,V013_서울구_고용률_월별추정|수준,0.3813559322033898,772,False
seoul,2025,202510,V013_서울구_고용률_월별추정|12m차,0.2796610169491525,775,False
seoul,2025,202510,V013_서울구_취업자_월별추정|12m로그변화,0.2796610169491525,825,False
seoul,2025,202510,서울_V072_공식주택보급률_%|수준,1.0,11,True
seoul,2025,202510,서울_V072_공식주택보급률_%|12m차,1.0,11,True
seoul,2025,202510,D_CSI_전신계열,1.0,1,False
seoul,2025,202510,D_Wage_10th,1.0,2,True
seoul,2025,202510,D_Wage_11th,1.0,1,False
seoul,2025,202510,M10_rent_growth_1m,0.9915254237288136,2923,True
seoul,2025,202510,M10_rent_growth_6m,0.9491525423728814,2800,True
