panel,experiment,model,task,year,n_v12,Accuracy_v12,BalancedAccuracy_v12,Macro_F1_v12,Macro_F1_fixed2_v12,TP_v12,FP_v12,FN_v12,TN_v12,ActualEvents_v12,ActualDown_v12,PredictedEvents_v12,Abstentions_v12,Precision_v12,Recall_v12,Event_F1_v12,DownPrecision_v12,DownRecall_v12,Down_F1_v12,ActualClasses_v12,UpShare_v12,AUC_within_month_v12,valid_auc_months_v12,valid_month_pairs_v12,AUC_pooled_secondary_v12,PR_AUC_pooled_secondary_v12,MissingPredictions_v12,MAE_v12,RMSE_v12,R2_v12,n_v11,Accuracy_v11,BalancedAccuracy_v11,Macro_F1_v11,Macro_F1_fixed2_v11,TP_v11,FP_v11,FN_v11,TN_v11,ActualEvents_v11,ActualDown_v11,PredictedEvents_v11,Abstentions_v11,Precision_v11,Recall_v11,Event_F1_v11,DownPrecision_v11,DownRecall_v11,Down_F1_v11,ActualClasses_v11,UpShare_v11,AUC_within_month_v11,valid_auc_months_v11,valid_month_pairs_v11,AUC_pooled_secondary_v11,PR_AUC_pooled_secondary_v11,MissingPredictions_v11,MAE_v11,RMSE_v11,R2_v11,Accuracy_change,Macro_F1_change,Event_F1_change,MAE_change,R2_change
provinces,Benchmark,Always down,Y2 Direction,2018,204,0.8431372549019608,0.5,0.4574468085106383,0.4574468085106383,0.0,0.0,32.0,172.0,32.0,172.0,0.0,0.0,,0.0,0.0,0.8431372549019608,1.0,0.9148936170212766,2.0,0.1568627450980392,0.5,12.0,448.0,0.4258720930232558,0.1368464052287581,,,,,204,0.8431372549019608,0.5,0.4574468085106383,0.4574468085106383,0.0,0.0,32.0,172.0,32.0,172.0,0.0,0.0,,0.0,0.0,0.8431372549019608,1.0,0.9148936170212766,2.0,0.1568627450980392,0.5,12.0,448.0,0.4258720930232558,0.1368464052287581,,,,,0.0,0.0,0.0,,
provinces,Benchmark,Always down,Y2 Direction,2019,204,0.696078431372549,0.5,0.4104046242774566,0.4104046242774566,0.0,0.0,62.0,142.0,62.0,142.0,0.0,0.0,,0.0,0.0,0.696078431372549,1.0,0.8208092485549133,2.0,0.3039215686274509,0.5,12.0,664.0,0.3262153566560654,0.2445709466582331,,,,,204,0.696078431372549,0.5,0.4104046242774566,0.4104046242774566,0.0,0.0,62.0,142.0,62.0,142.0,0.0,0.0,,0.0,0.0,0.696078431372549,1.0,0.8208092485549133,2.0,0.3039215686274509,0.5,12.0,664.0,0.3262153566560654,0.2445709466582331,,,,,0.0,0.0,0.0,,
provinces,Benchmark,Always down,Y2 Direction,2020,204,0.142156862745098,0.5,0.1244635193133047,0.1244635193133047,0.0,0.0,175.0,29.0,175.0,29.0,0.0,0.0,,0.0,0.0,0.142156862745098,1.0,0.2489270386266094,2.0,0.8578431372549019,0.5,8.0,358.0,0.7864039408866994,0.9445845004668534,,,,,204,0.142156862745098,0.5,0.1244635193133047,0.1244635193133047,0.0,0.0,175.0,29.0,175.0,29.0,0.0,0.0,,0.0,0.0,0.142156862745098,1.0,0.2489270386266094,2.0,0.8578431372549019,0.5,8.0,358.0,0.7864039408866994,0.9445845004668534,,,,,0.0,0.0,0.0,,
provinces,Benchmark,Always down,Y2 Direction,2021,204,0.0490196078431372,0.5,0.0467289719626168,0.0467289719626168,0.0,0.0,194.0,10.0,194.0,10.0,0.0,0.0,,0.0,0.0,0.0490196078431372,1.0,0.0934579439252336,2.0,0.9509803921568628,0.5,7.0,152.0,0.2371134020618557,0.9211474967994072,,,,,204,0.0490196078431372,0.5,0.0467289719626168,0.0467289719626168,0.0,0.0,194.0,10.0,194.0,10.0,0.0,0.0,,0.0,0.0,0.0490196078431372,1.0,0.0934579439252336,2.0,0.9509803921568628,0.5,7.0,152.0,0.2371134020618557,0.9211474967994072,,,,,0.0,0.0,0.0,,
provinces,Benchmark,Always down,Y2 Direction,2022,204,0.4264705882352941,0.5,0.2989690721649484,0.2989690721649484,0.0,0.0,117.0,87.0,117.0,87.0,0.0,0.0,,0.0,0.0,0.4264705882352941,1.0,0.5979381443298969,2.0,0.5735294117647058,0.5,12.0,576.0,0.2018862363689949,0.461706049941344,,,,,204,0.4264705882352941,0.5,0.2989690721649484,0.2989690721649484,0.0,0.0,117.0,87.0,117.0,87.0,0.0,0.0,,0.0,0.0,0.4264705882352941,1.0,0.5979381443298969,2.0,0.5735294117647058,0.5,12.0,576.0,0.2018862363689949,0.461706049941344,,,,,0.0,0.0,0.0,,
provinces,Benchmark,Always down,Y2 Direction,2023,204,0.4607843137254901,0.5,0.3154362416107382,0.3154362416107382,0.0,0.0,110.0,94.0,110.0,94.0,0.0,0.0,,0.0,0.0,0.4607843137254901,1.0,0.6308724832214765,2.0,0.5392156862745098,0.5,12.0,546.0,0.2089941972920696,0.4354426619132501,,,,,204,0.4607843137254901,0.5,0.3154362416107382,0.3154362416107382,0.0,0.0,110.0,94.0,110.0,94.0,0.0,0.0,,0.0,0.0,0.4607843137254901,1.0,0.6308724832214765,2.0,0.5392156862745098,0.5,12.0,546.0,0.2089941972920696,0.4354426619132501,,,,,0.0,0.0,0.0,,
provinces,Benchmark,Always down,Y2 Direction,2024,204,0.25,0.5,0.2,0.2,0.0,0.0,153.0,51.0,153.0,51.0,0.0,0.0,,0.0,0.0,0.25,1.0,0.4,2.0,0.75,0.5,12.0,632.0,0.5620915032679739,0.7874962621214063,,,,,204,0.25,0.5,0.2,0.2,0.0,0.0,153.0,51.0,153.0,51.0,0.0,0.0,,0.0,0.0,0.25,1.0,0.4,2.0,0.75,0.5,12.0,632.0,0.5620915032679739,0.7874962621214063,,,,,0.0,0.0,0.0,,
provinces,Benchmark,Always down,Y2 Direction,2025,204,0.1568627450980392,0.5,0.135593220338983,0.135593220338983,0.0,0.0,172.0,32.0,172.0,32.0,0.0,0.0,,0.0,0.0,0.1568627450980392,1.0,0.2711864406779661,2.0,0.8431372549019608,0.5,12.0,430.0,0.6760537790697674,0.9020177838577292,,,,,204,0.1568627450980392,0.5,0.135593220338983,0.135593220338983,0.0,0.0,172.0,32.0,172.0,32.0,0.0,0.0,,0.0,0.0,0.1568627450980392,1.0,0.2711864406779661,2.0,0.8431372549019608,0.5,12.0,430.0,0.6760537790697674,0.9020177838577292,,,,,0.0,0.0,0.0,,
provinces,Benchmark,Always event,Y3 Surge,2018,204,0.034313725490196,0.5,0.0331753554502369,0.0331753554502369,7.0,197.0,0.0,0.0,7.0,197.0,204.0,0.0,0.034313725490196,1.0,0.0663507109004739,,0.0,0.0,2.0,0.034313725490196,0.5,7.0,112.0,0.3335750543872371,0.0287114845938375,,,,,204,0.034313725490196,0.5,0.0331753554502369,0.0331753554502369,7.0,197.0,0.0,0.0,7.0,197.0,204.0,0.0,0.034313725490196,1.0,0.0663507109004739,,0.0,0.0,2.0,0.034313725490196,0.5,7.0,112.0,0.3335750543872371,0.0287114845938375,,,,,0.0,0.0,0.0,,
provinces,Benchmark,Always event,Y3 Surge,2019,204,0.1764705882352941,0.5,0.15,0.15,36.0,168.0,0.0,0.0,36.0,168.0,204.0,0.0,0.1764705882352941,1.0,0.3,,0.0,0.0,2.0,0.1764705882352941,0.5,9.0,414.0,0.2132936507936508,0.1379811183732752,,,,,204,0.1764705882352941,0.5,0.15,0.15,36.0,168.0,0.0,0.0,36.0,168.0,204.0,0.0,0.1764705882352941,1.0,0.3,,0.0,0.0,2.0,0.1764705882352941,0.5,9.0,414.0,0.2132936507936508,0.1379811183732752,,,,,0.0,0.0,0.0,,
provinces,Benchmark,Always event,Y3 Surge,2020,204,0.7745098039215687,0.5,0.43646408839779,0.43646408839779,158.0,46.0,0.0,0.0,158.0,46.0,204.0,0.0,0.7745098039215687,1.0,0.8729281767955801,,0.0,0.0,2.0,0.7745098039215687,0.5,10.0,480.0,0.7876995046780407,0.908289898237776,,,,,204,0.7745098039215687,0.5,0.43646408839779,0.43646408839779,158.0,46.0,0.0,0.0,158.0,46.0,204.0,0.0,0.7745098039215687,1.0,0.8729281767955801,,0.0,0.0,2.0,0.7745098039215687,0.5,10.0,480.0,0.7876995046780407,0.908289898237776,,,,,0.0,0.0,0.0,,
provinces,Benchmark,Always event,Y3 Surge,2021,204,0.9411764705882352,0.5,0.4848484848484848,0.4848484848484848,192.0,12.0,0.0,0.0,192.0,12.0,204.0,0.0,0.9411764705882352,1.0,0.9696969696969696,,0.0,0.0,2.0,0.9411764705882352,0.5,9.0,184.0,0.30078125,0.9151348039215684,,,,,204,0.9411764705882352,0.5,0.4848484848484848,0.4848484848484848,192.0,12.0,0.0,0.0,192.0,12.0,204.0,0.0,0.9411764705882352,1.0,0.9696969696969696,,0.0,0.0,2.0,0.9411764705882352,0.5,9.0,184.0,0.30078125,0.9151348039215684,,,,,0.0,0.0,0.0,,
provinces,Benchmark,Always event,Y3 Surge,2022,204,0.2794117647058823,0.5,0.2183908045977011,0.2183908045977011,57.0,147.0,0.0,0.0,57.0,147.0,204.0,0.0,0.2794117647058823,1.0,0.4367816091954023,,0.0,0.0,2.0,0.2794117647058823,0.5,8.0,508.0,0.1987110633727175,0.2188395826166724,,,,,204,0.2794117647058823,0.5,0.2183908045977011,0.2183908045977011,57.0,147.0,0.0,0.0,57.0,147.0,204.0,0.0,0.2794117647058823,1.0,0.4367816091954023,,0.0,0.0,2.0,0.2794117647058823,0.5,8.0,508.0,0.1987110633727175,0.2188395826166724,,,,,0.0,0.0,0.0,,
provinces,Benchmark,Always event,Y3 Surge,2023,204,0.0588235294117647,0.5,0.0555555555555555,0.0555555555555555,12.0,192.0,0.0,0.0,12.0,192.0,204.0,0.0,0.0588235294117647,1.0,0.1111111111111111,,0.0,0.0,2.0,0.0588235294117647,0.5,7.0,182.0,0.2786458333333333,0.0482026143790849,,,,,204,0.0588235294117647,0.5,0.0555555555555555,0.0555555555555555,12.0,192.0,0.0,0.0,12.0,192.0,204.0,0.0,0.0588235294117647,1.0,0.1111111111111111,,0.0,0.0,2.0,0.0588235294117647,0.5,7.0,182.0,0.2786458333333333,0.0482026143790849,,,,,0.0,0.0,0.0,,
provinces,Benchmark,Always event,Y3 Surge,2024,204,0.0833333333333333,0.5,0.0769230769230769,0.0769230769230769,17.0,187.0,0.0,0.0,17.0,187.0,204.0,0.0,0.0833333333333333,1.0,0.1538461538461538,,0.0,0.0,2.0,0.0833333333333333,0.5,11.0,260.0,0.588235294117647,0.0997693194925029,,,,,204,0.0833333333333333,0.5,0.0769230769230769,0.0769230769230769,17.0,187.0,0.0,0.0,17.0,187.0,204.0,0.0,0.0833333333333333,1.0,0.1538461538461538,,0.0,0.0,2.0,0.0833333333333333,0.5,11.0,260.0,0.588235294117647,0.0997693194925029,,,,,0.0,0.0,0.0,,
provinces,Benchmark,Always event,Y3 Surge,2025,204,0.2598039215686274,0.5,0.2062256809338521,0.2062256809338521,53.0,151.0,0.0,0.0,53.0,151.0,204.0,0.0,0.2598039215686274,1.0,0.4124513618677042,,0.0,0.0,2.0,0.2598039215686274,0.5,12.0,558.0,0.261027114831938,0.2008570723887039,,,,,204,0.2598039215686274,0.5,0.2062256809338521,0.2062256809338521,53.0,151.0,0.0,0.0,53.0,151.0,204.0,0.0,0.2598039215686274,1.0,0.4124513618677042,,0.0,0.0,2.0,0.2598039215686274,0.5,12.0,558.0,0.261027114831938,0.2008570723887039,,,,,0.0,0.0,0.0,,
provinces,Benchmark,Always event,Y4 Drop,2018,204,0.4558823529411764,0.5,0.3131313131313131,0.3131313131313131,93.0,111.0,0.0,0.0,93.0,111.0,204.0,0.0,0.4558823529411764,1.0,0.6262626262626263,,0.0,0.0,2.0,0.4558823529411764,0.5,12.0,850.0,0.5222319093286836,0.4702192705039004,,,,,204,0.4558823529411764,0.5,0.3131313131313131,0.3131313131313131,93.0,111.0,0.0,0.0,93.0,111.0,204.0,0.0,0.4558823529411764,1.0,0.6262626262626263,,0.0,0.0,2.0,0.4558823529411764,0.5,12.0,850.0,0.5222319093286836,0.4702192705039004,,,,,0.0,0.0,0.0,,
provinces,Benchmark,Always event,Y4 Drop,2019,204,0.2598039215686274,0.5,0.2062256809338521,0.2062256809338521,53.0,151.0,0.0,0.0,53.0,151.0,204.0,0.0,0.2598039215686274,1.0,0.4124513618677042,,0.0,0.0,2.0,0.2598039215686274,0.5,12.0,576.0,0.2801449456453829,0.202645209027007,,,,,204,0.2598039215686274,0.5,0.2062256809338521,0.2062256809338521,53.0,151.0,0.0,0.0,53.0,151.0,204.0,0.0,0.2598039215686274,1.0,0.4124513618677042,,0.0,0.0,2.0,0.2598039215686274,0.5,12.0,576.0,0.2801449456453829,0.202645209027007,,,,,0.0,0.0,0.0,,
provinces,Benchmark,Always event,Y4 Drop,2020,204,0.0,0.0,0.0,0.0,0.0,204.0,0.0,0.0,0.0,204.0,204.0,0.0,0.0,,0.0,,0.0,0.0,1.0,0.0,,0.0,0.0,,,,,,,204,0.0,0.0,0.0,0.0,0.0,204.0,0.0,0.0,0.0,204.0,204.0,0.0,0.0,,0.0,,0.0,0.0,1.0,0.0,,0.0,0.0,,,,,,,0.0,0.0,0.0,,
provinces,Benchmark,Always event,Y4 Drop,2021,204,0.0245098039215686,0.5,0.0239234449760765,0.0239234449760765,5.0,199.0,0.0,0.0,5.0,199.0,204.0,0.0,0.0245098039215686,1.0,0.0478468899521531,,0.0,0.0,2.0,0.0245098039215686,0.5,5.0,80.0,0.2180904522613065,0.0199346405228758,,,,,204,0.0245098039215686,0.5,0.0239234449760765,0.0239234449760765,5.0,199.0,0.0,0.0,5.0,199.0,204.0,0.0,0.0245098039215686,1.0,0.0478468899521531,,0.0,0.0,2.0,0.0245098039215686,0.5,5.0,80.0,0.2180904522613065,0.0199346405228758,,,,,0.0,0.0,0.0,,
provinces,Benchmark,Always event,Y4 Drop,2022,204,0.2647058823529412,0.5,0.2093023255813953,0.2093023255813953,54.0,150.0,0.0,0.0,54.0,150.0,204.0,0.0,0.2647058823529412,1.0,0.4186046511627907,,0.0,0.0,2.0,0.2647058823529412,0.5,12.0,530.0,0.2355555555555555,0.2042483660130719,,,,,204,0.2647058823529412,0.5,0.2093023255813953,0.2093023255813953,54.0,150.0,0.0,0.0,54.0,150.0,204.0,0.0,0.2647058823529412,1.0,0.4186046511627907,,0.0,0.0,2.0,0.2647058823529412,0.5,12.0,530.0,0.2355555555555555,0.2042483660130719,,,,,0.0,0.0,0.0,,
provinces,Benchmark,Always event,Y4 Drop,2023,204,0.1813725490196078,0.5,0.1535269709543568,0.1535269709543568,37.0,167.0,0.0,0.0,37.0,167.0,204.0,0.0,0.1813725490196078,1.0,0.3070539419087137,,0.0,0.0,2.0,0.1813725490196078,0.5,12.0,404.0,0.2482602362841884,0.1440999823352764,,,,,204,0.1813725490196078,0.5,0.1535269709543568,0.1535269709543568,37.0,167.0,0.0,0.0,37.0,167.0,204.0,0.0,0.1813725490196078,1.0,0.3070539419087137,,0.0,0.0,2.0,0.1813725490196078,0.5,12.0,404.0,0.2482602362841884,0.1440999823352764,,,,,0.0,0.0,0.0,,
provinces,Benchmark,Always event,Y4 Drop,2024,204,0.0784313725490196,0.5,0.0727272727272727,0.0727272727272727,16.0,188.0,0.0,0.0,16.0,188.0,204.0,0.0,0.0784313725490196,1.0,0.1454545454545454,,0.0,0.0,2.0,0.0784313725490196,0.5,9.0,242.0,0.6695478723404256,0.1143790849673202,,,,,204,0.0784313725490196,0.5,0.0727272727272727,0.0727272727272727,16.0,188.0,0.0,0.0,16.0,188.0,204.0,0.0,0.0784313725490196,1.0,0.1454545454545454,,0.0,0.0,2.0,0.0784313725490196,0.5,9.0,242.0,0.6695478723404256,0.1143790849673202,,,,,0.0,0.0,0.0,,
provinces,Benchmark,Always event,Y4 Drop,2025,204,0.0245098039215686,0.5,0.0239234449760765,0.0239234449760765,5.0,199.0,0.0,0.0,5.0,199.0,204.0,0.0,0.0245098039215686,1.0,0.0478468899521531,,0.0,0.0,2.0,0.0245098039215686,0.5,5.0,80.0,0.7306532663316583,0.0450980392156862,,,,,204,0.0245098039215686,0.5,0.0239234449760765,0.0239234449760765,5.0,199.0,0.0,0.0,5.0,199.0,204.0,0.0,0.0245098039215686,1.0,0.0478468899521531,,0.0,0.0,2.0,0.0245098039215686,0.5,5.0,80.0,0.7306532663316583,0.0450980392156862,,,,,0.0,0.0,0.0,,
provinces,Benchmark,Always no event,Y3 Surge,2018,204,0.965686274509804,0.5,0.4912718204488778,0.4912718204488778,0.0,0.0,7.0,197.0,7.0,197.0,0.0,0.0,,0.0,0.0,0.965686274509804,1.0,0.9825436408977556,2.0,0.034313725490196,0.5,7.0,112.0,0.3335750543872371,0.0287114845938375,,,,,204,0.965686274509804,0.5,0.4912718204488778,0.4912718204488778,0.0,0.0,7.0,197.0,7.0,197.0,0.0,0.0,,0.0,0.0,0.965686274509804,1.0,0.9825436408977556,2.0,0.034313725490196,0.5,7.0,112.0,0.3335750543872371,0.0287114845938375,,,,,0.0,0.0,0.0,,
provinces,Benchmark,Always no event,Y3 Surge,2019,204,0.8235294117647058,0.5,0.4516129032258064,0.4516129032258064,0.0,0.0,36.0,168.0,36.0,168.0,0.0,0.0,,0.0,0.0,0.8235294117647058,1.0,0.9032258064516128,2.0,0.1764705882352941,0.5,9.0,414.0,0.2132936507936508,0.1379811183732752,,,,,204,0.8235294117647058,0.5,0.4516129032258064,0.4516129032258064,0.0,0.0,36.0,168.0,36.0,168.0,0.0,0.0,,0.0,0.0,0.8235294117647058,1.0,0.9032258064516128,2.0,0.1764705882352941,0.5,9.0,414.0,0.2132936507936508,0.1379811183732752,,,,,0.0,0.0,0.0,,
provinces,Benchmark,Always no event,Y3 Surge,2020,204,0.2254901960784313,0.5,0.184,0.184,0.0,0.0,158.0,46.0,158.0,46.0,0.0,0.0,,0.0,0.0,0.2254901960784313,1.0,0.368,2.0,0.7745098039215687,0.5,10.0,480.0,0.7876995046780407,0.908289898237776,,,,,204,0.2254901960784313,0.5,0.184,0.184,0.0,0.0,158.0,46.0,158.0,46.0,0.0,0.0,,0.0,0.0,0.2254901960784313,1.0,0.368,2.0,0.7745098039215687,0.5,10.0,480.0,0.7876995046780407,0.908289898237776,,,,,0.0,0.0,0.0,,
provinces,Benchmark,Always no event,Y3 Surge,2021,204,0.0588235294117647,0.5,0.0555555555555555,0.0555555555555555,0.0,0.0,192.0,12.0,192.0,12.0,0.0,0.0,,0.0,0.0,0.0588235294117647,1.0,0.1111111111111111,2.0,0.9411764705882352,0.5,9.0,184.0,0.30078125,0.9151348039215684,,,,,204,0.0588235294117647,0.5,0.0555555555555555,0.0555555555555555,0.0,0.0,192.0,12.0,192.0,12.0,0.0,0.0,,0.0,0.0,0.0588235294117647,1.0,0.1111111111111111,2.0,0.9411764705882352,0.5,9.0,184.0,0.30078125,0.9151348039215684,,,,,0.0,0.0,0.0,,
provinces,Benchmark,Always no event,Y3 Surge,2022,204,0.7205882352941176,0.5,0.4188034188034188,0.4188034188034188,0.0,0.0,57.0,147.0,57.0,147.0,0.0,0.0,,0.0,0.0,0.7205882352941176,1.0,0.8376068376068376,2.0,0.2794117647058823,0.5,8.0,508.0,0.1987110633727175,0.2188395826166724,,,,,204,0.7205882352941176,0.5,0.4188034188034188,0.4188034188034188,0.0,0.0,57.0,147.0,57.0,147.0,0.0,0.0,,0.0,0.0,0.7205882352941176,1.0,0.8376068376068376,2.0,0.2794117647058823,0.5,8.0,508.0,0.1987110633727175,0.2188395826166724,,,,,0.0,0.0,0.0,,
provinces,Benchmark,Always no event,Y3 Surge,2023,204,0.9411764705882352,0.5,0.4848484848484848,0.4848484848484848,0.0,0.0,12.0,192.0,12.0,192.0,0.0,0.0,,0.0,0.0,0.9411764705882352,1.0,0.9696969696969696,2.0,0.0588235294117647,0.5,7.0,182.0,0.2786458333333333,0.0482026143790849,,,,,204,0.9411764705882352,0.5,0.4848484848484848,0.4848484848484848,0.0,0.0,12.0,192.0,12.0,192.0,0.0,0.0,,0.0,0.0,0.9411764705882352,1.0,0.9696969696969696,2.0,0.0588235294117647,0.5,7.0,182.0,0.2786458333333333,0.0482026143790849,,,,,0.0,0.0,0.0,,
provinces,Benchmark,Always no event,Y3 Surge,2024,204,0.9166666666666666,0.5,0.4782608695652174,0.4782608695652174,0.0,0.0,17.0,187.0,17.0,187.0,0.0,0.0,,0.0,0.0,0.9166666666666666,1.0,0.9565217391304348,2.0,0.0833333333333333,0.5,11.0,260.0,0.588235294117647,0.0997693194925029,,,,,204,0.9166666666666666,0.5,0.4782608695652174,0.4782608695652174,0.0,0.0,17.0,187.0,17.0,187.0,0.0,0.0,,0.0,0.0,0.9166666666666666,1.0,0.9565217391304348,2.0,0.0833333333333333,0.5,11.0,260.0,0.588235294117647,0.0997693194925029,,,,,0.0,0.0,0.0,,
provinces,Benchmark,Always no event,Y3 Surge,2025,204,0.7401960784313726,0.5,0.4253521126760563,0.4253521126760563,0.0,0.0,53.0,151.0,53.0,151.0,0.0,0.0,,0.0,0.0,0.7401960784313726,1.0,0.8507042253521127,2.0,0.2598039215686274,0.5,12.0,558.0,0.261027114831938,0.2008570723887039,,,,,204,0.7401960784313726,0.5,0.4253521126760563,0.4253521126760563,0.0,0.0,53.0,151.0,53.0,151.0,0.0,0.0,,0.0,0.0,0.7401960784313726,1.0,0.8507042253521127,2.0,0.2598039215686274,0.5,12.0,558.0,0.261027114831938,0.2008570723887039,,,,,0.0,0.0,0.0,,
provinces,Benchmark,Always no event,Y4 Drop,2018,204,0.5441176470588235,0.5,0.3523809523809524,0.3523809523809524,0.0,0.0,93.0,111.0,93.0,111.0,0.0,0.0,,0.0,0.0,0.5441176470588235,1.0,0.7047619047619048,2.0,0.4558823529411764,0.5,12.0,850.0,0.5222319093286836,0.4702192705039004,,,,,204,0.5441176470588235,0.5,0.3523809523809524,0.3523809523809524,0.0,0.0,93.0,111.0,93.0,111.0,0.0,0.0,,0.0,0.0,0.5441176470588235,1.0,0.7047619047619048,2.0,0.4558823529411764,0.5,12.0,850.0,0.5222319093286836,0.4702192705039004,,,,,0.0,0.0,0.0,,
provinces,Benchmark,Always no event,Y4 Drop,2019,204,0.7401960784313726,0.5,0.4253521126760563,0.4253521126760563,0.0,0.0,53.0,151.0,53.0,151.0,0.0,0.0,,0.0,0.0,0.7401960784313726,1.0,0.8507042253521127,2.0,0.2598039215686274,0.5,12.0,576.0,0.2801449456453829,0.202645209027007,,,,,204,0.7401960784313726,0.5,0.4253521126760563,0.4253521126760563,0.0,0.0,53.0,151.0,53.0,151.0,0.0,0.0,,0.0,0.0,0.7401960784313726,1.0,0.8507042253521127,2.0,0.2598039215686274,0.5,12.0,576.0,0.2801449456453829,0.202645209027007,,,,,0.0,0.0,0.0,,
provinces,Benchmark,Always no event,Y4 Drop,2020,204,1.0,1.0,1.0,0.5,0.0,0.0,0.0,204.0,0.0,204.0,0.0,0.0,,,,1.0,1.0,1.0,1.0,0.0,,0.0,0.0,,,,,,,204,1.0,1.0,1.0,0.5,0.0,0.0,0.0,204.0,0.0,204.0,0.0,0.0,,,,1.0,1.0,1.0,1.0,0.0,,0.0,0.0,,,,,,,0.0,0.0,,,
provinces,Benchmark,Always no event,Y4 Drop,2021,204,0.9754901960784312,0.5,0.4937965260545905,0.4937965260545905,0.0,0.0,5.0,199.0,5.0,199.0,0.0,0.0,,0.0,0.0,0.9754901960784312,1.0,0.9875930521091812,2.0,0.0245098039215686,0.5,5.0,80.0,0.2180904522613065,0.0199346405228758,,,,,204,0.9754901960784312,0.5,0.4937965260545905,0.4937965260545905,0.0,0.0,5.0,199.0,5.0,199.0,0.0,0.0,,0.0,0.0,0.9754901960784312,1.0,0.9875930521091812,2.0,0.0245098039215686,0.5,5.0,80.0,0.2180904522613065,0.0199346405228758,,,,,0.0,0.0,0.0,,
provinces,Benchmark,Always no event,Y4 Drop,2022,204,0.7352941176470589,0.5,0.423728813559322,0.423728813559322,0.0,0.0,54.0,150.0,54.0,150.0,0.0,0.0,,0.0,0.0,0.7352941176470589,1.0,0.847457627118644,2.0,0.2647058823529412,0.5,12.0,530.0,0.2355555555555555,0.2042483660130719,,,,,204,0.7352941176470589,0.5,0.423728813559322,0.423728813559322,0.0,0.0,54.0,150.0,54.0,150.0,0.0,0.0,,0.0,0.0,0.7352941176470589,1.0,0.847457627118644,2.0,0.2647058823529412,0.5,12.0,530.0,0.2355555555555555,0.2042483660130719,,,,,0.0,0.0,0.0,,
provinces,Benchmark,Always no event,Y4 Drop,2023,204,0.8186274509803921,0.5,0.4501347708894879,0.4501347708894879,0.0,0.0,37.0,167.0,37.0,167.0,0.0,0.0,,0.0,0.0,0.8186274509803921,1.0,0.9002695417789758,2.0,0.1813725490196078,0.5,12.0,404.0,0.2482602362841884,0.1440999823352764,,,,,204,0.8186274509803921,0.5,0.4501347708894879,0.4501347708894879,0.0,0.0,37.0,167.0,37.0,167.0,0.0,0.0,,0.0,0.0,0.8186274509803921,1.0,0.9002695417789758,2.0,0.1813725490196078,0.5,12.0,404.0,0.2482602362841884,0.1440999823352764,,,,,0.0,0.0,0.0,,
provinces,Benchmark,Always no event,Y4 Drop,2024,204,0.9215686274509804,0.5,0.4795918367346938,0.4795918367346938,0.0,0.0,16.0,188.0,16.0,188.0,0.0,0.0,,0.0,0.0,0.9215686274509804,1.0,0.9591836734693876,2.0,0.0784313725490196,0.5,9.0,242.0,0.6695478723404256,0.1143790849673202,,,,,204,0.9215686274509804,0.5,0.4795918367346938,0.4795918367346938,0.0,0.0,16.0,188.0,16.0,188.0,0.0,0.0,,0.0,0.0,0.9215686274509804,1.0,0.9591836734693876,2.0,0.0784313725490196,0.5,9.0,242.0,0.6695478723404256,0.1143790849673202,,,,,0.0,0.0,0.0,,
provinces,Benchmark,Always no event,Y4 Drop,2025,204,0.9754901960784312,0.5,0.4937965260545905,0.4937965260545905,0.0,0.0,5.0,199.0,5.0,199.0,0.0,0.0,,0.0,0.0,0.9754901960784312,1.0,0.9875930521091812,2.0,0.0245098039215686,0.5,5.0,80.0,0.7306532663316583,0.0450980392156862,,,,,204,0.9754901960784312,0.5,0.4937965260545905,0.4937965260545905,0.0,0.0,5.0,199.0,5.0,199.0,0.0,0.0,,0.0,0.0,0.9754901960784312,1.0,0.9875930521091812,2.0,0.0245098039215686,0.5,5.0,80.0,0.7306532663316583,0.0450980392156862,,,,,0.0,0.0,0.0,,
provinces,Benchmark,Always up,Y2 Direction,2018,204,0.1568627450980392,0.5,0.135593220338983,0.135593220338983,32.0,172.0,0.0,0.0,32.0,172.0,204.0,0.0,0.1568627450980392,1.0,0.2711864406779661,,0.0,0.0,2.0,0.1568627450980392,0.5,12.0,448.0,0.4258720930232558,0.1368464052287581,,,,,204,0.1568627450980392,0.5,0.135593220338983,0.135593220338983,32.0,172.0,0.0,0.0,32.0,172.0,204.0,0.0,0.1568627450980392,1.0,0.2711864406779661,,0.0,0.0,2.0,0.1568627450980392,0.5,12.0,448.0,0.4258720930232558,0.1368464052287581,,,,,0.0,0.0,0.0,,
provinces,Benchmark,Always up,Y2 Direction,2019,204,0.3039215686274509,0.5,0.2330827067669172,0.2330827067669172,62.0,142.0,0.0,0.0,62.0,142.0,204.0,0.0,0.3039215686274509,1.0,0.4661654135338345,,0.0,0.0,2.0,0.3039215686274509,0.5,12.0,664.0,0.3262153566560654,0.2445709466582331,,,,,204,0.3039215686274509,0.5,0.2330827067669172,0.2330827067669172,62.0,142.0,0.0,0.0,62.0,142.0,204.0,0.0,0.3039215686274509,1.0,0.4661654135338345,,0.0,0.0,2.0,0.3039215686274509,0.5,12.0,664.0,0.3262153566560654,0.2445709466582331,,,,,0.0,0.0,0.0,,
provinces,Benchmark,Always up,Y2 Direction,2020,204,0.8578431372549019,0.5,0.4617414248021108,0.4617414248021108,175.0,29.0,0.0,0.0,175.0,29.0,204.0,0.0,0.8578431372549019,1.0,0.9234828496042216,,0.0,0.0,2.0,0.8578431372549019,0.5,8.0,358.0,0.7864039408866994,0.9445845004668534,,,,,204,0.8578431372549019,0.5,0.4617414248021108,0.4617414248021108,175.0,29.0,0.0,0.0,175.0,29.0,204.0,0.0,0.8578431372549019,1.0,0.9234828496042216,,0.0,0.0,2.0,0.8578431372549019,0.5,8.0,358.0,0.7864039408866994,0.9445845004668534,,,,,0.0,0.0,0.0,,
provinces,Benchmark,Always up,Y2 Direction,2021,204,0.9509803921568628,0.5,0.4874371859296482,0.4874371859296482,194.0,10.0,0.0,0.0,194.0,10.0,204.0,0.0,0.9509803921568628,1.0,0.9748743718592964,,0.0,0.0,2.0,0.9509803921568628,0.5,7.0,152.0,0.2371134020618557,0.9211474967994072,,,,,204,0.9509803921568628,0.5,0.4874371859296482,0.4874371859296482,194.0,10.0,0.0,0.0,194.0,10.0,204.0,0.0,0.9509803921568628,1.0,0.9748743718592964,,0.0,0.0,2.0,0.9509803921568628,0.5,7.0,152.0,0.2371134020618557,0.9211474967994072,,,,,0.0,0.0,0.0,,
provinces,Benchmark,Always up,Y2 Direction,2022,204,0.5735294117647058,0.5,0.3644859813084112,0.3644859813084112,117.0,87.0,0.0,0.0,117.0,87.0,204.0,0.0,0.5735294117647058,1.0,0.7289719626168224,,0.0,0.0,2.0,0.5735294117647058,0.5,12.0,576.0,0.2018862363689949,0.461706049941344,,,,,204,0.5735294117647058,0.5,0.3644859813084112,0.3644859813084112,117.0,87.0,0.0,0.0,117.0,87.0,204.0,0.0,0.5735294117647058,1.0,0.7289719626168224,,0.0,0.0,2.0,0.5735294117647058,0.5,12.0,576.0,0.2018862363689949,0.461706049941344,,,,,0.0,0.0,0.0,,
provinces,Benchmark,Always up,Y2 Direction,2023,204,0.5392156862745098,0.5,0.3503184713375796,0.3503184713375796,110.0,94.0,0.0,0.0,110.0,94.0,204.0,0.0,0.5392156862745098,1.0,0.7006369426751592,,0.0,0.0,2.0,0.5392156862745098,0.5,12.0,546.0,0.2089941972920696,0.4354426619132501,,,,,204,0.5392156862745098,0.5,0.3503184713375796,0.3503184713375796,110.0,94.0,0.0,0.0,110.0,94.0,204.0,0.0,0.5392156862745098,1.0,0.7006369426751592,,0.0,0.0,2.0,0.5392156862745098,0.5,12.0,546.0,0.2089941972920696,0.4354426619132501,,,,,0.0,0.0,0.0,,
provinces,Benchmark,Always up,Y2 Direction,2024,204,0.75,0.5,0.4285714285714285,0.4285714285714285,153.0,51.0,0.0,0.0,153.0,51.0,204.0,0.0,0.75,1.0,0.8571428571428571,,0.0,0.0,2.0,0.75,0.5,12.0,632.0,0.5620915032679739,0.7874962621214063,,,,,204,0.75,0.5,0.4285714285714285,0.4285714285714285,153.0,51.0,0.0,0.0,153.0,51.0,204.0,0.0,0.75,1.0,0.8571428571428571,,0.0,0.0,2.0,0.75,0.5,12.0,632.0,0.5620915032679739,0.7874962621214063,,,,,0.0,0.0,0.0,,
provinces,Benchmark,Always up,Y2 Direction,2025,204,0.8431372549019608,0.5,0.4574468085106383,0.4574468085106383,172.0,32.0,0.0,0.0,172.0,32.0,204.0,0.0,0.8431372549019608,1.0,0.9148936170212766,,0.0,0.0,2.0,0.8431372549019608,0.5,12.0,430.0,0.6760537790697674,0.9020177838577292,,,,,204,0.8431372549019608,0.5,0.4574468085106383,0.4574468085106383,172.0,32.0,0.0,0.0,172.0,32.0,204.0,0.0,0.8431372549019608,1.0,0.9148936170212766,,0.0,0.0,2.0,0.8431372549019608,0.5,12.0,430.0,0.6760537790697674,0.9020177838577292,,,,,0.0,0.0,0.0,,
provinces,Benchmark,Past6 persistence,Y1 Growth,2018,204,,,,,,,,,,,,,,,,,,,,,,,,,,0.0,0.7493812856539973,1.4908250864483492,0.109697467457266,204,,,,,,,,,,,,,,,,,,,,,,,,,,0.0,0.7493812856539973,1.4908250864483492,0.109697467457266,,,,0.0,0.0
provinces,Benchmark,Past6 persistence,Y1 Growth,2019,204,,,,,,,,,,,,,,,,,,,,,,,,,,0.0,0.8226129658270951,1.3733098174367675,-1.1648273514062049,204,,,,,,,,,,,,,,,,,,,,,,,,,,0.0,0.8226129658270951,1.3733098174367675,-1.1648273514062049,,,,0.0,0.0
provinces,Benchmark,Past6 persistence,Y1 Growth,2020,204,,,,,,,,,,,,,,,,,,,,,,,,,,0.0,1.2190074036336107,1.9721708685778927,0.3781195450632809,204,,,,,,,,,,,,,,,,,,,,,,,,,,0.0,1.2190074036336107,1.9721708685778927,0.3781195450632809,,,,0.0,0.0
provinces,Benchmark,Past6 persistence,Y1 Growth,2021,204,,,,,,,,,,,,,,,,,,,,,,,,,,0.0,1.223760805697311,2.4369790228950263,-2.267471402194342,204,,,,,,,,,,,,,,,,,,,,,,,,,,0.0,1.223760805697311,2.4369790228950263,-2.267471402194342,,,,0.0,0.0
provinces,Benchmark,Past6 persistence,Y1 Growth,2022,204,,,,,,,,,,,,,,,,,,,,,,,,,,0.0,1.3581085005856903,1.7096469838576267,-0.0401954123146117,204,,,,,,,,,,,,,,,,,,,,,,,,,,0.0,1.3581085005856903,1.7096469838576267,-0.0401954123146117,,,,0.0,0.0
provinces,Benchmark,Past6 persistence,Y1 Growth,2023,204,,,,,,,,,,,,,,,,,,,,,,,,,,0.0,1.1856471144882232,1.4898412124279914,-1.153465847054588,204,,,,,,,,,,,,,,,,,,,,,,,,,,0.0,1.1856471144882232,1.4898412124279914,-1.153465847054588,,,,0.0,0.0
provinces,Benchmark,Past6 persistence,Y1 Growth,2024,204,,,,,,,,,,,,,,,,,,,,,,,,,,0.0,0.5632803658306091,0.8260098017819388,0.205138729500621,204,,,,,,,,,,,,,,,,,,,,,,,,,,0.0,0.5632803658306091,0.8260098017819388,0.205138729500621,,,,0.0,0.0
provinces,Benchmark,Past6 persistence,Y1 Growth,2025,204,,,,,,,,,,,,,,,,,,,,,,,,,,0.0,0.6993052593334409,0.9578825980858212,0.188979308521423,204,,,,,,,,,,,,,,,,,,,,,,,,,,0.0,0.6993052593334409,0.9578825980858212,0.188979308521423,,,,0.0,0.0
provinces,Benchmark,Training majority,Y2 Direction,2018,204,0.8431372549019608,0.5,0.4574468085106383,0.4574468085106383,0.0,0.0,32.0,172.0,32.0,172.0,0.0,0.0,,0.0,0.0,0.8431372549019608,1.0,0.9148936170212766,2.0,0.1568627450980392,0.5,12.0,448.0,0.4258720930232558,0.1368464052287581,,,,,204,0.8431372549019608,0.5,0.4574468085106383,0.4574468085106383,0.0,0.0,32.0,172.0,32.0,172.0,0.0,0.0,,0.0,0.0,0.8431372549019608,1.0,0.9148936170212766,2.0,0.1568627450980392,0.5,12.0,448.0,0.4258720930232558,0.1368464052287581,,,,,0.0,0.0,0.0,,
provinces,Benchmark,Training majority,Y2 Direction,2019,204,0.696078431372549,0.5,0.4104046242774566,0.4104046242774566,0.0,0.0,62.0,142.0,62.0,142.0,0.0,0.0,,0.0,0.0,0.696078431372549,1.0,0.8208092485549133,2.0,0.3039215686274509,0.5,12.0,664.0,0.3262153566560654,0.2445709466582331,,,,,204,0.696078431372549,0.5,0.4104046242774566,0.4104046242774566,0.0,0.0,62.0,142.0,62.0,142.0,0.0,0.0,,0.0,0.0,0.696078431372549,1.0,0.8208092485549133,2.0,0.3039215686274509,0.5,12.0,664.0,0.3262153566560654,0.2445709466582331,,,,,0.0,0.0,0.0,,
provinces,Benchmark,Training majority,Y2 Direction,2020,204,0.142156862745098,0.5,0.1244635193133047,0.1244635193133047,0.0,0.0,175.0,29.0,175.0,29.0,0.0,0.0,,0.0,0.0,0.142156862745098,1.0,0.2489270386266094,2.0,0.8578431372549019,0.5,8.0,358.0,0.7864039408866994,0.9445845004668534,,,,,204,0.142156862745098,0.5,0.1244635193133047,0.1244635193133047,0.0,0.0,175.0,29.0,175.0,29.0,0.0,0.0,,0.0,0.0,0.142156862745098,1.0,0.2489270386266094,2.0,0.8578431372549019,0.5,8.0,358.0,0.7864039408866994,0.9445845004668534,,,,,0.0,0.0,0.0,,
provinces,Benchmark,Training majority,Y2 Direction,2021,204,0.0490196078431372,0.5,0.0467289719626168,0.0467289719626168,0.0,0.0,194.0,10.0,194.0,10.0,0.0,0.0,,0.0,0.0,0.0490196078431372,1.0,0.0934579439252336,2.0,0.9509803921568628,0.5,7.0,152.0,0.2371134020618557,0.9211474967994072,,,,,204,0.0490196078431372,0.5,0.0467289719626168,0.0467289719626168,0.0,0.0,194.0,10.0,194.0,10.0,0.0,0.0,,0.0,0.0,0.0490196078431372,1.0,0.0934579439252336,2.0,0.9509803921568628,0.5,7.0,152.0,0.2371134020618557,0.9211474967994072,,,,,0.0,0.0,0.0,,
provinces,Benchmark,Training majority,Y2 Direction,2022,204,0.4117647058823529,0.372236958443855,0.3429951690821256,0.3429951690821256,75.0,78.0,42.0,9.0,117.0,87.0,153.0,0.0,0.4901960784313725,0.6410256410256411,0.5555555555555556,0.1764705882352941,0.1034482758620689,0.1304347826086956,2.0,0.5735294117647058,0.5,12.0,576.0,0.2018862363689949,0.461706049941344,,,,,204,0.4117647058823529,0.372236958443855,0.3429951690821256,0.3429951690821256,75.0,78.0,42.0,9.0,117.0,87.0,153.0,0.0,0.4901960784313725,0.6410256410256411,0.5555555555555556,0.1764705882352941,0.1034482758620689,0.1304347826086956,2.0,0.5735294117647058,0.5,12.0,576.0,0.2018862363689949,0.461706049941344,,,,,0.0,0.0,0.0,,
provinces,Benchmark,Training majority,Y2 Direction,2023,204,0.5392156862745098,0.5,0.3503184713375796,0.3503184713375796,110.0,94.0,0.0,0.0,110.0,94.0,204.0,0.0,0.5392156862745098,1.0,0.7006369426751592,,0.0,0.0,2.0,0.5392156862745098,0.5,12.0,546.0,0.2089941972920696,0.4354426619132501,,,,,204,0.5392156862745098,0.5,0.3503184713375796,0.3503184713375796,110.0,94.0,0.0,0.0,110.0,94.0,204.0,0.0,0.5392156862745098,1.0,0.7006369426751592,,0.0,0.0,2.0,0.5392156862745098,0.5,12.0,546.0,0.2089941972920696,0.4354426619132501,,,,,0.0,0.0,0.0,,
provinces,Benchmark,Training majority,Y2 Direction,2024,204,0.75,0.5,0.4285714285714285,0.4285714285714285,153.0,51.0,0.0,0.0,153.0,51.0,204.0,0.0,0.75,1.0,0.8571428571428571,,0.0,0.0,2.0,0.75,0.5,12.0,632.0,0.5620915032679739,0.7874962621214063,,,,,204,0.75,0.5,0.4285714285714285,0.4285714285714285,153.0,51.0,0.0,0.0,153.0,51.0,204.0,0.0,0.75,1.0,0.8571428571428571,,0.0,0.0,2.0,0.75,0.5,12.0,632.0,0.5620915032679739,0.7874962621214063,,,,,0.0,0.0,0.0,,
provinces,Benchmark,Training majority,Y2 Direction,2025,204,0.8431372549019608,0.5,0.4574468085106383,0.4574468085106383,172.0,32.0,0.0,0.0,172.0,32.0,204.0,0.0,0.8431372549019608,1.0,0.9148936170212766,,0.0,0.0,2.0,0.8431372549019608,0.5,12.0,430.0,0.6760537790697674,0.9020177838577292,,,,,204,0.8431372549019608,0.5,0.4574468085106383,0.4574468085106383,172.0,32.0,0.0,0.0,172.0,32.0,204.0,0.0,0.8431372549019608,1.0,0.9148936170212766,,0.0,0.0,2.0,0.8431372549019608,0.5,12.0,430.0,0.6760537790697674,0.9020177838577292,,,,,0.0,0.0,0.0,,
provinces,Benchmark,Training majority,Y3 Surge,2018,204,0.965686274509804,0.5,0.4912718204488778,0.4912718204488778,0.0,0.0,7.0,197.0,7.0,197.0,0.0,0.0,,0.0,0.0,0.965686274509804,1.0,0.9825436408977556,2.0,0.034313725490196,0.5,7.0,112.0,0.3335750543872371,0.0287114845938375,,,,,204,0.965686274509804,0.5,0.4912718204488778,0.4912718204488778,0.0,0.0,7.0,197.0,7.0,197.0,0.0,0.0,,0.0,0.0,0.965686274509804,1.0,0.9825436408977556,2.0,0.034313725490196,0.5,7.0,112.0,0.3335750543872371,0.0287114845938375,,,,,0.0,0.0,0.0,,
provinces,Benchmark,Training majority,Y3 Surge,2019,204,0.8235294117647058,0.5,0.4516129032258064,0.4516129032258064,0.0,0.0,36.0,168.0,36.0,168.0,0.0,0.0,,0.0,0.0,0.8235294117647058,1.0,0.9032258064516128,2.0,0.1764705882352941,0.5,9.0,414.0,0.2132936507936508,0.1379811183732752,,,,,204,0.8235294117647058,0.5,0.4516129032258064,0.4516129032258064,0.0,0.0,36.0,168.0,36.0,168.0,0.0,0.0,,0.0,0.0,0.8235294117647058,1.0,0.9032258064516128,2.0,0.1764705882352941,0.5,9.0,414.0,0.2132936507936508,0.1379811183732752,,,,,0.0,0.0,0.0,,
provinces,Benchmark,Training majority,Y3 Surge,2020,204,0.2254901960784313,0.5,0.184,0.184,0.0,0.0,158.0,46.0,158.0,46.0,0.0,0.0,,0.0,0.0,0.2254901960784313,1.0,0.368,2.0,0.7745098039215687,0.5,10.0,480.0,0.7876995046780407,0.908289898237776,,,,,204,0.2254901960784313,0.5,0.184,0.184,0.0,0.0,158.0,46.0,158.0,46.0,0.0,0.0,,0.0,0.0,0.2254901960784313,1.0,0.368,2.0,0.7745098039215687,0.5,10.0,480.0,0.7876995046780407,0.908289898237776,,,,,0.0,0.0,0.0,,
provinces,Benchmark,Training majority,Y3 Surge,2021,204,0.0588235294117647,0.5,0.0555555555555555,0.0555555555555555,0.0,0.0,192.0,12.0,192.0,12.0,0.0,0.0,,0.0,0.0,0.0588235294117647,1.0,0.1111111111111111,2.0,0.9411764705882352,0.5,9.0,184.0,0.30078125,0.9151348039215684,,,,,204,0.0588235294117647,0.5,0.0555555555555555,0.0555555555555555,0.0,0.0,192.0,12.0,192.0,12.0,0.0,0.0,,0.0,0.0,0.0588235294117647,1.0,0.1111111111111111,2.0,0.9411764705882352,0.5,9.0,184.0,0.30078125,0.9151348039215684,,,,,0.0,0.0,0.0,,
provinces,Benchmark,Training majority,Y3 Surge,2022,204,0.7205882352941176,0.5,0.4188034188034188,0.4188034188034188,0.0,0.0,57.0,147.0,57.0,147.0,0.0,0.0,,0.0,0.0,0.7205882352941176,1.0,0.8376068376068376,2.0,0.2794117647058823,0.5,8.0,508.0,0.1987110633727175,0.2188395826166724,,,,,204,0.7205882352941176,0.5,0.4188034188034188,0.4188034188034188,0.0,0.0,57.0,147.0,57.0,147.0,0.0,0.0,,0.0,0.0,0.7205882352941176,1.0,0.8376068376068376,2.0,0.2794117647058823,0.5,8.0,508.0,0.1987110633727175,0.2188395826166724,,,,,0.0,0.0,0.0,,
provinces,Benchmark,Training majority,Y3 Surge,2023,204,0.9411764705882352,0.5,0.4848484848484848,0.4848484848484848,0.0,0.0,12.0,192.0,12.0,192.0,0.0,0.0,,0.0,0.0,0.9411764705882352,1.0,0.9696969696969696,2.0,0.0588235294117647,0.5,7.0,182.0,0.2786458333333333,0.0482026143790849,,,,,204,0.9411764705882352,0.5,0.4848484848484848,0.4848484848484848,0.0,0.0,12.0,192.0,12.0,192.0,0.0,0.0,,0.0,0.0,0.9411764705882352,1.0,0.9696969696969696,2.0,0.0588235294117647,0.5,7.0,182.0,0.2786458333333333,0.0482026143790849,,,,,0.0,0.0,0.0,,
provinces,Benchmark,Training majority,Y3 Surge,2024,204,0.9166666666666666,0.5,0.4782608695652174,0.4782608695652174,0.0,0.0,17.0,187.0,17.0,187.0,0.0,0.0,,0.0,0.0,0.9166666666666666,1.0,0.9565217391304348,2.0,0.0833333333333333,0.5,11.0,260.0,0.588235294117647,0.0997693194925029,,,,,204,0.9166666666666666,0.5,0.4782608695652174,0.4782608695652174,0.0,0.0,17.0,187.0,17.0,187.0,0.0,0.0,,0.0,0.0,0.9166666666666666,1.0,0.9565217391304348,2.0,0.0833333333333333,0.5,11.0,260.0,0.588235294117647,0.0997693194925029,,,,,0.0,0.0,0.0,,
provinces,Benchmark,Training majority,Y3 Surge,2025,204,0.7401960784313726,0.5,0.4253521126760563,0.4253521126760563,0.0,0.0,53.0,151.0,53.0,151.0,0.0,0.0,,0.0,0.0,0.7401960784313726,1.0,0.8507042253521127,2.0,0.2598039215686274,0.5,12.0,558.0,0.261027114831938,0.2008570723887039,,,,,204,0.7401960784313726,0.5,0.4253521126760563,0.4253521126760563,0.0,0.0,53.0,151.0,53.0,151.0,0.0,0.0,,0.0,0.0,0.7401960784313726,1.0,0.8507042253521127,2.0,0.2598039215686274,0.5,12.0,558.0,0.261027114831938,0.2008570723887039,,,,,0.0,0.0,0.0,,
provinces,Benchmark,Training majority,Y4 Drop,2018,204,0.5441176470588235,0.5,0.3523809523809524,0.3523809523809524,0.0,0.0,93.0,111.0,93.0,111.0,0.0,0.0,,0.0,0.0,0.5441176470588235,1.0,0.7047619047619048,2.0,0.4558823529411764,0.5,12.0,850.0,0.5222319093286836,0.4702192705039004,,,,,204,0.5441176470588235,0.5,0.3523809523809524,0.3523809523809524,0.0,0.0,93.0,111.0,93.0,111.0,0.0,0.0,,0.0,0.0,0.5441176470588235,1.0,0.7047619047619048,2.0,0.4558823529411764,0.5,12.0,850.0,0.5222319093286836,0.4702192705039004,,,,,0.0,0.0,0.0,,
provinces,Benchmark,Training majority,Y4 Drop,2019,204,0.7401960784313726,0.5,0.4253521126760563,0.4253521126760563,0.0,0.0,53.0,151.0,53.0,151.0,0.0,0.0,,0.0,0.0,0.7401960784313726,1.0,0.8507042253521127,2.0,0.2598039215686274,0.5,12.0,576.0,0.2801449456453829,0.202645209027007,,,,,204,0.7401960784313726,0.5,0.4253521126760563,0.4253521126760563,0.0,0.0,53.0,151.0,53.0,151.0,0.0,0.0,,0.0,0.0,0.7401960784313726,1.0,0.8507042253521127,2.0,0.2598039215686274,0.5,12.0,576.0,0.2801449456453829,0.202645209027007,,,,,0.0,0.0,0.0,,
provinces,Benchmark,Training majority,Y4 Drop,2020,204,1.0,1.0,1.0,0.5,0.0,0.0,0.0,204.0,0.0,204.0,0.0,0.0,,,,1.0,1.0,1.0,1.0,0.0,,0.0,0.0,,,,,,,204,1.0,1.0,1.0,0.5,0.0,0.0,0.0,204.0,0.0,204.0,0.0,0.0,,,,1.0,1.0,1.0,1.0,0.0,,0.0,0.0,,,,,,,0.0,0.0,,,
provinces,Benchmark,Training majority,Y4 Drop,2021,204,0.9754901960784312,0.5,0.4937965260545905,0.4937965260545905,0.0,0.0,5.0,199.0,5.0,199.0,0.0,0.0,,0.0,0.0,0.9754901960784312,1.0,0.9875930521091812,2.0,0.0245098039215686,0.5,5.0,80.0,0.2180904522613065,0.0199346405228758,,,,,204,0.9754901960784312,0.5,0.4937965260545905,0.4937965260545905,0.0,0.0,5.0,199.0,5.0,199.0,0.0,0.0,,0.0,0.0,0.9754901960784312,1.0,0.9875930521091812,2.0,0.0245098039215686,0.5,5.0,80.0,0.2180904522613065,0.0199346405228758,,,,,0.0,0.0,0.0,,
provinces,Benchmark,Training majority,Y4 Drop,2022,204,0.7352941176470589,0.5,0.423728813559322,0.423728813559322,0.0,0.0,54.0,150.0,54.0,150.0,0.0,0.0,,0.0,0.0,0.7352941176470589,1.0,0.847457627118644,2.0,0.2647058823529412,0.5,12.0,530.0,0.2355555555555555,0.2042483660130719,,,,,204,0.7352941176470589,0.5,0.423728813559322,0.423728813559322,0.0,0.0,54.0,150.0,54.0,150.0,0.0,0.0,,0.0,0.0,0.7352941176470589,1.0,0.847457627118644,2.0,0.2647058823529412,0.5,12.0,530.0,0.2355555555555555,0.2042483660130719,,,,,0.0,0.0,0.0,,
provinces,Benchmark,Training majority,Y4 Drop,2023,204,0.8186274509803921,0.5,0.4501347708894879,0.4501347708894879,0.0,0.0,37.0,167.0,37.0,167.0,0.0,0.0,,0.0,0.0,0.8186274509803921,1.0,0.9002695417789758,2.0,0.1813725490196078,0.5,12.0,404.0,0.2482602362841884,0.1440999823352764,,,,,204,0.8186274509803921,0.5,0.4501347708894879,0.4501347708894879,0.0,0.0,37.0,167.0,37.0,167.0,0.0,0.0,,0.0,0.0,0.8186274509803921,1.0,0.9002695417789758,2.0,0.1813725490196078,0.5,12.0,404.0,0.2482602362841884,0.1440999823352764,,,,,0.0,0.0,0.0,,
provinces,Benchmark,Training majority,Y4 Drop,2024,204,0.9215686274509804,0.5,0.4795918367346938,0.4795918367346938,0.0,0.0,16.0,188.0,16.0,188.0,0.0,0.0,,0.0,0.0,0.9215686274509804,1.0,0.9591836734693876,2.0,0.0784313725490196,0.5,9.0,242.0,0.6695478723404256,0.1143790849673202,,,,,204,0.9215686274509804,0.5,0.4795918367346938,0.4795918367346938,0.0,0.0,16.0,188.0,16.0,188.0,0.0,0.0,,0.0,0.0,0.9215686274509804,1.0,0.9591836734693876,2.0,0.0784313725490196,0.5,9.0,242.0,0.6695478723404256,0.1143790849673202,,,,,0.0,0.0,0.0,,
provinces,Benchmark,Training majority,Y4 Drop,2025,204,0.9754901960784312,0.5,0.4937965260545905,0.4937965260545905,0.0,0.0,5.0,199.0,5.0,199.0,0.0,0.0,,0.0,0.0,0.9754901960784312,1.0,0.9875930521091812,2.0,0.0245098039215686,0.5,5.0,80.0,0.7306532663316583,0.0450980392156862,,,,,204,0.9754901960784312,0.5,0.4937965260545905,0.4937965260545905,0.0,0.0,5.0,199.0,5.0,199.0,0.0,0.0,,0.0,0.0,0.9754901960784312,1.0,0.9875930521091812,2.0,0.0245098039215686,0.5,5.0,80.0,0.7306532663316583,0.0450980392156862,,,,,0.0,0.0,0.0,,
provinces,Benchmark,Training median,Y1 Growth,2018,204,,,,,,,,,,,,,,,,,,,,,,,,,,0.0,1.168942053170689,1.8333113728573809,-0.3463460164068885,204,,,,,,,,,,,,,,,,,,,,,,,,,,0.0,1.168942053170689,1.8333113728573809,-0.3463460164068885,,,,0.0,0.0
provinces,Benchmark,Training median,Y1 Growth,2019,204,,,,,,,,,,,,,,,,,,,,,,,,,,0.0,0.6996484858649958,0.9927064846249364,-0.131170145728976,204,,,,,,,,,,,,,,,,,,,,,,,,,,0.0,0.6996484858649958,0.9927064846249364,-0.131170145728976,,,,0.0,0.0
provinces,Benchmark,Training median,Y1 Growth,2020,204,,,,,,,,,,,,,,,,,,,,,,,,,,0.0,1.7816847416791446,3.045770146273369,-0.4832422226018875,204,,,,,,,,,,,,,,,,,,,,,,,,,,0.0,1.7816847416791446,3.045770146273369,-0.4832422226018875,,,,0.0,0.0
provinces,Benchmark,Training median,Y1 Growth,2021,204,,,,,,,,,,,,,,,,,,,,,,,,,,0.0,1.975519692798924,2.258258710389333,-1.8057928329972663,204,,,,,,,,,,,,,,,,,,,,,,,,,,0.0,1.975519692798924,2.258258710389333,-1.8057928329972663,,,,0.0,0.0
provinces,Benchmark,Training median,Y1 Growth,2022,204,,,,,,,,,,,,,,,,,,,,,,,,,,0.0,1.3369942770940486,1.6858911372996204,-0.011488851356451,204,,,,,,,,,,,,,,,,,,,,,,,,,,0.0,1.3369942770940486,1.6858911372996204,-0.011488851356451,,,,0.0,0.0
provinces,Benchmark,Training median,Y1 Growth,2023,204,,,,,,,,,,,,,,,,,,,,,,,,,,0.0,0.7803925933872413,1.024185236442895,-0.0176889137085016,204,,,,,,,,,,,,,,,,,,,,,,,,,,0.0,0.7803925933872413,1.024185236442895,-0.0176889137085016,,,,0.0,0.0
provinces,Benchmark,Training median,Y1 Growth,2024,204,,,,,,,,,,,,,,,,,,,,,,,,,,0.0,0.7351569706166572,0.9926338718542436,-0.1478869435166423,204,,,,,,,,,,,,,,,,,,,,,,,,,,0.0,0.7351569706166572,0.9926338718542436,-0.1478869435166423,,,,0.0,0.0
provinces,Benchmark,Training median,Y1 Growth,2025,204,,,,,,,,,,,,,,,,,,,,,,,,,,0.0,1.0211119601467469,1.3384663126371774,-0.5835152771482544,204,,,,,,,,,,,,,,,,,,,,,,,,,,0.0,1.0211119601467469,1.3384663126371774,-0.5835152771482544,,,,0.0,0.0
provinces,Benchmark,Zero growth,Y1 Growth,2018,204,,,,,,,,,,,,,,,,,,,,,,,,,,0.0,1.1903013972641308,1.8490636242682488,-0.369581668880814,204,,,,,,,,,,,,,,,,,,,,,,,,,,0.0,1.1903013972641308,1.8490636242682488,-0.369581668880814,,,,0.0,0.0
provinces,Benchmark,Zero growth,Y1 Growth,2019,204,,,,,,,,,,,,,,,,,,,,,,,,,,0.0,0.7320806290139379,1.031786795624049,-0.2219857689532867,204,,,,,,,,,,,,,,,,,,,,,,,,,,0.0,0.7320806290139379,1.031786795624049,-0.2219857689532867,,,,0.0,0.0
provinces,Benchmark,Zero growth,Y1 Growth,2020,204,,,,,,,,,,,,,,,,,,,,,,,,,,0.0,1.6373484842867578,2.955678462981965,-0.3967934917677458,204,,,,,,,,,,,,,,,,,,,,,,,,,,0.0,1.6373484842867578,2.955678462981965,-0.3967934917677458,,,,0.0,0.0
provinces,Benchmark,Zero growth,Y1 Growth,2021,204,,,,,,,,,,,,,,,,,,,,,,,,,,0.0,1.911516188009635,2.2027069871979146,-1.66944927208844,204,,,,,,,,,,,,,,,,,,,,,,,,,,0.0,1.911516188009635,2.2027069871979146,-1.66944927208844,,,,0.0,0.0
provinces,Benchmark,Zero growth,Y1 Growth,2022,204,,,,,,,,,,,,,,,,,,,,,,,,,,0.0,1.3306111060285342,1.6779072682333198,-0.0019313270420477,204,,,,,,,,,,,,,,,,,,,,,,,,,,0.0,1.3306111060285342,1.6779072682333198,-0.0019313270420477,,,,0.0,0.0
provinces,Benchmark,Zero growth,Y1 Growth,2023,204,,,,,,,,,,,,,,,,,,,,,,,,,,0.0,0.7752741148197752,1.0152521644411845,-1.3514350178045476e-05,204,,,,,,,,,,,,,,,,,,,,,,,,,,0.0,0.7752741148197752,1.0152521644411845,-1.3514350178045476e-05,,,,0.0,0.0
provinces,Benchmark,Zero growth,Y1 Growth,2024,204,,,,,,,,,,,,,,,,,,,,,,,,,,0.0,0.7527501466829175,1.006576716952003,-0.1803605766994849,204,,,,,,,,,,,,,,,,,,,,,,,,,,0.0,0.7527501466829175,1.006576716952003,-0.1803605766994849,,,,0.0,0.0
provinces,Benchmark,Zero growth,Y1 Growth,2025,204,,,,,,,,,,,,,,,,,,,,,,,,,,0.0,1.0700146446963104,1.3862967107080473,-0.6987119935074473,204,,,,,,,,,,,,,,,,,,,,,,,,,,0.0,1.0700146446963104,1.3862967107080473,-0.6987119935074473,,,,0.0,0.0
provinces,E_M,Extra Trees,Y1 Growth,2018,204,,,,,,,,,,,,,,,,,,,,,,,,,,0.0,0.7636365257950599,1.4462854365960631,0.1620998836790674,204,,,,,,,,,,,,,,,,,,,,,,,,,,0.0,0.7793946885695522,1.449573783090808,0.1582853694194004,,,,-0.015758162774492268,0.003814514259667001
provinces,E_M,Extra Trees,Y1 Growth,2019,204,,,,,,,,,,,,,,,,,,,,,,,,,,0.0,0.6630332952331608,0.9761304369280448,-0.0937093541872635,204,,,,,,,,,,,,,,,,,,,,,,,,,,0.0,0.6973078968986725,1.0239534531742915,-0.203501530229514,,,,-0.03427460166551166,0.1097921760422505
provinces,E_M,Extra Trees,Y1 Growth,2020,204,,,,,,,,,,,,,,,,,,,,,,,,,,0.0,1.5961224523315651,2.7625543749638104,-0.2202238199358483,204,,,,,,,,,,,,,,,,,,,,,,,,,,0.0,1.616113239804886,2.786925279255408,-0.241848103929761,,,,-0.019990787473320948,0.021624283993912696
provinces,E_M,Extra Trees,Y1 Growth,2021,204,,,,,,,,,,,,,,,,,,,,,,,,,,0.0,0.941528609124755,1.662595595002096,-0.5208327792004199,204,,,,,,,,,,,,,,,,,,,,,,,,,,0.0,0.9432222513867664,1.6996910988647909,-0.5894549148174042,,,,-0.0016936422620114078,0.06862213561698427
provinces,E_M,Extra Trees,Y1 Growth,2022,204,,,,,,,,,,,,,,,,,,,,,,,,,,0.0,1.1625841824818637,1.696988694741412,-0.0248491454357631,204,,,,,,,,,,,,,,,,,,,,,,,,,,0.0,1.1067290364799658,1.7066011521756983,-0.0364923812727329,,,,0.05585514600189789,0.011643235836969804
provinces,E_M,Extra Trees,Y1 Growth,2023,204,,,,,,,,,,,,,,,,,,,,,,,,,,0.0,0.7243641760054335,0.91205269727119,0.1929547510601985,204,,,,,,,,,,,,,,,,,,,,,,,,,,0.0,0.7584289168440824,0.9464683523988604,0.1308990699851917,,,,-0.034064740838648966,0.06205568107500678
provinces,E_M,Extra Trees,Y1 Growth,2024,204,,,,,,,,,,,,,,,,,,,,,,,,,,0.0,0.4547830716636744,0.6754920448287045,0.4684288378410757,204,,,,,,,,,,,,,,,,,,,,,,,,,,0.0,0.4459490586729688,0.677602754079288,0.4651016480635948,,,,0.008834012990705575,0.003327189777480921
provinces,E_M,Extra Trees,Y1 Growth,2025,204,,,,,,,,,,,,,,,,,,,,,,,,,,0.0,0.6059076042612911,0.8307316009486782,0.3900014114648927,204,,,,,,,,,,,,,,,,,,,,,,,,,,0.0,0.609740766240938,0.827349715776886,0.394957876544322,,,,-0.003833161979646893,-0.0049564650794293175
provinces,E_M,Extra Trees,Y2 Direction,2018,204,0.8578431372549019,0.6613372093023255,0.6855700239170874,0.6855700239170874,12.0,9.0,20.0,163.0,32.0,172.0,21.0,0.0,0.5714285714285714,0.375,0.4528301886792453,0.8907103825136612,0.9476744186046512,0.9183098591549296,2.0,0.1568627450980392,0.9017857142857144,12.0,448.0,0.8315770348837209,0.586732089224484,,,,,204,0.8578431372549019,0.6613372093023255,0.6855700239170874,0.6855700239170874,12.0,9.0,20.0,163.0,32.0,172.0,21.0,0.0,0.5714285714285714,0.375,0.4528301886792453,0.8907103825136612,0.9476744186046512,0.9183098591549296,2.0,0.1568627450980392,0.8973214285714286,12.0,448.0,0.8303052325581395,0.5680089506065394,,,,,0.0,0.0,0.0,,
provinces,E_M,Extra Trees,Y2 Direction,2019,204,0.7647058823529411,0.6174466151749205,0.6195804195804195,0.6195804195804195,15.0,1.0,47.0,141.0,62.0,142.0,16.0,0.0,0.9375,0.2419354838709677,0.3846153846153846,0.75,0.9929577464788732,0.8545454545454545,2.0,0.3039215686274509,0.9307228915662652,12.0,664.0,0.8964107223989096,0.8094174207842323,,,,,204,0.7794117647058824,0.6416401635620173,0.6534148827726809,0.6534148827726809,18.0,1.0,44.0,141.0,62.0,142.0,19.0,0.0,0.9473684210526316,0.2903225806451613,0.4444444444444444,0.7621621621621621,0.9929577464788732,0.8623853211009175,2.0,0.3039215686274509,0.9563253012048192,12.0,664.0,0.9127669241253976,0.8317448778129211,,,,,-0.014705882352941235,-0.033834463192261355,-0.05982905982905984,,
provinces,E_M,Extra Trees,Y2 Direction,2020,204,0.7990196078431373,0.8253201970443349,0.7100565050091865,0.7100565050091865,138.0,4.0,37.0,25.0,175.0,29.0,142.0,0.0,0.971830985915493,0.7885714285714286,0.8706624605678234,0.4032258064516129,0.8620689655172413,0.5494505494505495,2.0,0.8578431372549019,0.8212290502793296,8.0,358.0,0.9060098522167488,0.9833570658323676,,,,,204,0.7941176470588235,0.822463054187192,0.7052834342322509,0.7052834342322509,137.0,4.0,38.0,25.0,175.0,29.0,141.0,0.0,0.9716312056737588,0.7828571428571428,0.8670886075949367,0.3968253968253968,0.8620689655172413,0.5434782608695652,2.0,0.8578431372549019,0.8435754189944135,8.0,358.0,0.9221674876847292,0.9864998253596506,,,,,0.004901960784313819,0.004773070776935562,0.003573852972886704,,
provinces,E_M,Extra Trees,Y2 Direction,2021,204,0.9509803921568628,0.5948453608247423,0.6301667875271937,0.6301667875271937,192.0,8.0,2.0,2.0,194.0,10.0,200.0,0.0,0.96,0.9896907216494846,0.9746192893401016,0.5,0.2,0.2857142857142857,2.0,0.9509803921568628,0.993421052631579,7.0,152.0,0.984020618556701,0.9991949543032022,,,,,204,0.9558823529411764,0.5974226804123711,0.6424537487828628,0.6424537487828628,193.0,8.0,1.0,2.0,194.0,10.0,201.0,0.0,0.9601990049751244,0.9948453608247424,0.9772151898734176,0.6666666666666666,0.2,0.3076923076923077,2.0,0.9509803921568628,0.993421052631579,7.0,152.0,0.9793814432989691,0.9989363222269668,,,,,-0.004901960784313597,-0.012286961255669082,-0.0025959005333160423,,
provinces,E_M,Extra Trees,Y2 Direction,2022,204,0.6862745098039216,0.6351311523725316,0.6104547081990691,0.6104547081990691,115.0,62.0,2.0,25.0,117.0,87.0,177.0,0.0,0.6497175141242938,0.9829059829059827,0.782312925170068,0.925925925925926,0.2873563218390804,0.4385964912280701,2.0,0.5735294117647058,0.8142361111111112,12.0,576.0,0.7879948914431673,0.7860334392151981,,,,,204,0.7401960784313726,0.6998231653404067,0.6970325328551013,0.6970325328551013,114.0,50.0,3.0,37.0,117.0,87.0,164.0,0.0,0.6951219512195121,0.9743589743589745,0.8113879003558719,0.925,0.425287356321839,0.5826771653543307,2.0,0.5735294117647058,0.8472222222222222,12.0,576.0,0.8092150505943609,0.7974337468824206,,,,,-0.05392156862745101,-0.08657782465603214,-0.02907497518580393,,
provinces,E_M,Extra Trees,Y2 Direction,2023,204,0.5441176470588235,0.5757253384912959,0.4771681318378482,0.4771681318378482,19.0,2.0,91.0,92.0,110.0,94.0,21.0,0.0,0.9047619047619048,0.1727272727272727,0.2900763358778626,0.5027322404371585,0.9787234042553192,0.6642599277978339,2.0,0.5392156862745098,0.7527472527472527,12.0,546.0,0.7435203094777563,0.7950245299134254,,,,,204,0.553921568627451,0.584816247582205,0.4924401913875598,0.4924401913875598,21.0,2.0,89.0,92.0,110.0,94.0,23.0,0.0,0.9130434782608696,0.1909090909090909,0.3157894736842105,0.5082872928176796,0.9787234042553192,0.6690909090909091,2.0,0.5392156862745098,0.7857142857142857,12.0,546.0,0.7578336557059963,0.7941547103157269,,,,,-0.009803921568627527,-0.015272059549711614,-0.02571313780634793,,
provinces,E_M,Extra Trees,Y2 Direction,2024,204,0.8480392156862745,0.7352941176470589,0.7655607043558851,0.7655607043558851,147.0,25.0,6.0,26.0,153.0,51.0,172.0,0.0,0.8546511627906976,0.9607843137254902,0.9046153846153846,0.8125,0.5098039215686274,0.6265060240963856,2.0,0.75,0.8212025316455697,12.0,632.0,0.8081507112648981,0.903687482910165,,,,,204,0.8431372549019608,0.7320261437908497,0.7601410934744268,0.7601410934744268,146.0,25.0,7.0,26.0,153.0,51.0,171.0,0.0,0.8538011695906432,0.954248366013072,0.9012345679012346,0.7878787878787878,0.5098039215686274,0.6190476190476191,2.0,0.75,0.8212025316455697,12.0,632.0,0.801358451877483,0.9017410526021936,,,,,0.004901960784313708,0.005419610881458259,0.0033808167141500256,,
provinces,E_M,Extra Trees,Y2 Direction,2025,204,0.9068627450980392,0.7794331395348837,0.8062678062678063,0.8062678062678063,166.0,13.0,6.0,19.0,172.0,32.0,179.0,0.0,0.9273743016759776,0.9651162790697676,0.945868945868946,0.76,0.59375,0.6666666666666666,2.0,0.8431372549019608,0.9,12.0,430.0,0.9195130813953488,0.9833666203850234,,,,,204,0.9068627450980392,0.7794331395348837,0.8062678062678063,0.8062678062678063,166.0,13.0,6.0,19.0,172.0,32.0,179.0,0.0,0.9273743016759776,0.9651162790697676,0.945868945868946,0.76,0.59375,0.6666666666666666,2.0,0.8431372549019608,0.8860465116279069,12.0,430.0,0.9173328488372092,0.9824755840632527,,,,,0.0,0.0,0.0,,
provinces,E_M,Extra Trees,Y3 Surge,2018,204,0.965686274509804,0.7066715010877447,0.7219084712755599,0.7219084712755599,3.0,3.0,4.0,194.0,7.0,197.0,6.0,0.0,0.5,0.4285714285714285,0.4615384615384615,0.9797979797979798,0.9847715736040608,0.9822784810126582,2.0,0.034313725490196,0.9732142857142856,7.0,112.0,0.92675852066715,0.335904609982951,,,,,204,0.965686274509804,0.7066715010877447,0.7219084712755599,0.7219084712755599,3.0,3.0,4.0,194.0,7.0,197.0,6.0,0.0,0.5,0.4285714285714285,0.4615384615384615,0.9797979797979798,0.9847715736040608,0.9822784810126582,2.0,0.034313725490196,0.9910714285714286,7.0,112.0,0.9789702683103698,0.5252834467120181,,,,,0.0,0.0,0.0,,
provinces,E_M,Extra Trees,Y3 Surge,2019,204,0.8235294117647058,0.5218253968253969,0.5010869565217392,0.5010869565217392,2.0,2.0,34.0,166.0,36.0,168.0,4.0,0.0,0.5,0.0555555555555555,0.1,0.83,0.988095238095238,0.9021739130434784,2.0,0.1764705882352941,0.6980676328502415,9.0,414.0,0.5820105820105821,0.3064965230393405,,,,,204,0.8235294117647058,0.5,0.4516129032258064,0.4516129032258064,0.0,0.0,36.0,168.0,36.0,168.0,0.0,0.0,,0.0,0.0,0.8235294117647058,1.0,0.9032258064516128,2.0,0.1764705882352941,0.7016908212560387,9.0,414.0,0.6474041005291005,0.3702568591594686,,,,,0.0,0.049474053295932796,0.1,,
provinces,E_M,Extra Trees,Y3 Surge,2020,204,0.696078431372549,0.7960924600990644,0.6749588815789473,0.6749588815789473,97.0,1.0,61.0,45.0,158.0,46.0,98.0,0.0,0.9897959183673468,0.6139240506329114,0.7578125,0.4245283018867924,0.9782608695652174,0.5921052631578947,2.0,0.7745098039215687,0.8229166666666666,10.0,480.0,0.8914419372592185,0.9672716260128902,,,,,204,0.6568627450980392,0.7707760044028619,0.6401209677419355,0.6401209677419355,89.0,1.0,69.0,45.0,158.0,46.0,90.0,0.0,0.9888888888888888,0.5632911392405063,0.717741935483871,0.3947368421052631,0.9782608695652174,0.5625,2.0,0.7745098039215687,0.875,10.0,480.0,0.8959823885525592,0.9673498528133936,,,,,0.039215686274509776,0.03483791383701185,0.040070564516129004,,
provinces,E_M,Extra Trees,Y3 Surge,2021,204,0.7598039215686274,0.4036458333333333,0.4317548746518105,0.4317548746518105,155.0,12.0,37.0,0.0,192.0,12.0,167.0,0.0,0.9281437125748504,0.8072916666666666,0.8635097493036211,0.0,0.0,0.0,2.0,0.9411764705882352,0.6521739130434783,9.0,184.0,0.4214409722222222,0.9395000987539838,,,,,204,0.7598039215686274,0.4036458333333333,0.4317548746518105,0.4317548746518105,155.0,12.0,37.0,0.0,192.0,12.0,167.0,0.0,0.9281437125748504,0.8072916666666666,0.8635097493036211,0.0,0.0,0.0,2.0,0.9411764705882352,0.625,9.0,184.0,0.439236111111111,0.944500256798726,,,,,0.0,0.0,0.0,,
provinces,E_M,Extra Trees,Y3 Surge,2022,204,0.5882352941176471,0.5531686358754028,0.5400966183574879,0.5400966183574879,27.0,54.0,30.0,93.0,57.0,147.0,81.0,0.0,0.3333333333333333,0.4736842105263157,0.391304347826087,0.7560975609756098,0.6326530612244898,0.6888888888888889,2.0,0.2794117647058823,0.8307086614173228,8.0,508.0,0.659625253610216,0.3774874343972682,,,,,204,0.6127450980392157,0.5701754385964912,0.5593711551606289,0.5593711551606289,27.0,49.0,30.0,98.0,57.0,147.0,76.0,0.0,0.3552631578947368,0.4736842105263157,0.4060150375939849,0.765625,0.6666666666666666,0.7127272727272728,2.0,0.2794117647058823,0.889763779527559,8.0,508.0,0.6768110753073159,0.3872697114726612,,,,,-0.02450980392156865,-0.01927453680314095,-0.014710689767897911,,
provinces,E_M,Extra Trees,Y3 Surge,2023,204,0.9411764705882352,0.5,0.4848484848484848,0.4848484848484848,0.0,0.0,12.0,192.0,12.0,192.0,0.0,0.0,,0.0,0.0,0.9411764705882352,1.0,0.9696969696969696,2.0,0.0588235294117647,0.9010989010989012,7.0,182.0,0.8559027777777777,0.1956545439398689,,,,,204,0.9411764705882352,0.5,0.4848484848484848,0.4848484848484848,0.0,0.0,12.0,192.0,12.0,192.0,0.0,0.0,,0.0,0.0,0.9411764705882352,1.0,0.9696969696969696,2.0,0.0588235294117647,0.8681318681318682,7.0,182.0,0.8315972222222222,0.1918659996064991,,,,,0.0,0.0,0.0,,
provinces,E_M,Extra Trees,Y3 Surge,2024,204,0.8872549019607843,0.5641711229946524,0.5731052679465017,0.5731052679465017,3.0,9.0,14.0,178.0,17.0,187.0,12.0,0.0,0.25,0.1764705882352941,0.2068965517241379,0.9270833333333334,0.9518716577540108,0.9393139841688656,2.0,0.0833333333333333,0.8384615384615385,11.0,260.0,0.8669392890846177,0.2641777073402456,,,,,204,0.9068627450980392,0.5481283422459893,0.5622811970638057,0.5622811970638057,2.0,4.0,15.0,183.0,17.0,187.0,6.0,0.0,0.3333333333333333,0.1176470588235294,0.1739130434782608,0.9242424242424242,0.9786096256684492,0.9506493506493506,2.0,0.0833333333333333,0.8846153846153846,11.0,260.0,0.8760616546083675,0.3313772385107766,,,,,-0.019607843137254943,0.01082407088269599,0.03298350824587709,,
provinces,E_M,Extra Trees,Y3 Surge,2025,204,0.7745098039215687,0.5721604398350618,0.5625582696252098,0.5625582696252098,8.0,1.0,45.0,150.0,53.0,151.0,9.0,0.0,0.8888888888888888,0.1509433962264151,0.2580645161290322,0.7692307692307693,0.9933774834437086,0.8670520231213873,2.0,0.2598039215686274,0.8924731182795699,12.0,558.0,0.8650506060227414,0.6705757185180743,,,,,204,0.7745098039215687,0.5782831438210672,0.5737645348837209,0.5737645348837209,9.0,2.0,44.0,149.0,53.0,151.0,11.0,0.0,0.8181818181818182,0.1698113207547169,0.28125,0.772020725388601,0.9867549668874172,0.8662790697674418,2.0,0.2598039215686274,0.9032258064516128,12.0,558.0,0.8784205922778958,0.7026298498829641,,,,,0.0,-0.011206265258511094,-0.023185483870967805,,
provinces,E_M,Extra Trees,Y4 Drop,2018,204,0.7696078431372549,0.7621331008427783,0.7641618497109827,0.7641618497109827,63.0,17.0,30.0,94.0,93.0,111.0,80.0,0.0,0.7875,0.6774193548387096,0.7283236994219653,0.7580645161290323,0.8468468468468469,0.8,2.0,0.4558823529411764,0.8752941176470588,12.0,850.0,0.85759953501889,0.8762353888700357,,,,,204,0.8088235294117647,0.8016564952048824,0.8043045135899642,0.8043045135899642,67.0,13.0,26.0,98.0,93.0,111.0,80.0,0.0,0.8375,0.7204301075268817,0.7745664739884393,0.7903225806451613,0.8828828828828829,0.8340425531914893,2.0,0.4558823529411764,0.8929411764705882,12.0,850.0,0.8736801317446479,0.8889118215703252,,,,,-0.039215686274509776,-0.04014266387898158,-0.046242774566473965,,
provinces,E_M,Extra Trees,Y4 Drop,2019,204,0.7892156862745098,0.8270023741097089,0.7653980904495734,0.7653980904495734,48.0,38.0,5.0,113.0,53.0,151.0,86.0,0.0,0.5581395348837209,0.9056603773584906,0.6906474820143885,0.9576271186440678,0.7483443708609272,0.8401486988847584,2.0,0.2598039215686274,0.8923611111111112,12.0,576.0,0.8558040734724479,0.5731080961834139,,,,,204,0.7843137254901961,0.8236911158315632,0.7607675906183369,0.7607675906183369,48.0,39.0,5.0,112.0,53.0,151.0,87.0,0.0,0.5517241379310345,0.9056603773584906,0.6857142857142857,0.9572649572649572,0.7417218543046358,0.835820895522388,2.0,0.2598039215686274,0.8802083333333334,12.0,576.0,0.8288141946769961,0.5322737139984869,,,,,0.004901960784313708,0.004630499831236534,0.0049331963001028045,,
provinces,E_M,Extra Trees,Y4 Drop,2020,204,1.0,1.0,1.0,0.5,0.0,0.0,0.0,204.0,0.0,204.0,0.0,0.0,,,,1.0,1.0,1.0,1.0,0.0,,0.0,0.0,,,,,,,204,0.9754901960784312,0.9754901960784312,0.4937965260545905,0.4937965260545905,0.0,5.0,0.0,199.0,0.0,204.0,5.0,0.0,0.0,,0.0,1.0,0.9754901960784312,0.9875930521091812,1.0,0.0,,0.0,0.0,,,,,,,0.024509803921568762,0.5062034739454095,,,
provinces,E_M,Extra Trees,Y4 Drop,2021,204,0.9803921568627452,0.6,0.6616915422885572,0.6616915422885572,1.0,0.0,4.0,199.0,5.0,199.0,1.0,0.0,1.0,0.2,0.3333333333333333,0.9802955665024632,1.0,0.9900497512437813,2.0,0.0245098039215686,1.0,5.0,80.0,0.9979899497487436,0.9266666666666664,,,,,204,0.9754901960784312,0.5,0.4937965260545905,0.4937965260545905,0.0,0.0,5.0,199.0,5.0,199.0,0.0,0.0,,0.0,0.0,0.9754901960784312,1.0,0.9875930521091812,2.0,0.0245098039215686,1.0,5.0,80.0,0.9989949748743718,0.9666666666666666,,,,,0.00490196078431393,0.1678950162339667,0.3333333333333333,,
provinces,E_M,Extra Trees,Y4 Drop,2022,204,0.8333333333333334,0.702962962962963,0.735670731707317,0.735670731707317,23.0,3.0,31.0,147.0,54.0,150.0,26.0,0.0,0.8846153846153846,0.4259259259259259,0.575,0.8258426966292135,0.98,0.8963414634146342,2.0,0.2647058823529412,0.8075471698113208,12.0,530.0,0.884320987654321,0.7801763552437811,,,,,204,0.8284313725490197,0.6877777777777778,0.7198571820928317,0.7198571820928317,21.0,2.0,33.0,148.0,54.0,150.0,23.0,0.0,0.9130434782608696,0.3888888888888889,0.5454545454545454,0.8176795580110497,0.9866666666666668,0.8942598187311178,2.0,0.2647058823529412,0.8377358490566038,12.0,530.0,0.8881481481481481,0.7887459776352272,,,,,0.004901960784313708,0.015813549614485334,0.02954545454545454,,
provinces,E_M,Extra Trees,Y4 Drop,2023,204,0.6617647058823529,0.7092571613529697,0.6055706559811697,0.6055706559811697,29.0,61.0,8.0,106.0,37.0,167.0,90.0,0.0,0.3222222222222222,0.7837837837837838,0.4566929133858268,0.9298245614035088,0.6347305389221557,0.7544483985765125,2.0,0.1813725490196078,0.7747524752475248,12.0,404.0,0.8025570480660301,0.5040964442951792,,,,,204,0.6911764705882353,0.7587797378216541,0.639868859808894,0.639868859808894,32.0,58.0,5.0,109.0,37.0,167.0,90.0,0.0,0.3555555555555555,0.8648648648648649,0.5039370078740157,0.956140350877193,0.6526946107784432,0.7758007117437722,2.0,0.1813725490196078,0.7995049504950495,12.0,404.0,0.8337918757080434,0.5365693780052797,,,,,-0.02941176470588236,-0.034298203827724305,-0.04724409448818895,,
provinces,E_M,Extra Trees,Y4 Drop,2024,204,0.946078431372549,0.7420212765957447,0.7818606007582385,0.7818606007582385,8.0,3.0,8.0,185.0,16.0,188.0,11.0,0.0,0.7272727272727273,0.5,0.5925925925925926,0.9585492227979274,0.9840425531914894,0.9711286089238844,2.0,0.0784313725490196,1.0,9.0,242.0,0.9823803191489362,0.8021790310330364,,,,,204,0.9411764705882352,0.7107712765957447,0.7535239629480467,0.7535239629480467,7.0,3.0,9.0,185.0,16.0,188.0,10.0,0.0,0.7,0.4375,0.5384615384615384,0.9536082474226804,0.9840425531914894,0.9685863874345548,2.0,0.0784313725490196,1.0,9.0,242.0,0.9787234042553192,0.743499588861431,,,,,0.004901960784313819,0.0283366378101918,0.054131054131054124,,
provinces,E_M,Extra Trees,Y4 Drop,2025,204,0.9362745098039216,0.5773869346733669,0.5501272264631043,0.5501272264631043,1.0,9.0,4.0,190.0,5.0,199.0,10.0,0.0,0.1,0.2,0.1333333333333333,0.979381443298969,0.9547738693467336,0.9669211195928752,2.0,0.0245098039215686,0.9375,5.0,80.0,0.9336683417085428,0.192121212121212,,,,,204,0.9411764705882352,0.5798994974874372,0.5562001450326324,0.5562001450326324,1.0,8.0,4.0,191.0,5.0,199.0,9.0,0.0,0.1111111111111111,0.2,0.1428571428571428,0.9794871794871794,0.9597989949748744,0.9695431472081218,2.0,0.0245098039215686,0.9375,5.0,80.0,0.92964824120603,0.199609250398724,,,,,-0.004901960784313597,-0.006072918569528074,-0.00952380952380949,,
provinces,E_M,Linear,Y1 Growth,2018,204,,,,,,,,,,,,,,,,,,,,,,,,,,0.0,0.9332866665376478,1.6218284840977957,-0.0536444207490829,204,,,,,,,,,,,,,,,,,,,,,,,,,,0.0,0.9244214125486732,1.6067487145005837,-0.0341419288642403,,,,0.008865253988974642,-0.0195024918848426
provinces,E_M,Linear,Y1 Growth,2019,204,,,,,,,,,,,,,,,,,,,,,,,,,,0.0,0.7779902479875914,1.0765066674564647,-0.3302083355211356,204,,,,,,,,,,,,,,,,,,,,,,,,,,0.0,0.7851592951015717,1.105138727744011,-0.4019089666507511,,,,-0.007169047113980254,0.0717006311296155
provinces,E_M,Linear,Y1 Growth,2020,204,,,,,,,,,,,,,,,,,,,,,,,,,,0.0,1.3626122182793448,2.552465633451514,-0.0416879384967798,204,,,,,,,,,,,,,,,,,,,,,,,,,,0.0,1.3456268131354356,2.5023546192280226,-0.0011877785536034,,,,0.016985405143909116,-0.0405001599431764
provinces,E_M,Linear,Y1 Growth,2021,204,,,,,,,,,,,,,,,,,,,,,,,,,,0.0,0.9939029987301988,1.5040933433052162,-0.2446802312063887,204,,,,,,,,,,,,,,,,,,,,,,,,,,0.0,1.045681586696796,1.6977720696636966,-0.5858678059790023,,,,-0.05177858796659707,0.34118757477261363
provinces,E_M,Linear,Y1 Growth,2022,204,,,,,,,,,,,,,,,,,,,,,,,,,,0.0,0.8921795550436498,1.5580489588813575,0.1360984641314165,204,,,,,,,,,,,,,,,,,,,,,,,,,,0.0,0.9014630899525355,1.5540776298618302,0.1404968686481792,,,,-0.009283534908885782,-0.004398404516762711
provinces,E_M,Linear,Y1 Growth,2023,204,,,,,,,,,,,,,,,,,,,,,,,,,,0.0,1.1602459779718317,1.2922374798559857,-0.6201032277573537,204,,,,,,,,,,,,,,,,,,,,,,,,,,0.0,1.0770657862294486,1.2327669406338355,-0.474415811868349,,,,0.08318019174238311,-0.1456874158890047
provinces,E_M,Linear,Y1 Growth,2024,204,,,,,,,,,,,,,,,,,,,,,,,,,,0.0,0.662837587199924,0.9153257989282124,0.0239493803289149,204,,,,,,,,,,,,,,,,,,,,,,,,,,0.0,0.6787706711075583,0.9601004705287948,-0.0738764040882773,,,,-0.01593308390763426,0.0978257844171922
provinces,E_M,Linear,Y1 Growth,2025,204,,,,,,,,,,,,,,,,,,,,,,,,,,0.0,0.7411385809989756,0.9342023454147989,0.2285828778706727,204,,,,,,,,,,,,,,,,,,,,,,,,,,0.0,0.7408180557807093,0.937456627033434,0.2231990741137279,,,,0.00032052521826630986,0.005383803756944777
provinces,E_M,Linear,Y2 Direction,2018,204,0.75,0.5846656976744187,0.5745655285217747,0.5745655285217747,11.0,30.0,21.0,142.0,32.0,172.0,41.0,0.0,0.2682926829268293,0.34375,0.3013698630136986,0.8711656441717791,0.8255813953488372,0.8477611940298507,2.0,0.1568627450980392,0.7410714285714286,12.0,448.0,0.6535247093023255,0.2573898437228787,,,,,204,0.75,0.5846656976744187,0.5745655285217747,0.5745655285217747,11.0,30.0,21.0,142.0,32.0,172.0,41.0,0.0,0.2682926829268293,0.34375,0.3013698630136986,0.8711656441717791,0.8255813953488372,0.8477611940298507,2.0,0.1568627450980392,0.7366071428571429,12.0,448.0,0.6546148255813953,0.2576851352346832,,,,,0.0,0.0,0.0,,
provinces,E_M,Linear,Y2 Direction,2019,204,0.75,0.6704906860517946,0.6807707649351048,0.6807707649351048,29.0,18.0,33.0,124.0,62.0,142.0,47.0,0.0,0.6170212765957447,0.4677419354838709,0.5321100917431193,0.7898089171974523,0.8732394366197183,0.8294314381270903,2.0,0.3039215686274509,0.8644578313253012,12.0,664.0,0.7828259881871876,0.5573611110503217,,,,,204,0.7352941176470589,0.6462971376646979,0.6558790453579908,0.6558790453579908,26.0,18.0,36.0,124.0,62.0,142.0,44.0,0.0,0.5909090909090909,0.4193548387096774,0.490566037735849,0.775,0.8732394366197183,0.8211920529801324,2.0,0.3039215686274509,0.875,12.0,664.0,0.8003180372557929,0.5781296439196716,,,,,0.014705882352941124,0.024891719577114002,0.04154405400727029,,
provinces,E_M,Linear,Y2 Direction,2020,204,0.8725490196078431,0.7243349753694581,0.7309253246753247,0.7309253246753247,163.0,14.0,12.0,15.0,175.0,29.0,177.0,0.0,0.9209039548022598,0.9314285714285714,0.9261363636363636,0.5555555555555556,0.5172413793103449,0.5357142857142857,2.0,0.8578431372549019,0.7793296089385475,8.0,358.0,0.8717241379310344,0.9758653203134984,,,,,204,0.8676470588235294,0.7502463054187192,0.7397836254547172,0.7397836254547172,160.0,12.0,15.0,17.0,175.0,29.0,172.0,0.0,0.9302325581395348,0.9142857142857144,0.9221902017291066,0.53125,0.5862068965517241,0.5573770491803278,2.0,0.8578431372549019,0.7877094972067039,8.0,358.0,0.8813793103448275,0.9779431317306088,,,,,0.004901960784313708,-0.008858300779392536,0.003946161907257051,,
provinces,E_M,Linear,Y2 Direction,2021,204,0.946078431372549,0.8768041237113402,0.7818606007582385,0.7818606007582385,185.0,2.0,9.0,8.0,194.0,10.0,187.0,0.0,0.9893048128342246,0.9536082474226804,0.9711286089238844,0.4705882352941176,0.8,0.5925925925925926,2.0,0.9509803921568628,0.9144736842105264,7.0,152.0,0.9536082474226804,0.9975660237503652,,,,,204,0.9362745098039216,0.7768041237113402,0.7230287206266319,0.7230287206266319,185.0,4.0,9.0,6.0,194.0,10.0,189.0,0.0,0.9788359788359788,0.9536082474226804,0.9660574412532638,0.4,0.6,0.48,2.0,0.9509803921568628,0.8223684210526315,7.0,152.0,0.8814432989690723,0.992719737731675,,,,,0.009803921568627416,0.05883188013160656,0.005071167670620658,,
provinces,E_M,Linear,Y2 Direction,2022,204,0.5686274509803921,0.6003536693191865,0.561504640937958,0.561504640937958,45.0,16.0,72.0,71.0,117.0,87.0,61.0,0.0,0.7377049180327869,0.3846153846153846,0.5056179775280899,0.4965034965034965,0.8160919540229885,0.6173913043478261,2.0,0.5735294117647058,0.6822916666666666,12.0,576.0,0.6877885843403085,0.726433548528283,,,,,204,0.5735294117647058,0.6046271735926908,0.5670269083457344,0.5670269083457344,46.0,16.0,71.0,71.0,117.0,87.0,62.0,0.0,0.7419354838709677,0.3931623931623931,0.5139664804469274,0.5,0.8160919540229885,0.6200873362445415,2.0,0.5735294117647058,0.6996527777777778,12.0,576.0,0.6857255133117202,0.7302745337622092,,,,,-0.004901960784313708,-0.005522267407776393,-0.008348502918837486,,
provinces,E_M,Linear,Y2 Direction,2023,204,0.4607843137254901,0.5,0.3154362416107382,0.3154362416107382,0.0,0.0,110.0,94.0,110.0,94.0,0.0,0.0,,0.0,0.0,0.4607843137254901,1.0,0.6308724832214765,2.0,0.5392156862745098,0.652014652014652,12.0,546.0,0.6872340425531915,0.6979674472912453,,,,,204,0.4656862745098039,0.5045454545454545,0.3255073255073255,0.3255073255073255,1.0,0.0,109.0,94.0,110.0,94.0,1.0,0.0,1.0,0.009090909090909,0.018018018018018,0.4630541871921182,1.0,0.632996632996633,2.0,0.5392156862745098,0.6428571428571429,12.0,546.0,0.663926499032882,0.670214445304847,,,,,-0.004901960784313764,-0.010071083896587285,-0.018018018018018,,
provinces,E_M,Linear,Y2 Direction,2024,204,0.8186274509803921,0.6372549019607843,0.6614487553263064,0.6614487553263064,153.0,37.0,0.0,14.0,153.0,51.0,190.0,0.0,0.8052631578947368,1.0,0.892128279883382,1.0,0.2745098039215686,0.4307692307692308,2.0,0.75,0.8496835443037974,12.0,632.0,0.7931564782775855,0.9045969533755246,,,,,204,0.8088235294117647,0.630718954248366,0.6517704731474592,0.6517704731474592,151.0,37.0,2.0,14.0,153.0,51.0,188.0,0.0,0.8031914893617021,0.9869281045751634,0.8856304985337243,0.875,0.2745098039215686,0.417910447761194,2.0,0.75,0.8259493670886076,12.0,632.0,0.7766243752402922,0.9009109775161382,,,,,0.009803921568627416,0.009678282178847253,0.0064977813496576164,,
provinces,E_M,Linear,Y2 Direction,2025,204,0.9117647058823528,0.71875,0.7794859476339179,0.7794859476339179,172.0,18.0,0.0,14.0,172.0,32.0,190.0,0.0,0.9052631578947368,1.0,0.9502762430939228,1.0,0.4375,0.6086956521739131,2.0,0.8431372549019608,0.8488372093023255,12.0,430.0,0.8826308139534884,0.97355137347188,,,,,204,0.9215686274509804,0.75,0.8111111111111111,0.8111111111111111,172.0,16.0,0.0,16.0,172.0,32.0,188.0,0.0,0.9148936170212766,1.0,0.9555555555555556,1.0,0.5,0.6666666666666666,2.0,0.8431372549019608,0.8488372093023255,12.0,430.0,0.8942587209302325,0.9769680685183144,,,,,-0.009803921568627638,-0.03162516347719324,-0.0052793124616328235,,
provinces,E_M,Linear,Y3 Surge,2018,204,0.9411764705882352,0.9006526468455403,0.734375,0.734375,6.0,11.0,1.0,186.0,7.0,197.0,17.0,0.0,0.3529411764705882,0.8571428571428571,0.5,0.9946524064171124,0.9441624365482234,0.96875,2.0,0.034313725490196,0.8660714285714286,7.0,112.0,0.8629441624365481,0.8622448979591835,,,,,204,0.9950980392156864,0.9285714285714286,0.9602726387536514,0.9602726387536514,6.0,0.0,1.0,197.0,7.0,197.0,6.0,0.0,1.0,0.8571428571428571,0.9230769230769232,0.9949494949494948,1.0,0.9974683544303796,2.0,0.034313725490196,0.8660714285714286,7.0,112.0,0.8752719361856417,0.862729449321628,,,,,-0.05392156862745123,-0.22589763875365143,-0.42307692307692324,,
provinces,E_M,Linear,Y3 Surge,2019,204,0.8382352941176471,0.6071428571428572,0.6302521008403361,0.6302521008403361,9.0,6.0,27.0,162.0,36.0,168.0,15.0,0.0,0.6,0.25,0.3529411764705882,0.8571428571428571,0.9642857142857144,0.907563025210084,2.0,0.1764705882352941,0.8236714975845411,9.0,414.0,0.8275462962962963,0.5440905596642966,,,,,204,0.8578431372549019,0.6190476190476191,0.6513231567159781,0.6513231567159781,9.0,2.0,27.0,166.0,36.0,168.0,11.0,0.0,0.8181818181818182,0.25,0.3829787234042553,0.8601036269430051,0.988095238095238,0.9196675900277008,2.0,0.1764705882352941,0.8164251207729468,9.0,414.0,0.8291997354497355,0.5687764583354146,,,,,-0.019607843137254832,-0.021071055875641953,-0.030037546933667114,,
provinces,E_M,Linear,Y3 Surge,2020,204,0.8088235294117647,0.5914969730324712,0.6023391812865497,0.6023391812865497,156.0,37.0,2.0,9.0,158.0,46.0,193.0,0.0,0.8082901554404145,0.9873417721518988,0.8888888888888888,0.8181818181818182,0.1956521739130435,0.3157894736842105,2.0,0.7745098039215687,0.7729166666666667,10.0,480.0,0.840946615299945,0.9446961353912064,,,,,204,0.8284313725490197,0.6503852504127683,0.6797488226059655,0.6797488226059655,154.0,31.0,4.0,15.0,158.0,46.0,185.0,0.0,0.8324324324324325,0.9746835443037974,0.8979591836734694,0.7894736842105263,0.3260869565217391,0.4615384615384615,2.0,0.7745098039215687,0.7520833333333333,10.0,480.0,0.8435608145294441,0.9468719147844202,,,,,-0.019607843137254943,-0.07740964131941575,-0.009070294784580546,,
provinces,E_M,Linear,Y3 Surge,2021,204,0.7598039215686274,0.8333333333333333,0.5822292807288837,0.5822292807288837,144.0,1.0,48.0,11.0,192.0,12.0,145.0,0.0,0.993103448275862,0.75,0.8545994065281899,0.1864406779661017,0.9166666666666666,0.3098591549295774,2.0,0.9411764705882352,0.9130434782608696,9.0,184.0,0.9361979166666666,0.9953884962733116,,,,,204,0.7990196078431373,0.8151041666666667,0.6048566164312373,0.6048566164312373,153.0,2.0,39.0,10.0,192.0,12.0,155.0,0.0,0.9870967741935484,0.796875,0.8818443804034583,0.2040816326530612,0.8333333333333334,0.3278688524590163,2.0,0.9411764705882352,0.8804347826086957,9.0,184.0,0.9188368055555556,0.9940458762229208,,,,,-0.03921568627450989,-0.022627335702353646,-0.027244973875268363,,
provinces,E_M,Linear,Y3 Surge,2022,204,0.6470588235294118,0.4865735767991407,0.4695941066011845,0.4695941066011845,7.0,22.0,50.0,125.0,57.0,147.0,29.0,0.0,0.2413793103448276,0.1228070175438596,0.1627906976744186,0.7142857142857143,0.8503401360544217,0.7763975155279503,2.0,0.2794117647058823,0.7381889763779528,8.0,508.0,0.5277479412817758,0.3269654556410666,,,,,204,0.6470588235294118,0.4865735767991407,0.4695941066011845,0.4695941066011845,7.0,22.0,50.0,125.0,57.0,147.0,29.0,0.0,0.2413793103448276,0.1228070175438596,0.1627906976744186,0.7142857142857143,0.8503401360544217,0.7763975155279503,2.0,0.2794117647058823,0.7322834645669292,8.0,508.0,0.5230934479054778,0.3251793808676989,,,,,0.0,0.0,0.0,,
provinces,E_M,Linear,Y3 Surge,2023,204,0.9411764705882352,0.5,0.4848484848484848,0.4848484848484848,0.0,0.0,12.0,192.0,12.0,192.0,0.0,0.0,,0.0,0.0,0.9411764705882352,1.0,0.9696969696969696,2.0,0.0588235294117647,0.9230769230769232,7.0,182.0,0.9479166666666666,0.5767285475925182,,,,,204,0.9411764705882352,0.5,0.4848484848484848,0.4848484848484848,0.0,0.0,12.0,192.0,12.0,192.0,0.0,0.0,,0.0,0.0,0.9411764705882352,1.0,0.9696969696969696,2.0,0.0588235294117647,0.9395604395604396,7.0,182.0,0.9557291666666669,0.605778133903134,,,,,0.0,0.0,0.0,,
provinces,E_M,Linear,Y3 Surge,2024,204,0.7303921568627451,0.5588235294117647,0.5089070775156476,0.5089070775156476,6.0,44.0,11.0,143.0,17.0,187.0,50.0,0.0,0.12,0.3529411764705882,0.1791044776119403,0.9285714285714286,0.7647058823529411,0.8387096774193549,2.0,0.0833333333333333,0.7653846153846153,11.0,260.0,0.6882667505504876,0.1289073377065967,,,,,204,0.75,0.5695187165775402,0.5213250517598343,0.5213250517598343,6.0,40.0,11.0,147.0,17.0,187.0,46.0,0.0,0.1304347826086956,0.3529411764705882,0.1904761904761904,0.930379746835443,0.786096256684492,0.8521739130434782,2.0,0.0833333333333333,0.7461538461538462,11.0,260.0,0.6772569990563071,0.1261720229501299,,,,,-0.019607843137254943,-0.01241797424418678,-0.011371712864250122,,
provinces,E_M,Linear,Y3 Surge,2025,204,0.7598039215686274,0.715294264650756,0.7033387742988574,0.7033387742988574,33.0,29.0,20.0,122.0,53.0,151.0,62.0,0.0,0.532258064516129,0.6226415094339622,0.5739130434782609,0.8591549295774648,0.8079470198675497,0.8327645051194539,2.0,0.2598039215686274,0.7903225806451613,12.0,558.0,0.818068224415844,0.6832376039869529,,,,,204,0.7549019607843137,0.7119830063726102,0.6988663202645253,0.6988663202645253,33.0,30.0,20.0,121.0,53.0,151.0,63.0,0.0,0.5238095238095238,0.6226415094339622,0.5689655172413793,0.8581560283687943,0.8013245033112583,0.8287671232876712,2.0,0.2598039215686274,0.7903225806451613,12.0,558.0,0.8173185055604149,0.689161777136777,,,,,0.004901960784313708,0.004472454034332052,0.00494752623688155,,
provinces,E_M,Linear,Y4 Drop,2018,204,0.7990196078431373,0.7900319674513223,0.7929241662746651,0.7929241662746651,64.0,12.0,29.0,99.0,93.0,111.0,76.0,0.0,0.8421052631578947,0.6881720430107527,0.757396449704142,0.7734375,0.8918918918918919,0.8284518828451883,2.0,0.4558823529411764,0.8682352941176471,12.0,850.0,0.8514966579482708,0.8815782898055226,,,,,204,0.7892156862745098,0.7810229584423133,0.7835517062698941,0.7835517062698941,64.0,14.0,29.0,97.0,93.0,111.0,78.0,0.0,0.8205128205128205,0.6881720430107527,0.7485380116959064,0.7698412698412699,0.8738738738738738,0.8185654008438819,2.0,0.4558823529411764,0.8682352941176471,12.0,850.0,0.8509154315605929,0.8818341518634266,,,,,0.009803921568627527,0.009372460004770988,0.008858438008235603,,
provinces,E_M,Linear,Y4 Drop,2019,204,0.8235294117647058,0.8379357740847182,0.7950892857142857,0.7950892857142857,46.0,29.0,7.0,122.0,53.0,151.0,75.0,0.0,0.6133333333333333,0.8679245283018868,0.71875,0.9457364341085271,0.8079470198675497,0.8714285714285714,2.0,0.2598039215686274,0.8888888888888888,12.0,576.0,0.889916281394477,0.7228962045346418,,,,,204,0.8137254901960784,0.8374359615144321,0.7872200263504612,0.7872200263504612,47.0,32.0,6.0,119.0,53.0,151.0,79.0,0.0,0.5949367088607594,0.8867924528301887,0.7121212121212122,0.952,0.7880794701986755,0.8623188405797102,2.0,0.2598039215686274,0.8871527777777778,12.0,576.0,0.8914157191053356,0.719706544864778,,,,,0.009803921568627416,0.007869259363824543,0.006628787878787845,,
provinces,E_M,Linear,Y4 Drop,2020,204,0.9901960784313726,0.9901960784313726,0.4975369458128079,0.4975369458128079,0.0,2.0,0.0,202.0,0.0,204.0,2.0,0.0,0.0,,0.0,1.0,0.9901960784313726,0.9950738916256158,1.0,0.0,,0.0,0.0,,,,,,,204,0.9901960784313726,0.9901960784313726,0.4975369458128079,0.4975369458128079,0.0,2.0,0.0,202.0,0.0,204.0,2.0,0.0,0.0,,0.0,1.0,0.9901960784313726,0.9950738916256158,1.0,0.0,,0.0,0.0,,,,,,,0.0,0.0,0.0,,
provinces,E_M,Linear,Y4 Drop,2021,204,0.9852941176470588,0.7974874371859296,0.8295739348370927,0.8295739348370927,3.0,1.0,2.0,198.0,5.0,199.0,4.0,0.0,0.75,0.6,0.6666666666666666,0.99,0.9949748743718592,0.9924812030075189,2.0,0.0245098039215686,1.0,5.0,80.0,0.9879396984924624,0.6722222222222223,,,,,204,0.9803921568627452,0.6,0.6616915422885572,0.6616915422885572,1.0,0.0,4.0,199.0,5.0,199.0,1.0,0.0,1.0,0.2,0.3333333333333333,0.9802955665024632,1.0,0.9900497512437813,2.0,0.0245098039215686,1.0,5.0,80.0,0.9668341708542714,0.5925133689839572,,,,,0.004901960784313597,0.16788239254853554,0.3333333333333333,,
provinces,E_M,Linear,Y4 Drop,2022,204,0.4656862745098039,0.6307407407407408,0.4641282082178576,0.4641282082178576,53.0,108.0,1.0,42.0,54.0,150.0,161.0,0.0,0.3291925465838509,0.9814814814814816,0.4930232558139535,0.9767441860465116,0.28,0.4352331606217616,2.0,0.2647058823529412,0.6830188679245283,12.0,530.0,0.8358024691358025,0.6078940348600228,,,,,204,0.4754901960784313,0.6374074074074074,0.4744673167208378,0.4744673167208378,53.0,106.0,1.0,44.0,54.0,150.0,159.0,0.0,0.3333333333333333,0.9814814814814816,0.4976525821596244,0.9777777777777776,0.2933333333333333,0.4512820512820513,2.0,0.2647058823529412,0.7018867924528301,12.0,530.0,0.8383950617283951,0.6240483553470813,,,,,-0.009803921568627416,-0.010339108502980199,-0.00462932634567087,,
provinces,E_M,Linear,Y4 Drop,2023,204,0.5343137254901961,0.6629713545881211,0.5104948094263848,0.5104948094263848,32.0,90.0,5.0,77.0,37.0,167.0,122.0,0.0,0.2622950819672131,0.8648648648648649,0.4025157232704403,0.9390243902439024,0.4610778443113772,0.6184738955823293,2.0,0.1813725490196078,0.6262376237623762,12.0,404.0,0.8015860171548794,0.4967816431332569,,,,,204,0.5588235294117647,0.6779414144683606,0.5306268534614991,0.5306268534614991,32.0,85.0,5.0,82.0,37.0,167.0,117.0,0.0,0.2735042735042735,0.8648648648648649,0.4155844155844156,0.942528735632184,0.4910179640718562,0.6456692913385826,2.0,0.1813725490196078,0.6188118811881188,12.0,404.0,0.798187408965852,0.4926560771047323,,,,,-0.02450980392156865,-0.02013204403511426,-0.013068692313975339,,
provinces,E_M,Linear,Y4 Drop,2024,204,0.9411764705882352,0.625,0.6845360824742268,0.6845360824742268,4.0,0.0,12.0,188.0,16.0,188.0,4.0,0.0,1.0,0.25,0.4,0.94,1.0,0.9690721649484536,2.0,0.0784313725490196,0.9421487603305784,9.0,242.0,0.9408244680851064,0.6821518741275774,,,,,204,0.9411764705882352,0.625,0.6845360824742268,0.6845360824742268,4.0,0.0,12.0,188.0,16.0,188.0,4.0,0.0,1.0,0.25,0.4,0.94,1.0,0.9690721649484536,2.0,0.0784313725490196,0.8636363636363636,9.0,242.0,0.8939494680851063,0.5619391297237508,,,,,0.0,0.0,0.0,,
provinces,E_M,Linear,Y4 Drop,2025,204,0.9362745098039216,0.5773869346733669,0.5501272264631043,0.5501272264631043,1.0,9.0,4.0,190.0,5.0,199.0,10.0,0.0,0.1,0.2,0.1333333333333333,0.979381443298969,0.9547738693467336,0.9669211195928752,2.0,0.0245098039215686,0.9375,5.0,80.0,0.9236180904522612,0.1776001675275722,,,,,204,0.931372549019608,0.5748743718592965,0.5446428571428572,0.5446428571428572,1.0,10.0,4.0,189.0,5.0,199.0,11.0,0.0,0.0909090909090909,0.2,0.125,0.9792746113989638,0.949748743718593,0.9642857142857144,2.0,0.0245098039215686,0.9375,5.0,80.0,0.9155778894472362,0.1523809523809524,,,,,0.004901960784313597,0.0054843693202470956,0.008333333333333304,,
provinces,E_M,Random Forest,Y1 Growth,2018,204,,,,,,,,,,,,,,,,,,,,,,,,,,0.0,0.8110958798973307,1.496168303733704,0.1033042228420939,204,,,,,,,,,,,,,,,,,,,,,,,,,,0.0,0.79539613589418,1.4950463077999647,0.1046486060557865,,,,0.015699744003150662,-0.0013443832136926098
provinces,E_M,Random Forest,Y1 Growth,2019,204,,,,,,,,,,,,,,,,,,,,,,,,,,0.0,0.7845748754432958,1.1336731305903331,-0.4752374333133604,204,,,,,,,,,,,,,,,,,,,,,,,,,,0.0,0.8008579608357738,1.1631727519858264,-0.5530114473750565,,,,-0.016283085392477914,0.0777740140616961
provinces,E_M,Random Forest,Y1 Growth,2020,204,,,,,,,,,,,,,,,,,,,,,,,,,,0.0,1.7619138518905868,2.995781196871048,-0.4349541013305733,204,,,,,,,,,,,,,,,,,,,,,,,,,,0.0,1.769090695256374,2.9920202644397924,-0.4313534526268749,,,,-0.007176843365787278,-0.0036006487036983614
provinces,E_M,Random Forest,Y1 Growth,2021,204,,,,,,,,,,,,,,,,,,,,,,,,,,0.0,0.917126780815076,1.3735360470132083,-0.0379784487875636,204,,,,,,,,,,,,,,,,,,,,,,,,,,0.0,0.9228556008047082,1.4230240429686476,-0.1141218436762658,,,,-0.00572881998963215,0.0761433948887022
provinces,E_M,Random Forest,Y1 Growth,2022,204,,,,,,,,,,,,,,,,,,,,,,,,,,0.0,0.9361944176095076,1.4432465819943996,0.2587185703529886,204,,,,,,,,,,,,,,,,,,,,,,,,,,0.0,0.9703834309567806,1.5112880245826483,0.1871759835360548,,,,-0.03418901334727298,0.07154258681693382
provinces,E_M,Random Forest,Y1 Growth,2023,204,,,,,,,,,,,,,,,,,,,,,,,,,,0.0,0.7932202336658929,0.9736116618405516,0.0803352186196214,204,,,,,,,,,,,,,,,,,,,,,,,,,,0.0,0.8570453425506536,1.0460207542896385,-0.0615455256553039,,,,-0.06382510888476067,0.1418807442749253
provinces,E_M,Random Forest,Y1 Growth,2024,204,,,,,,,,,,,,,,,,,,,,,,,,,,0.0,0.4611639645871636,0.6755097603262014,0.46840095543698,204,,,,,,,,,,,,,,,,,,,,,,,,,,0.0,0.46221430641352,0.7075035168395791,0.4168528723856242,,,,-0.001050341826356438,0.05154808305135583
provinces,E_M,Random Forest,Y1 Growth,2025,204,,,,,,,,,,,,,,,,,,,,,,,,,,0.0,0.6436749796352497,0.875178108862925,0.3229819315131415,204,,,,,,,,,,,,,,,,,,,,,,,,,,0.0,0.624424711590612,0.8382279062706245,0.3789428042145235,,,,0.019250268044637697,-0.055960872701382
provinces,E_M,Random Forest,Y2 Direction,2018,204,0.8382352941176471,0.6242732558139534,0.6422003720435823,0.6422003720435823,10.0,11.0,22.0,161.0,32.0,172.0,21.0,0.0,0.4761904761904761,0.3125,0.3773584905660377,0.8797814207650273,0.936046511627907,0.9070422535211268,2.0,0.1568627450980392,0.90625,12.0,448.0,0.8390261627906976,0.5452341592439778,,,,,204,0.8333333333333334,0.6340843023255813,0.6481331168831169,0.6481331168831169,11.0,13.0,21.0,159.0,32.0,172.0,24.0,0.0,0.4583333333333333,0.34375,0.3928571428571428,0.8833333333333333,0.9244186046511628,0.9034090909090908,2.0,0.1568627450980392,0.9017857142857144,12.0,448.0,0.8482921511627908,0.5701745955253852,,,,,0.004901960784313708,-0.005932744839534654,-0.015498652291105086,,
provinces,E_M,Random Forest,Y2 Direction,2019,204,0.7401960784313726,0.5725806451612904,0.5481255485434864,0.5481255485434864,9.0,0.0,53.0,142.0,62.0,142.0,9.0,0.0,1.0,0.1451612903225806,0.2535211267605634,0.7282051282051282,1.0,0.8427299703264095,2.0,0.3039215686274509,0.947289156626506,12.0,664.0,0.9077691958200818,0.807485623761272,,,,,204,0.7598039215686274,0.6093820990458882,0.6078000549299643,0.6078000549299643,14.0,1.0,48.0,141.0,62.0,142.0,15.0,0.0,0.9333333333333332,0.2258064516129032,0.3636363636363636,0.746031746031746,0.9929577464788732,0.851963746223565,2.0,0.3039215686274509,0.941265060240964,12.0,664.0,0.8999318491594729,0.7996621038259901,,,,,-0.019607843137254832,-0.059674506386477866,-0.11011523687580022,,
provinces,E_M,Random Forest,Y2 Direction,2020,204,0.8431372549019608,0.8798029556650246,0.7642640473783042,0.7642640473783042,145.0,2.0,30.0,27.0,175.0,29.0,147.0,0.0,0.9863945578231292,0.8285714285714286,0.9006211180124224,0.4736842105263157,0.9310344827586208,0.627906976744186,2.0,0.8578431372549019,0.8938547486033519,8.0,358.0,0.9308374384236452,0.9885096496074388,,,,,204,0.8186274509803921,0.8367487684729064,0.7297239230851864,0.7297239230851864,142.0,4.0,33.0,25.0,175.0,29.0,146.0,0.0,0.9726027397260274,0.8114285714285714,0.8847352024922118,0.4310344827586206,0.8620689655172413,0.5747126436781609,2.0,0.8578431372549019,0.88268156424581,8.0,358.0,0.9201970443349754,0.9865628724741556,,,,,0.02450980392156865,0.03454012429311781,0.01588591552021057,,
provinces,E_M,Random Forest,Y2 Direction,2021,204,0.9362745098039216,0.9664948453608248,0.7856969696969698,0.7856969696969698,181.0,0.0,13.0,10.0,194.0,10.0,181.0,0.0,1.0,0.9329896907216496,0.9653333333333334,0.4347826086956521,1.0,0.6060606060606061,2.0,0.9509803921568628,0.9539473684210528,7.0,152.0,0.9644329896907216,0.9981838748177004,,,,,204,0.9117647058823528,0.9061855670103092,0.7258064516129032,0.7258064516129032,177.0,1.0,17.0,9.0,194.0,10.0,178.0,0.0,0.99438202247191,0.9123711340206184,0.9516129032258064,0.3461538461538461,0.9,0.5,2.0,0.9509803921568628,0.9342105263157896,7.0,152.0,0.9664948453608248,0.998280759341834,,,,,0.024509803921568762,0.059890518084066535,0.013720430107526993,,
provinces,E_M,Random Forest,Y2 Direction,2022,204,0.5588235294117647,0.569702328323018,0.5587811208305297,0.5587811208305297,58.0,31.0,59.0,56.0,117.0,87.0,89.0,0.0,0.651685393258427,0.4957264957264957,0.5631067961165048,0.4869565217391304,0.6436781609195402,0.5544554455445545,2.0,0.5735294117647058,0.8541666666666666,12.0,576.0,0.654877689360448,0.71802526237068,,,,,204,0.5637254901960784,0.5710285882699676,0.5632112011932542,0.5632112011932542,61.0,33.0,56.0,54.0,117.0,87.0,94.0,0.0,0.648936170212766,0.5213675213675214,0.5781990521327014,0.4909090909090909,0.6206896551724138,0.5482233502538071,2.0,0.5735294117647058,0.8697916666666666,12.0,576.0,0.6839571667157874,0.7574448168665648,,,,,-0.004901960784313708,-0.00443008036272452,-0.01509225601619657,,
provinces,E_M,Random Forest,Y2 Direction,2023,204,0.5490196078431373,0.5764023210831721,0.5031240072011014,0.5031240072011014,25.0,7.0,85.0,87.0,110.0,94.0,32.0,0.0,0.78125,0.2272727272727272,0.352112676056338,0.5058139534883721,0.925531914893617,0.6541353383458647,2.0,0.5392156862745098,0.7948717948717948,12.0,546.0,0.7368471953578337,0.7769132041634494,,,,,204,0.6127450980392157,0.6354932301740812,0.5890348081091419,0.5890348081091419,38.0,7.0,72.0,87.0,110.0,94.0,45.0,0.0,0.8444444444444444,0.3454545454545454,0.4903225806451612,0.5471698113207547,0.925531914893617,0.6877470355731226,2.0,0.5392156862745098,0.8040293040293041,12.0,546.0,0.7498065764023211,0.791556590036613,,,,,-0.06372549019607843,-0.08591080090804049,-0.1382099045888232,,
provinces,E_M,Random Forest,Y2 Direction,2024,204,0.8578431372549019,0.8071895424836601,0.8092043732060502,0.8092043732060502,139.0,15.0,14.0,36.0,153.0,51.0,154.0,0.0,0.9025974025974026,0.9084967320261438,0.9055374592833876,0.72,0.7058823529411765,0.7128712871287128,2.0,0.75,0.8781645569620253,12.0,632.0,0.8568499295142894,0.9342593802127276,,,,,204,0.8235294117647058,0.7647058823529411,0.7647058823529411,0.7647058823529411,135.0,18.0,18.0,33.0,153.0,51.0,153.0,0.0,0.8823529411764706,0.8823529411764706,0.8823529411764706,0.6470588235294118,0.6470588235294118,0.6470588235294118,2.0,0.75,0.865506329113924,12.0,632.0,0.8490324234268871,0.9270101757988576,,,,,0.03431372549019607,0.044498490853109085,0.023184518106917018,,
provinces,E_M,Random Forest,Y2 Direction,2025,204,0.9019607843137256,0.8528343023255813,0.8275570583262891,0.8275570583262891,159.0,7.0,13.0,25.0,172.0,32.0,166.0,0.0,0.9578313253012049,0.9244186046511628,0.940828402366864,0.6578947368421053,0.78125,0.7142857142857143,2.0,0.8431372549019608,0.9232558139534884,12.0,430.0,0.9304142441860466,0.985313514664874,,,,,204,0.9068627450980392,0.8557412790697674,0.8342952417596512,0.8342952417596512,160.0,7.0,12.0,25.0,172.0,32.0,167.0,0.0,0.9580838323353292,0.9302325581395348,0.943952802359882,0.6756756756756757,0.78125,0.7246376811594203,2.0,0.8431372549019608,0.9255813953488372,12.0,430.0,0.9400436046511628,0.9879365209067722,,,,,-0.004901960784313597,-0.006738183433362077,-0.0031243999930179456,,
provinces,E_M,Random Forest,Y3 Surge,2018,204,0.965686274509804,0.6377810007251632,0.6730020609113808,0.6730020609113808,2.0,2.0,5.0,195.0,7.0,197.0,4.0,0.0,0.5,0.2857142857142857,0.3636363636363636,0.975,0.9898477157360406,0.982367758186398,2.0,0.034313725490196,0.9910714285714286,7.0,112.0,0.9086294416243654,0.4179453223295588,,,,,204,0.9705882352941176,0.640319071791153,0.692462311557789,0.692462311557789,2.0,1.0,5.0,196.0,7.0,197.0,3.0,0.0,0.6666666666666666,0.2857142857142857,0.4,0.9751243781094528,0.9949238578680204,0.984924623115578,2.0,0.034313725490196,0.9553571428571428,7.0,112.0,0.8774474256707759,0.3868899081602152,,,,,-0.004901960784313597,-0.019460250646408217,-0.03636363636363643,,
provinces,E_M,Random Forest,Y3 Surge,2019,204,0.8186274509803921,0.5079365079365079,0.4755055242860121,0.4755055242860121,1.0,2.0,35.0,166.0,36.0,168.0,3.0,0.0,0.3333333333333333,0.0277777777777777,0.0512820512820512,0.8258706467661692,0.988095238095238,0.8997289972899729,2.0,0.1764705882352941,0.8792270531400966,9.0,414.0,0.8811177248677249,0.5449441068052401,,,,,204,0.8186274509803921,0.5079365079365079,0.4755055242860121,0.4755055242860121,1.0,2.0,35.0,166.0,36.0,168.0,3.0,0.0,0.3333333333333333,0.0277777777777777,0.0512820512820512,0.8258706467661692,0.988095238095238,0.8997289972899729,2.0,0.1764705882352941,0.8743961352657005,9.0,414.0,0.8882275132275133,0.5584626360743393,,,,,0.0,0.0,0.0,,
provinces,E_M,Random Forest,Y3 Surge,2020,204,0.5637254901960784,0.7029444138690149,0.5559468779807762,0.5559468779807762,71.0,2.0,87.0,44.0,158.0,46.0,73.0,0.0,0.9726027397260274,0.4493670886075949,0.6147186147186147,0.3358778625954198,0.9565217391304348,0.4971751412429379,2.0,0.7745098039215687,0.8458333333333333,10.0,480.0,0.8654375343973583,0.9478435067019608,,,,,204,0.5147058823529411,0.6712988442487617,0.5113122171945701,0.5113122171945701,61.0,2.0,97.0,44.0,158.0,46.0,63.0,0.0,0.9682539682539684,0.3860759493670886,0.5520361990950227,0.3120567375886525,0.9565217391304348,0.4705882352941176,2.0,0.7745098039215687,0.85,10.0,480.0,0.8390203632361035,0.943965335678969,,,,,0.0490196078431373,0.04463466078620615,0.062682415623592,,
provinces,E_M,Random Forest,Y3 Surge,2021,204,0.4803921568627451,0.5677083333333333,0.380259085177118,0.380259085177118,90.0,4.0,102.0,8.0,192.0,12.0,94.0,0.0,0.9574468085106383,0.46875,0.6293706293706294,0.0727272727272727,0.6666666666666666,0.1311475409836065,2.0,0.9411764705882352,0.6521739130434783,9.0,184.0,0.6345486111111112,0.9696011565711816,,,,,204,0.5833333333333334,0.5833333333333334,0.4331666176326371,0.4331666176326371,112.0,5.0,80.0,7.0,192.0,12.0,117.0,0.0,0.9572649572649572,0.5833333333333334,0.7249190938511327,0.0804597701149425,0.5833333333333334,0.1414141414141414,2.0,0.9411764705882352,0.8206521739130435,9.0,184.0,0.7092013888888888,0.976546264140128,,,,,-0.10294117647058826,-0.0529075324555191,-0.09554846448050336,,
provinces,E_M,Random Forest,Y3 Surge,2022,204,0.6274509803921569,0.6126029359112066,0.5895372233400402,0.5895372233400402,33.0,52.0,24.0,95.0,57.0,147.0,85.0,0.0,0.388235294117647,0.5789473684210527,0.4647887323943662,0.7983193277310925,0.6462585034013606,0.7142857142857143,2.0,0.2794117647058823,0.8799212598425197,8.0,508.0,0.6879102518200262,0.4072073998655992,,,,,204,0.6862745098039216,0.7286072323666308,0.6694683544303797,0.6694683544303797,47.0,54.0,10.0,93.0,57.0,147.0,101.0,0.0,0.4653465346534653,0.8245614035087719,0.5949367088607594,0.9029126213592232,0.6326530612244898,0.744,2.0,0.2794117647058823,0.8838582677165354,8.0,508.0,0.731829573934837,0.4123547019399944,,,,,-0.05882352941176472,-0.07993113109033945,-0.13014797646639326,,
provinces,E_M,Random Forest,Y3 Surge,2023,204,0.931372549019608,0.4947916666666667,0.482233502538071,0.482233502538071,0.0,2.0,12.0,190.0,12.0,192.0,2.0,0.0,0.0,0.0,0.0,0.9405940594059404,0.9895833333333334,0.964467005076142,2.0,0.0588235294117647,0.75,7.0,182.0,0.7421874999999999,0.2540557585584467,,,,,204,0.9362745098039216,0.5364583333333334,0.5501272264631043,0.5501272264631043,1.0,2.0,11.0,190.0,12.0,192.0,3.0,0.0,0.3333333333333333,0.0833333333333333,0.1333333333333333,0.945273631840796,0.9895833333333334,0.9669211195928752,2.0,0.0588235294117647,0.8351648351648352,7.0,182.0,0.8224826388888888,0.3524802444143106,,,,,-0.004901960784313597,-0.06789372392503329,-0.1333333333333333,,
provinces,E_M,Random Forest,Y3 Surge,2024,204,0.8529411764705882,0.679144385026738,0.632476579389863,0.632476579389863,8.0,21.0,9.0,166.0,17.0,187.0,29.0,0.0,0.2758620689655172,0.4705882352941176,0.3478260869565217,0.9485714285714286,0.8877005347593583,0.9171270718232044,2.0,0.0833333333333333,0.8538461538461538,11.0,260.0,0.8678829820698333,0.2545577637792322,,,,,204,0.8431372549019608,0.6470588235294117,0.607975018015854,0.607975018015854,7.0,22.0,10.0,165.0,17.0,187.0,29.0,0.0,0.2413793103448276,0.4117647058823529,0.3043478260869565,0.9428571428571428,0.8823529411764706,0.9116022099447514,2.0,0.0833333333333333,0.8615384615384616,11.0,260.0,0.8798364265492292,0.2954643299156151,,,,,0.009803921568627416,0.02450156137400905,0.04347826086956519,,
provinces,E_M,Random Forest,Y3 Surge,2025,204,0.7941176470588235,0.6343871048356866,0.6533419647192102,0.6533419647192102,16.0,5.0,37.0,146.0,53.0,151.0,21.0,0.0,0.7619047619047619,0.3018867924528302,0.4324324324324324,0.7978142076502732,0.9668874172185432,0.874251497005988,2.0,0.2598039215686274,0.9059139784946236,12.0,558.0,0.8616768711733099,0.6985473507833062,,,,,204,0.7745098039215687,0.5966512557790828,0.603381234150465,0.603381234150465,12.0,5.0,41.0,146.0,53.0,151.0,17.0,0.0,0.7058823529411765,0.2264150943396226,0.3428571428571428,0.7807486631016043,0.9668874172185432,0.863905325443787,2.0,0.2598039215686274,0.9050179211469536,12.0,558.0,0.8685492940147445,0.6683230685555216,,,,,0.019607843137254832,0.04996073056874528,0.0895752895752896,,
provinces,E_M,Random Forest,Y4 Drop,2018,204,0.7156862745098039,0.7204301075268817,0.7156589445352302,0.7156589445352302,72.0,37.0,21.0,74.0,93.0,111.0,109.0,0.0,0.6605504587155964,0.7741935483870968,0.7128712871287128,0.7789473684210526,0.6666666666666666,0.7184466019417476,2.0,0.4558823529411764,0.8435294117647059,12.0,850.0,0.8333817688656397,0.8478586750273622,,,,,204,0.7156862745098039,0.7204301075268817,0.7156589445352302,0.7156589445352302,72.0,37.0,21.0,74.0,93.0,111.0,109.0,0.0,0.6605504587155964,0.7741935483870968,0.7128712871287128,0.7789473684210526,0.6666666666666666,0.7184466019417476,2.0,0.4558823529411764,0.8541176470588235,12.0,850.0,0.8446188123607479,0.8590844646119533,,,,,0.0,0.0,0.0,,
provinces,E_M,Random Forest,Y4 Drop,2019,204,0.7598039215686274,0.8193802324128452,0.7409758752040632,0.7409758752040632,50.0,46.0,3.0,105.0,53.0,151.0,96.0,0.0,0.5208333333333334,0.9433962264150944,0.6711409395973155,0.9722222222222222,0.695364238410596,0.8108108108108109,2.0,0.2598039215686274,0.859375,12.0,576.0,0.850930900912158,0.5666135278440628,,,,,204,0.7352941176470589,0.8028239410221167,0.7183761120768994,0.7183761120768994,50.0,51.0,3.0,100.0,53.0,151.0,101.0,0.0,0.495049504950495,0.9433962264150944,0.6493506493506493,0.970873786407767,0.6622516556291391,0.7874015748031497,2.0,0.2598039215686274,0.8715277777777778,12.0,576.0,0.8451830563538674,0.5581392960083613,,,,,0.02450980392156854,0.02259976312716372,0.021790290246666122,,
provinces,E_M,Random Forest,Y4 Drop,2020,204,0.9509803921568628,0.9509803921568628,0.4874371859296482,0.4874371859296482,0.0,10.0,0.0,194.0,0.0,204.0,10.0,0.0,0.0,,0.0,1.0,0.9509803921568628,0.9748743718592964,1.0,0.0,,0.0,0.0,,,,,,,204,0.965686274509804,0.965686274509804,0.4912718204488778,0.4912718204488778,0.0,7.0,0.0,197.0,0.0,204.0,7.0,0.0,0.0,,0.0,1.0,0.965686274509804,0.9825436408977556,1.0,0.0,,0.0,0.0,,,,,,,-0.014705882352941235,-0.003834634519229607,0.0,,
provinces,E_M,Random Forest,Y4 Drop,2021,204,0.9803921568627452,0.6,0.6616915422885572,0.6616915422885572,1.0,0.0,4.0,199.0,5.0,199.0,1.0,0.0,1.0,0.2,0.3333333333333333,0.9802955665024632,1.0,0.9900497512437813,2.0,0.0245098039215686,1.0,5.0,80.0,0.9909547738693468,0.7087301587301587,,,,,204,0.9803921568627452,0.6974874371859296,0.745,0.745,2.0,1.0,3.0,198.0,5.0,199.0,3.0,0.0,0.6666666666666666,0.4,0.5,0.9850746268656716,0.9949748743718592,0.99,2.0,0.0245098039215686,1.0,5.0,80.0,0.992964824120603,0.7783333333333333,,,,,0.0,-0.0833084577114428,-0.16666666666666669,,
provinces,E_M,Random Forest,Y4 Drop,2022,204,0.8088235294117647,0.6448148148148147,0.6674886111923768,0.6674886111923768,16.0,1.0,38.0,149.0,54.0,150.0,17.0,0.0,0.9411764705882352,0.2962962962962963,0.4507042253521127,0.7967914438502673,0.9933333333333332,0.884272997032641,2.0,0.2647058823529412,0.6867924528301886,12.0,530.0,0.8174074074074074,0.7234082181098787,,,,,204,0.8088235294117647,0.6507407407407407,0.6746677571048865,0.6746677571048865,17.0,2.0,37.0,148.0,54.0,150.0,19.0,0.0,0.8947368421052632,0.3148148148148148,0.4657534246575342,0.8,0.9866666666666668,0.8835820895522388,2.0,0.2647058823529412,0.6867924528301886,12.0,530.0,0.7974691358024691,0.6826139488317435,,,,,0.0,-0.007179145912509677,-0.015049199305421535,,
provinces,E_M,Random Forest,Y4 Drop,2023,204,0.6764705882352942,0.6866806926687166,0.6065458796025716,0.6065458796025716,26.0,55.0,11.0,112.0,37.0,167.0,81.0,0.0,0.3209876543209876,0.7027027027027027,0.4406779661016949,0.9105691056910568,0.6706586826347305,0.7724137931034483,2.0,0.1813725490196078,0.7079207920792079,12.0,404.0,0.7318336300372229,0.2841434677652444,,,,,204,0.6911764705882353,0.6851432270593947,0.6144592770361482,0.6144592770361482,25.0,51.0,12.0,116.0,37.0,167.0,76.0,0.0,0.3289473684210526,0.6756756756756757,0.4424778761061947,0.90625,0.6946107784431138,0.7864406779661017,2.0,0.1813725490196078,0.7029702970297029,12.0,404.0,0.7433241624858391,0.2918157333432767,,,,,-0.014705882352941124,-0.007913397433576663,-0.001799910004499805,,
provinces,E_M,Random Forest,Y4 Drop,2024,204,0.9607843137254902,0.8929521276595744,0.8716577540106951,0.8716577540106951,13.0,5.0,3.0,183.0,16.0,188.0,18.0,0.0,0.7222222222222222,0.8125,0.7647058823529411,0.9838709677419356,0.973404255319149,0.9786096256684492,2.0,0.0784313725490196,0.9793388429752066,9.0,242.0,0.9803856382978724,0.8561306708885034,,,,,204,0.9509803921568628,0.8304521276595744,0.8304521276595744,0.8304521276595744,11.0,5.0,5.0,183.0,16.0,188.0,16.0,0.0,0.6875,0.6875,0.6875,0.973404255319149,0.973404255319149,0.973404255319149,2.0,0.0784313725490196,0.975206611570248,9.0,242.0,0.9757313829787236,0.8048483399770164,,,,,0.009803921568627416,0.04120562635112068,0.07720588235294112,,
provinces,E_M,Random Forest,Y4 Drop,2025,204,0.9166666666666666,0.6648241206030151,0.5732742709486895,0.5732742709486895,2.0,14.0,3.0,185.0,5.0,199.0,16.0,0.0,0.125,0.4,0.1904761904761904,0.9840425531914894,0.9296482412060302,0.9560723514211886,2.0,0.0245098039215686,0.925,5.0,80.0,0.9296482412060302,0.1763408521303258,,,,,204,0.9166666666666666,0.8597989949748743,0.6378067885117493,0.6378067885117493,4.0,16.0,1.0,183.0,5.0,199.0,20.0,0.0,0.2,0.8,0.32,0.9945652173913044,0.9195979899497488,0.9556135770234988,2.0,0.0245098039215686,0.9375,5.0,80.0,0.9457286432160804,0.2208874458874459,,,,,0.0,-0.06453251756305978,-0.1295238095238096,,
provinces,E_M,XGBoost,Y1 Growth,2018,204,,,,,,,,,,,,,,,,,,,,,,,,,,0.0,0.7367345661556635,1.3275328612437314,0.2940486305565418,204,,,,,,,,,,,,,,,,,,,,,,,,,,0.0,0.7290979552665644,1.3306779872391052,0.2906996571508267,,,,0.00763661088909906,0.0033489734057151055
provinces,E_M,XGBoost,Y1 Growth,2019,204,,,,,,,,,,,,,,,,,,,,,,,,,,0.0,0.6692784398209219,0.946049569680264,-0.0273395363558224,204,,,,,,,,,,,,,,,,,,,,,,,,,,0.0,0.666655593131393,0.9427508674645324,-0.0201877356517923,,,,0.002622846689528946,-0.007151800704030101
provinces,E_M,XGBoost,Y1 Growth,2020,204,,,,,,,,,,,,,,,,,,,,,,,,,,0.0,1.8637469638439763,3.033221224754673,-0.4710451457892737,204,,,,,,,,,,,,,,,,,,,,,,,,,,0.0,1.7663061032819984,2.882011258816226,-0.3280339419546723,,,,0.09744086056197787,-0.14301120383460142
provinces,E_M,XGBoost,Y1 Growth,2021,204,,,,,,,,,,,,,,,,,,,,,,,,,,0.0,1.0875789667195253,1.6338456234707377,-0.4686903850318642,204,,,,,,,,,,,,,,,,,,,,,,,,,,0.0,1.0225951482337918,1.6127194042126265,-0.4309545380361692,,,,0.06498381848573342,-0.037735846995695044
provinces,E_M,XGBoost,Y1 Growth,2022,204,,,,,,,,,,,,,,,,,,,,,,,,,,0.0,0.926811941358945,1.3727682504723029,0.3293491218541315,204,,,,,,,,,,,,,,,,,,,,,,,,,,0.0,0.837295523971876,1.2642712949078367,0.4311698596792569,,,,0.08951641738706895,-0.10182073782512541
provinces,E_M,XGBoost,Y1 Growth,2023,204,,,,,,,,,,,,,,,,,,,,,,,,,,0.0,0.7067904122997691,0.9038521963209284,0.2074022111470661,204,,,,,,,,,,,,,,,,,,,,,,,,,,0.0,0.69373584157095,0.8933421682048563,0.2257277581571118,,,,0.013054570728819104,-0.018325547010045684
provinces,E_M,XGBoost,Y1 Growth,2024,204,,,,,,,,,,,,,,,,,,,,,,,,,,0.0,0.4617987545777591,0.7040348064648756,0.4225569003740652,204,,,,,,,,,,,,,,,,,,,,,,,,,,0.0,0.4441036970344554,0.6786267808516124,0.4634836967693677,,,,0.017695057543303694,-0.0409267963953025
provinces,E_M,XGBoost,Y1 Growth,2025,204,,,,,,,,,,,,,,,,,,,,,,,,,,0.0,0.6077602097008219,0.8230610320738125,0.401214260998893,204,,,,,,,,,,,,,,,,,,,,,,,,,,0.0,0.608559365715057,0.8194933557065671,0.4063940560668465,,,,-0.0007991560142350806,-0.005179795067953463
provinces,E_M,XGBoost,Y2 Direction,2018,204,0.8431372549019608,0.6017441860465116,0.6222222222222222,0.6222222222222222,8.0,8.0,24.0,164.0,32.0,172.0,16.0,0.0,0.5,0.25,0.3333333333333333,0.8723404255319149,0.9534883720930232,0.9111111111111112,2.0,0.1568627450980392,0.9174107142857144,12.0,448.0,0.8562863372093024,0.5654317546051021,,,,,204,0.8578431372549019,0.6359011627906976,0.6636916605082144,0.6636916605082144,10.0,7.0,22.0,165.0,32.0,172.0,17.0,0.0,0.5882352941176471,0.3125,0.4081632653061224,0.8823529411764706,0.9593023255813954,0.9192200557103064,2.0,0.1568627450980392,0.9174107142857144,12.0,448.0,0.8586482558139534,0.5723860185417429,,,,,-0.014705882352941124,-0.041469438285992144,-0.07482993197278909,,
provinces,E_M,XGBoost,Y2 Direction,2019,204,0.7794117647058824,0.650726942298955,0.6656346749226005,0.6656346749226005,20.0,3.0,42.0,139.0,62.0,142.0,23.0,0.0,0.8695652173913043,0.3225806451612903,0.4705882352941176,0.7679558011049724,0.9788732394366196,0.8606811145510835,2.0,0.3039215686274509,0.9397590361445785,12.0,664.0,0.9062925942753294,0.8207817148774611,,,,,204,0.7696078431372549,0.6300545206724216,0.6380110997848001,0.6380110997848001,17.0,2.0,45.0,140.0,62.0,142.0,19.0,0.0,0.8947368421052632,0.2741935483870967,0.419753086419753,0.7567567567567568,0.9859154929577464,0.8562691131498471,2.0,0.3039215686274509,0.9231927710843374,12.0,664.0,0.89709223080418,0.8048856841353544,,,,,0.009803921568627416,0.02762357513780045,0.05083514887436458,,
provinces,E_M,XGBoost,Y2 Direction,2020,204,0.8480392156862745,0.7675862068965518,0.729639604976273,0.729639604976273,154.0,10.0,21.0,19.0,175.0,29.0,164.0,0.0,0.9390243902439024,0.88,0.9085545722713864,0.475,0.6551724137931034,0.5507246376811594,2.0,0.8578431372549019,0.8491620111731844,8.0,358.0,0.8910344827586207,0.9802174708855484,,,,,204,0.8333333333333334,0.7733990147783252,0.7193720666774559,0.7193720666774559,150.0,9.0,25.0,20.0,175.0,29.0,159.0,0.0,0.9433962264150944,0.8571428571428571,0.8982035928143712,0.4444444444444444,0.6896551724137931,0.5405405405405406,2.0,0.8578431372549019,0.8631284916201117,8.0,358.0,0.9004926108374384,0.9827605926899008,,,,,0.014705882352941124,0.010267538298817103,0.01035097945701513,,
provinces,E_M,XGBoost,Y2 Direction,2021,204,0.946078431372549,0.9716494845360824,0.8079917857448446,0.8079917857448446,183.0,0.0,11.0,10.0,194.0,10.0,183.0,0.0,1.0,0.9432989690721648,0.9708222811671088,0.4761904761904761,1.0,0.6451612903225806,2.0,0.9509803921568628,0.993421052631579,7.0,152.0,0.9943298969072164,0.9997069316800152,,,,,204,0.9558823529411764,0.9768041237113404,0.8329542352834137,0.8329542352834137,185.0,0.0,9.0,10.0,194.0,10.0,185.0,0.0,1.0,0.9536082474226804,0.9762532981530344,0.5263157894736842,1.0,0.6896551724137931,2.0,0.9509803921568628,0.993421052631579,7.0,152.0,0.9902061855670105,0.9995039611736743,,,,,-0.009803921568627416,-0.024962449538569076,-0.00543101698592563,,
provinces,E_M,XGBoost,Y2 Direction,2022,204,0.6421568627450981,0.6556145004420866,0.6421482638471705,0.6421482638471705,66.0,22.0,51.0,65.0,117.0,87.0,88.0,0.0,0.75,0.5641025641025641,0.6439024390243903,0.5603448275862069,0.7471264367816092,0.6403940886699507,2.0,0.5735294117647058,0.8923611111111112,12.0,576.0,0.7734551527654976,0.8043808265844707,,,,,204,0.6323529411764706,0.6441202475685235,0.6322734155310404,0.6322734155310404,66.0,24.0,51.0,63.0,117.0,87.0,90.0,0.0,0.7333333333333333,0.5641025641025641,0.6376811594202898,0.5526315789473685,0.7241379310344828,0.6268656716417911,2.0,0.5735294117647058,0.875,12.0,576.0,0.7429020532468809,0.7904216145588674,,,,,0.009803921568627527,0.009874848316130058,0.00622127960410046,,
provinces,E_M,XGBoost,Y2 Direction,2023,204,0.7058823529411765,0.7234042553191489,0.6974789915966386,0.6974789915966386,55.0,5.0,55.0,89.0,110.0,94.0,60.0,0.0,0.9166666666666666,0.5,0.6470588235294118,0.6180555555555556,0.946808510638298,0.7478991596638656,2.0,0.5392156862745098,0.8424908424908425,12.0,546.0,0.8752417794970986,0.8661822716864347,,,,,204,0.6911764705882353,0.7097678916827853,0.6806718513181107,0.6806718513181107,52.0,5.0,58.0,89.0,110.0,94.0,57.0,0.0,0.912280701754386,0.4727272727272727,0.6227544910179641,0.6054421768707483,0.946808510638298,0.7385892116182573,2.0,0.5392156862745098,0.8333333333333334,12.0,546.0,0.8513539651837525,0.8526184778158712,,,,,0.014705882352941235,0.01680714027852792,0.0243043325114477,,
provinces,E_M,XGBoost,Y2 Direction,2024,204,0.7843137254901961,0.7254901960784313,0.719605148069474,0.719605148069474,129.0,20.0,24.0,31.0,153.0,51.0,149.0,0.0,0.8657718120805369,0.8431372549019608,0.8543046357615894,0.5636363636363636,0.6078431372549019,0.5849056603773585,2.0,0.75,0.8528481012658228,12.0,632.0,0.8355760604895552,0.918921227856471,,,,,204,0.803921568627451,0.7450980392156863,0.7419028340080972,0.7419028340080972,132.0,19.0,21.0,32.0,153.0,51.0,151.0,0.0,0.8741721854304636,0.8627450980392157,0.868421052631579,0.6037735849056604,0.6274509803921569,0.6153846153846154,2.0,0.75,0.8639240506329114,12.0,632.0,0.8323721645520954,0.918775145893172,,,,,-0.019607843137254943,-0.022297685938623246,-0.014116416869989545,,
provinces,E_M,XGBoost,Y2 Direction,2025,204,0.9019607843137256,0.8401162790697674,0.8235294117647058,0.8235294117647058,160.0,8.0,12.0,24.0,172.0,32.0,168.0,0.0,0.9523809523809524,0.9302325581395348,0.9411764705882352,0.6666666666666666,0.75,0.7058823529411765,2.0,0.8431372549019608,0.9116279069767442,12.0,430.0,0.9184229651162792,0.9819559092059638,,,,,204,0.8872549019607843,0.8313953488372092,0.8039035399339658,0.8039035399339658,157.0,8.0,15.0,24.0,172.0,32.0,165.0,0.0,0.9515151515151516,0.9127906976744186,0.9317507418397626,0.6153846153846154,0.75,0.676056338028169,2.0,0.8431372549019608,0.9069767441860463,12.0,430.0,0.9142441860465116,0.980907493916176,,,,,0.014705882352941346,0.01962587183074005,0.009425728748472584,,
provinces,E_M,XGBoost,Y3 Surge,2018,204,0.9754901960784312,0.6428571428571428,0.7159565580618212,0.7159565580618212,2.0,0.0,5.0,197.0,7.0,197.0,2.0,0.0,1.0,0.2857142857142857,0.4444444444444444,0.9752475247524752,1.0,0.987468671679198,2.0,0.034313725490196,0.9285714285714286,7.0,112.0,0.9195068890500364,0.4651780712284913,,,,,204,0.9705882352941176,0.5714285714285714,0.6174999999999999,0.6174999999999999,1.0,0.0,6.0,197.0,7.0,197.0,1.0,0.0,1.0,0.1428571428571428,0.25,0.9704433497536946,1.0,0.985,2.0,0.034313725490196,0.9553571428571428,7.0,112.0,0.943437273386512,0.5013675290693793,,,,,0.004901960784313597,0.0984565580618213,0.19444444444444442,,
provinces,E_M,XGBoost,Y3 Surge,2019,204,0.8382352941176471,0.5525793650793651,0.552601847544361,0.552601847544361,4.0,1.0,32.0,167.0,36.0,168.0,5.0,0.0,0.8,0.1111111111111111,0.1951219512195122,0.8391959798994975,0.9940476190476192,0.9100817438692098,2.0,0.1764705882352941,0.8043478260869565,9.0,414.0,0.7966269841269842,0.5394690673066528,,,,,204,0.8333333333333334,0.5496031746031746,0.5487900078064012,0.5487900078064012,4.0,2.0,32.0,166.0,36.0,168.0,6.0,0.0,0.6666666666666666,0.1111111111111111,0.1904761904761904,0.8383838383838383,0.988095238095238,0.907103825136612,2.0,0.1764705882352941,0.8067632850241546,9.0,414.0,0.8125,0.484138948309519,,,,,0.004901960784313708,0.0038118397379598434,0.004645760743321792,,
provinces,E_M,XGBoost,Y3 Surge,2020,204,0.7009803921568627,0.7915520088057237,0.6775413956622011,0.6775413956622011,99.0,2.0,59.0,44.0,158.0,46.0,101.0,0.0,0.9801980198019802,0.6265822784810127,0.7644787644787645,0.4271844660194174,0.9565217391304348,0.5906040268456376,2.0,0.7745098039215687,0.8645833333333334,10.0,480.0,0.9020363236103468,0.9675720630890056,,,,,204,0.6568627450980392,0.763070996147496,0.6384810126582279,0.6384810126582279,90.0,2.0,68.0,44.0,158.0,46.0,92.0,0.0,0.9782608695652174,0.569620253164557,0.72,0.3928571428571428,0.9565217391304348,0.5569620253164557,2.0,0.7745098039215687,0.8625,10.0,480.0,0.9005228398458999,0.9690610174378642,,,,,0.044117647058823484,0.03906038300397319,0.04447876447876453,,
provinces,E_M,XGBoost,Y3 Surge,2021,204,0.5490196078431373,0.7604166666666667,0.4459140292867264,0.4459140292867264,100.0,0.0,92.0,12.0,192.0,12.0,100.0,0.0,1.0,0.5208333333333334,0.684931506849315,0.1153846153846153,1.0,0.2068965517241379,2.0,0.9411764705882352,0.9021739130434784,9.0,184.0,0.8723958333333334,0.990453930627106,,,,,204,0.5784313725490197,0.7760416666666667,0.4647956070774862,0.4647956070774862,106.0,0.0,86.0,12.0,192.0,12.0,106.0,0.0,1.0,0.5520833333333334,0.7114093959731543,0.1224489795918367,1.0,0.2181818181818181,2.0,0.9411764705882352,0.8913043478260869,9.0,184.0,0.9027777777777778,0.9931994450548292,,,,,-0.02941176470588236,-0.018881577790759774,-0.026477889123839304,,
provinces,E_M,XGBoost,Y3 Surge,2022,204,0.6078431372549019,0.4754744002864303,0.4701298701298702,0.4701298701298702,10.0,33.0,47.0,114.0,57.0,147.0,43.0,0.0,0.2325581395348837,0.175438596491228,0.2,0.7080745341614907,0.7755102040816326,0.7402597402597403,2.0,0.2794117647058823,0.8267716535433071,8.0,508.0,0.6622508652583841,0.3947646737564481,,,,,204,0.6372549019607843,0.5173648406731113,0.5163398692810457,0.5163398692810457,14.0,31.0,43.0,116.0,57.0,147.0,45.0,0.0,0.3111111111111111,0.2456140350877192,0.2745098039215686,0.7295597484276729,0.7891156462585034,0.7581699346405228,2.0,0.2794117647058823,0.8523622047244095,8.0,508.0,0.7070056092612484,0.4360005497632957,,,,,-0.02941176470588236,-0.04620999915117552,-0.07450980392156858,,
provinces,E_M,XGBoost,Y3 Surge,2023,204,0.9264705882352942,0.4921875,0.4809160305343511,0.4809160305343511,0.0,3.0,12.0,189.0,12.0,192.0,3.0,0.0,0.0,0.0,0.0,0.9402985074626866,0.984375,0.9618320610687024,2.0,0.0588235294117647,0.8791208791208791,7.0,182.0,0.877170138888889,0.2687501768384121,,,,,204,0.9362745098039216,0.4973958333333333,0.4835443037974684,0.4835443037974684,0.0,1.0,12.0,191.0,12.0,192.0,1.0,0.0,0.0,0.0,0.0,0.9408866995073892,0.9947916666666666,0.9670886075949368,2.0,0.0588235294117647,0.9010989010989012,7.0,182.0,0.9114583333333334,0.2928588954904744,,,,,-0.009803921568627416,-0.0026282732631172645,0.0,,
provinces,E_M,XGBoost,Y3 Surge,2024,204,0.8725490196078431,0.7433155080213905,0.6814797021378813,0.6814797021378813,10.0,19.0,7.0,168.0,17.0,187.0,29.0,0.0,0.3448275862068966,0.5882352941176471,0.4347826086956521,0.96,0.8983957219251337,0.9281767955801103,2.0,0.0833333333333333,0.8692307692307693,11.0,260.0,0.8798364265492293,0.2929484370287502,,,,,204,0.8676470588235294,0.7406417112299466,0.675369835563152,0.675369835563152,10.0,20.0,7.0,167.0,17.0,187.0,30.0,0.0,0.3333333333333333,0.5882352941176471,0.425531914893617,0.9597701149425288,0.893048128342246,0.925207756232687,2.0,0.0833333333333333,0.8807692307692307,11.0,260.0,0.8807801195344448,0.2962530175269641,,,,,0.004901960784313708,0.006109866574729339,0.009250693802035082,,
provinces,E_M,XGBoost,Y3 Surge,2025,204,0.8382352941176471,0.7131700612270399,0.745837580699966,0.745837580699966,24.0,4.0,29.0,147.0,53.0,151.0,28.0,0.0,0.8571428571428571,0.4528301886792453,0.5925925925925926,0.8352272727272727,0.9735099337748344,0.8990825688073395,2.0,0.2598039215686274,0.9265232974910396,12.0,558.0,0.8954142196676247,0.7726083558658755,,,,,204,0.8333333333333334,0.7037360989628889,0.735670731707317,0.735670731707317,23.0,4.0,30.0,147.0,53.0,151.0,27.0,0.0,0.8518518518518519,0.4339622641509434,0.575,0.8305084745762712,0.9735099337748344,0.8963414634146342,2.0,0.2598039215686274,0.9336917562724014,12.0,558.0,0.9054104710733476,0.7969982733760201,,,,,0.004901960784313708,0.010166848992648969,0.017592592592592604,,
provinces,E_M,XGBoost,Y4 Drop,2018,204,0.7598039215686274,0.7600988084859053,0.7588245228846479,0.7588245228846479,71.0,27.0,22.0,84.0,93.0,111.0,98.0,0.0,0.7244897959183674,0.7634408602150538,0.743455497382199,0.7924528301886793,0.7567567567567568,0.7741935483870968,2.0,0.4558823529411764,0.8729411764705882,12.0,850.0,0.8590526009880848,0.8466033467770039,,,,,204,0.7598039215686274,0.7609706480674223,0.7591035064465599,0.7591035064465599,72.0,28.0,21.0,83.0,93.0,111.0,100.0,0.0,0.72,0.7741935483870968,0.7461139896373057,0.7980769230769231,0.7477477477477478,0.772093023255814,2.0,0.4558823529411764,0.8776470588235294,12.0,850.0,0.8616681197326359,0.8518039956485476,,,,,0.0,-0.00027898356191202733,-0.002658492255106726,,
provinces,E_M,XGBoost,Y4 Drop,2019,204,0.75,0.7943896038985381,0.7271797561295398,0.7271797561295398,47.0,45.0,6.0,106.0,53.0,151.0,92.0,0.0,0.5108695652173914,0.8867924528301887,0.6482758620689655,0.9464285714285714,0.7019867549668874,0.8060836501901141,2.0,0.2598039215686274,0.8836805555555556,12.0,576.0,0.8648006997375984,0.58849916190466,,,,,204,0.7745098039215687,0.8170685992752718,0.7515620036005506,0.7515620036005506,48.0,41.0,5.0,110.0,53.0,151.0,89.0,0.0,0.5393258426966292,0.9056603773584906,0.676056338028169,0.9565217391304348,0.7284768211920529,0.8270676691729323,2.0,0.2598039215686274,0.8784722222222222,12.0,576.0,0.8495564163438711,0.5645679911686662,,,,,-0.02450980392156865,-0.02438224747101081,-0.02778047595920352,,
provinces,E_M,XGBoost,Y4 Drop,2020,204,0.9852941176470588,0.9852941176470588,0.4962962962962963,0.4962962962962963,0.0,3.0,0.0,201.0,0.0,204.0,3.0,0.0,0.0,,0.0,1.0,0.9852941176470588,0.9925925925925926,1.0,0.0,,0.0,0.0,,,,,,,204,0.9852941176470588,0.9852941176470588,0.4962962962962963,0.4962962962962963,0.0,3.0,0.0,201.0,0.0,204.0,3.0,0.0,0.0,,0.0,1.0,0.9852941176470588,0.9925925925925926,1.0,0.0,,0.0,0.0,,,,,,,0.0,0.0,0.0,,
provinces,E_M,XGBoost,Y4 Drop,2021,204,0.9803921568627452,0.6,0.6616915422885572,0.6616915422885572,1.0,0.0,4.0,199.0,5.0,199.0,1.0,0.0,1.0,0.2,0.3333333333333333,0.9802955665024632,1.0,0.9900497512437813,2.0,0.0245098039215686,1.0,5.0,80.0,0.9798994974874372,0.5293040293040293,,,,,204,0.9754901960784312,0.6949748743718593,0.7159565580618212,0.7159565580618212,2.0,2.0,3.0,197.0,5.0,199.0,4.0,0.0,0.5,0.4,0.4444444444444444,0.985,0.9899497487437184,0.987468671679198,2.0,0.0245098039215686,1.0,5.0,80.0,0.9869346733668342,0.5444444444444444,,,,,0.00490196078431393,-0.054265015773264036,-0.1111111111111111,,
provinces,E_M,XGBoost,Y4 Drop,2022,204,0.7352941176470589,0.6718518518518519,0.6677123552123552,0.6677123552123552,29.0,29.0,25.0,121.0,54.0,150.0,58.0,0.0,0.5,0.5370370370370371,0.5178571428571429,0.8287671232876712,0.8066666666666666,0.8175675675675675,2.0,0.2647058823529412,0.6716981132075471,12.0,530.0,0.8300617283950618,0.6905729928747113,,,,,204,0.7303921568627451,0.6566666666666667,0.6557331778711915,0.6557331778711915,27.0,28.0,27.0,122.0,54.0,150.0,55.0,0.0,0.4909090909090909,0.5,0.4954128440366973,0.8187919463087249,0.8133333333333334,0.8160535117056856,2.0,0.2647058823529412,0.6396226415094339,12.0,530.0,0.8177777777777778,0.6700263249468789,,,,,0.004901960784313819,0.011979177341163716,0.02244429882044563,,
provinces,E_M,XGBoost,Y4 Drop,2023,204,0.6813725490196079,0.7633112154070238,0.6345798770909692,0.6345798770909692,33.0,61.0,4.0,106.0,37.0,167.0,94.0,0.0,0.351063829787234,0.8918918918918919,0.5038167938931297,0.9636363636363636,0.6347305389221557,0.7653429602888087,2.0,0.1813725490196078,0.7326732673267327,12.0,404.0,0.806279333225441,0.3967336946403711,,,,,204,0.6862745098039216,0.7768247289205373,0.6416337285902503,0.6416337285902503,34.0,61.0,3.0,106.0,37.0,167.0,95.0,0.0,0.3578947368421052,0.918918918918919,0.5151515151515151,0.9724770642201837,0.6347305389221557,0.7681159420289855,2.0,0.1813725490196078,0.7252475247524752,12.0,404.0,0.7905810001618385,0.3951587716348795,,,,,-0.004901960784313708,-0.007053851499281061,-0.011334721258385416,,
provinces,E_M,XGBoost,Y4 Drop,2024,204,0.965686274509804,0.8956117021276595,0.8846060606060606,0.8846060606060606,13.0,4.0,3.0,184.0,16.0,188.0,17.0,0.0,0.7647058823529411,0.8125,0.7878787878787878,0.983957219251337,0.9787234042553192,0.9813333333333332,2.0,0.0784313725490196,0.9958677685950412,9.0,242.0,0.991688829787234,0.9055046756097958,,,,,204,0.9705882352941176,0.8982712765957447,0.8982712765957447,0.8982712765957447,13.0,3.0,3.0,185.0,16.0,188.0,16.0,0.0,0.8125,0.8125,0.8125,0.9840425531914894,0.9840425531914894,0.9840425531914894,2.0,0.0784313725490196,0.9958677685950412,9.0,242.0,0.9933510638297872,0.938978913243619,,,,,-0.004901960784313597,-0.013665215989684065,-0.024621212121212155,,
provinces,E_M,XGBoost,Y4 Drop,2025,204,0.9411764705882352,0.5798994974874372,0.5562001450326324,0.5562001450326324,1.0,8.0,4.0,191.0,5.0,199.0,9.0,0.0,0.1111111111111111,0.2,0.1428571428571428,0.9794871794871794,0.9597989949748744,0.9695431472081218,2.0,0.0245098039215686,0.9375,5.0,80.0,0.949748743718593,0.2173949579831932,,,,,204,0.9411764705882352,0.5798994974874372,0.5562001450326324,0.5562001450326324,1.0,8.0,4.0,191.0,5.0,199.0,9.0,0.0,0.1111111111111111,0.2,0.1428571428571428,0.9794871794871794,0.9597989949748744,0.9695431472081218,2.0,0.0245098039215686,0.9375,5.0,80.0,0.9527638190954776,0.2826315789473684,,,,,0.0,0.0,0.0,,
provinces,Regression_sign,Extra Trees,Y2 Direction,2018,204,0.8676470588235294,0.590843023255814,0.6172607879924954,0.6172607879924954,6.0,1.0,26.0,171.0,32.0,172.0,7.0,0.0,0.8571428571428571,0.1875,0.3076923076923077,0.868020304568528,0.994186046511628,0.926829268292683,2.0,0.1568627450980392,,0.0,0.0,,,,,,,204,0.8627450980392157,0.5879360465116279,0.6119565217391304,0.6119565217391304,6.0,2.0,26.0,170.0,32.0,172.0,8.0,0.0,0.75,0.1875,0.3,0.8673469387755102,0.9883720930232558,0.9239130434782608,2.0,0.1568627450980392,,0.0,0.0,,,,,,,0.004901960784313708,0.005304266253364998,0.0076923076923077205,,
provinces,Regression_sign,Extra Trees,Y2 Direction,2019,204,0.7009803921568627,0.5080645161290323,0.4274672187715665,0.4274672187715665,1.0,0.0,61.0,142.0,62.0,142.0,1.0,0.0,1.0,0.0161290322580645,0.0317460317460317,0.6995073891625616,1.0,0.8231884057971014,2.0,0.3039215686274509,,0.0,0.0,,,,,,,204,0.7058823529411765,0.5161290322580645,0.4440406976744186,0.4440406976744186,2.0,0.0,60.0,142.0,62.0,142.0,2.0,0.0,1.0,0.032258064516129,0.0625,0.7029702970297029,1.0,0.8255813953488372,2.0,0.3039215686274509,,0.0,0.0,,,,,,,-0.004901960784313819,-0.0165734789028521,-0.030753968253968297,,
provinces,Regression_sign,Extra Trees,Y2 Direction,2020,204,0.7009803921568627,0.7969458128078817,0.6306870455557204,0.6306870455557204,116.0,2.0,59.0,27.0,175.0,29.0,118.0,0.0,0.9830508474576272,0.6628571428571428,0.7918088737201365,0.313953488372093,0.9310344827586208,0.4695652173913043,2.0,0.8578431372549019,,0.0,0.0,,,,,,,204,0.6911764705882353,0.776847290640394,0.6185784240985309,0.6185784240985309,115.0,3.0,60.0,26.0,175.0,29.0,118.0,0.0,0.9745762711864406,0.6571428571428571,0.7849829351535836,0.3023255813953488,0.896551724137931,0.4521739130434782,2.0,0.8578431372549019,,0.0,0.0,,,,,,,0.009803921568627416,0.012108621457189495,0.0068259385665528916,,
provinces,Regression_sign,Extra Trees,Y2 Direction,2021,204,0.9509803921568628,0.5,0.4874371859296482,0.4874371859296482,194.0,10.0,0.0,0.0,194.0,10.0,204.0,0.0,0.9509803921568628,1.0,0.9748743718592964,,0.0,0.0,2.0,0.9509803921568628,,0.0,0.0,,,,,,,204,0.9509803921568628,0.5,0.4874371859296482,0.4874371859296482,194.0,10.0,0.0,0.0,194.0,10.0,204.0,0.0,0.9509803921568628,1.0,0.9748743718592964,,0.0,0.0,2.0,0.9509803921568628,,0.0,0.0,,,,,,,0.0,0.0,0.0,,
provinces,Regression_sign,Extra Trees,Y2 Direction,2022,204,0.7107843137254902,0.6609195402298851,0.6427956670129099,0.6427956670129099,117.0,59.0,0.0,28.0,117.0,87.0,176.0,0.0,0.6647727272727273,1.0,0.7986348122866894,1.0,0.3218390804597701,0.4869565217391304,2.0,0.5735294117647058,,0.0,0.0,,,,,,,204,0.7352941176470589,0.6896551724137931,0.68125,0.68125,117.0,54.0,0.0,33.0,117.0,87.0,171.0,0.0,0.6842105263157895,1.0,0.8125,1.0,0.3793103448275862,0.55,2.0,0.5735294117647058,,0.0,0.0,,,,,,,-0.02450980392156865,-0.03845433298709011,-0.013865187713310578,,
provinces,Regression_sign,Extra Trees,Y2 Direction,2023,204,0.6225490196078431,0.645357833655706,0.5994389901823282,0.5994389901823282,39.0,6.0,71.0,88.0,110.0,94.0,45.0,0.0,0.8666666666666667,0.3545454545454545,0.5032258064516129,0.5534591194968553,0.9361702127659576,0.6956521739130435,2.0,0.5392156862745098,,0.0,0.0,,,,,,,204,0.6078431372549019,0.6332688588007738,0.5758835758835759,0.5758835758835759,34.0,4.0,76.0,90.0,110.0,94.0,38.0,0.0,0.8947368421052632,0.3090909090909091,0.4594594594594595,0.5421686746987951,0.9574468085106383,0.6923076923076923,2.0,0.5392156862745098,,0.0,0.0,,,,,,,0.014705882352941235,0.023555414298752297,0.04376634699215337,,
provinces,Regression_sign,Extra Trees,Y2 Direction,2024,204,0.8382352941176471,0.7352941176470589,0.7589429584273284,0.7589429584273284,144.0,24.0,9.0,27.0,153.0,51.0,168.0,0.0,0.8571428571428571,0.9411764705882352,0.897196261682243,0.75,0.5294117647058824,0.6206896551724138,2.0,0.75,,0.0,0.0,,,,,,,204,0.8284313725490197,0.7483660130718954,0.7598789305532201,0.7598789305532201,139.0,21.0,14.0,30.0,153.0,51.0,160.0,0.0,0.86875,0.9084967320261438,0.8881789137380192,0.6818181818181818,0.5882352941176471,0.631578947368421,2.0,0.75,,0.0,0.0,,,,,,,0.009803921568627416,-0.0009359721258916931,0.00901734794422382,,
provinces,Regression_sign,Extra Trees,Y2 Direction,2025,204,0.9019607843137256,0.7765261627906976,0.7990147783251231,0.7990147783251231,165.0,13.0,7.0,19.0,172.0,32.0,178.0,0.0,0.9269662921348316,0.9593023255813954,0.9428571428571428,0.7307692307692307,0.59375,0.6551724137931034,2.0,0.8431372549019608,,0.0,0.0,,,,,,,204,0.9068627450980392,0.7794331395348837,0.8062678062678063,0.8062678062678063,166.0,13.0,6.0,19.0,172.0,32.0,179.0,0.0,0.9273743016759776,0.9651162790697676,0.945868945868946,0.76,0.59375,0.6666666666666666,2.0,0.8431372549019608,,0.0,0.0,,,,,,,-0.004901960784313597,-0.007253027942683121,-0.003011803011803149,,
provinces,Regression_sign,Linear,Y2 Direction,2018,204,0.803921568627451,0.7438226744186047,0.694747867724076,0.694747867724076,21.0,29.0,11.0,143.0,32.0,172.0,50.0,0.0,0.42,0.65625,0.5121951219512195,0.9285714285714286,0.8313953488372093,0.8773006134969326,2.0,0.1568627450980392,,0.0,0.0,,,,,,,204,0.8088235294117647,0.6958575581395349,0.6746677571048865,0.6746677571048865,17.0,24.0,15.0,148.0,32.0,172.0,41.0,0.0,0.4146341463414634,0.53125,0.4657534246575342,0.9079754601226994,0.8604651162790697,0.8835820895522388,2.0,0.1568627450980392,,0.0,0.0,,,,,,,-0.004901960784313708,0.020080110619189573,0.0464416972936853,,
provinces,Regression_sign,Linear,Y2 Direction,2019,204,0.7990196078431373,0.719332121762835,0.7371051390853371,0.7371051390853371,32.0,11.0,30.0,131.0,62.0,142.0,43.0,0.0,0.7441860465116279,0.5161290322580645,0.6095238095238096,0.8136645962732919,0.9225352112676056,0.8646864686468647,2.0,0.3039215686274509,,0.0,0.0,,,,,,,204,0.8088235294117647,0.7354611540208995,0.7529729561896482,0.7529729561896482,34.0,11.0,28.0,131.0,62.0,142.0,45.0,0.0,0.7555555555555555,0.5483870967741935,0.6355140186915887,0.8238993710691824,0.9225352112676056,0.8704318936877077,2.0,0.3039215686274509,,0.0,0.0,,,,,,,-0.009803921568627416,-0.015867817104311066,-0.025990209167779166,,
provinces,Regression_sign,Linear,Y2 Direction,2020,204,0.7696078431372549,0.6787192118226602,0.6311030741410488,0.6311030741410488,141.0,13.0,34.0,16.0,175.0,29.0,154.0,0.0,0.9155844155844156,0.8057142857142857,0.8571428571428571,0.32,0.5517241379310345,0.4050632911392405,2.0,0.8578431372549019,,0.0,0.0,,,,,,,204,0.7843137254901961,0.7016748768472907,0.6512820512820513,0.6512820512820513,143.0,12.0,32.0,17.0,175.0,29.0,155.0,0.0,0.9225806451612903,0.8171428571428572,0.8666666666666667,0.3469387755102041,0.5862068965517241,0.4358974358974359,2.0,0.8578431372549019,,0.0,0.0,,,,,,,-0.014705882352941124,-0.020178977141002474,-0.009523809523809601,,
provinces,Regression_sign,Linear,Y2 Direction,2021,204,0.946078431372549,0.4974226804123711,0.4861460957178841,0.4861460957178841,193.0,10.0,1.0,0.0,194.0,10.0,203.0,0.0,0.9507389162561576,0.9948453608247424,0.9722921914357684,0.0,0.0,0.0,2.0,0.9509803921568628,,0.0,0.0,,,,,,,204,0.9509803921568628,0.5,0.4874371859296482,0.4874371859296482,194.0,10.0,0.0,0.0,194.0,10.0,204.0,0.0,0.9509803921568628,1.0,0.9748743718592964,,0.0,0.0,2.0,0.9509803921568628,,0.0,0.0,,,,,,,-0.004901960784313819,-0.001291090211764101,-0.00258218042352798,,
provinces,Regression_sign,Linear,Y2 Direction,2022,204,0.8235294117647058,0.8122605363984674,0.8164734106357456,0.8164734106357456,104.0,23.0,13.0,64.0,117.0,87.0,127.0,0.0,0.8188976377952756,0.8888888888888888,0.8524590163934426,0.8311688311688312,0.735632183908046,0.7804878048780488,2.0,0.5735294117647058,,0.0,0.0,,,,,,,204,0.803921568627451,0.7922192749778957,0.7960815673730508,0.7960815673730508,102.0,25.0,15.0,62.0,117.0,87.0,127.0,0.0,0.8031496062992126,0.8717948717948718,0.8360655737704918,0.8051948051948052,0.7126436781609196,0.7560975609756098,2.0,0.5735294117647058,,0.0,0.0,,,,,,,0.019607843137254832,0.02039184326269483,0.016393442622950727,,
provinces,Regression_sign,Linear,Y2 Direction,2023,204,0.5784313725490197,0.6052224371373307,0.538510101010101,0.538510101010101,29.0,5.0,81.0,89.0,110.0,94.0,34.0,0.0,0.8529411764705882,0.2636363636363636,0.4027777777777778,0.5235294117647059,0.946808510638298,0.6742424242424242,2.0,0.5392156862745098,,0.0,0.0,,,,,,,204,0.5833333333333334,0.6097678916827853,0.545299593549233,0.545299593549233,30.0,5.0,80.0,89.0,110.0,94.0,35.0,0.0,0.8571428571428571,0.2727272727272727,0.4137931034482758,0.5266272189349113,0.946808510638298,0.6768060836501901,2.0,0.5392156862745098,,0.0,0.0,,,,,,,-0.004901960784313708,-0.006789492539131969,-0.01101532567049801,,
provinces,Regression_sign,Linear,Y2 Direction,2024,204,0.7647058823529411,0.6405228758169934,0.6522727272727272,0.6522727272727272,136.0,31.0,17.0,20.0,153.0,51.0,167.0,0.0,0.8143712574850299,0.8888888888888888,0.85,0.5405405405405406,0.392156862745098,0.4545454545454545,2.0,0.75,,0.0,0.0,,,,,,,204,0.7450980392156863,0.6078431372549019,0.6169290769897443,0.6169290769897443,135.0,34.0,18.0,17.0,153.0,51.0,169.0,0.0,0.7988165680473372,0.8823529411764706,0.8385093167701864,0.4857142857142857,0.3333333333333333,0.3953488372093023,2.0,0.75,,0.0,0.0,,,,,,,0.019607843137254832,0.03534365028298292,0.011490683229813614,,
provinces,Regression_sign,Linear,Y2 Direction,2025,204,0.7009803921568627,0.5683139534883721,0.5467492260061919,0.5467492260061919,131.0,20.0,41.0,12.0,172.0,32.0,151.0,0.0,0.8675496688741722,0.7616279069767442,0.8111455108359134,0.2264150943396226,0.375,0.2823529411764706,2.0,0.8431372549019608,,0.0,0.0,,,,,,,204,0.7254901960784313,0.6210029069767442,0.5874620829120324,0.5874620829120324,133.0,17.0,39.0,15.0,172.0,32.0,150.0,0.0,0.8866666666666667,0.7732558139534884,0.8260869565217391,0.2777777777777778,0.46875,0.3488372093023256,2.0,0.8431372549019608,,0.0,0.0,,,,,,,-0.02450980392156865,-0.04071285690584048,-0.014941445685825783,,
provinces,Regression_sign,Random Forest,Y2 Direction,2018,204,0.8578431372549019,0.5723110465116279,0.5889097352511987,0.5889097352511987,5.0,2.0,27.0,170.0,32.0,172.0,7.0,0.0,0.7142857142857143,0.15625,0.2564102564102564,0.8629441624365483,0.9883720930232558,0.9214092140921408,2.0,0.1568627450980392,,0.0,0.0,,,,,,,204,0.8676470588235294,0.6162790697674418,0.649060210258044,0.649060210258044,8.0,3.0,24.0,169.0,32.0,172.0,11.0,0.0,0.7272727272727273,0.25,0.3720930232558139,0.8756476683937824,0.9825581395348836,0.926027397260274,2.0,0.1568627450980392,,0.0,0.0,,,,,,,-0.009803921568627527,-0.06015047500684523,-0.1156827668455575,,
provinces,Regression_sign,Random Forest,Y2 Direction,2019,204,0.7156862745098039,0.532258064516129,0.4758107389686337,0.4758107389686337,4.0,0.0,58.0,142.0,62.0,142.0,4.0,0.0,1.0,0.064516129032258,0.1212121212121212,0.71,1.0,0.8304093567251462,2.0,0.3039215686274509,,0.0,0.0,,,,,,,204,0.7058823529411765,0.5161290322580645,0.4440406976744186,0.4440406976744186,2.0,0.0,60.0,142.0,62.0,142.0,2.0,0.0,1.0,0.032258064516129,0.0625,0.7029702970297029,1.0,0.8255813953488372,2.0,0.3039215686274509,,0.0,0.0,,,,,,,0.009803921568627416,0.03177004129421507,0.0587121212121212,,
provinces,Regression_sign,Random Forest,Y2 Direction,2020,204,0.5441176470588235,0.6911330049261084,0.5025042611773961,0.5025042611773961,85.0,3.0,90.0,26.0,175.0,29.0,88.0,0.0,0.9659090909090908,0.4857142857142857,0.6463878326996197,0.2241379310344827,0.896551724137931,0.3586206896551724,2.0,0.8578431372549019,,0.0,0.0,,,,,,,204,0.5245098039215687,0.679704433497537,0.4872379570366147,0.4872379570366147,81.0,3.0,94.0,26.0,175.0,29.0,84.0,0.0,0.9642857142857144,0.4628571428571428,0.6254826254826255,0.2166666666666666,0.896551724137931,0.348993288590604,2.0,0.8578431372549019,,0.0,0.0,,,,,,,0.019607843137254832,0.015266304140781395,0.020905207216994293,,
provinces,Regression_sign,Random Forest,Y2 Direction,2021,204,0.9509803921568628,0.5,0.4874371859296482,0.4874371859296482,194.0,10.0,0.0,0.0,194.0,10.0,204.0,0.0,0.9509803921568628,1.0,0.9748743718592964,,0.0,0.0,2.0,0.9509803921568628,,0.0,0.0,,,,,,,204,0.9509803921568628,0.5,0.4874371859296482,0.4874371859296482,194.0,10.0,0.0,0.0,194.0,10.0,204.0,0.0,0.9509803921568628,1.0,0.9748743718592964,,0.0,0.0,2.0,0.9509803921568628,,0.0,0.0,,,,,,,0.0,0.0,0.0,,
provinces,Regression_sign,Random Forest,Y2 Direction,2022,204,0.8235294117647058,0.8048924255820807,0.8122507413845996,0.8122507413845996,109.0,28.0,8.0,59.0,117.0,87.0,137.0,0.0,0.7956204379562044,0.9316239316239316,0.8582677165354331,0.8805970149253731,0.6781609195402298,0.7662337662337663,2.0,0.5735294117647058,,0.0,0.0,,,,,,,204,0.8088235294117647,0.7847038019451813,0.7926342950973493,0.7926342950973493,111.0,33.0,6.0,54.0,117.0,87.0,144.0,0.0,0.7708333333333334,0.9487179487179488,0.8505747126436781,0.9,0.6206896551724138,0.7346938775510204,2.0,0.5735294117647058,,0.0,0.0,,,,,,,0.014705882352941124,0.019616446287250344,0.007693003891754979,,
provinces,Regression_sign,Random Forest,Y2 Direction,2023,204,0.6176470588235294,0.643907156673114,0.584021750496706,0.584021750496706,34.0,2.0,76.0,92.0,110.0,94.0,36.0,0.0,0.9444444444444444,0.3090909090909091,0.4657534246575342,0.5476190476190477,0.9787234042553192,0.7022900763358778,2.0,0.5392156862745098,,0.0,0.0,,,,,,,204,0.6078431372549019,0.6332688588007738,0.5758835758835759,0.5758835758835759,34.0,4.0,76.0,90.0,110.0,94.0,38.0,0.0,0.8947368421052632,0.3090909090909091,0.4594594594594595,0.5421686746987951,0.9574468085106383,0.6923076923076923,2.0,0.5392156862745098,,0.0,0.0,,,,,,,0.009803921568627527,0.008138174613130156,0.006293965198074736,,
provinces,Regression_sign,Random Forest,Y2 Direction,2024,204,0.7941176470588235,0.7581699346405228,0.7415540540540541,0.7415540540540541,127.0,16.0,26.0,35.0,153.0,51.0,143.0,0.0,0.8881118881118881,0.8300653594771242,0.8581081081081081,0.5737704918032787,0.6862745098039216,0.625,2.0,0.75,,0.0,0.0,,,,,,,204,0.8284313725490197,0.8006535947712419,0.7834197834197834,0.7834197834197834,131.0,13.0,22.0,38.0,153.0,51.0,144.0,0.0,0.9097222222222222,0.8562091503267973,0.8821548821548821,0.6333333333333333,0.7450980392156863,0.6846846846846847,2.0,0.75,,0.0,0.0,,,,,,,-0.03431372549019618,-0.0418657293657293,-0.024046774046774022,,
provinces,Regression_sign,Random Forest,Y2 Direction,2025,204,0.9019607843137256,0.8273982558139534,0.8192450824029771,0.8192450824029771,161.0,9.0,11.0,23.0,172.0,32.0,170.0,0.0,0.9470588235294116,0.936046511627907,0.9415204678362572,0.6764705882352942,0.71875,0.696969696969697,2.0,0.8431372549019608,,0.0,0.0,,,,,,,204,0.8921568627450981,0.8215843023255813,0.8058823529411765,0.8058823529411765,159.0,9.0,13.0,23.0,172.0,32.0,168.0,0.0,0.9464285714285714,0.9244186046511628,0.9352941176470588,0.6388888888888888,0.71875,0.6764705882352942,2.0,0.8431372549019608,,0.0,0.0,,,,,,,0.009803921568627527,0.013362729461800615,0.006226350189198371,,
provinces,Regression_sign,XGBoost,Y2 Direction,2018,204,0.8725490196078431,0.6191860465116279,0.6549570647931304,0.6549570647931304,8.0,2.0,24.0,170.0,32.0,172.0,10.0,0.0,0.8,0.25,0.3809523809523809,0.8762886597938144,0.9883720930232558,0.9289617486338798,2.0,0.1568627450980392,,0.0,0.0,,,,,,,204,0.8725490196078431,0.6191860465116279,0.6549570647931304,0.6549570647931304,8.0,2.0,24.0,170.0,32.0,172.0,10.0,0.0,0.8,0.25,0.3809523809523809,0.8762886597938144,0.9883720930232558,0.9289617486338798,2.0,0.1568627450980392,,0.0,0.0,,,,,,,0.0,0.0,0.0,,
provinces,Regression_sign,XGBoost,Y2 Direction,2019,204,0.7303921568627451,0.5746251703771014,0.559775571860164,0.559775571860164,11.0,4.0,51.0,138.0,62.0,142.0,15.0,0.0,0.7333333333333333,0.1774193548387097,0.2857142857142857,0.7301587301587301,0.971830985915493,0.8338368580060423,2.0,0.3039215686274509,,0.0,0.0,,,,,,,204,0.7352941176470589,0.5781462971376647,0.5634115409004439,0.5634115409004439,11.0,3.0,51.0,139.0,62.0,142.0,14.0,0.0,0.7857142857142857,0.1774193548387097,0.2894736842105263,0.7315789473684211,0.9788732394366196,0.8373493975903614,2.0,0.3039215686274509,,0.0,0.0,,,,,,,-0.004901960784313819,-0.0036359690402798517,-0.003759398496240629,,
provinces,Regression_sign,XGBoost,Y2 Direction,2020,204,0.6078431372549019,0.6995073891625616,0.5446428571428572,0.5446428571428572,100.0,5.0,75.0,24.0,175.0,29.0,105.0,0.0,0.9523809523809524,0.5714285714285714,0.7142857142857143,0.2424242424242424,0.8275862068965517,0.375,2.0,0.8578431372549019,,0.0,0.0,,,,,,,204,0.6176470588235294,0.7196059113300493,0.5560267857142858,0.5560267857142858,101.0,4.0,74.0,25.0,175.0,29.0,105.0,0.0,0.961904761904762,0.5771428571428572,0.7214285714285714,0.2525252525252525,0.8620689655172413,0.390625,2.0,0.8578431372549019,,0.0,0.0,,,,,,,-0.009803921568627527,-0.011383928571428559,-0.0071428571428571175,,
provinces,Regression_sign,XGBoost,Y2 Direction,2021,204,0.946078431372549,0.5922680412371134,0.6193384223918575,0.6193384223918575,191.0,8.0,3.0,2.0,194.0,10.0,199.0,0.0,0.9597989949748744,0.9845360824742267,0.9720101781170484,0.4,0.2,0.2666666666666666,2.0,0.9509803921568628,,0.0,0.0,,,,,,,204,0.9509803921568628,0.5,0.4874371859296482,0.4874371859296482,194.0,10.0,0.0,0.0,194.0,10.0,204.0,0.0,0.9509803921568628,1.0,0.9748743718592964,,0.0,0.0,2.0,0.9509803921568628,,0.0,0.0,,,,,,,-0.004901960784313819,0.13190123646220936,-0.002864193742248,,
provinces,Regression_sign,XGBoost,Y2 Direction,2022,204,0.7696078431372549,0.7637783672266432,0.7641618497109827,0.7641618497109827,94.0,24.0,23.0,63.0,117.0,87.0,118.0,0.0,0.7966101694915254,0.8034188034188035,0.8,0.7325581395348837,0.7241379310344828,0.7283236994219653,2.0,0.5735294117647058,,0.0,0.0,,,,,,,204,0.7990196078431373,0.7923666371942234,0.7936190687689688,0.7936190687689688,98.0,22.0,19.0,65.0,117.0,87.0,120.0,0.0,0.8166666666666667,0.8376068376068376,0.8270042194092827,0.7738095238095238,0.7471264367816092,0.7602339181286549,2.0,0.5735294117647058,,0.0,0.0,,,,,,,-0.02941176470588236,-0.02945721905798615,-0.02700421940928266,,
provinces,Regression_sign,XGBoost,Y2 Direction,2023,204,0.7254901960784313,0.7431334622823984,0.7176470588235293,0.7176470588235293,57.0,3.0,53.0,91.0,110.0,94.0,60.0,0.0,0.95,0.5181818181818182,0.6705882352941176,0.6319444444444444,0.9680851063829788,0.7647058823529411,2.0,0.5392156862745098,,0.0,0.0,,,,,,,204,0.7107843137254902,0.7271760154738878,0.7039478538925101,0.7039478538925101,57.0,6.0,53.0,88.0,110.0,94.0,63.0,0.0,0.9047619047619048,0.5181818181818182,0.6589595375722543,0.624113475177305,0.9361702127659576,0.7489361702127659,2.0,0.5392156862745098,,0.0,0.0,,,,,,,0.014705882352941124,0.013699204931019171,0.011628697721863257,,
provinces,Regression_sign,XGBoost,Y2 Direction,2024,204,0.7843137254901961,0.7516339869281046,0.73218761188686,0.73218761188686,125.0,16.0,28.0,35.0,153.0,51.0,141.0,0.0,0.8865248226950354,0.8169934640522876,0.8503401360544217,0.5555555555555556,0.6862745098039216,0.6140350877192983,2.0,0.75,,0.0,0.0,,,,,,,204,0.7843137254901961,0.7581699346405228,0.7350023618327822,0.7350023618327822,124.0,15.0,29.0,36.0,153.0,51.0,139.0,0.0,0.8920863309352518,0.8104575163398693,0.8493150684931506,0.5538461538461539,0.7058823529411765,0.6206896551724138,2.0,0.75,,0.0,0.0,,,,,,,0.0,-0.0028147499459222347,0.0010250675612710758,,
provinces,Regression_sign,XGBoost,Y2 Direction,2025,204,0.8921568627450981,0.8088662790697674,0.8011695906432748,0.8011695906432748,160.0,10.0,12.0,22.0,172.0,32.0,170.0,0.0,0.9411764705882352,0.9302325581395348,0.935672514619883,0.6470588235294118,0.6875,0.6666666666666666,2.0,0.8431372549019608,,0.0,0.0,,,,,,,204,0.8921568627450981,0.8088662790697674,0.8011695906432748,0.8011695906432748,160.0,10.0,12.0,22.0,172.0,32.0,170.0,0.0,0.9411764705882352,0.9302325581395348,0.935672514619883,0.6470588235294118,0.6875,0.6666666666666666,2.0,0.8431372549019608,,0.0,0.0,,,,,,,0.0,0.0,0.0,,
seoul,Benchmark,Always down,Y2 Direction,2018,300,0.6166666666666667,0.5,0.3814432989690721,0.3814432989690721,0.0,0.0,115.0,185.0,115.0,185.0,0.0,0.0,,0.0,0.0,0.6166666666666667,1.0,0.7628865979381443,2.0,0.3833333333333333,0.5,12.0,1444.0,0.7097532314923619,0.5311304347826087,,,,,300,0.6166666666666667,0.5,0.3814432989690721,0.3814432989690721,0.0,0.0,115.0,185.0,115.0,185.0,0.0,0.0,,0.0,0.0,0.6166666666666667,1.0,0.7628865979381443,2.0,0.3833333333333333,0.5,12.0,1444.0,0.7097532314923619,0.5311304347826087,,,,,0.0,0.0,0.0,,
seoul,Benchmark,Always down,Y2 Direction,2019,300,0.3833333333333333,0.5,0.2771084337349397,0.2771084337349397,0.0,0.0,185.0,115.0,185.0,115.0,0.0,0.0,,0.0,0.0,0.3833333333333333,1.0,0.5542168674698795,2.0,0.6166666666666667,0.5,12.0,750.0,0.117508813160987,0.4978738738738739,,,,,300,0.3833333333333333,0.5,0.2771084337349397,0.2771084337349397,0.0,0.0,185.0,115.0,185.0,115.0,0.0,0.0,,0.0,0.0,0.3833333333333333,1.0,0.5542168674698795,2.0,0.6166666666666667,0.5,12.0,750.0,0.117508813160987,0.4978738738738739,,,,,0.0,0.0,0.0,,
seoul,Benchmark,Always down,Y2 Direction,2020,300,0.02,0.5,0.0196078431372549,0.0196078431372549,0.0,0.0,294.0,6.0,294.0,6.0,0.0,0.0,,0.0,0.0,0.02,1.0,0.0392156862745098,2.0,0.98,0.5,3.0,136.0,0.8826530612244898,0.9953061224489796,,,,,300,0.02,0.5,0.0196078431372549,0.0196078431372549,0.0,0.0,294.0,6.0,294.0,6.0,0.0,0.0,,0.0,0.0,0.02,1.0,0.0392156862745098,2.0,0.98,0.5,3.0,136.0,0.8826530612244898,0.9953061224489796,,,,,0.0,0.0,0.0,,
seoul,Benchmark,Always down,Y2 Direction,2021,300,0.0,0.0,0.0,0.0,0.0,0.0,300.0,0.0,300.0,0.0,0.0,0.0,,0.0,0.0,0.0,,0.0,1.0,1.0,,0.0,0.0,,,,,,,300,0.0,0.0,0.0,0.0,0.0,0.0,300.0,0.0,300.0,0.0,0.0,0.0,,0.0,0.0,0.0,,0.0,1.0,1.0,,0.0,0.0,,,,,,,0.0,0.0,0.0,,
seoul,Benchmark,Always down,Y2 Direction,2022,300,0.4133333333333333,0.5,0.2924528301886792,0.2924528301886792,0.0,0.0,176.0,124.0,176.0,124.0,0.0,0.0,,0.0,0.0,0.4133333333333333,1.0,0.5849056603773585,2.0,0.5866666666666667,0.5,6.0,482.0,0.0532441348973606,0.4642424242424242,,,,,300,0.4133333333333333,0.5,0.2924528301886792,0.2924528301886792,0.0,0.0,176.0,124.0,176.0,124.0,0.0,0.0,,0.0,0.0,0.4133333333333333,1.0,0.5849056603773585,2.0,0.5866666666666667,0.5,6.0,482.0,0.0532441348973606,0.4642424242424242,,,,,0.0,0.0,0.0,,
seoul,Benchmark,Always down,Y2 Direction,2023,300,0.2966666666666667,0.5,0.2287917737789203,0.2287917737789203,0.0,0.0,211.0,89.0,211.0,89.0,0.0,0.0,,0.0,0.0,0.2966666666666667,1.0,0.4575835475578406,2.0,0.7033333333333334,0.5,8.0,340.0,0.0506949251823845,0.5840758293838864,,,,,300,0.2966666666666667,0.5,0.2287917737789203,0.2287917737789203,0.0,0.0,211.0,89.0,211.0,89.0,0.0,0.0,,0.0,0.0,0.2966666666666667,1.0,0.4575835475578406,2.0,0.7033333333333334,0.5,8.0,340.0,0.0506949251823845,0.5840758293838864,,,,,0.0,0.0,0.0,,
seoul,Benchmark,Always down,Y2 Direction,2024,300,0.0033333333333333,0.5,0.0033222591362126,0.0033222591362126,0.0,0.0,299.0,1.0,299.0,1.0,0.0,0.0,,0.0,0.0,0.0033333333333333,1.0,0.0066445182724252,2.0,0.9966666666666668,0.5,1.0,24.0,0.8762541806020068,0.99917502787068,,,,,300,0.0033333333333333,0.5,0.0033222591362126,0.0033222591362126,0.0,0.0,299.0,1.0,299.0,1.0,0.0,0.0,,0.0,0.0,0.0033333333333333,1.0,0.0066445182724252,2.0,0.9966666666666668,0.5,1.0,24.0,0.8762541806020068,0.99917502787068,,,,,0.0,0.0,0.0,,
seoul,Benchmark,Always down,Y2 Direction,2025,300,0.0,0.0,0.0,0.0,0.0,0.0,300.0,0.0,300.0,0.0,0.0,0.0,,0.0,0.0,0.0,,0.0,1.0,1.0,,0.0,0.0,,,,,,,300,0.0,0.0,0.0,0.0,0.0,0.0,300.0,0.0,300.0,0.0,0.0,0.0,,0.0,0.0,0.0,,0.0,1.0,1.0,,0.0,0.0,,,,,,,0.0,0.0,0.0,,
seoul,Benchmark,Always event,Y3 Surge,2018,300,0.15,0.5,0.1304347826086956,0.1304347826086956,45.0,255.0,0.0,0.0,45.0,255.0,300.0,0.0,0.15,1.0,0.2608695652173913,,0.0,0.0,2.0,0.15,0.5,9.0,832.0,0.7450980392156863,0.269037037037037,,,,,300,0.15,0.5,0.1304347826086956,0.1304347826086956,45.0,255.0,0.0,0.0,45.0,255.0,300.0,0.0,0.15,1.0,0.2608695652173913,,0.0,0.0,2.0,0.15,0.5,9.0,832.0,0.7450980392156863,0.269037037037037,,,,,0.0,0.0,0.0,,
seoul,Benchmark,Always event,Y3 Surge,2019,300,0.2566666666666666,0.5,0.2042440318302387,0.2042440318302387,77.0,223.0,0.0,0.0,77.0,223.0,300.0,0.0,0.2566666666666666,1.0,0.4084880636604774,,0.0,0.0,2.0,0.2566666666666666,0.5,8.0,1010.0,0.2139071690641197,0.2084704184704184,,,,,300,0.2566666666666666,0.5,0.2042440318302387,0.2042440318302387,77.0,223.0,0.0,0.0,77.0,223.0,300.0,0.0,0.2566666666666666,1.0,0.4084880636604774,,0.0,0.0,2.0,0.2566666666666666,0.5,8.0,1010.0,0.2139071690641197,0.2084704184704184,,,,,0.0,0.0,0.0,,
seoul,Benchmark,Always event,Y3 Surge,2020,300,0.78,0.5,0.4382022471910112,0.4382022471910112,234.0,66.0,0.0,0.0,234.0,66.0,300.0,0.0,0.78,1.0,0.8764044943820225,,0.0,0.0,2.0,0.78,0.5,6.0,768.0,0.8836441336441336,0.9518423551756884,,,,,300,0.78,0.5,0.4382022471910112,0.4382022471910112,234.0,66.0,0.0,0.0,234.0,66.0,300.0,0.0,0.78,1.0,0.8764044943820225,,0.0,0.0,2.0,0.78,0.5,6.0,768.0,0.8836441336441336,0.9518423551756884,,,,,0.0,0.0,0.0,,
seoul,Benchmark,Always event,Y3 Surge,2021,300,0.8633333333333333,0.5,0.4633273703041144,0.4633273703041144,259.0,41.0,0.0,0.0,259.0,41.0,300.0,0.0,0.8633333333333333,1.0,0.9266547406082288,,0.0,0.0,2.0,0.8633333333333333,0.5,12.0,812.0,0.5459082776155947,0.8659202059202059,,,,,300,0.8633333333333333,0.5,0.4633273703041144,0.4633273703041144,259.0,41.0,0.0,0.0,259.0,41.0,300.0,0.0,0.8633333333333333,1.0,0.9266547406082288,,0.0,0.0,2.0,0.8633333333333333,0.5,12.0,812.0,0.5459082776155947,0.8659202059202059,,,,,0.0,0.0,0.0,,
seoul,Benchmark,Always event,Y3 Surge,2022,300,0.1466666666666666,0.5,0.127906976744186,0.127906976744186,44.0,256.0,0.0,0.0,44.0,256.0,300.0,0.0,0.1466666666666666,1.0,0.2558139534883721,,0.0,0.0,2.0,0.1466666666666666,0.5,9.0,860.0,0.3335404829545454,0.1225757575757575,,,,,300,0.1466666666666666,0.5,0.127906976744186,0.127906976744186,44.0,256.0,0.0,0.0,44.0,256.0,300.0,0.0,0.1466666666666666,1.0,0.2558139534883721,,0.0,0.0,2.0,0.1466666666666666,0.5,9.0,860.0,0.3335404829545454,0.1225757575757575,,,,,0.0,0.0,0.0,,
seoul,Benchmark,Always event,Y3 Surge,2023,300,0.28,0.5,0.21875,0.21875,84.0,216.0,0.0,0.0,84.0,216.0,300.0,0.0,0.28,1.0,0.4375,,0.0,0.0,2.0,0.28,0.5,8.0,1108.0,0.2023809523809523,0.2190740740740741,,,,,300,0.28,0.5,0.21875,0.21875,84.0,216.0,0.0,0.0,84.0,216.0,300.0,0.0,0.28,1.0,0.4375,,0.0,0.0,2.0,0.28,0.5,8.0,1108.0,0.2023809523809523,0.2190740740740741,,,,,0.0,0.0,0.0,,
seoul,Benchmark,Always event,Y3 Surge,2024,300,0.7533333333333333,0.5,0.4296577946768061,0.4296577946768061,226.0,74.0,0.0,0.0,226.0,74.0,300.0,0.0,0.7533333333333333,1.0,0.8593155893536122,,0.0,0.0,2.0,0.7533333333333333,0.5,12.0,1084.0,0.2847404927050945,0.6657128810226155,,,,,300,0.7533333333333333,0.5,0.4296577946768061,0.4296577946768061,226.0,74.0,0.0,0.0,226.0,74.0,300.0,0.0,0.7533333333333333,1.0,0.8593155893536122,,0.0,0.0,2.0,0.7533333333333333,0.5,12.0,1084.0,0.2847404927050945,0.6657128810226155,,,,,0.0,0.0,0.0,,
seoul,Benchmark,Always event,Y3 Surge,2025,300,0.7933333333333333,0.5,0.4423791821561338,0.4423791821561338,238.0,62.0,0.0,0.0,238.0,62.0,300.0,0.0,0.7933333333333333,1.0,0.8847583643122676,,0.0,0.0,2.0,0.7933333333333333,0.5,9.0,850.0,0.8456221198156683,0.9397759103641457,,,,,300,0.7933333333333333,0.5,0.4423791821561338,0.4423791821561338,238.0,62.0,0.0,0.0,238.0,62.0,300.0,0.0,0.7933333333333333,1.0,0.8847583643122676,,0.0,0.0,2.0,0.7933333333333333,0.5,9.0,850.0,0.8456221198156683,0.9397759103641457,,,,,0.0,0.0,0.0,,
seoul,Benchmark,Always event,Y4 Drop,2018,300,0.3866666666666666,0.5,0.2788461538461538,0.2788461538461538,116.0,184.0,0.0,0.0,116.0,184.0,300.0,0.0,0.3866666666666666,1.0,0.5576923076923077,,0.0,0.0,2.0,0.3866666666666666,0.5,12.0,1304.0,0.696776611694153,0.5973563218390805,,,,,300,0.3866666666666666,0.5,0.2788461538461538,0.2788461538461538,116.0,184.0,0.0,0.0,116.0,184.0,300.0,0.0,0.3866666666666666,1.0,0.5576923076923077,,0.0,0.0,2.0,0.3866666666666666,0.5,12.0,1304.0,0.696776611694153,0.5973563218390805,,,,,0.0,0.0,0.0,,
seoul,Benchmark,Always event,Y4 Drop,2019,300,0.16,0.5,0.1379310344827586,0.1379310344827586,48.0,252.0,0.0,0.0,48.0,252.0,300.0,0.0,0.16,1.0,0.2758620689655172,,0.0,0.0,2.0,0.16,0.5,5.0,506.0,0.0845734126984127,0.1456481481481481,,,,,300,0.16,0.5,0.1379310344827586,0.1379310344827586,48.0,252.0,0.0,0.0,48.0,252.0,300.0,0.0,0.16,1.0,0.2758620689655172,,0.0,0.0,2.0,0.16,0.5,5.0,506.0,0.0845734126984127,0.1456481481481481,,,,,0.0,0.0,0.0,,
seoul,Benchmark,Always event,Y4 Drop,2020,300,0.0,0.0,0.0,0.0,0.0,300.0,0.0,0.0,0.0,300.0,300.0,0.0,0.0,,0.0,,0.0,0.0,1.0,0.0,,0.0,0.0,,,,,,,300,0.0,0.0,0.0,0.0,0.0,300.0,0.0,0.0,0.0,300.0,300.0,0.0,0.0,,0.0,,0.0,0.0,1.0,0.0,,0.0,0.0,,,,,,,0.0,0.0,0.0,,
seoul,Benchmark,Always event,Y4 Drop,2021,300,0.0,0.0,0.0,0.0,0.0,300.0,0.0,0.0,0.0,300.0,300.0,0.0,0.0,,0.0,,0.0,0.0,1.0,0.0,,0.0,0.0,,,,,,,300,0.0,0.0,0.0,0.0,0.0,300.0,0.0,0.0,0.0,300.0,300.0,0.0,0.0,,0.0,,0.0,0.0,1.0,0.0,,0.0,0.0,,,,,,,0.0,0.0,0.0,,
seoul,Benchmark,Always event,Y4 Drop,2022,300,0.3466666666666667,0.5,0.2574257425742574,0.2574257425742574,104.0,196.0,0.0,0.0,104.0,196.0,300.0,0.0,0.3466666666666667,1.0,0.5148514851485149,,0.0,0.0,2.0,0.3466666666666667,0.5,5.0,526.0,0.0547978806907378,0.2823504273504273,,,,,300,0.3466666666666667,0.5,0.2574257425742574,0.2574257425742574,104.0,196.0,0.0,0.0,104.0,196.0,300.0,0.0,0.3466666666666667,1.0,0.5148514851485149,,0.0,0.0,2.0,0.3466666666666667,0.5,5.0,526.0,0.0547978806907378,0.2823504273504273,,,,,0.0,0.0,0.0,,
seoul,Benchmark,Always event,Y4 Drop,2023,300,0.29,0.5,0.2248062015503876,0.2248062015503876,87.0,213.0,0.0,0.0,87.0,213.0,300.0,0.0,0.29,1.0,0.4496124031007752,,0.0,0.0,2.0,0.29,0.5,6.0,292.0,0.0487291565484863,0.2515581098339718,,,,,300,0.29,0.5,0.2248062015503876,0.2248062015503876,87.0,213.0,0.0,0.0,87.0,213.0,300.0,0.0,0.29,1.0,0.4496124031007752,,0.0,0.0,2.0,0.29,0.5,6.0,292.0,0.0487291565484863,0.2515581098339718,,,,,0.0,0.0,0.0,,
seoul,Benchmark,Always event,Y4 Drop,2024,300,0.0,0.0,0.0,0.0,0.0,300.0,0.0,0.0,0.0,300.0,300.0,0.0,0.0,,0.0,,0.0,0.0,1.0,0.0,,0.0,0.0,,,,,,,300,0.0,0.0,0.0,0.0,0.0,300.0,0.0,0.0,0.0,300.0,300.0,0.0,0.0,,0.0,,0.0,0.0,1.0,0.0,,0.0,0.0,,,,,,,0.0,0.0,0.0,,
seoul,Benchmark,Always event,Y4 Drop,2025,300,0.0,0.0,0.0,0.0,0.0,300.0,0.0,0.0,0.0,300.0,300.0,0.0,0.0,,0.0,,0.0,0.0,1.0,0.0,,0.0,0.0,,,,,,,300,0.0,0.0,0.0,0.0,0.0,300.0,0.0,0.0,0.0,300.0,300.0,0.0,0.0,,0.0,,0.0,0.0,1.0,0.0,,0.0,0.0,,,,,,,0.0,0.0,0.0,,
seoul,Benchmark,Always no event,Y3 Surge,2018,300,0.85,0.5,0.4594594594594595,0.4594594594594595,0.0,0.0,45.0,255.0,45.0,255.0,0.0,0.0,,0.0,0.0,0.85,1.0,0.918918918918919,2.0,0.15,0.5,9.0,832.0,0.7450980392156863,0.269037037037037,,,,,300,0.85,0.5,0.4594594594594595,0.4594594594594595,0.0,0.0,45.0,255.0,45.0,255.0,0.0,0.0,,0.0,0.0,0.85,1.0,0.918918918918919,2.0,0.15,0.5,9.0,832.0,0.7450980392156863,0.269037037037037,,,,,0.0,0.0,0.0,,
seoul,Benchmark,Always no event,Y3 Surge,2019,300,0.7433333333333333,0.5,0.4263862332695984,0.4263862332695984,0.0,0.0,77.0,223.0,77.0,223.0,0.0,0.0,,0.0,0.0,0.7433333333333333,1.0,0.8527724665391969,2.0,0.2566666666666666,0.5,8.0,1010.0,0.2139071690641197,0.2084704184704184,,,,,300,0.7433333333333333,0.5,0.4263862332695984,0.4263862332695984,0.0,0.0,77.0,223.0,77.0,223.0,0.0,0.0,,0.0,0.0,0.7433333333333333,1.0,0.8527724665391969,2.0,0.2566666666666666,0.5,8.0,1010.0,0.2139071690641197,0.2084704184704184,,,,,0.0,0.0,0.0,,
seoul,Benchmark,Always no event,Y3 Surge,2020,300,0.22,0.5,0.180327868852459,0.180327868852459,0.0,0.0,234.0,66.0,234.0,66.0,0.0,0.0,,0.0,0.0,0.22,1.0,0.360655737704918,2.0,0.78,0.5,6.0,768.0,0.8836441336441336,0.9518423551756884,,,,,300,0.22,0.5,0.180327868852459,0.180327868852459,0.0,0.0,234.0,66.0,234.0,66.0,0.0,0.0,,0.0,0.0,0.22,1.0,0.360655737704918,2.0,0.78,0.5,6.0,768.0,0.8836441336441336,0.9518423551756884,,,,,0.0,0.0,0.0,,
seoul,Benchmark,Always no event,Y3 Surge,2021,300,0.1366666666666666,0.5,0.1202346041055718,0.1202346041055718,0.0,0.0,259.0,41.0,259.0,41.0,0.0,0.0,,0.0,0.0,0.1366666666666666,1.0,0.2404692082111437,2.0,0.8633333333333333,0.5,12.0,812.0,0.5459082776155947,0.8659202059202059,,,,,300,0.1366666666666666,0.5,0.1202346041055718,0.1202346041055718,0.0,0.0,259.0,41.0,259.0,41.0,0.0,0.0,,0.0,0.0,0.1366666666666666,1.0,0.2404692082111437,2.0,0.8633333333333333,0.5,12.0,812.0,0.5459082776155947,0.8659202059202059,,,,,0.0,0.0,0.0,,
seoul,Benchmark,Always no event,Y3 Surge,2022,300,0.8533333333333334,0.5,0.460431654676259,0.460431654676259,0.0,0.0,44.0,256.0,44.0,256.0,0.0,0.0,,0.0,0.0,0.8533333333333334,1.0,0.920863309352518,2.0,0.1466666666666666,0.5,9.0,860.0,0.3335404829545454,0.1225757575757575,,,,,300,0.8533333333333334,0.5,0.460431654676259,0.460431654676259,0.0,0.0,44.0,256.0,44.0,256.0,0.0,0.0,,0.0,0.0,0.8533333333333334,1.0,0.920863309352518,2.0,0.1466666666666666,0.5,9.0,860.0,0.3335404829545454,0.1225757575757575,,,,,0.0,0.0,0.0,,
seoul,Benchmark,Always no event,Y3 Surge,2023,300,0.72,0.5,0.4186046511627907,0.4186046511627907,0.0,0.0,84.0,216.0,84.0,216.0,0.0,0.0,,0.0,0.0,0.72,1.0,0.8372093023255814,2.0,0.28,0.5,8.0,1108.0,0.2023809523809523,0.2190740740740741,,,,,300,0.72,0.5,0.4186046511627907,0.4186046511627907,0.0,0.0,84.0,216.0,84.0,216.0,0.0,0.0,,0.0,0.0,0.72,1.0,0.8372093023255814,2.0,0.28,0.5,8.0,1108.0,0.2023809523809523,0.2190740740740741,,,,,0.0,0.0,0.0,,
seoul,Benchmark,Always no event,Y3 Surge,2024,300,0.2466666666666666,0.5,0.1978609625668449,0.1978609625668449,0.0,0.0,226.0,74.0,226.0,74.0,0.0,0.0,,0.0,0.0,0.2466666666666666,1.0,0.3957219251336898,2.0,0.7533333333333333,0.5,12.0,1084.0,0.2847404927050945,0.6657128810226155,,,,,300,0.2466666666666666,0.5,0.1978609625668449,0.1978609625668449,0.0,0.0,226.0,74.0,226.0,74.0,0.0,0.0,,0.0,0.0,0.2466666666666666,1.0,0.3957219251336898,2.0,0.7533333333333333,0.5,12.0,1084.0,0.2847404927050945,0.6657128810226155,,,,,0.0,0.0,0.0,,
seoul,Benchmark,Always no event,Y3 Surge,2025,300,0.2066666666666666,0.5,0.1712707182320442,0.1712707182320442,0.0,0.0,238.0,62.0,238.0,62.0,0.0,0.0,,0.0,0.0,0.2066666666666666,1.0,0.3425414364640884,2.0,0.7933333333333333,0.5,9.0,850.0,0.8456221198156683,0.9397759103641457,,,,,300,0.2066666666666666,0.5,0.1712707182320442,0.1712707182320442,0.0,0.0,238.0,62.0,238.0,62.0,0.0,0.0,,0.0,0.0,0.2066666666666666,1.0,0.3425414364640884,2.0,0.7933333333333333,0.5,9.0,850.0,0.8456221198156683,0.9397759103641457,,,,,0.0,0.0,0.0,,
seoul,Benchmark,Always no event,Y4 Drop,2018,300,0.6133333333333333,0.5,0.3801652892561983,0.3801652892561983,0.0,0.0,116.0,184.0,116.0,184.0,0.0,0.0,,0.0,0.0,0.6133333333333333,1.0,0.7603305785123967,2.0,0.3866666666666666,0.5,12.0,1304.0,0.696776611694153,0.5973563218390805,,,,,300,0.6133333333333333,0.5,0.3801652892561983,0.3801652892561983,0.0,0.0,116.0,184.0,116.0,184.0,0.0,0.0,,0.0,0.0,0.6133333333333333,1.0,0.7603305785123967,2.0,0.3866666666666666,0.5,12.0,1304.0,0.696776611694153,0.5973563218390805,,,,,0.0,0.0,0.0,,
seoul,Benchmark,Always no event,Y4 Drop,2019,300,0.84,0.5,0.4565217391304347,0.4565217391304347,0.0,0.0,48.0,252.0,48.0,252.0,0.0,0.0,,0.0,0.0,0.84,1.0,0.9130434782608696,2.0,0.16,0.5,5.0,506.0,0.0845734126984127,0.1456481481481481,,,,,300,0.84,0.5,0.4565217391304347,0.4565217391304347,0.0,0.0,48.0,252.0,48.0,252.0,0.0,0.0,,0.0,0.0,0.84,1.0,0.9130434782608696,2.0,0.16,0.5,5.0,506.0,0.0845734126984127,0.1456481481481481,,,,,0.0,0.0,0.0,,
seoul,Benchmark,Always no event,Y4 Drop,2020,300,1.0,1.0,1.0,0.5,0.0,0.0,0.0,300.0,0.0,300.0,0.0,0.0,,,,1.0,1.0,1.0,1.0,0.0,,0.0,0.0,,,,,,,300,1.0,1.0,1.0,0.5,0.0,0.0,0.0,300.0,0.0,300.0,0.0,0.0,,,,1.0,1.0,1.0,1.0,0.0,,0.0,0.0,,,,,,,0.0,0.0,,,
seoul,Benchmark,Always no event,Y4 Drop,2021,300,1.0,1.0,1.0,0.5,0.0,0.0,0.0,300.0,0.0,300.0,0.0,0.0,,,,1.0,1.0,1.0,1.0,0.0,,0.0,0.0,,,,,,,300,1.0,1.0,1.0,0.5,0.0,0.0,0.0,300.0,0.0,300.0,0.0,0.0,,,,1.0,1.0,1.0,1.0,0.0,,0.0,0.0,,,,,,,0.0,0.0,,,
seoul,Benchmark,Always no event,Y4 Drop,2022,300,0.6533333333333333,0.5,0.3951612903225806,0.3951612903225806,0.0,0.0,104.0,196.0,104.0,196.0,0.0,0.0,,0.0,0.0,0.6533333333333333,1.0,0.7903225806451613,2.0,0.3466666666666667,0.5,5.0,526.0,0.0547978806907378,0.2823504273504273,,,,,300,0.6533333333333333,0.5,0.3951612903225806,0.3951612903225806,0.0,0.0,104.0,196.0,104.0,196.0,0.0,0.0,,0.0,0.0,0.6533333333333333,1.0,0.7903225806451613,2.0,0.3466666666666667,0.5,5.0,526.0,0.0547978806907378,0.2823504273504273,,,,,0.0,0.0,0.0,,
seoul,Benchmark,Always no event,Y4 Drop,2023,300,0.71,0.5,0.4152046783625731,0.4152046783625731,0.0,0.0,87.0,213.0,87.0,213.0,0.0,0.0,,0.0,0.0,0.71,1.0,0.8304093567251462,2.0,0.29,0.5,6.0,292.0,0.0487291565484863,0.2515581098339718,,,,,300,0.71,0.5,0.4152046783625731,0.4152046783625731,0.0,0.0,87.0,213.0,87.0,213.0,0.0,0.0,,0.0,0.0,0.71,1.0,0.8304093567251462,2.0,0.29,0.5,6.0,292.0,0.0487291565484863,0.2515581098339718,,,,,0.0,0.0,0.0,,
seoul,Benchmark,Always no event,Y4 Drop,2024,300,1.0,1.0,1.0,0.5,0.0,0.0,0.0,300.0,0.0,300.0,0.0,0.0,,,,1.0,1.0,1.0,1.0,0.0,,0.0,0.0,,,,,,,300,1.0,1.0,1.0,0.5,0.0,0.0,0.0,300.0,0.0,300.0,0.0,0.0,,,,1.0,1.0,1.0,1.0,0.0,,0.0,0.0,,,,,,,0.0,0.0,,,
seoul,Benchmark,Always no event,Y4 Drop,2025,300,1.0,1.0,1.0,0.5,0.0,0.0,0.0,300.0,0.0,300.0,0.0,0.0,,,,1.0,1.0,1.0,1.0,0.0,,0.0,0.0,,,,,,,300,1.0,1.0,1.0,0.5,0.0,0.0,0.0,300.0,0.0,300.0,0.0,0.0,,,,1.0,1.0,1.0,1.0,0.0,,0.0,0.0,,,,,,,0.0,0.0,,,
seoul,Benchmark,Always up,Y2 Direction,2018,300,0.3833333333333333,0.5,0.2771084337349397,0.2771084337349397,115.0,185.0,0.0,0.0,115.0,185.0,300.0,0.0,0.3833333333333333,1.0,0.5542168674698795,,0.0,0.0,2.0,0.3833333333333333,0.5,12.0,1444.0,0.7097532314923619,0.5311304347826087,,,,,300,0.3833333333333333,0.5,0.2771084337349397,0.2771084337349397,115.0,185.0,0.0,0.0,115.0,185.0,300.0,0.0,0.3833333333333333,1.0,0.5542168674698795,,0.0,0.0,2.0,0.3833333333333333,0.5,12.0,1444.0,0.7097532314923619,0.5311304347826087,,,,,0.0,0.0,0.0,,
seoul,Benchmark,Always up,Y2 Direction,2019,300,0.6166666666666667,0.5,0.3814432989690721,0.3814432989690721,185.0,115.0,0.0,0.0,185.0,115.0,300.0,0.0,0.6166666666666667,1.0,0.7628865979381443,,0.0,0.0,2.0,0.6166666666666667,0.5,12.0,750.0,0.117508813160987,0.4978738738738739,,,,,300,0.6166666666666667,0.5,0.3814432989690721,0.3814432989690721,185.0,115.0,0.0,0.0,185.0,115.0,300.0,0.0,0.6166666666666667,1.0,0.7628865979381443,,0.0,0.0,2.0,0.6166666666666667,0.5,12.0,750.0,0.117508813160987,0.4978738738738739,,,,,0.0,0.0,0.0,,
seoul,Benchmark,Always up,Y2 Direction,2020,300,0.98,0.5,0.494949494949495,0.494949494949495,294.0,6.0,0.0,0.0,294.0,6.0,300.0,0.0,0.98,1.0,0.98989898989899,,0.0,0.0,2.0,0.98,0.5,3.0,136.0,0.8826530612244898,0.9953061224489796,,,,,300,0.98,0.5,0.494949494949495,0.494949494949495,294.0,6.0,0.0,0.0,294.0,6.0,300.0,0.0,0.98,1.0,0.98989898989899,,0.0,0.0,2.0,0.98,0.5,3.0,136.0,0.8826530612244898,0.9953061224489796,,,,,0.0,0.0,0.0,,
seoul,Benchmark,Always up,Y2 Direction,2021,300,1.0,1.0,1.0,0.5,300.0,0.0,0.0,0.0,300.0,0.0,300.0,0.0,1.0,1.0,1.0,,,,1.0,1.0,,0.0,0.0,,,,,,,300,1.0,1.0,1.0,0.5,300.0,0.0,0.0,0.0,300.0,0.0,300.0,0.0,1.0,1.0,1.0,,,,1.0,1.0,,0.0,0.0,,,,,,,0.0,0.0,0.0,,
seoul,Benchmark,Always up,Y2 Direction,2022,300,0.5866666666666667,0.5,0.3697478991596639,0.3697478991596639,176.0,124.0,0.0,0.0,176.0,124.0,300.0,0.0,0.5866666666666667,1.0,0.7394957983193278,,0.0,0.0,2.0,0.5866666666666667,0.5,6.0,482.0,0.0532441348973606,0.4642424242424242,,,,,300,0.5866666666666667,0.5,0.3697478991596639,0.3697478991596639,176.0,124.0,0.0,0.0,176.0,124.0,300.0,0.0,0.5866666666666667,1.0,0.7394957983193278,,0.0,0.0,2.0,0.5866666666666667,0.5,6.0,482.0,0.0532441348973606,0.4642424242424242,,,,,0.0,0.0,0.0,,
seoul,Benchmark,Always up,Y2 Direction,2023,300,0.7033333333333334,0.5,0.4129158512720156,0.4129158512720156,211.0,89.0,0.0,0.0,211.0,89.0,300.0,0.0,0.7033333333333334,1.0,0.8258317025440313,,0.0,0.0,2.0,0.7033333333333334,0.5,8.0,340.0,0.0506949251823845,0.5840758293838864,,,,,300,0.7033333333333334,0.5,0.4129158512720156,0.4129158512720156,211.0,89.0,0.0,0.0,211.0,89.0,300.0,0.0,0.7033333333333334,1.0,0.8258317025440313,,0.0,0.0,2.0,0.7033333333333334,0.5,8.0,340.0,0.0506949251823845,0.5840758293838864,,,,,0.0,0.0,0.0,,
seoul,Benchmark,Always up,Y2 Direction,2024,300,0.9966666666666668,0.5,0.4991652754590985,0.4991652754590985,299.0,1.0,0.0,0.0,299.0,1.0,300.0,0.0,0.9966666666666668,1.0,0.998330550918197,,0.0,0.0,2.0,0.9966666666666668,0.5,1.0,24.0,0.8762541806020068,0.99917502787068,,,,,300,0.9966666666666668,0.5,0.4991652754590985,0.4991652754590985,299.0,1.0,0.0,0.0,299.0,1.0,300.0,0.0,0.9966666666666668,1.0,0.998330550918197,,0.0,0.0,2.0,0.9966666666666668,0.5,1.0,24.0,0.8762541806020068,0.99917502787068,,,,,0.0,0.0,0.0,,
seoul,Benchmark,Always up,Y2 Direction,2025,300,1.0,1.0,1.0,0.5,300.0,0.0,0.0,0.0,300.0,0.0,300.0,0.0,1.0,1.0,1.0,,,,1.0,1.0,,0.0,0.0,,,,,,,300,1.0,1.0,1.0,0.5,300.0,0.0,0.0,0.0,300.0,0.0,300.0,0.0,1.0,1.0,1.0,,,,1.0,1.0,,0.0,0.0,,,,,,,0.0,0.0,0.0,,
seoul,Benchmark,Past6 persistence,Y1 Growth,2018,300,,,,,,,,,,,,,,,,,,,,,,,,,,0.0,0.435820179379794,0.6375739954009763,-0.619044041960443,300,,,,,,,,,,,,,,,,,,,,,,,,,,0.0,0.435820179379794,0.6375739954009763,-0.619044041960443,,,,0.0,0.0
seoul,Benchmark,Past6 persistence,Y1 Growth,2019,300,,,,,,,,,,,,,,,,,,,,,,,,,,0.0,0.5881647519194458,0.8178026963056854,-1.6263284885791438,300,,,,,,,,,,,,,,,,,,,,,,,,,,0.0,0.5881647519194458,0.8178026963056854,-1.6263284885791438,,,,0.0,0.0
seoul,Benchmark,Past6 persistence,Y1 Growth,2020,300,,,,,,,,,,,,,,,,,,,,,,,,,,0.0,0.5093501242129799,0.6535169102439237,-0.3076339393611731,300,,,,,,,,,,,,,,,,,,,,,,,,,,0.0,0.5093501242129799,0.6535169102439237,-0.3076339393611731,,,,0.0,0.0
seoul,Benchmark,Past6 persistence,Y1 Growth,2021,300,,,,,,,,,,,,,,,,,,,,,,,,,,0.0,0.628436588911595,0.8371150159750717,-0.4130487134192011,300,,,,,,,,,,,,,,,,,,,,,,,,,,0.0,0.628436588911595,0.8371150159750717,-0.4130487134192011,,,,0.0,0.0
seoul,Benchmark,Past6 persistence,Y1 Growth,2022,300,,,,,,,,,,,,,,,,,,,,,,,,,,0.0,1.232050043666503,1.704833272605397,-0.5626736221663571,300,,,,,,,,,,,,,,,,,,,,,,,,,,0.0,1.232050043666503,1.704833272605397,-0.5626736221663571,,,,0.0,0.0
seoul,Benchmark,Past6 persistence,Y1 Growth,2023,300,,,,,,,,,,,,,,,,,,,,,,,,,,0.0,1.5208775420400569,1.9932882595846049,-2.062977875396219,300,,,,,,,,,,,,,,,,,,,,,,,,,,0.0,1.5208775420400569,1.9932882595846049,-2.062977875396219,,,,0.0,0.0
seoul,Benchmark,Past6 persistence,Y1 Growth,2024,300,,,,,,,,,,,,,,,,,,,,,,,,,,0.0,0.7537682102699435,0.9022221335648511,-0.6515685254005088,300,,,,,,,,,,,,,,,,,,,,,,,,,,0.0,0.7537682102699435,0.9022221335648511,-0.6515685254005088,,,,0.0,0.0
seoul,Benchmark,Past6 persistence,Y1 Growth,2025,300,,,,,,,,,,,,,,,,,,,,,,,,,,0.0,1.3510899905074978,1.6987775394834752,-0.3451703221552977,300,,,,,,,,,,,,,,,,,,,,,,,,,,0.0,1.3510899905074978,1.6987775394834752,-0.3451703221552977,,,,0.0,0.0
seoul,Benchmark,Training majority,Y2 Direction,2018,300,0.66,0.6075205640423031,0.607188703465982,0.607188703465982,44.0,31.0,71.0,154.0,115.0,185.0,75.0,0.0,0.5866666666666667,0.3826086956521739,0.4631578947368421,0.6844444444444444,0.8324324324324325,0.751219512195122,2.0,0.3833333333333333,0.5,12.0,1444.0,0.7097532314923619,0.5311304347826087,,,,,300,0.66,0.6075205640423031,0.607188703465982,0.607188703465982,44.0,31.0,71.0,154.0,115.0,185.0,75.0,0.0,0.5866666666666667,0.3826086956521739,0.4631578947368421,0.6844444444444444,0.8324324324324325,0.751219512195122,2.0,0.3833333333333333,0.5,12.0,1444.0,0.7097532314923619,0.5311304347826087,,,,,0.0,0.0,0.0,,
seoul,Benchmark,Training majority,Y2 Direction,2019,300,0.3833333333333333,0.5,0.2771084337349397,0.2771084337349397,0.0,0.0,185.0,115.0,185.0,115.0,0.0,0.0,,0.0,0.0,0.3833333333333333,1.0,0.5542168674698795,2.0,0.6166666666666667,0.5,12.0,750.0,0.117508813160987,0.4978738738738739,,,,,300,0.3833333333333333,0.5,0.2771084337349397,0.2771084337349397,0.0,0.0,185.0,115.0,185.0,115.0,0.0,0.0,,0.0,0.0,0.3833333333333333,1.0,0.5542168674698795,2.0,0.6166666666666667,0.5,12.0,750.0,0.117508813160987,0.4978738738738739,,,,,0.0,0.0,0.0,,
seoul,Benchmark,Training majority,Y2 Direction,2020,300,0.52,0.7551020408163265,0.3762993762993762,0.3762993762993762,150.0,0.0,144.0,6.0,294.0,6.0,150.0,0.0,1.0,0.5102040816326531,0.6756756756756757,0.04,1.0,0.0769230769230769,2.0,0.98,0.5,3.0,136.0,0.8826530612244898,0.9953061224489796,,,,,300,0.52,0.7551020408163265,0.3762993762993762,0.3762993762993762,150.0,0.0,144.0,6.0,294.0,6.0,150.0,0.0,1.0,0.5102040816326531,0.6756756756756757,0.04,1.0,0.0769230769230769,2.0,0.98,0.5,3.0,136.0,0.8826530612244898,0.9953061224489796,,,,,0.0,0.0,0.0,,
seoul,Benchmark,Training majority,Y2 Direction,2021,300,1.0,1.0,1.0,0.5,300.0,0.0,0.0,0.0,300.0,0.0,300.0,0.0,1.0,1.0,1.0,,,,1.0,1.0,,0.0,0.0,,,,,,,300,1.0,1.0,1.0,0.5,300.0,0.0,0.0,0.0,300.0,0.0,300.0,0.0,1.0,1.0,1.0,,,,1.0,1.0,,0.0,0.0,,,,,,,0.0,0.0,0.0,,
seoul,Benchmark,Training majority,Y2 Direction,2022,300,0.5866666666666667,0.5,0.3697478991596639,0.3697478991596639,176.0,124.0,0.0,0.0,176.0,124.0,300.0,0.0,0.5866666666666667,1.0,0.7394957983193278,,0.0,0.0,2.0,0.5866666666666667,0.5,6.0,482.0,0.0532441348973606,0.4642424242424242,,,,,300,0.5866666666666667,0.5,0.3697478991596639,0.3697478991596639,176.0,124.0,0.0,0.0,176.0,124.0,300.0,0.0,0.5866666666666667,1.0,0.7394957983193278,,0.0,0.0,2.0,0.5866666666666667,0.5,6.0,482.0,0.0532441348973606,0.4642424242424242,,,,,0.0,0.0,0.0,,
seoul,Benchmark,Training majority,Y2 Direction,2023,300,0.7033333333333334,0.5,0.4129158512720156,0.4129158512720156,211.0,89.0,0.0,0.0,211.0,89.0,300.0,0.0,0.7033333333333334,1.0,0.8258317025440313,,0.0,0.0,2.0,0.7033333333333334,0.5,8.0,340.0,0.0506949251823845,0.5840758293838864,,,,,300,0.7033333333333334,0.5,0.4129158512720156,0.4129158512720156,211.0,89.0,0.0,0.0,211.0,89.0,300.0,0.0,0.7033333333333334,1.0,0.8258317025440313,,0.0,0.0,2.0,0.7033333333333334,0.5,8.0,340.0,0.0506949251823845,0.5840758293838864,,,,,0.0,0.0,0.0,,
seoul,Benchmark,Training majority,Y2 Direction,2024,300,0.9966666666666668,0.5,0.4991652754590985,0.4991652754590985,299.0,1.0,0.0,0.0,299.0,1.0,300.0,0.0,0.9966666666666668,1.0,0.998330550918197,,0.0,0.0,2.0,0.9966666666666668,0.5,1.0,24.0,0.8762541806020068,0.99917502787068,,,,,300,0.9966666666666668,0.5,0.4991652754590985,0.4991652754590985,299.0,1.0,0.0,0.0,299.0,1.0,300.0,0.0,0.9966666666666668,1.0,0.998330550918197,,0.0,0.0,2.0,0.9966666666666668,0.5,1.0,24.0,0.8762541806020068,0.99917502787068,,,,,0.0,0.0,0.0,,
seoul,Benchmark,Training majority,Y2 Direction,2025,300,1.0,1.0,1.0,0.5,300.0,0.0,0.0,0.0,300.0,0.0,300.0,0.0,1.0,1.0,1.0,,,,1.0,1.0,,0.0,0.0,,,,,,,300,1.0,1.0,1.0,0.5,300.0,0.0,0.0,0.0,300.0,0.0,300.0,0.0,1.0,1.0,1.0,,,,1.0,1.0,,0.0,0.0,,,,,,,0.0,0.0,0.0,,
seoul,Benchmark,Training majority,Y3 Surge,2018,300,0.85,0.5,0.4594594594594595,0.4594594594594595,0.0,0.0,45.0,255.0,45.0,255.0,0.0,0.0,,0.0,0.0,0.85,1.0,0.918918918918919,2.0,0.15,0.5,9.0,832.0,0.7450980392156863,0.269037037037037,,,,,300,0.85,0.5,0.4594594594594595,0.4594594594594595,0.0,0.0,45.0,255.0,45.0,255.0,0.0,0.0,,0.0,0.0,0.85,1.0,0.918918918918919,2.0,0.15,0.5,9.0,832.0,0.7450980392156863,0.269037037037037,,,,,0.0,0.0,0.0,,
seoul,Benchmark,Training majority,Y3 Surge,2019,300,0.7433333333333333,0.5,0.4263862332695984,0.4263862332695984,0.0,0.0,77.0,223.0,77.0,223.0,0.0,0.0,,0.0,0.0,0.7433333333333333,1.0,0.8527724665391969,2.0,0.2566666666666666,0.5,8.0,1010.0,0.2139071690641197,0.2084704184704184,,,,,300,0.7433333333333333,0.5,0.4263862332695984,0.4263862332695984,0.0,0.0,77.0,223.0,77.0,223.0,0.0,0.0,,0.0,0.0,0.7433333333333333,1.0,0.8527724665391969,2.0,0.2566666666666666,0.5,8.0,1010.0,0.2139071690641197,0.2084704184704184,,,,,0.0,0.0,0.0,,
seoul,Benchmark,Training majority,Y3 Surge,2020,300,0.22,0.5,0.180327868852459,0.180327868852459,0.0,0.0,234.0,66.0,234.0,66.0,0.0,0.0,,0.0,0.0,0.22,1.0,0.360655737704918,2.0,0.78,0.5,6.0,768.0,0.8836441336441336,0.9518423551756884,,,,,300,0.22,0.5,0.180327868852459,0.180327868852459,0.0,0.0,234.0,66.0,234.0,66.0,0.0,0.0,,0.0,0.0,0.22,1.0,0.360655737704918,2.0,0.78,0.5,6.0,768.0,0.8836441336441336,0.9518423551756884,,,,,0.0,0.0,0.0,,
seoul,Benchmark,Training majority,Y3 Surge,2021,300,0.1366666666666666,0.5,0.1202346041055718,0.1202346041055718,0.0,0.0,259.0,41.0,259.0,41.0,0.0,0.0,,0.0,0.0,0.1366666666666666,1.0,0.2404692082111437,2.0,0.8633333333333333,0.5,12.0,812.0,0.5459082776155947,0.8659202059202059,,,,,300,0.1366666666666666,0.5,0.1202346041055718,0.1202346041055718,0.0,0.0,259.0,41.0,259.0,41.0,0.0,0.0,,0.0,0.0,0.1366666666666666,1.0,0.2404692082111437,2.0,0.8633333333333333,0.5,12.0,812.0,0.5459082776155947,0.8659202059202059,,,,,0.0,0.0,0.0,,
seoul,Benchmark,Training majority,Y3 Surge,2022,300,0.8533333333333334,0.5,0.460431654676259,0.460431654676259,0.0,0.0,44.0,256.0,44.0,256.0,0.0,0.0,,0.0,0.0,0.8533333333333334,1.0,0.920863309352518,2.0,0.1466666666666666,0.5,9.0,860.0,0.3335404829545454,0.1225757575757575,,,,,300,0.8533333333333334,0.5,0.460431654676259,0.460431654676259,0.0,0.0,44.0,256.0,44.0,256.0,0.0,0.0,,0.0,0.0,0.8533333333333334,1.0,0.920863309352518,2.0,0.1466666666666666,0.5,9.0,860.0,0.3335404829545454,0.1225757575757575,,,,,0.0,0.0,0.0,,
seoul,Benchmark,Training majority,Y3 Surge,2023,300,0.72,0.5,0.4186046511627907,0.4186046511627907,0.0,0.0,84.0,216.0,84.0,216.0,0.0,0.0,,0.0,0.0,0.72,1.0,0.8372093023255814,2.0,0.28,0.5,8.0,1108.0,0.2023809523809523,0.2190740740740741,,,,,300,0.72,0.5,0.4186046511627907,0.4186046511627907,0.0,0.0,84.0,216.0,84.0,216.0,0.0,0.0,,0.0,0.0,0.72,1.0,0.8372093023255814,2.0,0.28,0.5,8.0,1108.0,0.2023809523809523,0.2190740740740741,,,,,0.0,0.0,0.0,,
seoul,Benchmark,Training majority,Y3 Surge,2024,300,0.2466666666666666,0.5,0.1978609625668449,0.1978609625668449,0.0,0.0,226.0,74.0,226.0,74.0,0.0,0.0,,0.0,0.0,0.2466666666666666,1.0,0.3957219251336898,2.0,0.7533333333333333,0.5,12.0,1084.0,0.2847404927050945,0.6657128810226155,,,,,300,0.2466666666666666,0.5,0.1978609625668449,0.1978609625668449,0.0,0.0,226.0,74.0,226.0,74.0,0.0,0.0,,0.0,0.0,0.2466666666666666,1.0,0.3957219251336898,2.0,0.7533333333333333,0.5,12.0,1084.0,0.2847404927050945,0.6657128810226155,,,,,0.0,0.0,0.0,,
seoul,Benchmark,Training majority,Y3 Surge,2025,300,0.2066666666666666,0.5,0.1712707182320442,0.1712707182320442,0.0,0.0,238.0,62.0,238.0,62.0,0.0,0.0,,0.0,0.0,0.2066666666666666,1.0,0.3425414364640884,2.0,0.7933333333333333,0.5,9.0,850.0,0.8456221198156683,0.9397759103641457,,,,,300,0.2066666666666666,0.5,0.1712707182320442,0.1712707182320442,0.0,0.0,238.0,62.0,238.0,62.0,0.0,0.0,,0.0,0.0,0.2066666666666666,1.0,0.3425414364640884,2.0,0.7933333333333333,0.5,9.0,850.0,0.8456221198156683,0.9397759103641457,,,,,0.0,0.0,0.0,,
seoul,Benchmark,Training majority,Y4 Drop,2018,300,0.6133333333333333,0.5,0.3801652892561983,0.3801652892561983,0.0,0.0,116.0,184.0,116.0,184.0,0.0,0.0,,0.0,0.0,0.6133333333333333,1.0,0.7603305785123967,2.0,0.3866666666666666,0.5,12.0,1304.0,0.696776611694153,0.5973563218390805,,,,,300,0.6133333333333333,0.5,0.3801652892561983,0.3801652892561983,0.0,0.0,116.0,184.0,116.0,184.0,0.0,0.0,,0.0,0.0,0.6133333333333333,1.0,0.7603305785123967,2.0,0.3866666666666666,0.5,12.0,1304.0,0.696776611694153,0.5973563218390805,,,,,0.0,0.0,0.0,,
seoul,Benchmark,Training majority,Y4 Drop,2019,300,0.84,0.5,0.4565217391304347,0.4565217391304347,0.0,0.0,48.0,252.0,48.0,252.0,0.0,0.0,,0.0,0.0,0.84,1.0,0.9130434782608696,2.0,0.16,0.5,5.0,506.0,0.0845734126984127,0.1456481481481481,,,,,300,0.84,0.5,0.4565217391304347,0.4565217391304347,0.0,0.0,48.0,252.0,48.0,252.0,0.0,0.0,,0.0,0.0,0.84,1.0,0.9130434782608696,2.0,0.16,0.5,5.0,506.0,0.0845734126984127,0.1456481481481481,,,,,0.0,0.0,0.0,,
seoul,Benchmark,Training majority,Y4 Drop,2020,300,1.0,1.0,1.0,0.5,0.0,0.0,0.0,300.0,0.0,300.0,0.0,0.0,,,,1.0,1.0,1.0,1.0,0.0,,0.0,0.0,,,,,,,300,1.0,1.0,1.0,0.5,0.0,0.0,0.0,300.0,0.0,300.0,0.0,0.0,,,,1.0,1.0,1.0,1.0,0.0,,0.0,0.0,,,,,,,0.0,0.0,,,
seoul,Benchmark,Training majority,Y4 Drop,2021,300,1.0,1.0,1.0,0.5,0.0,0.0,0.0,300.0,0.0,300.0,0.0,0.0,,,,1.0,1.0,1.0,1.0,0.0,,0.0,0.0,,,,,,,300,1.0,1.0,1.0,0.5,0.0,0.0,0.0,300.0,0.0,300.0,0.0,0.0,,,,1.0,1.0,1.0,1.0,0.0,,0.0,0.0,,,,,,,0.0,0.0,,,
seoul,Benchmark,Training majority,Y4 Drop,2022,300,0.6533333333333333,0.5,0.3951612903225806,0.3951612903225806,0.0,0.0,104.0,196.0,104.0,196.0,0.0,0.0,,0.0,0.0,0.6533333333333333,1.0,0.7903225806451613,2.0,0.3466666666666667,0.5,5.0,526.0,0.0547978806907378,0.2823504273504273,,,,,300,0.6533333333333333,0.5,0.3951612903225806,0.3951612903225806,0.0,0.0,104.0,196.0,104.0,196.0,0.0,0.0,,0.0,0.0,0.6533333333333333,1.0,0.7903225806451613,2.0,0.3466666666666667,0.5,5.0,526.0,0.0547978806907378,0.2823504273504273,,,,,0.0,0.0,0.0,,
seoul,Benchmark,Training majority,Y4 Drop,2023,300,0.71,0.5,0.4152046783625731,0.4152046783625731,0.0,0.0,87.0,213.0,87.0,213.0,0.0,0.0,,0.0,0.0,0.71,1.0,0.8304093567251462,2.0,0.29,0.5,6.0,292.0,0.0487291565484863,0.2515581098339718,,,,,300,0.71,0.5,0.4152046783625731,0.4152046783625731,0.0,0.0,87.0,213.0,87.0,213.0,0.0,0.0,,0.0,0.0,0.71,1.0,0.8304093567251462,2.0,0.29,0.5,6.0,292.0,0.0487291565484863,0.2515581098339718,,,,,0.0,0.0,0.0,,
seoul,Benchmark,Training majority,Y4 Drop,2024,300,1.0,1.0,1.0,0.5,0.0,0.0,0.0,300.0,0.0,300.0,0.0,0.0,,,,1.0,1.0,1.0,1.0,0.0,,0.0,0.0,,,,,,,300,1.0,1.0,1.0,0.5,0.0,0.0,0.0,300.0,0.0,300.0,0.0,0.0,,,,1.0,1.0,1.0,1.0,0.0,,0.0,0.0,,,,,,,0.0,0.0,,,
seoul,Benchmark,Training majority,Y4 Drop,2025,300,1.0,1.0,1.0,0.5,0.0,0.0,0.0,300.0,0.0,300.0,0.0,0.0,,,,1.0,1.0,1.0,1.0,0.0,,0.0,0.0,,,,,,,300,1.0,1.0,1.0,0.5,0.0,0.0,0.0,300.0,0.0,300.0,0.0,0.0,,,,1.0,1.0,1.0,1.0,0.0,,0.0,0.0,,,,,,,0.0,0.0,,,
seoul,Benchmark,Training median,Y1 Growth,2018,300,,,,,,,,,,,,,,,,,,,,,,,,,,0.0,0.3733228556077611,0.548944071426396,-0.2002001325874811,300,,,,,,,,,,,,,,,,,,,,,,,,,,0.0,0.3733228556077611,0.548944071426396,-0.2002001325874811,,,,0.0,0.0
seoul,Benchmark,Training median,Y1 Growth,2019,300,,,,,,,,,,,,,,,,,,,,,,,,,,0.0,0.3755291935618829,0.5283869383053456,-0.0963674040623638,300,,,,,,,,,,,,,,,,,,,,,,,,,,0.0,0.3755291935618829,0.5283869383053456,-0.0963674040623638,,,,0.0,0.0
seoul,Benchmark,Training median,Y1 Growth,2020,300,,,,,,,,,,,,,,,,,,,,,,,,,,0.0,0.8061724517933112,0.9826203496575178,-1.9562695659709428,300,,,,,,,,,,,,,,,,,,,,,,,,,,0.0,0.8061724517933112,0.9826203496575178,-1.9562695659709428,,,,0.0,0.0
seoul,Benchmark,Training median,Y1 Growth,2021,300,,,,,,,,,,,,,,,,,,,,,,,,,,0.0,1.0721900211187574,1.281990391372991,-2.3140298027166804,300,,,,,,,,,,,,,,,,,,,,,,,,,,0.0,1.0721900211187574,1.281990391372991,-2.3140298027166804,,,,0.0,0.0
seoul,Benchmark,Training median,Y1 Growth,2022,300,,,,,,,,,,,,,,,,,,,,,,,,,,0.0,0.8993866255257541,1.4447187976230809,-0.1222021668205923,300,,,,,,,,,,,,,,,,,,,,,,,,,,0.0,0.8993866255257541,1.4447187976230809,-0.1222021668205923,,,,0.0,0.0
seoul,Benchmark,Training median,Y1 Growth,2023,300,,,,,,,,,,,,,,,,,,,,,,,,,,0.0,0.9024595248091944,1.1945064634976728,-0.0999695182059541,300,,,,,,,,,,,,,,,,,,,,,,,,,,0.0,0.9024595248091944,1.1945064634976728,-0.0999695182059541,,,,0.0,0.0
seoul,Benchmark,Training median,Y1 Growth,2024,300,,,,,,,,,,,,,,,,,,,,,,,,,,0.0,1.2861299058971694,1.4668480738592706,-3.3655595155296094,300,,,,,,,,,,,,,,,,,,,,,,,,,,0.0,1.2861299058971694,1.4668480738592706,-3.3655595155296094,,,,0.0,0.0
seoul,Benchmark,Training median,Y1 Growth,2025,300,,,,,,,,,,,,,,,,,,,,,,,,,,0.0,2.2059061880975257,2.6393730433992166,-2.2471758633836454,300,,,,,,,,,,,,,,,,,,,,,,,,,,0.0,2.2059061880975257,2.6393730433992166,-2.2471758633836454,,,,0.0,0.0
seoul,Benchmark,Zero growth,Y1 Growth,2018,300,,,,,,,,,,,,,,,,,,,,,,,,,,0.0,0.3743811286958081,0.5504337874732574,-0.2067231412359322,300,,,,,,,,,,,,,,,,,,,,,,,,,,0.0,0.3743811286958081,0.5504337874732574,-0.2067231412359322,,,,0.0,0.0
seoul,Benchmark,Zero growth,Y1 Growth,2019,300,,,,,,,,,,,,,,,,,,,,,,,,,,0.0,0.3607630503166829,0.514632023098183,-0.0400293179048747,300,,,,,,,,,,,,,,,,,,,,,,,,,,0.0,0.3607630503166829,0.514632023098183,-0.0400293179048747,,,,0.0,0.0
seoul,Benchmark,Zero growth,Y1 Growth,2020,300,,,,,,,,,,,,,,,,,,,,,,,,,,0.0,0.8033826409016825,0.9851102044033948,-1.9712702880733288,300,,,,,,,,,,,,,,,,,,,,,,,,,,0.0,0.8033826409016825,0.9851102044033948,-1.9712702880733288,,,,0.0,0.0
seoul,Benchmark,Zero growth,Y1 Growth,2021,300,,,,,,,,,,,,,,,,,,,,,,,,,,0.0,1.1213432523741436,1.3241345893657852,-2.535502350715616,300,,,,,,,,,,,,,,,,,,,,,,,,,,0.0,1.1213432523741436,1.3241345893657852,-2.535502350715616,,,,0.0,0.0
seoul,Benchmark,Zero growth,Y1 Growth,2022,300,,,,,,,,,,,,,,,,,,,,,,,,,,0.0,0.8987307785595224,1.4000824252935122,-0.0539297505709466,300,,,,,,,,,,,,,,,,,,,,,,,,,,0.0,0.8987307785595224,1.4000824252935122,-0.0539297505709466,,,,0.0,0.0
seoul,Benchmark,Zero growth,Y1 Growth,2023,300,,,,,,,,,,,,,,,,,,,,,,,,,,0.0,0.9378296477714878,1.2227398825936535,-0.1525819080550987,300,,,,,,,,,,,,,,,,,,,,,,,,,,0.0,0.9378296477714878,1.2227398825936535,-0.1525819080550987,,,,0.0,0.0
seoul,Benchmark,Zero growth,Y1 Growth,2024,300,,,,,,,,,,,,,,,,,,,,,,,,,,0.0,1.4362146519190386,1.598548901396898,-4.184674502106652,300,,,,,,,,,,,,,,,,,,,,,,,,,,0.0,1.4362146519190386,1.598548901396898,-4.184674502106652,,,,0.0,0.0
seoul,Benchmark,Zero growth,Y1 Growth,2025,300,,,,,,,,,,,,,,,,,,,,,,,,,,0.0,2.4413986392990887,2.847062592431929,-2.778316082592229,300,,,,,,,,,,,,,,,,,,,,,,,,,,0.0,2.4413986392990887,2.847062592431929,-2.778316082592229,,,,0.0,0.0
seoul,E_M,Extra Trees,Y1 Growth,2018,300,,,,,,,,,,,,,,,,,,,,,,,,,,0.0,0.3479484826856954,0.4981816415909144,0.011508564127275,300,,,,,,,,,,,,,,,,,,,,,,,,,,0.0,0.3526615710458311,0.5001529541219286,0.0036701342768027,,,,-0.004713088360135731,0.007838429850472301
seoul,E_M,Extra Trees,Y1 Growth,2019,300,,,,,,,,,,,,,,,,,,,,,,,,,,0.0,0.5204385476796657,0.6759636818929661,-0.7943150263481418,300,,,,,,,,,,,,,,,,,,,,,,,,,,0.0,0.515492791571395,0.6742407586436495,-0.7851798395599225,,,,0.004945756108270638,-0.00913518678821923
seoul,E_M,Extra Trees,Y1 Growth,2020,300,,,,,,,,,,,,,,,,,,,,,,,,,,0.0,0.7287257278641578,0.8898661911768619,-1.4244986034419878,300,,,,,,,,,,,,,,,,,,,,,,,,,,0.0,0.735929832517342,0.8981375864470762,-1.4697799915546423,,,,-0.007204104653184218,0.045281388112654586
seoul,E_M,Extra Trees,Y1 Growth,2021,300,,,,,,,,,,,,,,,,,,,,,,,,,,0.0,0.5533036677649851,0.7800458725648409,-0.2269508218831031,300,,,,,,,,,,,,,,,,,,,,,,,,,,0.0,0.5311070873705271,0.7256486078494506,-0.0617923750050493,,,,0.022196580394457932,-0.16515844687805378
seoul,E_M,Extra Trees,Y1 Growth,2022,300,,,,,,,,,,,,,,,,,,,,,,,,,,0.0,1.0378944624106614,1.585796867966831,-0.3520712162843091,300,,,,,,,,,,,,,,,,,,,,,,,,,,0.0,1.0499597607022484,1.596983662487191,-0.3712145164719846,,,,-0.012065298291586979,0.019143300187675516
seoul,E_M,Extra Trees,Y1 Growth,2023,300,,,,,,,,,,,,,,,,,,,,,,,,,,0.0,1.2281362916150196,1.478223016488983,-0.6845486674767878,300,,,,,,,,,,,,,,,,,,,,,,,,,,0.0,1.197761837265519,1.4508435850643877,-0.622724637041693,,,,0.03037445434950059,-0.06182403043509477
seoul,E_M,Extra Trees,Y1 Growth,2024,300,,,,,,,,,,,,,,,,,,,,,,,,,,0.0,0.7277188585223192,0.9056439596185472,-0.664119973418021,300,,,,,,,,,,,,,,,,,,,,,,,,,,0.0,0.7516550830429333,0.9424026574700014,-0.8019496331777882,,,,-0.023936224520614058,0.13782965975976724
seoul,E_M,Extra Trees,Y1 Growth,2025,300,,,,,,,,,,,,,,,,,,,,,,,,,,0.0,1.3632869849375415,1.8230636263805664,-0.5492014999779902,300,,,,,,,,,,,,,,,,,,,,,,,,,,0.0,1.3626518017588118,1.8258954230744848,-0.5540180415870952,,,,0.0006351831787296813,0.004816541609105052
seoul,E_M,Extra Trees,Y2 Direction,2018,300,0.5,0.4679200940070505,0.4676068335620652,0.4676068335620652,38.0,73.0,77.0,112.0,115.0,185.0,111.0,0.0,0.3423423423423423,0.3304347826086956,0.336283185840708,0.5925925925925926,0.6054054054054054,0.5989304812834224,2.0,0.3833333333333333,0.4882271468144044,12.0,1444.0,0.4910928319623971,0.3509204132832939,,,,,300,0.57,0.5477085781433607,0.5474266468641462,0.5474266468641462,52.0,66.0,63.0,119.0,115.0,185.0,118.0,0.0,0.4406779661016949,0.4521739130434782,0.4463519313304721,0.6538461538461539,0.6432432432432432,0.6485013623978202,2.0,0.3833333333333333,0.5408587257617729,12.0,1444.0,0.5153936545240894,0.3646865924913346,,,,,-0.06999999999999995,-0.07981981330208099,-0.11006874548976409,,
seoul,E_M,Extra Trees,Y2 Direction,2019,300,0.2766666666666666,0.336192714453584,0.2533633058457868,0.2533633058457868,15.0,47.0,170.0,68.0,185.0,115.0,62.0,0.0,0.2419354838709677,0.081081081081081,0.1214574898785425,0.2857142857142857,0.591304347826087,0.3852691218130311,2.0,0.6166666666666667,0.5173333333333333,12.0,750.0,0.2995064629847239,0.4828361152080755,,,,,300,0.2766666666666666,0.3477085781433607,0.238694436973021,0.238694436973021,8.0,40.0,177.0,75.0,185.0,115.0,48.0,0.0,0.1666666666666666,0.0432432432432432,0.0686695278969957,0.2976190476190476,0.6521739130434783,0.4087193460490463,2.0,0.6166666666666667,0.5333333333333333,12.0,750.0,0.2675910693301997,0.4713716194896216,,,,,0.0,0.014668868872765806,0.05278796198154681,,
seoul,E_M,Extra Trees,Y2 Direction,2020,300,0.9666666666666668,0.5748299319727891,0.5748299319727891,0.5748299319727891,289.0,5.0,5.0,1.0,294.0,6.0,294.0,0.0,0.9829931972789115,0.9829931972789115,0.9829931972789115,0.1666666666666666,0.1666666666666666,0.1666666666666666,2.0,0.98,0.6397058823529411,3.0,136.0,0.7397959183673468,0.9931837861606124,,,,,300,0.9633333333333334,0.5731292517006803,0.5675534006028043,0.5675534006028043,288.0,5.0,6.0,1.0,294.0,6.0,293.0,0.0,0.9829351535836176,0.979591836734694,0.9812606473594548,0.1428571428571428,0.1666666666666666,0.1538461538461538,2.0,0.98,0.8455882352941176,3.0,136.0,0.9160997732426304,0.9981405843764062,,,,,0.0033333333333334103,0.00727653136998474,0.0017325499194567051,,
seoul,E_M,Extra Trees,Y2 Direction,2021,300,1.0,1.0,1.0,0.5,300.0,0.0,0.0,0.0,300.0,0.0,300.0,0.0,1.0,1.0,1.0,,,,1.0,1.0,,0.0,0.0,,,,,,,300,1.0,1.0,1.0,0.5,300.0,0.0,0.0,0.0,300.0,0.0,300.0,0.0,1.0,1.0,1.0,,,,1.0,1.0,,0.0,0.0,,,,,,,0.0,0.0,0.0,,
seoul,E_M,Extra Trees,Y2 Direction,2022,300,0.5866666666666667,0.5,0.3697478991596639,0.3697478991596639,176.0,124.0,0.0,0.0,176.0,124.0,300.0,0.0,0.5866666666666667,1.0,0.7394957983193278,,0.0,0.0,2.0,0.5866666666666667,0.475103734439834,6.0,482.0,0.0853189149560117,0.3929202523056355,,,,,300,0.5866666666666667,0.5,0.3697478991596639,0.3697478991596639,176.0,124.0,0.0,0.0,176.0,124.0,300.0,0.0,0.5866666666666667,1.0,0.7394957983193278,,0.0,0.0,2.0,0.5866666666666667,0.45850622406639,6.0,482.0,0.0898552052785923,0.3926493278227761,,,,,0.0,0.0,0.0,,
seoul,E_M,Extra Trees,Y2 Direction,2023,300,0.4133333333333333,0.3393151925022631,0.3464052287581699,0.3464052287581699,110.0,75.0,101.0,14.0,211.0,89.0,185.0,0.0,0.5945945945945946,0.5213270142180095,0.5555555555555556,0.1217391304347826,0.1573033707865168,0.1372549019607843,2.0,0.7033333333333334,0.5323529411764706,8.0,340.0,0.1834495979551627,0.5307814724139136,,,,,300,0.45,0.3621332339315192,0.3663513357825881,0.3663513357825881,122.0,76.0,89.0,13.0,211.0,89.0,198.0,0.0,0.6161616161616161,0.5781990521327014,0.5965770171149144,0.1274509803921568,0.146067415730337,0.1361256544502617,2.0,0.7033333333333334,0.5558823529411765,8.0,340.0,0.2193407529687417,0.5547744435384043,,,,,-0.036666666666666736,-0.01994610702441818,-0.04102146155935882,,
seoul,E_M,Extra Trees,Y2 Direction,2024,300,0.9966666666666668,0.5,0.4991652754590985,0.4991652754590985,299.0,1.0,0.0,0.0,299.0,1.0,300.0,0.0,0.9966666666666668,1.0,0.998330550918197,,0.0,0.0,2.0,0.9966666666666668,0.5,1.0,24.0,0.7759197324414716,0.9991563030967308,,,,,300,0.9966666666666668,0.5,0.4991652754590985,0.4991652754590985,299.0,1.0,0.0,0.0,299.0,1.0,300.0,0.0,0.9966666666666668,1.0,0.998330550918197,,0.0,0.0,2.0,0.9966666666666668,0.9166666666666666,1.0,24.0,0.862876254180602,0.9995093950031928,,,,,0.0,0.0,0.0,,
seoul,E_M,Extra Trees,Y2 Direction,2025,300,1.0,1.0,1.0,0.5,300.0,0.0,0.0,0.0,300.0,0.0,300.0,0.0,1.0,1.0,1.0,,,,1.0,1.0,,0.0,0.0,,,,,,,300,1.0,1.0,1.0,0.5,300.0,0.0,0.0,0.0,300.0,0.0,300.0,0.0,1.0,1.0,1.0,,,,1.0,1.0,,0.0,0.0,,,,,,,0.0,0.0,0.0,,
seoul,E_M,Extra Trees,Y3 Surge,2018,300,0.7833333333333333,0.4790849673202614,0.467780234176697,0.467780234176697,2.0,22.0,43.0,233.0,45.0,255.0,24.0,0.0,0.0833333333333333,0.0444444444444444,0.0579710144927536,0.8442028985507246,0.9137254901960784,0.8775894538606404,2.0,0.15,0.6538461538461539,9.0,832.0,0.6757298474945532,0.2188621248554536,,,,,300,0.7766666666666666,0.5026143790849673,0.5008815276501701,0.5008815276501701,5.0,27.0,40.0,228.0,45.0,255.0,32.0,0.0,0.15625,0.1111111111111111,0.1298701298701298,0.8507462686567164,0.8941176470588236,0.8718929254302104,2.0,0.15,0.6117788461538461,9.0,832.0,0.6450544662309368,0.2076959773234726,,,,,0.00666666666666671,-0.033101293473473126,-0.0718991153773762,,
seoul,E_M,Extra Trees,Y3 Surge,2019,300,0.66,0.4439461883408072,0.3975903614457831,0.3975903614457831,0.0,25.0,77.0,198.0,77.0,223.0,25.0,0.0,0.0,0.0,0.0,0.72,0.8878923766816144,0.7951807228915663,2.0,0.2566666666666666,0.6118811881188119,8.0,1010.0,0.2383670141517675,0.1681276954318496,,,,,300,0.6966666666666667,0.468609865470852,0.4106090373280943,0.4106090373280943,0.0,14.0,77.0,209.0,77.0,223.0,14.0,0.0,0.0,0.0,0.0,0.7307692307692307,0.937219730941704,0.8212180746561886,2.0,0.2566666666666666,0.6128712871287129,8.0,1010.0,0.2334750451342379,0.1674741907417974,,,,,-0.036666666666666625,-0.013018675882311204,0.0,,
seoul,E_M,Extra Trees,Y3 Surge,2020,300,0.4866666666666667,0.6546231546231547,0.484375,0.484375,83.0,3.0,151.0,63.0,234.0,66.0,86.0,0.0,0.9651162790697676,0.3547008547008547,0.51875,0.2943925233644859,0.9545454545454546,0.45,2.0,0.78,0.6223958333333334,6.0,768.0,0.7782310282310282,0.9271226813665772,,,,,300,0.4733333333333333,0.6623931623931624,0.4727474972191323,0.4727474972191323,76.0,0.0,158.0,66.0,234.0,66.0,76.0,0.0,1.0,0.3247863247863248,0.4903225806451612,0.2946428571428571,1.0,0.4551724137931034,2.0,0.78,0.6484375,6.0,768.0,0.8550893550893551,0.9557955426024388,,,,,0.01333333333333342,0.011627502780867716,0.028427419354838834,,
seoul,E_M,Extra Trees,Y3 Surge,2021,300,0.8066666666666666,0.5800922874093606,0.5817307692307692,0.5817307692307692,231.0,30.0,28.0,11.0,259.0,41.0,261.0,0.0,0.8850574712643678,0.8918918918918919,0.8884615384615384,0.282051282051282,0.2682926829268293,0.275,2.0,0.8633333333333333,0.6539408866995073,12.0,812.0,0.6005273566249176,0.9035362129110468,,,,,300,0.8033333333333333,0.6294848855824466,0.6178673978281051,0.6178673978281051,225.0,25.0,34.0,16.0,259.0,41.0,250.0,0.0,0.9,0.8687258687258688,0.8840864440078585,0.32,0.3902439024390244,0.3516483516483517,2.0,0.8633333333333333,0.687192118226601,12.0,812.0,0.6284960919107259,0.9096224903243711,,,,,0.0033333333333332993,-0.03613662859733591,0.004375094453679895,,
seoul,E_M,Extra Trees,Y3 Surge,2022,300,0.7033333333333334,0.5626775568181819,0.5393295260442728,0.5393295260442728,16.0,61.0,28.0,195.0,44.0,256.0,77.0,0.0,0.2077922077922078,0.3636363636363636,0.2644628099173554,0.874439461883408,0.76171875,0.81419624217119,2.0,0.1466666666666666,0.541860465116279,9.0,860.0,0.62109375,0.1947755117255139,,,,,300,0.7133333333333334,0.5873579545454546,0.5575828246107415,0.5575828246107415,18.0,60.0,26.0,196.0,44.0,256.0,78.0,0.0,0.2307692307692307,0.4090909090909091,0.2950819672131147,0.8828828828828829,0.765625,0.8200836820083682,2.0,0.1466666666666666,0.6151162790697674,9.0,860.0,0.6613991477272727,0.2135536809953893,,,,,-0.010000000000000009,-0.018253298566468734,-0.030619157295759314,,
seoul,E_M,Extra Trees,Y3 Surge,2023,300,0.7,0.4861111111111111,0.4117647058823529,0.4117647058823529,0.0,6.0,84.0,210.0,84.0,216.0,6.0,0.0,0.0,0.0,0.0,0.7142857142857143,0.9722222222222222,0.8235294117647058,2.0,0.28,0.4124548736462093,8.0,1108.0,0.3080357142857143,0.1988156356773348,,,,,300,0.7133333333333334,0.4953703703703703,0.4163424124513619,0.4163424124513619,0.0,2.0,84.0,214.0,84.0,216.0,2.0,0.0,0.0,0.0,0.0,0.7181208053691275,0.9907407407407408,0.8326848249027238,2.0,0.28,0.4584837545126354,8.0,1108.0,0.2982253086419753,0.1958945540106297,,,,,-0.01333333333333342,-0.004577706569008966,0.0,,
seoul,E_M,Extra Trees,Y3 Surge,2024,300,0.6333333333333333,0.5021525950729491,0.5021422967835375,0.5021422967835375,172.0,56.0,54.0,18.0,226.0,74.0,228.0,0.0,0.7543859649122807,0.7610619469026548,0.7577092511013216,0.25,0.2432432432432432,0.2465753424657534,2.0,0.7533333333333333,0.7047970479704797,12.0,1084.0,0.4504903133221717,0.7462281303034658,,,,,300,0.6033333333333334,0.4913298254006218,0.4908655286013776,0.4908655286013776,161.0,54.0,65.0,20.0,226.0,74.0,215.0,0.0,0.7488372093023256,0.7123893805309734,0.7301587301587301,0.2352941176470588,0.2702702702702703,0.2515723270440251,2.0,0.7533333333333333,0.6522140221402214,12.0,1084.0,0.4732121502033006,0.7725651011836919,,,,,0.029999999999999916,0.01127676818215989,0.027550520942591472,,
seoul,E_M,Extra Trees,Y3 Surge,2025,300,0.68,0.4404987801572241,0.424,0.424,202.0,60.0,36.0,2.0,238.0,62.0,262.0,0.0,0.7709923664122137,0.8487394957983193,0.808,0.0526315789473684,0.032258064516129,0.04,2.0,0.7933333333333333,0.5941176470588235,9.0,850.0,0.4638113309840065,0.8227131404326501,,,,,300,0.7266666666666667,0.4579831932773109,0.4208494208494208,0.4208494208494208,218.0,62.0,20.0,0.0,238.0,62.0,280.0,0.0,0.7785714285714286,0.9159663865546218,0.8416988416988417,0.0,0.0,0.0,2.0,0.7933333333333333,0.5811764705882353,9.0,850.0,0.4960016264570344,0.8240701874015812,,,,,-0.046666666666666634,0.0031505791505792025,-0.03369884169884163,,
seoul,E_M,Extra Trees,Y4 Drop,2018,300,0.61,0.5641866566716641,0.5623386825272135,0.5623386825272135,42.0,43.0,74.0,141.0,116.0,184.0,85.0,0.0,0.4941176470588235,0.3620689655172414,0.417910447761194,0.6558139534883721,0.7663043478260869,0.706766917293233,2.0,0.3866666666666666,0.6633435582822086,12.0,1304.0,0.6288418290854573,0.5199283249968396,,,,,300,0.6,0.5480697151424287,0.5429383982530089,0.5429383982530089,37.0,41.0,79.0,143.0,116.0,184.0,78.0,0.0,0.4743589743589743,0.3189655172413793,0.3814432989690721,0.6441441441441441,0.7771739130434783,0.7044334975369458,2.0,0.3866666666666666,0.6725460122699386,12.0,1304.0,0.6062593703148427,0.493690337283046,,,,,0.010000000000000009,0.019400284274204593,0.03646714879212193,,
seoul,E_M,Extra Trees,Y4 Drop,2019,300,0.6033333333333334,0.5024801587301587,0.4780014914243102,0.4780014914243102,17.0,88.0,31.0,164.0,48.0,252.0,105.0,0.0,0.1619047619047619,0.3541666666666667,0.2222222222222222,0.841025641025641,0.6507936507936508,0.7337807606263982,2.0,0.16,0.7075098814229249,5.0,506.0,0.3990575396825397,0.1458104721338673,,,,,300,0.59,0.4692460317460317,0.4557441850174781,0.4557441850174781,14.0,89.0,34.0,163.0,48.0,252.0,103.0,0.0,0.1359223300970873,0.2916666666666667,0.1854304635761589,0.8274111675126904,0.6468253968253969,0.7260579064587973,2.0,0.16,0.7055335968379447,5.0,506.0,0.3716104497354497,0.1436709356023729,,,,,0.01333333333333342,0.0222573064068321,0.03679175864606332,,
seoul,E_M,Extra Trees,Y4 Drop,2020,300,0.99,0.99,0.4974874371859296,0.4974874371859296,0.0,3.0,0.0,297.0,0.0,300.0,3.0,0.0,0.0,,0.0,1.0,0.99,0.9949748743718592,1.0,0.0,,0.0,0.0,,,,,,,300,0.9966666666666668,0.9966666666666668,0.4991652754590985,0.4991652754590985,0.0,1.0,0.0,299.0,0.0,300.0,1.0,0.0,0.0,,0.0,1.0,0.9966666666666668,0.998330550918197,1.0,0.0,,0.0,0.0,,,,,,,-0.006666666666666821,-0.001677838273168919,0.0,,
seoul,E_M,Extra Trees,Y4 Drop,2021,300,1.0,1.0,1.0,0.5,0.0,0.0,0.0,300.0,0.0,300.0,0.0,0.0,,,,1.0,1.0,1.0,1.0,0.0,,0.0,0.0,,,,,,,300,1.0,1.0,1.0,0.5,0.0,0.0,0.0,300.0,0.0,300.0,0.0,0.0,,,,1.0,1.0,1.0,1.0,0.0,,0.0,0.0,,,,,,,0.0,0.0,,,
seoul,E_M,Extra Trees,Y4 Drop,2022,300,0.6533333333333333,0.5,0.3951612903225806,0.3951612903225806,0.0,0.0,104.0,196.0,104.0,196.0,0.0,0.0,,0.0,0.0,0.6533333333333333,1.0,0.7903225806451613,2.0,0.3466666666666667,0.5874524714828897,5.0,526.0,0.1916208791208791,0.2304925950264904,,,,,300,0.6533333333333333,0.5,0.3951612903225806,0.3951612903225806,0.0,0.0,104.0,196.0,104.0,196.0,0.0,0.0,,0.0,0.0,0.6533333333333333,1.0,0.7903225806451613,2.0,0.3466666666666667,0.5209125475285171,5.0,526.0,0.1741071428571428,0.2262567885275126,,,,,0.0,0.0,0.0,,
seoul,E_M,Extra Trees,Y4 Drop,2023,300,0.0933333333333333,0.1201230370730127,0.0931721194879089,0.0931721194879089,16.0,201.0,71.0,12.0,87.0,213.0,217.0,0.0,0.0737327188940092,0.1839080459770115,0.1052631578947368,0.144578313253012,0.056338028169014,0.081081081081081,2.0,0.29,0.541095890410959,6.0,292.0,0.1326425988883492,0.2000342467573258,,,,,300,0.19,0.215395823215153,0.189270343308978,0.189270343308978,24.0,180.0,63.0,33.0,87.0,213.0,204.0,0.0,0.1176470588235294,0.2758620689655172,0.1649484536082474,0.34375,0.1549295774647887,0.2135922330097087,2.0,0.29,0.565068493150685,6.0,292.0,0.1911931358264529,0.1976343364792243,,,,,-0.0966666666666667,-0.09609822382106908,-0.0596852957135106,,
seoul,E_M,Extra Trees,Y4 Drop,2024,300,1.0,1.0,1.0,0.5,0.0,0.0,0.0,300.0,0.0,300.0,0.0,0.0,,,,1.0,1.0,1.0,1.0,0.0,,0.0,0.0,,,,,,,300,1.0,1.0,1.0,0.5,0.0,0.0,0.0,300.0,0.0,300.0,0.0,0.0,,,,1.0,1.0,1.0,1.0,0.0,,0.0,0.0,,,,,,,0.0,0.0,,,
seoul,E_M,Extra Trees,Y4 Drop,2025,300,1.0,1.0,1.0,0.5,0.0,0.0,0.0,300.0,0.0,300.0,0.0,0.0,,,,1.0,1.0,1.0,1.0,0.0,,0.0,0.0,,,,,,,300,1.0,1.0,1.0,0.5,0.0,0.0,0.0,300.0,0.0,300.0,0.0,0.0,,,,1.0,1.0,1.0,1.0,0.0,,0.0,0.0,,,,,,,0.0,0.0,,,
seoul,E_M,Linear,Y1 Growth,2018,300,,,,,,,,,,,,,,,,,,,,,,,,,,0.0,0.3962217529387668,0.5628722177158135,-0.2618772154046356,300,,,,,,,,,,,,,,,,,,,,,,,,,,0.0,0.3968996115230862,0.5696445390493494,-0.2924249961749423,,,,-0.0006778585843194018,0.030547780770306676
seoul,E_M,Linear,Y1 Growth,2019,300,,,,,,,,,,,,,,,,,,,,,,,,,,0.0,0.7550260329824995,0.9371012277822578,-2.448458327780043,300,,,,,,,,,,,,,,,,,,,,,,,,,,0.0,0.749291524668717,0.9287011859123994,-2.386912435866257,,,,0.005734508313782527,-0.06154589191378612
seoul,E_M,Linear,Y1 Growth,2020,300,,,,,,,,,,,,,,,,,,,,,,,,,,0.0,0.4741664307263279,0.5930193953188072,-0.0767386929839502,300,,,,,,,,,,,,,,,,,,,,,,,,,,0.0,0.4956311807856654,0.655123539840873,-0.3140713116764619,,,,-0.021464750059337512,0.2373326186925117
seoul,E_M,Linear,Y1 Growth,2021,300,,,,,,,,,,,,,,,,,,,,,,,,,,0.0,0.569645274286833,0.7245155563436938,-0.0584791289424322,300,,,,,,,,,,,,,,,,,,,,,,,,,,0.0,0.528437271400627,0.7074789262840114,-0.0092851549550951,,,,0.04120800288620596,-0.0491939739873371
seoul,E_M,Linear,Y1 Growth,2022,300,,,,,,,,,,,,,,,,,,,,,,,,,,0.0,0.9430026101511816,1.2594351607686525,0.147182539884529,300,,,,,,,,,,,,,,,,,,,,,,,,,,0.0,0.774303986813369,1.1882099227228684,0.2409143079378423,,,,0.1686986233378126,-0.09373176805331329
seoul,E_M,Linear,Y1 Growth,2023,300,,,,,,,,,,,,,,,,,,,,,,,,,,0.0,1.355626068715992,1.6641572977005368,-1.1349730137305754,300,,,,,,,,,,,,,,,,,,,,,,,,,,0.0,1.2739519336665333,1.521351817133611,-0.7842797939839725,,,,0.08167413504945875,-0.35069321974660284
seoul,E_M,Linear,Y1 Growth,2024,300,,,,,,,,,,,,,,,,,,,,,,,,,,0.0,0.5074357365413091,0.6353595435523199,0.1809531225517477,300,,,,,,,,,,,,,,,,,,,,,,,,,,0.0,0.6064910995532912,0.7709372030661157,-0.2058898821867609,,,,-0.09905536301198203,0.38684300473850863
seoul,E_M,Linear,Y1 Growth,2025,300,,,,,,,,,,,,,,,,,,,,,,,,,,0.0,1.0817532209589735,1.4567815132690585,0.010779518606939,300,,,,,,,,,,,,,,,,,,,,,,,,,,0.0,1.04163061077901,1.448311402537953,0.0222492532861914,,,,0.040122610179963436,-0.011469734679252401
seoul,E_M,Linear,Y2 Direction,2018,300,0.5133333333333333,0.5116333725029377,0.50539771444058,0.50539771444058,58.0,89.0,57.0,96.0,115.0,185.0,147.0,0.0,0.3945578231292517,0.5043478260869565,0.4427480916030534,0.6274509803921569,0.518918918918919,0.5680473372781065,2.0,0.3833333333333333,0.484764542936288,12.0,1444.0,0.514171562867215,0.396974664817252,,,,,300,0.4833333333333333,0.4692126909518214,0.4679572992826004,0.4679572992826004,47.0,87.0,68.0,98.0,115.0,185.0,134.0,0.0,0.3507462686567164,0.408695652173913,0.3775100401606425,0.5903614457831325,0.5297297297297298,0.5584045584045584,2.0,0.3833333333333333,0.4854570637119113,12.0,1444.0,0.4742655699177438,0.3771437367266422,,,,,0.030000000000000027,0.037440415157979634,0.0652380514424109,,
seoul,E_M,Linear,Y2 Direction,2019,300,0.2433333333333333,0.3075205640423031,0.2107001703774962,0.2107001703774962,6.0,48.0,179.0,67.0,185.0,115.0,54.0,0.0,0.1111111111111111,0.0324324324324324,0.0502092050209205,0.2723577235772357,0.5826086956521739,0.371191135734072,2.0,0.6166666666666667,0.508,12.0,750.0,0.1893301997649824,0.4462142875261815,,,,,300,0.2333333333333333,0.2895417156286721,0.2095857771260997,0.2095857771260997,9.0,54.0,176.0,61.0,185.0,115.0,63.0,0.0,0.1428571428571428,0.0486486486486486,0.0725806451612903,0.2573839662447257,0.5304347826086957,0.3465909090909091,2.0,0.6166666666666667,0.528,12.0,750.0,0.2062044653349001,0.4510988394972843,,,,,0.009999999999999981,0.001114393251396506,-0.0223714401403698,,
seoul,E_M,Linear,Y2 Direction,2020,300,0.97,0.6581632653061225,0.646180055038658,0.646180055038658,289.0,4.0,5.0,2.0,294.0,6.0,293.0,0.0,0.9863481228668942,0.9829931972789115,0.9846678023850084,0.2857142857142857,0.3333333333333333,0.3076923076923077,2.0,0.98,0.8676470588235294,3.0,136.0,0.9642857142857142,0.9992545429708388,,,,,300,0.9666666666666668,0.7380952380952381,0.6789383561643836,0.6789383561643836,287.0,3.0,7.0,3.0,294.0,6.0,290.0,0.0,0.9896551724137932,0.9761904761904762,0.9828767123287672,0.3,0.5,0.375,2.0,0.98,0.875,3.0,136.0,0.969954648526077,0.999381429422596,,,,,0.0033333333333331883,-0.03275830112572553,0.001791090056241229,,
seoul,E_M,Linear,Y2 Direction,2021,300,1.0,1.0,1.0,0.5,300.0,0.0,0.0,0.0,300.0,0.0,300.0,0.0,1.0,1.0,1.0,,,,1.0,1.0,,0.0,0.0,,,,,,,300,1.0,1.0,1.0,0.5,300.0,0.0,0.0,0.0,300.0,0.0,300.0,0.0,1.0,1.0,1.0,,,,1.0,1.0,,0.0,0.0,,,,,,,0.0,0.0,0.0,,
seoul,E_M,Linear,Y2 Direction,2022,300,0.8466666666666667,0.845491202346041,0.8429748304583314,0.8429748304583314,150.0,20.0,26.0,104.0,176.0,124.0,170.0,0.0,0.8823529411764706,0.8522727272727273,0.8670520231213873,0.8,0.8387096774193549,0.8188976377952756,2.0,0.5866666666666667,0.4813278008298755,6.0,482.0,0.9068456744868036,0.9413002089951796,,,,,300,0.7533333333333333,0.7445014662756598,0.74507372192366,0.74507372192366,140.0,38.0,36.0,86.0,176.0,124.0,178.0,0.0,0.7865168539325843,0.7954545454545454,0.7909604519774012,0.7049180327868853,0.6935483870967742,0.6991869918699187,2.0,0.5866666666666667,0.524896265560166,6.0,482.0,0.861482771260997,0.9140159800559412,,,,,0.09333333333333338,0.09790110853467149,0.07609157114398613,,
seoul,E_M,Linear,Y2 Direction,2023,300,0.5433333333333333,0.6721071409553224,0.5424742015562556,0.5424742015562556,75.0,1.0,136.0,88.0,211.0,89.0,76.0,0.0,0.986842105263158,0.3554502369668246,0.5226480836236934,0.3928571428571428,0.9887640449438202,0.5623003194888179,2.0,0.7033333333333334,0.5029411764705882,8.0,340.0,0.7811385057777304,0.9064669574076644,,,,,300,0.5433333333333333,0.6721071409553224,0.5424742015562556,0.5424742015562556,75.0,1.0,136.0,88.0,211.0,89.0,76.0,0.0,0.986842105263158,0.3554502369668246,0.5226480836236934,0.3928571428571428,0.9887640449438202,0.5623003194888179,2.0,0.7033333333333334,0.376470588235294,8.0,340.0,0.7884338889184728,0.9061245217317996,,,,,0.0,0.0,0.0,,
seoul,E_M,Linear,Y2 Direction,2024,300,0.9933333333333332,0.4983277591973244,0.4983277591973244,0.4983277591973244,298.0,1.0,1.0,0.0,299.0,1.0,299.0,0.0,0.9966555183946488,0.9966555183946488,0.9966555183946488,0.0,0.0,0.0,2.0,0.9966666666666668,1.0,1.0,24.0,0.4749163879598662,0.9975280563317708,,,,,300,0.9833333333333332,0.4933110367892976,0.4957983193277311,0.4957983193277311,295.0,1.0,4.0,0.0,299.0,1.0,296.0,0.0,0.9966216216216216,0.9866220735785952,0.9915966386554622,0.0,0.0,0.0,2.0,0.9966666666666668,1.0,1.0,24.0,0.5852842809364549,0.9982203143762036,,,,,0.010000000000000009,0.0025294398695933085,0.005058879739186617,,
seoul,E_M,Linear,Y2 Direction,2025,300,1.0,1.0,1.0,0.5,300.0,0.0,0.0,0.0,300.0,0.0,300.0,0.0,1.0,1.0,1.0,,,,1.0,1.0,,0.0,0.0,,,,,,,300,1.0,1.0,1.0,0.5,300.0,0.0,0.0,0.0,300.0,0.0,300.0,0.0,1.0,1.0,1.0,,,,1.0,1.0,,0.0,0.0,,,,,,,0.0,0.0,0.0,,
seoul,E_M,Linear,Y3 Surge,2018,300,0.5,0.6235294117647059,0.4637494637494637,0.4637494637494637,36.0,141.0,9.0,114.0,45.0,255.0,177.0,0.0,0.2033898305084746,0.8,0.3243243243243243,0.926829268292683,0.4470588235294118,0.6031746031746031,2.0,0.15,0.6298076923076923,9.0,832.0,0.616644880174292,0.1922689231630566,,,,,300,0.5033333333333333,0.488235294117647,0.4277960547370038,0.4277960547370038,21.0,125.0,24.0,130.0,45.0,255.0,146.0,0.0,0.1438356164383561,0.4666666666666667,0.2198952879581152,0.8441558441558441,0.5098039215686274,0.6356968215158925,2.0,0.15,0.6286057692307693,9.0,832.0,0.5691503267973856,0.1742552664104913,,,,,-0.0033333333333332993,0.035953409012459914,0.1044290363662091,,
seoul,E_M,Linear,Y3 Surge,2019,300,0.43,0.3232485003785452,0.3357589568955471,0.3357589568955471,8.0,102.0,69.0,121.0,77.0,223.0,110.0,0.0,0.0727272727272727,0.1038961038961039,0.0855614973262032,0.6368421052631579,0.5426008968609866,0.585956416464891,2.0,0.2566666666666666,0.6297029702970297,8.0,1010.0,0.2553141925339235,0.1875288640130503,,,,,300,0.4433333333333333,0.332217110244016,0.3434760388410583,0.3434760388410583,8.0,98.0,69.0,125.0,77.0,223.0,106.0,0.0,0.0754716981132075,0.1038961038961039,0.087431693989071,0.6443298969072165,0.5605381165919282,0.5995203836930456,2.0,0.2566666666666666,0.6237623762376238,8.0,1010.0,0.255488905713121,0.1883850272337807,,,,,-0.013333333333333308,-0.007717081945511239,-0.001870196662867793,,
seoul,E_M,Linear,Y3 Surge,2020,300,0.7966666666666666,0.7391219891219891,0.7226222053808261,0.7226222053808261,197.0,24.0,37.0,42.0,234.0,66.0,221.0,0.0,0.8914027149321267,0.8418803418803419,0.865934065934066,0.5316455696202531,0.6363636363636364,0.5793103448275863,2.0,0.78,0.5950520833333334,6.0,768.0,0.8554778554778555,0.9554183747087244,,,,,300,0.8166666666666667,0.7954545454545454,0.7607828923523016,0.7607828923523016,195.0,16.0,39.0,50.0,234.0,66.0,211.0,0.0,0.924170616113744,0.8333333333333334,0.8764044943820225,0.5617977528089888,0.7575757575757576,0.6451612903225806,2.0,0.78,0.5950520833333334,6.0,768.0,0.8678451178451179,0.9604582376251848,,,,,-0.020000000000000018,-0.038160686971475455,-0.010470428447956537,,
seoul,E_M,Linear,Y3 Surge,2021,300,0.8266666666666667,0.4787644787644787,0.4525547445255474,0.4525547445255474,248.0,41.0,11.0,0.0,259.0,41.0,289.0,0.0,0.8581314878892734,0.9575289575289576,0.9051094890510948,0.0,0.0,0.0,2.0,0.8633333333333333,0.5492610837438424,12.0,812.0,0.474338449948206,0.8832719217423917,,,,,300,0.8166666666666667,0.4729729729729729,0.4495412844036697,0.4495412844036697,245.0,41.0,14.0,0.0,259.0,41.0,286.0,0.0,0.8566433566433567,0.945945945945946,0.8990825688073395,0.0,0.0,0.0,2.0,0.8633333333333333,0.5615763546798029,12.0,812.0,0.4759393539881345,0.8792174218609088,,,,,0.010000000000000009,0.003013460121877698,0.006026920243755285,,
seoul,E_M,Linear,Y3 Surge,2022,300,0.6733333333333333,0.5827414772727273,0.538866930171278,0.538866930171278,20.0,74.0,24.0,182.0,44.0,256.0,94.0,0.0,0.2127659574468085,0.4545454545454545,0.2898550724637681,0.883495145631068,0.7109375,0.7878787878787878,2.0,0.1466666666666666,0.291860465116279,9.0,860.0,0.5897549715909091,0.1751922896442774,,,,,300,0.7133333333333334,0.4838423295454545,0.484,0.484,7.0,49.0,37.0,207.0,44.0,256.0,56.0,0.0,0.125,0.1590909090909091,0.14,0.8483606557377049,0.80859375,0.828,2.0,0.1466666666666666,0.2872093023255814,9.0,860.0,0.5350674715909092,0.1596573854456707,,,,,-0.040000000000000036,0.05486693017127797,0.1498550724637681,,
seoul,E_M,Linear,Y3 Surge,2023,300,0.72,0.5,0.4186046511627907,0.4186046511627907,0.0,0.0,84.0,216.0,84.0,216.0,0.0,0.0,,0.0,0.0,0.72,1.0,0.8372093023255814,2.0,0.28,0.3646209386281588,8.0,1108.0,0.420028659611993,0.2359074450473217,,,,,300,0.72,0.5,0.4186046511627907,0.4186046511627907,0.0,0.0,84.0,216.0,84.0,216.0,0.0,0.0,,0.0,0.0,0.72,1.0,0.8372093023255814,2.0,0.28,0.3583032490974729,8.0,1108.0,0.3841490299823633,0.2226138254321373,,,,,0.0,0.0,0.0,,
seoul,E_M,Linear,Y3 Surge,2024,300,0.61,0.4866658694092323,0.4867745756020529,0.4867745756020529,165.0,56.0,61.0,18.0,226.0,74.0,221.0,0.0,0.746606334841629,0.7300884955752213,0.738255033557047,0.2278481012658227,0.2432432432432432,0.2352941176470588,2.0,0.7533333333333333,0.6337638376383764,12.0,1084.0,0.5115403013633102,0.7902351122455846,,,,,300,0.58,0.4667543649844534,0.4672754946727549,0.4672754946727549,156.0,56.0,70.0,18.0,226.0,74.0,212.0,0.0,0.7358490566037735,0.6902654867256637,0.7123287671232876,0.2045454545454545,0.2432432432432432,0.2222222222222222,2.0,0.7533333333333333,0.6439114391143912,12.0,1084.0,0.4888184644821813,0.7872804644641631,,,,,0.030000000000000027,0.019499080929297974,0.025926266433759393,,
seoul,E_M,Linear,Y3 Surge,2025,300,0.7966666666666666,0.7406478720520466,0.717239141519492,0.717239141519492,199.0,22.0,39.0,40.0,238.0,62.0,221.0,0.0,0.9004524886877828,0.8361344537815126,0.8671023965141612,0.5063291139240507,0.6451612903225806,0.5673758865248227,2.0,0.7933333333333333,0.62,9.0,850.0,0.8463675792897805,0.959662779487983,,,,,300,0.8233333333333334,0.7216725399837354,0.7256681447229938,0.7256681447229938,213.0,28.0,25.0,34.0,238.0,62.0,241.0,0.0,0.8838174273858921,0.8949579831932774,0.8893528183716075,0.576271186440678,0.5483870967741935,0.5619834710743802,2.0,0.7933333333333333,0.6564705882352941,9.0,850.0,0.8668338303063161,0.9650477928539758,,,,,-0.026666666666666727,-0.008429003203501817,-0.0222504218574463,,
seoul,E_M,Linear,Y4 Drop,2018,300,0.64,0.6045727136431784,0.6061077611359658,0.6061077611359658,52.0,44.0,64.0,140.0,116.0,184.0,96.0,0.0,0.5416666666666666,0.4482758620689655,0.490566037735849,0.6862745098039216,0.7608695652173914,0.7216494845360825,2.0,0.3866666666666666,0.5651840490797546,12.0,1304.0,0.625,0.4992814757222379,,,,,300,0.6233333333333333,0.5957646176911544,0.5967693972951433,0.5967693972951433,55.0,52.0,61.0,132.0,116.0,184.0,107.0,0.0,0.514018691588785,0.4741379310344827,0.4932735426008968,0.6839378238341969,0.717391304347826,0.7002652519893899,2.0,0.3866666666666666,0.5851226993865031,12.0,1304.0,0.6058845577211394,0.4644371587128119,,,,,0.01666666666666672,0.009338363840822428,-0.002707504865047783,,
seoul,E_M,Linear,Y4 Drop,2019,300,0.3233333333333333,0.2936507936507936,0.2807454736568601,0.2807454736568601,12.0,167.0,36.0,85.0,48.0,252.0,179.0,0.0,0.0670391061452514,0.25,0.105726872246696,0.7024793388429752,0.3373015873015873,0.4557640750670241,2.0,0.16,0.6482213438735178,5.0,506.0,0.2385085978835978,0.1030077058322274,,,,,300,0.3366666666666666,0.2931547619047619,0.2872407741257656,0.2872407741257656,11.0,162.0,37.0,90.0,48.0,252.0,173.0,0.0,0.0635838150289017,0.2291666666666666,0.0995475113122171,0.7086614173228346,0.3571428571428571,0.4749340369393139,2.0,0.16,0.6679841897233202,5.0,506.0,0.2487599206349206,0.1066063195736529,,,,,-0.013333333333333308,-0.006495300468905507,0.006179360934478892,,
seoul,E_M,Linear,Y4 Drop,2020,300,0.89,0.89,0.4708994708994709,0.4708994708994709,0.0,33.0,0.0,267.0,0.0,300.0,33.0,0.0,0.0,,0.0,1.0,0.89,0.9417989417989416,1.0,0.0,,0.0,0.0,,,,,,,300,0.88,0.88,0.4680851063829787,0.4680851063829787,0.0,36.0,0.0,264.0,0.0,300.0,36.0,0.0,0.0,,0.0,1.0,0.88,0.9361702127659576,1.0,0.0,,0.0,0.0,,,,,,,0.010000000000000009,0.002814364516492196,0.0,,
seoul,E_M,Linear,Y4 Drop,2021,300,1.0,1.0,1.0,0.5,0.0,0.0,0.0,300.0,0.0,300.0,0.0,0.0,,,,1.0,1.0,1.0,1.0,0.0,,0.0,0.0,,,,,,,300,0.9933333333333332,0.9933333333333332,0.4983277591973244,0.4983277591973244,0.0,2.0,0.0,298.0,0.0,300.0,2.0,0.0,0.0,,0.0,1.0,0.9933333333333332,0.9966555183946488,1.0,0.0,,0.0,0.0,,,,,,,0.006666666666666821,0.5016722408026756,,,
seoul,E_M,Linear,Y4 Drop,2022,300,0.85,0.8648940345368916,0.8426114835324978,0.8426114835324978,95.0,36.0,9.0,160.0,104.0,196.0,131.0,0.0,0.7251908396946565,0.9134615384615384,0.8085106382978723,0.9467455621301776,0.8163265306122449,0.8767123287671232,2.0,0.3466666666666667,0.6996197718631179,5.0,526.0,0.935930141287284,0.9100555734485274,,,,,300,0.7333333333333333,0.7665816326530612,0.728985049008537,0.728985049008537,91.0,67.0,13.0,129.0,104.0,196.0,158.0,0.0,0.5759493670886076,0.875,0.6946564885496184,0.908450704225352,0.6581632653061225,0.7633136094674556,2.0,0.3466666666666667,0.6958174904942965,5.0,526.0,0.8511087127158556,0.7638689047669283,,,,,0.1166666666666667,0.11362643452396082,0.11385414974825392,,
seoul,E_M,Linear,Y4 Drop,2023,300,0.5566666666666666,0.684393718633641,0.5565434843011947,0.5565434843011947,86.0,132.0,1.0,81.0,87.0,213.0,218.0,0.0,0.3944954128440367,0.9885057471264368,0.5639344262295082,0.9878048780487804,0.380281690140845,0.5491525423728814,2.0,0.29,0.5753424657534246,6.0,292.0,0.9192704117424856,0.8343889386998272,,,,,300,0.56,0.6867411364740166,0.5599217638691323,0.5599217638691323,86.0,131.0,1.0,82.0,87.0,213.0,217.0,0.0,0.3963133640552995,0.9885057471264368,0.5657894736842105,0.9879518072289156,0.3849765258215962,0.5540540540540541,2.0,0.29,0.5342465753424658,6.0,292.0,0.9202957206842588,0.8448278876472691,,,,,-0.0033333333333334103,-0.00337827956793757,-0.00185504745470233,,
seoul,E_M,Linear,Y4 Drop,2024,300,0.9933333333333332,0.9933333333333332,0.4983277591973244,0.4983277591973244,0.0,2.0,0.0,298.0,0.0,300.0,2.0,0.0,0.0,,0.0,1.0,0.9933333333333332,0.9966555183946488,1.0,0.0,,0.0,0.0,,,,,,,300,0.9766666666666668,0.9766666666666668,0.4940978077571669,0.4940978077571669,0.0,7.0,0.0,293.0,0.0,300.0,7.0,0.0,0.0,,0.0,1.0,0.9766666666666668,0.988195615514334,1.0,0.0,,0.0,0.0,,,,,,,0.016666666666666385,0.004229951440157531,0.0,,
seoul,E_M,Linear,Y4 Drop,2025,300,1.0,1.0,1.0,0.5,0.0,0.0,0.0,300.0,0.0,300.0,0.0,0.0,,,,1.0,1.0,1.0,1.0,0.0,,0.0,0.0,,,,,,,300,1.0,1.0,1.0,0.5,0.0,0.0,0.0,300.0,0.0,300.0,0.0,0.0,,,,1.0,1.0,1.0,1.0,0.0,,0.0,0.0,,,,,,,0.0,0.0,,,
seoul,E_M,Random Forest,Y1 Growth,2018,300,,,,,,,,,,,,,,,,,,,,,,,,,,0.0,0.3354129713536596,0.4765225313280619,0.0955920890672404,300,,,,,,,,,,,,,,,,,,,,,,,,,,0.0,0.3400611235313557,0.4817554296159929,0.0756196426006905,,,,-0.0046481521776960966,0.0199724464665499
seoul,E_M,Random Forest,Y1 Growth,2019,300,,,,,,,,,,,,,,,,,,,,,,,,,,0.0,0.5267312161155295,0.6751380840340694,-0.7899346786172983,300,,,,,,,,,,,,,,,,,,,,,,,,,,0.0,0.5261809426540621,0.6747960003105617,-0.7881212647097493,,,,0.0005502734614674099,-0.0018134139075489664
seoul,E_M,Random Forest,Y1 Growth,2020,300,,,,,,,,,,,,,,,,,,,,,,,,,,0.0,0.7626746230993274,0.9676201017178554,-1.8667002778876856,300,,,,,,,,,,,,,,,,,,,,,,,,,,0.0,0.7698642272688673,0.9671649689993173,-1.8640041324888204,,,,-0.007189604169539843,-0.0026961453988652018
seoul,E_M,Random Forest,Y1 Growth,2021,300,,,,,,,,,,,,,,,,,,,,,,,,,,0.0,0.8557496877105033,1.1153353290685737,-1.5084057489647495,300,,,,,,,,,,,,,,,,,,,,,,,,,,0.0,0.8295252938561519,1.0891113357919573,-1.391836153286254,,,,0.02622439385435138,-0.11656959567849556
seoul,E_M,Random Forest,Y1 Growth,2022,300,,,,,,,,,,,,,,,,,,,,,,,,,,0.0,0.9011475207179191,1.4503614431222356,-0.1309852668224322,300,,,,,,,,,,,,,,,,,,,,,,,,,,0.0,0.9082237659192048,1.452707053837455,-0.1346464181133426,,,,-0.007076245201285691,0.0036611512909104083
seoul,E_M,Random Forest,Y1 Growth,2023,300,,,,,,,,,,,,,,,,,,,,,,,,,,0.0,1.286046926833091,1.556331318425802,-0.8672727360486396,300,,,,,,,,,,,,,,,,,,,,,,,,,,0.0,1.2476478634762929,1.5163238786439743,-0.7725054964892586,,,,0.0383990633567981,-0.09476723955938104
seoul,E_M,Random Forest,Y1 Growth,2024,300,,,,,,,,,,,,,,,,,,,,,,,,,,0.0,0.7684353711374272,0.9662131811751892,-0.8941551942110326,300,,,,,,,,,,,,,,,,,,,,,,,,,,0.0,0.7637960592575634,0.96815240893926,-0.901766111843508,,,,0.004639311879863772,0.007610917632475345
seoul,E_M,Random Forest,Y1 Growth,2025,300,,,,,,,,,,,,,,,,,,,,,,,,,,0.0,1.3473424857695069,1.79950814062423,-0.50942621323581,300,,,,,,,,,,,,,,,,,,,,,,,,,,0.0,1.3737621115267922,1.8238470181879896,-0.5505332061252257,,,,-0.026419625757285292,0.04110699288941566
seoul,E_M,Random Forest,Y2 Direction,2018,300,0.5566666666666666,0.5418331374853114,0.5400629387557492,0.5400629387557492,55.0,73.0,60.0,112.0,115.0,185.0,128.0,0.0,0.4296875,0.4782608695652174,0.4526748971193415,0.6511627906976745,0.6054054054054054,0.6274509803921569,2.0,0.3833333333333333,0.5962603878116344,12.0,1444.0,0.5483901292596944,0.4029027449657517,,,,,300,0.5766666666666667,0.5679200940070506,0.5640682387670339,0.5640682387670339,61.0,73.0,54.0,112.0,115.0,185.0,134.0,0.0,0.4552238805970149,0.5304347826086957,0.4899598393574297,0.6746987951807228,0.6054054054054054,0.6381766381766382,2.0,0.3833333333333333,0.6052631578947368,12.0,1444.0,0.553090481786134,0.4050869576490238,,,,,-0.020000000000000018,-0.024005300011284758,-0.0372849422380882,,
seoul,E_M,Random Forest,Y2 Direction,2019,300,0.3,0.3781433607520564,0.2546495669868913,0.2546495669868913,8.0,33.0,177.0,82.0,185.0,115.0,41.0,0.0,0.1951219512195122,0.0432432432432432,0.0707964601769911,0.3166023166023166,0.7130434782608696,0.4385026737967914,2.0,0.6166666666666667,0.5586666666666666,12.0,750.0,0.3092361927144536,0.4891045093650053,,,,,300,0.3266666666666666,0.4112808460634547,0.2751196172248804,0.2751196172248804,9.0,26.0,176.0,89.0,185.0,115.0,35.0,0.0,0.2571428571428571,0.0486486486486486,0.0818181818181818,0.3358490566037735,0.7739130434782608,0.4684210526315789,2.0,0.6166666666666667,0.528,12.0,750.0,0.3176028202115158,0.497749712155399,,,,,-0.026666666666666616,-0.02047005023798909,-0.01102172164119071,,
seoul,E_M,Random Forest,Y2 Direction,2020,300,0.85,0.4336734693877551,0.4594594594594595,0.4594594594594595,255.0,6.0,39.0,0.0,294.0,6.0,261.0,0.0,0.9770114942528736,0.8673469387755102,0.918918918918919,0.0,0.0,0.0,2.0,0.98,0.6764705882352942,3.0,136.0,0.3900226757369615,0.9772287608506716,,,,,300,0.87,0.4438775510204081,0.46524064171123,0.46524064171123,261.0,6.0,33.0,0.0,294.0,6.0,267.0,0.0,0.9775280898876404,0.8877551020408163,0.93048128342246,0.0,0.0,0.0,2.0,0.98,0.5882352941176471,3.0,136.0,0.451814058956916,0.9802671833710216,,,,,-0.020000000000000018,-0.005781182251770489,-0.011562364503540978,,
seoul,E_M,Random Forest,Y2 Direction,2021,300,0.97,0.97,0.4923857868020304,0.4923857868020304,291.0,0.0,9.0,0.0,300.0,0.0,291.0,0.0,1.0,0.97,0.9847715736040608,0.0,,0.0,1.0,1.0,,0.0,0.0,,,,,,,300,0.97,0.97,0.4923857868020304,0.4923857868020304,291.0,0.0,9.0,0.0,300.0,0.0,291.0,0.0,1.0,0.97,0.9847715736040608,0.0,,0.0,1.0,1.0,,0.0,0.0,,,,,,,0.0,0.0,0.0,,
seoul,E_M,Random Forest,Y2 Direction,2022,300,0.5466666666666666,0.4671004398826979,0.360060229625447,0.360060229625447,163.0,123.0,13.0,1.0,176.0,124.0,286.0,0.0,0.5699300699300699,0.9261363636363636,0.7056277056277056,0.0714285714285714,0.0080645161290322,0.0144927536231884,2.0,0.5866666666666667,0.5186721991701245,6.0,482.0,0.1618401759530791,0.410941458987675,,,,,300,0.5866666666666667,0.5,0.3697478991596639,0.3697478991596639,176.0,124.0,0.0,0.0,176.0,124.0,300.0,0.0,0.5866666666666667,1.0,0.7394957983193278,,0.0,0.0,2.0,0.5866666666666667,0.5373443983402489,6.0,482.0,0.189791055718475,0.4282150911102234,,,,,-0.040000000000000036,-0.009687669534216903,-0.033868092691622165,,
seoul,E_M,Random Forest,Y2 Direction,2023,300,0.29,0.362079982959689,0.2893604243819437,0.2893604243819437,39.0,41.0,172.0,48.0,211.0,89.0,80.0,0.0,0.4875,0.1848341232227488,0.268041237113402,0.2181818181818181,0.5393258426966292,0.3106796116504854,2.0,0.7033333333333334,0.5,8.0,340.0,0.2479365248415783,0.606698257568252,,,,,300,0.2,0.2428776825177059,0.1999644428641273,0.1999644428641273,29.0,58.0,182.0,31.0,211.0,89.0,87.0,0.0,0.3333333333333333,0.1374407582938388,0.1946308724832214,0.1455399061032863,0.348314606741573,0.2052980132450331,2.0,0.7033333333333334,0.6441176470588236,8.0,340.0,0.2245593482081047,0.6172900725815644,,,,,0.08999999999999997,0.08939598151781641,0.07341036463018061,,
seoul,E_M,Random Forest,Y2 Direction,2024,300,0.9966666666666668,0.5,0.4991652754590985,0.4991652754590985,299.0,1.0,0.0,0.0,299.0,1.0,300.0,0.0,0.9966666666666668,1.0,0.998330550918197,,0.0,0.0,2.0,0.9966666666666668,0.9583333333333334,1.0,24.0,0.9264214046822744,0.9997457203383646,,,,,300,0.9966666666666668,0.5,0.4991652754590985,0.4991652754590985,299.0,1.0,0.0,0.0,299.0,1.0,300.0,0.0,0.9966666666666668,1.0,0.998330550918197,,0.0,0.0,2.0,0.9966666666666668,0.9166666666666666,1.0,24.0,0.8127090301003345,0.9993102601689368,,,,,0.0,0.0,0.0,,
seoul,E_M,Random Forest,Y2 Direction,2025,300,1.0,1.0,1.0,0.5,300.0,0.0,0.0,0.0,300.0,0.0,300.0,0.0,1.0,1.0,1.0,,,,1.0,1.0,,0.0,0.0,,,,,,,300,1.0,1.0,1.0,0.5,300.0,0.0,0.0,0.0,300.0,0.0,300.0,0.0,1.0,1.0,1.0,,,,1.0,1.0,,0.0,0.0,,,,,,,0.0,0.0,0.0,,
seoul,E_M,Random Forest,Y3 Surge,2018,300,0.81,0.549673202614379,0.5555093447012035,0.5555093447012035,8.0,20.0,37.0,235.0,45.0,255.0,28.0,0.0,0.2857142857142857,0.1777777777777777,0.2191780821917808,0.8639705882352942,0.9215686274509804,0.8918406072106262,2.0,0.15,0.6550480769230769,9.0,832.0,0.6562962962962963,0.2477540321245917,,,,,300,0.8333333333333334,0.5633986928104575,0.5743956418113721,0.5743956418113721,8.0,13.0,37.0,242.0,45.0,255.0,21.0,0.0,0.3809523809523809,0.1777777777777777,0.2424242424242424,0.8673835125448028,0.9490196078431372,0.906367041198502,2.0,0.15,0.6514423076923077,9.0,832.0,0.6291067538126361,0.2507530683207279,,,,,-0.023333333333333317,-0.01888629711016865,-0.023246160232461593,,
seoul,E_M,Random Forest,Y3 Surge,2019,300,0.7166666666666667,0.4948168423504746,0.4494699799218463,0.4494699799218463,3.0,11.0,74.0,212.0,77.0,223.0,14.0,0.0,0.2142857142857142,0.0389610389610389,0.0659340659340659,0.7412587412587412,0.9506726457399104,0.8330058939096268,2.0,0.2566666666666666,0.6089108910891089,8.0,1010.0,0.3645681672587502,0.2017574595603142,,,,,300,0.6933333333333334,0.4833731291130394,0.4479999999999999,0.4479999999999999,4.0,19.0,73.0,204.0,77.0,223.0,23.0,0.0,0.1739130434782608,0.0519480519480519,0.08,0.7364620938628159,0.9147982062780268,0.816,2.0,0.2566666666666666,0.6336633663366337,8.0,1010.0,0.412847242443655,0.2215458551583838,,,,,0.023333333333333317,0.0014699799218463871,-0.014065934065934108,,
seoul,E_M,Random Forest,Y3 Surge,2020,300,0.3433333333333333,0.5518648018648018,0.3406887627037338,0.3406887627037338,42.0,5.0,192.0,61.0,234.0,66.0,47.0,0.0,0.8936170212765957,0.1794871794871795,0.298932384341637,0.2411067193675889,0.9242424242424242,0.3824451410658307,2.0,0.78,0.5950520833333334,6.0,768.0,0.5867650867650868,0.8379557728316557,,,,,300,0.37,0.5798368298368298,0.368421052631579,0.368421052631579,48.0,3.0,186.0,63.0,234.0,66.0,51.0,0.0,0.9411764705882352,0.2051282051282051,0.3368421052631579,0.253012048192771,0.9545454545454546,0.4,2.0,0.78,0.5885416666666666,6.0,768.0,0.6414788914788916,0.868342188241134,,,,,-0.026666666666666672,-0.027732289927845155,-0.037909720921520895,,
seoul,E_M,Random Forest,Y3 Surge,2021,300,0.55,0.6264714191543459,0.4871794871794871,0.4871794871794871,135.0,11.0,124.0,30.0,259.0,41.0,146.0,0.0,0.9246575342465754,0.5212355212355212,0.6666666666666666,0.1948051948051948,0.7317073170731707,0.3076923076923077,2.0,0.8633333333333333,0.7105911330049262,12.0,812.0,0.645635182220548,0.9245787461760668,,,,,300,0.4933333333333333,0.6039175063565307,0.4479686213742676,0.4479686213742676,117.0,10.0,142.0,31.0,259.0,41.0,127.0,0.0,0.9212598425196852,0.4517374517374517,0.6062176165803109,0.1791907514450867,0.7560975609756098,0.2897196261682243,2.0,0.8633333333333333,0.7401477832512315,12.0,812.0,0.6585365853658537,0.9259355461328712,,,,,0.056666666666666754,0.03921086580521954,0.060449050086355705,,
seoul,E_M,Random Forest,Y3 Surge,2022,300,0.8033333333333333,0.4895241477272727,0.476811208654784,0.476811208654784,2.0,17.0,42.0,239.0,44.0,256.0,19.0,0.0,0.1052631578947368,0.0454545454545454,0.0634920634920634,0.8505338078291815,0.93359375,0.8901303538175046,2.0,0.1466666666666666,0.5837209302325581,9.0,860.0,0.5532670454545454,0.1604573120575559,,,,,300,0.8133333333333334,0.5424360795454546,0.5471698113207547,0.5471698113207547,7.0,19.0,37.0,237.0,44.0,256.0,26.0,0.0,0.2692307692307692,0.1590909090909091,0.2,0.864963503649635,0.92578125,0.8943396226415095,2.0,0.1466666666666666,0.6255813953488372,9.0,860.0,0.618075284090909,0.1953413367870228,,,,,-0.010000000000000009,-0.07035860266597072,-0.1365079365079366,,
seoul,E_M,Random Forest,Y3 Surge,2023,300,0.72,0.5,0.4186046511627907,0.4186046511627907,0.0,0.0,84.0,216.0,84.0,216.0,0.0,0.0,,0.0,0.0,0.72,1.0,0.8372093023255814,2.0,0.28,0.5153429602888087,8.0,1108.0,0.4508928571428571,0.2580691129523785,,,,,300,0.72,0.5,0.4186046511627907,0.4186046511627907,0.0,0.0,84.0,216.0,84.0,216.0,0.0,0.0,,0.0,0.0,0.72,1.0,0.8372093023255814,2.0,0.28,0.5550541516245487,8.0,1108.0,0.5882936507936508,0.3489754115222503,,,,,0.0,0.0,0.0,,
seoul,E_M,Random Forest,Y3 Surge,2024,300,0.6166666666666667,0.600155465199713,0.5676637551849021,0.5676637551849021,143.0,32.0,83.0,42.0,226.0,74.0,175.0,0.0,0.8171428571428572,0.6327433628318584,0.713216957605985,0.336,0.5675675675675675,0.4221105527638191,2.0,0.7533333333333333,0.6439114391143912,12.0,1084.0,0.5792872518536235,0.7966296487640476,,,,,300,0.61,0.5730088495575221,0.5506854926458352,0.5506854926458352,146.0,37.0,80.0,37.0,226.0,74.0,183.0,0.0,0.7978142076502732,0.6460176991150443,0.7139364303178484,0.3162393162393162,0.5,0.387434554973822,2.0,0.7533333333333333,0.6522140221402214,12.0,1084.0,0.5673283903372399,0.8128317641335123,,,,,0.00666666666666671,0.01697826253906687,-0.0007194727118633448,,
seoul,E_M,Random Forest,Y3 Surge,2025,300,0.74,0.5319869883437246,0.532,0.532,211.0,51.0,27.0,11.0,238.0,62.0,262.0,0.0,0.8053435114503816,0.8865546218487395,0.844,0.2894736842105263,0.1774193548387097,0.22,2.0,0.7933333333333333,0.7164705882352941,9.0,850.0,0.7014773651396042,0.9092344320364596,,,,,300,0.7333333333333333,0.5158579560856601,0.5121554597934792,0.5121554597934792,211.0,53.0,27.0,9.0,238.0,62.0,264.0,0.0,0.7992424242424242,0.8865546218487395,0.8406374501992032,0.25,0.1451612903225806,0.1836734693877551,2.0,0.7933333333333333,0.6811764705882353,9.0,850.0,0.6182569802114394,0.8760914560880151,,,,,0.00666666666666671,0.019844540206520822,0.0033625498007967547,,
seoul,E_M,Random Forest,Y4 Drop,2018,300,0.58,0.5413230884557722,0.5404590546586268,0.5404590546586268,43.0,53.0,73.0,131.0,116.0,184.0,96.0,0.0,0.4479166666666667,0.3706896551724138,0.4056603773584906,0.6421568627450981,0.7119565217391305,0.6752577319587629,2.0,0.3866666666666666,0.6763803680981595,12.0,1304.0,0.6174568965517241,0.5031311420147665,,,,,300,0.5866666666666667,0.543571964017991,0.5416687201222217,0.5416687201222217,41.0,49.0,75.0,135.0,116.0,184.0,90.0,0.0,0.4555555555555555,0.3534482758620689,0.3980582524271844,0.6428571428571429,0.7336956521739131,0.6852791878172588,2.0,0.3866666666666666,0.7154907975460123,12.0,1304.0,0.6776143178410794,0.570056052932896,,,,,-0.00666666666666671,-0.0012096654635949111,0.007602124931306187,,
seoul,E_M,Random Forest,Y4 Drop,2019,300,0.5133333333333333,0.5079365079365079,0.4439083845411609,0.4439083845411609,24.0,122.0,24.0,130.0,48.0,252.0,146.0,0.0,0.1643835616438356,0.5,0.2474226804123711,0.8441558441558441,0.5158730158730159,0.6403940886699507,2.0,0.16,0.741106719367589,5.0,506.0,0.4889219576719577,0.1910185861628625,,,,,300,0.5066666666666667,0.4871031746031746,0.4332107843137254,0.4332107843137254,22.0,122.0,26.0,130.0,48.0,252.0,144.0,0.0,0.1527777777777778,0.4583333333333333,0.2291666666666666,0.8333333333333334,0.5158730158730159,0.6372549019607843,2.0,0.16,0.7312252964426877,5.0,506.0,0.4692460317460318,0.2127610918123429,,,,,0.006666666666666599,0.010697600227435489,0.018256013745704486,,
seoul,E_M,Random Forest,Y4 Drop,2020,300,1.0,1.0,1.0,0.5,0.0,0.0,0.0,300.0,0.0,300.0,0.0,0.0,,,,1.0,1.0,1.0,1.0,0.0,,0.0,0.0,,,,,,,300,1.0,1.0,1.0,0.5,0.0,0.0,0.0,300.0,0.0,300.0,0.0,0.0,,,,1.0,1.0,1.0,1.0,0.0,,0.0,0.0,,,,,,,0.0,0.0,,,
seoul,E_M,Random Forest,Y4 Drop,2021,300,1.0,1.0,1.0,0.5,0.0,0.0,0.0,300.0,0.0,300.0,0.0,0.0,,,,1.0,1.0,1.0,1.0,0.0,,0.0,0.0,,,,,,,300,1.0,1.0,1.0,0.5,0.0,0.0,0.0,300.0,0.0,300.0,0.0,0.0,,,,1.0,1.0,1.0,1.0,0.0,,0.0,0.0,,,,,,,0.0,0.0,,,
seoul,E_M,Random Forest,Y4 Drop,2022,300,0.6533333333333333,0.5,0.3951612903225806,0.3951612903225806,0.0,0.0,104.0,196.0,104.0,196.0,0.0,0.0,,0.0,0.0,0.6533333333333333,1.0,0.7903225806451613,2.0,0.3466666666666667,0.5190114068441065,5.0,526.0,0.6122939560439561,0.5192776554867908,,,,,300,0.6633333333333333,0.5144230769230769,0.4256033060984626,0.4256033060984626,3.0,0.0,101.0,196.0,104.0,196.0,3.0,0.0,1.0,0.0288461538461538,0.0560747663551401,0.6599326599326599,1.0,0.795131845841785,2.0,0.3466666666666667,0.4790874524714829,5.0,526.0,0.6817602040816326,0.662905657920807,,,,,-0.010000000000000009,-0.03044201577588196,-0.0560747663551401,,
seoul,E_M,Random Forest,Y4 Drop,2023,300,0.2666666666666666,0.4393718633640925,0.2269490254872563,0.2269490254872563,74.0,207.0,13.0,6.0,87.0,213.0,281.0,0.0,0.2633451957295373,0.8505747126436781,0.4021739130434782,0.3157894736842105,0.028169014084507,0.0517241379310344,2.0,0.29,0.6643835616438356,6.0,292.0,0.2207112406238195,0.1928848154459208,,,,,300,0.3333333333333333,0.5271167233284766,0.2925863044708545,0.2925863044708545,86.0,199.0,1.0,14.0,87.0,213.0,285.0,0.0,0.3017543859649123,0.9885057471264368,0.4623655913978494,0.9333333333333332,0.0657276995305164,0.1228070175438596,2.0,0.29,0.7054794520547946,6.0,292.0,0.2641519615778965,0.1993569901818591,,,,,-0.06666666666666671,-0.0656372789835982,-0.06019167835437117,,
seoul,E_M,Random Forest,Y4 Drop,2024,300,1.0,1.0,1.0,0.5,0.0,0.0,0.0,300.0,0.0,300.0,0.0,0.0,,,,1.0,1.0,1.0,1.0,0.0,,0.0,0.0,,,,,,,300,1.0,1.0,1.0,0.5,0.0,0.0,0.0,300.0,0.0,300.0,0.0,0.0,,,,1.0,1.0,1.0,1.0,0.0,,0.0,0.0,,,,,,,0.0,0.0,,,
seoul,E_M,Random Forest,Y4 Drop,2025,300,1.0,1.0,1.0,0.5,0.0,0.0,0.0,300.0,0.0,300.0,0.0,0.0,,,,1.0,1.0,1.0,1.0,0.0,,0.0,0.0,,,,,,,300,1.0,1.0,1.0,0.5,0.0,0.0,0.0,300.0,0.0,300.0,0.0,0.0,,,,1.0,1.0,1.0,1.0,0.0,,0.0,0.0,,,,,,,0.0,0.0,,,
seoul,E_M,XGBoost,Y1 Growth,2018,300,,,,,,,,,,,,,,,,,,,,,,,,,,0.0,0.3395699096204593,0.4846223823679799,0.064584830105395,300,,,,,,,,,,,,,,,,,,,,,,,,,,0.0,0.3422709591956336,0.4909486786318591,0.0400034700814294,,,,-0.002701049575174308,0.024581360023965597
seoul,E_M,XGBoost,Y1 Growth,2019,300,,,,,,,,,,,,,,,,,,,,,,,,,,0.0,0.457468010354804,0.6106518454051254,-0.464331201237623,300,,,,,,,,,,,,,,,,,,,,,,,,,,0.0,0.4601515350702517,0.6174942742578278,-0.4973310765684142,,,,-0.0026835247154476938,0.032999875330791184
seoul,E_M,XGBoost,Y1 Growth,2020,300,,,,,,,,,,,,,,,,,,,,,,,,,,0.0,0.7371661188692594,0.9405759051067252,-1.7086957284394089,300,,,,,,,,,,,,,,,,,,,,,,,,,,0.0,0.7862499567429084,0.9895774692192536,-1.9982795450944584,,,,-0.049083837873649006,0.2895838166550495
seoul,E_M,XGBoost,Y1 Growth,2021,300,,,,,,,,,,,,,,,,,,,,,,,,,,0.0,0.863136514733136,1.1424686344349508,-1.6319367051447973,300,,,,,,,,,,,,,,,,,,,,,,,,,,0.0,0.8532271420721683,1.1236477140844725,-1.545934432034135,,,,0.009909372660967697,-0.08600227311066222
seoul,E_M,XGBoost,Y1 Growth,2022,300,,,,,,,,,,,,,,,,,,,,,,,,,,0.0,0.8458889972126172,1.3796983777639344,-0.023464452574275,300,,,,,,,,,,,,,,,,,,,,,,,,,,0.0,0.8326272850201715,1.3630494977611365,0.0010868967885263,,,,0.013261712192445763,-0.0245513493628013
seoul,E_M,XGBoost,Y1 Growth,2023,300,,,,,,,,,,,,,,,,,,,,,,,,,,0.0,1.502640046410073,1.8022437023257123,-1.503978960824225,300,,,,,,,,,,,,,,,,,,,,,,,,,,0.0,1.4217989065367704,1.7017649706981344,-1.2325582654002734,,,,0.08084113987330266,-0.27142069542395175
seoul,E_M,XGBoost,Y1 Growth,2024,300,,,,,,,,,,,,,,,,,,,,,,,,,,0.0,0.6457028123346717,0.8089070675427253,-0.3275989595156094,300,,,,,,,,,,,,,,,,,,,,,,,,,,0.0,0.6818035065107004,0.8605717621373534,-0.5026015293777228,,,,-0.03610069417602868,0.17500256986211343
seoul,E_M,XGBoost,Y1 Growth,2025,300,,,,,,,,,,,,,,,,,,,,,,,,,,0.0,1.3619995071952986,1.824030448228965,-0.5508451058283499,300,,,,,,,,,,,,,,,,,,,,,,,,,,0.0,1.403029875421292,1.872244634800836,-0.6339149479976764,,,,-0.041030368225993374,0.08306984216932656
seoul,E_M,XGBoost,Y2 Direction,2018,300,0.5833333333333334,0.5881316098707403,0.5775837792171219,0.5775837792171219,70.0,80.0,45.0,105.0,115.0,185.0,150.0,0.0,0.4666666666666667,0.6086956521739131,0.5283018867924528,0.7,0.5675675675675675,0.6268656716417911,2.0,0.3833333333333333,0.6530470914127424,12.0,1444.0,0.6290716803760281,0.5044989953240858,,,,,300,0.5533333333333333,0.5555816686251469,0.5468073593073592,0.5468073593073592,65.0,84.0,50.0,101.0,115.0,185.0,149.0,0.0,0.436241610738255,0.5652173913043478,0.4924242424242424,0.6688741721854304,0.5459459459459459,0.6011904761904762,2.0,0.3833333333333333,0.6544321329639889,12.0,1444.0,0.5996474735605171,0.4920864014192946,,,,,0.030000000000000027,0.030776419909762653,0.03587764436821045,,
seoul,E_M,XGBoost,Y2 Direction,2019,300,0.3966666666666666,0.4713278495887191,0.3688321651497716,0.3688321651497716,28.0,24.0,157.0,91.0,185.0,115.0,52.0,0.0,0.5384615384615384,0.1513513513513513,0.2362869198312236,0.3669354838709677,0.7913043478260869,0.5013774104683195,2.0,0.6166666666666667,0.5453333333333333,12.0,750.0,0.4143830787309048,0.5684793868653103,,,,,300,0.38,0.4528789659224442,0.3523376201309253,0.3523376201309253,26.0,27.0,159.0,88.0,185.0,115.0,53.0,0.0,0.490566037735849,0.1405405405405405,0.2184873949579832,0.3562753036437247,0.7652173913043478,0.4861878453038674,2.0,0.6166666666666667,0.528,12.0,750.0,0.4188249118683901,0.563281475372944,,,,,0.016666666666666607,0.016494545018846285,0.017799524873240408,,
seoul,E_M,XGBoost,Y2 Direction,2020,300,0.8666666666666667,0.4421768707482993,0.4642857142857143,0.4642857142857143,260.0,6.0,34.0,0.0,294.0,6.0,266.0,0.0,0.9774436090225564,0.8843537414965986,0.9285714285714286,0.0,0.0,0.0,2.0,0.98,0.75,3.0,136.0,0.5867346938775511,0.9873458449475506,,,,,300,0.8733333333333333,0.5272108843537415,0.4910714285714286,0.4910714285714286,261.0,5.0,33.0,1.0,294.0,6.0,266.0,0.0,0.981203007518797,0.8877551020408163,0.9321428571428572,0.0294117647058823,0.1666666666666666,0.05,2.0,0.98,0.7352941176470589,3.0,136.0,0.5850340136054422,0.9855694021563408,,,,,-0.006666666666666599,-0.0267857142857143,-0.0035714285714285587,,
seoul,E_M,XGBoost,Y2 Direction,2021,300,0.99,0.99,0.4974874371859296,0.4974874371859296,297.0,0.0,3.0,0.0,300.0,0.0,297.0,0.0,1.0,0.99,0.9949748743718592,0.0,,0.0,1.0,1.0,,0.0,0.0,,,,,,,300,1.0,1.0,1.0,0.5,300.0,0.0,0.0,0.0,300.0,0.0,300.0,0.0,1.0,1.0,1.0,,,,1.0,1.0,,0.0,0.0,,,,,,,-0.010000000000000009,-0.5025125628140704,-0.005025125628140836,,
seoul,E_M,XGBoost,Y2 Direction,2022,300,0.5866666666666667,0.5023826979472141,0.3842690677966102,0.3842690677966102,174.0,122.0,2.0,2.0,176.0,124.0,296.0,0.0,0.5878378378378378,0.9886363636363636,0.7372881355932204,0.5,0.0161290322580645,0.03125,2.0,0.5866666666666667,0.5394190871369294,6.0,482.0,0.3343108504398826,0.4794140382551287,,,,,300,0.5933333333333334,0.5080645161290323,0.387181032750653,0.387181032750653,176.0,122.0,0.0,2.0,176.0,124.0,298.0,0.0,0.5906040268456376,1.0,0.7426160337552743,1.0,0.0161290322580645,0.0317460317460317,2.0,0.5866666666666667,0.5414937759336099,6.0,482.0,0.3494318181818181,0.4748875137844657,,,,,-0.00666666666666671,-0.002911964954042834,-0.005327898162053923,,
seoul,E_M,XGBoost,Y2 Direction,2023,300,0.37,0.5456360828585122,0.3409352442724134,0.3409352442724134,24.0,2.0,187.0,87.0,211.0,89.0,26.0,0.0,0.9230769230769232,0.1137440758293838,0.2025316455696202,0.3175182481751825,0.9775280898876404,0.4793388429752066,2.0,0.7033333333333334,0.5852941176470589,8.0,340.0,0.3455455562064008,0.6888370793979761,,,,,300,0.38,0.5592417061611374,0.350437697895325,0.350437697895325,25.0,0.0,186.0,89.0,211.0,89.0,25.0,0.0,1.0,0.1184834123222748,0.211864406779661,0.3236363636363636,1.0,0.489010989010989,2.0,0.7033333333333334,0.6058823529411764,8.0,340.0,0.3999147984450716,0.7263603692854432,,,,,-0.010000000000000009,-0.009502453622911577,-0.009332761210040813,,
seoul,E_M,XGBoost,Y2 Direction,2024,300,0.9966666666666668,0.5,0.4991652754590985,0.4991652754590985,299.0,1.0,0.0,0.0,299.0,1.0,300.0,0.0,0.9966666666666668,1.0,0.998330550918197,,0.0,0.0,2.0,0.9966666666666668,0.9583333333333334,1.0,24.0,0.8494983277591973,0.9994574409114304,,,,,300,0.9966666666666668,0.5,0.4991652754590985,0.4991652754590985,299.0,1.0,0.0,0.0,299.0,1.0,300.0,0.0,0.9966666666666668,1.0,0.998330550918197,,0.0,0.0,2.0,0.9966666666666668,0.9166666666666666,1.0,24.0,0.8394648829431438,0.9994179387519944,,,,,0.0,0.0,0.0,,
seoul,E_M,XGBoost,Y2 Direction,2025,300,1.0,1.0,1.0,0.5,300.0,0.0,0.0,0.0,300.0,0.0,300.0,0.0,1.0,1.0,1.0,,,,1.0,1.0,,0.0,0.0,,,,,,,300,1.0,1.0,1.0,0.5,300.0,0.0,0.0,0.0,300.0,0.0,300.0,0.0,1.0,1.0,1.0,,,,1.0,1.0,,0.0,0.0,,,,,,,0.0,0.0,0.0,,
seoul,E_M,XGBoost,Y3 Surge,2018,300,0.79,0.565359477124183,0.568246716162193,0.568246716162193,11.0,29.0,34.0,226.0,45.0,255.0,40.0,0.0,0.275,0.2444444444444444,0.2588235294117647,0.8692307692307693,0.8862745098039215,0.8776699029126214,2.0,0.15,0.6069711538461539,9.0,832.0,0.61760348583878,0.2171728794889502,,,,,300,0.78,0.596078431372549,0.5907738095238095,0.5907738095238095,15.0,36.0,30.0,219.0,45.0,255.0,51.0,0.0,0.2941176470588235,0.3333333333333333,0.3125,0.8795180722891566,0.8588235294117647,0.8690476190476191,2.0,0.15,0.5925480769230769,9.0,832.0,0.6392156862745098,0.243087083845828,,,,,0.010000000000000009,-0.022527093361616513,-0.053676470588235325,,
seoul,E_M,XGBoost,Y3 Surge,2019,300,0.6766666666666666,0.489167782889756,0.4712071377950609,0.4712071377950609,8.0,28.0,69.0,195.0,77.0,223.0,36.0,0.0,0.2222222222222222,0.1038961038961039,0.1415929203539823,0.7386363636363636,0.874439461883408,0.8008213552361396,2.0,0.2566666666666666,0.7386138613861386,8.0,1010.0,0.4599033253741774,0.2525411316768202,,,,,300,0.67,0.4719294158756042,0.4450568956819073,0.4450568956819073,5.0,27.0,72.0,196.0,77.0,223.0,32.0,0.0,0.15625,0.0649350649350649,0.091743119266055,0.7313432835820896,0.8789237668161435,0.7983706720977597,2.0,0.2566666666666666,0.6346534653465347,8.0,1010.0,0.3673053403995108,0.204862107358368,,,,,0.006666666666666599,0.026150242113153588,0.0498498010879273,,
seoul,E_M,XGBoost,Y3 Surge,2020,300,0.62,0.614996114996115,0.5657914783403586,0.5657914783403586,146.0,26.0,88.0,40.0,234.0,66.0,172.0,0.0,0.8488372093023255,0.6239316239316239,0.7192118226600985,0.3125,0.6060606060606061,0.4123711340206185,2.0,0.78,0.7018229166666666,6.0,768.0,0.6428386428386429,0.8665340605361835,,,,,300,0.5233333333333333,0.5911033411033411,0.5013425393172228,0.5013425393172228,110.0,19.0,124.0,47.0,234.0,66.0,129.0,0.0,0.8527131782945736,0.4700854700854701,0.6060606060606061,0.2748538011695906,0.7121212121212122,0.3966244725738396,2.0,0.78,0.6875,6.0,768.0,0.6130536130536131,0.8593983647711199,,,,,0.09666666666666668,0.06444893902313575,0.11315121659949245,,
seoul,E_M,XGBoost,Y3 Surge,2021,300,0.56,0.5090874846972407,0.4543650793650793,0.4543650793650793,150.0,23.0,109.0,18.0,259.0,41.0,173.0,0.0,0.8670520231213873,0.5791505791505791,0.6944444444444444,0.1417322834645669,0.4390243902439024,0.2142857142857142,2.0,0.8633333333333333,0.6822660098522167,12.0,812.0,0.5325360203408983,0.8802581268208566,,,,,300,0.5133333333333333,0.5128543177323666,0.434517661640157,0.434517661640157,133.0,20.0,126.0,21.0,259.0,41.0,153.0,0.0,0.869281045751634,0.5135135135135135,0.6456310679611651,0.1428571428571428,0.5121951219512195,0.2234042553191489,2.0,0.8633333333333333,0.687192118226601,12.0,812.0,0.53498446181373,0.8859371447648056,,,,,0.046666666666666745,0.019847417724922323,0.048813376483279325,,
seoul,E_M,XGBoost,Y3 Surge,2022,300,0.8433333333333334,0.494140625,0.45750452079566,0.45750452079566,0.0,3.0,44.0,253.0,44.0,256.0,3.0,0.0,0.0,0.0,0.0,0.8518518518518519,0.98828125,0.91500904159132,2.0,0.1466666666666666,0.5720930232558139,9.0,860.0,0.5031072443181819,0.1404287981074214,,,,,300,0.84,0.4921875,0.4565217391304347,0.4565217391304347,0.0,4.0,44.0,252.0,44.0,256.0,4.0,0.0,0.0,0.0,0.0,0.8513513513513513,0.984375,0.9130434782608696,2.0,0.1466666666666666,0.6127906976744186,9.0,860.0,0.5347123579545454,0.1488071267701851,,,,,0.0033333333333334103,0.0009827816652253074,0.0,,
seoul,E_M,XGBoost,Y3 Surge,2023,300,0.72,0.5,0.4186046511627907,0.4186046511627907,0.0,0.0,84.0,216.0,84.0,216.0,0.0,0.0,,0.0,0.0,0.72,1.0,0.8372093023255814,2.0,0.28,0.4675090252707581,8.0,1108.0,0.6393298059964726,0.4189011181918248,,,,,300,0.72,0.5,0.4186046511627907,0.4186046511627907,0.0,0.0,84.0,216.0,84.0,216.0,0.0,0.0,,0.0,0.0,0.72,1.0,0.8372093023255814,2.0,0.28,0.4954873646209386,8.0,1108.0,0.6604938271604939,0.4458550135312505,,,,,0.0,0.0,0.0,,
seoul,E_M,XGBoost,Y3 Surge,2024,300,0.6266666666666667,0.4613728773020809,0.456099456099456,0.456099456099456,178.0,64.0,48.0,10.0,226.0,74.0,242.0,0.0,0.7355371900826446,0.7876106194690266,0.7606837606837606,0.1724137931034483,0.1351351351351351,0.1515151515151515,2.0,0.7533333333333333,0.6107011070110702,12.0,1084.0,0.4495037072470701,0.7565853084445109,,,,,300,0.6033333333333334,0.4549748863908156,0.4537191473734143,0.4537191473734143,169.0,62.0,57.0,12.0,226.0,74.0,231.0,0.0,0.7316017316017316,0.7477876106194691,0.7396061269146609,0.1739130434782608,0.1621621621621621,0.1678321678321678,2.0,0.7533333333333333,0.5931734317343174,12.0,1084.0,0.4380232001913418,0.7640900205531851,,,,,0.023333333333333317,0.0023803087260417244,0.02107763376909977,,
seoul,E_M,XGBoost,Y3 Surge,2025,300,0.79,0.515790187042559,0.4841562269712601,0.4841562269712601,234.0,59.0,4.0,3.0,238.0,62.0,293.0,0.0,0.7986348122866894,0.9831932773109244,0.8813559322033898,0.4285714285714285,0.0483870967741935,0.0869565217391304,2.0,0.7933333333333333,0.7505882352941177,9.0,850.0,0.7346841962591487,0.9072865753188386,,,,,300,0.7933333333333333,0.5119273515857956,0.4722505958461015,0.4722505958461015,236.0,60.0,2.0,2.0,238.0,62.0,296.0,0.0,0.7972972972972973,0.9915966386554622,0.8838951310861424,0.5,0.032258064516129,0.0606060606060606,2.0,0.7933333333333333,0.7423529411764705,9.0,850.0,0.658715098942803,0.875854956283114,,,,,-0.0033333333333332993,0.011905631125158578,-0.002539198882752558,,
seoul,E_M,XGBoost,Y4 Drop,2018,300,0.6,0.5719640179910045,0.5725683890577508,0.5725683890577508,52.0,56.0,64.0,128.0,116.0,184.0,108.0,0.0,0.4814814814814814,0.4482758620689655,0.4642857142857143,0.6666666666666666,0.6956521739130435,0.6808510638297872,2.0,0.3866666666666666,0.6656441717791411,12.0,1304.0,0.6684314092953524,0.5687690793696719,,,,,300,0.6033333333333334,0.5778673163418291,0.5783680362816076,0.5783680362816076,54.0,57.0,62.0,127.0,116.0,184.0,111.0,0.0,0.4864864864864865,0.4655172413793103,0.4757709251101321,0.671957671957672,0.6902173913043478,0.6809651474530831,2.0,0.3866666666666666,0.6840490797546013,12.0,1304.0,0.6685251124437781,0.5615805027456849,,,,,-0.0033333333333334103,-0.005799647223856841,-0.01148521082441778,,
seoul,E_M,XGBoost,Y4 Drop,2019,300,0.41,0.4379960317460317,0.3683910028428352,0.3683910028428352,23.0,152.0,25.0,100.0,48.0,252.0,175.0,0.0,0.1314285714285714,0.4791666666666667,0.2062780269058296,0.8,0.3968253968253968,0.5305039787798409,2.0,0.16,0.7351778656126482,5.0,506.0,0.4198082010582011,0.1717951038371973,,,,,300,0.42,0.4439484126984127,0.3755980861244019,0.3755980861244019,23.0,149.0,25.0,103.0,48.0,252.0,172.0,0.0,0.1337209302325581,0.4791666666666667,0.209090909090909,0.8046875,0.4087301587301587,0.5421052631578948,2.0,0.16,0.7312252964426877,5.0,506.0,0.4105489417989417,0.1603364356886799,,,,,-0.010000000000000009,-0.007207083281566662,-0.002812882185079385,,
seoul,E_M,XGBoost,Y4 Drop,2020,300,0.9866666666666668,0.9866666666666668,0.4966442953020134,0.4966442953020134,0.0,4.0,0.0,296.0,0.0,300.0,4.0,0.0,0.0,,0.0,1.0,0.9866666666666668,0.9932885906040269,1.0,0.0,,0.0,0.0,,,,,,,300,0.9766666666666668,0.9766666666666668,0.4940978077571669,0.4940978077571669,0.0,7.0,0.0,293.0,0.0,300.0,7.0,0.0,0.0,,0.0,1.0,0.9766666666666668,0.988195615514334,1.0,0.0,,0.0,0.0,,,,,,,0.010000000000000009,0.002546487544846543,0.0,,
seoul,E_M,XGBoost,Y4 Drop,2021,300,1.0,1.0,1.0,0.5,0.0,0.0,0.0,300.0,0.0,300.0,0.0,0.0,,,,1.0,1.0,1.0,1.0,0.0,,0.0,0.0,,,,,,,300,1.0,1.0,1.0,0.5,0.0,0.0,0.0,300.0,0.0,300.0,0.0,0.0,,,,1.0,1.0,1.0,1.0,0.0,,0.0,0.0,,,,,,,0.0,0.0,,,
seoul,E_M,XGBoost,Y4 Drop,2022,300,0.6633333333333333,0.5144230769230769,0.4256033060984626,0.4256033060984626,3.0,0.0,101.0,196.0,104.0,196.0,3.0,0.0,1.0,0.0288461538461538,0.0560747663551401,0.6599326599326599,1.0,0.795131845841785,2.0,0.3466666666666667,0.311787072243346,5.0,526.0,0.5362784536891679,0.4760128658701583,,,,,300,0.6566666666666666,0.5048076923076923,0.4054834054834055,0.4054834054834055,1.0,0.0,103.0,196.0,104.0,196.0,1.0,0.0,1.0,0.0096153846153846,0.019047619047619,0.6555183946488294,1.0,0.7919191919191919,2.0,0.3466666666666667,0.3136882129277566,5.0,526.0,0.5368426216640503,0.4876128664377196,,,,,0.00666666666666671,0.020119900615057085,0.0370271473075211,,
seoul,E_M,XGBoost,Y4 Drop,2023,300,0.3733333333333333,0.5586854460093896,0.3453735085194299,0.3453735085194299,87.0,188.0,0.0,25.0,87.0,213.0,275.0,0.0,0.3163636363636363,1.0,0.4806629834254143,1.0,0.1173708920187793,0.2100840336134453,2.0,0.29,0.547945205479452,6.0,292.0,0.3111542820139226,0.2069815667596737,,,,,300,0.37,0.5529383195726081,0.3428296572746555,0.3428296572746555,86.0,188.0,1.0,25.0,87.0,213.0,274.0,0.0,0.3138686131386861,0.9885057471264368,0.4764542936288088,0.9615384615384616,0.1173708920187793,0.209205020920502,2.0,0.29,0.5582191780821918,6.0,292.0,0.2681722519022179,0.1974636396593401,,,,,0.0033333333333332993,0.002543851244774409,0.0042086897966054915,,
seoul,E_M,XGBoost,Y4 Drop,2024,300,1.0,1.0,1.0,0.5,0.0,0.0,0.0,300.0,0.0,300.0,0.0,0.0,,,,1.0,1.0,1.0,1.0,0.0,,0.0,0.0,,,,,,,300,1.0,1.0,1.0,0.5,0.0,0.0,0.0,300.0,0.0,300.0,0.0,0.0,,,,1.0,1.0,1.0,1.0,0.0,,0.0,0.0,,,,,,,0.0,0.0,,,
seoul,E_M,XGBoost,Y4 Drop,2025,300,1.0,1.0,1.0,0.5,0.0,0.0,0.0,300.0,0.0,300.0,0.0,0.0,,,,1.0,1.0,1.0,1.0,0.0,,0.0,0.0,,,,,,,300,1.0,1.0,1.0,0.5,0.0,0.0,0.0,300.0,0.0,300.0,0.0,0.0,,,,1.0,1.0,1.0,1.0,0.0,,0.0,0.0,,,,,,,0.0,0.0,,,
seoul,Regression_sign,Extra Trees,Y2 Direction,2018,300,0.5633333333333334,0.5307873090481786,0.530796690504901,0.530796690504901,45.0,61.0,70.0,124.0,115.0,185.0,106.0,0.0,0.4245283018867924,0.391304347826087,0.4072398190045249,0.6391752577319587,0.6702702702702703,0.6543535620052771,2.0,0.3833333333333333,,0.0,0.0,,,,,,,300,0.5766666666666667,0.5317273795534665,0.5294844087681383,0.5294844087681383,39.0,51.0,76.0,134.0,115.0,185.0,90.0,0.0,0.4333333333333333,0.3391304347826087,0.3804878048780488,0.638095238095238,0.7243243243243244,0.6784810126582278,2.0,0.3833333333333333,,0.0,0.0,,,,,,,-0.013333333333333308,0.0013122817367626771,0.026752014126476098,,
seoul,Regression_sign,Extra Trees,Y2 Direction,2019,300,0.2766666666666666,0.3575793184488837,0.2227700903783473,0.2227700903783473,2.0,34.0,183.0,81.0,185.0,115.0,36.0,0.0,0.0555555555555555,0.0108108108108108,0.0180995475113122,0.3068181818181818,0.7043478260869566,0.4274406332453825,2.0,0.6166666666666667,,0.0,0.0,,,,,,,300,0.3166666666666666,0.4113983548766158,0.2440166685105284,0.2440166685105284,1.0,21.0,184.0,94.0,185.0,115.0,22.0,0.0,0.0454545454545454,0.0054054054054054,0.0096618357487922,0.3381294964028777,0.8173913043478261,0.4783715012722646,2.0,0.6166666666666667,,0.0,0.0,,,,,,,-0.03999999999999998,-0.021246578132181088,0.00843771176252,,
seoul,Regression_sign,Extra Trees,Y2 Direction,2020,300,0.75,0.7908163265306123,0.4860079954311821,0.4860079954311821,220.0,1.0,74.0,5.0,294.0,6.0,221.0,0.0,0.995475113122172,0.7482993197278912,0.8543689320388349,0.0632911392405063,0.8333333333333334,0.1176470588235294,2.0,0.98,,0.0,0.0,,,,,,,300,0.75,0.7908163265306123,0.4860079954311821,0.4860079954311821,220.0,1.0,74.0,5.0,294.0,6.0,221.0,0.0,0.995475113122172,0.7482993197278912,0.8543689320388349,0.0632911392405063,0.8333333333333334,0.1176470588235294,2.0,0.98,,0.0,0.0,,,,,,,0.0,0.0,0.0,,
seoul,Regression_sign,Extra Trees,Y2 Direction,2021,300,1.0,1.0,1.0,0.5,300.0,0.0,0.0,0.0,300.0,0.0,300.0,0.0,1.0,1.0,1.0,,,,1.0,1.0,,0.0,0.0,,,,,,,300,1.0,1.0,1.0,0.5,300.0,0.0,0.0,0.0,300.0,0.0,300.0,0.0,1.0,1.0,1.0,,,,1.0,1.0,,0.0,0.0,,,,,,,0.0,0.0,0.0,,
seoul,Regression_sign,Extra Trees,Y2 Direction,2022,300,0.5866666666666667,0.5,0.3697478991596639,0.3697478991596639,176.0,124.0,0.0,0.0,176.0,124.0,300.0,0.0,0.5866666666666667,1.0,0.7394957983193278,,0.0,0.0,2.0,0.5866666666666667,,0.0,0.0,,,,,,,300,0.5866666666666667,0.5,0.3697478991596639,0.3697478991596639,176.0,124.0,0.0,0.0,176.0,124.0,300.0,0.0,0.5866666666666667,1.0,0.7394957983193278,,0.0,0.0,2.0,0.5866666666666667,,0.0,0.0,,,,,,,0.0,0.0,0.0,,
seoul,Regression_sign,Extra Trees,Y2 Direction,2023,300,0.12,0.1567708610682145,0.1193737769080234,0.1193737769080234,14.0,67.0,197.0,22.0,211.0,89.0,81.0,0.0,0.1728395061728395,0.0663507109004739,0.0958904109589041,0.1004566210045662,0.247191011235955,0.1428571428571428,2.0,0.7033333333333334,,0.0,0.0,,,,,,,300,0.2,0.210394589701262,0.1971095945403452,0.1971095945403452,39.0,68.0,172.0,21.0,211.0,89.0,107.0,0.0,0.3644859813084112,0.1848341232227488,0.2452830188679245,0.1088082901554404,0.2359550561797752,0.1489361702127659,2.0,0.7033333333333334,,0.0,0.0,,,,,,,-0.08000000000000002,-0.07773581763232182,-0.1493926079090204,,
seoul,Regression_sign,Extra Trees,Y2 Direction,2024,300,0.9966666666666668,0.5,0.4991652754590985,0.4991652754590985,299.0,1.0,0.0,0.0,299.0,1.0,300.0,0.0,0.9966666666666668,1.0,0.998330550918197,,0.0,0.0,2.0,0.9966666666666668,,0.0,0.0,,,,,,,300,0.9966666666666668,0.5,0.4991652754590985,0.4991652754590985,299.0,1.0,0.0,0.0,299.0,1.0,300.0,0.0,0.9966666666666668,1.0,0.998330550918197,,0.0,0.0,2.0,0.9966666666666668,,0.0,0.0,,,,,,,0.0,0.0,0.0,,
seoul,Regression_sign,Extra Trees,Y2 Direction,2025,300,1.0,1.0,1.0,0.5,300.0,0.0,0.0,0.0,300.0,0.0,300.0,0.0,1.0,1.0,1.0,,,,1.0,1.0,,0.0,0.0,,,,,,,300,1.0,1.0,1.0,0.5,300.0,0.0,0.0,0.0,300.0,0.0,300.0,0.0,1.0,1.0,1.0,,,,1.0,1.0,,0.0,0.0,,,,,,,0.0,0.0,0.0,,
seoul,Regression_sign,Linear,Y2 Direction,2018,300,0.56,0.5873090481786134,0.5598239295718287,0.5598239295718287,81.0,98.0,34.0,87.0,115.0,185.0,179.0,0.0,0.4525139664804469,0.7043478260869566,0.5510204081632653,0.71900826446281,0.4702702702702703,0.5686274509803921,2.0,0.3833333333333333,,0.0,0.0,,,,,,,300,0.5466666666666666,0.5452408930669801,0.5384615384615384,0.5384615384615384,62.0,83.0,53.0,102.0,115.0,185.0,145.0,0.0,0.4275862068965517,0.5391304347826087,0.4769230769230769,0.6580645161290323,0.5513513513513514,0.6,2.0,0.3833333333333333,,0.0,0.0,,,,,,,0.01333333333333342,0.021362391110290258,0.07409733124018836,,
seoul,Regression_sign,Linear,Y2 Direction,2019,300,0.23,0.2753231492361927,0.2167632997660462,0.2167632997660462,15.0,61.0,170.0,54.0,185.0,115.0,76.0,0.0,0.1973684210526315,0.081081081081081,0.1149425287356321,0.2410714285714285,0.4695652173913043,0.3185840707964602,2.0,0.6166666666666667,,0.0,0.0,,,,,,,300,0.2266666666666666,0.27262044653349,0.2126696832579185,0.2126696832579185,14.0,61.0,171.0,54.0,185.0,115.0,75.0,0.0,0.1866666666666666,0.0756756756756756,0.1076923076923077,0.24,0.4695652173913043,0.3176470588235294,2.0,0.6166666666666667,,0.0,0.0,,,,,,,0.0033333333333334103,0.004093616508127701,0.007250221043324401,,
seoul,Regression_sign,Linear,Y2 Direction,2020,300,0.77,0.8826530612244898,0.5076000856347678,0.5076000856347678,225.0,0.0,69.0,6.0,294.0,6.0,225.0,0.0,1.0,0.7653061224489796,0.8670520231213873,0.08,1.0,0.1481481481481481,2.0,0.98,,0.0,0.0,,,,,,,300,0.77,0.8826530612244898,0.5076000856347678,0.5076000856347678,225.0,0.0,69.0,6.0,294.0,6.0,225.0,0.0,1.0,0.7653061224489796,0.8670520231213873,0.08,1.0,0.1481481481481481,2.0,0.98,,0.0,0.0,,,,,,,0.0,0.0,0.0,,
seoul,Regression_sign,Linear,Y2 Direction,2021,300,1.0,1.0,1.0,0.5,300.0,0.0,0.0,0.0,300.0,0.0,300.0,0.0,1.0,1.0,1.0,,,,1.0,1.0,,0.0,0.0,,,,,,,300,1.0,1.0,1.0,0.5,300.0,0.0,0.0,0.0,300.0,0.0,300.0,0.0,1.0,1.0,1.0,,,,1.0,1.0,,0.0,0.0,,,,,,,0.0,0.0,0.0,,
seoul,Regression_sign,Linear,Y2 Direction,2022,300,0.8866666666666667,0.8986436950146628,0.8858089651157584,0.8858089651157584,146.0,4.0,30.0,120.0,176.0,124.0,150.0,0.0,0.9733333333333334,0.8295454545454546,0.8957055214723927,0.8,0.967741935483871,0.8759124087591241,2.0,0.5866666666666667,,0.0,0.0,,,,,,,300,0.88,0.8905791788856305,0.8789454806312769,0.8789454806312769,146.0,6.0,30.0,118.0,176.0,124.0,152.0,0.0,0.9605263157894736,0.8295454545454546,0.8902439024390244,0.7972972972972973,0.9516129032258064,0.8676470588235294,2.0,0.5866666666666667,,0.0,0.0,,,,,,,0.00666666666666671,0.006863484484481486,0.005461619033368281,,
seoul,Regression_sign,Linear,Y2 Direction,2023,300,0.54,0.669737472708877,0.5389960358113224,0.5389960358113224,74.0,1.0,137.0,88.0,211.0,89.0,75.0,0.0,0.9866666666666668,0.3507109004739336,0.5174825174825175,0.3911111111111111,0.9887640449438202,0.5605095541401274,2.0,0.7033333333333334,,0.0,0.0,,,,,,,300,0.5033333333333333,0.6436711219979765,0.4998601398601399,0.4998601398601399,63.0,1.0,148.0,88.0,211.0,89.0,64.0,0.0,0.984375,0.2985781990521327,0.4581818181818182,0.3728813559322034,0.9887640449438202,0.5415384615384615,2.0,0.7033333333333334,,0.0,0.0,,,,,,,0.036666666666666736,0.0391358959511825,0.05930069930069931,,
seoul,Regression_sign,Linear,Y2 Direction,2024,300,0.9933333333333332,0.4983277591973244,0.4983277591973244,0.4983277591973244,298.0,1.0,1.0,0.0,299.0,1.0,299.0,0.0,0.9966555183946488,0.9966555183946488,0.9966555183946488,0.0,0.0,0.0,2.0,0.9966666666666668,,0.0,0.0,,,,,,,300,0.9866666666666668,0.4949832775919732,0.4966442953020134,0.4966442953020134,296.0,1.0,3.0,0.0,299.0,1.0,297.0,0.0,0.9966329966329966,0.9899665551839464,0.9932885906040269,0.0,0.0,0.0,2.0,0.9966666666666668,,0.0,0.0,,,,,,,0.0066666666666663765,0.0016834638953109882,0.0033669277906219763,,
seoul,Regression_sign,Linear,Y2 Direction,2025,300,0.9966666666666668,0.9966666666666668,0.4991652754590985,0.4991652754590985,299.0,0.0,1.0,0.0,300.0,0.0,299.0,0.0,1.0,0.9966666666666668,0.998330550918197,0.0,,0.0,1.0,1.0,,0.0,0.0,,,,,,,300,0.9966666666666668,0.9966666666666668,0.4991652754590985,0.4991652754590985,299.0,0.0,1.0,0.0,300.0,0.0,299.0,0.0,1.0,0.9966666666666668,0.998330550918197,0.0,,0.0,1.0,1.0,,0.0,0.0,,,,,,,0.0,0.0,0.0,,
seoul,Regression_sign,Random Forest,Y2 Direction,2018,300,0.6233333333333333,0.590951821386604,0.5921117541600991,0.5921117541600991,52.0,50.0,63.0,135.0,115.0,185.0,102.0,0.0,0.5098039215686274,0.4521739130434782,0.4792626728110599,0.6818181818181818,0.7297297297297297,0.7049608355091384,2.0,0.3833333333333333,,0.0,0.0,,,,,,,300,0.5933333333333334,0.5699177438307873,0.5699177438307873,0.5699177438307873,54.0,61.0,61.0,124.0,115.0,185.0,115.0,0.0,0.4695652173913043,0.4695652173913043,0.4695652173913043,0.6702702702702703,0.6702702702702703,0.6702702702702703,2.0,0.3833333333333333,,0.0,0.0,,,,,,,0.029999999999999916,0.022194010329311786,0.009697455419755585,,
seoul,Regression_sign,Random Forest,Y2 Direction,2019,300,0.3466666666666667,0.4505287896592245,0.2612694105231418,0.2612694105231418,1.0,12.0,184.0,103.0,185.0,115.0,13.0,0.0,0.0769230769230769,0.0054054054054054,0.0101010101010101,0.3588850174216028,0.8956521739130435,0.5124378109452736,2.0,0.6166666666666667,,0.0,0.0,,,,,,,300,0.3333333333333333,0.4331374853113984,0.2536942136424697,0.2536942136424697,1.0,16.0,184.0,99.0,185.0,115.0,17.0,0.0,0.0588235294117647,0.0054054054054054,0.0099009900990099,0.3498233215547703,0.8608695652173913,0.4974874371859296,2.0,0.6166666666666667,,0.0,0.0,,,,,,,0.013333333333333364,0.007575196880672097,0.00020002000200020076,,
seoul,Regression_sign,Random Forest,Y2 Direction,2020,300,0.7666666666666667,0.4727891156462585,0.4476010101010101,0.4476010101010101,229.0,5.0,65.0,1.0,294.0,6.0,234.0,0.0,0.9786324786324786,0.7789115646258503,0.8674242424242424,0.0151515151515151,0.1666666666666666,0.0277777777777777,2.0,0.98,,0.0,0.0,,,,,,,300,0.7866666666666666,0.4829931972789115,0.4552264215185563,0.4552264215185563,235.0,5.0,59.0,1.0,294.0,6.0,240.0,0.0,0.9791666666666666,0.7993197278911565,0.8801498127340824,0.0166666666666666,0.1666666666666666,0.0303030303030303,2.0,0.98,,0.0,0.0,,,,,,,-0.019999999999999907,-0.007625411417546191,-0.012725570309840006,,
seoul,Regression_sign,Random Forest,Y2 Direction,2021,300,0.9033333333333332,0.9033333333333332,0.4746059544658494,0.4746059544658494,271.0,0.0,29.0,0.0,300.0,0.0,271.0,0.0,1.0,0.9033333333333332,0.9492119089316988,0.0,,0.0,1.0,1.0,,0.0,0.0,,,,,,,300,0.8566666666666667,0.8566666666666667,0.4614003590664273,0.4614003590664273,257.0,0.0,43.0,0.0,300.0,0.0,257.0,0.0,1.0,0.8566666666666667,0.9228007181328546,0.0,,0.0,1.0,1.0,,0.0,0.0,,,,,,,0.04666666666666652,0.013205595399422121,0.026411190798844242,,
seoul,Regression_sign,Random Forest,Y2 Direction,2022,300,0.6333333333333333,0.560025659824047,0.4974415204678363,0.4974415204678363,173.0,107.0,3.0,17.0,176.0,124.0,280.0,0.0,0.6178571428571429,0.9829545454545454,0.7587719298245614,0.85,0.1370967741935483,0.2361111111111111,2.0,0.5866666666666667,,0.0,0.0,,,,,,,300,0.5966666666666667,0.532349706744868,0.4864103906393696,0.4864103906393696,159.0,104.0,17.0,20.0,176.0,124.0,263.0,0.0,0.6045627376425855,0.9034090909090908,0.724373576309795,0.5405405405405406,0.1612903225806451,0.2484472049689441,2.0,0.5866666666666667,,0.0,0.0,,,,,,,0.036666666666666625,0.011031129828466713,0.03439835351476639,,
seoul,Regression_sign,Random Forest,Y2 Direction,2023,300,0.3966666666666666,0.5710900473933649,0.3723921913105792,0.3723921913105792,30.0,0.0,181.0,89.0,211.0,89.0,30.0,0.0,1.0,0.1421800947867298,0.2489626556016597,0.3296296296296296,1.0,0.4958217270194986,2.0,0.7033333333333334,,0.0,0.0,,,,,,,300,0.3966666666666666,0.5483518824218542,0.3827791986359761,0.3827791986359761,37.0,7.0,174.0,82.0,211.0,89.0,44.0,0.0,0.8409090909090909,0.1753554502369668,0.2901960784313726,0.3203125,0.9213483146067416,0.4753623188405797,2.0,0.7033333333333334,,0.0,0.0,,,,,,,0.0,-0.01038700732539688,-0.041233422829712874,,
seoul,Regression_sign,Random Forest,Y2 Direction,2024,300,0.9966666666666668,0.5,0.4991652754590985,0.4991652754590985,299.0,1.0,0.0,0.0,299.0,1.0,300.0,0.0,0.9966666666666668,1.0,0.998330550918197,,0.0,0.0,2.0,0.9966666666666668,,0.0,0.0,,,,,,,300,0.9966666666666668,0.5,0.4991652754590985,0.4991652754590985,299.0,1.0,0.0,0.0,299.0,1.0,300.0,0.0,0.9966666666666668,1.0,0.998330550918197,,0.0,0.0,2.0,0.9966666666666668,,0.0,0.0,,,,,,,0.0,0.0,0.0,,
seoul,Regression_sign,Random Forest,Y2 Direction,2025,300,1.0,1.0,1.0,0.5,300.0,0.0,0.0,0.0,300.0,0.0,300.0,0.0,1.0,1.0,1.0,,,,1.0,1.0,,0.0,0.0,,,,,,,300,1.0,1.0,1.0,0.5,300.0,0.0,0.0,0.0,300.0,0.0,300.0,0.0,1.0,1.0,1.0,,,,1.0,1.0,,0.0,0.0,,,,,,,0.0,0.0,0.0,,
seoul,Regression_sign,XGBoost,Y2 Direction,2018,300,0.6,0.5654524089306698,0.5659722222222222,0.5659722222222222,48.0,53.0,67.0,132.0,115.0,185.0,101.0,0.0,0.4752475247524752,0.417391304347826,0.4444444444444444,0.6633165829145728,0.7135135135135136,0.6875,2.0,0.3833333333333333,,0.0,0.0,,,,,,,300,0.5833333333333334,0.5470035252643949,0.546964663243733,0.546964663243733,45.0,55.0,70.0,130.0,115.0,185.0,100.0,0.0,0.45,0.391304347826087,0.4186046511627907,0.65,0.7027027027027027,0.6753246753246753,2.0,0.3833333333333333,,0.0,0.0,,,,,,,0.016666666666666607,0.01900755897848916,0.0258397932816537,,
seoul,Regression_sign,XGBoost,Y2 Direction,2019,300,0.3433333333333333,0.4198589894242068,0.3066554042163798,0.3066554042163798,17.0,29.0,168.0,86.0,185.0,115.0,46.0,0.0,0.3695652173913043,0.0918918918918919,0.1471861471861472,0.3385826771653543,0.7478260869565218,0.4661246612466124,2.0,0.6166666666666667,,0.0,0.0,,,,,,,300,0.35,0.4351351351351351,0.3015675927363029,0.3015675927363029,13.0,23.0,172.0,92.0,185.0,115.0,36.0,0.0,0.3611111111111111,0.0702702702702702,0.1176470588235294,0.3484848484848485,0.8,0.4854881266490765,2.0,0.6166666666666667,,0.0,0.0,,,,,,,-0.006666666666666654,0.00508781148007692,0.029539088362617802,,
seoul,Regression_sign,XGBoost,Y2 Direction,2020,300,0.83,0.5867346938775511,0.4895746455379483,0.4895746455379483,247.0,4.0,47.0,2.0,294.0,6.0,251.0,0.0,0.9840637450199204,0.8401360544217688,0.906422018348624,0.0408163265306122,0.3333333333333333,0.0727272727272727,2.0,0.98,,0.0,0.0,,,,,,,300,0.67,0.5051020408163265,0.4198198902150769,0.4198198902150769,199.0,4.0,95.0,2.0,294.0,6.0,203.0,0.0,0.9802955665024632,0.6768707482993197,0.8008048289738431,0.0206185567010309,0.3333333333333333,0.0388349514563106,2.0,0.98,,0.0,0.0,,,,,,,0.15999999999999992,0.06975475532287145,0.10561718937478093,,
seoul,Regression_sign,XGBoost,Y2 Direction,2021,300,0.8766666666666667,0.8766666666666667,0.4671403197158081,0.4671403197158081,263.0,0.0,37.0,0.0,300.0,0.0,263.0,0.0,1.0,0.8766666666666667,0.9342806394316164,0.0,,0.0,1.0,1.0,,0.0,0.0,,,,,,,300,0.85,0.85,0.4594594594594595,0.4594594594594595,255.0,0.0,45.0,0.0,300.0,0.0,255.0,0.0,1.0,0.85,0.918918918918919,0.0,,0.0,1.0,1.0,,0.0,0.0,,,,,,,0.026666666666666727,0.007680860256348621,0.015361720512697463,,
seoul,Regression_sign,XGBoost,Y2 Direction,2022,300,0.6933333333333334,0.6611986803519061,0.663003663003663,0.663003663003663,149.0,65.0,27.0,59.0,176.0,124.0,214.0,0.0,0.6962616822429907,0.8465909090909091,0.764102564102564,0.686046511627907,0.4758064516129032,0.5619047619047619,2.0,0.5866666666666667,,0.0,0.0,,,,,,,300,0.7,0.6716458944281525,0.6744791666666667,0.6744791666666667,147.0,61.0,29.0,63.0,176.0,124.0,208.0,0.0,0.7067307692307693,0.8352272727272727,0.765625,0.6847826086956522,0.5080645161290323,0.5833333333333334,2.0,0.5866666666666667,,0.0,0.0,,,,,,,-0.006666666666666599,-0.011475503663003761,-0.0015224358974359475,,
seoul,Regression_sign,XGBoost,Y2 Direction,2023,300,0.4566666666666666,0.6137440758293838,0.4463252527768656,0.4463252527768656,48.0,0.0,163.0,89.0,211.0,89.0,48.0,0.0,1.0,0.2274881516587677,0.3706563706563706,0.3531746031746032,1.0,0.5219941348973607,2.0,0.7033333333333334,,0.0,0.0,,,,,,,300,0.4333333333333333,0.5971563981042654,0.4184455391351943,0.4184455391351943,41.0,0.0,170.0,89.0,211.0,89.0,41.0,0.0,1.0,0.1943127962085308,0.3253968253968254,0.3436293436293436,1.0,0.5114942528735632,2.0,0.7033333333333334,,0.0,0.0,,,,,,,0.023333333333333317,0.0278797136416713,0.045259545259545175,,
seoul,Regression_sign,XGBoost,Y2 Direction,2024,300,0.9966666666666668,0.5,0.4991652754590985,0.4991652754590985,299.0,1.0,0.0,0.0,299.0,1.0,300.0,0.0,0.9966666666666668,1.0,0.998330550918197,,0.0,0.0,2.0,0.9966666666666668,,0.0,0.0,,,,,,,300,0.9966666666666668,0.5,0.4991652754590985,0.4991652754590985,299.0,1.0,0.0,0.0,299.0,1.0,300.0,0.0,0.9966666666666668,1.0,0.998330550918197,,0.0,0.0,2.0,0.9966666666666668,,0.0,0.0,,,,,,,0.0,0.0,0.0,,
seoul,Regression_sign,XGBoost,Y2 Direction,2025,300,1.0,1.0,1.0,0.5,300.0,0.0,0.0,0.0,300.0,0.0,300.0,0.0,1.0,1.0,1.0,,,,1.0,1.0,,0.0,0.0,,,,,,,300,1.0,1.0,1.0,0.5,300.0,0.0,0.0,0.0,300.0,0.0,300.0,0.0,1.0,1.0,1.0,,,,1.0,1.0,,0.0,0.0,,,,,,,0.0,0.0,0.0,,
